feat0,feat1,feat2,feat3,feat4,feat5,feat6,feat7,feat8,feat9,feat10,feat11,feat12,feat13,feat14,feat15,feat16,feat17,feat18,feat19,feat20,feat21,feat22,feat23,feat24,feat25,feat26,feat27,feat28,feat29,feat30,feat31,feat32,feat33,feat34,feat35,feat36,feat37,feat38,feat39,feat40,feat41,feat42,feat43,feat44,feat45,feat46,feat47,feat48,feat49,feat50,feat51,feat52,feat53,feat54,feat55,feat56,feat57,feat58,feat59,feat60,feat61,feat62,feat63,feat64,feat65,feat66,feat67,feat68,feat69,feat70,feat71,feat72,feat73,feat74,inst
0.898,-0.94,-0.931,-0.876,0.888,0.807,0.271,0.976,0.226,-0.91,0.861,-0.083,-0.667,0.554,0.878,0.897,-0.825,-0.849,0.94,0.658,0.787,-0.102,0.814,-0.855,-0.88,-0.928,-0.05,0.94,0.807,-0.953,-0.648,-0.784,0.888,0.02,-0.868,-0.742,-0.769,0.577,0.218,0.962,0.754,-0.839,0.613,-0.589,-0.884,0.81,-0.975,-0.948,0.852,-0.924,-0.958,-0.749,-0.94,-0.576,-0.921,0.75,0.806,0.955,-0.94,0.697,-0.325,0.88,0.86,-0.426,-0.781,0.978,-0.719,-0.869,0.904,-0.091,0.827,0.832,-0.722,-0.866,-0.961,EssenceCatalog/problems/csplib-prob010-SocialGolfers/params/f33849f47d88d13302df40fba7ccf25c.param
0.966,-0.99,-0.89,-0.918,0.892,0.896,0.953,0.983,-0.899,0.76,0.984,0.885,0.419,0.98,0.934,0.983,0.725,-0.989,0.934,0.919,-0.673,-0.865,0.944,-0.964,0.838,-0.973,0.892,0.959,0.97,-0.981,-0.975,0.828,-0.669,0.91,-0.967,-0.982,-0.955,-0.962,0.917,0.973,0.937,0.807,0.662,-0.95,-0.802,0.984,-0.864,-0.992,0.99,-0.479,-0.974,-0.906,-0.916,0.794,-0.982,-0.779,-0.664,0.986,-0.987,0.981,-0.857,-0.733,0.975,0.932,-0.963,0.958,0.199,-0.921,0.959,-0.918,-0.819,-0.783,-0.985,0.762,-0.965,EssenceCatalog/problems/csplib-prob010-SocialGolfers/params/6a2549e67d3223a0ad546bab8addaca8.param
0.965,-0.987,-0.882,-0.9,0.874,0.888,0.949,0.979,-0.901,0.792,0.982,0.889,0.418,0.978,0.929,0.978,0.728,-0.988,0.922,0.91,-0.697,-0.873,0.933,-0.962,0.864,-0.967,0.893,0.955,0.963,-0.977,-0.974,0.85,-0.723,0.916,-0.963,-0.981,-0.952,-0.962,0.921,0.968,0.929,0.833,0.649,-0.945,-0.748,0.983,-0.831,-0.991,0.989,-0.437,-0.967,-0.902,-0.901,0.814,-0.978,-0.8,-0.712,0.982,-0.986,0.978,-0.853,-0.774,0.97,0.934,-0.958,0.946,0.225,-0.913,0.951,-0.921,-0.833,-0.808,-0.985,0.767,-0.959,EssenceCatalog/problems/csplib-prob010-SocialGolfers/params/698f637d91d9c4d603d09394703e31a1.param
0.927,-0.977,-0.948,-0.885,0.92,0.882,0.602,0.983,-0.143,-0.677,0.939,0.327,-0.435,0.842,0.932,0.957,-0.654,-0.951,0.929,0.783,0.51,-0.368,0.884,-0.893,-0.755,-0.957,0.225,0.961,0.897,-0.961,-0.832,-0.487,0.787,0.361,-0.929,-0.871,-0.882,-0.083,0.451,0.973,0.841,-0.533,0.76,-0.778,-0.885,0.893,-0.97,-0.975,0.955,-0.914,-0.975,-0.858,-0.936,-0.415,-0.946,0.544,0.689,0.975,-0.972,0.864,-0.543,0.787,0.93,0.214,-0.882,0.978,-0.562,-0.899,0.935,-0.439,0.529,0.698,-0.89,-0.738,-0.973,EssenceCatalog/problems/csplib-prob010-SocialGolfers/params/fb41f07f0a66d5e6444d0bda8b4ca8f4.param
0.931,-0.985,-0.934,-0.89,0.905,0.875,0.809,0.986,-0.391,-0.241,0.963,0.591,-0.198,0.923,0.939,0.969,-0.315,-0.966,0.935,0.846,0.033,-0.476,0.91,-0.909,-0.468,-0.965,0.486,0.965,0.926,-0.97,-0.892,-0.051,0.542,0.631,-0.945,-0.92,-0.901,-0.594,0.621,0.978,0.885,-0.088,0.746,-0.864,-0.868,0.935,-0.961,-0.985,0.973,-0.871,-0.978,-0.901,-0.936,-0.085,-0.966,0.193,0.417,0.977,-0.982,0.93,-0.65,0.499,0.956,0.63,-0.9,0.965,-0.343,-0.911,0.945,-0.637,0.138,0.334,-0.951,-0.42,-0.971,EssenceCatalog/problems/csplib-prob010-SocialGolfers/params/8540e210b6737c6614e699dbfe60fa9a.param
0.967,-0.989,-0.89,-0.907,0.883,0.894,0.952,0.981,-0.901,0.78,0.983,0.891,0.409,0.979,0.933,0.98,0.724,-0.989,0.929,0.915,-0.688,-0.875,0.938,-0.964,0.857,-0.97,0.894,0.958,0.966,-0.979,-0.975,0.845,-0.706,0.914,-0.966,-0.982,-0.954,-0.963,0.922,0.971,0.934,0.824,0.661,-0.947,-0.768,0.984,-0.843,-0.992,0.99,-0.46,-0.969,-0.906,-0.909,0.807,-0.98,-0.795,-0.704,0.984,-0.987,0.98,-0.857,-0.764,0.972,0.934,-0.961,0.952,0.215,-0.917,0.955,-0.924,-0.825,-0.8,-0.986,0.764,-0.963,EssenceCatalog/problems/csplib-prob010-SocialGolfers/params/11e2d0bc727ff716162ac35490084ff5.param
0.936,-0.986,-0.925,-0.899,0.902,0.874,0.875,0.986,-0.601,0.079,0.972,0.735,-0.009,0.952,0.933,0.974,0.04,-0.97,0.937,0.87,-0.251,-0.644,0.927,-0.928,-0.004,-0.97,0.654,0.965,0.945,-0.974,-0.927,0.285,0.216,0.754,-0.946,-0.94,-0.921,-0.801,0.729,0.976,0.89,0.247,0.723,-0.899,-0.855,0.957,-0.941,-0.987,0.979,-0.808,-0.978,-0.906,-0.93,0.201,-0.97,-0.139,0.089,0.979,-0.985,0.95,-0.711,0.125,0.961,0.791,-0.925,0.958,-0.187,-0.911,0.947,-0.75,-0.258,-0.049,-0.968,-0.001,-0.968,EssenceCatalog/problems/csplib-prob010-SocialGolfers/params/d13dc0e29200217cd5680bc3ab36f3ee.param
0.964,-0.987,-0.88,-0.898,0.871,0.886,0.949,0.978,-0.901,0.795,0.981,0.888,0.421,0.977,0.928,0.978,0.729,-0.988,0.92,0.909,-0.699,-0.872,0.932,-0.961,0.865,-0.966,0.892,0.954,0.962,-0.976,-0.974,0.851,-0.726,0.917,-0.963,-0.981,-0.951,-0.962,0.921,0.967,0.928,0.835,0.645,-0.944,-0.743,0.983,-0.828,-0.991,0.988,-0.431,-0.966,-0.901,-0.899,0.816,-0.977,-0.801,-0.713,0.981,-0.985,0.978,-0.851,-0.776,0.969,0.933,-0.957,0.944,0.228,-0.912,0.949,-0.92,-0.834,-0.811,-0.985,0.767,-0.958,EssenceCatalog/problems/csplib-prob010-SocialGolfers/params/24ba5db2410c2d9143dcbfd3630ca754.param
0.965,-0.988,-0.884,-0.901,0.876,0.889,0.95,0.98,-0.901,0.79,0.982,0.89,0.414,0.978,0.93,0.979,0.727,-0.988,0.924,0.911,-0.696,-0.874,0.934,-0.963,0.863,-0.968,0.893,0.955,0.964,-0.978,-0.974,0.85,-0.72,0.916,-0.964,-0.981,-0.952,-0.963,0.922,0.968,0.931,0.832,0.652,-0.945,-0.751,0.983,-0.833,-0.991,0.989,-0.442,-0.967,-0.903,-0.903,0.813,-0.978,-0.799,-0.712,0.982,-0.986,0.979,-0.854,-0.773,0.97,0.934,-0.958,0.947,0.222,-0.914,0.951,-0.922,-0.831,-0.807,-0.986,0.766,-0.96,EssenceCatalog/problems/csplib-prob010-SocialGolfers/params/33a4507e1fd88c2d9dd41cc0e6b7c2fb.param
0.909,-0.949,-0.935,-0.883,0.898,0.828,0.313,0.978,0.197,-0.897,0.882,-0.048,-0.64,0.605,0.894,0.91,-0.823,-0.874,0.939,0.685,0.762,-0.14,0.83,-0.866,-0.879,-0.936,-0.034,0.945,0.821,-0.955,-0.677,-0.772,0.878,0.061,-0.878,-0.767,-0.794,0.501,0.236,0.966,0.764,-0.813,0.646,-0.621,-0.892,0.831,-0.976,-0.955,0.88,-0.93,-0.961,-0.769,-0.941,-0.568,-0.924,0.74,0.804,0.959,-0.948,0.74,-0.378,0.878,0.866,-0.387,-0.799,0.98,-0.717,-0.879,0.908,-0.144,0.812,0.832,-0.756,-0.865,-0.964,EssenceCatalog/problems/csplib-prob010-SocialGolfers/params/97472111773a53cd9a2f2db4e3b7f6b0.param
0.966,-0.988,-0.888,-0.904,0.88,0.892,0.951,0.981,-0.901,0.784,0.983,0.891,0.41,0.978,0.932,0.98,0.725,-0.988,0.927,0.913,-0.691,-0.874,0.936,-0.963,0.86,-0.969,0.894,0.957,0.965,-0.979,-0.975,0.847,-0.712,0.914,-0.965,-0.982,-0.953,-0.963,0.922,0.97,0.933,0.827,0.657,-0.946,-0.761,0.983,-0.839,-0.991,0.989,-0.452,-0.968,-0.905,-0.906,0.809,-0.979,-0.797,-0.708,0.983,-0.986,0.979,-0.856,-0.768,0.972,0.934,-0.96,0.95,0.217,-0.915,0.953,-0.924,-0.827,-0.803,-0.986,0.765,-0.962,EssenceCatalog/problems/csplib-prob010-SocialGolfers/params/c735a9042cc214b4bd3f4bbb17e034f7.param
0.964,-0.99,-0.89,-0.926,0.897,0.895,0.953,0.984,-0.892,0.733,0.983,0.876,0.418,0.98,0.934,0.984,0.714,-0.989,0.936,0.92,-0.652,-0.852,0.947,-0.962,0.811,-0.975,0.887,0.959,0.972,-0.981,-0.975,0.806,-0.62,0.904,-0.967,-0.981,-0.955,-0.958,0.91,0.975,0.938,0.783,0.661,-0.95,-0.825,0.983,-0.88,-0.992,0.99,-0.501,-0.977,-0.904,-0.92,0.775,-0.983,-0.755,-0.611,0.987,-0.987,0.98,-0.852,-0.691,0.977,0.927,-0.964,0.961,0.176,-0.924,0.962,-0.909,-0.806,-0.757,-0.983,0.748,-0.966,EssenceCatalog/problems/csplib-prob010-SocialGolfers/params/967840dc3ea51917531581b772e73470.param
0.967,-0.989,-0.89,-0.907,0.884,0.894,0.952,0.982,-0.901,0.779,0.983,0.891,0.41,0.979,0.933,0.98,0.724,-0.989,0.93,0.915,-0.688,-0.875,0.938,-0.964,0.857,-0.971,0.894,0.958,0.966,-0.979,-0.975,0.844,-0.706,0.913,-0.966,-0.982,-0.954,-0.963,0.922,0.971,0.934,0.824,0.662,-0.947,-0.769,0.984,-0.844,-0.992,0.99,-0.46,-0.97,-0.906,-0.909,0.807,-0.98,-0.795,-0.703,0.984,-0.987,0.98,-0.858,-0.764,0.973,0.934,-0.961,0.952,0.215,-0.917,0.955,-0.924,-0.825,-0.8,-0.986,0.765,-0.963,EssenceCatalog/problems/csplib-prob010-SocialGolfers/params/41f525aa8f580ef7ea0ccc755d8aee12.param
0.926,-0.975,-0.949,-0.883,0.921,0.88,0.557,0.983,-0.085,-0.739,0.935,0.267,-0.477,0.812,0.93,0.952,-0.703,-0.945,0.929,0.764,0.57,-0.338,0.877,-0.892,-0.789,-0.955,0.172,0.96,0.887,-0.96,-0.812,-0.564,0.808,0.296,-0.921,-0.857,-0.875,0.023,0.408,0.973,0.83,-0.594,0.759,-0.76,-0.89,0.887,-0.972,-0.972,0.949,-0.92,-0.972,-0.847,-0.936,-0.461,-0.941,0.59,0.723,0.973,-0.97,0.849,-0.526,0.818,0.921,0.095,-0.877,0.979,-0.614,-0.897,0.93,-0.395,0.602,0.737,-0.874,-0.773,-0.973,EssenceCatalog/problems/csplib-prob010-SocialGolfers/params/cfc4e5a326c75518693a5e502ca57e0c.param
0.965,-0.988,-0.884,-0.902,0.876,0.889,0.95,0.98,-0.901,0.79,0.982,0.89,0.416,0.978,0.93,0.979,0.727,-0.988,0.924,0.911,-0.695,-0.874,0.934,-0.962,0.863,-0.968,0.893,0.955,0.964,-0.978,-0.974,0.849,-0.72,0.916,-0.964,-0.981,-0.953,-0.962,0.921,0.968,0.931,0.831,0.652,-0.945,-0.752,0.983,-0.834,-0.991,0.989,-0.443,-0.967,-0.903,-0.903,0.813,-0.978,-0.799,-0.711,0.982,-0.986,0.979,-0.854,-0.772,0.971,0.934,-0.958,0.947,0.223,-0.914,0.952,-0.922,-0.831,-0.807,-0.986,0.766,-0.96,EssenceCatalog/problems/csplib-prob010-SocialGolfers/params/b34e761447f20eda49e547b465963a91.param
0.957,-0.984,-0.859,-0.886,0.85,0.869,0.942,0.972,-0.897,0.808,0.978,0.882,0.442,0.974,0.919,0.973,0.737,-0.985,0.901,0.896,-0.713,-0.862,0.92,-0.956,0.872,-0.958,0.887,0.947,0.957,-0.971,-0.971,0.854,-0.742,0.919,-0.955,-0.978,-0.943,-0.96,0.917,0.96,0.919,0.845,0.618,-0.938,-0.709,0.98,-0.806,-0.989,0.986,-0.385,-0.959,-0.891,-0.879,0.822,-0.972,-0.802,-0.714,0.977,-0.983,0.974,-0.838,-0.783,0.964,0.929,-0.95,0.931,0.234,-0.901,0.94,-0.911,-0.842,-0.819,-0.983,0.771,-0.949,EssenceCatalog/problems/csplib-prob010-SocialGolfers/params/ord17-7-6-4.param
0.933,-0.983,-0.94,-0.884,0.909,0.878,0.755,0.985,-0.315,-0.372,0.955,0.518,-0.259,0.907,0.94,0.968,-0.436,-0.963,0.935,0.831,0.185,-0.442,0.908,-0.905,-0.584,-0.962,0.422,0.963,0.92,-0.968,-0.873,-0.198,0.649,0.557,-0.943,-0.909,-0.898,-0.48,0.581,0.977,0.881,-0.248,0.76,-0.841,-0.872,0.924,-0.964,-0.983,0.97,-0.891,-0.978,-0.893,-0.936,-0.206,-0.961,0.312,0.537,0.977,-0.979,0.914,-0.61,0.623,0.952,0.521,-0.895,0.97,-0.415,-0.907,0.945,-0.596,0.279,0.49,-0.939,-0.543,-0.974,EssenceCatalog/problems/csplib-prob010-SocialGolfers/params/881f5dfacb6777995498acb94f699642.param
0.966,-0.989,-0.888,-0.908,0.884,0.893,0.952,0.981,-0.9,0.777,0.983,0.889,0.411,0.978,0.932,0.98,0.725,-0.988,0.929,0.915,-0.687,-0.871,0.938,-0.963,0.854,-0.97,0.893,0.957,0.966,-0.979,-0.975,0.841,-0.699,0.913,-0.966,-0.982,-0.953,-0.962,0.92,0.971,0.934,0.821,0.658,-0.947,-0.772,0.983,-0.846,-0.992,0.989,-0.459,-0.97,-0.905,-0.908,0.805,-0.98,-0.792,-0.695,0.984,-0.987,0.979,-0.856,-0.757,0.972,0.933,-0.96,0.952,0.21,-0.917,0.955,-0.922,-0.824,-0.797,-0.985,0.763,-0.963,EssenceCatalog/problems/csplib-prob010-SocialGolfers/params/4e9f553f3f919e1e0a555200ccc2a810.param
0.904,-0.943,-0.933,-0.881,0.892,0.816,0.297,0.977,0.217,-0.906,0.87,-0.073,-0.649,0.583,0.886,0.904,-0.825,-0.859,0.941,0.667,0.776,-0.121,0.824,-0.862,-0.879,-0.931,-0.041,0.943,0.813,-0.954,-0.663,-0.782,0.884,0.041,-0.874,-0.756,-0.782,0.55,0.232,0.964,0.759,-0.832,0.628,-0.605,-0.888,0.821,-0.976,-0.952,0.863,-0.928,-0.96,-0.757,-0.942,-0.568,-0.924,0.744,0.805,0.958,-0.944,0.715,-0.344,0.88,0.864,-0.406,-0.789,0.979,-0.716,-0.875,0.907,-0.114,0.82,0.832,-0.738,-0.867,-0.963,EssenceCatalog/problems/csplib-prob010-SocialGolfers/params/ded5859998a52579eda29f00629c3e24.param
0.93,-0.98,-0.946,-0.885,0.917,0.882,0.674,0.984,-0.221,-0.553,0.946,0.413,-0.36,0.877,0.936,0.963,-0.566,-0.958,0.932,0.807,0.384,-0.405,0.895,-0.897,-0.69,-0.959,0.309,0.962,0.909,-0.964,-0.854,-0.36,0.738,0.457,-0.938,-0.89,-0.891,-0.266,0.515,0.975,0.86,-0.419,0.762,-0.809,-0.879,0.906,-0.968,-0.979,0.963,-0.906,-0.977,-0.877,-0.936,-0.333,-0.954,0.455,0.627,0.977,-0.976,0.887,-0.572,0.726,0.942,0.37,-0.888,0.976,-0.489,-0.902,0.941,-0.511,0.418,0.625,-0.916,-0.667,-0.974,EssenceCatalog/problems/csplib-prob010-SocialGolfers/params/69fe23b047501e014d73974222ae2ff3.param
0.965,-0.99,-0.889,-0.923,0.894,0.895,0.954,0.983,-0.897,0.751,0.983,0.881,0.424,0.98,0.933,0.983,0.726,-0.989,0.935,0.92,-0.667,-0.86,0.945,-0.963,0.829,-0.974,0.891,0.958,0.971,-0.981,-0.975,0.82,-0.651,0.908,-0.967,-0.982,-0.955,-0.961,0.914,0.974,0.938,0.799,0.659,-0.95,-0.814,0.983,-0.871,-0.992,0.99,-0.484,-0.975,-0.904,-0.918,0.788,-0.982,-0.771,-0.642,0.986,-0.987,0.981,-0.855,-0.717,0.976,0.93,-0.964,0.96,0.192,-0.923,0.961,-0.914,-0.816,-0.775,-0.984,0.761,-0.965,EssenceCatalog/problems/csplib-prob010-SocialGolfers/params/64f5ff113e3aec666513241d823c93a7.param
0.928,-0.979,-0.947,-0.885,0.919,0.883,0.638,0.984,-0.183,-0.617,0.942,0.371,-0.4,0.861,0.934,0.96,-0.611,-0.955,0.93,0.795,0.451,-0.388,0.889,-0.895,-0.724,-0.958,0.265,0.961,0.904,-0.962,-0.844,-0.423,0.764,0.41,-0.934,-0.881,-0.887,-0.174,0.485,0.974,0.85,-0.478,0.761,-0.794,-0.882,0.899,-0.969,-0.977,0.96,-0.911,-0.976,-0.868,-0.936,-0.376,-0.95,0.501,0.658,0.976,-0.974,0.875,-0.557,0.758,0.936,0.298,-0.885,0.977,-0.524,-0.9,0.939,-0.475,0.473,0.664,-0.904,-0.705,-0.974,EssenceCatalog/problems/csplib-prob010-SocialGolfers/params/bde9137e05f3a0e1991fad0bc6611641.param
0.965,-0.988,-0.884,-0.901,0.876,0.889,0.95,0.98,-0.901,0.79,0.982,0.89,0.416,0.978,0.93,0.979,0.727,-0.988,0.924,0.911,-0.696,-0.874,0.934,-0.962,0.863,-0.968,0.893,0.955,0.964,-0.978,-0.974,0.85,-0.721,0.916,-0.964,-0.981,-0.953,-0.963,0.922,0.968,0.93,0.832,0.652,-0.945,-0.751,0.983,-0.833,-0.991,0.989,-0.442,-0.967,-0.903,-0.903,0.813,-0.978,-0.8,-0.712,0.982,-0.986,0.979,-0.854,-0.773,0.97,0.934,-0.958,0.947,0.224,-0.914,0.951,-0.922,-0.831,-0.807,-0.986,0.766,-0.96,EssenceCatalog/problems/csplib-prob010-SocialGolfers/params/474ae5f9832b42002137aaa107b3316d.param
0.966,-0.988,-0.887,-0.904,0.88,0.892,0.951,0.981,-0.901,0.785,0.983,0.891,0.412,0.978,0.932,0.98,0.725,-0.988,0.927,0.913,-0.692,-0.875,0.936,-0.963,0.86,-0.969,0.894,0.957,0.965,-0.979,-0.975,0.847,-0.713,0.915,-0.965,-0.982,-0.954,-0.963,0.922,0.97,0.933,0.828,0.658,-0.946,-0.76,0.984,-0.839,-0.991,0.989,-0.452,-0.968,-0.905,-0.906,0.81,-0.979,-0.798,-0.708,0.983,-0.986,0.979,-0.856,-0.768,0.972,0.934,-0.96,0.95,0.218,-0.915,0.953,-0.924,-0.828,-0.804,-0.986,0.765,-0.962,EssenceCatalog/problems/csplib-prob010-SocialGolfers/params/7c89e907f8caa9ec32ade6d3987aba40.param
0.925,-0.973,-0.949,-0.884,0.922,0.875,0.516,0.983,-0.029,-0.794,0.931,0.209,-0.503,0.776,0.926,0.946,-0.742,-0.938,0.93,0.746,0.623,-0.313,0.873,-0.889,-0.814,-0.952,0.133,0.959,0.874,-0.959,-0.79,-0.63,0.826,0.248,-0.912,-0.844,-0.869,0.129,0.353,0.972,0.819,-0.649,0.748,-0.739,-0.893,0.88,-0.973,-0.97,0.94,-0.924,-0.969,-0.836,-0.936,-0.496,-0.935,0.635,0.749,0.972,-0.967,0.837,-0.507,0.842,0.912,-0.028,-0.867,0.98,-0.647,-0.896,0.925,-0.344,0.66,0.769,-0.857,-0.804,-0.972,EssenceCatalog/problems/csplib-prob010-SocialGolfers/params/d9aa08adefa1faff8c9442c9e4e2df71.param
0.966,-0.988,-0.884,-0.902,0.876,0.889,0.95,0.98,-0.901,0.79,0.982,0.89,0.416,0.978,0.93,0.979,0.727,-0.988,0.924,0.911,-0.695,-0.874,0.934,-0.963,0.863,-0.968,0.893,0.955,0.964,-0.978,-0.974,0.849,-0.72,0.916,-0.964,-0.982,-0.953,-0.963,0.922,0.968,0.931,0.831,0.653,-0.945,-0.752,0.983,-0.834,-0.991,0.989,-0.443,-0.967,-0.903,-0.903,0.813,-0.978,-0.799,-0.711,0.982,-0.986,0.979,-0.854,-0.773,0.971,0.934,-0.959,0.948,0.223,-0.914,0.952,-0.923,-0.831,-0.807,-0.986,0.766,-0.961,EssenceCatalog/problems/csplib-prob010-SocialGolfers/params/18823fc893c9e838fa8081d12750e170.param
0.967,-0.989,-0.89,-0.912,0.888,0.895,0.953,0.982,-0.9,0.77,0.983,0.888,0.413,0.979,0.933,0.981,0.724,-0.989,0.932,0.917,-0.681,-0.871,0.941,-0.964,0.849,-0.972,0.893,0.958,0.968,-0.98,-0.975,0.837,-0.689,0.912,-0.967,-0.982,-0.955,-0.962,0.92,0.972,0.936,0.816,0.662,-0.948,-0.784,0.984,-0.853,-0.992,0.99,-0.469,-0.972,-0.906,-0.912,0.801,-0.981,-0.788,-0.686,0.985,-0.987,0.98,-0.858,-0.75,0.974,0.933,-0.962,0.955,0.207,-0.919,0.957,-0.922,-0.822,-0.792,-0.985,0.763,-0.964,EssenceCatalog/problems/csplib-prob010-SocialGolfers/params/5c6e3371ce82080bdc54e19c1eac8cab.param
0.894,-0.936,-0.932,-0.875,0.886,0.8,0.263,0.976,0.234,-0.915,0.853,-0.091,-0.67,0.536,0.871,0.894,-0.825,-0.839,0.941,0.647,0.794,-0.094,0.809,-0.853,-0.88,-0.924,-0.055,0.939,0.801,-0.952,-0.643,-0.791,0.893,-0.0,-0.864,-0.734,-0.763,0.598,0.219,0.961,0.753,-0.848,0.604,-0.581,-0.881,0.805,-0.974,-0.946,0.84,-0.922,-0.957,-0.741,-0.939,-0.578,-0.92,0.752,0.808,0.954,-0.938,0.677,-0.305,0.882,0.86,-0.43,-0.777,0.977,-0.718,-0.866,0.903,-0.072,0.83,0.831,-0.709,-0.866,-0.96,EssenceCatalog/problems/csplib-prob010-SocialGolfers/params/7ce5baa3dce47279d2c1772b320998d3.param
0.965,-0.988,-0.884,-0.901,0.876,0.889,0.95,0.98,-0.901,0.79,0.982,0.89,0.416,0.978,0.93,0.979,0.727,-0.988,0.924,0.911,-0.695,-0.874,0.934,-0.962,0.863,-0.968,0.893,0.955,0.964,-0.978,-0.974,0.849,-0.719,0.916,-0.964,-0.981,-0.952,-0.962,0.921,0.968,0.931,0.831,0.652,-0.945,-0.752,0.983,-0.834,-0.991,0.989,-0.443,-0.967,-0.903,-0.903,0.813,-0.978,-0.799,-0.711,0.982,-0.986,0.979,-0.854,-0.772,0.971,0.934,-0.958,0.947,0.223,-0.914,0.952,-0.922,-0.831,-0.807,-0.985,0.766,-0.96,EssenceCatalog/problems/csplib-prob010-SocialGolfers/params/6064db4c47fd9de5291bf31451b73701.param
0.931,-0.985,-0.932,-0.891,0.904,0.875,0.821,0.986,-0.433,-0.188,0.965,0.623,-0.166,0.929,0.938,0.97,-0.262,-0.966,0.934,0.849,-0.022,-0.505,0.912,-0.912,-0.403,-0.966,0.516,0.965,0.93,-0.97,-0.897,0.005,0.492,0.653,-0.944,-0.924,-0.905,-0.638,0.635,0.977,0.881,-0.031,0.742,-0.87,-0.866,0.939,-0.959,-0.985,0.974,-0.863,-0.978,-0.901,-0.936,-0.04,-0.967,0.136,0.366,0.977,-0.983,0.934,-0.658,0.445,0.956,0.664,-0.904,0.963,-0.318,-0.911,0.945,-0.653,0.072,0.269,-0.954,-0.351,-0.971,EssenceCatalog/problems/csplib-prob010-SocialGolfers/params/d959a1f80bfd0c70c096fbd24f70d3a3.param
0.966,-0.988,-0.884,-0.902,0.876,0.89,0.95,0.98,-0.901,0.79,0.982,0.89,0.415,0.978,0.93,0.979,0.727,-0.988,0.924,0.911,-0.695,-0.874,0.934,-0.963,0.863,-0.968,0.893,0.955,0.964,-0.978,-0.975,0.849,-0.72,0.916,-0.964,-0.982,-0.953,-0.963,0.922,0.968,0.931,0.831,0.653,-0.946,-0.752,0.983,-0.834,-0.991,0.989,-0.444,-0.967,-0.903,-0.903,0.813,-0.978,-0.799,-0.711,0.982,-0.986,0.979,-0.854,-0.773,0.971,0.934,-0.959,0.948,0.223,-0.914,0.952,-0.923,-0.831,-0.807,-0.986,0.766,-0.961,EssenceCatalog/problems/csplib-prob010-SocialGolfers/params/83cc28e813838dc7c2cbd35aea57781b.param
0.965,-0.988,-0.884,-0.901,0.876,0.889,0.95,0.98,-0.901,0.79,0.982,0.89,0.416,0.978,0.93,0.979,0.727,-0.988,0.924,0.911,-0.695,-0.874,0.934,-0.962,0.863,-0.968,0.893,0.955,0.964,-0.978,-0.974,0.849,-0.72,0.916,-0.964,-0.981,-0.952,-0.962,0.921,0.968,0.93,0.831,0.652,-0.945,-0.752,0.983,-0.834,-0.991,0.989,-0.443,-0.967,-0.903,-0.903,0.813,-0.978,-0.799,-0.711,0.982,-0.986,0.979,-0.854,-0.772,0.971,0.934,-0.958,0.947,0.223,-0.914,0.951,-0.922,-0.831,-0.807,-0.985,0.766,-0.96,EssenceCatalog/problems/csplib-prob010-SocialGolfers/params/44f9f9cfe428a7fe8d6e862d04b12827.param
0.966,-0.988,-0.887,-0.904,0.88,0.892,0.951,0.981,-0.901,0.785,0.983,0.891,0.411,0.978,0.932,0.98,0.725,-0.988,0.927,0.913,-0.692,-0.875,0.936,-0.963,0.861,-0.969,0.894,0.957,0.965,-0.978,-0.975,0.848,-0.714,0.915,-0.965,-0.982,-0.954,-0.963,0.922,0.97,0.932,0.828,0.658,-0.946,-0.759,0.984,-0.838,-0.991,0.989,-0.452,-0.968,-0.905,-0.906,0.81,-0.979,-0.798,-0.709,0.983,-0.986,0.979,-0.856,-0.77,0.971,0.934,-0.96,0.95,0.219,-0.915,0.953,-0.924,-0.828,-0.804,-0.986,0.765,-0.962,EssenceCatalog/problems/csplib-prob010-SocialGolfers/params/9289ac230ced1e9c7ff6b64410f9221d.param
0.932,-0.984,-0.937,-0.889,0.906,0.875,0.79,0.985,-0.357,-0.298,0.96,0.559,-0.223,0.917,0.94,0.968,-0.366,-0.965,0.935,0.842,0.095,-0.459,0.909,-0.907,-0.52,-0.964,0.459,0.964,0.922,-0.969,-0.885,-0.111,0.591,0.604,-0.946,-0.916,-0.899,-0.549,0.606,0.978,0.886,-0.154,0.751,-0.855,-0.869,0.931,-0.963,-0.984,0.972,-0.879,-0.978,-0.899,-0.935,-0.133,-0.965,0.248,0.468,0.977,-0.981,0.924,-0.636,0.551,0.955,0.589,-0.897,0.967,-0.368,-0.91,0.946,-0.621,0.199,0.401,-0.947,-0.476,-0.972,EssenceCatalog/problems/csplib-prob010-SocialGolfers/params/611673efb23e8be8efae36d31e772a5a.param
0.967,-0.989,-0.89,-0.907,0.883,0.894,0.952,0.982,-0.901,0.78,0.983,0.892,0.409,0.979,0.933,0.98,0.724,-0.989,0.93,0.915,-0.689,-0.875,0.938,-0.964,0.858,-0.971,0.894,0.958,0.966,-0.979,-0.975,0.845,-0.708,0.914,-0.966,-0.982,-0.955,-0.963,0.922,0.971,0.934,0.825,0.662,-0.947,-0.767,0.984,-0.843,-0.992,0.99,-0.46,-0.969,-0.906,-0.909,0.808,-0.98,-0.796,-0.705,0.984,-0.987,0.98,-0.858,-0.765,0.972,0.935,-0.961,0.952,0.216,-0.917,0.955,-0.925,-0.826,-0.801,-0.986,0.765,-0.963,EssenceCatalog/problems/csplib-prob010-SocialGolfers/params/9c230039b3a723177c0a1cc721d4dc70.param
0.966,-0.988,-0.887,-0.903,0.879,0.891,0.951,0.98,-0.901,0.786,0.982,0.891,0.412,0.978,0.931,0.979,0.726,-0.988,0.926,0.913,-0.693,-0.875,0.935,-0.963,0.861,-0.969,0.894,0.956,0.964,-0.978,-0.975,0.848,-0.716,0.915,-0.965,-0.982,-0.953,-0.963,0.922,0.969,0.932,0.829,0.656,-0.946,-0.756,0.983,-0.836,-0.991,0.989,-0.449,-0.968,-0.904,-0.905,0.811,-0.979,-0.798,-0.71,0.983,-0.986,0.979,-0.855,-0.77,0.971,0.934,-0.959,0.949,0.22,-0.915,0.953,-0.923,-0.829,-0.805,-0.986,0.766,-0.962,EssenceCatalog/problems/csplib-prob010-SocialGolfers/params/3450491c72ef21959ba5cf8afe0e063e.param
0.96,-0.985,-0.866,-0.89,0.857,0.875,0.944,0.974,-0.898,0.805,0.979,0.884,0.435,0.975,0.922,0.974,0.735,-0.986,0.907,0.9,-0.709,-0.865,0.924,-0.958,0.87,-0.961,0.889,0.949,0.958,-0.973,-0.972,0.854,-0.738,0.918,-0.958,-0.979,-0.946,-0.961,0.919,0.962,0.922,0.842,0.627,-0.94,-0.72,0.981,-0.813,-0.989,0.987,-0.4,-0.961,-0.894,-0.886,0.82,-0.974,-0.802,-0.714,0.978,-0.984,0.975,-0.842,-0.781,0.966,0.93,-0.952,0.935,0.233,-0.905,0.943,-0.914,-0.84,-0.817,-0.984,0.77,-0.952,EssenceCatalog/problems/csplib-prob010-SocialGolfers/params/ThomasKirkman.param
0.915,-0.959,-0.941,-0.886,0.911,0.851,0.375,0.98,0.138,-0.872,0.906,0.027,-0.596,0.664,0.907,0.923,-0.81,-0.901,0.935,0.71,0.721,-0.207,0.85,-0.875,-0.866,-0.943,0.007,0.95,0.84,-0.956,-0.713,-0.741,0.863,0.111,-0.887,-0.791,-0.827,0.372,0.265,0.969,0.775,-0.764,0.688,-0.663,-0.896,0.856,-0.976,-0.96,0.908,-0.932,-0.964,-0.795,-0.938,-0.563,-0.923,0.72,0.794,0.963,-0.956,0.781,-0.434,0.872,0.877,-0.303,-0.824,0.98,-0.706,-0.885,0.91,-0.214,0.774,0.827,-0.798,-0.855,-0.966,EssenceCatalog/problems/csplib-prob010-SocialGolfers/params/78dedec2f974995283ab615324a419fd.param
0.936,-0.986,-0.921,-0.9,0.901,0.874,0.877,0.986,-0.592,0.089,0.971,0.733,-0.022,0.952,0.934,0.974,0.031,-0.972,0.936,0.871,-0.247,-0.638,0.926,-0.927,0.006,-0.97,0.646,0.966,0.945,-0.974,-0.93,0.315,0.203,0.763,-0.948,-0.941,-0.917,-0.798,0.732,0.976,0.892,0.258,0.727,-0.899,-0.853,0.956,-0.941,-0.987,0.979,-0.799,-0.978,-0.908,-0.93,0.226,-0.971,-0.15,0.067,0.979,-0.985,0.95,-0.715,0.111,0.962,0.786,-0.922,0.957,-0.195,-0.911,0.946,-0.758,-0.255,-0.052,-0.967,-0.032,-0.968,EssenceCatalog/problems/csplib-prob010-SocialGolfers/params/f761ce1cb7abf6a9e9a4318e64c1f528.param
0.894,-0.936,-0.931,-0.875,0.885,0.8,0.268,0.976,0.233,-0.914,0.854,-0.091,-0.666,0.54,0.873,0.894,-0.825,-0.84,0.94,0.649,0.792,-0.094,0.811,-0.852,-0.879,-0.924,-0.055,0.939,0.803,-0.952,-0.642,-0.788,0.891,0.003,-0.866,-0.737,-0.766,0.595,0.219,0.961,0.754,-0.846,0.606,-0.584,-0.881,0.805,-0.974,-0.947,0.843,-0.922,-0.957,-0.743,-0.939,-0.577,-0.92,0.752,0.808,0.954,-0.938,0.679,-0.306,0.881,0.861,-0.428,-0.777,0.977,-0.719,-0.867,0.904,-0.078,0.829,0.831,-0.712,-0.866,-0.96,EssenceCatalog/problems/csplib-prob010-SocialGolfers/params/e3093acf1b0ee31e168da6a312c480a7.param
0.92,-0.964,-0.945,-0.889,0.917,0.861,0.422,0.981,0.097,-0.855,0.916,0.074,-0.56,0.703,0.915,0.932,-0.794,-0.916,0.933,0.719,0.694,-0.252,0.86,-0.882,-0.854,-0.947,0.048,0.954,0.852,-0.957,-0.739,-0.718,0.853,0.151,-0.894,-0.81,-0.845,0.299,0.286,0.97,0.79,-0.734,0.71,-0.689,-0.896,0.868,-0.976,-0.964,0.921,-0.931,-0.966,-0.809,-0.937,-0.548,-0.926,0.7,0.784,0.966,-0.96,0.804,-0.462,0.868,0.888,-0.232,-0.842,0.981,-0.692,-0.892,0.916,-0.256,0.744,0.814,-0.817,-0.844,-0.969,EssenceCatalog/problems/csplib-prob010-SocialGolfers/params/4c4be36de0caf686f20346cb1c303d4a.param
0.92,-0.964,-0.944,-0.888,0.917,0.862,0.421,0.982,0.104,-0.856,0.916,0.063,-0.563,0.701,0.915,0.93,-0.798,-0.915,0.935,0.718,0.695,-0.256,0.862,-0.883,-0.853,-0.946,0.043,0.954,0.853,-0.957,-0.733,-0.72,0.851,0.153,-0.894,-0.811,-0.849,0.305,0.291,0.97,0.789,-0.737,0.711,-0.688,-0.896,0.869,-0.976,-0.963,0.919,-0.933,-0.966,-0.808,-0.938,-0.55,-0.925,0.698,0.782,0.967,-0.961,0.802,-0.454,0.867,0.888,-0.24,-0.84,0.981,-0.693,-0.891,0.916,-0.255,0.75,0.82,-0.823,-0.845,-0.969,EssenceCatalog/problems/csplib-prob010-SocialGolfers/params/644352cad8969e3f33aad5251fe2b798.param
0.931,-0.981,-0.945,-0.884,0.915,0.882,0.697,0.984,-0.246,-0.503,0.948,0.442,-0.333,0.887,0.938,0.964,-0.533,-0.96,0.933,0.814,0.333,-0.415,0.899,-0.899,-0.664,-0.96,0.34,0.962,0.913,-0.965,-0.859,-0.316,0.716,0.484,-0.939,-0.895,-0.894,-0.329,0.535,0.976,0.866,-0.376,0.763,-0.819,-0.878,0.911,-0.967,-0.98,0.965,-0.903,-0.978,-0.881,-0.936,-0.302,-0.956,0.416,0.606,0.977,-0.977,0.895,-0.582,0.702,0.945,0.415,-0.89,0.974,-0.47,-0.903,0.943,-0.536,0.381,0.594,-0.923,-0.637,-0.974,EssenceCatalog/problems/csplib-prob010-SocialGolfers/params/19bf5e6b852147bcdfa8aa5ada6308e9.param
0.887,-0.932,-0.93,-0.87,0.882,0.791,0.252,0.974,0.239,-0.917,0.843,-0.098,-0.676,0.517,0.862,0.889,-0.824,-0.831,0.939,0.638,0.8,-0.088,0.801,-0.845,-0.879,-0.921,-0.064,0.935,0.793,-0.95,-0.637,-0.792,0.896,-0.023,-0.857,-0.724,-0.758,0.611,0.215,0.958,0.748,-0.854,0.597,-0.568,-0.877,0.797,-0.972,-0.942,0.829,-0.917,-0.954,-0.733,-0.937,-0.577,-0.918,0.753,0.807,0.951,-0.933,0.653,-0.286,0.881,0.856,-0.433,-0.77,0.976,-0.715,-0.86,0.901,-0.062,0.832,0.829,-0.698,-0.863,-0.957,EssenceCatalog/problems/csplib-prob010-SocialGolfers/params/b141507e9c383709c32116f5e3b17a6b.param
0.906,-0.947,-0.935,-0.882,0.896,0.824,0.298,0.978,0.206,-0.901,0.878,-0.057,-0.648,0.593,0.89,0.908,-0.823,-0.869,0.939,0.678,0.769,-0.128,0.826,-0.864,-0.88,-0.934,-0.033,0.944,0.818,-0.955,-0.67,-0.776,0.881,0.052,-0.876,-0.76,-0.787,0.523,0.23,0.965,0.761,-0.82,0.636,-0.613,-0.891,0.827,-0.976,-0.953,0.873,-0.929,-0.96,-0.764,-0.941,-0.571,-0.924,0.743,0.805,0.958,-0.947,0.731,-0.365,0.879,0.864,-0.399,-0.796,0.979,-0.717,-0.878,0.906,-0.127,0.816,0.831,-0.747,-0.866,-0.964,EssenceCatalog/problems/csplib-prob010-SocialGolfers/params/132b46ee9e38545e0d8b67765a08af80.param
0.932,-0.982,-0.942,-0.884,0.911,0.878,0.739,0.985,-0.288,-0.416,0.953,0.491,-0.28,0.9,0.939,0.967,-0.467,-0.962,0.934,0.827,0.234,-0.428,0.905,-0.902,-0.614,-0.961,0.396,0.963,0.916,-0.967,-0.868,-0.238,0.676,0.535,-0.943,-0.904,-0.895,-0.433,0.565,0.977,0.879,-0.292,0.759,-0.834,-0.873,0.919,-0.965,-0.982,0.968,-0.896,-0.978,-0.891,-0.936,-0.24,-0.96,0.356,0.562,0.977,-0.978,0.909,-0.602,0.652,0.951,0.487,-0.892,0.972,-0.428,-0.907,0.944,-0.577,0.315,0.528,-0.935,-0.579,-0.974,EssenceCatalog/problems/csplib-prob010-SocialGolfers/params/b6d9ce062b15a54ca201f9903acc8ef2.param
0.963,-0.986,-0.875,-0.894,0.866,0.882,0.947,0.977,-0.9,0.799,0.98,0.887,0.424,0.976,0.926,0.976,0.732,-0.987,0.915,0.905,-0.703,-0.87,0.929,-0.96,0.868,-0.964,0.891,0.952,0.961,-0.975,-0.973,0.853,-0.732,0.918,-0.961,-0.98,-0.949,-0.961,0.92,0.965,0.926,0.838,0.637,-0.942,-0.732,0.982,-0.821,-0.99,0.988,-0.418,-0.964,-0.898,-0.894,0.817,-0.976,-0.801,-0.714,0.98,-0.985,0.977,-0.848,-0.779,0.968,0.932,-0.955,0.941,0.23,-0.909,0.947,-0.918,-0.837,-0.814,-0.985,0.768,-0.956,EssenceCatalog/problems/csplib-prob010-SocialGolfers/params/820a260c2b8f0aa341eeb37b160106f2.param
0.965,-0.988,-0.884,-0.901,0.876,0.889,0.95,0.98,-0.901,0.79,0.982,0.89,0.414,0.978,0.93,0.979,0.727,-0.988,0.924,0.911,-0.696,-0.874,0.934,-0.963,0.863,-0.968,0.893,0.955,0.964,-0.978,-0.974,0.85,-0.721,0.916,-0.964,-0.981,-0.952,-0.963,0.922,0.968,0.931,0.832,0.652,-0.945,-0.751,0.983,-0.833,-0.991,0.989,-0.442,-0.967,-0.903,-0.903,0.813,-0.978,-0.799,-0.712,0.982,-0.986,0.979,-0.854,-0.773,0.97,0.934,-0.958,0.947,0.222,-0.914,0.951,-0.922,-0.831,-0.807,-0.986,0.766,-0.96,EssenceCatalog/problems/csplib-prob010-SocialGolfers/params/9e6c0d9fa8b2ef9175068bd57a215911.param
0.931,-0.981,-0.944,-0.884,0.914,0.882,0.704,0.985,-0.259,-0.488,0.949,0.455,-0.326,0.89,0.939,0.965,-0.524,-0.96,0.933,0.816,0.314,-0.422,0.901,-0.901,-0.654,-0.961,0.352,0.962,0.915,-0.965,-0.86,-0.302,0.708,0.494,-0.94,-0.898,-0.895,-0.351,0.543,0.976,0.867,-0.361,0.765,-0.822,-0.877,0.913,-0.966,-0.98,0.966,-0.902,-0.978,-0.882,-0.936,-0.29,-0.957,0.397,0.599,0.977,-0.977,0.897,-0.583,0.693,0.946,0.43,-0.892,0.974,-0.466,-0.903,0.943,-0.546,0.371,0.583,-0.926,-0.624,-0.974,EssenceCatalog/problems/csplib-prob010-SocialGolfers/params/6d5a4104066b80d50cf17762e4aed8a2.param
0.885,-0.931,-0.93,-0.87,0.882,0.788,0.246,0.974,0.242,-0.919,0.841,-0.096,-0.678,0.51,0.859,0.888,-0.824,-0.829,0.939,0.635,0.802,-0.083,0.797,-0.842,-0.878,-0.919,-0.063,0.934,0.791,-0.95,-0.637,-0.794,0.897,-0.031,-0.856,-0.72,-0.756,0.615,0.213,0.958,0.747,-0.857,0.595,-0.563,-0.875,0.796,-0.972,-0.941,0.825,-0.915,-0.954,-0.732,-0.936,-0.579,-0.916,0.755,0.808,0.95,-0.932,0.646,-0.281,0.881,0.856,-0.434,-0.769,0.975,-0.713,-0.859,0.899,-0.057,0.833,0.828,-0.694,-0.862,-0.957,EssenceCatalog/problems/csplib-prob010-SocialGolfers/params/7182b0eb9856a72d8b6162a8bc20f75d.param
0.966,-0.988,-0.886,-0.902,0.878,0.891,0.951,0.98,-0.901,0.787,0.982,0.891,0.411,0.978,0.931,0.979,0.726,-0.988,0.926,0.912,-0.694,-0.875,0.935,-0.963,0.863,-0.969,0.894,0.956,0.964,-0.978,-0.975,0.849,-0.718,0.915,-0.965,-0.982,-0.953,-0.963,0.922,0.969,0.932,0.83,0.656,-0.946,-0.754,0.983,-0.835,-0.991,0.989,-0.448,-0.968,-0.904,-0.905,0.811,-0.979,-0.799,-0.713,0.983,-0.986,0.979,-0.855,-0.772,0.971,0.934,-0.959,0.949,0.222,-0.915,0.952,-0.924,-0.829,-0.806,-0.986,0.765,-0.962,EssenceCatalog/problems/csplib-prob010-SocialGolfers/params/45c6cebfa8dc5d38095c8fdb2b4a1767.param
0.967,-0.989,-0.89,-0.907,0.884,0.894,0.952,0.982,-0.901,0.779,0.983,0.891,0.41,0.979,0.933,0.98,0.724,-0.989,0.929,0.915,-0.688,-0.875,0.938,-0.964,0.857,-0.97,0.894,0.958,0.966,-0.979,-0.975,0.845,-0.706,0.914,-0.966,-0.982,-0.954,-0.963,0.922,0.971,0.934,0.824,0.661,-0.947,-0.768,0.984,-0.843,-0.992,0.99,-0.46,-0.969,-0.906,-0.909,0.807,-0.98,-0.795,-0.703,0.984,-0.987,0.98,-0.857,-0.764,0.972,0.934,-0.961,0.952,0.215,-0.917,0.955,-0.924,-0.825,-0.8,-0.986,0.764,-0.963,EssenceCatalog/problems/csplib-prob010-SocialGolfers/params/1443f3bf75bd27167a6a2c1aaccb15f7.param
0.874,-0.925,-0.93,-0.867,0.879,0.777,0.239,0.972,0.247,-0.923,0.828,-0.09,-0.685,0.488,0.845,0.884,-0.82,-0.82,0.936,0.621,0.807,-0.081,0.787,-0.835,-0.875,-0.915,-0.06,0.931,0.782,-0.948,-0.635,-0.797,0.902,-0.058,-0.846,-0.702,-0.746,0.627,0.214,0.955,0.741,-0.863,0.58,-0.549,-0.87,0.789,-0.969,-0.934,0.808,-0.907,-0.951,-0.721,-0.933,-0.583,-0.913,0.756,0.807,0.946,-0.927,0.618,-0.257,0.881,0.852,-0.431,-0.763,0.973,-0.707,-0.851,0.894,-0.035,0.833,0.824,-0.679,-0.858,-0.952,EssenceCatalog/problems/csplib-prob010-SocialGolfers/params/69088ec7739dc6f3c21e8122f9f42af4.param
0.93,-0.98,-0.946,-0.883,0.918,0.885,0.665,0.984,-0.215,-0.564,0.945,0.407,-0.372,0.875,0.937,0.962,-0.58,-0.957,0.931,0.804,0.398,-0.402,0.896,-0.898,-0.698,-0.96,0.301,0.962,0.91,-0.963,-0.851,-0.375,0.742,0.443,-0.937,-0.888,-0.892,-0.25,0.512,0.975,0.857,-0.434,0.768,-0.808,-0.881,0.906,-0.968,-0.979,0.963,-0.908,-0.977,-0.873,-0.936,-0.344,-0.953,0.453,0.639,0.976,-0.975,0.884,-0.568,0.736,0.941,0.353,-0.89,0.976,-0.508,-0.9,0.941,-0.507,0.435,0.636,-0.914,-0.674,-0.974,EssenceCatalog/problems/csplib-prob010-SocialGolfers/params/d06df902ecc7f251ee97f3e4f3ca2132.param
0.967,-0.988,-0.888,-0.904,0.88,0.892,0.951,0.981,-0.901,0.786,0.983,0.891,0.411,0.978,0.932,0.98,0.725,-0.989,0.927,0.913,-0.692,-0.875,0.936,-0.963,0.861,-0.969,0.894,0.957,0.965,-0.978,-0.975,0.848,-0.715,0.915,-0.965,-0.982,-0.954,-0.963,0.922,0.97,0.932,0.829,0.658,-0.946,-0.759,0.984,-0.838,-0.991,0.989,-0.452,-0.968,-0.905,-0.906,0.811,-0.979,-0.798,-0.71,0.983,-0.987,0.979,-0.856,-0.77,0.971,0.935,-0.96,0.95,0.22,-0.915,0.953,-0.924,-0.829,-0.804,-0.986,0.765,-0.962,EssenceCatalog/problems/csplib-prob010-SocialGolfers/params/9f07b371a9aa9be5f19089915522a7ca.param
0.932,-0.982,-0.942,-0.884,0.911,0.878,0.74,0.985,-0.291,-0.411,0.953,0.493,-0.278,0.901,0.939,0.967,-0.464,-0.963,0.934,0.828,0.228,-0.429,0.905,-0.902,-0.611,-0.961,0.399,0.963,0.917,-0.967,-0.868,-0.234,0.674,0.537,-0.943,-0.905,-0.896,-0.438,0.566,0.977,0.88,-0.288,0.759,-0.834,-0.873,0.92,-0.965,-0.982,0.968,-0.895,-0.978,-0.891,-0.936,-0.236,-0.96,0.352,0.56,0.977,-0.978,0.909,-0.603,0.649,0.951,0.491,-0.892,0.972,-0.426,-0.907,0.944,-0.579,0.311,0.524,-0.935,-0.575,-0.974,EssenceCatalog/problems/csplib-prob010-SocialGolfers/params/261b280715da6483a7654f8b6e313807.param
0.964,-0.987,-0.878,-0.897,0.87,0.885,0.948,0.978,-0.9,0.796,0.981,0.888,0.422,0.977,0.928,0.977,0.73,-0.987,0.919,0.908,-0.7,-0.872,0.931,-0.961,0.866,-0.966,0.892,0.953,0.962,-0.976,-0.974,0.852,-0.728,0.917,-0.962,-0.981,-0.951,-0.962,0.921,0.966,0.928,0.836,0.643,-0.944,-0.74,0.982,-0.827,-0.991,0.988,-0.429,-0.965,-0.9,-0.898,0.816,-0.977,-0.801,-0.713,0.981,-0.985,0.978,-0.85,-0.777,0.969,0.933,-0.956,0.944,0.228,-0.911,0.949,-0.92,-0.835,-0.811,-0.985,0.767,-0.958,EssenceCatalog/problems/csplib-prob010-SocialGolfers/params/58e27c601d06991658ae9d5b543c58b5.param
0.963,-0.986,-0.875,-0.896,0.867,0.883,0.947,0.977,-0.9,0.799,0.981,0.887,0.426,0.977,0.926,0.977,0.731,-0.987,0.916,0.906,-0.702,-0.87,0.929,-0.96,0.867,-0.965,0.891,0.952,0.961,-0.975,-0.973,0.853,-0.731,0.917,-0.961,-0.98,-0.95,-0.962,0.92,0.965,0.926,0.838,0.639,-0.943,-0.735,0.982,-0.823,-0.99,0.988,-0.421,-0.964,-0.898,-0.895,0.818,-0.976,-0.801,-0.714,0.98,-0.985,0.977,-0.848,-0.778,0.968,0.932,-0.955,0.942,0.231,-0.91,0.947,-0.918,-0.837,-0.813,-0.985,0.768,-0.956,EssenceCatalog/problems/csplib-prob010-SocialGolfers/params/ddd07084685e31b1659ca92227c9165e.param
0.966,-0.988,-0.886,-0.905,0.881,0.891,0.951,0.981,-0.9,0.78,0.982,0.889,0.41,0.978,0.931,0.98,0.725,-0.988,0.927,0.913,-0.689,-0.872,0.937,-0.963,0.857,-0.969,0.892,0.956,0.965,-0.979,-0.975,0.843,-0.705,0.913,-0.965,-0.982,-0.953,-0.962,0.92,0.97,0.933,0.824,0.656,-0.946,-0.765,0.983,-0.841,-0.991,0.989,-0.452,-0.969,-0.904,-0.906,0.806,-0.979,-0.794,-0.7,0.983,-0.986,0.979,-0.855,-0.762,0.972,0.933,-0.96,0.95,0.212,-0.915,0.953,-0.922,-0.825,-0.8,-0.985,0.764,-0.962,EssenceCatalog/problems/csplib-prob010-SocialGolfers/params/f25add42840a94d9e8aeeefde68bf41f.param
0.964,-0.987,-0.88,-0.899,0.872,0.886,0.949,0.979,-0.901,0.794,0.981,0.889,0.419,0.977,0.929,0.978,0.729,-0.988,0.92,0.909,-0.699,-0.873,0.932,-0.962,0.865,-0.967,0.892,0.954,0.963,-0.977,-0.974,0.851,-0.726,0.917,-0.963,-0.981,-0.951,-0.962,0.921,0.967,0.929,0.834,0.646,-0.944,-0.744,0.983,-0.829,-0.991,0.988,-0.433,-0.966,-0.901,-0.9,0.815,-0.977,-0.8,-0.713,0.981,-0.986,0.978,-0.851,-0.775,0.969,0.933,-0.957,0.945,0.226,-0.912,0.95,-0.921,-0.834,-0.809,-0.985,0.767,-0.959,EssenceCatalog/problems/csplib-prob010-SocialGolfers/params/37997f0d820170f69f177ebaba8b3c0a.param
0.966,-0.988,-0.886,-0.902,0.878,0.891,0.951,0.98,-0.901,0.787,0.982,0.891,0.411,0.978,0.931,0.979,0.725,-0.988,0.926,0.912,-0.694,-0.875,0.935,-0.963,0.863,-0.969,0.894,0.956,0.964,-0.978,-0.975,0.849,-0.718,0.915,-0.965,-0.982,-0.953,-0.963,0.922,0.969,0.932,0.83,0.656,-0.946,-0.755,0.983,-0.835,-0.991,0.989,-0.448,-0.968,-0.904,-0.905,0.811,-0.979,-0.799,-0.712,0.982,-0.986,0.979,-0.855,-0.772,0.971,0.934,-0.959,0.949,0.221,-0.915,0.952,-0.924,-0.829,-0.806,-0.986,0.765,-0.961,EssenceCatalog/problems/csplib-prob010-SocialGolfers/params/137ade9f1e054acaccc1ae3cf4dfeade.param
0.966,-0.988,-0.884,-0.9,0.876,0.889,0.95,0.98,-0.901,0.791,0.982,0.891,0.413,0.978,0.93,0.978,0.727,-0.988,0.923,0.911,-0.697,-0.874,0.934,-0.963,0.865,-0.968,0.893,0.955,0.963,-0.977,-0.974,0.851,-0.722,0.916,-0.964,-0.981,-0.952,-0.963,0.922,0.968,0.93,0.832,0.652,-0.945,-0.749,0.983,-0.832,-0.991,0.989,-0.441,-0.967,-0.903,-0.902,0.813,-0.978,-0.8,-0.714,0.982,-0.986,0.979,-0.854,-0.775,0.97,0.934,-0.958,0.947,0.224,-0.913,0.951,-0.923,-0.831,-0.808,-0.986,0.766,-0.96,EssenceCatalog/problems/csplib-prob010-SocialGolfers/params/b856e10e853ddb47535cc72ed5edafd9.param
0.965,-0.988,-0.883,-0.9,0.875,0.888,0.95,0.979,-0.901,0.79,0.982,0.89,0.415,0.978,0.93,0.978,0.728,-0.988,0.923,0.91,-0.696,-0.874,0.934,-0.962,0.864,-0.968,0.893,0.955,0.963,-0.977,-0.974,0.85,-0.721,0.916,-0.964,-0.981,-0.952,-0.962,0.921,0.968,0.93,0.832,0.65,-0.945,-0.749,0.983,-0.832,-0.991,0.989,-0.439,-0.967,-0.903,-0.902,0.813,-0.978,-0.799,-0.712,0.982,-0.986,0.978,-0.853,-0.773,0.97,0.934,-0.958,0.947,0.223,-0.913,0.951,-0.922,-0.831,-0.808,-0.985,0.766,-0.96,EssenceCatalog/problems/csplib-prob010-SocialGolfers/params/dce549a14c738627654c83c7a4e9662d.param
0.964,-0.987,-0.879,-0.898,0.871,0.885,0.948,0.978,-0.9,0.796,0.981,0.888,0.422,0.977,0.928,0.977,0.73,-0.987,0.919,0.908,-0.7,-0.872,0.931,-0.961,0.865,-0.966,0.892,0.953,0.962,-0.976,-0.974,0.852,-0.727,0.917,-0.962,-0.981,-0.951,-0.962,0.921,0.967,0.928,0.835,0.644,-0.944,-0.741,0.983,-0.827,-0.991,0.988,-0.429,-0.966,-0.9,-0.898,0.816,-0.977,-0.801,-0.713,0.981,-0.985,0.978,-0.851,-0.776,0.969,0.933,-0.956,0.944,0.227,-0.911,0.949,-0.92,-0.835,-0.81,-0.985,0.767,-0.958,EssenceCatalog/problems/csplib-prob010-SocialGolfers/params/2dc9508ed497f4cd2526cb28bcfe3bf6.param
0.967,-0.988,-0.888,-0.904,0.881,0.892,0.951,0.981,-0.901,0.784,0.983,0.891,0.41,0.978,0.932,0.98,0.725,-0.989,0.927,0.914,-0.691,-0.875,0.936,-0.964,0.86,-0.97,0.894,0.957,0.965,-0.979,-0.975,0.847,-0.712,0.914,-0.965,-0.982,-0.954,-0.963,0.922,0.97,0.933,0.827,0.658,-0.946,-0.761,0.984,-0.839,-0.992,0.989,-0.453,-0.968,-0.905,-0.907,0.809,-0.979,-0.797,-0.708,0.983,-0.987,0.979,-0.856,-0.768,0.972,0.934,-0.96,0.95,0.218,-0.916,0.953,-0.924,-0.827,-0.803,-0.986,0.765,-0.962,EssenceCatalog/problems/csplib-prob010-SocialGolfers/params/aaf3d3874a9f5abeb448f899e884a2cb.param
0.966,-0.988,-0.887,-0.902,0.879,0.891,0.951,0.98,-0.901,0.787,0.982,0.891,0.411,0.978,0.931,0.979,0.725,-0.988,0.926,0.912,-0.694,-0.875,0.935,-0.963,0.863,-0.969,0.894,0.956,0.964,-0.978,-0.975,0.849,-0.718,0.915,-0.965,-0.982,-0.953,-0.963,0.922,0.969,0.932,0.83,0.656,-0.946,-0.755,0.983,-0.835,-0.991,0.989,-0.449,-0.968,-0.905,-0.905,0.811,-0.979,-0.799,-0.712,0.983,-0.986,0.979,-0.855,-0.772,0.971,0.934,-0.959,0.949,0.221,-0.915,0.952,-0.924,-0.829,-0.806,-0.986,0.765,-0.962,EssenceCatalog/problems/csplib-prob010-SocialGolfers/params/39618fe5331472e904e3bb14e8724879.param
0.932,-0.985,-0.935,-0.89,0.905,0.875,0.804,0.985,-0.382,-0.258,0.962,0.582,-0.206,0.921,0.939,0.969,-0.328,-0.966,0.935,0.844,0.052,-0.473,0.91,-0.909,-0.481,-0.965,0.478,0.965,0.925,-0.97,-0.89,-0.066,0.555,0.625,-0.945,-0.919,-0.901,-0.582,0.618,0.977,0.885,-0.105,0.747,-0.862,-0.868,0.934,-0.962,-0.985,0.973,-0.873,-0.978,-0.901,-0.936,-0.098,-0.966,0.21,0.428,0.977,-0.982,0.928,-0.647,0.513,0.955,0.619,-0.899,0.966,-0.35,-0.911,0.945,-0.633,0.154,0.353,-0.95,-0.438,-0.971,EssenceCatalog/problems/csplib-prob010-SocialGolfers/params/b07bdc4fb5fb3f9b96df916fdfda673d.param
0.966,-0.988,-0.886,-0.903,0.878,0.891,0.951,0.98,-0.901,0.787,0.982,0.891,0.413,0.978,0.931,0.979,0.726,-0.988,0.926,0.912,-0.694,-0.875,0.935,-0.963,0.862,-0.969,0.894,0.956,0.964,-0.978,-0.975,0.849,-0.718,0.915,-0.965,-0.982,-0.953,-0.963,0.922,0.969,0.932,0.83,0.656,-0.946,-0.755,0.983,-0.836,-0.991,0.989,-0.449,-0.968,-0.904,-0.905,0.812,-0.979,-0.799,-0.712,0.983,-0.986,0.979,-0.855,-0.772,0.971,0.934,-0.959,0.949,0.222,-0.915,0.952,-0.924,-0.83,-0.806,-0.986,0.766,-0.961,EssenceCatalog/problems/csplib-prob010-SocialGolfers/params/b72bd082a8433c5b8ab40ff9f48c86ec.param
0.964,-0.99,-0.889,-0.926,0.897,0.895,0.954,0.984,-0.896,0.742,0.984,0.878,0.427,0.98,0.934,0.984,0.724,-0.989,0.936,0.921,-0.66,-0.855,0.947,-0.963,0.819,-0.975,0.89,0.959,0.972,-0.982,-0.975,0.813,-0.634,0.906,-0.968,-0.982,-0.955,-0.96,0.912,0.975,0.939,0.791,0.659,-0.951,-0.825,0.983,-0.878,-0.993,0.99,-0.492,-0.977,-0.904,-0.92,0.782,-0.983,-0.763,-0.623,0.987,-0.987,0.981,-0.855,-0.703,0.977,0.928,-0.964,0.961,0.186,-0.924,0.962,-0.911,-0.813,-0.767,-0.984,0.758,-0.965,EssenceCatalog/problems/csplib-prob010-SocialGolfers/params/38c974144705c1a4f08e71e1e6937288.param
0.966,-0.988,-0.885,-0.902,0.877,0.89,0.95,0.98,-0.901,0.79,0.982,0.89,0.415,0.978,0.93,0.979,0.727,-0.988,0.924,0.911,-0.695,-0.874,0.934,-0.963,0.863,-0.968,0.893,0.956,0.964,-0.978,-0.975,0.849,-0.72,0.916,-0.964,-0.982,-0.953,-0.963,0.922,0.968,0.931,0.831,0.653,-0.946,-0.752,0.983,-0.834,-0.991,0.989,-0.444,-0.967,-0.903,-0.903,0.813,-0.978,-0.8,-0.711,0.982,-0.986,0.979,-0.854,-0.773,0.971,0.934,-0.959,0.948,0.223,-0.914,0.952,-0.923,-0.831,-0.807,-0.986,0.766,-0.961,EssenceCatalog/problems/csplib-prob010-SocialGolfers/params/d256221aaa517456184eaaa2467d21e7.param
0.924,-0.973,-0.949,-0.884,0.921,0.876,0.52,0.982,-0.042,-0.779,0.931,0.223,-0.5,0.786,0.927,0.948,-0.731,-0.94,0.929,0.752,0.611,-0.309,0.871,-0.889,-0.811,-0.953,0.139,0.96,0.878,-0.959,-0.797,-0.612,0.824,0.253,-0.915,-0.845,-0.868,0.105,0.369,0.972,0.821,-0.636,0.75,-0.743,-0.892,0.88,-0.973,-0.97,0.943,-0.922,-0.97,-0.838,-0.936,-0.488,-0.937,0.626,0.746,0.971,-0.967,0.837,-0.512,0.835,0.914,0.007,-0.87,0.979,-0.64,-0.895,0.926,-0.357,0.646,0.757,-0.858,-0.796,-0.972,EssenceCatalog/problems/csplib-prob010-SocialGolfers/params/695ab9a28e561b774abe42c393846893.param
0.962,-0.986,-0.874,-0.894,0.865,0.881,0.947,0.977,-0.9,0.8,0.98,0.887,0.425,0.976,0.925,0.976,0.733,-0.987,0.914,0.905,-0.704,-0.87,0.928,-0.96,0.868,-0.964,0.891,0.952,0.96,-0.975,-0.973,0.854,-0.733,0.918,-0.96,-0.98,-0.949,-0.961,0.92,0.965,0.925,0.839,0.636,-0.942,-0.731,0.982,-0.82,-0.99,0.988,-0.415,-0.964,-0.898,-0.893,0.818,-0.976,-0.802,-0.715,0.98,-0.985,0.977,-0.847,-0.78,0.968,0.932,-0.954,0.94,0.231,-0.909,0.946,-0.918,-0.837,-0.814,-0.984,0.768,-0.955,EssenceCatalog/problems/csplib-prob010-SocialGolfers/params/ord19-9-8-4.param
0.933,-0.984,-0.936,-0.886,0.905,0.876,0.787,0.985,-0.369,-0.28,0.96,0.572,-0.209,0.919,0.941,0.969,-0.358,-0.965,0.935,0.844,0.075,-0.472,0.913,-0.91,-0.51,-0.963,0.472,0.964,0.924,-0.969,-0.885,-0.108,0.579,0.607,-0.944,-0.917,-0.901,-0.567,0.613,0.978,0.884,-0.14,0.757,-0.855,-0.868,0.932,-0.962,-0.984,0.972,-0.876,-0.978,-0.897,-0.935,-0.119,-0.964,0.22,0.469,0.977,-0.981,0.925,-0.627,0.539,0.955,0.592,-0.899,0.966,-0.365,-0.909,0.944,-0.633,0.193,0.396,-0.947,-0.459,-0.973,EssenceCatalog/problems/csplib-prob010-SocialGolfers/params/1d994426f529a01a6c9f8d54a3d74744.param
0.896,-0.939,-0.933,-0.878,0.889,0.807,0.271,0.977,0.231,-0.914,0.86,-0.077,-0.666,0.551,0.877,0.898,-0.824,-0.849,0.939,0.654,0.789,-0.105,0.814,-0.858,-0.88,-0.927,-0.042,0.941,0.808,-0.954,-0.65,-0.79,0.891,0.019,-0.868,-0.738,-0.767,0.582,0.222,0.963,0.758,-0.842,0.608,-0.589,-0.885,0.812,-0.975,-0.948,0.849,-0.924,-0.958,-0.748,-0.94,-0.582,-0.921,0.753,0.809,0.955,-0.941,0.695,-0.32,0.882,0.862,-0.424,-0.784,0.978,-0.717,-0.87,0.904,-0.079,0.827,0.831,-0.718,-0.867,-0.961,EssenceCatalog/problems/csplib-prob010-SocialGolfers/params/9a316310672c7495b642ec3742b3e635.param
0.966,-0.988,-0.885,-0.901,0.877,0.89,0.95,0.98,-0.901,0.789,0.982,0.89,0.413,0.978,0.93,0.979,0.727,-0.988,0.924,0.911,-0.696,-0.874,0.934,-0.963,0.863,-0.968,0.893,0.956,0.964,-0.978,-0.974,0.85,-0.72,0.916,-0.964,-0.982,-0.953,-0.963,0.922,0.969,0.931,0.831,0.653,-0.945,-0.752,0.983,-0.833,-0.991,0.989,-0.443,-0.967,-0.903,-0.903,0.812,-0.978,-0.799,-0.712,0.982,-0.986,0.979,-0.854,-0.773,0.971,0.934,-0.959,0.948,0.222,-0.914,0.952,-0.923,-0.831,-0.807,-0.986,0.766,-0.961,EssenceCatalog/problems/csplib-prob010-SocialGolfers/params/0dcb8fa9d14ebb04fd57bfb353dd215d.param
0.965,-0.988,-0.884,-0.901,0.876,0.889,0.95,0.98,-0.901,0.79,0.982,0.89,0.416,0.978,0.93,0.979,0.727,-0.988,0.924,0.911,-0.696,-0.874,0.934,-0.962,0.863,-0.968,0.893,0.955,0.964,-0.978,-0.974,0.85,-0.721,0.916,-0.964,-0.981,-0.953,-0.963,0.922,0.968,0.93,0.832,0.652,-0.945,-0.751,0.983,-0.833,-0.991,0.989,-0.442,-0.967,-0.903,-0.903,0.813,-0.978,-0.8,-0.712,0.982,-0.986,0.979,-0.854,-0.773,0.97,0.934,-0.958,0.947,0.224,-0.914,0.951,-0.922,-0.831,-0.807,-0.986,0.766,-0.96,EssenceCatalog/problems/csplib-prob010-SocialGolfers/params/675d530d59eb06f62cbbee28995c5dc1.param
0.933,-0.985,-0.934,-0.889,0.904,0.875,0.802,0.985,-0.383,-0.248,0.962,0.585,-0.202,0.923,0.941,0.969,-0.329,-0.966,0.935,0.847,0.042,-0.477,0.912,-0.91,-0.48,-0.965,0.482,0.965,0.925,-0.97,-0.891,-0.063,0.549,0.628,-0.946,-0.92,-0.901,-0.59,0.626,0.978,0.886,-0.096,0.751,-0.861,-0.867,0.934,-0.961,-0.985,0.973,-0.87,-0.978,-0.9,-0.935,-0.086,-0.966,0.194,0.431,0.977,-0.982,0.928,-0.643,0.505,0.956,0.619,-0.899,0.965,-0.351,-0.911,0.945,-0.643,0.155,0.354,-0.95,-0.437,-0.972,EssenceCatalog/problems/csplib-prob010-SocialGolfers/params/7ff572956df0bfaa753e3da5b8691f1d.param
0.964,-0.99,-0.889,-0.926,0.897,0.895,0.954,0.984,-0.896,0.743,0.984,0.878,0.428,0.98,0.934,0.984,0.725,-0.989,0.936,0.921,-0.66,-0.855,0.947,-0.963,0.82,-0.975,0.89,0.959,0.972,-0.982,-0.975,0.813,-0.635,0.906,-0.967,-0.982,-0.955,-0.96,0.912,0.975,0.939,0.791,0.659,-0.951,-0.825,0.983,-0.878,-0.993,0.99,-0.491,-0.976,-0.904,-0.92,0.782,-0.983,-0.763,-0.623,0.987,-0.987,0.981,-0.855,-0.703,0.977,0.928,-0.964,0.961,0.186,-0.924,0.962,-0.911,-0.813,-0.767,-0.984,0.759,-0.965,EssenceCatalog/problems/csplib-prob010-SocialGolfers/params/85b41e8dd9337f9149715662fe0be5d4.param
0.966,-0.988,-0.885,-0.902,0.877,0.89,0.95,0.98,-0.901,0.788,0.982,0.89,0.415,0.978,0.931,0.979,0.726,-0.988,0.925,0.912,-0.694,-0.874,0.935,-0.963,0.862,-0.968,0.893,0.956,0.964,-0.978,-0.975,0.849,-0.718,0.915,-0.964,-0.982,-0.953,-0.963,0.922,0.969,0.931,0.831,0.654,-0.946,-0.754,0.983,-0.835,-0.991,0.989,-0.446,-0.968,-0.904,-0.904,0.812,-0.979,-0.799,-0.71,0.982,-0.986,0.979,-0.855,-0.771,0.971,0.934,-0.959,0.948,0.222,-0.914,0.952,-0.923,-0.83,-0.806,-0.986,0.766,-0.961,EssenceCatalog/problems/csplib-prob010-SocialGolfers/params/450a59f9b258925b0d3c352ceb9bdeda.param
0.964,-0.987,-0.882,-0.899,0.874,0.887,0.949,0.979,-0.9,0.789,0.981,0.889,0.413,0.977,0.929,0.978,0.728,-0.988,0.921,0.91,-0.696,-0.872,0.933,-0.962,0.864,-0.967,0.892,0.955,0.963,-0.977,-0.974,0.849,-0.72,0.915,-0.963,-0.981,-0.951,-0.962,0.92,0.968,0.93,0.831,0.648,-0.944,-0.748,0.983,-0.83,-0.991,0.988,-0.435,-0.966,-0.901,-0.9,0.812,-0.978,-0.798,-0.71,0.982,-0.986,0.978,-0.852,-0.772,0.97,0.933,-0.957,0.946,0.22,-0.912,0.95,-0.921,-0.83,-0.807,-0.985,0.766,-0.96,EssenceCatalog/problems/csplib-prob010-SocialGolfers/params/30a02b20e1df46c9a56f77a017579fa4.param
0.966,-0.988,-0.886,-0.902,0.878,0.891,0.951,0.98,-0.901,0.788,0.982,0.891,0.411,0.978,0.931,0.979,0.726,-0.988,0.925,0.912,-0.695,-0.875,0.935,-0.963,0.863,-0.968,0.894,0.956,0.964,-0.978,-0.975,0.85,-0.719,0.915,-0.965,-0.982,-0.953,-0.963,0.922,0.969,0.931,0.83,0.655,-0.946,-0.753,0.983,-0.834,-0.991,0.989,-0.446,-0.967,-0.904,-0.904,0.812,-0.979,-0.799,-0.713,0.982,-0.986,0.979,-0.855,-0.773,0.971,0.934,-0.959,0.948,0.222,-0.914,0.952,-0.924,-0.83,-0.806,-0.986,0.766,-0.961,EssenceCatalog/problems/csplib-prob010-SocialGolfers/params/d3df48af4cd7bc447bc2dfc4caf7078f.param
0.966,-0.99,-0.891,-0.918,0.892,0.896,0.953,0.983,-0.899,0.761,0.984,0.886,0.418,0.98,0.934,0.983,0.724,-0.989,0.934,0.919,-0.674,-0.866,0.943,-0.964,0.839,-0.973,0.893,0.959,0.969,-0.981,-0.975,0.829,-0.671,0.91,-0.967,-0.982,-0.955,-0.962,0.918,0.973,0.937,0.808,0.663,-0.95,-0.8,0.984,-0.863,-0.992,0.99,-0.478,-0.974,-0.906,-0.916,0.795,-0.982,-0.78,-0.666,0.986,-0.987,0.98,-0.857,-0.735,0.975,0.932,-0.963,0.958,0.2,-0.921,0.959,-0.919,-0.819,-0.784,-0.985,0.762,-0.965,EssenceCatalog/problems/csplib-prob010-SocialGolfers/params/db2d449a9ccbc4c37af7846f0e64f3be.param
0.966,-0.988,-0.887,-0.903,0.879,0.891,0.951,0.98,-0.901,0.786,0.983,0.891,0.412,0.978,0.931,0.979,0.726,-0.988,0.926,0.913,-0.693,-0.875,0.936,-0.963,0.861,-0.969,0.894,0.956,0.965,-0.978,-0.975,0.848,-0.716,0.915,-0.965,-0.982,-0.953,-0.963,0.922,0.969,0.932,0.829,0.656,-0.946,-0.757,0.983,-0.837,-0.991,0.989,-0.45,-0.968,-0.904,-0.905,0.811,-0.979,-0.798,-0.71,0.983,-0.986,0.979,-0.856,-0.77,0.971,0.934,-0.959,0.949,0.22,-0.915,0.953,-0.923,-0.829,-0.805,-0.986,0.766,-0.962,EssenceCatalog/problems/csplib-prob010-SocialGolfers/params/7482b3fb54ebd72f9ccb3e9b21b4ac87.param
0.966,-0.988,-0.884,-0.901,0.876,0.889,0.95,0.98,-0.901,0.79,0.982,0.891,0.413,0.978,0.93,0.979,0.727,-0.988,0.924,0.911,-0.696,-0.875,0.934,-0.963,0.864,-0.968,0.893,0.956,0.964,-0.978,-0.974,0.851,-0.722,0.916,-0.964,-0.982,-0.952,-0.963,0.922,0.968,0.931,0.832,0.652,-0.945,-0.75,0.983,-0.832,-0.991,0.989,-0.442,-0.967,-0.903,-0.903,0.813,-0.978,-0.8,-0.714,0.982,-0.986,0.979,-0.854,-0.774,0.97,0.934,-0.958,0.947,0.224,-0.914,0.951,-0.923,-0.831,-0.807,-0.986,0.766,-0.96,EssenceCatalog/problems/csplib-prob010-SocialGolfers/params/496b3b4d6fc3defbb8df9e852e14f303.param
0.966,-0.988,-0.888,-0.906,0.881,0.892,0.951,0.981,-0.901,0.782,0.983,0.89,0.413,0.978,0.932,0.98,0.725,-0.989,0.928,0.914,-0.69,-0.874,0.937,-0.963,0.858,-0.97,0.893,0.957,0.965,-0.979,-0.975,0.845,-0.709,0.914,-0.965,-0.982,-0.954,-0.963,0.921,0.97,0.933,0.826,0.658,-0.947,-0.764,0.983,-0.841,-0.992,0.989,-0.455,-0.969,-0.905,-0.907,0.809,-0.979,-0.796,-0.704,0.983,-0.987,0.979,-0.856,-0.765,0.972,0.934,-0.96,0.951,0.216,-0.916,0.954,-0.923,-0.827,-0.802,-0.986,0.765,-0.962,EssenceCatalog/problems/csplib-prob010-SocialGolfers/params/6ddc2ada4b769f692e7b2abb95bd6e9c.param
0.965,-0.987,-0.881,-0.899,0.873,0.887,0.949,0.979,-0.901,0.793,0.982,0.889,0.417,0.977,0.929,0.978,0.728,-0.988,0.921,0.91,-0.698,-0.873,0.933,-0.962,0.864,-0.967,0.892,0.954,0.963,-0.977,-0.974,0.851,-0.723,0.916,-0.963,-0.981,-0.951,-0.962,0.921,0.967,0.929,0.833,0.648,-0.944,-0.746,0.983,-0.83,-0.991,0.989,-0.435,-0.966,-0.902,-0.9,0.814,-0.978,-0.8,-0.712,0.982,-0.986,0.978,-0.852,-0.774,0.97,0.933,-0.957,0.946,0.224,-0.912,0.95,-0.921,-0.833,-0.809,-0.985,0.767,-0.959,EssenceCatalog/problems/csplib-prob010-SocialGolfers/params/039fc98ab74f893da45fb8fcd5093b73.param
0.965,-0.988,-0.883,-0.901,0.876,0.889,0.95,0.98,-0.901,0.79,0.982,0.889,0.417,0.978,0.93,0.979,0.727,-0.988,0.923,0.911,-0.696,-0.873,0.934,-0.962,0.863,-0.968,0.893,0.955,0.964,-0.977,-0.974,0.849,-0.72,0.916,-0.964,-0.981,-0.952,-0.962,0.921,0.968,0.93,0.832,0.651,-0.945,-0.751,0.983,-0.833,-0.991,0.989,-0.442,-0.967,-0.903,-0.902,0.813,-0.978,-0.799,-0.71,0.982,-0.986,0.979,-0.854,-0.772,0.97,0.934,-0.958,0.947,0.224,-0.914,0.951,-0.922,-0.832,-0.807,-0.985,0.766,-0.96,EssenceCatalog/problems/csplib-prob010-SocialGolfers/params/787fada4a116e77ac6d4419e3b48c755.param
0.965,-0.988,-0.883,-0.9,0.875,0.889,0.95,0.979,-0.901,0.791,0.982,0.89,0.414,0.978,0.93,0.978,0.727,-0.988,0.923,0.911,-0.697,-0.874,0.934,-0.962,0.864,-0.968,0.893,0.955,0.963,-0.977,-0.974,0.85,-0.722,0.916,-0.964,-0.981,-0.952,-0.962,0.922,0.968,0.93,0.833,0.651,-0.945,-0.749,0.983,-0.832,-0.991,0.989,-0.44,-0.967,-0.903,-0.902,0.813,-0.978,-0.8,-0.713,0.982,-0.986,0.978,-0.853,-0.774,0.97,0.934,-0.958,0.947,0.223,-0.913,0.951,-0.922,-0.831,-0.808,-0.986,0.766,-0.96,EssenceCatalog/problems/csplib-prob010-SocialGolfers/params/9078e0a62b9cb6634cd644efd1501899.param
0.964,-0.987,-0.88,-0.897,0.872,0.886,0.949,0.978,-0.9,0.793,0.981,0.889,0.416,0.977,0.928,0.978,0.73,-0.988,0.92,0.908,-0.699,-0.872,0.932,-0.961,0.866,-0.966,0.892,0.954,0.962,-0.977,-0.974,0.852,-0.725,0.916,-0.963,-0.981,-0.951,-0.962,0.921,0.967,0.929,0.834,0.645,-0.944,-0.742,0.983,-0.827,-0.991,0.988,-0.43,-0.965,-0.901,-0.899,0.814,-0.977,-0.8,-0.714,0.981,-0.985,0.978,-0.851,-0.776,0.969,0.933,-0.957,0.944,0.225,-0.911,0.949,-0.921,-0.832,-0.81,-0.985,0.766,-0.959,EssenceCatalog/problems/csplib-prob010-SocialGolfers/params/b702b8c907aa3dba057809137b67ae77.param
0.966,-0.988,-0.885,-0.901,0.876,0.89,0.95,0.98,-0.901,0.79,0.982,0.891,0.412,0.978,0.93,0.979,0.726,-0.988,0.924,0.911,-0.696,-0.875,0.934,-0.963,0.864,-0.968,0.893,0.956,0.964,-0.978,-0.974,0.85,-0.721,0.916,-0.964,-0.982,-0.952,-0.963,0.922,0.968,0.931,0.832,0.653,-0.945,-0.75,0.983,-0.832,-0.991,0.989,-0.443,-0.967,-0.903,-0.903,0.813,-0.978,-0.8,-0.714,0.982,-0.986,0.979,-0.854,-0.774,0.97,0.934,-0.958,0.947,0.223,-0.914,0.951,-0.923,-0.831,-0.808,-0.986,0.766,-0.961,EssenceCatalog/problems/csplib-prob010-SocialGolfers/params/8178601cccc8181973b9690660ac31b6.param
0.918,-0.965,-0.945,-0.888,0.917,0.861,0.421,0.981,0.093,-0.853,0.918,0.077,-0.559,0.704,0.915,0.932,-0.792,-0.917,0.933,0.72,0.694,-0.246,0.859,-0.88,-0.852,-0.947,0.053,0.955,0.854,-0.956,-0.739,-0.712,0.852,0.154,-0.895,-0.811,-0.848,0.297,0.285,0.97,0.79,-0.732,0.712,-0.691,-0.896,0.868,-0.976,-0.964,0.922,-0.931,-0.966,-0.81,-0.937,-0.549,-0.925,0.701,0.784,0.966,-0.961,0.803,-0.46,0.866,0.889,-0.229,-0.843,0.98,-0.693,-0.891,0.916,-0.256,0.742,0.811,-0.819,-0.843,-0.968,EssenceCatalog/problems/csplib-prob010-SocialGolfers/params/3b7f19052375307398fdba7e1a5062b0.param
0.966,-0.988,-0.885,-0.902,0.877,0.89,0.95,0.98,-0.901,0.788,0.982,0.89,0.413,0.978,0.93,0.979,0.727,-0.988,0.924,0.911,-0.695,-0.874,0.934,-0.963,0.863,-0.968,0.893,0.956,0.964,-0.978,-0.975,0.849,-0.719,0.915,-0.964,-0.982,-0.953,-0.963,0.922,0.969,0.931,0.831,0.653,-0.945,-0.753,0.983,-0.834,-0.991,0.989,-0.443,-0.967,-0.903,-0.903,0.812,-0.978,-0.799,-0.711,0.982,-0.986,0.979,-0.854,-0.773,0.971,0.934,-0.959,0.948,0.222,-0.914,0.952,-0.923,-0.83,-0.807,-0.986,0.766,-0.961,EssenceCatalog/problems/csplib-prob010-SocialGolfers/params/d0c7e3cc520ed892d61aba7cb60026b2.param
0.963,-0.99,-0.89,-0.926,0.898,0.895,0.953,0.984,-0.892,0.73,0.983,0.875,0.417,0.98,0.934,0.984,0.713,-0.989,0.937,0.92,-0.651,-0.851,0.947,-0.962,0.808,-0.975,0.886,0.959,0.972,-0.981,-0.974,0.804,-0.616,0.903,-0.967,-0.981,-0.955,-0.958,0.91,0.975,0.938,0.781,0.661,-0.95,-0.827,0.983,-0.881,-0.992,0.99,-0.504,-0.977,-0.904,-0.921,0.772,-0.983,-0.752,-0.606,0.987,-0.987,0.98,-0.852,-0.687,0.977,0.926,-0.964,0.962,0.173,-0.924,0.962,-0.908,-0.805,-0.755,-0.983,0.747,-0.966,EssenceCatalog/problems/csplib-prob010-SocialGolfers/params/2cc872eadea82635651e384053b60571.param
0.907,-0.949,-0.935,-0.882,0.898,0.827,0.306,0.978,0.198,-0.898,0.882,-0.049,-0.643,0.601,0.893,0.909,-0.822,-0.873,0.939,0.683,0.765,-0.137,0.829,-0.865,-0.879,-0.936,-0.032,0.945,0.821,-0.955,-0.675,-0.773,0.879,0.059,-0.877,-0.764,-0.792,0.506,0.234,0.966,0.762,-0.814,0.642,-0.619,-0.892,0.83,-0.976,-0.954,0.879,-0.929,-0.961,-0.767,-0.941,-0.569,-0.924,0.741,0.805,0.958,-0.948,0.738,-0.375,0.878,0.865,-0.391,-0.799,0.98,-0.717,-0.879,0.907,-0.138,0.812,0.831,-0.753,-0.865,-0.964,EssenceCatalog/problems/csplib-prob010-SocialGolfers/params/374e1b057d1b1b899c82f5a573ce9b94.param
0.869,-0.922,-0.929,-0.864,0.876,0.769,0.236,0.971,0.25,-0.924,0.82,-0.091,-0.686,0.475,0.835,0.88,-0.818,-0.814,0.935,0.614,0.809,-0.078,0.782,-0.828,-0.873,-0.912,-0.062,0.928,0.775,-0.947,-0.63,-0.795,0.903,-0.078,-0.84,-0.693,-0.743,0.634,0.211,0.953,0.736,-0.867,0.574,-0.541,-0.867,0.784,-0.967,-0.931,0.798,-0.903,-0.949,-0.715,-0.93,-0.581,-0.911,0.755,0.805,0.944,-0.923,0.6,-0.243,0.88,0.849,-0.431,-0.756,0.971,-0.704,-0.845,0.891,-0.03,0.832,0.822,-0.672,-0.854,-0.95,EssenceCatalog/problems/csplib-prob010-SocialGolfers/params/b983ca5023732c67c96489160e81ed7f.param
0.967,-0.988,-0.888,-0.905,0.881,0.892,0.951,0.981,-0.901,0.783,0.983,0.891,0.41,0.978,0.932,0.98,0.725,-0.989,0.928,0.914,-0.691,-0.875,0.937,-0.964,0.859,-0.97,0.894,0.957,0.965,-0.979,-0.975,0.847,-0.711,0.914,-0.965,-0.982,-0.954,-0.963,0.922,0.97,0.933,0.827,0.659,-0.947,-0.762,0.984,-0.84,-0.992,0.989,-0.454,-0.969,-0.905,-0.907,0.809,-0.979,-0.796,-0.707,0.983,-0.987,0.979,-0.856,-0.767,0.972,0.934,-0.96,0.95,0.217,-0.916,0.954,-0.924,-0.827,-0.802,-0.986,0.765,-0.962,EssenceCatalog/problems/csplib-prob010-SocialGolfers/params/30ed89ef8413cfab09a7650aff5ee0d1.param
0.964,-0.99,-0.889,-0.927,0.897,0.895,0.954,0.984,-0.895,0.738,0.984,0.877,0.425,0.98,0.934,0.984,0.722,-0.989,0.936,0.921,-0.657,-0.854,0.947,-0.963,0.816,-0.975,0.889,0.959,0.972,-0.982,-0.975,0.81,-0.628,0.905,-0.967,-0.981,-0.955,-0.959,0.912,0.975,0.939,0.788,0.66,-0.951,-0.826,0.983,-0.88,-0.993,0.99,-0.495,-0.977,-0.904,-0.921,0.779,-0.983,-0.76,-0.617,0.987,-0.987,0.981,-0.854,-0.698,0.977,0.928,-0.964,0.962,0.182,-0.924,0.962,-0.91,-0.811,-0.763,-0.983,0.755,-0.966,EssenceCatalog/problems/csplib-prob010-SocialGolfers/params/8318e358c919416d891c2a1093edf8a2.param
0.966,-0.988,-0.888,-0.904,0.88,0.892,0.951,0.981,-0.901,0.784,0.983,0.891,0.412,0.978,0.932,0.98,0.725,-0.989,0.927,0.913,-0.692,-0.875,0.936,-0.963,0.86,-0.969,0.894,0.957,0.965,-0.979,-0.975,0.847,-0.713,0.915,-0.965,-0.982,-0.954,-0.963,0.922,0.97,0.933,0.828,0.658,-0.946,-0.761,0.984,-0.839,-0.992,0.989,-0.453,-0.968,-0.905,-0.906,0.81,-0.979,-0.797,-0.708,0.983,-0.987,0.979,-0.856,-0.768,0.972,0.934,-0.96,0.95,0.218,-0.916,0.953,-0.924,-0.828,-0.803,-0.986,0.765,-0.962,EssenceCatalog/problems/csplib-prob010-SocialGolfers/params/125d3cb93400cb1cab423ccbf66f7096.param
0.966,-0.988,-0.887,-0.903,0.879,0.891,0.951,0.98,-0.901,0.786,0.983,0.891,0.411,0.978,0.931,0.979,0.726,-0.988,0.926,0.913,-0.693,-0.875,0.936,-0.963,0.862,-0.969,0.894,0.956,0.965,-0.978,-0.975,0.848,-0.716,0.915,-0.965,-0.982,-0.953,-0.963,0.922,0.969,0.932,0.829,0.656,-0.946,-0.757,0.983,-0.837,-0.991,0.989,-0.449,-0.968,-0.904,-0.905,0.811,-0.979,-0.798,-0.71,0.983,-0.986,0.979,-0.855,-0.77,0.971,0.934,-0.959,0.949,0.22,-0.915,0.953,-0.923,-0.829,-0.805,-0.986,0.765,-0.962,EssenceCatalog/problems/csplib-prob010-SocialGolfers/params/a90697fbce39d97fd8fec8c220514e96.param
0.967,-0.989,-0.889,-0.905,0.882,0.893,0.951,0.981,-0.901,0.782,0.983,0.891,0.41,0.978,0.932,0.98,0.725,-0.989,0.928,0.914,-0.69,-0.875,0.937,-0.964,0.859,-0.97,0.894,0.957,0.965,-0.979,-0.975,0.846,-0.71,0.914,-0.966,-0.982,-0.954,-0.963,0.922,0.97,0.933,0.826,0.659,-0.947,-0.764,0.984,-0.841,-0.992,0.989,-0.456,-0.969,-0.905,-0.907,0.809,-0.98,-0.796,-0.706,0.983,-0.987,0.979,-0.857,-0.766,0.972,0.934,-0.96,0.951,0.217,-0.916,0.954,-0.924,-0.827,-0.802,-0.986,0.765,-0.963,EssenceCatalog/problems/csplib-prob010-SocialGolfers/params/26c3502fd9febdd9674fec88abf8a662.param
0.966,-0.988,-0.885,-0.901,0.877,0.89,0.95,0.98,-0.901,0.79,0.982,0.891,0.413,0.978,0.93,0.979,0.726,-0.988,0.924,0.911,-0.696,-0.875,0.934,-0.963,0.864,-0.968,0.893,0.956,0.964,-0.978,-0.975,0.85,-0.721,0.916,-0.964,-0.982,-0.953,-0.963,0.922,0.968,0.931,0.832,0.653,-0.945,-0.751,0.983,-0.833,-0.991,0.989,-0.444,-0.967,-0.904,-0.903,0.812,-0.978,-0.8,-0.714,0.982,-0.986,0.979,-0.854,-0.774,0.971,0.934,-0.958,0.948,0.223,-0.914,0.952,-0.923,-0.831,-0.807,-0.986,0.766,-0.961,EssenceCatalog/problems/csplib-prob010-SocialGolfers/params/262fa177152cb3e59c151aac6a8b8119.param
0.929,-0.98,-0.946,-0.884,0.918,0.885,0.66,0.984,-0.212,-0.573,0.945,0.402,-0.377,0.874,0.937,0.962,-0.586,-0.957,0.931,0.804,0.407,-0.404,0.895,-0.898,-0.702,-0.96,0.296,0.961,0.91,-0.963,-0.85,-0.38,0.746,0.442,-0.937,-0.888,-0.891,-0.239,0.51,0.975,0.855,-0.441,0.767,-0.805,-0.881,0.905,-0.968,-0.978,0.963,-0.908,-0.977,-0.873,-0.936,-0.349,-0.952,0.459,0.641,0.976,-0.975,0.883,-0.563,0.738,0.94,0.35,-0.89,0.976,-0.506,-0.9,0.941,-0.502,0.44,0.641,-0.913,-0.679,-0.974,EssenceCatalog/problems/csplib-prob010-SocialGolfers/params/f3cc7e845116cd0fddedcce2795ff498.param
0.965,-0.989,-0.888,-0.911,0.886,0.893,0.952,0.982,-0.899,0.769,0.983,0.887,0.411,0.978,0.932,0.981,0.723,-0.988,0.93,0.915,-0.681,-0.868,0.94,-0.963,0.848,-0.971,0.892,0.957,0.967,-0.979,-0.975,0.835,-0.687,0.911,-0.966,-0.982,-0.953,-0.962,0.918,0.971,0.935,0.815,0.658,-0.947,-0.782,0.983,-0.851,-0.992,0.989,-0.464,-0.971,-0.904,-0.91,0.799,-0.98,-0.786,-0.682,0.984,-0.987,0.979,-0.855,-0.747,0.973,0.932,-0.961,0.954,0.203,-0.917,0.956,-0.92,-0.82,-0.791,-0.985,0.761,-0.963,EssenceCatalog/problems/csplib-prob010-SocialGolfers/params/c7fd201799ec3e6b8152cc1f565b6c08.param
0.96,-0.985,-0.866,-0.89,0.858,0.875,0.945,0.975,-0.898,0.804,0.979,0.884,0.434,0.975,0.922,0.975,0.734,-0.986,0.908,0.901,-0.708,-0.865,0.924,-0.958,0.87,-0.961,0.889,0.949,0.959,-0.973,-0.972,0.854,-0.737,0.918,-0.958,-0.979,-0.946,-0.961,0.919,0.963,0.922,0.842,0.628,-0.94,-0.721,0.981,-0.814,-0.989,0.987,-0.402,-0.962,-0.894,-0.887,0.82,-0.974,-0.802,-0.714,0.978,-0.984,0.975,-0.843,-0.781,0.966,0.931,-0.952,0.936,0.232,-0.905,0.943,-0.914,-0.84,-0.816,-0.984,0.769,-0.952,EssenceCatalog/problems/csplib-prob010-SocialGolfers/params/ord28-3-6-6.param
0.931,-0.985,-0.93,-0.892,0.903,0.875,0.836,0.986,-0.475,-0.126,0.967,0.655,-0.131,0.935,0.937,0.97,-0.193,-0.967,0.935,0.852,-0.076,-0.54,0.916,-0.916,-0.316,-0.967,0.55,0.965,0.934,-0.971,-0.905,0.074,0.431,0.68,-0.943,-0.927,-0.91,-0.683,0.657,0.977,0.881,0.036,0.738,-0.878,-0.864,0.944,-0.955,-0.986,0.975,-0.852,-0.978,-0.902,-0.935,0.014,-0.967,0.074,0.301,0.978,-0.983,0.938,-0.67,0.377,0.957,0.699,-0.909,0.961,-0.288,-0.911,0.945,-0.676,-0.005,0.196,-0.957,-0.274,-0.97,EssenceCatalog/problems/csplib-prob010-SocialGolfers/params/19aa65db8ebac66666633d85fd24f201.param
0.967,-0.989,-0.89,-0.907,0.884,0.894,0.952,0.982,-0.901,0.78,0.983,0.891,0.41,0.979,0.933,0.98,0.724,-0.989,0.929,0.915,-0.688,-0.875,0.938,-0.964,0.857,-0.971,0.894,0.958,0.966,-0.979,-0.975,0.844,-0.706,0.914,-0.966,-0.982,-0.954,-0.963,0.922,0.971,0.934,0.824,0.661,-0.947,-0.769,0.984,-0.844,-0.992,0.99,-0.46,-0.97,-0.906,-0.909,0.807,-0.98,-0.795,-0.703,0.984,-0.987,0.98,-0.857,-0.764,0.972,0.934,-0.961,0.952,0.215,-0.917,0.955,-0.924,-0.826,-0.8,-0.986,0.765,-0.963,EssenceCatalog/problems/csplib-prob010-SocialGolfers/params/209e8b695f612e5574a46a417bfe1bdc.param
0.966,-0.988,-0.886,-0.902,0.878,0.891,0.951,0.98,-0.901,0.788,0.982,0.891,0.411,0.978,0.931,0.979,0.726,-0.988,0.925,0.912,-0.695,-0.875,0.935,-0.963,0.863,-0.968,0.894,0.956,0.964,-0.978,-0.975,0.85,-0.719,0.915,-0.965,-0.982,-0.953,-0.963,0.922,0.969,0.931,0.831,0.655,-0.946,-0.753,0.983,-0.834,-0.991,0.989,-0.447,-0.967,-0.904,-0.904,0.812,-0.979,-0.799,-0.713,0.982,-0.986,0.979,-0.855,-0.773,0.971,0.934,-0.959,0.948,0.222,-0.914,0.952,-0.924,-0.83,-0.806,-0.986,0.766,-0.961,EssenceCatalog/problems/csplib-prob010-SocialGolfers/params/0f5963a526183eceaacd81e4a23363b3.param
0.966,-0.988,-0.887,-0.903,0.879,0.891,0.951,0.98,-0.901,0.786,0.982,0.891,0.412,0.978,0.931,0.979,0.726,-0.988,0.926,0.912,-0.693,-0.875,0.935,-0.963,0.862,-0.969,0.894,0.956,0.964,-0.978,-0.975,0.849,-0.717,0.915,-0.965,-0.982,-0.953,-0.963,0.922,0.969,0.932,0.83,0.656,-0.946,-0.756,0.983,-0.836,-0.991,0.989,-0.448,-0.968,-0.904,-0.905,0.811,-0.979,-0.798,-0.711,0.983,-0.986,0.979,-0.855,-0.771,0.971,0.934,-0.959,0.949,0.221,-0.915,0.952,-0.924,-0.829,-0.806,-0.986,0.765,-0.962,EssenceCatalog/problems/csplib-prob010-SocialGolfers/params/ord14-10-9-3.param
0.967,-0.989,-0.89,-0.908,0.884,0.894,0.952,0.982,-0.901,0.779,0.983,0.891,0.41,0.979,0.933,0.981,0.724,-0.989,0.93,0.915,-0.687,-0.874,0.938,-0.964,0.856,-0.971,0.894,0.958,0.966,-0.979,-0.975,0.844,-0.704,0.913,-0.966,-0.982,-0.955,-0.963,0.921,0.971,0.934,0.823,0.662,-0.947,-0.771,0.984,-0.845,-0.992,0.99,-0.461,-0.97,-0.906,-0.909,0.806,-0.98,-0.794,-0.701,0.984,-0.987,0.98,-0.858,-0.762,0.973,0.934,-0.961,0.952,0.213,-0.917,0.955,-0.924,-0.825,-0.799,-0.986,0.764,-0.963,EssenceCatalog/problems/csplib-prob010-SocialGolfers/params/6fd7e3b9b68c4cc14329e476b586eb93.param
0.957,-0.984,-0.859,-0.886,0.85,0.869,0.942,0.972,-0.897,0.808,0.978,0.882,0.441,0.974,0.919,0.973,0.737,-0.985,0.901,0.896,-0.713,-0.862,0.92,-0.956,0.872,-0.958,0.887,0.947,0.957,-0.971,-0.971,0.855,-0.742,0.919,-0.955,-0.978,-0.943,-0.96,0.917,0.96,0.919,0.844,0.618,-0.938,-0.709,0.98,-0.806,-0.989,0.986,-0.386,-0.959,-0.891,-0.879,0.822,-0.972,-0.802,-0.714,0.977,-0.983,0.974,-0.838,-0.783,0.964,0.929,-0.95,0.931,0.234,-0.901,0.94,-0.911,-0.842,-0.819,-0.983,0.771,-0.949,EssenceCatalog/problems/csplib-prob010-SocialGolfers/params/ord23-5-6-5.param
0.965,-0.99,-0.89,-0.922,0.894,0.895,0.954,0.983,-0.897,0.753,0.984,0.882,0.422,0.98,0.934,0.983,0.724,-0.989,0.935,0.92,-0.667,-0.861,0.945,-0.963,0.83,-0.974,0.891,0.959,0.971,-0.981,-0.975,0.822,-0.655,0.908,-0.967,-0.982,-0.955,-0.961,0.915,0.974,0.938,0.8,0.661,-0.95,-0.811,0.983,-0.87,-0.992,0.99,-0.484,-0.975,-0.905,-0.918,0.789,-0.982,-0.772,-0.647,0.986,-0.987,0.981,-0.856,-0.721,0.976,0.93,-0.964,0.959,0.194,-0.922,0.96,-0.915,-0.816,-0.776,-0.984,0.76,-0.965,EssenceCatalog/problems/csplib-prob010-SocialGolfers/params/98dc86debd73d3781680a6343b67bb12.param
0.965,-0.988,-0.883,-0.9,0.875,0.888,0.95,0.979,-0.901,0.791,0.982,0.89,0.416,0.978,0.93,0.978,0.728,-0.988,0.923,0.91,-0.697,-0.874,0.933,-0.962,0.864,-0.967,0.893,0.955,0.963,-0.977,-0.974,0.851,-0.723,0.916,-0.964,-0.981,-0.952,-0.962,0.922,0.968,0.93,0.833,0.65,-0.945,-0.748,0.983,-0.831,-0.991,0.989,-0.439,-0.967,-0.902,-0.902,0.814,-0.978,-0.8,-0.713,0.982,-0.986,0.978,-0.853,-0.775,0.97,0.934,-0.958,0.946,0.225,-0.913,0.951,-0.922,-0.832,-0.809,-0.985,0.766,-0.96,EssenceCatalog/problems/csplib-prob010-SocialGolfers/params/4f1ef8f5d208ce13ef17d98c570ad36d.param
0.931,-0.983,-0.939,-0.886,0.911,0.878,0.765,0.985,-0.337,-0.355,0.957,0.531,-0.254,0.908,0.937,0.967,-0.41,-0.962,0.935,0.827,0.173,-0.452,0.905,-0.903,-0.554,-0.962,0.424,0.964,0.922,-0.967,-0.876,-0.167,0.628,0.566,-0.941,-0.909,-0.9,-0.489,0.579,0.977,0.875,-0.226,0.749,-0.847,-0.873,0.924,-0.963,-0.983,0.97,-0.891,-0.979,-0.893,-0.937,-0.196,-0.962,0.305,0.504,0.978,-0.98,0.916,-0.624,0.609,0.951,0.541,-0.896,0.97,-0.405,-0.908,0.944,-0.59,0.236,0.46,-0.94,-0.519,-0.972,EssenceCatalog/problems/csplib-prob010-SocialGolfers/params/044f838e6e52dbf1593bce568f6ba3e3.param
0.965,-0.987,-0.882,-0.9,0.874,0.888,0.949,0.979,-0.901,0.792,0.982,0.89,0.417,0.978,0.929,0.978,0.728,-0.988,0.922,0.91,-0.697,-0.874,0.933,-0.962,0.864,-0.967,0.893,0.955,0.963,-0.977,-0.974,0.851,-0.724,0.916,-0.964,-0.981,-0.952,-0.962,0.921,0.968,0.93,0.833,0.649,-0.945,-0.747,0.983,-0.831,-0.991,0.989,-0.437,-0.966,-0.902,-0.901,0.814,-0.978,-0.8,-0.713,0.982,-0.986,0.978,-0.853,-0.775,0.97,0.934,-0.958,0.946,0.225,-0.913,0.951,-0.922,-0.832,-0.809,-0.985,0.767,-0.96,EssenceCatalog/problems/csplib-prob010-SocialGolfers/params/637ab48feaf1c1b1820e1b4068fcd949.param
0.91,-0.953,-0.937,-0.885,0.902,0.833,0.325,0.978,0.179,-0.891,0.891,-0.031,-0.625,0.622,0.898,0.914,-0.821,-0.883,0.937,0.693,0.753,-0.15,0.835,-0.868,-0.875,-0.939,-0.018,0.947,0.826,-0.956,-0.688,-0.763,0.873,0.074,-0.881,-0.774,-0.805,0.469,0.241,0.967,0.765,-0.801,0.655,-0.635,-0.895,0.839,-0.976,-0.957,0.889,-0.93,-0.962,-0.776,-0.94,-0.564,-0.924,0.737,0.804,0.96,-0.95,0.752,-0.397,0.877,0.869,-0.371,-0.807,0.98,-0.717,-0.881,0.908,-0.163,0.802,0.827,-0.766,-0.864,-0.965,EssenceCatalog/problems/csplib-prob010-SocialGolfers/params/fc77bc20eb05f0914f34e226a1e45353.param
0.908,-0.949,-0.935,-0.883,0.898,0.826,0.314,0.978,0.198,-0.897,0.882,-0.048,-0.638,0.605,0.894,0.91,-0.824,-0.875,0.939,0.685,0.762,-0.142,0.83,-0.865,-0.878,-0.936,-0.034,0.945,0.821,-0.955,-0.677,-0.772,0.877,0.06,-0.878,-0.768,-0.796,0.502,0.237,0.966,0.762,-0.814,0.646,-0.622,-0.892,0.831,-0.976,-0.955,0.88,-0.93,-0.961,-0.768,-0.941,-0.568,-0.924,0.741,0.805,0.959,-0.948,0.739,-0.377,0.878,0.866,-0.387,-0.799,0.98,-0.716,-0.879,0.908,-0.145,0.811,0.831,-0.756,-0.865,-0.964,EssenceCatalog/problems/csplib-prob010-SocialGolfers/params/de9826d1bce14be8c456fe39cc7503cc.param
0.872,-0.923,-0.928,-0.864,0.876,0.771,0.235,0.971,0.249,-0.923,0.822,-0.095,-0.685,0.477,0.837,0.881,-0.819,-0.814,0.936,0.616,0.809,-0.076,0.783,-0.829,-0.874,-0.913,-0.064,0.928,0.776,-0.947,-0.63,-0.795,0.903,-0.076,-0.841,-0.696,-0.744,0.634,0.211,0.953,0.736,-0.866,0.578,-0.542,-0.867,0.784,-0.967,-0.932,0.801,-0.904,-0.949,-0.716,-0.931,-0.579,-0.911,0.755,0.804,0.944,-0.923,0.603,-0.247,0.88,0.849,-0.432,-0.757,0.971,-0.705,-0.847,0.892,-0.034,0.833,0.823,-0.673,-0.855,-0.951,EssenceCatalog/problems/csplib-prob010-SocialGolfers/params/f76f9a89b50d3068408af1562ebe2846.param
0.869,-0.921,-0.927,-0.861,0.875,0.767,0.232,0.97,0.25,-0.923,0.818,-0.099,-0.686,0.469,0.832,0.877,-0.818,-0.81,0.936,0.61,0.811,-0.075,0.78,-0.824,-0.872,-0.911,-0.068,0.926,0.771,-0.946,-0.626,-0.794,0.903,-0.088,-0.837,-0.691,-0.743,0.639,0.209,0.952,0.731,-0.867,0.576,-0.537,-0.865,0.781,-0.966,-0.93,0.795,-0.902,-0.947,-0.711,-0.93,-0.576,-0.91,0.754,0.801,0.943,-0.921,0.591,-0.242,0.88,0.846,-0.434,-0.753,0.97,-0.704,-0.843,0.89,-0.034,0.833,0.822,-0.669,-0.853,-0.949,EssenceCatalog/problems/csplib-prob010-SocialGolfers/params/69825952a71980bdeff1ed94931fb77c.param
0.966,-0.988,-0.886,-0.902,0.878,0.891,0.951,0.98,-0.901,0.788,0.982,0.891,0.412,0.978,0.931,0.979,0.726,-0.988,0.926,0.912,-0.694,-0.875,0.935,-0.963,0.862,-0.969,0.894,0.956,0.964,-0.978,-0.975,0.849,-0.718,0.915,-0.965,-0.982,-0.953,-0.963,0.922,0.969,0.932,0.83,0.655,-0.946,-0.755,0.983,-0.835,-0.991,0.989,-0.447,-0.968,-0.904,-0.905,0.812,-0.979,-0.799,-0.711,0.983,-0.986,0.979,-0.855,-0.772,0.971,0.934,-0.959,0.949,0.221,-0.915,0.952,-0.923,-0.83,-0.806,-0.986,0.766,-0.961,EssenceCatalog/problems/csplib-prob010-SocialGolfers/params/29e2f3c1c3d25609ea2524850ecd9b77.param
0.966,-0.988,-0.884,-0.901,0.876,0.889,0.95,0.98,-0.901,0.79,0.982,0.89,0.414,0.978,0.93,0.979,0.727,-0.988,0.924,0.911,-0.696,-0.874,0.934,-0.963,0.864,-0.968,0.893,0.956,0.964,-0.978,-0.974,0.85,-0.721,0.916,-0.964,-0.982,-0.952,-0.963,0.922,0.968,0.931,0.832,0.652,-0.945,-0.75,0.983,-0.832,-0.991,0.989,-0.442,-0.967,-0.903,-0.903,0.813,-0.978,-0.799,-0.713,0.982,-0.986,0.979,-0.854,-0.774,0.97,0.934,-0.958,0.947,0.223,-0.914,0.951,-0.923,-0.831,-0.808,-0.986,0.766,-0.96,EssenceCatalog/problems/csplib-prob010-SocialGolfers/params/6af2dd447b88fc9de87e52bcd8e98223.param
0.922,-0.968,-0.947,-0.887,0.919,0.868,0.466,0.982,0.04,-0.826,0.923,0.139,-0.534,0.741,0.921,0.939,-0.769,-0.928,0.931,0.732,0.659,-0.278,0.864,-0.885,-0.838,-0.95,0.082,0.957,0.864,-0.958,-0.765,-0.678,0.841,0.193,-0.904,-0.826,-0.855,0.219,0.324,0.971,0.805,-0.694,0.731,-0.715,-0.895,0.874,-0.975,-0.967,0.931,-0.928,-0.968,-0.822,-0.937,-0.525,-0.931,0.669,0.769,0.969,-0.964,0.819,-0.484,0.856,0.9,-0.127,-0.856,0.98,-0.672,-0.894,0.921,-0.301,0.706,0.792,-0.836,-0.826,-0.97,EssenceCatalog/problems/csplib-prob010-SocialGolfers/params/0446045ec2597ff87492b515d00f8f7c.param
0.967,-0.989,-0.89,-0.908,0.884,0.894,0.952,0.982,-0.901,0.777,0.983,0.891,0.409,0.979,0.933,0.981,0.724,-0.989,0.93,0.915,-0.687,-0.874,0.938,-0.964,0.856,-0.971,0.894,0.958,0.966,-0.979,-0.975,0.843,-0.702,0.913,-0.966,-0.982,-0.954,-0.963,0.921,0.971,0.934,0.822,0.661,-0.947,-0.771,0.984,-0.845,-0.992,0.99,-0.461,-0.97,-0.906,-0.909,0.806,-0.98,-0.793,-0.7,0.984,-0.987,0.98,-0.857,-0.761,0.973,0.934,-0.961,0.952,0.212,-0.917,0.955,-0.924,-0.824,-0.799,-0.986,0.764,-0.964,EssenceCatalog/problems/csplib-prob010-SocialGolfers/params/c65c56961d682e20f8c805e1dbf2bbdd.param
0.922,-0.97,-0.948,-0.887,0.919,0.869,0.482,0.982,0.012,-0.811,0.925,0.175,-0.523,0.757,0.922,0.943,-0.752,-0.933,0.929,0.741,0.641,-0.281,0.862,-0.885,-0.832,-0.951,0.102,0.958,0.867,-0.958,-0.779,-0.656,0.838,0.207,-0.907,-0.828,-0.854,0.179,0.337,0.971,0.81,-0.671,0.734,-0.721,-0.893,0.873,-0.974,-0.968,0.936,-0.925,-0.969,-0.826,-0.936,-0.511,-0.934,0.656,0.763,0.969,-0.965,0.824,-0.497,0.849,0.905,-0.072,-0.861,0.98,-0.657,-0.894,0.921,-0.321,0.683,0.774,-0.837,-0.815,-0.971,EssenceCatalog/problems/csplib-prob010-SocialGolfers/params/9b28c66d529f5dae3e7c30dcf33adb4d.param
0.964,-0.987,-0.879,-0.898,0.871,0.885,0.948,0.978,-0.9,0.795,0.981,0.888,0.421,0.977,0.928,0.977,0.73,-0.988,0.919,0.908,-0.699,-0.872,0.931,-0.961,0.865,-0.966,0.892,0.953,0.962,-0.976,-0.974,0.851,-0.726,0.917,-0.962,-0.981,-0.951,-0.962,0.921,0.967,0.928,0.835,0.644,-0.944,-0.742,0.983,-0.828,-0.991,0.988,-0.43,-0.966,-0.9,-0.898,0.815,-0.977,-0.8,-0.712,0.981,-0.985,0.978,-0.851,-0.776,0.969,0.933,-0.957,0.944,0.227,-0.911,0.949,-0.92,-0.834,-0.81,-0.985,0.767,-0.958,EssenceCatalog/problems/csplib-prob010-SocialGolfers/params/edfd9f9baabea882326420d872ffdc2b.param
0.929,-0.979,-0.948,-0.883,0.92,0.885,0.634,0.984,-0.181,-0.629,0.943,0.368,-0.407,0.86,0.936,0.96,-0.626,-0.955,0.931,0.793,0.46,-0.39,0.892,-0.897,-0.729,-0.959,0.262,0.961,0.904,-0.962,-0.841,-0.438,0.765,0.403,-0.933,-0.881,-0.889,-0.166,0.482,0.975,0.849,-0.488,0.768,-0.795,-0.884,0.9,-0.969,-0.977,0.959,-0.911,-0.976,-0.865,-0.936,-0.382,-0.949,0.496,0.667,0.976,-0.974,0.875,-0.553,0.766,0.936,0.281,-0.888,0.977,-0.542,-0.899,0.938,-0.474,0.489,0.673,-0.904,-0.709,-0.974,EssenceCatalog/problems/csplib-prob010-SocialGolfers/params/4408ae61a0e05e1ec5c8f499cedc7afe.param
0.964,-0.99,-0.889,-0.927,0.897,0.895,0.953,0.984,-0.894,0.736,0.983,0.876,0.423,0.98,0.934,0.984,0.72,-0.989,0.936,0.921,-0.655,-0.853,0.947,-0.963,0.814,-0.975,0.888,0.959,0.972,-0.982,-0.975,0.809,-0.625,0.905,-0.967,-0.981,-0.955,-0.959,0.911,0.975,0.939,0.786,0.66,-0.951,-0.827,0.983,-0.88,-0.993,0.99,-0.496,-0.977,-0.904,-0.921,0.778,-0.983,-0.758,-0.615,0.987,-0.987,0.981,-0.853,-0.695,0.977,0.927,-0.964,0.962,0.181,-0.924,0.962,-0.91,-0.809,-0.761,-0.983,0.753,-0.966,EssenceCatalog/problems/csplib-prob010-SocialGolfers/params/ef3593821cdedb499b8f11bf7f0cb732.param
0.966,-0.99,-0.89,-0.917,0.891,0.895,0.953,0.983,-0.899,0.763,0.984,0.886,0.417,0.98,0.934,0.982,0.724,-0.989,0.933,0.919,-0.676,-0.867,0.943,-0.964,0.841,-0.973,0.893,0.958,0.969,-0.981,-0.975,0.831,-0.675,0.91,-0.967,-0.982,-0.955,-0.962,0.918,0.973,0.937,0.81,0.662,-0.949,-0.797,0.984,-0.861,-0.992,0.99,-0.476,-0.973,-0.906,-0.915,0.796,-0.982,-0.782,-0.67,0.985,-0.987,0.98,-0.857,-0.738,0.975,0.932,-0.963,0.957,0.201,-0.921,0.959,-0.919,-0.82,-0.786,-0.985,0.763,-0.965,EssenceCatalog/problems/csplib-prob010-SocialGolfers/params/5aeed09b2ec0188b34b3ac3de4fdd857.param
0.966,-0.989,-0.888,-0.91,0.885,0.893,0.952,0.982,-0.899,0.771,0.983,0.887,0.411,0.979,0.932,0.981,0.724,-0.988,0.93,0.915,-0.682,-0.869,0.939,-0.963,0.85,-0.971,0.892,0.957,0.967,-0.979,-0.975,0.837,-0.69,0.911,-0.966,-0.982,-0.953,-0.962,0.918,0.971,0.935,0.816,0.658,-0.947,-0.779,0.983,-0.849,-0.992,0.989,-0.463,-0.97,-0.904,-0.91,0.801,-0.98,-0.787,-0.686,0.984,-0.987,0.979,-0.856,-0.75,0.973,0.932,-0.961,0.953,0.205,-0.917,0.956,-0.92,-0.821,-0.792,-0.985,0.762,-0.963,EssenceCatalog/problems/csplib-prob010-SocialGolfers/params/2afbbcfa9f53656ea4659405495518a0.param
0.89,-0.935,-0.932,-0.875,0.885,0.798,0.259,0.976,0.237,-0.917,0.85,-0.088,-0.673,0.53,0.869,0.893,-0.825,-0.838,0.94,0.644,0.796,-0.094,0.806,-0.852,-0.88,-0.923,-0.056,0.938,0.8,-0.952,-0.643,-0.794,0.894,-0.003,-0.862,-0.73,-0.76,0.601,0.219,0.961,0.754,-0.85,0.599,-0.578,-0.88,0.804,-0.974,-0.945,0.837,-0.92,-0.956,-0.74,-0.939,-0.582,-0.919,0.755,0.809,0.953,-0.937,0.673,-0.298,0.882,0.86,-0.431,-0.777,0.977,-0.716,-0.865,0.902,-0.063,0.83,0.831,-0.705,-0.866,-0.959,EssenceCatalog/problems/csplib-prob010-SocialGolfers/params/9baf78ea23a568b60027bfb52b7b9295.param
0.926,-0.975,-0.949,-0.884,0.921,0.88,0.559,0.983,-0.093,-0.737,0.935,0.275,-0.47,0.815,0.93,0.953,-0.7,-0.946,0.93,0.766,0.571,-0.345,0.88,-0.892,-0.785,-0.955,0.179,0.96,0.889,-0.96,-0.814,-0.558,0.807,0.31,-0.922,-0.86,-0.878,0.02,0.408,0.973,0.829,-0.593,0.757,-0.762,-0.89,0.887,-0.972,-0.973,0.949,-0.919,-0.973,-0.848,-0.936,-0.457,-0.941,0.586,0.721,0.973,-0.97,0.851,-0.523,0.815,0.922,0.105,-0.877,0.979,-0.605,-0.896,0.931,-0.393,0.594,0.736,-0.876,-0.772,-0.973,EssenceCatalog/problems/csplib-prob010-SocialGolfers/params/e242baded10039b15c9943d2fa9a763a.param
0.932,-0.983,-0.94,-0.885,0.909,0.878,0.757,0.985,-0.322,-0.368,0.956,0.522,-0.258,0.907,0.94,0.967,-0.43,-0.963,0.935,0.831,0.181,-0.445,0.907,-0.904,-0.577,-0.962,0.422,0.963,0.92,-0.968,-0.874,-0.189,0.644,0.561,-0.943,-0.909,-0.898,-0.481,0.581,0.977,0.879,-0.241,0.756,-0.842,-0.872,0.924,-0.964,-0.983,0.97,-0.891,-0.979,-0.893,-0.936,-0.202,-0.962,0.312,0.527,0.977,-0.979,0.915,-0.612,0.618,0.952,0.528,-0.895,0.97,-0.407,-0.907,0.945,-0.594,0.267,0.482,-0.94,-0.538,-0.973,EssenceCatalog/problems/csplib-prob010-SocialGolfers/params/742b602b1db21c0d6b146935f536472b.param
0.902,-0.943,-0.935,-0.881,0.893,0.817,0.281,0.978,0.223,-0.908,0.869,-0.062,-0.658,0.573,0.885,0.904,-0.822,-0.861,0.939,0.664,0.78,-0.123,0.82,-0.864,-0.881,-0.931,-0.031,0.943,0.815,-0.955,-0.661,-0.786,0.887,0.042,-0.873,-0.748,-0.773,0.553,0.229,0.965,0.762,-0.831,0.619,-0.6,-0.888,0.822,-0.976,-0.951,0.861,-0.927,-0.959,-0.756,-0.941,-0.579,-0.923,0.749,0.808,0.956,-0.945,0.718,-0.341,0.881,0.864,-0.409,-0.793,0.979,-0.715,-0.876,0.905,-0.098,0.822,0.83,-0.731,-0.868,-0.962,EssenceCatalog/problems/csplib-prob010-SocialGolfers/params/adf1f25d1f64f976418cd62903d5528c.param
0.919,-0.965,-0.945,-0.888,0.917,0.862,0.429,0.981,0.085,-0.847,0.917,0.089,-0.553,0.711,0.916,0.933,-0.787,-0.919,0.933,0.722,0.689,-0.253,0.859,-0.882,-0.85,-0.947,0.054,0.955,0.856,-0.957,-0.745,-0.707,0.85,0.163,-0.897,-0.813,-0.847,0.286,0.296,0.97,0.793,-0.727,0.712,-0.697,-0.896,0.869,-0.976,-0.964,0.923,-0.93,-0.967,-0.811,-0.937,-0.543,-0.927,0.694,0.782,0.967,-0.961,0.805,-0.463,0.865,0.892,-0.205,-0.845,0.981,-0.687,-0.892,0.918,-0.262,0.734,0.806,-0.821,-0.84,-0.969,EssenceCatalog/problems/csplib-prob010-SocialGolfers/params/1f7d283e0e5359c0418c011001fd2361.param
0.935,-0.984,-0.935,-0.885,0.905,0.877,0.788,0.985,-0.385,-0.259,0.96,0.581,-0.199,0.921,0.941,0.97,-0.341,-0.966,0.935,0.844,0.069,-0.494,0.916,-0.912,-0.482,-0.964,0.486,0.964,0.926,-0.969,-0.888,-0.084,0.561,0.618,-0.945,-0.919,-0.903,-0.583,0.63,0.977,0.885,-0.12,0.761,-0.856,-0.867,0.933,-0.959,-0.984,0.973,-0.869,-0.978,-0.895,-0.933,-0.092,-0.963,0.193,0.452,0.978,-0.98,0.926,-0.629,0.521,0.955,0.595,-0.902,0.966,-0.365,-0.908,0.944,-0.651,0.172,0.387,-0.948,-0.446,-0.974,EssenceCatalog/problems/csplib-prob010-SocialGolfers/params/5e04cd5db6f93dbdbf5437fca9111504.param
0.966,-0.988,-0.885,-0.903,0.878,0.89,0.95,0.98,-0.901,0.788,0.982,0.89,0.414,0.978,0.931,0.979,0.726,-0.988,0.925,0.912,-0.694,-0.874,0.935,-0.963,0.861,-0.969,0.893,0.956,0.964,-0.978,-0.975,0.848,-0.717,0.915,-0.965,-0.982,-0.953,-0.963,0.921,0.969,0.931,0.83,0.654,-0.946,-0.755,0.983,-0.836,-0.991,0.989,-0.447,-0.968,-0.904,-0.904,0.812,-0.979,-0.798,-0.709,0.982,-0.986,0.979,-0.855,-0.77,0.971,0.934,-0.959,0.948,0.221,-0.914,0.952,-0.923,-0.83,-0.805,-0.986,0.766,-0.961,EssenceCatalog/problems/csplib-prob010-SocialGolfers/params/185c62f2ab16de29f1d2f580878469ce.param
0.926,-0.975,-0.949,-0.882,0.922,0.88,0.552,0.983,-0.081,-0.758,0.936,0.26,-0.479,0.804,0.93,0.951,-0.714,-0.945,0.931,0.758,0.585,-0.339,0.88,-0.893,-0.79,-0.955,0.172,0.961,0.885,-0.96,-0.806,-0.581,0.809,0.297,-0.919,-0.857,-0.879,0.049,0.39,0.973,0.829,-0.608,0.759,-0.758,-0.891,0.887,-0.972,-0.972,0.947,-0.921,-0.971,-0.846,-0.936,-0.47,-0.938,0.599,0.728,0.973,-0.97,0.85,-0.518,0.823,0.92,0.06,-0.875,0.979,-0.622,-0.896,0.929,-0.379,0.619,0.748,-0.875,-0.781,-0.973,EssenceCatalog/problems/csplib-prob010-SocialGolfers/params/8d1ccc8ee9820c0d895b09465e70b545.param
0.967,-0.989,-0.889,-0.906,0.882,0.893,0.952,0.981,-0.901,0.781,0.983,0.891,0.409,0.978,0.932,0.98,0.724,-0.989,0.928,0.914,-0.69,-0.874,0.937,-0.964,0.859,-0.97,0.894,0.957,0.966,-0.979,-0.975,0.846,-0.709,0.914,-0.966,-0.982,-0.954,-0.963,0.922,0.97,0.934,0.826,0.66,-0.947,-0.765,0.984,-0.841,-0.992,0.989,-0.456,-0.969,-0.905,-0.908,0.808,-0.98,-0.796,-0.705,0.983,-0.987,0.979,-0.857,-0.766,0.972,0.934,-0.96,0.951,0.215,-0.916,0.954,-0.924,-0.826,-0.802,-0.986,0.765,-0.963,EssenceCatalog/problems/csplib-prob010-SocialGolfers/params/0e7fe332bccc6412d5d70e742e13a339.param
0.931,-0.981,-0.944,-0.884,0.914,0.882,0.704,0.985,-0.256,-0.492,0.95,0.454,-0.326,0.89,0.939,0.965,-0.527,-0.96,0.933,0.818,0.313,-0.421,0.902,-0.901,-0.657,-0.961,0.354,0.962,0.914,-0.965,-0.86,-0.305,0.709,0.496,-0.94,-0.898,-0.894,-0.352,0.544,0.976,0.869,-0.36,0.766,-0.821,-0.877,0.914,-0.966,-0.98,0.966,-0.901,-0.978,-0.882,-0.936,-0.287,-0.956,0.397,0.601,0.977,-0.977,0.898,-0.581,0.692,0.946,0.428,-0.892,0.974,-0.466,-0.903,0.943,-0.548,0.377,0.584,-0.926,-0.626,-0.974,EssenceCatalog/problems/csplib-prob010-SocialGolfers/params/d024c4dcfb05cc746145fde731afe199.param
0.967,-0.988,-0.888,-0.905,0.881,0.892,0.951,0.981,-0.901,0.782,0.983,0.891,0.41,0.978,0.932,0.98,0.725,-0.989,0.928,0.914,-0.69,-0.874,0.937,-0.964,0.859,-0.97,0.894,0.957,0.965,-0.979,-0.975,0.846,-0.71,0.914,-0.966,-0.982,-0.954,-0.963,0.922,0.97,0.933,0.826,0.659,-0.947,-0.763,0.984,-0.84,-0.992,0.989,-0.454,-0.969,-0.905,-0.907,0.809,-0.979,-0.796,-0.706,0.983,-0.987,0.979,-0.857,-0.767,0.972,0.934,-0.96,0.951,0.216,-0.916,0.954,-0.924,-0.827,-0.802,-0.986,0.765,-0.963,EssenceCatalog/problems/csplib-prob010-SocialGolfers/params/de9ad66eab8ef93dac450f6c0620bf18.param
0.967,-0.989,-0.89,-0.91,0.886,0.894,0.952,0.982,-0.9,0.773,0.983,0.889,0.411,0.979,0.933,0.981,0.724,-0.989,0.931,0.916,-0.684,-0.872,0.939,-0.964,0.852,-0.971,0.893,0.958,0.967,-0.98,-0.975,0.84,-0.695,0.912,-0.966,-0.982,-0.954,-0.962,0.92,0.971,0.935,0.819,0.661,-0.948,-0.778,0.984,-0.849,-0.992,0.99,-0.465,-0.971,-0.906,-0.911,0.803,-0.98,-0.79,-0.692,0.984,-0.987,0.98,-0.857,-0.755,0.973,0.933,-0.961,0.954,0.209,-0.918,0.956,-0.922,-0.823,-0.795,-0.986,0.763,-0.964,EssenceCatalog/problems/csplib-prob010-SocialGolfers/params/3e99bc19454da9388564ea94f8dda5e5.param
0.967,-0.989,-0.89,-0.91,0.885,0.894,0.952,0.982,-0.9,0.776,0.983,0.89,0.412,0.979,0.933,0.981,0.724,-0.989,0.93,0.916,-0.685,-0.873,0.939,-0.964,0.853,-0.971,0.894,0.958,0.967,-0.98,-0.975,0.841,-0.699,0.913,-0.966,-0.982,-0.955,-0.963,0.921,0.971,0.935,0.821,0.662,-0.948,-0.776,0.984,-0.848,-0.992,0.99,-0.464,-0.97,-0.906,-0.91,0.805,-0.98,-0.792,-0.695,0.984,-0.987,0.98,-0.858,-0.758,0.973,0.934,-0.961,0.953,0.211,-0.918,0.956,-0.923,-0.824,-0.797,-0.986,0.764,-0.964,EssenceCatalog/problems/csplib-prob010-SocialGolfers/params/23b076e8a3e21c14230e6b2bb8d8e305.param
0.966,-0.988,-0.886,-0.903,0.878,0.891,0.951,0.98,-0.901,0.788,0.982,0.891,0.412,0.978,0.931,0.979,0.726,-0.988,0.926,0.912,-0.694,-0.875,0.935,-0.963,0.862,-0.969,0.894,0.956,0.964,-0.978,-0.975,0.849,-0.718,0.915,-0.965,-0.982,-0.953,-0.963,0.922,0.969,0.932,0.83,0.655,-0.946,-0.755,0.983,-0.836,-0.991,0.989,-0.447,-0.968,-0.904,-0.905,0.811,-0.979,-0.799,-0.711,0.983,-0.986,0.979,-0.855,-0.772,0.971,0.934,-0.959,0.949,0.221,-0.915,0.952,-0.923,-0.83,-0.806,-0.986,0.766,-0.961,EssenceCatalog/problems/csplib-prob010-SocialGolfers/params/04d38771751b71f9b426a82d24f585c0.param
0.965,-0.987,-0.881,-0.898,0.873,0.887,0.949,0.979,-0.901,0.792,0.981,0.889,0.415,0.977,0.929,0.978,0.729,-0.988,0.921,0.909,-0.698,-0.873,0.932,-0.962,0.866,-0.967,0.893,0.954,0.963,-0.977,-0.974,0.851,-0.724,0.916,-0.963,-0.981,-0.951,-0.962,0.921,0.967,0.929,0.834,0.647,-0.944,-0.744,0.983,-0.828,-0.991,0.988,-0.434,-0.966,-0.901,-0.9,0.814,-0.977,-0.8,-0.714,0.981,-0.986,0.978,-0.852,-0.775,0.969,0.933,-0.957,0.945,0.224,-0.912,0.95,-0.921,-0.832,-0.809,-0.985,0.766,-0.959,EssenceCatalog/problems/csplib-prob010-SocialGolfers/params/5d83deb9dc581b0960d18ad2a77a62d0.param
0.92,-0.969,-0.947,-0.885,0.92,0.869,0.463,0.982,0.037,-0.831,0.925,0.135,-0.537,0.734,0.92,0.938,-0.773,-0.927,0.932,0.73,0.668,-0.28,0.867,-0.885,-0.835,-0.949,0.09,0.957,0.864,-0.958,-0.761,-0.679,0.841,0.2,-0.902,-0.827,-0.86,0.228,0.31,0.971,0.804,-0.699,0.729,-0.715,-0.895,0.875,-0.975,-0.966,0.93,-0.928,-0.967,-0.823,-0.936,-0.531,-0.928,0.676,0.769,0.969,-0.964,0.82,-0.48,0.857,0.899,-0.154,-0.854,0.98,-0.677,-0.893,0.92,-0.291,0.71,0.797,-0.84,-0.828,-0.97,EssenceCatalog/problems/csplib-prob010-SocialGolfers/params/a63b5c28eb75f69e292b279727c8ed49.param
0.953,-0.982,-0.85,-0.873,0.849,0.862,0.938,0.97,-0.887,0.784,0.974,0.873,0.404,0.97,0.91,0.97,0.724,-0.981,0.898,0.891,-0.699,-0.849,0.918,-0.952,0.863,-0.952,0.875,0.94,0.952,-0.969,-0.966,0.836,-0.713,0.906,-0.949,-0.975,-0.934,-0.955,0.906,0.957,0.914,0.824,0.609,-0.93,-0.707,0.976,-0.792,-0.987,0.983,-0.375,-0.954,-0.88,-0.871,0.802,-0.968,-0.787,-0.694,0.974,-0.98,0.97,-0.831,-0.756,0.959,0.92,-0.943,0.93,0.203,-0.893,0.936,-0.904,-0.813,-0.797,-0.98,0.758,-0.947,EssenceCatalog/problems/csplib-prob010-SocialGolfers/params/ord33-7-7-7.param
0.967,-0.988,-0.888,-0.905,0.881,0.893,0.951,0.981,-0.901,0.783,0.983,0.891,0.41,0.978,0.932,0.98,0.725,-0.989,0.928,0.914,-0.691,-0.875,0.937,-0.964,0.859,-0.97,0.894,0.957,0.965,-0.979,-0.975,0.847,-0.711,0.914,-0.966,-0.982,-0.954,-0.963,0.922,0.97,0.933,0.827,0.659,-0.947,-0.762,0.984,-0.84,-0.992,0.989,-0.455,-0.969,-0.905,-0.907,0.809,-0.979,-0.797,-0.707,0.983,-0.987,0.979,-0.856,-0.767,0.972,0.934,-0.96,0.951,0.217,-0.916,0.954,-0.924,-0.827,-0.802,-0.986,0.765,-0.963,EssenceCatalog/problems/csplib-prob010-SocialGolfers/params/ec40c81870cc3e780d273e7788f9b1a9.param
0.908,-0.949,-0.936,-0.883,0.898,0.827,0.313,0.978,0.198,-0.897,0.883,-0.049,-0.636,0.605,0.894,0.91,-0.823,-0.875,0.939,0.683,0.763,-0.142,0.831,-0.866,-0.878,-0.936,-0.032,0.945,0.821,-0.956,-0.677,-0.772,0.878,0.062,-0.879,-0.767,-0.794,0.503,0.239,0.966,0.763,-0.813,0.644,-0.623,-0.892,0.832,-0.976,-0.955,0.879,-0.93,-0.961,-0.769,-0.941,-0.568,-0.925,0.74,0.804,0.959,-0.948,0.741,-0.376,0.879,0.867,-0.385,-0.8,0.98,-0.716,-0.88,0.908,-0.143,0.81,0.831,-0.756,-0.866,-0.964,EssenceCatalog/problems/csplib-prob010-SocialGolfers/params/d28c4fd7ec059ff396081caeaf2a68b5.param
0.932,-0.984,-0.938,-0.887,0.908,0.876,0.778,0.985,-0.348,-0.32,0.959,0.548,-0.234,0.913,0.939,0.968,-0.386,-0.964,0.935,0.836,0.124,-0.456,0.908,-0.906,-0.539,-0.963,0.444,0.964,0.922,-0.968,-0.881,-0.137,0.606,0.59,-0.944,-0.914,-0.9,-0.525,0.596,0.977,0.881,-0.181,0.751,-0.851,-0.87,0.928,-0.963,-0.984,0.971,-0.884,-0.979,-0.896,-0.936,-0.158,-0.964,0.272,0.485,0.977,-0.981,0.921,-0.627,0.575,0.953,0.57,-0.896,0.968,-0.379,-0.909,0.945,-0.609,0.217,0.428,-0.944,-0.496,-0.972,EssenceCatalog/problems/csplib-prob010-SocialGolfers/params/787fa3fdd1b07dd3f6d30e38492439ec.param
0.932,-0.984,-0.938,-0.888,0.907,0.875,0.782,0.985,-0.343,-0.319,0.959,0.546,-0.232,0.914,0.939,0.968,-0.383,-0.965,0.935,0.839,0.119,-0.451,0.908,-0.906,-0.54,-0.963,0.447,0.964,0.921,-0.969,-0.882,-0.135,0.608,0.592,-0.945,-0.914,-0.898,-0.529,0.597,0.977,0.885,-0.179,0.751,-0.851,-0.87,0.929,-0.964,-0.984,0.971,-0.883,-0.978,-0.899,-0.936,-0.154,-0.964,0.273,0.486,0.977,-0.98,0.922,-0.631,0.571,0.954,0.573,-0.895,0.968,-0.376,-0.91,0.946,-0.612,0.219,0.425,-0.945,-0.496,-0.972,EssenceCatalog/problems/csplib-prob010-SocialGolfers/params/a6c9ff89f809b1be21d71b5cc8cc8ae8.param
0.926,-0.976,-0.949,-0.882,0.922,0.879,0.566,0.983,-0.096,-0.743,0.937,0.279,-0.464,0.812,0.93,0.953,-0.702,-0.946,0.93,0.764,0.568,-0.352,0.883,-0.892,-0.782,-0.955,0.189,0.96,0.887,-0.96,-0.811,-0.561,0.806,0.318,-0.921,-0.861,-0.879,0.017,0.397,0.973,0.831,-0.589,0.757,-0.762,-0.889,0.888,-0.972,-0.973,0.949,-0.918,-0.972,-0.849,-0.936,-0.455,-0.939,0.587,0.718,0.974,-0.97,0.855,-0.524,0.817,0.922,0.096,-0.876,0.979,-0.605,-0.897,0.931,-0.393,0.597,0.739,-0.879,-0.772,-0.973,EssenceCatalog/problems/csplib-prob010-SocialGolfers/params/0f5bebad02b36a89729ca06e8edf1d4b.param
0.932,-0.982,-0.942,-0.884,0.911,0.879,0.729,0.985,-0.293,-0.435,0.953,0.489,-0.293,0.898,0.94,0.966,-0.482,-0.963,0.934,0.825,0.248,-0.44,0.905,-0.905,-0.616,-0.961,0.392,0.963,0.916,-0.967,-0.867,-0.247,0.677,0.534,-0.942,-0.905,-0.896,-0.422,0.567,0.977,0.875,-0.299,0.762,-0.829,-0.873,0.919,-0.965,-0.982,0.968,-0.894,-0.978,-0.887,-0.936,-0.238,-0.958,0.354,0.564,0.977,-0.978,0.908,-0.591,0.652,0.949,0.478,-0.893,0.972,-0.435,-0.906,0.944,-0.577,0.326,0.536,-0.934,-0.584,-0.974,EssenceCatalog/problems/csplib-prob010-SocialGolfers/params/c01ff955ed00f981069a0a78e39d3f98.param
0.932,-0.982,-0.942,-0.884,0.911,0.878,0.739,0.985,-0.289,-0.414,0.953,0.492,-0.279,0.9,0.939,0.967,-0.466,-0.963,0.934,0.827,0.232,-0.429,0.905,-0.902,-0.612,-0.961,0.397,0.963,0.916,-0.967,-0.868,-0.236,0.676,0.536,-0.943,-0.905,-0.896,-0.434,0.565,0.977,0.879,-0.29,0.759,-0.834,-0.873,0.919,-0.965,-0.982,0.968,-0.896,-0.978,-0.891,-0.936,-0.239,-0.96,0.356,0.561,0.977,-0.978,0.909,-0.602,0.651,0.951,0.489,-0.892,0.972,-0.427,-0.907,0.944,-0.578,0.313,0.527,-0.935,-0.578,-0.974,EssenceCatalog/problems/csplib-prob010-SocialGolfers/params/ac0f5085718510e001c4c58fd4bbee23.param
0.933,-0.983,-0.94,-0.886,0.908,0.877,0.756,0.985,-0.314,-0.376,0.955,0.516,-0.261,0.906,0.94,0.967,-0.436,-0.964,0.935,0.833,0.185,-0.443,0.907,-0.905,-0.584,-0.962,0.42,0.963,0.918,-0.968,-0.874,-0.194,0.649,0.563,-0.944,-0.91,-0.897,-0.478,0.582,0.977,0.882,-0.243,0.757,-0.839,-0.871,0.923,-0.964,-0.983,0.97,-0.89,-0.978,-0.894,-0.936,-0.201,-0.962,0.32,0.531,0.977,-0.979,0.915,-0.609,0.617,0.952,0.524,-0.893,0.97,-0.404,-0.909,0.945,-0.596,0.278,0.489,-0.94,-0.548,-0.973,EssenceCatalog/problems/csplib-prob010-SocialGolfers/params/ord09-19-10-2.param
0.963,-0.986,-0.876,-0.896,0.867,0.883,0.948,0.977,-0.9,0.799,0.981,0.887,0.425,0.977,0.927,0.977,0.731,-0.987,0.916,0.906,-0.702,-0.871,0.929,-0.96,0.867,-0.965,0.891,0.952,0.961,-0.975,-0.973,0.853,-0.731,0.917,-0.961,-0.981,-0.95,-0.962,0.92,0.965,0.926,0.837,0.639,-0.943,-0.735,0.982,-0.824,-0.99,0.988,-0.422,-0.965,-0.899,-0.896,0.817,-0.976,-0.801,-0.714,0.98,-0.985,0.977,-0.849,-0.778,0.968,0.933,-0.955,0.942,0.231,-0.91,0.948,-0.919,-0.837,-0.813,-0.985,0.768,-0.956,EssenceCatalog/problems/csplib-prob010-SocialGolfers/params/f4ef268e0b3f268d2e8c0a5588b2ec65.param
0.965,-0.99,-0.89,-0.921,0.893,0.895,0.954,0.983,-0.898,0.756,0.984,0.883,0.421,0.98,0.934,0.983,0.725,-0.989,0.934,0.92,-0.67,-0.863,0.944,-0.964,0.834,-0.974,0.892,0.958,0.97,-0.981,-0.975,0.825,-0.661,0.909,-0.967,-0.982,-0.955,-0.961,0.916,0.974,0.938,0.803,0.661,-0.95,-0.808,0.983,-0.868,-0.992,0.99,-0.481,-0.974,-0.905,-0.917,0.792,-0.982,-0.775,-0.654,0.986,-0.987,0.981,-0.856,-0.726,0.976,0.931,-0.964,0.959,0.196,-0.922,0.96,-0.916,-0.818,-0.779,-0.985,0.761,-0.965,EssenceCatalog/problems/csplib-prob010-SocialGolfers/params/ebb88ec1a2967ec39672aac1dfcb81e5.param
0.917,-0.961,-0.943,-0.889,0.914,0.855,0.395,0.981,0.124,-0.867,0.911,0.041,-0.576,0.681,0.911,0.927,-0.806,-0.908,0.934,0.713,0.712,-0.221,0.855,-0.878,-0.86,-0.945,0.031,0.953,0.846,-0.956,-0.723,-0.732,0.858,0.125,-0.891,-0.8,-0.839,0.347,0.27,0.97,0.78,-0.754,0.698,-0.676,-0.898,0.863,-0.976,-0.962,0.914,-0.933,-0.965,-0.8,-0.938,-0.556,-0.924,0.714,0.792,0.965,-0.958,0.791,-0.447,0.871,0.882,-0.285,-0.832,0.98,-0.703,-0.888,0.913,-0.229,0.766,0.82,-0.807,-0.852,-0.968,EssenceCatalog/problems/csplib-prob010-SocialGolfers/params/ae2afae62339733d3dbe419740f71d1a.param
0.88,-0.927,-0.93,-0.867,0.88,0.782,0.245,0.973,0.242,-0.921,0.832,-0.098,-0.68,0.497,0.85,0.885,-0.823,-0.821,0.938,0.625,0.806,-0.084,0.792,-0.837,-0.876,-0.916,-0.065,0.932,0.785,-0.949,-0.635,-0.796,0.9,-0.049,-0.85,-0.71,-0.752,0.624,0.216,0.956,0.743,-0.861,0.589,-0.554,-0.871,0.791,-0.97,-0.937,0.815,-0.911,-0.952,-0.725,-0.934,-0.579,-0.914,0.753,0.805,0.949,-0.928,0.624,-0.266,0.881,0.854,-0.431,-0.765,0.974,-0.711,-0.854,0.897,-0.049,0.833,0.826,-0.684,-0.859,-0.954,EssenceCatalog/problems/csplib-prob010-SocialGolfers/params/75c9359e5ab7a9570287abb845cb01db.param
0.919,-0.967,-0.946,-0.886,0.919,0.866,0.446,0.982,0.058,-0.841,0.922,0.113,-0.549,0.721,0.917,0.935,-0.779,-0.923,0.932,0.725,0.678,-0.268,0.864,-0.883,-0.842,-0.948,0.075,0.956,0.86,-0.957,-0.752,-0.693,0.847,0.18,-0.899,-0.819,-0.854,0.258,0.297,0.97,0.799,-0.712,0.723,-0.704,-0.895,0.872,-0.975,-0.965,0.926,-0.929,-0.967,-0.818,-0.936,-0.541,-0.927,0.687,0.774,0.968,-0.963,0.814,-0.473,0.861,0.895,-0.183,-0.849,0.98,-0.682,-0.892,0.918,-0.277,0.723,0.804,-0.832,-0.834,-0.969,EssenceCatalog/problems/csplib-prob010-SocialGolfers/params/e1dbaad7a42371068e43969af58a24c3.param
0.924,-0.972,-0.948,-0.882,0.922,0.875,0.511,0.983,-0.017,-0.803,0.932,0.192,-0.509,0.765,0.924,0.944,-0.749,-0.935,0.933,0.74,0.629,-0.318,0.876,-0.89,-0.812,-0.951,0.13,0.959,0.872,-0.959,-0.779,-0.641,0.825,0.248,-0.909,-0.843,-0.871,0.148,0.343,0.972,0.818,-0.659,0.746,-0.735,-0.893,0.882,-0.974,-0.969,0.936,-0.926,-0.968,-0.835,-0.937,-0.504,-0.932,0.64,0.747,0.972,-0.967,0.838,-0.498,0.844,0.909,-0.067,-0.863,0.98,-0.654,-0.895,0.923,-0.334,0.675,0.782,-0.861,-0.808,-0.971,EssenceCatalog/problems/csplib-prob010-SocialGolfers/params/04a12cb61b64be662107a871150615b2.param
0.884,-0.93,-0.93,-0.87,0.882,0.788,0.247,0.974,0.241,-0.92,0.839,-0.096,-0.679,0.508,0.858,0.888,-0.823,-0.827,0.939,0.633,0.803,-0.083,0.796,-0.843,-0.878,-0.919,-0.06,0.934,0.79,-0.95,-0.638,-0.795,0.899,-0.034,-0.854,-0.717,-0.755,0.617,0.214,0.958,0.746,-0.857,0.593,-0.562,-0.875,0.795,-0.972,-0.94,0.823,-0.915,-0.954,-0.73,-0.936,-0.579,-0.916,0.754,0.807,0.95,-0.932,0.643,-0.281,0.882,0.855,-0.433,-0.769,0.975,-0.713,-0.859,0.898,-0.052,0.834,0.827,-0.692,-0.862,-0.956,EssenceCatalog/problems/csplib-prob010-SocialGolfers/params/07b79baf21523542b870ebe28574a934.param
0.965,-0.987,-0.883,-0.9,0.874,0.888,0.95,0.979,-0.901,0.792,0.982,0.89,0.416,0.978,0.93,0.978,0.728,-0.988,0.922,0.91,-0.697,-0.874,0.933,-0.962,0.864,-0.967,0.893,0.955,0.963,-0.977,-0.974,0.851,-0.724,0.916,-0.964,-0.981,-0.952,-0.962,0.922,0.968,0.93,0.833,0.65,-0.945,-0.747,0.983,-0.831,-0.991,0.989,-0.438,-0.967,-0.902,-0.901,0.814,-0.978,-0.8,-0.713,0.982,-0.986,0.978,-0.853,-0.775,0.97,0.934,-0.958,0.946,0.225,-0.913,0.951,-0.922,-0.833,-0.809,-0.985,0.767,-0.96,EssenceCatalog/problems/csplib-prob010-SocialGolfers/params/8be5dcd0f282fa91fe9364c655e81820.param
0.966,-0.988,-0.884,-0.901,0.876,0.889,0.95,0.98,-0.901,0.79,0.982,0.89,0.415,0.978,0.93,0.979,0.727,-0.988,0.924,0.911,-0.696,-0.874,0.934,-0.963,0.863,-0.968,0.893,0.956,0.964,-0.978,-0.974,0.85,-0.721,0.916,-0.964,-0.982,-0.953,-0.963,0.922,0.968,0.931,0.832,0.653,-0.945,-0.751,0.983,-0.834,-0.991,0.989,-0.443,-0.967,-0.903,-0.903,0.813,-0.978,-0.8,-0.713,0.982,-0.986,0.979,-0.854,-0.774,0.971,0.934,-0.958,0.947,0.224,-0.914,0.952,-0.923,-0.831,-0.807,-0.986,0.766,-0.96,EssenceCatalog/problems/csplib-prob010-SocialGolfers/params/637ad23fee20948c86c8f8dcd69cf8b4.param
0.963,-0.986,-0.875,-0.894,0.867,0.883,0.947,0.977,-0.9,0.797,0.98,0.887,0.42,0.976,0.926,0.977,0.732,-0.987,0.916,0.906,-0.702,-0.87,0.929,-0.96,0.868,-0.964,0.891,0.952,0.961,-0.975,-0.973,0.853,-0.73,0.917,-0.961,-0.98,-0.949,-0.961,0.92,0.965,0.926,0.837,0.638,-0.942,-0.733,0.982,-0.822,-0.99,0.988,-0.419,-0.964,-0.898,-0.895,0.816,-0.976,-0.801,-0.715,0.98,-0.985,0.977,-0.849,-0.778,0.968,0.932,-0.955,0.942,0.228,-0.909,0.947,-0.919,-0.835,-0.813,-0.985,0.767,-0.956,EssenceCatalog/problems/csplib-prob010-SocialGolfers/params/31264610be90bc33a0632b6d6a052628.param
0.928,-0.979,-0.948,-0.883,0.92,0.884,0.624,0.984,-0.172,-0.644,0.942,0.358,-0.416,0.856,0.935,0.959,-0.636,-0.954,0.93,0.791,0.476,-0.387,0.891,-0.896,-0.736,-0.958,0.252,0.961,0.903,-0.962,-0.838,-0.449,0.772,0.397,-0.932,-0.879,-0.888,-0.142,0.474,0.974,0.845,-0.501,0.766,-0.79,-0.884,0.898,-0.969,-0.976,0.959,-0.912,-0.976,-0.864,-0.936,-0.392,-0.948,0.508,0.673,0.975,-0.973,0.872,-0.546,0.771,0.934,0.267,-0.886,0.977,-0.544,-0.899,0.938,-0.463,0.501,0.683,-0.901,-0.718,-0.974,EssenceCatalog/problems/csplib-prob010-SocialGolfers/params/abe47f29c7827e08f8798f765980001a.param
0.918,-0.963,-0.944,-0.888,0.916,0.861,0.41,0.981,0.107,-0.858,0.915,0.059,-0.57,0.696,0.914,0.929,-0.799,-0.913,0.935,0.718,0.701,-0.243,0.859,-0.882,-0.856,-0.946,0.039,0.953,0.852,-0.956,-0.731,-0.722,0.853,0.147,-0.893,-0.808,-0.846,0.314,0.287,0.97,0.787,-0.741,0.706,-0.685,-0.897,0.867,-0.976,-0.963,0.919,-0.933,-0.966,-0.807,-0.938,-0.554,-0.925,0.704,0.785,0.966,-0.96,0.799,-0.45,0.867,0.887,-0.25,-0.838,0.981,-0.696,-0.889,0.915,-0.247,0.753,0.819,-0.818,-0.847,-0.968,EssenceCatalog/problems/csplib-prob010-SocialGolfers/params/e832acef040321f2e2692d262ed77cd5.param
0.964,-0.99,-0.889,-0.926,0.897,0.895,0.954,0.984,-0.895,0.741,0.984,0.878,0.425,0.98,0.934,0.984,0.723,-0.989,0.936,0.921,-0.659,-0.855,0.947,-0.963,0.819,-0.975,0.89,0.959,0.972,-0.981,-0.975,0.812,-0.633,0.906,-0.967,-0.982,-0.955,-0.96,0.912,0.975,0.939,0.79,0.66,-0.951,-0.824,0.983,-0.878,-0.993,0.99,-0.493,-0.976,-0.904,-0.92,0.781,-0.983,-0.762,-0.623,0.987,-0.987,0.981,-0.854,-0.702,0.977,0.928,-0.964,0.961,0.185,-0.924,0.962,-0.911,-0.812,-0.766,-0.984,0.757,-0.965,EssenceCatalog/problems/csplib-prob010-SocialGolfers/params/95355d71f9ad69fca0a2013ed2d03cb2.param
0.898,-0.94,-0.933,-0.878,0.889,0.809,0.271,0.977,0.23,-0.912,0.862,-0.076,-0.666,0.555,0.879,0.9,-0.824,-0.851,0.94,0.658,0.786,-0.104,0.815,-0.858,-0.881,-0.928,-0.04,0.941,0.808,-0.954,-0.651,-0.789,0.89,0.024,-0.869,-0.741,-0.768,0.576,0.22,0.963,0.758,-0.84,0.611,-0.59,-0.885,0.813,-0.976,-0.949,0.852,-0.925,-0.958,-0.75,-0.941,-0.58,-0.922,0.752,0.808,0.955,-0.941,0.701,-0.327,0.881,0.861,-0.423,-0.784,0.978,-0.717,-0.872,0.904,-0.084,0.827,0.831,-0.722,-0.867,-0.961,EssenceCatalog/problems/csplib-prob010-SocialGolfers/params/5e18d5d7a2a11606d1fe8666d34cf18c.param
0.919,-0.963,-0.944,-0.889,0.915,0.859,0.411,0.981,0.107,-0.859,0.914,0.061,-0.564,0.696,0.914,0.93,-0.797,-0.913,0.934,0.717,0.702,-0.238,0.858,-0.88,-0.856,-0.946,0.042,0.954,0.851,-0.957,-0.734,-0.722,0.855,0.144,-0.893,-0.806,-0.843,0.316,0.281,0.97,0.787,-0.742,0.703,-0.685,-0.897,0.866,-0.976,-0.963,0.919,-0.931,-0.966,-0.805,-0.937,-0.55,-0.925,0.705,0.788,0.965,-0.96,0.798,-0.454,0.868,0.887,-0.248,-0.839,0.981,-0.695,-0.89,0.915,-0.244,0.75,0.814,-0.812,-0.847,-0.968,EssenceCatalog/problems/csplib-prob010-SocialGolfers/params/3c2d844bd77969ff3d99a6cf436282b4.param
0.966,-0.99,-0.89,-0.917,0.891,0.895,0.953,0.983,-0.899,0.763,0.984,0.886,0.418,0.98,0.934,0.982,0.724,-0.989,0.934,0.919,-0.675,-0.867,0.943,-0.964,0.841,-0.973,0.893,0.958,0.969,-0.981,-0.975,0.831,-0.674,0.91,-0.967,-0.982,-0.955,-0.962,0.918,0.973,0.937,0.809,0.662,-0.949,-0.798,0.984,-0.861,-0.992,0.99,-0.477,-0.973,-0.906,-0.915,0.796,-0.982,-0.781,-0.669,0.986,-0.987,0.98,-0.857,-0.737,0.975,0.932,-0.963,0.957,0.201,-0.921,0.959,-0.919,-0.82,-0.786,-0.985,0.762,-0.965,EssenceCatalog/problems/csplib-prob010-SocialGolfers/params/1a2ea6c1e796f72664f52c3b2d8a4348.param
0.967,-0.989,-0.89,-0.908,0.885,0.894,0.952,0.982,-0.901,0.778,0.983,0.891,0.41,0.979,0.933,0.981,0.724,-0.989,0.93,0.916,-0.687,-0.874,0.939,-0.964,0.855,-0.971,0.894,0.958,0.967,-0.98,-0.975,0.843,-0.703,0.913,-0.966,-0.982,-0.955,-0.963,0.921,0.971,0.935,0.822,0.663,-0.948,-0.772,0.984,-0.846,-0.992,0.99,-0.463,-0.97,-0.906,-0.91,0.806,-0.98,-0.794,-0.7,0.984,-0.987,0.98,-0.858,-0.761,0.973,0.934,-0.961,0.953,0.213,-0.918,0.955,-0.924,-0.825,-0.799,-0.986,0.764,-0.964,EssenceCatalog/problems/csplib-prob010-SocialGolfers/params/fe05ceef52229b09df5f0475e9e8b932.param
0.966,-0.988,-0.886,-0.903,0.879,0.891,0.951,0.98,-0.901,0.786,0.982,0.89,0.413,0.978,0.931,0.979,0.726,-0.988,0.926,0.912,-0.693,-0.874,0.935,-0.963,0.861,-0.969,0.893,0.956,0.964,-0.978,-0.975,0.848,-0.715,0.915,-0.965,-0.982,-0.953,-0.963,0.922,0.969,0.932,0.829,0.655,-0.946,-0.757,0.983,-0.837,-0.991,0.989,-0.448,-0.968,-0.904,-0.905,0.811,-0.979,-0.798,-0.709,0.983,-0.986,0.979,-0.855,-0.77,0.971,0.934,-0.959,0.949,0.22,-0.915,0.953,-0.923,-0.829,-0.805,-0.986,0.766,-0.961,EssenceCatalog/problems/csplib-prob010-SocialGolfers/params/c9e8e34332d389b6896ad2d11438f171.param
0.964,-0.99,-0.889,-0.926,0.896,0.895,0.954,0.984,-0.896,0.743,0.984,0.878,0.426,0.98,0.934,0.984,0.724,-0.989,0.936,0.921,-0.66,-0.856,0.947,-0.963,0.82,-0.975,0.89,0.959,0.972,-0.981,-0.975,0.813,-0.636,0.906,-0.967,-0.982,-0.955,-0.96,0.913,0.975,0.939,0.791,0.659,-0.951,-0.823,0.983,-0.877,-0.993,0.99,-0.492,-0.976,-0.904,-0.92,0.782,-0.983,-0.764,-0.625,0.987,-0.987,0.981,-0.855,-0.704,0.977,0.928,-0.964,0.961,0.186,-0.924,0.962,-0.912,-0.813,-0.767,-0.984,0.758,-0.965,EssenceCatalog/problems/csplib-prob010-SocialGolfers/params/03d7f05bd45d4b96817ca6886fcae5e6.param
0.899,-0.94,-0.934,-0.879,0.89,0.811,0.275,0.977,0.229,-0.912,0.863,-0.07,-0.665,0.56,0.88,0.901,-0.823,-0.854,0.939,0.66,0.785,-0.115,0.817,-0.86,-0.881,-0.928,-0.039,0.942,0.811,-0.954,-0.655,-0.789,0.889,0.031,-0.87,-0.742,-0.768,0.57,0.225,0.963,0.76,-0.838,0.611,-0.592,-0.885,0.815,-0.976,-0.949,0.855,-0.925,-0.958,-0.751,-0.941,-0.581,-0.922,0.751,0.808,0.955,-0.942,0.705,-0.328,0.88,0.863,-0.418,-0.787,0.978,-0.715,-0.873,0.904,-0.087,0.825,0.832,-0.723,-0.867,-0.961,EssenceCatalog/problems/csplib-prob010-SocialGolfers/params/d05a2b6b5c108aaae261adc674772d97.param
0.965,-0.988,-0.883,-0.901,0.875,0.889,0.95,0.979,-0.901,0.791,0.982,0.89,0.416,0.978,0.93,0.979,0.728,-0.988,0.923,0.911,-0.696,-0.874,0.934,-0.962,0.863,-0.968,0.893,0.955,0.963,-0.977,-0.974,0.85,-0.722,0.916,-0.964,-0.981,-0.952,-0.963,0.922,0.968,0.93,0.832,0.651,-0.945,-0.75,0.983,-0.833,-0.991,0.989,-0.44,-0.967,-0.903,-0.902,0.813,-0.978,-0.8,-0.712,0.982,-0.986,0.979,-0.854,-0.774,0.97,0.934,-0.958,0.947,0.224,-0.913,0.951,-0.922,-0.832,-0.808,-0.985,0.767,-0.96,EssenceCatalog/problems/csplib-prob010-SocialGolfers/params/7bee49853f214a0d2f6525c7b31dce64.param
0.964,-0.99,-0.889,-0.926,0.897,0.895,0.954,0.984,-0.896,0.742,0.984,0.878,0.427,0.98,0.934,0.984,0.725,-0.989,0.936,0.921,-0.66,-0.855,0.947,-0.963,0.82,-0.975,0.89,0.959,0.972,-0.982,-0.975,0.813,-0.635,0.906,-0.968,-0.982,-0.955,-0.96,0.912,0.975,0.939,0.791,0.659,-0.951,-0.824,0.983,-0.878,-0.993,0.99,-0.491,-0.977,-0.904,-0.92,0.782,-0.983,-0.763,-0.624,0.987,-0.987,0.981,-0.855,-0.703,0.977,0.928,-0.965,0.961,0.186,-0.924,0.962,-0.911,-0.813,-0.767,-0.984,0.758,-0.965,EssenceCatalog/problems/csplib-prob010-SocialGolfers/params/d52c7d0a66d3ca3ae1dc444704400a9d.param
0.914,-0.957,-0.941,-0.889,0.908,0.847,0.364,0.98,0.161,-0.878,0.9,0.006,-0.595,0.659,0.906,0.922,-0.813,-0.897,0.936,0.703,0.729,-0.193,0.846,-0.876,-0.871,-0.942,0.0,0.95,0.838,-0.956,-0.708,-0.753,0.867,0.096,-0.886,-0.786,-0.82,0.403,0.27,0.969,0.776,-0.778,0.677,-0.658,-0.896,0.853,-0.977,-0.959,0.903,-0.933,-0.964,-0.787,-0.939,-0.563,-0.925,0.724,0.8,0.962,-0.955,0.773,-0.42,0.875,0.877,-0.313,-0.823,0.98,-0.706,-0.886,0.912,-0.197,0.782,0.825,-0.786,-0.859,-0.966,EssenceCatalog/problems/csplib-prob010-SocialGolfers/params/683c76200adc1d2770d53f32991cc953.param
0.966,-0.988,-0.885,-0.901,0.877,0.89,0.95,0.98,-0.901,0.789,0.982,0.89,0.414,0.978,0.93,0.979,0.727,-0.988,0.924,0.911,-0.695,-0.874,0.934,-0.963,0.863,-0.968,0.893,0.956,0.964,-0.978,-0.974,0.85,-0.72,0.916,-0.964,-0.982,-0.953,-0.963,0.922,0.969,0.931,0.831,0.653,-0.945,-0.752,0.983,-0.834,-0.991,0.989,-0.444,-0.967,-0.903,-0.903,0.812,-0.978,-0.799,-0.712,0.982,-0.986,0.979,-0.854,-0.773,0.971,0.934,-0.959,0.948,0.222,-0.914,0.952,-0.923,-0.831,-0.806,-0.986,0.766,-0.961,EssenceCatalog/problems/csplib-prob010-SocialGolfers/params/2348d2fef2dd432cf854c63d3fafe025.param
0.966,-0.988,-0.887,-0.903,0.879,0.891,0.951,0.981,-0.901,0.786,0.983,0.891,0.411,0.978,0.931,0.979,0.725,-0.988,0.926,0.913,-0.693,-0.875,0.936,-0.963,0.861,-0.969,0.894,0.957,0.965,-0.978,-0.975,0.848,-0.716,0.915,-0.965,-0.982,-0.953,-0.963,0.922,0.969,0.932,0.829,0.657,-0.946,-0.757,0.984,-0.837,-0.991,0.989,-0.45,-0.968,-0.905,-0.905,0.811,-0.979,-0.798,-0.711,0.983,-0.986,0.979,-0.856,-0.771,0.971,0.934,-0.959,0.949,0.22,-0.915,0.953,-0.924,-0.829,-0.805,-0.986,0.766,-0.962,EssenceCatalog/problems/csplib-prob010-SocialGolfers/params/76303720cc216c826f0353d3d9d348ed.param
0.929,-0.98,-0.946,-0.883,0.918,0.884,0.653,0.984,-0.202,-0.594,0.944,0.392,-0.387,0.869,0.937,0.961,-0.601,-0.957,0.931,0.801,0.423,-0.399,0.895,-0.898,-0.711,-0.959,0.287,0.961,0.907,-0.963,-0.847,-0.4,0.752,0.432,-0.936,-0.886,-0.89,-0.217,0.5,0.975,0.854,-0.455,0.767,-0.801,-0.882,0.904,-0.969,-0.978,0.962,-0.908,-0.977,-0.871,-0.936,-0.358,-0.951,0.471,0.649,0.976,-0.975,0.881,-0.559,0.746,0.939,0.328,-0.889,0.976,-0.517,-0.9,0.94,-0.494,0.459,0.651,-0.911,-0.689,-0.974,EssenceCatalog/problems/csplib-prob010-SocialGolfers/params/9d26033872935ade456ef077ccc4fffc.param
0.964,-0.987,-0.88,-0.897,0.871,0.886,0.948,0.978,-0.9,0.794,0.981,0.889,0.416,0.977,0.928,0.977,0.73,-0.987,0.919,0.908,-0.699,-0.872,0.931,-0.961,0.866,-0.966,0.892,0.954,0.962,-0.976,-0.974,0.852,-0.726,0.916,-0.962,-0.981,-0.95,-0.962,0.921,0.967,0.928,0.835,0.644,-0.944,-0.741,0.983,-0.826,-0.991,0.988,-0.429,-0.965,-0.901,-0.898,0.814,-0.977,-0.8,-0.714,0.981,-0.985,0.978,-0.851,-0.777,0.969,0.933,-0.956,0.944,0.225,-0.911,0.949,-0.921,-0.833,-0.81,-0.985,0.767,-0.958,EssenceCatalog/problems/csplib-prob010-SocialGolfers/params/70bb3fec9632cf69e77775f88b1757f4.param
0.967,-0.989,-0.89,-0.908,0.885,0.894,0.952,0.982,-0.901,0.778,0.983,0.891,0.409,0.979,0.933,0.981,0.724,-0.989,0.93,0.916,-0.687,-0.874,0.939,-0.964,0.856,-0.971,0.894,0.958,0.966,-0.979,-0.975,0.843,-0.703,0.913,-0.966,-0.982,-0.955,-0.963,0.921,0.971,0.935,0.823,0.662,-0.948,-0.771,0.984,-0.845,-0.992,0.99,-0.463,-0.97,-0.906,-0.91,0.806,-0.98,-0.794,-0.701,0.984,-0.987,0.98,-0.858,-0.762,0.973,0.934,-0.961,0.953,0.213,-0.917,0.955,-0.924,-0.825,-0.799,-0.986,0.764,-0.964,EssenceCatalog/problems/csplib-prob010-SocialGolfers/params/9dfcc5be1e7d30dc53f65cb501f26651.param
0.931,-0.981,-0.944,-0.884,0.915,0.883,0.699,0.984,-0.252,-0.498,0.949,0.449,-0.331,0.888,0.938,0.965,-0.531,-0.96,0.933,0.815,0.325,-0.418,0.901,-0.9,-0.661,-0.96,0.346,0.962,0.914,-0.965,-0.859,-0.312,0.712,0.488,-0.939,-0.896,-0.894,-0.339,0.539,0.976,0.866,-0.371,0.765,-0.821,-0.878,0.912,-0.967,-0.98,0.966,-0.903,-0.978,-0.881,-0.936,-0.297,-0.956,0.406,0.605,0.977,-0.977,0.896,-0.582,0.699,0.946,0.419,-0.892,0.974,-0.471,-0.903,0.943,-0.541,0.379,0.59,-0.924,-0.632,-0.974,EssenceCatalog/problems/csplib-prob010-SocialGolfers/params/82402fb3d4526c14b7530a95f289bc87.param
0.883,-0.93,-0.931,-0.871,0.882,0.789,0.245,0.974,0.242,-0.921,0.839,-0.091,-0.681,0.507,0.858,0.889,-0.823,-0.829,0.938,0.633,0.803,-0.085,0.796,-0.844,-0.879,-0.919,-0.059,0.934,0.791,-0.95,-0.64,-0.797,0.899,-0.031,-0.854,-0.716,-0.753,0.616,0.215,0.958,0.748,-0.858,0.591,-0.563,-0.876,0.796,-0.972,-0.94,0.823,-0.914,-0.954,-0.731,-0.936,-0.583,-0.916,0.756,0.809,0.95,-0.932,0.646,-0.279,0.882,0.856,-0.433,-0.77,0.975,-0.712,-0.859,0.898,-0.047,0.833,0.828,-0.691,-0.862,-0.956,EssenceCatalog/problems/csplib-prob010-SocialGolfers/params/e3083b40a19229bd8f136629f70f2639.param
0.964,-0.987,-0.88,-0.898,0.872,0.886,0.949,0.978,-0.9,0.795,0.981,0.889,0.418,0.977,0.928,0.978,0.729,-0.988,0.92,0.909,-0.7,-0.873,0.932,-0.962,0.866,-0.966,0.892,0.954,0.962,-0.977,-0.974,0.852,-0.727,0.917,-0.963,-0.981,-0.951,-0.962,0.921,0.967,0.928,0.835,0.646,-0.944,-0.742,0.983,-0.828,-0.991,0.988,-0.432,-0.966,-0.901,-0.899,0.815,-0.977,-0.8,-0.714,0.981,-0.986,0.978,-0.851,-0.776,0.969,0.933,-0.957,0.945,0.227,-0.912,0.949,-0.921,-0.834,-0.81,-0.985,0.767,-0.958,EssenceCatalog/problems/csplib-prob010-SocialGolfers/params/9f54d7afd365f463e8d76c03a33e7128.param
0.964,-0.987,-0.88,-0.899,0.872,0.886,0.949,0.979,-0.901,0.794,0.981,0.889,0.42,0.977,0.929,0.978,0.729,-0.988,0.921,0.909,-0.699,-0.873,0.932,-0.962,0.865,-0.967,0.892,0.954,0.963,-0.977,-0.974,0.851,-0.726,0.916,-0.963,-0.981,-0.951,-0.962,0.921,0.967,0.928,0.835,0.646,-0.944,-0.744,0.983,-0.829,-0.991,0.988,-0.433,-0.966,-0.901,-0.9,0.815,-0.977,-0.801,-0.713,0.981,-0.986,0.978,-0.852,-0.775,0.969,0.933,-0.957,0.945,0.227,-0.912,0.95,-0.921,-0.834,-0.81,-0.985,0.767,-0.959,EssenceCatalog/problems/csplib-prob010-SocialGolfers/params/d18584608ce492d72644d815979d24dc.param
0.902,-0.943,-0.933,-0.879,0.891,0.814,0.283,0.977,0.221,-0.907,0.869,-0.074,-0.657,0.573,0.884,0.902,-0.825,-0.858,0.94,0.666,0.781,-0.115,0.82,-0.861,-0.88,-0.931,-0.043,0.942,0.813,-0.954,-0.658,-0.783,0.885,0.039,-0.873,-0.752,-0.776,0.557,0.226,0.964,0.759,-0.833,0.622,-0.6,-0.887,0.818,-0.976,-0.951,0.861,-0.927,-0.959,-0.756,-0.941,-0.573,-0.923,0.748,0.806,0.956,-0.944,0.714,-0.339,0.88,0.863,-0.414,-0.788,0.979,-0.717,-0.875,0.906,-0.106,0.823,0.832,-0.734,-0.868,-0.963,EssenceCatalog/problems/csplib-prob010-SocialGolfers/params/0cf98738d0ec16cc1c9ea315b9a43813.param
0.928,-0.976,-0.949,-0.881,0.922,0.881,0.577,0.983,-0.105,-0.737,0.939,0.287,-0.462,0.815,0.931,0.953,-0.697,-0.947,0.931,0.765,0.557,-0.354,0.884,-0.895,-0.776,-0.955,0.197,0.961,0.887,-0.961,-0.814,-0.556,0.8,0.321,-0.921,-0.864,-0.881,-0.001,0.406,0.973,0.836,-0.58,0.762,-0.766,-0.889,0.891,-0.972,-0.973,0.949,-0.918,-0.971,-0.851,-0.936,-0.447,-0.941,0.578,0.714,0.974,-0.971,0.859,-0.53,0.813,0.924,0.103,-0.878,0.979,-0.608,-0.899,0.93,-0.404,0.595,0.733,-0.883,-0.767,-0.973,EssenceCatalog/problems/csplib-prob010-SocialGolfers/params/aad144802fc5e64483decd387d552298.param
0.965,-0.988,-0.883,-0.9,0.875,0.888,0.95,0.979,-0.901,0.791,0.982,0.89,0.415,0.978,0.93,0.978,0.728,-0.988,0.923,0.91,-0.697,-0.874,0.933,-0.962,0.864,-0.967,0.893,0.955,0.963,-0.977,-0.974,0.851,-0.723,0.916,-0.964,-0.981,-0.952,-0.962,0.922,0.968,0.93,0.833,0.65,-0.945,-0.748,0.983,-0.831,-0.991,0.989,-0.439,-0.967,-0.903,-0.902,0.814,-0.978,-0.8,-0.713,0.982,-0.986,0.978,-0.853,-0.774,0.97,0.934,-0.958,0.947,0.224,-0.913,0.951,-0.922,-0.832,-0.808,-0.985,0.766,-0.96,EssenceCatalog/problems/csplib-prob010-SocialGolfers/params/1af041b54fe4049e7bce8fb5a4d4c58d.param
0.963,-0.987,-0.876,-0.896,0.868,0.883,0.948,0.977,-0.9,0.797,0.981,0.887,0.423,0.977,0.927,0.977,0.731,-0.987,0.917,0.907,-0.701,-0.871,0.93,-0.96,0.867,-0.965,0.891,0.952,0.961,-0.976,-0.973,0.852,-0.729,0.917,-0.962,-0.981,-0.95,-0.962,0.92,0.966,0.927,0.837,0.64,-0.943,-0.737,0.982,-0.824,-0.99,0.988,-0.423,-0.965,-0.899,-0.896,0.816,-0.976,-0.801,-0.713,0.981,-0.985,0.977,-0.849,-0.777,0.968,0.932,-0.956,0.942,0.228,-0.91,0.948,-0.919,-0.835,-0.812,-0.985,0.768,-0.957,EssenceCatalog/problems/csplib-prob010-SocialGolfers/params/16a51d130ff44a89672184cac6a0b28b.param
0.871,-0.921,-0.928,-0.862,0.875,0.768,0.236,0.971,0.249,-0.923,0.819,-0.097,-0.685,0.472,0.833,0.878,-0.819,-0.811,0.936,0.611,0.81,-0.077,0.782,-0.826,-0.872,-0.911,-0.067,0.927,0.773,-0.947,-0.627,-0.795,0.903,-0.085,-0.838,-0.692,-0.743,0.637,0.212,0.952,0.733,-0.867,0.577,-0.539,-0.865,0.782,-0.966,-0.931,0.797,-0.903,-0.948,-0.712,-0.93,-0.577,-0.911,0.753,0.801,0.944,-0.922,0.594,-0.242,0.88,0.848,-0.432,-0.754,0.971,-0.704,-0.844,0.891,-0.035,0.833,0.823,-0.67,-0.854,-0.95,EssenceCatalog/problems/csplib-prob010-SocialGolfers/params/4e43043f50db866c4cc8a4e81752484b.param
0.934,-0.986,-0.927,-0.897,0.902,0.874,0.866,0.986,-0.569,0.016,0.971,0.716,-0.037,0.948,0.933,0.973,-0.024,-0.969,0.936,0.865,-0.205,-0.617,0.923,-0.925,-0.09,-0.969,0.629,0.965,0.942,-0.973,-0.921,0.222,0.284,0.732,-0.944,-0.936,-0.918,-0.773,0.704,0.976,0.886,0.184,0.725,-0.893,-0.859,0.954,-0.946,-0.987,0.978,-0.824,-0.978,-0.905,-0.931,0.141,-0.969,-0.074,0.152,0.979,-0.984,0.947,-0.699,0.2,0.96,0.77,-0.92,0.959,-0.21,-0.911,0.946,-0.726,-0.189,0.017,-0.965,-0.068,-0.968,EssenceCatalog/problems/csplib-prob010-SocialGolfers/params/fa3aba8f1f8fef1f15f18611a8bb0bf3.param
0.866,-0.919,-0.928,-0.861,0.874,0.764,0.233,0.97,0.251,-0.924,0.816,-0.092,-0.687,0.467,0.829,0.878,-0.816,-0.81,0.935,0.609,0.81,-0.075,0.779,-0.824,-0.872,-0.91,-0.062,0.926,0.77,-0.946,-0.627,-0.794,0.904,-0.09,-0.836,-0.687,-0.74,0.638,0.21,0.951,0.732,-0.868,0.571,-0.536,-0.864,0.781,-0.965,-0.929,0.792,-0.9,-0.947,-0.71,-0.929,-0.579,-0.909,0.755,0.803,0.942,-0.92,0.589,-0.235,0.879,0.847,-0.43,-0.752,0.97,-0.703,-0.841,0.889,-0.027,0.832,0.82,-0.667,-0.852,-0.948,EssenceCatalog/problems/csplib-prob010-SocialGolfers/params/97a1d70fa36ef5f0b8be776361c40639.param
0.966,-0.988,-0.885,-0.902,0.877,0.89,0.95,0.98,-0.901,0.79,0.982,0.89,0.415,0.978,0.93,0.979,0.727,-0.988,0.924,0.911,-0.695,-0.874,0.934,-0.963,0.863,-0.968,0.893,0.956,0.964,-0.978,-0.975,0.849,-0.72,0.916,-0.964,-0.982,-0.953,-0.963,0.922,0.968,0.931,0.831,0.653,-0.946,-0.752,0.983,-0.834,-0.991,0.989,-0.444,-0.967,-0.903,-0.903,0.813,-0.978,-0.8,-0.712,0.982,-0.986,0.979,-0.854,-0.773,0.971,0.934,-0.959,0.948,0.223,-0.914,0.952,-0.923,-0.831,-0.807,-0.986,0.766,-0.961,EssenceCatalog/problems/csplib-prob010-SocialGolfers/params/e40d8ff55e66367a05c56fd56712a09f.param
0.93,-0.98,-0.946,-0.884,0.917,0.884,0.673,0.984,-0.223,-0.553,0.946,0.415,-0.365,0.878,0.938,0.963,-0.572,-0.958,0.932,0.807,0.383,-0.407,0.897,-0.899,-0.691,-0.96,0.31,0.962,0.911,-0.964,-0.853,-0.363,0.737,0.454,-0.938,-0.89,-0.892,-0.269,0.519,0.975,0.859,-0.421,0.768,-0.81,-0.881,0.907,-0.968,-0.979,0.964,-0.906,-0.977,-0.875,-0.936,-0.334,-0.954,0.443,0.632,0.976,-0.976,0.887,-0.57,0.728,0.942,0.369,-0.891,0.976,-0.5,-0.901,0.941,-0.515,0.425,0.627,-0.917,-0.666,-0.974,EssenceCatalog/problems/csplib-prob010-SocialGolfers/params/3ebed4f2f51162bd57ad35514e32ad9b.param
0.963,-0.987,-0.876,-0.896,0.868,0.884,0.948,0.977,-0.9,0.798,0.981,0.887,0.424,0.977,0.927,0.977,0.731,-0.987,0.917,0.907,-0.702,-0.871,0.93,-0.961,0.866,-0.965,0.891,0.952,0.961,-0.976,-0.973,0.852,-0.73,0.917,-0.962,-0.981,-0.95,-0.962,0.92,0.966,0.926,0.837,0.64,-0.943,-0.737,0.982,-0.825,-0.99,0.988,-0.424,-0.965,-0.899,-0.896,0.817,-0.976,-0.801,-0.713,0.981,-0.985,0.977,-0.849,-0.777,0.968,0.933,-0.956,0.942,0.23,-0.91,0.948,-0.919,-0.836,-0.812,-0.985,0.768,-0.957,EssenceCatalog/problems/csplib-prob010-SocialGolfers/params/ord25-3-8-5.param
0.964,-0.99,-0.889,-0.925,0.896,0.895,0.954,0.983,-0.897,0.747,0.984,0.879,0.426,0.98,0.934,0.984,0.725,-0.989,0.936,0.921,-0.663,-0.858,0.946,-0.963,0.824,-0.975,0.891,0.959,0.971,-0.981,-0.975,0.817,-0.643,0.907,-0.967,-0.982,-0.955,-0.96,0.914,0.974,0.939,0.795,0.659,-0.951,-0.82,0.983,-0.875,-0.992,0.99,-0.488,-0.976,-0.905,-0.919,0.785,-0.983,-0.767,-0.633,0.987,-0.987,0.981,-0.855,-0.71,0.977,0.929,-0.964,0.961,0.189,-0.924,0.962,-0.913,-0.815,-0.771,-0.984,0.76,-0.965,EssenceCatalog/problems/csplib-prob010-SocialGolfers/params/a37719524c94f727028bb779c0e95d15.param
0.964,-0.99,-0.889,-0.925,0.896,0.895,0.954,0.984,-0.896,0.745,0.984,0.879,0.426,0.98,0.934,0.984,0.724,-0.989,0.936,0.921,-0.662,-0.857,0.946,-0.963,0.823,-0.975,0.89,0.959,0.972,-0.981,-0.975,0.816,-0.64,0.907,-0.967,-0.982,-0.955,-0.96,0.913,0.974,0.939,0.794,0.66,-0.951,-0.821,0.983,-0.876,-0.992,0.99,-0.489,-0.976,-0.905,-0.92,0.784,-0.983,-0.766,-0.63,0.987,-0.987,0.981,-0.855,-0.708,0.977,0.929,-0.964,0.961,0.188,-0.924,0.962,-0.912,-0.814,-0.77,-0.984,0.759,-0.965,EssenceCatalog/problems/csplib-prob010-SocialGolfers/params/444befc7c82fb4143d4c30d06ab72007.param
0.931,-0.981,-0.944,-0.884,0.915,0.882,0.706,0.985,-0.257,-0.485,0.949,0.453,-0.323,0.889,0.938,0.965,-0.519,-0.96,0.933,0.816,0.314,-0.42,0.9,-0.9,-0.653,-0.96,0.35,0.962,0.914,-0.965,-0.861,-0.299,0.708,0.495,-0.94,-0.897,-0.894,-0.35,0.541,0.976,0.868,-0.359,0.761,-0.822,-0.877,0.913,-0.966,-0.98,0.966,-0.902,-0.978,-0.883,-0.936,-0.29,-0.957,0.404,0.595,0.977,-0.977,0.898,-0.586,0.693,0.946,0.431,-0.891,0.974,-0.461,-0.904,0.943,-0.544,0.365,0.581,-0.926,-0.625,-0.974,EssenceCatalog/problems/csplib-prob010-SocialGolfers/params/ffaa22528a317ed51be0c648dd99ad7e.param
0.966,-0.988,-0.887,-0.903,0.879,0.891,0.951,0.98,-0.901,0.787,0.982,0.891,0.412,0.978,0.931,0.979,0.726,-0.988,0.926,0.913,-0.693,-0.875,0.935,-0.963,0.862,-0.969,0.894,0.956,0.965,-0.978,-0.975,0.848,-0.717,0.915,-0.965,-0.982,-0.953,-0.963,0.922,0.969,0.932,0.83,0.656,-0.946,-0.756,0.983,-0.837,-0.991,0.989,-0.449,-0.968,-0.904,-0.905,0.811,-0.979,-0.798,-0.711,0.983,-0.986,0.979,-0.855,-0.771,0.971,0.934,-0.959,0.949,0.22,-0.915,0.953,-0.923,-0.829,-0.805,-0.986,0.766,-0.962,EssenceCatalog/problems/csplib-prob010-SocialGolfers/params/2f9c83876fdfc842a355b11a69577fd0.param
0.967,-0.989,-0.891,-0.913,0.888,0.895,0.953,0.982,-0.9,0.771,0.983,0.889,0.414,0.979,0.933,0.982,0.724,-0.989,0.932,0.917,-0.681,-0.871,0.941,-0.964,0.848,-0.972,0.893,0.958,0.968,-0.98,-0.975,0.837,-0.689,0.912,-0.967,-0.982,-0.955,-0.962,0.92,0.972,0.936,0.816,0.663,-0.949,-0.785,0.984,-0.854,-0.992,0.99,-0.47,-0.972,-0.906,-0.913,0.801,-0.981,-0.788,-0.686,0.985,-0.987,0.98,-0.858,-0.75,0.974,0.933,-0.962,0.955,0.207,-0.919,0.957,-0.922,-0.822,-0.792,-0.986,0.763,-0.964,EssenceCatalog/problems/csplib-prob010-SocialGolfers/params/b9c29f3e5ab9ede30bbabd28de5d2b68.param
0.967,-0.989,-0.89,-0.911,0.887,0.895,0.953,0.982,-0.9,0.772,0.983,0.889,0.412,0.979,0.933,0.981,0.724,-0.989,0.931,0.917,-0.683,-0.871,0.94,-0.964,0.85,-0.972,0.893,0.958,0.967,-0.98,-0.975,0.839,-0.692,0.912,-0.967,-0.982,-0.955,-0.962,0.92,0.972,0.936,0.818,0.662,-0.948,-0.781,0.984,-0.852,-0.992,0.99,-0.468,-0.971,-0.906,-0.912,0.802,-0.981,-0.789,-0.689,0.984,-0.987,0.98,-0.858,-0.752,0.974,0.933,-0.962,0.954,0.208,-0.919,0.957,-0.922,-0.823,-0.794,-0.986,0.763,-0.964,EssenceCatalog/problems/csplib-prob010-SocialGolfers/params/40825d14d90356ae5486cdbe557c898b.param
0.907,-0.947,-0.935,-0.883,0.896,0.823,0.306,0.978,0.207,-0.901,0.878,-0.058,-0.643,0.596,0.891,0.908,-0.824,-0.869,0.94,0.677,0.769,-0.133,0.828,-0.865,-0.879,-0.934,-0.032,0.944,0.818,-0.955,-0.672,-0.778,0.881,0.054,-0.877,-0.762,-0.788,0.523,0.236,0.966,0.762,-0.821,0.636,-0.616,-0.891,0.828,-0.976,-0.954,0.873,-0.929,-0.961,-0.764,-0.942,-0.568,-0.925,0.742,0.805,0.958,-0.947,0.733,-0.365,0.88,0.866,-0.395,-0.796,0.98,-0.716,-0.879,0.907,-0.128,0.816,0.831,-0.748,-0.867,-0.964,EssenceCatalog/problems/csplib-prob010-SocialGolfers/params/c6b5734297e6b395167b9efc1f40a506.param
0.965,-0.988,-0.882,-0.9,0.875,0.888,0.949,0.979,-0.901,0.791,0.982,0.889,0.418,0.978,0.929,0.978,0.728,-0.988,0.922,0.91,-0.697,-0.873,0.933,-0.962,0.863,-0.967,0.892,0.955,0.963,-0.977,-0.974,0.85,-0.721,0.916,-0.964,-0.981,-0.952,-0.962,0.921,0.968,0.93,0.832,0.649,-0.945,-0.749,0.983,-0.832,-0.991,0.989,-0.439,-0.967,-0.902,-0.901,0.813,-0.978,-0.799,-0.711,0.982,-0.986,0.978,-0.853,-0.773,0.97,0.934,-0.958,0.946,0.224,-0.913,0.951,-0.921,-0.832,-0.808,-0.985,0.767,-0.96,EssenceCatalog/problems/csplib-prob010-SocialGolfers/params/d025afcbb4296177e603075368db9122.param
0.965,-0.988,-0.883,-0.9,0.875,0.889,0.95,0.979,-0.901,0.791,0.982,0.89,0.416,0.978,0.93,0.978,0.728,-0.988,0.923,0.911,-0.696,-0.874,0.933,-0.962,0.864,-0.968,0.893,0.955,0.963,-0.977,-0.974,0.85,-0.722,0.916,-0.964,-0.981,-0.952,-0.962,0.922,0.968,0.93,0.833,0.651,-0.945,-0.749,0.983,-0.832,-0.991,0.989,-0.44,-0.967,-0.903,-0.902,0.814,-0.978,-0.8,-0.712,0.982,-0.986,0.978,-0.853,-0.774,0.97,0.934,-0.958,0.947,0.224,-0.913,0.951,-0.922,-0.832,-0.808,-0.985,0.766,-0.96,EssenceCatalog/problems/csplib-prob010-SocialGolfers/params/11c471b9b38c281f6b685b85bb711917.param
0.964,-0.987,-0.878,-0.897,0.87,0.885,0.948,0.978,-0.9,0.796,0.981,0.888,0.42,0.977,0.928,0.977,0.73,-0.987,0.919,0.908,-0.7,-0.872,0.931,-0.961,0.867,-0.966,0.892,0.953,0.962,-0.976,-0.974,0.852,-0.729,0.917,-0.962,-0.981,-0.951,-0.962,0.921,0.966,0.927,0.836,0.643,-0.944,-0.739,0.982,-0.826,-0.991,0.988,-0.428,-0.965,-0.9,-0.898,0.816,-0.977,-0.801,-0.714,0.981,-0.985,0.978,-0.85,-0.778,0.969,0.933,-0.956,0.943,0.229,-0.911,0.949,-0.92,-0.835,-0.812,-0.985,0.767,-0.958,EssenceCatalog/problems/csplib-prob010-SocialGolfers/params/8b3371bb968264c3f6779040b16c0c4d.param
0.884,-0.931,-0.931,-0.873,0.883,0.791,0.249,0.975,0.241,-0.92,0.842,-0.086,-0.679,0.513,0.861,0.891,-0.823,-0.832,0.938,0.636,0.801,-0.087,0.798,-0.847,-0.879,-0.92,-0.055,0.935,0.794,-0.951,-0.642,-0.796,0.898,-0.022,-0.856,-0.719,-0.754,0.61,0.217,0.959,0.75,-0.855,0.591,-0.567,-0.878,0.799,-0.973,-0.941,0.827,-0.916,-0.955,-0.734,-0.937,-0.585,-0.916,0.756,0.81,0.951,-0.934,0.656,-0.285,0.882,0.857,-0.431,-0.773,0.975,-0.713,-0.861,0.899,-0.048,0.832,0.828,-0.694,-0.863,-0.956,EssenceCatalog/problems/csplib-prob010-SocialGolfers/params/32fb16593aaefb17e873531955a6d52f.param
0.881,-0.929,-0.931,-0.87,0.881,0.787,0.243,0.974,0.242,-0.921,0.838,-0.091,-0.681,0.504,0.856,0.888,-0.822,-0.828,0.938,0.632,0.804,-0.084,0.795,-0.843,-0.878,-0.919,-0.058,0.934,0.79,-0.95,-0.638,-0.796,0.9,-0.035,-0.852,-0.713,-0.751,0.617,0.215,0.957,0.747,-0.858,0.588,-0.561,-0.875,0.795,-0.971,-0.939,0.821,-0.913,-0.953,-0.73,-0.935,-0.583,-0.915,0.756,0.808,0.949,-0.931,0.643,-0.277,0.882,0.855,-0.433,-0.769,0.975,-0.712,-0.857,0.897,-0.044,0.833,0.827,-0.689,-0.862,-0.955,EssenceCatalog/problems/csplib-prob010-SocialGolfers/params/36c5933fbc06d1cd36a5698cb0c587ef.param
0.894,-0.936,-0.931,-0.875,0.886,0.8,0.266,0.976,0.232,-0.914,0.855,-0.089,-0.666,0.54,0.873,0.895,-0.825,-0.841,0.94,0.648,0.792,-0.094,0.81,-0.853,-0.879,-0.924,-0.052,0.939,0.803,-0.952,-0.643,-0.789,0.892,0.003,-0.865,-0.735,-0.766,0.595,0.219,0.961,0.754,-0.846,0.606,-0.584,-0.882,0.806,-0.974,-0.947,0.842,-0.922,-0.957,-0.743,-0.939,-0.578,-0.92,0.753,0.809,0.954,-0.938,0.679,-0.308,0.881,0.86,-0.428,-0.778,0.977,-0.719,-0.867,0.904,-0.076,0.829,0.83,-0.712,-0.866,-0.96,EssenceCatalog/problems/csplib-prob010-SocialGolfers/params/b54f500367539be59cd21d120e5589db.param
0.893,-0.935,-0.931,-0.874,0.885,0.798,0.265,0.975,0.232,-0.914,0.852,-0.093,-0.668,0.535,0.87,0.892,-0.826,-0.838,0.94,0.646,0.794,-0.093,0.809,-0.851,-0.879,-0.923,-0.058,0.939,0.801,-0.951,-0.64,-0.788,0.892,-0.003,-0.864,-0.733,-0.765,0.599,0.218,0.961,0.752,-0.847,0.604,-0.581,-0.88,0.803,-0.974,-0.946,0.84,-0.921,-0.956,-0.741,-0.939,-0.576,-0.92,0.752,0.807,0.954,-0.937,0.673,-0.302,0.881,0.86,-0.429,-0.775,0.977,-0.719,-0.865,0.903,-0.076,0.829,0.831,-0.709,-0.866,-0.96,EssenceCatalog/problems/csplib-prob010-SocialGolfers/params/006621baf634946c7cc2fa2d08c62eee.param
0.967,-0.988,-0.888,-0.904,0.88,0.892,0.951,0.981,-0.901,0.785,0.983,0.891,0.411,0.978,0.932,0.98,0.725,-0.989,0.927,0.913,-0.692,-0.875,0.936,-0.963,0.861,-0.969,0.894,0.957,0.965,-0.979,-0.975,0.848,-0.715,0.915,-0.965,-0.982,-0.954,-0.963,0.922,0.97,0.933,0.829,0.658,-0.946,-0.759,0.984,-0.838,-0.992,0.989,-0.453,-0.968,-0.905,-0.906,0.811,-0.979,-0.798,-0.71,0.983,-0.987,0.979,-0.856,-0.77,0.972,0.935,-0.96,0.95,0.22,-0.915,0.953,-0.924,-0.828,-0.804,-0.986,0.765,-0.962,EssenceCatalog/problems/csplib-prob010-SocialGolfers/params/e9d12e9be5e7d3623b21ecb130733e2d.param
0.967,-0.988,-0.888,-0.904,0.881,0.892,0.951,0.981,-0.901,0.784,0.983,0.892,0.41,0.978,0.932,0.98,0.725,-0.989,0.928,0.914,-0.692,-0.875,0.936,-0.964,0.861,-0.97,0.894,0.957,0.965,-0.979,-0.975,0.848,-0.714,0.915,-0.966,-0.982,-0.954,-0.963,0.922,0.97,0.933,0.828,0.659,-0.947,-0.76,0.984,-0.839,-0.992,0.989,-0.453,-0.968,-0.905,-0.907,0.81,-0.979,-0.798,-0.71,0.983,-0.987,0.979,-0.856,-0.769,0.972,0.935,-0.96,0.95,0.218,-0.916,0.953,-0.924,-0.828,-0.804,-0.986,0.765,-0.962,EssenceCatalog/problems/csplib-prob010-SocialGolfers/params/2020955020954a6028ddd8b9aa91ef7c.param
0.965,-0.987,-0.881,-0.9,0.873,0.887,0.949,0.979,-0.901,0.793,0.982,0.889,0.419,0.977,0.929,0.978,0.728,-0.988,0.922,0.91,-0.698,-0.873,0.933,-0.962,0.864,-0.967,0.892,0.954,0.963,-0.977,-0.974,0.85,-0.724,0.916,-0.963,-0.981,-0.952,-0.962,0.921,0.967,0.929,0.834,0.648,-0.945,-0.747,0.983,-0.831,-0.991,0.989,-0.436,-0.966,-0.902,-0.901,0.814,-0.978,-0.8,-0.712,0.982,-0.986,0.978,-0.852,-0.774,0.97,0.933,-0.957,0.946,0.226,-0.913,0.95,-0.921,-0.833,-0.809,-0.985,0.767,-0.959,EssenceCatalog/problems/csplib-prob010-SocialGolfers/params/1c9e3333a73f27b3a67f089fdbc94a2d.param
0.874,-0.924,-0.929,-0.866,0.878,0.775,0.239,0.972,0.247,-0.923,0.825,-0.092,-0.684,0.482,0.841,0.882,-0.82,-0.817,0.937,0.619,0.809,-0.082,0.786,-0.833,-0.875,-0.914,-0.064,0.93,0.779,-0.948,-0.633,-0.797,0.902,-0.067,-0.844,-0.7,-0.746,0.631,0.214,0.954,0.739,-0.865,0.58,-0.546,-0.868,0.787,-0.968,-0.933,0.805,-0.907,-0.95,-0.719,-0.932,-0.581,-0.912,0.755,0.804,0.946,-0.926,0.611,-0.252,0.88,0.851,-0.433,-0.76,0.972,-0.706,-0.849,0.893,-0.038,0.833,0.824,-0.676,-0.857,-0.951,EssenceCatalog/problems/csplib-prob010-SocialGolfers/params/ce90a01453eb10983fb948cf834f1481.param
0.964,-0.987,-0.879,-0.898,0.871,0.886,0.949,0.978,-0.901,0.796,0.981,0.889,0.42,0.977,0.928,0.977,0.73,-0.988,0.919,0.908,-0.7,-0.872,0.931,-0.961,0.866,-0.966,0.892,0.954,0.962,-0.976,-0.974,0.852,-0.728,0.917,-0.963,-0.981,-0.951,-0.962,0.921,0.967,0.928,0.836,0.644,-0.944,-0.741,0.983,-0.827,-0.991,0.988,-0.43,-0.966,-0.9,-0.899,0.816,-0.977,-0.801,-0.714,0.981,-0.985,0.978,-0.851,-0.777,0.969,0.933,-0.956,0.944,0.228,-0.911,0.949,-0.92,-0.834,-0.811,-0.985,0.767,-0.958,EssenceCatalog/problems/csplib-prob010-SocialGolfers/params/2fa5d3c9570204053ba74a6ec47272b0.param
0.965,-0.987,-0.882,-0.9,0.874,0.888,0.949,0.979,-0.901,0.792,0.982,0.889,0.418,0.978,0.929,0.978,0.728,-0.988,0.922,0.91,-0.697,-0.873,0.933,-0.962,0.863,-0.967,0.892,0.955,0.963,-0.977,-0.974,0.85,-0.722,0.916,-0.963,-0.981,-0.952,-0.962,0.921,0.968,0.93,0.833,0.649,-0.945,-0.749,0.983,-0.832,-0.991,0.989,-0.438,-0.967,-0.902,-0.901,0.814,-0.978,-0.799,-0.711,0.982,-0.986,0.978,-0.853,-0.773,0.97,0.933,-0.958,0.946,0.224,-0.913,0.951,-0.921,-0.832,-0.808,-0.985,0.767,-0.96,EssenceCatalog/problems/csplib-prob010-SocialGolfers/params/2242b799fe1a4d24787ad2a7a3fe39f3.param
0.964,-0.99,-0.89,-0.926,0.897,0.895,0.953,0.984,-0.893,0.735,0.983,0.876,0.42,0.98,0.934,0.984,0.716,-0.989,0.936,0.92,-0.654,-0.853,0.947,-0.963,0.813,-0.975,0.887,0.959,0.972,-0.981,-0.975,0.808,-0.624,0.904,-0.967,-0.981,-0.955,-0.958,0.911,0.975,0.938,0.785,0.661,-0.951,-0.825,0.983,-0.879,-0.992,0.99,-0.499,-0.977,-0.904,-0.92,0.776,-0.983,-0.757,-0.614,0.987,-0.987,0.98,-0.853,-0.693,0.977,0.927,-0.964,0.961,0.178,-0.924,0.962,-0.91,-0.808,-0.76,-0.983,0.75,-0.966,EssenceCatalog/problems/csplib-prob010-SocialGolfers/params/00f471a26b640d7a2cd65585bd00b169.param
0.966,-0.988,-0.887,-0.905,0.881,0.892,0.951,0.981,-0.9,0.782,0.983,0.889,0.413,0.978,0.931,0.98,0.725,-0.988,0.927,0.913,-0.69,-0.872,0.937,-0.963,0.858,-0.969,0.893,0.956,0.965,-0.979,-0.975,0.845,-0.708,0.914,-0.965,-0.982,-0.953,-0.962,0.921,0.97,0.933,0.826,0.657,-0.946,-0.765,0.983,-0.841,-0.992,0.989,-0.453,-0.969,-0.904,-0.906,0.808,-0.979,-0.795,-0.702,0.983,-0.986,0.979,-0.856,-0.763,0.972,0.934,-0.96,0.951,0.215,-0.916,0.954,-0.922,-0.827,-0.801,-0.985,0.765,-0.962,EssenceCatalog/problems/csplib-prob010-SocialGolfers/params/33ffc1db6d9959a46c5b432900c1f8ec.param
0.966,-0.988,-0.884,-0.901,0.876,0.889,0.95,0.98,-0.901,0.79,0.982,0.891,0.413,0.978,0.93,0.979,0.727,-0.988,0.924,0.911,-0.696,-0.875,0.934,-0.963,0.864,-0.968,0.893,0.956,0.964,-0.978,-0.974,0.85,-0.722,0.916,-0.964,-0.981,-0.952,-0.963,0.922,0.968,0.931,0.832,0.652,-0.945,-0.75,0.983,-0.832,-0.991,0.989,-0.442,-0.967,-0.903,-0.903,0.813,-0.978,-0.8,-0.714,0.982,-0.986,0.979,-0.854,-0.774,0.97,0.934,-0.958,0.947,0.224,-0.913,0.951,-0.923,-0.831,-0.808,-0.986,0.766,-0.96,EssenceCatalog/problems/csplib-prob010-SocialGolfers/params/debc3013633aa73b4947464b0f7eccf4.param
0.929,-0.979,-0.946,-0.884,0.918,0.884,0.661,0.984,-0.211,-0.567,0.944,0.402,-0.377,0.872,0.935,0.961,-0.578,-0.956,0.932,0.8,0.406,-0.398,0.893,-0.896,-0.699,-0.959,0.292,0.962,0.91,-0.963,-0.85,-0.378,0.742,0.436,-0.935,-0.886,-0.89,-0.238,0.508,0.975,0.854,-0.439,0.762,-0.807,-0.881,0.904,-0.968,-0.978,0.962,-0.909,-0.977,-0.872,-0.937,-0.35,-0.953,0.464,0.637,0.976,-0.975,0.882,-0.569,0.738,0.939,0.346,-0.889,0.976,-0.511,-0.9,0.94,-0.5,0.432,0.636,-0.911,-0.677,-0.974,EssenceCatalog/problems/csplib-prob010-SocialGolfers/params/2094fa47f916b46302b5f073e7c1a2eb.param
0.967,-0.989,-0.889,-0.906,0.882,0.893,0.952,0.981,-0.901,0.781,0.983,0.891,0.409,0.978,0.932,0.98,0.724,-0.989,0.928,0.914,-0.689,-0.874,0.937,-0.964,0.858,-0.97,0.894,0.957,0.966,-0.979,-0.975,0.845,-0.708,0.914,-0.966,-0.982,-0.954,-0.963,0.921,0.97,0.934,0.825,0.66,-0.947,-0.765,0.984,-0.841,-0.992,0.989,-0.457,-0.969,-0.905,-0.908,0.808,-0.98,-0.795,-0.705,0.983,-0.987,0.979,-0.857,-0.765,0.972,0.934,-0.96,0.951,0.215,-0.916,0.954,-0.924,-0.826,-0.801,-0.986,0.764,-0.963,EssenceCatalog/problems/csplib-prob010-SocialGolfers/params/8e7c05e8f307a080268fddb58ef23d3e.param
0.928,-0.979,-0.947,-0.884,0.92,0.885,0.629,0.984,-0.18,-0.63,0.942,0.366,-0.408,0.86,0.935,0.96,-0.625,-0.954,0.93,0.793,0.464,-0.391,0.891,-0.896,-0.73,-0.959,0.259,0.961,0.905,-0.962,-0.841,-0.435,0.767,0.405,-0.933,-0.88,-0.889,-0.159,0.481,0.974,0.846,-0.491,0.766,-0.793,-0.884,0.899,-0.969,-0.977,0.96,-0.912,-0.976,-0.865,-0.936,-0.385,-0.949,0.5,0.667,0.976,-0.974,0.873,-0.549,0.765,0.935,0.284,-0.887,0.977,-0.536,-0.898,0.939,-0.469,0.487,0.676,-0.903,-0.711,-0.974,EssenceCatalog/problems/csplib-prob010-SocialGolfers/params/d7cd6ba8edaad855773b9c887e9aa145.param
0.965,-0.987,-0.881,-0.898,0.873,0.887,0.949,0.979,-0.9,0.792,0.981,0.89,0.414,0.977,0.929,0.978,0.729,-0.988,0.921,0.909,-0.698,-0.873,0.932,-0.962,0.866,-0.967,0.893,0.954,0.963,-0.977,-0.974,0.851,-0.724,0.916,-0.963,-0.981,-0.951,-0.962,0.921,0.967,0.929,0.834,0.647,-0.944,-0.744,0.983,-0.828,-0.991,0.988,-0.434,-0.966,-0.901,-0.9,0.814,-0.977,-0.8,-0.714,0.981,-0.986,0.978,-0.852,-0.776,0.969,0.933,-0.957,0.945,0.224,-0.912,0.95,-0.921,-0.832,-0.809,-0.985,0.766,-0.959,EssenceCatalog/problems/csplib-prob010-SocialGolfers/params/a2cabe0a1bef1fd04563cbe28c9ead07.param
0.964,-0.99,-0.889,-0.925,0.896,0.895,0.954,0.983,-0.896,0.746,0.984,0.879,0.426,0.98,0.934,0.984,0.725,-0.989,0.936,0.921,-0.662,-0.857,0.946,-0.963,0.823,-0.975,0.891,0.959,0.972,-0.981,-0.975,0.816,-0.641,0.907,-0.967,-0.982,-0.955,-0.96,0.913,0.974,0.939,0.794,0.659,-0.951,-0.821,0.983,-0.876,-0.992,0.99,-0.489,-0.976,-0.904,-0.919,0.785,-0.983,-0.766,-0.631,0.987,-0.987,0.981,-0.855,-0.708,0.977,0.929,-0.964,0.961,0.188,-0.924,0.962,-0.912,-0.814,-0.77,-0.984,0.76,-0.965,EssenceCatalog/problems/csplib-prob010-SocialGolfers/params/4baa55e9b450dcc952c3bd85c9f07023.param
0.931,-0.981,-0.944,-0.884,0.915,0.882,0.707,0.984,-0.259,-0.483,0.95,0.456,-0.321,0.889,0.938,0.965,-0.518,-0.96,0.933,0.815,0.31,-0.422,0.901,-0.9,-0.65,-0.96,0.353,0.962,0.914,-0.965,-0.86,-0.298,0.704,0.497,-0.939,-0.898,-0.895,-0.354,0.542,0.976,0.868,-0.355,0.763,-0.823,-0.876,0.913,-0.966,-0.98,0.966,-0.902,-0.978,-0.883,-0.936,-0.286,-0.957,0.4,0.593,0.977,-0.977,0.898,-0.586,0.692,0.946,0.429,-0.891,0.974,-0.463,-0.904,0.943,-0.547,0.366,0.58,-0.926,-0.624,-0.974,EssenceCatalog/problems/csplib-prob010-SocialGolfers/params/fd3fa57fa514d3d8f9e90c724b07357c.param
0.967,-0.989,-0.89,-0.911,0.886,0.894,0.952,0.982,-0.9,0.773,0.983,0.889,0.413,0.979,0.933,0.981,0.724,-0.989,0.931,0.916,-0.683,-0.871,0.94,-0.964,0.851,-0.972,0.893,0.958,0.967,-0.98,-0.975,0.839,-0.694,0.912,-0.966,-0.982,-0.955,-0.963,0.92,0.972,0.935,0.819,0.662,-0.948,-0.78,0.984,-0.851,-0.992,0.99,-0.466,-0.971,-0.906,-0.911,0.803,-0.981,-0.79,-0.69,0.984,-0.987,0.98,-0.858,-0.754,0.973,0.933,-0.962,0.954,0.209,-0.918,0.956,-0.922,-0.823,-0.795,-0.986,0.764,-0.964,EssenceCatalog/problems/csplib-prob010-SocialGolfers/params/7aff1bc362fdd016a8b2a3a65d0911e7.param
0.965,-0.988,-0.883,-0.9,0.875,0.889,0.95,0.979,-0.901,0.79,0.982,0.89,0.413,0.978,0.93,0.978,0.728,-0.988,0.923,0.91,-0.696,-0.874,0.933,-0.962,0.864,-0.967,0.893,0.955,0.963,-0.977,-0.974,0.85,-0.721,0.916,-0.964,-0.981,-0.952,-0.962,0.921,0.968,0.93,0.832,0.651,-0.945,-0.748,0.983,-0.831,-0.991,0.989,-0.44,-0.967,-0.903,-0.902,0.813,-0.978,-0.799,-0.713,0.982,-0.986,0.978,-0.853,-0.774,0.97,0.934,-0.958,0.947,0.223,-0.913,0.951,-0.922,-0.831,-0.808,-0.985,0.766,-0.96,EssenceCatalog/problems/csplib-prob010-SocialGolfers/params/317006996892bedfdc18800a2ec86a77.param
0.964,-0.99,-0.889,-0.926,0.897,0.895,0.954,0.984,-0.895,0.741,0.984,0.877,0.427,0.98,0.934,0.984,0.724,-0.989,0.936,0.921,-0.658,-0.855,0.947,-0.963,0.818,-0.975,0.89,0.959,0.972,-0.982,-0.975,0.812,-0.632,0.906,-0.967,-0.982,-0.955,-0.96,0.912,0.975,0.939,0.79,0.659,-0.951,-0.825,0.983,-0.879,-0.993,0.99,-0.492,-0.977,-0.904,-0.92,0.781,-0.983,-0.762,-0.621,0.987,-0.987,0.981,-0.854,-0.7,0.977,0.928,-0.964,0.962,0.184,-0.924,0.962,-0.911,-0.812,-0.766,-0.984,0.757,-0.965,EssenceCatalog/problems/csplib-prob010-SocialGolfers/params/dfd5225ef252f6c823818ae13ac12ff1.param
0.966,-0.988,-0.885,-0.901,0.877,0.889,0.95,0.98,-0.901,0.789,0.982,0.89,0.414,0.978,0.93,0.979,0.727,-0.988,0.924,0.911,-0.695,-0.874,0.934,-0.963,0.863,-0.968,0.893,0.956,0.964,-0.978,-0.974,0.85,-0.72,0.916,-0.964,-0.982,-0.953,-0.963,0.922,0.968,0.931,0.831,0.653,-0.945,-0.752,0.983,-0.833,-0.991,0.989,-0.443,-0.967,-0.903,-0.903,0.812,-0.978,-0.799,-0.712,0.982,-0.986,0.979,-0.854,-0.773,0.971,0.934,-0.958,0.948,0.222,-0.914,0.952,-0.923,-0.831,-0.807,-0.986,0.766,-0.961,EssenceCatalog/problems/csplib-prob010-SocialGolfers/params/ord35-4-9-7.param
0.964,-0.987,-0.88,-0.899,0.872,0.886,0.949,0.979,-0.901,0.794,0.981,0.889,0.42,0.977,0.929,0.978,0.729,-0.988,0.92,0.909,-0.699,-0.873,0.932,-0.962,0.865,-0.967,0.892,0.954,0.963,-0.977,-0.974,0.851,-0.726,0.917,-0.963,-0.981,-0.951,-0.962,0.921,0.967,0.928,0.835,0.646,-0.944,-0.744,0.983,-0.829,-0.991,0.988,-0.433,-0.966,-0.901,-0.9,0.815,-0.977,-0.8,-0.713,0.981,-0.986,0.978,-0.852,-0.775,0.969,0.933,-0.957,0.945,0.227,-0.912,0.95,-0.921,-0.834,-0.81,-0.985,0.767,-0.959,EssenceCatalog/problems/csplib-prob010-SocialGolfers/params/e7dd3c54b74cc25a55fe47c86dec8a7a.param
0.964,-0.987,-0.88,-0.898,0.872,0.886,0.949,0.979,-0.901,0.795,0.981,0.889,0.419,0.977,0.929,0.978,0.729,-0.988,0.92,0.909,-0.699,-0.873,0.932,-0.962,0.866,-0.966,0.893,0.954,0.962,-0.977,-0.974,0.852,-0.727,0.917,-0.963,-0.981,-0.951,-0.962,0.921,0.967,0.928,0.835,0.646,-0.944,-0.742,0.983,-0.828,-0.991,0.988,-0.432,-0.966,-0.901,-0.899,0.815,-0.977,-0.801,-0.714,0.981,-0.986,0.978,-0.851,-0.777,0.969,0.933,-0.957,0.945,0.228,-0.912,0.95,-0.921,-0.834,-0.811,-0.985,0.767,-0.958,EssenceCatalog/problems/csplib-prob010-SocialGolfers/params/ef615e00f9239eda8a34a36d9b91fdee.param
0.943,-0.987,-0.916,-0.905,0.903,0.877,0.899,0.985,-0.687,0.259,0.975,0.777,0.067,0.961,0.933,0.976,0.209,-0.976,0.938,0.882,-0.356,-0.706,0.934,-0.935,0.249,-0.971,0.713,0.966,0.953,-0.975,-0.944,0.467,0.009,0.807,-0.952,-0.952,-0.927,-0.855,0.787,0.975,0.901,0.407,0.719,-0.914,-0.846,0.964,-0.927,-0.989,0.982,-0.75,-0.978,-0.909,-0.926,0.382,-0.973,-0.317,-0.106,0.981,-0.986,0.958,-0.747,-0.091,0.965,0.833,-0.934,0.958,-0.129,-0.913,0.949,-0.809,-0.432,-0.233,-0.973,0.173,-0.968,EssenceCatalog/problems/csplib-prob010-SocialGolfers/params/8b9888982001a5a4d265e14056f431ba.param
0.967,-0.989,-0.89,-0.909,0.885,0.894,0.952,0.982,-0.901,0.777,0.983,0.89,0.412,0.979,0.933,0.981,0.724,-0.989,0.93,0.915,-0.686,-0.873,0.939,-0.964,0.855,-0.971,0.894,0.958,0.967,-0.979,-0.975,0.842,-0.701,0.913,-0.966,-0.982,-0.954,-0.963,0.921,0.971,0.934,0.822,0.661,-0.948,-0.773,0.984,-0.847,-0.992,0.99,-0.462,-0.97,-0.906,-0.91,0.806,-0.98,-0.793,-0.698,0.984,-0.987,0.98,-0.857,-0.759,0.973,0.934,-0.961,0.953,0.212,-0.918,0.955,-0.923,-0.825,-0.798,-0.986,0.764,-0.964,EssenceCatalog/problems/csplib-prob010-SocialGolfers/params/d308db3d3c8510388cec77c1c34b919d.param
0.964,-0.987,-0.88,-0.898,0.872,0.886,0.949,0.979,-0.9,0.793,0.981,0.889,0.416,0.977,0.928,0.978,0.729,-0.988,0.92,0.909,-0.699,-0.873,0.932,-0.962,0.866,-0.966,0.892,0.954,0.962,-0.977,-0.974,0.852,-0.725,0.916,-0.963,-0.981,-0.951,-0.962,0.921,0.967,0.929,0.834,0.646,-0.944,-0.743,0.983,-0.827,-0.991,0.988,-0.432,-0.966,-0.901,-0.899,0.814,-0.977,-0.8,-0.714,0.981,-0.986,0.978,-0.851,-0.776,0.969,0.933,-0.957,0.945,0.225,-0.911,0.949,-0.921,-0.833,-0.81,-0.985,0.766,-0.959,EssenceCatalog/problems/csplib-prob010-SocialGolfers/params/3f921fcdd661e02e3601e98d4424eb35.param
0.964,-0.987,-0.879,-0.897,0.871,0.886,0.949,0.978,-0.9,0.795,0.981,0.889,0.418,0.977,0.928,0.977,0.729,-0.987,0.919,0.908,-0.7,-0.872,0.931,-0.961,0.867,-0.966,0.892,0.954,0.962,-0.976,-0.974,0.852,-0.728,0.917,-0.962,-0.981,-0.951,-0.962,0.921,0.967,0.928,0.836,0.644,-0.944,-0.74,0.983,-0.826,-0.991,0.988,-0.43,-0.965,-0.901,-0.898,0.815,-0.977,-0.801,-0.715,0.981,-0.985,0.978,-0.851,-0.777,0.969,0.933,-0.956,0.944,0.228,-0.911,0.949,-0.921,-0.834,-0.811,-0.985,0.767,-0.958,EssenceCatalog/problems/csplib-prob010-SocialGolfers/params/acecb32df5202e7e835cdbae551bfa8a.param
0.918,-0.964,-0.945,-0.888,0.915,0.861,0.419,0.981,0.093,-0.847,0.914,0.089,-0.562,0.709,0.915,0.933,-0.784,-0.918,0.931,0.719,0.687,-0.238,0.851,-0.881,-0.857,-0.947,0.046,0.955,0.855,-0.957,-0.744,-0.711,0.855,0.146,-0.896,-0.805,-0.836,0.294,0.3,0.97,0.793,-0.728,0.71,-0.691,-0.895,0.865,-0.976,-0.963,0.922,-0.929,-0.966,-0.807,-0.937,-0.544,-0.929,0.692,0.784,0.965,-0.96,0.8,-0.462,0.866,0.89,-0.194,-0.847,0.98,-0.688,-0.89,0.916,-0.258,0.737,0.801,-0.81,-0.839,-0.969,EssenceCatalog/problems/csplib-prob010-SocialGolfers/params/bc2269224fbd359f9fca7e4703e29d2c.param
0.921,-0.969,-0.947,-0.885,0.921,0.871,0.477,0.982,0.023,-0.823,0.927,0.149,-0.529,0.745,0.922,0.94,-0.767,-0.93,0.932,0.732,0.658,-0.286,0.869,-0.887,-0.829,-0.95,0.1,0.958,0.867,-0.958,-0.767,-0.669,0.836,0.209,-0.905,-0.832,-0.865,0.209,0.323,0.971,0.808,-0.69,0.737,-0.722,-0.895,0.877,-0.975,-0.967,0.932,-0.928,-0.968,-0.826,-0.937,-0.524,-0.93,0.666,0.765,0.97,-0.965,0.824,-0.485,0.854,0.903,-0.128,-0.858,0.98,-0.673,-0.893,0.922,-0.303,0.702,0.791,-0.846,-0.823,-0.97,EssenceCatalog/problems/csplib-prob010-SocialGolfers/params/2ff98ef1567b1f9e43e03c2b7b03786c.param
0.965,-0.988,-0.884,-0.9,0.875,0.889,0.95,0.979,-0.901,0.791,0.982,0.89,0.414,0.978,0.93,0.978,0.727,-0.988,0.923,0.91,-0.697,-0.874,0.933,-0.962,0.865,-0.968,0.893,0.955,0.963,-0.977,-0.974,0.851,-0.723,0.916,-0.964,-0.981,-0.952,-0.962,0.922,0.968,0.93,0.833,0.651,-0.945,-0.748,0.983,-0.831,-0.991,0.989,-0.44,-0.967,-0.903,-0.902,0.813,-0.978,-0.8,-0.714,0.982,-0.986,0.979,-0.853,-0.775,0.97,0.934,-0.958,0.947,0.225,-0.913,0.951,-0.923,-0.832,-0.808,-0.986,0.766,-0.96,EssenceCatalog/problems/csplib-prob010-SocialGolfers/params/c0097110ded0b2659948cf6e5fb4c987.param
0.966,-0.988,-0.885,-0.902,0.878,0.89,0.95,0.98,-0.9,0.785,0.982,0.89,0.411,0.978,0.93,0.979,0.726,-0.988,0.925,0.912,-0.693,-0.873,0.935,-0.963,0.861,-0.968,0.893,0.956,0.964,-0.978,-0.974,0.847,-0.714,0.914,-0.964,-0.981,-0.952,-0.962,0.921,0.969,0.932,0.828,0.654,-0.946,-0.756,0.983,-0.835,-0.991,0.989,-0.446,-0.967,-0.903,-0.904,0.81,-0.979,-0.797,-0.708,0.982,-0.986,0.979,-0.855,-0.769,0.971,0.934,-0.959,0.949,0.217,-0.914,0.952,-0.923,-0.828,-0.804,-0.985,0.765,-0.961,EssenceCatalog/problems/csplib-prob010-SocialGolfers/params/8fa9e80abb97e1badef035dda6274a51.param
0.904,-0.945,-0.934,-0.88,0.893,0.819,0.291,0.978,0.215,-0.904,0.872,-0.066,-0.655,0.582,0.887,0.905,-0.824,-0.863,0.94,0.672,0.774,-0.12,0.823,-0.862,-0.881,-0.932,-0.039,0.943,0.815,-0.955,-0.663,-0.78,0.884,0.044,-0.875,-0.755,-0.781,0.541,0.226,0.964,0.76,-0.828,0.63,-0.604,-0.889,0.822,-0.976,-0.952,0.867,-0.928,-0.96,-0.759,-0.941,-0.572,-0.924,0.745,0.805,0.957,-0.945,0.721,-0.352,0.879,0.863,-0.408,-0.791,0.979,-0.717,-0.876,0.906,-0.115,0.821,0.833,-0.74,-0.866,-0.963,EssenceCatalog/problems/csplib-prob010-SocialGolfers/params/4cb1238ad353c31511d2e97ddf104177.param
0.966,-0.99,-0.89,-0.919,0.892,0.896,0.954,0.983,-0.899,0.759,0.984,0.885,0.419,0.98,0.934,0.983,0.725,-0.989,0.934,0.919,-0.673,-0.865,0.944,-0.964,0.837,-0.974,0.892,0.959,0.97,-0.981,-0.975,0.828,-0.668,0.909,-0.967,-0.982,-0.955,-0.962,0.917,0.973,0.938,0.806,0.662,-0.95,-0.803,0.984,-0.865,-0.992,0.99,-0.48,-0.974,-0.906,-0.916,0.794,-0.982,-0.778,-0.662,0.986,-0.987,0.981,-0.857,-0.732,0.975,0.932,-0.963,0.958,0.198,-0.921,0.96,-0.918,-0.818,-0.783,-0.985,0.762,-0.965,EssenceCatalog/problems/csplib-prob010-SocialGolfers/params/921a158b6c3a2715c9d0545018e5bd86.param
0.966,-0.989,-0.89,-0.914,0.889,0.895,0.953,0.982,-0.9,0.768,0.983,0.888,0.415,0.979,0.933,0.982,0.724,-0.989,0.932,0.918,-0.68,-0.87,0.941,-0.964,0.847,-0.972,0.893,0.958,0.968,-0.98,-0.975,0.835,-0.685,0.911,-0.967,-0.982,-0.955,-0.962,0.919,0.972,0.936,0.814,0.662,-0.949,-0.788,0.984,-0.856,-0.992,0.99,-0.471,-0.972,-0.906,-0.913,0.8,-0.981,-0.786,-0.681,0.985,-0.987,0.98,-0.858,-0.747,0.974,0.933,-0.962,0.956,0.205,-0.92,0.958,-0.921,-0.821,-0.791,-0.985,0.763,-0.964,EssenceCatalog/problems/csplib-prob010-SocialGolfers/params/81ecc55e4d32d9d56f0cf4110bdc443d.param
0.927,-0.977,-0.948,-0.883,0.921,0.885,0.599,0.983,-0.147,-0.676,0.939,0.329,-0.439,0.844,0.934,0.957,-0.66,-0.951,0.929,0.782,0.513,-0.373,0.886,-0.894,-0.754,-0.958,0.223,0.961,0.9,-0.961,-0.832,-0.485,0.785,0.364,-0.929,-0.873,-0.885,-0.084,0.455,0.974,0.839,-0.536,0.765,-0.781,-0.887,0.894,-0.97,-0.975,0.956,-0.915,-0.975,-0.858,-0.936,-0.419,-0.946,0.535,0.691,0.975,-0.972,0.863,-0.539,0.788,0.93,0.217,-0.885,0.978,-0.567,-0.897,0.936,-0.439,0.532,0.703,-0.892,-0.738,-0.974,EssenceCatalog/problems/csplib-prob010-SocialGolfers/params/35fe5710a105d8c081765a6890c3079a.param
0.965,-0.99,-0.89,-0.921,0.894,0.895,0.954,0.983,-0.898,0.754,0.984,0.882,0.422,0.98,0.934,0.983,0.725,-0.989,0.935,0.92,-0.669,-0.862,0.945,-0.964,0.832,-0.974,0.891,0.959,0.97,-0.981,-0.975,0.823,-0.657,0.908,-0.967,-0.982,-0.955,-0.961,0.915,0.974,0.938,0.801,0.661,-0.95,-0.81,0.983,-0.869,-0.992,0.99,-0.483,-0.975,-0.905,-0.917,0.79,-0.982,-0.774,-0.65,0.986,-0.987,0.981,-0.856,-0.723,0.976,0.93,-0.964,0.959,0.195,-0.922,0.96,-0.916,-0.817,-0.778,-0.984,0.761,-0.965,EssenceCatalog/problems/csplib-prob010-SocialGolfers/params/f198dbc752c6673ae299f1e7a1cc4f11.param
0.965,-0.987,-0.881,-0.899,0.873,0.887,0.949,0.979,-0.901,0.793,0.982,0.889,0.418,0.977,0.929,0.978,0.728,-0.988,0.921,0.909,-0.698,-0.873,0.932,-0.962,0.865,-0.967,0.893,0.954,0.963,-0.977,-0.974,0.851,-0.725,0.917,-0.963,-0.981,-0.952,-0.962,0.921,0.967,0.929,0.834,0.648,-0.945,-0.745,0.983,-0.83,-0.991,0.989,-0.435,-0.966,-0.902,-0.9,0.815,-0.978,-0.8,-0.714,0.982,-0.986,0.978,-0.852,-0.776,0.97,0.934,-0.957,0.945,0.226,-0.912,0.95,-0.921,-0.833,-0.809,-0.985,0.767,-0.959,EssenceCatalog/problems/csplib-prob010-SocialGolfers/params/2be1d0da5e02ccc5987c37ec757830e0.param
0.932,-0.982,-0.943,-0.884,0.913,0.881,0.718,0.985,-0.27,-0.457,0.951,0.47,-0.306,0.895,0.939,0.966,-0.501,-0.961,0.934,0.821,0.28,-0.424,0.904,-0.901,-0.638,-0.961,0.371,0.962,0.916,-0.966,-0.864,-0.276,0.695,0.51,-0.941,-0.9,-0.895,-0.387,0.553,0.977,0.873,-0.333,0.764,-0.828,-0.876,0.916,-0.966,-0.981,0.967,-0.899,-0.978,-0.886,-0.936,-0.269,-0.958,0.378,0.586,0.977,-0.977,0.902,-0.592,0.677,0.948,0.453,-0.892,0.973,-0.453,-0.904,0.943,-0.561,0.349,0.561,-0.93,-0.606,-0.974,EssenceCatalog/problems/csplib-prob010-SocialGolfers/params/4f9eecf8537445f5f2a9ad6db02702f0.param
0.965,-0.99,-0.889,-0.924,0.895,0.895,0.954,0.983,-0.897,0.748,0.984,0.88,0.426,0.98,0.934,0.984,0.726,-0.989,0.935,0.921,-0.665,-0.858,0.946,-0.963,0.826,-0.975,0.891,0.959,0.971,-0.981,-0.975,0.818,-0.646,0.907,-0.967,-0.982,-0.955,-0.96,0.914,0.974,0.939,0.796,0.659,-0.951,-0.818,0.983,-0.874,-0.992,0.99,-0.486,-0.976,-0.905,-0.919,0.787,-0.982,-0.769,-0.636,0.987,-0.987,0.981,-0.855,-0.713,0.976,0.929,-0.964,0.96,0.19,-0.923,0.961,-0.913,-0.815,-0.773,-0.984,0.761,-0.965,EssenceCatalog/problems/csplib-prob010-SocialGolfers/params/fe1f8414b30fd6229377e4a62bb1a8e3.param
0.913,-0.954,-0.937,-0.885,0.903,0.837,0.342,0.979,0.173,-0.887,0.892,-0.022,-0.62,0.63,0.899,0.916,-0.819,-0.886,0.938,0.697,0.746,-0.163,0.838,-0.868,-0.874,-0.939,-0.019,0.947,0.827,-0.955,-0.694,-0.76,0.871,0.078,-0.881,-0.778,-0.811,0.449,0.245,0.967,0.766,-0.795,0.664,-0.639,-0.895,0.841,-0.976,-0.957,0.893,-0.931,-0.963,-0.779,-0.94,-0.562,-0.924,0.733,0.801,0.961,-0.951,0.758,-0.408,0.876,0.87,-0.36,-0.808,0.98,-0.715,-0.882,0.908,-0.176,0.799,0.829,-0.772,-0.861,-0.966,EssenceCatalog/problems/csplib-prob010-SocialGolfers/params/bf5de7a9bc21a371cb73aae038e03041.param
0.965,-0.988,-0.884,-0.901,0.876,0.889,0.95,0.98,-0.901,0.79,0.982,0.89,0.416,0.978,0.93,0.979,0.727,-0.988,0.923,0.911,-0.696,-0.873,0.934,-0.962,0.863,-0.968,0.893,0.955,0.964,-0.977,-0.974,0.849,-0.72,0.916,-0.964,-0.981,-0.952,-0.962,0.921,0.968,0.93,0.832,0.651,-0.945,-0.751,0.983,-0.833,-0.991,0.989,-0.442,-0.967,-0.903,-0.902,0.813,-0.978,-0.799,-0.71,0.982,-0.986,0.979,-0.854,-0.772,0.97,0.934,-0.958,0.947,0.223,-0.914,0.951,-0.922,-0.831,-0.807,-0.985,0.766,-0.96,EssenceCatalog/problems/csplib-prob010-SocialGolfers/params/4091d98f360cdbcc25cc0cd734c123d3.param
0.963,-0.986,-0.875,-0.895,0.867,0.883,0.947,0.977,-0.9,0.799,0.98,0.887,0.425,0.977,0.926,0.977,0.732,-0.987,0.916,0.906,-0.703,-0.87,0.929,-0.96,0.867,-0.965,0.891,0.952,0.961,-0.975,-0.973,0.853,-0.731,0.917,-0.961,-0.98,-0.95,-0.962,0.92,0.965,0.926,0.838,0.639,-0.943,-0.734,0.982,-0.823,-0.99,0.988,-0.42,-0.964,-0.898,-0.895,0.817,-0.976,-0.801,-0.714,0.98,-0.985,0.977,-0.848,-0.779,0.968,0.932,-0.955,0.942,0.231,-0.91,0.947,-0.918,-0.837,-0.813,-0.985,0.768,-0.956,EssenceCatalog/problems/csplib-prob010-SocialGolfers/params/c5afd2ce38e63b0dfda3287cbcea1cce.param
0.966,-0.988,-0.887,-0.904,0.88,0.891,0.951,0.981,-0.901,0.785,0.983,0.89,0.413,0.978,0.931,0.98,0.725,-0.988,0.926,0.913,-0.692,-0.874,0.936,-0.963,0.86,-0.969,0.893,0.956,0.965,-0.978,-0.975,0.847,-0.714,0.915,-0.965,-0.982,-0.953,-0.963,0.922,0.969,0.932,0.828,0.657,-0.946,-0.76,0.983,-0.839,-0.991,0.989,-0.451,-0.968,-0.904,-0.906,0.81,-0.979,-0.797,-0.707,0.983,-0.986,0.979,-0.856,-0.768,0.971,0.934,-0.96,0.95,0.219,-0.915,0.953,-0.923,-0.829,-0.804,-0.986,0.765,-0.962,EssenceCatalog/problems/csplib-prob010-SocialGolfers/params/95ae19d5b7d2f768b5fa15b52d325b0b.param
0.893,-0.937,-0.933,-0.877,0.887,0.803,0.263,0.976,0.234,-0.915,0.856,-0.081,-0.669,0.54,0.874,0.896,-0.824,-0.844,0.939,0.65,0.793,-0.099,0.811,-0.855,-0.88,-0.925,-0.046,0.94,0.805,-0.953,-0.646,-0.791,0.892,0.008,-0.865,-0.734,-0.763,0.592,0.22,0.962,0.757,-0.845,0.602,-0.584,-0.883,0.809,-0.975,-0.947,0.844,-0.922,-0.957,-0.744,-0.94,-0.583,-0.92,0.755,0.81,0.954,-0.939,0.686,-0.311,0.882,0.861,-0.428,-0.781,0.977,-0.717,-0.868,0.903,-0.07,0.829,0.83,-0.711,-0.867,-0.96,EssenceCatalog/problems/csplib-prob010-SocialGolfers/params/62a378bc789d92d0ba2cf5cf7f8a781f.param
0.966,-0.988,-0.887,-0.903,0.88,0.892,0.951,0.981,-0.901,0.786,0.983,0.891,0.41,0.978,0.932,0.979,0.725,-0.988,0.927,0.913,-0.693,-0.875,0.936,-0.963,0.861,-0.969,0.894,0.957,0.965,-0.978,-0.975,0.848,-0.716,0.915,-0.965,-0.982,-0.953,-0.963,0.922,0.969,0.932,0.829,0.657,-0.946,-0.758,0.984,-0.837,-0.991,0.989,-0.451,-0.968,-0.905,-0.906,0.811,-0.979,-0.798,-0.711,0.983,-0.986,0.979,-0.856,-0.771,0.971,0.934,-0.96,0.949,0.219,-0.915,0.953,-0.924,-0.829,-0.805,-0.986,0.765,-0.962,EssenceCatalog/problems/csplib-prob010-SocialGolfers/params/dabfc07360e708e71774890b888b553b.param
0.966,-0.989,-0.887,-0.907,0.883,0.892,0.951,0.981,-0.9,0.776,0.983,0.889,0.411,0.978,0.931,0.98,0.725,-0.988,0.928,0.914,-0.686,-0.871,0.938,-0.963,0.854,-0.97,0.893,0.957,0.966,-0.979,-0.975,0.841,-0.699,0.912,-0.965,-0.982,-0.953,-0.962,0.92,0.97,0.934,0.821,0.658,-0.947,-0.771,0.983,-0.845,-0.992,0.989,-0.458,-0.969,-0.904,-0.908,0.804,-0.98,-0.791,-0.695,0.984,-0.986,0.979,-0.856,-0.758,0.972,0.933,-0.96,0.952,0.21,-0.916,0.955,-0.922,-0.823,-0.797,-0.985,0.763,-0.963,EssenceCatalog/problems/csplib-prob010-SocialGolfers/params/67dbb4d3b17b012680fd12820b2a05a4.param
0.966,-0.988,-0.885,-0.901,0.877,0.89,0.95,0.98,-0.901,0.789,0.982,0.891,0.413,0.978,0.93,0.979,0.726,-0.988,0.924,0.911,-0.696,-0.875,0.934,-0.963,0.864,-0.968,0.893,0.956,0.964,-0.978,-0.975,0.85,-0.721,0.916,-0.964,-0.982,-0.953,-0.963,0.922,0.968,0.931,0.832,0.653,-0.945,-0.751,0.983,-0.833,-0.991,0.989,-0.444,-0.967,-0.904,-0.903,0.812,-0.978,-0.799,-0.714,0.982,-0.986,0.979,-0.854,-0.774,0.971,0.934,-0.958,0.948,0.223,-0.914,0.952,-0.923,-0.831,-0.807,-0.986,0.766,-0.961,EssenceCatalog/problems/csplib-prob010-SocialGolfers/params/0d14aa69838f7281a2304f6ce644ae16.param
0.885,-0.932,-0.931,-0.872,0.883,0.792,0.248,0.975,0.24,-0.919,0.843,-0.09,-0.679,0.514,0.862,0.89,-0.823,-0.833,0.938,0.638,0.8,-0.086,0.799,-0.847,-0.879,-0.921,-0.057,0.935,0.794,-0.951,-0.64,-0.795,0.897,-0.02,-0.857,-0.721,-0.754,0.61,0.215,0.959,0.75,-0.855,0.592,-0.568,-0.878,0.798,-0.973,-0.941,0.828,-0.916,-0.955,-0.734,-0.937,-0.583,-0.917,0.756,0.809,0.951,-0.934,0.658,-0.287,0.882,0.857,-0.434,-0.772,0.976,-0.714,-0.861,0.899,-0.051,0.832,0.829,-0.696,-0.864,-0.957,EssenceCatalog/problems/csplib-prob010-SocialGolfers/params/3723b51f60efb5b5ee0d460fa7e24ad4.param
0.966,-0.988,-0.884,-0.901,0.876,0.889,0.95,0.98,-0.901,0.79,0.982,0.891,0.414,0.978,0.93,0.979,0.727,-0.988,0.924,0.911,-0.696,-0.874,0.934,-0.963,0.864,-0.968,0.893,0.955,0.964,-0.978,-0.974,0.85,-0.722,0.916,-0.964,-0.981,-0.952,-0.963,0.922,0.968,0.93,0.832,0.652,-0.945,-0.749,0.983,-0.832,-0.991,0.989,-0.442,-0.967,-0.903,-0.903,0.813,-0.978,-0.8,-0.714,0.982,-0.986,0.979,-0.854,-0.774,0.97,0.934,-0.958,0.947,0.224,-0.913,0.951,-0.923,-0.831,-0.808,-0.986,0.766,-0.96,EssenceCatalog/problems/csplib-prob010-SocialGolfers/params/166e9f6e80e29600d3d7ae5db8ac5cde.param
0.91,-0.95,-0.936,-0.884,0.9,0.83,0.32,0.979,0.193,-0.894,0.886,-0.043,-0.631,0.612,0.896,0.912,-0.823,-0.878,0.939,0.687,0.758,-0.147,0.833,-0.867,-0.877,-0.937,-0.029,0.946,0.823,-0.956,-0.681,-0.77,0.876,0.066,-0.88,-0.77,-0.798,0.49,0.241,0.966,0.764,-0.809,0.649,-0.628,-0.893,0.834,-0.977,-0.956,0.883,-0.931,-0.962,-0.772,-0.941,-0.566,-0.925,0.738,0.804,0.959,-0.949,0.746,-0.384,0.879,0.867,-0.379,-0.803,0.98,-0.716,-0.881,0.908,-0.152,0.808,0.831,-0.761,-0.865,-0.965,EssenceCatalog/problems/csplib-prob010-SocialGolfers/params/a98acebf0e9132a488407a505859b5e1.param
0.966,-0.99,-0.89,-0.919,0.892,0.896,0.954,0.983,-0.898,0.758,0.984,0.884,0.42,0.98,0.934,0.983,0.725,-0.989,0.934,0.919,-0.672,-0.864,0.944,-0.964,0.836,-0.974,0.892,0.959,0.97,-0.981,-0.975,0.827,-0.666,0.909,-0.967,-0.982,-0.955,-0.961,0.917,0.973,0.938,0.805,0.662,-0.95,-0.804,0.983,-0.865,-0.992,0.99,-0.48,-0.974,-0.906,-0.916,0.793,-0.982,-0.778,-0.659,0.986,-0.987,0.981,-0.857,-0.73,0.975,0.931,-0.963,0.958,0.198,-0.922,0.96,-0.918,-0.818,-0.782,-0.985,0.762,-0.965,EssenceCatalog/problems/csplib-prob010-SocialGolfers/params/193dcd88769acafdb1189f74ae2c8732.param
0.963,-0.986,-0.876,-0.896,0.867,0.883,0.948,0.977,-0.9,0.799,0.981,0.887,0.425,0.977,0.927,0.977,0.731,-0.987,0.916,0.906,-0.702,-0.871,0.929,-0.96,0.867,-0.965,0.891,0.952,0.961,-0.975,-0.973,0.853,-0.731,0.917,-0.961,-0.981,-0.95,-0.962,0.92,0.965,0.926,0.837,0.639,-0.943,-0.736,0.982,-0.824,-0.99,0.988,-0.422,-0.965,-0.899,-0.896,0.817,-0.976,-0.801,-0.714,0.98,-0.985,0.977,-0.849,-0.778,0.968,0.933,-0.955,0.942,0.231,-0.91,0.948,-0.919,-0.837,-0.813,-0.985,0.768,-0.956,EssenceCatalog/problems/csplib-prob010-SocialGolfers/params/856b6b5571c0b6c0b2c52a2865d2ae9a.param
0.966,-0.988,-0.887,-0.903,0.879,0.891,0.951,0.981,-0.901,0.785,0.983,0.891,0.411,0.978,0.931,0.979,0.726,-0.988,0.926,0.913,-0.693,-0.875,0.936,-0.963,0.861,-0.969,0.894,0.957,0.965,-0.978,-0.975,0.848,-0.715,0.915,-0.965,-0.982,-0.953,-0.963,0.922,0.969,0.932,0.829,0.657,-0.946,-0.758,0.983,-0.837,-0.991,0.989,-0.45,-0.968,-0.905,-0.906,0.81,-0.979,-0.798,-0.71,0.983,-0.986,0.979,-0.856,-0.77,0.971,0.934,-0.959,0.949,0.219,-0.915,0.953,-0.924,-0.828,-0.805,-0.986,0.765,-0.962,EssenceCatalog/problems/csplib-prob010-SocialGolfers/params/1ab500dbfe5500a91fcb4d9f302168e9.param
0.967,-0.988,-0.888,-0.904,0.88,0.892,0.951,0.981,-0.901,0.785,0.983,0.892,0.41,0.978,0.932,0.98,0.725,-0.989,0.928,0.913,-0.692,-0.876,0.936,-0.964,0.861,-0.97,0.894,0.957,0.965,-0.979,-0.975,0.848,-0.715,0.915,-0.965,-0.982,-0.954,-0.963,0.922,0.97,0.933,0.828,0.659,-0.947,-0.76,0.984,-0.838,-0.992,0.989,-0.453,-0.968,-0.905,-0.907,0.81,-0.979,-0.798,-0.71,0.983,-0.987,0.979,-0.857,-0.77,0.972,0.935,-0.96,0.95,0.22,-0.916,0.953,-0.924,-0.828,-0.804,-0.986,0.765,-0.962,EssenceCatalog/problems/csplib-prob010-SocialGolfers/params/8c2957f17b342c0e27aa2c5083653937.param
0.966,-0.988,-0.887,-0.903,0.879,0.891,0.951,0.98,-0.901,0.787,0.983,0.891,0.412,0.978,0.931,0.979,0.726,-0.988,0.926,0.912,-0.694,-0.875,0.935,-0.963,0.862,-0.969,0.894,0.956,0.964,-0.978,-0.975,0.849,-0.718,0.915,-0.965,-0.982,-0.953,-0.963,0.922,0.969,0.932,0.83,0.656,-0.946,-0.756,0.983,-0.836,-0.991,0.989,-0.449,-0.968,-0.904,-0.905,0.812,-0.979,-0.799,-0.712,0.983,-0.986,0.979,-0.855,-0.772,0.971,0.934,-0.959,0.949,0.222,-0.915,0.952,-0.924,-0.83,-0.806,-0.986,0.766,-0.962,EssenceCatalog/problems/csplib-prob010-SocialGolfers/params/fc84ec99d0ebe9fffe06012d98098ccc.param
0.964,-0.987,-0.88,-0.898,0.872,0.886,0.949,0.979,-0.901,0.795,0.981,0.889,0.419,0.977,0.928,0.978,0.729,-0.988,0.92,0.909,-0.699,-0.873,0.932,-0.962,0.866,-0.966,0.893,0.954,0.962,-0.977,-0.974,0.852,-0.727,0.917,-0.963,-0.981,-0.951,-0.962,0.921,0.967,0.928,0.835,0.646,-0.944,-0.742,0.983,-0.828,-0.991,0.988,-0.432,-0.966,-0.901,-0.899,0.815,-0.977,-0.801,-0.714,0.981,-0.986,0.978,-0.851,-0.777,0.969,0.933,-0.957,0.945,0.227,-0.912,0.949,-0.921,-0.834,-0.811,-0.985,0.767,-0.958,EssenceCatalog/problems/csplib-prob010-SocialGolfers/params/1e0dff26d92091d583098051d037938b.param
0.955,-0.983,-0.855,-0.883,0.845,0.866,0.941,0.971,-0.895,0.81,0.977,0.881,0.444,0.974,0.917,0.972,0.738,-0.985,0.897,0.894,-0.715,-0.859,0.917,-0.955,0.873,-0.957,0.886,0.945,0.955,-0.97,-0.97,0.855,-0.744,0.919,-0.954,-0.977,-0.941,-0.959,0.916,0.959,0.917,0.846,0.614,-0.937,-0.702,0.98,-0.802,-0.988,0.985,-0.377,-0.958,-0.889,-0.875,0.822,-0.971,-0.802,-0.714,0.976,-0.982,0.973,-0.836,-0.783,0.963,0.928,-0.948,0.928,0.234,-0.899,0.938,-0.909,-0.843,-0.82,-0.982,0.771,-0.947,EssenceCatalog/problems/csplib-prob010-SocialGolfers/params/ord10-4-3-3.param
0.966,-0.988,-0.884,-0.901,0.876,0.889,0.95,0.98,-0.901,0.791,0.982,0.89,0.415,0.978,0.93,0.979,0.727,-0.988,0.924,0.911,-0.696,-0.874,0.934,-0.963,0.863,-0.968,0.893,0.955,0.964,-0.978,-0.974,0.85,-0.721,0.916,-0.964,-0.982,-0.953,-0.963,0.922,0.968,0.93,0.832,0.652,-0.945,-0.751,0.983,-0.833,-0.991,0.989,-0.442,-0.967,-0.903,-0.903,0.813,-0.978,-0.8,-0.712,0.982,-0.986,0.979,-0.854,-0.773,0.97,0.934,-0.958,0.947,0.224,-0.914,0.951,-0.922,-0.832,-0.807,-0.986,0.766,-0.96,EssenceCatalog/problems/csplib-prob010-SocialGolfers/params/0e886315b7e840f7ecd2979e1990388e.param
0.93,-0.981,-0.945,-0.884,0.915,0.883,0.692,0.984,-0.243,-0.514,0.948,0.439,-0.34,0.886,0.938,0.964,-0.542,-0.96,0.932,0.814,0.342,-0.416,0.899,-0.9,-0.669,-0.96,0.335,0.962,0.913,-0.965,-0.858,-0.324,0.721,0.481,-0.94,-0.895,-0.893,-0.319,0.534,0.976,0.865,-0.384,0.765,-0.817,-0.878,0.911,-0.967,-0.98,0.965,-0.903,-0.978,-0.88,-0.936,-0.307,-0.956,0.419,0.611,0.977,-0.976,0.894,-0.577,0.706,0.945,0.409,-0.891,0.975,-0.474,-0.903,0.943,-0.533,0.391,0.601,-0.922,-0.642,-0.974,EssenceCatalog/problems/csplib-prob010-SocialGolfers/params/d726830533ded40b51d8683fd4b1d807.param
0.966,-0.988,-0.886,-0.903,0.878,0.891,0.951,0.98,-0.901,0.787,0.982,0.891,0.412,0.978,0.931,0.979,0.726,-0.988,0.926,0.912,-0.694,-0.875,0.935,-0.963,0.862,-0.969,0.894,0.956,0.964,-0.978,-0.975,0.849,-0.717,0.915,-0.965,-0.982,-0.953,-0.963,0.922,0.969,0.932,0.83,0.655,-0.946,-0.755,0.983,-0.836,-0.991,0.989,-0.448,-0.968,-0.904,-0.905,0.811,-0.979,-0.799,-0.711,0.983,-0.986,0.979,-0.855,-0.771,0.971,0.934,-0.959,0.949,0.22,-0.915,0.952,-0.923,-0.829,-0.805,-0.986,0.765,-0.961,EssenceCatalog/problems/csplib-prob010-SocialGolfers/params/5b5017ae78c2d408aa873ade8ac43147.param
0.964,-0.987,-0.879,-0.898,0.871,0.886,0.949,0.978,-0.901,0.795,0.981,0.888,0.421,0.977,0.928,0.978,0.729,-0.988,0.92,0.909,-0.699,-0.872,0.931,-0.961,0.865,-0.966,0.892,0.954,0.962,-0.976,-0.974,0.851,-0.726,0.916,-0.963,-0.981,-0.951,-0.962,0.921,0.967,0.928,0.835,0.645,-0.944,-0.743,0.983,-0.828,-0.991,0.988,-0.432,-0.966,-0.901,-0.899,0.815,-0.977,-0.8,-0.712,0.981,-0.985,0.978,-0.851,-0.776,0.969,0.933,-0.957,0.944,0.228,-0.912,0.949,-0.92,-0.834,-0.81,-0.985,0.767,-0.958,EssenceCatalog/problems/csplib-prob010-SocialGolfers/params/0fac67b95985ba4afb84efa0ec732a2b.param
0.965,-0.987,-0.882,-0.899,0.874,0.887,0.949,0.979,-0.901,0.791,0.982,0.89,0.413,0.977,0.929,0.978,0.728,-0.988,0.922,0.91,-0.697,-0.873,0.933,-0.962,0.865,-0.967,0.893,0.955,0.963,-0.977,-0.974,0.851,-0.722,0.916,-0.963,-0.981,-0.951,-0.962,0.921,0.968,0.93,0.833,0.648,-0.944,-0.746,0.983,-0.829,-0.991,0.988,-0.436,-0.966,-0.902,-0.9,0.813,-0.978,-0.799,-0.713,0.982,-0.986,0.978,-0.852,-0.775,0.97,0.933,-0.957,0.946,0.223,-0.912,0.95,-0.922,-0.831,-0.809,-0.985,0.766,-0.96,EssenceCatalog/problems/csplib-prob010-SocialGolfers/params/f73f875250d6eeaf3bbe303b26557208.param
0.965,-0.988,-0.883,-0.901,0.875,0.888,0.95,0.979,-0.901,0.791,0.982,0.889,0.417,0.978,0.93,0.978,0.728,-0.988,0.923,0.911,-0.696,-0.873,0.934,-0.962,0.863,-0.968,0.893,0.955,0.963,-0.977,-0.974,0.85,-0.721,0.916,-0.964,-0.981,-0.952,-0.962,0.921,0.968,0.93,0.832,0.65,-0.945,-0.75,0.983,-0.833,-0.991,0.989,-0.44,-0.967,-0.902,-0.902,0.813,-0.978,-0.799,-0.711,0.982,-0.986,0.978,-0.853,-0.773,0.97,0.934,-0.958,0.947,0.223,-0.913,0.951,-0.922,-0.832,-0.807,-0.985,0.766,-0.96,EssenceCatalog/problems/csplib-prob010-SocialGolfers/params/9fc1db6a45a62bb948c1756e4d9ddb2e.param
0.928,-0.978,-0.948,-0.883,0.92,0.884,0.623,0.984,-0.171,-0.648,0.942,0.357,-0.416,0.854,0.935,0.959,-0.638,-0.954,0.93,0.79,0.478,-0.389,0.891,-0.896,-0.736,-0.958,0.252,0.961,0.902,-0.962,-0.837,-0.454,0.772,0.397,-0.932,-0.879,-0.888,-0.138,0.47,0.974,0.845,-0.504,0.765,-0.789,-0.884,0.898,-0.97,-0.976,0.958,-0.912,-0.976,-0.863,-0.936,-0.393,-0.947,0.51,0.673,0.975,-0.973,0.872,-0.545,0.772,0.934,0.261,-0.885,0.977,-0.545,-0.899,0.938,-0.46,0.504,0.685,-0.901,-0.72,-0.974,EssenceCatalog/problems/csplib-prob010-SocialGolfers/params/865b7a29caf6fc73c89d543209dd2b7a.param
0.965,-0.988,-0.884,-0.901,0.875,0.889,0.95,0.979,-0.901,0.79,0.982,0.89,0.415,0.978,0.93,0.979,0.727,-0.988,0.923,0.911,-0.696,-0.874,0.934,-0.962,0.864,-0.968,0.893,0.955,0.963,-0.977,-0.974,0.85,-0.722,0.916,-0.964,-0.981,-0.952,-0.962,0.922,0.968,0.93,0.832,0.651,-0.945,-0.75,0.983,-0.832,-0.991,0.989,-0.44,-0.967,-0.903,-0.902,0.813,-0.978,-0.799,-0.712,0.982,-0.986,0.978,-0.853,-0.774,0.97,0.934,-0.958,0.947,0.224,-0.913,0.951,-0.922,-0.831,-0.808,-0.986,0.766,-0.96,EssenceCatalog/problems/csplib-prob010-SocialGolfers/params/e381b1b3aa90aa19a2a946b627657836.param
0.965,-0.987,-0.881,-0.899,0.873,0.887,0.949,0.979,-0.9,0.793,0.981,0.889,0.418,0.977,0.929,0.978,0.729,-0.988,0.921,0.909,-0.698,-0.873,0.932,-0.962,0.864,-0.967,0.892,0.954,0.963,-0.977,-0.974,0.851,-0.724,0.916,-0.963,-0.981,-0.951,-0.962,0.921,0.967,0.929,0.834,0.648,-0.944,-0.745,0.983,-0.83,-0.991,0.988,-0.435,-0.966,-0.901,-0.9,0.814,-0.977,-0.8,-0.712,0.981,-0.986,0.978,-0.852,-0.774,0.97,0.933,-0.957,0.945,0.224,-0.912,0.95,-0.921,-0.833,-0.809,-0.985,0.767,-0.959,EssenceCatalog/problems/csplib-prob010-SocialGolfers/params/9de31cacd82e17365c608c0f634f7654.param
0.966,-0.988,-0.887,-0.905,0.881,0.892,0.951,0.981,-0.901,0.783,0.983,0.89,0.413,0.978,0.932,0.98,0.725,-0.988,0.927,0.913,-0.691,-0.874,0.937,-0.963,0.859,-0.97,0.893,0.957,0.965,-0.979,-0.975,0.846,-0.711,0.914,-0.965,-0.982,-0.954,-0.963,0.921,0.97,0.933,0.827,0.657,-0.947,-0.763,0.983,-0.84,-0.992,0.989,-0.453,-0.969,-0.905,-0.907,0.809,-0.979,-0.796,-0.705,0.983,-0.986,0.979,-0.856,-0.766,0.972,0.934,-0.96,0.95,0.217,-0.916,0.954,-0.923,-0.828,-0.802,-0.986,0.765,-0.962,EssenceCatalog/problems/csplib-prob010-SocialGolfers/params/0946889e4b7e3dc35224b6adc0f2f48f.param
0.965,-0.99,-0.89,-0.921,0.893,0.896,0.954,0.983,-0.898,0.755,0.984,0.883,0.421,0.98,0.934,0.983,0.725,-0.989,0.935,0.92,-0.669,-0.863,0.945,-0.964,0.833,-0.974,0.892,0.959,0.97,-0.981,-0.975,0.824,-0.66,0.908,-0.967,-0.982,-0.955,-0.961,0.916,0.974,0.938,0.802,0.661,-0.95,-0.808,0.983,-0.868,-0.992,0.99,-0.483,-0.975,-0.905,-0.917,0.791,-0.982,-0.775,-0.653,0.986,-0.987,0.981,-0.857,-0.725,0.976,0.931,-0.964,0.959,0.195,-0.922,0.96,-0.917,-0.817,-0.779,-0.985,0.761,-0.965,EssenceCatalog/problems/csplib-prob010-SocialGolfers/params/f175cc1ff3a3c17b5c99cfd5c737e16d.param
0.928,-0.979,-0.947,-0.884,0.919,0.885,0.634,0.984,-0.183,-0.621,0.942,0.37,-0.404,0.862,0.935,0.96,-0.62,-0.955,0.93,0.795,0.456,-0.39,0.891,-0.896,-0.726,-0.959,0.264,0.961,0.906,-0.962,-0.843,-0.427,0.764,0.408,-0.934,-0.881,-0.889,-0.171,0.486,0.974,0.848,-0.484,0.766,-0.795,-0.884,0.9,-0.969,-0.977,0.96,-0.911,-0.976,-0.866,-0.936,-0.38,-0.95,0.494,0.664,0.976,-0.974,0.874,-0.552,0.761,0.936,0.294,-0.887,0.977,-0.533,-0.899,0.939,-0.475,0.48,0.669,-0.904,-0.706,-0.974,EssenceCatalog/problems/csplib-prob010-SocialGolfers/params/214937a4aad1badb096dabba8c951006.param
0.966,-0.988,-0.884,-0.901,0.876,0.889,0.95,0.98,-0.901,0.79,0.982,0.891,0.413,0.978,0.93,0.979,0.727,-0.988,0.924,0.911,-0.696,-0.874,0.934,-0.963,0.864,-0.968,0.893,0.956,0.964,-0.978,-0.974,0.85,-0.721,0.916,-0.964,-0.981,-0.952,-0.963,0.922,0.968,0.931,0.832,0.652,-0.945,-0.75,0.983,-0.832,-0.991,0.989,-0.442,-0.967,-0.903,-0.903,0.813,-0.978,-0.799,-0.714,0.982,-0.986,0.979,-0.854,-0.774,0.97,0.934,-0.958,0.947,0.224,-0.913,0.951,-0.923,-0.831,-0.808,-0.986,0.766,-0.96,EssenceCatalog/problems/csplib-prob010-SocialGolfers/params/dd080b70c805975177fab73c065ae130.param
0.93,-0.98,-0.945,-0.885,0.916,0.882,0.687,0.984,-0.234,-0.531,0.947,0.427,-0.347,0.881,0.937,0.963,-0.549,-0.959,0.932,0.811,0.359,-0.411,0.897,-0.898,-0.677,-0.96,0.324,0.962,0.911,-0.965,-0.857,-0.338,0.728,0.472,-0.939,-0.893,-0.892,-0.297,0.525,0.975,0.864,-0.397,0.761,-0.813,-0.878,0.909,-0.967,-0.979,0.964,-0.905,-0.978,-0.879,-0.936,-0.317,-0.955,0.439,0.615,0.977,-0.976,0.892,-0.577,0.713,0.944,0.393,-0.889,0.975,-0.477,-0.903,0.942,-0.523,0.399,0.609,-0.92,-0.653,-0.974,EssenceCatalog/problems/csplib-prob010-SocialGolfers/params/a2b37529ee65ddf9ea422345015208bf.param
0.931,-0.981,-0.945,-0.883,0.915,0.883,0.695,0.984,-0.246,-0.507,0.948,0.443,-0.337,0.887,0.939,0.965,-0.54,-0.959,0.933,0.814,0.335,-0.415,0.901,-0.9,-0.667,-0.96,0.34,0.962,0.914,-0.965,-0.858,-0.323,0.717,0.479,-0.939,-0.895,-0.894,-0.328,0.536,0.976,0.865,-0.381,0.768,-0.82,-0.879,0.912,-0.967,-0.98,0.965,-0.903,-0.978,-0.88,-0.936,-0.304,-0.956,0.409,0.613,0.977,-0.976,0.894,-0.58,0.706,0.945,0.409,-0.892,0.974,-0.481,-0.902,0.942,-0.538,0.39,0.597,-0.923,-0.637,-0.975,EssenceCatalog/problems/csplib-prob010-SocialGolfers/params/4bef53320b02e461a06d945a601a84ad.param
0.965,-0.99,-0.889,-0.924,0.895,0.895,0.954,0.983,-0.897,0.747,0.984,0.88,0.425,0.98,0.934,0.984,0.724,-0.989,0.936,0.92,-0.663,-0.858,0.946,-0.963,0.825,-0.975,0.891,0.959,0.971,-0.981,-0.975,0.817,-0.643,0.907,-0.967,-0.982,-0.955,-0.96,0.914,0.974,0.939,0.795,0.66,-0.951,-0.819,0.983,-0.875,-0.992,0.99,-0.488,-0.976,-0.905,-0.919,0.785,-0.982,-0.767,-0.634,0.987,-0.987,0.981,-0.855,-0.711,0.977,0.929,-0.964,0.96,0.189,-0.923,0.961,-0.913,-0.814,-0.771,-0.984,0.759,-0.965,EssenceCatalog/problems/csplib-prob010-SocialGolfers/params/7710d9aa81dfc2d0971c7f1af182d26b.param
0.919,-0.962,-0.943,-0.888,0.915,0.858,0.402,0.981,0.118,-0.863,0.912,0.047,-0.576,0.687,0.913,0.928,-0.805,-0.909,0.936,0.717,0.706,-0.24,0.859,-0.88,-0.859,-0.945,0.028,0.952,0.847,-0.956,-0.726,-0.729,0.855,0.139,-0.891,-0.805,-0.842,0.329,0.28,0.97,0.781,-0.749,0.702,-0.678,-0.897,0.865,-0.976,-0.962,0.916,-0.933,-0.966,-0.804,-0.938,-0.554,-0.924,0.708,0.787,0.965,-0.959,0.795,-0.448,0.869,0.883,-0.271,-0.833,0.981,-0.698,-0.889,0.914,-0.24,0.761,0.824,-0.814,-0.85,-0.968,EssenceCatalog/problems/csplib-prob010-SocialGolfers/params/28ea6152d20e4b6699e7fe50a17868f4.param
0.965,-0.988,-0.884,-0.901,0.875,0.889,0.95,0.979,-0.901,0.791,0.982,0.89,0.416,0.978,0.93,0.978,0.727,-0.988,0.923,0.911,-0.696,-0.874,0.934,-0.962,0.864,-0.968,0.893,0.955,0.963,-0.977,-0.974,0.85,-0.722,0.916,-0.964,-0.981,-0.952,-0.962,0.922,0.968,0.93,0.832,0.651,-0.945,-0.749,0.983,-0.832,-0.991,0.989,-0.441,-0.967,-0.903,-0.902,0.813,-0.978,-0.8,-0.712,0.982,-0.986,0.979,-0.854,-0.774,0.97,0.934,-0.958,0.947,0.224,-0.913,0.951,-0.922,-0.832,-0.808,-0.986,0.766,-0.96,EssenceCatalog/problems/csplib-prob010-SocialGolfers/params/ce3e1a4bab2eaec09654c1f02c9dc09b.param
0.92,-0.966,-0.946,-0.887,0.919,0.865,0.439,0.982,0.073,-0.845,0.921,0.098,-0.552,0.716,0.917,0.934,-0.785,-0.922,0.933,0.723,0.683,-0.264,0.862,-0.883,-0.847,-0.948,0.064,0.956,0.858,-0.957,-0.747,-0.702,0.848,0.171,-0.898,-0.817,-0.852,0.271,0.296,0.971,0.796,-0.72,0.721,-0.701,-0.896,0.872,-0.976,-0.965,0.925,-0.931,-0.967,-0.815,-0.937,-0.544,-0.927,0.691,0.778,0.968,-0.962,0.811,-0.47,0.864,0.893,-0.2,-0.848,0.981,-0.688,-0.893,0.918,-0.271,0.732,0.807,-0.828,-0.838,-0.969,EssenceCatalog/problems/csplib-prob010-SocialGolfers/params/c87f30120ca5014e2077c07f533814de.param
0.966,-0.988,-0.887,-0.903,0.88,0.892,0.951,0.981,-0.901,0.786,0.983,0.891,0.411,0.978,0.932,0.979,0.725,-0.988,0.927,0.913,-0.693,-0.875,0.936,-0.963,0.861,-0.969,0.894,0.957,0.965,-0.978,-0.975,0.848,-0.715,0.915,-0.965,-0.982,-0.953,-0.963,0.922,0.969,0.932,0.829,0.657,-0.946,-0.758,0.984,-0.837,-0.991,0.989,-0.451,-0.968,-0.905,-0.906,0.811,-0.979,-0.798,-0.71,0.983,-0.986,0.979,-0.856,-0.77,0.971,0.934,-0.96,0.949,0.219,-0.915,0.953,-0.924,-0.828,-0.805,-0.986,0.765,-0.962,EssenceCatalog/problems/csplib-prob010-SocialGolfers/params/52e3fcbff080da8e841596281b4ca1ed.param
0.933,-0.982,-0.942,-0.883,0.911,0.88,0.736,0.985,-0.303,-0.409,0.953,0.502,-0.28,0.901,0.94,0.967,-0.466,-0.962,0.934,0.825,0.228,-0.441,0.907,-0.904,-0.604,-0.961,0.403,0.963,0.919,-0.967,-0.867,-0.232,0.666,0.537,-0.941,-0.905,-0.898,-0.443,0.57,0.977,0.875,-0.286,0.763,-0.835,-0.874,0.92,-0.964,-0.982,0.969,-0.895,-0.978,-0.888,-0.936,-0.234,-0.959,0.335,0.558,0.977,-0.978,0.909,-0.597,0.649,0.95,0.488,-0.895,0.971,-0.435,-0.905,0.944,-0.582,0.309,0.525,-0.935,-0.569,-0.974,EssenceCatalog/problems/csplib-prob010-SocialGolfers/params/a0c6cc7d4bfec3044dafec45b477040d.param
0.966,-0.988,-0.886,-0.904,0.879,0.891,0.951,0.98,-0.901,0.786,0.982,0.89,0.413,0.978,0.931,0.979,0.726,-0.988,0.926,0.913,-0.693,-0.874,0.936,-0.963,0.861,-0.969,0.893,0.956,0.965,-0.978,-0.975,0.847,-0.714,0.915,-0.965,-0.982,-0.953,-0.963,0.921,0.969,0.932,0.829,0.656,-0.946,-0.759,0.983,-0.838,-0.991,0.989,-0.449,-0.968,-0.904,-0.905,0.81,-0.979,-0.797,-0.708,0.983,-0.986,0.979,-0.855,-0.768,0.971,0.934,-0.959,0.949,0.219,-0.915,0.953,-0.923,-0.829,-0.804,-0.986,0.765,-0.962,EssenceCatalog/problems/csplib-prob010-SocialGolfers/params/ba2b698482522050aaf73fd66fdc10f2.param
0.966,-0.989,-0.889,-0.912,0.887,0.894,0.952,0.982,-0.899,0.768,0.983,0.887,0.413,0.979,0.932,0.981,0.724,-0.989,0.931,0.916,-0.68,-0.868,0.94,-0.963,0.847,-0.972,0.892,0.958,0.968,-0.98,-0.975,0.835,-0.685,0.911,-0.966,-0.982,-0.954,-0.962,0.918,0.972,0.935,0.814,0.66,-0.948,-0.786,0.983,-0.853,-0.992,0.99,-0.468,-0.971,-0.905,-0.912,0.799,-0.981,-0.785,-0.681,0.985,-0.987,0.98,-0.856,-0.746,0.974,0.932,-0.962,0.955,0.204,-0.918,0.957,-0.92,-0.82,-0.79,-0.985,0.762,-0.964,EssenceCatalog/problems/csplib-prob010-SocialGolfers/params/fb331d21b612d5a82c2b5d1afbc0b65a.param
0.965,-0.987,-0.881,-0.898,0.873,0.887,0.949,0.979,-0.901,0.792,0.981,0.889,0.414,0.977,0.929,0.978,0.729,-0.988,0.921,0.909,-0.698,-0.873,0.932,-0.962,0.866,-0.967,0.893,0.954,0.963,-0.977,-0.974,0.851,-0.724,0.916,-0.963,-0.981,-0.951,-0.962,0.921,0.967,0.929,0.834,0.647,-0.944,-0.744,0.983,-0.828,-0.991,0.988,-0.434,-0.966,-0.901,-0.9,0.814,-0.977,-0.8,-0.714,0.981,-0.986,0.978,-0.852,-0.776,0.969,0.933,-0.957,0.945,0.224,-0.912,0.95,-0.921,-0.832,-0.809,-0.985,0.766,-0.959,EssenceCatalog/problems/csplib-prob010-SocialGolfers/params/06ed70e75df40246a578e69ab1b43b4d.param
0.966,-0.99,-0.89,-0.917,0.891,0.895,0.953,0.983,-0.899,0.763,0.984,0.886,0.417,0.98,0.934,0.982,0.724,-0.989,0.933,0.919,-0.676,-0.867,0.943,-0.964,0.842,-0.973,0.893,0.958,0.969,-0.981,-0.975,0.831,-0.675,0.91,-0.967,-0.982,-0.955,-0.962,0.918,0.973,0.937,0.81,0.662,-0.949,-0.797,0.984,-0.861,-0.992,0.99,-0.476,-0.973,-0.906,-0.915,0.796,-0.982,-0.782,-0.671,0.985,-0.987,0.98,-0.857,-0.738,0.975,0.932,-0.963,0.957,0.202,-0.921,0.959,-0.919,-0.82,-0.786,-0.985,0.763,-0.965,EssenceCatalog/problems/csplib-prob010-SocialGolfers/params/c3ea97a37e90ba795853a1384eb4d9db.param
0.669,-0.725,-0.823,-0.666,0.708,0.457,0.047,0.855,0.301,-0.888,0.589,-0.094,-0.659,0.181,0.516,0.735,-0.659,-0.585,0.818,0.334,0.738,0.109,0.559,-0.59,-0.72,-0.824,-0.072,0.75,0.508,-0.859,-0.432,-0.631,0.877,-0.357,-0.529,-0.404,-0.59,0.607,0.142,0.823,0.528,-0.829,0.475,-0.321,-0.715,0.545,-0.803,-0.746,0.425,-0.697,-0.782,-0.448,-0.753,-0.411,-0.782,0.651,0.634,0.741,-0.717,0.158,-0.114,0.795,0.65,-0.372,-0.512,0.854,-0.643,-0.614,0.71,0.086,0.787,0.679,-0.446,-0.704,-0.826,EssenceCatalog/problems/csplib-prob010-SocialGolfers/params/ord06-13-7-2.param
0.965,-0.988,-0.884,-0.902,0.877,0.889,0.95,0.98,-0.901,0.789,0.982,0.89,0.417,0.978,0.93,0.979,0.727,-0.988,0.924,0.911,-0.695,-0.873,0.934,-0.962,0.862,-0.968,0.893,0.955,0.964,-0.978,-0.974,0.849,-0.719,0.915,-0.964,-0.981,-0.953,-0.962,0.921,0.968,0.931,0.831,0.652,-0.946,-0.753,0.983,-0.835,-0.991,0.989,-0.444,-0.967,-0.903,-0.903,0.813,-0.978,-0.799,-0.709,0.982,-0.986,0.979,-0.854,-0.771,0.971,0.934,-0.959,0.948,0.223,-0.914,0.952,-0.922,-0.831,-0.806,-0.985,0.766,-0.96,EssenceCatalog/problems/csplib-prob010-SocialGolfers/params/523d8ed27391f9e7e7e4ba10272e7d38.param
0.928,-0.978,-0.948,-0.883,0.921,0.884,0.607,0.984,-0.151,-0.674,0.94,0.335,-0.432,0.845,0.934,0.957,-0.657,-0.952,0.93,0.782,0.506,-0.377,0.888,-0.895,-0.75,-0.958,0.231,0.961,0.899,-0.962,-0.832,-0.485,0.782,0.37,-0.929,-0.874,-0.886,-0.095,0.454,0.974,0.841,-0.53,0.765,-0.783,-0.886,0.895,-0.97,-0.976,0.956,-0.914,-0.975,-0.859,-0.936,-0.413,-0.946,0.531,0.688,0.975,-0.973,0.866,-0.542,0.787,0.931,0.217,-0.885,0.978,-0.567,-0.898,0.936,-0.444,0.53,0.7,-0.895,-0.735,-0.974,EssenceCatalog/problems/csplib-prob010-SocialGolfers/params/f7e500426340b7795a46ea6da0d75591.param
0.967,-0.989,-0.89,-0.906,0.883,0.894,0.952,0.981,-0.901,0.782,0.983,0.892,0.409,0.979,0.933,0.98,0.724,-0.989,0.929,0.915,-0.69,-0.876,0.937,-0.964,0.859,-0.97,0.894,0.958,0.966,-0.979,-0.975,0.846,-0.71,0.914,-0.966,-0.982,-0.954,-0.963,0.922,0.97,0.934,0.826,0.661,-0.947,-0.765,0.984,-0.842,-0.992,0.99,-0.459,-0.969,-0.906,-0.908,0.808,-0.98,-0.797,-0.707,0.983,-0.987,0.98,-0.858,-0.767,0.972,0.935,-0.961,0.951,0.217,-0.917,0.954,-0.925,-0.826,-0.802,-0.986,0.765,-0.963,EssenceCatalog/problems/csplib-prob010-SocialGolfers/params/c275a01262fcae05f1108136b8a627fe.param
0.904,-0.944,-0.933,-0.88,0.892,0.816,0.289,0.977,0.217,-0.905,0.871,-0.071,-0.653,0.578,0.886,0.904,-0.825,-0.86,0.94,0.669,0.777,-0.118,0.822,-0.861,-0.88,-0.932,-0.041,0.943,0.813,-0.954,-0.661,-0.78,0.884,0.042,-0.874,-0.754,-0.779,0.548,0.226,0.964,0.758,-0.83,0.626,-0.604,-0.888,0.82,-0.976,-0.952,0.864,-0.927,-0.959,-0.758,-0.941,-0.57,-0.924,0.746,0.805,0.957,-0.944,0.718,-0.347,0.88,0.863,-0.411,-0.789,0.979,-0.718,-0.875,0.906,-0.113,0.821,0.832,-0.738,-0.867,-0.963,EssenceCatalog/problems/csplib-prob010-SocialGolfers/params/df7c9acbf0ad1b0cec063b6772518e14.param
0.915,-0.957,-0.939,-0.887,0.907,0.844,0.361,0.979,0.156,-0.88,0.9,-0.001,-0.603,0.649,0.904,0.92,-0.817,-0.894,0.936,0.704,0.733,-0.182,0.845,-0.872,-0.87,-0.942,-0.004,0.949,0.834,-0.956,-0.704,-0.751,0.866,0.094,-0.885,-0.787,-0.821,0.412,0.254,0.968,0.769,-0.781,0.677,-0.653,-0.896,0.849,-0.977,-0.959,0.901,-0.932,-0.964,-0.787,-0.939,-0.56,-0.923,0.726,0.799,0.962,-0.953,0.771,-0.424,0.875,0.874,-0.335,-0.817,0.98,-0.712,-0.884,0.91,-0.196,0.788,0.827,-0.785,-0.859,-0.966,EssenceCatalog/problems/csplib-prob010-SocialGolfers/params/9f2d0f79561b97d2c264737f477f08ce.param
0.926,-0.973,-0.949,-0.882,0.923,0.877,0.532,0.983,-0.045,-0.786,0.934,0.224,-0.494,0.782,0.926,0.947,-0.734,-0.94,0.932,0.748,0.609,-0.33,0.879,-0.892,-0.804,-0.952,0.15,0.959,0.876,-0.96,-0.791,-0.619,0.819,0.269,-0.912,-0.85,-0.874,0.102,0.359,0.972,0.824,-0.636,0.752,-0.744,-0.892,0.884,-0.973,-0.971,0.941,-0.923,-0.969,-0.84,-0.936,-0.486,-0.935,0.622,0.739,0.972,-0.968,0.845,-0.51,0.836,0.914,-0.015,-0.868,0.98,-0.641,-0.897,0.925,-0.356,0.653,0.768,-0.867,-0.797,-0.972,EssenceCatalog/problems/csplib-prob010-SocialGolfers/params/e53f4db1c4daba122945809a2a0278a9.param
0.914,-0.957,-0.941,-0.889,0.909,0.846,0.36,0.98,0.159,-0.879,0.901,0.008,-0.597,0.656,0.906,0.922,-0.814,-0.898,0.935,0.704,0.731,-0.187,0.845,-0.874,-0.87,-0.943,0.005,0.951,0.837,-0.956,-0.707,-0.752,0.867,0.095,-0.886,-0.784,-0.82,0.404,0.262,0.969,0.774,-0.777,0.676,-0.657,-0.897,0.853,-0.977,-0.959,0.903,-0.932,-0.964,-0.788,-0.939,-0.565,-0.924,0.727,0.802,0.962,-0.954,0.774,-0.425,0.876,0.876,-0.322,-0.823,0.98,-0.709,-0.886,0.91,-0.195,0.784,0.823,-0.784,-0.86,-0.966,EssenceCatalog/problems/csplib-prob010-SocialGolfers/params/411ed35b4ef47f3405ead778245fae94.param
0.967,-0.989,-0.89,-0.906,0.883,0.894,0.952,0.981,-0.901,0.782,0.983,0.892,0.41,0.979,0.933,0.98,0.724,-0.989,0.929,0.915,-0.689,-0.875,0.937,-0.964,0.859,-0.97,0.894,0.958,0.966,-0.979,-0.975,0.846,-0.71,0.914,-0.966,-0.982,-0.954,-0.963,0.922,0.97,0.934,0.826,0.661,-0.947,-0.765,0.984,-0.842,-0.992,0.99,-0.459,-0.969,-0.906,-0.908,0.809,-0.98,-0.797,-0.707,0.983,-0.987,0.98,-0.857,-0.767,0.972,0.935,-0.961,0.951,0.217,-0.917,0.954,-0.925,-0.827,-0.802,-0.986,0.765,-0.963,EssenceCatalog/problems/csplib-prob010-SocialGolfers/params/1b7206350880704ade1d897c79912260.param
0.911,-0.956,-0.941,-0.888,0.907,0.846,0.349,0.98,0.163,-0.88,0.898,0.013,-0.605,0.651,0.905,0.921,-0.807,-0.896,0.934,0.696,0.733,-0.185,0.84,-0.877,-0.873,-0.942,0.01,0.95,0.839,-0.957,-0.704,-0.755,0.871,0.095,-0.884,-0.779,-0.81,0.415,0.268,0.968,0.777,-0.779,0.67,-0.651,-0.895,0.851,-0.977,-0.958,0.901,-0.93,-0.963,-0.782,-0.939,-0.568,-0.925,0.722,0.799,0.96,-0.954,0.768,-0.409,0.875,0.876,-0.303,-0.827,0.98,-0.703,-0.884,0.911,-0.182,0.782,0.819,-0.776,-0.858,-0.966,EssenceCatalog/problems/csplib-prob010-SocialGolfers/params/223c85871de386db1050546efeb263d3.param
0.932,-0.982,-0.942,-0.884,0.911,0.88,0.723,0.985,-0.28,-0.45,0.952,0.48,-0.301,0.896,0.94,0.966,-0.496,-0.962,0.933,0.824,0.264,-0.432,0.905,-0.903,-0.63,-0.961,0.382,0.962,0.915,-0.966,-0.865,-0.265,0.686,0.524,-0.941,-0.903,-0.895,-0.403,0.559,0.977,0.874,-0.316,0.763,-0.827,-0.874,0.917,-0.965,-0.981,0.968,-0.896,-0.978,-0.886,-0.935,-0.253,-0.958,0.366,0.576,0.977,-0.978,0.905,-0.588,0.665,0.949,0.463,-0.892,0.972,-0.443,-0.905,0.944,-0.568,0.343,0.551,-0.932,-0.598,-0.974,EssenceCatalog/problems/csplib-prob010-SocialGolfers/params/dcd2f74725e16183d4dafcfb9712050b.param
0.967,-0.989,-0.891,-0.91,0.886,0.895,0.952,0.982,-0.901,0.775,0.983,0.891,0.41,0.979,0.933,0.981,0.723,-0.989,0.931,0.916,-0.685,-0.873,0.939,-0.964,0.853,-0.971,0.894,0.958,0.967,-0.98,-0.975,0.841,-0.698,0.913,-0.967,-0.982,-0.955,-0.963,0.921,0.971,0.935,0.82,0.663,-0.948,-0.776,0.984,-0.848,-0.992,0.99,-0.466,-0.971,-0.906,-0.911,0.804,-0.981,-0.792,-0.697,0.984,-0.987,0.98,-0.858,-0.758,0.973,0.934,-0.962,0.954,0.211,-0.918,0.956,-0.924,-0.823,-0.797,-0.986,0.764,-0.964,EssenceCatalog/problems/csplib-prob010-SocialGolfers/params/c405fe1e16ac3b660e0d59a8cd6f2a2c.param
0.932,-0.983,-0.941,-0.885,0.91,0.878,0.753,0.985,-0.312,-0.379,0.955,0.512,-0.263,0.905,0.939,0.967,-0.438,-0.963,0.935,0.829,0.195,-0.439,0.906,-0.903,-0.586,-0.962,0.414,0.963,0.919,-0.967,-0.873,-0.2,0.653,0.555,-0.943,-0.908,-0.897,-0.468,0.576,0.977,0.88,-0.254,0.756,-0.84,-0.872,0.922,-0.964,-0.982,0.969,-0.892,-0.979,-0.893,-0.936,-0.213,-0.962,0.327,0.535,0.977,-0.979,0.913,-0.611,0.628,0.952,0.518,-0.893,0.971,-0.412,-0.908,0.945,-0.589,0.278,0.495,-0.938,-0.55,-0.973,EssenceCatalog/problems/csplib-prob010-SocialGolfers/params/c786e03fc153c2ca34ba720f073ea2e0.param
0.924,-0.973,-0.949,-0.884,0.921,0.875,0.516,0.982,-0.035,-0.786,0.931,0.216,-0.503,0.781,0.926,0.947,-0.736,-0.939,0.929,0.75,0.617,-0.306,0.87,-0.889,-0.814,-0.953,0.134,0.959,0.876,-0.959,-0.795,-0.621,0.826,0.247,-0.913,-0.844,-0.867,0.116,0.363,0.972,0.82,-0.642,0.748,-0.74,-0.892,0.88,-0.973,-0.97,0.942,-0.923,-0.97,-0.836,-0.936,-0.492,-0.936,0.631,0.749,0.971,-0.967,0.836,-0.51,0.838,0.913,-0.008,-0.869,0.979,-0.644,-0.895,0.925,-0.351,0.653,0.761,-0.855,-0.8,-0.972,EssenceCatalog/problems/csplib-prob010-SocialGolfers/params/32a2b23d91f7de02109938177976c76c.param
0.967,-0.989,-0.889,-0.905,0.882,0.893,0.952,0.981,-0.901,0.783,0.983,0.892,0.409,0.978,0.932,0.98,0.724,-0.989,0.928,0.914,-0.691,-0.875,0.937,-0.964,0.86,-0.97,0.894,0.957,0.965,-0.979,-0.975,0.847,-0.712,0.914,-0.966,-0.982,-0.954,-0.963,0.922,0.97,0.933,0.827,0.66,-0.947,-0.763,0.984,-0.84,-0.992,0.989,-0.456,-0.969,-0.906,-0.908,0.809,-0.98,-0.797,-0.708,0.983,-0.987,0.98,-0.857,-0.768,0.972,0.935,-0.96,0.951,0.217,-0.916,0.954,-0.925,-0.827,-0.803,-0.986,0.765,-0.963,EssenceCatalog/problems/csplib-prob010-SocialGolfers/params/be19ea23e9edad8f3d147ad2afd9da22.param
0.967,-0.989,-0.891,-0.909,0.885,0.895,0.952,0.982,-0.901,0.776,0.983,0.891,0.41,0.979,0.933,0.981,0.723,-0.989,0.931,0.916,-0.686,-0.874,0.939,-0.964,0.854,-0.971,0.894,0.958,0.967,-0.98,-0.975,0.842,-0.7,0.913,-0.967,-0.982,-0.955,-0.963,0.921,0.971,0.935,0.821,0.663,-0.948,-0.774,0.984,-0.847,-0.992,0.99,-0.465,-0.97,-0.906,-0.911,0.805,-0.98,-0.793,-0.698,0.984,-0.987,0.98,-0.858,-0.759,0.973,0.934,-0.961,0.953,0.212,-0.918,0.956,-0.924,-0.824,-0.798,-0.986,0.764,-0.964,EssenceCatalog/problems/csplib-prob010-SocialGolfers/params/653c0295a2c97820715007591b435859.param
0.967,-0.988,-0.888,-0.905,0.881,0.893,0.951,0.981,-0.901,0.784,0.983,0.891,0.41,0.978,0.932,0.98,0.725,-0.989,0.928,0.914,-0.691,-0.875,0.937,-0.964,0.86,-0.97,0.894,0.957,0.965,-0.979,-0.975,0.847,-0.713,0.915,-0.966,-0.982,-0.954,-0.963,0.922,0.97,0.933,0.828,0.659,-0.947,-0.761,0.984,-0.839,-0.992,0.989,-0.454,-0.969,-0.905,-0.907,0.81,-0.979,-0.798,-0.709,0.983,-0.987,0.979,-0.857,-0.769,0.972,0.935,-0.96,0.95,0.218,-0.916,0.954,-0.924,-0.828,-0.803,-0.986,0.765,-0.962,EssenceCatalog/problems/csplib-prob010-SocialGolfers/params/bddd50b0e90fe3dce8bdb77f69e5206e.param
0.894,-0.937,-0.932,-0.875,0.886,0.801,0.262,0.976,0.233,-0.915,0.855,-0.088,-0.668,0.538,0.873,0.895,-0.825,-0.841,0.94,0.649,0.793,-0.092,0.81,-0.853,-0.88,-0.925,-0.05,0.939,0.802,-0.952,-0.644,-0.789,0.892,0.004,-0.865,-0.734,-0.764,0.594,0.218,0.961,0.753,-0.846,0.604,-0.584,-0.882,0.807,-0.974,-0.947,0.842,-0.922,-0.957,-0.743,-0.939,-0.578,-0.92,0.753,0.809,0.954,-0.938,0.681,-0.309,0.882,0.86,-0.43,-0.778,0.977,-0.719,-0.867,0.903,-0.074,0.829,0.83,-0.711,-0.867,-0.96,EssenceCatalog/problems/csplib-prob010-SocialGolfers/params/d3716ed7d25b921115647e55b82a0c0f.param
0.926,-0.973,-0.95,-0.882,0.922,0.877,0.53,0.983,-0.047,-0.783,0.933,0.226,-0.494,0.785,0.927,0.948,-0.734,-0.941,0.931,0.749,0.611,-0.326,0.877,-0.892,-0.806,-0.953,0.145,0.96,0.877,-0.96,-0.796,-0.617,0.82,0.265,-0.914,-0.85,-0.874,0.102,0.365,0.972,0.824,-0.636,0.754,-0.746,-0.892,0.883,-0.973,-0.971,0.942,-0.923,-0.97,-0.84,-0.936,-0.487,-0.936,0.623,0.742,0.972,-0.968,0.843,-0.511,0.837,0.915,-0.001,-0.87,0.98,-0.64,-0.897,0.926,-0.357,0.648,0.765,-0.865,-0.797,-0.973,EssenceCatalog/problems/csplib-prob010-SocialGolfers/params/11263fbe3ad7620e0cd870b1a2f861fd.param
0.915,-0.959,-0.941,-0.889,0.91,0.848,0.367,0.98,0.146,-0.876,0.905,0.015,-0.592,0.66,0.907,0.923,-0.813,-0.9,0.934,0.708,0.728,-0.189,0.847,-0.874,-0.868,-0.944,0.011,0.951,0.839,-0.956,-0.712,-0.746,0.864,0.103,-0.887,-0.789,-0.826,0.389,0.26,0.969,0.773,-0.772,0.681,-0.662,-0.898,0.855,-0.977,-0.96,0.907,-0.932,-0.965,-0.792,-0.938,-0.562,-0.923,0.727,0.8,0.962,-0.955,0.779,-0.433,0.874,0.877,-0.321,-0.824,0.98,-0.71,-0.886,0.91,-0.204,0.78,0.822,-0.79,-0.858,-0.967,EssenceCatalog/problems/csplib-prob010-SocialGolfers/params/65dd8a3ef1a411256f4999915d1df171.param
0.895,-0.937,-0.931,-0.874,0.886,0.801,0.265,0.975,0.23,-0.913,0.856,-0.091,-0.667,0.541,0.873,0.894,-0.825,-0.841,0.94,0.651,0.792,-0.093,0.811,-0.852,-0.88,-0.925,-0.055,0.939,0.802,-0.952,-0.643,-0.787,0.891,0.006,-0.866,-0.737,-0.766,0.592,0.217,0.961,0.752,-0.845,0.607,-0.584,-0.882,0.806,-0.974,-0.947,0.844,-0.922,-0.957,-0.743,-0.939,-0.575,-0.92,0.752,0.808,0.954,-0.938,0.68,-0.31,0.881,0.859,-0.43,-0.776,0.977,-0.72,-0.866,0.904,-0.08,0.829,0.831,-0.713,-0.866,-0.96,EssenceCatalog/problems/csplib-prob010-SocialGolfers/params/847d2296bbface1ebf564605704a63e6.param
0.898,-0.941,-0.935,-0.88,0.891,0.812,0.273,0.977,0.226,-0.911,0.865,-0.063,-0.663,0.562,0.881,0.902,-0.822,-0.856,0.938,0.659,0.784,-0.113,0.817,-0.861,-0.88,-0.929,-0.03,0.943,0.813,-0.954,-0.656,-0.787,0.889,0.033,-0.87,-0.741,-0.768,0.565,0.225,0.964,0.761,-0.835,0.611,-0.595,-0.887,0.819,-0.976,-0.949,0.856,-0.925,-0.958,-0.752,-0.94,-0.584,-0.921,0.751,0.81,0.955,-0.943,0.707,-0.33,0.881,0.863,-0.413,-0.791,0.978,-0.716,-0.873,0.904,-0.085,0.824,0.828,-0.723,-0.867,-0.961,EssenceCatalog/problems/csplib-prob010-SocialGolfers/params/5230a0269b99e8a799edb893df13b130.param
0.965,-0.988,-0.884,-0.901,0.876,0.889,0.95,0.98,-0.901,0.79,0.982,0.89,0.417,0.978,0.93,0.979,0.727,-0.988,0.923,0.911,-0.696,-0.874,0.934,-0.962,0.863,-0.968,0.893,0.955,0.964,-0.977,-0.974,0.849,-0.72,0.916,-0.964,-0.981,-0.952,-0.962,0.921,0.968,0.93,0.832,0.652,-0.945,-0.751,0.983,-0.834,-0.991,0.989,-0.442,-0.967,-0.903,-0.903,0.813,-0.978,-0.799,-0.711,0.982,-0.986,0.979,-0.854,-0.772,0.97,0.934,-0.958,0.947,0.223,-0.914,0.951,-0.922,-0.831,-0.807,-0.985,0.766,-0.96,EssenceCatalog/problems/csplib-prob010-SocialGolfers/params/95498073dd9fe89eae9b8431ea15cea0.param
0.965,-0.987,-0.881,-0.899,0.873,0.887,0.949,0.979,-0.901,0.794,0.981,0.889,0.418,0.977,0.929,0.978,0.729,-0.988,0.921,0.909,-0.699,-0.873,0.932,-0.962,0.865,-0.967,0.893,0.954,0.963,-0.977,-0.974,0.851,-0.726,0.917,-0.963,-0.981,-0.951,-0.962,0.921,0.967,0.929,0.835,0.647,-0.944,-0.744,0.983,-0.829,-0.991,0.988,-0.434,-0.966,-0.901,-0.9,0.815,-0.977,-0.801,-0.714,0.981,-0.986,0.978,-0.852,-0.776,0.97,0.934,-0.957,0.945,0.227,-0.912,0.95,-0.921,-0.833,-0.81,-0.985,0.767,-0.959,EssenceCatalog/problems/csplib-prob010-SocialGolfers/params/70f1ae90979dff062d1e0ca183712fda.param
0.966,-0.988,-0.885,-0.901,0.877,0.89,0.95,0.98,-0.901,0.79,0.982,0.891,0.412,0.978,0.93,0.979,0.726,-0.988,0.924,0.911,-0.696,-0.875,0.934,-0.963,0.864,-0.968,0.893,0.956,0.964,-0.978,-0.974,0.85,-0.721,0.916,-0.964,-0.982,-0.953,-0.963,0.922,0.968,0.931,0.832,0.653,-0.945,-0.75,0.983,-0.833,-0.991,0.989,-0.443,-0.967,-0.904,-0.903,0.813,-0.978,-0.8,-0.714,0.982,-0.986,0.979,-0.854,-0.774,0.97,0.934,-0.958,0.947,0.223,-0.914,0.951,-0.923,-0.831,-0.807,-0.986,0.766,-0.961,EssenceCatalog/problems/csplib-prob010-SocialGolfers/params/6fdb443de8d6008bf96318abd656b674.param
0.966,-0.989,-0.891,-0.915,0.89,0.895,0.953,0.983,-0.899,0.766,0.983,0.887,0.415,0.979,0.934,0.982,0.724,-0.989,0.933,0.918,-0.678,-0.869,0.942,-0.964,0.845,-0.973,0.893,0.958,0.969,-0.98,-0.975,0.834,-0.681,0.911,-0.967,-0.982,-0.955,-0.962,0.919,0.973,0.937,0.812,0.663,-0.949,-0.792,0.984,-0.858,-0.992,0.99,-0.474,-0.972,-0.906,-0.914,0.798,-0.981,-0.784,-0.677,0.985,-0.987,0.98,-0.858,-0.743,0.974,0.933,-0.963,0.956,0.203,-0.92,0.958,-0.921,-0.82,-0.789,-0.985,0.763,-0.965,EssenceCatalog/problems/csplib-prob010-SocialGolfers/params/2ef2fa8f6fcabc5a7365f2f4dbb58921.param
0.967,-0.988,-0.888,-0.905,0.881,0.892,0.951,0.981,-0.901,0.784,0.983,0.891,0.412,0.978,0.932,0.98,0.725,-0.989,0.927,0.914,-0.691,-0.875,0.936,-0.963,0.86,-0.97,0.894,0.957,0.965,-0.979,-0.975,0.847,-0.713,0.915,-0.965,-0.982,-0.954,-0.963,0.922,0.97,0.933,0.828,0.658,-0.947,-0.761,0.984,-0.84,-0.992,0.989,-0.454,-0.969,-0.905,-0.907,0.81,-0.979,-0.797,-0.708,0.983,-0.987,0.979,-0.856,-0.768,0.972,0.934,-0.96,0.95,0.219,-0.916,0.953,-0.924,-0.828,-0.803,-0.986,0.765,-0.962,EssenceCatalog/problems/csplib-prob010-SocialGolfers/params/cf8e3315a7a69ec42747b1dd8ac8809d.param
0.964,-0.99,-0.889,-0.925,0.896,0.896,0.954,0.984,-0.896,0.746,0.984,0.879,0.427,0.98,0.934,0.984,0.725,-0.989,0.936,0.921,-0.662,-0.857,0.947,-0.963,0.823,-0.975,0.891,0.959,0.972,-0.981,-0.975,0.816,-0.641,0.907,-0.967,-0.982,-0.955,-0.96,0.913,0.975,0.939,0.794,0.659,-0.951,-0.821,0.983,-0.876,-0.993,0.99,-0.489,-0.976,-0.905,-0.92,0.785,-0.983,-0.766,-0.63,0.987,-0.987,0.981,-0.855,-0.708,0.977,0.929,-0.964,0.961,0.188,-0.924,0.962,-0.912,-0.814,-0.77,-0.984,0.76,-0.965,EssenceCatalog/problems/csplib-prob010-SocialGolfers/params/6951d91d7b6d4eb2a5eb009e4f9bbceb.param
0.964,-0.987,-0.878,-0.897,0.87,0.885,0.948,0.978,-0.9,0.797,0.981,0.888,0.421,0.977,0.928,0.977,0.73,-0.987,0.918,0.907,-0.701,-0.872,0.931,-0.961,0.867,-0.966,0.892,0.953,0.962,-0.976,-0.974,0.853,-0.729,0.917,-0.962,-0.981,-0.95,-0.962,0.921,0.966,0.927,0.837,0.642,-0.944,-0.738,0.982,-0.826,-0.991,0.988,-0.427,-0.965,-0.9,-0.897,0.816,-0.977,-0.801,-0.715,0.981,-0.985,0.978,-0.85,-0.778,0.969,0.933,-0.956,0.943,0.23,-0.911,0.949,-0.92,-0.835,-0.812,-0.985,0.767,-0.957,EssenceCatalog/problems/csplib-prob010-SocialGolfers/params/64c93dee4f73cb2833e034766133166b.param
0.967,-0.988,-0.888,-0.904,0.881,0.892,0.951,0.981,-0.901,0.784,0.983,0.892,0.409,0.978,0.932,0.98,0.725,-0.989,0.927,0.914,-0.692,-0.875,0.936,-0.964,0.861,-0.969,0.894,0.957,0.965,-0.979,-0.975,0.848,-0.714,0.915,-0.965,-0.982,-0.954,-0.963,0.922,0.97,0.933,0.828,0.659,-0.946,-0.76,0.984,-0.838,-0.992,0.989,-0.453,-0.968,-0.905,-0.906,0.81,-0.979,-0.798,-0.71,0.983,-0.987,0.979,-0.856,-0.77,0.972,0.935,-0.96,0.95,0.218,-0.915,0.953,-0.924,-0.828,-0.804,-0.986,0.765,-0.962,EssenceCatalog/problems/csplib-prob010-SocialGolfers/params/78a16f97ffde5474d531d152f5b140b4.param
0.964,-0.987,-0.88,-0.898,0.871,0.886,0.949,0.978,-0.901,0.795,0.981,0.889,0.418,0.977,0.928,0.978,0.729,-0.988,0.92,0.908,-0.7,-0.873,0.932,-0.961,0.866,-0.966,0.892,0.954,0.962,-0.976,-0.974,0.852,-0.727,0.917,-0.963,-0.981,-0.951,-0.962,0.921,0.967,0.928,0.835,0.645,-0.944,-0.741,0.983,-0.827,-0.991,0.988,-0.431,-0.966,-0.901,-0.899,0.815,-0.977,-0.8,-0.715,0.981,-0.986,0.978,-0.851,-0.777,0.969,0.933,-0.957,0.944,0.228,-0.912,0.949,-0.921,-0.834,-0.81,-0.985,0.767,-0.958,EssenceCatalog/problems/csplib-prob010-SocialGolfers/params/e14c8e8e9c9f3bc0cd822b35cfd880ba.param
0.913,-0.953,-0.938,-0.887,0.904,0.838,0.34,0.979,0.179,-0.888,0.893,-0.023,-0.617,0.632,0.901,0.917,-0.82,-0.887,0.938,0.695,0.747,-0.168,0.839,-0.872,-0.874,-0.94,-0.018,0.948,0.829,-0.956,-0.694,-0.764,0.872,0.08,-0.882,-0.778,-0.809,0.453,0.253,0.968,0.769,-0.797,0.661,-0.642,-0.896,0.843,-0.977,-0.958,0.893,-0.932,-0.963,-0.779,-0.941,-0.565,-0.925,0.733,0.803,0.961,-0.952,0.761,-0.404,0.878,0.871,-0.356,-0.812,0.98,-0.713,-0.884,0.91,-0.171,0.798,0.829,-0.772,-0.863,-0.966,EssenceCatalog/problems/csplib-prob010-SocialGolfers/params/7e769f4b9397377be5304b7d31231132.param
0.906,-0.947,-0.936,-0.883,0.896,0.824,0.297,0.978,0.208,-0.902,0.878,-0.052,-0.644,0.593,0.891,0.909,-0.822,-0.87,0.938,0.674,0.77,-0.132,0.826,-0.866,-0.879,-0.934,-0.022,0.945,0.819,-0.956,-0.672,-0.778,0.882,0.053,-0.876,-0.758,-0.785,0.524,0.234,0.966,0.763,-0.82,0.633,-0.615,-0.891,0.829,-0.976,-0.953,0.872,-0.929,-0.96,-0.764,-0.941,-0.573,-0.924,0.744,0.806,0.957,-0.947,0.733,-0.364,0.88,0.866,-0.395,-0.799,0.979,-0.715,-0.879,0.906,-0.122,0.815,0.828,-0.745,-0.867,-0.963,EssenceCatalog/problems/csplib-prob010-SocialGolfers/params/5e1494d4e19794c132c4656ee5f43f93.param
0.967,-0.989,-0.89,-0.908,0.884,0.894,0.952,0.982,-0.901,0.778,0.983,0.891,0.409,0.979,0.933,0.981,0.724,-0.989,0.93,0.915,-0.687,-0.874,0.938,-0.964,0.856,-0.971,0.894,0.958,0.966,-0.979,-0.975,0.844,-0.704,0.913,-0.966,-0.982,-0.954,-0.963,0.921,0.971,0.934,0.823,0.662,-0.947,-0.77,0.984,-0.845,-0.992,0.99,-0.461,-0.97,-0.906,-0.909,0.806,-0.98,-0.794,-0.701,0.984,-0.987,0.98,-0.858,-0.762,0.973,0.934,-0.961,0.952,0.213,-0.917,0.955,-0.924,-0.825,-0.799,-0.986,0.764,-0.964,EssenceCatalog/problems/csplib-prob010-SocialGolfers/params/7fbc086c3d1947f4a31277c0620373b5.param
0.965,-0.988,-0.883,-0.901,0.877,0.889,0.95,0.98,-0.9,0.787,0.982,0.889,0.413,0.978,0.93,0.979,0.727,-0.988,0.924,0.911,-0.694,-0.872,0.934,-0.962,0.862,-0.968,0.892,0.955,0.964,-0.978,-0.974,0.847,-0.716,0.915,-0.964,-0.981,-0.952,-0.962,0.921,0.968,0.931,0.83,0.652,-0.945,-0.754,0.983,-0.835,-0.991,0.989,-0.443,-0.967,-0.903,-0.903,0.811,-0.978,-0.798,-0.708,0.982,-0.986,0.978,-0.854,-0.769,0.97,0.933,-0.958,0.948,0.218,-0.914,0.952,-0.922,-0.829,-0.805,-0.985,0.765,-0.961,EssenceCatalog/problems/csplib-prob010-SocialGolfers/params/9afded12b2f75106fd964ddcc205b53f.param
0.967,-0.989,-0.889,-0.906,0.883,0.893,0.952,0.981,-0.901,0.781,0.983,0.891,0.41,0.979,0.932,0.98,0.724,-0.989,0.929,0.915,-0.689,-0.875,0.937,-0.964,0.858,-0.97,0.894,0.957,0.966,-0.979,-0.975,0.846,-0.708,0.914,-0.966,-0.982,-0.954,-0.963,0.922,0.97,0.934,0.825,0.66,-0.947,-0.765,0.984,-0.842,-0.992,0.989,-0.458,-0.969,-0.906,-0.908,0.808,-0.98,-0.796,-0.705,0.983,-0.987,0.98,-0.857,-0.766,0.972,0.934,-0.96,0.951,0.216,-0.916,0.954,-0.924,-0.826,-0.801,-0.986,0.765,-0.963,EssenceCatalog/problems/csplib-prob010-SocialGolfers/params/4cba373de4583a47f16f234862540986.param
0.967,-0.989,-0.891,-0.91,0.886,0.895,0.952,0.982,-0.901,0.775,0.983,0.89,0.41,0.979,0.933,0.981,0.723,-0.989,0.931,0.916,-0.685,-0.873,0.94,-0.964,0.853,-0.971,0.894,0.958,0.967,-0.98,-0.975,0.841,-0.698,0.913,-0.967,-0.982,-0.955,-0.963,0.921,0.971,0.935,0.82,0.663,-0.948,-0.777,0.984,-0.849,-0.992,0.99,-0.466,-0.971,-0.906,-0.911,0.804,-0.981,-0.792,-0.696,0.984,-0.987,0.98,-0.858,-0.758,0.973,0.934,-0.962,0.954,0.21,-0.918,0.956,-0.924,-0.823,-0.796,-0.986,0.764,-0.964,EssenceCatalog/problems/csplib-prob010-SocialGolfers/params/bfddb53f0452a0a5409b773bcb4c5295.param
0.963,-0.99,-0.89,-0.926,0.898,0.895,0.953,0.984,-0.891,0.729,0.983,0.874,0.416,0.98,0.934,0.984,0.712,-0.989,0.937,0.92,-0.65,-0.851,0.947,-0.962,0.807,-0.975,0.886,0.959,0.972,-0.981,-0.974,0.803,-0.615,0.903,-0.967,-0.981,-0.955,-0.958,0.909,0.975,0.938,0.781,0.662,-0.95,-0.827,0.983,-0.881,-0.992,0.99,-0.505,-0.977,-0.904,-0.921,0.771,-0.983,-0.752,-0.605,0.987,-0.987,0.98,-0.852,-0.686,0.977,0.926,-0.964,0.962,0.172,-0.924,0.962,-0.908,-0.804,-0.754,-0.983,0.746,-0.966,EssenceCatalog/problems/csplib-prob010-SocialGolfers/params/c3ebc432f1b7cf25b89b4aa1b2a99776.param
0.965,-0.987,-0.881,-0.899,0.873,0.887,0.949,0.979,-0.9,0.793,0.982,0.889,0.419,0.977,0.929,0.978,0.728,-0.988,0.921,0.91,-0.698,-0.872,0.933,-0.962,0.864,-0.967,0.892,0.954,0.963,-0.977,-0.974,0.85,-0.723,0.916,-0.963,-0.981,-0.951,-0.962,0.921,0.967,0.929,0.833,0.648,-0.945,-0.747,0.983,-0.831,-0.991,0.989,-0.435,-0.966,-0.901,-0.9,0.814,-0.978,-0.8,-0.711,0.982,-0.986,0.978,-0.852,-0.773,0.97,0.933,-0.957,0.946,0.224,-0.912,0.95,-0.921,-0.833,-0.809,-0.985,0.767,-0.959,EssenceCatalog/problems/csplib-prob010-SocialGolfers/params/0896563de10e4b0b5d02c5a8230101ed.param
0.965,-0.987,-0.882,-0.899,0.874,0.887,0.949,0.979,-0.901,0.793,0.982,0.889,0.417,0.977,0.929,0.978,0.729,-0.988,0.922,0.91,-0.698,-0.873,0.933,-0.962,0.865,-0.967,0.893,0.955,0.963,-0.977,-0.974,0.851,-0.724,0.916,-0.963,-0.981,-0.952,-0.962,0.921,0.968,0.929,0.834,0.648,-0.945,-0.746,0.983,-0.83,-0.991,0.989,-0.436,-0.966,-0.902,-0.901,0.814,-0.978,-0.8,-0.713,0.982,-0.986,0.978,-0.852,-0.775,0.97,0.934,-0.957,0.946,0.225,-0.912,0.95,-0.921,-0.833,-0.809,-0.985,0.767,-0.959,EssenceCatalog/problems/csplib-prob010-SocialGolfers/params/7579b38232cdcc8f8695fc882ff52934.param
0.965,-0.987,-0.881,-0.899,0.874,0.887,0.949,0.979,-0.901,0.793,0.982,0.889,0.418,0.977,0.929,0.978,0.728,-0.988,0.921,0.91,-0.698,-0.873,0.933,-0.962,0.865,-0.967,0.892,0.954,0.963,-0.977,-0.974,0.851,-0.724,0.916,-0.963,-0.981,-0.952,-0.962,0.921,0.967,0.929,0.834,0.648,-0.945,-0.746,0.983,-0.83,-0.991,0.989,-0.436,-0.966,-0.902,-0.901,0.814,-0.978,-0.8,-0.713,0.982,-0.986,0.978,-0.852,-0.775,0.97,0.933,-0.957,0.946,0.225,-0.912,0.95,-0.921,-0.833,-0.809,-0.985,0.767,-0.959,EssenceCatalog/problems/csplib-prob010-SocialGolfers/params/b875c49078182b15032527744c7d208d.param
0.964,-0.987,-0.879,-0.897,0.871,0.885,0.948,0.978,-0.9,0.795,0.981,0.888,0.419,0.977,0.928,0.977,0.73,-0.987,0.919,0.908,-0.7,-0.872,0.931,-0.961,0.866,-0.966,0.892,0.954,0.962,-0.976,-0.974,0.852,-0.726,0.917,-0.962,-0.981,-0.95,-0.962,0.921,0.967,0.928,0.835,0.644,-0.944,-0.741,0.982,-0.827,-0.991,0.988,-0.429,-0.965,-0.9,-0.898,0.815,-0.977,-0.8,-0.713,0.981,-0.985,0.978,-0.851,-0.776,0.969,0.933,-0.956,0.944,0.226,-0.911,0.949,-0.92,-0.834,-0.81,-0.985,0.767,-0.958,EssenceCatalog/problems/csplib-prob010-SocialGolfers/params/419ed48f9345291702b72f35e4306e0e.param
0.895,-0.938,-0.93,-0.874,0.886,0.802,0.266,0.975,0.229,-0.912,0.857,-0.09,-0.667,0.545,0.874,0.895,-0.825,-0.843,0.94,0.652,0.79,-0.092,0.811,-0.852,-0.88,-0.926,-0.054,0.939,0.804,-0.952,-0.643,-0.784,0.89,0.007,-0.866,-0.738,-0.767,0.589,0.216,0.961,0.752,-0.843,0.61,-0.585,-0.882,0.806,-0.974,-0.947,0.846,-0.922,-0.957,-0.744,-0.939,-0.575,-0.92,0.751,0.807,0.954,-0.938,0.682,-0.312,0.881,0.859,-0.428,-0.777,0.977,-0.72,-0.866,0.904,-0.084,0.828,0.831,-0.716,-0.866,-0.961,EssenceCatalog/problems/csplib-prob010-SocialGolfers/params/df66c2f0d27df3e35e42f4cb631fe74d.param
0.93,-0.979,-0.947,-0.882,0.919,0.882,0.633,0.984,-0.174,-0.653,0.943,0.36,-0.415,0.851,0.935,0.958,-0.637,-0.954,0.93,0.789,0.469,-0.388,0.891,-0.898,-0.731,-0.958,0.26,0.962,0.899,-0.963,-0.838,-0.456,0.768,0.397,-0.931,-0.88,-0.886,-0.147,0.468,0.975,0.85,-0.494,0.766,-0.789,-0.884,0.899,-0.969,-0.977,0.957,-0.909,-0.974,-0.864,-0.936,-0.381,-0.947,0.509,0.669,0.975,-0.973,0.876,-0.553,0.77,0.934,0.251,-0.885,0.977,-0.553,-0.902,0.936,-0.47,0.508,0.678,-0.902,-0.717,-0.974,EssenceCatalog/problems/csplib-prob010-SocialGolfers/params/7ae4e61607172482905ed6231ec4439f.param
0.882,-0.93,-0.93,-0.868,0.881,0.785,0.243,0.973,0.244,-0.92,0.836,-0.098,-0.68,0.503,0.854,0.887,-0.823,-0.825,0.938,0.631,0.804,-0.081,0.793,-0.839,-0.877,-0.918,-0.064,0.933,0.787,-0.949,-0.636,-0.795,0.899,-0.042,-0.853,-0.715,-0.754,0.62,0.212,0.957,0.744,-0.859,0.593,-0.558,-0.873,0.793,-0.971,-0.939,0.82,-0.912,-0.953,-0.728,-0.935,-0.579,-0.915,0.755,0.807,0.949,-0.93,0.635,-0.273,0.881,0.854,-0.434,-0.767,0.974,-0.712,-0.856,0.898,-0.052,0.834,0.827,-0.689,-0.86,-0.955,EssenceCatalog/problems/csplib-prob010-SocialGolfers/params/c0a4d4696d45c9e428c2f097045687a1.param
0.965,-0.988,-0.884,-0.901,0.876,0.889,0.95,0.98,-0.901,0.79,0.982,0.89,0.415,0.978,0.93,0.979,0.727,-0.988,0.924,0.911,-0.696,-0.874,0.934,-0.963,0.863,-0.968,0.893,0.955,0.964,-0.978,-0.974,0.849,-0.72,0.916,-0.964,-0.982,-0.952,-0.963,0.922,0.968,0.931,0.832,0.652,-0.945,-0.752,0.983,-0.834,-0.991,0.989,-0.443,-0.967,-0.903,-0.903,0.813,-0.978,-0.799,-0.711,0.982,-0.986,0.979,-0.854,-0.772,0.97,0.934,-0.958,0.947,0.223,-0.914,0.951,-0.922,-0.831,-0.807,-0.986,0.766,-0.96,EssenceCatalog/problems/csplib-prob010-SocialGolfers/params/81468f8df7e3f25edac907930600841b.param
0.965,-0.988,-0.884,-0.901,0.877,0.889,0.95,0.98,-0.901,0.789,0.982,0.89,0.413,0.978,0.93,0.979,0.727,-0.988,0.924,0.911,-0.695,-0.873,0.934,-0.962,0.863,-0.968,0.893,0.955,0.964,-0.978,-0.974,0.849,-0.718,0.915,-0.964,-0.981,-0.952,-0.962,0.921,0.968,0.931,0.831,0.652,-0.945,-0.753,0.983,-0.834,-0.991,0.989,-0.442,-0.967,-0.903,-0.903,0.812,-0.978,-0.798,-0.71,0.982,-0.986,0.979,-0.854,-0.771,0.97,0.934,-0.958,0.948,0.221,-0.914,0.952,-0.922,-0.83,-0.806,-0.985,0.766,-0.961,EssenceCatalog/problems/csplib-prob010-SocialGolfers/params/547f0a376c0a2691ba4a29131864a498.param
0.881,-0.929,-0.93,-0.868,0.881,0.784,0.243,0.974,0.245,-0.92,0.835,-0.097,-0.681,0.502,0.854,0.887,-0.823,-0.825,0.938,0.63,0.805,-0.081,0.793,-0.839,-0.878,-0.918,-0.064,0.933,0.787,-0.949,-0.636,-0.796,0.899,-0.042,-0.852,-0.715,-0.753,0.62,0.212,0.957,0.745,-0.86,0.592,-0.557,-0.873,0.793,-0.971,-0.939,0.819,-0.912,-0.953,-0.728,-0.935,-0.58,-0.915,0.755,0.807,0.949,-0.93,0.634,-0.272,0.881,0.855,-0.434,-0.767,0.974,-0.711,-0.856,0.898,-0.05,0.834,0.827,-0.688,-0.86,-0.955,EssenceCatalog/problems/csplib-prob010-SocialGolfers/params/4a700e35d542900dc461a1342aaa2fd6.param
0.965,-0.988,-0.882,-0.9,0.875,0.888,0.949,0.979,-0.9,0.788,0.982,0.889,0.413,0.977,0.929,0.978,0.728,-0.988,0.922,0.91,-0.696,-0.872,0.933,-0.962,0.863,-0.967,0.892,0.955,0.963,-0.977,-0.974,0.849,-0.718,0.915,-0.963,-0.981,-0.951,-0.962,0.92,0.968,0.93,0.831,0.649,-0.945,-0.75,0.983,-0.832,-0.991,0.989,-0.438,-0.966,-0.902,-0.901,0.811,-0.978,-0.798,-0.709,0.982,-0.986,0.978,-0.853,-0.771,0.97,0.933,-0.958,0.947,0.219,-0.913,0.951,-0.921,-0.829,-0.806,-0.985,0.765,-0.96,EssenceCatalog/problems/csplib-prob010-SocialGolfers/params/7c65ccb68898797beef0bbd12162eaec.param
0.964,-0.987,-0.88,-0.898,0.872,0.886,0.949,0.978,-0.901,0.795,0.981,0.889,0.419,0.977,0.928,0.978,0.729,-0.988,0.92,0.909,-0.699,-0.873,0.932,-0.961,0.866,-0.966,0.893,0.954,0.962,-0.977,-0.974,0.852,-0.727,0.917,-0.963,-0.981,-0.951,-0.962,0.921,0.967,0.928,0.835,0.646,-0.944,-0.742,0.983,-0.828,-0.991,0.988,-0.432,-0.966,-0.901,-0.899,0.815,-0.977,-0.801,-0.714,0.981,-0.985,0.978,-0.851,-0.777,0.969,0.933,-0.957,0.944,0.228,-0.912,0.949,-0.921,-0.834,-0.811,-0.985,0.767,-0.958,EssenceCatalog/problems/csplib-prob010-SocialGolfers/params/762f7b1ad9d8ebcdd57d605197696f35.param
0.962,-0.986,-0.874,-0.894,0.865,0.881,0.947,0.977,-0.9,0.799,0.98,0.887,0.424,0.976,0.926,0.976,0.733,-0.987,0.914,0.905,-0.703,-0.87,0.928,-0.96,0.868,-0.964,0.891,0.952,0.96,-0.975,-0.973,0.854,-0.732,0.918,-0.961,-0.98,-0.949,-0.961,0.92,0.965,0.925,0.838,0.636,-0.942,-0.731,0.982,-0.821,-0.99,0.988,-0.416,-0.964,-0.897,-0.893,0.817,-0.976,-0.801,-0.715,0.98,-0.985,0.977,-0.847,-0.779,0.968,0.932,-0.954,0.941,0.23,-0.909,0.947,-0.918,-0.837,-0.814,-0.984,0.768,-0.956,EssenceCatalog/problems/csplib-prob010-SocialGolfers/params/cc973368dafdb410377190920fb4869b.param
0.965,-0.987,-0.882,-0.899,0.874,0.888,0.949,0.979,-0.901,0.791,0.982,0.89,0.413,0.977,0.929,0.978,0.728,-0.988,0.922,0.91,-0.697,-0.873,0.933,-0.962,0.865,-0.967,0.893,0.955,0.963,-0.977,-0.974,0.851,-0.723,0.916,-0.963,-0.981,-0.951,-0.962,0.921,0.968,0.93,0.833,0.649,-0.945,-0.746,0.983,-0.83,-0.991,0.989,-0.437,-0.966,-0.902,-0.901,0.813,-0.978,-0.8,-0.713,0.982,-0.986,0.978,-0.853,-0.775,0.97,0.934,-0.957,0.946,0.223,-0.912,0.95,-0.922,-0.831,-0.809,-0.985,0.766,-0.96,EssenceCatalog/problems/csplib-prob010-SocialGolfers/params/db3393704ad0671ffe1218fc5089e129.param
0.894,-0.937,-0.931,-0.875,0.886,0.8,0.266,0.976,0.232,-0.914,0.855,-0.088,-0.666,0.54,0.873,0.895,-0.825,-0.842,0.94,0.649,0.792,-0.093,0.81,-0.853,-0.879,-0.925,-0.05,0.94,0.803,-0.952,-0.644,-0.789,0.892,0.004,-0.865,-0.736,-0.766,0.594,0.218,0.961,0.754,-0.846,0.605,-0.584,-0.882,0.807,-0.975,-0.947,0.843,-0.922,-0.957,-0.743,-0.939,-0.578,-0.92,0.753,0.809,0.954,-0.938,0.68,-0.309,0.882,0.861,-0.429,-0.778,0.977,-0.719,-0.867,0.904,-0.076,0.829,0.829,-0.711,-0.866,-0.96,EssenceCatalog/problems/csplib-prob010-SocialGolfers/params/5e7ed013887b42d07ebd2b2993420789.param
0.964,-0.987,-0.879,-0.897,0.871,0.885,0.949,0.978,-0.901,0.796,0.981,0.889,0.42,0.977,0.928,0.977,0.73,-0.988,0.919,0.908,-0.7,-0.872,0.931,-0.961,0.866,-0.966,0.892,0.954,0.962,-0.976,-0.974,0.852,-0.728,0.917,-0.962,-0.981,-0.951,-0.962,0.921,0.967,0.928,0.836,0.644,-0.944,-0.74,0.983,-0.827,-0.991,0.988,-0.429,-0.965,-0.9,-0.898,0.816,-0.977,-0.801,-0.714,0.981,-0.985,0.978,-0.851,-0.777,0.969,0.933,-0.956,0.944,0.229,-0.911,0.949,-0.92,-0.835,-0.811,-0.985,0.767,-0.958,EssenceCatalog/problems/csplib-prob010-SocialGolfers/params/9dd95263d2fe2d63e03656a10d7f83e2.param
0.967,-0.988,-0.889,-0.905,0.882,0.893,0.952,0.981,-0.901,0.783,0.983,0.892,0.409,0.978,0.932,0.98,0.724,-0.989,0.928,0.914,-0.691,-0.876,0.937,-0.964,0.86,-0.97,0.894,0.957,0.965,-0.979,-0.975,0.847,-0.712,0.914,-0.966,-0.982,-0.954,-0.963,0.922,0.97,0.933,0.827,0.66,-0.947,-0.762,0.984,-0.84,-0.992,0.989,-0.455,-0.969,-0.906,-0.907,0.809,-0.98,-0.797,-0.709,0.983,-0.987,0.979,-0.857,-0.768,0.972,0.935,-0.96,0.951,0.217,-0.916,0.954,-0.925,-0.827,-0.803,-0.986,0.765,-0.963,EssenceCatalog/problems/csplib-prob010-SocialGolfers/params/feb6fd87860d3c23e312e1fa5279e3c6.param
0.932,-0.983,-0.941,-0.885,0.909,0.877,0.751,0.985,-0.303,-0.387,0.955,0.507,-0.265,0.904,0.94,0.967,-0.445,-0.963,0.935,0.831,0.199,-0.433,0.906,-0.903,-0.595,-0.962,0.413,0.963,0.917,-0.968,-0.871,-0.21,0.661,0.551,-0.944,-0.907,-0.896,-0.464,0.575,0.977,0.882,-0.262,0.758,-0.838,-0.872,0.922,-0.965,-0.982,0.969,-0.892,-0.978,-0.894,-0.936,-0.217,-0.962,0.333,0.545,0.977,-0.979,0.913,-0.609,0.632,0.952,0.512,-0.892,0.971,-0.414,-0.908,0.945,-0.589,0.291,0.501,-0.938,-0.557,-0.973,EssenceCatalog/problems/csplib-prob010-SocialGolfers/params/a8483fb836c1315bc21e21a7cfac8900.param
0.964,-0.99,-0.889,-0.927,0.897,0.895,0.953,0.984,-0.894,0.735,0.983,0.876,0.423,0.98,0.934,0.984,0.72,-0.989,0.936,0.921,-0.654,-0.853,0.947,-0.963,0.814,-0.975,0.888,0.959,0.972,-0.982,-0.975,0.808,-0.624,0.904,-0.967,-0.981,-0.955,-0.959,0.911,0.975,0.939,0.786,0.66,-0.951,-0.827,0.983,-0.88,-0.992,0.99,-0.497,-0.977,-0.904,-0.921,0.777,-0.983,-0.757,-0.613,0.987,-0.987,0.981,-0.853,-0.694,0.977,0.927,-0.964,0.962,0.18,-0.924,0.962,-0.909,-0.808,-0.76,-0.983,0.753,-0.965,EssenceCatalog/problems/csplib-prob010-SocialGolfers/params/6421677493b6d3db44e2baf9d640b4bd.param
0.929,-0.979,-0.948,-0.883,0.92,0.884,0.625,0.984,-0.171,-0.646,0.942,0.356,-0.417,0.854,0.935,0.959,-0.637,-0.954,0.93,0.79,0.477,-0.386,0.89,-0.896,-0.737,-0.958,0.251,0.961,0.902,-0.962,-0.839,-0.453,0.773,0.393,-0.932,-0.879,-0.887,-0.14,0.472,0.974,0.847,-0.503,0.766,-0.79,-0.885,0.898,-0.97,-0.976,0.958,-0.912,-0.976,-0.864,-0.936,-0.393,-0.948,0.511,0.674,0.975,-0.973,0.872,-0.549,0.772,0.934,0.262,-0.886,0.978,-0.547,-0.899,0.938,-0.463,0.503,0.683,-0.901,-0.719,-0.974,EssenceCatalog/problems/csplib-prob010-SocialGolfers/params/75302baede786256274f0a441c2ef96c.param
0.966,-0.988,-0.885,-0.902,0.878,0.89,0.95,0.98,-0.901,0.788,0.982,0.891,0.413,0.978,0.931,0.979,0.726,-0.988,0.925,0.912,-0.695,-0.875,0.935,-0.963,0.863,-0.968,0.893,0.956,0.964,-0.978,-0.975,0.849,-0.719,0.915,-0.965,-0.982,-0.953,-0.963,0.922,0.969,0.931,0.831,0.654,-0.946,-0.754,0.983,-0.835,-0.991,0.989,-0.446,-0.967,-0.904,-0.904,0.812,-0.979,-0.799,-0.712,0.982,-0.986,0.979,-0.855,-0.772,0.971,0.934,-0.959,0.948,0.222,-0.914,0.952,-0.923,-0.83,-0.806,-0.986,0.766,-0.961,EssenceCatalog/problems/csplib-prob010-SocialGolfers/params/01a59d9d66eaad938f1e2ccc09c6d2c4.param
0.965,-0.988,-0.885,-0.903,0.879,0.89,0.951,0.98,-0.9,0.782,0.982,0.889,0.41,0.978,0.93,0.979,0.726,-0.988,0.926,0.912,-0.691,-0.872,0.936,-0.963,0.859,-0.969,0.892,0.956,0.965,-0.978,-0.974,0.845,-0.709,0.914,-0.965,-0.981,-0.952,-0.962,0.92,0.969,0.932,0.826,0.654,-0.946,-0.761,0.983,-0.838,-0.991,0.989,-0.448,-0.968,-0.903,-0.905,0.808,-0.979,-0.795,-0.703,0.983,-0.986,0.979,-0.855,-0.764,0.971,0.933,-0.959,0.949,0.214,-0.914,0.953,-0.922,-0.826,-0.802,-0.985,0.764,-0.962,EssenceCatalog/problems/csplib-prob010-SocialGolfers/params/7f8c4a07dea874e133fba0f4abaf6868.param
0.876,-0.925,-0.93,-0.867,0.879,0.778,0.24,0.972,0.246,-0.923,0.827,-0.093,-0.684,0.487,0.845,0.883,-0.821,-0.819,0.937,0.621,0.808,-0.083,0.788,-0.835,-0.875,-0.915,-0.064,0.93,0.781,-0.948,-0.635,-0.797,0.902,-0.06,-0.846,-0.703,-0.747,0.629,0.215,0.955,0.741,-0.864,0.582,-0.549,-0.87,0.789,-0.969,-0.935,0.808,-0.908,-0.951,-0.721,-0.933,-0.581,-0.913,0.755,0.805,0.947,-0.927,0.617,-0.257,0.881,0.852,-0.433,-0.762,0.973,-0.707,-0.851,0.895,-0.039,0.833,0.825,-0.678,-0.858,-0.952,EssenceCatalog/problems/csplib-prob010-SocialGolfers/params/e08b402ba400c30c4c4c36fd8171b0ab.param
0.928,-0.978,-0.949,-0.883,0.921,0.881,0.602,0.984,-0.139,-0.697,0.941,0.321,-0.441,0.835,0.933,0.956,-0.669,-0.951,0.93,0.779,0.519,-0.369,0.886,-0.895,-0.758,-0.957,0.224,0.961,0.893,-0.962,-0.828,-0.506,0.788,0.359,-0.928,-0.872,-0.883,-0.068,0.438,0.974,0.842,-0.541,0.763,-0.776,-0.886,0.894,-0.971,-0.975,0.954,-0.914,-0.973,-0.858,-0.936,-0.419,-0.944,0.549,0.694,0.974,-0.972,0.866,-0.538,0.792,0.929,0.187,-0.881,0.978,-0.575,-0.9,0.935,-0.434,0.55,0.707,-0.892,-0.745,-0.974,EssenceCatalog/problems/csplib-prob010-SocialGolfers/params/732ef71dc49842e9bc252d6a492ac88f.param
0.965,-0.988,-0.883,-0.901,0.876,0.889,0.95,0.979,-0.901,0.79,0.982,0.89,0.416,0.978,0.93,0.979,0.727,-0.988,0.923,0.911,-0.696,-0.873,0.934,-0.962,0.863,-0.968,0.893,0.955,0.964,-0.977,-0.974,0.85,-0.721,0.916,-0.964,-0.981,-0.952,-0.962,0.921,0.968,0.93,0.832,0.651,-0.945,-0.75,0.983,-0.833,-0.991,0.989,-0.441,-0.967,-0.903,-0.902,0.813,-0.978,-0.799,-0.712,0.982,-0.986,0.978,-0.853,-0.773,0.97,0.934,-0.958,0.947,0.223,-0.913,0.951,-0.922,-0.831,-0.807,-0.985,0.766,-0.96,EssenceCatalog/problems/csplib-prob010-SocialGolfers/params/73a218c1ccc31d9a63be2a1ff6112fd4.param
0.932,-0.983,-0.939,-0.886,0.908,0.876,0.766,0.985,-0.322,-0.352,0.957,0.527,-0.246,0.909,0.94,0.968,-0.416,-0.964,0.935,0.835,0.158,-0.441,0.908,-0.905,-0.571,-0.962,0.431,0.963,0.919,-0.968,-0.876,-0.177,0.636,0.57,-0.944,-0.91,-0.897,-0.498,0.586,0.978,0.884,-0.223,0.756,-0.845,-0.871,0.926,-0.964,-0.983,0.97,-0.888,-0.978,-0.896,-0.935,-0.188,-0.963,0.302,0.521,0.977,-0.979,0.917,-0.619,0.605,0.953,0.541,-0.894,0.969,-0.398,-0.909,0.945,-0.602,0.259,0.466,-0.941,-0.527,-0.973,EssenceCatalog/problems/csplib-prob010-SocialGolfers/params/2fd66c494d39f150720bfecda2a42e2b.param
0.966,-0.988,-0.886,-0.903,0.879,0.89,0.951,0.98,-0.901,0.786,0.982,0.89,0.412,0.978,0.931,0.979,0.726,-0.988,0.925,0.912,-0.693,-0.874,0.935,-0.963,0.861,-0.969,0.893,0.956,0.964,-0.978,-0.975,0.848,-0.715,0.915,-0.965,-0.982,-0.953,-0.963,0.921,0.969,0.932,0.829,0.655,-0.946,-0.756,0.983,-0.836,-0.991,0.989,-0.447,-0.968,-0.904,-0.905,0.811,-0.979,-0.798,-0.709,0.983,-0.986,0.979,-0.855,-0.77,0.971,0.934,-0.959,0.949,0.219,-0.915,0.952,-0.923,-0.829,-0.805,-0.986,0.765,-0.961,EssenceCatalog/problems/csplib-prob010-SocialGolfers/params/d7a8b95b9864391719353c27a8a6e584.param
0.965,-0.987,-0.882,-0.899,0.874,0.888,0.949,0.979,-0.901,0.792,0.982,0.89,0.415,0.977,0.929,0.978,0.728,-0.988,0.922,0.91,-0.698,-0.874,0.933,-0.962,0.865,-0.967,0.893,0.955,0.963,-0.977,-0.974,0.851,-0.724,0.916,-0.963,-0.981,-0.952,-0.962,0.922,0.968,0.93,0.833,0.649,-0.945,-0.746,0.983,-0.83,-0.991,0.989,-0.437,-0.966,-0.902,-0.901,0.814,-0.978,-0.8,-0.714,0.982,-0.986,0.978,-0.853,-0.775,0.97,0.934,-0.958,0.946,0.225,-0.913,0.95,-0.922,-0.832,-0.809,-0.985,0.766,-0.96,EssenceCatalog/problems/csplib-prob010-SocialGolfers/params/84d2439b7117ec08300547e672e8c81a.param
0.966,-0.988,-0.887,-0.904,0.88,0.892,0.951,0.981,-0.901,0.786,0.983,0.891,0.413,0.978,0.931,0.979,0.725,-0.988,0.927,0.913,-0.692,-0.875,0.936,-0.963,0.861,-0.969,0.894,0.956,0.965,-0.978,-0.975,0.848,-0.715,0.915,-0.965,-0.982,-0.954,-0.963,0.922,0.969,0.932,0.829,0.657,-0.946,-0.759,0.983,-0.838,-0.991,0.989,-0.451,-0.968,-0.905,-0.906,0.811,-0.979,-0.798,-0.709,0.983,-0.986,0.979,-0.856,-0.769,0.971,0.934,-0.96,0.95,0.22,-0.915,0.953,-0.923,-0.829,-0.804,-0.986,0.765,-0.962,EssenceCatalog/problems/csplib-prob010-SocialGolfers/params/e227824765206b6c6b10fdd9921aec0a.param
0.965,-0.987,-0.882,-0.9,0.874,0.887,0.949,0.979,-0.901,0.793,0.982,0.889,0.419,0.978,0.929,0.978,0.728,-0.988,0.922,0.91,-0.698,-0.873,0.933,-0.962,0.864,-0.967,0.893,0.954,0.963,-0.977,-0.974,0.851,-0.724,0.916,-0.963,-0.981,-0.952,-0.962,0.921,0.967,0.929,0.834,0.649,-0.945,-0.747,0.983,-0.831,-0.991,0.989,-0.437,-0.966,-0.902,-0.901,0.814,-0.978,-0.8,-0.712,0.982,-0.986,0.978,-0.853,-0.775,0.97,0.934,-0.958,0.946,0.226,-0.913,0.95,-0.921,-0.833,-0.809,-0.985,0.767,-0.959,EssenceCatalog/problems/csplib-prob010-SocialGolfers/params/cdad664eb463f443fee887b3d355f7ff.param
0.931,-0.981,-0.945,-0.884,0.916,0.883,0.695,0.984,-0.246,-0.508,0.948,0.441,-0.337,0.886,0.938,0.964,-0.537,-0.959,0.933,0.812,0.338,-0.415,0.899,-0.899,-0.666,-0.96,0.336,0.962,0.913,-0.965,-0.858,-0.321,0.717,0.481,-0.939,-0.895,-0.894,-0.323,0.533,0.976,0.864,-0.381,0.763,-0.819,-0.878,0.911,-0.967,-0.98,0.965,-0.904,-0.978,-0.88,-0.936,-0.306,-0.956,0.417,0.608,0.977,-0.977,0.894,-0.581,0.706,0.945,0.409,-0.891,0.975,-0.476,-0.903,0.942,-0.533,0.385,0.597,-0.923,-0.639,-0.974,EssenceCatalog/problems/csplib-prob010-SocialGolfers/params/60970f73d1097c8f46f28c60ff63a88f.param
0.967,-0.989,-0.89,-0.907,0.884,0.894,0.952,0.982,-0.901,0.78,0.983,0.892,0.408,0.979,0.933,0.98,0.723,-0.989,0.93,0.915,-0.688,-0.875,0.938,-0.964,0.857,-0.971,0.894,0.958,0.966,-0.979,-0.975,0.845,-0.707,0.914,-0.966,-0.982,-0.955,-0.963,0.922,0.971,0.934,0.824,0.662,-0.947,-0.768,0.984,-0.844,-0.992,0.99,-0.461,-0.97,-0.906,-0.909,0.807,-0.98,-0.796,-0.705,0.984,-0.987,0.98,-0.858,-0.764,0.973,0.935,-0.961,0.952,0.214,-0.917,0.955,-0.925,-0.825,-0.8,-0.986,0.764,-0.964,EssenceCatalog/problems/csplib-prob010-SocialGolfers/params/b07d12c3e0e0009cf8f0631447f70c5b.param
0.967,-0.989,-0.891,-0.909,0.885,0.895,0.952,0.982,-0.901,0.777,0.983,0.891,0.41,0.979,0.933,0.981,0.724,-0.989,0.931,0.916,-0.686,-0.874,0.939,-0.964,0.855,-0.971,0.894,0.958,0.967,-0.98,-0.975,0.842,-0.701,0.913,-0.966,-0.982,-0.955,-0.963,0.921,0.971,0.935,0.822,0.663,-0.948,-0.774,0.984,-0.847,-0.992,0.99,-0.464,-0.97,-0.906,-0.91,0.805,-0.98,-0.793,-0.699,0.984,-0.987,0.98,-0.858,-0.76,0.973,0.934,-0.961,0.953,0.212,-0.918,0.956,-0.924,-0.824,-0.798,-0.986,0.764,-0.964,EssenceCatalog/problems/csplib-prob010-SocialGolfers/params/402bb0ba0d3f2bba2e6dada7db5ce3e1.param
0.967,-0.989,-0.891,-0.909,0.885,0.895,0.952,0.982,-0.901,0.776,0.983,0.891,0.41,0.979,0.933,0.981,0.723,-0.989,0.931,0.916,-0.686,-0.874,0.939,-0.964,0.854,-0.971,0.894,0.958,0.967,-0.98,-0.975,0.842,-0.701,0.913,-0.967,-0.982,-0.955,-0.963,0.921,0.971,0.935,0.822,0.663,-0.948,-0.774,0.984,-0.847,-0.992,0.99,-0.465,-0.97,-0.906,-0.911,0.805,-0.98,-0.793,-0.699,0.984,-0.987,0.98,-0.858,-0.76,0.973,0.934,-0.961,0.953,0.212,-0.918,0.956,-0.924,-0.824,-0.798,-0.986,0.764,-0.964,EssenceCatalog/problems/csplib-prob010-SocialGolfers/params/6ce62d009a117f2c4f423a4066553288.param
0.966,-0.988,-0.885,-0.902,0.877,0.89,0.95,0.98,-0.901,0.789,0.982,0.89,0.415,0.978,0.93,0.979,0.727,-0.988,0.924,0.912,-0.695,-0.874,0.934,-0.963,0.862,-0.968,0.893,0.956,0.964,-0.978,-0.974,0.849,-0.718,0.915,-0.964,-0.982,-0.953,-0.963,0.921,0.969,0.931,0.831,0.653,-0.946,-0.753,0.983,-0.835,-0.991,0.989,-0.444,-0.967,-0.903,-0.903,0.812,-0.978,-0.799,-0.71,0.982,-0.986,0.979,-0.854,-0.771,0.971,0.934,-0.959,0.948,0.222,-0.914,0.952,-0.922,-0.831,-0.806,-0.986,0.766,-0.961,EssenceCatalog/problems/csplib-prob010-SocialGolfers/params/acfb2263c9df44ea53d2dd0dcc38266b.param
0.927,-0.978,-0.949,-0.882,0.921,0.884,0.598,0.984,-0.142,-0.694,0.94,0.324,-0.443,0.837,0.934,0.956,-0.67,-0.951,0.93,0.778,0.521,-0.371,0.887,-0.896,-0.757,-0.957,0.224,0.961,0.897,-0.961,-0.827,-0.505,0.787,0.357,-0.927,-0.872,-0.885,-0.068,0.442,0.974,0.84,-0.544,0.767,-0.779,-0.888,0.894,-0.971,-0.975,0.954,-0.915,-0.974,-0.856,-0.936,-0.423,-0.944,0.542,0.697,0.975,-0.972,0.865,-0.536,0.794,0.929,0.188,-0.884,0.978,-0.581,-0.898,0.935,-0.433,0.551,0.709,-0.892,-0.743,-0.974,EssenceCatalog/problems/csplib-prob010-SocialGolfers/params/7eb427edfe9f8285445d1139a2550b91.param
0.883,-0.931,-0.93,-0.869,0.881,0.787,0.245,0.974,0.243,-0.919,0.839,-0.097,-0.679,0.507,0.857,0.888,-0.824,-0.828,0.938,0.634,0.803,-0.082,0.795,-0.841,-0.878,-0.919,-0.063,0.934,0.79,-0.95,-0.637,-0.795,0.898,-0.035,-0.854,-0.718,-0.755,0.617,0.212,0.958,0.746,-0.858,0.594,-0.561,-0.875,0.794,-0.972,-0.94,0.823,-0.914,-0.953,-0.73,-0.936,-0.58,-0.916,0.755,0.808,0.95,-0.931,0.642,-0.278,0.881,0.855,-0.434,-0.769,0.975,-0.713,-0.858,0.899,-0.054,0.834,0.828,-0.692,-0.861,-0.956,EssenceCatalog/problems/csplib-prob010-SocialGolfers/params/4bd4627d6fa0ca9a9ce2f6673c614f96.param
0.965,-0.988,-0.883,-0.901,0.875,0.889,0.95,0.98,-0.901,0.791,0.982,0.89,0.416,0.978,0.93,0.979,0.727,-0.988,0.923,0.911,-0.696,-0.874,0.934,-0.962,0.864,-0.968,0.893,0.955,0.964,-0.977,-0.974,0.85,-0.722,0.916,-0.964,-0.981,-0.952,-0.962,0.922,0.968,0.93,0.832,0.651,-0.945,-0.75,0.983,-0.833,-0.991,0.989,-0.441,-0.967,-0.903,-0.902,0.814,-0.978,-0.8,-0.712,0.982,-0.986,0.979,-0.854,-0.774,0.97,0.934,-0.958,0.947,0.224,-0.913,0.951,-0.922,-0.832,-0.808,-0.985,0.766,-0.96,EssenceCatalog/problems/csplib-prob010-SocialGolfers/params/6d6106b29a222ec6654e9471d3cc06a8.param
0.967,-0.989,-0.891,-0.914,0.889,0.895,0.953,0.983,-0.9,0.769,0.984,0.888,0.413,0.979,0.934,0.982,0.724,-0.989,0.933,0.918,-0.68,-0.87,0.941,-0.964,0.847,-0.972,0.893,0.958,0.968,-0.98,-0.975,0.836,-0.687,0.911,-0.967,-0.982,-0.955,-0.962,0.92,0.972,0.936,0.815,0.663,-0.949,-0.787,0.984,-0.855,-0.992,0.99,-0.472,-0.972,-0.906,-0.913,0.8,-0.981,-0.787,-0.683,0.985,-0.987,0.98,-0.858,-0.748,0.974,0.933,-0.962,0.956,0.206,-0.92,0.958,-0.922,-0.821,-0.791,-0.986,0.763,-0.965,EssenceCatalog/problems/csplib-prob010-SocialGolfers/params/d6ed718c63a1c368650e19a4ae61ed57.param
0.899,-0.941,-0.933,-0.879,0.89,0.81,0.277,0.977,0.225,-0.91,0.865,-0.076,-0.661,0.562,0.881,0.9,-0.825,-0.853,0.94,0.66,0.785,-0.106,0.818,-0.859,-0.88,-0.929,-0.04,0.942,0.81,-0.954,-0.653,-0.785,0.888,0.029,-0.871,-0.745,-0.771,0.571,0.223,0.963,0.757,-0.837,0.614,-0.596,-0.887,0.816,-0.976,-0.95,0.855,-0.926,-0.958,-0.752,-0.941,-0.577,-0.922,0.75,0.808,0.956,-0.942,0.704,-0.33,0.881,0.862,-0.42,-0.785,0.978,-0.718,-0.872,0.905,-0.092,0.826,0.831,-0.726,-0.868,-0.962,EssenceCatalog/problems/csplib-prob010-SocialGolfers/params/12cf12012262affb2b36e8a68bf0e9a2.param
0.901,-0.942,-0.933,-0.879,0.89,0.811,0.284,0.977,0.222,-0.908,0.866,-0.077,-0.657,0.569,0.883,0.901,-0.825,-0.855,0.94,0.663,0.782,-0.114,0.819,-0.859,-0.88,-0.929,-0.045,0.942,0.811,-0.954,-0.657,-0.783,0.886,0.035,-0.872,-0.75,-0.775,0.563,0.227,0.963,0.758,-0.835,0.619,-0.598,-0.886,0.816,-0.976,-0.95,0.858,-0.926,-0.959,-0.753,-0.941,-0.573,-0.923,0.748,0.806,0.956,-0.943,0.707,-0.333,0.88,0.863,-0.415,-0.786,0.978,-0.717,-0.873,0.906,-0.102,0.823,0.832,-0.73,-0.867,-0.962,EssenceCatalog/problems/csplib-prob010-SocialGolfers/params/bf8dd5af3710c51d91516ae8a74a238f.param
0.967,-0.988,-0.888,-0.904,0.88,0.892,0.951,0.981,-0.901,0.785,0.983,0.891,0.41,0.978,0.932,0.98,0.725,-0.989,0.927,0.913,-0.692,-0.875,0.936,-0.963,0.861,-0.969,0.894,0.957,0.965,-0.979,-0.975,0.848,-0.715,0.915,-0.965,-0.982,-0.954,-0.963,0.922,0.97,0.933,0.828,0.658,-0.946,-0.759,0.984,-0.838,-0.991,0.989,-0.452,-0.968,-0.905,-0.906,0.81,-0.979,-0.798,-0.71,0.983,-0.987,0.979,-0.856,-0.77,0.971,0.935,-0.96,0.95,0.219,-0.915,0.953,-0.924,-0.828,-0.804,-0.986,0.765,-0.962,EssenceCatalog/problems/csplib-prob010-SocialGolfers/params/b5c5451bea977fa7a526c5e7b2ab3295.param
0.964,-0.987,-0.88,-0.898,0.871,0.886,0.949,0.978,-0.901,0.795,0.981,0.889,0.419,0.977,0.928,0.978,0.729,-0.988,0.92,0.908,-0.699,-0.873,0.932,-0.961,0.866,-0.966,0.892,0.954,0.962,-0.976,-0.974,0.852,-0.727,0.917,-0.963,-0.981,-0.951,-0.962,0.921,0.967,0.928,0.835,0.645,-0.944,-0.742,0.983,-0.827,-0.991,0.988,-0.431,-0.966,-0.901,-0.899,0.815,-0.977,-0.801,-0.714,0.981,-0.985,0.978,-0.851,-0.777,0.969,0.933,-0.957,0.944,0.228,-0.912,0.949,-0.921,-0.834,-0.811,-0.985,0.767,-0.958,EssenceCatalog/problems/csplib-prob010-SocialGolfers/params/d73810383376e707eb4827989c2a0959.param
0.935,-0.986,-0.925,-0.897,0.901,0.874,0.869,0.986,-0.581,0.05,0.971,0.723,-0.03,0.949,0.934,0.973,-0.003,-0.97,0.936,0.868,-0.224,-0.627,0.925,-0.926,-0.058,-0.969,0.636,0.965,0.943,-0.973,-0.924,0.256,0.249,0.744,-0.946,-0.938,-0.918,-0.783,0.719,0.976,0.888,0.216,0.728,-0.895,-0.856,0.955,-0.944,-0.987,0.979,-0.813,-0.978,-0.905,-0.931,0.18,-0.97,-0.11,0.123,0.979,-0.984,0.949,-0.703,0.165,0.96,0.776,-0.921,0.958,-0.204,-0.911,0.946,-0.741,-0.215,-0.006,-0.966,-0.053,-0.968,EssenceCatalog/problems/csplib-prob010-SocialGolfers/params/7c402bd76903a1ed8cae7839abefbde6.param
0.872,-0.922,-0.928,-0.863,0.876,0.77,0.237,0.971,0.247,-0.923,0.821,-0.098,-0.684,0.475,0.836,0.879,-0.819,-0.812,0.936,0.613,0.81,-0.078,0.783,-0.827,-0.873,-0.912,-0.067,0.928,0.774,-0.947,-0.627,-0.794,0.902,-0.081,-0.84,-0.695,-0.745,0.636,0.212,0.953,0.734,-0.866,0.578,-0.541,-0.866,0.784,-0.967,-0.931,0.8,-0.904,-0.948,-0.714,-0.931,-0.576,-0.911,0.754,0.802,0.944,-0.922,0.596,-0.246,0.88,0.849,-0.432,-0.756,0.971,-0.706,-0.845,0.892,-0.039,0.833,0.822,-0.672,-0.855,-0.951,EssenceCatalog/problems/csplib-prob010-SocialGolfers/params/1712ce7ed0444f5676d977ba13c3313b.param
0.965,-0.99,-0.89,-0.921,0.894,0.896,0.954,0.983,-0.898,0.754,0.984,0.883,0.422,0.98,0.934,0.983,0.725,-0.989,0.935,0.92,-0.668,-0.862,0.945,-0.964,0.832,-0.974,0.892,0.959,0.971,-0.981,-0.975,0.823,-0.657,0.908,-0.967,-0.982,-0.955,-0.961,0.916,0.974,0.938,0.801,0.661,-0.95,-0.81,0.983,-0.869,-0.992,0.99,-0.484,-0.975,-0.905,-0.918,0.79,-0.982,-0.774,-0.65,0.986,-0.987,0.981,-0.856,-0.723,0.976,0.931,-0.964,0.959,0.194,-0.922,0.961,-0.916,-0.817,-0.778,-0.984,0.761,-0.965,EssenceCatalog/problems/csplib-prob010-SocialGolfers/params/5755ccc0cd5c0c2122fb40fe5d39f993.param
0.932,-0.982,-0.942,-0.884,0.911,0.878,0.736,0.985,-0.285,-0.422,0.953,0.487,-0.283,0.899,0.939,0.967,-0.472,-0.962,0.934,0.826,0.24,-0.427,0.905,-0.902,-0.617,-0.961,0.392,0.963,0.916,-0.967,-0.868,-0.244,0.679,0.532,-0.942,-0.904,-0.895,-0.427,0.563,0.977,0.879,-0.298,0.76,-0.833,-0.874,0.919,-0.965,-0.982,0.968,-0.896,-0.978,-0.891,-0.936,-0.244,-0.96,0.361,0.566,0.977,-0.978,0.908,-0.601,0.655,0.951,0.483,-0.891,0.972,-0.43,-0.906,0.944,-0.575,0.32,0.533,-0.934,-0.583,-0.974,EssenceCatalog/problems/csplib-prob010-SocialGolfers/params/353b781632e7a29beeff3cdfc5d98f94.param
0.966,-0.988,-0.887,-0.903,0.88,0.892,0.951,0.981,-0.901,0.786,0.983,0.891,0.411,0.978,0.932,0.979,0.725,-0.988,0.927,0.913,-0.693,-0.875,0.936,-0.963,0.861,-0.969,0.894,0.957,0.965,-0.978,-0.975,0.848,-0.716,0.915,-0.965,-0.982,-0.953,-0.963,0.922,0.969,0.932,0.829,0.657,-0.946,-0.758,0.984,-0.837,-0.991,0.989,-0.45,-0.968,-0.905,-0.906,0.811,-0.979,-0.798,-0.711,0.983,-0.986,0.979,-0.856,-0.771,0.971,0.934,-0.96,0.949,0.219,-0.915,0.953,-0.924,-0.829,-0.805,-0.986,0.766,-0.962,EssenceCatalog/problems/csplib-prob010-SocialGolfers/params/1b785e1a5614155441b21ad9d1ae3d7a.param
0.89,-0.934,-0.931,-0.873,0.884,0.795,0.257,0.975,0.237,-0.917,0.848,-0.092,-0.673,0.526,0.867,0.892,-0.825,-0.835,0.94,0.642,0.797,-0.088,0.805,-0.85,-0.88,-0.922,-0.057,0.937,0.798,-0.951,-0.641,-0.793,0.895,-0.01,-0.861,-0.728,-0.76,0.605,0.216,0.96,0.751,-0.852,0.599,-0.575,-0.88,0.802,-0.974,-0.944,0.834,-0.919,-0.956,-0.738,-0.938,-0.579,-0.919,0.754,0.809,0.953,-0.936,0.666,-0.295,0.882,0.859,-0.432,-0.774,0.976,-0.716,-0.864,0.902,-0.063,0.831,0.83,-0.703,-0.865,-0.959,EssenceCatalog/problems/csplib-prob010-SocialGolfers/params/8f2a258ee368f6a01f531dfbb072157b.param
0.967,-0.989,-0.89,-0.909,0.885,0.894,0.952,0.982,-0.901,0.776,0.983,0.89,0.412,0.979,0.933,0.981,0.724,-0.989,0.93,0.916,-0.685,-0.873,0.939,-0.964,0.853,-0.971,0.894,0.958,0.967,-0.98,-0.975,0.841,-0.699,0.913,-0.966,-0.982,-0.955,-0.963,0.921,0.971,0.935,0.821,0.662,-0.948,-0.775,0.984,-0.848,-0.992,0.99,-0.464,-0.97,-0.906,-0.91,0.805,-0.98,-0.792,-0.696,0.984,-0.987,0.98,-0.858,-0.758,0.973,0.934,-0.961,0.953,0.212,-0.918,0.956,-0.923,-0.824,-0.797,-0.986,0.764,-0.964,EssenceCatalog/problems/csplib-prob010-SocialGolfers/params/086cb8d8d5b32e5ee56e1ca748c6ee2f.param
0.964,-0.99,-0.889,-0.926,0.897,0.895,0.954,0.984,-0.896,0.742,0.984,0.877,0.428,0.98,0.934,0.984,0.725,-0.989,0.936,0.921,-0.66,-0.855,0.947,-0.963,0.82,-0.975,0.89,0.959,0.972,-0.982,-0.975,0.813,-0.634,0.906,-0.967,-0.982,-0.955,-0.96,0.912,0.975,0.939,0.791,0.659,-0.951,-0.825,0.983,-0.878,-0.993,0.99,-0.491,-0.977,-0.904,-0.92,0.782,-0.983,-0.763,-0.622,0.987,-0.987,0.981,-0.854,-0.702,0.977,0.928,-0.964,0.961,0.186,-0.924,0.962,-0.911,-0.813,-0.767,-0.984,0.759,-0.965,EssenceCatalog/problems/csplib-prob010-SocialGolfers/params/8b51536e7c5d002eb57d3bfd3f1488bc.param
0.926,-0.975,-0.949,-0.883,0.922,0.88,0.56,0.983,-0.089,-0.744,0.936,0.27,-0.471,0.811,0.93,0.952,-0.705,-0.946,0.929,0.764,0.574,-0.343,0.88,-0.892,-0.787,-0.955,0.179,0.96,0.886,-0.96,-0.813,-0.566,0.809,0.305,-0.921,-0.859,-0.877,0.027,0.399,0.973,0.83,-0.596,0.757,-0.76,-0.89,0.887,-0.972,-0.973,0.948,-0.919,-0.972,-0.847,-0.936,-0.459,-0.94,0.592,0.723,0.973,-0.97,0.851,-0.524,0.819,0.922,0.091,-0.876,0.979,-0.611,-0.897,0.931,-0.391,0.601,0.738,-0.875,-0.775,-0.973,EssenceCatalog/problems/csplib-prob010-SocialGolfers/params/ef55228b1ccd34b2aaa5ab4b918c916a.param
0.966,-0.988,-0.887,-0.904,0.88,0.892,0.951,0.981,-0.901,0.786,0.983,0.891,0.412,0.978,0.932,0.979,0.725,-0.988,0.927,0.913,-0.693,-0.875,0.936,-0.963,0.861,-0.969,0.894,0.957,0.965,-0.978,-0.975,0.848,-0.715,0.915,-0.965,-0.982,-0.953,-0.963,0.922,0.969,0.932,0.829,0.657,-0.946,-0.759,0.984,-0.838,-0.991,0.989,-0.451,-0.968,-0.905,-0.906,0.811,-0.979,-0.798,-0.71,0.983,-0.986,0.979,-0.856,-0.77,0.971,0.934,-0.96,0.95,0.219,-0.915,0.953,-0.924,-0.829,-0.804,-0.986,0.765,-0.962,EssenceCatalog/problems/csplib-prob010-SocialGolfers/params/a0262b3cd728691e6777302ab3228216.param
0.933,-0.984,-0.937,-0.887,0.906,0.876,0.786,0.985,-0.35,-0.298,0.96,0.556,-0.222,0.917,0.94,0.969,-0.372,-0.965,0.935,0.842,0.097,-0.457,0.911,-0.907,-0.529,-0.964,0.459,0.964,0.922,-0.969,-0.884,-0.122,0.595,0.6,-0.946,-0.915,-0.899,-0.549,0.607,0.978,0.887,-0.159,0.756,-0.854,-0.869,0.931,-0.963,-0.984,0.972,-0.879,-0.978,-0.899,-0.935,-0.136,-0.965,0.247,0.48,0.977,-0.98,0.923,-0.632,0.557,0.955,0.581,-0.897,0.967,-0.375,-0.91,0.945,-0.625,0.211,0.412,-0.946,-0.483,-0.973,EssenceCatalog/problems/csplib-prob010-SocialGolfers/params/a3707f8aa9cee4956df1bdb047b55324.param
0.965,-0.988,-0.883,-0.901,0.875,0.888,0.95,0.979,-0.901,0.791,0.982,0.889,0.417,0.978,0.93,0.978,0.728,-0.988,0.923,0.911,-0.696,-0.873,0.933,-0.962,0.863,-0.968,0.893,0.955,0.963,-0.977,-0.974,0.85,-0.721,0.916,-0.964,-0.981,-0.952,-0.962,0.921,0.968,0.93,0.832,0.65,-0.945,-0.75,0.983,-0.832,-0.991,0.989,-0.44,-0.967,-0.902,-0.902,0.813,-0.978,-0.799,-0.711,0.982,-0.986,0.978,-0.853,-0.773,0.97,0.934,-0.958,0.947,0.224,-0.913,0.951,-0.922,-0.832,-0.808,-0.985,0.766,-0.96,EssenceCatalog/problems/csplib-prob010-SocialGolfers/params/8117f5631d0e62cb004b6a1a743b6c19.param
0.966,-0.988,-0.887,-0.903,0.879,0.891,0.951,0.981,-0.901,0.786,0.983,0.891,0.411,0.978,0.931,0.979,0.725,-0.988,0.926,0.913,-0.693,-0.875,0.936,-0.963,0.862,-0.969,0.894,0.957,0.965,-0.978,-0.975,0.849,-0.716,0.915,-0.965,-0.982,-0.953,-0.963,0.922,0.969,0.932,0.829,0.657,-0.946,-0.757,0.984,-0.837,-0.991,0.989,-0.45,-0.968,-0.905,-0.905,0.811,-0.979,-0.798,-0.711,0.983,-0.986,0.979,-0.856,-0.771,0.971,0.934,-0.959,0.949,0.22,-0.915,0.953,-0.924,-0.829,-0.805,-0.986,0.766,-0.962,EssenceCatalog/problems/csplib-prob010-SocialGolfers/params/acfb807fa826d1cd9b1c2fa1964da907.param
0.967,-0.988,-0.889,-0.904,0.881,0.893,0.951,0.981,-0.901,0.784,0.983,0.892,0.409,0.978,0.932,0.98,0.724,-0.989,0.928,0.914,-0.691,-0.876,0.937,-0.964,0.86,-0.97,0.894,0.957,0.965,-0.979,-0.975,0.847,-0.713,0.914,-0.966,-0.982,-0.954,-0.963,0.922,0.97,0.933,0.827,0.659,-0.947,-0.761,0.984,-0.839,-0.992,0.989,-0.454,-0.969,-0.906,-0.907,0.81,-0.979,-0.798,-0.709,0.983,-0.987,0.979,-0.857,-0.769,0.972,0.935,-0.96,0.95,0.218,-0.916,0.954,-0.924,-0.827,-0.803,-0.986,0.765,-0.963,EssenceCatalog/problems/csplib-prob010-SocialGolfers/params/ab0c5406bbc33ac94457183a813d4ecb.param
0.964,-0.987,-0.88,-0.898,0.871,0.886,0.949,0.978,-0.901,0.795,0.981,0.889,0.419,0.977,0.928,0.978,0.73,-0.988,0.92,0.908,-0.7,-0.873,0.932,-0.961,0.866,-0.966,0.893,0.954,0.962,-0.976,-0.974,0.852,-0.727,0.917,-0.963,-0.981,-0.951,-0.962,0.921,0.967,0.928,0.835,0.645,-0.944,-0.741,0.983,-0.827,-0.991,0.988,-0.431,-0.966,-0.901,-0.899,0.816,-0.977,-0.801,-0.714,0.981,-0.985,0.978,-0.851,-0.777,0.969,0.933,-0.957,0.944,0.228,-0.912,0.949,-0.921,-0.834,-0.811,-0.985,0.767,-0.958,EssenceCatalog/problems/csplib-prob010-SocialGolfers/params/59e4cd002cf10a77487608415b6fc7ea.param
0.966,-0.988,-0.886,-0.902,0.878,0.89,0.95,0.98,-0.901,0.788,0.982,0.891,0.413,0.978,0.931,0.979,0.726,-0.988,0.925,0.912,-0.694,-0.875,0.935,-0.963,0.863,-0.968,0.893,0.956,0.964,-0.978,-0.975,0.849,-0.719,0.915,-0.965,-0.982,-0.953,-0.963,0.922,0.969,0.931,0.83,0.654,-0.946,-0.754,0.983,-0.835,-0.991,0.989,-0.446,-0.967,-0.904,-0.904,0.812,-0.979,-0.799,-0.712,0.982,-0.986,0.979,-0.855,-0.772,0.971,0.934,-0.959,0.948,0.221,-0.914,0.952,-0.923,-0.83,-0.806,-0.986,0.766,-0.961,EssenceCatalog/problems/csplib-prob010-SocialGolfers/params/bd147a2264a356d3115e4b3633208d0f.param
0.922,-0.969,-0.948,-0.886,0.92,0.87,0.475,0.982,0.026,-0.821,0.925,0.152,-0.529,0.747,0.922,0.941,-0.766,-0.93,0.931,0.735,0.655,-0.286,0.866,-0.886,-0.833,-0.95,0.093,0.957,0.866,-0.958,-0.77,-0.669,0.838,0.205,-0.905,-0.83,-0.86,0.203,0.328,0.971,0.807,-0.687,0.734,-0.719,-0.895,0.875,-0.975,-0.967,0.933,-0.927,-0.968,-0.825,-0.936,-0.521,-0.931,0.665,0.766,0.969,-0.965,0.823,-0.489,0.854,0.902,-0.113,-0.858,0.98,-0.669,-0.894,0.921,-0.307,0.698,0.789,-0.841,-0.822,-0.971,EssenceCatalog/problems/csplib-prob010-SocialGolfers/params/029475c470abef2d60ace8f6200db50f.param
0.966,-0.988,-0.886,-0.902,0.878,0.89,0.95,0.98,-0.901,0.788,0.982,0.891,0.411,0.978,0.931,0.979,0.726,-0.988,0.925,0.912,-0.695,-0.875,0.935,-0.963,0.863,-0.968,0.894,0.956,0.964,-0.978,-0.975,0.85,-0.719,0.915,-0.965,-0.982,-0.953,-0.963,0.922,0.969,0.931,0.831,0.655,-0.946,-0.753,0.983,-0.834,-0.991,0.989,-0.446,-0.967,-0.904,-0.904,0.812,-0.979,-0.799,-0.713,0.982,-0.986,0.979,-0.855,-0.773,0.971,0.934,-0.959,0.948,0.222,-0.914,0.952,-0.924,-0.83,-0.807,-0.986,0.765,-0.961,EssenceCatalog/problems/csplib-prob010-SocialGolfers/params/bc700a8b5cf65ec424ad90a7ae0d5e60.param
0.911,-0.954,-0.939,-0.888,0.905,0.838,0.336,0.979,0.175,-0.888,0.895,-0.013,-0.614,0.634,0.902,0.918,-0.818,-0.89,0.935,0.695,0.746,-0.168,0.838,-0.871,-0.874,-0.94,-0.005,0.949,0.831,-0.956,-0.696,-0.761,0.872,0.082,-0.883,-0.776,-0.809,0.446,0.251,0.968,0.769,-0.792,0.661,-0.643,-0.896,0.846,-0.977,-0.958,0.895,-0.931,-0.963,-0.78,-0.939,-0.568,-0.924,0.735,0.805,0.96,-0.952,0.762,-0.407,0.877,0.872,-0.352,-0.816,0.98,-0.713,-0.884,0.909,-0.17,0.796,0.824,-0.77,-0.863,-0.965,EssenceCatalog/problems/csplib-prob010-SocialGolfers/params/d7eeb5dc7a1f2fac18e99954e66e6b85.param
0.926,-0.975,-0.949,-0.883,0.922,0.88,0.554,0.983,-0.083,-0.751,0.936,0.264,-0.475,0.807,0.93,0.951,-0.71,-0.945,0.93,0.761,0.581,-0.343,0.88,-0.892,-0.789,-0.955,0.174,0.96,0.886,-0.96,-0.809,-0.573,0.81,0.302,-0.92,-0.858,-0.878,0.04,0.394,0.973,0.829,-0.602,0.758,-0.758,-0.89,0.887,-0.972,-0.972,0.947,-0.92,-0.972,-0.847,-0.936,-0.466,-0.939,0.596,0.726,0.973,-0.97,0.85,-0.52,0.822,0.921,0.076,-0.875,0.979,-0.615,-0.896,0.93,-0.384,0.61,0.745,-0.875,-0.779,-0.973,EssenceCatalog/problems/csplib-prob010-SocialGolfers/params/b18c3ce9de062e7ae67c7e93650450e4.param
0.96,-0.985,-0.868,-0.891,0.859,0.876,0.945,0.975,-0.898,0.804,0.979,0.884,0.435,0.976,0.923,0.975,0.734,-0.986,0.909,0.901,-0.708,-0.866,0.925,-0.958,0.869,-0.962,0.889,0.95,0.959,-0.973,-0.972,0.854,-0.737,0.918,-0.958,-0.979,-0.947,-0.961,0.919,0.963,0.922,0.841,0.629,-0.941,-0.722,0.981,-0.815,-0.99,0.987,-0.405,-0.962,-0.895,-0.888,0.82,-0.974,-0.802,-0.714,0.979,-0.984,0.976,-0.843,-0.781,0.966,0.931,-0.953,0.936,0.233,-0.906,0.944,-0.915,-0.84,-0.816,-0.984,0.77,-0.953,EssenceCatalog/problems/csplib-prob010-SocialGolfers/params/364811af5cc2d6aecb3c72f28b4c4c5e.param
0.965,-0.988,-0.884,-0.901,0.876,0.889,0.95,0.98,-0.901,0.79,0.982,0.89,0.414,0.978,0.93,0.979,0.727,-0.988,0.923,0.911,-0.696,-0.874,0.934,-0.962,0.864,-0.968,0.893,0.955,0.964,-0.977,-0.974,0.85,-0.722,0.916,-0.964,-0.981,-0.952,-0.963,0.922,0.968,0.93,0.832,0.651,-0.945,-0.75,0.983,-0.832,-0.991,0.989,-0.44,-0.967,-0.903,-0.902,0.813,-0.978,-0.8,-0.713,0.982,-0.986,0.979,-0.854,-0.774,0.97,0.934,-0.958,0.947,0.223,-0.913,0.951,-0.922,-0.831,-0.808,-0.986,0.766,-0.96,EssenceCatalog/problems/csplib-prob010-SocialGolfers/params/7df4156d92dd253e99939cd2b18a5683.param
0.932,-0.982,-0.944,-0.884,0.913,0.881,0.713,0.985,-0.264,-0.471,0.95,0.463,-0.314,0.893,0.939,0.966,-0.512,-0.961,0.933,0.82,0.294,-0.422,0.903,-0.901,-0.646,-0.961,0.364,0.962,0.915,-0.966,-0.862,-0.288,0.701,0.504,-0.941,-0.899,-0.895,-0.373,0.55,0.976,0.872,-0.345,0.765,-0.825,-0.876,0.915,-0.966,-0.981,0.967,-0.9,-0.978,-0.885,-0.935,-0.276,-0.958,0.386,0.593,0.977,-0.977,0.901,-0.588,0.683,0.948,0.443,-0.892,0.973,-0.458,-0.904,0.943,-0.556,0.361,0.571,-0.928,-0.614,-0.974,EssenceCatalog/problems/csplib-prob010-SocialGolfers/params/4739d9ba3f9bc4f93514cd969c991c74.param
0.966,-0.988,-0.885,-0.901,0.877,0.89,0.95,0.98,-0.901,0.789,0.982,0.89,0.413,0.978,0.93,0.979,0.727,-0.988,0.924,0.911,-0.695,-0.874,0.934,-0.963,0.863,-0.968,0.893,0.956,0.964,-0.978,-0.974,0.85,-0.72,0.916,-0.964,-0.982,-0.952,-0.963,0.922,0.968,0.931,0.831,0.653,-0.945,-0.752,0.983,-0.833,-0.991,0.989,-0.443,-0.967,-0.903,-0.903,0.812,-0.978,-0.799,-0.712,0.982,-0.986,0.979,-0.854,-0.773,0.971,0.934,-0.958,0.948,0.223,-0.914,0.952,-0.923,-0.831,-0.807,-0.986,0.766,-0.961,EssenceCatalog/problems/csplib-prob010-SocialGolfers/params/ord27-5-10-5.param
0.964,-0.99,-0.889,-0.926,0.897,0.895,0.953,0.984,-0.894,0.737,0.983,0.876,0.422,0.98,0.934,0.984,0.719,-0.989,0.936,0.92,-0.655,-0.853,0.947,-0.963,0.814,-0.975,0.888,0.959,0.972,-0.981,-0.975,0.809,-0.626,0.905,-0.967,-0.981,-0.955,-0.959,0.911,0.975,0.938,0.786,0.66,-0.951,-0.825,0.983,-0.879,-0.992,0.99,-0.496,-0.977,-0.904,-0.92,0.778,-0.983,-0.758,-0.617,0.987,-0.987,0.98,-0.853,-0.696,0.977,0.927,-0.964,0.961,0.18,-0.924,0.962,-0.91,-0.809,-0.762,-0.983,0.752,-0.966,EssenceCatalog/problems/csplib-prob010-SocialGolfers/params/5f2c8fb8f18664ebb89cd43f390144a5.param
0.932,-0.984,-0.936,-0.888,0.905,0.875,0.788,0.985,-0.355,-0.296,0.96,0.56,-0.222,0.917,0.94,0.968,-0.369,-0.966,0.935,0.843,0.091,-0.46,0.91,-0.908,-0.523,-0.964,0.459,0.964,0.922,-0.969,-0.885,-0.114,0.59,0.605,-0.946,-0.916,-0.899,-0.551,0.609,0.978,0.886,-0.151,0.753,-0.854,-0.868,0.931,-0.963,-0.984,0.972,-0.878,-0.978,-0.899,-0.935,-0.129,-0.964,0.245,0.471,0.977,-0.981,0.924,-0.632,0.548,0.955,0.587,-0.896,0.967,-0.367,-0.91,0.945,-0.625,0.203,0.405,-0.947,-0.479,-0.973,EssenceCatalog/problems/csplib-prob010-SocialGolfers/params/69ff2930b090a5d533e4088b9be7809b.param
0.966,-0.988,-0.886,-0.902,0.878,0.891,0.951,0.98,-0.901,0.787,0.982,0.891,0.411,0.978,0.931,0.979,0.726,-0.988,0.926,0.912,-0.694,-0.875,0.935,-0.963,0.862,-0.969,0.894,0.956,0.964,-0.978,-0.975,0.849,-0.718,0.915,-0.965,-0.982,-0.953,-0.963,0.922,0.969,0.932,0.83,0.656,-0.946,-0.755,0.983,-0.835,-0.991,0.989,-0.447,-0.968,-0.904,-0.905,0.811,-0.979,-0.799,-0.712,0.982,-0.986,0.979,-0.855,-0.772,0.971,0.934,-0.959,0.949,0.22,-0.914,0.952,-0.924,-0.829,-0.806,-0.986,0.766,-0.961,EssenceCatalog/problems/csplib-prob010-SocialGolfers/params/01cf05df9797761d3a7bcb364b1d5938.param
0.965,-0.987,-0.882,-0.899,0.874,0.888,0.949,0.979,-0.901,0.793,0.982,0.889,0.417,0.977,0.929,0.978,0.728,-0.988,0.922,0.91,-0.698,-0.873,0.933,-0.962,0.865,-0.967,0.893,0.955,0.963,-0.977,-0.974,0.851,-0.724,0.916,-0.963,-0.981,-0.952,-0.962,0.921,0.968,0.929,0.834,0.649,-0.945,-0.746,0.983,-0.83,-0.991,0.989,-0.436,-0.966,-0.902,-0.901,0.814,-0.978,-0.8,-0.713,0.982,-0.986,0.978,-0.853,-0.775,0.97,0.934,-0.958,0.946,0.225,-0.913,0.95,-0.922,-0.833,-0.809,-0.985,0.767,-0.959,EssenceCatalog/problems/csplib-prob010-SocialGolfers/params/d45aa0a9d393141f701d4aecdf753699.param
0.965,-0.99,-0.89,-0.923,0.894,0.895,0.954,0.983,-0.897,0.751,0.984,0.881,0.423,0.98,0.934,0.983,0.724,-0.989,0.935,0.92,-0.666,-0.86,0.945,-0.963,0.829,-0.974,0.891,0.959,0.971,-0.981,-0.975,0.82,-0.651,0.908,-0.967,-0.982,-0.955,-0.961,0.915,0.974,0.938,0.798,0.661,-0.95,-0.814,0.983,-0.871,-0.992,0.99,-0.486,-0.975,-0.905,-0.918,0.788,-0.982,-0.771,-0.643,0.986,-0.987,0.981,-0.856,-0.717,0.976,0.93,-0.964,0.96,0.192,-0.923,0.961,-0.915,-0.816,-0.775,-0.984,0.76,-0.965,EssenceCatalog/problems/csplib-prob010-SocialGolfers/params/de7b225d30cb020aea1d2cf4fb0737b8.param
0.932,-0.983,-0.941,-0.885,0.91,0.877,0.747,0.985,-0.299,-0.395,0.954,0.502,-0.269,0.903,0.94,0.967,-0.452,-0.963,0.935,0.829,0.211,-0.432,0.906,-0.903,-0.601,-0.961,0.408,0.963,0.917,-0.967,-0.87,-0.219,0.666,0.546,-0.943,-0.906,-0.896,-0.455,0.572,0.977,0.881,-0.272,0.758,-0.837,-0.873,0.921,-0.965,-0.982,0.969,-0.894,-0.978,-0.893,-0.936,-0.225,-0.961,0.341,0.551,0.977,-0.979,0.912,-0.606,0.64,0.952,0.503,-0.892,0.971,-0.419,-0.907,0.945,-0.586,0.298,0.511,-0.937,-0.564,-0.974,EssenceCatalog/problems/csplib-prob010-SocialGolfers/params/715971b88a447d3ff6b37145dd7f3a1a.param
0.91,-0.954,-0.94,-0.887,0.905,0.839,0.328,0.979,0.176,-0.889,0.894,-0.011,-0.619,0.631,0.901,0.918,-0.816,-0.89,0.935,0.693,0.747,-0.165,0.836,-0.872,-0.875,-0.94,0.0,0.949,0.832,-0.957,-0.695,-0.763,0.874,0.079,-0.882,-0.772,-0.805,0.449,0.25,0.968,0.77,-0.792,0.658,-0.64,-0.896,0.845,-0.977,-0.957,0.894,-0.931,-0.963,-0.779,-0.939,-0.572,-0.924,0.735,0.804,0.959,-0.952,0.761,-0.404,0.877,0.871,-0.35,-0.817,0.98,-0.712,-0.884,0.908,-0.164,0.796,0.823,-0.768,-0.863,-0.965,EssenceCatalog/problems/csplib-prob010-SocialGolfers/params/5ba0e6507e85f40b60a32e1a882cb664.param
0.964,-0.987,-0.88,-0.898,0.871,0.886,0.949,0.978,-0.901,0.795,0.981,0.888,0.42,0.977,0.928,0.978,0.729,-0.988,0.92,0.909,-0.699,-0.872,0.932,-0.961,0.866,-0.966,0.892,0.954,0.962,-0.976,-0.974,0.852,-0.727,0.917,-0.963,-0.981,-0.951,-0.962,0.921,0.967,0.928,0.835,0.645,-0.944,-0.742,0.983,-0.828,-0.991,0.988,-0.431,-0.966,-0.901,-0.899,0.815,-0.977,-0.801,-0.713,0.981,-0.985,0.978,-0.851,-0.776,0.969,0.933,-0.957,0.944,0.228,-0.912,0.949,-0.92,-0.834,-0.81,-0.985,0.767,-0.958,EssenceCatalog/problems/csplib-prob010-SocialGolfers/params/5ea04a0f541b85fe3595b1f7a6fbb1ed.param
0.964,-0.99,-0.889,-0.927,0.897,0.895,0.954,0.984,-0.895,0.74,0.984,0.877,0.427,0.98,0.934,0.984,0.724,-0.989,0.936,0.921,-0.658,-0.854,0.947,-0.963,0.818,-0.975,0.89,0.959,0.972,-0.982,-0.975,0.811,-0.631,0.905,-0.967,-0.982,-0.955,-0.959,0.912,0.975,0.939,0.789,0.659,-0.951,-0.826,0.983,-0.879,-0.993,0.99,-0.493,-0.977,-0.904,-0.92,0.781,-0.983,-0.761,-0.62,0.987,-0.987,0.981,-0.854,-0.7,0.977,0.928,-0.964,0.962,0.184,-0.924,0.962,-0.91,-0.812,-0.765,-0.983,0.757,-0.965,EssenceCatalog/problems/csplib-prob010-SocialGolfers/params/29a62a750aeb89cf827793f174032cc5.param
0.964,-0.987,-0.878,-0.897,0.869,0.884,0.948,0.978,-0.9,0.797,0.981,0.888,0.422,0.977,0.927,0.977,0.731,-0.987,0.918,0.907,-0.701,-0.872,0.93,-0.961,0.867,-0.966,0.892,0.953,0.962,-0.976,-0.973,0.853,-0.729,0.917,-0.962,-0.981,-0.95,-0.962,0.921,0.966,0.927,0.837,0.642,-0.943,-0.738,0.982,-0.825,-0.99,0.988,-0.426,-0.965,-0.9,-0.897,0.816,-0.977,-0.801,-0.714,0.981,-0.985,0.977,-0.85,-0.778,0.969,0.933,-0.956,0.943,0.23,-0.911,0.948,-0.92,-0.835,-0.812,-0.985,0.767,-0.957,EssenceCatalog/problems/csplib-prob010-SocialGolfers/params/4b4615272847cb1b3309940dc3457987.param
0.966,-0.988,-0.885,-0.902,0.878,0.89,0.95,0.98,-0.901,0.787,0.982,0.89,0.412,0.978,0.931,0.979,0.726,-0.988,0.925,0.912,-0.694,-0.874,0.935,-0.963,0.862,-0.968,0.893,0.956,0.964,-0.978,-0.975,0.848,-0.717,0.915,-0.964,-0.982,-0.953,-0.963,0.921,0.969,0.931,0.83,0.654,-0.946,-0.755,0.983,-0.835,-0.991,0.989,-0.446,-0.968,-0.904,-0.904,0.811,-0.979,-0.798,-0.71,0.982,-0.986,0.979,-0.855,-0.77,0.971,0.934,-0.959,0.948,0.22,-0.914,0.952,-0.923,-0.829,-0.805,-0.986,0.766,-0.961,EssenceCatalog/problems/csplib-prob010-SocialGolfers/params/fb04b13125473ce9ed992833f178921e.param
0.967,-0.989,-0.889,-0.906,0.883,0.893,0.952,0.981,-0.901,0.781,0.983,0.891,0.409,0.978,0.932,0.98,0.724,-0.989,0.929,0.914,-0.689,-0.874,0.937,-0.964,0.858,-0.97,0.894,0.957,0.966,-0.979,-0.975,0.845,-0.708,0.914,-0.966,-0.982,-0.954,-0.963,0.921,0.97,0.934,0.825,0.66,-0.947,-0.766,0.984,-0.842,-0.992,0.989,-0.457,-0.969,-0.905,-0.908,0.808,-0.98,-0.795,-0.704,0.983,-0.987,0.98,-0.857,-0.765,0.972,0.934,-0.96,0.951,0.215,-0.916,0.954,-0.924,-0.826,-0.801,-0.986,0.764,-0.963,EssenceCatalog/problems/csplib-prob010-SocialGolfers/params/182078d0d671e671fbe2d1507071ef7d.param
0.861,-0.915,-0.925,-0.856,0.871,0.754,0.225,0.968,0.253,-0.925,0.806,-0.098,-0.688,0.449,0.816,0.871,-0.814,-0.801,0.933,0.597,0.814,-0.071,0.772,-0.813,-0.868,-0.907,-0.068,0.922,0.76,-0.944,-0.618,-0.79,0.904,-0.116,-0.827,-0.674,-0.735,0.647,0.208,0.948,0.721,-0.871,0.565,-0.526,-0.859,0.773,-0.962,-0.924,0.779,-0.894,-0.943,-0.7,-0.926,-0.573,-0.907,0.752,0.797,0.938,-0.914,0.563,-0.223,0.878,0.84,-0.432,-0.743,0.967,-0.7,-0.834,0.884,-0.026,0.831,0.818,-0.658,-0.849,-0.945,EssenceCatalog/problems/csplib-prob010-SocialGolfers/params/9a79d47ba0bbf81450bfd182c8be1bb6.param
0.885,-0.931,-0.931,-0.872,0.883,0.791,0.25,0.975,0.241,-0.92,0.842,-0.091,-0.678,0.512,0.861,0.89,-0.824,-0.831,0.939,0.635,0.802,-0.089,0.799,-0.846,-0.879,-0.92,-0.06,0.935,0.793,-0.951,-0.641,-0.797,0.898,-0.025,-0.856,-0.72,-0.755,0.613,0.217,0.959,0.749,-0.856,0.592,-0.567,-0.877,0.798,-0.973,-0.941,0.826,-0.916,-0.955,-0.733,-0.937,-0.583,-0.917,0.755,0.808,0.951,-0.934,0.653,-0.283,0.882,0.857,-0.433,-0.772,0.975,-0.713,-0.861,0.899,-0.052,0.833,0.829,-0.694,-0.863,-0.957,EssenceCatalog/problems/csplib-prob010-SocialGolfers/params/baf201975dcdfc3969a25eed96f87934.param
0.964,-0.987,-0.878,-0.897,0.869,0.885,0.948,0.978,-0.9,0.797,0.981,0.888,0.423,0.977,0.928,0.977,0.73,-0.987,0.918,0.908,-0.701,-0.872,0.931,-0.961,0.866,-0.966,0.892,0.953,0.962,-0.976,-0.974,0.852,-0.729,0.917,-0.962,-0.981,-0.95,-0.962,0.921,0.966,0.927,0.836,0.642,-0.944,-0.739,0.982,-0.826,-0.991,0.988,-0.427,-0.965,-0.9,-0.897,0.816,-0.977,-0.801,-0.714,0.981,-0.985,0.978,-0.85,-0.777,0.969,0.933,-0.956,0.943,0.229,-0.911,0.949,-0.919,-0.836,-0.811,-0.985,0.767,-0.957,EssenceCatalog/problems/csplib-prob010-SocialGolfers/params/1c1de2fe3c1522366f75d90572cd1aa7.param
0.966,-0.99,-0.89,-0.92,0.893,0.896,0.954,0.983,-0.898,0.756,0.984,0.883,0.42,0.98,0.934,0.983,0.725,-0.989,0.935,0.92,-0.67,-0.863,0.944,-0.964,0.834,-0.974,0.892,0.959,0.97,-0.981,-0.975,0.825,-0.661,0.909,-0.967,-0.982,-0.955,-0.961,0.916,0.974,0.938,0.803,0.662,-0.95,-0.807,0.983,-0.867,-0.992,0.99,-0.482,-0.974,-0.906,-0.917,0.791,-0.982,-0.776,-0.655,0.986,-0.987,0.981,-0.857,-0.726,0.976,0.931,-0.964,0.959,0.196,-0.922,0.96,-0.917,-0.817,-0.78,-0.985,0.761,-0.965,EssenceCatalog/problems/csplib-prob010-SocialGolfers/params/c550f9c350ec610fb16327016723ebd8.param
0.966,-0.989,-0.889,-0.908,0.884,0.893,0.952,0.982,-0.9,0.776,0.983,0.89,0.409,0.979,0.932,0.981,0.724,-0.989,0.929,0.915,-0.686,-0.872,0.938,-0.964,0.855,-0.971,0.893,0.957,0.966,-0.979,-0.975,0.842,-0.7,0.913,-0.966,-0.982,-0.954,-0.962,0.92,0.971,0.934,0.821,0.66,-0.947,-0.772,0.984,-0.846,-0.992,0.989,-0.461,-0.97,-0.905,-0.909,0.804,-0.98,-0.792,-0.697,0.984,-0.987,0.98,-0.857,-0.758,0.973,0.933,-0.961,0.952,0.21,-0.917,0.955,-0.923,-0.823,-0.797,-0.986,0.763,-0.963,EssenceCatalog/problems/csplib-prob010-SocialGolfers/params/742f0ca5c268976f99edaa6d4df2236f.param
0.932,-0.983,-0.941,-0.886,0.91,0.877,0.75,0.985,-0.307,-0.389,0.955,0.507,-0.268,0.903,0.939,0.967,-0.443,-0.963,0.935,0.828,0.205,-0.438,0.905,-0.903,-0.592,-0.961,0.408,0.963,0.918,-0.967,-0.871,-0.206,0.658,0.554,-0.943,-0.908,-0.897,-0.458,0.572,0.977,0.879,-0.26,0.753,-0.837,-0.871,0.921,-0.965,-0.982,0.969,-0.893,-0.979,-0.893,-0.936,-0.218,-0.961,0.34,0.536,0.977,-0.979,0.913,-0.608,0.631,0.951,0.513,-0.892,0.971,-0.408,-0.908,0.945,-0.583,0.282,0.502,-0.938,-0.559,-0.973,EssenceCatalog/problems/csplib-prob010-SocialGolfers/params/b289c74aa4efe58e9810533963a60db6.param
0.966,-0.99,-0.89,-0.92,0.893,0.896,0.954,0.983,-0.898,0.757,0.984,0.884,0.42,0.98,0.934,0.983,0.725,-0.989,0.934,0.919,-0.671,-0.864,0.944,-0.964,0.835,-0.974,0.892,0.959,0.97,-0.981,-0.975,0.826,-0.664,0.909,-0.967,-0.982,-0.955,-0.961,0.916,0.973,0.938,0.805,0.661,-0.95,-0.805,0.983,-0.866,-0.992,0.99,-0.481,-0.974,-0.906,-0.917,0.793,-0.982,-0.777,-0.658,0.986,-0.987,0.981,-0.857,-0.728,0.976,0.931,-0.963,0.958,0.197,-0.922,0.96,-0.917,-0.818,-0.781,-0.985,0.762,-0.965,EssenceCatalog/problems/csplib-prob010-SocialGolfers/params/7f566e0b71c60439847f46e22abc3e50.param
0.966,-0.988,-0.887,-0.903,0.879,0.891,0.951,0.98,-0.901,0.786,0.983,0.891,0.413,0.978,0.931,0.979,0.726,-0.988,0.926,0.913,-0.693,-0.875,0.936,-0.963,0.862,-0.969,0.894,0.956,0.965,-0.978,-0.975,0.848,-0.717,0.915,-0.965,-0.982,-0.953,-0.963,0.922,0.969,0.932,0.83,0.656,-0.946,-0.757,0.983,-0.837,-0.991,0.989,-0.449,-0.968,-0.904,-0.905,0.811,-0.979,-0.799,-0.711,0.983,-0.986,0.979,-0.856,-0.771,0.971,0.934,-0.959,0.949,0.221,-0.915,0.953,-0.924,-0.829,-0.805,-0.986,0.766,-0.962,EssenceCatalog/problems/csplib-prob010-SocialGolfers/params/354946450accf1487f7ce25f8723bb2e.param
0.926,-0.975,-0.949,-0.883,0.922,0.881,0.558,0.983,-0.088,-0.739,0.935,0.269,-0.474,0.814,0.93,0.952,-0.705,-0.946,0.93,0.765,0.571,-0.342,0.879,-0.892,-0.787,-0.955,0.174,0.96,0.888,-0.96,-0.813,-0.562,0.807,0.303,-0.921,-0.859,-0.878,0.023,0.408,0.973,0.829,-0.596,0.76,-0.761,-0.89,0.887,-0.972,-0.973,0.949,-0.92,-0.972,-0.847,-0.936,-0.46,-0.941,0.587,0.723,0.973,-0.97,0.849,-0.523,0.818,0.922,0.097,-0.877,0.979,-0.613,-0.896,0.931,-0.394,0.601,0.738,-0.876,-0.774,-0.973,EssenceCatalog/problems/csplib-prob010-SocialGolfers/params/92b1126edb69348c4642a8357111389e.param
0.965,-0.987,-0.882,-0.899,0.873,0.887,0.949,0.979,-0.901,0.793,0.982,0.889,0.417,0.977,0.929,0.978,0.729,-0.988,0.922,0.91,-0.698,-0.873,0.933,-0.962,0.865,-0.967,0.893,0.955,0.963,-0.977,-0.974,0.851,-0.725,0.916,-0.963,-0.981,-0.952,-0.962,0.921,0.967,0.929,0.834,0.648,-0.945,-0.746,0.983,-0.83,-0.991,0.989,-0.435,-0.966,-0.902,-0.901,0.814,-0.978,-0.8,-0.713,0.982,-0.986,0.978,-0.852,-0.775,0.97,0.934,-0.957,0.946,0.226,-0.912,0.95,-0.921,-0.833,-0.809,-0.985,0.767,-0.959,EssenceCatalog/problems/csplib-prob010-SocialGolfers/params/088c2c51c290aedd7f1068848698ba06.param
0.966,-0.988,-0.885,-0.901,0.877,0.89,0.95,0.98,-0.901,0.789,0.982,0.891,0.413,0.978,0.931,0.979,0.726,-0.988,0.924,0.911,-0.695,-0.874,0.934,-0.963,0.863,-0.968,0.893,0.956,0.964,-0.978,-0.975,0.849,-0.72,0.916,-0.964,-0.982,-0.953,-0.963,0.922,0.969,0.931,0.831,0.653,-0.946,-0.752,0.983,-0.834,-0.991,0.989,-0.444,-0.967,-0.903,-0.903,0.812,-0.978,-0.799,-0.712,0.982,-0.986,0.979,-0.854,-0.773,0.971,0.934,-0.959,0.948,0.222,-0.914,0.952,-0.923,-0.83,-0.807,-0.986,0.766,-0.961,EssenceCatalog/problems/csplib-prob010-SocialGolfers/params/c1f2b368b0d2fef178b4a08e1af97be9.param
0.933,-0.983,-0.941,-0.885,0.91,0.878,0.747,0.985,-0.303,-0.393,0.954,0.504,-0.27,0.903,0.94,0.967,-0.452,-0.963,0.935,0.829,0.209,-0.436,0.906,-0.903,-0.598,-0.961,0.409,0.963,0.918,-0.967,-0.871,-0.215,0.663,0.548,-0.943,-0.907,-0.897,-0.457,0.573,0.977,0.881,-0.269,0.758,-0.837,-0.872,0.921,-0.965,-0.982,0.969,-0.893,-0.978,-0.893,-0.936,-0.222,-0.961,0.337,0.548,0.977,-0.979,0.912,-0.606,0.637,0.952,0.506,-0.893,0.971,-0.418,-0.907,0.945,-0.587,0.295,0.509,-0.937,-0.562,-0.974,EssenceCatalog/problems/csplib-prob010-SocialGolfers/params/fe47fbd8772b6b2cdb50e16c0d40c24a.param
0.964,-0.99,-0.889,-0.925,0.896,0.896,0.954,0.984,-0.897,0.746,0.984,0.879,0.427,0.98,0.934,0.984,0.725,-0.989,0.936,0.921,-0.663,-0.857,0.947,-0.963,0.823,-0.975,0.891,0.959,0.972,-0.981,-0.975,0.816,-0.641,0.907,-0.968,-0.982,-0.955,-0.96,0.913,0.975,0.939,0.794,0.659,-0.951,-0.821,0.983,-0.876,-0.993,0.99,-0.489,-0.976,-0.905,-0.92,0.785,-0.983,-0.766,-0.63,0.987,-0.987,0.981,-0.855,-0.708,0.977,0.929,-0.964,0.961,0.189,-0.924,0.962,-0.912,-0.814,-0.77,-0.984,0.76,-0.965,EssenceCatalog/problems/csplib-prob010-SocialGolfers/params/7a558975880420f51779d04ecb758dd5.param
0.966,-0.988,-0.888,-0.905,0.881,0.892,0.951,0.981,-0.901,0.783,0.983,0.891,0.41,0.978,0.932,0.98,0.725,-0.988,0.927,0.914,-0.691,-0.874,0.937,-0.963,0.86,-0.969,0.894,0.957,0.965,-0.979,-0.975,0.846,-0.711,0.914,-0.965,-0.982,-0.953,-0.963,0.921,0.97,0.933,0.827,0.658,-0.946,-0.762,0.984,-0.839,-0.992,0.989,-0.453,-0.969,-0.905,-0.907,0.809,-0.979,-0.796,-0.706,0.983,-0.987,0.979,-0.856,-0.767,0.972,0.934,-0.96,0.95,0.217,-0.916,0.953,-0.923,-0.827,-0.803,-0.986,0.765,-0.962,EssenceCatalog/problems/csplib-prob010-SocialGolfers/params/df3ec6dd94a31f8754ed077102bf5e15.param
0.931,-0.981,-0.945,-0.884,0.915,0.883,0.689,0.984,-0.239,-0.523,0.948,0.435,-0.345,0.884,0.938,0.964,-0.55,-0.959,0.932,0.813,0.348,-0.414,0.9,-0.9,-0.674,-0.96,0.332,0.962,0.912,-0.965,-0.857,-0.334,0.723,0.475,-0.939,-0.894,-0.893,-0.311,0.531,0.976,0.865,-0.391,0.767,-0.816,-0.879,0.911,-0.967,-0.98,0.965,-0.903,-0.978,-0.879,-0.936,-0.31,-0.955,0.421,0.617,0.977,-0.976,0.893,-0.576,0.71,0.944,0.399,-0.891,0.975,-0.482,-0.902,0.942,-0.532,0.401,0.606,-0.922,-0.646,-0.974,EssenceCatalog/problems/csplib-prob010-SocialGolfers/params/efb38b28589f9b63040058fd2fe4f02f.param
0.966,-0.988,-0.887,-0.906,0.882,0.892,0.951,0.981,-0.9,0.778,0.983,0.889,0.411,0.978,0.931,0.98,0.725,-0.988,0.928,0.914,-0.688,-0.871,0.937,-0.963,0.856,-0.97,0.893,0.957,0.966,-0.979,-0.975,0.842,-0.702,0.913,-0.965,-0.982,-0.953,-0.962,0.92,0.97,0.933,0.822,0.657,-0.946,-0.769,0.983,-0.843,-0.992,0.989,-0.455,-0.969,-0.904,-0.907,0.805,-0.979,-0.792,-0.697,0.983,-0.986,0.979,-0.856,-0.759,0.972,0.933,-0.96,0.951,0.211,-0.916,0.954,-0.922,-0.824,-0.798,-0.985,0.764,-0.962,EssenceCatalog/problems/csplib-prob010-SocialGolfers/params/d86bc04e6e526dc2727d940848dbd3d3.param
0.964,-0.987,-0.879,-0.898,0.871,0.886,0.949,0.978,-0.901,0.795,0.981,0.888,0.421,0.977,0.928,0.978,0.729,-0.988,0.92,0.909,-0.699,-0.872,0.931,-0.961,0.865,-0.966,0.892,0.954,0.962,-0.976,-0.974,0.851,-0.726,0.917,-0.963,-0.981,-0.951,-0.962,0.921,0.967,0.928,0.835,0.645,-0.944,-0.743,0.983,-0.828,-0.991,0.988,-0.431,-0.966,-0.901,-0.899,0.815,-0.977,-0.8,-0.712,0.981,-0.985,0.978,-0.851,-0.776,0.969,0.933,-0.957,0.944,0.228,-0.912,0.949,-0.92,-0.834,-0.81,-0.985,0.767,-0.958,EssenceCatalog/problems/csplib-prob010-SocialGolfers/params/f71546add1513945bac43107208408f2.param
0.965,-0.987,-0.881,-0.898,0.872,0.886,0.949,0.979,-0.901,0.794,0.981,0.889,0.418,0.977,0.929,0.978,0.729,-0.988,0.92,0.909,-0.699,-0.873,0.932,-0.962,0.866,-0.967,0.893,0.954,0.963,-0.977,-0.974,0.852,-0.726,0.917,-0.963,-0.981,-0.951,-0.962,0.921,0.967,0.929,0.835,0.646,-0.944,-0.743,0.983,-0.828,-0.991,0.988,-0.433,-0.966,-0.901,-0.9,0.815,-0.977,-0.8,-0.714,0.981,-0.986,0.978,-0.852,-0.776,0.969,0.933,-0.957,0.945,0.227,-0.912,0.95,-0.921,-0.834,-0.81,-0.985,0.767,-0.959,EssenceCatalog/problems/csplib-prob010-SocialGolfers/params/a8647ef0f3300059c4c848d963b63f81.param
0.965,-0.988,-0.884,-0.901,0.876,0.889,0.95,0.98,-0.901,0.789,0.982,0.89,0.414,0.978,0.93,0.979,0.727,-0.988,0.923,0.911,-0.696,-0.873,0.934,-0.962,0.863,-0.968,0.893,0.955,0.964,-0.978,-0.974,0.849,-0.719,0.916,-0.964,-0.981,-0.952,-0.962,0.921,0.968,0.931,0.831,0.651,-0.945,-0.751,0.983,-0.833,-0.991,0.989,-0.442,-0.967,-0.903,-0.902,0.812,-0.978,-0.799,-0.711,0.982,-0.986,0.979,-0.854,-0.772,0.97,0.934,-0.958,0.947,0.221,-0.913,0.951,-0.922,-0.831,-0.807,-0.985,0.766,-0.96,EssenceCatalog/problems/csplib-prob010-SocialGolfers/params/3d4fa65e32fb6bbbfdff832fa63c942f.param
0.932,-0.985,-0.935,-0.89,0.905,0.875,0.803,0.986,-0.38,-0.259,0.962,0.581,-0.205,0.921,0.939,0.969,-0.331,-0.966,0.935,0.845,0.052,-0.471,0.91,-0.909,-0.485,-0.965,0.477,0.965,0.924,-0.97,-0.89,-0.071,0.558,0.623,-0.946,-0.919,-0.901,-0.581,0.617,0.978,0.885,-0.109,0.748,-0.861,-0.868,0.934,-0.962,-0.985,0.973,-0.874,-0.978,-0.901,-0.936,-0.1,-0.966,0.212,0.434,0.977,-0.982,0.928,-0.646,0.516,0.955,0.617,-0.899,0.966,-0.351,-0.911,0.946,-0.632,0.158,0.356,-0.949,-0.438,-0.972,EssenceCatalog/problems/csplib-prob010-SocialGolfers/params/1cc3aace06131cec9c3ead185b0be936.param
0.967,-0.989,-0.89,-0.908,0.885,0.894,0.952,0.982,-0.901,0.778,0.983,0.891,0.41,0.979,0.933,0.981,0.724,-0.989,0.93,0.916,-0.687,-0.874,0.939,-0.964,0.855,-0.971,0.894,0.958,0.967,-0.98,-0.975,0.843,-0.703,0.913,-0.966,-0.982,-0.955,-0.963,0.921,0.971,0.935,0.823,0.663,-0.948,-0.772,0.984,-0.846,-0.992,0.99,-0.463,-0.97,-0.906,-0.91,0.806,-0.98,-0.794,-0.7,0.984,-0.987,0.98,-0.858,-0.761,0.973,0.934,-0.961,0.953,0.213,-0.918,0.955,-0.924,-0.825,-0.799,-0.986,0.764,-0.964,EssenceCatalog/problems/csplib-prob010-SocialGolfers/params/1443dc81149b81f26c169173dd6dc9fa.param
0.882,-0.93,-0.931,-0.871,0.882,0.789,0.245,0.974,0.242,-0.92,0.839,-0.091,-0.681,0.507,0.858,0.889,-0.823,-0.829,0.938,0.634,0.803,-0.085,0.796,-0.844,-0.879,-0.919,-0.059,0.934,0.791,-0.95,-0.639,-0.797,0.899,-0.031,-0.854,-0.716,-0.752,0.615,0.215,0.958,0.748,-0.857,0.589,-0.562,-0.876,0.796,-0.972,-0.939,0.823,-0.914,-0.954,-0.731,-0.936,-0.583,-0.916,0.756,0.809,0.95,-0.932,0.648,-0.28,0.882,0.856,-0.434,-0.77,0.975,-0.712,-0.859,0.898,-0.046,0.833,0.828,-0.691,-0.862,-0.956,EssenceCatalog/problems/csplib-prob010-SocialGolfers/params/e17b37c22a6ded18e37da983669014d1.param
0.965,-0.99,-0.89,-0.922,0.894,0.896,0.954,0.983,-0.898,0.753,0.984,0.882,0.422,0.98,0.934,0.983,0.725,-0.989,0.935,0.92,-0.668,-0.862,0.945,-0.964,0.831,-0.974,0.892,0.959,0.971,-0.981,-0.975,0.822,-0.656,0.908,-0.967,-0.982,-0.955,-0.961,0.915,0.974,0.938,0.801,0.661,-0.95,-0.811,0.983,-0.87,-0.992,0.99,-0.484,-0.975,-0.905,-0.918,0.789,-0.982,-0.773,-0.648,0.986,-0.987,0.981,-0.856,-0.721,0.976,0.93,-0.964,0.959,0.194,-0.922,0.961,-0.916,-0.816,-0.777,-0.984,0.761,-0.965,EssenceCatalog/problems/csplib-prob010-SocialGolfers/params/7f609ff875c8a49d7e4399bf84287024.param
0.965,-0.989,-0.887,-0.908,0.883,0.892,0.951,0.981,-0.899,0.774,0.983,0.888,0.411,0.978,0.931,0.98,0.724,-0.988,0.928,0.914,-0.684,-0.869,0.938,-0.963,0.852,-0.97,0.892,0.957,0.966,-0.979,-0.975,0.839,-0.695,0.912,-0.965,-0.981,-0.953,-0.962,0.919,0.97,0.934,0.819,0.656,-0.947,-0.775,0.983,-0.846,-0.992,0.989,-0.458,-0.97,-0.904,-0.908,0.802,-0.98,-0.789,-0.69,0.984,-0.986,0.979,-0.855,-0.753,0.972,0.932,-0.96,0.952,0.207,-0.916,0.955,-0.921,-0.822,-0.795,-0.985,0.763,-0.963,EssenceCatalog/problems/csplib-prob010-SocialGolfers/params/6970fce1e7fdc7d63ccfcd62d4511015.param
0.965,-0.987,-0.883,-0.899,0.874,0.888,0.95,0.979,-0.901,0.792,0.982,0.89,0.415,0.978,0.93,0.978,0.728,-0.988,0.922,0.91,-0.698,-0.874,0.933,-0.962,0.865,-0.967,0.893,0.955,0.963,-0.977,-0.974,0.851,-0.724,0.916,-0.964,-0.981,-0.952,-0.962,0.922,0.968,0.93,0.833,0.65,-0.945,-0.746,0.983,-0.83,-0.991,0.989,-0.438,-0.966,-0.902,-0.901,0.814,-0.978,-0.8,-0.715,0.982,-0.986,0.978,-0.853,-0.776,0.97,0.934,-0.958,0.946,0.225,-0.913,0.95,-0.922,-0.832,-0.809,-0.985,0.766,-0.96,EssenceCatalog/problems/csplib-prob010-SocialGolfers/params/cda060a31553dd596defc0d38048bca7.param
0.921,-0.967,-0.946,-0.886,0.92,0.868,0.452,0.982,0.061,-0.839,0.923,0.108,-0.545,0.725,0.919,0.935,-0.782,-0.924,0.934,0.725,0.674,-0.28,0.867,-0.885,-0.841,-0.948,0.071,0.956,0.861,-0.957,-0.751,-0.693,0.842,0.186,-0.9,-0.823,-0.859,0.251,0.308,0.971,0.799,-0.712,0.727,-0.707,-0.895,0.875,-0.975,-0.965,0.926,-0.931,-0.967,-0.819,-0.937,-0.539,-0.927,0.681,0.771,0.969,-0.963,0.815,-0.471,0.861,0.895,-0.181,-0.85,0.981,-0.683,-0.892,0.919,-0.283,0.725,0.808,-0.838,-0.833,-0.969,EssenceCatalog/problems/csplib-prob010-SocialGolfers/params/fcdb3c94a9569792f6e297f770a46be6.param
0.899,-0.94,-0.931,-0.876,0.888,0.807,0.276,0.976,0.222,-0.909,0.862,-0.084,-0.664,0.558,0.879,0.898,-0.825,-0.849,0.94,0.66,0.785,-0.105,0.815,-0.855,-0.88,-0.928,-0.053,0.94,0.807,-0.953,-0.65,-0.782,0.887,0.023,-0.869,-0.745,-0.772,0.573,0.22,0.962,0.754,-0.838,0.617,-0.591,-0.884,0.81,-0.975,-0.949,0.854,-0.925,-0.958,-0.75,-0.94,-0.572,-0.921,0.749,0.805,0.955,-0.941,0.696,-0.327,0.88,0.86,-0.423,-0.78,0.978,-0.719,-0.869,0.904,-0.097,0.826,0.832,-0.724,-0.866,-0.962,EssenceCatalog/problems/csplib-prob010-SocialGolfers/params/6aa553a066d64851fa907712eea34a83.param
0.967,-0.989,-0.891,-0.91,0.886,0.895,0.953,0.982,-0.901,0.775,0.983,0.891,0.41,0.979,0.933,0.981,0.723,-0.989,0.931,0.916,-0.685,-0.874,0.939,-0.964,0.853,-0.971,0.894,0.958,0.967,-0.98,-0.975,0.841,-0.699,0.913,-0.967,-0.982,-0.955,-0.963,0.921,0.971,0.935,0.821,0.663,-0.948,-0.776,0.984,-0.848,-0.992,0.99,-0.466,-0.971,-0.907,-0.911,0.804,-0.981,-0.792,-0.697,0.984,-0.987,0.98,-0.858,-0.758,0.973,0.934,-0.962,0.954,0.211,-0.918,0.956,-0.924,-0.824,-0.797,-0.986,0.764,-0.964,EssenceCatalog/problems/csplib-prob010-SocialGolfers/params/babfd06c7e4128c02a9e8d311e0ea31d.param
0.967,-0.989,-0.891,-0.912,0.887,0.895,0.953,0.982,-0.9,0.771,0.983,0.889,0.412,0.979,0.933,0.981,0.724,-0.989,0.932,0.917,-0.682,-0.871,0.941,-0.964,0.85,-0.972,0.893,0.958,0.968,-0.98,-0.975,0.838,-0.691,0.912,-0.967,-0.982,-0.955,-0.963,0.92,0.972,0.936,0.817,0.663,-0.948,-0.783,0.984,-0.852,-0.992,0.99,-0.469,-0.971,-0.906,-0.912,0.802,-0.981,-0.789,-0.689,0.985,-0.987,0.98,-0.858,-0.752,0.974,0.933,-0.962,0.955,0.207,-0.919,0.957,-0.922,-0.822,-0.794,-0.986,0.763,-0.964,EssenceCatalog/problems/csplib-prob010-SocialGolfers/params/e6c80b6a60e1bcd21ef9876aa1173732.param
0.967,-0.989,-0.891,-0.915,0.89,0.896,0.953,0.983,-0.9,0.767,0.984,0.888,0.414,0.979,0.934,0.982,0.724,-0.989,0.933,0.918,-0.678,-0.869,0.942,-0.964,0.845,-0.973,0.893,0.959,0.969,-0.98,-0.975,0.834,-0.682,0.911,-0.967,-0.982,-0.955,-0.962,0.919,0.973,0.937,0.813,0.663,-0.949,-0.791,0.984,-0.857,-0.992,0.99,-0.474,-0.972,-0.906,-0.914,0.799,-0.981,-0.785,-0.679,0.985,-0.987,0.98,-0.858,-0.744,0.974,0.933,-0.963,0.956,0.204,-0.92,0.958,-0.921,-0.821,-0.789,-0.985,0.763,-0.965,EssenceCatalog/problems/csplib-prob010-SocialGolfers/params/66e3c74766a2c9e8a77b43c2b1f26e85.param
0.966,-0.989,-0.888,-0.906,0.882,0.892,0.951,0.981,-0.9,0.779,0.983,0.89,0.41,0.978,0.932,0.98,0.725,-0.989,0.928,0.914,-0.688,-0.873,0.937,-0.963,0.857,-0.97,0.893,0.957,0.966,-0.979,-0.975,0.844,-0.705,0.913,-0.966,-0.982,-0.954,-0.963,0.921,0.97,0.934,0.824,0.659,-0.947,-0.767,0.983,-0.843,-0.992,0.989,-0.457,-0.969,-0.905,-0.908,0.807,-0.98,-0.794,-0.701,0.983,-0.987,0.979,-0.856,-0.762,0.972,0.934,-0.96,0.951,0.213,-0.916,0.954,-0.923,-0.825,-0.8,-0.986,0.764,-0.963,EssenceCatalog/problems/csplib-prob010-SocialGolfers/params/d91a1cacd115f896b71f6218376febf7.param
0.967,-0.989,-0.89,-0.906,0.883,0.894,0.952,0.981,-0.901,0.781,0.983,0.892,0.409,0.979,0.933,0.98,0.724,-0.989,0.929,0.915,-0.689,-0.875,0.938,-0.964,0.858,-0.97,0.894,0.958,0.966,-0.979,-0.975,0.846,-0.709,0.914,-0.966,-0.982,-0.955,-0.963,0.922,0.971,0.934,0.825,0.662,-0.947,-0.766,0.984,-0.842,-0.992,0.99,-0.459,-0.969,-0.906,-0.909,0.808,-0.98,-0.796,-0.706,0.984,-0.987,0.98,-0.858,-0.766,0.972,0.935,-0.961,0.952,0.216,-0.917,0.954,-0.925,-0.826,-0.801,-0.986,0.765,-0.963,EssenceCatalog/problems/csplib-prob010-SocialGolfers/params/1c3f9e1193b3a56b5b489560c973778d.param
0.966,-0.988,-0.884,-0.902,0.877,0.89,0.95,0.98,-0.901,0.789,0.982,0.89,0.415,0.978,0.93,0.979,0.727,-0.988,0.924,0.912,-0.695,-0.874,0.934,-0.963,0.862,-0.968,0.893,0.955,0.964,-0.978,-0.974,0.849,-0.719,0.915,-0.964,-0.982,-0.953,-0.963,0.921,0.969,0.931,0.831,0.653,-0.946,-0.753,0.983,-0.835,-0.991,0.989,-0.444,-0.967,-0.903,-0.903,0.812,-0.978,-0.799,-0.71,0.982,-0.986,0.979,-0.854,-0.772,0.971,0.934,-0.959,0.948,0.222,-0.914,0.952,-0.922,-0.831,-0.806,-0.986,0.766,-0.961,EssenceCatalog/problems/csplib-prob010-SocialGolfers/params/70e4145cfaf2baf6461bbd07f8450efe.param
0.965,-0.988,-0.884,-0.902,0.877,0.889,0.95,0.98,-0.9,0.787,0.982,0.889,0.413,0.978,0.93,0.979,0.727,-0.988,0.924,0.911,-0.694,-0.872,0.934,-0.962,0.861,-0.968,0.892,0.955,0.964,-0.978,-0.974,0.847,-0.716,0.915,-0.964,-0.981,-0.952,-0.962,0.921,0.969,0.931,0.829,0.652,-0.945,-0.755,0.983,-0.835,-0.991,0.989,-0.443,-0.967,-0.903,-0.903,0.811,-0.978,-0.798,-0.707,0.982,-0.986,0.979,-0.854,-0.769,0.971,0.933,-0.958,0.948,0.218,-0.914,0.952,-0.922,-0.829,-0.805,-0.985,0.765,-0.961,EssenceCatalog/problems/csplib-prob010-SocialGolfers/params/9245ec198bc0d583c095271dcee30663.param
0.966,-0.988,-0.885,-0.902,0.878,0.89,0.95,0.98,-0.901,0.787,0.982,0.89,0.413,0.978,0.931,0.979,0.726,-0.988,0.925,0.912,-0.694,-0.874,0.935,-0.963,0.862,-0.968,0.893,0.956,0.964,-0.978,-0.975,0.848,-0.717,0.915,-0.964,-0.982,-0.953,-0.963,0.921,0.969,0.931,0.83,0.654,-0.946,-0.754,0.983,-0.835,-0.991,0.989,-0.445,-0.967,-0.903,-0.904,0.811,-0.979,-0.798,-0.71,0.982,-0.986,0.979,-0.855,-0.771,0.971,0.934,-0.959,0.948,0.22,-0.914,0.952,-0.923,-0.83,-0.805,-0.986,0.766,-0.961,EssenceCatalog/problems/csplib-prob010-SocialGolfers/params/54bbcd6c1ab559809e860fbd06f46db9.param
0.965,-0.987,-0.881,-0.899,0.873,0.887,0.949,0.979,-0.901,0.793,0.982,0.889,0.417,0.977,0.929,0.978,0.728,-0.988,0.921,0.909,-0.698,-0.873,0.933,-0.962,0.865,-0.967,0.893,0.954,0.963,-0.977,-0.974,0.851,-0.725,0.917,-0.963,-0.981,-0.952,-0.962,0.921,0.967,0.929,0.834,0.648,-0.945,-0.745,0.983,-0.83,-0.991,0.989,-0.435,-0.966,-0.902,-0.9,0.815,-0.978,-0.8,-0.714,0.982,-0.986,0.978,-0.852,-0.775,0.97,0.934,-0.957,0.946,0.226,-0.912,0.95,-0.921,-0.833,-0.809,-0.985,0.767,-0.959,EssenceCatalog/problems/csplib-prob010-SocialGolfers/params/bc63c166ba03c0546ef575634839390e.param
0.962,-0.986,-0.873,-0.894,0.864,0.881,0.947,0.976,-0.9,0.8,0.98,0.886,0.426,0.976,0.925,0.976,0.733,-0.987,0.914,0.905,-0.704,-0.869,0.928,-0.96,0.868,-0.964,0.891,0.951,0.96,-0.975,-0.973,0.854,-0.733,0.918,-0.96,-0.98,-0.948,-0.961,0.92,0.965,0.925,0.839,0.635,-0.942,-0.73,0.982,-0.82,-0.99,0.988,-0.415,-0.964,-0.897,-0.893,0.818,-0.975,-0.802,-0.714,0.98,-0.985,0.977,-0.847,-0.779,0.967,0.932,-0.954,0.94,0.231,-0.908,0.946,-0.917,-0.837,-0.814,-0.984,0.768,-0.955,EssenceCatalog/problems/csplib-prob010-SocialGolfers/params/ord13-5-8-3.param
0.966,-0.988,-0.888,-0.906,0.882,0.892,0.951,0.981,-0.901,0.781,0.983,0.891,0.411,0.978,0.932,0.98,0.725,-0.989,0.928,0.914,-0.69,-0.874,0.937,-0.963,0.858,-0.97,0.893,0.957,0.965,-0.979,-0.975,0.845,-0.708,0.914,-0.966,-0.982,-0.954,-0.963,0.921,0.97,0.933,0.826,0.659,-0.947,-0.765,0.984,-0.841,-0.992,0.989,-0.455,-0.969,-0.905,-0.907,0.808,-0.98,-0.796,-0.704,0.983,-0.987,0.979,-0.857,-0.765,0.972,0.934,-0.96,0.951,0.215,-0.916,0.954,-0.923,-0.826,-0.802,-0.986,0.764,-0.963,EssenceCatalog/problems/csplib-prob010-SocialGolfers/params/851051c4f4e3dabbcf4d7a4e7077dd60.param
0.894,-0.937,-0.933,-0.876,0.887,0.804,0.265,0.976,0.233,-0.915,0.855,-0.083,-0.67,0.541,0.873,0.896,-0.824,-0.844,0.94,0.65,0.793,-0.104,0.811,-0.855,-0.88,-0.925,-0.052,0.94,0.805,-0.953,-0.646,-0.792,0.892,0.008,-0.866,-0.734,-0.764,0.591,0.221,0.961,0.757,-0.845,0.605,-0.583,-0.882,0.808,-0.975,-0.947,0.844,-0.923,-0.957,-0.744,-0.94,-0.583,-0.92,0.754,0.808,0.954,-0.939,0.686,-0.311,0.881,0.861,-0.427,-0.78,0.977,-0.717,-0.868,0.903,-0.073,0.828,0.832,-0.712,-0.867,-0.96,EssenceCatalog/problems/csplib-prob010-SocialGolfers/params/7e0aa5e277e83ca826a761ad236b97bd.param
0.891,-0.936,-0.933,-0.876,0.887,0.802,0.259,0.976,0.236,-0.916,0.854,-0.077,-0.673,0.536,0.872,0.896,-0.823,-0.843,0.938,0.647,0.793,-0.097,0.808,-0.855,-0.88,-0.924,-0.043,0.939,0.804,-0.953,-0.646,-0.792,0.894,0.004,-0.864,-0.73,-0.76,0.593,0.22,0.961,0.756,-0.846,0.599,-0.581,-0.882,0.808,-0.975,-0.945,0.841,-0.921,-0.957,-0.742,-0.939,-0.586,-0.919,0.755,0.811,0.953,-0.939,0.681,-0.306,0.882,0.861,-0.426,-0.781,0.977,-0.716,-0.867,0.902,-0.064,0.83,0.829,-0.708,-0.866,-0.959,EssenceCatalog/problems/csplib-prob010-SocialGolfers/params/79c77d3bfee27ad9c851bcb688e297d5.param
0.93,-0.981,-0.945,-0.884,0.915,0.882,0.689,0.984,-0.24,-0.531,0.948,0.435,-0.347,0.883,0.938,0.964,-0.552,-0.96,0.932,0.813,0.349,-0.415,0.899,-0.9,-0.674,-0.96,0.333,0.962,0.911,-0.965,-0.856,-0.337,0.724,0.479,-0.939,-0.895,-0.892,-0.309,0.529,0.976,0.865,-0.391,0.764,-0.814,-0.878,0.911,-0.967,-0.98,0.965,-0.902,-0.977,-0.879,-0.936,-0.309,-0.955,0.425,0.615,0.976,-0.976,0.894,-0.574,0.708,0.944,0.398,-0.89,0.975,-0.479,-0.903,0.942,-0.53,0.404,0.605,-0.922,-0.648,-0.974,EssenceCatalog/problems/csplib-prob010-SocialGolfers/params/ord07-15-8-2.param
0.967,-0.989,-0.89,-0.906,0.883,0.894,0.952,0.981,-0.901,0.781,0.983,0.892,0.409,0.979,0.933,0.98,0.724,-0.989,0.929,0.915,-0.689,-0.875,0.938,-0.964,0.858,-0.97,0.894,0.958,0.966,-0.979,-0.975,0.846,-0.709,0.914,-0.966,-0.982,-0.955,-0.963,0.922,0.971,0.934,0.825,0.662,-0.947,-0.766,0.984,-0.842,-0.992,0.99,-0.46,-0.969,-0.906,-0.909,0.808,-0.98,-0.796,-0.706,0.984,-0.987,0.98,-0.858,-0.766,0.972,0.935,-0.961,0.952,0.216,-0.917,0.955,-0.925,-0.826,-0.801,-0.986,0.765,-0.963,EssenceCatalog/problems/csplib-prob010-SocialGolfers/params/a522d056490269bc4a97bb149589b5c6.param
0.966,-0.988,-0.884,-0.901,0.876,0.889,0.95,0.98,-0.901,0.79,0.982,0.89,0.414,0.978,0.93,0.979,0.727,-0.988,0.924,0.911,-0.696,-0.874,0.934,-0.963,0.863,-0.968,0.893,0.955,0.964,-0.978,-0.974,0.85,-0.72,0.916,-0.964,-0.981,-0.952,-0.963,0.922,0.968,0.931,0.832,0.652,-0.945,-0.751,0.983,-0.833,-0.991,0.989,-0.442,-0.967,-0.903,-0.903,0.813,-0.978,-0.799,-0.712,0.982,-0.986,0.979,-0.854,-0.773,0.97,0.934,-0.958,0.947,0.223,-0.914,0.951,-0.923,-0.831,-0.807,-0.986,0.766,-0.96,EssenceCatalog/problems/csplib-prob010-SocialGolfers/params/ord21-5-10-4.param
0.965,-0.988,-0.883,-0.9,0.875,0.888,0.95,0.979,-0.901,0.792,0.982,0.89,0.416,0.978,0.93,0.978,0.728,-0.988,0.922,0.91,-0.697,-0.874,0.933,-0.962,0.864,-0.967,0.893,0.955,0.963,-0.977,-0.974,0.851,-0.723,0.916,-0.964,-0.981,-0.952,-0.962,0.922,0.968,0.93,0.833,0.65,-0.945,-0.748,0.983,-0.831,-0.991,0.989,-0.438,-0.967,-0.902,-0.901,0.814,-0.978,-0.8,-0.713,0.982,-0.986,0.978,-0.853,-0.775,0.97,0.934,-0.958,0.946,0.225,-0.913,0.951,-0.922,-0.832,-0.809,-0.985,0.766,-0.96,EssenceCatalog/problems/csplib-prob010-SocialGolfers/params/04cea05f208f98c1e24db0b3bf5dcf3b.param
0.932,-0.984,-0.938,-0.887,0.907,0.875,0.78,0.985,-0.341,-0.322,0.959,0.545,-0.234,0.913,0.94,0.968,-0.39,-0.965,0.935,0.839,0.121,-0.449,0.908,-0.906,-0.546,-0.963,0.446,0.964,0.921,-0.969,-0.881,-0.142,0.612,0.589,-0.945,-0.914,-0.898,-0.526,0.596,0.978,0.884,-0.184,0.752,-0.85,-0.87,0.928,-0.964,-0.984,0.971,-0.883,-0.978,-0.898,-0.935,-0.158,-0.964,0.274,0.493,0.977,-0.98,0.921,-0.627,0.575,0.954,0.57,-0.895,0.968,-0.379,-0.91,0.945,-0.611,0.227,0.43,-0.944,-0.499,-0.972,EssenceCatalog/problems/csplib-prob010-SocialGolfers/params/c82ec636fe8bcb2aa844fe27d9c5f38a.param
0.964,-0.987,-0.879,-0.898,0.87,0.885,0.948,0.978,-0.9,0.796,0.981,0.888,0.422,0.977,0.928,0.977,0.73,-0.988,0.919,0.908,-0.7,-0.872,0.931,-0.961,0.866,-0.966,0.892,0.953,0.962,-0.976,-0.974,0.852,-0.727,0.917,-0.962,-0.981,-0.951,-0.962,0.921,0.966,0.928,0.836,0.644,-0.944,-0.741,0.983,-0.827,-0.991,0.988,-0.429,-0.966,-0.9,-0.898,0.816,-0.977,-0.801,-0.713,0.981,-0.985,0.978,-0.851,-0.776,0.969,0.933,-0.956,0.944,0.229,-0.911,0.949,-0.92,-0.835,-0.811,-0.985,0.767,-0.958,EssenceCatalog/problems/csplib-prob010-SocialGolfers/params/1ee71447f3e5b8985af1a3742c03bac8.param
0.965,-0.988,-0.883,-0.9,0.875,0.889,0.95,0.979,-0.901,0.791,0.982,0.89,0.415,0.978,0.93,0.978,0.728,-0.988,0.923,0.911,-0.697,-0.874,0.934,-0.962,0.864,-0.968,0.893,0.955,0.963,-0.977,-0.974,0.85,-0.722,0.916,-0.964,-0.981,-0.952,-0.962,0.922,0.968,0.93,0.832,0.651,-0.945,-0.749,0.983,-0.832,-0.991,0.989,-0.44,-0.967,-0.903,-0.902,0.813,-0.978,-0.8,-0.713,0.982,-0.986,0.978,-0.853,-0.774,0.97,0.934,-0.958,0.947,0.224,-0.913,0.951,-0.922,-0.832,-0.808,-0.985,0.766,-0.96,EssenceCatalog/problems/csplib-prob010-SocialGolfers/params/2b1cfdd612cf296f5ac96e5a1fd97a39.param
0.967,-0.989,-0.891,-0.914,0.889,0.895,0.953,0.983,-0.9,0.769,0.984,0.888,0.413,0.979,0.934,0.982,0.724,-0.989,0.933,0.918,-0.68,-0.87,0.941,-0.964,0.847,-0.972,0.893,0.958,0.968,-0.98,-0.975,0.836,-0.686,0.911,-0.967,-0.982,-0.955,-0.962,0.92,0.972,0.936,0.815,0.663,-0.949,-0.788,0.984,-0.855,-0.992,0.99,-0.472,-0.972,-0.906,-0.913,0.8,-0.981,-0.787,-0.683,0.985,-0.987,0.98,-0.858,-0.748,0.974,0.933,-0.962,0.956,0.206,-0.92,0.958,-0.922,-0.821,-0.791,-0.986,0.763,-0.965,EssenceCatalog/problems/csplib-prob010-SocialGolfers/params/bcb8d02ebee4fd1a0b11d0dd733701b0.param
0.927,-0.977,-0.949,-0.883,0.921,0.881,0.584,0.983,-0.12,-0.714,0.938,0.304,-0.449,0.827,0.931,0.955,-0.682,-0.949,0.93,0.773,0.541,-0.364,0.885,-0.893,-0.768,-0.956,0.207,0.961,0.892,-0.961,-0.821,-0.527,0.796,0.344,-0.925,-0.867,-0.882,-0.032,0.422,0.973,0.836,-0.563,0.76,-0.77,-0.887,0.891,-0.971,-0.974,0.952,-0.916,-0.973,-0.854,-0.936,-0.436,-0.942,0.564,0.704,0.974,-0.971,0.86,-0.53,0.803,0.926,0.152,-0.879,0.978,-0.585,-0.898,0.933,-0.415,0.567,0.723,-0.886,-0.757,-0.973,EssenceCatalog/problems/csplib-prob010-SocialGolfers/params/f3628bbe60f60b1a0194b1e24a5ecb58.param
0.964,-0.99,-0.889,-0.925,0.896,0.895,0.954,0.983,-0.897,0.747,0.984,0.879,0.427,0.98,0.934,0.984,0.726,-0.989,0.936,0.921,-0.663,-0.857,0.946,-0.963,0.824,-0.975,0.891,0.958,0.972,-0.981,-0.975,0.816,-0.642,0.907,-0.967,-0.982,-0.955,-0.96,0.913,0.974,0.939,0.795,0.659,-0.951,-0.82,0.983,-0.875,-0.992,0.99,-0.488,-0.976,-0.904,-0.919,0.785,-0.983,-0.767,-0.632,0.987,-0.987,0.981,-0.855,-0.709,0.977,0.929,-0.964,0.961,0.189,-0.924,0.962,-0.913,-0.815,-0.771,-0.984,0.76,-0.965,EssenceCatalog/problems/csplib-prob010-SocialGolfers/params/69d79cd5144deb4221e93034f6adc5d9.param
0.963,-0.986,-0.876,-0.896,0.867,0.883,0.948,0.977,-0.9,0.799,0.981,0.887,0.424,0.977,0.927,0.977,0.731,-0.987,0.916,0.906,-0.702,-0.871,0.929,-0.96,0.867,-0.965,0.892,0.952,0.961,-0.975,-0.973,0.853,-0.731,0.917,-0.961,-0.981,-0.95,-0.962,0.92,0.965,0.926,0.838,0.639,-0.943,-0.735,0.982,-0.823,-0.99,0.988,-0.422,-0.965,-0.899,-0.896,0.817,-0.976,-0.801,-0.714,0.98,-0.985,0.977,-0.849,-0.778,0.968,0.933,-0.955,0.942,0.231,-0.91,0.948,-0.919,-0.836,-0.813,-0.985,0.768,-0.956,EssenceCatalog/problems/csplib-prob010-SocialGolfers/params/c13f32d59420305e5828e8111c471bb3.param
0.964,-0.987,-0.879,-0.897,0.871,0.886,0.949,0.978,-0.901,0.796,0.981,0.889,0.419,0.977,0.928,0.977,0.73,-0.988,0.919,0.908,-0.7,-0.872,0.931,-0.961,0.866,-0.966,0.892,0.954,0.962,-0.976,-0.974,0.852,-0.728,0.917,-0.962,-0.981,-0.951,-0.962,0.921,0.967,0.928,0.836,0.644,-0.944,-0.741,0.983,-0.827,-0.991,0.988,-0.43,-0.965,-0.901,-0.898,0.816,-0.977,-0.801,-0.714,0.981,-0.985,0.978,-0.851,-0.777,0.969,0.933,-0.957,0.944,0.228,-0.911,0.949,-0.92,-0.834,-0.811,-0.985,0.767,-0.958,EssenceCatalog/problems/csplib-prob010-SocialGolfers/params/85c3dd46a9ddc5434f003e95dc7543be.param
0.931,-0.985,-0.935,-0.889,0.905,0.875,0.801,0.985,-0.387,-0.258,0.962,0.585,-0.202,0.922,0.939,0.969,-0.33,-0.965,0.935,0.844,0.051,-0.476,0.91,-0.909,-0.481,-0.964,0.479,0.964,0.925,-0.969,-0.889,-0.072,0.556,0.621,-0.944,-0.919,-0.902,-0.583,0.614,0.977,0.882,-0.11,0.747,-0.86,-0.868,0.934,-0.962,-0.984,0.973,-0.874,-0.978,-0.899,-0.936,-0.103,-0.965,0.208,0.434,0.977,-0.981,0.928,-0.643,0.515,0.955,0.619,-0.9,0.965,-0.35,-0.91,0.945,-0.631,0.153,0.354,-0.949,-0.43,-0.972,EssenceCatalog/problems/csplib-prob010-SocialGolfers/params/207db0c4effa62e955b957f5ca7da1e1.param
0.967,-0.989,-0.891,-0.909,0.886,0.895,0.952,0.982,-0.901,0.776,0.983,0.891,0.41,0.979,0.933,0.981,0.723,-0.989,0.931,0.916,-0.686,-0.874,0.939,-0.964,0.854,-0.971,0.894,0.958,0.967,-0.98,-0.975,0.842,-0.7,0.913,-0.967,-0.982,-0.955,-0.963,0.921,0.971,0.935,0.821,0.663,-0.948,-0.775,0.984,-0.847,-0.992,0.99,-0.465,-0.97,-0.906,-0.911,0.805,-0.98,-0.793,-0.698,0.984,-0.987,0.98,-0.858,-0.759,0.973,0.934,-0.961,0.953,0.212,-0.918,0.956,-0.924,-0.824,-0.798,-0.986,0.764,-0.964,EssenceCatalog/problems/csplib-prob010-SocialGolfers/params/5547042f1c9a1728ddff0060e154bda8.param
0.966,-0.988,-0.885,-0.902,0.877,0.89,0.95,0.98,-0.901,0.788,0.982,0.89,0.413,0.978,0.93,0.979,0.727,-0.988,0.924,0.912,-0.695,-0.874,0.935,-0.963,0.862,-0.968,0.893,0.956,0.964,-0.978,-0.974,0.849,-0.718,0.915,-0.964,-0.982,-0.952,-0.963,0.921,0.969,0.931,0.83,0.653,-0.945,-0.754,0.983,-0.834,-0.991,0.989,-0.444,-0.967,-0.903,-0.904,0.812,-0.978,-0.798,-0.71,0.982,-0.986,0.979,-0.854,-0.771,0.971,0.934,-0.959,0.948,0.22,-0.914,0.952,-0.923,-0.83,-0.806,-0.986,0.766,-0.961,EssenceCatalog/problems/csplib-prob010-SocialGolfers/params/8469473d977ba92ddeb47ae613ba4c9a.param
0.893,-0.937,-0.931,-0.874,0.886,0.802,0.26,0.976,0.234,-0.914,0.855,-0.089,-0.672,0.538,0.873,0.895,-0.824,-0.841,0.94,0.65,0.792,-0.091,0.809,-0.853,-0.881,-0.925,-0.053,0.939,0.803,-0.952,-0.642,-0.789,0.892,0.002,-0.865,-0.734,-0.764,0.593,0.215,0.961,0.754,-0.846,0.607,-0.582,-0.882,0.805,-0.974,-0.946,0.843,-0.922,-0.956,-0.742,-0.939,-0.579,-0.921,0.753,0.808,0.954,-0.938,0.68,-0.31,0.881,0.859,-0.431,-0.777,0.977,-0.719,-0.866,0.903,-0.074,0.831,0.831,-0.712,-0.866,-0.96,EssenceCatalog/problems/csplib-prob010-SocialGolfers/params/87c2ad911b9b720e07ae53ae0a032981.param
0.964,-0.99,-0.889,-0.926,0.896,0.895,0.954,0.984,-0.895,0.741,0.984,0.878,0.424,0.98,0.934,0.984,0.721,-0.989,0.936,0.921,-0.659,-0.855,0.947,-0.963,0.818,-0.975,0.889,0.959,0.972,-0.981,-0.975,0.812,-0.633,0.906,-0.967,-0.981,-0.955,-0.959,0.912,0.975,0.939,0.79,0.66,-0.951,-0.823,0.983,-0.878,-0.992,0.99,-0.493,-0.976,-0.904,-0.92,0.781,-0.983,-0.762,-0.623,0.987,-0.987,0.981,-0.854,-0.702,0.977,0.928,-0.964,0.961,0.184,-0.924,0.962,-0.911,-0.811,-0.765,-0.984,0.755,-0.965,EssenceCatalog/problems/csplib-prob010-SocialGolfers/params/53d41353ae8bd75839a1db335448333a.param
0.964,-0.99,-0.89,-0.926,0.897,0.895,0.953,0.984,-0.892,0.732,0.983,0.875,0.418,0.98,0.934,0.984,0.715,-0.989,0.937,0.92,-0.652,-0.852,0.947,-0.962,0.809,-0.975,0.887,0.959,0.972,-0.981,-0.974,0.805,-0.619,0.904,-0.967,-0.981,-0.955,-0.958,0.91,0.975,0.938,0.782,0.661,-0.951,-0.827,0.983,-0.881,-0.992,0.99,-0.502,-0.977,-0.904,-0.921,0.773,-0.983,-0.754,-0.608,0.987,-0.987,0.98,-0.852,-0.689,0.977,0.926,-0.964,0.962,0.175,-0.924,0.962,-0.909,-0.806,-0.756,-0.983,0.748,-0.966,EssenceCatalog/problems/csplib-prob010-SocialGolfers/params/65d6f3b917798882af095836f3cced05.param
0.904,-0.944,-0.935,-0.881,0.893,0.818,0.289,0.978,0.217,-0.905,0.872,-0.064,-0.653,0.58,0.887,0.905,-0.824,-0.863,0.939,0.67,0.777,-0.126,0.823,-0.863,-0.88,-0.932,-0.036,0.943,0.816,-0.955,-0.664,-0.782,0.884,0.047,-0.874,-0.754,-0.779,0.544,0.231,0.965,0.761,-0.829,0.625,-0.606,-0.889,0.823,-0.976,-0.952,0.866,-0.927,-0.96,-0.759,-0.941,-0.574,-0.924,0.747,0.807,0.957,-0.945,0.722,-0.347,0.88,0.864,-0.406,-0.793,0.979,-0.716,-0.877,0.906,-0.112,0.819,0.831,-0.739,-0.868,-0.963,EssenceCatalog/problems/csplib-prob010-SocialGolfers/params/ffe06b8a9587b8eee0412c1dedc3a315.param
0.965,-0.987,-0.881,-0.899,0.873,0.887,0.949,0.979,-0.901,0.793,0.982,0.889,0.419,0.977,0.929,0.978,0.729,-0.988,0.921,0.909,-0.698,-0.873,0.932,-0.962,0.865,-0.967,0.893,0.954,0.963,-0.977,-0.974,0.851,-0.725,0.916,-0.963,-0.981,-0.952,-0.962,0.921,0.967,0.929,0.834,0.648,-0.945,-0.746,0.983,-0.83,-0.991,0.989,-0.435,-0.966,-0.901,-0.9,0.815,-0.978,-0.8,-0.713,0.982,-0.986,0.978,-0.852,-0.775,0.97,0.933,-0.957,0.945,0.226,-0.912,0.95,-0.921,-0.833,-0.809,-0.985,0.767,-0.959,EssenceCatalog/problems/csplib-prob010-SocialGolfers/params/1287c48b5501f433505d09c01efdc31b.param
0.965,-0.987,-0.881,-0.899,0.873,0.887,0.949,0.979,-0.901,0.794,0.982,0.889,0.419,0.977,0.929,0.978,0.729,-0.988,0.921,0.909,-0.698,-0.873,0.932,-0.962,0.864,-0.967,0.892,0.954,0.963,-0.977,-0.974,0.851,-0.725,0.916,-0.963,-0.981,-0.952,-0.962,0.921,0.967,0.929,0.834,0.648,-0.945,-0.745,0.983,-0.83,-0.991,0.989,-0.435,-0.966,-0.902,-0.9,0.815,-0.978,-0.8,-0.713,0.982,-0.986,0.978,-0.852,-0.775,0.97,0.934,-0.957,0.945,0.226,-0.912,0.95,-0.921,-0.833,-0.809,-0.985,0.767,-0.959,EssenceCatalog/problems/csplib-prob010-SocialGolfers/params/9487c32692e74a20f9545d1c18050d86.param
0.966,-0.988,-0.884,-0.901,0.876,0.889,0.95,0.98,-0.901,0.79,0.982,0.89,0.415,0.978,0.93,0.979,0.727,-0.988,0.924,0.911,-0.696,-0.874,0.934,-0.963,0.863,-0.968,0.893,0.955,0.964,-0.978,-0.974,0.85,-0.721,0.916,-0.964,-0.982,-0.953,-0.963,0.922,0.968,0.931,0.832,0.652,-0.945,-0.751,0.983,-0.833,-0.991,0.989,-0.443,-0.967,-0.903,-0.903,0.813,-0.978,-0.8,-0.712,0.982,-0.986,0.979,-0.854,-0.773,0.97,0.934,-0.958,0.947,0.223,-0.914,0.951,-0.923,-0.831,-0.808,-0.986,0.766,-0.96,EssenceCatalog/problems/csplib-prob010-SocialGolfers/params/45c77a9b0cbaae12d726b45e1a19790a.param
0.885,-0.932,-0.93,-0.87,0.882,0.79,0.249,0.974,0.236,-0.918,0.843,-0.096,-0.675,0.515,0.86,0.889,-0.824,-0.83,0.938,0.635,0.801,-0.081,0.799,-0.843,-0.878,-0.921,-0.057,0.935,0.791,-0.95,-0.638,-0.79,0.897,-0.028,-0.856,-0.72,-0.757,0.612,0.213,0.958,0.746,-0.854,0.596,-0.568,-0.877,0.798,-0.972,-0.941,0.827,-0.915,-0.954,-0.732,-0.936,-0.576,-0.917,0.754,0.807,0.95,-0.932,0.646,-0.287,0.882,0.855,-0.433,-0.769,0.975,-0.717,-0.858,0.899,-0.06,0.832,0.826,-0.697,-0.863,-0.957,EssenceCatalog/problems/csplib-prob010-SocialGolfers/params/3da45efec169d665d6d308496af0c2c5.param
0.893,-0.937,-0.93,-0.874,0.885,0.8,0.261,0.975,0.23,-0.913,0.855,-0.092,-0.669,0.537,0.872,0.893,-0.825,-0.84,0.94,0.649,0.792,-0.091,0.809,-0.851,-0.88,-0.924,-0.056,0.939,0.801,-0.952,-0.642,-0.786,0.891,0.001,-0.864,-0.735,-0.765,0.594,0.216,0.961,0.751,-0.845,0.607,-0.583,-0.881,0.804,-0.974,-0.946,0.842,-0.922,-0.956,-0.742,-0.939,-0.575,-0.92,0.752,0.807,0.954,-0.937,0.677,-0.309,0.881,0.858,-0.431,-0.775,0.977,-0.72,-0.865,0.903,-0.078,0.829,0.831,-0.712,-0.866,-0.96,EssenceCatalog/problems/csplib-prob010-SocialGolfers/params/1609eb27705efa3c3661dc00958f43cb.param
0.966,-0.989,-0.891,-0.914,0.889,0.895,0.953,0.983,-0.9,0.767,0.983,0.888,0.414,0.979,0.934,0.982,0.724,-0.989,0.933,0.918,-0.679,-0.869,0.942,-0.964,0.846,-0.972,0.893,0.958,0.968,-0.98,-0.975,0.835,-0.683,0.911,-0.967,-0.982,-0.955,-0.962,0.919,0.972,0.936,0.813,0.663,-0.949,-0.789,0.984,-0.856,-0.992,0.99,-0.473,-0.972,-0.906,-0.914,0.799,-0.981,-0.785,-0.68,0.985,-0.987,0.98,-0.858,-0.745,0.974,0.933,-0.962,0.956,0.204,-0.92,0.958,-0.921,-0.821,-0.79,-0.985,0.763,-0.965,EssenceCatalog/problems/csplib-prob010-SocialGolfers/params/b8e64ce5afef90f865d2c785d8d4a958.param
0.932,-0.985,-0.934,-0.888,0.904,0.876,0.802,0.985,-0.397,-0.237,0.962,0.597,-0.188,0.924,0.94,0.97,-0.317,-0.966,0.934,0.847,0.027,-0.488,0.913,-0.911,-0.466,-0.964,0.494,0.964,0.927,-0.97,-0.891,-0.059,0.54,0.629,-0.944,-0.92,-0.903,-0.603,0.626,0.978,0.883,-0.088,0.752,-0.861,-0.866,0.935,-0.96,-0.985,0.973,-0.87,-0.978,-0.899,-0.935,-0.08,-0.965,0.178,0.426,0.977,-0.981,0.929,-0.638,0.494,0.955,0.626,-0.901,0.964,-0.342,-0.91,0.944,-0.645,0.143,0.342,-0.95,-0.413,-0.973,EssenceCatalog/problems/csplib-prob010-SocialGolfers/params/04e760bf7af3d45710e3b7d7d8207884.param
0.965,-0.987,-0.881,-0.898,0.872,0.887,0.949,0.979,-0.901,0.794,0.981,0.889,0.419,0.977,0.929,0.978,0.729,-0.988,0.921,0.909,-0.699,-0.873,0.932,-0.962,0.865,-0.967,0.893,0.954,0.963,-0.977,-0.974,0.852,-0.726,0.917,-0.963,-0.981,-0.951,-0.962,0.921,0.967,0.929,0.835,0.647,-0.944,-0.743,0.983,-0.828,-0.991,0.988,-0.433,-0.966,-0.901,-0.9,0.815,-0.977,-0.801,-0.714,0.981,-0.986,0.978,-0.852,-0.776,0.969,0.933,-0.957,0.945,0.227,-0.912,0.95,-0.921,-0.834,-0.81,-0.985,0.767,-0.959,EssenceCatalog/problems/csplib-prob010-SocialGolfers/params/ac50300fb3f75f1cba745f1002527951.param
0.896,-0.938,-0.933,-0.877,0.888,0.806,0.263,0.976,0.234,-0.914,0.858,-0.08,-0.67,0.545,0.876,0.898,-0.824,-0.847,0.94,0.653,0.79,-0.1,0.812,-0.857,-0.881,-0.926,-0.044,0.94,0.806,-0.954,-0.647,-0.791,0.892,0.014,-0.867,-0.736,-0.764,0.586,0.219,0.962,0.757,-0.843,0.606,-0.586,-0.884,0.81,-0.975,-0.947,0.847,-0.924,-0.957,-0.746,-0.94,-0.582,-0.921,0.753,0.809,0.954,-0.94,0.692,-0.316,0.881,0.861,-0.427,-0.782,0.978,-0.717,-0.87,0.903,-0.075,0.829,0.831,-0.715,-0.867,-0.961,EssenceCatalog/problems/csplib-prob010-SocialGolfers/params/d9d8599908760ef143f6f2e37968cb56.param
0.927,-0.977,-0.948,-0.883,0.921,0.884,0.597,0.983,-0.142,-0.681,0.939,0.324,-0.44,0.842,0.933,0.957,-0.663,-0.951,0.929,0.781,0.517,-0.369,0.885,-0.894,-0.757,-0.957,0.22,0.961,0.898,-0.961,-0.831,-0.492,0.787,0.358,-0.929,-0.872,-0.884,-0.076,0.45,0.974,0.839,-0.54,0.765,-0.78,-0.887,0.893,-0.97,-0.975,0.955,-0.915,-0.975,-0.857,-0.936,-0.421,-0.945,0.541,0.694,0.975,-0.972,0.862,-0.539,0.791,0.93,0.207,-0.884,0.978,-0.571,-0.898,0.936,-0.437,0.537,0.705,-0.891,-0.741,-0.974,EssenceCatalog/problems/csplib-prob010-SocialGolfers/params/6ce8b20052fbff3cb8ff7d23bac75459.param
0.949,-0.981,-0.84,-0.865,0.838,0.854,0.936,0.966,-0.888,0.798,0.972,0.876,0.418,0.969,0.905,0.968,0.734,-0.98,0.885,0.886,-0.713,-0.848,0.911,-0.95,0.873,-0.948,0.875,0.937,0.949,-0.966,-0.965,0.844,-0.733,0.91,-0.946,-0.974,-0.93,-0.956,0.907,0.953,0.91,0.837,0.599,-0.928,-0.685,0.976,-0.777,-0.986,0.982,-0.341,-0.949,-0.876,-0.857,0.811,-0.965,-0.795,-0.706,0.971,-0.978,0.968,-0.828,-0.771,0.956,0.921,-0.94,0.921,0.213,-0.888,0.93,-0.903,-0.824,-0.811,-0.979,0.766,-0.942,EssenceCatalog/problems/csplib-prob010-SocialGolfers/params/ord12-7-7-3.param
0.868,-0.92,-0.926,-0.859,0.874,0.764,0.231,0.97,0.247,-0.923,0.815,-0.104,-0.686,0.465,0.828,0.875,-0.817,-0.807,0.935,0.606,0.812,-0.073,0.779,-0.821,-0.871,-0.91,-0.068,0.926,0.767,-0.946,-0.623,-0.789,0.903,-0.095,-0.835,-0.687,-0.742,0.642,0.209,0.95,0.728,-0.867,0.575,-0.536,-0.863,0.778,-0.964,-0.929,0.791,-0.9,-0.946,-0.707,-0.928,-0.572,-0.909,0.753,0.8,0.941,-0.919,0.579,-0.239,0.88,0.844,-0.432,-0.749,0.969,-0.706,-0.84,0.889,-0.035,0.833,0.819,-0.668,-0.853,-0.948,EssenceCatalog/problems/csplib-prob010-SocialGolfers/params/115f95cc3f5234b7cd27d7d45eb5551e.param
0.886,-0.933,-0.931,-0.873,0.884,0.794,0.25,0.975,0.238,-0.919,0.846,-0.089,-0.678,0.518,0.864,0.891,-0.824,-0.835,0.939,0.64,0.799,-0.088,0.801,-0.849,-0.88,-0.922,-0.056,0.936,0.796,-0.952,-0.641,-0.794,0.897,-0.016,-0.858,-0.723,-0.756,0.607,0.216,0.959,0.751,-0.853,0.593,-0.572,-0.879,0.8,-0.973,-0.942,0.831,-0.917,-0.955,-0.736,-0.937,-0.583,-0.918,0.756,0.81,0.952,-0.935,0.664,-0.292,0.882,0.858,-0.434,-0.774,0.976,-0.715,-0.862,0.899,-0.054,0.832,0.829,-0.698,-0.865,-0.957,EssenceCatalog/problems/csplib-prob010-SocialGolfers/params/df73061ecc9e43368373f768e6f2e993.param
0.965,-0.988,-0.884,-0.901,0.877,0.889,0.95,0.98,-0.901,0.788,0.982,0.89,0.414,0.978,0.93,0.979,0.727,-0.988,0.924,0.911,-0.695,-0.873,0.934,-0.963,0.863,-0.968,0.893,0.955,0.964,-0.978,-0.974,0.849,-0.719,0.915,-0.964,-0.981,-0.952,-0.962,0.921,0.968,0.931,0.831,0.652,-0.945,-0.753,0.983,-0.834,-0.991,0.989,-0.442,-0.967,-0.903,-0.903,0.812,-0.978,-0.798,-0.71,0.982,-0.986,0.979,-0.854,-0.771,0.97,0.934,-0.958,0.948,0.221,-0.914,0.952,-0.922,-0.83,-0.806,-0.985,0.766,-0.961,EssenceCatalog/problems/csplib-prob010-SocialGolfers/params/eabb88a1ee308fe1576f7590be0c8bbd.param
0.963,-0.987,-0.877,-0.896,0.868,0.884,0.948,0.978,-0.9,0.798,0.981,0.888,0.423,0.977,0.927,0.977,0.731,-0.987,0.917,0.907,-0.702,-0.871,0.93,-0.961,0.867,-0.965,0.892,0.953,0.961,-0.976,-0.973,0.853,-0.73,0.917,-0.962,-0.981,-0.95,-0.962,0.92,0.966,0.927,0.837,0.64,-0.943,-0.736,0.982,-0.824,-0.99,0.988,-0.423,-0.965,-0.899,-0.896,0.817,-0.976,-0.801,-0.714,0.981,-0.985,0.977,-0.849,-0.778,0.968,0.933,-0.956,0.942,0.23,-0.91,0.948,-0.919,-0.836,-0.813,-0.985,0.768,-0.957,EssenceCatalog/problems/csplib-prob010-SocialGolfers/params/4b87b2fe0f92cdf75f17ae3d4fee25f9.param
0.928,-0.979,-0.947,-0.884,0.919,0.885,0.644,0.984,-0.196,-0.599,0.943,0.384,-0.395,0.867,0.936,0.961,-0.603,-0.955,0.931,0.797,0.436,-0.395,0.892,-0.896,-0.715,-0.959,0.275,0.961,0.908,-0.962,-0.846,-0.406,0.756,0.421,-0.934,-0.883,-0.89,-0.198,0.497,0.974,0.85,-0.466,0.765,-0.8,-0.883,0.902,-0.969,-0.977,0.961,-0.911,-0.977,-0.869,-0.936,-0.369,-0.951,0.48,0.653,0.976,-0.975,0.877,-0.557,0.752,0.938,0.317,-0.889,0.977,-0.522,-0.899,0.94,-0.484,0.461,0.657,-0.908,-0.695,-0.974,EssenceCatalog/problems/csplib-prob010-SocialGolfers/params/284b921cf01904af3cb2fd68831cee90.param
0.932,-0.982,-0.944,-0.884,0.913,0.881,0.716,0.985,-0.267,-0.463,0.951,0.466,-0.309,0.893,0.939,0.966,-0.504,-0.961,0.933,0.82,0.287,-0.423,0.903,-0.901,-0.641,-0.961,0.367,0.962,0.915,-0.966,-0.863,-0.28,0.698,0.508,-0.941,-0.9,-0.895,-0.379,0.55,0.976,0.872,-0.337,0.763,-0.826,-0.876,0.915,-0.966,-0.981,0.967,-0.9,-0.978,-0.886,-0.936,-0.273,-0.958,0.386,0.587,0.977,-0.977,0.901,-0.59,0.68,0.948,0.449,-0.892,0.973,-0.452,-0.904,0.943,-0.557,0.351,0.565,-0.929,-0.61,-0.974,EssenceCatalog/problems/csplib-prob010-SocialGolfers/params/f37d01d5111df3f259d8d72ee0ae78f0.param
0.964,-0.99,-0.889,-0.927,0.897,0.895,0.954,0.984,-0.896,0.741,0.984,0.877,0.427,0.98,0.934,0.984,0.724,-0.989,0.936,0.921,-0.659,-0.855,0.947,-0.963,0.818,-0.975,0.89,0.959,0.972,-0.982,-0.975,0.812,-0.632,0.906,-0.967,-0.982,-0.955,-0.96,0.912,0.975,0.939,0.79,0.659,-0.951,-0.825,0.983,-0.879,-0.993,0.99,-0.492,-0.977,-0.904,-0.92,0.781,-0.983,-0.762,-0.621,0.987,-0.987,0.981,-0.854,-0.701,0.977,0.928,-0.964,0.962,0.185,-0.924,0.962,-0.911,-0.812,-0.766,-0.984,0.758,-0.965,EssenceCatalog/problems/csplib-prob010-SocialGolfers/params/cd271eeadb4e899e184b9b86303297f7.param
0.933,-0.983,-0.942,-0.884,0.91,0.878,0.741,0.985,-0.301,-0.401,0.954,0.502,-0.274,0.902,0.94,0.967,-0.458,-0.963,0.934,0.827,0.219,-0.438,0.907,-0.903,-0.602,-0.961,0.404,0.963,0.918,-0.967,-0.869,-0.223,0.666,0.544,-0.942,-0.907,-0.897,-0.448,0.571,0.977,0.878,-0.276,0.76,-0.835,-0.872,0.92,-0.964,-0.982,0.969,-0.894,-0.978,-0.891,-0.936,-0.227,-0.96,0.34,0.552,0.977,-0.979,0.911,-0.6,0.642,0.951,0.496,-0.893,0.971,-0.422,-0.907,0.944,-0.584,0.302,0.519,-0.936,-0.569,-0.974,EssenceCatalog/problems/csplib-prob010-SocialGolfers/params/76eed38808475cdcb00b3704e431ea7a.param
0.906,-0.947,-0.934,-0.881,0.896,0.823,0.3,0.978,0.203,-0.9,0.878,-0.058,-0.646,0.592,0.89,0.907,-0.824,-0.868,0.939,0.678,0.77,-0.128,0.826,-0.863,-0.879,-0.934,-0.036,0.944,0.818,-0.955,-0.67,-0.774,0.88,0.052,-0.876,-0.761,-0.789,0.523,0.231,0.965,0.759,-0.82,0.637,-0.614,-0.891,0.826,-0.976,-0.953,0.874,-0.929,-0.96,-0.764,-0.941,-0.568,-0.924,0.743,0.805,0.958,-0.946,0.729,-0.365,0.879,0.864,-0.399,-0.795,0.979,-0.718,-0.877,0.906,-0.131,0.815,0.831,-0.747,-0.866,-0.964,EssenceCatalog/problems/csplib-prob010-SocialGolfers/params/49b5cca66a213ae6dcfe695a2ff2f02c.param
0.965,-0.987,-0.881,-0.899,0.873,0.887,0.949,0.979,-0.901,0.794,0.982,0.889,0.419,0.977,0.929,0.978,0.729,-0.988,0.921,0.909,-0.698,-0.873,0.932,-0.962,0.865,-0.967,0.893,0.954,0.963,-0.977,-0.974,0.851,-0.725,0.916,-0.963,-0.981,-0.952,-0.962,0.921,0.967,0.929,0.834,0.647,-0.944,-0.745,0.983,-0.829,-0.991,0.989,-0.435,-0.966,-0.901,-0.9,0.815,-0.978,-0.8,-0.713,0.981,-0.986,0.978,-0.852,-0.775,0.97,0.933,-0.957,0.945,0.226,-0.912,0.95,-0.921,-0.833,-0.81,-0.985,0.767,-0.959,EssenceCatalog/problems/csplib-prob010-SocialGolfers/params/02cc660730808145e7245df4c8f0a6c7.param
0.946,-0.988,-0.912,-0.909,0.903,0.879,0.911,0.985,-0.733,0.355,0.976,0.798,0.121,0.966,0.932,0.977,0.306,-0.978,0.938,0.89,-0.414,-0.736,0.936,-0.94,0.381,-0.972,0.747,0.965,0.957,-0.976,-0.952,0.549,-0.111,0.828,-0.955,-0.958,-0.932,-0.88,0.814,0.974,0.907,0.486,0.713,-0.922,-0.842,0.968,-0.919,-0.99,0.984,-0.714,-0.978,-0.91,-0.924,0.47,-0.975,-0.411,-0.205,0.982,-0.986,0.962,-0.768,-0.214,0.967,0.853,-0.94,0.958,-0.091,-0.914,0.951,-0.834,-0.52,-0.342,-0.975,0.284,-0.969,EssenceCatalog/problems/csplib-prob010-SocialGolfers/params/5b32978e32cb9180be1cfa643b40a8b1.param
0.882,-0.93,-0.93,-0.869,0.881,0.785,0.243,0.974,0.243,-0.92,0.837,-0.097,-0.68,0.504,0.855,0.887,-0.823,-0.826,0.938,0.631,0.804,-0.081,0.794,-0.84,-0.878,-0.918,-0.064,0.933,0.788,-0.949,-0.636,-0.795,0.899,-0.039,-0.853,-0.716,-0.754,0.619,0.212,0.957,0.745,-0.859,0.593,-0.559,-0.874,0.793,-0.971,-0.939,0.821,-0.913,-0.953,-0.729,-0.935,-0.579,-0.915,0.755,0.807,0.95,-0.93,0.637,-0.275,0.881,0.855,-0.434,-0.767,0.974,-0.712,-0.857,0.898,-0.053,0.834,0.827,-0.69,-0.861,-0.956,EssenceCatalog/problems/csplib-prob010-SocialGolfers/params/527eeddcb0b0c527baa6eaa3fe88a11b.param
0.967,-0.989,-0.89,-0.907,0.884,0.894,0.952,0.982,-0.901,0.779,0.983,0.891,0.41,0.979,0.933,0.98,0.724,-0.989,0.93,0.915,-0.688,-0.874,0.938,-0.964,0.857,-0.971,0.894,0.958,0.966,-0.979,-0.975,0.844,-0.705,0.913,-0.966,-0.982,-0.954,-0.963,0.922,0.971,0.934,0.824,0.662,-0.947,-0.769,0.984,-0.844,-0.992,0.99,-0.461,-0.97,-0.906,-0.909,0.807,-0.98,-0.795,-0.702,0.984,-0.987,0.98,-0.858,-0.763,0.973,0.934,-0.961,0.952,0.214,-0.917,0.955,-0.924,-0.825,-0.8,-0.986,0.764,-0.963,EssenceCatalog/problems/csplib-prob010-SocialGolfers/params/6c04f7de224209a7f3969d49ee0266c0.param
0.898,-0.94,-0.932,-0.877,0.888,0.807,0.273,0.976,0.226,-0.911,0.863,-0.081,-0.663,0.557,0.879,0.899,-0.825,-0.85,0.94,0.659,0.786,-0.099,0.815,-0.856,-0.88,-0.928,-0.044,0.941,0.808,-0.953,-0.65,-0.784,0.888,0.022,-0.869,-0.743,-0.771,0.576,0.218,0.963,0.755,-0.839,0.613,-0.592,-0.886,0.812,-0.975,-0.949,0.853,-0.925,-0.958,-0.749,-0.94,-0.575,-0.922,0.751,0.808,0.955,-0.941,0.698,-0.325,0.881,0.861,-0.424,-0.782,0.978,-0.719,-0.871,0.904,-0.091,0.827,0.83,-0.723,-0.867,-0.962,EssenceCatalog/problems/csplib-prob010-SocialGolfers/params/f818ea70b2c67708796ef5d95e35fda8.param
0.929,-0.979,-0.947,-0.884,0.919,0.885,0.644,0.984,-0.194,-0.6,0.943,0.382,-0.393,0.867,0.935,0.961,-0.603,-0.956,0.931,0.798,0.438,-0.394,0.892,-0.896,-0.717,-0.959,0.274,0.961,0.907,-0.963,-0.846,-0.407,0.757,0.419,-0.935,-0.883,-0.889,-0.196,0.495,0.974,0.851,-0.467,0.765,-0.799,-0.882,0.901,-0.969,-0.977,0.961,-0.91,-0.977,-0.869,-0.936,-0.369,-0.951,0.484,0.654,0.976,-0.975,0.877,-0.559,0.752,0.938,0.316,-0.888,0.977,-0.521,-0.899,0.94,-0.485,0.461,0.658,-0.907,-0.696,-0.974,EssenceCatalog/problems/csplib-prob010-SocialGolfers/params/08871f5ff5f58d3fcf42a99938acec28.param
0.966,-0.988,-0.885,-0.902,0.877,0.89,0.95,0.98,-0.901,0.788,0.982,0.89,0.413,0.978,0.93,0.979,0.727,-0.988,0.924,0.911,-0.695,-0.874,0.934,-0.963,0.863,-0.968,0.893,0.956,0.964,-0.978,-0.974,0.849,-0.719,0.915,-0.964,-0.982,-0.952,-0.963,0.922,0.969,0.931,0.831,0.653,-0.945,-0.753,0.983,-0.834,-0.991,0.989,-0.444,-0.967,-0.903,-0.903,0.812,-0.978,-0.799,-0.711,0.982,-0.986,0.979,-0.854,-0.772,0.971,0.934,-0.959,0.948,0.221,-0.914,0.952,-0.923,-0.83,-0.806,-0.986,0.766,-0.961,EssenceCatalog/problems/csplib-prob010-SocialGolfers/params/1f34c09b635f1f13178c9180f6ff6179.param
0.906,-0.948,-0.934,-0.881,0.896,0.824,0.302,0.977,0.198,-0.899,0.88,-0.055,-0.644,0.596,0.891,0.908,-0.824,-0.87,0.939,0.681,0.767,-0.132,0.827,-0.863,-0.878,-0.935,-0.036,0.944,0.819,-0.955,-0.673,-0.772,0.879,0.055,-0.876,-0.763,-0.791,0.514,0.233,0.965,0.759,-0.817,0.64,-0.616,-0.891,0.827,-0.976,-0.954,0.876,-0.929,-0.96,-0.765,-0.94,-0.567,-0.923,0.742,0.804,0.958,-0.947,0.732,-0.37,0.878,0.864,-0.396,-0.796,0.979,-0.719,-0.877,0.907,-0.137,0.813,0.831,-0.75,-0.865,-0.964,EssenceCatalog/problems/csplib-prob010-SocialGolfers/params/26e8a1c27ad0517a6fb580c59f283187.param
0.966,-0.988,-0.884,-0.901,0.876,0.889,0.95,0.98,-0.901,0.79,0.982,0.89,0.415,0.978,0.93,0.979,0.727,-0.988,0.924,0.911,-0.696,-0.874,0.934,-0.963,0.864,-0.968,0.893,0.955,0.964,-0.978,-0.974,0.85,-0.721,0.916,-0.964,-0.982,-0.953,-0.963,0.922,0.968,0.93,0.832,0.652,-0.945,-0.751,0.983,-0.833,-0.991,0.989,-0.443,-0.967,-0.903,-0.903,0.813,-0.978,-0.8,-0.713,0.982,-0.986,0.979,-0.854,-0.774,0.97,0.934,-0.958,0.947,0.224,-0.914,0.951,-0.923,-0.832,-0.808,-0.986,0.766,-0.96,EssenceCatalog/problems/csplib-prob010-SocialGolfers/params/120689ab007c949477db070ed692b46c.param
0.965,-0.987,-0.882,-0.9,0.874,0.888,0.95,0.979,-0.901,0.792,0.982,0.889,0.418,0.978,0.929,0.978,0.728,-0.988,0.922,0.91,-0.697,-0.873,0.933,-0.962,0.864,-0.967,0.893,0.955,0.963,-0.977,-0.974,0.85,-0.723,0.916,-0.964,-0.981,-0.952,-0.962,0.921,0.968,0.93,0.833,0.65,-0.945,-0.748,0.983,-0.831,-0.991,0.989,-0.438,-0.967,-0.902,-0.901,0.814,-0.978,-0.8,-0.712,0.982,-0.986,0.978,-0.853,-0.774,0.97,0.934,-0.958,0.946,0.225,-0.913,0.951,-0.922,-0.833,-0.809,-0.985,0.767,-0.96,EssenceCatalog/problems/csplib-prob010-SocialGolfers/params/6795da061e7b26ec8fce0c08bb5e20a7.param
0.966,-0.988,-0.886,-0.902,0.878,0.89,0.95,0.98,-0.901,0.788,0.982,0.891,0.413,0.978,0.931,0.979,0.726,-0.988,0.925,0.912,-0.694,-0.875,0.935,-0.963,0.862,-0.969,0.893,0.956,0.964,-0.978,-0.975,0.849,-0.718,0.915,-0.965,-0.982,-0.953,-0.963,0.922,0.969,0.931,0.83,0.655,-0.946,-0.754,0.983,-0.835,-0.991,0.989,-0.446,-0.968,-0.904,-0.904,0.812,-0.979,-0.799,-0.712,0.982,-0.986,0.979,-0.855,-0.772,0.971,0.934,-0.959,0.948,0.221,-0.914,0.952,-0.923,-0.83,-0.806,-0.986,0.766,-0.961,EssenceCatalog/problems/csplib-prob010-SocialGolfers/params/f9dd5127760719e8019633d7e246d7e8.param
0.966,-0.989,-0.889,-0.912,0.887,0.894,0.952,0.982,-0.899,0.77,0.983,0.887,0.413,0.979,0.932,0.981,0.724,-0.989,0.931,0.916,-0.681,-0.869,0.94,-0.963,0.848,-0.971,0.892,0.958,0.967,-0.98,-0.975,0.836,-0.688,0.911,-0.966,-0.982,-0.954,-0.962,0.919,0.972,0.935,0.816,0.66,-0.948,-0.783,0.983,-0.852,-0.992,0.99,-0.467,-0.971,-0.905,-0.911,0.8,-0.981,-0.787,-0.684,0.984,-0.987,0.98,-0.856,-0.748,0.973,0.933,-0.961,0.954,0.205,-0.918,0.957,-0.921,-0.821,-0.791,-0.985,0.763,-0.964,EssenceCatalog/problems/csplib-prob010-SocialGolfers/params/f344fa1f8ffb43b04caaea4e767c1b57.param
0.932,-0.982,-0.942,-0.884,0.911,0.879,0.736,0.985,-0.294,-0.414,0.953,0.495,-0.282,0.901,0.94,0.967,-0.47,-0.962,0.934,0.826,0.232,-0.434,0.906,-0.903,-0.612,-0.961,0.398,0.963,0.918,-0.967,-0.868,-0.237,0.673,0.535,-0.942,-0.905,-0.896,-0.436,0.567,0.977,0.877,-0.291,0.762,-0.834,-0.873,0.919,-0.965,-0.982,0.969,-0.895,-0.978,-0.889,-0.936,-0.238,-0.96,0.347,0.562,0.977,-0.978,0.909,-0.598,0.651,0.95,0.487,-0.893,0.972,-0.431,-0.906,0.944,-0.579,0.315,0.529,-0.935,-0.576,-0.974,EssenceCatalog/problems/csplib-prob010-SocialGolfers/params/9b827becd1fda4b723b4ec6c0e6613b0.param
0.928,-0.978,-0.948,-0.883,0.92,0.884,0.617,0.984,-0.163,-0.657,0.941,0.348,-0.423,0.851,0.935,0.958,-0.645,-0.953,0.93,0.787,0.488,-0.383,0.89,-0.896,-0.742,-0.958,0.243,0.961,0.902,-0.962,-0.835,-0.466,0.776,0.385,-0.931,-0.877,-0.888,-0.122,0.465,0.974,0.844,-0.514,0.767,-0.788,-0.885,0.897,-0.97,-0.976,0.958,-0.913,-0.975,-0.862,-0.936,-0.402,-0.947,0.517,0.68,0.975,-0.973,0.869,-0.544,0.778,0.933,0.244,-0.886,0.978,-0.556,-0.898,0.937,-0.455,0.515,0.691,-0.899,-0.725,-0.974,EssenceCatalog/problems/csplib-prob010-SocialGolfers/params/4a15e64ff37aa450dbd34dc5af6eea11.param
0.964,-0.987,-0.88,-0.897,0.871,0.886,0.949,0.978,-0.9,0.793,0.981,0.889,0.416,0.977,0.928,0.978,0.73,-0.987,0.92,0.908,-0.699,-0.872,0.931,-0.961,0.866,-0.966,0.892,0.954,0.962,-0.976,-0.974,0.852,-0.725,0.916,-0.963,-0.981,-0.95,-0.962,0.921,0.967,0.928,0.835,0.645,-0.944,-0.741,0.983,-0.827,-0.991,0.988,-0.43,-0.965,-0.901,-0.898,0.814,-0.977,-0.8,-0.714,0.981,-0.985,0.978,-0.851,-0.776,0.969,0.933,-0.956,0.944,0.225,-0.911,0.949,-0.921,-0.833,-0.81,-0.985,0.767,-0.958,EssenceCatalog/problems/csplib-prob010-SocialGolfers/params/7b47b67e382951d52c3e7fc7476381ce.param
0.967,-0.989,-0.89,-0.909,0.885,0.894,0.952,0.982,-0.901,0.777,0.983,0.891,0.41,0.979,0.933,0.981,0.724,-0.989,0.93,0.916,-0.686,-0.874,0.939,-0.964,0.855,-0.971,0.894,0.958,0.967,-0.98,-0.975,0.843,-0.702,0.913,-0.966,-0.982,-0.955,-0.963,0.921,0.971,0.935,0.822,0.662,-0.948,-0.773,0.984,-0.846,-0.992,0.99,-0.463,-0.97,-0.906,-0.91,0.806,-0.98,-0.794,-0.7,0.984,-0.987,0.98,-0.858,-0.761,0.973,0.934,-0.961,0.953,0.212,-0.918,0.955,-0.924,-0.825,-0.798,-0.986,0.764,-0.964,EssenceCatalog/problems/csplib-prob010-SocialGolfers/params/d70c862996ede1ea63d2864b697e5fde.param
0.964,-0.99,-0.889,-0.926,0.897,0.895,0.954,0.984,-0.896,0.744,0.984,0.878,0.427,0.98,0.934,0.984,0.725,-0.989,0.936,0.921,-0.661,-0.856,0.947,-0.963,0.821,-0.975,0.89,0.959,0.972,-0.982,-0.975,0.814,-0.637,0.906,-0.968,-0.982,-0.955,-0.96,0.913,0.975,0.939,0.792,0.659,-0.951,-0.823,0.983,-0.877,-0.993,0.99,-0.49,-0.976,-0.904,-0.92,0.783,-0.983,-0.764,-0.626,0.987,-0.987,0.981,-0.855,-0.705,0.977,0.929,-0.964,0.961,0.187,-0.924,0.962,-0.912,-0.814,-0.768,-0.984,0.759,-0.965,EssenceCatalog/problems/csplib-prob010-SocialGolfers/params/939856cb1756468c6f4867592d1a5221.param
0.932,-0.983,-0.941,-0.887,0.909,0.876,0.76,0.985,-0.313,-0.372,0.956,0.515,-0.257,0.906,0.939,0.967,-0.428,-0.964,0.935,0.832,0.184,-0.439,0.905,-0.903,-0.58,-0.962,0.417,0.963,0.918,-0.968,-0.875,-0.19,0.648,0.562,-0.944,-0.909,-0.897,-0.476,0.578,0.977,0.882,-0.241,0.753,-0.841,-0.871,0.923,-0.965,-0.983,0.969,-0.891,-0.978,-0.895,-0.936,-0.203,-0.963,0.328,0.525,0.977,-0.979,0.915,-0.616,0.618,0.953,0.528,-0.892,0.97,-0.4,-0.909,0.945,-0.591,0.267,0.484,-0.939,-0.545,-0.973,EssenceCatalog/problems/csplib-prob010-SocialGolfers/params/8212597ee0ffe142966721733fad261d.param
0.932,-0.982,-0.942,-0.884,0.911,0.879,0.741,0.985,-0.298,-0.407,0.953,0.498,-0.279,0.901,0.939,0.967,-0.461,-0.962,0.934,0.826,0.227,-0.434,0.905,-0.902,-0.605,-0.961,0.399,0.963,0.918,-0.967,-0.869,-0.227,0.67,0.539,-0.942,-0.905,-0.897,-0.44,0.567,0.977,0.877,-0.284,0.758,-0.835,-0.873,0.92,-0.965,-0.982,0.969,-0.896,-0.979,-0.891,-0.936,-0.235,-0.96,0.348,0.553,0.977,-0.979,0.91,-0.604,0.648,0.951,0.495,-0.893,0.972,-0.426,-0.907,0.944,-0.578,0.302,0.52,-0.935,-0.571,-0.973,EssenceCatalog/problems/csplib-prob010-SocialGolfers/params/d4a01e9a95401c8c14167414402b27c1.param
0.966,-0.988,-0.885,-0.901,0.877,0.89,0.95,0.98,-0.901,0.788,0.982,0.891,0.411,0.978,0.93,0.979,0.727,-0.988,0.924,0.911,-0.695,-0.874,0.934,-0.963,0.864,-0.968,0.893,0.956,0.964,-0.978,-0.974,0.85,-0.719,0.915,-0.964,-0.981,-0.952,-0.963,0.921,0.968,0.931,0.831,0.653,-0.945,-0.751,0.983,-0.833,-0.991,0.989,-0.443,-0.967,-0.903,-0.903,0.812,-0.978,-0.799,-0.712,0.982,-0.986,0.979,-0.854,-0.773,0.97,0.934,-0.958,0.948,0.22,-0.914,0.951,-0.923,-0.829,-0.807,-0.986,0.765,-0.961,EssenceCatalog/problems/csplib-prob010-SocialGolfers/params/a5507135a6e793d87f3f72d69136a966.param
0.965,-0.988,-0.883,-0.901,0.875,0.889,0.95,0.979,-0.901,0.791,0.982,0.889,0.418,0.978,0.93,0.979,0.727,-0.988,0.923,0.911,-0.696,-0.873,0.934,-0.962,0.863,-0.968,0.893,0.955,0.964,-0.977,-0.974,0.849,-0.72,0.916,-0.964,-0.981,-0.952,-0.962,0.921,0.968,0.93,0.832,0.651,-0.945,-0.751,0.983,-0.833,-0.991,0.989,-0.441,-0.967,-0.902,-0.902,0.813,-0.978,-0.799,-0.71,0.982,-0.986,0.978,-0.853,-0.772,0.97,0.934,-0.958,0.947,0.224,-0.913,0.951,-0.922,-0.832,-0.807,-0.985,0.766,-0.96,EssenceCatalog/problems/csplib-prob010-SocialGolfers/params/ec0a5673c04f635f07ff85f53e0bcf7a.param
0.966,-0.988,-0.884,-0.901,0.877,0.89,0.95,0.98,-0.901,0.789,0.982,0.89,0.414,0.978,0.93,0.979,0.727,-0.988,0.924,0.911,-0.695,-0.874,0.934,-0.963,0.863,-0.968,0.893,0.956,0.964,-0.978,-0.974,0.849,-0.72,0.916,-0.964,-0.982,-0.952,-0.963,0.922,0.968,0.931,0.831,0.653,-0.945,-0.752,0.983,-0.834,-0.991,0.989,-0.443,-0.967,-0.903,-0.903,0.812,-0.978,-0.799,-0.712,0.982,-0.986,0.979,-0.854,-0.773,0.971,0.934,-0.959,0.948,0.222,-0.914,0.952,-0.923,-0.831,-0.807,-0.986,0.766,-0.961,EssenceCatalog/problems/csplib-prob010-SocialGolfers/params/97991e295faf6a5658ee1862536e34fe.param
0.927,-0.975,-0.949,-0.881,0.923,0.88,0.557,0.983,-0.083,-0.754,0.937,0.263,-0.475,0.803,0.93,0.95,-0.712,-0.944,0.932,0.756,0.577,-0.348,0.882,-0.895,-0.786,-0.954,0.175,0.96,0.885,-0.96,-0.804,-0.582,0.804,0.3,-0.917,-0.858,-0.88,0.039,0.395,0.973,0.83,-0.604,0.761,-0.759,-0.89,0.889,-0.972,-0.972,0.946,-0.922,-0.971,-0.846,-0.937,-0.466,-0.938,0.592,0.723,0.974,-0.97,0.853,-0.519,0.822,0.92,0.057,-0.875,0.979,-0.623,-0.897,0.928,-0.385,0.619,0.75,-0.878,-0.778,-0.973,EssenceCatalog/problems/csplib-prob010-SocialGolfers/params/84aaeefff33158e02dbafacae4c35c6a.param
0.942,-0.987,-0.917,-0.904,0.902,0.876,0.897,0.985,-0.673,0.236,0.974,0.772,0.053,0.96,0.933,0.976,0.186,-0.975,0.938,0.881,-0.344,-0.698,0.933,-0.934,0.221,-0.972,0.703,0.966,0.952,-0.975,-0.943,0.45,0.033,0.802,-0.952,-0.951,-0.925,-0.849,0.781,0.975,0.9,0.391,0.719,-0.913,-0.846,0.963,-0.929,-0.989,0.982,-0.757,-0.978,-0.909,-0.927,0.362,-0.973,-0.296,-0.085,0.981,-0.985,0.957,-0.744,-0.067,0.964,0.827,-0.932,0.957,-0.14,-0.912,0.949,-0.804,-0.412,-0.209,-0.972,0.142,-0.968,EssenceCatalog/problems/csplib-prob010-SocialGolfers/params/c848d743c323662bfa4dc73851baebcb.param
0.964,-0.987,-0.878,-0.897,0.87,0.885,0.948,0.978,-0.9,0.797,0.981,0.888,0.421,0.977,0.928,0.977,0.73,-0.987,0.918,0.908,-0.701,-0.872,0.931,-0.961,0.867,-0.966,0.892,0.953,0.962,-0.976,-0.974,0.852,-0.729,0.917,-0.962,-0.981,-0.95,-0.962,0.921,0.966,0.927,0.836,0.642,-0.944,-0.739,0.982,-0.826,-0.991,0.988,-0.427,-0.965,-0.9,-0.897,0.816,-0.977,-0.801,-0.714,0.981,-0.985,0.978,-0.85,-0.778,0.969,0.933,-0.956,0.943,0.229,-0.911,0.949,-0.92,-0.835,-0.812,-0.985,0.767,-0.957,EssenceCatalog/problems/csplib-prob010-SocialGolfers/params/e1277e38eb3d6dee4dde409c6caf6609.param
0.932,-0.983,-0.942,-0.886,0.91,0.877,0.749,0.985,-0.301,-0.396,0.954,0.501,-0.269,0.902,0.939,0.967,-0.447,-0.963,0.935,0.829,0.212,-0.435,0.905,-0.902,-0.597,-0.961,0.405,0.963,0.917,-0.967,-0.871,-0.213,0.664,0.55,-0.943,-0.907,-0.896,-0.452,0.57,0.977,0.881,-0.267,0.754,-0.836,-0.871,0.921,-0.965,-0.982,0.969,-0.894,-0.978,-0.894,-0.936,-0.223,-0.962,0.349,0.542,0.977,-0.979,0.912,-0.608,0.636,0.952,0.507,-0.891,0.971,-0.41,-0.909,0.945,-0.583,0.289,0.508,-0.937,-0.565,-0.973,EssenceCatalog/problems/csplib-prob010-SocialGolfers/params/4a0cb22d603113b77f03cc371501bdba.param
0.932,-0.983,-0.941,-0.886,0.91,0.877,0.755,0.985,-0.308,-0.383,0.955,0.509,-0.263,0.904,0.939,0.967,-0.437,-0.963,0.935,0.83,0.197,-0.438,0.905,-0.903,-0.587,-0.961,0.412,0.963,0.918,-0.968,-0.873,-0.2,0.655,0.557,-0.944,-0.908,-0.897,-0.466,0.575,0.977,0.881,-0.253,0.753,-0.839,-0.871,0.922,-0.965,-0.982,0.969,-0.892,-0.978,-0.894,-0.936,-0.212,-0.962,0.336,0.533,0.977,-0.979,0.914,-0.613,0.626,0.952,0.519,-0.892,0.971,-0.405,-0.909,0.945,-0.588,0.277,0.495,-0.938,-0.554,-0.973,EssenceCatalog/problems/csplib-prob010-SocialGolfers/params/5cf3ba5be11843fed987ac54ce338b42.param
0.964,-0.99,-0.889,-0.926,0.897,0.895,0.954,0.984,-0.896,0.742,0.984,0.878,0.428,0.98,0.934,0.984,0.725,-0.989,0.936,0.921,-0.66,-0.855,0.947,-0.963,0.82,-0.975,0.89,0.959,0.972,-0.982,-0.975,0.813,-0.634,0.906,-0.968,-0.982,-0.955,-0.96,0.912,0.975,0.939,0.791,0.659,-0.951,-0.825,0.983,-0.878,-0.993,0.99,-0.491,-0.977,-0.904,-0.92,0.782,-0.983,-0.763,-0.623,0.987,-0.987,0.981,-0.855,-0.703,0.977,0.928,-0.965,0.961,0.186,-0.924,0.962,-0.911,-0.813,-0.767,-0.984,0.759,-0.965,EssenceCatalog/problems/csplib-prob010-SocialGolfers/params/93bafe2c14b2f72701ea6213a29c17ff.param
0.965,-0.988,-0.883,-0.899,0.875,0.888,0.949,0.979,-0.901,0.79,0.982,0.89,0.413,0.977,0.929,0.978,0.728,-0.988,0.922,0.91,-0.697,-0.874,0.933,-0.962,0.865,-0.967,0.893,0.955,0.963,-0.977,-0.974,0.851,-0.722,0.916,-0.964,-0.981,-0.952,-0.962,0.921,0.968,0.93,0.833,0.65,-0.945,-0.747,0.983,-0.83,-0.991,0.989,-0.438,-0.966,-0.902,-0.901,0.813,-0.978,-0.799,-0.713,0.982,-0.986,0.978,-0.853,-0.774,0.97,0.934,-0.958,0.946,0.223,-0.913,0.95,-0.922,-0.831,-0.808,-0.985,0.766,-0.96,EssenceCatalog/problems/csplib-prob010-SocialGolfers/params/8ceb8bcd7cd225f18de674b947d15c5e.param
0.966,-0.99,-0.89,-0.919,0.892,0.895,0.954,0.983,-0.899,0.759,0.984,0.884,0.42,0.98,0.934,0.983,0.725,-0.989,0.934,0.919,-0.672,-0.865,0.944,-0.964,0.837,-0.974,0.892,0.959,0.97,-0.981,-0.975,0.827,-0.667,0.909,-0.967,-0.982,-0.955,-0.961,0.917,0.973,0.938,0.806,0.662,-0.95,-0.804,0.983,-0.865,-0.992,0.99,-0.48,-0.974,-0.906,-0.916,0.793,-0.982,-0.778,-0.66,0.986,-0.987,0.981,-0.857,-0.731,0.975,0.931,-0.963,0.958,0.198,-0.922,0.96,-0.918,-0.818,-0.782,-0.985,0.762,-0.965,EssenceCatalog/problems/csplib-prob010-SocialGolfers/params/4045e38d784b08b2deb4f0499831100d.param
0.935,-0.986,-0.924,-0.897,0.901,0.874,0.87,0.986,-0.582,0.058,0.971,0.725,-0.03,0.95,0.935,0.973,-0.001,-0.971,0.936,0.868,-0.227,-0.629,0.925,-0.926,-0.05,-0.969,0.637,0.965,0.943,-0.973,-0.925,0.27,0.243,0.749,-0.946,-0.939,-0.918,-0.785,0.722,0.976,0.888,0.223,0.73,-0.895,-0.855,0.955,-0.943,-0.987,0.979,-0.809,-0.978,-0.906,-0.93,0.19,-0.969,-0.116,0.112,0.979,-0.984,0.949,-0.702,0.155,0.961,0.777,-0.921,0.958,-0.202,-0.911,0.946,-0.745,-0.217,-0.012,-0.966,-0.055,-0.969,EssenceCatalog/problems/csplib-prob010-SocialGolfers/params/62bf9244739de002c36f860ec816a26d.param
0.906,-0.947,-0.934,-0.881,0.895,0.822,0.302,0.978,0.207,-0.901,0.878,-0.06,-0.644,0.593,0.89,0.907,-0.824,-0.868,0.939,0.677,0.77,-0.13,0.827,-0.864,-0.879,-0.934,-0.036,0.944,0.817,-0.955,-0.67,-0.776,0.881,0.053,-0.876,-0.761,-0.788,0.525,0.233,0.965,0.761,-0.821,0.636,-0.615,-0.891,0.826,-0.976,-0.953,0.873,-0.929,-0.96,-0.764,-0.941,-0.568,-0.924,0.743,0.805,0.958,-0.946,0.73,-0.363,0.88,0.865,-0.398,-0.795,0.979,-0.717,-0.878,0.907,-0.13,0.816,0.831,-0.748,-0.867,-0.964,EssenceCatalog/problems/csplib-prob010-SocialGolfers/params/e1d5c88bf6de8be0b6d537279c7c77b1.param
0.965,-0.99,-0.89,-0.922,0.894,0.896,0.954,0.983,-0.898,0.754,0.984,0.882,0.423,0.98,0.934,0.983,0.725,-0.989,0.935,0.92,-0.668,-0.862,0.945,-0.964,0.831,-0.974,0.892,0.959,0.971,-0.981,-0.975,0.823,-0.656,0.908,-0.967,-0.982,-0.955,-0.961,0.915,0.974,0.938,0.801,0.661,-0.95,-0.811,0.983,-0.87,-0.992,0.99,-0.483,-0.975,-0.905,-0.918,0.79,-0.982,-0.773,-0.649,0.986,-0.987,0.981,-0.856,-0.722,0.976,0.93,-0.964,0.959,0.194,-0.922,0.961,-0.916,-0.817,-0.777,-0.984,0.761,-0.965,EssenceCatalog/problems/csplib-prob010-SocialGolfers/params/a02b64642a172dce2314219bd65f9b66.param
0.933,-0.984,-0.938,-0.886,0.907,0.877,0.773,0.985,-0.344,-0.324,0.958,0.547,-0.233,0.913,0.941,0.968,-0.395,-0.964,0.935,0.838,0.125,-0.456,0.91,-0.907,-0.548,-0.963,0.448,0.963,0.922,-0.968,-0.879,-0.149,0.613,0.585,-0.944,-0.914,-0.899,-0.527,0.598,0.978,0.882,-0.189,0.757,-0.849,-0.87,0.928,-0.963,-0.984,0.971,-0.884,-0.978,-0.895,-0.935,-0.16,-0.963,0.267,0.499,0.977,-0.98,0.92,-0.62,0.579,0.954,0.563,-0.897,0.968,-0.385,-0.908,0.945,-0.614,0.232,0.438,-0.944,-0.499,-0.973,EssenceCatalog/problems/csplib-prob010-SocialGolfers/params/7dfad4148f7a39e1692c6e5d0ff13b73.param
0.967,-0.988,-0.889,-0.905,0.881,0.893,0.951,0.981,-0.901,0.784,0.983,0.892,0.41,0.978,0.932,0.98,0.724,-0.989,0.928,0.914,-0.691,-0.875,0.937,-0.964,0.86,-0.97,0.894,0.957,0.965,-0.979,-0.975,0.847,-0.713,0.914,-0.966,-0.982,-0.954,-0.963,0.922,0.97,0.933,0.827,0.659,-0.947,-0.761,0.984,-0.839,-0.992,0.989,-0.455,-0.969,-0.905,-0.907,0.809,-0.98,-0.798,-0.709,0.983,-0.987,0.979,-0.857,-0.769,0.972,0.935,-0.96,0.95,0.218,-0.916,0.954,-0.924,-0.827,-0.803,-0.986,0.765,-0.963,EssenceCatalog/problems/csplib-prob010-SocialGolfers/params/d189b903af3512db2d1bcdc9ed3f3870.param
0.914,-0.956,-0.939,-0.887,0.906,0.841,0.351,0.979,0.167,-0.883,0.898,-0.009,-0.609,0.642,0.903,0.919,-0.818,-0.892,0.937,0.701,0.739,-0.178,0.842,-0.872,-0.872,-0.941,-0.013,0.949,0.833,-0.956,-0.699,-0.757,0.868,0.089,-0.884,-0.783,-0.815,0.428,0.256,0.968,0.77,-0.786,0.67,-0.65,-0.896,0.847,-0.977,-0.959,0.899,-0.932,-0.964,-0.785,-0.94,-0.564,-0.924,0.73,0.801,0.961,-0.953,0.769,-0.416,0.876,0.873,-0.342,-0.816,0.98,-0.713,-0.885,0.91,-0.187,0.791,0.829,-0.781,-0.861,-0.966,EssenceCatalog/problems/csplib-prob010-SocialGolfers/params/ab1b2fa47e1d7f725eba11e9de5e3d56.param
0.964,-0.99,-0.889,-0.927,0.897,0.895,0.954,0.984,-0.895,0.738,0.984,0.877,0.425,0.98,0.934,0.984,0.722,-0.989,0.936,0.921,-0.657,-0.854,0.947,-0.963,0.816,-0.975,0.889,0.959,0.972,-0.982,-0.975,0.81,-0.628,0.905,-0.967,-0.981,-0.955,-0.959,0.912,0.975,0.939,0.788,0.66,-0.951,-0.826,0.983,-0.88,-0.993,0.99,-0.495,-0.977,-0.904,-0.921,0.779,-0.983,-0.76,-0.617,0.987,-0.987,0.981,-0.854,-0.697,0.977,0.928,-0.964,0.962,0.182,-0.924,0.962,-0.91,-0.811,-0.763,-0.983,0.755,-0.966,EssenceCatalog/problems/csplib-prob010-SocialGolfers/params/3dcf29004954a8e350abab7d6238dfe8.param
0.871,-0.923,-0.929,-0.865,0.877,0.772,0.237,0.972,0.249,-0.923,0.823,-0.09,-0.686,0.48,0.839,0.882,-0.818,-0.816,0.936,0.617,0.808,-0.079,0.784,-0.831,-0.874,-0.913,-0.061,0.929,0.778,-0.947,-0.632,-0.796,0.903,-0.07,-0.842,-0.697,-0.743,0.631,0.212,0.954,0.738,-0.865,0.576,-0.544,-0.868,0.786,-0.968,-0.932,0.802,-0.905,-0.95,-0.717,-0.931,-0.582,-0.911,0.755,0.805,0.945,-0.925,0.608,-0.248,0.88,0.85,-0.43,-0.759,0.971,-0.705,-0.847,0.892,-0.032,0.832,0.823,-0.674,-0.856,-0.95,EssenceCatalog/problems/csplib-prob010-SocialGolfers/params/862ec093a4c4a57c099efbb09cddf1c8.param
0.936,-0.986,-0.927,-0.893,0.901,0.874,0.84,0.985,-0.476,-0.086,0.966,0.659,-0.13,0.938,0.94,0.971,-0.174,-0.969,0.936,0.857,-0.093,-0.556,0.921,-0.917,-0.282,-0.968,0.558,0.966,0.935,-0.972,-0.911,0.124,0.397,0.703,-0.947,-0.931,-0.907,-0.702,0.688,0.977,0.889,0.082,0.746,-0.881,-0.859,0.945,-0.952,-0.986,0.976,-0.836,-0.978,-0.903,-0.933,0.07,-0.968,0.027,0.268,0.978,-0.983,0.939,-0.676,0.336,0.959,0.702,-0.909,0.961,-0.289,-0.911,0.945,-0.708,-0.027,0.183,-0.959,-0.286,-0.972,EssenceCatalog/problems/csplib-prob010-SocialGolfers/params/c9901af69696f9c0c49b32402ef3876e.param
0.932,-0.984,-0.938,-0.887,0.907,0.876,0.776,0.985,-0.345,-0.325,0.959,0.546,-0.234,0.913,0.94,0.968,-0.392,-0.964,0.935,0.837,0.126,-0.455,0.908,-0.906,-0.544,-0.963,0.445,0.964,0.922,-0.968,-0.88,-0.145,0.612,0.587,-0.944,-0.914,-0.899,-0.524,0.595,0.977,0.882,-0.188,0.753,-0.849,-0.87,0.928,-0.963,-0.983,0.971,-0.884,-0.978,-0.896,-0.936,-0.162,-0.963,0.273,0.494,0.977,-0.98,0.921,-0.624,0.578,0.954,0.566,-0.896,0.968,-0.382,-0.909,0.945,-0.61,0.226,0.435,-0.944,-0.499,-0.973,EssenceCatalog/problems/csplib-prob010-SocialGolfers/params/89e38311d4936fddf46e0386eb47ed7c.param
0.966,-0.988,-0.887,-0.903,0.879,0.891,0.951,0.98,-0.901,0.787,0.983,0.891,0.411,0.978,0.931,0.979,0.726,-0.988,0.926,0.913,-0.693,-0.875,0.935,-0.963,0.862,-0.969,0.894,0.956,0.965,-0.978,-0.975,0.849,-0.717,0.915,-0.965,-0.982,-0.953,-0.963,0.922,0.969,0.932,0.829,0.656,-0.946,-0.756,0.983,-0.836,-0.991,0.989,-0.449,-0.968,-0.904,-0.905,0.811,-0.979,-0.799,-0.711,0.983,-0.986,0.979,-0.855,-0.771,0.971,0.934,-0.959,0.949,0.22,-0.915,0.953,-0.924,-0.829,-0.805,-0.986,0.766,-0.962,EssenceCatalog/problems/csplib-prob010-SocialGolfers/params/2886a83ea36b0aa74b084f9f760cf362.param
0.901,-0.942,-0.933,-0.878,0.89,0.813,0.278,0.977,0.222,-0.909,0.866,-0.075,-0.663,0.567,0.882,0.901,-0.824,-0.855,0.94,0.664,0.782,-0.109,0.818,-0.859,-0.881,-0.93,-0.043,0.942,0.811,-0.954,-0.655,-0.784,0.887,0.033,-0.872,-0.748,-0.774,0.563,0.22,0.963,0.758,-0.835,0.62,-0.595,-0.887,0.816,-0.976,-0.95,0.859,-0.926,-0.959,-0.753,-0.941,-0.575,-0.923,0.749,0.807,0.956,-0.943,0.708,-0.336,0.88,0.862,-0.42,-0.786,0.978,-0.718,-0.873,0.905,-0.098,0.825,0.832,-0.729,-0.867,-0.962,EssenceCatalog/problems/csplib-prob010-SocialGolfers/params/0de956c126915b5aa3aa492df479cac7.param
0.963,-0.986,-0.876,-0.895,0.867,0.883,0.947,0.977,-0.9,0.798,0.98,0.887,0.421,0.977,0.926,0.977,0.732,-0.987,0.916,0.906,-0.702,-0.871,0.929,-0.96,0.868,-0.965,0.891,0.952,0.961,-0.975,-0.973,0.853,-0.73,0.917,-0.961,-0.98,-0.949,-0.962,0.92,0.965,0.926,0.837,0.638,-0.943,-0.734,0.982,-0.822,-0.99,0.988,-0.421,-0.964,-0.898,-0.895,0.816,-0.976,-0.801,-0.715,0.98,-0.985,0.977,-0.849,-0.778,0.968,0.932,-0.955,0.942,0.228,-0.909,0.947,-0.919,-0.835,-0.813,-0.985,0.767,-0.957,EssenceCatalog/problems/csplib-prob010-SocialGolfers/params/ae5e5cb383d01012292724fc09e713c6.param
0.87,-0.92,-0.928,-0.861,0.875,0.767,0.235,0.97,0.249,-0.923,0.817,-0.097,-0.685,0.47,0.832,0.878,-0.818,-0.81,0.936,0.61,0.811,-0.078,0.781,-0.825,-0.872,-0.911,-0.068,0.927,0.771,-0.946,-0.626,-0.794,0.903,-0.088,-0.837,-0.691,-0.743,0.638,0.212,0.952,0.732,-0.867,0.576,-0.538,-0.864,0.781,-0.966,-0.93,0.795,-0.902,-0.948,-0.711,-0.93,-0.576,-0.91,0.753,0.801,0.943,-0.921,0.59,-0.24,0.879,0.847,-0.431,-0.753,0.97,-0.704,-0.843,0.89,-0.036,0.832,0.822,-0.669,-0.853,-0.949,EssenceCatalog/problems/csplib-prob010-SocialGolfers/params/98c40fbcdabdecee4c5f022562b9f804.param
0.892,-0.936,-0.932,-0.875,0.886,0.8,0.256,0.976,0.237,-0.916,0.852,-0.087,-0.673,0.531,0.87,0.894,-0.825,-0.84,0.939,0.647,0.795,-0.092,0.807,-0.853,-0.881,-0.924,-0.053,0.938,0.801,-0.952,-0.643,-0.792,0.894,-0.001,-0.863,-0.731,-0.76,0.599,0.217,0.961,0.754,-0.849,0.6,-0.579,-0.881,0.805,-0.974,-0.945,0.839,-0.921,-0.956,-0.741,-0.939,-0.581,-0.92,0.755,0.809,0.953,-0.938,0.677,-0.303,0.882,0.859,-0.431,-0.777,0.977,-0.717,-0.866,0.902,-0.066,0.831,0.83,-0.708,-0.867,-0.959,EssenceCatalog/problems/csplib-prob010-SocialGolfers/params/3ad3bf3058987b3a8d093f64381c5995.param
0.966,-0.99,-0.89,-0.919,0.892,0.895,0.953,0.983,-0.898,0.759,0.984,0.884,0.419,0.98,0.934,0.983,0.724,-0.989,0.934,0.919,-0.672,-0.865,0.944,-0.964,0.837,-0.974,0.892,0.959,0.97,-0.981,-0.975,0.827,-0.666,0.909,-0.967,-0.982,-0.955,-0.961,0.917,0.973,0.937,0.806,0.662,-0.95,-0.803,0.983,-0.865,-0.992,0.99,-0.48,-0.974,-0.906,-0.916,0.793,-0.982,-0.778,-0.661,0.986,-0.987,0.981,-0.857,-0.731,0.975,0.931,-0.963,0.958,0.198,-0.921,0.96,-0.918,-0.818,-0.782,-0.985,0.762,-0.965,EssenceCatalog/problems/csplib-prob010-SocialGolfers/params/4d8256f98987f2ae6ae2996cf79ed041.param
0.905,-0.945,-0.935,-0.882,0.894,0.821,0.293,0.978,0.213,-0.904,0.875,-0.061,-0.648,0.587,0.889,0.906,-0.824,-0.866,0.939,0.672,0.774,-0.126,0.825,-0.865,-0.88,-0.933,-0.032,0.944,0.817,-0.955,-0.667,-0.78,0.883,0.05,-0.876,-0.756,-0.782,0.537,0.233,0.965,0.762,-0.826,0.629,-0.611,-0.89,0.826,-0.976,-0.953,0.868,-0.928,-0.96,-0.761,-0.941,-0.572,-0.924,0.745,0.806,0.957,-0.946,0.726,-0.353,0.88,0.865,-0.401,-0.795,0.979,-0.716,-0.878,0.907,-0.117,0.818,0.83,-0.743,-0.868,-0.963,EssenceCatalog/problems/csplib-prob010-SocialGolfers/params/3ecb5f00730f13c0d7bc5dee847c14d5.param
0.933,-0.984,-0.937,-0.887,0.906,0.877,0.783,0.985,-0.356,-0.301,0.959,0.558,-0.221,0.917,0.94,0.969,-0.374,-0.965,0.935,0.841,0.101,-0.462,0.911,-0.908,-0.526,-0.964,0.46,0.964,0.923,-0.969,-0.883,-0.125,0.596,0.596,-0.944,-0.915,-0.9,-0.548,0.605,0.978,0.884,-0.165,0.756,-0.853,-0.87,0.93,-0.962,-0.984,0.972,-0.88,-0.978,-0.897,-0.935,-0.14,-0.964,0.245,0.482,0.977,-0.98,0.923,-0.629,0.56,0.954,0.579,-0.898,0.967,-0.378,-0.909,0.945,-0.623,0.209,0.414,-0.946,-0.478,-0.973,EssenceCatalog/problems/csplib-prob010-SocialGolfers/params/67e99eb93b584f749c017181b90d5e96.param
0.89,-0.935,-0.93,-0.873,0.884,0.797,0.254,0.975,0.236,-0.916,0.85,-0.093,-0.674,0.527,0.868,0.892,-0.825,-0.836,0.94,0.644,0.796,-0.087,0.805,-0.849,-0.88,-0.923,-0.057,0.937,0.798,-0.952,-0.64,-0.79,0.894,-0.01,-0.861,-0.729,-0.761,0.602,0.213,0.96,0.75,-0.85,0.602,-0.576,-0.88,0.801,-0.974,-0.944,0.836,-0.92,-0.955,-0.738,-0.938,-0.578,-0.919,0.754,0.808,0.953,-0.936,0.668,-0.301,0.881,0.857,-0.434,-0.773,0.976,-0.718,-0.864,0.901,-0.066,0.832,0.83,-0.705,-0.865,-0.959,EssenceCatalog/problems/csplib-prob010-SocialGolfers/params/6aee84d8b68afbdfc41679e64065a36a.param
0.965,-0.99,-0.89,-0.921,0.894,0.896,0.954,0.983,-0.898,0.754,0.984,0.883,0.421,0.98,0.934,0.983,0.725,-0.989,0.935,0.92,-0.669,-0.862,0.945,-0.964,0.833,-0.974,0.892,0.959,0.97,-0.981,-0.975,0.824,-0.659,0.908,-0.967,-0.982,-0.955,-0.961,0.916,0.974,0.938,0.802,0.661,-0.95,-0.809,0.983,-0.869,-0.992,0.99,-0.483,-0.975,-0.905,-0.918,0.791,-0.982,-0.774,-0.652,0.986,-0.987,0.981,-0.857,-0.724,0.976,0.931,-0.964,0.959,0.195,-0.922,0.96,-0.916,-0.817,-0.778,-0.985,0.761,-0.965,EssenceCatalog/problems/csplib-prob010-SocialGolfers/params/1e17f6716f0fb8ddef881c2b3a649f76.param
0.902,-0.943,-0.933,-0.879,0.891,0.813,0.283,0.977,0.22,-0.907,0.868,-0.073,-0.658,0.571,0.884,0.902,-0.825,-0.857,0.94,0.666,0.781,-0.112,0.82,-0.859,-0.88,-0.931,-0.042,0.942,0.812,-0.954,-0.658,-0.782,0.885,0.035,-0.872,-0.751,-0.777,0.558,0.224,0.964,0.757,-0.833,0.623,-0.599,-0.887,0.817,-0.976,-0.951,0.861,-0.926,-0.959,-0.755,-0.941,-0.573,-0.923,0.749,0.806,0.956,-0.943,0.711,-0.339,0.88,0.862,-0.416,-0.787,0.979,-0.718,-0.874,0.905,-0.106,0.823,0.831,-0.732,-0.867,-0.963,EssenceCatalog/problems/csplib-prob010-SocialGolfers/params/ba56d1a395b72025aaf8f7a148c35499.param
0.967,-0.989,-0.889,-0.906,0.882,0.893,0.952,0.981,-0.901,0.781,0.983,0.891,0.409,0.978,0.932,0.98,0.724,-0.989,0.929,0.914,-0.69,-0.875,0.937,-0.964,0.859,-0.97,0.894,0.957,0.966,-0.979,-0.975,0.846,-0.709,0.914,-0.966,-0.982,-0.954,-0.963,0.922,0.97,0.934,0.826,0.66,-0.947,-0.765,0.984,-0.841,-0.992,0.989,-0.457,-0.969,-0.906,-0.908,0.808,-0.98,-0.796,-0.706,0.983,-0.987,0.979,-0.857,-0.766,0.972,0.934,-0.96,0.951,0.216,-0.916,0.954,-0.924,-0.826,-0.802,-0.986,0.765,-0.963,EssenceCatalog/problems/csplib-prob010-SocialGolfers/params/a6f53661fdd27b6055b077da24fcc907.param
0.965,-0.987,-0.881,-0.9,0.873,0.887,0.949,0.979,-0.901,0.793,0.982,0.889,0.419,0.977,0.929,0.978,0.728,-0.988,0.921,0.91,-0.698,-0.873,0.933,-0.962,0.864,-0.967,0.892,0.954,0.963,-0.977,-0.974,0.851,-0.724,0.916,-0.963,-0.981,-0.952,-0.962,0.921,0.967,0.929,0.834,0.648,-0.945,-0.746,0.983,-0.831,-0.991,0.989,-0.436,-0.966,-0.902,-0.901,0.814,-0.978,-0.8,-0.712,0.982,-0.986,0.978,-0.852,-0.774,0.97,0.933,-0.957,0.946,0.226,-0.913,0.95,-0.921,-0.833,-0.809,-0.985,0.767,-0.959,EssenceCatalog/problems/csplib-prob010-SocialGolfers/params/242762b5a782d10442d82f4fff546a1f.param
0.965,-0.988,-0.884,-0.901,0.876,0.889,0.95,0.98,-0.901,0.79,0.982,0.89,0.416,0.978,0.93,0.979,0.727,-0.988,0.924,0.911,-0.695,-0.874,0.934,-0.962,0.863,-0.968,0.893,0.955,0.964,-0.978,-0.974,0.849,-0.72,0.916,-0.964,-0.981,-0.953,-0.962,0.921,0.968,0.93,0.831,0.652,-0.945,-0.752,0.983,-0.834,-0.991,0.989,-0.443,-0.967,-0.903,-0.903,0.813,-0.978,-0.799,-0.711,0.982,-0.986,0.979,-0.854,-0.772,0.971,0.934,-0.958,0.947,0.223,-0.914,0.952,-0.922,-0.831,-0.807,-0.985,0.766,-0.96,EssenceCatalog/problems/csplib-prob010-SocialGolfers/params/e955899ae6798d0e343da8cb4e6ca04e.param
0.967,-0.989,-0.89,-0.908,0.884,0.894,0.952,0.982,-0.901,0.778,0.983,0.891,0.411,0.979,0.933,0.981,0.724,-0.989,0.93,0.915,-0.687,-0.874,0.939,-0.964,0.855,-0.971,0.894,0.958,0.966,-0.979,-0.975,0.843,-0.703,0.913,-0.966,-0.982,-0.955,-0.963,0.921,0.971,0.934,0.823,0.662,-0.948,-0.772,0.984,-0.846,-0.992,0.99,-0.462,-0.97,-0.906,-0.91,0.806,-0.98,-0.794,-0.699,0.984,-0.987,0.98,-0.858,-0.761,0.973,0.934,-0.961,0.953,0.213,-0.917,0.955,-0.924,-0.825,-0.799,-0.986,0.764,-0.963,EssenceCatalog/problems/csplib-prob010-SocialGolfers/params/2f7527805b273ffb4b938b3759a29816.param
0.965,-0.987,-0.881,-0.898,0.873,0.887,0.949,0.979,-0.9,0.794,0.981,0.889,0.418,0.977,0.929,0.978,0.729,-0.988,0.921,0.909,-0.699,-0.873,0.932,-0.962,0.866,-0.967,0.893,0.954,0.963,-0.977,-0.974,0.851,-0.726,0.917,-0.963,-0.981,-0.951,-0.962,0.921,0.967,0.929,0.834,0.647,-0.944,-0.744,0.983,-0.829,-0.991,0.988,-0.434,-0.966,-0.901,-0.9,0.814,-0.977,-0.8,-0.714,0.981,-0.986,0.978,-0.852,-0.776,0.969,0.933,-0.957,0.945,0.227,-0.912,0.95,-0.921,-0.833,-0.81,-0.985,0.767,-0.959,EssenceCatalog/problems/csplib-prob010-SocialGolfers/params/4232297871333724f02d86a735ef15db.param
0.88,-0.928,-0.93,-0.868,0.88,0.783,0.241,0.973,0.244,-0.921,0.834,-0.095,-0.681,0.498,0.852,0.886,-0.822,-0.823,0.937,0.628,0.805,-0.081,0.792,-0.839,-0.877,-0.917,-0.061,0.932,0.786,-0.949,-0.636,-0.796,0.9,-0.045,-0.85,-0.711,-0.751,0.622,0.214,0.956,0.744,-0.86,0.588,-0.555,-0.873,0.792,-0.971,-0.937,0.816,-0.911,-0.952,-0.727,-0.934,-0.581,-0.914,0.754,0.807,0.949,-0.929,0.632,-0.27,0.881,0.854,-0.433,-0.766,0.974,-0.71,-0.855,0.897,-0.045,0.834,0.826,-0.685,-0.86,-0.954,EssenceCatalog/problems/csplib-prob010-SocialGolfers/params/22bcfb519042a71c39552f8248e87ff0.param
0.904,-0.945,-0.933,-0.88,0.892,0.818,0.287,0.977,0.215,-0.905,0.872,-0.068,-0.656,0.579,0.886,0.904,-0.825,-0.862,0.94,0.671,0.777,-0.118,0.822,-0.861,-0.88,-0.932,-0.039,0.943,0.814,-0.954,-0.662,-0.78,0.884,0.043,-0.874,-0.754,-0.78,0.545,0.225,0.964,0.758,-0.829,0.628,-0.603,-0.889,0.821,-0.976,-0.952,0.866,-0.927,-0.959,-0.758,-0.941,-0.571,-0.923,0.746,0.806,0.957,-0.944,0.719,-0.35,0.879,0.862,-0.411,-0.79,0.979,-0.718,-0.875,0.906,-0.113,0.821,0.832,-0.738,-0.867,-0.963,EssenceCatalog/problems/csplib-prob010-SocialGolfers/params/eeb1452844fb2bf9d06fdb8951cdff8c.param
0.909,-0.949,-0.934,-0.882,0.897,0.826,0.321,0.978,0.195,-0.895,0.882,-0.055,-0.634,0.608,0.893,0.909,-0.824,-0.872,0.94,0.685,0.76,-0.14,0.831,-0.864,-0.877,-0.935,-0.04,0.944,0.819,-0.954,-0.676,-0.769,0.876,0.059,-0.878,-0.77,-0.798,0.5,0.238,0.965,0.761,-0.813,0.649,-0.623,-0.891,0.829,-0.976,-0.955,0.88,-0.93,-0.961,-0.768,-0.941,-0.56,-0.924,0.736,0.802,0.959,-0.947,0.737,-0.377,0.878,0.866,-0.385,-0.796,0.98,-0.716,-0.879,0.908,-0.152,0.81,0.832,-0.758,-0.864,-0.965,EssenceCatalog/problems/csplib-prob010-SocialGolfers/params/87b40b2a4795b8d43de02521fc2811b3.param
0.916,-0.959,-0.942,-0.889,0.911,0.85,0.374,0.98,0.144,-0.874,0.905,0.027,-0.591,0.665,0.908,0.924,-0.811,-0.903,0.934,0.711,0.722,-0.207,0.849,-0.876,-0.868,-0.944,0.009,0.951,0.841,-0.956,-0.716,-0.745,0.863,0.109,-0.887,-0.79,-0.827,0.372,0.267,0.969,0.775,-0.766,0.683,-0.664,-0.897,0.856,-0.977,-0.96,0.909,-0.932,-0.965,-0.793,-0.938,-0.564,-0.923,0.723,0.798,0.962,-0.956,0.783,-0.437,0.873,0.878,-0.304,-0.826,0.98,-0.706,-0.887,0.91,-0.211,0.774,0.823,-0.792,-0.857,-0.966,EssenceCatalog/problems/csplib-prob010-SocialGolfers/params/eae40dffe0d7fd3e69dfee50e8f7f582.param
0.883,-0.931,-0.929,-0.868,0.881,0.787,0.245,0.973,0.239,-0.918,0.84,-0.099,-0.678,0.508,0.857,0.887,-0.823,-0.828,0.938,0.633,0.802,-0.082,0.797,-0.839,-0.877,-0.919,-0.063,0.934,0.789,-0.95,-0.635,-0.79,0.897,-0.038,-0.853,-0.717,-0.756,0.615,0.212,0.957,0.743,-0.855,0.596,-0.563,-0.875,0.793,-0.971,-0.94,0.823,-0.913,-0.953,-0.729,-0.935,-0.576,-0.916,0.754,0.806,0.949,-0.93,0.638,-0.282,0.881,0.854,-0.434,-0.767,0.974,-0.716,-0.856,0.898,-0.059,0.833,0.827,-0.693,-0.861,-0.956,EssenceCatalog/problems/csplib-prob010-SocialGolfers/params/de07401f333c2a5fcb7ba2adfb1be6bb.param
0.967,-0.989,-0.889,-0.907,0.883,0.893,0.952,0.981,-0.901,0.78,0.983,0.891,0.41,0.979,0.933,0.98,0.724,-0.989,0.929,0.915,-0.689,-0.874,0.938,-0.964,0.857,-0.97,0.894,0.957,0.966,-0.979,-0.975,0.845,-0.707,0.914,-0.966,-0.982,-0.954,-0.963,0.922,0.971,0.934,0.825,0.661,-0.947,-0.768,0.984,-0.843,-0.992,0.99,-0.459,-0.969,-0.906,-0.909,0.807,-0.98,-0.795,-0.704,0.984,-0.987,0.98,-0.857,-0.764,0.972,0.934,-0.961,0.952,0.215,-0.917,0.955,-0.924,-0.826,-0.8,-0.986,0.765,-0.963,EssenceCatalog/problems/csplib-prob010-SocialGolfers/params/498e0a750efd93df91c9d783002162f4.param
0.931,-0.981,-0.944,-0.884,0.913,0.881,0.713,0.985,-0.265,-0.47,0.95,0.463,-0.314,0.893,0.939,0.965,-0.509,-0.961,0.933,0.819,0.295,-0.423,0.902,-0.901,-0.645,-0.961,0.362,0.962,0.915,-0.966,-0.863,-0.285,0.701,0.506,-0.941,-0.899,-0.895,-0.371,0.548,0.976,0.871,-0.344,0.762,-0.825,-0.876,0.915,-0.966,-0.981,0.967,-0.9,-0.978,-0.885,-0.936,-0.278,-0.958,0.391,0.589,0.977,-0.977,0.9,-0.588,0.683,0.947,0.446,-0.891,0.973,-0.453,-0.904,0.944,-0.553,0.355,0.569,-0.928,-0.614,-0.974,EssenceCatalog/problems/csplib-prob010-SocialGolfers/params/4fd247cebfa6dcc571ad45faccc845e9.param
0.96,-0.986,-0.869,-0.89,0.864,0.878,0.945,0.976,-0.897,0.792,0.979,0.884,0.412,0.975,0.922,0.975,0.731,-0.986,0.911,0.903,-0.702,-0.864,0.927,-0.958,0.867,-0.962,0.887,0.95,0.959,-0.974,-0.971,0.848,-0.722,0.914,-0.958,-0.979,-0.945,-0.96,0.916,0.964,0.924,0.833,0.631,-0.94,-0.731,0.981,-0.815,-0.99,0.987,-0.406,-0.962,-0.893,-0.889,0.811,-0.974,-0.796,-0.706,0.979,-0.984,0.975,-0.845,-0.77,0.966,0.929,-0.952,0.94,0.217,-0.905,0.945,-0.915,-0.828,-0.808,-0.983,0.765,-0.955,EssenceCatalog/problems/csplib-prob010-SocialGolfers/params/a7aab89d77a52d00ebda258427deb693.param
0.938,-0.986,-0.926,-0.9,0.903,0.875,0.879,0.986,-0.623,0.113,0.973,0.744,0.015,0.954,0.932,0.975,0.081,-0.971,0.938,0.873,-0.273,-0.662,0.929,-0.93,0.047,-0.97,0.672,0.965,0.947,-0.974,-0.93,0.309,0.18,0.761,-0.946,-0.942,-0.924,-0.815,0.742,0.976,0.892,0.276,0.722,-0.903,-0.854,0.959,-0.939,-0.988,0.98,-0.802,-0.979,-0.906,-0.929,0.229,-0.971,-0.174,0.064,0.98,-0.985,0.952,-0.718,0.087,0.962,0.801,-0.928,0.959,-0.174,-0.911,0.948,-0.761,-0.299,-0.083,-0.969,0.049,-0.967,EssenceCatalog/problems/csplib-prob010-SocialGolfers/params/53b0d4badc0fb0d364dbe7c3917649f6.param
0.928,-0.979,-0.947,-0.884,0.919,0.884,0.641,0.984,-0.19,-0.611,0.943,0.378,-0.396,0.864,0.935,0.96,-0.61,-0.955,0.931,0.797,0.445,-0.396,0.892,-0.896,-0.719,-0.958,0.271,0.961,0.906,-0.962,-0.844,-0.416,0.76,0.42,-0.934,-0.883,-0.889,-0.186,0.49,0.974,0.85,-0.472,0.764,-0.796,-0.882,0.901,-0.969,-0.977,0.96,-0.911,-0.977,-0.868,-0.936,-0.372,-0.95,0.491,0.655,0.976,-0.974,0.877,-0.554,0.755,0.937,0.306,-0.886,0.977,-0.521,-0.9,0.939,-0.479,0.469,0.664,-0.907,-0.701,-0.974,EssenceCatalog/problems/csplib-prob010-SocialGolfers/params/f7d7c81b3f2ec92bbde7111ddedcae50.param
0.966,-0.988,-0.887,-0.903,0.879,0.891,0.951,0.98,-0.901,0.787,0.983,0.891,0.411,0.978,0.931,0.979,0.726,-0.988,0.926,0.913,-0.693,-0.875,0.936,-0.963,0.862,-0.969,0.894,0.957,0.965,-0.978,-0.975,0.849,-0.717,0.915,-0.965,-0.982,-0.953,-0.963,0.922,0.969,0.932,0.829,0.657,-0.946,-0.756,0.984,-0.836,-0.991,0.989,-0.449,-0.968,-0.905,-0.905,0.811,-0.979,-0.799,-0.711,0.983,-0.986,0.979,-0.856,-0.771,0.971,0.934,-0.959,0.949,0.22,-0.915,0.953,-0.924,-0.829,-0.805,-0.986,0.766,-0.962,EssenceCatalog/problems/csplib-prob010-SocialGolfers/params/09cd2c9b9f5ecb06e4078adf9cfae83a.param
0.958,-0.989,-0.901,-0.918,0.903,0.887,0.938,0.984,-0.837,0.589,0.981,0.846,0.28,0.975,0.934,0.981,0.553,-0.984,0.939,0.906,-0.548,-0.807,0.943,-0.953,0.659,-0.973,0.834,0.964,0.966,-0.979,-0.966,0.715,-0.412,0.876,-0.962,-0.973,-0.947,-0.93,0.875,0.974,0.925,0.669,0.694,-0.939,-0.833,0.977,-0.897,-0.991,0.988,-0.604,-0.978,-0.907,-0.922,0.662,-0.979,-0.621,-0.448,0.986,-0.987,0.973,-0.816,-0.501,0.973,0.9,-0.955,0.96,0.042,-0.92,0.958,-0.883,-0.7,-0.6,-0.98,0.572,-0.968,EssenceCatalog/problems/csplib-prob010-SocialGolfers/params/910063cf5fc3188d4bf3b3a43110ee99.param
0.918,-0.964,-0.945,-0.889,0.916,0.86,0.419,0.981,0.095,-0.852,0.915,0.078,-0.558,0.704,0.915,0.932,-0.79,-0.917,0.932,0.72,0.694,-0.242,0.856,-0.88,-0.854,-0.947,0.049,0.955,0.854,-0.957,-0.741,-0.714,0.854,0.151,-0.895,-0.809,-0.843,0.3,0.289,0.97,0.79,-0.733,0.709,-0.692,-0.896,0.867,-0.976,-0.964,0.921,-0.93,-0.966,-0.808,-0.937,-0.547,-0.927,0.7,0.785,0.966,-0.96,0.801,-0.46,0.866,0.889,-0.222,-0.843,0.98,-0.691,-0.891,0.916,-0.254,0.74,0.807,-0.814,-0.843,-0.968,EssenceCatalog/problems/csplib-prob010-SocialGolfers/params/22fb412d1981500c8d78b43132a66177.param
0.966,-0.988,-0.886,-0.902,0.878,0.891,0.951,0.98,-0.901,0.788,0.982,0.891,0.412,0.978,0.931,0.979,0.726,-0.988,0.925,0.912,-0.695,-0.875,0.935,-0.963,0.863,-0.968,0.894,0.956,0.964,-0.978,-0.975,0.85,-0.719,0.915,-0.965,-0.982,-0.953,-0.963,0.922,0.969,0.931,0.831,0.655,-0.946,-0.753,0.983,-0.835,-0.991,0.989,-0.447,-0.967,-0.904,-0.904,0.812,-0.979,-0.799,-0.713,0.982,-0.986,0.979,-0.855,-0.773,0.971,0.934,-0.959,0.948,0.222,-0.914,0.952,-0.924,-0.83,-0.806,-0.986,0.766,-0.961,EssenceCatalog/problems/csplib-prob010-SocialGolfers/params/12fbaa83b1b71fa562b67b8b8f4d9344.param
0.908,-0.947,-0.935,-0.882,0.896,0.823,0.307,0.978,0.206,-0.901,0.877,-0.056,-0.644,0.595,0.891,0.908,-0.824,-0.869,0.94,0.678,0.769,-0.138,0.828,-0.865,-0.879,-0.934,-0.035,0.944,0.818,-0.955,-0.673,-0.777,0.88,0.055,-0.876,-0.763,-0.788,0.52,0.236,0.965,0.762,-0.82,0.636,-0.615,-0.89,0.827,-0.976,-0.954,0.874,-0.929,-0.96,-0.764,-0.941,-0.568,-0.924,0.742,0.805,0.958,-0.947,0.733,-0.366,0.879,0.865,-0.395,-0.796,0.98,-0.715,-0.879,0.907,-0.131,0.815,0.832,-0.748,-0.866,-0.964,EssenceCatalog/problems/csplib-prob010-SocialGolfers/params/070066d5235172152fb653030e1d73e7.param
0.967,-0.988,-0.888,-0.904,0.88,0.892,0.951,0.981,-0.901,0.785,0.983,0.892,0.411,0.978,0.932,0.98,0.725,-0.989,0.927,0.913,-0.692,-0.875,0.936,-0.964,0.861,-0.969,0.894,0.957,0.965,-0.979,-0.975,0.848,-0.715,0.915,-0.965,-0.982,-0.954,-0.963,0.922,0.97,0.933,0.828,0.658,-0.947,-0.76,0.984,-0.838,-0.992,0.989,-0.453,-0.968,-0.905,-0.906,0.81,-0.979,-0.798,-0.71,0.983,-0.987,0.979,-0.856,-0.77,0.972,0.935,-0.96,0.95,0.22,-0.916,0.953,-0.924,-0.828,-0.804,-0.986,0.765,-0.962,EssenceCatalog/problems/csplib-prob010-SocialGolfers/params/e1108dfd3ba169f69548b88188c4e383.param
0.932,-0.984,-0.938,-0.886,0.908,0.877,0.776,0.985,-0.342,-0.326,0.958,0.544,-0.237,0.913,0.939,0.968,-0.394,-0.964,0.935,0.835,0.133,-0.452,0.908,-0.906,-0.546,-0.963,0.443,0.964,0.922,-0.968,-0.879,-0.148,0.614,0.582,-0.943,-0.912,-0.899,-0.52,0.593,0.977,0.881,-0.195,0.754,-0.85,-0.871,0.928,-0.963,-0.983,0.971,-0.885,-0.979,-0.896,-0.936,-0.168,-0.964,0.275,0.497,0.977,-0.98,0.92,-0.627,0.585,0.953,0.562,-0.897,0.969,-0.391,-0.908,0.945,-0.608,0.228,0.437,-0.943,-0.501,-0.973,EssenceCatalog/problems/csplib-prob010-SocialGolfers/params/9b3f8afe698e2827075a08087acb7868.param
0.964,-0.99,-0.889,-0.927,0.897,0.895,0.954,0.984,-0.895,0.741,0.984,0.877,0.426,0.98,0.934,0.984,0.723,-0.989,0.936,0.921,-0.659,-0.855,0.947,-0.963,0.818,-0.975,0.89,0.959,0.972,-0.982,-0.975,0.812,-0.632,0.906,-0.967,-0.982,-0.955,-0.96,0.912,0.975,0.939,0.79,0.659,-0.951,-0.825,0.983,-0.879,-0.993,0.99,-0.493,-0.977,-0.904,-0.92,0.781,-0.983,-0.762,-0.621,0.987,-0.987,0.981,-0.854,-0.701,0.977,0.928,-0.965,0.962,0.184,-0.924,0.962,-0.911,-0.812,-0.766,-0.984,0.757,-0.965,EssenceCatalog/problems/csplib-prob010-SocialGolfers/params/40997635a6e5830e8b02c40b58e9cabe.param
0.965,-0.987,-0.882,-0.9,0.874,0.888,0.949,0.979,-0.901,0.792,0.982,0.89,0.417,0.977,0.929,0.978,0.728,-0.988,0.922,0.91,-0.698,-0.873,0.933,-0.962,0.865,-0.967,0.893,0.955,0.963,-0.977,-0.974,0.851,-0.724,0.916,-0.963,-0.981,-0.952,-0.962,0.921,0.968,0.929,0.834,0.649,-0.945,-0.746,0.983,-0.83,-0.991,0.989,-0.437,-0.966,-0.902,-0.901,0.814,-0.978,-0.8,-0.713,0.982,-0.986,0.978,-0.853,-0.775,0.97,0.934,-0.958,0.946,0.225,-0.913,0.95,-0.922,-0.833,-0.809,-0.985,0.767,-0.959,EssenceCatalog/problems/csplib-prob010-SocialGolfers/params/e992c27901c135fdc87d9ed779fedd02.param
0.965,-0.987,-0.882,-0.899,0.874,0.888,0.949,0.979,-0.901,0.791,0.982,0.89,0.415,0.977,0.929,0.978,0.728,-0.988,0.922,0.91,-0.697,-0.873,0.933,-0.962,0.865,-0.967,0.893,0.955,0.963,-0.977,-0.974,0.851,-0.723,0.916,-0.963,-0.981,-0.951,-0.962,0.921,0.968,0.93,0.833,0.649,-0.945,-0.746,0.983,-0.83,-0.991,0.989,-0.436,-0.966,-0.902,-0.901,0.814,-0.978,-0.8,-0.714,0.982,-0.986,0.978,-0.853,-0.775,0.97,0.933,-0.957,0.946,0.224,-0.912,0.95,-0.922,-0.832,-0.809,-0.985,0.766,-0.96,EssenceCatalog/problems/csplib-prob010-SocialGolfers/params/583ff795b991937ff0e1832e4bb9f50f.param
0.893,-0.936,-0.932,-0.875,0.886,0.8,0.263,0.976,0.234,-0.915,0.853,-0.09,-0.669,0.536,0.871,0.895,-0.825,-0.839,0.94,0.646,0.794,-0.093,0.809,-0.852,-0.88,-0.924,-0.054,0.939,0.801,-0.952,-0.643,-0.791,0.893,-0.001,-0.864,-0.733,-0.764,0.598,0.218,0.961,0.753,-0.848,0.604,-0.581,-0.881,0.805,-0.974,-0.946,0.84,-0.922,-0.957,-0.741,-0.939,-0.578,-0.92,0.753,0.809,0.954,-0.937,0.676,-0.305,0.882,0.86,-0.43,-0.777,0.977,-0.718,-0.866,0.903,-0.07,0.83,0.831,-0.709,-0.866,-0.96,EssenceCatalog/problems/csplib-prob010-SocialGolfers/params/d57c782a2e65c068d05406851bc1a204.param
0.96,-0.986,-0.869,-0.89,0.864,0.878,0.945,0.976,-0.897,0.792,0.979,0.884,0.412,0.975,0.922,0.975,0.731,-0.986,0.911,0.903,-0.702,-0.864,0.927,-0.958,0.867,-0.962,0.887,0.95,0.959,-0.974,-0.971,0.848,-0.722,0.914,-0.958,-0.979,-0.945,-0.96,0.916,0.964,0.924,0.833,0.631,-0.94,-0.731,0.981,-0.815,-0.99,0.987,-0.406,-0.962,-0.893,-0.889,0.811,-0.974,-0.796,-0.706,0.979,-0.984,0.975,-0.845,-0.77,0.966,0.929,-0.952,0.94,0.217,-0.905,0.945,-0.915,-0.828,-0.808,-0.983,0.765,-0.955,EssenceCatalog/problems/csplib-prob010-SocialGolfers/params/ord24-5-7-5.param
0.965,-0.987,-0.882,-0.899,0.874,0.887,0.949,0.979,-0.9,0.79,0.982,0.889,0.414,0.977,0.929,0.978,0.728,-0.988,0.922,0.91,-0.697,-0.872,0.933,-0.962,0.864,-0.967,0.892,0.955,0.963,-0.977,-0.974,0.85,-0.721,0.916,-0.963,-0.981,-0.951,-0.962,0.921,0.968,0.93,0.832,0.648,-0.944,-0.747,0.983,-0.83,-0.991,0.988,-0.436,-0.966,-0.901,-0.901,0.813,-0.978,-0.799,-0.711,0.982,-0.986,0.978,-0.853,-0.773,0.97,0.933,-0.957,0.946,0.222,-0.912,0.95,-0.921,-0.831,-0.808,-0.985,0.766,-0.96,EssenceCatalog/problems/csplib-prob010-SocialGolfers/params/03521534b9858b8be6b3f6223f047cdf.param
0.932,-0.983,-0.94,-0.885,0.909,0.877,0.758,0.985,-0.312,-0.372,0.956,0.515,-0.257,0.906,0.94,0.967,-0.433,-0.964,0.935,0.833,0.182,-0.436,0.907,-0.904,-0.585,-0.962,0.42,0.963,0.918,-0.968,-0.873,-0.196,0.65,0.559,-0.944,-0.909,-0.897,-0.478,0.579,0.977,0.883,-0.245,0.756,-0.841,-0.872,0.924,-0.965,-0.983,0.97,-0.89,-0.978,-0.895,-0.936,-0.204,-0.962,0.321,0.534,0.977,-0.979,0.915,-0.613,0.62,0.953,0.525,-0.893,0.97,-0.406,-0.908,0.945,-0.594,0.277,0.486,-0.94,-0.544,-0.973,EssenceCatalog/problems/csplib-prob010-SocialGolfers/params/3b12cc2fb8699f72e6d7c0a7001027b9.param
0.877,-0.926,-0.93,-0.867,0.879,0.78,0.239,0.973,0.245,-0.922,0.83,-0.094,-0.684,0.492,0.848,0.885,-0.821,-0.821,0.937,0.624,0.807,-0.082,0.789,-0.838,-0.876,-0.916,-0.061,0.931,0.784,-0.949,-0.636,-0.797,0.901,-0.052,-0.847,-0.705,-0.748,0.624,0.214,0.956,0.743,-0.862,0.583,-0.551,-0.872,0.79,-0.97,-0.936,0.811,-0.909,-0.951,-0.724,-0.933,-0.582,-0.914,0.755,0.807,0.947,-0.928,0.625,-0.264,0.881,0.853,-0.433,-0.764,0.973,-0.709,-0.853,0.895,-0.038,0.834,0.825,-0.681,-0.859,-0.953,EssenceCatalog/problems/csplib-prob010-SocialGolfers/params/73410a11ce746104538dfde8d9377276.param
0.918,-0.962,-0.943,-0.889,0.915,0.857,0.401,0.981,0.116,-0.863,0.912,0.055,-0.571,0.688,0.912,0.929,-0.8,-0.911,0.934,0.716,0.706,-0.234,0.856,-0.879,-0.859,-0.946,0.036,0.953,0.849,-0.956,-0.729,-0.728,0.857,0.136,-0.891,-0.801,-0.839,0.327,0.277,0.97,0.784,-0.746,0.698,-0.679,-0.897,0.864,-0.976,-0.962,0.917,-0.931,-0.966,-0.803,-0.937,-0.555,-0.924,0.71,0.789,0.965,-0.959,0.795,-0.45,0.869,0.884,-0.261,-0.836,0.981,-0.696,-0.889,0.913,-0.237,0.756,0.818,-0.808,-0.849,-0.968,EssenceCatalog/problems/csplib-prob010-SocialGolfers/params/99f7b76e8ffc05d4d3298182cc21d4c1.param
0.963,-0.99,-0.891,-0.925,0.897,0.894,0.951,0.984,-0.887,0.718,0.983,0.872,0.403,0.979,0.933,0.983,0.698,-0.988,0.936,0.918,-0.642,-0.847,0.946,-0.961,0.795,-0.975,0.881,0.959,0.971,-0.981,-0.973,0.795,-0.598,0.9,-0.966,-0.98,-0.954,-0.955,0.906,0.975,0.937,0.77,0.665,-0.949,-0.827,0.982,-0.883,-0.992,0.99,-0.517,-0.977,-0.904,-0.92,0.761,-0.982,-0.74,-0.59,0.987,-0.987,0.98,-0.848,-0.671,0.976,0.923,-0.963,0.961,0.16,-0.923,0.961,-0.906,-0.795,-0.74,-0.983,0.732,-0.966,EssenceCatalog/problems/csplib-prob010-SocialGolfers/params/33186010572c8f53a3b3ec605c953688.param
0.868,-0.919,-0.927,-0.86,0.874,0.764,0.234,0.97,0.25,-0.924,0.815,-0.097,-0.686,0.466,0.829,0.876,-0.817,-0.808,0.935,0.607,0.811,-0.076,0.78,-0.823,-0.871,-0.91,-0.068,0.926,0.769,-0.946,-0.625,-0.793,0.903,-0.094,-0.835,-0.688,-0.741,0.64,0.211,0.951,0.73,-0.868,0.574,-0.535,-0.863,0.779,-0.965,-0.929,0.792,-0.901,-0.947,-0.709,-0.929,-0.575,-0.91,0.753,0.8,0.942,-0.92,0.585,-0.236,0.879,0.846,-0.432,-0.751,0.97,-0.703,-0.841,0.889,-0.033,0.832,0.821,-0.667,-0.852,-0.949,EssenceCatalog/problems/csplib-prob010-SocialGolfers/params/04b4dd11bd15084303daaf8a7aa98aeb.param
0.962,-0.986,-0.872,-0.893,0.864,0.88,0.946,0.976,-0.899,0.801,0.98,0.886,0.427,0.976,0.925,0.976,0.733,-0.987,0.913,0.904,-0.705,-0.869,0.928,-0.96,0.869,-0.963,0.891,0.951,0.96,-0.975,-0.973,0.854,-0.734,0.918,-0.96,-0.98,-0.948,-0.961,0.92,0.964,0.925,0.839,0.634,-0.942,-0.729,0.982,-0.819,-0.99,0.987,-0.413,-0.963,-0.897,-0.892,0.818,-0.975,-0.802,-0.714,0.98,-0.984,0.977,-0.846,-0.779,0.967,0.932,-0.954,0.94,0.231,-0.908,0.946,-0.917,-0.838,-0.815,-0.984,0.769,-0.955,EssenceCatalog/problems/csplib-prob010-SocialGolfers/params/ord34-4-8-7.param
0.929,-0.979,-0.947,-0.884,0.919,0.884,0.649,0.984,-0.198,-0.595,0.943,0.386,-0.39,0.868,0.936,0.961,-0.6,-0.956,0.931,0.799,0.431,-0.397,0.893,-0.896,-0.713,-0.959,0.278,0.961,0.908,-0.963,-0.847,-0.403,0.755,0.425,-0.935,-0.884,-0.89,-0.206,0.498,0.974,0.852,-0.462,0.765,-0.801,-0.882,0.902,-0.969,-0.978,0.961,-0.91,-0.977,-0.87,-0.936,-0.364,-0.951,0.479,0.65,0.976,-0.975,0.879,-0.56,0.75,0.938,0.323,-0.888,0.977,-0.518,-0.9,0.94,-0.488,0.456,0.655,-0.908,-0.693,-0.974,EssenceCatalog/problems/csplib-prob010-SocialGolfers/params/f000718a5ef8450dbeeea4f098360135.param
0.926,-0.976,-0.949,-0.884,0.921,0.882,0.565,0.983,-0.104,-0.727,0.936,0.285,-0.466,0.821,0.931,0.953,-0.693,-0.947,0.929,0.769,0.561,-0.35,0.881,-0.892,-0.779,-0.956,0.187,0.96,0.892,-0.96,-0.817,-0.544,0.803,0.32,-0.923,-0.862,-0.88,0.002,0.418,0.973,0.83,-0.583,0.759,-0.766,-0.889,0.888,-0.972,-0.973,0.951,-0.919,-0.973,-0.849,-0.936,-0.452,-0.941,0.577,0.716,0.974,-0.971,0.853,-0.525,0.811,0.924,0.126,-0.879,0.979,-0.599,-0.896,0.932,-0.401,0.584,0.73,-0.879,-0.766,-0.973,EssenceCatalog/problems/csplib-prob010-SocialGolfers/params/ba02bc7dd5fd6d3c0e4eebacff67069a.param
0.967,-0.988,-0.888,-0.904,0.88,0.892,0.951,0.981,-0.901,0.785,0.983,0.892,0.41,0.978,0.932,0.98,0.725,-0.989,0.927,0.913,-0.692,-0.875,0.936,-0.964,0.861,-0.969,0.894,0.957,0.965,-0.979,-0.975,0.848,-0.714,0.915,-0.965,-0.982,-0.954,-0.963,0.922,0.97,0.933,0.828,0.658,-0.946,-0.759,0.984,-0.838,-0.992,0.989,-0.453,-0.968,-0.905,-0.906,0.81,-0.979,-0.798,-0.71,0.983,-0.987,0.979,-0.856,-0.77,0.972,0.935,-0.96,0.95,0.219,-0.915,0.953,-0.924,-0.828,-0.804,-0.986,0.765,-0.962,EssenceCatalog/problems/csplib-prob010-SocialGolfers/params/a6c6f8ec8fdb0b980c6dc161c7b8a698.param
0.957,-0.984,-0.859,-0.886,0.85,0.869,0.942,0.972,-0.897,0.808,0.978,0.882,0.441,0.974,0.919,0.973,0.737,-0.985,0.901,0.896,-0.713,-0.862,0.92,-0.956,0.872,-0.958,0.887,0.947,0.957,-0.971,-0.971,0.855,-0.742,0.919,-0.955,-0.978,-0.943,-0.96,0.917,0.96,0.919,0.844,0.618,-0.938,-0.709,0.98,-0.806,-0.989,0.986,-0.386,-0.959,-0.891,-0.879,0.822,-0.972,-0.802,-0.714,0.977,-0.983,0.974,-0.838,-0.783,0.964,0.929,-0.95,0.931,0.234,-0.901,0.94,-0.911,-0.842,-0.819,-0.983,0.771,-0.949,EssenceCatalog/problems/csplib-prob010-SocialGolfers/params/207e16e9e399027d5c45efa7222ce14f.param
0.871,-0.922,-0.928,-0.863,0.876,0.77,0.235,0.971,0.248,-0.923,0.821,-0.096,-0.685,0.475,0.836,0.879,-0.819,-0.813,0.936,0.613,0.81,-0.078,0.783,-0.828,-0.873,-0.912,-0.067,0.928,0.774,-0.947,-0.629,-0.795,0.903,-0.079,-0.84,-0.695,-0.744,0.635,0.212,0.953,0.735,-0.866,0.578,-0.541,-0.866,0.783,-0.967,-0.931,0.799,-0.904,-0.949,-0.714,-0.931,-0.578,-0.911,0.754,0.802,0.944,-0.923,0.599,-0.246,0.88,0.848,-0.433,-0.756,0.971,-0.705,-0.845,0.891,-0.036,0.833,0.823,-0.672,-0.855,-0.95,EssenceCatalog/problems/csplib-prob010-SocialGolfers/params/23714b811957d071e4e9cfb7b3ec1c58.param
0.966,-0.988,-0.887,-0.904,0.88,0.892,0.951,0.981,-0.901,0.785,0.983,0.891,0.413,0.978,0.932,0.98,0.725,-0.988,0.927,0.913,-0.692,-0.875,0.936,-0.963,0.86,-0.969,0.894,0.957,0.965,-0.978,-0.975,0.848,-0.714,0.915,-0.965,-0.982,-0.954,-0.963,0.922,0.97,0.932,0.828,0.657,-0.946,-0.759,0.983,-0.838,-0.991,0.989,-0.452,-0.968,-0.905,-0.906,0.811,-0.979,-0.798,-0.709,0.983,-0.986,0.979,-0.856,-0.769,0.971,0.934,-0.96,0.95,0.22,-0.915,0.953,-0.923,-0.829,-0.804,-0.986,0.765,-0.962,EssenceCatalog/problems/csplib-prob010-SocialGolfers/params/08328853c8610f30d5b729fe1236fe93.param
0.967,-0.988,-0.888,-0.906,0.882,0.892,0.951,0.981,-0.901,0.782,0.983,0.891,0.412,0.978,0.932,0.98,0.725,-0.989,0.928,0.914,-0.69,-0.874,0.937,-0.963,0.858,-0.97,0.894,0.957,0.965,-0.979,-0.975,0.846,-0.71,0.914,-0.966,-0.982,-0.954,-0.963,0.921,0.97,0.933,0.826,0.659,-0.947,-0.764,0.984,-0.841,-0.992,0.989,-0.455,-0.969,-0.905,-0.907,0.809,-0.98,-0.796,-0.705,0.983,-0.987,0.979,-0.857,-0.766,0.972,0.934,-0.96,0.951,0.216,-0.916,0.954,-0.923,-0.827,-0.802,-0.986,0.765,-0.963,EssenceCatalog/problems/csplib-prob010-SocialGolfers/params/313c52c2a95e19b76bc6680cb6810d01.param
0.885,-0.93,-0.93,-0.87,0.882,0.788,0.251,0.974,0.239,-0.919,0.839,-0.096,-0.677,0.51,0.858,0.888,-0.824,-0.827,0.939,0.632,0.803,-0.088,0.798,-0.843,-0.877,-0.919,-0.064,0.934,0.791,-0.95,-0.638,-0.795,0.898,-0.032,-0.855,-0.718,-0.756,0.617,0.217,0.958,0.747,-0.857,0.593,-0.563,-0.874,0.796,-0.972,-0.94,0.824,-0.915,-0.954,-0.731,-0.936,-0.579,-0.916,0.753,0.806,0.951,-0.931,0.642,-0.277,0.882,0.856,-0.431,-0.769,0.975,-0.713,-0.858,0.9,-0.057,0.832,0.828,-0.692,-0.862,-0.956,EssenceCatalog/problems/csplib-prob010-SocialGolfers/params/cb96977fceb6088a798ccf7b575b3143.param
0.966,-0.988,-0.886,-0.902,0.878,0.89,0.95,0.98,-0.901,0.788,0.982,0.891,0.414,0.978,0.931,0.979,0.726,-0.988,0.925,0.912,-0.694,-0.875,0.935,-0.963,0.863,-0.969,0.894,0.956,0.964,-0.978,-0.975,0.849,-0.719,0.915,-0.965,-0.982,-0.953,-0.963,0.922,0.969,0.931,0.831,0.655,-0.946,-0.754,0.983,-0.835,-0.991,0.989,-0.446,-0.968,-0.904,-0.904,0.812,-0.979,-0.799,-0.712,0.982,-0.986,0.979,-0.855,-0.772,0.971,0.934,-0.959,0.948,0.223,-0.914,0.952,-0.923,-0.83,-0.806,-0.986,0.766,-0.961,EssenceCatalog/problems/csplib-prob010-SocialGolfers/params/5d641aa0c9915ff39a004ddfbe19718a.param
0.94,-0.986,-0.926,-0.893,0.903,0.879,0.86,0.985,-0.6,0.077,0.97,0.718,-0.013,0.949,0.937,0.974,0.008,-0.972,0.938,0.866,-0.2,-0.649,0.93,-0.93,-0.053,-0.968,0.648,0.965,0.945,-0.973,-0.922,0.251,0.241,0.743,-0.946,-0.941,-0.923,-0.782,0.74,0.976,0.89,0.212,0.743,-0.892,-0.857,0.954,-0.941,-0.987,0.979,-0.803,-0.978,-0.898,-0.929,0.199,-0.968,-0.13,0.138,0.98,-0.983,0.948,-0.694,0.168,0.96,0.763,-0.925,0.961,-0.212,-0.911,0.948,-0.756,-0.215,0.023,-0.965,-0.047,-0.971,EssenceCatalog/problems/csplib-prob010-SocialGolfers/params/b65473e722b5496c4a0e9c79e9ee91a2.param
0.965,-0.988,-0.884,-0.901,0.876,0.889,0.95,0.98,-0.901,0.79,0.982,0.89,0.415,0.978,0.93,0.979,0.727,-0.988,0.923,0.911,-0.696,-0.874,0.934,-0.962,0.864,-0.968,0.893,0.955,0.964,-0.977,-0.974,0.85,-0.722,0.916,-0.964,-0.981,-0.952,-0.963,0.922,0.968,0.93,0.832,0.652,-0.945,-0.75,0.983,-0.832,-0.991,0.989,-0.441,-0.967,-0.903,-0.903,0.813,-0.978,-0.8,-0.712,0.982,-0.986,0.979,-0.854,-0.774,0.97,0.934,-0.958,0.947,0.224,-0.913,0.951,-0.922,-0.831,-0.808,-0.986,0.766,-0.96,EssenceCatalog/problems/csplib-prob010-SocialGolfers/params/ab297fb213e1aa7f582b6c513a21962f.param
0.929,-0.979,-0.947,-0.884,0.919,0.884,0.639,0.984,-0.189,-0.617,0.943,0.376,-0.401,0.864,0.936,0.96,-0.617,-0.955,0.93,0.796,0.449,-0.395,0.893,-0.897,-0.722,-0.959,0.269,0.961,0.906,-0.963,-0.844,-0.422,0.762,0.415,-0.934,-0.883,-0.889,-0.181,0.489,0.974,0.85,-0.477,0.767,-0.796,-0.883,0.901,-0.969,-0.977,0.96,-0.91,-0.976,-0.867,-0.936,-0.374,-0.95,0.489,0.66,0.976,-0.974,0.877,-0.554,0.758,0.937,0.302,-0.888,0.977,-0.529,-0.9,0.939,-0.48,0.476,0.666,-0.906,-0.703,-0.974,EssenceCatalog/problems/csplib-prob010-SocialGolfers/params/e1bdaa4848baa0d5d1361bc4b136d525.param
0.965,-0.988,-0.883,-0.901,0.875,0.888,0.95,0.979,-0.901,0.791,0.982,0.889,0.417,0.978,0.93,0.978,0.727,-0.988,0.923,0.911,-0.696,-0.873,0.934,-0.962,0.863,-0.968,0.893,0.955,0.963,-0.977,-0.974,0.85,-0.721,0.916,-0.964,-0.981,-0.952,-0.962,0.921,0.968,0.93,0.832,0.651,-0.945,-0.75,0.983,-0.833,-0.991,0.989,-0.44,-0.967,-0.902,-0.902,0.813,-0.978,-0.799,-0.711,0.982,-0.986,0.978,-0.853,-0.773,0.97,0.934,-0.958,0.947,0.224,-0.913,0.951,-0.922,-0.832,-0.808,-0.985,0.766,-0.96,EssenceCatalog/problems/csplib-prob010-SocialGolfers/params/d97a0b19335c95b681683fb9372ff75c.param
0.967,-0.988,-0.888,-0.903,0.88,0.892,0.951,0.981,-0.901,0.786,0.983,0.892,0.41,0.978,0.932,0.979,0.725,-0.988,0.927,0.913,-0.693,-0.875,0.936,-0.963,0.862,-0.969,0.894,0.957,0.965,-0.978,-0.975,0.848,-0.716,0.915,-0.965,-0.982,-0.954,-0.963,0.922,0.97,0.932,0.829,0.658,-0.946,-0.758,0.984,-0.837,-0.991,0.989,-0.451,-0.968,-0.905,-0.906,0.811,-0.979,-0.798,-0.711,0.983,-0.986,0.979,-0.856,-0.771,0.971,0.935,-0.96,0.949,0.219,-0.915,0.953,-0.924,-0.828,-0.805,-0.986,0.765,-0.962,EssenceCatalog/problems/csplib-prob010-SocialGolfers/params/1eeac776abd9f0bc4233e56d71cc2365.param
0.873,-0.923,-0.929,-0.865,0.877,0.773,0.237,0.972,0.248,-0.924,0.823,-0.093,-0.685,0.479,0.839,0.881,-0.82,-0.815,0.936,0.616,0.809,-0.08,0.784,-0.831,-0.874,-0.913,-0.065,0.929,0.777,-0.948,-0.632,-0.796,0.903,-0.073,-0.842,-0.697,-0.745,0.633,0.213,0.954,0.738,-0.866,0.578,-0.544,-0.868,0.786,-0.968,-0.932,0.802,-0.905,-0.95,-0.717,-0.932,-0.58,-0.912,0.755,0.804,0.945,-0.924,0.606,-0.248,0.88,0.85,-0.433,-0.759,0.972,-0.705,-0.847,0.893,-0.035,0.833,0.824,-0.674,-0.856,-0.951,EssenceCatalog/problems/csplib-prob010-SocialGolfers/params/949c273f7a3f40fe09204b412b99071f.param
0.884,-0.932,-0.931,-0.872,0.883,0.791,0.247,0.975,0.24,-0.92,0.843,-0.089,-0.679,0.512,0.861,0.89,-0.823,-0.832,0.938,0.637,0.801,-0.086,0.798,-0.846,-0.879,-0.92,-0.055,0.935,0.793,-0.951,-0.64,-0.795,0.898,-0.023,-0.856,-0.719,-0.754,0.611,0.215,0.959,0.75,-0.855,0.59,-0.567,-0.878,0.798,-0.973,-0.941,0.827,-0.915,-0.954,-0.734,-0.936,-0.584,-0.917,0.756,0.81,0.951,-0.934,0.655,-0.286,0.882,0.857,-0.434,-0.772,0.975,-0.714,-0.86,0.898,-0.049,0.833,0.828,-0.694,-0.863,-0.956,EssenceCatalog/problems/csplib-prob010-SocialGolfers/params/4bd7f58f1259c39c88d3e10e543bfcd3.param
0.964,-0.99,-0.889,-0.926,0.896,0.895,0.954,0.984,-0.896,0.743,0.984,0.878,0.428,0.98,0.934,0.984,0.725,-0.989,0.936,0.921,-0.66,-0.855,0.947,-0.963,0.82,-0.975,0.89,0.958,0.972,-0.981,-0.975,0.813,-0.635,0.906,-0.967,-0.982,-0.955,-0.96,0.912,0.975,0.939,0.791,0.658,-0.951,-0.824,0.983,-0.878,-0.992,0.99,-0.49,-0.976,-0.904,-0.92,0.783,-0.983,-0.763,-0.624,0.987,-0.987,0.981,-0.854,-0.703,0.977,0.928,-0.964,0.961,0.186,-0.924,0.962,-0.911,-0.813,-0.767,-0.984,0.759,-0.965,EssenceCatalog/problems/csplib-prob010-SocialGolfers/params/d1d8082ce45ce42f5e46bb4611a2500e.param
0.895,-0.938,-0.932,-0.877,0.888,0.805,0.264,0.976,0.232,-0.914,0.858,-0.082,-0.668,0.545,0.876,0.897,-0.824,-0.847,0.94,0.654,0.79,-0.098,0.812,-0.856,-0.88,-0.926,-0.045,0.94,0.806,-0.953,-0.647,-0.79,0.891,0.013,-0.867,-0.737,-0.766,0.586,0.218,0.962,0.756,-0.843,0.607,-0.586,-0.884,0.81,-0.975,-0.947,0.847,-0.924,-0.957,-0.746,-0.94,-0.581,-0.921,0.753,0.809,0.954,-0.94,0.692,-0.317,0.881,0.861,-0.428,-0.782,0.978,-0.718,-0.87,0.903,-0.077,0.829,0.831,-0.716,-0.867,-0.961,EssenceCatalog/problems/csplib-prob010-SocialGolfers/params/81d098fe8b81ae93ba5e7af44f863422.param
0.956,-0.984,-0.858,-0.88,0.853,0.869,0.942,0.972,-0.894,0.798,0.977,0.882,0.417,0.973,0.916,0.972,0.735,-0.984,0.9,0.896,-0.709,-0.859,0.921,-0.955,0.871,-0.957,0.884,0.945,0.955,-0.971,-0.969,0.85,-0.731,0.914,-0.954,-0.978,-0.939,-0.959,0.913,0.96,0.919,0.838,0.617,-0.936,-0.71,0.979,-0.8,-0.988,0.985,-0.377,-0.957,-0.887,-0.876,0.813,-0.971,-0.798,-0.71,0.976,-0.982,0.973,-0.839,-0.774,0.962,0.927,-0.948,0.932,0.219,-0.899,0.939,-0.91,-0.83,-0.813,-0.982,0.767,-0.95,EssenceCatalog/problems/csplib-prob010-SocialGolfers/params/ord29-4-7-6.param
0.961,-0.986,-0.871,-0.893,0.862,0.879,0.946,0.976,-0.899,0.802,0.98,0.886,0.428,0.976,0.924,0.976,0.734,-0.987,0.912,0.903,-0.706,-0.868,0.927,-0.959,0.869,-0.963,0.891,0.951,0.96,-0.974,-0.972,0.854,-0.735,0.918,-0.96,-0.98,-0.948,-0.961,0.919,0.964,0.924,0.84,0.632,-0.941,-0.727,0.982,-0.818,-0.99,0.987,-0.41,-0.963,-0.897,-0.891,0.819,-0.975,-0.802,-0.715,0.979,-0.984,0.976,-0.845,-0.78,0.967,0.932,-0.954,0.939,0.232,-0.907,0.945,-0.916,-0.839,-0.815,-0.984,0.769,-0.954,EssenceCatalog/problems/csplib-prob010-SocialGolfers/params/35e15553c0d23a255368163b9506377e.param
0.964,-0.99,-0.889,-0.927,0.897,0.895,0.954,0.984,-0.895,0.74,0.984,0.877,0.426,0.98,0.934,0.984,0.723,-0.989,0.936,0.921,-0.658,-0.854,0.947,-0.963,0.817,-0.975,0.889,0.959,0.972,-0.982,-0.975,0.811,-0.63,0.905,-0.967,-0.982,-0.955,-0.959,0.912,0.975,0.939,0.789,0.659,-0.951,-0.826,0.983,-0.879,-0.993,0.99,-0.493,-0.977,-0.904,-0.92,0.78,-0.983,-0.761,-0.619,0.987,-0.987,0.981,-0.854,-0.699,0.977,0.928,-0.964,0.962,0.183,-0.924,0.962,-0.91,-0.811,-0.765,-0.983,0.757,-0.965,EssenceCatalog/problems/csplib-prob010-SocialGolfers/params/ca0e2f05d97fe34868da62ca4789fbe5.param
0.965,-0.988,-0.883,-0.9,0.875,0.889,0.95,0.979,-0.901,0.791,0.982,0.89,0.413,0.978,0.93,0.978,0.727,-0.988,0.923,0.91,-0.697,-0.874,0.933,-0.962,0.865,-0.967,0.893,0.955,0.963,-0.977,-0.974,0.851,-0.723,0.916,-0.964,-0.981,-0.952,-0.962,0.922,0.968,0.93,0.833,0.651,-0.945,-0.747,0.983,-0.831,-0.991,0.989,-0.439,-0.967,-0.903,-0.902,0.813,-0.978,-0.8,-0.715,0.982,-0.986,0.978,-0.853,-0.775,0.97,0.934,-0.958,0.946,0.224,-0.913,0.951,-0.923,-0.832,-0.808,-0.986,0.766,-0.96,EssenceCatalog/problems/csplib-prob010-SocialGolfers/params/c068645cc8ba1daf9b9b7857b25e01a2.param
0.964,-0.987,-0.877,-0.896,0.869,0.884,0.948,0.978,-0.9,0.798,0.981,0.888,0.421,0.977,0.927,0.977,0.731,-0.987,0.917,0.907,-0.702,-0.872,0.93,-0.961,0.867,-0.965,0.892,0.953,0.961,-0.976,-0.973,0.853,-0.73,0.917,-0.962,-0.981,-0.95,-0.962,0.921,0.966,0.927,0.837,0.641,-0.943,-0.737,0.982,-0.824,-0.99,0.988,-0.424,-0.965,-0.899,-0.897,0.817,-0.976,-0.801,-0.715,0.981,-0.985,0.977,-0.85,-0.778,0.969,0.933,-0.956,0.943,0.229,-0.91,0.948,-0.919,-0.836,-0.813,-0.985,0.767,-0.957,EssenceCatalog/problems/csplib-prob010-SocialGolfers/params/3d60cb90b00fa36979d21c11b39d50ff.param
0.877,-0.925,-0.928,-0.863,0.877,0.776,0.237,0.972,0.244,-0.921,0.828,-0.104,-0.681,0.487,0.844,0.882,-0.821,-0.817,0.937,0.619,0.807,-0.076,0.787,-0.831,-0.874,-0.914,-0.066,0.93,0.778,-0.948,-0.63,-0.792,0.901,-0.064,-0.845,-0.703,-0.749,0.629,0.212,0.954,0.736,-0.862,0.587,-0.548,-0.869,0.787,-0.968,-0.935,0.807,-0.908,-0.95,-0.72,-0.932,-0.574,-0.913,0.752,0.803,0.946,-0.925,0.611,-0.262,0.881,0.85,-0.432,-0.759,0.972,-0.71,-0.85,0.894,-0.046,0.834,0.823,-0.681,-0.857,-0.953,EssenceCatalog/problems/csplib-prob010-SocialGolfers/params/5df8e6c4d83c1928dae777cc66dadf00.param
0.88,-0.927,-0.93,-0.867,0.879,0.782,0.241,0.973,0.244,-0.921,0.831,-0.099,-0.682,0.495,0.85,0.885,-0.822,-0.821,0.938,0.625,0.806,-0.08,0.79,-0.837,-0.877,-0.916,-0.064,0.931,0.784,-0.949,-0.635,-0.796,0.901,-0.051,-0.849,-0.709,-0.751,0.624,0.214,0.956,0.742,-0.861,0.589,-0.553,-0.871,0.79,-0.97,-0.937,0.813,-0.911,-0.952,-0.724,-0.934,-0.579,-0.914,0.753,0.806,0.948,-0.928,0.625,-0.268,0.881,0.853,-0.432,-0.764,0.974,-0.71,-0.854,0.896,-0.045,0.834,0.826,-0.684,-0.859,-0.954,EssenceCatalog/problems/csplib-prob010-SocialGolfers/params/8c89347120d8bb6f95aff44f2daa05ab.param
0.964,-0.987,-0.88,-0.897,0.871,0.886,0.948,0.978,-0.9,0.794,0.981,0.889,0.417,0.977,0.928,0.977,0.73,-0.987,0.919,0.908,-0.699,-0.872,0.931,-0.961,0.866,-0.966,0.892,0.954,0.962,-0.976,-0.974,0.852,-0.726,0.916,-0.962,-0.981,-0.95,-0.962,0.921,0.967,0.928,0.835,0.644,-0.944,-0.741,0.983,-0.826,-0.991,0.988,-0.43,-0.965,-0.9,-0.898,0.815,-0.977,-0.8,-0.714,0.981,-0.985,0.978,-0.851,-0.776,0.969,0.933,-0.956,0.944,0.226,-0.911,0.949,-0.921,-0.833,-0.811,-0.985,0.767,-0.958,EssenceCatalog/problems/csplib-prob010-SocialGolfers/params/61b932b80fb99f96148ce8f5920ef4ce.param
0.964,-0.987,-0.878,-0.896,0.87,0.885,0.948,0.978,-0.9,0.796,0.981,0.888,0.42,0.977,0.927,0.977,0.73,-0.987,0.918,0.907,-0.701,-0.871,0.931,-0.961,0.867,-0.966,0.892,0.953,0.962,-0.976,-0.973,0.852,-0.728,0.917,-0.962,-0.981,-0.95,-0.962,0.92,0.966,0.927,0.836,0.642,-0.943,-0.739,0.982,-0.826,-0.991,0.988,-0.426,-0.965,-0.9,-0.897,0.816,-0.977,-0.801,-0.714,0.981,-0.985,0.977,-0.85,-0.777,0.969,0.933,-0.956,0.943,0.227,-0.911,0.948,-0.919,-0.835,-0.811,-0.985,0.767,-0.958,EssenceCatalog/problems/csplib-prob010-SocialGolfers/params/c8c1c8a344994bac7c3a9dd9f4d223aa.param
0.927,-0.977,-0.949,-0.883,0.921,0.884,0.591,0.983,-0.135,-0.691,0.938,0.317,-0.445,0.838,0.933,0.956,-0.669,-0.95,0.93,0.778,0.526,-0.367,0.885,-0.894,-0.762,-0.957,0.214,0.961,0.897,-0.961,-0.828,-0.503,0.79,0.351,-0.928,-0.87,-0.884,-0.061,0.444,0.973,0.837,-0.549,0.764,-0.777,-0.887,0.892,-0.971,-0.975,0.955,-0.916,-0.975,-0.856,-0.936,-0.427,-0.945,0.548,0.698,0.975,-0.972,0.861,-0.536,0.795,0.929,0.191,-0.883,0.978,-0.576,-0.897,0.935,-0.43,0.546,0.711,-0.889,-0.746,-0.974,EssenceCatalog/problems/csplib-prob010-SocialGolfers/params/f6a02cd43969d96bd0e85712059a2b43.param
0.909,-0.951,-0.936,-0.884,0.9,0.83,0.318,0.978,0.189,-0.894,0.886,-0.042,-0.631,0.612,0.896,0.912,-0.822,-0.878,0.938,0.687,0.759,-0.145,0.832,-0.867,-0.877,-0.937,-0.025,0.946,0.823,-0.956,-0.683,-0.768,0.876,0.066,-0.879,-0.77,-0.799,0.489,0.24,0.966,0.764,-0.808,0.648,-0.628,-0.894,0.835,-0.976,-0.956,0.884,-0.93,-0.962,-0.771,-0.94,-0.565,-0.924,0.739,0.805,0.959,-0.949,0.745,-0.385,0.878,0.868,-0.38,-0.804,0.98,-0.717,-0.88,0.908,-0.151,0.807,0.828,-0.759,-0.865,-0.965,EssenceCatalog/problems/csplib-prob010-SocialGolfers/params/8f0d8ad7bb29fee5b49256e1733c7a5a.param
0.869,-0.921,-0.928,-0.862,0.875,0.767,0.232,0.971,0.249,-0.924,0.819,-0.096,-0.686,0.471,0.833,0.879,-0.818,-0.812,0.935,0.612,0.81,-0.073,0.781,-0.825,-0.872,-0.911,-0.064,0.927,0.772,-0.947,-0.627,-0.794,0.903,-0.086,-0.838,-0.692,-0.743,0.637,0.209,0.952,0.733,-0.867,0.575,-0.538,-0.865,0.782,-0.966,-0.93,0.796,-0.902,-0.948,-0.712,-0.93,-0.577,-0.91,0.754,0.803,0.943,-0.921,0.594,-0.242,0.879,0.847,-0.432,-0.754,0.97,-0.704,-0.844,0.89,-0.032,0.833,0.821,-0.67,-0.854,-0.949,EssenceCatalog/problems/csplib-prob010-SocialGolfers/params/ebcf497d0a2f3f8b77fbee106806c39e.param
0.924,-0.972,-0.948,-0.884,0.922,0.873,0.505,0.983,-0.014,-0.804,0.93,0.193,-0.508,0.767,0.924,0.944,-0.749,-0.935,0.931,0.742,0.634,-0.315,0.875,-0.888,-0.816,-0.951,0.126,0.958,0.872,-0.959,-0.781,-0.641,0.829,0.247,-0.909,-0.841,-0.868,0.151,0.34,0.971,0.814,-0.66,0.741,-0.733,-0.893,0.88,-0.974,-0.969,0.937,-0.925,-0.969,-0.834,-0.936,-0.505,-0.932,0.644,0.75,0.971,-0.967,0.835,-0.498,0.845,0.909,-0.058,-0.862,0.98,-0.649,-0.895,0.924,-0.329,0.671,0.78,-0.856,-0.81,-0.971,EssenceCatalog/problems/csplib-prob010-SocialGolfers/params/7cae4d851c1143cc39f95948256940aa.param
0.967,-0.988,-0.888,-0.904,0.88,0.892,0.951,0.981,-0.901,0.785,0.983,0.891,0.411,0.978,0.932,0.98,0.725,-0.989,0.927,0.913,-0.692,-0.875,0.936,-0.963,0.861,-0.969,0.894,0.957,0.965,-0.979,-0.975,0.848,-0.715,0.915,-0.965,-0.982,-0.954,-0.963,0.922,0.97,0.933,0.828,0.658,-0.947,-0.76,0.984,-0.838,-0.992,0.989,-0.453,-0.968,-0.905,-0.907,0.81,-0.979,-0.798,-0.71,0.983,-0.987,0.979,-0.856,-0.77,0.972,0.935,-0.96,0.95,0.22,-0.916,0.953,-0.924,-0.828,-0.804,-0.986,0.765,-0.962,EssenceCatalog/problems/csplib-prob010-SocialGolfers/params/534ec98edf64ae42de6563808a6c24fc.param
0.901,-0.941,-0.932,-0.878,0.889,0.809,0.284,0.976,0.22,-0.908,0.865,-0.081,-0.658,0.567,0.881,0.9,-0.825,-0.852,0.94,0.663,0.783,-0.11,0.818,-0.857,-0.879,-0.929,-0.049,0.941,0.809,-0.953,-0.655,-0.781,0.886,0.03,-0.871,-0.749,-0.776,0.565,0.224,0.963,0.755,-0.836,0.619,-0.596,-0.885,0.814,-0.975,-0.95,0.858,-0.925,-0.958,-0.752,-0.94,-0.57,-0.922,0.748,0.805,0.956,-0.942,0.703,-0.332,0.88,0.862,-0.418,-0.783,0.978,-0.718,-0.871,0.906,-0.104,0.823,0.832,-0.728,-0.866,-0.962,EssenceCatalog/problems/csplib-prob010-SocialGolfers/params/83aeb8220674816fe98d183c17a3e4fe.param
0.965,-0.988,-0.883,-0.901,0.875,0.888,0.95,0.979,-0.901,0.791,0.982,0.889,0.417,0.978,0.93,0.978,0.728,-0.988,0.923,0.911,-0.696,-0.873,0.933,-0.962,0.863,-0.968,0.893,0.955,0.963,-0.977,-0.974,0.85,-0.721,0.916,-0.964,-0.981,-0.952,-0.962,0.921,0.968,0.93,0.832,0.65,-0.945,-0.75,0.983,-0.832,-0.991,0.989,-0.44,-0.967,-0.902,-0.902,0.813,-0.978,-0.799,-0.711,0.982,-0.986,0.978,-0.853,-0.773,0.97,0.934,-0.958,0.947,0.224,-0.913,0.951,-0.922,-0.832,-0.808,-0.985,0.766,-0.96,EssenceCatalog/problems/csplib-prob010-SocialGolfers/params/ord31-3-9-6.param
0.967,-0.989,-0.89,-0.907,0.883,0.894,0.952,0.981,-0.901,0.78,0.983,0.891,0.41,0.979,0.933,0.98,0.724,-0.989,0.929,0.915,-0.689,-0.875,0.938,-0.964,0.858,-0.97,0.894,0.958,0.966,-0.979,-0.975,0.845,-0.707,0.914,-0.966,-0.982,-0.954,-0.963,0.922,0.971,0.934,0.825,0.661,-0.947,-0.767,0.984,-0.843,-0.992,0.99,-0.459,-0.969,-0.906,-0.908,0.807,-0.98,-0.795,-0.704,0.983,-0.987,0.98,-0.857,-0.765,0.972,0.934,-0.961,0.952,0.215,-0.917,0.955,-0.924,-0.826,-0.801,-0.986,0.765,-0.963,EssenceCatalog/problems/csplib-prob010-SocialGolfers/params/e0efa16e73263bad21eb8425e61958e1.param
0.964,-0.987,-0.88,-0.899,0.872,0.886,0.949,0.978,-0.901,0.794,0.981,0.888,0.421,0.977,0.928,0.978,0.729,-0.988,0.92,0.909,-0.699,-0.872,0.932,-0.961,0.865,-0.966,0.892,0.954,0.962,-0.977,-0.974,0.851,-0.725,0.916,-0.963,-0.981,-0.951,-0.962,0.921,0.967,0.928,0.835,0.646,-0.944,-0.743,0.983,-0.829,-0.991,0.988,-0.432,-0.966,-0.901,-0.899,0.815,-0.977,-0.8,-0.712,0.981,-0.985,0.978,-0.851,-0.775,0.969,0.933,-0.957,0.945,0.227,-0.912,0.95,-0.92,-0.834,-0.81,-0.985,0.767,-0.958,EssenceCatalog/problems/csplib-prob010-SocialGolfers/params/89e1bcd691bd6917f64e8953600247ce.param
0.967,-0.988,-0.888,-0.904,0.88,0.892,0.951,0.981,-0.901,0.785,0.983,0.891,0.41,0.978,0.932,0.98,0.725,-0.989,0.927,0.913,-0.692,-0.875,0.936,-0.963,0.861,-0.969,0.894,0.957,0.965,-0.979,-0.975,0.848,-0.715,0.915,-0.965,-0.982,-0.954,-0.963,0.922,0.97,0.933,0.829,0.658,-0.946,-0.759,0.984,-0.838,-0.992,0.989,-0.452,-0.968,-0.905,-0.906,0.81,-0.979,-0.798,-0.71,0.983,-0.987,0.979,-0.856,-0.77,0.971,0.935,-0.96,0.95,0.219,-0.915,0.953,-0.924,-0.828,-0.804,-0.986,0.765,-0.962,EssenceCatalog/problems/csplib-prob010-SocialGolfers/params/37567a305a5394329be83f6d50ca3bd4.param
0.966,-0.988,-0.886,-0.902,0.878,0.89,0.95,0.98,-0.901,0.788,0.982,0.891,0.413,0.978,0.931,0.979,0.726,-0.988,0.925,0.912,-0.694,-0.874,0.935,-0.963,0.862,-0.968,0.894,0.956,0.964,-0.978,-0.975,0.849,-0.718,0.915,-0.965,-0.982,-0.953,-0.963,0.922,0.969,0.931,0.83,0.654,-0.946,-0.754,0.983,-0.835,-0.991,0.989,-0.446,-0.968,-0.904,-0.904,0.812,-0.979,-0.799,-0.711,0.982,-0.986,0.979,-0.855,-0.772,0.971,0.934,-0.959,0.948,0.221,-0.914,0.952,-0.923,-0.829,-0.806,-0.986,0.766,-0.961,EssenceCatalog/problems/csplib-prob010-SocialGolfers/params/ord15-8-10-3.param
0.967,-0.988,-0.889,-0.905,0.882,0.893,0.951,0.981,-0.901,0.783,0.983,0.891,0.411,0.978,0.932,0.98,0.725,-0.989,0.928,0.914,-0.69,-0.875,0.937,-0.964,0.859,-0.97,0.894,0.957,0.965,-0.979,-0.975,0.846,-0.711,0.914,-0.966,-0.982,-0.954,-0.963,0.922,0.97,0.933,0.826,0.659,-0.947,-0.764,0.984,-0.841,-0.992,0.989,-0.456,-0.969,-0.905,-0.907,0.809,-0.98,-0.797,-0.706,0.983,-0.987,0.979,-0.857,-0.767,0.972,0.934,-0.96,0.951,0.217,-0.916,0.954,-0.924,-0.827,-0.802,-0.986,0.765,-0.963,EssenceCatalog/problems/csplib-prob010-SocialGolfers/params/bed9b68a88c075b92a3b97fc1adbe615.param
0.965,-0.988,-0.884,-0.901,0.876,0.889,0.95,0.98,-0.901,0.791,0.982,0.89,0.416,0.978,0.93,0.979,0.727,-0.988,0.923,0.911,-0.696,-0.874,0.934,-0.962,0.863,-0.968,0.893,0.955,0.964,-0.977,-0.974,0.85,-0.722,0.916,-0.964,-0.981,-0.952,-0.963,0.922,0.968,0.93,0.832,0.652,-0.945,-0.75,0.983,-0.833,-0.991,0.989,-0.441,-0.967,-0.903,-0.903,0.813,-0.978,-0.8,-0.712,0.982,-0.986,0.979,-0.854,-0.774,0.97,0.934,-0.958,0.947,0.224,-0.913,0.951,-0.922,-0.832,-0.808,-0.986,0.766,-0.96,EssenceCatalog/problems/csplib-prob010-SocialGolfers/params/66e938838e18a90de0c9f4d8fe6642e8.param
0.911,-0.954,-0.94,-0.888,0.905,0.841,0.336,0.98,0.174,-0.887,0.895,-0.007,-0.613,0.637,0.902,0.919,-0.815,-0.891,0.935,0.695,0.743,-0.171,0.838,-0.873,-0.874,-0.94,0.001,0.949,0.833,-0.957,-0.697,-0.761,0.873,0.083,-0.883,-0.775,-0.808,0.442,0.255,0.968,0.771,-0.79,0.661,-0.643,-0.896,0.847,-0.977,-0.957,0.895,-0.931,-0.963,-0.78,-0.94,-0.569,-0.924,0.732,0.803,0.96,-0.953,0.763,-0.406,0.877,0.873,-0.341,-0.818,0.98,-0.708,-0.885,0.909,-0.17,0.794,0.824,-0.771,-0.862,-0.965,EssenceCatalog/problems/csplib-prob010-SocialGolfers/params/8ae8e491cd0b5f474b299c14c5cfd1d7.param
0.964,-0.987,-0.878,-0.896,0.869,0.884,0.948,0.978,-0.9,0.796,0.981,0.888,0.419,0.977,0.927,0.977,0.731,-0.987,0.918,0.907,-0.701,-0.872,0.93,-0.961,0.867,-0.965,0.892,0.953,0.962,-0.976,-0.973,0.853,-0.728,0.917,-0.962,-0.981,-0.95,-0.962,0.92,0.966,0.927,0.836,0.642,-0.943,-0.738,0.982,-0.824,-0.99,0.988,-0.425,-0.965,-0.9,-0.897,0.815,-0.977,-0.8,-0.714,0.981,-0.985,0.977,-0.85,-0.777,0.969,0.933,-0.956,0.943,0.227,-0.91,0.948,-0.92,-0.834,-0.811,-0.985,0.767,-0.957,EssenceCatalog/problems/csplib-prob010-SocialGolfers/params/61a85988553f1aebb4b99b2cf805c42f.param
0.931,-0.985,-0.931,-0.892,0.903,0.874,0.821,0.985,-0.417,-0.2,0.965,0.612,-0.182,0.928,0.939,0.969,-0.277,-0.966,0.935,0.849,-0.009,-0.494,0.911,-0.911,-0.421,-0.966,0.504,0.965,0.928,-0.97,-0.897,0.0,0.502,0.654,-0.946,-0.924,-0.903,-0.625,0.636,0.977,0.885,-0.038,0.742,-0.87,-0.866,0.938,-0.96,-0.985,0.974,-0.863,-0.978,-0.903,-0.936,-0.043,-0.967,0.151,0.371,0.977,-0.983,0.933,-0.66,0.453,0.956,0.657,-0.902,0.963,-0.323,-0.912,0.946,-0.652,0.089,0.283,-0.953,-0.38,-0.971,EssenceCatalog/problems/csplib-prob010-SocialGolfers/params/f4d7e104cc8bcfb99348f47ca4190fdf.param
0.928,-0.978,-0.947,-0.884,0.919,0.885,0.628,0.984,-0.179,-0.623,0.941,0.365,-0.412,0.86,0.935,0.96,-0.62,-0.954,0.93,0.792,0.463,-0.385,0.889,-0.895,-0.73,-0.958,0.255,0.961,0.906,-0.962,-0.842,-0.431,0.767,0.398,-0.933,-0.879,-0.887,-0.159,0.485,0.974,0.845,-0.49,0.765,-0.794,-0.884,0.898,-0.969,-0.977,0.96,-0.912,-0.977,-0.865,-0.936,-0.387,-0.95,0.501,0.666,0.976,-0.974,0.871,-0.553,0.764,0.935,0.287,-0.888,0.977,-0.538,-0.898,0.939,-0.47,0.482,0.671,-0.901,-0.709,-0.974,EssenceCatalog/problems/csplib-prob010-SocialGolfers/params/f74f5186756cdd79e254fc29618e2af8.param
0.967,-0.989,-0.89,-0.913,0.888,0.895,0.953,0.982,-0.9,0.771,0.983,0.888,0.414,0.979,0.933,0.981,0.724,-0.989,0.932,0.917,-0.681,-0.871,0.941,-0.964,0.848,-0.972,0.893,0.958,0.968,-0.98,-0.975,0.837,-0.689,0.912,-0.967,-0.982,-0.955,-0.962,0.92,0.972,0.936,0.816,0.662,-0.949,-0.784,0.984,-0.854,-0.992,0.99,-0.469,-0.972,-0.906,-0.912,0.801,-0.981,-0.788,-0.686,0.985,-0.987,0.98,-0.858,-0.75,0.974,0.933,-0.962,0.955,0.207,-0.919,0.957,-0.922,-0.822,-0.793,-0.985,0.763,-0.964,EssenceCatalog/problems/csplib-prob010-SocialGolfers/params/dd4f89b7fb5d9dfaea7e646991ca5218.param
0.9,-0.942,-0.932,-0.879,0.89,0.811,0.279,0.977,0.224,-0.909,0.866,-0.075,-0.661,0.565,0.882,0.901,-0.825,-0.855,0.94,0.664,0.783,-0.109,0.818,-0.858,-0.88,-0.929,-0.043,0.941,0.81,-0.954,-0.654,-0.784,0.887,0.03,-0.871,-0.748,-0.774,0.565,0.221,0.963,0.757,-0.836,0.619,-0.595,-0.886,0.815,-0.976,-0.95,0.858,-0.926,-0.959,-0.753,-0.941,-0.576,-0.922,0.75,0.807,0.956,-0.942,0.707,-0.334,0.88,0.862,-0.42,-0.785,0.978,-0.717,-0.873,0.905,-0.099,0.825,0.832,-0.728,-0.867,-0.962,EssenceCatalog/problems/csplib-prob010-SocialGolfers/params/b1b0eb06b3a03fc079832177c57f645d.param
0.897,-0.94,-0.933,-0.878,0.889,0.81,0.269,0.977,0.228,-0.912,0.861,-0.073,-0.67,0.553,0.878,0.899,-0.822,-0.852,0.939,0.657,0.787,-0.11,0.815,-0.859,-0.881,-0.928,-0.042,0.941,0.809,-0.954,-0.651,-0.789,0.89,0.025,-0.868,-0.738,-0.766,0.575,0.221,0.963,0.759,-0.839,0.608,-0.588,-0.885,0.813,-0.975,-0.948,0.852,-0.924,-0.958,-0.749,-0.94,-0.584,-0.921,0.752,0.808,0.955,-0.942,0.701,-0.325,0.881,0.861,-0.423,-0.785,0.978,-0.717,-0.87,0.903,-0.079,0.827,0.832,-0.719,-0.867,-0.961,EssenceCatalog/problems/csplib-prob010-SocialGolfers/params/ca9e644e2154b207ac9be09249914300.param
0.966,-0.988,-0.885,-0.902,0.877,0.89,0.95,0.98,-0.901,0.789,0.982,0.891,0.413,0.978,0.931,0.979,0.727,-0.988,0.925,0.912,-0.695,-0.875,0.934,-0.963,0.863,-0.968,0.894,0.956,0.964,-0.978,-0.975,0.85,-0.72,0.916,-0.964,-0.982,-0.953,-0.963,0.922,0.969,0.931,0.831,0.654,-0.946,-0.752,0.983,-0.834,-0.991,0.989,-0.444,-0.967,-0.904,-0.904,0.812,-0.979,-0.799,-0.712,0.982,-0.986,0.979,-0.855,-0.773,0.971,0.934,-0.959,0.948,0.222,-0.914,0.952,-0.923,-0.83,-0.807,-0.986,0.766,-0.961,EssenceCatalog/problems/csplib-prob010-SocialGolfers/params/428d03e75f6c77897ee571a7de3f9939.param
0.965,-0.987,-0.882,-0.9,0.874,0.888,0.949,0.979,-0.901,0.792,0.982,0.89,0.417,0.978,0.929,0.978,0.728,-0.988,0.922,0.91,-0.697,-0.874,0.933,-0.962,0.865,-0.967,0.893,0.955,0.963,-0.977,-0.974,0.851,-0.724,0.916,-0.963,-0.981,-0.952,-0.962,0.921,0.968,0.929,0.834,0.649,-0.945,-0.747,0.983,-0.83,-0.991,0.989,-0.437,-0.966,-0.902,-0.901,0.814,-0.978,-0.8,-0.713,0.982,-0.986,0.978,-0.853,-0.775,0.97,0.934,-0.958,0.946,0.225,-0.913,0.951,-0.922,-0.833,-0.809,-0.985,0.767,-0.959,EssenceCatalog/problems/csplib-prob010-SocialGolfers/params/6e2bb3372d4f9328bf5299cc5936e782.param
0.965,-0.988,-0.883,-0.901,0.875,0.888,0.95,0.979,-0.901,0.791,0.982,0.889,0.418,0.978,0.93,0.978,0.728,-0.988,0.923,0.91,-0.696,-0.873,0.933,-0.962,0.863,-0.968,0.893,0.955,0.963,-0.977,-0.974,0.85,-0.722,0.916,-0.964,-0.981,-0.952,-0.962,0.921,0.968,0.93,0.832,0.65,-0.945,-0.749,0.983,-0.832,-0.991,0.989,-0.439,-0.967,-0.902,-0.902,0.814,-0.978,-0.799,-0.711,0.982,-0.986,0.978,-0.853,-0.773,0.97,0.934,-0.958,0.946,0.224,-0.913,0.951,-0.921,-0.832,-0.808,-0.985,0.766,-0.96,EssenceCatalog/problems/csplib-prob010-SocialGolfers/params/5f93f6ac58cb24e81e1ad4b16ca85d95.param
0.93,-0.982,-0.939,-0.887,0.912,0.878,0.768,0.985,-0.343,-0.348,0.957,0.534,-0.252,0.908,0.936,0.966,-0.399,-0.961,0.935,0.824,0.17,-0.453,0.903,-0.902,-0.544,-0.962,0.423,0.964,0.922,-0.967,-0.877,-0.155,0.62,0.569,-0.94,-0.909,-0.901,-0.49,0.577,0.976,0.872,-0.217,0.744,-0.849,-0.872,0.924,-0.963,-0.983,0.97,-0.891,-0.979,-0.893,-0.938,-0.193,-0.963,0.306,0.49,0.978,-0.98,0.915,-0.63,0.605,0.95,0.547,-0.896,0.97,-0.402,-0.908,0.944,-0.587,0.22,0.45,-0.939,-0.513,-0.971,EssenceCatalog/problems/csplib-prob010-SocialGolfers/params/f809a2c96c5d255131c51cdd8e0a4076.param
0.965,-0.987,-0.882,-0.899,0.874,0.888,0.949,0.979,-0.901,0.791,0.982,0.89,0.414,0.977,0.929,0.978,0.728,-0.988,0.922,0.91,-0.697,-0.873,0.933,-0.962,0.865,-0.967,0.893,0.955,0.963,-0.977,-0.974,0.851,-0.723,0.916,-0.963,-0.981,-0.951,-0.962,0.921,0.968,0.93,0.833,0.649,-0.945,-0.746,0.983,-0.83,-0.991,0.989,-0.437,-0.966,-0.902,-0.901,0.813,-0.978,-0.799,-0.713,0.982,-0.986,0.978,-0.853,-0.775,0.97,0.934,-0.957,0.946,0.224,-0.912,0.95,-0.922,-0.831,-0.809,-0.985,0.766,-0.96,EssenceCatalog/problems/csplib-prob010-SocialGolfers/params/5a5daca4d0c608e04caa7e010862e59e.param
0.878,-0.925,-0.928,-0.863,0.877,0.777,0.238,0.972,0.244,-0.92,0.828,-0.105,-0.68,0.49,0.845,0.882,-0.821,-0.817,0.937,0.62,0.807,-0.077,0.788,-0.831,-0.874,-0.915,-0.067,0.93,0.779,-0.947,-0.63,-0.792,0.9,-0.062,-0.846,-0.704,-0.751,0.628,0.212,0.954,0.737,-0.861,0.589,-0.549,-0.869,0.787,-0.968,-0.935,0.808,-0.908,-0.95,-0.721,-0.932,-0.574,-0.913,0.751,0.803,0.946,-0.925,0.612,-0.263,0.881,0.85,-0.432,-0.76,0.973,-0.711,-0.851,0.895,-0.049,0.834,0.823,-0.681,-0.857,-0.953,EssenceCatalog/problems/csplib-prob010-SocialGolfers/params/5699510b552c696573352b932384014d.param
0.931,-0.985,-0.933,-0.891,0.904,0.875,0.815,0.986,-0.406,-0.218,0.964,0.604,-0.186,0.926,0.939,0.969,-0.293,-0.966,0.935,0.848,0.009,-0.487,0.911,-0.911,-0.441,-0.966,0.498,0.965,0.927,-0.97,-0.895,-0.024,0.521,0.643,-0.946,-0.922,-0.902,-0.614,0.629,0.977,0.885,-0.062,0.745,-0.867,-0.867,0.937,-0.96,-0.985,0.974,-0.867,-0.978,-0.902,-0.936,-0.063,-0.967,0.168,0.394,0.977,-0.982,0.931,-0.656,0.475,0.956,0.645,-0.902,0.964,-0.334,-0.911,0.945,-0.646,0.112,0.306,-0.952,-0.395,-0.971,EssenceCatalog/problems/csplib-prob010-SocialGolfers/params/42905ca8b11ff4f42a35910757d4a209.param
0.965,-0.987,-0.881,-0.899,0.873,0.887,0.949,0.979,-0.901,0.793,0.982,0.889,0.418,0.977,0.929,0.978,0.728,-0.988,0.921,0.909,-0.698,-0.873,0.932,-0.962,0.865,-0.967,0.892,0.954,0.963,-0.977,-0.974,0.851,-0.724,0.916,-0.963,-0.981,-0.952,-0.962,0.921,0.967,0.929,0.834,0.648,-0.945,-0.745,0.983,-0.83,-0.991,0.989,-0.436,-0.966,-0.902,-0.9,0.814,-0.978,-0.8,-0.713,0.982,-0.986,0.978,-0.852,-0.775,0.97,0.934,-0.957,0.946,0.226,-0.912,0.95,-0.921,-0.833,-0.809,-0.985,0.766,-0.959,EssenceCatalog/problems/csplib-prob010-SocialGolfers/params/6d205e4327c5860de4a224d8e3e8760c.param
0.967,-0.989,-0.889,-0.905,0.882,0.893,0.952,0.981,-0.901,0.783,0.983,0.892,0.41,0.979,0.932,0.98,0.724,-0.989,0.929,0.914,-0.69,-0.876,0.937,-0.964,0.859,-0.97,0.894,0.957,0.966,-0.979,-0.975,0.847,-0.711,0.914,-0.966,-0.982,-0.954,-0.963,0.922,0.97,0.933,0.827,0.661,-0.947,-0.763,0.984,-0.841,-0.992,0.989,-0.457,-0.969,-0.906,-0.908,0.809,-0.98,-0.797,-0.708,0.983,-0.987,0.98,-0.857,-0.768,0.972,0.935,-0.96,0.951,0.218,-0.916,0.954,-0.925,-0.827,-0.803,-0.986,0.765,-0.963,EssenceCatalog/problems/csplib-prob010-SocialGolfers/params/0a7275e2e643a1147d80e1a24ae58153.param
0.965,-0.987,-0.881,-0.899,0.873,0.887,0.949,0.979,-0.901,0.793,0.982,0.889,0.418,0.977,0.929,0.978,0.729,-0.988,0.921,0.909,-0.698,-0.873,0.932,-0.962,0.865,-0.967,0.893,0.954,0.963,-0.977,-0.974,0.851,-0.725,0.916,-0.963,-0.981,-0.952,-0.962,0.921,0.967,0.929,0.834,0.648,-0.945,-0.745,0.983,-0.83,-0.991,0.989,-0.435,-0.966,-0.902,-0.9,0.815,-0.978,-0.8,-0.713,0.982,-0.986,0.978,-0.852,-0.775,0.97,0.934,-0.957,0.945,0.226,-0.912,0.95,-0.921,-0.833,-0.81,-0.985,0.767,-0.959,EssenceCatalog/problems/csplib-prob010-SocialGolfers/params/0328c30e538f40c103b1d2c29e0415c7.param
0.875,-0.925,-0.929,-0.866,0.878,0.777,0.237,0.972,0.246,-0.923,0.828,-0.094,-0.685,0.486,0.844,0.884,-0.82,-0.819,0.937,0.621,0.808,-0.08,0.787,-0.835,-0.876,-0.915,-0.062,0.93,0.781,-0.948,-0.634,-0.797,0.902,-0.06,-0.845,-0.702,-0.746,0.628,0.213,0.955,0.741,-0.863,0.581,-0.548,-0.87,0.788,-0.969,-0.934,0.808,-0.908,-0.951,-0.721,-0.933,-0.582,-0.913,0.755,0.806,0.946,-0.927,0.618,-0.258,0.881,0.852,-0.433,-0.762,0.973,-0.708,-0.851,0.894,-0.035,0.834,0.825,-0.678,-0.858,-0.952,EssenceCatalog/problems/csplib-prob010-SocialGolfers/params/421a283d9ad4fcf5320462014a57593e.param
0.932,-0.982,-0.942,-0.885,0.91,0.878,0.743,0.985,-0.294,-0.404,0.953,0.497,-0.274,0.901,0.94,0.967,-0.459,-0.963,0.935,0.828,0.221,-0.43,0.906,-0.902,-0.607,-0.961,0.403,0.963,0.917,-0.967,-0.869,-0.227,0.671,0.541,-0.943,-0.906,-0.896,-0.445,0.568,0.977,0.881,-0.281,0.758,-0.835,-0.873,0.92,-0.965,-0.982,0.969,-0.894,-0.978,-0.892,-0.936,-0.231,-0.961,0.348,0.556,0.977,-0.978,0.91,-0.604,0.645,0.951,0.496,-0.892,0.971,-0.422,-0.907,0.945,-0.582,0.306,0.518,-0.936,-0.571,-0.974,EssenceCatalog/problems/csplib-prob010-SocialGolfers/params/a5f20e0d65ae4fe1867ec155464c057e.param
0.965,-0.987,-0.882,-0.899,0.874,0.888,0.949,0.979,-0.901,0.793,0.982,0.889,0.418,0.977,0.929,0.978,0.728,-0.988,0.922,0.91,-0.698,-0.873,0.933,-0.962,0.865,-0.967,0.893,0.955,0.963,-0.977,-0.974,0.851,-0.724,0.916,-0.963,-0.981,-0.952,-0.962,0.921,0.968,0.929,0.834,0.649,-0.945,-0.746,0.983,-0.83,-0.991,0.989,-0.436,-0.966,-0.902,-0.901,0.814,-0.978,-0.8,-0.713,0.982,-0.986,0.978,-0.852,-0.775,0.97,0.934,-0.958,0.946,0.226,-0.913,0.95,-0.921,-0.833,-0.809,-0.985,0.767,-0.959,EssenceCatalog/problems/csplib-prob010-SocialGolfers/params/0acd54b598d606da2a2a365fe466391e.param
0.922,-0.971,-0.948,-0.885,0.921,0.872,0.494,0.982,-0.003,-0.806,0.928,0.182,-0.515,0.764,0.924,0.944,-0.753,-0.935,0.931,0.741,0.639,-0.297,0.869,-0.887,-0.822,-0.952,0.114,0.958,0.872,-0.958,-0.78,-0.646,0.831,0.231,-0.909,-0.837,-0.865,0.165,0.343,0.972,0.812,-0.667,0.741,-0.731,-0.894,0.878,-0.974,-0.969,0.937,-0.926,-0.969,-0.831,-0.936,-0.509,-0.933,0.649,0.758,0.971,-0.966,0.829,-0.495,0.847,0.908,-0.066,-0.863,0.98,-0.657,-0.894,0.924,-0.324,0.678,0.778,-0.85,-0.813,-0.971,EssenceCatalog/problems/csplib-prob010-SocialGolfers/params/6d09f55f01936d3219586aeb2e40868c.param
0.966,-0.989,-0.891,-0.915,0.89,0.895,0.953,0.983,-0.899,0.765,0.984,0.887,0.415,0.979,0.934,0.982,0.724,-0.989,0.933,0.918,-0.677,-0.868,0.942,-0.964,0.844,-0.973,0.893,0.958,0.969,-0.98,-0.975,0.833,-0.68,0.911,-0.967,-0.982,-0.955,-0.962,0.919,0.973,0.937,0.812,0.663,-0.949,-0.793,0.984,-0.858,-0.992,0.99,-0.474,-0.973,-0.906,-0.914,0.798,-0.981,-0.784,-0.676,0.985,-0.987,0.98,-0.858,-0.742,0.975,0.933,-0.963,0.956,0.203,-0.92,0.958,-0.92,-0.82,-0.788,-0.985,0.763,-0.965,EssenceCatalog/problems/csplib-prob010-SocialGolfers/params/16d1ee6ffc60dd8ba8a0de82f3106590.param
0.921,-0.967,-0.946,-0.888,0.919,0.865,0.445,0.982,0.069,-0.842,0.921,0.103,-0.546,0.721,0.918,0.935,-0.783,-0.923,0.933,0.724,0.679,-0.265,0.863,-0.884,-0.845,-0.948,0.068,0.956,0.858,-0.958,-0.751,-0.699,0.847,0.172,-0.899,-0.82,-0.853,0.264,0.301,0.971,0.798,-0.717,0.722,-0.704,-0.896,0.872,-0.976,-0.965,0.925,-0.93,-0.967,-0.816,-0.937,-0.537,-0.928,0.687,0.777,0.968,-0.962,0.812,-0.473,0.863,0.894,-0.189,-0.849,0.981,-0.686,-0.893,0.918,-0.277,0.728,0.803,-0.828,-0.836,-0.969,EssenceCatalog/problems/csplib-prob010-SocialGolfers/params/65d40324ef7cbbb4bb62479d04485374.param
0.964,-0.987,-0.88,-0.897,0.871,0.886,0.948,0.978,-0.9,0.794,0.981,0.889,0.416,0.977,0.928,0.977,0.73,-0.987,0.919,0.908,-0.7,-0.872,0.931,-0.961,0.866,-0.966,0.892,0.954,0.962,-0.976,-0.974,0.852,-0.726,0.917,-0.962,-0.981,-0.95,-0.962,0.921,0.967,0.928,0.835,0.644,-0.944,-0.741,0.983,-0.826,-0.991,0.988,-0.429,-0.965,-0.901,-0.898,0.814,-0.977,-0.8,-0.714,0.981,-0.985,0.978,-0.851,-0.776,0.969,0.933,-0.956,0.944,0.225,-0.911,0.949,-0.92,-0.833,-0.81,-0.985,0.767,-0.958,EssenceCatalog/problems/csplib-prob010-SocialGolfers/params/0ee4e7b5edbd511ad4c14a026ebfa60d.param
0.964,-0.987,-0.879,-0.898,0.871,0.886,0.949,0.978,-0.901,0.796,0.981,0.888,0.421,0.977,0.928,0.978,0.729,-0.988,0.919,0.908,-0.7,-0.872,0.931,-0.961,0.866,-0.966,0.892,0.954,0.962,-0.976,-0.974,0.852,-0.727,0.917,-0.963,-0.981,-0.951,-0.962,0.921,0.967,0.928,0.835,0.644,-0.944,-0.742,0.983,-0.828,-0.991,0.988,-0.43,-0.966,-0.9,-0.899,0.816,-0.977,-0.801,-0.713,0.981,-0.985,0.978,-0.851,-0.776,0.969,0.933,-0.957,0.944,0.228,-0.911,0.949,-0.92,-0.835,-0.811,-0.985,0.767,-0.958,EssenceCatalog/problems/csplib-prob010-SocialGolfers/params/2344bf2d4c29d2245ff0bba492b300ee.param
0.932,-0.985,-0.932,-0.891,0.903,0.874,0.817,0.985,-0.408,-0.21,0.964,0.606,-0.186,0.927,0.939,0.969,-0.289,-0.966,0.935,0.849,-0.0,-0.488,0.912,-0.911,-0.436,-0.966,0.5,0.965,0.927,-0.97,-0.896,-0.015,0.513,0.648,-0.946,-0.923,-0.902,-0.618,0.634,0.977,0.886,-0.05,0.745,-0.868,-0.866,0.938,-0.96,-0.985,0.974,-0.864,-0.978,-0.902,-0.935,-0.052,-0.967,0.159,0.387,0.977,-0.982,0.932,-0.656,0.465,0.956,0.649,-0.901,0.963,-0.33,-0.912,0.945,-0.651,0.107,0.299,-0.953,-0.392,-0.971,EssenceCatalog/problems/csplib-prob010-SocialGolfers/params/31cd1cb98198d673d078f0cbaf3245d2.param
0.932,-0.985,-0.935,-0.889,0.905,0.875,0.797,0.985,-0.372,-0.269,0.961,0.574,-0.211,0.92,0.94,0.969,-0.344,-0.966,0.935,0.844,0.065,-0.47,0.911,-0.909,-0.499,-0.964,0.472,0.964,0.924,-0.97,-0.888,-0.085,0.568,0.618,-0.945,-0.918,-0.9,-0.573,0.617,0.978,0.885,-0.121,0.751,-0.858,-0.868,0.933,-0.962,-0.984,0.973,-0.874,-0.978,-0.9,-0.935,-0.108,-0.965,0.22,0.447,0.977,-0.981,0.927,-0.639,0.526,0.955,0.607,-0.898,0.966,-0.357,-0.911,0.945,-0.632,0.173,0.374,-0.949,-0.453,-0.972,EssenceCatalog/problems/csplib-prob010-SocialGolfers/params/2d9a6182023a68e5a46d9c3bc2138eed.param
0.965,-0.988,-0.883,-0.901,0.875,0.889,0.95,0.979,-0.901,0.791,0.982,0.89,0.416,0.978,0.93,0.978,0.727,-0.988,0.923,0.911,-0.696,-0.874,0.934,-0.962,0.864,-0.968,0.893,0.955,0.963,-0.977,-0.974,0.85,-0.722,0.916,-0.964,-0.981,-0.952,-0.962,0.922,0.968,0.93,0.832,0.651,-0.945,-0.75,0.983,-0.832,-0.991,0.989,-0.441,-0.967,-0.903,-0.902,0.814,-0.978,-0.8,-0.712,0.982,-0.986,0.979,-0.854,-0.774,0.97,0.934,-0.958,0.947,0.224,-0.913,0.951,-0.922,-0.832,-0.808,-0.985,0.766,-0.96,EssenceCatalog/problems/csplib-prob010-SocialGolfers/params/a3db01368af35cdc0090ea4efba32386.param
0.966,-0.988,-0.885,-0.902,0.878,0.89,0.95,0.98,-0.901,0.788,0.982,0.89,0.413,0.978,0.931,0.979,0.726,-0.988,0.925,0.912,-0.694,-0.874,0.935,-0.963,0.862,-0.968,0.893,0.956,0.964,-0.978,-0.975,0.849,-0.718,0.915,-0.965,-0.982,-0.953,-0.963,0.922,0.969,0.931,0.83,0.654,-0.946,-0.754,0.983,-0.835,-0.991,0.989,-0.446,-0.967,-0.904,-0.904,0.812,-0.979,-0.798,-0.711,0.982,-0.986,0.979,-0.855,-0.771,0.971,0.934,-0.959,0.948,0.221,-0.914,0.952,-0.923,-0.83,-0.806,-0.986,0.766,-0.961,EssenceCatalog/problems/csplib-prob010-SocialGolfers/params/9bb3e2387a81e594cc1947d250a5dc8b.param
0.965,-0.988,-0.884,-0.901,0.877,0.889,0.95,0.98,-0.9,0.786,0.982,0.89,0.411,0.978,0.93,0.979,0.727,-0.988,0.924,0.911,-0.694,-0.873,0.934,-0.962,0.862,-0.968,0.893,0.956,0.964,-0.978,-0.974,0.848,-0.716,0.915,-0.964,-0.981,-0.952,-0.962,0.921,0.969,0.931,0.83,0.652,-0.945,-0.753,0.983,-0.834,-0.991,0.989,-0.443,-0.967,-0.903,-0.903,0.811,-0.978,-0.797,-0.709,0.982,-0.986,0.978,-0.854,-0.77,0.97,0.933,-0.958,0.948,0.219,-0.913,0.952,-0.922,-0.829,-0.805,-0.985,0.765,-0.961,EssenceCatalog/problems/csplib-prob010-SocialGolfers/params/c0451fb3f37cebe7ee06c4d49c3e9a96.param
0.922,-0.969,-0.947,-0.886,0.921,0.87,0.474,0.982,0.027,-0.825,0.926,0.147,-0.529,0.743,0.921,0.94,-0.768,-0.93,0.932,0.733,0.659,-0.286,0.868,-0.886,-0.831,-0.95,0.098,0.958,0.866,-0.958,-0.767,-0.671,0.838,0.207,-0.904,-0.83,-0.862,0.21,0.318,0.971,0.806,-0.69,0.733,-0.719,-0.895,0.876,-0.975,-0.967,0.932,-0.927,-0.968,-0.825,-0.936,-0.524,-0.93,0.669,0.766,0.97,-0.965,0.823,-0.487,0.855,0.902,-0.13,-0.857,0.98,-0.672,-0.894,0.921,-0.302,0.702,0.791,-0.842,-0.824,-0.97,EssenceCatalog/problems/csplib-prob010-SocialGolfers/params/810be9431c771b9820cd2a7e35ae4828.param
0.965,-0.99,-0.89,-0.921,0.894,0.896,0.954,0.983,-0.898,0.754,0.984,0.883,0.421,0.98,0.934,0.983,0.725,-0.989,0.935,0.92,-0.669,-0.862,0.945,-0.964,0.833,-0.974,0.892,0.959,0.97,-0.981,-0.975,0.824,-0.658,0.908,-0.967,-0.982,-0.955,-0.961,0.916,0.974,0.938,0.802,0.661,-0.95,-0.809,0.983,-0.869,-0.992,0.99,-0.483,-0.975,-0.905,-0.918,0.79,-0.982,-0.774,-0.651,0.986,-0.987,0.981,-0.857,-0.724,0.976,0.931,-0.964,0.959,0.195,-0.922,0.96,-0.916,-0.817,-0.778,-0.985,0.761,-0.965,EssenceCatalog/problems/csplib-prob010-SocialGolfers/params/c624df5516e6cbdd85b885c1cbf4e87b.param
0.933,-0.983,-0.94,-0.885,0.908,0.877,0.763,0.985,-0.323,-0.353,0.956,0.527,-0.247,0.909,0.941,0.968,-0.419,-0.964,0.935,0.836,0.161,-0.447,0.909,-0.906,-0.569,-0.962,0.432,0.963,0.92,-0.968,-0.876,-0.177,0.636,0.571,-0.944,-0.911,-0.898,-0.499,0.589,0.978,0.884,-0.223,0.759,-0.844,-0.871,0.925,-0.964,-0.983,0.97,-0.887,-0.978,-0.895,-0.935,-0.184,-0.962,0.298,0.522,0.977,-0.979,0.917,-0.615,0.604,0.953,0.537,-0.894,0.97,-0.399,-0.908,0.945,-0.606,0.262,0.472,-0.942,-0.53,-0.974,EssenceCatalog/problems/csplib-prob010-SocialGolfers/params/5e2421900b6759b010f472066e48753d.param
0.905,-0.947,-0.934,-0.881,0.894,0.82,0.294,0.977,0.206,-0.902,0.877,-0.062,-0.647,0.589,0.889,0.906,-0.824,-0.867,0.939,0.676,0.772,-0.12,0.824,-0.862,-0.879,-0.934,-0.033,0.944,0.817,-0.955,-0.668,-0.774,0.881,0.05,-0.876,-0.759,-0.786,0.53,0.227,0.965,0.758,-0.823,0.634,-0.612,-0.891,0.825,-0.976,-0.953,0.871,-0.928,-0.96,-0.762,-0.94,-0.568,-0.923,0.745,0.806,0.957,-0.945,0.725,-0.36,0.879,0.864,-0.404,-0.793,0.979,-0.719,-0.876,0.906,-0.126,0.817,0.829,-0.745,-0.867,-0.964,EssenceCatalog/problems/csplib-prob010-SocialGolfers/params/5e75c1f89a82d652f50fe5e720e72461.param
0.964,-0.987,-0.878,-0.897,0.87,0.885,0.948,0.978,-0.9,0.795,0.981,0.888,0.419,0.977,0.928,0.977,0.73,-0.987,0.918,0.908,-0.7,-0.872,0.931,-0.961,0.866,-0.966,0.892,0.953,0.962,-0.976,-0.973,0.852,-0.727,0.917,-0.962,-0.981,-0.95,-0.962,0.92,0.966,0.928,0.836,0.643,-0.944,-0.74,0.982,-0.826,-0.991,0.988,-0.428,-0.965,-0.9,-0.898,0.815,-0.977,-0.8,-0.714,0.981,-0.985,0.978,-0.85,-0.776,0.969,0.933,-0.956,0.944,0.227,-0.911,0.949,-0.92,-0.834,-0.811,-0.985,0.767,-0.958,EssenceCatalog/problems/csplib-prob010-SocialGolfers/params/a406a01399f9ee5ce9eb47e433cdffb6.param
0.964,-0.99,-0.889,-0.925,0.896,0.896,0.954,0.984,-0.897,0.746,0.984,0.879,0.427,0.98,0.934,0.984,0.725,-0.989,0.936,0.921,-0.663,-0.857,0.947,-0.963,0.823,-0.975,0.891,0.959,0.972,-0.981,-0.975,0.816,-0.641,0.907,-0.968,-0.982,-0.955,-0.96,0.913,0.975,0.939,0.794,0.659,-0.951,-0.821,0.983,-0.876,-0.993,0.99,-0.489,-0.976,-0.905,-0.92,0.785,-0.983,-0.766,-0.63,0.987,-0.987,0.981,-0.855,-0.708,0.977,0.929,-0.964,0.961,0.189,-0.924,0.962,-0.912,-0.814,-0.77,-0.984,0.76,-0.965,EssenceCatalog/problems/csplib-prob010-SocialGolfers/params/19478838a295f8b77e55d35798306128.param
0.964,-0.987,-0.88,-0.898,0.872,0.886,0.949,0.978,-0.901,0.795,0.981,0.889,0.418,0.977,0.928,0.978,0.729,-0.988,0.92,0.908,-0.7,-0.873,0.932,-0.962,0.866,-0.966,0.892,0.954,0.962,-0.976,-0.974,0.852,-0.727,0.917,-0.963,-0.981,-0.951,-0.962,0.921,0.967,0.928,0.835,0.646,-0.944,-0.742,0.983,-0.827,-0.991,0.988,-0.432,-0.966,-0.901,-0.899,0.815,-0.977,-0.801,-0.715,0.981,-0.986,0.978,-0.851,-0.777,0.969,0.933,-0.957,0.945,0.228,-0.912,0.949,-0.921,-0.834,-0.81,-0.985,0.767,-0.958,EssenceCatalog/problems/csplib-prob010-SocialGolfers/params/5a4ea5be289ddeeca1bf48bd467b5691.param
0.967,-0.988,-0.888,-0.904,0.88,0.892,0.951,0.981,-0.901,0.785,0.983,0.892,0.411,0.978,0.932,0.98,0.725,-0.989,0.927,0.913,-0.692,-0.875,0.936,-0.964,0.861,-0.97,0.894,0.957,0.965,-0.979,-0.975,0.848,-0.714,0.915,-0.965,-0.982,-0.954,-0.963,0.922,0.97,0.933,0.828,0.659,-0.947,-0.76,0.984,-0.839,-0.992,0.989,-0.453,-0.968,-0.905,-0.907,0.81,-0.979,-0.798,-0.71,0.983,-0.987,0.979,-0.856,-0.77,0.972,0.935,-0.96,0.95,0.219,-0.916,0.953,-0.924,-0.828,-0.804,-0.986,0.765,-0.962,EssenceCatalog/problems/csplib-prob010-SocialGolfers/params/ca386d37f6fa08ad31552e10272f8e4e.param
0.964,-0.987,-0.878,-0.897,0.87,0.885,0.948,0.978,-0.901,0.797,0.981,0.888,0.421,0.977,0.928,0.977,0.73,-0.987,0.919,0.908,-0.701,-0.872,0.931,-0.961,0.867,-0.966,0.892,0.953,0.962,-0.976,-0.974,0.853,-0.729,0.917,-0.962,-0.981,-0.951,-0.962,0.921,0.966,0.927,0.836,0.643,-0.944,-0.739,0.982,-0.826,-0.991,0.988,-0.428,-0.965,-0.9,-0.898,0.816,-0.977,-0.801,-0.714,0.981,-0.985,0.978,-0.85,-0.778,0.969,0.933,-0.956,0.943,0.229,-0.911,0.949,-0.92,-0.835,-0.812,-0.985,0.767,-0.958,EssenceCatalog/problems/csplib-prob010-SocialGolfers/params/34d37955b5bab067e6bfdf670933c692.param
0.957,-0.984,-0.859,-0.882,0.853,0.87,0.942,0.972,-0.895,0.801,0.977,0.882,0.424,0.973,0.917,0.973,0.736,-0.984,0.901,0.897,-0.71,-0.86,0.921,-0.956,0.872,-0.957,0.885,0.946,0.956,-0.971,-0.97,0.852,-0.735,0.916,-0.955,-0.978,-0.941,-0.959,0.915,0.96,0.919,0.84,0.618,-0.937,-0.711,0.98,-0.803,-0.988,0.985,-0.379,-0.958,-0.888,-0.878,0.816,-0.971,-0.8,-0.712,0.976,-0.982,0.973,-0.84,-0.777,0.963,0.928,-0.949,0.932,0.221,-0.9,0.939,-0.911,-0.834,-0.815,-0.982,0.768,-0.95,EssenceCatalog/problems/csplib-prob010-SocialGolfers/params/ord18-6-7-4.param
0.932,-0.984,-0.938,-0.887,0.907,0.875,0.78,0.985,-0.342,-0.319,0.959,0.546,-0.232,0.914,0.94,0.968,-0.388,-0.965,0.935,0.839,0.118,-0.45,0.908,-0.906,-0.544,-0.963,0.448,0.964,0.921,-0.969,-0.881,-0.14,0.61,0.59,-0.945,-0.914,-0.898,-0.529,0.597,0.978,0.885,-0.182,0.753,-0.851,-0.87,0.929,-0.964,-0.984,0.971,-0.883,-0.978,-0.898,-0.935,-0.156,-0.964,0.27,0.492,0.977,-0.98,0.922,-0.628,0.573,0.954,0.571,-0.895,0.968,-0.38,-0.91,0.945,-0.612,0.226,0.427,-0.945,-0.496,-0.973,EssenceCatalog/problems/csplib-prob010-SocialGolfers/params/0ddf0e7f29c877e93b2bd20eebbcbb70.param
0.932,-0.983,-0.939,-0.887,0.908,0.876,0.771,0.985,-0.328,-0.347,0.957,0.53,-0.246,0.91,0.939,0.968,-0.409,-0.964,0.935,0.836,0.153,-0.445,0.907,-0.905,-0.561,-0.963,0.433,0.964,0.92,-0.969,-0.878,-0.164,0.63,0.576,-0.945,-0.912,-0.898,-0.503,0.588,0.977,0.884,-0.213,0.753,-0.846,-0.871,0.926,-0.964,-0.983,0.97,-0.887,-0.978,-0.897,-0.936,-0.18,-0.963,0.299,0.509,0.977,-0.98,0.918,-0.623,0.597,0.953,0.55,-0.894,0.969,-0.392,-0.91,0.945,-0.603,0.247,0.456,-0.942,-0.521,-0.973,EssenceCatalog/problems/csplib-prob010-SocialGolfers/params/f6abfe69889673e3a32906eb87f09737.param
0.965,-0.988,-0.884,-0.904,0.88,0.89,0.95,0.98,-0.899,0.781,0.982,0.888,0.411,0.978,0.93,0.979,0.726,-0.988,0.925,0.912,-0.69,-0.87,0.936,-0.962,0.858,-0.969,0.892,0.956,0.965,-0.978,-0.974,0.843,-0.706,0.913,-0.964,-0.981,-0.952,-0.962,0.919,0.969,0.932,0.825,0.653,-0.946,-0.763,0.983,-0.839,-0.991,0.989,-0.448,-0.968,-0.903,-0.905,0.807,-0.979,-0.793,-0.7,0.983,-0.986,0.979,-0.854,-0.762,0.971,0.933,-0.959,0.95,0.212,-0.914,0.953,-0.921,-0.825,-0.8,-0.985,0.764,-0.961,EssenceCatalog/problems/csplib-prob010-SocialGolfers/params/f2c116be666172ef963354da509574a0.param
0.964,-0.987,-0.88,-0.898,0.872,0.886,0.949,0.979,-0.901,0.794,0.981,0.889,0.419,0.977,0.929,0.978,0.729,-0.988,0.92,0.909,-0.699,-0.873,0.932,-0.962,0.865,-0.967,0.892,0.954,0.963,-0.977,-0.974,0.852,-0.726,0.917,-0.963,-0.981,-0.951,-0.962,0.921,0.967,0.929,0.835,0.646,-0.944,-0.743,0.983,-0.829,-0.991,0.988,-0.433,-0.966,-0.901,-0.899,0.815,-0.977,-0.8,-0.714,0.981,-0.986,0.978,-0.851,-0.776,0.969,0.933,-0.957,0.945,0.227,-0.912,0.95,-0.921,-0.834,-0.81,-0.985,0.767,-0.959,EssenceCatalog/problems/csplib-prob010-SocialGolfers/params/5bedafe3fc61a9543658b6d118d74ced.param
0.963,-0.986,-0.876,-0.896,0.867,0.883,0.948,0.977,-0.9,0.799,0.981,0.887,0.424,0.977,0.927,0.977,0.732,-0.987,0.916,0.906,-0.702,-0.871,0.93,-0.96,0.867,-0.965,0.891,0.952,0.961,-0.975,-0.973,0.853,-0.731,0.917,-0.961,-0.981,-0.95,-0.962,0.92,0.965,0.926,0.838,0.639,-0.943,-0.735,0.982,-0.823,-0.99,0.988,-0.422,-0.965,-0.899,-0.896,0.817,-0.976,-0.801,-0.714,0.98,-0.985,0.977,-0.849,-0.778,0.968,0.933,-0.955,0.942,0.231,-0.91,0.948,-0.919,-0.836,-0.813,-0.985,0.768,-0.956,EssenceCatalog/problems/csplib-prob010-SocialGolfers/params/a289c1d070855fd484baf8a1b4d45f6f.param
0.87,-0.922,-0.929,-0.864,0.876,0.771,0.236,0.971,0.249,-0.924,0.822,-0.091,-0.686,0.477,0.837,0.881,-0.818,-0.815,0.935,0.615,0.809,-0.078,0.783,-0.829,-0.874,-0.913,-0.061,0.928,0.776,-0.947,-0.631,-0.795,0.903,-0.075,-0.841,-0.695,-0.743,0.633,0.211,0.953,0.737,-0.866,0.575,-0.543,-0.867,0.785,-0.967,-0.932,0.8,-0.904,-0.949,-0.716,-0.931,-0.581,-0.911,0.756,0.805,0.944,-0.924,0.604,-0.246,0.88,0.85,-0.431,-0.758,0.971,-0.705,-0.846,0.892,-0.031,0.832,0.822,-0.673,-0.855,-0.95,EssenceCatalog/problems/csplib-prob010-SocialGolfers/params/c500f265657e3a566a241d1c99359020.param
0.965,-0.987,-0.881,-0.899,0.873,0.887,0.949,0.979,-0.901,0.794,0.982,0.889,0.418,0.977,0.929,0.978,0.729,-0.988,0.921,0.909,-0.699,-0.873,0.932,-0.962,0.865,-0.967,0.893,0.954,0.963,-0.977,-0.974,0.852,-0.726,0.917,-0.963,-0.981,-0.951,-0.962,0.921,0.967,0.929,0.834,0.647,-0.944,-0.744,0.983,-0.829,-0.991,0.988,-0.434,-0.966,-0.901,-0.9,0.815,-0.977,-0.8,-0.714,0.981,-0.986,0.978,-0.852,-0.776,0.97,0.934,-0.957,0.945,0.226,-0.912,0.95,-0.921,-0.834,-0.81,-0.985,0.767,-0.959,EssenceCatalog/problems/csplib-prob010-SocialGolfers/params/911e02e7d955355d4a75eea47de86506.param
0.966,-0.988,-0.886,-0.902,0.878,0.89,0.95,0.98,-0.901,0.788,0.982,0.891,0.412,0.978,0.931,0.979,0.726,-0.988,0.925,0.912,-0.695,-0.875,0.935,-0.963,0.863,-0.968,0.894,0.956,0.964,-0.978,-0.975,0.849,-0.719,0.915,-0.965,-0.982,-0.953,-0.963,0.922,0.969,0.931,0.831,0.655,-0.946,-0.754,0.983,-0.835,-0.991,0.989,-0.446,-0.968,-0.904,-0.904,0.812,-0.979,-0.799,-0.712,0.982,-0.986,0.979,-0.855,-0.773,0.971,0.934,-0.959,0.948,0.221,-0.914,0.952,-0.923,-0.83,-0.807,-0.986,0.766,-0.961,EssenceCatalog/problems/csplib-prob010-SocialGolfers/params/559953a9a57174c455fa9c8ce88e3470.param
0.889,-0.933,-0.931,-0.873,0.884,0.795,0.253,0.975,0.238,-0.918,0.847,-0.092,-0.676,0.521,0.865,0.892,-0.825,-0.834,0.939,0.641,0.798,-0.087,0.802,-0.848,-0.88,-0.922,-0.058,0.936,0.796,-0.951,-0.641,-0.794,0.896,-0.016,-0.859,-0.726,-0.758,0.607,0.215,0.96,0.75,-0.852,0.598,-0.572,-0.879,0.8,-0.973,-0.943,0.832,-0.918,-0.955,-0.736,-0.938,-0.58,-0.918,0.754,0.808,0.952,-0.935,0.663,-0.294,0.882,0.858,-0.433,-0.773,0.976,-0.715,-0.863,0.9,-0.06,0.832,0.829,-0.701,-0.865,-0.958,EssenceCatalog/problems/csplib-prob010-SocialGolfers/params/1ac0c005cf6b9c0e6468fa62e9f4dc60.param
0.966,-0.99,-0.89,-0.919,0.892,0.896,0.954,0.983,-0.899,0.76,0.984,0.885,0.419,0.98,0.934,0.983,0.725,-0.989,0.934,0.919,-0.673,-0.865,0.944,-0.964,0.838,-0.974,0.892,0.959,0.97,-0.981,-0.975,0.828,-0.668,0.909,-0.967,-0.982,-0.955,-0.962,0.917,0.973,0.937,0.806,0.662,-0.95,-0.802,0.984,-0.864,-0.992,0.99,-0.479,-0.974,-0.906,-0.916,0.794,-0.982,-0.779,-0.662,0.986,-0.987,0.981,-0.857,-0.732,0.975,0.932,-0.963,0.958,0.199,-0.921,0.959,-0.918,-0.819,-0.783,-0.985,0.762,-0.965,EssenceCatalog/problems/csplib-prob010-SocialGolfers/params/d6a844cbf1fd19c1b8da0406eaaa081e.param
0.928,-0.978,-0.947,-0.884,0.919,0.884,0.628,0.984,-0.176,-0.632,0.941,0.362,-0.41,0.859,0.935,0.96,-0.627,-0.954,0.93,0.793,0.468,-0.387,0.89,-0.895,-0.732,-0.958,0.255,0.961,0.904,-0.962,-0.841,-0.438,0.769,0.4,-0.933,-0.88,-0.888,-0.154,0.48,0.974,0.846,-0.494,0.765,-0.792,-0.884,0.899,-0.969,-0.977,0.959,-0.912,-0.976,-0.865,-0.936,-0.387,-0.949,0.505,0.669,0.976,-0.974,0.872,-0.55,0.766,0.935,0.28,-0.887,0.977,-0.537,-0.899,0.939,-0.468,0.489,0.676,-0.902,-0.713,-0.974,EssenceCatalog/problems/csplib-prob010-SocialGolfers/params/b1c134e3f08d089667a45ab1ec1a0efd.param
0.964,-0.99,-0.889,-0.925,0.896,0.896,0.954,0.984,-0.896,0.745,0.984,0.879,0.427,0.98,0.934,0.984,0.725,-0.989,0.936,0.921,-0.662,-0.857,0.947,-0.963,0.823,-0.975,0.89,0.959,0.972,-0.981,-0.975,0.815,-0.64,0.907,-0.968,-0.982,-0.955,-0.96,0.913,0.975,0.939,0.793,0.659,-0.951,-0.822,0.983,-0.876,-0.993,0.99,-0.489,-0.976,-0.905,-0.92,0.784,-0.983,-0.766,-0.629,0.987,-0.987,0.981,-0.855,-0.707,0.977,0.929,-0.964,0.961,0.188,-0.924,0.962,-0.912,-0.814,-0.77,-0.984,0.76,-0.965,EssenceCatalog/problems/csplib-prob010-SocialGolfers/params/ee6bd7ac4a768623c9080427203981e5.param
0.964,-0.99,-0.889,-0.924,0.896,0.895,0.954,0.983,-0.896,0.747,0.984,0.879,0.425,0.98,0.934,0.984,0.724,-0.989,0.936,0.921,-0.663,-0.858,0.946,-0.963,0.824,-0.975,0.891,0.959,0.971,-0.981,-0.975,0.817,-0.643,0.907,-0.967,-0.982,-0.955,-0.96,0.913,0.974,0.939,0.795,0.66,-0.951,-0.819,0.983,-0.875,-0.992,0.99,-0.488,-0.976,-0.905,-0.919,0.785,-0.983,-0.767,-0.633,0.987,-0.987,0.981,-0.855,-0.71,0.977,0.929,-0.964,0.961,0.189,-0.923,0.962,-0.913,-0.814,-0.771,-0.984,0.759,-0.965,EssenceCatalog/problems/csplib-prob010-SocialGolfers/params/87f250e5d5376de41ef672c2980ef299.param
0.932,-0.983,-0.939,-0.886,0.908,0.876,0.766,0.985,-0.323,-0.353,0.957,0.527,-0.248,0.909,0.94,0.968,-0.417,-0.964,0.935,0.836,0.158,-0.441,0.908,-0.905,-0.571,-0.962,0.431,0.963,0.919,-0.968,-0.876,-0.176,0.636,0.571,-0.944,-0.911,-0.897,-0.498,0.586,0.978,0.884,-0.222,0.756,-0.844,-0.871,0.925,-0.964,-0.983,0.97,-0.887,-0.978,-0.896,-0.935,-0.187,-0.963,0.301,0.52,0.977,-0.979,0.917,-0.618,0.603,0.953,0.542,-0.894,0.969,-0.397,-0.909,0.945,-0.602,0.26,0.466,-0.942,-0.527,-0.973,EssenceCatalog/problems/csplib-prob010-SocialGolfers/params/3756d48847ddf0d87a9f816c5a6bcf5c.param
0.967,-0.988,-0.889,-0.904,0.881,0.893,0.951,0.981,-0.901,0.784,0.983,0.892,0.409,0.978,0.932,0.98,0.724,-0.989,0.928,0.914,-0.691,-0.875,0.937,-0.964,0.86,-0.97,0.894,0.957,0.965,-0.979,-0.975,0.847,-0.713,0.914,-0.966,-0.982,-0.954,-0.963,0.922,0.97,0.933,0.828,0.659,-0.947,-0.761,0.984,-0.839,-0.992,0.989,-0.454,-0.969,-0.905,-0.907,0.81,-0.979,-0.798,-0.709,0.983,-0.987,0.979,-0.857,-0.769,0.972,0.935,-0.96,0.95,0.218,-0.916,0.954,-0.924,-0.827,-0.803,-0.986,0.765,-0.963,EssenceCatalog/problems/csplib-prob010-SocialGolfers/params/e392137590a5ab4c4f8700d385b4fac6.param
0.887,-0.934,-0.932,-0.874,0.885,0.796,0.254,0.975,0.239,-0.918,0.848,-0.083,-0.677,0.524,0.867,0.893,-0.823,-0.837,0.938,0.642,0.797,-0.091,0.803,-0.851,-0.88,-0.922,-0.052,0.937,0.799,-0.952,-0.643,-0.794,0.896,-0.008,-0.86,-0.725,-0.756,0.603,0.218,0.96,0.753,-0.851,0.595,-0.574,-0.88,0.803,-0.974,-0.943,0.834,-0.918,-0.956,-0.738,-0.938,-0.586,-0.918,0.755,0.811,0.952,-0.936,0.669,-0.293,0.882,0.859,-0.43,-0.776,0.976,-0.715,-0.864,0.901,-0.055,0.831,0.829,-0.701,-0.865,-0.958,EssenceCatalog/problems/csplib-prob010-SocialGolfers/params/e3213a2d32626b36839bdd953fb66825.param
0.882,-0.929,-0.931,-0.87,0.882,0.786,0.246,0.974,0.242,-0.921,0.836,-0.093,-0.68,0.503,0.855,0.887,-0.823,-0.826,0.938,0.63,0.805,-0.087,0.794,-0.842,-0.877,-0.918,-0.062,0.933,0.789,-0.95,-0.639,-0.798,0.9,-0.037,-0.852,-0.714,-0.752,0.619,0.217,0.957,0.747,-0.859,0.589,-0.56,-0.874,0.794,-0.971,-0.939,0.82,-0.913,-0.953,-0.729,-0.935,-0.583,-0.915,0.755,0.807,0.95,-0.931,0.639,-0.273,0.882,0.856,-0.433,-0.769,0.974,-0.711,-0.857,0.898,-0.047,0.833,0.828,-0.688,-0.861,-0.955,EssenceCatalog/problems/csplib-prob010-SocialGolfers/params/14a9d1b889b65d17bd0fe0a0f2477b45.param
0.967,-0.989,-0.889,-0.905,0.882,0.893,0.951,0.981,-0.901,0.782,0.983,0.891,0.41,0.978,0.932,0.98,0.725,-0.989,0.928,0.914,-0.69,-0.874,0.937,-0.964,0.859,-0.97,0.894,0.957,0.965,-0.979,-0.975,0.846,-0.709,0.914,-0.966,-0.982,-0.954,-0.963,0.922,0.97,0.933,0.826,0.659,-0.947,-0.764,0.984,-0.841,-0.992,0.989,-0.456,-0.969,-0.905,-0.907,0.808,-0.98,-0.796,-0.705,0.983,-0.987,0.979,-0.857,-0.766,0.972,0.934,-0.96,0.951,0.216,-0.916,0.954,-0.924,-0.826,-0.802,-0.986,0.765,-0.963,EssenceCatalog/problems/csplib-prob010-SocialGolfers/params/65d5291fb09d500e4ee96a70077473b2.param
0.963,-0.987,-0.877,-0.896,0.868,0.884,0.948,0.978,-0.9,0.798,0.981,0.887,0.424,0.977,0.927,0.977,0.731,-0.987,0.917,0.907,-0.701,-0.871,0.93,-0.961,0.867,-0.965,0.892,0.953,0.961,-0.976,-0.973,0.853,-0.73,0.917,-0.962,-0.981,-0.95,-0.962,0.92,0.966,0.927,0.837,0.641,-0.943,-0.737,0.982,-0.825,-0.99,0.988,-0.424,-0.965,-0.899,-0.896,0.817,-0.976,-0.801,-0.714,0.981,-0.985,0.977,-0.849,-0.778,0.969,0.933,-0.956,0.943,0.23,-0.91,0.948,-0.919,-0.836,-0.812,-0.985,0.768,-0.957,EssenceCatalog/problems/csplib-prob010-SocialGolfers/params/1bc91c0577e6eb3ae4c325970ad1c58f.param
0.965,-0.988,-0.883,-0.9,0.875,0.888,0.95,0.979,-0.901,0.792,0.982,0.89,0.417,0.978,0.93,0.978,0.728,-0.988,0.923,0.91,-0.697,-0.873,0.933,-0.962,0.864,-0.967,0.893,0.955,0.963,-0.977,-0.974,0.85,-0.723,0.916,-0.964,-0.981,-0.952,-0.962,0.921,0.968,0.93,0.833,0.65,-0.945,-0.748,0.983,-0.832,-0.991,0.989,-0.439,-0.967,-0.902,-0.902,0.814,-0.978,-0.8,-0.712,0.982,-0.986,0.978,-0.853,-0.774,0.97,0.934,-0.958,0.946,0.225,-0.913,0.951,-0.922,-0.832,-0.808,-0.985,0.767,-0.96,EssenceCatalog/problems/csplib-prob010-SocialGolfers/params/b315d2ded2d8d85ca6f49ce7695b1470.param
0.966,-0.988,-0.886,-0.902,0.878,0.891,0.951,0.98,-0.901,0.787,0.982,0.891,0.412,0.978,0.931,0.979,0.726,-0.988,0.925,0.912,-0.694,-0.875,0.935,-0.963,0.862,-0.969,0.894,0.956,0.964,-0.978,-0.975,0.849,-0.718,0.915,-0.965,-0.982,-0.953,-0.963,0.922,0.969,0.932,0.83,0.655,-0.946,-0.755,0.983,-0.835,-0.991,0.989,-0.447,-0.968,-0.904,-0.905,0.811,-0.979,-0.799,-0.711,0.982,-0.986,0.979,-0.855,-0.772,0.971,0.934,-0.959,0.949,0.221,-0.914,0.952,-0.923,-0.829,-0.806,-0.986,0.766,-0.961,EssenceCatalog/problems/csplib-prob010-SocialGolfers/params/3a6ffbf76b464d2d091181a3d98faa26.param
0.963,-0.987,-0.877,-0.895,0.868,0.883,0.948,0.977,-0.9,0.796,0.981,0.888,0.42,0.977,0.927,0.977,0.731,-0.987,0.917,0.907,-0.702,-0.871,0.93,-0.961,0.867,-0.965,0.892,0.953,0.961,-0.976,-0.973,0.853,-0.729,0.917,-0.962,-0.981,-0.949,-0.962,0.92,0.966,0.927,0.837,0.64,-0.943,-0.736,0.982,-0.823,-0.99,0.988,-0.422,-0.964,-0.899,-0.896,0.816,-0.976,-0.8,-0.714,0.98,-0.985,0.977,-0.849,-0.777,0.968,0.932,-0.955,0.942,0.227,-0.91,0.948,-0.919,-0.834,-0.812,-0.985,0.767,-0.957,EssenceCatalog/problems/csplib-prob010-SocialGolfers/params/12f516ad92f2377a7f427849f1121998.param
0.966,-0.989,-0.89,-0.916,0.89,0.895,0.953,0.983,-0.899,0.764,0.984,0.886,0.417,0.98,0.934,0.982,0.724,-0.989,0.933,0.918,-0.676,-0.868,0.943,-0.964,0.842,-0.973,0.893,0.958,0.969,-0.981,-0.975,0.832,-0.677,0.91,-0.967,-0.982,-0.955,-0.962,0.918,0.973,0.937,0.811,0.662,-0.949,-0.795,0.984,-0.86,-0.992,0.99,-0.475,-0.973,-0.906,-0.915,0.797,-0.981,-0.783,-0.673,0.985,-0.987,0.98,-0.857,-0.74,0.975,0.932,-0.963,0.957,0.202,-0.921,0.959,-0.92,-0.82,-0.787,-0.985,0.763,-0.965,EssenceCatalog/problems/csplib-prob010-SocialGolfers/params/fba11328fed318d3ab3068338347a30e.param
0.926,-0.976,-0.948,-0.884,0.92,0.883,0.587,0.983,-0.129,-0.687,0.937,0.312,-0.45,0.837,0.932,0.956,-0.665,-0.949,0.929,0.778,0.525,-0.354,0.88,-0.892,-0.765,-0.957,0.208,0.961,0.897,-0.961,-0.828,-0.503,0.791,0.338,-0.927,-0.866,-0.88,-0.058,0.447,0.973,0.836,-0.549,0.761,-0.776,-0.887,0.891,-0.971,-0.974,0.954,-0.916,-0.975,-0.854,-0.936,-0.429,-0.946,0.552,0.7,0.974,-0.972,0.857,-0.54,0.794,0.928,0.189,-0.883,0.978,-0.581,-0.897,0.934,-0.43,0.546,0.705,-0.885,-0.746,-0.973,EssenceCatalog/problems/csplib-prob010-SocialGolfers/params/8f5b4bacdbcf7024648f6600bf306ba4.param
0.94,-0.986,-0.925,-0.902,0.902,0.876,0.886,0.986,-0.648,0.163,0.974,0.756,0.043,0.956,0.932,0.975,0.135,-0.973,0.938,0.876,-0.304,-0.682,0.931,-0.933,0.117,-0.97,0.694,0.965,0.949,-0.975,-0.934,0.352,0.125,0.774,-0.947,-0.946,-0.927,-0.834,0.759,0.976,0.896,0.321,0.719,-0.907,-0.853,0.962,-0.936,-0.988,0.981,-0.79,-0.978,-0.905,-0.928,0.271,-0.971,-0.223,0.017,0.98,-0.985,0.955,-0.729,0.027,0.963,0.814,-0.932,0.959,-0.153,-0.911,0.949,-0.776,-0.349,-0.137,-0.971,0.108,-0.967,EssenceCatalog/problems/csplib-prob010-SocialGolfers/params/2aca80cbdca4c138820c254712057f61.param
0.964,-0.987,-0.879,-0.897,0.871,0.885,0.948,0.978,-0.901,0.796,0.981,0.888,0.42,0.977,0.928,0.977,0.73,-0.988,0.919,0.908,-0.7,-0.872,0.931,-0.961,0.866,-0.966,0.892,0.954,0.962,-0.976,-0.974,0.852,-0.728,0.917,-0.962,-0.981,-0.951,-0.962,0.921,0.966,0.928,0.836,0.644,-0.944,-0.74,0.983,-0.827,-0.991,0.988,-0.429,-0.965,-0.9,-0.898,0.816,-0.977,-0.801,-0.714,0.981,-0.985,0.978,-0.851,-0.777,0.969,0.933,-0.956,0.944,0.229,-0.911,0.949,-0.92,-0.835,-0.811,-0.985,0.767,-0.958,EssenceCatalog/problems/csplib-prob010-SocialGolfers/params/e4d3005a91c7822d66df325b35dc10e2.param
0.923,-0.969,-0.948,-0.886,0.921,0.87,0.477,0.982,0.025,-0.824,0.925,0.151,-0.528,0.746,0.921,0.941,-0.766,-0.93,0.931,0.734,0.656,-0.289,0.868,-0.886,-0.832,-0.95,0.097,0.957,0.865,-0.958,-0.77,-0.671,0.838,0.206,-0.905,-0.831,-0.861,0.205,0.323,0.971,0.807,-0.689,0.733,-0.719,-0.895,0.875,-0.975,-0.967,0.932,-0.927,-0.968,-0.825,-0.936,-0.521,-0.93,0.666,0.766,0.97,-0.965,0.824,-0.489,0.854,0.902,-0.121,-0.857,0.98,-0.668,-0.895,0.921,-0.305,0.7,0.79,-0.841,-0.823,-0.971,EssenceCatalog/problems/csplib-prob010-SocialGolfers/params/64a55939c2174e9c656e0584b500f260.param
0.965,-0.987,-0.881,-0.898,0.873,0.887,0.949,0.979,-0.901,0.792,0.981,0.889,0.414,0.977,0.929,0.978,0.729,-0.988,0.921,0.909,-0.698,-0.873,0.932,-0.962,0.866,-0.967,0.893,0.954,0.963,-0.977,-0.974,0.851,-0.724,0.916,-0.963,-0.981,-0.951,-0.962,0.921,0.967,0.929,0.834,0.647,-0.944,-0.744,0.983,-0.828,-0.991,0.988,-0.434,-0.966,-0.901,-0.9,0.814,-0.977,-0.8,-0.714,0.981,-0.986,0.978,-0.852,-0.775,0.969,0.933,-0.957,0.945,0.224,-0.912,0.95,-0.921,-0.832,-0.809,-0.985,0.766,-0.959,EssenceCatalog/problems/csplib-prob010-SocialGolfers/params/2a566b20e10bc5981aa9fb51cdb4a0e0.param
0.964,-0.987,-0.877,-0.896,0.869,0.884,0.948,0.978,-0.9,0.798,0.981,0.888,0.422,0.977,0.927,0.977,0.731,-0.987,0.917,0.907,-0.701,-0.872,0.93,-0.961,0.867,-0.965,0.892,0.953,0.962,-0.976,-0.973,0.853,-0.73,0.917,-0.962,-0.981,-0.95,-0.962,0.921,0.966,0.927,0.837,0.641,-0.943,-0.737,0.982,-0.825,-0.99,0.988,-0.425,-0.965,-0.899,-0.897,0.817,-0.976,-0.801,-0.714,0.981,-0.985,0.977,-0.849,-0.778,0.969,0.933,-0.956,0.943,0.23,-0.91,0.948,-0.919,-0.836,-0.812,-0.985,0.768,-0.957,EssenceCatalog/problems/csplib-prob010-SocialGolfers/params/1f2d6c330d665189bde478c2258b54e7.param
0.932,-0.984,-0.938,-0.887,0.908,0.876,0.778,0.985,-0.339,-0.325,0.958,0.542,-0.234,0.913,0.939,0.968,-0.389,-0.965,0.935,0.838,0.129,-0.451,0.908,-0.906,-0.545,-0.963,0.443,0.964,0.921,-0.969,-0.881,-0.144,0.614,0.587,-0.945,-0.913,-0.899,-0.522,0.595,0.977,0.884,-0.188,0.752,-0.85,-0.87,0.928,-0.964,-0.983,0.971,-0.884,-0.978,-0.898,-0.936,-0.162,-0.964,0.28,0.492,0.977,-0.98,0.921,-0.628,0.579,0.954,0.565,-0.895,0.969,-0.381,-0.91,0.945,-0.61,0.226,0.436,-0.944,-0.504,-0.972,EssenceCatalog/problems/csplib-prob010-SocialGolfers/params/2ad0459b98d05b4f70e1bd525aa6d215.param
0.92,-0.967,-0.946,-0.886,0.92,0.868,0.449,0.982,0.056,-0.838,0.923,0.115,-0.549,0.724,0.918,0.935,-0.779,-0.924,0.933,0.727,0.675,-0.277,0.865,-0.884,-0.84,-0.948,0.073,0.956,0.862,-0.957,-0.753,-0.691,0.843,0.188,-0.9,-0.822,-0.857,0.249,0.306,0.97,0.799,-0.71,0.724,-0.707,-0.896,0.873,-0.975,-0.965,0.927,-0.93,-0.967,-0.82,-0.937,-0.54,-0.927,0.684,0.772,0.968,-0.963,0.816,-0.473,0.859,0.896,-0.179,-0.85,0.98,-0.681,-0.892,0.918,-0.28,0.722,0.806,-0.836,-0.833,-0.969,EssenceCatalog/problems/csplib-prob010-SocialGolfers/params/f0d9922cdff8fb0560d4faae2683d7e1.param
0.935,-0.985,-0.932,-0.889,0.903,0.874,0.808,0.985,-0.399,-0.215,0.962,0.6,-0.186,0.926,0.941,0.97,-0.301,-0.967,0.935,0.85,0.016,-0.497,0.915,-0.912,-0.441,-0.965,0.499,0.964,0.927,-0.97,-0.895,-0.025,0.521,0.646,-0.947,-0.922,-0.901,-0.617,0.644,0.977,0.889,-0.06,0.754,-0.864,-0.864,0.936,-0.959,-0.985,0.974,-0.861,-0.978,-0.9,-0.934,-0.048,-0.966,0.157,0.404,0.977,-0.982,0.93,-0.647,0.471,0.957,0.631,-0.901,0.964,-0.341,-0.91,0.945,-0.665,0.123,0.329,-0.952,-0.414,-0.973,EssenceCatalog/problems/csplib-prob010-SocialGolfers/params/1b0ba1ffa4b64f87f0a3aa0f5892cd9b.param
0.964,-0.99,-0.889,-0.925,0.896,0.896,0.954,0.984,-0.897,0.746,0.984,0.879,0.427,0.98,0.934,0.984,0.725,-0.989,0.936,0.921,-0.663,-0.857,0.947,-0.963,0.823,-0.975,0.891,0.959,0.972,-0.981,-0.975,0.816,-0.641,0.907,-0.968,-0.982,-0.955,-0.96,0.913,0.974,0.939,0.794,0.659,-0.951,-0.821,0.983,-0.876,-0.993,0.99,-0.489,-0.976,-0.905,-0.92,0.785,-0.983,-0.766,-0.631,0.987,-0.987,0.981,-0.855,-0.709,0.977,0.929,-0.964,0.961,0.189,-0.924,0.962,-0.913,-0.814,-0.77,-0.984,0.76,-0.965,EssenceCatalog/problems/csplib-prob010-SocialGolfers/params/fa15c1fbf7ad340573b520c984fb5617.param
0.941,-0.987,-0.919,-0.902,0.902,0.876,0.892,0.985,-0.666,0.217,0.974,0.766,0.052,0.959,0.933,0.975,0.164,-0.975,0.938,0.88,-0.33,-0.693,0.932,-0.934,0.181,-0.971,0.696,0.965,0.951,-0.975,-0.939,0.416,0.063,0.793,-0.951,-0.949,-0.926,-0.842,0.774,0.975,0.898,0.366,0.722,-0.91,-0.848,0.962,-0.931,-0.988,0.981,-0.766,-0.978,-0.908,-0.927,0.337,-0.972,-0.274,-0.046,0.981,-0.985,0.956,-0.736,-0.033,0.964,0.821,-0.932,0.958,-0.146,-0.912,0.949,-0.797,-0.392,-0.177,-0.971,0.128,-0.968,EssenceCatalog/problems/csplib-prob010-SocialGolfers/params/d8c62c4f4b1ba97224d0c3cff16889da.param
0.966,-0.988,-0.888,-0.904,0.881,0.892,0.951,0.981,-0.901,0.784,0.983,0.891,0.411,0.978,0.932,0.98,0.725,-0.989,0.927,0.913,-0.692,-0.875,0.936,-0.963,0.86,-0.969,0.894,0.957,0.965,-0.979,-0.975,0.847,-0.713,0.915,-0.965,-0.982,-0.954,-0.963,0.922,0.97,0.933,0.828,0.658,-0.947,-0.761,0.984,-0.839,-0.992,0.989,-0.453,-0.969,-0.905,-0.907,0.81,-0.979,-0.797,-0.708,0.983,-0.987,0.979,-0.856,-0.768,0.972,0.934,-0.96,0.95,0.218,-0.916,0.953,-0.924,-0.828,-0.803,-0.986,0.765,-0.962,EssenceCatalog/problems/csplib-prob010-SocialGolfers/params/b2a6feb365a2bed5e29aeec0bc5e0d5e.param
0.966,-0.988,-0.886,-0.903,0.879,0.891,0.951,0.98,-0.901,0.787,0.982,0.891,0.412,0.978,0.931,0.979,0.726,-0.988,0.926,0.912,-0.694,-0.875,0.935,-0.963,0.862,-0.969,0.894,0.956,0.964,-0.978,-0.975,0.849,-0.717,0.915,-0.965,-0.982,-0.953,-0.963,0.922,0.969,0.932,0.83,0.656,-0.946,-0.756,0.983,-0.836,-0.991,0.989,-0.448,-0.968,-0.904,-0.905,0.811,-0.979,-0.799,-0.711,0.983,-0.986,0.979,-0.855,-0.771,0.971,0.934,-0.959,0.949,0.221,-0.915,0.952,-0.923,-0.83,-0.805,-0.986,0.766,-0.961,EssenceCatalog/problems/csplib-prob010-SocialGolfers/params/fbc35d21c4230071cb81743cff2c1efc.param
0.882,-0.93,-0.93,-0.868,0.881,0.785,0.244,0.974,0.244,-0.92,0.837,-0.098,-0.68,0.504,0.855,0.887,-0.823,-0.826,0.938,0.631,0.804,-0.081,0.794,-0.839,-0.878,-0.918,-0.064,0.933,0.788,-0.949,-0.636,-0.795,0.899,-0.04,-0.853,-0.716,-0.755,0.619,0.212,0.957,0.745,-0.859,0.594,-0.559,-0.874,0.793,-0.971,-0.939,0.821,-0.913,-0.953,-0.729,-0.935,-0.58,-0.915,0.755,0.807,0.95,-0.93,0.636,-0.275,0.881,0.855,-0.434,-0.767,0.974,-0.712,-0.857,0.898,-0.052,0.834,0.827,-0.69,-0.861,-0.956,EssenceCatalog/problems/csplib-prob010-SocialGolfers/params/ae01c6f2381217ec391946a456c3bc02.param
0.964,-0.99,-0.89,-0.926,0.897,0.895,0.953,0.984,-0.893,0.735,0.983,0.876,0.419,0.98,0.934,0.984,0.716,-0.989,0.936,0.92,-0.654,-0.853,0.947,-0.963,0.812,-0.975,0.887,0.959,0.972,-0.981,-0.975,0.808,-0.623,0.904,-0.967,-0.981,-0.955,-0.958,0.911,0.975,0.938,0.785,0.661,-0.951,-0.825,0.983,-0.879,-0.992,0.99,-0.499,-0.977,-0.904,-0.92,0.776,-0.983,-0.756,-0.614,0.987,-0.987,0.98,-0.852,-0.693,0.977,0.927,-0.964,0.961,0.178,-0.924,0.962,-0.91,-0.807,-0.759,-0.983,0.75,-0.966,EssenceCatalog/problems/csplib-prob010-SocialGolfers/params/8bcabae4230c76ec53c1e8a65aac9af1.param
0.935,-0.986,-0.926,-0.898,0.903,0.874,0.872,0.986,-0.592,0.057,0.972,0.729,-0.015,0.951,0.932,0.974,0.023,-0.97,0.937,0.868,-0.234,-0.638,0.926,-0.927,-0.028,-0.97,0.648,0.965,0.944,-0.973,-0.925,0.262,0.241,0.746,-0.945,-0.938,-0.921,-0.793,0.721,0.976,0.889,0.224,0.724,-0.897,-0.857,0.956,-0.942,-0.987,0.979,-0.814,-0.978,-0.905,-0.93,0.179,-0.97,-0.116,0.112,0.979,-0.984,0.949,-0.707,0.152,0.961,0.784,-0.924,0.959,-0.194,-0.91,0.947,-0.742,-0.237,-0.025,-0.967,-0.017,-0.967,EssenceCatalog/problems/csplib-prob010-SocialGolfers/params/5c06208ac8b0217cce804373d8ceb42d.param
0.967,-0.989,-0.89,-0.906,0.882,0.893,0.952,0.981,-0.901,0.782,0.983,0.892,0.41,0.979,0.933,0.98,0.724,-0.989,0.929,0.914,-0.69,-0.876,0.937,-0.964,0.859,-0.97,0.894,0.957,0.966,-0.979,-0.975,0.846,-0.711,0.914,-0.966,-0.982,-0.954,-0.963,0.922,0.97,0.934,0.826,0.661,-0.947,-0.764,0.984,-0.841,-0.992,0.99,-0.458,-0.969,-0.906,-0.908,0.809,-0.98,-0.797,-0.708,0.983,-0.987,0.98,-0.857,-0.767,0.972,0.935,-0.96,0.951,0.217,-0.916,0.954,-0.925,-0.827,-0.802,-0.986,0.765,-0.963,EssenceCatalog/problems/csplib-prob010-SocialGolfers/params/88e096abfb676976b5b86958879c943f.param
0.967,-0.989,-0.89,-0.907,0.883,0.894,0.952,0.981,-0.901,0.78,0.983,0.891,0.409,0.979,0.933,0.98,0.724,-0.989,0.929,0.915,-0.688,-0.875,0.938,-0.964,0.857,-0.97,0.894,0.958,0.966,-0.979,-0.975,0.845,-0.706,0.914,-0.966,-0.982,-0.954,-0.963,0.922,0.971,0.934,0.824,0.661,-0.947,-0.768,0.984,-0.843,-0.992,0.99,-0.46,-0.969,-0.906,-0.909,0.807,-0.98,-0.795,-0.704,0.984,-0.987,0.98,-0.857,-0.764,0.972,0.934,-0.961,0.952,0.215,-0.917,0.955,-0.924,-0.826,-0.8,-0.986,0.765,-0.963,EssenceCatalog/problems/csplib-prob010-SocialGolfers/params/d226da82dc45c3fee6a7dd05ed933a10.param
0.875,-0.923,-0.927,-0.861,0.876,0.772,0.235,0.971,0.244,-0.921,0.824,-0.106,-0.681,0.482,0.84,0.879,-0.82,-0.813,0.936,0.615,0.808,-0.075,0.785,-0.828,-0.873,-0.913,-0.068,0.928,0.775,-0.947,-0.627,-0.79,0.901,-0.073,-0.842,-0.699,-0.748,0.632,0.211,0.953,0.733,-0.863,0.585,-0.544,-0.866,0.784,-0.967,-0.933,0.803,-0.905,-0.948,-0.716,-0.93,-0.573,-0.911,0.751,0.802,0.945,-0.923,0.601,-0.256,0.88,0.848,-0.431,-0.756,0.972,-0.71,-0.847,0.893,-0.046,0.833,0.822,-0.677,-0.856,-0.952,EssenceCatalog/problems/csplib-prob010-SocialGolfers/params/944aae2641e6f50979be0704d797e39a.param
0.965,-0.987,-0.881,-0.899,0.874,0.887,0.949,0.979,-0.901,0.792,0.982,0.889,0.418,0.977,0.929,0.978,0.728,-0.988,0.921,0.91,-0.698,-0.872,0.933,-0.962,0.864,-0.967,0.892,0.954,0.963,-0.977,-0.974,0.85,-0.723,0.916,-0.963,-0.981,-0.951,-0.962,0.921,0.967,0.929,0.833,0.648,-0.944,-0.747,0.983,-0.83,-0.991,0.988,-0.435,-0.966,-0.901,-0.9,0.814,-0.978,-0.799,-0.711,0.982,-0.986,0.978,-0.852,-0.773,0.97,0.933,-0.957,0.946,0.223,-0.912,0.95,-0.921,-0.832,-0.808,-0.985,0.767,-0.959,EssenceCatalog/problems/csplib-prob010-SocialGolfers/params/e5d5e69ff1ded7731095209e09f6a793.param
0.966,-0.988,-0.888,-0.905,0.881,0.892,0.951,0.981,-0.901,0.784,0.983,0.891,0.411,0.978,0.932,0.98,0.725,-0.989,0.927,0.914,-0.691,-0.875,0.936,-0.963,0.86,-0.97,0.894,0.957,0.965,-0.979,-0.975,0.847,-0.712,0.914,-0.965,-0.982,-0.954,-0.963,0.922,0.97,0.933,0.827,0.658,-0.946,-0.761,0.984,-0.839,-0.992,0.989,-0.453,-0.969,-0.905,-0.907,0.809,-0.979,-0.797,-0.708,0.983,-0.987,0.979,-0.856,-0.768,0.972,0.934,-0.96,0.95,0.218,-0.916,0.953,-0.924,-0.828,-0.803,-0.986,0.765,-0.962,EssenceCatalog/problems/csplib-prob010-SocialGolfers/params/c90c491fd991222d3c94159549a39174.param
0.964,-0.987,-0.879,-0.897,0.87,0.885,0.948,0.978,-0.901,0.796,0.981,0.888,0.42,0.977,0.928,0.977,0.73,-0.987,0.919,0.908,-0.7,-0.872,0.931,-0.961,0.867,-0.966,0.892,0.953,0.962,-0.976,-0.974,0.852,-0.728,0.917,-0.962,-0.981,-0.951,-0.962,0.921,0.966,0.928,0.836,0.643,-0.944,-0.74,0.983,-0.826,-0.991,0.988,-0.428,-0.965,-0.9,-0.898,0.816,-0.977,-0.801,-0.714,0.981,-0.985,0.978,-0.85,-0.778,0.969,0.933,-0.956,0.944,0.229,-0.911,0.949,-0.92,-0.835,-0.812,-0.985,0.767,-0.958,EssenceCatalog/problems/csplib-prob010-SocialGolfers/params/5f519fd181c18aea62c3650c15739db7.param
0.965,-0.99,-0.89,-0.921,0.893,0.896,0.954,0.983,-0.898,0.756,0.984,0.883,0.421,0.98,0.934,0.983,0.725,-0.989,0.935,0.92,-0.67,-0.863,0.944,-0.964,0.834,-0.974,0.892,0.959,0.97,-0.981,-0.975,0.825,-0.661,0.909,-0.967,-0.982,-0.955,-0.961,0.916,0.974,0.938,0.803,0.661,-0.95,-0.807,0.983,-0.867,-0.992,0.99,-0.482,-0.974,-0.905,-0.917,0.792,-0.982,-0.776,-0.654,0.986,-0.987,0.981,-0.857,-0.726,0.976,0.931,-0.964,0.959,0.196,-0.922,0.96,-0.917,-0.818,-0.78,-0.985,0.762,-0.965,EssenceCatalog/problems/csplib-prob010-SocialGolfers/params/ffa2d8144c52b9f05ee22fb124f8ab50.param
0.966,-0.989,-0.891,-0.915,0.89,0.895,0.953,0.983,-0.899,0.765,0.983,0.887,0.415,0.979,0.934,0.982,0.724,-0.989,0.933,0.918,-0.677,-0.868,0.942,-0.964,0.844,-0.973,0.893,0.958,0.969,-0.98,-0.975,0.833,-0.68,0.91,-0.967,-0.982,-0.955,-0.962,0.918,0.973,0.937,0.812,0.662,-0.949,-0.792,0.984,-0.858,-0.992,0.99,-0.474,-0.973,-0.906,-0.914,0.798,-0.981,-0.784,-0.676,0.985,-0.987,0.98,-0.857,-0.742,0.974,0.932,-0.963,0.956,0.203,-0.92,0.958,-0.92,-0.82,-0.788,-0.985,0.762,-0.965,EssenceCatalog/problems/csplib-prob010-SocialGolfers/params/c019ebcf3567cff9a33398aa0a6ff427.param
0.967,-0.989,-0.891,-0.91,0.886,0.895,0.952,0.982,-0.901,0.776,0.983,0.891,0.411,0.979,0.933,0.981,0.724,-0.989,0.931,0.916,-0.685,-0.874,0.939,-0.964,0.854,-0.971,0.894,0.958,0.967,-0.98,-0.975,0.842,-0.699,0.913,-0.967,-0.982,-0.955,-0.963,0.921,0.971,0.935,0.821,0.663,-0.948,-0.776,0.984,-0.848,-0.992,0.99,-0.466,-0.971,-0.906,-0.911,0.805,-0.981,-0.793,-0.697,0.984,-0.987,0.98,-0.858,-0.758,0.973,0.934,-0.962,0.954,0.211,-0.918,0.956,-0.924,-0.824,-0.797,-0.986,0.764,-0.964,EssenceCatalog/problems/csplib-prob010-SocialGolfers/params/d528f932d81e30a27c49f8a9e9ac2c8b.param
0.967,-0.989,-0.89,-0.906,0.883,0.894,0.952,0.981,-0.901,0.782,0.983,0.892,0.41,0.979,0.933,0.98,0.724,-0.989,0.929,0.915,-0.69,-0.875,0.937,-0.964,0.859,-0.97,0.894,0.958,0.966,-0.979,-0.975,0.846,-0.71,0.914,-0.966,-0.982,-0.954,-0.963,0.922,0.97,0.934,0.826,0.661,-0.947,-0.765,0.984,-0.842,-0.992,0.99,-0.459,-0.969,-0.906,-0.908,0.809,-0.98,-0.797,-0.707,0.983,-0.987,0.98,-0.857,-0.767,0.972,0.935,-0.961,0.951,0.217,-0.917,0.954,-0.925,-0.826,-0.802,-0.986,0.765,-0.963,EssenceCatalog/problems/csplib-prob010-SocialGolfers/params/f64e039106572c1a3844c02700a34d07.param
0.966,-0.989,-0.888,-0.909,0.884,0.893,0.952,0.981,-0.9,0.775,0.983,0.888,0.412,0.979,0.932,0.981,0.725,-0.989,0.929,0.915,-0.685,-0.871,0.939,-0.963,0.853,-0.971,0.893,0.957,0.967,-0.979,-0.975,0.84,-0.696,0.912,-0.966,-0.982,-0.954,-0.962,0.92,0.971,0.934,0.82,0.659,-0.947,-0.775,0.983,-0.847,-0.992,0.989,-0.461,-0.97,-0.905,-0.909,0.803,-0.98,-0.79,-0.692,0.984,-0.987,0.98,-0.856,-0.755,0.973,0.933,-0.961,0.953,0.209,-0.917,0.955,-0.921,-0.824,-0.796,-0.985,0.764,-0.963,EssenceCatalog/problems/csplib-prob010-SocialGolfers/params/3755ba2000f1e216cc9c3dec96d3c204.param
0.932,-0.982,-0.942,-0.884,0.911,0.879,0.737,0.985,-0.291,-0.42,0.953,0.491,-0.285,0.899,0.939,0.966,-0.47,-0.962,0.934,0.825,0.239,-0.433,0.905,-0.902,-0.612,-0.961,0.394,0.963,0.917,-0.967,-0.868,-0.238,0.676,0.534,-0.942,-0.905,-0.896,-0.43,0.565,0.977,0.877,-0.293,0.759,-0.833,-0.873,0.919,-0.965,-0.982,0.968,-0.896,-0.978,-0.89,-0.936,-0.241,-0.96,0.357,0.56,0.977,-0.978,0.908,-0.601,0.653,0.95,0.485,-0.892,0.972,-0.431,-0.907,0.944,-0.576,0.314,0.53,-0.934,-0.58,-0.974,EssenceCatalog/problems/csplib-prob010-SocialGolfers/params/8ea73dc63edf82dbc11879ab1f857061.param
0.966,-0.99,-0.89,-0.918,0.891,0.895,0.953,0.983,-0.899,0.761,0.983,0.885,0.419,0.98,0.933,0.982,0.725,-0.989,0.934,0.919,-0.674,-0.865,0.943,-0.964,0.839,-0.973,0.892,0.958,0.969,-0.981,-0.975,0.829,-0.67,0.91,-0.967,-0.982,-0.955,-0.962,0.917,0.973,0.937,0.808,0.661,-0.95,-0.8,0.983,-0.863,-0.992,0.99,-0.477,-0.974,-0.905,-0.915,0.795,-0.982,-0.78,-0.664,0.986,-0.987,0.98,-0.857,-0.733,0.975,0.932,-0.963,0.958,0.199,-0.921,0.959,-0.918,-0.819,-0.784,-0.985,0.762,-0.965,EssenceCatalog/problems/csplib-prob010-SocialGolfers/params/c1a3193ba5636943ff916486da3beaba.param
0.866,-0.918,-0.926,-0.859,0.873,0.761,0.228,0.969,0.251,-0.924,0.813,-0.1,-0.687,0.46,0.825,0.875,-0.817,-0.806,0.934,0.604,0.812,-0.072,0.777,-0.819,-0.87,-0.909,-0.068,0.924,0.766,-0.945,-0.622,-0.792,0.903,-0.101,-0.833,-0.684,-0.74,0.643,0.208,0.95,0.727,-0.869,0.572,-0.532,-0.862,0.777,-0.964,-0.927,0.788,-0.899,-0.946,-0.706,-0.928,-0.574,-0.909,0.753,0.799,0.94,-0.918,0.579,-0.234,0.879,0.844,-0.433,-0.749,0.969,-0.703,-0.839,0.887,-0.031,0.833,0.82,-0.664,-0.851,-0.948,EssenceCatalog/problems/csplib-prob010-SocialGolfers/params/883a086c151a4fdac589b486013f5f3d.param
0.963,-0.986,-0.875,-0.895,0.867,0.882,0.947,0.977,-0.9,0.799,0.98,0.887,0.422,0.976,0.926,0.977,0.732,-0.987,0.916,0.906,-0.703,-0.871,0.929,-0.96,0.868,-0.965,0.892,0.952,0.961,-0.975,-0.973,0.853,-0.732,0.918,-0.961,-0.98,-0.949,-0.962,0.92,0.965,0.926,0.838,0.638,-0.943,-0.734,0.982,-0.822,-0.99,0.988,-0.418,-0.964,-0.898,-0.895,0.817,-0.976,-0.801,-0.715,0.98,-0.985,0.977,-0.848,-0.779,0.968,0.932,-0.955,0.941,0.23,-0.909,0.947,-0.918,-0.836,-0.814,-0.985,0.768,-0.956,EssenceCatalog/problems/csplib-prob010-SocialGolfers/params/ord36-9-8-8.param
0.92,-0.968,-0.946,-0.887,0.919,0.866,0.45,0.982,0.057,-0.839,0.923,0.116,-0.544,0.725,0.918,0.936,-0.779,-0.925,0.932,0.727,0.676,-0.269,0.864,-0.883,-0.842,-0.949,0.076,0.956,0.86,-0.957,-0.755,-0.691,0.845,0.182,-0.9,-0.822,-0.855,0.25,0.302,0.971,0.8,-0.71,0.724,-0.706,-0.896,0.872,-0.975,-0.966,0.927,-0.929,-0.967,-0.819,-0.936,-0.537,-0.927,0.685,0.774,0.968,-0.963,0.815,-0.475,0.86,0.896,-0.176,-0.85,0.98,-0.682,-0.893,0.919,-0.282,0.721,0.801,-0.832,-0.833,-0.969,EssenceCatalog/problems/csplib-prob010-SocialGolfers/params/290f42ff09f98f3f33e301b76bab68db.param
0.965,-0.988,-0.882,-0.9,0.874,0.888,0.949,0.979,-0.901,0.792,0.982,0.889,0.417,0.978,0.929,0.978,0.728,-0.988,0.922,0.91,-0.697,-0.873,0.933,-0.962,0.864,-0.967,0.893,0.955,0.963,-0.977,-0.974,0.85,-0.722,0.916,-0.964,-0.981,-0.952,-0.962,0.921,0.968,0.93,0.833,0.649,-0.945,-0.748,0.983,-0.831,-0.991,0.989,-0.438,-0.967,-0.902,-0.901,0.814,-0.978,-0.8,-0.712,0.982,-0.986,0.978,-0.853,-0.774,0.97,0.934,-0.958,0.946,0.225,-0.913,0.951,-0.922,-0.832,-0.808,-0.985,0.767,-0.96,EssenceCatalog/problems/csplib-prob010-SocialGolfers/params/689e96dc9029ca5f826d194fde1531d0.param
0.966,-0.988,-0.886,-0.902,0.878,0.89,0.95,0.98,-0.901,0.789,0.982,0.891,0.412,0.978,0.931,0.979,0.726,-0.988,0.925,0.912,-0.695,-0.875,0.935,-0.963,0.863,-0.968,0.894,0.956,0.964,-0.978,-0.975,0.85,-0.719,0.915,-0.965,-0.982,-0.953,-0.963,0.922,0.969,0.931,0.831,0.655,-0.946,-0.753,0.983,-0.834,-0.991,0.989,-0.446,-0.967,-0.904,-0.904,0.812,-0.979,-0.799,-0.713,0.982,-0.986,0.979,-0.855,-0.773,0.971,0.934,-0.959,0.948,0.222,-0.914,0.952,-0.924,-0.83,-0.806,-0.986,0.766,-0.961,EssenceCatalog/problems/csplib-prob010-SocialGolfers/params/6fbbee400369a7899d105ab4eb703bba.param
0.932,-0.982,-0.943,-0.884,0.912,0.879,0.728,0.985,-0.276,-0.438,0.952,0.478,-0.293,0.897,0.939,0.966,-0.484,-0.962,0.934,0.824,0.26,-0.424,0.904,-0.901,-0.628,-0.961,0.381,0.963,0.916,-0.966,-0.866,-0.259,0.688,0.521,-0.942,-0.902,-0.895,-0.406,0.557,0.977,0.876,-0.315,0.76,-0.83,-0.875,0.917,-0.966,-0.981,0.967,-0.898,-0.978,-0.889,-0.936,-0.257,-0.96,0.373,0.575,0.977,-0.978,0.905,-0.597,0.667,0.949,0.468,-0.891,0.973,-0.439,-0.906,0.944,-0.567,0.332,0.547,-0.932,-0.595,-0.974,EssenceCatalog/problems/csplib-prob010-SocialGolfers/params/27bec11dc8f7019638bb8eaf6b1a59ac.param
0.964,-0.987,-0.88,-0.899,0.872,0.886,0.949,0.979,-0.901,0.795,0.981,0.888,0.421,0.977,0.929,0.978,0.729,-0.988,0.92,0.909,-0.699,-0.872,0.932,-0.961,0.865,-0.967,0.892,0.954,0.963,-0.977,-0.974,0.851,-0.726,0.916,-0.963,-0.981,-0.951,-0.962,0.921,0.967,0.928,0.834,0.646,-0.944,-0.744,0.983,-0.829,-0.991,0.988,-0.433,-0.966,-0.901,-0.9,0.815,-0.977,-0.801,-0.712,0.981,-0.986,0.978,-0.852,-0.775,0.969,0.933,-0.957,0.945,0.227,-0.912,0.95,-0.92,-0.834,-0.81,-0.985,0.767,-0.958,EssenceCatalog/problems/csplib-prob010-SocialGolfers/params/d8b47cb1ec9bec66216ba7d98c1f0915.param
0.965,-0.988,-0.882,-0.9,0.875,0.888,0.949,0.979,-0.901,0.791,0.982,0.889,0.417,0.978,0.929,0.978,0.728,-0.988,0.922,0.91,-0.697,-0.873,0.933,-0.962,0.864,-0.967,0.893,0.955,0.963,-0.977,-0.974,0.85,-0.722,0.916,-0.964,-0.981,-0.952,-0.962,0.921,0.968,0.93,0.833,0.65,-0.945,-0.749,0.983,-0.832,-0.991,0.989,-0.439,-0.967,-0.902,-0.901,0.814,-0.978,-0.799,-0.711,0.982,-0.986,0.978,-0.853,-0.773,0.97,0.934,-0.958,0.946,0.224,-0.913,0.951,-0.921,-0.832,-0.808,-0.985,0.766,-0.96,EssenceCatalog/problems/csplib-prob010-SocialGolfers/params/90a77aa9fb59f64657438704a4e0f1ee.param
0.964,-0.987,-0.88,-0.898,0.871,0.886,0.949,0.978,-0.901,0.795,0.981,0.889,0.418,0.977,0.928,0.978,0.729,-0.988,0.92,0.908,-0.7,-0.873,0.932,-0.961,0.866,-0.966,0.892,0.954,0.962,-0.976,-0.974,0.852,-0.727,0.917,-0.963,-0.981,-0.951,-0.962,0.921,0.967,0.928,0.835,0.645,-0.944,-0.741,0.983,-0.827,-0.991,0.988,-0.431,-0.966,-0.901,-0.899,0.815,-0.977,-0.801,-0.715,0.981,-0.985,0.978,-0.851,-0.777,0.969,0.933,-0.957,0.944,0.228,-0.912,0.949,-0.921,-0.834,-0.81,-0.985,0.767,-0.958,EssenceCatalog/problems/csplib-prob010-SocialGolfers/params/38821fd9370b51c0fe558b3d3bb5f4f6.param
0.964,-0.99,-0.889,-0.926,0.896,0.895,0.954,0.984,-0.896,0.744,0.984,0.878,0.427,0.98,0.934,0.984,0.725,-0.989,0.936,0.921,-0.661,-0.856,0.947,-0.963,0.822,-0.975,0.89,0.958,0.972,-0.981,-0.975,0.814,-0.637,0.906,-0.967,-0.982,-0.955,-0.96,0.913,0.975,0.939,0.792,0.659,-0.951,-0.823,0.983,-0.877,-0.992,0.99,-0.489,-0.976,-0.904,-0.92,0.783,-0.983,-0.765,-0.626,0.987,-0.987,0.981,-0.855,-0.705,0.977,0.928,-0.964,0.961,0.187,-0.924,0.962,-0.912,-0.814,-0.769,-0.984,0.759,-0.965,EssenceCatalog/problems/csplib-prob010-SocialGolfers/params/e6d08c041658c4eafbdbd71d1d9263af.param
0.922,-0.97,-0.948,-0.885,0.921,0.871,0.487,0.982,0.011,-0.817,0.928,0.166,-0.521,0.753,0.922,0.942,-0.761,-0.932,0.932,0.736,0.65,-0.301,0.871,-0.887,-0.825,-0.951,0.108,0.958,0.869,-0.958,-0.772,-0.66,0.834,0.225,-0.907,-0.835,-0.865,0.187,0.328,0.971,0.809,-0.679,0.737,-0.725,-0.894,0.878,-0.974,-0.968,0.934,-0.927,-0.968,-0.829,-0.936,-0.518,-0.93,0.658,0.76,0.97,-0.966,0.829,-0.491,0.851,0.905,-0.102,-0.859,0.98,-0.663,-0.894,0.922,-0.311,0.69,0.788,-0.849,-0.819,-0.971,EssenceCatalog/problems/csplib-prob010-SocialGolfers/params/d85b17e2c9a14e907cf5345e9987b043.param
0.965,-0.987,-0.881,-0.9,0.873,0.887,0.949,0.979,-0.901,0.793,0.982,0.889,0.419,0.977,0.929,0.978,0.728,-0.988,0.922,0.91,-0.698,-0.873,0.933,-0.962,0.864,-0.967,0.892,0.954,0.963,-0.977,-0.974,0.85,-0.724,0.916,-0.963,-0.981,-0.952,-0.962,0.921,0.967,0.929,0.834,0.648,-0.945,-0.747,0.983,-0.831,-0.991,0.989,-0.436,-0.966,-0.902,-0.901,0.814,-0.978,-0.8,-0.712,0.982,-0.986,0.978,-0.852,-0.774,0.97,0.934,-0.957,0.946,0.226,-0.913,0.95,-0.921,-0.833,-0.809,-0.985,0.767,-0.959,EssenceCatalog/problems/csplib-prob010-SocialGolfers/params/c0b5a2579129c39ac89962ada4f84278.param
0.966,-0.988,-0.885,-0.902,0.878,0.89,0.95,0.98,-0.901,0.788,0.982,0.89,0.415,0.978,0.931,0.979,0.726,-0.988,0.925,0.912,-0.694,-0.874,0.935,-0.963,0.862,-0.968,0.893,0.956,0.964,-0.978,-0.975,0.849,-0.718,0.915,-0.964,-0.982,-0.953,-0.963,0.921,0.969,0.931,0.83,0.654,-0.946,-0.755,0.983,-0.836,-0.991,0.989,-0.446,-0.968,-0.903,-0.904,0.812,-0.979,-0.798,-0.709,0.982,-0.986,0.979,-0.854,-0.771,0.971,0.934,-0.959,0.948,0.222,-0.914,0.952,-0.922,-0.83,-0.806,-0.986,0.766,-0.961,EssenceCatalog/problems/csplib-prob010-SocialGolfers/params/fe5745b75c74d9a85bd9cf026aa63ff9.param
0.907,-0.949,-0.937,-0.884,0.899,0.828,0.306,0.979,0.201,-0.899,0.883,-0.042,-0.638,0.603,0.894,0.911,-0.821,-0.875,0.938,0.68,0.764,-0.142,0.829,-0.868,-0.878,-0.936,-0.02,0.946,0.822,-0.956,-0.677,-0.775,0.88,0.061,-0.878,-0.762,-0.79,0.505,0.239,0.966,0.765,-0.814,0.64,-0.622,-0.892,0.833,-0.977,-0.954,0.878,-0.93,-0.961,-0.768,-0.941,-0.572,-0.924,0.741,0.805,0.958,-0.949,0.741,-0.373,0.879,0.867,-0.382,-0.804,0.98,-0.714,-0.881,0.907,-0.134,0.81,0.828,-0.753,-0.866,-0.964,EssenceCatalog/problems/csplib-prob010-SocialGolfers/params/b081537c818f91947110e2c04ef59fc5.param
0.965,-0.987,-0.881,-0.899,0.872,0.887,0.949,0.979,-0.901,0.794,0.981,0.889,0.42,0.977,0.929,0.978,0.729,-0.988,0.921,0.909,-0.699,-0.873,0.932,-0.962,0.865,-0.967,0.892,0.954,0.963,-0.977,-0.974,0.851,-0.725,0.917,-0.963,-0.981,-0.951,-0.962,0.921,0.967,0.929,0.834,0.647,-0.944,-0.744,0.983,-0.829,-0.991,0.988,-0.434,-0.966,-0.901,-0.9,0.815,-0.977,-0.801,-0.713,0.981,-0.986,0.978,-0.852,-0.775,0.97,0.933,-0.957,0.945,0.227,-0.912,0.95,-0.921,-0.834,-0.81,-0.985,0.767,-0.959,EssenceCatalog/problems/csplib-prob010-SocialGolfers/params/089c8da7fecfe2607631be91d1942a9a.param
0.907,-0.948,-0.936,-0.883,0.898,0.826,0.309,0.978,0.201,-0.898,0.882,-0.049,-0.638,0.603,0.894,0.91,-0.823,-0.875,0.938,0.681,0.765,-0.14,0.83,-0.867,-0.878,-0.936,-0.029,0.946,0.822,-0.956,-0.676,-0.774,0.878,0.063,-0.879,-0.766,-0.792,0.508,0.24,0.966,0.764,-0.816,0.64,-0.623,-0.893,0.832,-0.977,-0.955,0.878,-0.93,-0.961,-0.767,-0.941,-0.57,-0.924,0.741,0.806,0.958,-0.948,0.74,-0.371,0.879,0.867,-0.388,-0.801,0.98,-0.717,-0.88,0.908,-0.136,0.811,0.83,-0.754,-0.867,-0.964,EssenceCatalog/problems/csplib-prob010-SocialGolfers/params/058c50897554d0a06256e0edb697fc87.param
0.884,-0.931,-0.931,-0.871,0.882,0.789,0.246,0.974,0.242,-0.92,0.84,-0.092,-0.68,0.509,0.859,0.889,-0.824,-0.829,0.938,0.634,0.803,-0.084,0.797,-0.844,-0.879,-0.919,-0.06,0.934,0.792,-0.95,-0.639,-0.796,0.899,-0.029,-0.855,-0.718,-0.753,0.615,0.215,0.958,0.748,-0.857,0.592,-0.564,-0.876,0.796,-0.972,-0.94,0.824,-0.915,-0.954,-0.732,-0.936,-0.582,-0.916,0.755,0.808,0.95,-0.932,0.647,-0.279,0.882,0.856,-0.433,-0.77,0.975,-0.713,-0.859,0.899,-0.051,0.833,0.828,-0.693,-0.863,-0.956,EssenceCatalog/problems/csplib-prob010-SocialGolfers/params/b96db2a0c75e8b0d5f46f523fe6e0aa4.param
0.965,-0.99,-0.89,-0.922,0.894,0.896,0.954,0.983,-0.898,0.752,0.984,0.882,0.423,0.98,0.934,0.983,0.725,-0.989,0.935,0.92,-0.667,-0.861,0.945,-0.964,0.83,-0.974,0.891,0.959,0.971,-0.981,-0.975,0.822,-0.654,0.908,-0.967,-0.982,-0.955,-0.961,0.915,0.974,0.938,0.8,0.66,-0.95,-0.813,0.983,-0.871,-0.992,0.99,-0.484,-0.975,-0.905,-0.918,0.789,-0.982,-0.772,-0.646,0.986,-0.987,0.981,-0.856,-0.72,0.976,0.93,-0.964,0.96,0.193,-0.923,0.961,-0.915,-0.816,-0.776,-0.984,0.761,-0.965,EssenceCatalog/problems/csplib-prob010-SocialGolfers/params/5d61acaf00c972d40a1182c389f82a0e.param
0.964,-0.99,-0.889,-0.926,0.896,0.896,0.954,0.984,-0.896,0.744,0.984,0.878,0.427,0.98,0.934,0.984,0.725,-0.989,0.936,0.921,-0.661,-0.856,0.947,-0.963,0.821,-0.975,0.89,0.959,0.972,-0.982,-0.975,0.814,-0.638,0.906,-0.968,-0.982,-0.955,-0.96,0.913,0.975,0.939,0.792,0.659,-0.951,-0.823,0.983,-0.877,-0.993,0.99,-0.49,-0.976,-0.904,-0.92,0.784,-0.983,-0.765,-0.627,0.987,-0.987,0.981,-0.855,-0.706,0.977,0.929,-0.964,0.961,0.187,-0.924,0.962,-0.912,-0.814,-0.769,-0.984,0.759,-0.965,EssenceCatalog/problems/csplib-prob010-SocialGolfers/params/4688da430afd94c8463e17f66cab4183.param
0.961,-0.989,-0.895,-0.924,0.899,0.893,0.947,0.984,-0.872,0.679,0.982,0.863,0.369,0.978,0.933,0.983,0.66,-0.987,0.937,0.915,-0.616,-0.834,0.945,-0.959,0.754,-0.974,0.87,0.96,0.969,-0.981,-0.971,0.766,-0.542,0.891,-0.965,-0.978,-0.952,-0.949,0.897,0.975,0.933,0.74,0.674,-0.946,-0.832,0.981,-0.89,-0.992,0.989,-0.552,-0.977,-0.904,-0.921,0.726,-0.981,-0.706,-0.537,0.986,-0.987,0.978,-0.84,-0.621,0.975,0.916,-0.961,0.961,0.122,-0.921,0.96,-0.897,-0.767,-0.699,-0.982,0.692,-0.966,EssenceCatalog/problems/csplib-prob010-SocialGolfers/params/91f2d2cba6d5899940fbd00e32bd496e.param
0.966,-0.988,-0.886,-0.906,0.882,0.891,0.951,0.981,-0.9,0.779,0.982,0.889,0.412,0.978,0.931,0.98,0.725,-0.988,0.927,0.914,-0.688,-0.871,0.937,-0.963,0.856,-0.97,0.892,0.956,0.966,-0.979,-0.975,0.842,-0.703,0.913,-0.965,-0.982,-0.953,-0.962,0.92,0.97,0.933,0.823,0.656,-0.946,-0.768,0.983,-0.843,-0.992,0.989,-0.454,-0.969,-0.904,-0.907,0.806,-0.979,-0.793,-0.697,0.983,-0.986,0.979,-0.855,-0.759,0.972,0.933,-0.96,0.951,0.212,-0.916,0.954,-0.921,-0.825,-0.798,-0.985,0.764,-0.962,EssenceCatalog/problems/csplib-prob010-SocialGolfers/params/7e109e582b8a3963240626564134ff7e.param
0.92,-0.967,-0.946,-0.888,0.918,0.865,0.446,0.982,0.059,-0.834,0.92,0.121,-0.546,0.729,0.918,0.937,-0.774,-0.924,0.931,0.729,0.671,-0.26,0.858,-0.883,-0.845,-0.948,0.069,0.956,0.86,-0.957,-0.758,-0.69,0.847,0.174,-0.9,-0.817,-0.847,0.247,0.313,0.971,0.8,-0.707,0.721,-0.704,-0.895,0.87,-0.975,-0.965,0.928,-0.928,-0.967,-0.817,-0.937,-0.533,-0.93,0.68,0.776,0.967,-0.962,0.811,-0.477,0.859,0.896,-0.154,-0.852,0.98,-0.677,-0.892,0.918,-0.285,0.716,0.794,-0.825,-0.831,-0.969,EssenceCatalog/problems/csplib-prob010-SocialGolfers/params/696af2594d8e59243b00a2a865dab49d.param
0.891,-0.934,-0.931,-0.874,0.885,0.797,0.26,0.975,0.235,-0.916,0.849,-0.093,-0.672,0.529,0.869,0.892,-0.825,-0.836,0.94,0.644,0.796,-0.094,0.806,-0.85,-0.88,-0.923,-0.06,0.938,0.799,-0.951,-0.641,-0.791,0.893,-0.006,-0.862,-0.731,-0.762,0.602,0.219,0.96,0.752,-0.85,0.601,-0.578,-0.88,0.802,-0.974,-0.945,0.837,-0.92,-0.956,-0.739,-0.939,-0.578,-0.919,0.753,0.808,0.953,-0.936,0.67,-0.298,0.881,0.859,-0.431,-0.774,0.977,-0.717,-0.864,0.903,-0.068,0.83,0.831,-0.705,-0.866,-0.959,EssenceCatalog/problems/csplib-prob010-SocialGolfers/params/7bfe311603d1f55fb9a885ef3f45bf13.param
0.965,-0.988,-0.884,-0.901,0.876,0.889,0.95,0.98,-0.901,0.79,0.982,0.89,0.416,0.978,0.93,0.979,0.727,-0.988,0.923,0.911,-0.696,-0.874,0.934,-0.962,0.863,-0.968,0.893,0.955,0.964,-0.977,-0.974,0.85,-0.721,0.916,-0.964,-0.981,-0.952,-0.962,0.922,0.968,0.93,0.832,0.652,-0.945,-0.751,0.983,-0.833,-0.991,0.989,-0.442,-0.967,-0.903,-0.903,0.813,-0.978,-0.799,-0.712,0.982,-0.986,0.979,-0.854,-0.773,0.97,0.934,-0.958,0.947,0.223,-0.914,0.951,-0.922,-0.832,-0.807,-0.985,0.766,-0.96,EssenceCatalog/problems/csplib-prob010-SocialGolfers/params/cf2f070d518e707b49719e9f300a31ef.param
0.929,-0.979,-0.947,-0.883,0.919,0.885,0.632,0.984,-0.179,-0.632,0.942,0.367,-0.408,0.859,0.936,0.96,-0.628,-0.954,0.93,0.793,0.462,-0.391,0.892,-0.897,-0.73,-0.959,0.261,0.961,0.904,-0.962,-0.84,-0.44,0.766,0.404,-0.933,-0.881,-0.889,-0.162,0.48,0.974,0.848,-0.491,0.767,-0.794,-0.884,0.9,-0.969,-0.977,0.959,-0.911,-0.976,-0.865,-0.936,-0.384,-0.948,0.497,0.668,0.976,-0.974,0.874,-0.55,0.766,0.935,0.279,-0.887,0.977,-0.541,-0.899,0.938,-0.471,0.492,0.676,-0.904,-0.711,-0.974,EssenceCatalog/problems/csplib-prob010-SocialGolfers/params/f650e7222a8a3f6dd7b606e017ef52fc.param
0.966,-0.99,-0.89,-0.917,0.891,0.895,0.953,0.983,-0.899,0.762,0.984,0.886,0.418,0.98,0.934,0.982,0.724,-0.989,0.934,0.919,-0.675,-0.867,0.943,-0.964,0.84,-0.973,0.892,0.958,0.969,-0.981,-0.975,0.83,-0.673,0.91,-0.967,-0.982,-0.955,-0.962,0.918,0.973,0.937,0.809,0.662,-0.95,-0.798,0.984,-0.862,-0.992,0.99,-0.477,-0.973,-0.906,-0.915,0.796,-0.982,-0.781,-0.668,0.986,-0.987,0.98,-0.857,-0.736,0.975,0.932,-0.963,0.957,0.201,-0.921,0.959,-0.919,-0.819,-0.785,-0.985,0.762,-0.965,EssenceCatalog/problems/csplib-prob010-SocialGolfers/params/d979222e2e5a2a16590572712cc0cf3a.param
0.964,-0.987,-0.879,-0.897,0.87,0.885,0.948,0.978,-0.901,0.796,0.981,0.888,0.422,0.977,0.928,0.977,0.73,-0.987,0.919,0.908,-0.7,-0.872,0.931,-0.961,0.866,-0.966,0.892,0.953,0.962,-0.976,-0.974,0.852,-0.728,0.917,-0.962,-0.981,-0.951,-0.962,0.921,0.966,0.928,0.836,0.643,-0.944,-0.74,0.983,-0.827,-0.991,0.988,-0.428,-0.965,-0.9,-0.898,0.816,-0.977,-0.801,-0.713,0.981,-0.985,0.978,-0.85,-0.777,0.969,0.933,-0.956,0.944,0.229,-0.911,0.949,-0.92,-0.835,-0.811,-0.985,0.767,-0.958,EssenceCatalog/problems/csplib-prob010-SocialGolfers/params/7a413e97287a03f789473cfd05a36b68.param
0.934,-0.984,-0.936,-0.887,0.905,0.875,0.788,0.985,-0.356,-0.289,0.959,0.562,-0.219,0.918,0.941,0.969,-0.366,-0.966,0.935,0.844,0.088,-0.467,0.912,-0.908,-0.514,-0.964,0.464,0.964,0.923,-0.969,-0.886,-0.105,0.584,0.61,-0.946,-0.917,-0.899,-0.559,0.617,0.978,0.888,-0.143,0.758,-0.854,-0.867,0.931,-0.962,-0.984,0.972,-0.874,-0.978,-0.898,-0.934,-0.116,-0.964,0.23,0.469,0.977,-0.98,0.924,-0.632,0.541,0.955,0.584,-0.897,0.967,-0.372,-0.91,0.945,-0.637,0.202,0.406,-0.947,-0.479,-0.974,EssenceCatalog/problems/csplib-prob010-SocialGolfers/params/4df6c21eba1e2ad4885f8da865b76521.param
0.966,-0.988,-0.886,-0.904,0.88,0.891,0.951,0.98,-0.9,0.784,0.982,0.89,0.413,0.978,0.931,0.979,0.726,-0.988,0.926,0.913,-0.692,-0.873,0.936,-0.963,0.86,-0.969,0.893,0.956,0.965,-0.978,-0.975,0.846,-0.712,0.914,-0.965,-0.982,-0.953,-0.962,0.921,0.969,0.932,0.827,0.655,-0.946,-0.76,0.983,-0.838,-0.991,0.989,-0.449,-0.968,-0.904,-0.905,0.809,-0.979,-0.796,-0.705,0.983,-0.986,0.979,-0.855,-0.766,0.971,0.934,-0.959,0.949,0.216,-0.915,0.953,-0.922,-0.828,-0.803,-0.985,0.765,-0.962,EssenceCatalog/problems/csplib-prob010-SocialGolfers/params/4f26bdb13440001bdf8cf622517c8c50.param
0.937,-0.986,-0.922,-0.895,0.9,0.873,0.86,0.985,-0.532,0.013,0.968,0.698,-0.084,0.946,0.938,0.972,-0.075,-0.971,0.936,0.864,-0.174,-0.599,0.924,-0.921,-0.142,-0.969,0.599,0.966,0.94,-0.973,-0.922,0.235,0.294,0.741,-0.949,-0.936,-0.911,-0.755,0.718,0.976,0.891,0.184,0.74,-0.89,-0.854,0.951,-0.946,-0.987,0.978,-0.812,-0.978,-0.906,-0.931,0.163,-0.969,-0.073,0.161,0.979,-0.984,0.944,-0.695,0.218,0.96,0.746,-0.915,0.958,-0.248,-0.911,0.945,-0.741,-0.143,0.07,-0.963,-0.179,-0.971,EssenceCatalog/problems/csplib-prob010-SocialGolfers/params/206788a6d951b3349a47b5747071e3ef.param
0.963,-0.986,-0.876,-0.895,0.867,0.883,0.947,0.977,-0.9,0.798,0.98,0.887,0.421,0.977,0.926,0.977,0.732,-0.987,0.916,0.906,-0.702,-0.871,0.929,-0.96,0.868,-0.965,0.892,0.952,0.961,-0.975,-0.973,0.853,-0.73,0.917,-0.961,-0.98,-0.949,-0.962,0.92,0.965,0.926,0.837,0.638,-0.943,-0.734,0.982,-0.822,-0.99,0.988,-0.42,-0.964,-0.898,-0.895,0.816,-0.976,-0.801,-0.715,0.98,-0.985,0.977,-0.849,-0.778,0.968,0.932,-0.955,0.942,0.228,-0.909,0.947,-0.919,-0.836,-0.813,-0.985,0.767,-0.957,EssenceCatalog/problems/csplib-prob010-SocialGolfers/params/884db77607f4c11d07599be2866f6487.param
0.965,-0.987,-0.882,-0.899,0.874,0.887,0.949,0.979,-0.901,0.793,0.982,0.889,0.418,0.977,0.929,0.978,0.728,-0.988,0.922,0.91,-0.698,-0.873,0.933,-0.962,0.865,-0.967,0.892,0.954,0.963,-0.977,-0.974,0.851,-0.724,0.916,-0.963,-0.981,-0.952,-0.962,0.921,0.967,0.929,0.834,0.648,-0.945,-0.746,0.983,-0.83,-0.991,0.989,-0.437,-0.966,-0.902,-0.901,0.814,-0.978,-0.8,-0.713,0.982,-0.986,0.978,-0.852,-0.775,0.97,0.934,-0.957,0.946,0.226,-0.913,0.95,-0.921,-0.833,-0.809,-0.985,0.766,-0.959,EssenceCatalog/problems/csplib-prob010-SocialGolfers/params/c103dfcdf1801bb0268c7a5fa8911cbd.param
0.966,-0.988,-0.887,-0.903,0.879,0.891,0.951,0.98,-0.901,0.786,0.983,0.891,0.411,0.978,0.931,0.979,0.725,-0.988,0.926,0.913,-0.693,-0.875,0.936,-0.963,0.862,-0.969,0.894,0.957,0.965,-0.978,-0.975,0.848,-0.716,0.915,-0.965,-0.982,-0.953,-0.963,0.922,0.969,0.932,0.829,0.657,-0.946,-0.757,0.983,-0.837,-0.991,0.989,-0.449,-0.968,-0.905,-0.905,0.811,-0.979,-0.798,-0.711,0.983,-0.986,0.979,-0.856,-0.771,0.971,0.934,-0.959,0.949,0.22,-0.915,0.953,-0.924,-0.829,-0.805,-0.986,0.766,-0.962,EssenceCatalog/problems/csplib-prob010-SocialGolfers/params/0a9f32b43aa36a3317c516c2af86af04.param
0.965,-0.987,-0.882,-0.9,0.874,0.888,0.95,0.979,-0.901,0.792,0.982,0.889,0.417,0.978,0.929,0.978,0.728,-0.988,0.922,0.91,-0.697,-0.873,0.933,-0.962,0.864,-0.967,0.893,0.955,0.963,-0.977,-0.974,0.851,-0.723,0.916,-0.964,-0.981,-0.952,-0.962,0.921,0.968,0.93,0.833,0.649,-0.945,-0.748,0.983,-0.831,-0.991,0.989,-0.438,-0.967,-0.902,-0.901,0.814,-0.978,-0.8,-0.713,0.982,-0.986,0.978,-0.853,-0.774,0.97,0.934,-0.958,0.946,0.225,-0.913,0.951,-0.922,-0.833,-0.809,-0.985,0.767,-0.96,EssenceCatalog/problems/csplib-prob010-SocialGolfers/params/f2fecf0f368b4b05477d41226b6132e8.param
0.888,-0.933,-0.931,-0.872,0.884,0.793,0.256,0.975,0.237,-0.918,0.845,-0.094,-0.674,0.521,0.864,0.891,-0.825,-0.832,0.94,0.639,0.799,-0.088,0.802,-0.847,-0.879,-0.921,-0.06,0.936,0.795,-0.951,-0.64,-0.794,0.896,-0.018,-0.859,-0.725,-0.759,0.609,0.217,0.959,0.749,-0.853,0.598,-0.571,-0.878,0.8,-0.973,-0.943,0.831,-0.918,-0.955,-0.736,-0.938,-0.579,-0.918,0.753,0.807,0.952,-0.934,0.658,-0.29,0.882,0.858,-0.432,-0.773,0.976,-0.715,-0.862,0.901,-0.062,0.832,0.829,-0.699,-0.864,-0.958,EssenceCatalog/problems/csplib-prob010-SocialGolfers/params/39578b6633a8db38fdd46f9fce70f6d4.param
0.942,-0.987,-0.915,-0.899,0.901,0.875,0.885,0.984,-0.628,0.181,0.972,0.747,-0.0,0.956,0.937,0.974,0.097,-0.974,0.938,0.873,-0.278,-0.669,0.932,-0.929,0.098,-0.971,0.667,0.967,0.949,-0.974,-0.937,0.398,0.113,0.791,-0.952,-0.947,-0.921,-0.82,0.771,0.975,0.896,0.334,0.736,-0.905,-0.848,0.958,-0.934,-0.988,0.98,-0.764,-0.978,-0.906,-0.929,0.315,-0.971,-0.23,-0.016,0.981,-0.985,0.953,-0.726,0.028,0.963,0.8,-0.926,0.957,-0.182,-0.913,0.948,-0.791,-0.32,-0.106,-0.969,0.011,-0.97,EssenceCatalog/problems/csplib-prob010-SocialGolfers/params/35b2cebb4c3f392e80a578cd3890e297.param
0.966,-0.988,-0.887,-0.905,0.881,0.892,0.951,0.981,-0.901,0.782,0.983,0.89,0.412,0.978,0.932,0.98,0.725,-0.988,0.927,0.914,-0.69,-0.873,0.937,-0.963,0.858,-0.97,0.893,0.957,0.965,-0.979,-0.975,0.845,-0.708,0.914,-0.965,-0.982,-0.953,-0.963,0.921,0.97,0.933,0.826,0.657,-0.946,-0.764,0.983,-0.841,-0.992,0.989,-0.454,-0.969,-0.904,-0.907,0.808,-0.979,-0.795,-0.703,0.983,-0.986,0.979,-0.856,-0.764,0.972,0.934,-0.96,0.951,0.215,-0.916,0.954,-0.923,-0.827,-0.801,-0.986,0.765,-0.962,EssenceCatalog/problems/csplib-prob010-SocialGolfers/params/016273f2bf30f2d9d32fea8d5b2294ae.param
0.934,-0.985,-0.932,-0.889,0.902,0.875,0.814,0.985,-0.425,-0.187,0.964,0.617,-0.168,0.929,0.941,0.97,-0.274,-0.967,0.935,0.851,-0.013,-0.511,0.916,-0.914,-0.419,-0.965,0.515,0.965,0.929,-0.97,-0.896,-0.007,0.498,0.654,-0.945,-0.924,-0.905,-0.636,0.648,0.977,0.884,-0.034,0.752,-0.867,-0.864,0.939,-0.958,-0.985,0.974,-0.86,-0.978,-0.899,-0.934,-0.033,-0.966,0.13,0.383,0.977,-0.982,0.933,-0.647,0.449,0.956,0.653,-0.904,0.963,-0.324,-0.91,0.945,-0.666,0.09,0.295,-0.953,-0.373,-0.972,EssenceCatalog/problems/csplib-prob010-SocialGolfers/params/16639f28f32c3fc0cc66ebf7af31510c.param
0.967,-0.988,-0.888,-0.905,0.881,0.892,0.951,0.981,-0.901,0.784,0.983,0.891,0.412,0.978,0.932,0.98,0.725,-0.989,0.928,0.914,-0.691,-0.875,0.937,-0.963,0.86,-0.97,0.894,0.957,0.965,-0.979,-0.975,0.847,-0.712,0.914,-0.965,-0.982,-0.954,-0.963,0.922,0.97,0.933,0.827,0.659,-0.947,-0.762,0.984,-0.84,-0.992,0.989,-0.454,-0.969,-0.905,-0.907,0.81,-0.979,-0.797,-0.707,0.983,-0.987,0.979,-0.856,-0.768,0.972,0.934,-0.96,0.95,0.219,-0.916,0.954,-0.924,-0.828,-0.803,-0.986,0.765,-0.962,EssenceCatalog/problems/csplib-prob010-SocialGolfers/params/b08f01fa5ea0206fa488cb3e302221ff.param
0.96,-0.985,-0.867,-0.89,0.858,0.876,0.945,0.975,-0.898,0.804,0.979,0.885,0.432,0.975,0.922,0.975,0.735,-0.986,0.908,0.901,-0.708,-0.866,0.925,-0.958,0.87,-0.962,0.889,0.949,0.959,-0.973,-0.972,0.854,-0.737,0.918,-0.958,-0.979,-0.946,-0.961,0.919,0.963,0.922,0.841,0.628,-0.94,-0.721,0.981,-0.814,-0.989,0.987,-0.402,-0.962,-0.895,-0.887,0.82,-0.974,-0.802,-0.715,0.979,-0.984,0.976,-0.843,-0.781,0.966,0.931,-0.952,0.936,0.232,-0.905,0.944,-0.914,-0.84,-0.816,-0.984,0.77,-0.952,EssenceCatalog/problems/csplib-prob010-SocialGolfers/params/c2a1db452f1bd4e8368414e287777afe.param
0.963,-0.986,-0.876,-0.896,0.867,0.883,0.948,0.977,-0.9,0.799,0.981,0.887,0.424,0.977,0.927,0.977,0.731,-0.987,0.916,0.906,-0.702,-0.871,0.93,-0.96,0.867,-0.965,0.892,0.952,0.961,-0.975,-0.973,0.853,-0.731,0.917,-0.961,-0.981,-0.95,-0.962,0.92,0.965,0.926,0.838,0.639,-0.943,-0.735,0.982,-0.824,-0.99,0.988,-0.422,-0.965,-0.899,-0.896,0.817,-0.976,-0.801,-0.714,0.98,-0.985,0.977,-0.849,-0.778,0.968,0.933,-0.955,0.942,0.231,-0.91,0.948,-0.919,-0.837,-0.813,-0.985,0.768,-0.956,EssenceCatalog/problems/csplib-prob010-SocialGolfers/params/8aaf674e8bd72cb878565d9538dcc67a.param
0.941,-0.986,-0.918,-0.9,0.901,0.874,0.886,0.985,-0.625,0.166,0.972,0.75,0.005,0.956,0.935,0.974,0.101,-0.973,0.938,0.873,-0.284,-0.669,0.931,-0.93,0.099,-0.971,0.672,0.967,0.948,-0.974,-0.935,0.383,0.123,0.787,-0.95,-0.945,-0.921,-0.823,0.763,0.975,0.896,0.326,0.729,-0.905,-0.849,0.959,-0.935,-0.988,0.98,-0.775,-0.978,-0.907,-0.93,0.291,-0.972,-0.218,-0.006,0.981,-0.985,0.953,-0.727,0.033,0.963,0.805,-0.927,0.957,-0.177,-0.912,0.948,-0.784,-0.325,-0.113,-0.97,0.029,-0.969,EssenceCatalog/problems/csplib-prob010-SocialGolfers/params/225ab909161cbf8b80b8d7bda964ac19.param
0.966,-0.988,-0.887,-0.903,0.879,0.891,0.951,0.98,-0.901,0.787,0.982,0.891,0.411,0.978,0.931,0.979,0.725,-0.988,0.926,0.912,-0.694,-0.875,0.935,-0.963,0.863,-0.969,0.894,0.956,0.964,-0.978,-0.975,0.849,-0.718,0.915,-0.965,-0.982,-0.953,-0.963,0.922,0.969,0.932,0.83,0.656,-0.946,-0.755,0.983,-0.836,-0.991,0.989,-0.449,-0.968,-0.904,-0.905,0.811,-0.979,-0.799,-0.712,0.983,-0.986,0.979,-0.855,-0.772,0.971,0.934,-0.959,0.949,0.222,-0.915,0.952,-0.924,-0.829,-0.806,-0.986,0.765,-0.962,EssenceCatalog/problems/csplib-prob010-SocialGolfers/params/1ddcd82ff6739103e4b256ac3c6f6971.param
0.964,-0.987,-0.879,-0.897,0.872,0.885,0.948,0.978,-0.9,0.793,0.981,0.888,0.417,0.977,0.928,0.978,0.73,-0.987,0.919,0.908,-0.699,-0.872,0.931,-0.961,0.865,-0.966,0.892,0.954,0.962,-0.976,-0.974,0.851,-0.724,0.916,-0.962,-0.981,-0.95,-0.962,0.92,0.967,0.928,0.834,0.644,-0.944,-0.742,0.982,-0.827,-0.991,0.988,-0.429,-0.965,-0.9,-0.898,0.814,-0.977,-0.799,-0.712,0.981,-0.985,0.978,-0.851,-0.775,0.969,0.933,-0.956,0.944,0.224,-0.911,0.949,-0.92,-0.832,-0.81,-0.985,0.766,-0.958,EssenceCatalog/problems/csplib-prob010-SocialGolfers/params/19b3337e1780d8d5f81439cac0b752c7.param
0.905,-0.944,-0.934,-0.882,0.893,0.817,0.299,0.978,0.215,-0.904,0.873,-0.07,-0.646,0.587,0.888,0.905,-0.826,-0.862,0.94,0.67,0.775,-0.125,0.825,-0.863,-0.879,-0.932,-0.039,0.944,0.815,-0.955,-0.665,-0.78,0.883,0.045,-0.875,-0.759,-0.785,0.543,0.234,0.965,0.76,-0.829,0.63,-0.609,-0.889,0.823,-0.976,-0.953,0.866,-0.928,-0.96,-0.759,-0.941,-0.568,-0.924,0.744,0.806,0.958,-0.945,0.721,-0.349,0.88,0.865,-0.404,-0.792,0.979,-0.717,-0.877,0.908,-0.119,0.819,0.831,-0.741,-0.867,-0.964,EssenceCatalog/problems/csplib-prob010-SocialGolfers/params/92c3e33f12f5296723b9d9cd8b8724a3.param
0.964,-0.99,-0.889,-0.927,0.897,0.895,0.953,0.984,-0.894,0.735,0.983,0.876,0.422,0.98,0.934,0.984,0.719,-0.989,0.936,0.921,-0.654,-0.853,0.947,-0.963,0.813,-0.975,0.888,0.959,0.972,-0.982,-0.975,0.808,-0.624,0.905,-0.967,-0.981,-0.955,-0.959,0.911,0.975,0.939,0.785,0.66,-0.951,-0.827,0.983,-0.88,-0.993,0.99,-0.497,-0.977,-0.904,-0.921,0.777,-0.983,-0.757,-0.614,0.987,-0.987,0.981,-0.853,-0.694,0.977,0.927,-0.964,0.962,0.179,-0.924,0.962,-0.91,-0.808,-0.76,-0.983,0.752,-0.966,EssenceCatalog/problems/csplib-prob010-SocialGolfers/params/45c3df5dd995a6b83cbc02475b9d574d.param
0.931,-0.982,-0.944,-0.884,0.913,0.881,0.713,0.985,-0.264,-0.472,0.95,0.463,-0.314,0.892,0.939,0.965,-0.511,-0.961,0.933,0.82,0.294,-0.422,0.902,-0.901,-0.646,-0.961,0.363,0.962,0.915,-0.966,-0.863,-0.287,0.702,0.505,-0.941,-0.899,-0.894,-0.372,0.549,0.976,0.872,-0.344,0.763,-0.824,-0.876,0.915,-0.966,-0.981,0.967,-0.9,-0.978,-0.885,-0.936,-0.277,-0.958,0.39,0.591,0.977,-0.977,0.901,-0.588,0.683,0.948,0.445,-0.891,0.973,-0.455,-0.904,0.943,-0.555,0.359,0.57,-0.928,-0.615,-0.974,EssenceCatalog/problems/csplib-prob010-SocialGolfers/params/4b708dbdbdb8bf120131032413363eb2.param
0.965,-0.988,-0.884,-0.9,0.875,0.889,0.95,0.979,-0.901,0.791,0.982,0.89,0.415,0.978,0.93,0.978,0.727,-0.988,0.923,0.911,-0.696,-0.874,0.934,-0.962,0.864,-0.968,0.893,0.955,0.963,-0.977,-0.974,0.851,-0.722,0.916,-0.964,-0.981,-0.952,-0.963,0.922,0.968,0.93,0.832,0.651,-0.945,-0.749,0.983,-0.832,-0.991,0.989,-0.44,-0.967,-0.903,-0.902,0.813,-0.978,-0.8,-0.713,0.982,-0.986,0.979,-0.853,-0.774,0.97,0.934,-0.958,0.947,0.224,-0.913,0.951,-0.922,-0.832,-0.808,-0.986,0.766,-0.96,EssenceCatalog/problems/csplib-prob010-SocialGolfers/params/2b0527e07bdd3a00fc3b6b1873ed2f4b.param
0.93,-0.984,-0.937,-0.89,0.908,0.875,0.794,0.985,-0.365,-0.295,0.961,0.562,-0.224,0.916,0.938,0.967,-0.355,-0.964,0.935,0.838,0.097,-0.46,0.906,-0.906,-0.511,-0.964,0.456,0.965,0.923,-0.969,-0.885,-0.102,0.584,0.605,-0.944,-0.916,-0.9,-0.545,0.6,0.977,0.882,-0.149,0.743,-0.857,-0.87,0.931,-0.963,-0.984,0.972,-0.881,-0.979,-0.899,-0.937,-0.137,-0.965,0.256,0.451,0.977,-0.981,0.924,-0.643,0.551,0.954,0.597,-0.897,0.967,-0.363,-0.911,0.946,-0.611,0.179,0.388,-0.946,-0.468,-0.971,EssenceCatalog/problems/csplib-prob010-SocialGolfers/params/3479405d552e884811fce4aacc537f01.param
0.895,-0.938,-0.931,-0.875,0.887,0.804,0.264,0.976,0.231,-0.913,0.857,-0.088,-0.67,0.544,0.874,0.896,-0.824,-0.844,0.94,0.652,0.79,-0.093,0.811,-0.854,-0.881,-0.926,-0.052,0.939,0.804,-0.953,-0.644,-0.788,0.891,0.008,-0.866,-0.737,-0.766,0.588,0.215,0.961,0.754,-0.844,0.609,-0.584,-0.883,0.807,-0.975,-0.947,0.846,-0.923,-0.957,-0.744,-0.94,-0.577,-0.921,0.752,0.808,0.954,-0.939,0.686,-0.315,0.881,0.859,-0.43,-0.778,0.977,-0.719,-0.868,0.903,-0.078,0.83,0.832,-0.715,-0.867,-0.961,EssenceCatalog/problems/csplib-prob010-SocialGolfers/params/3a3ed592cb41c11a03c4c10350351a32.param
0.967,-0.988,-0.888,-0.905,0.881,0.892,0.951,0.981,-0.901,0.782,0.983,0.891,0.41,0.978,0.932,0.98,0.725,-0.989,0.928,0.914,-0.69,-0.875,0.937,-0.964,0.859,-0.97,0.894,0.957,0.965,-0.979,-0.975,0.846,-0.71,0.914,-0.966,-0.982,-0.954,-0.963,0.922,0.97,0.933,0.826,0.659,-0.947,-0.763,0.984,-0.84,-0.992,0.989,-0.454,-0.969,-0.905,-0.907,0.809,-0.979,-0.796,-0.707,0.983,-0.987,0.979,-0.856,-0.767,0.972,0.934,-0.96,0.951,0.216,-0.916,0.954,-0.924,-0.827,-0.803,-0.986,0.765,-0.963,EssenceCatalog/problems/csplib-prob010-SocialGolfers/params/356ae9513ebcc7baecda0823014b3f43.param
0.965,-0.988,-0.883,-0.9,0.875,0.888,0.95,0.979,-0.901,0.792,0.982,0.89,0.415,0.978,0.93,0.978,0.728,-0.988,0.923,0.91,-0.697,-0.874,0.933,-0.962,0.865,-0.967,0.893,0.955,0.963,-0.977,-0.974,0.851,-0.723,0.916,-0.964,-0.981,-0.952,-0.962,0.922,0.968,0.93,0.833,0.65,-0.945,-0.747,0.983,-0.831,-0.991,0.989,-0.439,-0.967,-0.903,-0.902,0.813,-0.978,-0.8,-0.714,0.982,-0.986,0.978,-0.853,-0.775,0.97,0.934,-0.958,0.946,0.225,-0.913,0.951,-0.922,-0.832,-0.808,-0.985,0.766,-0.96,EssenceCatalog/problems/csplib-prob010-SocialGolfers/params/9abe2d168429fc5084582dc3d6d7b9e5.param
0.875,-0.925,-0.93,-0.867,0.878,0.779,0.238,0.973,0.246,-0.923,0.828,-0.093,-0.685,0.488,0.846,0.884,-0.82,-0.82,0.937,0.623,0.807,-0.081,0.788,-0.836,-0.876,-0.915,-0.061,0.93,0.782,-0.949,-0.634,-0.797,0.902,-0.057,-0.846,-0.703,-0.747,0.626,0.213,0.955,0.741,-0.863,0.581,-0.549,-0.871,0.789,-0.969,-0.935,0.809,-0.908,-0.951,-0.722,-0.933,-0.582,-0.913,0.755,0.806,0.947,-0.927,0.621,-0.26,0.881,0.852,-0.433,-0.763,0.973,-0.708,-0.851,0.894,-0.036,0.834,0.825,-0.679,-0.858,-0.952,EssenceCatalog/problems/csplib-prob010-SocialGolfers/params/1fd93c7f6a664023d465f26561b19f12.param
0.923,-0.971,-0.948,-0.884,0.922,0.872,0.489,0.982,0.006,-0.815,0.929,0.169,-0.521,0.754,0.923,0.942,-0.76,-0.933,0.932,0.737,0.647,-0.304,0.872,-0.888,-0.823,-0.951,0.111,0.958,0.87,-0.958,-0.773,-0.657,0.832,0.229,-0.907,-0.837,-0.867,0.181,0.331,0.971,0.811,-0.676,0.739,-0.727,-0.894,0.879,-0.974,-0.968,0.935,-0.927,-0.969,-0.83,-0.936,-0.517,-0.93,0.656,0.757,0.971,-0.966,0.83,-0.49,0.85,0.905,-0.098,-0.86,0.98,-0.662,-0.894,0.922,-0.316,0.688,0.789,-0.852,-0.817,-0.971,EssenceCatalog/problems/csplib-prob010-SocialGolfers/params/4ea074f986041a8dcc16a3e80334e5f9.param
0.966,-0.988,-0.884,-0.901,0.876,0.889,0.95,0.98,-0.901,0.789,0.982,0.89,0.414,0.978,0.93,0.979,0.727,-0.988,0.924,0.911,-0.696,-0.874,0.934,-0.963,0.864,-0.968,0.893,0.955,0.964,-0.978,-0.974,0.85,-0.721,0.916,-0.964,-0.981,-0.952,-0.963,0.922,0.968,0.931,0.832,0.652,-0.945,-0.751,0.983,-0.833,-0.991,0.989,-0.442,-0.967,-0.903,-0.903,0.813,-0.978,-0.799,-0.712,0.982,-0.986,0.979,-0.854,-0.774,0.97,0.934,-0.958,0.947,0.223,-0.914,0.951,-0.923,-0.831,-0.808,-0.986,0.766,-0.96,EssenceCatalog/problems/csplib-prob010-SocialGolfers/params/8f0fd467ef1ad02639951cbeb820daaa.param
0.963,-0.987,-0.877,-0.896,0.868,0.884,0.948,0.978,-0.9,0.798,0.981,0.888,0.422,0.977,0.927,0.977,0.731,-0.987,0.917,0.907,-0.702,-0.871,0.93,-0.961,0.867,-0.965,0.892,0.953,0.961,-0.976,-0.973,0.853,-0.73,0.917,-0.962,-0.981,-0.95,-0.962,0.921,0.966,0.927,0.837,0.641,-0.943,-0.737,0.982,-0.824,-0.99,0.988,-0.424,-0.965,-0.899,-0.896,0.817,-0.976,-0.801,-0.714,0.981,-0.985,0.977,-0.849,-0.778,0.968,0.933,-0.956,0.943,0.23,-0.91,0.948,-0.919,-0.836,-0.813,-0.985,0.768,-0.957,EssenceCatalog/problems/csplib-prob010-SocialGolfers/params/eb976070e0992fcfaf41c04d235a2ff8.param
0.924,-0.971,-0.949,-0.884,0.922,0.874,0.503,0.983,-0.009,-0.806,0.93,0.185,-0.512,0.765,0.925,0.944,-0.753,-0.935,0.931,0.741,0.636,-0.308,0.873,-0.889,-0.82,-0.951,0.12,0.959,0.871,-0.959,-0.782,-0.647,0.83,0.235,-0.909,-0.841,-0.868,0.159,0.343,0.972,0.815,-0.666,0.744,-0.732,-0.894,0.879,-0.974,-0.969,0.937,-0.926,-0.969,-0.832,-0.936,-0.506,-0.933,0.646,0.755,0.971,-0.967,0.833,-0.499,0.847,0.908,-0.068,-0.864,0.98,-0.657,-0.896,0.924,-0.329,0.677,0.78,-0.854,-0.812,-0.972,EssenceCatalog/problems/csplib-prob010-SocialGolfers/params/7b8c58601cc42a8679e33c32b207b245.param
0.887,-0.931,-0.93,-0.87,0.882,0.79,0.253,0.974,0.238,-0.918,0.841,-0.098,-0.676,0.515,0.86,0.889,-0.824,-0.828,0.94,0.635,0.801,-0.088,0.8,-0.844,-0.878,-0.92,-0.065,0.935,0.792,-0.95,-0.638,-0.793,0.897,-0.027,-0.856,-0.721,-0.757,0.613,0.217,0.958,0.747,-0.855,0.597,-0.566,-0.875,0.796,-0.972,-0.941,0.826,-0.916,-0.954,-0.732,-0.937,-0.577,-0.917,0.752,0.806,0.951,-0.932,0.648,-0.283,0.882,0.856,-0.431,-0.769,0.975,-0.714,-0.859,0.9,-0.06,0.832,0.83,-0.696,-0.863,-0.957,EssenceCatalog/problems/csplib-prob010-SocialGolfers/params/d10b8d5dc0eaa3fbb24870b330b8b364.param
0.965,-0.988,-0.883,-0.901,0.876,0.889,0.95,0.98,-0.901,0.79,0.982,0.89,0.417,0.978,0.93,0.979,0.727,-0.988,0.923,0.911,-0.696,-0.873,0.934,-0.962,0.863,-0.968,0.893,0.955,0.964,-0.977,-0.974,0.85,-0.72,0.916,-0.964,-0.981,-0.952,-0.962,0.921,0.968,0.93,0.832,0.651,-0.945,-0.751,0.983,-0.833,-0.991,0.989,-0.441,-0.967,-0.903,-0.902,0.813,-0.978,-0.799,-0.711,0.982,-0.986,0.979,-0.853,-0.773,0.97,0.934,-0.958,0.947,0.224,-0.913,0.951,-0.922,-0.832,-0.807,-0.985,0.766,-0.96,EssenceCatalog/problems/csplib-prob010-SocialGolfers/params/ord26-3-9-5.param
0.876,-0.925,-0.929,-0.865,0.878,0.776,0.24,0.972,0.245,-0.922,0.826,-0.097,-0.682,0.485,0.843,0.882,-0.821,-0.816,0.937,0.619,0.809,-0.08,0.787,-0.832,-0.874,-0.914,-0.065,0.93,0.779,-0.948,-0.631,-0.795,0.901,-0.066,-0.845,-0.702,-0.748,0.631,0.213,0.954,0.739,-0.864,0.583,-0.547,-0.868,0.787,-0.968,-0.934,0.807,-0.907,-0.95,-0.719,-0.932,-0.578,-0.913,0.754,0.804,0.946,-0.925,0.61,-0.255,0.881,0.851,-0.432,-0.761,0.972,-0.708,-0.849,0.894,-0.043,0.833,0.824,-0.677,-0.857,-0.952,EssenceCatalog/problems/csplib-prob010-SocialGolfers/params/7a3507ffc71a685a7ffa520283d34577.param
0.965,-0.988,-0.885,-0.902,0.878,0.89,0.95,0.98,-0.9,0.784,0.982,0.89,0.41,0.978,0.93,0.979,0.726,-0.988,0.925,0.912,-0.693,-0.873,0.935,-0.963,0.861,-0.968,0.893,0.956,0.964,-0.978,-0.974,0.847,-0.713,0.914,-0.964,-0.981,-0.952,-0.962,0.921,0.969,0.932,0.828,0.653,-0.945,-0.756,0.983,-0.835,-0.991,0.989,-0.445,-0.967,-0.903,-0.904,0.809,-0.979,-0.796,-0.707,0.982,-0.986,0.979,-0.854,-0.768,0.971,0.933,-0.959,0.948,0.216,-0.914,0.952,-0.922,-0.827,-0.804,-0.985,0.765,-0.961,EssenceCatalog/problems/csplib-prob010-SocialGolfers/params/c6c2f252f802766b936392a8f12bc21c.param
0.966,-0.988,-0.885,-0.902,0.877,0.89,0.95,0.98,-0.901,0.789,0.982,0.89,0.413,0.978,0.931,0.979,0.726,-0.988,0.925,0.912,-0.695,-0.875,0.935,-0.963,0.863,-0.968,0.893,0.956,0.964,-0.978,-0.975,0.849,-0.719,0.916,-0.964,-0.982,-0.953,-0.963,0.922,0.969,0.931,0.831,0.654,-0.946,-0.753,0.983,-0.834,-0.991,0.989,-0.445,-0.967,-0.904,-0.904,0.812,-0.979,-0.799,-0.712,0.982,-0.986,0.979,-0.854,-0.772,0.971,0.934,-0.959,0.948,0.222,-0.914,0.952,-0.923,-0.831,-0.806,-0.986,0.766,-0.961,EssenceCatalog/problems/csplib-prob010-SocialGolfers/params/bd7986e80c58fc281b4e147f0ea7b0ee.param
0.965,-0.987,-0.882,-0.9,0.874,0.888,0.949,0.979,-0.901,0.793,0.982,0.889,0.419,0.978,0.929,0.978,0.728,-0.988,0.922,0.91,-0.698,-0.873,0.933,-0.962,0.864,-0.967,0.893,0.954,0.963,-0.977,-0.974,0.851,-0.724,0.916,-0.963,-0.981,-0.952,-0.962,0.921,0.968,0.929,0.834,0.649,-0.945,-0.747,0.983,-0.831,-0.991,0.989,-0.437,-0.966,-0.902,-0.901,0.814,-0.978,-0.8,-0.712,0.982,-0.986,0.978,-0.853,-0.774,0.97,0.934,-0.958,0.946,0.226,-0.913,0.95,-0.921,-0.833,-0.809,-0.985,0.767,-0.959,EssenceCatalog/problems/csplib-prob010-SocialGolfers/params/9485de5d90e13572633ed46dfdef5978.param
0.932,-0.983,-0.941,-0.886,0.91,0.877,0.751,0.985,-0.304,-0.39,0.955,0.505,-0.266,0.903,0.939,0.967,-0.444,-0.963,0.935,0.829,0.206,-0.436,0.905,-0.903,-0.593,-0.961,0.408,0.963,0.917,-0.968,-0.872,-0.208,0.661,0.553,-0.943,-0.908,-0.896,-0.458,0.572,0.977,0.881,-0.262,0.754,-0.837,-0.871,0.921,-0.965,-0.982,0.969,-0.893,-0.978,-0.894,-0.936,-0.219,-0.962,0.343,0.539,0.977,-0.979,0.913,-0.61,0.633,0.952,0.511,-0.891,0.971,-0.409,-0.909,0.945,-0.585,0.285,0.503,-0.938,-0.56,-0.973,EssenceCatalog/problems/csplib-prob010-SocialGolfers/params/f640c5dc46c9c0dce70f2e7c5dc5f376.param
0.933,-0.985,-0.935,-0.888,0.905,0.875,0.8,0.985,-0.375,-0.257,0.962,0.579,-0.204,0.922,0.94,0.969,-0.336,-0.966,0.935,0.846,0.052,-0.471,0.912,-0.909,-0.49,-0.965,0.479,0.964,0.924,-0.97,-0.889,-0.077,0.56,0.622,-0.946,-0.919,-0.9,-0.583,0.621,0.978,0.887,-0.11,0.753,-0.86,-0.868,0.934,-0.962,-0.985,0.973,-0.872,-0.978,-0.9,-0.935,-0.098,-0.966,0.205,0.444,0.977,-0.981,0.927,-0.642,0.517,0.956,0.611,-0.899,0.966,-0.356,-0.91,0.945,-0.64,0.168,0.366,-0.949,-0.444,-0.973,EssenceCatalog/problems/csplib-prob010-SocialGolfers/params/29dc22ddc011723cb796970c5acab3ef.param
0.964,-0.99,-0.889,-0.927,0.897,0.895,0.954,0.984,-0.895,0.738,0.984,0.876,0.425,0.98,0.934,0.984,0.722,-0.989,0.936,0.921,-0.656,-0.854,0.947,-0.963,0.816,-0.975,0.889,0.959,0.972,-0.982,-0.975,0.809,-0.627,0.905,-0.967,-0.981,-0.955,-0.959,0.911,0.975,0.939,0.787,0.659,-0.951,-0.827,0.983,-0.88,-0.993,0.99,-0.495,-0.977,-0.904,-0.921,0.779,-0.983,-0.759,-0.617,0.987,-0.987,0.981,-0.854,-0.697,0.977,0.927,-0.964,0.962,0.182,-0.924,0.962,-0.91,-0.81,-0.763,-0.983,0.755,-0.966,EssenceCatalog/problems/csplib-prob010-SocialGolfers/params/a54b2d405e1a1e1fd80e9341199dc4be.param
0.925,-0.974,-0.949,-0.883,0.922,0.876,0.535,0.983,-0.059,-0.777,0.934,0.24,-0.488,0.789,0.927,0.949,-0.726,-0.942,0.93,0.753,0.604,-0.325,0.877,-0.89,-0.801,-0.954,0.158,0.96,0.878,-0.96,-0.798,-0.604,0.82,0.277,-0.915,-0.851,-0.873,0.087,0.364,0.972,0.825,-0.625,0.751,-0.748,-0.891,0.883,-0.973,-0.971,0.944,-0.921,-0.97,-0.842,-0.935,-0.481,-0.936,0.619,0.738,0.972,-0.968,0.845,-0.514,0.832,0.916,0.018,-0.87,0.979,-0.632,-0.896,0.927,-0.361,0.637,0.757,-0.866,-0.792,-0.972,EssenceCatalog/problems/csplib-prob010-SocialGolfers/params/725d9d6f2fe078bd0cdeb9a2b6e759b6.param
0.964,-0.987,-0.881,-0.898,0.872,0.886,0.949,0.979,-0.901,0.793,0.981,0.889,0.415,0.977,0.928,0.978,0.729,-0.988,0.92,0.909,-0.699,-0.873,0.932,-0.962,0.866,-0.966,0.893,0.954,0.962,-0.977,-0.974,0.852,-0.725,0.916,-0.963,-0.981,-0.951,-0.962,0.921,0.967,0.929,0.834,0.646,-0.944,-0.743,0.983,-0.827,-0.991,0.988,-0.432,-0.966,-0.901,-0.899,0.814,-0.977,-0.8,-0.714,0.981,-0.986,0.978,-0.852,-0.776,0.969,0.933,-0.957,0.945,0.225,-0.912,0.949,-0.921,-0.832,-0.81,-0.985,0.766,-0.959,EssenceCatalog/problems/csplib-prob010-SocialGolfers/params/1884762d01a225ec8d721ed62997e10c.param
-0.202,0.075,-0.324,-0.06,-0.229,0.097,0.226,0.037,0.284,0.103,-0.06,0.001,0.095,0.052,-0.062,-0.083,-0.023,-0.055,0.177,-0.287,-0.027,0.123,-0.362,0.138,0.359,-0.067,0.154,0.122,0.16,-0.503,-0.403,0.186,-0.018,-0.119,0.11,0.32,0.066,-0.094,0.049,0.119,-0.044,0.011,0.34,0.053,0.004,-0.147,0.161,0.051,-0.107,-0.092,-0.039,-0.002,0.132,0.183,0.324,-0.115,-0.238,-0.055,-0.226,0.002,0.114,0.269,0.42,0.199,-0.051,0.357,-0.018,0.041,0.352,-0.165,0.214,0.088,-0.163,0.112,-0.169,EssenceCatalog/problems/csplib-prob010-SocialGolfers/params/ord01-3-2-2.param
0.966,-0.988,-0.885,-0.902,0.877,0.89,0.95,0.98,-0.901,0.789,0.982,0.891,0.413,0.978,0.931,0.979,0.726,-0.988,0.925,0.912,-0.695,-0.875,0.935,-0.963,0.863,-0.968,0.893,0.956,0.964,-0.978,-0.975,0.85,-0.72,0.916,-0.964,-0.982,-0.953,-0.963,0.922,0.969,0.931,0.831,0.654,-0.946,-0.753,0.983,-0.834,-0.991,0.989,-0.445,-0.967,-0.904,-0.904,0.812,-0.979,-0.799,-0.712,0.982,-0.986,0.979,-0.854,-0.773,0.971,0.934,-0.959,0.948,0.222,-0.914,0.952,-0.923,-0.83,-0.807,-0.986,0.766,-0.961,EssenceCatalog/problems/csplib-prob010-SocialGolfers/params/08e32d375a57135be18141d12e0a4300.param
0.966,-0.988,-0.885,-0.901,0.877,0.89,0.95,0.98,-0.901,0.789,0.982,0.89,0.414,0.978,0.93,0.979,0.727,-0.988,0.924,0.911,-0.695,-0.874,0.934,-0.963,0.863,-0.968,0.893,0.956,0.964,-0.978,-0.975,0.85,-0.72,0.916,-0.964,-0.982,-0.953,-0.963,0.922,0.969,0.931,0.831,0.653,-0.946,-0.752,0.983,-0.834,-0.991,0.989,-0.444,-0.967,-0.903,-0.903,0.812,-0.978,-0.799,-0.712,0.982,-0.986,0.979,-0.854,-0.773,0.971,0.934,-0.959,0.948,0.223,-0.914,0.952,-0.923,-0.831,-0.807,-0.986,0.766,-0.961,EssenceCatalog/problems/csplib-prob010-SocialGolfers/params/b25c3256944138e976a0a5aab850a15e.param
0.964,-0.987,-0.881,-0.898,0.872,0.886,0.949,0.979,-0.9,0.793,0.981,0.889,0.415,0.977,0.928,0.978,0.729,-0.988,0.92,0.909,-0.699,-0.873,0.932,-0.962,0.866,-0.966,0.893,0.954,0.962,-0.977,-0.974,0.852,-0.725,0.916,-0.963,-0.981,-0.951,-0.962,0.921,0.967,0.929,0.834,0.646,-0.944,-0.742,0.983,-0.827,-0.991,0.988,-0.432,-0.966,-0.901,-0.899,0.814,-0.977,-0.8,-0.714,0.981,-0.986,0.978,-0.852,-0.776,0.969,0.933,-0.957,0.945,0.225,-0.912,0.949,-0.921,-0.832,-0.81,-0.985,0.766,-0.959,EssenceCatalog/problems/csplib-prob010-SocialGolfers/params/6e08c5fdfb0baaa852b431faadfaaa3b.param
0.966,-0.988,-0.887,-0.903,0.879,0.891,0.951,0.98,-0.901,0.786,0.983,0.891,0.412,0.978,0.931,0.979,0.725,-0.988,0.926,0.913,-0.693,-0.875,0.936,-0.963,0.862,-0.969,0.894,0.956,0.965,-0.978,-0.975,0.848,-0.716,0.915,-0.965,-0.982,-0.953,-0.963,0.922,0.969,0.932,0.829,0.656,-0.946,-0.757,0.983,-0.837,-0.991,0.989,-0.45,-0.968,-0.904,-0.905,0.811,-0.979,-0.798,-0.71,0.983,-0.986,0.979,-0.856,-0.771,0.971,0.934,-0.959,0.949,0.22,-0.915,0.953,-0.924,-0.829,-0.805,-0.986,0.765,-0.962,EssenceCatalog/problems/csplib-prob010-SocialGolfers/params/cca5a65ae47fe1a31d8bb62c9c3616ef.param
0.964,-0.987,-0.878,-0.897,0.87,0.885,0.948,0.978,-0.9,0.796,0.981,0.888,0.42,0.977,0.928,0.977,0.73,-0.987,0.918,0.908,-0.7,-0.872,0.931,-0.961,0.866,-0.966,0.892,0.953,0.962,-0.976,-0.973,0.852,-0.727,0.917,-0.962,-0.981,-0.95,-0.962,0.92,0.966,0.927,0.836,0.643,-0.944,-0.739,0.982,-0.826,-0.991,0.988,-0.427,-0.965,-0.9,-0.897,0.816,-0.977,-0.801,-0.714,0.981,-0.985,0.978,-0.85,-0.777,0.969,0.933,-0.956,0.944,0.227,-0.911,0.949,-0.92,-0.834,-0.811,-0.985,0.767,-0.958,EssenceCatalog/problems/csplib-prob010-SocialGolfers/params/f6431f062cbd980a36182d0dd4980cf5.param
0.965,-0.987,-0.882,-0.899,0.873,0.887,0.949,0.979,-0.901,0.793,0.982,0.89,0.416,0.977,0.929,0.978,0.728,-0.988,0.922,0.91,-0.698,-0.874,0.933,-0.962,0.865,-0.967,0.893,0.955,0.963,-0.977,-0.974,0.851,-0.725,0.916,-0.963,-0.981,-0.952,-0.962,0.921,0.967,0.929,0.834,0.649,-0.945,-0.745,0.983,-0.829,-0.991,0.989,-0.436,-0.966,-0.902,-0.901,0.814,-0.978,-0.8,-0.714,0.982,-0.986,0.978,-0.852,-0.776,0.97,0.934,-0.957,0.946,0.226,-0.912,0.95,-0.922,-0.833,-0.809,-0.985,0.766,-0.959,EssenceCatalog/problems/csplib-prob010-SocialGolfers/params/0b9c56bbcf19239026e5a5104c665212.param
0.915,-0.957,-0.94,-0.888,0.908,0.845,0.362,0.98,0.159,-0.88,0.9,0.002,-0.602,0.651,0.905,0.921,-0.816,-0.895,0.936,0.705,0.733,-0.189,0.846,-0.874,-0.871,-0.942,-0.007,0.949,0.835,-0.956,-0.705,-0.753,0.866,0.097,-0.885,-0.787,-0.82,0.408,0.26,0.969,0.771,-0.78,0.676,-0.655,-0.897,0.851,-0.977,-0.959,0.902,-0.933,-0.964,-0.788,-0.939,-0.561,-0.924,0.726,0.799,0.962,-0.954,0.774,-0.424,0.875,0.874,-0.33,-0.819,0.98,-0.71,-0.886,0.91,-0.197,0.786,0.828,-0.786,-0.86,-0.966,EssenceCatalog/problems/csplib-prob010-SocialGolfers/params/ddb174cf3f96d67afbcbeae80f9f04ef.param
0.963,-0.987,-0.876,-0.896,0.868,0.883,0.948,0.977,-0.9,0.798,0.981,0.887,0.424,0.977,0.927,0.977,0.731,-0.987,0.917,0.907,-0.702,-0.871,0.93,-0.96,0.867,-0.965,0.892,0.952,0.961,-0.976,-0.973,0.853,-0.73,0.917,-0.962,-0.981,-0.95,-0.962,0.92,0.966,0.926,0.837,0.64,-0.943,-0.736,0.982,-0.824,-0.99,0.988,-0.423,-0.965,-0.899,-0.896,0.817,-0.976,-0.801,-0.714,0.981,-0.985,0.977,-0.849,-0.778,0.968,0.933,-0.955,0.942,0.23,-0.91,0.948,-0.919,-0.836,-0.813,-0.985,0.768,-0.957,EssenceCatalog/problems/csplib-prob010-SocialGolfers/params/515ddc993685cd749e656c89a2253fb1.param
0.893,-0.937,-0.934,-0.877,0.888,0.806,0.265,0.976,0.233,-0.914,0.857,-0.071,-0.672,0.546,0.875,0.897,-0.821,-0.848,0.938,0.651,0.789,-0.109,0.811,-0.857,-0.88,-0.926,-0.04,0.94,0.808,-0.953,-0.649,-0.79,0.892,0.017,-0.866,-0.733,-0.762,0.582,0.223,0.962,0.759,-0.842,0.603,-0.584,-0.883,0.811,-0.975,-0.946,0.847,-0.922,-0.957,-0.745,-0.939,-0.587,-0.92,0.753,0.809,0.954,-0.94,0.691,-0.314,0.881,0.861,-0.42,-0.784,0.978,-0.716,-0.868,0.903,-0.071,0.827,0.83,-0.713,-0.866,-0.96,EssenceCatalog/problems/csplib-prob010-SocialGolfers/params/39002562febaca11bbae22c5d0d7b025.param
0.966,-0.988,-0.885,-0.901,0.876,0.89,0.95,0.98,-0.901,0.79,0.982,0.89,0.415,0.978,0.93,0.979,0.727,-0.988,0.924,0.911,-0.695,-0.874,0.934,-0.963,0.863,-0.968,0.893,0.956,0.964,-0.978,-0.975,0.85,-0.721,0.916,-0.964,-0.982,-0.953,-0.963,0.922,0.968,0.931,0.832,0.653,-0.946,-0.752,0.983,-0.834,-0.991,0.989,-0.444,-0.967,-0.903,-0.903,0.813,-0.978,-0.8,-0.712,0.982,-0.986,0.979,-0.854,-0.773,0.971,0.934,-0.959,0.948,0.224,-0.914,0.952,-0.923,-0.831,-0.807,-0.986,0.766,-0.961,EssenceCatalog/problems/csplib-prob010-SocialGolfers/params/b06022b3deee7e2283e30ee9ef09eafb.param
0.965,-0.99,-0.889,-0.922,0.894,0.895,0.954,0.983,-0.898,0.752,0.984,0.881,0.424,0.98,0.934,0.983,0.726,-0.989,0.935,0.92,-0.667,-0.861,0.945,-0.963,0.83,-0.974,0.891,0.958,0.971,-0.981,-0.975,0.821,-0.653,0.908,-0.967,-0.982,-0.955,-0.961,0.915,0.974,0.938,0.8,0.66,-0.95,-0.813,0.983,-0.871,-0.992,0.99,-0.484,-0.975,-0.905,-0.918,0.789,-0.982,-0.772,-0.644,0.986,-0.987,0.981,-0.856,-0.719,0.976,0.93,-0.964,0.96,0.193,-0.923,0.961,-0.915,-0.817,-0.776,-0.984,0.761,-0.965,EssenceCatalog/problems/csplib-prob010-SocialGolfers/params/b8f851849f1513cb3bf3b532a7a2d5ca.param
0.922,-0.97,-0.947,-0.885,0.921,0.872,0.483,0.982,0.013,-0.816,0.927,0.162,-0.527,0.752,0.923,0.941,-0.762,-0.932,0.932,0.736,0.65,-0.294,0.869,-0.887,-0.826,-0.951,0.103,0.958,0.87,-0.958,-0.772,-0.66,0.833,0.219,-0.907,-0.834,-0.866,0.191,0.334,0.971,0.809,-0.681,0.738,-0.725,-0.895,0.878,-0.974,-0.968,0.934,-0.928,-0.969,-0.828,-0.937,-0.521,-0.931,0.659,0.761,0.97,-0.966,0.827,-0.488,0.85,0.905,-0.104,-0.86,0.98,-0.666,-0.893,0.922,-0.311,0.693,0.788,-0.849,-0.819,-0.971,EssenceCatalog/problems/csplib-prob010-SocialGolfers/params/12370fcc56656fb5f7c5c2cee67c2f4c.param
0.915,-0.958,-0.94,-0.888,0.909,0.847,0.369,0.98,0.15,-0.877,0.903,0.009,-0.596,0.658,0.906,0.922,-0.814,-0.897,0.936,0.705,0.728,-0.19,0.848,-0.874,-0.868,-0.943,0.004,0.95,0.838,-0.956,-0.708,-0.747,0.865,0.102,-0.886,-0.79,-0.826,0.398,0.26,0.969,0.772,-0.776,0.681,-0.659,-0.897,0.853,-0.977,-0.96,0.904,-0.933,-0.964,-0.79,-0.939,-0.56,-0.924,0.724,0.798,0.963,-0.955,0.775,-0.428,0.874,0.876,-0.322,-0.821,0.98,-0.71,-0.885,0.911,-0.201,0.783,0.826,-0.791,-0.858,-0.967,EssenceCatalog/problems/csplib-prob010-SocialGolfers/params/a5b1d895bfe14f228b9024e662cf305a.param
0.884,-0.93,-0.929,-0.867,0.881,0.787,0.247,0.973,0.238,-0.917,0.839,-0.102,-0.678,0.508,0.857,0.886,-0.823,-0.827,0.938,0.632,0.802,-0.085,0.797,-0.839,-0.877,-0.919,-0.066,0.933,0.788,-0.949,-0.634,-0.789,0.897,-0.039,-0.854,-0.717,-0.757,0.616,0.213,0.957,0.744,-0.855,0.597,-0.563,-0.874,0.792,-0.971,-0.94,0.823,-0.914,-0.952,-0.728,-0.935,-0.575,-0.915,0.753,0.805,0.949,-0.93,0.637,-0.281,0.881,0.853,-0.433,-0.766,0.974,-0.716,-0.856,0.898,-0.06,0.832,0.827,-0.693,-0.861,-0.956,EssenceCatalog/problems/csplib-prob010-SocialGolfers/params/a35d22194e50437242f1f618439fd87a.param
0.965,-0.988,-0.884,-0.901,0.876,0.889,0.95,0.98,-0.901,0.79,0.982,0.89,0.415,0.978,0.93,0.979,0.727,-0.988,0.924,0.911,-0.696,-0.874,0.934,-0.963,0.863,-0.968,0.893,0.955,0.964,-0.978,-0.974,0.85,-0.72,0.916,-0.964,-0.982,-0.952,-0.963,0.922,0.968,0.931,0.832,0.652,-0.945,-0.751,0.983,-0.834,-0.991,0.989,-0.443,-0.967,-0.903,-0.903,0.813,-0.978,-0.799,-0.712,0.982,-0.986,0.979,-0.854,-0.773,0.97,0.934,-0.958,0.947,0.223,-0.914,0.951,-0.922,-0.831,-0.807,-0.986,0.766,-0.96,EssenceCatalog/problems/csplib-prob010-SocialGolfers/params/c63dfa312a25fbfc9cbc131efac09883.param
0.965,-0.988,-0.884,-0.901,0.876,0.889,0.95,0.98,-0.901,0.79,0.982,0.89,0.415,0.978,0.93,0.979,0.727,-0.988,0.924,0.911,-0.696,-0.874,0.934,-0.962,0.863,-0.968,0.893,0.955,0.964,-0.978,-0.974,0.85,-0.721,0.916,-0.964,-0.981,-0.952,-0.962,0.922,0.968,0.93,0.832,0.652,-0.945,-0.751,0.983,-0.833,-0.991,0.989,-0.442,-0.967,-0.903,-0.903,0.813,-0.978,-0.799,-0.712,0.982,-0.986,0.979,-0.854,-0.773,0.97,0.934,-0.958,0.947,0.223,-0.914,0.951,-0.922,-0.832,-0.807,-0.986,0.766,-0.96,EssenceCatalog/problems/csplib-prob010-SocialGolfers/params/615894aed6dc2e6b73d968d8dbbaeaf0.param
0.967,-0.989,-0.89,-0.908,0.884,0.894,0.952,0.982,-0.901,0.779,0.983,0.891,0.411,0.979,0.933,0.981,0.724,-0.989,0.93,0.915,-0.687,-0.874,0.938,-0.964,0.856,-0.971,0.894,0.958,0.966,-0.979,-0.975,0.843,-0.704,0.913,-0.966,-0.982,-0.954,-0.963,0.921,0.971,0.934,0.823,0.661,-0.947,-0.771,0.984,-0.845,-0.992,0.99,-0.461,-0.97,-0.906,-0.909,0.807,-0.98,-0.794,-0.701,0.984,-0.987,0.98,-0.858,-0.762,0.973,0.934,-0.961,0.952,0.214,-0.917,0.955,-0.924,-0.825,-0.799,-0.986,0.764,-0.963,EssenceCatalog/problems/csplib-prob010-SocialGolfers/params/0d34abed65c8f38081ec7dfa088ff60c.param
0.938,-0.986,-0.922,-0.901,0.902,0.875,0.882,0.986,-0.625,0.129,0.973,0.746,0.012,0.954,0.933,0.974,0.085,-0.972,0.937,0.873,-0.279,-0.66,0.928,-0.93,0.066,-0.97,0.67,0.965,0.947,-0.974,-0.932,0.34,0.162,0.77,-0.948,-0.944,-0.922,-0.817,0.745,0.976,0.893,0.291,0.722,-0.903,-0.853,0.959,-0.938,-0.988,0.98,-0.793,-0.978,-0.907,-0.929,0.253,-0.971,-0.188,0.035,0.98,-0.985,0.953,-0.721,0.065,0.962,0.802,-0.927,0.958,-0.17,-0.911,0.947,-0.767,-0.305,-0.1,-0.969,0.044,-0.968,EssenceCatalog/problems/csplib-prob010-SocialGolfers/params/5e12858c27cb6239f63cf44c19939895.param
0.966,-0.988,-0.886,-0.903,0.878,0.891,0.951,0.98,-0.901,0.787,0.982,0.891,0.412,0.978,0.931,0.979,0.726,-0.988,0.926,0.912,-0.694,-0.875,0.935,-0.963,0.862,-0.969,0.894,0.956,0.964,-0.978,-0.975,0.849,-0.718,0.915,-0.965,-0.982,-0.953,-0.963,0.922,0.969,0.932,0.83,0.655,-0.946,-0.755,0.983,-0.836,-0.991,0.989,-0.447,-0.968,-0.904,-0.905,0.811,-0.979,-0.799,-0.711,0.983,-0.986,0.979,-0.855,-0.771,0.971,0.934,-0.959,0.949,0.22,-0.915,0.952,-0.923,-0.83,-0.806,-0.986,0.766,-0.961,EssenceCatalog/problems/csplib-prob010-SocialGolfers/params/45e169ab5101b0781386dbf23d04b590.param
0.965,-0.988,-0.883,-0.901,0.875,0.889,0.95,0.979,-0.901,0.792,0.982,0.89,0.417,0.978,0.93,0.978,0.728,-0.988,0.923,0.911,-0.697,-0.874,0.933,-0.962,0.864,-0.968,0.893,0.955,0.963,-0.977,-0.974,0.85,-0.722,0.916,-0.964,-0.981,-0.952,-0.962,0.922,0.968,0.93,0.833,0.651,-0.945,-0.749,0.983,-0.832,-0.991,0.989,-0.44,-0.967,-0.903,-0.902,0.814,-0.978,-0.8,-0.712,0.982,-0.986,0.978,-0.853,-0.774,0.97,0.934,-0.958,0.947,0.225,-0.913,0.951,-0.922,-0.832,-0.808,-0.985,0.767,-0.96,EssenceCatalog/problems/csplib-prob010-SocialGolfers/params/0223b0d6408aca5864332894b6d3d4ce.param
0.913,-0.956,-0.939,-0.888,0.907,0.842,0.352,0.979,0.164,-0.882,0.899,-0.003,-0.605,0.646,0.904,0.92,-0.817,-0.894,0.935,0.703,0.737,-0.177,0.843,-0.872,-0.872,-0.942,-0.005,0.95,0.834,-0.956,-0.702,-0.755,0.868,0.09,-0.885,-0.783,-0.817,0.421,0.255,0.969,0.771,-0.784,0.672,-0.652,-0.897,0.849,-0.977,-0.959,0.9,-0.932,-0.964,-0.786,-0.939,-0.566,-0.924,0.731,0.803,0.961,-0.953,0.77,-0.419,0.876,0.874,-0.338,-0.818,0.98,-0.713,-0.885,0.91,-0.189,0.789,0.825,-0.78,-0.861,-0.966,EssenceCatalog/problems/csplib-prob010-SocialGolfers/params/2063c398a435673b379ac890bb0d4497.param
0.965,-0.988,-0.882,-0.9,0.875,0.888,0.95,0.979,-0.901,0.791,0.982,0.889,0.418,0.978,0.93,0.978,0.728,-0.988,0.922,0.91,-0.697,-0.873,0.933,-0.962,0.863,-0.967,0.893,0.955,0.963,-0.977,-0.974,0.85,-0.722,0.916,-0.964,-0.981,-0.952,-0.962,0.921,0.968,0.93,0.833,0.65,-0.945,-0.749,0.983,-0.832,-0.991,0.989,-0.439,-0.967,-0.902,-0.902,0.814,-0.978,-0.8,-0.711,0.982,-0.986,0.978,-0.853,-0.773,0.97,0.934,-0.958,0.946,0.224,-0.913,0.951,-0.921,-0.832,-0.808,-0.985,0.767,-0.96,EssenceCatalog/problems/csplib-prob010-SocialGolfers/params/8d9794cda5467e0e2804369a76187529.param
0.966,-0.988,-0.887,-0.904,0.88,0.891,0.951,0.981,-0.901,0.786,0.983,0.89,0.413,0.978,0.931,0.979,0.725,-0.988,0.926,0.913,-0.692,-0.874,0.936,-0.963,0.86,-0.969,0.893,0.956,0.965,-0.978,-0.975,0.847,-0.714,0.915,-0.965,-0.982,-0.953,-0.963,0.922,0.969,0.932,0.828,0.657,-0.946,-0.759,0.983,-0.839,-0.991,0.989,-0.451,-0.968,-0.904,-0.906,0.81,-0.979,-0.798,-0.708,0.983,-0.986,0.979,-0.856,-0.768,0.971,0.934,-0.96,0.95,0.219,-0.915,0.953,-0.923,-0.829,-0.804,-0.986,0.766,-0.962,EssenceCatalog/problems/csplib-prob010-SocialGolfers/params/4255f301ec0d3dea8055adc59f18e1b3.param
0.965,-0.988,-0.884,-0.901,0.876,0.889,0.95,0.98,-0.901,0.79,0.982,0.89,0.417,0.978,0.93,0.979,0.727,-0.988,0.924,0.911,-0.695,-0.873,0.934,-0.962,0.862,-0.968,0.893,0.955,0.964,-0.977,-0.974,0.849,-0.72,0.916,-0.964,-0.981,-0.952,-0.962,0.921,0.968,0.93,0.831,0.652,-0.945,-0.752,0.983,-0.834,-0.991,0.989,-0.442,-0.967,-0.903,-0.903,0.813,-0.978,-0.799,-0.71,0.982,-0.986,0.979,-0.854,-0.772,0.97,0.934,-0.958,0.947,0.223,-0.914,0.951,-0.922,-0.831,-0.807,-0.985,0.766,-0.96,EssenceCatalog/problems/csplib-prob010-SocialGolfers/params/03ed772479441587cdc0677894b3ab73.param
0.904,-0.945,-0.933,-0.88,0.893,0.818,0.292,0.977,0.209,-0.903,0.874,-0.066,-0.651,0.583,0.888,0.904,-0.825,-0.863,0.94,0.674,0.774,-0.122,0.823,-0.861,-0.879,-0.933,-0.041,0.943,0.815,-0.954,-0.666,-0.776,0.882,0.045,-0.874,-0.757,-0.784,0.537,0.228,0.964,0.757,-0.825,0.632,-0.608,-0.889,0.822,-0.976,-0.952,0.869,-0.928,-0.96,-0.76,-0.941,-0.568,-0.923,0.745,0.805,0.957,-0.945,0.721,-0.355,0.879,0.863,-0.407,-0.791,0.979,-0.719,-0.875,0.906,-0.123,0.818,0.831,-0.742,-0.866,-0.963,EssenceCatalog/problems/csplib-prob010-SocialGolfers/params/f90c7a957f36ec822003803c7dfd4942.param
0.966,-0.988,-0.884,-0.902,0.877,0.889,0.95,0.98,-0.901,0.789,0.982,0.89,0.416,0.978,0.93,0.979,0.727,-0.988,0.924,0.911,-0.695,-0.874,0.934,-0.963,0.862,-0.968,0.893,0.955,0.964,-0.978,-0.974,0.849,-0.719,0.916,-0.964,-0.982,-0.953,-0.963,0.921,0.968,0.931,0.831,0.653,-0.946,-0.753,0.983,-0.834,-0.991,0.989,-0.444,-0.967,-0.903,-0.903,0.813,-0.978,-0.799,-0.71,0.982,-0.986,0.979,-0.854,-0.772,0.971,0.934,-0.959,0.948,0.223,-0.914,0.952,-0.922,-0.831,-0.807,-0.986,0.766,-0.961,EssenceCatalog/problems/csplib-prob010-SocialGolfers/params/18227a3ee903af9b7f539f7e228029d7.param
0.965,-0.987,-0.881,-0.899,0.873,0.887,0.949,0.979,-0.901,0.794,0.982,0.889,0.419,0.977,0.929,0.978,0.729,-0.988,0.921,0.909,-0.698,-0.873,0.932,-0.962,0.865,-0.967,0.893,0.954,0.963,-0.977,-0.974,0.851,-0.725,0.916,-0.963,-0.981,-0.952,-0.962,0.921,0.967,0.929,0.834,0.648,-0.945,-0.745,0.983,-0.83,-0.991,0.989,-0.435,-0.966,-0.902,-0.9,0.815,-0.978,-0.801,-0.713,0.982,-0.986,0.978,-0.852,-0.775,0.97,0.934,-0.957,0.945,0.227,-0.912,0.95,-0.921,-0.834,-0.81,-0.985,0.767,-0.959,EssenceCatalog/problems/csplib-prob010-SocialGolfers/params/47cb4fd3ee7091e6ed2ab661f19994c3.param
0.966,-0.988,-0.888,-0.904,0.88,0.892,0.951,0.981,-0.901,0.785,0.983,0.891,0.411,0.978,0.932,0.98,0.725,-0.988,0.927,0.913,-0.692,-0.875,0.936,-0.963,0.861,-0.969,0.894,0.957,0.965,-0.978,-0.975,0.848,-0.715,0.915,-0.965,-0.982,-0.954,-0.963,0.922,0.97,0.933,0.828,0.658,-0.946,-0.759,0.984,-0.838,-0.991,0.989,-0.452,-0.968,-0.905,-0.906,0.81,-0.979,-0.798,-0.709,0.983,-0.986,0.979,-0.856,-0.77,0.971,0.934,-0.96,0.95,0.219,-0.915,0.953,-0.924,-0.828,-0.805,-0.986,0.765,-0.962,EssenceCatalog/problems/csplib-prob010-SocialGolfers/params/921837087750b38384607589a4015289.param
0.93,-0.984,-0.934,-0.89,0.907,0.876,0.807,0.986,-0.409,-0.243,0.963,0.6,-0.191,0.923,0.936,0.969,-0.303,-0.964,0.935,0.841,0.036,-0.49,0.909,-0.909,-0.444,-0.965,0.489,0.964,0.928,-0.969,-0.891,-0.048,0.534,0.625,-0.942,-0.919,-0.905,-0.596,0.615,0.977,0.878,-0.093,0.741,-0.865,-0.869,0.935,-0.96,-0.984,0.973,-0.873,-0.979,-0.899,-0.937,-0.093,-0.966,0.191,0.407,0.977,-0.982,0.929,-0.651,0.498,0.954,0.633,-0.903,0.965,-0.344,-0.909,0.944,-0.631,0.116,0.325,-0.95,-0.395,-0.971,EssenceCatalog/problems/csplib-prob010-SocialGolfers/params/45d53ed6ab18fc668c59a3885c912aeb.param
0.965,-0.988,-0.883,-0.9,0.875,0.888,0.95,0.979,-0.901,0.792,0.982,0.89,0.417,0.978,0.93,0.978,0.728,-0.988,0.923,0.91,-0.697,-0.874,0.933,-0.962,0.864,-0.968,0.893,0.955,0.963,-0.977,-0.974,0.85,-0.723,0.916,-0.964,-0.981,-0.952,-0.962,0.921,0.968,0.93,0.833,0.65,-0.945,-0.748,0.983,-0.832,-0.991,0.989,-0.439,-0.967,-0.902,-0.902,0.814,-0.978,-0.8,-0.712,0.982,-0.986,0.978,-0.853,-0.774,0.97,0.934,-0.958,0.946,0.225,-0.913,0.951,-0.922,-0.832,-0.809,-0.985,0.767,-0.96,EssenceCatalog/problems/csplib-prob010-SocialGolfers/params/ba6bf8da482721a26f46ba78b13e1ec9.param
0.966,-0.988,-0.888,-0.906,0.881,0.892,0.951,0.981,-0.901,0.783,0.983,0.89,0.413,0.978,0.932,0.98,0.725,-0.989,0.927,0.914,-0.69,-0.874,0.937,-0.963,0.858,-0.97,0.893,0.957,0.965,-0.979,-0.975,0.845,-0.709,0.914,-0.965,-0.982,-0.954,-0.963,0.921,0.97,0.933,0.826,0.658,-0.947,-0.764,0.983,-0.841,-0.992,0.989,-0.454,-0.969,-0.905,-0.907,0.809,-0.979,-0.796,-0.704,0.983,-0.987,0.979,-0.856,-0.765,0.972,0.934,-0.96,0.951,0.216,-0.916,0.954,-0.923,-0.827,-0.802,-0.986,0.765,-0.962,EssenceCatalog/problems/csplib-prob010-SocialGolfers/params/e0917c3aae8bfc9dbec4f0db24458351.param
0.899,-0.941,-0.934,-0.88,0.891,0.812,0.275,0.977,0.228,-0.911,0.864,-0.07,-0.664,0.563,0.881,0.901,-0.823,-0.855,0.939,0.66,0.784,-0.113,0.818,-0.861,-0.881,-0.929,-0.037,0.942,0.811,-0.954,-0.655,-0.788,0.889,0.032,-0.871,-0.743,-0.769,0.569,0.225,0.964,0.76,-0.837,0.613,-0.594,-0.886,0.817,-0.976,-0.949,0.856,-0.926,-0.959,-0.752,-0.941,-0.581,-0.922,0.751,0.808,0.956,-0.943,0.707,-0.331,0.881,0.863,-0.417,-0.788,0.979,-0.716,-0.873,0.905,-0.089,0.825,0.831,-0.725,-0.868,-0.962,EssenceCatalog/problems/csplib-prob010-SocialGolfers/params/abd42985b79f2fd946943ee67f661b0e.param
0.967,-0.989,-0.889,-0.906,0.883,0.893,0.952,0.981,-0.901,0.78,0.983,0.891,0.41,0.979,0.932,0.98,0.724,-0.989,0.929,0.915,-0.689,-0.874,0.938,-0.964,0.858,-0.97,0.894,0.957,0.966,-0.979,-0.975,0.845,-0.707,0.914,-0.966,-0.982,-0.954,-0.963,0.922,0.97,0.934,0.825,0.66,-0.947,-0.767,0.984,-0.842,-0.992,0.989,-0.458,-0.969,-0.906,-0.908,0.808,-0.98,-0.795,-0.704,0.983,-0.987,0.98,-0.857,-0.765,0.972,0.934,-0.96,0.951,0.215,-0.917,0.954,-0.924,-0.826,-0.801,-0.986,0.765,-0.963,EssenceCatalog/problems/csplib-prob010-SocialGolfers/params/0c4b81496f4ea11ecf167e4011352a61.param
0.966,-0.989,-0.891,-0.915,0.89,0.895,0.953,0.983,-0.899,0.766,0.984,0.887,0.415,0.979,0.934,0.982,0.724,-0.989,0.933,0.918,-0.678,-0.869,0.942,-0.964,0.845,-0.973,0.893,0.958,0.969,-0.98,-0.975,0.834,-0.681,0.911,-0.967,-0.982,-0.955,-0.962,0.919,0.973,0.937,0.813,0.663,-0.949,-0.791,0.984,-0.858,-0.992,0.99,-0.474,-0.972,-0.906,-0.914,0.798,-0.981,-0.785,-0.678,0.985,-0.987,0.98,-0.858,-0.743,0.974,0.933,-0.963,0.956,0.204,-0.92,0.958,-0.921,-0.821,-0.789,-0.985,0.763,-0.965,EssenceCatalog/problems/csplib-prob010-SocialGolfers/params/68326ad887a784e62557eb540d988fef.param
0.929,-0.979,-0.947,-0.884,0.918,0.885,0.655,0.984,-0.204,-0.582,0.944,0.395,-0.382,0.871,0.936,0.962,-0.592,-0.956,0.931,0.8,0.418,-0.397,0.894,-0.897,-0.707,-0.959,0.288,0.962,0.909,-0.963,-0.848,-0.392,0.749,0.429,-0.935,-0.885,-0.891,-0.224,0.503,0.975,0.854,-0.451,0.767,-0.805,-0.882,0.904,-0.968,-0.978,0.962,-0.909,-0.977,-0.871,-0.936,-0.357,-0.952,0.468,0.647,0.976,-0.975,0.88,-0.564,0.745,0.939,0.332,-0.89,0.976,-0.518,-0.9,0.94,-0.497,0.449,0.646,-0.91,-0.685,-0.974,EssenceCatalog/problems/csplib-prob010-SocialGolfers/params/0d976ba5992c59ecc756ac2495079a50.param
0.967,-0.988,-0.888,-0.904,0.881,0.892,0.951,0.981,-0.901,0.784,0.983,0.892,0.411,0.978,0.932,0.98,0.725,-0.989,0.928,0.914,-0.691,-0.875,0.937,-0.964,0.86,-0.97,0.894,0.957,0.965,-0.979,-0.975,0.847,-0.714,0.915,-0.966,-0.982,-0.954,-0.963,0.922,0.97,0.933,0.828,0.659,-0.947,-0.761,0.984,-0.839,-0.992,0.989,-0.454,-0.969,-0.905,-0.907,0.81,-0.979,-0.798,-0.709,0.983,-0.987,0.979,-0.857,-0.769,0.972,0.935,-0.96,0.95,0.219,-0.916,0.954,-0.924,-0.828,-0.804,-0.986,0.765,-0.962,EssenceCatalog/problems/csplib-prob010-SocialGolfers/params/4a1edb53e6037353ea0cbe6330fed7fe.param
0.934,-0.984,-0.938,-0.885,0.907,0.878,0.772,0.985,-0.365,-0.312,0.958,0.557,-0.226,0.915,0.941,0.969,-0.382,-0.965,0.935,0.838,0.123,-0.482,0.913,-0.91,-0.52,-0.963,0.463,0.963,0.924,-0.969,-0.881,-0.131,0.599,0.595,-0.943,-0.915,-0.902,-0.543,0.613,0.977,0.882,-0.176,0.761,-0.849,-0.869,0.93,-0.961,-0.984,0.972,-0.878,-0.978,-0.893,-0.934,-0.139,-0.962,0.24,0.486,0.977,-0.98,0.921,-0.618,0.565,0.953,0.566,-0.9,0.968,-0.387,-0.907,0.945,-0.63,0.213,0.431,-0.945,-0.483,-0.974,EssenceCatalog/problems/csplib-prob010-SocialGolfers/params/f00a6026eea5783914b1a4f40c774e80.param
0.932,-0.984,-0.937,-0.888,0.907,0.875,0.785,0.985,-0.348,-0.311,0.959,0.551,-0.229,0.915,0.939,0.968,-0.378,-0.965,0.935,0.84,0.111,-0.454,0.908,-0.906,-0.533,-0.963,0.451,0.964,0.921,-0.969,-0.883,-0.127,0.602,0.596,-0.945,-0.915,-0.899,-0.536,0.6,0.977,0.885,-0.171,0.752,-0.853,-0.87,0.93,-0.963,-0.984,0.971,-0.881,-0.978,-0.899,-0.936,-0.147,-0.964,0.264,0.48,0.977,-0.981,0.922,-0.633,0.565,0.954,0.578,-0.896,0.968,-0.374,-0.91,0.946,-0.616,0.212,0.417,-0.945,-0.49,-0.972,EssenceCatalog/problems/csplib-prob010-SocialGolfers/params/32410275b776feed344943d473dbea56.param
0.926,-0.973,-0.95,-0.882,0.923,0.876,0.528,0.983,-0.042,-0.79,0.934,0.222,-0.497,0.779,0.926,0.947,-0.738,-0.94,0.93,0.746,0.615,-0.322,0.876,-0.891,-0.808,-0.953,0.145,0.96,0.874,-0.96,-0.793,-0.624,0.823,0.258,-0.913,-0.848,-0.872,0.114,0.354,0.972,0.824,-0.639,0.753,-0.743,-0.892,0.882,-0.973,-0.97,0.941,-0.923,-0.969,-0.839,-0.936,-0.49,-0.935,0.629,0.744,0.972,-0.968,0.843,-0.512,0.84,0.913,-0.018,-0.869,0.98,-0.645,-0.898,0.925,-0.352,0.655,0.767,-0.862,-0.8,-0.972,EssenceCatalog/problems/csplib-prob010-SocialGolfers/params/740238fb994a878f582d5f39dd9b694d.param
0.922,-0.968,-0.947,-0.887,0.92,0.868,0.462,0.982,0.047,-0.834,0.924,0.127,-0.536,0.733,0.92,0.938,-0.777,-0.927,0.932,0.729,0.669,-0.283,0.867,-0.885,-0.837,-0.949,0.083,0.957,0.862,-0.958,-0.759,-0.686,0.841,0.195,-0.902,-0.826,-0.859,0.234,0.31,0.971,0.802,-0.703,0.727,-0.712,-0.896,0.875,-0.975,-0.966,0.929,-0.929,-0.967,-0.821,-0.937,-0.531,-0.928,0.677,0.771,0.969,-0.964,0.82,-0.481,0.859,0.898,-0.16,-0.853,0.981,-0.678,-0.894,0.92,-0.289,0.714,0.799,-0.837,-0.83,-0.97,EssenceCatalog/problems/csplib-prob010-SocialGolfers/params/d9aac1f4c0cc888f2e93bdaab075c0df.param
0.967,-0.989,-0.889,-0.905,0.882,0.893,0.952,0.981,-0.901,0.783,0.983,0.892,0.41,0.979,0.932,0.98,0.724,-0.989,0.929,0.914,-0.69,-0.876,0.937,-0.964,0.859,-0.97,0.894,0.957,0.966,-0.979,-0.975,0.847,-0.711,0.914,-0.966,-0.982,-0.954,-0.963,0.922,0.97,0.933,0.827,0.661,-0.947,-0.763,0.984,-0.841,-0.992,0.989,-0.457,-0.969,-0.906,-0.908,0.809,-0.98,-0.797,-0.708,0.983,-0.987,0.98,-0.857,-0.768,0.972,0.935,-0.96,0.951,0.218,-0.916,0.954,-0.925,-0.827,-0.803,-0.986,0.765,-0.963,EssenceCatalog/problems/csplib-prob010-SocialGolfers/params/a10e3f46f4564ed9fb7a1cb74f146ec6.param
0.964,-0.99,-0.889,-0.926,0.897,0.895,0.954,0.984,-0.895,0.741,0.984,0.878,0.425,0.98,0.934,0.984,0.723,-0.989,0.936,0.921,-0.659,-0.855,0.947,-0.963,0.819,-0.975,0.89,0.959,0.972,-0.982,-0.975,0.812,-0.633,0.906,-0.967,-0.982,-0.955,-0.96,0.912,0.975,0.939,0.79,0.659,-0.951,-0.824,0.983,-0.878,-0.993,0.99,-0.493,-0.976,-0.904,-0.92,0.781,-0.983,-0.762,-0.622,0.987,-0.987,0.981,-0.854,-0.702,0.977,0.928,-0.964,0.961,0.184,-0.924,0.962,-0.911,-0.812,-0.766,-0.984,0.757,-0.965,EssenceCatalog/problems/csplib-prob010-SocialGolfers/params/62d0a4ced41f8b0d6b6a1fe7e3da949d.param
0.963,-0.986,-0.876,-0.896,0.867,0.883,0.948,0.977,-0.9,0.799,0.981,0.887,0.424,0.977,0.927,0.977,0.732,-0.987,0.916,0.906,-0.702,-0.871,0.93,-0.96,0.867,-0.965,0.892,0.952,0.961,-0.975,-0.973,0.853,-0.731,0.917,-0.961,-0.981,-0.95,-0.962,0.92,0.965,0.926,0.838,0.639,-0.943,-0.735,0.982,-0.823,-0.99,0.988,-0.421,-0.965,-0.899,-0.896,0.817,-0.976,-0.801,-0.714,0.98,-0.985,0.977,-0.849,-0.778,0.968,0.933,-0.955,0.942,0.231,-0.91,0.948,-0.919,-0.836,-0.813,-0.985,0.768,-0.956,EssenceCatalog/problems/csplib-prob010-SocialGolfers/params/5f566cfb165ac1808a0b1a6b1b5ad362.param
0.965,-0.99,-0.89,-0.921,0.893,0.895,0.954,0.983,-0.898,0.754,0.984,0.883,0.422,0.98,0.934,0.983,0.725,-0.989,0.935,0.92,-0.669,-0.862,0.945,-0.964,0.832,-0.974,0.892,0.959,0.97,-0.981,-0.975,0.824,-0.658,0.908,-0.967,-0.982,-0.955,-0.961,0.916,0.974,0.938,0.802,0.661,-0.95,-0.809,0.983,-0.869,-0.992,0.99,-0.482,-0.975,-0.905,-0.917,0.79,-0.982,-0.774,-0.651,0.986,-0.987,0.981,-0.856,-0.724,0.976,0.931,-0.964,0.959,0.195,-0.922,0.96,-0.916,-0.817,-0.778,-0.984,0.761,-0.965,EssenceCatalog/problems/csplib-prob010-SocialGolfers/params/0ec2155dca86c5ff156cdd43b9cf52aa.param
0.967,-0.989,-0.89,-0.912,0.887,0.895,0.953,0.982,-0.9,0.771,0.983,0.889,0.413,0.979,0.933,0.981,0.724,-0.989,0.932,0.917,-0.682,-0.871,0.941,-0.964,0.85,-0.972,0.893,0.958,0.968,-0.98,-0.975,0.838,-0.691,0.912,-0.967,-0.982,-0.955,-0.962,0.92,0.972,0.936,0.817,0.662,-0.948,-0.783,0.984,-0.852,-0.992,0.99,-0.469,-0.971,-0.906,-0.912,0.802,-0.981,-0.789,-0.688,0.985,-0.987,0.98,-0.858,-0.751,0.974,0.933,-0.962,0.955,0.208,-0.919,0.957,-0.922,-0.822,-0.793,-0.986,0.763,-0.964,EssenceCatalog/problems/csplib-prob010-SocialGolfers/params/a4f4eec58f722095871846df6fe1d73c.param
0.965,-0.99,-0.889,-0.923,0.894,0.895,0.954,0.983,-0.897,0.751,0.984,0.881,0.425,0.98,0.934,0.983,0.726,-0.989,0.935,0.92,-0.667,-0.86,0.945,-0.963,0.829,-0.974,0.891,0.958,0.971,-0.981,-0.975,0.821,-0.652,0.908,-0.967,-0.982,-0.955,-0.961,0.915,0.974,0.938,0.799,0.66,-0.951,-0.814,0.983,-0.872,-0.992,0.99,-0.484,-0.975,-0.905,-0.918,0.788,-0.982,-0.771,-0.643,0.987,-0.987,0.981,-0.856,-0.718,0.976,0.93,-0.964,0.96,0.192,-0.923,0.961,-0.915,-0.816,-0.775,-0.984,0.761,-0.965,EssenceCatalog/problems/csplib-prob010-SocialGolfers/params/f23b740ba278a66c3b9a076f2acde44e.param
0.923,-0.972,-0.949,-0.884,0.922,0.875,0.511,0.983,-0.027,-0.796,0.931,0.206,-0.505,0.773,0.925,0.946,-0.743,-0.938,0.93,0.745,0.627,-0.312,0.873,-0.888,-0.814,-0.952,0.133,0.959,0.874,-0.959,-0.787,-0.631,0.827,0.249,-0.911,-0.842,-0.869,0.136,0.349,0.972,0.818,-0.651,0.746,-0.737,-0.893,0.88,-0.973,-0.97,0.939,-0.924,-0.969,-0.836,-0.936,-0.5,-0.934,0.638,0.749,0.971,-0.967,0.837,-0.503,0.842,0.911,-0.036,-0.866,0.98,-0.647,-0.895,0.924,-0.338,0.663,0.772,-0.857,-0.805,-0.972,EssenceCatalog/problems/csplib-prob010-SocialGolfers/params/3390fd4679d23579324ebe2230179538.param
0.967,-0.988,-0.889,-0.905,0.881,0.893,0.951,0.981,-0.901,0.784,0.983,0.892,0.41,0.978,0.932,0.98,0.725,-0.989,0.928,0.914,-0.691,-0.876,0.937,-0.964,0.86,-0.97,0.894,0.957,0.965,-0.979,-0.975,0.847,-0.713,0.915,-0.966,-0.982,-0.954,-0.963,0.922,0.97,0.933,0.828,0.66,-0.947,-0.761,0.984,-0.839,-0.992,0.989,-0.455,-0.969,-0.906,-0.907,0.81,-0.98,-0.798,-0.71,0.983,-0.987,0.979,-0.857,-0.769,0.972,0.935,-0.96,0.95,0.219,-0.916,0.954,-0.924,-0.828,-0.803,-0.986,0.765,-0.963,EssenceCatalog/problems/csplib-prob010-SocialGolfers/params/c3103449cd815ed311eecab6061a6dbe.param
0.932,-0.984,-0.937,-0.889,0.906,0.875,0.791,0.985,-0.358,-0.295,0.96,0.56,-0.222,0.917,0.939,0.968,-0.363,-0.965,0.935,0.841,0.093,-0.458,0.909,-0.907,-0.519,-0.964,0.459,0.964,0.922,-0.969,-0.885,-0.11,0.589,0.604,-0.945,-0.916,-0.899,-0.549,0.605,0.977,0.885,-0.151,0.75,-0.855,-0.869,0.931,-0.963,-0.984,0.972,-0.879,-0.978,-0.9,-0.936,-0.133,-0.965,0.249,0.465,0.977,-0.981,0.924,-0.637,0.55,0.955,0.591,-0.897,0.967,-0.366,-0.911,0.946,-0.62,0.195,0.398,-0.947,-0.474,-0.972,EssenceCatalog/problems/csplib-prob010-SocialGolfers/params/d61d3e3a29bca72e9d86866497159876.param
0.965,-0.987,-0.882,-0.9,0.874,0.888,0.949,0.979,-0.901,0.793,0.982,0.889,0.418,0.978,0.929,0.978,0.728,-0.988,0.922,0.91,-0.698,-0.873,0.933,-0.962,0.864,-0.967,0.893,0.955,0.963,-0.977,-0.974,0.851,-0.724,0.916,-0.963,-0.981,-0.952,-0.962,0.921,0.968,0.929,0.833,0.649,-0.945,-0.747,0.983,-0.831,-0.991,0.989,-0.437,-0.966,-0.902,-0.901,0.814,-0.978,-0.8,-0.713,0.982,-0.986,0.978,-0.853,-0.775,0.97,0.934,-0.958,0.946,0.226,-0.913,0.95,-0.921,-0.833,-0.809,-0.985,0.767,-0.959,EssenceCatalog/problems/csplib-prob010-SocialGolfers/params/962c9d1544bc413c6e5d6facd7c0676e.param
0.964,-0.99,-0.889,-0.926,0.897,0.895,0.954,0.984,-0.896,0.743,0.984,0.878,0.426,0.98,0.934,0.984,0.724,-0.989,0.936,0.921,-0.66,-0.856,0.947,-0.963,0.82,-0.975,0.89,0.959,0.972,-0.982,-0.975,0.813,-0.636,0.906,-0.967,-0.982,-0.955,-0.96,0.913,0.975,0.939,0.791,0.659,-0.951,-0.824,0.983,-0.878,-0.993,0.99,-0.491,-0.976,-0.904,-0.92,0.783,-0.983,-0.764,-0.625,0.987,-0.987,0.981,-0.855,-0.704,0.977,0.928,-0.964,0.961,0.186,-0.924,0.962,-0.912,-0.813,-0.768,-0.984,0.758,-0.965,EssenceCatalog/problems/csplib-prob010-SocialGolfers/params/108560d95a8d8ff872f4cb3ae32c35f8.param
0.966,-0.988,-0.886,-0.903,0.878,0.891,0.951,0.98,-0.901,0.787,0.982,0.891,0.413,0.978,0.931,0.979,0.726,-0.988,0.926,0.912,-0.694,-0.875,0.935,-0.963,0.862,-0.969,0.894,0.956,0.964,-0.978,-0.975,0.849,-0.718,0.915,-0.965,-0.982,-0.953,-0.963,0.922,0.969,0.932,0.83,0.655,-0.946,-0.756,0.983,-0.836,-0.991,0.989,-0.448,-0.968,-0.904,-0.905,0.812,-0.979,-0.799,-0.711,0.983,-0.986,0.979,-0.855,-0.772,0.971,0.934,-0.959,0.949,0.222,-0.915,0.952,-0.923,-0.83,-0.806,-0.986,0.766,-0.961,EssenceCatalog/problems/csplib-prob010-SocialGolfers/params/7e2c1ffedf3d1217a2fc798a5131cb35.param
0.967,-0.989,-0.889,-0.906,0.883,0.893,0.952,0.981,-0.901,0.781,0.983,0.891,0.41,0.979,0.932,0.98,0.724,-0.989,0.929,0.915,-0.689,-0.875,0.937,-0.964,0.858,-0.97,0.894,0.957,0.966,-0.979,-0.975,0.846,-0.708,0.914,-0.966,-0.982,-0.954,-0.963,0.922,0.97,0.934,0.825,0.66,-0.947,-0.766,0.984,-0.842,-0.992,0.989,-0.458,-0.969,-0.906,-0.908,0.808,-0.98,-0.796,-0.705,0.983,-0.987,0.98,-0.857,-0.766,0.972,0.934,-0.96,0.951,0.216,-0.916,0.954,-0.924,-0.826,-0.801,-0.986,0.765,-0.963,EssenceCatalog/problems/csplib-prob010-SocialGolfers/params/a25e4ed04e5d446af3a538173bbb0fe2.param
0.937,-0.986,-0.92,-0.896,0.899,0.873,0.862,0.985,-0.542,0.031,0.969,0.704,-0.076,0.947,0.938,0.972,-0.059,-0.971,0.936,0.866,-0.191,-0.604,0.925,-0.922,-0.118,-0.969,0.605,0.966,0.941,-0.972,-0.923,0.253,0.272,0.746,-0.949,-0.938,-0.912,-0.762,0.723,0.976,0.891,0.202,0.74,-0.892,-0.853,0.951,-0.945,-0.987,0.978,-0.807,-0.978,-0.906,-0.931,0.183,-0.969,-0.092,0.144,0.979,-0.984,0.945,-0.698,0.195,0.96,0.752,-0.916,0.957,-0.241,-0.911,0.945,-0.747,-0.161,0.052,-0.964,-0.16,-0.971,EssenceCatalog/problems/csplib-prob010-SocialGolfers/params/73374e45fef7ffb8796908b744873481.param
0.964,-0.987,-0.878,-0.897,0.87,0.885,0.948,0.978,-0.9,0.796,0.981,0.888,0.42,0.977,0.928,0.977,0.73,-0.987,0.918,0.908,-0.701,-0.872,0.931,-0.961,0.867,-0.966,0.892,0.953,0.962,-0.976,-0.974,0.852,-0.729,0.917,-0.962,-0.981,-0.951,-0.962,0.921,0.966,0.927,0.836,0.643,-0.944,-0.739,0.982,-0.826,-0.991,0.988,-0.427,-0.965,-0.9,-0.898,0.816,-0.977,-0.801,-0.714,0.981,-0.985,0.978,-0.85,-0.778,0.969,0.933,-0.956,0.943,0.229,-0.911,0.949,-0.92,-0.835,-0.812,-0.985,0.767,-0.958,EssenceCatalog/problems/csplib-prob010-SocialGolfers/params/b1e9a72c737c4cae9365f597007789fc.param
0.924,-0.973,-0.949,-0.884,0.921,0.875,0.513,0.983,-0.028,-0.793,0.932,0.207,-0.505,0.776,0.926,0.946,-0.742,-0.939,0.93,0.746,0.623,-0.306,0.872,-0.889,-0.814,-0.953,0.133,0.96,0.875,-0.959,-0.789,-0.628,0.825,0.247,-0.912,-0.844,-0.87,0.131,0.354,0.972,0.819,-0.649,0.749,-0.739,-0.893,0.881,-0.973,-0.97,0.94,-0.924,-0.969,-0.836,-0.936,-0.498,-0.935,0.637,0.75,0.971,-0.967,0.836,-0.505,0.84,0.912,-0.029,-0.867,0.979,-0.649,-0.895,0.925,-0.343,0.662,0.768,-0.858,-0.804,-0.972,EssenceCatalog/problems/csplib-prob010-SocialGolfers/params/3aa55713c4be9471154baa7e8a47eef4.param
0.932,-0.982,-0.942,-0.885,0.91,0.878,0.744,0.985,-0.299,-0.402,0.954,0.499,-0.275,0.902,0.94,0.967,-0.457,-0.963,0.934,0.827,0.22,-0.434,0.905,-0.903,-0.603,-0.961,0.403,0.963,0.917,-0.967,-0.87,-0.222,0.668,0.543,-0.943,-0.906,-0.896,-0.446,0.57,0.977,0.879,-0.278,0.758,-0.836,-0.873,0.92,-0.965,-0.982,0.969,-0.894,-0.978,-0.892,-0.936,-0.23,-0.961,0.345,0.551,0.977,-0.979,0.911,-0.604,0.643,0.951,0.5,-0.892,0.971,-0.422,-0.907,0.945,-0.582,0.3,0.516,-0.936,-0.569,-0.973,EssenceCatalog/problems/csplib-prob010-SocialGolfers/params/846bb82ffdf26a833442950e25f43906.param
0.925,-0.973,-0.949,-0.883,0.922,0.877,0.521,0.983,-0.035,-0.789,0.932,0.213,-0.5,0.78,0.927,0.947,-0.741,-0.939,0.931,0.747,0.618,-0.321,0.876,-0.891,-0.81,-0.953,0.136,0.959,0.876,-0.959,-0.791,-0.625,0.822,0.257,-0.913,-0.847,-0.873,0.118,0.361,0.972,0.82,-0.645,0.751,-0.742,-0.893,0.882,-0.973,-0.97,0.941,-0.924,-0.97,-0.838,-0.936,-0.493,-0.935,0.629,0.746,0.972,-0.968,0.839,-0.506,0.839,0.913,-0.02,-0.868,0.98,-0.645,-0.896,0.926,-0.349,0.658,0.77,-0.862,-0.801,-0.972,EssenceCatalog/problems/csplib-prob010-SocialGolfers/params/0a6aeba6605fa8c37db949b45740276e.param
0.965,-0.988,-0.883,-0.901,0.875,0.889,0.95,0.98,-0.901,0.791,0.982,0.89,0.416,0.978,0.93,0.979,0.727,-0.988,0.923,0.911,-0.696,-0.874,0.934,-0.962,0.863,-0.968,0.893,0.955,0.963,-0.977,-0.974,0.85,-0.722,0.916,-0.964,-0.981,-0.952,-0.962,0.922,0.968,0.93,0.832,0.651,-0.945,-0.75,0.983,-0.833,-0.991,0.989,-0.441,-0.967,-0.903,-0.902,0.813,-0.978,-0.8,-0.712,0.982,-0.986,0.979,-0.854,-0.774,0.97,0.934,-0.958,0.947,0.224,-0.913,0.951,-0.922,-0.832,-0.808,-0.985,0.766,-0.96,EssenceCatalog/problems/csplib-prob010-SocialGolfers/params/739032a5ae3092063501b6b7f33df14e.param
0.924,-0.973,-0.949,-0.882,0.922,0.875,0.517,0.983,-0.03,-0.795,0.932,0.208,-0.505,0.774,0.925,0.946,-0.741,-0.938,0.931,0.745,0.621,-0.314,0.875,-0.89,-0.811,-0.952,0.138,0.959,0.874,-0.959,-0.786,-0.629,0.825,0.253,-0.912,-0.844,-0.871,0.129,0.349,0.972,0.821,-0.647,0.749,-0.739,-0.892,0.882,-0.973,-0.97,0.939,-0.924,-0.969,-0.838,-0.936,-0.498,-0.934,0.636,0.746,0.972,-0.967,0.838,-0.504,0.84,0.912,-0.036,-0.866,0.98,-0.648,-0.895,0.924,-0.343,0.663,0.772,-0.861,-0.803,-0.972,EssenceCatalog/problems/csplib-prob010-SocialGolfers/params/732a8d86ee667bc7a9b926b0aa3bd05f.param
