feat0,feat1,feat2,feat3,feat4,feat5,feat6,feat7,feat8,feat9,feat10,feat11,feat12,feat13,feat14,feat15,feat16,feat17,feat18,feat19,feat20,feat21,feat22,feat23,feat24,feat25,feat26,feat27,feat28,feat29,feat30,feat31,feat32,feat33,feat34,feat35,feat36,feat37,feat38,feat39,feat40,feat41,feat42,feat43,feat44,feat45,feat46,feat47,feat48,feat49,feat50,feat51,feat52,feat53,feat54,feat55,feat56,feat57,feat58,feat59,feat60,feat61,feat62,feat63,feat64,feat65,feat66,feat67,feat68,feat69,feat70,feat71,feat72,feat73,feat74,feat75,feat76,feat77,feat78,feat79,feat80,feat81,feat82,feat83,feat84,feat85,feat86,feat87,feat88,feat89,feat90,feat91,feat92,feat93,feat94,feat95,feat96,feat97,feat98,feat99,feat100,feat101,feat102,feat103,feat104,feat105,feat106,feat107,feat108,feat109,feat110,feat111,feat112,feat113,feat114,feat115,inst
-0.996,-0.977,-0.894,-0.698,0.971,-0.958,-0.974,-0.998,0.961,0.512,0.988,0.431,-0.985,-0.907,0.826,0.974,0.995,-0.6,0.992,0.994,-0.968,0.978,-0.996,-0.987,0.979,0.913,-0.996,-0.779,-0.899,0.96,-0.973,0.993,0.994,-0.988,0.856,0.972,0.987,0.781,-0.929,0.886,0.996,-0.739,-0.927,-0.991,0.983,0.917,-0.997,0.995,0.988,-0.941,-0.985,0.993,-0.907,0.998,-0.974,-0.839,0.371,0.863,-0.428,0.446,-0.962,-0.783,-0.955,0.972,-0.995,-0.994,-0.353,-0.939,-0.993,-0.973,-0.617,-0.903,0.564,0.982,0.995,-0.977,0.057,-0.972,0.726,0.957,-0.901,-0.807,0.836,-0.955,0.836,0.996,0.75,0.976,0.988,-0.947,0.994,0.956,-0.985,-0.991,0.578,-0.992,-0.994,0.99,-0.954,-0.94,6.316,5.006,10.393,10.334,10.37,10.36,10.339,10.344,5.934,5.191,10.41,10.356,6.187,6.077,10.416,10.349,EssenceCatalog/problems/csplib-prob010-SocialGolfers/params/277ba4da109a663977e6f4490a9a1c57.param
-0.998,-0.998,0.972,-0.437,0.994,-0.791,-0.94,-0.998,-0.988,0.931,0.994,0.941,-0.717,-0.971,0.978,-0.986,0.996,-0.812,0.997,0.998,-0.988,-0.97,-0.997,0.995,0.997,0.963,-0.998,-0.96,-0.697,0.986,-0.913,0.999,0.994,0.99,0.875,-0.792,0.975,0.522,-0.992,-0.976,0.998,-0.973,-0.913,-0.991,-0.989,0.933,-0.997,0.998,-0.997,-0.975,-0.988,0.998,-0.949,0.996,0.915,-0.992,0.977,0.98,-0.947,0.863,-0.885,-0.917,-0.99,0.978,-0.997,-0.995,0.952,-0.984,-0.997,-0.969,-0.905,-0.964,0.906,0.872,0.999,-0.982,0.938,-0.987,0.989,0.997,-0.554,-0.966,0.975,0.702,0.919,0.998,-0.985,0.927,0.995,-0.981,0.995,-0.987,-0.995,-0.956,-0.988,-0.994,-0.989,0.995,-0.991,-0.982,4.119,3.28,4.699,10.026,10.515,10.384,10.537,10.631,4.052,3.53,4.775,10.013,4.627,4.189,5.715,9.996,EssenceCatalog/problems/csplib-prob010-SocialGolfers/params/aaca24b9c117681f5ef2489dc7dc5469.param
-0.996,-0.983,-0.922,-0.652,0.979,-0.946,-0.961,-0.999,0.954,0.882,0.988,0.407,-0.979,-0.923,0.866,0.981,0.996,-0.611,0.992,0.995,-0.98,0.985,-0.996,-0.987,0.959,0.848,-0.996,-0.82,-0.876,0.966,-0.967,0.991,0.993,-0.991,0.808,0.968,0.983,0.768,-0.933,0.838,0.997,-0.57,-0.898,-0.991,0.986,0.743,-0.998,0.995,0.988,-0.921,-0.983,0.993,-0.923,0.998,-0.979,-0.831,-0.47,0.918,-0.504,0.494,-0.957,-0.784,-0.972,0.975,-0.994,-0.994,-0.154,-0.937,-0.995,-0.973,-0.472,-0.881,0.616,0.974,0.995,-0.962,-0.284,-0.957,0.834,0.97,-0.902,-0.886,0.873,-0.945,0.861,0.995,0.271,0.969,0.988,-0.924,0.994,0.946,-0.98,-0.989,0.29,-0.991,-0.996,0.989,-0.976,-0.966,5.711,4.712,10.406,10.276,10.311,10.315,10.302,10.309,5.547,4.885,10.397,10.288,5.81,5.573,10.377,10.321,EssenceCatalog/problems/csplib-prob010-SocialGolfers/params/ecd45e5c8c7e55f0a883730da912f155.param
-0.996,-0.985,-0.919,-0.701,0.984,-0.949,-0.972,-0.999,0.96,0.9,0.988,0.411,-0.984,-0.929,0.868,0.976,0.996,-0.577,0.991,0.995,-0.981,0.982,-0.996,-0.986,0.972,0.889,-0.996,-0.807,-0.869,0.973,-0.972,0.992,0.992,-0.992,0.783,0.958,0.982,0.775,-0.928,0.796,0.996,-0.606,-0.897,-0.992,0.987,0.699,-0.997,0.996,0.988,-0.916,-0.982,0.993,-0.923,0.998,-0.982,-0.861,-0.558,0.927,-0.541,0.491,-0.954,-0.794,-0.972,0.974,-0.996,-0.993,0.002,-0.945,-0.994,-0.971,-0.5,-0.926,0.661,0.975,0.996,-0.956,-0.473,-0.952,0.811,0.975,-0.886,-0.854,0.869,-0.961,0.853,0.995,0.063,0.979,0.989,-0.919,0.993,0.94,-0.982,-0.99,0.092,-0.992,-0.995,0.99,-0.98,-0.964,5.516,4.628,10.389,10.285,10.302,10.312,10.293,10.27,5.416,4.788,10.378,10.288,5.678,5.432,10.354,10.324,EssenceCatalog/problems/csplib-prob010-SocialGolfers/params/4c4be36de0caf686f20346cb1c303d4a.param
-0.996,-0.975,-0.894,-0.714,0.963,-0.962,-0.975,-0.998,0.961,0.435,0.988,0.479,-0.986,-0.903,0.835,0.972,0.994,-0.59,0.991,0.994,-0.967,0.98,-0.996,-0.988,0.98,0.915,-0.996,-0.783,-0.897,0.956,-0.975,0.994,0.995,-0.988,0.849,0.972,0.987,0.789,-0.931,0.89,0.995,-0.773,-0.922,-0.99,0.984,0.919,-0.997,0.995,0.989,-0.944,-0.985,0.993,-0.903,0.998,-0.975,-0.857,0.484,0.81,-0.471,0.504,-0.967,-0.777,-0.953,0.972,-0.995,-0.994,-0.451,-0.944,-0.993,-0.973,-0.624,-0.887,0.607,0.983,0.996,-0.977,0.195,-0.971,0.721,0.961,-0.901,-0.801,0.84,-0.956,0.834,0.996,0.768,0.968,0.988,-0.946,0.995,0.957,-0.987,-0.993,0.621,-0.992,-0.994,0.991,-0.94,-0.937,6.486,5.066,10.409,10.376,10.408,10.404,10.379,10.372,6.036,5.253,10.429,10.392,6.29,6.192,10.444,10.382,EssenceCatalog/problems/csplib-prob010-SocialGolfers/params/3c2d844bd77969ff3d99a6cf436282b4.param
-0.996,-0.987,-0.939,-0.75,0.982,-0.947,-0.975,-0.999,0.963,0.949,0.989,0.438,-0.984,-0.942,0.888,0.978,0.997,-0.575,0.99,0.995,-0.985,0.985,-0.997,-0.987,0.973,0.891,-0.995,-0.833,-0.859,0.977,-0.973,0.992,0.991,-0.993,0.725,0.949,0.98,0.793,-0.941,0.757,0.997,-0.568,-0.873,-0.992,0.989,0.499,-0.998,0.996,0.988,-0.905,-0.982,0.993,-0.932,0.998,-0.985,-0.891,-0.77,0.912,-0.668,0.522,-0.953,-0.826,-0.978,0.976,-0.996,-0.994,0.104,-0.955,-0.995,-0.973,-0.516,-0.936,0.736,0.973,0.996,-0.938,-0.596,-0.941,0.842,0.979,-0.885,-0.868,0.89,-0.966,0.86,0.995,-0.318,0.97,0.989,-0.893,0.993,0.939,-0.98,-0.99,-0.115,-0.993,-0.995,0.991,-0.98,-0.968,5.326,4.513,10.4,10.309,10.304,10.338,10.307,10.265,5.281,4.665,10.384,10.302,5.546,5.249,10.354,10.343,EssenceCatalog/problems/csplib-prob010-SocialGolfers/params/ddb174cf3f96d67afbcbeae80f9f04ef.param
-0.999,-0.989,-0.977,-0.899,0.591,-0.974,-0.976,-0.999,0.959,0.931,0.995,0.859,-0.99,-0.972,0.949,0.994,0.998,-0.816,0.994,0.998,-0.989,0.998,-0.996,-0.991,0.959,0.814,-0.998,-0.923,-0.908,0.969,-0.983,0.997,0.997,-0.994,0.736,0.968,0.976,0.901,-0.987,0.902,0.998,-0.674,-0.768,-0.986,0.995,0.382,-0.999,0.998,0.992,-0.953,-0.995,0.994,-0.967,0.999,-0.99,-0.958,-0.32,-0.605,-0.932,0.773,-0.987,-0.892,-0.985,0.986,-0.996,-0.998,-0.887,-0.972,-0.997,-0.99,-0.643,-0.24,0.927,0.971,0.998,-0.936,0.688,-0.953,0.931,0.986,-0.944,-0.962,0.956,-0.964,0.922,0.998,-0.169,-0.521,0.993,-0.812,0.995,0.978,-0.986,-0.997,0.653,-0.99,-0.996,0.994,-0.504,-0.977,7.413,4.995,10.491,10.41,10.429,10.535,10.489,10.476,6.371,5.215,10.495,10.406,6.725,6.35,10.489,10.399,EssenceCatalog/problems/csplib-prob010-SocialGolfers/params/ffa2d8144c52b9f05ee22fb124f8ab50.param
-1.0,-0.995,-0.995,-0.994,-0.976,-0.995,-0.999,-1.0,0.994,-0.986,0.999,0.993,-0.998,-0.996,0.989,0.987,0.998,-0.983,0.999,1.0,-0.993,0.997,-0.999,-0.997,0.999,0.996,-0.999,-0.984,-0.991,0.957,-0.998,0.999,1.0,-0.99,0.986,0.995,0.996,0.993,-0.998,0.993,0.999,-0.993,-0.985,-0.999,0.997,0.995,-0.999,0.998,0.997,-0.996,-1.0,0.998,-0.991,1.0,-0.993,-0.993,0.997,-0.998,-0.992,0.976,-0.998,-0.988,-0.978,0.996,-0.998,-1.0,-0.992,-0.996,-0.998,-0.998,-0.985,-0.002,0.994,0.996,0.999,-0.996,0.991,-0.996,0.954,0.984,-0.993,-0.978,0.99,-0.993,0.993,1.0,0.996,-0.973,0.999,-0.98,0.999,0.996,-0.998,-0.999,0.996,-0.998,-0.998,0.998,0.99,-0.75,9.554,5.788,10.455,10.456,10.438,10.537,10.55,10.499,7.558,6.086,10.414,10.394,8.031,7.853,10.43,10.475,EssenceCatalog/problems/csplib-prob010-SocialGolfers/params/b07d12c3e0e0009cf8f0631447f70c5b.param
-0.997,-0.996,0.926,0.744,0.999,0.467,0.78,-0.999,-0.997,0.985,0.986,0.907,0.934,-0.968,0.985,-0.929,0.998,-0.875,0.997,0.995,-0.996,-0.987,-0.999,0.998,0.592,0.543,-0.954,-0.968,-0.817,0.954,0.173,0.97,0.911,0.998,0.954,0.113,0.986,0.81,-0.989,-0.99,0.999,-0.298,-0.973,-0.992,-0.998,0.862,-0.997,0.845,-0.999,-0.976,-0.993,0.992,-0.964,0.997,0.992,-0.849,0.117,0.999,-0.877,0.789,0.677,-0.967,-0.995,0.98,-0.821,-0.998,0.996,-0.918,-0.997,-0.965,-0.806,-0.889,-0.614,-0.543,0.924,-0.979,0.722,-0.97,0.987,0.757,-0.75,-0.985,0.975,0.986,0.957,0.947,-0.946,0.989,0.993,-0.989,0.992,-0.998,-0.917,0.642,-0.992,-0.93,-0.994,0.503,-0.996,-0.971,2.891,2.428,3.266,8.373,8.855,8.384,9.005,10.18,3.191,2.845,3.246,8.413,3.659,3.123,4.189,8.545,EssenceCatalog/problems/csplib-prob010-SocialGolfers/params/ord08-17-9-2.param
-0.998,-0.995,0.939,-0.801,0.988,-0.864,-0.989,-0.998,-0.945,0.705,0.993,0.955,-0.964,-0.965,0.968,-0.984,0.994,-0.83,0.994,0.997,-0.978,-0.969,-0.995,0.986,0.999,0.986,-0.998,-0.927,-0.823,0.987,-0.968,0.999,0.995,0.98,0.852,-0.82,0.977,0.421,-0.987,-0.914,0.997,-0.984,-0.924,-0.993,-0.967,0.975,-0.994,0.998,-0.991,-0.976,-0.988,0.997,-0.928,0.996,0.84,-0.991,0.992,0.866,-0.931,0.856,-0.872,-0.908,-0.98,0.975,-0.997,-0.994,0.724,-0.99,-0.995,-0.962,-0.939,-0.977,0.927,0.941,0.998,-0.987,0.938,-0.988,0.978,0.996,-0.473,-0.932,0.958,-0.089,0.916,0.998,-0.877,0.938,0.994,-0.982,0.993,-0.948,-0.994,-0.982,-0.954,-0.996,-0.982,0.994,-0.974,-0.968,4.37,3.435,5.024,10.119,10.53,10.409,10.53,10.562,4.226,3.664,5.091,10.091,4.758,4.371,6.019,10.069,EssenceCatalog/problems/csplib-prob010-SocialGolfers/params/c848d743c323662bfa4dc73851baebcb.param
-0.996,-0.979,-0.912,-0.722,0.974,-0.954,-0.975,-0.998,0.965,0.718,0.987,0.404,-0.986,-0.917,0.838,0.977,0.995,-0.588,0.99,0.994,-0.973,0.981,-0.996,-0.989,0.978,0.908,-0.995,-0.787,-0.891,0.966,-0.973,0.992,0.993,-0.991,0.816,0.968,0.984,0.778,-0.93,0.864,0.996,-0.687,-0.912,-0.991,0.987,0.862,-0.997,0.995,0.99,-0.931,-0.984,0.993,-0.909,0.998,-0.979,-0.85,-0.005,0.866,-0.493,0.455,-0.96,-0.789,-0.961,0.972,-0.995,-0.993,-0.264,-0.942,-0.993,-0.972,-0.593,-0.916,0.607,0.981,0.995,-0.97,-0.15,-0.963,0.737,0.962,-0.895,-0.806,0.843,-0.959,0.834,0.995,0.582,0.974,0.988,-0.932,0.994,0.956,-0.983,-0.991,0.455,-0.992,-0.994,0.989,-0.959,-0.944,6.053,4.883,10.415,10.319,10.354,10.346,10.328,10.332,5.765,5.06,10.421,10.337,6.023,5.871,10.416,10.348,EssenceCatalog/problems/csplib-prob010-SocialGolfers/params/22bcfb519042a71c39552f8248e87ff0.param
-0.998,-0.997,0.982,-0.208,0.994,-0.783,-0.881,-0.998,-0.992,0.903,0.993,0.924,-0.521,-0.967,0.975,-0.99,0.994,-0.84,0.997,0.997,-0.985,-0.979,-0.997,0.997,0.994,0.949,-0.998,-0.948,-0.694,0.984,-0.884,0.999,0.994,0.995,0.894,-0.77,0.976,0.504,-0.991,-0.976,0.997,-0.971,-0.926,-0.989,-0.994,0.962,-0.996,0.998,-0.998,-0.974,-0.987,0.997,-0.931,0.996,0.958,-0.991,0.988,0.981,-0.926,0.855,-0.866,-0.901,-0.987,0.976,-0.996,-0.994,0.941,-0.978,-0.996,-0.966,-0.894,-0.951,0.86,0.818,0.999,-0.986,0.947,-0.987,0.987,0.996,-0.545,-0.957,0.967,0.794,0.912,0.998,-0.972,0.934,0.994,-0.983,0.994,-0.991,-0.994,-0.948,-0.981,-0.994,-0.987,0.993,-0.99,-0.978,4.053,3.233,4.562,9.922,10.441,10.301,10.463,10.583,4.0,3.493,4.644,9.916,4.581,4.139,5.581,9.9,EssenceCatalog/problems/csplib-prob010-SocialGolfers/params/738cca69d0202b1e10d4b9e5fb607780.param
-0.997,-0.974,-0.885,-0.711,0.962,-0.962,-0.977,-0.998,0.962,0.167,0.989,0.466,-0.986,-0.904,0.815,0.972,0.995,-0.621,0.992,0.994,-0.963,0.976,-0.996,-0.987,0.982,0.926,-0.996,-0.78,-0.915,0.955,-0.974,0.993,0.995,-0.986,0.887,0.977,0.989,0.797,-0.936,0.912,0.996,-0.788,-0.94,-0.992,0.981,0.952,-0.997,0.994,0.988,-0.951,-0.987,0.994,-0.907,0.998,-0.97,-0.836,0.658,0.823,-0.414,0.437,-0.965,-0.797,-0.948,0.973,-0.994,-0.994,-0.461,-0.941,-0.993,-0.974,-0.68,-0.896,0.537,0.984,0.995,-0.983,0.265,-0.978,0.698,0.948,-0.91,-0.792,0.833,-0.953,0.84,0.996,0.87,0.973,0.989,-0.957,0.995,0.961,-0.987,-0.992,0.707,-0.992,-0.994,0.989,-0.933,-0.924,6.625,5.14,10.388,10.368,10.398,10.379,10.368,10.363,6.127,5.337,10.406,10.381,6.377,6.314,10.427,10.369,EssenceCatalog/problems/csplib-prob010-SocialGolfers/params/d10b8d5dc0eaa3fbb24870b330b8b364.param
-1.0,-0.996,-0.991,-0.991,-0.967,-0.993,-0.998,-1.0,0.969,-0.948,0.999,0.996,-0.996,-0.997,0.993,0.976,0.999,-0.985,0.999,1.0,-0.996,0.996,-0.999,-0.987,0.999,0.991,-1.0,-0.989,-0.991,0.962,-0.997,1.0,1.0,-0.96,0.985,0.993,0.995,0.992,-0.999,0.983,1.0,-0.989,-0.974,-0.998,0.99,0.99,-1.0,0.998,0.978,-0.997,-1.0,0.998,-0.992,1.0,-0.972,-0.994,0.994,-0.998,-0.995,0.975,-0.997,-0.987,-0.989,0.997,-0.998,-1.0,-0.99,-0.996,-0.999,-0.999,-0.978,0.47,0.993,0.994,1.0,-0.996,0.993,-0.996,0.981,0.983,-0.994,-0.991,0.994,-0.978,0.992,1.0,0.982,-0.991,0.999,-0.974,0.999,0.991,-0.998,-0.999,0.99,-0.997,-0.998,0.997,0.988,-0.881,9.559,5.758,10.386,10.394,10.389,10.497,10.525,10.473,7.551,6.063,10.362,10.333,8.039,7.817,10.36,10.418,EssenceCatalog/problems/csplib-prob010-SocialGolfers/params/3cb675d3002db59189db8f4f98a4b111.param
-0.999,-0.991,-0.98,-0.909,0.661,-0.972,-0.98,-0.999,0.961,0.964,0.995,0.878,-0.991,-0.976,0.957,0.993,0.998,-0.803,0.993,0.998,-0.991,0.997,-0.997,-0.99,0.963,0.825,-0.998,-0.931,-0.897,0.975,-0.983,0.997,0.997,-0.994,0.677,0.952,0.975,0.904,-0.987,0.857,0.998,-0.69,-0.727,-0.987,0.995,0.044,-0.999,0.999,0.991,-0.946,-0.995,0.994,-0.971,0.999,-0.992,-0.967,-0.622,-0.578,-0.945,0.805,-0.986,-0.901,-0.988,0.986,-0.996,-0.998,-0.838,-0.978,-0.997,-0.99,-0.659,-0.439,0.946,0.969,0.998,-0.906,0.48,-0.939,0.939,0.99,-0.933,-0.961,0.961,-0.976,0.925,0.998,-0.578,-0.497,0.992,-0.777,0.995,0.972,-0.986,-0.997,0.397,-0.991,-0.996,0.994,-0.628,-0.979,7.014,4.816,10.494,10.404,10.418,10.516,10.453,10.419,6.116,5.021,10.487,10.389,6.462,6.051,10.477,10.387,EssenceCatalog/problems/csplib-prob010-SocialGolfers/params/18227a3ee903af9b7f539f7e228029d7.param
-0.998,-0.99,-0.968,-0.863,0.909,-0.965,-0.972,-0.999,0.954,0.981,0.993,0.781,-0.987,-0.967,0.95,0.987,0.998,-0.688,0.991,0.998,-0.991,0.996,-0.996,-0.987,0.961,0.826,-0.998,-0.907,-0.852,0.977,-0.977,0.996,0.994,-0.994,0.591,0.935,0.971,0.872,-0.978,0.734,0.997,-0.613,-0.714,-0.987,0.994,-0.25,-0.998,0.998,0.988,-0.918,-0.99,0.994,-0.962,0.999,-0.991,-0.96,-0.838,0.216,-0.921,0.732,-0.98,-0.867,-0.988,0.982,-0.997,-0.996,-0.525,-0.975,-0.997,-0.985,-0.575,-0.741,0.924,0.964,0.998,-0.864,-0.002,-0.912,0.93,0.992,-0.902,-0.95,0.951,-0.974,0.895,0.997,-0.797,0.334,0.991,-0.789,0.994,0.95,-0.987,-0.995,-0.091,-0.991,-0.996,0.995,-0.915,-0.98,5.943,4.521,10.455,10.37,10.364,10.444,10.378,10.321,5.551,4.691,10.447,10.353,5.854,5.446,10.429,10.364,EssenceCatalog/problems/csplib-prob010-SocialGolfers/params/ec0a5673c04f635f07ff85f53e0bcf7a.param
-1.0,-0.988,-0.989,-0.988,-0.896,-0.995,-0.998,-1.0,0.996,-0.983,0.998,0.979,-0.998,-0.988,0.967,0.985,0.996,-0.935,0.997,0.999,-0.981,0.996,-0.998,-0.998,1.0,0.996,-0.999,-0.964,-0.987,0.939,-0.998,0.999,0.999,-0.992,0.968,0.992,0.996,0.987,-0.997,0.988,0.998,-0.99,-0.974,-0.998,0.997,0.994,-0.998,0.997,0.998,-0.995,-0.999,0.998,-0.976,0.999,-0.994,-0.989,0.997,-0.995,-0.981,0.956,-0.997,-0.973,-0.948,0.994,-0.998,-0.999,-0.989,-0.995,-0.996,-0.996,-0.978,-0.637,0.985,0.997,0.999,-0.991,0.98,-0.995,0.702,0.975,-0.981,-0.868,0.968,-0.995,0.972,0.999,0.995,-0.836,0.998,-0.973,0.999,0.996,-0.998,-0.999,0.988,-0.998,-0.996,0.998,0.97,-0.48,9.404,5.768,10.433,10.442,10.4,10.482,10.487,10.424,7.468,6.049,10.377,10.385,7.904,7.814,10.416,10.442,EssenceCatalog/problems/csplib-prob010-SocialGolfers/params/5547042f1c9a1728ddff0060e154bda8.param
-0.996,-0.978,-0.908,-0.708,0.969,-0.959,-0.972,-0.998,0.961,0.674,0.988,0.476,-0.986,-0.912,0.849,0.977,0.995,-0.585,0.991,0.994,-0.971,0.983,-0.996,-0.988,0.976,0.897,-0.996,-0.788,-0.887,0.961,-0.973,0.993,0.994,-0.99,0.816,0.968,0.985,0.795,-0.932,0.867,0.996,-0.718,-0.906,-0.99,0.986,0.873,-0.997,0.995,0.989,-0.936,-0.985,0.993,-0.909,0.998,-0.979,-0.857,0.154,0.817,-0.514,0.501,-0.966,-0.776,-0.96,0.973,-0.995,-0.994,-0.403,-0.944,-0.993,-0.974,-0.572,-0.887,0.629,0.981,0.995,-0.97,0.003,-0.965,0.735,0.964,-0.897,-0.816,0.85,-0.957,0.834,0.996,0.628,0.964,0.988,-0.933,0.994,0.955,-0.985,-0.992,0.504,-0.992,-0.994,0.991,-0.951,-0.947,6.237,4.949,10.426,10.354,10.386,10.387,10.36,10.362,5.877,5.127,10.438,10.371,6.133,5.992,10.44,10.372,EssenceCatalog/problems/csplib-prob010-SocialGolfers/params/b19e911a4b1ae9864c36275a33d0d846.param
-0.996,-0.98,-0.909,-0.716,0.976,-0.955,-0.974,-0.998,0.963,0.746,0.988,0.413,-0.985,-0.919,0.843,0.976,0.995,-0.583,0.991,0.994,-0.974,0.98,-0.996,-0.988,0.978,0.908,-0.995,-0.787,-0.887,0.968,-0.973,0.992,0.993,-0.991,0.813,0.966,0.985,0.785,-0.93,0.852,0.996,-0.69,-0.911,-0.991,0.986,0.853,-0.997,0.995,0.989,-0.93,-0.983,0.993,-0.912,0.998,-0.979,-0.858,-0.054,0.874,-0.5,0.459,-0.959,-0.792,-0.962,0.973,-0.995,-0.993,-0.228,-0.943,-0.994,-0.971,-0.58,-0.92,0.615,0.98,0.995,-0.968,-0.205,-0.962,0.736,0.964,-0.893,-0.805,0.848,-0.961,0.833,0.995,0.517,0.976,0.988,-0.933,0.994,0.952,-0.983,-0.991,0.395,-0.992,-0.994,0.99,-0.962,-0.947,5.981,4.85,10.412,10.318,10.35,10.344,10.326,10.324,5.718,5.024,10.416,10.334,5.976,5.817,10.409,10.347,EssenceCatalog/problems/csplib-prob010-SocialGolfers/params/39002562febaca11bbae22c5d0d7b025.param
-0.997,-0.972,-0.886,-0.735,0.953,-0.965,-0.98,-0.998,0.966,-0.079,0.989,0.502,-0.988,-0.903,0.811,0.972,0.994,-0.632,0.992,0.994,-0.959,0.975,-0.996,-0.988,0.985,0.938,-0.996,-0.783,-0.923,0.95,-0.976,0.993,0.996,-0.985,0.902,0.979,0.99,0.809,-0.94,0.925,0.996,-0.818,-0.947,-0.992,0.981,0.965,-0.996,0.994,0.989,-0.957,-0.987,0.994,-0.906,0.998,-0.969,-0.836,0.772,0.777,-0.422,0.45,-0.966,-0.809,-0.942,0.973,-0.994,-0.995,-0.535,-0.943,-0.993,-0.975,-0.721,-0.896,0.538,0.986,0.995,-0.985,0.381,-0.981,0.67,0.943,-0.912,-0.778,0.831,-0.955,0.843,0.996,0.914,0.971,0.989,-0.962,0.995,0.965,-0.988,-0.992,0.761,-0.992,-0.994,0.99,-0.912,-0.909,6.811,5.215,10.392,10.392,10.418,10.393,10.388,10.373,6.24,5.42,10.408,10.397,6.488,6.453,10.437,10.386,EssenceCatalog/problems/csplib-prob010-SocialGolfers/params/98c40fbcdabdecee4c5f022562b9f804.param
-1.0,-0.994,-0.994,-0.994,-0.978,-0.995,-0.999,-1.0,0.993,-0.987,0.999,0.994,-0.998,-0.996,0.989,0.984,0.998,-0.982,0.999,1.0,-0.992,0.996,-0.999,-0.997,0.999,0.996,-0.999,-0.983,-0.991,0.951,-0.998,0.999,1.0,-0.986,0.985,0.995,0.996,0.992,-0.998,0.992,0.999,-0.992,-0.984,-0.999,0.997,0.995,-0.999,0.997,0.996,-0.996,-1.0,0.998,-0.991,1.0,-0.99,-0.993,0.997,-0.998,-0.993,0.976,-0.998,-0.988,-0.976,0.996,-0.997,-1.0,-0.992,-0.996,-0.998,-0.998,-0.985,0.031,0.993,0.996,0.999,-0.996,0.992,-0.997,0.947,0.979,-0.993,-0.977,0.99,-0.992,0.992,1.0,0.996,-0.977,0.999,-0.98,0.999,0.996,-0.998,-0.999,0.995,-0.998,-0.997,0.998,0.992,-0.709,9.553,5.784,10.438,10.441,10.422,10.521,10.538,10.486,7.554,6.081,10.397,10.379,8.027,7.849,10.413,10.46,EssenceCatalog/problems/csplib-prob010-SocialGolfers/params/f08d945e9f73ef738962aa955402334d.param
-1.0,-0.994,-0.993,-0.992,-0.976,-0.995,-0.998,-1.0,0.994,-0.99,0.999,0.992,-0.997,-0.995,0.986,0.984,0.998,-0.978,0.999,1.0,-0.991,0.997,-0.999,-0.997,0.999,0.995,-0.999,-0.982,-0.991,0.943,-0.998,0.999,1.0,-0.987,0.984,0.995,0.996,0.993,-0.998,0.992,0.999,-0.993,-0.984,-0.998,0.996,0.995,-0.999,0.997,0.996,-0.996,-1.0,0.998,-0.989,1.0,-0.991,-0.993,0.998,-0.998,-0.992,0.973,-0.998,-0.986,-0.971,0.996,-0.997,-1.0,-0.992,-0.996,-0.998,-0.998,-0.985,-0.099,0.993,0.996,1.0,-0.995,0.991,-0.996,0.926,0.978,-0.992,-0.966,0.987,-0.991,0.99,1.0,0.996,-0.975,0.998,-0.978,0.999,0.996,-0.999,-0.999,0.995,-0.998,-0.997,0.998,0.992,-0.639,9.539,5.784,10.439,10.443,10.42,10.516,10.53,10.477,7.544,6.079,10.394,10.381,8.012,7.848,10.415,10.46,EssenceCatalog/problems/csplib-prob010-SocialGolfers/params/45c6cebfa8dc5d38095c8fdb2b4a1767.param
-0.996,-0.986,-0.932,-0.716,0.982,-0.947,-0.97,-0.999,0.961,0.937,0.988,0.449,-0.983,-0.935,0.885,0.979,0.996,-0.576,0.991,0.995,-0.984,0.985,-0.997,-0.987,0.97,0.883,-0.996,-0.829,-0.859,0.974,-0.972,0.992,0.992,-0.993,0.75,0.955,0.981,0.791,-0.935,0.773,0.997,-0.58,-0.878,-0.991,0.989,0.543,-0.997,0.996,0.989,-0.906,-0.981,0.993,-0.93,0.998,-0.985,-0.875,-0.717,0.918,-0.615,0.549,-0.955,-0.805,-0.976,0.975,-0.996,-0.994,0.06,-0.949,-0.995,-0.972,-0.475,-0.923,0.719,0.973,0.996,-0.944,-0.531,-0.943,0.838,0.979,-0.884,-0.873,0.887,-0.964,0.862,0.995,-0.201,0.972,0.989,-0.905,0.993,0.939,-0.981,-0.99,-0.031,-0.992,-0.996,0.991,-0.981,-0.968,5.393,4.549,10.396,10.299,10.303,10.333,10.302,10.266,5.327,4.703,10.383,10.295,5.592,5.308,10.354,10.333,EssenceCatalog/problems/csplib-prob010-SocialGolfers/params/3b7f19052375307398fdba7e1a5062b0.param
-0.998,-0.993,-0.963,-0.804,0.976,-0.95,-0.967,-0.999,0.953,0.991,0.993,0.678,-0.983,-0.968,0.949,0.983,0.998,-0.614,0.992,0.998,-0.994,0.993,-0.997,-0.985,0.958,0.842,-0.997,-0.909,-0.832,0.981,-0.97,0.995,0.991,-0.994,0.651,0.933,0.974,0.865,-0.969,0.604,0.998,-0.515,-0.79,-0.991,0.993,-0.475,-0.998,0.998,0.986,-0.887,-0.987,0.995,-0.966,0.999,-0.991,-0.948,-0.955,0.85,-0.882,0.689,-0.966,-0.873,-0.99,0.982,-0.997,-0.996,0.188,-0.973,-0.997,-0.981,-0.5,-0.886,0.901,0.956,0.998,-0.85,-0.669,-0.9,0.945,0.993,-0.891,-0.951,0.95,-0.972,0.904,0.997,-0.909,0.858,0.991,-0.812,0.994,0.92,-0.985,-0.991,-0.561,-0.992,-0.997,0.994,-0.982,-0.984,5.086,4.284,10.377,10.317,10.285,10.371,10.304,10.245,5.079,4.434,10.363,10.298,5.365,4.938,10.33,10.325,EssenceCatalog/problems/csplib-prob010-SocialGolfers/params/38821fd9370b51c0fe558b3d3bb5f4f6.param
-0.996,-0.98,-0.919,-0.722,0.973,-0.956,-0.973,-0.998,0.963,0.779,0.988,0.428,-0.986,-0.922,0.852,0.978,0.995,-0.589,0.99,0.994,-0.974,0.984,-0.996,-0.988,0.976,0.898,-0.996,-0.785,-0.881,0.968,-0.973,0.992,0.993,-0.991,0.79,0.965,0.983,0.797,-0.933,0.849,0.996,-0.683,-0.9,-0.99,0.987,0.824,-0.997,0.995,0.99,-0.929,-0.984,0.993,-0.911,0.998,-0.981,-0.873,-0.115,0.836,-0.564,0.476,-0.962,-0.785,-0.964,0.973,-0.995,-0.993,-0.285,-0.946,-0.993,-0.972,-0.568,-0.907,0.65,0.979,0.996,-0.964,-0.177,-0.958,0.745,0.968,-0.893,-0.808,0.851,-0.961,0.832,0.995,0.462,0.967,0.989,-0.923,0.994,0.954,-0.984,-0.991,0.403,-0.992,-0.994,0.99,-0.957,-0.95,6.005,4.845,10.429,10.332,10.362,10.362,10.341,10.337,5.726,5.017,10.431,10.346,5.986,5.816,10.425,10.361,EssenceCatalog/problems/csplib-prob010-SocialGolfers/params/b96db2a0c75e8b0d5f46f523fe6e0aa4.param
-0.996,-0.985,-0.925,-0.698,0.982,-0.949,-0.968,-0.999,0.958,0.929,0.988,0.442,-0.982,-0.933,0.881,0.978,0.996,-0.582,0.991,0.995,-0.983,0.985,-0.997,-0.986,0.968,0.872,-0.996,-0.82,-0.86,0.973,-0.971,0.992,0.992,-0.992,0.753,0.957,0.981,0.79,-0.934,0.782,0.997,-0.587,-0.879,-0.991,0.988,0.589,-0.997,0.996,0.988,-0.91,-0.982,0.993,-0.929,0.998,-0.984,-0.874,-0.664,0.917,-0.596,0.528,-0.957,-0.793,-0.975,0.975,-0.996,-0.994,-0.003,-0.948,-0.995,-0.972,-0.468,-0.913,0.706,0.972,0.996,-0.948,-0.485,-0.946,0.838,0.979,-0.887,-0.873,0.882,-0.961,0.861,0.995,-0.133,0.971,0.988,-0.907,0.993,0.938,-0.982,-0.99,0.038,-0.992,-0.996,0.991,-0.98,-0.969,5.453,4.578,10.392,10.291,10.302,10.327,10.3,10.269,5.367,4.736,10.38,10.29,5.631,5.357,10.354,10.327,EssenceCatalog/problems/csplib-prob010-SocialGolfers/params/6d5a4104066b80d50cf17762e4aed8a2.param
-0.996,-0.976,-0.9,-0.71,0.968,-0.959,-0.975,-0.998,0.965,0.489,0.988,0.431,-0.986,-0.909,0.827,0.975,0.995,-0.607,0.991,0.994,-0.968,0.98,-0.996,-0.988,0.98,0.915,-0.996,-0.781,-0.901,0.96,-0.974,0.992,0.995,-0.989,0.853,0.973,0.987,0.787,-0.931,0.893,0.995,-0.746,-0.925,-0.991,0.984,0.92,-0.997,0.995,0.989,-0.941,-0.985,0.993,-0.906,0.998,-0.976,-0.845,0.394,0.836,-0.454,0.45,-0.964,-0.788,-0.954,0.972,-0.995,-0.994,-0.4,-0.941,-0.993,-0.973,-0.632,-0.902,0.579,0.983,0.995,-0.977,0.078,-0.971,0.71,0.956,-0.901,-0.792,0.834,-0.957,0.831,0.995,0.765,0.972,0.988,-0.945,0.994,0.96,-0.985,-0.992,0.605,-0.992,-0.994,0.99,-0.946,-0.934,6.376,5.028,10.406,10.346,10.383,10.371,10.351,10.354,5.97,5.214,10.424,10.366,6.223,6.12,10.432,10.36,EssenceCatalog/problems/csplib-prob010-SocialGolfers/params/7a3507ffc71a685a7ffa520283d34577.param
-0.997,-0.977,-0.896,-0.665,0.97,-0.952,-0.968,-0.999,0.951,0.442,0.989,0.437,-0.981,-0.905,0.821,0.976,0.995,-0.645,0.993,0.994,-0.967,0.978,-0.996,-0.987,0.97,0.887,-0.995,-0.802,-0.909,0.952,-0.969,0.992,0.995,-0.985,0.886,0.977,0.988,0.752,-0.937,0.909,0.997,-0.708,-0.939,-0.992,0.977,0.934,-0.997,0.994,0.986,-0.947,-0.987,0.994,-0.914,0.998,-0.966,-0.783,0.389,0.896,-0.37,0.448,-0.958,-0.786,-0.959,0.974,-0.993,-0.995,-0.411,-0.931,-0.994,-0.976,-0.607,-0.863,0.458,0.981,0.994,-0.982,0.192,-0.975,0.78,0.943,-0.913,-0.867,0.843,-0.931,0.86,0.995,0.837,0.975,0.989,-0.954,0.995,0.954,-0.982,-0.99,0.654,-0.991,-0.995,0.987,-0.956,-0.944,6.402,5.047,10.389,10.325,10.365,10.352,10.34,10.368,6.0,5.242,10.402,10.349,6.252,6.133,10.411,10.342,EssenceCatalog/problems/csplib-prob010-SocialGolfers/params/2ff98ef1567b1f9e43e03c2b7b03786c.param
-0.997,-0.992,-0.943,-0.737,0.988,-0.94,-0.972,-0.999,0.957,0.978,0.99,0.468,-0.983,-0.955,0.915,0.977,0.998,-0.587,0.991,0.997,-0.99,0.986,-0.997,-0.986,0.968,0.883,-0.996,-0.865,-0.839,0.981,-0.97,0.993,0.991,-0.994,0.733,0.948,0.978,0.81,-0.95,0.685,0.998,-0.518,-0.87,-0.993,0.989,0.02,-0.998,0.997,0.987,-0.888,-0.982,0.994,-0.953,0.999,-0.987,-0.909,-0.921,0.954,-0.711,0.574,-0.949,-0.841,-0.984,0.979,-0.997,-0.995,0.42,-0.96,-0.996,-0.973,-0.472,-0.941,0.793,0.963,0.997,-0.917,-0.8,-0.927,0.911,0.987,-0.881,-0.91,0.914,-0.966,0.89,0.996,-0.732,0.976,0.991,-0.873,0.993,0.917,-0.981,-0.988,-0.433,-0.993,-0.997,0.991,-0.989,-0.979,4.982,4.332,10.348,10.278,10.257,10.315,10.27,10.214,5.046,4.473,10.329,10.264,5.322,4.946,10.293,10.302,EssenceCatalog/problems/csplib-prob010-SocialGolfers/params/3756d48847ddf0d87a9f816c5a6bcf5c.param
-0.999,-0.983,-0.974,-0.936,0.093,-0.986,-0.99,-0.999,0.966,0.445,0.995,0.922,-0.994,-0.968,0.949,0.986,0.996,-0.784,0.993,0.998,-0.985,0.997,-0.996,-0.99,0.994,0.955,-0.999,-0.91,-0.935,0.962,-0.991,0.998,0.998,-0.989,0.769,0.967,0.982,0.946,-0.99,0.916,0.997,-0.898,-0.799,-0.989,0.994,0.781,-0.998,0.998,0.991,-0.973,-0.996,0.994,-0.95,0.999,-0.987,-0.977,0.779,-0.94,-0.963,0.855,-0.99,-0.906,-0.977,0.986,-0.997,-0.997,-0.943,-0.987,-0.996,-0.991,-0.799,-0.407,0.952,0.986,0.999,-0.956,0.907,-0.97,0.843,0.983,-0.947,-0.895,0.951,-0.979,0.888,0.999,0.552,-0.654,0.994,-0.884,0.996,0.982,-0.994,-0.998,0.823,-0.993,-0.994,0.996,0.383,-0.92,8.477,5.41,10.435,10.47,10.426,10.558,10.507,10.466,6.957,5.647,10.437,10.438,7.356,7.147,10.458,10.417,EssenceCatalog/problems/csplib-prob010-SocialGolfers/params/ddd07084685e31b1659ca92227c9165e.param
-0.997,-0.99,-0.945,-0.707,0.983,-0.947,-0.957,-0.999,0.947,0.979,0.991,0.516,-0.979,-0.95,0.92,0.981,0.997,-0.569,0.992,0.996,-0.99,0.991,-0.997,-0.985,0.948,0.809,-0.997,-0.872,-0.838,0.975,-0.968,0.994,0.992,-0.993,0.72,0.953,0.977,0.822,-0.95,0.723,0.997,-0.531,-0.843,-0.99,0.99,0.012,-0.998,0.997,0.986,-0.894,-0.982,0.994,-0.947,0.999,-0.988,-0.911,-0.884,0.926,-0.74,0.593,-0.963,-0.823,-0.983,0.979,-0.996,-0.995,0.12,-0.956,-0.996,-0.977,-0.404,-0.876,0.809,0.96,0.997,-0.912,-0.583,-0.926,0.923,0.989,-0.892,-0.932,0.922,-0.959,0.89,0.997,-0.692,0.945,0.99,-0.861,0.994,0.928,-0.984,-0.991,-0.282,-0.992,-0.997,0.993,-0.985,-0.981,5.159,4.378,10.359,10.27,10.26,10.327,10.277,10.227,5.155,4.531,10.345,10.262,5.427,5.054,10.309,10.292,EssenceCatalog/problems/csplib-prob010-SocialGolfers/params/45c3df5dd995a6b83cbc02475b9d574d.param
-0.996,-0.981,-0.896,-0.69,0.98,-0.953,-0.973,-0.998,0.957,0.74,0.988,0.405,-0.985,-0.917,0.841,0.972,0.995,-0.588,0.991,0.994,-0.974,0.977,-0.996,-0.985,0.977,0.903,-0.996,-0.78,-0.887,0.968,-0.972,0.993,0.994,-0.989,0.826,0.966,0.985,0.769,-0.928,0.846,0.996,-0.689,-0.918,-0.992,0.983,0.862,-0.997,0.995,0.987,-0.932,-0.984,0.993,-0.916,0.998,-0.977,-0.848,-0.041,0.905,-0.45,0.444,-0.958,-0.779,-0.964,0.973,-0.995,-0.994,-0.176,-0.941,-0.994,-0.972,-0.564,-0.918,0.594,0.979,0.995,-0.971,-0.216,-0.965,0.77,0.966,-0.893,-0.824,0.849,-0.957,0.842,0.995,0.516,0.98,0.989,-0.938,0.994,0.945,-0.983,-0.99,0.393,-0.993,-0.995,0.99,-0.97,-0.954,5.938,4.839,10.391,10.302,10.335,10.329,10.311,10.311,5.695,5.013,10.395,10.32,5.953,5.788,10.388,10.33,EssenceCatalog/problems/csplib-prob010-SocialGolfers/params/9a316310672c7495b642ec3742b3e635.param
-0.998,-0.997,0.945,-0.666,0.991,-0.913,-0.987,-0.998,-0.943,0.627,0.995,0.925,-0.958,-0.965,0.968,-0.977,0.995,-0.821,0.997,0.998,-0.982,-0.934,-0.997,0.976,0.999,0.984,-0.999,-0.922,-0.843,0.989,-0.965,1.0,0.997,0.969,0.886,-0.614,0.986,0.504,-0.991,-0.885,0.997,-0.983,-0.94,-0.993,-0.965,0.978,-0.997,0.999,-0.987,-0.981,-0.99,0.998,-0.938,0.997,0.82,-0.991,0.993,0.927,-0.909,0.826,-0.928,-0.89,-0.981,0.982,-0.998,-0.996,0.718,-0.99,-0.996,-0.968,-0.927,-0.97,0.91,0.956,0.999,-0.991,0.933,-0.993,0.98,0.996,-0.657,-0.923,0.958,0.051,0.915,0.999,-0.846,0.953,0.995,-0.985,0.996,-0.936,-0.996,-0.987,-0.931,-0.997,-0.99,0.996,-0.981,-0.976,4.391,3.459,5.077,10.144,10.571,10.446,10.582,10.614,4.266,3.701,5.147,10.116,4.795,4.412,6.059,10.1,EssenceCatalog/problems/csplib-prob010-SocialGolfers/params/2fd66c494d39f150720bfecda2a42e2b.param
-0.997,-0.981,-0.903,-0.653,0.979,-0.947,-0.964,-0.999,0.948,0.788,0.989,0.419,-0.98,-0.915,0.852,0.976,0.996,-0.605,0.992,0.994,-0.976,0.981,-0.996,-0.985,0.966,0.866,-0.996,-0.801,-0.884,0.963,-0.968,0.993,0.994,-0.988,0.837,0.969,0.985,0.755,-0.932,0.855,0.997,-0.647,-0.913,-0.991,0.982,0.839,-0.997,0.995,0.986,-0.931,-0.984,0.994,-0.919,0.998,-0.974,-0.83,-0.146,0.918,-0.455,0.484,-0.959,-0.77,-0.969,0.975,-0.994,-0.994,-0.207,-0.937,-0.995,-0.974,-0.512,-0.88,0.57,0.977,0.995,-0.971,-0.121,-0.964,0.82,0.966,-0.902,-0.872,0.859,-0.941,0.854,0.995,0.501,0.974,0.989,-0.936,0.994,0.944,-0.982,-0.99,0.394,-0.992,-0.995,0.989,-0.973,-0.962,5.932,4.826,10.396,10.297,10.333,10.336,10.317,10.331,5.695,5.003,10.397,10.316,5.955,5.762,10.389,10.331,EssenceCatalog/problems/csplib-prob010-SocialGolfers/params/386fe7542d76233ca328a96be2cd6e9e.param
-0.997,-0.997,0.983,0.555,0.997,-0.264,0.162,-0.999,-0.998,0.976,0.99,0.91,0.788,-0.968,0.981,-0.99,0.996,-0.882,0.997,0.996,-0.993,-0.989,-0.998,0.999,0.913,0.782,-0.994,-0.962,-0.664,0.975,-0.413,0.997,0.98,0.999,0.924,-0.634,0.977,0.749,-0.991,-0.993,0.998,-0.882,-0.944,-0.987,-0.999,0.92,-0.996,0.992,-1.0,-0.972,-0.989,0.995,-0.935,0.995,0.992,-0.979,0.927,0.998,-0.918,0.87,-0.411,-0.934,-0.993,0.976,-0.979,-0.995,0.991,-0.956,-0.996,-0.961,-0.841,-0.926,0.386,0.075,0.995,-0.977,0.925,-0.975,0.989,0.98,-0.617,-0.976,0.972,0.975,0.926,0.994,-0.988,0.962,0.994,-0.984,0.992,-0.998,-0.985,-0.542,-0.991,-0.981,-0.989,0.961,-0.995,-0.979,3.491,2.847,3.805,9.233,9.938,9.672,9.981,10.394,3.607,3.177,3.848,9.257,4.151,3.662,4.829,9.33,EssenceCatalog/problems/csplib-prob010-SocialGolfers/params/ord09-19-10-2.param
-0.998,-0.997,0.971,0.301,0.987,-0.824,-0.537,-0.998,-0.996,0.943,0.992,0.938,0.139,-0.969,0.981,-0.986,0.995,-0.9,0.996,0.996,-0.991,-0.91,-0.996,0.998,0.95,0.829,-0.999,-0.956,-0.693,0.975,-0.764,0.999,0.994,0.997,0.862,-0.716,0.969,0.745,-0.995,-0.982,0.997,-0.967,-0.867,-0.968,-0.997,0.908,-0.998,0.999,-0.999,-0.973,-0.99,0.997,-0.929,0.995,0.965,-0.996,0.984,0.954,-0.963,0.923,-0.937,-0.878,-0.991,0.973,-0.996,-0.996,0.903,-0.966,-0.995,-0.975,-0.788,-0.77,0.892,0.566,0.999,-0.98,0.974,-0.982,0.99,0.997,-0.699,-0.983,0.98,0.914,0.9,0.999,-0.987,0.205,0.993,-0.959,0.993,-0.992,-0.996,-0.955,-0.95,-0.991,-0.987,0.996,-0.977,-0.983,4.007,3.099,4.264,9.608,10.246,10.09,10.298,10.476,3.923,3.398,4.351,9.596,4.522,4.021,5.282,9.628,EssenceCatalog/problems/csplib-prob010-SocialGolfers/params/ord27-5-10-5.param
-0.999,-0.991,-0.973,-0.901,0.795,-0.966,-0.979,-0.999,0.944,0.977,0.994,0.873,-0.989,-0.972,0.959,0.987,0.998,-0.747,0.992,0.998,-0.992,0.996,-0.997,-0.985,0.971,0.868,-0.998,-0.927,-0.872,0.975,-0.981,0.996,0.995,-0.991,0.581,0.927,0.972,0.894,-0.987,0.712,0.998,-0.679,-0.66,-0.987,0.994,-0.264,-0.998,0.998,0.985,-0.936,-0.994,0.994,-0.968,0.999,-0.99,-0.969,-0.77,-0.382,-0.953,0.793,-0.982,-0.894,-0.99,0.983,-0.997,-0.997,-0.688,-0.982,-0.997,-0.988,-0.662,-0.658,0.947,0.965,0.998,-0.866,0.337,-0.918,0.935,0.991,-0.91,-0.959,0.962,-0.974,0.906,0.998,-0.797,-0.25,0.991,-0.775,0.994,0.953,-0.987,-0.996,0.022,-0.992,-0.996,0.995,-0.788,-0.977,6.493,4.621,10.434,10.374,10.369,10.464,10.386,10.333,5.808,4.807,10.423,10.353,6.138,5.708,10.409,10.346,EssenceCatalog/problems/csplib-prob010-SocialGolfers/params/1ee71447f3e5b8985af1a3742c03bac8.param
-0.998,-0.972,-0.893,-0.7,0.938,-0.966,-0.967,-0.999,0.947,0.179,0.99,0.576,-0.984,-0.901,0.843,0.974,0.994,-0.642,0.993,0.994,-0.963,0.985,-0.996,-0.986,0.972,0.879,-0.997,-0.804,-0.91,0.941,-0.971,0.994,0.996,-0.982,0.874,0.978,0.989,0.81,-0.951,0.92,0.996,-0.794,-0.926,-0.989,0.978,0.944,-0.997,0.995,0.985,-0.956,-0.99,0.994,-0.91,0.998,-0.966,-0.846,0.737,0.668,-0.535,0.512,-0.975,-0.785,-0.952,0.976,-0.994,-0.995,-0.697,-0.945,-0.994,-0.98,-0.637,-0.74,0.58,0.982,0.996,-0.982,0.564,-0.976,0.747,0.946,-0.918,-0.849,0.848,-0.929,0.846,0.997,0.887,0.924,0.989,-0.947,0.996,0.961,-0.988,-0.994,0.775,-0.991,-0.994,0.991,-0.889,-0.93,6.933,5.22,10.409,10.413,10.442,10.449,10.431,10.425,6.302,5.424,10.432,10.423,6.561,6.476,10.463,10.406,EssenceCatalog/problems/csplib-prob010-SocialGolfers/params/5aeed09b2ec0188b34b3ac3de4fdd857.param
-1.0,-0.996,-0.994,-0.992,-0.973,-0.994,-0.998,-1.0,0.987,-0.959,0.999,0.995,-0.996,-0.997,0.994,0.991,0.999,-0.988,0.999,1.0,-0.996,0.998,-0.999,-0.995,0.999,0.99,-1.0,-0.989,-0.992,0.966,-0.998,1.0,1.0,-0.988,0.991,0.996,0.996,0.992,-0.999,0.993,1.0,-0.989,-0.985,-0.998,0.996,0.994,-1.0,0.998,0.993,-0.997,-1.0,0.998,-0.993,1.0,-0.986,-0.993,0.995,-0.997,-0.994,0.979,-0.997,-0.988,-0.988,0.997,-0.998,-1.0,-0.992,-0.995,-0.999,-0.999,-0.975,0.674,0.992,0.994,1.0,-0.997,0.994,-0.997,0.987,0.988,-0.996,-0.994,0.994,-0.984,0.994,1.0,0.992,-0.989,0.999,-0.98,0.999,0.995,-0.998,-1.0,0.996,-0.998,-0.999,0.998,0.984,-0.941,9.588,5.765,10.398,10.389,10.395,10.499,10.535,10.487,7.571,6.075,10.376,10.328,8.066,7.831,10.367,10.419,EssenceCatalog/problems/csplib-prob010-SocialGolfers/params/4091d98f360cdbcc25cc0cd734c123d3.param
-0.998,-0.976,-0.937,-0.775,0.889,-0.97,-0.968,-0.999,0.952,0.715,0.99,0.684,-0.987,-0.929,0.891,0.984,0.994,-0.637,0.991,0.995,-0.975,0.994,-0.995,-0.989,0.972,0.863,-0.997,-0.826,-0.894,0.956,-0.976,0.994,0.995,-0.99,0.756,0.969,0.98,0.855,-0.962,0.894,0.995,-0.726,-0.843,-0.986,0.989,0.793,-0.997,0.997,0.989,-0.946,-0.99,0.993,-0.919,0.998,-0.982,-0.913,0.386,0.134,-0.77,0.61,-0.98,-0.791,-0.965,0.976,-0.995,-0.994,-0.77,-0.957,-0.994,-0.981,-0.555,-0.648,0.786,0.977,0.997,-0.958,0.586,-0.957,0.792,0.971,-0.915,-0.865,0.889,-0.954,0.834,0.997,0.582,0.687,0.988,-0.895,0.994,0.967,-0.988,-0.995,0.694,-0.99,-0.993,0.993,-0.808,-0.944,7.012,5.129,10.482,10.464,10.478,10.527,10.479,10.477,6.28,5.321,10.495,10.479,6.561,6.394,10.522,10.445,EssenceCatalog/problems/csplib-prob010-SocialGolfers/params/bcb8d02ebee4fd1a0b11d0dd733701b0.param
-1.0,-0.996,-0.994,-0.994,-0.977,-0.994,-0.999,-1.0,0.989,-0.972,0.999,0.996,-0.997,-0.997,0.993,0.987,0.999,-0.987,0.999,1.0,-0.995,0.997,-0.999,-0.995,0.999,0.994,-1.0,-0.988,-0.992,0.961,-0.998,0.999,1.0,-0.984,0.989,0.995,0.996,0.993,-0.999,0.992,1.0,-0.99,-0.982,-0.999,0.996,0.994,-1.0,0.998,0.994,-0.996,-1.0,0.998,-0.993,1.0,-0.987,-0.993,0.995,-0.998,-0.994,0.979,-0.997,-0.989,-0.986,0.997,-0.997,-1.0,-0.991,-0.996,-0.999,-0.999,-0.982,0.376,0.993,0.995,0.999,-0.997,0.992,-0.996,0.978,0.984,-0.995,-0.989,0.993,-0.989,0.994,1.0,0.993,-0.987,0.999,-0.98,0.999,0.996,-0.998,-0.999,0.995,-0.998,-0.998,0.997,0.99,-0.864,9.576,5.775,10.422,10.42,10.414,10.518,10.542,10.492,7.566,6.079,10.392,10.358,8.053,7.841,10.393,10.444,EssenceCatalog/problems/csplib-prob010-SocialGolfers/params/9c230039b3a723177c0a1cc721d4dc70.param
-0.997,-0.975,-0.884,-0.688,0.962,-0.96,-0.972,-0.999,0.952,0.21,0.989,0.501,-0.984,-0.903,0.826,0.972,0.995,-0.636,0.993,0.994,-0.963,0.977,-0.996,-0.986,0.977,0.906,-0.996,-0.795,-0.912,0.948,-0.971,0.993,0.995,-0.983,0.89,0.977,0.989,0.788,-0.942,0.91,0.996,-0.777,-0.939,-0.991,0.976,0.949,-0.997,0.994,0.985,-0.953,-0.988,0.994,-0.911,0.998,-0.964,-0.818,0.63,0.835,-0.426,0.473,-0.966,-0.791,-0.954,0.975,-0.994,-0.995,-0.505,-0.94,-0.994,-0.977,-0.655,-0.858,0.493,0.983,0.995,-0.984,0.351,-0.978,0.739,0.944,-0.914,-0.834,0.842,-0.936,0.85,0.996,0.873,0.968,0.989,-0.956,0.996,0.956,-0.986,-0.992,0.711,-0.991,-0.995,0.989,-0.936,-0.932,6.653,5.145,10.392,10.376,10.407,10.396,10.385,10.388,6.148,5.344,10.41,10.39,6.399,6.318,10.433,10.378,EssenceCatalog/problems/csplib-prob010-SocialGolfers/params/a63b5c28eb75f69e292b279727c8ed49.param
-0.997,-0.974,-0.898,-0.732,0.96,-0.962,-0.978,-0.998,0.968,0.265,0.988,0.464,-0.987,-0.906,0.822,0.975,0.994,-0.613,0.991,0.994,-0.964,0.979,-0.996,-0.989,0.983,0.928,-0.996,-0.782,-0.911,0.956,-0.975,0.993,0.995,-0.988,0.87,0.975,0.988,0.799,-0.934,0.909,0.995,-0.783,-0.932,-0.991,0.985,0.943,-0.996,0.994,0.99,-0.948,-0.986,0.993,-0.904,0.998,-0.975,-0.845,0.593,0.788,-0.458,0.459,-0.966,-0.797,-0.948,0.972,-0.995,-0.994,-0.488,-0.943,-0.993,-0.974,-0.676,-0.902,0.577,0.985,0.995,-0.98,0.22,-0.975,0.676,0.951,-0.904,-0.774,0.83,-0.959,0.832,0.996,0.846,0.97,0.989,-0.951,0.995,0.965,-0.986,-0.992,0.684,-0.992,-0.994,0.99,-0.927,-0.92,6.6,5.122,10.408,10.376,10.407,10.391,10.375,10.368,6.107,5.316,10.426,10.389,6.358,6.291,10.445,10.379,EssenceCatalog/problems/csplib-prob010-SocialGolfers/params/b2243f466324a100f61fe33f8c206ebe.param
-1.0,-0.996,-0.993,-0.99,-0.965,-0.995,-0.997,-1.0,0.983,-0.92,0.999,0.995,-0.996,-0.997,0.993,0.992,0.999,-0.987,0.999,1.0,-0.996,0.998,-0.999,-0.994,0.998,0.986,-1.0,-0.988,-0.991,0.971,-0.998,1.0,1.0,-0.988,0.99,0.996,0.995,0.992,-0.999,0.992,1.0,-0.988,-0.979,-0.998,0.996,0.992,-1.0,0.999,0.993,-0.997,-1.0,0.999,-0.992,1.0,-0.984,-0.994,0.993,-0.997,-0.994,0.976,-0.998,-0.987,-0.99,0.997,-0.998,-1.0,-0.992,-0.995,-0.999,-0.999,-0.967,0.718,0.992,0.993,1.0,-0.997,0.993,-0.996,0.988,0.99,-0.996,-0.994,0.994,-0.981,0.992,1.0,0.984,-0.991,0.999,-0.974,0.999,0.994,-0.998,-1.0,0.995,-0.998,-0.999,0.998,0.98,-0.956,9.575,5.757,10.391,10.382,10.39,10.496,10.532,10.485,7.563,6.067,10.372,10.323,8.058,7.818,10.361,10.412,EssenceCatalog/problems/csplib-prob010-SocialGolfers/params/95498073dd9fe89eae9b8431ea15cea0.param
-1.0,-0.997,-0.994,-0.992,-0.965,-0.995,-0.998,-1.0,0.988,-0.956,0.999,0.994,-0.996,-0.998,0.994,0.989,0.999,-0.988,0.999,1.0,-0.996,0.998,-1.0,-0.995,0.999,0.991,-1.0,-0.989,-0.992,0.973,-0.998,1.0,1.0,-0.988,0.992,0.997,0.996,0.993,-0.999,0.994,1.0,-0.99,-0.988,-0.999,0.996,0.996,-1.0,0.999,0.993,-0.997,-1.0,0.998,-0.994,1.0,-0.986,-0.994,0.996,-0.996,-0.993,0.978,-0.998,-0.988,-0.989,0.997,-0.998,-1.0,-0.991,-0.996,-0.999,-0.999,-0.976,0.672,0.991,0.994,1.0,-0.998,0.993,-0.997,0.989,0.99,-0.996,-0.995,0.994,-0.984,0.994,1.0,0.993,-0.984,0.999,-0.983,0.999,0.995,-0.999,-1.0,0.996,-0.998,-0.999,0.998,0.975,-0.956,9.586,5.767,10.405,10.397,10.404,10.508,10.542,10.495,7.573,6.078,10.384,10.337,8.067,7.832,10.375,10.427,EssenceCatalog/problems/csplib-prob010-SocialGolfers/params/a54b2d405e1a1e1fd80e9341199dc4be.param
-0.996,-0.99,-0.942,-0.76,0.986,-0.946,-0.975,-0.999,0.961,0.975,0.99,0.479,-0.984,-0.95,0.91,0.975,0.997,-0.558,0.99,0.996,-0.989,0.986,-0.997,-0.986,0.973,0.894,-0.996,-0.857,-0.838,0.98,-0.973,0.993,0.991,-0.994,0.699,0.939,0.979,0.811,-0.945,0.676,0.997,-0.558,-0.859,-0.992,0.99,0.157,-0.998,0.997,0.987,-0.89,-0.981,0.994,-0.944,0.998,-0.987,-0.912,-0.893,0.936,-0.726,0.584,-0.952,-0.843,-0.983,0.977,-0.997,-0.994,0.325,-0.961,-0.996,-0.973,-0.488,-0.943,0.797,0.968,0.997,-0.916,-0.734,-0.928,0.884,0.986,-0.877,-0.893,0.912,-0.97,0.877,0.996,-0.682,0.972,0.99,-0.876,0.993,0.925,-0.982,-0.99,-0.4,-0.993,-0.996,0.992,-0.987,-0.975,5.061,4.366,10.36,10.294,10.271,10.328,10.283,10.224,5.097,4.51,10.344,10.281,5.372,5.014,10.305,10.315,EssenceCatalog/problems/csplib-prob010-SocialGolfers/params/b1b4824cb343e70184a9ab0820acc471.param
-0.997,-0.978,-0.92,-0.694,0.962,-0.959,-0.962,-0.999,0.952,0.772,0.988,0.506,-0.983,-0.915,0.866,0.981,0.995,-0.601,0.991,0.994,-0.974,0.989,-0.995,-0.987,0.965,0.851,-0.997,-0.804,-0.879,0.959,-0.97,0.993,0.994,-0.99,0.793,0.968,0.982,0.801,-0.941,0.87,0.996,-0.679,-0.882,-0.988,0.986,0.812,-0.997,0.996,0.988,-0.933,-0.986,0.993,-0.912,0.998,-0.979,-0.866,0.069,0.751,-0.593,0.512,-0.971,-0.768,-0.965,0.974,-0.994,-0.994,-0.515,-0.944,-0.994,-0.976,-0.511,-0.803,0.676,0.977,0.996,-0.964,0.177,-0.959,0.792,0.968,-0.903,-0.859,0.867,-0.946,0.834,0.996,0.532,0.927,0.987,-0.917,0.994,0.956,-0.985,-0.993,0.536,-0.991,-0.994,0.991,-0.942,-0.955,6.308,4.942,10.434,10.36,10.394,10.413,10.379,10.388,5.908,5.119,10.446,10.382,6.17,5.99,10.448,10.378,EssenceCatalog/problems/csplib-prob010-SocialGolfers/params/e6c80b6a60e1bcd21ef9876aa1173732.param
-0.997,-0.989,-0.947,-0.726,0.973,-0.956,-0.955,-0.999,0.947,0.976,0.991,0.571,-0.98,-0.953,0.925,0.983,0.997,-0.598,0.992,0.997,-0.989,0.994,-0.997,-0.985,0.942,0.775,-0.997,-0.868,-0.838,0.975,-0.969,0.994,0.993,-0.993,0.674,0.954,0.974,0.84,-0.956,0.743,0.997,-0.568,-0.813,-0.988,0.991,-0.004,-0.998,0.998,0.987,-0.899,-0.985,0.994,-0.947,0.999,-0.989,-0.929,-0.838,0.847,-0.791,0.61,-0.972,-0.815,-0.983,0.98,-0.996,-0.995,-0.157,-0.959,-0.996,-0.979,-0.42,-0.811,0.839,0.959,0.997,-0.904,-0.381,-0.923,0.921,0.99,-0.896,-0.933,0.927,-0.96,0.886,0.997,-0.672,0.875,0.99,-0.841,0.994,0.935,-0.986,-0.993,-0.136,-0.991,-0.996,0.994,-0.975,-0.98,5.384,4.442,10.389,10.297,10.295,10.361,10.312,10.263,5.285,4.602,10.381,10.288,5.562,5.192,10.352,10.314,EssenceCatalog/problems/csplib-prob010-SocialGolfers/params/6154d4655d8956053e90f9a5c198041f.param
-0.998,-0.992,-0.961,-0.779,0.973,-0.954,-0.961,-0.999,0.953,0.988,0.992,0.645,-0.982,-0.963,0.942,0.984,0.998,-0.615,0.992,0.997,-0.993,0.994,-0.997,-0.987,0.949,0.81,-0.997,-0.895,-0.832,0.979,-0.97,0.995,0.992,-0.994,0.652,0.944,0.974,0.863,-0.965,0.67,0.998,-0.536,-0.789,-0.99,0.993,-0.337,-0.998,0.998,0.988,-0.891,-0.986,0.995,-0.959,0.999,-0.991,-0.943,-0.929,0.83,-0.861,0.67,-0.969,-0.855,-0.987,0.981,-0.997,-0.995,0.02,-0.968,-0.997,-0.981,-0.463,-0.852,0.884,0.957,0.998,-0.865,-0.564,-0.907,0.934,0.992,-0.895,-0.945,0.942,-0.97,0.896,0.997,-0.849,0.851,0.99,-0.817,0.994,0.932,-0.985,-0.992,-0.402,-0.992,-0.997,0.994,-0.978,-0.982,5.205,4.337,10.389,10.31,10.286,10.369,10.306,10.248,5.157,4.493,10.378,10.293,5.441,5.031,10.343,10.317,EssenceCatalog/problems/csplib-prob010-SocialGolfers/params/acfb2263c9df44ea53d2dd0dcc38266b.param
-0.998,-0.99,-0.96,-0.791,0.965,-0.957,-0.963,-0.999,0.954,0.983,0.992,0.66,-0.983,-0.96,0.939,0.985,0.998,-0.62,0.991,0.997,-0.991,0.995,-0.997,-0.987,0.954,0.814,-0.997,-0.886,-0.836,0.977,-0.971,0.994,0.992,-0.994,0.636,0.944,0.974,0.859,-0.966,0.707,0.997,-0.559,-0.777,-0.989,0.993,-0.18,-0.998,0.998,0.988,-0.9,-0.986,0.994,-0.955,0.999,-0.991,-0.941,-0.886,0.735,-0.859,0.657,-0.972,-0.848,-0.986,0.981,-0.997,-0.995,-0.19,-0.968,-0.996,-0.981,-0.48,-0.822,0.882,0.961,0.998,-0.878,-0.377,-0.911,0.922,0.991,-0.895,-0.938,0.938,-0.968,0.888,0.997,-0.774,0.794,0.99,-0.818,0.994,0.939,-0.985,-0.993,-0.235,-0.991,-0.996,0.994,-0.967,-0.98,5.42,4.418,10.416,10.332,10.318,10.393,10.335,10.283,5.288,4.58,10.408,10.319,5.572,5.183,10.379,10.341,EssenceCatalog/problems/csplib-prob010-SocialGolfers/params/e0ac6d7dda1329366168ad87c0e5c864.param
-0.996,-0.988,-0.936,-0.744,0.984,-0.948,-0.973,-0.999,0.961,0.959,0.989,0.442,-0.984,-0.943,0.895,0.977,0.997,-0.571,0.99,0.996,-0.987,0.986,-0.997,-0.986,0.97,0.886,-0.996,-0.839,-0.849,0.978,-0.971,0.993,0.991,-0.993,0.716,0.947,0.98,0.801,-0.942,0.733,0.997,-0.57,-0.867,-0.992,0.989,0.398,-0.998,0.996,0.987,-0.899,-0.982,0.993,-0.935,0.998,-0.986,-0.903,-0.81,0.921,-0.686,0.536,-0.955,-0.829,-0.979,0.977,-0.996,-0.994,0.164,-0.957,-0.995,-0.973,-0.503,-0.934,0.757,0.971,0.997,-0.933,-0.627,-0.937,0.861,0.982,-0.884,-0.877,0.898,-0.965,0.866,0.995,-0.461,0.97,0.99,-0.886,0.993,0.934,-0.982,-0.99,-0.187,-0.993,-0.996,0.991,-0.982,-0.971,5.242,4.465,10.385,10.301,10.292,10.334,10.299,10.251,5.223,4.615,10.369,10.293,5.49,5.173,10.336,10.332,EssenceCatalog/problems/csplib-prob010-SocialGolfers/params/f7d7c81b3f2ec92bbde7111ddedcae50.param
-0.998,-0.969,-0.912,-0.844,0.798,-0.979,-0.99,-0.999,0.98,-0.81,0.993,0.703,-0.993,-0.921,0.837,0.973,0.994,-0.724,0.993,0.995,-0.949,0.983,-0.996,-0.992,0.994,0.973,-0.997,-0.827,-0.954,0.935,-0.986,0.996,0.998,-0.985,0.947,0.987,0.993,0.888,-0.962,0.968,0.996,-0.928,-0.965,-0.993,0.985,0.988,-0.996,0.995,0.992,-0.977,-0.993,0.995,-0.92,0.998,-0.974,-0.901,0.969,0.171,-0.619,0.609,-0.981,-0.863,-0.92,0.977,-0.996,-0.996,-0.822,-0.965,-0.993,-0.982,-0.861,-0.86,0.703,0.991,0.997,-0.991,0.787,-0.99,0.615,0.943,-0.932,-0.761,0.862,-0.968,0.878,0.998,0.983,0.916,0.992,-0.973,0.997,0.981,-0.994,-0.996,0.928,-0.994,-0.994,0.993,-0.606,-0.837,7.709,5.511,10.5,10.556,10.565,10.539,10.54,10.492,6.739,5.745,10.508,10.532,7.006,7.04,10.561,10.528,EssenceCatalog/problems/csplib-prob010-SocialGolfers/params/3723b51f60efb5b5ee0d460fa7e24ad4.param
-0.997,-0.979,-0.904,-0.641,0.974,-0.948,-0.962,-0.999,0.949,0.715,0.989,0.427,-0.98,-0.909,0.843,0.978,0.995,-0.619,0.992,0.994,-0.972,0.982,-0.996,-0.987,0.961,0.852,-0.996,-0.805,-0.891,0.957,-0.968,0.992,0.994,-0.987,0.849,0.973,0.986,0.753,-0.933,0.879,0.996,-0.655,-0.918,-0.991,0.982,0.873,-0.997,0.995,0.986,-0.936,-0.985,0.993,-0.917,0.998,-0.972,-0.814,0.029,0.901,-0.423,0.474,-0.96,-0.771,-0.965,0.975,-0.994,-0.994,-0.339,-0.933,-0.995,-0.975,-0.52,-0.85,0.539,0.977,0.995,-0.975,0.017,-0.968,0.814,0.96,-0.908,-0.877,0.853,-0.936,0.855,0.995,0.648,0.969,0.988,-0.938,0.995,0.951,-0.982,-0.99,0.53,-0.991,-0.995,0.988,-0.965,-0.958,6.126,4.91,10.397,10.298,10.342,10.341,10.323,10.348,5.82,5.095,10.405,10.321,6.078,5.905,10.401,10.329,EssenceCatalog/problems/csplib-prob010-SocialGolfers/params/35b2cebb4c3f392e80a578cd3890e297.param
-0.999,-0.984,-0.964,-0.849,0.8,-0.973,-0.968,-0.999,0.95,0.913,0.993,0.803,-0.987,-0.957,0.938,0.989,0.996,-0.709,0.992,0.997,-0.986,0.997,-0.996,-0.989,0.965,0.832,-0.998,-0.885,-0.883,0.964,-0.978,0.995,0.996,-0.991,0.672,0.961,0.974,0.89,-0.979,0.854,0.996,-0.693,-0.751,-0.984,0.993,0.414,-0.998,0.998,0.989,-0.946,-0.992,0.993,-0.947,0.999,-0.988,-0.952,-0.206,-0.33,-0.905,0.719,-0.984,-0.852,-0.98,0.982,-0.996,-0.996,-0.807,-0.971,-0.996,-0.986,-0.578,-0.502,0.894,0.971,0.998,-0.924,0.616,-0.942,0.888,0.984,-0.922,-0.927,0.936,-0.96,0.871,0.998,-0.121,0.024,0.991,-0.835,0.994,0.967,-0.989,-0.996,0.538,-0.99,-0.995,0.994,-0.721,-0.963,7.024,4.941,10.475,10.431,10.441,10.524,10.469,10.444,6.188,5.139,10.478,10.43,6.503,6.193,10.486,10.409,EssenceCatalog/problems/csplib-prob010-SocialGolfers/params/2b0527e07bdd3a00fc3b6b1873ed2f4b.param
-0.997,-0.987,-0.959,-0.898,0.945,-0.965,-0.989,-0.998,0.967,0.95,0.991,0.748,-0.994,-0.957,0.922,0.97,0.997,-0.544,0.983,0.997,-0.987,0.989,-0.995,-0.988,0.989,0.942,-0.997,-0.863,-0.842,0.981,-0.985,0.995,0.993,-0.993,0.491,0.885,0.975,0.882,-0.969,0.61,0.996,-0.788,-0.728,-0.99,0.994,-0.047,-0.997,0.997,0.989,-0.907,-0.988,0.993,-0.939,0.998,-0.992,-0.96,-0.738,0.265,-0.899,0.728,-0.971,-0.872,-0.982,0.978,-0.998,-0.993,-0.3,-0.981,-0.994,-0.979,-0.651,-0.93,0.914,0.973,0.998,-0.844,-0.447,-0.909,0.79,0.988,-0.849,-0.81,0.919,-0.989,0.829,0.996,-0.716,0.83,0.989,-0.777,0.991,0.941,-0.985,-0.995,-0.36,-0.994,-0.994,0.995,-0.903,-0.949,5.619,4.465,10.417,10.368,10.325,10.381,10.331,10.254,5.376,4.621,10.414,10.342,5.657,5.335,10.387,10.355,EssenceCatalog/problems/csplib-prob010-SocialGolfers/params/11c471b9b38c281f6b685b85bb711917.param
-0.996,-0.98,-0.906,-0.694,0.977,-0.954,-0.972,-0.998,0.961,0.761,0.987,0.402,-0.984,-0.917,0.846,0.976,0.995,-0.592,0.991,0.994,-0.975,0.981,-0.996,-0.987,0.974,0.896,-0.996,-0.786,-0.884,0.967,-0.972,0.992,0.993,-0.99,0.817,0.967,0.984,0.776,-0.927,0.854,0.996,-0.675,-0.911,-0.991,0.985,0.851,-0.997,0.995,0.989,-0.929,-0.983,0.993,-0.911,0.998,-0.979,-0.853,-0.079,0.889,-0.483,0.455,-0.96,-0.781,-0.963,0.973,-0.995,-0.993,-0.225,-0.94,-0.994,-0.971,-0.555,-0.91,0.61,0.979,0.995,-0.968,-0.196,-0.963,0.76,0.966,-0.895,-0.824,0.847,-0.957,0.837,0.995,0.507,0.975,0.988,-0.933,0.994,0.951,-0.983,-0.991,0.404,-0.992,-0.995,0.99,-0.967,-0.952,5.959,4.84,10.403,10.305,10.339,10.335,10.317,10.318,5.705,5.014,10.407,10.322,5.964,5.796,10.399,10.335,EssenceCatalog/problems/csplib-prob010-SocialGolfers/params/07b79baf21523542b870ebe28574a934.param
-0.996,-0.983,-0.926,-0.728,0.978,-0.952,-0.973,-0.999,0.963,0.877,0.988,0.419,-0.985,-0.93,0.864,0.978,0.996,-0.579,0.99,0.995,-0.979,0.985,-0.996,-0.988,0.974,0.892,-0.996,-0.8,-0.871,0.972,-0.973,0.992,0.993,-0.992,0.761,0.959,0.981,0.789,-0.934,0.819,0.996,-0.636,-0.888,-0.991,0.988,0.719,-0.997,0.996,0.989,-0.918,-0.983,0.993,-0.918,0.998,-0.983,-0.883,-0.449,0.875,-0.598,0.489,-0.96,-0.79,-0.97,0.974,-0.996,-0.993,-0.148,-0.948,-0.994,-0.972,-0.54,-0.917,0.686,0.976,0.996,-0.955,-0.362,-0.951,0.79,0.973,-0.886,-0.831,0.864,-0.963,0.842,0.995,0.154,0.968,0.989,-0.91,0.993,0.948,-0.983,-0.991,0.226,-0.992,-0.995,0.991,-0.969,-0.959,5.701,4.7,10.42,10.315,10.337,10.343,10.325,10.304,5.528,4.864,10.413,10.319,5.79,5.568,10.395,10.352,EssenceCatalog/problems/csplib-prob010-SocialGolfers/params/d9d8599908760ef143f6f2e37968cb56.param
-1.0,-0.989,-0.99,-0.988,-0.914,-0.995,-0.998,-1.0,0.995,-0.98,0.998,0.98,-0.998,-0.989,0.97,0.987,0.997,-0.937,0.997,0.999,-0.984,0.997,-0.998,-0.998,1.0,0.995,-0.999,-0.966,-0.987,0.929,-0.998,0.999,0.999,-0.992,0.967,0.993,0.996,0.988,-0.997,0.988,0.998,-0.99,-0.97,-0.998,0.997,0.993,-0.998,0.997,0.998,-0.994,-0.999,0.998,-0.977,0.999,-0.993,-0.99,0.997,-0.996,-0.984,0.956,-0.997,-0.974,-0.948,0.994,-0.998,-0.999,-0.99,-0.995,-0.996,-0.996,-0.977,-0.596,0.987,0.997,1.0,-0.991,0.983,-0.996,0.74,0.975,-0.981,-0.879,0.971,-0.994,0.974,0.999,0.994,-0.887,0.998,-0.971,0.999,0.996,-0.998,-0.999,0.988,-0.998,-0.996,0.998,0.975,-0.474,9.424,5.768,10.429,10.436,10.396,10.48,10.485,10.424,7.476,6.05,10.372,10.378,7.916,7.817,10.41,10.438,EssenceCatalog/problems/csplib-prob010-SocialGolfers/params/ab0c5406bbc33ac94457183a813d4ecb.param
-0.996,-0.975,-0.931,-0.818,0.941,-0.971,-0.98,-0.998,0.969,0.739,0.987,0.615,-0.991,-0.92,0.873,0.973,0.993,-0.509,0.986,0.995,-0.973,0.989,-0.994,-0.989,0.987,0.925,-0.996,-0.789,-0.871,0.967,-0.98,0.993,0.994,-0.992,0.673,0.948,0.981,0.853,-0.943,0.812,0.994,-0.803,-0.836,-0.988,0.991,0.737,-0.996,0.997,0.991,-0.931,-0.985,0.992,-0.896,0.997,-0.987,-0.923,0.137,0.376,-0.758,0.616,-0.974,-0.797,-0.959,0.971,-0.996,-0.991,-0.555,-0.966,-0.992,-0.974,-0.615,-0.891,0.8,0.981,0.997,-0.938,0.084,-0.947,0.638,0.975,-0.872,-0.708,0.858,-0.978,0.788,0.996,0.322,0.91,0.987,-0.894,0.993,0.958,-0.988,-0.995,0.332,-0.992,-0.992,0.994,-0.882,-0.923,6.395,4.921,10.432,10.399,10.4,10.422,10.382,10.346,5.913,5.084,10.445,10.405,6.173,6.033,10.451,10.39,EssenceCatalog/problems/csplib-prob010-SocialGolfers/params/fe05ceef52229b09df5f0475e9e8b932.param
-0.997,-0.983,-0.93,-0.685,0.973,-0.952,-0.959,-0.999,0.951,0.906,0.989,0.473,-0.981,-0.926,0.882,0.981,0.996,-0.587,0.991,0.995,-0.981,0.989,-0.996,-0.987,0.957,0.829,-0.997,-0.824,-0.864,0.966,-0.968,0.993,0.993,-0.992,0.766,0.963,0.981,0.794,-0.939,0.828,0.996,-0.61,-0.867,-0.989,0.988,0.618,-0.998,0.997,0.988,-0.916,-0.983,0.993,-0.923,0.998,-0.983,-0.873,-0.48,0.863,-0.622,0.537,-0.967,-0.779,-0.973,0.976,-0.995,-0.994,-0.284,-0.944,-0.995,-0.976,-0.447,-0.835,0.712,0.973,0.996,-0.95,-0.165,-0.949,0.854,0.978,-0.897,-0.889,0.885,-0.95,0.855,0.996,0.074,0.943,0.988,-0.9,0.994,0.946,-0.983,-0.992,0.262,-0.991,-0.995,0.991,-0.969,-0.968,5.773,4.7,10.42,10.313,10.342,10.362,10.337,10.323,5.567,4.865,10.414,10.32,5.835,5.576,10.398,10.347,EssenceCatalog/problems/csplib-prob010-SocialGolfers/params/016273f2bf30f2d9d32fea8d5b2294ae.param
-0.998,-0.989,-0.964,-0.881,0.924,-0.965,-0.982,-0.999,0.96,0.973,0.992,0.785,-0.99,-0.962,0.941,0.979,0.997,-0.624,0.987,0.997,-0.99,0.994,-0.996,-0.986,0.98,0.904,-0.997,-0.881,-0.835,0.98,-0.982,0.995,0.993,-0.993,0.491,0.904,0.973,0.887,-0.974,0.637,0.996,-0.724,-0.679,-0.988,0.994,-0.231,-0.998,0.998,0.988,-0.91,-0.989,0.993,-0.952,0.998,-0.992,-0.963,-0.821,0.173,-0.921,0.739,-0.976,-0.867,-0.986,0.979,-0.998,-0.995,-0.404,-0.98,-0.995,-0.982,-0.606,-0.859,0.932,0.967,0.998,-0.83,-0.244,-0.903,0.876,0.99,-0.873,-0.9,0.937,-0.984,0.864,0.997,-0.799,0.589,0.989,-0.77,0.993,0.943,-0.987,-0.995,-0.27,-0.993,-0.995,0.995,-0.905,-0.967,5.755,4.464,10.423,10.36,10.328,10.399,10.337,10.269,5.437,4.627,10.417,10.336,5.731,5.358,10.394,10.343,EssenceCatalog/problems/csplib-prob010-SocialGolfers/params/bd7986e80c58fc281b4e147f0ea7b0ee.param
-0.998,-0.977,-0.92,-0.697,0.926,-0.967,-0.957,-0.999,0.943,0.696,0.99,0.604,-0.983,-0.92,0.878,0.982,0.994,-0.648,0.992,0.995,-0.974,0.993,-0.995,-0.986,0.959,0.819,-0.998,-0.816,-0.889,0.953,-0.97,0.994,0.995,-0.988,0.787,0.973,0.981,0.839,-0.957,0.893,0.995,-0.717,-0.866,-0.986,0.985,0.818,-0.998,0.997,0.986,-0.944,-0.989,0.993,-0.92,0.998,-0.978,-0.891,0.382,0.467,-0.685,0.545,-0.979,-0.77,-0.964,0.976,-0.994,-0.994,-0.704,-0.948,-0.994,-0.979,-0.518,-0.635,0.726,0.976,0.997,-0.964,0.516,-0.962,0.812,0.969,-0.917,-0.88,0.885,-0.935,0.843,0.997,0.606,0.8,0.988,-0.908,0.995,0.959,-0.988,-0.995,0.685,-0.99,-0.994,0.992,-0.882,-0.955,6.781,5.083,10.441,10.412,10.44,10.48,10.441,10.446,6.171,5.272,10.46,10.432,6.445,6.27,10.48,10.407,EssenceCatalog/problems/csplib-prob010-SocialGolfers/params/40825d14d90356ae5486cdbe557c898b.param
-0.998,-0.998,0.956,-0.66,0.994,-0.837,-0.976,-0.999,-0.963,0.922,0.994,0.941,-0.893,-0.969,0.973,-0.982,0.996,-0.794,0.997,0.998,-0.989,-0.952,-0.997,0.986,0.999,0.979,-0.998,-0.951,-0.737,0.989,-0.954,0.999,0.995,0.976,0.828,-0.826,0.979,0.519,-0.989,-0.959,0.998,-0.978,-0.912,-0.994,-0.972,0.923,-0.997,0.999,-0.992,-0.974,-0.987,0.998,-0.949,0.997,0.813,-0.991,0.962,0.974,-0.941,0.868,-0.872,-0.919,-0.989,0.979,-0.998,-0.995,0.93,-0.989,-0.997,-0.964,-0.911,-0.982,0.922,0.911,0.999,-0.981,0.888,-0.986,0.987,0.997,-0.528,-0.953,0.968,0.367,0.924,0.998,-0.98,0.961,0.996,-0.979,0.994,-0.972,-0.996,-0.972,-0.987,-0.996,-0.99,0.996,-0.993,-0.983,4.176,3.337,4.892,10.107,10.554,10.432,10.568,10.627,4.104,3.571,4.961,10.088,4.664,4.241,5.894,10.068,EssenceCatalog/problems/csplib-prob010-SocialGolfers/params/9d26033872935ade456ef077ccc4fffc.param
-0.999,-0.989,-0.974,-0.895,0.76,-0.969,-0.977,-0.999,0.949,0.967,0.994,0.862,-0.989,-0.969,0.955,0.988,0.997,-0.747,0.992,0.998,-0.991,0.996,-0.996,-0.987,0.97,0.861,-0.998,-0.916,-0.873,0.973,-0.981,0.996,0.996,-0.992,0.591,0.939,0.971,0.896,-0.985,0.773,0.997,-0.686,-0.673,-0.986,0.994,-0.1,-0.998,0.998,0.988,-0.939,-0.993,0.993,-0.962,0.999,-0.99,-0.967,-0.664,-0.481,-0.948,0.785,-0.983,-0.887,-0.988,0.983,-0.997,-0.997,-0.759,-0.98,-0.996,-0.987,-0.64,-0.604,0.941,0.967,0.998,-0.879,0.451,-0.923,0.923,0.99,-0.914,-0.953,0.956,-0.973,0.897,0.998,-0.677,-0.29,0.991,-0.784,0.994,0.96,-0.988,-0.996,0.219,-0.991,-0.996,0.994,-0.724,-0.973,6.721,4.712,10.443,10.379,10.379,10.472,10.4,10.354,5.944,4.906,10.432,10.361,6.275,5.87,10.424,10.35,EssenceCatalog/problems/csplib-prob010-SocialGolfers/params/1c1de2fe3c1522366f75d90572cd1aa7.param
-0.997,-0.968,-0.93,-0.857,0.901,-0.977,-0.986,-0.998,0.977,0.184,0.988,0.678,-0.993,-0.918,0.862,0.972,0.992,-0.518,0.987,0.994,-0.963,0.987,-0.994,-0.992,0.993,0.956,-0.996,-0.789,-0.907,0.959,-0.985,0.994,0.995,-0.991,0.773,0.962,0.986,0.879,-0.952,0.884,0.993,-0.879,-0.887,-0.99,0.992,0.904,-0.995,0.996,0.993,-0.953,-0.988,0.993,-0.888,0.997,-0.985,-0.93,0.759,-0.053,-0.76,0.639,-0.978,-0.82,-0.94,0.972,-0.996,-0.992,-0.723,-0.971,-0.99,-0.976,-0.746,-0.902,0.796,0.987,0.997,-0.96,0.428,-0.965,0.481,0.966,-0.883,-0.587,0.845,-0.981,0.78,0.997,0.779,0.899,0.989,-0.928,0.994,0.971,-0.991,-0.996,0.635,-0.993,-0.991,0.994,-0.715,-0.864,7.175,5.239,10.433,10.455,10.449,10.452,10.427,10.377,6.37,5.428,10.453,10.452,6.629,6.623,10.487,10.417,EssenceCatalog/problems/csplib-prob010-SocialGolfers/params/41f525aa8f580ef7ea0ccc755d8aee12.param
-0.997,-0.973,-0.883,-0.717,0.957,-0.965,-0.978,-0.998,0.961,0.015,0.989,0.51,-0.987,-0.901,0.821,0.971,0.994,-0.628,0.992,0.994,-0.96,0.975,-0.996,-0.988,0.983,0.931,-0.996,-0.782,-0.918,0.95,-0.975,0.994,0.996,-0.984,0.898,0.978,0.99,0.806,-0.939,0.918,0.996,-0.815,-0.945,-0.992,0.979,0.961,-0.997,0.994,0.988,-0.956,-0.988,0.994,-0.908,0.998,-0.968,-0.839,0.74,0.786,-0.425,0.464,-0.967,-0.803,-0.946,0.973,-0.994,-0.995,-0.531,-0.943,-0.993,-0.976,-0.697,-0.886,0.538,0.985,0.995,-0.985,0.36,-0.98,0.683,0.945,-0.912,-0.792,0.837,-0.952,0.842,0.996,0.9,0.971,0.989,-0.96,0.995,0.961,-0.988,-0.992,0.747,-0.992,-0.994,0.99,-0.919,-0.917,6.768,5.195,10.394,10.392,10.419,10.399,10.391,10.378,6.214,5.398,10.412,10.399,6.463,6.416,10.44,10.387,EssenceCatalog/problems/csplib-prob010-SocialGolfers/params/4cb1238ad353c31511d2e97ddf104177.param
-0.997,-0.971,-0.91,-0.744,0.927,-0.97,-0.972,-0.998,0.959,0.317,0.989,0.614,-0.987,-0.906,0.854,0.978,0.993,-0.605,0.991,0.994,-0.964,0.987,-0.995,-0.989,0.98,0.901,-0.997,-0.804,-0.905,0.945,-0.976,0.993,0.996,-0.987,0.833,0.974,0.987,0.838,-0.951,0.906,0.995,-0.796,-0.905,-0.989,0.985,0.923,-0.997,0.996,0.989,-0.952,-0.989,0.993,-0.905,0.998,-0.975,-0.875,0.686,0.441,-0.62,0.549,-0.976,-0.789,-0.951,0.974,-0.994,-0.994,-0.713,-0.953,-0.993,-0.978,-0.643,-0.796,0.668,0.983,0.996,-0.975,0.517,-0.971,0.685,0.953,-0.91,-0.802,0.854,-0.951,0.824,0.996,0.836,0.899,0.988,-0.937,0.995,0.966,-0.988,-0.994,0.731,-0.991,-0.993,0.991,-0.855,-0.922,6.975,5.209,10.441,10.443,10.462,10.474,10.445,10.432,6.304,5.406,10.46,10.453,6.563,6.487,10.492,10.428,EssenceCatalog/problems/csplib-prob010-SocialGolfers/params/16a51d130ff44a89672184cac6a0b28b.param
-0.997,-0.993,-0.949,-0.747,0.987,-0.944,-0.964,-0.999,0.947,0.991,0.991,0.575,-0.98,-0.963,0.94,0.975,0.998,-0.537,0.992,0.997,-0.994,0.99,-0.998,-0.981,0.958,0.848,-0.997,-0.904,-0.822,0.98,-0.969,0.995,0.99,-0.994,0.695,0.938,0.976,0.84,-0.956,0.579,0.998,-0.529,-0.835,-0.992,0.992,-0.46,-0.998,0.998,0.986,-0.871,-0.982,0.995,-0.96,0.999,-0.99,-0.939,-0.957,0.952,-0.815,0.661,-0.957,-0.857,-0.988,0.98,-0.997,-0.995,0.495,-0.967,-0.997,-0.976,-0.45,-0.924,0.868,0.95,0.998,-0.867,-0.803,-0.907,0.949,0.994,-0.877,-0.944,0.939,-0.97,0.904,0.997,-0.917,0.956,0.99,-0.839,0.993,0.901,-0.984,-0.99,-0.661,-0.993,-0.997,0.994,-0.991,-0.985,4.855,4.222,10.299,10.262,10.238,10.308,10.254,10.193,4.943,4.359,10.277,10.244,5.226,4.799,10.245,10.28,EssenceCatalog/problems/csplib-prob010-SocialGolfers/params/22fb7692d99977aa80ee83d919362eb7.param
-0.996,-0.984,-0.923,-0.648,0.981,-0.945,-0.961,-0.999,0.953,0.914,0.989,0.398,-0.979,-0.926,0.873,0.981,0.996,-0.608,0.992,0.995,-0.982,0.986,-0.996,-0.987,0.957,0.844,-0.996,-0.828,-0.87,0.969,-0.967,0.991,0.992,-0.992,0.794,0.966,0.982,0.768,-0.932,0.821,0.997,-0.549,-0.891,-0.991,0.987,0.666,-0.998,0.996,0.987,-0.913,-0.982,0.993,-0.926,0.998,-0.981,-0.839,-0.592,0.931,-0.526,0.505,-0.956,-0.786,-0.974,0.975,-0.995,-0.994,-0.065,-0.938,-0.995,-0.972,-0.458,-0.888,0.644,0.972,0.995,-0.958,-0.378,-0.953,0.855,0.974,-0.898,-0.895,0.879,-0.947,0.867,0.995,0.083,0.97,0.988,-0.918,0.994,0.942,-0.98,-0.989,0.172,-0.991,-0.996,0.989,-0.981,-0.971,5.557,4.636,10.39,10.266,10.292,10.306,10.288,10.283,5.444,4.804,10.379,10.273,5.709,5.445,10.353,10.31,EssenceCatalog/problems/csplib-prob010-SocialGolfers/params/19aa65db8ebac66666633d85fd24f201.param
-1.0,-0.99,-0.991,-0.989,-0.921,-0.995,-0.998,-1.0,0.995,-0.981,0.999,0.982,-0.998,-0.989,0.971,0.986,0.997,-0.94,0.997,0.999,-0.984,0.997,-0.999,-0.998,1.0,0.996,-0.999,-0.969,-0.988,0.931,-0.998,0.999,1.0,-0.991,0.969,0.993,0.996,0.988,-0.997,0.988,0.998,-0.99,-0.973,-0.998,0.997,0.993,-0.999,0.997,0.998,-0.995,-0.999,0.998,-0.979,0.999,-0.993,-0.99,0.997,-0.996,-0.985,0.957,-0.997,-0.975,-0.953,0.995,-0.998,-0.999,-0.99,-0.995,-0.996,-0.997,-0.977,-0.568,0.987,0.997,1.0,-0.992,0.984,-0.996,0.764,0.973,-0.983,-0.891,0.972,-0.993,0.975,0.999,0.994,-0.898,0.998,-0.972,0.999,0.996,-0.998,-0.999,0.989,-0.998,-0.996,0.998,0.978,-0.482,9.435,5.77,10.432,10.44,10.4,10.486,10.492,10.432,7.483,6.053,10.377,10.382,7.926,7.821,10.414,10.444,EssenceCatalog/problems/csplib-prob010-SocialGolfers/params/31264610be90bc33a0632b6d6a052628.param
-0.999,-0.988,-0.972,-0.902,0.722,-0.971,-0.979,-0.999,0.948,0.957,0.994,0.87,-0.99,-0.968,0.954,0.988,0.997,-0.742,0.991,0.998,-0.99,0.996,-0.996,-0.987,0.975,0.872,-0.998,-0.914,-0.875,0.972,-0.982,0.996,0.996,-0.991,0.593,0.938,0.972,0.897,-0.985,0.782,0.997,-0.714,-0.671,-0.986,0.994,0.006,-0.998,0.998,0.987,-0.943,-0.993,0.993,-0.96,0.999,-0.99,-0.968,-0.539,-0.588,-0.948,0.79,-0.984,-0.887,-0.987,0.983,-0.997,-0.997,-0.794,-0.981,-0.996,-0.988,-0.653,-0.585,0.943,0.97,0.998,-0.888,0.545,-0.928,0.915,0.989,-0.913,-0.948,0.955,-0.974,0.891,0.998,-0.607,-0.345,0.991,-0.792,0.994,0.962,-0.988,-0.997,0.297,-0.991,-0.995,0.995,-0.656,-0.97,6.903,4.778,10.441,10.394,10.389,10.487,10.415,10.368,6.046,4.975,10.431,10.376,6.381,5.993,10.428,10.358,EssenceCatalog/problems/csplib-prob010-SocialGolfers/params/9665009a45e8852e5ae2b4dc13961e25.param
-0.999,-0.995,0.864,-0.818,0.948,-0.954,-0.986,-0.998,-0.919,0.702,0.995,0.978,-0.973,-0.973,0.978,-0.964,0.996,-0.889,0.994,0.998,-0.984,-0.787,-0.996,0.97,0.999,0.979,-0.999,-0.944,-0.862,0.988,-0.971,1.0,0.998,0.974,0.807,-0.686,0.984,0.758,-0.995,-0.886,0.996,-0.991,-0.868,-0.988,-0.933,0.958,-0.997,0.999,-0.984,-0.982,-0.993,0.998,-0.948,0.997,0.646,-0.997,0.995,-0.085,-0.976,0.916,-0.967,-0.929,-0.984,0.981,-0.999,-0.997,-0.092,-0.994,-0.995,-0.979,-0.928,-0.907,0.976,0.956,0.999,-0.982,0.975,-0.991,0.975,0.998,-0.632,-0.952,0.961,-0.431,0.927,0.999,-0.873,0.253,0.995,-0.963,0.995,-0.867,-0.997,-0.994,-0.832,-0.996,-0.986,0.998,-0.877,-0.966,5.124,3.672,5.419,10.121,10.513,10.393,10.475,10.491,4.668,3.903,5.516,10.051,5.139,4.799,6.391,10.042,EssenceCatalog/problems/csplib-prob010-SocialGolfers/params/088c2c51c290aedd7f1068848698ba06.param
-0.997,-0.973,-0.88,-0.732,0.954,-0.965,-0.98,-0.998,0.963,-0.175,0.989,0.529,-0.987,-0.901,0.815,0.97,0.994,-0.64,0.992,0.994,-0.958,0.971,-0.996,-0.988,0.986,0.941,-0.996,-0.786,-0.926,0.948,-0.975,0.994,0.996,-0.982,0.914,0.979,0.991,0.809,-0.942,0.927,0.996,-0.83,-0.953,-0.992,0.978,0.971,-0.997,0.993,0.987,-0.961,-0.988,0.994,-0.909,0.998,-0.966,-0.828,0.802,0.781,-0.407,0.457,-0.965,-0.817,-0.944,0.974,-0.994,-0.995,-0.548,-0.944,-0.993,-0.976,-0.732,-0.894,0.51,0.986,0.995,-0.987,0.419,-0.982,0.667,0.937,-0.915,-0.788,0.837,-0.952,0.848,0.996,0.93,0.973,0.99,-0.966,0.996,0.963,-0.988,-0.992,0.776,-0.992,-0.994,0.989,-0.909,-0.905,6.862,5.239,10.389,10.4,10.423,10.396,10.395,10.379,6.273,5.447,10.405,10.402,6.52,6.492,10.436,10.391,EssenceCatalog/problems/csplib-prob010-SocialGolfers/params/7e11ceeb44337327dd298dc333d2a916.param
-0.996,-0.977,-0.899,-0.696,0.971,-0.958,-0.973,-0.998,0.96,0.566,0.988,0.45,-0.985,-0.907,0.836,0.975,0.995,-0.599,0.991,0.994,-0.97,0.98,-0.996,-0.988,0.977,0.905,-0.996,-0.784,-0.896,0.959,-0.973,0.993,0.994,-0.988,0.847,0.971,0.987,0.785,-0.931,0.881,0.996,-0.734,-0.922,-0.991,0.983,0.907,-0.997,0.995,0.988,-0.941,-0.985,0.993,-0.909,0.998,-0.975,-0.842,0.294,0.851,-0.454,0.478,-0.964,-0.78,-0.958,0.972,-0.995,-0.994,-0.377,-0.941,-0.993,-0.973,-0.597,-0.895,0.579,0.982,0.995,-0.975,0.048,-0.97,0.731,0.959,-0.902,-0.815,0.845,-0.954,0.838,0.996,0.721,0.972,0.988,-0.944,0.994,0.955,-0.985,-0.991,0.567,-0.992,-0.994,0.99,-0.953,-0.942,6.301,4.993,10.41,10.344,10.381,10.374,10.352,10.358,5.925,5.176,10.425,10.365,6.179,6.058,10.43,10.362,EssenceCatalog/problems/csplib-prob010-SocialGolfers/params/eeb1452844fb2bf9d06fdb8951cdff8c.param
-0.997,-0.989,-0.96,-0.907,0.955,-0.959,-0.99,-0.999,0.966,0.961,0.992,0.749,-0.994,-0.963,0.928,0.969,0.997,-0.55,0.984,0.997,-0.987,0.986,-0.996,-0.986,0.99,0.944,-0.997,-0.864,-0.838,0.985,-0.985,0.996,0.993,-0.993,0.519,0.873,0.974,0.873,-0.971,0.602,0.996,-0.753,-0.754,-0.991,0.993,-0.102,-0.997,0.998,0.988,-0.906,-0.988,0.994,-0.947,0.999,-0.992,-0.962,-0.793,0.364,-0.899,0.707,-0.969,-0.868,-0.985,0.977,-0.998,-0.994,-0.211,-0.982,-0.995,-0.979,-0.658,-0.938,0.919,0.972,0.998,-0.848,-0.52,-0.908,0.828,0.99,-0.848,-0.843,0.929,-0.99,0.837,0.996,-0.777,0.859,0.991,-0.784,0.992,0.934,-0.986,-0.995,-0.418,-0.995,-0.994,0.995,-0.928,-0.96,5.506,4.43,10.427,10.38,10.336,10.398,10.342,10.267,5.316,4.587,10.424,10.358,5.597,5.258,10.394,10.372,EssenceCatalog/problems/csplib-prob010-SocialGolfers/params/b6136f372bf7e1a228e7b1b20ec1382d.param
-0.997,-0.996,0.968,-0.615,0.991,-0.82,-0.97,-0.997,-0.976,0.79,0.992,0.944,-0.888,-0.965,0.972,-0.989,0.993,-0.841,0.995,0.997,-0.979,-0.98,-0.996,0.993,0.998,0.98,-0.997,-0.934,-0.781,0.985,-0.944,0.999,0.994,0.99,0.869,-0.829,0.974,0.419,-0.988,-0.952,0.997,-0.982,-0.928,-0.991,-0.986,0.975,-0.995,0.998,-0.996,-0.975,-0.986,0.997,-0.924,0.995,0.922,-0.99,0.992,0.94,-0.927,0.856,-0.853,-0.903,-0.982,0.973,-0.996,-0.994,0.856,-0.985,-0.995,-0.962,-0.923,-0.97,0.896,0.898,0.998,-0.987,0.945,-0.988,0.981,0.995,-0.471,-0.939,0.956,0.369,0.917,0.998,-0.924,0.946,0.994,-0.984,0.993,-0.975,-0.993,-0.968,-0.967,-0.995,-0.982,0.993,-0.982,-0.97,4.228,3.344,4.807,10.052,10.496,10.373,10.506,10.573,4.122,3.587,4.874,10.029,4.676,4.268,5.816,10.008,EssenceCatalog/problems/csplib-prob010-SocialGolfers/params/7ff572956df0bfaa753e3da5b8691f1d.param
-0.997,-0.965,-0.915,-0.85,0.878,-0.979,-0.987,-0.998,0.977,-0.252,0.989,0.704,-0.994,-0.91,0.854,0.969,0.992,-0.536,0.988,0.994,-0.957,0.986,-0.994,-0.991,0.994,0.963,-0.997,-0.794,-0.922,0.95,-0.986,0.995,0.996,-0.989,0.84,0.969,0.988,0.881,-0.951,0.916,0.993,-0.905,-0.915,-0.99,0.99,0.95,-0.995,0.996,0.993,-0.963,-0.989,0.994,-0.887,0.997,-0.983,-0.926,0.892,-0.038,-0.716,0.645,-0.981,-0.819,-0.929,0.972,-0.996,-0.993,-0.768,-0.97,-0.991,-0.977,-0.774,-0.894,0.78,0.989,0.997,-0.974,0.597,-0.975,0.484,0.964,-0.895,-0.599,0.838,-0.98,0.805,0.997,0.893,0.906,0.989,-0.948,0.995,0.972,-0.992,-0.996,0.754,-0.993,-0.991,0.994,-0.666,-0.845,7.417,5.351,10.421,10.466,10.468,10.458,10.442,10.378,6.524,5.555,10.442,10.454,6.782,6.815,10.483,10.426,EssenceCatalog/problems/csplib-prob010-SocialGolfers/params/d7a8b95b9864391719353c27a8a6e584.param
-0.998,-0.987,-0.955,-0.755,0.953,-0.961,-0.956,-0.999,0.95,0.965,0.991,0.632,-0.982,-0.951,0.928,0.986,0.997,-0.639,0.991,0.996,-0.987,0.995,-0.996,-0.987,0.948,0.788,-0.997,-0.866,-0.849,0.972,-0.969,0.994,0.993,-0.993,0.661,0.957,0.974,0.861,-0.964,0.782,0.997,-0.584,-0.789,-0.987,0.991,0.165,-0.998,0.998,0.988,-0.916,-0.987,0.993,-0.943,0.999,-0.988,-0.925,-0.72,0.609,-0.827,0.617,-0.975,-0.827,-0.981,0.979,-0.996,-0.995,-0.444,-0.962,-0.996,-0.981,-0.457,-0.745,0.839,0.965,0.997,-0.91,-0.053,-0.927,0.891,0.986,-0.905,-0.925,0.927,-0.957,0.87,0.997,-0.473,0.75,0.99,-0.843,0.994,0.949,-0.985,-0.994,0.102,-0.99,-0.996,0.993,-0.946,-0.975,5.802,4.59,10.442,10.346,10.357,10.413,10.368,10.331,5.529,4.755,10.435,10.343,5.811,5.469,10.418,10.36,EssenceCatalog/problems/csplib-prob010-SocialGolfers/params/c90c491fd991222d3c94159549a39174.param
-0.997,-0.968,-0.901,-0.77,0.908,-0.974,-0.979,-0.998,0.965,-0.119,0.99,0.653,-0.989,-0.904,0.845,0.973,0.993,-0.608,0.992,0.995,-0.96,0.985,-0.995,-0.989,0.987,0.934,-0.997,-0.803,-0.921,0.941,-0.979,0.994,0.996,-0.986,0.87,0.976,0.989,0.853,-0.952,0.923,0.995,-0.858,-0.923,-0.99,0.985,0.955,-0.997,0.995,0.989,-0.961,-0.99,0.994,-0.902,0.998,-0.974,-0.884,0.849,0.371,-0.613,0.565,-0.977,-0.808,-0.941,0.974,-0.995,-0.994,-0.735,-0.958,-0.993,-0.978,-0.722,-0.828,0.674,0.986,0.996,-0.98,0.613,-0.977,0.635,0.949,-0.911,-0.759,0.844,-0.959,0.831,0.997,0.91,0.916,0.989,-0.952,0.996,0.968,-0.99,-0.995,0.789,-0.992,-0.993,0.992,-0.799,-0.895,7.21,5.311,10.434,10.466,10.481,10.478,10.459,10.425,6.444,5.522,10.452,10.461,6.702,6.68,10.494,10.443,EssenceCatalog/problems/csplib-prob010-SocialGolfers/params/16d1ee6ffc60dd8ba8a0de82f3106590.param
-0.997,-0.985,-0.939,-0.718,0.961,-0.96,-0.955,-0.999,0.947,0.94,0.99,0.557,-0.981,-0.938,0.904,0.984,0.996,-0.606,0.992,0.996,-0.984,0.993,-0.996,-0.986,0.947,0.784,-0.997,-0.842,-0.852,0.968,-0.97,0.994,0.994,-0.992,0.699,0.961,0.976,0.827,-0.953,0.817,0.996,-0.606,-0.822,-0.987,0.99,0.412,-0.998,0.998,0.987,-0.915,-0.985,0.993,-0.931,0.998,-0.986,-0.909,-0.554,0.748,-0.74,0.57,-0.974,-0.788,-0.976,0.977,-0.996,-0.994,-0.441,-0.952,-0.995,-0.979,-0.437,-0.753,0.793,0.967,0.997,-0.933,-0.007,-0.938,0.882,0.984,-0.9,-0.912,0.905,-0.952,0.865,0.997,-0.207,0.853,0.989,-0.865,0.994,0.949,-0.986,-0.994,0.234,-0.99,-0.995,0.993,-0.956,-0.972,5.848,4.666,10.428,10.332,10.356,10.396,10.359,10.331,5.584,4.828,10.423,10.336,5.859,5.558,10.409,10.353,EssenceCatalog/problems/csplib-prob010-SocialGolfers/params/8b51536e7c5d002eb57d3bfd3f1488bc.param
-0.996,-0.98,-0.907,-0.646,0.977,-0.947,-0.964,-0.999,0.953,0.764,0.988,0.389,-0.981,-0.911,0.841,0.978,0.996,-0.605,0.992,0.994,-0.975,0.981,-0.996,-0.987,0.963,0.856,-0.996,-0.807,-0.887,0.96,-0.968,0.992,0.993,-0.989,0.846,0.972,0.986,0.741,-0.926,0.871,0.996,-0.646,-0.917,-0.991,0.984,0.852,-0.997,0.995,0.987,-0.931,-0.984,0.993,-0.917,0.998,-0.976,-0.814,-0.117,0.922,-0.409,0.484,-0.959,-0.768,-0.966,0.974,-0.994,-0.994,-0.248,-0.931,-0.994,-0.975,-0.514,-0.873,0.559,0.977,0.995,-0.972,-0.125,-0.966,0.823,0.965,-0.904,-0.879,0.853,-0.943,0.859,0.995,0.57,0.975,0.988,-0.937,0.994,0.949,-0.981,-0.99,0.448,-0.991,-0.996,0.989,-0.972,-0.961,5.968,4.847,10.396,10.284,10.326,10.322,10.306,10.327,5.722,5.028,10.399,10.303,5.982,5.795,10.389,10.32,EssenceCatalog/problems/csplib-prob010-SocialGolfers/params/f198dbc752c6673ae299f1e7a1cc4f11.param
-0.996,-0.994,-0.946,-0.717,0.991,-0.916,-0.97,-0.999,0.947,0.991,0.991,0.522,-0.976,-0.962,0.933,0.976,0.999,-0.563,0.992,0.997,-0.994,0.98,-0.998,-0.981,0.969,0.895,-0.995,-0.908,-0.851,0.981,-0.967,0.992,0.988,-0.993,0.783,0.944,0.98,0.802,-0.952,0.576,0.998,-0.374,-0.881,-0.995,0.99,-0.298,-0.998,0.996,0.985,-0.88,-0.981,0.994,-0.966,0.999,-0.987,-0.888,-0.972,0.98,-0.735,0.616,-0.922,-0.876,-0.989,0.979,-0.996,-0.996,0.722,-0.959,-0.997,-0.973,-0.469,-0.959,0.789,0.951,0.996,-0.904,-0.884,-0.919,0.944,0.989,-0.879,-0.945,0.935,-0.963,0.913,0.994,-0.883,0.984,0.99,-0.887,0.994,0.888,-0.976,-0.981,-0.728,-0.991,-0.997,0.989,-0.995,-0.985,4.735,4.21,10.273,10.241,10.221,10.28,10.232,10.186,4.873,4.34,10.242,10.232,5.161,4.734,10.209,10.273,EssenceCatalog/problems/csplib-prob010-SocialGolfers/params/33186010572c8f53a3b3ec605c953688.param
-0.997,-0.976,-0.893,-0.659,0.968,-0.955,-0.967,-0.999,0.95,0.484,0.989,0.452,-0.982,-0.904,0.83,0.976,0.995,-0.632,0.993,0.994,-0.968,0.979,-0.996,-0.987,0.969,0.878,-0.996,-0.798,-0.902,0.952,-0.969,0.993,0.995,-0.985,0.875,0.976,0.988,0.76,-0.936,0.9,0.996,-0.716,-0.931,-0.991,0.979,0.927,-0.997,0.995,0.986,-0.946,-0.987,0.994,-0.914,0.998,-0.968,-0.805,0.401,0.878,-0.397,0.46,-0.963,-0.775,-0.959,0.975,-0.994,-0.995,-0.446,-0.933,-0.994,-0.976,-0.594,-0.846,0.504,0.981,0.995,-0.981,0.207,-0.974,0.781,0.951,-0.912,-0.863,0.843,-0.934,0.853,0.996,0.809,0.969,0.988,-0.949,0.995,0.953,-0.984,-0.991,0.645,-0.991,-0.995,0.989,-0.953,-0.947,6.416,5.044,10.391,10.332,10.372,10.367,10.348,10.37,6.004,5.236,10.408,10.356,6.258,6.134,10.416,10.348,EssenceCatalog/problems/csplib-prob010-SocialGolfers/params/73374e45fef7ffb8796908b744873481.param
-1.0,-0.993,-0.992,-0.992,-0.961,-0.995,-0.999,-1.0,0.995,-0.989,0.999,0.99,-0.998,-0.994,0.982,0.983,0.997,-0.97,0.998,1.0,-0.989,0.996,-0.999,-0.997,1.0,0.996,-0.999,-0.977,-0.99,0.947,-0.998,0.999,1.0,-0.989,0.981,0.994,0.997,0.991,-0.998,0.991,0.999,-0.992,-0.983,-0.999,0.997,0.996,-0.999,0.997,0.997,-0.996,-0.999,0.998,-0.987,1.0,-0.993,-0.992,0.998,-0.998,-0.99,0.972,-0.998,-0.983,-0.968,0.996,-0.998,-0.999,-0.992,-0.996,-0.998,-0.998,-0.985,-0.368,0.992,0.997,0.999,-0.995,0.989,-0.996,0.878,0.98,-0.989,-0.949,0.984,-0.994,0.987,1.0,0.996,-0.945,0.999,-0.979,0.999,0.996,-0.999,-0.999,0.993,-0.998,-0.997,0.998,0.987,-0.593,9.507,5.789,10.461,10.469,10.437,10.53,10.535,10.481,7.53,6.079,10.411,10.408,7.987,7.849,10.441,10.48,EssenceCatalog/problems/csplib-prob010-SocialGolfers/params/5755ccc0cd5c0c2122fb40fe5d39f993.param
-0.996,-0.977,-0.901,-0.702,0.969,-0.959,-0.974,-0.998,0.961,0.539,0.988,0.464,-0.986,-0.908,0.839,0.975,0.995,-0.595,0.991,0.994,-0.97,0.98,-0.996,-0.988,0.978,0.909,-0.996,-0.785,-0.897,0.959,-0.973,0.993,0.995,-0.988,0.848,0.971,0.987,0.791,-0.933,0.882,0.996,-0.745,-0.922,-0.991,0.984,0.91,-0.997,0.995,0.988,-0.942,-0.985,0.993,-0.91,0.998,-0.975,-0.847,0.327,0.836,-0.47,0.488,-0.965,-0.781,-0.958,0.972,-0.995,-0.994,-0.393,-0.943,-0.993,-0.974,-0.608,-0.896,0.587,0.982,0.995,-0.975,0.058,-0.97,0.725,0.959,-0.901,-0.81,0.847,-0.956,0.836,0.996,0.731,0.971,0.988,-0.945,0.995,0.955,-0.985,-0.992,0.566,-0.992,-0.994,0.99,-0.949,-0.941,6.339,5.007,10.417,10.357,10.393,10.386,10.362,10.365,5.947,5.191,10.434,10.376,6.201,6.085,10.44,10.373,EssenceCatalog/problems/csplib-prob010-SocialGolfers/params/f818ea70b2c67708796ef5d95e35fda8.param
-0.996,-0.982,-0.915,-0.711,0.979,-0.953,-0.973,-0.998,0.963,0.826,0.988,0.403,-0.984,-0.922,0.852,0.977,0.995,-0.581,0.991,0.994,-0.977,0.982,-0.996,-0.988,0.975,0.897,-0.995,-0.795,-0.879,0.97,-0.972,0.992,0.993,-0.991,0.795,0.964,0.983,0.783,-0.929,0.836,0.996,-0.653,-0.903,-0.991,0.987,0.799,-0.997,0.995,0.989,-0.924,-0.983,0.993,-0.916,0.998,-0.981,-0.859,-0.277,0.891,-0.519,0.475,-0.958,-0.793,-0.967,0.973,-0.995,-0.993,-0.159,-0.942,-0.994,-0.971,-0.546,-0.919,0.636,0.978,0.995,-0.963,-0.306,-0.958,0.762,0.968,-0.891,-0.825,0.854,-0.96,0.838,0.995,0.358,0.975,0.988,-0.925,0.993,0.949,-0.982,-0.99,0.292,-0.992,-0.995,0.99,-0.969,-0.954,5.803,4.764,10.408,10.304,10.332,10.331,10.315,10.307,5.603,4.933,10.406,10.315,5.863,5.669,10.391,10.338,EssenceCatalog/problems/csplib-prob010-SocialGolfers/params/5230a0269b99e8a799edb893df13b130.param
-0.996,-0.99,-0.943,-0.742,0.986,-0.942,-0.971,-0.999,0.959,0.975,0.989,0.505,-0.982,-0.949,0.911,0.978,0.997,-0.564,0.991,0.996,-0.99,0.986,-0.997,-0.986,0.971,0.888,-0.996,-0.861,-0.841,0.979,-0.972,0.993,0.99,-0.994,0.719,0.944,0.98,0.814,-0.944,0.679,0.997,-0.526,-0.861,-0.993,0.99,0.152,-0.998,0.996,0.988,-0.892,-0.981,0.994,-0.945,0.998,-0.987,-0.899,-0.9,0.941,-0.711,0.597,-0.949,-0.837,-0.983,0.977,-0.996,-0.994,0.326,-0.959,-0.996,-0.972,-0.464,-0.94,0.784,0.966,0.997,-0.918,-0.73,-0.927,0.886,0.985,-0.879,-0.902,0.912,-0.968,0.881,0.995,-0.669,0.973,0.989,-0.885,0.993,0.922,-0.981,-0.989,-0.398,-0.993,-0.996,0.991,-0.988,-0.977,5.056,4.365,10.358,10.287,10.265,10.324,10.277,10.222,5.094,4.508,10.341,10.276,5.37,5.009,10.302,10.309,EssenceCatalog/problems/csplib-prob010-SocialGolfers/params/f74f5186756cdd79e254fc29618e2af8.param
-1.0,-0.991,-0.98,-0.989,-0.97,-0.99,-0.997,-1.0,0.971,-0.994,0.999,0.993,-0.994,-0.993,0.984,0.911,0.997,-0.98,0.998,0.999,-0.984,0.973,-0.998,-0.977,0.999,0.995,-0.999,-0.98,-0.99,0.889,-0.995,0.999,0.999,-0.838,0.986,0.99,0.996,0.988,-0.998,0.979,0.999,-0.99,-0.983,-0.998,0.97,0.997,-0.999,0.989,0.96,-0.996,-0.999,0.996,-0.989,0.999,-0.943,-0.984,0.998,-0.997,-0.99,0.971,-0.995,-0.985,-0.957,0.992,-0.992,-0.999,-0.988,-0.995,-0.996,-0.998,-0.988,-0.061,0.984,0.992,0.998,-0.996,0.994,-0.997,0.906,0.925,-0.988,-0.97,0.983,-0.955,0.987,0.999,0.997,-0.976,0.998,-0.982,0.999,0.984,-0.996,-0.997,0.992,-0.995,-0.995,0.991,0.992,-0.394,9.49,5.743,10.299,10.345,10.308,10.406,10.435,10.38,7.492,6.037,10.255,10.274,7.952,7.795,10.284,10.353,EssenceCatalog/problems/csplib-prob010-SocialGolfers/params/ord19-9-8-4.param
-1.0,-0.996,-0.994,-0.994,-0.974,-0.994,-0.999,-1.0,0.989,-0.979,0.999,0.996,-0.998,-0.997,0.992,0.982,0.999,-0.985,0.999,1.0,-0.995,0.996,-0.999,-0.995,0.999,0.995,-0.999,-0.986,-0.992,0.962,-0.998,0.999,1.0,-0.979,0.988,0.995,0.996,0.993,-0.999,0.991,1.0,-0.991,-0.983,-0.999,0.995,0.995,-0.999,0.998,0.993,-0.997,-1.0,0.998,-0.993,1.0,-0.986,-0.993,0.997,-0.998,-0.994,0.978,-0.997,-0.989,-0.984,0.996,-0.997,-1.0,-0.991,-0.996,-0.999,-0.999,-0.985,0.195,0.994,0.996,0.999,-0.996,0.993,-0.997,0.969,0.982,-0.994,-0.986,0.992,-0.99,0.993,1.0,0.994,-0.983,0.999,-0.982,0.999,0.995,-0.998,-0.999,0.995,-0.998,-0.998,0.997,0.991,-0.82,9.566,5.781,10.436,10.438,10.426,10.529,10.547,10.497,7.563,6.083,10.402,10.377,8.043,7.846,10.41,10.46,EssenceCatalog/problems/csplib-prob010-SocialGolfers/params/0a7275e2e643a1147d80e1a24ae58153.param
-1.0,-0.995,-0.993,-0.992,-0.978,-0.994,-0.998,-1.0,0.983,-0.972,0.999,0.996,-0.996,-0.996,0.992,0.983,0.999,-0.984,0.999,1.0,-0.995,0.997,-0.999,-0.993,0.999,0.993,-1.0,-0.987,-0.991,0.954,-0.998,0.999,1.0,-0.978,0.986,0.995,0.995,0.993,-0.999,0.989,0.999,-0.99,-0.979,-0.998,0.994,0.993,-0.999,0.998,0.989,-0.996,-1.0,0.998,-0.991,1.0,-0.982,-0.993,0.996,-0.999,-0.995,0.978,-0.997,-0.988,-0.985,0.997,-0.997,-1.0,-0.992,-0.996,-0.999,-0.999,-0.978,0.505,0.993,0.995,1.0,-0.996,0.994,-0.996,0.976,0.981,-0.995,-0.989,0.993,-0.984,0.992,1.0,0.991,-0.99,0.999,-0.977,0.999,0.994,-0.998,-0.999,0.995,-0.998,-0.998,0.997,0.992,-0.847,9.576,5.764,10.391,10.389,10.386,10.49,10.522,10.471,7.56,6.07,10.363,10.327,8.049,7.83,10.36,10.414,EssenceCatalog/problems/csplib-prob010-SocialGolfers/params/c5afd2ce38e63b0dfda3287cbcea1cce.param
-0.999,-0.996,0.697,-0.913,0.98,-0.939,-0.996,-0.999,-0.722,0.861,0.995,0.967,-0.992,-0.977,0.974,-0.915,0.997,-0.807,0.994,0.999,-0.987,-0.751,-0.996,0.884,0.999,0.988,-0.999,-0.936,-0.872,0.992,-0.985,1.0,0.998,0.864,0.77,-0.705,0.985,0.704,-0.991,-0.849,0.997,-0.986,-0.87,-0.994,-0.671,0.898,-0.997,0.999,-0.924,-0.978,-0.991,0.998,-0.96,0.998,0.052,-0.994,0.959,0.554,-0.961,0.875,-0.941,-0.944,-0.99,0.987,-0.999,-0.997,0.327,-0.995,-0.997,-0.974,-0.926,-0.979,0.969,0.969,0.999,-0.97,0.855,-0.987,0.972,0.998,-0.524,-0.933,0.963,-0.835,0.931,0.999,-0.945,0.856,0.996,-0.959,0.994,-0.793,-0.995,-0.994,-0.947,-0.997,-0.989,0.998,-0.962,-0.977,4.714,3.65,5.833,10.309,10.636,10.542,10.603,10.573,4.502,3.834,5.925,10.256,4.982,4.63,6.734,10.235,EssenceCatalog/problems/csplib-prob010-SocialGolfers/params/45c77a9b0cbaae12d726b45e1a19790a.param
-0.997,-0.97,-0.897,-0.756,0.92,-0.972,-0.976,-0.998,0.958,0.098,0.989,0.626,-0.988,-0.903,0.849,0.971,0.993,-0.599,0.991,0.995,-0.962,0.986,-0.995,-0.988,0.984,0.919,-0.997,-0.799,-0.91,0.944,-0.978,0.994,0.996,-0.985,0.849,0.974,0.988,0.838,-0.951,0.911,0.995,-0.837,-0.913,-0.989,0.983,0.939,-0.997,0.996,0.988,-0.957,-0.989,0.994,-0.9,0.998,-0.973,-0.889,0.799,0.421,-0.618,0.562,-0.978,-0.79,-0.946,0.974,-0.995,-0.994,-0.71,-0.956,-0.993,-0.977,-0.68,-0.808,0.681,0.985,0.997,-0.978,0.597,-0.974,0.677,0.956,-0.908,-0.78,0.85,-0.952,0.823,0.997,0.866,0.908,0.989,-0.945,0.995,0.964,-0.99,-0.995,0.761,-0.992,-0.993,0.992,-0.837,-0.913,7.094,5.261,10.428,10.457,10.473,10.481,10.455,10.427,6.375,5.464,10.449,10.46,6.634,6.584,10.488,10.436,EssenceCatalog/problems/csplib-prob010-SocialGolfers/params/3e99bc19454da9388564ea94f8dda5e5.param
-0.998,-0.967,-0.947,-0.918,0.793,-0.983,-0.993,-0.998,0.986,-0.306,0.99,0.775,-0.996,-0.93,0.874,0.973,0.992,-0.542,0.985,0.995,-0.962,0.989,-0.994,-0.994,0.997,0.978,-0.997,-0.822,-0.929,0.956,-0.991,0.995,0.996,-0.993,0.801,0.965,0.988,0.909,-0.965,0.918,0.993,-0.931,-0.898,-0.991,0.994,0.936,-0.995,0.996,0.995,-0.965,-0.991,0.994,-0.892,0.997,-0.988,-0.954,0.9,-0.577,-0.838,0.732,-0.984,-0.862,-0.931,0.975,-0.997,-0.992,-0.825,-0.981,-0.99,-0.979,-0.844,-0.922,0.861,0.991,0.998,-0.963,0.59,-0.973,0.355,0.969,-0.891,-0.476,0.856,-0.99,0.794,0.997,0.869,0.826,0.991,-0.933,0.995,0.981,-0.993,-0.997,0.742,-0.994,-0.99,0.995,-0.331,-0.777,7.746,5.408,10.431,10.468,10.451,10.443,10.434,10.362,6.659,5.614,10.449,10.447,6.934,6.998,10.486,10.412,EssenceCatalog/problems/csplib-prob010-SocialGolfers/params/feb6fd87860d3c23e312e1fa5279e3c6.param
-0.997,-0.966,-0.936,-0.887,0.875,-0.979,-0.99,-0.998,0.983,-0.045,0.988,0.711,-0.995,-0.921,0.86,0.972,0.992,-0.512,0.986,0.994,-0.962,0.987,-0.994,-0.993,0.996,0.969,-0.997,-0.798,-0.916,0.958,-0.988,0.995,0.996,-0.992,0.787,0.963,0.987,0.887,-0.955,0.901,0.993,-0.906,-0.895,-0.99,0.993,0.922,-0.995,0.996,0.994,-0.957,-0.989,0.993,-0.888,0.997,-0.987,-0.939,0.831,-0.241,-0.782,0.672,-0.98,-0.838,-0.934,0.972,-0.997,-0.991,-0.755,-0.975,-0.99,-0.977,-0.796,-0.921,0.821,0.989,0.997,-0.961,0.465,-0.969,0.406,0.967,-0.881,-0.514,0.844,-0.987,0.783,0.997,0.824,0.894,0.989,-0.932,0.994,0.976,-0.992,-0.996,0.673,-0.994,-0.99,0.995,-0.605,-0.823,7.374,5.304,10.427,10.455,10.447,10.438,10.423,10.36,6.473,5.499,10.448,10.445,6.733,6.766,10.483,10.411,EssenceCatalog/problems/csplib-prob010-SocialGolfers/params/e392137590a5ab4c4f8700d385b4fac6.param
-0.998,-0.969,-0.95,-0.936,0.522,-0.988,-0.995,-0.999,0.99,-0.844,0.993,0.871,-0.997,-0.946,0.888,0.974,0.993,-0.692,0.991,0.996,-0.96,0.988,-0.996,-0.995,0.999,0.988,-0.998,-0.868,-0.962,0.947,-0.994,0.997,0.998,-0.991,0.919,0.981,0.993,0.94,-0.977,0.961,0.995,-0.964,-0.95,-0.994,0.994,0.984,-0.996,0.996,0.996,-0.983,-0.995,0.996,-0.921,0.998,-0.987,-0.959,0.983,-0.782,-0.855,0.788,-0.989,-0.903,-0.919,0.981,-0.998,-0.996,-0.915,-0.984,-0.991,-0.986,-0.911,-0.905,0.889,0.994,0.998,-0.983,0.838,-0.987,0.359,0.964,-0.925,-0.559,0.887,-0.991,0.87,0.998,0.976,0.726,0.993,-0.965,0.997,0.987,-0.996,-0.998,0.911,-0.996,-0.992,0.996,0.2,-0.666,8.355,5.613,10.467,10.518,10.491,10.489,10.493,10.415,6.992,5.845,10.472,10.482,7.3,7.389,10.514,10.46,EssenceCatalog/problems/csplib-prob010-SocialGolfers/params/7f609ff875c8a49d7e4399bf84287024.param
-0.997,-0.966,-0.932,-0.872,0.888,-0.978,-0.989,-0.998,0.981,-0.038,0.988,0.683,-0.994,-0.919,0.85,0.973,0.992,-0.523,0.986,0.994,-0.961,0.986,-0.994,-0.993,0.995,0.966,-0.996,-0.788,-0.919,0.959,-0.987,0.994,0.995,-0.992,0.805,0.964,0.987,0.881,-0.951,0.903,0.993,-0.894,-0.904,-0.99,0.993,0.927,-0.995,0.996,0.994,-0.958,-0.989,0.993,-0.887,0.997,-0.987,-0.928,0.816,-0.082,-0.754,0.638,-0.979,-0.83,-0.934,0.972,-0.996,-0.991,-0.74,-0.971,-0.99,-0.976,-0.777,-0.917,0.796,0.989,0.997,-0.964,0.439,-0.969,0.425,0.965,-0.886,-0.548,0.839,-0.985,0.788,0.997,0.838,0.911,0.989,-0.935,0.994,0.974,-0.991,-0.996,0.68,-0.993,-0.99,0.994,-0.662,-0.833,7.284,5.289,10.426,10.448,10.446,10.436,10.42,10.361,6.433,5.484,10.446,10.44,6.691,6.717,10.481,10.411,EssenceCatalog/problems/csplib-prob010-SocialGolfers/params/402bb0ba0d3f2bba2e6dada7db5ce3e1.param
-0.998,-0.992,-0.96,-0.813,0.963,-0.957,-0.967,-0.999,0.949,0.987,0.993,0.692,-0.984,-0.964,0.945,0.983,0.998,-0.629,0.992,0.997,-0.992,0.995,-0.997,-0.985,0.955,0.818,-0.998,-0.896,-0.836,0.979,-0.971,0.995,0.993,-0.994,0.62,0.937,0.973,0.862,-0.971,0.677,0.998,-0.568,-0.763,-0.989,0.992,-0.324,-0.998,0.998,0.987,-0.899,-0.987,0.994,-0.959,0.999,-0.991,-0.952,-0.907,0.722,-0.888,0.685,-0.974,-0.855,-0.988,0.981,-0.997,-0.996,-0.147,-0.972,-0.997,-0.983,-0.49,-0.826,0.899,0.959,0.998,-0.864,-0.386,-0.907,0.936,0.993,-0.896,-0.947,0.947,-0.969,0.894,0.997,-0.848,0.749,0.991,-0.809,0.994,0.933,-0.986,-0.994,-0.328,-0.992,-0.997,0.995,-0.969,-0.982,5.381,4.381,10.408,10.335,10.315,10.399,10.334,10.277,5.255,4.543,10.401,10.32,5.543,5.135,10.372,10.338,EssenceCatalog/problems/csplib-prob010-SocialGolfers/params/c103dfcdf1801bb0268c7a5fa8911cbd.param
-0.996,-0.98,-0.903,-0.686,0.978,-0.954,-0.971,-0.998,0.959,0.758,0.988,0.408,-0.984,-0.917,0.845,0.975,0.995,-0.592,0.991,0.994,-0.975,0.98,-0.996,-0.986,0.975,0.895,-0.996,-0.785,-0.883,0.967,-0.972,0.992,0.994,-0.99,0.818,0.967,0.984,0.776,-0.927,0.85,0.996,-0.682,-0.912,-0.991,0.984,0.848,-0.997,0.995,0.988,-0.93,-0.983,0.993,-0.915,0.998,-0.978,-0.852,-0.076,0.894,-0.47,0.46,-0.96,-0.778,-0.964,0.973,-0.995,-0.994,-0.215,-0.94,-0.994,-0.972,-0.549,-0.909,0.61,0.979,0.995,-0.969,-0.201,-0.963,0.77,0.967,-0.894,-0.827,0.85,-0.957,0.842,0.995,0.497,0.976,0.988,-0.933,0.994,0.948,-0.983,-0.991,0.402,-0.992,-0.995,0.99,-0.968,-0.954,5.949,4.837,10.401,10.305,10.339,10.335,10.316,10.317,5.7,5.011,10.404,10.322,5.959,5.789,10.397,10.334,EssenceCatalog/problems/csplib-prob010-SocialGolfers/params/baf201975dcdfc3969a25eed96f87934.param
-0.997,-0.974,-0.88,-0.718,0.959,-0.964,-0.979,-0.998,0.963,0.003,0.989,0.491,-0.987,-0.9,0.815,0.97,0.995,-0.629,0.992,0.994,-0.961,0.974,-0.996,-0.987,0.984,0.935,-0.996,-0.778,-0.919,0.953,-0.975,0.994,0.996,-0.985,0.9,0.977,0.99,0.799,-0.936,0.92,0.996,-0.815,-0.947,-0.992,0.98,0.962,-0.996,0.994,0.988,-0.955,-0.987,0.994,-0.908,0.998,-0.969,-0.837,0.738,0.811,-0.401,0.453,-0.966,-0.802,-0.945,0.973,-0.995,-0.995,-0.494,-0.941,-0.993,-0.975,-0.704,-0.898,0.539,0.985,0.995,-0.985,0.327,-0.98,0.692,0.947,-0.91,-0.79,0.834,-0.955,0.845,0.996,0.9,0.975,0.989,-0.961,0.995,0.961,-0.987,-0.992,0.735,-0.992,-0.994,0.99,-0.927,-0.92,6.731,5.187,10.389,10.386,10.413,10.391,10.382,10.37,6.193,5.388,10.407,10.394,6.442,6.396,10.433,10.382,EssenceCatalog/problems/csplib-prob010-SocialGolfers/params/36c5933fbc06d1cd36a5698cb0c587ef.param
-0.997,-0.971,-0.888,-0.766,0.936,-0.969,-0.984,-0.998,0.97,-0.317,0.99,0.538,-0.989,-0.906,0.812,0.971,0.994,-0.64,0.992,0.994,-0.956,0.977,-0.996,-0.989,0.989,0.95,-0.996,-0.786,-0.932,0.949,-0.979,0.994,0.996,-0.986,0.914,0.98,0.99,0.827,-0.944,0.938,0.996,-0.859,-0.952,-0.992,0.982,0.973,-0.996,0.994,0.99,-0.962,-0.988,0.994,-0.904,0.998,-0.971,-0.858,0.861,0.695,-0.477,0.482,-0.97,-0.814,-0.935,0.973,-0.995,-0.995,-0.61,-0.949,-0.993,-0.976,-0.762,-0.896,0.584,0.988,0.996,-0.987,0.494,-0.983,0.656,0.946,-0.915,-0.763,0.835,-0.961,0.844,0.996,0.941,0.966,0.99,-0.965,0.996,0.97,-0.99,-0.993,0.812,-0.993,-0.994,0.991,-0.879,-0.897,7.025,5.296,10.416,10.438,10.461,10.433,10.43,10.401,6.365,5.508,10.431,10.434,6.615,6.605,10.469,10.426,EssenceCatalog/problems/csplib-prob010-SocialGolfers/params/c07352f8a974b7634d6602a5f39cd700.param
-0.996,-0.991,-0.947,-0.748,0.987,-0.935,-0.971,-0.999,0.959,0.984,0.99,0.513,-0.981,-0.953,0.922,0.978,0.998,-0.559,0.991,0.996,-0.992,0.986,-0.997,-0.985,0.969,0.891,-0.996,-0.88,-0.84,0.979,-0.971,0.993,0.989,-0.994,0.726,0.942,0.979,0.811,-0.947,0.641,0.998,-0.476,-0.861,-0.993,0.991,-0.054,-0.998,0.996,0.987,-0.884,-0.98,0.994,-0.951,0.999,-0.988,-0.901,-0.942,0.957,-0.734,0.622,-0.942,-0.853,-0.986,0.978,-0.996,-0.995,0.47,-0.961,-0.996,-0.973,-0.471,-0.948,0.795,0.962,0.996,-0.909,-0.797,-0.92,0.912,0.987,-0.879,-0.92,0.921,-0.967,0.894,0.995,-0.783,0.975,0.99,-0.878,0.993,0.915,-0.98,-0.987,-0.529,-0.992,-0.997,0.991,-0.991,-0.98,4.929,4.3,10.332,10.274,10.251,10.312,10.263,10.21,5.007,4.437,10.311,10.262,5.287,4.897,10.273,10.299,EssenceCatalog/problems/csplib-prob010-SocialGolfers/params/3ebed4f2f51162bd57ad35514e32ad9b.param
-1.0,-0.994,-0.989,-0.971,-0.722,-0.99,-0.994,-1.0,0.965,0.422,0.998,0.981,-0.995,-0.992,0.982,0.994,0.999,-0.954,0.998,0.999,-0.994,0.999,-0.999,-0.992,0.993,0.953,-0.999,-0.974,-0.973,0.976,-0.995,0.999,0.999,-0.989,0.934,0.986,0.988,0.976,-0.997,0.964,0.999,-0.937,-0.892,-0.994,0.996,0.856,-0.999,0.999,0.991,-0.99,-0.999,0.997,-0.985,1.0,-0.988,-0.991,0.854,-0.987,-0.988,0.938,-0.996,-0.965,-0.991,0.995,-0.998,-0.999,-0.98,-0.991,-0.999,-0.997,-0.886,0.398,0.985,0.987,0.999,-0.983,0.97,-0.987,0.973,0.991,-0.983,-0.984,0.987,-0.979,0.973,0.999,0.58,-0.976,0.998,-0.889,0.998,0.989,-0.995,-0.999,0.949,-0.996,-0.998,0.998,0.852,-0.974,9.054,5.555,10.434,10.438,10.418,10.577,10.565,10.534,7.257,5.816,10.449,10.429,7.733,7.438,10.445,10.44,EssenceCatalog/problems/csplib-prob010-SocialGolfers/params/ba6bf8da482721a26f46ba78b13e1ec9.param
-0.997,-0.993,-0.963,-0.827,0.98,-0.945,-0.976,-0.999,0.964,0.991,0.992,0.664,-0.985,-0.965,0.944,0.978,0.998,-0.569,0.99,0.997,-0.994,0.991,-0.997,-0.986,0.972,0.897,-0.996,-0.906,-0.82,0.983,-0.975,0.994,0.99,-0.995,0.623,0.912,0.975,0.856,-0.963,0.535,0.998,-0.543,-0.793,-0.992,0.993,-0.504,-0.998,0.997,0.988,-0.873,-0.984,0.994,-0.961,0.999,-0.992,-0.946,-0.968,0.891,-0.872,0.711,-0.954,-0.879,-0.989,0.98,-0.997,-0.995,0.389,-0.975,-0.997,-0.977,-0.526,-0.94,0.896,0.958,0.998,-0.833,-0.807,-0.886,0.93,0.992,-0.872,-0.931,0.943,-0.98,0.897,0.996,-0.924,0.932,0.99,-0.813,0.993,0.914,-0.983,-0.991,-0.685,-0.993,-0.997,0.994,-0.986,-0.981,4.937,4.237,10.341,10.309,10.269,10.344,10.284,10.218,4.985,4.376,10.323,10.284,5.272,4.847,10.289,10.318,EssenceCatalog/problems/csplib-prob010-SocialGolfers/params/f64e039106572c1a3844c02700a34d07.param
-0.996,-0.973,-0.934,-0.847,0.934,-0.972,-0.985,-0.998,0.974,0.618,0.987,0.63,-0.992,-0.922,0.869,0.973,0.993,-0.491,0.985,0.994,-0.97,0.987,-0.994,-0.99,0.991,0.942,-0.996,-0.786,-0.882,0.966,-0.983,0.994,0.994,-0.992,0.695,0.949,0.982,0.857,-0.946,0.832,0.993,-0.833,-0.854,-0.989,0.992,0.802,-0.996,0.996,0.992,-0.936,-0.986,0.992,-0.891,0.997,-0.987,-0.928,0.373,0.243,-0.764,0.621,-0.974,-0.812,-0.955,0.971,-0.996,-0.991,-0.598,-0.969,-0.991,-0.974,-0.682,-0.911,0.799,0.984,0.997,-0.943,0.14,-0.953,0.565,0.972,-0.869,-0.639,0.85,-0.982,0.772,0.996,0.483,0.915,0.988,-0.902,0.993,0.963,-0.988,-0.995,0.403,-0.993,-0.991,0.994,-0.841,-0.902,6.614,5.015,10.434,10.419,10.415,10.429,10.394,10.353,6.042,5.184,10.451,10.422,6.3,6.21,10.465,10.401,EssenceCatalog/problems/csplib-prob010-SocialGolfers/params/317006996892bedfdc18800a2ec86a77.param
-0.997,-0.969,-0.942,-0.883,0.831,-0.979,-0.987,-0.998,0.974,0.36,0.989,0.759,-0.994,-0.925,0.887,0.974,0.992,-0.533,0.986,0.995,-0.968,0.991,-0.993,-0.991,0.993,0.952,-0.997,-0.812,-0.897,0.957,-0.986,0.995,0.996,-0.991,0.689,0.954,0.983,0.893,-0.963,0.868,0.993,-0.882,-0.837,-0.988,0.993,0.838,-0.996,0.997,0.993,-0.951,-0.99,0.992,-0.895,0.997,-0.987,-0.947,0.708,-0.462,-0.845,0.707,-0.981,-0.826,-0.95,0.973,-0.997,-0.992,-0.805,-0.977,-0.991,-0.979,-0.736,-0.854,0.858,0.986,0.998,-0.946,0.557,-0.958,0.542,0.972,-0.883,-0.636,0.867,-0.982,0.782,0.997,0.646,0.729,0.989,-0.901,0.993,0.971,-0.991,-0.997,0.612,-0.993,-0.99,0.995,-0.548,-0.877,7.393,5.239,10.442,10.472,10.447,10.478,10.441,10.395,6.454,5.432,10.456,10.464,6.731,6.687,10.491,10.416,EssenceCatalog/problems/csplib-prob010-SocialGolfers/params/8240b00030acd3feac243ab98233196a.param
-0.998,-0.988,-0.96,-0.807,0.946,-0.962,-0.966,-0.999,0.954,0.972,0.991,0.688,-0.985,-0.956,0.935,0.984,0.997,-0.619,0.99,0.997,-0.989,0.995,-0.996,-0.987,0.962,0.833,-0.997,-0.877,-0.838,0.974,-0.974,0.994,0.993,-0.993,0.598,0.942,0.973,0.866,-0.968,0.725,0.997,-0.623,-0.752,-0.987,0.993,-0.015,-0.998,0.998,0.988,-0.912,-0.987,0.993,-0.946,0.999,-0.99,-0.943,-0.788,0.511,-0.872,0.67,-0.974,-0.842,-0.984,0.979,-0.997,-0.995,-0.412,-0.971,-0.996,-0.981,-0.514,-0.799,0.879,0.965,0.997,-0.884,-0.128,-0.916,0.893,0.988,-0.893,-0.92,0.932,-0.969,0.87,0.997,-0.658,0.708,0.99,-0.821,0.993,0.945,-0.986,-0.994,-0.081,-0.991,-0.995,0.994,-0.94,-0.973,5.726,4.523,10.438,10.359,10.35,10.417,10.363,10.312,5.464,4.686,10.431,10.347,5.749,5.388,10.411,10.362,EssenceCatalog/problems/csplib-prob010-SocialGolfers/params/cc973368dafdb410377190920fb4869b.param
-0.997,-0.992,-0.951,-0.743,0.989,-0.937,-0.97,-0.999,0.958,0.987,0.99,0.518,-0.98,-0.959,0.927,0.978,0.998,-0.583,0.991,0.997,-0.992,0.986,-0.998,-0.985,0.966,0.884,-0.996,-0.883,-0.837,0.982,-0.97,0.993,0.989,-0.994,0.729,0.943,0.98,0.828,-0.952,0.62,0.998,-0.453,-0.867,-0.994,0.99,-0.114,-0.998,0.996,0.987,-0.885,-0.982,0.994,-0.957,0.999,-0.988,-0.905,-0.954,0.959,-0.751,0.609,-0.941,-0.865,-0.987,0.98,-0.996,-0.995,0.519,-0.963,-0.996,-0.974,-0.46,-0.948,0.804,0.959,0.997,-0.904,-0.839,-0.919,0.918,0.988,-0.883,-0.925,0.927,-0.968,0.898,0.995,-0.816,0.976,0.99,-0.873,0.993,0.913,-0.979,-0.986,-0.583,-0.993,-0.997,0.991,-0.991,-0.981,4.887,4.278,10.327,10.274,10.25,10.312,10.263,10.211,4.977,4.414,10.304,10.26,5.259,4.859,10.267,10.3,EssenceCatalog/problems/csplib-prob010-SocialGolfers/params/4f9eecf8537445f5f2a9ad6db02702f0.param
-0.998,-0.965,-0.947,-0.917,0.727,-0.985,-0.993,-0.998,0.988,-0.557,0.99,0.795,-0.996,-0.933,0.871,0.975,0.992,-0.578,0.987,0.995,-0.96,0.99,-0.994,-0.995,0.997,0.981,-0.997,-0.826,-0.943,0.954,-0.991,0.996,0.997,-0.993,0.852,0.973,0.99,0.92,-0.966,0.941,0.993,-0.942,-0.919,-0.992,0.995,0.958,-0.995,0.996,0.996,-0.971,-0.992,0.994,-0.897,0.997,-0.989,-0.951,0.943,-0.633,-0.833,0.74,-0.986,-0.867,-0.921,0.976,-0.997,-0.993,-0.863,-0.98,-0.99,-0.981,-0.858,-0.913,0.867,0.992,0.998,-0.971,0.683,-0.977,0.345,0.967,-0.904,-0.491,0.861,-0.99,0.82,0.997,0.927,0.807,0.991,-0.946,0.995,0.984,-0.994,-0.997,0.822,-0.994,-0.99,0.996,-0.182,-0.737,7.951,5.483,10.43,10.471,10.454,10.443,10.441,10.363,6.773,5.699,10.445,10.444,7.056,7.14,10.484,10.414,EssenceCatalog/problems/csplib-prob010-SocialGolfers/params/1443dc81149b81f26c169173dd6dc9fa.param
-0.996,-0.985,-0.925,-0.648,0.983,-0.942,-0.961,-0.999,0.953,0.931,0.989,0.388,-0.978,-0.929,0.877,0.981,0.997,-0.608,0.992,0.995,-0.984,0.985,-0.997,-0.986,0.957,0.846,-0.996,-0.834,-0.867,0.97,-0.967,0.992,0.992,-0.992,0.792,0.965,0.982,0.768,-0.933,0.808,0.997,-0.525,-0.89,-0.991,0.987,0.617,-0.998,0.996,0.987,-0.911,-0.981,0.993,-0.93,0.998,-0.982,-0.842,-0.676,0.941,-0.537,0.508,-0.953,-0.793,-0.976,0.976,-0.995,-0.994,0.019,-0.939,-0.995,-0.972,-0.446,-0.899,0.651,0.971,0.995,-0.955,-0.454,-0.95,0.865,0.976,-0.897,-0.901,0.884,-0.947,0.872,0.995,-0.037,0.973,0.988,-0.916,0.994,0.939,-0.98,-0.989,0.087,-0.991,-0.996,0.989,-0.984,-0.973,5.448,4.585,10.38,10.258,10.278,10.298,10.276,10.266,5.373,4.75,10.365,10.262,5.637,5.356,10.337,10.301,EssenceCatalog/problems/csplib-prob010-SocialGolfers/params/b07bdc4fb5fb3f9b96df916fdfda673d.param
-0.996,-0.987,-0.931,-0.726,0.985,-0.943,-0.973,-0.999,0.961,0.945,0.988,0.422,-0.983,-0.938,0.882,0.977,0.997,-0.573,0.99,0.995,-0.985,0.983,-0.997,-0.987,0.973,0.891,-0.995,-0.827,-0.862,0.976,-0.972,0.992,0.991,-0.993,0.756,0.953,0.981,0.78,-0.934,0.758,0.997,-0.557,-0.885,-0.992,0.989,0.525,-0.997,0.996,0.988,-0.905,-0.981,0.993,-0.932,0.998,-0.985,-0.87,-0.766,0.937,-0.601,0.52,-0.949,-0.815,-0.977,0.975,-0.996,-0.993,0.157,-0.949,-0.995,-0.972,-0.491,-0.937,0.701,0.972,0.996,-0.945,-0.612,-0.943,0.843,0.978,-0.883,-0.873,0.885,-0.964,0.863,0.995,-0.254,0.979,0.989,-0.905,0.993,0.936,-0.98,-0.989,-0.104,-0.992,-0.996,0.99,-0.984,-0.969,5.291,4.51,10.378,10.282,10.281,10.312,10.281,10.244,5.264,4.662,10.361,10.277,5.528,5.235,10.33,10.316,EssenceCatalog/problems/csplib-prob010-SocialGolfers/params/029475c470abef2d60ace8f6200db50f.param
-0.996,-0.987,-0.927,-0.708,0.985,-0.948,-0.97,-0.999,0.958,0.943,0.988,0.436,-0.983,-0.937,0.886,0.977,0.997,-0.574,0.991,0.995,-0.985,0.984,-0.997,-0.986,0.97,0.88,-0.996,-0.826,-0.858,0.976,-0.971,0.992,0.992,-0.992,0.758,0.953,0.981,0.788,-0.933,0.758,0.997,-0.571,-0.883,-0.992,0.988,0.543,-0.997,0.996,0.988,-0.908,-0.982,0.993,-0.931,0.998,-0.984,-0.875,-0.735,0.936,-0.601,0.522,-0.953,-0.806,-0.977,0.976,-0.996,-0.994,0.112,-0.95,-0.995,-0.972,-0.472,-0.928,0.708,0.972,0.996,-0.945,-0.582,-0.945,0.845,0.98,-0.883,-0.875,0.884,-0.963,0.864,0.995,-0.253,0.977,0.989,-0.907,0.993,0.933,-0.982,-0.99,-0.089,-0.992,-0.996,0.991,-0.984,-0.97,5.321,4.521,10.377,10.284,10.285,10.318,10.287,10.248,5.283,4.673,10.363,10.28,5.546,5.256,10.332,10.318,EssenceCatalog/problems/csplib-prob010-SocialGolfers/params/9b6c997e6e389445707649a1d7f9eb44.param
-0.999,-0.99,-0.971,-0.894,0.801,-0.967,-0.978,-0.999,0.944,0.968,0.994,0.853,-0.989,-0.97,0.954,0.985,0.997,-0.742,0.991,0.998,-0.991,0.996,-0.996,-0.984,0.97,0.864,-0.998,-0.912,-0.861,0.976,-0.981,0.997,0.996,-0.99,0.567,0.924,0.97,0.894,-0.985,0.748,0.997,-0.697,-0.67,-0.986,0.992,-0.14,-0.998,0.998,0.984,-0.937,-0.993,0.994,-0.963,0.999,-0.989,-0.971,-0.686,-0.399,-0.949,0.787,-0.983,-0.878,-0.988,0.982,-0.997,-0.997,-0.721,-0.981,-0.996,-0.987,-0.624,-0.653,0.946,0.965,0.998,-0.873,0.378,-0.917,0.928,0.991,-0.911,-0.954,0.957,-0.972,0.895,0.998,-0.733,-0.219,0.992,-0.775,0.994,0.953,-0.989,-0.997,0.164,-0.992,-0.996,0.995,-0.766,-0.976,6.589,4.671,10.437,10.378,10.376,10.465,10.393,10.341,5.871,4.86,10.427,10.358,6.198,5.789,10.419,10.349,EssenceCatalog/problems/csplib-prob010-SocialGolfers/params/ord32-6-10-6.param
-0.998,-0.969,-0.921,-0.854,0.775,-0.98,-0.99,-0.999,0.982,-0.816,0.993,0.724,-0.993,-0.926,0.843,0.976,0.994,-0.725,0.993,0.995,-0.949,0.985,-0.997,-0.993,0.995,0.974,-0.997,-0.837,-0.956,0.936,-0.986,0.996,0.998,-0.986,0.948,0.987,0.993,0.897,-0.965,0.97,0.996,-0.933,-0.965,-0.993,0.987,0.988,-0.997,0.995,0.993,-0.978,-0.993,0.995,-0.922,0.998,-0.976,-0.906,0.969,0.079,-0.657,0.63,-0.982,-0.868,-0.92,0.978,-0.996,-0.996,-0.837,-0.968,-0.993,-0.983,-0.867,-0.861,0.725,0.991,0.997,-0.991,0.788,-0.989,0.603,0.945,-0.934,-0.758,0.869,-0.97,0.879,0.998,0.984,0.907,0.992,-0.973,0.997,0.983,-0.994,-0.996,0.93,-0.994,-0.994,0.994,-0.553,-0.83,7.78,5.528,10.517,10.571,10.578,10.554,10.554,10.504,6.773,5.763,10.523,10.546,7.043,7.082,10.578,10.542,EssenceCatalog/problems/csplib-prob010-SocialGolfers/params/73410a11ce746104538dfde8d9377276.param
-1.0,-0.997,-0.995,-0.992,-0.965,-0.995,-0.998,-1.0,0.99,-0.952,0.999,0.994,-0.996,-0.997,0.994,0.992,0.999,-0.988,0.999,1.0,-0.996,0.998,-1.0,-0.995,0.998,0.99,-1.0,-0.988,-0.992,0.972,-0.998,1.0,1.0,-0.99,0.992,0.997,0.996,0.992,-0.999,0.995,1.0,-0.989,-0.988,-0.999,0.997,0.995,-1.0,0.999,0.994,-0.997,-1.0,0.998,-0.995,1.0,-0.987,-0.994,0.995,-0.996,-0.993,0.977,-0.997,-0.988,-0.989,0.997,-0.998,-1.0,-0.991,-0.996,-0.999,-0.999,-0.975,0.688,0.99,0.993,1.0,-0.998,0.992,-0.997,0.989,0.989,-0.996,-0.994,0.994,-0.984,0.994,1.0,0.993,-0.983,0.999,-0.983,0.999,0.996,-0.998,-1.0,0.996,-0.998,-0.999,0.998,0.973,-0.959,9.585,5.766,10.404,10.394,10.402,10.506,10.541,10.495,7.572,6.077,10.384,10.335,8.067,7.831,10.374,10.425,EssenceCatalog/problems/csplib-prob010-SocialGolfers/params/3dcf29004954a8e350abab7d6238dfe8.param
-0.999,-0.974,-0.909,-0.699,0.861,-0.972,-0.955,-0.999,0.928,0.155,0.992,0.691,-0.98,-0.914,0.873,0.979,0.994,-0.709,0.993,0.996,-0.965,0.992,-0.995,-0.985,0.951,0.796,-0.998,-0.84,-0.916,0.928,-0.969,0.995,0.997,-0.978,0.868,0.982,0.988,0.861,-0.971,0.934,0.996,-0.798,-0.906,-0.986,0.976,0.932,-0.998,0.996,0.981,-0.963,-0.993,0.994,-0.924,0.998,-0.961,-0.885,0.82,0.204,-0.708,0.573,-0.983,-0.794,-0.957,0.98,-0.993,-0.996,-0.856,-0.952,-0.995,-0.985,-0.597,-0.36,0.668,0.978,0.996,-0.982,0.792,-0.976,0.799,0.944,-0.936,-0.895,0.886,-0.889,0.863,0.997,0.891,0.653,0.99,-0.925,0.996,0.967,-0.99,-0.995,0.873,-0.989,-0.994,0.991,-0.743,-0.933,7.414,5.303,10.387,10.402,10.431,10.471,10.456,10.454,6.533,5.525,10.414,10.406,6.823,6.695,10.449,10.382,EssenceCatalog/problems/csplib-prob010-SocialGolfers/params/f23b740ba278a66c3b9a076f2acde44e.param
-0.997,-0.987,-0.93,-0.715,0.982,-0.951,-0.969,-0.999,0.955,0.94,0.989,0.434,-0.984,-0.94,0.887,0.976,0.996,-0.593,0.991,0.996,-0.984,0.986,-0.997,-0.985,0.966,0.873,-0.996,-0.821,-0.852,0.977,-0.971,0.993,0.993,-0.992,0.725,0.95,0.98,0.811,-0.942,0.756,0.997,-0.594,-0.871,-0.991,0.986,0.514,-0.998,0.997,0.986,-0.91,-0.984,0.994,-0.932,0.998,-0.984,-0.904,-0.701,0.9,-0.669,0.531,-0.96,-0.803,-0.977,0.977,-0.996,-0.994,0.012,-0.955,-0.995,-0.974,-0.491,-0.912,0.741,0.971,0.997,-0.942,-0.515,-0.942,0.849,0.981,-0.889,-0.87,0.888,-0.959,0.858,0.996,-0.287,0.963,0.99,-0.888,0.994,0.933,-0.984,-0.991,-0.002,-0.993,-0.996,0.992,-0.977,-0.97,5.417,4.546,10.398,10.306,10.311,10.344,10.315,10.273,5.336,4.702,10.386,10.302,5.602,5.313,10.359,10.34,EssenceCatalog/problems/csplib-prob010-SocialGolfers/params/de7b225d30cb020aea1d2cf4fb0737b8.param
-0.997,-0.978,-0.91,-0.663,0.96,-0.961,-0.96,-0.999,0.945,0.703,0.989,0.519,-0.982,-0.913,0.86,0.98,0.995,-0.623,0.992,0.995,-0.973,0.988,-0.995,-0.986,0.963,0.843,-0.997,-0.81,-0.888,0.956,-0.969,0.993,0.995,-0.987,0.821,0.972,0.985,0.807,-0.945,0.883,0.996,-0.689,-0.897,-0.989,0.983,0.862,-0.997,0.996,0.986,-0.94,-0.987,0.993,-0.914,0.998,-0.975,-0.848,0.251,0.756,-0.556,0.488,-0.971,-0.776,-0.964,0.975,-0.994,-0.994,-0.548,-0.941,-0.994,-0.977,-0.525,-0.78,0.625,0.978,0.995,-0.971,0.27,-0.965,0.787,0.961,-0.911,-0.866,0.867,-0.934,0.842,0.996,0.661,0.929,0.988,-0.929,0.995,0.955,-0.985,-0.993,0.591,-0.99,-0.995,0.99,-0.939,-0.954,6.434,5.005,10.424,10.364,10.4,10.418,10.386,10.404,5.993,5.189,10.441,10.389,6.254,6.091,10.448,10.377,EssenceCatalog/problems/csplib-prob010-SocialGolfers/params/30a02b20e1df46c9a56f77a017579fa4.param
-1.0,-0.995,-0.994,-0.994,-0.971,-0.995,-0.999,-1.0,0.993,-0.983,0.999,0.993,-0.998,-0.996,0.989,0.985,0.998,-0.981,0.999,1.0,-0.993,0.997,-0.999,-0.997,1.0,0.996,-0.999,-0.982,-0.992,0.962,-0.998,0.999,1.0,-0.988,0.985,0.995,0.997,0.993,-0.999,0.992,0.999,-0.993,-0.985,-0.999,0.997,0.996,-0.999,0.998,0.996,-0.997,-1.0,0.999,-0.991,1.0,-0.992,-0.994,0.997,-0.998,-0.993,0.976,-0.998,-0.987,-0.98,0.997,-0.998,-1.0,-0.992,-0.996,-0.998,-0.998,-0.985,-0.046,0.994,0.997,1.0,-0.996,0.991,-0.997,0.945,0.984,-0.993,-0.976,0.99,-0.993,0.992,1.0,0.995,-0.972,0.999,-0.98,0.999,0.996,-0.999,-0.999,0.995,-0.998,-0.998,0.998,0.99,-0.764,9.55,5.79,10.461,10.464,10.445,10.545,10.555,10.504,7.557,6.087,10.421,10.403,8.029,7.853,10.437,10.483,EssenceCatalog/problems/csplib-prob010-SocialGolfers/params/1e0dff26d92091d583098051d037938b.param
-0.999,-0.99,-0.977,-0.89,0.737,-0.972,-0.973,-0.999,0.959,0.969,0.994,0.852,-0.989,-0.973,0.953,0.993,0.998,-0.793,0.993,0.998,-0.991,0.998,-0.996,-0.99,0.948,0.785,-0.998,-0.931,-0.89,0.972,-0.981,0.996,0.996,-0.994,0.672,0.956,0.974,0.901,-0.986,0.846,0.998,-0.645,-0.717,-0.986,0.995,-0.02,-0.999,0.998,0.991,-0.942,-0.994,0.994,-0.969,0.999,-0.992,-0.962,-0.7,-0.4,-0.937,0.782,-0.985,-0.892,-0.988,0.985,-0.996,-0.998,-0.806,-0.974,-0.997,-0.989,-0.618,-0.445,0.933,0.967,0.998,-0.902,0.398,-0.934,0.939,0.99,-0.929,-0.961,0.959,-0.971,0.921,0.998,-0.61,-0.369,0.992,-0.771,0.995,0.971,-0.985,-0.996,0.361,-0.99,-0.996,0.994,-0.73,-0.979,6.798,4.751,10.478,10.372,10.395,10.484,10.426,10.392,6.001,4.95,10.475,10.359,6.339,5.919,10.459,10.364,EssenceCatalog/problems/csplib-prob010-SocialGolfers/params/03ed772479441587cdc0677894b3ab73.param
-0.998,-0.989,-0.966,-0.816,0.898,-0.969,-0.962,-0.999,0.952,0.969,0.993,0.736,-0.984,-0.963,0.938,0.99,0.997,-0.716,0.993,0.997,-0.989,0.997,-0.996,-0.988,0.931,0.734,-0.998,-0.891,-0.866,0.972,-0.973,0.995,0.995,-0.993,0.658,0.958,0.972,0.881,-0.975,0.826,0.997,-0.583,-0.761,-0.985,0.993,0.112,-0.998,0.998,0.989,-0.928,-0.99,0.994,-0.958,0.999,-0.99,-0.948,-0.732,0.257,-0.89,0.691,-0.981,-0.849,-0.984,0.983,-0.996,-0.996,-0.663,-0.966,-0.996,-0.985,-0.491,-0.564,0.885,0.962,0.998,-0.906,0.165,-0.93,0.923,0.989,-0.926,-0.948,0.94,-0.96,0.902,0.997,-0.535,0.283,0.991,-0.807,0.995,0.963,-0.987,-0.995,0.247,-0.99,-0.996,0.994,-0.898,-0.979,6.211,4.659,10.469,10.357,10.386,10.45,10.404,10.368,5.728,4.832,10.467,10.35,6.032,5.647,10.448,10.368,EssenceCatalog/problems/csplib-prob010-SocialGolfers/params/1a2ea6c1e796f72664f52c3b2d8a4348.param
-0.997,-0.978,-0.946,-0.887,0.924,-0.972,-0.988,-0.998,0.972,0.795,0.988,0.694,-0.994,-0.934,0.894,0.968,0.994,-0.485,0.982,0.995,-0.975,0.988,-0.994,-0.989,0.992,0.947,-0.996,-0.802,-0.855,0.974,-0.985,0.994,0.994,-0.992,0.548,0.916,0.977,0.871,-0.957,0.755,0.993,-0.838,-0.778,-0.988,0.993,0.547,-0.996,0.997,0.991,-0.924,-0.986,0.992,-0.9,0.997,-0.99,-0.952,0.001,-0.035,-0.854,0.682,-0.975,-0.828,-0.967,0.972,-0.997,-0.991,-0.566,-0.977,-0.991,-0.975,-0.681,-0.916,0.875,0.981,0.998,-0.904,0.004,-0.932,0.615,0.981,-0.854,-0.668,0.877,-0.987,0.762,0.996,-0.051,0.848,0.988,-0.846,0.991,0.956,-0.988,-0.996,0.139,-0.993,-0.991,0.995,-0.818,-0.915,6.368,4.821,10.413,10.386,10.363,10.392,10.351,10.294,5.842,4.981,10.42,10.381,6.109,5.94,10.421,10.36,EssenceCatalog/problems/csplib-prob010-SocialGolfers/params/88d938795cb9b5b85b1788f927002c6c.param
-0.999,-0.975,-0.964,-0.929,0.035,-0.989,-0.993,-0.999,0.989,-0.87,0.996,0.883,-0.995,-0.955,0.903,0.985,0.994,-0.793,0.994,0.998,-0.966,0.996,-0.997,-0.996,0.996,0.977,-0.998,-0.9,-0.966,0.909,-0.993,0.997,0.999,-0.992,0.932,0.989,0.994,0.948,-0.988,0.979,0.996,-0.956,-0.946,-0.993,0.994,0.982,-0.998,0.996,0.996,-0.984,-0.997,0.996,-0.943,0.999,-0.984,-0.959,0.984,-0.883,-0.907,0.803,-0.993,-0.909,-0.931,0.986,-0.997,-0.997,-0.958,-0.984,-0.993,-0.991,-0.906,-0.656,0.902,0.993,0.999,-0.987,0.934,-0.99,0.62,0.951,-0.956,-0.78,0.911,-0.973,0.918,0.999,0.984,0.076,0.995,-0.957,0.998,0.992,-0.996,-0.998,0.971,-0.995,-0.994,0.996,0.464,-0.736,8.769,5.663,10.44,10.47,10.44,10.485,10.481,10.423,7.184,5.925,10.421,10.426,7.547,7.535,10.463,10.432,EssenceCatalog/problems/csplib-prob010-SocialGolfers/params/62bf9244739de002c36f860ec816a26d.param
-0.996,-0.976,-0.894,-0.722,0.967,-0.961,-0.977,-0.998,0.963,0.472,0.988,0.433,-0.987,-0.911,0.828,0.973,0.994,-0.59,0.991,0.994,-0.967,0.98,-0.996,-0.987,0.981,0.921,-0.996,-0.769,-0.899,0.962,-0.975,0.993,0.995,-0.989,0.843,0.97,0.986,0.787,-0.93,0.887,0.995,-0.765,-0.922,-0.991,0.984,0.917,-0.996,0.995,0.989,-0.943,-0.985,0.993,-0.901,0.997,-0.976,-0.868,0.434,0.82,-0.485,0.454,-0.966,-0.777,-0.953,0.972,-0.995,-0.993,-0.395,-0.943,-0.993,-0.972,-0.632,-0.904,0.61,0.983,0.996,-0.976,0.097,-0.97,0.713,0.962,-0.897,-0.782,0.834,-0.959,0.826,0.996,0.745,0.971,0.989,-0.943,0.994,0.958,-0.987,-0.992,0.604,-0.993,-0.994,0.991,-0.943,-0.936,6.398,5.033,10.401,10.355,10.389,10.38,10.357,10.35,5.979,5.218,10.419,10.373,6.233,6.135,10.431,10.365,EssenceCatalog/problems/csplib-prob010-SocialGolfers/params/d9aac1f4c0cc888f2e93bdaab075c0df.param
-0.997,-0.972,-0.888,-0.702,0.948,-0.963,-0.972,-0.999,0.955,-0.019,0.99,0.527,-0.984,-0.903,0.821,0.974,0.994,-0.663,0.993,0.994,-0.959,0.978,-0.996,-0.988,0.976,0.908,-0.996,-0.801,-0.921,0.94,-0.972,0.993,0.996,-0.982,0.905,0.981,0.99,0.802,-0.949,0.93,0.996,-0.793,-0.946,-0.991,0.976,0.962,-0.997,0.994,0.986,-0.959,-0.99,0.994,-0.914,0.998,-0.962,-0.807,0.742,0.785,-0.435,0.47,-0.968,-0.806,-0.95,0.976,-0.993,-0.995,-0.613,-0.939,-0.994,-0.979,-0.688,-0.824,0.477,0.984,0.995,-0.986,0.486,-0.981,0.723,0.932,-0.921,-0.842,0.842,-0.933,0.854,0.996,0.923,0.958,0.99,-0.959,0.996,0.962,-0.987,-0.992,0.794,-0.991,-0.995,0.988,-0.91,-0.918,6.861,5.225,10.396,10.392,10.421,10.405,10.402,10.401,6.274,5.434,10.412,10.399,6.525,6.465,10.442,10.388,EssenceCatalog/problems/csplib-prob010-SocialGolfers/params/5f2c8fb8f18664ebb89cd43f390144a5.param
-0.998,-0.997,0.97,-0.531,0.992,-0.856,-0.967,-0.998,-0.979,0.789,0.994,0.928,-0.87,-0.966,0.972,-0.987,0.994,-0.834,0.997,0.998,-0.982,-0.969,-0.996,0.992,0.998,0.975,-0.998,-0.935,-0.778,0.986,-0.941,0.999,0.996,0.989,0.886,-0.741,0.98,0.447,-0.991,-0.946,0.997,-0.98,-0.931,-0.991,-0.986,0.975,-0.996,0.998,-0.996,-0.977,-0.988,0.998,-0.932,0.996,0.916,-0.991,0.993,0.954,-0.92,0.842,-0.895,-0.895,-0.983,0.977,-0.997,-0.995,0.857,-0.986,-0.995,-0.967,-0.919,-0.964,0.897,0.915,0.999,-0.99,0.945,-0.991,0.983,0.996,-0.569,-0.94,0.962,0.474,0.913,0.998,-0.927,0.943,0.994,-0.984,0.994,-0.975,-0.995,-0.974,-0.964,-0.996,-0.988,0.995,-0.985,-0.975,4.229,3.348,4.815,10.064,10.522,10.395,10.537,10.607,4.134,3.598,4.886,10.043,4.691,4.279,5.821,10.024,EssenceCatalog/problems/csplib-prob010-SocialGolfers/params/6eb7cd514e400a45297943429fecbcd8.param
-0.997,-0.979,-0.946,-0.856,0.909,-0.973,-0.981,-0.998,0.965,0.847,0.989,0.711,-0.991,-0.938,0.906,0.976,0.994,-0.542,0.986,0.996,-0.978,0.992,-0.994,-0.988,0.985,0.915,-0.997,-0.818,-0.855,0.971,-0.982,0.994,0.994,-0.992,0.563,0.935,0.976,0.876,-0.961,0.775,0.994,-0.801,-0.763,-0.986,0.992,0.511,-0.997,0.997,0.99,-0.929,-0.987,0.992,-0.91,0.998,-0.989,-0.948,-0.077,-0.03,-0.858,0.676,-0.978,-0.821,-0.97,0.974,-0.997,-0.992,-0.641,-0.974,-0.993,-0.979,-0.625,-0.839,0.875,0.978,0.998,-0.907,0.184,-0.932,0.716,0.981,-0.876,-0.767,0.891,-0.98,0.796,0.997,-0.061,0.736,0.988,-0.843,0.992,0.957,-0.988,-0.996,0.238,-0.992,-0.992,0.995,-0.816,-0.935,6.477,4.846,10.44,10.41,10.395,10.438,10.391,10.346,5.908,5.012,10.446,10.408,6.184,5.976,10.449,10.385,EssenceCatalog/problems/csplib-prob010-SocialGolfers/params/c3103449cd815ed311eecab6061a6dbe.param
-0.999,-0.991,-0.974,-0.887,0.83,-0.967,-0.975,-0.999,0.951,0.981,0.994,0.851,-0.988,-0.973,0.958,0.99,0.998,-0.755,0.992,0.998,-0.992,0.997,-0.997,-0.987,0.96,0.83,-0.998,-0.926,-0.872,0.976,-0.979,0.996,0.995,-0.993,0.613,0.937,0.972,0.891,-0.984,0.752,0.998,-0.632,-0.695,-0.987,0.994,-0.254,-0.999,0.998,0.988,-0.932,-0.993,0.994,-0.97,0.999,-0.991,-0.966,-0.816,-0.174,-0.941,0.777,-0.982,-0.89,-0.989,0.985,-0.997,-0.997,-0.662,-0.979,-0.997,-0.988,-0.633,-0.633,0.94,0.963,0.998,-0.871,0.2,-0.921,0.941,0.992,-0.916,-0.962,0.96,-0.974,0.912,0.998,-0.798,-0.157,0.991,-0.777,0.995,0.956,-0.986,-0.996,0.015,-0.991,-0.996,0.995,-0.843,-0.981,6.338,4.592,10.455,10.37,10.376,10.462,10.39,10.338,5.737,4.773,10.447,10.35,6.06,5.626,10.428,10.358,EssenceCatalog/problems/csplib-prob010-SocialGolfers/params/e992c27901c135fdc87d9ed779fedd02.param
-1.0,-0.995,-0.995,-0.994,-0.977,-0.994,-0.999,-1.0,0.994,-0.982,0.999,0.994,-0.998,-0.997,0.991,0.987,0.999,-0.985,0.999,1.0,-0.994,0.997,-0.999,-0.997,0.999,0.995,-0.999,-0.986,-0.992,0.96,-0.998,0.999,1.0,-0.989,0.988,0.996,0.996,0.993,-0.998,0.993,1.0,-0.992,-0.986,-0.999,0.997,0.995,-0.999,0.998,0.996,-0.996,-1.0,0.998,-0.993,1.0,-0.991,-0.993,0.997,-0.998,-0.993,0.976,-0.998,-0.989,-0.981,0.997,-0.998,-1.0,-0.991,-0.996,-0.999,-0.999,-0.985,0.116,0.994,0.996,0.999,-0.997,0.991,-0.997,0.966,0.984,-0.994,-0.984,0.992,-0.992,0.993,1.0,0.995,-0.977,0.999,-0.981,0.999,0.996,-0.998,-0.999,0.996,-0.998,-0.998,0.998,0.989,-0.806,9.564,5.786,10.451,10.45,10.436,10.538,10.553,10.503,7.564,6.087,10.413,10.389,8.042,7.852,10.424,10.472,EssenceCatalog/problems/csplib-prob010-SocialGolfers/params/cf87666fa91ed7c481d01eb96809d6d7.param
-0.996,-0.972,-0.936,-0.864,0.926,-0.975,-0.987,-0.998,0.977,0.515,0.987,0.651,-0.993,-0.923,0.866,0.971,0.993,-0.489,0.985,0.994,-0.968,0.987,-0.994,-0.991,0.993,0.952,-0.996,-0.782,-0.889,0.967,-0.984,0.994,0.994,-0.992,0.705,0.949,0.983,0.869,-0.948,0.843,0.993,-0.857,-0.861,-0.989,0.992,0.834,-0.995,0.996,0.993,-0.94,-0.986,0.992,-0.89,0.997,-0.987,-0.933,0.497,0.092,-0.778,0.633,-0.975,-0.818,-0.951,0.971,-0.997,-0.991,-0.634,-0.972,-0.99,-0.975,-0.717,-0.92,0.809,0.985,0.997,-0.944,0.167,-0.955,0.505,0.971,-0.869,-0.591,0.846,-0.985,0.764,0.996,0.562,0.91,0.988,-0.906,0.993,0.966,-0.989,-0.995,0.435,-0.993,-0.991,0.994,-0.794,-0.888,6.773,5.072,10.431,10.425,10.417,10.426,10.395,10.349,6.128,5.245,10.449,10.425,6.386,6.327,10.469,10.399,EssenceCatalog/problems/csplib-prob010-SocialGolfers/params/762f7b1ad9d8ebcdd57d605197696f35.param
-0.997,-0.986,-0.952,-0.769,0.966,-0.957,-0.966,-0.999,0.959,0.962,0.99,0.606,-0.984,-0.947,0.917,0.983,0.996,-0.59,0.99,0.996,-0.987,0.993,-0.996,-0.988,0.965,0.855,-0.997,-0.853,-0.841,0.974,-0.973,0.993,0.992,-0.994,0.648,0.946,0.976,0.847,-0.955,0.735,0.996,-0.609,-0.8,-0.989,0.992,0.218,-0.998,0.997,0.989,-0.907,-0.984,0.993,-0.935,0.998,-0.989,-0.921,-0.773,0.734,-0.803,0.623,-0.968,-0.825,-0.98,0.977,-0.996,-0.994,-0.248,-0.964,-0.995,-0.977,-0.486,-0.862,0.83,0.968,0.997,-0.905,-0.314,-0.922,0.859,0.985,-0.886,-0.894,0.912,-0.969,0.858,0.996,-0.499,0.886,0.989,-0.856,0.993,0.945,-0.984,-0.993,-0.085,-0.991,-0.995,0.993,-0.961,-0.97,5.552,4.526,10.43,10.346,10.338,10.393,10.349,10.303,5.391,4.685,10.423,10.338,5.665,5.34,10.397,10.364,EssenceCatalog/problems/csplib-prob010-SocialGolfers/params/26c3502fd9febdd9674fec88abf8a662.param
-0.998,-0.967,-0.948,-0.923,0.638,-0.986,-0.994,-0.998,0.988,-0.741,0.992,0.835,-0.997,-0.94,0.879,0.975,0.993,-0.653,0.99,0.996,-0.959,0.989,-0.995,-0.995,0.998,0.984,-0.998,-0.852,-0.955,0.95,-0.992,0.996,0.998,-0.992,0.899,0.979,0.992,0.929,-0.972,0.954,0.995,-0.952,-0.939,-0.993,0.994,0.977,-0.996,0.996,0.996,-0.979,-0.994,0.995,-0.912,0.998,-0.988,-0.952,0.97,-0.69,-0.834,0.755,-0.988,-0.885,-0.921,0.979,-0.997,-0.995,-0.892,-0.982,-0.991,-0.984,-0.889,-0.902,0.87,0.993,0.998,-0.981,0.792,-0.984,0.387,0.965,-0.918,-0.562,0.876,-0.989,0.853,0.998,0.964,0.776,0.993,-0.958,0.996,0.986,-0.995,-0.998,0.889,-0.995,-0.992,0.996,-0.013,-0.717,8.178,5.566,10.467,10.516,10.496,10.49,10.489,10.414,6.906,5.793,10.476,10.484,7.202,7.285,10.519,10.46,EssenceCatalog/problems/csplib-prob010-SocialGolfers/params/8e7c05e8f307a080268fddb58ef23d3e.param
-0.997,-0.982,-0.885,-0.613,0.981,-0.946,-0.962,-0.999,0.935,0.701,0.989,0.416,-0.977,-0.911,0.84,0.972,0.996,-0.635,0.993,0.994,-0.975,0.976,-0.997,-0.982,0.963,0.865,-0.996,-0.807,-0.897,0.961,-0.966,0.993,0.994,-0.983,0.871,0.973,0.988,0.749,-0.938,0.867,0.997,-0.658,-0.931,-0.992,0.972,0.891,-0.998,0.995,0.981,-0.94,-0.986,0.994,-0.922,0.998,-0.963,-0.795,0.051,0.936,-0.39,0.448,-0.955,-0.779,-0.968,0.976,-0.994,-0.995,-0.195,-0.932,-0.995,-0.975,-0.537,-0.875,0.464,0.977,0.995,-0.979,-0.012,-0.972,0.824,0.956,-0.911,-0.883,0.859,-0.92,0.865,0.995,0.66,0.979,0.99,-0.95,0.995,0.937,-0.982,-0.989,0.466,-0.991,-0.996,0.988,-0.974,-0.961,6.045,4.891,10.368,10.287,10.325,10.322,10.309,10.34,5.774,5.074,10.372,10.313,6.031,5.858,10.37,10.316,EssenceCatalog/problems/csplib-prob010-SocialGolfers/params/7eb427edfe9f8285445d1139a2550b91.param
-0.998,-0.984,-0.947,-0.767,0.939,-0.963,-0.962,-0.999,0.95,0.932,0.99,0.631,-0.984,-0.942,0.912,0.985,0.996,-0.627,0.991,0.996,-0.983,0.994,-0.995,-0.988,0.957,0.811,-0.997,-0.845,-0.862,0.968,-0.972,0.994,0.994,-0.992,0.675,0.958,0.975,0.839,-0.96,0.827,0.996,-0.623,-0.798,-0.985,0.991,0.414,-0.998,0.998,0.989,-0.924,-0.987,0.993,-0.932,0.998,-0.987,-0.921,-0.463,0.518,-0.801,0.609,-0.977,-0.797,-0.977,0.977,-0.995,-0.994,-0.582,-0.958,-0.995,-0.981,-0.473,-0.716,0.82,0.97,0.997,-0.929,0.19,-0.937,0.87,0.983,-0.904,-0.906,0.911,-0.957,0.854,0.997,-0.149,0.741,0.989,-0.854,0.994,0.955,-0.986,-0.995,0.348,-0.99,-0.995,0.993,-0.925,-0.967,6.145,4.752,10.463,10.377,10.4,10.445,10.401,10.378,5.747,4.919,10.46,10.384,6.027,5.734,10.455,10.388,EssenceCatalog/problems/csplib-prob010-SocialGolfers/params/8117f5631d0e62cb004b6a1a743b6c19.param
-0.998,-0.971,-0.961,-0.942,0.522,-0.988,-0.995,-0.998,0.99,-0.616,0.993,0.86,-0.997,-0.949,0.901,0.978,0.993,-0.637,0.988,0.996,-0.965,0.993,-0.995,-0.996,0.998,0.984,-0.998,-0.861,-0.948,0.953,-0.993,0.997,0.998,-0.993,0.846,0.975,0.991,0.94,-0.977,0.949,0.994,-0.957,-0.911,-0.992,0.996,0.957,-0.996,0.997,0.996,-0.975,-0.994,0.995,-0.913,0.998,-0.99,-0.97,0.959,-0.847,-0.898,0.807,-0.99,-0.89,-0.931,0.981,-0.998,-0.994,-0.911,-0.986,-0.991,-0.985,-0.893,-0.893,0.914,0.993,0.999,-0.97,0.784,-0.981,0.419,0.974,-0.917,-0.532,0.89,-0.991,0.839,0.998,0.928,0.564,0.993,-0.941,0.996,0.988,-0.996,-0.998,0.863,-0.996,-0.991,0.997,0.181,-0.738,8.301,5.558,10.453,10.5,10.47,10.483,10.474,10.395,6.941,5.783,10.461,10.462,7.255,7.318,10.499,10.439,EssenceCatalog/problems/csplib-prob010-SocialGolfers/params/1eeac776abd9f0bc4233e56d71cc2365.param
-0.998,-0.997,0.969,-0.364,0.992,-0.839,-0.928,-0.998,-0.99,0.914,0.995,0.951,-0.723,-0.976,0.981,-0.986,0.996,-0.842,0.997,0.998,-0.987,-0.966,-0.997,0.996,0.996,0.955,-0.998,-0.96,-0.719,0.983,-0.901,0.999,0.995,0.994,0.875,-0.79,0.976,0.557,-0.994,-0.974,0.997,-0.977,-0.907,-0.988,-0.991,0.946,-0.997,0.999,-0.998,-0.979,-0.99,0.998,-0.949,0.997,0.926,-0.994,0.988,0.955,-0.952,0.858,-0.917,-0.917,-0.991,0.979,-0.997,-0.996,0.92,-0.984,-0.997,-0.976,-0.89,-0.934,0.921,0.865,0.999,-0.982,0.96,-0.988,0.988,0.997,-0.592,-0.97,0.978,0.675,0.915,0.998,-0.979,0.83,0.995,-0.98,0.994,-0.987,-0.996,-0.965,-0.981,-0.993,-0.988,0.995,-0.985,-0.981,4.167,3.291,4.7,10.022,10.519,10.387,10.542,10.634,4.079,3.545,4.777,10.006,4.655,4.216,5.718,9.993,EssenceCatalog/problems/csplib-prob010-SocialGolfers/params/4a1edb53e6037353ea0cbe6330fed7fe.param
-0.997,-0.977,-0.948,-0.918,0.894,-0.975,-0.992,-0.998,0.974,0.637,0.989,0.748,-0.996,-0.938,0.892,0.963,0.994,-0.504,0.981,0.996,-0.972,0.986,-0.994,-0.989,0.995,0.964,-0.996,-0.806,-0.875,0.974,-0.988,0.995,0.995,-0.991,0.571,0.908,0.98,0.883,-0.965,0.778,0.993,-0.877,-0.798,-0.989,0.993,0.664,-0.995,0.997,0.991,-0.937,-0.988,0.993,-0.901,0.997,-0.989,-0.958,0.331,-0.333,-0.876,0.703,-0.977,-0.846,-0.966,0.974,-0.998,-0.991,-0.652,-0.981,-0.991,-0.977,-0.765,-0.928,0.886,0.985,0.998,-0.915,0.15,-0.941,0.534,0.979,-0.857,-0.612,0.879,-0.989,0.752,0.996,0.181,0.816,0.99,-0.857,0.992,0.961,-0.99,-0.996,0.256,-0.994,-0.99,0.995,-0.693,-0.889,6.787,4.981,10.428,10.433,10.399,10.427,10.388,10.329,6.081,5.152,10.439,10.424,6.352,6.244,10.454,10.389,EssenceCatalog/problems/csplib-prob010-SocialGolfers/params/d256221aaa517456184eaaa2467d21e7.param
-0.997,-0.973,-0.888,-0.734,0.956,-0.965,-0.978,-0.998,0.963,0.152,0.989,0.525,-0.988,-0.9,0.827,0.971,0.994,-0.603,0.992,0.994,-0.961,0.976,-0.996,-0.988,0.985,0.931,-0.996,-0.792,-0.912,0.951,-0.976,0.994,0.995,-0.985,0.877,0.974,0.989,0.801,-0.939,0.907,0.996,-0.811,-0.935,-0.991,0.982,0.95,-0.997,0.994,0.988,-0.953,-0.987,0.994,-0.906,0.998,-0.971,-0.843,0.683,0.764,-0.452,0.499,-0.968,-0.801,-0.949,0.973,-0.995,-0.994,-0.527,-0.947,-0.993,-0.975,-0.688,-0.894,0.572,0.985,0.995,-0.982,0.33,-0.977,0.677,0.948,-0.906,-0.784,0.838,-0.956,0.835,0.996,0.869,0.968,0.989,-0.956,0.995,0.96,-0.987,-0.993,0.697,-0.992,-0.994,0.99,-0.92,-0.92,6.718,5.168,10.407,10.403,10.428,10.415,10.399,10.385,6.18,5.364,10.427,10.412,6.43,6.373,10.452,10.399,EssenceCatalog/problems/csplib-prob010-SocialGolfers/params/f90c7a957f36ec822003803c7dfd4942.param
-0.997,-0.976,-0.914,-0.738,0.954,-0.964,-0.974,-0.998,0.964,0.594,0.988,0.479,-0.988,-0.916,0.844,0.978,0.994,-0.596,0.99,0.994,-0.968,0.987,-0.995,-0.989,0.978,0.904,-0.996,-0.769,-0.887,0.961,-0.975,0.993,0.995,-0.991,0.797,0.968,0.983,0.813,-0.938,0.886,0.995,-0.748,-0.895,-0.989,0.987,0.873,-0.997,0.996,0.99,-0.939,-0.985,0.993,-0.903,0.998,-0.98,-0.888,0.334,0.68,-0.596,0.49,-0.972,-0.768,-0.955,0.972,-0.995,-0.993,-0.517,-0.947,-0.993,-0.974,-0.608,-0.866,0.686,0.982,0.996,-0.967,0.158,-0.964,0.726,0.968,-0.898,-0.79,0.843,-0.96,0.824,0.996,0.664,0.94,0.989,-0.924,0.994,0.962,-0.987,-0.993,0.619,-0.992,-0.994,0.992,-0.92,-0.941,6.479,5.03,10.438,10.384,10.413,10.418,10.387,10.382,6.011,5.212,10.452,10.401,6.269,6.151,10.465,10.391,EssenceCatalog/problems/csplib-prob010-SocialGolfers/params/9b827becd1fda4b723b4ec6c0e6613b0.param
-0.997,-0.975,-0.927,-0.755,0.943,-0.965,-0.971,-0.998,0.962,0.721,0.988,0.578,-0.987,-0.916,0.87,0.98,0.994,-0.577,0.99,0.995,-0.973,0.99,-0.995,-0.989,0.978,0.893,-0.997,-0.806,-0.883,0.958,-0.975,0.993,0.994,-0.991,0.752,0.964,0.982,0.827,-0.945,0.862,0.995,-0.74,-0.861,-0.988,0.99,0.803,-0.997,0.996,0.99,-0.934,-0.986,0.992,-0.906,0.998,-0.983,-0.891,0.196,0.548,-0.681,0.569,-0.973,-0.782,-0.96,0.972,-0.995,-0.993,-0.597,-0.955,-0.993,-0.976,-0.577,-0.833,0.733,0.979,0.996,-0.957,0.255,-0.956,0.727,0.968,-0.892,-0.809,0.86,-0.963,0.819,0.996,0.535,0.903,0.987,-0.912,0.994,0.961,-0.986,-0.994,0.52,-0.991,-0.993,0.992,-0.905,-0.94,6.506,4.999,10.457,10.415,10.434,10.457,10.415,10.406,6.01,5.175,10.47,10.43,6.272,6.123,10.482,10.415,EssenceCatalog/problems/csplib-prob010-SocialGolfers/params/6970fce1e7fdc7d63ccfcd62d4511015.param
-1.0,-0.989,-0.99,-0.988,-0.899,-0.995,-0.998,-1.0,0.996,-0.982,0.999,0.98,-0.998,-0.989,0.968,0.985,0.997,-0.937,0.997,0.999,-0.982,0.996,-0.998,-0.998,1.0,0.996,-0.999,-0.965,-0.987,0.942,-0.998,0.999,0.999,-0.992,0.969,0.992,0.996,0.987,-0.997,0.988,0.998,-0.99,-0.975,-0.998,0.997,0.994,-0.998,0.997,0.998,-0.995,-0.999,0.998,-0.977,0.999,-0.994,-0.99,0.997,-0.995,-0.982,0.956,-0.997,-0.974,-0.951,0.994,-0.998,-0.999,-0.99,-0.995,-0.996,-0.996,-0.979,-0.633,0.986,0.997,0.999,-0.991,0.98,-0.996,0.719,0.977,-0.982,-0.875,0.97,-0.995,0.973,0.999,0.995,-0.844,0.998,-0.973,0.999,0.996,-0.998,-0.999,0.988,-0.998,-0.996,0.998,0.971,-0.498,9.411,5.771,10.44,10.449,10.408,10.492,10.495,10.433,7.474,6.052,10.385,10.393,7.911,7.818,10.424,10.45,EssenceCatalog/problems/csplib-prob010-SocialGolfers/params/9dfcc5be1e7d30dc53f65cb501f26651.param
-0.997,-0.977,-0.931,-0.792,0.949,-0.966,-0.976,-0.998,0.965,0.798,0.988,0.596,-0.989,-0.921,0.88,0.977,0.994,-0.536,0.988,0.995,-0.975,0.989,-0.995,-0.989,0.982,0.908,-0.996,-0.806,-0.87,0.965,-0.978,0.993,0.993,-0.992,0.695,0.952,0.98,0.838,-0.943,0.816,0.994,-0.757,-0.841,-0.988,0.991,0.721,-0.996,0.996,0.991,-0.929,-0.985,0.992,-0.903,0.998,-0.986,-0.91,-0.019,0.535,-0.727,0.598,-0.972,-0.793,-0.963,0.972,-0.996,-0.992,-0.522,-0.962,-0.993,-0.975,-0.584,-0.877,0.776,0.979,0.997,-0.943,0.078,-0.947,0.704,0.975,-0.877,-0.775,0.864,-0.973,0.808,0.996,0.292,0.915,0.988,-0.898,0.993,0.957,-0.986,-0.994,0.338,-0.992,-0.993,0.993,-0.913,-0.938,6.275,4.886,10.45,10.403,10.412,10.437,10.395,10.368,5.854,5.049,10.46,10.411,6.116,5.946,10.462,10.405,EssenceCatalog/problems/csplib-prob010-SocialGolfers/params/182078d0d671e671fbe2d1507071ef7d.param
-0.997,-0.989,-0.949,-0.741,0.971,-0.957,-0.957,-0.999,0.949,0.976,0.991,0.585,-0.981,-0.953,0.928,0.983,0.997,-0.593,0.992,0.997,-0.989,0.994,-0.997,-0.986,0.944,0.781,-0.997,-0.871,-0.837,0.975,-0.97,0.994,0.993,-0.993,0.663,0.952,0.974,0.844,-0.957,0.741,0.997,-0.576,-0.806,-0.988,0.991,-0.029,-0.998,0.998,0.987,-0.9,-0.985,0.994,-0.946,0.999,-0.989,-0.932,-0.839,0.825,-0.806,0.621,-0.972,-0.817,-0.983,0.979,-0.997,-0.995,-0.189,-0.961,-0.996,-0.979,-0.429,-0.811,0.848,0.96,0.997,-0.898,-0.362,-0.921,0.919,0.99,-0.895,-0.932,0.927,-0.963,0.884,0.997,-0.685,0.859,0.99,-0.836,0.994,0.938,-0.986,-0.993,-0.152,-0.991,-0.996,0.994,-0.973,-0.979,5.405,4.443,10.393,10.303,10.3,10.368,10.317,10.267,5.295,4.603,10.387,10.294,5.572,5.201,10.358,10.319,EssenceCatalog/problems/csplib-prob010-SocialGolfers/params/fe1f8414b30fd6229377e4a62bb1a8e3.param
-0.997,-0.976,-0.949,-0.907,0.867,-0.978,-0.99,-0.998,0.974,0.606,0.99,0.748,-0.995,-0.937,0.894,0.968,0.994,-0.515,0.983,0.996,-0.971,0.99,-0.994,-0.99,0.993,0.956,-0.997,-0.813,-0.878,0.971,-0.987,0.995,0.995,-0.992,0.573,0.926,0.979,0.891,-0.966,0.813,0.993,-0.878,-0.786,-0.987,0.993,0.674,-0.996,0.997,0.992,-0.938,-0.988,0.993,-0.901,0.998,-0.99,-0.962,0.438,-0.425,-0.878,0.715,-0.981,-0.841,-0.963,0.975,-0.998,-0.992,-0.711,-0.979,-0.991,-0.979,-0.755,-0.9,0.899,0.985,0.998,-0.918,0.294,-0.946,0.592,0.981,-0.871,-0.64,0.879,-0.988,0.762,0.997,0.244,0.719,0.99,-0.855,0.992,0.966,-0.991,-0.997,0.383,-0.994,-0.99,0.996,-0.624,-0.896,6.995,5.048,10.437,10.449,10.416,10.451,10.409,10.353,6.198,5.227,10.448,10.437,6.477,6.371,10.47,10.398,EssenceCatalog/problems/csplib-prob010-SocialGolfers/params/83cc28e813838dc7c2cbd35aea57781b.param
-0.998,-0.967,-0.947,-0.916,0.759,-0.984,-0.992,-0.998,0.986,-0.472,0.991,0.792,-0.996,-0.933,0.878,0.975,0.992,-0.586,0.987,0.995,-0.961,0.989,-0.994,-0.994,0.997,0.979,-0.997,-0.83,-0.938,0.953,-0.991,0.996,0.997,-0.992,0.841,0.972,0.99,0.918,-0.969,0.931,0.994,-0.936,-0.916,-0.992,0.994,0.955,-0.995,0.996,0.995,-0.971,-0.992,0.994,-0.898,0.997,-0.987,-0.952,0.933,-0.627,-0.839,0.735,-0.985,-0.87,-0.928,0.977,-0.997,-0.993,-0.851,-0.981,-0.99,-0.981,-0.854,-0.912,0.858,0.991,0.998,-0.97,0.677,-0.977,0.363,0.965,-0.903,-0.512,0.864,-0.988,0.813,0.997,0.916,0.805,0.991,-0.945,0.995,0.982,-0.994,-0.997,0.806,-0.995,-0.991,0.995,-0.239,-0.768,7.909,5.47,10.444,10.488,10.472,10.464,10.458,10.384,6.755,5.684,10.46,10.464,7.035,7.109,10.501,10.431,EssenceCatalog/problems/csplib-prob010-SocialGolfers/params/024a425d739ebc1de26b6432fe96912d.param
-0.998,-0.995,-0.959,-0.816,0.982,-0.948,-0.971,-0.999,0.951,0.994,0.993,0.687,-0.983,-0.972,0.956,0.975,0.998,-0.581,0.992,0.998,-0.995,0.991,-0.998,-0.982,0.964,0.872,-0.997,-0.924,-0.817,0.983,-0.971,0.996,0.99,-0.994,0.651,0.917,0.974,0.868,-0.97,0.472,0.998,-0.538,-0.794,-0.992,0.993,-0.668,-0.998,0.998,0.985,-0.868,-0.986,0.995,-0.97,0.999,-0.991,-0.958,-0.974,0.911,-0.899,0.726,-0.961,-0.886,-0.991,0.982,-0.997,-0.996,0.501,-0.976,-0.997,-0.98,-0.53,-0.925,0.919,0.95,0.998,-0.813,-0.817,-0.887,0.957,0.995,-0.882,-0.955,0.956,-0.977,0.908,0.997,-0.962,0.906,0.991,-0.805,0.994,0.893,-0.986,-0.991,-0.765,-0.993,-0.997,0.995,-0.989,-0.986,4.876,4.196,10.32,10.309,10.275,10.351,10.291,10.223,4.94,4.333,10.297,10.283,5.234,4.785,10.268,10.32,EssenceCatalog/problems/csplib-prob010-SocialGolfers/params/0fac67b95985ba4afb84efa0ec732a2b.param
-1.0,-0.993,-0.993,-0.993,-0.977,-0.995,-0.999,-1.0,0.993,-0.988,0.999,0.993,-0.998,-0.995,0.987,0.983,0.998,-0.979,0.998,1.0,-0.991,0.996,-0.999,-0.997,1.0,0.995,-0.999,-0.981,-0.99,0.943,-0.998,0.999,1.0,-0.986,0.983,0.995,0.996,0.992,-0.998,0.991,0.999,-0.992,-0.983,-0.999,0.997,0.995,-0.999,0.997,0.996,-0.996,-1.0,0.998,-0.99,1.0,-0.991,-0.992,0.998,-0.998,-0.992,0.975,-0.998,-0.986,-0.972,0.996,-0.997,-1.0,-0.992,-0.996,-0.998,-0.998,-0.985,-0.017,0.993,0.996,0.999,-0.995,0.992,-0.996,0.93,0.978,-0.992,-0.971,0.989,-0.992,0.99,1.0,0.996,-0.976,0.998,-0.978,0.999,0.996,-0.998,-0.999,0.995,-0.998,-0.997,0.998,0.992,-0.646,9.544,5.781,10.43,10.433,10.412,10.509,10.526,10.473,7.545,6.077,10.386,10.37,8.016,7.846,10.405,10.451,EssenceCatalog/problems/csplib-prob010-SocialGolfers/params/bddd50b0e90fe3dce8bdb77f69e5206e.param
-0.998,-0.995,0.947,-0.785,0.988,-0.846,-0.987,-0.997,-0.954,0.726,0.992,0.955,-0.956,-0.964,0.968,-0.986,0.993,-0.828,0.994,0.997,-0.977,-0.974,-0.995,0.988,0.999,0.985,-0.997,-0.927,-0.807,0.986,-0.964,0.999,0.995,0.983,0.853,-0.833,0.975,0.386,-0.987,-0.926,0.997,-0.982,-0.921,-0.992,-0.972,0.975,-0.994,0.998,-0.993,-0.975,-0.987,0.997,-0.926,0.995,0.864,-0.99,0.992,0.877,-0.929,0.85,-0.857,-0.906,-0.98,0.973,-0.997,-0.994,0.765,-0.989,-0.994,-0.96,-0.937,-0.977,0.923,0.932,0.998,-0.986,0.939,-0.988,0.978,0.995,-0.444,-0.934,0.957,0.01,0.913,0.997,-0.885,0.939,0.994,-0.982,0.992,-0.955,-0.994,-0.978,-0.96,-0.996,-0.98,0.993,-0.975,-0.967,4.329,3.408,4.96,10.091,10.506,10.387,10.508,10.548,4.192,3.639,5.027,10.065,4.729,4.338,5.958,10.041,EssenceCatalog/problems/csplib-prob010-SocialGolfers/params/f640c5dc46c9c0dce70f2e7c5dc5f376.param
-0.997,-0.986,-0.953,-0.813,0.963,-0.96,-0.975,-0.999,0.964,0.963,0.99,0.637,-0.987,-0.947,0.919,0.98,0.996,-0.561,0.988,0.996,-0.987,0.992,-0.996,-0.988,0.975,0.887,-0.997,-0.854,-0.835,0.976,-0.977,0.994,0.992,-0.994,0.597,0.932,0.976,0.852,-0.954,0.7,0.996,-0.662,-0.778,-0.989,0.993,0.147,-0.997,0.997,0.989,-0.903,-0.984,0.993,-0.933,0.998,-0.991,-0.934,-0.782,0.675,-0.829,0.654,-0.968,-0.835,-0.98,0.976,-0.997,-0.993,-0.236,-0.97,-0.995,-0.977,-0.525,-0.891,0.86,0.97,0.997,-0.888,-0.377,-0.917,0.843,0.987,-0.873,-0.872,0.91,-0.977,0.849,0.996,-0.591,0.886,0.989,-0.841,0.992,0.944,-0.985,-0.994,-0.177,-0.992,-0.995,0.994,-0.957,-0.966,5.518,4.495,10.426,10.355,10.336,10.393,10.345,10.289,5.361,4.653,10.42,10.341,5.634,5.308,10.392,10.365,EssenceCatalog/problems/csplib-prob010-SocialGolfers/params/5a5daca4d0c608e04caa7e010862e59e.param
-0.997,-0.969,-0.931,-0.863,0.913,-0.976,-0.987,-0.998,0.978,0.341,0.987,0.663,-0.994,-0.918,0.862,0.971,0.992,-0.486,0.985,0.994,-0.964,0.987,-0.994,-0.992,0.993,0.955,-0.996,-0.786,-0.897,0.962,-0.985,0.994,0.995,-0.992,0.736,0.955,0.984,0.87,-0.948,0.866,0.993,-0.873,-0.871,-0.989,0.992,0.871,-0.995,0.996,0.993,-0.946,-0.987,0.992,-0.885,0.997,-0.987,-0.933,0.661,0.022,-0.764,0.642,-0.977,-0.816,-0.944,0.971,-0.997,-0.991,-0.682,-0.971,-0.99,-0.975,-0.735,-0.913,0.806,0.987,0.997,-0.952,0.316,-0.96,0.487,0.97,-0.872,-0.569,0.842,-0.984,0.77,0.997,0.683,0.908,0.988,-0.917,0.993,0.969,-0.99,-0.996,0.546,-0.993,-0.99,0.994,-0.757,-0.87,6.985,5.161,10.423,10.434,10.427,10.432,10.405,10.355,6.256,5.342,10.444,10.433,6.513,6.487,10.471,10.401,EssenceCatalog/problems/csplib-prob010-SocialGolfers/params/7c2e2f4a2997ba50c495b941814604c4.param
-0.999,-0.993,0.672,-0.911,0.873,-0.971,-0.993,-0.998,-0.811,-0.039,0.996,0.984,-0.99,-0.974,0.98,-0.929,0.995,-0.913,0.992,0.999,-0.98,-0.646,-0.995,0.925,0.999,0.988,-0.999,-0.939,-0.934,0.988,-0.984,1.0,0.999,0.952,0.868,-0.241,0.99,0.875,-0.995,-0.659,0.995,-0.994,-0.904,-0.989,-0.83,0.983,-0.997,0.999,-0.957,-0.988,-0.996,0.998,-0.952,0.997,0.439,-0.997,0.999,-0.8,-0.979,0.929,-0.982,-0.94,-0.977,0.986,-0.999,-0.997,-0.723,-0.996,-0.994,-0.983,-0.96,-0.877,0.98,0.976,0.999,-0.987,0.985,-0.994,0.951,0.996,-0.761,-0.937,0.958,-0.738,0.928,0.999,-0.223,-0.152,0.996,-0.973,0.996,-0.642,-0.997,-0.996,-0.394,-0.996,-0.983,0.998,-0.501,-0.936,6.264,4.153,6.077,10.053,10.383,10.286,10.347,10.34,5.34,4.402,6.2,9.97,5.78,5.55,6.938,9.941,EssenceCatalog/problems/csplib-prob010-SocialGolfers/params/911e02e7d955355d4a75eea47de86506.param
-0.997,-0.987,-0.948,-0.733,0.975,-0.95,-0.963,-0.999,0.957,0.966,0.99,0.534,-0.982,-0.944,0.911,0.984,0.997,-0.588,0.991,0.996,-0.987,0.992,-0.996,-0.988,0.959,0.838,-0.997,-0.854,-0.848,0.974,-0.97,0.993,0.992,-0.994,0.704,0.953,0.977,0.819,-0.947,0.765,0.997,-0.546,-0.83,-0.99,0.991,0.242,-0.998,0.997,0.989,-0.901,-0.983,0.993,-0.94,0.998,-0.988,-0.9,-0.804,0.858,-0.74,0.579,-0.965,-0.815,-0.98,0.977,-0.996,-0.994,-0.131,-0.955,-0.995,-0.977,-0.449,-0.864,0.799,0.967,0.997,-0.92,-0.408,-0.929,0.889,0.985,-0.89,-0.911,0.91,-0.963,0.871,0.996,-0.474,0.924,0.989,-0.868,0.993,0.943,-0.983,-0.992,-0.067,-0.991,-0.996,0.992,-0.976,-0.975,5.428,4.501,10.412,10.313,10.311,10.365,10.322,10.282,5.328,4.661,10.4,10.308,5.599,5.267,10.372,10.34,EssenceCatalog/problems/csplib-prob010-SocialGolfers/params/f25add42840a94d9e8aeeefde68bf41f.param
-0.998,-0.972,-0.891,-0.72,0.934,-0.969,-0.97,-0.999,0.948,0.205,0.99,0.584,-0.985,-0.9,0.846,0.971,0.994,-0.625,0.992,0.994,-0.962,0.986,-0.995,-0.986,0.976,0.89,-0.997,-0.8,-0.904,0.945,-0.973,0.995,0.996,-0.982,0.858,0.975,0.988,0.814,-0.952,0.915,0.995,-0.812,-0.915,-0.989,0.979,0.937,-0.997,0.996,0.984,-0.955,-0.989,0.994,-0.907,0.998,-0.967,-0.877,0.754,0.582,-0.587,0.533,-0.977,-0.777,-0.952,0.976,-0.995,-0.995,-0.711,-0.951,-0.994,-0.979,-0.639,-0.749,0.633,0.983,0.997,-0.98,0.594,-0.975,0.739,0.954,-0.913,-0.833,0.85,-0.935,0.834,0.997,0.865,0.912,0.989,-0.942,0.995,0.96,-0.989,-0.995,0.767,-0.991,-0.994,0.992,-0.88,-0.932,6.985,5.228,10.417,10.435,10.459,10.472,10.447,10.433,6.324,5.431,10.441,10.443,6.584,6.503,10.475,10.422,EssenceCatalog/problems/csplib-prob010-SocialGolfers/params/fba11328fed318d3ab3068338347a30e.param
-0.997,-0.972,-0.898,-0.782,0.939,-0.969,-0.984,-0.998,0.973,-0.218,0.99,0.549,-0.991,-0.91,0.823,0.973,0.994,-0.617,0.992,0.994,-0.957,0.978,-0.996,-0.99,0.99,0.954,-0.996,-0.791,-0.929,0.953,-0.98,0.994,0.996,-0.987,0.902,0.978,0.99,0.832,-0.943,0.932,0.995,-0.862,-0.948,-0.992,0.984,0.968,-0.996,0.995,0.991,-0.96,-0.988,0.994,-0.902,0.998,-0.974,-0.87,0.824,0.673,-0.511,0.513,-0.97,-0.816,-0.938,0.973,-0.995,-0.994,-0.579,-0.953,-0.992,-0.976,-0.756,-0.912,0.619,0.988,0.996,-0.984,0.415,-0.981,0.641,0.952,-0.909,-0.738,0.842,-0.966,0.839,0.996,0.924,0.968,0.99,-0.963,0.996,0.97,-0.99,-0.994,0.781,-0.993,-0.994,0.992,-0.875,-0.893,6.979,5.276,10.435,10.453,10.475,10.449,10.441,10.409,6.333,5.482,10.452,10.449,6.585,6.572,10.489,10.442,EssenceCatalog/problems/csplib-prob010-SocialGolfers/params/7182b0eb9856a72d8b6162a8bc20f75d.param
-0.996,-0.975,-0.902,-0.751,0.964,-0.962,-0.979,-0.998,0.968,0.419,0.988,0.465,-0.988,-0.912,0.828,0.974,0.994,-0.583,0.99,0.994,-0.966,0.98,-0.996,-0.989,0.985,0.932,-0.996,-0.772,-0.903,0.962,-0.977,0.993,0.995,-0.989,0.842,0.97,0.986,0.803,-0.933,0.891,0.995,-0.781,-0.924,-0.991,0.986,0.922,-0.996,0.995,0.99,-0.945,-0.985,0.993,-0.901,0.997,-0.978,-0.871,0.48,0.776,-0.513,0.477,-0.966,-0.789,-0.951,0.972,-0.995,-0.993,-0.426,-0.947,-0.993,-0.972,-0.66,-0.915,0.622,0.984,0.996,-0.975,0.101,-0.97,0.668,0.959,-0.895,-0.753,0.835,-0.965,0.822,0.996,0.767,0.971,0.989,-0.945,0.994,0.961,-0.987,-0.992,0.607,-0.993,-0.994,0.991,-0.931,-0.926,6.47,5.061,10.416,10.376,10.406,10.395,10.373,10.36,6.02,5.246,10.434,10.391,6.272,6.191,10.449,10.383,EssenceCatalog/problems/csplib-prob010-SocialGolfers/params/b983ca5023732c67c96489160e81ed7f.param
-0.997,-0.982,-0.948,-0.893,0.939,-0.968,-0.989,-0.998,0.97,0.865,0.989,0.695,-0.994,-0.94,0.898,0.966,0.995,-0.495,0.983,0.996,-0.979,0.986,-0.995,-0.987,0.992,0.948,-0.996,-0.815,-0.852,0.977,-0.985,0.995,0.993,-0.992,0.537,0.897,0.977,0.86,-0.96,0.707,0.994,-0.812,-0.778,-0.989,0.993,0.434,-0.996,0.997,0.99,-0.921,-0.986,0.993,-0.913,0.998,-0.99,-0.95,-0.295,0.159,-0.86,0.671,-0.971,-0.842,-0.973,0.973,-0.997,-0.992,-0.45,-0.978,-0.992,-0.976,-0.677,-0.931,0.875,0.98,0.997,-0.896,-0.159,-0.927,0.664,0.982,-0.85,-0.716,0.888,-0.987,0.777,0.996,-0.265,0.877,0.989,-0.839,0.992,0.948,-0.987,-0.995,-0.032,-0.994,-0.992,0.994,-0.869,-0.928,6.046,4.695,10.421,10.383,10.358,10.39,10.35,10.286,5.653,4.847,10.422,10.373,5.923,5.704,10.413,10.37,EssenceCatalog/problems/csplib-prob010-SocialGolfers/params/675d530d59eb06f62cbbee28995c5dc1.param
-0.997,-0.978,-0.914,-0.683,0.971,-0.952,-0.967,-0.999,0.958,0.71,0.989,0.439,-0.982,-0.91,0.845,0.98,0.995,-0.611,0.992,0.994,-0.973,0.983,-0.996,-0.989,0.969,0.878,-0.996,-0.805,-0.892,0.958,-0.97,0.992,0.994,-0.989,0.836,0.973,0.985,0.77,-0.936,0.878,0.996,-0.664,-0.913,-0.991,0.985,0.865,-0.997,0.995,0.988,-0.935,-0.985,0.993,-0.913,0.998,-0.976,-0.824,0.022,0.869,-0.478,0.493,-0.961,-0.783,-0.964,0.974,-0.994,-0.994,-0.355,-0.939,-0.994,-0.974,-0.554,-0.873,0.572,0.979,0.995,-0.972,0.008,-0.966,0.777,0.958,-0.905,-0.854,0.852,-0.946,0.849,0.995,0.641,0.966,0.988,-0.937,0.994,0.955,-0.982,-0.991,0.511,-0.991,-0.995,0.989,-0.96,-0.951,6.16,4.922,10.424,10.329,10.367,10.366,10.347,10.366,5.838,5.105,10.431,10.35,6.096,5.932,10.429,10.358,EssenceCatalog/problems/csplib-prob010-SocialGolfers/params/910063cf5fc3188d4bf3b3a43110ee99.param
-0.998,-0.975,-0.912,-0.701,0.859,-0.973,-0.961,-0.999,0.929,0.175,0.992,0.69,-0.982,-0.918,0.876,0.98,0.994,-0.717,0.994,0.996,-0.969,0.993,-0.996,-0.984,0.956,0.821,-0.998,-0.831,-0.922,0.936,-0.97,0.996,0.997,-0.978,0.874,0.982,0.987,0.868,-0.97,0.94,0.996,-0.784,-0.907,-0.986,0.976,0.934,-0.998,0.997,0.982,-0.964,-0.993,0.994,-0.927,0.998,-0.962,-0.895,0.819,0.179,-0.716,0.569,-0.984,-0.79,-0.96,0.98,-0.994,-0.996,-0.846,-0.951,-0.995,-0.984,-0.593,-0.39,0.68,0.979,0.997,-0.982,0.793,-0.977,0.815,0.952,-0.942,-0.899,0.892,-0.901,0.865,0.997,0.891,0.656,0.99,-0.929,0.996,0.968,-0.991,-0.995,0.884,-0.99,-0.994,0.992,-0.745,-0.94,7.432,5.314,10.414,10.43,10.457,10.499,10.479,10.479,6.547,5.536,10.439,10.435,6.837,6.709,10.477,10.409,EssenceCatalog/problems/csplib-prob010-SocialGolfers/params/cd271eeadb4e899e184b9b86303297f7.param
-1.0,-0.991,-0.979,-0.932,0.089,-0.979,-0.983,-0.999,0.932,0.922,0.996,0.946,-0.989,-0.982,0.972,0.991,0.998,-0.885,0.995,0.998,-0.993,0.998,-0.997,-0.983,0.971,0.871,-0.999,-0.957,-0.927,0.969,-0.986,0.998,0.998,-0.987,0.759,0.96,0.978,0.938,-0.994,0.853,0.998,-0.797,-0.72,-0.987,0.993,0.239,-0.999,0.999,0.981,-0.968,-0.997,0.995,-0.977,0.999,-0.986,-0.981,-0.057,-0.909,-0.975,0.871,-0.991,-0.93,-0.99,0.99,-0.997,-0.998,-0.914,-0.985,-0.998,-0.993,-0.755,-0.045,0.963,0.972,0.999,-0.939,0.846,-0.959,0.958,0.988,-0.952,-0.976,0.977,-0.961,0.943,0.999,-0.463,-0.912,0.995,-0.802,0.996,0.97,-0.989,-0.998,0.645,-0.991,-0.996,0.995,0.095,-0.978,7.864,5.044,10.393,10.37,10.356,10.505,10.458,10.405,6.541,5.266,10.395,10.357,6.958,6.545,10.383,10.337,EssenceCatalog/problems/csplib-prob010-SocialGolfers/params/637ab48feaf1c1b1820e1b4068fcd949.param
-0.996,-0.993,-0.943,-0.709,0.991,-0.916,-0.97,-0.999,0.949,0.988,0.99,0.494,-0.977,-0.958,0.924,0.977,0.998,-0.561,0.992,0.997,-0.993,0.979,-0.998,-0.982,0.97,0.897,-0.995,-0.899,-0.855,0.98,-0.968,0.992,0.988,-0.993,0.793,0.947,0.981,0.79,-0.949,0.62,0.998,-0.39,-0.892,-0.995,0.989,-0.115,-0.998,0.995,0.985,-0.887,-0.98,0.994,-0.961,0.999,-0.985,-0.876,-0.96,0.98,-0.688,0.604,-0.919,-0.868,-0.988,0.979,-0.996,-0.995,0.697,-0.955,-0.997,-0.972,-0.459,-0.959,0.762,0.955,0.996,-0.917,-0.866,-0.926,0.936,0.987,-0.879,-0.939,0.929,-0.962,0.911,0.994,-0.823,0.986,0.99,-0.9,0.994,0.892,-0.976,-0.982,-0.662,-0.992,-0.997,0.988,-0.994,-0.983,4.78,4.247,10.285,10.245,10.226,10.282,10.236,10.192,4.909,4.377,10.256,10.238,5.194,4.785,10.221,10.278,EssenceCatalog/problems/csplib-prob010-SocialGolfers/params/c01ff955ed00f981069a0a78e39d3f98.param
-0.996,-0.98,-0.91,-0.677,0.975,-0.953,-0.968,-0.998,0.959,0.782,0.988,0.424,-0.983,-0.913,0.851,0.978,0.995,-0.602,0.991,0.994,-0.975,0.983,-0.996,-0.987,0.97,0.881,-0.996,-0.8,-0.882,0.964,-0.971,0.992,0.993,-0.99,0.815,0.968,0.984,0.773,-0.928,0.858,0.996,-0.66,-0.904,-0.991,0.986,0.832,-0.997,0.995,0.989,-0.927,-0.983,0.993,-0.913,0.998,-0.979,-0.84,-0.13,0.889,-0.48,0.492,-0.961,-0.775,-0.965,0.973,-0.995,-0.994,-0.271,-0.939,-0.994,-0.972,-0.53,-0.892,0.613,0.978,0.995,-0.968,-0.141,-0.962,0.783,0.966,-0.897,-0.85,0.855,-0.952,0.848,0.995,0.502,0.971,0.988,-0.932,0.994,0.951,-0.983,-0.991,0.412,-0.991,-0.995,0.99,-0.968,-0.957,5.977,4.841,10.414,10.311,10.346,10.346,10.326,10.334,5.719,5.017,10.416,10.327,5.979,5.796,10.408,10.342,EssenceCatalog/problems/csplib-prob010-SocialGolfers/params/32a2b23d91f7de02109938177976c76c.param
-0.998,-0.994,-0.965,-0.799,0.977,-0.95,-0.966,-0.999,0.952,0.993,0.993,0.688,-0.982,-0.97,0.955,0.982,0.998,-0.618,0.992,0.998,-0.995,0.993,-0.998,-0.984,0.955,0.84,-0.997,-0.919,-0.83,0.982,-0.969,0.995,0.991,-0.994,0.655,0.934,0.975,0.876,-0.972,0.564,0.998,-0.504,-0.791,-0.991,0.993,-0.568,-0.999,0.998,0.986,-0.883,-0.988,0.995,-0.969,0.999,-0.991,-0.95,-0.965,0.858,-0.894,0.701,-0.965,-0.883,-0.991,0.983,-0.997,-0.996,0.267,-0.974,-0.997,-0.981,-0.515,-0.892,0.901,0.952,0.998,-0.84,-0.721,-0.898,0.949,0.993,-0.895,-0.956,0.955,-0.973,0.907,0.997,-0.931,0.858,0.991,-0.814,0.994,0.913,-0.985,-0.991,-0.637,-0.992,-0.997,0.994,-0.983,-0.986,5.025,4.254,10.363,10.314,10.282,10.366,10.3,10.241,5.037,4.401,10.347,10.292,5.326,4.888,10.315,10.324,EssenceCatalog/problems/csplib-prob010-SocialGolfers/params/4b87b2fe0f92cdf75f17ae3d4fee25f9.param
-0.996,-0.978,-0.912,-0.722,0.965,-0.96,-0.973,-0.998,0.962,0.679,0.988,0.44,-0.987,-0.917,0.842,0.978,0.994,-0.591,0.99,0.994,-0.97,0.985,-0.996,-0.988,0.976,0.899,-0.996,-0.774,-0.884,0.963,-0.974,0.993,0.994,-0.991,0.798,0.967,0.983,0.801,-0.935,0.872,0.995,-0.717,-0.899,-0.989,0.986,0.86,-0.997,0.996,0.99,-0.934,-0.984,0.993,-0.905,0.998,-0.98,-0.878,0.171,0.774,-0.566,0.475,-0.968,-0.771,-0.958,0.973,-0.995,-0.993,-0.422,-0.945,-0.993,-0.973,-0.589,-0.883,0.661,0.981,0.996,-0.967,0.029,-0.962,0.734,0.967,-0.896,-0.8,0.842,-0.959,0.826,0.996,0.596,0.955,0.989,-0.925,0.994,0.958,-0.986,-0.992,0.541,-0.992,-0.994,0.991,-0.942,-0.945,6.271,4.953,10.425,10.352,10.384,10.386,10.359,10.357,5.889,5.131,10.436,10.37,6.147,6.008,10.44,10.369,EssenceCatalog/problems/csplib-prob010-SocialGolfers/params/1d994426f529a01a6c9f8d54a3d74744.param
-1.0,-0.995,-0.992,-0.991,-0.975,-0.994,-0.998,-1.0,0.977,-0.945,0.999,0.996,-0.996,-0.996,0.993,0.985,0.999,-0.984,0.999,1.0,-0.995,0.997,-0.999,-0.992,0.999,0.989,-1.0,-0.988,-0.99,0.957,-0.997,0.999,1.0,-0.978,0.986,0.994,0.995,0.992,-0.999,0.987,1.0,-0.988,-0.974,-0.998,0.994,0.99,-1.0,0.998,0.987,-0.996,-1.0,0.998,-0.991,1.0,-0.981,-0.993,0.994,-0.998,-0.995,0.976,-0.997,-0.987,-0.988,0.997,-0.997,-1.0,-0.992,-0.996,-0.999,-0.999,-0.974,0.632,0.992,0.994,1.0,-0.996,0.994,-0.996,0.982,0.984,-0.995,-0.992,0.994,-0.98,0.991,1.0,0.984,-0.993,0.999,-0.972,0.999,0.993,-0.998,-0.999,0.993,-0.997,-0.998,0.997,0.989,-0.899,9.571,5.755,10.378,10.375,10.378,10.483,10.518,10.469,7.556,6.063,10.356,10.314,8.049,7.818,10.348,10.403,EssenceCatalog/problems/csplib-prob010-SocialGolfers/params/5d641aa0c9915ff39a004ddfbe19718a.param
-0.996,-0.979,-0.911,-0.703,0.975,-0.955,-0.972,-0.998,0.963,0.752,0.987,0.413,-0.985,-0.915,0.845,0.977,0.995,-0.592,0.991,0.994,-0.974,0.982,-0.996,-0.988,0.976,0.899,-0.996,-0.788,-0.884,0.966,-0.973,0.992,0.994,-0.991,0.811,0.967,0.984,0.78,-0.927,0.856,0.996,-0.688,-0.905,-0.991,0.986,0.845,-0.997,0.995,0.989,-0.929,-0.983,0.993,-0.911,0.998,-0.98,-0.855,-0.047,0.869,-0.498,0.476,-0.962,-0.781,-0.962,0.972,-0.995,-0.993,-0.279,-0.942,-0.993,-0.972,-0.562,-0.906,0.623,0.98,0.995,-0.967,-0.153,-0.962,0.75,0.966,-0.893,-0.816,0.847,-0.96,0.833,0.995,0.522,0.973,0.988,-0.93,0.994,0.954,-0.983,-0.991,0.424,-0.992,-0.994,0.99,-0.962,-0.949,6.018,4.861,10.413,10.319,10.352,10.349,10.328,10.328,5.741,5.035,10.418,10.335,5.999,5.836,10.412,10.346,EssenceCatalog/problems/csplib-prob010-SocialGolfers/params/39578b6633a8db38fdd46f9fce70f6d4.param
-0.997,-0.971,-0.886,-0.756,0.932,-0.97,-0.98,-0.998,0.963,-0.283,0.99,0.596,-0.988,-0.898,0.826,0.968,0.994,-0.638,0.992,0.994,-0.956,0.977,-0.996,-0.988,0.987,0.942,-0.996,-0.796,-0.925,0.94,-0.977,0.995,0.996,-0.982,0.907,0.979,0.991,0.829,-0.949,0.93,0.996,-0.859,-0.947,-0.992,0.979,0.97,-0.997,0.995,0.987,-0.963,-0.989,0.994,-0.907,0.998,-0.966,-0.862,0.862,0.647,-0.497,0.542,-0.973,-0.816,-0.941,0.974,-0.995,-0.995,-0.656,-0.953,-0.993,-0.978,-0.745,-0.863,0.58,0.987,0.996,-0.986,0.573,-0.982,0.662,0.942,-0.916,-0.783,0.841,-0.951,0.841,0.997,0.936,0.955,0.99,-0.963,0.996,0.965,-0.99,-0.994,0.808,-0.992,-0.994,0.991,-0.865,-0.898,7.086,5.307,10.418,10.452,10.472,10.453,10.447,10.418,6.398,5.519,10.435,10.447,6.65,6.631,10.474,10.437,EssenceCatalog/problems/csplib-prob010-SocialGolfers/params/3da45efec169d665d6d308496af0c2c5.param
-0.997,-0.973,-0.908,-0.751,0.94,-0.968,-0.978,-0.998,0.967,0.212,0.989,0.515,-0.988,-0.912,0.83,0.977,0.994,-0.614,0.99,0.994,-0.962,0.986,-0.996,-0.99,0.982,0.923,-0.996,-0.769,-0.908,0.954,-0.977,0.994,0.996,-0.989,0.848,0.974,0.986,0.826,-0.943,0.915,0.995,-0.806,-0.919,-0.989,0.985,0.931,-0.996,0.996,0.99,-0.951,-0.987,0.993,-0.902,0.998,-0.977,-0.886,0.658,0.605,-0.586,0.502,-0.975,-0.777,-0.946,0.972,-0.995,-0.993,-0.618,-0.949,-0.992,-0.976,-0.669,-0.86,0.652,0.984,0.996,-0.976,0.353,-0.972,0.684,0.96,-0.908,-0.769,0.838,-0.958,0.828,0.996,0.839,0.939,0.99,-0.941,0.995,0.967,-0.989,-0.994,0.752,-0.992,-0.994,0.992,-0.878,-0.921,6.832,5.183,10.435,10.418,10.445,10.438,10.418,10.4,6.23,5.381,10.452,10.425,6.486,6.425,10.481,10.413,EssenceCatalog/problems/csplib-prob010-SocialGolfers/params/f5c347fa06f76b5b57b456a8da165284.param
-0.996,-0.987,-0.939,-0.701,0.984,-0.939,-0.967,-0.999,0.959,0.954,0.989,0.44,-0.98,-0.938,0.891,0.981,0.997,-0.583,0.991,0.995,-0.987,0.985,-0.997,-0.987,0.967,0.877,-0.995,-0.846,-0.863,0.974,-0.97,0.991,0.991,-0.993,0.769,0.958,0.981,0.783,-0.935,0.764,0.997,-0.511,-0.884,-0.992,0.989,0.465,-0.998,0.995,0.988,-0.902,-0.981,0.993,-0.936,0.998,-0.985,-0.857,-0.816,0.943,-0.607,0.553,-0.946,-0.816,-0.979,0.976,-0.995,-0.994,0.194,-0.947,-0.995,-0.972,-0.459,-0.929,0.701,0.969,0.995,-0.943,-0.613,-0.941,0.867,0.978,-0.887,-0.896,0.894,-0.96,0.877,0.995,-0.303,0.976,0.989,-0.909,0.993,0.936,-0.979,-0.988,-0.137,-0.992,-0.996,0.989,-0.985,-0.973,5.251,4.487,10.379,10.278,10.276,10.313,10.279,10.246,5.238,4.64,10.361,10.274,5.504,5.193,10.329,10.314,EssenceCatalog/problems/csplib-prob010-SocialGolfers/params/de9826d1bce14be8c456fe39cc7503cc.param
-0.999,-0.992,-0.969,-0.871,0.903,-0.965,-0.974,-0.999,0.951,0.985,0.994,0.812,-0.988,-0.974,0.955,0.988,0.998,-0.73,0.993,0.998,-0.993,0.996,-0.997,-0.986,0.957,0.82,-0.998,-0.926,-0.863,0.978,-0.978,0.996,0.995,-0.994,0.625,0.935,0.974,0.883,-0.982,0.72,0.998,-0.621,-0.721,-0.988,0.994,-0.314,-0.999,0.999,0.987,-0.921,-0.992,0.995,-0.971,0.999,-0.992,-0.963,-0.868,0.258,-0.931,0.756,-0.981,-0.883,-0.989,0.985,-0.997,-0.997,-0.504,-0.976,-0.997,-0.987,-0.592,-0.72,0.93,0.963,0.998,-0.871,-0.074,-0.919,0.946,0.993,-0.911,-0.959,0.96,-0.974,0.917,0.998,-0.844,0.247,0.991,-0.784,0.995,0.95,-0.986,-0.995,-0.172,-0.992,-0.997,0.995,-0.918,-0.983,5.916,4.503,10.473,10.391,10.385,10.472,10.401,10.341,5.533,4.673,10.467,10.37,5.842,5.416,10.447,10.388,EssenceCatalog/problems/csplib-prob010-SocialGolfers/params/5f93f6ac58cb24e81e1ad4b16ca85d95.param
-0.998,-0.996,-0.961,-0.854,0.978,-0.942,-0.976,-0.999,0.938,0.995,0.994,0.763,-0.985,-0.978,0.965,0.971,0.999,-0.603,0.992,0.998,-0.996,0.989,-0.998,-0.975,0.972,0.893,-0.997,-0.941,-0.825,0.984,-0.972,0.996,0.991,-0.991,0.641,0.881,0.973,0.866,-0.98,0.353,0.999,-0.544,-0.768,-0.993,0.991,-0.761,-0.999,0.998,0.977,-0.875,-0.989,0.996,-0.977,0.999,-0.99,-0.966,-0.978,0.868,-0.932,0.755,-0.959,-0.905,-0.994,0.983,-0.998,-0.997,0.514,-0.982,-0.998,-0.982,-0.599,-0.931,0.936,0.946,0.998,-0.792,-0.795,-0.881,0.965,0.996,-0.88,-0.966,0.968,-0.976,0.919,0.997,-0.978,0.843,0.992,-0.805,0.995,0.862,-0.985,-0.991,-0.828,-0.993,-0.997,0.995,-0.986,-0.988,4.894,4.177,10.31,10.33,10.294,10.372,10.306,10.236,4.938,4.316,10.288,10.304,5.24,4.777,10.261,10.337,EssenceCatalog/problems/csplib-prob010-SocialGolfers/params/962c9d1544bc413c6e5d6facd7c0676e.param
-0.998,-0.993,-0.969,-0.839,0.965,-0.948,-0.971,-0.999,0.957,0.993,0.993,0.74,-0.984,-0.971,0.955,0.983,0.998,-0.647,0.991,0.998,-0.995,0.994,-0.997,-0.986,0.959,0.857,-0.997,-0.923,-0.833,0.982,-0.973,0.995,0.991,-0.994,0.61,0.918,0.973,0.874,-0.975,0.557,0.998,-0.539,-0.744,-0.991,0.994,-0.621,-0.998,0.998,0.986,-0.886,-0.989,0.995,-0.97,0.999,-0.992,-0.958,-0.966,0.761,-0.918,0.742,-0.967,-0.887,-0.991,0.982,-0.997,-0.996,0.124,-0.978,-0.997,-0.982,-0.552,-0.887,0.923,0.953,0.998,-0.811,-0.671,-0.885,0.948,0.993,-0.89,-0.956,0.957,-0.977,0.909,0.997,-0.939,0.763,0.99,-0.779,0.994,0.922,-0.984,-0.992,-0.609,-0.992,-0.997,0.995,-0.975,-0.984,5.137,4.267,10.379,10.323,10.284,10.376,10.303,10.239,5.092,4.422,10.369,10.298,5.384,4.945,10.335,10.324,EssenceCatalog/problems/csplib-prob010-SocialGolfers/params/5ef2cc05422b08dd07566c42a0f1839b.param
-0.998,-0.966,-0.948,-0.916,0.683,-0.985,-0.992,-0.998,0.983,-0.258,0.991,0.826,-0.996,-0.932,0.89,0.975,0.992,-0.563,0.987,0.995,-0.964,0.991,-0.994,-0.993,0.997,0.974,-0.997,-0.837,-0.927,0.95,-0.99,0.996,0.997,-0.992,0.781,0.965,0.987,0.917,-0.971,0.919,0.993,-0.931,-0.878,-0.99,0.994,0.924,-0.996,0.997,0.995,-0.967,-0.992,0.993,-0.9,0.997,-0.988,-0.958,0.912,-0.74,-0.872,0.765,-0.986,-0.857,-0.936,0.976,-0.997,-0.993,-0.882,-0.982,-0.991,-0.982,-0.83,-0.864,0.885,0.99,0.998,-0.962,0.743,-0.972,0.454,0.97,-0.901,-0.572,0.875,-0.987,0.806,0.998,0.861,0.641,0.991,-0.928,0.995,0.98,-0.994,-0.997,0.781,-0.994,-0.99,0.995,-0.137,-0.799,7.976,5.446,10.43,10.48,10.451,10.47,10.45,10.383,6.769,5.659,10.443,10.453,7.064,7.097,10.482,10.415,EssenceCatalog/problems/csplib-prob010-SocialGolfers/params/b5c5451bea977fa7a526c5e7b2ab3295.param
-0.996,-0.979,-0.906,-0.707,0.976,-0.955,-0.974,-0.998,0.963,0.69,0.988,0.418,-0.986,-0.913,0.841,0.975,0.995,-0.585,0.991,0.994,-0.973,0.979,-0.996,-0.988,0.979,0.911,-0.996,-0.787,-0.889,0.965,-0.974,0.993,0.994,-0.99,0.829,0.967,0.985,0.779,-0.927,0.861,0.996,-0.71,-0.917,-0.991,0.985,0.873,-0.997,0.995,0.989,-0.933,-0.983,0.993,-0.91,0.998,-0.978,-0.851,0.061,0.88,-0.469,0.476,-0.96,-0.786,-0.961,0.972,-0.995,-0.993,-0.236,-0.941,-0.994,-0.972,-0.582,-0.917,0.607,0.981,0.995,-0.971,-0.138,-0.965,0.742,0.964,-0.894,-0.808,0.846,-0.96,0.837,0.995,0.594,0.977,0.988,-0.939,0.994,0.953,-0.983,-0.991,0.445,-0.992,-0.994,0.99,-0.963,-0.946,6.065,4.893,10.409,10.327,10.36,10.354,10.333,10.333,5.774,5.069,10.418,10.344,6.033,5.885,10.415,10.352,EssenceCatalog/problems/csplib-prob010-SocialGolfers/params/b1b0eb06b3a03fc079832177c57f645d.param
-1.0,-0.996,-0.993,-0.994,-0.969,-0.993,-0.999,-1.0,0.987,-0.975,0.999,0.996,-0.998,-0.997,0.993,0.979,0.999,-0.986,0.999,1.0,-0.995,0.995,-0.999,-0.993,0.999,0.995,-0.999,-0.986,-0.992,0.967,-0.998,1.0,1.0,-0.975,0.988,0.994,0.996,0.992,-0.999,0.989,1.0,-0.992,-0.982,-0.999,0.995,0.994,-0.999,0.998,0.991,-0.997,-1.0,0.998,-0.993,1.0,-0.984,-0.994,0.996,-0.998,-0.995,0.978,-0.997,-0.989,-0.986,0.997,-0.998,-1.0,-0.991,-0.996,-0.999,-0.999,-0.984,0.15,0.994,0.996,1.0,-0.996,0.992,-0.997,0.972,0.984,-0.994,-0.987,0.993,-0.99,0.993,1.0,0.993,-0.982,0.999,-0.981,0.999,0.994,-0.998,-0.999,0.994,-0.998,-0.998,0.997,0.989,-0.841,9.562,5.782,10.443,10.449,10.436,10.539,10.554,10.504,7.563,6.083,10.409,10.387,8.042,7.846,10.418,10.47,EssenceCatalog/problems/csplib-prob010-SocialGolfers/params/b25c3256944138e976a0a5aab850a15e.param
-0.996,-0.989,-0.944,-0.746,0.983,-0.946,-0.974,-0.999,0.963,0.956,0.99,0.452,-0.985,-0.946,0.893,0.981,0.997,-0.592,0.99,0.996,-0.986,0.986,-0.997,-0.988,0.97,0.886,-0.995,-0.837,-0.86,0.978,-0.972,0.992,0.991,-0.994,0.728,0.952,0.98,0.805,-0.943,0.763,0.997,-0.541,-0.878,-0.992,0.989,0.454,-0.998,0.996,0.989,-0.904,-0.983,0.993,-0.937,0.998,-0.986,-0.892,-0.812,0.913,-0.677,0.526,-0.952,-0.821,-0.979,0.977,-0.996,-0.994,0.103,-0.954,-0.995,-0.974,-0.502,-0.933,0.744,0.971,0.996,-0.935,-0.644,-0.94,0.854,0.98,-0.885,-0.877,0.894,-0.967,0.87,0.995,-0.37,0.968,0.99,-0.888,0.993,0.938,-0.98,-0.989,-0.135,-0.993,-0.996,0.99,-0.981,-0.971,5.297,4.497,10.41,10.312,10.306,10.343,10.31,10.268,5.262,4.649,10.392,10.303,5.527,5.219,10.361,10.347,EssenceCatalog/problems/csplib-prob010-SocialGolfers/params/742b602b1db21c0d6b146935f536472b.param
-0.996,-0.971,-0.935,-0.858,0.924,-0.974,-0.987,-0.998,0.978,0.425,0.987,0.639,-0.993,-0.92,0.86,0.973,0.993,-0.497,0.986,0.994,-0.966,0.987,-0.994,-0.992,0.993,0.953,-0.996,-0.786,-0.896,0.964,-0.984,0.994,0.994,-0.992,0.734,0.955,0.984,0.862,-0.947,0.862,0.993,-0.856,-0.874,-0.99,0.992,0.863,-0.995,0.996,0.993,-0.944,-0.986,0.993,-0.889,0.997,-0.987,-0.927,0.57,0.149,-0.754,0.624,-0.975,-0.82,-0.948,0.971,-0.996,-0.991,-0.638,-0.97,-0.991,-0.974,-0.726,-0.921,0.791,0.986,0.997,-0.952,0.227,-0.959,0.505,0.969,-0.873,-0.597,0.842,-0.983,0.773,0.996,0.651,0.921,0.988,-0.917,0.993,0.968,-0.989,-0.995,0.511,-0.993,-0.991,0.994,-0.796,-0.88,6.844,5.119,10.436,10.435,10.431,10.436,10.407,10.362,6.181,5.296,10.456,10.435,6.438,6.394,10.479,10.409,EssenceCatalog/problems/csplib-prob010-SocialGolfers/params/06ed70e75df40246a578e69ab1b43b4d.param
-1.0,-0.991,-0.979,-0.927,0.206,-0.977,-0.982,-0.999,0.93,0.945,0.996,0.944,-0.989,-0.982,0.972,0.991,0.998,-0.879,0.995,0.998,-0.993,0.997,-0.997,-0.982,0.965,0.849,-0.998,-0.956,-0.922,0.97,-0.984,0.998,0.998,-0.987,0.741,0.955,0.977,0.935,-0.994,0.833,0.998,-0.774,-0.713,-0.987,0.992,0.114,-0.999,0.999,0.98,-0.964,-0.997,0.995,-0.978,0.999,-0.986,-0.979,-0.268,-0.881,-0.974,0.865,-0.989,-0.93,-0.991,0.99,-0.997,-0.998,-0.898,-0.984,-0.998,-0.993,-0.74,-0.105,0.961,0.969,0.999,-0.929,0.79,-0.954,0.958,0.989,-0.95,-0.977,0.976,-0.963,0.944,0.998,-0.577,-0.899,0.994,-0.794,0.996,0.967,-0.988,-0.997,0.547,-0.991,-0.996,0.995,-0.08,-0.98,7.652,4.96,10.398,10.361,10.354,10.497,10.443,10.394,6.42,5.179,10.397,10.346,6.826,6.391,10.383,10.329,EssenceCatalog/problems/csplib-prob010-SocialGolfers/params/0dcb8fa9d14ebb04fd57bfb353dd215d.param
-0.996,-0.991,-0.945,-0.765,0.987,-0.942,-0.977,-0.999,0.96,0.98,0.99,0.484,-0.984,-0.954,0.915,0.975,0.998,-0.574,0.99,0.996,-0.99,0.984,-0.998,-0.985,0.973,0.902,-0.995,-0.865,-0.844,0.982,-0.972,0.993,0.99,-0.994,0.715,0.936,0.98,0.812,-0.949,0.653,0.998,-0.515,-0.869,-0.993,0.99,0.129,-0.998,0.996,0.986,-0.891,-0.982,0.994,-0.949,0.999,-0.987,-0.91,-0.92,0.947,-0.739,0.57,-0.945,-0.853,-0.985,0.979,-0.997,-0.994,0.427,-0.963,-0.996,-0.974,-0.505,-0.953,0.795,0.967,0.997,-0.916,-0.792,-0.928,0.894,0.986,-0.879,-0.901,0.915,-0.97,0.885,0.995,-0.727,0.976,0.99,-0.878,0.993,0.918,-0.98,-0.988,-0.503,-0.993,-0.996,0.991,-0.989,-0.978,4.987,4.338,10.354,10.298,10.272,10.331,10.284,10.228,5.049,4.477,10.334,10.285,5.327,4.956,10.296,10.323,EssenceCatalog/problems/csplib-prob010-SocialGolfers/params/a197c9ebc4222a75cc50bf9fb7b89ca1.param
-0.998,-0.989,-0.96,-0.785,0.958,-0.96,-0.961,-0.999,0.953,0.979,0.992,0.657,-0.983,-0.958,0.938,0.985,0.997,-0.625,0.991,0.997,-0.99,0.995,-0.996,-0.987,0.952,0.802,-0.997,-0.885,-0.841,0.976,-0.971,0.994,0.993,-0.994,0.636,0.949,0.973,0.864,-0.967,0.733,0.997,-0.579,-0.774,-0.987,0.992,-0.112,-0.998,0.998,0.988,-0.905,-0.987,0.994,-0.952,0.999,-0.99,-0.939,-0.845,0.662,-0.86,0.652,-0.974,-0.846,-0.985,0.98,-0.996,-0.995,-0.306,-0.968,-0.996,-0.981,-0.486,-0.792,0.872,0.962,0.997,-0.886,-0.248,-0.917,0.914,0.989,-0.899,-0.934,0.938,-0.965,0.883,0.997,-0.715,0.751,0.99,-0.826,0.994,0.943,-0.986,-0.994,-0.13,-0.991,-0.996,0.994,-0.958,-0.978,5.562,4.47,10.428,10.34,10.333,10.404,10.35,10.3,5.373,4.634,10.421,10.329,5.658,5.28,10.397,10.349,EssenceCatalog/problems/csplib-prob010-SocialGolfers/params/bd147a2264a356d3115e4b3633208d0f.param
-0.997,-0.97,-0.942,-0.894,0.885,-0.978,-0.99,-0.998,0.981,0.25,0.988,0.71,-0.995,-0.927,0.872,0.973,0.993,-0.511,0.984,0.995,-0.965,0.988,-0.994,-0.992,0.995,0.963,-0.996,-0.797,-0.905,0.963,-0.987,0.994,0.995,-0.992,0.723,0.953,0.985,0.887,-0.958,0.872,0.993,-0.891,-0.869,-0.99,0.993,0.871,-0.995,0.996,0.994,-0.95,-0.989,0.993,-0.89,0.997,-0.988,-0.944,0.704,-0.266,-0.818,0.677,-0.979,-0.839,-0.946,0.973,-0.997,-0.991,-0.731,-0.976,-0.99,-0.977,-0.777,-0.919,0.836,0.988,0.997,-0.95,0.346,-0.961,0.444,0.97,-0.875,-0.539,0.85,-0.987,0.767,0.997,0.688,0.868,0.99,-0.911,0.993,0.972,-0.991,-0.996,0.567,-0.994,-0.99,0.995,-0.635,-0.851,7.2,5.214,10.44,10.454,10.439,10.444,10.419,10.365,6.361,5.401,10.458,10.448,6.625,6.616,10.489,10.412,EssenceCatalog/problems/csplib-prob010-SocialGolfers/params/cc9623977ecf2996760d141a5649e1ac.param
-0.997,-0.977,-0.901,-0.676,0.962,-0.96,-0.963,-0.999,0.945,0.632,0.989,0.51,-0.982,-0.908,0.855,0.975,0.994,-0.605,0.992,0.994,-0.971,0.986,-0.995,-0.985,0.967,0.858,-0.997,-0.797,-0.887,0.955,-0.969,0.994,0.995,-0.986,0.828,0.971,0.985,0.797,-0.943,0.881,0.996,-0.734,-0.902,-0.989,0.981,0.875,-0.997,0.996,0.985,-0.941,-0.986,0.994,-0.91,0.998,-0.972,-0.863,0.357,0.78,-0.552,0.51,-0.972,-0.763,-0.961,0.975,-0.994,-0.994,-0.529,-0.943,-0.994,-0.977,-0.541,-0.793,0.626,0.979,0.996,-0.972,0.298,-0.967,0.783,0.964,-0.906,-0.85,0.859,-0.937,0.834,0.996,0.679,0.94,0.988,-0.931,0.995,0.952,-0.987,-0.993,0.603,-0.991,-0.994,0.991,-0.94,-0.951,6.469,5.027,10.411,10.372,10.406,10.423,10.39,10.396,6.017,5.21,10.431,10.394,6.277,6.13,10.443,10.38,EssenceCatalog/problems/csplib-prob010-SocialGolfers/params/851051c4f4e3dabbcf4d7a4e7077dd60.param
-0.998,-0.996,0.951,-0.658,0.991,-0.902,-0.986,-0.998,-0.95,0.645,0.995,0.927,-0.951,-0.965,0.968,-0.979,0.995,-0.823,0.996,0.998,-0.981,-0.945,-0.997,0.98,0.999,0.984,-0.998,-0.921,-0.835,0.989,-0.961,0.999,0.997,0.974,0.887,-0.64,0.985,0.48,-0.991,-0.897,0.997,-0.982,-0.939,-0.993,-0.969,0.979,-0.997,0.999,-0.989,-0.98,-0.989,0.998,-0.936,0.997,0.845,-0.991,0.993,0.933,-0.906,0.818,-0.919,-0.89,-0.981,0.981,-0.998,-0.995,0.747,-0.989,-0.996,-0.967,-0.927,-0.971,0.905,0.951,0.999,-0.991,0.934,-0.993,0.98,0.996,-0.638,-0.924,0.957,0.118,0.916,0.998,-0.849,0.956,0.995,-0.985,0.995,-0.944,-0.996,-0.985,-0.939,-0.997,-0.989,0.995,-0.982,-0.976,4.362,3.44,5.027,10.127,10.557,10.432,10.569,10.607,4.242,3.683,5.096,10.1,4.775,4.388,6.013,10.082,EssenceCatalog/problems/csplib-prob010-SocialGolfers/params/353b781632e7a29beeff3cdfc5d98f94.param
-0.996,-0.984,-0.931,-0.743,0.977,-0.954,-0.976,-0.999,0.964,0.892,0.989,0.431,-0.987,-0.933,0.869,0.979,0.996,-0.581,0.99,0.995,-0.979,0.985,-0.996,-0.988,0.975,0.896,-0.996,-0.804,-0.872,0.974,-0.974,0.992,0.993,-0.993,0.744,0.956,0.981,0.79,-0.936,0.817,0.996,-0.63,-0.884,-0.991,0.988,0.697,-0.997,0.996,0.989,-0.916,-0.983,0.993,-0.92,0.998,-0.984,-0.891,-0.495,0.866,-0.626,0.496,-0.961,-0.791,-0.971,0.975,-0.996,-0.993,-0.145,-0.95,-0.994,-0.973,-0.549,-0.92,0.714,0.977,0.996,-0.951,-0.399,-0.952,0.802,0.976,-0.884,-0.838,0.869,-0.967,0.845,0.995,0.082,0.964,0.989,-0.903,0.993,0.947,-0.983,-0.991,0.199,-0.993,-0.995,0.991,-0.969,-0.961,5.675,4.683,10.434,10.332,10.349,10.358,10.338,10.312,5.508,4.846,10.426,10.332,5.772,5.54,10.408,10.368,EssenceCatalog/problems/csplib-prob010-SocialGolfers/params/df7c9acbf0ad1b0cec063b6772518e14.param
-0.997,-0.99,-0.952,-0.751,0.981,-0.947,-0.965,-0.999,0.954,0.98,0.99,0.569,-0.982,-0.954,0.924,0.982,0.997,-0.573,0.991,0.997,-0.991,0.991,-0.997,-0.986,0.963,0.853,-0.997,-0.873,-0.842,0.978,-0.97,0.993,0.991,-0.994,0.699,0.945,0.977,0.832,-0.952,0.697,0.997,-0.52,-0.834,-0.991,0.992,-0.016,-0.998,0.997,0.988,-0.895,-0.983,0.994,-0.949,0.999,-0.989,-0.913,-0.9,0.9,-0.777,0.609,-0.96,-0.84,-0.984,0.979,-0.996,-0.995,0.133,-0.961,-0.996,-0.977,-0.449,-0.9,0.828,0.963,0.997,-0.903,-0.609,-0.92,0.91,0.988,-0.886,-0.924,0.924,-0.968,0.883,0.996,-0.715,0.94,0.989,-0.861,0.993,0.929,-0.983,-0.991,-0.342,-0.992,-0.996,0.993,-0.983,-0.979,5.163,4.376,10.383,10.303,10.283,10.351,10.298,10.246,5.154,4.527,10.367,10.292,5.428,5.054,10.332,10.321,EssenceCatalog/problems/csplib-prob010-SocialGolfers/params/66e3c74766a2c9e8a77b43c2b1f26e85.param
-0.997,-0.986,-0.95,-0.762,0.971,-0.955,-0.966,-0.999,0.959,0.962,0.989,0.579,-0.983,-0.945,0.912,0.982,0.997,-0.579,0.99,0.996,-0.987,0.992,-0.996,-0.988,0.966,0.863,-0.996,-0.851,-0.843,0.975,-0.973,0.993,0.992,-0.994,0.662,0.946,0.977,0.838,-0.95,0.727,0.996,-0.603,-0.814,-0.989,0.992,0.236,-0.998,0.997,0.989,-0.905,-0.984,0.993,-0.934,0.998,-0.989,-0.914,-0.79,0.8,-0.781,0.615,-0.965,-0.823,-0.98,0.976,-0.996,-0.994,-0.169,-0.962,-0.995,-0.976,-0.479,-0.881,0.813,0.968,0.997,-0.909,-0.398,-0.923,0.856,0.984,-0.883,-0.891,0.907,-0.969,0.86,0.996,-0.503,0.916,0.988,-0.864,0.993,0.943,-0.983,-0.992,-0.136,-0.991,-0.995,0.993,-0.968,-0.969,5.459,4.502,10.417,10.333,10.324,10.378,10.334,10.287,5.341,4.659,10.408,10.324,5.612,5.287,10.379,10.354,EssenceCatalog/problems/csplib-prob010-SocialGolfers/params/6fd7e3b9b68c4cc14329e476b586eb93.param
-0.997,-0.974,-0.891,-0.756,0.954,-0.965,-0.982,-0.998,0.969,0.015,0.989,0.495,-0.989,-0.906,0.818,0.971,0.994,-0.603,0.992,0.994,-0.96,0.976,-0.996,-0.989,0.988,0.946,-0.996,-0.781,-0.921,0.956,-0.978,0.994,0.996,-0.987,0.889,0.975,0.989,0.808,-0.936,0.917,0.995,-0.831,-0.944,-0.992,0.983,0.958,-0.996,0.995,0.99,-0.954,-0.986,0.994,-0.901,0.998,-0.973,-0.859,0.733,0.77,-0.469,0.483,-0.967,-0.804,-0.944,0.972,-0.995,-0.994,-0.486,-0.948,-0.993,-0.974,-0.718,-0.916,0.592,0.987,0.996,-0.983,0.298,-0.979,0.671,0.954,-0.905,-0.754,0.835,-0.963,0.836,0.996,0.89,0.973,0.99,-0.96,0.995,0.964,-0.988,-0.993,0.721,-0.993,-0.994,0.991,-0.916,-0.911,6.754,5.193,10.412,10.412,10.438,10.416,10.404,10.382,6.201,5.391,10.43,10.417,6.452,6.413,10.459,10.408,EssenceCatalog/problems/csplib-prob010-SocialGolfers/params/527eeddcb0b0c527baa6eaa3fe88a11b.param
-0.999,-0.993,-0.97,-0.905,0.859,-0.963,-0.981,-0.999,0.942,0.987,0.995,0.87,-0.989,-0.976,0.963,0.982,0.998,-0.736,0.992,0.998,-0.994,0.995,-0.997,-0.981,0.972,0.879,-0.998,-0.931,-0.857,0.98,-0.98,0.997,0.995,-0.991,0.555,0.898,0.97,0.89,-0.987,0.615,0.998,-0.677,-0.652,-0.988,0.993,-0.495,-0.999,0.999,0.982,-0.923,-0.993,0.995,-0.972,0.999,-0.99,-0.975,-0.875,-0.127,-0.958,0.803,-0.981,-0.896,-0.992,0.983,-0.998,-0.997,-0.507,-0.985,-0.997,-0.987,-0.67,-0.763,0.958,0.962,0.998,-0.831,0.028,-0.903,0.949,0.994,-0.9,-0.964,0.966,-0.978,0.915,0.998,-0.91,-0.081,0.991,-0.759,0.995,0.936,-0.988,-0.996,-0.295,-0.993,-0.996,0.995,-0.881,-0.982,6.06,4.471,10.409,10.356,10.337,10.437,10.349,10.284,5.56,4.645,10.401,10.328,5.886,5.434,10.38,10.33,EssenceCatalog/problems/csplib-prob010-SocialGolfers/params/1bc91c0577e6eb3ae4c325970ad1c58f.param
-0.997,-0.974,-0.887,-0.668,0.959,-0.958,-0.968,-0.999,0.947,0.227,0.99,0.501,-0.982,-0.901,0.825,0.974,0.995,-0.652,0.993,0.994,-0.962,0.979,-0.996,-0.987,0.97,0.888,-0.996,-0.807,-0.913,0.944,-0.969,0.993,0.995,-0.982,0.891,0.978,0.989,0.783,-0.946,0.915,0.996,-0.759,-0.939,-0.991,0.975,0.949,-0.997,0.994,0.985,-0.954,-0.989,0.994,-0.914,0.998,-0.961,-0.803,0.621,0.829,-0.417,0.464,-0.966,-0.791,-0.955,0.975,-0.993,-0.995,-0.552,-0.938,-0.994,-0.978,-0.635,-0.826,0.465,0.982,0.995,-0.985,0.397,-0.978,0.756,0.938,-0.918,-0.856,0.845,-0.925,0.855,0.996,0.884,0.962,0.989,-0.954,0.996,0.957,-0.985,-0.991,0.742,-0.991,-0.995,0.988,-0.933,-0.934,6.678,5.15,10.386,10.363,10.397,10.388,10.378,10.389,6.164,5.352,10.404,10.379,6.415,6.326,10.426,10.366,EssenceCatalog/problems/csplib-prob010-SocialGolfers/params/7f566e0b71c60439847f46e22abc3e50.param
-0.997,-0.991,-0.947,-0.765,0.987,-0.942,-0.976,-0.999,0.962,0.98,0.99,0.487,-0.984,-0.955,0.915,0.978,0.998,-0.573,0.99,0.996,-0.99,0.985,-0.997,-0.986,0.972,0.895,-0.996,-0.867,-0.843,0.981,-0.972,0.993,0.99,-0.994,0.71,0.94,0.979,0.812,-0.949,0.666,0.998,-0.506,-0.867,-0.993,0.99,0.094,-0.998,0.996,0.987,-0.888,-0.982,0.994,-0.949,0.999,-0.987,-0.91,-0.922,0.943,-0.737,0.577,-0.946,-0.855,-0.985,0.979,-0.997,-0.995,0.402,-0.962,-0.996,-0.974,-0.495,-0.95,0.797,0.966,0.997,-0.913,-0.788,-0.928,0.897,0.986,-0.88,-0.903,0.916,-0.969,0.886,0.995,-0.732,0.973,0.99,-0.874,0.993,0.922,-0.98,-0.988,-0.476,-0.993,-0.996,0.991,-0.988,-0.978,4.997,4.338,10.357,10.294,10.269,10.327,10.281,10.225,5.054,4.478,10.337,10.28,5.331,4.959,10.299,10.318,EssenceCatalog/problems/csplib-prob010-SocialGolfers/params/0c90678ecf1eee93b9e1e001db29a101.param
-1.0,-0.996,-0.994,-0.994,-0.974,-0.995,-0.999,-1.0,0.993,-0.98,0.999,0.994,-0.998,-0.997,0.991,0.987,0.999,-0.985,0.999,1.0,-0.994,0.997,-0.999,-0.997,0.999,0.995,-1.0,-0.985,-0.992,0.965,-0.998,1.0,1.0,-0.988,0.988,0.996,0.996,0.993,-0.999,0.993,1.0,-0.993,-0.986,-0.999,0.997,0.995,-0.999,0.998,0.996,-0.997,-1.0,0.999,-0.992,1.0,-0.991,-0.994,0.997,-0.998,-0.993,0.977,-0.998,-0.989,-0.983,0.997,-0.998,-1.0,-0.991,-0.996,-0.999,-0.999,-0.985,0.104,0.994,0.996,1.0,-0.997,0.991,-0.997,0.966,0.986,-0.994,-0.984,0.992,-0.992,0.993,1.0,0.995,-0.978,0.999,-0.981,0.999,0.996,-0.999,-0.999,0.995,-0.998,-0.998,0.998,0.989,-0.822,9.564,5.788,10.456,10.456,10.442,10.544,10.558,10.508,7.565,6.088,10.419,10.395,8.043,7.853,10.43,10.477,EssenceCatalog/problems/csplib-prob010-SocialGolfers/params/3d60cb90b00fa36979d21c11b39d50ff.param
-0.998,-0.997,0.971,-0.509,0.993,-0.804,-0.951,-0.998,-0.985,0.916,0.994,0.945,-0.783,-0.971,0.977,-0.987,0.995,-0.816,0.997,0.998,-0.987,-0.97,-0.997,0.994,0.998,0.968,-0.998,-0.956,-0.701,0.985,-0.925,0.999,0.994,0.99,0.865,-0.813,0.974,0.48,-0.992,-0.972,0.998,-0.976,-0.908,-0.991,-0.988,0.94,-0.996,0.998,-0.997,-0.974,-0.987,0.998,-0.946,0.996,0.909,-0.992,0.982,0.972,-0.946,0.861,-0.886,-0.911,-0.989,0.977,-0.997,-0.995,0.939,-0.985,-0.996,-0.968,-0.91,-0.966,0.916,0.882,0.999,-0.982,0.941,-0.987,0.988,0.997,-0.531,-0.963,0.973,0.65,0.916,0.998,-0.981,0.921,0.995,-0.98,0.994,-0.984,-0.995,-0.962,-0.986,-0.995,-0.988,0.995,-0.989,-0.98,4.144,3.294,4.726,10.038,10.513,10.386,10.533,10.618,4.067,3.541,4.8,10.022,4.638,4.205,5.74,10.003,EssenceCatalog/problems/csplib-prob010-SocialGolfers/params/dcd2f74725e16183d4dafcfb9712050b.param
-0.998,-0.995,0.945,-0.787,0.988,-0.862,-0.988,-0.997,-0.95,0.727,0.993,0.953,-0.959,-0.965,0.968,-0.985,0.994,-0.823,0.994,0.997,-0.978,-0.969,-0.995,0.987,0.999,0.986,-0.998,-0.928,-0.808,0.987,-0.966,0.999,0.995,0.981,0.848,-0.826,0.976,0.409,-0.987,-0.921,0.997,-0.983,-0.92,-0.992,-0.969,0.973,-0.994,0.998,-0.992,-0.975,-0.987,0.997,-0.928,0.995,0.847,-0.991,0.991,0.88,-0.93,0.854,-0.873,-0.903,-0.98,0.975,-0.997,-0.994,0.758,-0.989,-0.994,-0.961,-0.936,-0.977,0.928,0.938,0.998,-0.986,0.936,-0.988,0.979,0.996,-0.467,-0.932,0.957,-0.02,0.913,0.998,-0.896,0.937,0.994,-0.981,0.992,-0.951,-0.994,-0.981,-0.959,-0.996,-0.982,0.994,-0.976,-0.969,4.338,3.416,4.988,10.105,10.52,10.401,10.523,10.557,4.202,3.646,5.056,10.079,4.738,4.347,5.984,10.056,EssenceCatalog/problems/csplib-prob010-SocialGolfers/params/a6c9ff89f809b1be21d71b5cc8cc8ae8.param
-0.998,-0.971,-0.89,-0.712,0.914,-0.97,-0.967,-0.999,0.941,-0.039,0.99,0.646,-0.984,-0.902,0.849,0.972,0.993,-0.656,0.993,0.995,-0.959,0.986,-0.995,-0.985,0.975,0.885,-0.997,-0.815,-0.916,0.933,-0.972,0.994,0.996,-0.978,0.882,0.979,0.989,0.84,-0.96,0.926,0.995,-0.829,-0.925,-0.989,0.975,0.956,-0.997,0.996,0.983,-0.963,-0.991,0.994,-0.912,0.998,-0.961,-0.866,0.851,0.466,-0.593,0.534,-0.979,-0.794,-0.948,0.977,-0.993,-0.995,-0.773,-0.952,-0.994,-0.981,-0.669,-0.683,0.608,0.983,0.996,-0.984,0.708,-0.979,0.727,0.942,-0.921,-0.838,0.856,-0.922,0.84,0.997,0.916,0.88,0.989,-0.948,0.996,0.963,-0.99,-0.995,0.833,-0.991,-0.994,0.991,-0.827,-0.917,7.203,5.301,10.403,10.433,10.457,10.466,10.451,10.435,6.447,5.515,10.426,10.435,6.71,6.647,10.465,10.415,EssenceCatalog/problems/csplib-prob010-SocialGolfers/params/9de31cacd82e17365c608c0f634f7654.param
-0.997,-0.967,-0.918,-0.832,0.905,-0.976,-0.985,-0.998,0.974,0.125,0.988,0.662,-0.993,-0.909,0.855,0.972,0.992,-0.529,0.988,0.994,-0.962,0.987,-0.994,-0.991,0.992,0.95,-0.997,-0.79,-0.909,0.954,-0.983,0.994,0.996,-0.99,0.795,0.966,0.986,0.864,-0.948,0.895,0.993,-0.873,-0.893,-0.989,0.991,0.918,-0.996,0.996,0.992,-0.953,-0.988,0.993,-0.89,0.997,-0.983,-0.919,0.778,0.109,-0.713,0.624,-0.979,-0.803,-0.939,0.971,-0.996,-0.992,-0.724,-0.967,-0.991,-0.976,-0.726,-0.887,0.767,0.987,0.997,-0.967,0.481,-0.968,0.538,0.964,-0.889,-0.637,0.84,-0.977,0.795,0.997,0.812,0.907,0.989,-0.935,0.994,0.97,-0.99,-0.996,0.679,-0.993,-0.991,0.994,-0.76,-0.878,7.152,5.25,10.429,10.456,10.458,10.461,10.434,10.384,6.373,5.442,10.45,10.453,6.63,6.619,10.486,10.422,EssenceCatalog/problems/csplib-prob010-SocialGolfers/params/2afbbcfa9f53656ea4659405495518a0.param
-1.0,-0.995,-0.989,-0.989,-0.98,-0.99,-0.997,-1.0,0.968,-0.979,0.999,0.996,-0.992,-0.996,0.993,0.97,0.998,-0.988,0.999,1.0,-0.994,0.992,-0.999,-0.984,0.998,0.989,-0.999,-0.99,-0.991,0.928,-0.996,0.999,1.0,-0.93,0.991,0.994,0.995,0.992,-0.999,0.986,0.999,-0.989,-0.983,-0.998,0.983,0.994,-0.999,0.995,0.97,-0.996,-1.0,0.997,-0.993,1.0,-0.958,-0.989,0.996,-0.998,-0.994,0.975,-0.996,-0.988,-0.982,0.996,-0.994,-1.0,-0.99,-0.995,-0.998,-0.999,-0.981,0.623,0.989,0.991,0.999,-0.997,0.994,-0.997,0.977,0.967,-0.994,-0.991,0.993,-0.958,0.992,0.999,0.993,-0.992,0.998,-0.979,0.999,0.988,-0.997,-0.999,0.994,-0.995,-0.997,0.994,0.991,-0.795,9.566,5.747,10.332,10.342,10.339,10.443,10.486,10.436,7.545,6.055,10.307,10.277,8.035,7.808,10.304,10.367,EssenceCatalog/problems/csplib-prob010-SocialGolfers/params/ord33-7-7-7.param
-0.997,-0.982,-0.943,-0.741,0.947,-0.962,-0.959,-0.999,0.952,0.914,0.99,0.588,-0.983,-0.935,0.903,0.985,0.996,-0.621,0.991,0.995,-0.981,0.993,-0.995,-0.988,0.958,0.816,-0.997,-0.84,-0.866,0.966,-0.971,0.993,0.994,-0.992,0.704,0.962,0.976,0.835,-0.955,0.834,0.996,-0.627,-0.821,-0.986,0.99,0.515,-0.998,0.997,0.989,-0.923,-0.987,0.993,-0.927,0.998,-0.985,-0.902,-0.392,0.594,-0.752,0.58,-0.975,-0.797,-0.974,0.976,-0.995,-0.994,-0.552,-0.954,-0.995,-0.979,-0.482,-0.743,0.782,0.971,0.996,-0.938,0.146,-0.941,0.845,0.979,-0.903,-0.895,0.902,-0.953,0.85,0.997,0.016,0.815,0.988,-0.873,0.994,0.956,-0.985,-0.994,0.365,-0.99,-0.995,0.992,-0.931,-0.964,6.132,4.782,10.46,10.37,10.395,10.432,10.393,10.38,5.758,4.951,10.459,10.38,6.032,5.765,10.453,10.385,EssenceCatalog/problems/csplib-prob010-SocialGolfers/params/df3ec6dd94a31f8754ed077102bf5e15.param
-0.998,-0.969,-0.892,-0.783,0.899,-0.973,-0.985,-0.998,0.972,-0.638,0.991,0.625,-0.99,-0.906,0.819,0.971,0.994,-0.693,0.993,0.994,-0.951,0.977,-0.996,-0.99,0.99,0.958,-0.997,-0.807,-0.943,0.937,-0.98,0.995,0.997,-0.983,0.936,0.984,0.993,0.856,-0.953,0.955,0.996,-0.892,-0.961,-0.993,0.981,0.984,-0.997,0.994,0.99,-0.97,-0.991,0.995,-0.913,0.998,-0.967,-0.86,0.936,0.538,-0.493,0.526,-0.975,-0.843,-0.929,0.976,-0.995,-0.996,-0.729,-0.954,-0.993,-0.979,-0.812,-0.869,0.593,0.989,0.996,-0.99,0.67,-0.987,0.629,0.933,-0.926,-0.771,0.846,-0.958,0.863,0.997,0.972,0.952,0.991,-0.97,0.997,0.974,-0.991,-0.994,0.883,-0.993,-0.994,0.991,-0.795,-0.867,7.332,5.403,10.438,10.481,10.498,10.466,10.471,10.435,6.542,5.628,10.45,10.467,6.795,6.81,10.495,10.461,EssenceCatalog/problems/csplib-prob010-SocialGolfers/params/1fd93c7f6a664023d465f26561b19f12.param
-0.996,-0.985,-0.929,-0.713,0.982,-0.949,-0.971,-0.999,0.963,0.918,0.988,0.397,-0.983,-0.933,0.872,0.979,0.996,-0.588,0.99,0.995,-0.982,0.984,-0.997,-0.988,0.97,0.884,-0.995,-0.814,-0.867,0.974,-0.971,0.991,0.992,-0.993,0.765,0.959,0.982,0.786,-0.932,0.797,0.996,-0.579,-0.891,-0.991,0.988,0.649,-0.997,0.995,0.989,-0.911,-0.982,0.993,-0.926,0.998,-0.984,-0.869,-0.643,0.917,-0.586,0.486,-0.954,-0.804,-0.973,0.975,-0.995,-0.993,0.003,-0.946,-0.995,-0.972,-0.502,-0.926,0.676,0.974,0.996,-0.951,-0.519,-0.948,0.815,0.974,-0.889,-0.856,0.872,-0.961,0.853,0.995,-0.024,0.974,0.989,-0.908,0.993,0.944,-0.981,-0.989,0.067,-0.992,-0.995,0.99,-0.978,-0.964,5.474,4.601,10.397,10.286,10.299,10.313,10.294,10.269,5.385,4.76,10.383,10.285,5.647,5.388,10.357,10.326,EssenceCatalog/problems/csplib-prob010-SocialGolfers/params/5b5a44df1b2457dc3ef508945b4a18c6.param
-0.996,-0.993,-0.951,-0.787,0.989,-0.938,-0.979,-0.999,0.962,0.988,0.991,0.536,-0.984,-0.961,0.929,0.974,0.998,-0.553,0.99,0.997,-0.993,0.984,-0.998,-0.985,0.976,0.912,-0.996,-0.887,-0.831,0.983,-0.974,0.993,0.989,-0.994,0.703,0.927,0.978,0.822,-0.953,0.579,0.998,-0.501,-0.861,-0.994,0.991,-0.23,-0.998,0.997,0.986,-0.875,-0.981,0.994,-0.958,0.999,-0.989,-0.924,-0.96,0.958,-0.78,0.636,-0.941,-0.872,-0.988,0.979,-0.997,-0.995,0.599,-0.967,-0.997,-0.973,-0.495,-0.962,0.84,0.962,0.997,-0.888,-0.872,-0.916,0.92,0.99,-0.869,-0.918,0.931,-0.974,0.899,0.995,-0.878,0.978,0.99,-0.862,0.993,0.905,-0.98,-0.988,-0.682,-0.993,-0.997,0.992,-0.992,-0.981,4.834,4.247,10.318,10.286,10.256,10.319,10.267,10.208,4.938,4.378,10.296,10.27,5.223,4.813,10.26,10.309,EssenceCatalog/problems/csplib-prob010-SocialGolfers/params/d4a01e9a95401c8c14167414402b27c1.param
-0.998,-0.982,-0.957,-0.921,0.806,-0.976,-0.991,-0.998,0.959,0.735,0.992,0.852,-0.995,-0.956,0.923,0.97,0.995,-0.611,0.985,0.997,-0.979,0.989,-0.995,-0.984,0.993,0.952,-0.997,-0.862,-0.891,0.973,-0.988,0.996,0.996,-0.986,0.573,0.91,0.982,0.913,-0.981,0.736,0.996,-0.871,-0.763,-0.99,0.992,0.582,-0.997,0.997,0.987,-0.952,-0.993,0.993,-0.934,0.998,-0.988,-0.963,0.291,-0.634,-0.925,0.76,-0.98,-0.888,-0.977,0.982,-0.997,-0.995,-0.786,-0.986,-0.994,-0.985,-0.777,-0.85,0.913,0.981,0.998,-0.913,0.426,-0.95,0.673,0.977,-0.886,-0.75,0.916,-0.986,0.81,0.997,0.056,0.398,0.991,-0.831,0.993,0.956,-0.989,-0.997,0.282,-0.994,-0.992,0.995,-0.443,-0.903,7.161,5.032,10.458,10.493,10.447,10.516,10.46,10.405,6.259,5.215,10.467,10.473,6.562,6.388,10.483,10.433,EssenceCatalog/problems/csplib-prob010-SocialGolfers/params/29e2f3c1c3d25609ea2524850ecd9b77.param
-0.997,-0.992,-0.954,-0.77,0.983,-0.945,-0.968,-0.999,0.954,0.987,0.991,0.593,-0.982,-0.959,0.935,0.98,0.998,-0.568,0.991,0.997,-0.992,0.991,-0.997,-0.986,0.964,0.862,-0.997,-0.889,-0.835,0.979,-0.971,0.994,0.991,-0.994,0.688,0.938,0.976,0.839,-0.957,0.641,0.998,-0.514,-0.826,-0.992,0.992,-0.24,-0.998,0.997,0.987,-0.887,-0.983,0.994,-0.955,0.999,-0.99,-0.926,-0.936,0.914,-0.813,0.637,-0.96,-0.855,-0.987,0.98,-0.997,-0.995,0.269,-0.966,-0.997,-0.978,-0.472,-0.912,0.856,0.96,0.997,-0.886,-0.692,-0.912,0.928,0.991,-0.884,-0.934,0.934,-0.97,0.892,0.996,-0.834,0.939,0.99,-0.847,0.993,0.921,-0.983,-0.99,-0.492,-0.992,-0.997,0.993,-0.986,-0.981,5.039,4.309,10.363,10.3,10.272,10.347,10.288,10.232,5.067,4.454,10.346,10.285,5.347,4.945,10.311,10.315,EssenceCatalog/problems/csplib-prob010-SocialGolfers/params/1f34c09b635f1f13178c9180f6ff6179.param
-0.999,-0.995,0.664,-0.916,0.96,-0.96,-0.996,-0.999,-0.743,0.446,0.996,0.975,-0.994,-0.976,0.976,-0.918,0.997,-0.868,0.993,0.999,-0.982,-0.731,-0.996,0.888,0.999,0.989,-0.999,-0.934,-0.921,0.991,-0.986,1.0,0.999,0.909,0.834,-0.491,0.989,0.82,-0.994,-0.735,0.996,-0.991,-0.905,-0.993,-0.738,0.967,-0.997,0.999,-0.93,-0.986,-0.995,0.998,-0.953,0.998,0.235,-0.996,0.994,-0.265,-0.965,0.899,-0.968,-0.946,-0.984,0.988,-0.999,-0.997,-0.374,-0.996,-0.996,-0.98,-0.945,-0.955,0.971,0.976,0.999,-0.982,0.947,-0.993,0.954,0.997,-0.672,-0.912,0.958,-0.847,0.926,0.999,-0.691,0.615,0.996,-0.97,0.996,-0.707,-0.996,-0.996,-0.771,-0.997,-0.986,0.998,-0.845,-0.957,5.483,3.913,6.027,10.25,10.565,10.458,10.517,10.503,4.945,4.13,6.132,10.182,5.378,5.111,6.916,10.153,EssenceCatalog/problems/csplib-prob010-SocialGolfers/params/428d03e75f6c77897ee571a7de3f9939.param
-0.998,-0.992,-0.965,-0.814,0.967,-0.954,-0.967,-0.999,0.955,0.989,0.993,0.693,-0.983,-0.966,0.949,0.983,0.998,-0.621,0.991,0.997,-0.993,0.994,-0.997,-0.986,0.955,0.835,-0.997,-0.907,-0.83,0.98,-0.972,0.995,0.992,-0.994,0.605,0.932,0.973,0.869,-0.971,0.619,0.998,-0.551,-0.764,-0.99,0.993,-0.446,-0.998,0.998,0.987,-0.893,-0.987,0.994,-0.961,0.999,-0.992,-0.95,-0.941,0.763,-0.893,0.703,-0.968,-0.869,-0.989,0.981,-0.997,-0.996,-0.013,-0.974,-0.997,-0.982,-0.522,-0.865,0.898,0.957,0.998,-0.847,-0.554,-0.897,0.934,0.992,-0.893,-0.945,0.949,-0.973,0.898,0.997,-0.887,0.796,0.991,-0.801,0.994,0.928,-0.985,-0.993,-0.485,-0.992,-0.997,0.994,-0.973,-0.982,5.224,4.318,10.388,10.32,10.289,10.377,10.309,10.247,5.156,4.476,10.379,10.3,5.444,5.026,10.344,10.321,EssenceCatalog/problems/csplib-prob010-SocialGolfers/params/637ad23fee20948c86c8f8dcd69cf8b4.param
-0.998,-0.986,-0.953,-0.771,0.941,-0.963,-0.96,-0.999,0.951,0.956,0.991,0.643,-0.983,-0.948,0.92,0.986,0.997,-0.637,0.991,0.996,-0.986,0.995,-0.996,-0.988,0.951,0.796,-0.997,-0.856,-0.855,0.971,-0.971,0.994,0.994,-0.993,0.661,0.956,0.974,0.849,-0.962,0.81,0.996,-0.599,-0.783,-0.986,0.992,0.242,-0.998,0.998,0.989,-0.919,-0.987,0.993,-0.939,0.998,-0.988,-0.929,-0.64,0.556,-0.829,0.626,-0.977,-0.809,-0.979,0.978,-0.996,-0.994,-0.533,-0.959,-0.995,-0.981,-0.453,-0.715,0.843,0.967,0.997,-0.915,0.072,-0.93,0.891,0.987,-0.906,-0.921,0.921,-0.96,0.867,0.997,-0.381,0.711,0.989,-0.838,0.994,0.953,-0.987,-0.994,0.222,-0.99,-0.995,0.994,-0.935,-0.972,5.959,4.653,10.455,10.357,10.376,10.427,10.382,10.348,5.624,4.817,10.447,10.358,5.907,5.577,10.436,10.37,EssenceCatalog/problems/csplib-prob010-SocialGolfers/params/4255f301ec0d3dea8055adc59f18e1b3.param
-0.998,-0.975,-0.953,-0.926,0.738,-0.983,-0.993,-0.998,0.978,0.007,0.992,0.829,-0.996,-0.951,0.898,0.973,0.994,-0.609,0.986,0.996,-0.966,0.991,-0.995,-0.992,0.996,0.968,-0.998,-0.849,-0.928,0.965,-0.99,0.996,0.997,-0.99,0.714,0.954,0.986,0.925,-0.978,0.888,0.994,-0.928,-0.867,-0.99,0.993,0.884,-0.997,0.997,0.993,-0.966,-0.993,0.994,-0.91,0.998,-0.988,-0.967,0.862,-0.737,-0.896,0.758,-0.987,-0.872,-0.956,0.981,-0.997,-0.994,-0.863,-0.983,-0.991,-0.986,-0.837,-0.861,0.906,0.989,0.998,-0.957,0.637,-0.969,0.54,0.974,-0.906,-0.628,0.887,-0.988,0.798,0.998,0.762,0.526,0.992,-0.895,0.995,0.976,-0.993,-0.997,0.719,-0.994,-0.992,0.996,-0.119,-0.843,7.886,5.392,10.468,10.517,10.483,10.518,10.484,10.426,6.709,5.603,10.483,10.486,7.016,7.003,10.52,10.449,EssenceCatalog/problems/csplib-prob010-SocialGolfers/params/d3a7dfe63858ce583d9ede30982181a2.param
-0.999,-0.995,0.837,-0.863,0.976,-0.933,-0.992,-0.998,-0.899,0.618,0.995,0.973,-0.984,-0.975,0.977,-0.963,0.996,-0.88,0.994,0.999,-0.982,-0.907,-0.996,0.966,0.999,0.987,-0.998,-0.937,-0.898,0.991,-0.977,1.0,0.998,0.97,0.856,-0.682,0.988,0.714,-0.993,-0.865,0.997,-0.99,-0.918,-0.993,-0.922,0.976,-0.997,0.999,-0.981,-0.985,-0.993,0.998,-0.949,0.997,0.654,-0.995,0.994,0.293,-0.96,0.892,-0.941,-0.942,-0.983,0.984,-0.998,-0.997,0.08,-0.994,-0.996,-0.978,-0.945,-0.961,0.96,0.959,0.999,-0.985,0.954,-0.992,0.969,0.997,-0.578,-0.933,0.959,-0.656,0.928,0.998,-0.781,0.795,0.996,-0.978,0.995,-0.889,-0.996,-0.992,-0.879,-0.997,-0.985,0.997,-0.927,-0.962,4.918,3.67,5.478,10.23,10.609,10.479,10.571,10.576,4.59,3.888,5.565,10.179,5.061,4.736,6.452,10.164,EssenceCatalog/problems/csplib-prob010-SocialGolfers/params/04cea05f208f98c1e24db0b3bf5dcf3b.param
-1.0,-0.996,-0.995,-0.992,-0.969,-0.994,-0.998,-1.0,0.99,-0.955,0.999,0.994,-0.996,-0.997,0.994,0.992,0.999,-0.988,0.999,1.0,-0.996,0.998,-0.999,-0.996,0.998,0.989,-1.0,-0.988,-0.992,0.97,-0.998,1.0,1.0,-0.991,0.992,0.997,0.996,0.992,-0.998,0.995,1.0,-0.989,-0.987,-0.998,0.997,0.995,-1.0,0.998,0.995,-0.997,-1.0,0.998,-0.994,1.0,-0.988,-0.993,0.994,-0.997,-0.993,0.978,-0.997,-0.988,-0.988,0.997,-0.998,-1.0,-0.991,-0.995,-0.999,-0.999,-0.975,0.684,0.991,0.993,1.0,-0.998,0.992,-0.997,0.988,0.988,-0.996,-0.994,0.994,-0.986,0.994,1.0,0.993,-0.986,0.999,-0.982,0.999,0.996,-0.998,-1.0,0.996,-0.998,-0.999,0.998,0.978,-0.951,9.587,5.766,10.403,10.392,10.399,10.503,10.538,10.491,7.572,6.076,10.381,10.332,8.067,7.831,10.372,10.422,EssenceCatalog/problems/csplib-prob010-SocialGolfers/params/69d79cd5144deb4221e93034f6adc5d9.param
-0.998,-0.969,-0.903,-0.816,0.887,-0.975,-0.987,-0.998,0.976,-0.524,0.991,0.63,-0.992,-0.913,0.833,0.971,0.994,-0.647,0.992,0.995,-0.954,0.983,-0.996,-0.991,0.992,0.963,-0.997,-0.797,-0.936,0.947,-0.984,0.996,0.997,-0.987,0.909,0.98,0.991,0.869,-0.951,0.946,0.995,-0.902,-0.947,-0.991,0.986,0.975,-0.996,0.996,0.992,-0.968,-0.99,0.995,-0.904,0.998,-0.976,-0.907,0.924,0.326,-0.616,0.579,-0.979,-0.827,-0.927,0.974,-0.996,-0.995,-0.735,-0.962,-0.992,-0.978,-0.8,-0.885,0.702,0.99,0.997,-0.985,0.64,-0.983,0.612,0.956,-0.915,-0.707,0.846,-0.97,0.843,0.997,0.951,0.936,0.991,-0.962,0.996,0.976,-0.993,-0.996,0.863,-0.994,-0.993,0.993,-0.745,-0.866,7.398,5.402,10.46,10.504,10.52,10.495,10.489,10.439,6.558,5.622,10.474,10.488,6.817,6.839,10.522,10.48,EssenceCatalog/problems/csplib-prob010-SocialGolfers/params/7c70e9ef480c77c9b818244161778fd3.param
-0.996,-0.991,-0.945,-0.774,0.987,-0.942,-0.978,-0.999,0.961,0.977,0.99,0.486,-0.985,-0.953,0.911,0.975,0.998,-0.554,0.99,0.996,-0.99,0.983,-0.997,-0.985,0.976,0.907,-0.995,-0.861,-0.845,0.982,-0.974,0.993,0.99,-0.994,0.707,0.935,0.979,0.803,-0.948,0.656,0.997,-0.53,-0.869,-0.993,0.99,0.145,-0.998,0.996,0.986,-0.891,-0.981,0.994,-0.948,0.999,-0.987,-0.908,-0.911,0.946,-0.728,0.579,-0.945,-0.852,-0.984,0.978,-0.997,-0.994,0.42,-0.963,-0.996,-0.973,-0.509,-0.955,0.79,0.967,0.997,-0.916,-0.78,-0.93,0.888,0.986,-0.876,-0.896,0.914,-0.971,0.881,0.995,-0.714,0.977,0.99,-0.88,0.993,0.919,-0.98,-0.989,-0.48,-0.993,-0.996,0.991,-0.989,-0.976,4.999,4.344,10.352,10.296,10.27,10.328,10.282,10.224,5.057,4.483,10.334,10.283,5.334,4.968,10.295,10.32,EssenceCatalog/problems/csplib-prob010-SocialGolfers/params/b18c3ce9de062e7ae67c7e93650450e4.param
-0.997,-0.97,-0.947,-0.898,0.832,-0.982,-0.99,-0.998,0.983,0.055,0.989,0.744,-0.995,-0.933,0.879,0.974,0.992,-0.536,0.985,0.995,-0.964,0.991,-0.994,-0.993,0.995,0.967,-0.997,-0.806,-0.913,0.961,-0.988,0.995,0.996,-0.992,0.748,0.961,0.986,0.906,-0.962,0.9,0.993,-0.911,-0.872,-0.989,0.994,0.897,-0.995,0.997,0.994,-0.956,-0.99,0.993,-0.892,0.997,-0.988,-0.954,0.816,-0.479,-0.842,0.708,-0.983,-0.838,-0.942,0.976,-0.997,-0.992,-0.796,-0.978,-0.99,-0.978,-0.803,-0.901,0.863,0.989,0.998,-0.955,0.502,-0.966,0.469,0.973,-0.889,-0.543,0.856,-0.987,0.778,0.997,0.769,0.795,0.99,-0.915,0.994,0.977,-0.993,-0.997,0.681,-0.994,-0.99,0.996,-0.478,-0.847,7.523,5.319,10.453,10.48,10.463,10.47,10.446,10.389,6.537,5.517,10.471,10.466,6.812,6.823,10.507,10.429,EssenceCatalog/problems/csplib-prob010-SocialGolfers/params/8b3371bb968264c3f6779040b16c0c4d.param
-0.997,-0.975,-0.891,-0.702,0.967,-0.96,-0.976,-0.998,0.96,0.309,0.989,0.478,-0.986,-0.905,0.827,0.973,0.995,-0.613,0.992,0.994,-0.965,0.975,-0.996,-0.987,0.981,0.919,-0.996,-0.785,-0.909,0.955,-0.973,0.993,0.995,-0.986,0.881,0.975,0.989,0.789,-0.935,0.901,0.996,-0.772,-0.938,-0.992,0.981,0.944,-0.997,0.994,0.988,-0.949,-0.986,0.994,-0.91,0.998,-0.97,-0.828,0.548,0.842,-0.415,0.458,-0.964,-0.794,-0.954,0.973,-0.994,-0.994,-0.435,-0.941,-0.993,-0.975,-0.657,-0.896,0.534,0.984,0.995,-0.981,0.181,-0.976,0.711,0.95,-0.906,-0.808,0.84,-0.952,0.84,0.996,0.841,0.975,0.989,-0.955,0.995,0.957,-0.985,-0.991,0.652,-0.992,-0.994,0.989,-0.943,-0.931,6.517,5.095,10.4,10.366,10.397,10.383,10.367,10.369,6.063,5.287,10.418,10.381,6.314,6.231,10.433,10.372,EssenceCatalog/problems/csplib-prob010-SocialGolfers/params/47f471c9e6649c4789931f46c2a18ce2.param
-1.0,-0.993,-0.993,-0.992,-0.966,-0.996,-0.998,-1.0,0.994,-0.986,0.999,0.99,-0.998,-0.994,0.982,0.985,0.997,-0.97,0.998,1.0,-0.991,0.997,-0.999,-0.997,0.999,0.995,-0.999,-0.979,-0.99,0.941,-0.998,0.999,1.0,-0.99,0.978,0.994,0.996,0.992,-0.998,0.99,0.999,-0.992,-0.979,-0.998,0.997,0.995,-0.999,0.998,0.997,-0.996,-0.999,0.998,-0.986,1.0,-0.992,-0.993,0.998,-0.998,-0.991,0.97,-0.998,-0.982,-0.968,0.996,-0.998,-0.999,-0.992,-0.996,-0.997,-0.998,-0.981,-0.246,0.992,0.997,1.0,-0.994,0.99,-0.996,0.887,0.978,-0.989,-0.948,0.984,-0.992,0.986,1.0,0.995,-0.965,0.998,-0.974,0.999,0.996,-0.999,-0.999,0.993,-0.998,-0.997,0.998,0.99,-0.605,9.515,5.782,10.442,10.447,10.419,10.513,10.524,10.469,7.53,6.073,10.394,10.386,7.991,7.843,10.42,10.46,EssenceCatalog/problems/csplib-prob010-SocialGolfers/params/cda060a31553dd596defc0d38048bca7.param
-0.998,-0.989,-0.963,-0.823,0.93,-0.964,-0.966,-0.999,0.952,0.975,0.992,0.723,-0.985,-0.96,0.94,0.987,0.997,-0.662,0.991,0.997,-0.99,0.996,-0.996,-0.988,0.955,0.804,-0.998,-0.885,-0.851,0.975,-0.974,0.995,0.994,-0.993,0.614,0.947,0.972,0.869,-0.972,0.763,0.997,-0.605,-0.745,-0.986,0.993,-0.057,-0.998,0.998,0.989,-0.917,-0.989,0.994,-0.953,0.999,-0.99,-0.95,-0.783,0.39,-0.89,0.685,-0.979,-0.846,-0.984,0.981,-0.996,-0.996,-0.512,-0.969,-0.996,-0.984,-0.511,-0.727,0.895,0.964,0.998,-0.884,0.016,-0.919,0.915,0.99,-0.904,-0.937,0.94,-0.967,0.883,0.997,-0.676,0.532,0.99,-0.81,0.994,0.951,-0.987,-0.995,0.023,-0.991,-0.996,0.994,-0.928,-0.976,5.902,4.559,10.455,10.365,10.368,10.437,10.381,10.333,5.555,4.726,10.447,10.355,5.849,5.469,10.431,10.367,EssenceCatalog/problems/csplib-prob010-SocialGolfers/params/6d205e4327c5860de4a224d8e3e8760c.param
-0.998,-0.97,-0.885,-0.734,0.928,-0.967,-0.978,-0.999,0.958,-0.391,0.991,0.601,-0.986,-0.899,0.818,0.971,0.994,-0.674,0.993,0.994,-0.952,0.975,-0.996,-0.988,0.983,0.932,-0.996,-0.813,-0.932,0.931,-0.974,0.994,0.996,-0.979,0.925,0.982,0.992,0.822,-0.953,0.941,0.996,-0.849,-0.955,-0.992,0.975,0.977,-0.997,0.993,0.986,-0.967,-0.991,0.994,-0.914,0.998,-0.958,-0.815,0.873,0.7,-0.442,0.506,-0.97,-0.825,-0.941,0.976,-0.993,-0.996,-0.687,-0.947,-0.994,-0.98,-0.751,-0.833,0.484,0.986,0.995,-0.989,0.618,-0.985,0.684,0.922,-0.923,-0.824,0.842,-0.938,0.86,0.996,0.958,0.955,0.99,-0.966,0.996,0.965,-0.988,-0.992,0.843,-0.992,-0.994,0.989,-0.862,-0.892,7.11,5.322,10.398,10.427,10.447,10.423,10.427,10.41,6.42,5.541,10.411,10.421,6.67,6.649,10.451,10.412,EssenceCatalog/problems/csplib-prob010-SocialGolfers/params/e53f4db1c4daba122945809a2a0278a9.param
-0.999,-0.974,-0.957,-0.899,0.578,-0.983,-0.987,-0.998,0.97,0.246,0.992,0.846,-0.993,-0.943,0.914,0.981,0.994,-0.658,0.99,0.996,-0.975,0.995,-0.995,-0.991,0.992,0.948,-0.998,-0.858,-0.92,0.952,-0.988,0.996,0.997,-0.99,0.744,0.967,0.983,0.918,-0.98,0.916,0.994,-0.883,-0.826,-0.987,0.993,0.854,-0.997,0.997,0.992,-0.964,-0.993,0.993,-0.918,0.998,-0.985,-0.959,0.811,-0.782,-0.91,0.771,-0.987,-0.854,-0.961,0.98,-0.997,-0.994,-0.901,-0.981,-0.994,-0.986,-0.751,-0.673,0.9,0.986,0.998,-0.957,0.817,-0.966,0.699,0.973,-0.92,-0.79,0.906,-0.976,0.835,0.998,0.729,0.154,0.992,-0.903,0.995,0.98,-0.993,-0.998,0.797,-0.993,-0.992,0.995,-0.131,-0.889,8.037,5.388,10.461,10.505,10.473,10.545,10.497,10.458,6.779,5.61,10.466,10.481,7.106,7.014,10.507,10.441,EssenceCatalog/problems/csplib-prob010-SocialGolfers/params/9abe2d168429fc5084582dc3d6d7b9e5.param
-0.998,-0.968,-0.948,-0.921,0.545,-0.987,-0.994,-0.999,0.989,-0.844,0.993,0.854,-0.997,-0.941,0.881,0.976,0.993,-0.711,0.992,0.996,-0.957,0.989,-0.996,-0.995,0.998,0.985,-0.998,-0.871,-0.961,0.941,-0.993,0.997,0.998,-0.99,0.928,0.984,0.993,0.935,-0.975,0.966,0.995,-0.957,-0.952,-0.994,0.994,0.985,-0.996,0.996,0.996,-0.982,-0.995,0.996,-0.922,0.998,-0.986,-0.949,0.983,-0.706,-0.829,0.761,-0.989,-0.896,-0.916,0.981,-0.997,-0.996,-0.917,-0.981,-0.992,-0.985,-0.904,-0.88,0.867,0.993,0.998,-0.986,0.856,-0.988,0.429,0.958,-0.929,-0.629,0.881,-0.987,0.876,0.998,0.981,0.741,0.993,-0.966,0.997,0.987,-0.995,-0.998,0.925,-0.995,-0.992,0.995,0.09,-0.703,8.316,5.613,10.485,10.535,10.513,10.512,10.512,10.443,6.987,5.849,10.489,10.501,7.292,7.367,10.534,10.482,EssenceCatalog/problems/csplib-prob010-SocialGolfers/params/c7fd201799ec3e6b8152cc1f565b6c08.param
-0.997,-0.99,-0.951,-0.74,0.982,-0.945,-0.964,-0.999,0.951,0.981,0.991,0.553,-0.981,-0.955,0.927,0.982,0.998,-0.58,0.992,0.997,-0.991,0.99,-0.997,-0.986,0.961,0.847,-0.997,-0.878,-0.846,0.978,-0.968,0.993,0.991,-0.994,0.708,0.947,0.977,0.832,-0.954,0.689,0.997,-0.504,-0.838,-0.991,0.991,-0.04,-0.998,0.997,0.987,-0.896,-0.984,0.994,-0.95,0.999,-0.988,-0.909,-0.904,0.91,-0.774,0.599,-0.96,-0.845,-0.985,0.979,-0.996,-0.995,0.164,-0.96,-0.996,-0.977,-0.457,-0.898,0.811,0.962,0.997,-0.908,-0.61,-0.922,0.914,0.987,-0.891,-0.928,0.928,-0.963,0.886,0.996,-0.72,0.941,0.99,-0.867,0.994,0.927,-0.983,-0.99,-0.352,-0.992,-0.996,0.992,-0.984,-0.98,5.139,4.367,10.375,10.296,10.277,10.345,10.292,10.242,5.139,4.518,10.359,10.286,5.414,5.036,10.324,10.314,EssenceCatalog/problems/csplib-prob010-SocialGolfers/params/c735a9042cc214b4bd3f4bbb17e034f7.param
-1.0,-0.989,-0.987,-0.986,-0.938,-0.995,-0.998,-1.0,0.993,-0.992,0.999,0.98,-0.997,-0.988,0.97,0.981,0.997,-0.957,0.998,0.999,-0.983,0.996,-0.999,-0.996,0.999,0.995,-0.999,-0.973,-0.988,0.9,-0.997,0.999,1.0,-0.983,0.982,0.994,0.997,0.988,-0.997,0.991,0.999,-0.989,-0.983,-0.998,0.994,0.997,-0.999,0.997,0.996,-0.996,-0.999,0.998,-0.984,0.999,-0.988,-0.987,0.998,-0.993,-0.981,0.954,-0.997,-0.977,-0.946,0.994,-0.998,-0.999,-0.99,-0.994,-0.997,-0.997,-0.979,-0.427,0.982,0.996,0.999,-0.995,0.989,-0.997,0.831,0.962,-0.985,-0.929,0.972,-0.986,0.978,0.999,0.998,-0.9,0.998,-0.979,0.999,0.996,-0.998,-0.999,0.994,-0.998,-0.997,0.997,0.973,-0.505,9.459,5.773,10.423,10.431,10.395,10.483,10.492,10.438,7.498,6.06,10.368,10.371,7.945,7.823,10.402,10.438,EssenceCatalog/problems/csplib-prob010-SocialGolfers/params/15f6ddb7e8abca01783a3ea44bc4d760.param
-0.999,-0.977,-0.958,-0.954,-0.03,-0.991,-0.996,-0.999,0.99,-0.954,0.996,0.934,-0.997,-0.965,0.92,0.973,0.995,-0.824,0.994,0.998,-0.966,0.99,-0.997,-0.995,0.999,0.992,-0.999,-0.917,-0.976,0.937,-0.995,0.998,0.999,-0.986,0.958,0.987,0.996,0.963,-0.988,0.976,0.997,-0.979,-0.969,-0.996,0.993,0.993,-0.997,0.996,0.995,-0.991,-0.998,0.997,-0.951,0.999,-0.987,-0.972,0.995,-0.916,-0.908,0.856,-0.993,-0.936,-0.925,0.987,-0.998,-0.998,-0.962,-0.989,-0.994,-0.991,-0.948,-0.838,0.932,0.995,0.999,-0.991,0.943,-0.994,0.509,0.965,-0.953,-0.713,0.919,-0.99,0.926,0.999,0.992,0.314,0.996,-0.974,0.998,0.99,-0.997,-0.998,0.963,-0.997,-0.994,0.997,0.657,-0.615,8.832,5.715,10.484,10.529,10.486,10.523,10.52,10.451,7.224,5.967,10.465,10.486,7.584,7.617,10.51,10.486,EssenceCatalog/problems/csplib-prob010-SocialGolfers/params/c019ebcf3567cff9a33398aa0a6ff427.param
-0.998,-0.991,-0.964,-0.811,0.96,-0.958,-0.967,-0.999,0.957,0.985,0.992,0.684,-0.984,-0.962,0.943,0.985,0.998,-0.626,0.991,0.997,-0.991,0.995,-0.997,-0.987,0.957,0.83,-0.997,-0.894,-0.833,0.978,-0.973,0.994,0.992,-0.994,0.601,0.937,0.973,0.866,-0.968,0.671,0.997,-0.574,-0.756,-0.989,0.993,-0.28,-0.998,0.998,0.988,-0.899,-0.987,0.994,-0.956,0.999,-0.991,-0.946,-0.904,0.681,-0.881,0.687,-0.972,-0.858,-0.987,0.981,-0.997,-0.995,-0.186,-0.972,-0.996,-0.982,-0.513,-0.838,0.893,0.961,0.998,-0.862,-0.425,-0.904,0.92,0.991,-0.893,-0.936,0.941,-0.972,0.887,0.997,-0.82,0.759,0.99,-0.804,0.994,0.938,-0.985,-0.993,-0.321,-0.991,-0.996,0.994,-0.964,-0.979,5.399,4.389,10.41,10.331,10.31,10.389,10.328,10.27,5.265,4.552,10.403,10.314,5.551,5.154,10.371,10.335,EssenceCatalog/problems/csplib-prob010-SocialGolfers/params/7e2c1ffedf3d1217a2fc798a5131cb35.param
-0.999,-0.983,-0.966,-0.932,0.525,-0.981,-0.991,-0.999,0.959,0.605,0.994,0.896,-0.995,-0.962,0.943,0.976,0.995,-0.729,0.989,0.997,-0.984,0.995,-0.996,-0.987,0.993,0.957,-0.998,-0.882,-0.911,0.97,-0.99,0.997,0.998,-0.986,0.657,0.945,0.98,0.932,-0.988,0.862,0.996,-0.889,-0.753,-0.988,0.992,0.65,-0.997,0.998,0.988,-0.965,-0.995,0.994,-0.939,0.999,-0.986,-0.977,0.582,-0.875,-0.955,0.82,-0.987,-0.88,-0.979,0.983,-0.998,-0.996,-0.894,-0.987,-0.995,-0.988,-0.779,-0.701,0.945,0.983,0.999,-0.935,0.777,-0.958,0.8,0.982,-0.921,-0.857,0.936,-0.981,0.857,0.998,0.278,-0.296,0.993,-0.847,0.995,0.973,-0.993,-0.998,0.677,-0.994,-0.993,0.996,0.003,-0.917,7.948,5.252,10.461,10.511,10.465,10.573,10.507,10.452,6.672,5.466,10.466,10.478,7.027,6.834,10.495,10.44,EssenceCatalog/problems/csplib-prob010-SocialGolfers/params/a90697fbce39d97fd8fec8c220514e96.param
-0.997,-0.97,-0.919,-0.802,0.926,-0.972,-0.98,-0.998,0.97,0.399,0.988,0.621,-0.991,-0.909,0.858,0.975,0.993,-0.542,0.989,0.994,-0.965,0.987,-0.994,-0.99,0.988,0.932,-0.996,-0.792,-0.897,0.955,-0.98,0.994,0.995,-0.99,0.777,0.965,0.985,0.846,-0.944,0.881,0.994,-0.83,-0.884,-0.989,0.99,0.889,-0.996,0.996,0.992,-0.946,-0.987,0.993,-0.893,0.997,-0.983,-0.906,0.618,0.323,-0.685,0.596,-0.976,-0.791,-0.947,0.971,-0.996,-0.992,-0.677,-0.962,-0.992,-0.975,-0.67,-0.872,0.743,0.984,0.997,-0.964,0.393,-0.964,0.607,0.964,-0.888,-0.708,0.843,-0.972,0.8,0.996,0.74,0.914,0.988,-0.928,0.994,0.967,-0.989,-0.995,0.624,-0.992,-0.992,0.993,-0.837,-0.907,6.893,5.16,10.439,10.445,10.452,10.465,10.43,10.396,6.234,5.343,10.459,10.451,6.491,6.431,10.487,10.422,EssenceCatalog/problems/csplib-prob010-SocialGolfers/params/2fb1577f9a2d8d1a7192845a05cc314b.param
-1.0,-0.996,-0.992,-0.991,-0.973,-0.993,-0.998,-1.0,0.978,-0.946,0.999,0.996,-0.996,-0.997,0.994,0.986,0.999,-0.986,0.999,1.0,-0.996,0.997,-0.999,-0.992,0.999,0.989,-1.0,-0.989,-0.99,0.961,-0.997,1.0,1.0,-0.977,0.987,0.994,0.995,0.992,-0.999,0.988,1.0,-0.988,-0.975,-0.998,0.994,0.99,-1.0,0.998,0.987,-0.996,-1.0,0.998,-0.992,1.0,-0.98,-0.993,0.994,-0.998,-0.995,0.976,-0.997,-0.988,-0.989,0.997,-0.997,-1.0,-0.991,-0.996,-0.999,-0.999,-0.975,0.614,0.992,0.994,1.0,-0.996,0.993,-0.996,0.984,0.985,-0.995,-0.992,0.994,-0.981,0.992,1.0,0.984,-0.993,0.999,-0.972,0.999,0.993,-0.998,-0.999,0.993,-0.997,-0.998,0.997,0.988,-0.903,9.572,5.757,10.383,10.38,10.383,10.488,10.522,10.473,7.557,6.065,10.361,10.32,8.05,7.819,10.354,10.408,EssenceCatalog/problems/csplib-prob010-SocialGolfers/params/73a218c1ccc31d9a63be2a1ff6112fd4.param
-0.999,-0.989,-0.971,-0.887,0.798,-0.971,-0.975,-0.999,0.952,0.968,0.994,0.841,-0.988,-0.969,0.953,0.989,0.997,-0.739,0.992,0.998,-0.991,0.997,-0.996,-0.988,0.967,0.841,-0.998,-0.911,-0.87,0.973,-0.98,0.996,0.996,-0.993,0.613,0.942,0.971,0.888,-0.982,0.787,0.997,-0.669,-0.694,-0.985,0.994,-0.049,-0.998,0.998,0.988,-0.937,-0.992,0.994,-0.962,0.999,-0.991,-0.965,-0.66,-0.333,-0.937,0.767,-0.984,-0.878,-0.987,0.983,-0.997,-0.997,-0.738,-0.977,-0.997,-0.987,-0.622,-0.594,0.935,0.967,0.998,-0.886,0.414,-0.926,0.927,0.991,-0.915,-0.953,0.954,-0.972,0.896,0.998,-0.674,-0.177,0.991,-0.793,0.994,0.96,-0.988,-0.997,0.217,-0.991,-0.996,0.995,-0.787,-0.976,6.623,4.705,10.457,10.39,10.395,10.482,10.416,10.367,5.907,4.894,10.449,10.376,6.23,5.829,10.441,10.369,EssenceCatalog/problems/csplib-prob010-SocialGolfers/params/cdad664eb463f443fee887b3d355f7ff.param
-0.997,-0.972,-0.902,-0.721,0.937,-0.968,-0.97,-0.998,0.954,0.275,0.989,0.582,-0.986,-0.904,0.846,0.976,0.993,-0.619,0.992,0.994,-0.964,0.986,-0.995,-0.988,0.978,0.897,-0.997,-0.8,-0.907,0.945,-0.974,0.994,0.996,-0.985,0.852,0.975,0.987,0.829,-0.95,0.909,0.995,-0.792,-0.914,-0.989,0.982,0.932,-0.997,0.995,0.987,-0.953,-0.989,0.993,-0.905,0.998,-0.971,-0.864,0.699,0.562,-0.577,0.519,-0.975,-0.787,-0.951,0.974,-0.994,-0.994,-0.68,-0.95,-0.993,-0.977,-0.639,-0.796,0.627,0.983,0.996,-0.978,0.52,-0.973,0.701,0.95,-0.913,-0.812,0.853,-0.942,0.828,0.997,0.851,0.919,0.988,-0.943,0.995,0.963,-0.988,-0.994,0.747,-0.991,-0.993,0.991,-0.876,-0.924,6.917,5.202,10.423,10.425,10.448,10.456,10.432,10.422,6.28,5.401,10.443,10.436,6.538,6.46,10.474,10.413,EssenceCatalog/problems/csplib-prob010-SocialGolfers/params/75acdf948867fe986281e1d807c4ff27.param
-0.999,-0.996,0.731,-0.905,0.978,-0.938,-0.996,-0.999,-0.809,0.626,0.995,0.971,-0.992,-0.977,0.975,-0.928,0.997,-0.86,0.994,0.999,-0.984,-0.85,-0.997,0.922,0.999,0.988,-0.999,-0.934,-0.917,0.992,-0.984,1.0,0.998,0.931,0.853,-0.596,0.989,0.741,-0.993,-0.797,0.997,-0.987,-0.921,-0.995,-0.812,0.969,-0.997,0.999,-0.95,-0.986,-0.994,0.998,-0.958,0.998,0.374,-0.994,0.989,0.31,-0.954,0.869,-0.942,-0.949,-0.986,0.988,-0.999,-0.998,-0.006,-0.995,-0.997,-0.979,-0.944,-0.971,0.958,0.971,0.999,-0.983,0.926,-0.992,0.964,0.996,-0.623,-0.922,0.962,-0.819,0.932,0.998,-0.767,0.847,0.996,-0.977,0.996,-0.816,-0.995,-0.994,-0.878,-0.997,-0.988,0.997,-0.93,-0.965,5.005,3.749,5.766,10.295,10.642,10.526,10.602,10.594,4.676,3.957,5.856,10.242,5.131,4.821,6.697,10.223,EssenceCatalog/problems/csplib-prob010-SocialGolfers/params/559953a9a57174c455fa9c8ce88e3470.param
-0.998,-0.994,-0.961,-0.821,0.977,-0.952,-0.972,-0.999,0.954,0.992,0.993,0.681,-0.984,-0.969,0.95,0.979,0.998,-0.592,0.991,0.998,-0.994,0.993,-0.997,-0.984,0.965,0.864,-0.997,-0.913,-0.824,0.982,-0.973,0.996,0.992,-0.994,0.638,0.923,0.974,0.861,-0.969,0.565,0.998,-0.554,-0.783,-0.992,0.993,-0.56,-0.998,0.998,0.986,-0.878,-0.986,0.995,-0.966,0.999,-0.992,-0.956,-0.96,0.869,-0.892,0.71,-0.967,-0.876,-0.99,0.982,-0.997,-0.996,0.295,-0.975,-0.997,-0.98,-0.524,-0.907,0.915,0.956,0.998,-0.831,-0.723,-0.895,0.948,0.994,-0.885,-0.95,0.951,-0.976,0.903,0.997,-0.936,0.88,0.991,-0.805,0.994,0.913,-0.986,-0.992,-0.64,-0.993,-0.997,0.995,-0.984,-0.984,5.014,4.254,10.362,10.321,10.286,10.369,10.303,10.238,5.032,4.399,10.346,10.298,5.32,4.887,10.315,10.328,EssenceCatalog/problems/csplib-prob010-SocialGolfers/params/f6431f062cbd980a36182d0dd4980cf5.param
-0.997,-0.972,-0.885,-0.747,0.945,-0.967,-0.981,-0.998,0.967,-0.147,0.989,0.526,-0.989,-0.907,0.819,0.972,0.994,-0.626,0.992,0.994,-0.958,0.978,-0.996,-0.988,0.987,0.941,-0.996,-0.777,-0.925,0.952,-0.978,0.994,0.996,-0.986,0.898,0.978,0.989,0.819,-0.94,0.929,0.995,-0.842,-0.946,-0.991,0.982,0.967,-0.996,0.995,0.99,-0.959,-0.988,0.994,-0.905,0.998,-0.972,-0.863,0.808,0.712,-0.469,0.474,-0.971,-0.8,-0.94,0.973,-0.995,-0.994,-0.585,-0.947,-0.993,-0.976,-0.726,-0.892,0.596,0.987,0.996,-0.985,0.419,-0.981,0.675,0.951,-0.91,-0.764,0.835,-0.96,0.843,0.996,0.917,0.965,0.99,-0.961,0.995,0.967,-0.989,-0.993,0.785,-0.993,-0.994,0.991,-0.893,-0.909,6.917,5.25,10.411,10.421,10.447,10.424,10.415,10.391,6.298,5.457,10.429,10.422,6.549,6.522,10.462,10.412,EssenceCatalog/problems/csplib-prob010-SocialGolfers/params/b18485c69f88eb04d3bff1b376b485a4.param
-0.999,-0.991,-0.974,-0.875,0.853,-0.968,-0.972,-0.999,0.957,0.978,0.994,0.803,-0.987,-0.971,0.949,0.991,0.998,-0.758,0.993,0.998,-0.991,0.997,-0.997,-0.989,0.939,0.764,-0.998,-0.917,-0.869,0.975,-0.977,0.996,0.995,-0.994,0.643,0.948,0.971,0.878,-0.982,0.825,0.998,-0.597,-0.729,-0.985,0.994,-0.124,-0.999,0.999,0.989,-0.928,-0.992,0.994,-0.968,0.999,-0.992,-0.961,-0.806,-0.017,-0.924,0.743,-0.983,-0.876,-0.987,0.984,-0.997,-0.997,-0.703,-0.972,-0.997,-0.987,-0.558,-0.558,0.925,0.962,0.998,-0.891,0.181,-0.926,0.942,0.991,-0.924,-0.963,0.955,-0.969,0.918,0.998,-0.702,-0.047,0.992,-0.778,0.995,0.966,-0.985,-0.995,0.2,-0.99,-0.996,0.994,-0.865,-0.983,6.34,4.63,10.473,10.358,10.382,10.456,10.4,10.355,5.763,4.811,10.47,10.344,6.08,5.658,10.45,10.359,EssenceCatalog/problems/csplib-prob010-SocialGolfers/params/193dcd88769acafdb1189f74ae2c8732.param
-0.997,-0.984,-0.938,-0.701,0.973,-0.952,-0.961,-0.999,0.956,0.935,0.989,0.483,-0.982,-0.933,0.891,0.983,0.996,-0.605,0.991,0.995,-0.983,0.991,-0.996,-0.988,0.959,0.835,-0.996,-0.836,-0.863,0.97,-0.969,0.992,0.992,-0.993,0.738,0.96,0.979,0.806,-0.942,0.815,0.996,-0.574,-0.852,-0.989,0.99,0.524,-0.998,0.996,0.988,-0.912,-0.983,0.993,-0.929,0.998,-0.986,-0.876,-0.613,0.844,-0.667,0.535,-0.966,-0.798,-0.975,0.976,-0.995,-0.994,-0.268,-0.947,-0.995,-0.975,-0.454,-0.846,0.733,0.971,0.996,-0.941,-0.231,-0.943,0.854,0.978,-0.896,-0.893,0.892,-0.955,0.855,0.996,-0.084,0.932,0.988,-0.892,0.994,0.949,-0.982,-0.992,0.172,-0.991,-0.995,0.991,-0.969,-0.969,5.68,4.643,10.425,10.315,10.335,10.363,10.334,10.315,5.501,4.808,10.416,10.318,5.769,5.49,10.396,10.348,EssenceCatalog/problems/csplib-prob010-SocialGolfers/params/67dbb4d3b17b012680fd12820b2a05a4.param
-0.997,-0.994,-0.946,-0.758,0.991,-0.922,-0.972,-0.999,0.946,0.992,0.991,0.565,-0.978,-0.965,0.941,0.972,0.998,-0.536,0.992,0.997,-0.995,0.982,-0.998,-0.98,0.972,0.905,-0.996,-0.912,-0.836,0.982,-0.969,0.994,0.988,-0.994,0.748,0.931,0.979,0.817,-0.958,0.493,0.998,-0.426,-0.869,-0.994,0.99,-0.441,-0.998,0.996,0.983,-0.875,-0.982,0.995,-0.965,0.999,-0.987,-0.916,-0.975,0.976,-0.793,0.661,-0.929,-0.885,-0.99,0.98,-0.997,-0.996,0.737,-0.967,-0.997,-0.974,-0.5,-0.962,0.832,0.951,0.997,-0.886,-0.89,-0.908,0.948,0.991,-0.877,-0.944,0.943,-0.965,0.912,0.995,-0.926,0.98,0.991,-0.873,0.993,0.874,-0.98,-0.983,-0.775,-0.993,-0.997,0.991,-0.994,-0.985,4.726,4.186,10.272,10.264,10.241,10.3,10.252,10.196,4.86,4.316,10.241,10.25,5.152,4.715,10.209,10.291,EssenceCatalog/problems/csplib-prob010-SocialGolfers/params/fd3fa57fa514d3d8f9e90c724b07357c.param
-1.0,-0.996,-0.995,-0.994,-0.973,-0.995,-0.999,-1.0,0.994,-0.983,0.999,0.994,-0.998,-0.997,0.991,0.988,0.999,-0.984,0.999,1.0,-0.994,0.997,-0.999,-0.997,0.999,0.996,-1.0,-0.985,-0.992,0.965,-0.998,1.0,1.0,-0.991,0.988,0.996,0.997,0.993,-0.999,0.994,1.0,-0.993,-0.987,-0.999,0.997,0.996,-0.999,0.998,0.997,-0.997,-1.0,0.999,-0.992,1.0,-0.993,-0.994,0.997,-0.998,-0.993,0.977,-0.998,-0.988,-0.982,0.997,-0.998,-1.0,-0.992,-0.996,-0.999,-0.999,-0.984,0.062,0.994,0.996,1.0,-0.997,0.992,-0.997,0.965,0.986,-0.994,-0.982,0.991,-0.993,0.993,1.0,0.995,-0.973,0.999,-0.981,0.999,0.997,-0.999,-0.999,0.996,-0.998,-0.998,0.998,0.988,-0.818,9.562,5.79,10.462,10.462,10.448,10.549,10.561,10.511,7.566,6.09,10.424,10.401,8.042,7.855,10.437,10.483,EssenceCatalog/problems/csplib-prob010-SocialGolfers/params/dd080b70c805975177fab73c065ae130.param
-0.997,-0.974,-0.922,-0.777,0.928,-0.969,-0.978,-0.998,0.966,0.389,0.989,0.553,-0.989,-0.918,0.845,0.978,0.994,-0.6,0.99,0.994,-0.965,0.989,-0.996,-0.99,0.98,0.914,-0.997,-0.778,-0.9,0.956,-0.977,0.994,0.996,-0.99,0.808,0.97,0.985,0.832,-0.949,0.903,0.995,-0.797,-0.896,-0.988,0.988,0.893,-0.997,0.996,0.991,-0.946,-0.988,0.993,-0.903,0.998,-0.98,-0.905,0.553,0.466,-0.669,0.547,-0.977,-0.779,-0.952,0.973,-0.995,-0.993,-0.649,-0.955,-0.992,-0.977,-0.661,-0.84,0.717,0.983,0.997,-0.969,0.346,-0.968,0.695,0.966,-0.903,-0.767,0.844,-0.961,0.826,0.997,0.751,0.903,0.99,-0.924,0.994,0.967,-0.989,-0.994,0.714,-0.992,-0.993,0.993,-0.854,-0.926,6.84,5.155,10.462,10.442,10.463,10.47,10.439,10.421,6.217,5.347,10.478,10.45,6.479,6.396,10.506,10.434,EssenceCatalog/problems/csplib-prob010-SocialGolfers/params/5e12858c27cb6239f63cf44c19939895.param
-0.997,-0.988,-0.957,-0.809,0.97,-0.957,-0.974,-0.999,0.964,0.975,0.99,0.635,-0.986,-0.952,0.926,0.98,0.997,-0.564,0.988,0.996,-0.989,0.992,-0.996,-0.987,0.973,0.884,-0.996,-0.867,-0.829,0.978,-0.976,0.993,0.991,-0.994,0.602,0.929,0.976,0.857,-0.955,0.662,0.997,-0.632,-0.783,-0.99,0.993,-0.015,-0.998,0.997,0.989,-0.895,-0.984,0.993,-0.941,0.998,-0.991,-0.936,-0.871,0.759,-0.837,0.663,-0.965,-0.843,-0.983,0.977,-0.997,-0.994,-0.079,-0.971,-0.995,-0.977,-0.51,-0.904,0.867,0.968,0.997,-0.877,-0.534,-0.91,0.869,0.988,-0.872,-0.89,0.918,-0.978,0.862,0.996,-0.722,0.903,0.989,-0.834,0.993,0.938,-0.984,-0.993,-0.338,-0.992,-0.996,0.994,-0.969,-0.972,5.32,4.409,10.405,10.336,10.308,10.376,10.322,10.261,5.237,4.564,10.396,10.319,5.512,5.155,10.361,10.346,EssenceCatalog/problems/csplib-prob010-SocialGolfers/params/d73810383376e707eb4827989c2a0959.param
-0.998,-0.977,-0.93,-0.725,0.897,-0.969,-0.959,-0.999,0.944,0.71,0.99,0.65,-0.984,-0.926,0.888,0.984,0.994,-0.663,0.992,0.995,-0.975,0.994,-0.995,-0.987,0.959,0.815,-0.998,-0.822,-0.893,0.955,-0.972,0.995,0.996,-0.989,0.78,0.973,0.98,0.848,-0.961,0.905,0.995,-0.713,-0.853,-0.984,0.987,0.802,-0.998,0.997,0.988,-0.946,-0.99,0.993,-0.923,0.998,-0.98,-0.909,0.407,0.288,-0.741,0.584,-0.982,-0.766,-0.965,0.976,-0.995,-0.995,-0.767,-0.95,-0.994,-0.981,-0.51,-0.545,0.771,0.976,0.997,-0.963,0.61,-0.961,0.837,0.974,-0.923,-0.893,0.893,-0.94,0.851,0.997,0.599,0.684,0.989,-0.896,0.995,0.964,-0.989,-0.995,0.739,-0.99,-0.994,0.993,-0.842,-0.956,6.97,5.121,10.457,10.432,10.458,10.509,10.467,10.471,6.265,5.316,10.476,10.451,6.55,6.362,10.5,10.421,EssenceCatalog/problems/csplib-prob010-SocialGolfers/params/e0917c3aae8bfc9dbec4f0db24458351.param
-0.997,-0.991,-0.959,-0.831,0.973,-0.955,-0.978,-0.999,0.963,0.984,0.991,0.662,-0.987,-0.959,0.935,0.977,0.997,-0.561,0.988,0.997,-0.991,0.991,-0.997,-0.987,0.975,0.896,-0.997,-0.881,-0.82,0.981,-0.977,0.994,0.991,-0.995,0.574,0.914,0.975,0.859,-0.961,0.599,0.997,-0.628,-0.77,-0.991,0.993,-0.289,-0.998,0.998,0.988,-0.886,-0.984,0.994,-0.951,0.998,-0.992,-0.948,-0.923,0.793,-0.866,0.69,-0.964,-0.857,-0.986,0.978,-0.997,-0.994,0.099,-0.975,-0.996,-0.977,-0.529,-0.921,0.894,0.965,0.998,-0.848,-0.664,-0.896,0.899,0.991,-0.868,-0.906,0.931,-0.981,0.875,0.997,-0.855,0.905,0.99,-0.812,0.993,0.928,-0.984,-0.993,-0.518,-0.993,-0.996,0.994,-0.976,-0.976,5.144,4.317,10.375,10.321,10.28,10.358,10.295,10.226,5.117,4.467,10.365,10.299,5.396,5.006,10.328,10.322,EssenceCatalog/problems/csplib-prob010-SocialGolfers/params/22faf0aa260172668c9d5eb27f88176d.param
-0.998,-0.998,0.975,0.389,0.997,-0.6,-0.237,-0.999,-0.997,0.975,0.992,0.936,0.508,-0.974,0.983,-0.99,0.997,-0.899,0.997,0.997,-0.994,-0.977,-0.998,0.998,0.957,0.858,-0.997,-0.966,-0.697,0.983,-0.673,0.999,0.99,0.998,0.898,-0.73,0.984,0.805,-0.993,-0.991,0.998,-0.949,-0.926,-0.989,-0.998,0.922,-0.998,0.997,-0.999,-0.975,-0.991,0.997,-0.939,0.996,0.98,-0.988,0.946,0.994,-0.948,0.911,-0.708,-0.943,-0.994,0.981,-0.992,-0.997,0.979,-0.973,-0.997,-0.971,-0.846,-0.936,0.714,0.368,0.998,-0.979,0.926,-0.978,0.989,0.993,-0.628,-0.975,0.974,0.927,0.926,0.997,-0.99,0.933,0.996,-0.983,0.994,-0.997,-0.992,-0.834,-0.989,-0.991,-0.991,0.988,-0.995,-0.983,3.745,3.018,4.148,9.584,10.245,10.035,10.273,10.542,3.785,3.314,4.228,9.596,4.371,3.878,5.182,9.631,EssenceCatalog/problems/csplib-prob010-SocialGolfers/params/1b88f81d524808994336aa1ba810a788.param
-0.997,-0.979,-0.901,-0.666,0.974,-0.953,-0.967,-0.999,0.953,0.708,0.989,0.4,-0.982,-0.907,0.838,0.975,0.995,-0.599,0.992,0.994,-0.972,0.981,-0.996,-0.987,0.969,0.873,-0.996,-0.799,-0.885,0.96,-0.97,0.993,0.994,-0.988,0.841,0.97,0.985,0.747,-0.93,0.875,0.996,-0.694,-0.914,-0.99,0.983,0.869,-0.997,0.996,0.987,-0.934,-0.984,0.993,-0.912,0.998,-0.975,-0.84,0.077,0.896,-0.444,0.488,-0.964,-0.761,-0.963,0.974,-0.995,-0.994,-0.327,-0.937,-0.994,-0.974,-0.541,-0.87,0.585,0.979,0.996,-0.973,0.002,-0.967,0.805,0.966,-0.902,-0.863,0.849,-0.944,0.848,0.996,0.617,0.971,0.988,-0.937,0.994,0.95,-0.984,-0.992,0.503,-0.992,-0.995,0.99,-0.966,-0.958,6.127,4.912,10.4,10.317,10.357,10.357,10.334,10.346,5.818,5.093,10.411,10.337,6.077,5.912,10.408,10.343,EssenceCatalog/problems/csplib-prob010-SocialGolfers/params/4d8256f98987f2ae6ae2996cf79ed041.param
-0.998,-0.973,-0.911,-0.749,0.867,-0.973,-0.966,-0.999,0.944,0.162,0.991,0.691,-0.985,-0.912,0.873,0.977,0.994,-0.671,0.993,0.995,-0.966,0.992,-0.995,-0.986,0.971,0.865,-0.998,-0.825,-0.913,0.936,-0.974,0.995,0.997,-0.982,0.852,0.979,0.987,0.857,-0.967,0.928,0.995,-0.817,-0.899,-0.987,0.981,0.926,-0.998,0.997,0.985,-0.961,-0.992,0.994,-0.916,0.998,-0.968,-0.903,0.819,0.149,-0.722,0.597,-0.983,-0.792,-0.955,0.979,-0.994,-0.995,-0.827,-0.958,-0.994,-0.983,-0.637,-0.545,0.72,0.981,0.997,-0.979,0.768,-0.974,0.768,0.954,-0.927,-0.864,0.879,-0.923,0.845,0.998,0.87,0.722,0.99,-0.929,0.996,0.968,-0.991,-0.996,0.841,-0.991,-0.993,0.992,-0.747,-0.929,7.401,5.315,10.436,10.466,10.483,10.518,10.491,10.477,6.529,5.53,10.458,10.468,6.811,6.712,10.5,10.439,EssenceCatalog/problems/csplib-prob010-SocialGolfers/params/6421677493b6d3db44e2baf9d640b4bd.param
-0.997,-0.997,0.973,-0.504,0.993,-0.802,-0.952,-0.997,-0.983,0.922,0.991,0.925,-0.785,-0.963,0.969,-0.987,0.994,-0.763,0.996,0.997,-0.985,-0.965,-0.996,0.994,0.997,0.964,-0.998,-0.948,-0.656,0.984,-0.925,0.999,0.993,0.986,0.856,-0.807,0.966,0.433,-0.988,-0.971,0.997,-0.978,-0.899,-0.988,-0.984,0.917,-0.995,0.999,-0.995,-0.968,-0.982,0.997,-0.936,0.995,0.875,-0.993,0.978,0.977,-0.937,0.855,-0.886,-0.887,-0.986,0.97,-0.997,-0.992,0.944,-0.98,-0.995,-0.96,-0.889,-0.97,0.924,0.872,0.999,-0.977,0.925,-0.983,0.986,0.997,-0.447,-0.958,0.965,0.59,0.898,0.998,-0.986,0.943,0.993,-0.974,0.992,-0.982,-0.995,-0.963,-0.986,-0.995,-0.984,0.996,-0.989,-0.978,4.092,3.268,4.702,9.98,10.449,10.328,10.467,10.547,4.027,3.511,4.779,9.967,4.594,4.163,5.711,9.943,EssenceCatalog/problems/csplib-prob010-SocialGolfers/params/87f250e5d5376de41ef672c2980ef299.param
-1.0,-0.991,-0.991,-0.991,-0.945,-0.995,-0.998,-1.0,0.995,-0.987,0.999,0.987,-0.998,-0.992,0.978,0.984,0.997,-0.961,0.998,0.999,-0.987,0.996,-0.999,-0.998,1.0,0.996,-0.999,-0.974,-0.989,0.944,-0.998,0.999,1.0,-0.99,0.978,0.994,0.997,0.99,-0.998,0.99,0.999,-0.991,-0.981,-0.998,0.997,0.995,-0.999,0.997,0.997,-0.996,-0.999,0.998,-0.984,0.999,-0.994,-0.991,0.998,-0.997,-0.987,0.967,-0.998,-0.98,-0.962,0.995,-0.998,-0.999,-0.991,-0.995,-0.997,-0.997,-0.983,-0.465,0.989,0.997,1.0,-0.994,0.987,-0.996,0.831,0.978,-0.987,-0.93,0.98,-0.994,0.983,1.0,0.996,-0.919,0.998,-0.977,0.999,0.997,-0.999,-0.999,0.992,-0.998,-0.997,0.998,0.982,-0.565,9.48,5.785,10.457,10.465,10.43,10.52,10.524,10.468,7.515,6.072,10.405,10.406,7.965,7.841,10.438,10.474,EssenceCatalog/problems/csplib-prob010-SocialGolfers/params/0e7fe332bccc6412d5d70e742e13a339.param
-0.998,-0.995,0.943,-0.794,0.988,-0.861,-0.988,-0.997,-0.948,0.709,0.993,0.954,-0.961,-0.965,0.968,-0.985,0.994,-0.828,0.994,0.997,-0.977,-0.97,-0.995,0.986,0.999,0.986,-0.998,-0.926,-0.814,0.987,-0.966,0.999,0.995,0.981,0.85,-0.824,0.976,0.41,-0.987,-0.917,0.997,-0.984,-0.922,-0.992,-0.969,0.975,-0.994,0.998,-0.991,-0.975,-0.987,0.997,-0.927,0.995,0.848,-0.991,0.992,0.867,-0.931,0.856,-0.871,-0.905,-0.98,0.975,-0.997,-0.994,0.737,-0.99,-0.994,-0.961,-0.938,-0.977,0.928,0.938,0.998,-0.986,0.938,-0.988,0.978,0.996,-0.465,-0.931,0.957,-0.054,0.914,0.997,-0.882,0.937,0.994,-0.981,0.992,-0.949,-0.994,-0.981,-0.956,-0.996,-0.981,0.994,-0.974,-0.968,4.356,3.425,5.001,10.107,10.519,10.4,10.521,10.554,4.214,3.655,5.069,10.08,4.747,4.36,5.997,10.057,EssenceCatalog/problems/csplib-prob010-SocialGolfers/params/8212597ee0ffe142966721733fad261d.param
-0.996,-0.979,-0.911,-0.663,0.974,-0.951,-0.966,-0.999,0.955,0.731,0.988,0.425,-0.982,-0.911,0.846,0.979,0.995,-0.613,0.992,0.994,-0.974,0.982,-0.996,-0.988,0.967,0.874,-0.996,-0.804,-0.89,0.96,-0.969,0.992,0.994,-0.989,0.839,0.972,0.985,0.766,-0.932,0.873,0.996,-0.655,-0.914,-0.991,0.984,0.86,-0.997,0.995,0.988,-0.933,-0.984,0.993,-0.914,0.998,-0.976,-0.82,-0.027,0.89,-0.454,0.484,-0.96,-0.777,-0.965,0.974,-0.994,-0.994,-0.312,-0.936,-0.994,-0.974,-0.542,-0.876,0.568,0.978,0.995,-0.972,-0.047,-0.966,0.793,0.961,-0.905,-0.861,0.856,-0.944,0.85,0.995,0.607,0.97,0.988,-0.937,0.994,0.952,-0.982,-0.99,0.49,-0.991,-0.995,0.989,-0.965,-0.955,6.085,4.893,10.414,10.312,10.352,10.35,10.332,10.351,5.792,5.075,10.42,10.333,6.051,5.879,10.414,10.344,EssenceCatalog/problems/csplib-prob010-SocialGolfers/params/4ea074f986041a8dcc16a3e80334e5f9.param
-0.997,-0.989,-0.961,-0.886,0.956,-0.961,-0.987,-0.999,0.967,0.969,0.991,0.725,-0.992,-0.959,0.93,0.972,0.997,-0.566,0.985,0.997,-0.989,0.99,-0.996,-0.987,0.986,0.931,-0.997,-0.865,-0.828,0.983,-0.983,0.995,0.992,-0.994,0.496,0.886,0.974,0.878,-0.967,0.597,0.996,-0.746,-0.73,-0.99,0.994,-0.225,-0.997,0.998,0.989,-0.898,-0.987,0.994,-0.945,0.998,-0.992,-0.961,-0.847,0.469,-0.901,0.719,-0.969,-0.869,-0.985,0.978,-0.998,-0.994,-0.152,-0.98,-0.995,-0.978,-0.615,-0.931,0.917,0.969,0.998,-0.826,-0.563,-0.9,0.841,0.99,-0.854,-0.854,0.924,-0.988,0.848,0.996,-0.815,0.845,0.989,-0.774,0.992,0.936,-0.985,-0.995,-0.457,-0.994,-0.995,0.995,-0.938,-0.96,5.402,4.381,10.398,10.347,10.301,10.369,10.312,10.235,5.251,4.538,10.394,10.321,5.532,5.176,10.361,10.337,EssenceCatalog/problems/csplib-prob010-SocialGolfers/params/01a59d9d66eaad938f1e2ccc09c6d2c4.param
-0.95,-0.805,-0.62,0.815,0.955,0.953,0.896,-0.994,-0.919,0.941,0.68,0.868,0.956,-0.896,0.852,0.902,0.984,-0.827,0.952,0.728,-0.823,-0.948,-0.984,0.692,-0.835,-0.641,0.954,-0.887,-0.886,0.563,0.915,-0.946,-0.778,0.926,0.95,0.856,0.837,0.662,-0.902,-0.742,0.993,0.948,-0.968,-0.953,-0.843,0.531,-0.974,-0.994,-0.878,-0.895,-0.948,0.649,-0.96,0.988,0.913,0.973,-0.985,0.97,0.028,-0.631,0.987,-0.903,-0.965,0.916,0.981,-0.98,0.942,0.28,-0.975,-0.964,-0.012,0.405,-0.957,-0.926,-0.991,-0.83,-0.371,-0.74,0.878,-0.981,-0.823,-0.949,0.804,0.944,0.933,-0.959,0.866,0.928,0.606,-0.91,0.919,-0.936,0.947,0.994,-0.856,0.889,-0.946,-0.995,-0.85,-0.306,1.894,1.572,1.864,4.537,2.99,2.256,3.463,7.846,2.034,1.631,1.966,4.505,2.36,1.706,2.311,4.512,EssenceCatalog/problems/csplib-prob010-SocialGolfers/params/ord06-13-7-2.param
-0.999,-0.986,-0.973,-0.87,0.73,-0.976,-0.972,-0.999,0.961,0.931,0.993,0.813,-0.988,-0.964,0.941,0.992,0.997,-0.762,0.992,0.997,-0.987,0.998,-0.996,-0.991,0.952,0.792,-0.998,-0.903,-0.89,0.967,-0.98,0.996,0.996,-0.994,0.678,0.964,0.973,0.901,-0.98,0.884,0.997,-0.678,-0.745,-0.984,0.994,0.332,-0.998,0.998,0.992,-0.946,-0.992,0.993,-0.954,0.999,-0.991,-0.957,-0.356,-0.437,-0.916,0.749,-0.985,-0.869,-0.981,0.983,-0.996,-0.997,-0.841,-0.969,-0.996,-0.987,-0.584,-0.389,0.912,0.97,0.998,-0.921,0.558,-0.942,0.908,0.986,-0.933,-0.943,0.942,-0.966,0.898,0.998,-0.222,-0.249,0.991,-0.806,0.995,0.975,-0.988,-0.997,0.562,-0.989,-0.996,0.994,-0.676,-0.971,7.093,4.914,10.475,10.393,10.414,10.501,10.452,10.43,6.201,5.12,10.477,10.388,6.533,6.18,10.474,10.38,EssenceCatalog/problems/csplib-prob010-SocialGolfers/params/b08f01fa5ea0206fa488cb3e302221ff.param
-0.998,-0.992,-0.962,-0.806,0.971,-0.954,-0.968,-0.999,0.953,0.989,0.992,0.675,-0.984,-0.965,0.945,0.983,0.998,-0.616,0.991,0.997,-0.993,0.994,-0.997,-0.986,0.959,0.837,-0.997,-0.899,-0.833,0.98,-0.972,0.995,0.992,-0.994,0.634,0.934,0.974,0.862,-0.968,0.645,0.998,-0.541,-0.778,-0.99,0.993,-0.358,-0.998,0.998,0.987,-0.893,-0.987,0.994,-0.961,0.999,-0.991,-0.947,-0.932,0.797,-0.877,0.677,-0.969,-0.863,-0.988,0.982,-0.997,-0.996,0.017,-0.972,-0.997,-0.981,-0.498,-0.865,0.898,0.959,0.998,-0.86,-0.55,-0.905,0.935,0.992,-0.892,-0.945,0.946,-0.972,0.896,0.997,-0.867,0.827,0.99,-0.811,0.994,0.929,-0.985,-0.993,-0.433,-0.992,-0.997,0.994,-0.976,-0.982,5.224,4.335,10.397,10.326,10.298,10.383,10.317,10.258,5.164,4.493,10.386,10.309,5.45,5.038,10.352,10.332,EssenceCatalog/problems/csplib-prob010-SocialGolfers/params/ae5e5cb383d01012292724fc09e713c6.param
-0.997,-0.975,-0.911,-0.704,0.956,-0.961,-0.967,-0.998,0.954,0.598,0.988,0.527,-0.984,-0.908,0.854,0.978,0.994,-0.599,0.991,0.994,-0.97,0.987,-0.995,-0.988,0.972,0.877,-0.997,-0.798,-0.892,0.954,-0.972,0.993,0.995,-0.988,0.823,0.971,0.985,0.803,-0.942,0.887,0.995,-0.733,-0.9,-0.989,0.985,0.881,-0.997,0.996,0.988,-0.941,-0.986,0.993,-0.908,0.998,-0.976,-0.861,0.386,0.719,-0.562,0.515,-0.972,-0.772,-0.959,0.974,-0.994,-0.994,-0.57,-0.945,-0.994,-0.976,-0.572,-0.811,0.644,0.98,0.996,-0.971,0.305,-0.966,0.758,0.962,-0.905,-0.835,0.855,-0.947,0.829,0.996,0.709,0.934,0.988,-0.931,0.994,0.959,-0.986,-0.993,0.624,-0.991,-0.994,0.991,-0.927,-0.944,6.544,5.056,10.43,10.39,10.42,10.434,10.401,10.405,6.06,5.24,10.448,10.409,6.319,6.186,10.462,10.395,EssenceCatalog/problems/csplib-prob010-SocialGolfers/params/d91a1cacd115f896b71f6218376febf7.param
-0.998,-0.99,-0.966,-0.862,0.915,-0.961,-0.973,-0.999,0.947,0.98,0.993,0.781,-0.987,-0.964,0.947,0.984,0.997,-0.668,0.991,0.997,-0.991,0.995,-0.996,-0.985,0.966,0.85,-0.998,-0.901,-0.844,0.976,-0.976,0.995,0.994,-0.992,0.559,0.926,0.971,0.87,-0.979,0.702,0.997,-0.624,-0.694,-0.987,0.992,-0.228,-0.998,0.998,0.986,-0.917,-0.99,0.993,-0.958,0.999,-0.99,-0.958,-0.83,0.206,-0.921,0.721,-0.977,-0.862,-0.988,0.98,-0.997,-0.996,-0.5,-0.977,-0.996,-0.984,-0.561,-0.772,0.92,0.963,0.998,-0.866,0.014,-0.908,0.92,0.99,-0.895,-0.944,0.949,-0.971,0.886,0.997,-0.781,0.394,0.991,-0.791,0.994,0.945,-0.987,-0.995,-0.092,-0.992,-0.996,0.994,-0.915,-0.978,5.918,4.514,10.434,10.359,10.348,10.427,10.361,10.305,5.535,4.682,10.426,10.344,5.835,5.436,10.409,10.349,EssenceCatalog/problems/csplib-prob010-SocialGolfers/params/d8b47cb1ec9bec66216ba7d98c1f0915.param
-0.998,-0.995,0.943,-0.791,0.987,-0.866,-0.988,-0.997,-0.948,0.712,0.993,0.955,-0.962,-0.965,0.969,-0.985,0.994,-0.832,0.994,0.997,-0.978,-0.968,-0.995,0.986,0.999,0.986,-0.998,-0.929,-0.815,0.987,-0.966,0.999,0.996,0.981,0.85,-0.823,0.976,0.426,-0.987,-0.918,0.997,-0.984,-0.921,-0.992,-0.969,0.974,-0.994,0.998,-0.991,-0.975,-0.988,0.997,-0.928,0.995,0.848,-0.991,0.992,0.861,-0.933,0.859,-0.878,-0.907,-0.98,0.975,-0.997,-0.994,0.73,-0.99,-0.995,-0.962,-0.937,-0.976,0.929,0.938,0.998,-0.986,0.94,-0.988,0.978,0.996,-0.473,-0.933,0.958,-0.052,0.915,0.998,-0.885,0.931,0.994,-0.981,0.993,-0.949,-0.994,-0.982,-0.954,-0.996,-0.981,0.994,-0.973,-0.968,4.366,3.429,5.008,10.114,10.528,10.407,10.529,10.561,4.221,3.659,5.076,10.086,4.754,4.366,6.004,10.064,EssenceCatalog/problems/csplib-prob010-SocialGolfers/params/98dc86debd73d3781680a6343b67bb12.param
-0.998,-0.989,-0.968,-0.881,0.857,-0.965,-0.977,-0.999,0.951,0.968,0.993,0.815,-0.988,-0.963,0.947,0.985,0.997,-0.691,0.99,0.997,-0.99,0.996,-0.996,-0.986,0.971,0.873,-0.998,-0.896,-0.854,0.975,-0.979,0.996,0.995,-0.992,0.537,0.929,0.97,0.881,-0.98,0.746,0.997,-0.687,-0.667,-0.986,0.993,-0.115,-0.998,0.998,0.987,-0.927,-0.991,0.993,-0.954,0.999,-0.99,-0.963,-0.722,-0.168,-0.933,0.751,-0.98,-0.863,-0.986,0.98,-0.997,-0.996,-0.646,-0.979,-0.996,-0.985,-0.595,-0.729,0.93,0.966,0.998,-0.868,0.225,-0.911,0.904,0.989,-0.897,-0.936,0.945,-0.974,0.88,0.997,-0.695,0.136,0.99,-0.784,0.994,0.955,-0.987,-0.996,0.087,-0.992,-0.995,0.995,-0.837,-0.972,6.313,4.621,10.443,10.37,10.365,10.439,10.376,10.322,5.74,4.796,10.435,10.355,6.048,5.663,10.422,10.351,EssenceCatalog/problems/csplib-prob010-SocialGolfers/params/97991e295faf6a5658ee1862536e34fe.param
-0.999,-0.987,-0.973,-0.913,0.618,-0.975,-0.982,-0.999,0.95,0.931,0.994,0.888,-0.991,-0.969,0.954,0.987,0.997,-0.757,0.991,0.998,-0.989,0.996,-0.996,-0.987,0.98,0.891,-0.998,-0.915,-0.889,0.97,-0.984,0.996,0.996,-0.99,0.617,0.944,0.973,0.907,-0.987,0.807,0.997,-0.756,-0.683,-0.986,0.994,0.155,-0.998,0.998,0.987,-0.951,-0.994,0.993,-0.959,0.999,-0.989,-0.969,-0.305,-0.729,-0.953,0.807,-0.985,-0.895,-0.986,0.983,-0.997,-0.997,-0.842,-0.983,-0.996,-0.988,-0.691,-0.534,0.945,0.973,0.998,-0.902,0.664,-0.938,0.905,0.988,-0.92,-0.941,0.955,-0.974,0.887,0.998,-0.461,-0.48,0.992,-0.801,0.994,0.966,-0.989,-0.997,0.426,-0.991,-0.995,0.995,-0.479,-0.963,7.234,4.894,10.441,10.416,10.402,10.513,10.441,10.393,6.23,5.099,10.433,10.396,6.578,6.215,10.437,10.371,EssenceCatalog/problems/csplib-prob010-SocialGolfers/params/7a9a8f6f9ad33ef4890c20ab4bd9ecae.param
-0.997,-0.977,-0.944,-0.87,0.903,-0.974,-0.985,-0.998,0.969,0.753,0.989,0.709,-0.992,-0.936,0.897,0.974,0.994,-0.528,0.985,0.995,-0.974,0.991,-0.994,-0.989,0.989,0.93,-0.997,-0.807,-0.871,0.97,-0.983,0.994,0.995,-0.991,0.601,0.938,0.978,0.877,-0.96,0.799,0.994,-0.827,-0.799,-0.987,0.992,0.651,-0.996,0.997,0.991,-0.936,-0.988,0.992,-0.903,0.998,-0.989,-0.946,0.21,-0.121,-0.847,0.662,-0.977,-0.824,-0.965,0.974,-0.997,-0.992,-0.685,-0.975,-0.992,-0.979,-0.674,-0.862,0.86,0.981,0.997,-0.921,0.243,-0.941,0.646,0.977,-0.876,-0.709,0.878,-0.982,0.778,0.997,0.202,0.778,0.989,-0.858,0.992,0.961,-0.989,-0.996,0.337,-0.993,-0.991,0.994,-0.765,-0.917,6.714,4.966,10.446,10.434,10.416,10.452,10.408,10.366,6.058,5.138,10.456,10.433,6.33,6.183,10.47,10.401,EssenceCatalog/problems/csplib-prob010-SocialGolfers/params/1b7206350880704ade1d897c79912260.param
-0.94,-0.754,-0.555,0.889,0.927,0.938,0.945,-0.993,-0.959,0.914,0.691,0.858,0.972,-0.889,0.834,0.931,0.976,-0.859,0.954,0.736,-0.741,-0.922,-0.98,0.675,-0.949,-0.893,0.94,-0.859,-0.836,0.335,0.96,-0.951,-0.759,0.949,0.952,0.903,0.832,0.747,-0.934,-0.644,0.984,0.952,-0.963,-0.93,-0.883,0.6,-0.975,-0.994,-0.917,-0.907,-0.94,0.68,-0.956,0.983,0.936,0.977,-0.971,0.934,0.181,-0.819,0.976,-0.9,-0.949,0.925,0.99,-0.981,0.865,0.508,-0.97,-0.973,0.326,0.87,-0.968,-0.929,-0.993,-0.814,-0.102,-0.724,0.856,-0.986,-0.888,-0.95,0.786,0.967,0.921,-0.968,0.926,0.74,0.427,-0.892,0.929,-0.938,0.944,0.993,-0.678,0.949,-0.927,-0.996,-0.736,-0.127,1.967,1.538,1.683,4.208,2.699,1.946,3.221,7.677,2.034,1.597,1.773,4.207,2.327,1.686,2.095,4.184,EssenceCatalog/problems/csplib-prob010-SocialGolfers/params/ThomasKirkman.param
-0.998,-0.996,0.951,-0.665,0.99,-0.909,-0.986,-0.998,-0.948,0.625,0.995,0.926,-0.954,-0.964,0.967,-0.979,0.995,-0.816,0.996,0.998,-0.98,-0.938,-0.996,0.979,0.999,0.984,-0.999,-0.919,-0.829,0.988,-0.963,1.0,0.997,0.973,0.88,-0.649,0.984,0.469,-0.99,-0.894,0.997,-0.983,-0.934,-0.992,-0.967,0.978,-0.997,0.999,-0.988,-0.98,-0.989,0.998,-0.934,0.997,0.833,-0.991,0.994,0.92,-0.91,0.825,-0.927,-0.883,-0.98,0.981,-0.998,-0.995,0.721,-0.989,-0.995,-0.967,-0.926,-0.969,0.914,0.952,0.999,-0.991,0.938,-0.992,0.979,0.997,-0.63,-0.921,0.956,0.089,0.911,0.999,-0.855,0.947,0.995,-0.984,0.995,-0.94,-0.996,-0.987,-0.934,-0.997,-0.989,0.996,-0.98,-0.975,4.375,3.444,5.035,10.12,10.547,10.423,10.558,10.591,4.248,3.686,5.106,10.091,4.778,4.394,6.019,10.074,EssenceCatalog/problems/csplib-prob010-SocialGolfers/params/a5f20e0d65ae4fe1867ec155464c057e.param
-0.998,-0.995,0.942,-0.53,0.968,-0.925,-0.938,-0.997,-0.977,0.747,0.993,0.969,-0.832,-0.968,0.978,-0.988,0.994,-0.907,0.994,0.998,-0.986,-0.917,-0.995,0.994,0.996,0.967,-0.999,-0.948,-0.822,0.985,-0.935,1.0,0.997,0.994,0.829,-0.788,0.981,0.763,-0.994,-0.955,0.996,-0.99,-0.885,-0.982,-0.987,0.97,-0.997,0.999,-0.997,-0.98,-0.991,0.998,-0.93,0.995,0.905,-0.997,0.996,0.461,-0.97,0.928,-0.945,-0.915,-0.982,0.976,-0.998,-0.995,0.428,-0.99,-0.994,-0.976,-0.92,-0.892,0.955,0.884,0.999,-0.983,0.978,-0.988,0.978,0.997,-0.637,-0.955,0.957,0.308,0.913,0.999,-0.899,0.382,0.994,-0.971,0.994,-0.96,-0.997,-0.986,-0.881,-0.995,-0.983,0.997,-0.918,-0.961,4.625,3.443,4.913,10.016,10.486,10.346,10.49,10.539,4.343,3.693,4.996,9.965,4.877,4.476,5.926,9.973,EssenceCatalog/problems/csplib-prob010-SocialGolfers/params/f4eadfaebe25bd7dd5ccafbdbacd2c5f.param
-0.997,-0.992,-0.944,-0.762,0.988,-0.943,-0.976,-0.999,0.959,0.983,0.991,0.496,-0.984,-0.957,0.921,0.974,0.998,-0.572,0.991,0.997,-0.991,0.984,-0.998,-0.984,0.972,0.901,-0.996,-0.872,-0.838,0.983,-0.972,0.993,0.99,-0.994,0.71,0.934,0.98,0.821,-0.951,0.62,0.998,-0.516,-0.867,-0.994,0.989,0.011,-0.998,0.997,0.986,-0.887,-0.982,0.994,-0.953,0.999,-0.987,-0.918,-0.934,0.952,-0.757,0.588,-0.946,-0.86,-0.986,0.98,-0.997,-0.995,0.489,-0.965,-0.996,-0.974,-0.501,-0.954,0.812,0.965,0.997,-0.909,-0.818,-0.926,0.907,0.988,-0.879,-0.909,0.921,-0.97,0.889,0.995,-0.796,0.976,0.991,-0.872,0.993,0.91,-0.981,-0.988,-0.567,-0.994,-0.996,0.992,-0.99,-0.98,4.93,4.304,10.34,10.294,10.268,10.329,10.281,10.223,5.008,4.44,10.319,10.28,5.288,4.903,10.282,10.32,EssenceCatalog/problems/csplib-prob010-SocialGolfers/params/cc6256a627315da1a1b17d6cee83cfd6.param
-0.997,-0.974,-0.894,-0.725,0.958,-0.963,-0.976,-0.998,0.963,0.277,0.989,0.51,-0.987,-0.901,0.83,0.973,0.994,-0.604,0.992,0.994,-0.963,0.978,-0.996,-0.988,0.982,0.923,-0.996,-0.795,-0.907,0.951,-0.975,0.993,0.995,-0.986,0.869,0.974,0.988,0.793,-0.938,0.904,0.996,-0.787,-0.931,-0.991,0.983,0.942,-0.997,0.994,0.988,-0.95,-0.987,0.993,-0.906,0.998,-0.972,-0.836,0.598,0.783,-0.448,0.499,-0.966,-0.796,-0.951,0.973,-0.994,-0.994,-0.514,-0.945,-0.993,-0.975,-0.664,-0.888,0.569,0.984,0.995,-0.98,0.285,-0.975,0.693,0.949,-0.905,-0.8,0.84,-0.954,0.837,0.996,0.847,0.967,0.989,-0.953,0.995,0.96,-0.986,-0.992,0.675,-0.992,-0.994,0.99,-0.928,-0.927,6.634,5.131,10.412,10.391,10.419,10.41,10.391,10.385,6.13,5.326,10.431,10.404,6.381,6.306,10.451,10.392,EssenceCatalog/problems/csplib-prob010-SocialGolfers/params/26e8a1c27ad0517a6fb580c59f283187.param
-0.997,-0.972,-0.94,-0.88,0.866,-0.979,-0.987,-0.998,0.972,0.535,0.989,0.742,-0.994,-0.929,0.891,0.971,0.993,-0.51,0.984,0.995,-0.97,0.991,-0.994,-0.99,0.993,0.949,-0.997,-0.799,-0.884,0.964,-0.985,0.995,0.995,-0.991,0.642,0.944,0.981,0.892,-0.962,0.833,0.993,-0.874,-0.815,-0.987,0.992,0.774,-0.996,0.997,0.992,-0.944,-0.989,0.992,-0.895,0.997,-0.988,-0.951,0.574,-0.374,-0.853,0.697,-0.98,-0.822,-0.956,0.973,-0.997,-0.991,-0.753,-0.978,-0.991,-0.978,-0.717,-0.867,0.866,0.984,0.998,-0.934,0.425,-0.95,0.561,0.975,-0.877,-0.629,0.871,-0.984,0.768,0.997,0.47,0.75,0.989,-0.884,0.993,0.965,-0.991,-0.996,0.481,-0.993,-0.99,0.995,-0.632,-0.889,7.132,5.13,10.428,10.45,10.423,10.457,10.417,10.369,6.297,5.312,10.443,10.444,6.57,6.494,10.47,10.398,EssenceCatalog/problems/csplib-prob010-SocialGolfers/params/e3b0122e3102a4f0aed341c88eab79be.param
-0.998,-0.99,-0.964,-0.894,0.92,-0.965,-0.984,-0.999,0.958,0.977,0.992,0.814,-0.991,-0.966,0.944,0.977,0.997,-0.629,0.987,0.998,-0.991,0.993,-0.996,-0.986,0.983,0.916,-0.997,-0.896,-0.839,0.981,-0.983,0.996,0.993,-0.993,0.483,0.89,0.973,0.888,-0.977,0.586,0.997,-0.738,-0.661,-0.989,0.994,-0.315,-0.998,0.998,0.987,-0.911,-0.99,0.994,-0.957,0.999,-0.992,-0.966,-0.844,0.134,-0.929,0.762,-0.976,-0.879,-0.987,0.98,-0.998,-0.995,-0.377,-0.983,-0.996,-0.983,-0.638,-0.87,0.941,0.968,0.998,-0.819,-0.28,-0.902,0.886,0.991,-0.867,-0.905,0.943,-0.986,0.873,0.997,-0.844,0.563,0.99,-0.762,0.993,0.938,-0.986,-0.996,-0.366,-0.993,-0.995,0.995,-0.903,-0.968,5.724,4.435,10.417,10.364,10.327,10.403,10.335,10.264,5.409,4.599,10.413,10.338,5.706,5.324,10.387,10.344,EssenceCatalog/problems/csplib-prob010-SocialGolfers/params/6e2bb3372d4f9328bf5299cc5936e782.param
-0.999,-0.993,-0.975,-0.899,0.799,-0.966,-0.979,-0.999,0.939,0.985,0.996,0.893,-0.989,-0.98,0.968,0.988,0.998,-0.802,0.994,0.998,-0.994,0.996,-0.997,-0.982,0.958,0.83,-0.998,-0.946,-0.883,0.979,-0.978,0.997,0.996,-0.991,0.644,0.927,0.974,0.905,-0.989,0.699,0.998,-0.66,-0.687,-0.988,0.993,-0.394,-0.999,0.999,0.982,-0.937,-0.995,0.995,-0.978,0.999,-0.99,-0.974,-0.834,-0.315,-0.96,0.813,-0.984,-0.909,-0.992,0.987,-0.997,-0.998,-0.653,-0.983,-0.998,-0.99,-0.673,-0.607,0.952,0.962,0.998,-0.872,0.222,-0.925,0.96,0.993,-0.925,-0.974,0.972,-0.972,0.934,0.998,-0.877,-0.426,0.992,-0.775,0.996,0.945,-0.987,-0.996,-0.102,-0.992,-0.997,0.995,-0.823,-0.985,6.41,4.571,10.436,10.371,10.374,10.476,10.392,10.337,5.75,4.756,10.429,10.344,6.09,5.622,10.409,10.35,EssenceCatalog/problems/csplib-prob010-SocialGolfers/params/3a6ffbf76b464d2d091181a3d98faa26.param
-0.996,-0.977,-0.898,-0.714,0.971,-0.958,-0.976,-0.998,0.964,0.47,0.988,0.435,-0.986,-0.91,0.828,0.974,0.995,-0.6,0.991,0.994,-0.969,0.977,-0.996,-0.988,0.981,0.923,-0.995,-0.784,-0.904,0.961,-0.974,0.993,0.994,-0.988,0.862,0.972,0.987,0.785,-0.93,0.889,0.996,-0.751,-0.931,-0.992,0.983,0.924,-0.997,0.994,0.989,-0.943,-0.985,0.993,-0.907,0.998,-0.974,-0.84,0.386,0.861,-0.435,0.455,-0.961,-0.794,-0.955,0.972,-0.995,-0.994,-0.327,-0.941,-0.993,-0.972,-0.636,-0.915,0.565,0.983,0.995,-0.978,0.039,-0.972,0.713,0.956,-0.901,-0.794,0.838,-0.957,0.837,0.995,0.771,0.978,0.989,-0.95,0.995,0.957,-0.985,-0.991,0.58,-0.992,-0.994,0.989,-0.951,-0.935,6.334,5.019,10.404,10.348,10.383,10.369,10.35,10.353,5.947,5.204,10.42,10.368,6.2,6.098,10.428,10.363,EssenceCatalog/problems/csplib-prob010-SocialGolfers/params/ae01c6f2381217ec391946a456c3bc02.param
-0.998,-0.99,-0.963,-0.823,0.941,-0.964,-0.966,-0.999,0.952,0.981,0.993,0.723,-0.985,-0.963,0.944,0.985,0.998,-0.656,0.991,0.997,-0.991,0.996,-0.996,-0.987,0.955,0.809,-0.998,-0.89,-0.845,0.977,-0.974,0.995,0.994,-0.993,0.607,0.942,0.972,0.872,-0.973,0.728,0.997,-0.598,-0.746,-0.987,0.993,-0.171,-0.998,0.998,0.988,-0.912,-0.989,0.994,-0.956,0.999,-0.991,-0.953,-0.84,0.484,-0.897,0.69,-0.978,-0.85,-0.986,0.981,-0.997,-0.996,-0.418,-0.971,-0.996,-0.984,-0.515,-0.762,0.902,0.962,0.998,-0.873,-0.119,-0.914,0.923,0.991,-0.902,-0.941,0.943,-0.97,0.886,0.997,-0.762,0.581,0.99,-0.803,0.994,0.945,-0.987,-0.995,-0.115,-0.992,-0.996,0.995,-0.943,-0.979,5.731,4.493,10.441,10.358,10.351,10.428,10.367,10.314,5.454,4.659,10.435,10.345,5.746,5.354,10.414,10.359,EssenceCatalog/problems/csplib-prob010-SocialGolfers/params/b083428bcfcf4cbb8d385938e6b13211.param
-0.704,-0.555,-0.29,0.825,0.942,0.972,0.884,-0.966,-0.92,0.944,0.07,0.765,0.951,-0.783,0.606,0.823,0.937,-0.624,0.838,0.089,-0.518,-0.978,-0.937,0.763,-0.806,-0.68,0.986,-0.754,-0.759,0.292,0.937,-0.979,-0.933,0.937,0.9,0.6,0.484,0.23,-0.692,-0.793,0.961,0.954,-0.925,-0.897,-0.867,0.147,-0.824,-0.996,-0.872,-0.744,-0.719,0.105,-0.917,0.939,0.915,0.985,-0.988,0.969,0.542,-0.793,0.993,-0.785,-0.905,0.746,0.988,-0.929,0.954,0.675,-0.919,-0.894,0.412,0.29,-0.942,-0.946,-0.997,-0.48,-0.693,-0.422,0.777,-0.979,-0.553,-0.887,0.513,0.922,0.86,-0.986,0.685,0.938,-0.107,-0.799,0.706,-0.952,0.978,0.996,-0.911,0.959,-0.819,-0.997,-0.846,0.023,1.341,1.092,1.069,3.561,1.947,1.277,2.392,6.492,1.465,1.114,1.237,3.575,1.719,1.109,1.524,3.508,EssenceCatalog/problems/csplib-prob010-SocialGolfers/params/ord04-9-5-2.param
-0.996,-0.977,-0.908,-0.734,0.969,-0.958,-0.977,-0.998,0.965,0.593,0.988,0.431,-0.987,-0.915,0.832,0.976,0.995,-0.587,0.991,0.994,-0.969,0.981,-0.996,-0.989,0.981,0.918,-0.996,-0.777,-0.896,0.964,-0.975,0.993,0.994,-0.99,0.826,0.969,0.985,0.787,-0.932,0.88,0.995,-0.736,-0.916,-0.991,0.986,0.894,-0.996,0.995,0.99,-0.938,-0.985,0.993,-0.904,0.998,-0.978,-0.863,0.254,0.822,-0.508,0.462,-0.964,-0.781,-0.957,0.972,-0.995,-0.993,-0.362,-0.943,-0.993,-0.972,-0.625,-0.91,0.617,0.982,0.996,-0.972,-0.007,-0.966,0.713,0.962,-0.894,-0.785,0.839,-0.961,0.828,0.995,0.685,0.971,0.989,-0.938,0.994,0.959,-0.985,-0.992,0.552,-0.992,-0.994,0.99,-0.946,-0.937,6.277,4.978,10.42,10.35,10.384,10.376,10.353,10.353,5.903,5.159,10.433,10.369,6.158,6.04,10.438,10.368,EssenceCatalog/problems/csplib-prob010-SocialGolfers/params/f76f9a89b50d3068408af1562ebe2846.param
-0.998,-0.987,-0.958,-0.775,0.931,-0.964,-0.957,-0.999,0.949,0.96,0.992,0.673,-0.982,-0.955,0.926,0.989,0.997,-0.683,0.992,0.997,-0.987,0.996,-0.996,-0.987,0.931,0.74,-0.998,-0.872,-0.865,0.97,-0.971,0.994,0.994,-0.993,0.68,0.961,0.974,0.864,-0.969,0.828,0.997,-0.567,-0.79,-0.986,0.991,0.244,-0.998,0.998,0.988,-0.926,-0.989,0.994,-0.95,0.999,-0.988,-0.932,-0.678,0.498,-0.846,0.636,-0.979,-0.826,-0.981,0.981,-0.995,-0.996,-0.6,-0.959,-0.996,-0.983,-0.445,-0.628,0.841,0.963,0.997,-0.92,0.13,-0.934,0.907,0.986,-0.922,-0.937,0.929,-0.952,0.888,0.997,-0.379,0.583,0.99,-0.83,0.995,0.959,-0.986,-0.994,0.274,-0.99,-0.996,0.993,-0.928,-0.976,6.068,4.674,10.47,10.358,10.388,10.441,10.401,10.375,5.681,4.843,10.465,10.359,5.972,5.621,10.45,10.376,EssenceCatalog/problems/csplib-prob010-SocialGolfers/params/d52c7d0a66d3ca3ae1dc444704400a9d.param
-0.996,-0.978,-0.901,-0.715,0.975,-0.955,-0.976,-0.998,0.964,0.588,0.988,0.424,-0.986,-0.911,0.832,0.973,0.995,-0.586,0.991,0.994,-0.971,0.976,-0.996,-0.987,0.981,0.922,-0.995,-0.784,-0.898,0.964,-0.974,0.992,0.994,-0.989,0.849,0.969,0.987,0.776,-0.928,0.872,0.996,-0.731,-0.927,-0.992,0.984,0.904,-0.997,0.995,0.989,-0.938,-0.984,0.993,-0.91,0.998,-0.976,-0.84,0.218,0.881,-0.438,0.461,-0.958,-0.792,-0.958,0.972,-0.995,-0.994,-0.248,-0.941,-0.993,-0.972,-0.616,-0.924,0.577,0.982,0.995,-0.975,-0.08,-0.969,0.725,0.959,-0.896,-0.798,0.841,-0.96,0.838,0.995,0.692,0.98,0.989,-0.947,0.994,0.954,-0.984,-0.991,0.494,-0.992,-0.994,0.989,-0.96,-0.94,6.169,4.948,10.403,10.333,10.366,10.355,10.335,10.338,5.843,5.127,10.414,10.353,6.099,5.975,10.416,10.354,EssenceCatalog/problems/csplib-prob010-SocialGolfers/params/c4e3f9ef3332d7b5dc0a9dd7e782e584.param
-0.998,-0.997,0.947,-0.655,0.991,-0.909,-0.987,-0.998,-0.946,0.638,0.995,0.924,-0.954,-0.965,0.968,-0.978,0.995,-0.82,0.997,0.998,-0.982,-0.936,-0.997,0.977,0.999,0.984,-0.999,-0.921,-0.839,0.989,-0.963,0.999,0.997,0.97,0.885,-0.62,0.986,0.501,-0.991,-0.889,0.997,-0.982,-0.94,-0.993,-0.967,0.978,-0.997,0.999,-0.987,-0.98,-0.99,0.998,-0.936,0.997,0.829,-0.991,0.993,0.932,-0.907,0.823,-0.925,-0.889,-0.982,0.982,-0.998,-0.996,0.734,-0.989,-0.996,-0.968,-0.925,-0.971,0.907,0.954,0.999,-0.991,0.931,-0.993,0.98,0.996,-0.654,-0.922,0.957,0.091,0.915,0.999,-0.851,0.955,0.995,-0.985,0.996,-0.939,-0.996,-0.986,-0.936,-0.997,-0.99,0.996,-0.982,-0.976,4.373,3.449,5.054,10.136,10.565,10.441,10.577,10.612,4.253,3.691,5.125,10.109,4.784,4.399,6.038,10.092,EssenceCatalog/problems/csplib-prob010-SocialGolfers/params/ac0f5085718510e001c4c58fd4bbee23.param
-0.997,-0.993,-0.964,-0.8,0.98,-0.944,-0.969,-0.999,0.959,0.992,0.992,0.653,-0.982,-0.966,0.947,0.982,0.998,-0.588,0.991,0.997,-0.994,0.992,-0.997,-0.986,0.962,0.867,-0.996,-0.911,-0.829,0.981,-0.971,0.994,0.99,-0.995,0.66,0.93,0.975,0.861,-0.965,0.568,0.998,-0.497,-0.803,-0.992,0.993,-0.494,-0.998,0.997,0.987,-0.879,-0.985,0.995,-0.964,0.999,-0.992,-0.939,-0.967,0.892,-0.87,0.696,-0.957,-0.881,-0.989,0.981,-0.997,-0.996,0.347,-0.973,-0.997,-0.979,-0.5,-0.921,0.887,0.956,0.997,-0.845,-0.775,-0.896,0.938,0.992,-0.884,-0.943,0.947,-0.975,0.902,0.996,-0.915,0.915,0.99,-0.821,0.994,0.917,-0.982,-0.99,-0.644,-0.992,-0.997,0.993,-0.986,-0.983,4.965,4.25,10.352,10.305,10.271,10.349,10.287,10.228,5.005,4.392,10.333,10.284,5.293,4.864,10.3,10.318,EssenceCatalog/problems/csplib-prob010-SocialGolfers/params/4232297871333724f02d86a735ef15db.param
-0.997,-0.979,-0.926,-0.71,0.96,-0.959,-0.964,-0.999,0.954,0.817,0.989,0.529,-0.984,-0.919,0.875,0.982,0.995,-0.592,0.991,0.995,-0.976,0.99,-0.995,-0.988,0.966,0.848,-0.997,-0.81,-0.874,0.961,-0.971,0.993,0.994,-0.991,0.771,0.966,0.982,0.808,-0.942,0.86,0.996,-0.667,-0.871,-0.988,0.988,0.769,-0.997,0.996,0.989,-0.93,-0.986,0.993,-0.915,0.998,-0.981,-0.874,-0.062,0.722,-0.628,0.53,-0.971,-0.772,-0.967,0.975,-0.994,-0.994,-0.518,-0.946,-0.994,-0.977,-0.501,-0.804,0.705,0.977,0.996,-0.959,0.118,-0.955,0.799,0.971,-0.901,-0.861,0.872,-0.952,0.836,0.996,0.437,0.917,0.987,-0.907,0.994,0.957,-0.984,-0.993,0.475,-0.991,-0.995,0.991,-0.942,-0.957,6.242,4.901,10.447,10.365,10.396,10.418,10.382,10.387,5.86,5.075,10.455,10.383,6.124,5.928,10.453,10.384,EssenceCatalog/problems/csplib-prob010-SocialGolfers/params/19b3337e1780d8d5f81439cac0b752c7.param
-0.997,-0.989,-0.95,-0.725,0.981,-0.946,-0.962,-0.999,0.952,0.976,0.99,0.543,-0.981,-0.951,0.919,0.983,0.997,-0.588,0.991,0.996,-0.99,0.99,-0.997,-0.986,0.96,0.842,-0.996,-0.869,-0.852,0.977,-0.968,0.993,0.991,-0.994,0.72,0.952,0.979,0.83,-0.951,0.725,0.997,-0.505,-0.846,-0.991,0.991,0.123,-0.998,0.997,0.987,-0.901,-0.984,0.994,-0.947,0.999,-0.988,-0.897,-0.874,0.903,-0.746,0.581,-0.959,-0.836,-0.983,0.979,-0.996,-0.994,0.081,-0.956,-0.996,-0.977,-0.436,-0.891,0.787,0.963,0.996,-0.918,-0.558,-0.927,0.898,0.985,-0.893,-0.921,0.921,-0.962,0.881,0.996,-0.603,0.944,0.989,-0.878,0.994,0.932,-0.982,-0.99,-0.255,-0.991,-0.996,0.991,-0.982,-0.977,5.23,4.419,10.389,10.3,10.288,10.349,10.301,10.258,5.203,4.573,10.372,10.292,5.475,5.118,10.339,10.324,EssenceCatalog/problems/csplib-prob010-SocialGolfers/params/685a7b8f50769773e68f3a1b71a4ac51.param
-0.996,-0.994,-0.939,-0.717,0.991,-0.929,-0.969,-0.999,0.946,0.989,0.99,0.517,-0.978,-0.96,0.93,0.973,0.998,-0.53,0.992,0.997,-0.994,0.982,-0.998,-0.98,0.969,0.888,-0.996,-0.902,-0.832,0.981,-0.969,0.994,0.989,-0.994,0.775,0.944,0.979,0.809,-0.949,0.579,0.998,-0.468,-0.875,-0.994,0.99,-0.29,-0.998,0.997,0.985,-0.875,-0.979,0.995,-0.962,0.999,-0.987,-0.909,-0.962,0.978,-0.727,0.641,-0.936,-0.86,-0.988,0.979,-0.996,-0.995,0.699,-0.96,-0.997,-0.974,-0.454,-0.955,0.823,0.956,0.997,-0.899,-0.881,-0.919,0.945,0.992,-0.871,-0.94,0.93,-0.967,0.908,0.996,-0.892,0.983,0.99,-0.878,0.993,0.888,-0.981,-0.985,-0.711,-0.993,-0.997,0.992,-0.994,-0.985,4.754,4.215,10.276,10.248,10.229,10.289,10.24,10.186,4.886,4.345,10.25,10.236,5.173,4.751,10.216,10.278,EssenceCatalog/problems/csplib-prob010-SocialGolfers/params/3ad40958e8286fb4af87e056155a10ea.param
-0.998,-0.985,-0.956,-0.82,0.932,-0.966,-0.971,-0.999,0.957,0.952,0.99,0.703,-0.987,-0.95,0.927,0.982,0.996,-0.605,0.989,0.996,-0.986,0.994,-0.995,-0.988,0.972,0.866,-0.997,-0.858,-0.841,0.973,-0.977,0.994,0.993,-0.993,0.581,0.939,0.974,0.871,-0.965,0.739,0.996,-0.694,-0.743,-0.987,0.993,0.19,-0.998,0.998,0.989,-0.918,-0.987,0.993,-0.935,0.998,-0.99,-0.945,-0.631,0.325,-0.87,0.676,-0.976,-0.83,-0.98,0.977,-0.997,-0.994,-0.513,-0.972,-0.995,-0.98,-0.54,-0.802,0.882,0.97,0.998,-0.89,0.006,-0.92,0.85,0.987,-0.885,-0.888,0.919,-0.973,0.848,0.997,-0.505,0.693,0.989,-0.828,0.993,0.95,-0.987,-0.995,0.03,-0.991,-0.995,0.994,-0.911,-0.965,5.963,4.621,10.452,10.382,10.376,10.43,10.382,10.331,5.602,4.779,10.445,10.372,5.886,5.564,10.431,10.38,EssenceCatalog/problems/csplib-prob010-SocialGolfers/params/eb976070e0992fcfaf41c04d235a2ff8.param
-0.997,-0.98,-0.94,-0.737,0.944,-0.964,-0.961,-0.999,0.952,0.88,0.99,0.594,-0.984,-0.931,0.895,0.984,0.995,-0.617,0.991,0.995,-0.98,0.993,-0.995,-0.988,0.962,0.83,-0.997,-0.832,-0.872,0.964,-0.972,0.993,0.994,-0.992,0.72,0.964,0.978,0.837,-0.954,0.85,0.996,-0.654,-0.833,-0.986,0.99,0.621,-0.997,0.997,0.989,-0.929,-0.987,0.993,-0.923,0.998,-0.984,-0.898,-0.212,0.56,-0.736,0.574,-0.975,-0.793,-0.971,0.976,-0.995,-0.994,-0.584,-0.952,-0.994,-0.978,-0.488,-0.745,0.767,0.973,0.996,-0.944,0.221,-0.946,0.821,0.976,-0.903,-0.882,0.894,-0.953,0.842,0.997,0.191,0.828,0.988,-0.885,0.994,0.957,-0.986,-0.994,0.434,-0.99,-0.994,0.992,-0.92,-0.96,6.284,4.86,10.465,10.387,10.413,10.449,10.407,10.403,5.857,5.032,10.469,10.402,6.129,5.892,10.469,10.399,EssenceCatalog/problems/csplib-prob010-SocialGolfers/params/db2d449a9ccbc4c37af7846f0e64f3be.param
-0.996,-0.992,-0.943,-0.766,0.988,-0.94,-0.977,-0.999,0.959,0.983,0.99,0.497,-0.983,-0.955,0.918,0.973,0.998,-0.555,0.991,0.997,-0.991,0.983,-0.998,-0.984,0.974,0.903,-0.996,-0.872,-0.838,0.982,-0.973,0.993,0.99,-0.994,0.715,0.934,0.98,0.812,-0.95,0.619,0.998,-0.52,-0.869,-0.994,0.99,0.015,-0.998,0.996,0.986,-0.887,-0.981,0.994,-0.952,0.999,-0.987,-0.913,-0.934,0.957,-0.738,0.599,-0.944,-0.861,-0.985,0.979,-0.997,-0.994,0.504,-0.964,-0.996,-0.973,-0.496,-0.956,0.802,0.965,0.997,-0.91,-0.815,-0.925,0.904,0.988,-0.874,-0.908,0.922,-0.97,0.89,0.995,-0.788,0.979,0.99,-0.878,0.993,0.912,-0.981,-0.988,-0.56,-0.993,-0.996,0.992,-0.99,-0.978,4.923,4.303,10.334,10.289,10.263,10.323,10.275,10.217,5.004,4.439,10.314,10.276,5.284,4.9,10.276,10.314,EssenceCatalog/problems/csplib-prob010-SocialGolfers/params/881f5dfacb6777995498acb94f699642.param
-0.997,-0.992,-0.945,-0.744,0.987,-0.942,-0.972,-0.999,0.958,0.978,0.99,0.48,-0.983,-0.954,0.916,0.978,0.998,-0.582,0.991,0.997,-0.99,0.987,-0.997,-0.986,0.966,0.879,-0.996,-0.864,-0.835,0.98,-0.971,0.994,0.992,-0.994,0.718,0.946,0.978,0.816,-0.95,0.692,0.998,-0.529,-0.863,-0.992,0.99,0.015,-0.998,0.997,0.987,-0.888,-0.982,0.994,-0.951,0.999,-0.987,-0.915,-0.913,0.944,-0.726,0.59,-0.952,-0.839,-0.984,0.979,-0.997,-0.995,0.374,-0.961,-0.996,-0.973,-0.469,-0.935,0.803,0.963,0.997,-0.915,-0.774,-0.925,0.909,0.988,-0.882,-0.91,0.917,-0.966,0.888,0.996,-0.727,0.971,0.991,-0.871,0.993,0.92,-0.982,-0.989,-0.393,-0.993,-0.996,0.992,-0.988,-0.979,5.021,4.344,10.358,10.285,10.264,10.323,10.277,10.22,5.069,4.487,10.34,10.271,5.346,4.971,10.304,10.307,EssenceCatalog/problems/csplib-prob010-SocialGolfers/params/c82ec636fe8bcb2aa844fe27d9c5f38a.param
-0.997,-0.991,-0.962,-0.799,0.977,-0.948,-0.97,-0.999,0.961,0.988,0.991,0.644,-0.983,-0.961,0.94,0.981,0.998,-0.579,0.99,0.997,-0.993,0.992,-0.997,-0.986,0.966,0.875,-0.996,-0.893,-0.827,0.98,-0.973,0.994,0.99,-0.995,0.633,0.929,0.976,0.859,-0.961,0.598,0.997,-0.545,-0.795,-0.991,0.993,-0.321,-0.998,0.997,0.988,-0.884,-0.984,0.994,-0.955,0.999,-0.991,-0.937,-0.947,0.861,-0.857,0.681,-0.959,-0.864,-0.987,0.98,-0.997,-0.995,0.205,-0.972,-0.996,-0.978,-0.497,-0.916,0.876,0.96,0.997,-0.859,-0.699,-0.899,0.916,0.99,-0.88,-0.927,0.937,-0.976,0.889,0.996,-0.865,0.915,0.99,-0.827,0.993,0.926,-0.983,-0.991,-0.552,-0.992,-0.996,0.993,-0.982,-0.98,5.065,4.296,10.367,10.311,10.275,10.354,10.292,10.231,5.073,4.443,10.353,10.29,5.354,4.949,10.317,10.319,EssenceCatalog/problems/csplib-prob010-SocialGolfers/params/e1277e38eb3d6dee4dde409c6caf6609.param
-0.997,-0.994,-0.963,-0.825,0.982,-0.939,-0.975,-0.999,0.959,0.993,0.992,0.673,-0.983,-0.969,0.95,0.976,0.998,-0.57,0.99,0.998,-0.995,0.99,-0.998,-0.984,0.97,0.899,-0.996,-0.916,-0.822,0.983,-0.973,0.995,0.989,-0.994,0.642,0.909,0.975,0.855,-0.966,0.48,0.998,-0.515,-0.8,-0.993,0.993,-0.607,-0.998,0.997,0.986,-0.87,-0.984,0.995,-0.966,0.999,-0.992,-0.947,-0.977,0.916,-0.884,0.719,-0.95,-0.887,-0.991,0.981,-0.997,-0.996,0.515,-0.976,-0.997,-0.978,-0.535,-0.945,0.899,0.953,0.998,-0.824,-0.841,-0.879,0.944,0.993,-0.875,-0.943,0.95,-0.978,0.905,0.996,-0.948,0.935,0.99,-0.816,0.993,0.901,-0.983,-0.989,-0.76,-0.993,-0.997,0.994,-0.988,-0.984,4.859,4.2,10.319,10.304,10.266,10.339,10.28,10.214,4.932,4.335,10.296,10.278,5.224,4.783,10.264,10.315,EssenceCatalog/problems/csplib-prob010-SocialGolfers/params/701178f144cbb28a5b8c3ebbeeb5e1b9.param
-0.998,-0.997,0.979,-0.246,0.995,-0.794,-0.901,-0.998,-0.989,0.922,0.994,0.931,-0.581,-0.968,0.976,-0.989,0.995,-0.839,0.997,0.998,-0.989,-0.973,-0.997,0.995,0.995,0.957,-0.998,-0.953,-0.684,0.987,-0.902,0.999,0.994,0.992,0.877,-0.786,0.978,0.584,-0.992,-0.977,0.998,-0.973,-0.924,-0.991,-0.993,0.948,-0.997,0.998,-0.997,-0.975,-0.988,0.998,-0.936,0.996,0.94,-0.992,0.981,0.984,-0.935,0.871,-0.874,-0.909,-0.989,0.977,-0.997,-0.995,0.951,-0.981,-0.996,-0.967,-0.892,-0.962,0.871,0.833,0.999,-0.984,0.933,-0.987,0.988,0.997,-0.591,-0.958,0.969,0.763,0.922,0.998,-0.979,0.945,0.995,-0.982,0.994,-0.99,-0.995,-0.952,-0.986,-0.995,-0.99,0.995,-0.992,-0.982,4.075,3.252,4.625,9.974,10.489,10.348,10.51,10.62,4.022,3.508,4.705,9.965,4.602,4.16,5.642,9.952,EssenceCatalog/problems/csplib-prob010-SocialGolfers/params/611673efb23e8be8efae36d31e772a5a.param
-0.998,-0.989,-0.958,-0.8,0.95,-0.961,-0.963,-0.999,0.95,0.977,0.992,0.679,-0.984,-0.958,0.936,0.985,0.997,-0.633,0.991,0.997,-0.99,0.995,-0.996,-0.987,0.952,0.798,-0.998,-0.879,-0.841,0.975,-0.972,0.995,0.994,-0.993,0.622,0.947,0.973,0.857,-0.968,0.748,0.997,-0.597,-0.761,-0.986,0.992,-0.073,-0.998,0.998,0.988,-0.909,-0.987,0.994,-0.95,0.999,-0.99,-0.947,-0.809,0.601,-0.871,0.663,-0.977,-0.835,-0.984,0.98,-0.997,-0.995,-0.393,-0.968,-0.996,-0.983,-0.478,-0.762,0.882,0.963,0.998,-0.887,-0.117,-0.917,0.918,0.99,-0.901,-0.936,0.937,-0.965,0.881,0.997,-0.694,0.69,0.99,-0.817,0.994,0.945,-0.987,-0.994,-0.034,-0.991,-0.996,0.994,-0.951,-0.978,5.693,4.51,10.434,10.348,10.347,10.418,10.362,10.312,5.448,4.675,10.429,10.339,5.735,5.357,10.409,10.355,EssenceCatalog/problems/csplib-prob010-SocialGolfers/params/c63dfa312a25fbfc9cbc131efac09883.param
-0.996,-0.982,-0.922,-0.71,0.977,-0.953,-0.97,-0.999,0.961,0.854,0.988,0.407,-0.984,-0.926,0.859,0.979,0.995,-0.597,0.99,0.994,-0.977,0.985,-0.996,-0.988,0.97,0.884,-0.996,-0.793,-0.874,0.97,-0.971,0.992,0.993,-0.992,0.777,0.963,0.982,0.791,-0.933,0.834,0.996,-0.634,-0.892,-0.99,0.987,0.765,-0.997,0.995,0.989,-0.922,-0.983,0.993,-0.917,0.998,-0.982,-0.872,-0.354,0.871,-0.572,0.469,-0.96,-0.786,-0.968,0.974,-0.995,-0.993,-0.202,-0.945,-0.994,-0.973,-0.534,-0.905,0.659,0.977,0.996,-0.96,-0.287,-0.955,0.787,0.971,-0.894,-0.837,0.86,-0.958,0.841,0.995,0.296,0.966,0.989,-0.914,0.993,0.951,-0.983,-0.99,0.318,-0.992,-0.995,0.99,-0.967,-0.958,5.809,4.753,10.421,10.31,10.338,10.341,10.325,10.318,5.601,4.923,10.417,10.32,5.863,5.654,10.402,10.347,EssenceCatalog/problems/csplib-prob010-SocialGolfers/params/6d09f55f01936d3219586aeb2e40868c.param
-0.996,-0.986,-0.934,-0.711,0.982,-0.948,-0.969,-0.999,0.962,0.933,0.989,0.417,-0.982,-0.936,0.881,0.98,0.996,-0.598,0.991,0.995,-0.984,0.986,-0.997,-0.988,0.966,0.873,-0.995,-0.82,-0.863,0.975,-0.97,0.991,0.992,-0.993,0.756,0.959,0.981,0.798,-0.937,0.79,0.997,-0.559,-0.884,-0.991,0.988,0.603,-0.997,0.996,0.989,-0.91,-0.982,0.993,-0.929,0.998,-0.984,-0.873,-0.696,0.91,-0.612,0.495,-0.954,-0.812,-0.975,0.976,-0.995,-0.993,0.006,-0.948,-0.995,-0.973,-0.487,-0.919,0.693,0.972,0.996,-0.948,-0.526,-0.945,0.828,0.975,-0.892,-0.868,0.881,-0.96,0.857,0.995,-0.102,0.97,0.989,-0.903,0.993,0.944,-0.98,-0.989,0.035,-0.992,-0.996,0.99,-0.978,-0.967,5.447,4.579,10.403,10.292,10.303,10.323,10.3,10.274,5.364,4.738,10.388,10.29,5.627,5.354,10.36,10.332,EssenceCatalog/problems/csplib-prob010-SocialGolfers/params/3ad3bf3058987b3a8d093f64381c5995.param
-1.0,-0.996,-0.99,-0.986,-0.967,-0.993,-0.997,-1.0,0.965,-0.951,0.999,0.995,-0.991,-0.997,0.994,0.979,0.999,-0.988,0.999,1.0,-0.996,0.997,-0.999,-0.985,0.997,0.983,-1.0,-0.99,-0.991,0.963,-0.996,1.0,1.0,-0.968,0.992,0.996,0.995,0.992,-0.999,0.99,1.0,-0.989,-0.984,-0.998,0.988,0.995,-1.0,0.998,0.974,-0.997,-1.0,0.998,-0.993,1.0,-0.964,-0.993,0.996,-0.996,-0.993,0.977,-0.997,-0.986,-0.988,0.997,-0.997,-1.0,-0.99,-0.995,-0.999,-0.999,-0.969,0.808,0.989,0.991,1.0,-0.998,0.995,-0.997,0.99,0.985,-0.996,-0.996,0.994,-0.958,0.992,1.0,0.99,-0.992,0.999,-0.981,0.999,0.989,-0.998,-0.999,0.996,-0.997,-0.998,0.997,0.977,-0.957,9.576,5.749,10.352,10.352,10.364,10.468,10.511,10.465,7.559,6.062,10.337,10.291,8.055,7.809,10.325,10.385,EssenceCatalog/problems/csplib-prob010-SocialGolfers/params/547f0a376c0a2691ba4a29131864a498.param
-0.997,-0.975,-0.887,-0.701,0.966,-0.96,-0.975,-0.998,0.96,0.25,0.989,0.473,-0.986,-0.903,0.821,0.973,0.995,-0.622,0.992,0.994,-0.964,0.975,-0.996,-0.987,0.981,0.92,-0.996,-0.782,-0.912,0.954,-0.973,0.993,0.995,-0.985,0.887,0.976,0.989,0.789,-0.935,0.906,0.996,-0.775,-0.94,-0.992,0.98,0.95,-0.997,0.994,0.987,-0.951,-0.987,0.994,-0.91,0.998,-0.97,-0.824,0.591,0.841,-0.399,0.447,-0.963,-0.797,-0.952,0.973,-0.994,-0.994,-0.449,-0.939,-0.993,-0.975,-0.662,-0.894,0.521,0.984,0.995,-0.983,0.223,-0.977,0.706,0.947,-0.91,-0.809,0.838,-0.95,0.843,0.996,0.86,0.975,0.989,-0.957,0.995,0.958,-0.986,-0.991,0.685,-0.992,-0.994,0.989,-0.94,-0.929,6.56,5.114,10.392,10.362,10.393,10.376,10.364,10.365,6.09,5.31,10.409,10.377,6.34,6.264,10.427,10.366,EssenceCatalog/problems/csplib-prob010-SocialGolfers/params/6aee84d8b68afbdfc41679e64065a36a.param
-0.996,-0.989,-0.938,-0.735,0.986,-0.942,-0.972,-0.999,0.959,0.968,0.989,0.457,-0.982,-0.946,0.901,0.977,0.997,-0.568,0.991,0.996,-0.988,0.984,-0.997,-0.986,0.971,0.887,-0.996,-0.848,-0.851,0.979,-0.972,0.992,0.991,-0.993,0.735,0.947,0.98,0.796,-0.94,0.709,0.997,-0.524,-0.873,-0.993,0.989,0.303,-0.998,0.996,0.988,-0.897,-0.981,0.994,-0.941,0.998,-0.986,-0.886,-0.868,0.946,-0.663,0.557,-0.948,-0.831,-0.981,0.977,-0.996,-0.994,0.284,-0.955,-0.996,-0.973,-0.473,-0.939,0.748,0.968,0.996,-0.931,-0.701,-0.934,0.877,0.983,-0.881,-0.894,0.902,-0.965,0.876,0.995,-0.54,0.977,0.989,-0.891,0.993,0.928,-0.98,-0.989,-0.296,-0.993,-0.996,0.991,-0.987,-0.974,5.116,4.409,10.361,10.28,10.265,10.314,10.274,10.225,5.141,4.556,10.343,10.271,5.412,5.073,10.306,10.308,EssenceCatalog/problems/csplib-prob010-SocialGolfers/params/d06df902ecc7f251ee97f3e4f3ca2132.param
-0.999,-0.973,-0.963,-0.958,0.1,-0.991,-0.996,-0.999,0.992,-0.921,0.995,0.921,-0.998,-0.961,0.914,0.976,0.994,-0.765,0.992,0.997,-0.965,0.991,-0.996,-0.996,0.999,0.992,-0.998,-0.902,-0.972,0.944,-0.996,0.998,0.999,-0.991,0.935,0.984,0.994,0.958,-0.985,0.971,0.996,-0.976,-0.956,-0.996,0.995,0.988,-0.996,0.996,0.997,-0.988,-0.997,0.997,-0.937,0.998,-0.989,-0.972,0.991,-0.918,-0.912,0.856,-0.993,-0.93,-0.922,0.985,-0.998,-0.997,-0.952,-0.989,-0.992,-0.99,-0.939,-0.885,0.934,0.995,0.999,-0.985,0.906,-0.991,0.395,0.968,-0.941,-0.609,0.912,-0.993,0.902,0.999,0.985,0.415,0.995,-0.968,0.998,0.99,-0.997,-0.998,0.943,-0.997,-0.993,0.997,0.609,-0.58,8.716,5.682,10.456,10.5,10.458,10.483,10.486,10.408,7.156,5.924,10.445,10.458,7.502,7.565,10.486,10.45,EssenceCatalog/problems/csplib-prob010-SocialGolfers/params/c550f9c350ec610fb16327016723ebd8.param
-1.0,-0.994,-0.993,-0.992,-0.976,-0.996,-0.998,-1.0,0.993,-0.99,0.999,0.992,-0.997,-0.995,0.987,0.983,0.998,-0.98,0.999,1.0,-0.991,0.997,-0.999,-0.997,0.999,0.995,-0.999,-0.983,-0.991,0.947,-0.998,0.999,1.0,-0.987,0.984,0.995,0.996,0.993,-0.998,0.992,0.999,-0.993,-0.984,-0.998,0.996,0.996,-0.999,0.998,0.996,-0.996,-1.0,0.998,-0.989,1.0,-0.991,-0.993,0.998,-0.998,-0.991,0.974,-0.998,-0.986,-0.971,0.996,-0.998,-1.0,-0.992,-0.996,-0.998,-0.998,-0.985,-0.063,0.993,0.997,1.0,-0.996,0.992,-0.997,0.93,0.98,-0.992,-0.968,0.987,-0.991,0.99,1.0,0.996,-0.976,0.999,-0.978,0.999,0.996,-0.999,-0.999,0.995,-0.998,-0.998,0.998,0.991,-0.675,9.543,5.784,10.44,10.444,10.422,10.52,10.534,10.481,7.547,6.08,10.397,10.381,8.017,7.848,10.416,10.461,EssenceCatalog/problems/csplib-prob010-SocialGolfers/params/8c2957f17b342c0e27aa2c5083653937.param
-0.999,-0.98,-0.965,-0.962,0.44,-0.985,-0.996,-0.999,0.976,-0.234,0.994,0.929,-0.997,-0.966,0.931,0.97,0.995,-0.72,0.989,0.998,-0.977,0.988,-0.996,-0.99,0.998,0.984,-0.998,-0.899,-0.948,0.966,-0.994,0.997,0.998,-0.983,0.775,0.945,0.99,0.947,-0.99,0.869,0.997,-0.95,-0.867,-0.994,0.994,0.906,-0.997,0.997,0.991,-0.978,-0.997,0.995,-0.944,0.999,-0.987,-0.974,0.913,-0.927,-0.951,0.838,-0.988,-0.927,-0.97,0.987,-0.998,-0.997,-0.925,-0.991,-0.994,-0.991,-0.909,-0.847,0.938,0.991,0.998,-0.962,0.806,-0.978,0.533,0.967,-0.924,-0.691,0.93,-0.991,0.857,0.998,0.813,0.057,0.994,-0.904,0.996,0.978,-0.994,-0.998,0.733,-0.995,-0.992,0.996,0.47,-0.788,8.408,5.506,10.449,10.521,10.465,10.534,10.499,10.432,6.957,5.736,10.454,10.469,7.311,7.28,10.484,10.448,EssenceCatalog/problems/csplib-prob010-SocialGolfers/params/b6db8b4727fac5c5bdb1209f59a25b59.param
-0.996,-0.983,-0.919,-0.707,0.979,-0.951,-0.971,-0.999,0.961,0.855,0.988,0.385,-0.984,-0.926,0.854,0.978,0.996,-0.594,0.99,0.994,-0.978,0.983,-0.996,-0.987,0.972,0.891,-0.995,-0.793,-0.876,0.971,-0.971,0.992,0.993,-0.992,0.786,0.962,0.982,0.779,-0.929,0.831,0.996,-0.629,-0.899,-0.991,0.986,0.768,-0.997,0.995,0.989,-0.921,-0.983,0.993,-0.917,0.998,-0.981,-0.867,-0.383,0.898,-0.547,0.462,-0.958,-0.784,-0.968,0.974,-0.995,-0.993,-0.135,-0.942,-0.994,-0.972,-0.535,-0.916,0.643,0.977,0.996,-0.961,-0.349,-0.955,0.791,0.971,-0.892,-0.838,0.858,-0.959,0.843,0.995,0.281,0.973,0.989,-0.918,0.993,0.948,-0.983,-0.99,0.284,-0.992,-0.995,0.99,-0.971,-0.958,5.735,4.729,10.409,10.296,10.324,10.323,10.31,10.301,5.557,4.898,10.404,10.305,5.819,5.607,10.386,10.335,EssenceCatalog/problems/csplib-prob010-SocialGolfers/params/95d8f74076b37f4308f412cf4af9477b.param
-1.0,-0.996,-0.994,-0.993,-0.973,-0.995,-0.999,-1.0,0.989,-0.977,0.999,0.995,-0.997,-0.997,0.992,0.984,0.999,-0.987,0.999,1.0,-0.995,0.997,-0.999,-0.995,0.999,0.995,-1.0,-0.987,-0.992,0.967,-0.998,1.0,1.0,-0.984,0.99,0.996,0.996,0.993,-0.999,0.992,1.0,-0.992,-0.986,-0.999,0.996,0.996,-1.0,0.998,0.993,-0.997,-1.0,0.999,-0.993,1.0,-0.986,-0.994,0.997,-0.998,-0.994,0.978,-0.998,-0.989,-0.985,0.997,-0.998,-1.0,-0.992,-0.996,-0.999,-0.999,-0.983,0.305,0.994,0.996,1.0,-0.997,0.993,-0.997,0.978,0.986,-0.995,-0.989,0.993,-0.989,0.994,1.0,0.995,-0.982,0.999,-0.983,0.999,0.996,-0.999,-0.999,0.996,-0.998,-0.998,0.998,0.988,-0.876,9.576,5.781,10.436,10.435,10.428,10.532,10.553,10.503,7.57,6.085,10.405,10.374,8.054,7.847,10.408,10.459,EssenceCatalog/problems/csplib-prob010-SocialGolfers/params/75ec9d9a8424bd19ab21a8e067a45e6f.param
-0.998,-0.998,0.965,-0.591,0.995,-0.802,-0.965,-0.998,-0.974,0.93,0.994,0.942,-0.835,-0.969,0.975,-0.985,0.996,-0.8,0.997,0.998,-0.989,-0.965,-0.997,0.991,0.998,0.976,-0.998,-0.954,-0.714,0.989,-0.941,0.999,0.994,0.983,0.843,-0.831,0.977,0.524,-0.99,-0.967,0.998,-0.976,-0.915,-0.993,-0.981,0.928,-0.996,0.999,-0.994,-0.974,-0.986,0.998,-0.947,0.996,0.866,-0.991,0.964,0.98,-0.939,0.866,-0.854,-0.919,-0.989,0.979,-0.997,-0.995,0.947,-0.987,-0.997,-0.964,-0.908,-0.98,0.909,0.889,0.999,-0.981,0.897,-0.985,0.988,0.997,-0.518,-0.955,0.968,0.53,0.925,0.998,-0.981,0.962,0.995,-0.981,0.994,-0.98,-0.995,-0.962,-0.989,-0.996,-0.99,0.995,-0.993,-0.983,4.14,3.307,4.8,10.068,10.53,10.404,10.547,10.623,4.072,3.546,4.869,10.052,4.639,4.21,5.808,10.032,EssenceCatalog/problems/csplib-prob010-SocialGolfers/params/846bb82ffdf26a833442950e25f43906.param
-0.997,-0.978,-0.902,-0.657,0.972,-0.952,-0.964,-0.999,0.95,0.654,0.989,0.429,-0.981,-0.91,0.84,0.978,0.995,-0.628,0.992,0.994,-0.971,0.982,-0.996,-0.987,0.965,0.864,-0.996,-0.796,-0.894,0.957,-0.969,0.992,0.994,-0.987,0.856,0.974,0.986,0.761,-0.936,0.889,0.996,-0.673,-0.921,-0.991,0.981,0.892,-0.997,0.995,0.986,-0.939,-0.986,0.994,-0.916,0.998,-0.971,-0.815,0.142,0.89,-0.436,0.467,-0.962,-0.774,-0.964,0.975,-0.994,-0.994,-0.379,-0.933,-0.994,-0.976,-0.551,-0.848,0.535,0.979,0.995,-0.977,0.079,-0.97,0.799,0.957,-0.91,-0.87,0.851,-0.937,0.852,0.995,0.706,0.967,0.988,-0.941,0.995,0.952,-0.983,-0.991,0.576,-0.991,-0.995,0.988,-0.962,-0.954,6.23,4.958,10.406,10.317,10.361,10.358,10.34,10.365,5.887,5.145,10.417,10.342,6.144,5.987,10.417,10.344,EssenceCatalog/problems/csplib-prob010-SocialGolfers/params/7ae4e61607172482905ed6231ec4439f.param
-0.999,-0.972,-0.95,-0.92,0.344,-0.987,-0.994,-0.999,0.989,-0.906,0.995,0.857,-0.995,-0.947,0.884,0.98,0.994,-0.764,0.994,0.997,-0.959,0.992,-0.997,-0.995,0.997,0.983,-0.998,-0.883,-0.967,0.918,-0.992,0.997,0.998,-0.99,0.947,0.989,0.994,0.937,-0.982,0.978,0.996,-0.957,-0.961,-0.994,0.992,0.989,-0.997,0.995,0.996,-0.985,-0.996,0.996,-0.938,0.999,-0.983,-0.946,0.987,-0.733,-0.838,0.767,-0.99,-0.904,-0.919,0.983,-0.997,-0.997,-0.934,-0.98,-0.993,-0.988,-0.908,-0.811,0.857,0.993,0.998,-0.99,0.904,-0.991,0.547,0.948,-0.948,-0.734,0.894,-0.978,0.905,0.998,0.989,0.603,0.994,-0.97,0.998,0.99,-0.996,-0.998,0.963,-0.996,-0.994,0.995,0.141,-0.728,8.472,5.651,10.502,10.546,10.525,10.533,10.531,10.472,7.073,5.899,10.492,10.511,7.393,7.437,10.543,10.502,EssenceCatalog/problems/csplib-prob010-SocialGolfers/params/fa3aba8f1f8fef1f15f18611a8bb0bf3.param
-0.997,-0.994,-0.959,-0.786,0.986,-0.939,-0.97,-0.999,0.95,0.993,0.993,0.64,-0.982,-0.969,0.952,0.977,0.998,-0.564,0.992,0.998,-0.995,0.989,-0.998,-0.982,0.966,0.877,-0.996,-0.92,-0.83,0.983,-0.969,0.995,0.99,-0.994,0.699,0.927,0.977,0.858,-0.967,0.507,0.998,-0.481,-0.831,-0.993,0.992,-0.56,-0.998,0.998,0.984,-0.876,-0.985,0.995,-0.968,0.999,-0.99,-0.94,-0.973,0.941,-0.864,0.68,-0.951,-0.891,-0.991,0.982,-0.997,-0.996,0.565,-0.973,-0.997,-0.979,-0.507,-0.938,0.88,0.951,0.997,-0.853,-0.836,-0.899,0.951,0.993,-0.885,-0.95,0.953,-0.971,0.91,0.996,-0.939,0.947,0.991,-0.844,0.994,0.892,-0.983,-0.988,-0.746,-0.992,-0.997,0.993,-0.99,-0.986,4.836,4.206,10.319,10.301,10.272,10.341,10.286,10.226,4.925,4.341,10.292,10.281,5.216,4.775,10.262,10.319,EssenceCatalog/problems/csplib-prob010-SocialGolfers/params/2886a83ea36b0aa74b084f9f760cf362.param
-0.996,-0.986,-0.936,-0.709,0.982,-0.944,-0.968,-0.999,0.961,0.945,0.988,0.449,-0.982,-0.936,0.889,0.98,0.997,-0.581,0.991,0.995,-0.985,0.986,-0.997,-0.987,0.968,0.876,-0.996,-0.839,-0.858,0.974,-0.971,0.992,0.991,-0.993,0.756,0.956,0.981,0.788,-0.935,0.773,0.997,-0.551,-0.878,-0.992,0.989,0.506,-0.997,0.996,0.989,-0.904,-0.981,0.993,-0.932,0.998,-0.985,-0.869,-0.763,0.927,-0.613,0.555,-0.952,-0.808,-0.977,0.975,-0.996,-0.994,0.085,-0.949,-0.995,-0.972,-0.464,-0.922,0.714,0.971,0.996,-0.943,-0.553,-0.942,0.851,0.979,-0.885,-0.885,0.89,-0.962,0.869,0.995,-0.241,0.972,0.989,-0.906,0.993,0.939,-0.98,-0.989,-0.062,-0.992,-0.996,0.99,-0.983,-0.97,5.349,4.528,10.393,10.292,10.294,10.328,10.296,10.262,5.3,4.682,10.378,10.288,5.565,5.27,10.348,10.327,EssenceCatalog/problems/csplib-prob010-SocialGolfers/params/290f42ff09f98f3f33e301b76bab68db.param
-0.997,-0.975,-0.894,-0.717,0.961,-0.963,-0.976,-0.998,0.962,0.251,0.989,0.498,-0.987,-0.903,0.827,0.973,0.994,-0.608,0.992,0.994,-0.964,0.978,-0.996,-0.988,0.982,0.923,-0.996,-0.785,-0.909,0.953,-0.974,0.993,0.995,-0.986,0.875,0.974,0.988,0.799,-0.936,0.904,0.996,-0.79,-0.934,-0.991,0.982,0.942,-0.997,0.995,0.988,-0.95,-0.986,0.994,-0.907,0.998,-0.972,-0.841,0.599,0.804,-0.449,0.493,-0.967,-0.792,-0.951,0.973,-0.994,-0.994,-0.485,-0.944,-0.993,-0.975,-0.664,-0.89,0.562,0.984,0.996,-0.981,0.249,-0.976,0.701,0.952,-0.907,-0.796,0.839,-0.954,0.837,0.996,0.845,0.97,0.989,-0.953,0.995,0.959,-0.986,-0.992,0.677,-0.992,-0.994,0.99,-0.931,-0.927,6.612,5.127,10.409,10.387,10.416,10.404,10.387,10.38,6.117,5.32,10.428,10.398,6.369,6.295,10.448,10.389,EssenceCatalog/problems/csplib-prob010-SocialGolfers/params/84e266adad7830eefe90eae125f4a026.param
-0.998,-0.993,-0.965,-0.798,0.972,-0.953,-0.965,-0.999,0.952,0.99,0.993,0.679,-0.982,-0.967,0.95,0.984,0.998,-0.622,0.992,0.997,-0.994,0.994,-0.997,-0.986,0.954,0.825,-0.997,-0.91,-0.837,0.98,-0.97,0.995,0.992,-0.994,0.65,0.94,0.974,0.871,-0.971,0.633,0.998,-0.518,-0.786,-0.99,0.993,-0.442,-0.998,0.998,0.987,-0.892,-0.988,0.995,-0.964,0.999,-0.991,-0.945,-0.945,0.809,-0.883,0.683,-0.968,-0.874,-0.989,0.982,-0.997,-0.996,0.069,-0.972,-0.997,-0.982,-0.499,-0.867,0.891,0.956,0.998,-0.856,-0.598,-0.905,0.94,0.992,-0.896,-0.951,0.951,-0.97,0.902,0.997,-0.888,0.826,0.991,-0.819,0.994,0.926,-0.984,-0.992,-0.498,-0.991,-0.997,0.994,-0.977,-0.984,5.171,4.311,10.391,10.321,10.291,10.378,10.311,10.253,5.131,4.467,10.379,10.302,5.417,4.995,10.345,10.326,EssenceCatalog/problems/csplib-prob010-SocialGolfers/params/06c9a4a5633725d94a6bf7cca5a6f64c.param
-0.998,-0.99,-0.965,-0.839,0.924,-0.964,-0.967,-0.999,0.947,0.98,0.993,0.758,-0.985,-0.966,0.948,0.987,0.998,-0.684,0.992,0.997,-0.991,0.996,-0.997,-0.986,0.954,0.807,-0.998,-0.897,-0.853,0.976,-0.973,0.995,0.994,-0.993,0.61,0.941,0.971,0.872,-0.976,0.737,0.997,-0.585,-0.734,-0.987,0.992,-0.179,-0.998,0.998,0.987,-0.92,-0.99,0.994,-0.96,0.999,-0.99,-0.956,-0.829,0.36,-0.908,0.698,-0.979,-0.858,-0.987,0.982,-0.996,-0.996,-0.489,-0.973,-0.996,-0.985,-0.543,-0.717,0.907,0.961,0.998,-0.879,0.011,-0.914,0.931,0.991,-0.909,-0.949,0.949,-0.966,0.891,0.997,-0.753,0.417,0.991,-0.8,0.994,0.947,-0.987,-0.995,-0.047,-0.991,-0.996,0.994,-0.929,-0.98,5.885,4.525,10.446,10.36,10.36,10.439,10.376,10.324,5.531,4.694,10.438,10.348,5.831,5.428,10.421,10.36,EssenceCatalog/problems/csplib-prob010-SocialGolfers/params/b72bd082a8433c5b8ab40ff9f48c86ec.param
-0.999,-0.989,-0.976,-0.91,0.626,-0.975,-0.98,-0.999,0.961,0.942,0.995,0.862,-0.991,-0.972,0.951,0.992,0.998,-0.798,0.993,0.998,-0.989,0.997,-0.996,-0.99,0.967,0.843,-0.998,-0.917,-0.895,0.973,-0.984,0.997,0.997,-0.993,0.688,0.957,0.973,0.896,-0.986,0.883,0.997,-0.705,-0.74,-0.985,0.995,0.258,-0.999,0.999,0.991,-0.948,-0.995,0.994,-0.965,0.999,-0.991,-0.967,-0.404,-0.618,-0.941,0.784,-0.987,-0.888,-0.986,0.985,-0.997,-0.997,-0.863,-0.976,-0.997,-0.989,-0.65,-0.381,0.942,0.972,0.998,-0.922,0.628,-0.946,0.931,0.99,-0.937,-0.959,0.956,-0.972,0.917,0.998,-0.383,-0.498,0.993,-0.801,0.995,0.975,-0.988,-0.997,0.556,-0.991,-0.996,0.995,-0.569,-0.978,7.254,4.925,10.493,10.423,10.434,10.536,10.48,10.45,6.268,5.137,10.49,10.413,6.615,6.235,10.487,10.403,EssenceCatalog/problems/csplib-prob010-SocialGolfers/params/4045e38d784b08b2deb4f0499831100d.param
-1.0,-0.996,-0.995,-0.992,-0.968,-0.995,-0.998,-1.0,0.989,-0.957,0.999,0.995,-0.997,-0.997,0.994,0.992,0.999,-0.988,0.999,1.0,-0.996,0.998,-0.999,-0.996,0.999,0.99,-1.0,-0.988,-0.992,0.97,-0.998,1.0,1.0,-0.991,0.992,0.997,0.996,0.993,-0.999,0.994,1.0,-0.989,-0.986,-0.999,0.997,0.995,-1.0,0.998,0.995,-0.997,-1.0,0.998,-0.994,1.0,-0.988,-0.993,0.995,-0.997,-0.993,0.978,-0.997,-0.988,-0.989,0.997,-0.998,-1.0,-0.992,-0.995,-0.999,-0.999,-0.975,0.662,0.991,0.994,1.0,-0.998,0.993,-0.997,0.987,0.988,-0.996,-0.994,0.994,-0.986,0.994,1.0,0.993,-0.986,0.999,-0.982,0.999,0.996,-0.998,-1.0,0.996,-0.998,-0.999,0.998,0.979,-0.95,9.587,5.768,10.406,10.396,10.402,10.506,10.54,10.493,7.573,6.078,10.384,10.336,8.067,7.833,10.375,10.426,EssenceCatalog/problems/csplib-prob010-SocialGolfers/params/93bafe2c14b2f72701ea6213a29c17ff.param
-0.997,-0.968,-0.906,-0.812,0.891,-0.975,-0.986,-0.998,0.975,-0.387,0.99,0.62,-0.992,-0.912,0.829,0.974,0.993,-0.631,0.991,0.994,-0.955,0.985,-0.995,-0.991,0.991,0.956,-0.997,-0.783,-0.929,0.948,-0.983,0.995,0.997,-0.989,0.89,0.979,0.989,0.86,-0.949,0.943,0.994,-0.885,-0.937,-0.991,0.988,0.968,-0.996,0.996,0.992,-0.965,-0.989,0.994,-0.902,0.997,-0.978,-0.907,0.899,0.294,-0.616,0.566,-0.98,-0.809,-0.929,0.973,-0.996,-0.994,-0.739,-0.958,-0.992,-0.977,-0.773,-0.873,0.712,0.989,0.997,-0.982,0.602,-0.981,0.614,0.958,-0.912,-0.709,0.84,-0.971,0.836,0.997,0.934,0.923,0.99,-0.956,0.995,0.975,-0.992,-0.996,0.85,-0.993,-0.993,0.993,-0.756,-0.879,7.34,5.369,10.448,10.479,10.498,10.477,10.466,10.419,6.518,5.586,10.463,10.468,6.776,6.788,10.508,10.456,EssenceCatalog/problems/csplib-prob010-SocialGolfers/params/2094fa47f916b46302b5f073e7c1a2eb.param
-1.0,-0.997,-0.993,-0.993,-0.965,-0.994,-0.998,-1.0,0.987,-0.972,0.999,0.995,-0.997,-0.997,0.993,0.984,0.999,-0.988,0.999,1.0,-0.996,0.997,-1.0,-0.994,0.999,0.994,-1.0,-0.988,-0.993,0.971,-0.998,1.0,1.0,-0.981,0.991,0.996,0.997,0.993,-0.999,0.992,1.0,-0.992,-0.987,-0.999,0.995,0.996,-1.0,0.998,0.992,-0.997,-1.0,0.999,-0.994,1.0,-0.984,-0.995,0.997,-0.998,-0.994,0.977,-0.998,-0.99,-0.988,0.997,-0.998,-1.0,-0.991,-0.996,-0.999,-0.999,-0.982,0.347,0.993,0.996,1.0,-0.998,0.993,-0.997,0.981,0.987,-0.996,-0.991,0.993,-0.988,0.994,1.0,0.994,-0.982,0.999,-0.983,0.999,0.995,-0.999,-1.0,0.996,-0.998,-0.999,0.998,0.986,-0.905,9.577,5.78,10.435,10.436,10.43,10.535,10.556,10.507,7.572,6.085,10.407,10.375,8.057,7.846,10.408,10.46,EssenceCatalog/problems/csplib-prob010-SocialGolfers/params/a0262b3cd728691e6777302ab3228216.param
-0.996,-0.985,-0.924,-0.716,0.984,-0.946,-0.972,-0.999,0.961,0.912,0.988,0.419,-0.984,-0.931,0.87,0.977,0.996,-0.577,0.99,0.995,-0.982,0.981,-0.996,-0.987,0.975,0.895,-0.995,-0.813,-0.869,0.974,-0.972,0.992,0.992,-0.992,0.775,0.957,0.982,0.784,-0.931,0.786,0.996,-0.594,-0.895,-0.992,0.988,0.676,-0.997,0.995,0.989,-0.914,-0.982,0.993,-0.926,0.998,-0.983,-0.862,-0.622,0.925,-0.558,0.501,-0.951,-0.807,-0.973,0.974,-0.995,-0.993,0.04,-0.946,-0.995,-0.971,-0.504,-0.934,0.666,0.975,0.995,-0.953,-0.523,-0.95,0.803,0.974,-0.884,-0.851,0.872,-0.964,0.853,0.995,0.001,0.98,0.988,-0.916,0.993,0.94,-0.98,-0.989,0.038,-0.992,-0.995,0.99,-0.98,-0.963,5.463,4.603,10.392,10.289,10.301,10.314,10.293,10.267,5.381,4.76,10.379,10.289,5.642,5.389,10.353,10.327,EssenceCatalog/problems/csplib-prob010-SocialGolfers/params/223c85871de386db1050546efeb263d3.param
-0.997,-0.981,-0.943,-0.793,0.954,-0.964,-0.973,-0.998,0.963,0.907,0.989,0.618,-0.988,-0.935,0.901,0.979,0.995,-0.559,0.988,0.995,-0.981,0.991,-0.995,-0.988,0.977,0.888,-0.997,-0.827,-0.851,0.97,-0.977,0.993,0.993,-0.993,0.641,0.945,0.978,0.851,-0.95,0.771,0.995,-0.714,-0.805,-0.988,0.992,0.509,-0.997,0.997,0.99,-0.919,-0.985,0.992,-0.917,0.998,-0.988,-0.923,-0.431,0.554,-0.786,0.623,-0.971,-0.811,-0.972,0.974,-0.996,-0.993,-0.448,-0.966,-0.994,-0.976,-0.541,-0.865,0.822,0.975,0.997,-0.92,-0.08,-0.934,0.775,0.981,-0.877,-0.828,0.888,-0.973,0.825,0.996,-0.135,0.887,0.988,-0.872,0.993,0.952,-0.986,-0.994,0.141,-0.992,-0.994,0.993,-0.931,-0.954,5.956,4.712,10.455,10.387,10.389,10.422,10.383,10.343,5.642,4.868,10.452,10.384,5.912,5.662,10.442,10.396,EssenceCatalog/problems/csplib-prob010-SocialGolfers/params/1443f3bf75bd27167a6a2c1aaccb15f7.param
-0.996,-0.98,-0.907,-0.666,0.975,-0.952,-0.966,-0.999,0.953,0.772,0.989,0.402,-0.982,-0.911,0.849,0.976,0.995,-0.589,0.992,0.994,-0.974,0.983,-0.996,-0.986,0.967,0.867,-0.996,-0.799,-0.882,0.961,-0.97,0.993,0.994,-0.989,0.83,0.969,0.985,0.755,-0.93,0.866,0.996,-0.667,-0.907,-0.99,0.984,0.834,-0.997,0.996,0.987,-0.929,-0.984,0.993,-0.914,0.998,-0.976,-0.843,-0.08,0.897,-0.474,0.5,-0.963,-0.763,-0.966,0.974,-0.995,-0.994,-0.286,-0.938,-0.994,-0.974,-0.522,-0.87,0.609,0.978,0.996,-0.97,-0.068,-0.963,0.814,0.968,-0.9,-0.866,0.855,-0.945,0.848,0.996,0.52,0.969,0.988,-0.931,0.994,0.949,-0.983,-0.991,0.443,-0.992,-0.995,0.99,-0.968,-0.96,6.017,4.857,10.405,10.31,10.348,10.351,10.329,10.339,5.745,5.035,10.411,10.328,6.006,5.821,10.404,10.341,EssenceCatalog/problems/csplib-prob010-SocialGolfers/params/15bd1763336cef7b4fdf57e28b26bd4c.param
-0.997,-0.976,-0.894,-0.703,0.967,-0.961,-0.974,-0.998,0.96,0.431,0.988,0.481,-0.986,-0.907,0.833,0.974,0.995,-0.605,0.992,0.994,-0.966,0.978,-0.996,-0.988,0.98,0.912,-0.996,-0.785,-0.902,0.957,-0.973,0.993,0.995,-0.987,0.864,0.973,0.988,0.792,-0.933,0.892,0.996,-0.758,-0.93,-0.991,0.983,0.931,-0.997,0.995,0.989,-0.946,-0.986,0.994,-0.909,0.998,-0.974,-0.837,0.468,0.829,-0.439,0.467,-0.965,-0.788,-0.955,0.973,-0.994,-0.994,-0.447,-0.941,-0.993,-0.975,-0.632,-0.892,0.566,0.983,0.995,-0.979,0.14,-0.973,0.715,0.954,-0.904,-0.808,0.839,-0.954,0.837,0.996,0.801,0.972,0.988,-0.949,0.995,0.957,-0.985,-0.992,0.621,-0.992,-0.994,0.99,-0.944,-0.936,6.458,5.062,10.41,10.364,10.397,10.389,10.367,10.37,6.023,5.251,10.428,10.382,6.275,6.179,10.44,10.374,EssenceCatalog/problems/csplib-prob010-SocialGolfers/params/ae2afae62339733d3dbe419740f71d1a.param
-0.998,-0.969,-0.958,-0.944,0.526,-0.988,-0.995,-0.998,0.991,-0.761,0.992,0.854,-0.997,-0.947,0.887,0.977,0.993,-0.657,0.988,0.996,-0.962,0.991,-0.995,-0.996,0.999,0.988,-0.997,-0.861,-0.957,0.953,-0.994,0.997,0.998,-0.993,0.882,0.977,0.992,0.937,-0.976,0.955,0.994,-0.96,-0.933,-0.993,0.995,0.973,-0.995,0.996,0.997,-0.979,-0.994,0.995,-0.911,0.998,-0.99,-0.962,0.97,-0.816,-0.878,0.797,-0.989,-0.898,-0.921,0.98,-0.998,-0.995,-0.91,-0.985,-0.99,-0.984,-0.903,-0.912,0.9,0.994,0.998,-0.976,0.783,-0.983,0.324,0.968,-0.92,-0.506,0.882,-0.992,0.851,0.998,0.958,0.691,0.993,-0.953,0.996,0.988,-0.995,-0.998,0.881,-0.995,-0.991,0.996,0.204,-0.67,8.303,5.58,10.442,10.487,10.458,10.458,10.461,10.378,6.949,5.805,10.45,10.451,7.257,7.348,10.488,10.427,EssenceCatalog/problems/csplib-prob010-SocialGolfers/params/babfd06c7e4128c02a9e8d311e0ea31d.param
-0.997,-0.966,-0.923,-0.863,0.883,-0.979,-0.988,-0.998,0.978,-0.075,0.989,0.708,-0.994,-0.913,0.857,0.969,0.992,-0.507,0.987,0.994,-0.961,0.986,-0.994,-0.992,0.995,0.965,-0.997,-0.791,-0.916,0.955,-0.986,0.995,0.996,-0.99,0.801,0.964,0.987,0.882,-0.952,0.9,0.993,-0.901,-0.899,-0.99,0.992,0.929,-0.995,0.996,0.993,-0.959,-0.988,0.993,-0.887,0.997,-0.985,-0.931,0.845,-0.11,-0.75,0.659,-0.98,-0.821,-0.935,0.971,-0.997,-0.992,-0.746,-0.972,-0.99,-0.976,-0.768,-0.907,0.797,0.989,0.997,-0.967,0.511,-0.97,0.454,0.965,-0.886,-0.556,0.843,-0.983,0.789,0.997,0.841,0.901,0.989,-0.939,0.994,0.971,-0.992,-0.996,0.688,-0.993,-0.99,0.994,-0.662,-0.843,7.334,5.303,10.417,10.454,10.45,10.444,10.426,10.364,6.462,5.499,10.439,10.444,6.72,6.746,10.476,10.412,EssenceCatalog/problems/csplib-prob010-SocialGolfers/params/e17d0aaf6959fdf41a9045e98bf1feb9.param
-0.997,-0.976,-0.939,-0.868,0.936,-0.972,-0.987,-0.998,0.974,0.682,0.988,0.64,-0.993,-0.929,0.874,0.971,0.994,-0.491,0.984,0.995,-0.971,0.987,-0.994,-0.99,0.991,0.945,-0.996,-0.788,-0.877,0.971,-0.984,0.994,0.994,-0.992,0.646,0.937,0.981,0.86,-0.95,0.808,0.994,-0.832,-0.84,-0.989,0.992,0.74,-0.996,0.997,0.992,-0.934,-0.986,0.993,-0.894,0.997,-0.988,-0.937,0.238,0.185,-0.794,0.629,-0.973,-0.819,-0.959,0.972,-0.997,-0.991,-0.574,-0.972,-0.991,-0.975,-0.691,-0.92,0.823,0.983,0.997,-0.932,0.032,-0.945,0.573,0.975,-0.865,-0.642,0.855,-0.984,0.767,0.996,0.331,0.907,0.989,-0.884,0.992,0.961,-0.988,-0.995,0.302,-0.993,-0.991,0.994,-0.835,-0.908,6.5,4.947,10.434,10.409,10.4,10.416,10.38,10.335,5.96,5.112,10.448,10.409,6.22,6.108,10.456,10.392,EssenceCatalog/problems/csplib-prob010-SocialGolfers/params/c275a01262fcae05f1108136b8a627fe.param
-0.996,-0.98,-0.903,-0.696,0.977,-0.956,-0.973,-0.998,0.96,0.73,0.988,0.405,-0.985,-0.916,0.842,0.975,0.995,-0.588,0.991,0.994,-0.974,0.981,-0.996,-0.987,0.976,0.9,-0.996,-0.782,-0.885,0.967,-0.972,0.992,0.994,-0.99,0.821,0.967,0.985,0.778,-0.927,0.858,0.996,-0.692,-0.913,-0.991,0.984,0.863,-0.997,0.995,0.988,-0.931,-0.983,0.993,-0.91,0.998,-0.978,-0.857,0.004,0.884,-0.477,0.452,-0.961,-0.78,-0.962,0.973,-0.995,-0.993,-0.238,-0.941,-0.993,-0.971,-0.566,-0.911,0.611,0.98,0.995,-0.97,-0.164,-0.964,0.754,0.966,-0.895,-0.815,0.845,-0.957,0.834,0.995,0.539,0.976,0.988,-0.934,0.994,0.951,-0.984,-0.991,0.427,-0.992,-0.995,0.99,-0.965,-0.95,6.01,4.864,10.4,10.311,10.345,10.34,10.32,10.32,5.737,5.039,10.406,10.329,5.995,5.837,10.401,10.338,EssenceCatalog/problems/csplib-prob010-SocialGolfers/params/1ac0c005cf6b9c0e6468fa62e9f4dc60.param
-0.997,-0.984,-0.929,-0.674,0.973,-0.954,-0.957,-0.999,0.949,0.919,0.989,0.487,-0.981,-0.932,0.887,0.982,0.996,-0.605,0.992,0.995,-0.982,0.99,-0.996,-0.986,0.956,0.82,-0.997,-0.827,-0.864,0.969,-0.968,0.993,0.993,-0.991,0.751,0.963,0.98,0.809,-0.943,0.82,0.996,-0.594,-0.863,-0.989,0.987,0.596,-0.998,0.997,0.987,-0.919,-0.984,0.993,-0.928,0.998,-0.983,-0.875,-0.504,0.849,-0.64,0.517,-0.968,-0.784,-0.974,0.976,-0.995,-0.994,-0.288,-0.945,-0.995,-0.976,-0.439,-0.827,0.717,0.971,0.996,-0.948,-0.164,-0.947,0.855,0.978,-0.9,-0.894,0.891,-0.949,0.858,0.996,0.013,0.934,0.988,-0.899,0.994,0.944,-0.984,-0.992,0.241,-0.991,-0.995,0.991,-0.968,-0.97,5.756,4.684,10.417,10.311,10.338,10.361,10.336,10.322,5.551,4.848,10.41,10.318,5.82,5.552,10.394,10.344,EssenceCatalog/problems/csplib-prob010-SocialGolfers/params/a4f4eec58f722095871846df6fe1d73c.param
-0.997,-0.967,-0.933,-0.869,0.884,-0.978,-0.988,-0.998,0.981,-0.046,0.989,0.697,-0.994,-0.92,0.859,0.973,0.992,-0.536,0.987,0.994,-0.961,0.987,-0.994,-0.993,0.995,0.964,-0.996,-0.795,-0.918,0.956,-0.986,0.995,0.996,-0.991,0.806,0.967,0.987,0.887,-0.955,0.904,0.993,-0.895,-0.903,-0.99,0.992,0.93,-0.995,0.996,0.994,-0.959,-0.989,0.993,-0.889,0.997,-0.985,-0.931,0.834,-0.155,-0.763,0.65,-0.979,-0.834,-0.935,0.973,-0.996,-0.992,-0.75,-0.972,-0.99,-0.977,-0.781,-0.91,0.798,0.989,0.997,-0.966,0.492,-0.97,0.44,0.964,-0.888,-0.563,0.845,-0.983,0.789,0.997,0.848,0.899,0.989,-0.938,0.994,0.975,-0.991,-0.996,0.701,-0.993,-0.991,0.994,-0.645,-0.84,7.356,5.31,10.437,10.465,10.461,10.454,10.437,10.379,6.474,5.508,10.457,10.457,6.734,6.759,10.494,10.424,EssenceCatalog/problems/csplib-prob010-SocialGolfers/params/e0efa16e73263bad21eb8425e61958e1.param
-0.998,-0.966,-0.91,-0.814,0.869,-0.977,-0.983,-0.998,0.969,-0.276,0.99,0.709,-0.991,-0.909,0.852,0.972,0.993,-0.59,0.991,0.995,-0.959,0.986,-0.995,-0.99,0.991,0.95,-0.997,-0.808,-0.927,0.941,-0.983,0.995,0.996,-0.986,0.87,0.976,0.989,0.876,-0.958,0.927,0.994,-0.883,-0.921,-0.99,0.988,0.958,-0.996,0.996,0.991,-0.965,-0.991,0.994,-0.899,0.998,-0.977,-0.908,0.898,0.077,-0.689,0.607,-0.98,-0.82,-0.935,0.975,-0.995,-0.994,-0.786,-0.965,-0.992,-0.979,-0.759,-0.834,0.731,0.988,0.997,-0.98,0.692,-0.978,0.585,0.953,-0.911,-0.714,0.846,-0.967,0.827,0.997,0.922,0.885,0.99,-0.952,0.996,0.973,-0.992,-0.996,0.811,-0.993,-0.992,0.993,-0.68,-0.869,7.456,5.376,10.442,10.486,10.493,10.489,10.472,10.426,6.565,5.591,10.457,10.475,6.827,6.834,10.503,10.453,EssenceCatalog/problems/csplib-prob010-SocialGolfers/params/3755ba2000f1e216cc9c3dec96d3c204.param
-0.996,-0.987,-0.933,-0.695,0.983,-0.944,-0.966,-0.999,0.958,0.95,0.988,0.448,-0.981,-0.937,0.891,0.98,0.997,-0.585,0.991,0.995,-0.986,0.986,-0.997,-0.986,0.964,0.864,-0.996,-0.838,-0.856,0.974,-0.97,0.992,0.991,-0.993,0.753,0.957,0.981,0.791,-0.935,0.766,0.997,-0.541,-0.876,-0.992,0.989,0.481,-0.998,0.996,0.988,-0.904,-0.982,0.993,-0.934,0.998,-0.985,-0.871,-0.778,0.932,-0.614,0.546,-0.953,-0.804,-0.978,0.976,-0.996,-0.994,0.086,-0.949,-0.995,-0.972,-0.449,-0.916,0.715,0.97,0.996,-0.942,-0.564,-0.941,0.863,0.98,-0.887,-0.892,0.891,-0.96,0.873,0.995,-0.292,0.972,0.989,-0.903,0.993,0.936,-0.981,-0.989,-0.074,-0.992,-0.996,0.99,-0.984,-0.973,5.32,4.51,10.383,10.281,10.283,10.32,10.287,10.251,5.279,4.664,10.367,10.277,5.545,5.241,10.336,10.316,EssenceCatalog/problems/csplib-prob010-SocialGolfers/params/67e99eb93b584f749c017181b90d5e96.param
-1.0,-0.996,-0.994,-0.991,-0.969,-0.995,-0.998,-1.0,0.987,-0.955,0.999,0.994,-0.996,-0.997,0.993,0.992,0.999,-0.987,0.999,1.0,-0.996,0.998,-0.999,-0.995,0.998,0.988,-1.0,-0.988,-0.992,0.97,-0.997,1.0,1.0,-0.99,0.991,0.997,0.996,0.992,-0.999,0.994,1.0,-0.989,-0.985,-0.998,0.996,0.995,-1.0,0.999,0.994,-0.997,-1.0,0.998,-0.993,1.0,-0.987,-0.993,0.995,-0.996,-0.993,0.977,-0.997,-0.987,-0.988,0.997,-0.998,-1.0,-0.993,-0.995,-0.999,-0.999,-0.972,0.742,0.99,0.994,1.0,-0.998,0.993,-0.997,0.987,0.988,-0.997,-0.994,0.993,-0.982,0.993,1.0,0.993,-0.988,0.999,-0.98,0.999,0.995,-0.998,-1.0,0.996,-0.998,-0.999,0.998,0.979,-0.952,9.587,5.762,10.39,10.379,10.389,10.492,10.531,10.484,7.57,6.073,10.371,10.319,8.066,7.827,10.359,10.411,EssenceCatalog/problems/csplib-prob010-SocialGolfers/params/40997635a6e5830e8b02c40b58e9cabe.param
-0.998,-0.993,-0.964,-0.898,0.941,-0.96,-0.985,-0.999,0.956,0.989,0.993,0.828,-0.991,-0.972,0.953,0.974,0.998,-0.639,0.988,0.998,-0.993,0.992,-0.997,-0.982,0.981,0.916,-0.997,-0.916,-0.83,0.984,-0.982,0.996,0.993,-0.992,0.496,0.858,0.973,0.888,-0.98,0.468,0.998,-0.708,-0.664,-0.991,0.993,-0.568,-0.998,0.998,0.984,-0.898,-0.99,0.995,-0.968,0.999,-0.992,-0.971,-0.932,0.399,-0.94,0.786,-0.973,-0.894,-0.991,0.982,-0.998,-0.996,-0.094,-0.985,-0.997,-0.983,-0.645,-0.902,0.952,0.963,0.998,-0.782,-0.554,-0.891,0.926,0.994,-0.865,-0.932,0.954,-0.987,0.897,0.997,-0.938,0.627,0.99,-0.748,0.993,0.919,-0.986,-0.995,-0.615,-0.994,-0.996,0.996,-0.947,-0.977,5.37,4.301,10.378,10.345,10.295,10.387,10.306,10.23,5.199,4.464,10.377,10.315,5.5,5.082,10.343,10.325,EssenceCatalog/problems/csplib-prob010-SocialGolfers/params/6af2dd447b88fc9de87e52bcd8e98223.param
-1.0,-0.995,-0.994,-0.994,-0.976,-0.995,-0.999,-1.0,0.993,-0.985,0.999,0.994,-0.998,-0.996,0.989,0.986,0.998,-0.982,0.999,1.0,-0.993,0.997,-0.999,-0.997,0.999,0.996,-0.999,-0.983,-0.992,0.957,-0.998,0.999,1.0,-0.989,0.986,0.996,0.996,0.993,-0.998,0.993,0.999,-0.992,-0.985,-0.999,0.997,0.995,-0.999,0.998,0.996,-0.997,-1.0,0.998,-0.991,1.0,-0.992,-0.993,0.997,-0.998,-0.993,0.976,-0.998,-0.988,-0.978,0.997,-0.998,-1.0,-0.992,-0.996,-0.998,-0.999,-0.985,0.033,0.994,0.996,1.0,-0.996,0.992,-0.997,0.95,0.983,-0.993,-0.978,0.99,-0.993,0.992,1.0,0.996,-0.976,0.999,-0.981,0.999,0.996,-0.998,-0.999,0.995,-0.998,-0.998,0.998,0.99,-0.759,9.556,5.787,10.45,10.452,10.434,10.534,10.548,10.497,7.558,6.085,10.411,10.39,8.032,7.852,10.425,10.471,EssenceCatalog/problems/csplib-prob010-SocialGolfers/params/0f5963a526183eceaacd81e4a23363b3.param
-0.998,-0.99,-0.965,-0.869,0.935,-0.96,-0.979,-0.999,0.96,0.979,0.992,0.768,-0.989,-0.962,0.942,0.981,0.997,-0.626,0.988,0.997,-0.991,0.994,-0.996,-0.987,0.976,0.893,-0.997,-0.888,-0.833,0.98,-0.98,0.995,0.993,-0.994,0.514,0.909,0.973,0.879,-0.973,0.638,0.997,-0.68,-0.696,-0.989,0.994,-0.26,-0.998,0.998,0.988,-0.905,-0.988,0.993,-0.954,0.999,-0.992,-0.959,-0.867,0.343,-0.913,0.73,-0.973,-0.866,-0.986,0.979,-0.997,-0.995,-0.341,-0.979,-0.996,-0.982,-0.584,-0.863,0.923,0.966,0.998,-0.835,-0.314,-0.899,0.89,0.99,-0.875,-0.913,0.937,-0.982,0.874,0.997,-0.815,0.653,0.99,-0.779,0.993,0.942,-0.985,-0.995,-0.302,-0.993,-0.995,0.995,-0.93,-0.971,5.63,4.434,10.425,10.358,10.327,10.402,10.338,10.274,5.376,4.599,10.419,10.336,5.667,5.286,10.392,10.348,EssenceCatalog/problems/csplib-prob010-SocialGolfers/params/92c1c463abb6388f8cddd9237f9d8995.param
-0.998,-0.993,-0.961,-0.817,0.971,-0.955,-0.969,-0.999,0.95,0.991,0.993,0.7,-0.984,-0.968,0.951,0.98,0.998,-0.622,0.992,0.998,-0.994,0.994,-0.997,-0.984,0.957,0.836,-0.997,-0.909,-0.83,0.981,-0.972,0.996,0.993,-0.994,0.624,0.929,0.974,0.867,-0.972,0.603,0.998,-0.556,-0.77,-0.99,0.992,-0.496,-0.998,0.998,0.986,-0.889,-0.987,0.995,-0.965,0.999,-0.991,-0.958,-0.946,0.808,-0.901,0.706,-0.971,-0.867,-0.989,0.982,-0.997,-0.996,0.092,-0.974,-0.997,-0.982,-0.511,-0.868,0.912,0.956,0.998,-0.845,-0.586,-0.899,0.948,0.994,-0.893,-0.953,0.952,-0.973,0.901,0.997,-0.916,0.804,0.991,-0.802,0.994,0.92,-0.987,-0.993,-0.528,-0.993,-0.997,0.995,-0.979,-0.985,5.165,4.298,10.383,10.324,10.291,10.384,10.312,10.249,5.122,4.453,10.373,10.304,5.41,4.983,10.34,10.326,EssenceCatalog/problems/csplib-prob010-SocialGolfers/params/f71546add1513945bac43107208408f2.param
-0.997,-0.989,-0.958,-0.8,0.969,-0.954,-0.971,-0.999,0.961,0.978,0.99,0.635,-0.985,-0.955,0.929,0.982,0.997,-0.577,0.989,0.997,-0.99,0.992,-0.996,-0.988,0.969,0.871,-0.997,-0.872,-0.833,0.978,-0.974,0.994,0.991,-0.994,0.616,0.934,0.975,0.85,-0.958,0.671,0.997,-0.594,-0.784,-0.99,0.993,-0.065,-0.998,0.997,0.989,-0.896,-0.984,0.993,-0.945,0.998,-0.991,-0.933,-0.883,0.774,-0.84,0.657,-0.965,-0.846,-0.984,0.978,-0.997,-0.994,-0.072,-0.97,-0.996,-0.978,-0.502,-0.893,0.864,0.965,0.997,-0.878,-0.5,-0.91,0.888,0.988,-0.88,-0.908,0.925,-0.974,0.872,0.996,-0.735,0.888,0.989,-0.835,0.993,0.938,-0.984,-0.993,-0.322,-0.992,-0.996,0.993,-0.97,-0.974,5.319,4.404,10.405,10.333,10.308,10.378,10.323,10.266,5.235,4.561,10.395,10.318,5.512,5.145,10.361,10.343,EssenceCatalog/problems/csplib-prob010-SocialGolfers/params/7b47b67e382951d52c3e7fc7476381ce.param
-1.0,-0.997,-0.994,-0.992,-0.966,-0.994,-0.998,-1.0,0.988,-0.949,0.999,0.994,-0.996,-0.997,0.994,0.991,0.999,-0.988,0.999,1.0,-0.996,0.998,-1.0,-0.995,0.998,0.99,-1.0,-0.988,-0.992,0.972,-0.998,1.0,1.0,-0.989,0.992,0.997,0.996,0.992,-0.999,0.994,1.0,-0.989,-0.987,-0.998,0.996,0.995,-1.0,0.999,0.993,-0.997,-1.0,0.998,-0.994,1.0,-0.986,-0.994,0.994,-0.996,-0.993,0.978,-0.997,-0.988,-0.99,0.997,-0.998,-1.0,-0.991,-0.996,-0.999,-0.999,-0.975,0.696,0.991,0.993,1.0,-0.998,0.993,-0.997,0.989,0.989,-0.996,-0.995,0.994,-0.984,0.994,1.0,0.992,-0.985,0.999,-0.982,0.999,0.995,-0.998,-1.0,0.996,-0.998,-0.999,0.998,0.975,-0.959,9.585,5.765,10.401,10.392,10.4,10.504,10.54,10.493,7.571,6.076,10.381,10.332,8.066,7.829,10.371,10.423,EssenceCatalog/problems/csplib-prob010-SocialGolfers/params/85b41e8dd9337f9149715662fe0be5d4.param
-0.996,-0.988,-0.936,-0.727,0.986,-0.944,-0.972,-0.999,0.96,0.96,0.989,0.455,-0.982,-0.943,0.894,0.978,0.997,-0.572,0.991,0.996,-0.987,0.984,-0.997,-0.986,0.972,0.888,-0.995,-0.841,-0.856,0.978,-0.972,0.992,0.991,-0.993,0.748,0.95,0.981,0.798,-0.938,0.729,0.997,-0.537,-0.88,-0.993,0.989,0.421,-0.998,0.996,0.988,-0.903,-0.981,0.993,-0.938,0.998,-0.986,-0.878,-0.83,0.942,-0.638,0.544,-0.948,-0.826,-0.98,0.976,-0.996,-0.994,0.224,-0.953,-0.995,-0.972,-0.471,-0.939,0.727,0.969,0.996,-0.937,-0.672,-0.938,0.856,0.981,-0.88,-0.884,0.895,-0.966,0.871,0.995,-0.423,0.978,0.989,-0.901,0.993,0.93,-0.98,-0.989,-0.234,-0.992,-0.996,0.99,-0.986,-0.972,5.187,4.452,10.372,10.285,10.275,10.317,10.28,10.237,5.193,4.6,10.354,10.278,5.459,5.141,10.319,10.316,EssenceCatalog/problems/csplib-prob010-SocialGolfers/params/8f5b4bacdbcf7024648f6600bf306ba4.param
-0.997,-0.991,-0.954,-0.76,0.975,-0.954,-0.96,-0.999,0.951,0.983,0.991,0.602,-0.981,-0.958,0.933,0.983,0.998,-0.589,0.992,0.997,-0.991,0.994,-0.997,-0.986,0.949,0.803,-0.997,-0.883,-0.835,0.977,-0.97,0.995,0.992,-0.994,0.659,0.948,0.975,0.847,-0.96,0.7,0.997,-0.552,-0.806,-0.989,0.992,-0.19,-0.998,0.998,0.988,-0.893,-0.985,0.994,-0.952,0.999,-0.99,-0.936,-0.899,0.855,-0.825,0.64,-0.969,-0.837,-0.985,0.98,-0.997,-0.995,-0.035,-0.964,-0.996,-0.979,-0.444,-0.85,0.859,0.957,0.998,-0.885,-0.506,-0.915,0.926,0.991,-0.892,-0.937,0.933,-0.967,0.89,0.997,-0.783,0.879,0.99,-0.83,0.994,0.933,-0.985,-0.992,-0.319,-0.992,-0.996,0.994,-0.978,-0.981,5.247,4.372,10.383,10.3,10.284,10.36,10.303,10.248,5.193,4.529,10.373,10.287,5.471,5.08,10.339,10.312,EssenceCatalog/problems/csplib-prob010-SocialGolfers/params/c3ebc432f1b7cf25b89b4aa1b2a99776.param
-0.997,-0.984,-0.929,-0.727,0.976,-0.953,-0.972,-0.999,0.961,0.89,0.989,0.432,-0.985,-0.932,0.87,0.978,0.996,-0.588,0.99,0.995,-0.979,0.987,-0.996,-0.987,0.971,0.883,-0.996,-0.804,-0.865,0.972,-0.973,0.993,0.993,-0.992,0.743,0.956,0.981,0.799,-0.938,0.812,0.996,-0.63,-0.878,-0.99,0.988,0.671,-0.997,0.996,0.988,-0.917,-0.983,0.993,-0.921,0.998,-0.983,-0.893,-0.481,0.856,-0.634,0.509,-0.963,-0.789,-0.971,0.975,-0.996,-0.993,-0.18,-0.951,-0.994,-0.974,-0.53,-0.904,0.711,0.975,0.996,-0.951,-0.347,-0.949,0.806,0.976,-0.889,-0.842,0.871,-0.961,0.843,0.995,0.072,0.959,0.989,-0.899,0.993,0.947,-0.983,-0.991,0.233,-0.993,-0.995,0.991,-0.967,-0.961,5.705,4.688,10.427,10.324,10.345,10.355,10.336,10.31,5.523,4.851,10.42,10.326,5.788,5.553,10.403,10.359,EssenceCatalog/problems/csplib-prob010-SocialGolfers/params/f3628bbe60f60b1a0194b1e24a5ecb58.param
-1.0,-0.995,-0.994,-0.993,-0.97,-0.996,-0.999,-1.0,0.995,-0.986,0.999,0.992,-0.998,-0.996,0.987,0.986,0.998,-0.978,0.999,1.0,-0.992,0.997,-0.999,-0.998,0.999,0.996,-0.999,-0.982,-0.992,0.959,-0.998,0.999,1.0,-0.991,0.984,0.995,0.997,0.993,-0.998,0.993,0.999,-0.993,-0.985,-0.999,0.997,0.995,-0.999,0.998,0.997,-0.997,-1.0,0.999,-0.989,1.0,-0.994,-0.994,0.998,-0.998,-0.992,0.975,-0.998,-0.986,-0.976,0.997,-0.998,-1.0,-0.992,-0.996,-0.998,-0.998,-0.983,-0.105,0.993,0.997,1.0,-0.996,0.991,-0.997,0.932,0.984,-0.993,-0.969,0.988,-0.994,0.991,1.0,0.996,-0.968,0.999,-0.978,0.999,0.997,-0.999,-0.999,0.995,-0.998,-0.998,0.998,0.989,-0.734,9.542,5.79,10.462,10.464,10.443,10.541,10.551,10.499,7.552,6.085,10.419,10.403,8.021,7.853,10.438,10.481,EssenceCatalog/problems/csplib-prob010-SocialGolfers/params/137ade9f1e054acaccc1ae3cf4dfeade.param
-0.999,-0.991,-0.972,-0.888,0.86,-0.965,-0.976,-0.999,0.945,0.982,0.994,0.839,-0.988,-0.972,0.957,0.987,0.998,-0.734,0.992,0.998,-0.992,0.996,-0.997,-0.985,0.965,0.846,-0.998,-0.921,-0.864,0.976,-0.978,0.996,0.995,-0.992,0.605,0.927,0.97,0.883,-0.985,0.726,0.998,-0.633,-0.683,-0.987,0.993,-0.308,-0.998,0.999,0.985,-0.929,-0.992,0.994,-0.968,0.999,-0.99,-0.967,-0.821,-0.127,-0.944,0.761,-0.982,-0.884,-0.99,0.983,-0.997,-0.997,-0.609,-0.979,-0.997,-0.987,-0.616,-0.691,0.94,0.964,0.998,-0.868,0.205,-0.914,0.942,0.992,-0.909,-0.962,0.962,-0.971,0.904,0.998,-0.818,-0.051,0.991,-0.779,0.995,0.95,-0.987,-0.996,-0.014,-0.992,-0.996,0.995,-0.863,-0.981,6.246,4.565,10.442,10.367,10.368,10.453,10.381,10.326,5.688,4.743,10.434,10.349,6.006,5.575,10.418,10.352,EssenceCatalog/problems/csplib-prob010-SocialGolfers/params/47cb4fd3ee7091e6ed2ab661f19994c3.param
-0.996,-0.987,-0.936,-0.747,0.982,-0.948,-0.974,-0.999,0.963,0.948,0.989,0.433,-0.984,-0.94,0.887,0.978,0.997,-0.572,0.99,0.995,-0.985,0.985,-0.997,-0.987,0.972,0.89,-0.996,-0.831,-0.857,0.977,-0.972,0.992,0.991,-0.993,0.726,0.949,0.98,0.793,-0.94,0.757,0.997,-0.579,-0.872,-0.992,0.989,0.497,-0.997,0.996,0.988,-0.904,-0.982,0.993,-0.931,0.998,-0.985,-0.894,-0.762,0.914,-0.664,0.521,-0.954,-0.824,-0.978,0.976,-0.996,-0.993,0.1,-0.955,-0.995,-0.973,-0.516,-0.934,0.738,0.973,0.996,-0.939,-0.581,-0.94,0.842,0.979,-0.884,-0.866,0.89,-0.965,0.861,0.995,-0.317,0.971,0.989,-0.893,0.993,0.94,-0.981,-0.99,-0.101,-0.993,-0.995,0.991,-0.98,-0.968,5.333,4.516,10.398,10.307,10.303,10.337,10.306,10.264,5.286,4.668,10.382,10.301,5.55,5.255,10.352,10.341,EssenceCatalog/problems/csplib-prob010-SocialGolfers/params/650f0995b6b8de09ae592de2d0025c96.param
-0.993,-0.977,-0.438,0.414,0.988,0.867,0.419,-0.999,-0.898,0.948,0.953,0.927,0.797,-0.959,0.956,0.678,0.998,-0.893,0.99,0.969,-0.973,-0.965,-0.997,0.853,0.495,0.558,0.519,-0.945,-0.95,0.905,0.232,-0.174,0.232,0.952,0.965,0.819,0.975,0.763,-0.967,-0.844,0.999,0.809,-0.983,-0.991,-0.895,0.868,-0.995,-0.931,-0.929,-0.957,-0.993,0.952,-0.976,0.998,0.912,0.777,-0.949,0.99,-0.654,0.124,0.969,-0.967,-0.991,0.971,0.716,-0.996,0.972,-0.674,-0.994,-0.976,-0.742,-0.757,-0.891,-0.74,-0.813,-0.961,0.016,-0.936,0.924,-0.898,-0.859,-0.969,0.948,0.917,0.968,-0.342,0.658,0.988,0.957,-0.984,0.983,-0.946,0.536,0.965,-0.946,-0.33,-0.987,-0.949,-0.959,-0.722,2.487,2.106,3.004,6.425,5.158,4.65,5.652,9.166,2.645,2.334,2.993,6.328,3.047,2.522,3.536,6.437,EssenceCatalog/problems/csplib-prob010-SocialGolfers/params/ord07-15-8-2.param
-0.997,-0.985,-0.945,-0.736,0.971,-0.955,-0.964,-0.999,0.956,0.948,0.989,0.549,-0.983,-0.94,0.903,0.983,0.996,-0.588,0.99,0.996,-0.985,0.991,-0.996,-0.988,0.964,0.848,-0.997,-0.843,-0.853,0.972,-0.971,0.993,0.992,-0.993,0.699,0.954,0.978,0.826,-0.948,0.777,0.996,-0.588,-0.833,-0.989,0.991,0.404,-0.998,0.997,0.989,-0.912,-0.984,0.993,-0.931,0.998,-0.987,-0.899,-0.691,0.801,-0.734,0.579,-0.966,-0.811,-0.977,0.976,-0.996,-0.994,-0.254,-0.955,-0.995,-0.976,-0.466,-0.861,0.778,0.97,0.996,-0.928,-0.277,-0.934,0.849,0.981,-0.89,-0.89,0.902,-0.963,0.856,0.996,-0.28,0.919,0.988,-0.878,0.993,0.946,-0.983,-0.992,0.047,-0.991,-0.995,0.992,-0.966,-0.968,5.614,4.59,10.431,10.335,10.341,10.383,10.346,10.311,5.447,4.75,10.422,10.333,5.716,5.419,10.4,10.362,EssenceCatalog/problems/csplib-prob010-SocialGolfers/params/2f7527805b273ffb4b938b3759a29816.param
-0.997,-0.993,-0.948,-0.752,0.986,-0.946,-0.967,-0.999,0.949,0.989,0.991,0.587,-0.981,-0.961,0.939,0.976,0.998,-0.549,0.992,0.997,-0.993,0.99,-0.998,-0.983,0.962,0.86,-0.997,-0.896,-0.827,0.981,-0.97,0.995,0.991,-0.994,0.706,0.937,0.977,0.842,-0.956,0.601,0.998,-0.539,-0.834,-0.992,0.991,-0.347,-0.998,0.998,0.986,-0.88,-0.983,0.995,-0.958,0.999,-0.99,-0.934,-0.946,0.944,-0.811,0.658,-0.96,-0.856,-0.988,0.98,-0.997,-0.995,0.44,-0.967,-0.997,-0.977,-0.459,-0.923,0.866,0.957,0.998,-0.879,-0.765,-0.912,0.942,0.993,-0.88,-0.94,0.938,-0.97,0.899,0.997,-0.891,0.955,0.991,-0.85,0.994,0.904,-0.985,-0.991,-0.604,-0.993,-0.997,0.994,-0.99,-0.984,4.921,4.26,10.33,10.287,10.262,10.335,10.277,10.218,4.99,4.398,10.311,10.272,5.273,4.856,10.278,10.306,EssenceCatalog/problems/csplib-prob010-SocialGolfers/params/2242b799fe1a4d24787ad2a7a3fe39f3.param
-0.998,-0.991,-0.962,-0.812,0.941,-0.963,-0.963,-0.999,0.946,0.98,0.993,0.721,-0.984,-0.965,0.943,0.987,0.998,-0.68,0.993,0.997,-0.991,0.996,-0.997,-0.985,0.939,0.763,-0.998,-0.896,-0.853,0.975,-0.973,0.995,0.994,-0.993,0.637,0.948,0.973,0.871,-0.974,0.753,0.997,-0.578,-0.762,-0.987,0.991,-0.1,-0.998,0.998,0.986,-0.917,-0.99,0.994,-0.961,0.999,-0.99,-0.952,-0.833,0.541,-0.892,0.678,-0.979,-0.854,-0.987,0.983,-0.997,-0.996,-0.451,-0.968,-0.997,-0.984,-0.482,-0.708,0.89,0.959,0.998,-0.891,-0.066,-0.924,0.933,0.991,-0.917,-0.95,0.946,-0.961,0.903,0.997,-0.73,0.54,0.991,-0.808,0.995,0.949,-0.987,-0.994,-0.035,-0.991,-0.996,0.994,-0.945,-0.981,5.781,4.52,10.45,10.36,10.365,10.441,10.383,10.334,5.49,4.688,10.444,10.349,5.785,5.387,10.426,10.368,EssenceCatalog/problems/csplib-prob010-SocialGolfers/params/c8f2463b00ec38ebed5e2a7eb2047396.param
-0.996,-0.98,-0.905,-0.687,0.978,-0.952,-0.971,-0.998,0.959,0.758,0.988,0.404,-0.984,-0.915,0.841,0.976,0.995,-0.592,0.991,0.994,-0.975,0.979,-0.996,-0.987,0.974,0.896,-0.995,-0.792,-0.887,0.966,-0.972,0.992,0.993,-0.99,0.829,0.968,0.985,0.768,-0.926,0.852,0.996,-0.665,-0.915,-0.992,0.985,0.854,-0.997,0.995,0.988,-0.93,-0.983,0.993,-0.914,0.998,-0.977,-0.833,-0.088,0.906,-0.448,0.456,-0.957,-0.783,-0.964,0.973,-0.995,-0.994,-0.196,-0.938,-0.994,-0.972,-0.557,-0.913,0.582,0.979,0.995,-0.97,-0.197,-0.964,0.77,0.964,-0.895,-0.835,0.848,-0.955,0.844,0.995,0.534,0.979,0.988,-0.938,0.994,0.949,-0.982,-0.99,0.391,-0.992,-0.995,0.989,-0.97,-0.953,5.936,4.836,10.397,10.298,10.331,10.326,10.309,10.316,5.696,5.012,10.399,10.316,5.954,5.783,10.391,10.329,EssenceCatalog/problems/csplib-prob010-SocialGolfers/params/65d40324ef7cbbb4bb62479d04485374.param
-0.996,-0.986,-0.912,-0.646,0.984,-0.943,-0.963,-0.999,0.945,0.925,0.989,0.397,-0.979,-0.93,0.875,0.976,0.997,-0.594,0.992,0.995,-0.984,0.984,-0.997,-0.984,0.96,0.848,-0.996,-0.832,-0.867,0.971,-0.968,0.993,0.992,-0.991,0.797,0.962,0.983,0.756,-0.934,0.802,0.997,-0.566,-0.892,-0.991,0.985,0.632,-0.998,0.996,0.985,-0.914,-0.982,0.994,-0.93,0.998,-0.98,-0.852,-0.61,0.946,-0.533,0.508,-0.955,-0.788,-0.976,0.976,-0.996,-0.994,0.056,-0.939,-0.995,-0.972,-0.447,-0.896,0.662,0.971,0.996,-0.958,-0.404,-0.953,0.878,0.978,-0.896,-0.903,0.887,-0.943,0.874,0.996,-0.06,0.974,0.989,-0.921,0.994,0.93,-0.982,-0.99,0.089,-0.992,-0.996,0.99,-0.984,-0.974,5.46,4.591,10.371,10.267,10.288,10.311,10.285,10.27,5.379,4.755,10.358,10.274,5.645,5.367,10.334,10.307,EssenceCatalog/problems/csplib-prob010-SocialGolfers/params/d7abd9f720288ca39679f8253345a29f.param
-0.997,-0.989,-0.961,-0.787,0.97,-0.954,-0.966,-0.999,0.96,0.982,0.991,0.627,-0.984,-0.957,0.933,0.984,0.997,-0.591,0.99,0.997,-0.991,0.993,-0.997,-0.988,0.96,0.842,-0.997,-0.883,-0.834,0.977,-0.972,0.993,0.991,-0.995,0.636,0.942,0.975,0.855,-0.96,0.684,0.997,-0.561,-0.788,-0.989,0.993,-0.154,-0.998,0.997,0.989,-0.895,-0.985,0.994,-0.95,0.999,-0.991,-0.933,-0.902,0.79,-0.842,0.658,-0.967,-0.852,-0.985,0.979,-0.997,-0.995,-0.075,-0.969,-0.996,-0.979,-0.488,-0.872,0.865,0.963,0.997,-0.877,-0.513,-0.91,0.906,0.989,-0.888,-0.923,0.932,-0.972,0.881,0.996,-0.766,0.871,0.989,-0.828,0.993,0.939,-0.984,-0.992,-0.314,-0.991,-0.996,0.993,-0.972,-0.977,5.299,4.389,10.405,10.323,10.301,10.374,10.318,10.263,5.222,4.547,10.394,10.307,5.5,5.12,10.36,10.334,EssenceCatalog/problems/csplib-prob010-SocialGolfers/params/a2a2350b9decac3c2d57f3aea58e400b.param
-0.996,-0.978,-0.897,-0.689,0.975,-0.954,-0.973,-0.998,0.96,0.616,0.988,0.415,-0.984,-0.909,0.828,0.975,0.995,-0.602,0.992,0.994,-0.971,0.977,-0.996,-0.987,0.977,0.906,-0.995,-0.784,-0.896,0.962,-0.972,0.992,0.994,-0.988,0.851,0.971,0.986,0.771,-0.928,0.875,0.996,-0.705,-0.925,-0.992,0.983,0.903,-0.997,0.995,0.988,-0.937,-0.984,0.993,-0.911,0.998,-0.975,-0.827,0.197,0.89,-0.415,0.441,-0.959,-0.785,-0.959,0.973,-0.994,-0.994,-0.282,-0.937,-0.994,-0.972,-0.595,-0.909,0.552,0.981,0.995,-0.976,-0.05,-0.97,0.744,0.958,-0.9,-0.822,0.84,-0.954,0.841,0.995,0.695,0.979,0.988,-0.946,0.994,0.953,-0.983,-0.99,0.517,-0.992,-0.995,0.989,-0.963,-0.945,6.162,4.942,10.393,10.314,10.35,10.34,10.322,10.333,5.841,5.124,10.403,10.336,6.095,5.963,10.404,10.336,EssenceCatalog/problems/csplib-prob010-SocialGolfers/params/ded5859998a52579eda29f00629c3e24.param
-0.996,-0.986,-0.928,-0.74,0.98,-0.951,-0.975,-0.999,0.962,0.917,0.989,0.418,-0.986,-0.936,0.874,0.977,0.996,-0.574,0.99,0.995,-0.981,0.984,-0.997,-0.987,0.974,0.895,-0.996,-0.811,-0.865,0.975,-0.973,0.992,0.992,-0.993,0.744,0.953,0.981,0.788,-0.935,0.793,0.996,-0.617,-0.884,-0.991,0.988,0.642,-0.997,0.996,0.988,-0.911,-0.982,0.993,-0.923,0.998,-0.984,-0.892,-0.606,0.902,-0.63,0.498,-0.958,-0.8,-0.974,0.975,-0.996,-0.993,-0.017,-0.951,-0.994,-0.973,-0.532,-0.929,0.717,0.976,0.996,-0.949,-0.484,-0.948,0.824,0.978,-0.882,-0.848,0.877,-0.965,0.853,0.995,-0.078,0.971,0.989,-0.903,0.993,0.942,-0.983,-0.991,0.069,-0.993,-0.995,0.991,-0.976,-0.965,5.513,4.611,10.413,10.318,10.328,10.346,10.322,10.288,5.405,4.768,10.402,10.316,5.669,5.412,10.379,10.354,EssenceCatalog/problems/csplib-prob010-SocialGolfers/params/496fc489516555b38c8e5a230b4a4dfc.param
-0.998,-0.975,-0.957,-0.901,0.617,-0.983,-0.987,-0.998,0.968,0.38,0.992,0.842,-0.994,-0.944,0.917,0.978,0.994,-0.641,0.989,0.996,-0.976,0.995,-0.995,-0.99,0.993,0.95,-0.998,-0.849,-0.913,0.959,-0.988,0.996,0.997,-0.989,0.707,0.961,0.981,0.918,-0.979,0.899,0.994,-0.882,-0.805,-0.987,0.993,0.814,-0.997,0.998,0.991,-0.961,-0.993,0.992,-0.916,0.998,-0.986,-0.963,0.758,-0.778,-0.917,0.77,-0.986,-0.849,-0.963,0.979,-0.997,-0.994,-0.886,-0.982,-0.993,-0.985,-0.745,-0.701,0.908,0.985,0.998,-0.949,0.781,-0.961,0.706,0.976,-0.916,-0.782,0.906,-0.979,0.823,0.998,0.629,0.154,0.991,-0.891,0.995,0.977,-0.993,-0.998,0.738,-0.993,-0.991,0.995,-0.178,-0.897,7.918,5.334,10.455,10.501,10.466,10.543,10.49,10.446,6.705,5.548,10.463,10.479,7.029,6.923,10.501,10.435,EssenceCatalog/problems/csplib-prob010-SocialGolfers/params/52c59e20759f6f7dd170b0d900390e7f.param
-0.996,-0.978,-0.901,-0.705,0.974,-0.957,-0.975,-0.998,0.963,0.601,0.988,0.415,-0.985,-0.911,0.834,0.974,0.995,-0.593,0.991,0.994,-0.971,0.979,-0.996,-0.988,0.979,0.913,-0.996,-0.785,-0.896,0.963,-0.973,0.993,0.994,-0.989,0.845,0.97,0.986,0.78,-0.929,0.876,0.996,-0.726,-0.924,-0.991,0.984,0.9,-0.997,0.995,0.988,-0.938,-0.984,0.993,-0.909,0.998,-0.976,-0.846,0.228,0.874,-0.448,0.462,-0.961,-0.789,-0.958,0.972,-0.995,-0.994,-0.282,-0.94,-0.994,-0.972,-0.605,-0.912,0.585,0.982,0.995,-0.975,-0.042,-0.969,0.734,0.96,-0.899,-0.806,0.841,-0.956,0.836,0.995,0.687,0.977,0.989,-0.944,0.994,0.955,-0.984,-0.991,0.52,-0.992,-0.994,0.99,-0.958,-0.942,6.197,4.955,10.405,10.334,10.369,10.36,10.339,10.343,5.859,5.135,10.417,10.354,6.115,5.988,10.42,10.354,EssenceCatalog/problems/csplib-prob010-SocialGolfers/params/2063c398a435673b379ac890bb0d4497.param
-0.994,-0.94,-0.214,0.913,0.945,0.678,0.966,-0.999,-0.985,0.895,0.963,0.907,0.981,-0.954,0.953,0.911,0.995,-0.951,0.993,0.974,-0.957,-0.545,-0.996,0.872,-0.982,-0.952,-0.16,-0.94,-0.881,0.508,0.938,-0.101,0.405,0.973,0.975,0.968,0.966,0.934,-0.99,-0.556,0.995,0.821,-0.966,-0.951,-0.961,0.814,-0.998,-0.866,-0.975,-0.971,-0.991,0.963,-0.979,0.997,0.955,0.708,-0.818,0.912,-0.6,-0.65,0.632,-0.94,-0.977,0.976,0.961,-0.996,0.72,0.02,-0.992,-0.992,0.102,0.965,-0.962,-0.864,-0.83,-0.959,0.711,-0.927,0.957,-0.922,-0.972,-0.985,0.94,0.988,0.94,-0.206,0.89,-0.217,0.914,-0.932,0.988,-0.947,0.35,0.956,0.151,0.564,-0.986,-0.938,-0.649,-0.679,2.801,2.009,2.401,5.123,4.133,3.5,4.842,8.693,2.721,2.26,2.374,5.058,3.044,2.405,2.786,5.145,EssenceCatalog/problems/csplib-prob010-SocialGolfers/params/364811af5cc2d6aecb3c72f28b4c4c5e.param
-0.996,-0.976,-0.892,-0.691,0.97,-0.958,-0.974,-0.998,0.959,0.429,0.988,0.453,-0.985,-0.905,0.827,0.974,0.995,-0.613,0.992,0.994,-0.967,0.976,-0.996,-0.987,0.978,0.911,-0.996,-0.784,-0.904,0.957,-0.972,0.993,0.995,-0.986,0.873,0.974,0.988,0.781,-0.932,0.894,0.996,-0.749,-0.934,-0.991,0.981,0.933,-0.997,0.994,0.988,-0.946,-0.986,0.993,-0.91,0.998,-0.972,-0.825,0.442,0.863,-0.406,0.45,-0.962,-0.789,-0.955,0.973,-0.994,-0.994,-0.394,-0.939,-0.994,-0.974,-0.629,-0.895,0.534,0.982,0.995,-0.98,0.118,-0.974,0.726,0.952,-0.906,-0.817,0.84,-0.95,0.842,0.995,0.804,0.976,0.989,-0.952,0.995,0.956,-0.985,-0.991,0.625,-0.992,-0.995,0.989,-0.951,-0.937,6.404,5.047,10.397,10.345,10.38,10.368,10.35,10.358,5.994,5.236,10.413,10.365,6.245,6.145,10.424,10.357,EssenceCatalog/problems/csplib-prob010-SocialGolfers/params/132b46ee9e38545e0d8b67765a08af80.param
-0.997,-0.981,-0.933,-0.715,0.966,-0.959,-0.964,-0.999,0.956,0.898,0.988,0.525,-0.984,-0.928,0.887,0.982,0.995,-0.587,0.99,0.995,-0.98,0.99,-0.995,-0.988,0.965,0.849,-0.997,-0.822,-0.863,0.967,-0.971,0.993,0.993,-0.992,0.727,0.96,0.979,0.817,-0.943,0.819,0.996,-0.638,-0.85,-0.988,0.989,0.626,-0.997,0.997,0.989,-0.921,-0.984,0.993,-0.919,0.998,-0.985,-0.889,-0.39,0.764,-0.68,0.55,-0.969,-0.785,-0.971,0.974,-0.995,-0.993,-0.396,-0.951,-0.994,-0.975,-0.482,-0.838,0.742,0.974,0.996,-0.945,-0.066,-0.945,0.814,0.977,-0.893,-0.868,0.882,-0.958,0.842,0.996,0.089,0.921,0.988,-0.895,0.994,0.95,-0.985,-0.993,0.276,-0.991,-0.995,0.992,-0.956,-0.961,5.92,4.745,10.438,10.347,10.369,10.394,10.361,10.343,5.648,4.909,10.434,10.354,5.915,5.673,10.424,10.37,EssenceCatalog/problems/csplib-prob010-SocialGolfers/params/edfd9f9baabea882326420d872ffdc2b.param
-0.997,-0.988,-0.955,-0.823,0.966,-0.961,-0.977,-0.999,0.964,0.97,0.99,0.654,-0.988,-0.951,0.924,0.977,0.997,-0.554,0.988,0.996,-0.988,0.992,-0.996,-0.987,0.977,0.895,-0.997,-0.858,-0.826,0.979,-0.978,0.994,0.992,-0.994,0.57,0.923,0.975,0.863,-0.956,0.657,0.996,-0.678,-0.767,-0.99,0.993,0.006,-0.997,0.998,0.989,-0.898,-0.984,0.993,-0.938,0.998,-0.991,-0.943,-0.834,0.679,-0.85,0.67,-0.968,-0.84,-0.982,0.977,-0.997,-0.993,-0.147,-0.973,-0.995,-0.977,-0.528,-0.903,0.88,0.969,0.998,-0.87,-0.487,-0.91,0.853,0.989,-0.868,-0.874,0.916,-0.98,0.851,0.996,-0.709,0.887,0.989,-0.827,0.992,0.938,-0.985,-0.994,-0.314,-0.993,-0.995,0.994,-0.961,-0.968,5.395,4.429,10.405,10.342,10.313,10.378,10.325,10.261,5.276,4.584,10.399,10.324,5.552,5.206,10.366,10.347,EssenceCatalog/problems/csplib-prob010-SocialGolfers/params/e4d3005a91c7822d66df325b35dc10e2.param
-0.998,-0.997,0.946,-0.723,0.993,-0.869,-0.986,-0.999,-0.948,0.894,0.994,0.94,-0.939,-0.969,0.97,-0.978,0.996,-0.79,0.997,0.998,-0.987,-0.942,-0.997,0.98,0.999,0.983,-0.998,-0.942,-0.769,0.99,-0.964,0.999,0.996,0.968,0.831,-0.791,0.98,0.515,-0.989,-0.941,0.998,-0.979,-0.916,-0.994,-0.962,0.938,-0.997,0.999,-0.988,-0.976,-0.987,0.998,-0.948,0.997,0.765,-0.991,0.971,0.962,-0.934,0.851,-0.89,-0.915,-0.987,0.981,-0.998,-0.995,0.888,-0.99,-0.997,-0.966,-0.911,-0.982,0.93,0.935,0.999,-0.983,0.883,-0.988,0.985,0.997,-0.529,-0.943,0.965,0.136,0.921,0.998,-0.969,0.961,0.995,-0.979,0.994,-0.958,-0.996,-0.98,-0.982,-0.997,-0.99,0.996,-0.991,-0.982,4.228,3.379,4.999,10.14,10.573,10.455,10.584,10.626,4.147,3.606,5.067,10.121,4.698,4.286,5.993,10.1,EssenceCatalog/problems/csplib-prob010-SocialGolfers/params/c786e03fc153c2ca34ba720f073ea2e0.param
-0.996,-0.993,-0.935,-0.748,0.991,-0.94,-0.976,-0.999,0.952,0.982,0.991,0.475,-0.983,-0.959,0.922,0.969,0.998,-0.566,0.992,0.997,-0.991,0.981,-0.998,-0.982,0.974,0.905,-0.996,-0.869,-0.836,0.983,-0.972,0.994,0.991,-0.993,0.738,0.937,0.979,0.808,-0.952,0.609,0.998,-0.537,-0.882,-0.994,0.987,-0.033,-0.998,0.997,0.984,-0.889,-0.982,0.995,-0.955,0.999,-0.985,-0.919,-0.933,0.968,-0.723,0.576,-0.943,-0.85,-0.986,0.979,-0.997,-0.995,0.594,-0.964,-0.996,-0.971,-0.486,-0.958,0.806,0.962,0.997,-0.916,-0.85,-0.926,0.918,0.989,-0.874,-0.912,0.92,-0.966,0.895,0.996,-0.817,0.983,0.992,-0.883,0.994,0.893,-0.983,-0.988,-0.596,-0.994,-0.997,0.992,-0.992,-0.981,4.865,4.282,10.313,10.277,10.255,10.313,10.266,10.208,4.967,4.414,10.292,10.266,5.248,4.856,10.256,10.305,EssenceCatalog/problems/csplib-prob010-SocialGolfers/params/715971b88a447d3ff6b37145dd7f3a1a.param
-0.997,-0.989,-0.955,-0.752,0.975,-0.952,-0.963,-0.999,0.958,0.978,0.99,0.575,-0.982,-0.952,0.924,0.984,0.997,-0.593,0.99,0.996,-0.99,0.993,-0.997,-0.988,0.957,0.838,-0.997,-0.872,-0.839,0.977,-0.97,0.993,0.991,-0.994,0.671,0.948,0.977,0.844,-0.954,0.704,0.997,-0.542,-0.814,-0.99,0.992,0.007,-0.998,0.997,0.989,-0.898,-0.984,0.994,-0.945,0.998,-0.99,-0.917,-0.882,0.847,-0.799,0.627,-0.965,-0.839,-0.983,0.978,-0.996,-0.994,-0.045,-0.963,-0.996,-0.978,-0.458,-0.877,0.828,0.964,0.997,-0.898,-0.526,-0.918,0.895,0.987,-0.89,-0.918,0.922,-0.968,0.877,0.996,-0.679,0.91,0.989,-0.85,0.993,0.938,-0.983,-0.991,-0.264,-0.991,-0.996,0.993,-0.977,-0.976,5.286,4.412,10.397,10.309,10.294,10.36,10.31,10.26,5.226,4.569,10.385,10.297,5.5,5.135,10.35,10.328,EssenceCatalog/problems/csplib-prob010-SocialGolfers/params/313c52c2a95e19b76bc6680cb6810d01.param
-0.996,-0.985,-0.933,-0.713,0.98,-0.949,-0.969,-0.999,0.96,0.939,0.988,0.452,-0.983,-0.934,0.886,0.98,0.996,-0.583,0.99,0.995,-0.984,0.987,-0.996,-0.987,0.968,0.873,-0.996,-0.826,-0.857,0.973,-0.971,0.992,0.992,-0.993,0.739,0.955,0.98,0.794,-0.935,0.778,0.996,-0.577,-0.868,-0.991,0.989,0.53,-0.997,0.996,0.989,-0.906,-0.982,0.993,-0.929,0.998,-0.985,-0.878,-0.71,0.904,-0.631,0.545,-0.958,-0.8,-0.976,0.975,-0.996,-0.993,-0.027,-0.95,-0.995,-0.972,-0.471,-0.911,0.724,0.972,0.996,-0.942,-0.487,-0.942,0.838,0.979,-0.886,-0.874,0.885,-0.963,0.859,0.995,-0.199,0.966,0.988,-0.898,0.993,0.942,-0.981,-0.99,0.009,-0.992,-0.996,0.991,-0.979,-0.968,5.44,4.561,10.399,10.297,10.304,10.334,10.304,10.269,5.354,4.717,10.387,10.294,5.619,5.336,10.359,10.331,EssenceCatalog/problems/csplib-prob010-SocialGolfers/params/766d162388edb0f009503f5f839fb5e2.param
-0.996,-0.982,-0.919,-0.654,0.98,-0.946,-0.963,-0.999,0.954,0.859,0.988,0.409,-0.98,-0.921,0.863,0.98,0.996,-0.608,0.992,0.994,-0.98,0.983,-0.996,-0.987,0.963,0.86,-0.996,-0.816,-0.879,0.966,-0.968,0.992,0.993,-0.99,0.818,0.969,0.984,0.768,-0.933,0.842,0.997,-0.593,-0.904,-0.991,0.985,0.779,-0.997,0.995,0.987,-0.924,-0.984,0.993,-0.922,0.998,-0.978,-0.831,-0.401,0.916,-0.497,0.49,-0.956,-0.783,-0.971,0.974,-0.994,-0.994,-0.152,-0.938,-0.995,-0.973,-0.489,-0.891,0.602,0.975,0.995,-0.965,-0.272,-0.959,0.823,0.968,-0.901,-0.879,0.871,-0.947,0.859,0.995,0.348,0.972,0.988,-0.93,0.994,0.946,-0.981,-0.989,0.299,-0.991,-0.996,0.989,-0.975,-0.964,5.757,4.741,10.41,10.286,10.32,10.323,10.309,10.319,5.58,4.914,10.403,10.299,5.842,5.619,10.385,10.329,EssenceCatalog/problems/csplib-prob010-SocialGolfers/params/f33849f47d88d13302df40fba7ccf25c.param
-0.998,-0.98,-0.942,-0.766,0.891,-0.968,-0.963,-0.999,0.944,0.818,0.991,0.675,-0.985,-0.933,0.9,0.985,0.995,-0.673,0.992,0.996,-0.978,0.994,-0.995,-0.988,0.963,0.83,-0.998,-0.839,-0.889,0.958,-0.974,0.994,0.995,-0.989,0.744,0.967,0.977,0.85,-0.966,0.886,0.995,-0.677,-0.824,-0.985,0.988,0.706,-0.998,0.997,0.987,-0.943,-0.99,0.993,-0.926,0.998,-0.981,-0.914,0.169,0.182,-0.789,0.607,-0.98,-0.793,-0.971,0.977,-0.995,-0.994,-0.754,-0.956,-0.995,-0.981,-0.524,-0.594,0.794,0.975,0.997,-0.954,0.576,-0.953,0.838,0.975,-0.92,-0.9,0.905,-0.942,0.842,0.997,0.423,0.607,0.989,-0.881,0.994,0.964,-0.988,-0.995,0.672,-0.99,-0.994,0.992,-0.835,-0.957,6.887,5.054,10.478,10.439,10.46,10.516,10.469,10.473,6.197,5.245,10.49,10.457,6.484,6.266,10.508,10.429,EssenceCatalog/problems/csplib-prob010-SocialGolfers/params/e73b3e21fe40cf7fd90823387bf77aee.param
-0.997,-0.982,-0.92,-0.664,0.972,-0.954,-0.958,-0.999,0.946,0.878,0.989,0.463,-0.98,-0.923,0.872,0.981,0.995,-0.61,0.992,0.995,-0.979,0.989,-0.996,-0.986,0.957,0.83,-0.997,-0.82,-0.872,0.965,-0.967,0.992,0.993,-0.99,0.78,0.966,0.981,0.796,-0.941,0.842,0.996,-0.608,-0.876,-0.989,0.986,0.711,-0.998,0.996,0.986,-0.925,-0.984,0.993,-0.921,0.998,-0.98,-0.858,-0.291,0.851,-0.591,0.489,-0.967,-0.782,-0.97,0.976,-0.995,-0.994,-0.342,-0.941,-0.995,-0.975,-0.468,-0.822,0.669,0.974,0.996,-0.959,-0.029,-0.955,0.836,0.972,-0.903,-0.886,0.879,-0.941,0.85,0.996,0.265,0.941,0.988,-0.913,0.994,0.947,-0.984,-0.992,0.355,-0.99,-0.995,0.991,-0.965,-0.965,5.934,4.78,10.414,10.313,10.346,10.365,10.339,10.343,5.674,4.95,10.412,10.329,5.94,5.706,10.402,10.343,EssenceCatalog/problems/csplib-prob010-SocialGolfers/params/8b682d565b419740fb92084ea8959295.param
-0.997,-0.998,0.983,0.272,0.997,-0.611,-0.528,-0.999,-0.997,0.969,0.992,0.904,0.286,-0.968,0.979,-0.986,0.996,-0.805,0.998,0.997,-0.99,-0.977,-0.998,0.998,0.97,0.862,-0.997,-0.964,-0.612,0.978,-0.694,0.998,0.989,0.996,0.912,-0.639,0.97,0.629,-0.991,-0.988,0.997,-0.941,-0.919,-0.987,-0.997,0.901,-0.997,0.997,-0.999,-0.972,-0.987,0.997,-0.94,0.996,0.968,-0.988,0.962,0.996,-0.925,0.838,-0.822,-0.912,-0.992,0.976,-0.993,-0.995,0.984,-0.962,-0.996,-0.967,-0.846,-0.929,0.752,0.615,0.998,-0.979,0.928,-0.982,0.99,0.994,-0.588,-0.977,0.978,0.93,0.915,0.997,-0.992,0.935,0.994,-0.98,0.994,-0.997,-0.993,-0.869,-0.991,-0.988,-0.99,0.99,-0.994,-0.985,3.774,3.053,4.223,9.623,10.248,10.067,10.279,10.497,3.803,3.342,4.318,9.641,4.393,3.911,5.247,9.648,EssenceCatalog/problems/csplib-prob010-SocialGolfers/params/31cd1cb98198d673d078f0cbaf3245d2.param
-0.997,-0.973,-0.884,-0.708,0.955,-0.965,-0.977,-0.998,0.963,0.017,0.989,0.489,-0.986,-0.9,0.818,0.972,0.994,-0.64,0.993,0.994,-0.961,0.978,-0.996,-0.988,0.982,0.926,-0.996,-0.782,-0.918,0.951,-0.974,0.994,0.996,-0.985,0.897,0.979,0.989,0.806,-0.938,0.924,0.996,-0.811,-0.944,-0.991,0.98,0.96,-0.997,0.995,0.988,-0.955,-0.987,0.994,-0.908,0.998,-0.969,-0.841,0.744,0.791,-0.414,0.46,-0.968,-0.799,-0.946,0.974,-0.994,-0.995,-0.533,-0.941,-0.993,-0.975,-0.693,-0.877,0.55,0.985,0.996,-0.985,0.367,-0.979,0.7,0.947,-0.914,-0.801,0.834,-0.95,0.844,0.996,0.901,0.969,0.989,-0.959,0.995,0.963,-0.988,-0.992,0.759,-0.992,-0.994,0.99,-0.921,-0.922,6.772,5.197,10.396,10.39,10.419,10.4,10.391,10.38,6.217,5.401,10.415,10.398,6.468,6.417,10.441,10.386,EssenceCatalog/problems/csplib-prob010-SocialGolfers/params/4bd7f58f1259c39c88d3e10e543bfcd3.param
-0.996,-0.978,-0.906,-0.708,0.975,-0.955,-0.974,-0.998,0.963,0.681,0.988,0.413,-0.986,-0.912,0.836,0.975,0.995,-0.592,0.991,0.994,-0.972,0.979,-0.996,-0.988,0.978,0.909,-0.995,-0.782,-0.892,0.965,-0.973,0.992,0.994,-0.99,0.829,0.968,0.985,0.776,-0.927,0.865,0.996,-0.705,-0.916,-0.991,0.985,0.879,-0.997,0.995,0.989,-0.933,-0.984,0.993,-0.91,0.998,-0.978,-0.845,0.087,0.873,-0.468,0.457,-0.96,-0.784,-0.96,0.972,-0.995,-0.993,-0.285,-0.941,-0.993,-0.972,-0.591,-0.914,0.595,0.981,0.995,-0.971,-0.111,-0.966,0.734,0.962,-0.894,-0.807,0.841,-0.96,0.833,0.995,0.619,0.976,0.988,-0.938,0.994,0.955,-0.983,-0.991,0.468,-0.992,-0.994,0.99,-0.961,-0.945,6.1,4.907,10.407,10.321,10.355,10.348,10.328,10.331,5.797,5.085,10.415,10.34,6.053,5.91,10.413,10.346,EssenceCatalog/problems/csplib-prob010-SocialGolfers/params/b54f500367539be59cd21d120e5589db.param
-0.997,-0.983,-0.948,-0.805,0.957,-0.963,-0.974,-0.998,0.965,0.933,0.989,0.624,-0.988,-0.939,0.907,0.979,0.996,-0.549,0.988,0.996,-0.984,0.992,-0.995,-0.989,0.977,0.89,-0.997,-0.837,-0.842,0.973,-0.977,0.993,0.992,-0.994,0.618,0.94,0.977,0.85,-0.95,0.746,0.995,-0.703,-0.79,-0.988,0.993,0.376,-0.997,0.997,0.99,-0.912,-0.984,0.992,-0.922,0.998,-0.99,-0.929,-0.597,0.602,-0.804,0.639,-0.97,-0.819,-0.975,0.974,-0.997,-0.993,-0.375,-0.967,-0.994,-0.976,-0.54,-0.879,0.84,0.974,0.997,-0.907,-0.204,-0.927,0.798,0.984,-0.871,-0.839,0.895,-0.976,0.832,0.996,-0.337,0.889,0.988,-0.859,0.992,0.95,-0.985,-0.994,0.013,-0.992,-0.994,0.994,-0.941,-0.957,5.768,4.62,10.445,10.373,10.366,10.407,10.368,10.317,5.521,4.774,10.44,10.364,5.792,5.511,10.422,10.385,EssenceCatalog/problems/csplib-prob010-SocialGolfers/params/d189b903af3512db2d1bcdc9ed3f3870.param
-0.996,-0.992,-0.944,-0.75,0.988,-0.94,-0.974,-0.999,0.959,0.977,0.99,0.475,-0.983,-0.954,0.913,0.977,0.998,-0.571,0.991,0.997,-0.99,0.984,-0.997,-0.986,0.972,0.896,-0.996,-0.863,-0.843,0.981,-0.972,0.993,0.991,-0.994,0.733,0.946,0.979,0.81,-0.949,0.68,0.998,-0.521,-0.874,-0.993,0.99,0.07,-0.998,0.996,0.987,-0.889,-0.982,0.994,-0.951,0.999,-0.987,-0.906,-0.917,0.953,-0.706,0.572,-0.946,-0.844,-0.984,0.978,-0.997,-0.995,0.441,-0.96,-0.996,-0.972,-0.481,-0.949,0.789,0.964,0.997,-0.919,-0.802,-0.927,0.9,0.986,-0.878,-0.903,0.913,-0.968,0.888,0.995,-0.715,0.979,0.991,-0.883,0.993,0.917,-0.981,-0.988,-0.453,-0.993,-0.996,0.991,-0.989,-0.978,4.98,4.337,10.349,10.283,10.261,10.317,10.272,10.217,5.046,4.476,10.329,10.27,5.322,4.951,10.292,10.308,EssenceCatalog/problems/csplib-prob010-SocialGolfers/params/27bec11dc8f7019638bb8eaf6b1a59ac.param
-0.996,-0.993,-0.945,-0.768,0.989,-0.939,-0.978,-0.999,0.959,0.985,0.991,0.502,-0.983,-0.959,0.924,0.973,0.998,-0.57,0.991,0.997,-0.992,0.982,-0.998,-0.983,0.974,0.91,-0.995,-0.878,-0.84,0.984,-0.972,0.993,0.99,-0.994,0.724,0.932,0.98,0.815,-0.953,0.6,0.998,-0.493,-0.874,-0.994,0.989,-0.022,-0.998,0.996,0.985,-0.887,-0.982,0.994,-0.955,0.999,-0.987,-0.916,-0.946,0.961,-0.756,0.59,-0.94,-0.866,-0.987,0.98,-0.997,-0.995,0.566,-0.965,-0.997,-0.973,-0.505,-0.961,0.812,0.964,0.997,-0.908,-0.849,-0.925,0.912,0.988,-0.877,-0.914,0.924,-0.97,0.894,0.995,-0.82,0.98,0.991,-0.878,0.993,0.905,-0.98,-0.987,-0.632,-0.994,-0.997,0.992,-0.991,-0.981,4.878,4.284,10.33,10.293,10.267,10.327,10.278,10.222,4.973,4.417,10.308,10.28,5.256,4.862,10.27,10.321,EssenceCatalog/problems/csplib-prob010-SocialGolfers/params/fb41f07f0a66d5e6444d0bda8b4ca8f4.param
-0.996,-0.982,-0.918,-0.71,0.979,-0.95,-0.972,-0.999,0.962,0.842,0.988,0.389,-0.984,-0.923,0.853,0.978,0.996,-0.59,0.991,0.994,-0.978,0.982,-0.996,-0.988,0.974,0.894,-0.995,-0.798,-0.88,0.97,-0.971,0.992,0.993,-0.991,0.796,0.964,0.983,0.773,-0.929,0.835,0.996,-0.63,-0.903,-0.991,0.987,0.79,-0.997,0.995,0.989,-0.922,-0.983,0.993,-0.916,0.998,-0.98,-0.853,-0.348,0.902,-0.514,0.462,-0.956,-0.792,-0.968,0.973,-0.995,-0.993,-0.127,-0.941,-0.994,-0.972,-0.545,-0.92,0.625,0.978,0.995,-0.963,-0.332,-0.957,0.78,0.968,-0.893,-0.835,0.855,-0.958,0.842,0.995,0.346,0.976,0.988,-0.923,0.993,0.95,-0.981,-0.99,0.292,-0.992,-0.995,0.989,-0.971,-0.956,5.757,4.746,10.407,10.294,10.323,10.321,10.307,10.304,5.576,4.916,10.403,10.306,5.837,5.633,10.386,10.333,EssenceCatalog/problems/csplib-prob010-SocialGolfers/params/ebcf497d0a2f3f8b77fbee106806c39e.param
-0.996,-0.977,-0.9,-0.709,0.972,-0.958,-0.975,-0.998,0.963,0.603,0.988,0.424,-0.986,-0.912,0.834,0.975,0.995,-0.591,0.991,0.994,-0.97,0.98,-0.996,-0.988,0.978,0.91,-0.996,-0.778,-0.894,0.963,-0.973,0.992,0.994,-0.989,0.835,0.97,0.986,0.784,-0.929,0.877,0.995,-0.726,-0.919,-0.991,0.985,0.898,-0.997,0.995,0.989,-0.938,-0.984,0.993,-0.905,0.998,-0.977,-0.854,0.243,0.852,-0.472,0.452,-0.963,-0.782,-0.956,0.972,-0.995,-0.993,-0.338,-0.941,-0.993,-0.972,-0.602,-0.907,0.6,0.982,0.995,-0.973,-0.023,-0.968,0.722,0.962,-0.897,-0.797,0.838,-0.958,0.831,0.995,0.677,0.973,0.988,-0.94,0.994,0.956,-0.985,-0.991,0.531,-0.992,-0.994,0.99,-0.954,-0.941,6.228,4.961,10.404,10.333,10.368,10.361,10.338,10.34,5.875,5.142,10.417,10.353,6.13,6.006,10.42,10.352,EssenceCatalog/problems/csplib-prob010-SocialGolfers/params/070066d5235172152fb653030e1d73e7.param
-0.998,-0.974,-0.917,-0.715,0.921,-0.969,-0.963,-0.998,0.949,0.502,0.989,0.608,-0.984,-0.911,0.868,0.981,0.994,-0.632,0.992,0.995,-0.968,0.991,-0.995,-0.988,0.966,0.845,-0.997,-0.812,-0.895,0.945,-0.971,0.994,0.996,-0.987,0.818,0.975,0.984,0.835,-0.956,0.908,0.995,-0.764,-0.885,-0.986,0.985,0.885,-0.997,0.997,0.988,-0.949,-0.989,0.993,-0.911,0.998,-0.975,-0.887,0.598,0.417,-0.663,0.56,-0.98,-0.77,-0.957,0.975,-0.994,-0.994,-0.747,-0.949,-0.993,-0.98,-0.571,-0.662,0.701,0.98,0.996,-0.972,0.572,-0.968,0.767,0.962,-0.916,-0.853,0.873,-0.938,0.833,0.997,0.762,0.828,0.988,-0.919,0.995,0.965,-0.988,-0.995,0.749,-0.99,-0.994,0.992,-0.859,-0.941,6.965,5.174,10.438,10.429,10.453,10.484,10.45,10.447,6.287,5.37,10.459,10.444,6.558,6.431,10.487,10.416,EssenceCatalog/problems/csplib-prob010-SocialGolfers/params/4e9f553f3f919e1e0a555200ccc2a810.param
-1.0,-0.996,-0.994,-0.994,-0.972,-0.994,-0.999,-1.0,0.991,-0.974,0.999,0.995,-0.997,-0.997,0.993,0.986,0.999,-0.988,0.999,1.0,-0.995,0.997,-0.999,-0.996,0.999,0.994,-1.0,-0.988,-0.992,0.968,-0.998,1.0,1.0,-0.986,0.991,0.996,0.996,0.993,-0.999,0.993,1.0,-0.992,-0.987,-0.999,0.996,0.996,-1.0,0.998,0.994,-0.997,-1.0,0.999,-0.994,1.0,-0.988,-0.994,0.996,-0.998,-0.994,0.978,-0.998,-0.99,-0.986,0.997,-0.998,-1.0,-0.991,-0.996,-0.999,-0.999,-0.983,0.298,0.994,0.996,1.0,-0.997,0.993,-0.997,0.98,0.987,-0.995,-0.99,0.993,-0.99,0.994,1.0,0.995,-0.981,0.999,-0.983,0.999,0.996,-0.998,-0.999,0.996,-0.998,-0.998,0.998,0.987,-0.888,9.576,5.782,10.442,10.44,10.433,10.537,10.557,10.508,7.571,6.086,10.411,10.379,8.056,7.848,10.414,10.465,EssenceCatalog/problems/csplib-prob010-SocialGolfers/params/85c3dd46a9ddc5434f003e95dc7543be.param
-0.996,-0.982,-0.908,-0.682,0.981,-0.95,-0.97,-0.999,0.958,0.825,0.988,0.4,-0.983,-0.921,0.851,0.976,0.996,-0.593,0.991,0.994,-0.977,0.98,-0.996,-0.986,0.973,0.888,-0.996,-0.794,-0.88,0.969,-0.971,0.992,0.993,-0.99,0.811,0.965,0.984,0.77,-0.927,0.834,0.996,-0.642,-0.909,-0.991,0.985,0.812,-0.997,0.995,0.988,-0.925,-0.983,0.993,-0.92,0.998,-0.979,-0.845,-0.287,0.915,-0.475,0.463,-0.957,-0.784,-0.967,0.974,-0.995,-0.994,-0.128,-0.94,-0.994,-0.972,-0.526,-0.915,0.61,0.977,0.995,-0.966,-0.316,-0.961,0.79,0.969,-0.893,-0.843,0.857,-0.957,0.848,0.995,0.375,0.979,0.988,-0.93,0.994,0.945,-0.982,-0.99,0.307,-0.992,-0.995,0.99,-0.974,-0.959,5.774,4.758,10.398,10.288,10.32,10.318,10.303,10.301,5.589,4.929,10.395,10.302,5.85,5.651,10.379,10.326,EssenceCatalog/problems/csplib-prob010-SocialGolfers/params/683c76200adc1d2770d53f32991cc953.param
-0.996,-0.977,-0.898,-0.685,0.97,-0.957,-0.971,-0.998,0.957,0.615,0.988,0.448,-0.984,-0.907,0.84,0.974,0.995,-0.597,0.992,0.994,-0.971,0.981,-0.996,-0.987,0.975,0.898,-0.996,-0.789,-0.892,0.959,-0.972,0.993,0.994,-0.988,0.84,0.971,0.986,0.773,-0.93,0.877,0.996,-0.723,-0.916,-0.99,0.984,0.891,-0.997,0.995,0.988,-0.937,-0.984,0.993,-0.907,0.998,-0.975,-0.844,0.243,0.863,-0.461,0.492,-0.964,-0.772,-0.96,0.972,-0.995,-0.994,-0.354,-0.94,-0.994,-0.972,-0.579,-0.884,0.594,0.981,0.996,-0.974,0.07,-0.968,0.763,0.963,-0.901,-0.833,0.846,-0.95,0.842,0.996,0.677,0.97,0.988,-0.942,0.994,0.952,-0.985,-0.992,0.544,-0.992,-0.995,0.99,-0.957,-0.949,6.261,4.97,10.407,10.344,10.38,10.379,10.353,10.36,5.899,5.153,10.422,10.365,6.155,6.018,10.426,10.362,EssenceCatalog/problems/csplib-prob010-SocialGolfers/params/7bfe311603d1f55fb9a885ef3f45bf13.param
0.972,0.583,0.626,-0.253,0.831,0.872,-0.665,0.91,0.337,0.904,-0.937,-0.663,-0.415,0.326,-0.691,-0.586,-0.498,0.688,-0.815,-0.959,0.666,-0.979,0.615,0.518,0.864,0.705,0.964,0.463,0.407,-0.084,0.039,-0.921,-0.95,-0.18,-0.429,-0.911,-0.866,-0.935,0.942,-0.658,-0.577,0.561,0.163,0.129,0.21,-0.866,0.967,-0.867,0.166,0.778,0.956,-0.868,0.357,-0.761,-0.049,0.702,-0.969,0.969,0.763,-0.279,0.949,0.542,0.545,-0.909,0.411,0.817,0.973,0.833,0.598,0.817,0.244,-0.982,0.303,-0.645,-0.941,0.903,-0.964,0.694,-0.142,0.153,0.931,0.46,-0.725,-0.772,0.009,-0.941,-0.922,0.992,-0.896,0.262,-0.935,-0.701,0.933,0.938,-0.982,0.713,0.619,-0.836,-0.891,0.288,0.257,0.267,0.323,0.79,0.081,0.095,0.267,0.471,0.131,0.265,0.363,0.875,0.153,0.162,0.396,0.835,EssenceCatalog/problems/csplib-prob010-SocialGolfers/params/ord01-3-2-2.param
-0.998,-0.979,-0.945,-0.788,0.884,-0.969,-0.967,-0.999,0.951,0.827,0.991,0.695,-0.986,-0.936,0.905,0.986,0.995,-0.651,0.991,0.996,-0.978,0.995,-0.995,-0.989,0.968,0.847,-0.998,-0.838,-0.886,0.96,-0.976,0.994,0.995,-0.991,0.719,0.966,0.977,0.855,-0.965,0.878,0.995,-0.69,-0.813,-0.985,0.991,0.68,-0.997,0.997,0.989,-0.942,-0.99,0.993,-0.925,0.998,-0.984,-0.921,0.121,0.114,-0.807,0.626,-0.98,-0.798,-0.971,0.977,-0.995,-0.994,-0.759,-0.96,-0.994,-0.982,-0.537,-0.622,0.817,0.975,0.997,-0.948,0.548,-0.951,0.83,0.977,-0.915,-0.889,0.902,-0.955,0.842,0.997,0.363,0.593,0.989,-0.874,0.994,0.966,-0.988,-0.996,0.631,-0.99,-0.994,0.993,-0.823,-0.954,6.879,5.038,10.486,10.448,10.464,10.521,10.47,10.467,6.183,5.227,10.495,10.463,6.47,6.253,10.514,10.435,EssenceCatalog/problems/csplib-prob010-SocialGolfers/params/0c7d0b69bf0d0de3cd6df0134e091b24.param
-0.996,-0.981,-0.913,-0.699,0.977,-0.952,-0.971,-0.998,0.96,0.821,0.988,0.421,-0.984,-0.918,0.853,0.977,0.995,-0.581,0.991,0.994,-0.977,0.982,-0.996,-0.987,0.973,0.892,-0.996,-0.796,-0.878,0.968,-0.972,0.992,0.993,-0.991,0.796,0.964,0.983,0.78,-0.928,0.835,0.996,-0.655,-0.899,-0.991,0.987,0.797,-0.997,0.995,0.989,-0.924,-0.983,0.993,-0.914,0.998,-0.98,-0.853,-0.245,0.89,-0.514,0.493,-0.959,-0.78,-0.966,0.973,-0.995,-0.993,-0.191,-0.942,-0.994,-0.971,-0.529,-0.909,0.634,0.978,0.995,-0.964,-0.24,-0.959,0.775,0.969,-0.892,-0.836,0.857,-0.958,0.844,0.995,0.377,0.974,0.988,-0.927,0.994,0.948,-0.982,-0.991,0.313,-0.992,-0.995,0.99,-0.97,-0.956,5.843,4.778,10.406,10.305,10.334,10.336,10.316,10.312,5.628,4.948,10.404,10.317,5.889,5.695,10.392,10.338,EssenceCatalog/problems/csplib-prob010-SocialGolfers/params/7b8c58601cc42a8679e33c32b207b245.param
-0.996,-0.993,-0.946,-0.776,0.989,-0.938,-0.978,-0.999,0.96,0.986,0.99,0.518,-0.984,-0.958,0.924,0.972,0.998,-0.545,0.991,0.997,-0.992,0.982,-0.998,-0.984,0.976,0.91,-0.996,-0.881,-0.836,0.983,-0.973,0.994,0.989,-0.994,0.716,0.93,0.979,0.813,-0.952,0.585,0.998,-0.514,-0.868,-0.994,0.99,-0.12,-0.998,0.997,0.986,-0.883,-0.981,0.994,-0.956,0.999,-0.988,-0.918,-0.95,0.962,-0.758,0.619,-0.94,-0.869,-0.987,0.979,-0.997,-0.995,0.582,-0.966,-0.996,-0.973,-0.505,-0.962,0.819,0.963,0.997,-0.901,-0.849,-0.92,0.914,0.989,-0.871,-0.914,0.927,-0.972,0.895,0.995,-0.844,0.981,0.99,-0.875,0.993,0.905,-0.981,-0.988,-0.643,-0.994,-0.997,0.992,-0.992,-0.98,4.859,4.268,10.321,10.287,10.26,10.321,10.271,10.213,4.958,4.4,10.299,10.273,5.242,4.843,10.263,10.313,EssenceCatalog/problems/csplib-prob010-SocialGolfers/params/2ac589f7d7f7857a8f7b72ed966cb55d.param
-0.997,-0.977,-0.914,-0.693,0.967,-0.955,-0.968,-0.999,0.96,0.647,0.989,0.457,-0.983,-0.909,0.843,0.98,0.995,-0.612,0.992,0.994,-0.971,0.983,-0.996,-0.989,0.971,0.883,-0.996,-0.803,-0.896,0.956,-0.971,0.992,0.994,-0.989,0.842,0.974,0.986,0.775,-0.937,0.888,0.996,-0.685,-0.916,-0.99,0.985,0.883,-0.997,0.995,0.989,-0.938,-0.985,0.993,-0.911,0.998,-0.976,-0.821,0.144,0.849,-0.478,0.495,-0.962,-0.786,-0.962,0.974,-0.994,-0.994,-0.409,-0.94,-0.994,-0.975,-0.576,-0.867,0.569,0.98,0.995,-0.973,0.075,-0.968,0.761,0.954,-0.906,-0.846,0.849,-0.947,0.846,0.995,0.702,0.964,0.988,-0.939,0.994,0.958,-0.982,-0.991,0.561,-0.991,-0.995,0.989,-0.953,-0.946,6.274,4.972,10.43,10.344,10.382,10.38,10.359,10.378,5.91,5.157,10.44,10.365,6.166,6.019,10.442,10.368,EssenceCatalog/problems/csplib-prob010-SocialGolfers/params/39c92659202e9472eb03e847e2ce607f.param
-0.998,-0.986,-0.966,-0.89,0.817,-0.97,-0.98,-0.999,0.951,0.947,0.993,0.827,-0.99,-0.96,0.942,0.983,0.996,-0.677,0.989,0.997,-0.988,0.995,-0.995,-0.987,0.978,0.889,-0.998,-0.889,-0.858,0.972,-0.981,0.996,0.995,-0.991,0.54,0.931,0.971,0.883,-0.98,0.766,0.996,-0.732,-0.666,-0.985,0.993,0.076,-0.998,0.998,0.987,-0.934,-0.991,0.993,-0.947,0.999,-0.989,-0.963,-0.508,-0.393,-0.932,0.757,-0.982,-0.86,-0.984,0.979,-0.997,-0.996,-0.729,-0.98,-0.995,-0.985,-0.62,-0.708,0.93,0.971,0.998,-0.883,0.409,-0.921,0.882,0.988,-0.895,-0.921,0.94,-0.975,0.865,0.998,-0.55,0.059,0.99,-0.798,0.993,0.958,-0.988,-0.997,0.229,-0.992,-0.994,0.995,-0.758,-0.965,6.642,4.742,10.444,10.398,10.387,10.466,10.402,10.351,5.928,4.926,10.438,10.384,6.239,5.891,10.435,10.366,EssenceCatalog/problems/csplib-prob010-SocialGolfers/params/b315d2ded2d8d85ca6f49ce7695b1470.param
-0.998,-0.997,0.897,-0.805,0.994,-0.821,-0.99,-0.999,-0.915,0.881,0.994,0.938,-0.963,-0.973,0.968,-0.962,0.996,-0.782,0.996,0.998,-0.985,-0.945,-0.997,0.973,0.999,0.987,-0.997,-0.926,-0.836,0.991,-0.97,0.999,0.996,0.957,0.85,-0.725,0.981,0.474,-0.988,-0.911,0.998,-0.976,-0.928,-0.995,-0.938,0.947,-0.996,0.998,-0.979,-0.977,-0.987,0.998,-0.953,0.997,0.685,-0.988,0.963,0.959,-0.92,0.828,-0.856,-0.913,-0.988,0.98,-0.998,-0.996,0.857,-0.991,-0.997,-0.966,-0.925,-0.987,0.904,0.94,0.998,-0.985,0.832,-0.986,0.983,0.996,-0.441,-0.94,0.961,-0.265,0.928,0.998,-0.952,0.977,0.995,-0.983,0.994,-0.934,-0.994,-0.981,-0.977,-0.997,-0.989,0.994,-0.99,-0.98,4.248,3.419,5.144,10.161,10.567,10.459,10.571,10.601,4.174,3.636,5.207,10.141,4.708,4.313,6.125,10.119,EssenceCatalog/problems/csplib-prob010-SocialGolfers/params/29dc22ddc011723cb796970c5acab3ef.param
-1.0,-0.996,-0.993,-0.994,-0.972,-0.993,-0.999,-1.0,0.989,-0.98,0.999,0.996,-0.997,-0.997,0.992,0.977,0.999,-0.987,0.999,1.0,-0.994,0.994,-0.999,-0.994,0.999,0.996,-0.999,-0.987,-0.992,0.962,-0.998,0.999,1.0,-0.973,0.989,0.994,0.996,0.992,-0.998,0.99,1.0,-0.992,-0.984,-0.999,0.995,0.995,-0.999,0.997,0.991,-0.996,-1.0,0.998,-0.993,1.0,-0.984,-0.993,0.996,-0.998,-0.994,0.978,-0.997,-0.989,-0.984,0.996,-0.997,-1.0,-0.99,-0.996,-0.999,-0.999,-0.986,0.052,0.994,0.995,0.999,-0.996,0.992,-0.997,0.97,0.981,-0.993,-0.986,0.992,-0.989,0.994,1.0,0.994,-0.979,0.999,-0.983,0.999,0.994,-0.998,-0.999,0.994,-0.998,-0.998,0.997,0.989,-0.803,9.556,5.786,10.449,10.457,10.44,10.542,10.555,10.505,7.56,6.085,10.412,10.395,8.036,7.848,10.426,10.477,EssenceCatalog/problems/csplib-prob010-SocialGolfers/params/ord36-9-8-8.param
-0.997,-0.982,-0.943,-0.749,0.951,-0.961,-0.962,-0.999,0.954,0.918,0.989,0.6,-0.984,-0.937,0.902,0.985,0.996,-0.607,0.991,0.995,-0.982,0.993,-0.995,-0.988,0.962,0.829,-0.997,-0.835,-0.862,0.966,-0.972,0.993,0.993,-0.993,0.699,0.959,0.977,0.834,-0.953,0.826,0.996,-0.631,-0.82,-0.987,0.991,0.521,-0.998,0.997,0.989,-0.922,-0.986,0.993,-0.928,0.998,-0.986,-0.906,-0.425,0.614,-0.752,0.586,-0.974,-0.796,-0.974,0.976,-0.995,-0.994,-0.526,-0.954,-0.995,-0.979,-0.472,-0.767,0.795,0.971,0.997,-0.935,0.09,-0.939,0.843,0.98,-0.898,-0.89,0.899,-0.959,0.849,0.997,-0.019,0.834,0.988,-0.871,0.993,0.955,-0.985,-0.994,0.324,-0.99,-0.995,0.992,-0.936,-0.964,6.075,4.762,10.462,10.373,10.396,10.432,10.391,10.373,5.722,4.928,10.459,10.381,5.996,5.729,10.452,10.389,EssenceCatalog/problems/csplib-prob010-SocialGolfers/params/d6ed718c63a1c368650e19a4ae61ed57.param
-0.998,-0.988,-0.955,-0.743,0.967,-0.958,-0.957,-0.999,0.952,0.974,0.991,0.598,-0.981,-0.953,0.927,0.986,0.997,-0.623,0.991,0.996,-0.989,0.994,-0.996,-0.987,0.947,0.793,-0.997,-0.871,-0.847,0.975,-0.968,0.993,0.993,-0.994,0.674,0.955,0.975,0.852,-0.96,0.754,0.997,-0.546,-0.806,-0.988,0.991,0.045,-0.998,0.998,0.988,-0.907,-0.986,0.994,-0.946,0.999,-0.989,-0.919,-0.824,0.767,-0.811,0.612,-0.971,-0.832,-0.983,0.979,-0.996,-0.995,-0.263,-0.96,-0.996,-0.98,-0.445,-0.804,0.827,0.963,0.997,-0.905,-0.3,-0.924,0.902,0.987,-0.901,-0.929,0.927,-0.96,0.879,0.997,-0.602,0.839,0.989,-0.846,0.994,0.943,-0.984,-0.992,-0.082,-0.99,-0.996,0.993,-0.966,-0.977,5.508,4.487,10.418,10.32,10.32,10.383,10.336,10.293,5.359,4.65,10.41,10.313,5.637,5.278,10.384,10.338,EssenceCatalog/problems/csplib-prob010-SocialGolfers/params/498e0a750efd93df91c9d783002162f4.param
-0.997,-0.974,-0.881,-0.727,0.958,-0.965,-0.979,-0.998,0.962,0.124,0.989,0.506,-0.988,-0.902,0.826,0.969,0.994,-0.603,0.992,0.994,-0.962,0.976,-0.996,-0.987,0.985,0.931,-0.996,-0.778,-0.911,0.954,-0.976,0.994,0.996,-0.986,0.882,0.975,0.989,0.799,-0.934,0.908,0.995,-0.817,-0.937,-0.991,0.981,0.951,-0.996,0.995,0.988,-0.953,-0.987,0.994,-0.904,0.998,-0.972,-0.857,0.706,0.788,-0.448,0.489,-0.969,-0.792,-0.947,0.972,-0.995,-0.994,-0.5,-0.945,-0.993,-0.974,-0.684,-0.892,0.585,0.985,0.996,-0.982,0.322,-0.977,0.697,0.955,-0.905,-0.782,0.835,-0.957,0.836,0.996,0.864,0.971,0.989,-0.957,0.995,0.959,-0.988,-0.993,0.704,-0.993,-0.994,0.991,-0.926,-0.923,6.706,5.167,10.4,10.4,10.426,10.413,10.396,10.379,6.173,5.363,10.42,10.408,6.425,6.367,10.446,10.395,EssenceCatalog/problems/csplib-prob010-SocialGolfers/params/12cf12012262affb2b36e8a68bf0e9a2.param
-0.997,-0.995,-0.96,-0.825,0.985,-0.938,-0.975,-0.999,0.953,0.994,0.993,0.679,-0.983,-0.972,0.955,0.972,0.998,-0.563,0.991,0.998,-0.995,0.988,-0.998,-0.981,0.971,0.899,-0.997,-0.927,-0.816,0.984,-0.972,0.995,0.989,-0.994,0.658,0.901,0.975,0.856,-0.97,0.411,0.998,-0.513,-0.807,-0.994,0.992,-0.683,-0.998,0.998,0.983,-0.868,-0.985,0.995,-0.97,0.999,-0.991,-0.953,-0.98,0.934,-0.894,0.728,-0.949,-0.897,-0.992,0.981,-0.997,-0.996,0.62,-0.978,-0.997,-0.978,-0.546,-0.949,0.909,0.95,0.998,-0.815,-0.869,-0.878,0.955,0.994,-0.876,-0.951,0.957,-0.977,0.91,0.996,-0.966,0.938,0.991,-0.819,0.994,0.879,-0.984,-0.989,-0.821,-0.993,-0.997,0.994,-0.99,-0.986,4.797,4.17,10.297,10.304,10.27,10.338,10.283,10.214,4.889,4.302,10.269,10.278,5.185,4.733,10.24,10.317,EssenceCatalog/problems/csplib-prob010-SocialGolfers/params/354946450accf1487f7ce25f8723bb2e.param
-0.997,-0.985,-0.931,-0.663,0.98,-0.946,-0.96,-0.999,0.953,0.925,0.989,0.446,-0.979,-0.931,0.883,0.983,0.996,-0.604,0.992,0.995,-0.983,0.987,-0.996,-0.987,0.956,0.836,-0.996,-0.834,-0.866,0.969,-0.967,0.991,0.992,-0.992,0.784,0.966,0.982,0.786,-0.937,0.813,0.997,-0.54,-0.883,-0.991,0.988,0.626,-0.998,0.996,0.988,-0.915,-0.983,0.993,-0.93,0.998,-0.982,-0.846,-0.635,0.911,-0.571,0.52,-0.957,-0.792,-0.976,0.976,-0.995,-0.994,-0.119,-0.941,-0.995,-0.975,-0.447,-0.877,0.668,0.972,0.995,-0.954,-0.374,-0.95,0.855,0.974,-0.9,-0.897,0.886,-0.949,0.868,0.995,0.034,0.962,0.988,-0.91,0.994,0.944,-0.98,-0.989,0.15,-0.991,-0.996,0.989,-0.978,-0.971,5.573,4.631,10.408,10.283,10.307,10.326,10.305,10.298,5.45,4.798,10.396,10.288,5.715,5.444,10.371,10.327,EssenceCatalog/problems/csplib-prob010-SocialGolfers/params/04a12cb61b64be662107a871150615b2.param
-0.998,-0.991,-0.957,-0.767,0.967,-0.957,-0.956,-0.999,0.945,0.984,0.992,0.64,-0.98,-0.961,0.94,0.985,0.998,-0.635,0.992,0.997,-0.991,0.995,-0.997,-0.985,0.933,0.756,-0.997,-0.886,-0.839,0.977,-0.968,0.995,0.993,-0.993,0.644,0.95,0.973,0.857,-0.968,0.72,0.997,-0.535,-0.787,-0.988,0.991,-0.203,-0.998,0.998,0.987,-0.9,-0.987,0.995,-0.956,0.999,-0.99,-0.944,-0.888,0.779,-0.856,0.646,-0.973,-0.838,-0.986,0.981,-0.996,-0.996,-0.211,-0.965,-0.996,-0.982,-0.435,-0.784,0.866,0.955,0.998,-0.885,-0.346,-0.915,0.934,0.991,-0.906,-0.947,0.941,-0.961,0.894,0.997,-0.776,0.775,0.991,-0.816,0.994,0.938,-0.986,-0.993,-0.198,-0.991,-0.997,0.994,-0.971,-0.982,5.412,4.411,10.394,10.303,10.298,10.375,10.319,10.268,5.284,4.575,10.388,10.292,5.568,5.169,10.359,10.315,EssenceCatalog/problems/csplib-prob010-SocialGolfers/params/939856cb1756468c6f4867592d1a5221.param
-0.997,-0.968,-0.931,-0.854,0.913,-0.976,-0.986,-0.998,0.977,0.328,0.987,0.653,-0.993,-0.918,0.856,0.973,0.992,-0.504,0.986,0.994,-0.965,0.987,-0.994,-0.991,0.993,0.953,-0.996,-0.781,-0.901,0.962,-0.984,0.994,0.995,-0.992,0.754,0.958,0.984,0.869,-0.947,0.872,0.993,-0.865,-0.879,-0.989,0.992,0.88,-0.995,0.996,0.993,-0.948,-0.987,0.993,-0.886,0.997,-0.987,-0.926,0.656,0.085,-0.753,0.621,-0.977,-0.813,-0.944,0.971,-0.996,-0.991,-0.688,-0.969,-0.99,-0.975,-0.72,-0.905,0.792,0.986,0.997,-0.955,0.317,-0.961,0.496,0.968,-0.878,-0.595,0.841,-0.983,0.776,0.996,0.711,0.911,0.988,-0.919,0.993,0.969,-0.99,-0.995,0.568,-0.993,-0.991,0.994,-0.763,-0.872,6.977,5.167,10.427,10.434,10.43,10.435,10.408,10.36,6.258,5.349,10.446,10.433,6.515,6.487,10.474,10.404,EssenceCatalog/problems/csplib-prob010-SocialGolfers/params/d528f932d81e30a27c49f8a9e9ac2c8b.param
-0.998,-0.969,-0.912,-0.816,0.877,-0.975,-0.985,-0.998,0.974,-0.396,0.99,0.646,-0.992,-0.915,0.836,0.976,0.994,-0.647,0.992,0.995,-0.954,0.986,-0.996,-0.992,0.991,0.953,-0.997,-0.797,-0.931,0.944,-0.983,0.995,0.997,-0.988,0.893,0.98,0.99,0.864,-0.954,0.944,0.995,-0.881,-0.937,-0.991,0.987,0.97,-0.996,0.995,0.992,-0.966,-0.991,0.994,-0.906,0.998,-0.977,-0.899,0.899,0.241,-0.634,0.567,-0.98,-0.817,-0.934,0.975,-0.995,-0.995,-0.769,-0.959,-0.992,-0.98,-0.782,-0.855,0.7,0.989,0.997,-0.984,0.636,-0.981,0.62,0.953,-0.917,-0.736,0.848,-0.966,0.841,0.997,0.942,0.909,0.991,-0.955,0.996,0.977,-0.992,-0.995,0.864,-0.993,-0.993,0.993,-0.731,-0.876,7.408,5.388,10.461,10.493,10.509,10.491,10.481,10.438,6.556,5.608,10.474,10.48,6.816,6.825,10.521,10.469,EssenceCatalog/problems/csplib-prob010-SocialGolfers/params/a0c6cc7d4bfec3044dafec45b477040d.param
-0.998,-0.966,-0.941,-0.899,0.805,-0.983,-0.991,-0.998,0.985,-0.364,0.99,0.767,-0.996,-0.927,0.871,0.974,0.992,-0.557,0.987,0.995,-0.96,0.989,-0.994,-0.994,0.996,0.974,-0.997,-0.816,-0.932,0.953,-0.989,0.995,0.997,-0.992,0.829,0.971,0.989,0.91,-0.964,0.925,0.993,-0.927,-0.91,-0.991,0.994,0.947,-0.995,0.996,0.995,-0.967,-0.991,0.994,-0.894,0.997,-0.987,-0.946,0.916,-0.517,-0.816,0.711,-0.984,-0.855,-0.928,0.975,-0.997,-0.993,-0.83,-0.978,-0.99,-0.98,-0.831,-0.908,0.844,0.99,0.998,-0.968,0.636,-0.974,0.389,0.965,-0.897,-0.519,0.858,-0.987,0.804,0.997,0.899,0.835,0.991,-0.942,0.995,0.98,-0.993,-0.997,0.78,-0.994,-0.99,0.995,-0.38,-0.79,7.759,5.426,10.437,10.478,10.465,10.456,10.447,10.378,6.679,5.636,10.454,10.458,6.951,7.014,10.495,10.424,EssenceCatalog/problems/csplib-prob010-SocialGolfers/params/a25e4ed04e5d446af3a538173bbb0fe2.param
-0.997,-0.973,-0.884,-0.694,0.952,-0.963,-0.972,-0.999,0.951,-0.004,0.99,0.526,-0.983,-0.903,0.821,0.972,0.994,-0.658,0.993,0.994,-0.959,0.978,-0.996,-0.987,0.976,0.908,-0.996,-0.802,-0.919,0.942,-0.971,0.994,0.996,-0.981,0.903,0.98,0.99,0.802,-0.949,0.924,0.996,-0.798,-0.945,-0.991,0.974,0.962,-0.997,0.994,0.985,-0.96,-0.989,0.994,-0.913,0.998,-0.959,-0.816,0.745,0.791,-0.439,0.473,-0.969,-0.799,-0.95,0.976,-0.993,-0.995,-0.598,-0.941,-0.994,-0.978,-0.684,-0.831,0.471,0.984,0.995,-0.986,0.48,-0.981,0.724,0.936,-0.92,-0.84,0.843,-0.929,0.853,0.996,0.918,0.96,0.99,-0.959,0.996,0.959,-0.987,-0.992,0.782,-0.991,-0.995,0.989,-0.913,-0.921,6.841,5.218,10.39,10.39,10.419,10.404,10.4,10.398,6.262,5.425,10.407,10.398,6.512,6.452,10.437,10.386,EssenceCatalog/problems/csplib-prob010-SocialGolfers/params/b9c29f3e5ab9ede30bbabd28de5d2b68.param
-1.0,-0.99,-0.982,-0.941,-0.011,-0.983,-0.986,-0.999,0.961,0.859,0.996,0.933,-0.993,-0.981,0.965,0.993,0.998,-0.874,0.995,0.998,-0.991,0.998,-0.997,-0.991,0.981,0.898,-0.999,-0.947,-0.936,0.972,-0.99,0.998,0.998,-0.993,0.794,0.971,0.98,0.939,-0.993,0.916,0.998,-0.831,-0.774,-0.988,0.996,0.533,-0.999,0.999,0.992,-0.971,-0.997,0.995,-0.971,0.999,-0.99,-0.98,0.239,-0.916,-0.969,0.866,-0.992,-0.926,-0.988,0.99,-0.997,-0.998,-0.94,-0.983,-0.997,-0.993,-0.765,-0.048,0.963,0.979,0.999,-0.95,0.869,-0.967,0.944,0.989,-0.957,-0.967,0.971,-0.975,0.938,0.999,-0.045,-0.87,0.995,-0.818,0.996,0.982,-0.991,-0.998,0.79,-0.992,-0.997,0.996,0.243,-0.972,8.186,5.214,10.446,10.422,10.403,10.552,10.511,10.47,6.756,5.444,10.45,10.412,7.175,6.822,10.446,10.395,EssenceCatalog/problems/csplib-prob010-SocialGolfers/params/787fada4a116e77ac6d4419e3b48c755.param
-0.997,-0.981,-0.94,-0.766,0.958,-0.961,-0.968,-0.999,0.959,0.904,0.989,0.582,-0.986,-0.932,0.896,0.98,0.995,-0.567,0.989,0.995,-0.981,0.991,-0.995,-0.989,0.973,0.876,-0.997,-0.827,-0.858,0.969,-0.975,0.993,0.993,-0.993,0.682,0.952,0.978,0.832,-0.947,0.791,0.995,-0.678,-0.822,-0.988,0.991,0.546,-0.997,0.997,0.99,-0.919,-0.984,0.993,-0.917,0.998,-0.987,-0.908,-0.437,0.664,-0.748,0.597,-0.97,-0.799,-0.972,0.974,-0.996,-0.993,-0.421,-0.959,-0.994,-0.976,-0.525,-0.854,0.789,0.974,0.997,-0.932,-0.059,-0.937,0.797,0.979,-0.883,-0.851,0.887,-0.967,0.833,0.996,-0.052,0.899,0.988,-0.882,0.993,0.952,-0.985,-0.994,0.193,-0.991,-0.994,0.993,-0.942,-0.957,5.932,4.723,10.452,10.375,10.385,10.417,10.379,10.347,5.639,4.881,10.448,10.376,5.909,5.659,10.437,10.391,EssenceCatalog/problems/csplib-prob010-SocialGolfers/params/bcf6401f5e4e88dcf48c33c3ddee1a5d.param
-0.998,-0.982,-0.942,-0.751,0.937,-0.964,-0.962,-0.999,0.951,0.901,0.99,0.619,-0.984,-0.936,0.901,0.985,0.995,-0.621,0.991,0.996,-0.981,0.994,-0.995,-0.988,0.96,0.821,-0.997,-0.834,-0.869,0.965,-0.972,0.994,0.994,-0.992,0.703,0.962,0.977,0.837,-0.957,0.848,0.996,-0.642,-0.817,-0.986,0.99,0.563,-0.998,0.997,0.989,-0.928,-0.987,0.993,-0.926,0.998,-0.985,-0.912,-0.278,0.513,-0.768,0.594,-0.977,-0.788,-0.973,0.976,-0.995,-0.994,-0.611,-0.954,-0.995,-0.98,-0.471,-0.715,0.795,0.972,0.997,-0.939,0.253,-0.944,0.847,0.98,-0.905,-0.893,0.9,-0.956,0.848,0.997,0.087,0.778,0.988,-0.872,0.994,0.957,-0.986,-0.994,0.439,-0.99,-0.995,0.993,-0.917,-0.963,6.293,4.84,10.468,10.388,10.415,10.457,10.411,10.403,5.852,5.012,10.471,10.402,6.127,5.871,10.47,10.399,EssenceCatalog/problems/csplib-prob010-SocialGolfers/params/086cb8d8d5b32e5ee56e1ca748c6ee2f.param
-0.999,-0.987,-0.974,-0.902,0.434,-0.98,-0.979,-0.999,0.944,0.908,0.995,0.898,-0.989,-0.972,0.959,0.99,0.997,-0.822,0.994,0.998,-0.989,0.997,-0.996,-0.986,0.966,0.837,-0.998,-0.929,-0.905,0.966,-0.983,0.997,0.997,-0.99,0.7,0.961,0.974,0.923,-0.989,0.868,0.997,-0.765,-0.725,-0.984,0.992,0.345,-0.999,0.999,0.985,-0.96,-0.995,0.993,-0.963,0.999,-0.987,-0.972,0.013,-0.802,-0.955,0.817,-0.988,-0.903,-0.985,0.987,-0.997,-0.998,-0.896,-0.979,-0.997,-0.991,-0.671,-0.196,0.941,0.973,0.998,-0.934,0.798,-0.953,0.932,0.988,-0.945,-0.96,0.962,-0.958,0.913,0.998,-0.286,-0.743,0.993,-0.821,0.995,0.971,-0.99,-0.998,0.633,-0.99,-0.995,0.995,-0.301,-0.973,7.659,5.031,10.411,10.393,10.387,10.517,10.463,10.42,6.467,5.25,10.415,10.377,6.844,6.47,10.418,10.352,EssenceCatalog/problems/csplib-prob010-SocialGolfers/params/1c3f9e1193b3a56b5b489560c973778d.param
-0.996,-0.979,-0.916,-0.727,0.97,-0.958,-0.975,-0.998,0.965,0.732,0.988,0.421,-0.987,-0.918,0.841,0.978,0.995,-0.587,0.99,0.994,-0.972,0.984,-0.996,-0.988,0.977,0.904,-0.996,-0.778,-0.884,0.966,-0.974,0.992,0.994,-0.991,0.795,0.966,0.983,0.788,-0.93,0.865,0.995,-0.7,-0.902,-0.99,0.987,0.843,-0.997,0.995,0.99,-0.93,-0.983,0.992,-0.908,0.998,-0.981,-0.872,0.0,0.826,-0.55,0.468,-0.965,-0.772,-0.96,0.973,-0.995,-0.993,-0.337,-0.943,-0.993,-0.972,-0.581,-0.903,0.654,0.981,0.996,-0.965,-0.129,-0.961,0.741,0.968,-0.892,-0.803,0.845,-0.963,0.831,0.995,0.526,0.965,0.988,-0.924,0.993,0.957,-0.984,-0.992,0.467,-0.992,-0.994,0.991,-0.953,-0.947,6.098,4.887,10.427,10.335,10.367,10.364,10.342,10.338,5.784,5.062,10.432,10.35,6.043,5.889,10.43,10.359,EssenceCatalog/problems/csplib-prob010-SocialGolfers/params/60970f73d1097c8f46f28c60ff63a88f.param
-0.998,-0.969,-0.956,-0.922,0.697,-0.985,-0.992,-0.998,0.985,-0.211,0.991,0.819,-0.996,-0.939,0.891,0.979,0.993,-0.598,0.987,0.996,-0.966,0.992,-0.994,-0.994,0.997,0.974,-0.997,-0.838,-0.931,0.955,-0.991,0.996,0.997,-0.993,0.788,0.968,0.987,0.92,-0.973,0.922,0.994,-0.926,-0.884,-0.991,0.995,0.924,-0.996,0.997,0.995,-0.967,-0.993,0.994,-0.906,0.998,-0.989,-0.957,0.895,-0.737,-0.874,0.755,-0.986,-0.87,-0.941,0.978,-0.997,-0.993,-0.878,-0.982,-0.991,-0.983,-0.838,-0.875,0.884,0.99,0.998,-0.962,0.698,-0.972,0.443,0.968,-0.903,-0.581,0.877,-0.988,0.811,0.998,0.858,0.648,0.991,-0.926,0.995,0.983,-0.993,-0.997,0.782,-0.994,-0.99,0.995,-0.136,-0.803,7.961,5.446,10.458,10.499,10.472,10.49,10.469,10.407,6.764,5.659,10.471,10.475,7.06,7.09,10.509,10.437,EssenceCatalog/problems/csplib-prob010-SocialGolfers/params/debc3013633aa73b4947464b0f7eccf4.param
-0.996,-0.984,-0.928,-0.718,0.981,-0.949,-0.972,-0.999,0.965,0.894,0.988,0.39,-0.984,-0.929,0.863,0.98,0.996,-0.589,0.99,0.994,-0.981,0.984,-0.996,-0.988,0.972,0.891,-0.995,-0.807,-0.874,0.972,-0.971,0.991,0.992,-0.993,0.778,0.962,0.982,0.779,-0.93,0.817,0.996,-0.592,-0.897,-0.991,0.988,0.716,-0.997,0.995,0.99,-0.916,-0.982,0.992,-0.921,0.998,-0.983,-0.859,-0.557,0.909,-0.561,0.475,-0.954,-0.8,-0.971,0.974,-0.995,-0.993,-0.053,-0.944,-0.994,-0.971,-0.52,-0.927,0.654,0.976,0.995,-0.956,-0.467,-0.951,0.794,0.971,-0.889,-0.845,0.863,-0.962,0.85,0.994,0.143,0.975,0.988,-0.915,0.993,0.948,-0.98,-0.989,0.151,-0.992,-0.995,0.989,-0.975,-0.96,5.575,4.656,10.407,10.289,10.309,10.311,10.299,10.283,5.454,4.819,10.395,10.291,5.716,5.478,10.371,10.33,EssenceCatalog/problems/csplib-prob010-SocialGolfers/params/d05a2b6b5c108aaae261adc674772d97.param
-0.997,-0.973,-0.891,-0.745,0.954,-0.966,-0.98,-0.998,0.967,0.122,0.988,0.492,-0.989,-0.906,0.823,0.972,0.994,-0.598,0.991,0.994,-0.96,0.98,-0.996,-0.988,0.986,0.936,-0.996,-0.771,-0.913,0.957,-0.977,0.994,0.996,-0.988,0.872,0.975,0.988,0.809,-0.934,0.914,0.995,-0.819,-0.934,-0.991,0.984,0.95,-0.996,0.995,0.99,-0.952,-0.986,0.993,-0.898,0.997,-0.975,-0.871,0.703,0.738,-0.49,0.476,-0.97,-0.787,-0.943,0.972,-0.995,-0.994,-0.526,-0.946,-0.992,-0.974,-0.689,-0.899,0.618,0.986,0.996,-0.98,0.297,-0.976,0.668,0.958,-0.902,-0.755,0.831,-0.963,0.83,0.996,0.861,0.966,0.989,-0.953,0.995,0.965,-0.989,-0.993,0.716,-0.993,-0.994,0.992,-0.913,-0.918,6.732,5.171,10.406,10.398,10.426,10.41,10.393,10.372,6.182,5.367,10.427,10.406,6.433,6.385,10.452,10.394,EssenceCatalog/problems/csplib-prob010-SocialGolfers/params/8c89347120d8bb6f95aff44f2daa05ab.param
-0.998,-0.968,-0.942,-0.921,0.588,-0.987,-0.994,-0.999,0.988,-0.839,0.993,0.85,-0.997,-0.941,0.881,0.973,0.993,-0.683,0.991,0.996,-0.956,0.988,-0.995,-0.994,0.998,0.986,-0.998,-0.858,-0.959,0.945,-0.992,0.997,0.998,-0.99,0.922,0.981,0.993,0.935,-0.973,0.961,0.995,-0.96,-0.951,-0.994,0.993,0.984,-0.996,0.996,0.995,-0.982,-0.994,0.996,-0.915,0.998,-0.986,-0.954,0.983,-0.697,-0.829,0.763,-0.989,-0.89,-0.914,0.98,-0.997,-0.996,-0.906,-0.981,-0.991,-0.985,-0.897,-0.891,0.873,0.994,0.998,-0.984,0.841,-0.987,0.403,0.964,-0.925,-0.588,0.876,-0.988,0.867,0.998,0.977,0.764,0.993,-0.965,0.997,0.986,-0.996,-0.998,0.912,-0.996,-0.992,0.996,0.05,-0.706,8.267,5.598,10.472,10.525,10.505,10.499,10.5,10.426,6.958,5.831,10.479,10.491,7.258,7.342,10.523,10.47,EssenceCatalog/problems/csplib-prob010-SocialGolfers/params/fb04b13125473ce9ed992833f178921e.param
-1.0,-0.994,-0.994,-0.993,-0.972,-0.995,-0.999,-1.0,0.995,-0.988,0.999,0.991,-0.998,-0.995,0.985,0.986,0.998,-0.977,0.999,1.0,-0.991,0.997,-0.999,-0.998,0.999,0.996,-0.999,-0.981,-0.991,0.949,-0.998,0.999,1.0,-0.99,0.983,0.995,0.997,0.992,-0.998,0.992,0.999,-0.992,-0.984,-0.999,0.997,0.995,-0.999,0.997,0.997,-0.996,-1.0,0.998,-0.989,1.0,-0.993,-0.993,0.998,-0.998,-0.991,0.973,-0.998,-0.986,-0.971,0.996,-0.998,-1.0,-0.992,-0.996,-0.998,-0.998,-0.984,-0.148,0.993,0.996,1.0,-0.995,0.991,-0.996,0.916,0.98,-0.992,-0.965,0.987,-0.993,0.99,1.0,0.996,-0.967,0.999,-0.978,0.999,0.997,-0.999,-0.999,0.995,-0.998,-0.998,0.998,0.99,-0.657,9.534,5.787,10.45,10.454,10.429,10.526,10.537,10.484,7.544,6.081,10.405,10.392,8.01,7.85,10.427,10.469,EssenceCatalog/problems/csplib-prob010-SocialGolfers/params/7fbc086c3d1947f4a31277c0620373b5.param
-0.998,-0.98,-0.94,-0.744,0.914,-0.967,-0.961,-0.999,0.948,0.848,0.99,0.641,-0.984,-0.932,0.898,0.985,0.995,-0.64,0.991,0.995,-0.978,0.994,-0.995,-0.988,0.957,0.809,-0.998,-0.831,-0.877,0.961,-0.972,0.994,0.995,-0.991,0.729,0.967,0.977,0.845,-0.959,0.879,0.995,-0.672,-0.822,-0.984,0.989,0.666,-0.997,0.998,0.989,-0.937,-0.988,0.993,-0.923,0.998,-0.984,-0.915,0.028,0.359,-0.772,0.599,-0.98,-0.774,-0.97,0.976,-0.995,-0.994,-0.713,-0.952,-0.994,-0.98,-0.478,-0.618,0.8,0.973,0.997,-0.948,0.46,-0.951,0.847,0.98,-0.914,-0.897,0.897,-0.95,0.848,0.997,0.31,0.692,0.988,-0.876,0.994,0.962,-0.988,-0.995,0.603,-0.99,-0.994,0.993,-0.88,-0.96,6.648,4.974,10.465,10.409,10.436,10.486,10.44,10.438,6.062,5.156,10.475,10.426,6.344,6.112,10.486,10.407,EssenceCatalog/problems/csplib-prob010-SocialGolfers/params/4ce37ef134973e40e0e48f464a97f670.param
-0.996,-0.983,-0.923,-0.674,0.981,-0.945,-0.965,-0.999,0.957,0.897,0.988,0.409,-0.98,-0.925,0.866,0.98,0.996,-0.597,0.991,0.995,-0.981,0.984,-0.996,-0.987,0.965,0.871,-0.995,-0.819,-0.875,0.969,-0.969,0.991,0.992,-0.992,0.794,0.964,0.983,0.77,-0.93,0.819,0.997,-0.568,-0.895,-0.991,0.987,0.709,-0.997,0.995,0.988,-0.916,-0.982,0.993,-0.923,0.998,-0.981,-0.836,-0.545,0.926,-0.52,0.5,-0.953,-0.79,-0.972,0.974,-0.995,-0.994,-0.056,-0.94,-0.995,-0.971,-0.487,-0.907,0.633,0.974,0.995,-0.959,-0.376,-0.954,0.827,0.971,-0.894,-0.877,0.87,-0.953,0.862,0.995,0.166,0.974,0.988,-0.923,0.994,0.944,-0.98,-0.989,0.175,-0.991,-0.996,0.989,-0.979,-0.966,5.591,4.661,10.397,10.277,10.302,10.309,10.294,10.289,5.468,4.827,10.385,10.284,5.731,5.485,10.363,10.32,EssenceCatalog/problems/csplib-prob010-SocialGolfers/params/b65473e722b5496c4a0e9c79e9ee91a2.param
-0.996,-0.994,-0.952,-0.785,0.99,-0.928,-0.975,-0.999,0.958,0.993,0.991,0.589,-0.98,-0.964,0.943,0.971,0.998,-0.532,0.991,0.997,-0.995,0.983,-0.998,-0.982,0.973,0.913,-0.995,-0.914,-0.822,0.983,-0.971,0.994,0.987,-0.994,0.713,0.919,0.978,0.831,-0.958,0.465,0.998,-0.453,-0.854,-0.994,0.991,-0.522,-0.998,0.997,0.984,-0.863,-0.98,0.994,-0.965,0.999,-0.989,-0.93,-0.98,0.971,-0.822,0.693,-0.928,-0.89,-0.99,0.979,-0.997,-0.995,0.741,-0.971,-0.997,-0.973,-0.51,-0.967,0.86,0.952,0.997,-0.86,-0.91,-0.895,0.944,0.992,-0.869,-0.939,0.945,-0.973,0.912,0.995,-0.944,0.979,0.99,-0.857,0.993,0.879,-0.98,-0.984,-0.807,-0.993,-0.997,0.992,-0.994,-0.984,4.719,4.171,10.273,10.271,10.243,10.303,10.254,10.192,4.85,4.3,10.242,10.252,5.143,4.703,10.21,10.294,EssenceCatalog/problems/csplib-prob010-SocialGolfers/params/4b708dbdbdb8bf120131032413363eb2.param
-1.0,-0.99,-0.985,-0.947,-0.126,-0.983,-0.988,-0.999,0.963,0.847,0.996,0.945,-0.993,-0.982,0.967,0.994,0.998,-0.889,0.995,0.998,-0.991,0.998,-0.997,-0.991,0.98,0.89,-0.999,-0.954,-0.94,0.97,-0.99,0.998,0.998,-0.992,0.81,0.973,0.981,0.944,-0.993,0.927,0.998,-0.83,-0.79,-0.989,0.996,0.552,-0.999,0.999,0.992,-0.972,-0.998,0.995,-0.975,0.999,-0.991,-0.978,0.3,-0.939,-0.971,0.877,-0.992,-0.937,-0.988,0.991,-0.997,-0.998,-0.953,-0.984,-0.998,-0.994,-0.785,0.012,0.966,0.979,0.999,-0.954,0.88,-0.969,0.943,0.987,-0.96,-0.969,0.972,-0.975,0.944,0.999,0.025,-0.905,0.995,-0.822,0.996,0.983,-0.99,-0.998,0.81,-0.992,-0.997,0.995,0.36,-0.971,8.299,5.25,10.44,10.413,10.394,10.545,10.508,10.472,6.815,5.483,10.446,10.404,7.244,6.894,10.439,10.391,EssenceCatalog/problems/csplib-prob010-SocialGolfers/params/b34e761447f20eda49e547b465963a91.param
-1.0,-0.995,-0.99,-0.985,-0.976,-0.993,-0.996,-1.0,0.964,-0.948,0.999,0.995,-0.991,-0.996,0.994,0.981,0.998,-0.987,0.999,1.0,-0.995,0.996,-0.999,-0.986,0.996,0.979,-1.0,-0.989,-0.989,0.95,-0.995,0.999,1.0,-0.968,0.99,0.995,0.993,0.991,-0.998,0.988,0.999,-0.988,-0.976,-0.997,0.988,0.992,-1.0,0.998,0.975,-0.996,-1.0,0.997,-0.991,1.0,-0.962,-0.992,0.994,-0.998,-0.994,0.976,-0.996,-0.986,-0.985,0.996,-0.996,-1.0,-0.991,-0.994,-0.999,-0.999,-0.967,0.811,0.989,0.99,0.999,-0.996,0.995,-0.996,0.989,0.984,-0.995,-0.995,0.994,-0.956,0.99,0.999,0.986,-0.995,0.998,-0.975,0.999,0.989,-0.997,-0.999,0.995,-0.996,-0.998,0.996,0.985,-0.935,9.57,5.743,10.338,10.337,10.349,10.452,10.497,10.45,7.551,6.054,10.322,10.276,8.048,7.802,10.31,10.37,EssenceCatalog/problems/csplib-prob010-SocialGolfers/params/d3df48af4cd7bc447bc2dfc4caf7078f.param
-0.998,-0.968,-0.948,-0.906,0.795,-0.983,-0.991,-0.998,0.985,-0.196,0.99,0.76,-0.996,-0.931,0.875,0.975,0.992,-0.546,0.987,0.995,-0.962,0.991,-0.994,-0.994,0.996,0.972,-0.997,-0.818,-0.924,0.957,-0.99,0.995,0.996,-0.993,0.783,0.967,0.987,0.909,-0.965,0.918,0.993,-0.923,-0.889,-0.99,0.994,0.924,-0.995,0.997,0.995,-0.962,-0.99,0.994,-0.893,0.997,-0.988,-0.955,0.879,-0.539,-0.839,0.724,-0.984,-0.855,-0.936,0.976,-0.997,-0.992,-0.821,-0.979,-0.99,-0.979,-0.827,-0.906,0.863,0.99,0.998,-0.961,0.585,-0.971,0.433,0.971,-0.896,-0.527,0.859,-0.988,0.792,0.997,0.844,0.795,0.991,-0.927,0.994,0.981,-0.994,-0.997,0.746,-0.994,-0.99,0.996,-0.38,-0.812,7.703,5.39,10.448,10.483,10.467,10.466,10.45,10.385,6.639,5.596,10.465,10.463,6.917,6.957,10.504,10.429,EssenceCatalog/problems/csplib-prob010-SocialGolfers/params/8ceb8bcd7cd225f18de674b947d15c5e.param
-0.996,-0.987,-0.939,-0.719,0.983,-0.947,-0.969,-0.999,0.962,0.954,0.989,0.432,-0.982,-0.941,0.893,0.981,0.997,-0.592,0.991,0.995,-0.986,0.987,-0.997,-0.988,0.965,0.869,-0.996,-0.833,-0.855,0.976,-0.97,0.992,0.991,-0.993,0.736,0.956,0.98,0.804,-0.94,0.765,0.997,-0.536,-0.873,-0.992,0.989,0.46,-0.998,0.996,0.989,-0.903,-0.982,0.993,-0.935,0.998,-0.985,-0.882,-0.792,0.916,-0.651,0.524,-0.954,-0.82,-0.978,0.977,-0.996,-0.994,0.081,-0.951,-0.995,-0.973,-0.469,-0.92,0.727,0.97,0.996,-0.938,-0.594,-0.939,0.85,0.979,-0.891,-0.882,0.891,-0.962,0.865,0.995,-0.316,0.968,0.989,-0.892,0.993,0.941,-0.98,-0.989,-0.091,-0.992,-0.996,0.99,-0.981,-0.971,5.315,4.504,10.39,10.287,10.286,10.322,10.291,10.253,5.273,4.658,10.373,10.281,5.538,5.234,10.342,10.322,EssenceCatalog/problems/csplib-prob010-SocialGolfers/params/214937a4aad1badb096dabba8c951006.param
-0.998,-0.976,-0.93,-0.756,0.834,-0.973,-0.966,-0.999,0.944,0.438,0.991,0.724,-0.986,-0.928,0.89,0.983,0.994,-0.696,0.993,0.996,-0.973,0.994,-0.995,-0.987,0.969,0.849,-0.998,-0.831,-0.914,0.947,-0.976,0.995,0.997,-0.985,0.825,0.978,0.983,0.871,-0.969,0.927,0.995,-0.77,-0.875,-0.986,0.985,0.888,-0.998,0.997,0.987,-0.959,-0.992,0.994,-0.927,0.998,-0.976,-0.916,0.721,-0.034,-0.767,0.613,-0.984,-0.789,-0.963,0.979,-0.994,-0.995,-0.846,-0.958,-0.994,-0.984,-0.589,-0.458,0.777,0.979,0.997,-0.973,0.77,-0.97,0.819,0.967,-0.935,-0.889,0.897,-0.936,0.857,0.997,0.793,0.558,0.989,-0.912,0.995,0.97,-0.991,-0.996,0.843,-0.991,-0.994,0.993,-0.709,-0.944,7.45,5.286,10.463,10.475,10.49,10.546,10.507,10.506,6.534,5.499,10.483,10.483,6.83,6.685,10.521,10.446,EssenceCatalog/problems/csplib-prob010-SocialGolfers/params/59081c48e4a6b94fcf5582e6d93bb0f3.param
-0.998,-0.997,0.978,-0.323,0.994,-0.805,-0.919,-0.998,-0.989,0.91,0.993,0.931,-0.655,-0.969,0.975,-0.989,0.995,-0.842,0.997,0.998,-0.987,-0.977,-0.997,0.995,0.996,0.959,-0.998,-0.95,-0.71,0.987,-0.91,0.999,0.994,0.993,0.883,-0.791,0.978,0.549,-0.992,-0.974,0.997,-0.973,-0.928,-0.991,-0.993,0.959,-0.997,0.998,-0.998,-0.975,-0.988,0.998,-0.937,0.996,0.944,-0.991,0.985,0.979,-0.933,0.861,-0.867,-0.913,-0.988,0.978,-0.997,-0.995,0.937,-0.982,-0.996,-0.968,-0.899,-0.96,0.881,0.85,0.999,-0.986,0.939,-0.988,0.987,0.996,-0.553,-0.956,0.968,0.709,0.917,0.998,-0.973,0.941,0.994,-0.984,0.994,-0.989,-0.995,-0.957,-0.983,-0.995,-0.989,0.994,-0.991,-0.979,4.104,3.27,4.657,9.996,10.497,10.36,10.517,10.621,4.042,3.524,4.733,9.985,4.618,4.182,5.674,9.969,EssenceCatalog/problems/csplib-prob010-SocialGolfers/params/32410275b776feed344943d473dbea56.param
-0.997,-0.984,-0.931,-0.696,0.975,-0.952,-0.963,-0.999,0.953,0.917,0.989,0.473,-0.982,-0.93,0.884,0.981,0.996,-0.596,0.991,0.995,-0.982,0.989,-0.996,-0.987,0.963,0.85,-0.996,-0.829,-0.867,0.97,-0.969,0.992,0.993,-0.992,0.757,0.96,0.981,0.798,-0.941,0.817,0.996,-0.594,-0.868,-0.99,0.988,0.609,-0.998,0.996,0.987,-0.917,-0.983,0.993,-0.926,0.998,-0.983,-0.87,-0.527,0.866,-0.63,0.525,-0.964,-0.796,-0.974,0.975,-0.995,-0.994,-0.211,-0.946,-0.995,-0.974,-0.464,-0.863,0.711,0.973,0.996,-0.949,-0.223,-0.947,0.844,0.976,-0.896,-0.885,0.889,-0.952,0.854,0.996,0.033,0.948,0.988,-0.906,0.994,0.945,-0.983,-0.991,0.198,-0.991,-0.995,0.991,-0.97,-0.967,5.707,4.674,10.424,10.319,10.342,10.363,10.337,10.322,5.525,4.839,10.414,10.325,5.792,5.531,10.397,10.353,EssenceCatalog/problems/csplib-prob010-SocialGolfers/params/8fa9e80abb97e1badef035dda6274a51.param
-0.998,-0.968,-0.929,-0.869,0.708,-0.982,-0.99,-0.999,0.982,-0.779,0.993,0.764,-0.994,-0.929,0.853,0.978,0.994,-0.704,0.993,0.996,-0.955,0.989,-0.996,-0.994,0.995,0.971,-0.998,-0.835,-0.952,0.931,-0.988,0.996,0.998,-0.989,0.929,0.985,0.993,0.907,-0.969,0.966,0.995,-0.931,-0.952,-0.992,0.989,0.983,-0.997,0.995,0.994,-0.978,-0.994,0.995,-0.921,0.998,-0.979,-0.925,0.968,-0.298,-0.743,0.674,-0.986,-0.861,-0.922,0.979,-0.996,-0.996,-0.876,-0.97,-0.992,-0.984,-0.856,-0.832,0.776,0.991,0.998,-0.988,0.814,-0.987,0.572,0.95,-0.934,-0.718,0.866,-0.972,0.873,0.998,0.977,0.82,0.992,-0.965,0.997,0.984,-0.994,-0.997,0.933,-0.994,-0.994,0.994,-0.378,-0.809,7.975,5.545,10.495,10.542,10.544,10.529,10.526,10.47,6.845,5.784,10.499,10.515,7.126,7.172,10.553,10.504,EssenceCatalog/problems/csplib-prob010-SocialGolfers/params/2aca80cbdca4c138820c254712057f61.param
-0.999,-0.992,-0.97,-0.881,0.882,-0.965,-0.974,-0.999,0.949,0.985,0.994,0.83,-0.988,-0.973,0.958,0.987,0.998,-0.73,0.992,0.998,-0.993,0.996,-0.997,-0.986,0.962,0.838,-0.998,-0.924,-0.865,0.978,-0.978,0.996,0.995,-0.993,0.605,0.931,0.972,0.882,-0.983,0.7,0.998,-0.618,-0.698,-0.988,0.994,-0.355,-0.999,0.999,0.987,-0.925,-0.992,0.995,-0.97,0.999,-0.991,-0.966,-0.864,0.091,-0.939,0.766,-0.981,-0.886,-0.99,0.984,-0.997,-0.997,-0.535,-0.979,-0.997,-0.987,-0.626,-0.713,0.938,0.962,0.998,-0.86,0.047,-0.913,0.945,0.993,-0.908,-0.962,0.961,-0.974,0.91,0.998,-0.854,0.087,0.991,-0.779,0.995,0.947,-0.987,-0.995,-0.154,-0.992,-0.997,0.995,-0.9,-0.982,6.034,4.51,10.448,10.374,10.367,10.457,10.384,10.323,5.581,4.684,10.443,10.353,5.895,5.46,10.422,10.364,EssenceCatalog/problems/csplib-prob010-SocialGolfers/params/0328c30e538f40c103b1d2c29e0415c7.param
-0.996,-0.984,-0.926,-0.726,0.979,-0.951,-0.972,-0.999,0.961,0.898,0.989,0.406,-0.985,-0.931,0.867,0.978,0.996,-0.582,0.99,0.995,-0.98,0.985,-0.996,-0.987,0.972,0.888,-0.996,-0.802,-0.867,0.973,-0.972,0.992,0.993,-0.992,0.752,0.957,0.981,0.785,-0.933,0.81,0.996,-0.62,-0.884,-0.991,0.988,0.681,-0.997,0.996,0.988,-0.914,-0.982,0.993,-0.921,0.998,-0.983,-0.886,-0.527,0.89,-0.606,0.485,-0.96,-0.791,-0.972,0.974,-0.996,-0.993,-0.097,-0.948,-0.994,-0.973,-0.53,-0.917,0.696,0.976,0.996,-0.953,-0.402,-0.949,0.813,0.976,-0.887,-0.844,0.869,-0.962,0.847,0.995,0.056,0.968,0.989,-0.903,0.993,0.946,-0.983,-0.991,0.186,-0.993,-0.995,0.991,-0.972,-0.963,5.618,4.659,10.413,10.308,10.327,10.336,10.318,10.293,5.473,4.822,10.403,10.31,5.736,5.496,10.383,10.345,EssenceCatalog/problems/csplib-prob010-SocialGolfers/params/ba02bc7dd5fd6d3c0e4eebacff67069a.param
-0.996,-0.986,-0.92,-0.626,0.985,-0.934,-0.96,-0.999,0.944,0.915,0.989,0.386,-0.976,-0.928,0.867,0.979,0.997,-0.616,0.993,0.995,-0.984,0.981,-0.997,-0.985,0.958,0.849,-0.995,-0.838,-0.882,0.969,-0.965,0.991,0.992,-0.99,0.835,0.967,0.984,0.747,-0.934,0.817,0.997,-0.512,-0.91,-0.992,0.983,0.697,-0.998,0.995,0.985,-0.918,-0.982,0.993,-0.934,0.998,-0.977,-0.802,-0.643,0.959,-0.467,0.484,-0.943,-0.798,-0.977,0.977,-0.994,-0.995,0.095,-0.934,-0.996,-0.973,-0.458,-0.905,0.572,0.971,0.995,-0.964,-0.447,-0.957,0.875,0.97,-0.903,-0.909,0.882,-0.937,0.88,0.995,0.122,0.981,0.989,-0.931,0.994,0.933,-0.978,-0.986,0.105,-0.991,-0.996,0.987,-0.985,-0.973,5.455,4.611,10.371,10.245,10.267,10.278,10.264,10.273,5.388,4.778,10.353,10.254,5.653,5.38,10.327,10.292,EssenceCatalog/problems/csplib-prob010-SocialGolfers/params/f00a6026eea5783914b1a4f40c774e80.param
-0.998,-0.997,0.965,-0.607,0.993,-0.859,-0.973,-0.998,-0.971,0.876,0.994,0.945,-0.889,-0.967,0.973,-0.985,0.995,-0.815,0.997,0.998,-0.986,-0.958,-0.997,0.989,0.998,0.978,-0.998,-0.947,-0.737,0.988,-0.951,0.999,0.996,0.983,0.846,-0.81,0.979,0.518,-0.991,-0.958,0.997,-0.981,-0.914,-0.992,-0.98,0.951,-0.997,0.999,-0.994,-0.976,-0.988,0.998,-0.941,0.996,0.865,-0.992,0.983,0.958,-0.94,0.869,-0.896,-0.907,-0.986,0.978,-0.998,-0.995,0.897,-0.988,-0.996,-0.967,-0.91,-0.974,0.923,0.915,0.999,-0.985,0.926,-0.988,0.986,0.997,-0.552,-0.946,0.966,0.418,0.919,0.999,-0.967,0.944,0.995,-0.98,0.995,-0.974,-0.996,-0.976,-0.98,-0.996,-0.989,0.996,-0.989,-0.98,4.212,3.346,4.86,10.1,10.554,10.429,10.568,10.629,4.124,3.585,4.931,10.079,4.684,4.265,5.866,10.061,EssenceCatalog/problems/csplib-prob010-SocialGolfers/params/90d421c4e64f393138c85efc386e35c1.param
-0.999,-0.993,-0.971,-0.868,0.925,-0.961,-0.974,-0.999,0.951,0.99,0.995,0.817,-0.988,-0.977,0.959,0.987,0.998,-0.729,0.993,0.998,-0.994,0.996,-0.997,-0.985,0.951,0.811,-0.998,-0.934,-0.857,0.981,-0.976,0.997,0.994,-0.994,0.618,0.925,0.974,0.886,-0.983,0.666,0.998,-0.595,-0.724,-0.989,0.994,-0.508,-0.999,0.999,0.986,-0.911,-0.992,0.995,-0.976,0.999,-0.992,-0.967,-0.927,0.418,-0.937,0.774,-0.98,-0.892,-0.991,0.986,-0.997,-0.998,-0.338,-0.978,-0.997,-0.987,-0.595,-0.77,0.937,0.957,0.998,-0.847,-0.337,-0.911,0.956,0.994,-0.91,-0.964,0.964,-0.977,0.923,0.998,-0.914,0.32,0.991,-0.772,0.995,0.939,-0.985,-0.994,-0.383,-0.992,-0.997,0.995,-0.943,-0.985,5.642,4.399,10.446,10.367,10.351,10.444,10.368,10.304,5.369,4.57,10.443,10.34,5.679,5.236,10.415,10.364,EssenceCatalog/problems/csplib-prob010-SocialGolfers/params/d97a0b19335c95b681683fb9372ff75c.param
-0.998,-0.984,-0.952,-0.772,0.914,-0.967,-0.96,-0.999,0.947,0.918,0.991,0.679,-0.983,-0.948,0.914,0.988,0.996,-0.674,0.992,0.996,-0.984,0.995,-0.996,-0.987,0.947,0.78,-0.998,-0.857,-0.877,0.965,-0.973,0.994,0.995,-0.991,0.706,0.964,0.976,0.862,-0.967,0.858,0.996,-0.62,-0.806,-0.985,0.99,0.517,-0.998,0.998,0.988,-0.935,-0.99,0.993,-0.941,0.999,-0.986,-0.924,-0.363,0.366,-0.822,0.623,-0.98,-0.813,-0.977,0.98,-0.995,-0.995,-0.687,-0.956,-0.995,-0.982,-0.471,-0.6,0.817,0.968,0.997,-0.938,0.348,-0.945,0.876,0.981,-0.922,-0.919,0.917,-0.949,0.873,0.997,0.001,0.594,0.99,-0.854,0.994,0.962,-0.987,-0.995,0.472,-0.99,-0.995,0.993,-0.894,-0.968,6.444,4.853,10.491,10.403,10.435,10.487,10.444,10.44,5.924,5.032,10.495,10.415,6.211,5.918,10.491,10.415,EssenceCatalog/problems/csplib-prob010-SocialGolfers/params/2cc872eadea82635651e384053b60571.param
-0.997,-0.972,-0.884,-0.725,0.945,-0.966,-0.977,-0.999,0.957,-0.136,0.99,0.566,-0.986,-0.897,0.824,0.969,0.994,-0.641,0.993,0.994,-0.959,0.976,-0.996,-0.987,0.983,0.932,-0.996,-0.794,-0.922,0.942,-0.974,0.994,0.996,-0.981,0.906,0.979,0.991,0.813,-0.948,0.924,0.996,-0.83,-0.946,-0.992,0.976,0.966,-0.997,0.994,0.986,-0.961,-0.989,0.994,-0.909,0.998,-0.962,-0.841,0.807,0.745,-0.461,0.511,-0.97,-0.81,-0.947,0.975,-0.994,-0.995,-0.594,-0.948,-0.994,-0.977,-0.716,-0.856,0.529,0.985,0.996,-0.986,0.52,-0.982,0.698,0.939,-0.917,-0.811,0.841,-0.942,0.846,0.996,0.924,0.962,0.99,-0.962,0.996,0.961,-0.988,-0.993,0.781,-0.992,-0.994,0.99,-0.898,-0.913,6.938,5.257,10.403,10.426,10.448,10.433,10.426,10.409,6.317,5.465,10.421,10.427,6.568,6.527,10.455,10.415,EssenceCatalog/problems/csplib-prob010-SocialGolfers/params/115f95cc3f5234b7cd27d7d45eb5551e.param
-1.0,-0.995,-0.992,-0.991,-0.972,-0.994,-0.998,-1.0,0.975,-0.938,0.999,0.996,-0.996,-0.996,0.993,0.985,0.999,-0.984,0.999,1.0,-0.996,0.997,-0.999,-0.991,0.999,0.989,-1.0,-0.988,-0.99,0.959,-0.997,1.0,1.0,-0.976,0.985,0.994,0.994,0.992,-0.999,0.986,0.999,-0.988,-0.971,-0.998,0.994,0.988,-1.0,0.998,0.986,-0.996,-1.0,0.998,-0.991,1.0,-0.979,-0.994,0.993,-0.998,-0.995,0.975,-0.997,-0.987,-0.988,0.997,-0.997,-1.0,-0.991,-0.996,-0.999,-0.999,-0.973,0.605,0.993,0.994,1.0,-0.996,0.994,-0.996,0.982,0.985,-0.994,-0.991,0.994,-0.981,0.991,1.0,0.979,-0.993,0.999,-0.97,0.999,0.992,-0.998,-0.999,0.992,-0.997,-0.998,0.997,0.988,-0.897,9.565,5.753,10.378,10.377,10.379,10.484,10.519,10.468,7.552,6.06,10.356,10.317,8.045,7.814,10.35,10.404,EssenceCatalog/problems/csplib-prob010-SocialGolfers/params/698f637d91d9c4d603d09394703e31a1.param
-0.997,-0.981,-0.936,-0.718,0.952,-0.961,-0.958,-0.999,0.951,0.89,0.989,0.555,-0.983,-0.928,0.891,0.984,0.995,-0.609,0.991,0.995,-0.979,0.993,-0.995,-0.988,0.955,0.81,-0.997,-0.827,-0.864,0.963,-0.97,0.993,0.994,-0.992,0.727,0.965,0.978,0.822,-0.95,0.848,0.996,-0.64,-0.835,-0.986,0.99,0.607,-0.998,0.997,0.989,-0.924,-0.986,0.993,-0.922,0.998,-0.984,-0.897,-0.262,0.661,-0.707,0.563,-0.975,-0.776,-0.97,0.976,-0.995,-0.994,-0.549,-0.949,-0.994,-0.978,-0.465,-0.739,0.765,0.973,0.997,-0.945,0.168,-0.946,0.844,0.979,-0.902,-0.89,0.891,-0.951,0.849,0.997,0.148,0.852,0.988,-0.881,0.994,0.955,-0.985,-0.994,0.424,-0.99,-0.995,0.992,-0.938,-0.964,6.17,4.822,10.446,10.359,10.389,10.423,10.385,10.378,5.793,4.992,10.449,10.373,6.065,5.817,10.445,10.376,EssenceCatalog/problems/csplib-prob010-SocialGolfers/params/33ffc1db6d9959a46c5b432900c1f8ec.param
-0.998,-0.968,-0.944,-0.897,0.785,-0.981,-0.989,-0.998,0.977,0.149,0.99,0.785,-0.995,-0.928,0.888,0.974,0.992,-0.54,0.986,0.995,-0.966,0.991,-0.994,-0.992,0.995,0.962,-0.997,-0.819,-0.908,0.955,-0.988,0.995,0.996,-0.991,0.72,0.958,0.984,0.901,-0.967,0.887,0.993,-0.902,-0.85,-0.989,0.993,0.874,-0.996,0.997,0.993,-0.958,-0.991,0.992,-0.896,0.997,-0.987,-0.952,0.808,-0.586,-0.857,0.727,-0.983,-0.837,-0.946,0.974,-0.997,-0.992,-0.836,-0.98,-0.991,-0.98,-0.775,-0.86,0.868,0.988,0.998,-0.952,0.634,-0.963,0.51,0.971,-0.89,-0.612,0.87,-0.984,0.786,0.997,0.742,0.696,0.99,-0.91,0.994,0.975,-0.992,-0.997,0.681,-0.993,-0.99,0.995,-0.408,-0.852,7.623,5.322,10.44,10.48,10.453,10.48,10.448,10.396,6.58,5.522,10.455,10.466,6.863,6.849,10.493,10.42,EssenceCatalog/problems/csplib-prob010-SocialGolfers/params/3f921fcdd661e02e3601e98d4424eb35.param
-0.997,-0.969,-0.943,-0.899,0.862,-0.98,-0.991,-0.998,0.983,-0.01,0.989,0.722,-0.995,-0.927,0.867,0.973,0.992,-0.521,0.985,0.995,-0.963,0.988,-0.994,-0.993,0.996,0.97,-0.996,-0.805,-0.916,0.959,-0.988,0.995,0.996,-0.992,0.771,0.961,0.987,0.892,-0.96,0.897,0.993,-0.906,-0.889,-0.991,0.994,0.913,-0.995,0.996,0.994,-0.957,-0.989,0.993,-0.89,0.997,-0.987,-0.944,0.814,-0.324,-0.81,0.687,-0.98,-0.847,-0.939,0.974,-0.997,-0.992,-0.76,-0.977,-0.99,-0.977,-0.804,-0.924,0.831,0.989,0.997,-0.959,0.45,-0.968,0.409,0.967,-0.884,-0.518,0.848,-0.987,0.78,0.997,0.804,0.872,0.99,-0.926,0.994,0.976,-0.992,-0.996,0.661,-0.994,-0.99,0.995,-0.562,-0.823,7.408,5.305,10.44,10.465,10.453,10.448,10.432,10.371,6.485,5.5,10.459,10.454,6.75,6.777,10.494,10.419,EssenceCatalog/problems/csplib-prob010-SocialGolfers/params/db3393704ad0671ffe1218fc5089e129.param
-0.998,-0.989,-0.962,-0.802,0.955,-0.959,-0.964,-0.999,0.954,0.979,0.992,0.683,-0.983,-0.959,0.939,0.985,0.997,-0.623,0.991,0.997,-0.99,0.995,-0.996,-0.987,0.957,0.823,-0.997,-0.886,-0.836,0.976,-0.973,0.994,0.993,-0.994,0.604,0.942,0.973,0.869,-0.968,0.703,0.997,-0.593,-0.758,-0.988,0.993,-0.141,-0.998,0.998,0.988,-0.906,-0.987,0.994,-0.951,0.999,-0.991,-0.943,-0.858,0.611,-0.874,0.674,-0.973,-0.849,-0.985,0.98,-0.997,-0.995,-0.309,-0.971,-0.996,-0.981,-0.499,-0.814,0.881,0.963,0.997,-0.876,-0.27,-0.912,0.907,0.989,-0.893,-0.929,0.937,-0.969,0.881,0.997,-0.745,0.737,0.99,-0.816,0.994,0.942,-0.985,-0.994,-0.2,-0.991,-0.996,0.994,-0.954,-0.976,5.554,4.454,10.422,10.342,10.328,10.401,10.344,10.292,5.361,4.618,10.416,10.328,5.646,5.266,10.39,10.346,EssenceCatalog/problems/csplib-prob010-SocialGolfers/params/64c93dee4f73cb2833e034766133166b.param
-0.998,-0.968,-0.955,-0.93,0.664,-0.986,-0.994,-0.998,0.989,-0.481,0.992,0.819,-0.997,-0.939,0.887,0.976,0.992,-0.59,0.987,0.996,-0.963,0.992,-0.994,-0.995,0.998,0.98,-0.998,-0.844,-0.938,0.954,-0.992,0.996,0.997,-0.993,0.82,0.972,0.989,0.927,-0.972,0.938,0.994,-0.946,-0.902,-0.991,0.995,0.945,-0.995,0.997,0.996,-0.97,-0.992,0.994,-0.901,0.998,-0.99,-0.964,0.937,-0.751,-0.873,0.776,-0.988,-0.877,-0.93,0.978,-0.998,-0.993,-0.878,-0.983,-0.99,-0.982,-0.869,-0.901,0.894,0.992,0.998,-0.966,0.71,-0.977,0.401,0.972,-0.906,-0.507,0.874,-0.99,0.817,0.998,0.9,0.694,0.992,-0.935,0.995,0.985,-0.995,-0.998,0.817,-0.995,-0.99,0.996,-0.057,-0.761,8.06,5.494,10.445,10.489,10.465,10.468,10.458,10.382,6.819,5.71,10.458,10.457,7.116,7.18,10.496,10.428,EssenceCatalog/problems/csplib-prob010-SocialGolfers/params/be19ea23e9edad8f3d147ad2afd9da22.param
-0.997,-0.98,-0.933,-0.727,0.96,-0.961,-0.965,-0.999,0.957,0.875,0.988,0.546,-0.985,-0.926,0.887,0.981,0.995,-0.581,0.99,0.995,-0.979,0.991,-0.995,-0.988,0.967,0.854,-0.997,-0.82,-0.865,0.965,-0.972,0.993,0.993,-0.992,0.724,0.96,0.979,0.823,-0.943,0.826,0.995,-0.667,-0.846,-0.988,0.99,0.656,-0.997,0.997,0.989,-0.924,-0.985,0.993,-0.915,0.998,-0.985,-0.893,-0.271,0.703,-0.691,0.565,-0.972,-0.784,-0.969,0.974,-0.995,-0.993,-0.467,-0.952,-0.994,-0.976,-0.499,-0.826,0.751,0.975,0.996,-0.945,0.024,-0.947,0.8,0.976,-0.892,-0.856,0.879,-0.96,0.835,0.996,0.166,0.907,0.987,-0.895,0.993,0.953,-0.985,-0.993,0.335,-0.991,-0.994,0.992,-0.945,-0.957,6.063,4.801,10.446,10.366,10.388,10.415,10.377,10.36,5.733,4.966,10.447,10.375,6.0,5.775,10.441,10.383,EssenceCatalog/problems/csplib-prob010-SocialGolfers/params/5ea5f03e7085db49244500d57972846f.param
-0.997,-0.971,-0.883,-0.761,0.938,-0.97,-0.983,-0.998,0.967,-0.352,0.99,0.587,-0.989,-0.904,0.821,0.97,0.994,-0.642,0.992,0.994,-0.954,0.973,-0.996,-0.989,0.989,0.95,-0.996,-0.793,-0.93,0.945,-0.978,0.994,0.996,-0.983,0.917,0.98,0.991,0.831,-0.946,0.934,0.996,-0.86,-0.954,-0.993,0.98,0.977,-0.996,0.994,0.989,-0.965,-0.99,0.994,-0.909,0.998,-0.968,-0.847,0.872,0.664,-0.458,0.493,-0.97,-0.826,-0.938,0.974,-0.994,-0.995,-0.642,-0.95,-0.993,-0.978,-0.765,-0.891,0.561,0.988,0.996,-0.988,0.514,-0.984,0.632,0.937,-0.915,-0.766,0.837,-0.959,0.846,0.996,0.947,0.965,0.99,-0.966,0.996,0.967,-0.989,-0.993,0.808,-0.993,-0.994,0.99,-0.869,-0.889,7.061,5.307,10.41,10.438,10.457,10.429,10.428,10.4,6.385,5.52,10.426,10.433,6.633,6.628,10.463,10.423,EssenceCatalog/problems/csplib-prob010-SocialGolfers/params/5df8e6c4d83c1928dae777cc66dadf00.param
-1.0,-0.993,-0.993,-0.993,-0.976,-0.995,-0.998,-1.0,0.995,-0.99,0.999,0.99,-0.998,-0.994,0.984,0.985,0.997,-0.975,0.998,1.0,-0.989,0.997,-0.999,-0.998,1.0,0.996,-0.999,-0.979,-0.99,0.941,-0.998,0.999,1.0,-0.99,0.982,0.995,0.996,0.992,-0.998,0.992,0.999,-0.992,-0.983,-0.998,0.997,0.995,-0.999,0.997,0.997,-0.996,-0.999,0.998,-0.988,0.999,-0.993,-0.991,0.998,-0.998,-0.99,0.972,-0.998,-0.985,-0.965,0.996,-0.998,-0.999,-0.992,-0.995,-0.997,-0.998,-0.985,-0.217,0.992,0.996,0.999,-0.995,0.99,-0.996,0.901,0.978,-0.99,-0.957,0.986,-0.993,0.989,0.999,0.996,-0.967,0.998,-0.977,0.999,0.997,-0.998,-0.999,0.995,-0.998,-0.997,0.998,0.991,-0.574,9.524,5.784,10.44,10.445,10.417,10.511,10.523,10.469,7.535,6.076,10.391,10.382,7.997,7.847,10.418,10.459,EssenceCatalog/problems/csplib-prob010-SocialGolfers/params/6ce62d009a117f2c4f423a4066553288.param
-0.996,-0.983,-0.926,-0.714,0.978,-0.952,-0.971,-0.999,0.963,0.875,0.988,0.408,-0.984,-0.929,0.864,0.98,0.996,-0.596,0.99,0.994,-0.979,0.985,-0.996,-0.988,0.971,0.885,-0.995,-0.799,-0.874,0.971,-0.972,0.992,0.993,-0.992,0.775,0.962,0.982,0.793,-0.933,0.828,0.996,-0.619,-0.894,-0.991,0.988,0.748,-0.997,0.995,0.989,-0.919,-0.983,0.993,-0.919,0.998,-0.983,-0.87,-0.441,0.882,-0.581,0.476,-0.958,-0.792,-0.969,0.975,-0.995,-0.993,-0.152,-0.945,-0.994,-0.972,-0.528,-0.914,0.666,0.977,0.996,-0.957,-0.361,-0.954,0.792,0.972,-0.893,-0.842,0.864,-0.961,0.845,0.995,0.234,0.969,0.989,-0.915,0.993,0.95,-0.982,-0.99,0.251,-0.992,-0.995,0.99,-0.97,-0.96,5.723,4.717,10.425,10.311,10.336,10.339,10.324,10.313,5.547,4.884,10.418,10.317,5.81,5.589,10.4,10.35,EssenceCatalog/problems/csplib-prob010-SocialGolfers/params/3ecb5f00730f13c0d7bc5dee847c14d5.param
-0.997,-0.991,-0.945,-0.731,0.984,-0.947,-0.963,-0.999,0.949,0.984,0.991,0.555,-0.981,-0.956,0.929,0.978,0.998,-0.561,0.992,0.997,-0.991,0.991,-0.997,-0.983,0.958,0.841,-0.997,-0.881,-0.832,0.979,-0.969,0.994,0.992,-0.994,0.707,0.945,0.977,0.834,-0.953,0.665,0.998,-0.546,-0.836,-0.991,0.991,-0.151,-0.998,0.998,0.986,-0.888,-0.983,0.995,-0.953,0.999,-0.989,-0.925,-0.914,0.931,-0.779,0.626,-0.963,-0.837,-0.985,0.98,-0.997,-0.995,0.278,-0.962,-0.996,-0.977,-0.437,-0.9,0.845,0.96,0.997,-0.897,-0.672,-0.92,0.932,0.991,-0.884,-0.934,0.93,-0.966,0.894,0.997,-0.809,0.948,0.99,-0.857,0.993,0.916,-0.985,-0.991,-0.439,-0.993,-0.997,0.994,-0.988,-0.982,5.045,4.321,10.351,10.285,10.264,10.337,10.281,10.224,5.076,4.467,10.336,10.273,5.354,4.96,10.301,10.303,EssenceCatalog/problems/csplib-prob010-SocialGolfers/params/6ddc2ada4b769f692e7b2abb95bd6e9c.param
-0.998,-0.998,0.969,-0.522,0.995,-0.73,-0.948,-0.999,-0.984,0.943,0.994,0.944,-0.722,-0.972,0.978,-0.986,0.996,-0.805,0.997,0.998,-0.99,-0.975,-0.997,0.994,0.998,0.973,-0.998,-0.958,-0.718,0.988,-0.918,0.999,0.993,0.989,0.864,-0.825,0.975,0.529,-0.991,-0.976,0.998,-0.969,-0.919,-0.993,-0.987,0.926,-0.996,0.998,-0.997,-0.974,-0.987,0.997,-0.951,0.997,0.909,-0.99,0.959,0.986,-0.943,0.858,-0.827,-0.924,-0.991,0.979,-0.996,-0.995,0.965,-0.986,-0.997,-0.967,-0.913,-0.978,0.888,0.857,0.998,-0.981,0.909,-0.984,0.989,0.996,-0.525,-0.963,0.973,0.681,0.928,0.998,-0.984,0.961,0.995,-0.983,0.994,-0.987,-0.994,-0.942,-0.992,-0.994,-0.99,0.993,-0.994,-0.983,4.096,3.275,4.707,10.027,10.508,10.376,10.527,10.625,4.036,3.52,4.776,10.014,4.61,4.173,5.72,9.995,EssenceCatalog/problems/csplib-prob010-SocialGolfers/params/207db0c4effa62e955b957f5ca7da1e1.param
-0.997,-0.992,-0.958,-0.775,0.977,-0.953,-0.963,-0.999,0.953,0.989,0.992,0.627,-0.982,-0.963,0.941,0.982,0.998,-0.598,0.992,0.997,-0.993,0.993,-0.997,-0.986,0.953,0.826,-0.997,-0.896,-0.831,0.98,-0.97,0.995,0.992,-0.995,0.663,0.942,0.975,0.858,-0.963,0.647,0.998,-0.536,-0.801,-0.99,0.993,-0.374,-0.998,0.998,0.988,-0.887,-0.985,0.995,-0.959,0.999,-0.991,-0.942,-0.937,0.875,-0.853,0.672,-0.968,-0.856,-0.987,0.981,-0.997,-0.995,0.144,-0.968,-0.997,-0.98,-0.465,-0.878,0.881,0.957,0.998,-0.866,-0.642,-0.907,0.937,0.993,-0.891,-0.944,0.941,-0.971,0.897,0.997,-0.871,0.889,0.99,-0.821,0.994,0.925,-0.985,-0.992,-0.481,-0.992,-0.997,0.994,-0.983,-0.982,5.105,4.306,10.373,10.302,10.275,10.358,10.295,10.236,5.099,4.458,10.36,10.285,5.38,4.967,10.326,10.312,EssenceCatalog/problems/csplib-prob010-SocialGolfers/params/95ae19d5b7d2f768b5fa15b52d325b0b.param
-0.997,-0.984,-0.948,-0.838,0.958,-0.966,-0.981,-0.998,0.966,0.931,0.989,0.64,-0.99,-0.943,0.907,0.974,0.995,-0.521,0.986,0.996,-0.983,0.99,-0.995,-0.987,0.984,0.912,-0.996,-0.824,-0.842,0.978,-0.98,0.994,0.993,-0.993,0.579,0.923,0.977,0.862,-0.952,0.702,0.995,-0.745,-0.789,-0.989,0.992,0.343,-0.997,0.997,0.99,-0.911,-0.985,0.993,-0.921,0.998,-0.99,-0.939,-0.582,0.529,-0.83,0.639,-0.97,-0.83,-0.975,0.975,-0.997,-0.992,-0.338,-0.972,-0.994,-0.976,-0.57,-0.905,0.858,0.975,0.997,-0.894,-0.308,-0.925,0.766,0.985,-0.863,-0.799,0.893,-0.982,0.811,0.996,-0.414,0.896,0.988,-0.843,0.992,0.945,-0.986,-0.994,-0.111,-0.993,-0.994,0.994,-0.934,-0.952,5.707,4.582,10.423,10.365,10.346,10.387,10.349,10.286,5.472,4.733,10.419,10.35,5.742,5.466,10.399,10.371,EssenceCatalog/problems/csplib-prob010-SocialGolfers/params/ac50300fb3f75f1cba745f1002527951.param
-1.0,-0.996,-0.993,-0.991,-0.969,-0.994,-0.998,-1.0,0.984,-0.956,0.999,0.995,-0.995,-0.997,0.994,0.988,0.999,-0.988,0.999,1.0,-0.996,0.998,-0.999,-0.993,0.998,0.988,-1.0,-0.989,-0.992,0.966,-0.997,1.0,1.0,-0.985,0.992,0.996,0.995,0.992,-0.999,0.992,1.0,-0.99,-0.985,-0.998,0.995,0.995,-1.0,0.999,0.99,-0.997,-1.0,0.998,-0.994,1.0,-0.982,-0.994,0.996,-0.997,-0.994,0.979,-0.997,-0.987,-0.989,0.997,-0.998,-1.0,-0.991,-0.995,-0.999,-0.999,-0.973,0.73,0.991,0.993,1.0,-0.998,0.994,-0.997,0.989,0.988,-0.996,-0.994,0.994,-0.98,0.993,1.0,0.991,-0.989,0.999,-0.98,0.999,0.994,-0.998,-0.999,0.996,-0.998,-0.998,0.998,0.981,-0.95,9.586,5.761,10.387,10.379,10.388,10.492,10.53,10.483,7.569,6.072,10.368,10.319,8.065,7.826,10.357,10.411,EssenceCatalog/problems/csplib-prob010-SocialGolfers/params/0946889e4b7e3dc35224b6adc0f2f48f.param
-0.997,-0.969,-0.945,-0.889,0.853,-0.98,-0.989,-0.998,0.982,0.155,0.989,0.718,-0.995,-0.927,0.872,0.975,0.992,-0.523,0.986,0.995,-0.964,0.991,-0.994,-0.993,0.994,0.961,-0.997,-0.804,-0.909,0.959,-0.987,0.995,0.996,-0.993,0.734,0.961,0.985,0.896,-0.959,0.895,0.993,-0.896,-0.867,-0.989,0.994,0.881,-0.995,0.997,0.994,-0.951,-0.989,0.993,-0.89,0.997,-0.988,-0.948,0.765,-0.373,-0.824,0.693,-0.982,-0.837,-0.943,0.974,-0.997,-0.991,-0.773,-0.975,-0.99,-0.978,-0.781,-0.9,0.85,0.988,0.998,-0.952,0.455,-0.963,0.473,0.972,-0.886,-0.562,0.853,-0.986,0.775,0.997,0.735,0.819,0.99,-0.911,0.994,0.977,-0.992,-0.996,0.651,-0.993,-0.99,0.995,-0.562,-0.855,7.382,5.273,10.448,10.467,10.452,10.459,10.434,10.381,6.462,5.467,10.465,10.457,6.732,6.729,10.499,10.419,EssenceCatalog/problems/csplib-prob010-SocialGolfers/params/39618fe5331472e904e3bb14e8724879.param
-1.0,-0.996,-0.991,-0.993,-0.964,-0.995,-0.998,-1.0,0.983,-0.973,0.999,0.996,-0.997,-0.997,0.993,0.978,0.999,-0.986,0.999,1.0,-0.996,0.996,-0.999,-0.992,0.999,0.995,-1.0,-0.987,-0.992,0.971,-0.998,1.0,1.0,-0.974,0.989,0.995,0.996,0.993,-0.999,0.99,1.0,-0.992,-0.983,-0.999,0.993,0.995,-1.0,0.998,0.988,-0.997,-1.0,0.999,-0.993,1.0,-0.981,-0.995,0.997,-0.998,-0.995,0.978,-0.998,-0.989,-0.987,0.997,-0.998,-1.0,-0.992,-0.996,-0.999,-0.999,-0.982,0.29,0.994,0.996,1.0,-0.997,0.994,-0.997,0.977,0.987,-0.995,-0.989,0.993,-0.987,0.993,1.0,0.993,-0.984,0.999,-0.982,0.999,0.994,-0.999,-1.0,0.995,-0.998,-0.998,0.998,0.988,-0.883,9.569,5.778,10.43,10.435,10.427,10.532,10.552,10.501,7.566,6.082,10.401,10.373,8.05,7.843,10.404,10.458,EssenceCatalog/problems/csplib-prob010-SocialGolfers/params/ebee4804fd009e81bb402e1384d57ad5.param
-0.779,-0.526,-0.411,0.886,0.921,0.958,0.934,-0.973,-0.936,0.927,0.218,0.766,0.963,-0.809,0.61,0.906,0.946,-0.679,0.861,0.236,-0.509,-0.946,-0.942,0.646,-0.948,-0.904,0.98,-0.757,-0.751,0.126,0.965,-0.978,-0.91,0.923,0.925,0.802,0.531,0.412,-0.76,-0.678,0.955,0.959,-0.939,-0.868,-0.843,0.096,-0.9,-0.996,-0.874,-0.768,-0.773,0.207,-0.932,0.958,0.906,0.984,-0.984,0.956,0.56,-0.831,0.984,-0.791,-0.892,0.793,0.992,-0.94,0.902,0.754,-0.925,-0.934,0.596,0.761,-0.957,-0.947,-0.997,-0.528,-0.591,-0.468,0.825,-0.981,-0.716,-0.909,0.602,0.926,0.88,-0.986,0.809,0.814,-0.186,-0.75,0.77,-0.933,0.974,0.995,-0.779,0.975,-0.855,-0.997,-0.751,0.077,1.483,1.15,1.183,3.492,1.897,1.198,2.374,6.597,1.562,1.182,1.35,3.512,1.817,1.183,1.597,3.43,EssenceCatalog/problems/csplib-prob010-SocialGolfers/params/ord16-5-4-4.param
-0.996,-0.989,-0.925,-0.686,0.986,-0.946,-0.967,-0.999,0.951,0.953,0.99,0.408,-0.982,-0.943,0.893,0.975,0.997,-0.591,0.992,0.996,-0.985,0.985,-0.997,-0.984,0.962,0.861,-0.996,-0.832,-0.844,0.977,-0.969,0.993,0.993,-0.992,0.751,0.955,0.979,0.794,-0.942,0.755,0.997,-0.578,-0.88,-0.992,0.986,0.387,-0.998,0.997,0.986,-0.903,-0.982,0.994,-0.941,0.998,-0.983,-0.896,-0.784,0.945,-0.624,0.523,-0.957,-0.802,-0.979,0.977,-0.996,-0.994,0.194,-0.951,-0.995,-0.973,-0.464,-0.915,0.742,0.968,0.997,-0.942,-0.644,-0.942,0.889,0.984,-0.888,-0.896,0.894,-0.955,0.874,0.996,-0.434,0.974,0.99,-0.892,0.994,0.923,-0.983,-0.99,-0.109,-0.993,-0.996,0.992,-0.986,-0.977,5.226,4.465,10.365,10.273,10.273,10.313,10.279,10.232,5.216,4.617,10.351,10.267,5.484,5.164,10.319,10.305,EssenceCatalog/problems/csplib-prob010-SocialGolfers/params/3b12cc2fb8699f72e6d7c0a7001027b9.param
-1.0,-0.995,-0.995,-0.994,-0.975,-0.995,-0.999,-1.0,0.994,-0.984,0.999,0.994,-0.998,-0.996,0.99,0.987,0.999,-0.983,0.999,1.0,-0.994,0.997,-0.999,-0.997,0.999,0.996,-0.999,-0.985,-0.992,0.961,-0.998,0.999,1.0,-0.99,0.987,0.996,0.997,0.993,-0.998,0.994,0.999,-0.993,-0.986,-0.999,0.997,0.995,-0.999,0.998,0.997,-0.997,-1.0,0.998,-0.992,1.0,-0.993,-0.994,0.997,-0.998,-0.993,0.976,-0.998,-0.988,-0.98,0.997,-0.998,-1.0,-0.991,-0.996,-0.999,-0.999,-0.984,0.034,0.994,0.996,1.0,-0.996,0.991,-0.997,0.96,0.985,-0.993,-0.98,0.991,-0.993,0.993,1.0,0.996,-0.974,0.999,-0.98,0.999,0.996,-0.999,-0.999,0.996,-0.998,-0.998,0.998,0.989,-0.783,9.558,5.789,10.458,10.459,10.443,10.543,10.555,10.505,7.562,6.088,10.419,10.397,8.037,7.854,10.433,10.479,EssenceCatalog/problems/csplib-prob010-SocialGolfers/params/52e3fcbff080da8e841596281b4ca1ed.param
-0.996,-0.981,-0.914,-0.7,0.98,-0.949,-0.973,-0.999,0.963,0.803,0.988,0.401,-0.984,-0.919,0.848,0.976,0.996,-0.586,0.991,0.994,-0.977,0.979,-0.996,-0.988,0.976,0.904,-0.995,-0.798,-0.885,0.969,-0.973,0.992,0.993,-0.991,0.82,0.965,0.985,0.768,-0.925,0.841,0.996,-0.656,-0.914,-0.992,0.986,0.826,-0.997,0.995,0.989,-0.926,-0.982,0.993,-0.917,0.998,-0.979,-0.84,-0.252,0.914,-0.47,0.479,-0.954,-0.792,-0.966,0.973,-0.995,-0.993,-0.103,-0.94,-0.994,-0.971,-0.55,-0.926,0.606,0.979,0.995,-0.967,-0.31,-0.961,0.774,0.966,-0.891,-0.833,0.855,-0.96,0.847,0.995,0.435,0.981,0.988,-0.935,0.994,0.948,-0.981,-0.99,0.307,-0.992,-0.995,0.989,-0.973,-0.954,5.805,4.779,10.407,10.302,10.331,10.327,10.311,10.312,5.611,4.95,10.405,10.316,5.872,5.683,10.391,10.338,EssenceCatalog/problems/csplib-prob010-SocialGolfers/params/ba56d1a395b72025aaf8f7a148c35499.param
-0.998,-0.976,-0.93,-0.722,0.926,-0.966,-0.961,-0.998,0.952,0.752,0.989,0.591,-0.984,-0.919,0.88,0.984,0.994,-0.642,0.991,0.995,-0.974,0.993,-0.995,-0.989,0.963,0.835,-0.997,-0.824,-0.885,0.954,-0.971,0.993,0.995,-0.99,0.77,0.971,0.981,0.833,-0.955,0.89,0.995,-0.701,-0.854,-0.986,0.988,0.787,-0.997,0.997,0.989,-0.939,-0.988,0.993,-0.916,0.998,-0.981,-0.888,0.249,0.456,-0.698,0.559,-0.978,-0.782,-0.964,0.975,-0.994,-0.994,-0.696,-0.949,-0.994,-0.978,-0.531,-0.686,0.736,0.977,0.996,-0.96,0.455,-0.958,0.797,0.969,-0.911,-0.873,0.882,-0.944,0.835,0.997,0.556,0.804,0.988,-0.903,0.994,0.964,-0.986,-0.994,0.642,-0.989,-0.994,0.992,-0.886,-0.952,6.702,5.048,10.46,10.415,10.441,10.478,10.438,10.444,6.121,5.234,10.475,10.435,6.393,6.213,10.49,10.414,EssenceCatalog/problems/csplib-prob010-SocialGolfers/params/d86bc04e6e526dc2727d940848dbd3d3.param
-0.998,-0.989,-0.966,-0.838,0.902,-0.969,-0.968,-0.999,0.953,0.971,0.993,0.757,-0.986,-0.964,0.943,0.988,0.997,-0.704,0.992,0.997,-0.989,0.996,-0.996,-0.987,0.948,0.784,-0.998,-0.896,-0.859,0.974,-0.975,0.995,0.995,-0.994,0.623,0.949,0.973,0.88,-0.975,0.794,0.997,-0.613,-0.742,-0.986,0.993,0.001,-0.998,0.998,0.989,-0.926,-0.99,0.994,-0.957,0.999,-0.991,-0.954,-0.738,0.214,-0.902,0.707,-0.981,-0.855,-0.985,0.983,-0.996,-0.996,-0.616,-0.97,-0.996,-0.985,-0.531,-0.646,0.902,0.965,0.998,-0.895,0.126,-0.925,0.921,0.99,-0.917,-0.943,0.942,-0.966,0.897,0.997,-0.64,0.32,0.991,-0.802,0.995,0.958,-0.987,-0.995,0.116,-0.991,-0.996,0.994,-0.903,-0.978,6.133,4.619,10.47,10.377,10.391,10.458,10.404,10.357,5.676,4.791,10.463,10.366,5.978,5.591,10.449,10.379,EssenceCatalog/problems/csplib-prob010-SocialGolfers/params/e227824765206b6c6b10fdd9921aec0a.param
-0.996,-0.99,-0.936,-0.735,0.988,-0.94,-0.974,-0.999,0.959,0.972,0.989,0.45,-0.982,-0.949,0.902,0.975,0.997,-0.572,0.991,0.996,-0.989,0.982,-0.997,-0.985,0.973,0.898,-0.995,-0.85,-0.851,0.98,-0.972,0.992,0.99,-0.993,0.746,0.945,0.981,0.796,-0.941,0.68,0.997,-0.519,-0.884,-0.993,0.988,0.287,-0.998,0.996,0.987,-0.897,-0.981,0.994,-0.945,0.998,-0.986,-0.889,-0.89,0.958,-0.662,0.552,-0.944,-0.838,-0.982,0.977,-0.996,-0.994,0.402,-0.956,-0.996,-0.971,-0.473,-0.952,0.746,0.968,0.996,-0.931,-0.771,-0.934,0.879,0.984,-0.878,-0.895,0.904,-0.967,0.881,0.995,-0.611,0.982,0.99,-0.896,0.993,0.919,-0.98,-0.988,-0.407,-0.993,-0.996,0.991,-0.99,-0.976,5.022,4.372,10.344,10.275,10.256,10.308,10.266,10.213,5.08,4.513,10.325,10.266,5.353,5.004,10.285,10.302,EssenceCatalog/problems/csplib-prob010-SocialGolfers/params/864f4486092e37ccfe7e7fe35d79f03d.param
-0.997,-0.987,-0.945,-0.732,0.977,-0.949,-0.964,-0.999,0.956,0.963,0.99,0.525,-0.982,-0.943,0.908,0.982,0.997,-0.578,0.991,0.996,-0.987,0.991,-0.996,-0.987,0.963,0.849,-0.996,-0.851,-0.851,0.974,-0.97,0.993,0.992,-0.994,0.714,0.952,0.978,0.814,-0.946,0.762,0.997,-0.55,-0.844,-0.99,0.991,0.286,-0.998,0.997,0.988,-0.902,-0.983,0.993,-0.939,0.998,-0.987,-0.895,-0.796,0.878,-0.72,0.574,-0.963,-0.816,-0.98,0.977,-0.996,-0.994,-0.055,-0.954,-0.995,-0.976,-0.445,-0.879,0.789,0.968,0.996,-0.925,-0.44,-0.932,0.885,0.984,-0.888,-0.906,0.909,-0.962,0.871,0.996,-0.443,0.939,0.989,-0.878,0.993,0.94,-0.983,-0.991,-0.082,-0.992,-0.996,0.992,-0.978,-0.974,5.396,4.5,10.408,10.312,10.31,10.361,10.319,10.279,5.313,4.658,10.395,10.308,5.582,5.256,10.366,10.34,EssenceCatalog/problems/csplib-prob010-SocialGolfers/params/c0451fb3f37cebe7ee06c4d49c3e9a96.param
-0.999,-0.992,-0.967,-0.866,0.905,-0.963,-0.972,-0.999,0.947,0.984,0.994,0.801,-0.986,-0.973,0.956,0.985,0.998,-0.739,0.993,0.998,-0.993,0.996,-0.997,-0.984,0.954,0.821,-0.998,-0.91,-0.854,0.98,-0.976,0.997,0.995,-0.992,0.591,0.923,0.971,0.887,-0.982,0.714,0.998,-0.62,-0.716,-0.987,0.992,-0.319,-0.999,0.999,0.984,-0.924,-0.992,0.995,-0.969,0.999,-0.991,-0.97,-0.86,0.215,-0.936,0.757,-0.982,-0.869,-0.99,0.984,-0.997,-0.997,-0.5,-0.977,-0.997,-0.986,-0.571,-0.717,0.938,0.959,0.998,-0.859,-0.036,-0.911,0.945,0.993,-0.912,-0.963,0.959,-0.971,0.909,0.998,-0.856,0.175,0.992,-0.77,0.995,0.944,-0.988,-0.996,-0.121,-0.993,-0.997,0.995,-0.914,-0.984,5.944,4.496,10.444,10.364,10.36,10.447,10.377,10.314,5.538,4.669,10.439,10.343,5.85,5.419,10.42,10.357,EssenceCatalog/problems/csplib-prob010-SocialGolfers/params/2b1cfdd612cf296f5ac96e5a1fd97a39.param
-0.997,-0.975,-0.903,-0.741,0.961,-0.964,-0.978,-0.998,0.967,0.392,0.988,0.467,-0.988,-0.913,0.833,0.975,0.994,-0.593,0.991,0.994,-0.965,0.982,-0.996,-0.989,0.983,0.927,-0.996,-0.774,-0.903,0.961,-0.976,0.993,0.995,-0.989,0.848,0.972,0.986,0.805,-0.935,0.898,0.995,-0.785,-0.924,-0.991,0.985,0.925,-0.996,0.995,0.99,-0.946,-0.986,0.993,-0.901,0.998,-0.978,-0.874,0.5,0.769,-0.522,0.477,-0.968,-0.784,-0.951,0.972,-0.995,-0.993,-0.459,-0.947,-0.992,-0.973,-0.651,-0.903,0.631,0.984,0.996,-0.976,0.143,-0.971,0.69,0.962,-0.9,-0.769,0.839,-0.962,0.826,0.996,0.779,0.967,0.989,-0.945,0.994,0.962,-0.988,-0.993,0.637,-0.993,-0.994,0.991,-0.928,-0.929,6.524,5.082,10.426,10.388,10.42,10.41,10.387,10.376,6.054,5.269,10.444,10.402,6.308,6.225,10.461,10.395,EssenceCatalog/problems/csplib-prob010-SocialGolfers/params/7e769f4b9397377be5304b7d31231132.param
-0.998,-0.994,-0.967,-0.845,0.968,-0.949,-0.973,-0.999,0.953,0.993,0.993,0.744,-0.984,-0.972,0.956,0.981,0.998,-0.623,0.991,0.998,-0.995,0.993,-0.997,-0.984,0.964,0.868,-0.997,-0.925,-0.828,0.982,-0.973,0.995,0.991,-0.994,0.604,0.911,0.973,0.87,-0.976,0.518,0.998,-0.548,-0.748,-0.991,0.993,-0.639,-0.998,0.998,0.985,-0.884,-0.988,0.995,-0.97,0.999,-0.992,-0.96,-0.966,0.781,-0.919,0.743,-0.966,-0.888,-0.991,0.982,-0.997,-0.996,0.188,-0.979,-0.997,-0.982,-0.564,-0.9,0.924,0.953,0.998,-0.811,-0.677,-0.885,0.949,0.994,-0.886,-0.956,0.959,-0.977,0.909,0.997,-0.948,0.792,0.991,-0.788,0.994,0.912,-0.985,-0.992,-0.66,-0.993,-0.997,0.995,-0.978,-0.984,5.09,4.251,10.365,10.325,10.284,10.375,10.302,10.237,5.064,4.403,10.353,10.3,5.356,4.916,10.32,10.325,EssenceCatalog/problems/csplib-prob010-SocialGolfers/params/8dfd60cf9dfaccd17519dadd1a743fc6.param
-0.996,-0.983,-0.919,-0.722,0.982,-0.949,-0.974,-0.999,0.961,0.876,0.988,0.399,-0.985,-0.926,0.86,0.976,0.996,-0.572,0.99,0.994,-0.979,0.981,-0.996,-0.987,0.976,0.9,-0.995,-0.8,-0.874,0.973,-0.972,0.992,0.992,-0.992,0.781,0.959,0.982,0.774,-0.929,0.809,0.996,-0.624,-0.898,-0.992,0.987,0.736,-0.997,0.995,0.989,-0.918,-0.982,0.993,-0.919,0.998,-0.982,-0.86,-0.473,0.912,-0.536,0.479,-0.955,-0.794,-0.97,0.973,-0.995,-0.993,-0.042,-0.945,-0.994,-0.971,-0.535,-0.93,0.649,0.977,0.995,-0.959,-0.425,-0.953,0.789,0.971,-0.886,-0.836,0.863,-0.962,0.843,0.995,0.18,0.978,0.989,-0.919,0.993,0.945,-0.981,-0.99,0.172,-0.992,-0.995,0.99,-0.976,-0.958,5.609,4.675,10.396,10.291,10.311,10.313,10.299,10.28,5.476,4.837,10.388,10.296,5.737,5.512,10.367,10.328,EssenceCatalog/problems/csplib-prob010-SocialGolfers/params/411ed35b4ef47f3405ead778245fae94.param
-0.998,-0.983,-0.956,-0.818,0.905,-0.969,-0.968,-0.999,0.958,0.93,0.991,0.715,-0.987,-0.948,0.925,0.985,0.996,-0.623,0.989,0.996,-0.984,0.995,-0.995,-0.989,0.968,0.846,-0.997,-0.861,-0.856,0.968,-0.976,0.994,0.994,-0.993,0.615,0.952,0.974,0.873,-0.967,0.797,0.996,-0.701,-0.749,-0.985,0.993,0.321,-0.998,0.998,0.99,-0.927,-0.988,0.992,-0.932,0.998,-0.989,-0.942,-0.434,0.114,-0.867,0.679,-0.979,-0.831,-0.977,0.978,-0.996,-0.994,-0.658,-0.97,-0.995,-0.982,-0.548,-0.721,0.875,0.971,0.997,-0.906,0.264,-0.93,0.846,0.984,-0.895,-0.89,0.919,-0.969,0.849,0.997,-0.288,0.561,0.989,-0.833,0.993,0.958,-0.987,-0.995,0.281,-0.99,-0.994,0.994,-0.863,-0.96,6.359,4.765,10.469,10.403,10.41,10.465,10.413,10.38,5.834,4.936,10.469,10.403,6.121,5.825,10.464,10.395,EssenceCatalog/problems/csplib-prob010-SocialGolfers/params/9e6c0d9fa8b2ef9175068bd57a215911.param
-0.999,-0.989,-0.97,-0.832,0.864,-0.971,-0.962,-0.999,0.956,0.965,0.993,0.746,-0.984,-0.964,0.939,0.992,0.997,-0.751,0.993,0.997,-0.989,0.997,-0.996,-0.99,0.912,0.692,-0.998,-0.899,-0.871,0.971,-0.974,0.995,0.995,-0.994,0.675,0.962,0.972,0.881,-0.977,0.866,0.997,-0.583,-0.763,-0.983,0.993,0.113,-0.999,0.998,0.99,-0.932,-0.991,0.994,-0.959,0.999,-0.991,-0.952,-0.703,0.125,-0.893,0.7,-0.983,-0.853,-0.984,0.983,-0.996,-0.997,-0.738,-0.964,-0.996,-0.986,-0.499,-0.436,0.892,0.962,0.998,-0.914,0.258,-0.933,0.933,0.988,-0.933,-0.956,0.942,-0.958,0.908,0.998,-0.465,0.069,0.991,-0.789,0.995,0.969,-0.987,-0.995,0.398,-0.989,-0.996,0.994,-0.868,-0.98,6.428,4.709,10.465,10.332,10.376,10.442,10.401,10.377,5.842,4.894,10.469,10.33,6.158,5.759,10.448,10.346,EssenceCatalog/problems/csplib-prob010-SocialGolfers/params/8bcabae4230c76ec53c1e8a65aac9af1.param
-1.0,-0.993,-0.992,-0.992,-0.975,-0.995,-0.998,-1.0,0.993,-0.991,0.999,0.991,-0.997,-0.995,0.985,0.98,0.997,-0.976,0.998,1.0,-0.99,0.996,-0.999,-0.997,0.999,0.996,-0.999,-0.981,-0.991,0.938,-0.998,0.999,1.0,-0.984,0.982,0.994,0.996,0.992,-0.998,0.99,0.999,-0.993,-0.984,-0.998,0.996,0.995,-0.999,0.997,0.996,-0.996,-1.0,0.998,-0.988,1.0,-0.989,-0.992,0.998,-0.998,-0.991,0.972,-0.998,-0.985,-0.967,0.996,-0.997,-0.999,-0.992,-0.996,-0.997,-0.998,-0.985,-0.169,0.992,0.996,1.0,-0.995,0.991,-0.997,0.909,0.975,-0.991,-0.96,0.985,-0.99,0.988,1.0,0.996,-0.974,0.998,-0.977,0.999,0.996,-0.998,-0.999,0.995,-0.998,-0.997,0.998,0.991,-0.565,9.528,5.781,10.429,10.436,10.409,10.504,10.518,10.464,7.535,6.074,10.382,10.373,7.999,7.844,10.407,10.451,EssenceCatalog/problems/csplib-prob010-SocialGolfers/params/d18584608ce492d72644d815979d24dc.param
-0.999,-0.995,-0.953,-0.769,0.955,-0.962,-0.945,-1.0,0.918,0.991,0.995,0.729,-0.978,-0.976,0.96,0.979,0.999,-0.788,0.995,0.998,-0.994,0.996,-0.998,-0.973,0.863,0.623,-0.998,-0.925,-0.85,0.984,-0.966,0.998,0.996,-0.987,0.665,0.924,0.977,0.912,-0.984,0.663,0.998,-0.621,-0.77,-0.986,0.985,-0.445,-0.999,0.999,0.975,-0.919,-0.993,0.997,-0.976,0.999,-0.986,-0.974,-0.92,0.726,-0.93,0.78,-0.985,-0.859,-0.992,0.987,-0.997,-0.998,-0.273,-0.972,-0.998,-0.988,-0.471,-0.638,0.914,0.942,0.999,-0.888,-0.445,-0.92,0.971,0.995,-0.927,-0.974,0.965,-0.951,0.929,0.998,-0.921,0.358,0.994,-0.724,0.996,0.905,-0.989,-0.994,-0.234,-0.994,-0.998,0.996,-0.965,-0.991,5.498,4.364,10.377,10.286,10.303,10.395,10.332,10.264,5.293,4.535,10.389,10.262,5.611,5.147,10.359,10.302,EssenceCatalog/problems/csplib-prob010-SocialGolfers/params/70e4145cfaf2baf6461bbd07f8450efe.param
-0.997,-0.974,-0.893,-0.744,0.96,-0.963,-0.981,-0.998,0.968,0.117,0.989,0.484,-0.988,-0.905,0.82,0.972,0.994,-0.605,0.992,0.994,-0.962,0.976,-0.996,-0.989,0.986,0.94,-0.996,-0.784,-0.917,0.955,-0.977,0.993,0.995,-0.987,0.885,0.975,0.989,0.803,-0.935,0.911,0.996,-0.808,-0.942,-0.992,0.983,0.953,-0.996,0.994,0.989,-0.952,-0.986,0.994,-0.904,0.998,-0.973,-0.846,0.67,0.799,-0.442,0.471,-0.964,-0.807,-0.946,0.972,-0.995,-0.994,-0.454,-0.945,-0.993,-0.974,-0.701,-0.915,0.568,0.986,0.995,-0.982,0.246,-0.977,0.669,0.95,-0.905,-0.764,0.834,-0.96,0.837,0.996,0.874,0.975,0.989,-0.958,0.995,0.963,-0.987,-0.992,0.692,-0.993,-0.994,0.99,-0.925,-0.914,6.658,5.154,10.404,10.39,10.418,10.397,10.385,10.37,6.144,5.35,10.421,10.399,6.395,6.343,10.445,10.389,EssenceCatalog/problems/csplib-prob010-SocialGolfers/params/c0a4d4696d45c9e428c2f097045687a1.param
-0.997,-0.972,-0.885,-0.741,0.947,-0.969,-0.98,-0.998,0.965,-0.125,0.989,0.556,-0.989,-0.903,0.825,0.971,0.994,-0.627,0.992,0.994,-0.958,0.976,-0.996,-0.989,0.986,0.938,-0.996,-0.787,-0.921,0.948,-0.977,0.994,0.996,-0.985,0.899,0.978,0.99,0.824,-0.942,0.924,0.996,-0.839,-0.945,-0.992,0.981,0.967,-0.997,0.994,0.989,-0.96,-0.989,0.994,-0.907,0.998,-0.97,-0.853,0.81,0.697,-0.464,0.491,-0.971,-0.809,-0.942,0.974,-0.995,-0.995,-0.61,-0.947,-0.993,-0.977,-0.724,-0.884,0.576,0.986,0.996,-0.985,0.436,-0.981,0.653,0.945,-0.912,-0.772,0.836,-0.958,0.839,0.996,0.919,0.964,0.989,-0.96,0.996,0.965,-0.989,-0.993,0.774,-0.992,-0.994,0.991,-0.891,-0.906,6.929,5.251,10.41,10.422,10.446,10.425,10.417,10.393,6.305,5.458,10.428,10.423,6.554,6.527,10.461,10.411,EssenceCatalog/problems/csplib-prob010-SocialGolfers/params/7c8c8e7acc9b461fb34dfca53d8f011d.param
-0.996,-0.982,-0.921,-0.743,0.972,-0.958,-0.975,-0.998,0.962,0.837,0.988,0.445,-0.987,-0.926,0.859,0.977,0.995,-0.571,0.99,0.994,-0.975,0.985,-0.996,-0.987,0.976,0.898,-0.996,-0.788,-0.869,0.97,-0.974,0.993,0.993,-0.992,0.746,0.957,0.981,0.791,-0.934,0.832,0.995,-0.684,-0.882,-0.99,0.987,0.753,-0.997,0.996,0.989,-0.921,-0.983,0.993,-0.913,0.998,-0.983,-0.895,-0.243,0.826,-0.618,0.491,-0.966,-0.777,-0.967,0.974,-0.996,-0.993,-0.269,-0.949,-0.993,-0.973,-0.566,-0.905,0.715,0.979,0.996,-0.956,-0.223,-0.954,0.78,0.975,-0.884,-0.816,0.861,-0.965,0.835,0.996,0.24,0.958,0.989,-0.906,0.993,0.95,-0.985,-0.992,0.33,-0.993,-0.994,0.992,-0.959,-0.956,5.9,4.78,10.43,10.343,10.365,10.374,10.348,10.326,5.648,4.946,10.429,10.35,5.91,5.713,10.421,10.369,EssenceCatalog/problems/csplib-prob010-SocialGolfers/params/82402fb3d4526c14b7530a95f289bc87.param
-0.996,-0.994,-0.94,-0.741,0.991,-0.922,-0.973,-0.999,0.945,0.991,0.99,0.535,-0.979,-0.961,0.933,0.971,0.998,-0.525,0.992,0.997,-0.994,0.979,-0.998,-0.979,0.973,0.905,-0.996,-0.905,-0.838,0.981,-0.97,0.993,0.988,-0.994,0.77,0.937,0.979,0.804,-0.952,0.543,0.998,-0.428,-0.877,-0.995,0.99,-0.347,-0.998,0.996,0.984,-0.876,-0.979,0.994,-0.963,0.999,-0.986,-0.907,-0.968,0.979,-0.747,0.638,-0.927,-0.871,-0.988,0.979,-0.996,-0.995,0.743,-0.962,-0.997,-0.973,-0.485,-0.962,0.821,0.953,0.997,-0.897,-0.886,-0.916,0.947,0.991,-0.871,-0.942,0.934,-0.966,0.911,0.995,-0.907,0.984,0.99,-0.882,0.993,0.88,-0.98,-0.984,-0.749,-0.993,-0.997,0.991,-0.995,-0.985,4.726,4.199,10.268,10.25,10.229,10.288,10.239,10.186,4.865,4.328,10.238,10.24,5.154,4.725,10.205,10.28,EssenceCatalog/problems/csplib-prob010-SocialGolfers/params/5e04cd5db6f93dbdbf5437fca9111504.param
-0.997,-0.968,-0.938,-0.881,0.886,-0.979,-0.989,-0.998,0.981,0.161,0.988,0.694,-0.995,-0.922,0.864,0.972,0.992,-0.495,0.985,0.994,-0.964,0.988,-0.994,-0.993,0.995,0.963,-0.996,-0.793,-0.906,0.96,-0.987,0.994,0.995,-0.992,0.746,0.959,0.985,0.884,-0.953,0.885,0.993,-0.894,-0.876,-0.989,0.993,0.89,-0.995,0.996,0.994,-0.951,-0.988,0.993,-0.886,0.997,-0.987,-0.94,0.755,-0.197,-0.792,0.669,-0.979,-0.83,-0.941,0.972,-0.997,-0.991,-0.729,-0.975,-0.99,-0.976,-0.77,-0.918,0.824,0.988,0.997,-0.954,0.387,-0.963,0.443,0.969,-0.877,-0.533,0.845,-0.986,0.773,0.997,0.746,0.885,0.989,-0.92,0.993,0.973,-0.991,-0.996,0.607,-0.993,-0.99,0.995,-0.658,-0.845,7.22,5.237,10.427,10.446,10.435,10.435,10.413,10.357,6.38,5.425,10.447,10.439,6.641,6.645,10.479,10.404,EssenceCatalog/problems/csplib-prob010-SocialGolfers/params/6e08c5fdfb0baaa852b431faadfaaa3b.param
-0.999,-0.971,-0.939,-0.924,0.475,-0.988,-0.994,-0.999,0.987,-0.9,0.994,0.882,-0.997,-0.948,0.89,0.97,0.994,-0.74,0.993,0.997,-0.958,0.987,-0.996,-0.994,0.998,0.987,-0.998,-0.877,-0.966,0.941,-0.993,0.997,0.998,-0.986,0.941,0.984,0.994,0.943,-0.979,0.966,0.996,-0.967,-0.961,-0.995,0.991,0.989,-0.996,0.996,0.994,-0.986,-0.996,0.996,-0.931,0.998,-0.984,-0.958,0.99,-0.757,-0.842,0.778,-0.99,-0.905,-0.92,0.983,-0.997,-0.997,-0.926,-0.984,-0.992,-0.987,-0.917,-0.871,0.88,0.994,0.998,-0.989,0.891,-0.99,0.467,0.961,-0.935,-0.645,0.891,-0.987,0.892,0.998,0.986,0.698,0.994,-0.971,0.998,0.985,-0.996,-0.998,0.936,-0.996,-0.993,0.996,0.224,-0.699,8.431,5.644,10.493,10.55,10.524,10.529,10.527,10.459,7.046,5.884,10.494,10.512,7.361,7.43,10.541,10.496,EssenceCatalog/problems/csplib-prob010-SocialGolfers/params/b8e64ce5afef90f865d2c785d8d4a958.param
-0.998,-0.996,0.955,-0.704,0.989,-0.878,-0.984,-0.998,-0.96,0.714,0.994,0.943,-0.946,-0.965,0.969,-0.986,0.994,-0.823,0.996,0.998,-0.98,-0.963,-0.996,0.987,0.999,0.983,-0.998,-0.93,-0.799,0.987,-0.961,0.999,0.996,0.982,0.868,-0.77,0.979,0.441,-0.99,-0.923,0.997,-0.984,-0.926,-0.992,-0.976,0.975,-0.996,0.998,-0.993,-0.977,-0.988,0.998,-0.928,0.996,0.867,-0.992,0.993,0.907,-0.926,0.85,-0.898,-0.892,-0.981,0.977,-0.998,-0.994,0.776,-0.989,-0.995,-0.964,-0.929,-0.972,0.924,0.94,0.999,-0.989,0.94,-0.99,0.981,0.996,-0.547,-0.93,0.96,0.145,0.913,0.998,-0.899,0.936,0.995,-0.982,0.994,-0.956,-0.996,-0.983,-0.954,-0.996,-0.985,0.995,-0.979,-0.972,4.327,3.409,4.957,10.107,10.537,10.413,10.544,10.585,4.2,3.646,5.027,10.081,4.742,4.346,5.954,10.061,EssenceCatalog/problems/csplib-prob010-SocialGolfers/params/b6d9ce062b15a54ca201f9903acc8ef2.param
-0.996,-0.988,-0.938,-0.733,0.985,-0.946,-0.972,-0.999,0.961,0.958,0.989,0.45,-0.983,-0.943,0.895,0.978,0.997,-0.582,0.99,0.996,-0.986,0.985,-0.997,-0.987,0.97,0.884,-0.995,-0.833,-0.853,0.978,-0.971,0.992,0.991,-0.993,0.734,0.951,0.98,0.806,-0.941,0.735,0.997,-0.543,-0.877,-0.992,0.989,0.435,-0.998,0.996,0.988,-0.903,-0.982,0.993,-0.937,0.998,-0.985,-0.884,-0.817,0.926,-0.658,0.526,-0.95,-0.825,-0.979,0.977,-0.996,-0.994,0.163,-0.954,-0.995,-0.973,-0.477,-0.934,0.73,0.97,0.996,-0.936,-0.647,-0.938,0.848,0.98,-0.885,-0.879,0.894,-0.965,0.866,0.995,-0.39,0.974,0.989,-0.895,0.993,0.935,-0.98,-0.989,-0.188,-0.992,-0.996,0.99,-0.984,-0.971,5.238,4.47,10.38,10.289,10.281,10.321,10.287,10.244,5.224,4.621,10.363,10.282,5.489,5.177,10.329,10.321,EssenceCatalog/problems/csplib-prob010-SocialGolfers/params/6ce8b20052fbff3cb8ff7d23bac75459.param
-0.996,-0.988,-0.94,-0.745,0.984,-0.947,-0.974,-0.999,0.962,0.96,0.989,0.444,-0.984,-0.945,0.895,0.978,0.997,-0.575,0.99,0.996,-0.987,0.986,-0.997,-0.987,0.971,0.886,-0.996,-0.84,-0.853,0.978,-0.972,0.992,0.991,-0.993,0.719,0.948,0.98,0.799,-0.943,0.739,0.997,-0.553,-0.869,-0.992,0.989,0.412,-0.998,0.996,0.987,-0.9,-0.982,0.993,-0.936,0.998,-0.986,-0.896,-0.817,0.921,-0.684,0.535,-0.953,-0.832,-0.98,0.977,-0.996,-0.994,0.167,-0.956,-0.995,-0.974,-0.502,-0.936,0.751,0.971,0.996,-0.933,-0.639,-0.939,0.858,0.981,-0.886,-0.879,0.897,-0.965,0.866,0.995,-0.441,0.97,0.99,-0.887,0.993,0.935,-0.981,-0.99,-0.191,-0.993,-0.996,0.991,-0.982,-0.971,5.242,4.467,10.389,10.302,10.292,10.334,10.299,10.253,5.224,4.618,10.372,10.294,5.491,5.174,10.339,10.334,EssenceCatalog/problems/csplib-prob010-SocialGolfers/params/7cae4d851c1143cc39f95948256940aa.param
-0.997,-0.976,-0.904,-0.676,0.967,-0.955,-0.967,-0.999,0.955,0.486,0.989,0.455,-0.982,-0.904,0.83,0.978,0.995,-0.631,0.992,0.994,-0.967,0.981,-0.996,-0.988,0.968,0.878,-0.996,-0.801,-0.905,0.95,-0.969,0.992,0.995,-0.986,0.874,0.977,0.988,0.77,-0.939,0.908,0.996,-0.711,-0.929,-0.991,0.981,0.923,-0.997,0.994,0.987,-0.945,-0.987,0.993,-0.913,0.998,-0.97,-0.8,0.355,0.864,-0.421,0.462,-0.963,-0.78,-0.959,0.975,-0.993,-0.995,-0.468,-0.935,-0.994,-0.977,-0.603,-0.845,0.504,0.98,0.995,-0.98,0.194,-0.974,0.772,0.946,-0.912,-0.857,0.841,-0.936,0.853,0.995,0.818,0.967,0.988,-0.947,0.995,0.958,-0.983,-0.991,0.662,-0.991,-0.995,0.988,-0.95,-0.944,6.43,5.048,10.408,10.337,10.379,10.371,10.354,10.379,6.013,5.241,10.424,10.36,6.266,6.144,10.432,10.356,EssenceCatalog/problems/csplib-prob010-SocialGolfers/params/206788a6d951b3349a47b5747071e3ef.param
-0.999,-0.991,-0.97,-0.855,0.897,-0.965,-0.971,-0.999,0.954,0.981,0.994,0.79,-0.986,-0.969,0.951,0.989,0.998,-0.728,0.993,0.998,-0.992,0.997,-0.996,-0.987,0.949,0.799,-0.998,-0.91,-0.86,0.976,-0.976,0.996,0.995,-0.994,0.617,0.943,0.972,0.884,-0.979,0.767,0.998,-0.599,-0.721,-0.987,0.994,-0.203,-0.998,0.998,0.988,-0.921,-0.991,0.994,-0.965,0.999,-0.992,-0.959,-0.838,0.202,-0.922,0.737,-0.98,-0.871,-0.988,0.984,-0.997,-0.997,-0.567,-0.973,-0.997,-0.986,-0.549,-0.682,0.919,0.962,0.998,-0.875,0.016,-0.919,0.934,0.992,-0.916,-0.955,0.952,-0.97,0.908,0.997,-0.771,0.24,0.991,-0.786,0.995,0.956,-0.986,-0.995,-0.019,-0.991,-0.996,0.995,-0.91,-0.981,6.025,4.548,10.467,10.371,10.375,10.453,10.39,10.337,5.598,4.721,10.459,10.354,5.904,5.491,10.441,10.37,EssenceCatalog/problems/csplib-prob010-SocialGolfers/params/7d058894fb6cb32c1f8aa7d8796a6d60.param
-0.998,-0.975,-0.935,-0.785,0.901,-0.971,-0.969,-0.998,0.955,0.715,0.99,0.676,-0.987,-0.926,0.891,0.982,0.994,-0.595,0.99,0.995,-0.974,0.993,-0.994,-0.989,0.977,0.88,-0.997,-0.826,-0.885,0.955,-0.977,0.994,0.995,-0.99,0.721,0.964,0.98,0.861,-0.961,0.868,0.995,-0.762,-0.832,-0.986,0.99,0.76,-0.997,0.997,0.989,-0.943,-0.989,0.992,-0.913,0.998,-0.983,-0.916,0.324,0.139,-0.786,0.621,-0.979,-0.798,-0.964,0.975,-0.995,-0.993,-0.732,-0.962,-0.994,-0.98,-0.582,-0.736,0.792,0.979,0.997,-0.951,0.502,-0.953,0.748,0.971,-0.9,-0.832,0.885,-0.96,0.824,0.997,0.49,0.751,0.988,-0.897,0.994,0.963,-0.988,-0.995,0.589,-0.991,-0.993,0.993,-0.818,-0.937,6.884,5.08,10.47,10.46,10.466,10.51,10.462,10.446,6.199,5.264,10.483,10.47,6.473,6.317,10.508,10.438,EssenceCatalog/problems/csplib-prob010-SocialGolfers/params/0d34abed65c8f38081ec7dfa088ff60c.param
-0.996,-0.986,-0.93,-0.714,0.983,-0.947,-0.972,-0.999,0.963,0.926,0.988,0.394,-0.983,-0.935,0.873,0.979,0.996,-0.589,0.99,0.995,-0.983,0.984,-0.997,-0.988,0.97,0.887,-0.995,-0.817,-0.867,0.975,-0.971,0.991,0.992,-0.993,0.768,0.959,0.982,0.783,-0.932,0.792,0.997,-0.566,-0.892,-0.992,0.988,0.632,-0.997,0.995,0.989,-0.91,-0.982,0.993,-0.927,0.998,-0.984,-0.866,-0.685,0.927,-0.583,0.487,-0.952,-0.807,-0.974,0.975,-0.995,-0.993,0.059,-0.946,-0.995,-0.971,-0.497,-0.931,0.677,0.974,0.995,-0.951,-0.562,-0.947,0.822,0.975,-0.888,-0.861,0.874,-0.962,0.858,0.995,-0.073,0.977,0.989,-0.909,0.993,0.942,-0.98,-0.989,0.016,-0.992,-0.995,0.99,-0.98,-0.966,5.413,4.575,10.392,10.282,10.292,10.309,10.288,10.261,5.347,4.733,10.376,10.281,5.609,5.341,10.348,10.322,EssenceCatalog/problems/csplib-prob010-SocialGolfers/params/fdd2af5c25fb251465d1365e9f0dcced.param
-0.997,-0.988,-0.957,-0.808,0.969,-0.956,-0.973,-0.999,0.964,0.975,0.99,0.635,-0.986,-0.952,0.925,0.981,0.997,-0.57,0.989,0.996,-0.989,0.992,-0.996,-0.988,0.972,0.88,-0.996,-0.868,-0.831,0.978,-0.976,0.993,0.991,-0.995,0.606,0.931,0.976,0.855,-0.956,0.672,0.997,-0.621,-0.784,-0.99,0.993,-0.013,-0.998,0.997,0.989,-0.895,-0.984,0.993,-0.942,0.998,-0.991,-0.934,-0.872,0.758,-0.834,0.661,-0.965,-0.845,-0.983,0.977,-0.997,-0.994,-0.093,-0.97,-0.995,-0.977,-0.505,-0.901,0.865,0.967,0.997,-0.878,-0.522,-0.911,0.871,0.988,-0.873,-0.893,0.919,-0.977,0.865,0.996,-0.714,0.9,0.989,-0.835,0.993,0.94,-0.984,-0.993,-0.316,-0.992,-0.996,0.994,-0.969,-0.972,5.334,4.415,10.409,10.337,10.311,10.378,10.324,10.265,5.246,4.571,10.4,10.32,5.521,5.165,10.366,10.347,EssenceCatalog/problems/csplib-prob010-SocialGolfers/params/5a68a93c57b63d9e7fae933c2f7f482c.param
-0.997,-0.973,-0.88,-0.734,0.954,-0.966,-0.981,-0.998,0.964,-0.028,0.989,0.52,-0.988,-0.901,0.821,0.968,0.994,-0.614,0.992,0.994,-0.96,0.975,-0.996,-0.987,0.986,0.938,-0.996,-0.78,-0.917,0.952,-0.977,0.994,0.996,-0.985,0.894,0.976,0.989,0.805,-0.936,0.917,0.996,-0.833,-0.943,-0.992,0.981,0.96,-0.996,0.995,0.988,-0.956,-0.987,0.994,-0.904,0.998,-0.97,-0.856,0.768,0.771,-0.444,0.49,-0.969,-0.8,-0.944,0.973,-0.995,-0.995,-0.525,-0.946,-0.993,-0.975,-0.708,-0.895,0.578,0.986,0.996,-0.984,0.381,-0.98,0.685,0.952,-0.908,-0.778,0.834,-0.958,0.841,0.996,0.894,0.971,0.989,-0.96,0.995,0.961,-0.989,-0.993,0.738,-0.993,-0.994,0.991,-0.916,-0.916,6.804,5.209,10.4,10.411,10.436,10.418,10.405,10.384,6.233,5.41,10.42,10.416,6.484,6.442,10.449,10.403,EssenceCatalog/problems/csplib-prob010-SocialGolfers/params/ff962bafbe41ee809ecc15cef7e4ea3e.param
-0.999,-0.986,-0.97,-0.891,0.681,-0.975,-0.977,-0.999,0.949,0.921,0.994,0.861,-0.989,-0.965,0.95,0.988,0.997,-0.74,0.992,0.997,-0.988,0.997,-0.996,-0.988,0.974,0.867,-0.998,-0.905,-0.886,0.968,-0.982,0.996,0.996,-0.991,0.625,0.951,0.973,0.905,-0.985,0.824,0.997,-0.738,-0.708,-0.985,0.993,0.258,-0.998,0.998,0.988,-0.95,-0.993,0.993,-0.953,0.999,-0.988,-0.965,-0.25,-0.638,-0.942,0.779,-0.985,-0.879,-0.984,0.983,-0.996,-0.996,-0.839,-0.979,-0.996,-0.988,-0.654,-0.505,0.93,0.973,0.998,-0.911,0.662,-0.939,0.898,0.986,-0.922,-0.935,0.948,-0.969,0.883,0.998,-0.336,-0.354,0.992,-0.817,0.994,0.967,-0.989,-0.997,0.463,-0.991,-0.995,0.994,-0.555,-0.963,7.202,4.916,10.444,10.417,10.41,10.512,10.449,10.405,6.234,5.12,10.443,10.401,6.572,6.228,10.447,10.377,EssenceCatalog/problems/csplib-prob010-SocialGolfers/params/120689ab007c949477db070ed692b46c.param
-0.996,-0.989,-0.937,-0.747,0.985,-0.946,-0.974,-0.999,0.96,0.963,0.989,0.443,-0.983,-0.946,0.898,0.977,0.997,-0.572,0.99,0.996,-0.987,0.985,-0.997,-0.986,0.971,0.89,-0.996,-0.843,-0.851,0.979,-0.971,0.993,0.991,-0.993,0.723,0.946,0.98,0.797,-0.943,0.722,0.997,-0.555,-0.872,-0.992,0.989,0.381,-0.998,0.996,0.987,-0.899,-0.981,0.993,-0.938,0.998,-0.986,-0.9,-0.836,0.932,-0.684,0.535,-0.952,-0.834,-0.981,0.977,-0.996,-0.994,0.228,-0.957,-0.995,-0.973,-0.502,-0.94,0.754,0.97,0.996,-0.932,-0.664,-0.937,0.867,0.982,-0.883,-0.883,0.9,-0.965,0.87,0.995,-0.494,0.973,0.99,-0.89,0.993,0.932,-0.981,-0.989,-0.246,-0.993,-0.996,0.991,-0.984,-0.973,5.187,4.443,10.379,10.299,10.287,10.332,10.294,10.246,5.188,4.591,10.362,10.291,5.457,5.131,10.327,10.329,EssenceCatalog/problems/csplib-prob010-SocialGolfers/params/5e1494d4e19794c132c4656ee5f43f93.param
-0.963,-0.805,-0.679,0.836,0.939,0.928,0.921,-0.996,-0.943,0.919,0.789,0.891,0.959,-0.912,0.877,0.938,0.984,-0.867,0.963,0.83,-0.808,-0.92,-0.987,0.625,-0.911,-0.81,0.923,-0.895,-0.893,0.416,0.93,-0.926,-0.691,0.944,0.955,0.91,0.881,0.782,-0.95,-0.643,0.991,0.952,-0.97,-0.955,-0.84,0.625,-0.985,-0.993,-0.897,-0.928,-0.966,0.756,-0.964,0.991,0.925,0.972,-0.977,0.944,-0.091,-0.745,0.976,-0.928,-0.964,0.944,0.987,-0.987,0.872,0.264,-0.979,-0.98,0.075,0.775,-0.965,-0.914,-0.991,-0.858,-0.067,-0.787,0.863,-0.987,-0.895,-0.957,0.845,0.956,0.937,-0.948,0.931,0.809,0.603,-0.914,0.945,-0.928,0.933,0.993,-0.72,0.908,-0.946,-0.995,-0.752,-0.179,2.086,1.653,1.917,4.498,2.989,2.239,3.513,7.954,2.158,1.714,1.986,4.472,2.468,1.83,2.333,4.484,EssenceCatalog/problems/csplib-prob010-SocialGolfers/params/ord11-7-6-3.param
-1.0,-0.994,-0.379,0.51,0.977,-0.911,-0.177,-1.0,-0.919,0.746,0.997,0.761,0.069,-0.936,0.926,0.809,0.998,-0.939,0.998,0.999,-0.989,0.941,-0.999,0.209,-0.567,-0.632,-0.995,-0.947,-0.951,0.912,-0.464,0.994,0.994,0.58,0.965,0.984,0.996,0.939,-0.997,0.591,0.999,-0.409,-0.972,-0.98,-0.865,0.928,-1.0,0.985,-0.832,-0.981,-0.997,0.995,-0.97,0.999,0.491,-0.729,0.696,0.931,-0.803,0.263,-0.953,-0.907,-0.988,0.994,-0.931,-1.0,-0.433,-0.917,-0.997,-0.991,-0.36,0.771,-0.659,0.701,0.989,-0.995,0.879,-0.99,0.964,0.716,-0.983,-0.991,0.962,0.914,0.954,0.996,0.713,0.466,0.993,-0.953,0.999,0.114,-0.979,-0.925,0.771,-0.965,-0.997,0.943,-0.939,-0.969,5.184,3.899,6.384,8.487,9.213,8.998,9.516,10.095,4.971,4.263,6.506,8.558,5.253,4.769,6.95,8.698,EssenceCatalog/problems/csplib-prob010-SocialGolfers/params/207e16e9e399027d5c45efa7222ce14f.param
-0.998,-0.984,-0.958,-0.831,0.885,-0.969,-0.97,-0.999,0.951,0.931,0.991,0.744,-0.987,-0.95,0.928,0.985,0.996,-0.653,0.99,0.996,-0.985,0.995,-0.995,-0.988,0.968,0.847,-0.998,-0.866,-0.86,0.967,-0.976,0.994,0.995,-0.992,0.613,0.95,0.973,0.873,-0.973,0.811,0.996,-0.684,-0.738,-0.985,0.992,0.331,-0.998,0.998,0.988,-0.933,-0.989,0.992,-0.937,0.998,-0.987,-0.945,-0.401,-0.034,-0.884,0.686,-0.979,-0.831,-0.979,0.978,-0.996,-0.995,-0.705,-0.971,-0.995,-0.983,-0.538,-0.684,0.88,0.971,0.997,-0.912,0.387,-0.932,0.862,0.984,-0.901,-0.907,0.925,-0.964,0.854,0.997,-0.267,0.414,0.99,-0.835,0.994,0.959,-0.988,-0.996,0.349,-0.991,-0.994,0.994,-0.839,-0.963,6.532,4.804,10.467,10.409,10.416,10.479,10.424,10.393,5.923,4.983,10.465,10.41,6.216,5.913,10.466,10.395,EssenceCatalog/problems/csplib-prob010-SocialGolfers/params/1b817f3f8bb6caafce50907003b71471.param
-0.997,-0.972,-0.896,-0.75,0.951,-0.965,-0.98,-0.998,0.969,0.08,0.988,0.486,-0.989,-0.907,0.819,0.974,0.994,-0.615,0.991,0.994,-0.961,0.98,-0.996,-0.989,0.986,0.938,-0.996,-0.777,-0.917,0.955,-0.977,0.994,0.996,-0.988,0.878,0.976,0.988,0.809,-0.937,0.92,0.995,-0.818,-0.935,-0.991,0.985,0.953,-0.996,0.995,0.99,-0.953,-0.987,0.993,-0.902,0.998,-0.975,-0.862,0.715,0.731,-0.488,0.472,-0.97,-0.795,-0.944,0.972,-0.995,-0.994,-0.544,-0.946,-0.992,-0.974,-0.705,-0.899,0.601,0.986,0.996,-0.981,0.333,-0.977,0.669,0.953,-0.905,-0.761,0.83,-0.962,0.831,0.996,0.882,0.966,0.989,-0.954,0.995,0.967,-0.988,-0.993,0.74,-0.993,-0.994,0.991,-0.906,-0.913,6.776,5.19,10.414,10.404,10.433,10.414,10.401,10.382,6.211,5.39,10.432,10.411,6.463,6.418,10.46,10.401,EssenceCatalog/problems/csplib-prob010-SocialGolfers/params/e3093acf1b0ee31e168da6a312c480a7.param
-0.997,-0.974,-0.885,-0.706,0.961,-0.963,-0.977,-0.998,0.962,0.167,0.989,0.479,-0.987,-0.9,0.821,0.971,0.994,-0.622,0.992,0.994,-0.963,0.977,-0.996,-0.988,0.982,0.925,-0.996,-0.778,-0.911,0.954,-0.974,0.994,0.995,-0.986,0.884,0.976,0.989,0.798,-0.933,0.912,0.996,-0.8,-0.938,-0.991,0.981,0.95,-0.997,0.995,0.988,-0.951,-0.986,0.994,-0.906,0.998,-0.971,-0.845,0.669,0.809,-0.421,0.464,-0.967,-0.791,-0.948,0.973,-0.995,-0.994,-0.487,-0.941,-0.993,-0.974,-0.671,-0.889,0.564,0.984,0.996,-0.982,0.28,-0.977,0.703,0.952,-0.908,-0.795,0.834,-0.954,0.84,0.996,0.867,0.972,0.989,-0.956,0.995,0.961,-0.987,-0.992,0.708,-0.992,-0.994,0.99,-0.932,-0.927,6.653,5.148,10.395,10.379,10.41,10.394,10.379,10.37,6.143,5.345,10.415,10.391,6.395,6.33,10.437,10.379,EssenceCatalog/problems/csplib-prob010-SocialGolfers/params/e17b37c22a6ded18e37da983669014d1.param
-0.997,-0.969,-0.943,-0.888,0.825,-0.98,-0.988,-0.998,0.976,0.334,0.989,0.761,-0.994,-0.928,0.888,0.975,0.992,-0.531,0.985,0.995,-0.968,0.991,-0.993,-0.991,0.994,0.954,-0.997,-0.809,-0.9,0.958,-0.986,0.995,0.996,-0.991,0.689,0.954,0.983,0.897,-0.964,0.87,0.993,-0.888,-0.836,-0.988,0.993,0.837,-0.996,0.997,0.993,-0.952,-0.99,0.992,-0.895,0.997,-0.988,-0.95,0.722,-0.501,-0.851,0.712,-0.982,-0.83,-0.95,0.974,-0.997,-0.992,-0.807,-0.978,-0.991,-0.979,-0.744,-0.857,0.865,0.986,0.998,-0.945,0.55,-0.958,0.528,0.972,-0.884,-0.617,0.869,-0.984,0.779,0.997,0.646,0.718,0.989,-0.899,0.993,0.972,-0.991,-0.997,0.612,-0.993,-0.99,0.995,-0.515,-0.869,7.423,5.245,10.438,10.468,10.441,10.471,10.436,10.388,6.466,5.439,10.452,10.458,6.744,6.706,10.487,10.41,EssenceCatalog/problems/csplib-prob010-SocialGolfers/params/c0097110ded0b2659948cf6e5fb4c987.param
-0.996,-0.983,-0.914,-0.696,0.982,-0.95,-0.971,-0.999,0.96,0.868,0.988,0.406,-0.984,-0.924,0.86,0.976,0.996,-0.582,0.991,0.994,-0.979,0.981,-0.996,-0.986,0.973,0.89,-0.996,-0.798,-0.872,0.971,-0.972,0.992,0.993,-0.991,0.793,0.961,0.983,0.775,-0.927,0.815,0.996,-0.629,-0.901,-0.991,0.986,0.762,-0.997,0.995,0.988,-0.921,-0.982,0.993,-0.919,0.998,-0.981,-0.858,-0.422,0.917,-0.515,0.48,-0.956,-0.789,-0.969,0.973,-0.995,-0.993,-0.076,-0.943,-0.994,-0.971,-0.513,-0.922,0.642,0.977,0.995,-0.961,-0.392,-0.956,0.793,0.972,-0.888,-0.844,0.861,-0.96,0.847,0.995,0.218,0.978,0.988,-0.923,0.993,0.943,-0.982,-0.99,0.2,-0.992,-0.995,0.99,-0.976,-0.961,5.646,4.693,10.394,10.288,10.312,10.315,10.299,10.285,5.502,4.858,10.388,10.295,5.764,5.543,10.368,10.326,EssenceCatalog/problems/csplib-prob010-SocialGolfers/params/4408ae61a0e05e1ec5c8f499cedc7afe.param
-0.998,-0.988,-0.953,-0.766,0.966,-0.958,-0.961,-0.999,0.953,0.974,0.991,0.608,-0.983,-0.953,0.927,0.984,0.997,-0.6,0.991,0.997,-0.989,0.994,-0.996,-0.987,0.954,0.809,-0.997,-0.869,-0.84,0.975,-0.971,0.994,0.993,-0.994,0.654,0.95,0.974,0.846,-0.959,0.743,0.997,-0.584,-0.794,-0.988,0.992,0.009,-0.998,0.998,0.989,-0.903,-0.985,0.994,-0.944,0.999,-0.99,-0.93,-0.82,0.764,-0.819,0.632,-0.973,-0.825,-0.982,0.979,-0.996,-0.995,-0.252,-0.963,-0.996,-0.98,-0.462,-0.815,0.852,0.964,0.997,-0.898,-0.3,-0.921,0.906,0.989,-0.893,-0.925,0.926,-0.966,0.877,0.997,-0.646,0.842,0.989,-0.835,0.994,0.942,-0.985,-0.993,-0.103,-0.991,-0.996,0.994,-0.967,-0.976,5.498,4.478,10.418,10.329,10.324,10.389,10.34,10.291,5.351,4.64,10.412,10.321,5.629,5.268,10.386,10.344,EssenceCatalog/problems/csplib-prob010-SocialGolfers/params/9fc1db6a45a62bb948c1756e4d9ddb2e.param
-0.999,-0.971,-0.946,-0.906,0.404,-0.986,-0.992,-0.999,0.986,-0.857,0.994,0.841,-0.995,-0.943,0.878,0.98,0.994,-0.743,0.994,0.997,-0.96,0.993,-0.996,-0.995,0.996,0.977,-0.998,-0.871,-0.962,0.919,-0.991,0.997,0.998,-0.99,0.933,0.987,0.993,0.931,-0.98,0.974,0.995,-0.95,-0.951,-0.993,0.992,0.985,-0.997,0.996,0.995,-0.982,-0.996,0.996,-0.934,0.999,-0.982,-0.947,0.981,-0.711,-0.84,0.754,-0.99,-0.887,-0.923,0.982,-0.996,-0.996,-0.931,-0.978,-0.993,-0.988,-0.884,-0.77,0.851,0.992,0.998,-0.988,0.894,-0.989,0.579,0.953,-0.946,-0.739,0.891,-0.975,0.896,0.998,0.983,0.568,0.993,-0.964,0.998,0.989,-0.996,-0.998,0.957,-0.995,-0.994,0.995,0.041,-0.769,8.41,5.625,10.49,10.533,10.518,10.527,10.522,10.464,7.039,5.875,10.482,10.499,7.356,7.39,10.533,10.49,EssenceCatalog/problems/csplib-prob010-SocialGolfers/params/5c06208ac8b0217cce804373d8ceb42d.param
-0.996,-0.972,-0.938,-0.869,0.918,-0.976,-0.987,-0.998,0.977,0.517,0.987,0.664,-0.994,-0.924,0.872,0.971,0.993,-0.477,0.984,0.994,-0.968,0.988,-0.994,-0.991,0.993,0.952,-0.996,-0.783,-0.885,0.967,-0.985,0.994,0.994,-0.992,0.679,0.947,0.982,0.876,-0.949,0.839,0.993,-0.867,-0.848,-0.989,0.993,0.809,-0.995,0.997,0.993,-0.938,-0.986,0.992,-0.886,0.997,-0.988,-0.94,0.505,-0.023,-0.801,0.654,-0.976,-0.817,-0.951,0.971,-0.997,-0.99,-0.651,-0.973,-0.99,-0.975,-0.716,-0.916,0.829,0.985,0.997,-0.939,0.182,-0.951,0.502,0.973,-0.867,-0.573,0.848,-0.985,0.759,0.996,0.513,0.891,0.988,-0.897,0.992,0.966,-0.99,-0.996,0.418,-0.993,-0.99,0.994,-0.767,-0.884,6.812,5.067,10.42,10.417,10.404,10.415,10.384,10.334,6.139,5.24,10.437,10.414,6.398,6.338,10.457,10.385,EssenceCatalog/problems/csplib-prob010-SocialGolfers/params/2fa5d3c9570204053ba74a6ec47272b0.param
-0.997,-0.975,-0.92,-0.703,0.936,-0.965,-0.96,-0.998,0.949,0.641,0.989,0.571,-0.983,-0.913,0.868,0.982,0.994,-0.627,0.991,0.995,-0.97,0.991,-0.995,-0.988,0.962,0.832,-0.997,-0.81,-0.888,0.95,-0.97,0.994,0.995,-0.988,0.804,0.973,0.983,0.824,-0.951,0.898,0.995,-0.727,-0.879,-0.986,0.986,0.851,-0.997,0.997,0.988,-0.943,-0.988,0.993,-0.911,0.998,-0.977,-0.881,0.415,0.538,-0.646,0.545,-0.978,-0.765,-0.96,0.975,-0.994,-0.994,-0.696,-0.946,-0.994,-0.979,-0.533,-0.686,0.697,0.978,0.996,-0.968,0.472,-0.963,0.783,0.965,-0.913,-0.862,0.873,-0.938,0.835,0.997,0.68,0.854,0.988,-0.913,0.994,0.962,-0.987,-0.994,0.699,-0.99,-0.994,0.992,-0.893,-0.948,6.749,5.094,10.437,10.403,10.433,10.462,10.427,10.432,6.163,5.283,10.457,10.423,6.432,6.279,10.476,10.4,EssenceCatalog/problems/csplib-prob010-SocialGolfers/params/d308db3d3c8510388cec77c1c34b919d.param
-0.999,-0.991,-0.979,-0.904,0.694,-0.971,-0.978,-0.999,0.957,0.97,0.995,0.879,-0.99,-0.977,0.958,0.992,0.998,-0.805,0.993,0.998,-0.991,0.997,-0.997,-0.989,0.956,0.805,-0.998,-0.934,-0.894,0.976,-0.982,0.997,0.996,-0.994,0.674,0.951,0.975,0.907,-0.988,0.841,0.998,-0.686,-0.717,-0.987,0.995,-0.046,-0.999,0.999,0.991,-0.945,-0.995,0.995,-0.973,0.999,-0.992,-0.969,-0.69,-0.527,-0.947,0.806,-0.987,-0.901,-0.989,0.987,-0.996,-0.998,-0.819,-0.978,-0.997,-0.99,-0.645,-0.438,0.946,0.967,0.998,-0.9,0.407,-0.937,0.944,0.991,-0.932,-0.963,0.963,-0.976,0.929,0.998,-0.656,-0.5,0.992,-0.765,0.995,0.969,-0.986,-0.996,0.335,-0.991,-0.997,0.995,-0.669,-0.98,6.893,4.763,10.481,10.384,10.402,10.498,10.434,10.397,6.04,4.965,10.475,10.366,6.387,5.959,10.461,10.369,EssenceCatalog/problems/csplib-prob010-SocialGolfers/params/e955899ae6798d0e343da8cb4e6ca04e.param
-0.998,-0.996,0.706,-0.88,0.989,-0.939,-0.997,-0.999,-0.599,0.669,0.995,0.912,-0.993,-0.964,0.955,-0.898,0.996,-0.707,0.995,0.998,-0.979,-0.722,-0.997,0.802,0.999,0.991,-0.999,-0.881,-0.873,0.992,-0.985,1.0,0.998,0.76,0.803,-0.497,0.984,0.595,-0.984,-0.68,0.997,-0.981,-0.916,-0.994,-0.688,0.938,-0.997,0.999,-0.829,-0.977,-0.987,0.998,-0.943,0.997,-0.007,-0.99,0.973,0.831,-0.905,0.822,-0.945,-0.88,-0.986,0.982,-0.999,-0.996,0.459,-0.993,-0.996,-0.965,-0.917,-0.987,0.937,0.979,0.999,-0.984,0.798,-0.989,0.968,0.997,-0.56,-0.885,0.944,-0.801,0.904,0.999,-0.877,0.96,0.996,-0.975,0.994,-0.712,-0.997,-0.995,-0.895,-0.998,-0.989,0.997,-0.981,-0.979,4.629,3.681,5.961,10.26,10.567,10.489,10.546,10.509,4.488,3.866,6.041,10.212,4.947,4.62,6.816,10.186,EssenceCatalog/problems/csplib-prob010-SocialGolfers/params/5cf3ba5be11843fed987ac54ce338b42.param
-0.999,-0.991,-0.975,-0.905,0.739,-0.969,-0.979,-0.999,0.942,0.979,0.995,0.894,-0.989,-0.978,0.965,0.989,0.998,-0.804,0.994,0.998,-0.993,0.997,-0.997,-0.984,0.964,0.846,-0.998,-0.942,-0.888,0.976,-0.981,0.997,0.996,-0.991,0.646,0.935,0.973,0.904,-0.989,0.743,0.998,-0.681,-0.681,-0.987,0.993,-0.251,-0.999,0.999,0.983,-0.942,-0.995,0.995,-0.975,0.999,-0.99,-0.973,-0.746,-0.469,-0.959,0.812,-0.986,-0.906,-0.991,0.987,-0.997,-0.998,-0.732,-0.982,-0.997,-0.99,-0.675,-0.553,0.951,0.966,0.998,-0.886,0.418,-0.93,0.954,0.992,-0.926,-0.971,0.97,-0.97,0.929,0.998,-0.813,-0.499,0.992,-0.781,0.995,0.954,-0.988,-0.996,0.083,-0.991,-0.997,0.995,-0.747,-0.983,6.68,4.666,10.445,10.388,10.39,10.497,10.416,10.365,5.905,4.859,10.436,10.365,6.249,5.798,10.423,10.36,EssenceCatalog/problems/csplib-prob010-SocialGolfers/params/14482ddc4e061fe3ccd2392aaaaf08a6.param
-0.998,-0.982,-0.947,-0.76,0.89,-0.97,-0.959,-0.999,0.947,0.846,0.991,0.678,-0.983,-0.941,0.907,0.988,0.995,-0.685,0.992,0.996,-0.98,0.996,-0.995,-0.988,0.947,0.781,-0.998,-0.847,-0.889,0.959,-0.973,0.994,0.995,-0.99,0.741,0.971,0.977,0.865,-0.966,0.891,0.996,-0.658,-0.825,-0.984,0.989,0.682,-0.998,0.998,0.988,-0.943,-0.99,0.993,-0.935,0.998,-0.984,-0.922,0.008,0.24,-0.806,0.618,-0.982,-0.796,-0.973,0.979,-0.995,-0.995,-0.763,-0.954,-0.995,-0.983,-0.483,-0.512,0.803,0.971,0.997,-0.951,0.522,-0.954,0.861,0.978,-0.929,-0.913,0.907,-0.942,0.87,0.997,0.332,0.542,0.99,-0.869,0.995,0.966,-0.989,-0.995,0.643,-0.989,-0.995,0.993,-0.852,-0.963,6.809,5.009,10.482,10.419,10.451,10.508,10.467,10.473,6.148,5.199,10.494,10.435,6.44,6.189,10.504,10.421,EssenceCatalog/problems/csplib-prob010-SocialGolfers/params/b8f851849f1513cb3bf3b532a7a2d5ca.param
-0.998,-0.994,-0.963,-0.806,0.979,-0.949,-0.968,-0.999,0.953,0.993,0.993,0.684,-0.982,-0.97,0.953,0.981,0.998,-0.608,0.992,0.998,-0.995,0.993,-0.998,-0.984,0.959,0.853,-0.997,-0.916,-0.827,0.982,-0.97,0.995,0.991,-0.994,0.652,0.928,0.975,0.869,-0.969,0.553,0.998,-0.512,-0.793,-0.992,0.993,-0.558,-0.999,0.998,0.986,-0.88,-0.987,0.995,-0.968,0.999,-0.991,-0.952,-0.966,0.879,-0.89,0.703,-0.964,-0.879,-0.99,0.983,-0.997,-0.996,0.321,-0.974,-0.997,-0.981,-0.512,-0.903,0.908,0.953,0.998,-0.838,-0.744,-0.895,0.95,0.994,-0.889,-0.954,0.953,-0.974,0.907,0.997,-0.935,0.878,0.991,-0.808,0.994,0.911,-0.985,-0.991,-0.65,-0.993,-0.997,0.994,-0.985,-0.986,4.993,4.247,10.356,10.314,10.281,10.363,10.298,10.237,5.018,4.391,10.339,10.292,5.308,4.87,10.307,10.324,EssenceCatalog/problems/csplib-prob010-SocialGolfers/params/c13f32d59420305e5828e8111c471bb3.param
-0.998,-0.996,-0.951,-0.834,0.983,-0.948,-0.975,-0.999,0.928,0.995,0.994,0.733,-0.983,-0.977,0.966,0.964,0.999,-0.592,0.993,0.998,-0.996,0.988,-0.998,-0.971,0.97,0.883,-0.997,-0.937,-0.817,0.985,-0.971,0.997,0.992,-0.99,0.639,0.885,0.974,0.867,-0.979,0.332,0.999,-0.579,-0.788,-0.993,0.988,-0.72,-0.999,0.999,0.974,-0.88,-0.989,0.996,-0.975,0.999,-0.988,-0.968,-0.971,0.903,-0.923,0.739,-0.962,-0.899,-0.993,0.984,-0.998,-0.997,0.554,-0.981,-0.998,-0.982,-0.587,-0.929,0.928,0.948,0.998,-0.82,-0.785,-0.89,0.966,0.996,-0.885,-0.964,0.967,-0.97,0.916,0.997,-0.977,0.876,0.993,-0.823,0.995,0.843,-0.988,-0.992,-0.833,-0.994,-0.997,0.995,-0.989,-0.989,4.865,4.174,10.296,10.33,10.3,10.373,10.312,10.24,4.925,4.313,10.273,10.306,5.226,4.766,10.246,10.339,EssenceCatalog/problems/csplib-prob010-SocialGolfers/params/9f07b371a9aa9be5f19089915522a7ca.param
-1.0,-0.994,-0.993,-0.993,-0.963,-0.995,-0.999,-1.0,0.994,-0.984,0.999,0.992,-0.998,-0.995,0.986,0.984,0.998,-0.975,0.998,1.0,-0.992,0.997,-0.999,-0.997,1.0,0.996,-0.999,-0.979,-0.991,0.958,-0.998,0.999,1.0,-0.988,0.982,0.995,0.997,0.992,-0.998,0.99,0.999,-0.993,-0.983,-0.999,0.997,0.995,-0.999,0.998,0.996,-0.997,-1.0,0.999,-0.989,1.0,-0.992,-0.994,0.998,-0.998,-0.992,0.974,-0.998,-0.985,-0.976,0.996,-0.998,-1.0,-0.992,-0.996,-0.998,-0.998,-0.984,-0.205,0.993,0.997,1.0,-0.995,0.991,-0.997,0.914,0.982,-0.992,-0.964,0.987,-0.994,0.989,1.0,0.995,-0.961,0.999,-0.979,0.999,0.996,-0.999,-0.999,0.994,-0.998,-0.998,0.998,0.989,-0.702,9.529,5.79,10.464,10.47,10.445,10.542,10.549,10.496,7.545,6.083,10.42,10.409,8.01,7.851,10.442,10.485,EssenceCatalog/problems/csplib-prob010-SocialGolfers/params/e56275fec4e7ad0747b965f75f7450e0.param
-0.999,-0.986,-0.965,-0.833,0.839,-0.971,-0.967,-0.999,0.954,0.938,0.993,0.758,-0.986,-0.96,0.933,0.99,0.997,-0.723,0.992,0.997,-0.987,0.997,-0.996,-0.989,0.95,0.789,-0.998,-0.883,-0.878,0.968,-0.977,0.995,0.995,-0.993,0.673,0.962,0.973,0.882,-0.976,0.859,0.997,-0.642,-0.762,-0.984,0.993,0.369,-0.998,0.998,0.989,-0.938,-0.991,0.993,-0.951,0.999,-0.989,-0.947,-0.448,-0.05,-0.89,0.696,-0.983,-0.848,-0.981,0.982,-0.996,-0.996,-0.764,-0.966,-0.996,-0.985,-0.533,-0.505,0.884,0.968,0.998,-0.922,0.443,-0.942,0.901,0.986,-0.929,-0.938,0.934,-0.958,0.891,0.997,-0.244,0.136,0.991,-0.825,0.995,0.968,-0.988,-0.996,0.473,-0.99,-0.995,0.994,-0.814,-0.972,6.711,4.846,10.488,10.405,10.43,10.501,10.454,10.433,6.021,5.036,10.49,10.406,6.33,5.991,10.484,10.404,EssenceCatalog/problems/csplib-prob010-SocialGolfers/params/a37719524c94f727028bb779c0e95d15.param
-0.998,-0.998,0.975,-0.278,0.996,-0.744,-0.901,-0.999,-0.991,0.953,0.994,0.931,-0.543,-0.971,0.979,-0.986,0.996,-0.807,0.998,0.998,-0.99,-0.973,-0.997,0.996,0.995,0.953,-0.998,-0.962,-0.667,0.986,-0.881,0.999,0.993,0.991,0.882,-0.769,0.973,0.572,-0.992,-0.98,0.998,-0.966,-0.915,-0.991,-0.992,0.916,-0.997,0.998,-0.998,-0.975,-0.988,0.997,-0.949,0.996,0.93,-0.991,0.968,0.989,-0.944,0.859,-0.87,-0.917,-0.992,0.978,-0.996,-0.995,0.969,-0.98,-0.997,-0.969,-0.893,-0.963,0.88,0.832,0.999,-0.981,0.928,-0.985,0.989,0.997,-0.57,-0.97,0.977,0.791,0.921,0.998,-0.989,0.941,0.995,-0.982,0.994,-0.991,-0.995,-0.94,-0.991,-0.994,-0.99,0.994,-0.993,-0.984,4.044,3.235,4.608,9.958,10.476,10.335,10.499,10.613,3.999,3.49,4.688,9.952,4.58,4.134,5.624,9.937,EssenceCatalog/problems/csplib-prob010-SocialGolfers/params/69ff2930b090a5d533e4088b9be7809b.param
-0.998,-0.991,-0.966,-0.86,0.945,-0.957,-0.976,-0.999,0.956,0.986,0.992,0.758,-0.987,-0.966,0.947,0.982,0.998,-0.629,0.99,0.998,-0.992,0.994,-0.997,-0.986,0.971,0.876,-0.997,-0.9,-0.831,0.98,-0.977,0.995,0.993,-0.994,0.546,0.913,0.972,0.87,-0.974,0.616,0.997,-0.626,-0.706,-0.989,0.994,-0.384,-0.998,0.998,0.987,-0.899,-0.988,0.994,-0.959,0.999,-0.992,-0.958,-0.909,0.49,-0.915,0.729,-0.973,-0.869,-0.988,0.98,-0.997,-0.996,-0.225,-0.979,-0.996,-0.982,-0.568,-0.86,0.924,0.962,0.998,-0.832,-0.376,-0.894,0.918,0.992,-0.88,-0.936,0.947,-0.979,0.887,0.997,-0.87,0.659,0.99,-0.784,0.993,0.936,-0.985,-0.994,-0.394,-0.992,-0.996,0.995,-0.95,-0.978,5.479,4.378,10.406,10.344,10.311,10.396,10.327,10.263,5.288,4.543,10.401,10.323,5.581,5.178,10.371,10.335,EssenceCatalog/problems/csplib-prob010-SocialGolfers/params/6795da061e7b26ec8fce0c08bb5e20a7.param
-0.997,-0.982,-0.926,-0.745,0.967,-0.959,-0.975,-0.998,0.962,0.833,0.989,0.453,-0.987,-0.928,0.86,0.979,0.995,-0.587,0.99,0.995,-0.975,0.987,-0.996,-0.988,0.975,0.892,-0.996,-0.786,-0.871,0.969,-0.975,0.993,0.994,-0.992,0.742,0.958,0.981,0.796,-0.937,0.843,0.995,-0.678,-0.876,-0.989,0.988,0.745,-0.997,0.996,0.989,-0.923,-0.984,0.993,-0.914,0.998,-0.983,-0.898,-0.218,0.787,-0.635,0.498,-0.969,-0.772,-0.967,0.974,-0.996,-0.993,-0.339,-0.95,-0.994,-0.974,-0.565,-0.889,0.726,0.978,0.996,-0.955,-0.165,-0.954,0.785,0.975,-0.888,-0.823,0.861,-0.964,0.833,0.996,0.275,0.945,0.989,-0.9,0.993,0.952,-0.985,-0.993,0.39,-0.993,-0.994,0.992,-0.953,-0.957,5.988,4.809,10.444,10.352,10.378,10.387,10.359,10.343,5.701,4.978,10.445,10.361,5.964,5.768,10.439,10.378,EssenceCatalog/problems/csplib-prob010-SocialGolfers/params/d024c4dcfb05cc746145fde731afe199.param
-0.997,-0.97,-0.936,-0.87,0.91,-0.976,-0.988,-0.998,0.98,0.294,0.988,0.666,-0.994,-0.921,0.861,0.973,0.992,-0.502,0.986,0.994,-0.965,0.987,-0.994,-0.992,0.994,0.959,-0.996,-0.788,-0.902,0.962,-0.986,0.994,0.995,-0.992,0.745,0.957,0.985,0.872,-0.951,0.874,0.993,-0.875,-0.879,-0.99,0.993,0.884,-0.995,0.996,0.993,-0.948,-0.987,0.993,-0.889,0.997,-0.987,-0.932,0.674,0.001,-0.767,0.641,-0.977,-0.827,-0.945,0.972,-0.997,-0.991,-0.682,-0.972,-0.99,-0.975,-0.75,-0.921,0.802,0.987,0.997,-0.954,0.304,-0.962,0.47,0.968,-0.876,-0.568,0.843,-0.985,0.773,0.996,0.713,0.91,0.989,-0.92,0.993,0.971,-0.99,-0.996,0.564,-0.993,-0.99,0.994,-0.74,-0.863,7.027,5.182,10.436,10.445,10.439,10.44,10.415,10.365,6.282,5.364,10.456,10.442,6.54,6.522,10.484,10.412,EssenceCatalog/problems/csplib-prob010-SocialGolfers/params/2a566b20e10bc5981aa9fb51cdb4a0e0.param
-0.998,-0.968,-0.912,-0.84,0.849,-0.978,-0.988,-0.998,0.978,-0.582,0.991,0.691,-0.993,-0.918,0.839,0.974,0.993,-0.653,0.992,0.995,-0.953,0.985,-0.996,-0.992,0.993,0.964,-0.997,-0.806,-0.938,0.942,-0.985,0.995,0.997,-0.988,0.908,0.981,0.991,0.881,-0.958,0.95,0.995,-0.906,-0.945,-0.992,0.988,0.977,-0.996,0.995,0.993,-0.971,-0.991,0.995,-0.908,0.998,-0.978,-0.91,0.938,0.079,-0.66,0.607,-0.982,-0.835,-0.927,0.975,-0.996,-0.995,-0.801,-0.964,-0.992,-0.98,-0.817,-0.873,0.724,0.99,0.997,-0.985,0.687,-0.984,0.57,0.952,-0.919,-0.7,0.851,-0.972,0.845,0.997,0.959,0.904,0.991,-0.961,0.996,0.979,-0.993,-0.996,0.88,-0.994,-0.993,0.994,-0.649,-0.849,7.58,5.443,10.468,10.511,10.523,10.5,10.494,10.441,6.646,5.668,10.48,10.493,6.908,6.944,10.53,10.481,EssenceCatalog/problems/csplib-prob010-SocialGolfers/params/125e657e97eaa3b20483b9287c019454.param
-1.0,-0.997,-0.993,-0.993,-0.965,-0.995,-0.999,-1.0,0.986,-0.972,1.0,0.996,-0.997,-0.997,0.993,0.984,0.999,-0.988,0.999,1.0,-0.996,0.997,-1.0,-0.994,0.999,0.995,-1.0,-0.988,-0.993,0.971,-0.998,1.0,1.0,-0.981,0.991,0.996,0.997,0.993,-0.999,0.992,1.0,-0.992,-0.986,-0.999,0.995,0.996,-1.0,0.998,0.992,-0.997,-1.0,0.999,-0.994,1.0,-0.984,-0.995,0.997,-0.998,-0.994,0.978,-0.998,-0.99,-0.988,0.997,-0.998,-1.0,-0.992,-0.996,-0.999,-0.999,-0.983,0.314,0.993,0.996,1.0,-0.998,0.994,-0.997,0.979,0.987,-0.996,-0.991,0.993,-0.988,0.994,1.0,0.994,-0.982,0.999,-0.984,0.999,0.995,-0.999,-1.0,0.996,-0.998,-0.999,0.998,0.986,-0.902,9.575,5.781,10.439,10.44,10.433,10.538,10.558,10.508,7.571,6.085,10.409,10.379,8.056,7.846,10.412,10.464,EssenceCatalog/problems/csplib-prob010-SocialGolfers/params/0e886315b7e840f7ecd2979e1990388e.param
-0.998,-0.992,-0.968,-0.856,0.935,-0.956,-0.972,-0.999,0.948,0.987,0.993,0.773,-0.985,-0.967,0.951,0.984,0.998,-0.677,0.991,0.998,-0.993,0.995,-0.997,-0.985,0.96,0.844,-0.998,-0.909,-0.841,0.979,-0.974,0.995,0.993,-0.993,0.565,0.922,0.971,0.871,-0.979,0.663,0.998,-0.584,-0.704,-0.988,0.992,-0.403,-0.998,0.998,0.985,-0.909,-0.99,0.994,-0.964,0.999,-0.99,-0.96,-0.906,0.424,-0.925,0.726,-0.975,-0.869,-0.989,0.981,-0.997,-0.996,-0.337,-0.978,-0.997,-0.984,-0.554,-0.808,0.922,0.958,0.998,-0.851,-0.211,-0.898,0.935,0.992,-0.896,-0.954,0.954,-0.971,0.898,0.997,-0.863,0.488,0.991,-0.783,0.994,0.938,-0.986,-0.994,-0.27,-0.992,-0.996,0.994,-0.944,-0.981,5.64,4.417,10.417,10.343,10.324,10.411,10.34,10.281,5.376,4.586,10.41,10.325,5.676,5.257,10.386,10.336,EssenceCatalog/problems/csplib-prob010-SocialGolfers/params/e7fa78b1ebfa92d42a7b69058078c6f9.param
-0.996,-0.976,-0.889,-0.685,0.97,-0.958,-0.974,-0.998,0.96,0.438,0.988,0.436,-0.985,-0.903,0.823,0.973,0.995,-0.617,0.992,0.994,-0.967,0.977,-0.996,-0.987,0.978,0.911,-0.996,-0.781,-0.903,0.958,-0.972,0.993,0.995,-0.987,0.871,0.974,0.988,0.778,-0.929,0.895,0.996,-0.747,-0.933,-0.991,0.982,0.931,-0.997,0.995,0.988,-0.944,-0.985,0.993,-0.91,0.998,-0.972,-0.827,0.438,0.87,-0.394,0.447,-0.962,-0.785,-0.954,0.973,-0.994,-0.994,-0.379,-0.936,-0.994,-0.973,-0.626,-0.897,0.543,0.982,0.995,-0.98,0.101,-0.974,0.734,0.955,-0.905,-0.818,0.837,-0.951,0.843,0.995,0.796,0.977,0.989,-0.951,0.995,0.956,-0.985,-0.991,0.621,-0.992,-0.995,0.989,-0.954,-0.94,6.382,5.039,10.392,10.338,10.375,10.362,10.343,10.351,5.98,5.228,10.41,10.359,6.232,6.129,10.418,10.351,EssenceCatalog/problems/csplib-prob010-SocialGolfers/params/f988b89a43dedc90286eff755475ae9e.param
-0.996,-0.988,-0.939,-0.753,0.982,-0.95,-0.976,-0.999,0.963,0.945,0.989,0.449,-0.986,-0.942,0.887,0.979,0.997,-0.582,0.99,0.995,-0.984,0.985,-0.997,-0.987,0.974,0.895,-0.996,-0.826,-0.862,0.977,-0.974,0.992,0.992,-0.993,0.725,0.95,0.98,0.797,-0.939,0.773,0.997,-0.576,-0.878,-0.992,0.989,0.518,-0.997,0.996,0.989,-0.906,-0.982,0.993,-0.932,0.998,-0.986,-0.898,-0.748,0.903,-0.666,0.521,-0.956,-0.807,-0.977,0.977,-0.996,-0.994,0.047,-0.953,-0.995,-0.973,-0.522,-0.933,0.748,0.973,0.996,-0.939,-0.595,-0.943,0.844,0.981,-0.878,-0.864,0.886,-0.969,0.863,0.995,-0.295,0.968,0.99,-0.89,0.993,0.939,-0.982,-0.99,-0.062,-0.993,-0.996,0.991,-0.979,-0.97,5.375,4.536,10.416,10.32,10.318,10.349,10.319,10.277,5.313,4.689,10.401,10.313,5.578,5.286,10.373,10.355,EssenceCatalog/problems/csplib-prob010-SocialGolfers/params/696af2594d8e59243b00a2a865dab49d.param
-0.997,-0.971,-0.883,-0.74,0.941,-0.967,-0.981,-0.998,0.964,-0.367,0.99,0.561,-0.988,-0.902,0.816,0.97,0.994,-0.664,0.993,0.994,-0.955,0.973,-0.996,-0.988,0.986,0.944,-0.996,-0.794,-0.933,0.943,-0.976,0.994,0.996,-0.981,0.924,0.982,0.992,0.827,-0.947,0.938,0.996,-0.851,-0.957,-0.992,0.977,0.977,-0.997,0.993,0.988,-0.965,-0.99,0.994,-0.91,0.998,-0.964,-0.835,0.867,0.721,-0.432,0.471,-0.968,-0.826,-0.939,0.975,-0.994,-0.995,-0.624,-0.946,-0.993,-0.977,-0.758,-0.879,0.517,0.987,0.995,-0.989,0.531,-0.985,0.655,0.932,-0.921,-0.789,0.84,-0.95,0.852,0.996,0.951,0.966,0.99,-0.968,0.996,0.966,-0.989,-0.992,0.827,-0.992,-0.994,0.989,-0.879,-0.894,7.034,5.302,10.4,10.424,10.445,10.415,10.419,10.397,6.375,5.518,10.414,10.42,6.623,6.611,10.451,10.41,EssenceCatalog/problems/csplib-prob010-SocialGolfers/params/16de3a3a11fa43787106478ee98fdd9e.param
-0.996,-0.994,-0.943,-0.735,0.991,-0.931,-0.97,-0.999,0.948,0.991,0.991,0.521,-0.979,-0.96,0.934,0.971,0.998,-0.514,0.992,0.997,-0.994,0.983,-0.998,-0.98,0.967,0.885,-0.996,-0.904,-0.831,0.981,-0.969,0.994,0.989,-0.994,0.751,0.938,0.977,0.813,-0.95,0.565,0.998,-0.478,-0.868,-0.994,0.991,-0.407,-0.998,0.997,0.985,-0.868,-0.978,0.995,-0.962,0.999,-0.988,-0.922,-0.968,0.977,-0.758,0.65,-0.938,-0.861,-0.988,0.979,-0.997,-0.995,0.706,-0.963,-0.997,-0.973,-0.458,-0.955,0.839,0.952,0.997,-0.883,-0.886,-0.914,0.948,0.993,-0.869,-0.942,0.934,-0.969,0.906,0.996,-0.918,0.981,0.99,-0.866,0.993,0.888,-0.981,-0.986,-0.741,-0.993,-0.997,0.992,-0.994,-0.985,4.733,4.194,10.266,10.243,10.222,10.283,10.234,10.176,4.869,4.323,10.239,10.228,5.155,4.726,10.206,10.269,EssenceCatalog/problems/csplib-prob010-SocialGolfers/params/91f2d2cba6d5899940fbd00e32bd496e.param
-0.996,-0.99,-0.94,-0.756,0.986,-0.946,-0.975,-0.999,0.96,0.973,0.99,0.463,-0.984,-0.949,0.907,0.975,0.997,-0.561,0.99,0.996,-0.989,0.986,-0.997,-0.986,0.972,0.89,-0.996,-0.854,-0.842,0.98,-0.972,0.993,0.991,-0.994,0.705,0.941,0.979,0.805,-0.946,0.689,0.997,-0.552,-0.862,-0.992,0.989,0.202,-0.998,0.997,0.987,-0.893,-0.981,0.994,-0.943,0.998,-0.987,-0.911,-0.881,0.936,-0.719,0.566,-0.953,-0.842,-0.983,0.978,-0.997,-0.994,0.311,-0.96,-0.996,-0.973,-0.495,-0.941,0.789,0.968,0.997,-0.921,-0.713,-0.931,0.885,0.985,-0.881,-0.894,0.91,-0.967,0.876,0.996,-0.65,0.971,0.99,-0.879,0.993,0.926,-0.982,-0.99,-0.365,-0.993,-0.996,0.992,-0.986,-0.975,5.085,4.381,10.363,10.295,10.274,10.329,10.285,10.229,5.114,4.526,10.347,10.283,5.388,5.035,10.309,10.318,EssenceCatalog/problems/csplib-prob010-SocialGolfers/params/b1c134e3f08d089667a45ab1ec1a0efd.param
-0.997,-0.994,-0.96,-0.782,0.986,-0.938,-0.968,-0.999,0.952,0.993,0.992,0.637,-0.981,-0.968,0.949,0.979,0.998,-0.58,0.992,0.997,-0.995,0.99,-0.998,-0.983,0.964,0.875,-0.996,-0.914,-0.829,0.982,-0.969,0.994,0.989,-0.994,0.699,0.93,0.977,0.857,-0.964,0.533,0.998,-0.459,-0.831,-0.993,0.992,-0.538,-0.998,0.997,0.986,-0.875,-0.984,0.995,-0.968,0.999,-0.99,-0.937,-0.974,0.941,-0.855,0.676,-0.949,-0.885,-0.99,0.982,-0.997,-0.996,0.552,-0.971,-0.997,-0.978,-0.485,-0.935,0.883,0.951,0.997,-0.852,-0.841,-0.896,0.949,0.993,-0.885,-0.95,0.949,-0.973,0.908,0.996,-0.933,0.948,0.99,-0.835,0.994,0.9,-0.982,-0.988,-0.721,-0.993,-0.997,0.993,-0.991,-0.985,4.842,4.21,10.32,10.292,10.263,10.333,10.278,10.219,4.928,4.346,10.293,10.272,5.219,4.779,10.263,10.311,EssenceCatalog/problems/csplib-prob010-SocialGolfers/params/3450491c72ef21959ba5cf8afe0e063e.param
-0.997,-0.995,-0.957,-0.816,0.986,-0.938,-0.977,-0.999,0.949,0.994,0.993,0.668,-0.984,-0.972,0.954,0.972,0.999,-0.549,0.991,0.998,-0.995,0.987,-0.998,-0.98,0.975,0.903,-0.997,-0.923,-0.827,0.984,-0.972,0.995,0.989,-0.993,0.679,0.907,0.976,0.851,-0.969,0.446,0.998,-0.506,-0.821,-0.994,0.991,-0.623,-0.998,0.998,0.982,-0.872,-0.985,0.995,-0.97,0.999,-0.99,-0.949,-0.977,0.94,-0.882,0.7,-0.949,-0.896,-0.992,0.981,-0.997,-0.996,0.632,-0.976,-0.997,-0.978,-0.538,-0.951,0.901,0.951,0.998,-0.835,-0.856,-0.894,0.954,0.994,-0.878,-0.952,0.956,-0.975,0.91,0.996,-0.959,0.949,0.991,-0.838,0.994,0.878,-0.984,-0.989,-0.805,-0.993,-0.997,0.994,-0.991,-0.986,4.803,4.184,10.307,10.312,10.279,10.347,10.291,10.225,4.898,4.317,10.278,10.289,5.193,4.746,10.25,10.327,EssenceCatalog/problems/csplib-prob010-SocialGolfers/params/61b932b80fb99f96148ce8f5920ef4ce.param
-0.998,-0.985,-0.953,-0.805,0.906,-0.967,-0.965,-0.999,0.945,0.936,0.992,0.707,-0.985,-0.948,0.925,0.985,0.996,-0.663,0.991,0.996,-0.985,0.995,-0.995,-0.986,0.96,0.818,-0.998,-0.864,-0.862,0.968,-0.974,0.995,0.995,-0.991,0.652,0.954,0.973,0.861,-0.971,0.826,0.996,-0.657,-0.764,-0.984,0.99,0.348,-0.998,0.998,0.986,-0.931,-0.989,0.993,-0.939,0.998,-0.986,-0.941,-0.398,0.176,-0.862,0.654,-0.98,-0.82,-0.979,0.979,-0.996,-0.995,-0.674,-0.966,-0.995,-0.982,-0.505,-0.651,0.863,0.969,0.998,-0.921,0.391,-0.935,0.883,0.984,-0.91,-0.919,0.928,-0.953,0.856,0.997,-0.237,0.487,0.99,-0.842,0.994,0.956,-0.988,-0.996,0.403,-0.991,-0.995,0.994,-0.876,-0.969,6.443,4.8,10.466,10.404,10.421,10.482,10.429,10.402,5.889,4.976,10.466,10.409,6.18,5.871,10.467,10.398,EssenceCatalog/problems/csplib-prob010-SocialGolfers/params/04d38771751b71f9b426a82d24f585c0.param
-0.996,-0.981,-0.918,-0.691,0.978,-0.95,-0.968,-0.998,0.96,0.853,0.988,0.42,-0.983,-0.92,0.858,0.979,0.996,-0.589,0.991,0.994,-0.978,0.984,-0.996,-0.987,0.969,0.881,-0.996,-0.807,-0.875,0.967,-0.971,0.992,0.993,-0.991,0.794,0.965,0.983,0.775,-0.928,0.834,0.996,-0.622,-0.895,-0.991,0.987,0.768,-0.997,0.995,0.989,-0.92,-0.982,0.993,-0.916,0.998,-0.981,-0.846,-0.363,0.9,-0.517,0.499,-0.958,-0.783,-0.968,0.973,-0.995,-0.993,-0.177,-0.941,-0.994,-0.971,-0.51,-0.904,0.636,0.977,0.995,-0.962,-0.271,-0.957,0.795,0.97,-0.893,-0.854,0.862,-0.956,0.851,0.995,0.317,0.972,0.988,-0.925,0.994,0.949,-0.981,-0.99,0.282,-0.991,-0.995,0.99,-0.973,-0.96,5.774,4.744,10.409,10.297,10.326,10.33,10.312,10.31,5.585,4.914,10.404,10.308,5.846,5.633,10.387,10.335,EssenceCatalog/problems/csplib-prob010-SocialGolfers/params/11263fbe3ad7620e0cd870b1a2f861fd.param
-0.998,-0.987,-0.946,-0.746,0.956,-0.961,-0.957,-0.999,0.944,0.956,0.991,0.613,-0.982,-0.948,0.917,0.985,0.997,-0.626,0.992,0.996,-0.986,0.994,-0.996,-0.986,0.945,0.777,-0.997,-0.856,-0.854,0.971,-0.97,0.994,0.994,-0.992,0.678,0.957,0.975,0.84,-0.961,0.805,0.996,-0.587,-0.806,-0.986,0.99,0.288,-0.998,0.998,0.987,-0.917,-0.986,0.994,-0.94,0.999,-0.987,-0.924,-0.66,0.69,-0.797,0.6,-0.975,-0.804,-0.98,0.979,-0.996,-0.995,-0.462,-0.956,-0.996,-0.98,-0.43,-0.738,0.819,0.964,0.997,-0.923,-0.0,-0.934,0.896,0.986,-0.907,-0.923,0.919,-0.955,0.871,0.997,-0.369,0.788,0.99,-0.851,0.994,0.949,-0.986,-0.994,0.19,-0.991,-0.996,0.993,-0.952,-0.974,5.84,4.631,10.443,10.347,10.366,10.417,10.374,10.342,5.566,4.795,10.437,10.348,5.845,5.517,10.423,10.365,EssenceCatalog/problems/csplib-prob010-SocialGolfers/params/65d6f3b917798882af095836f3cced05.param
-0.998,-0.992,-0.968,-0.869,0.93,-0.956,-0.974,-0.999,0.945,0.988,0.994,0.799,-0.986,-0.97,0.954,0.983,0.998,-0.68,0.992,0.998,-0.993,0.995,-0.997,-0.984,0.965,0.859,-0.998,-0.92,-0.846,0.979,-0.976,0.996,0.994,-0.992,0.565,0.915,0.971,0.873,-0.981,0.623,0.998,-0.599,-0.692,-0.989,0.993,-0.451,-0.998,0.998,0.984,-0.911,-0.991,0.994,-0.967,0.999,-0.99,-0.962,-0.912,0.386,-0.932,0.744,-0.975,-0.879,-0.99,0.982,-0.997,-0.997,-0.319,-0.98,-0.997,-0.985,-0.587,-0.814,0.929,0.959,0.998,-0.846,-0.205,-0.899,0.94,0.992,-0.893,-0.956,0.959,-0.973,0.903,0.997,-0.886,0.444,0.991,-0.781,0.994,0.933,-0.986,-0.995,-0.339,-0.992,-0.996,0.994,-0.941,-0.982,5.642,4.406,10.415,10.353,10.329,10.421,10.345,10.284,5.371,4.574,10.41,10.333,5.674,5.248,10.385,10.342,EssenceCatalog/problems/csplib-prob010-SocialGolfers/params/3875a6a094b775d7806b86a4e74f7cb6.param
-0.997,-0.973,-0.879,-0.714,0.955,-0.963,-0.976,-0.999,0.955,-0.045,0.99,0.539,-0.985,-0.9,0.823,0.969,0.994,-0.637,0.993,0.994,-0.96,0.974,-0.996,-0.986,0.982,0.927,-0.996,-0.793,-0.92,0.945,-0.973,0.994,0.996,-0.981,0.904,0.978,0.99,0.801,-0.944,0.919,0.996,-0.818,-0.946,-0.992,0.975,0.963,-0.997,0.994,0.986,-0.959,-0.989,0.994,-0.911,0.998,-0.962,-0.826,0.756,0.801,-0.43,0.49,-0.967,-0.803,-0.949,0.975,-0.994,-0.995,-0.545,-0.945,-0.994,-0.977,-0.705,-0.871,0.496,0.985,0.995,-0.986,0.438,-0.981,0.708,0.94,-0.914,-0.814,0.838,-0.942,0.85,0.996,0.912,0.969,0.99,-0.962,0.996,0.957,-0.988,-0.992,0.75,-0.992,-0.994,0.989,-0.917,-0.919,6.817,5.215,10.392,10.403,10.428,10.41,10.404,10.393,6.247,5.42,10.409,10.408,6.497,6.447,10.44,10.397,EssenceCatalog/problems/csplib-prob010-SocialGolfers/params/79999e8302454d3ad462070a4cd6c170.param
-1.0,-0.996,-0.993,-0.993,-0.974,-0.994,-0.998,-1.0,0.983,-0.963,0.999,0.996,-0.997,-0.997,0.993,0.983,0.999,-0.986,0.999,1.0,-0.996,0.996,-0.999,-0.993,0.999,0.993,-1.0,-0.988,-0.991,0.962,-0.998,1.0,1.0,-0.976,0.987,0.994,0.995,0.992,-0.999,0.988,1.0,-0.99,-0.978,-0.998,0.995,0.992,-1.0,0.998,0.989,-0.996,-1.0,0.998,-0.992,1.0,-0.982,-0.994,0.995,-0.998,-0.995,0.978,-0.997,-0.989,-0.988,0.997,-0.997,-1.0,-0.991,-0.996,-0.999,-0.999,-0.98,0.425,0.993,0.995,1.0,-0.996,0.993,-0.996,0.98,0.985,-0.994,-0.99,0.993,-0.986,0.993,1.0,0.988,-0.989,0.999,-0.977,0.999,0.994,-0.998,-0.999,0.993,-0.998,-0.998,0.997,0.989,-0.874,9.571,5.768,10.408,10.409,10.404,10.509,10.536,10.485,7.561,6.073,10.38,10.348,8.049,7.832,10.38,10.433,EssenceCatalog/problems/csplib-prob010-SocialGolfers/params/7bee49853f214a0d2f6525c7b31dce64.param
-0.997,-0.972,-0.877,-0.744,0.947,-0.966,-0.981,-0.998,0.963,-0.254,0.99,0.565,-0.988,-0.898,0.817,0.968,0.994,-0.64,0.993,0.994,-0.956,0.969,-0.996,-0.988,0.988,0.945,-0.996,-0.8,-0.927,0.945,-0.977,0.994,0.996,-0.981,0.916,0.978,0.991,0.811,-0.945,0.927,0.996,-0.846,-0.953,-0.993,0.978,0.974,-0.997,0.993,0.987,-0.963,-0.989,0.994,-0.91,0.998,-0.964,-0.825,0.839,0.748,-0.414,0.479,-0.967,-0.827,-0.942,0.974,-0.994,-0.995,-0.584,-0.947,-0.994,-0.977,-0.753,-0.893,0.518,0.987,0.995,-0.987,0.489,-0.984,0.657,0.933,-0.914,-0.786,0.837,-0.953,0.848,0.996,0.939,0.971,0.99,-0.968,0.996,0.962,-0.988,-0.992,0.781,-0.992,-0.994,0.989,-0.897,-0.899,6.946,5.27,10.393,10.418,10.438,10.411,10.41,10.39,6.323,5.479,10.409,10.418,6.57,6.549,10.444,10.405,EssenceCatalog/problems/csplib-prob010-SocialGolfers/params/1609eb27705efa3c3661dc00958f43cb.param
-0.996,-0.987,-0.936,-0.681,0.984,-0.94,-0.963,-0.999,0.954,0.959,0.989,0.433,-0.979,-0.939,0.893,0.981,0.997,-0.588,0.992,0.995,-0.987,0.986,-0.997,-0.986,0.959,0.852,-0.996,-0.85,-0.86,0.974,-0.968,0.992,0.991,-0.993,0.766,0.959,0.98,0.785,-0.938,0.764,0.997,-0.488,-0.877,-0.992,0.989,0.421,-0.998,0.996,0.988,-0.903,-0.981,0.993,-0.937,0.998,-0.984,-0.858,-0.814,0.943,-0.612,0.539,-0.951,-0.812,-0.979,0.977,-0.995,-0.994,0.145,-0.946,-0.996,-0.973,-0.442,-0.91,0.702,0.968,0.996,-0.943,-0.572,-0.942,0.883,0.98,-0.893,-0.909,0.898,-0.954,0.88,0.995,-0.346,0.97,0.989,-0.904,0.993,0.935,-0.979,-0.988,-0.119,-0.991,-0.996,0.989,-0.986,-0.975,5.255,4.478,10.368,10.263,10.264,10.305,10.271,10.239,5.238,4.633,10.35,10.261,5.504,5.184,10.317,10.299,EssenceCatalog/problems/csplib-prob010-SocialGolfers/params/84aaeefff33158e02dbafacae4c35c6a.param
-0.999,-0.995,0.577,-0.938,0.966,-0.951,-0.997,-0.999,-0.625,0.45,0.995,0.971,-0.996,-0.974,0.973,-0.888,0.997,-0.841,0.993,0.999,-0.98,-0.738,-0.996,0.833,1.0,0.991,-0.999,-0.923,-0.925,0.991,-0.988,1.0,0.998,0.865,0.83,-0.476,0.989,0.769,-0.992,-0.686,0.997,-0.989,-0.908,-0.995,-0.591,0.968,-0.997,0.999,-0.884,-0.985,-0.994,0.998,-0.954,0.998,0.047,-0.994,0.991,-0.09,-0.956,0.877,-0.959,-0.944,-0.984,0.987,-0.999,-0.997,-0.292,-0.995,-0.996,-0.979,-0.951,-0.972,0.966,0.98,0.999,-0.981,0.924,-0.992,0.948,0.996,-0.631,-0.898,0.955,-0.9,0.92,0.998,-0.638,0.801,0.996,-0.971,0.995,-0.653,-0.995,-0.996,-0.809,-0.997,-0.986,0.997,-0.872,-0.959,5.411,3.934,6.202,10.29,10.569,10.477,10.525,10.498,4.934,4.138,6.306,10.227,5.357,5.101,7.056,10.191,EssenceCatalog/problems/csplib-prob010-SocialGolfers/params/ab297fb213e1aa7f582b6c513a21962f.param
-0.966,-0.786,-0.657,0.879,0.887,0.901,0.948,-0.995,-0.953,0.863,0.814,0.872,0.974,-0.909,0.857,0.957,0.982,-0.903,0.97,0.836,-0.794,-0.806,-0.984,0.559,-0.97,-0.929,0.882,-0.883,-0.852,0.286,0.959,-0.904,-0.536,0.928,0.964,0.943,0.87,0.815,-0.958,-0.358,0.988,0.943,-0.968,-0.927,-0.873,0.703,-0.985,-0.99,-0.904,-0.921,-0.966,0.762,-0.964,0.99,0.928,0.963,-0.954,0.886,-0.024,-0.807,0.951,-0.906,-0.945,0.937,0.99,-0.986,0.722,0.427,-0.973,-0.981,0.27,0.939,-0.972,-0.908,-0.989,-0.88,0.241,-0.785,0.876,-0.986,-0.928,-0.964,0.837,0.973,0.935,-0.937,0.962,0.474,0.632,-0.906,0.954,-0.899,0.917,0.99,-0.192,0.926,-0.944,-0.993,-0.54,-0.235,2.29,1.718,1.964,4.281,2.842,2.108,3.408,7.802,2.271,1.791,2.003,4.264,2.545,1.92,2.303,4.261,EssenceCatalog/problems/csplib-prob010-SocialGolfers/params/c2a1db452f1bd4e8368414e287777afe.param
-0.996,-0.974,-0.899,-0.756,0.958,-0.964,-0.981,-0.998,0.968,0.272,0.988,0.485,-0.989,-0.909,0.823,0.974,0.994,-0.59,0.991,0.994,-0.963,0.98,-0.996,-0.989,0.986,0.935,-0.996,-0.772,-0.91,0.959,-0.978,0.993,0.995,-0.989,0.855,0.972,0.987,0.808,-0.934,0.906,0.995,-0.801,-0.929,-0.991,0.986,0.939,-0.996,0.995,0.991,-0.948,-0.986,0.993,-0.899,0.997,-0.977,-0.87,0.61,0.745,-0.502,0.475,-0.968,-0.788,-0.947,0.972,-0.995,-0.993,-0.489,-0.946,-0.992,-0.973,-0.682,-0.91,0.623,0.985,0.996,-0.978,0.2,-0.974,0.66,0.958,-0.897,-0.749,0.833,-0.966,0.826,0.996,0.826,0.968,0.989,-0.949,0.994,0.964,-0.987,-0.993,0.671,-0.993,-0.994,0.991,-0.919,-0.92,6.621,5.124,10.416,10.391,10.42,10.406,10.386,10.368,6.113,5.315,10.435,10.402,6.365,6.304,10.456,10.391,EssenceCatalog/problems/csplib-prob010-SocialGolfers/params/97a1d70fa36ef5f0b8be776361c40639.param
-0.997,-0.979,-0.921,-0.746,0.959,-0.962,-0.976,-0.998,0.963,0.707,0.989,0.478,-0.988,-0.922,0.851,0.978,0.995,-0.589,0.99,0.994,-0.97,0.987,-0.996,-0.988,0.977,0.902,-0.996,-0.777,-0.883,0.965,-0.975,0.993,0.994,-0.991,0.771,0.963,0.983,0.806,-0.94,0.867,0.995,-0.723,-0.888,-0.989,0.987,0.829,-0.997,0.996,0.989,-0.934,-0.985,0.993,-0.909,0.998,-0.981,-0.897,0.113,0.716,-0.633,0.502,-0.971,-0.771,-0.962,0.973,-0.996,-0.993,-0.459,-0.95,-0.993,-0.975,-0.596,-0.875,0.701,0.98,0.996,-0.962,0.031,-0.96,0.746,0.971,-0.896,-0.8,0.853,-0.961,0.827,0.996,0.522,0.939,0.989,-0.914,0.994,0.957,-0.986,-0.993,0.538,-0.993,-0.994,0.992,-0.931,-0.946,6.301,4.949,10.452,10.381,10.41,10.417,10.385,10.379,5.898,5.125,10.462,10.397,6.159,6.011,10.468,10.397,EssenceCatalog/problems/csplib-prob010-SocialGolfers/params/16639f28f32c3fc0cc66ebf7af31510c.param
-0.999,-0.986,-0.968,-0.897,0.742,-0.971,-0.98,-0.999,0.948,0.933,0.993,0.855,-0.99,-0.962,0.945,0.985,0.997,-0.712,0.99,0.997,-0.988,0.996,-0.995,-0.986,0.978,0.892,-0.998,-0.903,-0.875,0.969,-0.983,0.996,0.996,-0.99,0.568,0.938,0.973,0.893,-0.984,0.787,0.997,-0.747,-0.665,-0.986,0.993,0.158,-0.998,0.998,0.987,-0.943,-0.993,0.992,-0.951,0.999,-0.988,-0.963,-0.379,-0.558,-0.94,0.778,-0.983,-0.873,-0.984,0.981,-0.997,-0.996,-0.795,-0.981,-0.996,-0.987,-0.652,-0.634,0.932,0.972,0.998,-0.897,0.553,-0.93,0.885,0.986,-0.904,-0.927,0.945,-0.972,0.874,0.998,-0.445,-0.178,0.991,-0.8,0.994,0.962,-0.988,-0.997,0.349,-0.991,-0.994,0.994,-0.633,-0.962,6.955,4.834,10.442,10.41,10.399,10.491,10.424,10.376,6.095,5.029,10.437,10.394,6.421,6.076,10.439,10.371,EssenceCatalog/problems/csplib-prob010-SocialGolfers/params/d45aa0a9d393141f701d4aecdf753699.param
-0.997,-0.994,-0.964,-0.88,0.974,-0.947,-0.985,-0.999,0.962,0.992,0.992,0.742,-0.99,-0.971,0.948,0.97,0.998,-0.59,0.988,0.998,-0.994,0.988,-0.997,-0.982,0.982,0.925,-0.997,-0.91,-0.823,0.986,-0.98,0.996,0.991,-0.994,0.562,0.855,0.974,0.869,-0.973,0.428,0.998,-0.633,-0.747,-0.993,0.993,-0.626,-0.998,0.998,0.984,-0.876,-0.987,0.995,-0.967,0.999,-0.993,-0.964,-0.967,0.806,-0.917,0.747,-0.959,-0.896,-0.991,0.981,-0.998,-0.996,0.362,-0.982,-0.997,-0.979,-0.601,-0.95,0.932,0.957,0.998,-0.777,-0.813,-0.88,0.931,0.994,-0.856,-0.929,0.95,-0.987,0.896,0.996,-0.955,0.896,0.99,-0.774,0.993,0.905,-0.983,-0.993,-0.763,-0.994,-0.996,0.995,-0.979,-0.979,4.969,4.216,10.335,10.331,10.281,10.359,10.293,10.217,4.987,4.356,10.32,10.299,5.279,4.848,10.288,10.329,EssenceCatalog/problems/csplib-prob010-SocialGolfers/params/2f9c83876fdfc842a355b11a69577fd0.param
-1.0,-0.993,-0.992,-0.992,-0.962,-0.995,-0.999,-1.0,0.995,-0.989,0.999,0.991,-0.998,-0.994,0.983,0.983,0.998,-0.971,0.998,1.0,-0.989,0.996,-0.999,-0.997,1.0,0.997,-0.999,-0.978,-0.991,0.949,-0.998,0.999,1.0,-0.988,0.981,0.994,0.997,0.991,-0.998,0.991,0.999,-0.992,-0.983,-0.999,0.997,0.996,-0.999,0.997,0.997,-0.996,-0.999,0.998,-0.988,1.0,-0.993,-0.992,0.998,-0.998,-0.99,0.972,-0.998,-0.984,-0.969,0.996,-0.998,-0.999,-0.992,-0.996,-0.998,-0.998,-0.985,-0.363,0.992,0.997,1.0,-0.995,0.989,-0.996,0.885,0.98,-0.99,-0.951,0.985,-0.994,0.987,1.0,0.996,-0.947,0.999,-0.979,0.999,0.996,-0.999,-0.999,0.993,-0.998,-0.997,0.998,0.987,-0.597,9.509,5.79,10.462,10.471,10.439,10.532,10.537,10.483,7.532,6.08,10.412,10.409,7.989,7.849,10.443,10.482,EssenceCatalog/problems/csplib-prob010-SocialGolfers/params/f175cc1ff3a3c17b5c99cfd5c737e16d.param
-0.997,-0.991,-0.948,-0.719,0.984,-0.947,-0.96,-0.999,0.949,0.984,0.991,0.546,-0.98,-0.955,0.927,0.98,0.998,-0.562,0.992,0.997,-0.991,0.991,-0.997,-0.985,0.951,0.817,-0.997,-0.885,-0.831,0.977,-0.969,0.994,0.991,-0.994,0.712,0.95,0.977,0.832,-0.952,0.692,0.998,-0.528,-0.839,-0.991,0.991,-0.148,-0.998,0.998,0.987,-0.887,-0.982,0.995,-0.953,0.999,-0.989,-0.92,-0.917,0.933,-0.764,0.619,-0.961,-0.834,-0.985,0.98,-0.997,-0.995,0.221,-0.959,-0.996,-0.978,-0.415,-0.89,0.833,0.958,0.997,-0.9,-0.676,-0.921,0.932,0.991,-0.887,-0.936,0.927,-0.965,0.895,0.997,-0.786,0.946,0.99,-0.85,0.994,0.923,-0.984,-0.991,-0.42,-0.992,-0.997,0.993,-0.987,-0.983,5.056,4.325,10.349,10.27,10.252,10.324,10.269,10.215,5.084,4.473,10.333,10.257,5.359,4.967,10.297,10.288,EssenceCatalog/problems/csplib-prob010-SocialGolfers/params/64f5ff113e3aec666513241d823c93a7.param
-0.996,-0.978,-0.908,-0.725,0.973,-0.957,-0.976,-0.998,0.966,0.648,0.987,0.425,-0.986,-0.915,0.835,0.976,0.995,-0.588,0.991,0.994,-0.972,0.98,-0.996,-0.989,0.98,0.915,-0.995,-0.784,-0.895,0.965,-0.974,0.992,0.994,-0.99,0.829,0.969,0.986,0.788,-0.93,0.871,0.996,-0.714,-0.918,-0.991,0.986,0.889,-0.997,0.995,0.99,-0.936,-0.984,0.993,-0.908,0.998,-0.978,-0.852,0.141,0.853,-0.485,0.457,-0.96,-0.794,-0.959,0.973,-0.995,-0.993,-0.302,-0.942,-0.993,-0.972,-0.608,-0.919,0.599,0.982,0.995,-0.972,-0.101,-0.966,0.708,0.959,-0.894,-0.791,0.841,-0.962,0.831,0.995,0.647,0.975,0.988,-0.939,0.994,0.956,-0.983,-0.991,0.483,-0.992,-0.994,0.99,-0.954,-0.939,6.154,4.93,10.414,10.333,10.366,10.357,10.338,10.339,5.829,5.108,10.424,10.351,6.084,5.953,10.424,10.356,EssenceCatalog/problems/csplib-prob010-SocialGolfers/params/862ec093a4c4a57c099efbb09cddf1c8.param
-0.996,-0.982,-0.915,-0.655,0.979,-0.948,-0.964,-0.999,0.956,0.849,0.988,0.402,-0.98,-0.918,0.857,0.979,0.996,-0.612,0.992,0.994,-0.979,0.983,-0.996,-0.987,0.964,0.868,-0.996,-0.811,-0.88,0.966,-0.968,0.992,0.993,-0.991,0.815,0.968,0.984,0.763,-0.928,0.846,0.996,-0.603,-0.903,-0.991,0.986,0.787,-0.997,0.995,0.988,-0.922,-0.982,0.993,-0.919,0.998,-0.979,-0.828,-0.358,0.92,-0.476,0.489,-0.956,-0.779,-0.969,0.974,-0.994,-0.994,-0.153,-0.936,-0.994,-0.971,-0.5,-0.894,0.603,0.976,0.995,-0.966,-0.257,-0.959,0.818,0.968,-0.899,-0.874,0.863,-0.947,0.859,0.995,0.371,0.973,0.988,-0.931,0.994,0.947,-0.981,-0.99,0.317,-0.991,-0.995,0.989,-0.976,-0.964,5.775,4.751,10.404,10.282,10.316,10.318,10.303,10.312,5.591,4.925,10.398,10.296,5.854,5.637,10.381,10.323,EssenceCatalog/problems/csplib-prob010-SocialGolfers/params/cfc4e5a326c75518693a5e502ca57e0c.param
-0.996,-0.987,-0.933,-0.732,0.981,-0.951,-0.973,-0.999,0.959,0.94,0.989,0.437,-0.986,-0.94,0.884,0.977,0.996,-0.586,0.99,0.995,-0.983,0.986,-0.997,-0.986,0.971,0.885,-0.996,-0.817,-0.853,0.977,-0.973,0.993,0.992,-0.993,0.72,0.949,0.98,0.802,-0.939,0.765,0.997,-0.592,-0.873,-0.991,0.988,0.523,-0.998,0.996,0.988,-0.908,-0.983,0.993,-0.932,0.998,-0.985,-0.902,-0.712,0.899,-0.666,0.519,-0.96,-0.796,-0.977,0.977,-0.996,-0.994,0.005,-0.954,-0.995,-0.974,-0.509,-0.92,0.746,0.973,0.996,-0.94,-0.55,-0.943,0.842,0.982,-0.883,-0.864,0.883,-0.966,0.857,0.995,-0.285,0.965,0.99,-0.887,0.993,0.935,-0.983,-0.991,-0.021,-0.993,-0.996,0.992,-0.978,-0.971,5.406,4.544,10.403,10.309,10.31,10.341,10.312,10.269,5.33,4.699,10.39,10.303,5.595,5.308,10.362,10.343,EssenceCatalog/problems/csplib-prob010-SocialGolfers/params/42905ca8b11ff4f42a35910757d4a209.param
-0.998,-0.987,-0.973,-0.479,0.845,-0.953,-0.722,-0.999,0.94,0.982,0.993,0.61,-0.899,-0.959,0.934,0.997,0.998,-0.87,0.993,0.995,-0.992,0.999,-0.996,-0.991,-0.55,-0.649,-0.995,-0.937,-0.88,0.94,-0.895,0.989,0.987,-0.992,0.83,0.99,0.97,0.92,-0.978,0.921,0.997,-0.222,-0.826,-0.962,0.99,-0.411,-0.999,0.996,0.989,-0.913,-0.988,0.992,-0.978,0.999,-0.983,-0.907,-0.926,0.573,-0.79,0.69,-0.979,-0.838,-0.982,0.988,-0.975,-0.998,-0.774,-0.898,-0.996,-0.989,-0.102,0.567,0.686,0.879,0.992,-0.929,-0.491,-0.921,0.972,0.975,-0.957,-0.978,0.941,-0.889,0.942,0.995,-0.474,-0.406,0.983,-0.476,0.995,0.971,-0.962,-0.974,0.606,-0.959,-0.998,0.984,-0.892,-0.98,5.749,4.231,9.795,9.332,9.569,9.635,9.71,9.703,5.287,4.434,9.878,9.342,5.709,5.071,9.752,9.457,EssenceCatalog/problems/csplib-prob010-SocialGolfers/params/6951d91d7b6d4eb2a5eb009e4f9bbceb.param
-0.996,-0.991,-0.946,-0.707,0.987,-0.932,-0.966,-0.999,0.955,0.979,0.99,0.479,-0.978,-0.951,0.914,0.981,0.998,-0.576,0.992,0.996,-0.991,0.986,-0.997,-0.986,0.963,0.872,-0.995,-0.878,-0.852,0.978,-0.968,0.992,0.989,-0.994,0.763,0.953,0.98,0.8,-0.945,0.694,0.998,-0.445,-0.877,-0.993,0.99,0.1,-0.998,0.996,0.987,-0.892,-0.981,0.994,-0.951,0.999,-0.986,-0.877,-0.924,0.961,-0.683,0.594,-0.941,-0.845,-0.984,0.978,-0.996,-0.995,0.429,-0.954,-0.996,-0.973,-0.444,-0.937,0.754,0.962,0.996,-0.924,-0.756,-0.93,0.913,0.985,-0.887,-0.925,0.919,-0.961,0.896,0.995,-0.675,0.976,0.989,-0.893,0.993,0.92,-0.978,-0.986,-0.425,-0.992,-0.997,0.99,-0.99,-0.98,4.986,4.341,10.341,10.265,10.248,10.306,10.26,10.214,5.051,4.483,10.319,10.256,5.329,4.954,10.281,10.293,EssenceCatalog/problems/csplib-prob010-SocialGolfers/params/6fddcbc7c1682f42af71793dd88946ca.param
-0.996,-0.979,-0.908,-0.676,0.972,-0.953,-0.967,-0.999,0.956,0.722,0.988,0.442,-0.983,-0.91,0.849,0.978,0.995,-0.605,0.992,0.994,-0.973,0.982,-0.996,-0.988,0.97,0.879,-0.996,-0.81,-0.89,0.959,-0.97,0.992,0.994,-0.989,0.833,0.971,0.985,0.765,-0.935,0.872,0.996,-0.669,-0.911,-0.991,0.985,0.866,-0.997,0.995,0.988,-0.934,-0.985,0.993,-0.913,0.998,-0.975,-0.821,0.032,0.873,-0.462,0.486,-0.961,-0.782,-0.965,0.974,-0.994,-0.994,-0.347,-0.938,-0.994,-0.974,-0.551,-0.875,0.583,0.979,0.995,-0.972,0.01,-0.966,0.783,0.959,-0.903,-0.857,0.856,-0.945,0.848,0.995,0.621,0.967,0.988,-0.938,0.994,0.953,-0.982,-0.991,0.495,-0.991,-0.995,0.989,-0.962,-0.954,6.143,4.914,10.417,10.327,10.364,10.366,10.343,10.361,5.827,5.096,10.425,10.349,6.085,5.919,10.422,10.355,EssenceCatalog/problems/csplib-prob010-SocialGolfers/params/f0d9922cdff8fb0560d4faae2683d7e1.param
-0.998,-0.997,0.943,-0.744,0.993,-0.881,-0.989,-0.998,-0.94,0.823,0.994,0.938,-0.957,-0.967,0.967,-0.978,0.996,-0.798,0.996,0.998,-0.985,-0.946,-0.997,0.977,0.999,0.985,-0.998,-0.931,-0.807,0.99,-0.969,0.999,0.996,0.967,0.849,-0.758,0.983,0.49,-0.989,-0.922,0.998,-0.98,-0.927,-0.994,-0.959,0.96,-0.997,0.999,-0.986,-0.978,-0.988,0.998,-0.944,0.997,0.771,-0.991,0.983,0.949,-0.924,0.836,-0.892,-0.91,-0.985,0.981,-0.998,-0.995,0.832,-0.99,-0.996,-0.967,-0.92,-0.981,0.921,0.947,0.999,-0.986,0.904,-0.99,0.982,0.997,-0.564,-0.933,0.962,0.005,0.918,0.998,-0.938,0.964,0.995,-0.982,0.995,-0.948,-0.996,-0.983,-0.972,-0.997,-0.99,0.996,-0.988,-0.978,4.285,3.412,5.05,10.153,10.578,10.459,10.586,10.621,4.189,3.641,5.117,10.131,4.731,4.331,6.039,10.11,EssenceCatalog/problems/csplib-prob010-SocialGolfers/params/ffaa22528a317ed51be0c648dd99ad7e.param
-0.997,-0.97,-0.883,-0.788,0.92,-0.973,-0.986,-0.998,0.97,-0.535,0.99,0.61,-0.991,-0.904,0.822,0.966,0.994,-0.647,0.992,0.994,-0.952,0.974,-0.996,-0.989,0.991,0.96,-0.997,-0.794,-0.936,0.944,-0.981,0.995,0.997,-0.983,0.925,0.981,0.992,0.842,-0.948,0.942,0.996,-0.891,-0.956,-0.993,0.981,0.98,-0.996,0.995,0.989,-0.968,-0.99,0.995,-0.907,0.998,-0.969,-0.874,0.919,0.591,-0.499,0.534,-0.974,-0.831,-0.931,0.974,-0.995,-0.995,-0.668,-0.955,-0.993,-0.978,-0.794,-0.893,0.61,0.989,0.996,-0.988,0.609,-0.985,0.626,0.944,-0.916,-0.745,0.84,-0.963,0.852,0.997,0.957,0.962,0.991,-0.969,0.996,0.969,-0.991,-0.994,0.84,-0.993,-0.994,0.992,-0.835,-0.876,7.216,5.363,10.425,10.472,10.489,10.459,10.459,10.418,6.473,5.581,10.44,10.46,6.724,6.736,10.484,10.452,EssenceCatalog/problems/csplib-prob010-SocialGolfers/params/6d132648dc4cd6bbaa8982ce782b6520.param
-1.0,-0.993,-0.993,-0.993,-0.972,-0.995,-0.999,-1.0,0.994,-0.988,0.999,0.992,-0.998,-0.995,0.985,0.984,0.998,-0.975,0.998,1.0,-0.99,0.996,-0.999,-0.997,1.0,0.996,-0.999,-0.98,-0.991,0.946,-0.998,0.999,1.0,-0.987,0.983,0.995,0.996,0.992,-0.998,0.991,0.999,-0.992,-0.983,-0.999,0.997,0.995,-0.999,0.997,0.996,-0.996,-1.0,0.998,-0.989,1.0,-0.991,-0.992,0.998,-0.998,-0.992,0.973,-0.998,-0.986,-0.971,0.996,-0.998,-1.0,-0.992,-0.996,-0.998,-0.998,-0.984,-0.164,0.992,0.996,0.999,-0.995,0.991,-0.997,0.912,0.976,-0.991,-0.964,0.987,-0.993,0.989,1.0,0.996,-0.967,0.999,-0.979,0.999,0.996,-0.998,-0.999,0.994,-0.998,-0.997,0.998,0.991,-0.628,9.531,5.785,10.444,10.449,10.424,10.52,10.531,10.478,7.541,6.079,10.398,10.387,8.005,7.848,10.421,10.464,EssenceCatalog/problems/csplib-prob010-SocialGolfers/params/0ee4e7b5edbd511ad4c14a026ebfa60d.param
-0.997,-0.974,-0.944,-0.882,0.891,-0.977,-0.988,-0.998,0.977,0.505,0.989,0.692,-0.994,-0.933,0.881,0.973,0.993,-0.518,0.985,0.995,-0.968,0.99,-0.994,-0.991,0.992,0.949,-0.997,-0.797,-0.889,0.968,-0.985,0.994,0.995,-0.992,0.651,0.947,0.981,0.885,-0.958,0.85,0.993,-0.867,-0.834,-0.987,0.993,0.779,-0.996,0.997,0.993,-0.942,-0.988,0.993,-0.892,0.997,-0.989,-0.95,0.524,-0.201,-0.832,0.672,-0.979,-0.829,-0.955,0.974,-0.997,-0.991,-0.7,-0.974,-0.991,-0.977,-0.742,-0.896,0.858,0.985,0.998,-0.936,0.27,-0.951,0.555,0.976,-0.879,-0.62,0.859,-0.985,0.768,0.997,0.481,0.817,0.989,-0.881,0.993,0.97,-0.991,-0.996,0.479,-0.993,-0.991,0.995,-0.684,-0.892,6.988,5.106,10.449,10.45,10.432,10.452,10.417,10.369,6.228,5.287,10.463,10.443,6.498,6.427,10.488,10.411,EssenceCatalog/problems/csplib-prob010-SocialGolfers/params/fd9943069c57685ea5a7f66bec160b26.param
-0.998,-0.969,-0.887,-0.75,0.914,-0.97,-0.979,-0.999,0.958,-0.472,0.991,0.616,-0.987,-0.903,0.821,0.97,0.994,-0.687,0.993,0.994,-0.951,0.976,-0.996,-0.988,0.983,0.934,-0.996,-0.819,-0.935,0.928,-0.975,0.994,0.997,-0.977,0.927,0.983,0.992,0.831,-0.958,0.947,0.996,-0.859,-0.955,-0.992,0.973,0.979,-0.997,0.993,0.985,-0.969,-0.992,0.995,-0.916,0.998,-0.957,-0.826,0.9,0.641,-0.493,0.514,-0.973,-0.828,-0.942,0.977,-0.993,-0.996,-0.736,-0.95,-0.994,-0.982,-0.768,-0.807,0.492,0.986,0.995,-0.99,0.683,-0.986,0.689,0.919,-0.927,-0.832,0.845,-0.933,0.862,0.997,0.966,0.944,0.991,-0.966,0.997,0.966,-0.989,-0.993,0.865,-0.992,-0.994,0.989,-0.834,-0.887,7.222,5.358,10.41,10.448,10.466,10.443,10.45,10.429,6.484,5.581,10.422,10.437,6.736,6.719,10.466,10.43,EssenceCatalog/problems/csplib-prob010-SocialGolfers/params/12370fcc56656fb5f7c5c2cee67c2f4c.param
-0.998,-0.993,-0.969,-0.851,0.956,-0.951,-0.974,-0.999,0.958,0.991,0.993,0.754,-0.985,-0.969,0.952,0.983,0.998,-0.644,0.99,0.998,-0.994,0.994,-0.997,-0.986,0.965,0.872,-0.997,-0.913,-0.832,0.981,-0.975,0.995,0.992,-0.994,0.571,0.913,0.972,0.873,-0.975,0.574,0.998,-0.581,-0.722,-0.99,0.994,-0.547,-0.998,0.998,0.987,-0.889,-0.988,0.994,-0.966,0.999,-0.992,-0.959,-0.953,0.664,-0.919,0.741,-0.969,-0.879,-0.99,0.981,-0.997,-0.996,-0.012,-0.979,-0.997,-0.982,-0.562,-0.882,0.926,0.956,0.998,-0.813,-0.577,-0.884,0.936,0.993,-0.884,-0.948,0.953,-0.979,0.902,0.997,-0.921,0.724,0.99,-0.776,0.994,0.929,-0.984,-0.993,-0.544,-0.992,-0.997,0.994,-0.967,-0.981,5.251,4.3,10.389,10.33,10.289,10.382,10.307,10.241,5.155,4.46,10.381,10.305,5.449,5.023,10.346,10.324,EssenceCatalog/problems/csplib-prob010-SocialGolfers/params/33a4507e1fd88c2d9dd41cc0e6b7c2fb.param
-0.998,-0.994,-0.967,-0.838,0.971,-0.945,-0.971,-0.999,0.953,0.994,0.993,0.739,-0.983,-0.973,0.958,0.98,0.998,-0.627,0.992,0.998,-0.995,0.993,-0.998,-0.983,0.96,0.868,-0.997,-0.929,-0.826,0.983,-0.972,0.996,0.991,-0.994,0.612,0.909,0.972,0.872,-0.976,0.48,0.998,-0.534,-0.755,-0.991,0.993,-0.696,-0.998,0.998,0.985,-0.878,-0.988,0.995,-0.971,0.999,-0.992,-0.961,-0.974,0.831,-0.922,0.75,-0.963,-0.892,-0.992,0.982,-0.997,-0.997,0.311,-0.979,-0.997,-0.982,-0.563,-0.909,0.924,0.949,0.998,-0.8,-0.74,-0.879,0.954,0.994,-0.887,-0.959,0.961,-0.976,0.913,0.997,-0.96,0.817,0.991,-0.787,0.994,0.903,-0.984,-0.991,-0.72,-0.993,-0.997,0.995,-0.982,-0.986,5.003,4.22,10.344,10.317,10.278,10.364,10.296,10.23,5.009,4.366,10.327,10.29,5.304,4.854,10.296,10.321,EssenceCatalog/problems/csplib-prob010-SocialGolfers/params/58e27c601d06991658ae9d5b543c58b5.param
-0.996,-0.984,-0.921,-0.718,0.982,-0.95,-0.973,-0.999,0.962,0.888,0.988,0.418,-0.984,-0.928,0.866,0.976,0.996,-0.574,0.99,0.995,-0.98,0.982,-0.996,-0.987,0.975,0.897,-0.995,-0.805,-0.869,0.973,-0.973,0.992,0.992,-0.992,0.773,0.958,0.982,0.788,-0.929,0.801,0.996,-0.627,-0.894,-0.991,0.988,0.711,-0.997,0.995,0.989,-0.916,-0.982,0.993,-0.921,0.998,-0.983,-0.868,-0.514,0.908,-0.558,0.501,-0.955,-0.799,-0.971,0.974,-0.995,-0.993,-0.043,-0.946,-0.994,-0.971,-0.516,-0.929,0.669,0.976,0.996,-0.955,-0.45,-0.951,0.786,0.973,-0.885,-0.837,0.867,-0.964,0.846,0.995,0.103,0.977,0.988,-0.917,0.993,0.943,-0.981,-0.99,0.122,-0.992,-0.995,0.99,-0.976,-0.96,5.574,4.653,10.4,10.298,10.315,10.322,10.305,10.279,5.451,4.812,10.39,10.299,5.712,5.479,10.368,10.334,EssenceCatalog/problems/csplib-prob010-SocialGolfers/params/32fb16593aaefb17e873531955a6d52f.param
-0.998,-0.99,-0.964,-0.824,0.912,-0.968,-0.965,-0.999,0.95,0.973,0.993,0.73,-0.984,-0.964,0.94,0.989,0.998,-0.712,0.993,0.997,-0.989,0.997,-0.996,-0.987,0.932,0.744,-0.998,-0.893,-0.859,0.974,-0.973,0.995,0.995,-0.993,0.639,0.952,0.972,0.871,-0.975,0.807,0.997,-0.579,-0.761,-0.985,0.992,0.0,-0.998,0.998,0.988,-0.923,-0.99,0.994,-0.959,0.999,-0.99,-0.952,-0.771,0.361,-0.891,0.687,-0.981,-0.848,-0.985,0.983,-0.996,-0.997,-0.6,-0.967,-0.996,-0.984,-0.507,-0.609,0.891,0.961,0.998,-0.903,0.093,-0.925,0.931,0.99,-0.922,-0.951,0.942,-0.959,0.903,0.997,-0.627,0.347,0.991,-0.801,0.995,0.959,-0.987,-0.995,0.144,-0.991,-0.996,0.994,-0.918,-0.981,6.059,4.603,10.46,10.355,10.376,10.445,10.393,10.351,5.641,4.775,10.457,10.347,5.943,5.549,10.439,10.364,EssenceCatalog/problems/csplib-prob010-SocialGolfers/params/c1b4bd3ce31600d67146095a85a91303.param
-0.996,-0.983,-0.926,-0.681,0.981,-0.941,-0.967,-0.999,0.96,0.883,0.988,0.386,-0.982,-0.922,0.859,0.98,0.996,-0.587,0.991,0.994,-0.98,0.984,-0.996,-0.988,0.965,0.863,-0.995,-0.818,-0.876,0.966,-0.971,0.992,0.992,-0.992,0.814,0.967,0.983,0.743,-0.924,0.844,0.997,-0.588,-0.903,-0.991,0.988,0.719,-0.997,0.995,0.989,-0.916,-0.982,0.993,-0.923,0.998,-0.982,-0.833,-0.541,0.934,-0.482,0.524,-0.953,-0.78,-0.971,0.974,-0.995,-0.994,-0.067,-0.936,-0.995,-0.973,-0.475,-0.902,0.629,0.974,0.995,-0.961,-0.392,-0.954,0.843,0.972,-0.892,-0.884,0.866,-0.955,0.863,0.995,0.22,0.977,0.988,-0.92,0.993,0.948,-0.979,-0.989,0.222,-0.992,-0.996,0.989,-0.979,-0.967,5.61,4.677,10.403,10.274,10.304,10.306,10.293,10.29,5.485,4.845,10.393,10.28,5.749,5.505,10.37,10.319,EssenceCatalog/problems/csplib-prob010-SocialGolfers/params/aef07c1f6477ef617e21a33f0ed34a4f.param
-0.997,-0.986,-0.937,-0.694,0.977,-0.953,-0.96,-0.999,0.95,0.95,0.99,0.508,-0.981,-0.939,0.901,0.982,0.996,-0.592,0.991,0.996,-0.985,0.991,-0.996,-0.986,0.957,0.824,-0.997,-0.841,-0.856,0.973,-0.968,0.993,0.993,-0.992,0.73,0.957,0.979,0.817,-0.945,0.784,0.997,-0.569,-0.852,-0.989,0.989,0.433,-0.998,0.997,0.987,-0.912,-0.984,0.993,-0.932,0.998,-0.985,-0.888,-0.687,0.869,-0.688,0.541,-0.966,-0.801,-0.978,0.977,-0.996,-0.994,-0.174,-0.95,-0.995,-0.976,-0.434,-0.852,0.752,0.969,0.996,-0.936,-0.314,-0.94,0.87,0.982,-0.895,-0.902,0.901,-0.955,0.864,0.996,-0.272,0.937,0.989,-0.888,0.994,0.94,-0.984,-0.992,0.045,-0.991,-0.996,0.992,-0.975,-0.972,5.536,4.571,10.405,10.307,10.318,10.359,10.324,10.292,5.405,4.731,10.396,10.308,5.674,5.373,10.372,10.337,EssenceCatalog/problems/csplib-prob010-SocialGolfers/params/3d4fa65e32fb6bbbfdff832fa63c942f.param
-1.0,-0.995,-0.994,-0.994,-0.977,-0.994,-0.999,-1.0,0.993,-0.984,0.999,0.994,-0.998,-0.996,0.991,0.986,0.998,-0.985,0.999,1.0,-0.993,0.996,-0.999,-0.997,0.999,0.995,-0.999,-0.985,-0.992,0.958,-0.998,0.999,1.0,-0.988,0.987,0.995,0.996,0.993,-0.998,0.993,0.999,-0.992,-0.986,-0.999,0.997,0.995,-0.999,0.997,0.996,-0.996,-1.0,0.998,-0.992,1.0,-0.99,-0.993,0.997,-0.998,-0.993,0.976,-0.998,-0.989,-0.979,0.996,-0.998,-1.0,-0.991,-0.996,-0.999,-0.999,-0.985,0.083,0.994,0.996,0.999,-0.996,0.992,-0.997,0.961,0.982,-0.993,-0.982,0.991,-0.992,0.993,1.0,0.996,-0.977,0.999,-0.982,0.999,0.996,-0.998,-0.999,0.995,-0.998,-0.998,0.998,0.99,-0.779,9.56,5.786,10.448,10.449,10.434,10.535,10.55,10.499,7.561,6.086,10.41,10.388,8.037,7.851,10.423,10.47,EssenceCatalog/problems/csplib-prob010-SocialGolfers/params/5d83deb9dc581b0960d18ad2a77a62d0.param
-0.997,-0.984,-0.947,-0.753,0.965,-0.957,-0.964,-0.999,0.959,0.947,0.989,0.566,-0.984,-0.94,0.908,0.983,0.996,-0.584,0.99,0.996,-0.985,0.992,-0.996,-0.989,0.964,0.846,-0.997,-0.846,-0.851,0.971,-0.972,0.993,0.992,-0.994,0.679,0.953,0.977,0.832,-0.949,0.776,0.996,-0.612,-0.815,-0.988,0.992,0.362,-0.998,0.997,0.989,-0.911,-0.984,0.993,-0.928,0.998,-0.988,-0.907,-0.672,0.74,-0.76,0.601,-0.97,-0.811,-0.977,0.976,-0.996,-0.993,-0.335,-0.958,-0.995,-0.977,-0.488,-0.843,0.801,0.97,0.997,-0.922,-0.211,-0.931,0.849,0.982,-0.889,-0.887,0.903,-0.965,0.851,0.996,-0.308,0.891,0.988,-0.867,0.993,0.95,-0.984,-0.993,0.078,-0.991,-0.995,0.992,-0.958,-0.966,5.692,4.605,10.44,10.346,10.352,10.394,10.356,10.319,5.488,4.765,10.433,10.342,5.759,5.46,10.412,10.368,EssenceCatalog/problems/csplib-prob010-SocialGolfers/params/eabb88a1ee308fe1576f7590be0c8bbd.param
-0.999,-0.981,-0.96,-0.826,0.793,-0.974,-0.967,-0.999,0.953,0.849,0.992,0.773,-0.987,-0.951,0.925,0.989,0.996,-0.715,0.992,0.997,-0.983,0.996,-0.995,-0.989,0.963,0.818,-0.998,-0.874,-0.893,0.959,-0.978,0.995,0.996,-0.992,0.707,0.968,0.977,0.895,-0.976,0.883,0.996,-0.712,-0.788,-0.984,0.992,0.622,-0.998,0.998,0.99,-0.95,-0.992,0.993,-0.94,0.999,-0.986,-0.943,0.115,-0.325,-0.883,0.703,-0.984,-0.841,-0.975,0.981,-0.995,-0.996,-0.835,-0.967,-0.995,-0.986,-0.561,-0.464,0.867,0.973,0.997,-0.941,0.653,-0.952,0.855,0.98,-0.929,-0.912,0.924,-0.954,0.872,0.998,0.218,0.134,0.99,-0.853,0.995,0.971,-0.989,-0.996,0.646,-0.99,-0.995,0.994,-0.695,-0.959,7.227,5.067,10.48,10.449,10.46,10.539,10.488,10.477,6.331,5.269,10.489,10.452,6.644,6.385,10.506,10.424,EssenceCatalog/problems/csplib-prob010-SocialGolfers/params/185c62f2ab16de29f1d2f580878469ce.param
-0.996,-0.989,-0.94,-0.749,0.984,-0.945,-0.975,-0.999,0.961,0.962,0.989,0.443,-0.984,-0.946,0.896,0.978,0.997,-0.575,0.99,0.996,-0.987,0.985,-0.997,-0.987,0.972,0.891,-0.996,-0.842,-0.855,0.979,-0.972,0.992,0.991,-0.993,0.725,0.946,0.98,0.796,-0.943,0.732,0.997,-0.544,-0.873,-0.992,0.989,0.412,-0.998,0.996,0.987,-0.901,-0.982,0.993,-0.937,0.998,-0.985,-0.894,-0.831,0.929,-0.682,0.532,-0.95,-0.834,-0.981,0.977,-0.996,-0.994,0.21,-0.956,-0.995,-0.973,-0.504,-0.941,0.747,0.971,0.996,-0.933,-0.662,-0.938,0.861,0.981,-0.885,-0.881,0.898,-0.965,0.868,0.995,-0.457,0.973,0.99,-0.89,0.993,0.933,-0.98,-0.989,-0.23,-0.993,-0.996,0.991,-0.984,-0.972,5.208,4.455,10.385,10.301,10.289,10.332,10.296,10.25,5.203,4.604,10.367,10.293,5.47,5.149,10.333,10.333,EssenceCatalog/problems/csplib-prob010-SocialGolfers/params/e1d5c88bf6de8be0b6d537279c7c77b1.param
-0.996,-0.994,-0.951,-0.795,0.99,-0.934,-0.98,-0.999,0.959,0.992,0.991,0.571,-0.983,-0.965,0.938,0.97,0.998,-0.538,0.991,0.997,-0.994,0.982,-0.998,-0.982,0.977,0.918,-0.996,-0.902,-0.828,0.984,-0.974,0.994,0.988,-0.994,0.704,0.916,0.978,0.825,-0.958,0.503,0.998,-0.484,-0.858,-0.994,0.991,-0.397,-0.998,0.997,0.984,-0.871,-0.981,0.995,-0.964,0.999,-0.989,-0.93,-0.972,0.967,-0.81,0.666,-0.935,-0.885,-0.989,0.98,-0.997,-0.995,0.697,-0.971,-0.997,-0.973,-0.517,-0.967,0.858,0.957,0.997,-0.871,-0.898,-0.908,0.936,0.992,-0.868,-0.931,0.94,-0.975,0.906,0.995,-0.926,0.979,0.99,-0.859,0.993,0.886,-0.98,-0.987,-0.772,-0.994,-0.997,0.992,-0.993,-0.983,4.763,4.202,10.295,10.287,10.257,10.319,10.268,10.206,4.885,4.331,10.267,10.269,5.175,4.746,10.235,10.31,EssenceCatalog/problems/csplib-prob010-SocialGolfers/params/efb38b28589f9b63040058fd2fe4f02f.param
-0.997,-0.996,0.963,-0.659,0.991,-0.82,-0.975,-0.997,-0.972,0.781,0.992,0.946,-0.907,-0.965,0.972,-0.988,0.994,-0.839,0.995,0.997,-0.978,-0.98,-0.996,0.992,0.999,0.982,-0.997,-0.932,-0.793,0.986,-0.949,0.999,0.994,0.988,0.868,-0.831,0.975,0.405,-0.988,-0.947,0.997,-0.982,-0.929,-0.992,-0.984,0.975,-0.994,0.998,-0.995,-0.975,-0.986,0.997,-0.925,0.995,0.911,-0.99,0.991,0.936,-0.927,0.853,-0.845,-0.906,-0.982,0.973,-0.996,-0.994,0.844,-0.986,-0.995,-0.962,-0.926,-0.973,0.899,0.905,0.998,-0.987,0.941,-0.988,0.981,0.995,-0.456,-0.938,0.956,0.28,0.92,0.997,-0.916,0.95,0.994,-0.984,0.992,-0.972,-0.993,-0.969,-0.968,-0.996,-0.982,0.993,-0.981,-0.969,4.244,3.357,4.841,10.064,10.5,10.379,10.508,10.57,4.134,3.597,4.907,10.041,4.685,4.28,5.848,10.018,EssenceCatalog/problems/csplib-prob010-SocialGolfers/params/3d7f6fba5b9f3c751ebf40f5f61d4a5e.param
-0.996,-0.979,-0.914,-0.735,0.967,-0.96,-0.975,-0.998,0.962,0.752,0.988,0.438,-0.987,-0.92,0.846,0.976,0.995,-0.576,0.99,0.994,-0.971,0.985,-0.996,-0.988,0.976,0.9,-0.996,-0.777,-0.876,0.967,-0.974,0.993,0.994,-0.991,0.773,0.962,0.982,0.793,-0.934,0.856,0.995,-0.709,-0.889,-0.989,0.987,0.818,-0.997,0.996,0.989,-0.928,-0.984,0.993,-0.906,0.998,-0.981,-0.891,0.02,0.792,-0.593,0.484,-0.968,-0.768,-0.961,0.973,-0.996,-0.993,-0.367,-0.947,-0.993,-0.973,-0.582,-0.891,0.692,0.98,0.996,-0.962,-0.055,-0.959,0.754,0.972,-0.889,-0.802,0.848,-0.962,0.827,0.996,0.454,0.954,0.989,-0.915,0.993,0.955,-0.986,-0.993,0.464,-0.992,-0.994,0.992,-0.948,-0.95,6.132,4.886,10.425,10.349,10.377,10.383,10.354,10.344,5.797,5.059,10.432,10.364,6.057,5.897,10.433,10.368,EssenceCatalog/problems/csplib-prob010-SocialGolfers/params/04e760bf7af3d45710e3b7d7d8207884.param
-0.998,-0.976,-0.946,-0.842,0.869,-0.974,-0.977,-0.998,0.962,0.759,0.99,0.729,-0.99,-0.933,0.903,0.98,0.994,-0.575,0.988,0.996,-0.976,0.993,-0.994,-0.989,0.984,0.908,-0.997,-0.828,-0.875,0.961,-0.981,0.994,0.995,-0.991,0.645,0.952,0.978,0.876,-0.964,0.835,0.994,-0.8,-0.788,-0.986,0.992,0.675,-0.997,0.997,0.99,-0.94,-0.989,0.992,-0.909,0.998,-0.986,-0.94,0.255,-0.183,-0.851,0.677,-0.98,-0.816,-0.966,0.975,-0.996,-0.993,-0.749,-0.972,-0.993,-0.98,-0.627,-0.776,0.856,0.979,0.997,-0.931,0.474,-0.945,0.722,0.977,-0.888,-0.796,0.89,-0.973,0.81,0.997,0.286,0.648,0.989,-0.873,0.993,0.964,-0.989,-0.996,0.485,-0.991,-0.992,0.994,-0.741,-0.93,6.943,5.041,10.465,10.462,10.45,10.501,10.45,10.419,6.194,5.222,10.474,10.464,6.474,6.309,10.496,10.426,EssenceCatalog/problems/csplib-prob010-SocialGolfers/params/d953c3fd2d0dccb8a36813e55ce24cbc.param
-0.998,-0.988,-0.963,-0.814,0.9,-0.967,-0.963,-0.999,0.95,0.963,0.993,0.728,-0.984,-0.961,0.935,0.989,0.997,-0.705,0.993,0.997,-0.989,0.997,-0.996,-0.988,0.938,0.753,-0.998,-0.887,-0.865,0.97,-0.974,0.995,0.995,-0.993,0.655,0.957,0.973,0.872,-0.974,0.825,0.997,-0.592,-0.763,-0.985,0.992,0.176,-0.998,0.998,0.988,-0.929,-0.99,0.994,-0.955,0.999,-0.989,-0.946,-0.675,0.264,-0.884,0.68,-0.981,-0.846,-0.984,0.982,-0.996,-0.996,-0.664,-0.966,-0.996,-0.985,-0.495,-0.591,0.879,0.963,0.998,-0.911,0.227,-0.933,0.916,0.988,-0.923,-0.944,0.938,-0.957,0.895,0.997,-0.481,0.342,0.991,-0.816,0.995,0.961,-0.987,-0.995,0.286,-0.99,-0.996,0.994,-0.898,-0.977,6.251,4.689,10.475,10.373,10.401,10.463,10.416,10.384,5.76,4.863,10.473,10.371,6.06,5.69,10.458,10.383,EssenceCatalog/problems/csplib-prob010-SocialGolfers/params/4baa55e9b450dcc952c3bd85c9f07023.param
-1.0,-0.996,-0.994,-0.993,-0.978,-0.994,-0.999,-1.0,0.99,-0.981,0.999,0.995,-0.997,-0.997,0.992,0.984,0.999,-0.986,0.999,1.0,-0.994,0.996,-0.999,-0.995,0.999,0.994,-1.0,-0.986,-0.991,0.96,-0.998,0.999,1.0,-0.984,0.988,0.996,0.996,0.993,-0.999,0.992,0.999,-0.992,-0.985,-0.999,0.996,0.995,-0.999,0.998,0.993,-0.996,-1.0,0.998,-0.993,1.0,-0.987,-0.994,0.997,-0.998,-0.994,0.978,-0.998,-0.989,-0.982,0.996,-0.998,-1.0,-0.992,-0.996,-0.999,-0.999,-0.983,0.308,0.994,0.996,1.0,-0.997,0.993,-0.997,0.974,0.984,-0.995,-0.988,0.992,-0.989,0.993,1.0,0.995,-0.984,0.999,-0.982,0.999,0.995,-0.998,-0.999,0.996,-0.998,-0.998,0.998,0.99,-0.843,9.574,5.778,10.427,10.426,10.418,10.521,10.543,10.493,7.566,6.082,10.395,10.364,8.05,7.845,10.398,10.45,EssenceCatalog/problems/csplib-prob010-SocialGolfers/params/496b3b4d6fc3defbb8df9e852e14f303.param
-0.999,-0.988,-0.977,-0.895,0.457,-0.981,-0.978,-0.999,0.964,0.878,0.995,0.863,-0.989,-0.973,0.949,0.993,0.997,-0.818,0.994,0.998,-0.989,0.998,-0.997,-0.991,0.963,0.831,-0.999,-0.912,-0.919,0.971,-0.985,0.997,0.997,-0.993,0.778,0.975,0.977,0.924,-0.987,0.925,0.997,-0.761,-0.79,-0.986,0.995,0.574,-0.999,0.999,0.993,-0.961,-0.995,0.994,-0.963,0.999,-0.99,-0.967,-0.002,-0.705,-0.94,0.79,-0.989,-0.888,-0.983,0.987,-0.996,-0.997,-0.911,-0.974,-0.997,-0.99,-0.636,-0.104,0.931,0.973,0.998,-0.945,0.757,-0.96,0.927,0.988,-0.956,-0.957,0.953,-0.966,0.921,0.998,0.111,-0.613,0.994,-0.832,0.996,0.982,-0.991,-0.998,0.768,-0.991,-0.996,0.995,-0.308,-0.973,7.77,5.133,10.481,10.421,10.433,10.552,10.509,10.5,6.576,5.361,10.49,10.414,6.948,6.603,10.489,10.403,EssenceCatalog/problems/csplib-prob010-SocialGolfers/params/6a2549e67d3223a0ad546bab8addaca8.param
-0.998,-0.969,-0.919,-0.828,0.868,-0.977,-0.985,-0.998,0.974,-0.139,0.99,0.645,-0.992,-0.919,0.848,0.975,0.993,-0.606,0.99,0.995,-0.959,0.99,-0.995,-0.991,0.99,0.947,-0.997,-0.782,-0.916,0.95,-0.984,0.996,0.997,-0.99,0.839,0.974,0.987,0.865,-0.955,0.931,0.994,-0.882,-0.907,-0.989,0.989,0.941,-0.996,0.997,0.992,-0.959,-0.989,0.994,-0.899,0.997,-0.981,-0.931,0.855,0.039,-0.723,0.606,-0.983,-0.798,-0.938,0.974,-0.996,-0.993,-0.766,-0.964,-0.991,-0.978,-0.749,-0.843,0.785,0.988,0.998,-0.974,0.611,-0.975,0.643,0.968,-0.908,-0.704,0.847,-0.971,0.826,0.997,0.875,0.863,0.99,-0.938,0.995,0.975,-0.993,-0.996,0.829,-0.994,-0.992,0.995,-0.698,-0.892,7.405,5.349,10.463,10.494,10.503,10.502,10.478,10.433,6.527,5.559,10.478,10.485,6.795,6.786,10.524,10.462,EssenceCatalog/problems/csplib-prob010-SocialGolfers/params/7dfad4148f7a39e1692c6e5d0ff13b73.param
-1.0,-0.99,-0.991,-0.988,-0.918,-0.995,-0.998,-1.0,0.995,-0.979,0.999,0.981,-0.998,-0.989,0.972,0.987,0.997,-0.941,0.997,0.999,-0.985,0.997,-0.999,-0.998,0.999,0.995,-0.999,-0.968,-0.988,0.933,-0.998,0.999,1.0,-0.992,0.968,0.993,0.996,0.988,-0.997,0.988,0.998,-0.99,-0.972,-0.998,0.997,0.993,-0.999,0.998,0.998,-0.995,-0.999,0.998,-0.978,0.999,-0.993,-0.991,0.997,-0.996,-0.985,0.956,-0.998,-0.975,-0.953,0.995,-0.998,-0.999,-0.99,-0.995,-0.997,-0.997,-0.976,-0.551,0.988,0.997,1.0,-0.992,0.984,-0.996,0.77,0.975,-0.983,-0.892,0.973,-0.993,0.975,0.999,0.993,-0.899,0.998,-0.971,0.999,0.996,-0.998,-0.999,0.989,-0.998,-0.996,0.998,0.976,-0.526,9.437,5.771,10.437,10.444,10.406,10.492,10.497,10.437,7.486,6.054,10.383,10.386,7.929,7.821,10.418,10.448,EssenceCatalog/problems/csplib-prob010-SocialGolfers/params/a2cabe0a1bef1fd04563cbe28c9ead07.param
-0.996,-0.976,-0.892,-0.703,0.968,-0.959,-0.975,-0.998,0.963,0.41,0.988,0.44,-0.986,-0.908,0.824,0.974,0.995,-0.611,0.992,0.994,-0.967,0.978,-0.996,-0.987,0.98,0.916,-0.996,-0.778,-0.906,0.959,-0.973,0.993,0.995,-0.987,0.864,0.974,0.987,0.785,-0.932,0.897,0.996,-0.754,-0.932,-0.991,0.982,0.932,-0.997,0.995,0.989,-0.945,-0.985,0.993,-0.909,0.998,-0.974,-0.839,0.463,0.845,-0.426,0.437,-0.963,-0.787,-0.953,0.973,-0.995,-0.994,-0.4,-0.94,-0.993,-0.973,-0.637,-0.901,0.561,0.983,0.995,-0.979,0.108,-0.973,0.718,0.955,-0.904,-0.798,0.836,-0.955,0.84,0.995,0.797,0.974,0.989,-0.95,0.995,0.958,-0.985,-0.991,0.632,-0.992,-0.994,0.99,-0.946,-0.935,6.421,5.052,10.397,10.346,10.382,10.368,10.35,10.353,6.0,5.241,10.415,10.366,6.252,6.158,10.426,10.358,EssenceCatalog/problems/csplib-prob010-SocialGolfers/params/ce90a01453eb10983fb948cf834f1481.param
-0.996,-0.986,-0.932,-0.743,0.98,-0.951,-0.976,-0.999,0.962,0.921,0.989,0.42,-0.986,-0.937,0.875,0.978,0.996,-0.578,0.99,0.995,-0.982,0.984,-0.997,-0.987,0.975,0.896,-0.996,-0.812,-0.867,0.976,-0.974,0.992,0.992,-0.993,0.741,0.952,0.981,0.788,-0.936,0.791,0.996,-0.605,-0.884,-0.991,0.988,0.637,-0.997,0.996,0.988,-0.911,-0.982,0.993,-0.925,0.998,-0.984,-0.891,-0.626,0.899,-0.638,0.502,-0.957,-0.802,-0.974,0.976,-0.996,-0.993,-0.012,-0.952,-0.995,-0.973,-0.532,-0.931,0.719,0.975,0.996,-0.947,-0.502,-0.949,0.824,0.978,-0.884,-0.85,0.877,-0.966,0.853,0.995,-0.089,0.97,0.99,-0.902,0.993,0.941,-0.982,-0.991,0.058,-0.993,-0.995,0.991,-0.976,-0.966,5.503,4.606,10.417,10.321,10.329,10.348,10.324,10.289,5.398,4.763,10.405,10.318,5.662,5.402,10.381,10.357,EssenceCatalog/problems/csplib-prob010-SocialGolfers/params/a98acebf0e9132a488407a505859b5e1.param
-0.996,-0.98,-0.913,-0.656,0.977,-0.948,-0.965,-0.999,0.954,0.792,0.988,0.411,-0.981,-0.914,0.851,0.979,0.996,-0.613,0.992,0.994,-0.976,0.983,-0.996,-0.987,0.965,0.868,-0.996,-0.809,-0.887,0.962,-0.968,0.992,0.993,-0.99,0.832,0.97,0.985,0.762,-0.932,0.861,0.996,-0.626,-0.91,-0.991,0.984,0.83,-0.997,0.995,0.987,-0.929,-0.984,0.993,-0.917,0.998,-0.976,-0.822,-0.187,0.906,-0.464,0.485,-0.958,-0.778,-0.968,0.974,-0.994,-0.994,-0.243,-0.936,-0.994,-0.973,-0.518,-0.881,0.574,0.977,0.995,-0.97,-0.132,-0.963,0.809,0.963,-0.904,-0.87,0.861,-0.944,0.854,0.995,0.513,0.971,0.988,-0.934,0.994,0.949,-0.981,-0.99,0.42,-0.991,-0.995,0.989,-0.97,-0.96,5.946,4.83,10.411,10.297,10.336,10.335,10.319,10.337,5.704,5.009,10.41,10.315,5.964,5.771,10.4,10.334,EssenceCatalog/problems/csplib-prob010-SocialGolfers/params/0f5bebad02b36a89729ca06e8edf1d4b.param
-0.996,-0.994,-0.934,-0.779,0.99,-0.939,-0.979,-0.999,0.952,0.989,0.991,0.559,-0.983,-0.961,0.934,0.962,0.998,-0.529,0.991,0.997,-0.993,0.98,-0.998,-0.979,0.979,0.922,-0.996,-0.891,-0.822,0.984,-0.975,0.995,0.99,-0.993,0.707,0.914,0.979,0.823,-0.954,0.478,0.998,-0.551,-0.861,-0.994,0.989,-0.29,-0.998,0.997,0.983,-0.878,-0.981,0.995,-0.958,0.999,-0.987,-0.932,-0.958,0.97,-0.789,0.662,-0.941,-0.866,-0.988,0.979,-0.998,-0.995,0.685,-0.97,-0.997,-0.972,-0.507,-0.966,0.849,0.96,0.998,-0.888,-0.872,-0.911,0.929,0.992,-0.864,-0.923,0.934,-0.971,0.899,0.996,-0.916,0.982,0.991,-0.875,0.993,0.871,-0.984,-0.989,-0.755,-0.994,-0.997,0.993,-0.994,-0.983,4.776,4.214,10.282,10.287,10.259,10.32,10.27,10.204,4.896,4.342,10.258,10.271,5.185,4.767,10.224,10.309,EssenceCatalog/problems/csplib-prob010-SocialGolfers/params/4fd247cebfa6dcc571ad45faccc845e9.param
-0.997,-0.973,-0.885,-0.72,0.957,-0.963,-0.978,-0.998,0.961,-0.002,0.989,0.518,-0.987,-0.901,0.819,0.971,0.995,-0.63,0.992,0.994,-0.961,0.974,-0.996,-0.988,0.984,0.931,-0.996,-0.789,-0.92,0.95,-0.974,0.994,0.996,-0.984,0.903,0.978,0.99,0.801,-0.939,0.919,0.996,-0.811,-0.946,-0.992,0.979,0.962,-0.997,0.994,0.988,-0.957,-0.988,0.994,-0.909,0.998,-0.967,-0.825,0.733,0.806,-0.411,0.472,-0.966,-0.807,-0.948,0.974,-0.994,-0.995,-0.523,-0.943,-0.994,-0.976,-0.706,-0.888,0.519,0.985,0.995,-0.985,0.358,-0.98,0.694,0.943,-0.912,-0.8,0.836,-0.951,0.844,0.996,0.905,0.973,0.989,-0.961,0.996,0.961,-0.987,-0.992,0.74,-0.992,-0.994,0.989,-0.922,-0.916,6.761,5.196,10.396,10.394,10.42,10.4,10.392,10.382,6.213,5.399,10.413,10.401,6.462,6.413,10.441,10.39,EssenceCatalog/problems/csplib-prob010-SocialGolfers/params/810be9431c771b9820cd2a7e35ae4828.param
-0.998,-0.99,-0.965,-0.799,0.927,-0.966,-0.959,-0.999,0.95,0.977,0.993,0.714,-0.982,-0.964,0.94,0.99,0.998,-0.705,0.993,0.997,-0.99,0.997,-0.997,-0.988,0.919,0.703,-0.998,-0.895,-0.858,0.973,-0.971,0.995,0.994,-0.993,0.656,0.957,0.972,0.876,-0.974,0.801,0.997,-0.551,-0.77,-0.986,0.992,-0.018,-0.999,0.998,0.988,-0.922,-0.99,0.994,-0.961,0.999,-0.99,-0.948,-0.814,0.454,-0.886,0.683,-0.98,-0.849,-0.985,0.983,-0.996,-0.997,-0.575,-0.966,-0.996,-0.985,-0.464,-0.616,0.882,0.958,0.998,-0.9,-0.003,-0.925,0.932,0.99,-0.923,-0.953,0.943,-0.959,0.905,0.997,-0.646,0.421,0.991,-0.803,0.995,0.958,-0.986,-0.994,0.115,-0.99,-0.996,0.994,-0.932,-0.981,5.945,4.571,10.453,10.336,10.359,10.428,10.378,10.337,5.58,4.742,10.449,10.327,5.881,5.483,10.429,10.35,EssenceCatalog/problems/csplib-prob010-SocialGolfers/params/c3ea97a37e90ba795853a1384eb4d9db.param
-0.997,-0.974,-0.89,-0.691,0.957,-0.962,-0.971,-0.999,0.952,0.265,0.99,0.509,-0.984,-0.9,0.831,0.973,0.994,-0.629,0.992,0.994,-0.964,0.98,-0.996,-0.987,0.976,0.903,-0.996,-0.794,-0.909,0.948,-0.971,0.994,0.995,-0.984,0.88,0.977,0.988,0.792,-0.944,0.909,0.996,-0.773,-0.933,-0.991,0.978,0.941,-0.997,0.995,0.986,-0.952,-0.988,0.994,-0.908,0.998,-0.966,-0.837,0.633,0.8,-0.46,0.492,-0.968,-0.788,-0.954,0.975,-0.994,-0.995,-0.532,-0.943,-0.994,-0.976,-0.643,-0.839,0.541,0.983,0.996,-0.982,0.393,-0.977,0.743,0.948,-0.915,-0.836,0.846,-0.935,0.841,0.996,0.857,0.959,0.989,-0.952,0.995,0.957,-0.987,-0.992,0.716,-0.991,-0.994,0.99,-0.929,-0.934,6.687,5.149,10.402,10.39,10.421,10.417,10.4,10.4,6.164,5.347,10.422,10.404,6.418,6.331,10.445,10.39,EssenceCatalog/problems/csplib-prob010-SocialGolfers/params/de638e3c51b4c3edfea37633a51da302.param
-0.996,-0.978,-0.909,-0.682,0.972,-0.952,-0.969,-0.998,0.958,0.67,0.988,0.425,-0.983,-0.909,0.84,0.978,0.995,-0.61,0.992,0.994,-0.972,0.982,-0.996,-0.988,0.97,0.881,-0.996,-0.797,-0.893,0.958,-0.971,0.992,0.994,-0.989,0.846,0.972,0.985,0.753,-0.93,0.887,0.996,-0.679,-0.918,-0.991,0.984,0.881,-0.997,0.995,0.988,-0.935,-0.985,0.993,-0.912,0.998,-0.976,-0.823,0.086,0.885,-0.439,0.488,-0.961,-0.771,-0.962,0.973,-0.994,-0.994,-0.357,-0.935,-0.994,-0.974,-0.558,-0.873,0.568,0.979,0.995,-0.974,0.009,-0.967,0.788,0.96,-0.902,-0.857,0.846,-0.948,0.848,0.995,0.674,0.97,0.988,-0.939,0.994,0.955,-0.982,-0.991,0.538,-0.991,-0.995,0.989,-0.962,-0.953,6.18,4.937,10.416,10.323,10.363,10.36,10.339,10.358,5.854,5.122,10.425,10.344,6.111,5.955,10.423,10.35,EssenceCatalog/problems/csplib-prob010-SocialGolfers/params/36d8da71f3536dc07680c56f70dadf75.param
-0.997,-0.969,-0.907,-0.808,0.915,-0.975,-0.982,-0.998,0.969,0.1,0.989,0.659,-0.992,-0.908,0.854,0.97,0.993,-0.545,0.989,0.994,-0.962,0.985,-0.994,-0.989,0.99,0.943,-0.997,-0.787,-0.909,0.952,-0.982,0.995,0.996,-0.988,0.813,0.967,0.987,0.859,-0.947,0.894,0.994,-0.867,-0.903,-0.989,0.988,0.928,-0.996,0.996,0.991,-0.956,-0.988,0.993,-0.895,0.997,-0.98,-0.912,0.791,0.24,-0.677,0.6,-0.978,-0.795,-0.941,0.972,-0.996,-0.993,-0.709,-0.965,-0.992,-0.977,-0.708,-0.873,0.745,0.986,0.997,-0.971,0.506,-0.971,0.586,0.964,-0.894,-0.681,0.842,-0.973,0.808,0.997,0.83,0.916,0.989,-0.941,0.995,0.965,-0.99,-0.995,0.694,-0.993,-0.992,0.993,-0.793,-0.893,7.115,5.252,10.429,10.461,10.467,10.471,10.443,10.398,6.365,5.446,10.45,10.459,6.622,6.601,10.487,10.431,EssenceCatalog/problems/csplib-prob010-SocialGolfers/params/2ef2fa8f6fcabc5a7365f2f4dbb58921.param
-0.997,-0.993,-0.963,-0.802,0.98,-0.945,-0.971,-0.999,0.958,0.991,0.992,0.645,-0.983,-0.965,0.944,0.981,0.998,-0.584,0.991,0.997,-0.994,0.992,-0.997,-0.986,0.965,0.871,-0.997,-0.904,-0.829,0.981,-0.972,0.994,0.99,-0.995,0.649,0.928,0.975,0.856,-0.965,0.585,0.998,-0.508,-0.8,-0.992,0.993,-0.428,-0.998,0.998,0.987,-0.883,-0.985,0.994,-0.962,0.999,-0.991,-0.94,-0.959,0.883,-0.865,0.678,-0.958,-0.875,-0.989,0.981,-0.997,-0.995,0.299,-0.972,-0.997,-0.979,-0.502,-0.92,0.884,0.958,0.997,-0.854,-0.737,-0.899,0.933,0.992,-0.886,-0.94,0.945,-0.974,0.898,0.996,-0.899,0.914,0.99,-0.824,0.994,0.919,-0.983,-0.99,-0.6,-0.992,-0.997,0.993,-0.985,-0.982,5.005,4.27,10.359,10.308,10.274,10.353,10.29,10.231,5.032,4.413,10.342,10.288,5.317,4.897,10.308,10.32,EssenceCatalog/problems/csplib-prob010-SocialGolfers/params/e194961a04b419ef006402e5083214e7.param
-0.997,-0.991,-0.947,-0.705,0.987,-0.934,-0.964,-0.999,0.954,0.982,0.99,0.488,-0.978,-0.952,0.919,0.981,0.998,-0.586,0.992,0.996,-0.991,0.987,-0.997,-0.986,0.959,0.861,-0.996,-0.88,-0.849,0.978,-0.968,0.992,0.99,-0.994,0.755,0.953,0.979,0.808,-0.947,0.688,0.998,-0.435,-0.866,-0.993,0.99,0.024,-0.998,0.996,0.987,-0.89,-0.982,0.994,-0.953,0.999,-0.987,-0.884,-0.932,0.957,-0.708,0.597,-0.945,-0.845,-0.985,0.979,-0.996,-0.995,0.391,-0.955,-0.996,-0.974,-0.445,-0.929,0.768,0.961,0.996,-0.92,-0.75,-0.927,0.919,0.986,-0.89,-0.929,0.921,-0.961,0.896,0.995,-0.714,0.97,0.989,-0.884,0.993,0.922,-0.979,-0.986,-0.432,-0.992,-0.997,0.99,-0.99,-0.981,4.988,4.33,10.342,10.263,10.246,10.307,10.26,10.213,5.048,4.474,10.32,10.253,5.326,4.944,10.282,10.29,EssenceCatalog/problems/csplib-prob010-SocialGolfers/params/fcdb3c94a9569792f6e297f770a46be6.param
-0.998,-0.997,0.961,-0.65,0.994,-0.79,-0.974,-0.998,-0.974,0.929,0.992,0.937,-0.871,-0.968,0.972,-0.984,0.996,-0.761,0.997,0.998,-0.988,-0.964,-0.997,0.99,0.999,0.976,-0.998,-0.951,-0.716,0.987,-0.943,0.999,0.994,0.98,0.849,-0.809,0.972,0.456,-0.988,-0.964,0.998,-0.975,-0.905,-0.992,-0.975,0.909,-0.996,0.999,-0.993,-0.972,-0.985,0.997,-0.95,0.996,0.83,-0.992,0.962,0.979,-0.938,0.845,-0.873,-0.905,-0.989,0.975,-0.997,-0.994,0.947,-0.986,-0.996,-0.962,-0.912,-0.98,0.925,0.9,0.999,-0.979,0.905,-0.984,0.988,0.997,-0.484,-0.96,0.968,0.447,0.91,0.998,-0.984,0.959,0.994,-0.979,0.993,-0.975,-0.995,-0.966,-0.988,-0.995,-0.988,0.995,-0.991,-0.982,4.137,3.31,4.823,10.06,10.51,10.391,10.526,10.592,4.069,3.546,4.892,10.043,4.632,4.205,5.827,10.02,EssenceCatalog/problems/csplib-prob010-SocialGolfers/params/5e2421900b6759b010f472066e48753d.param
-0.996,-0.981,-0.916,-0.699,0.979,-0.95,-0.972,-0.998,0.963,0.816,0.987,0.4,-0.984,-0.919,0.849,0.978,0.995,-0.593,0.991,0.994,-0.976,0.981,-0.996,-0.988,0.974,0.895,-0.995,-0.795,-0.882,0.968,-0.972,0.992,0.993,-0.991,0.808,0.965,0.984,0.771,-0.926,0.843,0.996,-0.648,-0.905,-0.991,0.987,0.813,-0.997,0.995,0.989,-0.924,-0.983,0.993,-0.916,0.998,-0.981,-0.844,-0.261,0.9,-0.493,0.475,-0.957,-0.786,-0.966,0.973,-0.995,-0.993,-0.184,-0.94,-0.994,-0.971,-0.543,-0.915,0.616,0.978,0.995,-0.965,-0.276,-0.96,0.772,0.967,-0.892,-0.834,0.852,-0.96,0.842,0.995,0.419,0.977,0.988,-0.928,0.994,0.951,-0.981,-0.99,0.329,-0.992,-0.995,0.989,-0.97,-0.955,5.836,4.783,10.41,10.299,10.33,10.328,10.312,10.312,5.628,4.955,10.408,10.312,5.888,5.697,10.394,10.335,EssenceCatalog/problems/csplib-prob010-SocialGolfers/params/92c3e33f12f5296723b9d9cd8b8724a3.param
-0.997,-0.994,-0.952,-0.764,0.987,-0.94,-0.968,-0.999,0.95,0.992,0.991,0.588,-0.981,-0.964,0.942,0.975,0.998,-0.53,0.992,0.997,-0.994,0.989,-0.998,-0.982,0.964,0.869,-0.997,-0.909,-0.824,0.981,-0.97,0.995,0.99,-0.994,0.7,0.932,0.976,0.836,-0.957,0.561,0.998,-0.509,-0.839,-0.993,0.992,-0.511,-0.998,0.998,0.986,-0.868,-0.981,0.995,-0.962,0.999,-0.99,-0.938,-0.966,0.956,-0.823,0.672,-0.951,-0.869,-0.988,0.98,-0.997,-0.995,0.571,-0.967,-0.997,-0.976,-0.463,-0.937,0.873,0.95,0.998,-0.859,-0.834,-0.903,0.95,0.994,-0.874,-0.945,0.942,-0.972,0.905,0.997,-0.928,0.961,0.99,-0.84,0.993,0.898,-0.983,-0.989,-0.714,-0.993,-0.997,0.994,-0.992,-0.985,4.814,4.205,10.296,10.268,10.241,10.309,10.256,10.194,4.915,4.339,10.27,10.248,5.201,4.768,10.24,10.286,EssenceCatalog/problems/csplib-prob010-SocialGolfers/params/e6d08c041658c4eafbdbd71d1d9263af.param
-0.998,-0.994,-0.966,-0.886,0.955,-0.952,-0.982,-0.999,0.957,0.992,0.993,0.811,-0.989,-0.973,0.955,0.975,0.998,-0.635,0.989,0.998,-0.994,0.991,-0.997,-0.982,0.978,0.909,-0.997,-0.925,-0.827,0.984,-0.98,0.996,0.992,-0.993,0.531,0.862,0.973,0.881,-0.979,0.44,0.998,-0.647,-0.692,-0.992,0.993,-0.636,-0.998,0.998,0.984,-0.888,-0.99,0.995,-0.971,0.999,-0.993,-0.968,-0.961,0.617,-0.935,0.784,-0.967,-0.897,-0.992,0.982,-0.998,-0.997,0.099,-0.984,-0.997,-0.983,-0.625,-0.916,0.946,0.958,0.998,-0.779,-0.671,-0.882,0.939,0.994,-0.867,-0.944,0.957,-0.985,0.907,0.997,-0.954,0.728,0.99,-0.758,0.993,0.911,-0.984,-0.994,-0.688,-0.994,-0.996,0.995,-0.967,-0.981,5.183,4.256,10.366,10.338,10.286,10.381,10.3,10.227,5.101,4.412,10.361,10.309,5.398,4.966,10.326,10.327,EssenceCatalog/problems/csplib-prob010-SocialGolfers/params/3bf6587bbe193406a2321303c5900b4c.param
-0.996,-0.979,-0.901,-0.688,0.977,-0.953,-0.973,-0.998,0.96,0.675,0.988,0.405,-0.984,-0.911,0.832,0.975,0.995,-0.599,0.992,0.994,-0.972,0.977,-0.996,-0.987,0.976,0.903,-0.995,-0.787,-0.894,0.964,-0.972,0.992,0.994,-0.989,0.845,0.97,0.986,0.766,-0.926,0.869,0.996,-0.689,-0.923,-0.992,0.984,0.888,-0.997,0.995,0.988,-0.935,-0.984,0.993,-0.912,0.998,-0.976,-0.826,0.086,0.9,-0.42,0.443,-0.957,-0.784,-0.96,0.973,-0.995,-0.994,-0.242,-0.936,-0.994,-0.972,-0.582,-0.912,0.558,0.98,0.995,-0.974,-0.113,-0.968,0.754,0.96,-0.898,-0.827,0.842,-0.954,0.843,0.995,0.646,0.98,0.988,-0.943,0.994,0.952,-0.982,-0.99,0.472,-0.992,-0.995,0.989,-0.966,-0.949,6.071,4.902,10.394,10.306,10.341,10.332,10.315,10.326,5.783,5.082,10.401,10.327,6.039,5.893,10.398,10.332,EssenceCatalog/problems/csplib-prob010-SocialGolfers/params/7ce5baa3dce47279d2c1772b320998d3.param
-0.998,-0.992,-0.962,-0.807,0.95,-0.962,-0.963,-0.999,0.944,0.984,0.993,0.715,-0.983,-0.967,0.946,0.986,0.998,-0.673,0.993,0.998,-0.992,0.996,-0.997,-0.984,0.936,0.754,-0.998,-0.902,-0.849,0.977,-0.971,0.996,0.994,-0.993,0.639,0.946,0.973,0.874,-0.975,0.726,0.998,-0.574,-0.768,-0.987,0.991,-0.213,-0.999,0.999,0.985,-0.912,-0.989,0.995,-0.964,0.999,-0.99,-0.955,-0.874,0.628,-0.895,0.685,-0.978,-0.857,-0.988,0.983,-0.997,-0.997,-0.356,-0.969,-0.997,-0.984,-0.475,-0.734,0.894,0.957,0.998,-0.883,-0.194,-0.92,0.941,0.993,-0.915,-0.954,0.95,-0.962,0.907,0.998,-0.801,0.587,0.991,-0.805,0.995,0.944,-0.987,-0.994,-0.164,-0.992,-0.997,0.995,-0.957,-0.983,5.621,4.458,10.433,10.347,10.346,10.428,10.366,10.314,5.395,4.625,10.429,10.334,5.689,5.28,10.405,10.355,EssenceCatalog/problems/csplib-prob010-SocialGolfers/params/444befc7c82fb4143d4c30d06ab72007.param
0.638,-0.064,0.084,-0.2,0.939,0.938,-0.665,-0.256,0.164,0.934,-0.711,0.235,-0.246,-0.466,-0.199,0.212,0.681,0.284,-0.021,-0.756,0.038,-0.982,-0.441,0.455,0.892,0.76,0.984,-0.107,-0.362,0.391,0.111,-0.914,-0.917,0.209,0.459,-0.684,-0.414,-0.807,0.621,-0.6,0.696,0.739,-0.647,-0.783,-0.104,-0.456,0.614,-0.969,-0.024,0.061,0.547,-0.532,-0.523,0.46,0.184,0.88,-0.984,0.979,0.649,-0.564,0.985,-0.225,-0.437,-0.468,0.685,-0.228,0.968,0.561,-0.523,0.042,0.138,-0.973,-0.328,-0.726,-0.978,0.508,-0.947,0.14,0.313,-0.544,0.703,-0.265,-0.257,-0.594,0.67,-0.965,-0.518,0.996,-0.562,-0.588,-0.437,-0.783,0.96,0.971,-0.977,0.691,-0.326,-0.961,-0.934,0.177,0.419,0.479,0.746,1.954,0.571,0.313,0.742,2.209,0.416,0.428,0.836,1.865,0.462,0.224,0.988,1.775,EssenceCatalog/problems/csplib-prob010-SocialGolfers/params/ord03-7-4-2.param
-0.996,-0.986,-0.931,-0.733,0.98,-0.95,-0.973,-0.999,0.961,0.921,0.989,0.415,-0.985,-0.936,0.874,0.978,0.996,-0.586,0.99,0.995,-0.982,0.985,-0.997,-0.987,0.972,0.888,-0.996,-0.81,-0.865,0.975,-0.973,0.992,0.992,-0.993,0.741,0.954,0.98,0.789,-0.937,0.795,0.996,-0.594,-0.88,-0.991,0.988,0.625,-0.997,0.996,0.988,-0.912,-0.982,0.993,-0.926,0.998,-0.984,-0.889,-0.631,0.896,-0.63,0.496,-0.958,-0.799,-0.974,0.976,-0.996,-0.993,-0.038,-0.95,-0.995,-0.973,-0.524,-0.923,0.711,0.975,0.996,-0.948,-0.48,-0.947,0.826,0.977,-0.887,-0.855,0.876,-0.963,0.852,0.995,-0.079,0.967,0.99,-0.898,0.993,0.942,-0.982,-0.99,0.097,-0.993,-0.995,0.991,-0.976,-0.966,5.517,4.609,10.413,10.31,10.322,10.339,10.316,10.285,5.407,4.768,10.4,10.308,5.67,5.41,10.377,10.347,EssenceCatalog/problems/csplib-prob010-SocialGolfers/params/d85b17e2c9a14e907cf5345e9987b043.param
-0.997,-0.985,0.849,0.927,0.952,-0.897,0.899,-0.996,-0.99,0.872,0.977,0.648,0.927,-0.92,0.953,-0.476,0.988,-0.899,0.991,0.99,-0.986,0.745,-0.994,0.973,-0.955,-0.923,-0.997,-0.925,-0.648,0.812,0.387,0.996,0.985,0.962,0.851,0.821,0.962,0.943,-0.99,-0.894,0.985,-0.845,-0.809,-0.716,-0.983,0.59,-0.998,0.997,-0.991,-0.93,-0.976,0.991,-0.9,0.99,0.915,-0.98,0.945,0.869,-0.86,0.802,-0.977,-0.745,-0.975,0.962,-0.947,-0.994,0.48,-0.617,-0.984,-0.973,0.255,0.896,-0.115,-0.244,0.996,-0.962,0.932,-0.964,0.984,0.983,-0.909,-0.981,0.948,0.95,0.759,0.995,-0.928,-0.904,0.954,-0.632,0.992,-0.929,-0.987,-0.848,0.155,-0.906,-0.991,0.991,-0.872,-0.969,3.612,2.635,3.493,7.525,8.653,8.319,8.937,9.518,3.621,3.053,3.615,7.54,4.014,3.394,4.373,7.72,EssenceCatalog/problems/csplib-prob010-SocialGolfers/params/ord26-3-9-5.param
-0.996,-0.991,-0.946,-0.767,0.986,-0.944,-0.977,-0.999,0.961,0.978,0.99,0.491,-0.984,-0.953,0.914,0.976,0.998,-0.558,0.99,0.996,-0.99,0.986,-0.997,-0.986,0.973,0.897,-0.996,-0.863,-0.838,0.981,-0.973,0.993,0.99,-0.994,0.697,0.936,0.979,0.811,-0.947,0.664,0.997,-0.538,-0.858,-0.993,0.99,0.094,-0.998,0.997,0.987,-0.888,-0.981,0.994,-0.947,0.999,-0.988,-0.914,-0.912,0.939,-0.739,0.593,-0.95,-0.85,-0.984,0.978,-0.997,-0.994,0.377,-0.962,-0.996,-0.973,-0.49,-0.948,0.806,0.967,0.997,-0.911,-0.766,-0.927,0.892,0.987,-0.878,-0.9,0.915,-0.971,0.882,0.995,-0.729,0.972,0.99,-0.873,0.993,0.922,-0.981,-0.989,-0.457,-0.993,-0.996,0.992,-0.988,-0.977,5.017,4.344,10.356,10.295,10.269,10.329,10.282,10.223,5.066,4.484,10.338,10.281,5.343,4.974,10.3,10.317,EssenceCatalog/problems/csplib-prob010-SocialGolfers/params/e91cb5658878204ba79284864906e39d.param
-0.996,-0.991,-0.947,-0.737,0.988,-0.939,-0.971,-0.999,0.96,0.978,0.99,0.48,-0.981,-0.952,0.913,0.979,0.998,-0.584,0.991,0.996,-0.99,0.985,-0.997,-0.986,0.968,0.883,-0.995,-0.862,-0.846,0.98,-0.971,0.992,0.99,-0.994,0.735,0.948,0.98,0.813,-0.946,0.679,0.998,-0.483,-0.874,-0.993,0.99,0.152,-0.998,0.996,0.988,-0.893,-0.982,0.994,-0.949,0.999,-0.987,-0.892,-0.918,0.95,-0.704,0.569,-0.943,-0.848,-0.984,0.979,-0.996,-0.994,0.38,-0.958,-0.996,-0.973,-0.461,-0.944,0.765,0.965,0.996,-0.921,-0.773,-0.928,0.89,0.984,-0.885,-0.908,0.912,-0.967,0.887,0.995,-0.666,0.977,0.99,-0.885,0.993,0.925,-0.979,-0.987,-0.428,-0.992,-0.996,0.99,-0.989,-0.977,5.013,4.353,10.352,10.279,10.258,10.314,10.27,10.219,5.068,4.495,10.332,10.267,5.344,4.979,10.292,10.304,EssenceCatalog/problems/csplib-prob010-SocialGolfers/params/f6a02cd43969d96bd0e85712059a2b43.param
-0.998,-0.986,-0.974,-0.257,0.895,-0.942,-0.559,-0.999,0.936,0.983,0.991,0.565,-0.858,-0.952,0.93,0.997,0.998,-0.869,0.992,0.995,-0.992,0.999,-0.996,-0.991,-0.638,-0.672,-0.994,-0.926,-0.865,0.936,-0.863,0.986,0.984,-0.992,0.831,0.99,0.972,0.937,-0.972,0.907,0.997,-0.141,-0.817,-0.957,0.988,-0.493,-0.999,0.994,0.988,-0.905,-0.988,0.992,-0.975,0.999,-0.979,-0.88,-0.951,0.73,-0.771,0.687,-0.971,-0.827,-0.982,0.989,-0.974,-0.997,-0.669,-0.88,-0.995,-0.988,-0.048,0.486,0.569,0.867,0.991,-0.919,-0.65,-0.907,0.967,0.97,-0.96,-0.975,0.933,-0.865,0.921,0.994,-0.514,-0.135,0.98,-0.42,0.994,0.965,-0.96,-0.961,0.609,-0.956,-0.998,0.983,-0.929,-0.978,5.457,4.138,9.699,9.211,9.453,9.511,9.599,9.593,5.114,4.336,9.777,9.22,5.526,4.891,9.647,9.346,EssenceCatalog/problems/csplib-prob010-SocialGolfers/params/fe5745b75c74d9a85bd9cf026aa63ff9.param
-0.998,-0.997,0.961,-0.65,0.991,-0.878,-0.978,-0.998,-0.964,0.85,0.994,0.945,-0.918,-0.966,0.971,-0.985,0.995,-0.816,0.997,0.998,-0.985,-0.952,-0.996,0.987,0.999,0.979,-0.999,-0.943,-0.752,0.988,-0.958,1.0,0.996,0.981,0.839,-0.808,0.98,0.501,-0.991,-0.95,0.997,-0.983,-0.912,-0.992,-0.976,0.954,-0.997,0.999,-0.993,-0.976,-0.988,0.998,-0.939,0.996,0.843,-0.993,0.986,0.943,-0.94,0.87,-0.906,-0.904,-0.985,0.978,-0.998,-0.995,0.861,-0.989,-0.996,-0.966,-0.914,-0.974,0.931,0.928,0.999,-0.985,0.93,-0.989,0.985,0.997,-0.555,-0.943,0.964,0.3,0.916,0.999,-0.959,0.936,0.995,-0.979,0.994,-0.967,-0.996,-0.981,-0.974,-0.997,-0.988,0.997,-0.987,-0.978,4.25,3.368,4.912,10.115,10.559,10.437,10.571,10.62,4.15,3.605,4.983,10.092,4.705,4.293,5.915,10.074,EssenceCatalog/problems/csplib-prob010-SocialGolfers/params/abe47f29c7827e08f8798f765980001a.param
-0.996,-0.977,-0.896,-0.721,0.968,-0.961,-0.977,-0.998,0.964,0.495,0.988,0.433,-0.987,-0.911,0.829,0.974,0.994,-0.59,0.991,0.994,-0.967,0.98,-0.996,-0.987,0.981,0.92,-0.996,-0.772,-0.9,0.963,-0.975,0.993,0.995,-0.989,0.846,0.971,0.986,0.788,-0.929,0.887,0.995,-0.76,-0.924,-0.991,0.984,0.917,-0.996,0.995,0.989,-0.941,-0.984,0.993,-0.902,0.998,-0.977,-0.863,0.397,0.833,-0.484,0.456,-0.965,-0.779,-0.953,0.972,-0.995,-0.993,-0.377,-0.943,-0.993,-0.972,-0.629,-0.909,0.608,0.983,0.996,-0.975,0.052,-0.971,0.713,0.963,-0.898,-0.784,0.836,-0.96,0.83,0.996,0.738,0.973,0.989,-0.945,0.994,0.958,-0.987,-0.992,0.581,-0.993,-0.994,0.991,-0.947,-0.937,6.358,5.019,10.406,10.354,10.389,10.379,10.355,10.351,5.955,5.202,10.424,10.372,6.209,6.107,10.433,10.367,EssenceCatalog/problems/csplib-prob010-SocialGolfers/params/c6b5734297e6b395167b9efc1f40a506.param
-0.998,-0.967,-0.92,-0.847,0.798,-0.98,-0.988,-0.999,0.979,-0.656,0.992,0.716,-0.993,-0.922,0.844,0.977,0.994,-0.672,0.992,0.995,-0.955,0.988,-0.996,-0.993,0.993,0.965,-0.997,-0.817,-0.944,0.936,-0.986,0.996,0.997,-0.989,0.914,0.983,0.991,0.892,-0.963,0.958,0.995,-0.915,-0.945,-0.992,0.989,0.979,-0.996,0.996,0.993,-0.973,-0.992,0.995,-0.914,0.998,-0.978,-0.92,0.95,-0.093,-0.702,0.637,-0.984,-0.841,-0.925,0.977,-0.996,-0.995,-0.838,-0.965,-0.992,-0.982,-0.826,-0.841,0.75,0.99,0.998,-0.986,0.751,-0.985,0.59,0.953,-0.926,-0.714,0.86,-0.971,0.857,0.998,0.965,0.862,0.991,-0.962,0.996,0.981,-0.994,-0.996,0.91,-0.994,-0.994,0.994,-0.549,-0.845,7.752,5.486,10.482,10.525,10.535,10.516,10.51,10.457,6.734,5.718,10.49,10.503,7.004,7.04,10.543,10.492,EssenceCatalog/problems/csplib-prob010-SocialGolfers/params/d13dc0e29200217cd5680bc3ab36f3ee.param
-0.998,-0.997,0.967,-0.564,0.994,-0.849,-0.971,-0.998,-0.976,0.856,0.994,0.933,-0.881,-0.968,0.972,-0.985,0.995,-0.833,0.997,0.998,-0.986,-0.97,-0.997,0.99,0.998,0.975,-0.998,-0.942,-0.784,0.989,-0.948,0.999,0.996,0.986,0.881,-0.762,0.982,0.512,-0.991,-0.953,0.998,-0.978,-0.936,-0.993,-0.984,0.967,-0.997,0.998,-0.995,-0.978,-0.989,0.998,-0.941,0.997,0.894,-0.991,0.986,0.968,-0.925,0.844,-0.878,-0.916,-0.986,0.98,-0.997,-0.996,0.888,-0.987,-0.996,-0.969,-0.914,-0.971,0.896,0.917,0.999,-0.988,0.928,-0.991,0.984,0.996,-0.582,-0.945,0.964,0.376,0.921,0.998,-0.948,0.96,0.995,-0.985,0.995,-0.975,-0.995,-0.974,-0.975,-0.996,-0.99,0.995,-0.989,-0.978,4.218,3.355,4.866,10.106,10.564,10.436,10.578,10.645,4.134,3.599,4.933,10.087,4.693,4.278,5.872,10.069,EssenceCatalog/problems/csplib-prob010-SocialGolfers/params/2e798a8dfcbad4af0ea4bea047939a0f.param
-0.997,-0.981,-0.922,-0.699,0.967,-0.958,-0.963,-0.999,0.952,0.879,0.989,0.496,-0.983,-0.923,0.88,0.979,0.995,-0.579,0.991,0.995,-0.979,0.99,-0.995,-0.986,0.963,0.84,-0.997,-0.815,-0.862,0.965,-0.97,0.993,0.994,-0.991,0.75,0.961,0.98,0.796,-0.939,0.836,0.996,-0.66,-0.858,-0.988,0.988,0.666,-0.997,0.997,0.988,-0.92,-0.984,0.993,-0.917,0.998,-0.983,-0.888,-0.279,0.809,-0.638,0.546,-0.971,-0.769,-0.97,0.974,-0.995,-0.993,-0.382,-0.946,-0.994,-0.975,-0.47,-0.82,0.74,0.974,0.997,-0.951,-0.011,-0.95,0.84,0.979,-0.893,-0.876,0.88,-0.953,0.846,0.996,0.153,0.929,0.988,-0.9,0.994,0.948,-0.985,-0.993,0.347,-0.991,-0.995,0.992,-0.96,-0.965,5.964,4.776,10.426,10.342,10.37,10.395,10.36,10.345,5.682,4.942,10.427,10.353,5.95,5.715,10.419,10.365,EssenceCatalog/problems/csplib-prob010-SocialGolfers/params/b821eb62a855aa4f2e5f43896ebb479b.param
-0.998,-0.99,-0.96,-0.808,0.953,-0.96,-0.965,-0.999,0.949,0.982,0.992,0.701,-0.984,-0.961,0.942,0.985,0.997,-0.644,0.991,0.997,-0.991,0.995,-0.997,-0.986,0.955,0.815,-0.997,-0.885,-0.84,0.977,-0.972,0.995,0.993,-0.993,0.617,0.94,0.973,0.864,-0.97,0.716,0.997,-0.571,-0.756,-0.988,0.992,-0.142,-0.998,0.998,0.987,-0.909,-0.988,0.994,-0.956,0.999,-0.99,-0.947,-0.857,0.607,-0.881,0.667,-0.975,-0.845,-0.986,0.981,-0.997,-0.996,-0.33,-0.97,-0.996,-0.983,-0.489,-0.785,0.891,0.961,0.998,-0.881,-0.205,-0.913,0.923,0.991,-0.9,-0.942,0.941,-0.967,0.884,0.997,-0.756,0.676,0.99,-0.812,0.994,0.94,-0.986,-0.994,-0.143,-0.992,-0.996,0.994,-0.956,-0.98,5.606,4.467,10.429,10.347,10.338,10.415,10.355,10.304,5.39,4.632,10.422,10.336,5.679,5.289,10.398,10.353,EssenceCatalog/problems/csplib-prob010-SocialGolfers/params/8aaf674e8bd72cb878565d9538dcc67a.param
-0.997,-0.972,-0.938,-0.897,0.889,-0.979,-0.99,-0.998,0.979,0.251,0.989,0.714,-0.995,-0.929,0.875,0.968,0.993,-0.5,0.984,0.995,-0.965,0.987,-0.994,-0.991,0.995,0.966,-0.996,-0.793,-0.903,0.966,-0.987,0.995,0.995,-0.991,0.713,0.947,0.985,0.888,-0.959,0.859,0.993,-0.899,-0.867,-0.99,0.993,0.871,-0.995,0.997,0.993,-0.95,-0.988,0.993,-0.888,0.997,-0.987,-0.948,0.721,-0.276,-0.826,0.68,-0.979,-0.837,-0.948,0.974,-0.997,-0.991,-0.72,-0.978,-0.99,-0.977,-0.784,-0.924,0.843,0.988,0.997,-0.949,0.34,-0.96,0.44,0.972,-0.873,-0.522,0.85,-0.987,0.757,0.997,0.665,0.869,0.99,-0.91,0.993,0.969,-0.991,-0.996,0.533,-0.994,-0.99,0.995,-0.634,-0.852,7.185,5.205,10.428,10.451,10.433,10.439,10.414,10.356,6.348,5.39,10.448,10.443,6.612,6.604,10.478,10.406,EssenceCatalog/problems/csplib-prob010-SocialGolfers/params/70f1ae90979dff062d1e0ca183712fda.param
-0.998,-0.996,0.881,-0.852,0.988,-0.908,-0.994,-0.998,-0.854,0.678,0.994,0.938,-0.985,-0.965,0.961,-0.967,0.995,-0.776,0.995,0.998,-0.979,-0.913,-0.996,0.951,1.0,0.99,-0.998,-0.906,-0.852,0.99,-0.98,0.999,0.997,0.937,0.833,-0.711,0.981,0.482,-0.986,-0.84,0.997,-0.985,-0.92,-0.993,-0.902,0.965,-0.996,0.999,-0.962,-0.977,-0.987,0.998,-0.936,0.997,0.577,-0.992,0.987,0.849,-0.922,0.845,-0.917,-0.888,-0.982,0.979,-0.999,-0.995,0.602,-0.992,-0.995,-0.962,-0.934,-0.984,0.937,0.967,0.999,-0.987,0.895,-0.989,0.976,0.997,-0.501,-0.911,0.953,-0.519,0.91,0.998,-0.879,0.953,0.995,-0.98,0.993,-0.883,-0.996,-0.991,-0.934,-0.997,-0.986,0.996,-0.978,-0.976,4.462,3.523,5.333,10.181,10.556,10.446,10.546,10.544,4.319,3.733,5.403,10.145,4.823,4.459,6.29,10.121,EssenceCatalog/problems/csplib-prob010-SocialGolfers/params/1cc3aace06131cec9c3ead185b0be936.param
-0.999,-0.998,0.938,-0.229,0.989,-0.832,-0.86,-0.999,-0.989,0.948,0.995,0.964,-0.522,-0.974,0.983,-0.984,0.997,-0.912,0.997,0.998,-0.994,-0.899,-0.997,0.996,0.988,0.937,-0.999,-0.964,-0.784,0.986,-0.883,1.0,0.995,0.994,0.841,-0.791,0.977,0.761,-0.995,-0.972,0.998,-0.973,-0.89,-0.986,-0.993,0.885,-0.998,0.999,-0.998,-0.977,-0.993,0.998,-0.954,0.997,0.926,-0.995,0.962,0.937,-0.977,0.933,-0.93,-0.912,-0.993,0.98,-0.998,-0.997,0.862,-0.987,-0.997,-0.978,-0.877,-0.901,0.938,0.751,0.999,-0.984,0.963,-0.983,0.991,0.998,-0.7,-0.984,0.982,0.772,0.937,0.999,-0.984,0.499,0.996,-0.971,0.994,-0.982,-0.996,-0.973,-0.958,-0.995,-0.991,0.997,-0.983,-0.986,4.21,3.27,4.656,9.97,10.509,10.374,10.542,10.645,4.095,3.534,4.743,9.946,4.68,4.216,5.682,9.956,EssenceCatalog/problems/csplib-prob010-SocialGolfers/params/542c48564cd61176997207b29e054e4c.param
-0.999,-0.972,-0.951,-0.912,0.396,-0.986,-0.993,-0.999,0.988,-0.867,0.994,0.835,-0.995,-0.946,0.881,0.982,0.994,-0.754,0.994,0.997,-0.96,0.993,-0.997,-0.995,0.996,0.979,-0.998,-0.874,-0.964,0.92,-0.991,0.997,0.998,-0.991,0.937,0.988,0.993,0.931,-0.981,0.976,0.996,-0.95,-0.954,-0.993,0.992,0.986,-0.997,0.996,0.996,-0.982,-0.996,0.996,-0.935,0.999,-0.983,-0.942,0.981,-0.701,-0.84,0.749,-0.99,-0.893,-0.923,0.982,-0.996,-0.997,-0.932,-0.979,-0.993,-0.988,-0.892,-0.78,0.851,0.992,0.998,-0.988,0.891,-0.99,0.574,0.949,-0.947,-0.743,0.888,-0.974,0.901,0.998,0.985,0.579,0.994,-0.966,0.998,0.99,-0.995,-0.997,0.96,-0.995,-0.994,0.995,0.067,-0.762,8.419,5.631,10.497,10.539,10.522,10.53,10.526,10.47,7.045,5.881,10.488,10.504,7.363,7.398,10.54,10.496,EssenceCatalog/problems/csplib-prob010-SocialGolfers/params/f121d9cad3ef72fd31994a8247f421bb.param
-0.998,-0.972,-0.883,-0.706,0.944,-0.964,-0.973,-0.999,0.949,-0.12,0.991,0.553,-0.984,-0.901,0.823,0.971,0.994,-0.67,0.993,0.994,-0.958,0.977,-0.996,-0.986,0.977,0.91,-0.996,-0.811,-0.924,0.938,-0.971,0.994,0.996,-0.978,0.909,0.98,0.991,0.805,-0.954,0.931,0.997,-0.812,-0.947,-0.991,0.972,0.967,-0.997,0.994,0.984,-0.963,-0.991,0.994,-0.916,0.998,-0.956,-0.817,0.796,0.763,-0.461,0.483,-0.97,-0.805,-0.951,0.976,-0.993,-0.996,-0.652,-0.944,-0.994,-0.98,-0.703,-0.813,0.462,0.984,0.995,-0.988,0.558,-0.983,0.733,0.929,-0.923,-0.849,0.845,-0.924,0.857,0.996,0.935,0.955,0.99,-0.961,0.996,0.959,-0.988,-0.992,0.806,-0.991,-0.994,0.989,-0.899,-0.917,6.953,5.259,10.395,10.41,10.436,10.421,10.419,10.414,6.329,5.471,10.412,10.413,6.58,6.527,10.446,10.402,EssenceCatalog/problems/csplib-prob010-SocialGolfers/params/3390fd4679d23579324ebe2230179538.param
-0.999,-0.985,0.651,0.885,0.885,-0.899,0.869,-0.998,-0.986,0.814,0.987,0.809,0.895,-0.94,0.968,-0.175,0.992,-0.937,0.994,0.994,-0.99,0.872,-0.995,0.957,-0.958,-0.917,-0.997,-0.948,-0.741,0.815,0.253,0.996,0.989,0.958,0.887,0.889,0.972,0.969,-0.995,-0.823,0.991,-0.818,-0.83,-0.78,-0.973,0.699,-0.999,0.996,-0.988,-0.957,-0.99,0.991,-0.932,0.995,0.883,-0.98,0.944,0.594,-0.924,0.812,-0.983,-0.816,-0.983,0.976,-0.93,-0.997,0.024,-0.759,-0.99,-0.983,0.088,0.95,-0.116,-0.143,0.996,-0.971,0.966,-0.972,0.985,0.976,-0.952,-0.988,0.973,0.945,0.813,0.995,-0.829,-0.967,0.963,-0.688,0.995,-0.864,-0.987,-0.888,0.572,-0.918,-0.995,0.988,-0.691,-0.969,4.155,2.896,3.912,7.665,8.782,8.466,9.08,9.647,3.973,3.302,4.076,7.655,4.358,3.754,4.776,7.884,EssenceCatalog/problems/csplib-prob010-SocialGolfers/params/5de816d61056375d8244e02bf3e65c51.param
-0.997,-0.997,0.978,-0.249,0.995,-0.626,-0.843,-0.998,-0.994,0.937,0.992,0.946,-0.395,-0.973,0.98,-0.991,0.995,-0.87,0.996,0.997,-0.986,-0.99,-0.997,0.998,0.994,0.952,-0.996,-0.954,-0.735,0.984,-0.855,0.999,0.991,0.997,0.896,-0.836,0.976,0.529,-0.991,-0.983,0.997,-0.962,-0.936,-0.991,-0.996,0.966,-0.995,0.996,-0.999,-0.975,-0.988,0.997,-0.937,0.996,0.973,-0.986,0.98,0.983,-0.931,0.856,-0.702,-0.928,-0.989,0.975,-0.992,-0.995,0.955,-0.978,-0.996,-0.966,-0.91,-0.96,0.802,0.718,0.997,-0.983,0.946,-0.984,0.987,0.992,-0.458,-0.961,0.966,0.809,0.93,0.996,-0.97,0.954,0.994,-0.987,0.993,-0.994,-0.989,-0.896,-0.987,-0.992,-0.985,0.984,-0.991,-0.974,3.999,3.194,4.474,9.874,10.396,10.251,10.416,10.566,3.951,3.453,4.549,9.87,4.531,4.084,5.502,9.857,EssenceCatalog/problems/csplib-prob010-SocialGolfers/params/2ad0459b98d05b4f70e1bd525aa6d215.param
-1.0,-0.995,-0.993,-0.994,-0.976,-0.994,-0.999,-1.0,0.988,-0.983,0.999,0.995,-0.997,-0.997,0.992,0.977,0.998,-0.985,0.999,1.0,-0.994,0.995,-0.999,-0.994,0.999,0.995,-0.999,-0.985,-0.991,0.96,-0.998,0.999,1.0,-0.977,0.987,0.994,0.996,0.992,-0.998,0.99,0.999,-0.993,-0.984,-0.999,0.995,0.995,-0.999,0.998,0.992,-0.996,-1.0,0.998,-0.992,1.0,-0.985,-0.994,0.997,-0.998,-0.994,0.979,-0.997,-0.988,-0.981,0.996,-0.998,-1.0,-0.992,-0.996,-0.999,-0.999,-0.984,0.204,0.994,0.996,1.0,-0.996,0.993,-0.997,0.969,0.984,-0.994,-0.986,0.992,-0.989,0.992,1.0,0.995,-0.982,0.999,-0.982,0.999,0.995,-0.998,-0.999,0.995,-0.998,-0.998,0.997,0.991,-0.814,9.566,5.78,10.429,10.434,10.422,10.524,10.543,10.492,7.562,6.081,10.395,10.371,8.042,7.845,10.403,10.455,EssenceCatalog/problems/csplib-prob010-SocialGolfers/params/9dd95263d2fe2d63e03656a10d7f83e2.param
-1.0,-0.996,-0.995,-0.994,-0.976,-0.995,-0.999,-1.0,0.993,-0.981,0.999,0.994,-0.998,-0.997,0.991,0.987,0.999,-0.985,0.999,1.0,-0.994,0.997,-0.999,-0.997,0.999,0.995,-1.0,-0.986,-0.992,0.962,-0.998,0.999,1.0,-0.989,0.988,0.996,0.996,0.993,-0.999,0.993,1.0,-0.993,-0.985,-0.999,0.997,0.995,-0.999,0.998,0.996,-0.996,-1.0,0.998,-0.993,1.0,-0.991,-0.994,0.997,-0.998,-0.993,0.977,-0.998,-0.989,-0.982,0.997,-0.998,-1.0,-0.992,-0.996,-0.999,-0.999,-0.985,0.144,0.994,0.996,1.0,-0.997,0.992,-0.997,0.966,0.985,-0.994,-0.984,0.992,-0.992,0.993,1.0,0.995,-0.979,0.999,-0.981,0.999,0.996,-0.998,-0.999,0.996,-0.998,-0.998,0.998,0.99,-0.817,9.566,5.786,10.449,10.448,10.436,10.537,10.553,10.503,7.565,6.086,10.413,10.387,8.044,7.851,10.422,10.47,EssenceCatalog/problems/csplib-prob010-SocialGolfers/params/c068645cc8ba1daf9b9b7857b25e01a2.param
-0.997,-0.977,-0.889,-0.665,0.97,-0.955,-0.968,-0.999,0.948,0.484,0.989,0.463,-0.982,-0.905,0.834,0.973,0.995,-0.627,0.993,0.994,-0.969,0.978,-0.996,-0.986,0.972,0.889,-0.996,-0.796,-0.903,0.955,-0.969,0.993,0.995,-0.984,0.871,0.974,0.988,0.773,-0.94,0.892,0.996,-0.73,-0.93,-0.991,0.977,0.923,-0.997,0.995,0.985,-0.946,-0.987,0.994,-0.914,0.998,-0.966,-0.821,0.397,0.873,-0.434,0.472,-0.964,-0.778,-0.96,0.975,-0.994,-0.995,-0.408,-0.938,-0.994,-0.975,-0.599,-0.864,0.504,0.981,0.995,-0.98,0.2,-0.974,0.77,0.952,-0.91,-0.849,0.848,-0.934,0.851,0.996,0.787,0.97,0.989,-0.95,0.995,0.95,-0.985,-0.991,0.621,-0.991,-0.995,0.989,-0.954,-0.946,6.405,5.039,10.395,10.347,10.384,10.379,10.361,10.376,5.995,5.229,10.411,10.369,6.249,6.128,10.422,10.361,EssenceCatalog/problems/csplib-prob010-SocialGolfers/params/725d9d6f2fe078bd0cdeb9a2b6e759b6.param
-0.998,-0.968,-0.91,-0.825,0.861,-0.977,-0.987,-0.998,0.976,-0.558,0.991,0.665,-0.992,-0.916,0.836,0.974,0.993,-0.653,0.991,0.995,-0.954,0.986,-0.996,-0.992,0.992,0.961,-0.997,-0.798,-0.938,0.943,-0.984,0.996,0.997,-0.988,0.907,0.981,0.991,0.877,-0.957,0.95,0.995,-0.901,-0.945,-0.991,0.987,0.975,-0.996,0.996,0.992,-0.97,-0.991,0.994,-0.908,0.998,-0.977,-0.911,0.931,0.155,-0.652,0.595,-0.982,-0.827,-0.927,0.975,-0.996,-0.995,-0.786,-0.962,-0.992,-0.979,-0.802,-0.863,0.712,0.99,0.997,-0.985,0.683,-0.983,0.597,0.953,-0.921,-0.712,0.851,-0.969,0.846,0.997,0.955,0.907,0.991,-0.961,0.996,0.977,-0.993,-0.996,0.885,-0.994,-0.993,0.993,-0.674,-0.86,7.527,5.429,10.462,10.503,10.518,10.495,10.489,10.439,6.621,5.654,10.474,10.486,6.882,6.91,10.524,10.476,EssenceCatalog/problems/csplib-prob010-SocialGolfers/params/53b0d4badc0fb0d364dbe7c3917649f6.param
-0.998,-0.989,-0.962,-0.778,0.94,-0.962,-0.955,-0.999,0.946,0.975,0.993,0.695,-0.981,-0.961,0.937,0.989,0.997,-0.691,0.993,0.997,-0.99,0.996,-0.997,-0.986,0.922,0.715,-0.998,-0.888,-0.858,0.972,-0.97,0.995,0.994,-0.993,0.667,0.959,0.973,0.872,-0.973,0.795,0.997,-0.545,-0.781,-0.986,0.991,0.036,-0.998,0.998,0.987,-0.922,-0.989,0.994,-0.958,0.999,-0.989,-0.941,-0.796,0.552,-0.868,0.655,-0.978,-0.844,-0.984,0.983,-0.996,-0.996,-0.52,-0.962,-0.996,-0.984,-0.442,-0.641,0.86,0.958,0.997,-0.907,0.002,-0.929,0.926,0.989,-0.923,-0.948,0.94,-0.954,0.901,0.997,-0.595,0.559,0.991,-0.817,0.995,0.954,-0.986,-0.994,0.117,-0.99,-0.996,0.993,-0.942,-0.98,5.877,4.574,10.45,10.34,10.361,10.428,10.379,10.342,5.556,4.742,10.445,10.335,5.85,5.465,10.426,10.355,EssenceCatalog/problems/csplib-prob010-SocialGolfers/params/4688da430afd94c8463e17f66cab4183.param
-0.996,-0.987,-0.934,-0.717,0.984,-0.947,-0.971,-0.999,0.963,0.942,0.988,0.405,-0.983,-0.937,0.882,0.98,0.997,-0.584,0.99,0.995,-0.985,0.985,-0.997,-0.988,0.969,0.881,-0.995,-0.825,-0.861,0.976,-0.971,0.991,0.991,-0.993,0.752,0.956,0.981,0.788,-0.934,0.776,0.997,-0.552,-0.883,-0.992,0.989,0.539,-0.997,0.996,0.989,-0.906,-0.981,0.993,-0.932,0.998,-0.985,-0.873,-0.75,0.927,-0.612,0.51,-0.953,-0.812,-0.976,0.976,-0.996,-0.993,0.092,-0.948,-0.995,-0.972,-0.481,-0.929,0.703,0.972,0.996,-0.944,-0.596,-0.943,0.837,0.977,-0.888,-0.872,0.881,-0.962,0.862,0.995,-0.219,0.974,0.989,-0.901,0.993,0.94,-0.98,-0.989,-0.057,-0.992,-0.996,0.99,-0.982,-0.968,5.337,4.528,10.385,10.281,10.284,10.311,10.284,10.249,5.292,4.683,10.369,10.276,5.556,5.268,10.338,10.317,EssenceCatalog/problems/csplib-prob010-SocialGolfers/params/d4eb8606396aed16951453cb8420398a.param
-1.0,-0.988,-0.989,-0.986,-0.858,-0.995,-0.998,-1.0,0.995,-0.967,0.998,0.975,-0.998,-0.986,0.965,0.987,0.996,-0.918,0.996,0.999,-0.983,0.997,-0.998,-0.998,0.999,0.995,-0.999,-0.963,-0.986,0.933,-0.998,0.999,0.999,-0.993,0.96,0.992,0.996,0.986,-0.997,0.986,0.998,-0.988,-0.965,-0.997,0.997,0.99,-0.998,0.998,0.998,-0.993,-0.999,0.998,-0.973,0.999,-0.993,-0.989,0.996,-0.995,-0.982,0.947,-0.997,-0.969,-0.95,0.994,-0.998,-0.999,-0.987,-0.994,-0.996,-0.996,-0.971,-0.643,0.984,0.996,1.0,-0.989,0.978,-0.995,0.707,0.974,-0.978,-0.85,0.965,-0.993,0.966,0.999,0.991,-0.83,0.998,-0.968,0.999,0.996,-0.998,-0.999,0.984,-0.998,-0.996,0.998,0.962,-0.528,9.378,5.759,10.429,10.438,10.396,10.479,10.481,10.419,7.454,6.038,10.375,10.381,7.888,7.798,10.413,10.436,EssenceCatalog/problems/csplib-prob010-SocialGolfers/params/acecb32df5202e7e835cdbae551bfa8a.param
-1.0,-0.989,-0.984,-0.954,-0.276,-0.984,-0.991,-0.999,0.958,0.751,0.996,0.955,-0.994,-0.982,0.969,0.991,0.998,-0.879,0.995,0.998,-0.991,0.998,-0.997,-0.989,0.989,0.938,-0.999,-0.951,-0.94,0.968,-0.991,0.998,0.998,-0.989,0.796,0.967,0.981,0.952,-0.994,0.909,0.998,-0.875,-0.769,-0.99,0.995,0.562,-0.999,0.999,0.988,-0.975,-0.998,0.995,-0.972,0.999,-0.989,-0.982,0.493,-0.962,-0.98,0.892,-0.991,-0.939,-0.988,0.99,-0.997,-0.998,-0.953,-0.988,-0.997,-0.993,-0.818,-0.113,0.972,0.982,0.999,-0.952,0.913,-0.969,0.934,0.988,-0.958,-0.963,0.973,-0.977,0.937,0.999,0.074,-0.914,0.995,-0.844,0.996,0.981,-0.993,-0.999,0.794,-0.993,-0.996,0.996,0.527,-0.958,8.432,5.299,10.419,10.424,10.387,10.542,10.501,10.452,6.882,5.532,10.42,10.409,7.317,6.996,10.421,10.394,EssenceCatalog/problems/csplib-prob010-SocialGolfers/params/2344bf2d4c29d2245ff0bba492b300ee.param
-0.997,-0.973,-0.895,-0.75,0.952,-0.965,-0.981,-0.998,0.97,0.076,0.988,0.486,-0.989,-0.906,0.818,0.974,0.994,-0.613,0.991,0.994,-0.96,0.979,-0.996,-0.989,0.986,0.938,-0.996,-0.779,-0.918,0.955,-0.978,0.994,0.996,-0.988,0.881,0.976,0.988,0.808,-0.936,0.92,0.995,-0.82,-0.937,-0.991,0.985,0.955,-0.996,0.995,0.99,-0.952,-0.987,0.993,-0.901,0.998,-0.975,-0.859,0.717,0.742,-0.485,0.475,-0.969,-0.796,-0.943,0.972,-0.995,-0.994,-0.539,-0.946,-0.992,-0.974,-0.707,-0.903,0.599,0.986,0.996,-0.981,0.317,-0.978,0.668,0.954,-0.905,-0.758,0.83,-0.963,0.831,0.996,0.884,0.967,0.989,-0.955,0.995,0.967,-0.988,-0.993,0.733,-0.993,-0.994,0.991,-0.91,-0.913,6.766,5.189,10.415,10.405,10.433,10.414,10.401,10.381,6.206,5.388,10.433,10.412,6.457,6.414,10.46,10.402,EssenceCatalog/problems/csplib-prob010-SocialGolfers/params/75c9359e5ab7a9570287abb845cb01db.param
-0.997,-0.966,-0.914,-0.862,0.838,-0.982,-0.989,-0.998,0.977,-0.451,0.99,0.755,-0.994,-0.918,0.86,0.966,0.992,-0.563,0.989,0.995,-0.958,0.986,-0.994,-0.991,0.995,0.968,-0.997,-0.804,-0.933,0.949,-0.987,0.996,0.997,-0.988,0.857,0.971,0.99,0.898,-0.959,0.924,0.994,-0.924,-0.922,-0.991,0.99,0.961,-0.996,0.996,0.992,-0.969,-0.991,0.994,-0.899,0.997,-0.982,-0.936,0.934,-0.249,-0.75,0.671,-0.983,-0.83,-0.929,0.974,-0.997,-0.994,-0.812,-0.974,-0.991,-0.98,-0.805,-0.883,0.805,0.99,0.998,-0.977,0.687,-0.978,0.49,0.964,-0.904,-0.591,0.851,-0.981,0.822,0.997,0.921,0.875,0.99,-0.952,0.996,0.974,-0.993,-0.997,0.805,-0.994,-0.991,0.995,-0.528,-0.828,7.661,5.425,10.435,10.489,10.487,10.477,10.464,10.396,6.652,5.638,10.453,10.47,6.919,6.969,10.498,10.443,EssenceCatalog/problems/csplib-prob010-SocialGolfers/params/48e286ea856954a425c8d5cdd70f3a51.param
-0.997,-0.99,-0.931,-0.75,0.986,-0.946,-0.974,-0.999,0.952,0.964,0.99,0.488,-0.986,-0.949,0.905,0.971,0.997,-0.565,0.991,0.996,-0.986,0.984,-0.997,-0.983,0.974,0.893,-0.997,-0.833,-0.836,0.98,-0.973,0.994,0.993,-0.992,0.699,0.936,0.978,0.806,-0.948,0.688,0.997,-0.592,-0.866,-0.992,0.987,0.239,-0.998,0.997,0.985,-0.899,-0.983,0.994,-0.943,0.998,-0.985,-0.919,-0.829,0.927,-0.707,0.564,-0.957,-0.817,-0.982,0.977,-0.997,-0.994,0.248,-0.962,-0.995,-0.973,-0.492,-0.933,0.791,0.967,0.997,-0.926,-0.67,-0.931,0.887,0.987,-0.873,-0.889,0.908,-0.966,0.867,0.996,-0.617,0.971,0.991,-0.882,0.993,0.913,-0.985,-0.991,-0.27,-0.994,-0.996,0.992,-0.986,-0.976,5.152,4.409,10.363,10.298,10.281,10.335,10.291,10.233,5.158,4.556,10.35,10.289,5.429,5.087,10.317,10.321,EssenceCatalog/problems/csplib-prob010-SocialGolfers/params/0ec2155dca86c5ff156cdd43b9cf52aa.param
-0.996,-0.985,-0.932,-0.731,0.978,-0.952,-0.973,-0.999,0.962,0.906,0.989,0.425,-0.986,-0.934,0.87,0.98,0.996,-0.589,0.99,0.995,-0.98,0.986,-0.996,-0.988,0.972,0.885,-0.996,-0.808,-0.865,0.973,-0.973,0.992,0.993,-0.993,0.74,0.956,0.981,0.793,-0.937,0.809,0.996,-0.614,-0.878,-0.99,0.988,0.652,-0.997,0.996,0.989,-0.914,-0.983,0.993,-0.923,0.998,-0.984,-0.89,-0.548,0.871,-0.63,0.5,-0.962,-0.792,-0.972,0.975,-0.996,-0.993,-0.146,-0.95,-0.994,-0.974,-0.528,-0.911,0.715,0.975,0.996,-0.949,-0.408,-0.948,0.812,0.977,-0.886,-0.846,0.871,-0.964,0.846,0.995,0.01,0.961,0.989,-0.896,0.993,0.946,-0.982,-0.991,0.181,-0.992,-0.995,0.991,-0.971,-0.963,5.63,4.656,10.424,10.318,10.335,10.347,10.328,10.299,5.477,4.818,10.415,10.317,5.741,5.496,10.394,10.354,EssenceCatalog/problems/csplib-prob010-SocialGolfers/params/865b7a29caf6fc73c89d543209dd2b7a.param
-0.997,-0.975,-0.942,-0.896,0.903,-0.976,-0.99,-0.998,0.975,0.529,0.989,0.703,-0.995,-0.934,0.884,0.968,0.994,-0.511,0.983,0.995,-0.968,0.987,-0.994,-0.99,0.993,0.956,-0.996,-0.798,-0.89,0.97,-0.986,0.995,0.995,-0.991,0.638,0.934,0.982,0.88,-0.961,0.822,0.993,-0.872,-0.839,-0.989,0.992,0.776,-0.996,0.997,0.992,-0.942,-0.988,0.993,-0.894,0.997,-0.988,-0.95,0.497,-0.188,-0.837,0.671,-0.977,-0.835,-0.959,0.974,-0.997,-0.991,-0.67,-0.977,-0.991,-0.977,-0.754,-0.916,0.855,0.985,0.997,-0.936,0.206,-0.949,0.528,0.974,-0.869,-0.597,0.861,-0.986,0.759,0.996,0.439,0.849,0.99,-0.883,0.993,0.964,-0.99,-0.996,0.406,-0.994,-0.991,0.995,-0.707,-0.885,6.905,5.075,10.441,10.447,10.425,10.443,10.409,10.357,6.178,5.252,10.456,10.44,6.445,6.374,10.478,10.408,EssenceCatalog/problems/csplib-prob010-SocialGolfers/params/a522d056490269bc4a97bb149589b5c6.param
-0.998,-0.996,0.528,-0.889,0.989,-0.95,-0.997,-0.999,-0.326,0.719,0.995,0.892,-0.994,-0.963,0.951,-0.797,0.997,-0.661,0.995,0.998,-0.98,-0.484,-0.997,0.587,0.999,0.99,-0.999,-0.873,-0.869,0.992,-0.987,1.0,0.998,0.497,0.773,-0.336,0.984,0.646,-0.982,-0.549,0.997,-0.977,-0.909,-0.994,-0.431,0.894,-0.997,0.999,-0.636,-0.974,-0.987,0.998,-0.945,0.998,-0.379,-0.988,0.946,0.833,-0.895,0.802,-0.955,-0.877,-0.988,0.983,-0.999,-0.996,0.422,-0.993,-0.996,-0.967,-0.903,-0.986,0.936,0.982,0.999,-0.981,0.696,-0.987,0.963,0.997,-0.604,-0.874,0.938,-0.876,0.902,0.999,-0.887,0.961,0.996,-0.969,0.994,-0.538,-0.996,-0.996,-0.874,-0.998,-0.989,0.998,-0.982,-0.981,4.761,3.81,6.58,10.321,10.562,10.521,10.54,10.484,4.614,3.979,6.657,10.265,5.053,4.729,7.323,10.238,EssenceCatalog/problems/csplib-prob010-SocialGolfers/params/8540e210b6737c6614e699dbfe60fa9a.param
-0.996,-0.993,-0.947,-0.779,0.989,-0.94,-0.979,-0.999,0.959,0.988,0.991,0.52,-0.984,-0.961,0.929,0.971,0.998,-0.556,0.991,0.997,-0.993,0.983,-0.998,-0.983,0.975,0.911,-0.996,-0.885,-0.831,0.984,-0.973,0.993,0.99,-0.994,0.708,0.927,0.979,0.822,-0.954,0.57,0.998,-0.504,-0.865,-0.994,0.99,-0.192,-0.998,0.997,0.985,-0.879,-0.981,0.994,-0.959,0.999,-0.988,-0.925,-0.957,0.961,-0.781,0.621,-0.942,-0.871,-0.988,0.98,-0.997,-0.995,0.609,-0.967,-0.997,-0.973,-0.505,-0.961,0.839,0.963,0.997,-0.894,-0.867,-0.918,0.922,0.99,-0.874,-0.919,0.929,-0.972,0.897,0.995,-0.874,0.978,0.991,-0.867,0.993,0.9,-0.981,-0.988,-0.685,-0.994,-0.997,0.992,-0.992,-0.982,4.833,4.25,10.316,10.288,10.26,10.322,10.271,10.212,4.938,4.381,10.293,10.273,5.224,4.815,10.258,10.313,EssenceCatalog/problems/csplib-prob010-SocialGolfers/params/3c99d857fe859b96bd289e8fcf747296.param
-0.997,-0.977,-0.892,-0.671,0.966,-0.958,-0.967,-0.999,0.948,0.489,0.989,0.474,-0.982,-0.903,0.836,0.974,0.995,-0.624,0.992,0.994,-0.969,0.981,-0.996,-0.986,0.971,0.888,-0.996,-0.796,-0.9,0.953,-0.97,0.994,0.995,-0.984,0.864,0.974,0.987,0.777,-0.942,0.893,0.996,-0.732,-0.925,-0.99,0.978,0.918,-0.997,0.995,0.985,-0.946,-0.987,0.994,-0.911,0.998,-0.966,-0.836,0.442,0.845,-0.462,0.483,-0.966,-0.779,-0.959,0.975,-0.994,-0.995,-0.449,-0.941,-0.994,-0.975,-0.595,-0.846,0.542,0.981,0.996,-0.979,0.271,-0.973,0.771,0.953,-0.912,-0.851,0.851,-0.932,0.843,0.996,0.784,0.963,0.989,-0.947,0.995,0.952,-0.985,-0.992,0.643,-0.991,-0.995,0.99,-0.948,-0.946,6.474,5.059,10.401,10.362,10.398,10.4,10.377,10.389,6.034,5.25,10.419,10.384,6.29,6.168,10.433,10.373,EssenceCatalog/problems/csplib-prob010-SocialGolfers/params/86f26e0dcccbafa9db2844953264f054.param
-0.997,-0.977,-0.902,-0.683,0.969,-0.955,-0.971,-0.998,0.958,0.52,0.988,0.456,-0.984,-0.905,0.833,0.976,0.995,-0.614,0.992,0.994,-0.97,0.979,-0.996,-0.988,0.975,0.902,-0.996,-0.794,-0.902,0.956,-0.971,0.992,0.994,-0.987,0.864,0.974,0.987,0.775,-0.933,0.891,0.996,-0.721,-0.928,-0.991,0.982,0.916,-0.997,0.994,0.988,-0.942,-0.985,0.993,-0.91,0.998,-0.972,-0.818,0.313,0.868,-0.426,0.479,-0.961,-0.783,-0.959,0.973,-0.994,-0.994,-0.383,-0.938,-0.994,-0.974,-0.606,-0.886,0.537,0.981,0.995,-0.978,0.1,-0.972,0.751,0.953,-0.907,-0.835,0.844,-0.947,0.846,0.995,0.768,0.973,0.989,-0.948,0.995,0.955,-0.984,-0.991,0.592,-0.991,-0.995,0.989,-0.953,-0.943,6.338,5.013,10.409,10.342,10.38,10.372,10.351,10.367,5.953,5.2,10.424,10.364,6.207,6.085,10.429,10.361,EssenceCatalog/problems/csplib-prob010-SocialGolfers/params/28ea6152d20e4b6699e7fe50a17868f4.param
-0.998,-0.997,0.965,-0.525,0.993,-0.886,-0.972,-0.998,-0.973,0.811,0.994,0.925,-0.894,-0.967,0.971,-0.984,0.995,-0.833,0.997,0.998,-0.985,-0.955,-0.997,0.988,0.998,0.975,-0.999,-0.937,-0.784,0.989,-0.95,0.999,0.997,0.984,0.875,-0.725,0.984,0.548,-0.991,-0.944,0.997,-0.981,-0.933,-0.992,-0.983,0.969,-0.997,0.999,-0.994,-0.978,-0.99,0.998,-0.936,0.997,0.88,-0.992,0.99,0.957,-0.926,0.857,-0.915,-0.901,-0.985,0.98,-0.998,-0.995,0.844,-0.988,-0.996,-0.968,-0.905,-0.966,0.905,0.926,0.999,-0.99,0.932,-0.992,0.983,0.997,-0.617,-0.94,0.962,0.342,0.915,0.999,-0.941,0.946,0.995,-0.984,0.995,-0.969,-0.996,-0.981,-0.964,-0.997,-0.99,0.996,-0.987,-0.978,4.253,3.372,4.899,10.11,10.57,10.441,10.583,10.641,4.161,3.617,4.971,10.088,4.716,4.306,5.902,10.074,EssenceCatalog/problems/csplib-prob010-SocialGolfers/params/f6abfe69889673e3a32906eb87f09737.param
-0.999,-0.99,-0.976,-0.896,0.699,-0.971,-0.977,-0.999,0.948,0.97,0.995,0.88,-0.988,-0.974,0.961,0.99,0.998,-0.805,0.993,0.998,-0.992,0.997,-0.997,-0.986,0.958,0.828,-0.998,-0.93,-0.886,0.973,-0.98,0.997,0.996,-0.992,0.651,0.946,0.972,0.907,-0.987,0.807,0.998,-0.679,-0.69,-0.985,0.994,-0.095,-0.999,0.999,0.986,-0.944,-0.994,0.994,-0.97,0.999,-0.99,-0.97,-0.657,-0.536,-0.953,0.802,-0.986,-0.899,-0.989,0.986,-0.997,-0.998,-0.79,-0.979,-0.997,-0.989,-0.633,-0.476,0.944,0.967,0.998,-0.895,0.507,-0.933,0.944,0.991,-0.931,-0.968,0.965,-0.968,0.921,0.998,-0.703,-0.526,0.992,-0.783,0.995,0.963,-0.988,-0.997,0.292,-0.991,-0.996,0.995,-0.693,-0.981,6.877,4.745,10.449,10.378,10.387,10.491,10.421,10.378,6.023,4.945,10.44,10.36,6.369,5.936,10.43,10.352,EssenceCatalog/problems/csplib-prob010-SocialGolfers/params/a8f2aa0e0ad7b38d697920364c4c04c6.param
-0.999,-0.969,-0.957,-0.941,0.438,-0.989,-0.995,-0.999,0.99,-0.822,0.994,0.876,-0.997,-0.949,0.895,0.977,0.993,-0.69,0.991,0.996,-0.962,0.991,-0.995,-0.996,0.999,0.988,-0.998,-0.874,-0.962,0.948,-0.994,0.997,0.998,-0.992,0.909,0.981,0.993,0.943,-0.978,0.962,0.995,-0.964,-0.941,-0.994,0.995,0.98,-0.996,0.996,0.996,-0.982,-0.995,0.996,-0.92,0.998,-0.989,-0.963,0.981,-0.833,-0.878,0.806,-0.991,-0.903,-0.922,0.982,-0.998,-0.995,-0.924,-0.985,-0.992,-0.986,-0.911,-0.893,0.905,0.994,0.998,-0.981,0.847,-0.986,0.389,0.967,-0.928,-0.573,0.892,-0.991,0.872,0.998,0.972,0.634,0.994,-0.96,0.997,0.989,-0.996,-0.998,0.914,-0.996,-0.992,0.996,0.293,-0.669,8.428,5.62,10.463,10.511,10.48,10.487,10.488,10.411,7.021,5.852,10.465,10.472,7.339,7.417,10.506,10.454,EssenceCatalog/problems/csplib-prob010-SocialGolfers/params/de9ad66eab8ef93dac450f6c0620bf18.param
-0.996,-0.992,-0.938,-0.749,0.99,-0.938,-0.976,-0.999,0.958,0.979,0.99,0.476,-0.983,-0.953,0.912,0.973,0.998,-0.56,0.991,0.996,-0.991,0.98,-0.998,-0.984,0.975,0.908,-0.995,-0.864,-0.846,0.982,-0.973,0.993,0.99,-0.993,0.744,0.938,0.981,0.799,-0.945,0.631,0.998,-0.511,-0.884,-0.994,0.989,0.114,-0.998,0.996,0.986,-0.892,-0.981,0.994,-0.95,0.998,-0.986,-0.899,-0.924,0.966,-0.695,0.578,-0.939,-0.85,-0.984,0.978,-0.997,-0.994,0.525,-0.96,-0.996,-0.971,-0.48,-0.959,0.774,0.965,0.997,-0.921,-0.824,-0.929,0.896,0.986,-0.874,-0.904,0.913,-0.969,0.889,0.995,-0.743,0.984,0.99,-0.892,0.993,0.908,-0.981,-0.987,-0.547,-0.993,-0.997,0.991,-0.991,-0.978,4.915,4.314,10.325,10.277,10.254,10.31,10.264,10.209,5.004,4.448,10.304,10.266,5.282,4.907,10.265,10.304,EssenceCatalog/problems/csplib-prob010-SocialGolfers/params/f000718a5ef8450dbeeea4f098360135.param
-1.0,-0.993,-0.993,-0.993,-0.978,-0.995,-0.998,-1.0,0.992,-0.99,0.999,0.993,-0.998,-0.995,0.987,0.982,0.998,-0.981,0.999,1.0,-0.992,0.995,-0.999,-0.996,0.999,0.995,-0.999,-0.982,-0.99,0.94,-0.998,0.999,1.0,-0.983,0.985,0.995,0.996,0.992,-0.998,0.991,0.999,-0.992,-0.984,-0.999,0.996,0.996,-0.999,0.997,0.995,-0.996,-1.0,0.998,-0.99,1.0,-0.989,-0.992,0.998,-0.998,-0.992,0.975,-0.998,-0.987,-0.971,0.996,-0.997,-1.0,-0.992,-0.996,-0.998,-0.998,-0.985,0.037,0.993,0.996,0.999,-0.996,0.993,-0.997,0.933,0.975,-0.992,-0.973,0.989,-0.99,0.99,1.0,0.996,-0.978,0.998,-0.979,0.999,0.996,-0.998,-0.999,0.995,-0.998,-0.997,0.997,0.992,-0.646,9.548,5.779,10.421,10.425,10.405,10.502,10.522,10.469,7.546,6.076,10.379,10.362,8.018,7.844,10.396,10.443,EssenceCatalog/problems/csplib-prob010-SocialGolfers/params/209e8b695f612e5574a46a417bfe1bdc.param
-0.996,-0.986,-0.928,-0.721,0.985,-0.945,-0.973,-0.999,0.962,0.928,0.988,0.424,-0.983,-0.935,0.875,0.977,0.996,-0.573,0.99,0.995,-0.984,0.981,-0.997,-0.987,0.975,0.896,-0.995,-0.82,-0.867,0.976,-0.973,0.992,0.991,-0.993,0.771,0.956,0.982,0.784,-0.931,0.773,0.997,-0.578,-0.894,-0.992,0.988,0.621,-0.997,0.995,0.989,-0.911,-0.982,0.993,-0.929,0.998,-0.984,-0.864,-0.695,0.932,-0.575,0.51,-0.949,-0.812,-0.975,0.975,-0.996,-0.993,0.101,-0.947,-0.995,-0.971,-0.498,-0.938,0.678,0.974,0.995,-0.95,-0.575,-0.947,0.816,0.975,-0.882,-0.859,0.877,-0.965,0.859,0.995,-0.108,0.98,0.989,-0.914,0.993,0.938,-0.98,-0.989,-0.045,-0.992,-0.996,0.989,-0.982,-0.965,5.377,4.56,10.387,10.288,10.293,10.314,10.289,10.258,5.324,4.714,10.372,10.285,5.586,5.316,10.343,10.325,EssenceCatalog/problems/csplib-prob010-SocialGolfers/params/bc2269224fbd359f9fca7e4703e29d2c.param
-0.997,-0.993,-0.964,-0.87,0.972,-0.95,-0.982,-0.999,0.964,0.991,0.992,0.727,-0.989,-0.967,0.946,0.975,0.998,-0.566,0.988,0.998,-0.994,0.99,-0.997,-0.985,0.98,0.917,-0.997,-0.906,-0.816,0.984,-0.979,0.995,0.991,-0.995,0.564,0.881,0.973,0.861,-0.969,0.501,0.998,-0.616,-0.742,-0.992,0.994,-0.575,-0.998,0.998,0.987,-0.872,-0.985,0.994,-0.963,0.999,-0.993,-0.959,-0.962,0.784,-0.906,0.741,-0.962,-0.88,-0.99,0.979,-0.998,-0.995,0.276,-0.98,-0.996,-0.978,-0.579,-0.941,0.928,0.961,0.998,-0.797,-0.763,-0.879,0.926,0.993,-0.858,-0.928,0.947,-0.985,0.891,0.996,-0.94,0.887,0.99,-0.786,0.993,0.915,-0.984,-0.993,-0.691,-0.994,-0.996,0.995,-0.979,-0.98,5.024,4.242,10.349,10.322,10.273,10.355,10.287,10.214,5.025,4.384,10.336,10.294,5.313,4.89,10.303,10.32,EssenceCatalog/problems/csplib-prob010-SocialGolfers/params/739032a5ae3092063501b6b7f33df14e.param
-0.996,-0.989,-0.94,-0.759,0.984,-0.946,-0.977,-0.999,0.962,0.96,0.99,0.447,-0.986,-0.947,0.894,0.978,0.997,-0.578,0.99,0.996,-0.986,0.984,-0.997,-0.986,0.975,0.9,-0.995,-0.837,-0.859,0.98,-0.974,0.992,0.991,-0.993,0.727,0.945,0.98,0.797,-0.942,0.737,0.997,-0.553,-0.881,-0.993,0.989,0.427,-0.998,0.996,0.988,-0.901,-0.981,0.993,-0.938,0.998,-0.986,-0.9,-0.825,0.928,-0.683,0.531,-0.951,-0.822,-0.98,0.977,-0.996,-0.994,0.21,-0.956,-0.995,-0.973,-0.514,-0.945,0.757,0.972,0.996,-0.934,-0.685,-0.94,0.864,0.983,-0.877,-0.876,0.896,-0.969,0.872,0.995,-0.459,0.974,0.99,-0.89,0.993,0.931,-0.981,-0.989,-0.232,-0.993,-0.996,0.991,-0.984,-0.973,5.212,4.461,10.395,10.312,10.299,10.341,10.305,10.257,5.207,4.609,10.377,10.303,5.474,5.155,10.344,10.344,EssenceCatalog/problems/csplib-prob010-SocialGolfers/params/7c402bd76903a1ed8cae7839abefbde6.param
-0.997,-0.973,-0.917,-0.737,0.939,-0.967,-0.969,-0.998,0.958,0.598,0.989,0.575,-0.986,-0.911,0.861,0.979,0.994,-0.587,0.991,0.994,-0.969,0.989,-0.995,-0.988,0.976,0.887,-0.997,-0.803,-0.891,0.953,-0.974,0.993,0.995,-0.989,0.792,0.969,0.983,0.827,-0.947,0.883,0.995,-0.753,-0.88,-0.988,0.988,0.861,-0.997,0.996,0.989,-0.942,-0.987,0.993,-0.904,0.998,-0.979,-0.882,0.443,0.548,-0.639,0.541,-0.975,-0.78,-0.956,0.973,-0.995,-0.993,-0.639,-0.951,-0.993,-0.976,-0.592,-0.8,0.699,0.981,0.996,-0.966,0.394,-0.963,0.726,0.963,-0.902,-0.815,0.857,-0.954,0.821,0.996,0.685,0.901,0.988,-0.923,0.994,0.962,-0.987,-0.994,0.627,-0.991,-0.993,0.992,-0.895,-0.936,6.692,5.088,10.441,10.419,10.439,10.461,10.424,10.417,6.131,5.273,10.458,10.436,6.392,6.27,10.479,10.413,EssenceCatalog/problems/csplib-prob010-SocialGolfers/params/7e109e582b8a3963240626564134ff7e.param
-0.998,-0.969,-0.95,-0.903,0.805,-0.982,-0.99,-0.998,0.984,0.004,0.99,0.76,-0.995,-0.934,0.881,0.977,0.992,-0.553,0.986,0.995,-0.964,0.992,-0.994,-0.994,0.995,0.967,-0.997,-0.815,-0.918,0.959,-0.989,0.995,0.996,-0.993,0.755,0.964,0.986,0.909,-0.964,0.909,0.993,-0.913,-0.874,-0.989,0.994,0.902,-0.996,0.997,0.995,-0.957,-0.99,0.993,-0.895,0.997,-0.989,-0.954,0.833,-0.548,-0.848,0.718,-0.984,-0.845,-0.942,0.976,-0.997,-0.992,-0.819,-0.978,-0.99,-0.979,-0.81,-0.893,0.869,0.989,0.998,-0.956,0.549,-0.968,0.474,0.972,-0.892,-0.558,0.862,-0.987,0.786,0.997,0.791,0.761,0.991,-0.916,0.994,0.98,-0.993,-0.997,0.717,-0.994,-0.99,0.996,-0.415,-0.843,7.628,5.35,10.461,10.489,10.471,10.48,10.456,10.399,6.593,5.553,10.477,10.473,6.873,6.886,10.515,10.435,EssenceCatalog/problems/csplib-prob010-SocialGolfers/params/8178601cccc8181973b9690660ac31b6.param
-0.997,-0.971,-0.938,-0.866,0.92,-0.974,-0.987,-0.998,0.978,0.489,0.987,0.656,-0.993,-0.922,0.865,0.974,0.993,-0.502,0.985,0.994,-0.968,0.987,-0.994,-0.991,0.992,0.951,-0.996,-0.787,-0.893,0.965,-0.984,0.994,0.994,-0.992,0.711,0.952,0.983,0.869,-0.949,0.852,0.993,-0.855,-0.863,-0.989,0.993,0.84,-0.995,0.996,0.993,-0.942,-0.987,0.992,-0.891,0.997,-0.988,-0.931,0.518,0.056,-0.776,0.636,-0.975,-0.822,-0.95,0.972,-0.996,-0.991,-0.658,-0.971,-0.991,-0.975,-0.718,-0.916,0.808,0.985,0.997,-0.946,0.209,-0.956,0.504,0.97,-0.87,-0.6,0.847,-0.984,0.77,0.996,0.592,0.905,0.988,-0.907,0.993,0.968,-0.989,-0.995,0.477,-0.993,-0.991,0.994,-0.781,-0.884,6.84,5.098,10.44,10.433,10.426,10.435,10.404,10.36,6.169,5.274,10.457,10.434,6.427,6.373,10.479,10.406,EssenceCatalog/problems/csplib-prob010-SocialGolfers/params/bc700a8b5cf65ec424ad90a7ae0d5e60.param
-0.998,-0.987,-0.964,-0.837,0.875,-0.968,-0.966,-0.999,0.95,0.955,0.992,0.769,-0.986,-0.959,0.94,0.988,0.997,-0.693,0.992,0.997,-0.988,0.996,-0.996,-0.988,0.959,0.814,-0.998,-0.883,-0.867,0.969,-0.975,0.995,0.995,-0.992,0.637,0.954,0.972,0.879,-0.976,0.814,0.997,-0.636,-0.737,-0.985,0.993,0.184,-0.998,0.998,0.988,-0.934,-0.99,0.993,-0.95,0.999,-0.989,-0.949,-0.575,-0.012,-0.898,0.699,-0.981,-0.848,-0.983,0.981,-0.996,-0.996,-0.7,-0.97,-0.996,-0.985,-0.538,-0.609,0.894,0.967,0.998,-0.905,0.373,-0.93,0.903,0.987,-0.913,-0.934,0.939,-0.963,0.875,0.997,-0.441,0.24,0.99,-0.821,0.994,0.96,-0.987,-0.996,0.31,-0.99,-0.995,0.994,-0.851,-0.972,6.47,4.743,10.469,10.394,10.409,10.478,10.422,10.389,5.871,4.924,10.465,10.391,6.173,5.821,10.459,10.386,EssenceCatalog/problems/csplib-prob010-SocialGolfers/params/e14c8e8e9c9f3bc0cd822b35cfd880ba.param
-0.996,-0.978,-0.943,-0.848,0.948,-0.968,-0.984,-0.998,0.972,0.818,0.987,0.624,-0.992,-0.931,0.882,0.975,0.994,-0.504,0.985,0.995,-0.976,0.988,-0.995,-0.99,0.988,0.931,-0.996,-0.798,-0.866,0.972,-0.982,0.993,0.993,-0.993,0.635,0.937,0.98,0.856,-0.948,0.782,0.994,-0.788,-0.829,-0.989,0.993,0.64,-0.996,0.997,0.992,-0.924,-0.985,0.992,-0.904,0.998,-0.989,-0.93,-0.131,0.37,-0.793,0.622,-0.97,-0.822,-0.965,0.972,-0.997,-0.991,-0.493,-0.97,-0.992,-0.975,-0.632,-0.914,0.82,0.98,0.997,-0.923,-0.102,-0.94,0.643,0.977,-0.864,-0.709,0.868,-0.983,0.787,0.996,0.097,0.913,0.988,-0.875,0.992,0.957,-0.986,-0.995,0.173,-0.993,-0.992,0.994,-0.889,-0.926,6.17,4.811,10.445,10.392,10.387,10.407,10.371,10.328,5.766,4.969,10.45,10.39,6.029,5.854,10.446,10.39,EssenceCatalog/problems/csplib-prob010-SocialGolfers/params/f3e7291a013dc8e43cb6b392f70aa774.param
-0.998,-0.988,0.836,0.935,0.961,-0.884,0.899,-0.998,-0.993,0.893,0.985,0.731,0.936,-0.938,0.969,-0.353,0.993,-0.913,0.995,0.993,-0.991,0.667,-0.996,0.978,-0.946,-0.908,-0.997,-0.945,-0.703,0.843,0.37,0.996,0.988,0.975,0.887,0.858,0.974,0.954,-0.994,-0.914,0.992,-0.825,-0.837,-0.812,-0.984,0.692,-0.999,0.996,-0.993,-0.952,-0.986,0.993,-0.925,0.994,0.92,-0.975,0.948,0.884,-0.881,0.772,-0.976,-0.822,-0.985,0.975,-0.943,-0.996,0.544,-0.675,-0.99,-0.982,0.166,0.889,-0.186,-0.206,0.995,-0.97,0.94,-0.971,0.985,0.98,-0.928,-0.987,0.962,0.957,0.819,0.995,-0.92,-0.904,0.963,-0.757,0.995,-0.944,-0.988,-0.849,0.001,-0.905,-0.993,0.987,-0.891,-0.976,3.65,2.686,3.578,7.685,8.806,8.469,9.102,9.733,3.681,3.113,3.685,7.7,4.076,3.452,4.456,7.891,EssenceCatalog/problems/csplib-prob010-SocialGolfers/params/ord21-5-10-4.param
-1.0,-0.996,-0.994,-0.994,-0.974,-0.995,-0.999,-1.0,0.994,-0.981,0.999,0.994,-0.998,-0.996,0.99,0.987,0.999,-0.984,0.999,1.0,-0.994,0.997,-0.999,-0.997,0.999,0.995,-1.0,-0.985,-0.992,0.964,-0.998,0.999,1.0,-0.989,0.987,0.996,0.997,0.993,-0.999,0.993,1.0,-0.993,-0.985,-0.999,0.997,0.995,-0.999,0.998,0.996,-0.997,-1.0,0.999,-0.992,1.0,-0.992,-0.994,0.997,-0.998,-0.993,0.977,-0.998,-0.988,-0.981,0.997,-0.998,-1.0,-0.992,-0.996,-0.999,-0.999,-0.985,0.067,0.994,0.996,1.0,-0.996,0.991,-0.997,0.961,0.985,-0.994,-0.982,0.991,-0.993,0.993,1.0,0.995,-0.976,0.999,-0.981,0.999,0.997,-0.999,-0.999,0.995,-0.998,-0.998,0.998,0.989,-0.807,9.561,5.789,10.458,10.458,10.443,10.544,10.557,10.507,7.564,6.088,10.42,10.397,8.04,7.853,10.432,10.479,EssenceCatalog/problems/csplib-prob010-SocialGolfers/params/59e4cd002cf10a77487608415b6fc7ea.param
-0.998,-0.987,-0.96,-0.803,0.941,-0.963,-0.965,-0.999,0.957,0.968,0.991,0.687,-0.985,-0.954,0.932,0.986,0.997,-0.629,0.99,0.997,-0.988,0.995,-0.996,-0.988,0.96,0.825,-0.997,-0.874,-0.843,0.973,-0.973,0.994,0.993,-0.994,0.61,0.947,0.973,0.868,-0.966,0.748,0.996,-0.629,-0.752,-0.987,0.993,0.058,-0.998,0.998,0.989,-0.914,-0.987,0.993,-0.944,0.999,-0.99,-0.939,-0.754,0.454,-0.865,0.671,-0.976,-0.84,-0.982,0.979,-0.996,-0.995,-0.472,-0.969,-0.995,-0.981,-0.507,-0.775,0.877,0.966,0.997,-0.888,-0.08,-0.919,0.886,0.987,-0.893,-0.916,0.929,-0.969,0.868,0.997,-0.595,0.676,0.989,-0.821,0.993,0.95,-0.985,-0.994,0.003,-0.991,-0.995,0.994,-0.932,-0.972,5.827,4.563,10.449,10.361,10.359,10.421,10.37,10.322,5.524,4.726,10.441,10.351,5.81,5.457,10.423,10.366,EssenceCatalog/problems/csplib-prob010-SocialGolfers/params/9f54d7afd365f463e8d76c03a33e7128.param
-1.0,-0.996,-0.994,-0.993,-0.976,-0.994,-0.998,-1.0,0.988,-0.959,0.999,0.996,-0.996,-0.997,0.994,0.99,0.999,-0.988,0.999,1.0,-0.996,0.998,-0.999,-0.995,0.999,0.991,-1.0,-0.988,-0.991,0.962,-0.998,1.0,1.0,-0.988,0.99,0.996,0.995,0.992,-0.999,0.993,1.0,-0.99,-0.983,-0.998,0.996,0.993,-1.0,0.998,0.993,-0.996,-1.0,0.998,-0.993,1.0,-0.986,-0.993,0.994,-0.998,-0.994,0.978,-0.997,-0.989,-0.987,0.997,-0.997,-1.0,-0.991,-0.996,-0.999,-0.999,-0.978,0.609,0.992,0.994,1.0,-0.997,0.993,-0.997,0.985,0.987,-0.995,-0.993,0.994,-0.986,0.994,1.0,0.991,-0.989,0.999,-0.979,0.999,0.995,-0.998,-0.999,0.996,-0.998,-0.998,0.998,0.987,-0.921,9.584,5.766,10.401,10.394,10.397,10.501,10.534,10.486,7.569,6.075,10.378,10.333,8.062,7.832,10.37,10.422,EssenceCatalog/problems/csplib-prob010-SocialGolfers/params/0a9f32b43aa36a3317c516c2af86af04.param
-0.999,-0.993,-0.969,-0.858,0.931,-0.958,-0.97,-0.999,0.948,0.989,0.994,0.788,-0.985,-0.971,0.956,0.986,0.998,-0.7,0.992,0.998,-0.993,0.996,-0.997,-0.985,0.955,0.827,-0.998,-0.916,-0.853,0.979,-0.973,0.996,0.994,-0.993,0.611,0.929,0.971,0.875,-0.98,0.676,0.998,-0.559,-0.721,-0.988,0.993,-0.438,-0.999,0.998,0.986,-0.912,-0.99,0.995,-0.969,0.999,-0.991,-0.962,-0.917,0.441,-0.928,0.731,-0.977,-0.878,-0.99,0.983,-0.997,-0.997,-0.331,-0.977,-0.997,-0.985,-0.57,-0.777,0.927,0.957,0.998,-0.852,-0.214,-0.902,0.947,0.993,-0.906,-0.961,0.959,-0.971,0.906,0.997,-0.879,0.41,0.991,-0.781,0.995,0.939,-0.986,-0.994,-0.279,-0.992,-0.997,0.995,-0.946,-0.984,5.655,4.418,10.431,10.352,10.337,10.428,10.355,10.297,5.384,4.588,10.424,10.334,5.688,5.257,10.4,10.349,EssenceCatalog/problems/csplib-prob010-SocialGolfers/params/5bedafe3fc61a9543658b6d118d74ced.param
-0.999,-0.987,-0.967,-0.863,0.787,-0.974,-0.972,-0.999,0.95,0.943,0.993,0.819,-0.987,-0.965,0.945,0.989,0.997,-0.745,0.993,0.997,-0.988,0.997,-0.996,-0.987,0.959,0.818,-0.998,-0.898,-0.88,0.969,-0.979,0.996,0.996,-0.992,0.645,0.956,0.973,0.896,-0.98,0.838,0.997,-0.678,-0.733,-0.985,0.993,0.27,-0.998,0.998,0.988,-0.943,-0.992,0.993,-0.955,0.999,-0.989,-0.958,-0.411,-0.312,-0.919,0.741,-0.984,-0.864,-0.983,0.984,-0.996,-0.997,-0.787,-0.973,-0.996,-0.987,-0.59,-0.481,0.91,0.969,0.998,-0.916,0.524,-0.939,0.91,0.988,-0.928,-0.941,0.943,-0.963,0.894,0.998,-0.386,-0.132,0.991,-0.815,0.995,0.966,-0.989,-0.996,0.407,-0.99,-0.996,0.994,-0.758,-0.973,6.872,4.842,10.466,10.41,10.422,10.509,10.454,10.416,6.078,5.036,10.467,10.402,6.399,6.041,10.464,10.392,EssenceCatalog/problems/csplib-prob010-SocialGolfers/params/5b59983cdae264b6825cecbde89b45b6.param
-0.997,-0.985,-0.952,-0.835,0.96,-0.964,-0.979,-0.999,0.965,0.952,0.989,0.647,-0.989,-0.948,0.914,0.977,0.996,-0.548,0.987,0.996,-0.985,0.991,-0.996,-0.988,0.981,0.901,-0.997,-0.84,-0.84,0.978,-0.979,0.994,0.992,-0.994,0.576,0.926,0.976,0.861,-0.955,0.696,0.996,-0.708,-0.78,-0.989,0.993,0.212,-0.997,0.997,0.99,-0.907,-0.985,0.993,-0.929,0.998,-0.991,-0.939,-0.707,0.58,-0.837,0.647,-0.97,-0.839,-0.978,0.976,-0.997,-0.993,-0.297,-0.972,-0.994,-0.977,-0.551,-0.898,0.865,0.972,0.997,-0.885,-0.358,-0.921,0.807,0.986,-0.865,-0.838,0.904,-0.981,0.831,0.996,-0.537,0.886,0.989,-0.834,0.992,0.945,-0.985,-0.994,-0.162,-0.993,-0.994,0.994,-0.944,-0.959,5.606,4.529,10.428,10.363,10.342,10.392,10.348,10.288,5.409,4.684,10.423,10.347,5.681,5.375,10.398,10.369,EssenceCatalog/problems/csplib-prob010-SocialGolfers/params/1ddcd82ff6739103e4b256ac3c6f6971.param
-0.998,-0.965,-0.938,-0.91,0.734,-0.985,-0.993,-0.998,0.987,-0.706,0.991,0.811,-0.996,-0.932,0.868,0.973,0.992,-0.619,0.989,0.995,-0.957,0.987,-0.995,-0.994,0.998,0.983,-0.997,-0.835,-0.95,0.95,-0.991,0.996,0.997,-0.991,0.895,0.977,0.992,0.92,-0.967,0.948,0.994,-0.947,-0.94,-0.993,0.993,0.976,-0.995,0.996,0.995,-0.977,-0.993,0.995,-0.906,0.997,-0.986,-0.945,0.965,-0.556,-0.8,0.726,-0.986,-0.876,-0.92,0.977,-0.997,-0.994,-0.863,-0.979,-0.991,-0.982,-0.875,-0.914,0.844,0.993,0.998,-0.98,0.745,-0.983,0.363,0.962,-0.91,-0.535,0.865,-0.989,0.839,0.998,0.959,0.847,0.992,-0.96,0.996,0.983,-0.994,-0.997,0.863,-0.995,-0.991,0.995,-0.203,-0.733,8.001,5.525,10.452,10.502,10.489,10.473,10.474,10.397,6.821,5.747,10.465,10.474,7.101,7.191,10.509,10.448,EssenceCatalog/problems/csplib-prob010-SocialGolfers/params/1e17f6716f0fb8ddef881c2b3a649f76.param
-0.998,-0.988,-0.959,-0.803,0.948,-0.963,-0.966,-0.999,0.956,0.972,0.991,0.683,-0.985,-0.955,0.934,0.984,0.997,-0.62,0.99,0.997,-0.989,0.995,-0.996,-0.988,0.962,0.833,-0.997,-0.874,-0.838,0.975,-0.974,0.994,0.993,-0.994,0.601,0.943,0.973,0.869,-0.966,0.723,0.997,-0.633,-0.752,-0.987,0.993,0.004,-0.998,0.998,0.988,-0.911,-0.987,0.993,-0.945,0.998,-0.99,-0.942,-0.788,0.512,-0.869,0.672,-0.975,-0.841,-0.983,0.979,-0.997,-0.995,-0.407,-0.97,-0.996,-0.981,-0.51,-0.799,0.882,0.966,0.998,-0.882,-0.166,-0.916,0.889,0.988,-0.891,-0.916,0.929,-0.971,0.867,0.997,-0.656,0.713,0.989,-0.818,0.993,0.946,-0.986,-0.994,-0.085,-0.991,-0.996,0.994,-0.941,-0.973,5.715,4.521,10.438,10.356,10.348,10.414,10.361,10.309,5.458,4.683,10.431,10.344,5.743,5.383,10.41,10.361,EssenceCatalog/problems/csplib-prob010-SocialGolfers/params/a289c1d070855fd484baf8a1b4d45f6f.param
-0.996,-0.98,-0.913,-0.664,0.977,-0.95,-0.966,-0.999,0.956,0.785,0.988,0.417,-0.981,-0.915,0.85,0.979,0.995,-0.61,0.992,0.994,-0.976,0.982,-0.996,-0.987,0.967,0.876,-0.995,-0.803,-0.886,0.963,-0.969,0.992,0.993,-0.99,0.83,0.97,0.985,0.766,-0.93,0.86,0.996,-0.635,-0.911,-0.991,0.985,0.841,-0.997,0.995,0.988,-0.929,-0.984,0.993,-0.916,0.998,-0.977,-0.824,-0.175,0.903,-0.461,0.48,-0.958,-0.779,-0.967,0.974,-0.994,-0.994,-0.237,-0.937,-0.994,-0.972,-0.524,-0.891,0.577,0.978,0.995,-0.97,-0.152,-0.963,0.792,0.963,-0.902,-0.862,0.858,-0.947,0.853,0.995,0.528,0.973,0.988,-0.936,0.994,0.95,-0.982,-0.99,0.421,-0.991,-0.995,0.989,-0.97,-0.958,5.949,4.834,10.412,10.298,10.336,10.334,10.318,10.334,5.706,5.013,10.412,10.317,5.965,5.778,10.402,10.335,EssenceCatalog/problems/csplib-prob010-SocialGolfers/params/97472111773a53cd9a2f2db4e3b7f6b0.param
-0.996,-0.993,-0.949,-0.754,0.99,-0.925,-0.972,-0.999,0.954,0.989,0.991,0.543,-0.979,-0.96,0.933,0.975,0.998,-0.548,0.991,0.997,-0.994,0.983,-0.998,-0.983,0.971,0.905,-0.995,-0.898,-0.842,0.981,-0.97,0.993,0.988,-0.994,0.744,0.936,0.979,0.813,-0.953,0.56,0.998,-0.432,-0.869,-0.994,0.991,-0.277,-0.998,0.996,0.986,-0.879,-0.981,0.994,-0.96,0.999,-0.987,-0.905,-0.968,0.972,-0.764,0.644,-0.93,-0.873,-0.989,0.979,-0.996,-0.995,0.66,-0.965,-0.997,-0.973,-0.49,-0.96,0.808,0.955,0.996,-0.898,-0.866,-0.912,0.933,0.989,-0.877,-0.934,0.934,-0.966,0.907,0.995,-0.878,0.98,0.99,-0.879,0.993,0.895,-0.979,-0.984,-0.694,-0.993,-0.997,0.99,-0.993,-0.983,4.789,4.228,10.296,10.266,10.242,10.303,10.253,10.2,4.908,4.36,10.269,10.253,5.195,4.776,10.235,10.294,EssenceCatalog/problems/csplib-prob010-SocialGolfers/params/884268ccff96ff04fd324adfde961a39.param
-1.0,-0.992,-0.993,-0.992,-0.969,-0.995,-0.998,-1.0,0.995,-0.988,0.999,0.99,-0.998,-0.994,0.982,0.985,0.997,-0.969,0.998,1.0,-0.989,0.997,-0.999,-0.997,1.0,0.996,-0.999,-0.977,-0.99,0.935,-0.998,0.999,1.0,-0.989,0.978,0.994,0.996,0.992,-0.998,0.991,0.999,-0.992,-0.979,-0.998,0.997,0.995,-0.999,0.997,0.997,-0.996,-0.999,0.998,-0.986,1.0,-0.992,-0.992,0.998,-0.998,-0.99,0.97,-0.998,-0.983,-0.963,0.996,-0.998,-0.999,-0.992,-0.995,-0.997,-0.998,-0.983,-0.295,0.992,0.997,1.0,-0.994,0.99,-0.996,0.875,0.976,-0.989,-0.946,0.984,-0.993,0.986,1.0,0.995,-0.964,0.998,-0.975,0.999,0.997,-0.998,-0.999,0.993,-0.998,-0.997,0.998,0.99,-0.531,9.509,5.781,10.435,10.442,10.41,10.503,10.514,10.458,7.525,6.071,10.385,10.379,7.983,7.842,10.414,10.453,EssenceCatalog/problems/csplib-prob010-SocialGolfers/params/01cf05df9797761d3a7bcb364b1d5938.param
-1.0,-0.997,-0.994,-0.992,-0.967,-0.995,-0.998,-1.0,0.986,-0.942,0.999,0.995,-0.996,-0.997,0.993,0.991,0.999,-0.987,0.999,1.0,-0.996,0.998,-0.999,-0.995,0.999,0.989,-1.0,-0.989,-0.992,0.97,-0.998,1.0,1.0,-0.989,0.991,0.996,0.995,0.993,-0.999,0.993,1.0,-0.989,-0.983,-0.998,0.996,0.993,-1.0,0.999,0.993,-0.997,-1.0,0.999,-0.993,1.0,-0.986,-0.994,0.994,-0.997,-0.994,0.977,-0.997,-0.988,-0.989,0.997,-0.998,-1.0,-0.992,-0.995,-0.999,-0.999,-0.974,0.655,0.992,0.994,1.0,-0.997,0.993,-0.997,0.987,0.989,-0.996,-0.994,0.994,-0.985,0.993,1.0,0.989,-0.99,0.999,-0.979,0.999,0.995,-0.998,-1.0,0.995,-0.998,-0.999,0.998,0.982,-0.948,9.582,5.764,10.402,10.394,10.399,10.504,10.538,10.491,7.569,6.074,10.381,10.334,8.063,7.828,10.372,10.423,EssenceCatalog/problems/csplib-prob010-SocialGolfers/params/a1cc0854ed2e0a30a9a9466c34d47d28.param
-0.996,-0.988,-0.938,-0.738,0.983,-0.949,-0.975,-0.999,0.96,0.953,0.99,0.443,-0.986,-0.944,0.892,0.977,0.997,-0.587,0.99,0.996,-0.985,0.985,-0.997,-0.986,0.971,0.89,-0.996,-0.828,-0.856,0.979,-0.973,0.993,0.992,-0.993,0.723,0.948,0.98,0.805,-0.94,0.747,0.997,-0.566,-0.876,-0.992,0.988,0.468,-0.998,0.996,0.988,-0.905,-0.983,0.993,-0.935,0.998,-0.986,-0.902,-0.787,0.915,-0.677,0.526,-0.956,-0.809,-0.979,0.977,-0.996,-0.994,0.107,-0.955,-0.995,-0.973,-0.508,-0.932,0.752,0.972,0.996,-0.937,-0.628,-0.941,0.853,0.982,-0.881,-0.872,0.889,-0.968,0.865,0.995,-0.388,0.969,0.99,-0.888,0.993,0.933,-0.982,-0.99,-0.137,-0.993,-0.996,0.991,-0.982,-0.972,5.296,4.495,10.399,10.309,10.303,10.341,10.307,10.261,5.26,4.647,10.383,10.301,5.526,5.22,10.352,10.343,EssenceCatalog/problems/csplib-prob010-SocialGolfers/params/a2b37529ee65ddf9ea422345015208bf.param
-0.996,-0.992,-0.933,-0.74,0.989,-0.94,-0.974,-0.999,0.954,0.974,0.99,0.452,-0.983,-0.953,0.91,0.972,0.998,-0.567,0.991,0.997,-0.989,0.982,-0.997,-0.984,0.973,0.898,-0.996,-0.855,-0.843,0.981,-0.971,0.994,0.992,-0.993,0.739,0.944,0.979,0.799,-0.947,0.672,0.998,-0.549,-0.879,-0.993,0.987,0.139,-0.998,0.997,0.985,-0.892,-0.982,0.994,-0.949,0.999,-0.985,-0.908,-0.899,0.961,-0.685,0.554,-0.948,-0.837,-0.984,0.978,-0.997,-0.995,0.467,-0.96,-0.996,-0.972,-0.49,-0.95,0.777,0.965,0.997,-0.928,-0.788,-0.932,0.905,0.987,-0.878,-0.901,0.91,-0.963,0.886,0.996,-0.699,0.981,0.991,-0.886,0.993,0.909,-0.983,-0.989,-0.426,-0.994,-0.996,0.992,-0.99,-0.978,4.981,4.344,10.339,10.279,10.259,10.314,10.27,10.213,5.049,4.483,10.32,10.268,5.325,4.96,10.284,10.305,EssenceCatalog/problems/csplib-prob010-SocialGolfers/params/77ba62da5bc4d665f6c18434db3269d1.param
-0.996,-0.985,-0.918,-0.685,0.983,-0.948,-0.968,-0.999,0.957,0.907,0.988,0.413,-0.982,-0.93,0.87,0.977,0.996,-0.588,0.991,0.995,-0.982,0.983,-0.997,-0.986,0.969,0.877,-0.996,-0.812,-0.869,0.973,-0.971,0.992,0.992,-0.991,0.784,0.96,0.982,0.778,-0.931,0.797,0.997,-0.594,-0.896,-0.992,0.986,0.687,-0.997,0.996,0.988,-0.916,-0.982,0.993,-0.927,0.998,-0.982,-0.857,-0.578,0.93,-0.536,0.492,-0.955,-0.792,-0.973,0.975,-0.995,-0.994,-0.001,-0.944,-0.995,-0.972,-0.485,-0.918,0.66,0.974,0.996,-0.956,-0.469,-0.952,0.829,0.975,-0.889,-0.867,0.872,-0.958,0.859,0.995,0.041,0.978,0.989,-0.918,0.993,0.938,-0.981,-0.99,0.108,-0.992,-0.996,0.99,-0.981,-0.967,5.51,4.623,10.39,10.282,10.301,10.313,10.293,10.273,5.412,4.784,10.378,10.285,5.675,5.422,10.354,10.322,EssenceCatalog/problems/csplib-prob010-SocialGolfers/params/0d976ba5992c59ecc756ac2495079a50.param
-0.996,-0.993,-0.95,-0.737,0.989,-0.925,-0.969,-0.999,0.955,0.988,0.99,0.534,-0.977,-0.959,0.928,0.978,0.998,-0.561,0.991,0.997,-0.993,0.984,-0.998,-0.984,0.969,0.898,-0.995,-0.895,-0.846,0.981,-0.969,0.992,0.988,-0.994,0.755,0.944,0.98,0.816,-0.951,0.597,0.998,-0.411,-0.874,-0.994,0.991,-0.188,-0.998,0.996,0.987,-0.882,-0.981,0.994,-0.958,0.999,-0.987,-0.893,-0.964,0.97,-0.742,0.634,-0.929,-0.869,-0.988,0.979,-0.996,-0.995,0.629,-0.962,-0.997,-0.972,-0.47,-0.958,0.79,0.956,0.996,-0.904,-0.86,-0.915,0.926,0.987,-0.879,-0.932,0.93,-0.966,0.906,0.995,-0.844,0.981,0.99,-0.886,0.993,0.901,-0.978,-0.984,-0.655,-0.992,-0.997,0.99,-0.993,-0.982,4.814,4.248,10.304,10.262,10.239,10.299,10.25,10.201,4.927,4.38,10.278,10.25,5.213,4.802,10.242,10.291,EssenceCatalog/problems/csplib-prob010-SocialGolfers/params/044f838e6e52dbf1593bce568f6ba3e3.param
-0.999,-0.985,0.651,0.885,0.885,-0.899,0.869,-0.998,-0.986,0.814,0.987,0.809,0.895,-0.94,0.968,-0.175,0.992,-0.937,0.994,0.994,-0.99,0.872,-0.995,0.957,-0.958,-0.917,-0.997,-0.948,-0.741,0.815,0.253,0.996,0.989,0.958,0.887,0.889,0.972,0.969,-0.995,-0.823,0.991,-0.818,-0.83,-0.78,-0.973,0.699,-0.999,0.996,-0.988,-0.957,-0.99,0.991,-0.932,0.995,0.883,-0.98,0.944,0.594,-0.924,0.812,-0.983,-0.816,-0.983,0.976,-0.93,-0.997,0.024,-0.759,-0.99,-0.983,0.088,0.95,-0.116,-0.143,0.996,-0.971,0.966,-0.972,0.985,0.976,-0.952,-0.988,0.973,0.945,0.813,0.995,-0.829,-0.967,0.963,-0.688,0.995,-0.864,-0.987,-0.888,0.572,-0.918,-0.995,0.988,-0.691,-0.969,4.155,2.896,3.912,7.665,8.782,8.466,9.08,9.647,3.973,3.302,4.076,7.655,4.358,3.754,4.776,7.884,EssenceCatalog/problems/csplib-prob010-SocialGolfers/params/ord29-4-7-6.param
-0.996,-0.981,-0.911,-0.699,0.979,-0.95,-0.973,-0.998,0.962,0.784,0.988,0.405,-0.984,-0.918,0.846,0.976,0.995,-0.587,0.991,0.994,-0.976,0.979,-0.996,-0.987,0.977,0.904,-0.995,-0.795,-0.885,0.968,-0.973,0.992,0.993,-0.99,0.822,0.966,0.985,0.77,-0.926,0.845,0.996,-0.665,-0.914,-0.992,0.986,0.839,-0.997,0.995,0.989,-0.928,-0.983,0.993,-0.916,0.998,-0.979,-0.841,-0.188,0.908,-0.467,0.476,-0.955,-0.791,-0.965,0.973,-0.995,-0.993,-0.135,-0.94,-0.994,-0.971,-0.555,-0.924,0.604,0.979,0.995,-0.968,-0.273,-0.962,0.767,0.966,-0.892,-0.829,0.853,-0.959,0.844,0.995,0.473,0.98,0.988,-0.936,0.994,0.949,-0.982,-0.99,0.339,-0.992,-0.995,0.989,-0.971,-0.953,5.859,4.803,10.408,10.304,10.336,10.331,10.314,10.316,5.645,4.975,10.407,10.32,5.906,5.725,10.396,10.339,EssenceCatalog/problems/csplib-prob010-SocialGolfers/params/fe94e4702dc33c47da77a8869bc0dca0.param
-0.998,-0.97,-0.958,-0.935,0.551,-0.988,-0.994,-0.998,0.99,-0.666,0.993,0.849,-0.997,-0.945,0.896,0.978,0.993,-0.649,0.989,0.996,-0.963,0.993,-0.995,-0.996,0.998,0.983,-0.998,-0.861,-0.95,0.949,-0.993,0.997,0.998,-0.993,0.865,0.978,0.991,0.939,-0.978,0.952,0.994,-0.953,-0.922,-0.993,0.995,0.964,-0.996,0.997,0.996,-0.977,-0.994,0.995,-0.912,0.998,-0.989,-0.965,0.964,-0.819,-0.886,0.794,-0.989,-0.892,-0.928,0.98,-0.998,-0.994,-0.908,-0.985,-0.991,-0.985,-0.888,-0.887,0.901,0.993,0.998,-0.974,0.798,-0.982,0.409,0.969,-0.922,-0.553,0.888,-0.99,0.844,0.998,0.944,0.614,0.993,-0.948,0.996,0.987,-0.995,-0.998,0.876,-0.995,-0.991,0.996,0.139,-0.737,8.289,5.567,10.458,10.506,10.479,10.487,10.481,10.405,6.944,5.794,10.466,10.469,7.254,7.321,10.505,10.446,EssenceCatalog/problems/csplib-prob010-SocialGolfers/params/d226da82dc45c3fee6a7dd05ed933a10.param
-0.997,-0.983,-0.945,-0.736,0.954,-0.96,-0.959,-0.999,0.956,0.93,0.989,0.57,-0.983,-0.936,0.903,0.985,0.996,-0.612,0.991,0.996,-0.983,0.994,-0.995,-0.989,0.955,0.811,-0.997,-0.839,-0.858,0.967,-0.971,0.993,0.994,-0.993,0.699,0.961,0.976,0.828,-0.951,0.829,0.996,-0.617,-0.815,-0.987,0.991,0.461,-0.998,0.997,0.99,-0.917,-0.986,0.993,-0.928,0.998,-0.987,-0.905,-0.507,0.667,-0.748,0.588,-0.974,-0.792,-0.974,0.976,-0.995,-0.994,-0.504,-0.953,-0.995,-0.979,-0.457,-0.759,0.797,0.97,0.997,-0.932,0.036,-0.939,0.861,0.982,-0.898,-0.899,0.9,-0.958,0.856,0.997,-0.102,0.837,0.988,-0.865,0.993,0.955,-0.985,-0.994,0.298,-0.99,-0.995,0.993,-0.945,-0.968,5.975,4.718,10.453,10.353,10.378,10.413,10.376,10.353,5.66,4.882,10.448,10.358,5.936,5.652,10.437,10.373,EssenceCatalog/problems/csplib-prob010-SocialGolfers/params/9afded12b2f75106fd964ddcc205b53f.param
-0.996,-0.98,-0.919,-0.715,0.971,-0.957,-0.972,-0.998,0.962,0.779,0.988,0.427,-0.986,-0.921,0.85,0.979,0.995,-0.598,0.99,0.994,-0.973,0.986,-0.996,-0.988,0.973,0.889,-0.996,-0.785,-0.877,0.966,-0.972,0.992,0.994,-0.991,0.784,0.965,0.983,0.8,-0.934,0.855,0.995,-0.683,-0.894,-0.99,0.987,0.812,-0.997,0.996,0.99,-0.928,-0.984,0.993,-0.911,0.998,-0.981,-0.878,-0.092,0.814,-0.576,0.479,-0.965,-0.777,-0.963,0.973,-0.995,-0.993,-0.347,-0.945,-0.993,-0.973,-0.56,-0.89,0.665,0.979,0.996,-0.962,-0.127,-0.958,0.756,0.969,-0.894,-0.813,0.851,-0.96,0.831,0.995,0.46,0.959,0.989,-0.917,0.993,0.956,-0.984,-0.992,0.448,-0.992,-0.994,0.991,-0.953,-0.951,6.06,4.86,10.431,10.334,10.366,10.367,10.345,10.342,5.757,5.034,10.435,10.348,6.018,5.847,10.43,10.36,EssenceCatalog/problems/csplib-prob010-SocialGolfers/params/d7cd6ba8edaad855773b9c887e9aa145.param
-0.997,-0.994,-0.953,-0.776,0.988,-0.938,-0.971,-0.999,0.949,0.992,0.992,0.616,-0.981,-0.967,0.945,0.975,0.998,-0.556,0.992,0.997,-0.995,0.988,-0.998,-0.982,0.968,0.886,-0.996,-0.91,-0.829,0.983,-0.97,0.994,0.989,-0.994,0.709,0.926,0.978,0.847,-0.961,0.512,0.998,-0.484,-0.842,-0.994,0.991,-0.495,-0.998,0.997,0.985,-0.876,-0.983,0.995,-0.965,0.999,-0.99,-0.935,-0.97,0.954,-0.839,0.67,-0.949,-0.88,-0.99,0.981,-0.997,-0.996,0.598,-0.97,-0.997,-0.977,-0.487,-0.944,0.875,0.953,0.997,-0.863,-0.846,-0.901,0.947,0.993,-0.879,-0.945,0.946,-0.972,0.905,0.996,-0.932,0.961,0.991,-0.846,0.994,0.89,-0.983,-0.988,-0.738,-0.993,-0.997,0.993,-0.992,-0.985,4.814,4.206,10.306,10.288,10.261,10.328,10.274,10.214,4.913,4.34,10.279,10.27,5.203,4.767,10.248,10.308,EssenceCatalog/problems/csplib-prob010-SocialGolfers/params/bed9b68a88c075b92a3b97fc1adbe615.param
-0.996,-0.994,-0.95,-0.747,0.991,-0.918,-0.971,-0.999,0.949,0.992,0.991,0.564,-0.976,-0.965,0.941,0.974,0.998,-0.543,0.992,0.997,-0.995,0.981,-0.998,-0.981,0.971,0.904,-0.995,-0.914,-0.837,0.982,-0.968,0.993,0.987,-0.994,0.758,0.936,0.978,0.825,-0.958,0.503,0.998,-0.381,-0.872,-0.995,0.99,-0.456,-0.998,0.996,0.984,-0.874,-0.981,0.994,-0.966,0.999,-0.987,-0.91,-0.979,0.977,-0.786,0.658,-0.921,-0.887,-0.99,0.98,-0.996,-0.996,0.762,-0.965,-0.997,-0.973,-0.483,-0.964,0.825,0.948,0.996,-0.883,-0.906,-0.904,0.946,0.99,-0.877,-0.944,0.943,-0.967,0.914,0.995,-0.928,0.982,0.99,-0.877,0.993,0.873,-0.978,-0.981,-0.788,-0.992,-0.997,0.99,-0.995,-0.985,4.702,4.176,10.263,10.251,10.228,10.287,10.239,10.186,4.843,4.305,10.23,10.237,5.135,4.695,10.198,10.279,EssenceCatalog/problems/csplib-prob010-SocialGolfers/params/3479405d552e884811fce4aacc537f01.param
-0.996,-0.983,-0.919,-0.71,0.98,-0.951,-0.972,-0.999,0.961,0.867,0.988,0.391,-0.984,-0.925,0.859,0.977,0.996,-0.583,0.99,0.994,-0.979,0.983,-0.996,-0.988,0.973,0.89,-0.996,-0.801,-0.874,0.971,-0.972,0.992,0.993,-0.992,0.782,0.962,0.982,0.776,-0.93,0.824,0.996,-0.624,-0.896,-0.991,0.987,0.747,-0.997,0.995,0.989,-0.919,-0.982,0.993,-0.918,0.998,-0.981,-0.861,-0.418,0.902,-0.536,0.478,-0.957,-0.793,-0.969,0.974,-0.995,-0.993,-0.106,-0.943,-0.994,-0.972,-0.53,-0.917,0.649,0.976,0.995,-0.96,-0.362,-0.954,0.79,0.971,-0.892,-0.84,0.86,-0.959,0.842,0.995,0.238,0.974,0.988,-0.918,0.993,0.948,-0.982,-0.99,0.241,-0.992,-0.995,0.99,-0.973,-0.958,5.688,4.707,10.403,10.293,10.318,10.32,10.306,10.293,5.527,4.874,10.397,10.301,5.789,5.571,10.378,10.331,EssenceCatalog/problems/csplib-prob010-SocialGolfers/params/d7eeb5dc7a1f2fac18e99954e66e6b85.param
-0.996,-0.979,-0.895,-0.685,0.975,-0.956,-0.972,-0.998,0.96,0.62,0.988,0.411,-0.984,-0.913,0.832,0.974,0.995,-0.603,0.992,0.994,-0.971,0.979,-0.996,-0.987,0.976,0.902,-0.996,-0.78,-0.895,0.964,-0.972,0.992,0.994,-0.988,0.845,0.971,0.986,0.776,-0.929,0.877,0.996,-0.712,-0.924,-0.991,0.983,0.9,-0.997,0.995,0.988,-0.937,-0.984,0.993,-0.912,0.998,-0.975,-0.843,0.2,0.88,-0.434,0.436,-0.961,-0.78,-0.959,0.973,-0.995,-0.994,-0.296,-0.938,-0.993,-0.973,-0.591,-0.904,0.575,0.981,0.995,-0.975,-0.058,-0.969,0.751,0.961,-0.9,-0.815,0.842,-0.954,0.84,0.995,0.674,0.976,0.989,-0.942,0.994,0.953,-0.984,-0.991,0.529,-0.992,-0.995,0.99,-0.96,-0.947,6.171,4.942,10.397,10.318,10.356,10.347,10.328,10.335,5.844,5.124,10.409,10.34,6.1,5.966,10.41,10.341,EssenceCatalog/problems/csplib-prob010-SocialGolfers/params/949c273f7a3f40fe09204b412b99071f.param
-0.997,-0.971,-0.939,-0.878,0.861,-0.979,-0.987,-0.998,0.972,0.481,0.989,0.743,-0.994,-0.926,0.888,0.971,0.992,-0.511,0.985,0.995,-0.969,0.99,-0.994,-0.99,0.993,0.95,-0.997,-0.802,-0.887,0.962,-0.985,0.995,0.995,-0.991,0.661,0.947,0.982,0.889,-0.961,0.844,0.993,-0.875,-0.826,-0.988,0.992,0.802,-0.996,0.997,0.992,-0.947,-0.989,0.992,-0.893,0.997,-0.987,-0.948,0.623,-0.371,-0.846,0.695,-0.98,-0.82,-0.954,0.973,-0.997,-0.991,-0.766,-0.977,-0.991,-0.978,-0.723,-0.867,0.859,0.985,0.998,-0.939,0.467,-0.953,0.553,0.974,-0.878,-0.629,0.867,-0.983,0.77,0.997,0.543,0.761,0.989,-0.892,0.993,0.967,-0.991,-0.996,0.522,-0.993,-0.99,0.995,-0.624,-0.887,7.197,5.165,10.432,10.457,10.432,10.463,10.425,10.378,6.341,5.35,10.447,10.452,6.614,6.55,10.477,10.405,EssenceCatalog/problems/csplib-prob010-SocialGolfers/params/5f519fd181c18aea62c3650c15739db7.param
-0.996,-0.99,-0.944,-0.73,0.987,-0.941,-0.97,-0.999,0.96,0.974,0.989,0.467,-0.981,-0.949,0.908,0.979,0.997,-0.589,0.991,0.996,-0.989,0.985,-0.997,-0.986,0.967,0.879,-0.995,-0.853,-0.848,0.979,-0.971,0.992,0.99,-0.994,0.734,0.949,0.98,0.811,-0.945,0.699,0.997,-0.495,-0.874,-0.993,0.989,0.254,-0.998,0.996,0.988,-0.897,-0.982,0.994,-0.946,0.998,-0.986,-0.888,-0.896,0.944,-0.685,0.555,-0.946,-0.841,-0.982,0.978,-0.996,-0.994,0.309,-0.957,-0.996,-0.973,-0.458,-0.939,0.753,0.966,0.996,-0.927,-0.736,-0.932,0.88,0.983,-0.886,-0.902,0.907,-0.965,0.881,0.995,-0.59,0.975,0.99,-0.888,0.993,0.928,-0.979,-0.987,-0.347,-0.992,-0.996,0.99,-0.988,-0.976,5.08,4.388,10.361,10.28,10.263,10.315,10.274,10.225,5.114,4.533,10.342,10.27,5.387,5.037,10.303,10.307,EssenceCatalog/problems/csplib-prob010-SocialGolfers/params/4bef53320b02e461a06d945a601a84ad.param
-0.998,-0.967,-0.95,-0.919,0.678,-0.985,-0.992,-0.998,0.984,-0.253,0.991,0.826,-0.996,-0.934,0.892,0.975,0.992,-0.562,0.986,0.996,-0.965,0.992,-0.994,-0.994,0.997,0.975,-0.997,-0.835,-0.928,0.953,-0.991,0.996,0.997,-0.992,0.778,0.966,0.987,0.92,-0.972,0.919,0.993,-0.933,-0.875,-0.99,0.994,0.92,-0.996,0.997,0.995,-0.967,-0.992,0.993,-0.901,0.997,-0.988,-0.961,0.911,-0.755,-0.876,0.769,-0.987,-0.859,-0.937,0.977,-0.997,-0.993,-0.881,-0.983,-0.991,-0.982,-0.832,-0.867,0.892,0.99,0.998,-0.961,0.731,-0.971,0.451,0.971,-0.902,-0.557,0.878,-0.988,0.806,0.998,0.853,0.628,0.991,-0.925,0.995,0.981,-0.994,-0.998,0.777,-0.994,-0.99,0.996,-0.112,-0.794,7.982,5.444,10.43,10.477,10.448,10.467,10.448,10.38,6.769,5.657,10.443,10.45,7.066,7.099,10.481,10.412,EssenceCatalog/problems/csplib-prob010-SocialGolfers/params/acfb807fa826d1cd9b1c2fa1964da907.param
-1.0,-0.996,-0.994,-0.992,-0.97,-0.995,-0.998,-1.0,0.986,-0.953,0.999,0.996,-0.997,-0.997,0.994,0.99,0.999,-0.987,0.999,1.0,-0.996,0.998,-0.999,-0.995,0.999,0.991,-1.0,-0.989,-0.992,0.967,-0.998,1.0,1.0,-0.987,0.991,0.996,0.996,0.993,-0.999,0.992,1.0,-0.989,-0.984,-0.999,0.996,0.994,-1.0,0.998,0.992,-0.997,-1.0,0.998,-0.994,1.0,-0.985,-0.994,0.995,-0.998,-0.995,0.978,-0.997,-0.989,-0.989,0.997,-0.998,-1.0,-0.992,-0.996,-0.999,-0.999,-0.976,0.629,0.992,0.995,1.0,-0.997,0.994,-0.997,0.986,0.987,-0.996,-0.993,0.994,-0.984,0.994,1.0,0.991,-0.988,0.999,-0.98,0.999,0.995,-0.998,-1.0,0.995,-0.998,-0.999,0.998,0.984,-0.939,9.584,5.766,10.403,10.396,10.401,10.505,10.539,10.491,7.57,6.075,10.381,10.336,8.064,7.831,10.373,10.425,EssenceCatalog/problems/csplib-prob010-SocialGolfers/params/dce549a14c738627654c83c7a4e9662d.param
-1.0,-0.981,-0.976,-0.964,-0.643,-0.992,-0.996,-0.999,0.992,-0.973,0.997,0.945,-0.996,-0.97,0.934,0.986,0.996,-0.891,0.996,0.999,-0.971,0.996,-0.998,-0.997,0.998,0.99,-0.999,-0.945,-0.981,0.892,-0.996,0.998,0.999,-0.989,0.97,0.993,0.996,0.972,-0.993,0.988,0.997,-0.977,-0.971,-0.996,0.994,0.994,-0.998,0.996,0.997,-0.992,-0.998,0.997,-0.964,0.999,-0.986,-0.972,0.996,-0.963,-0.944,0.886,-0.995,-0.951,-0.925,0.99,-0.997,-0.998,-0.981,-0.99,-0.995,-0.994,-0.955,-0.588,0.943,0.995,0.999,-0.993,0.975,-0.995,0.685,0.949,-0.972,-0.855,0.941,-0.98,0.955,0.999,0.996,-0.446,0.996,-0.973,0.999,0.995,-0.998,-0.998,0.988,-0.997,-0.996,0.996,0.832,-0.614,9.197,5.736,10.417,10.429,10.389,10.462,10.464,10.409,7.378,6.012,10.371,10.382,7.79,7.724,10.41,10.416,EssenceCatalog/problems/csplib-prob010-SocialGolfers/params/e7af0a2e8950273d9cc806087b9e74ec.param
-0.437,-0.455,-0.584,0.093,0.935,0.957,-0.204,-0.924,-0.01,0.886,-0.057,0.7,0.304,-0.759,0.396,0.803,0.935,-0.32,0.682,-0.189,-0.436,-0.974,-0.88,0.245,0.663,0.604,0.984,-0.619,-0.798,0.577,0.467,-0.933,-0.882,0.485,0.863,0.204,0.358,-0.277,-0.249,-0.486,0.964,0.871,-0.908,-0.939,-0.234,0.193,-0.481,-0.99,-0.129,-0.582,-0.573,-0.081,-0.845,0.936,0.401,0.961,-0.987,0.972,0.442,-0.61,0.989,-0.691,-0.846,0.443,0.915,-0.87,0.95,0.426,-0.872,-0.706,-0.113,-0.88,-0.788,-0.786,-0.989,-0.337,-0.867,-0.396,0.582,-0.912,-0.097,-0.722,0.332,0.039,0.869,-0.966,0.625,0.994,0.121,-0.852,0.445,-0.752,0.972,0.987,-0.921,0.742,-0.8,-0.988,-0.859,0.099,1.181,1.258,2.07,3.67,1.885,1.543,2.215,5.232,1.401,1.215,2.088,3.578,1.561,1.105,2.325,3.487,EssenceCatalog/problems/csplib-prob010-SocialGolfers/params/ord05-11-6-2.param
-0.997,-0.994,-0.961,-0.754,0.986,-0.938,-0.963,-0.999,0.949,0.992,0.992,0.618,-0.979,-0.968,0.948,0.981,0.998,-0.599,0.992,0.997,-0.995,0.99,-0.998,-0.984,0.956,0.854,-0.996,-0.912,-0.837,0.982,-0.966,0.994,0.99,-0.994,0.715,0.94,0.978,0.861,-0.965,0.569,0.998,-0.436,-0.837,-0.993,0.991,-0.462,-0.999,0.997,0.985,-0.883,-0.985,0.995,-0.967,0.999,-0.989,-0.929,-0.969,0.938,-0.844,0.653,-0.951,-0.882,-0.99,0.982,-0.997,-0.996,0.489,-0.969,-0.997,-0.979,-0.463,-0.923,0.858,0.95,0.997,-0.871,-0.808,-0.905,0.946,0.991,-0.894,-0.951,0.949,-0.967,0.908,0.996,-0.908,0.945,0.991,-0.849,0.994,0.904,-0.982,-0.987,-0.664,-0.992,-0.997,0.992,-0.99,-0.985,4.882,4.233,10.329,10.287,10.262,10.334,10.278,10.225,4.958,4.372,10.304,10.271,5.247,4.812,10.273,10.308,EssenceCatalog/problems/csplib-prob010-SocialGolfers/params/ec40c81870cc3e780d273e7788f9b1a9.param
-1.0,-0.995,-0.994,-0.994,-0.977,-0.995,-0.999,-1.0,0.994,-0.983,0.999,0.994,-0.998,-0.996,0.991,0.988,0.999,-0.984,0.999,1.0,-0.994,0.997,-0.999,-0.997,0.999,0.995,-1.0,-0.985,-0.992,0.96,-0.998,0.999,1.0,-0.99,0.987,0.996,0.996,0.993,-0.998,0.993,0.999,-0.992,-0.985,-0.999,0.997,0.995,-0.999,0.998,0.996,-0.996,-1.0,0.998,-0.992,1.0,-0.992,-0.993,0.997,-0.998,-0.993,0.977,-0.998,-0.989,-0.98,0.997,-0.998,-1.0,-0.992,-0.996,-0.999,-0.999,-0.985,0.118,0.994,0.996,1.0,-0.996,0.992,-0.997,0.962,0.984,-0.994,-0.982,0.991,-0.992,0.993,1.0,0.995,-0.978,0.999,-0.981,0.999,0.997,-0.999,-0.999,0.996,-0.998,-0.998,0.998,0.99,-0.802,9.564,5.786,10.449,10.449,10.435,10.536,10.552,10.501,7.564,6.086,10.412,10.387,8.041,7.852,10.423,10.47,EssenceCatalog/problems/csplib-prob010-SocialGolfers/params/6fbbee400369a7899d105ab4eb703bba.param
-0.997,-0.985,-0.952,-0.829,0.957,-0.963,-0.978,-0.999,0.964,0.954,0.989,0.657,-0.989,-0.946,0.917,0.978,0.996,-0.548,0.987,0.996,-0.986,0.992,-0.996,-0.988,0.979,0.899,-0.997,-0.846,-0.834,0.977,-0.979,0.994,0.992,-0.994,0.566,0.927,0.975,0.859,-0.955,0.697,0.996,-0.706,-0.762,-0.989,0.993,0.161,-0.997,0.997,0.99,-0.905,-0.984,0.993,-0.93,0.998,-0.991,-0.942,-0.724,0.565,-0.844,0.665,-0.971,-0.833,-0.979,0.975,-0.997,-0.993,-0.298,-0.972,-0.994,-0.977,-0.547,-0.891,0.874,0.972,0.998,-0.882,-0.324,-0.917,0.824,0.987,-0.868,-0.851,0.908,-0.98,0.837,0.997,-0.574,0.867,0.988,-0.833,0.992,0.945,-0.986,-0.994,-0.153,-0.993,-0.994,0.994,-0.945,-0.962,5.612,4.52,10.425,10.36,10.339,10.392,10.346,10.286,5.409,4.676,10.421,10.345,5.683,5.368,10.396,10.364,EssenceCatalog/problems/csplib-prob010-SocialGolfers/params/1884762d01a225ec8d721ed62997e10c.param
-0.996,-0.98,-0.922,-0.722,0.971,-0.957,-0.973,-0.998,0.964,0.784,0.988,0.429,-0.986,-0.922,0.852,0.979,0.995,-0.594,0.99,0.994,-0.974,0.985,-0.996,-0.988,0.974,0.894,-0.996,-0.785,-0.882,0.967,-0.973,0.992,0.993,-0.992,0.786,0.966,0.983,0.797,-0.933,0.857,0.996,-0.676,-0.897,-0.99,0.988,0.823,-0.997,0.995,0.99,-0.928,-0.984,0.993,-0.91,0.998,-0.982,-0.873,-0.118,0.823,-0.569,0.473,-0.964,-0.781,-0.963,0.974,-0.995,-0.993,-0.319,-0.945,-0.993,-0.973,-0.565,-0.9,0.662,0.979,0.996,-0.963,-0.16,-0.959,0.752,0.968,-0.893,-0.816,0.851,-0.962,0.834,0.995,0.472,0.962,0.989,-0.921,0.993,0.957,-0.984,-0.991,0.431,-0.992,-0.994,0.991,-0.956,-0.951,6.036,4.855,10.437,10.336,10.367,10.367,10.346,10.345,5.745,5.028,10.439,10.35,6.005,5.834,10.434,10.365,EssenceCatalog/problems/csplib-prob010-SocialGolfers/params/d6e2012197373da1f920c0922ffff2f1.param
-0.997,-0.991,-0.962,-0.783,0.978,-0.948,-0.966,-0.999,0.958,0.988,0.991,0.623,-0.983,-0.961,0.938,0.983,0.998,-0.59,0.991,0.997,-0.992,0.992,-0.997,-0.987,0.96,0.85,-0.997,-0.895,-0.832,0.979,-0.971,0.994,0.991,-0.995,0.655,0.938,0.975,0.855,-0.962,0.641,0.998,-0.515,-0.802,-0.991,0.993,-0.295,-0.998,0.997,0.988,-0.888,-0.985,0.994,-0.957,0.999,-0.991,-0.933,-0.941,0.863,-0.846,0.657,-0.961,-0.864,-0.987,0.98,-0.997,-0.995,0.146,-0.969,-0.996,-0.979,-0.482,-0.899,0.866,0.959,0.997,-0.871,-0.655,-0.905,0.922,0.99,-0.889,-0.934,0.939,-0.971,0.892,0.996,-0.842,0.905,0.99,-0.83,0.993,0.929,-0.983,-0.991,-0.474,-0.992,-0.997,0.993,-0.981,-0.98,5.11,4.316,10.378,10.306,10.275,10.354,10.294,10.236,5.104,4.468,10.363,10.289,5.384,4.98,10.327,10.316,EssenceCatalog/problems/csplib-prob010-SocialGolfers/params/bf7a799289dca6c5963ec9a6d7db03fb.param
-0.997,-0.99,-0.959,-0.759,0.976,-0.95,-0.962,-0.999,0.956,0.982,0.991,0.597,-0.981,-0.956,0.931,0.984,0.997,-0.606,0.991,0.997,-0.991,0.993,-0.997,-0.987,0.955,0.833,-0.997,-0.879,-0.837,0.977,-0.97,0.993,0.991,-0.994,0.666,0.946,0.976,0.851,-0.959,0.694,0.997,-0.515,-0.808,-0.99,0.992,-0.087,-0.998,0.997,0.988,-0.897,-0.985,0.994,-0.95,0.999,-0.99,-0.922,-0.906,0.84,-0.82,0.626,-0.963,-0.848,-0.985,0.98,-0.996,-0.995,-0.009,-0.965,-0.996,-0.979,-0.456,-0.875,0.841,0.961,0.997,-0.891,-0.543,-0.913,0.907,0.988,-0.893,-0.928,0.93,-0.967,0.883,0.996,-0.733,0.899,0.989,-0.843,0.993,0.936,-0.983,-0.991,-0.309,-0.991,-0.996,0.992,-0.977,-0.978,5.251,4.386,10.395,10.309,10.29,10.361,10.307,10.257,5.198,4.543,10.381,10.296,5.475,5.096,10.347,10.325,EssenceCatalog/problems/csplib-prob010-SocialGolfers/params/689e96dc9029ca5f826d194fde1531d0.param
-1.0,-0.996,-0.993,-0.991,-0.971,-0.995,-0.998,-1.0,0.983,-0.952,0.999,0.995,-0.996,-0.997,0.993,0.989,0.999,-0.985,0.999,1.0,-0.996,0.998,-0.999,-0.994,0.998,0.988,-1.0,-0.988,-0.991,0.968,-0.998,1.0,1.0,-0.987,0.989,0.996,0.995,0.993,-0.999,0.992,1.0,-0.99,-0.981,-0.998,0.995,0.994,-1.0,0.999,0.992,-0.997,-1.0,0.998,-0.991,1.0,-0.984,-0.994,0.996,-0.998,-0.994,0.979,-0.998,-0.987,-0.987,0.997,-0.998,-1.0,-0.993,-0.995,-0.999,-0.999,-0.97,0.705,0.992,0.994,1.0,-0.997,0.994,-0.997,0.985,0.989,-0.996,-0.993,0.993,-0.982,0.992,1.0,0.989,-0.991,0.999,-0.976,0.999,0.995,-0.998,-1.0,0.996,-0.998,-0.998,0.998,0.985,-0.936,9.584,5.76,10.387,10.378,10.386,10.49,10.527,10.479,7.567,6.07,10.367,10.318,8.062,7.825,10.356,10.409,EssenceCatalog/problems/csplib-prob010-SocialGolfers/params/242762b5a782d10442d82f4fff546a1f.param
-0.997,-0.967,-0.918,-0.84,0.908,-0.976,-0.986,-0.998,0.975,0.076,0.988,0.673,-0.993,-0.91,0.854,0.97,0.992,-0.517,0.988,0.994,-0.961,0.985,-0.994,-0.991,0.993,0.956,-0.996,-0.79,-0.91,0.954,-0.984,0.994,0.995,-0.99,0.801,0.964,0.987,0.867,-0.948,0.892,0.993,-0.879,-0.9,-0.99,0.991,0.924,-0.995,0.996,0.992,-0.955,-0.988,0.993,-0.887,0.997,-0.983,-0.919,0.791,0.116,-0.71,0.629,-0.977,-0.811,-0.938,0.971,-0.996,-0.992,-0.708,-0.968,-0.991,-0.976,-0.737,-0.902,0.764,0.987,0.997,-0.968,0.464,-0.969,0.504,0.963,-0.886,-0.613,0.839,-0.979,0.793,0.997,0.823,0.919,0.989,-0.939,0.994,0.969,-0.99,-0.995,0.663,-0.993,-0.991,0.994,-0.755,-0.869,7.148,5.253,10.423,10.453,10.454,10.453,10.429,10.376,6.371,5.444,10.445,10.449,6.626,6.626,10.48,10.419,EssenceCatalog/problems/csplib-prob010-SocialGolfers/params/c624df5516e6cbdd85b885c1cbf4e87b.param
-0.998,-0.989,-0.962,-0.822,0.95,-0.96,-0.97,-0.999,0.958,0.977,0.991,0.696,-0.985,-0.958,0.937,0.983,0.997,-0.617,0.99,0.997,-0.99,0.994,-0.996,-0.987,0.964,0.851,-0.997,-0.879,-0.835,0.977,-0.975,0.994,0.993,-0.994,0.573,0.934,0.973,0.865,-0.967,0.692,0.997,-0.624,-0.741,-0.988,0.993,-0.125,-0.998,0.998,0.988,-0.905,-0.987,0.993,-0.948,0.999,-0.991,-0.946,-0.847,0.558,-0.879,0.685,-0.973,-0.847,-0.985,0.979,-0.997,-0.995,-0.32,-0.973,-0.996,-0.981,-0.527,-0.832,0.892,0.965,0.998,-0.868,-0.278,-0.906,0.897,0.989,-0.887,-0.92,0.933,-0.973,0.874,0.997,-0.74,0.734,0.989,-0.809,0.993,0.944,-0.985,-0.994,-0.209,-0.992,-0.996,0.994,-0.948,-0.975,5.58,4.459,10.425,10.349,10.33,10.402,10.345,10.289,5.372,4.622,10.419,10.333,5.657,5.284,10.392,10.35,EssenceCatalog/problems/csplib-prob010-SocialGolfers/params/e9d12e9be5e7d3623b21ecb130733e2d.param
-0.998,-0.973,-0.959,-0.935,0.658,-0.985,-0.993,-0.998,0.985,-0.176,0.992,0.836,-0.996,-0.95,0.904,0.978,0.994,-0.636,0.988,0.996,-0.969,0.992,-0.995,-0.994,0.997,0.975,-0.998,-0.846,-0.933,0.963,-0.991,0.996,0.997,-0.992,0.768,0.965,0.987,0.926,-0.978,0.916,0.995,-0.93,-0.879,-0.991,0.995,0.915,-0.996,0.997,0.995,-0.969,-0.993,0.994,-0.912,0.998,-0.99,-0.966,0.892,-0.789,-0.896,0.773,-0.987,-0.878,-0.95,0.981,-0.998,-0.994,-0.882,-0.984,-0.992,-0.984,-0.857,-0.866,0.903,0.991,0.998,-0.96,0.701,-0.972,0.487,0.971,-0.912,-0.613,0.887,-0.989,0.816,0.998,0.83,0.537,0.993,-0.915,0.995,0.983,-0.994,-0.998,0.771,-0.994,-0.991,0.996,-0.035,-0.82,8.038,5.454,10.475,10.521,10.488,10.517,10.49,10.428,6.797,5.67,10.486,10.49,7.106,7.117,10.524,10.455,EssenceCatalog/problems/csplib-prob010-SocialGolfers/params/5a61d0ac8e01783ec08839347c0a9867.param
-0.997,-0.988,-0.95,-0.738,0.968,-0.957,-0.957,-0.999,0.952,0.971,0.991,0.576,-0.981,-0.949,0.922,0.985,0.997,-0.607,0.992,0.996,-0.988,0.994,-0.996,-0.987,0.945,0.785,-0.997,-0.865,-0.843,0.973,-0.97,0.994,0.993,-0.994,0.673,0.955,0.975,0.836,-0.956,0.771,0.997,-0.568,-0.806,-0.988,0.992,0.092,-0.998,0.998,0.988,-0.902,-0.985,0.994,-0.943,0.999,-0.989,-0.922,-0.801,0.801,-0.79,0.608,-0.972,-0.814,-0.981,0.979,-0.996,-0.995,-0.276,-0.958,-0.996,-0.979,-0.431,-0.797,0.832,0.963,0.997,-0.908,-0.275,-0.926,0.909,0.988,-0.897,-0.928,0.921,-0.961,0.879,0.997,-0.573,0.855,0.989,-0.842,0.994,0.945,-0.985,-0.993,-0.035,-0.991,-0.996,0.993,-0.969,-0.977,5.519,4.5,10.411,10.313,10.316,10.377,10.331,10.288,5.37,4.663,10.405,10.307,5.647,5.293,10.38,10.332,EssenceCatalog/problems/csplib-prob010-SocialGolfers/params/d1d8082ce45ce42f5e46bb4611a2500e.param
-0.996,-0.992,-0.946,-0.777,0.988,-0.939,-0.979,-0.999,0.961,0.982,0.99,0.496,-0.984,-0.957,0.918,0.975,0.998,-0.563,0.991,0.997,-0.991,0.983,-0.998,-0.985,0.976,0.909,-0.995,-0.871,-0.843,0.983,-0.973,0.993,0.99,-0.994,0.718,0.933,0.98,0.807,-0.951,0.635,0.998,-0.504,-0.873,-0.994,0.99,0.04,-0.998,0.996,0.986,-0.887,-0.981,0.994,-0.952,0.999,-0.987,-0.913,-0.935,0.955,-0.742,0.582,-0.941,-0.862,-0.986,0.979,-0.997,-0.995,0.512,-0.963,-0.996,-0.973,-0.508,-0.96,0.805,0.966,0.997,-0.912,-0.828,-0.927,0.904,0.987,-0.874,-0.906,0.921,-0.97,0.89,0.995,-0.784,0.979,0.99,-0.878,0.993,0.913,-0.98,-0.988,-0.573,-0.994,-0.996,0.991,-0.99,-0.979,4.924,4.308,10.342,10.296,10.269,10.328,10.28,10.223,5.006,4.443,10.321,10.282,5.286,4.903,10.283,10.322,EssenceCatalog/problems/csplib-prob010-SocialGolfers/params/07cc810c374c8ee91a74cca8265617e6.param
-0.996,-0.98,-0.91,-0.712,0.978,-0.954,-0.974,-0.998,0.963,0.762,0.987,0.407,-0.985,-0.919,0.843,0.976,0.995,-0.586,0.991,0.994,-0.975,0.98,-0.996,-0.988,0.977,0.906,-0.995,-0.789,-0.887,0.968,-0.973,0.992,0.993,-0.991,0.815,0.966,0.985,0.782,-0.929,0.851,0.996,-0.678,-0.912,-0.991,0.986,0.85,-0.997,0.995,0.989,-0.929,-0.983,0.993,-0.913,0.998,-0.979,-0.854,-0.106,0.887,-0.49,0.457,-0.958,-0.793,-0.964,0.973,-0.995,-0.993,-0.195,-0.942,-0.994,-0.971,-0.573,-0.922,0.61,0.98,0.995,-0.968,-0.241,-0.962,0.743,0.964,-0.893,-0.811,0.849,-0.96,0.835,0.995,0.497,0.977,0.988,-0.933,0.994,0.951,-0.983,-0.99,0.372,-0.992,-0.995,0.99,-0.965,-0.949,5.93,4.83,10.41,10.31,10.343,10.336,10.319,10.318,5.687,5.003,10.412,10.326,5.946,5.78,10.403,10.342,EssenceCatalog/problems/csplib-prob010-SocialGolfers/params/c500f265657e3a566a241d1c99359020.param
-0.996,-0.983,-0.921,-0.698,0.982,-0.948,-0.971,-0.999,0.961,0.88,0.988,0.406,-0.983,-0.926,0.863,0.977,0.996,-0.585,0.991,0.994,-0.98,0.982,-0.996,-0.987,0.973,0.892,-0.995,-0.811,-0.875,0.971,-0.972,0.992,0.992,-0.992,0.797,0.962,0.983,0.773,-0.928,0.816,0.996,-0.614,-0.902,-0.992,0.987,0.742,-0.997,0.995,0.988,-0.918,-0.982,0.993,-0.922,0.998,-0.982,-0.849,-0.491,0.924,-0.516,0.499,-0.953,-0.797,-0.971,0.974,-0.995,-0.994,-0.022,-0.943,-0.994,-0.971,-0.513,-0.925,0.643,0.976,0.995,-0.96,-0.423,-0.955,0.806,0.972,-0.889,-0.853,0.867,-0.96,0.853,0.995,0.196,0.979,0.988,-0.925,0.993,0.944,-0.981,-0.99,0.17,-0.992,-0.995,0.989,-0.978,-0.962,5.602,4.676,10.404,10.294,10.317,10.319,10.305,10.292,5.476,4.839,10.395,10.3,5.739,5.507,10.373,10.334,EssenceCatalog/problems/csplib-prob010-SocialGolfers/params/3aa55713c4be9471154baa7e8a47eef4.param
-0.996,-0.978,-0.893,-0.689,0.972,-0.957,-0.973,-0.998,0.96,0.548,0.988,0.422,-0.985,-0.911,0.83,0.974,0.995,-0.605,0.992,0.994,-0.97,0.979,-0.996,-0.987,0.977,0.907,-0.996,-0.779,-0.899,0.962,-0.972,0.993,0.994,-0.988,0.851,0.972,0.986,0.78,-0.93,0.884,0.996,-0.731,-0.926,-0.991,0.982,0.913,-0.997,0.995,0.988,-0.94,-0.985,0.993,-0.911,0.998,-0.975,-0.844,0.313,0.866,-0.434,0.436,-0.963,-0.781,-0.957,0.973,-0.995,-0.994,-0.34,-0.939,-0.993,-0.973,-0.607,-0.901,0.571,0.981,0.995,-0.977,0.013,-0.971,0.741,0.959,-0.902,-0.809,0.839,-0.954,0.839,0.995,0.724,0.975,0.989,-0.945,0.994,0.955,-0.985,-0.991,0.575,-0.992,-0.995,0.99,-0.955,-0.943,6.273,4.987,10.398,10.33,10.368,10.358,10.337,10.344,5.908,5.171,10.413,10.352,6.162,6.044,10.418,10.348,EssenceCatalog/problems/csplib-prob010-SocialGolfers/params/7e0aa5e277e83ca826a761ad236b97bd.param
-1.0,-0.995,-0.994,-0.994,-0.979,-0.993,-0.999,-1.0,0.989,-0.982,0.999,0.995,-0.997,-0.997,0.992,0.98,0.998,-0.986,0.999,1.0,-0.994,0.995,-0.999,-0.995,0.999,0.995,-0.999,-0.986,-0.99,0.954,-0.998,0.999,1.0,-0.98,0.988,0.994,0.996,0.992,-0.998,0.991,0.999,-0.992,-0.984,-0.999,0.995,0.995,-0.999,0.997,0.992,-0.996,-1.0,0.998,-0.992,1.0,-0.985,-0.993,0.996,-0.998,-0.994,0.978,-0.997,-0.989,-0.98,0.996,-0.997,-1.0,-0.991,-0.996,-0.998,-0.999,-0.985,0.23,0.994,0.995,0.999,-0.996,0.992,-0.996,0.971,0.982,-0.994,-0.987,0.992,-0.988,0.993,1.0,0.995,-0.983,0.999,-0.982,0.999,0.995,-0.998,-0.999,0.995,-0.998,-0.998,0.997,0.991,-0.804,9.567,5.778,10.426,10.428,10.416,10.518,10.539,10.489,7.561,6.08,10.391,10.365,8.042,7.843,10.399,10.45,EssenceCatalog/problems/csplib-prob010-SocialGolfers/params/1f711d032698b69afbcb9e3574b18f14.param
-0.998,-0.988,-0.961,-0.837,0.922,-0.964,-0.97,-0.999,0.948,0.971,0.992,0.741,-0.985,-0.959,0.941,0.984,0.997,-0.657,0.991,0.997,-0.989,0.995,-0.996,-0.986,0.961,0.832,-0.998,-0.884,-0.844,0.974,-0.975,0.995,0.994,-0.992,0.573,0.937,0.971,0.867,-0.974,0.743,0.997,-0.627,-0.719,-0.986,0.992,-0.041,-0.998,0.998,0.986,-0.92,-0.989,0.993,-0.949,0.999,-0.989,-0.952,-0.748,0.27,-0.9,0.69,-0.977,-0.844,-0.985,0.98,-0.997,-0.995,-0.541,-0.973,-0.996,-0.983,-0.534,-0.746,0.898,0.965,0.998,-0.886,0.084,-0.914,0.906,0.989,-0.9,-0.933,0.939,-0.966,0.873,0.997,-0.659,0.483,0.99,-0.808,0.994,0.948,-0.987,-0.995,0.037,-0.991,-0.995,0.994,-0.914,-0.975,5.987,4.576,10.442,10.364,10.363,10.432,10.374,10.325,5.594,4.743,10.435,10.354,5.889,5.515,10.421,10.36,EssenceCatalog/problems/csplib-prob010-SocialGolfers/params/b06022b3deee7e2283e30ee9ef09eafb.param
-0.997,-0.974,-0.916,-0.745,0.942,-0.967,-0.971,-0.998,0.958,0.629,0.988,0.594,-0.987,-0.914,0.866,0.977,0.994,-0.575,0.99,0.995,-0.971,0.989,-0.995,-0.987,0.979,0.895,-0.997,-0.798,-0.889,0.957,-0.976,0.993,0.995,-0.989,0.77,0.965,0.983,0.832,-0.945,0.866,0.995,-0.766,-0.874,-0.988,0.988,0.846,-0.997,0.996,0.989,-0.941,-0.987,0.993,-0.906,0.998,-0.981,-0.893,0.379,0.544,-0.661,0.558,-0.974,-0.775,-0.958,0.973,-0.995,-0.993,-0.609,-0.955,-0.993,-0.976,-0.588,-0.827,0.724,0.98,0.996,-0.962,0.328,-0.96,0.724,0.968,-0.895,-0.802,0.858,-0.96,0.823,0.996,0.622,0.909,0.988,-0.921,0.994,0.958,-0.988,-0.994,0.568,-0.992,-0.993,0.992,-0.897,-0.938,6.623,5.056,10.446,10.427,10.443,10.467,10.425,10.412,6.084,5.236,10.462,10.441,6.346,6.219,10.482,10.42,EssenceCatalog/problems/csplib-prob010-SocialGolfers/params/5c6e3371ce82080bdc54e19c1eac8cab.param
-0.998,-0.988,-0.962,-0.879,0.922,-0.965,-0.981,-0.999,0.959,0.969,0.991,0.776,-0.99,-0.959,0.937,0.979,0.997,-0.606,0.987,0.997,-0.989,0.993,-0.996,-0.986,0.981,0.904,-0.997,-0.878,-0.832,0.978,-0.981,0.995,0.993,-0.993,0.494,0.905,0.973,0.878,-0.972,0.653,0.996,-0.723,-0.686,-0.988,0.993,-0.124,-0.998,0.998,0.988,-0.912,-0.988,0.993,-0.947,0.998,-0.992,-0.96,-0.775,0.15,-0.912,0.73,-0.975,-0.859,-0.984,0.978,-0.998,-0.995,-0.451,-0.98,-0.995,-0.981,-0.605,-0.857,0.925,0.97,0.998,-0.845,-0.153,-0.905,0.865,0.99,-0.87,-0.894,0.932,-0.983,0.856,0.997,-0.749,0.616,0.989,-0.785,0.992,0.944,-0.987,-0.996,-0.202,-0.993,-0.995,0.995,-0.904,-0.966,5.831,4.504,10.429,10.368,10.34,10.407,10.347,10.282,5.488,4.666,10.422,10.348,5.779,5.42,10.402,10.352,EssenceCatalog/problems/csplib-prob010-SocialGolfers/params/97322adc14e71f497fdc1fc717196c07.param
-0.996,-0.994,-0.946,-0.719,0.991,-0.927,-0.967,-0.999,0.948,0.99,0.991,0.534,-0.976,-0.961,0.936,0.976,0.998,-0.559,0.992,0.997,-0.994,0.984,-0.998,-0.982,0.964,0.885,-0.996,-0.903,-0.838,0.981,-0.967,0.993,0.989,-0.994,0.764,0.944,0.979,0.823,-0.954,0.568,0.998,-0.413,-0.873,-0.994,0.989,-0.304,-0.998,0.996,0.985,-0.881,-0.981,0.995,-0.962,0.999,-0.987,-0.907,-0.968,0.975,-0.757,0.636,-0.935,-0.87,-0.989,0.98,-0.996,-0.995,0.677,-0.963,-0.997,-0.974,-0.463,-0.953,0.809,0.953,0.997,-0.901,-0.87,-0.916,0.942,0.99,-0.884,-0.943,0.937,-0.963,0.911,0.995,-0.891,0.98,0.991,-0.881,0.994,0.888,-0.981,-0.984,-0.698,-0.992,-0.997,0.991,-0.994,-0.985,4.771,4.219,10.287,10.255,10.236,10.297,10.248,10.197,4.895,4.351,10.259,10.244,5.184,4.758,10.225,10.285,EssenceCatalog/problems/csplib-prob010-SocialGolfers/params/a02b64642a172dce2314219bd65f9b66.param
-0.997,-0.966,-0.936,-0.884,0.855,-0.98,-0.99,-0.998,0.983,-0.204,0.989,0.732,-0.995,-0.923,0.864,0.974,0.992,-0.55,0.987,0.995,-0.96,0.988,-0.994,-0.993,0.996,0.969,-0.997,-0.804,-0.925,0.955,-0.988,0.995,0.996,-0.991,0.819,0.969,0.988,0.898,-0.959,0.914,0.993,-0.911,-0.908,-0.991,0.993,0.941,-0.995,0.996,0.994,-0.963,-0.99,0.994,-0.892,0.997,-0.986,-0.937,0.88,-0.326,-0.785,0.675,-0.981,-0.844,-0.931,0.974,-0.997,-0.992,-0.79,-0.975,-0.99,-0.978,-0.806,-0.91,0.817,0.99,0.997,-0.967,0.563,-0.973,0.41,0.964,-0.893,-0.542,0.85,-0.985,0.796,0.997,0.878,0.877,0.99,-0.941,0.995,0.977,-0.992,-0.996,0.742,-0.994,-0.991,0.994,-0.537,-0.817,7.548,5.369,10.439,10.475,10.467,10.458,10.445,10.382,6.574,5.573,10.458,10.462,6.839,6.884,10.498,10.428,EssenceCatalog/problems/csplib-prob010-SocialGolfers/params/e2ce3ed7e63631db33cd8e3447cca51c.param
-0.998,-0.993,-0.963,-0.842,0.954,-0.96,-0.971,-0.999,0.949,0.988,0.993,0.74,-0.985,-0.97,0.953,0.983,0.998,-0.655,0.992,0.998,-0.993,0.995,-0.997,-0.985,0.958,0.826,-0.998,-0.909,-0.838,0.98,-0.974,0.996,0.994,-0.993,0.598,0.928,0.972,0.867,-0.976,0.649,0.998,-0.588,-0.743,-0.989,0.993,-0.444,-0.998,0.999,0.986,-0.902,-0.989,0.995,-0.965,0.999,-0.991,-0.963,-0.915,0.637,-0.914,0.717,-0.976,-0.867,-0.989,0.982,-0.997,-0.996,-0.182,-0.976,-0.997,-0.984,-0.551,-0.822,0.921,0.958,0.998,-0.848,-0.374,-0.902,0.945,0.994,-0.898,-0.953,0.954,-0.973,0.9,0.998,-0.892,0.638,0.991,-0.79,0.994,0.932,-0.987,-0.994,-0.389,-0.993,-0.997,0.995,-0.963,-0.983,5.428,4.369,10.415,10.349,10.325,10.415,10.344,10.282,5.268,4.534,10.411,10.33,5.564,5.142,10.382,10.346,EssenceCatalog/problems/csplib-prob010-SocialGolfers/params/21635bd61cae1a142d7a26ba6a6020ba.param
-0.997,-0.988,-0.95,-0.867,0.966,-0.963,-0.986,-0.999,0.966,0.952,0.99,0.654,-0.992,-0.952,0.916,0.967,0.996,-0.514,0.986,0.997,-0.985,0.987,-0.996,-0.986,0.987,0.93,-0.996,-0.841,-0.834,0.982,-0.983,0.995,0.993,-0.993,0.541,0.896,0.976,0.85,-0.958,0.634,0.996,-0.741,-0.785,-0.991,0.992,0.113,-0.997,0.998,0.988,-0.907,-0.985,0.994,-0.932,0.998,-0.991,-0.95,-0.74,0.628,-0.852,0.654,-0.966,-0.851,-0.98,0.976,-0.998,-0.993,-0.138,-0.976,-0.994,-0.976,-0.607,-0.936,0.879,0.974,0.998,-0.876,-0.503,-0.915,0.806,0.988,-0.855,-0.82,0.907,-0.985,0.828,0.996,-0.663,0.918,0.99,-0.827,0.992,0.934,-0.986,-0.995,-0.36,-0.994,-0.994,0.995,-0.95,-0.959,5.427,4.452,10.399,10.356,10.321,10.378,10.329,10.257,5.295,4.603,10.395,10.337,5.567,5.249,10.364,10.359,EssenceCatalog/problems/csplib-prob010-SocialGolfers/params/88e096abfb676976b5b86958879c943f.param
-0.998,-0.969,-0.953,-0.912,0.737,-0.983,-0.99,-0.998,0.982,0.036,0.99,0.805,-0.995,-0.937,0.893,0.978,0.993,-0.577,0.987,0.995,-0.967,0.992,-0.994,-0.993,0.996,0.966,-0.997,-0.828,-0.92,0.957,-0.989,0.995,0.996,-0.992,0.748,0.963,0.985,0.914,-0.971,0.903,0.994,-0.913,-0.861,-0.99,0.994,0.892,-0.996,0.997,0.994,-0.961,-0.992,0.993,-0.903,0.998,-0.989,-0.956,0.846,-0.696,-0.873,0.742,-0.985,-0.857,-0.946,0.977,-0.997,-0.993,-0.864,-0.981,-0.991,-0.982,-0.805,-0.856,0.883,0.989,0.998,-0.954,0.663,-0.966,0.487,0.97,-0.897,-0.603,0.877,-0.987,0.796,0.997,0.786,0.63,0.991,-0.912,0.994,0.979,-0.993,-0.997,0.729,-0.994,-0.99,0.995,-0.249,-0.834,7.805,5.378,10.454,10.492,10.463,10.49,10.461,10.407,6.674,5.585,10.467,10.473,6.967,6.966,10.505,10.429,EssenceCatalog/problems/csplib-prob010-SocialGolfers/params/12fbaa83b1b71fa562b67b8b8f4d9344.param
-1.0,-0.996,-0.992,-0.993,-0.964,-0.994,-0.999,-1.0,0.985,-0.976,0.999,0.996,-0.998,-0.997,0.992,0.978,0.999,-0.986,0.999,1.0,-0.995,0.996,-0.999,-0.993,0.999,0.995,-1.0,-0.986,-0.992,0.969,-0.998,1.0,1.0,-0.975,0.988,0.995,0.996,0.993,-0.999,0.99,1.0,-0.992,-0.983,-0.999,0.994,0.996,-1.0,0.998,0.99,-0.997,-1.0,0.999,-0.993,1.0,-0.983,-0.995,0.997,-0.998,-0.995,0.978,-0.998,-0.989,-0.987,0.997,-0.998,-1.0,-0.992,-0.996,-0.999,-0.999,-0.983,0.204,0.994,0.996,1.0,-0.997,0.993,-0.997,0.972,0.985,-0.995,-0.987,0.992,-0.989,0.993,1.0,0.994,-0.982,0.999,-0.982,0.999,0.994,-0.998,-1.0,0.995,-0.998,-0.998,0.998,0.989,-0.859,9.565,5.782,10.439,10.445,10.434,10.538,10.555,10.504,7.565,6.084,10.407,10.383,8.046,7.846,10.414,10.466,EssenceCatalog/problems/csplib-prob010-SocialGolfers/params/8be5dcd0f282fa91fe9364c655e81820.param
-0.996,-0.983,-0.925,-0.736,0.973,-0.956,-0.974,-0.999,0.961,0.861,0.989,0.43,-0.987,-0.929,0.861,0.978,0.995,-0.582,0.99,0.995,-0.976,0.986,-0.996,-0.987,0.974,0.891,-0.996,-0.791,-0.869,0.971,-0.974,0.993,0.993,-0.992,0.747,0.957,0.981,0.791,-0.936,0.828,0.996,-0.652,-0.881,-0.99,0.988,0.732,-0.997,0.996,0.989,-0.92,-0.983,0.993,-0.916,0.998,-0.983,-0.892,-0.337,0.836,-0.619,0.494,-0.965,-0.779,-0.969,0.974,-0.996,-0.993,-0.25,-0.949,-0.994,-0.973,-0.552,-0.902,0.709,0.978,0.996,-0.955,-0.259,-0.953,0.788,0.975,-0.888,-0.829,0.862,-0.963,0.836,0.995,0.197,0.956,0.989,-0.903,0.993,0.949,-0.984,-0.992,0.304,-0.993,-0.995,0.991,-0.963,-0.959,5.836,4.75,10.429,10.332,10.355,10.364,10.342,10.321,5.609,4.916,10.426,10.339,5.871,5.66,10.414,10.363,EssenceCatalog/problems/csplib-prob010-SocialGolfers/params/d20451c2942f083563a8e145eb11c1c7.param
-0.996,-0.986,-0.927,-0.718,0.984,-0.945,-0.972,-0.999,0.961,0.928,0.988,0.412,-0.983,-0.933,0.875,0.977,0.996,-0.578,0.99,0.995,-0.983,0.983,-0.997,-0.987,0.972,0.889,-0.995,-0.817,-0.865,0.975,-0.972,0.992,0.992,-0.993,0.764,0.956,0.981,0.779,-0.932,0.779,0.997,-0.574,-0.888,-0.992,0.988,0.615,-0.997,0.995,0.988,-0.91,-0.982,0.993,-0.928,0.998,-0.984,-0.865,-0.686,0.929,-0.575,0.506,-0.952,-0.807,-0.975,0.975,-0.996,-0.993,0.071,-0.947,-0.995,-0.971,-0.498,-0.932,0.681,0.974,0.996,-0.95,-0.546,-0.947,0.825,0.976,-0.885,-0.863,0.877,-0.963,0.856,0.995,-0.098,0.978,0.989,-0.909,0.993,0.94,-0.98,-0.989,0.009,-0.992,-0.995,0.99,-0.981,-0.966,5.405,4.569,10.387,10.284,10.292,10.312,10.288,10.258,5.341,4.726,10.372,10.282,5.603,5.333,10.344,10.321,EssenceCatalog/problems/csplib-prob010-SocialGolfers/params/92b1126edb69348c4642a8357111389e.param
-0.999,-0.99,-0.978,-0.886,0.708,-0.971,-0.974,-0.999,0.962,0.958,0.994,0.834,-0.988,-0.971,0.951,0.994,0.998,-0.804,0.993,0.998,-0.99,0.998,-0.996,-0.991,0.945,0.779,-0.998,-0.915,-0.892,0.973,-0.981,0.996,0.996,-0.994,0.699,0.963,0.973,0.895,-0.984,0.89,0.998,-0.636,-0.753,-0.985,0.995,0.163,-0.999,0.998,0.992,-0.943,-0.994,0.994,-0.967,0.999,-0.992,-0.961,-0.608,-0.409,-0.93,0.762,-0.985,-0.883,-0.986,0.985,-0.996,-0.997,-0.839,-0.971,-0.997,-0.989,-0.594,-0.347,0.928,0.966,0.998,-0.917,0.496,-0.941,0.938,0.989,-0.939,-0.964,0.954,-0.967,0.921,0.998,-0.428,-0.394,0.992,-0.786,0.995,0.975,-0.986,-0.996,0.528,-0.99,-0.996,0.994,-0.693,-0.98,6.988,4.839,10.49,10.377,10.408,10.496,10.45,10.427,6.127,5.046,10.49,10.372,6.466,6.062,10.477,10.376,EssenceCatalog/problems/csplib-prob010-SocialGolfers/params/fa15c1fbf7ad340573b520c984fb5617.param
-0.996,-0.984,-0.929,-0.745,0.975,-0.955,-0.975,-0.999,0.962,0.888,0.989,0.445,-0.987,-0.933,0.868,0.978,0.996,-0.58,0.99,0.995,-0.978,0.986,-0.996,-0.987,0.975,0.893,-0.996,-0.8,-0.867,0.973,-0.975,0.993,0.993,-0.992,0.732,0.954,0.981,0.792,-0.937,0.816,0.996,-0.645,-0.877,-0.99,0.988,0.685,-0.997,0.996,0.989,-0.917,-0.983,0.993,-0.92,0.998,-0.984,-0.896,-0.452,0.846,-0.639,0.501,-0.964,-0.785,-0.971,0.975,-0.996,-0.993,-0.197,-0.951,-0.994,-0.974,-0.55,-0.911,0.728,0.977,0.996,-0.95,-0.351,-0.951,0.802,0.977,-0.884,-0.835,0.87,-0.966,0.842,0.995,0.066,0.958,0.989,-0.898,0.993,0.947,-0.983,-0.992,0.228,-0.993,-0.995,0.992,-0.966,-0.961,5.725,4.696,10.433,10.336,10.354,10.365,10.343,10.313,5.535,4.859,10.427,10.337,5.799,5.57,10.411,10.369,EssenceCatalog/problems/csplib-prob010-SocialGolfers/params/4a15e64ff37aa450dbd34dc5af6eea11.param
-1.0,-0.997,-0.994,-0.99,-0.96,-0.995,-0.998,-1.0,0.987,-0.929,0.999,0.993,-0.996,-0.997,0.993,0.993,0.999,-0.986,0.999,1.0,-0.996,0.999,-1.0,-0.996,0.998,0.985,-1.0,-0.988,-0.992,0.973,-0.997,1.0,1.0,-0.991,0.992,0.997,0.995,0.992,-0.999,0.994,1.0,-0.986,-0.984,-0.998,0.997,0.994,-1.0,0.999,0.994,-0.997,-1.0,0.999,-0.994,1.0,-0.987,-0.993,0.994,-0.996,-0.992,0.974,-0.998,-0.987,-0.989,0.997,-0.998,-1.0,-0.992,-0.995,-0.999,-0.999,-0.969,0.741,0.99,0.993,1.0,-0.998,0.992,-0.997,0.989,0.99,-0.997,-0.995,0.994,-0.981,0.993,1.0,0.99,-0.988,0.999,-0.98,0.999,0.996,-0.998,-1.0,0.996,-0.998,-0.999,0.998,0.972,-0.964,9.578,5.76,10.395,10.383,10.393,10.498,10.535,10.489,7.567,6.071,10.376,10.324,8.062,7.821,10.365,10.415,EssenceCatalog/problems/csplib-prob010-SocialGolfers/params/967840dc3ea51917531581b772e73470.param
-0.998,-0.986,0.706,0.892,0.925,-0.924,0.838,-0.997,-0.978,0.868,0.983,0.72,0.857,-0.933,0.959,-0.091,0.992,-0.917,0.992,0.993,-0.988,0.883,-0.995,0.933,-0.955,-0.926,-0.998,-0.941,-0.727,0.853,0.204,0.997,0.988,0.912,0.872,0.886,0.968,0.957,-0.993,-0.811,0.989,-0.855,-0.814,-0.758,-0.959,0.534,-0.999,0.997,-0.976,-0.942,-0.983,0.992,-0.929,0.993,0.83,-0.982,0.912,0.756,-0.891,0.828,-0.985,-0.777,-0.98,0.971,-0.953,-0.995,0.158,-0.685,-0.988,-0.981,0.176,0.921,-0.008,-0.021,0.996,-0.965,0.907,-0.967,0.987,0.987,-0.935,-0.984,0.959,0.909,0.804,0.996,-0.907,-0.941,0.959,-0.607,0.994,-0.851,-0.989,-0.904,0.392,-0.921,-0.994,0.993,-0.83,-0.971,3.95,2.819,3.928,7.666,8.784,8.482,9.071,9.605,3.856,3.222,4.103,7.674,4.245,3.622,4.789,7.884,EssenceCatalog/problems/csplib-prob010-SocialGolfers/params/ord31-3-9-6.param
-1.0,-0.996,-0.991,-0.993,-0.966,-0.995,-0.998,-1.0,0.983,-0.973,0.999,0.996,-0.997,-0.997,0.992,0.979,0.999,-0.985,0.999,1.0,-0.995,0.996,-0.999,-0.992,0.999,0.994,-1.0,-0.986,-0.992,0.969,-0.998,1.0,1.0,-0.975,0.988,0.995,0.996,0.993,-0.999,0.989,1.0,-0.992,-0.982,-0.999,0.994,0.995,-1.0,0.998,0.989,-0.997,-1.0,0.999,-0.992,1.0,-0.982,-0.995,0.997,-0.998,-0.995,0.978,-0.998,-0.989,-0.987,0.997,-0.998,-1.0,-0.992,-0.996,-0.999,-0.999,-0.982,0.301,0.994,0.996,1.0,-0.997,0.994,-0.997,0.975,0.987,-0.995,-0.988,0.992,-0.988,0.992,1.0,0.993,-0.985,0.999,-0.981,0.999,0.994,-0.999,-1.0,0.995,-0.998,-0.998,0.998,0.988,-0.875,9.569,5.777,10.427,10.431,10.423,10.528,10.548,10.497,7.565,6.08,10.397,10.369,8.049,7.842,10.401,10.454,EssenceCatalog/problems/csplib-prob010-SocialGolfers/params/6d6106b29a222ec6654e9471d3cc06a8.param
-0.996,-0.983,-0.915,-0.646,0.982,-0.943,-0.96,-0.999,0.95,0.866,0.989,0.389,-0.979,-0.922,0.858,0.978,0.996,-0.595,0.992,0.995,-0.979,0.983,-0.997,-0.986,0.959,0.845,-0.996,-0.814,-0.876,0.965,-0.967,0.993,0.993,-0.99,0.826,0.97,0.984,0.759,-0.93,0.838,0.997,-0.608,-0.907,-0.991,0.984,0.759,-0.998,0.996,0.987,-0.922,-0.983,0.993,-0.924,0.998,-0.978,-0.836,-0.435,0.935,-0.474,0.503,-0.957,-0.773,-0.971,0.976,-0.995,-0.994,-0.105,-0.936,-0.995,-0.975,-0.463,-0.883,0.604,0.974,0.995,-0.965,-0.304,-0.959,0.846,0.972,-0.9,-0.888,0.867,-0.945,0.863,0.995,0.289,0.975,0.989,-0.925,0.994,0.942,-0.981,-0.989,0.272,-0.991,-0.996,0.99,-0.979,-0.968,5.687,4.71,10.392,10.269,10.306,10.308,10.295,10.299,5.535,4.882,10.385,10.281,5.799,5.566,10.365,10.313,EssenceCatalog/problems/csplib-prob010-SocialGolfers/params/dd4f89b7fb5d9dfaea7e646991ca5218.param
-0.998,-0.977,-0.954,-0.868,0.751,-0.978,-0.98,-0.998,0.96,0.707,0.991,0.799,-0.991,-0.943,0.918,0.981,0.994,-0.637,0.989,0.996,-0.978,0.995,-0.994,-0.989,0.986,0.912,-0.998,-0.847,-0.893,0.961,-0.983,0.995,0.996,-0.99,0.667,0.958,0.977,0.899,-0.975,0.871,0.994,-0.819,-0.777,-0.985,0.992,0.698,-0.997,0.998,0.99,-0.952,-0.991,0.992,-0.92,0.998,-0.986,-0.954,0.474,-0.589,-0.899,0.727,-0.984,-0.835,-0.969,0.978,-0.996,-0.994,-0.846,-0.977,-0.994,-0.984,-0.659,-0.655,0.889,0.98,0.998,-0.937,0.694,-0.952,0.767,0.978,-0.911,-0.833,0.909,-0.971,0.821,0.998,0.378,0.227,0.99,-0.867,0.994,0.97,-0.991,-0.997,0.642,-0.991,-0.992,0.995,-0.507,-0.929,7.481,5.17,10.459,10.48,10.46,10.536,10.479,10.446,6.465,5.371,10.468,10.473,6.774,6.602,10.5,10.426,EssenceCatalog/problems/csplib-prob010-SocialGolfers/params/5f566cfb165ac1808a0b1a6b1b5ad362.param
-0.997,-0.978,-0.932,-0.762,0.954,-0.964,-0.97,-0.998,0.959,0.836,0.988,0.587,-0.986,-0.925,0.883,0.979,0.995,-0.561,0.989,0.995,-0.978,0.99,-0.995,-0.988,0.977,0.89,-0.997,-0.813,-0.87,0.965,-0.976,0.993,0.993,-0.992,0.713,0.956,0.98,0.832,-0.946,0.82,0.995,-0.716,-0.844,-0.988,0.99,0.699,-0.997,0.996,0.989,-0.928,-0.985,0.993,-0.911,0.998,-0.985,-0.901,-0.139,0.624,-0.716,0.584,-0.971,-0.792,-0.967,0.973,-0.996,-0.993,-0.487,-0.958,-0.994,-0.975,-0.544,-0.856,0.761,0.977,0.996,-0.944,0.072,-0.946,0.754,0.974,-0.885,-0.823,0.874,-0.966,0.823,0.996,0.246,0.911,0.988,-0.901,0.993,0.954,-0.986,-0.994,0.332,-0.991,-0.994,0.992,-0.928,-0.949,6.185,4.853,10.455,10.397,10.412,10.44,10.397,10.376,5.805,5.016,10.461,10.406,6.07,5.873,10.46,10.406,EssenceCatalog/problems/csplib-prob010-SocialGolfers/params/921a158b6c3a2715c9d0545018e5bd86.param
-0.997,-0.974,-0.898,-0.686,0.947,-0.965,-0.963,-0.999,0.945,0.421,0.989,0.544,-0.983,-0.904,0.849,0.976,0.994,-0.629,0.992,0.994,-0.966,0.987,-0.995,-0.986,0.968,0.862,-0.997,-0.798,-0.897,0.946,-0.97,0.994,0.996,-0.984,0.849,0.975,0.987,0.81,-0.949,0.907,0.995,-0.765,-0.91,-0.988,0.98,0.916,-0.997,0.996,0.985,-0.95,-0.988,0.994,-0.909,0.998,-0.969,-0.861,0.609,0.685,-0.559,0.513,-0.976,-0.772,-0.956,0.976,-0.994,-0.994,-0.655,-0.943,-0.994,-0.979,-0.588,-0.738,0.615,0.981,0.996,-0.978,0.493,-0.972,0.764,0.957,-0.913,-0.851,0.857,-0.931,0.836,0.997,0.812,0.918,0.988,-0.936,0.995,0.958,-0.988,-0.994,0.731,-0.991,-0.994,0.991,-0.91,-0.94,6.78,5.15,10.412,10.4,10.431,10.447,10.421,10.421,6.205,5.345,10.436,10.417,6.466,6.352,10.46,10.397,EssenceCatalog/problems/csplib-prob010-SocialGolfers/params/0896563de10e4b0b5d02c5a8230101ed.param
-0.997,-0.976,-0.902,-0.68,0.953,-0.962,-0.962,-0.999,0.944,0.549,0.99,0.526,-0.982,-0.907,0.854,0.977,0.994,-0.631,0.992,0.994,-0.968,0.988,-0.996,-0.986,0.963,0.848,-0.997,-0.797,-0.894,0.95,-0.97,0.994,0.995,-0.985,0.838,0.975,0.986,0.803,-0.948,0.901,0.996,-0.733,-0.907,-0.988,0.981,0.895,-0.997,0.996,0.985,-0.946,-0.988,0.994,-0.911,0.998,-0.971,-0.858,0.462,0.732,-0.564,0.504,-0.973,-0.771,-0.96,0.976,-0.994,-0.994,-0.618,-0.942,-0.994,-0.979,-0.553,-0.741,0.614,0.979,0.996,-0.975,0.413,-0.969,0.784,0.958,-0.914,-0.863,0.859,-0.93,0.841,0.997,0.762,0.921,0.989,-0.932,0.995,0.957,-0.987,-0.993,0.688,-0.99,-0.994,0.991,-0.924,-0.947,6.642,5.093,10.418,10.385,10.419,10.437,10.409,10.419,6.123,5.284,10.439,10.406,6.384,6.247,10.457,10.389,EssenceCatalog/problems/csplib-prob010-SocialGolfers/params/c1a3193ba5636943ff916486da3beaba.param
-0.997,-0.994,-0.951,-0.772,0.989,-0.934,-0.973,-0.999,0.956,0.992,0.991,0.58,-0.981,-0.963,0.941,0.973,0.998,-0.559,0.991,0.997,-0.994,0.985,-0.998,-0.982,0.971,0.904,-0.996,-0.903,-0.824,0.983,-0.972,0.994,0.988,-0.994,0.711,0.928,0.978,0.839,-0.957,0.508,0.998,-0.47,-0.854,-0.994,0.991,-0.417,-0.998,0.997,0.985,-0.871,-0.982,0.995,-0.963,0.999,-0.989,-0.927,-0.973,0.965,-0.809,0.67,-0.937,-0.879,-0.989,0.98,-0.997,-0.995,0.675,-0.969,-0.997,-0.974,-0.485,-0.959,0.852,0.955,0.997,-0.873,-0.888,-0.903,0.938,0.991,-0.876,-0.936,0.94,-0.971,0.908,0.996,-0.922,0.976,0.99,-0.86,0.993,0.887,-0.981,-0.986,-0.748,-0.993,-0.997,0.992,-0.993,-0.984,4.771,4.202,10.293,10.278,10.251,10.314,10.263,10.203,4.889,4.332,10.265,10.261,5.18,4.749,10.233,10.301,EssenceCatalog/problems/csplib-prob010-SocialGolfers/params/f3cc7e845116cd0fddedcce2795ff498.param
-0.997,-0.991,-0.962,-0.801,0.975,-0.95,-0.97,-0.999,0.959,0.988,0.992,0.645,-0.984,-0.962,0.94,0.982,0.998,-0.589,0.99,0.997,-0.993,0.993,-0.997,-0.987,0.963,0.859,-0.997,-0.896,-0.831,0.98,-0.972,0.994,0.991,-0.995,0.634,0.933,0.975,0.857,-0.963,0.625,0.998,-0.539,-0.789,-0.991,0.993,-0.327,-0.998,0.998,0.988,-0.888,-0.985,0.994,-0.957,0.999,-0.991,-0.939,-0.94,0.837,-0.861,0.676,-0.963,-0.867,-0.987,0.98,-0.997,-0.995,0.12,-0.972,-0.997,-0.979,-0.499,-0.9,0.881,0.96,0.997,-0.86,-0.644,-0.903,0.923,0.991,-0.886,-0.933,0.94,-0.974,0.89,0.996,-0.859,0.888,0.99,-0.822,0.993,0.929,-0.983,-0.992,-0.487,-0.992,-0.996,0.994,-0.979,-0.98,5.132,4.316,10.383,10.316,10.282,10.364,10.3,10.24,5.113,4.468,10.37,10.297,5.394,4.99,10.334,10.322,EssenceCatalog/problems/csplib-prob010-SocialGolfers/params/12f516ad92f2377a7f427849f1121998.param
-0.997,-0.975,-0.885,-0.707,0.965,-0.961,-0.977,-0.998,0.962,0.21,0.989,0.458,-0.986,-0.904,0.815,0.972,0.995,-0.62,0.992,0.994,-0.964,0.976,-0.996,-0.987,0.981,0.925,-0.996,-0.779,-0.913,0.955,-0.974,0.993,0.995,-0.986,0.885,0.976,0.989,0.793,-0.935,0.91,0.996,-0.781,-0.94,-0.992,0.981,0.95,-0.997,0.994,0.988,-0.95,-0.986,0.994,-0.907,0.998,-0.97,-0.834,0.63,0.835,-0.405,0.435,-0.964,-0.796,-0.949,0.973,-0.994,-0.994,-0.44,-0.94,-0.993,-0.974,-0.673,-0.898,0.535,0.984,0.995,-0.983,0.235,-0.978,0.703,0.949,-0.909,-0.794,0.832,-0.952,0.839,0.996,0.861,0.975,0.989,-0.956,0.995,0.96,-0.986,-0.992,0.692,-0.992,-0.994,0.989,-0.938,-0.927,6.58,5.123,10.386,10.361,10.392,10.374,10.361,10.358,6.1,5.318,10.403,10.375,6.35,6.282,10.423,10.363,EssenceCatalog/problems/csplib-prob010-SocialGolfers/params/4e43043f50db866c4cc8a4e81752484b.param
-0.997,-0.991,-0.958,-0.85,0.974,-0.958,-0.982,-0.999,0.963,0.984,0.991,0.673,-0.989,-0.962,0.937,0.973,0.998,-0.558,0.988,0.997,-0.991,0.99,-0.997,-0.986,0.98,0.909,-0.997,-0.881,-0.82,0.983,-0.979,0.995,0.992,-0.994,0.558,0.899,0.974,0.859,-0.963,0.565,0.997,-0.654,-0.769,-0.992,0.993,-0.322,-0.998,0.998,0.987,-0.887,-0.985,0.994,-0.953,0.999,-0.992,-0.954,-0.921,0.788,-0.876,0.691,-0.965,-0.867,-0.987,0.979,-0.998,-0.994,0.133,-0.977,-0.996,-0.978,-0.557,-0.93,0.904,0.965,0.998,-0.839,-0.691,-0.897,0.9,0.992,-0.862,-0.901,0.932,-0.983,0.87,0.997,-0.876,0.91,0.99,-0.804,0.993,0.924,-0.985,-0.994,-0.571,-0.994,-0.996,0.995,-0.975,-0.975,5.121,4.305,10.371,10.329,10.283,10.363,10.298,10.225,5.1,4.453,10.362,10.304,5.38,4.988,10.326,10.327,EssenceCatalog/problems/csplib-prob010-SocialGolfers/params/fdee98d802c310bc016df6c4440f5007.param
-0.999,-0.991,-0.975,-0.867,0.82,-0.968,-0.97,-0.999,0.959,0.973,0.994,0.802,-0.987,-0.971,0.95,0.993,0.998,-0.781,0.993,0.998,-0.991,0.997,-0.997,-0.99,0.931,0.743,-0.998,-0.912,-0.877,0.974,-0.977,0.996,0.996,-0.994,0.672,0.958,0.972,0.885,-0.982,0.86,0.998,-0.595,-0.747,-0.985,0.995,-0.026,-0.999,0.998,0.991,-0.933,-0.993,0.994,-0.968,0.999,-0.992,-0.96,-0.769,-0.087,-0.922,0.741,-0.984,-0.875,-0.987,0.985,-0.996,-0.997,-0.76,-0.97,-0.997,-0.988,-0.548,-0.453,0.92,0.962,0.998,-0.903,0.266,-0.932,0.943,0.99,-0.933,-0.965,0.954,-0.967,0.921,0.998,-0.608,-0.154,0.992,-0.776,0.995,0.97,-0.986,-0.995,0.344,-0.991,-0.997,0.994,-0.827,-0.983,6.525,4.693,10.479,10.351,10.385,10.461,10.412,10.379,5.87,4.883,10.479,10.342,6.195,5.773,10.458,10.357,EssenceCatalog/problems/csplib-prob010-SocialGolfers/params/7a558975880420f51779d04ecb758dd5.param
-0.996,-0.986,-0.934,-0.751,0.979,-0.953,-0.976,-0.999,0.962,0.928,0.989,0.452,-0.987,-0.938,0.88,0.979,0.996,-0.579,0.99,0.995,-0.982,0.986,-0.997,-0.987,0.974,0.892,-0.996,-0.813,-0.859,0.975,-0.974,0.993,0.993,-0.993,0.716,0.95,0.98,0.796,-0.938,0.787,0.996,-0.61,-0.873,-0.991,0.989,0.569,-0.997,0.996,0.989,-0.909,-0.983,0.993,-0.928,0.998,-0.986,-0.9,-0.649,0.876,-0.662,0.52,-0.961,-0.794,-0.975,0.976,-0.996,-0.994,-0.071,-0.953,-0.994,-0.974,-0.528,-0.92,0.748,0.975,0.996,-0.942,-0.495,-0.945,0.829,0.98,-0.879,-0.852,0.88,-0.968,0.854,0.995,-0.19,0.961,0.99,-0.889,0.993,0.941,-0.983,-0.991,0.056,-0.993,-0.995,0.992,-0.974,-0.967,5.508,4.591,10.421,10.325,10.33,10.354,10.328,10.288,5.395,4.749,10.41,10.32,5.659,5.389,10.386,10.358,EssenceCatalog/problems/csplib-prob010-SocialGolfers/params/d959a1f80bfd0c70c096fbd24f70d3a3.param
-0.998,-0.981,-0.953,-0.804,0.861,-0.971,-0.966,-0.999,0.952,0.85,0.991,0.727,-0.987,-0.944,0.914,0.988,0.995,-0.687,0.992,0.996,-0.981,0.996,-0.995,-0.988,0.962,0.821,-0.998,-0.858,-0.891,0.96,-0.976,0.994,0.996,-0.991,0.712,0.966,0.977,0.875,-0.97,0.878,0.996,-0.688,-0.803,-0.985,0.991,0.642,-0.998,0.998,0.989,-0.944,-0.991,0.993,-0.936,0.998,-0.986,-0.931,0.046,-0.03,-0.844,0.658,-0.982,-0.819,-0.974,0.98,-0.995,-0.995,-0.789,-0.961,-0.995,-0.984,-0.538,-0.553,0.834,0.974,0.997,-0.946,0.567,-0.951,0.845,0.979,-0.924,-0.902,0.913,-0.952,0.863,0.997,0.267,0.431,0.99,-0.859,0.995,0.969,-0.988,-0.996,0.622,-0.99,-0.995,0.993,-0.796,-0.958,6.964,5.031,10.495,10.452,10.469,10.532,10.484,10.479,6.214,5.224,10.504,10.462,6.51,6.268,10.519,10.438,EssenceCatalog/problems/csplib-prob010-SocialGolfers/params/90a77aa9fb59f64657438704a4e0f1ee.param
-0.998,-0.987,0.845,0.947,0.958,-0.819,0.94,-0.998,-0.995,0.881,0.983,0.739,0.962,-0.93,0.968,-0.522,0.992,-0.929,0.994,0.992,-0.99,0.616,-0.995,0.985,-0.972,-0.932,-0.996,-0.944,-0.675,0.793,0.547,0.995,0.982,0.985,0.885,0.832,0.97,0.96,-0.994,-0.923,0.991,-0.744,-0.851,-0.782,-0.991,0.697,-0.999,0.993,-0.996,-0.95,-0.987,0.99,-0.917,0.994,0.949,-0.973,0.938,0.896,-0.891,0.773,-0.961,-0.822,-0.982,0.972,-0.881,-0.996,0.602,-0.637,-0.989,-0.978,0.159,0.915,-0.41,-0.461,0.993,-0.972,0.957,-0.968,0.985,0.959,-0.931,-0.987,0.967,0.977,0.782,0.993,-0.891,-0.914,0.96,-0.749,0.994,-0.955,-0.982,-0.706,0.128,-0.875,-0.994,0.977,-0.861,-0.969,3.563,2.618,3.38,7.514,8.638,8.27,8.944,9.649,3.61,3.057,3.458,7.525,3.99,3.37,4.252,7.716,EssenceCatalog/problems/csplib-prob010-SocialGolfers/params/a7aab89d77a52d00ebda258427deb693.param
-0.996,-0.992,-0.936,-0.691,0.99,-0.929,-0.967,-0.999,0.947,0.983,0.99,0.468,-0.977,-0.952,0.917,0.976,0.998,-0.562,0.992,0.996,-0.992,0.982,-0.998,-0.982,0.965,0.876,-0.996,-0.884,-0.849,0.979,-0.968,0.993,0.99,-0.993,0.785,0.951,0.98,0.79,-0.943,0.664,0.998,-0.453,-0.884,-0.994,0.989,0.017,-0.998,0.996,0.985,-0.888,-0.98,0.994,-0.956,0.999,-0.986,-0.883,-0.934,0.975,-0.67,0.594,-0.938,-0.844,-0.986,0.978,-0.996,-0.995,0.569,-0.953,-0.997,-0.973,-0.451,-0.945,0.768,0.96,0.996,-0.926,-0.809,-0.931,0.932,0.988,-0.881,-0.935,0.92,-0.959,0.904,0.995,-0.767,0.983,0.99,-0.896,0.993,0.905,-0.98,-0.986,-0.537,-0.992,-0.997,0.991,-0.993,-0.983,4.877,4.294,10.308,10.251,10.237,10.294,10.248,10.2,4.978,4.43,10.284,10.244,5.259,4.868,10.247,10.284,EssenceCatalog/problems/csplib-prob010-SocialGolfers/params/8ea73dc63edf82dbc11879ab1f857061.param
-0.998,-0.984,-0.96,-0.863,0.838,-0.972,-0.976,-0.999,0.952,0.914,0.992,0.785,-0.988,-0.952,0.933,0.983,0.996,-0.657,0.989,0.997,-0.984,0.996,-0.995,-0.987,0.975,0.874,-0.998,-0.868,-0.863,0.968,-0.98,0.995,0.995,-0.991,0.572,0.945,0.972,0.882,-0.976,0.809,0.996,-0.735,-0.708,-0.984,0.992,0.311,-0.998,0.998,0.988,-0.937,-0.99,0.992,-0.935,0.998,-0.988,-0.956,-0.284,-0.287,-0.908,0.72,-0.981,-0.838,-0.979,0.978,-0.997,-0.995,-0.747,-0.975,-0.995,-0.984,-0.595,-0.68,0.903,0.972,0.998,-0.905,0.461,-0.929,0.855,0.985,-0.901,-0.899,0.925,-0.969,0.848,0.997,-0.28,0.238,0.99,-0.823,0.993,0.961,-0.989,-0.997,0.365,-0.991,-0.994,0.994,-0.764,-0.959,6.748,4.844,10.455,10.417,10.411,10.483,10.426,10.385,6.023,5.028,10.453,10.411,6.325,6.027,10.459,10.388,EssenceCatalog/problems/csplib-prob010-SocialGolfers/params/ca386d37f6fa08ad31552e10272f8e4e.param
-0.996,-0.981,-0.914,-0.712,0.979,-0.952,-0.973,-0.999,0.963,0.799,0.987,0.405,-0.984,-0.921,0.848,0.977,0.995,-0.589,0.991,0.994,-0.977,0.981,-0.996,-0.988,0.976,0.902,-0.995,-0.793,-0.884,0.969,-0.972,0.992,0.993,-0.991,0.808,0.966,0.984,0.781,-0.929,0.845,0.996,-0.658,-0.909,-0.991,0.987,0.831,-0.997,0.995,0.989,-0.927,-0.983,0.993,-0.914,0.998,-0.98,-0.853,-0.211,0.891,-0.502,0.462,-0.957,-0.793,-0.965,0.973,-0.995,-0.993,-0.175,-0.941,-0.994,-0.971,-0.559,-0.922,0.615,0.979,0.995,-0.966,-0.282,-0.96,0.752,0.965,-0.892,-0.82,0.851,-0.96,0.838,0.995,0.442,0.977,0.988,-0.93,0.994,0.951,-0.982,-0.99,0.333,-0.992,-0.995,0.989,-0.968,-0.952,5.862,4.797,10.412,10.306,10.336,10.332,10.317,10.315,5.644,4.969,10.411,10.32,5.903,5.722,10.399,10.341,EssenceCatalog/problems/csplib-prob010-SocialGolfers/params/8ac1edf69f655b420501694015d73b15.param
-1.0,-0.994,-0.992,-0.992,-0.982,-0.994,-0.998,-1.0,0.983,-0.986,0.999,0.995,-0.996,-0.996,0.991,0.975,0.998,-0.982,0.998,1.0,-0.994,0.995,-0.999,-0.992,0.999,0.994,-0.999,-0.986,-0.991,0.938,-0.997,0.999,1.0,-0.97,0.985,0.994,0.996,0.992,-0.999,0.989,0.999,-0.991,-0.98,-0.998,0.993,0.995,-0.999,0.997,0.988,-0.996,-1.0,0.998,-0.991,1.0,-0.98,-0.992,0.997,-0.998,-0.994,0.979,-0.997,-0.987,-0.978,0.996,-0.996,-1.0,-0.992,-0.996,-0.998,-0.999,-0.982,0.381,0.992,0.995,0.999,-0.996,0.994,-0.997,0.967,0.975,-0.994,-0.986,0.991,-0.981,0.991,1.0,0.995,-0.989,0.998,-0.979,0.999,0.994,-0.998,-0.999,0.995,-0.997,-0.997,0.997,0.993,-0.745,9.568,5.765,10.383,10.387,10.377,10.479,10.51,10.458,7.552,6.068,10.351,10.323,8.036,7.831,10.355,10.409,EssenceCatalog/problems/csplib-prob010-SocialGolfers/params/45e169ab5101b0781386dbf23d04b590.param
-0.996,-0.984,-0.929,-0.66,0.98,-0.946,-0.961,-0.999,0.953,0.919,0.989,0.433,-0.98,-0.929,0.879,0.982,0.996,-0.606,0.992,0.995,-0.983,0.986,-0.997,-0.987,0.958,0.841,-0.996,-0.83,-0.868,0.968,-0.968,0.992,0.992,-0.992,0.788,0.966,0.982,0.782,-0.936,0.818,0.997,-0.544,-0.886,-0.991,0.987,0.655,-0.998,0.996,0.988,-0.916,-0.983,0.993,-0.928,0.998,-0.982,-0.845,-0.606,0.913,-0.557,0.512,-0.957,-0.79,-0.975,0.976,-0.995,-0.994,-0.118,-0.94,-0.995,-0.974,-0.449,-0.881,0.659,0.972,0.995,-0.956,-0.363,-0.951,0.85,0.974,-0.9,-0.895,0.883,-0.949,0.867,0.995,0.077,0.964,0.988,-0.914,0.994,0.944,-0.981,-0.989,0.17,-0.991,-0.996,0.989,-0.978,-0.971,5.59,4.644,10.407,10.281,10.307,10.323,10.304,10.299,5.463,4.811,10.395,10.287,5.727,5.463,10.37,10.325,EssenceCatalog/problems/csplib-prob010-SocialGolfers/params/5d61acaf00c972d40a1182c389f82a0e.param
-0.997,-0.967,-0.933,-0.872,0.903,-0.977,-0.988,-0.998,0.981,0.162,0.988,0.672,-0.994,-0.918,0.856,0.972,0.992,-0.497,0.986,0.994,-0.963,0.987,-0.994,-0.992,0.994,0.962,-0.996,-0.79,-0.906,0.96,-0.986,0.994,0.995,-0.992,0.766,0.96,0.986,0.874,-0.949,0.885,0.993,-0.886,-0.887,-0.99,0.993,0.901,-0.995,0.996,0.994,-0.951,-0.987,0.993,-0.885,0.997,-0.987,-0.933,0.746,-0.044,-0.761,0.646,-0.978,-0.826,-0.939,0.971,-0.997,-0.991,-0.702,-0.972,-0.99,-0.975,-0.765,-0.922,0.804,0.988,0.997,-0.958,0.366,-0.965,0.445,0.968,-0.876,-0.544,0.84,-0.985,0.776,0.997,0.764,0.913,0.989,-0.927,0.993,0.973,-0.991,-0.996,0.608,-0.993,-0.99,0.994,-0.712,-0.85,7.132,5.225,10.425,10.442,10.437,10.434,10.412,10.357,6.343,5.411,10.446,10.438,6.6,6.602,10.478,10.406,EssenceCatalog/problems/csplib-prob010-SocialGolfers/params/2020955020954a6028ddd8b9aa91ef7c.param
-0.997,-0.973,-0.88,-0.697,0.95,-0.962,-0.973,-0.999,0.948,0.01,0.99,0.529,-0.984,-0.902,0.822,0.97,0.994,-0.65,0.993,0.994,-0.959,0.977,-0.996,-0.986,0.977,0.911,-0.996,-0.799,-0.918,0.944,-0.972,0.994,0.996,-0.98,0.901,0.979,0.99,0.791,-0.947,0.923,0.996,-0.8,-0.943,-0.991,0.974,0.961,-0.997,0.994,0.984,-0.959,-0.989,0.994,-0.911,0.998,-0.961,-0.824,0.758,0.79,-0.436,0.48,-0.969,-0.792,-0.951,0.975,-0.994,-0.995,-0.603,-0.941,-0.994,-0.978,-0.686,-0.826,0.497,0.984,0.995,-0.986,0.508,-0.981,0.745,0.941,-0.918,-0.847,0.841,-0.93,0.853,0.996,0.914,0.96,0.99,-0.96,0.996,0.958,-0.988,-0.993,0.774,-0.991,-0.994,0.989,-0.915,-0.926,6.853,5.221,10.39,10.399,10.427,10.416,10.408,10.404,6.268,5.428,10.409,10.407,6.52,6.456,10.439,10.393,EssenceCatalog/problems/csplib-prob010-SocialGolfers/params/1b0ba1ffa4b64f87f0a3aa0f5892cd9b.param
-0.998,-0.964,-0.933,-0.896,0.801,-0.983,-0.992,-0.998,0.984,-0.544,0.99,0.779,-0.996,-0.926,0.863,0.972,0.992,-0.572,0.988,0.995,-0.957,0.986,-0.994,-0.994,0.997,0.978,-0.997,-0.817,-0.94,0.952,-0.99,0.996,0.997,-0.99,0.869,0.972,0.99,0.908,-0.962,0.935,0.994,-0.934,-0.928,-0.992,0.993,0.965,-0.995,0.996,0.994,-0.971,-0.992,0.994,-0.898,0.997,-0.986,-0.941,0.944,-0.426,-0.781,0.7,-0.984,-0.857,-0.924,0.975,-0.997,-0.993,-0.833,-0.977,-0.99,-0.98,-0.844,-0.911,0.828,0.991,0.998,-0.976,0.677,-0.979,0.383,0.963,-0.901,-0.527,0.855,-0.987,0.818,0.997,0.935,0.871,0.991,-0.953,0.995,0.979,-0.994,-0.997,0.818,-0.994,-0.991,0.995,-0.381,-0.772,7.797,5.461,10.436,10.484,10.477,10.46,10.455,10.38,6.712,5.675,10.454,10.462,6.983,7.061,10.496,10.433,EssenceCatalog/problems/csplib-prob010-SocialGolfers/params/5631a9711f99910af7052b4a694772c8.param
-0.996,-0.986,-0.932,-0.714,0.984,-0.946,-0.971,-0.999,0.963,0.931,0.988,0.395,-0.982,-0.936,0.875,0.98,0.996,-0.592,0.99,0.995,-0.984,0.984,-0.997,-0.988,0.97,0.885,-0.995,-0.82,-0.867,0.975,-0.971,0.991,0.991,-0.993,0.769,0.959,0.982,0.782,-0.933,0.788,0.997,-0.552,-0.893,-0.992,0.988,0.62,-0.997,0.995,0.989,-0.91,-0.982,0.993,-0.929,0.998,-0.984,-0.864,-0.712,0.93,-0.586,0.488,-0.951,-0.809,-0.975,0.975,-0.995,-0.993,0.074,-0.945,-0.995,-0.971,-0.492,-0.932,0.675,0.973,0.995,-0.95,-0.578,-0.947,0.826,0.975,-0.889,-0.866,0.875,-0.962,0.86,0.994,-0.096,0.977,0.989,-0.909,0.993,0.942,-0.98,-0.988,-0.005,-0.992,-0.996,0.989,-0.981,-0.967,5.389,4.563,10.391,10.28,10.288,10.307,10.285,10.259,5.331,4.721,10.374,10.278,5.593,5.32,10.345,10.32,EssenceCatalog/problems/csplib-prob010-SocialGolfers/params/e3083b40a19229bd8f136629f70f2639.param
-0.996,-0.983,-0.925,-0.741,0.976,-0.955,-0.975,-0.999,0.963,0.872,0.989,0.431,-0.987,-0.929,0.864,0.978,0.996,-0.574,0.99,0.995,-0.977,0.985,-0.996,-0.987,0.975,0.897,-0.996,-0.798,-0.871,0.972,-0.974,0.993,0.993,-0.992,0.749,0.957,0.981,0.789,-0.934,0.823,0.996,-0.655,-0.885,-0.99,0.988,0.726,-0.997,0.996,0.989,-0.917,-0.982,0.993,-0.916,0.998,-0.984,-0.892,-0.399,0.861,-0.613,0.489,-0.963,-0.786,-0.969,0.974,-0.996,-0.993,-0.179,-0.949,-0.994,-0.973,-0.555,-0.916,0.71,0.978,0.996,-0.954,-0.331,-0.953,0.794,0.975,-0.883,-0.829,0.865,-0.966,0.843,0.995,0.15,0.964,0.989,-0.906,0.993,0.949,-0.983,-0.992,0.248,-0.993,-0.995,0.991,-0.966,-0.959,5.752,4.719,10.429,10.332,10.353,10.361,10.339,10.316,5.558,4.883,10.424,10.337,5.82,5.603,10.409,10.366,EssenceCatalog/problems/csplib-prob010-SocialGolfers/params/5e18d5d7a2a11606d1fe8666d34cf18c.param
-1.0,-0.992,-0.475,-0.663,-0.403,-0.974,-0.916,-1.0,-0.871,-0.868,0.998,0.988,-0.768,-0.979,0.986,-0.129,0.997,-0.985,0.997,0.999,-0.99,0.921,-0.998,0.771,0.904,0.773,-0.999,-0.985,-0.988,0.934,-0.921,0.999,0.999,0.927,0.987,0.964,0.995,0.981,-0.999,0.754,0.999,-0.974,-0.966,-0.987,-0.915,0.993,-0.999,0.996,-0.957,-0.994,-0.999,0.995,-0.985,0.999,0.627,-0.986,0.998,-0.961,-0.987,0.939,-0.993,-0.96,-0.984,0.994,-0.985,-0.999,-0.961,-0.985,-0.995,-0.997,-0.929,0.863,0.831,0.92,0.998,-0.997,0.998,-0.996,0.987,0.931,-0.99,-0.996,0.984,0.692,0.975,0.999,0.96,-0.982,0.995,-0.971,0.999,0.546,-0.994,-0.992,0.975,-0.981,-0.995,0.989,0.809,-0.94,8.326,4.936,7.26,9.315,9.645,9.65,9.913,9.998,6.577,5.273,7.436,9.246,6.996,6.695,7.766,9.341,EssenceCatalog/problems/csplib-prob010-SocialGolfers/params/35e15553c0d23a255368163b9506377e.param
-0.999,-0.992,-0.981,-0.94,0.229,-0.979,-0.987,-0.999,0.952,0.93,0.996,0.936,-0.992,-0.984,0.97,0.992,0.998,-0.874,0.994,0.998,-0.992,0.997,-0.997,-0.987,0.976,0.879,-0.999,-0.949,-0.924,0.976,-0.988,0.998,0.998,-0.99,0.744,0.954,0.978,0.933,-0.993,0.869,0.998,-0.805,-0.749,-0.988,0.994,0.233,-0.999,0.999,0.987,-0.965,-0.997,0.995,-0.977,0.999,-0.99,-0.981,-0.219,-0.878,-0.972,0.863,-0.991,-0.925,-0.991,0.99,-0.997,-0.998,-0.914,-0.985,-0.997,-0.993,-0.756,-0.192,0.969,0.974,0.999,-0.93,0.763,-0.956,0.955,0.991,-0.949,-0.972,0.973,-0.976,0.943,0.999,-0.489,-0.862,0.995,-0.783,0.996,0.972,-0.99,-0.998,0.609,-0.993,-0.997,0.996,-0.071,-0.979,7.725,5.018,10.46,10.418,10.41,10.548,10.491,10.445,6.48,5.238,10.456,10.402,6.881,6.472,10.447,10.388,EssenceCatalog/problems/csplib-prob010-SocialGolfers/params/0acd54b598d606da2a2a365fe466391e.param
-0.997,-0.971,-0.88,-0.744,0.937,-0.969,-0.982,-0.999,0.965,-0.422,0.99,0.574,-0.988,-0.902,0.817,0.97,0.994,-0.667,0.993,0.994,-0.954,0.973,-0.996,-0.988,0.987,0.946,-0.996,-0.795,-0.934,0.942,-0.976,0.994,0.996,-0.981,0.927,0.982,0.992,0.832,-0.949,0.941,0.996,-0.859,-0.958,-0.992,0.977,0.979,-0.997,0.993,0.987,-0.966,-0.99,0.994,-0.911,0.998,-0.963,-0.839,0.884,0.699,-0.438,0.478,-0.969,-0.829,-0.938,0.975,-0.994,-0.995,-0.641,-0.948,-0.993,-0.978,-0.767,-0.877,0.527,0.987,0.996,-0.989,0.558,-0.985,0.653,0.931,-0.922,-0.785,0.842,-0.951,0.853,0.996,0.955,0.964,0.99,-0.968,0.996,0.967,-0.989,-0.993,0.838,-0.993,-0.994,0.99,-0.869,-0.89,7.082,5.319,10.402,10.432,10.452,10.422,10.426,10.401,6.402,5.536,10.416,10.426,6.65,6.643,10.455,10.417,EssenceCatalog/problems/csplib-prob010-SocialGolfers/params/87c2ad911b9b720e07ae53ae0a032981.param
-1.0,-0.988,-0.99,-0.989,-0.92,-0.995,-0.998,-1.0,0.995,-0.982,0.999,0.981,-0.998,-0.989,0.97,0.986,0.996,-0.937,0.997,0.999,-0.983,0.997,-0.998,-0.998,1.0,0.996,-0.999,-0.967,-0.987,0.926,-0.998,0.999,0.999,-0.991,0.968,0.992,0.996,0.988,-0.997,0.987,0.998,-0.99,-0.971,-0.998,0.997,0.993,-0.998,0.997,0.998,-0.995,-0.999,0.998,-0.978,0.999,-0.993,-0.99,0.997,-0.996,-0.984,0.957,-0.997,-0.975,-0.948,0.994,-0.998,-0.999,-0.99,-0.995,-0.996,-0.996,-0.978,-0.604,0.987,0.997,0.999,-0.991,0.983,-0.996,0.736,0.972,-0.981,-0.879,0.971,-0.994,0.974,0.999,0.994,-0.89,0.998,-0.971,0.999,0.996,-0.998,-0.999,0.988,-0.998,-0.996,0.998,0.978,-0.428,9.424,5.767,10.422,10.431,10.389,10.473,10.479,10.418,7.474,6.048,10.365,10.372,7.913,7.817,10.404,10.433,EssenceCatalog/problems/csplib-prob010-SocialGolfers/params/9078e0a62b9cb6634cd644efd1501899.param
-0.996,-0.987,-0.93,-0.704,0.982,-0.949,-0.969,-0.999,0.957,0.936,0.989,0.41,-0.983,-0.938,0.88,0.978,0.996,-0.599,0.99,0.995,-0.983,0.986,-0.997,-0.986,0.966,0.871,-0.996,-0.817,-0.856,0.976,-0.97,0.993,0.992,-0.992,0.739,0.954,0.98,0.801,-0.938,0.772,0.997,-0.582,-0.877,-0.991,0.987,0.554,-0.998,0.996,0.987,-0.91,-0.983,0.993,-0.931,0.998,-0.984,-0.894,-0.692,0.908,-0.638,0.509,-0.959,-0.797,-0.976,0.976,-0.996,-0.994,-0.008,-0.951,-0.995,-0.974,-0.492,-0.912,0.717,0.972,0.996,-0.945,-0.523,-0.944,0.842,0.98,-0.889,-0.867,0.88,-0.96,0.857,0.995,-0.208,0.966,0.99,-0.891,0.993,0.937,-0.983,-0.99,0.032,-0.993,-0.996,0.991,-0.978,-0.97,5.43,4.56,10.394,10.293,10.302,10.328,10.302,10.265,5.348,4.718,10.382,10.289,5.612,5.332,10.354,10.329,EssenceCatalog/problems/csplib-prob010-SocialGolfers/params/5b32978e32cb9180be1cfa643b40a8b1.param
-0.997,-0.982,-0.941,-0.733,0.952,-0.961,-0.96,-0.999,0.952,0.916,0.989,0.588,-0.983,-0.935,0.902,0.985,0.996,-0.611,0.991,0.995,-0.981,0.993,-0.995,-0.988,0.957,0.813,-0.997,-0.833,-0.86,0.966,-0.971,0.993,0.994,-0.992,0.704,0.961,0.977,0.832,-0.952,0.832,0.996,-0.628,-0.821,-0.986,0.99,0.529,-0.998,0.997,0.989,-0.922,-0.986,0.993,-0.927,0.998,-0.986,-0.906,-0.402,0.633,-0.742,0.579,-0.975,-0.786,-0.973,0.976,-0.995,-0.994,-0.534,-0.953,-0.994,-0.979,-0.459,-0.749,0.793,0.971,0.997,-0.936,0.103,-0.941,0.851,0.981,-0.9,-0.895,0.897,-0.956,0.85,0.997,-0.01,0.831,0.988,-0.871,0.994,0.954,-0.986,-0.994,0.35,-0.99,-0.995,0.993,-0.939,-0.966,6.081,4.766,10.453,10.362,10.388,10.425,10.385,10.368,5.727,4.932,10.452,10.371,6.001,5.733,10.444,10.379,EssenceCatalog/problems/csplib-prob010-SocialGolfers/params/039fc98ab74f893da45fb8fcd5093b73.param
-0.997,-0.974,-0.894,-0.747,0.952,-0.966,-0.98,-0.998,0.968,0.058,0.989,0.503,-0.989,-0.911,0.826,0.974,0.994,-0.616,0.992,0.994,-0.961,0.98,-0.996,-0.989,0.986,0.937,-0.996,-0.777,-0.918,0.956,-0.977,0.994,0.996,-0.987,0.883,0.977,0.988,0.816,-0.941,0.92,0.995,-0.824,-0.939,-0.991,0.983,0.955,-0.996,0.995,0.99,-0.955,-0.987,0.994,-0.905,0.998,-0.974,-0.867,0.716,0.734,-0.497,0.475,-0.969,-0.797,-0.945,0.973,-0.995,-0.994,-0.536,-0.949,-0.993,-0.975,-0.703,-0.898,0.608,0.986,0.996,-0.982,0.314,-0.978,0.683,0.956,-0.908,-0.767,0.839,-0.961,0.836,0.996,0.882,0.967,0.99,-0.956,0.995,0.966,-0.989,-0.993,0.737,-0.993,-0.994,0.991,-0.906,-0.917,6.785,5.196,10.425,10.419,10.447,10.429,10.414,10.395,6.218,5.396,10.444,10.424,6.47,6.425,10.472,10.416,EssenceCatalog/problems/csplib-prob010-SocialGolfers/params/14a9d1b889b65d17bd0fe0a0f2477b45.param
-0.996,-0.976,-0.902,-0.699,0.968,-0.959,-0.973,-0.998,0.961,0.501,0.988,0.468,-0.985,-0.906,0.837,0.976,0.995,-0.603,0.991,0.994,-0.969,0.98,-0.996,-0.988,0.978,0.906,-0.996,-0.789,-0.898,0.956,-0.973,0.993,0.995,-0.988,0.855,0.973,0.987,0.789,-0.933,0.89,0.996,-0.744,-0.924,-0.991,0.984,0.917,-0.997,0.995,0.989,-0.943,-0.986,0.993,-0.909,0.998,-0.974,-0.84,0.368,0.833,-0.456,0.489,-0.965,-0.782,-0.957,0.972,-0.994,-0.994,-0.426,-0.942,-0.993,-0.974,-0.612,-0.889,0.575,0.983,0.995,-0.977,0.107,-0.971,0.726,0.956,-0.903,-0.818,0.845,-0.953,0.839,0.996,0.765,0.97,0.988,-0.946,0.995,0.957,-0.985,-0.992,0.597,-0.992,-0.994,0.99,-0.947,-0.94,6.394,5.031,10.417,10.359,10.395,10.388,10.365,10.371,5.983,5.218,10.434,10.378,6.236,6.125,10.442,10.374,EssenceCatalog/problems/csplib-prob010-SocialGolfers/params/8f0d8ad7bb29fee5b49256e1733c7a5a.param
-0.996,-0.991,-0.93,-0.722,0.988,-0.945,-0.972,-0.999,0.952,0.967,0.99,0.45,-0.984,-0.95,0.907,0.972,0.997,-0.572,0.992,0.996,-0.988,0.984,-0.997,-0.983,0.97,0.884,-0.996,-0.843,-0.841,0.98,-0.971,0.994,0.993,-0.993,0.736,0.948,0.979,0.802,-0.946,0.703,0.997,-0.569,-0.878,-0.992,0.987,0.222,-0.998,0.997,0.986,-0.897,-0.983,0.994,-0.947,0.998,-0.985,-0.908,-0.862,0.951,-0.671,0.545,-0.953,-0.82,-0.982,0.978,-0.997,-0.995,0.349,-0.958,-0.996,-0.973,-0.477,-0.936,0.774,0.966,0.997,-0.93,-0.738,-0.935,0.899,0.987,-0.88,-0.899,0.905,-0.962,0.882,0.996,-0.634,0.977,0.991,-0.888,0.993,0.913,-0.984,-0.99,-0.32,-0.994,-0.996,0.992,-0.988,-0.978,5.069,4.383,10.352,10.281,10.265,10.318,10.275,10.219,5.108,4.528,10.336,10.271,5.381,5.03,10.3,10.306,EssenceCatalog/problems/csplib-prob010-SocialGolfers/params/528656eb240c5c70d36f90d1bef9c699.param
-0.998,-0.99,-0.962,-0.813,0.947,-0.961,-0.966,-0.999,0.948,0.981,0.992,0.707,-0.984,-0.961,0.942,0.985,0.997,-0.656,0.991,0.997,-0.99,0.995,-0.996,-0.986,0.957,0.819,-0.997,-0.887,-0.844,0.977,-0.972,0.995,0.994,-0.993,0.616,0.94,0.972,0.869,-0.972,0.73,0.997,-0.577,-0.748,-0.987,0.992,-0.124,-0.998,0.998,0.986,-0.912,-0.988,0.994,-0.956,0.999,-0.989,-0.947,-0.838,0.513,-0.887,0.669,-0.976,-0.846,-0.986,0.981,-0.997,-0.995,-0.394,-0.971,-0.996,-0.983,-0.498,-0.773,0.891,0.963,0.998,-0.884,-0.122,-0.913,0.919,0.99,-0.903,-0.943,0.943,-0.965,0.881,0.997,-0.732,0.62,0.99,-0.816,0.994,0.942,-0.986,-0.994,-0.093,-0.991,-0.996,0.994,-0.947,-0.98,5.711,4.497,10.438,10.354,10.348,10.422,10.363,10.313,5.447,4.663,10.43,10.343,5.737,5.35,10.409,10.357,EssenceCatalog/problems/csplib-prob010-SocialGolfers/params/1f2d6c330d665189bde478c2258b54e7.param
-0.997,-0.971,-0.896,-0.781,0.943,-0.968,-0.984,-0.998,0.972,-0.184,0.989,0.538,-0.99,-0.908,0.82,0.972,0.994,-0.607,0.991,0.994,-0.957,0.977,-0.996,-0.99,0.99,0.954,-0.996,-0.784,-0.926,0.953,-0.98,0.994,0.996,-0.987,0.898,0.977,0.99,0.824,-0.941,0.928,0.995,-0.856,-0.946,-0.992,0.984,0.965,-0.996,0.994,0.991,-0.959,-0.988,0.994,-0.901,0.998,-0.974,-0.869,0.813,0.683,-0.499,0.508,-0.969,-0.813,-0.938,0.972,-0.995,-0.994,-0.562,-0.952,-0.992,-0.975,-0.75,-0.914,0.613,0.988,0.996,-0.984,0.399,-0.98,0.632,0.951,-0.906,-0.73,0.835,-0.966,0.836,0.996,0.917,0.969,0.99,-0.962,0.995,0.968,-0.989,-0.994,0.767,-0.993,-0.994,0.991,-0.882,-0.894,6.935,5.258,10.42,10.436,10.458,10.432,10.425,10.392,6.305,5.462,10.438,10.434,6.556,6.542,10.472,10.425,EssenceCatalog/problems/csplib-prob010-SocialGolfers/params/4a700e35d542900dc461a1342aaa2fd6.param
-0.996,-0.983,-0.923,-0.718,0.979,-0.951,-0.973,-0.999,0.964,0.856,0.988,0.388,-0.985,-0.926,0.855,0.979,0.996,-0.588,0.99,0.994,-0.978,0.983,-0.996,-0.988,0.974,0.898,-0.995,-0.797,-0.88,0.971,-0.972,0.992,0.993,-0.992,0.791,0.963,0.983,0.778,-0.928,0.833,0.996,-0.628,-0.903,-0.991,0.987,0.774,-0.997,0.995,0.99,-0.92,-0.982,0.992,-0.917,0.998,-0.982,-0.862,-0.411,0.902,-0.549,0.467,-0.956,-0.788,-0.968,0.974,-0.995,-0.993,-0.11,-0.943,-0.994,-0.971,-0.542,-0.926,0.644,0.978,0.995,-0.96,-0.394,-0.956,0.784,0.97,-0.89,-0.834,0.857,-0.962,0.846,0.995,0.283,0.975,0.989,-0.921,0.993,0.95,-0.982,-0.99,0.246,-0.992,-0.995,0.99,-0.972,-0.958,5.707,4.722,10.416,10.302,10.328,10.326,10.313,10.303,5.541,4.889,10.41,10.309,5.803,5.591,10.392,10.342,EssenceCatalog/problems/csplib-prob010-SocialGolfers/params/abd42985b79f2fd946943ee67f661b0e.param
-0.996,-0.995,-0.94,-0.765,0.992,-0.918,-0.975,-0.999,0.945,0.993,0.991,0.578,-0.977,-0.966,0.944,0.964,0.999,-0.522,0.992,0.997,-0.995,0.976,-0.998,-0.976,0.976,0.925,-0.995,-0.912,-0.833,0.984,-0.971,0.994,0.987,-0.992,0.747,0.917,0.979,0.819,-0.959,0.393,0.998,-0.438,-0.876,-0.995,0.988,-0.469,-0.998,0.996,0.981,-0.872,-0.981,0.995,-0.965,0.999,-0.985,-0.921,-0.979,0.982,-0.8,0.675,-0.915,-0.888,-0.991,0.98,-0.997,-0.996,0.815,-0.97,-0.997,-0.972,-0.513,-0.973,0.834,0.948,0.997,-0.881,-0.916,-0.9,0.947,0.991,-0.867,-0.941,0.944,-0.965,0.914,0.995,-0.946,0.986,0.991,-0.882,0.993,0.843,-0.981,-0.982,-0.847,-0.993,-0.997,0.991,-0.995,-0.985,4.666,4.154,10.237,10.259,10.235,10.29,10.244,10.184,4.815,4.281,10.203,10.245,5.112,4.669,10.172,10.285,EssenceCatalog/problems/csplib-prob010-SocialGolfers/params/89e38311d4936fddf46e0386eb47ed7c.param
-0.998,-0.977,-0.922,-0.698,0.94,-0.964,-0.959,-0.999,0.947,0.712,0.989,0.569,-0.983,-0.917,0.876,0.982,0.995,-0.628,0.992,0.995,-0.973,0.992,-0.995,-0.987,0.957,0.817,-0.997,-0.812,-0.884,0.953,-0.969,0.994,0.995,-0.988,0.791,0.972,0.982,0.826,-0.953,0.891,0.995,-0.708,-0.873,-0.986,0.986,0.819,-0.998,0.997,0.987,-0.94,-0.988,0.993,-0.915,0.998,-0.978,-0.885,0.281,0.569,-0.664,0.545,-0.977,-0.766,-0.963,0.975,-0.994,-0.994,-0.676,-0.946,-0.994,-0.98,-0.505,-0.678,0.705,0.976,0.996,-0.964,0.413,-0.961,0.805,0.967,-0.913,-0.874,0.878,-0.938,0.841,0.997,0.608,0.846,0.988,-0.906,0.994,0.961,-0.987,-0.994,0.652,-0.99,-0.994,0.992,-0.903,-0.954,6.645,5.045,10.442,10.394,10.426,10.458,10.422,10.43,6.098,5.231,10.46,10.414,6.368,6.193,10.474,10.397,EssenceCatalog/problems/csplib-prob010-SocialGolfers/params/29a62a750aeb89cf827793f174032cc5.param
-0.998,-0.99,0.853,0.922,0.964,-0.894,0.886,-0.998,-0.993,0.895,0.986,0.72,0.925,-0.939,0.969,-0.567,0.991,-0.908,0.995,0.994,-0.991,0.659,-0.996,0.98,-0.932,-0.87,-0.998,-0.947,-0.676,0.851,0.243,0.997,0.987,0.975,0.861,0.79,0.974,0.953,-0.994,-0.93,0.991,-0.859,-0.84,-0.812,-0.985,0.636,-0.999,0.997,-0.994,-0.95,-0.987,0.993,-0.911,0.994,0.908,-0.984,0.946,0.904,-0.907,0.843,-0.974,-0.823,-0.984,0.972,-0.963,-0.996,0.58,-0.743,-0.99,-0.977,0.083,0.834,-0.021,-0.159,0.997,-0.968,0.948,-0.971,0.985,0.985,-0.912,-0.985,0.964,0.958,0.825,0.997,-0.95,-0.881,0.97,-0.76,0.994,-0.943,-0.99,-0.873,-0.195,-0.936,-0.993,0.992,-0.915,-0.977,3.622,2.673,3.563,7.801,8.907,8.591,9.19,9.768,3.655,3.093,3.684,7.809,4.08,3.453,4.467,7.999,EssenceCatalog/problems/csplib-prob010-SocialGolfers/params/ord20-6-9-4.param
-0.996,-0.988,-0.942,-0.701,0.984,-0.939,-0.965,-0.999,0.958,0.965,0.989,0.456,-0.979,-0.942,0.9,0.982,0.997,-0.59,0.991,0.996,-0.988,0.987,-0.997,-0.987,0.962,0.865,-0.995,-0.853,-0.857,0.975,-0.969,0.992,0.991,-0.994,0.753,0.956,0.98,0.793,-0.939,0.749,0.997,-0.488,-0.87,-0.992,0.99,0.343,-0.998,0.996,0.988,-0.898,-0.981,0.993,-0.94,0.998,-0.986,-0.868,-0.858,0.939,-0.65,0.562,-0.949,-0.82,-0.981,0.977,-0.995,-0.994,0.179,-0.95,-0.996,-0.973,-0.45,-0.921,0.726,0.967,0.996,-0.935,-0.627,-0.935,0.882,0.981,-0.888,-0.907,0.901,-0.96,0.88,0.995,-0.439,0.97,0.989,-0.897,0.993,0.936,-0.979,-0.988,-0.192,-0.991,-0.996,0.989,-0.986,-0.975,5.203,4.447,10.374,10.275,10.268,10.314,10.276,10.238,5.2,4.599,10.355,10.268,5.468,5.137,10.32,10.307,EssenceCatalog/problems/csplib-prob010-SocialGolfers/params/644352cad8969e3f33aad5251fe2b798.param
-0.998,-0.974,-0.913,-0.732,0.916,-0.968,-0.966,-0.998,0.951,0.455,0.99,0.621,-0.985,-0.91,0.867,0.98,0.994,-0.63,0.992,0.995,-0.967,0.99,-0.995,-0.988,0.97,0.861,-0.997,-0.818,-0.901,0.944,-0.973,0.994,0.996,-0.986,0.821,0.975,0.985,0.829,-0.957,0.911,0.995,-0.772,-0.889,-0.987,0.985,0.897,-0.997,0.996,0.987,-0.95,-0.99,0.993,-0.912,0.998,-0.974,-0.88,0.631,0.412,-0.655,0.555,-0.979,-0.782,-0.957,0.976,-0.994,-0.994,-0.753,-0.951,-0.994,-0.98,-0.594,-0.676,0.695,0.98,0.996,-0.973,0.6,-0.968,0.761,0.957,-0.915,-0.854,0.869,-0.938,0.838,0.997,0.793,0.834,0.988,-0.924,0.995,0.966,-0.988,-0.995,0.754,-0.99,-0.994,0.992,-0.851,-0.938,7.009,5.197,10.444,10.443,10.464,10.494,10.46,10.458,6.317,5.395,10.465,10.457,6.586,6.468,10.496,10.428,EssenceCatalog/problems/csplib-prob010-SocialGolfers/params/ca0e2f05d97fe34868da62ca4789fbe5.param
-0.999,-0.995,0.638,-0.929,0.974,-0.944,-0.997,-0.999,-0.674,0.55,0.995,0.969,-0.995,-0.974,0.971,-0.909,0.997,-0.83,0.993,0.999,-0.981,-0.794,-0.996,0.864,1.0,0.991,-0.998,-0.927,-0.919,0.991,-0.987,1.0,0.998,0.88,0.829,-0.557,0.989,0.741,-0.991,-0.738,0.997,-0.988,-0.913,-0.995,-0.66,0.965,-0.997,0.999,-0.903,-0.984,-0.993,0.998,-0.954,0.998,0.132,-0.993,0.989,0.189,-0.953,0.872,-0.948,-0.946,-0.985,0.987,-0.999,-0.997,-0.096,-0.995,-0.996,-0.978,-0.949,-0.977,0.96,0.978,0.999,-0.982,0.912,-0.991,0.954,0.996,-0.608,-0.904,0.957,-0.878,0.924,0.998,-0.715,0.865,0.996,-0.973,0.995,-0.731,-0.995,-0.995,-0.863,-0.997,-0.986,0.997,-0.914,-0.963,5.148,3.831,6.019,10.3,10.603,10.504,10.56,10.539,4.776,4.032,6.114,10.241,5.214,4.93,6.901,10.213,EssenceCatalog/problems/csplib-prob010-SocialGolfers/params/ce3e1a4bab2eaec09654c1f02c9dc09b.param
-0.997,-0.975,-0.899,-0.707,0.963,-0.96,-0.974,-0.998,0.961,0.383,0.988,0.48,-0.986,-0.903,0.83,0.975,0.995,-0.609,0.992,0.994,-0.966,0.979,-0.996,-0.988,0.979,0.913,-0.996,-0.79,-0.904,0.954,-0.973,0.993,0.995,-0.987,0.867,0.974,0.988,0.789,-0.934,0.9,0.996,-0.762,-0.93,-0.991,0.983,0.93,-0.997,0.995,0.989,-0.946,-0.986,0.993,-0.908,0.998,-0.973,-0.833,0.484,0.825,-0.442,0.493,-0.965,-0.787,-0.954,0.973,-0.994,-0.994,-0.461,-0.942,-0.994,-0.974,-0.638,-0.887,0.561,0.983,0.995,-0.979,0.19,-0.973,0.718,0.953,-0.906,-0.813,0.84,-0.952,0.839,0.996,0.814,0.97,0.989,-0.95,0.995,0.959,-0.985,-0.992,0.646,-0.992,-0.994,0.99,-0.94,-0.934,6.506,5.081,10.413,10.371,10.405,10.395,10.375,10.377,6.053,5.272,10.432,10.387,6.306,6.212,10.445,10.38,EssenceCatalog/problems/csplib-prob010-SocialGolfers/params/036033f6b8491cb6e8e893b57bb56ffd.param
-0.997,-0.971,-0.883,-0.746,0.932,-0.97,-0.982,-0.998,0.967,-0.416,0.99,0.566,-0.989,-0.902,0.816,0.97,0.994,-0.668,0.993,0.994,-0.956,0.976,-0.996,-0.989,0.987,0.947,-0.996,-0.792,-0.933,0.944,-0.977,0.994,0.996,-0.983,0.923,0.982,0.991,0.834,-0.946,0.944,0.996,-0.864,-0.955,-0.992,0.98,0.977,-0.997,0.994,0.989,-0.964,-0.989,0.994,-0.91,0.998,-0.967,-0.852,0.887,0.68,-0.446,0.489,-0.972,-0.823,-0.936,0.975,-0.995,-0.995,-0.646,-0.948,-0.993,-0.977,-0.766,-0.875,0.566,0.987,0.996,-0.988,0.556,-0.985,0.662,0.939,-0.92,-0.78,0.84,-0.954,0.854,0.996,0.952,0.962,0.99,-0.966,0.996,0.969,-0.99,-0.993,0.84,-0.993,-0.994,0.991,-0.867,-0.896,7.099,5.324,10.413,10.442,10.464,10.435,10.435,10.408,6.411,5.541,10.428,10.435,6.662,6.653,10.467,10.427,EssenceCatalog/problems/csplib-prob010-SocialGolfers/params/421a283d9ad4fcf5320462014a57593e.param
-0.997,-0.986,-0.951,-0.748,0.972,-0.953,-0.963,-0.999,0.957,0.965,0.99,0.559,-0.983,-0.945,0.914,0.984,0.997,-0.589,0.99,0.996,-0.987,0.992,-0.996,-0.988,0.961,0.842,-0.997,-0.856,-0.846,0.974,-0.971,0.993,0.992,-0.994,0.68,0.951,0.976,0.832,-0.951,0.75,0.997,-0.564,-0.818,-0.989,0.992,0.22,-0.998,0.997,0.989,-0.905,-0.984,0.993,-0.937,0.998,-0.989,-0.908,-0.797,0.812,-0.768,0.597,-0.966,-0.822,-0.98,0.977,-0.996,-0.994,-0.19,-0.959,-0.995,-0.977,-0.468,-0.863,0.805,0.967,0.997,-0.915,-0.367,-0.926,0.873,0.984,-0.89,-0.905,0.912,-0.965,0.865,0.996,-0.485,0.908,0.989,-0.862,0.993,0.944,-0.983,-0.992,-0.073,-0.991,-0.996,0.992,-0.97,-0.972,5.477,4.51,10.419,10.324,10.321,10.374,10.332,10.29,5.353,4.669,10.409,10.317,5.625,5.295,10.381,10.347,EssenceCatalog/problems/csplib-prob010-SocialGolfers/params/6d619e3f67c8291a5935a734fb06d5fb.param
-0.999,-0.993,-0.972,-0.877,0.902,-0.959,-0.973,-0.999,0.944,0.988,0.994,0.824,-0.986,-0.974,0.96,0.986,0.998,-0.737,0.993,0.998,-0.994,0.996,-0.997,-0.984,0.958,0.833,-0.998,-0.926,-0.86,0.979,-0.975,0.996,0.995,-0.992,0.611,0.924,0.971,0.883,-0.984,0.687,0.998,-0.588,-0.697,-0.988,0.993,-0.468,-0.999,0.999,0.984,-0.92,-0.992,0.995,-0.972,0.999,-0.99,-0.968,-0.902,0.183,-0.944,0.756,-0.98,-0.886,-0.991,0.984,-0.997,-0.997,-0.449,-0.979,-0.997,-0.987,-0.601,-0.743,0.939,0.958,0.998,-0.854,-0.057,-0.905,0.952,0.993,-0.91,-0.967,0.964,-0.97,0.913,0.998,-0.885,0.127,0.992,-0.774,0.995,0.942,-0.986,-0.995,-0.21,-0.992,-0.997,0.995,-0.917,-0.984,5.894,4.458,10.432,10.353,10.343,10.437,10.361,10.299,5.498,4.632,10.425,10.332,5.812,5.368,10.405,10.344,EssenceCatalog/problems/csplib-prob010-SocialGolfers/params/5a8e2cedbfdee71b649206f60aa4e2eb.param
-0.998,-0.97,-0.953,-0.92,0.733,-0.985,-0.992,-0.998,0.984,-0.182,0.991,0.81,-0.996,-0.94,0.889,0.975,0.993,-0.577,0.986,0.996,-0.965,0.991,-0.994,-0.994,0.997,0.975,-0.997,-0.827,-0.928,0.96,-0.991,0.996,0.997,-0.992,0.781,0.964,0.987,0.919,-0.971,0.915,0.994,-0.928,-0.883,-0.991,0.994,0.921,-0.996,0.997,0.995,-0.966,-0.992,0.994,-0.903,0.997,-0.989,-0.959,0.892,-0.707,-0.872,0.747,-0.986,-0.864,-0.942,0.977,-0.997,-0.993,-0.861,-0.982,-0.991,-0.982,-0.838,-0.888,0.884,0.99,0.998,-0.96,0.661,-0.97,0.434,0.97,-0.901,-0.554,0.874,-0.989,0.799,0.997,0.843,0.69,0.991,-0.924,0.995,0.981,-0.994,-0.997,0.75,-0.994,-0.99,0.996,-0.189,-0.808,7.882,5.423,10.453,10.494,10.467,10.482,10.462,10.398,6.722,5.633,10.467,10.471,7.014,7.046,10.505,10.432,EssenceCatalog/problems/csplib-prob010-SocialGolfers/params/c3d7f025cfcb1cc9c2991b0f5b24058e.param
-1.0,-0.997,-0.994,-0.994,-0.97,-0.993,-0.999,-1.0,0.988,-0.969,0.999,0.996,-0.996,-0.997,0.994,0.985,0.999,-0.989,0.999,1.0,-0.996,0.997,-0.999,-0.994,0.999,0.994,-1.0,-0.99,-0.992,0.968,-0.998,1.0,1.0,-0.982,0.992,0.996,0.996,0.993,-0.999,0.993,1.0,-0.991,-0.986,-0.999,0.995,0.995,-1.0,0.998,0.992,-0.997,-1.0,0.998,-0.994,1.0,-0.983,-0.994,0.995,-0.997,-0.994,0.978,-0.997,-0.99,-0.987,0.997,-0.998,-1.0,-0.991,-0.996,-0.999,-0.999,-0.982,0.432,0.993,0.995,0.999,-0.997,0.993,-0.997,0.985,0.987,-0.995,-0.993,0.993,-0.987,0.994,1.0,0.993,-0.984,0.999,-0.983,0.999,0.995,-0.998,-0.999,0.995,-0.998,-0.998,0.998,0.985,-0.914,9.579,5.775,10.425,10.423,10.42,10.525,10.55,10.501,7.571,6.081,10.397,10.362,8.059,7.841,10.396,10.448,EssenceCatalog/problems/csplib-prob010-SocialGolfers/params/e381b1b3aa90aa19a2a946b627657836.param
-0.999,-0.992,-0.973,-0.898,0.847,-0.963,-0.978,-0.999,0.943,0.985,0.995,0.87,-0.989,-0.975,0.962,0.986,0.998,-0.74,0.992,0.998,-0.993,0.996,-0.997,-0.983,0.967,0.862,-0.998,-0.931,-0.864,0.978,-0.979,0.996,0.995,-0.991,0.571,0.915,0.971,0.892,-0.986,0.658,0.998,-0.654,-0.659,-0.988,0.993,-0.424,-0.999,0.999,0.984,-0.928,-0.993,0.994,-0.972,0.999,-0.99,-0.971,-0.861,-0.174,-0.954,0.794,-0.981,-0.897,-0.991,0.984,-0.997,-0.997,-0.571,-0.983,-0.997,-0.988,-0.656,-0.719,0.949,0.961,0.998,-0.847,0.111,-0.909,0.944,0.993,-0.907,-0.963,0.965,-0.976,0.913,0.998,-0.875,-0.122,0.991,-0.766,0.995,0.944,-0.986,-0.996,-0.182,-0.992,-0.996,0.995,-0.864,-0.981,6.172,4.513,10.421,10.357,10.347,10.442,10.36,10.3,5.627,4.69,10.412,10.332,5.953,5.505,10.392,10.335,EssenceCatalog/problems/csplib-prob010-SocialGolfers/params/7a413e97287a03f789473cfd05a36b68.param
-0.996,-0.976,-0.895,-0.717,0.97,-0.959,-0.977,-0.998,0.964,0.409,0.988,0.443,-0.986,-0.908,0.826,0.973,0.995,-0.598,0.992,0.994,-0.967,0.977,-0.996,-0.988,0.982,0.927,-0.996,-0.782,-0.906,0.96,-0.975,0.993,0.995,-0.988,0.866,0.973,0.988,0.788,-0.931,0.893,0.996,-0.765,-0.933,-0.992,0.983,0.931,-0.997,0.994,0.989,-0.945,-0.985,0.993,-0.906,0.998,-0.974,-0.843,0.455,0.852,-0.432,0.458,-0.962,-0.796,-0.954,0.973,-0.995,-0.994,-0.347,-0.942,-0.993,-0.973,-0.648,-0.915,0.568,0.983,0.995,-0.979,0.076,-0.973,0.707,0.955,-0.902,-0.786,0.837,-0.957,0.836,0.995,0.791,0.978,0.989,-0.952,0.995,0.958,-0.985,-0.991,0.602,-0.992,-0.994,0.99,-0.948,-0.932,6.394,5.045,10.402,10.356,10.389,10.375,10.356,10.355,5.983,5.231,10.419,10.374,6.236,6.144,10.43,10.367,EssenceCatalog/problems/csplib-prob010-SocialGolfers/params/4bd4627d6fa0ca9a9ce2f6673c614f96.param
-0.996,-0.978,-0.893,-0.678,0.974,-0.956,-0.972,-0.998,0.958,0.591,0.988,0.42,-0.984,-0.907,0.832,0.974,0.995,-0.608,0.992,0.994,-0.97,0.978,-0.996,-0.987,0.976,0.902,-0.996,-0.785,-0.896,0.961,-0.972,0.993,0.994,-0.988,0.855,0.972,0.987,0.772,-0.926,0.88,0.996,-0.72,-0.926,-0.991,0.983,0.907,-0.997,0.995,0.988,-0.938,-0.984,0.993,-0.91,0.998,-0.974,-0.831,0.257,0.887,-0.41,0.453,-0.961,-0.779,-0.958,0.972,-0.995,-0.994,-0.319,-0.937,-0.994,-0.972,-0.593,-0.899,0.56,0.981,0.995,-0.976,-0.005,-0.97,0.754,0.96,-0.901,-0.827,0.841,-0.951,0.842,0.995,0.713,0.977,0.988,-0.946,0.994,0.953,-0.984,-0.991,0.544,-0.992,-0.995,0.99,-0.962,-0.947,6.218,4.965,10.395,10.323,10.36,10.352,10.331,10.341,5.877,5.148,10.409,10.345,6.132,6.002,10.411,10.343,EssenceCatalog/problems/csplib-prob010-SocialGolfers/params/5ba0e6507e85f40b60a32e1a882cb664.param
-0.996,-0.993,-0.948,-0.783,0.989,-0.939,-0.979,-0.999,0.961,0.986,0.991,0.514,-0.984,-0.959,0.925,0.974,0.998,-0.554,0.991,0.997,-0.992,0.983,-0.998,-0.985,0.976,0.91,-0.996,-0.882,-0.836,0.983,-0.973,0.993,0.99,-0.994,0.711,0.93,0.978,0.813,-0.953,0.603,0.998,-0.497,-0.867,-0.994,0.99,-0.136,-0.998,0.996,0.986,-0.881,-0.981,0.994,-0.957,0.999,-0.988,-0.92,-0.952,0.958,-0.767,0.613,-0.942,-0.869,-0.987,0.979,-0.997,-0.995,0.573,-0.965,-0.997,-0.973,-0.503,-0.961,0.828,0.963,0.997,-0.898,-0.855,-0.921,0.917,0.989,-0.873,-0.915,0.927,-0.972,0.896,0.995,-0.849,0.978,0.99,-0.869,0.993,0.907,-0.98,-0.988,-0.644,-0.993,-0.997,0.992,-0.991,-0.981,4.863,4.268,10.326,10.289,10.26,10.322,10.272,10.214,4.96,4.4,10.304,10.274,5.243,4.842,10.268,10.314,EssenceCatalog/problems/csplib-prob010-SocialGolfers/params/19bf5e6b852147bcdfa8aa5ada6308e9.param
-0.998,-0.989,-0.958,-0.769,0.964,-0.956,-0.959,-0.999,0.952,0.979,0.991,0.638,-0.982,-0.957,0.934,0.986,0.997,-0.63,0.991,0.997,-0.99,0.995,-0.997,-0.987,0.95,0.8,-0.997,-0.876,-0.84,0.975,-0.97,0.994,0.993,-0.994,0.653,0.949,0.974,0.857,-0.964,0.735,0.997,-0.548,-0.786,-0.988,0.992,-0.042,-0.998,0.998,0.988,-0.906,-0.986,0.994,-0.951,0.999,-0.99,-0.932,-0.853,0.731,-0.839,0.633,-0.972,-0.838,-0.984,0.98,-0.996,-0.995,-0.256,-0.965,-0.996,-0.981,-0.455,-0.801,0.863,0.962,0.997,-0.893,-0.307,-0.917,0.913,0.989,-0.9,-0.935,0.933,-0.964,0.883,0.997,-0.684,0.801,0.99,-0.829,0.994,0.942,-0.985,-0.993,-0.126,-0.991,-0.996,0.993,-0.965,-0.979,5.5,4.463,10.421,10.329,10.323,10.393,10.34,10.294,5.344,4.628,10.414,10.32,5.626,5.252,10.387,10.343,EssenceCatalog/problems/csplib-prob010-SocialGolfers/params/9bb3e2387a81e594cc1947d250a5dc8b.param
-0.998,-0.97,-0.954,-0.923,0.705,-0.985,-0.993,-0.998,0.987,-0.362,0.991,0.809,-0.996,-0.94,0.888,0.976,0.992,-0.588,0.987,0.996,-0.963,0.992,-0.995,-0.995,0.997,0.977,-0.997,-0.835,-0.934,0.956,-0.991,0.996,0.997,-0.993,0.806,0.97,0.989,0.924,-0.971,0.931,0.994,-0.938,-0.896,-0.991,0.995,0.938,-0.996,0.997,0.995,-0.968,-0.992,0.994,-0.902,0.998,-0.989,-0.962,0.921,-0.709,-0.87,0.757,-0.987,-0.867,-0.936,0.979,-0.998,-0.993,-0.866,-0.982,-0.991,-0.982,-0.856,-0.898,0.887,0.992,0.998,-0.965,0.682,-0.975,0.445,0.972,-0.905,-0.537,0.874,-0.989,0.809,0.998,0.883,0.7,0.992,-0.931,0.995,0.984,-0.994,-0.998,0.805,-0.995,-0.991,0.996,-0.156,-0.794,7.975,5.468,10.46,10.502,10.481,10.487,10.471,10.402,6.779,5.683,10.474,10.475,7.072,7.121,10.514,10.443,EssenceCatalog/problems/csplib-prob010-SocialGolfers/params/e0b8b92b193a8f395b981aee2383feb7.param
-0.999,-0.992,-0.971,-0.899,0.88,-0.96,-0.98,-0.999,0.946,0.986,0.994,0.855,-0.989,-0.972,0.958,0.982,0.998,-0.707,0.991,0.998,-0.993,0.995,-0.997,-0.982,0.971,0.882,-0.998,-0.924,-0.853,0.979,-0.98,0.996,0.994,-0.991,0.523,0.899,0.971,0.885,-0.985,0.614,0.998,-0.668,-0.642,-0.988,0.993,-0.468,-0.998,0.998,0.983,-0.918,-0.992,0.994,-0.969,0.999,-0.991,-0.971,-0.887,-0.005,-0.951,0.79,-0.978,-0.89,-0.991,0.982,-0.998,-0.997,-0.462,-0.984,-0.997,-0.986,-0.64,-0.794,0.949,0.96,0.998,-0.829,-0.08,-0.898,0.937,0.992,-0.892,-0.955,0.96,-0.978,0.908,0.997,-0.893,0.106,0.991,-0.756,0.994,0.939,-0.986,-0.995,-0.305,-0.993,-0.996,0.995,-0.896,-0.98,5.928,4.446,10.407,10.346,10.323,10.416,10.335,10.269,5.497,4.618,10.398,10.319,5.814,5.378,10.377,10.323,EssenceCatalog/problems/csplib-prob010-SocialGolfers/params/7df4156d92dd253e99939cd2b18a5683.param
-0.996,-0.978,-0.908,-0.722,0.972,-0.956,-0.975,-0.998,0.963,0.669,0.988,0.407,-0.986,-0.916,0.834,0.976,0.995,-0.59,0.99,0.994,-0.971,0.982,-0.996,-0.988,0.978,0.91,-0.996,-0.778,-0.892,0.965,-0.973,0.992,0.994,-0.99,0.82,0.968,0.984,0.779,-0.929,0.873,0.996,-0.709,-0.912,-0.991,0.986,0.876,-0.997,0.995,0.989,-0.934,-0.984,0.993,-0.907,0.998,-0.978,-0.859,0.119,0.851,-0.499,0.451,-0.963,-0.778,-0.959,0.972,-0.995,-0.993,-0.311,-0.941,-0.993,-0.972,-0.603,-0.91,0.612,0.981,0.995,-0.971,-0.073,-0.965,0.74,0.963,-0.895,-0.803,0.841,-0.959,0.831,0.995,0.629,0.971,0.989,-0.933,0.994,0.957,-0.984,-0.991,0.517,-0.992,-0.994,0.99,-0.954,-0.944,6.158,4.927,10.415,10.331,10.366,10.359,10.338,10.341,5.829,5.106,10.424,10.35,6.087,5.948,10.424,10.354,EssenceCatalog/problems/csplib-prob010-SocialGolfers/params/058c50897554d0a06256e0edb697fc87.param
-0.997,-0.993,-0.966,-0.861,0.976,-0.944,-0.98,-0.999,0.964,0.993,0.992,0.719,-0.987,-0.968,0.948,0.976,0.998,-0.57,0.989,0.998,-0.994,0.99,-0.997,-0.985,0.977,0.913,-0.996,-0.914,-0.818,0.983,-0.977,0.995,0.99,-0.995,0.593,0.885,0.973,0.858,-0.969,0.481,0.998,-0.568,-0.759,-0.993,0.994,-0.616,-0.998,0.998,0.986,-0.868,-0.985,0.994,-0.966,0.999,-0.993,-0.955,-0.972,0.842,-0.902,0.742,-0.956,-0.887,-0.991,0.979,-0.998,-0.996,0.381,-0.979,-0.997,-0.978,-0.568,-0.945,0.923,0.958,0.998,-0.799,-0.805,-0.876,0.936,0.993,-0.863,-0.937,0.95,-0.983,0.899,0.996,-0.949,0.904,0.99,-0.792,0.993,0.91,-0.983,-0.992,-0.73,-0.993,-0.996,0.994,-0.983,-0.982,4.95,4.219,10.337,10.317,10.272,10.35,10.285,10.215,4.981,4.358,10.319,10.289,5.272,4.838,10.287,10.32,EssenceCatalog/problems/csplib-prob010-SocialGolfers/params/474ae5f9832b42002137aaa107b3316d.param
-0.997,-0.844,-0.984,-0.937,-0.97,-0.924,-0.962,-0.995,0.961,-0.993,0.986,0.96,-0.9,-0.93,0.859,0.981,0.968,-0.927,0.985,0.991,-0.743,0.924,-0.978,-0.988,0.946,0.926,-0.893,-0.951,-0.972,-0.274,-0.896,0.852,0.979,-0.745,0.974,0.99,0.991,0.964,-0.993,0.989,0.988,-0.823,-0.969,-0.981,0.94,0.987,-0.992,-0.125,0.958,-0.984,-0.997,0.94,-0.952,0.997,-0.759,0.104,0.984,-0.988,-0.889,0.586,-0.854,-0.96,-0.662,0.96,-0.148,-0.993,-0.986,-0.941,-0.978,-0.993,-0.944,0.863,0.254,0.936,0.723,-0.985,0.986,-0.986,0.085,-0.841,-0.976,-0.874,0.906,-0.297,0.956,0.962,1.0,-0.943,0.965,-0.924,0.991,0.966,-0.839,-0.868,0.988,-0.823,-0.957,0.24,0.991,0.687,8.52,5.051,8.772,8.598,8.372,8.394,8.67,9.011,6.68,5.355,8.503,8.515,6.985,6.898,8.507,8.557,EssenceCatalog/problems/csplib-prob010-SocialGolfers/params/ord17-7-6-4.param
-0.998,-0.983,-0.949,-0.772,0.906,-0.967,-0.96,-0.999,0.944,0.898,0.991,0.679,-0.984,-0.941,0.915,0.986,0.995,-0.673,0.992,0.996,-0.982,0.995,-0.995,-0.987,0.957,0.807,-0.998,-0.85,-0.873,0.963,-0.972,0.994,0.995,-0.99,0.7,0.963,0.975,0.862,-0.969,0.856,0.996,-0.652,-0.798,-0.985,0.989,0.55,-0.998,0.997,0.987,-0.938,-0.989,0.993,-0.933,0.998,-0.983,-0.925,-0.162,0.19,-0.826,0.625,-0.979,-0.807,-0.975,0.978,-0.995,-0.995,-0.713,-0.961,-0.995,-0.982,-0.49,-0.615,0.824,0.971,0.997,-0.938,0.463,-0.944,0.857,0.979,-0.916,-0.911,0.917,-0.944,0.848,0.997,0.105,0.558,0.99,-0.864,0.994,0.96,-0.987,-0.995,0.536,-0.99,-0.994,0.993,-0.864,-0.965,6.634,4.917,10.471,10.411,10.434,10.491,10.443,10.436,6.026,5.1,10.477,10.424,6.314,6.048,10.484,10.407,EssenceCatalog/problems/csplib-prob010-SocialGolfers/params/30ed89ef8413cfab09a7650aff5ee0d1.param
-0.997,-0.975,-0.941,-0.867,0.927,-0.974,-0.986,-0.998,0.975,0.665,0.988,0.65,-0.993,-0.928,0.878,0.971,0.993,-0.481,0.983,0.995,-0.971,0.988,-0.994,-0.99,0.991,0.944,-0.996,-0.79,-0.874,0.97,-0.984,0.994,0.994,-0.992,0.631,0.94,0.98,0.87,-0.95,0.813,0.993,-0.844,-0.829,-0.988,0.993,0.724,-0.995,0.997,0.992,-0.932,-0.985,0.992,-0.89,0.997,-0.989,-0.942,0.284,0.076,-0.808,0.65,-0.975,-0.816,-0.958,0.971,-0.997,-0.99,-0.603,-0.973,-0.991,-0.975,-0.688,-0.912,0.838,0.983,0.997,-0.929,0.077,-0.942,0.564,0.976,-0.865,-0.627,0.855,-0.985,0.765,0.996,0.319,0.886,0.988,-0.878,0.992,0.963,-0.989,-0.996,0.318,-0.993,-0.991,0.994,-0.808,-0.903,6.577,4.961,10.424,10.403,10.391,10.408,10.373,10.325,5.995,5.128,10.437,10.401,6.257,6.149,10.448,10.379,EssenceCatalog/problems/csplib-prob010-SocialGolfers/params/a10e3f46f4564ed9fb7a1cb74f146ec6.param
-0.996,-0.989,-0.936,-0.747,0.985,-0.947,-0.975,-0.999,0.96,0.962,0.989,0.443,-0.984,-0.945,0.896,0.976,0.997,-0.567,0.99,0.996,-0.987,0.985,-0.997,-0.986,0.972,0.892,-0.996,-0.841,-0.85,0.979,-0.972,0.993,0.991,-0.993,0.721,0.945,0.98,0.798,-0.943,0.724,0.997,-0.566,-0.871,-0.992,0.989,0.387,-0.998,0.996,0.987,-0.899,-0.981,0.993,-0.937,0.998,-0.985,-0.902,-0.826,0.931,-0.684,0.535,-0.953,-0.833,-0.98,0.977,-0.996,-0.994,0.225,-0.957,-0.995,-0.973,-0.505,-0.94,0.757,0.971,0.997,-0.933,-0.657,-0.937,0.865,0.982,-0.882,-0.879,0.9,-0.965,0.868,0.995,-0.491,0.973,0.99,-0.889,0.993,0.931,-0.982,-0.99,-0.24,-0.993,-0.996,0.991,-0.984,-0.972,5.195,4.447,10.379,10.3,10.288,10.333,10.295,10.246,5.194,4.595,10.363,10.292,5.461,5.138,10.328,10.33,EssenceCatalog/problems/csplib-prob010-SocialGolfers/params/b081537c818f91947110e2c04ef59fc5.param
-0.996,-0.982,-0.913,-0.661,0.977,-0.95,-0.964,-0.999,0.952,0.859,0.988,0.413,-0.981,-0.919,0.863,0.978,0.996,-0.601,0.992,0.995,-0.979,0.985,-0.996,-0.986,0.963,0.858,-0.996,-0.812,-0.873,0.966,-0.969,0.993,0.993,-0.99,0.799,0.966,0.983,0.765,-0.932,0.839,0.996,-0.619,-0.893,-0.99,0.986,0.756,-0.997,0.996,0.987,-0.922,-0.983,0.993,-0.918,0.998,-0.979,-0.852,-0.332,0.904,-0.52,0.505,-0.961,-0.774,-0.97,0.974,-0.995,-0.994,-0.195,-0.939,-0.995,-0.972,-0.487,-0.878,0.643,0.975,0.996,-0.963,-0.187,-0.957,0.831,0.973,-0.898,-0.877,0.87,-0.947,0.855,0.996,0.285,0.966,0.988,-0.924,0.994,0.944,-0.983,-0.991,0.328,-0.991,-0.995,0.99,-0.974,-0.965,5.808,4.752,10.406,10.298,10.332,10.34,10.319,10.32,5.605,4.923,10.402,10.312,5.87,5.646,10.388,10.334,EssenceCatalog/problems/csplib-prob010-SocialGolfers/params/99f7b76e8ffc05d4d3298182cc21d4c1.param
-0.996,-0.979,-0.908,-0.669,0.974,-0.951,-0.966,-0.999,0.954,0.757,0.988,0.426,-0.982,-0.911,0.849,0.978,0.995,-0.607,0.992,0.994,-0.974,0.982,-0.996,-0.987,0.968,0.876,-0.996,-0.813,-0.889,0.96,-0.97,0.992,0.994,-0.989,0.831,0.97,0.985,0.76,-0.935,0.866,0.996,-0.651,-0.911,-0.991,0.984,0.855,-0.997,0.995,0.987,-0.932,-0.984,0.993,-0.915,0.998,-0.975,-0.82,-0.057,0.889,-0.458,0.481,-0.959,-0.782,-0.966,0.974,-0.994,-0.994,-0.298,-0.937,-0.994,-0.974,-0.538,-0.881,0.578,0.978,0.995,-0.972,-0.043,-0.965,0.793,0.96,-0.903,-0.864,0.859,-0.944,0.852,0.995,0.58,0.969,0.988,-0.938,0.994,0.951,-0.981,-0.99,0.457,-0.991,-0.995,0.989,-0.966,-0.957,6.057,4.878,10.412,10.315,10.352,10.353,10.333,10.351,5.774,5.059,10.417,10.336,6.032,5.855,10.411,10.346,EssenceCatalog/problems/csplib-prob010-SocialGolfers/params/c9901af69696f9c0c49b32402ef3876e.param
-0.998,-0.996,0.946,-0.733,0.99,-0.893,-0.987,-0.998,-0.949,0.714,0.994,0.942,-0.958,-0.965,0.968,-0.983,0.995,-0.822,0.996,0.998,-0.982,-0.954,-0.996,0.983,0.999,0.984,-0.998,-0.929,-0.815,0.989,-0.967,0.999,0.997,0.977,0.861,-0.765,0.982,0.492,-0.989,-0.915,0.997,-0.985,-0.928,-0.992,-0.968,0.975,-0.996,0.999,-0.99,-0.978,-0.989,0.998,-0.932,0.996,0.822,-0.992,0.992,0.899,-0.928,0.857,-0.906,-0.901,-0.982,0.979,-0.998,-0.995,0.732,-0.99,-0.995,-0.965,-0.928,-0.975,0.928,0.948,0.999,-0.989,0.932,-0.991,0.98,0.997,-0.561,-0.927,0.96,-0.027,0.914,0.998,-0.897,0.941,0.995,-0.982,0.994,-0.946,-0.996,-0.986,-0.951,-0.997,-0.986,0.996,-0.979,-0.973,4.364,3.438,5.044,10.141,10.565,10.441,10.569,10.599,4.233,3.67,5.113,10.114,4.768,4.379,6.036,10.096,EssenceCatalog/problems/csplib-prob010-SocialGolfers/params/69fe23b047501e014d73974222ae2ff3.param
-0.996,-0.99,-0.937,-0.745,0.987,-0.945,-0.976,-0.999,0.957,0.968,0.99,0.446,-0.985,-0.95,0.902,0.974,0.997,-0.583,0.99,0.996,-0.988,0.983,-0.997,-0.984,0.973,0.898,-0.996,-0.843,-0.852,0.981,-0.973,0.993,0.991,-0.993,0.727,0.941,0.98,0.805,-0.944,0.694,0.997,-0.543,-0.88,-0.993,0.988,0.347,-0.998,0.996,0.986,-0.9,-0.982,0.994,-0.943,0.998,-0.985,-0.906,-0.863,0.943,-0.697,0.538,-0.95,-0.827,-0.982,0.978,-0.997,-0.994,0.309,-0.959,-0.996,-0.973,-0.502,-0.947,0.765,0.97,0.996,-0.931,-0.727,-0.937,0.877,0.984,-0.879,-0.887,0.901,-0.967,0.877,0.995,-0.576,0.976,0.991,-0.888,0.993,0.92,-0.982,-0.989,-0.345,-0.994,-0.996,0.991,-0.987,-0.976,5.109,4.408,10.37,10.301,10.283,10.333,10.292,10.239,5.136,4.552,10.353,10.291,5.408,5.068,10.315,10.329,EssenceCatalog/problems/csplib-prob010-SocialGolfers/params/f761ce1cb7abf6a9e9a4318e64c1f528.param
-0.996,-0.984,-0.911,-0.636,0.983,-0.941,-0.961,-0.999,0.945,0.882,0.989,0.396,-0.978,-0.922,0.862,0.978,0.996,-0.61,0.993,0.995,-0.981,0.98,-0.997,-0.985,0.962,0.855,-0.995,-0.834,-0.883,0.967,-0.966,0.991,0.992,-0.989,0.831,0.967,0.985,0.745,-0.935,0.833,0.997,-0.563,-0.91,-0.992,0.983,0.77,-0.998,0.995,0.985,-0.924,-0.983,0.993,-0.928,0.998,-0.975,-0.8,-0.463,0.944,-0.448,0.468,-0.949,-0.795,-0.974,0.976,-0.994,-0.994,-0.044,-0.935,-0.995,-0.973,-0.481,-0.895,0.573,0.974,0.995,-0.967,-0.293,-0.961,0.852,0.967,-0.902,-0.898,0.875,-0.937,0.872,0.995,0.304,0.977,0.988,-0.936,0.995,0.938,-0.979,-0.988,0.224,-0.991,-0.996,0.987,-0.981,-0.969,5.645,4.697,10.384,10.263,10.294,10.298,10.285,10.302,5.511,4.87,10.372,10.279,5.775,5.534,10.353,10.308,EssenceCatalog/problems/csplib-prob010-SocialGolfers/params/8d1ccc8ee9820c0d895b09465e70b545.param
-0.996,-0.993,-0.94,-0.712,0.991,-0.926,-0.969,-0.999,0.947,0.988,0.99,0.503,-0.978,-0.958,0.928,0.973,0.998,-0.536,0.992,0.997,-0.994,0.981,-0.998,-0.98,0.969,0.892,-0.996,-0.899,-0.843,0.98,-0.968,0.994,0.989,-0.994,0.788,0.945,0.98,0.806,-0.948,0.592,0.998,-0.462,-0.884,-0.994,0.989,-0.224,-0.998,0.996,0.985,-0.88,-0.979,0.995,-0.961,0.999,-0.986,-0.901,-0.961,0.981,-0.714,0.633,-0.933,-0.861,-0.988,0.978,-0.996,-0.995,0.715,-0.959,-0.997,-0.973,-0.46,-0.958,0.805,0.956,0.997,-0.906,-0.881,-0.922,0.942,0.991,-0.874,-0.939,0.93,-0.965,0.908,0.995,-0.874,0.986,0.99,-0.888,0.993,0.887,-0.98,-0.984,-0.696,-0.993,-0.997,0.991,-0.995,-0.984,4.76,4.228,10.282,10.252,10.234,10.292,10.244,10.192,4.894,4.357,10.256,10.242,5.18,4.763,10.221,10.284,EssenceCatalog/problems/csplib-prob010-SocialGolfers/params/78dedec2f974995283ab615324a419fd.param
-1.0,-0.996,-0.994,-0.991,-0.974,-0.995,-0.998,-1.0,0.986,-0.958,0.999,0.995,-0.996,-0.997,0.993,0.99,0.999,-0.987,0.999,1.0,-0.996,0.998,-0.999,-0.995,0.998,0.989,-1.0,-0.988,-0.992,0.965,-0.997,1.0,1.0,-0.988,0.99,0.996,0.995,0.992,-0.999,0.993,1.0,-0.99,-0.983,-0.998,0.996,0.994,-1.0,0.998,0.993,-0.997,-1.0,0.998,-0.993,1.0,-0.984,-0.993,0.995,-0.998,-0.994,0.979,-0.997,-0.988,-0.987,0.997,-0.998,-1.0,-0.992,-0.995,-0.999,-0.999,-0.973,0.697,0.991,0.994,1.0,-0.997,0.994,-0.997,0.987,0.988,-0.996,-0.994,0.993,-0.983,0.993,1.0,0.991,-0.99,0.999,-0.979,0.999,0.995,-0.998,-1.0,0.996,-0.998,-0.998,0.998,0.985,-0.938,9.587,5.763,10.391,10.382,10.389,10.493,10.53,10.482,7.569,6.073,10.37,10.322,8.065,7.829,10.36,10.413,EssenceCatalog/problems/csplib-prob010-SocialGolfers/params/419ed48f9345291702b72f35e4306e0e.param
-1.0,-0.994,-0.994,-0.993,-0.973,-0.995,-0.999,-1.0,0.995,-0.989,0.999,0.991,-0.998,-0.995,0.985,0.985,0.998,-0.977,0.998,1.0,-0.99,0.997,-0.999,-0.998,0.999,0.996,-0.999,-0.98,-0.991,0.949,-0.998,0.999,1.0,-0.991,0.983,0.995,0.996,0.992,-0.998,0.993,0.999,-0.993,-0.985,-0.999,0.997,0.995,-0.999,0.997,0.997,-0.996,-1.0,0.998,-0.989,1.0,-0.994,-0.992,0.998,-0.998,-0.99,0.973,-0.998,-0.986,-0.97,0.996,-0.998,-1.0,-0.992,-0.996,-0.998,-0.998,-0.984,-0.183,0.992,0.996,1.0,-0.995,0.99,-0.996,0.913,0.98,-0.991,-0.963,0.987,-0.994,0.99,1.0,0.996,-0.965,0.999,-0.977,0.999,0.997,-0.999,-0.999,0.995,-0.998,-0.997,0.998,0.99,-0.649,9.531,5.788,10.453,10.456,10.431,10.527,10.537,10.484,7.543,6.081,10.406,10.395,8.008,7.85,10.43,10.472,EssenceCatalog/problems/csplib-prob010-SocialGolfers/params/bfddb53f0452a0a5409b773bcb4c5295.param
-0.998,-0.976,-0.935,-0.765,0.862,-0.972,-0.966,-0.999,0.949,0.625,0.99,0.701,-0.986,-0.928,0.893,0.984,0.994,-0.663,0.992,0.995,-0.973,0.994,-0.995,-0.988,0.968,0.848,-0.998,-0.829,-0.9,0.952,-0.975,0.995,0.996,-0.988,0.784,0.974,0.981,0.863,-0.965,0.912,0.995,-0.743,-0.852,-0.985,0.988,0.831,-0.997,0.997,0.989,-0.952,-0.99,0.993,-0.921,0.998,-0.98,-0.918,0.551,0.034,-0.776,0.616,-0.983,-0.783,-0.963,0.977,-0.995,-0.995,-0.815,-0.957,-0.994,-0.982,-0.555,-0.542,0.792,0.978,0.997,-0.964,0.689,-0.963,0.811,0.972,-0.925,-0.881,0.892,-0.946,0.844,0.997,0.674,0.598,0.989,-0.899,0.995,0.969,-0.99,-0.996,0.776,-0.99,-0.994,0.993,-0.766,-0.946,7.231,5.2,10.47,10.465,10.48,10.536,10.491,10.489,6.404,5.402,10.487,10.478,6.693,6.53,10.519,10.44,EssenceCatalog/problems/csplib-prob010-SocialGolfers/params/9e342449a8fe50d90c7d3b3c0fff3e4a.param
-0.998,-0.965,-0.936,-0.896,0.731,-0.984,-0.992,-0.998,0.985,-0.678,0.992,0.801,-0.996,-0.929,0.868,0.975,0.993,-0.636,0.99,0.995,-0.956,0.988,-0.995,-0.994,0.997,0.978,-0.997,-0.839,-0.949,0.945,-0.99,0.996,0.997,-0.99,0.898,0.979,0.992,0.916,-0.967,0.951,0.994,-0.94,-0.937,-0.993,0.993,0.975,-0.996,0.996,0.995,-0.976,-0.993,0.995,-0.908,0.998,-0.985,-0.939,0.964,-0.505,-0.787,0.71,-0.986,-0.867,-0.921,0.977,-0.997,-0.995,-0.876,-0.977,-0.991,-0.982,-0.862,-0.884,0.832,0.992,0.998,-0.981,0.777,-0.983,0.44,0.959,-0.915,-0.601,0.862,-0.985,0.843,0.998,0.962,0.826,0.991,-0.959,0.996,0.983,-0.994,-0.997,0.88,-0.994,-0.992,0.995,-0.253,-0.765,7.997,5.527,10.465,10.515,10.506,10.494,10.49,10.422,6.828,5.753,10.477,10.488,7.11,7.181,10.523,10.465,EssenceCatalog/problems/csplib-prob010-SocialGolfers/params/fb331d21b612d5a82c2b5d1afbc0b65a.param
-0.999,-0.989,-0.966,-0.835,0.909,-0.967,-0.967,-0.999,0.951,0.974,0.993,0.757,-0.985,-0.965,0.945,0.988,0.998,-0.704,0.992,0.997,-0.99,0.996,-0.996,-0.987,0.944,0.772,-0.998,-0.9,-0.858,0.974,-0.974,0.995,0.995,-0.993,0.626,0.949,0.972,0.879,-0.976,0.784,0.997,-0.602,-0.744,-0.986,0.993,-0.057,-0.998,0.998,0.988,-0.925,-0.99,0.994,-0.959,0.999,-0.991,-0.954,-0.771,0.266,-0.905,0.709,-0.981,-0.858,-0.985,0.983,-0.996,-0.996,-0.592,-0.97,-0.996,-0.985,-0.526,-0.653,0.902,0.964,0.998,-0.893,0.089,-0.923,0.927,0.991,-0.917,-0.947,0.945,-0.965,0.9,0.997,-0.68,0.333,0.991,-0.801,0.995,0.955,-0.987,-0.995,0.071,-0.991,-0.996,0.995,-0.913,-0.979,6.063,4.591,10.464,10.371,10.383,10.454,10.397,10.349,5.635,4.762,10.458,10.359,5.937,5.542,10.442,10.373,EssenceCatalog/problems/csplib-prob010-SocialGolfers/params/08328853c8610f30d5b729fe1236fe93.param
-0.998,-0.995,-0.962,-0.852,0.979,-0.942,-0.977,-0.999,0.947,0.995,0.994,0.743,-0.985,-0.976,0.96,0.974,0.999,-0.596,0.992,0.998,-0.996,0.99,-0.998,-0.979,0.972,0.895,-0.997,-0.934,-0.822,0.984,-0.973,0.996,0.99,-0.993,0.642,0.889,0.973,0.861,-0.977,0.408,0.998,-0.525,-0.774,-0.993,0.992,-0.731,-0.999,0.998,0.981,-0.872,-0.988,0.995,-0.975,0.999,-0.991,-0.962,-0.979,0.882,-0.922,0.745,-0.958,-0.899,-0.993,0.982,-0.998,-0.997,0.513,-0.98,-0.998,-0.981,-0.58,-0.934,0.934,0.949,0.998,-0.794,-0.813,-0.879,0.962,0.995,-0.878,-0.962,0.964,-0.978,0.915,0.997,-0.973,0.871,0.991,-0.797,0.994,0.88,-0.985,-0.991,-0.805,-0.993,-0.997,0.995,-0.987,-0.987,4.887,4.184,10.319,10.324,10.287,10.364,10.3,10.231,4.937,4.322,10.296,10.298,5.236,4.778,10.268,10.332,EssenceCatalog/problems/csplib-prob010-SocialGolfers/params/9487c32692e74a20f9545d1c18050d86.param
-0.996,-0.991,-0.944,-0.758,0.986,-0.942,-0.973,-0.999,0.958,0.98,0.99,0.513,-0.983,-0.951,0.917,0.976,0.998,-0.555,0.991,0.996,-0.99,0.986,-0.997,-0.985,0.972,0.893,-0.996,-0.868,-0.837,0.98,-0.973,0.993,0.99,-0.994,0.706,0.938,0.979,0.813,-0.947,0.652,0.997,-0.526,-0.854,-0.993,0.991,0.014,-0.998,0.997,0.987,-0.887,-0.981,0.994,-0.948,0.998,-0.988,-0.909,-0.921,0.944,-0.738,0.614,-0.949,-0.844,-0.984,0.978,-0.997,-0.994,0.389,-0.962,-0.996,-0.973,-0.477,-0.944,0.805,0.965,0.997,-0.91,-0.758,-0.922,0.901,0.987,-0.877,-0.909,0.918,-0.969,0.885,0.996,-0.751,0.972,0.99,-0.874,0.993,0.918,-0.981,-0.989,-0.468,-0.993,-0.996,0.992,-0.989,-0.978,4.995,4.328,10.346,10.286,10.261,10.323,10.274,10.216,5.05,4.468,10.328,10.273,5.328,4.951,10.29,10.307,EssenceCatalog/problems/csplib-prob010-SocialGolfers/params/35fe5710a105d8c081765a6890c3079a.param
-0.997,-0.975,-0.889,-0.702,0.967,-0.959,-0.976,-0.998,0.962,0.302,0.988,0.446,-0.985,-0.905,0.817,0.974,0.995,-0.62,0.992,0.994,-0.965,0.976,-0.996,-0.987,0.98,0.92,-0.996,-0.78,-0.91,0.957,-0.973,0.993,0.995,-0.987,0.88,0.976,0.988,0.788,-0.934,0.906,0.996,-0.764,-0.937,-0.992,0.981,0.944,-0.997,0.994,0.988,-0.948,-0.986,0.993,-0.907,0.998,-0.971,-0.829,0.561,0.848,-0.406,0.43,-0.963,-0.793,-0.951,0.973,-0.994,-0.994,-0.417,-0.938,-0.993,-0.973,-0.657,-0.898,0.53,0.983,0.995,-0.982,0.188,-0.976,0.71,0.949,-0.908,-0.803,0.833,-0.952,0.84,0.996,0.842,0.975,0.989,-0.954,0.995,0.96,-0.986,-0.991,0.668,-0.992,-0.994,0.989,-0.944,-0.931,6.507,5.092,10.388,10.35,10.384,10.367,10.353,10.355,6.056,5.285,10.405,10.368,6.306,6.226,10.421,10.357,EssenceCatalog/problems/csplib-prob010-SocialGolfers/params/04b4dd11bd15084303daaf8a7aa98aeb.param
-0.998,-0.991,-0.958,-0.818,0.957,-0.959,-0.969,-0.999,0.948,0.983,0.992,0.693,-0.985,-0.962,0.942,0.982,0.998,-0.626,0.991,0.997,-0.991,0.995,-0.997,-0.985,0.959,0.827,-0.998,-0.888,-0.837,0.978,-0.973,0.995,0.994,-0.993,0.606,0.934,0.973,0.857,-0.97,0.693,0.997,-0.592,-0.755,-0.988,0.992,-0.23,-0.998,0.998,0.986,-0.903,-0.987,0.994,-0.956,0.999,-0.99,-0.952,-0.872,0.667,-0.886,0.677,-0.975,-0.848,-0.987,0.981,-0.997,-0.996,-0.238,-0.972,-0.996,-0.982,-0.499,-0.816,0.899,0.961,0.998,-0.871,-0.276,-0.911,0.928,0.992,-0.896,-0.942,0.944,-0.969,0.886,0.997,-0.81,0.727,0.991,-0.81,0.994,0.935,-0.987,-0.994,-0.232,-0.992,-0.996,0.995,-0.963,-0.98,5.494,4.426,10.418,10.346,10.33,10.411,10.348,10.292,5.324,4.59,10.413,10.334,5.612,5.217,10.387,10.349,EssenceCatalog/problems/csplib-prob010-SocialGolfers/params/c8c1c8a344994bac7c3a9dd9f4d223aa.param
-0.996,-0.977,-0.905,-0.691,0.971,-0.956,-0.971,-0.998,0.96,0.634,0.988,0.445,-0.984,-0.908,0.841,0.977,0.995,-0.601,0.991,0.994,-0.971,0.981,-0.996,-0.988,0.974,0.896,-0.996,-0.791,-0.892,0.959,-0.972,0.992,0.994,-0.989,0.84,0.971,0.986,0.78,-0.93,0.878,0.996,-0.709,-0.917,-0.991,0.984,0.892,-0.997,0.995,0.989,-0.937,-0.985,0.993,-0.909,0.998,-0.976,-0.838,0.181,0.857,-0.458,0.484,-0.963,-0.778,-0.96,0.972,-0.994,-0.994,-0.374,-0.94,-0.994,-0.973,-0.576,-0.889,0.583,0.981,0.995,-0.974,0.016,-0.968,0.744,0.96,-0.902,-0.829,0.848,-0.952,0.841,0.995,0.685,0.971,0.988,-0.941,0.994,0.955,-0.984,-0.991,0.543,-0.992,-0.995,0.99,-0.956,-0.946,6.236,4.96,10.415,10.336,10.373,10.369,10.347,10.357,5.884,5.143,10.427,10.356,6.139,6.002,10.428,10.358,EssenceCatalog/problems/csplib-prob010-SocialGolfers/params/374e1b057d1b1b899c82f5a573ce9b94.param
-0.996,-0.975,-0.938,-0.85,0.943,-0.971,-0.985,-0.998,0.974,0.704,0.987,0.623,-0.993,-0.925,0.872,0.972,0.993,-0.488,0.985,0.995,-0.972,0.987,-0.994,-0.99,0.99,0.942,-0.996,-0.785,-0.876,0.97,-0.983,0.993,0.994,-0.992,0.672,0.942,0.981,0.858,-0.945,0.81,0.994,-0.823,-0.848,-0.989,0.992,0.754,-0.996,0.996,0.992,-0.932,-0.985,0.992,-0.895,0.997,-0.988,-0.93,0.189,0.292,-0.777,0.618,-0.972,-0.814,-0.959,0.971,-0.997,-0.991,-0.543,-0.97,-0.991,-0.974,-0.671,-0.92,0.807,0.983,0.997,-0.935,0.002,-0.947,0.576,0.974,-0.865,-0.649,0.854,-0.983,0.771,0.996,0.346,0.921,0.988,-0.893,0.992,0.96,-0.988,-0.995,0.288,-0.993,-0.991,0.994,-0.861,-0.911,6.418,4.93,10.434,10.402,10.398,10.413,10.377,10.336,5.921,5.093,10.448,10.404,6.179,6.062,10.453,10.391,EssenceCatalog/problems/csplib-prob010-SocialGolfers/params/565bdf39809323b6dddfb25827ab0ad1.param
-0.997,-0.996,-0.957,-0.798,0.989,-0.929,-0.973,-0.999,0.942,0.996,0.993,0.676,-0.98,-0.974,0.96,0.969,0.999,-0.551,0.992,0.998,-0.996,0.983,-0.998,-0.976,0.971,0.902,-0.996,-0.933,-0.82,0.985,-0.968,0.995,0.987,-0.992,0.709,0.906,0.976,0.861,-0.971,0.335,0.999,-0.447,-0.836,-0.995,0.99,-0.708,-0.998,0.997,0.98,-0.864,-0.985,0.995,-0.974,0.999,-0.989,-0.946,-0.986,0.959,-0.885,0.706,-0.934,-0.905,-0.993,0.982,-0.997,-0.996,0.763,-0.976,-0.998,-0.978,-0.532,-0.957,0.897,0.943,0.997,-0.823,-0.907,-0.885,0.961,0.994,-0.878,-0.958,0.96,-0.973,0.915,0.996,-0.973,0.96,0.991,-0.843,0.994,0.846,-0.982,-0.985,-0.878,-0.993,-0.997,0.992,-0.993,-0.988,4.701,4.134,10.257,10.285,10.258,10.319,10.269,10.204,4.825,4.264,10.223,10.264,5.127,4.664,10.195,10.305,EssenceCatalog/problems/csplib-prob010-SocialGolfers/params/4b4615272847cb1b3309940dc3457987.param
-0.997,-0.972,-0.897,-0.774,0.945,-0.968,-0.982,-0.998,0.97,0.067,0.988,0.526,-0.99,-0.909,0.822,0.973,0.994,-0.593,0.99,0.994,-0.959,0.981,-0.995,-0.989,0.988,0.942,-0.996,-0.769,-0.914,0.956,-0.979,0.994,0.996,-0.989,0.861,0.973,0.988,0.823,-0.938,0.916,0.995,-0.834,-0.93,-0.99,0.985,0.949,-0.996,0.995,0.991,-0.954,-0.987,0.993,-0.898,0.997,-0.977,-0.884,0.744,0.635,-0.537,0.498,-0.972,-0.791,-0.942,0.972,-0.995,-0.993,-0.578,-0.95,-0.992,-0.974,-0.712,-0.901,0.651,0.987,0.996,-0.979,0.34,-0.976,0.637,0.958,-0.899,-0.725,0.834,-0.968,0.823,0.996,0.866,0.959,0.989,-0.95,0.995,0.967,-0.989,-0.994,0.735,-0.993,-0.993,0.992,-0.885,-0.908,6.843,5.203,10.418,10.417,10.442,10.426,10.409,10.378,6.24,5.401,10.437,10.421,6.492,6.458,10.468,10.408,EssenceCatalog/problems/csplib-prob010-SocialGolfers/params/83f3da1efab87662c91d47283057a686.param
-0.996,-0.988,-0.936,-0.728,0.985,-0.946,-0.972,-0.999,0.962,0.957,0.988,0.432,-0.983,-0.942,0.892,0.978,0.997,-0.577,0.99,0.995,-0.986,0.985,-0.997,-0.987,0.971,0.888,-0.995,-0.834,-0.853,0.978,-0.972,0.992,0.991,-0.994,0.738,0.951,0.98,0.797,-0.936,0.739,0.997,-0.551,-0.878,-0.992,0.989,0.424,-0.997,0.996,0.989,-0.9,-0.981,0.993,-0.936,0.998,-0.986,-0.884,-0.82,0.936,-0.644,0.537,-0.951,-0.819,-0.978,0.976,-0.996,-0.993,0.194,-0.952,-0.995,-0.971,-0.469,-0.937,0.733,0.97,0.996,-0.936,-0.671,-0.938,0.852,0.981,-0.882,-0.879,0.891,-0.966,0.868,0.995,-0.413,0.976,0.989,-0.895,0.993,0.934,-0.981,-0.989,-0.2,-0.992,-0.996,0.991,-0.985,-0.971,5.207,4.459,10.372,10.281,10.273,10.313,10.278,10.233,5.205,4.609,10.355,10.273,5.47,5.156,10.32,10.313,EssenceCatalog/problems/csplib-prob010-SocialGolfers/params/8ae8e491cd0b5f474b299c14c5cfd1d7.param
-0.994,-0.951,0.715,0.968,0.929,-0.438,0.987,-0.995,-0.994,0.878,0.948,0.65,0.989,-0.878,0.934,0.293,0.987,-0.911,0.989,0.97,-0.97,0.476,-0.987,0.968,-0.995,-0.985,-0.956,-0.891,-0.626,0.361,0.924,0.905,0.852,0.982,0.911,0.926,0.929,0.951,-0.987,-0.87,0.978,0.006,-0.839,-0.746,-0.983,0.47,-0.997,0.853,-0.992,-0.927,-0.98,0.966,-0.928,0.991,0.955,-0.685,0.451,0.89,-0.734,0.086,-0.798,-0.793,-0.956,0.961,0.607,-0.99,0.655,-0.004,-0.983,-0.978,0.468,0.982,-0.842,-0.855,0.834,-0.938,0.873,-0.913,0.974,0.386,-0.953,-0.977,0.923,0.987,0.747,0.917,-0.472,-0.916,0.892,-0.648,0.984,-0.955,-0.805,0.52,0.431,-0.242,-0.989,0.501,-0.653,-0.872,2.986,2.216,2.738,6.145,6.923,6.379,7.352,8.938,3.143,2.654,2.755,6.178,3.354,2.779,3.395,6.345,EssenceCatalog/problems/csplib-prob010-SocialGolfers/params/ord28-3-6-6.param
-0.996,-0.979,-0.914,-0.697,0.971,-0.956,-0.969,-0.998,0.96,0.744,0.988,0.466,-0.984,-0.913,0.855,0.979,0.995,-0.591,0.991,0.994,-0.974,0.984,-0.996,-0.988,0.973,0.885,-0.996,-0.798,-0.882,0.961,-0.972,0.992,0.994,-0.99,0.811,0.969,0.985,0.788,-0.932,0.862,0.996,-0.683,-0.903,-0.99,0.986,0.847,-0.997,0.995,0.989,-0.932,-0.985,0.993,-0.912,0.998,-0.979,-0.849,-0.017,0.841,-0.513,0.505,-0.964,-0.776,-0.963,0.973,-0.995,-0.994,-0.37,-0.943,-0.994,-0.974,-0.544,-0.883,0.626,0.979,0.995,-0.968,-0.058,-0.962,0.76,0.965,-0.898,-0.837,0.855,-0.955,0.842,0.995,0.565,0.964,0.988,-0.93,0.994,0.954,-0.983,-0.991,0.461,-0.991,-0.995,0.99,-0.957,-0.952,6.123,4.897,10.431,10.34,10.373,10.376,10.351,10.358,5.807,5.074,10.437,10.356,6.065,5.9,10.433,10.366,EssenceCatalog/problems/csplib-prob010-SocialGolfers/params/9f2d0f79561b97d2c264737f477f08ce.param
-0.996,-0.994,-0.945,-0.766,0.99,-0.929,-0.975,-0.999,0.956,0.991,0.991,0.555,-0.98,-0.962,0.937,0.971,0.998,-0.54,0.991,0.997,-0.994,0.982,-0.998,-0.981,0.974,0.914,-0.995,-0.902,-0.829,0.983,-0.972,0.994,0.988,-0.994,0.73,0.925,0.979,0.823,-0.954,0.499,0.998,-0.463,-0.867,-0.994,0.99,-0.365,-0.998,0.996,0.985,-0.872,-0.98,0.994,-0.961,0.999,-0.988,-0.919,-0.972,0.974,-0.781,0.666,-0.929,-0.877,-0.989,0.979,-0.997,-0.995,0.718,-0.968,-0.997,-0.971,-0.489,-0.967,0.833,0.955,0.997,-0.884,-0.897,-0.905,0.935,0.991,-0.869,-0.932,0.936,-0.97,0.907,0.995,-0.918,0.983,0.99,-0.873,0.993,0.88,-0.98,-0.985,-0.768,-0.993,-0.997,0.992,-0.994,-0.984,4.739,4.196,10.275,10.266,10.24,10.3,10.251,10.192,4.87,4.325,10.247,10.25,5.16,4.733,10.213,10.291,EssenceCatalog/problems/csplib-prob010-SocialGolfers/params/fe47fbd8772b6b2cdb50e16c0d40c24a.param
-0.999,-0.998,0.9,-0.438,0.981,-0.894,-0.923,-0.999,-0.981,0.928,0.996,0.974,-0.763,-0.979,0.986,-0.969,0.998,-0.933,0.997,0.998,-0.994,-0.798,-0.998,0.992,0.991,0.945,-0.999,-0.965,-0.847,0.987,-0.915,1.0,0.997,0.991,0.865,-0.699,0.98,0.796,-0.997,-0.951,0.998,-0.977,-0.889,-0.986,-0.989,0.899,-0.998,0.999,-0.997,-0.981,-0.995,0.998,-0.964,0.998,0.88,-0.997,0.972,0.812,-0.981,0.937,-0.963,-0.915,-0.994,0.984,-0.998,-0.998,0.681,-0.989,-0.997,-0.985,-0.888,-0.843,0.957,0.849,1.0,-0.987,0.973,-0.987,0.992,0.998,-0.776,-0.987,0.984,0.64,0.947,0.999,-0.974,0.069,0.996,-0.968,0.996,-0.958,-0.997,-0.984,-0.91,-0.996,-0.992,0.998,-0.966,-0.987,4.473,3.37,4.853,10.04,10.545,10.433,10.589,10.661,4.265,3.638,4.941,9.994,4.831,4.373,5.87,10.014,EssenceCatalog/problems/csplib-prob010-SocialGolfers/params/8f0fd467ef1ad02639951cbeb820daaa.param
-0.996,-0.994,-0.948,-0.78,0.99,-0.937,-0.977,-0.999,0.958,0.99,0.991,0.552,-0.982,-0.962,0.935,0.971,0.998,-0.544,0.991,0.997,-0.994,0.983,-0.998,-0.983,0.974,0.909,-0.996,-0.897,-0.828,0.984,-0.973,0.994,0.989,-0.994,0.709,0.924,0.979,0.826,-0.956,0.528,0.998,-0.495,-0.861,-0.994,0.99,-0.325,-0.998,0.997,0.985,-0.875,-0.981,0.995,-0.961,0.999,-0.988,-0.927,-0.967,0.966,-0.794,0.652,-0.938,-0.88,-0.989,0.98,-0.997,-0.995,0.658,-0.969,-0.997,-0.974,-0.507,-0.963,0.845,0.958,0.997,-0.882,-0.882,-0.91,0.932,0.991,-0.87,-0.927,0.937,-0.973,0.903,0.996,-0.906,0.979,0.99,-0.864,0.993,0.893,-0.981,-0.987,-0.73,-0.993,-0.997,0.992,-0.993,-0.982,4.79,4.22,10.301,10.284,10.256,10.318,10.268,10.207,4.906,4.351,10.276,10.268,5.194,4.773,10.242,10.308,EssenceCatalog/problems/csplib-prob010-SocialGolfers/params/f37d01d5111df3f259d8d72ee0ae78f0.param
-0.996,-0.978,-0.906,-0.701,0.972,-0.957,-0.973,-0.998,0.963,0.665,0.988,0.409,-0.985,-0.912,0.837,0.977,0.995,-0.599,0.991,0.994,-0.972,0.982,-0.996,-0.988,0.976,0.902,-0.996,-0.785,-0.891,0.963,-0.973,0.992,0.994,-0.99,0.829,0.97,0.985,0.781,-0.929,0.875,0.996,-0.707,-0.914,-0.991,0.986,0.881,-0.997,0.995,0.989,-0.934,-0.984,0.993,-0.909,0.998,-0.978,-0.848,0.146,0.859,-0.474,0.461,-0.963,-0.783,-0.959,0.972,-0.995,-0.993,-0.335,-0.94,-0.993,-0.972,-0.589,-0.901,0.6,0.981,0.995,-0.972,-0.047,-0.966,0.736,0.962,-0.898,-0.812,0.84,-0.956,0.832,0.995,0.644,0.972,0.988,-0.936,0.994,0.957,-0.984,-0.991,0.512,-0.992,-0.994,0.99,-0.956,-0.945,6.172,4.934,10.41,10.327,10.363,10.357,10.337,10.341,5.841,5.114,10.421,10.347,6.097,5.958,10.42,10.35,EssenceCatalog/problems/csplib-prob010-SocialGolfers/params/5e7ed013887b42d07ebd2b2993420789.param
-0.998,-0.967,-0.947,-0.912,0.657,-0.985,-0.991,-0.998,0.982,-0.381,0.992,0.835,-0.996,-0.934,0.892,0.976,0.992,-0.6,0.988,0.996,-0.963,0.992,-0.994,-0.994,0.997,0.973,-0.997,-0.842,-0.934,0.946,-0.99,0.996,0.997,-0.991,0.815,0.971,0.989,0.923,-0.974,0.928,0.994,-0.932,-0.894,-0.991,0.994,0.942,-0.996,0.997,0.994,-0.971,-0.993,0.994,-0.905,0.998,-0.987,-0.956,0.934,-0.753,-0.869,0.762,-0.987,-0.863,-0.935,0.977,-0.997,-0.994,-0.895,-0.982,-0.991,-0.984,-0.836,-0.848,0.879,0.99,0.998,-0.969,0.785,-0.975,0.464,0.966,-0.911,-0.608,0.88,-0.985,0.819,0.998,0.901,0.618,0.991,-0.937,0.995,0.981,-0.994,-0.997,0.826,-0.994,-0.99,0.995,-0.08,-0.797,8.082,5.488,10.441,10.493,10.467,10.485,10.467,10.4,6.832,5.708,10.452,10.464,7.132,7.17,10.493,10.429,EssenceCatalog/problems/csplib-prob010-SocialGolfers/params/9ccc60038209f1d08598a4b11ae04fb0.param
-0.997,-0.975,-0.885,-0.724,0.963,-0.962,-0.978,-0.998,0.963,0.253,0.988,0.455,-0.987,-0.909,0.822,0.971,0.994,-0.607,0.992,0.994,-0.964,0.978,-0.996,-0.987,0.983,0.928,-0.996,-0.769,-0.91,0.959,-0.975,0.994,0.995,-0.987,0.87,0.974,0.987,0.792,-0.934,0.904,0.995,-0.794,-0.934,-0.991,0.981,0.944,-0.996,0.995,0.988,-0.95,-0.986,0.994,-0.905,0.998,-0.973,-0.859,0.611,0.807,-0.456,0.447,-0.967,-0.784,-0.95,0.973,-0.995,-0.994,-0.449,-0.944,-0.993,-0.974,-0.668,-0.901,0.585,0.984,0.996,-0.98,0.22,-0.975,0.71,0.957,-0.903,-0.781,0.834,-0.957,0.835,0.996,0.835,0.972,0.989,-0.952,0.995,0.959,-0.988,-0.992,0.682,-0.993,-0.994,0.991,-0.933,-0.929,6.582,5.117,10.398,10.376,10.407,10.393,10.375,10.365,6.096,5.31,10.417,10.389,6.349,6.278,10.438,10.378,EssenceCatalog/problems/csplib-prob010-SocialGolfers/params/9baf78ea23a568b60027bfb52b7b9295.param
-0.999,-0.986,-0.977,-0.918,0.397,-0.98,-0.982,-0.999,0.962,0.883,0.995,0.892,-0.992,-0.97,0.951,0.992,0.997,-0.806,0.993,0.998,-0.988,0.998,-0.996,-0.991,0.977,0.876,-0.998,-0.922,-0.908,0.967,-0.986,0.997,0.997,-0.993,0.71,0.963,0.976,0.92,-0.987,0.899,0.997,-0.783,-0.733,-0.985,0.995,0.454,-0.998,0.998,0.991,-0.959,-0.995,0.993,-0.958,0.999,-0.99,-0.97,0.084,-0.827,-0.95,0.822,-0.989,-0.9,-0.983,0.985,-0.997,-0.997,-0.909,-0.979,-0.996,-0.99,-0.686,-0.293,0.946,0.977,0.998,-0.932,0.786,-0.955,0.908,0.987,-0.939,-0.947,0.955,-0.973,0.906,0.998,-0.093,-0.662,0.993,-0.817,0.995,0.979,-0.99,-0.998,0.695,-0.991,-0.995,0.995,-0.214,-0.967,7.773,5.101,10.453,10.426,10.414,10.541,10.484,10.449,6.546,5.322,10.453,10.411,6.92,6.583,10.461,10.387,EssenceCatalog/problems/csplib-prob010-SocialGolfers/params/523d8ed27391f9e7e7e4ba10272e7d38.param
-0.997,-0.965,-0.924,-0.874,0.837,-0.982,-0.99,-0.998,0.981,-0.415,0.99,0.744,-0.995,-0.917,0.86,0.969,0.992,-0.541,0.988,0.995,-0.957,0.987,-0.994,-0.992,0.996,0.971,-0.997,-0.801,-0.93,0.951,-0.988,0.996,0.997,-0.99,0.847,0.97,0.989,0.898,-0.956,0.926,0.993,-0.924,-0.917,-0.991,0.992,0.955,-0.995,0.996,0.994,-0.967,-0.99,0.994,-0.889,0.997,-0.985,-0.938,0.924,-0.282,-0.762,0.682,-0.983,-0.833,-0.925,0.973,-0.997,-0.993,-0.807,-0.974,-0.99,-0.978,-0.806,-0.898,0.815,0.99,0.998,-0.974,0.647,-0.976,0.438,0.966,-0.899,-0.551,0.846,-0.984,0.809,0.997,0.911,0.88,0.99,-0.949,0.995,0.976,-0.993,-0.997,0.786,-0.994,-0.991,0.995,-0.523,-0.812,7.632,5.409,10.423,10.471,10.468,10.455,10.445,10.373,6.628,5.618,10.443,10.453,6.892,6.951,10.485,10.424,EssenceCatalog/problems/csplib-prob010-SocialGolfers/params/8469473d977ba92ddeb47ae613ba4c9a.param
-0.998,-0.989,-0.958,-0.815,0.938,-0.962,-0.967,-0.999,0.948,0.972,0.992,0.707,-0.985,-0.957,0.936,0.985,0.997,-0.648,0.991,0.997,-0.989,0.995,-0.996,-0.986,0.959,0.821,-0.998,-0.875,-0.846,0.975,-0.973,0.995,0.994,-0.993,0.617,0.943,0.972,0.858,-0.97,0.758,0.997,-0.6,-0.749,-0.987,0.992,0.027,-0.998,0.998,0.987,-0.916,-0.988,0.993,-0.95,0.999,-0.989,-0.945,-0.759,0.462,-0.876,0.662,-0.977,-0.837,-0.984,0.98,-0.996,-0.995,-0.481,-0.969,-0.996,-0.983,-0.497,-0.748,0.886,0.965,0.998,-0.893,0.013,-0.92,0.909,0.989,-0.902,-0.934,0.936,-0.965,0.874,0.997,-0.628,0.609,0.99,-0.819,0.994,0.947,-0.987,-0.995,0.056,-0.991,-0.996,0.994,-0.936,-0.976,5.872,4.57,10.451,10.367,10.369,10.436,10.38,10.335,5.548,4.735,10.443,10.36,5.837,5.47,10.428,10.371,EssenceCatalog/problems/csplib-prob010-SocialGolfers/params/884db77607f4c11d07599be2866f6487.param
-0.998,-0.99,-0.963,-0.801,0.939,-0.963,-0.96,-0.999,0.947,0.978,0.993,0.714,-0.983,-0.963,0.941,0.988,0.998,-0.684,0.993,0.997,-0.99,0.996,-0.997,-0.986,0.93,0.736,-0.998,-0.895,-0.855,0.974,-0.971,0.995,0.994,-0.993,0.65,0.953,0.973,0.873,-0.974,0.775,0.997,-0.57,-0.768,-0.986,0.992,-0.061,-0.998,0.998,0.987,-0.919,-0.989,0.994,-0.96,0.999,-0.99,-0.949,-0.82,0.534,-0.885,0.674,-0.979,-0.851,-0.986,0.983,-0.996,-0.996,-0.493,-0.966,-0.996,-0.984,-0.472,-0.671,0.88,0.959,0.998,-0.897,-0.028,-0.925,0.932,0.991,-0.92,-0.95,0.944,-0.958,0.903,0.997,-0.684,0.524,0.991,-0.807,0.995,0.953,-0.987,-0.994,0.04,-0.991,-0.996,0.994,-0.942,-0.981,5.837,4.544,10.451,10.351,10.364,10.437,10.382,10.337,5.525,4.712,10.446,10.342,5.82,5.426,10.428,10.362,EssenceCatalog/problems/csplib-prob010-SocialGolfers/params/108560d95a8d8ff872f4cb3ae32c35f8.param
-0.998,-0.989,-0.959,-0.806,0.942,-0.961,-0.964,-0.999,0.95,0.974,0.992,0.696,-0.984,-0.957,0.935,0.986,0.997,-0.65,0.991,0.997,-0.989,0.995,-0.996,-0.987,0.954,0.809,-0.997,-0.876,-0.847,0.974,-0.972,0.994,0.994,-0.993,0.627,0.947,0.972,0.859,-0.969,0.765,0.997,-0.582,-0.756,-0.987,0.992,0.021,-0.998,0.998,0.988,-0.915,-0.988,0.993,-0.95,0.999,-0.989,-0.941,-0.78,0.501,-0.869,0.658,-0.976,-0.837,-0.984,0.98,-0.996,-0.995,-0.47,-0.968,-0.996,-0.983,-0.483,-0.744,0.879,0.964,0.997,-0.895,-0.026,-0.92,0.91,0.989,-0.902,-0.935,0.936,-0.964,0.878,0.997,-0.622,0.628,0.99,-0.821,0.994,0.948,-0.986,-0.994,0.043,-0.991,-0.996,0.994,-0.94,-0.977,5.831,4.56,10.449,10.358,10.361,10.428,10.374,10.33,5.527,4.725,10.44,10.351,5.815,5.446,10.424,10.365,EssenceCatalog/problems/csplib-prob010-SocialGolfers/params/5a4ea5be289ddeeca1bf48bd467b5691.param
-0.996,-0.994,-0.951,-0.741,0.991,-0.921,-0.969,-0.999,0.949,0.992,0.991,0.561,-0.977,-0.964,0.939,0.976,0.998,-0.551,0.992,0.997,-0.995,0.983,-0.998,-0.982,0.968,0.897,-0.995,-0.912,-0.84,0.982,-0.968,0.993,0.987,-0.994,0.761,0.94,0.979,0.824,-0.957,0.529,0.998,-0.387,-0.873,-0.994,0.991,-0.405,-0.998,0.996,0.985,-0.876,-0.981,0.994,-0.965,0.999,-0.987,-0.905,-0.976,0.976,-0.778,0.655,-0.925,-0.885,-0.989,0.98,-0.996,-0.996,0.726,-0.965,-0.997,-0.974,-0.477,-0.96,0.817,0.95,0.996,-0.889,-0.895,-0.908,0.944,0.99,-0.88,-0.943,0.941,-0.966,0.912,0.995,-0.912,0.98,0.99,-0.877,0.993,0.881,-0.978,-0.982,-0.757,-0.992,-0.997,0.99,-0.994,-0.984,4.73,4.193,10.276,10.255,10.233,10.293,10.245,10.193,4.864,4.323,10.245,10.242,5.155,4.721,10.212,10.284,EssenceCatalog/problems/csplib-prob010-SocialGolfers/params/f809a2c96c5d255131c51cdd8e0a4076.param
-0.996,-0.989,-0.94,-0.751,0.985,-0.946,-0.975,-0.999,0.961,0.962,0.989,0.447,-0.984,-0.946,0.896,0.977,0.997,-0.571,0.99,0.996,-0.987,0.985,-0.997,-0.986,0.973,0.893,-0.996,-0.842,-0.852,0.979,-0.972,0.992,0.991,-0.993,0.72,0.945,0.98,0.797,-0.943,0.729,0.997,-0.552,-0.871,-0.992,0.989,0.393,-0.998,0.996,0.987,-0.9,-0.981,0.993,-0.938,0.998,-0.986,-0.898,-0.831,0.928,-0.687,0.536,-0.951,-0.834,-0.981,0.977,-0.996,-0.994,0.218,-0.957,-0.995,-0.973,-0.505,-0.941,0.756,0.971,0.996,-0.932,-0.666,-0.938,0.863,0.982,-0.884,-0.88,0.899,-0.966,0.868,0.995,-0.482,0.972,0.99,-0.888,0.993,0.932,-0.981,-0.989,-0.243,-0.993,-0.996,0.991,-0.984,-0.972,5.198,4.448,10.384,10.302,10.289,10.334,10.297,10.249,5.195,4.597,10.366,10.294,5.463,5.14,10.332,10.333,EssenceCatalog/problems/csplib-prob010-SocialGolfers/params/d28c4fd7ec059ff396081caeaf2a68b5.param
-0.996,-0.983,-0.911,-0.683,0.982,-0.948,-0.97,-0.999,0.959,0.85,0.988,0.398,-0.983,-0.923,0.854,0.976,0.996,-0.591,0.991,0.994,-0.978,0.98,-0.996,-0.986,0.972,0.887,-0.996,-0.798,-0.878,0.97,-0.971,0.992,0.993,-0.991,0.807,0.964,0.984,0.767,-0.927,0.826,0.996,-0.627,-0.908,-0.992,0.985,0.787,-0.997,0.995,0.988,-0.923,-0.983,0.993,-0.921,0.998,-0.98,-0.845,-0.379,0.923,-0.483,0.467,-0.955,-0.786,-0.969,0.974,-0.995,-0.994,-0.082,-0.94,-0.994,-0.972,-0.517,-0.919,0.617,0.977,0.995,-0.964,-0.369,-0.959,0.8,0.97,-0.892,-0.849,0.86,-0.958,0.852,0.995,0.302,0.98,0.988,-0.929,0.994,0.943,-0.981,-0.99,0.251,-0.992,-0.995,0.989,-0.976,-0.961,5.69,4.719,10.395,10.284,10.312,10.311,10.297,10.293,5.535,4.888,10.39,10.294,5.796,5.583,10.371,10.323,EssenceCatalog/problems/csplib-prob010-SocialGolfers/params/0446045ec2597ff87492b515d00f8f7c.param
-0.997,-0.976,-0.923,-0.75,0.95,-0.966,-0.971,-0.998,0.959,0.748,0.988,0.577,-0.987,-0.918,0.873,0.978,0.994,-0.562,0.99,0.995,-0.974,0.989,-0.995,-0.988,0.977,0.891,-0.997,-0.802,-0.878,0.961,-0.975,0.993,0.994,-0.991,0.743,0.96,0.982,0.829,-0.943,0.846,0.995,-0.74,-0.86,-0.988,0.989,0.787,-0.997,0.996,0.989,-0.934,-0.986,0.993,-0.905,0.998,-0.983,-0.896,0.139,0.597,-0.682,0.567,-0.973,-0.778,-0.962,0.972,-0.995,-0.993,-0.553,-0.955,-0.993,-0.975,-0.559,-0.842,0.74,0.979,0.996,-0.954,0.2,-0.954,0.734,0.972,-0.889,-0.809,0.861,-0.963,0.82,0.996,0.46,0.914,0.988,-0.912,0.994,0.956,-0.987,-0.994,0.461,-0.991,-0.994,0.992,-0.917,-0.943,6.401,4.957,10.446,10.405,10.423,10.448,10.404,10.39,5.945,5.128,10.459,10.419,6.206,6.048,10.467,10.407,EssenceCatalog/problems/csplib-prob010-SocialGolfers/params/8002ad949cdca6d104c07a72f7cc1e89.param
-0.996,-0.988,-0.936,-0.737,0.983,-0.947,-0.974,-0.999,0.96,0.95,0.989,0.424,-0.985,-0.942,0.885,0.978,0.997,-0.586,0.99,0.995,-0.985,0.985,-0.997,-0.986,0.971,0.887,-0.996,-0.825,-0.858,0.977,-0.972,0.992,0.992,-0.993,0.728,0.95,0.98,0.795,-0.939,0.76,0.997,-0.559,-0.877,-0.992,0.988,0.491,-0.998,0.996,0.988,-0.905,-0.982,0.993,-0.934,0.998,-0.985,-0.895,-0.774,0.92,-0.656,0.514,-0.955,-0.809,-0.978,0.977,-0.996,-0.994,0.11,-0.953,-0.995,-0.973,-0.504,-0.932,0.734,0.972,0.996,-0.941,-0.608,-0.941,0.853,0.981,-0.883,-0.872,0.888,-0.964,0.865,0.995,-0.335,0.97,0.99,-0.89,0.993,0.935,-0.982,-0.99,-0.086,-0.993,-0.996,0.991,-0.982,-0.971,5.313,4.508,10.394,10.299,10.296,10.33,10.299,10.257,5.273,4.661,10.378,10.292,5.538,5.238,10.347,10.333,EssenceCatalog/problems/csplib-prob010-SocialGolfers/params/284b921cf01904af3cb2fd68831cee90.param
-0.997,-0.979,-0.932,-0.724,0.941,-0.964,-0.96,-0.999,0.951,0.831,0.989,0.592,-0.984,-0.927,0.888,0.984,0.995,-0.621,0.991,0.995,-0.977,0.993,-0.995,-0.988,0.961,0.824,-0.997,-0.819,-0.874,0.96,-0.971,0.993,0.994,-0.991,0.742,0.967,0.979,0.829,-0.952,0.865,0.995,-0.676,-0.843,-0.986,0.989,0.715,-0.997,0.997,0.989,-0.933,-0.987,0.993,-0.921,0.998,-0.983,-0.897,0.004,0.545,-0.705,0.562,-0.977,-0.772,-0.968,0.975,-0.995,-0.994,-0.636,-0.951,-0.994,-0.979,-0.492,-0.709,0.762,0.974,0.996,-0.952,0.32,-0.951,0.823,0.975,-0.906,-0.879,0.886,-0.951,0.843,0.997,0.364,0.824,0.988,-0.89,0.994,0.958,-0.986,-0.994,0.544,-0.99,-0.994,0.992,-0.913,-0.959,6.457,4.943,10.457,10.392,10.422,10.459,10.415,10.417,5.97,5.12,10.469,10.412,6.241,6.029,10.474,10.4,EssenceCatalog/problems/csplib-prob010-SocialGolfers/params/8697673d6a9e8c70139ff4a658c48d60.param
-0.997,-0.972,-0.887,-0.738,0.943,-0.969,-0.98,-0.998,0.966,-0.177,0.99,0.553,-0.988,-0.903,0.824,0.972,0.994,-0.64,0.992,0.994,-0.958,0.978,-0.996,-0.989,0.985,0.936,-0.996,-0.791,-0.924,0.946,-0.976,0.994,0.996,-0.985,0.905,0.98,0.99,0.826,-0.944,0.93,0.996,-0.837,-0.947,-0.992,0.981,0.969,-0.997,0.994,0.989,-0.961,-0.989,0.994,-0.909,0.998,-0.969,-0.848,0.826,0.694,-0.457,0.484,-0.971,-0.813,-0.942,0.974,-0.994,-0.995,-0.627,-0.946,-0.993,-0.977,-0.73,-0.874,0.565,0.986,0.996,-0.986,0.47,-0.981,0.658,0.941,-0.916,-0.783,0.836,-0.954,0.842,0.996,0.93,0.961,0.99,-0.961,0.996,0.967,-0.989,-0.993,0.797,-0.992,-0.994,0.99,-0.886,-0.905,6.969,5.267,10.41,10.423,10.447,10.425,10.419,10.398,6.33,5.477,10.428,10.423,6.58,6.555,10.461,10.412,EssenceCatalog/problems/csplib-prob010-SocialGolfers/params/fb2905bed0b81423672bfcc7b6b11b45.param
-0.996,-0.984,-0.926,-0.735,0.975,-0.955,-0.974,-0.999,0.961,0.883,0.989,0.424,-0.986,-0.93,0.864,0.978,0.996,-0.581,0.99,0.995,-0.978,0.986,-0.996,-0.987,0.973,0.889,-0.996,-0.795,-0.866,0.972,-0.973,0.993,0.993,-0.992,0.74,0.956,0.98,0.791,-0.936,0.819,0.996,-0.637,-0.879,-0.99,0.988,0.695,-0.997,0.996,0.989,-0.916,-0.983,0.993,-0.918,0.998,-0.984,-0.893,-0.436,0.852,-0.625,0.501,-0.964,-0.778,-0.97,0.974,-0.996,-0.993,-0.202,-0.949,-0.994,-0.973,-0.537,-0.905,0.715,0.977,0.996,-0.953,-0.325,-0.95,0.798,0.976,-0.885,-0.836,0.863,-0.963,0.841,0.995,0.1,0.958,0.989,-0.9,0.993,0.948,-0.984,-0.992,0.239,-0.992,-0.995,0.991,-0.967,-0.962,5.732,4.701,10.421,10.322,10.342,10.352,10.331,10.305,5.541,4.864,10.415,10.325,5.804,5.577,10.399,10.355,EssenceCatalog/problems/csplib-prob010-SocialGolfers/params/ca98daa6b990fccd2c53f9d58e226fc7.param
-0.997,-0.971,-0.875,-0.767,0.93,-0.971,-0.983,-0.998,0.962,-0.462,0.991,0.617,-0.989,-0.901,0.823,0.964,0.994,-0.651,0.992,0.994,-0.953,0.972,-0.996,-0.987,0.989,0.951,-0.996,-0.798,-0.932,0.94,-0.978,0.995,0.997,-0.979,0.922,0.979,0.992,0.837,-0.951,0.935,0.996,-0.88,-0.954,-0.992,0.976,0.978,-0.997,0.994,0.986,-0.968,-0.99,0.995,-0.911,0.998,-0.962,-0.858,0.9,0.646,-0.489,0.536,-0.973,-0.828,-0.938,0.975,-0.995,-0.995,-0.665,-0.954,-0.993,-0.979,-0.778,-0.877,0.553,0.988,0.996,-0.988,0.603,-0.985,0.646,0.938,-0.917,-0.769,0.84,-0.954,0.849,0.997,0.953,0.961,0.991,-0.968,0.996,0.964,-0.991,-0.994,0.827,-0.993,-0.994,0.991,-0.85,-0.883,7.157,5.341,10.412,10.459,10.476,10.449,10.45,10.416,6.442,5.557,10.428,10.448,6.692,6.691,10.471,10.44,EssenceCatalog/problems/csplib-prob010-SocialGolfers/params/5e75c1f89a82d652f50fe5e720e72461.param
-0.998,-0.989,-0.964,-0.804,0.922,-0.966,-0.961,-0.999,0.951,0.973,0.993,0.711,-0.983,-0.962,0.937,0.99,0.997,-0.698,0.993,0.997,-0.99,0.997,-0.996,-0.988,0.928,0.726,-0.998,-0.892,-0.859,0.972,-0.972,0.995,0.994,-0.993,0.654,0.957,0.973,0.872,-0.973,0.81,0.997,-0.567,-0.769,-0.985,0.992,0.055,-0.998,0.998,0.988,-0.923,-0.989,0.994,-0.958,0.999,-0.99,-0.946,-0.772,0.416,-0.881,0.677,-0.98,-0.847,-0.985,0.983,-0.996,-0.996,-0.596,-0.965,-0.996,-0.984,-0.472,-0.623,0.879,0.961,0.998,-0.904,0.071,-0.928,0.926,0.989,-0.921,-0.949,0.941,-0.958,0.901,0.997,-0.597,0.434,0.99,-0.811,0.995,0.959,-0.986,-0.994,0.164,-0.99,-0.996,0.994,-0.925,-0.979,6.02,4.607,10.463,10.352,10.375,10.441,10.392,10.354,5.628,4.778,10.458,10.345,5.926,5.541,10.44,10.365,EssenceCatalog/problems/csplib-prob010-SocialGolfers/params/62d0a4ced41f8b0d6b6a1fe7e3da949d.param
-0.996,-0.98,-0.908,-0.666,0.974,-0.953,-0.966,-0.999,0.954,0.794,0.988,0.426,-0.982,-0.915,0.856,0.978,0.995,-0.601,0.992,0.994,-0.976,0.984,-0.996,-0.987,0.966,0.866,-0.996,-0.804,-0.879,0.963,-0.969,0.993,0.994,-0.99,0.811,0.968,0.984,0.768,-0.931,0.857,0.996,-0.657,-0.9,-0.99,0.985,0.815,-0.997,0.996,0.988,-0.928,-0.984,0.993,-0.913,0.998,-0.978,-0.848,-0.114,0.885,-0.499,0.499,-0.964,-0.77,-0.966,0.974,-0.995,-0.994,-0.287,-0.938,-0.994,-0.973,-0.515,-0.869,0.627,0.977,0.996,-0.967,-0.069,-0.962,0.81,0.969,-0.9,-0.864,0.861,-0.947,0.849,0.996,0.458,0.964,0.988,-0.929,0.994,0.948,-0.984,-0.992,0.433,-0.991,-0.995,0.99,-0.967,-0.96,6.002,4.843,10.411,10.316,10.352,10.358,10.335,10.342,5.731,5.019,10.415,10.334,5.993,5.801,10.408,10.346,EssenceCatalog/problems/csplib-prob010-SocialGolfers/params/bf8dd5af3710c51d91516ae8a74a238f.param
-0.999,-0.99,-0.972,-0.878,0.804,-0.97,-0.973,-0.999,0.95,0.973,0.994,0.845,-0.987,-0.971,0.956,0.99,0.998,-0.766,0.993,0.998,-0.992,0.997,-0.996,-0.987,0.955,0.813,-0.998,-0.917,-0.875,0.974,-0.978,0.996,0.996,-0.993,0.63,0.946,0.972,0.896,-0.983,0.791,0.997,-0.652,-0.704,-0.986,0.994,-0.073,-0.999,0.998,0.987,-0.937,-0.993,0.994,-0.966,0.999,-0.991,-0.966,-0.713,-0.249,-0.939,0.772,-0.984,-0.883,-0.988,0.985,-0.997,-0.997,-0.726,-0.976,-0.997,-0.988,-0.599,-0.552,0.932,0.965,0.998,-0.891,0.364,-0.928,0.936,0.991,-0.924,-0.959,0.957,-0.969,0.911,0.998,-0.702,-0.22,0.991,-0.788,0.995,0.96,-0.988,-0.996,0.193,-0.991,-0.996,0.995,-0.814,-0.98,6.565,4.681,10.457,10.381,10.393,10.481,10.417,10.368,5.874,4.869,10.453,10.366,6.2,5.782,10.439,10.367,EssenceCatalog/problems/csplib-prob010-SocialGolfers/params/dfdf0718b09c170157b79eb142b9aacc.param
-0.997,-0.976,-0.908,-0.735,0.961,-0.961,-0.977,-0.998,0.966,0.502,0.988,0.446,-0.987,-0.912,0.828,0.977,0.994,-0.598,0.99,0.994,-0.966,0.983,-0.996,-0.989,0.98,0.917,-0.996,-0.776,-0.897,0.961,-0.975,0.993,0.995,-0.99,0.83,0.971,0.985,0.797,-0.934,0.894,0.995,-0.757,-0.915,-0.99,0.986,0.905,-0.996,0.995,0.99,-0.941,-0.985,0.993,-0.901,0.998,-0.978,-0.871,0.402,0.77,-0.525,0.468,-0.968,-0.776,-0.953,0.972,-0.995,-0.993,-0.462,-0.944,-0.993,-0.973,-0.636,-0.893,0.632,0.983,0.996,-0.974,0.116,-0.968,0.708,0.962,-0.897,-0.78,0.836,-0.961,0.826,0.996,0.741,0.962,0.989,-0.936,0.994,0.963,-0.986,-0.993,0.634,-0.992,-0.994,0.991,-0.931,-0.933,6.452,5.045,10.424,10.369,10.403,10.395,10.371,10.368,6.008,5.23,10.441,10.386,6.263,6.162,10.453,10.379,EssenceCatalog/problems/csplib-prob010-SocialGolfers/params/850e8da2959c057e44844f57e58920d4.param
-1.0,-0.993,-0.993,-0.993,-0.976,-0.995,-0.999,-1.0,0.994,-0.989,0.999,0.993,-0.998,-0.995,0.987,0.984,0.998,-0.978,0.998,1.0,-0.991,0.996,-0.999,-0.997,1.0,0.996,-0.999,-0.981,-0.991,0.944,-0.998,0.999,1.0,-0.987,0.984,0.995,0.996,0.992,-0.998,0.991,0.999,-0.992,-0.983,-0.999,0.997,0.995,-0.999,0.997,0.996,-0.996,-1.0,0.998,-0.99,1.0,-0.991,-0.992,0.997,-0.998,-0.992,0.975,-0.998,-0.986,-0.971,0.996,-0.997,-1.0,-0.992,-0.996,-0.998,-0.998,-0.985,-0.079,0.993,0.996,0.999,-0.995,0.992,-0.996,0.925,0.977,-0.992,-0.969,0.989,-0.992,0.99,1.0,0.996,-0.973,0.998,-0.979,0.999,0.996,-0.998,-0.999,0.995,-0.998,-0.997,0.998,0.992,-0.637,9.54,5.783,10.437,10.441,10.418,10.515,10.529,10.476,7.544,6.078,10.392,10.378,8.012,7.847,10.413,10.458,EssenceCatalog/problems/csplib-prob010-SocialGolfers/params/1b785e1a5614155441b21ad9d1ae3d7a.param
-0.997,-0.976,-0.897,-0.697,0.967,-0.957,-0.972,-0.998,0.959,0.481,0.988,0.474,-0.985,-0.903,0.834,0.975,0.995,-0.607,0.992,0.994,-0.968,0.978,-0.996,-0.988,0.978,0.908,-0.996,-0.8,-0.903,0.954,-0.972,0.992,0.995,-0.987,0.862,0.973,0.988,0.774,-0.935,0.892,0.996,-0.738,-0.928,-0.991,0.982,0.923,-0.997,0.994,0.988,-0.944,-0.986,0.993,-0.909,0.998,-0.972,-0.817,0.392,0.849,-0.427,0.48,-0.962,-0.79,-0.958,0.973,-0.994,-0.994,-0.415,-0.94,-0.994,-0.974,-0.622,-0.888,0.545,0.982,0.995,-0.979,0.162,-0.973,0.735,0.95,-0.905,-0.829,0.844,-0.948,0.844,0.995,0.789,0.971,0.988,-0.951,0.995,0.956,-0.984,-0.991,0.603,-0.991,-0.994,0.989,-0.949,-0.94,6.409,5.041,10.408,10.357,10.39,10.384,10.362,10.374,5.996,5.23,10.424,10.378,6.249,6.137,10.434,10.37,EssenceCatalog/problems/csplib-prob010-SocialGolfers/params/6aa553a066d64851fa907712eea34a83.param
-0.997,-0.977,-0.883,-0.625,0.969,-0.952,-0.963,-0.999,0.937,0.382,0.99,0.446,-0.978,-0.905,0.821,0.974,0.995,-0.668,0.994,0.994,-0.967,0.976,-0.997,-0.985,0.962,0.868,-0.995,-0.805,-0.913,0.949,-0.965,0.993,0.995,-0.98,0.9,0.979,0.99,0.765,-0.946,0.911,0.997,-0.705,-0.944,-0.992,0.969,0.943,-0.998,0.994,0.982,-0.952,-0.989,0.994,-0.92,0.998,-0.955,-0.766,0.468,0.901,-0.365,0.419,-0.959,-0.794,-0.961,0.977,-0.992,-0.995,-0.44,-0.928,-0.995,-0.978,-0.604,-0.824,0.392,0.98,0.994,-0.985,0.29,-0.979,0.793,0.935,-0.923,-0.883,0.849,-0.908,0.867,0.995,0.866,0.971,0.989,-0.957,0.996,0.949,-0.983,-0.989,0.699,-0.99,-0.995,0.986,-0.955,-0.944,6.47,5.073,10.363,10.311,10.353,10.34,10.335,10.368,6.043,5.274,10.376,10.336,6.294,6.176,10.389,10.325,EssenceCatalog/problems/csplib-prob010-SocialGolfers/params/740238fb994a878f582d5f39dd9b694d.param
-0.998,-0.997,0.956,-0.214,0.979,-0.876,-0.865,-0.998,-0.988,0.92,0.993,0.957,-0.564,-0.97,0.98,-0.986,0.995,-0.895,0.996,0.997,-0.99,-0.894,-0.996,0.995,0.988,0.933,-0.999,-0.954,-0.732,0.981,-0.886,1.0,0.995,0.994,0.82,-0.799,0.969,0.703,-0.995,-0.971,0.997,-0.98,-0.852,-0.976,-0.992,0.908,-0.997,0.999,-0.998,-0.974,-0.99,0.997,-0.936,0.996,0.927,-0.996,0.985,0.866,-0.973,0.926,-0.946,-0.887,-0.99,0.972,-0.998,-0.996,0.805,-0.983,-0.995,-0.974,-0.862,-0.852,0.946,0.793,0.999,-0.981,0.974,-0.984,0.989,0.998,-0.65,-0.979,0.977,0.751,0.917,0.999,-0.982,0.229,0.994,-0.96,0.993,-0.981,-0.997,-0.979,-0.942,-0.994,-0.987,0.997,-0.968,-0.981,4.259,3.257,4.594,9.876,10.411,10.288,10.449,10.537,4.099,3.524,4.688,9.846,4.681,4.217,5.618,9.859,EssenceCatalog/problems/csplib-prob010-SocialGolfers/params/5ea04a0f541b85fe3595b1f7a6fbb1ed.param
-0.996,-0.993,-0.949,-0.788,0.989,-0.936,-0.98,-0.999,0.961,0.988,0.991,0.535,-0.984,-0.961,0.928,0.972,0.998,-0.542,0.99,0.997,-0.993,0.982,-0.998,-0.984,0.978,0.917,-0.996,-0.887,-0.837,0.984,-0.974,0.994,0.989,-0.994,0.711,0.924,0.979,0.813,-0.953,0.569,0.998,-0.497,-0.866,-0.994,0.99,-0.194,-0.998,0.996,0.985,-0.879,-0.981,0.994,-0.958,0.999,-0.988,-0.92,-0.959,0.963,-0.775,0.632,-0.936,-0.875,-0.988,0.979,-0.997,-0.995,0.624,-0.967,-0.997,-0.973,-0.513,-0.966,0.831,0.962,0.997,-0.893,-0.87,-0.918,0.92,0.989,-0.87,-0.918,0.931,-0.974,0.898,0.995,-0.873,0.981,0.99,-0.87,0.993,0.9,-0.98,-0.987,-0.689,-0.994,-0.997,0.992,-0.992,-0.98,4.827,4.249,10.316,10.289,10.26,10.322,10.271,10.212,4.935,4.379,10.293,10.274,5.22,4.812,10.258,10.315,EssenceCatalog/problems/csplib-prob010-SocialGolfers/params/f2f2d7750a887b848787d2be4c9c5346.param
-0.998,-0.973,-0.903,-0.715,0.897,-0.971,-0.963,-0.999,0.939,0.217,0.991,0.657,-0.983,-0.911,0.868,0.977,0.994,-0.67,0.993,0.995,-0.965,0.991,-0.995,-0.985,0.965,0.846,-0.998,-0.817,-0.911,0.938,-0.972,0.995,0.996,-0.981,0.856,0.979,0.987,0.847,-0.964,0.925,0.995,-0.802,-0.904,-0.987,0.978,0.928,-0.998,0.996,0.984,-0.959,-0.991,0.994,-0.917,0.998,-0.966,-0.888,0.782,0.346,-0.677,0.562,-0.982,-0.782,-0.956,0.979,-0.994,-0.995,-0.803,-0.952,-0.994,-0.982,-0.611,-0.561,0.672,0.981,0.997,-0.979,0.719,-0.974,0.772,0.952,-0.926,-0.867,0.874,-0.918,0.848,0.997,0.865,0.79,0.989,-0.93,0.996,0.965,-0.99,-0.995,0.828,-0.99,-0.994,0.992,-0.806,-0.933,7.233,5.274,10.422,10.441,10.465,10.495,10.471,10.463,6.447,5.485,10.446,10.448,6.722,6.616,10.483,10.422,EssenceCatalog/problems/csplib-prob010-SocialGolfers/params/ef3593821cdedb499b8f11bf7f0cb732.param
-0.998,-0.989,-0.968,-0.862,0.891,-0.963,-0.973,-0.999,0.951,0.976,0.993,0.792,-0.987,-0.964,0.947,0.986,0.997,-0.694,0.991,0.997,-0.991,0.996,-0.996,-0.987,0.963,0.843,-0.998,-0.899,-0.852,0.975,-0.976,0.995,0.994,-0.993,0.571,0.935,0.971,0.877,-0.979,0.742,0.997,-0.636,-0.69,-0.986,0.993,-0.172,-0.998,0.998,0.987,-0.923,-0.99,0.993,-0.958,0.999,-0.99,-0.959,-0.79,0.049,-0.923,0.733,-0.979,-0.864,-0.987,0.981,-0.997,-0.996,-0.593,-0.977,-0.996,-0.985,-0.564,-0.724,0.921,0.963,0.998,-0.87,0.12,-0.911,0.917,0.989,-0.902,-0.944,0.948,-0.971,0.886,0.997,-0.731,0.237,0.99,-0.785,0.994,0.952,-0.987,-0.995,0.042,-0.991,-0.996,0.994,-0.884,-0.976,6.123,4.572,10.445,10.361,10.36,10.433,10.372,10.318,5.644,4.745,10.436,10.346,5.949,5.552,10.421,10.35,EssenceCatalog/problems/csplib-prob010-SocialGolfers/params/b875c49078182b15032527744c7d208d.param
-0.999,-0.991,-0.975,-0.836,0.895,-0.963,-0.961,-0.999,0.959,0.984,0.994,0.759,-0.983,-0.97,0.949,0.993,0.998,-0.768,0.993,0.997,-0.992,0.997,-0.997,-0.99,0.893,0.67,-0.998,-0.918,-0.866,0.975,-0.972,0.996,0.994,-0.995,0.665,0.956,0.971,0.879,-0.98,0.831,0.998,-0.515,-0.752,-0.985,0.994,-0.259,-0.999,0.998,0.99,-0.92,-0.991,0.994,-0.97,0.999,-0.992,-0.956,-0.891,0.319,-0.91,0.73,-0.981,-0.872,-0.988,0.985,-0.996,-0.997,-0.627,-0.967,-0.997,-0.986,-0.493,-0.541,0.906,0.954,0.998,-0.886,-0.085,-0.92,0.95,0.991,-0.929,-0.967,0.954,-0.965,0.924,0.997,-0.748,0.127,0.991,-0.758,0.995,0.966,-0.983,-0.994,0.127,-0.99,-0.997,0.994,-0.915,-0.985,6.013,4.533,10.449,10.3,10.329,10.404,10.354,10.309,5.586,4.711,10.448,10.283,5.903,5.463,10.422,10.314,EssenceCatalog/problems/csplib-prob010-SocialGolfers/params/19478838a295f8b77e55d35798306128.param
-0.997,-0.986,0.87,0.957,0.962,-0.798,0.959,-0.997,-0.996,0.9,0.978,0.691,0.971,-0.922,0.968,-0.583,0.99,-0.915,0.993,0.99,-0.989,0.525,-0.994,0.987,-0.976,-0.939,-0.995,-0.941,-0.611,0.759,0.611,0.993,0.975,0.986,0.864,0.8,0.963,0.957,-0.993,-0.949,0.989,-0.744,-0.834,-0.769,-0.99,0.604,-0.998,0.992,-0.996,-0.939,-0.983,0.989,-0.902,0.992,0.951,-0.971,0.928,0.921,-0.882,0.779,-0.949,-0.817,-0.98,0.968,-0.866,-0.995,0.716,-0.595,-0.988,-0.972,0.206,0.902,-0.4,-0.523,0.992,-0.962,0.945,-0.96,0.983,0.959,-0.912,-0.984,0.959,0.976,0.766,0.992,-0.935,-0.901,0.953,-0.719,0.992,-0.966,-0.98,-0.647,-0.143,-0.858,-0.992,0.975,-0.881,-0.964,3.376,2.515,3.221,7.437,8.56,8.181,8.858,9.583,3.478,2.957,3.285,7.454,3.857,3.238,4.095,7.632,EssenceCatalog/problems/csplib-prob010-SocialGolfers/params/ord18-6-7-4.param
-0.997,-0.979,-0.91,-0.677,0.972,-0.951,-0.966,-0.998,0.954,0.745,0.989,0.427,-0.983,-0.911,0.848,0.977,0.995,-0.596,0.992,0.994,-0.973,0.984,-0.996,-0.987,0.967,0.867,-0.996,-0.798,-0.883,0.96,-0.97,0.993,0.994,-0.989,0.828,0.97,0.985,0.757,-0.93,0.872,0.996,-0.678,-0.906,-0.99,0.985,0.846,-0.997,0.996,0.988,-0.931,-0.984,0.993,-0.912,0.998,-0.978,-0.845,-0.017,0.88,-0.475,0.506,-0.964,-0.76,-0.964,0.974,-0.995,-0.994,-0.35,-0.938,-0.994,-0.974,-0.531,-0.861,0.612,0.978,0.996,-0.97,-0.013,-0.964,0.809,0.968,-0.9,-0.866,0.852,-0.948,0.847,0.996,0.56,0.965,0.988,-0.931,0.994,0.952,-0.983,-0.992,0.481,-0.991,-0.995,0.99,-0.963,-0.959,6.104,4.892,10.415,10.324,10.362,10.366,10.342,10.353,5.8,5.071,10.424,10.343,6.06,5.883,10.419,10.352,EssenceCatalog/problems/csplib-prob010-SocialGolfers/params/d979222e2e5a2a16590572712cc0cf3a.param
-0.997,-0.986,-0.931,-0.723,0.979,-0.952,-0.971,-0.999,0.959,0.924,0.989,0.435,-0.984,-0.937,0.88,0.978,0.996,-0.591,0.99,0.995,-0.982,0.987,-0.997,-0.987,0.967,0.875,-0.996,-0.814,-0.856,0.974,-0.972,0.993,0.993,-0.992,0.729,0.953,0.98,0.806,-0.94,0.786,0.996,-0.607,-0.872,-0.99,0.987,0.572,-0.997,0.996,0.988,-0.911,-0.983,0.993,-0.927,0.998,-0.984,-0.9,-0.63,0.878,-0.656,0.526,-0.962,-0.795,-0.974,0.976,-0.996,-0.993,-0.084,-0.953,-0.994,-0.974,-0.503,-0.907,0.731,0.973,0.996,-0.945,-0.45,-0.944,0.833,0.979,-0.888,-0.859,0.88,-0.961,0.853,0.996,-0.15,0.96,0.99,-0.891,0.993,0.941,-0.983,-0.991,0.104,-0.993,-0.995,0.992,-0.973,-0.967,5.535,4.602,10.413,10.313,10.325,10.348,10.323,10.287,5.412,4.761,10.403,10.311,5.677,5.409,10.379,10.348,EssenceCatalog/problems/csplib-prob010-SocialGolfers/params/b289c74aa4efe58e9810533963a60db6.param
-0.996,-0.993,-0.944,-0.768,0.989,-0.941,-0.978,-0.999,0.959,0.984,0.991,0.498,-0.984,-0.958,0.922,0.973,0.998,-0.567,0.991,0.997,-0.992,0.982,-0.998,-0.983,0.975,0.909,-0.996,-0.874,-0.839,0.983,-0.973,0.993,0.99,-0.994,0.719,0.931,0.98,0.817,-0.952,0.61,0.998,-0.51,-0.873,-0.994,0.989,0.003,-0.998,0.996,0.985,-0.887,-0.982,0.994,-0.954,0.999,-0.987,-0.917,-0.94,0.958,-0.753,0.587,-0.942,-0.863,-0.986,0.98,-0.997,-0.995,0.542,-0.965,-0.996,-0.973,-0.506,-0.959,0.813,0.965,0.997,-0.91,-0.838,-0.926,0.909,0.988,-0.876,-0.91,0.922,-0.97,0.892,0.995,-0.809,0.979,0.991,-0.877,0.993,0.906,-0.981,-0.988,-0.609,-0.994,-0.997,0.992,-0.991,-0.98,4.898,4.293,10.334,10.295,10.269,10.329,10.28,10.223,4.987,4.427,10.313,10.282,5.269,4.88,10.276,10.322,EssenceCatalog/problems/csplib-prob010-SocialGolfers/params/bde9137e05f3a0e1991fad0bc6611641.param
-1.0,-0.997,-0.266,-0.893,0.57,-0.983,-0.99,-1.0,-0.705,-0.808,0.999,0.989,-0.977,-0.984,0.987,-0.658,0.998,-0.972,0.997,0.999,-0.99,0.698,-0.999,0.76,0.997,0.984,-0.999,-0.976,-0.99,0.985,-0.984,1.0,1.0,0.918,0.98,0.889,0.997,0.974,-0.999,0.623,0.999,-0.989,-0.971,-0.995,-0.866,0.995,-0.999,0.998,-0.936,-0.996,-0.999,0.998,-0.985,1.0,0.387,-0.994,0.999,-0.907,-0.987,0.956,-0.994,-0.963,-0.986,0.994,-0.998,-1.0,-0.931,-0.997,-0.997,-0.996,-0.97,-0.435,0.952,0.978,0.999,-0.998,0.995,-0.997,0.976,0.983,-0.979,-0.989,0.983,-0.036,0.979,0.999,0.933,-0.598,0.998,-0.99,0.999,0.52,-0.998,-0.997,0.883,-0.996,-0.995,0.996,0.203,-0.946,8.046,5.017,7.584,9.964,10.173,10.21,10.304,10.313,6.509,5.299,7.793,9.849,6.894,6.733,8.201,9.883,EssenceCatalog/problems/csplib-prob010-SocialGolfers/params/5023a4d1dbbe1f2ab499fbe287197fd4.param
-0.997,-0.972,-0.883,-0.733,0.951,-0.967,-0.98,-0.998,0.963,-0.157,0.99,0.542,-0.988,-0.901,0.821,0.97,0.994,-0.633,0.992,0.994,-0.959,0.974,-0.996,-0.988,0.986,0.938,-0.996,-0.787,-0.923,0.947,-0.976,0.994,0.996,-0.983,0.907,0.979,0.99,0.816,-0.943,0.925,0.996,-0.837,-0.949,-0.992,0.979,0.969,-0.997,0.994,0.988,-0.96,-0.989,0.994,-0.909,0.998,-0.967,-0.842,0.807,0.748,-0.439,0.477,-0.969,-0.812,-0.943,0.974,-0.994,-0.995,-0.574,-0.946,-0.993,-0.977,-0.727,-0.887,0.542,0.986,0.996,-0.986,0.428,-0.982,0.665,0.942,-0.913,-0.782,0.839,-0.954,0.843,0.996,0.924,0.969,0.99,-0.963,0.996,0.963,-0.988,-0.993,0.772,-0.992,-0.994,0.99,-0.902,-0.907,6.892,5.245,10.399,10.412,10.435,10.412,10.407,10.387,6.287,5.451,10.416,10.413,6.536,6.507,10.448,10.402,EssenceCatalog/problems/csplib-prob010-SocialGolfers/params/69825952a71980bdeff1ed94931fb77c.param
-0.997,-0.975,-0.89,-0.711,0.963,-0.962,-0.977,-0.998,0.962,0.239,0.989,0.498,-0.987,-0.904,0.826,0.973,0.995,-0.614,0.992,0.994,-0.963,0.976,-0.996,-0.988,0.982,0.923,-0.996,-0.785,-0.91,0.954,-0.974,0.993,0.995,-0.986,0.881,0.976,0.989,0.798,-0.935,0.906,0.996,-0.785,-0.938,-0.992,0.982,0.949,-0.997,0.994,0.989,-0.952,-0.987,0.994,-0.908,0.998,-0.972,-0.834,0.617,0.807,-0.428,0.464,-0.966,-0.796,-0.951,0.973,-0.994,-0.994,-0.493,-0.941,-0.993,-0.975,-0.667,-0.892,0.552,0.984,0.995,-0.982,0.243,-0.977,0.695,0.949,-0.907,-0.8,0.836,-0.955,0.84,0.996,0.861,0.972,0.989,-0.955,0.995,0.96,-0.986,-0.992,0.683,-0.992,-0.994,0.99,-0.933,-0.927,6.614,5.131,10.405,10.38,10.41,10.396,10.38,10.376,6.12,5.326,10.423,10.393,6.37,6.3,10.443,10.382,EssenceCatalog/problems/csplib-prob010-SocialGolfers/params/5699510b552c696573352b932384014d.param
-0.996,-0.977,-0.902,-0.732,0.969,-0.959,-0.977,-0.998,0.965,0.562,0.988,0.432,-0.987,-0.914,0.83,0.975,0.994,-0.588,0.991,0.994,-0.969,0.98,-0.996,-0.988,0.981,0.92,-0.996,-0.773,-0.897,0.964,-0.975,0.993,0.994,-0.99,0.832,0.969,0.985,0.79,-0.93,0.88,0.995,-0.744,-0.919,-0.991,0.985,0.903,-0.996,0.995,0.99,-0.939,-0.984,0.993,-0.905,0.998,-0.978,-0.864,0.305,0.827,-0.496,0.457,-0.964,-0.783,-0.956,0.972,-0.995,-0.993,-0.358,-0.943,-0.993,-0.972,-0.626,-0.913,0.61,0.983,0.996,-0.974,0.005,-0.968,0.708,0.961,-0.895,-0.782,0.838,-0.962,0.827,0.995,0.703,0.972,0.989,-0.94,0.994,0.958,-0.985,-0.992,0.557,-0.992,-0.994,0.99,-0.946,-0.937,6.296,4.989,10.412,10.349,10.383,10.374,10.351,10.349,5.915,5.17,10.428,10.368,6.17,6.058,10.434,10.365,EssenceCatalog/problems/csplib-prob010-SocialGolfers/params/e3213a2d32626b36839bdd953fb66825.param
-1.0,-0.995,-0.989,-0.986,-0.974,-0.993,-0.996,-1.0,0.961,-0.945,0.999,0.995,-0.992,-0.996,0.994,0.978,0.998,-0.985,0.999,1.0,-0.995,0.996,-0.999,-0.985,0.997,0.982,-1.0,-0.988,-0.989,0.956,-0.996,0.999,1.0,-0.966,0.989,0.994,0.993,0.992,-0.999,0.986,0.999,-0.989,-0.975,-0.997,0.987,0.992,-1.0,0.998,0.974,-0.996,-1.0,0.998,-0.99,1.0,-0.963,-0.993,0.995,-0.998,-0.994,0.977,-0.997,-0.986,-0.986,0.996,-0.997,-1.0,-0.991,-0.995,-0.999,-0.999,-0.967,0.786,0.99,0.992,0.999,-0.996,0.995,-0.996,0.989,0.985,-0.995,-0.994,0.994,-0.961,0.99,1.0,0.984,-0.995,0.998,-0.974,0.999,0.989,-0.997,-0.999,0.994,-0.996,-0.998,0.997,0.985,-0.932,9.569,5.744,10.341,10.343,10.353,10.458,10.501,10.452,7.551,6.055,10.326,10.282,8.047,7.803,10.314,10.375,EssenceCatalog/problems/csplib-prob010-SocialGolfers/params/b1e9a72c737c4cae9365f597007789fc.param
-0.997,-0.988,-0.958,-0.763,0.97,-0.954,-0.962,-0.999,0.958,0.977,0.991,0.604,-0.982,-0.953,0.927,0.985,0.997,-0.604,0.99,0.996,-0.99,0.993,-0.996,-0.988,0.956,0.83,-0.997,-0.872,-0.839,0.976,-0.971,0.993,0.992,-0.994,0.656,0.948,0.975,0.852,-0.958,0.718,0.997,-0.554,-0.798,-0.989,0.992,0.014,-0.998,0.997,0.989,-0.901,-0.985,0.993,-0.945,0.999,-0.99,-0.923,-0.864,0.783,-0.818,0.632,-0.967,-0.84,-0.983,0.979,-0.996,-0.994,-0.157,-0.965,-0.996,-0.979,-0.465,-0.854,0.843,0.964,0.997,-0.894,-0.429,-0.917,0.894,0.987,-0.892,-0.919,0.925,-0.967,0.874,0.996,-0.658,0.875,0.989,-0.842,0.993,0.942,-0.983,-0.992,-0.191,-0.991,-0.996,0.993,-0.97,-0.976,5.4,4.446,10.414,10.324,10.312,10.377,10.328,10.279,5.291,4.606,10.404,10.313,5.567,5.206,10.373,10.341,EssenceCatalog/problems/csplib-prob010-SocialGolfers/params/c9e8e34332d389b6896ad2d11438f171.param
-0.999,-0.989,0.839,0.931,0.946,-0.853,0.92,-0.998,-0.995,0.845,0.987,0.812,0.952,-0.946,0.974,-0.642,0.992,-0.94,0.995,0.995,-0.992,0.565,-0.995,0.988,-0.936,-0.865,-0.997,-0.951,-0.741,0.828,0.391,0.996,0.987,0.99,0.883,0.788,0.98,0.962,-0.996,-0.938,0.994,-0.826,-0.851,-0.853,-0.991,0.785,-0.999,0.994,-0.997,-0.962,-0.991,0.992,-0.921,0.995,0.95,-0.98,0.965,0.851,-0.924,0.834,-0.961,-0.862,-0.985,0.977,-0.933,-0.997,0.521,-0.782,-0.991,-0.98,-0.069,0.89,-0.267,-0.331,0.996,-0.975,0.974,-0.977,0.983,0.963,-0.923,-0.987,0.965,0.973,0.824,0.996,-0.878,-0.923,0.97,-0.8,0.995,-0.951,-0.986,-0.796,-0.076,-0.914,-0.994,0.983,-0.84,-0.969,3.718,2.705,3.487,7.764,8.87,8.525,9.167,9.816,3.715,3.137,3.583,7.759,4.131,3.517,4.389,7.963,EssenceCatalog/problems/csplib-prob010-SocialGolfers/params/c04df57f583c352e986b7b4e43445143.param
-0.999,-0.977,-0.956,-0.934,0.583,-0.987,-0.994,-0.999,0.984,-0.451,0.993,0.864,-0.997,-0.957,0.913,0.974,0.994,-0.678,0.989,0.997,-0.968,0.992,-0.996,-0.993,0.997,0.978,-0.998,-0.857,-0.945,0.962,-0.992,0.997,0.998,-0.99,0.817,0.969,0.99,0.943,-0.981,0.93,0.995,-0.953,-0.903,-0.992,0.993,0.944,-0.997,0.998,0.994,-0.976,-0.995,0.995,-0.92,0.998,-0.988,-0.973,0.947,-0.84,-0.913,0.795,-0.99,-0.888,-0.949,0.984,-0.998,-0.995,-0.906,-0.985,-0.992,-0.987,-0.879,-0.851,0.919,0.991,0.999,-0.971,0.777,-0.979,0.533,0.974,-0.923,-0.632,0.9,-0.989,0.837,0.998,0.888,0.415,0.994,-0.929,0.996,0.982,-0.995,-0.998,0.843,-0.995,-0.992,0.997,0.177,-0.814,8.288,5.536,10.477,10.534,10.502,10.534,10.509,10.441,6.932,5.765,10.486,10.491,7.258,7.277,10.526,10.469,EssenceCatalog/problems/csplib-prob010-SocialGolfers/params/c1f2b368b0d2fef178b4a08e1af97be9.param
-0.997,-0.978,-0.923,-0.761,0.95,-0.966,-0.977,-0.998,0.963,0.667,0.989,0.513,-0.989,-0.923,0.853,0.978,0.995,-0.588,0.99,0.995,-0.969,0.988,-0.996,-0.988,0.978,0.903,-0.996,-0.78,-0.883,0.963,-0.976,0.994,0.995,-0.991,0.768,0.962,0.983,0.814,-0.943,0.873,0.995,-0.745,-0.883,-0.989,0.987,0.835,-0.997,0.996,0.99,-0.936,-0.986,0.993,-0.909,0.998,-0.981,-0.904,0.219,0.635,-0.663,0.522,-0.975,-0.772,-0.96,0.974,-0.996,-0.993,-0.524,-0.953,-0.993,-0.976,-0.613,-0.862,0.729,0.982,0.997,-0.962,0.125,-0.962,0.745,0.972,-0.895,-0.794,0.856,-0.963,0.826,0.996,0.545,0.921,0.989,-0.911,0.994,0.959,-0.987,-0.994,0.577,-0.993,-0.994,0.993,-0.914,-0.945,6.445,4.998,10.464,10.41,10.436,10.447,10.41,10.4,5.98,5.176,10.476,10.424,6.243,6.105,10.488,10.418,EssenceCatalog/problems/csplib-prob010-SocialGolfers/params/616800489c12892c66cdc9a6003d598c.param
-0.996,-0.983,-0.915,-0.725,0.982,-0.951,-0.975,-0.999,0.962,0.853,0.988,0.415,-0.985,-0.925,0.857,0.974,0.996,-0.568,0.99,0.994,-0.978,0.979,-0.996,-0.987,0.979,0.909,-0.995,-0.795,-0.876,0.973,-0.973,0.992,0.993,-0.991,0.789,0.959,0.983,0.782,-0.929,0.809,0.996,-0.649,-0.904,-0.992,0.987,0.773,-0.997,0.995,0.989,-0.922,-0.982,0.993,-0.919,0.998,-0.981,-0.862,-0.39,0.908,-0.529,0.48,-0.954,-0.796,-0.969,0.973,-0.995,-0.993,-0.056,-0.946,-0.994,-0.971,-0.545,-0.935,0.644,0.978,0.995,-0.961,-0.41,-0.955,0.765,0.97,-0.884,-0.822,0.86,-0.964,0.84,0.995,0.238,0.98,0.989,-0.926,0.993,0.943,-0.982,-0.99,0.174,-0.993,-0.995,0.99,-0.974,-0.956,5.657,4.701,10.397,10.3,10.32,10.321,10.305,10.287,5.508,4.864,10.392,10.306,5.769,5.56,10.374,10.335,EssenceCatalog/problems/csplib-prob010-SocialGolfers/params/79c77d3bfee27ad9c851bcb688e297d5.param
-0.999,-0.969,-0.938,-0.868,0.574,-0.985,-0.986,-0.999,0.973,-0.549,0.993,0.847,-0.993,-0.937,0.897,0.979,0.993,-0.693,0.993,0.997,-0.965,0.993,-0.995,-0.991,0.993,0.953,-0.998,-0.861,-0.948,0.932,-0.988,0.997,0.998,-0.987,0.888,0.983,0.99,0.925,-0.978,0.952,0.995,-0.92,-0.917,-0.99,0.99,0.965,-0.997,0.997,0.992,-0.977,-0.995,0.995,-0.926,0.998,-0.981,-0.945,0.959,-0.671,-0.844,0.728,-0.989,-0.856,-0.941,0.981,-0.996,-0.996,-0.921,-0.977,-0.994,-0.987,-0.808,-0.63,0.853,0.989,0.998,-0.982,0.889,-0.982,0.662,0.959,-0.939,-0.785,0.896,-0.969,0.87,0.998,0.948,0.449,0.992,-0.947,0.997,0.982,-0.995,-0.998,0.917,-0.993,-0.993,0.995,-0.078,-0.85,8.261,5.546,10.461,10.51,10.496,10.528,10.509,10.462,6.95,5.792,10.463,10.476,7.267,7.254,10.51,10.459,EssenceCatalog/problems/csplib-prob010-SocialGolfers/params/25512f530a924c8b61e0621af65ef893.param
-0.997,-0.983,0.857,0.952,0.954,-0.831,0.953,-0.996,-0.994,0.882,0.974,0.651,0.967,-0.916,0.958,-0.49,0.989,-0.91,0.991,0.988,-0.986,0.667,-0.993,0.983,-0.978,-0.947,-0.995,-0.923,-0.631,0.742,0.635,0.993,0.976,0.98,0.866,0.833,0.96,0.952,-0.991,-0.925,0.986,-0.726,-0.821,-0.736,-0.988,0.598,-0.998,0.992,-0.995,-0.932,-0.98,0.987,-0.902,0.991,0.946,-0.967,0.927,0.898,-0.853,0.742,-0.958,-0.765,-0.975,0.964,-0.835,-0.994,0.627,-0.531,-0.985,-0.973,0.274,0.928,-0.435,-0.535,0.992,-0.962,0.945,-0.957,0.983,0.956,-0.919,-0.982,0.949,0.974,0.729,0.992,-0.902,-0.918,0.948,-0.659,0.991,-0.952,-0.978,-0.627,0.119,-0.845,-0.992,0.976,-0.848,-0.962,3.426,2.528,3.255,7.313,8.447,8.067,8.752,9.466,3.505,2.969,3.328,7.333,3.863,3.248,4.11,7.514,EssenceCatalog/problems/csplib-prob010-SocialGolfers/params/ord25-3-8-5.param
-0.997,-0.971,-0.886,-0.738,0.94,-0.968,-0.981,-0.998,0.967,-0.313,0.99,0.543,-0.988,-0.901,0.815,0.972,0.994,-0.663,0.993,0.994,-0.957,0.977,-0.996,-0.989,0.986,0.942,-0.996,-0.791,-0.93,0.946,-0.977,0.994,0.996,-0.984,0.918,0.982,0.991,0.826,-0.943,0.94,0.996,-0.85,-0.953,-0.992,0.98,0.974,-0.997,0.994,0.989,-0.962,-0.989,0.994,-0.909,0.998,-0.968,-0.845,0.855,0.719,-0.435,0.477,-0.97,-0.817,-0.939,0.974,-0.995,-0.995,-0.616,-0.945,-0.993,-0.976,-0.748,-0.878,0.551,0.987,0.996,-0.988,0.505,-0.983,0.668,0.94,-0.919,-0.787,0.838,-0.954,0.852,0.996,0.944,0.965,0.99,-0.965,0.996,0.968,-0.989,-0.993,0.822,-0.992,-0.994,0.99,-0.885,-0.903,7.012,5.293,10.408,10.427,10.451,10.423,10.423,10.4,6.361,5.506,10.424,10.425,6.611,6.593,10.46,10.415,EssenceCatalog/problems/csplib-prob010-SocialGolfers/params/ac56fb68a4e79bab42cc69f33a64b262.param
-0.996,-0.978,-0.907,-0.678,0.974,-0.953,-0.97,-0.999,0.958,0.653,0.988,0.44,-0.983,-0.91,0.843,0.977,0.995,-0.606,0.992,0.994,-0.973,0.98,-0.996,-0.988,0.973,0.894,-0.995,-0.796,-0.895,0.959,-0.97,0.992,0.994,-0.988,0.849,0.972,0.986,0.774,-0.931,0.877,0.996,-0.692,-0.922,-0.991,0.984,0.892,-0.997,0.994,0.988,-0.937,-0.985,0.993,-0.912,0.998,-0.974,-0.824,0.108,0.881,-0.445,0.479,-0.96,-0.781,-0.962,0.973,-0.994,-0.994,-0.315,-0.938,-0.994,-0.973,-0.574,-0.894,0.558,0.98,0.995,-0.974,-0.034,-0.968,0.761,0.957,-0.902,-0.842,0.851,-0.949,0.848,0.995,0.682,0.974,0.988,-0.944,0.995,0.953,-0.983,-0.99,0.507,-0.991,-0.995,0.989,-0.961,-0.949,6.166,4.936,10.415,10.328,10.365,10.359,10.34,10.356,5.844,5.119,10.423,10.348,6.1,5.953,10.422,10.354,EssenceCatalog/problems/csplib-prob010-SocialGolfers/params/b141507e9c383709c32116f5e3b17a6b.param
-0.997,-0.972,-0.907,-0.717,0.938,-0.968,-0.969,-0.998,0.958,0.409,0.989,0.57,-0.986,-0.906,0.851,0.978,0.994,-0.609,0.992,0.994,-0.966,0.987,-0.995,-0.988,0.976,0.891,-0.997,-0.803,-0.902,0.948,-0.974,0.993,0.995,-0.988,0.832,0.974,0.986,0.824,-0.945,0.903,0.995,-0.779,-0.903,-0.989,0.985,0.91,-0.997,0.996,0.989,-0.948,-0.988,0.993,-0.905,0.998,-0.976,-0.866,0.608,0.595,-0.583,0.526,-0.975,-0.783,-0.952,0.974,-0.994,-0.994,-0.655,-0.948,-0.993,-0.976,-0.621,-0.798,0.657,0.982,0.996,-0.974,0.449,-0.97,0.718,0.957,-0.908,-0.816,0.851,-0.949,0.829,0.996,0.801,0.918,0.988,-0.937,0.995,0.963,-0.987,-0.994,0.701,-0.991,-0.994,0.991,-0.892,-0.931,6.808,5.156,10.432,10.421,10.445,10.458,10.428,10.421,6.214,5.349,10.452,10.435,6.473,6.377,10.478,10.414,EssenceCatalog/problems/csplib-prob010-SocialGolfers/params/7aff1bc362fdd016a8b2a3a65d0911e7.param
-0.997,-0.98,-0.943,-0.821,0.947,-0.968,-0.978,-0.998,0.966,0.892,0.988,0.64,-0.99,-0.933,0.899,0.976,0.995,-0.527,0.986,0.995,-0.98,0.991,-0.995,-0.989,0.982,0.906,-0.997,-0.819,-0.848,0.971,-0.979,0.994,0.993,-0.993,0.605,0.938,0.978,0.857,-0.95,0.763,0.995,-0.759,-0.787,-0.987,0.993,0.489,-0.997,0.997,0.991,-0.918,-0.984,0.992,-0.912,0.998,-0.989,-0.935,-0.358,0.43,-0.81,0.644,-0.974,-0.812,-0.97,0.973,-0.997,-0.992,-0.474,-0.969,-0.993,-0.976,-0.575,-0.878,0.846,0.977,0.997,-0.911,-0.073,-0.932,0.744,0.982,-0.867,-0.789,0.885,-0.979,0.81,0.997,-0.161,0.876,0.988,-0.862,0.992,0.953,-0.987,-0.995,0.122,-0.992,-0.993,0.994,-0.913,-0.945,6.019,4.72,10.445,10.385,10.38,10.413,10.373,10.325,5.667,4.875,10.444,10.38,5.937,5.7,10.435,10.386,EssenceCatalog/problems/csplib-prob010-SocialGolfers/params/a6c6f8ec8fdb0b980c6dc161c7b8a698.param
-0.997,-0.973,-0.881,-0.733,0.955,-0.965,-0.979,-0.998,0.962,-0.03,0.989,0.535,-0.988,-0.899,0.821,0.97,0.994,-0.624,0.992,0.994,-0.959,0.972,-0.996,-0.988,0.986,0.936,-0.996,-0.796,-0.92,0.948,-0.975,0.993,0.996,-0.983,0.9,0.977,0.99,0.8,-0.941,0.917,0.996,-0.822,-0.946,-0.992,0.979,0.964,-0.997,0.994,0.987,-0.958,-0.988,0.994,-0.909,0.998,-0.967,-0.825,0.761,0.782,-0.412,0.474,-0.966,-0.815,-0.947,0.974,-0.994,-0.995,-0.54,-0.945,-0.994,-0.977,-0.719,-0.893,0.527,0.985,0.995,-0.985,0.394,-0.981,0.675,0.939,-0.91,-0.791,0.836,-0.952,0.842,0.996,0.911,0.972,0.989,-0.963,0.996,0.96,-0.987,-0.992,0.738,-0.992,-0.994,0.989,-0.917,-0.912,6.802,5.211,10.395,10.402,10.425,10.405,10.397,10.384,6.236,5.414,10.412,10.408,6.483,6.442,10.441,10.394,EssenceCatalog/problems/csplib-prob010-SocialGolfers/params/49b5cca66a213ae6dcfe695a2ff2f02c.param
-0.997,-0.993,-0.949,-0.755,0.989,-0.937,-0.974,-0.999,0.957,0.985,0.991,0.509,-0.983,-0.961,0.929,0.975,0.998,-0.581,0.992,0.997,-0.992,0.985,-0.998,-0.984,0.969,0.893,-0.996,-0.88,-0.835,0.983,-0.97,0.994,0.991,-0.994,0.731,0.943,0.978,0.824,-0.956,0.626,0.998,-0.491,-0.872,-0.994,0.989,-0.158,-0.998,0.997,0.986,-0.883,-0.983,0.995,-0.959,0.999,-0.987,-0.917,-0.952,0.96,-0.753,0.597,-0.942,-0.861,-0.987,0.98,-0.997,-0.995,0.563,-0.965,-0.996,-0.974,-0.475,-0.952,0.816,0.958,0.997,-0.904,-0.859,-0.92,0.923,0.989,-0.882,-0.922,0.927,-0.967,0.9,0.995,-0.833,0.978,0.991,-0.87,0.994,0.906,-0.981,-0.987,-0.592,-0.993,-0.997,0.991,-0.991,-0.982,4.872,4.273,10.329,10.28,10.256,10.317,10.269,10.214,4.968,4.408,10.305,10.266,5.25,4.848,10.271,10.307,EssenceCatalog/problems/csplib-prob010-SocialGolfers/params/261b280715da6483a7654f8b6e313807.param
-0.998,-0.983,-0.938,-0.722,0.927,-0.966,-0.956,-0.999,0.941,0.883,0.991,0.625,-0.982,-0.938,0.901,0.985,0.996,-0.657,0.992,0.996,-0.981,0.995,-0.996,-0.986,0.945,0.774,-0.998,-0.835,-0.878,0.964,-0.971,0.995,0.995,-0.99,0.732,0.968,0.976,0.842,-0.961,0.875,0.996,-0.638,-0.828,-0.984,0.988,0.622,-0.998,0.998,0.987,-0.934,-0.989,0.993,-0.933,0.998,-0.984,-0.915,-0.152,0.51,-0.763,0.576,-0.98,-0.774,-0.974,0.978,-0.995,-0.995,-0.673,-0.95,-0.995,-0.981,-0.445,-0.591,0.789,0.969,0.997,-0.949,0.391,-0.95,0.877,0.981,-0.92,-0.915,0.905,-0.943,0.866,0.997,0.201,0.705,0.989,-0.873,0.994,0.958,-0.988,-0.995,0.566,-0.99,-0.995,0.993,-0.907,-0.968,6.471,4.907,10.462,10.384,10.421,10.469,10.428,10.432,5.962,5.086,10.472,10.403,6.245,5.981,10.474,10.396,EssenceCatalog/problems/csplib-prob010-SocialGolfers/params/089303e846ad68486a33318f2ece7bdd.param
-0.998,-0.988,-0.965,-0.818,0.89,-0.969,-0.963,-0.999,0.953,0.962,0.993,0.733,-0.984,-0.961,0.935,0.99,0.997,-0.71,0.993,0.997,-0.989,0.997,-0.996,-0.988,0.937,0.753,-0.998,-0.887,-0.868,0.97,-0.974,0.995,0.995,-0.993,0.662,0.959,0.973,0.878,-0.974,0.837,0.997,-0.596,-0.762,-0.985,0.993,0.194,-0.998,0.998,0.989,-0.929,-0.99,0.994,-0.955,0.999,-0.99,-0.946,-0.669,0.208,-0.883,0.686,-0.981,-0.847,-0.983,0.982,-0.996,-0.996,-0.683,-0.965,-0.996,-0.985,-0.498,-0.567,0.881,0.964,0.998,-0.911,0.237,-0.934,0.915,0.988,-0.925,-0.944,0.937,-0.959,0.897,0.997,-0.458,0.298,0.99,-0.816,0.995,0.965,-0.987,-0.995,0.306,-0.99,-0.996,0.994,-0.886,-0.977,6.309,4.705,10.479,10.372,10.402,10.464,10.417,10.388,5.791,4.881,10.478,10.37,6.093,5.724,10.462,10.382,EssenceCatalog/problems/csplib-prob010-SocialGolfers/params/03d7f05bd45d4b96817ca6886fcae5e6.param
-0.996,-0.977,-0.89,-0.684,0.971,-0.957,-0.974,-0.998,0.96,0.452,0.988,0.43,-0.985,-0.904,0.823,0.973,0.995,-0.616,0.992,0.994,-0.968,0.976,-0.996,-0.987,0.978,0.912,-0.996,-0.782,-0.903,0.959,-0.973,0.993,0.995,-0.987,0.871,0.974,0.988,0.774,-0.928,0.894,0.996,-0.746,-0.933,-0.991,0.982,0.929,-0.997,0.995,0.988,-0.943,-0.985,0.993,-0.909,0.998,-0.973,-0.826,0.419,0.876,-0.393,0.446,-0.962,-0.785,-0.955,0.972,-0.994,-0.994,-0.364,-0.936,-0.994,-0.973,-0.625,-0.9,0.543,0.982,0.995,-0.98,0.086,-0.974,0.737,0.955,-0.904,-0.82,0.837,-0.951,0.843,0.995,0.791,0.978,0.988,-0.952,0.995,0.956,-0.985,-0.991,0.609,-0.992,-0.995,0.989,-0.955,-0.941,6.359,5.03,10.392,10.336,10.373,10.36,10.341,10.35,5.966,5.218,10.409,10.357,6.219,6.113,10.417,10.35,EssenceCatalog/problems/csplib-prob010-SocialGolfers/params/df73061ecc9e43368373f768e6f2e993.param
-1.0,-0.996,-0.995,-0.993,-0.974,-0.994,-0.999,-1.0,0.991,-0.975,0.999,0.995,-0.997,-0.997,0.993,0.987,0.999,-0.988,0.999,1.0,-0.995,0.997,-0.999,-0.996,0.999,0.994,-1.0,-0.988,-0.992,0.965,-0.998,1.0,1.0,-0.987,0.991,0.996,0.996,0.993,-0.999,0.994,1.0,-0.992,-0.987,-0.999,0.996,0.996,-1.0,0.998,0.995,-0.997,-1.0,0.998,-0.994,1.0,-0.988,-0.994,0.996,-0.998,-0.994,0.978,-0.998,-0.99,-0.985,0.997,-0.998,-1.0,-0.991,-0.996,-0.999,-0.999,-0.983,0.332,0.993,0.995,1.0,-0.997,0.992,-0.997,0.98,0.986,-0.995,-0.99,0.993,-0.989,0.994,1.0,0.995,-0.982,0.999,-0.983,0.999,0.996,-0.998,-0.999,0.996,-0.998,-0.998,0.998,0.987,-0.885,9.577,5.781,10.437,10.434,10.428,10.531,10.553,10.504,7.571,6.085,10.406,10.373,8.056,7.847,10.408,10.458,EssenceCatalog/problems/csplib-prob010-SocialGolfers/params/6fdb443de8d6008bf96318abd656b674.param
-1.0,-0.996,-0.995,-0.994,-0.978,-0.994,-0.999,-1.0,0.993,-0.98,0.999,0.995,-0.997,-0.997,0.992,0.988,0.999,-0.986,0.999,1.0,-0.994,0.997,-0.999,-0.997,0.999,0.995,-0.999,-0.986,-0.991,0.96,-0.998,0.999,1.0,-0.988,0.989,0.996,0.996,0.993,-0.998,0.993,1.0,-0.992,-0.985,-0.999,0.997,0.995,-0.999,0.998,0.996,-0.996,-1.0,0.998,-0.993,1.0,-0.99,-0.993,0.996,-0.998,-0.993,0.976,-0.998,-0.989,-0.982,0.997,-0.998,-1.0,-0.991,-0.996,-0.999,-0.999,-0.984,0.185,0.994,0.996,0.999,-0.997,0.991,-0.996,0.972,0.984,-0.994,-0.986,0.992,-0.991,0.994,1.0,0.995,-0.98,0.999,-0.981,0.999,0.996,-0.998,-0.999,0.996,-0.998,-0.998,0.998,0.989,-0.824,9.568,5.784,10.444,10.443,10.431,10.533,10.551,10.501,7.565,6.085,10.409,10.382,8.045,7.849,10.417,10.466,EssenceCatalog/problems/csplib-prob010-SocialGolfers/params/70bb3fec9632cf69e77775f88b1757f4.param
0.778,0.073,0.065,-0.171,0.934,0.93,-0.613,-0.026,0.277,0.938,-0.781,0.068,-0.275,-0.387,-0.315,0.18,0.581,0.417,-0.222,-0.825,0.157,-0.977,-0.276,0.376,0.857,0.727,0.983,-0.006,-0.255,0.266,0.125,-0.919,-0.931,0.074,0.351,-0.722,-0.519,-0.825,0.716,-0.606,0.533,0.729,-0.565,-0.715,0.043,-0.63,0.731,-0.965,0.096,0.224,0.693,-0.605,-0.424,0.341,0.05,0.87,-0.987,0.981,0.675,-0.538,0.983,-0.099,-0.27,-0.604,0.671,-0.005,0.968,0.63,-0.381,0.226,0.228,-0.972,-0.303,-0.728,-0.977,0.657,-0.961,0.281,0.265,-0.428,0.765,-0.126,-0.373,-0.699,0.587,-0.962,-0.651,0.997,-0.66,-0.445,-0.596,-0.753,0.957,0.97,-0.978,0.702,-0.169,-0.953,-0.933,0.282,0.35,0.397,0.668,1.653,0.354,0.128,0.536,1.688,0.325,0.356,0.762,1.568,0.353,0.155,0.858,1.47,EssenceCatalog/problems/csplib-prob010-SocialGolfers/params/ord10-4-3-3.param
-0.997,-0.965,-0.941,-0.901,0.836,-0.982,-0.991,-0.998,0.985,-0.173,0.989,0.745,-0.996,-0.924,0.867,0.973,0.992,-0.512,0.985,0.995,-0.961,0.989,-0.994,-0.994,0.996,0.973,-0.997,-0.807,-0.921,0.956,-0.989,0.995,0.996,-0.993,0.787,0.964,0.987,0.9,-0.959,0.911,0.993,-0.921,-0.892,-0.99,0.994,0.924,-0.995,0.996,0.995,-0.96,-0.989,0.993,-0.888,0.997,-0.988,-0.947,0.871,-0.446,-0.814,0.707,-0.983,-0.847,-0.931,0.973,-0.997,-0.991,-0.797,-0.978,-0.989,-0.978,-0.816,-0.92,0.847,0.99,0.998,-0.961,0.532,-0.969,0.381,0.968,-0.884,-0.484,0.85,-0.988,0.787,0.997,0.842,0.857,0.99,-0.931,0.994,0.978,-0.993,-0.997,0.706,-0.994,-0.989,0.995,-0.472,-0.799,7.568,5.354,10.422,10.454,10.441,10.433,10.421,10.353,6.568,5.555,10.441,10.439,6.835,6.885,10.478,10.403,EssenceCatalog/problems/csplib-prob010-SocialGolfers/params/37567a305a5394329be83f6d50ca3bd4.param
-0.996,-0.986,-0.933,-0.711,0.982,-0.949,-0.968,-0.999,0.961,0.931,0.989,0.421,-0.983,-0.936,0.882,0.98,0.996,-0.597,0.991,0.995,-0.983,0.986,-0.997,-0.988,0.966,0.871,-0.996,-0.82,-0.861,0.974,-0.97,0.992,0.992,-0.993,0.751,0.959,0.981,0.8,-0.938,0.789,0.997,-0.568,-0.881,-0.991,0.988,0.601,-0.997,0.996,0.989,-0.91,-0.983,0.993,-0.928,0.998,-0.984,-0.877,-0.678,0.903,-0.62,0.497,-0.956,-0.811,-0.975,0.976,-0.995,-0.993,-0.023,-0.949,-0.995,-0.973,-0.49,-0.916,0.697,0.972,0.996,-0.947,-0.5,-0.945,0.827,0.976,-0.893,-0.866,0.881,-0.96,0.855,0.995,-0.099,0.968,0.989,-0.901,0.993,0.944,-0.981,-0.989,0.056,-0.992,-0.995,0.99,-0.977,-0.967,5.474,4.587,10.405,10.296,10.307,10.327,10.305,10.278,5.38,4.747,10.391,10.294,5.643,5.373,10.364,10.334,EssenceCatalog/problems/csplib-prob010-SocialGolfers/params/9962ce91fb88e425b7636ecb3f526337.param
-0.996,-0.978,-0.905,-0.734,0.97,-0.959,-0.977,-0.998,0.966,0.586,0.988,0.432,-0.987,-0.915,0.831,0.975,0.995,-0.586,0.991,0.994,-0.97,0.98,-0.996,-0.988,0.982,0.922,-0.996,-0.777,-0.898,0.965,-0.975,0.993,0.994,-0.99,0.834,0.969,0.986,0.79,-0.929,0.879,0.995,-0.74,-0.921,-0.991,0.986,0.902,-0.996,0.995,0.99,-0.938,-0.984,0.993,-0.905,0.998,-0.978,-0.86,0.258,0.84,-0.496,0.46,-0.962,-0.786,-0.956,0.972,-0.995,-0.993,-0.332,-0.943,-0.993,-0.972,-0.626,-0.92,0.61,0.983,0.995,-0.973,-0.05,-0.968,0.707,0.961,-0.894,-0.782,0.84,-0.963,0.83,0.995,0.691,0.974,0.989,-0.941,0.994,0.958,-0.985,-0.992,0.524,-0.993,-0.994,0.99,-0.95,-0.938,6.247,4.972,10.418,10.35,10.383,10.373,10.351,10.349,5.886,5.151,10.432,10.368,6.141,6.025,10.436,10.368,EssenceCatalog/problems/csplib-prob010-SocialGolfers/params/69088ec7739dc6f3c21e8122f9f42af4.param
-0.998,-0.998,0.97,0.584,0.994,-0.706,0.128,-0.999,-0.998,0.974,0.992,0.93,0.695,-0.971,0.983,-0.987,0.996,-0.91,0.997,0.996,-0.994,-0.925,-0.998,0.998,0.844,0.686,-0.998,-0.966,-0.699,0.975,-0.559,0.999,0.99,0.998,0.877,-0.634,0.977,0.835,-0.994,-0.991,0.997,-0.946,-0.888,-0.976,-0.998,0.878,-0.998,0.998,-0.999,-0.972,-0.991,0.997,-0.929,0.995,0.978,-0.993,0.957,0.987,-0.961,0.932,-0.848,-0.922,-0.993,0.978,-0.993,-0.997,0.959,-0.962,-0.996,-0.973,-0.751,-0.795,0.787,0.22,0.999,-0.976,0.955,-0.978,0.99,0.995,-0.69,-0.983,0.978,0.952,0.909,0.998,-0.993,0.554,0.993,-0.961,0.993,-0.996,-0.994,-0.889,-0.973,-0.988,-0.99,0.992,-0.989,-0.985,3.713,2.94,3.995,9.369,10.103,9.883,10.156,10.458,3.744,3.262,4.063,9.375,4.326,3.809,5.016,9.445,EssenceCatalog/problems/csplib-prob010-SocialGolfers/params/ae8230f500ca31b31f2bdc745fa17e08.param
-1.0,-0.992,-0.993,-0.993,-0.976,-0.995,-0.998,-1.0,0.995,-0.991,0.999,0.99,-0.998,-0.994,0.983,0.984,0.997,-0.974,0.998,1.0,-0.988,0.996,-0.999,-0.998,1.0,0.996,-0.999,-0.978,-0.99,0.938,-0.998,0.999,1.0,-0.989,0.981,0.994,0.996,0.992,-0.998,0.992,0.999,-0.992,-0.983,-0.998,0.997,0.995,-0.999,0.997,0.997,-0.996,-0.999,0.998,-0.988,0.999,-0.993,-0.991,0.997,-0.998,-0.99,0.971,-0.997,-0.985,-0.963,0.995,-0.997,-0.999,-0.992,-0.995,-0.997,-0.998,-0.985,-0.239,0.992,0.996,0.999,-0.994,0.989,-0.996,0.895,0.975,-0.99,-0.955,0.986,-0.993,0.989,0.999,0.996,-0.966,0.998,-0.977,0.999,0.996,-0.998,-0.999,0.994,-0.998,-0.997,0.997,0.991,-0.533,9.52,5.782,10.435,10.44,10.41,10.504,10.516,10.462,7.531,6.074,10.384,10.377,7.991,7.845,10.412,10.453,EssenceCatalog/problems/csplib-prob010-SocialGolfers/params/7c89e907f8caa9ec32ade6d3987aba40.param
-0.998,-0.974,-0.93,-0.768,0.9,-0.972,-0.968,-0.998,0.955,0.648,0.989,0.661,-0.987,-0.921,0.885,0.981,0.994,-0.602,0.99,0.995,-0.972,0.993,-0.994,-0.989,0.975,0.872,-0.997,-0.82,-0.888,0.952,-0.976,0.994,0.995,-0.99,0.744,0.967,0.981,0.857,-0.959,0.882,0.995,-0.765,-0.844,-0.986,0.989,0.805,-0.997,0.997,0.989,-0.945,-0.989,0.993,-0.91,0.998,-0.982,-0.912,0.444,0.166,-0.761,0.606,-0.98,-0.785,-0.96,0.974,-0.995,-0.994,-0.75,-0.959,-0.993,-0.979,-0.576,-0.709,0.779,0.979,0.997,-0.957,0.549,-0.958,0.751,0.97,-0.905,-0.837,0.879,-0.955,0.826,0.997,0.589,0.757,0.988,-0.903,0.994,0.964,-0.989,-0.995,0.653,-0.99,-0.993,0.993,-0.82,-0.937,6.963,5.123,10.459,10.454,10.464,10.505,10.459,10.446,6.253,5.312,10.473,10.465,6.527,6.385,10.502,10.431,EssenceCatalog/problems/csplib-prob010-SocialGolfers/params/2dc9508ed497f4cd2526cb28bcfe3bf6.param
-0.998,-0.996,0.97,0.414,0.984,-0.853,-0.292,-0.998,-0.995,0.943,0.99,0.927,0.329,-0.966,0.978,-0.984,0.993,-0.901,0.996,0.996,-0.991,-0.855,-0.996,0.997,0.914,0.775,-0.999,-0.95,-0.699,0.973,-0.736,0.999,0.993,0.996,0.821,-0.671,0.971,0.787,-0.994,-0.985,0.996,-0.97,-0.835,-0.961,-0.996,0.902,-0.998,0.999,-0.999,-0.971,-0.988,0.997,-0.913,0.994,0.961,-0.996,0.986,0.941,-0.964,0.928,-0.933,-0.885,-0.99,0.97,-0.996,-0.996,0.872,-0.965,-0.995,-0.973,-0.738,-0.709,0.886,0.52,0.999,-0.975,0.972,-0.981,0.988,0.997,-0.67,-0.978,0.971,0.908,0.889,0.999,-0.988,0.062,0.991,-0.943,0.992,-0.991,-0.996,-0.96,-0.941,-0.99,-0.988,0.996,-0.973,-0.98,3.956,3.042,4.157,9.465,10.141,9.976,10.202,10.403,3.878,3.352,4.245,9.453,4.471,3.963,5.171,9.503,EssenceCatalog/problems/csplib-prob010-SocialGolfers/params/3fb49dedb007ccb7126cfd62fdf23dc2.param
-0.997,-0.995,-0.951,-0.754,0.992,-0.913,-0.969,-0.999,0.942,0.995,0.992,0.607,-0.974,-0.97,0.953,0.971,0.999,-0.55,0.992,0.997,-0.996,0.98,-0.998,-0.976,0.966,0.902,-0.995,-0.927,-0.826,0.983,-0.965,0.993,0.985,-0.993,0.753,0.927,0.978,0.839,-0.964,0.377,0.999,-0.363,-0.867,-0.995,0.989,-0.627,-0.998,0.996,0.98,-0.866,-0.983,0.995,-0.972,0.999,-0.986,-0.923,-0.987,0.979,-0.833,0.682,-0.912,-0.902,-0.992,0.981,-0.996,-0.996,0.825,-0.971,-0.998,-0.975,-0.495,-0.965,0.85,0.939,0.997,-0.859,-0.929,-0.892,0.958,0.992,-0.88,-0.955,0.953,-0.965,0.92,0.995,-0.961,0.98,0.99,-0.864,0.993,0.845,-0.978,-0.977,-0.863,-0.992,-0.997,0.99,-0.995,-0.987,4.643,4.128,10.229,10.245,10.224,10.28,10.235,10.178,4.792,4.256,10.192,10.229,5.093,4.633,10.162,10.272,EssenceCatalog/problems/csplib-prob010-SocialGolfers/params/76eed38808475cdcb00b3704e431ea7a.param
-1.0,-0.996,-0.995,-0.994,-0.974,-0.995,-0.999,-1.0,0.994,-0.984,0.999,0.994,-0.998,-0.997,0.991,0.987,0.999,-0.984,0.999,1.0,-0.994,0.997,-0.999,-0.997,0.999,0.996,-1.0,-0.986,-0.992,0.963,-0.998,1.0,1.0,-0.99,0.988,0.996,0.997,0.993,-0.999,0.994,1.0,-0.993,-0.987,-0.999,0.997,0.995,-0.999,0.998,0.996,-0.997,-1.0,0.999,-0.992,1.0,-0.992,-0.994,0.997,-0.998,-0.993,0.976,-0.998,-0.988,-0.982,0.997,-0.998,-1.0,-0.991,-0.996,-0.999,-0.999,-0.984,0.068,0.994,0.996,1.0,-0.997,0.992,-0.997,0.965,0.985,-0.994,-0.982,0.991,-0.993,0.993,1.0,0.996,-0.974,0.999,-0.981,0.999,0.996,-0.999,-0.999,0.996,-0.998,-0.998,0.998,0.989,-0.809,9.562,5.789,10.459,10.459,10.445,10.546,10.559,10.509,7.565,6.089,10.421,10.398,8.041,7.854,10.434,10.48,EssenceCatalog/problems/csplib-prob010-SocialGolfers/params/b702b8c907aa3dba057809137b67ae77.param
-0.997,-0.975,-0.917,-0.717,0.951,-0.964,-0.966,-0.998,0.955,0.702,0.988,0.541,-0.985,-0.913,0.862,0.98,0.994,-0.595,0.991,0.995,-0.972,0.989,-0.995,-0.988,0.972,0.873,-0.997,-0.804,-0.886,0.957,-0.973,0.993,0.994,-0.989,0.786,0.968,0.983,0.816,-0.945,0.873,0.995,-0.715,-0.878,-0.988,0.987,0.835,-0.997,0.996,0.988,-0.938,-0.986,0.993,-0.908,0.998,-0.979,-0.875,0.266,0.655,-0.623,0.522,-0.972,-0.777,-0.961,0.974,-0.994,-0.993,-0.574,-0.948,-0.994,-0.975,-0.558,-0.808,0.686,0.979,0.996,-0.965,0.297,-0.961,0.756,0.965,-0.902,-0.836,0.861,-0.95,0.827,0.996,0.606,0.915,0.988,-0.921,0.994,0.958,-0.986,-0.994,0.568,-0.991,-0.994,0.991,-0.922,-0.946,6.495,5.013,10.438,10.394,10.42,10.441,10.404,10.406,6.017,5.193,10.453,10.414,6.278,6.126,10.465,10.398,EssenceCatalog/problems/csplib-prob010-SocialGolfers/params/4f26bdb13440001bdf8cf622517c8c50.param
-0.997,-0.98,-0.942,-0.806,0.948,-0.967,-0.975,-0.998,0.964,0.892,0.988,0.634,-0.989,-0.933,0.899,0.977,0.995,-0.546,0.987,0.995,-0.98,0.991,-0.995,-0.989,0.98,0.898,-0.997,-0.818,-0.851,0.971,-0.978,0.994,0.993,-0.993,0.621,0.942,0.978,0.858,-0.951,0.77,0.995,-0.744,-0.796,-0.988,0.992,0.516,-0.997,0.997,0.99,-0.921,-0.985,0.992,-0.914,0.998,-0.988,-0.93,-0.342,0.449,-0.802,0.633,-0.973,-0.809,-0.97,0.974,-0.996,-0.992,-0.483,-0.967,-0.993,-0.976,-0.559,-0.867,0.836,0.976,0.997,-0.917,-0.04,-0.934,0.753,0.981,-0.874,-0.805,0.886,-0.976,0.814,0.997,-0.113,0.874,0.988,-0.867,0.992,0.953,-0.987,-0.995,0.159,-0.992,-0.993,0.994,-0.916,-0.949,6.049,4.739,10.45,10.389,10.388,10.422,10.381,10.339,5.69,4.895,10.45,10.387,5.96,5.724,10.442,10.392,EssenceCatalog/problems/csplib-prob010-SocialGolfers/params/4cba373de4583a47f16f234862540986.param
0.885,0.236,0.357,-0.151,0.927,0.925,-0.613,0.448,0.207,0.936,-0.864,-0.218,-0.229,-0.119,-0.497,-0.205,0.274,0.519,-0.454,-0.898,0.323,-0.982,0.022,0.512,0.854,0.73,0.983,0.148,-0.007,0.159,0.12,-0.93,-0.947,0.111,0.08,-0.829,-0.676,-0.885,0.831,-0.662,0.204,0.728,-0.377,-0.512,-0.119,-0.699,0.865,-0.957,0.003,0.48,0.832,-0.748,-0.176,-0.099,0.162,0.848,-0.983,0.981,0.736,-0.468,0.982,0.136,-0.004,-0.772,0.635,0.375,0.974,0.707,-0.042,0.516,0.284,-0.979,-0.22,-0.749,-0.973,0.763,-0.962,0.47,0.104,-0.356,0.848,0.04,-0.511,-0.636,0.459,-0.964,-0.789,0.996,-0.78,-0.315,-0.75,-0.788,0.962,0.969,-0.984,0.746,0.138,-0.943,-0.938,0.286,0.336,0.303,0.379,1.322,0.192,0.03,0.38,1.209,0.221,0.264,0.495,1.273,0.264,0.149,0.565,1.21,EssenceCatalog/problems/csplib-prob010-SocialGolfers/params/ord02-5-3-2.param
-0.999,-0.995,-0.967,-0.874,0.95,-0.952,-0.976,-0.999,0.94,0.994,0.995,0.817,-0.986,-0.978,0.964,0.981,0.999,-0.691,0.993,0.998,-0.995,0.994,-0.998,-0.98,0.964,0.86,-0.998,-0.936,-0.849,0.983,-0.974,0.997,0.993,-0.992,0.617,0.9,0.972,0.875,-0.984,0.525,0.998,-0.562,-0.721,-0.991,0.992,-0.646,-0.999,0.999,0.981,-0.903,-0.991,0.996,-0.977,0.999,-0.991,-0.969,-0.957,0.617,-0.943,0.765,-0.974,-0.897,-0.993,0.985,-0.997,-0.997,0.0,-0.982,-0.998,-0.986,-0.62,-0.853,0.943,0.952,0.998,-0.822,-0.502,-0.894,0.962,0.995,-0.9,-0.969,0.968,-0.975,0.919,0.997,-0.954,0.518,0.991,-0.777,0.995,0.911,-0.986,-0.993,-0.603,-0.993,-0.997,0.995,-0.967,-0.987,5.316,4.293,10.393,10.35,10.314,10.419,10.333,10.267,5.18,4.458,10.39,10.327,5.487,5.035,10.357,10.344,EssenceCatalog/problems/csplib-prob010-SocialGolfers/params/a8647ef0f3300059c4c848d963b63f81.param
-0.997,-0.973,-0.892,-0.763,0.95,-0.966,-0.983,-0.998,0.97,-0.058,0.989,0.507,-0.989,-0.907,0.818,0.972,0.994,-0.609,0.991,0.994,-0.959,0.977,-0.996,-0.989,0.988,0.948,-0.996,-0.78,-0.922,0.954,-0.979,0.994,0.996,-0.987,0.892,0.976,0.989,0.813,-0.938,0.922,0.995,-0.838,-0.943,-0.992,0.983,0.96,-0.996,0.995,0.99,-0.956,-0.987,0.994,-0.901,0.998,-0.973,-0.863,0.766,0.737,-0.476,0.486,-0.968,-0.805,-0.942,0.972,-0.995,-0.994,-0.521,-0.949,-0.993,-0.975,-0.727,-0.911,0.597,0.987,0.996,-0.983,0.352,-0.979,0.663,0.952,-0.906,-0.75,0.835,-0.963,0.836,0.996,0.902,0.97,0.99,-0.96,0.995,0.966,-0.989,-0.993,0.748,-0.993,-0.994,0.991,-0.903,-0.906,6.828,5.219,10.413,10.418,10.444,10.421,10.41,10.385,6.244,5.42,10.431,10.421,6.496,6.465,10.462,10.411,EssenceCatalog/problems/csplib-prob010-SocialGolfers/params/922b73b3bf2e553323d55680ad91a50b.param
-0.998,-0.998,0.976,0.695,0.997,-0.509,0.458,-0.999,-0.998,0.986,0.991,0.906,0.848,-0.972,0.983,-0.984,0.997,-0.876,0.998,0.996,-0.995,-0.955,-0.998,0.999,0.756,0.619,-0.997,-0.964,-0.635,0.973,-0.36,0.998,0.984,0.998,0.904,-0.527,0.976,0.832,-0.993,-0.994,0.998,-0.904,-0.91,-0.982,-0.998,0.848,-0.998,0.997,-0.999,-0.971,-0.99,0.997,-0.933,0.996,0.983,-0.987,0.912,0.997,-0.941,0.905,-0.693,-0.933,-0.994,0.978,-0.987,-0.997,0.987,-0.952,-0.997,-0.967,-0.721,-0.856,0.589,0.024,0.998,-0.971,0.919,-0.972,0.991,0.991,-0.657,-0.984,0.979,0.97,0.914,0.997,-0.995,0.861,0.994,-0.97,0.993,-0.998,-0.992,-0.749,-0.988,-0.983,-0.992,0.985,-0.995,-0.986,3.482,2.828,3.815,9.183,9.955,9.685,10.004,10.391,3.603,3.159,3.862,9.204,4.156,3.647,4.836,9.293,EssenceCatalog/problems/csplib-prob010-SocialGolfers/params/ord15-8-10-3.param
-0.998,-0.97,-0.874,-0.77,0.922,-0.971,-0.984,-0.999,0.962,-0.579,0.991,0.631,-0.989,-0.902,0.819,0.964,0.994,-0.673,0.993,0.994,-0.95,0.969,-0.996,-0.987,0.989,0.954,-0.996,-0.806,-0.938,0.936,-0.978,0.995,0.997,-0.976,0.936,0.982,0.993,0.838,-0.954,0.943,0.996,-0.885,-0.961,-0.993,0.973,0.983,-0.997,0.993,0.986,-0.97,-0.991,0.995,-0.914,0.998,-0.958,-0.846,0.923,0.648,-0.47,0.525,-0.972,-0.841,-0.936,0.976,-0.994,-0.996,-0.686,-0.953,-0.993,-0.98,-0.8,-0.871,0.525,0.988,0.996,-0.99,0.655,-0.987,0.647,0.929,-0.921,-0.784,0.841,-0.95,0.859,0.997,0.967,0.961,0.991,-0.971,0.997,0.965,-0.991,-0.993,0.851,-0.993,-0.994,0.99,-0.835,-0.873,7.222,5.37,10.41,10.463,10.477,10.447,10.454,10.421,6.484,5.59,10.424,10.45,6.733,6.739,10.469,10.442,EssenceCatalog/problems/csplib-prob010-SocialGolfers/params/65dd8a3ef1a411256f4999915d1df171.param
-0.996,-0.994,-0.949,-0.796,0.989,-0.936,-0.978,-0.999,0.957,0.992,0.991,0.596,-0.983,-0.964,0.942,0.968,0.998,-0.529,0.991,0.997,-0.994,0.983,-0.998,-0.981,0.976,0.916,-0.996,-0.908,-0.817,0.984,-0.973,0.995,0.988,-0.994,0.694,0.913,0.978,0.835,-0.959,0.463,0.998,-0.511,-0.847,-0.994,0.991,-0.495,-0.998,0.997,0.984,-0.865,-0.981,0.995,-0.964,0.999,-0.989,-0.938,-0.975,0.965,-0.83,0.692,-0.939,-0.884,-0.99,0.979,-0.997,-0.995,0.71,-0.972,-0.997,-0.974,-0.52,-0.965,0.873,0.956,0.997,-0.858,-0.897,-0.899,0.942,0.993,-0.867,-0.934,0.944,-0.974,0.908,0.996,-0.944,0.977,0.991,-0.853,0.993,0.878,-0.982,-0.987,-0.794,-0.994,-0.997,0.993,-0.993,-0.984,4.749,4.184,10.284,10.286,10.256,10.318,10.268,10.202,4.871,4.312,10.256,10.266,5.163,4.727,10.224,10.306,EssenceCatalog/problems/csplib-prob010-SocialGolfers/params/d726830533ded40b51d8683fd4b1d807.param
-0.997,-0.982,-0.942,-0.786,0.962,-0.963,-0.973,-0.998,0.964,0.917,0.988,0.588,-0.987,-0.933,0.896,0.979,0.995,-0.553,0.988,0.995,-0.982,0.99,-0.995,-0.988,0.977,0.891,-0.996,-0.826,-0.85,0.972,-0.977,0.993,0.992,-0.993,0.653,0.944,0.979,0.841,-0.944,0.761,0.995,-0.699,-0.817,-0.989,0.992,0.496,-0.997,0.997,0.99,-0.915,-0.984,0.992,-0.917,0.998,-0.988,-0.916,-0.524,0.675,-0.764,0.612,-0.969,-0.809,-0.972,0.974,-0.996,-0.992,-0.357,-0.963,-0.994,-0.975,-0.528,-0.886,0.807,0.975,0.997,-0.921,-0.213,-0.933,0.778,0.981,-0.874,-0.829,0.884,-0.974,0.829,0.996,-0.184,0.918,0.988,-0.876,0.993,0.949,-0.985,-0.993,0.064,-0.992,-0.994,0.993,-0.947,-0.955,5.784,4.657,10.441,10.368,10.367,10.399,10.365,10.319,5.544,4.81,10.437,10.361,5.812,5.553,10.42,10.384,EssenceCatalog/problems/csplib-prob010-SocialGolfers/params/8aa0e694a245ab6b274bbf704962303e.param
-1.0,-0.995,-0.994,-0.994,-0.978,-0.994,-0.999,-1.0,0.993,-0.985,0.999,0.994,-0.998,-0.996,0.99,0.986,0.998,-0.984,0.999,1.0,-0.993,0.996,-0.999,-0.997,0.999,0.995,-0.999,-0.984,-0.991,0.953,-0.998,0.999,1.0,-0.987,0.987,0.995,0.996,0.992,-0.998,0.993,0.999,-0.992,-0.985,-0.999,0.997,0.995,-0.999,0.997,0.996,-0.996,-1.0,0.998,-0.992,1.0,-0.991,-0.993,0.997,-0.998,-0.993,0.976,-0.998,-0.988,-0.978,0.996,-0.997,-1.0,-0.992,-0.996,-0.998,-0.999,-0.986,0.069,0.994,0.996,0.999,-0.996,0.992,-0.996,0.956,0.981,-0.993,-0.98,0.991,-0.992,0.993,1.0,0.996,-0.978,0.999,-0.981,0.999,0.996,-0.998,-0.999,0.995,-0.998,-0.998,0.998,0.991,-0.744,9.558,5.784,10.443,10.444,10.427,10.527,10.543,10.492,7.558,6.083,10.403,10.382,8.033,7.85,10.417,10.464,EssenceCatalog/problems/csplib-prob010-SocialGolfers/params/dabfc07360e708e71774890b888b553b.param
-0.997,-0.972,-0.885,-0.744,0.944,-0.966,-0.981,-0.998,0.965,-0.291,0.99,0.559,-0.988,-0.901,0.815,0.971,0.994,-0.648,0.993,0.994,-0.957,0.973,-0.996,-0.988,0.987,0.944,-0.996,-0.795,-0.93,0.944,-0.976,0.994,0.996,-0.982,0.919,0.98,0.991,0.818,-0.945,0.933,0.996,-0.844,-0.954,-0.993,0.979,0.974,-0.997,0.993,0.988,-0.963,-0.989,0.994,-0.911,0.998,-0.966,-0.828,0.838,0.746,-0.425,0.485,-0.967,-0.823,-0.941,0.975,-0.994,-0.995,-0.598,-0.946,-0.993,-0.977,-0.752,-0.887,0.519,0.987,0.995,-0.987,0.482,-0.983,0.663,0.935,-0.917,-0.788,0.837,-0.953,0.85,0.996,0.942,0.97,0.99,-0.966,0.996,0.965,-0.988,-0.992,0.799,-0.992,-0.994,0.989,-0.89,-0.896,6.969,5.278,10.401,10.42,10.442,10.414,10.414,10.393,6.336,5.49,10.416,10.418,6.584,6.566,10.451,10.409,EssenceCatalog/problems/csplib-prob010-SocialGolfers/params/83aeb8220674816fe98d183c17a3e4fe.param
-0.996,-0.977,-0.903,-0.707,0.97,-0.957,-0.974,-0.998,0.964,0.561,0.988,0.422,-0.985,-0.91,0.83,0.977,0.995,-0.608,0.991,0.994,-0.969,0.98,-0.996,-0.988,0.978,0.911,-0.996,-0.784,-0.899,0.961,-0.973,0.992,0.994,-0.989,0.847,0.972,0.986,0.783,-0.93,0.888,0.996,-0.728,-0.922,-0.991,0.985,0.91,-0.997,0.995,0.989,-0.939,-0.985,0.993,-0.907,0.998,-0.977,-0.841,0.295,0.848,-0.457,0.449,-0.963,-0.787,-0.956,0.972,-0.995,-0.993,-0.375,-0.94,-0.993,-0.972,-0.616,-0.903,0.577,0.982,0.995,-0.975,0.026,-0.97,0.718,0.957,-0.901,-0.802,0.836,-0.957,0.832,0.995,0.734,0.973,0.988,-0.943,0.994,0.96,-0.984,-0.991,0.575,-0.992,-0.994,0.99,-0.951,-0.938,6.297,4.993,10.41,10.337,10.375,10.364,10.344,10.351,5.922,5.178,10.424,10.358,6.175,6.059,10.428,10.356,EssenceCatalog/problems/csplib-prob010-SocialGolfers/params/1712ce7ed0444f5676d977ba13c3313b.param
-0.998,-0.993,-0.962,-0.801,0.975,-0.954,-0.966,-0.999,0.955,0.99,0.993,0.665,-0.983,-0.967,0.947,0.982,0.998,-0.601,0.992,0.997,-0.994,0.994,-0.997,-0.986,0.956,0.832,-0.997,-0.907,-0.827,0.98,-0.971,0.995,0.992,-0.995,0.643,0.936,0.974,0.864,-0.967,0.621,0.998,-0.551,-0.785,-0.99,0.993,-0.48,-0.998,0.998,0.988,-0.884,-0.986,0.995,-0.963,0.999,-0.992,-0.952,-0.948,0.85,-0.88,0.696,-0.969,-0.867,-0.988,0.982,-0.997,-0.996,0.154,-0.972,-0.997,-0.981,-0.498,-0.88,0.902,0.956,0.998,-0.846,-0.654,-0.9,0.943,0.994,-0.889,-0.948,0.948,-0.974,0.901,0.997,-0.906,0.861,0.99,-0.807,0.994,0.924,-0.986,-0.992,-0.534,-0.992,-0.997,0.995,-0.981,-0.983,5.103,4.29,10.377,10.314,10.282,10.368,10.302,10.24,5.091,4.441,10.365,10.293,5.375,4.952,10.332,10.32,EssenceCatalog/problems/csplib-prob010-SocialGolfers/params/81468f8df7e3f25edac907930600841b.param
-1.0,-0.996,-0.993,-0.993,-0.975,-0.994,-0.998,-1.0,0.982,-0.97,0.999,0.996,-0.997,-0.997,0.992,0.983,0.999,-0.985,0.999,1.0,-0.995,0.997,-0.999,-0.993,0.999,0.993,-1.0,-0.988,-0.992,0.958,-0.998,1.0,1.0,-0.974,0.987,0.995,0.996,0.993,-0.999,0.988,1.0,-0.99,-0.979,-0.999,0.994,0.993,-1.0,0.998,0.988,-0.997,-1.0,0.998,-0.992,1.0,-0.982,-0.993,0.996,-0.998,-0.995,0.977,-0.997,-0.988,-0.987,0.997,-0.997,-1.0,-0.991,-0.996,-0.999,-0.999,-0.981,0.417,0.993,0.995,1.0,-0.996,0.993,-0.997,0.976,0.981,-0.994,-0.989,0.993,-0.984,0.992,1.0,0.991,-0.989,0.999,-0.978,0.999,0.994,-0.998,-0.999,0.994,-0.998,-0.998,0.997,0.991,-0.849,9.571,5.768,10.403,10.404,10.399,10.503,10.531,10.48,7.56,6.073,10.375,10.343,8.047,7.833,10.375,10.429,EssenceCatalog/problems/csplib-prob010-SocialGolfers/params/e1108dfd3ba169f69548b88188c4e383.param
-0.997,-0.974,-0.907,-0.696,0.95,-0.965,-0.966,-0.998,0.954,0.549,0.989,0.535,-0.984,-0.907,0.852,0.978,0.994,-0.616,0.992,0.994,-0.969,0.987,-0.995,-0.988,0.972,0.877,-0.997,-0.802,-0.896,0.952,-0.972,0.993,0.995,-0.988,0.826,0.973,0.985,0.814,-0.944,0.894,0.995,-0.744,-0.9,-0.989,0.984,0.892,-0.997,0.996,0.988,-0.944,-0.987,0.993,-0.908,0.998,-0.976,-0.86,0.47,0.683,-0.568,0.507,-0.973,-0.779,-0.957,0.974,-0.994,-0.994,-0.601,-0.945,-0.994,-0.975,-0.584,-0.802,0.642,0.98,0.996,-0.973,0.367,-0.968,0.746,0.959,-0.908,-0.836,0.855,-0.944,0.833,0.996,0.747,0.927,0.988,-0.934,0.995,0.96,-0.986,-0.993,0.654,-0.991,-0.994,0.991,-0.918,-0.941,6.635,5.091,10.429,10.399,10.427,10.442,10.41,10.414,6.114,5.279,10.448,10.418,6.373,6.25,10.467,10.4,EssenceCatalog/problems/csplib-prob010-SocialGolfers/params/085e548a4e187a8a384cdd36481c122b.param
-0.999,-0.989,-0.974,-0.908,0.696,-0.97,-0.98,-0.999,0.944,0.962,0.994,0.889,-0.99,-0.972,0.959,0.988,0.997,-0.766,0.992,0.998,-0.991,0.996,-0.996,-0.986,0.974,0.875,-0.998,-0.927,-0.887,0.972,-0.982,0.996,0.996,-0.99,0.609,0.938,0.973,0.903,-0.988,0.76,0.997,-0.714,-0.669,-0.987,0.994,-0.073,-0.998,0.998,0.986,-0.946,-0.994,0.994,-0.966,0.999,-0.989,-0.968,-0.6,-0.603,-0.955,0.805,-0.984,-0.901,-0.989,0.984,-0.997,-0.997,-0.787,-0.983,-0.997,-0.989,-0.685,-0.562,0.945,0.968,0.998,-0.887,0.535,-0.93,0.925,0.988,-0.919,-0.953,0.961,-0.972,0.902,0.998,-0.661,-0.445,0.991,-0.782,0.994,0.96,-0.987,-0.997,0.243,-0.991,-0.996,0.994,-0.632,-0.971,6.9,4.757,10.438,10.391,10.386,10.49,10.414,10.367,6.033,4.955,10.428,10.37,6.376,5.968,10.421,10.355,EssenceCatalog/problems/csplib-prob010-SocialGolfers/params/540e761bda58baa5a77e3adaa9ce1102.param
-0.997,-0.986,-0.947,-0.735,0.965,-0.959,-0.958,-0.999,0.952,0.959,0.99,0.58,-0.982,-0.945,0.916,0.984,0.997,-0.601,0.991,0.996,-0.986,0.994,-0.996,-0.987,0.951,0.796,-0.997,-0.852,-0.846,0.972,-0.97,0.994,0.993,-0.993,0.679,0.956,0.975,0.838,-0.953,0.787,0.996,-0.597,-0.808,-0.987,0.991,0.241,-0.998,0.998,0.989,-0.91,-0.985,0.994,-0.936,0.998,-0.988,-0.919,-0.706,0.754,-0.776,0.604,-0.974,-0.801,-0.979,0.978,-0.996,-0.994,-0.354,-0.957,-0.995,-0.979,-0.431,-0.788,0.825,0.967,0.997,-0.916,-0.172,-0.93,0.891,0.987,-0.896,-0.916,0.913,-0.961,0.869,0.997,-0.438,0.853,0.989,-0.852,0.994,0.946,-0.986,-0.994,0.083,-0.991,-0.996,0.993,-0.962,-0.974,5.667,4.572,10.426,10.33,10.34,10.392,10.35,10.309,5.465,4.734,10.42,10.327,5.741,5.412,10.401,10.35,EssenceCatalog/problems/csplib-prob010-SocialGolfers/params/d025afcbb4296177e603075368db9122.param
-0.996,-0.981,-0.914,-0.697,0.978,-0.951,-0.971,-0.998,0.962,0.806,0.987,0.403,-0.984,-0.918,0.848,0.978,0.995,-0.595,0.991,0.994,-0.976,0.982,-0.996,-0.988,0.974,0.894,-0.995,-0.793,-0.882,0.968,-0.972,0.992,0.993,-0.991,0.809,0.966,0.984,0.773,-0.927,0.846,0.996,-0.654,-0.905,-0.991,0.987,0.822,-0.997,0.995,0.989,-0.925,-0.983,0.993,-0.915,0.998,-0.98,-0.846,-0.217,0.893,-0.493,0.474,-0.959,-0.785,-0.965,0.973,-0.995,-0.993,-0.209,-0.941,-0.994,-0.971,-0.544,-0.912,0.616,0.978,0.995,-0.965,-0.248,-0.96,0.768,0.967,-0.893,-0.832,0.851,-0.959,0.84,0.995,0.441,0.975,0.988,-0.928,0.994,0.952,-0.982,-0.99,0.355,-0.992,-0.995,0.99,-0.969,-0.954,5.876,4.8,10.411,10.302,10.334,10.331,10.315,10.316,5.653,4.973,10.41,10.316,5.913,5.727,10.398,10.337,EssenceCatalog/problems/csplib-prob010-SocialGolfers/params/209b24df5ed5f17d901614dc4ec44157.param
-0.998,-0.966,-0.953,-0.926,0.584,-0.987,-0.993,-0.998,0.987,-0.51,0.992,0.843,-0.996,-0.937,0.889,0.977,0.992,-0.605,0.987,0.996,-0.963,0.992,-0.994,-0.995,0.998,0.98,-0.997,-0.844,-0.941,0.95,-0.992,0.996,0.997,-0.993,0.83,0.972,0.989,0.928,-0.973,0.94,0.994,-0.942,-0.903,-0.991,0.995,0.949,-0.995,0.997,0.996,-0.973,-0.993,0.994,-0.904,0.997,-0.989,-0.958,0.945,-0.791,-0.875,0.78,-0.988,-0.871,-0.929,0.977,-0.997,-0.994,-0.904,-0.983,-0.991,-0.983,-0.856,-0.868,0.893,0.992,0.998,-0.969,0.784,-0.976,0.419,0.969,-0.913,-0.569,0.878,-0.99,0.827,0.998,0.917,0.62,0.992,-0.939,0.995,0.984,-0.995,-0.998,0.84,-0.994,-0.99,0.996,0.045,-0.757,8.17,5.516,10.432,10.478,10.45,10.464,10.452,10.378,6.873,5.738,10.441,10.446,7.178,7.233,10.479,10.416,EssenceCatalog/problems/csplib-prob010-SocialGolfers/params/d70c862996ede1ea63d2864b697e5fde.param
-0.999,-0.993,-0.971,-0.878,0.911,-0.961,-0.975,-0.999,0.948,0.99,0.995,0.829,-0.987,-0.975,0.961,0.986,0.998,-0.722,0.992,0.998,-0.994,0.996,-0.997,-0.984,0.959,0.836,-0.998,-0.93,-0.858,0.98,-0.976,0.996,0.994,-0.993,0.601,0.921,0.972,0.882,-0.983,0.648,0.998,-0.599,-0.701,-0.989,0.994,-0.498,-0.999,0.999,0.985,-0.916,-0.992,0.995,-0.973,0.999,-0.992,-0.969,-0.914,0.28,-0.942,0.773,-0.979,-0.891,-0.991,0.985,-0.997,-0.997,-0.383,-0.98,-0.997,-0.987,-0.624,-0.767,0.943,0.958,0.998,-0.842,-0.192,-0.906,0.953,0.994,-0.906,-0.966,0.964,-0.976,0.916,0.998,-0.91,0.206,0.991,-0.771,0.995,0.937,-0.986,-0.995,-0.344,-0.992,-0.997,0.995,-0.933,-0.985,5.759,4.418,10.432,10.359,10.343,10.438,10.359,10.295,5.424,4.59,10.427,10.335,5.738,5.293,10.402,10.351,EssenceCatalog/problems/csplib-prob010-SocialGolfers/params/1af041b54fe4049e7bce8fb5a4d4c58d.param
-0.997,-0.985,-0.956,-0.838,0.936,-0.966,-0.975,-0.999,0.96,0.953,0.99,0.706,-0.988,-0.95,0.926,0.981,0.996,-0.592,0.988,0.996,-0.986,0.994,-0.996,-0.988,0.976,0.88,-0.997,-0.857,-0.838,0.975,-0.978,0.994,0.993,-0.993,0.551,0.931,0.974,0.869,-0.964,0.721,0.996,-0.704,-0.739,-0.987,0.993,0.147,-0.997,0.998,0.989,-0.915,-0.987,0.993,-0.934,0.998,-0.991,-0.946,-0.669,0.347,-0.87,0.68,-0.974,-0.835,-0.98,0.977,-0.997,-0.994,-0.479,-0.974,-0.995,-0.98,-0.559,-0.836,0.886,0.971,0.998,-0.882,-0.1,-0.917,0.84,0.987,-0.878,-0.874,0.915,-0.977,0.844,0.997,-0.544,0.739,0.989,-0.82,0.993,0.949,-0.986,-0.995,-0.034,-0.992,-0.994,0.994,-0.916,-0.963,5.874,4.588,10.448,10.378,10.365,10.419,10.37,10.314,5.549,4.746,10.441,10.365,5.831,5.509,10.425,10.376,EssenceCatalog/problems/csplib-prob010-SocialGolfers/params/a946865e3601e61418836e522bcc5458.param
-0.999,-0.99,-0.983,-0.773,0.575,-0.967,-0.91,-0.999,0.956,0.963,0.995,0.803,-0.964,-0.971,0.949,0.998,0.998,-0.888,0.994,0.997,-0.991,0.999,-0.997,-0.993,0.247,-0.132,-0.997,-0.945,-0.912,0.95,-0.955,0.994,0.994,-0.994,0.833,0.989,0.973,0.923,-0.987,0.947,0.998,-0.407,-0.834,-0.975,0.994,0.001,-0.999,0.997,0.992,-0.945,-0.994,0.993,-0.98,0.999,-0.989,-0.931,-0.766,-0.248,-0.881,0.754,-0.986,-0.883,-0.984,0.989,-0.985,-0.998,-0.911,-0.943,-0.997,-0.992,-0.342,0.565,0.838,0.931,0.995,-0.943,0.225,-0.948,0.968,0.977,-0.964,-0.98,0.958,-0.926,0.952,0.996,-0.18,-0.74,0.99,-0.648,0.996,0.981,-0.973,-0.99,0.766,-0.976,-0.997,0.988,-0.617,-0.981,6.853,4.655,10.139,9.798,9.964,10.046,10.074,10.1,5.96,4.872,10.184,9.815,6.375,5.819,10.108,9.873,EssenceCatalog/problems/csplib-prob010-SocialGolfers/params/204883f9d91200b874a50ce9394076e3.param
-1.0,-0.992,-0.992,-0.991,-0.965,-0.995,-0.998,-1.0,0.994,-0.988,0.999,0.989,-0.998,-0.993,0.98,0.985,0.997,-0.967,0.998,1.0,-0.989,0.997,-0.999,-0.997,0.999,0.996,-0.999,-0.977,-0.989,0.931,-0.998,0.999,1.0,-0.988,0.978,0.994,0.996,0.991,-0.998,0.99,0.999,-0.991,-0.98,-0.998,0.997,0.995,-0.999,0.997,0.997,-0.996,-0.999,0.998,-0.986,1.0,-0.992,-0.991,0.998,-0.998,-0.989,0.968,-0.998,-0.982,-0.962,0.996,-0.998,-0.999,-0.992,-0.995,-0.997,-0.998,-0.982,-0.304,0.991,0.997,1.0,-0.994,0.99,-0.996,0.862,0.973,-0.988,-0.942,0.983,-0.992,0.985,1.0,0.996,-0.959,0.998,-0.975,0.999,0.997,-0.998,-0.999,0.993,-0.998,-0.997,0.998,0.989,-0.527,9.504,5.779,10.432,10.438,10.406,10.498,10.51,10.454,7.521,6.069,10.38,10.376,7.978,7.84,10.41,10.449,EssenceCatalog/problems/csplib-prob010-SocialGolfers/params/aaf3d3874a9f5abeb448f899e884a2cb.param
-0.996,-0.988,-0.926,-0.631,0.987,-0.933,-0.959,-0.999,0.945,0.949,0.989,0.394,-0.975,-0.936,0.882,0.98,0.997,-0.608,0.993,0.995,-0.986,0.982,-0.997,-0.985,0.955,0.842,-0.995,-0.849,-0.872,0.972,-0.965,0.991,0.991,-0.991,0.817,0.965,0.983,0.761,-0.937,0.784,0.997,-0.469,-0.901,-0.993,0.985,0.573,-0.998,0.995,0.985,-0.912,-0.982,0.993,-0.94,0.998,-0.98,-0.822,-0.777,0.963,-0.52,0.495,-0.943,-0.81,-0.98,0.977,-0.995,-0.995,0.211,-0.938,-0.996,-0.973,-0.424,-0.911,0.623,0.968,0.995,-0.956,-0.568,-0.951,0.888,0.976,-0.901,-0.918,0.895,-0.942,0.887,0.995,-0.164,0.98,0.989,-0.922,0.994,0.929,-0.978,-0.985,-0.052,-0.991,-0.997,0.987,-0.988,-0.976,5.27,4.511,10.353,10.236,10.247,10.275,10.249,10.24,5.26,4.672,10.33,10.24,5.525,5.218,10.299,10.28,EssenceCatalog/problems/csplib-prob010-SocialGolfers/params/c87f30120ca5014e2077c07f533814de.param
-0.997,-0.971,-0.883,-0.747,0.93,-0.97,-0.983,-0.998,0.967,-0.429,0.99,0.57,-0.989,-0.902,0.817,0.97,0.994,-0.668,0.993,0.994,-0.955,0.976,-0.996,-0.989,0.987,0.948,-0.997,-0.794,-0.934,0.944,-0.977,0.994,0.996,-0.983,0.923,0.982,0.991,0.837,-0.947,0.943,0.996,-0.867,-0.955,-0.992,0.98,0.977,-0.997,0.994,0.989,-0.965,-0.99,0.994,-0.91,0.998,-0.967,-0.856,0.891,0.663,-0.457,0.491,-0.973,-0.824,-0.936,0.975,-0.995,-0.995,-0.652,-0.949,-0.993,-0.977,-0.768,-0.874,0.569,0.987,0.996,-0.988,0.568,-0.985,0.66,0.94,-0.921,-0.778,0.842,-0.954,0.853,0.997,0.953,0.961,0.99,-0.966,0.996,0.969,-0.99,-0.993,0.844,-0.993,-0.994,0.991,-0.861,-0.895,7.12,5.33,10.415,10.446,10.467,10.439,10.439,10.411,6.422,5.548,10.43,10.439,6.673,6.666,10.469,10.43,EssenceCatalog/problems/csplib-prob010-SocialGolfers/params/ca9e644e2154b207ac9be09249914300.param
-0.997,-0.974,-0.888,-0.708,0.964,-0.961,-0.977,-0.998,0.961,0.148,0.989,0.492,-0.986,-0.903,0.822,0.972,0.995,-0.623,0.992,0.994,-0.963,0.974,-0.996,-0.988,0.982,0.927,-0.996,-0.786,-0.915,0.952,-0.974,0.993,0.995,-0.985,0.894,0.977,0.989,0.794,-0.937,0.911,0.996,-0.792,-0.944,-0.992,0.98,0.956,-0.997,0.994,0.988,-0.954,-0.987,0.994,-0.91,0.998,-0.968,-0.824,0.649,0.829,-0.405,0.455,-0.964,-0.802,-0.95,0.973,-0.994,-0.995,-0.47,-0.941,-0.993,-0.976,-0.684,-0.897,0.518,0.985,0.995,-0.984,0.258,-0.979,0.697,0.945,-0.909,-0.804,0.839,-0.952,0.844,0.996,0.882,0.976,0.989,-0.96,0.995,0.959,-0.986,-0.991,0.697,-0.992,-0.994,0.989,-0.934,-0.924,6.632,5.145,10.395,10.376,10.405,10.386,10.375,10.372,6.134,5.343,10.412,10.388,6.383,6.32,10.434,10.377,EssenceCatalog/problems/csplib-prob010-SocialGolfers/params/883a086c151a4fdac589b486013f5f3d.param
-0.996,-0.99,-0.939,-0.769,0.986,-0.945,-0.978,-0.999,0.96,0.971,0.99,0.476,-0.985,-0.949,0.906,0.973,0.997,-0.547,0.99,0.996,-0.988,0.983,-0.997,-0.985,0.976,0.905,-0.996,-0.85,-0.843,0.981,-0.973,0.993,0.991,-0.993,0.706,0.937,0.979,0.804,-0.946,0.668,0.997,-0.567,-0.869,-0.993,0.989,0.236,-0.998,0.996,0.986,-0.894,-0.981,0.994,-0.942,0.998,-0.986,-0.909,-0.877,0.94,-0.713,0.566,-0.949,-0.843,-0.982,0.977,-0.997,-0.994,0.345,-0.962,-0.996,-0.973,-0.509,-0.951,0.781,0.969,0.997,-0.922,-0.73,-0.931,0.874,0.985,-0.873,-0.884,0.909,-0.97,0.874,0.995,-0.646,0.977,0.99,-0.884,0.993,0.922,-0.982,-0.99,-0.404,-0.993,-0.996,0.992,-0.987,-0.974,5.066,4.378,10.358,10.298,10.274,10.329,10.285,10.226,5.103,4.52,10.342,10.286,5.377,5.028,10.303,10.32,EssenceCatalog/problems/csplib-prob010-SocialGolfers/params/563fd15fb4f103bb428900a337e39593.param
-0.997,-0.993,-0.965,-0.794,0.982,-0.944,-0.968,-0.999,0.96,0.992,0.992,0.646,-0.982,-0.966,0.947,0.981,0.998,-0.588,0.991,0.997,-0.994,0.992,-0.998,-0.986,0.961,0.867,-0.996,-0.911,-0.826,0.982,-0.971,0.994,0.989,-0.995,0.665,0.931,0.976,0.864,-0.964,0.559,0.998,-0.492,-0.807,-0.992,0.993,-0.504,-0.998,0.997,0.987,-0.877,-0.985,0.995,-0.964,0.999,-0.992,-0.939,-0.969,0.903,-0.868,0.696,-0.956,-0.88,-0.989,0.981,-0.997,-0.996,0.383,-0.973,-0.997,-0.979,-0.498,-0.924,0.885,0.955,0.997,-0.844,-0.797,-0.894,0.939,0.992,-0.885,-0.943,0.947,-0.976,0.902,0.996,-0.919,0.923,0.99,-0.82,0.993,0.915,-0.982,-0.989,-0.66,-0.992,-0.997,0.993,-0.987,-0.983,4.938,4.241,10.345,10.3,10.267,10.343,10.283,10.224,4.988,4.381,10.325,10.278,5.276,4.845,10.292,10.314,EssenceCatalog/problems/csplib-prob010-SocialGolfers/params/515ddc993685cd749e656c89a2253fb1.param
-0.998,-0.992,-0.962,-0.802,0.955,-0.962,-0.961,-0.999,0.943,0.986,0.993,0.718,-0.982,-0.969,0.948,0.986,0.998,-0.677,0.993,0.998,-0.992,0.996,-0.997,-0.983,0.93,0.743,-0.998,-0.905,-0.848,0.978,-0.971,0.996,0.994,-0.993,0.641,0.945,0.973,0.878,-0.975,0.709,0.998,-0.562,-0.772,-0.988,0.991,-0.276,-0.999,0.999,0.985,-0.91,-0.989,0.995,-0.966,0.999,-0.99,-0.957,-0.895,0.665,-0.899,0.69,-0.978,-0.86,-0.988,0.984,-0.997,-0.997,-0.307,-0.97,-0.997,-0.984,-0.474,-0.738,0.897,0.955,0.998,-0.879,-0.264,-0.917,0.946,0.993,-0.916,-0.957,0.952,-0.963,0.91,0.998,-0.83,0.597,0.991,-0.8,0.995,0.942,-0.987,-0.994,-0.224,-0.992,-0.997,0.995,-0.962,-0.985,5.546,4.426,10.423,10.338,10.334,10.419,10.356,10.302,5.348,4.594,10.42,10.323,5.643,5.226,10.393,10.345,EssenceCatalog/problems/csplib-prob010-SocialGolfers/params/1923bdfa10776f65f3cfaaae6cd4b107.param
-0.999,-0.987,-0.978,-0.898,0.439,-0.981,-0.979,-0.999,0.968,0.854,0.995,0.86,-0.99,-0.971,0.945,0.993,0.997,-0.812,0.994,0.998,-0.988,0.998,-0.997,-0.992,0.969,0.853,-0.999,-0.909,-0.92,0.969,-0.985,0.997,0.997,-0.994,0.777,0.976,0.977,0.922,-0.986,0.931,0.997,-0.768,-0.792,-0.986,0.995,0.617,-0.999,0.999,0.993,-0.961,-0.995,0.994,-0.959,0.999,-0.991,-0.964,0.091,-0.716,-0.936,0.789,-0.989,-0.887,-0.981,0.986,-0.996,-0.997,-0.911,-0.973,-0.996,-0.99,-0.645,-0.159,0.928,0.975,0.998,-0.946,0.771,-0.962,0.918,0.987,-0.954,-0.953,0.95,-0.967,0.917,0.998,0.202,-0.562,0.994,-0.841,0.996,0.983,-0.991,-0.998,0.787,-0.991,-0.996,0.995,-0.29,-0.97,7.827,5.171,10.492,10.44,10.447,10.564,10.519,10.511,6.616,5.4,10.499,10.434,6.985,6.662,10.504,10.419,EssenceCatalog/problems/csplib-prob010-SocialGolfers/params/95355d71f9ad69fca0a2013ed2d03cb2.param
-1.0,-0.994,-0.994,-0.994,-0.979,-0.994,-0.999,-1.0,0.993,-0.987,0.999,0.994,-0.998,-0.996,0.99,0.984,0.998,-0.983,0.999,1.0,-0.993,0.996,-0.999,-0.997,0.999,0.995,-0.999,-0.983,-0.991,0.95,-0.998,0.999,1.0,-0.986,0.986,0.995,0.996,0.992,-0.998,0.992,0.999,-0.992,-0.984,-0.999,0.997,0.995,-0.999,0.997,0.996,-0.996,-1.0,0.998,-0.991,1.0,-0.99,-0.992,0.997,-0.998,-0.993,0.976,-0.998,-0.988,-0.976,0.996,-0.997,-1.0,-0.992,-0.996,-0.998,-0.998,-0.986,0.061,0.993,0.996,0.999,-0.996,0.992,-0.996,0.951,0.979,-0.993,-0.978,0.991,-0.991,0.992,1.0,0.996,-0.979,0.999,-0.98,0.999,0.996,-0.998,-0.999,0.995,-0.998,-0.997,0.997,0.992,-0.711,9.555,5.782,10.435,10.437,10.419,10.519,10.536,10.484,7.554,6.081,10.395,10.375,8.028,7.848,10.41,10.457,EssenceCatalog/problems/csplib-prob010-SocialGolfers/params/09cd2c9b9f5ecb06e4078adf9cfae83a.param
-0.998,-0.995,0.944,-0.789,0.988,-0.855,-0.987,-0.997,-0.951,0.725,0.993,0.955,-0.959,-0.965,0.969,-0.985,0.994,-0.829,0.994,0.997,-0.978,-0.971,-0.995,0.987,0.999,0.986,-0.997,-0.928,-0.813,0.987,-0.965,0.999,0.995,0.982,0.852,-0.828,0.976,0.415,-0.987,-0.923,0.997,-0.983,-0.923,-0.992,-0.97,0.974,-0.994,0.998,-0.992,-0.975,-0.987,0.997,-0.928,0.995,0.854,-0.991,0.991,0.878,-0.93,0.854,-0.865,-0.907,-0.98,0.975,-0.997,-0.994,0.755,-0.989,-0.994,-0.961,-0.937,-0.977,0.925,0.936,0.998,-0.986,0.937,-0.988,0.978,0.996,-0.464,-0.933,0.958,-0.03,0.915,0.997,-0.887,0.94,0.994,-0.982,0.992,-0.952,-0.994,-0.98,-0.959,-0.996,-0.981,0.994,-0.975,-0.968,4.342,3.419,4.989,10.108,10.523,10.403,10.525,10.561,4.205,3.649,5.056,10.082,4.741,4.351,5.986,10.059,EssenceCatalog/problems/csplib-prob010-SocialGolfers/params/4a0cb22d603113b77f03cc371501bdba.param
-1.0,-0.995,-0.994,-0.994,-0.975,-0.995,-0.999,-1.0,0.994,-0.986,0.999,0.993,-0.998,-0.996,0.99,0.987,0.998,-0.983,0.999,1.0,-0.993,0.997,-0.999,-0.997,0.999,0.996,-0.999,-0.984,-0.992,0.959,-0.998,0.999,1.0,-0.99,0.987,0.996,0.996,0.993,-0.998,0.993,0.999,-0.993,-0.986,-0.999,0.997,0.995,-0.999,0.998,0.997,-0.996,-1.0,0.998,-0.992,1.0,-0.992,-0.993,0.997,-0.998,-0.993,0.976,-0.998,-0.988,-0.979,0.996,-0.998,-1.0,-0.992,-0.996,-0.998,-0.999,-0.985,0.021,0.994,0.996,1.0,-0.996,0.991,-0.996,0.957,0.984,-0.993,-0.979,0.991,-0.993,0.993,1.0,0.996,-0.973,0.999,-0.981,0.999,0.996,-0.999,-0.999,0.996,-0.998,-0.998,0.998,0.99,-0.77,9.556,5.789,10.456,10.457,10.44,10.54,10.553,10.502,7.56,6.087,10.416,10.396,8.034,7.853,10.431,10.477,EssenceCatalog/problems/csplib-prob010-SocialGolfers/params/a5507135a6e793d87f3f72d69136a966.param
-0.996,-0.986,-0.938,-0.707,0.981,-0.945,-0.966,-0.999,0.96,0.951,0.988,0.453,-0.981,-0.936,0.891,0.981,0.997,-0.588,0.991,0.995,-0.986,0.987,-0.997,-0.988,0.964,0.865,-0.996,-0.84,-0.855,0.973,-0.97,0.992,0.991,-0.994,0.745,0.956,0.98,0.793,-0.936,0.773,0.997,-0.541,-0.867,-0.991,0.99,0.464,-0.998,0.996,0.989,-0.902,-0.981,0.993,-0.933,0.998,-0.986,-0.872,-0.779,0.918,-0.634,0.555,-0.955,-0.807,-0.977,0.975,-0.995,-0.994,0.025,-0.95,-0.995,-0.973,-0.458,-0.911,0.724,0.97,0.996,-0.94,-0.533,-0.939,0.857,0.98,-0.887,-0.89,0.891,-0.962,0.868,0.995,-0.282,0.966,0.988,-0.898,0.993,0.941,-0.98,-0.99,-0.051,-0.992,-0.996,0.99,-0.982,-0.972,5.361,4.522,10.394,10.289,10.292,10.328,10.295,10.26,5.304,4.678,10.379,10.285,5.569,5.268,10.348,10.324,EssenceCatalog/problems/csplib-prob010-SocialGolfers/params/0a6aeba6605fa8c37db949b45740276e.param
-0.998,-0.99,-0.962,-0.801,0.96,-0.959,-0.965,-0.999,0.954,0.983,0.992,0.683,-0.983,-0.961,0.941,0.984,0.997,-0.619,0.991,0.997,-0.991,0.994,-0.997,-0.987,0.957,0.828,-0.997,-0.889,-0.832,0.977,-0.973,0.994,0.992,-0.994,0.602,0.939,0.973,0.871,-0.968,0.674,0.997,-0.588,-0.761,-0.988,0.993,-0.214,-0.998,0.998,0.988,-0.902,-0.987,0.994,-0.953,0.999,-0.991,-0.945,-0.886,0.664,-0.879,0.679,-0.972,-0.853,-0.986,0.98,-0.997,-0.995,-0.224,-0.972,-0.996,-0.981,-0.503,-0.832,0.886,0.961,0.998,-0.868,-0.36,-0.908,0.913,0.99,-0.892,-0.932,0.939,-0.971,0.883,0.997,-0.794,0.764,0.99,-0.813,0.994,0.937,-0.985,-0.993,-0.293,-0.991,-0.996,0.994,-0.962,-0.978,5.444,4.41,10.41,10.335,10.315,10.393,10.333,10.278,5.294,4.573,10.404,10.319,5.579,5.19,10.374,10.338,EssenceCatalog/problems/csplib-prob010-SocialGolfers/params/f4ef268e0b3f268d2e8c0a5588b2ec65.param
-0.997,-0.965,-0.938,-0.898,0.82,-0.982,-0.991,-0.998,0.985,-0.407,0.989,0.749,-0.996,-0.926,0.858,0.974,0.992,-0.559,0.987,0.995,-0.959,0.988,-0.994,-0.994,0.997,0.976,-0.997,-0.808,-0.935,0.956,-0.99,0.995,0.996,-0.992,0.843,0.97,0.989,0.903,-0.959,0.928,0.993,-0.926,-0.918,-0.991,0.994,0.954,-0.995,0.996,0.995,-0.967,-0.991,0.994,-0.893,0.997,-0.987,-0.939,0.914,-0.403,-0.79,0.688,-0.983,-0.853,-0.924,0.974,-0.997,-0.992,-0.818,-0.976,-0.99,-0.979,-0.832,-0.917,0.831,0.991,0.997,-0.97,0.599,-0.976,0.366,0.965,-0.896,-0.509,0.849,-0.988,0.808,0.997,0.909,0.874,0.99,-0.945,0.995,0.98,-0.993,-0.997,0.779,-0.994,-0.99,0.995,-0.428,-0.777,7.687,5.417,10.43,10.467,10.459,10.443,10.437,10.365,6.646,5.626,10.448,10.448,6.914,6.985,10.488,10.418,EssenceCatalog/problems/csplib-prob010-SocialGolfers/params/653c0295a2c97820715007591b435859.param
-0.996,-0.995,-0.947,-0.79,0.991,-0.916,-0.976,-0.999,0.946,0.995,0.992,0.618,-0.978,-0.969,0.951,0.962,0.999,-0.51,0.991,0.997,-0.996,0.977,-0.998,-0.975,0.976,0.927,-0.995,-0.924,-0.823,0.984,-0.97,0.994,0.985,-0.993,0.726,0.904,0.978,0.827,-0.964,0.329,0.998,-0.44,-0.862,-0.995,0.989,-0.622,-0.998,0.996,0.979,-0.862,-0.981,0.995,-0.97,0.999,-0.986,-0.934,-0.985,0.979,-0.843,0.705,-0.912,-0.902,-0.992,0.98,-0.997,-0.996,0.839,-0.974,-0.997,-0.973,-0.544,-0.974,0.866,0.944,0.997,-0.852,-0.928,-0.888,0.955,0.992,-0.865,-0.948,0.953,-0.969,0.919,0.995,-0.967,0.982,0.991,-0.866,0.993,0.834,-0.98,-0.981,-0.884,-0.993,-0.997,0.991,-0.995,-0.986,4.646,4.127,10.228,10.265,10.239,10.294,10.248,10.184,4.794,4.254,10.194,10.247,5.095,4.639,10.164,10.288,EssenceCatalog/problems/csplib-prob010-SocialGolfers/params/567f04063562db95f57211b9de413b90.param
-0.998,-0.968,-0.927,-0.902,0.679,-0.986,-0.993,-0.999,0.983,-0.797,0.992,0.839,-0.996,-0.937,0.877,0.968,0.993,-0.666,0.991,0.996,-0.956,0.986,-0.995,-0.993,0.998,0.981,-0.998,-0.845,-0.956,0.945,-0.991,0.997,0.998,-0.987,0.917,0.98,0.993,0.928,-0.972,0.953,0.995,-0.954,-0.948,-0.993,0.99,0.983,-0.996,0.996,0.993,-0.981,-0.994,0.996,-0.918,0.998,-0.983,-0.949,0.98,-0.598,-0.803,0.73,-0.988,-0.877,-0.922,0.98,-0.997,-0.996,-0.893,-0.98,-0.991,-0.985,-0.883,-0.878,0.85,0.992,0.998,-0.985,0.831,-0.987,0.463,0.962,-0.922,-0.605,0.874,-0.985,0.862,0.998,0.973,0.798,0.993,-0.965,0.997,0.981,-0.995,-0.997,0.9,-0.995,-0.992,0.996,-0.1,-0.753,8.152,5.573,10.474,10.533,10.519,10.512,10.508,10.438,6.909,5.804,10.484,10.5,7.2,7.274,10.531,10.48,EssenceCatalog/problems/csplib-prob010-SocialGolfers/params/68326ad887a784e62557eb540d988fef.param
-0.999,-0.993,-0.975,-0.909,0.731,-0.972,-0.981,-0.999,0.952,0.974,0.996,0.879,-0.991,-0.98,0.962,0.99,0.998,-0.814,0.993,0.998,-0.992,0.997,-0.997,-0.986,0.96,0.817,-0.998,-0.936,-0.89,0.98,-0.982,0.998,0.997,-0.992,0.662,0.936,0.975,0.908,-0.989,0.808,0.998,-0.723,-0.724,-0.987,0.994,-0.139,-0.999,0.999,0.988,-0.943,-0.995,0.995,-0.975,0.999,-0.991,-0.976,-0.713,-0.466,-0.956,0.815,-0.988,-0.899,-0.991,0.987,-0.997,-0.998,-0.794,-0.981,-0.997,-0.991,-0.661,-0.49,0.957,0.968,0.999,-0.897,0.348,-0.935,0.955,0.993,-0.929,-0.968,0.967,-0.976,0.931,0.998,-0.77,-0.513,0.993,-0.751,0.996,0.96,-0.987,-0.997,0.227,-0.993,-0.997,0.996,-0.721,-0.983,6.777,4.716,10.481,10.4,10.415,10.513,10.441,10.392,5.97,4.913,10.476,10.377,6.316,5.876,10.463,10.381,EssenceCatalog/problems/csplib-prob010-SocialGolfers/params/8d9794cda5467e0e2804369a76187529.param
-0.996,-0.988,-0.941,-0.726,0.984,-0.946,-0.97,-0.999,0.961,0.961,0.989,0.452,-0.983,-0.944,0.898,0.98,0.997,-0.588,0.99,0.996,-0.987,0.987,-0.997,-0.987,0.967,0.874,-0.996,-0.839,-0.849,0.977,-0.971,0.992,0.991,-0.994,0.728,0.953,0.98,0.81,-0.94,0.741,0.997,-0.538,-0.87,-0.992,0.99,0.388,-0.998,0.996,0.989,-0.9,-0.982,0.993,-0.937,0.998,-0.986,-0.888,-0.829,0.922,-0.668,0.543,-0.953,-0.825,-0.979,0.977,-0.996,-0.994,0.141,-0.954,-0.995,-0.973,-0.46,-0.926,0.744,0.969,0.996,-0.933,-0.643,-0.936,0.856,0.981,-0.887,-0.886,0.897,-0.965,0.869,0.995,-0.424,0.97,0.989,-0.889,0.993,0.937,-0.98,-0.989,-0.179,-0.992,-0.996,0.991,-0.983,-0.972,5.24,4.464,10.383,10.288,10.28,10.323,10.288,10.244,5.222,4.615,10.366,10.28,5.489,5.17,10.332,10.319,EssenceCatalog/problems/csplib-prob010-SocialGolfers/params/22fb412d1981500c8d78b43132a66177.param
-0.997,-0.982,-0.916,-0.645,0.98,-0.941,-0.961,-0.999,0.951,0.836,0.989,0.401,-0.978,-0.917,0.85,0.98,0.996,-0.621,0.992,0.994,-0.978,0.981,-0.996,-0.987,0.961,0.854,-0.995,-0.821,-0.889,0.963,-0.967,0.991,0.993,-0.989,0.842,0.972,0.985,0.747,-0.935,0.858,0.997,-0.577,-0.916,-0.992,0.983,0.811,-0.998,0.994,0.986,-0.928,-0.984,0.993,-0.923,0.998,-0.974,-0.791,-0.345,0.933,-0.442,0.471,-0.95,-0.793,-0.971,0.976,-0.994,-0.994,-0.14,-0.933,-0.995,-0.974,-0.498,-0.884,0.534,0.975,0.994,-0.97,-0.207,-0.964,0.832,0.96,-0.906,-0.889,0.864,-0.936,0.867,0.995,0.479,0.976,0.988,-0.937,0.995,0.945,-0.978,-0.988,0.345,-0.99,-0.996,0.986,-0.977,-0.963,5.803,4.772,10.399,10.269,10.306,10.305,10.294,10.323,5.617,4.951,10.391,10.288,5.879,5.663,10.376,10.313,EssenceCatalog/problems/csplib-prob010-SocialGolfers/params/ebe9bec242c89b73397ce4607029e953.param
-1.0,-0.995,-0.994,-0.993,-0.975,-0.995,-0.999,-1.0,0.994,-0.985,0.999,0.993,-0.998,-0.996,0.988,0.987,0.998,-0.981,0.999,1.0,-0.993,0.997,-0.999,-0.997,0.999,0.995,-0.999,-0.984,-0.991,0.955,-0.998,0.999,1.0,-0.99,0.985,0.996,0.997,0.993,-0.999,0.993,0.999,-0.993,-0.985,-0.999,0.997,0.995,-0.999,0.998,0.997,-0.996,-1.0,0.998,-0.991,1.0,-0.993,-0.993,0.997,-0.998,-0.992,0.976,-0.998,-0.987,-0.978,0.996,-0.998,-1.0,-0.992,-0.996,-0.998,-0.998,-0.984,0.0,0.993,0.996,1.0,-0.996,0.991,-0.996,0.946,0.983,-0.993,-0.975,0.99,-0.993,0.992,1.0,0.995,-0.975,0.999,-0.979,0.999,0.997,-0.999,-0.999,0.995,-0.998,-0.998,0.998,0.991,-0.729,9.552,5.787,10.45,10.451,10.433,10.532,10.546,10.494,7.556,6.084,10.409,10.389,8.028,7.851,10.425,10.47,EssenceCatalog/problems/csplib-prob010-SocialGolfers/params/78a16f97ffde5474d531d152f5b140b4.param
-0.996,-0.984,-0.931,-0.732,0.979,-0.951,-0.974,-0.999,0.963,0.9,0.989,0.421,-0.985,-0.934,0.869,0.979,0.996,-0.582,0.99,0.995,-0.98,0.985,-0.996,-0.988,0.973,0.892,-0.995,-0.807,-0.869,0.974,-0.973,0.992,0.992,-0.993,0.752,0.957,0.981,0.79,-0.936,0.808,0.996,-0.612,-0.886,-0.991,0.988,0.681,-0.997,0.996,0.989,-0.916,-0.983,0.993,-0.923,0.998,-0.983,-0.883,-0.55,0.884,-0.614,0.496,-0.958,-0.797,-0.972,0.975,-0.996,-0.993,-0.099,-0.95,-0.994,-0.973,-0.536,-0.922,0.694,0.976,0.996,-0.951,-0.435,-0.949,0.801,0.974,-0.887,-0.841,0.869,-0.964,0.846,0.995,0.052,0.968,0.989,-0.905,0.993,0.946,-0.982,-0.991,0.154,-0.993,-0.995,0.99,-0.972,-0.961,5.607,4.655,10.421,10.315,10.332,10.341,10.323,10.297,5.467,4.817,10.411,10.315,5.729,5.489,10.39,10.353,EssenceCatalog/problems/csplib-prob010-SocialGolfers/params/0cf98738d0ec16cc1c9ea315b9a43813.param
-0.996,-0.99,-0.943,-0.758,0.986,-0.944,-0.975,-0.999,0.961,0.974,0.99,0.466,-0.984,-0.951,0.908,0.977,0.997,-0.563,0.99,0.996,-0.989,0.986,-0.997,-0.986,0.972,0.892,-0.996,-0.857,-0.845,0.98,-0.973,0.993,0.991,-0.994,0.709,0.941,0.979,0.803,-0.946,0.692,0.997,-0.531,-0.865,-0.993,0.99,0.206,-0.998,0.996,0.987,-0.893,-0.981,0.994,-0.945,0.998,-0.987,-0.907,-0.89,0.938,-0.719,0.568,-0.95,-0.845,-0.983,0.978,-0.997,-0.994,0.33,-0.96,-0.996,-0.974,-0.495,-0.944,0.785,0.968,0.997,-0.921,-0.731,-0.932,0.885,0.985,-0.882,-0.897,0.91,-0.967,0.877,0.995,-0.654,0.972,0.99,-0.879,0.993,0.925,-0.981,-0.989,-0.383,-0.993,-0.996,0.991,-0.987,-0.976,5.07,4.377,10.365,10.295,10.274,10.329,10.285,10.229,5.105,4.521,10.347,10.284,5.38,5.025,10.309,10.319,EssenceCatalog/problems/csplib-prob010-SocialGolfers/params/94b7d1f6e57559f444d5b2e1b56d57d2.param
-0.998,-0.993,-0.968,-0.849,0.959,-0.953,-0.973,-0.999,0.956,0.991,0.993,0.747,-0.986,-0.97,0.952,0.983,0.998,-0.636,0.991,0.998,-0.994,0.994,-0.997,-0.986,0.965,0.863,-0.997,-0.916,-0.833,0.981,-0.974,0.995,0.992,-0.994,0.592,0.916,0.972,0.871,-0.975,0.577,0.998,-0.574,-0.732,-0.99,0.994,-0.539,-0.998,0.998,0.986,-0.892,-0.989,0.995,-0.967,0.999,-0.992,-0.958,-0.949,0.675,-0.917,0.736,-0.971,-0.881,-0.99,0.982,-0.997,-0.996,-0.017,-0.978,-0.997,-0.983,-0.561,-0.876,0.925,0.958,0.998,-0.822,-0.562,-0.891,0.94,0.993,-0.886,-0.951,0.955,-0.978,0.902,0.997,-0.92,0.722,0.99,-0.782,0.994,0.926,-0.985,-0.993,-0.533,-0.992,-0.997,0.995,-0.968,-0.983,5.257,4.306,10.394,10.335,10.297,10.39,10.315,10.25,5.162,4.466,10.386,10.312,5.456,5.029,10.352,10.33,EssenceCatalog/problems/csplib-prob010-SocialGolfers/params/1c9e3333a73f27b3a67f089fdbc94a2d.param
-0.998,-0.993,-0.96,-0.821,0.957,-0.961,-0.966,-0.999,0.94,0.988,0.994,0.725,-0.983,-0.97,0.952,0.983,0.998,-0.676,0.993,0.998,-0.993,0.995,-0.997,-0.981,0.938,0.768,-0.998,-0.91,-0.842,0.979,-0.972,0.996,0.995,-0.992,0.626,0.934,0.973,0.869,-0.977,0.675,0.998,-0.585,-0.767,-0.988,0.99,-0.366,-0.999,0.999,0.983,-0.907,-0.99,0.995,-0.968,0.999,-0.99,-0.963,-0.902,0.69,-0.908,0.699,-0.978,-0.862,-0.989,0.984,-0.997,-0.997,-0.23,-0.973,-0.997,-0.984,-0.506,-0.767,0.909,0.954,0.998,-0.874,-0.299,-0.913,0.952,0.994,-0.912,-0.959,0.955,-0.963,0.912,0.998,-0.872,0.607,0.992,-0.797,0.995,0.933,-0.988,-0.994,-0.322,-0.993,-0.997,0.995,-0.966,-0.986,5.473,4.393,10.413,10.344,10.333,10.423,10.354,10.296,5.301,4.56,10.412,10.328,5.599,5.174,10.385,10.347,EssenceCatalog/problems/csplib-prob010-SocialGolfers/params/53d41353ae8bd75839a1db335448333a.param
-0.997,-0.977,-0.896,-0.634,0.969,-0.95,-0.963,-0.999,0.942,0.343,0.99,0.457,-0.977,-0.903,0.814,0.977,0.995,-0.67,0.994,0.994,-0.966,0.974,-0.997,-0.986,0.961,0.868,-0.995,-0.82,-0.919,0.944,-0.964,0.991,0.995,-0.979,0.91,0.981,0.991,0.763,-0.948,0.92,0.997,-0.691,-0.949,-0.992,0.97,0.948,-0.998,0.992,0.982,-0.952,-0.989,0.994,-0.921,0.998,-0.954,-0.716,0.432,0.908,-0.34,0.404,-0.953,-0.803,-0.961,0.977,-0.991,-0.996,-0.437,-0.927,-0.995,-0.978,-0.625,-0.832,0.332,0.979,0.993,-0.986,0.263,-0.98,0.787,0.915,-0.924,-0.885,0.845,-0.903,0.876,0.995,0.895,0.975,0.989,-0.96,0.996,0.952,-0.98,-0.987,0.704,-0.989,-0.995,0.983,-0.954,-0.939,6.456,5.072,10.36,10.293,10.334,10.314,10.317,10.36,6.037,5.275,10.369,10.318,6.285,6.172,10.381,10.311,EssenceCatalog/problems/csplib-prob010-SocialGolfers/params/06f06761f9da45c68e2faa026031447e.param
-0.998,-0.99,-0.96,-0.794,0.959,-0.959,-0.965,-0.999,0.954,0.98,0.992,0.658,-0.984,-0.959,0.938,0.985,0.997,-0.622,0.991,0.997,-0.99,0.994,-0.996,-0.987,0.957,0.821,-0.997,-0.883,-0.841,0.977,-0.972,0.994,0.993,-0.994,0.626,0.944,0.973,0.861,-0.967,0.722,0.997,-0.577,-0.77,-0.988,0.992,-0.119,-0.998,0.998,0.988,-0.904,-0.987,0.994,-0.952,0.999,-0.99,-0.94,-0.854,0.663,-0.862,0.653,-0.973,-0.848,-0.985,0.98,-0.997,-0.995,-0.275,-0.969,-0.996,-0.981,-0.492,-0.813,0.877,0.963,0.997,-0.883,-0.286,-0.916,0.912,0.989,-0.897,-0.934,0.937,-0.967,0.881,0.997,-0.731,0.764,0.99,-0.824,0.994,0.942,-0.985,-0.994,-0.173,-0.991,-0.996,0.994,-0.96,-0.978,5.527,4.457,10.427,10.343,10.331,10.403,10.348,10.297,5.352,4.621,10.42,10.331,5.636,5.258,10.394,10.351,EssenceCatalog/problems/csplib-prob010-SocialGolfers/params/61a85988553f1aebb4b99b2cf805c42f.param
-0.998,-0.987,0.845,0.947,0.958,-0.819,0.94,-0.998,-0.995,0.881,0.983,0.739,0.962,-0.93,0.968,-0.522,0.992,-0.929,0.994,0.992,-0.99,0.616,-0.995,0.985,-0.972,-0.932,-0.996,-0.944,-0.675,0.793,0.547,0.995,0.982,0.985,0.885,0.832,0.97,0.96,-0.994,-0.923,0.991,-0.744,-0.851,-0.782,-0.991,0.697,-0.999,0.993,-0.996,-0.95,-0.987,0.99,-0.917,0.994,0.949,-0.973,0.938,0.896,-0.891,0.773,-0.961,-0.822,-0.982,0.972,-0.881,-0.996,0.602,-0.637,-0.989,-0.978,0.159,0.915,-0.41,-0.461,0.993,-0.972,0.957,-0.968,0.985,0.959,-0.931,-0.987,0.967,0.977,0.782,0.993,-0.891,-0.914,0.96,-0.749,0.994,-0.955,-0.982,-0.706,0.128,-0.875,-0.994,0.977,-0.861,-0.969,3.563,2.618,3.38,7.514,8.638,8.27,8.944,9.649,3.61,3.057,3.458,7.525,3.99,3.37,4.252,7.716,EssenceCatalog/problems/csplib-prob010-SocialGolfers/params/ord24-5-7-5.param
-0.997,-0.972,-0.888,-0.711,0.944,-0.965,-0.974,-0.999,0.955,-0.111,0.99,0.546,-0.985,-0.903,0.82,0.973,0.994,-0.66,0.993,0.994,-0.957,0.978,-0.996,-0.988,0.978,0.915,-0.996,-0.803,-0.922,0.939,-0.972,0.994,0.996,-0.981,0.907,0.981,0.991,0.811,-0.949,0.93,0.996,-0.814,-0.947,-0.991,0.976,0.966,-0.997,0.994,0.986,-0.961,-0.99,0.994,-0.912,0.998,-0.961,-0.819,0.789,0.755,-0.45,0.485,-0.97,-0.805,-0.947,0.976,-0.993,-0.995,-0.635,-0.943,-0.994,-0.979,-0.703,-0.828,0.49,0.985,0.995,-0.987,0.52,-0.982,0.707,0.934,-0.921,-0.832,0.842,-0.934,0.853,0.996,0.931,0.956,0.99,-0.96,0.996,0.962,-0.988,-0.992,0.804,-0.991,-0.994,0.989,-0.898,-0.913,6.932,5.252,10.397,10.404,10.431,10.414,10.411,10.403,6.314,5.462,10.413,10.407,6.565,6.517,10.446,10.397,EssenceCatalog/problems/csplib-prob010-SocialGolfers/params/7710d9aa81dfc2d0971c7f1af182d26b.param
-0.998,-0.994,-0.955,-0.849,0.961,-0.959,-0.974,-0.999,0.928,0.99,0.994,0.758,-0.986,-0.973,0.959,0.972,0.998,-0.659,0.993,0.998,-0.993,0.993,-0.997,-0.975,0.964,0.848,-0.998,-0.918,-0.833,0.982,-0.973,0.997,0.995,-0.99,0.588,0.897,0.972,0.865,-0.981,0.561,0.998,-0.621,-0.738,-0.99,0.987,-0.492,-0.999,0.999,0.975,-0.908,-0.99,0.995,-0.968,0.999,-0.988,-0.97,-0.907,0.672,-0.928,0.72,-0.977,-0.871,-0.991,0.983,-0.998,-0.997,-0.065,-0.98,-0.997,-0.985,-0.568,-0.844,0.928,0.957,0.999,-0.862,-0.336,-0.904,0.956,0.995,-0.898,-0.962,0.962,-0.964,0.903,0.998,-0.927,0.618,0.993,-0.807,0.995,0.901,-0.99,-0.995,-0.491,-0.994,-0.997,0.996,-0.969,-0.987,5.365,4.338,10.383,10.353,10.324,10.424,10.343,10.278,5.225,4.5,10.383,10.337,5.526,5.092,10.355,10.345,EssenceCatalog/problems/csplib-prob010-SocialGolfers/params/534ec98edf64ae42de6563808a6c24fc.param
-0.998,-0.998,0.976,0.348,0.997,-0.641,-0.339,-0.999,-0.997,0.971,0.992,0.934,0.44,-0.974,0.983,-0.991,0.997,-0.903,0.997,0.997,-0.993,-0.979,-0.998,0.999,0.962,0.868,-0.997,-0.962,-0.693,0.984,-0.714,0.999,0.991,0.998,0.891,-0.753,0.982,0.8,-0.993,-0.992,0.998,-0.954,-0.923,-0.987,-0.998,0.928,-0.998,0.997,-0.999,-0.975,-0.991,0.997,-0.939,0.996,0.98,-0.99,0.958,0.992,-0.948,0.911,-0.752,-0.938,-0.993,0.979,-0.993,-0.996,0.975,-0.974,-0.997,-0.971,-0.855,-0.935,0.756,0.408,0.999,-0.977,0.936,-0.978,0.989,0.994,-0.621,-0.973,0.973,0.913,0.926,0.998,-0.989,0.919,0.995,-0.981,0.993,-0.996,-0.993,-0.866,-0.988,-0.991,-0.99,0.989,-0.994,-0.982,3.789,3.046,4.194,9.632,10.282,10.08,10.307,10.553,3.812,3.336,4.279,9.642,4.406,3.914,5.23,9.669,EssenceCatalog/problems/csplib-prob010-SocialGolfers/params/9289ac230ced1e9c7ff6b64410f9221d.param
-0.997,-0.973,-0.904,-0.737,0.954,-0.964,-0.976,-0.998,0.966,0.25,0.989,0.516,-0.987,-0.902,0.83,0.976,0.994,-0.606,0.991,0.994,-0.963,0.98,-0.996,-0.99,0.982,0.922,-0.996,-0.793,-0.908,0.949,-0.975,0.993,0.995,-0.988,0.868,0.976,0.988,0.802,-0.939,0.91,0.996,-0.789,-0.93,-0.991,0.985,0.94,-0.997,0.995,0.99,-0.95,-0.987,0.993,-0.905,0.998,-0.974,-0.842,0.605,0.753,-0.479,0.514,-0.968,-0.796,-0.95,0.973,-0.994,-0.994,-0.546,-0.947,-0.993,-0.976,-0.67,-0.881,0.582,0.985,0.995,-0.98,0.303,-0.975,0.683,0.949,-0.906,-0.794,0.836,-0.956,0.835,0.996,0.854,0.962,0.989,-0.95,0.995,0.964,-0.986,-0.992,0.695,-0.992,-0.994,0.99,-0.919,-0.921,6.686,5.148,10.424,10.401,10.43,10.42,10.401,10.393,6.159,5.344,10.443,10.411,6.411,6.341,10.464,10.402,EssenceCatalog/problems/csplib-prob010-SocialGolfers/params/de07401f333c2a5fcb7ba2adfb1be6bb.param
-0.996,-0.984,-0.926,-0.718,0.981,-0.949,-0.972,-0.999,0.962,0.909,0.988,0.41,-0.984,-0.93,0.871,0.978,0.996,-0.577,0.99,0.995,-0.981,0.984,-0.996,-0.988,0.973,0.889,-0.996,-0.81,-0.866,0.973,-0.972,0.992,0.992,-0.992,0.761,0.958,0.981,0.782,-0.93,0.797,0.996,-0.603,-0.886,-0.991,0.988,0.657,-0.997,0.996,0.989,-0.912,-0.982,0.993,-0.923,0.998,-0.983,-0.869,-0.594,0.911,-0.574,0.505,-0.956,-0.798,-0.972,0.974,-0.995,-0.993,-0.025,-0.946,-0.994,-0.971,-0.506,-0.924,0.683,0.975,0.996,-0.952,-0.47,-0.949,0.809,0.975,-0.886,-0.851,0.871,-0.963,0.849,0.995,0.015,0.974,0.988,-0.909,0.993,0.944,-0.981,-0.99,0.103,-0.992,-0.995,0.99,-0.977,-0.962,5.522,4.621,10.397,10.292,10.306,10.319,10.299,10.272,5.415,4.781,10.386,10.292,5.677,5.427,10.362,10.329,EssenceCatalog/problems/csplib-prob010-SocialGolfers/params/81d098fe8b81ae93ba5e7af44f863422.param
-0.996,-0.98,-0.917,-0.712,0.973,-0.956,-0.972,-0.998,0.963,0.775,0.988,0.407,-0.985,-0.92,0.845,0.978,0.995,-0.598,0.99,0.994,-0.974,0.985,-0.996,-0.988,0.973,0.894,-0.996,-0.784,-0.879,0.967,-0.972,0.992,0.994,-0.991,0.793,0.966,0.983,0.79,-0.931,0.856,0.996,-0.68,-0.9,-0.99,0.986,0.819,-0.997,0.995,0.99,-0.928,-0.984,0.993,-0.91,0.998,-0.981,-0.873,-0.107,0.845,-0.553,0.47,-0.964,-0.775,-0.962,0.973,-0.995,-0.993,-0.306,-0.943,-0.993,-0.972,-0.561,-0.899,0.649,0.979,0.996,-0.964,-0.174,-0.959,0.759,0.969,-0.893,-0.815,0.848,-0.96,0.833,0.995,0.465,0.965,0.989,-0.92,0.994,0.955,-0.984,-0.991,0.436,-0.992,-0.994,0.991,-0.958,-0.951,6.012,4.848,10.424,10.323,10.356,10.354,10.334,10.332,5.731,5.021,10.427,10.337,5.991,5.82,10.421,10.352,EssenceCatalog/problems/csplib-prob010-SocialGolfers/params/a809a6cb23d0c4b86856d9368f38df1f.param
-0.998,-0.998,0.976,0.395,0.997,-0.59,-0.227,-0.999,-0.997,0.974,0.993,0.933,0.531,-0.975,0.983,-0.99,0.997,-0.903,0.998,0.997,-0.994,-0.98,-0.998,0.999,0.954,0.851,-0.997,-0.964,-0.699,0.983,-0.674,0.999,0.99,0.998,0.901,-0.722,0.983,0.81,-0.993,-0.992,0.998,-0.945,-0.93,-0.988,-0.998,0.922,-0.998,0.997,-0.999,-0.976,-0.991,0.997,-0.943,0.996,0.982,-0.989,0.947,0.994,-0.947,0.906,-0.711,-0.943,-0.994,0.98,-0.991,-0.997,0.98,-0.972,-0.997,-0.971,-0.851,-0.934,0.701,0.354,0.998,-0.978,0.931,-0.978,0.989,0.992,-0.639,-0.974,0.975,0.927,0.93,0.997,-0.989,0.932,0.995,-0.983,0.994,-0.997,-0.992,-0.828,-0.989,-0.99,-0.991,0.987,-0.995,-0.983,3.742,3.015,4.14,9.577,10.241,10.029,10.271,10.544,3.783,3.313,4.218,9.589,4.369,3.875,5.174,9.626,EssenceCatalog/problems/csplib-prob010-SocialGolfers/params/0c11d7164d86bcff5b619210d91e82c3.param
-0.996,-0.986,-0.936,-0.712,0.983,-0.947,-0.968,-0.999,0.962,0.941,0.989,0.42,-0.982,-0.938,0.885,0.981,0.996,-0.601,0.991,0.995,-0.984,0.986,-0.997,-0.988,0.966,0.872,-0.995,-0.825,-0.862,0.975,-0.97,0.991,0.991,-0.993,0.754,0.959,0.981,0.798,-0.938,0.784,0.997,-0.544,-0.882,-0.992,0.989,0.576,-0.998,0.995,0.989,-0.909,-0.982,0.993,-0.931,0.998,-0.984,-0.872,-0.733,0.914,-0.62,0.499,-0.953,-0.815,-0.976,0.977,-0.995,-0.994,0.029,-0.948,-0.995,-0.973,-0.481,-0.92,0.695,0.972,0.996,-0.946,-0.551,-0.944,0.834,0.976,-0.893,-0.874,0.883,-0.96,0.86,0.995,-0.151,0.971,0.989,-0.902,0.993,0.943,-0.98,-0.989,-0.001,-0.992,-0.996,0.99,-0.98,-0.968,5.406,4.559,10.401,10.29,10.298,10.322,10.297,10.269,5.338,4.717,10.384,10.287,5.601,5.32,10.356,10.329,EssenceCatalog/problems/csplib-prob010-SocialGolfers/params/24a4f0993c64345d09accee86ef6915a.param
-0.997,-0.965,0.175,0.955,0.985,0.629,0.986,-0.999,-0.993,0.966,0.963,0.868,0.991,-0.951,0.971,0.704,0.997,-0.938,0.994,0.981,-0.979,-0.698,-0.997,0.955,-0.988,-0.952,-0.358,-0.956,-0.834,0.637,0.945,0.143,0.447,0.988,0.961,0.949,0.977,0.944,-0.99,-0.902,0.997,0.761,-0.962,-0.956,-0.981,0.688,-0.998,-0.681,-0.992,-0.97,-0.992,0.973,-0.976,0.997,0.976,0.462,-0.834,0.983,-0.678,-0.282,0.69,-0.951,-0.986,0.978,0.9,-0.997,0.941,-0.237,-0.994,-0.991,0.011,0.904,-0.955,-0.92,-0.534,-0.96,0.618,-0.933,0.968,-0.803,-0.956,-0.986,0.958,0.992,0.938,0.15,0.365,0.145,0.934,-0.922,0.99,-0.984,-0.057,0.945,-0.637,0.36,-0.992,-0.84,-0.917,-0.796,2.495,1.894,2.287,5.614,4.835,4.17,5.486,9.104,2.593,2.186,2.28,5.556,2.962,2.298,2.799,5.685,EssenceCatalog/problems/csplib-prob010-SocialGolfers/params/ord12-7-7-3.param
-1.0,-0.996,-0.992,-0.993,-0.976,-0.994,-0.999,-1.0,0.989,-0.985,0.999,0.995,-0.997,-0.997,0.992,0.977,0.998,-0.985,0.999,1.0,-0.994,0.995,-0.999,-0.993,0.999,0.995,-0.999,-0.987,-0.992,0.953,-0.998,0.999,1.0,-0.972,0.989,0.995,0.996,0.992,-0.999,0.99,1.0,-0.992,-0.985,-0.999,0.994,0.995,-0.999,0.997,0.991,-0.996,-1.0,0.998,-0.993,1.0,-0.984,-0.993,0.997,-0.998,-0.994,0.977,-0.998,-0.988,-0.982,0.996,-0.997,-1.0,-0.991,-0.996,-0.999,-0.999,-0.986,0.153,0.993,0.995,0.999,-0.997,0.993,-0.997,0.965,0.979,-0.993,-0.985,0.992,-0.987,0.993,1.0,0.995,-0.982,0.999,-0.981,0.999,0.995,-0.998,-0.999,0.994,-0.998,-0.998,0.997,0.991,-0.762,9.562,5.78,10.428,10.434,10.419,10.52,10.54,10.488,7.558,6.081,10.392,10.371,8.036,7.845,10.403,10.454,EssenceCatalog/problems/csplib-prob010-SocialGolfers/params/742f0ca5c268976f99edaa6d4df2236f.param
-0.997,-0.965,-0.931,-0.879,0.851,-0.98,-0.989,-0.998,0.981,-0.234,0.989,0.728,-0.995,-0.921,0.859,0.973,0.992,-0.542,0.988,0.995,-0.959,0.987,-0.994,-0.993,0.996,0.969,-0.997,-0.803,-0.927,0.955,-0.988,0.995,0.996,-0.991,0.83,0.968,0.988,0.892,-0.956,0.917,0.993,-0.91,-0.908,-0.991,0.993,0.943,-0.995,0.996,0.994,-0.963,-0.99,0.994,-0.891,0.997,-0.986,-0.934,0.886,-0.254,-0.767,0.665,-0.982,-0.835,-0.931,0.973,-0.997,-0.992,-0.793,-0.974,-0.99,-0.978,-0.802,-0.901,0.812,0.99,0.997,-0.97,0.587,-0.973,0.443,0.965,-0.893,-0.562,0.848,-0.985,0.8,0.997,0.887,0.881,0.99,-0.941,0.995,0.977,-0.992,-0.996,0.76,-0.994,-0.991,0.994,-0.553,-0.82,7.538,5.373,10.436,10.474,10.469,10.461,10.446,10.382,6.574,5.577,10.455,10.461,6.839,6.881,10.496,10.429,EssenceCatalog/problems/csplib-prob010-SocialGolfers/params/0c4b81496f4ea11ecf167e4011352a61.param
-0.997,-0.989,-0.939,-0.699,0.981,-0.95,-0.958,-0.999,0.949,0.972,0.99,0.496,-0.98,-0.945,0.912,0.98,0.997,-0.57,0.992,0.996,-0.988,0.991,-0.997,-0.985,0.948,0.805,-0.997,-0.863,-0.842,0.974,-0.969,0.994,0.992,-0.993,0.718,0.954,0.977,0.815,-0.945,0.751,0.997,-0.558,-0.844,-0.99,0.99,0.143,-0.998,0.998,0.987,-0.895,-0.982,0.994,-0.941,0.998,-0.988,-0.908,-0.835,0.918,-0.715,0.579,-0.965,-0.81,-0.981,0.978,-0.996,-0.995,0.021,-0.953,-0.996,-0.976,-0.411,-0.864,0.798,0.963,0.997,-0.921,-0.505,-0.931,0.915,0.988,-0.89,-0.925,0.914,-0.958,0.884,0.997,-0.595,0.943,0.989,-0.867,0.993,0.933,-0.984,-0.991,-0.177,-0.992,-0.996,0.993,-0.983,-0.98,5.262,4.431,10.369,10.276,10.273,10.333,10.287,10.24,5.224,4.586,10.357,10.27,5.494,5.141,10.324,10.301,EssenceCatalog/problems/csplib-prob010-SocialGolfers/params/8318e358c919416d891c2a1093edf8a2.param
-0.998,-0.982,-0.954,-0.838,0.845,-0.972,-0.972,-0.999,0.949,0.884,0.992,0.766,-0.988,-0.947,0.925,0.984,0.995,-0.653,0.99,0.996,-0.982,0.995,-0.995,-0.988,0.973,0.861,-0.998,-0.863,-0.87,0.964,-0.978,0.995,0.996,-0.99,0.635,0.954,0.974,0.879,-0.975,0.838,0.995,-0.73,-0.747,-0.984,0.991,0.482,-0.998,0.998,0.987,-0.941,-0.99,0.992,-0.933,0.998,-0.985,-0.949,-0.075,-0.25,-0.89,0.698,-0.982,-0.829,-0.977,0.978,-0.996,-0.995,-0.775,-0.972,-0.995,-0.983,-0.57,-0.637,0.882,0.974,0.998,-0.925,0.566,-0.94,0.846,0.982,-0.906,-0.896,0.923,-0.961,0.846,0.997,-0.025,0.31,0.99,-0.847,0.994,0.963,-0.989,-0.996,0.511,-0.991,-0.994,0.994,-0.756,-0.956,6.92,4.951,10.467,10.442,10.443,10.514,10.457,10.428,6.147,5.14,10.47,10.443,6.447,6.184,10.485,10.413,EssenceCatalog/problems/csplib-prob010-SocialGolfers/params/bc63c166ba03c0546ef575634839390e.param
-1.0,-0.994,-0.956,-0.947,-0.937,-0.983,-0.977,-1.0,0.483,-0.947,0.999,0.994,-0.933,-0.993,0.991,0.88,0.998,-0.988,0.998,1.0,-0.994,0.986,-0.999,-0.764,0.976,0.912,-0.999,-0.992,-0.992,0.913,-0.98,0.999,0.999,-0.28,0.993,0.992,0.995,0.99,-0.999,0.961,0.999,-0.979,-0.976,-0.995,0.612,0.993,-1.0,0.994,0.379,-0.996,-0.999,0.996,-0.992,1.0,-0.539,-0.985,0.996,-0.994,-0.992,0.96,-0.995,-0.979,-0.985,0.996,-0.987,-1.0,-0.987,-0.991,-0.997,-0.999,-0.961,0.906,0.953,0.97,0.998,-0.997,0.997,-0.997,0.986,0.934,-0.994,-0.995,0.991,-0.464,0.985,0.999,0.986,-0.995,0.997,-0.967,0.999,0.939,-0.995,-0.997,0.993,-0.989,-0.997,0.99,0.978,-0.899,9.325,5.554,9.694,9.97,9.996,10.101,10.213,10.162,7.346,5.875,9.735,9.9,7.813,7.506,9.757,10.01,EssenceCatalog/problems/csplib-prob010-SocialGolfers/params/ord34-4-8-7.param
-0.997,-0.996,0.954,-0.727,0.993,-0.722,-0.974,-0.998,-0.974,0.871,0.992,0.953,-0.894,-0.97,0.974,-0.986,0.995,-0.84,0.995,0.997,-0.981,-0.985,-0.996,0.994,0.999,0.981,-0.995,-0.94,-0.801,0.986,-0.943,0.999,0.992,0.989,0.868,-0.848,0.973,0.386,-0.988,-0.958,0.997,-0.973,-0.93,-0.994,-0.983,0.968,-0.994,0.996,-0.996,-0.975,-0.987,0.997,-0.94,0.996,0.909,-0.985,0.981,0.954,-0.926,0.831,-0.754,-0.926,-0.986,0.974,-0.995,-0.995,0.902,-0.986,-0.995,-0.963,-0.933,-0.98,0.877,0.883,0.997,-0.984,0.919,-0.985,0.982,0.993,-0.381,-0.948,0.961,0.281,0.928,0.996,-0.937,0.966,0.994,-0.985,0.992,-0.976,-0.99,-0.95,-0.982,-0.994,-0.983,0.988,-0.986,-0.971,4.181,3.331,4.812,10.056,10.487,10.369,10.496,10.571,4.089,3.566,4.872,10.036,4.644,4.232,5.822,10.01,EssenceCatalog/problems/csplib-prob010-SocialGolfers/params/a3707f8aa9cee4956df1bdb047b55324.param
-0.996,-0.982,-0.925,-0.719,0.976,-0.953,-0.973,-0.999,0.966,0.828,0.988,0.405,-0.985,-0.926,0.855,0.98,0.995,-0.596,0.99,0.994,-0.977,0.984,-0.996,-0.989,0.973,0.895,-0.995,-0.795,-0.881,0.97,-0.972,0.992,0.993,-0.992,0.793,0.965,0.983,0.789,-0.931,0.847,0.996,-0.645,-0.902,-0.991,0.988,0.794,-0.997,0.995,0.99,-0.924,-0.983,0.992,-0.915,0.998,-0.982,-0.864,-0.317,0.876,-0.557,0.47,-0.958,-0.787,-0.966,0.974,-0.995,-0.993,-0.204,-0.944,-0.994,-0.972,-0.55,-0.916,0.643,0.978,0.995,-0.961,-0.318,-0.957,0.769,0.968,-0.894,-0.827,0.857,-0.961,0.842,0.995,0.375,0.971,0.989,-0.921,0.993,0.953,-0.982,-0.99,0.328,-0.992,-0.995,0.99,-0.965,-0.954,5.839,4.777,10.433,10.317,10.346,10.344,10.33,10.326,5.626,4.948,10.429,10.327,5.886,5.691,10.415,10.355,EssenceCatalog/problems/csplib-prob010-SocialGolfers/params/df77c4d0e4b20af31ab1dd0a376f8e87.param
-0.996,-0.991,-0.947,-0.772,0.986,-0.941,-0.977,-0.999,0.963,0.977,0.99,0.482,-0.984,-0.953,0.91,0.978,0.998,-0.573,0.99,0.996,-0.99,0.984,-0.997,-0.986,0.974,0.9,-0.995,-0.862,-0.849,0.981,-0.972,0.992,0.99,-0.994,0.715,0.939,0.979,0.803,-0.948,0.681,0.997,-0.507,-0.87,-0.993,0.99,0.174,-0.998,0.996,0.987,-0.892,-0.982,0.994,-0.947,0.999,-0.987,-0.904,-0.912,0.941,-0.725,0.563,-0.944,-0.852,-0.984,0.979,-0.997,-0.994,0.377,-0.961,-0.996,-0.974,-0.507,-0.952,0.785,0.968,0.996,-0.919,-0.775,-0.93,0.888,0.985,-0.878,-0.898,0.912,-0.97,0.883,0.995,-0.683,0.975,0.99,-0.879,0.993,0.925,-0.979,-0.988,-0.446,-0.993,-0.996,0.991,-0.987,-0.976,5.029,4.36,10.366,10.299,10.273,10.33,10.285,10.23,5.078,4.501,10.346,10.286,5.354,4.992,10.307,10.323,EssenceCatalog/problems/csplib-prob010-SocialGolfers/params/cf38ba93134c52255947382620825124.param
-0.997,-0.98,-0.924,-0.706,0.965,-0.957,-0.963,-0.999,0.953,0.849,0.989,0.498,-0.983,-0.918,0.875,0.98,0.995,-0.581,0.991,0.995,-0.977,0.989,-0.995,-0.987,0.964,0.844,-0.997,-0.818,-0.87,0.962,-0.97,0.993,0.994,-0.991,0.765,0.964,0.981,0.792,-0.941,0.852,0.996,-0.661,-0.869,-0.988,0.988,0.728,-0.997,0.996,0.988,-0.924,-0.985,0.993,-0.915,0.998,-0.982,-0.872,-0.194,0.791,-0.611,0.526,-0.969,-0.776,-0.969,0.975,-0.995,-0.994,-0.442,-0.946,-0.994,-0.976,-0.484,-0.817,0.707,0.975,0.996,-0.957,0.054,-0.954,0.823,0.973,-0.897,-0.872,0.873,-0.95,0.846,0.996,0.33,0.93,0.988,-0.907,0.994,0.953,-0.984,-0.993,0.403,-0.991,-0.995,0.991,-0.954,-0.962,6.084,4.837,10.434,10.347,10.378,10.399,10.366,10.366,5.765,5.008,10.438,10.363,6.03,5.814,10.432,10.371,EssenceCatalog/problems/csplib-prob010-SocialGolfers/params/dfd5225ef252f6c823818ae13ac12ff1.param
-0.997,-0.979,-0.933,-0.736,0.958,-0.961,-0.967,-0.998,0.959,0.845,0.989,0.542,-0.985,-0.923,0.881,0.981,0.995,-0.582,0.99,0.995,-0.978,0.99,-0.995,-0.989,0.971,0.871,-0.997,-0.818,-0.872,0.964,-0.973,0.993,0.993,-0.992,0.74,0.961,0.98,0.817,-0.944,0.839,0.995,-0.679,-0.856,-0.988,0.99,0.706,-0.997,0.996,0.989,-0.926,-0.985,0.993,-0.914,0.998,-0.984,-0.887,-0.174,0.695,-0.673,0.562,-0.97,-0.788,-0.967,0.973,-0.995,-0.993,-0.468,-0.952,-0.994,-0.975,-0.523,-0.838,0.737,0.976,0.996,-0.95,0.061,-0.95,0.786,0.973,-0.893,-0.847,0.876,-0.959,0.832,0.996,0.295,0.914,0.988,-0.904,0.994,0.956,-0.985,-0.993,0.389,-0.991,-0.994,0.992,-0.94,-0.954,6.153,4.851,10.456,10.38,10.403,10.427,10.389,10.38,5.796,5.02,10.46,10.392,6.061,5.855,10.458,10.397,EssenceCatalog/problems/csplib-prob010-SocialGolfers/params/7c65ccb68898797beef0bbd12162eaec.param
-0.996,-0.976,-0.888,-0.706,0.971,-0.958,-0.976,-0.998,0.961,0.396,0.988,0.437,-0.986,-0.906,0.819,0.972,0.995,-0.604,0.992,0.994,-0.967,0.974,-0.996,-0.987,0.981,0.922,-0.995,-0.777,-0.907,0.959,-0.974,0.993,0.995,-0.987,0.873,0.973,0.988,0.779,-0.931,0.893,0.996,-0.753,-0.936,-0.992,0.982,0.935,-0.997,0.994,0.988,-0.945,-0.985,0.993,-0.908,0.998,-0.972,-0.828,0.473,0.869,-0.4,0.43,-0.96,-0.791,-0.953,0.973,-0.994,-0.994,-0.352,-0.939,-0.993,-0.973,-0.647,-0.911,0.535,0.983,0.995,-0.98,0.096,-0.975,0.715,0.952,-0.903,-0.801,0.833,-0.955,0.839,0.995,0.804,0.979,0.989,-0.954,0.995,0.956,-0.985,-0.991,0.608,-0.992,-0.994,0.989,-0.953,-0.934,6.385,5.043,10.384,10.338,10.371,10.355,10.339,10.343,5.981,5.232,10.4,10.358,6.231,6.139,10.411,10.348,EssenceCatalog/problems/csplib-prob010-SocialGolfers/params/d57c782a2e65c068d05406851bc1a204.param
-0.998,-0.995,-0.963,-0.851,0.966,-0.947,-0.972,-0.999,0.937,0.994,0.994,0.77,-0.984,-0.975,0.961,0.977,0.999,-0.671,0.993,0.998,-0.995,0.993,-0.998,-0.978,0.961,0.86,-0.998,-0.932,-0.838,0.983,-0.972,0.997,0.993,-0.991,0.62,0.9,0.972,0.869,-0.982,0.518,0.998,-0.544,-0.744,-0.991,0.99,-0.658,-0.999,0.999,0.979,-0.895,-0.99,0.996,-0.975,0.999,-0.99,-0.967,-0.962,0.764,-0.936,0.742,-0.97,-0.89,-0.993,0.984,-0.998,-0.997,0.162,-0.98,-0.998,-0.984,-0.572,-0.881,0.932,0.949,0.998,-0.829,-0.584,-0.891,0.962,0.995,-0.896,-0.969,0.967,-0.97,0.917,0.997,-0.956,0.692,0.992,-0.796,0.995,0.898,-0.987,-0.993,-0.637,-0.993,-0.997,0.995,-0.978,-0.988,5.157,4.264,10.372,10.339,10.302,10.401,10.321,10.258,5.1,4.419,10.362,10.317,5.398,4.947,10.332,10.338,EssenceCatalog/problems/csplib-prob010-SocialGolfers/params/2348d2fef2dd432cf854c63d3fafe025.param
-0.997,-0.98,-0.931,-0.726,0.963,-0.959,-0.967,-0.999,0.958,0.852,0.988,0.519,-0.984,-0.923,0.877,0.981,0.995,-0.586,0.991,0.995,-0.978,0.989,-0.995,-0.988,0.97,0.871,-0.996,-0.816,-0.872,0.964,-0.972,0.993,0.993,-0.992,0.749,0.961,0.981,0.81,-0.943,0.839,0.996,-0.665,-0.863,-0.989,0.989,0.715,-0.997,0.996,0.989,-0.925,-0.984,0.993,-0.916,0.998,-0.983,-0.881,-0.216,0.745,-0.654,0.548,-0.969,-0.787,-0.968,0.974,-0.995,-0.993,-0.419,-0.95,-0.994,-0.975,-0.515,-0.85,0.721,0.976,0.996,-0.952,0.009,-0.95,0.791,0.973,-0.894,-0.851,0.876,-0.958,0.835,0.996,0.291,0.928,0.988,-0.908,0.994,0.954,-0.984,-0.993,0.367,-0.991,-0.994,0.991,-0.948,-0.956,6.079,4.83,10.451,10.368,10.393,10.413,10.379,10.372,5.755,4.999,10.452,10.38,6.02,5.81,10.448,10.389,EssenceCatalog/problems/csplib-prob010-SocialGolfers/params/03521534b9858b8be6b3f6223f047cdf.param
-0.996,-0.981,-0.92,-0.677,0.975,-0.951,-0.965,-0.999,0.957,0.824,0.988,0.446,-0.982,-0.918,0.86,0.98,0.996,-0.602,0.991,0.994,-0.977,0.984,-0.996,-0.988,0.967,0.87,-0.996,-0.808,-0.88,0.964,-0.97,0.992,0.993,-0.991,0.809,0.968,0.984,0.778,-0.932,0.851,0.996,-0.626,-0.9,-0.991,0.987,0.804,-0.997,0.995,0.989,-0.926,-0.984,0.993,-0.917,0.998,-0.979,-0.837,-0.263,0.881,-0.511,0.5,-0.96,-0.779,-0.968,0.974,-0.994,-0.994,-0.272,-0.939,-0.994,-0.974,-0.509,-0.883,0.621,0.977,0.995,-0.965,-0.173,-0.959,0.796,0.966,-0.899,-0.863,0.863,-0.951,0.852,0.995,0.444,0.966,0.988,-0.927,0.994,0.951,-0.982,-0.99,0.373,-0.991,-0.995,0.989,-0.968,-0.96,5.921,4.808,10.426,10.311,10.346,10.349,10.329,10.34,5.681,4.983,10.424,10.326,5.943,5.742,10.412,10.348,EssenceCatalog/problems/csplib-prob010-SocialGolfers/params/87b40b2a4795b8d43de02521fc2811b3.param
-0.997,-0.995,-0.898,-0.836,0.992,-0.939,-0.989,-0.999,0.931,0.99,0.992,0.624,-0.988,-0.969,0.944,0.911,0.998,-0.481,0.992,0.998,-0.994,0.955,-0.998,-0.958,0.991,0.955,-0.997,-0.898,-0.817,0.988,-0.979,0.996,0.991,-0.987,0.678,0.825,0.979,0.8,-0.965,0.239,0.998,-0.656,-0.865,-0.996,0.98,-0.313,-0.998,0.998,0.963,-0.886,-0.981,0.995,-0.964,0.999,-0.981,-0.957,-0.948,0.975,-0.828,0.679,-0.933,-0.89,-0.991,0.981,-0.998,-0.995,0.807,-0.979,-0.997,-0.972,-0.608,-0.981,0.888,0.962,0.998,-0.884,-0.877,-0.919,0.941,0.995,-0.831,-0.923,0.946,-0.972,0.903,0.997,-0.96,0.987,0.993,-0.885,0.993,0.784,-0.986,-0.99,-0.887,-0.996,-0.996,0.994,-0.995,-0.985,4.71,4.168,10.214,10.316,10.283,10.337,10.286,10.209,4.839,4.289,10.189,10.3,5.137,4.708,10.16,10.331,EssenceCatalog/problems/csplib-prob010-SocialGolfers/params/9b3f8afe698e2827075a08087acb7868.param
-0.998,-0.969,-0.887,-0.755,0.917,-0.97,-0.98,-0.998,0.963,-0.436,0.991,0.617,-0.988,-0.899,0.821,0.971,0.994,-0.668,0.992,0.994,-0.951,0.977,-0.996,-0.989,0.986,0.938,-0.996,-0.813,-0.931,0.932,-0.976,0.994,0.997,-0.981,0.921,0.982,0.992,0.834,-0.952,0.942,0.996,-0.866,-0.953,-0.992,0.978,0.977,-0.997,0.994,0.988,-0.967,-0.991,0.994,-0.912,0.998,-0.963,-0.839,0.894,0.615,-0.476,0.533,-0.974,-0.826,-0.937,0.975,-0.994,-0.995,-0.722,-0.951,-0.994,-0.98,-0.763,-0.837,0.542,0.987,0.996,-0.989,0.641,-0.985,0.661,0.93,-0.921,-0.805,0.842,-0.946,0.854,0.997,0.958,0.948,0.99,-0.965,0.996,0.968,-0.989,-0.993,0.854,-0.992,-0.994,0.99,-0.836,-0.885,7.198,5.348,10.414,10.449,10.468,10.444,10.446,10.419,6.466,5.568,10.428,10.439,6.717,6.707,10.47,10.431,EssenceCatalog/problems/csplib-prob010-SocialGolfers/params/bf5de7a9bc21a371cb73aae038e03041.param
-0.997,-0.982,-0.942,-0.743,0.963,-0.959,-0.965,-0.999,0.958,0.921,0.989,0.564,-0.984,-0.935,0.898,0.983,0.996,-0.582,0.99,0.995,-0.983,0.991,-0.995,-0.988,0.967,0.855,-0.997,-0.835,-0.858,0.969,-0.972,0.993,0.993,-0.993,0.7,0.956,0.978,0.829,-0.947,0.799,0.996,-0.637,-0.831,-0.988,0.991,0.518,-0.997,0.997,0.989,-0.918,-0.985,0.993,-0.924,0.998,-0.987,-0.9,-0.518,0.723,-0.731,0.586,-0.97,-0.802,-0.974,0.975,-0.995,-0.993,-0.39,-0.955,-0.994,-0.976,-0.49,-0.841,0.776,0.972,0.996,-0.933,-0.111,-0.938,0.822,0.979,-0.89,-0.871,0.893,-0.964,0.843,0.996,-0.087,0.902,0.988,-0.883,0.993,0.95,-0.984,-0.993,0.19,-0.991,-0.995,0.992,-0.952,-0.962,5.848,4.692,10.449,10.36,10.375,10.405,10.371,10.341,5.591,4.851,10.443,10.36,5.861,5.596,10.429,10.382,EssenceCatalog/problems/csplib-prob010-SocialGolfers/params/81ecc55e4d32d9d56f0cf4110bdc443d.param
-0.997,-0.984,-0.954,-0.909,0.92,-0.968,-0.991,-0.998,0.968,0.856,0.99,0.745,-0.995,-0.952,0.912,0.965,0.995,-0.544,0.982,0.997,-0.98,0.987,-0.995,-0.987,0.992,0.953,-0.997,-0.829,-0.853,0.98,-0.986,0.995,0.994,-0.991,0.514,0.889,0.977,0.886,-0.97,0.696,0.995,-0.835,-0.767,-0.989,0.992,0.354,-0.996,0.997,0.989,-0.925,-0.989,0.993,-0.923,0.998,-0.99,-0.962,-0.287,-0.09,-0.895,0.7,-0.975,-0.855,-0.978,0.976,-0.998,-0.993,-0.509,-0.981,-0.992,-0.979,-0.71,-0.925,0.907,0.979,0.998,-0.888,-0.14,-0.925,0.696,0.984,-0.856,-0.741,0.906,-0.988,0.797,0.996,-0.37,0.791,0.99,-0.81,0.992,0.949,-0.988,-0.996,-0.04,-0.994,-0.992,0.995,-0.81,-0.929,6.185,4.707,10.447,10.41,10.381,10.418,10.371,10.308,5.713,4.864,10.447,10.397,5.991,5.759,10.44,10.388,EssenceCatalog/problems/csplib-prob010-SocialGolfers/params/cca5a65ae47fe1a31d8bb62c9c3616ef.param
-0.998,-0.986,-0.96,-0.889,0.907,-0.969,-0.984,-0.999,0.959,0.955,0.991,0.787,-0.992,-0.957,0.934,0.976,0.996,-0.596,0.986,0.997,-0.987,0.993,-0.995,-0.986,0.984,0.916,-0.997,-0.866,-0.836,0.978,-0.983,0.995,0.994,-0.992,0.476,0.903,0.973,0.884,-0.973,0.664,0.996,-0.765,-0.676,-0.987,0.993,-0.036,-0.997,0.998,0.988,-0.917,-0.989,0.993,-0.942,0.998,-0.991,-0.963,-0.662,-0.052,-0.916,0.736,-0.978,-0.858,-0.983,0.978,-0.998,-0.994,-0.525,-0.981,-0.995,-0.981,-0.627,-0.852,0.929,0.972,0.998,-0.847,-0.046,-0.911,0.838,0.989,-0.869,-0.87,0.929,-0.984,0.84,0.997,-0.688,0.559,0.989,-0.783,0.992,0.947,-0.988,-0.996,-0.132,-0.993,-0.994,0.995,-0.863,-0.959,6.014,4.561,10.425,10.371,10.343,10.403,10.347,10.279,5.583,4.72,10.417,10.35,5.876,5.537,10.402,10.348,EssenceCatalog/problems/csplib-prob010-SocialGolfers/params/0223b0d6408aca5864332894b6d3d4ce.param
-0.996,-0.993,-0.946,-0.786,0.989,-0.937,-0.98,-0.999,0.959,0.987,0.991,0.527,-0.984,-0.96,0.926,0.971,0.998,-0.545,0.991,0.997,-0.993,0.982,-0.998,-0.983,0.978,0.916,-0.996,-0.883,-0.837,0.983,-0.974,0.994,0.989,-0.994,0.708,0.923,0.979,0.811,-0.954,0.57,0.998,-0.512,-0.867,-0.994,0.99,-0.134,-0.998,0.996,0.985,-0.882,-0.981,0.994,-0.957,0.999,-0.988,-0.922,-0.953,0.962,-0.768,0.624,-0.939,-0.873,-0.987,0.979,-0.997,-0.995,0.608,-0.967,-0.997,-0.973,-0.513,-0.965,0.828,0.963,0.997,-0.897,-0.859,-0.921,0.917,0.989,-0.87,-0.916,0.93,-0.973,0.896,0.995,-0.862,0.98,0.991,-0.871,0.993,0.899,-0.98,-0.988,-0.67,-0.994,-0.997,0.992,-0.992,-0.98,4.844,4.26,10.318,10.292,10.263,10.325,10.274,10.215,4.947,4.391,10.297,10.278,5.232,4.829,10.261,10.318,EssenceCatalog/problems/csplib-prob010-SocialGolfers/params/f650e7222a8a3f6dd7b606e017ef52fc.param
-0.997,-0.972,-0.88,-0.743,0.943,-0.968,-0.98,-0.998,0.96,-0.216,0.99,0.571,-0.987,-0.9,0.823,0.968,0.994,-0.637,0.992,0.994,-0.957,0.975,-0.996,-0.988,0.986,0.937,-0.996,-0.794,-0.923,0.943,-0.976,0.994,0.996,-0.982,0.906,0.978,0.991,0.819,-0.946,0.926,0.996,-0.849,-0.947,-0.992,0.977,0.969,-0.997,0.994,0.987,-0.962,-0.989,0.994,-0.909,0.998,-0.965,-0.848,0.832,0.719,-0.465,0.519,-0.971,-0.81,-0.943,0.974,-0.994,-0.995,-0.619,-0.95,-0.993,-0.978,-0.734,-0.872,0.546,0.987,0.996,-0.986,0.515,-0.982,0.675,0.943,-0.913,-0.789,0.837,-0.95,0.845,0.997,0.929,0.963,0.99,-0.962,0.996,0.962,-0.989,-0.993,0.789,-0.992,-0.994,0.991,-0.888,-0.905,6.983,5.275,10.406,10.432,10.454,10.434,10.428,10.404,6.341,5.484,10.424,10.43,6.591,6.565,10.46,10.42,EssenceCatalog/problems/csplib-prob010-SocialGolfers/params/fc77bc20eb05f0914f34e226a1e45353.param
-0.998,-0.965,-0.937,-0.896,0.798,-0.982,-0.992,-0.998,0.985,-0.511,0.99,0.765,-0.996,-0.927,0.861,0.974,0.992,-0.584,0.989,0.995,-0.958,0.987,-0.994,-0.994,0.997,0.977,-0.997,-0.82,-0.94,0.953,-0.99,0.996,0.997,-0.991,0.867,0.974,0.99,0.905,-0.962,0.937,0.994,-0.929,-0.926,-0.992,0.993,0.963,-0.995,0.996,0.995,-0.971,-0.992,0.994,-0.897,0.997,-0.986,-0.938,0.936,-0.415,-0.782,0.692,-0.984,-0.856,-0.925,0.975,-0.997,-0.993,-0.832,-0.976,-0.991,-0.98,-0.844,-0.908,0.827,0.991,0.998,-0.976,0.676,-0.979,0.408,0.963,-0.903,-0.553,0.856,-0.987,0.821,0.997,0.934,0.866,0.991,-0.951,0.995,0.981,-0.993,-0.997,0.827,-0.994,-0.991,0.995,-0.388,-0.779,7.792,5.46,10.448,10.492,10.485,10.47,10.464,10.393,6.712,5.675,10.464,10.471,6.984,7.055,10.507,10.443,EssenceCatalog/problems/csplib-prob010-SocialGolfers/params/65d5291fb09d500e4ee96a70077473b2.param
-0.997,-0.991,-0.952,-0.751,0.983,-0.946,-0.966,-0.999,0.955,0.985,0.991,0.565,-0.982,-0.956,0.93,0.981,0.998,-0.568,0.991,0.997,-0.992,0.991,-0.997,-0.986,0.961,0.852,-0.997,-0.885,-0.835,0.978,-0.97,0.994,0.991,-0.995,0.704,0.943,0.977,0.832,-0.953,0.673,0.998,-0.523,-0.828,-0.992,0.992,-0.2,-0.998,0.998,0.988,-0.884,-0.983,0.994,-0.954,0.999,-0.99,-0.923,-0.929,0.923,-0.795,0.636,-0.961,-0.845,-0.986,0.979,-0.997,-0.995,0.259,-0.963,-0.996,-0.977,-0.454,-0.906,0.849,0.961,0.997,-0.89,-0.684,-0.916,0.93,0.991,-0.884,-0.934,0.93,-0.969,0.893,0.997,-0.814,0.944,0.99,-0.851,0.993,0.925,-0.983,-0.991,-0.454,-0.992,-0.997,0.993,-0.987,-0.982,5.05,4.319,10.363,10.293,10.268,10.341,10.285,10.229,5.077,4.466,10.347,10.278,5.355,4.959,10.312,10.309,EssenceCatalog/problems/csplib-prob010-SocialGolfers/params/9245ec198bc0d583c095271dcee30663.param
-0.999,-0.979,-0.971,-0.969,-0.397,-0.993,-0.997,-0.999,0.993,-0.968,0.997,0.95,-0.998,-0.972,0.934,0.977,0.995,-0.848,0.994,0.998,-0.969,0.993,-0.997,-0.996,0.999,0.994,-0.999,-0.933,-0.979,0.933,-0.996,0.998,0.999,-0.99,0.957,0.988,0.996,0.971,-0.99,0.98,0.997,-0.984,-0.968,-0.997,0.995,0.993,-0.997,0.996,0.997,-0.992,-0.998,0.997,-0.953,0.999,-0.99,-0.979,0.996,-0.962,-0.94,0.899,-0.995,-0.949,-0.922,0.989,-0.998,-0.998,-0.974,-0.991,-0.994,-0.993,-0.957,-0.822,0.957,0.996,0.999,-0.99,0.955,-0.994,0.495,0.969,-0.96,-0.73,0.93,-0.992,0.935,0.999,0.993,-0.059,0.996,-0.973,0.999,0.993,-0.998,-0.999,0.97,-0.997,-0.994,0.997,0.817,-0.511,9.033,5.73,10.438,10.469,10.421,10.474,10.476,10.402,7.301,5.989,10.404,10.427,7.684,7.692,10.449,10.439,EssenceCatalog/problems/csplib-prob010-SocialGolfers/params/54bbcd6c1ab559809e860fbd06f46db9.param
-0.996,-0.982,-0.91,-0.701,0.979,-0.954,-0.972,-0.998,0.96,0.824,0.988,0.411,-0.985,-0.92,0.855,0.975,0.995,-0.578,0.99,0.994,-0.977,0.982,-0.996,-0.987,0.975,0.895,-0.996,-0.79,-0.875,0.97,-0.972,0.992,0.993,-0.991,0.794,0.962,0.983,0.781,-0.926,0.829,0.996,-0.666,-0.901,-0.991,0.986,0.796,-0.997,0.996,0.989,-0.924,-0.982,0.993,-0.914,0.998,-0.98,-0.865,-0.251,0.895,-0.518,0.48,-0.96,-0.781,-0.966,0.973,-0.995,-0.993,-0.164,-0.943,-0.994,-0.971,-0.532,-0.915,0.646,0.978,0.996,-0.963,-0.291,-0.958,0.772,0.971,-0.889,-0.827,0.855,-0.96,0.839,0.995,0.335,0.976,0.988,-0.925,0.994,0.946,-0.983,-0.991,0.291,-0.992,-0.995,0.991,-0.971,-0.956,5.804,4.762,10.4,10.302,10.33,10.332,10.312,10.301,5.601,4.93,10.399,10.313,5.862,5.667,10.385,10.334,EssenceCatalog/problems/csplib-prob010-SocialGolfers/params/64a55939c2174e9c656e0584b500f260.param
-0.997,-0.973,-0.882,-0.718,0.952,-0.966,-0.978,-0.998,0.962,-0.121,0.989,0.519,-0.987,-0.901,0.818,0.971,0.994,-0.645,0.993,0.994,-0.959,0.976,-0.996,-0.988,0.983,0.932,-0.996,-0.787,-0.923,0.947,-0.975,0.994,0.996,-0.983,0.908,0.98,0.99,0.814,-0.942,0.928,0.996,-0.824,-0.949,-0.992,0.978,0.968,-0.997,0.994,0.987,-0.959,-0.988,0.994,-0.909,0.998,-0.966,-0.836,0.795,0.769,-0.421,0.461,-0.968,-0.811,-0.944,0.974,-0.994,-0.995,-0.568,-0.943,-0.993,-0.976,-0.716,-0.877,0.526,0.985,0.995,-0.986,0.433,-0.982,0.679,0.94,-0.917,-0.797,0.837,-0.949,0.845,0.996,0.923,0.968,0.99,-0.962,0.996,0.963,-0.988,-0.992,0.786,-0.992,-0.994,0.99,-0.907,-0.911,6.867,5.235,10.393,10.4,10.426,10.403,10.399,10.385,6.275,5.444,10.411,10.404,6.524,6.488,10.441,10.392,EssenceCatalog/problems/csplib-prob010-SocialGolfers/params/0de956c126915b5aa3aa492df479cac7.param
-0.997,-0.97,-0.924,-0.835,0.922,-0.974,-0.984,-0.998,0.973,0.421,0.988,0.643,-0.992,-0.912,0.861,0.971,0.993,-0.498,0.987,0.994,-0.966,0.987,-0.994,-0.99,0.991,0.945,-0.996,-0.785,-0.894,0.96,-0.983,0.994,0.995,-0.991,0.739,0.957,0.984,0.859,-0.945,0.861,0.993,-0.852,-0.87,-0.989,0.991,0.863,-0.996,0.996,0.992,-0.944,-0.986,0.993,-0.886,0.997,-0.985,-0.922,0.596,0.184,-0.734,0.624,-0.976,-0.798,-0.947,0.97,-0.996,-0.991,-0.657,-0.967,-0.991,-0.975,-0.692,-0.897,0.783,0.985,0.997,-0.956,0.321,-0.959,0.55,0.969,-0.877,-0.636,0.844,-0.979,0.782,0.997,0.665,0.911,0.988,-0.918,0.993,0.966,-0.989,-0.995,0.545,-0.993,-0.991,0.994,-0.809,-0.892,6.872,5.129,10.424,10.432,10.43,10.441,10.409,10.365,6.202,5.308,10.444,10.434,6.459,6.407,10.47,10.404,EssenceCatalog/problems/csplib-prob010-SocialGolfers/params/356ae9513ebcc7baecda0823014b3f43.param
-1.0,-0.99,-0.988,-0.989,-0.893,-0.996,-0.998,-1.0,0.993,-0.972,0.999,0.984,-0.998,-0.991,0.975,0.982,0.997,-0.937,0.997,0.999,-0.987,0.996,-0.999,-0.996,1.0,0.996,-0.999,-0.965,-0.988,0.952,-0.998,0.999,1.0,-0.988,0.965,0.991,0.996,0.987,-0.997,0.983,0.999,-0.991,-0.969,-0.998,0.997,0.993,-0.999,0.998,0.997,-0.995,-0.999,0.998,-0.978,0.999,-0.992,-0.992,0.997,-0.997,-0.987,0.959,-0.997,-0.974,-0.965,0.995,-0.998,-0.999,-0.989,-0.996,-0.997,-0.997,-0.976,-0.537,0.989,0.997,1.0,-0.991,0.983,-0.995,0.771,0.978,-0.983,-0.89,0.973,-0.995,0.971,0.999,0.991,-0.89,0.998,-0.972,0.999,0.995,-0.998,-0.999,0.985,-0.998,-0.996,0.998,0.975,-0.601,9.431,5.77,10.445,10.456,10.419,10.508,10.509,10.449,7.486,6.054,10.396,10.398,7.931,7.818,10.428,10.459,EssenceCatalog/problems/csplib-prob010-SocialGolfers/params/34d37955b5bab067e6bfdf670933c692.param
-0.996,-0.992,-0.946,-0.777,0.989,-0.938,-0.979,-0.999,0.961,0.983,0.99,0.498,-0.984,-0.958,0.919,0.975,0.998,-0.567,0.991,0.997,-0.991,0.982,-0.998,-0.985,0.976,0.909,-0.995,-0.873,-0.845,0.983,-0.972,0.993,0.99,-0.994,0.722,0.934,0.98,0.806,-0.952,0.63,0.998,-0.493,-0.875,-0.994,0.99,0.042,-0.998,0.996,0.986,-0.888,-0.981,0.994,-0.953,0.999,-0.987,-0.911,-0.938,0.956,-0.743,0.58,-0.94,-0.863,-0.986,0.98,-0.997,-0.995,0.517,-0.963,-0.996,-0.974,-0.507,-0.96,0.802,0.965,0.997,-0.912,-0.83,-0.927,0.905,0.987,-0.875,-0.909,0.921,-0.97,0.891,0.995,-0.784,0.979,0.99,-0.879,0.993,0.912,-0.98,-0.987,-0.579,-0.993,-0.996,0.991,-0.99,-0.979,4.919,4.306,10.342,10.295,10.269,10.328,10.28,10.224,5.003,4.441,10.32,10.283,5.283,4.899,10.282,10.322,EssenceCatalog/problems/csplib-prob010-SocialGolfers/params/18dabe10fd02fc9c499721c6e6f9191b.param
-0.996,-0.987,-0.932,-0.721,0.984,-0.948,-0.972,-0.999,0.959,0.939,0.989,0.423,-0.984,-0.94,0.884,0.977,0.997,-0.586,0.99,0.995,-0.984,0.984,-0.997,-0.986,0.97,0.885,-0.996,-0.821,-0.859,0.977,-0.971,0.992,0.992,-0.992,0.742,0.952,0.981,0.8,-0.939,0.761,0.997,-0.575,-0.882,-0.992,0.987,0.553,-0.998,0.996,0.988,-0.91,-0.983,0.993,-0.932,0.998,-0.984,-0.891,-0.726,0.917,-0.64,0.51,-0.955,-0.807,-0.977,0.977,-0.996,-0.994,0.07,-0.952,-0.995,-0.973,-0.501,-0.928,0.715,0.972,0.996,-0.945,-0.571,-0.943,0.836,0.979,-0.887,-0.864,0.883,-0.963,0.859,0.995,-0.242,0.972,0.99,-0.898,0.993,0.934,-0.982,-0.99,-0.051,-0.993,-0.996,0.991,-0.98,-0.969,5.368,4.538,10.393,10.298,10.301,10.33,10.302,10.263,5.31,4.692,10.379,10.294,5.574,5.289,10.35,10.334,EssenceCatalog/problems/csplib-prob010-SocialGolfers/params/9b28c66d529f5dae3e7c30dcf33adb4d.param
-0.997,-0.973,-0.89,-0.709,0.944,-0.966,-0.969,-0.999,0.946,0.242,0.989,0.586,-0.985,-0.904,0.848,0.972,0.994,-0.622,0.992,0.995,-0.964,0.984,-0.995,-0.985,0.977,0.892,-0.997,-0.796,-0.905,0.946,-0.972,0.994,0.996,-0.982,0.863,0.974,0.988,0.821,-0.951,0.907,0.995,-0.801,-0.919,-0.989,0.978,0.937,-0.997,0.996,0.984,-0.955,-0.989,0.994,-0.908,0.998,-0.966,-0.865,0.724,0.643,-0.562,0.516,-0.975,-0.781,-0.953,0.976,-0.994,-0.995,-0.661,-0.949,-0.993,-0.978,-0.637,-0.779,0.605,0.983,0.996,-0.98,0.541,-0.975,0.73,0.953,-0.912,-0.822,0.851,-0.936,0.831,0.997,0.856,0.927,0.989,-0.945,0.995,0.958,-0.989,-0.994,0.741,-0.991,-0.994,0.991,-0.893,-0.93,6.894,5.202,10.411,10.423,10.448,10.458,10.434,10.423,6.274,5.401,10.434,10.434,6.532,6.449,10.466,10.413,EssenceCatalog/problems/csplib-prob010-SocialGolfers/params/c65c56961d682e20f8c805e1dbf2bbdd.param
-0.998,-0.985,-0.958,-0.814,0.926,-0.966,-0.968,-0.999,0.957,0.953,0.991,0.7,-0.986,-0.951,0.928,0.985,0.996,-0.624,0.99,0.996,-0.986,0.995,-0.995,-0.988,0.966,0.842,-0.997,-0.866,-0.848,0.971,-0.975,0.994,0.994,-0.993,0.606,0.947,0.974,0.868,-0.967,0.767,0.996,-0.668,-0.747,-0.986,0.993,0.193,-0.998,0.998,0.989,-0.921,-0.988,0.993,-0.938,0.998,-0.989,-0.941,-0.619,0.297,-0.866,0.673,-0.977,-0.835,-0.98,0.978,-0.996,-0.994,-0.565,-0.97,-0.995,-0.981,-0.53,-0.76,0.877,0.969,0.997,-0.896,0.085,-0.924,0.865,0.986,-0.893,-0.902,0.923,-0.969,0.856,0.997,-0.462,0.632,0.989,-0.827,0.993,0.953,-0.986,-0.995,0.133,-0.991,-0.995,0.994,-0.905,-0.966,6.062,4.654,10.462,10.383,10.387,10.44,10.392,10.348,5.66,4.817,10.455,10.376,5.947,5.62,10.444,10.384,EssenceCatalog/problems/csplib-prob010-SocialGolfers/params/cfb513aa2a0ad7778de956ab221f4088.param
-0.998,-0.974,-0.955,-0.925,0.768,-0.981,-0.992,-0.998,0.976,0.413,0.991,0.818,-0.996,-0.945,0.907,0.973,0.993,-0.57,0.984,0.996,-0.973,0.991,-0.994,-0.991,0.995,0.965,-0.997,-0.828,-0.899,0.968,-0.989,0.996,0.996,-0.991,0.637,0.94,0.982,0.91,-0.974,0.844,0.994,-0.903,-0.802,-0.988,0.994,0.77,-0.996,0.997,0.993,-0.953,-0.991,0.993,-0.908,0.998,-0.989,-0.965,0.679,-0.719,-0.905,0.755,-0.984,-0.863,-0.962,0.978,-0.997,-0.993,-0.826,-0.983,-0.991,-0.982,-0.796,-0.87,0.91,0.986,0.998,-0.93,0.55,-0.955,0.544,0.977,-0.886,-0.641,0.893,-0.989,0.781,0.997,0.48,0.538,0.991,-0.869,0.993,0.972,-0.992,-0.997,0.548,-0.994,-0.99,0.995,-0.322,-0.867,7.536,5.227,10.448,10.486,10.443,10.49,10.449,10.394,6.495,5.423,10.459,10.467,6.792,6.724,10.49,10.418,EssenceCatalog/problems/csplib-prob010-SocialGolfers/params/a3db01368af35cdc0090ea4efba32386.param
-0.998,-0.985,-0.958,-0.833,0.896,-0.969,-0.971,-0.999,0.95,0.941,0.991,0.744,-0.987,-0.952,0.931,0.984,0.996,-0.647,0.99,0.997,-0.986,0.995,-0.995,-0.987,0.969,0.853,-0.998,-0.865,-0.855,0.97,-0.976,0.995,0.995,-0.992,0.598,0.946,0.973,0.875,-0.973,0.789,0.996,-0.685,-0.73,-0.985,0.991,0.268,-0.998,0.998,0.987,-0.93,-0.989,0.992,-0.939,0.998,-0.988,-0.948,-0.479,0.018,-0.891,0.687,-0.979,-0.831,-0.98,0.978,-0.996,-0.995,-0.669,-0.972,-0.995,-0.982,-0.541,-0.711,0.886,0.97,0.998,-0.904,0.318,-0.928,0.866,0.986,-0.9,-0.908,0.927,-0.966,0.852,0.997,-0.371,0.447,0.99,-0.83,0.994,0.955,-0.988,-0.996,0.265,-0.991,-0.994,0.994,-0.857,-0.965,6.402,4.751,10.463,10.403,10.407,10.469,10.414,10.378,5.845,4.925,10.459,10.401,6.136,5.82,10.456,10.39,EssenceCatalog/problems/csplib-prob010-SocialGolfers/params/856b6b5571c0b6c0b2c52a2865d2ae9a.param
-0.996,-0.981,-0.914,-0.711,0.979,-0.951,-0.973,-0.999,0.962,0.816,0.988,0.391,-0.984,-0.921,0.849,0.977,0.995,-0.585,0.991,0.994,-0.977,0.982,-0.996,-0.988,0.975,0.898,-0.995,-0.793,-0.882,0.969,-0.972,0.992,0.993,-0.991,0.8,0.965,0.983,0.774,-0.929,0.841,0.996,-0.65,-0.905,-0.991,0.986,0.809,-0.997,0.995,0.989,-0.924,-0.983,0.993,-0.914,0.998,-0.98,-0.855,-0.26,0.896,-0.506,0.46,-0.958,-0.79,-0.966,0.973,-0.995,-0.993,-0.15,-0.942,-0.994,-0.972,-0.557,-0.92,0.624,0.978,0.995,-0.965,-0.294,-0.959,0.771,0.967,-0.893,-0.825,0.853,-0.958,0.839,0.995,0.397,0.976,0.988,-0.925,0.994,0.95,-0.982,-0.99,0.329,-0.992,-0.995,0.989,-0.969,-0.953,5.821,4.776,10.407,10.299,10.33,10.326,10.311,10.308,5.616,4.947,10.405,10.312,5.876,5.686,10.391,10.335,EssenceCatalog/problems/csplib-prob010-SocialGolfers/params/1268f76a81ae317ab45f8ede822b21c4.param
-0.997,-0.997,0.983,-0.049,0.996,-0.651,-0.772,-0.998,-0.994,0.95,0.992,0.924,-0.129,-0.967,0.978,-0.991,0.995,-0.834,0.997,0.997,-0.988,-0.983,-0.997,0.998,0.99,0.935,-0.997,-0.958,-0.637,0.983,-0.824,0.999,0.991,0.995,0.896,-0.786,0.973,0.563,-0.99,-0.985,0.997,-0.959,-0.925,-0.99,-0.996,0.938,-0.996,0.997,-0.999,-0.972,-0.985,0.997,-0.935,0.995,0.965,-0.989,0.972,0.993,-0.927,0.861,-0.788,-0.913,-0.99,0.975,-0.994,-0.994,0.976,-0.974,-0.996,-0.963,-0.887,-0.961,0.799,0.71,0.998,-0.981,0.93,-0.982,0.989,0.995,-0.54,-0.965,0.97,0.886,0.919,0.998,-0.986,0.958,0.994,-0.983,0.993,-0.995,-0.993,-0.892,-0.991,-0.992,-0.989,0.991,-0.994,-0.982,3.914,3.146,4.388,9.795,10.358,10.2,10.379,10.539,3.894,3.41,4.481,9.801,4.485,4.023,5.416,9.791,EssenceCatalog/problems/csplib-prob010-SocialGolfers/params/a8483fb836c1315bc21e21a7cfac8900.param
-0.997,-0.996,-0.934,-0.84,0.989,-0.936,-0.983,-0.999,0.928,0.995,0.993,0.71,-0.985,-0.975,0.961,0.942,0.999,-0.497,0.992,0.998,-0.996,0.976,-0.998,-0.963,0.984,0.934,-0.997,-0.93,-0.808,0.987,-0.974,0.996,0.99,-0.99,0.671,0.848,0.975,0.843,-0.973,0.21,0.999,-0.598,-0.823,-0.995,0.987,-0.696,-0.998,0.998,0.969,-0.869,-0.984,0.996,-0.972,0.999,-0.987,-0.964,-0.976,0.959,-0.9,0.732,-0.943,-0.901,-0.993,0.981,-0.998,-0.996,0.788,-0.981,-0.998,-0.978,-0.597,-0.967,0.927,0.949,0.998,-0.818,-0.877,-0.887,0.965,0.996,-0.854,-0.954,0.961,-0.975,0.911,0.997,-0.982,0.962,0.992,-0.845,0.994,0.796,-0.987,-0.99,-0.906,-0.995,-0.997,0.995,-0.994,-0.988,4.704,4.126,10.23,10.312,10.28,10.339,10.287,10.209,4.823,4.253,10.2,10.29,5.127,4.668,10.175,10.324,EssenceCatalog/problems/csplib-prob010-SocialGolfers/params/0b9c56bbcf19239026e5a5104c665212.param
-0.998,-0.986,-0.961,-0.821,0.905,-0.968,-0.965,-0.999,0.953,0.955,0.992,0.729,-0.986,-0.956,0.934,0.987,0.997,-0.667,0.991,0.997,-0.987,0.996,-0.996,-0.989,0.956,0.801,-0.998,-0.876,-0.86,0.971,-0.975,0.995,0.995,-0.993,0.632,0.954,0.973,0.87,-0.972,0.81,0.996,-0.638,-0.752,-0.985,0.993,0.18,-0.998,0.998,0.989,-0.927,-0.989,0.993,-0.946,0.999,-0.989,-0.947,-0.59,0.185,-0.882,0.68,-0.981,-0.836,-0.981,0.98,-0.996,-0.995,-0.658,-0.967,-0.996,-0.984,-0.522,-0.655,0.884,0.967,0.998,-0.904,0.271,-0.929,0.897,0.988,-0.909,-0.926,0.933,-0.964,0.872,0.997,-0.439,0.438,0.99,-0.82,0.994,0.959,-0.987,-0.996,0.275,-0.99,-0.995,0.994,-0.885,-0.97,6.284,4.71,10.472,10.388,10.405,10.465,10.413,10.378,5.781,4.883,10.468,10.387,6.076,5.732,10.46,10.387,EssenceCatalog/problems/csplib-prob010-SocialGolfers/params/cf2f070d518e707b49719e9f300a31ef.param
-0.998,-0.997,0.941,-0.643,0.992,-0.92,-0.987,-0.999,-0.941,0.72,0.996,0.919,-0.957,-0.967,0.969,-0.975,0.996,-0.815,0.997,0.999,-0.985,-0.908,-0.997,0.97,0.999,0.982,-0.999,-0.929,-0.828,0.99,-0.966,1.0,0.998,0.961,0.871,-0.605,0.987,0.556,-0.991,-0.891,0.997,-0.982,-0.937,-0.993,-0.963,0.97,-0.998,0.999,-0.985,-0.98,-0.991,0.998,-0.942,0.997,0.777,-0.993,0.99,0.943,-0.915,0.84,-0.937,-0.89,-0.984,0.984,-0.999,-0.996,0.754,-0.99,-0.996,-0.968,-0.917,-0.972,0.915,0.957,0.999,-0.991,0.914,-0.993,0.982,0.997,-0.689,-0.927,0.961,0.065,0.915,0.999,-0.901,0.953,0.996,-0.983,0.996,-0.934,-0.997,-0.989,-0.942,-0.997,-0.991,0.997,-0.986,-0.981,4.356,3.449,5.101,10.167,10.6,10.477,10.613,10.644,4.251,3.687,5.175,10.141,4.785,4.394,6.084,10.127,EssenceCatalog/problems/csplib-prob010-SocialGolfers/params/0ddf0e7f29c877e93b2bd20eebbcbb70.param
-1.0,-0.99,-0.981,-0.974,-0.482,-0.991,-0.997,-0.999,0.967,-0.398,0.998,0.976,-0.997,-0.985,0.971,0.975,0.997,-0.897,0.995,0.999,-0.99,0.996,-0.998,-0.988,0.999,0.987,-0.999,-0.952,-0.97,0.971,-0.996,0.999,0.999,-0.977,0.888,0.975,0.991,0.976,-0.997,0.943,0.998,-0.968,-0.877,-0.995,0.994,0.926,-0.999,0.999,0.988,-0.989,-0.999,0.997,-0.971,0.999,-0.984,-0.991,0.966,-0.99,-0.987,0.929,-0.995,-0.953,-0.985,0.993,-0.999,-0.999,-0.974,-0.994,-0.997,-0.996,-0.926,-0.451,0.982,0.992,1.0,-0.98,0.968,-0.989,0.875,0.983,-0.969,-0.922,0.973,-0.986,0.941,0.999,0.849,-0.872,0.997,-0.923,0.998,0.987,-0.997,-0.999,0.931,-0.997,-0.995,0.998,0.87,-0.879,9.144,5.654,10.449,10.49,10.443,10.569,10.539,10.486,7.33,5.925,10.434,10.438,7.77,7.608,10.457,10.465,EssenceCatalog/problems/csplib-prob010-SocialGolfers/params/a89c3c37bc839f58878ed729b59dc62c.param
-0.997,-0.978,-0.935,-0.736,0.953,-0.962,-0.966,-0.998,0.96,0.848,0.988,0.55,-0.985,-0.923,0.883,0.983,0.995,-0.592,0.99,0.995,-0.977,0.991,-0.995,-0.989,0.969,0.862,-0.997,-0.82,-0.872,0.963,-0.972,0.992,0.993,-0.992,0.732,0.963,0.98,0.821,-0.945,0.845,0.995,-0.677,-0.846,-0.988,0.99,0.698,-0.997,0.996,0.99,-0.926,-0.985,0.992,-0.914,0.998,-0.985,-0.889,-0.158,0.641,-0.69,0.567,-0.972,-0.786,-0.967,0.973,-0.995,-0.993,-0.535,-0.952,-0.994,-0.976,-0.524,-0.815,0.745,0.976,0.996,-0.948,0.119,-0.949,0.785,0.973,-0.894,-0.85,0.875,-0.96,0.831,0.996,0.298,0.893,0.987,-0.897,0.993,0.959,-0.985,-0.994,0.42,-0.99,-0.994,0.992,-0.932,-0.954,6.225,4.869,10.46,10.382,10.406,10.432,10.393,10.386,5.835,5.039,10.464,10.395,6.101,5.894,10.463,10.397,EssenceCatalog/problems/csplib-prob010-SocialGolfers/params/f2c116be666172ef963354da509574a0.param
-0.996,-0.987,-0.934,-0.705,0.984,-0.946,-0.967,-0.999,0.958,0.954,0.989,0.457,-0.981,-0.938,0.895,0.979,0.997,-0.576,0.991,0.995,-0.986,0.986,-0.997,-0.986,0.966,0.87,-0.996,-0.84,-0.852,0.975,-0.97,0.992,0.991,-0.993,0.746,0.954,0.981,0.795,-0.936,0.752,0.997,-0.546,-0.873,-0.992,0.989,0.448,-0.998,0.996,0.988,-0.903,-0.981,0.993,-0.933,0.998,-0.985,-0.877,-0.794,0.932,-0.631,0.553,-0.953,-0.809,-0.978,0.976,-0.996,-0.994,0.115,-0.951,-0.995,-0.972,-0.454,-0.922,0.727,0.97,0.996,-0.939,-0.586,-0.939,0.861,0.981,-0.885,-0.89,0.892,-0.962,0.871,0.995,-0.357,0.972,0.989,-0.901,0.993,0.934,-0.981,-0.989,-0.134,-0.992,-0.996,0.991,-0.984,-0.973,5.279,4.488,10.378,10.284,10.281,10.322,10.286,10.246,5.252,4.64,10.363,10.278,5.517,5.207,10.33,10.316,EssenceCatalog/problems/csplib-prob010-SocialGolfers/params/75302baede786256274f0a441c2ef96c.param
-0.997,-0.972,-0.881,-0.747,0.948,-0.968,-0.982,-0.998,0.966,-0.149,0.989,0.542,-0.989,-0.901,0.821,0.968,0.994,-0.619,0.992,0.994,-0.958,0.975,-0.996,-0.988,0.987,0.942,-0.996,-0.781,-0.921,0.95,-0.978,0.994,0.996,-0.985,0.9,0.977,0.99,0.815,-0.939,0.923,0.995,-0.847,-0.945,-0.992,0.981,0.965,-0.996,0.995,0.989,-0.959,-0.988,0.994,-0.905,0.998,-0.97,-0.86,0.815,0.73,-0.456,0.498,-0.97,-0.806,-0.941,0.973,-0.995,-0.995,-0.569,-0.948,-0.993,-0.975,-0.727,-0.893,0.586,0.986,0.996,-0.985,0.438,-0.981,0.668,0.95,-0.909,-0.768,0.835,-0.959,0.842,0.996,0.913,0.968,0.99,-0.962,0.996,0.963,-0.989,-0.993,0.768,-0.993,-0.994,0.991,-0.9,-0.908,6.906,5.248,10.405,10.424,10.447,10.426,10.417,10.391,6.293,5.453,10.424,10.425,6.543,6.516,10.457,10.413,EssenceCatalog/problems/csplib-prob010-SocialGolfers/params/9a79d47ba0bbf81450bfd182c8be1bb6.param
-0.997,-0.99,-0.957,-0.749,0.98,-0.948,-0.963,-0.999,0.956,0.983,0.991,0.572,-0.981,-0.956,0.928,0.983,0.998,-0.593,0.991,0.997,-0.991,0.992,-0.997,-0.987,0.957,0.843,-0.996,-0.88,-0.838,0.978,-0.97,0.993,0.991,-0.994,0.684,0.946,0.977,0.844,-0.956,0.676,0.997,-0.503,-0.825,-0.991,0.992,-0.1,-0.998,0.997,0.988,-0.894,-0.984,0.994,-0.95,0.999,-0.99,-0.916,-0.919,0.888,-0.802,0.622,-0.96,-0.849,-0.985,0.979,-0.996,-0.995,0.115,-0.963,-0.996,-0.977,-0.452,-0.897,0.827,0.961,0.997,-0.895,-0.629,-0.914,0.908,0.988,-0.891,-0.927,0.928,-0.967,0.886,0.996,-0.754,0.928,0.989,-0.851,0.993,0.931,-0.982,-0.99,-0.385,-0.991,-0.996,0.992,-0.982,-0.979,5.142,4.354,10.377,10.295,10.272,10.344,10.289,10.237,5.135,4.506,10.361,10.282,5.411,5.027,10.324,10.311,EssenceCatalog/problems/csplib-prob010-SocialGolfers/params/450a59f9b258925b0d3c352ceb9bdeda.param
-1.0,-0.995,-0.99,-0.987,-0.959,-0.993,-0.997,-1.0,0.963,-0.841,0.999,0.995,-0.995,-0.996,0.992,0.986,0.999,-0.981,0.999,1.0,-0.996,0.998,-0.999,-0.989,0.998,0.982,-1.0,-0.988,-0.988,0.959,-0.997,0.999,1.0,-0.973,0.979,0.992,0.993,0.991,-0.999,0.978,0.999,-0.983,-0.959,-0.998,0.992,0.977,-1.0,0.998,0.981,-0.996,-1.0,0.998,-0.99,1.0,-0.977,-0.994,0.987,-0.998,-0.995,0.969,-0.997,-0.985,-0.99,0.997,-0.998,-1.0,-0.991,-0.995,-0.999,-0.999,-0.962,0.652,0.992,0.992,1.0,-0.995,0.992,-0.995,0.981,0.984,-0.993,-0.991,0.994,-0.975,0.989,1.0,0.949,-0.994,0.999,-0.955,0.999,0.99,-0.997,-0.999,0.987,-0.997,-0.998,0.997,0.983,-0.919,9.526,5.732,10.363,10.364,10.367,10.476,10.51,10.461,7.526,6.037,10.346,10.307,8.019,7.779,10.338,10.391,EssenceCatalog/problems/csplib-prob010-SocialGolfers/params/1287c48b5501f433505d09c01efdc31b.param
-0.996,-0.98,-0.902,-0.682,0.976,-0.955,-0.971,-0.998,0.96,0.724,0.988,0.397,-0.984,-0.915,0.84,0.976,0.995,-0.599,0.991,0.994,-0.974,0.981,-0.996,-0.987,0.973,0.892,-0.996,-0.786,-0.887,0.965,-0.971,0.992,0.994,-0.99,0.826,0.969,0.985,0.774,-0.928,0.863,0.996,-0.683,-0.915,-0.991,0.984,0.865,-0.997,0.995,0.988,-0.932,-0.984,0.993,-0.914,0.998,-0.977,-0.846,0.008,0.889,-0.457,0.451,-0.961,-0.779,-0.962,0.973,-0.995,-0.994,-0.253,-0.938,-0.994,-0.972,-0.56,-0.902,0.596,0.979,0.995,-0.971,-0.141,-0.965,0.767,0.965,-0.899,-0.829,0.846,-0.954,0.841,0.995,0.566,0.975,0.988,-0.935,0.994,0.951,-0.983,-0.991,0.458,-0.992,-0.995,0.99,-0.965,-0.952,6.029,4.873,10.401,10.306,10.343,10.338,10.319,10.325,5.752,5.051,10.407,10.325,6.011,5.85,10.402,10.334,EssenceCatalog/problems/csplib-prob010-SocialGolfers/params/62a378bc789d92d0ba2cf5cf7f8a781f.param
-0.997,-0.975,-0.889,-0.697,0.968,-0.959,-0.975,-0.998,0.96,0.294,0.988,0.466,-0.986,-0.903,0.822,0.973,0.995,-0.62,0.992,0.994,-0.965,0.975,-0.996,-0.987,0.98,0.919,-0.996,-0.783,-0.911,0.955,-0.973,0.993,0.995,-0.985,0.885,0.975,0.989,0.785,-0.934,0.903,0.996,-0.769,-0.94,-0.992,0.98,0.946,-0.997,0.994,0.988,-0.95,-0.986,0.994,-0.91,0.998,-0.97,-0.823,0.556,0.851,-0.398,0.447,-0.962,-0.795,-0.953,0.973,-0.994,-0.994,-0.428,-0.939,-0.993,-0.974,-0.654,-0.896,0.521,0.983,0.995,-0.982,0.194,-0.977,0.712,0.948,-0.909,-0.812,0.838,-0.95,0.844,0.996,0.848,0.976,0.989,-0.957,0.995,0.957,-0.985,-0.991,0.669,-0.992,-0.994,0.989,-0.944,-0.931,6.517,5.097,10.393,10.357,10.39,10.374,10.36,10.363,6.064,5.291,10.41,10.374,6.314,6.233,10.426,10.364,EssenceCatalog/problems/csplib-prob010-SocialGolfers/params/3a3ed592cb41c11a03c4c10350351a32.param
-1.0,-0.998,0.004,0.134,0.991,-0.452,-0.176,-1.0,-0.973,0.857,0.997,0.973,0.203,-0.986,0.988,-0.064,0.999,-0.951,0.999,0.999,-0.996,-0.79,-1.0,0.949,0.824,0.722,-0.966,-0.969,-0.974,0.97,-0.523,0.982,0.987,0.984,0.972,0.833,0.998,0.959,-0.998,-0.85,1.0,-0.579,-0.984,-0.998,-0.959,0.964,-1.0,0.811,-0.988,-0.992,-0.999,0.997,-0.987,1.0,0.916,-0.716,0.46,0.964,-0.945,0.746,-0.026,-0.987,-0.997,0.995,-0.815,-1.0,0.8,-0.978,-0.999,-0.994,-0.911,-0.683,-0.505,0.182,0.944,-0.994,0.861,-0.991,0.955,0.289,-0.944,-0.984,0.981,0.877,0.974,0.978,0.224,0.922,0.996,-0.992,0.999,-0.919,-0.942,-0.244,-0.848,-0.974,-0.997,0.681,-0.952,-0.926,3.958,3.229,4.736,9.179,9.649,9.366,9.829,10.62,4.095,3.586,4.719,9.185,4.497,4.086,5.56,9.281,EssenceCatalog/problems/csplib-prob010-SocialGolfers/params/820a260c2b8f0aa341eeb37b160106f2.param
-0.997,-0.991,-0.955,-0.903,0.963,-0.956,-0.99,-0.999,0.963,0.967,0.992,0.753,-0.994,-0.965,0.931,0.961,0.997,-0.57,0.985,0.998,-0.99,0.983,-0.996,-0.982,0.99,0.948,-0.997,-0.868,-0.841,0.986,-0.985,0.996,0.993,-0.991,0.525,0.844,0.977,0.874,-0.973,0.514,0.997,-0.767,-0.76,-0.992,0.992,-0.168,-0.997,0.997,0.984,-0.907,-0.989,0.995,-0.951,0.999,-0.991,-0.963,-0.844,0.54,-0.908,0.71,-0.965,-0.886,-0.987,0.98,-0.998,-0.995,-0.028,-0.983,-0.995,-0.979,-0.667,-0.953,0.916,0.97,0.998,-0.837,-0.622,-0.909,0.842,0.989,-0.843,-0.849,0.929,-0.989,0.855,0.996,-0.834,0.888,0.991,-0.789,0.992,0.919,-0.985,-0.994,-0.57,-0.995,-0.995,0.995,-0.942,-0.959,5.321,4.367,10.398,10.377,10.327,10.398,10.333,10.255,5.208,4.518,10.396,10.353,5.49,5.132,10.363,10.37,EssenceCatalog/problems/csplib-prob010-SocialGolfers/params/5b5017ae78c2d408aa873ade8ac43147.param
-0.998,-0.968,-0.958,-0.936,0.482,-0.988,-0.994,-0.998,0.988,-0.62,0.992,0.863,-0.997,-0.945,0.896,0.979,0.993,-0.639,0.988,0.996,-0.965,0.993,-0.995,-0.995,0.998,0.983,-0.998,-0.854,-0.95,0.951,-0.993,0.997,0.998,-0.993,0.851,0.975,0.99,0.937,-0.977,0.949,0.994,-0.952,-0.911,-0.992,0.995,0.957,-0.996,0.997,0.996,-0.977,-0.994,0.994,-0.913,0.998,-0.99,-0.963,0.96,-0.847,-0.891,0.802,-0.989,-0.884,-0.929,0.979,-0.997,-0.994,-0.919,-0.985,-0.991,-0.985,-0.875,-0.864,0.908,0.993,0.998,-0.971,0.815,-0.979,0.416,0.97,-0.922,-0.572,0.889,-0.991,0.843,0.998,0.934,0.535,0.992,-0.943,0.996,0.986,-0.995,-0.998,0.869,-0.995,-0.991,0.996,0.215,-0.729,8.326,5.559,10.435,10.481,10.449,10.466,10.458,10.382,6.951,5.787,10.44,10.443,7.269,7.325,10.477,10.419,EssenceCatalog/problems/csplib-prob010-SocialGolfers/params/4404048df50562450c0f95c65ae9e32f.param
-0.998,-0.982,-0.954,-0.821,0.914,-0.968,-0.971,-0.999,0.958,0.923,0.99,0.707,-0.987,-0.945,0.92,0.983,0.996,-0.608,0.989,0.996,-0.984,0.994,-0.995,-0.989,0.973,0.867,-0.997,-0.851,-0.853,0.969,-0.977,0.994,0.994,-0.993,0.603,0.947,0.975,0.87,-0.965,0.785,0.995,-0.714,-0.752,-0.986,0.993,0.366,-0.997,0.998,0.989,-0.926,-0.988,0.992,-0.928,0.998,-0.989,-0.94,-0.424,0.168,-0.86,0.672,-0.977,-0.824,-0.976,0.976,-0.996,-0.994,-0.622,-0.97,-0.994,-0.98,-0.548,-0.771,0.87,0.972,0.997,-0.906,0.197,-0.928,0.824,0.984,-0.887,-0.875,0.911,-0.971,0.842,0.997,-0.267,0.651,0.989,-0.842,0.993,0.956,-0.987,-0.995,0.222,-0.991,-0.994,0.994,-0.874,-0.958,6.282,4.754,10.468,10.405,10.407,10.459,10.407,10.372,5.796,4.92,10.467,10.405,6.078,5.795,10.461,10.398,EssenceCatalog/problems/csplib-prob010-SocialGolfers/params/84d2439b7117ec08300547e672e8c81a.param
-0.999,-0.987,-0.964,-0.834,0.867,-0.971,-0.967,-0.999,0.952,0.952,0.993,0.767,-0.986,-0.96,0.938,0.989,0.997,-0.703,0.992,0.997,-0.988,0.997,-0.996,-0.988,0.956,0.797,-0.998,-0.887,-0.869,0.97,-0.976,0.995,0.995,-0.993,0.645,0.956,0.973,0.889,-0.975,0.824,0.997,-0.653,-0.745,-0.985,0.993,0.234,-0.998,0.998,0.989,-0.936,-0.991,0.993,-0.952,0.999,-0.989,-0.951,-0.532,-0.042,-0.903,0.711,-0.982,-0.849,-0.983,0.982,-0.996,-0.996,-0.724,-0.97,-0.996,-0.985,-0.533,-0.576,0.896,0.968,0.998,-0.91,0.366,-0.934,0.901,0.988,-0.92,-0.934,0.937,-0.963,0.885,0.997,-0.425,0.19,0.99,-0.817,0.995,0.962,-0.988,-0.996,0.323,-0.99,-0.996,0.994,-0.843,-0.972,6.532,4.764,10.474,10.4,10.417,10.488,10.434,10.399,5.906,4.946,10.473,10.395,6.211,5.86,10.466,10.393,EssenceCatalog/problems/csplib-prob010-SocialGolfers/params/89e1bcd691bd6917f64e8953600247ce.param
-0.997,-0.971,-0.902,-0.782,0.932,-0.97,-0.984,-0.998,0.974,-0.208,0.989,0.55,-0.99,-0.91,0.824,0.975,0.994,-0.628,0.991,0.994,-0.957,0.981,-0.996,-0.991,0.989,0.95,-0.996,-0.789,-0.928,0.951,-0.98,0.994,0.996,-0.988,0.896,0.979,0.989,0.837,-0.944,0.936,0.995,-0.859,-0.943,-0.991,0.986,0.967,-0.996,0.995,0.992,-0.96,-0.988,0.994,-0.902,0.998,-0.976,-0.875,0.83,0.605,-0.537,0.513,-0.973,-0.812,-0.936,0.973,-0.995,-0.994,-0.638,-0.953,-0.992,-0.976,-0.754,-0.898,0.635,0.988,0.996,-0.983,0.458,-0.98,0.633,0.952,-0.91,-0.738,0.838,-0.966,0.835,0.996,0.924,0.958,0.99,-0.96,0.995,0.973,-0.99,-0.994,0.799,-0.993,-0.994,0.992,-0.857,-0.892,7.042,5.289,10.439,10.454,10.477,10.453,10.445,10.412,6.365,5.498,10.457,10.45,6.618,6.607,10.494,10.442,EssenceCatalog/problems/csplib-prob010-SocialGolfers/params/cb96977fceb6088a798ccf7b575b3143.param
-0.999,-0.99,-0.977,-0.879,0.74,-0.97,-0.972,-0.999,0.962,0.958,0.994,0.818,-0.988,-0.97,0.949,0.993,0.998,-0.796,0.993,0.997,-0.99,0.998,-0.996,-0.991,0.942,0.771,-0.998,-0.91,-0.889,0.972,-0.98,0.996,0.996,-0.994,0.698,0.963,0.973,0.89,-0.983,0.889,0.998,-0.625,-0.756,-0.985,0.995,0.169,-0.999,0.998,0.992,-0.941,-0.994,0.994,-0.965,0.999,-0.992,-0.958,-0.62,-0.323,-0.924,0.748,-0.985,-0.877,-0.986,0.985,-0.996,-0.997,-0.826,-0.97,-0.997,-0.988,-0.582,-0.368,0.922,0.965,0.998,-0.917,0.467,-0.94,0.936,0.988,-0.938,-0.962,0.952,-0.965,0.919,0.998,-0.412,-0.302,0.992,-0.791,0.995,0.975,-0.986,-0.996,0.511,-0.99,-0.996,0.994,-0.731,-0.98,6.905,4.826,10.493,10.378,10.41,10.494,10.448,10.428,6.089,5.031,10.494,10.374,6.423,6.023,10.48,10.38,EssenceCatalog/problems/csplib-prob010-SocialGolfers/params/ee6bd7ac4a768623c9080427203981e5.param
-0.997,-0.996,-0.918,-0.768,0.993,-0.919,-0.977,-0.999,0.92,0.995,0.992,0.608,-0.977,-0.97,0.953,0.942,0.999,-0.494,0.993,0.998,-0.996,0.967,-0.998,-0.961,0.98,0.93,-0.996,-0.925,-0.819,0.985,-0.97,0.995,0.988,-0.989,0.745,0.892,0.979,0.819,-0.966,0.226,0.999,-0.505,-0.875,-0.996,0.982,-0.568,-0.998,0.997,0.968,-0.876,-0.982,0.995,-0.969,0.999,-0.982,-0.941,-0.977,0.986,-0.831,0.695,-0.919,-0.896,-0.992,0.98,-0.997,-0.996,0.867,-0.974,-0.998,-0.974,-0.55,-0.974,0.865,0.943,0.998,-0.874,-0.914,-0.902,0.961,0.994,-0.862,-0.951,0.953,-0.959,0.917,0.996,-0.972,0.986,0.992,-0.885,0.994,0.764,-0.985,-0.983,-0.903,-0.994,-0.997,0.993,-0.996,-0.988,4.621,4.116,10.187,10.265,10.245,10.295,10.251,10.183,4.777,4.241,10.153,10.251,5.08,4.624,10.126,10.287,EssenceCatalog/problems/csplib-prob010-SocialGolfers/params/787fa3fdd1b07dd3f6d30e38492439ec.param
-0.997,-0.975,-0.901,-0.7,0.962,-0.958,-0.972,-0.999,0.958,0.347,0.989,0.475,-0.984,-0.904,0.827,0.977,0.995,-0.634,0.992,0.994,-0.965,0.98,-0.996,-0.988,0.975,0.9,-0.996,-0.799,-0.909,0.95,-0.972,0.993,0.995,-0.986,0.877,0.976,0.988,0.775,-0.939,0.912,0.996,-0.744,-0.934,-0.991,0.981,0.936,-0.997,0.994,0.988,-0.949,-0.987,0.994,-0.91,0.998,-0.97,-0.813,0.5,0.836,-0.432,0.481,-0.965,-0.786,-0.955,0.974,-0.994,-0.995,-0.502,-0.938,-0.994,-0.976,-0.635,-0.861,0.515,0.982,0.995,-0.981,0.267,-0.975,0.743,0.946,-0.911,-0.842,0.84,-0.942,0.849,0.996,0.848,0.967,0.989,-0.951,0.995,0.96,-0.984,-0.991,0.69,-0.991,-0.995,0.989,-0.94,-0.935,6.56,5.104,10.411,10.367,10.402,10.392,10.376,10.388,6.092,5.3,10.428,10.384,6.344,6.246,10.444,10.376,EssenceCatalog/problems/csplib-prob010-SocialGolfers/params/e1dbaad7a42371068e43969af58a24c3.param
-0.997,-0.994,-0.954,-0.741,0.989,-0.935,-0.965,-0.999,0.944,0.992,0.992,0.597,-0.978,-0.967,0.945,0.978,0.998,-0.573,0.992,0.997,-0.995,0.988,-0.998,-0.982,0.962,0.868,-0.996,-0.911,-0.839,0.982,-0.967,0.994,0.99,-0.993,0.735,0.938,0.979,0.85,-0.962,0.536,0.998,-0.443,-0.854,-0.993,0.99,-0.437,-0.998,0.997,0.984,-0.884,-0.985,0.995,-0.966,0.999,-0.988,-0.923,-0.968,0.958,-0.824,0.644,-0.947,-0.882,-0.99,0.982,-0.997,-0.996,0.583,-0.967,-0.997,-0.977,-0.465,-0.937,0.842,0.951,0.997,-0.88,-0.835,-0.91,0.946,0.991,-0.889,-0.948,0.946,-0.966,0.908,0.996,-0.912,0.963,0.991,-0.862,0.994,0.888,-0.983,-0.987,-0.712,-0.992,-0.997,0.992,-0.992,-0.985,4.819,4.216,10.305,10.278,10.255,10.321,10.269,10.215,4.92,4.351,10.277,10.263,5.209,4.775,10.246,10.302,EssenceCatalog/problems/csplib-prob010-SocialGolfers/params/6c04f7de224209a7f3969d49ee0266c0.param
-0.996,-0.981,-0.909,-0.693,0.978,-0.954,-0.971,-0.998,0.96,0.805,0.988,0.398,-0.984,-0.919,0.851,0.976,0.995,-0.585,0.991,0.994,-0.976,0.982,-0.996,-0.987,0.973,0.89,-0.996,-0.79,-0.878,0.968,-0.972,0.992,0.993,-0.991,0.803,0.965,0.983,0.777,-0.927,0.843,0.996,-0.663,-0.904,-0.991,0.986,0.815,-0.997,0.996,0.988,-0.926,-0.983,0.993,-0.914,0.998,-0.98,-0.859,-0.187,0.893,-0.501,0.468,-0.96,-0.781,-0.965,0.973,-0.995,-0.993,-0.193,-0.941,-0.994,-0.971,-0.538,-0.909,0.632,0.978,0.996,-0.965,-0.244,-0.96,0.773,0.969,-0.894,-0.831,0.851,-0.957,0.838,0.995,0.406,0.974,0.988,-0.927,0.994,0.949,-0.983,-0.991,0.348,-0.992,-0.995,0.99,-0.969,-0.955,5.867,4.793,10.401,10.3,10.331,10.331,10.312,10.308,5.644,4.964,10.401,10.314,5.904,5.718,10.39,10.332,EssenceCatalog/problems/csplib-prob010-SocialGolfers/params/ef55228b1ccd34b2aaa5ab4b918c916a.param
-0.998,-0.97,-0.948,-0.906,0.795,-0.982,-0.99,-0.998,0.979,0.193,0.99,0.786,-0.995,-0.936,0.892,0.974,0.992,-0.546,0.985,0.995,-0.968,0.991,-0.994,-0.992,0.995,0.964,-0.997,-0.812,-0.91,0.962,-0.989,0.995,0.996,-0.991,0.716,0.955,0.984,0.909,-0.968,0.881,0.993,-0.907,-0.849,-0.989,0.993,0.866,-0.996,0.997,0.993,-0.957,-0.991,0.993,-0.898,0.997,-0.988,-0.957,0.796,-0.619,-0.87,0.724,-0.984,-0.846,-0.949,0.976,-0.997,-0.992,-0.83,-0.98,-0.991,-0.981,-0.79,-0.87,0.88,0.988,0.998,-0.947,0.578,-0.962,0.494,0.973,-0.891,-0.586,0.873,-0.987,0.778,0.997,0.708,0.686,0.99,-0.902,0.994,0.975,-0.993,-0.997,0.647,-0.994,-0.99,0.995,-0.376,-0.85,7.602,5.307,10.446,10.481,10.452,10.479,10.447,10.394,6.562,5.506,10.461,10.466,6.846,6.831,10.496,10.42,EssenceCatalog/problems/csplib-prob010-SocialGolfers/params/ef615e00f9239eda8a34a36d9b91fdee.param
-0.999,-0.989,-0.969,-0.875,0.865,-0.964,-0.974,-0.999,0.948,0.975,0.993,0.822,-0.987,-0.966,0.95,0.987,0.997,-0.707,0.991,0.998,-0.991,0.996,-0.996,-0.986,0.966,0.85,-0.998,-0.912,-0.861,0.974,-0.978,0.995,0.995,-0.992,0.577,0.934,0.972,0.881,-0.982,0.732,0.997,-0.65,-0.677,-0.986,0.993,-0.169,-0.998,0.998,0.987,-0.929,-0.992,0.993,-0.961,0.999,-0.99,-0.959,-0.767,-0.102,-0.931,0.752,-0.98,-0.875,-0.988,0.982,-0.997,-0.996,-0.642,-0.979,-0.996,-0.986,-0.597,-0.693,0.927,0.965,0.998,-0.874,0.218,-0.916,0.92,0.989,-0.902,-0.948,0.953,-0.971,0.891,0.997,-0.729,0.084,0.99,-0.783,0.994,0.952,-0.986,-0.996,0.061,-0.991,-0.996,0.994,-0.852,-0.976,6.272,4.6,10.444,10.367,10.368,10.445,10.381,10.328,5.716,4.776,10.437,10.352,6.027,5.624,10.422,10.353,EssenceCatalog/problems/csplib-prob010-SocialGolfers/params/e7dd3c54b74cc25a55fe47c86dec8a7a.param
-0.997,-0.973,-0.899,-0.721,0.954,-0.962,-0.975,-0.998,0.962,0.128,0.989,0.506,-0.986,-0.903,0.822,0.976,0.994,-0.639,0.992,0.994,-0.961,0.979,-0.996,-0.989,0.979,0.914,-0.996,-0.799,-0.916,0.945,-0.973,0.993,0.995,-0.986,0.89,0.978,0.989,0.787,-0.941,0.924,0.996,-0.781,-0.94,-0.991,0.981,0.952,-0.997,0.994,0.989,-0.954,-0.988,0.994,-0.908,0.998,-0.969,-0.814,0.658,0.798,-0.433,0.486,-0.966,-0.796,-0.95,0.974,-0.994,-0.995,-0.566,-0.94,-0.994,-0.977,-0.676,-0.859,0.517,0.984,0.995,-0.984,0.372,-0.978,0.716,0.941,-0.913,-0.828,0.837,-0.946,0.848,0.996,0.896,0.965,0.989,-0.955,0.995,0.963,-0.986,-0.992,0.746,-0.991,-0.994,0.989,-0.922,-0.922,6.74,5.179,10.41,10.39,10.42,10.406,10.395,10.395,6.2,5.381,10.427,10.4,6.451,6.383,10.451,10.391,EssenceCatalog/problems/csplib-prob010-SocialGolfers/params/df66c2f0d27df3e35e42f4cb631fe74d.param
-0.996,-0.984,-0.932,-0.714,0.98,-0.95,-0.969,-0.999,0.963,0.911,0.988,0.416,-0.983,-0.932,0.874,0.981,0.996,-0.599,0.99,0.995,-0.981,0.986,-0.996,-0.988,0.968,0.877,-0.995,-0.813,-0.869,0.973,-0.971,0.991,0.992,-0.993,0.762,0.961,0.982,0.795,-0.936,0.81,0.996,-0.581,-0.886,-0.991,0.988,0.675,-0.997,0.995,0.989,-0.915,-0.983,0.993,-0.924,0.998,-0.984,-0.868,-0.595,0.892,-0.6,0.488,-0.956,-0.806,-0.972,0.975,-0.995,-0.993,-0.089,-0.947,-0.994,-0.973,-0.506,-0.915,0.678,0.974,0.995,-0.952,-0.44,-0.948,0.806,0.972,-0.893,-0.856,0.872,-0.96,0.851,0.995,0.069,0.968,0.988,-0.908,0.993,0.949,-0.98,-0.989,0.145,-0.992,-0.995,0.99,-0.974,-0.963,5.583,4.646,10.418,10.301,10.319,10.329,10.313,10.296,5.455,4.809,10.405,10.302,5.717,5.469,10.382,10.342,EssenceCatalog/problems/csplib-prob010-SocialGolfers/params/ffe06b8a9587b8eee0412c1dedc3a315.param
-0.999,-0.973,-0.965,-0.948,0.369,-0.99,-0.995,-0.999,0.991,-0.75,0.994,0.885,-0.997,-0.954,0.909,0.98,0.993,-0.693,0.99,0.997,-0.966,0.994,-0.996,-0.996,0.998,0.987,-0.998,-0.88,-0.958,0.949,-0.994,0.997,0.998,-0.993,0.884,0.98,0.992,0.95,-0.982,0.96,0.995,-0.963,-0.929,-0.994,0.996,0.971,-0.996,0.997,0.997,-0.981,-0.995,0.996,-0.924,0.998,-0.99,-0.971,0.975,-0.893,-0.911,0.824,-0.991,-0.905,-0.93,0.983,-0.998,-0.995,-0.934,-0.987,-0.992,-0.987,-0.91,-0.877,0.922,0.994,0.999,-0.977,0.85,-0.985,0.435,0.972,-0.932,-0.581,0.904,-0.991,0.865,0.998,0.958,0.451,0.994,-0.952,0.997,0.989,-0.996,-0.998,0.906,-0.996,-0.992,0.997,0.365,-0.714,8.504,5.617,10.464,10.51,10.476,10.496,10.49,10.414,7.048,5.852,10.463,10.467,7.379,7.434,10.503,10.453,EssenceCatalog/problems/csplib-prob010-SocialGolfers/params/a6f53661fdd27b6055b077da24fcc907.param
-0.997,-0.974,-0.905,-0.717,0.961,-0.959,-0.973,-0.998,0.963,0.358,0.989,0.494,-0.985,-0.903,0.83,0.977,0.995,-0.614,0.992,0.994,-0.965,0.98,-0.996,-0.989,0.979,0.913,-0.996,-0.796,-0.908,0.95,-0.973,0.993,0.995,-0.987,0.87,0.976,0.988,0.788,-0.938,0.906,0.996,-0.757,-0.931,-0.991,0.984,0.933,-0.997,0.994,0.989,-0.948,-0.986,0.993,-0.908,0.998,-0.972,-0.821,0.492,0.813,-0.452,0.494,-0.964,-0.795,-0.954,0.974,-0.994,-0.994,-0.482,-0.943,-0.994,-0.975,-0.648,-0.88,0.544,0.983,0.995,-0.979,0.233,-0.974,0.712,0.946,-0.907,-0.817,0.837,-0.95,0.843,0.996,0.837,0.967,0.989,-0.951,0.995,0.961,-0.985,-0.992,0.662,-0.991,-0.994,0.989,-0.935,-0.93,6.551,5.099,10.419,10.377,10.409,10.399,10.382,10.387,6.082,5.292,10.436,10.393,6.334,6.243,10.451,10.385,EssenceCatalog/problems/csplib-prob010-SocialGolfers/params/a35d22194e50437242f1f618439fd87a.param
-0.997,-0.973,-0.884,-0.728,0.952,-0.964,-0.98,-0.998,0.962,-0.164,0.989,0.536,-0.987,-0.9,0.815,0.97,0.995,-0.642,0.993,0.994,-0.959,0.972,-0.996,-0.988,0.985,0.938,-0.996,-0.793,-0.926,0.947,-0.975,0.994,0.996,-0.983,0.914,0.979,0.991,0.808,-0.942,0.927,0.996,-0.828,-0.952,-0.992,0.978,0.969,-0.997,0.994,0.988,-0.96,-0.989,0.994,-0.911,0.998,-0.966,-0.822,0.792,0.789,-0.408,0.473,-0.965,-0.817,-0.945,0.974,-0.994,-0.995,-0.551,-0.943,-0.994,-0.977,-0.731,-0.889,0.507,0.986,0.995,-0.987,0.421,-0.982,0.681,0.937,-0.915,-0.797,0.836,-0.951,0.85,0.996,0.929,0.973,0.99,-0.965,0.996,0.963,-0.987,-0.992,0.772,-0.992,-0.994,0.989,-0.91,-0.907,6.861,5.239,10.395,10.405,10.429,10.403,10.401,10.386,6.274,5.446,10.411,10.407,6.522,6.489,10.442,10.397,EssenceCatalog/problems/csplib-prob010-SocialGolfers/params/847d2296bbface1ebf564605704a63e6.param
-0.997,-0.991,-0.962,-0.802,0.976,-0.948,-0.971,-0.999,0.96,0.987,0.991,0.645,-0.984,-0.961,0.938,0.981,0.998,-0.579,0.99,0.997,-0.992,0.992,-0.997,-0.987,0.967,0.874,-0.996,-0.89,-0.83,0.98,-0.973,0.994,0.99,-0.995,0.63,0.93,0.975,0.856,-0.961,0.613,0.997,-0.548,-0.793,-0.991,0.993,-0.287,-0.998,0.997,0.988,-0.886,-0.984,0.994,-0.954,0.999,-0.991,-0.936,-0.941,0.847,-0.854,0.676,-0.96,-0.863,-0.987,0.979,-0.997,-0.995,0.158,-0.972,-0.996,-0.978,-0.497,-0.913,0.874,0.961,0.997,-0.862,-0.666,-0.901,0.913,0.99,-0.879,-0.925,0.936,-0.975,0.888,0.996,-0.849,0.909,0.99,-0.829,0.993,0.928,-0.983,-0.991,-0.517,-0.992,-0.996,0.993,-0.98,-0.979,5.104,4.312,10.375,10.314,10.278,10.358,10.296,10.235,5.098,4.461,10.362,10.295,5.378,4.978,10.325,10.321,EssenceCatalog/problems/csplib-prob010-SocialGolfers/params/166e9f6e80e29600d3d7ae5db8ac5cde.param
-1.0,-0.995,-0.994,-0.993,-0.973,-0.995,-0.999,-1.0,0.994,-0.987,0.999,0.992,-0.998,-0.996,0.987,0.986,0.998,-0.979,0.999,1.0,-0.992,0.997,-0.999,-0.997,0.999,0.996,-0.999,-0.982,-0.991,0.956,-0.998,0.999,1.0,-0.991,0.984,0.995,0.997,0.993,-0.998,0.993,0.999,-0.993,-0.985,-0.999,0.997,0.995,-0.999,0.998,0.997,-0.997,-1.0,0.998,-0.99,1.0,-0.993,-0.993,0.998,-0.998,-0.992,0.974,-0.998,-0.987,-0.975,0.996,-0.998,-1.0,-0.992,-0.996,-0.998,-0.998,-0.984,-0.093,0.993,0.996,1.0,-0.996,0.991,-0.997,0.934,0.982,-0.993,-0.97,0.989,-0.993,0.991,1.0,0.996,-0.969,0.999,-0.978,0.999,0.997,-0.999,-0.999,0.995,-0.998,-0.998,0.998,0.99,-0.713,9.543,5.789,10.457,10.459,10.438,10.536,10.547,10.495,7.552,6.085,10.414,10.398,8.021,7.852,10.433,10.477,EssenceCatalog/problems/csplib-prob010-SocialGolfers/params/f73f875250d6eeaf3bbe303b26557208.param
-1.0,-0.992,-0.475,-0.663,-0.403,-0.974,-0.916,-1.0,-0.871,-0.868,0.998,0.988,-0.768,-0.979,0.986,-0.129,0.997,-0.985,0.997,0.999,-0.99,0.921,-0.998,0.771,0.904,0.773,-0.999,-0.985,-0.988,0.934,-0.921,0.999,0.999,0.927,0.987,0.964,0.995,0.981,-0.999,0.754,0.999,-0.974,-0.966,-0.987,-0.915,0.993,-0.999,0.996,-0.957,-0.994,-0.999,0.995,-0.985,0.999,0.627,-0.986,0.998,-0.961,-0.987,0.939,-0.993,-0.96,-0.984,0.994,-0.985,-0.999,-0.961,-0.985,-0.995,-0.997,-0.929,0.863,0.831,0.92,0.998,-0.997,0.998,-0.996,0.987,0.931,-0.99,-0.996,0.984,0.692,0.975,0.999,0.96,-0.982,0.995,-0.971,0.999,0.546,-0.994,-0.992,0.975,-0.981,-0.995,0.989,0.809,-0.94,8.326,4.936,7.26,9.315,9.645,9.65,9.913,9.998,6.577,5.273,7.436,9.246,6.996,6.695,7.766,9.341,EssenceCatalog/problems/csplib-prob010-SocialGolfers/params/ord30-5-8-6.param
-0.997,-0.975,-0.889,-0.726,0.961,-0.964,-0.978,-0.998,0.962,0.328,0.988,0.493,-0.988,-0.903,0.833,0.97,0.994,-0.585,0.991,0.994,-0.965,0.979,-0.996,-0.987,0.983,0.924,-0.996,-0.776,-0.902,0.957,-0.976,0.994,0.995,-0.987,0.854,0.971,0.987,0.798,-0.932,0.894,0.995,-0.799,-0.925,-0.991,0.983,0.93,-0.996,0.996,0.989,-0.947,-0.986,0.994,-0.902,0.998,-0.975,-0.867,0.584,0.784,-0.482,0.507,-0.969,-0.78,-0.95,0.972,-0.995,-0.994,-0.468,-0.946,-0.993,-0.973,-0.649,-0.894,0.617,0.984,0.996,-0.978,0.235,-0.973,0.702,0.961,-0.9,-0.779,0.838,-0.959,0.83,0.996,0.796,0.968,0.989,-0.949,0.995,0.957,-0.988,-0.993,0.644,-0.993,-0.994,0.992,-0.933,-0.93,6.575,5.103,10.406,10.39,10.419,10.413,10.388,10.373,6.087,5.292,10.428,10.402,6.341,6.262,10.447,10.391,EssenceCatalog/problems/csplib-prob010-SocialGolfers/params/d3716ed7d25b921115647e55b82a0c0f.param
-0.999,-0.992,-0.968,-0.868,0.914,-0.962,-0.973,-0.999,0.947,0.985,0.994,0.801,-0.987,-0.97,0.954,0.986,0.998,-0.696,0.992,0.998,-0.992,0.996,-0.997,-0.985,0.962,0.836,-0.998,-0.911,-0.854,0.978,-0.975,0.996,0.994,-0.993,0.602,0.928,0.971,0.874,-0.98,0.701,0.998,-0.594,-0.708,-0.988,0.993,-0.324,-0.998,0.998,0.986,-0.919,-0.991,0.994,-0.967,0.999,-0.991,-0.962,-0.87,0.25,-0.928,0.731,-0.979,-0.874,-0.989,0.983,-0.997,-0.997,-0.464,-0.977,-0.997,-0.986,-0.579,-0.748,0.929,0.961,0.998,-0.862,-0.025,-0.909,0.939,0.992,-0.905,-0.957,0.957,-0.971,0.899,0.997,-0.834,0.306,0.991,-0.786,0.994,0.944,-0.986,-0.995,-0.149,-0.992,-0.996,0.995,-0.923,-0.982,5.881,4.489,10.443,10.365,10.356,10.442,10.371,10.314,5.51,4.659,10.435,10.349,5.815,5.395,10.416,10.358,EssenceCatalog/problems/csplib-prob010-SocialGolfers/params/089c8da7fecfe2607631be91d1942a9a.param
-1.0,-0.99,-0.982,-0.95,-0.156,-0.981,-0.989,-0.999,0.943,0.846,0.996,0.957,-0.993,-0.983,0.971,0.99,0.998,-0.877,0.995,0.999,-0.992,0.997,-0.997,-0.986,0.985,0.919,-0.999,-0.956,-0.934,0.967,-0.99,0.998,0.998,-0.987,0.771,0.96,0.979,0.946,-0.994,0.87,0.998,-0.849,-0.74,-0.989,0.994,0.398,-0.999,0.999,0.984,-0.972,-0.998,0.995,-0.975,0.999,-0.987,-0.981,0.239,-0.951,-0.98,0.886,-0.991,-0.939,-0.99,0.99,-0.997,-0.998,-0.942,-0.988,-0.997,-0.994,-0.808,-0.111,0.971,0.978,0.999,-0.944,0.889,-0.963,0.943,0.988,-0.953,-0.969,0.976,-0.973,0.942,0.999,-0.221,-0.92,0.995,-0.821,0.996,0.976,-0.991,-0.998,0.7,-0.992,-0.996,0.995,0.406,-0.964,8.179,5.176,10.4,10.398,10.366,10.521,10.476,10.42,6.721,5.401,10.4,10.383,7.151,6.788,10.393,10.364,EssenceCatalog/problems/csplib-prob010-SocialGolfers/params/24ba5db2410c2d9143dcbfd3630ca754.param
-0.998,-0.985,-0.958,-0.803,0.905,-0.967,-0.962,-0.999,0.952,0.94,0.992,0.71,-0.985,-0.951,0.928,0.988,0.996,-0.667,0.991,0.996,-0.985,0.996,-0.996,-0.989,0.956,0.8,-0.998,-0.864,-0.864,0.968,-0.974,0.995,0.995,-0.993,0.653,0.959,0.974,0.869,-0.97,0.828,0.996,-0.638,-0.77,-0.985,0.992,0.329,-0.998,0.998,0.989,-0.931,-0.989,0.993,-0.941,0.998,-0.988,-0.938,-0.472,0.189,-0.861,0.661,-0.98,-0.825,-0.979,0.979,-0.996,-0.995,-0.68,-0.964,-0.995,-0.984,-0.504,-0.64,0.863,0.968,0.997,-0.915,0.327,-0.934,0.881,0.985,-0.911,-0.919,0.925,-0.961,0.865,0.997,-0.251,0.498,0.99,-0.836,0.994,0.96,-0.987,-0.995,0.362,-0.99,-0.995,0.994,-0.879,-0.968,6.391,4.779,10.475,10.396,10.416,10.474,10.422,10.398,5.859,4.954,10.474,10.4,6.149,5.834,10.47,10.395,EssenceCatalog/problems/csplib-prob010-SocialGolfers/params/6064db4c47fd9de5291bf31451b73701.param
-0.998,-0.99,-0.956,-0.762,0.97,-0.955,-0.961,-0.999,0.953,0.98,0.991,0.614,-0.982,-0.956,0.931,0.985,0.997,-0.616,0.991,0.997,-0.99,0.994,-0.997,-0.987,0.951,0.811,-0.997,-0.875,-0.839,0.976,-0.97,0.994,0.992,-0.994,0.66,0.948,0.975,0.85,-0.96,0.721,0.997,-0.541,-0.798,-0.989,0.992,-0.06,-0.998,0.998,0.988,-0.901,-0.985,0.994,-0.95,0.999,-0.99,-0.929,-0.87,0.797,-0.826,0.629,-0.971,-0.836,-0.984,0.98,-0.996,-0.995,-0.159,-0.963,-0.996,-0.98,-0.451,-0.83,0.855,0.962,0.997,-0.894,-0.403,-0.917,0.914,0.989,-0.896,-0.933,0.93,-0.965,0.883,0.997,-0.709,0.849,0.989,-0.833,0.994,0.938,-0.985,-0.992,-0.197,-0.991,-0.996,0.993,-0.972,-0.979,5.39,4.431,10.408,10.319,10.309,10.379,10.326,10.277,5.282,4.592,10.399,10.309,5.561,5.185,10.368,10.334,EssenceCatalog/problems/csplib-prob010-SocialGolfers/params/125d3cb93400cb1cab423ccbf66f7096.param
-0.996,-0.983,-0.926,-0.688,0.979,-0.944,-0.965,-0.999,0.957,0.896,0.988,0.423,-0.981,-0.923,0.87,0.981,0.996,-0.588,0.991,0.994,-0.98,0.985,-0.996,-0.988,0.965,0.862,-0.996,-0.818,-0.872,0.967,-0.97,0.992,0.992,-0.992,0.795,0.965,0.982,0.763,-0.931,0.828,0.997,-0.578,-0.892,-0.991,0.988,0.697,-0.997,0.995,0.988,-0.917,-0.982,0.993,-0.923,0.998,-0.981,-0.843,-0.532,0.915,-0.537,0.516,-0.956,-0.787,-0.973,0.975,-0.995,-0.994,-0.112,-0.941,-0.995,-0.973,-0.475,-0.892,0.648,0.974,0.995,-0.957,-0.325,-0.953,0.838,0.972,-0.895,-0.881,0.871,-0.953,0.859,0.995,0.173,0.97,0.988,-0.918,0.994,0.946,-0.98,-0.99,0.204,-0.991,-0.996,0.989,-0.977,-0.966,5.64,4.676,10.407,10.287,10.314,10.323,10.306,10.301,5.498,4.843,10.396,10.294,5.762,5.515,10.375,10.33,EssenceCatalog/problems/csplib-prob010-SocialGolfers/params/732a8d86ee667bc7a9b926b0aa3bd05f.param
-0.997,-0.976,-0.887,-0.719,0.964,-0.961,-0.978,-0.998,0.964,0.28,0.988,0.454,-0.987,-0.909,0.822,0.973,0.994,-0.607,0.992,0.994,-0.965,0.978,-0.996,-0.987,0.983,0.926,-0.996,-0.772,-0.911,0.959,-0.975,0.993,0.995,-0.987,0.872,0.974,0.988,0.792,-0.934,0.905,0.996,-0.787,-0.936,-0.991,0.982,0.943,-0.997,0.995,0.989,-0.949,-0.986,0.993,-0.906,0.998,-0.974,-0.853,0.585,0.819,-0.451,0.447,-0.966,-0.786,-0.95,0.973,-0.995,-0.994,-0.439,-0.943,-0.993,-0.974,-0.663,-0.903,0.579,0.984,0.996,-0.98,0.184,-0.976,0.712,0.957,-0.904,-0.785,0.835,-0.958,0.837,0.996,0.834,0.973,0.989,-0.953,0.995,0.96,-0.987,-0.992,0.671,-0.993,-0.994,0.991,-0.937,-0.93,6.551,5.106,10.403,10.373,10.406,10.391,10.373,10.366,6.079,5.299,10.421,10.388,6.331,6.256,10.44,10.378,EssenceCatalog/problems/csplib-prob010-SocialGolfers/params/e08b402ba400c30c4c4c36fd8171b0ab.param
-1.0,-0.993,-0.993,-0.993,-0.973,-0.995,-0.999,-1.0,0.993,-0.988,0.999,0.992,-0.998,-0.995,0.985,0.984,0.998,-0.975,0.998,1.0,-0.991,0.996,-0.999,-0.997,1.0,0.996,-0.999,-0.979,-0.991,0.944,-0.998,0.999,1.0,-0.986,0.982,0.995,0.996,0.992,-0.998,0.99,0.999,-0.992,-0.982,-0.999,0.997,0.995,-0.999,0.997,0.996,-0.996,-1.0,0.998,-0.989,1.0,-0.991,-0.992,0.998,-0.998,-0.992,0.974,-0.998,-0.985,-0.971,0.996,-0.998,-1.0,-0.992,-0.996,-0.998,-0.998,-0.983,-0.107,0.992,0.996,1.0,-0.995,0.992,-0.997,0.912,0.977,-0.991,-0.964,0.987,-0.992,0.989,1.0,0.996,-0.969,0.999,-0.978,0.999,0.996,-0.998,-0.999,0.994,-0.998,-0.997,0.998,0.991,-0.635,9.533,5.782,10.436,10.441,10.416,10.513,10.527,10.473,7.541,6.077,10.391,10.378,8.007,7.846,10.412,10.456,EssenceCatalog/problems/csplib-prob010-SocialGolfers/params/583ff795b991937ff0e1832e4bb9f50f.param
-0.998,-0.967,-0.934,-0.848,0.765,-0.981,-0.983,-0.998,0.971,-0.108,0.991,0.773,-0.992,-0.925,0.882,0.979,0.992,-0.611,0.99,0.995,-0.963,0.992,-0.994,-0.991,0.991,0.941,-0.998,-0.829,-0.925,0.942,-0.985,0.995,0.997,-0.989,0.825,0.976,0.987,0.899,-0.967,0.929,0.994,-0.884,-0.888,-0.988,0.991,0.931,-0.997,0.997,0.993,-0.966,-0.992,0.993,-0.905,0.998,-0.983,-0.935,0.886,-0.443,-0.808,0.683,-0.985,-0.823,-0.942,0.976,-0.996,-0.994,-0.868,-0.971,-0.992,-0.982,-0.74,-0.731,0.825,0.987,0.998,-0.972,0.78,-0.973,0.623,0.963,-0.919,-0.745,0.874,-0.971,0.828,0.998,0.878,0.661,0.99,-0.931,0.995,0.978,-0.993,-0.997,0.836,-0.992,-0.992,0.994,-0.442,-0.872,7.792,5.413,10.459,10.501,10.492,10.517,10.488,10.447,6.706,5.633,10.469,10.486,6.993,6.973,10.516,10.45,EssenceCatalog/problems/csplib-prob010-SocialGolfers/params/e5d5e69ff1ded7731095209e09f6a793.param
-0.997,-0.979,-0.924,-0.706,0.961,-0.961,-0.964,-0.999,0.954,0.829,0.988,0.53,-0.984,-0.922,0.876,0.981,0.995,-0.596,0.991,0.995,-0.977,0.99,-0.995,-0.987,0.967,0.854,-0.997,-0.81,-0.874,0.963,-0.971,0.993,0.994,-0.991,0.754,0.964,0.981,0.815,-0.943,0.845,0.996,-0.675,-0.865,-0.988,0.988,0.745,-0.997,0.996,0.988,-0.929,-0.985,0.993,-0.917,0.998,-0.982,-0.882,-0.094,0.722,-0.645,0.534,-0.971,-0.774,-0.967,0.974,-0.995,-0.993,-0.486,-0.949,-0.994,-0.975,-0.506,-0.819,0.716,0.976,0.996,-0.955,0.103,-0.953,0.796,0.973,-0.898,-0.856,0.874,-0.954,0.837,0.996,0.359,0.917,0.988,-0.908,0.994,0.953,-0.985,-0.993,0.436,-0.991,-0.994,0.992,-0.943,-0.957,6.192,4.875,10.443,10.367,10.395,10.418,10.382,10.379,5.825,5.047,10.449,10.383,6.09,5.888,10.448,10.384,EssenceCatalog/problems/csplib-prob010-SocialGolfers/params/ba2b698482522050aaf73fd66fdc10f2.param
-0.998,-0.975,-0.956,-0.931,0.774,-0.98,-0.993,-0.998,0.976,0.388,0.991,0.825,-0.996,-0.946,0.905,0.971,0.994,-0.577,0.984,0.996,-0.972,0.99,-0.994,-0.99,0.996,0.969,-0.997,-0.832,-0.902,0.969,-0.99,0.996,0.996,-0.99,0.641,0.934,0.983,0.909,-0.976,0.837,0.994,-0.904,-0.811,-0.99,0.994,0.781,-0.996,0.997,0.992,-0.955,-0.992,0.993,-0.911,0.998,-0.989,-0.964,0.679,-0.716,-0.908,0.752,-0.983,-0.87,-0.964,0.978,-0.997,-0.993,-0.823,-0.984,-0.992,-0.983,-0.813,-0.885,0.907,0.987,0.998,-0.932,0.535,-0.956,0.527,0.976,-0.886,-0.635,0.893,-0.989,0.78,0.997,0.506,0.573,0.991,-0.873,0.993,0.972,-0.992,-0.997,0.533,-0.994,-0.99,0.995,-0.309,-0.861,7.538,5.236,10.455,10.495,10.451,10.496,10.455,10.401,6.5,5.431,10.467,10.476,6.796,6.735,10.498,10.428,EssenceCatalog/problems/csplib-prob010-SocialGolfers/params/66e938838e18a90de0c9f4d8fe6642e8.param
-0.996,-0.996,-0.919,-0.766,0.993,-0.923,-0.978,-0.999,0.925,0.993,0.991,0.595,-0.98,-0.967,0.948,0.948,0.999,-0.483,0.992,0.998,-0.995,0.969,-0.998,-0.965,0.981,0.927,-0.996,-0.916,-0.821,0.985,-0.971,0.995,0.989,-0.991,0.754,0.905,0.978,0.81,-0.96,0.341,0.998,-0.518,-0.875,-0.995,0.985,-0.507,-0.998,0.997,0.975,-0.875,-0.98,0.995,-0.967,0.999,-0.983,-0.938,-0.972,0.985,-0.801,0.672,-0.923,-0.883,-0.991,0.979,-0.997,-0.996,0.847,-0.971,-0.997,-0.973,-0.533,-0.972,0.865,0.948,0.998,-0.88,-0.907,-0.908,0.958,0.994,-0.854,-0.946,0.946,-0.965,0.913,0.996,-0.962,0.987,0.992,-0.884,0.993,0.805,-0.985,-0.985,-0.873,-0.994,-0.997,0.993,-0.996,-0.987,4.648,4.14,10.213,10.266,10.243,10.297,10.25,10.185,4.801,4.264,10.18,10.252,5.098,4.653,10.152,10.289,EssenceCatalog/problems/csplib-prob010-SocialGolfers/params/4df6c21eba1e2ad4885f8da865b76521.param
-0.996,-0.993,-0.938,-0.704,0.991,-0.926,-0.967,-0.999,0.945,0.988,0.99,0.488,-0.977,-0.957,0.925,0.973,0.998,-0.538,0.992,0.997,-0.993,0.981,-0.998,-0.98,0.967,0.885,-0.996,-0.896,-0.841,0.98,-0.968,0.993,0.989,-0.993,0.786,0.946,0.98,0.799,-0.947,0.605,0.998,-0.459,-0.881,-0.994,0.989,-0.2,-0.998,0.997,0.985,-0.88,-0.979,0.995,-0.96,0.999,-0.986,-0.9,-0.957,0.98,-0.704,0.627,-0.935,-0.856,-0.987,0.978,-0.996,-0.995,0.686,-0.958,-0.997,-0.973,-0.446,-0.953,0.8,0.956,0.997,-0.909,-0.865,-0.922,0.942,0.991,-0.876,-0.94,0.928,-0.963,0.907,0.996,-0.865,0.985,0.99,-0.886,0.993,0.892,-0.98,-0.984,-0.659,-0.993,-0.997,0.991,-0.994,-0.984,4.773,4.233,10.279,10.241,10.225,10.284,10.236,10.184,4.903,4.364,10.253,10.232,5.188,4.774,10.218,10.274,EssenceCatalog/problems/csplib-prob010-SocialGolfers/params/225ab909161cbf8b80b8d7bda964ac19.param
-0.998,-0.998,0.975,0.389,0.997,-0.6,-0.237,-0.999,-0.997,0.975,0.992,0.936,0.508,-0.974,0.983,-0.99,0.997,-0.899,0.997,0.997,-0.994,-0.977,-0.998,0.998,0.957,0.858,-0.997,-0.966,-0.697,0.983,-0.673,0.999,0.99,0.998,0.898,-0.73,0.984,0.805,-0.993,-0.991,0.998,-0.949,-0.926,-0.989,-0.998,0.922,-0.998,0.997,-0.999,-0.975,-0.991,0.997,-0.939,0.996,0.98,-0.988,0.946,0.994,-0.948,0.911,-0.708,-0.943,-0.994,0.981,-0.992,-0.997,0.979,-0.973,-0.997,-0.971,-0.846,-0.936,0.714,0.368,0.998,-0.979,0.926,-0.978,0.989,0.993,-0.628,-0.975,0.974,0.927,0.926,0.997,-0.99,0.933,0.996,-0.983,0.994,-0.997,-0.992,-0.834,-0.989,-0.991,-0.991,0.988,-0.995,-0.983,3.745,3.018,4.148,9.584,10.245,10.035,10.273,10.542,3.785,3.314,4.228,9.596,4.371,3.878,5.182,9.631,EssenceCatalog/problems/csplib-prob010-SocialGolfers/params/ord14-10-9-3.param
-0.996,-0.986,-0.936,-0.739,0.979,-0.951,-0.974,-0.999,0.963,0.921,0.989,0.437,-0.986,-0.939,0.879,0.98,0.996,-0.586,0.99,0.995,-0.982,0.986,-0.997,-0.988,0.972,0.888,-0.996,-0.818,-0.867,0.975,-0.973,0.992,0.992,-0.993,0.74,0.955,0.981,0.797,-0.94,0.799,0.996,-0.6,-0.881,-0.991,0.988,0.627,-0.997,0.996,0.989,-0.913,-0.983,0.993,-0.927,0.998,-0.984,-0.889,-0.632,0.884,-0.647,0.505,-0.958,-0.805,-0.975,0.976,-0.996,-0.994,-0.067,-0.952,-0.995,-0.974,-0.529,-0.923,0.72,0.975,0.996,-0.946,-0.483,-0.948,0.821,0.977,-0.888,-0.854,0.88,-0.965,0.853,0.995,-0.072,0.965,0.99,-0.898,0.993,0.944,-0.982,-0.99,0.089,-0.993,-0.995,0.991,-0.973,-0.964,5.543,4.619,10.43,10.327,10.338,10.356,10.333,10.301,5.423,4.778,10.418,10.324,5.687,5.428,10.395,10.365,EssenceCatalog/problems/csplib-prob010-SocialGolfers/params/ab1b2fa47e1d7f725eba11e9de5e3d56.param
-0.996,-0.976,-0.891,-0.694,0.969,-0.959,-0.974,-0.998,0.96,0.44,0.988,0.428,-0.985,-0.906,0.822,0.974,0.995,-0.611,0.992,0.994,-0.967,0.978,-0.996,-0.987,0.978,0.911,-0.996,-0.78,-0.903,0.959,-0.973,0.993,0.995,-0.987,0.865,0.974,0.987,0.783,-0.932,0.896,0.996,-0.745,-0.93,-0.991,0.982,0.928,-0.997,0.995,0.988,-0.944,-0.985,0.993,-0.908,0.998,-0.972,-0.835,0.454,0.858,-0.416,0.437,-0.963,-0.787,-0.954,0.973,-0.994,-0.994,-0.385,-0.938,-0.993,-0.973,-0.63,-0.895,0.549,0.982,0.995,-0.979,0.121,-0.973,0.724,0.954,-0.906,-0.81,0.834,-0.951,0.837,0.996,0.791,0.974,0.989,-0.949,0.995,0.958,-0.985,-0.991,0.624,-0.992,-0.994,0.989,-0.95,-0.937,6.396,5.041,10.39,10.338,10.374,10.362,10.344,10.349,5.986,5.23,10.407,10.359,6.238,6.138,10.417,10.35,EssenceCatalog/problems/csplib-prob010-SocialGolfers/params/8f2a258ee368f6a01f531dfbb072157b.param
-0.999,-0.988,-0.975,-0.91,0.608,-0.974,-0.981,-0.999,0.95,0.936,0.994,0.888,-0.99,-0.97,0.957,0.988,0.997,-0.772,0.992,0.998,-0.99,0.997,-0.996,-0.988,0.976,0.884,-0.998,-0.918,-0.893,0.971,-0.983,0.996,0.996,-0.99,0.628,0.948,0.973,0.911,-0.987,0.814,0.997,-0.746,-0.691,-0.986,0.994,0.115,-0.998,0.998,0.988,-0.951,-0.994,0.993,-0.961,0.999,-0.989,-0.969,-0.375,-0.714,-0.955,0.808,-0.985,-0.898,-0.987,0.984,-0.997,-0.997,-0.841,-0.982,-0.996,-0.989,-0.689,-0.509,0.945,0.971,0.998,-0.902,0.651,-0.937,0.913,0.987,-0.925,-0.946,0.956,-0.972,0.895,0.998,-0.479,-0.516,0.992,-0.797,0.994,0.967,-0.989,-0.997,0.426,-0.991,-0.995,0.995,-0.478,-0.964,7.217,4.881,10.446,10.408,10.399,10.509,10.439,10.395,6.218,5.087,10.438,10.388,6.57,6.193,10.438,10.367,EssenceCatalog/problems/csplib-prob010-SocialGolfers/params/37997f0d820170f69f177ebaba8b3c0a.param
-0.999,-0.995,-0.948,-0.91,0.836,-0.964,-0.985,-0.999,0.862,0.968,0.996,0.911,-0.99,-0.979,0.971,0.95,0.998,-0.792,0.994,0.999,-0.993,0.992,-0.998,-0.939,0.981,0.902,-0.999,-0.936,-0.88,0.982,-0.983,0.999,0.998,-0.962,0.603,0.834,0.974,0.898,-0.992,0.535,0.998,-0.799,-0.695,-0.989,0.971,-0.175,-0.999,0.999,0.927,-0.952,-0.996,0.996,-0.975,0.999,-0.974,-0.986,-0.552,-0.372,-0.975,0.84,-0.986,-0.893,-0.993,0.987,-0.999,-0.998,-0.639,-0.989,-0.997,-0.989,-0.702,-0.7,0.965,0.964,0.999,-0.896,0.557,-0.934,0.963,0.995,-0.913,-0.973,0.973,-0.954,0.926,0.999,-0.875,-0.417,0.994,-0.811,0.996,0.899,-0.993,-0.998,-0.106,-0.995,-0.996,0.997,-0.795,-0.984,6.593,4.646,10.366,10.441,10.417,10.543,10.449,10.37,5.861,4.829,10.374,10.412,6.199,5.754,10.373,10.392,EssenceCatalog/problems/csplib-prob010-SocialGolfers/params/bddcd7f5093baacaef6140848ec127bb.param
-1.0,-0.997,-0.993,-0.989,-0.957,-0.995,-0.997,-1.0,0.984,-0.917,0.999,0.993,-0.996,-0.997,0.993,0.993,0.999,-0.986,0.999,1.0,-0.996,0.999,-0.999,-0.995,0.997,0.982,-1.0,-0.988,-0.991,0.973,-0.997,1.0,1.0,-0.99,0.991,0.997,0.995,0.992,-0.999,0.993,1.0,-0.986,-0.982,-0.998,0.996,0.993,-1.0,0.999,0.993,-0.997,-1.0,0.999,-0.993,1.0,-0.985,-0.993,0.993,-0.996,-0.992,0.973,-0.998,-0.986,-0.99,0.997,-0.998,-1.0,-0.992,-0.995,-0.999,-0.999,-0.966,0.766,0.99,0.992,1.0,-0.998,0.993,-0.997,0.989,0.99,-0.996,-0.995,0.994,-0.978,0.993,1.0,0.988,-0.99,0.999,-0.978,0.999,0.995,-0.998,-1.0,0.996,-0.998,-0.999,0.998,0.97,-0.967,9.574,5.756,10.389,10.377,10.389,10.493,10.532,10.486,7.563,6.067,10.372,10.319,8.059,7.816,10.359,10.409,EssenceCatalog/problems/csplib-prob010-SocialGolfers/params/00f471a26b640d7a2cd65585bd00b169.param
-0.997,-0.974,-0.889,-0.718,0.96,-0.963,-0.977,-0.998,0.963,0.178,0.989,0.509,-0.987,-0.904,0.825,0.973,0.994,-0.616,0.992,0.994,-0.962,0.976,-0.996,-0.988,0.983,0.925,-0.996,-0.784,-0.912,0.953,-0.975,0.993,0.995,-0.986,0.884,0.976,0.989,0.803,-0.937,0.91,0.996,-0.794,-0.939,-0.992,0.982,0.953,-0.997,0.994,0.989,-0.953,-0.987,0.994,-0.909,0.998,-0.972,-0.836,0.657,0.788,-0.433,0.466,-0.967,-0.798,-0.949,0.973,-0.994,-0.995,-0.52,-0.943,-0.993,-0.976,-0.678,-0.89,0.554,0.985,0.995,-0.982,0.278,-0.977,0.686,0.948,-0.908,-0.795,0.836,-0.955,0.839,0.996,0.875,0.97,0.989,-0.956,0.995,0.961,-0.987,-0.992,0.703,-0.992,-0.994,0.99,-0.926,-0.923,6.674,5.154,10.406,10.387,10.416,10.401,10.386,10.379,6.155,5.351,10.425,10.398,6.405,6.343,10.447,10.387,EssenceCatalog/problems/csplib-prob010-SocialGolfers/params/944aae2641e6f50979be0704d797e39a.param
-0.996,-0.983,-0.921,-0.7,0.98,-0.949,-0.97,-0.999,0.961,0.881,0.988,0.41,-0.983,-0.925,0.863,0.978,0.996,-0.589,0.991,0.994,-0.98,0.983,-0.996,-0.988,0.971,0.884,-0.995,-0.806,-0.873,0.971,-0.971,0.992,0.992,-0.992,0.785,0.962,0.983,0.777,-0.928,0.818,0.996,-0.615,-0.893,-0.991,0.988,0.734,-0.997,0.995,0.989,-0.917,-0.982,0.993,-0.921,0.998,-0.982,-0.854,-0.471,0.908,-0.537,0.494,-0.957,-0.79,-0.97,0.973,-0.995,-0.993,-0.116,-0.943,-0.994,-0.972,-0.51,-0.914,0.651,0.976,0.995,-0.958,-0.375,-0.954,0.799,0.972,-0.889,-0.849,0.863,-0.96,0.847,0.995,0.202,0.975,0.988,-0.919,0.993,0.947,-0.981,-0.99,0.204,-0.992,-0.995,0.99,-0.975,-0.961,5.656,4.69,10.406,10.293,10.317,10.322,10.306,10.294,5.507,4.856,10.398,10.299,5.769,5.541,10.377,10.332,EssenceCatalog/problems/csplib-prob010-SocialGolfers/params/901e4178bd797b31db413085a24f2695.param
-0.997,-0.986,-0.954,-0.788,0.963,-0.958,-0.969,-0.999,0.962,0.961,0.99,0.617,-0.985,-0.947,0.918,0.982,0.996,-0.573,0.989,0.996,-0.987,0.993,-0.996,-0.989,0.969,0.866,-0.997,-0.855,-0.839,0.974,-0.974,0.993,0.992,-0.994,0.63,0.943,0.976,0.847,-0.954,0.728,0.996,-0.633,-0.789,-0.989,0.993,0.184,-0.998,0.997,0.989,-0.905,-0.984,0.993,-0.934,0.998,-0.99,-0.927,-0.772,0.707,-0.814,0.637,-0.968,-0.828,-0.98,0.976,-0.996,-0.993,-0.261,-0.966,-0.995,-0.977,-0.506,-0.87,0.842,0.969,0.997,-0.899,-0.317,-0.92,0.854,0.985,-0.88,-0.886,0.911,-0.972,0.856,0.996,-0.531,0.881,0.988,-0.85,0.993,0.947,-0.984,-0.993,-0.107,-0.991,-0.995,0.993,-0.958,-0.968,5.556,4.52,10.431,10.351,10.339,10.395,10.349,10.3,5.39,4.678,10.424,10.34,5.664,5.338,10.398,10.366,EssenceCatalog/problems/csplib-prob010-SocialGolfers/params/76303720cc216c826f0353d3d9d348ed.param
-0.997,-0.976,-0.923,-0.752,0.95,-0.965,-0.972,-0.998,0.962,0.698,0.988,0.566,-0.987,-0.915,0.866,0.978,0.994,-0.567,0.99,0.994,-0.973,0.988,-0.995,-0.989,0.979,0.901,-0.996,-0.803,-0.885,0.959,-0.976,0.993,0.994,-0.99,0.767,0.963,0.983,0.821,-0.943,0.859,0.995,-0.746,-0.875,-0.989,0.989,0.822,-0.997,0.996,0.989,-0.936,-0.986,0.993,-0.905,0.998,-0.981,-0.887,0.214,0.625,-0.653,0.56,-0.971,-0.785,-0.96,0.973,-0.995,-0.993,-0.533,-0.954,-0.993,-0.975,-0.583,-0.857,0.717,0.98,0.996,-0.96,0.204,-0.958,0.724,0.968,-0.891,-0.803,0.859,-0.962,0.82,0.996,0.559,0.926,0.988,-0.921,0.994,0.959,-0.986,-0.994,0.503,-0.992,-0.993,0.992,-0.917,-0.94,6.446,4.992,10.453,10.412,10.432,10.452,10.411,10.401,5.981,5.167,10.466,10.427,6.242,6.099,10.477,10.416,EssenceCatalog/problems/csplib-prob010-SocialGolfers/params/c6c2f252f802766b936392a8f12bc21c.param
-0.997,-0.98,-0.94,-0.741,0.941,-0.963,-0.961,-0.999,0.956,0.876,0.989,0.591,-0.984,-0.93,0.894,0.985,0.995,-0.62,0.991,0.995,-0.979,0.993,-0.995,-0.989,0.961,0.827,-0.997,-0.829,-0.87,0.961,-0.972,0.993,0.994,-0.992,0.723,0.964,0.978,0.829,-0.952,0.856,0.996,-0.651,-0.828,-0.986,0.991,0.64,-0.997,0.997,0.99,-0.927,-0.987,0.992,-0.923,0.998,-0.985,-0.899,-0.193,0.542,-0.731,0.578,-0.976,-0.785,-0.97,0.975,-0.995,-0.994,-0.619,-0.952,-0.994,-0.979,-0.492,-0.73,0.775,0.973,0.996,-0.945,0.246,-0.946,0.827,0.976,-0.903,-0.883,0.89,-0.955,0.843,0.997,0.231,0.813,0.988,-0.879,0.994,0.961,-0.985,-0.994,0.474,-0.99,-0.994,0.992,-0.918,-0.96,6.335,4.879,10.468,10.386,10.414,10.45,10.408,10.406,5.888,5.053,10.473,10.402,6.161,5.926,10.472,10.398,EssenceCatalog/problems/csplib-prob010-SocialGolfers/params/7f8c4a07dea874e133fba0f4abaf6868.param
-0.994,-0.94,-0.214,0.913,0.945,0.678,0.966,-0.999,-0.985,0.895,0.963,0.907,0.981,-0.954,0.953,0.911,0.995,-0.951,0.993,0.974,-0.957,-0.545,-0.996,0.872,-0.982,-0.952,-0.16,-0.94,-0.881,0.508,0.938,-0.101,0.405,0.973,0.975,0.968,0.966,0.934,-0.99,-0.556,0.995,0.821,-0.966,-0.951,-0.961,0.814,-0.998,-0.866,-0.975,-0.971,-0.991,0.963,-0.979,0.997,0.955,0.708,-0.818,0.912,-0.6,-0.65,0.632,-0.94,-0.977,0.976,0.961,-0.996,0.72,0.02,-0.992,-0.992,0.102,0.965,-0.962,-0.864,-0.83,-0.959,0.711,-0.927,0.957,-0.922,-0.972,-0.985,0.94,0.988,0.94,-0.206,0.89,-0.217,0.914,-0.932,0.988,-0.947,0.35,0.956,0.151,0.564,-0.986,-0.938,-0.649,-0.679,2.801,2.009,2.401,5.123,4.133,3.5,4.842,8.693,2.721,2.26,2.374,5.058,3.044,2.405,2.786,5.145,EssenceCatalog/problems/csplib-prob010-SocialGolfers/params/ord22-6-5-5.param
-0.996,-0.994,-0.929,-0.832,0.99,-0.941,-0.987,-0.999,0.951,0.989,0.991,0.593,-0.988,-0.965,0.937,0.947,0.998,-0.501,0.991,0.997,-0.993,0.97,-0.998,-0.975,0.987,0.945,-0.996,-0.888,-0.823,0.986,-0.978,0.995,0.99,-0.992,0.675,0.875,0.978,0.807,-0.96,0.404,0.998,-0.598,-0.864,-0.995,0.986,-0.281,-0.998,0.997,0.978,-0.881,-0.981,0.995,-0.961,0.999,-0.986,-0.946,-0.953,0.965,-0.812,0.653,-0.937,-0.881,-0.99,0.979,-0.998,-0.995,0.726,-0.975,-0.997,-0.973,-0.571,-0.976,0.87,0.963,0.998,-0.882,-0.879,-0.916,0.928,0.993,-0.843,-0.913,0.939,-0.976,0.897,0.996,-0.934,0.984,0.992,-0.871,0.993,0.854,-0.984,-0.99,-0.82,-0.995,-0.996,0.994,-0.994,-0.982,4.763,4.203,10.271,10.31,10.275,10.334,10.283,10.212,4.883,4.328,10.246,10.293,5.174,4.756,10.214,10.328,EssenceCatalog/problems/csplib-prob010-SocialGolfers/params/08871f5ff5f58d3fcf42a99938acec28.param
-0.998,-0.972,-0.944,-0.856,0.822,-0.977,-0.98,-0.998,0.966,0.588,0.99,0.758,-0.991,-0.93,0.899,0.979,0.993,-0.573,0.988,0.995,-0.973,0.993,-0.994,-0.99,0.988,0.924,-0.997,-0.831,-0.889,0.955,-0.983,0.995,0.996,-0.991,0.679,0.958,0.98,0.887,-0.967,0.866,0.994,-0.841,-0.803,-0.986,0.992,0.771,-0.997,0.997,0.991,-0.948,-0.99,0.992,-0.905,0.998,-0.986,-0.945,0.553,-0.392,-0.857,0.696,-0.982,-0.82,-0.96,0.975,-0.996,-0.993,-0.807,-0.974,-0.993,-0.981,-0.676,-0.765,0.862,0.982,0.998,-0.942,0.614,-0.953,0.678,0.974,-0.892,-0.764,0.886,-0.974,0.807,0.997,0.512,0.598,0.989,-0.888,0.994,0.97,-0.99,-0.997,0.609,-0.992,-0.991,0.994,-0.611,-0.911,7.31,5.181,10.462,10.485,10.465,10.517,10.468,10.434,6.403,5.373,10.474,10.482,6.689,6.575,10.507,10.434,EssenceCatalog/problems/csplib-prob010-SocialGolfers/params/f9dd5127760719e8019633d7e246d7e8.param
-0.998,-0.987,-0.958,-0.802,0.941,-0.963,-0.964,-0.999,0.953,0.965,0.991,0.689,-0.985,-0.955,0.933,0.985,0.997,-0.619,0.99,0.997,-0.988,0.995,-0.996,-0.988,0.96,0.825,-0.997,-0.875,-0.841,0.973,-0.974,0.994,0.993,-0.993,0.606,0.946,0.973,0.868,-0.968,0.746,0.996,-0.637,-0.755,-0.986,0.992,0.057,-0.998,0.998,0.988,-0.916,-0.988,0.993,-0.943,0.999,-0.989,-0.942,-0.736,0.46,-0.869,0.668,-0.975,-0.837,-0.982,0.979,-0.996,-0.995,-0.475,-0.97,-0.996,-0.982,-0.514,-0.774,0.873,0.966,0.997,-0.891,-0.032,-0.919,0.886,0.987,-0.894,-0.915,0.93,-0.967,0.868,0.997,-0.59,0.684,0.99,-0.825,0.993,0.948,-0.986,-0.995,0.007,-0.991,-0.995,0.994,-0.93,-0.971,5.841,4.57,10.446,10.365,10.363,10.425,10.374,10.325,5.534,4.732,10.439,10.355,5.819,5.468,10.423,10.368,EssenceCatalog/problems/csplib-prob010-SocialGolfers/params/2be1d0da5e02ccc5987c37ec757830e0.param
-0.997,-0.987,-0.95,-0.752,0.964,-0.958,-0.96,-0.999,0.954,0.963,0.99,0.592,-0.983,-0.947,0.917,0.984,0.997,-0.599,0.991,0.996,-0.987,0.994,-0.996,-0.988,0.956,0.812,-0.997,-0.857,-0.846,0.973,-0.971,0.994,0.993,-0.994,0.673,0.954,0.975,0.84,-0.955,0.776,0.997,-0.593,-0.805,-0.988,0.992,0.195,-0.998,0.998,0.989,-0.908,-0.985,0.993,-0.939,0.998,-0.989,-0.92,-0.745,0.751,-0.789,0.613,-0.973,-0.813,-0.98,0.978,-0.996,-0.994,-0.323,-0.958,-0.995,-0.979,-0.444,-0.806,0.83,0.966,0.997,-0.912,-0.213,-0.927,0.889,0.987,-0.894,-0.915,0.916,-0.964,0.869,0.997,-0.483,0.857,0.989,-0.85,0.993,0.946,-0.985,-0.993,0.025,-0.991,-0.996,0.993,-0.962,-0.973,5.623,4.551,10.431,10.338,10.341,10.397,10.352,10.31,5.437,4.712,10.425,10.332,5.712,5.378,10.404,10.356,EssenceCatalog/problems/csplib-prob010-SocialGolfers/params/23b076e8a3e21c14230e6b2bb8d8e305.param
-0.998,-0.978,-0.952,-0.912,0.843,-0.977,-0.99,-0.998,0.968,0.708,0.99,0.795,-0.995,-0.945,0.91,0.971,0.994,-0.554,0.984,0.996,-0.976,0.99,-0.994,-0.988,0.993,0.951,-0.997,-0.827,-0.876,0.972,-0.987,0.995,0.995,-0.99,0.565,0.921,0.978,0.896,-0.972,0.78,0.994,-0.866,-0.765,-0.988,0.993,0.614,-0.996,0.997,0.99,-0.943,-0.99,0.993,-0.912,0.998,-0.989,-0.961,0.341,-0.536,-0.901,0.727,-0.98,-0.854,-0.969,0.977,-0.997,-0.993,-0.758,-0.982,-0.992,-0.981,-0.742,-0.866,0.904,0.983,0.998,-0.911,0.387,-0.943,0.628,0.98,-0.874,-0.701,0.897,-0.987,0.775,0.997,0.127,0.601,0.99,-0.841,0.992,0.962,-0.99,-0.997,0.343,-0.993,-0.991,0.995,-0.575,-0.903,7.045,5.027,10.442,10.461,10.422,10.473,10.425,10.371,6.211,5.206,10.451,10.45,6.498,6.354,10.47,10.405,EssenceCatalog/problems/csplib-prob010-SocialGolfers/params/e40d8ff55e66367a05c56fd56712a09f.param
-0.998,-0.993,-0.96,-0.827,0.964,-0.956,-0.969,-0.999,0.944,0.989,0.993,0.716,-0.984,-0.968,0.951,0.981,0.998,-0.641,0.992,0.998,-0.993,0.994,-0.997,-0.983,0.957,0.831,-0.998,-0.904,-0.833,0.98,-0.971,0.996,0.993,-0.993,0.611,0.925,0.972,0.86,-0.974,0.637,0.998,-0.556,-0.759,-0.99,0.991,-0.412,-0.998,0.998,0.984,-0.9,-0.988,0.995,-0.964,0.999,-0.99,-0.958,-0.922,0.734,-0.901,0.691,-0.973,-0.862,-0.989,0.982,-0.997,-0.996,-0.074,-0.975,-0.997,-0.983,-0.522,-0.84,0.911,0.957,0.998,-0.861,-0.431,-0.901,0.945,0.993,-0.897,-0.953,0.953,-0.969,0.899,0.997,-0.888,0.724,0.991,-0.803,0.994,0.924,-0.987,-0.994,-0.409,-0.993,-0.997,0.995,-0.972,-0.985,5.323,4.349,10.398,10.336,10.31,10.401,10.33,10.27,5.214,4.51,10.392,10.32,5.506,5.085,10.361,10.337,EssenceCatalog/problems/csplib-prob010-SocialGolfers/params/fc84ec99d0ebe9fffe06012d98098ccc.param
-0.997,-0.989,-0.958,-0.88,0.957,-0.961,-0.985,-0.999,0.964,0.972,0.991,0.717,-0.991,-0.958,0.929,0.972,0.997,-0.551,0.986,0.997,-0.988,0.99,-0.996,-0.986,0.986,0.923,-0.997,-0.865,-0.828,0.982,-0.982,0.995,0.993,-0.993,0.513,0.883,0.973,0.862,-0.967,0.6,0.996,-0.714,-0.73,-0.99,0.993,-0.153,-0.997,0.998,0.987,-0.899,-0.986,0.994,-0.945,0.998,-0.992,-0.956,-0.837,0.504,-0.891,0.698,-0.969,-0.863,-0.985,0.977,-0.998,-0.994,-0.168,-0.979,-0.995,-0.978,-0.605,-0.921,0.911,0.97,0.998,-0.843,-0.481,-0.903,0.853,0.99,-0.855,-0.869,0.926,-0.985,0.842,0.997,-0.794,0.846,0.989,-0.795,0.992,0.934,-0.986,-0.995,-0.402,-0.994,-0.995,0.995,-0.947,-0.965,5.428,4.401,10.398,10.35,10.309,10.378,10.319,10.248,5.273,4.558,10.394,10.329,5.554,5.199,10.362,10.343,EssenceCatalog/problems/csplib-prob010-SocialGolfers/params/18823fc893c9e838fa8081d12750e170.param
-0.999,-0.995,0.849,-0.853,0.979,-0.93,-0.992,-0.998,-0.905,0.632,0.995,0.973,-0.983,-0.974,0.976,-0.966,0.996,-0.877,0.994,0.999,-0.982,-0.916,-0.996,0.969,0.999,0.987,-0.998,-0.939,-0.897,0.991,-0.976,1.0,0.998,0.972,0.858,-0.699,0.988,0.711,-0.993,-0.875,0.997,-0.99,-0.922,-0.993,-0.929,0.977,-0.997,0.999,-0.982,-0.985,-0.993,0.998,-0.948,0.997,0.678,-0.994,0.994,0.395,-0.959,0.892,-0.936,-0.943,-0.983,0.984,-0.998,-0.997,0.156,-0.994,-0.996,-0.978,-0.945,-0.964,0.956,0.957,0.999,-0.985,0.953,-0.992,0.97,0.997,-0.576,-0.932,0.959,-0.625,0.929,0.998,-0.789,0.825,0.996,-0.98,0.995,-0.9,-0.996,-0.991,-0.891,-0.997,-0.986,0.997,-0.937,-0.962,4.845,3.645,5.436,10.235,10.62,10.489,10.586,10.593,4.548,3.863,5.52,10.188,5.027,4.693,6.415,10.173,EssenceCatalog/problems/csplib-prob010-SocialGolfers/params/254673ac52b9cbea3365cbec6dbea253.param
-0.997,-0.97,-0.939,-0.872,0.903,-0.977,-0.987,-0.998,0.979,0.397,0.988,0.676,-0.994,-0.922,0.868,0.973,0.992,-0.493,0.985,0.994,-0.966,0.989,-0.994,-0.992,0.993,0.954,-0.996,-0.789,-0.895,0.963,-0.985,0.994,0.995,-0.992,0.707,0.954,0.983,0.88,-0.951,0.863,0.993,-0.874,-0.859,-0.989,0.993,0.844,-0.995,0.996,0.994,-0.943,-0.987,0.992,-0.886,0.997,-0.988,-0.938,0.614,-0.109,-0.795,0.66,-0.978,-0.822,-0.947,0.971,-0.997,-0.991,-0.698,-0.973,-0.99,-0.976,-0.732,-0.911,0.825,0.986,0.997,-0.946,0.285,-0.956,0.482,0.971,-0.871,-0.568,0.847,-0.985,0.768,0.997,0.626,0.882,0.988,-0.906,0.993,0.97,-0.99,-0.996,0.518,-0.993,-0.99,0.994,-0.722,-0.871,7.003,5.145,10.429,10.433,10.421,10.429,10.401,10.352,6.253,5.325,10.448,10.43,6.513,6.478,10.473,10.396,EssenceCatalog/problems/csplib-prob010-SocialGolfers/params/262fa177152cb3e59c151aac6a8b8119.param
-0.999,-0.988,-0.972,-0.827,0.847,-0.971,-0.961,-0.999,0.958,0.96,0.993,0.755,-0.984,-0.964,0.938,0.993,0.997,-0.749,0.993,0.997,-0.989,0.998,-0.996,-0.991,0.917,0.694,-0.998,-0.897,-0.879,0.97,-0.974,0.995,0.995,-0.994,0.696,0.967,0.973,0.891,-0.978,0.875,0.997,-0.588,-0.766,-0.984,0.994,0.214,-0.999,0.998,0.991,-0.935,-0.991,0.993,-0.96,0.999,-0.991,-0.948,-0.668,0.018,-0.894,0.707,-0.983,-0.857,-0.983,0.984,-0.995,-0.997,-0.774,-0.964,-0.996,-0.986,-0.49,-0.407,0.889,0.963,0.997,-0.915,0.302,-0.938,0.925,0.987,-0.935,-0.953,0.94,-0.96,0.907,0.997,-0.368,0.026,0.991,-0.798,0.995,0.972,-0.986,-0.995,0.458,-0.989,-0.996,0.994,-0.838,-0.978,6.566,4.76,10.476,10.34,10.385,10.452,10.413,10.397,5.923,4.951,10.479,10.339,6.24,5.853,10.459,10.355,EssenceCatalog/problems/csplib-prob010-SocialGolfers/params/d6a844cbf1fd19c1b8da0406eaaa081e.param
-0.998,-0.965,-0.917,-0.859,0.827,-0.981,-0.989,-0.998,0.978,-0.531,0.991,0.752,-0.994,-0.914,0.854,0.97,0.992,-0.589,0.99,0.995,-0.954,0.986,-0.995,-0.992,0.995,0.968,-0.997,-0.816,-0.936,0.941,-0.987,0.996,0.997,-0.988,0.883,0.976,0.991,0.894,-0.96,0.937,0.994,-0.92,-0.931,-0.991,0.99,0.969,-0.996,0.996,0.993,-0.971,-0.991,0.994,-0.898,0.997,-0.981,-0.924,0.943,-0.181,-0.723,0.658,-0.982,-0.841,-0.924,0.975,-0.996,-0.994,-0.824,-0.972,-0.992,-0.98,-0.817,-0.876,0.776,0.99,0.997,-0.981,0.726,-0.981,0.492,0.956,-0.909,-0.635,0.848,-0.978,0.829,0.997,0.945,0.881,0.99,-0.957,0.996,0.977,-0.993,-0.996,0.837,-0.994,-0.992,0.994,-0.534,-0.822,7.688,5.446,10.443,10.495,10.496,10.482,10.473,10.41,6.679,5.666,10.458,10.476,6.944,6.995,10.505,10.453,EssenceCatalog/problems/csplib-prob010-SocialGolfers/params/f344fa1f8ffb43b04caaea4e767c1b57.param
-0.997,-0.987,-0.955,-0.82,0.964,-0.96,-0.976,-0.999,0.964,0.968,0.99,0.649,-0.988,-0.95,0.922,0.979,0.997,-0.559,0.988,0.996,-0.988,0.992,-0.996,-0.988,0.976,0.89,-0.997,-0.856,-0.83,0.978,-0.977,0.994,0.992,-0.994,0.58,0.928,0.975,0.86,-0.956,0.678,0.996,-0.67,-0.771,-0.989,0.993,0.045,-0.997,0.997,0.989,-0.899,-0.984,0.993,-0.937,0.998,-0.991,-0.939,-0.819,0.67,-0.843,0.666,-0.969,-0.838,-0.981,0.977,-0.997,-0.993,-0.186,-0.971,-0.995,-0.977,-0.522,-0.897,0.874,0.97,0.997,-0.876,-0.448,-0.913,0.852,0.988,-0.869,-0.874,0.915,-0.979,0.853,0.996,-0.673,0.884,0.989,-0.83,0.992,0.941,-0.985,-0.994,-0.261,-0.992,-0.995,0.994,-0.96,-0.968,5.442,4.452,10.414,10.346,10.32,10.383,10.332,10.271,5.308,4.608,10.408,10.329,5.583,5.243,10.377,10.353,EssenceCatalog/problems/csplib-prob010-SocialGolfers/params/0d14aa69838f7281a2304f6ce644ae16.param
-0.996,-0.979,-0.902,-0.686,0.974,-0.956,-0.971,-0.998,0.959,0.717,0.988,0.428,-0.984,-0.911,0.844,0.975,0.995,-0.594,0.991,0.994,-0.973,0.981,-0.996,-0.987,0.974,0.895,-0.996,-0.788,-0.885,0.964,-0.972,0.993,0.994,-0.99,0.821,0.968,0.985,0.779,-0.927,0.861,0.996,-0.699,-0.909,-0.991,0.985,0.86,-0.997,0.995,0.988,-0.931,-0.983,0.993,-0.91,0.998,-0.978,-0.848,0.043,0.877,-0.475,0.486,-0.963,-0.773,-0.962,0.972,-0.995,-0.993,-0.291,-0.94,-0.994,-0.972,-0.556,-0.899,0.612,0.98,0.995,-0.97,-0.089,-0.964,0.761,0.966,-0.896,-0.828,0.849,-0.954,0.841,0.995,0.57,0.973,0.988,-0.936,0.994,0.951,-0.984,-0.991,0.451,-0.992,-0.995,0.99,-0.964,-0.952,6.077,4.889,10.406,10.323,10.357,10.356,10.333,10.336,5.781,5.066,10.415,10.341,6.039,5.881,10.411,10.348,EssenceCatalog/problems/csplib-prob010-SocialGolfers/params/695ab9a28e561b774abe42c393846893.param
-1.0,-0.992,-0.982,-0.933,0.08,-0.98,-0.983,-0.999,0.947,0.911,0.997,0.945,-0.99,-0.984,0.971,0.993,0.998,-0.892,0.995,0.999,-0.993,0.998,-0.998,-0.987,0.969,0.853,-0.999,-0.956,-0.936,0.974,-0.987,0.998,0.998,-0.989,0.801,0.968,0.981,0.945,-0.994,0.892,0.998,-0.815,-0.768,-0.988,0.994,0.368,-0.999,0.999,0.987,-0.971,-0.998,0.996,-0.978,0.999,-0.988,-0.982,-0.009,-0.902,-0.973,0.871,-0.991,-0.932,-0.991,0.991,-0.997,-0.999,-0.93,-0.984,-0.998,-0.994,-0.757,0.028,0.964,0.972,0.999,-0.947,0.828,-0.965,0.959,0.989,-0.959,-0.975,0.974,-0.97,0.947,0.999,-0.291,-0.905,0.995,-0.8,0.997,0.977,-0.99,-0.998,0.733,-0.992,-0.997,0.996,0.124,-0.979,7.988,5.113,10.436,10.396,10.39,10.537,10.496,10.454,6.631,5.34,10.442,10.385,7.049,6.651,10.429,10.372,EssenceCatalog/problems/csplib-prob010-SocialGolfers/params/01f21e040ec1b1ecf88a83115761c23a.param
-0.997,-0.974,-0.891,-0.743,0.954,-0.966,-0.98,-0.998,0.966,0.178,0.988,0.493,-0.989,-0.907,0.824,0.972,0.994,-0.595,0.991,0.994,-0.961,0.981,-0.996,-0.988,0.985,0.932,-0.996,-0.766,-0.908,0.957,-0.977,0.994,0.996,-0.988,0.862,0.973,0.987,0.808,-0.934,0.91,0.995,-0.814,-0.929,-0.99,0.984,0.944,-0.996,0.995,0.99,-0.951,-0.986,0.993,-0.898,0.997,-0.976,-0.876,0.681,0.725,-0.505,0.475,-0.971,-0.781,-0.945,0.972,-0.995,-0.994,-0.531,-0.946,-0.992,-0.974,-0.679,-0.893,0.63,0.985,0.996,-0.979,0.291,-0.975,0.675,0.96,-0.9,-0.755,0.833,-0.962,0.827,0.996,0.842,0.963,0.989,-0.95,0.995,0.963,-0.989,-0.993,0.709,-0.993,-0.994,0.992,-0.912,-0.921,6.713,5.157,10.406,10.395,10.424,10.411,10.392,10.37,6.168,5.353,10.426,10.404,6.42,6.365,10.452,10.391,EssenceCatalog/problems/csplib-prob010-SocialGolfers/params/f7e500426340b7795a46ea6da0d75591.param
-0.997,-0.971,-0.88,-0.767,0.934,-0.971,-0.984,-0.998,0.967,-0.344,0.99,0.58,-0.99,-0.902,0.824,0.966,0.994,-0.628,0.992,0.994,-0.956,0.976,-0.996,-0.988,0.989,0.951,-0.997,-0.785,-0.927,0.947,-0.98,0.995,0.996,-0.984,0.909,0.979,0.991,0.832,-0.943,0.932,0.995,-0.874,-0.948,-0.992,0.981,0.972,-0.996,0.995,0.989,-0.963,-0.989,0.994,-0.904,0.998,-0.97,-0.876,0.88,0.639,-0.494,0.524,-0.974,-0.815,-0.936,0.974,-0.995,-0.995,-0.632,-0.952,-0.993,-0.977,-0.758,-0.888,0.614,0.988,0.996,-0.986,0.538,-0.983,0.646,0.95,-0.912,-0.75,0.837,-0.962,0.843,0.997,0.934,0.962,0.99,-0.964,0.996,0.966,-0.991,-0.994,0.808,-0.993,-0.994,0.992,-0.866,-0.894,7.084,5.311,10.415,10.452,10.472,10.448,10.442,10.406,6.395,5.522,10.434,10.446,6.646,6.64,10.473,10.436,EssenceCatalog/problems/csplib-prob010-SocialGolfers/params/23714b811957d071e4e9cfb7b3ec1c58.param
-0.998,-0.978,-0.928,-0.717,0.934,-0.967,-0.959,-0.999,0.947,0.796,0.99,0.597,-0.983,-0.924,0.887,0.983,0.995,-0.627,0.991,0.995,-0.976,0.993,-0.995,-0.987,0.96,0.822,-0.997,-0.821,-0.879,0.958,-0.971,0.994,0.995,-0.99,0.753,0.969,0.98,0.839,-0.954,0.875,0.995,-0.696,-0.847,-0.986,0.987,0.744,-0.997,0.997,0.988,-0.938,-0.988,0.993,-0.917,0.998,-0.981,-0.899,0.156,0.487,-0.713,0.558,-0.978,-0.775,-0.966,0.975,-0.995,-0.994,-0.665,-0.95,-0.994,-0.978,-0.499,-0.683,0.754,0.975,0.997,-0.956,0.412,-0.955,0.811,0.974,-0.91,-0.878,0.886,-0.944,0.838,0.997,0.435,0.804,0.988,-0.897,0.994,0.959,-0.988,-0.995,0.586,-0.99,-0.994,0.992,-0.899,-0.956,6.59,4.993,10.448,10.402,10.429,10.469,10.427,10.427,6.047,5.174,10.462,10.421,6.321,6.122,10.474,10.402,EssenceCatalog/problems/csplib-prob010-SocialGolfers/params/79e19902e87ce4875c69f897f13b1c8c.param
-0.996,-0.975,-0.899,-0.713,0.966,-0.96,-0.976,-0.998,0.965,0.449,0.988,0.44,-0.986,-0.908,0.827,0.975,0.995,-0.606,0.991,0.994,-0.967,0.98,-0.996,-0.989,0.98,0.918,-0.996,-0.781,-0.903,0.959,-0.974,0.993,0.995,-0.989,0.855,0.974,0.987,0.791,-0.932,0.895,0.995,-0.756,-0.926,-0.991,0.984,0.924,-0.997,0.995,0.989,-0.943,-0.985,0.993,-0.906,0.998,-0.976,-0.847,0.441,0.823,-0.46,0.452,-0.965,-0.789,-0.953,0.972,-0.995,-0.994,-0.423,-0.942,-0.993,-0.973,-0.64,-0.901,0.58,0.983,0.995,-0.977,0.113,-0.972,0.704,0.956,-0.902,-0.788,0.834,-0.957,0.83,0.996,0.782,0.971,0.989,-0.946,0.994,0.961,-0.985,-0.992,0.625,-0.992,-0.994,0.99,-0.942,-0.932,6.428,5.049,10.408,10.354,10.39,10.378,10.358,10.358,6.002,5.237,10.425,10.373,6.254,6.159,10.436,10.366,EssenceCatalog/problems/csplib-prob010-SocialGolfers/params/006621baf634946c7cc2fa2d08c62eee.param
-0.998,-0.989,-0.952,-0.757,0.958,-0.96,-0.956,-0.999,0.945,0.972,0.992,0.624,-0.981,-0.954,0.927,0.985,0.997,-0.638,0.992,0.997,-0.989,0.995,-0.996,-0.986,0.936,0.758,-0.997,-0.869,-0.849,0.974,-0.969,0.995,0.994,-0.993,0.662,0.955,0.974,0.848,-0.964,0.782,0.997,-0.563,-0.794,-0.986,0.991,0.078,-0.998,0.998,0.987,-0.911,-0.987,0.994,-0.948,0.999,-0.989,-0.933,-0.781,0.715,-0.83,0.619,-0.976,-0.816,-0.982,0.98,-0.996,-0.995,-0.402,-0.959,-0.996,-0.981,-0.422,-0.738,0.844,0.961,0.997,-0.909,-0.119,-0.926,0.916,0.989,-0.909,-0.936,0.929,-0.957,0.883,0.997,-0.577,0.755,0.99,-0.831,0.994,0.947,-0.987,-0.994,0.053,-0.991,-0.996,0.994,-0.959,-0.978,5.679,4.539,10.426,10.327,10.337,10.401,10.354,10.311,5.457,4.703,10.42,10.323,5.74,5.376,10.401,10.344,EssenceCatalog/problems/csplib-prob010-SocialGolfers/params/38c974144705c1a4f08e71e1e6937288.param
-0.998,-0.998,0.967,0.569,0.991,-0.753,0.131,-0.999,-0.997,0.966,0.991,0.934,0.677,-0.971,0.983,-0.985,0.996,-0.915,0.997,0.997,-0.993,-0.899,-0.998,0.998,0.835,0.685,-0.998,-0.962,-0.723,0.975,-0.582,0.999,0.991,0.998,0.863,-0.617,0.977,0.839,-0.994,-0.99,0.997,-0.954,-0.876,-0.973,-0.998,0.889,-0.998,0.998,-0.999,-0.973,-0.991,0.997,-0.927,0.995,0.976,-0.993,0.968,0.978,-0.964,0.933,-0.874,-0.917,-0.992,0.977,-0.993,-0.997,0.938,-0.963,-0.996,-0.974,-0.743,-0.748,0.801,0.245,0.999,-0.978,0.963,-0.979,0.989,0.995,-0.697,-0.982,0.975,0.948,0.909,0.998,-0.99,0.388,0.993,-0.957,0.993,-0.995,-0.995,-0.906,-0.962,-0.988,-0.99,0.993,-0.985,-0.984,3.76,2.95,4.002,9.356,10.093,9.881,10.153,10.446,3.77,3.275,4.071,9.357,4.352,3.834,5.02,9.431,EssenceCatalog/problems/csplib-prob010-SocialGolfers/params/d0c7e3cc520ed892d61aba7cb60026b2.param
-0.996,-0.993,-0.941,-0.758,0.991,-0.936,-0.976,-0.999,0.956,0.988,0.99,0.519,-0.981,-0.96,0.927,0.971,0.998,-0.553,0.991,0.997,-0.993,0.981,-0.998,-0.982,0.975,0.91,-0.996,-0.886,-0.835,0.983,-0.973,0.994,0.989,-0.994,0.734,0.93,0.98,0.816,-0.952,0.551,0.998,-0.489,-0.875,-0.994,0.989,-0.176,-0.998,0.997,0.985,-0.882,-0.981,0.994,-0.958,0.999,-0.987,-0.914,-0.958,0.972,-0.75,0.624,-0.936,-0.868,-0.987,0.979,-0.997,-0.995,0.652,-0.965,-0.997,-0.972,-0.483,-0.963,0.816,0.96,0.997,-0.901,-0.877,-0.917,0.923,0.99,-0.87,-0.922,0.928,-0.97,0.9,0.995,-0.872,0.984,0.99,-0.879,0.993,0.891,-0.981,-0.986,-0.696,-0.993,-0.997,0.992,-0.993,-0.982,4.798,4.239,10.296,10.272,10.248,10.308,10.258,10.201,4.917,4.369,10.272,10.26,5.202,4.793,10.236,10.3,EssenceCatalog/problems/csplib-prob010-SocialGolfers/params/59aeba69de76c00781c110cb6908ec96.param
-0.999,-0.988,-0.972,-0.898,0.685,-0.975,-0.978,-0.999,0.951,0.949,0.994,0.871,-0.99,-0.97,0.953,0.99,0.997,-0.773,0.993,0.998,-0.99,0.997,-0.996,-0.987,0.971,0.856,-0.998,-0.915,-0.885,0.971,-0.982,0.996,0.996,-0.992,0.639,0.949,0.973,0.901,-0.985,0.824,0.997,-0.715,-0.7,-0.985,0.994,0.165,-0.998,0.998,0.988,-0.947,-0.994,0.994,-0.962,0.999,-0.99,-0.967,-0.415,-0.584,-0.943,0.788,-0.986,-0.886,-0.986,0.985,-0.997,-0.997,-0.822,-0.978,-0.997,-0.988,-0.643,-0.475,0.938,0.971,0.998,-0.907,0.605,-0.939,0.92,0.99,-0.926,-0.951,0.955,-0.971,0.902,0.998,-0.515,-0.421,0.992,-0.804,0.995,0.967,-0.989,-0.997,0.403,-0.991,-0.996,0.995,-0.636,-0.974,7.074,4.853,10.457,10.414,10.415,10.518,10.452,10.407,6.155,5.055,10.452,10.399,6.495,6.113,10.451,10.382,EssenceCatalog/problems/csplib-prob010-SocialGolfers/params/9485de5d90e13572633ed46dfdef5978.param
-0.998,-0.998,0.978,-0.2,0.996,-0.715,-0.871,-0.999,-0.993,0.954,0.993,0.929,-0.434,-0.971,0.979,-0.987,0.996,-0.812,0.998,0.998,-0.99,-0.976,-0.997,0.996,0.994,0.946,-0.998,-0.961,-0.655,0.985,-0.858,0.999,0.992,0.993,0.888,-0.762,0.972,0.572,-0.992,-0.981,0.998,-0.963,-0.916,-0.99,-0.994,0.92,-0.997,0.998,-0.998,-0.974,-0.987,0.997,-0.947,0.996,0.944,-0.991,0.97,0.99,-0.941,0.853,-0.86,-0.913,-0.992,0.977,-0.996,-0.995,0.971,-0.978,-0.997,-0.969,-0.889,-0.959,0.863,0.804,0.998,-0.981,0.932,-0.985,0.99,0.996,-0.57,-0.97,0.977,0.833,0.921,0.998,-0.989,0.94,0.995,-0.982,0.994,-0.993,-0.995,-0.932,-0.991,-0.993,-0.99,0.994,-0.993,-0.984,4.009,3.211,4.545,9.913,10.445,10.3,10.469,10.595,3.971,3.469,4.629,9.91,4.556,4.104,5.564,9.895,EssenceCatalog/problems/csplib-prob010-SocialGolfers/params/f4d7e104cc8bcfb99348f47ca4190fdf.param
-0.998,-0.982,-0.955,-0.895,0.881,-0.972,-0.987,-0.998,0.964,0.851,0.991,0.778,-0.993,-0.951,0.919,0.975,0.995,-0.583,0.985,0.996,-0.981,0.991,-0.995,-0.987,0.989,0.934,-0.997,-0.836,-0.867,0.976,-0.985,0.995,0.995,-0.991,0.546,0.921,0.978,0.895,-0.972,0.745,0.995,-0.824,-0.751,-0.988,0.993,0.432,-0.997,0.997,0.989,-0.935,-0.99,0.993,-0.925,0.998,-0.99,-0.958,-0.112,-0.304,-0.902,0.71,-0.978,-0.858,-0.976,0.978,-0.997,-0.993,-0.684,-0.981,-0.993,-0.982,-0.69,-0.857,0.902,0.978,0.998,-0.895,0.197,-0.934,0.715,0.981,-0.877,-0.774,0.906,-0.984,0.803,0.997,-0.181,0.615,0.99,-0.817,0.992,0.956,-0.988,-0.996,0.186,-0.993,-0.992,0.995,-0.716,-0.927,6.615,4.85,10.463,10.441,10.414,10.465,10.414,10.364,5.962,5.021,10.466,10.432,6.247,6.027,10.47,10.407,EssenceCatalog/problems/csplib-prob010-SocialGolfers/params/7482b3fb54ebd72f9ccb3e9b21b4ac87.param
-0.999,-0.99,-0.973,-0.893,0.774,-0.97,-0.976,-0.999,0.949,0.973,0.995,0.866,-0.989,-0.974,0.957,0.99,0.998,-0.776,0.993,0.998,-0.992,0.997,-0.996,-0.986,0.963,0.84,-0.998,-0.926,-0.883,0.974,-0.98,0.996,0.996,-0.992,0.632,0.942,0.973,0.897,-0.985,0.776,0.998,-0.663,-0.696,-0.987,0.994,-0.097,-0.999,0.998,0.987,-0.94,-0.994,0.994,-0.969,0.999,-0.991,-0.966,-0.714,-0.343,-0.945,0.785,-0.984,-0.892,-0.989,0.985,-0.997,-0.997,-0.735,-0.978,-0.997,-0.989,-0.644,-0.555,0.938,0.966,0.998,-0.89,0.396,-0.93,0.938,0.991,-0.922,-0.961,0.96,-0.972,0.915,0.998,-0.723,-0.303,0.992,-0.786,0.995,0.96,-0.987,-0.996,0.162,-0.991,-0.996,0.995,-0.776,-0.98,6.635,4.691,10.461,10.394,10.4,10.495,10.425,10.376,5.905,4.881,10.455,10.376,6.236,5.813,10.442,10.375,EssenceCatalog/problems/csplib-prob010-SocialGolfers/params/02cc660730808145e7245df4c8f0a6c7.param
-0.996,-0.982,-0.905,-0.706,0.981,-0.954,-0.974,-0.998,0.959,0.803,0.988,0.408,-0.985,-0.919,0.85,0.973,0.995,-0.573,0.991,0.994,-0.976,0.979,-0.996,-0.986,0.977,0.903,-0.996,-0.785,-0.879,0.971,-0.973,0.992,0.993,-0.99,0.804,0.962,0.984,0.775,-0.927,0.828,0.996,-0.675,-0.909,-0.991,0.985,0.82,-0.997,0.996,0.988,-0.927,-0.983,0.993,-0.914,0.998,-0.979,-0.861,-0.197,0.903,-0.498,0.463,-0.958,-0.781,-0.965,0.973,-0.995,-0.993,-0.137,-0.944,-0.994,-0.971,-0.548,-0.923,0.629,0.979,0.996,-0.966,-0.294,-0.96,0.767,0.97,-0.888,-0.821,0.852,-0.961,0.837,0.995,0.378,0.979,0.989,-0.931,0.994,0.944,-0.984,-0.991,0.293,-0.993,-0.995,0.99,-0.972,-0.955,5.813,4.774,10.392,10.3,10.328,10.327,10.308,10.297,5.61,4.942,10.393,10.313,5.869,5.684,10.381,10.331,EssenceCatalog/problems/csplib-prob010-SocialGolfers/params/d9aa08adefa1faff8c9442c9e4e2df71.param
-0.997,-0.972,-0.894,-0.764,0.944,-0.968,-0.981,-0.998,0.968,0.06,0.989,0.516,-0.99,-0.908,0.82,0.973,0.994,-0.598,0.991,0.994,-0.96,0.982,-0.995,-0.989,0.987,0.939,-0.996,-0.768,-0.913,0.955,-0.979,0.994,0.996,-0.988,0.864,0.974,0.987,0.823,-0.94,0.916,0.995,-0.829,-0.929,-0.99,0.985,0.949,-0.996,0.995,0.99,-0.954,-0.987,0.993,-0.897,0.997,-0.976,-0.884,0.753,0.636,-0.538,0.498,-0.973,-0.787,-0.941,0.972,-0.995,-0.993,-0.586,-0.949,-0.992,-0.974,-0.706,-0.892,0.647,0.986,0.996,-0.98,0.376,-0.976,0.648,0.958,-0.903,-0.737,0.83,-0.964,0.824,0.996,0.869,0.955,0.989,-0.95,0.995,0.967,-0.989,-0.994,0.745,-0.993,-0.993,0.992,-0.885,-0.91,6.858,5.208,10.413,10.414,10.44,10.426,10.409,10.379,6.249,5.407,10.433,10.419,6.502,6.466,10.463,10.405,EssenceCatalog/problems/csplib-prob010-SocialGolfers/params/45d53ed6ab18fc668c59a3885c912aeb.param
-0.998,-0.993,-0.966,-0.864,0.95,-0.955,-0.975,-0.999,0.943,0.991,0.994,0.778,-0.987,-0.972,0.956,0.981,0.998,-0.667,0.992,0.998,-0.994,0.994,-0.997,-0.982,0.966,0.858,-0.998,-0.922,-0.842,0.981,-0.974,0.996,0.994,-0.992,0.6,0.908,0.972,0.866,-0.981,0.606,0.998,-0.575,-0.722,-0.99,0.992,-0.518,-0.998,0.998,0.983,-0.904,-0.99,0.995,-0.97,0.999,-0.99,-0.964,-0.932,0.571,-0.93,0.731,-0.975,-0.881,-0.991,0.983,-0.998,-0.997,-0.146,-0.979,-0.997,-0.984,-0.575,-0.845,0.931,0.958,0.998,-0.844,-0.363,-0.899,0.95,0.994,-0.894,-0.962,0.962,-0.972,0.906,0.997,-0.917,0.572,0.992,-0.792,0.995,0.923,-0.987,-0.994,-0.448,-0.993,-0.997,0.995,-0.961,-0.985,5.431,4.351,10.409,10.354,10.325,10.42,10.342,10.281,5.259,4.518,10.405,10.336,5.56,5.128,10.377,10.348,EssenceCatalog/problems/csplib-prob010-SocialGolfers/params/f2fecf0f368b4b05477d41226b6132e8.param
-1.0,-0.994,-0.993,-0.993,-0.973,-0.995,-0.999,-1.0,0.994,-0.986,0.999,0.993,-0.998,-0.995,0.987,0.986,0.998,-0.979,0.999,1.0,-0.992,0.997,-0.999,-0.997,1.0,0.996,-0.999,-0.981,-0.991,0.953,-0.998,0.999,1.0,-0.988,0.984,0.995,0.997,0.992,-0.998,0.992,0.999,-0.992,-0.984,-0.999,0.997,0.995,-0.999,0.998,0.996,-0.996,-1.0,0.998,-0.99,1.0,-0.992,-0.993,0.998,-0.998,-0.992,0.975,-0.998,-0.986,-0.975,0.996,-0.998,-1.0,-0.992,-0.996,-0.998,-0.998,-0.984,-0.079,0.993,0.996,1.0,-0.996,0.992,-0.997,0.931,0.981,-0.992,-0.971,0.989,-0.993,0.991,1.0,0.996,-0.971,0.999,-0.98,0.999,0.996,-0.999,-0.999,0.995,-0.998,-0.998,0.998,0.99,-0.706,9.543,5.787,10.452,10.455,10.433,10.531,10.543,10.491,7.551,6.083,10.409,10.393,8.02,7.851,10.428,10.472,EssenceCatalog/problems/csplib-prob010-SocialGolfers/params/b856e10e853ddb47535cc72ed5edafd9.param
-0.998,-0.99,-0.964,-0.814,0.929,-0.966,-0.962,-0.999,0.948,0.978,0.993,0.715,-0.983,-0.964,0.942,0.989,0.998,-0.704,0.993,0.997,-0.99,0.996,-0.997,-0.987,0.925,0.723,-0.998,-0.897,-0.854,0.974,-0.971,0.995,0.995,-0.993,0.639,0.951,0.972,0.866,-0.975,0.79,0.997,-0.561,-0.767,-0.986,0.992,-0.081,-0.999,0.998,0.987,-0.92,-0.99,0.994,-0.96,0.999,-0.99,-0.952,-0.816,0.478,-0.889,0.682,-0.98,-0.848,-0.986,0.983,-0.996,-0.997,-0.543,-0.967,-0.996,-0.984,-0.49,-0.639,0.889,0.959,0.998,-0.9,-0.002,-0.921,0.937,0.991,-0.92,-0.954,0.945,-0.958,0.904,0.997,-0.688,0.429,0.991,-0.8,0.995,0.954,-0.987,-0.994,0.063,-0.991,-0.996,0.994,-0.937,-0.982,5.901,4.551,10.448,10.341,10.358,10.431,10.377,10.332,5.553,4.721,10.444,10.331,5.854,5.451,10.425,10.352,EssenceCatalog/problems/csplib-prob010-SocialGolfers/params/6190d1a9637be20936d251aa7ed68ff3.param
-0.996,-0.994,-0.955,-0.755,0.989,-0.928,-0.97,-0.999,0.958,0.992,0.991,0.563,-0.978,-0.962,0.939,0.977,0.998,-0.569,0.991,0.997,-0.994,0.986,-0.998,-0.984,0.966,0.894,-0.995,-0.905,-0.83,0.982,-0.97,0.993,0.987,-0.994,0.731,0.937,0.979,0.835,-0.955,0.546,0.998,-0.413,-0.861,-0.994,0.991,-0.387,-0.998,0.996,0.987,-0.872,-0.981,0.994,-0.963,0.999,-0.989,-0.913,-0.976,0.968,-0.79,0.662,-0.93,-0.88,-0.989,0.98,-0.996,-0.995,0.667,-0.967,-0.997,-0.973,-0.47,-0.958,0.83,0.953,0.997,-0.881,-0.891,-0.903,0.936,0.99,-0.88,-0.938,0.938,-0.97,0.91,0.995,-0.905,0.977,0.99,-0.865,0.993,0.897,-0.978,-0.983,-0.726,-0.992,-0.997,0.991,-0.993,-0.984,4.77,4.208,10.293,10.263,10.238,10.3,10.251,10.197,4.889,4.338,10.265,10.248,5.179,4.749,10.231,10.289,EssenceCatalog/problems/csplib-prob010-SocialGolfers/params/4739d9ba3f9bc4f93514cd969c991c74.param
-0.999,-0.989,-0.982,-0.94,0.029,-0.983,-0.988,-0.999,0.966,0.845,0.996,0.929,-0.993,-0.979,0.964,0.993,0.998,-0.863,0.995,0.998,-0.991,0.998,-0.997,-0.991,0.985,0.917,-0.999,-0.936,-0.931,0.972,-0.99,0.998,0.998,-0.993,0.782,0.97,0.979,0.94,-0.991,0.922,0.998,-0.835,-0.77,-0.988,0.996,0.558,-0.999,0.999,0.992,-0.969,-0.997,0.995,-0.968,0.999,-0.991,-0.979,0.29,-0.912,-0.967,0.86,-0.991,-0.922,-0.986,0.989,-0.997,-0.998,-0.936,-0.983,-0.997,-0.992,-0.757,-0.132,0.963,0.98,0.999,-0.947,0.866,-0.966,0.933,0.989,-0.956,-0.962,0.966,-0.978,0.929,0.999,0.008,-0.835,0.995,-0.831,0.996,0.982,-0.992,-0.998,0.788,-0.993,-0.996,0.996,0.171,-0.97,8.176,5.228,10.46,10.445,10.423,10.568,10.521,10.481,6.76,5.457,10.463,10.433,7.171,6.835,10.465,10.413,EssenceCatalog/problems/csplib-prob010-SocialGolfers/params/615894aed6dc2e6b73d968d8dbbaeaf0.param
-0.997,-0.978,-0.885,-0.598,0.974,-0.947,-0.959,-0.999,0.933,0.516,0.99,0.435,-0.976,-0.905,0.821,0.975,0.996,-0.66,0.993,0.994,-0.969,0.975,-0.997,-0.984,0.957,0.852,-0.995,-0.817,-0.909,0.95,-0.963,0.992,0.994,-0.98,0.894,0.978,0.989,0.746,-0.943,0.9,0.997,-0.672,-0.942,-0.992,0.97,0.932,-0.998,0.993,0.981,-0.948,-0.988,0.994,-0.921,0.998,-0.956,-0.751,0.321,0.922,-0.329,0.417,-0.954,-0.791,-0.964,0.976,-0.992,-0.995,-0.37,-0.926,-0.995,-0.977,-0.563,-0.834,0.376,0.978,0.993,-0.984,0.195,-0.977,0.814,0.937,-0.921,-0.893,0.852,-0.903,0.871,0.995,0.829,0.975,0.989,-0.955,0.996,0.946,-0.981,-0.988,0.64,-0.99,-0.996,0.985,-0.963,-0.951,6.31,5.006,10.35,10.276,10.322,10.31,10.303,10.348,5.944,5.202,10.361,10.306,6.195,6.055,10.366,10.298,EssenceCatalog/problems/csplib-prob010-SocialGolfers/params/aad144802fc5e64483decd387d552298.param
-0.999,-0.988,-0.977,-0.882,0.728,-0.972,-0.973,-0.999,0.961,0.959,0.994,0.836,-0.988,-0.969,0.949,0.992,0.997,-0.779,0.992,0.997,-0.99,0.998,-0.996,-0.991,0.952,0.8,-0.998,-0.915,-0.886,0.971,-0.98,0.996,0.996,-0.994,0.663,0.959,0.973,0.902,-0.983,0.865,0.997,-0.657,-0.718,-0.984,0.995,0.11,-0.998,0.998,0.991,-0.942,-0.993,0.993,-0.962,0.999,-0.992,-0.961,-0.598,-0.441,-0.932,0.771,-0.985,-0.882,-0.985,0.984,-0.996,-0.997,-0.817,-0.972,-0.996,-0.988,-0.591,-0.449,0.928,0.968,0.998,-0.903,0.469,-0.935,0.924,0.989,-0.93,-0.955,0.951,-0.97,0.908,0.998,-0.485,-0.327,0.991,-0.784,0.995,0.973,-0.987,-0.996,0.449,-0.99,-0.996,0.994,-0.705,-0.976,6.907,4.807,10.476,10.377,10.398,10.485,10.431,10.399,6.073,5.009,10.472,10.367,6.406,6.013,10.462,10.366,EssenceCatalog/problems/csplib-prob010-SocialGolfers/params/44f9f9cfe428a7fe8d6e862d04b12827.param
-0.996,-0.979,-0.909,-0.727,0.972,-0.956,-0.976,-0.998,0.964,0.661,0.988,0.41,-0.986,-0.916,0.833,0.976,0.995,-0.588,0.991,0.994,-0.971,0.981,-0.996,-0.988,0.98,0.914,-0.996,-0.78,-0.895,0.966,-0.974,0.992,0.994,-0.99,0.823,0.968,0.985,0.78,-0.929,0.874,0.996,-0.715,-0.916,-0.991,0.986,0.882,-0.997,0.995,0.99,-0.934,-0.984,0.993,-0.906,0.998,-0.979,-0.857,0.132,0.854,-0.5,0.454,-0.962,-0.781,-0.959,0.972,-0.995,-0.993,-0.303,-0.942,-0.993,-0.972,-0.61,-0.915,0.613,0.982,0.995,-0.971,-0.091,-0.966,0.735,0.963,-0.895,-0.8,0.842,-0.961,0.833,0.995,0.64,0.973,0.989,-0.936,0.994,0.957,-0.984,-0.991,0.506,-0.992,-0.994,0.99,-0.955,-0.943,6.159,4.931,10.42,10.337,10.371,10.363,10.342,10.344,5.831,5.109,10.429,10.356,6.088,5.953,10.43,10.36,EssenceCatalog/problems/csplib-prob010-SocialGolfers/params/2d685ad665fca758bc672b96456f9d2f.param
-0.998,-0.996,-0.303,-0.834,0.995,-0.951,-0.993,-0.999,0.485,0.943,0.994,0.737,-0.99,-0.965,0.941,0.126,0.998,-0.549,0.996,0.999,-0.989,0.541,-0.998,-0.503,0.997,0.978,-0.998,-0.87,-0.846,0.992,-0.983,0.999,0.997,-0.732,0.737,0.404,0.984,0.746,-0.975,-0.184,0.998,-0.911,-0.909,-0.996,0.617,0.599,-0.998,0.999,0.459,-0.954,-0.986,0.998,-0.958,0.999,-0.866,-0.976,0.075,0.97,-0.825,0.688,-0.949,-0.873,-0.992,0.984,-0.999,-0.997,0.761,-0.987,-0.997,-0.973,-0.783,-0.985,0.877,0.976,0.999,-0.966,-0.238,-0.972,0.956,0.996,-0.769,-0.905,0.94,-0.922,0.914,0.999,-0.931,0.989,0.996,-0.953,0.995,0.131,-0.994,-0.994,-0.882,-0.998,-0.995,0.997,-0.995,-0.987,4.813,4.133,9.073,10.402,10.429,10.463,10.426,10.326,4.831,4.253,9.11,10.378,5.193,4.817,9.297,10.367,EssenceCatalog/problems/csplib-prob010-SocialGolfers/params/8b9888982001a5a4d265e14056f431ba.param
-0.998,-0.977,-0.952,-0.909,0.821,-0.98,-0.991,-0.998,0.975,0.404,0.991,0.777,-0.995,-0.946,0.899,0.972,0.994,-0.579,0.985,0.996,-0.97,0.991,-0.995,-0.99,0.993,0.956,-0.997,-0.824,-0.903,0.97,-0.988,0.996,0.996,-0.991,0.63,0.942,0.983,0.913,-0.972,0.852,0.994,-0.899,-0.827,-0.988,0.993,0.774,-0.996,0.997,0.992,-0.951,-0.991,0.994,-0.906,0.998,-0.989,-0.964,0.646,-0.555,-0.889,0.73,-0.984,-0.855,-0.962,0.979,-0.997,-0.993,-0.785,-0.98,-0.991,-0.982,-0.784,-0.874,0.901,0.986,0.998,-0.936,0.432,-0.956,0.587,0.978,-0.89,-0.646,0.883,-0.987,0.788,0.997,0.489,0.616,0.991,-0.868,0.994,0.97,-0.992,-0.997,0.549,-0.994,-0.991,0.996,-0.441,-0.879,7.389,5.204,10.468,10.494,10.462,10.498,10.458,10.406,6.429,5.397,10.48,10.475,6.72,6.65,10.513,10.437,EssenceCatalog/problems/csplib-prob010-SocialGolfers/params/fbc35d21c4230071cb81743cff2c1efc.param
-0.998,-0.973,-0.931,-0.774,0.89,-0.971,-0.969,-0.998,0.958,0.6,0.99,0.667,-0.987,-0.92,0.882,0.982,0.994,-0.616,0.991,0.995,-0.971,0.993,-0.994,-0.99,0.976,0.877,-0.997,-0.825,-0.894,0.948,-0.977,0.994,0.995,-0.99,0.76,0.969,0.982,0.855,-0.961,0.892,0.995,-0.77,-0.849,-0.986,0.989,0.83,-0.997,0.997,0.99,-0.947,-0.99,0.992,-0.912,0.998,-0.981,-0.906,0.507,0.113,-0.758,0.608,-0.98,-0.793,-0.959,0.975,-0.995,-0.994,-0.774,-0.959,-0.993,-0.98,-0.601,-0.703,0.77,0.98,0.997,-0.961,0.585,-0.96,0.74,0.965,-0.908,-0.834,0.878,-0.955,0.826,0.997,0.662,0.744,0.988,-0.906,0.994,0.968,-0.988,-0.995,0.692,-0.99,-0.993,0.992,-0.796,-0.932,7.064,5.164,10.467,10.463,10.472,10.512,10.468,10.458,6.314,5.358,10.481,10.474,6.589,6.459,10.512,10.439,EssenceCatalog/problems/csplib-prob010-SocialGolfers/params/45082ac5bc7b4215b6a502d15a53d8c9.param
-1.0,-0.988,-0.989,-0.987,-0.893,-0.995,-0.998,-1.0,0.995,-0.98,0.998,0.978,-0.998,-0.987,0.967,0.987,0.997,-0.932,0.997,0.999,-0.982,0.997,-0.998,-0.998,0.999,0.995,-0.999,-0.965,-0.986,0.925,-0.998,0.999,0.999,-0.992,0.968,0.993,0.996,0.987,-0.997,0.987,0.998,-0.989,-0.972,-0.998,0.997,0.993,-0.998,0.997,0.998,-0.994,-0.999,0.998,-0.976,0.999,-0.993,-0.989,0.997,-0.995,-0.982,0.951,-0.997,-0.973,-0.945,0.994,-0.998,-0.999,-0.989,-0.995,-0.996,-0.996,-0.975,-0.609,0.985,0.997,0.999,-0.991,0.983,-0.996,0.719,0.971,-0.98,-0.871,0.969,-0.993,0.971,0.999,0.994,-0.858,0.998,-0.972,0.999,0.996,-0.998,-0.999,0.988,-0.998,-0.996,0.998,0.969,-0.484,9.407,5.765,10.426,10.434,10.393,10.476,10.481,10.42,7.468,6.046,10.37,10.377,7.905,7.81,10.408,10.435,EssenceCatalog/problems/csplib-prob010-SocialGolfers/params/11e2d0bc727ff716162ac35490084ff5.param
-0.997,-0.98,-0.908,-0.646,0.977,-0.947,-0.962,-0.999,0.951,0.772,0.989,0.391,-0.98,-0.913,0.844,0.978,0.996,-0.614,0.992,0.994,-0.975,0.982,-0.996,-0.987,0.961,0.852,-0.996,-0.803,-0.886,0.96,-0.968,0.992,0.994,-0.989,0.844,0.973,0.985,0.752,-0.931,0.873,0.997,-0.638,-0.915,-0.991,0.983,0.845,-0.997,0.995,0.987,-0.931,-0.984,0.993,-0.919,0.998,-0.975,-0.819,-0.138,0.918,-0.434,0.481,-0.96,-0.774,-0.967,0.976,-0.994,-0.994,-0.256,-0.932,-0.995,-0.975,-0.509,-0.864,0.56,0.977,0.995,-0.972,-0.101,-0.966,0.824,0.964,-0.906,-0.881,0.856,-0.94,0.857,0.995,0.558,0.972,0.988,-0.935,0.994,0.949,-0.982,-0.99,0.464,-0.991,-0.996,0.989,-0.971,-0.961,5.98,4.848,10.402,10.288,10.332,10.329,10.314,10.336,5.728,5.03,10.405,10.308,5.989,5.798,10.395,10.325,EssenceCatalog/problems/csplib-prob010-SocialGolfers/params/ebb88ec1a2967ec39672aac1dfcb81e5.param
-0.997,-0.97,-0.888,-0.761,0.929,-0.971,-0.983,-0.999,0.968,-0.413,0.99,0.597,-0.989,-0.905,0.823,0.972,0.994,-0.66,0.993,0.994,-0.954,0.976,-0.996,-0.99,0.988,0.948,-0.996,-0.8,-0.933,0.942,-0.978,0.994,0.996,-0.983,0.921,0.982,0.992,0.841,-0.949,0.941,0.996,-0.863,-0.955,-0.992,0.981,0.978,-0.997,0.994,0.989,-0.966,-0.99,0.994,-0.91,0.998,-0.968,-0.849,0.888,0.623,-0.474,0.499,-0.972,-0.828,-0.937,0.975,-0.994,-0.995,-0.681,-0.95,-0.993,-0.979,-0.771,-0.877,0.566,0.988,0.996,-0.988,0.563,-0.984,0.632,0.935,-0.92,-0.773,0.84,-0.957,0.849,0.996,0.955,0.958,0.99,-0.966,0.996,0.97,-0.99,-0.993,0.836,-0.993,-0.994,0.99,-0.849,-0.886,7.141,5.334,10.419,10.448,10.468,10.44,10.441,10.412,6.432,5.55,10.434,10.441,6.681,6.679,10.474,10.432,EssenceCatalog/problems/csplib-prob010-SocialGolfers/params/f690b5999431748c2488a17677074477.param
-0.997,-0.994,-0.96,-0.802,0.986,-0.939,-0.973,-0.999,0.954,0.993,0.992,0.65,-0.983,-0.969,0.95,0.976,0.998,-0.557,0.991,0.998,-0.995,0.989,-0.998,-0.983,0.969,0.887,-0.996,-0.917,-0.825,0.983,-0.971,0.994,0.989,-0.994,0.687,0.922,0.976,0.854,-0.965,0.503,0.998,-0.49,-0.826,-0.993,0.992,-0.585,-0.998,0.998,0.985,-0.871,-0.984,0.995,-0.968,0.999,-0.991,-0.943,-0.975,0.94,-0.866,0.692,-0.95,-0.888,-0.991,0.981,-0.997,-0.996,0.579,-0.974,-0.997,-0.978,-0.512,-0.942,0.895,0.953,0.997,-0.841,-0.849,-0.893,0.951,0.994,-0.878,-0.949,0.951,-0.976,0.909,0.996,-0.946,0.948,0.991,-0.83,0.994,0.895,-0.983,-0.988,-0.756,-0.993,-0.997,0.994,-0.991,-0.985,4.827,4.199,10.316,10.3,10.269,10.338,10.282,10.22,4.917,4.333,10.289,10.279,5.209,4.767,10.26,10.317,EssenceCatalog/problems/csplib-prob010-SocialGolfers/params/08e32d375a57135be18141d12e0a4300.param
-0.998,-0.988,-0.966,-0.872,0.868,-0.967,-0.975,-0.999,0.95,0.966,0.993,0.804,-0.988,-0.962,0.944,0.985,0.997,-0.682,0.99,0.997,-0.989,0.996,-0.996,-0.987,0.97,0.858,-0.998,-0.895,-0.854,0.973,-0.978,0.995,0.995,-0.992,0.568,0.934,0.971,0.877,-0.979,0.754,0.997,-0.674,-0.685,-0.986,0.993,-0.042,-0.998,0.998,0.987,-0.928,-0.991,0.993,-0.953,0.999,-0.99,-0.959,-0.676,-0.138,-0.923,0.737,-0.981,-0.861,-0.986,0.98,-0.997,-0.996,-0.664,-0.977,-0.996,-0.985,-0.584,-0.706,0.922,0.967,0.998,-0.879,0.271,-0.918,0.904,0.989,-0.899,-0.936,0.945,-0.972,0.876,0.997,-0.648,0.17,0.99,-0.793,0.994,0.954,-0.987,-0.996,0.142,-0.991,-0.995,0.994,-0.844,-0.972,6.351,4.651,10.448,10.378,10.378,10.451,10.389,10.34,5.772,4.827,10.442,10.367,6.078,5.702,10.431,10.361,EssenceCatalog/problems/csplib-prob010-SocialGolfers/params/c0b5a2579129c39ac89962ada4f84278.param
-0.996,-0.987,-0.931,-0.715,0.984,-0.948,-0.97,-0.999,0.958,0.952,0.989,0.463,-0.983,-0.938,0.894,0.978,0.997,-0.57,0.991,0.996,-0.986,0.986,-0.997,-0.986,0.968,0.876,-0.996,-0.832,-0.851,0.976,-0.971,0.993,0.992,-0.993,0.735,0.951,0.98,0.799,-0.937,0.746,0.997,-0.571,-0.87,-0.991,0.989,0.452,-0.998,0.996,0.988,-0.904,-0.981,0.993,-0.932,0.998,-0.985,-0.886,-0.774,0.925,-0.644,0.551,-0.956,-0.807,-0.978,0.976,-0.996,-0.994,0.104,-0.952,-0.995,-0.972,-0.46,-0.923,0.739,0.971,0.996,-0.938,-0.58,-0.94,0.854,0.982,-0.883,-0.881,0.892,-0.964,0.866,0.995,-0.366,0.971,0.989,-0.898,0.993,0.932,-0.982,-0.99,-0.131,-0.992,-0.996,0.991,-0.983,-0.972,5.294,4.493,10.379,10.29,10.286,10.327,10.291,10.248,5.26,4.644,10.365,10.284,5.525,5.219,10.333,10.321,EssenceCatalog/problems/csplib-prob010-SocialGolfers/params/e1bdaa4848baa0d5d1361bc4b136d525.param
-0.996,-0.981,-0.926,-0.72,0.974,-0.955,-0.972,-0.999,0.965,0.824,0.988,0.428,-0.985,-0.926,0.859,0.98,0.995,-0.598,0.99,0.994,-0.976,0.986,-0.996,-0.989,0.972,0.889,-0.996,-0.794,-0.879,0.969,-0.972,0.992,0.993,-0.992,0.783,0.965,0.983,0.802,-0.935,0.847,0.996,-0.655,-0.896,-0.99,0.988,0.794,-0.997,0.995,0.99,-0.925,-0.984,0.993,-0.915,0.998,-0.982,-0.872,-0.262,0.843,-0.583,0.478,-0.961,-0.79,-0.966,0.974,-0.995,-0.993,-0.264,-0.946,-0.994,-0.973,-0.551,-0.905,0.66,0.978,0.996,-0.96,-0.247,-0.956,0.765,0.969,-0.896,-0.825,0.86,-0.96,0.838,0.995,0.389,0.965,0.989,-0.918,0.993,0.955,-0.983,-0.991,0.363,-0.992,-0.995,0.99,-0.96,-0.953,5.921,4.804,10.442,10.332,10.361,10.362,10.344,10.341,5.673,4.975,10.44,10.343,5.934,5.744,10.429,10.367,EssenceCatalog/problems/csplib-prob010-SocialGolfers/params/1f7d283e0e5359c0418c011001fd2361.param
-0.999,-0.985,-0.967,-0.874,0.639,-0.977,-0.975,-0.999,0.948,0.873,0.994,0.846,-0.989,-0.961,0.943,0.988,0.996,-0.76,0.993,0.997,-0.987,0.997,-0.996,-0.987,0.973,0.859,-0.998,-0.899,-0.898,0.964,-0.982,0.996,0.997,-0.99,0.702,0.963,0.974,0.909,-0.985,0.878,0.996,-0.755,-0.749,-0.984,0.992,0.506,-0.998,0.998,0.986,-0.956,-0.994,0.993,-0.949,0.999,-0.986,-0.963,0.12,-0.66,-0.931,0.764,-0.987,-0.873,-0.981,0.983,-0.996,-0.996,-0.869,-0.976,-0.996,-0.987,-0.622,-0.384,0.917,0.975,0.998,-0.935,0.771,-0.953,0.898,0.984,-0.935,-0.937,0.947,-0.957,0.879,0.998,0.004,-0.38,0.992,-0.844,0.995,0.971,-0.991,-0.997,0.678,-0.991,-0.994,0.995,-0.469,-0.963,7.544,5.079,10.454,10.442,10.439,10.546,10.49,10.46,6.453,5.293,10.461,10.432,6.798,6.492,10.476,10.402,EssenceCatalog/problems/csplib-prob010-SocialGolfers/params/f4bf46bcc0dc980c751e05427ca53080.param
-0.998,-0.998,0.963,0.54,0.998,-0.235,0.286,-0.999,-0.997,0.987,0.993,0.939,0.776,-0.978,0.987,-0.982,0.998,-0.899,0.998,0.997,-0.996,-0.983,-0.999,0.999,0.898,0.776,-0.994,-0.972,-0.744,0.98,-0.411,0.997,0.982,0.998,0.929,-0.523,0.987,0.846,-0.993,-0.993,0.999,-0.866,-0.951,-0.992,-0.998,0.891,-0.998,0.991,-0.999,-0.978,-0.993,0.997,-0.957,0.997,0.986,-0.975,0.782,0.998,-0.938,0.893,-0.269,-0.962,-0.996,0.985,-0.98,-0.998,0.992,-0.969,-0.998,-0.972,-0.851,-0.932,0.321,-0.011,0.995,-0.978,0.874,-0.973,0.991,0.979,-0.69,-0.982,0.98,0.96,0.944,0.994,-0.989,0.972,0.996,-0.987,0.994,-0.998,-0.985,-0.49,-0.993,-0.985,-0.993,0.962,-0.997,-0.984,3.468,2.842,3.858,9.253,9.959,9.677,10.008,10.458,3.613,3.178,3.89,9.274,4.147,3.654,4.88,9.359,EssenceCatalog/problems/csplib-prob010-SocialGolfers/params/921837087750b38384607589a4015289.param
-0.997,-0.979,-0.918,-0.702,0.964,-0.958,-0.964,-0.998,0.953,0.796,0.988,0.499,-0.984,-0.913,0.868,0.979,0.995,-0.579,0.991,0.994,-0.974,0.988,-0.995,-0.987,0.968,0.857,-0.997,-0.812,-0.875,0.96,-0.971,0.993,0.994,-0.99,0.782,0.965,0.982,0.79,-0.94,0.86,0.996,-0.689,-0.878,-0.988,0.987,0.787,-0.997,0.996,0.988,-0.929,-0.985,0.993,-0.911,0.998,-0.98,-0.869,-0.002,0.776,-0.591,0.528,-0.97,-0.77,-0.965,0.974,-0.995,-0.994,-0.469,-0.945,-0.994,-0.976,-0.512,-0.822,0.693,0.978,0.996,-0.962,0.124,-0.958,0.802,0.971,-0.896,-0.858,0.868,-0.95,0.837,0.996,0.453,0.935,0.988,-0.916,0.994,0.953,-0.984,-0.993,0.47,-0.991,-0.994,0.991,-0.949,-0.958,6.214,4.902,10.431,10.361,10.392,10.411,10.376,10.377,5.849,5.076,10.441,10.379,6.112,5.923,10.441,10.378,EssenceCatalog/problems/csplib-prob010-SocialGolfers/params/6c4bdc236b5336fa2e4263f2648657d8.param
-0.997,-0.995,0.95,-0.775,0.989,-0.837,-0.985,-0.997,-0.957,0.761,0.992,0.952,-0.95,-0.964,0.968,-0.986,0.993,-0.824,0.994,0.997,-0.978,-0.975,-0.995,0.989,0.999,0.985,-0.997,-0.927,-0.794,0.986,-0.962,0.999,0.995,0.984,0.851,-0.839,0.974,0.378,-0.987,-0.933,0.997,-0.982,-0.92,-0.992,-0.974,0.973,-0.994,0.998,-0.993,-0.974,-0.986,0.997,-0.928,0.995,0.866,-0.99,0.991,0.897,-0.928,0.848,-0.851,-0.905,-0.98,0.973,-0.997,-0.993,0.798,-0.988,-0.994,-0.959,-0.934,-0.977,0.923,0.928,0.998,-0.985,0.934,-0.987,0.979,0.995,-0.429,-0.935,0.957,0.06,0.913,0.997,-0.905,0.944,0.994,-0.981,0.992,-0.959,-0.994,-0.976,-0.966,-0.996,-0.981,0.993,-0.978,-0.968,4.294,3.391,4.932,10.084,10.502,10.384,10.506,10.549,4.168,3.622,4.999,10.06,4.709,4.313,5.933,10.035,EssenceCatalog/problems/csplib-prob010-SocialGolfers/params/c7aa26cf4823f10a84da9362354d23e5.param
-1.0,-0.995,-0.994,-0.994,-0.976,-0.995,-0.999,-1.0,0.994,-0.987,0.999,0.993,-0.998,-0.996,0.989,0.986,0.998,-0.982,0.999,1.0,-0.993,0.997,-0.999,-0.997,0.999,0.996,-0.999,-0.983,-0.991,0.954,-0.998,0.999,1.0,-0.989,0.986,0.995,0.996,0.993,-0.998,0.993,0.999,-0.993,-0.986,-0.999,0.997,0.995,-0.999,0.998,0.997,-0.996,-1.0,0.998,-0.991,1.0,-0.992,-0.993,0.997,-0.998,-0.992,0.976,-0.998,-0.987,-0.977,0.996,-0.998,-1.0,-0.992,-0.996,-0.998,-0.998,-0.985,-0.014,0.994,0.996,0.999,-0.996,0.991,-0.996,0.949,0.983,-0.993,-0.976,0.99,-0.993,0.992,1.0,0.996,-0.973,0.999,-0.98,0.999,0.996,-0.998,-0.999,0.996,-0.998,-0.998,0.998,0.99,-0.733,9.552,5.788,10.452,10.454,10.435,10.534,10.547,10.496,7.556,6.085,10.411,10.392,8.028,7.852,10.428,10.473,EssenceCatalog/problems/csplib-prob010-SocialGolfers/params/c405fe1e16ac3b660e0d59a8cd6f2a2c.param
-1.0,-0.996,-0.992,-0.986,-0.948,-0.995,-0.997,-1.0,0.977,-0.815,0.999,0.992,-0.995,-0.996,0.991,0.993,0.999,-0.981,0.999,1.0,-0.995,0.999,-0.999,-0.994,0.997,0.977,-1.0,-0.986,-0.989,0.973,-0.997,1.0,1.0,-0.99,0.984,0.995,0.994,0.991,-0.999,0.989,1.0,-0.983,-0.969,-0.997,0.996,0.986,-1.0,0.999,0.993,-0.997,-1.0,0.998,-0.989,1.0,-0.986,-0.994,0.991,-0.996,-0.993,0.969,-0.998,-0.982,-0.99,0.997,-0.998,-1.0,-0.992,-0.994,-0.999,-0.999,-0.951,0.741,0.99,0.993,1.0,-0.996,0.993,-0.996,0.985,0.991,-0.995,-0.993,0.993,-0.978,0.99,1.0,0.967,-0.991,0.999,-0.964,0.999,0.994,-0.998,-1.0,0.993,-0.998,-0.999,0.998,0.971,-0.962,9.538,5.74,10.382,10.372,10.381,10.491,10.525,10.48,7.539,6.047,10.368,10.318,8.034,7.788,10.356,10.402,EssenceCatalog/problems/csplib-prob010-SocialGolfers/params/cf8e3315a7a69ec42747b1dd8ac8809d.param
-1.0,-0.994,-0.379,0.51,0.977,-0.911,-0.177,-1.0,-0.919,0.746,0.997,0.761,0.069,-0.936,0.926,0.809,0.998,-0.939,0.998,0.999,-0.989,0.941,-0.999,0.209,-0.567,-0.632,-0.995,-0.947,-0.951,0.912,-0.464,0.994,0.994,0.58,0.965,0.984,0.996,0.939,-0.997,0.591,0.999,-0.409,-0.972,-0.98,-0.865,0.928,-1.0,0.985,-0.832,-0.981,-0.997,0.995,-0.97,0.999,0.491,-0.729,0.696,0.931,-0.803,0.263,-0.953,-0.907,-0.988,0.994,-0.931,-1.0,-0.433,-0.917,-0.997,-0.991,-0.36,0.771,-0.659,0.701,0.989,-0.995,0.879,-0.99,0.964,0.716,-0.983,-0.991,0.962,0.914,0.954,0.996,0.713,0.466,0.993,-0.953,0.999,0.114,-0.979,-0.925,0.771,-0.965,-0.997,0.943,-0.939,-0.969,5.184,3.899,6.384,8.487,9.213,8.998,9.516,10.095,4.971,4.263,6.506,8.558,5.253,4.769,6.95,8.698,EssenceCatalog/problems/csplib-prob010-SocialGolfers/params/ord23-5-6-5.param
-0.999,-0.996,0.803,0.933,0.998,0.221,0.958,-1.0,-0.998,0.985,0.991,0.912,0.98,-0.976,0.992,-0.539,0.999,-0.932,0.998,0.997,-0.997,-0.893,-0.999,0.996,-0.803,-0.624,-0.951,-0.977,-0.883,0.92,0.726,0.933,0.91,0.997,0.964,0.797,0.991,0.943,-0.996,-0.982,0.999,0.187,-0.972,-0.989,-0.997,0.798,-0.999,0.738,-0.999,-0.985,-0.997,0.993,-0.98,0.999,0.991,-0.716,-0.119,0.997,-0.892,0.602,0.292,-0.969,-0.997,0.99,-0.321,-0.999,0.987,-0.84,-0.997,-0.992,-0.551,0.051,-0.821,-0.806,0.849,-0.986,0.833,-0.977,0.988,0.326,-0.916,-0.993,0.985,0.994,0.949,0.943,-0.844,0.73,0.99,-0.976,0.997,-0.996,-0.908,0.688,-0.947,-0.776,-0.997,0.199,-0.991,-0.972,2.794,2.271,2.921,7.579,7.982,7.357,8.317,10.126,3.091,2.717,2.947,7.623,3.525,2.879,3.778,7.804,EssenceCatalog/problems/csplib-prob010-SocialGolfers/params/ord13-5-8-3.param
-0.997,-0.996,0.954,-0.699,0.993,-0.756,-0.974,-0.998,-0.975,0.865,0.992,0.955,-0.909,-0.973,0.975,-0.984,0.995,-0.858,0.995,0.997,-0.981,-0.985,-0.997,0.993,0.999,0.978,-0.996,-0.942,-0.826,0.987,-0.945,0.999,0.993,0.989,0.882,-0.827,0.976,0.382,-0.988,-0.952,0.997,-0.972,-0.936,-0.994,-0.983,0.973,-0.995,0.996,-0.996,-0.978,-0.988,0.997,-0.942,0.996,0.91,-0.986,0.984,0.947,-0.922,0.826,-0.75,-0.931,-0.986,0.976,-0.995,-0.995,0.876,-0.985,-0.996,-0.966,-0.928,-0.976,0.877,0.882,0.997,-0.985,0.926,-0.988,0.982,0.993,-0.426,-0.951,0.961,0.199,0.934,0.995,-0.922,0.962,0.994,-0.987,0.992,-0.974,-0.99,-0.955,-0.977,-0.994,-0.985,0.988,-0.985,-0.971,4.212,3.35,4.85,10.077,10.509,10.389,10.516,10.59,4.115,3.587,4.91,10.058,4.668,4.258,5.86,10.034,EssenceCatalog/problems/csplib-prob010-SocialGolfers/params/2d9a6182023a68e5a46d9c3bc2138eed.param
-0.996,-0.981,-0.917,-0.66,0.977,-0.949,-0.965,-0.999,0.955,0.81,0.988,0.42,-0.981,-0.917,0.858,0.98,0.996,-0.608,0.992,0.994,-0.977,0.983,-0.996,-0.988,0.965,0.865,-0.996,-0.81,-0.883,0.963,-0.968,0.992,0.993,-0.99,0.825,0.97,0.984,0.77,-0.932,0.856,0.996,-0.625,-0.908,-0.991,0.985,0.821,-0.997,0.995,0.988,-0.928,-0.984,0.993,-0.918,0.998,-0.977,-0.828,-0.239,0.901,-0.481,0.486,-0.959,-0.78,-0.968,0.974,-0.994,-0.994,-0.235,-0.937,-0.994,-0.974,-0.512,-0.883,0.592,0.977,0.995,-0.968,-0.177,-0.962,0.806,0.965,-0.902,-0.869,0.864,-0.947,0.854,0.995,0.477,0.97,0.988,-0.933,0.994,0.95,-0.981,-0.99,0.387,-0.991,-0.995,0.989,-0.97,-0.96,5.909,4.811,10.417,10.299,10.337,10.337,10.32,10.336,5.679,4.988,10.415,10.316,5.94,5.741,10.403,10.338,EssenceCatalog/problems/csplib-prob010-SocialGolfers/params/e832acef040321f2e2692d262ed77cd5.param
-0.997,-0.979,-0.901,-0.667,0.973,-0.953,-0.966,-0.999,0.949,0.704,0.989,0.439,-0.982,-0.909,0.847,0.975,0.995,-0.604,0.992,0.994,-0.973,0.983,-0.996,-0.986,0.968,0.874,-0.996,-0.794,-0.888,0.959,-0.969,0.993,0.994,-0.987,0.839,0.97,0.985,0.761,-0.935,0.873,0.996,-0.683,-0.912,-0.99,0.982,0.87,-0.997,0.996,0.986,-0.935,-0.985,0.993,-0.913,0.998,-0.973,-0.843,0.124,0.881,-0.469,0.486,-0.964,-0.768,-0.964,0.974,-0.994,-0.994,-0.34,-0.939,-0.994,-0.974,-0.539,-0.857,0.589,0.979,0.996,-0.974,0.08,-0.967,0.804,0.964,-0.905,-0.863,0.855,-0.939,0.843,0.996,0.623,0.966,0.988,-0.937,0.995,0.95,-0.984,-0.992,0.516,-0.991,-0.995,0.99,-0.963,-0.957,6.184,4.93,10.402,10.329,10.367,10.373,10.347,10.361,5.851,5.112,10.414,10.353,6.11,5.945,10.414,10.352,EssenceCatalog/problems/csplib-prob010-SocialGolfers/params/a5b1d895bfe14f228b9024e662cf305a.param
-0.996,-0.987,-0.936,-0.731,0.983,-0.947,-0.973,-0.999,0.962,0.939,0.989,0.427,-0.984,-0.94,0.882,0.979,0.997,-0.586,0.99,0.995,-0.984,0.985,-0.997,-0.987,0.971,0.886,-0.995,-0.822,-0.861,0.976,-0.972,0.992,0.992,-0.993,0.74,0.954,0.98,0.795,-0.938,0.776,0.997,-0.567,-0.882,-0.992,0.988,0.556,-0.997,0.996,0.989,-0.908,-0.983,0.993,-0.931,0.998,-0.985,-0.887,-0.73,0.911,-0.638,0.511,-0.954,-0.807,-0.976,0.976,-0.996,-0.994,0.041,-0.951,-0.995,-0.973,-0.506,-0.928,0.714,0.972,0.996,-0.944,-0.571,-0.943,0.834,0.978,-0.885,-0.863,0.881,-0.964,0.86,0.995,-0.215,0.971,0.99,-0.897,0.993,0.939,-0.981,-0.99,-0.025,-0.993,-0.996,0.99,-0.979,-0.968,5.391,4.549,10.402,10.301,10.304,10.331,10.304,10.267,5.325,4.704,10.387,10.296,5.589,5.306,10.359,10.337,EssenceCatalog/problems/csplib-prob010-SocialGolfers/params/adf1f25d1f64f976418cd62903d5528c.param
-0.999,-0.993,-0.969,-0.912,0.78,-0.969,-0.984,-0.999,0.929,0.983,0.996,0.907,-0.99,-0.983,0.971,0.983,0.998,-0.817,0.994,0.999,-0.994,0.995,-0.997,-0.975,0.968,0.858,-0.998,-0.948,-0.883,0.981,-0.981,0.998,0.997,-0.987,0.64,0.903,0.974,0.909,-0.991,0.652,0.998,-0.732,-0.683,-0.988,0.99,-0.386,-0.999,0.999,0.973,-0.94,-0.996,0.996,-0.979,0.999,-0.989,-0.981,-0.781,-0.41,-0.969,0.833,-0.987,-0.91,-0.993,0.988,-0.998,-0.998,-0.656,-0.986,-0.998,-0.99,-0.703,-0.624,0.965,0.966,0.999,-0.874,0.285,-0.93,0.966,0.995,-0.923,-0.976,0.976,-0.972,0.94,0.998,-0.905,-0.537,0.993,-0.774,0.996,0.933,-0.989,-0.997,-0.163,-0.993,-0.997,0.996,-0.799,-0.986,6.494,4.585,10.424,10.393,10.388,10.501,10.407,10.345,5.788,4.772,10.418,10.362,6.135,5.662,10.402,10.362,EssenceCatalog/problems/csplib-prob010-SocialGolfers/params/7579b38232cdcc8f8695fc882ff52934.param
-1.0,-0.997,-0.966,-0.978,-0.829,-0.992,-0.995,-1.0,0.742,-0.883,0.999,0.995,-0.992,-0.995,0.992,0.875,0.999,-0.985,0.999,1.0,-0.996,0.992,-0.999,-0.888,0.998,0.978,-1.0,-0.99,-0.992,0.978,-0.995,1.0,1.0,-0.665,0.989,0.99,0.996,0.992,-0.999,0.961,1.0,-0.989,-0.973,-0.998,0.853,0.993,-1.0,0.999,0.741,-0.997,-1.0,0.998,-0.993,1.0,-0.834,-0.996,0.997,-0.994,-0.995,0.968,-0.998,-0.981,-0.992,0.997,-0.998,-1.0,-0.988,-0.997,-0.999,-0.999,-0.969,0.55,0.988,0.993,1.0,-0.998,0.996,-0.997,0.989,0.984,-0.994,-0.995,0.994,-0.862,0.99,1.0,0.968,-0.984,0.999,-0.975,0.999,0.972,-0.998,-0.999,0.988,-0.997,-0.998,0.998,0.957,-0.958,9.436,5.682,10.156,10.292,10.29,10.409,10.452,10.388,7.465,5.99,10.175,10.222,7.939,7.69,10.178,10.311,EssenceCatalog/problems/csplib-prob010-SocialGolfers/params/ord35-4-9-7.param
-0.998,-0.995,0.942,-0.801,0.988,-0.856,-0.988,-0.997,-0.946,0.75,0.993,0.954,-0.961,-0.965,0.968,-0.985,0.994,-0.821,0.994,0.997,-0.979,-0.969,-0.995,0.986,0.999,0.986,-0.997,-0.928,-0.803,0.987,-0.967,0.999,0.995,0.979,0.842,-0.836,0.975,0.409,-0.986,-0.923,0.997,-0.983,-0.918,-0.992,-0.967,0.97,-0.994,0.998,-0.991,-0.974,-0.987,0.997,-0.928,0.995,0.834,-0.991,0.99,0.881,-0.931,0.856,-0.867,-0.906,-0.981,0.975,-0.998,-0.994,0.771,-0.989,-0.995,-0.96,-0.935,-0.979,0.931,0.937,0.998,-0.985,0.93,-0.987,0.979,0.996,-0.445,-0.933,0.958,-0.054,0.915,0.997,-0.907,0.94,0.994,-0.98,0.992,-0.95,-0.994,-0.981,-0.963,-0.996,-0.981,0.994,-0.977,-0.969,4.327,3.413,4.996,10.108,10.521,10.403,10.523,10.556,4.194,3.641,5.063,10.082,4.731,4.339,5.992,10.059,EssenceCatalog/problems/csplib-prob010-SocialGolfers/params/d61d3e3a29bca72e9d86866497159876.param
-0.996,-0.989,-0.928,-0.741,0.987,-0.946,-0.976,-0.999,0.959,0.954,0.989,0.432,-0.984,-0.942,0.889,0.973,0.997,-0.561,0.99,0.996,-0.986,0.98,-0.997,-0.985,0.976,0.905,-0.995,-0.828,-0.856,0.979,-0.973,0.993,0.991,-0.992,0.746,0.945,0.981,0.788,-0.937,0.713,0.997,-0.573,-0.888,-0.993,0.987,0.466,-0.997,0.996,0.987,-0.905,-0.981,0.993,-0.936,0.998,-0.984,-0.886,-0.803,0.947,-0.634,0.52,-0.948,-0.819,-0.979,0.976,-0.996,-0.994,0.274,-0.954,-0.995,-0.971,-0.493,-0.949,0.724,0.972,0.996,-0.94,-0.691,-0.94,0.848,0.982,-0.875,-0.871,0.89,-0.967,0.866,0.995,-0.43,0.982,0.99,-0.904,0.993,0.925,-0.982,-0.989,-0.263,-0.993,-0.996,0.991,-0.987,-0.971,5.164,4.448,10.358,10.283,10.271,10.312,10.276,10.227,5.179,4.594,10.341,10.276,5.444,5.132,10.306,10.313,EssenceCatalog/problems/csplib-prob010-SocialGolfers/params/c492f63e248cc8e79e9a3fcea5e6377a.param
-0.999,-0.996,-0.94,-0.874,0.92,-0.963,-0.978,-1.0,0.873,0.988,0.996,0.873,-0.986,-0.982,0.973,0.956,0.999,-0.802,0.995,0.999,-0.995,0.993,-0.998,-0.94,0.961,0.85,-0.999,-0.942,-0.866,0.986,-0.977,0.999,0.997,-0.972,0.635,0.838,0.975,0.907,-0.991,0.451,0.998,-0.757,-0.718,-0.989,0.973,-0.461,-0.999,0.999,0.931,-0.937,-0.995,0.997,-0.98,0.999,-0.98,-0.986,-0.815,0.242,-0.968,0.83,-0.987,-0.889,-0.994,0.988,-0.999,-0.998,-0.297,-0.986,-0.998,-0.988,-0.644,-0.739,0.961,0.955,0.999,-0.876,0.066,-0.927,0.975,0.997,-0.916,-0.98,0.978,-0.95,0.941,0.999,-0.956,-0.115,0.994,-0.798,0.997,0.864,-0.993,-0.997,-0.443,-0.996,-0.997,0.997,-0.932,-0.991,5.88,4.424,10.345,10.383,10.369,10.492,10.392,10.311,5.473,4.593,10.365,10.361,5.803,5.324,10.344,10.363,EssenceCatalog/problems/csplib-prob010-SocialGolfers/params/1ab500dbfe5500a91fcb4d9f302168e9.param
-0.997,-0.977,-0.881,-0.622,0.97,-0.953,-0.963,-0.999,0.936,0.336,0.99,0.454,-0.977,-0.906,0.82,0.973,0.995,-0.665,0.993,0.994,-0.966,0.976,-0.997,-0.984,0.964,0.874,-0.995,-0.806,-0.913,0.949,-0.964,0.993,0.995,-0.979,0.902,0.98,0.99,0.772,-0.945,0.909,0.997,-0.722,-0.945,-0.991,0.967,0.948,-0.998,0.994,0.981,-0.953,-0.988,0.994,-0.918,0.998,-0.954,-0.775,0.515,0.898,-0.367,0.423,-0.96,-0.789,-0.96,0.977,-0.993,-0.995,-0.441,-0.93,-0.995,-0.977,-0.61,-0.831,0.392,0.98,0.994,-0.985,0.302,-0.979,0.784,0.937,-0.922,-0.877,0.848,-0.907,0.866,0.996,0.872,0.973,0.99,-0.958,0.996,0.948,-0.984,-0.989,0.696,-0.99,-0.995,0.987,-0.953,-0.943,6.497,5.085,10.358,10.316,10.356,10.343,10.339,10.366,6.058,5.286,10.372,10.339,6.309,6.199,10.387,10.328,EssenceCatalog/problems/csplib-prob010-SocialGolfers/params/732ef71dc49842e9bc252d6a492ac88f.param
-0.997,-0.971,-0.884,-0.748,0.947,-0.967,-0.982,-0.998,0.965,-0.31,0.99,0.559,-0.988,-0.902,0.816,0.97,0.994,-0.644,0.992,0.994,-0.956,0.971,-0.996,-0.988,0.988,0.947,-0.996,-0.792,-0.93,0.945,-0.976,0.994,0.996,-0.982,0.921,0.98,0.991,0.819,-0.945,0.932,0.996,-0.847,-0.956,-0.993,0.978,0.975,-0.997,0.993,0.988,-0.963,-0.989,0.994,-0.911,0.998,-0.965,-0.83,0.844,0.743,-0.425,0.472,-0.967,-0.824,-0.941,0.974,-0.994,-0.995,-0.588,-0.947,-0.993,-0.978,-0.758,-0.895,0.518,0.987,0.995,-0.988,0.47,-0.984,0.65,0.934,-0.915,-0.78,0.84,-0.955,0.848,0.996,0.945,0.971,0.99,-0.968,0.996,0.965,-0.988,-0.992,0.793,-0.992,-0.994,0.989,-0.891,-0.894,6.964,5.278,10.397,10.418,10.439,10.408,10.41,10.388,6.333,5.489,10.411,10.415,6.58,6.566,10.447,10.406,EssenceCatalog/problems/csplib-prob010-SocialGolfers/params/039fd161ee908efe7ca49e5a30a602aa.param
-0.998,-0.998,0.095,-0.677,0.998,-0.861,-0.982,-1.0,-0.271,0.994,0.994,0.817,-0.943,-0.98,0.974,-0.217,0.999,-0.545,0.997,0.999,-0.997,0.027,-0.999,0.326,0.996,0.969,-0.997,-0.956,-0.8,0.991,-0.964,0.998,0.993,-0.268,0.809,0.317,0.984,0.761,-0.985,-0.77,0.999,-0.844,-0.916,-0.997,0.091,-0.028,-0.998,0.999,-0.277,-0.954,-0.988,0.998,-0.978,0.999,-0.638,-0.977,-0.678,0.996,-0.901,0.791,-0.881,-0.925,-0.996,0.986,-0.998,-0.997,0.974,-0.985,-0.999,-0.973,-0.778,-0.986,0.874,0.906,0.998,-0.946,-0.473,-0.962,0.988,0.997,-0.776,-0.975,0.976,-0.605,0.948,0.998,-0.994,0.991,0.996,-0.964,0.996,-0.707,-0.994,-0.971,-0.99,-0.996,-0.997,0.995,-0.998,-0.993,3.994,3.552,7.521,10.106,10.375,10.314,10.344,10.33,4.203,3.707,7.591,10.112,4.626,4.118,7.996,10.156,EssenceCatalog/problems/csplib-prob010-SocialGolfers/params/d8c62c4f4b1ba97224d0c3cff16889da.param
-0.998,-0.99,-0.965,-0.883,0.926,-0.961,-0.981,-0.999,0.958,0.979,0.992,0.799,-0.99,-0.964,0.944,0.98,0.997,-0.629,0.988,0.997,-0.991,0.993,-0.996,-0.986,0.98,0.905,-0.997,-0.899,-0.837,0.98,-0.982,0.995,0.993,-0.993,0.505,0.898,0.974,0.882,-0.976,0.604,0.997,-0.702,-0.679,-0.989,0.994,-0.289,-0.998,0.998,0.987,-0.909,-0.989,0.993,-0.957,0.999,-0.992,-0.96,-0.865,0.257,-0.921,0.751,-0.973,-0.876,-0.987,0.98,-0.997,-0.995,-0.36,-0.981,-0.996,-0.983,-0.616,-0.866,0.931,0.967,0.998,-0.831,-0.29,-0.901,0.892,0.991,-0.87,-0.913,0.941,-0.984,0.878,0.997,-0.833,0.61,0.99,-0.773,0.993,0.939,-0.985,-0.995,-0.345,-0.993,-0.996,0.995,-0.92,-0.971,5.672,4.435,10.426,10.368,10.334,10.411,10.343,10.277,5.392,4.598,10.421,10.345,5.686,5.302,10.394,10.353,EssenceCatalog/problems/csplib-prob010-SocialGolfers/params/4f1ef8f5d208ce13ef17d98c570ad36d.param
-0.996,-0.981,-0.914,-0.711,0.978,-0.952,-0.973,-0.998,0.962,0.81,0.988,0.394,-0.985,-0.921,0.849,0.977,0.995,-0.584,0.991,0.994,-0.976,0.982,-0.996,-0.988,0.975,0.898,-0.995,-0.793,-0.882,0.969,-0.972,0.992,0.993,-0.991,0.798,0.965,0.983,0.777,-0.93,0.841,0.996,-0.656,-0.904,-0.991,0.987,0.81,-0.997,0.995,0.989,-0.924,-0.983,0.993,-0.914,0.998,-0.98,-0.858,-0.233,0.888,-0.513,0.461,-0.959,-0.789,-0.966,0.973,-0.995,-0.993,-0.174,-0.942,-0.994,-0.972,-0.56,-0.917,0.627,0.978,0.995,-0.965,-0.27,-0.959,0.769,0.967,-0.893,-0.823,0.853,-0.958,0.837,0.995,0.407,0.974,0.989,-0.924,0.993,0.951,-0.982,-0.99,0.347,-0.992,-0.995,0.99,-0.967,-0.952,5.852,4.788,10.409,10.303,10.334,10.331,10.315,10.312,5.635,4.959,10.408,10.317,5.895,5.708,10.396,10.338,EssenceCatalog/problems/csplib-prob010-SocialGolfers/params/eae40dffe0d7fd3e69dfee50e8f7f582.param
-0.996,-0.985,-0.933,-0.734,0.979,-0.952,-0.973,-0.999,0.963,0.914,0.989,0.433,-0.985,-0.936,0.877,0.98,0.996,-0.586,0.99,0.995,-0.981,0.986,-0.997,-0.988,0.971,0.884,-0.996,-0.815,-0.866,0.974,-0.972,0.992,0.992,-0.993,0.744,0.957,0.981,0.797,-0.938,0.805,0.996,-0.611,-0.881,-0.991,0.988,0.642,-0.997,0.996,0.989,-0.913,-0.983,0.993,-0.924,0.998,-0.984,-0.89,-0.598,0.884,-0.637,0.5,-0.959,-0.801,-0.973,0.975,-0.996,-0.993,-0.091,-0.951,-0.994,-0.974,-0.525,-0.918,0.716,0.975,0.996,-0.948,-0.445,-0.947,0.82,0.976,-0.888,-0.853,0.879,-0.963,0.853,0.995,-0.036,0.965,0.989,-0.9,0.993,0.946,-0.982,-0.991,0.126,-0.993,-0.995,0.991,-0.972,-0.964,5.578,4.635,10.428,10.325,10.339,10.354,10.332,10.303,5.446,4.795,10.417,10.323,5.709,5.456,10.395,10.362,EssenceCatalog/problems/csplib-prob010-SocialGolfers/params/e242baded10039b15c9943d2fa9a763a.param
-0.998,-0.997,0.931,-0.727,0.988,-0.902,-0.982,-0.998,-0.951,0.925,0.994,0.947,-0.937,-0.973,0.973,-0.972,0.996,-0.775,0.996,0.998,-0.988,-0.885,-0.996,0.979,0.998,0.975,-0.999,-0.95,-0.728,0.987,-0.957,1.0,0.996,0.962,0.798,-0.792,0.974,0.553,-0.991,-0.95,0.997,-0.984,-0.863,-0.99,-0.948,0.873,-0.997,0.999,-0.987,-0.972,-0.987,0.998,-0.95,0.997,0.648,-0.995,0.97,0.917,-0.961,0.881,-0.939,-0.908,-0.989,0.976,-0.999,-0.995,0.859,-0.989,-0.997,-0.97,-0.888,-0.967,0.963,0.932,0.999,-0.974,0.916,-0.986,0.986,0.999,-0.505,-0.961,0.971,0.077,0.906,0.999,-0.987,0.851,0.995,-0.961,0.994,-0.949,-0.997,-0.986,-0.98,-0.996,-0.988,0.998,-0.984,-0.982,4.261,3.377,5.033,10.124,10.555,10.445,10.567,10.596,4.161,3.6,5.111,10.099,4.708,4.291,6.024,10.082,EssenceCatalog/problems/csplib-prob010-SocialGolfers/params/a406a01399f9ee5ce9eb47e433cdffb6.param
-0.998,-0.981,-0.949,-0.78,0.904,-0.967,-0.964,-0.999,0.952,0.89,0.99,0.673,-0.985,-0.939,0.908,0.986,0.995,-0.648,0.991,0.996,-0.981,0.995,-0.995,-0.989,0.963,0.831,-0.997,-0.84,-0.874,0.964,-0.974,0.994,0.995,-0.992,0.696,0.963,0.976,0.852,-0.963,0.862,0.996,-0.655,-0.8,-0.985,0.991,0.574,-0.997,0.997,0.99,-0.935,-0.988,0.992,-0.928,0.998,-0.986,-0.921,-0.16,0.247,-0.811,0.62,-0.979,-0.8,-0.973,0.977,-0.995,-0.994,-0.709,-0.958,-0.995,-0.981,-0.497,-0.648,0.823,0.972,0.997,-0.938,0.416,-0.944,0.846,0.98,-0.912,-0.898,0.905,-0.957,0.848,0.997,0.146,0.625,0.988,-0.861,0.994,0.963,-0.987,-0.995,0.526,-0.99,-0.994,0.993,-0.868,-0.96,6.593,4.919,10.48,10.414,10.436,10.488,10.439,10.432,6.011,5.1,10.484,10.428,6.294,6.041,10.49,10.413,EssenceCatalog/problems/csplib-prob010-SocialGolfers/params/b2a6feb365a2bed5e29aeec0bc5e0d5e.param
-0.997,-0.979,-0.934,-0.727,0.959,-0.96,-0.965,-0.998,0.959,0.867,0.988,0.529,-0.984,-0.924,0.881,0.983,0.995,-0.596,0.99,0.995,-0.978,0.991,-0.995,-0.989,0.968,0.859,-0.997,-0.82,-0.87,0.964,-0.972,0.992,0.993,-0.992,0.735,0.962,0.98,0.815,-0.944,0.84,0.996,-0.655,-0.85,-0.988,0.99,0.684,-0.997,0.996,0.99,-0.924,-0.985,0.992,-0.917,0.998,-0.985,-0.885,-0.252,0.701,-0.678,0.554,-0.971,-0.786,-0.968,0.974,-0.995,-0.993,-0.484,-0.951,-0.994,-0.975,-0.511,-0.828,0.734,0.975,0.996,-0.949,0.046,-0.948,0.795,0.973,-0.895,-0.857,0.877,-0.959,0.835,0.996,0.25,0.908,0.987,-0.898,0.993,0.957,-0.984,-0.993,0.379,-0.991,-0.994,0.991,-0.943,-0.957,6.111,4.828,10.455,10.367,10.392,10.415,10.38,10.373,5.768,4.997,10.456,10.378,6.034,5.816,10.45,10.387,EssenceCatalog/problems/csplib-prob010-SocialGolfers/params/428df39b33cc692747fbc150f4962e3b.param
-0.996,-0.975,-0.908,-0.756,0.961,-0.963,-0.979,-0.998,0.97,0.407,0.988,0.478,-0.989,-0.915,0.832,0.976,0.994,-0.591,0.991,0.994,-0.966,0.982,-0.996,-0.99,0.985,0.93,-0.996,-0.778,-0.905,0.961,-0.977,0.993,0.995,-0.99,0.843,0.972,0.986,0.813,-0.936,0.897,0.995,-0.783,-0.924,-0.991,0.986,0.923,-0.996,0.995,0.991,-0.945,-0.986,0.993,-0.902,0.998,-0.978,-0.874,0.484,0.751,-0.534,0.482,-0.967,-0.792,-0.951,0.972,-0.995,-0.993,-0.46,-0.948,-0.993,-0.974,-0.663,-0.911,0.632,0.984,0.996,-0.975,0.114,-0.971,0.67,0.959,-0.899,-0.757,0.841,-0.965,0.824,0.996,0.78,0.967,0.989,-0.944,0.994,0.963,-0.987,-0.993,0.626,-0.993,-0.994,0.991,-0.923,-0.925,6.522,5.08,10.436,10.394,10.424,10.413,10.391,10.38,6.051,5.266,10.453,10.407,6.305,6.225,10.469,10.401,EssenceCatalog/problems/csplib-prob010-SocialGolfers/params/d844c350d5f9dd9b057e59f62478d660.param
