feat0,feat1,feat2,feat3,feat4,feat5,feat6,feat7,feat8,feat9,feat10,feat11,feat12,feat13,feat14,feat15,feat16,feat17,feat18,feat19,feat20,feat21,feat22,feat23,feat24,feat25,feat26,feat27,feat28,feat29,feat30,feat31,feat32,feat33,feat34,feat35,feat36,feat37,feat38,feat39,feat40,feat41,feat42,feat43,feat44,feat45,feat46,feat47,feat48,feat49,feat50,feat51,feat52,feat53,feat54,feat55,feat56,feat57,feat58,feat59,feat60,feat61,feat62,feat63,feat64,feat65,feat66,feat67,feat68,feat69,feat70,feat71,feat72,feat73,feat74,feat75,feat76,feat77,feat78,feat79,feat80,feat81,feat82,feat83,feat84,feat85,feat86,feat87,feat88,feat89,feat90,feat91,feat92,feat93,feat94,feat95,feat96,feat97,feat98,feat99,feat100,feat101,feat102,feat103,feat104,feat105,feat106,feat107,feat108,feat109,feat110,feat111,feat112,feat113,feat114,feat115,inst
0.98,0.969,0.971,-0.954,0.537,-0.909,-0.811,0.834,0.986,-0.834,-0.936,-0.813,0.997,-0.925,-0.992,0.974,0.978,0.91,0.964,0.931,-0.998,-0.059,0.989,0.979,0.946,0.934,-0.924,-0.866,0.928,-0.985,-0.786,0.417,0.976,-0.892,-0.349,0.945,0.74,-0.951,-0.765,0.648,0.917,0.991,0.592,0.879,0.333,-0.974,0.995,-0.952,0.937,0.994,-0.949,-0.98,-0.964,-0.488,-0.946,0.951,0.966,-0.886,0.985,-0.997,-0.937,0.979,0.993,0.849,0.954,-0.997,-0.686,-0.968,-0.983,0.774,-0.971,-0.992,-0.563,-0.931,0.528,-0.97,0.991,0.995,-0.994,0.935,0.991,0.992,-0.984,-0.874,-0.205,0.888,-0.979,-0.988,-0.999,-0.978,-0.986,-0.882,-0.942,0.973,-0.979,-0.979,-0.93,-0.842,-0.995,-0.031,6.194,5.127,10.399,10.403,10.392,10.395,10.357,10.377,5.881,5.284,10.362,10.406,6.201,6.103,10.4,10.405,EssenceCatalog/problems/csplib-prob010-SocialGolfers/params/277ba4da109a663977e6f4490a9a1c57.param
0.339,0.967,-0.99,-0.977,-0.986,-0.751,0.99,0.979,0.975,-0.927,-0.898,-0.941,0.991,-0.885,-0.997,0.966,0.985,0.97,-0.989,-0.76,-0.997,0.853,0.998,0.986,0.961,0.969,-0.977,-0.959,0.953,-0.989,-0.836,0.617,0.995,-0.96,0.772,-0.59,0.921,-0.961,-0.943,0.538,0.984,0.994,0.722,-0.978,-0.003,-0.994,0.998,-0.963,0.903,0.993,-0.942,-0.664,0.898,0.984,-0.987,0.973,0.991,-0.961,0.994,-0.994,-0.962,0.869,0.994,0.943,0.97,-0.997,0.97,-0.95,0.988,0.88,-0.923,-0.995,-0.95,-0.919,0.876,0.982,0.986,0.998,-0.987,-0.746,0.992,0.996,-0.983,-0.943,0.96,0.945,-0.992,-0.983,-0.994,-0.991,-0.991,-0.953,-0.982,0.43,-0.994,-0.986,0.945,-0.685,-0.994,0.915,3.978,3.365,4.812,9.972,10.322,10.306,10.45,10.533,3.985,3.516,4.827,10.001,4.564,4.127,5.757,9.984,EssenceCatalog/problems/csplib-prob010-SocialGolfers/params/aaca24b9c117681f5ef2489dc7dc5469.param
0.976,0.969,0.969,-0.946,0.57,-0.901,-0.805,0.838,0.987,-0.844,-0.94,-0.851,0.997,-0.915,-0.992,0.979,0.972,0.932,0.959,0.937,-0.998,-0.033,0.985,0.981,0.929,0.914,-0.919,-0.889,0.81,-0.985,-0.704,0.511,0.968,-0.872,-0.577,0.928,0.678,-0.949,-0.726,0.667,0.948,0.991,0.609,0.882,0.373,-0.969,0.994,-0.946,0.907,0.993,-0.93,-0.976,-0.956,-0.343,-0.946,0.963,0.958,-0.795,0.983,-0.997,-0.937,0.979,0.993,0.8,0.946,-0.997,-0.404,-0.957,-0.983,0.828,-0.97,-0.991,-0.714,-0.935,0.599,-0.968,0.991,0.994,-0.994,0.93,0.989,0.992,-0.985,-0.878,-0.038,0.858,-0.979,-0.987,-0.999,-0.978,-0.98,-0.869,-0.938,0.963,-0.968,-0.978,-0.902,-0.851,-0.995,0.111,5.94,4.971,10.38,10.397,10.385,10.391,10.358,10.369,5.728,5.122,10.35,10.396,6.045,5.839,10.372,10.389,EssenceCatalog/problems/csplib-prob010-SocialGolfers/params/ecd45e5c8c7e55f0a883730da912f155.param
0.971,0.969,0.97,-0.952,0.577,-0.896,-0.827,0.864,0.989,-0.814,-0.955,-0.858,0.997,-0.922,-0.992,0.983,0.969,0.943,0.964,0.957,-0.998,-0.333,0.989,0.982,0.95,0.919,-0.944,-0.887,0.464,-0.983,-0.666,0.671,0.968,-0.865,-0.852,0.93,0.762,-0.946,-0.677,0.612,0.965,0.989,0.633,0.923,0.294,-0.969,0.996,-0.952,0.894,0.992,-0.969,-0.978,-0.962,0.343,-0.973,0.958,0.961,-0.852,0.985,-0.996,-0.916,0.979,0.993,0.63,0.916,-0.996,0.038,-0.96,-0.983,0.833,-0.963,-0.991,-0.687,-0.934,0.561,-0.96,0.991,0.995,-0.994,0.921,0.987,0.993,-0.986,-0.885,0.434,0.862,-0.981,-0.986,-0.999,-0.981,-0.979,-0.872,-0.935,0.954,-0.969,-0.975,-0.846,-0.847,-0.995,0.18,5.345,4.655,10.335,10.377,10.378,10.379,10.336,10.322,5.334,4.783,10.301,10.372,5.611,5.382,10.322,10.373,EssenceCatalog/problems/csplib-prob010-SocialGolfers/params/4c4be36de0caf686f20346cb1c303d4a.param
0.979,0.968,0.966,-0.948,0.519,-0.91,-0.796,0.831,0.985,-0.844,-0.928,-0.824,0.997,-0.919,-0.992,0.975,0.977,0.912,0.959,0.921,-0.998,0.054,0.988,0.979,0.936,0.929,-0.913,-0.872,0.935,-0.986,-0.776,0.361,0.976,-0.888,-0.256,0.941,0.696,-0.952,-0.776,0.669,0.921,0.991,0.612,0.853,0.35,-0.974,0.994,-0.948,0.934,0.994,-0.929,-0.978,-0.959,-0.596,-0.933,0.956,0.964,-0.849,0.984,-0.997,-0.941,0.979,0.993,0.868,0.959,-0.997,-0.697,-0.966,-0.981,0.792,-0.973,-0.992,-0.633,-0.935,0.552,-0.968,0.99,0.994,-0.994,0.932,0.991,0.991,-0.984,-0.875,-0.316,0.878,-0.979,-0.988,-0.999,-0.977,-0.986,-0.878,-0.942,0.971,-0.977,-0.98,-0.932,-0.852,-0.995,0.011,6.3,5.166,10.381,10.399,10.391,10.387,10.349,10.377,5.95,5.327,10.351,10.401,6.269,6.15,10.392,10.403,EssenceCatalog/problems/csplib-prob010-SocialGolfers/params/3c2d844bd77969ff3d99a6cf436282b4.param
0.971,0.967,0.975,-0.955,0.635,-0.892,-0.86,0.861,0.99,-0.808,-0.961,-0.872,0.997,-0.922,-0.993,0.981,0.967,0.95,0.97,0.966,-0.997,-0.405,0.988,0.982,0.952,0.915,-0.95,-0.886,0.097,-0.981,-0.631,0.743,0.964,-0.857,-0.911,0.931,0.781,-0.943,-0.629,0.595,0.963,0.988,0.659,0.947,0.299,-0.967,0.996,-0.953,0.883,0.991,-0.973,-0.978,-0.966,0.556,-0.975,0.957,0.958,-0.844,0.984,-0.996,-0.903,0.979,0.992,0.515,0.899,-0.995,0.252,-0.955,-0.987,0.834,-0.962,-0.99,-0.688,-0.934,0.584,-0.965,0.991,0.995,-0.993,0.925,0.986,0.993,-0.986,-0.885,0.579,0.857,-0.98,-0.985,-0.998,-0.98,-0.975,-0.872,-0.934,0.951,-0.963,-0.972,-0.826,-0.849,-0.995,0.153,5.16,4.513,10.334,10.356,10.365,10.365,10.325,10.299,5.194,4.635,10.316,10.348,5.459,5.196,10.324,10.35,EssenceCatalog/problems/csplib-prob010-SocialGolfers/params/ddb174cf3f96d67afbcbeae80f9f04ef.param
0.965,0.977,0.984,-0.964,0.909,-0.887,-0.929,0.912,0.988,-0.946,-0.982,-0.969,0.998,-0.92,-0.997,0.708,0.986,0.97,0.975,0.975,-0.998,0.894,0.968,0.991,0.765,0.893,-0.956,-0.959,-0.704,-0.993,-0.388,0.954,0.93,-0.855,-0.488,0.877,0.81,-0.973,-0.827,0.92,0.46,0.988,0.816,0.967,0.903,-0.974,0.992,-0.956,0.776,0.994,0.077,-0.978,-0.866,-0.434,-0.608,0.981,0.969,0.685,0.986,-0.997,-0.951,0.987,0.996,0.758,0.931,-0.995,0.52,-0.916,-0.987,0.954,-0.985,-0.992,-0.968,-0.96,0.952,-0.985,0.991,0.999,-0.993,0.974,0.992,0.991,-0.99,-0.948,-0.277,0.862,-0.979,-0.993,-0.999,-0.983,-0.964,-0.937,-0.977,0.953,-0.899,-0.992,-0.691,-0.896,-0.998,-0.649,6.752,4.696,10.498,10.348,10.333,10.34,10.358,10.379,6.064,4.899,10.507,10.33,6.455,5.623,10.437,10.305,EssenceCatalog/problems/csplib-prob010-SocialGolfers/params/ffa2d8144c52b9f05ee22fb124f8ab50.param
0.99,0.988,0.993,-0.985,0.981,-0.967,-0.989,0.797,0.96,-0.946,-0.974,-0.847,0.999,-0.964,-0.997,-0.986,0.998,0.523,0.997,0.917,-0.999,0.98,0.991,0.915,0.941,0.977,-0.987,-0.957,0.995,-0.997,-0.974,0.97,0.993,-0.968,0.994,0.99,0.969,-0.992,-0.949,0.895,-0.998,0.985,0.965,0.985,0.968,-0.994,0.982,-0.975,0.991,0.996,0.956,-0.992,-0.942,-0.99,0.973,0.848,0.99,-0.865,0.993,-0.995,-0.968,0.988,0.998,0.978,0.983,-0.998,-0.997,-0.992,-0.989,0.844,-0.993,-0.998,-0.852,-0.96,0.974,-0.996,0.982,0.999,-0.988,0.994,0.997,0.963,-0.969,-0.979,-0.995,0.989,-0.977,-0.995,-0.999,-0.962,-0.997,-0.99,-0.996,0.998,-0.992,-0.995,-0.987,-0.934,-0.998,-0.992,9.623,5.808,10.462,10.376,10.382,10.363,10.452,10.397,7.547,6.079,10.473,10.346,7.97,7.83,10.463,10.384,EssenceCatalog/problems/csplib-prob010-SocialGolfers/params/b07d12c3e0e0009cf8f0631447f70c5b.param
0.574,0.935,-0.995,-0.983,-0.989,-0.767,0.999,0.984,0.985,-0.971,-0.948,-0.933,0.997,-0.953,-0.998,0.995,0.145,0.986,-0.999,-0.99,-0.996,0.875,0.952,0.99,0.976,0.982,-0.985,-0.978,0.823,-0.99,0.232,0.908,0.764,-0.974,0.455,-0.865,0.972,-0.961,-0.955,0.894,0.94,0.994,-0.26,-0.999,0.506,-0.925,0.926,-0.369,-0.424,0.696,-0.98,0.912,0.979,0.969,-0.992,0.984,0.701,-0.824,-0.146,-0.998,-0.97,0.866,0.794,0.892,0.975,-0.999,0.973,-0.728,1.0,0.944,-0.883,-0.759,-0.946,-0.963,0.78,0.997,0.954,0.715,-0.993,-0.974,0.02,0.998,-0.992,-0.928,0.997,0.972,-0.791,-0.992,-0.997,-0.976,-0.685,0.071,-0.341,-0.886,-0.966,-0.995,0.969,-0.893,-0.996,0.98,3.138,2.585,3.402,8.696,8.786,8.453,8.979,9.924,3.116,2.796,3.372,8.6,3.714,3.167,4.308,8.771,EssenceCatalog/problems/csplib-prob010-SocialGolfers/params/ord08-17-9-2.param
0.287,0.955,-0.99,-0.976,-0.991,-0.709,0.986,0.977,0.959,-0.924,-0.857,-0.94,0.988,-0.845,-0.996,0.921,0.982,0.943,-0.983,-0.628,-0.995,0.93,0.999,0.978,0.955,0.961,-0.969,-0.944,0.985,-0.988,-0.875,0.389,0.997,-0.962,0.914,-0.359,0.912,-0.963,-0.952,0.438,0.918,0.991,0.773,-0.972,-0.04,-0.994,0.998,-0.935,0.944,0.993,-0.93,-0.776,0.853,0.957,-0.979,0.951,0.991,-0.948,0.991,-0.991,-0.958,0.887,0.99,0.96,0.977,-0.996,0.868,-0.971,0.988,0.797,-0.935,-0.995,-0.928,-0.928,0.828,0.978,0.983,0.997,-0.981,-0.714,0.99,0.993,-0.971,-0.928,0.863,0.944,-0.991,-0.973,-0.991,-0.988,-0.994,-0.95,-0.976,0.431,-0.995,-0.983,0.91,-0.644,-0.992,0.788,4.061,3.421,4.841,9.901,10.228,10.228,10.333,10.396,4.044,3.551,4.858,9.943,4.604,4.221,5.775,9.912,EssenceCatalog/problems/csplib-prob010-SocialGolfers/params/c848d743c323662bfa4dc73851baebcb.param
0.978,0.968,0.974,-0.953,0.563,-0.902,-0.827,0.836,0.987,-0.82,-0.943,-0.826,0.997,-0.926,-0.992,0.975,0.974,0.924,0.968,0.945,-0.998,-0.175,0.988,0.98,0.947,0.927,-0.931,-0.868,0.83,-0.984,-0.746,0.526,0.972,-0.88,-0.613,0.94,0.755,-0.948,-0.725,0.622,0.93,0.99,0.604,0.909,0.314,-0.97,0.995,-0.952,0.923,0.993,-0.957,-0.979,-0.965,-0.204,-0.956,0.952,0.962,-0.874,0.984,-0.996,-0.926,0.98,0.993,0.784,0.941,-0.997,-0.501,-0.963,-0.985,0.781,-0.968,-0.991,-0.579,-0.929,0.527,-0.971,0.991,0.994,-0.994,0.933,0.989,0.992,-0.984,-0.872,0.047,0.878,-0.979,-0.987,-0.999,-0.978,-0.983,-0.874,-0.937,0.968,-0.974,-0.976,-0.909,-0.839,-0.994,0.003,5.877,4.967,10.393,10.389,10.373,10.384,10.344,10.352,5.677,5.112,10.35,10.388,5.994,5.856,10.374,10.383,EssenceCatalog/problems/csplib-prob010-SocialGolfers/params/22bcfb519042a71c39552f8248e87ff0.param
0.319,0.959,-0.995,-0.978,-0.992,-0.724,0.994,0.981,0.967,-0.934,-0.862,-0.942,0.99,-0.878,-0.997,0.953,0.975,0.958,-0.993,-0.855,-0.996,0.922,0.998,0.985,0.96,0.968,-0.974,-0.954,0.983,-0.989,-0.865,0.485,0.995,-0.967,0.908,-0.587,0.927,-0.964,-0.956,0.495,0.953,0.993,0.722,-0.988,0.058,-0.993,0.997,-0.939,0.91,0.99,-0.946,-0.521,0.928,0.97,-0.981,0.967,0.987,-0.957,0.989,-0.993,-0.963,0.855,0.99,0.961,0.979,-0.997,0.922,-0.959,0.994,0.85,-0.929,-0.994,-0.944,-0.932,0.846,0.989,0.982,0.995,-0.985,-0.846,0.985,0.995,-0.978,-0.932,0.926,0.952,-0.988,-0.977,-0.992,-0.989,-0.991,-0.936,-0.975,0.222,-0.995,-0.986,0.945,-0.706,-0.993,0.878,3.997,3.361,4.665,9.896,10.26,10.224,10.374,10.474,3.981,3.507,4.678,9.934,4.564,4.135,5.617,9.913,EssenceCatalog/problems/csplib-prob010-SocialGolfers/params/738cca69d0202b1e10d4b9e5fb607780.param
0.982,0.969,0.973,-0.954,0.555,-0.911,-0.829,0.818,0.984,-0.836,-0.929,-0.793,0.997,-0.926,-0.991,0.963,0.981,0.893,0.968,0.927,-0.998,0.028,0.989,0.976,0.943,0.938,-0.92,-0.851,0.96,-0.986,-0.819,0.347,0.978,-0.897,-0.083,0.952,0.746,-0.952,-0.786,0.66,0.871,0.991,0.602,0.879,0.349,-0.975,0.994,-0.953,0.948,0.994,-0.937,-0.981,-0.966,-0.654,-0.924,0.944,0.968,-0.898,0.985,-0.997,-0.938,0.979,0.994,0.883,0.961,-0.997,-0.809,-0.97,-0.984,0.742,-0.973,-0.993,-0.503,-0.929,0.523,-0.974,0.991,0.995,-0.994,0.943,0.992,0.991,-0.982,-0.87,-0.414,0.894,-0.978,-0.988,-0.999,-0.976,-0.988,-0.892,-0.947,0.978,-0.981,-0.98,-0.945,-0.841,-0.995,-0.159,6.476,5.245,10.409,10.404,10.399,10.392,10.355,10.378,6.047,5.412,10.375,10.406,6.367,6.316,10.423,10.409,EssenceCatalog/problems/csplib-prob010-SocialGolfers/params/d10b8d5dc0eaa3fbb24870b330b8b364.param
0.99,0.98,0.989,-0.989,0.982,-0.963,-0.977,0.841,0.972,-0.957,-0.985,-0.842,0.999,-0.966,-0.998,-0.987,0.998,0.514,0.994,0.912,-0.999,0.977,0.983,0.942,0.944,0.981,-0.99,-0.956,0.981,-0.997,-0.94,0.984,0.992,-0.974,0.99,0.982,0.98,-0.99,-0.952,0.899,-0.998,0.986,0.947,0.977,0.972,-0.994,0.983,-0.982,0.984,0.996,0.887,-0.985,-0.889,-0.961,0.926,0.788,0.991,-0.916,0.992,-0.995,-0.959,0.986,0.998,0.968,0.976,-0.998,-0.986,-0.988,-0.977,0.854,-0.99,-0.998,-0.817,-0.937,0.98,-0.995,0.987,0.999,-0.989,0.994,0.997,0.978,-0.974,-0.975,-0.983,0.99,-0.976,-0.995,-0.999,-0.962,-0.997,-0.988,-0.996,0.997,-0.992,-0.996,-0.947,-0.881,-0.999,-0.99,9.565,5.782,10.436,10.359,10.377,10.357,10.443,10.389,7.511,6.055,10.447,10.334,7.927,7.81,10.443,10.372,EssenceCatalog/problems/csplib-prob010-SocialGolfers/params/3cb675d3002db59189db8f4f98a4b111.param
0.966,0.976,0.983,-0.962,0.879,-0.886,-0.918,0.903,0.987,-0.945,-0.976,-0.96,0.999,-0.917,-0.997,0.729,0.982,0.965,0.973,0.969,-0.998,0.896,0.968,0.99,0.761,0.895,-0.949,-0.956,-0.382,-0.992,-0.463,0.931,0.94,-0.861,-0.266,0.883,0.782,-0.973,-0.835,0.907,0.374,0.988,0.794,0.954,0.891,-0.972,0.99,-0.949,0.791,0.993,0.067,-0.976,-0.867,-0.618,-0.559,0.979,0.963,0.63,0.983,-0.997,-0.953,0.987,0.996,0.801,0.943,-0.995,0.231,-0.924,-0.986,0.944,-0.986,-0.992,-0.96,-0.96,0.939,-0.984,0.99,0.998,-0.993,0.971,0.99,0.991,-0.989,-0.937,-0.429,0.864,-0.976,-0.992,-0.999,-0.979,-0.967,-0.923,-0.973,0.952,-0.908,-0.991,-0.758,-0.897,-0.998,-0.608,7.036,4.863,10.487,10.348,10.328,10.32,10.343,10.384,6.245,5.073,10.486,10.329,6.639,5.873,10.422,10.313,EssenceCatalog/problems/csplib-prob010-SocialGolfers/params/18227a3ee903af9b7f539f7e228029d7.param
0.959,0.972,0.984,-0.963,0.899,-0.86,-0.922,0.898,0.987,-0.921,-0.98,-0.957,0.998,-0.909,-0.996,0.754,0.978,0.96,0.974,0.978,-0.998,0.762,0.969,0.987,0.825,0.883,-0.957,-0.938,-0.829,-0.989,-0.288,0.959,0.908,-0.835,-0.744,0.866,0.818,-0.959,-0.741,0.877,0.539,0.983,0.764,0.965,0.861,-0.965,0.99,-0.954,0.707,0.991,-0.435,-0.972,-0.89,0.114,-0.802,0.97,0.961,0.337,0.98,-0.996,-0.921,0.984,0.995,0.537,0.889,-0.992,0.643,-0.9,-0.986,0.929,-0.973,-0.989,-0.943,-0.938,0.926,-0.981,0.989,0.998,-0.991,0.971,0.987,0.991,-0.988,-0.932,0.17,0.843,-0.974,-0.988,-0.998,-0.979,-0.952,-0.922,-0.965,0.94,-0.896,-0.987,-0.541,-0.839,-0.998,-0.591,6.012,4.425,10.436,10.314,10.33,10.344,10.34,10.351,5.616,4.611,10.444,10.295,5.973,5.257,10.384,10.274,EssenceCatalog/problems/csplib-prob010-SocialGolfers/params/ec0a5673c04f635f07ff85f53e0bcf7a.param
0.987,0.969,0.988,-0.985,0.901,-0.93,-0.965,0.798,0.962,-0.867,-0.963,-0.646,0.998,-0.95,-0.995,-0.742,0.996,0.496,0.993,0.956,-0.999,0.767,0.995,0.927,0.967,0.967,-0.984,-0.809,0.991,-0.993,-0.951,0.9,0.993,-0.956,0.944,0.987,0.956,-0.978,-0.9,0.683,-0.98,0.983,0.877,0.964,0.838,-0.99,0.988,-0.978,0.989,0.995,-0.602,-0.99,-0.97,-0.78,-0.02,0.591,0.989,-0.984,0.988,-0.993,-0.904,0.983,0.998,0.934,0.967,-0.997,-0.989,-0.99,-0.984,0.406,-0.982,-0.996,-0.18,-0.897,0.854,-0.99,0.988,0.998,-0.99,0.984,0.995,0.984,-0.969,-0.93,-0.911,0.982,-0.978,-0.99,-0.999,-0.964,-0.997,-0.97,-0.986,0.995,-0.994,-0.989,-0.959,-0.835,-0.997,-0.97,8.695,5.612,10.343,10.252,10.241,10.293,10.297,10.28,7.036,5.854,10.336,10.237,7.386,7.635,10.359,10.288,EssenceCatalog/problems/csplib-prob010-SocialGolfers/params/5547042f1c9a1728ddff0060e154bda8.param
0.977,0.969,0.969,-0.948,0.561,-0.902,-0.804,0.838,0.986,-0.841,-0.938,-0.842,0.997,-0.916,-0.992,0.977,0.974,0.925,0.96,0.936,-0.998,-0.007,0.986,0.981,0.931,0.918,-0.919,-0.881,0.851,-0.985,-0.719,0.494,0.97,-0.878,-0.498,0.932,0.692,-0.95,-0.737,0.666,0.936,0.99,0.602,0.877,0.381,-0.97,0.994,-0.946,0.913,0.993,-0.93,-0.977,-0.956,-0.408,-0.944,0.959,0.96,-0.809,0.983,-0.997,-0.934,0.979,0.993,0.818,0.947,-0.997,-0.492,-0.959,-0.982,0.816,-0.97,-0.991,-0.68,-0.932,0.591,-0.968,0.99,0.994,-0.994,0.933,0.989,0.992,-0.985,-0.877,-0.123,0.866,-0.979,-0.987,-0.999,-0.977,-0.982,-0.874,-0.938,0.965,-0.971,-0.979,-0.909,-0.846,-0.995,0.062,6.051,5.026,10.387,10.4,10.39,10.393,10.358,10.374,5.794,5.181,10.355,10.399,6.112,5.933,10.382,10.395,EssenceCatalog/problems/csplib-prob010-SocialGolfers/params/b19e911a4b1ae9864c36275a33d0d846.param
0.977,0.969,0.973,-0.956,0.562,-0.904,-0.828,0.843,0.988,-0.817,-0.947,-0.826,0.997,-0.928,-0.992,0.978,0.974,0.926,0.967,0.947,-0.998,-0.24,0.989,0.98,0.952,0.929,-0.937,-0.868,0.812,-0.984,-0.745,0.554,0.972,-0.883,-0.662,0.942,0.769,-0.949,-0.721,0.614,0.938,0.99,0.608,0.91,0.303,-0.971,0.995,-0.953,0.922,0.993,-0.965,-0.98,-0.965,-0.096,-0.964,0.95,0.964,-0.891,0.985,-0.996,-0.924,0.979,0.993,0.769,0.938,-0.997,-0.453,-0.965,-0.984,0.787,-0.967,-0.992,-0.57,-0.93,0.512,-0.969,0.991,0.995,-0.994,0.93,0.989,0.993,-0.985,-0.875,0.124,0.882,-0.979,-0.987,-0.999,-0.98,-0.984,-0.877,-0.936,0.967,-0.976,-0.977,-0.903,-0.839,-0.994,0.038,5.782,4.927,10.39,10.396,10.381,10.391,10.35,10.354,5.619,5.069,10.346,10.393,5.93,5.793,10.37,10.389,EssenceCatalog/problems/csplib-prob010-SocialGolfers/params/39002562febaca11bbae22c5d0d7b025.param
0.983,0.969,0.973,-0.955,0.56,-0.914,-0.829,0.809,0.983,-0.838,-0.926,-0.784,0.997,-0.928,-0.991,0.96,0.982,0.883,0.969,0.918,-0.998,0.051,0.989,0.975,0.945,0.941,-0.917,-0.849,0.972,-0.986,-0.837,0.301,0.979,-0.902,0.045,0.955,0.753,-0.953,-0.8,0.669,0.851,0.991,0.604,0.871,0.356,-0.976,0.994,-0.953,0.953,0.994,-0.934,-0.981,-0.967,-0.722,-0.916,0.942,0.968,-0.907,0.985,-0.997,-0.942,0.979,0.994,0.897,0.964,-0.998,-0.856,-0.971,-0.984,0.731,-0.973,-0.993,-0.476,-0.93,0.516,-0.975,0.991,0.995,-0.994,0.944,0.992,0.99,-0.982,-0.868,-0.487,0.9,-0.977,-0.989,-0.999,-0.975,-0.989,-0.894,-0.948,0.979,-0.982,-0.98,-0.953,-0.847,-0.995,-0.202,6.588,5.293,10.405,10.405,10.404,10.389,10.357,10.382,6.115,5.463,10.375,10.407,6.433,6.403,10.427,10.413,EssenceCatalog/problems/csplib-prob010-SocialGolfers/params/98c40fbcdabdecee4c5f022562b9f804.param
0.987,0.973,0.99,-0.985,0.939,-0.936,-0.976,0.791,0.959,-0.89,-0.968,-0.688,0.998,-0.949,-0.995,-0.91,0.997,0.47,0.995,0.961,-0.999,0.878,0.995,0.915,0.957,0.966,-0.986,-0.856,0.99,-0.994,-0.952,0.937,0.993,-0.956,0.969,0.988,0.958,-0.982,-0.91,0.735,-0.992,0.98,0.904,0.977,0.896,-0.992,0.986,-0.978,0.99,0.995,-0.032,-0.991,-0.962,-0.86,0.506,0.588,0.991,-0.975,0.99,-0.992,-0.914,0.984,0.998,0.942,0.968,-0.997,-0.99,-0.99,-0.986,0.523,-0.985,-0.997,-0.393,-0.902,0.916,-0.993,0.986,0.998,-0.988,0.989,0.996,0.98,-0.966,-0.948,-0.953,0.984,-0.981,-0.991,-0.998,-0.962,-0.997,-0.979,-0.991,0.996,-0.993,-0.991,-0.96,-0.841,-0.997,-0.981,9.062,5.667,10.33,10.227,10.228,10.25,10.29,10.246,7.21,5.921,10.327,10.2,7.59,7.715,10.332,10.251,EssenceCatalog/problems/csplib-prob010-SocialGolfers/params/f08d945e9f73ef738962aa955402334d.param
0.988,0.985,0.992,-0.984,0.97,-0.961,-0.986,0.793,0.957,-0.935,-0.97,-0.814,0.998,-0.957,-0.996,-0.977,0.998,0.537,0.997,0.945,-0.999,0.967,0.993,0.914,0.941,0.973,-0.985,-0.94,0.994,-0.996,-0.966,0.958,0.993,-0.964,0.991,0.989,0.96,-0.99,-0.94,0.854,-0.997,0.983,0.949,0.984,0.953,-0.994,0.984,-0.975,0.991,0.996,0.889,-0.992,-0.949,-0.981,0.94,0.791,0.991,-0.901,0.992,-0.994,-0.956,0.987,0.998,0.973,0.98,-0.998,-0.996,-0.991,-0.99,0.773,-0.991,-0.998,-0.761,-0.946,0.965,-0.996,0.983,0.999,-0.987,0.994,0.997,0.967,-0.966,-0.973,-0.992,0.987,-0.98,-0.994,-0.999,-0.961,-0.998,-0.988,-0.996,0.998,-0.992,-0.993,-0.982,-0.913,-0.998,-0.989,9.543,5.779,10.42,10.328,10.336,10.317,10.4,10.342,7.491,6.049,10.425,10.295,7.908,7.806,10.419,10.334,EssenceCatalog/problems/csplib-prob010-SocialGolfers/params/45c6cebfa8dc5d38095c8fdb2b4a1767.param
0.973,0.97,0.97,-0.951,0.59,-0.898,-0.813,0.854,0.988,-0.835,-0.951,-0.861,0.997,-0.918,-0.992,0.981,0.969,0.941,0.961,0.95,-0.998,-0.176,0.986,0.983,0.938,0.911,-0.933,-0.893,0.607,-0.984,-0.656,0.631,0.964,-0.866,-0.765,0.924,0.723,-0.948,-0.696,0.651,0.958,0.99,0.614,0.904,0.366,-0.967,0.995,-0.947,0.888,0.992,-0.95,-0.976,-0.956,0.023,-0.962,0.962,0.958,-0.802,0.983,-0.997,-0.926,0.979,0.992,0.714,0.929,-0.996,-0.114,-0.955,-0.983,0.841,-0.967,-0.99,-0.72,-0.934,0.599,-0.964,0.991,0.995,-0.994,0.927,0.988,0.993,-0.986,-0.883,0.241,0.857,-0.979,-0.987,-0.999,-0.98,-0.977,-0.866,-0.933,0.955,-0.965,-0.977,-0.867,-0.851,-0.995,0.162,5.598,4.779,10.36,10.392,10.389,10.392,10.357,10.354,5.504,4.92,10.329,10.389,5.8,5.558,10.348,10.384,EssenceCatalog/problems/csplib-prob010-SocialGolfers/params/3b7f19052375307398fdba7e1a5062b0.param
0.955,0.969,0.979,-0.959,0.859,-0.853,-0.907,0.886,0.988,-0.86,-0.977,-0.941,0.997,-0.899,-0.995,0.929,0.967,0.958,0.972,0.98,-0.997,0.087,0.978,0.985,0.901,0.874,-0.956,-0.913,-0.876,-0.984,-0.308,0.937,0.916,-0.814,-0.944,0.881,0.786,-0.936,-0.567,0.772,0.912,0.982,0.736,0.969,0.658,-0.96,0.993,-0.953,0.716,0.989,-0.888,-0.971,-0.935,0.738,-0.951,0.963,0.958,-0.32,0.982,-0.994,-0.878,0.977,0.994,0.16,0.832,-0.99,0.803,-0.908,-0.988,0.902,-0.956,-0.988,-0.89,-0.929,0.837,-0.97,0.989,0.997,-0.991,0.956,0.984,0.992,-0.987,-0.918,0.689,0.802,-0.977,-0.983,-0.998,-0.979,-0.948,-0.901,-0.95,0.927,-0.918,-0.978,-0.487,-0.818,-0.996,-0.182,5.08,4.188,10.315,10.287,10.337,10.323,10.322,10.291,5.093,4.315,10.324,10.272,5.363,4.824,10.293,10.276,EssenceCatalog/problems/csplib-prob010-SocialGolfers/params/38821fd9370b51c0fe558b3d3bb5f4f6.param
0.978,0.967,0.974,-0.951,0.577,-0.901,-0.824,0.83,0.985,-0.831,-0.936,-0.825,0.997,-0.92,-0.991,0.968,0.977,0.921,0.966,0.943,-0.998,-0.01,0.987,0.979,0.935,0.922,-0.922,-0.866,0.872,-0.985,-0.738,0.488,0.969,-0.88,-0.46,0.937,0.72,-0.946,-0.728,0.657,0.914,0.99,0.586,0.897,0.375,-0.971,0.994,-0.95,0.919,0.993,-0.934,-0.978,-0.96,-0.416,-0.938,0.953,0.963,-0.839,0.984,-0.996,-0.93,0.979,0.993,0.822,0.946,-0.996,-0.567,-0.961,-0.984,0.781,-0.969,-0.992,-0.608,-0.921,0.573,-0.973,0.991,0.995,-0.994,0.942,0.99,0.992,-0.984,-0.875,-0.148,0.87,-0.978,-0.987,-0.999,-0.976,-0.983,-0.884,-0.941,0.97,-0.972,-0.978,-0.913,-0.831,-0.995,-0.053,6.121,5.059,10.401,10.392,10.382,10.389,10.349,10.364,5.827,5.216,10.363,10.393,6.147,6.006,10.393,10.389,EssenceCatalog/problems/csplib-prob010-SocialGolfers/params/b96db2a0c75e8b0d5f46f523fe6e0aa4.param
0.972,0.97,0.97,-0.949,0.581,-0.898,-0.814,0.856,0.989,-0.835,-0.95,-0.865,0.997,-0.916,-0.992,0.982,0.968,0.943,0.961,0.951,-0.998,-0.186,0.987,0.983,0.937,0.911,-0.933,-0.895,0.563,-0.984,-0.657,0.634,0.965,-0.863,-0.788,0.924,0.717,-0.948,-0.692,0.649,0.961,0.99,0.623,0.907,0.359,-0.967,0.995,-0.947,0.887,0.992,-0.951,-0.976,-0.956,0.073,-0.963,0.964,0.957,-0.789,0.983,-0.997,-0.925,0.98,0.992,0.698,0.926,-0.996,-0.06,-0.956,-0.983,0.846,-0.967,-0.99,-0.732,-0.937,0.598,-0.963,0.991,0.995,-0.993,0.924,0.987,0.993,-0.986,-0.885,0.271,0.853,-0.98,-0.987,-0.999,-0.98,-0.977,-0.865,-0.932,0.954,-0.964,-0.976,-0.864,-0.854,-0.995,0.181,5.546,4.749,10.353,10.388,10.384,10.388,10.351,10.347,5.47,4.887,10.322,10.384,5.763,5.51,10.34,10.38,EssenceCatalog/problems/csplib-prob010-SocialGolfers/params/6d5a4104066b80d50cf17762e4aed8a2.param
0.983,0.968,0.972,-0.956,0.563,-0.913,-0.82,0.817,0.984,-0.835,-0.93,-0.787,0.997,-0.929,-0.992,0.964,0.981,0.891,0.966,0.922,-0.998,0.014,0.988,0.977,0.947,0.941,-0.92,-0.85,0.964,-0.986,-0.819,0.344,0.978,-0.901,-0.045,0.951,0.76,-0.952,-0.793,0.669,0.87,0.991,0.596,0.868,0.348,-0.976,0.995,-0.954,0.948,0.994,-0.94,-0.98,-0.966,-0.663,-0.929,0.942,0.969,-0.91,0.985,-0.997,-0.941,0.978,0.994,0.888,0.963,-0.997,-0.826,-0.97,-0.983,0.736,-0.972,-0.993,-0.491,-0.927,0.52,-0.975,0.991,0.995,-0.995,0.943,0.992,0.991,-0.982,-0.871,-0.395,0.899,-0.977,-0.989,-0.999,-0.976,-0.988,-0.893,-0.946,0.978,-0.982,-0.98,-0.945,-0.839,-0.995,-0.161,6.483,5.251,10.404,10.405,10.404,10.394,10.361,10.385,6.054,5.42,10.371,10.409,6.37,6.329,10.422,10.411,EssenceCatalog/problems/csplib-prob010-SocialGolfers/params/7a3507ffc71a685a7ffa520283d34577.param
0.981,0.967,0.969,-0.946,0.587,-0.909,-0.812,0.811,0.983,-0.846,-0.924,-0.826,0.997,-0.917,-0.991,0.97,0.98,0.908,0.962,0.921,-0.998,0.138,0.984,0.978,0.929,0.925,-0.906,-0.868,0.947,-0.987,-0.773,0.328,0.972,-0.888,-0.118,0.938,0.674,-0.95,-0.764,0.7,0.91,0.991,0.584,0.855,0.391,-0.974,0.994,-0.948,0.932,0.994,-0.909,-0.977,-0.959,-0.712,-0.918,0.956,0.966,-0.837,0.984,-0.997,-0.943,0.978,0.993,0.883,0.961,-0.997,-0.748,-0.96,-0.983,0.782,-0.971,-0.993,-0.635,-0.929,0.577,-0.974,0.991,0.995,-0.994,0.942,0.992,0.99,-0.983,-0.876,-0.412,0.872,-0.977,-0.989,-0.999,-0.974,-0.985,-0.894,-0.947,0.974,-0.975,-0.98,-0.937,-0.841,-0.995,-0.054,6.466,5.225,10.391,10.398,10.399,10.386,10.354,10.382,6.05,5.393,10.363,10.4,6.368,6.252,10.409,10.402,EssenceCatalog/problems/csplib-prob010-SocialGolfers/params/2ff98ef1567b1f9e43e03c2b7b03786c.param
0.967,0.968,0.97,-0.955,0.657,-0.882,-0.853,0.874,0.989,-0.806,-0.962,-0.884,0.997,-0.918,-0.993,0.98,0.969,0.955,0.964,0.969,-0.997,-0.344,0.989,0.983,0.948,0.91,-0.951,-0.889,-0.135,-0.981,-0.559,0.774,0.961,-0.852,-0.926,0.921,0.768,-0.94,-0.606,0.626,0.97,0.988,0.669,0.944,0.328,-0.97,0.996,-0.954,0.866,0.991,-0.969,-0.979,-0.961,0.651,-0.976,0.959,0.963,-0.821,0.986,-0.996,-0.9,0.978,0.993,0.485,0.89,-0.994,0.452,-0.952,-0.985,0.848,-0.958,-0.99,-0.744,-0.925,0.635,-0.96,0.991,0.996,-0.993,0.927,0.987,0.994,-0.987,-0.894,0.639,0.844,-0.982,-0.985,-0.998,-0.982,-0.974,-0.89,-0.94,0.947,-0.962,-0.974,-0.762,-0.838,-0.995,0.172,5.059,4.421,10.311,10.347,10.374,10.368,10.333,10.293,5.128,4.54,10.305,10.339,5.381,5.071,10.312,10.342,EssenceCatalog/problems/csplib-prob010-SocialGolfers/params/3756d48847ddf0d87a9f816c5a6bcf5c.param
0.972,0.952,0.987,-0.976,0.851,-0.889,-0.949,0.84,0.971,-0.881,-0.967,-0.817,0.998,-0.926,-0.994,-0.359,0.99,0.763,0.99,0.979,-0.998,0.717,0.99,0.954,0.929,0.944,-0.973,-0.801,0.775,-0.989,-0.809,0.922,0.983,-0.912,0.569,0.958,0.917,-0.965,-0.848,0.692,-0.904,0.972,0.802,0.965,0.807,-0.977,0.986,-0.972,0.951,0.992,-0.734,-0.984,-0.939,-0.335,-0.595,0.74,0.979,-0.852,0.979,-0.991,-0.855,0.985,0.997,0.81,0.924,-0.993,-0.84,-0.969,-0.987,0.606,-0.975,-0.993,-0.454,-0.893,0.838,-0.989,0.984,0.998,-0.986,0.979,0.99,0.985,-0.97,-0.913,-0.632,0.946,-0.977,-0.982,-0.998,-0.958,-0.991,-0.943,-0.975,0.984,-0.979,-0.983,-0.838,-0.735,-0.996,-0.924,8.065,5.394,10.405,10.306,10.304,10.351,10.305,10.352,6.704,5.615,10.385,10.302,7.051,7.185,10.403,10.351,EssenceCatalog/problems/csplib-prob010-SocialGolfers/params/ddd07084685e31b1659ca92227c9165e.param
0.96,0.971,0.972,-0.954,0.754,-0.868,-0.855,0.88,0.988,-0.844,-0.966,-0.914,0.997,-0.906,-0.994,0.971,0.967,0.957,0.963,0.97,-0.997,-0.113,0.982,0.985,0.914,0.877,-0.945,-0.909,-0.511,-0.983,-0.44,0.861,0.936,-0.833,-0.923,0.89,0.734,-0.939,-0.591,0.704,0.964,0.986,0.67,0.944,0.498,-0.965,0.995,-0.95,0.781,0.991,-0.927,-0.972,-0.94,0.621,-0.965,0.967,0.959,-0.596,0.985,-0.995,-0.897,0.976,0.993,0.416,0.876,-0.993,0.675,-0.927,-0.984,0.887,-0.958,-0.989,-0.849,-0.925,0.757,-0.961,0.99,0.996,-0.992,0.94,0.987,0.993,-0.988,-0.906,0.622,0.808,-0.981,-0.984,-0.998,-0.981,-0.962,-0.893,-0.945,0.935,-0.943,-0.976,-0.657,-0.822,-0.995,0.112,5.065,4.312,10.297,10.319,10.361,10.349,10.334,10.293,5.12,4.435,10.302,10.306,5.377,4.935,10.295,10.307,EssenceCatalog/problems/csplib-prob010-SocialGolfers/params/45c3df5dd995a6b83cbc02475b9d574d.param
0.979,0.969,0.972,-0.954,0.554,-0.907,-0.809,0.838,0.987,-0.83,-0.941,-0.823,0.997,-0.926,-0.992,0.978,0.976,0.921,0.964,0.937,-0.998,-0.146,0.988,0.98,0.948,0.932,-0.929,-0.874,0.879,-0.985,-0.759,0.483,0.973,-0.888,-0.529,0.941,0.749,-0.95,-0.745,0.641,0.936,0.991,0.591,0.888,0.329,-0.972,0.995,-0.952,0.927,0.993,-0.956,-0.978,-0.963,-0.323,-0.957,0.954,0.964,-0.882,0.984,-0.997,-0.934,0.979,0.993,0.81,0.947,-0.997,-0.569,-0.964,-0.983,0.792,-0.968,-0.992,-0.595,-0.931,0.528,-0.969,0.991,0.995,-0.994,0.931,0.99,0.992,-0.985,-0.876,-0.012,0.885,-0.978,-0.988,-0.999,-0.979,-0.984,-0.876,-0.938,0.97,-0.976,-0.978,-0.916,-0.844,-0.995,0.038,5.968,5.022,10.395,10.404,10.39,10.398,10.362,10.376,5.744,5.171,10.355,10.406,6.063,5.933,10.385,10.401,EssenceCatalog/problems/csplib-prob010-SocialGolfers/params/9a316310672c7495b642ec3742b3e635.param
0.433,0.964,-0.991,-0.981,-0.991,-0.731,0.99,0.98,0.967,-0.94,-0.868,-0.944,0.991,-0.88,-0.997,0.924,0.979,0.948,-0.988,-0.791,-0.996,0.939,0.999,0.981,0.962,0.971,-0.973,-0.951,0.99,-0.99,-0.898,0.487,0.997,-0.971,0.937,-0.368,0.936,-0.969,-0.96,0.512,0.897,0.993,0.803,-0.983,0.095,-0.994,0.997,-0.929,0.943,0.992,-0.924,-0.693,0.893,0.947,-0.972,0.962,0.989,-0.953,0.99,-0.994,-0.966,0.891,0.99,0.967,0.983,-0.997,0.836,-0.973,0.992,0.829,-0.948,-0.995,-0.941,-0.942,0.85,0.983,0.983,0.996,-0.987,-0.76,0.986,0.994,-0.976,-0.934,0.853,0.957,-0.988,-0.98,-0.993,-0.989,-0.994,-0.943,-0.976,0.357,-0.996,-0.988,0.899,-0.7,-0.993,0.787,4.143,3.455,4.861,9.973,10.321,10.303,10.425,10.521,4.109,3.599,4.878,10.024,4.674,4.27,5.797,9.992,EssenceCatalog/problems/csplib-prob010-SocialGolfers/params/2fd66c494d39f150720bfecda2a42e2b.param
0.973,0.97,0.965,-0.945,0.613,-0.895,-0.8,0.856,0.987,-0.844,-0.946,-0.878,0.997,-0.908,-0.992,0.982,0.974,0.943,0.954,0.946,-0.998,-0.062,0.984,0.983,0.927,0.906,-0.926,-0.896,0.635,-0.985,-0.643,0.614,0.961,-0.866,-0.733,0.913,0.661,-0.945,-0.672,0.682,0.968,0.991,0.614,0.895,0.377,-0.971,0.995,-0.948,0.877,0.993,-0.934,-0.974,-0.949,-0.075,-0.957,0.968,0.965,-0.763,0.986,-0.996,-0.932,0.976,0.994,0.728,0.932,-0.996,-0.053,-0.95,-0.983,0.851,-0.965,-0.992,-0.758,-0.929,0.64,-0.963,0.991,0.996,-0.993,0.931,0.991,0.993,-0.987,-0.893,0.224,0.836,-0.981,-0.987,-0.999,-0.979,-0.978,-0.893,-0.945,0.96,-0.965,-0.978,-0.853,-0.829,-0.995,0.214,5.633,4.784,10.344,10.388,10.393,10.394,10.361,10.353,5.535,4.929,10.317,10.386,5.828,5.556,10.339,10.381,EssenceCatalog/problems/csplib-prob010-SocialGolfers/params/386fe7542d76233ca328a96be2cd6e9e.param
-0.001,0.945,-0.999,-0.975,-0.992,-0.743,0.999,0.985,0.972,-0.947,-0.92,-0.928,0.993,-0.921,-0.998,0.988,0.935,0.983,-0.999,-0.979,-0.996,0.905,0.983,0.99,0.97,0.983,-0.983,-0.969,0.895,-0.988,-0.054,0.846,0.915,-0.965,0.826,-0.941,0.952,-0.941,-0.954,0.804,0.986,0.993,-0.071,-0.999,0.476,-0.983,0.99,-0.894,0.028,0.954,-0.956,0.697,0.988,0.988,-0.989,0.982,0.96,-0.939,0.919,-0.994,-0.969,0.721,0.964,0.954,0.968,-0.997,0.993,-0.74,1.0,0.938,-0.731,-0.969,-0.956,-0.885,0.892,0.998,0.967,0.982,-0.986,-0.949,0.913,0.996,-0.988,-0.952,0.994,0.96,-0.953,-0.988,-0.992,-0.98,-0.912,-0.844,-0.932,-0.608,-0.986,-0.989,0.992,-0.723,-0.994,0.977,3.649,2.983,3.926,9.382,9.927,9.717,10.04,10.299,3.585,3.182,3.912,9.353,4.223,3.681,4.916,9.419,EssenceCatalog/problems/csplib-prob010-SocialGolfers/params/ord09-19-10-2.param
0.072,0.97,-0.998,-0.987,-0.978,-0.817,0.998,0.991,0.979,-0.973,-0.944,-0.971,0.997,-0.922,-0.999,0.91,0.991,0.982,-0.999,-0.921,-0.998,0.975,0.991,0.991,0.959,0.979,-0.984,-0.978,0.936,-0.994,-0.337,0.925,0.973,-0.969,0.946,-0.855,0.963,-0.971,-0.963,0.904,0.927,0.994,0.642,-0.997,0.85,-0.993,0.996,-0.957,0.598,0.992,-0.669,-0.161,0.986,0.934,-0.951,0.982,0.987,-0.863,0.991,-0.995,-0.98,0.867,0.992,0.978,0.973,-0.997,0.984,-0.847,0.999,0.96,-0.867,-0.993,-0.981,-0.851,0.96,0.994,0.975,0.998,-0.989,-0.573,0.992,0.997,-0.993,-0.97,0.961,0.965,-0.985,-0.993,-0.994,-0.989,-0.977,-0.971,-0.985,0.095,-0.989,-0.995,0.987,-0.603,-0.997,0.887,4.167,3.268,4.534,9.899,10.406,10.296,10.51,10.667,4.04,3.491,4.577,9.918,4.657,4.082,5.545,9.931,EssenceCatalog/problems/csplib-prob010-SocialGolfers/params/ord27-5-10-5.param
0.945,0.967,0.986,-0.966,0.906,-0.849,-0.952,0.902,0.986,-0.922,-0.986,-0.965,0.998,-0.899,-0.996,0.438,0.984,0.954,0.981,0.986,-0.997,0.827,0.978,0.983,0.852,0.917,-0.966,-0.931,-0.927,-0.988,-0.355,0.976,0.954,-0.84,-0.762,0.889,0.866,-0.959,-0.762,0.871,0.056,0.976,0.852,0.979,0.883,-0.968,0.992,-0.963,0.791,0.991,-0.407,-0.981,-0.898,0.449,-0.788,0.955,0.974,0.34,0.98,-0.994,-0.892,0.987,0.996,0.418,0.844,-0.988,0.706,-0.921,-0.987,0.917,-0.976,-0.99,-0.944,-0.949,0.94,-0.981,0.988,0.999,-0.989,0.974,0.987,0.99,-0.987,-0.944,0.194,0.864,-0.978,-0.987,-0.998,-0.976,-0.966,-0.937,-0.972,0.942,-0.914,-0.988,-0.362,-0.844,-0.998,-0.783,6.179,4.389,10.416,10.308,10.307,10.349,10.313,10.335,5.644,4.568,10.432,10.285,6.009,5.349,10.363,10.275,EssenceCatalog/problems/csplib-prob010-SocialGolfers/params/1ee71447f3e5b8985af1a3742c03bac8.param
0.977,0.967,0.97,-0.948,0.663,-0.893,-0.821,0.82,0.979,-0.868,-0.924,-0.85,0.997,-0.904,-0.991,0.939,0.98,0.906,0.958,0.928,-0.998,0.41,0.977,0.979,0.886,0.905,-0.895,-0.878,0.898,-0.987,-0.684,0.523,0.957,-0.876,0.0,0.919,0.633,-0.946,-0.739,0.749,0.84,0.99,0.569,0.854,0.548,-0.971,0.991,-0.945,0.892,0.994,-0.79,-0.971,-0.936,-0.748,-0.866,0.954,0.963,-0.653,0.982,-0.996,-0.94,0.977,0.994,0.871,0.956,-0.996,-0.638,-0.943,-0.983,0.807,-0.971,-0.992,-0.734,-0.907,0.715,-0.976,0.989,0.995,-0.993,0.956,0.992,0.989,-0.983,-0.881,-0.467,0.853,-0.974,-0.987,-0.999,-0.971,-0.98,-0.902,-0.953,0.972,-0.964,-0.982,-0.909,-0.79,-0.995,-0.169,6.683,5.211,10.391,10.39,10.411,10.381,10.364,10.39,6.165,5.4,10.365,10.389,6.479,6.278,10.402,10.394,EssenceCatalog/problems/csplib-prob010-SocialGolfers/params/5aeed09b2ec0188b34b3ac3de4fdd857.param
0.992,0.99,0.994,-0.991,0.99,-0.972,-0.991,0.939,0.987,-0.978,-0.989,-0.982,0.999,-0.984,-0.999,-0.963,0.997,0.904,0.996,0.911,-1.0,0.994,0.977,0.984,0.904,0.981,-0.988,-0.983,0.984,-0.998,-0.975,0.988,0.99,-0.983,0.992,0.988,0.977,-0.998,-0.983,0.977,-0.996,0.993,0.982,0.984,0.988,-0.994,0.99,-0.971,0.986,0.997,0.982,-0.989,-0.84,-0.996,0.99,0.982,0.986,0.756,0.993,-0.999,-0.993,0.994,0.998,0.988,0.992,-0.999,-0.992,-0.99,-0.986,0.977,-0.997,-0.997,-0.976,-0.987,0.987,-0.997,0.985,0.999,-0.996,0.99,0.997,0.983,-0.988,-0.985,-0.997,0.989,-0.975,-0.998,-0.999,-0.98,-0.996,-0.99,-0.998,0.996,-0.989,-0.998,-0.993,-0.979,-0.999,-0.992,9.681,5.753,10.485,10.416,10.309,10.335,10.439,10.465,7.64,6.016,10.462,10.365,8.126,7.596,10.426,10.403,EssenceCatalog/problems/csplib-prob010-SocialGolfers/params/4091d98f360cdbcc25cc0cd734c123d3.param
0.973,0.968,0.972,-0.953,0.715,-0.884,-0.825,0.848,0.98,-0.899,-0.936,-0.885,0.998,-0.901,-0.993,0.877,0.975,0.915,0.957,0.932,-0.998,0.658,0.975,0.981,0.83,0.889,-0.905,-0.904,0.781,-0.989,-0.633,0.688,0.951,-0.865,0.084,0.898,0.665,-0.953,-0.772,0.806,0.641,0.988,0.628,0.874,0.71,-0.965,0.988,-0.942,0.855,0.993,-0.537,-0.968,-0.899,-0.756,-0.741,0.959,0.952,-0.22,0.979,-0.996,-0.943,0.981,0.993,0.859,0.952,-0.995,-0.516,-0.933,-0.981,0.854,-0.977,-0.99,-0.842,-0.915,0.813,-0.978,0.987,0.996,-0.992,0.96,0.989,0.989,-0.983,-0.885,-0.544,0.853,-0.972,-0.987,-0.999,-0.97,-0.974,-0.895,-0.956,0.966,-0.948,-0.985,-0.882,-0.809,-0.996,-0.332,6.996,5.194,10.403,10.378,10.39,10.355,10.354,10.395,6.318,5.4,10.379,10.368,6.654,6.307,10.388,10.378,EssenceCatalog/problems/csplib-prob010-SocialGolfers/params/bcb8d02ebee4fd1a0b11d0dd733701b0.param
0.993,0.99,0.99,-0.991,0.989,-0.975,-0.984,0.884,0.98,-0.975,-0.985,-0.933,0.999,-0.979,-0.998,-0.987,0.998,0.589,0.994,0.762,-1.0,0.992,0.984,0.96,0.948,0.986,-0.991,-0.98,0.995,-0.998,-0.983,0.986,0.993,-0.982,0.997,0.987,0.985,-0.996,-0.974,0.956,-0.998,0.992,0.982,0.97,0.987,-0.995,0.982,-0.98,0.989,0.997,0.981,-0.987,-0.868,-0.995,0.989,0.941,0.99,-0.667,0.994,-0.998,-0.986,0.99,0.998,0.987,0.988,-0.999,-0.996,-0.993,-0.97,0.947,-0.996,-0.998,-0.946,-0.975,0.987,-0.996,0.985,0.999,-0.994,0.993,0.998,0.977,-0.982,-0.983,-0.997,0.993,-0.975,-0.997,-0.999,-0.972,-0.997,-0.991,-0.998,0.997,-0.993,-0.997,-0.99,-0.958,-0.999,-0.994,9.708,5.841,10.516,10.457,10.452,10.439,10.54,10.502,7.625,6.111,10.53,10.438,8.056,7.834,10.517,10.473,EssenceCatalog/problems/csplib-prob010-SocialGolfers/params/9c230039b3a723177c0a1cc721d4dc70.param
0.981,0.967,0.966,-0.948,0.542,-0.912,-0.793,0.813,0.982,-0.85,-0.918,-0.815,0.997,-0.917,-0.991,0.967,0.982,0.895,0.958,0.903,-0.998,0.188,0.985,0.977,0.932,0.934,-0.902,-0.861,0.967,-0.987,-0.799,0.263,0.976,-0.896,0.076,0.94,0.691,-0.951,-0.786,0.701,0.888,0.992,0.581,0.825,0.38,-0.976,0.994,-0.951,0.942,0.994,-0.906,-0.977,-0.957,-0.763,-0.911,0.951,0.967,-0.861,0.984,-0.997,-0.945,0.977,0.994,0.904,0.966,-0.997,-0.813,-0.964,-0.981,0.761,-0.972,-0.993,-0.6,-0.928,0.573,-0.972,0.99,0.995,-0.994,0.94,0.993,0.99,-0.983,-0.875,-0.488,0.885,-0.977,-0.989,-0.999,-0.973,-0.987,-0.898,-0.95,0.977,-0.978,-0.981,-0.943,-0.84,-0.995,-0.098,6.587,5.28,10.362,10.391,10.402,10.376,10.349,10.378,6.125,5.452,10.336,10.395,6.435,6.357,10.393,10.402,EssenceCatalog/problems/csplib-prob010-SocialGolfers/params/a63b5c28eb75f69e292b279727c8ed49.param
0.983,0.968,0.972,-0.955,0.552,-0.914,-0.815,0.813,0.984,-0.835,-0.926,-0.784,0.997,-0.928,-0.991,0.964,0.981,0.886,0.965,0.912,-0.998,0.035,0.988,0.976,0.946,0.942,-0.915,-0.85,0.97,-0.986,-0.831,0.297,0.979,-0.902,0.03,0.952,0.756,-0.953,-0.802,0.673,0.863,0.992,0.601,0.857,0.35,-0.976,0.994,-0.953,0.952,0.994,-0.936,-0.979,-0.966,-0.711,-0.924,0.943,0.968,-0.909,0.985,-0.997,-0.943,0.978,0.994,0.897,0.965,-0.998,-0.851,-0.97,-0.983,0.735,-0.973,-0.993,-0.492,-0.93,0.517,-0.975,0.991,0.995,-0.995,0.942,0.992,0.991,-0.982,-0.868,-0.448,0.901,-0.977,-0.989,-0.999,-0.975,-0.989,-0.892,-0.946,0.979,-0.982,-0.98,-0.95,-0.846,-0.995,-0.174,6.545,5.28,10.393,10.401,10.402,10.387,10.356,10.382,6.093,5.449,10.364,10.405,6.408,6.375,10.417,10.409,EssenceCatalog/problems/csplib-prob010-SocialGolfers/params/b2243f466324a100f61fe33f8c206ebe.param
0.987,0.988,0.993,-0.989,0.99,-0.969,-0.992,0.95,0.989,-0.98,-0.993,-0.989,0.999,-0.982,-0.999,-0.936,0.997,0.95,0.995,0.958,-0.999,0.995,0.973,0.988,0.86,0.974,-0.989,-0.983,0.894,-0.997,-0.948,0.991,0.989,-0.981,0.977,0.982,0.972,-0.997,-0.983,0.979,-0.993,0.994,0.978,0.988,0.988,-0.993,0.993,-0.973,0.982,0.997,0.981,-0.992,-0.784,-0.991,0.984,0.984,0.988,0.905,0.994,-0.999,-0.99,0.993,0.998,0.985,0.989,-0.999,-0.97,-0.988,-0.988,0.983,-0.997,-0.997,-0.984,-0.989,0.989,-0.996,0.986,0.999,-0.996,0.99,0.997,0.987,-0.987,-0.985,-0.994,0.985,-0.977,-0.998,-0.999,-0.982,-0.994,-0.989,-0.998,0.994,-0.984,-0.998,-0.984,-0.979,-0.999,-0.99,9.644,5.719,10.466,10.393,10.279,10.305,10.41,10.445,7.619,5.978,10.442,10.339,8.109,7.532,10.402,10.375,EssenceCatalog/problems/csplib-prob010-SocialGolfers/params/95498073dd9fe89eae9b8431ea15cea0.param
0.991,0.992,0.994,-0.989,0.987,-0.975,-0.99,0.945,0.986,-0.977,-0.988,-0.983,0.999,-0.983,-0.999,-0.947,0.997,0.922,0.996,0.931,-1.0,0.994,0.985,0.985,0.895,0.981,-0.987,-0.983,0.987,-0.998,-0.973,0.986,0.992,-0.981,0.991,0.989,0.971,-0.998,-0.982,0.975,-0.994,0.993,0.98,0.984,0.986,-0.995,0.992,-0.972,0.989,0.997,0.982,-0.992,-0.856,-0.996,0.987,0.984,0.988,0.772,0.995,-0.999,-0.993,0.994,0.998,0.989,0.992,-0.999,-0.992,-0.991,-0.988,0.977,-0.997,-0.998,-0.976,-0.988,0.985,-0.997,0.986,0.999,-0.997,0.99,0.998,0.984,-0.988,-0.986,-0.997,0.988,-0.982,-0.998,-0.999,-0.983,-0.997,-0.99,-0.998,0.996,-0.99,-0.998,-0.994,-0.979,-0.999,-0.99,9.678,5.755,10.495,10.425,10.316,10.343,10.445,10.471,7.642,6.017,10.471,10.373,8.13,7.595,10.435,10.411,EssenceCatalog/problems/csplib-prob010-SocialGolfers/params/a54b2d405e1a1e1fd80e9341199dc4be.param
0.963,0.967,0.972,-0.96,0.658,-0.886,-0.878,0.881,0.991,-0.794,-0.971,-0.888,0.996,-0.924,-0.994,0.979,0.968,0.955,0.972,0.974,-0.997,-0.518,0.991,0.983,0.961,0.924,-0.963,-0.888,-0.414,-0.98,-0.599,0.834,0.97,-0.859,-0.958,0.93,0.83,-0.942,-0.596,0.572,0.97,0.986,0.718,0.96,0.268,-0.97,0.997,-0.959,0.881,0.99,-0.983,-0.98,-0.966,0.842,-0.983,0.949,0.966,-0.871,0.987,-0.995,-0.88,0.979,0.993,0.276,0.866,-0.994,0.586,-0.957,-0.986,0.843,-0.958,-0.99,-0.711,-0.936,0.606,-0.955,0.991,0.996,-0.993,0.919,0.986,0.994,-0.987,-0.896,0.779,0.864,-0.984,-0.984,-0.998,-0.983,-0.976,-0.887,-0.941,0.943,-0.966,-0.971,-0.725,-0.848,-0.995,0.175,4.877,4.32,10.304,10.343,10.37,10.357,10.333,10.285,5.006,4.429,10.309,10.329,5.251,4.945,10.304,10.338,EssenceCatalog/problems/csplib-prob010-SocialGolfers/params/b1b4824cb343e70184a9ab0820acc471.param
0.973,0.967,0.972,-0.948,0.662,-0.884,-0.824,0.842,0.982,-0.867,-0.938,-0.876,0.997,-0.898,-0.992,0.945,0.972,0.924,0.96,0.947,-0.997,0.348,0.979,0.981,0.884,0.892,-0.912,-0.892,0.68,-0.986,-0.613,0.652,0.953,-0.857,-0.415,0.907,0.645,-0.944,-0.706,0.734,0.865,0.988,0.604,0.891,0.557,-0.965,0.991,-0.941,0.859,0.992,-0.823,-0.971,-0.933,-0.478,-0.896,0.96,0.955,-0.536,0.98,-0.996,-0.929,0.98,0.993,0.783,0.937,-0.995,-0.304,-0.94,-0.983,0.833,-0.97,-0.99,-0.792,-0.915,0.73,-0.973,0.989,0.995,-0.992,0.951,0.988,0.99,-0.984,-0.884,-0.186,0.837,-0.974,-0.986,-0.998,-0.973,-0.974,-0.881,-0.944,0.962,-0.953,-0.98,-0.862,-0.807,-0.995,-0.107,6.248,4.977,10.393,10.38,10.387,10.38,10.355,10.37,5.889,5.156,10.365,10.376,6.209,5.908,10.38,10.369,EssenceCatalog/problems/csplib-prob010-SocialGolfers/params/e6c80b6a60e1bcd21ef9876aa1173732.param
0.962,0.972,0.973,-0.952,0.771,-0.868,-0.841,0.879,0.987,-0.872,-0.963,-0.92,0.997,-0.901,-0.994,0.959,0.969,0.955,0.96,0.964,-0.997,0.21,0.976,0.985,0.883,0.867,-0.934,-0.918,-0.349,-0.986,-0.408,0.854,0.923,-0.826,-0.843,0.878,0.707,-0.942,-0.637,0.765,0.94,0.987,0.639,0.931,0.615,-0.962,0.993,-0.947,0.746,0.991,-0.843,-0.968,-0.923,0.26,-0.939,0.971,0.954,-0.338,0.983,-0.996,-0.916,0.978,0.994,0.563,0.894,-0.993,0.554,-0.915,-0.983,0.899,-0.963,-0.989,-0.876,-0.923,0.804,-0.967,0.989,0.996,-0.992,0.95,0.987,0.992,-0.988,-0.906,0.391,0.802,-0.978,-0.986,-0.998,-0.98,-0.959,-0.894,-0.947,0.939,-0.931,-0.979,-0.695,-0.818,-0.996,0.011,5.4,4.428,10.332,10.324,10.353,10.354,10.335,10.317,5.329,4.575,10.329,10.313,5.616,5.102,10.318,10.304,EssenceCatalog/problems/csplib-prob010-SocialGolfers/params/6154d4655d8956053e90f9a5c198041f.param
0.96,0.97,0.979,-0.956,0.834,-0.859,-0.887,0.876,0.987,-0.866,-0.971,-0.93,0.997,-0.902,-0.994,0.941,0.967,0.955,0.969,0.975,-0.997,0.174,0.973,0.984,0.886,0.864,-0.945,-0.915,-0.702,-0.984,-0.342,0.906,0.907,-0.82,-0.901,0.88,0.745,-0.938,-0.598,0.774,0.913,0.984,0.673,0.956,0.652,-0.959,0.992,-0.949,0.716,0.99,-0.857,-0.968,-0.931,0.49,-0.94,0.966,0.953,-0.306,0.981,-0.995,-0.897,0.978,0.993,0.387,0.865,-0.992,0.668,-0.905,-0.987,0.898,-0.959,-0.988,-0.88,-0.921,0.824,-0.973,0.989,0.997,-0.991,0.957,0.985,0.992,-0.987,-0.91,0.522,0.798,-0.975,-0.985,-0.998,-0.978,-0.949,-0.896,-0.947,0.935,-0.92,-0.978,-0.618,-0.814,-0.996,-0.138,5.264,4.305,10.333,10.294,10.333,10.327,10.321,10.298,5.217,4.44,10.333,10.279,5.502,4.963,10.311,10.276,EssenceCatalog/problems/csplib-prob010-SocialGolfers/params/acfb2263c9df44ea53d2dd0dcc38266b.param
0.961,0.969,0.979,-0.953,0.797,-0.858,-0.88,0.873,0.986,-0.873,-0.966,-0.927,0.997,-0.896,-0.994,0.927,0.967,0.95,0.969,0.973,-0.997,0.321,0.976,0.983,0.875,0.868,-0.94,-0.913,-0.543,-0.985,-0.392,0.884,0.924,-0.82,-0.847,0.884,0.731,-0.94,-0.627,0.768,0.872,0.984,0.681,0.952,0.656,-0.959,0.991,-0.946,0.752,0.99,-0.821,-0.97,-0.927,0.298,-0.921,0.964,0.952,-0.222,0.98,-0.995,-0.902,0.98,0.993,0.483,0.878,-0.991,0.532,-0.914,-0.986,0.887,-0.965,-0.988,-0.876,-0.922,0.818,-0.973,0.988,0.996,-0.991,0.957,0.985,0.991,-0.986,-0.906,0.367,0.804,-0.975,-0.984,-0.998,-0.977,-0.956,-0.891,-0.946,0.94,-0.922,-0.978,-0.661,-0.814,-0.996,-0.199,5.483,4.407,10.363,10.31,10.33,10.336,10.317,10.306,5.349,4.553,10.358,10.295,5.653,5.113,10.332,10.286,EssenceCatalog/problems/csplib-prob010-SocialGolfers/params/e0ac6d7dda1329366168ad87c0e5c864.param
0.967,0.968,0.974,-0.954,0.634,-0.887,-0.863,0.867,0.99,-0.805,-0.962,-0.877,0.996,-0.92,-0.993,0.979,0.968,0.95,0.971,0.968,-0.997,-0.39,0.99,0.983,0.95,0.913,-0.952,-0.887,-0.016,-0.981,-0.619,0.764,0.966,-0.854,-0.921,0.929,0.785,-0.943,-0.622,0.593,0.964,0.987,0.673,0.951,0.298,-0.968,0.996,-0.954,0.881,0.991,-0.972,-0.98,-0.964,0.62,-0.975,0.955,0.961,-0.829,0.985,-0.996,-0.897,0.979,0.992,0.487,0.892,-0.995,0.35,-0.957,-0.986,0.837,-0.962,-0.99,-0.705,-0.934,0.595,-0.962,0.991,0.996,-0.993,0.925,0.987,0.993,-0.986,-0.889,0.601,0.85,-0.982,-0.985,-0.998,-0.981,-0.975,-0.878,-0.938,0.949,-0.963,-0.972,-0.798,-0.845,-0.994,0.149,5.108,4.467,10.326,10.352,10.365,10.364,10.324,10.292,5.157,4.587,10.314,10.342,5.417,5.137,10.319,10.346,EssenceCatalog/problems/csplib-prob010-SocialGolfers/params/f7d7c81b3f2ec92bbde7111ddedcae50.param
0.986,0.969,0.975,-0.959,0.657,-0.923,-0.866,0.77,0.976,-0.851,-0.909,-0.735,0.997,-0.932,-0.991,0.889,0.987,0.802,0.974,0.893,-0.998,0.338,0.988,0.967,0.941,0.95,-0.914,-0.824,0.993,-0.988,-0.891,0.196,0.983,-0.918,0.662,0.966,0.786,-0.957,-0.85,0.721,0.509,0.992,0.65,0.856,0.456,-0.98,0.993,-0.955,0.971,0.995,-0.864,-0.981,-0.969,-0.909,-0.775,0.918,0.974,-0.924,0.985,-0.996,-0.947,0.976,0.994,0.945,0.976,-0.998,-0.961,-0.976,-0.983,0.654,-0.977,-0.994,-0.395,-0.924,0.585,-0.982,0.99,0.995,-0.994,0.96,0.994,0.986,-0.977,-0.872,-0.809,0.924,-0.973,-0.99,-0.999,-0.969,-0.992,-0.922,-0.962,0.987,-0.986,-0.983,-0.973,-0.858,-0.995,-0.525,7.274,5.499,10.411,10.414,10.437,10.387,10.371,10.4,6.496,5.691,10.396,10.414,6.805,6.862,10.454,10.432,EssenceCatalog/problems/csplib-prob010-SocialGolfers/params/3723b51f60efb5b5ee0d460fa7e24ad4.param
0.975,0.969,0.967,-0.945,0.604,-0.897,-0.806,0.845,0.985,-0.846,-0.938,-0.866,0.997,-0.907,-0.991,0.976,0.976,0.932,0.957,0.942,-0.998,0.051,0.984,0.981,0.921,0.909,-0.918,-0.889,0.788,-0.986,-0.675,0.548,0.963,-0.869,-0.574,0.918,0.649,-0.945,-0.697,0.689,0.951,0.99,0.593,0.885,0.394,-0.972,0.995,-0.947,0.893,0.993,-0.918,-0.975,-0.949,-0.345,-0.943,0.964,0.965,-0.76,0.985,-0.996,-0.933,0.977,0.994,0.789,0.942,-0.996,-0.309,-0.952,-0.983,0.831,-0.967,-0.992,-0.726,-0.926,0.635,-0.967,0.991,0.995,-0.993,0.937,0.992,0.992,-0.986,-0.888,-0.005,0.841,-0.98,-0.987,-0.999,-0.978,-0.98,-0.893,-0.946,0.966,-0.966,-0.978,-0.88,-0.819,-0.995,0.125,5.924,4.939,10.366,10.39,10.389,10.39,10.359,10.362,5.718,5.094,10.338,10.388,6.028,5.795,10.361,10.381,EssenceCatalog/problems/csplib-prob010-SocialGolfers/params/35b2cebb4c3f392e80a578cd3890e297.param
0.969,0.971,0.977,-0.956,0.759,-0.881,-0.861,0.869,0.982,-0.92,-0.952,-0.918,0.998,-0.904,-0.994,0.8,0.978,0.933,0.965,0.949,-0.998,0.794,0.977,0.984,0.795,0.894,-0.924,-0.926,0.544,-0.99,-0.606,0.808,0.954,-0.861,0.027,0.891,0.716,-0.962,-0.806,0.844,0.469,0.987,0.706,0.912,0.789,-0.967,0.988,-0.946,0.845,0.993,-0.274,-0.972,-0.882,-0.712,-0.619,0.965,0.955,0.164,0.98,-0.997,-0.945,0.985,0.994,0.844,0.951,-0.995,-0.323,-0.935,-0.982,0.89,-0.982,-0.991,-0.899,-0.933,0.87,-0.98,0.988,0.997,-0.992,0.964,0.989,0.989,-0.985,-0.904,-0.544,0.857,-0.975,-0.989,-0.999,-0.973,-0.974,-0.903,-0.964,0.962,-0.937,-0.987,-0.843,-0.838,-0.997,-0.469,7.169,5.134,10.443,10.372,10.367,10.343,10.347,10.394,6.383,5.348,10.421,10.356,6.747,6.256,10.397,10.367,EssenceCatalog/problems/csplib-prob010-SocialGolfers/params/2b0527e07bdd3a00fc3b6b1873ed2f4b.param
0.955,0.954,0.979,-0.968,0.829,-0.845,-0.928,0.883,0.986,-0.805,-0.978,-0.918,0.996,-0.914,-0.995,0.852,0.981,0.944,0.977,0.989,-0.997,0.079,0.987,0.978,0.945,0.915,-0.97,-0.861,-0.82,-0.981,-0.359,0.94,0.949,-0.858,-0.93,0.911,0.855,-0.929,-0.56,0.679,0.785,0.977,0.743,0.974,0.627,-0.971,0.995,-0.967,0.827,0.991,-0.954,-0.98,-0.95,0.878,-0.966,0.914,0.975,-0.735,0.986,-0.991,-0.827,0.979,0.995,0.112,0.786,-0.986,0.719,-0.932,-0.987,0.806,-0.946,-0.99,-0.763,-0.884,0.816,-0.967,0.99,0.998,-0.991,0.963,0.986,0.993,-0.986,-0.913,0.746,0.86,-0.982,-0.98,-0.997,-0.977,-0.97,-0.936,-0.956,0.954,-0.955,-0.977,-0.376,-0.758,-0.996,-0.494,5.159,4.233,10.354,10.325,10.395,10.374,10.353,10.307,5.103,4.363,10.365,10.315,5.355,4.992,10.342,10.315,EssenceCatalog/problems/csplib-prob010-SocialGolfers/params/11c471b9b38c281f6b685b85bb711917.param
0.978,0.969,0.973,-0.954,0.56,-0.904,-0.83,0.842,0.987,-0.819,-0.944,-0.825,0.997,-0.926,-0.992,0.976,0.975,0.923,0.968,0.947,-0.998,-0.195,0.989,0.98,0.949,0.928,-0.935,-0.866,0.835,-0.984,-0.749,0.535,0.973,-0.882,-0.616,0.942,0.758,-0.949,-0.728,0.618,0.933,0.99,0.607,0.91,0.305,-0.971,0.995,-0.953,0.924,0.993,-0.961,-0.98,-0.965,-0.177,-0.959,0.95,0.964,-0.884,0.985,-0.996,-0.925,0.98,0.993,0.781,0.939,-0.997,-0.494,-0.965,-0.984,0.782,-0.968,-0.992,-0.574,-0.929,0.517,-0.969,0.991,0.995,-0.994,0.932,0.989,0.992,-0.984,-0.874,0.049,0.88,-0.979,-0.987,-0.999,-0.979,-0.984,-0.878,-0.938,0.968,-0.976,-0.976,-0.907,-0.839,-0.994,0.008,5.863,4.964,10.396,10.395,10.378,10.389,10.348,10.354,5.669,5.108,10.353,10.393,5.985,5.852,10.376,10.388,EssenceCatalog/problems/csplib-prob010-SocialGolfers/params/07b79baf21523542b870ebe28574a934.param
0.973,0.968,0.973,-0.951,0.593,-0.893,-0.836,0.85,0.987,-0.819,-0.948,-0.851,0.997,-0.919,-0.992,0.974,0.972,0.937,0.967,0.957,-0.997,-0.169,0.988,0.981,0.939,0.912,-0.937,-0.876,0.605,-0.983,-0.67,0.636,0.966,-0.865,-0.765,0.93,0.74,-0.943,-0.674,0.622,0.943,0.988,0.612,0.925,0.351,-0.968,0.995,-0.95,0.897,0.992,-0.952,-0.979,-0.96,0.078,-0.958,0.955,0.96,-0.815,0.984,-0.996,-0.915,0.98,0.993,0.707,0.923,-0.995,-0.15,-0.957,-0.985,0.81,-0.966,-0.991,-0.661,-0.924,0.585,-0.968,0.991,0.995,-0.993,0.935,0.988,0.992,-0.985,-0.881,0.222,0.855,-0.98,-0.985,-0.999,-0.979,-0.979,-0.88,-0.938,0.961,-0.966,-0.975,-0.865,-0.832,-0.994,0.049,5.617,4.784,10.368,10.377,10.372,10.38,10.336,10.329,5.502,4.923,10.33,10.372,5.801,5.586,10.347,10.368,EssenceCatalog/problems/csplib-prob010-SocialGolfers/params/d9d8599908760ef143f6f2e37968cb56.param
0.986,0.974,0.99,-0.983,0.939,-0.938,-0.976,0.777,0.956,-0.892,-0.965,-0.695,0.998,-0.948,-0.995,-0.916,0.997,0.482,0.996,0.96,-0.999,0.888,0.994,0.912,0.955,0.967,-0.985,-0.863,0.991,-0.994,-0.954,0.931,0.993,-0.956,0.971,0.988,0.954,-0.982,-0.91,0.737,-0.992,0.98,0.906,0.978,0.893,-0.992,0.986,-0.977,0.99,0.995,0.118,-0.991,-0.963,-0.894,0.592,0.625,0.99,-0.971,0.99,-0.992,-0.919,0.985,0.998,0.947,0.971,-0.997,-0.992,-0.99,-0.988,0.53,-0.986,-0.997,-0.424,-0.907,0.918,-0.993,0.986,0.998,-0.987,0.99,0.996,0.978,-0.965,-0.951,-0.962,0.983,-0.98,-0.991,-0.998,-0.96,-0.997,-0.979,-0.991,0.996,-0.993,-0.99,-0.966,-0.856,-0.997,-0.981,9.124,5.679,10.323,10.22,10.22,10.236,10.283,10.236,7.242,5.934,10.32,10.189,7.628,7.722,10.324,10.239,EssenceCatalog/problems/csplib-prob010-SocialGolfers/params/ab0c5406bbc33ac94457183a813d4ecb.param
0.97,0.957,0.978,-0.959,0.642,-0.879,-0.871,0.838,0.981,-0.824,-0.952,-0.827,0.997,-0.916,-0.991,0.896,0.975,0.895,0.975,0.97,-0.997,0.157,0.988,0.974,0.932,0.915,-0.944,-0.824,0.616,-0.984,-0.659,0.737,0.965,-0.869,-0.49,0.932,0.795,-0.94,-0.696,0.613,0.618,0.982,0.633,0.932,0.513,-0.967,0.991,-0.956,0.899,0.991,-0.937,-0.979,-0.953,0.033,-0.939,0.908,0.966,-0.807,0.98,-0.994,-0.879,0.98,0.993,0.707,0.908,-0.993,-0.388,-0.954,-0.984,0.704,-0.963,-0.989,-0.552,-0.894,0.646,-0.973,0.988,0.995,-0.991,0.954,0.985,0.991,-0.981,-0.881,-0.008,0.881,-0.976,-0.982,-0.998,-0.972,-0.98,-0.888,-0.941,0.966,-0.968,-0.977,-0.821,-0.765,-0.995,-0.433,6.106,4.903,10.412,10.362,10.371,10.376,10.321,10.33,5.745,5.074,10.364,10.362,6.062,5.938,10.377,10.356,EssenceCatalog/problems/csplib-prob010-SocialGolfers/params/fe05ceef52229b09df5f0475e9e8b932.param
0.969,0.966,0.972,-0.947,0.691,-0.876,-0.841,0.85,0.983,-0.857,-0.946,-0.89,0.997,-0.894,-0.992,0.954,0.973,0.936,0.962,0.96,-0.997,0.264,0.98,0.982,0.889,0.885,-0.918,-0.894,0.432,-0.985,-0.559,0.717,0.947,-0.846,-0.64,0.903,0.635,-0.94,-0.665,0.724,0.912,0.987,0.624,0.912,0.536,-0.966,0.993,-0.944,0.84,0.992,-0.855,-0.973,-0.938,-0.214,-0.923,0.961,0.96,-0.531,0.983,-0.996,-0.919,0.978,0.993,0.713,0.922,-0.994,-0.011,-0.935,-0.985,0.845,-0.966,-0.99,-0.807,-0.913,0.736,-0.971,0.99,0.996,-0.992,0.95,0.99,0.991,-0.985,-0.894,0.039,0.816,-0.977,-0.985,-0.998,-0.976,-0.971,-0.891,-0.946,0.959,-0.95,-0.978,-0.822,-0.795,-0.995,-0.058,5.887,4.787,10.379,10.365,10.372,10.374,10.346,10.343,5.662,4.952,10.356,10.36,5.975,5.618,10.358,10.348,EssenceCatalog/problems/csplib-prob010-SocialGolfers/params/016273f2bf30f2d9d32fea8d5b2294ae.param
0.946,0.962,0.981,-0.961,0.82,-0.844,-0.918,0.887,0.984,-0.873,-0.976,-0.933,0.997,-0.893,-0.995,0.797,0.972,0.944,0.975,0.984,-0.997,0.524,0.984,0.981,0.893,0.897,-0.957,-0.896,-0.82,-0.984,-0.304,0.943,0.943,-0.828,-0.857,0.891,0.82,-0.937,-0.632,0.764,0.587,0.976,0.76,0.967,0.745,-0.962,0.99,-0.956,0.775,0.989,-0.83,-0.977,-0.922,0.626,-0.917,0.939,0.965,-0.206,0.977,-0.993,-0.863,0.983,0.994,0.305,0.822,-0.987,0.656,-0.926,-0.984,0.864,-0.963,-0.988,-0.873,-0.92,0.86,-0.97,0.987,0.997,-0.989,0.963,0.98,0.991,-0.985,-0.917,0.453,0.833,-0.977,-0.982,-0.998,-0.975,-0.962,-0.911,-0.95,0.934,-0.925,-0.981,-0.416,-0.798,-0.996,-0.555,5.535,4.304,10.366,10.304,10.342,10.341,10.314,10.309,5.318,4.452,10.368,10.286,5.619,5.102,10.33,10.282,EssenceCatalog/problems/csplib-prob010-SocialGolfers/params/bd7986e80c58fc281b4e147f0ea7b0ee.param
0.974,0.967,0.974,-0.947,0.675,-0.895,-0.833,0.828,0.98,-0.888,-0.931,-0.869,0.997,-0.899,-0.991,0.898,0.975,0.911,0.962,0.936,-0.997,0.595,0.977,0.979,0.853,0.898,-0.904,-0.897,0.832,-0.988,-0.675,0.608,0.958,-0.861,0.046,0.911,0.639,-0.95,-0.763,0.774,0.714,0.988,0.617,0.882,0.647,-0.965,0.988,-0.944,0.88,0.993,-0.641,-0.972,-0.918,-0.757,-0.774,0.958,0.954,-0.338,0.979,-0.996,-0.94,0.982,0.993,0.856,0.952,-0.995,-0.589,-0.941,-0.982,0.835,-0.977,-0.99,-0.805,-0.922,0.769,-0.977,0.987,0.995,-0.991,0.958,0.989,0.988,-0.982,-0.884,-0.557,0.85,-0.973,-0.987,-0.999,-0.968,-0.977,-0.891,-0.951,0.969,-0.952,-0.983,-0.898,-0.825,-0.995,-0.286,6.912,5.216,10.41,10.387,10.39,10.362,10.35,10.39,6.277,5.411,10.382,10.376,6.612,6.315,10.398,10.387,EssenceCatalog/problems/csplib-prob010-SocialGolfers/params/40825d14d90356ae5486cdbe557c898b.param
0.409,0.966,-0.99,-0.978,-0.99,-0.728,0.99,0.981,0.972,-0.931,-0.878,-0.941,0.991,-0.88,-0.997,0.957,0.979,0.959,-0.988,-0.759,-0.996,0.894,0.999,0.983,0.961,0.969,-0.975,-0.95,0.979,-0.99,-0.87,0.531,0.996,-0.965,0.857,-0.467,0.932,-0.964,-0.95,0.495,0.962,0.994,0.755,-0.98,-0.021,-0.994,0.998,-0.944,0.924,0.992,-0.948,-0.663,0.883,0.974,-0.985,0.966,0.989,-0.959,0.992,-0.994,-0.961,0.893,0.992,0.952,0.977,-0.997,0.931,-0.965,0.99,0.86,-0.94,-0.995,-0.939,-0.936,0.846,0.982,0.985,0.997,-0.987,-0.771,0.988,0.996,-0.98,-0.938,0.928,0.948,-0.991,-0.981,-0.994,-0.99,-0.993,-0.937,-0.975,0.371,-0.995,-0.988,0.925,-0.694,-0.994,0.868,4.02,3.399,4.823,9.965,10.309,10.291,10.427,10.516,4.02,3.542,4.836,10.003,4.593,4.177,5.764,9.982,EssenceCatalog/problems/csplib-prob010-SocialGolfers/params/9d26033872935ade456ef077ccc4fffc.param
0.952,0.966,0.983,-0.962,0.838,-0.856,-0.926,0.886,0.983,-0.921,-0.975,-0.947,0.998,-0.893,-0.995,0.571,0.98,0.941,0.978,0.979,-0.997,0.829,0.98,0.983,0.83,0.909,-0.951,-0.923,-0.642,-0.988,-0.454,0.942,0.959,-0.837,-0.531,0.891,0.814,-0.958,-0.771,0.836,0.07,0.979,0.797,0.963,0.846,-0.966,0.989,-0.96,0.819,0.991,-0.409,-0.978,-0.891,-0.029,-0.739,0.951,0.963,0.247,0.977,-0.995,-0.903,0.987,0.995,0.636,0.892,-0.99,0.344,-0.932,-0.985,0.894,-0.979,-0.99,-0.921,-0.941,0.905,-0.981,0.986,0.998,-0.989,0.97,0.986,0.989,-0.985,-0.923,-0.139,0.857,-0.977,-0.986,-0.998,-0.972,-0.969,-0.92,-0.965,0.949,-0.921,-0.986,-0.592,-0.831,-0.997,-0.714,6.579,4.643,10.443,10.319,10.303,10.325,10.3,10.348,5.909,4.833,10.449,10.297,6.279,5.679,10.388,10.29,EssenceCatalog/problems/csplib-prob010-SocialGolfers/params/1c1de2fe3c1522366f75d90572cd1aa7.param
0.979,0.951,0.982,-0.974,0.687,-0.898,-0.908,0.836,0.98,-0.802,-0.962,-0.744,0.997,-0.942,-0.992,0.773,0.987,0.81,0.983,0.973,-0.998,-0.005,0.993,0.966,0.971,0.956,-0.97,-0.741,0.916,-0.986,-0.844,0.779,0.984,-0.923,0.057,0.965,0.91,-0.954,-0.789,0.546,-0.13,0.983,0.703,0.939,0.513,-0.98,0.993,-0.97,0.959,0.993,-0.978,-0.985,-0.972,0.074,-0.949,0.793,0.98,-0.971,0.984,-0.993,-0.865,0.979,0.996,0.791,0.926,-0.996,-0.835,-0.975,-0.985,0.472,-0.963,-0.992,-0.051,-0.883,0.572,-0.979,0.99,0.997,-0.993,0.961,0.989,0.992,-0.977,-0.885,-0.154,0.948,-0.979,-0.985,-0.999,-0.973,-0.991,-0.922,-0.955,0.983,-0.989,-0.981,-0.878,-0.749,-0.996,-0.738,6.718,5.156,10.407,10.332,10.347,10.339,10.278,10.324,6.057,5.351,10.352,10.335,6.372,6.544,10.376,10.343,EssenceCatalog/problems/csplib-prob010-SocialGolfers/params/41f525aa8f580ef7ea0ccc755d8aee12.param
0.984,0.969,0.969,-0.955,0.554,-0.916,-0.81,0.808,0.983,-0.849,-0.92,-0.781,0.997,-0.928,-0.992,0.958,0.982,0.873,0.964,0.902,-0.998,0.133,0.988,0.975,0.943,0.943,-0.913,-0.854,0.979,-0.987,-0.839,0.265,0.98,-0.908,0.202,0.953,0.746,-0.955,-0.812,0.686,0.832,0.992,0.607,0.837,0.372,-0.977,0.994,-0.952,0.955,0.994,-0.923,-0.979,-0.964,-0.781,-0.905,0.942,0.969,-0.908,0.984,-0.997,-0.946,0.978,0.994,0.912,0.969,-0.998,-0.88,-0.972,-0.982,0.728,-0.974,-0.993,-0.508,-0.93,0.539,-0.974,0.991,0.994,-0.995,0.943,0.992,0.99,-0.982,-0.87,-0.547,0.906,-0.976,-0.989,-0.999,-0.975,-0.99,-0.894,-0.95,0.98,-0.983,-0.982,-0.956,-0.849,-0.995,-0.218,6.708,5.336,10.39,10.411,10.421,10.393,10.368,10.396,6.192,5.511,10.366,10.415,6.503,6.48,10.424,10.423,EssenceCatalog/problems/csplib-prob010-SocialGolfers/params/4cb1238ad353c31511d2e97ddf104177.param
0.975,0.965,0.973,-0.946,0.616,-0.893,-0.838,0.818,0.98,-0.863,-0.93,-0.847,0.997,-0.902,-0.991,0.939,0.975,0.909,0.966,0.939,-0.997,0.376,0.982,0.978,0.889,0.904,-0.902,-0.877,0.866,-0.986,-0.706,0.514,0.965,-0.867,-0.113,0.926,0.644,-0.946,-0.748,0.715,0.811,0.988,0.605,0.881,0.532,-0.967,0.991,-0.945,0.905,0.993,-0.818,-0.975,-0.943,-0.672,-0.868,0.952,0.958,-0.621,0.98,-0.996,-0.93,0.98,0.993,0.852,0.949,-0.995,-0.615,-0.949,-0.984,0.797,-0.974,-0.991,-0.726,-0.92,0.688,-0.976,0.988,0.995,-0.992,0.951,0.989,0.989,-0.982,-0.875,-0.462,0.852,-0.975,-0.987,-0.999,-0.97,-0.98,-0.882,-0.945,0.969,-0.962,-0.98,-0.911,-0.826,-0.995,-0.2,6.62,5.185,10.406,10.388,10.389,10.375,10.344,10.376,6.115,5.365,10.376,10.384,6.44,6.237,10.404,10.39,EssenceCatalog/problems/csplib-prob010-SocialGolfers/params/16a51d130ff44a89672184cac6a0b28b.param
0.947,0.972,0.964,-0.963,0.824,-0.868,-0.871,0.902,0.991,-0.837,-0.979,-0.934,0.996,-0.913,-0.995,0.975,0.969,0.968,0.958,0.974,-0.997,-0.43,0.984,0.987,0.935,0.893,-0.966,-0.92,-0.917,-0.982,-0.356,0.937,0.931,-0.833,-0.979,0.871,0.818,-0.937,-0.532,0.73,0.983,0.986,0.747,0.962,0.496,-0.969,0.997,-0.963,0.726,0.99,-0.961,-0.969,-0.936,0.932,-0.981,0.968,0.964,-0.687,0.988,-0.994,-0.871,0.97,0.994,-0.033,0.81,-0.992,0.929,-0.916,-0.983,0.914,-0.945,-0.99,-0.886,-0.934,0.803,-0.944,0.99,0.998,-0.992,0.93,0.987,0.994,-0.989,-0.924,0.888,0.815,-0.984,-0.985,-0.998,-0.984,-0.956,-0.913,-0.955,0.909,-0.943,-0.976,-0.379,-0.845,-0.995,0.242,4.686,4.085,10.221,10.283,10.347,10.316,10.331,10.275,4.877,4.2,10.257,10.265,5.107,4.639,10.236,10.272,EssenceCatalog/problems/csplib-prob010-SocialGolfers/params/22fb7692d99977aa80ee83d919362eb7.param
0.973,0.97,0.969,-0.947,0.587,-0.899,-0.809,0.85,0.988,-0.839,-0.947,-0.864,0.997,-0.915,-0.992,0.982,0.97,0.941,0.959,0.946,-0.998,-0.108,0.986,0.983,0.932,0.91,-0.929,-0.895,0.663,-0.985,-0.662,0.593,0.964,-0.866,-0.725,0.922,0.699,-0.948,-0.703,0.661,0.96,0.99,0.612,0.897,0.371,-0.969,0.995,-0.947,0.891,0.992,-0.941,-0.976,-0.955,-0.085,-0.957,0.965,0.958,-0.78,0.984,-0.997,-0.931,0.979,0.993,0.743,0.934,-0.996,-0.153,-0.954,-0.983,0.846,-0.968,-0.991,-0.739,-0.935,0.613,-0.965,0.991,0.995,-0.994,0.928,0.989,0.992,-0.986,-0.882,0.166,0.852,-0.98,-0.987,-0.999,-0.98,-0.977,-0.87,-0.935,0.958,-0.964,-0.978,-0.873,-0.851,-0.995,0.176,5.68,4.823,10.362,10.394,10.39,10.394,10.359,10.359,5.561,4.966,10.333,10.391,5.863,5.615,10.352,10.386,EssenceCatalog/problems/csplib-prob010-SocialGolfers/params/19aa65db8ebac66666633d85fd24f201.param
0.986,0.976,0.99,-0.983,0.944,-0.942,-0.978,0.78,0.956,-0.9,-0.964,-0.717,0.998,-0.947,-0.995,-0.932,0.997,0.51,0.996,0.96,-0.999,0.907,0.995,0.912,0.949,0.966,-0.985,-0.875,0.992,-0.994,-0.954,0.934,0.993,-0.954,0.974,0.988,0.951,-0.983,-0.914,0.751,-0.993,0.98,0.909,0.98,0.903,-0.992,0.986,-0.976,0.99,0.995,0.331,-0.992,-0.96,-0.918,0.702,0.655,0.99,-0.962,0.991,-0.993,-0.925,0.985,0.998,0.952,0.972,-0.997,-0.992,-0.99,-0.989,0.579,-0.987,-0.997,-0.493,-0.914,0.928,-0.994,0.985,0.998,-0.987,0.991,0.996,0.977,-0.964,-0.955,-0.971,0.982,-0.981,-0.991,-0.998,-0.96,-0.997,-0.981,-0.992,0.997,-0.992,-0.99,-0.969,-0.86,-0.997,-0.982,9.22,5.696,10.329,10.227,10.231,10.236,10.291,10.239,7.294,5.955,10.327,10.194,7.688,7.735,10.328,10.24,EssenceCatalog/problems/csplib-prob010-SocialGolfers/params/31264610be90bc33a0632b6d6a052628.param
0.953,0.967,0.985,-0.962,0.858,-0.86,-0.933,0.886,0.983,-0.928,-0.977,-0.952,0.998,-0.898,-0.996,0.543,0.98,0.946,0.979,0.979,-0.997,0.852,0.976,0.984,0.815,0.907,-0.952,-0.931,-0.693,-0.989,-0.444,0.948,0.955,-0.842,-0.511,0.891,0.818,-0.961,-0.783,0.853,0.017,0.98,0.809,0.966,0.867,-0.965,0.988,-0.959,0.809,0.991,-0.301,-0.978,-0.888,-0.103,-0.703,0.956,0.964,0.362,0.976,-0.995,-0.91,0.987,0.995,0.648,0.896,-0.991,0.355,-0.927,-0.986,0.905,-0.981,-0.99,-0.932,-0.945,0.918,-0.983,0.987,0.998,-0.989,0.971,0.986,0.988,-0.986,-0.927,-0.184,0.859,-0.975,-0.987,-0.998,-0.973,-0.967,-0.921,-0.967,0.947,-0.916,-0.987,-0.602,-0.849,-0.998,-0.736,6.687,4.656,10.443,10.305,10.282,10.306,10.288,10.341,5.964,4.849,10.451,10.281,6.344,5.702,10.384,10.273,EssenceCatalog/problems/csplib-prob010-SocialGolfers/params/9665009a45e8852e5ae2b4dc13961e25.param
0.558,0.98,-0.978,-0.99,-0.935,-0.842,0.967,0.983,0.977,-0.962,-0.941,-0.971,0.996,-0.884,-0.999,0.613,0.998,0.943,-0.961,-0.054,-0.999,0.978,0.998,0.984,0.957,0.974,-0.977,-0.963,0.984,-0.993,-0.778,0.807,0.996,-0.972,0.97,-0.117,0.954,-0.976,-0.958,0.818,0.722,0.994,0.843,-0.951,0.708,-0.998,0.999,-0.981,0.942,0.998,-0.684,-0.879,0.888,0.765,-0.916,0.958,0.998,-0.933,0.999,-0.995,-0.979,0.923,0.998,0.976,0.968,-0.996,0.879,-0.964,0.979,0.875,-0.942,-0.999,-0.954,-0.843,0.953,0.918,0.992,1.0,-0.989,0.488,0.999,0.997,-0.987,-0.98,0.659,0.96,-0.996,-0.99,-0.996,-0.989,-0.998,-0.991,-0.994,0.856,-0.996,-0.995,0.923,-0.268,-0.998,0.349,4.73,3.636,5.499,10.222,10.625,10.621,10.699,10.738,4.563,3.863,5.584,10.234,5.082,4.706,6.47,10.249,EssenceCatalog/problems/csplib-prob010-SocialGolfers/params/088c2c51c290aedd7f1068848698ba06.param
0.984,0.968,0.97,-0.955,0.564,-0.917,-0.813,0.802,0.982,-0.849,-0.918,-0.774,0.997,-0.93,-0.992,0.955,0.983,0.864,0.965,0.897,-0.998,0.143,0.988,0.975,0.944,0.945,-0.911,-0.851,0.982,-0.987,-0.848,0.242,0.98,-0.911,0.269,0.955,0.755,-0.955,-0.819,0.69,0.809,0.992,0.61,0.834,0.381,-0.977,0.994,-0.952,0.958,0.994,-0.921,-0.979,-0.966,-0.807,-0.899,0.94,0.969,-0.913,0.984,-0.997,-0.948,0.978,0.994,0.918,0.971,-0.998,-0.901,-0.972,-0.982,0.719,-0.975,-0.993,-0.491,-0.93,0.534,-0.975,0.991,0.994,-0.995,0.944,0.992,0.99,-0.982,-0.868,-0.582,0.909,-0.975,-0.989,-0.999,-0.974,-0.99,-0.895,-0.95,0.981,-0.984,-0.982,-0.96,-0.853,-0.995,-0.255,6.77,5.36,10.389,10.411,10.422,10.391,10.369,10.397,6.228,5.537,10.367,10.414,6.538,6.529,10.427,10.424,EssenceCatalog/problems/csplib-prob010-SocialGolfers/params/7e11ceeb44337327dd298dc333d2a916.param
0.979,0.968,0.969,-0.949,0.544,-0.906,-0.802,0.83,0.986,-0.844,-0.933,-0.829,0.997,-0.919,-0.992,0.975,0.975,0.917,0.96,0.928,-0.998,0.013,0.987,0.98,0.933,0.924,-0.915,-0.877,0.906,-0.986,-0.753,0.427,0.973,-0.884,-0.364,0.937,0.697,-0.951,-0.758,0.668,0.925,0.991,0.604,0.865,0.363,-0.972,0.994,-0.947,0.926,0.993,-0.93,-0.977,-0.958,-0.522,-0.938,0.957,0.962,-0.837,0.983,-0.997,-0.939,0.979,0.993,0.846,0.954,-0.997,-0.629,-0.963,-0.982,0.799,-0.972,-0.992,-0.652,-0.933,0.57,-0.97,0.991,0.994,-0.994,0.933,0.99,0.991,-0.984,-0.874,-0.222,0.875,-0.978,-0.988,-0.999,-0.977,-0.984,-0.874,-0.94,0.969,-0.974,-0.98,-0.924,-0.849,-0.995,0.02,6.199,5.11,10.389,10.401,10.391,10.391,10.356,10.379,5.887,5.269,10.357,10.402,6.206,6.064,10.391,10.4,EssenceCatalog/problems/csplib-prob010-SocialGolfers/params/eeb1452844fb2bf9d06fdb8951cdff8c.param
0.959,0.953,0.979,-0.97,0.83,-0.846,-0.925,0.88,0.987,-0.799,-0.978,-0.914,0.996,-0.919,-0.995,0.844,0.982,0.943,0.976,0.988,-0.997,0.047,0.986,0.978,0.953,0.922,-0.971,-0.861,-0.802,-0.981,-0.364,0.939,0.95,-0.868,-0.927,0.914,0.87,-0.93,-0.574,0.679,0.764,0.978,0.75,0.973,0.627,-0.97,0.995,-0.967,0.834,0.991,-0.959,-0.979,-0.952,0.884,-0.969,0.91,0.977,-0.77,0.986,-0.991,-0.833,0.98,0.994,0.109,0.796,-0.987,0.676,-0.931,-0.987,0.787,-0.945,-0.99,-0.743,-0.882,0.813,-0.968,0.99,0.998,-0.992,0.963,0.985,0.993,-0.986,-0.911,0.765,0.871,-0.981,-0.981,-0.998,-0.976,-0.971,-0.937,-0.956,0.956,-0.958,-0.977,-0.389,-0.755,-0.996,-0.514,5.176,4.248,10.368,10.335,10.405,10.383,10.364,10.32,5.111,4.379,10.376,10.326,5.364,5.02,10.356,10.325,EssenceCatalog/problems/csplib-prob010-SocialGolfers/params/b6136f372bf7e1a228e7b1b20ec1382d.param
0.342,0.961,-0.992,-0.977,-0.991,-0.722,0.991,0.979,0.967,-0.932,-0.868,-0.939,0.99,-0.868,-0.996,0.946,0.981,0.955,-0.989,-0.754,-0.996,0.918,0.999,0.983,0.961,0.967,-0.974,-0.951,0.983,-0.989,-0.864,0.455,0.996,-0.965,0.9,-0.49,0.923,-0.961,-0.953,0.491,0.956,0.993,0.729,-0.981,-0.005,-0.994,0.998,-0.943,0.923,0.992,-0.946,-0.663,0.891,0.968,-0.984,0.963,0.99,-0.958,0.992,-0.993,-0.963,0.879,0.991,0.959,0.977,-0.997,0.916,-0.963,0.991,0.837,-0.931,-0.995,-0.935,-0.925,0.842,0.983,0.985,0.997,-0.985,-0.774,0.989,0.995,-0.977,-0.935,0.919,0.951,-0.99,-0.978,-0.993,-0.989,-0.993,-0.946,-0.976,0.39,-0.995,-0.986,0.929,-0.65,-0.993,0.864,4.015,3.39,4.767,9.925,10.277,10.258,10.387,10.471,4.01,3.532,4.783,9.962,4.584,4.174,5.716,9.941,EssenceCatalog/problems/csplib-prob010-SocialGolfers/params/7ff572956df0bfaa753e3da5b8691f1d.param
0.973,0.959,0.976,-0.955,0.6,-0.889,-0.856,0.829,0.98,-0.832,-0.942,-0.818,0.997,-0.913,-0.99,0.918,0.974,0.89,0.972,0.959,-0.997,0.211,0.988,0.974,0.924,0.917,-0.931,-0.83,0.809,-0.984,-0.712,0.625,0.968,-0.871,-0.293,0.935,0.756,-0.942,-0.729,0.639,0.672,0.984,0.619,0.911,0.477,-0.968,0.991,-0.955,0.913,0.992,-0.921,-0.979,-0.954,-0.316,-0.922,0.92,0.963,-0.798,0.98,-0.995,-0.899,0.98,0.993,0.791,0.929,-0.995,-0.578,-0.958,-0.984,0.717,-0.967,-0.99,-0.562,-0.905,0.616,-0.974,0.987,0.995,-0.991,0.951,0.987,0.99,-0.98,-0.874,-0.245,0.876,-0.976,-0.983,-0.998,-0.971,-0.982,-0.881,-0.94,0.969,-0.969,-0.978,-0.875,-0.787,-0.995,-0.371,6.374,5.074,10.41,10.37,10.373,10.373,10.324,10.344,5.932,5.249,10.365,10.371,6.253,6.15,10.391,10.371,EssenceCatalog/problems/csplib-prob010-SocialGolfers/params/d7a8b95b9864391719353c27a8a6e584.param
0.966,0.967,0.977,-0.949,0.729,-0.874,-0.849,0.856,0.983,-0.88,-0.954,-0.906,0.997,-0.895,-0.992,0.925,0.969,0.94,0.964,0.96,-0.997,0.453,0.975,0.982,0.861,0.876,-0.925,-0.909,0.119,-0.986,-0.498,0.791,0.938,-0.834,-0.621,0.888,0.68,-0.943,-0.684,0.763,0.838,0.986,0.632,0.924,0.653,-0.959,0.99,-0.944,0.802,0.991,-0.759,-0.97,-0.92,-0.245,-0.885,0.964,0.949,-0.249,0.978,-0.996,-0.922,0.981,0.993,0.693,0.914,-0.993,0.101,-0.923,-0.984,0.871,-0.971,-0.988,-0.854,-0.922,0.793,-0.975,0.988,0.996,-0.991,0.956,0.986,0.99,-0.985,-0.893,-0.039,0.82,-0.974,-0.986,-0.998,-0.973,-0.963,-0.885,-0.944,0.952,-0.931,-0.98,-0.784,-0.821,-0.996,-0.204,6.011,4.731,10.394,10.344,10.348,10.353,10.33,10.342,5.707,4.907,10.376,10.335,6.036,5.571,10.36,10.32,EssenceCatalog/problems/csplib-prob010-SocialGolfers/params/c90c491fd991222d3c94159549a39174.param
0.981,0.965,0.973,-0.954,0.603,-0.909,-0.837,0.802,0.978,-0.859,-0.921,-0.791,0.997,-0.916,-0.991,0.917,0.981,0.863,0.967,0.92,-0.998,0.353,0.986,0.974,0.919,0.931,-0.908,-0.849,0.966,-0.987,-0.802,0.381,0.974,-0.896,0.319,0.945,0.726,-0.951,-0.805,0.715,0.664,0.989,0.608,0.85,0.491,-0.973,0.991,-0.952,0.941,0.994,-0.858,-0.977,-0.954,-0.802,-0.851,0.933,0.966,-0.824,0.981,-0.996,-0.936,0.979,0.993,0.905,0.964,-0.997,-0.859,-0.963,-0.982,0.724,-0.974,-0.992,-0.573,-0.917,0.628,-0.978,0.989,0.994,-0.993,0.955,0.991,0.988,-0.98,-0.87,-0.64,0.894,-0.973,-0.988,-0.999,-0.969,-0.987,-0.894,-0.95,0.978,-0.977,-0.982,-0.945,-0.824,-0.995,-0.354,6.967,5.366,10.404,10.41,10.428,10.388,10.369,10.403,6.323,5.554,10.38,10.41,6.636,6.588,10.43,10.423,EssenceCatalog/problems/csplib-prob010-SocialGolfers/params/16d1ee6ffc60dd8ba8a0de82f3106590.param
0.964,0.971,0.973,-0.949,0.741,-0.868,-0.837,0.873,0.985,-0.874,-0.957,-0.914,0.997,-0.896,-0.993,0.952,0.97,0.95,0.96,0.961,-0.997,0.325,0.978,0.984,0.871,0.868,-0.925,-0.913,-0.05,-0.986,-0.462,0.815,0.933,-0.83,-0.754,0.884,0.681,-0.944,-0.663,0.761,0.92,0.987,0.639,0.923,0.617,-0.963,0.992,-0.945,0.778,0.992,-0.806,-0.97,-0.921,-0.0,-0.92,0.969,0.954,-0.29,0.983,-0.996,-0.921,0.979,0.993,0.652,0.907,-0.993,0.361,-0.92,-0.983,0.889,-0.967,-0.989,-0.868,-0.921,0.797,-0.969,0.989,0.996,-0.992,0.952,0.988,0.991,-0.987,-0.9,0.187,0.803,-0.977,-0.986,-0.998,-0.978,-0.964,-0.893,-0.948,0.946,-0.934,-0.98,-0.751,-0.816,-0.996,-0.045,5.664,4.576,10.359,10.34,10.354,10.361,10.336,10.329,5.504,4.737,10.348,10.332,5.811,5.315,10.334,10.318,EssenceCatalog/problems/csplib-prob010-SocialGolfers/params/8b51536e7c5d002eb57d3bfd3f1488bc.param
0.976,0.97,0.968,-0.946,0.664,-0.896,-0.806,0.841,0.985,-0.848,-0.942,-0.87,0.997,-0.911,-0.992,0.978,0.977,0.936,0.956,0.942,-0.998,0.019,0.979,0.983,0.921,0.905,-0.917,-0.892,0.744,-0.986,-0.644,0.591,0.953,-0.871,-0.618,0.915,0.648,-0.944,-0.682,0.708,0.959,0.991,0.576,0.881,0.422,-0.972,0.995,-0.947,0.874,0.993,-0.916,-0.972,-0.949,-0.335,-0.946,0.966,0.964,-0.767,0.985,-0.996,-0.937,0.975,0.994,0.778,0.94,-0.996,-0.231,-0.945,-0.984,0.846,-0.964,-0.991,-0.742,-0.921,0.655,-0.97,0.991,0.996,-0.993,0.94,0.992,0.992,-0.986,-0.891,0.062,0.838,-0.978,-0.987,-0.999,-0.978,-0.977,-0.896,-0.946,0.964,-0.964,-0.978,-0.877,-0.816,-0.995,0.146,5.864,4.9,10.372,10.393,10.399,10.398,10.375,10.374,5.684,5.057,10.347,10.393,5.991,5.736,10.367,10.381,EssenceCatalog/problems/csplib-prob010-SocialGolfers/params/f198dbc752c6673ae299f1e7a1cc4f11.param
0.962,0.972,0.965,-0.953,0.703,-0.888,-0.838,0.882,0.991,-0.834,-0.969,-0.907,0.997,-0.913,-0.994,0.986,0.966,0.962,0.958,0.964,-0.997,-0.4,0.986,0.987,0.941,0.897,-0.955,-0.914,-0.463,-0.983,-0.515,0.824,0.953,-0.844,-0.95,0.901,0.755,-0.943,-0.602,0.668,0.984,0.989,0.689,0.942,0.37,-0.97,0.996,-0.954,0.821,0.991,-0.965,-0.974,-0.951,0.734,-0.978,0.97,0.96,-0.763,0.987,-0.996,-0.909,0.975,0.993,0.378,0.881,-0.995,0.708,-0.942,-0.983,0.898,-0.958,-0.99,-0.833,-0.944,0.688,-0.954,0.991,0.996,-0.993,0.919,0.988,0.994,-0.989,-0.905,0.729,0.83,-0.983,-0.986,-0.998,-0.983,-0.967,-0.89,-0.943,0.933,-0.954,-0.975,-0.701,-0.864,-0.995,0.35,4.883,4.294,10.279,10.342,10.381,10.364,10.352,10.304,5.029,4.409,10.293,10.33,5.27,4.878,10.289,10.335,EssenceCatalog/problems/csplib-prob010-SocialGolfers/params/33186010572c8f53a3b3ec605c953688.param
0.981,0.97,0.966,-0.949,0.598,-0.908,-0.785,0.825,0.983,-0.86,-0.925,-0.84,0.997,-0.916,-0.992,0.97,0.979,0.911,0.953,0.914,-0.998,0.184,0.981,0.98,0.922,0.922,-0.906,-0.882,0.935,-0.987,-0.739,0.401,0.966,-0.889,-0.141,0.927,0.662,-0.95,-0.755,0.726,0.919,0.992,0.558,0.833,0.427,-0.973,0.993,-0.946,0.914,0.994,-0.893,-0.973,-0.949,-0.71,-0.918,0.961,0.964,-0.806,0.983,-0.997,-0.948,0.977,0.994,0.874,0.96,-0.997,-0.685,-0.955,-0.981,0.808,-0.97,-0.992,-0.68,-0.925,0.624,-0.972,0.991,0.995,-0.994,0.943,0.992,0.991,-0.985,-0.881,-0.343,0.868,-0.976,-0.989,-0.999,-0.975,-0.983,-0.894,-0.947,0.973,-0.972,-0.982,-0.926,-0.826,-0.995,0.023,6.422,5.188,10.376,10.4,10.413,10.393,10.37,10.398,6.03,5.363,10.35,10.404,6.342,6.19,10.396,10.404,EssenceCatalog/problems/csplib-prob010-SocialGolfers/params/73374e45fef7ffb8796908b744873481.param
0.989,0.975,0.988,-0.986,0.927,-0.941,-0.969,0.765,0.96,-0.887,-0.961,-0.65,0.998,-0.954,-0.996,-0.851,0.996,0.408,0.994,0.923,-0.999,0.861,0.994,0.918,0.967,0.972,-0.984,-0.854,0.996,-0.995,-0.966,0.902,0.993,-0.963,0.975,0.989,0.963,-0.983,-0.92,0.744,-0.99,0.986,0.909,0.959,0.882,-0.992,0.985,-0.977,0.992,0.994,-0.189,-0.99,-0.969,-0.911,0.445,0.634,0.989,-0.984,0.988,-0.994,-0.928,0.983,0.997,0.956,0.976,-0.998,-0.995,-0.991,-0.983,0.479,-0.986,-0.996,-0.35,-0.919,0.895,-0.991,0.987,0.998,-0.99,0.985,0.995,0.979,-0.968,-0.94,-0.96,0.986,-0.975,-0.992,-0.999,-0.962,-0.997,-0.976,-0.989,0.996,-0.995,-0.991,-0.975,-0.877,-0.997,-0.979,9.019,5.679,10.337,10.24,10.235,10.264,10.302,10.267,7.199,5.93,10.341,10.214,7.572,7.729,10.345,10.268,EssenceCatalog/problems/csplib-prob010-SocialGolfers/params/5755ccc0cd5c0c2122fb40fe5d39f993.param
0.979,0.969,0.968,-0.951,0.54,-0.907,-0.792,0.833,0.986,-0.846,-0.932,-0.827,0.997,-0.921,-0.992,0.976,0.976,0.917,0.959,0.923,-0.998,0.021,0.987,0.98,0.936,0.927,-0.915,-0.877,0.917,-0.986,-0.757,0.419,0.973,-0.89,-0.334,0.937,0.705,-0.952,-0.762,0.674,0.924,0.991,0.594,0.857,0.372,-0.972,0.994,-0.947,0.925,0.993,-0.93,-0.977,-0.957,-0.551,-0.939,0.958,0.962,-0.843,0.983,-0.997,-0.94,0.979,0.993,0.854,0.956,-0.997,-0.652,-0.963,-0.981,0.799,-0.972,-0.992,-0.644,-0.931,0.568,-0.969,0.991,0.994,-0.994,0.933,0.99,0.992,-0.984,-0.874,-0.236,0.878,-0.978,-0.988,-0.999,-0.977,-0.984,-0.876,-0.939,0.969,-0.975,-0.98,-0.927,-0.847,-0.995,0.032,6.225,5.125,10.386,10.403,10.396,10.393,10.36,10.385,5.905,5.286,10.354,10.405,6.223,6.087,10.391,10.403,EssenceCatalog/problems/csplib-prob010-SocialGolfers/params/f818ea70b2c67708796ef5d95e35fda8.param
0.977,0.968,0.972,-0.959,0.562,-0.905,-0.825,0.85,0.989,-0.814,-0.951,-0.827,0.997,-0.933,-0.992,0.98,0.973,0.928,0.966,0.948,-0.998,-0.32,0.99,0.981,0.959,0.934,-0.944,-0.869,0.773,-0.984,-0.741,0.601,0.973,-0.888,-0.722,0.942,0.795,-0.95,-0.721,0.602,0.942,0.99,0.613,0.91,0.289,-0.972,0.995,-0.953,0.919,0.992,-0.974,-0.979,-0.967,0.077,-0.972,0.948,0.964,-0.911,0.984,-0.997,-0.922,0.979,0.993,0.737,0.934,-0.997,-0.396,-0.966,-0.983,0.784,-0.965,-0.991,-0.556,-0.931,0.493,-0.966,0.992,0.995,-0.995,0.924,0.988,0.993,-0.986,-0.876,0.259,0.89,-0.979,-0.987,-0.999,-0.981,-0.983,-0.873,-0.933,0.964,-0.977,-0.977,-0.894,-0.842,-0.995,0.059,5.652,4.865,10.383,10.4,10.388,10.395,10.354,10.355,5.534,5.003,10.334,10.397,5.836,5.703,10.36,10.395,EssenceCatalog/problems/csplib-prob010-SocialGolfers/params/5230a0269b99e8a799edb893df13b130.param
0.966,0.97,0.969,-0.954,0.619,-0.893,-0.831,0.872,0.991,-0.828,-0.963,-0.885,0.997,-0.92,-0.994,0.985,0.963,0.955,0.962,0.959,-0.998,-0.387,0.988,0.985,0.948,0.91,-0.95,-0.904,-0.026,-0.983,-0.591,0.766,0.963,-0.858,-0.922,0.918,0.77,-0.947,-0.644,0.635,0.975,0.989,0.667,0.93,0.333,-0.966,0.996,-0.949,0.861,0.99,-0.97,-0.975,-0.958,0.583,-0.977,0.964,0.955,-0.806,0.983,-0.996,-0.912,0.979,0.992,0.511,0.9,-0.996,0.408,-0.954,-0.983,0.867,-0.963,-0.989,-0.768,-0.943,0.608,-0.955,0.991,0.995,-0.993,0.912,0.985,0.993,-0.988,-0.893,0.616,0.851,-0.981,-0.986,-0.998,-0.982,-0.972,-0.863,-0.931,0.936,-0.961,-0.975,-0.797,-0.865,-0.995,0.276,5.075,4.452,10.307,10.36,10.379,10.374,10.341,10.313,5.151,4.573,10.301,10.354,5.408,5.094,10.309,10.356,EssenceCatalog/problems/csplib-prob010-SocialGolfers/params/f74f5186756cdd79e254fc29618e2af8.param
0.992,0.986,0.934,-0.992,0.943,-0.961,-0.792,0.838,0.974,-0.97,-0.971,-0.845,0.999,-0.978,-0.998,-0.941,0.997,0.183,0.898,-0.327,-0.999,0.983,0.962,0.951,0.976,0.99,-0.985,-0.968,0.999,-0.998,-0.981,0.968,0.989,-0.988,0.997,0.974,0.99,-0.995,-0.97,0.926,-0.997,0.994,0.972,0.374,0.977,-0.993,0.948,-0.965,0.991,0.993,0.879,-0.923,-0.855,-0.991,0.936,0.917,0.982,-0.97,0.976,-0.998,-0.984,0.981,0.995,0.987,0.99,-1.0,-0.997,-0.99,-0.752,0.88,-0.991,-0.996,-0.882,-0.963,0.974,-0.977,0.984,0.995,-0.994,0.976,0.995,0.976,-0.982,-0.956,-0.987,0.995,-0.928,-0.997,-0.999,-0.959,-0.996,-0.983,-0.992,0.993,-0.994,-0.997,-0.986,-0.939,-0.999,-0.986,9.453,5.743,10.023,10.171,10.247,10.203,10.334,10.296,7.45,6.028,10.08,10.229,7.817,7.687,10.058,10.228,EssenceCatalog/problems/csplib-prob010-SocialGolfers/params/ord19-9-8-4.param
0.992,0.986,0.988,-0.99,0.984,-0.969,-0.98,0.847,0.974,-0.961,-0.984,-0.868,0.999,-0.971,-0.998,-0.988,0.998,0.443,0.994,0.837,-0.999,0.985,0.991,0.934,0.954,0.984,-0.992,-0.966,0.994,-0.998,-0.975,0.982,0.994,-0.979,0.996,0.987,0.985,-0.994,-0.964,0.92,-0.999,0.989,0.976,0.971,0.978,-0.996,0.984,-0.98,0.991,0.997,0.952,-0.99,-0.903,-0.984,0.971,0.849,0.992,-0.925,0.993,-0.996,-0.971,0.988,0.998,0.98,0.984,-0.999,-0.995,-0.993,-0.968,0.887,-0.994,-0.998,-0.887,-0.962,0.982,-0.995,0.985,0.999,-0.99,0.993,0.997,0.977,-0.975,-0.98,-0.993,0.993,-0.979,-0.996,-0.999,-0.97,-0.998,-0.99,-0.997,0.997,-0.994,-0.997,-0.978,-0.93,-0.999,-0.993,9.651,5.825,10.477,10.409,10.423,10.404,10.496,10.439,7.572,6.097,10.496,10.388,7.989,7.854,10.486,10.424,EssenceCatalog/problems/csplib-prob010-SocialGolfers/params/0a7275e2e643a1147d80e1a24ae58153.param
0.99,0.975,0.986,-0.987,0.975,-0.955,-0.969,0.801,0.966,-0.936,-0.98,-0.734,0.999,-0.964,-0.997,-0.975,0.998,0.431,0.993,0.901,-0.999,0.946,0.984,0.922,0.957,0.976,-0.989,-0.922,0.988,-0.996,-0.94,0.975,0.989,-0.97,0.986,0.981,0.98,-0.986,-0.934,0.849,-0.997,0.983,0.913,0.968,0.958,-0.992,0.98,-0.981,0.985,0.995,0.659,-0.983,-0.919,-0.925,0.823,0.666,0.99,-0.973,0.99,-0.993,-0.944,0.982,0.998,0.96,0.972,-0.997,-0.989,-0.985,-0.974,0.748,-0.984,-0.997,-0.634,-0.903,0.966,-0.994,0.986,0.999,-0.987,0.992,0.997,0.981,-0.97,-0.964,-0.97,0.989,-0.97,-0.993,-0.999,-0.958,-0.996,-0.985,-0.994,0.997,-0.993,-0.995,-0.946,-0.837,-0.998,-0.987,9.39,5.726,10.345,10.258,10.286,10.27,10.343,10.286,7.392,5.996,10.352,10.231,7.792,7.768,10.352,10.275,EssenceCatalog/problems/csplib-prob010-SocialGolfers/params/c5afd2ce38e63b0dfda3287cbcea1cce.param
0.346,0.965,-0.962,-0.981,-0.964,-0.764,0.934,0.975,0.963,-0.913,-0.919,-0.952,0.99,-0.836,-0.996,0.729,0.995,0.936,-0.908,0.298,-0.997,0.939,0.999,0.972,0.952,0.96,-0.972,-0.93,0.957,-0.988,-0.823,0.638,0.998,-0.961,0.88,0.006,0.921,-0.961,-0.933,0.57,0.851,0.987,0.864,-0.864,0.253,-0.997,0.999,-0.972,0.956,0.997,-0.882,-0.929,0.73,0.958,-0.977,0.928,0.997,-0.947,0.998,-0.987,-0.949,0.926,0.996,0.938,0.951,-0.993,0.922,-0.974,0.952,0.785,-0.93,-0.998,-0.922,-0.871,0.899,0.927,0.987,0.999,-0.981,0.135,0.997,0.995,-0.975,-0.963,0.794,0.935,-0.996,-0.977,-0.993,-0.987,-0.997,-0.984,-0.988,0.793,-0.996,-0.988,0.921,-0.398,-0.995,0.449,4.38,3.554,5.512,10.128,10.441,10.478,10.528,10.52,4.329,3.72,5.547,10.135,4.825,4.517,6.428,10.128,EssenceCatalog/problems/csplib-prob010-SocialGolfers/params/45c77a9b0cbaae12d726b45e1a19790a.param
0.979,0.964,0.972,-0.948,0.605,-0.905,-0.842,0.802,0.978,-0.864,-0.916,-0.813,0.997,-0.907,-0.991,0.918,0.98,0.88,0.967,0.925,-0.998,0.423,0.984,0.975,0.903,0.923,-0.899,-0.86,0.955,-0.987,-0.782,0.38,0.972,-0.885,0.277,0.94,0.674,-0.949,-0.794,0.724,0.709,0.989,0.611,0.858,0.513,-0.972,0.991,-0.95,0.935,0.994,-0.813,-0.977,-0.95,-0.816,-0.827,0.941,0.964,-0.741,0.981,-0.996,-0.937,0.979,0.993,0.9,0.962,-0.996,-0.827,-0.958,-0.983,0.751,-0.975,-0.992,-0.643,-0.919,0.653,-0.979,0.988,0.995,-0.992,0.955,0.992,0.987,-0.98,-0.874,-0.649,0.876,-0.974,-0.988,-0.999,-0.968,-0.985,-0.896,-0.952,0.977,-0.972,-0.981,-0.941,-0.829,-0.995,-0.316,6.964,5.349,10.4,10.404,10.416,10.377,10.358,10.391,6.321,5.537,10.375,10.4,6.639,6.54,10.421,10.413,EssenceCatalog/problems/csplib-prob010-SocialGolfers/params/3e99bc19454da9388564ea94f8dda5e5.param
0.981,0.951,0.985,-0.977,0.731,-0.898,-0.929,0.833,0.976,-0.809,-0.961,-0.717,0.997,-0.944,-0.993,0.524,0.989,0.759,0.987,0.975,-0.998,0.185,0.994,0.959,0.969,0.958,-0.975,-0.722,0.946,-0.987,-0.876,0.812,0.987,-0.933,0.392,0.972,0.918,-0.959,-0.812,0.549,-0.591,0.982,0.743,0.95,0.592,-0.981,0.992,-0.972,0.969,0.993,-0.966,-0.987,-0.972,-0.062,-0.905,0.728,0.982,-0.973,0.984,-0.992,-0.859,0.982,0.996,0.826,0.934,-0.996,-0.908,-0.979,-0.986,0.393,-0.969,-0.993,0.02,-0.878,0.622,-0.983,0.989,0.997,-0.993,0.968,0.99,0.991,-0.975,-0.887,-0.379,0.958,-0.979,-0.985,-0.999,-0.972,-0.993,-0.928,-0.963,0.986,-0.99,-0.983,-0.896,-0.758,-0.996,-0.847,7.229,5.282,10.378,10.301,10.315,10.305,10.249,10.306,6.307,5.49,10.334,10.298,6.626,6.878,10.358,10.317,EssenceCatalog/problems/csplib-prob010-SocialGolfers/params/feb6fd87860d3c23e312e1fa5279e3c6.param
0.98,0.949,0.983,-0.978,0.713,-0.895,-0.925,0.843,0.979,-0.8,-0.965,-0.728,0.997,-0.945,-0.993,0.628,0.989,0.784,0.986,0.977,-0.998,0.07,0.994,0.961,0.973,0.959,-0.976,-0.722,0.926,-0.987,-0.866,0.825,0.986,-0.929,0.202,0.97,0.922,-0.957,-0.802,0.532,-0.461,0.982,0.738,0.951,0.555,-0.982,0.993,-0.973,0.967,0.993,-0.977,-0.987,-0.973,0.163,-0.937,0.732,0.982,-0.976,0.985,-0.992,-0.851,0.981,0.996,0.791,0.926,-0.996,-0.87,-0.979,-0.985,0.406,-0.966,-0.993,0.037,-0.88,0.599,-0.98,0.99,0.997,-0.993,0.964,0.989,0.992,-0.976,-0.888,-0.203,0.957,-0.98,-0.985,-0.999,-0.974,-0.993,-0.926,-0.96,0.985,-0.991,-0.982,-0.877,-0.749,-0.996,-0.815,6.932,5.186,10.382,10.303,10.318,10.31,10.244,10.3,6.142,5.387,10.33,10.301,6.458,6.692,10.35,10.317,EssenceCatalog/problems/csplib-prob010-SocialGolfers/params/e392137590a5ab4c4f8700d385b4fac6.param
0.986,0.958,0.983,-0.981,0.76,-0.917,-0.926,0.824,0.973,-0.829,-0.957,-0.66,0.998,-0.951,-0.994,0.357,0.993,0.658,0.986,0.957,-0.999,0.334,0.995,0.954,0.975,0.968,-0.976,-0.739,0.988,-0.991,-0.928,0.778,0.99,-0.947,0.774,0.979,0.937,-0.966,-0.871,0.612,-0.779,0.987,0.767,0.926,0.641,-0.987,0.992,-0.977,0.982,0.994,-0.952,-0.987,-0.974,-0.517,-0.835,0.699,0.986,-0.986,0.987,-0.994,-0.888,0.979,0.997,0.907,0.96,-0.998,-0.971,-0.986,-0.982,0.36,-0.974,-0.995,0.084,-0.891,0.652,-0.983,0.99,0.997,-0.993,0.968,0.993,0.99,-0.974,-0.895,-0.682,0.973,-0.978,-0.989,-0.999,-0.972,-0.995,-0.944,-0.971,0.991,-0.994,-0.986,-0.943,-0.795,-0.996,-0.89,7.756,5.467,10.384,10.332,10.339,10.332,10.3,10.353,6.618,5.692,10.361,10.328,6.931,7.229,10.393,10.35,EssenceCatalog/problems/csplib-prob010-SocialGolfers/params/7f609ff875c8a49d7e4399bf84287024.param
0.982,0.953,0.981,-0.978,0.697,-0.904,-0.914,0.841,0.979,-0.809,-0.962,-0.708,0.997,-0.948,-0.993,0.669,0.99,0.771,0.984,0.97,-0.998,0.089,0.994,0.963,0.974,0.961,-0.974,-0.733,0.959,-0.988,-0.881,0.782,0.987,-0.935,0.374,0.971,0.924,-0.959,-0.821,0.56,-0.414,0.984,0.725,0.936,0.556,-0.983,0.993,-0.973,0.969,0.994,-0.975,-0.986,-0.973,-0.06,-0.931,0.752,0.983,-0.98,0.986,-0.993,-0.869,0.98,0.996,0.839,0.939,-0.997,-0.906,-0.98,-0.983,0.412,-0.967,-0.994,0.046,-0.881,0.589,-0.979,0.99,0.997,-0.994,0.963,0.99,0.992,-0.977,-0.887,-0.33,0.96,-0.98,-0.986,-0.999,-0.974,-0.994,-0.929,-0.961,0.986,-0.992,-0.983,-0.9,-0.755,-0.996,-0.804,7.078,5.268,10.386,10.325,10.345,10.325,10.274,10.328,6.25,5.475,10.341,10.325,6.563,6.802,10.371,10.34,EssenceCatalog/problems/csplib-prob010-SocialGolfers/params/402bb0ba0d3f2bba2e6dada7db5ce3e1.param
0.96,0.969,0.978,-0.958,0.843,-0.851,-0.879,0.885,0.986,-0.891,-0.972,-0.939,0.997,-0.9,-0.995,0.898,0.971,0.953,0.966,0.973,-0.997,0.477,0.972,0.985,0.857,0.866,-0.944,-0.921,-0.673,-0.986,-0.321,0.918,0.907,-0.82,-0.822,0.864,0.751,-0.946,-0.659,0.817,0.832,0.984,0.693,0.95,0.739,-0.96,0.991,-0.948,0.705,0.99,-0.721,-0.968,-0.908,0.269,-0.902,0.967,0.954,-0.054,0.981,-0.995,-0.91,0.98,0.994,0.494,0.884,-0.992,0.614,-0.899,-0.985,0.905,-0.965,-0.988,-0.906,-0.92,0.868,-0.975,0.989,0.997,-0.991,0.961,0.986,0.992,-0.987,-0.914,0.372,0.812,-0.974,-0.985,-0.998,-0.978,-0.95,-0.903,-0.955,0.937,-0.912,-0.982,-0.593,-0.802,-0.997,-0.307,5.567,4.374,10.366,10.305,10.335,10.338,10.329,10.32,5.392,4.532,10.365,10.29,5.702,5.094,10.333,10.277,EssenceCatalog/problems/csplib-prob010-SocialGolfers/params/c103dfcdf1801bb0268c7a5fa8911cbd.param
0.978,0.969,0.971,-0.953,0.558,-0.906,-0.812,0.842,0.987,-0.829,-0.943,-0.831,0.997,-0.924,-0.992,0.978,0.975,0.924,0.964,0.941,-0.998,-0.143,0.988,0.981,0.946,0.928,-0.93,-0.876,0.849,-0.985,-0.743,0.513,0.972,-0.883,-0.579,0.938,0.741,-0.949,-0.733,0.639,0.94,0.99,0.592,0.894,0.332,-0.971,0.995,-0.951,0.921,0.993,-0.955,-0.978,-0.962,-0.256,-0.957,0.955,0.964,-0.87,0.985,-0.997,-0.931,0.979,0.993,0.795,0.943,-0.997,-0.494,-0.963,-0.983,0.799,-0.968,-0.992,-0.614,-0.93,0.544,-0.968,0.991,0.995,-0.994,0.932,0.989,0.993,-0.985,-0.878,0.028,0.88,-0.979,-0.987,-0.999,-0.98,-0.984,-0.876,-0.938,0.968,-0.975,-0.978,-0.907,-0.841,-0.995,0.055,5.904,4.982,10.391,10.403,10.391,10.398,10.362,10.371,5.703,5.129,10.352,10.403,6.018,5.87,10.379,10.398,EssenceCatalog/problems/csplib-prob010-SocialGolfers/params/baf201975dcdfc3969a25eed96f87934.param
0.984,0.969,0.969,-0.957,0.544,-0.916,-0.805,0.815,0.984,-0.844,-0.924,-0.78,0.997,-0.931,-0.992,0.964,0.982,0.878,0.963,0.906,-0.998,0.069,0.989,0.976,0.948,0.945,-0.918,-0.854,0.977,-0.987,-0.839,0.281,0.98,-0.909,0.122,0.954,0.766,-0.955,-0.814,0.68,0.853,0.992,0.6,0.84,0.355,-0.978,0.994,-0.953,0.955,0.994,-0.937,-0.98,-0.965,-0.739,-0.921,0.943,0.97,-0.917,0.985,-0.997,-0.946,0.978,0.994,0.906,0.968,-0.998,-0.868,-0.972,-0.981,0.733,-0.973,-0.993,-0.494,-0.93,0.522,-0.972,0.991,0.995,-0.995,0.941,0.992,0.991,-0.982,-0.871,-0.485,0.909,-0.976,-0.989,-0.999,-0.977,-0.99,-0.892,-0.948,0.979,-0.984,-0.982,-0.953,-0.849,-0.995,-0.184,6.613,5.308,10.392,10.413,10.42,10.398,10.371,10.398,6.138,5.481,10.366,10.418,6.45,6.427,10.423,10.424,EssenceCatalog/problems/csplib-prob010-SocialGolfers/params/36c5933fbc06d1cd36a5698cb0c587ef.param
0.984,0.969,0.974,-0.956,0.59,-0.916,-0.843,0.797,0.981,-0.843,-0.921,-0.766,0.997,-0.929,-0.991,0.943,0.984,0.863,0.971,0.915,-0.998,0.156,0.989,0.973,0.942,0.943,-0.916,-0.838,0.981,-0.987,-0.852,0.271,0.98,-0.907,0.282,0.958,0.759,-0.953,-0.812,0.686,0.774,0.991,0.61,0.869,0.393,-0.977,0.994,-0.954,0.958,0.994,-0.917,-0.981,-0.967,-0.803,-0.885,0.934,0.97,-0.91,0.985,-0.996,-0.942,0.978,0.994,0.916,0.967,-0.997,-0.901,-0.972,-0.983,0.702,-0.975,-0.993,-0.441,-0.925,0.534,-0.978,0.991,0.995,-0.994,0.952,0.993,0.989,-0.981,-0.871,-0.619,0.906,-0.976,-0.989,-0.999,-0.973,-0.99,-0.904,-0.953,0.982,-0.983,-0.981,-0.959,-0.845,-0.995,-0.319,6.825,5.37,10.408,10.41,10.419,10.39,10.365,10.389,6.251,5.548,10.382,10.411,6.564,6.566,10.44,10.421,EssenceCatalog/problems/csplib-prob010-SocialGolfers/params/c07352f8a974b7634d6602a5f39cd700.param
0.96,0.969,0.969,-0.954,0.648,-0.885,-0.86,0.883,0.991,-0.816,-0.969,-0.901,0.997,-0.916,-0.994,0.985,0.961,0.96,0.966,0.967,-0.997,-0.478,0.99,0.985,0.95,0.912,-0.957,-0.905,-0.491,-0.981,-0.566,0.824,0.965,-0.844,-0.961,0.917,0.792,-0.944,-0.604,0.618,0.978,0.987,0.726,0.95,0.287,-0.968,0.996,-0.953,0.857,0.99,-0.976,-0.977,-0.961,0.806,-0.981,0.962,0.958,-0.803,0.985,-0.996,-0.893,0.978,0.992,0.31,0.874,-0.995,0.655,-0.955,-0.985,0.877,-0.962,-0.989,-0.795,-0.948,0.628,-0.951,0.99,0.996,-0.993,0.905,0.984,0.993,-0.988,-0.897,0.759,0.845,-0.983,-0.985,-0.998,-0.982,-0.97,-0.866,-0.936,0.925,-0.958,-0.973,-0.726,-0.871,-0.995,0.289,4.847,4.292,10.279,10.333,10.36,10.345,10.329,10.285,4.997,4.401,10.29,10.321,5.242,4.883,10.282,10.329,EssenceCatalog/problems/csplib-prob010-SocialGolfers/params/3ebed4f2f51162bd57ad35514e32ad9b.param
0.968,0.978,0.993,-0.978,0.978,-0.921,-0.985,0.928,0.989,-0.965,-0.993,-0.982,0.999,-0.959,-0.999,-0.531,0.994,0.969,0.992,0.987,-0.999,0.97,0.969,0.987,0.817,0.944,-0.985,-0.968,-0.829,-0.995,-0.56,0.993,0.964,-0.936,0.092,0.938,0.952,-0.987,-0.922,0.955,-0.877,0.985,0.927,0.991,0.968,-0.985,0.992,-0.969,0.902,0.994,0.687,-0.988,-0.86,-0.611,0.275,0.968,0.981,0.79,0.988,-0.997,-0.959,0.991,0.998,0.818,0.926,-0.996,0.165,-0.95,-0.991,0.962,-0.991,-0.994,-0.975,-0.975,0.983,-0.993,0.99,0.999,-0.992,0.987,0.994,0.99,-0.99,-0.975,-0.721,0.951,-0.981,-0.995,-0.998,-0.982,-0.98,-0.969,-0.989,0.975,-0.933,-0.996,-0.709,-0.936,-0.999,-0.951,8.336,5.059,10.383,10.167,10.119,10.149,10.184,10.254,6.775,5.275,10.409,10.166,7.242,6.492,10.328,10.16,EssenceCatalog/problems/csplib-prob010-SocialGolfers/params/ba6bf8da482721a26f46ba78b13e1ec9.param
0.938,0.962,0.975,-0.961,0.78,-0.849,-0.91,0.891,0.989,-0.832,-0.978,-0.935,0.996,-0.904,-0.995,0.943,0.962,0.959,0.972,0.982,-0.996,-0.118,0.989,0.983,0.933,0.905,-0.965,-0.896,-0.909,-0.981,-0.373,0.931,0.956,-0.83,-0.969,0.898,0.825,-0.938,-0.558,0.669,0.917,0.98,0.799,0.97,0.533,-0.964,0.995,-0.955,0.804,0.988,-0.955,-0.978,-0.948,0.909,-0.972,0.948,0.963,-0.563,0.981,-0.993,-0.836,0.98,0.992,-0.007,0.8,-0.99,0.846,-0.938,-0.985,0.874,-0.958,-0.987,-0.859,-0.94,0.773,-0.952,0.988,0.997,-0.991,0.933,0.978,0.993,-0.986,-0.91,0.804,0.82,-0.982,-0.981,-0.997,-0.978,-0.96,-0.883,-0.942,0.903,-0.937,-0.976,-0.408,-0.85,-0.995,-0.137,4.896,4.141,10.281,10.29,10.34,10.316,10.31,10.269,4.975,4.255,10.302,10.277,5.224,4.769,10.268,10.283,EssenceCatalog/problems/csplib-prob010-SocialGolfers/params/f64e039106572c1a3844c02700a34d07.param
0.975,0.948,0.982,-0.976,0.674,-0.885,-0.917,0.853,0.984,-0.791,-0.968,-0.78,0.997,-0.943,-0.993,0.806,0.984,0.851,0.983,0.98,-0.998,-0.148,0.994,0.967,0.974,0.953,-0.975,-0.745,0.78,-0.985,-0.811,0.837,0.983,-0.914,-0.356,0.962,0.912,-0.953,-0.751,0.496,0.057,0.981,0.721,0.957,0.483,-0.979,0.994,-0.969,0.952,0.992,-0.985,-0.986,-0.972,0.532,-0.966,0.79,0.979,-0.968,0.984,-0.992,-0.836,0.981,0.995,0.676,0.897,-0.995,-0.665,-0.974,-0.985,0.489,-0.961,-0.991,-0.07,-0.887,0.556,-0.975,0.99,0.997,-0.993,0.956,0.987,0.993,-0.979,-0.886,0.198,0.943,-0.981,-0.983,-0.998,-0.976,-0.99,-0.912,-0.951,0.978,-0.987,-0.979,-0.822,-0.745,-0.995,-0.697,6.188,4.929,10.402,10.327,10.338,10.333,10.263,10.292,5.73,5.107,10.335,10.32,6.042,6.162,10.348,10.321,EssenceCatalog/problems/csplib-prob010-SocialGolfers/params/317006996892bedfdc18800a2ec86a77.param
0.968,0.946,0.984,-0.972,0.752,-0.874,-0.93,0.852,0.977,-0.823,-0.967,-0.814,0.997,-0.923,-0.992,0.51,0.983,0.823,0.986,0.983,-0.997,0.291,0.993,0.961,0.951,0.936,-0.97,-0.748,0.592,-0.985,-0.747,0.884,0.979,-0.892,-0.151,0.953,0.896,-0.95,-0.754,0.574,-0.48,0.973,0.755,0.961,0.638,-0.975,0.99,-0.969,0.938,0.991,-0.949,-0.985,-0.959,0.305,-0.912,0.771,0.976,-0.901,0.98,-0.99,-0.817,0.982,0.995,0.665,0.879,-0.992,-0.628,-0.967,-0.986,0.543,-0.963,-0.991,-0.307,-0.885,0.706,-0.981,0.985,0.997,-0.989,0.968,0.986,0.989,-0.975,-0.893,-0.103,0.925,-0.979,-0.979,-0.998,-0.967,-0.987,-0.92,-0.956,0.976,-0.979,-0.979,-0.779,-0.711,-0.995,-0.812,6.786,5.015,10.404,10.301,10.31,10.323,10.244,10.301,6.016,5.209,10.357,10.295,6.345,6.438,10.358,10.311,EssenceCatalog/problems/csplib-prob010-SocialGolfers/params/8240b00030acd3feac243ab98233196a.param
0.957,0.967,0.978,-0.953,0.767,-0.857,-0.879,0.872,0.985,-0.881,-0.966,-0.927,0.997,-0.89,-0.993,0.911,0.967,0.947,0.969,0.972,-0.997,0.427,0.978,0.983,0.863,0.876,-0.937,-0.912,-0.51,-0.985,-0.412,0.879,0.934,-0.815,-0.799,0.882,0.725,-0.941,-0.649,0.765,0.83,0.983,0.696,0.947,0.677,-0.959,0.99,-0.949,0.769,0.99,-0.789,-0.971,-0.921,0.235,-0.907,0.961,0.954,-0.159,0.979,-0.995,-0.902,0.981,0.993,0.522,0.88,-0.991,0.495,-0.919,-0.985,0.882,-0.968,-0.988,-0.878,-0.929,0.822,-0.972,0.987,0.996,-0.99,0.955,0.984,0.99,-0.986,-0.905,0.26,0.811,-0.976,-0.984,-0.998,-0.975,-0.957,-0.888,-0.946,0.938,-0.921,-0.979,-0.651,-0.816,-0.996,-0.256,5.602,4.444,10.368,10.31,10.324,10.332,10.307,10.304,5.417,4.597,10.363,10.295,5.729,5.182,10.331,10.284,EssenceCatalog/problems/csplib-prob010-SocialGolfers/params/cc973368dafdb410377190920fb4869b.param
0.965,0.969,0.972,-0.957,0.682,-0.894,-0.868,0.875,0.992,-0.808,-0.971,-0.889,0.997,-0.926,-0.994,0.986,0.961,0.959,0.968,0.97,-0.997,-0.551,0.988,0.985,0.959,0.918,-0.961,-0.902,-0.427,-0.981,-0.578,0.824,0.962,-0.859,-0.961,0.925,0.814,-0.945,-0.603,0.613,0.977,0.988,0.704,0.953,0.289,-0.967,0.996,-0.953,0.857,0.989,-0.982,-0.976,-0.965,0.802,-0.984,0.959,0.957,-0.859,0.983,-0.996,-0.896,0.978,0.992,0.292,0.875,-0.995,0.594,-0.953,-0.986,0.869,-0.958,-0.989,-0.754,-0.945,0.602,-0.956,0.991,0.996,-0.994,0.913,0.983,0.994,-0.988,-0.894,0.772,0.859,-0.981,-0.986,-0.998,-0.982,-0.969,-0.867,-0.931,0.931,-0.961,-0.972,-0.756,-0.87,-0.995,0.277,4.859,4.318,10.298,10.34,10.368,10.353,10.337,10.294,5.004,4.427,10.306,10.328,5.251,4.92,10.302,10.335,EssenceCatalog/problems/csplib-prob010-SocialGolfers/params/4f9eecf8537445f5f2a9ad6db02702f0.param
0.983,0.955,0.984,-0.98,0.749,-0.907,-0.931,0.834,0.974,-0.82,-0.961,-0.691,0.998,-0.947,-0.993,0.385,0.991,0.716,0.987,0.971,-0.998,0.275,0.995,0.956,0.971,0.962,-0.977,-0.729,0.971,-0.989,-0.899,0.813,0.989,-0.94,0.606,0.975,0.929,-0.962,-0.837,0.572,-0.718,0.983,0.752,0.944,0.63,-0.984,0.992,-0.974,0.975,0.994,-0.959,-0.988,-0.972,-0.243,-0.873,0.7,0.985,-0.98,0.986,-0.993,-0.868,0.981,0.997,0.865,0.944,-0.997,-0.941,-0.983,-0.984,0.369,-0.971,-0.994,0.059,-0.878,0.652,-0.983,0.99,0.997,-0.993,0.97,0.991,0.991,-0.975,-0.893,-0.529,0.966,-0.979,-0.987,-0.999,-0.972,-0.994,-0.937,-0.968,0.989,-0.992,-0.985,-0.914,-0.762,-0.996,-0.875,7.515,5.372,10.373,10.306,10.319,10.311,10.263,10.318,6.465,5.589,10.338,10.301,6.783,7.067,10.367,10.325,EssenceCatalog/problems/csplib-prob010-SocialGolfers/params/1443dc81149b81f26c169173dd6dc9fa.param
0.97,0.97,0.97,-0.948,0.613,-0.893,-0.827,0.859,0.989,-0.834,-0.955,-0.879,0.997,-0.913,-0.993,0.983,0.967,0.949,0.961,0.957,-0.997,-0.206,0.986,0.984,0.934,0.904,-0.938,-0.9,0.352,-0.983,-0.615,0.681,0.961,-0.855,-0.844,0.918,0.713,-0.945,-0.665,0.648,0.969,0.989,0.635,0.919,0.36,-0.968,0.995,-0.949,0.873,0.992,-0.951,-0.976,-0.955,0.246,-0.965,0.965,0.958,-0.768,0.984,-0.996,-0.921,0.979,0.992,0.646,0.917,-0.996,0.169,-0.951,-0.984,0.86,-0.965,-0.99,-0.767,-0.937,0.628,-0.962,0.991,0.995,-0.993,0.924,0.988,0.993,-0.987,-0.888,0.388,0.841,-0.981,-0.986,-0.998,-0.981,-0.974,-0.873,-0.935,0.951,-0.96,-0.976,-0.832,-0.854,-0.995,0.221,5.373,4.629,10.335,10.375,10.38,10.382,10.345,10.329,5.353,4.761,10.31,10.37,5.633,5.336,10.326,10.367,EssenceCatalog/problems/csplib-prob010-SocialGolfers/params/b07bdc4fb5fb3f9b96df916fdfda673d.param
0.968,0.968,0.971,-0.955,0.603,-0.892,-0.842,0.87,0.99,-0.809,-0.963,-0.872,0.997,-0.923,-0.993,0.983,0.966,0.949,0.965,0.963,-0.997,-0.432,0.99,0.983,0.955,0.921,-0.953,-0.891,0.093,-0.982,-0.632,0.748,0.967,-0.86,-0.916,0.927,0.792,-0.945,-0.645,0.598,0.969,0.988,0.664,0.938,0.277,-0.969,0.996,-0.953,0.881,0.991,-0.977,-0.978,-0.963,0.621,-0.979,0.957,0.961,-0.859,0.985,-0.996,-0.905,0.979,0.992,0.499,0.9,-0.995,0.306,-0.958,-0.984,0.84,-0.961,-0.99,-0.705,-0.936,0.574,-0.957,0.991,0.995,-0.994,0.916,0.986,0.994,-0.987,-0.889,0.626,0.863,-0.982,-0.985,-0.998,-0.982,-0.976,-0.871,-0.934,0.946,-0.967,-0.974,-0.801,-0.849,-0.995,0.211,5.091,4.483,10.311,10.357,10.372,10.368,10.327,10.299,5.156,4.603,10.297,10.35,5.413,5.15,10.307,10.355,EssenceCatalog/problems/csplib-prob010-SocialGolfers/params/029475c470abef2d60ace8f6200db50f.param
0.97,0.969,0.97,-0.952,0.597,-0.896,-0.837,0.868,0.99,-0.814,-0.959,-0.868,0.997,-0.922,-0.993,0.985,0.966,0.948,0.965,0.961,-0.998,-0.402,0.989,0.983,0.952,0.916,-0.949,-0.891,0.26,-0.982,-0.645,0.711,0.967,-0.861,-0.897,0.929,0.77,-0.946,-0.656,0.607,0.971,0.989,0.65,0.932,0.282,-0.969,0.996,-0.952,0.886,0.991,-0.973,-0.978,-0.963,0.491,-0.976,0.959,0.959,-0.848,0.985,-0.996,-0.912,0.979,0.992,0.56,0.906,-0.996,0.208,-0.958,-0.984,0.846,-0.963,-0.99,-0.707,-0.938,0.564,-0.959,0.991,0.995,-0.994,0.918,0.987,0.993,-0.987,-0.888,0.537,0.859,-0.982,-0.986,-0.999,-0.982,-0.976,-0.869,-0.933,0.949,-0.966,-0.974,-0.83,-0.856,-0.994,0.223,5.192,4.555,10.32,10.365,10.372,10.372,10.33,10.308,5.23,4.679,10.299,10.359,5.496,5.24,10.313,10.362,EssenceCatalog/problems/csplib-prob010-SocialGolfers/params/9b6c997e6e389445707649a1d7f9eb44.param
0.926,0.969,0.971,-0.962,0.802,-0.844,-0.886,0.923,0.987,-0.938,-0.982,-0.975,0.998,-0.877,-0.997,0.549,0.987,0.957,0.959,0.967,-0.998,0.888,0.983,0.985,0.789,0.934,-0.951,-0.949,-0.877,-0.989,-0.463,0.965,0.976,-0.848,-0.673,0.856,0.849,-0.971,-0.829,0.886,0.273,0.98,0.904,0.949,0.892,-0.974,0.994,-0.966,0.848,0.993,0.008,-0.978,-0.84,0.274,-0.691,0.971,0.979,0.657,0.984,-0.996,-0.92,0.988,0.996,0.61,0.896,-0.992,0.711,-0.941,-0.979,0.934,-0.984,-0.994,-0.965,-0.962,0.949,-0.965,0.987,0.999,-0.99,0.957,0.992,0.989,-0.989,-0.944,0.089,0.865,-0.984,-0.99,-0.998,-0.978,-0.978,-0.941,-0.981,0.939,-0.929,-0.99,-0.378,-0.852,-0.998,-0.716,6.328,4.442,10.37,10.308,10.293,10.327,10.301,10.307,5.767,4.629,10.386,10.284,6.135,5.348,10.319,10.262,EssenceCatalog/problems/csplib-prob010-SocialGolfers/params/ord32-6-10-6.param
0.986,0.968,0.976,-0.959,0.656,-0.922,-0.868,0.773,0.976,-0.849,-0.912,-0.732,0.997,-0.932,-0.991,0.896,0.987,0.808,0.975,0.904,-0.998,0.305,0.988,0.968,0.943,0.949,-0.917,-0.82,0.992,-0.988,-0.885,0.224,0.982,-0.918,0.627,0.965,0.788,-0.955,-0.843,0.714,0.522,0.991,0.638,0.862,0.45,-0.98,0.993,-0.957,0.969,0.995,-0.882,-0.982,-0.969,-0.894,-0.804,0.916,0.974,-0.928,0.985,-0.996,-0.944,0.976,0.994,0.941,0.974,-0.998,-0.956,-0.975,-0.984,0.646,-0.976,-0.994,-0.372,-0.92,0.572,-0.982,0.99,0.995,-0.994,0.961,0.994,0.987,-0.977,-0.871,-0.785,0.923,-0.973,-0.99,-0.999,-0.97,-0.992,-0.921,-0.96,0.986,-0.986,-0.982,-0.97,-0.852,-0.995,-0.52,7.222,5.484,10.41,10.41,10.433,10.385,10.368,10.396,6.466,5.675,10.393,10.411,6.775,6.836,10.453,10.427,EssenceCatalog/problems/csplib-prob010-SocialGolfers/params/73410a11ce746104538dfde8d9377276.param
0.991,0.991,0.994,-0.99,0.988,-0.973,-0.99,0.945,0.987,-0.978,-0.989,-0.984,0.999,-0.984,-0.999,-0.947,0.997,0.923,0.996,0.926,-1.0,0.994,0.984,0.985,0.899,0.981,-0.988,-0.983,0.985,-0.998,-0.975,0.987,0.992,-0.982,0.991,0.989,0.974,-0.998,-0.983,0.977,-0.994,0.994,0.981,0.984,0.986,-0.995,0.992,-0.972,0.988,0.997,0.98,-0.992,-0.852,-0.996,0.987,0.984,0.988,0.792,0.994,-0.999,-0.993,0.994,0.998,0.989,0.992,-0.999,-0.992,-0.991,-0.987,0.978,-0.997,-0.998,-0.978,-0.989,0.986,-0.997,0.986,0.999,-0.997,0.99,0.998,0.984,-0.989,-0.986,-0.997,0.988,-0.981,-0.998,-0.999,-0.983,-0.996,-0.99,-0.998,0.996,-0.99,-0.998,-0.994,-0.98,-0.999,-0.991,9.679,5.754,10.495,10.425,10.315,10.342,10.445,10.472,7.643,6.016,10.471,10.373,8.131,7.592,10.433,10.411,EssenceCatalog/problems/csplib-prob010-SocialGolfers/params/3dcf29004954a8e350abab7d6238dfe8.param
0.977,0.969,0.97,-0.946,0.698,-0.895,-0.836,0.821,0.977,-0.885,-0.919,-0.856,0.997,-0.9,-0.991,0.895,0.982,0.9,0.96,0.92,-0.998,0.621,0.974,0.978,0.85,0.903,-0.886,-0.888,0.927,-0.989,-0.704,0.529,0.96,-0.878,0.33,0.917,0.618,-0.952,-0.772,0.791,0.726,0.99,0.604,0.856,0.637,-0.972,0.99,-0.946,0.9,0.994,-0.583,-0.971,-0.923,-0.861,-0.737,0.954,0.965,-0.463,0.982,-0.996,-0.948,0.978,0.994,0.903,0.963,-0.996,-0.732,-0.943,-0.983,0.822,-0.977,-0.992,-0.783,-0.909,0.776,-0.979,0.989,0.996,-0.992,0.963,0.993,0.987,-0.982,-0.886,-0.675,0.853,-0.974,-0.988,-0.999,-0.968,-0.982,-0.915,-0.963,0.976,-0.961,-0.984,-0.921,-0.802,-0.995,-0.294,7.124,5.326,10.396,10.397,10.422,10.363,10.368,10.396,6.414,5.53,10.371,10.386,6.737,6.498,10.406,10.399,EssenceCatalog/problems/csplib-prob010-SocialGolfers/params/f23b740ba278a66c3b9a076f2acde44e.param
0.97,0.967,0.973,-0.956,0.656,-0.89,-0.847,0.861,0.989,-0.82,-0.959,-0.867,0.997,-0.922,-0.993,0.976,0.969,0.946,0.966,0.966,-0.997,-0.286,0.987,0.982,0.947,0.909,-0.949,-0.881,0.19,-0.983,-0.584,0.751,0.957,-0.857,-0.876,0.922,0.768,-0.94,-0.624,0.626,0.954,0.987,0.617,0.936,0.372,-0.967,0.995,-0.952,0.865,0.991,-0.964,-0.976,-0.959,0.466,-0.97,0.954,0.959,-0.827,0.985,-0.996,-0.902,0.979,0.993,0.578,0.898,-0.995,0.237,-0.949,-0.984,0.826,-0.959,-0.99,-0.692,-0.919,0.622,-0.965,0.991,0.995,-0.993,0.934,0.987,0.993,-0.987,-0.89,0.511,0.854,-0.98,-0.985,-0.998,-0.98,-0.973,-0.881,-0.936,0.953,-0.962,-0.975,-0.803,-0.825,-0.995,0.104,5.258,4.547,10.33,10.354,10.375,10.372,10.333,10.308,5.259,4.677,10.308,10.349,5.525,5.256,10.323,10.348,EssenceCatalog/problems/csplib-prob010-SocialGolfers/params/de7b225d30cb020aea1d2cf4fb0737b8.param
0.973,0.966,0.973,-0.945,0.641,-0.891,-0.831,0.832,0.981,-0.866,-0.936,-0.867,0.997,-0.898,-0.991,0.94,0.972,0.921,0.963,0.946,-0.997,0.391,0.981,0.979,0.881,0.893,-0.913,-0.887,0.747,-0.986,-0.647,0.606,0.958,-0.856,-0.318,0.913,0.639,-0.944,-0.721,0.723,0.844,0.987,0.608,0.895,0.556,-0.965,0.991,-0.943,0.876,0.992,-0.809,-0.974,-0.936,-0.556,-0.877,0.958,0.954,-0.519,0.98,-0.996,-0.928,0.98,0.993,0.808,0.94,-0.995,-0.411,-0.942,-0.983,0.826,-0.972,-0.99,-0.775,-0.921,0.715,-0.974,0.988,0.995,-0.992,0.951,0.989,0.99,-0.983,-0.883,-0.333,0.839,-0.975,-0.986,-0.998,-0.971,-0.975,-0.884,-0.943,0.965,-0.953,-0.98,-0.879,-0.82,-0.995,-0.159,6.413,5.057,10.402,10.38,10.379,10.374,10.343,10.366,5.985,5.236,10.373,10.374,6.312,6.033,10.389,10.374,EssenceCatalog/problems/csplib-prob010-SocialGolfers/params/30a02b20e1df46c9a56f77a017579fa4.param
0.989,0.977,0.99,-0.987,0.962,-0.946,-0.98,0.785,0.96,-0.91,-0.973,-0.719,0.998,-0.955,-0.996,-0.963,0.997,0.437,0.996,0.947,-0.999,0.931,0.993,0.913,0.956,0.97,-0.987,-0.902,0.991,-0.995,-0.955,0.958,0.993,-0.965,0.982,0.988,0.967,-0.986,-0.922,0.798,-0.996,0.982,0.93,0.979,0.936,-0.993,0.983,-0.977,0.99,0.995,0.496,-0.99,-0.954,-0.917,0.779,0.633,0.991,-0.972,0.99,-0.993,-0.935,0.985,0.998,0.953,0.973,-0.997,-0.993,-0.99,-0.985,0.624,-0.987,-0.997,-0.573,-0.911,0.951,-0.994,0.986,0.999,-0.988,0.992,0.996,0.977,-0.968,-0.959,-0.972,0.987,-0.978,-0.992,-0.999,-0.96,-0.997,-0.984,-0.993,0.997,-0.994,-0.993,-0.962,-0.866,-0.998,-0.987,9.318,5.715,10.346,10.246,10.258,10.255,10.318,10.26,7.347,5.98,10.347,10.216,7.746,7.763,10.345,10.259,EssenceCatalog/problems/csplib-prob010-SocialGolfers/params/1e0dff26d92091d583098051d037938b.param
0.967,0.974,0.991,-0.97,0.964,-0.888,-0.969,0.905,0.989,-0.939,-0.989,-0.972,0.998,-0.937,-0.997,0.396,0.987,0.968,0.985,0.984,-0.998,0.88,0.948,0.988,0.82,0.901,-0.973,-0.953,-0.916,-0.992,-0.281,0.984,0.892,-0.871,-0.616,0.895,0.895,-0.973,-0.813,0.931,-0.066,0.984,0.828,0.983,0.934,-0.972,0.991,-0.962,0.742,0.992,0.017,-0.977,-0.893,-0.168,-0.59,0.971,0.971,0.609,0.982,-0.996,-0.941,0.987,0.997,0.618,0.895,-0.993,0.632,-0.894,-0.99,0.952,-0.98,-0.991,-0.961,-0.956,0.966,-0.99,0.99,0.999,-0.992,0.982,0.99,0.991,-0.989,-0.957,-0.124,0.891,-0.972,-0.992,-0.998,-0.98,-0.952,-0.95,-0.977,0.954,-0.886,-0.992,-0.585,-0.891,-0.999,-0.818,6.777,4.589,10.459,10.277,10.268,10.292,10.301,10.348,5.988,4.787,10.479,10.264,6.389,5.607,10.4,10.244,EssenceCatalog/problems/csplib-prob010-SocialGolfers/params/03ed772479441587cdc0677894b3ab73.param
0.967,0.972,0.982,-0.96,0.883,-0.871,-0.9,0.885,0.986,-0.911,-0.974,-0.943,0.998,-0.915,-0.995,0.848,0.976,0.956,0.971,0.969,-0.998,0.661,0.957,0.987,0.834,0.862,-0.943,-0.931,-0.585,-0.989,-0.301,0.93,0.881,-0.827,-0.698,0.867,0.785,-0.953,-0.696,0.859,0.718,0.986,0.673,0.947,0.825,-0.96,0.989,-0.949,0.688,0.991,-0.529,-0.966,-0.896,-0.139,-0.835,0.971,0.955,0.207,0.979,-0.996,-0.927,0.982,0.995,0.643,0.906,-0.993,0.505,-0.888,-0.986,0.919,-0.97,-0.988,-0.918,-0.927,0.9,-0.982,0.988,0.997,-0.992,0.968,0.987,0.991,-0.988,-0.917,0.084,0.829,-0.97,-0.988,-0.998,-0.977,-0.946,-0.91,-0.959,0.945,-0.899,-0.986,-0.699,-0.827,-0.997,-0.448,6.008,4.518,10.428,10.308,10.327,10.337,10.339,10.35,5.652,4.707,10.428,10.297,6.0,5.325,10.383,10.272,EssenceCatalog/problems/csplib-prob010-SocialGolfers/params/1a2ea6c1e796f72664f52c3b2d8a4348.param
0.964,0.939,0.982,-0.979,0.734,-0.853,-0.934,0.882,0.983,-0.792,-0.977,-0.842,0.997,-0.941,-0.994,0.533,0.986,0.864,0.984,0.989,-0.997,0.102,0.994,0.965,0.971,0.951,-0.982,-0.76,0.18,-0.984,-0.71,0.931,0.982,-0.918,-0.558,0.954,0.93,-0.954,-0.716,0.515,-0.344,0.973,0.787,0.97,0.622,-0.978,0.994,-0.971,0.938,0.991,-0.982,-0.986,-0.965,0.828,-0.963,0.735,0.982,-0.95,0.981,-0.989,-0.791,0.983,0.995,0.455,0.846,-0.992,-0.291,-0.969,-0.983,0.488,-0.957,-0.991,-0.219,-0.877,0.713,-0.971,0.989,0.998,-0.992,0.965,0.984,0.993,-0.981,-0.906,0.483,0.942,-0.983,-0.981,-0.998,-0.974,-0.989,-0.928,-0.959,0.973,-0.985,-0.981,-0.597,-0.709,-0.996,-0.809,6.081,4.678,10.364,10.28,10.305,10.31,10.235,10.27,5.571,4.855,10.317,10.269,5.876,5.929,10.307,10.268,EssenceCatalog/problems/csplib-prob010-SocialGolfers/params/88d938795cb9b5b85b1788f927002c6c.param
0.986,0.973,0.988,-0.962,0.9,-0.947,-0.968,0.72,0.951,-0.882,-0.927,-0.724,0.997,-0.928,-0.992,-0.488,0.994,0.69,0.993,0.933,-0.998,0.845,0.983,0.944,0.917,0.95,-0.945,-0.847,0.993,-0.993,-0.9,0.743,0.982,-0.928,0.936,0.977,0.835,-0.968,-0.865,0.791,-0.885,0.982,0.782,0.959,0.801,-0.985,0.985,-0.964,0.98,0.995,0.309,-0.987,-0.963,-0.977,0.488,0.857,0.979,-0.809,0.984,-0.994,-0.942,0.979,0.996,0.961,0.976,-0.995,-0.989,-0.977,-0.992,0.649,-0.983,-0.996,-0.568,-0.908,0.841,-0.994,0.982,0.997,-0.987,0.987,0.996,0.967,-0.958,-0.935,-0.975,0.951,-0.971,-0.99,-0.998,-0.946,-0.995,-0.966,-0.987,0.995,-0.98,-0.984,-0.98,-0.866,-0.996,-0.926,8.954,5.651,10.283,10.186,10.191,10.165,10.226,10.2,7.189,5.898,10.281,10.151,7.579,7.556,10.284,10.193,EssenceCatalog/problems/csplib-prob010-SocialGolfers/params/62bf9244739de002c36f860ec816a26d.param
0.98,0.968,0.972,-0.952,0.551,-0.906,-0.825,0.825,0.984,-0.832,-0.931,-0.805,0.997,-0.923,-0.991,0.965,0.978,0.906,0.967,0.933,-0.998,0.014,0.989,0.977,0.939,0.93,-0.92,-0.855,0.937,-0.986,-0.791,0.398,0.975,-0.888,-0.239,0.946,0.732,-0.95,-0.767,0.656,0.891,0.99,0.6,0.888,0.348,-0.973,0.994,-0.952,0.938,0.994,-0.935,-0.98,-0.963,-0.568,-0.929,0.947,0.965,-0.872,0.985,-0.996,-0.935,0.979,0.993,0.863,0.955,-0.997,-0.731,-0.967,-0.984,0.757,-0.972,-0.992,-0.546,-0.926,0.537,-0.973,0.991,0.995,-0.994,0.942,0.991,0.991,-0.983,-0.87,-0.32,0.884,-0.978,-0.987,-0.999,-0.976,-0.987,-0.888,-0.945,0.974,-0.978,-0.979,-0.933,-0.838,-0.994,-0.112,6.339,5.178,10.403,10.393,10.384,10.386,10.344,10.366,5.962,5.34,10.367,10.396,6.282,6.197,10.407,10.397,EssenceCatalog/problems/csplib-prob010-SocialGolfers/params/d9aac1f4c0cc888f2e93bdaab075c0df.param
0.983,0.968,0.967,-0.949,0.572,-0.914,-0.797,0.8,0.982,-0.858,-0.912,-0.801,0.997,-0.921,-0.991,0.961,0.982,0.882,0.958,0.885,-0.998,0.233,0.983,0.976,0.931,0.936,-0.894,-0.863,0.978,-0.987,-0.82,0.219,0.976,-0.902,0.256,0.945,0.699,-0.953,-0.804,0.722,0.853,0.992,0.586,0.807,0.414,-0.975,0.993,-0.948,0.946,0.994,-0.889,-0.975,-0.958,-0.838,-0.889,0.95,0.965,-0.867,0.981,-0.997,-0.95,0.977,0.993,0.92,0.971,-0.998,-0.874,-0.964,-0.981,0.754,-0.974,-0.993,-0.587,-0.93,0.578,-0.975,0.99,0.994,-0.994,0.942,0.992,0.989,-0.982,-0.869,-0.593,0.892,-0.974,-0.99,-0.999,-0.972,-0.988,-0.893,-0.949,0.978,-0.979,-0.982,-0.956,-0.85,-0.995,-0.156,6.758,5.346,10.363,10.397,10.415,10.376,10.357,10.39,6.228,5.523,10.343,10.401,6.536,6.478,10.403,10.41,EssenceCatalog/problems/csplib-prob010-SocialGolfers/params/5f2c8fb8f18664ebb89cd43f390144a5.param
0.359,0.961,-0.994,-0.98,-0.992,-0.735,0.993,0.981,0.966,-0.94,-0.866,-0.945,0.991,-0.879,-0.997,0.936,0.98,0.954,-0.993,-0.831,-0.996,0.936,0.998,0.984,0.962,0.97,-0.974,-0.954,0.987,-0.989,-0.875,0.497,0.996,-0.97,0.934,-0.526,0.932,-0.966,-0.96,0.524,0.93,0.993,0.749,-0.988,0.115,-0.994,0.997,-0.937,0.923,0.991,-0.935,-0.582,0.926,0.96,-0.977,0.965,0.989,-0.958,0.99,-0.993,-0.966,0.864,0.99,0.967,0.981,-0.997,0.894,-0.963,0.994,0.84,-0.933,-0.994,-0.944,-0.93,0.859,0.987,0.983,0.996,-0.986,-0.806,0.987,0.995,-0.977,-0.936,0.9,0.956,-0.988,-0.979,-0.993,-0.989,-0.992,-0.944,-0.976,0.297,-0.995,-0.988,0.937,-0.676,-0.994,0.846,4.067,3.396,4.733,9.935,10.3,10.271,10.41,10.509,4.039,3.547,4.749,9.976,4.617,4.195,5.685,9.954,EssenceCatalog/problems/csplib-prob010-SocialGolfers/params/6eb7cd514e400a45297943429fecbcd8.param
0.959,0.951,0.982,-0.966,0.756,-0.854,-0.917,0.861,0.979,-0.844,-0.968,-0.874,0.997,-0.909,-0.993,0.675,0.977,0.892,0.981,0.983,-0.997,0.421,0.989,0.972,0.923,0.912,-0.959,-0.82,-0.099,-0.984,-0.559,0.897,0.965,-0.861,-0.566,0.928,0.849,-0.941,-0.69,0.654,0.013,0.973,0.741,0.96,0.677,-0.966,0.989,-0.96,0.882,0.99,-0.904,-0.981,-0.943,0.397,-0.914,0.87,0.969,-0.673,0.976,-0.991,-0.837,0.983,0.994,0.54,0.857,-0.99,-0.097,-0.948,-0.985,0.71,-0.963,-0.989,-0.647,-0.894,0.774,-0.976,0.985,0.997,-0.989,0.964,0.981,0.989,-0.98,-0.894,0.11,0.883,-0.977,-0.979,-0.998,-0.969,-0.977,-0.906,-0.95,0.96,-0.96,-0.979,-0.66,-0.742,-0.996,-0.71,6.203,4.697,10.425,10.326,10.341,10.35,10.29,10.325,5.69,4.876,10.401,10.317,6.017,5.829,10.38,10.311,EssenceCatalog/problems/csplib-prob010-SocialGolfers/params/c3103449cd815ed311eecab6061a6dbe.param
0.96,0.974,0.986,-0.968,0.913,-0.873,-0.94,0.906,0.987,-0.932,-0.983,-0.962,0.998,-0.918,-0.997,0.613,0.982,0.962,0.978,0.98,-0.998,0.85,0.97,0.988,0.818,0.895,-0.962,-0.948,-0.821,-0.991,-0.316,0.967,0.924,-0.845,-0.628,0.879,0.858,-0.966,-0.788,0.898,0.237,0.984,0.799,0.97,0.893,-0.969,0.99,-0.955,0.74,0.992,-0.239,-0.976,-0.882,-0.067,-0.712,0.97,0.965,0.473,0.98,-0.996,-0.93,0.987,0.996,0.614,0.897,-0.993,0.575,-0.912,-0.986,0.934,-0.98,-0.99,-0.952,-0.951,0.944,-0.984,0.989,0.998,-0.991,0.974,0.987,0.991,-0.989,-0.94,-0.04,0.867,-0.976,-0.99,-0.998,-0.979,-0.959,-0.93,-0.969,0.945,-0.9,-0.99,-0.573,-0.865,-0.998,-0.706,6.463,4.548,10.463,10.32,10.316,10.338,10.333,10.368,5.851,4.742,10.477,10.302,6.228,5.494,10.409,10.284,EssenceCatalog/problems/csplib-prob010-SocialGolfers/params/e992c27901c135fdc87d9ed779fedd02.param
0.991,0.988,0.993,-0.987,0.987,-0.967,-0.989,0.809,0.967,-0.952,-0.979,-0.85,0.999,-0.969,-0.997,-0.99,0.998,0.495,0.997,0.906,-0.999,0.982,0.991,0.917,0.944,0.977,-0.99,-0.963,0.995,-0.997,-0.977,0.976,0.993,-0.971,0.995,0.99,0.976,-0.993,-0.955,0.907,-0.998,0.986,0.971,0.986,0.976,-0.995,0.982,-0.976,0.991,0.997,0.96,-0.992,-0.932,-0.989,0.978,0.852,0.991,-0.888,0.994,-0.995,-0.972,0.988,0.998,0.979,0.982,-0.998,-0.996,-0.993,-0.985,0.868,-0.993,-0.998,-0.876,-0.96,0.979,-0.996,0.983,0.999,-0.989,0.994,0.997,0.969,-0.973,-0.978,-0.995,0.99,-0.976,-0.995,-0.999,-0.965,-0.997,-0.99,-0.997,0.998,-0.993,-0.996,-0.985,-0.933,-0.999,-0.993,9.643,5.818,10.478,10.395,10.404,10.384,10.474,10.419,7.562,6.09,10.491,10.367,7.985,7.844,10.481,10.405,EssenceCatalog/problems/csplib-prob010-SocialGolfers/params/cf87666fa91ed7c481d01eb96809d6d7.param
0.974,0.942,0.981,-0.981,0.731,-0.879,-0.927,0.871,0.984,-0.79,-0.975,-0.777,0.997,-0.948,-0.994,0.62,0.987,0.831,0.983,0.984,-0.998,-0.053,0.995,0.963,0.98,0.959,-0.982,-0.729,0.72,-0.986,-0.804,0.907,0.984,-0.925,-0.278,0.962,0.941,-0.956,-0.761,0.511,-0.406,0.978,0.759,0.96,0.581,-0.981,0.994,-0.973,0.954,0.992,-0.987,-0.985,-0.971,0.709,-0.966,0.71,0.981,-0.978,0.983,-0.99,-0.814,0.981,0.996,0.624,0.886,-0.995,-0.66,-0.974,-0.983,0.424,-0.958,-0.991,0.002,-0.878,0.637,-0.975,0.99,0.997,-0.993,0.961,0.986,0.993,-0.979,-0.901,0.315,0.956,-0.982,-0.983,-0.998,-0.975,-0.991,-0.923,-0.956,0.98,-0.989,-0.983,-0.758,-0.724,-0.996,-0.795,6.344,4.897,10.371,10.292,10.311,10.312,10.238,10.283,5.767,5.086,10.309,10.287,6.08,6.258,10.313,10.292,EssenceCatalog/problems/csplib-prob010-SocialGolfers/params/762f7b1ad9d8ebcdd57d605197696f35.param
0.964,0.965,0.977,-0.951,0.682,-0.875,-0.858,0.852,0.986,-0.844,-0.957,-0.888,0.997,-0.907,-0.992,0.958,0.964,0.943,0.968,0.967,-0.997,0.076,0.982,0.982,0.911,0.888,-0.936,-0.892,0.011,-0.983,-0.528,0.775,0.948,-0.843,-0.817,0.908,0.725,-0.939,-0.644,0.678,0.905,0.985,0.643,0.934,0.513,-0.96,0.992,-0.945,0.834,0.99,-0.915,-0.974,-0.946,0.232,-0.947,0.956,0.952,-0.593,0.978,-0.995,-0.902,0.98,0.992,0.595,0.897,-0.994,0.225,-0.938,-0.985,0.843,-0.965,-0.988,-0.785,-0.924,0.701,-0.969,0.989,0.995,-0.992,0.943,0.983,0.991,-0.985,-0.886,0.289,0.828,-0.976,-0.984,-0.998,-0.975,-0.965,-0.867,-0.931,0.943,-0.944,-0.976,-0.778,-0.829,-0.995,-0.075,5.517,4.579,10.361,10.342,10.352,10.354,10.319,10.313,5.4,4.722,10.341,10.334,5.695,5.328,10.337,10.326,EssenceCatalog/problems/csplib-prob010-SocialGolfers/params/26c3502fd9febdd9674fec88abf8a662.param
0.984,0.956,0.983,-0.979,0.748,-0.911,-0.927,0.82,0.974,-0.822,-0.956,-0.674,0.997,-0.947,-0.993,0.445,0.992,0.702,0.987,0.964,-0.998,0.286,0.994,0.956,0.971,0.964,-0.973,-0.729,0.982,-0.989,-0.911,0.767,0.989,-0.94,0.682,0.976,0.924,-0.962,-0.853,0.595,-0.698,0.985,0.749,0.936,0.604,-0.985,0.992,-0.975,0.978,0.994,-0.954,-0.987,-0.974,-0.441,-0.856,0.718,0.985,-0.981,0.986,-0.993,-0.881,0.98,0.996,0.889,0.953,-0.997,-0.958,-0.983,-0.984,0.372,-0.972,-0.994,0.061,-0.885,0.633,-0.984,0.99,0.997,-0.993,0.969,0.992,0.99,-0.974,-0.891,-0.621,0.966,-0.978,-0.987,-0.999,-0.971,-0.995,-0.937,-0.969,0.99,-0.993,-0.984,-0.933,-0.78,-0.996,-0.869,7.605,5.425,10.378,10.318,10.326,10.314,10.276,10.331,6.534,5.644,10.349,10.313,6.85,7.131,10.38,10.334,EssenceCatalog/problems/csplib-prob010-SocialGolfers/params/8e7c05e8f307a080268fddb58ef23d3e.param
0.978,0.967,0.968,-0.943,0.573,-0.903,-0.812,0.828,0.984,-0.84,-0.932,-0.847,0.997,-0.911,-0.991,0.977,0.978,0.926,0.96,0.934,-0.998,0.069,0.985,0.98,0.927,0.917,-0.913,-0.876,0.887,-0.985,-0.729,0.415,0.969,-0.875,-0.406,0.932,0.653,-0.947,-0.73,0.679,0.942,0.991,0.592,0.875,0.373,-0.973,0.995,-0.949,0.918,0.994,-0.922,-0.977,-0.957,-0.53,-0.936,0.961,0.965,-0.804,0.985,-0.997,-0.938,0.978,0.993,0.84,0.95,-0.996,-0.553,-0.957,-0.984,0.809,-0.969,-0.992,-0.683,-0.93,0.591,-0.971,0.991,0.995,-0.994,0.938,0.992,0.991,-0.985,-0.882,-0.208,0.856,-0.98,-0.988,-0.999,-0.976,-0.983,-0.894,-0.946,0.97,-0.971,-0.979,-0.914,-0.84,-0.995,0.05,6.165,5.084,10.382,10.391,10.384,10.385,10.348,10.365,5.866,5.241,10.351,10.391,6.184,6.012,10.384,10.388,EssenceCatalog/problems/csplib-prob010-SocialGolfers/params/7eb427edfe9f8285445d1139a2550b91.param
0.969,0.969,0.974,-0.952,0.754,-0.869,-0.834,0.864,0.983,-0.898,-0.952,-0.913,0.998,-0.898,-0.993,0.907,0.972,0.939,0.958,0.951,-0.997,0.597,0.972,0.984,0.831,0.874,-0.917,-0.915,0.311,-0.988,-0.507,0.798,0.933,-0.843,-0.416,0.879,0.677,-0.951,-0.729,0.811,0.781,0.987,0.639,0.907,0.711,-0.961,0.989,-0.941,0.792,0.992,-0.606,-0.966,-0.902,-0.481,-0.829,0.966,0.95,-0.083,0.979,-0.996,-0.935,0.981,0.994,0.767,0.933,-0.994,-0.037,-0.918,-0.983,0.883,-0.974,-0.989,-0.879,-0.918,0.833,-0.977,0.988,0.996,-0.992,0.959,0.988,0.99,-0.986,-0.896,-0.197,0.828,-0.972,-0.987,-0.998,-0.974,-0.964,-0.892,-0.953,0.954,-0.931,-0.983,-0.805,-0.809,-0.996,-0.257,6.373,4.865,10.4,10.353,10.361,10.352,10.344,10.366,5.933,5.06,10.38,10.343,6.269,5.779,10.368,10.333,EssenceCatalog/problems/csplib-prob010-SocialGolfers/params/8117f5631d0e62cb004b6a1a743b6c19.param
0.983,0.957,0.987,-0.979,0.819,-0.908,-0.949,0.815,0.967,-0.831,-0.959,-0.682,0.997,-0.941,-0.993,-0.09,0.992,0.664,0.991,0.973,-0.998,0.487,0.995,0.945,0.964,0.959,-0.978,-0.734,0.975,-0.99,-0.91,0.845,0.989,-0.939,0.764,0.978,0.926,-0.964,-0.849,0.6,-0.881,0.981,0.789,0.958,0.701,-0.985,0.99,-0.974,0.978,0.994,-0.899,-0.989,-0.97,-0.474,-0.7,0.653,0.985,-0.974,0.986,-0.992,-0.867,0.982,0.997,0.885,0.948,-0.996,-0.961,-0.983,-0.986,0.363,-0.975,-0.994,-0.016,-0.876,0.732,-0.987,0.988,0.998,-0.991,0.977,0.992,0.988,-0.971,-0.904,-0.72,0.967,-0.979,-0.986,-0.998,-0.967,-0.995,-0.947,-0.975,0.991,-0.991,-0.985,-0.928,-0.777,-0.996,-0.923,7.966,5.461,10.352,10.277,10.272,10.303,10.264,10.295,6.68,5.686,10.328,10.267,7.006,7.297,10.36,10.302,EssenceCatalog/problems/csplib-prob010-SocialGolfers/params/1eeac776abd9f0bc4233e56d71cc2365.param
0.243,0.968,-0.996,-0.985,-0.981,-0.791,0.994,0.981,0.977,-0.95,-0.917,-0.956,0.993,-0.905,-0.998,0.932,0.993,0.975,-0.995,-0.805,-0.997,0.929,0.996,0.99,0.966,0.972,-0.983,-0.973,0.943,-0.991,-0.711,0.777,0.99,-0.969,0.896,-0.741,0.941,-0.963,-0.954,0.69,0.973,0.994,0.654,-0.988,0.417,-0.995,0.998,-0.974,0.841,0.995,-0.916,-0.483,0.965,0.981,-0.981,0.976,0.994,-0.959,0.995,-0.994,-0.973,0.82,0.995,0.958,0.968,-0.997,0.983,-0.91,0.995,0.886,-0.885,-0.995,-0.96,-0.871,0.932,0.988,0.987,0.999,-0.988,-0.673,0.996,0.997,-0.986,-0.962,0.972,0.961,-0.991,-0.986,-0.995,-0.99,-0.988,-0.975,-0.988,0.48,-0.994,-0.992,0.98,-0.583,-0.996,0.903,4.081,3.343,4.726,10.003,10.428,10.385,10.544,10.648,4.042,3.536,4.754,10.025,4.632,4.157,5.709,10.021,EssenceCatalog/problems/csplib-prob010-SocialGolfers/params/4a1edb53e6037353ea0cbe6330fed7fe.param
0.971,0.94,0.983,-0.98,0.731,-0.866,-0.932,0.87,0.983,-0.791,-0.974,-0.813,0.997,-0.944,-0.994,0.544,0.987,0.844,0.984,0.987,-0.998,0.086,0.994,0.965,0.973,0.954,-0.981,-0.748,0.508,-0.985,-0.758,0.913,0.983,-0.924,-0.383,0.96,0.933,-0.956,-0.744,0.521,-0.431,0.975,0.778,0.966,0.616,-0.978,0.993,-0.972,0.948,0.991,-0.982,-0.986,-0.969,0.735,-0.959,0.728,0.982,-0.961,0.981,-0.99,-0.813,0.983,0.996,0.565,0.873,-0.994,-0.555,-0.971,-0.984,0.444,-0.96,-0.991,-0.125,-0.874,0.682,-0.975,0.99,0.998,-0.993,0.966,0.985,0.993,-0.98,-0.9,0.349,0.948,-0.982,-0.983,-0.998,-0.974,-0.99,-0.926,-0.958,0.977,-0.987,-0.982,-0.701,-0.722,-0.996,-0.823,6.323,4.833,10.384,10.295,10.313,10.321,10.244,10.29,5.732,5.02,10.325,10.289,6.049,6.177,10.324,10.294,EssenceCatalog/problems/csplib-prob010-SocialGolfers/params/d256221aaa517456184eaaa2467d21e7.param
0.982,0.967,0.963,-0.952,0.505,-0.914,-0.782,0.819,0.982,-0.853,-0.918,-0.802,0.997,-0.921,-0.992,0.964,0.981,0.885,0.956,0.897,-0.998,0.177,0.987,0.976,0.939,0.94,-0.904,-0.859,0.974,-0.987,-0.818,0.254,0.979,-0.902,0.151,0.944,0.72,-0.953,-0.805,0.694,0.866,0.992,0.599,0.812,0.361,-0.977,0.994,-0.951,0.949,0.994,-0.917,-0.977,-0.958,-0.765,-0.915,0.947,0.968,-0.884,0.984,-0.997,-0.946,0.978,0.993,0.909,0.968,-0.997,-0.846,-0.969,-0.979,0.744,-0.973,-0.993,-0.567,-0.93,0.554,-0.97,0.991,0.995,-0.994,0.937,0.993,0.99,-0.982,-0.873,-0.506,0.896,-0.977,-0.989,-0.999,-0.974,-0.989,-0.895,-0.949,0.978,-0.981,-0.982,-0.947,-0.844,-0.995,-0.123,6.624,5.302,10.354,10.394,10.407,10.378,10.351,10.382,6.147,5.475,10.33,10.4,6.454,6.404,10.39,10.409,EssenceCatalog/problems/csplib-prob010-SocialGolfers/params/f90c7a957f36ec822003803c7dfd4942.param
0.98,0.966,0.974,-0.952,0.584,-0.904,-0.837,0.815,0.982,-0.831,-0.929,-0.797,0.997,-0.921,-0.991,0.953,0.981,0.898,0.969,0.94,-0.998,0.102,0.988,0.976,0.936,0.93,-0.921,-0.844,0.939,-0.986,-0.779,0.419,0.973,-0.89,-0.137,0.945,0.734,-0.946,-0.757,0.66,0.845,0.99,0.587,0.89,0.386,-0.974,0.994,-0.953,0.937,0.994,-0.925,-0.98,-0.962,-0.6,-0.919,0.941,0.968,-0.873,0.985,-0.996,-0.929,0.979,0.994,0.869,0.954,-0.996,-0.752,-0.965,-0.984,0.73,-0.97,-0.993,-0.527,-0.914,0.563,-0.976,0.99,0.995,-0.993,0.95,0.991,0.991,-0.982,-0.873,-0.373,0.886,-0.978,-0.987,-0.999,-0.974,-0.986,-0.898,-0.947,0.977,-0.977,-0.979,-0.928,-0.819,-0.995,-0.218,6.465,5.208,10.409,10.391,10.392,10.386,10.347,10.367,6.029,5.378,10.371,10.394,6.347,6.278,10.416,10.396,EssenceCatalog/problems/csplib-prob010-SocialGolfers/params/9b827becd1fda4b723b4ec6c0e6613b0.param
0.975,0.965,0.973,-0.948,0.594,-0.893,-0.824,0.825,0.982,-0.855,-0.934,-0.843,0.997,-0.907,-0.991,0.95,0.973,0.912,0.963,0.94,-0.997,0.268,0.983,0.979,0.905,0.908,-0.908,-0.874,0.839,-0.985,-0.697,0.533,0.965,-0.867,-0.275,0.925,0.675,-0.945,-0.742,0.7,0.842,0.988,0.604,0.879,0.491,-0.966,0.991,-0.946,0.902,0.992,-0.869,-0.975,-0.946,-0.55,-0.904,0.951,0.957,-0.687,0.98,-0.996,-0.929,0.98,0.992,0.83,0.945,-0.996,-0.559,-0.951,-0.983,0.794,-0.972,-0.99,-0.708,-0.921,0.659,-0.973,0.989,0.994,-0.992,0.947,0.988,0.99,-0.983,-0.871,-0.321,0.858,-0.975,-0.986,-0.999,-0.972,-0.979,-0.874,-0.939,0.966,-0.963,-0.979,-0.901,-0.825,-0.995,-0.15,6.398,5.109,10.4,10.387,10.387,10.38,10.346,10.372,5.984,5.284,10.367,10.386,6.306,6.113,10.394,10.386,EssenceCatalog/problems/csplib-prob010-SocialGolfers/params/6970fce1e7fdc7d63ccfcd62d4511015.param
0.988,0.978,0.991,-0.985,0.956,-0.947,-0.979,0.763,0.959,-0.904,-0.967,-0.696,0.998,-0.955,-0.996,-0.95,0.997,0.413,0.996,0.939,-0.999,0.922,0.994,0.906,0.959,0.971,-0.987,-0.893,0.994,-0.995,-0.965,0.943,0.994,-0.963,0.982,0.99,0.965,-0.985,-0.924,0.777,-0.995,0.983,0.932,0.978,0.921,-0.993,0.984,-0.976,0.992,0.995,0.414,-0.991,-0.962,-0.933,0.758,0.646,0.991,-0.976,0.99,-0.993,-0.936,0.985,0.998,0.957,0.975,-0.997,-0.995,-0.991,-0.986,0.584,-0.988,-0.997,-0.538,-0.923,0.938,-0.994,0.986,0.998,-0.988,0.99,0.996,0.976,-0.966,-0.957,-0.976,0.987,-0.977,-0.992,-0.999,-0.96,-0.997,-0.983,-0.992,0.997,-0.994,-0.992,-0.974,-0.885,-0.998,-0.986,9.287,5.714,10.338,10.236,10.244,10.245,10.306,10.249,7.33,5.976,10.34,10.205,7.725,7.764,10.337,10.25,EssenceCatalog/problems/csplib-prob010-SocialGolfers/params/9dfcc5be1e7d30dc53f65cb501f26651.param
0.966,0.962,0.976,-0.949,0.624,-0.874,-0.853,0.845,0.983,-0.84,-0.949,-0.868,0.997,-0.904,-0.991,0.946,0.967,0.927,0.969,0.964,-0.997,0.187,0.986,0.979,0.906,0.895,-0.928,-0.872,0.416,-0.983,-0.606,0.706,0.959,-0.845,-0.666,0.917,0.71,-0.939,-0.675,0.655,0.845,0.984,0.647,0.925,0.491,-0.962,0.991,-0.947,0.872,0.991,-0.905,-0.977,-0.947,-0.017,-0.932,0.946,0.955,-0.624,0.979,-0.995,-0.899,0.981,0.992,0.69,0.911,-0.993,-0.108,-0.947,-0.984,0.803,-0.968,-0.988,-0.734,-0.918,0.67,-0.97,0.988,0.995,-0.991,0.944,0.984,0.99,-0.983,-0.88,0.042,0.839,-0.977,-0.983,-0.998,-0.973,-0.973,-0.867,-0.934,0.953,-0.953,-0.976,-0.82,-0.815,-0.995,-0.188,5.853,4.784,10.383,10.354,10.352,10.359,10.315,10.318,5.617,4.939,10.35,10.348,5.933,5.649,10.35,10.34,EssenceCatalog/problems/csplib-prob010-SocialGolfers/params/182078d0d671e671fbe2d1507071ef7d.param
0.959,0.972,0.973,-0.952,0.783,-0.865,-0.853,0.884,0.987,-0.869,-0.966,-0.925,0.997,-0.901,-0.994,0.956,0.968,0.957,0.962,0.968,-0.997,0.195,0.978,0.985,0.883,0.865,-0.939,-0.918,-0.524,-0.985,-0.38,0.876,0.923,-0.822,-0.877,0.876,0.722,-0.941,-0.626,0.765,0.941,0.986,0.665,0.941,0.617,-0.962,0.993,-0.948,0.74,0.991,-0.849,-0.97,-0.925,0.394,-0.941,0.97,0.955,-0.308,0.984,-0.996,-0.91,0.978,0.994,0.503,0.883,-0.993,0.642,-0.913,-0.984,0.902,-0.963,-0.989,-0.883,-0.924,0.811,-0.967,0.989,0.997,-0.992,0.951,0.987,0.992,-0.988,-0.909,0.467,0.795,-0.979,-0.985,-0.998,-0.98,-0.958,-0.897,-0.949,0.936,-0.928,-0.979,-0.652,-0.822,-0.996,-0.011,5.303,4.359,10.325,10.316,10.348,10.347,10.332,10.307,5.26,4.497,10.324,10.302,5.542,5.009,10.31,10.296,EssenceCatalog/problems/csplib-prob010-SocialGolfers/params/fe1f8414b30fd6229377e4a62bb1a8e3.param
0.972,0.94,0.984,-0.98,0.729,-0.869,-0.935,0.867,0.982,-0.786,-0.973,-0.799,0.997,-0.943,-0.994,0.552,0.986,0.835,0.985,0.986,-0.998,0.064,0.994,0.963,0.973,0.954,-0.98,-0.731,0.627,-0.985,-0.783,0.902,0.984,-0.923,-0.304,0.963,0.929,-0.956,-0.751,0.511,-0.458,0.976,0.779,0.967,0.6,-0.978,0.993,-0.971,0.951,0.992,-0.982,-0.986,-0.971,0.667,-0.956,0.716,0.981,-0.964,0.981,-0.99,-0.814,0.983,0.996,0.61,0.883,-0.994,-0.645,-0.973,-0.986,0.416,-0.96,-0.991,-0.09,-0.874,0.661,-0.977,0.99,0.997,-0.992,0.966,0.986,0.992,-0.978,-0.897,0.24,0.948,-0.981,-0.983,-0.998,-0.973,-0.99,-0.925,-0.957,0.978,-0.987,-0.981,-0.748,-0.732,-0.996,-0.826,6.428,4.899,10.383,10.287,10.297,10.31,10.23,10.278,5.799,5.087,10.322,10.282,6.121,6.28,10.321,10.289,EssenceCatalog/problems/csplib-prob010-SocialGolfers/params/83cc28e813838dc7c2cbd35aea57781b.param
0.984,0.955,0.985,-0.977,0.738,-0.907,-0.926,0.818,0.975,-0.815,-0.956,-0.689,0.998,-0.946,-0.993,0.547,0.99,0.732,0.986,0.966,-0.998,0.225,0.993,0.959,0.97,0.961,-0.971,-0.729,0.974,-0.989,-0.897,0.757,0.987,-0.939,0.584,0.975,0.918,-0.96,-0.837,0.587,-0.607,0.985,0.73,0.936,0.594,-0.982,0.992,-0.972,0.973,0.993,-0.96,-0.986,-0.974,-0.381,-0.882,0.745,0.983,-0.977,0.984,-0.993,-0.881,0.981,0.996,0.875,0.949,-0.997,-0.948,-0.98,-0.986,0.391,-0.971,-0.994,0.038,-0.882,0.611,-0.984,0.99,0.997,-0.993,0.968,0.991,0.99,-0.975,-0.884,-0.546,0.962,-0.977,-0.987,-0.999,-0.971,-0.994,-0.93,-0.964,0.988,-0.991,-0.983,-0.927,-0.78,-0.996,-0.849,7.456,5.388,10.384,10.319,10.33,10.313,10.273,10.331,6.458,5.602,10.351,10.315,6.775,7.037,10.381,10.333,EssenceCatalog/problems/csplib-prob010-SocialGolfers/params/024a425d739ebc1de26b6432fe96912d.param
0.943,0.968,0.972,-0.967,0.908,-0.851,-0.912,0.904,0.991,-0.848,-0.985,-0.951,0.996,-0.911,-0.996,0.937,0.973,0.966,0.964,0.98,-0.997,-0.243,0.978,0.986,0.926,0.892,-0.97,-0.917,-0.975,-0.982,-0.181,0.972,0.899,-0.825,-0.98,0.85,0.851,-0.93,-0.514,0.802,0.962,0.983,0.775,0.974,0.67,-0.965,0.996,-0.965,0.641,0.989,-0.933,-0.964,-0.928,0.948,-0.975,0.962,0.967,-0.523,0.987,-0.992,-0.855,0.969,0.994,-0.243,0.764,-0.989,0.954,-0.884,-0.985,0.918,-0.934,-0.989,-0.907,-0.925,0.874,-0.954,0.989,0.998,-0.991,0.95,0.985,0.993,-0.989,-0.934,0.905,0.815,-0.98,-0.984,-0.997,-0.981,-0.941,-0.924,-0.963,0.909,-0.923,-0.98,-0.104,-0.819,-0.996,-0.055,4.748,4.014,10.201,10.231,10.311,10.281,10.299,10.249,4.877,4.137,10.236,10.215,5.11,4.603,10.209,10.224,EssenceCatalog/problems/csplib-prob010-SocialGolfers/params/0fac67b95985ba4afb84efa0ec732a2b.param
0.987,0.968,0.988,-0.986,0.913,-0.931,-0.969,0.795,0.96,-0.871,-0.966,-0.652,0.998,-0.951,-0.995,-0.794,0.996,0.469,0.994,0.958,-0.999,0.788,0.995,0.921,0.966,0.969,-0.986,-0.812,0.992,-0.993,-0.953,0.916,0.993,-0.956,0.955,0.987,0.961,-0.979,-0.905,0.698,-0.986,0.982,0.886,0.968,0.851,-0.992,0.988,-0.981,0.99,0.995,-0.538,-0.991,-0.968,-0.781,0.074,0.558,0.99,-0.985,0.989,-0.992,-0.899,0.982,0.998,0.937,0.966,-0.997,-0.99,-0.99,-0.985,0.416,-0.982,-0.996,-0.195,-0.896,0.87,-0.991,0.987,0.998,-0.99,0.986,0.995,0.983,-0.967,-0.937,-0.923,0.984,-0.98,-0.99,-0.999,-0.963,-0.997,-0.974,-0.988,0.995,-0.995,-0.99,-0.956,-0.831,-0.997,-0.973,8.759,5.618,10.337,10.241,10.232,10.283,10.291,10.267,7.063,5.863,10.33,10.223,7.417,7.656,10.35,10.277,EssenceCatalog/problems/csplib-prob010-SocialGolfers/params/bddd50b0e90fe3dce8bdb77f69e5206e.param
0.256,0.953,-0.992,-0.975,-0.991,-0.708,0.988,0.977,0.959,-0.923,-0.856,-0.94,0.988,-0.845,-0.996,0.931,0.98,0.946,-0.986,-0.676,-0.995,0.927,0.999,0.98,0.956,0.96,-0.969,-0.946,0.982,-0.987,-0.865,0.387,0.997,-0.962,0.908,-0.435,0.91,-0.961,-0.952,0.438,0.93,0.991,0.749,-0.977,-0.041,-0.994,0.997,-0.936,0.936,0.992,-0.939,-0.729,0.872,0.963,-0.982,0.954,0.99,-0.949,0.99,-0.991,-0.958,0.878,0.989,0.959,0.976,-0.996,0.887,-0.967,0.99,0.802,-0.928,-0.995,-0.929,-0.925,0.824,0.981,0.982,0.996,-0.981,-0.759,0.989,0.993,-0.972,-0.925,0.889,0.943,-0.99,-0.973,-0.991,-0.988,-0.994,-0.946,-0.975,0.376,-0.995,-0.982,0.925,-0.648,-0.992,0.819,4.016,3.391,4.767,9.875,10.209,10.201,10.316,10.384,4.004,3.522,4.784,9.915,4.571,4.177,5.707,9.886,EssenceCatalog/problems/csplib-prob010-SocialGolfers/params/f640c5dc46c9c0dce70f2e7c5dc5f376.param
0.95,0.961,0.978,-0.955,0.714,-0.853,-0.898,0.873,0.986,-0.838,-0.967,-0.911,0.996,-0.898,-0.993,0.926,0.963,0.943,0.974,0.98,-0.996,0.111,0.988,0.98,0.915,0.895,-0.951,-0.879,-0.602,-0.982,-0.463,0.878,0.956,-0.821,-0.898,0.908,0.776,-0.934,-0.601,0.648,0.839,0.979,0.738,0.96,0.539,-0.962,0.993,-0.952,0.833,0.989,-0.929,-0.979,-0.946,0.678,-0.953,0.941,0.96,-0.53,0.979,-0.993,-0.853,0.981,0.992,0.348,0.841,-0.99,0.563,-0.943,-0.985,0.836,-0.963,-0.987,-0.802,-0.927,0.735,-0.964,0.987,0.996,-0.99,0.943,0.98,0.991,-0.984,-0.898,0.513,0.821,-0.98,-0.98,-0.998,-0.975,-0.966,-0.878,-0.938,0.932,-0.94,-0.975,-0.606,-0.817,-0.995,-0.269,5.253,4.34,10.336,10.307,10.334,10.326,10.295,10.271,5.188,4.465,10.331,10.291,5.464,5.054,10.309,10.293,EssenceCatalog/problems/csplib-prob010-SocialGolfers/params/5a5daca4d0c608e04caa7e010862e59e.param
0.975,0.948,0.981,-0.973,0.672,-0.888,-0.909,0.846,0.981,-0.796,-0.964,-0.775,0.997,-0.939,-0.992,0.788,0.985,0.837,0.983,0.978,-0.998,-0.042,0.993,0.966,0.969,0.951,-0.97,-0.749,0.827,-0.985,-0.81,0.808,0.983,-0.912,-0.226,0.96,0.902,-0.951,-0.756,0.52,0.016,0.981,0.713,0.95,0.497,-0.978,0.993,-0.969,0.952,0.992,-0.979,-0.985,-0.97,0.334,-0.956,0.804,0.979,-0.96,0.984,-0.992,-0.846,0.98,0.995,0.719,0.908,-0.995,-0.713,-0.973,-0.985,0.501,-0.961,-0.992,-0.128,-0.884,0.58,-0.976,0.989,0.997,-0.993,0.959,0.988,0.992,-0.978,-0.887,0.032,0.938,-0.981,-0.983,-0.998,-0.973,-0.99,-0.917,-0.953,0.979,-0.987,-0.979,-0.839,-0.741,-0.995,-0.705,6.393,5.012,10.41,10.334,10.344,10.344,10.274,10.307,5.858,5.198,10.348,10.331,6.175,6.297,10.365,10.335,EssenceCatalog/problems/csplib-prob010-SocialGolfers/params/7c2e2f4a2997ba50c495b941814604c4.param
0.793,0.982,-0.945,-0.994,-0.767,-0.899,0.915,0.982,0.976,-0.979,-0.963,-0.973,0.998,-0.931,-0.999,-0.242,0.999,0.872,-0.903,-0.014,-0.999,0.992,0.997,0.98,0.959,0.986,-0.983,-0.976,0.996,-0.995,-0.908,0.916,0.997,-0.987,0.997,0.469,0.975,-0.989,-0.98,0.879,-0.705,0.994,0.942,-0.931,0.896,-0.998,0.998,-0.978,0.976,0.998,0.009,-0.919,0.819,-0.222,-0.309,0.946,0.998,-0.937,0.998,-0.996,-0.985,0.941,0.998,0.99,0.982,-0.998,-0.018,-0.983,0.968,0.87,-0.971,-0.999,-0.964,-0.902,0.977,0.75,0.992,1.0,-0.993,0.834,0.999,0.994,-0.988,-0.983,-0.443,0.981,-0.995,-0.995,-0.997,-0.986,-0.999,-0.995,-0.997,0.936,-0.998,-0.997,0.621,-0.459,-0.999,-0.596,6.801,4.333,6.257,10.019,10.303,10.328,10.39,10.49,5.723,4.597,6.368,10.106,6.207,5.963,7.035,10.056,EssenceCatalog/problems/csplib-prob010-SocialGolfers/params/911e02e7d955355d4a75eea47de86506.param
0.966,0.969,0.974,-0.951,0.706,-0.874,-0.841,0.865,0.986,-0.859,-0.956,-0.903,0.997,-0.899,-0.993,0.959,0.966,0.945,0.962,0.964,-0.997,0.168,0.98,0.983,0.896,0.879,-0.932,-0.905,-0.003,-0.985,-0.502,0.785,0.942,-0.838,-0.797,0.895,0.69,-0.94,-0.647,0.723,0.924,0.986,0.64,0.927,0.545,-0.961,0.992,-0.943,0.807,0.991,-0.881,-0.971,-0.935,0.135,-0.939,0.965,0.952,-0.482,0.981,-0.996,-0.913,0.98,0.992,0.605,0.903,-0.994,0.293,-0.932,-0.984,0.868,-0.966,-0.989,-0.835,-0.923,0.747,-0.968,0.989,0.995,-0.992,0.946,0.986,0.992,-0.986,-0.895,0.282,0.816,-0.977,-0.985,-0.998,-0.977,-0.965,-0.878,-0.938,0.947,-0.941,-0.978,-0.76,-0.819,-0.995,-0.003,5.542,4.569,10.351,10.343,10.356,10.36,10.33,10.322,5.426,4.718,10.336,10.336,5.723,5.3,10.33,10.325,EssenceCatalog/problems/csplib-prob010-SocialGolfers/params/f25add42840a94d9e8aeeefde68bf41f.param
0.979,0.968,0.97,-0.948,0.662,-0.898,-0.824,0.814,0.978,-0.872,-0.919,-0.842,0.997,-0.905,-0.991,0.929,0.98,0.897,0.959,0.921,-0.998,0.458,0.977,0.978,0.885,0.91,-0.893,-0.876,0.931,-0.988,-0.714,0.479,0.961,-0.881,0.171,0.924,0.637,-0.948,-0.756,0.757,0.803,0.99,0.574,0.849,0.559,-0.972,0.991,-0.945,0.904,0.994,-0.761,-0.972,-0.937,-0.808,-0.838,0.952,0.963,-0.66,0.982,-0.996,-0.943,0.977,0.994,0.89,0.961,-0.996,-0.728,-0.947,-0.982,0.797,-0.973,-0.992,-0.721,-0.909,0.716,-0.977,0.989,0.995,-0.993,0.957,0.992,0.989,-0.982,-0.881,-0.57,0.86,-0.973,-0.988,-0.999,-0.97,-0.982,-0.904,-0.955,0.975,-0.966,-0.983,-0.922,-0.799,-0.995,-0.216,6.858,5.283,10.393,10.399,10.423,10.381,10.37,10.399,6.268,5.476,10.368,10.396,6.582,6.406,10.411,10.405,EssenceCatalog/problems/csplib-prob010-SocialGolfers/params/fba11328fed318d3ab3068338347a30e.param
0.984,0.968,0.974,-0.956,0.6,-0.914,-0.836,0.799,0.981,-0.842,-0.923,-0.772,0.997,-0.929,-0.991,0.95,0.983,0.873,0.969,0.919,-0.998,0.129,0.987,0.974,0.941,0.94,-0.915,-0.841,0.976,-0.987,-0.834,0.303,0.977,-0.905,0.202,0.954,0.753,-0.951,-0.802,0.69,0.802,0.991,0.592,0.867,0.398,-0.976,0.994,-0.954,0.952,0.994,-0.92,-0.98,-0.966,-0.779,-0.898,0.937,0.969,-0.906,0.985,-0.996,-0.942,0.978,0.994,0.91,0.966,-0.997,-0.88,-0.969,-0.984,0.715,-0.973,-0.993,-0.459,-0.921,0.543,-0.979,0.991,0.995,-0.994,0.952,0.992,0.99,-0.981,-0.869,-0.563,0.902,-0.975,-0.989,-0.999,-0.974,-0.989,-0.902,-0.95,0.981,-0.982,-0.981,-0.954,-0.84,-0.995,-0.273,6.743,5.339,10.406,10.407,10.417,10.39,10.364,10.389,6.205,5.516,10.378,10.409,6.518,6.503,10.435,10.416,EssenceCatalog/problems/csplib-prob010-SocialGolfers/params/7182b0eb9856a72d8b6162a8bc20f75d.param
0.982,0.968,0.973,-0.956,0.561,-0.911,-0.824,0.818,0.984,-0.833,-0.93,-0.788,0.997,-0.929,-0.991,0.963,0.98,0.893,0.968,0.926,-0.998,0.002,0.989,0.976,0.946,0.938,-0.923,-0.848,0.957,-0.986,-0.812,0.378,0.976,-0.9,-0.108,0.95,0.76,-0.951,-0.779,0.662,0.864,0.991,0.594,0.877,0.36,-0.975,0.994,-0.953,0.944,0.994,-0.942,-0.98,-0.965,-0.627,-0.93,0.942,0.967,-0.905,0.985,-0.997,-0.936,0.978,0.993,0.881,0.96,-0.997,-0.804,-0.969,-0.983,0.733,-0.971,-0.993,-0.483,-0.924,0.515,-0.974,0.991,0.994,-0.994,0.943,0.991,0.991,-0.982,-0.872,-0.374,0.896,-0.977,-0.988,-0.999,-0.976,-0.988,-0.892,-0.945,0.977,-0.981,-0.98,-0.942,-0.838,-0.995,-0.172,6.443,5.228,10.405,10.398,10.395,10.39,10.354,10.377,6.025,5.397,10.37,10.402,6.343,6.297,10.418,10.404,EssenceCatalog/problems/csplib-prob010-SocialGolfers/params/b983ca5023732c67c96489160e81ed7f.param
0.953,0.938,0.981,-0.976,0.758,-0.846,-0.939,0.882,0.984,-0.791,-0.978,-0.876,0.996,-0.93,-0.994,0.63,0.982,0.893,0.983,0.99,-0.997,0.064,0.993,0.968,0.968,0.941,-0.979,-0.793,-0.402,-0.982,-0.598,0.942,0.977,-0.894,-0.783,0.944,0.919,-0.947,-0.664,0.531,-0.029,0.97,0.804,0.975,0.621,-0.975,0.994,-0.968,0.913,0.99,-0.98,-0.984,-0.962,0.886,-0.969,0.792,0.979,-0.91,0.98,-0.987,-0.773,0.982,0.995,0.247,0.802,-0.989,0.151,-0.962,-0.985,0.593,-0.953,-0.99,-0.425,-0.893,0.737,-0.966,0.988,0.998,-0.991,0.961,0.981,0.992,-0.981,-0.91,0.612,0.918,-0.983,-0.978,-0.998,-0.973,-0.985,-0.926,-0.954,0.961,-0.977,-0.979,-0.468,-0.73,-0.996,-0.751,5.671,4.451,10.351,10.273,10.304,10.296,10.241,10.254,5.323,4.6,10.335,10.252,5.613,5.504,10.305,10.243,EssenceCatalog/problems/csplib-prob010-SocialGolfers/params/675d530d59eb06f62cbbee28995c5dc1.param
0.978,0.967,0.967,-0.945,0.55,-0.904,-0.793,0.827,0.985,-0.845,-0.931,-0.846,0.997,-0.912,-0.991,0.978,0.978,0.924,0.957,0.924,-0.998,0.069,0.983,0.98,0.927,0.92,-0.907,-0.882,0.906,-0.986,-0.738,0.395,0.97,-0.878,-0.356,0.93,0.65,-0.949,-0.741,0.687,0.945,0.991,0.581,0.854,0.376,-0.973,0.995,-0.95,0.92,0.994,-0.918,-0.975,-0.954,-0.572,-0.936,0.962,0.965,-0.809,0.984,-0.997,-0.942,0.978,0.993,0.852,0.955,-0.997,-0.586,-0.957,-0.983,0.812,-0.97,-0.992,-0.685,-0.932,0.599,-0.97,0.991,0.995,-0.994,0.933,0.992,0.991,-0.985,-0.881,-0.206,0.861,-0.978,-0.988,-0.999,-0.976,-0.983,-0.887,-0.947,0.97,-0.972,-0.979,-0.918,-0.84,-0.995,0.092,6.183,5.099,10.363,10.387,10.384,10.379,10.347,10.369,5.883,5.258,10.334,10.388,6.198,6.03,10.371,10.386,EssenceCatalog/problems/csplib-prob010-SocialGolfers/params/910063cf5fc3188d4bf3b3a43110ee99.param
0.976,0.97,0.969,-0.951,0.724,-0.893,-0.809,0.847,0.98,-0.904,-0.93,-0.881,0.998,-0.908,-0.993,0.894,0.979,0.919,0.952,0.916,-0.998,0.673,0.972,0.982,0.828,0.895,-0.893,-0.908,0.878,-0.99,-0.657,0.628,0.951,-0.876,0.254,0.902,0.643,-0.957,-0.79,0.824,0.719,0.99,0.604,0.847,0.708,-0.969,0.989,-0.943,0.868,0.994,-0.471,-0.967,-0.899,-0.842,-0.709,0.964,0.958,-0.246,0.982,-0.997,-0.953,0.98,0.994,0.896,0.963,-0.996,-0.615,-0.934,-0.98,0.863,-0.979,-0.991,-0.841,-0.913,0.817,-0.978,0.988,0.996,-0.993,0.962,0.992,0.989,-0.984,-0.888,-0.632,0.855,-0.972,-0.989,-0.999,-0.971,-0.977,-0.906,-0.962,0.971,-0.954,-0.986,-0.907,-0.815,-0.996,-0.278,7.116,5.27,10.396,10.395,10.419,10.362,10.374,10.41,6.409,5.482,10.373,10.383,6.74,6.405,10.394,10.394,EssenceCatalog/problems/csplib-prob010-SocialGolfers/params/cd271eeadb4e899e184b9b86303297f7.param
0.965,0.981,0.992,-0.981,0.978,-0.935,-0.984,0.939,0.989,-0.973,-0.994,-0.985,0.999,-0.965,-0.999,-0.754,0.996,0.972,0.992,0.985,-0.999,0.984,0.978,0.987,0.799,0.954,-0.987,-0.975,-0.722,-0.995,-0.683,0.994,0.981,-0.953,0.486,0.941,0.962,-0.991,-0.952,0.962,-0.934,0.988,0.952,0.991,0.977,-0.989,0.994,-0.972,0.941,0.995,0.857,-0.991,-0.792,-0.735,0.607,0.973,0.984,0.839,0.992,-0.997,-0.965,0.992,0.998,0.888,0.941,-0.996,-0.053,-0.965,-0.988,0.968,-0.994,-0.996,-0.982,-0.981,0.987,-0.992,0.989,1.0,-0.991,0.987,0.995,0.989,-0.99,-0.98,-0.86,0.964,-0.985,-0.995,-0.998,-0.984,-0.988,-0.979,-0.993,0.98,-0.951,-0.997,-0.759,-0.944,-0.999,-0.967,8.785,5.214,10.341,10.159,10.11,10.127,10.191,10.242,7.032,5.442,10.369,10.155,7.504,6.769,10.303,10.155,EssenceCatalog/problems/csplib-prob010-SocialGolfers/params/637ab48feaf1c1b1820e1b4068fcd949.param
0.967,0.972,0.969,-0.954,0.713,-0.895,-0.839,0.874,0.991,-0.837,-0.968,-0.9,0.997,-0.919,-0.994,0.986,0.965,0.96,0.96,0.962,-0.998,-0.408,0.984,0.986,0.944,0.899,-0.955,-0.913,-0.312,-0.983,-0.523,0.813,0.948,-0.849,-0.94,0.906,0.759,-0.944,-0.607,0.671,0.982,0.99,0.658,0.939,0.387,-0.968,0.996,-0.952,0.82,0.99,-0.966,-0.972,-0.954,0.653,-0.977,0.97,0.956,-0.781,0.985,-0.996,-0.914,0.976,0.993,0.432,0.888,-0.995,0.619,-0.94,-0.984,0.893,-0.957,-0.99,-0.81,-0.942,0.671,-0.959,0.991,0.996,-0.993,0.922,0.987,0.994,-0.989,-0.902,0.689,0.838,-0.981,-0.986,-0.998,-0.982,-0.965,-0.883,-0.939,0.937,-0.953,-0.975,-0.746,-0.863,-0.995,0.334,4.958,4.351,10.296,10.349,10.385,10.374,10.357,10.313,5.077,4.468,10.305,10.339,5.324,4.952,10.306,10.341,EssenceCatalog/problems/csplib-prob010-SocialGolfers/params/c01ff955ed00f981069a0a78e39d3f98.param
0.976,0.969,0.969,-0.948,0.549,-0.903,-0.807,0.843,0.987,-0.837,-0.941,-0.844,0.997,-0.918,-0.992,0.98,0.972,0.93,0.96,0.939,-0.998,-0.072,0.988,0.981,0.935,0.919,-0.924,-0.884,0.823,-0.985,-0.718,0.506,0.97,-0.875,-0.584,0.933,0.704,-0.949,-0.734,0.655,0.946,0.991,0.611,0.884,0.346,-0.971,0.995,-0.948,0.913,0.993,-0.943,-0.978,-0.958,-0.291,-0.952,0.96,0.961,-0.821,0.984,-0.997,-0.933,0.979,0.993,0.799,0.944,-0.997,-0.425,-0.961,-0.982,0.821,-0.97,-0.991,-0.684,-0.935,0.572,-0.966,0.991,0.995,-0.994,0.928,0.989,0.992,-0.985,-0.877,-0.022,0.865,-0.98,-0.987,-0.999,-0.979,-0.982,-0.87,-0.936,0.963,-0.971,-0.978,-0.901,-0.851,-0.995,0.105,5.91,4.968,10.379,10.399,10.385,10.392,10.355,10.366,5.709,5.117,10.346,10.397,6.025,5.84,10.37,10.392,EssenceCatalog/problems/csplib-prob010-SocialGolfers/params/32a2b23d91f7de02109938177976c76c.param
0.956,0.968,0.98,-0.96,0.864,-0.863,-0.91,0.884,0.989,-0.867,-0.978,-0.941,0.997,-0.902,-0.995,0.926,0.966,0.961,0.973,0.98,-0.997,0.087,0.976,0.985,0.906,0.878,-0.96,-0.917,-0.899,-0.984,-0.274,0.943,0.914,-0.816,-0.948,0.878,0.796,-0.936,-0.56,0.776,0.904,0.983,0.729,0.97,0.679,-0.959,0.993,-0.953,0.706,0.988,-0.893,-0.971,-0.936,0.759,-0.952,0.963,0.955,-0.327,0.981,-0.994,-0.877,0.978,0.993,0.13,0.821,-0.99,0.823,-0.903,-0.987,0.906,-0.956,-0.987,-0.891,-0.935,0.839,-0.971,0.989,0.997,-0.991,0.956,0.983,0.992,-0.988,-0.92,0.699,0.812,-0.976,-0.984,-0.998,-0.978,-0.943,-0.899,-0.948,0.924,-0.913,-0.978,-0.475,-0.835,-0.996,-0.187,5.067,4.175,10.314,10.285,10.339,10.323,10.324,10.295,5.082,4.301,10.324,10.271,5.351,4.809,10.293,10.275,EssenceCatalog/problems/csplib-prob010-SocialGolfers/params/4b87b2fe0f92cdf75f17ae3d4fee25f9.param
0.978,0.966,0.974,-0.949,0.582,-0.9,-0.832,0.822,0.983,-0.832,-0.931,-0.818,0.997,-0.917,-0.991,0.96,0.978,0.913,0.967,0.943,-0.998,0.085,0.987,0.977,0.93,0.921,-0.918,-0.858,0.9,-0.985,-0.748,0.455,0.97,-0.88,-0.32,0.939,0.707,-0.945,-0.735,0.663,0.884,0.989,0.586,0.896,0.392,-0.972,0.994,-0.95,0.925,0.993,-0.921,-0.979,-0.959,-0.524,-0.923,0.949,0.964,-0.831,0.984,-0.996,-0.929,0.979,0.993,0.843,0.948,-0.996,-0.644,-0.961,-0.985,0.764,-0.97,-0.992,-0.596,-0.918,0.582,-0.975,0.99,0.995,-0.993,0.947,0.99,0.991,-0.983,-0.875,-0.276,0.871,-0.978,-0.987,-0.999,-0.975,-0.984,-0.89,-0.944,0.973,-0.973,-0.978,-0.918,-0.824,-0.994,-0.134,6.3,5.13,10.405,10.387,10.382,10.384,10.342,10.361,5.931,5.294,10.367,10.388,6.252,6.13,10.403,10.388,EssenceCatalog/problems/csplib-prob010-SocialGolfers/params/1d994426f529a01a6c9f8d54a3d74744.param
0.989,0.983,0.992,-0.989,0.988,-0.965,-0.989,0.861,0.977,-0.968,-0.986,-0.924,0.999,-0.969,-0.998,-0.989,0.999,0.692,0.997,0.933,-0.999,0.988,0.978,0.958,0.913,0.981,-0.988,-0.967,0.962,-0.997,-0.948,0.989,0.992,-0.975,0.99,0.983,0.977,-0.993,-0.966,0.933,-0.998,0.986,0.968,0.985,0.98,-0.993,0.985,-0.983,0.984,0.996,0.96,-0.987,-0.858,-0.979,0.967,0.888,0.99,-0.495,0.991,-0.996,-0.969,0.99,0.998,0.973,0.979,-0.998,-0.984,-0.988,-0.985,0.928,-0.994,-0.998,-0.905,-0.963,0.984,-0.997,0.984,0.999,-0.99,0.994,0.997,0.973,-0.976,-0.98,-0.991,0.988,-0.975,-0.996,-0.999,-0.962,-0.996,-0.988,-0.997,0.997,-0.988,-0.997,-0.964,-0.928,-0.999,-0.993,9.644,5.792,10.483,10.406,10.391,10.38,10.475,10.444,7.578,6.061,10.486,10.376,8.016,7.767,10.473,10.412,EssenceCatalog/problems/csplib-prob010-SocialGolfers/params/5d641aa0c9915ff39a004ddfbe19718a.param
0.979,0.969,0.969,-0.953,0.536,-0.906,-0.799,0.842,0.987,-0.833,-0.939,-0.825,0.997,-0.924,-0.992,0.977,0.975,0.919,0.961,0.934,-0.998,-0.094,0.988,0.98,0.945,0.93,-0.926,-0.873,0.888,-0.985,-0.757,0.465,0.974,-0.887,-0.48,0.939,0.736,-0.95,-0.752,0.647,0.934,0.991,0.594,0.877,0.329,-0.973,0.995,-0.951,0.928,0.993,-0.951,-0.978,-0.961,-0.36,-0.954,0.954,0.965,-0.874,0.985,-0.997,-0.935,0.979,0.993,0.823,0.95,-0.997,-0.579,-0.965,-0.982,0.791,-0.97,-0.992,-0.612,-0.931,0.545,-0.967,0.991,0.995,-0.994,0.93,0.99,0.992,-0.985,-0.876,-0.064,0.884,-0.979,-0.988,-0.999,-0.979,-0.985,-0.876,-0.94,0.97,-0.977,-0.979,-0.914,-0.842,-0.995,0.034,6.022,5.042,10.387,10.404,10.393,10.397,10.361,10.377,5.778,5.194,10.35,10.406,6.095,5.965,10.382,10.402,EssenceCatalog/problems/csplib-prob010-SocialGolfers/params/39578b6633a8db38fdd46f9fce70f6d4.param
0.983,0.967,0.969,-0.951,0.578,-0.916,-0.835,0.795,0.978,-0.854,-0.907,-0.784,0.997,-0.92,-0.991,0.942,0.984,0.856,0.966,0.901,-0.998,0.307,0.988,0.973,0.928,0.94,-0.9,-0.844,0.985,-0.988,-0.845,0.187,0.981,-0.904,0.419,0.954,0.709,-0.953,-0.821,0.711,0.769,0.992,0.622,0.838,0.403,-0.979,0.993,-0.953,0.959,0.995,-0.874,-0.98,-0.962,-0.864,-0.848,0.938,0.97,-0.874,0.984,-0.996,-0.944,0.977,0.994,0.929,0.971,-0.997,-0.911,-0.971,-0.982,0.72,-0.976,-0.994,-0.535,-0.928,0.574,-0.977,0.99,0.995,-0.994,0.95,0.993,0.988,-0.979,-0.874,-0.709,0.897,-0.976,-0.989,-0.999,-0.971,-0.99,-0.908,-0.957,0.982,-0.982,-0.981,-0.961,-0.852,-0.995,-0.3,6.955,5.41,10.382,10.404,10.421,10.377,10.356,10.384,6.332,5.59,10.362,10.404,6.641,6.621,10.424,10.419,EssenceCatalog/problems/csplib-prob010-SocialGolfers/params/3da45efec169d665d6d308496af0c2c5.param
0.982,0.965,0.975,-0.955,0.606,-0.908,-0.852,0.808,0.979,-0.832,-0.926,-0.769,0.997,-0.925,-0.991,0.93,0.984,0.871,0.973,0.937,-0.998,0.137,0.989,0.973,0.939,0.936,-0.925,-0.824,0.965,-0.986,-0.816,0.4,0.977,-0.9,0.117,0.953,0.762,-0.948,-0.777,0.659,0.749,0.989,0.604,0.893,0.397,-0.976,0.994,-0.956,0.949,0.994,-0.921,-0.982,-0.964,-0.685,-0.901,0.926,0.972,-0.903,0.986,-0.996,-0.928,0.978,0.994,0.893,0.959,-0.997,-0.845,-0.969,-0.984,0.681,-0.972,-0.993,-0.429,-0.909,0.549,-0.978,0.99,0.995,-0.993,0.954,0.992,0.99,-0.98,-0.874,-0.51,0.899,-0.978,-0.987,-0.999,-0.974,-0.989,-0.907,-0.953,0.981,-0.981,-0.98,-0.94,-0.812,-0.995,-0.364,6.709,5.3,10.413,10.394,10.4,10.383,10.35,10.368,6.166,5.478,10.378,10.396,6.48,6.474,10.429,10.402,EssenceCatalog/problems/csplib-prob010-SocialGolfers/params/f5c347fa06f76b5b57b456a8da165284.param
0.972,0.971,0.97,-0.951,0.613,-0.898,-0.816,0.857,0.989,-0.837,-0.955,-0.87,0.997,-0.92,-0.993,0.984,0.967,0.947,0.96,0.952,-0.998,-0.245,0.986,0.984,0.94,0.909,-0.938,-0.9,0.452,-0.984,-0.63,0.674,0.961,-0.863,-0.832,0.92,0.733,-0.947,-0.679,0.655,0.967,0.99,0.62,0.911,0.364,-0.967,0.995,-0.947,0.875,0.991,-0.955,-0.975,-0.956,0.187,-0.967,0.965,0.956,-0.8,0.983,-0.997,-0.925,0.979,0.992,0.667,0.923,-0.996,0.064,-0.953,-0.983,0.856,-0.965,-0.99,-0.744,-0.938,0.609,-0.963,0.991,0.995,-0.994,0.922,0.987,0.993,-0.987,-0.885,0.374,0.853,-0.979,-0.987,-0.999,-0.981,-0.974,-0.863,-0.931,0.951,-0.962,-0.977,-0.852,-0.857,-0.995,0.225,5.423,4.676,10.344,10.386,10.389,10.39,10.356,10.347,5.39,4.811,10.316,10.383,5.674,5.401,10.335,10.379,EssenceCatalog/problems/csplib-prob010-SocialGolfers/params/de9826d1bce14be8c456fe39cc7503cc.param
0.959,0.973,0.984,-0.965,0.918,-0.86,-0.934,0.904,0.988,-0.915,-0.983,-0.961,0.998,-0.91,-0.996,0.741,0.981,0.962,0.976,0.982,-0.998,0.751,0.97,0.988,0.838,0.884,-0.962,-0.94,-0.893,-0.989,-0.249,0.968,0.903,-0.826,-0.8,0.868,0.835,-0.959,-0.733,0.887,0.59,0.983,0.781,0.972,0.863,-0.967,0.992,-0.957,0.699,0.992,-0.468,-0.975,-0.897,0.282,-0.827,0.97,0.966,0.344,0.983,-0.995,-0.917,0.984,0.996,0.47,0.871,-0.991,0.741,-0.898,-0.987,0.934,-0.971,-0.99,-0.946,-0.941,0.935,-0.982,0.99,0.998,-0.991,0.973,0.988,0.991,-0.989,-0.939,0.278,0.844,-0.976,-0.988,-0.998,-0.98,-0.952,-0.931,-0.968,0.942,-0.894,-0.988,-0.484,-0.839,-0.998,-0.615,5.87,4.356,10.44,10.324,10.347,10.364,10.359,10.359,5.534,4.535,10.447,10.305,5.883,5.161,10.386,10.289,EssenceCatalog/problems/csplib-prob010-SocialGolfers/params/5f93f6ac58cb24e81e1ad4b16ca85d95.param
0.947,0.967,0.977,-0.966,0.908,-0.856,-0.92,0.898,0.99,-0.87,-0.985,-0.958,0.997,-0.903,-0.996,0.917,0.974,0.969,0.968,0.981,-0.997,0.073,0.97,0.987,0.904,0.892,-0.966,-0.93,-0.974,-0.983,-0.166,0.969,0.892,-0.824,-0.969,0.854,0.83,-0.936,-0.556,0.828,0.937,0.984,0.764,0.975,0.739,-0.961,0.995,-0.963,0.636,0.989,-0.882,-0.965,-0.928,0.883,-0.96,0.968,0.968,-0.261,0.985,-0.994,-0.881,0.974,0.994,-0.117,0.796,-0.988,0.932,-0.876,-0.986,0.925,-0.946,-0.988,-0.921,-0.932,0.894,-0.967,0.99,0.998,-0.991,0.96,0.987,0.993,-0.989,-0.936,0.844,0.815,-0.977,-0.985,-0.997,-0.98,-0.937,-0.924,-0.962,0.917,-0.908,-0.98,-0.167,-0.835,-0.997,-0.191,4.927,4.058,10.257,10.257,10.33,10.307,10.318,10.285,4.984,4.184,10.274,10.241,5.239,4.666,10.246,10.252,EssenceCatalog/problems/csplib-prob010-SocialGolfers/params/962c9d1544bc413c6e5d6facd7c0676e.param
0.945,0.969,0.977,-0.961,0.852,-0.851,-0.908,0.897,0.989,-0.873,-0.981,-0.95,0.997,-0.895,-0.996,0.913,0.969,0.962,0.969,0.981,-0.997,0.241,0.981,0.986,0.902,0.892,-0.961,-0.922,-0.933,-0.984,-0.236,0.953,0.927,-0.821,-0.951,0.868,0.81,-0.938,-0.585,0.787,0.902,0.982,0.765,0.969,0.702,-0.963,0.994,-0.957,0.707,0.989,-0.875,-0.972,-0.926,0.818,-0.949,0.963,0.964,-0.242,0.982,-0.994,-0.876,0.979,0.994,0.085,0.817,-0.989,0.873,-0.911,-0.985,0.911,-0.957,-0.988,-0.911,-0.936,0.866,-0.962,0.989,0.998,-0.99,0.955,0.983,0.993,-0.988,-0.926,0.741,0.812,-0.979,-0.984,-0.998,-0.979,-0.95,-0.906,-0.953,0.916,-0.914,-0.981,-0.307,-0.832,-0.996,-0.233,5.065,4.135,10.298,10.292,10.351,10.332,10.329,10.302,5.074,4.262,10.306,10.276,5.339,4.771,10.278,10.283,EssenceCatalog/problems/csplib-prob010-SocialGolfers/params/5ef2cc05422b08dd07566c42a0f1839b.param
0.977,0.95,0.985,-0.974,0.761,-0.893,-0.932,0.833,0.972,-0.824,-0.961,-0.754,0.997,-0.931,-0.992,0.389,0.988,0.755,0.988,0.977,-0.998,0.356,0.993,0.955,0.954,0.947,-0.97,-0.731,0.898,-0.987,-0.838,0.838,0.983,-0.913,0.38,0.965,0.903,-0.955,-0.807,0.578,-0.673,0.977,0.739,0.953,0.636,-0.979,0.99,-0.973,0.96,0.993,-0.938,-0.986,-0.963,-0.165,-0.857,0.735,0.98,-0.944,0.983,-0.991,-0.839,0.981,0.996,0.806,0.919,-0.994,-0.868,-0.974,-0.986,0.474,-0.967,-0.993,-0.148,-0.879,0.693,-0.984,0.986,0.997,-0.989,0.972,0.99,0.988,-0.972,-0.891,-0.468,0.945,-0.979,-0.982,-0.998,-0.966,-0.991,-0.931,-0.964,0.985,-0.986,-0.981,-0.875,-0.724,-0.995,-0.855,7.401,5.297,10.383,10.296,10.306,10.309,10.248,10.306,6.388,5.506,10.345,10.291,6.714,6.923,10.363,10.317,EssenceCatalog/problems/csplib-prob010-SocialGolfers/params/b5c5451bea977fa7a526c5e7b2ab3295.param
0.98,0.969,0.97,-0.956,0.552,-0.909,-0.803,0.838,0.987,-0.833,-0.94,-0.815,0.997,-0.929,-0.992,0.976,0.977,0.915,0.962,0.933,-0.998,-0.115,0.988,0.98,0.949,0.934,-0.929,-0.869,0.908,-0.986,-0.767,0.467,0.974,-0.892,-0.432,0.941,0.755,-0.951,-0.756,0.648,0.926,0.991,0.58,0.877,0.336,-0.973,0.995,-0.952,0.93,0.993,-0.955,-0.978,-0.963,-0.395,-0.955,0.951,0.966,-0.895,0.985,-0.997,-0.936,0.979,0.993,0.833,0.951,-0.997,-0.63,-0.965,-0.982,0.78,-0.969,-0.992,-0.568,-0.928,0.534,-0.969,0.992,0.995,-0.995,0.933,0.99,0.993,-0.985,-0.876,-0.083,0.891,-0.978,-0.988,-0.999,-0.979,-0.985,-0.88,-0.94,0.972,-0.978,-0.98,-0.92,-0.839,-0.995,0.005,6.071,5.07,10.395,10.407,10.398,10.401,10.367,10.384,5.808,5.225,10.357,10.41,6.125,6.016,10.392,10.406,EssenceCatalog/problems/csplib-prob010-SocialGolfers/params/b1b0eb06b3a03fc079832177c57f645d.param
0.992,0.985,0.989,-0.989,0.987,-0.968,-0.982,0.823,0.972,-0.957,-0.984,-0.843,0.999,-0.97,-0.998,-0.989,0.999,0.419,0.995,0.846,-0.999,0.982,0.986,0.928,0.955,0.983,-0.992,-0.963,0.993,-0.997,-0.967,0.984,0.992,-0.977,0.995,0.986,0.984,-0.992,-0.958,0.916,-0.999,0.988,0.967,0.976,0.978,-0.995,0.981,-0.98,0.989,0.997,0.945,-0.988,-0.912,-0.983,0.967,0.827,0.992,-0.945,0.993,-0.995,-0.969,0.985,0.998,0.978,0.98,-0.998,-0.994,-0.991,-0.973,0.878,-0.992,-0.998,-0.865,-0.953,0.982,-0.995,0.985,0.999,-0.988,0.994,0.997,0.976,-0.973,-0.979,-0.993,0.992,-0.974,-0.996,-0.999,-0.964,-0.997,-0.991,-0.996,0.998,-0.994,-0.997,-0.972,-0.921,-0.999,-0.992,9.63,5.813,10.457,10.383,10.401,10.38,10.471,10.412,7.552,6.085,10.475,10.36,7.968,7.846,10.466,10.398,EssenceCatalog/problems/csplib-prob010-SocialGolfers/params/b25c3256944138e976a0a5aab850a15e.param
0.969,0.967,0.974,-0.954,0.666,-0.887,-0.861,0.865,0.989,-0.813,-0.961,-0.877,0.997,-0.921,-0.993,0.978,0.968,0.95,0.969,0.969,-0.997,-0.348,0.987,0.982,0.946,0.906,-0.951,-0.887,-0.024,-0.982,-0.588,0.769,0.959,-0.853,-0.912,0.923,0.77,-0.941,-0.611,0.618,0.961,0.987,0.649,0.947,0.351,-0.966,0.995,-0.953,0.866,0.991,-0.967,-0.978,-0.962,0.571,-0.972,0.957,0.958,-0.812,0.985,-0.996,-0.899,0.979,0.992,0.509,0.89,-0.995,0.358,-0.95,-0.986,0.839,-0.96,-0.99,-0.714,-0.927,0.618,-0.965,0.991,0.996,-0.993,0.931,0.986,0.993,-0.987,-0.89,0.578,0.847,-0.981,-0.985,-0.998,-0.98,-0.972,-0.879,-0.936,0.949,-0.96,-0.973,-0.796,-0.839,-0.995,0.128,5.143,4.472,10.328,10.347,10.366,10.364,10.327,10.296,5.179,4.595,10.317,10.339,5.441,5.146,10.323,10.34,EssenceCatalog/problems/csplib-prob010-SocialGolfers/params/742b602b1db21c0d6b146935f536472b.param
0.976,0.949,0.981,-0.975,0.677,-0.885,-0.917,0.851,0.982,-0.793,-0.967,-0.77,0.997,-0.942,-0.993,0.771,0.985,0.84,0.983,0.98,-0.998,-0.064,0.994,0.966,0.972,0.953,-0.974,-0.742,0.826,-0.985,-0.817,0.828,0.984,-0.917,-0.222,0.962,0.909,-0.953,-0.759,0.504,-0.046,0.981,0.724,0.955,0.506,-0.979,0.994,-0.969,0.953,0.992,-0.982,-0.986,-0.972,0.44,-0.959,0.784,0.98,-0.967,0.984,-0.992,-0.841,0.981,0.995,0.711,0.905,-0.995,-0.72,-0.974,-0.985,0.474,-0.962,-0.992,-0.067,-0.884,0.574,-0.976,0.99,0.997,-0.993,0.959,0.987,0.993,-0.978,-0.885,0.087,0.943,-0.981,-0.983,-0.998,-0.975,-0.991,-0.915,-0.954,0.98,-0.988,-0.98,-0.832,-0.739,-0.995,-0.725,6.365,4.991,10.401,10.324,10.336,10.333,10.262,10.297,5.831,5.177,10.336,10.32,6.147,6.289,10.352,10.324,EssenceCatalog/problems/csplib-prob010-SocialGolfers/params/06ed70e75df40246a578e69ab1b43b4d.param
0.966,0.98,0.991,-0.98,0.971,-0.928,-0.979,0.933,0.99,-0.97,-0.992,-0.984,0.999,-0.961,-0.999,-0.568,0.995,0.97,0.99,0.982,-0.999,0.977,0.973,0.988,0.803,0.95,-0.984,-0.975,-0.718,-0.995,-0.643,0.991,0.978,-0.939,0.308,0.933,0.955,-0.99,-0.94,0.957,-0.876,0.988,0.938,0.987,0.972,-0.986,0.993,-0.97,0.919,0.994,0.761,-0.988,-0.812,-0.711,0.372,0.974,0.982,0.816,0.99,-0.998,-0.965,0.992,0.998,0.871,0.945,-0.997,0.005,-0.957,-0.989,0.965,-0.993,-0.995,-0.979,-0.979,0.983,-0.992,0.99,0.999,-0.993,0.985,0.995,0.99,-0.99,-0.974,-0.796,0.955,-0.984,-0.996,-0.999,-0.983,-0.986,-0.972,-0.991,0.975,-0.944,-0.997,-0.763,-0.94,-0.999,-0.95,8.566,5.165,10.383,10.186,10.136,10.159,10.208,10.275,6.924,5.387,10.408,10.186,7.39,6.654,10.334,10.183,EssenceCatalog/problems/csplib-prob010-SocialGolfers/params/0dcb8fa9d14ebb04fd57bfb353dd215d.param
0.964,0.967,0.972,-0.958,0.697,-0.885,-0.878,0.878,0.992,-0.803,-0.972,-0.899,0.996,-0.921,-0.994,0.982,0.964,0.961,0.97,0.972,-0.997,-0.529,0.989,0.984,0.957,0.914,-0.963,-0.898,-0.589,-0.98,-0.561,0.847,0.963,-0.853,-0.968,0.922,0.813,-0.941,-0.572,0.61,0.976,0.987,0.73,0.962,0.297,-0.968,0.997,-0.957,0.859,0.989,-0.98,-0.978,-0.965,0.849,-0.982,0.958,0.959,-0.835,0.985,-0.995,-0.886,0.978,0.992,0.222,0.864,-0.994,0.687,-0.951,-0.987,0.866,-0.957,-0.989,-0.768,-0.94,0.641,-0.957,0.991,0.996,-0.993,0.918,0.985,0.994,-0.987,-0.898,0.806,0.852,-0.982,-0.985,-0.998,-0.982,-0.969,-0.882,-0.939,0.936,-0.958,-0.971,-0.725,-0.864,-0.995,0.241,4.816,4.269,10.296,10.334,10.365,10.348,10.338,10.289,4.972,4.377,10.31,10.32,5.217,4.862,10.299,10.328,EssenceCatalog/problems/csplib-prob010-SocialGolfers/params/a197c9ebc4222a75cc50bf9fb7b89ca1.param
0.963,0.968,0.978,-0.95,0.755,-0.869,-0.864,0.863,0.984,-0.884,-0.96,-0.919,0.997,-0.893,-0.993,0.917,0.969,0.946,0.967,0.965,-0.997,0.467,0.975,0.983,0.856,0.873,-0.931,-0.914,-0.183,-0.986,-0.459,0.838,0.935,-0.826,-0.706,0.885,0.697,-0.943,-0.673,0.772,0.832,0.985,0.665,0.938,0.672,-0.959,0.99,-0.945,0.786,0.99,-0.747,-0.97,-0.919,-0.091,-0.886,0.965,0.95,-0.147,0.979,-0.996,-0.917,0.982,0.993,0.635,0.903,-0.992,0.278,-0.918,-0.985,0.881,-0.971,-0.988,-0.873,-0.926,0.813,-0.975,0.988,0.996,-0.991,0.957,0.986,0.99,-0.986,-0.9,0.074,0.814,-0.975,-0.986,-0.998,-0.974,-0.96,-0.89,-0.947,0.948,-0.924,-0.98,-0.741,-0.826,-0.996,-0.235,5.857,4.607,10.397,10.331,10.333,10.345,10.323,10.33,5.597,4.776,10.384,10.321,5.928,5.4,10.354,10.303,EssenceCatalog/problems/csplib-prob010-SocialGolfers/params/bd147a2264a356d3115e4b3633208d0f.param
0.978,0.948,0.984,-0.977,0.72,-0.886,-0.925,0.845,0.98,-0.8,-0.966,-0.755,0.997,-0.944,-0.993,0.623,0.987,0.809,0.985,0.979,-0.998,0.07,0.994,0.962,0.97,0.954,-0.976,-0.726,0.867,-0.986,-0.836,0.844,0.984,-0.926,0.027,0.965,0.917,-0.956,-0.776,0.525,-0.424,0.98,0.739,0.956,0.578,-0.978,0.992,-0.97,0.958,0.992,-0.976,-0.986,-0.971,0.311,-0.94,0.747,0.98,-0.968,0.983,-0.992,-0.843,0.982,0.996,0.747,0.914,-0.996,-0.815,-0.975,-0.986,0.42,-0.965,-0.992,-0.024,-0.876,0.612,-0.98,0.989,0.997,-0.993,0.965,0.987,0.992,-0.977,-0.886,-0.072,0.951,-0.98,-0.984,-0.998,-0.973,-0.991,-0.919,-0.957,0.982,-0.988,-0.981,-0.848,-0.74,-0.996,-0.81,6.77,5.104,10.387,10.298,10.313,10.312,10.239,10.296,6.037,5.301,10.329,10.297,6.357,6.558,10.344,10.311,EssenceCatalog/problems/csplib-prob010-SocialGolfers/params/cc9623977ecf2996760d141a5649e1ac.param
0.972,0.965,0.97,-0.947,0.671,-0.879,-0.829,0.841,0.981,-0.861,-0.937,-0.877,0.997,-0.895,-0.991,0.946,0.976,0.924,0.959,0.95,-0.997,0.349,0.979,0.98,0.886,0.892,-0.91,-0.884,0.685,-0.986,-0.604,0.655,0.951,-0.859,-0.421,0.906,0.629,-0.941,-0.691,0.73,0.876,0.988,0.598,0.89,0.544,-0.968,0.992,-0.944,0.86,0.993,-0.833,-0.972,-0.935,-0.454,-0.906,0.956,0.962,-0.574,0.983,-0.995,-0.925,0.977,0.994,0.781,0.935,-0.994,-0.287,-0.938,-0.984,0.821,-0.968,-0.991,-0.78,-0.905,0.729,-0.973,0.99,0.996,-0.992,0.952,0.99,0.99,-0.984,-0.889,-0.157,0.832,-0.976,-0.986,-0.998,-0.973,-0.975,-0.898,-0.948,0.964,-0.956,-0.98,-0.855,-0.779,-0.995,-0.123,6.216,4.965,10.386,10.374,10.387,10.379,10.352,10.361,5.869,5.144,10.357,10.371,6.185,5.895,10.375,10.364,EssenceCatalog/problems/csplib-prob010-SocialGolfers/params/851051c4f4e3dabbcf4d7a4e7077dd60.param
0.433,0.964,-0.992,-0.981,-0.991,-0.733,0.991,0.981,0.967,-0.941,-0.869,-0.945,0.991,-0.882,-0.997,0.928,0.978,0.949,-0.99,-0.807,-0.996,0.938,0.999,0.982,0.963,0.972,-0.974,-0.952,0.99,-0.99,-0.894,0.493,0.997,-0.971,0.937,-0.396,0.937,-0.969,-0.961,0.518,0.902,0.994,0.795,-0.985,0.103,-0.994,0.997,-0.93,0.94,0.991,-0.927,-0.671,0.9,0.949,-0.973,0.963,0.989,-0.955,0.99,-0.994,-0.967,0.887,0.99,0.968,0.983,-0.998,0.844,-0.972,0.992,0.834,-0.947,-0.995,-0.942,-0.942,0.851,0.984,0.983,0.996,-0.987,-0.773,0.986,0.994,-0.977,-0.935,0.863,0.958,-0.988,-0.98,-0.993,-0.989,-0.994,-0.942,-0.976,0.339,-0.996,-0.989,0.905,-0.701,-0.993,0.799,4.132,3.447,4.84,9.971,10.323,10.302,10.428,10.528,4.099,3.592,4.857,10.021,4.667,4.259,5.779,9.991,EssenceCatalog/problems/csplib-prob010-SocialGolfers/params/353b781632e7a29beeff3cdfc5d98f94.param
0.972,0.966,0.974,-0.951,0.609,-0.889,-0.845,0.852,0.987,-0.82,-0.95,-0.856,0.997,-0.916,-0.992,0.971,0.971,0.938,0.968,0.962,-0.997,-0.161,0.987,0.98,0.938,0.907,-0.938,-0.873,0.502,-0.983,-0.644,0.669,0.963,-0.856,-0.79,0.929,0.736,-0.941,-0.658,0.618,0.937,0.987,0.615,0.931,0.365,-0.967,0.994,-0.95,0.889,0.992,-0.951,-0.978,-0.959,0.158,-0.958,0.954,0.959,-0.8,0.984,-0.996,-0.908,0.98,0.992,0.674,0.914,-0.995,-0.062,-0.954,-0.985,0.808,-0.965,-0.99,-0.67,-0.923,0.601,-0.968,0.99,0.995,-0.993,0.937,0.988,0.992,-0.985,-0.881,0.267,0.853,-0.98,-0.985,-0.998,-0.978,-0.977,-0.877,-0.936,0.959,-0.964,-0.975,-0.851,-0.827,-0.994,0.024,5.555,4.729,10.359,10.364,10.362,10.368,10.325,10.314,5.454,4.867,10.322,10.358,5.748,5.515,10.337,10.354,EssenceCatalog/problems/csplib-prob010-SocialGolfers/params/df7c9acbf0ad1b0cec063b6772518e14.param
0.96,0.969,0.976,-0.956,0.78,-0.869,-0.876,0.876,0.989,-0.845,-0.969,-0.92,0.997,-0.906,-0.994,0.963,0.963,0.956,0.968,0.975,-0.997,-0.121,0.981,0.984,0.919,0.88,-0.952,-0.909,-0.662,-0.983,-0.42,0.883,0.934,-0.833,-0.937,0.894,0.762,-0.938,-0.573,0.714,0.948,0.985,0.695,0.955,0.536,-0.962,0.994,-0.949,0.767,0.989,-0.935,-0.971,-0.943,0.682,-0.963,0.964,0.954,-0.558,0.982,-0.995,-0.888,0.977,0.993,0.303,0.858,-0.992,0.693,-0.927,-0.986,0.884,-0.957,-0.988,-0.849,-0.929,0.759,-0.965,0.989,0.996,-0.992,0.944,0.984,0.993,-0.987,-0.906,0.658,0.813,-0.978,-0.984,-0.998,-0.979,-0.956,-0.887,-0.94,0.931,-0.938,-0.976,-0.641,-0.827,-0.995,0.036,5.039,4.271,10.308,10.309,10.351,10.337,10.328,10.292,5.091,4.393,10.316,10.296,5.353,4.897,10.299,10.299,EssenceCatalog/problems/csplib-prob010-SocialGolfers/params/66e3c74766a2c9e8a77b43c2b1f26e85.param
0.965,0.965,0.976,-0.951,0.675,-0.876,-0.853,0.851,0.985,-0.847,-0.956,-0.885,0.997,-0.907,-0.992,0.954,0.966,0.94,0.967,0.965,-0.997,0.112,0.982,0.981,0.91,0.888,-0.935,-0.889,0.099,-0.984,-0.534,0.768,0.949,-0.842,-0.788,0.907,0.725,-0.939,-0.649,0.678,0.894,0.985,0.635,0.931,0.523,-0.96,0.992,-0.946,0.836,0.99,-0.91,-0.974,-0.943,0.175,-0.943,0.955,0.953,-0.588,0.979,-0.995,-0.902,0.98,0.992,0.619,0.9,-0.993,0.181,-0.938,-0.984,0.836,-0.965,-0.988,-0.778,-0.92,0.702,-0.969,0.988,0.995,-0.991,0.944,0.983,0.991,-0.985,-0.886,0.244,0.831,-0.976,-0.984,-0.998,-0.975,-0.967,-0.87,-0.933,0.945,-0.946,-0.976,-0.783,-0.822,-0.995,-0.097,5.584,4.615,10.363,10.345,10.356,10.358,10.321,10.316,5.445,4.763,10.34,10.338,5.742,5.386,10.337,10.329,EssenceCatalog/problems/csplib-prob010-SocialGolfers/params/6fd7e3b9b68c4cc14329e476b586eb93.param
0.984,0.969,0.973,-0.957,0.592,-0.916,-0.83,0.8,0.982,-0.843,-0.924,-0.769,0.997,-0.93,-0.991,0.951,0.983,0.872,0.968,0.913,-0.998,0.117,0.987,0.975,0.945,0.943,-0.917,-0.841,0.978,-0.987,-0.838,0.298,0.978,-0.907,0.219,0.954,0.764,-0.952,-0.806,0.692,0.806,0.991,0.59,0.86,0.394,-0.977,0.994,-0.954,0.954,0.994,-0.924,-0.98,-0.966,-0.781,-0.902,0.937,0.97,-0.914,0.985,-0.997,-0.943,0.978,0.994,0.912,0.967,-0.998,-0.886,-0.97,-0.983,0.714,-0.973,-0.993,-0.449,-0.922,0.537,-0.978,0.991,0.995,-0.994,0.95,0.992,0.99,-0.981,-0.871,-0.557,0.906,-0.975,-0.989,-0.999,-0.974,-0.989,-0.902,-0.95,0.981,-0.983,-0.981,-0.955,-0.84,-0.995,-0.269,6.741,5.342,10.403,10.409,10.42,10.393,10.369,10.393,6.206,5.519,10.376,10.412,6.517,6.508,10.435,10.42,EssenceCatalog/problems/csplib-prob010-SocialGolfers/params/527eeddcb0b0c527baa6eaa3fe88a11b.param
0.949,0.968,0.981,-0.966,0.914,-0.844,-0.924,0.912,0.99,-0.92,-0.987,-0.973,0.998,-0.894,-0.997,0.684,0.984,0.965,0.969,0.976,-0.998,0.758,0.969,0.987,0.86,0.922,-0.96,-0.944,-0.956,-0.988,-0.232,0.976,0.937,-0.825,-0.878,0.857,0.867,-0.96,-0.732,0.895,0.614,0.981,0.843,0.97,0.883,-0.965,0.994,-0.965,0.721,0.991,-0.416,-0.973,-0.895,0.563,-0.859,0.97,0.976,0.418,0.983,-0.995,-0.913,0.985,0.996,0.323,0.849,-0.99,0.843,-0.896,-0.986,0.936,-0.972,-0.991,-0.955,-0.947,0.945,-0.976,0.99,0.999,-0.991,0.971,0.99,0.991,-0.99,-0.944,0.502,0.851,-0.976,-0.989,-0.998,-0.98,-0.96,-0.941,-0.975,0.935,-0.909,-0.988,-0.276,-0.832,-0.998,-0.664,5.7,4.244,10.397,10.323,10.352,10.371,10.364,10.353,5.422,4.414,10.404,10.305,5.758,5.022,10.344,10.297,EssenceCatalog/problems/csplib-prob010-SocialGolfers/params/1bc91c0577e6eb3ae4c325970ad1c58f.param
0.978,0.966,0.968,-0.945,0.551,-0.902,-0.813,0.823,0.983,-0.839,-0.926,-0.833,0.997,-0.911,-0.991,0.971,0.98,0.912,0.961,0.928,-0.998,0.115,0.985,0.978,0.929,0.924,-0.906,-0.865,0.929,-0.985,-0.758,0.364,0.973,-0.879,-0.23,0.936,0.668,-0.947,-0.749,0.674,0.919,0.991,0.585,0.863,0.364,-0.975,0.995,-0.951,0.931,0.994,-0.919,-0.978,-0.958,-0.617,-0.929,0.954,0.968,-0.833,0.985,-0.996,-0.936,0.977,0.994,0.868,0.956,-0.997,-0.674,-0.961,-0.983,0.778,-0.97,-0.993,-0.632,-0.927,0.58,-0.972,0.991,0.995,-0.993,0.938,0.993,0.99,-0.983,-0.878,-0.319,0.866,-0.979,-0.988,-0.999,-0.975,-0.985,-0.896,-0.948,0.973,-0.974,-0.979,-0.924,-0.828,-0.995,-0.027,6.326,5.161,10.372,10.38,10.379,10.373,10.335,10.357,5.961,5.325,10.34,10.382,6.277,6.151,10.383,10.384,EssenceCatalog/problems/csplib-prob010-SocialGolfers/params/7f566e0b71c60439847f46e22abc3e50.param
0.963,0.967,0.972,-0.959,0.693,-0.884,-0.886,0.882,0.991,-0.798,-0.971,-0.898,0.996,-0.92,-0.994,0.98,0.965,0.959,0.971,0.974,-0.997,-0.548,0.991,0.984,0.958,0.917,-0.964,-0.892,-0.576,-0.98,-0.579,0.85,0.966,-0.85,-0.968,0.925,0.821,-0.942,-0.573,0.591,0.974,0.986,0.741,0.965,0.282,-0.969,0.997,-0.958,0.866,0.99,-0.981,-0.98,-0.966,0.862,-0.982,0.954,0.962,-0.845,0.987,-0.995,-0.878,0.978,0.992,0.21,0.858,-0.994,0.679,-0.954,-0.987,0.858,-0.958,-0.99,-0.752,-0.94,0.629,-0.956,0.991,0.996,-0.993,0.918,0.986,0.994,-0.987,-0.898,0.801,0.853,-0.983,-0.984,-0.998,-0.982,-0.971,-0.885,-0.942,0.937,-0.961,-0.971,-0.723,-0.857,-0.994,0.209,4.819,4.273,10.299,10.334,10.363,10.347,10.335,10.283,4.971,4.38,10.313,10.319,5.216,4.874,10.301,10.327,EssenceCatalog/problems/csplib-prob010-SocialGolfers/params/0c90678ecf1eee93b9e1e001db29a101.param
0.991,0.989,0.993,-0.988,0.989,-0.969,-0.989,0.834,0.969,-0.958,-0.982,-0.881,0.999,-0.97,-0.998,-0.991,0.998,0.561,0.997,0.917,-0.999,0.985,0.99,0.927,0.943,0.979,-0.991,-0.967,0.993,-0.997,-0.974,0.981,0.993,-0.973,0.995,0.99,0.976,-0.993,-0.958,0.918,-0.998,0.987,0.971,0.987,0.979,-0.995,0.984,-0.977,0.99,0.997,0.97,-0.992,-0.92,-0.989,0.98,0.87,0.992,-0.849,0.994,-0.996,-0.975,0.988,0.998,0.979,0.983,-0.998,-0.995,-0.992,-0.985,0.889,-0.994,-0.998,-0.893,-0.961,0.982,-0.997,0.985,0.999,-0.99,0.995,0.998,0.972,-0.975,-0.982,-0.995,0.99,-0.979,-0.996,-0.999,-0.968,-0.997,-0.992,-0.997,0.998,-0.992,-0.996,-0.983,-0.933,-0.999,-0.993,9.664,5.826,10.503,10.423,10.428,10.409,10.502,10.45,7.582,6.098,10.514,10.396,8.008,7.847,10.505,10.433,EssenceCatalog/problems/csplib-prob010-SocialGolfers/params/3d60cb90b00fa36979d21c11b39d50ff.param
0.362,0.964,-0.996,-0.98,-0.991,-0.754,0.996,0.983,0.974,-0.946,-0.887,-0.946,0.992,-0.892,-0.997,0.962,0.983,0.967,-0.995,-0.871,-0.997,0.912,0.998,0.988,0.965,0.972,-0.979,-0.962,0.978,-0.991,-0.829,0.611,0.993,-0.968,0.903,-0.69,0.937,-0.963,-0.959,0.601,0.973,0.995,0.611,-0.992,0.164,-0.993,0.997,-0.954,0.871,0.992,-0.948,-0.369,0.951,0.976,-0.986,0.975,0.989,-0.963,0.991,-0.995,-0.971,0.848,0.992,0.961,0.977,-0.998,0.959,-0.941,0.996,0.882,-0.909,-0.994,-0.948,-0.914,0.883,0.99,0.986,0.997,-0.988,-0.825,0.989,0.997,-0.984,-0.945,0.959,0.956,-0.988,-0.984,-0.994,-0.99,-0.989,-0.942,-0.977,0.288,-0.995,-0.989,0.964,-0.65,-0.995,0.922,3.997,3.34,4.645,9.933,10.333,10.281,10.449,10.565,3.985,3.511,4.658,9.957,4.575,4.129,5.615,9.954,EssenceCatalog/problems/csplib-prob010-SocialGolfers/params/dcd2f74725e16183d4dafcfb9712050b.param
0.281,0.954,-0.991,-0.976,-0.991,-0.71,0.988,0.978,0.959,-0.926,-0.857,-0.942,0.988,-0.848,-0.996,0.922,0.981,0.944,-0.986,-0.666,-0.995,0.932,0.999,0.979,0.956,0.961,-0.97,-0.945,0.985,-0.988,-0.87,0.397,0.997,-0.963,0.918,-0.402,0.915,-0.963,-0.954,0.45,0.917,0.991,0.76,-0.976,-0.016,-0.994,0.997,-0.935,0.939,0.992,-0.934,-0.744,0.871,0.958,-0.98,0.952,0.99,-0.949,0.991,-0.991,-0.959,0.882,0.99,0.961,0.977,-0.996,0.872,-0.969,0.99,0.8,-0.932,-0.995,-0.93,-0.927,0.831,0.98,0.983,0.996,-0.981,-0.737,0.989,0.993,-0.972,-0.928,0.873,0.945,-0.991,-0.974,-0.991,-0.988,-0.994,-0.948,-0.976,0.401,-0.995,-0.983,0.919,-0.644,-0.993,0.798,4.052,3.409,4.802,9.893,10.228,10.222,10.333,10.402,4.033,3.542,4.82,9.935,4.597,4.207,5.741,9.905,EssenceCatalog/problems/csplib-prob010-SocialGolfers/params/a6c9ff89f809b1be21d71b5cc8cc8ae8.param
0.977,0.965,0.97,-0.949,0.648,-0.893,-0.83,0.82,0.977,-0.87,-0.918,-0.843,0.997,-0.897,-0.991,0.904,0.98,0.888,0.961,0.931,-0.997,0.512,0.978,0.977,0.884,0.91,-0.901,-0.873,0.914,-0.988,-0.706,0.525,0.963,-0.878,0.175,0.92,0.649,-0.946,-0.754,0.749,0.714,0.988,0.583,0.858,0.573,-0.971,0.99,-0.945,0.904,0.993,-0.758,-0.973,-0.934,-0.781,-0.828,0.944,0.964,-0.636,0.981,-0.996,-0.935,0.978,0.993,0.876,0.956,-0.995,-0.718,-0.948,-0.982,0.774,-0.973,-0.992,-0.719,-0.904,0.725,-0.976,0.989,0.995,-0.992,0.958,0.992,0.988,-0.981,-0.883,-0.552,0.864,-0.974,-0.986,-0.999,-0.968,-0.982,-0.904,-0.954,0.974,-0.965,-0.982,-0.91,-0.783,-0.995,-0.295,6.905,5.274,10.389,10.388,10.41,10.371,10.358,10.389,6.28,5.469,10.361,10.385,6.595,6.425,10.401,10.396,EssenceCatalog/problems/csplib-prob010-SocialGolfers/params/9de31cacd82e17365c608c0f634f7654.param
0.978,0.962,0.974,-0.954,0.59,-0.9,-0.839,0.814,0.979,-0.845,-0.93,-0.799,0.997,-0.914,-0.991,0.922,0.978,0.874,0.968,0.94,-0.998,0.284,0.987,0.975,0.921,0.925,-0.916,-0.838,0.928,-0.986,-0.766,0.481,0.972,-0.886,0.063,0.94,0.734,-0.947,-0.776,0.681,0.679,0.987,0.61,0.877,0.481,-0.971,0.991,-0.953,0.93,0.993,-0.891,-0.978,-0.955,-0.651,-0.895,0.928,0.965,-0.816,0.981,-0.995,-0.924,0.98,0.993,0.866,0.952,-0.996,-0.776,-0.96,-0.983,0.72,-0.971,-0.991,-0.565,-0.912,0.622,-0.976,0.989,0.995,-0.992,0.953,0.99,0.989,-0.98,-0.871,-0.484,0.887,-0.974,-0.986,-0.999,-0.97,-0.985,-0.89,-0.945,0.975,-0.974,-0.98,-0.921,-0.807,-0.995,-0.351,6.734,5.262,10.409,10.394,10.403,10.383,10.351,10.382,6.173,5.445,10.375,10.396,6.49,6.423,10.417,10.404,EssenceCatalog/problems/csplib-prob010-SocialGolfers/params/2afbbcfa9f53656ea4659405495518a0.param
0.993,0.989,0.946,-0.993,0.971,-0.971,-0.844,0.865,0.98,-0.979,-0.982,-0.888,0.999,-0.982,-0.998,-0.96,0.998,0.345,0.93,-0.233,-1.0,0.987,0.948,0.961,0.974,0.99,-0.99,-0.977,0.998,-0.998,-0.977,0.979,0.984,-0.989,0.998,0.972,0.99,-0.995,-0.972,0.951,-0.997,0.994,0.966,0.562,0.986,-0.993,0.958,-0.972,0.985,0.996,0.946,-0.931,-0.797,-0.994,0.967,0.934,0.985,-0.954,0.986,-0.998,-0.988,0.982,0.996,0.989,0.991,-1.0,-0.996,-0.988,-0.783,0.92,-0.991,-0.997,-0.915,-0.954,0.985,-0.985,0.986,0.997,-0.995,0.984,0.996,0.984,-0.985,-0.972,-0.991,0.995,-0.942,-0.997,-1.0,-0.966,-0.995,-0.988,-0.995,0.996,-0.993,-0.998,-0.984,-0.943,-0.999,-0.986,9.544,5.777,10.139,10.249,10.316,10.276,10.406,10.368,7.51,6.059,10.188,10.296,7.889,7.728,10.172,10.304,EssenceCatalog/problems/csplib-prob010-SocialGolfers/params/ord33-7-7-7.param
0.969,0.967,0.975,-0.948,0.695,-0.878,-0.835,0.849,0.982,-0.886,-0.947,-0.897,0.997,-0.894,-0.992,0.918,0.971,0.932,0.961,0.95,-0.997,0.532,0.976,0.982,0.85,0.882,-0.914,-0.907,0.468,-0.987,-0.565,0.734,0.947,-0.842,-0.407,0.893,0.657,-0.946,-0.718,0.771,0.802,0.987,0.633,0.908,0.651,-0.961,0.989,-0.943,0.831,0.991,-0.702,-0.97,-0.916,-0.489,-0.849,0.963,0.95,-0.229,0.978,-0.996,-0.931,0.982,0.993,0.77,0.932,-0.994,-0.17,-0.929,-0.983,0.861,-0.974,-0.989,-0.847,-0.923,0.788,-0.975,0.988,0.995,-0.991,0.955,0.987,0.989,-0.984,-0.89,-0.249,0.828,-0.974,-0.986,-0.998,-0.972,-0.968,-0.885,-0.947,0.958,-0.938,-0.981,-0.832,-0.823,-0.996,-0.222,6.369,4.928,10.402,10.362,10.361,10.359,10.337,10.362,5.939,5.114,10.378,10.352,6.274,5.859,10.373,10.347,EssenceCatalog/problems/csplib-prob010-SocialGolfers/params/df3ec6dd94a31f8754ed077102bf5e15.param
0.985,0.969,0.971,-0.958,0.576,-0.92,-0.826,0.799,0.982,-0.846,-0.918,-0.757,0.997,-0.933,-0.992,0.947,0.984,0.849,0.967,0.894,-0.998,0.15,0.989,0.973,0.948,0.95,-0.915,-0.839,0.988,-0.988,-0.868,0.225,0.982,-0.914,0.39,0.96,0.782,-0.956,-0.833,0.695,0.761,0.992,0.615,0.839,0.382,-0.979,0.994,-0.954,0.964,0.995,-0.923,-0.98,-0.968,-0.829,-0.889,0.933,0.972,-0.929,0.985,-0.997,-0.947,0.977,0.994,0.927,0.972,-0.998,-0.925,-0.974,-0.981,0.696,-0.975,-0.994,-0.43,-0.929,0.532,-0.976,0.991,0.995,-0.995,0.948,0.993,0.99,-0.981,-0.869,-0.643,0.917,-0.975,-0.99,-0.999,-0.974,-0.991,-0.904,-0.953,0.983,-0.986,-0.982,-0.964,-0.851,-0.995,-0.327,6.874,5.397,10.394,10.413,10.43,10.394,10.373,10.399,6.287,5.578,10.373,10.417,6.594,6.616,10.436,10.429,EssenceCatalog/problems/csplib-prob010-SocialGolfers/params/1fd93c7f6a664023d465f26561b19f12.param
0.974,0.969,0.974,-0.953,0.591,-0.898,-0.838,0.853,0.989,-0.815,-0.953,-0.849,0.997,-0.924,-0.992,0.979,0.971,0.939,0.968,0.957,-0.998,-0.288,0.989,0.982,0.949,0.919,-0.943,-0.88,0.576,-0.983,-0.684,0.648,0.968,-0.869,-0.81,0.934,0.767,-0.946,-0.678,0.612,0.954,0.989,0.622,0.929,0.31,-0.969,0.995,-0.952,0.901,0.992,-0.965,-0.979,-0.963,0.203,-0.967,0.955,0.961,-0.853,0.985,-0.996,-0.916,0.98,0.993,0.68,0.921,-0.996,-0.108,-0.96,-0.985,0.815,-0.965,-0.991,-0.642,-0.931,0.552,-0.966,0.991,0.995,-0.994,0.929,0.988,0.993,-0.986,-0.881,0.339,0.864,-0.98,-0.986,-0.999,-0.98,-0.98,-0.876,-0.936,0.96,-0.969,-0.975,-0.866,-0.839,-0.994,0.107,5.492,4.74,10.363,10.384,10.379,10.386,10.343,10.332,5.426,4.872,10.323,10.379,5.717,5.512,10.344,10.378,EssenceCatalog/problems/csplib-prob010-SocialGolfers/params/5b5a44df1b2457dc3ef508945b4a18c6.param
0.958,0.964,0.966,-0.965,0.707,-0.884,-0.893,0.894,0.992,-0.79,-0.978,-0.906,0.996,-0.923,-0.995,0.979,0.969,0.963,0.969,0.977,-0.997,-0.614,0.992,0.985,0.968,0.932,-0.973,-0.895,-0.775,-0.98,-0.549,0.893,0.972,-0.866,-0.98,0.92,0.865,-0.941,-0.564,0.583,0.978,0.986,0.783,0.969,0.271,-0.973,0.997,-0.965,0.864,0.99,-0.988,-0.98,-0.965,0.949,-0.988,0.945,0.969,-0.894,0.988,-0.994,-0.864,0.977,0.993,-0.023,0.833,-0.993,0.812,-0.953,-0.985,0.855,-0.953,-0.99,-0.765,-0.938,0.653,-0.942,0.992,0.997,-0.993,0.911,0.986,0.995,-0.988,-0.907,0.9,0.872,-0.985,-0.985,-0.998,-0.984,-0.973,-0.9,-0.948,0.932,-0.965,-0.972,-0.601,-0.856,-0.995,0.231,4.692,4.185,10.277,10.33,10.367,10.344,10.342,10.284,4.886,4.29,10.306,10.312,5.123,4.767,10.287,10.321,EssenceCatalog/problems/csplib-prob010-SocialGolfers/params/d4a01e9a95401c8c14167414402b27c1.param
0.977,0.943,0.987,-0.977,0.822,-0.876,-0.943,0.837,0.979,-0.808,-0.972,-0.805,0.997,-0.939,-0.994,0.479,0.989,0.822,0.986,0.984,-0.998,0.206,0.989,0.965,0.964,0.947,-0.972,-0.748,0.65,-0.986,-0.734,0.9,0.975,-0.909,-0.109,0.96,0.916,-0.951,-0.743,0.621,-0.476,0.976,0.732,0.959,0.686,-0.976,0.991,-0.971,0.934,0.992,-0.961,-0.983,-0.966,0.33,-0.933,0.748,0.981,-0.946,0.98,-0.99,-0.842,0.979,0.996,0.652,0.887,-0.994,-0.708,-0.961,-0.989,0.488,-0.96,-0.992,-0.192,-0.854,0.735,-0.985,0.989,0.998,-0.992,0.976,0.989,0.991,-0.978,-0.9,0.016,0.942,-0.976,-0.983,-0.998,-0.969,-0.988,-0.938,-0.961,0.982,-0.984,-0.982,-0.774,-0.681,-0.996,-0.846,6.779,5.024,10.42,10.309,10.331,10.341,10.272,10.326,6.017,5.226,10.367,10.309,6.34,6.472,10.376,10.321,EssenceCatalog/problems/csplib-prob010-SocialGolfers/params/29e2f3c1c3d25609ea2524850ecd9b77.param
0.957,0.969,0.976,-0.957,0.794,-0.864,-0.886,0.881,0.989,-0.845,-0.972,-0.927,0.997,-0.903,-0.994,0.959,0.964,0.958,0.969,0.977,-0.997,-0.12,0.983,0.985,0.919,0.882,-0.955,-0.91,-0.773,-0.983,-0.403,0.9,0.936,-0.828,-0.95,0.892,0.775,-0.937,-0.567,0.718,0.948,0.984,0.721,0.962,0.539,-0.962,0.994,-0.951,0.765,0.989,-0.936,-0.973,-0.944,0.76,-0.964,0.964,0.957,-0.529,0.983,-0.995,-0.878,0.978,0.993,0.212,0.846,-0.992,0.76,-0.926,-0.987,0.888,-0.957,-0.988,-0.862,-0.932,0.776,-0.964,0.989,0.997,-0.992,0.945,0.984,0.993,-0.987,-0.909,0.71,0.809,-0.979,-0.983,-0.998,-0.98,-0.956,-0.891,-0.943,0.927,-0.935,-0.975,-0.587,-0.831,-0.995,0.007,4.982,4.221,10.304,10.304,10.351,10.333,10.327,10.289,5.051,4.34,10.316,10.291,5.309,4.838,10.292,10.296,EssenceCatalog/problems/csplib-prob010-SocialGolfers/params/1f34c09b635f1f13178c9180f6ff6179.param
0.433,0.972,-0.956,-0.986,-0.939,-0.813,0.912,0.975,0.963,-0.941,-0.939,-0.959,0.992,-0.86,-0.997,0.295,0.997,0.908,-0.885,0.378,-0.998,0.976,0.999,0.969,0.955,0.97,-0.977,-0.947,0.978,-0.989,-0.836,0.762,0.998,-0.971,0.968,0.204,0.952,-0.972,-0.953,0.688,0.425,0.987,0.899,-0.866,0.569,-0.998,0.999,-0.972,0.966,0.998,-0.703,-0.945,0.773,0.862,-0.92,0.917,0.998,-0.945,0.998,-0.989,-0.963,0.931,0.997,0.964,0.96,-0.994,0.791,-0.979,0.957,0.789,-0.942,-0.998,-0.939,-0.871,0.938,0.901,0.988,1.0,-0.985,0.473,0.998,0.994,-0.976,-0.975,0.53,0.955,-0.996,-0.983,-0.994,-0.986,-0.998,-0.991,-0.993,0.862,-0.997,-0.992,0.894,-0.336,-0.996,-0.002,4.948,3.717,5.741,10.154,10.468,10.513,10.552,10.536,4.673,3.902,5.811,10.174,5.154,4.883,6.633,10.164,EssenceCatalog/problems/csplib-prob010-SocialGolfers/params/428d03e75f6c77897ee571a7de3f9939.param
0.952,0.969,0.978,-0.958,0.841,-0.851,-0.898,0.885,0.988,-0.879,-0.977,-0.946,0.997,-0.896,-0.995,0.922,0.967,0.96,0.969,0.977,-0.997,0.274,0.975,0.986,0.886,0.88,-0.952,-0.923,-0.873,-0.985,-0.288,0.935,0.92,-0.817,-0.925,0.872,0.777,-0.941,-0.603,0.789,0.892,0.983,0.744,0.961,0.698,-0.958,0.993,-0.952,0.712,0.989,-0.842,-0.969,-0.926,0.657,-0.939,0.966,0.959,-0.169,0.98,-0.995,-0.893,0.979,0.994,0.252,0.849,-0.991,0.789,-0.905,-0.986,0.907,-0.961,-0.987,-0.908,-0.935,0.853,-0.97,0.989,0.997,-0.991,0.954,0.984,0.992,-0.987,-0.918,0.632,0.809,-0.975,-0.985,-0.998,-0.978,-0.947,-0.895,-0.951,0.921,-0.913,-0.98,-0.475,-0.831,-0.996,-0.207,5.192,4.213,10.324,10.296,10.34,10.329,10.327,10.307,5.161,4.345,10.326,10.28,5.442,4.858,10.296,10.283,EssenceCatalog/problems/csplib-prob010-SocialGolfers/params/637ad23fee20948c86c8f8dcd69cf8b4.param
0.968,0.969,0.976,-0.953,0.773,-0.869,-0.843,0.867,0.983,-0.9,-0.955,-0.917,0.998,-0.9,-0.993,0.901,0.972,0.942,0.96,0.955,-0.997,0.609,0.971,0.984,0.829,0.87,-0.922,-0.919,0.174,-0.988,-0.474,0.822,0.927,-0.841,-0.465,0.876,0.69,-0.95,-0.724,0.817,0.774,0.987,0.641,0.915,0.731,-0.961,0.989,-0.942,0.775,0.992,-0.593,-0.966,-0.899,-0.437,-0.829,0.967,0.949,-0.031,0.979,-0.996,-0.933,0.982,0.994,0.751,0.927,-0.994,0.058,-0.914,-0.983,0.89,-0.973,-0.989,-0.886,-0.918,0.844,-0.977,0.988,0.996,-0.992,0.961,0.988,0.99,-0.986,-0.899,-0.161,0.824,-0.972,-0.987,-0.998,-0.975,-0.962,-0.894,-0.953,0.952,-0.926,-0.983,-0.79,-0.812,-0.996,-0.276,6.312,4.808,10.401,10.343,10.353,10.346,10.339,10.36,5.887,5.002,10.384,10.333,6.225,5.701,10.366,10.32,EssenceCatalog/problems/csplib-prob010-SocialGolfers/params/4255f301ec0d3dea8055adc59f18e1b3.param
0.981,0.953,0.984,-0.968,0.749,-0.896,-0.926,0.805,0.969,-0.831,-0.943,-0.746,0.997,-0.926,-0.992,0.522,0.988,0.795,0.985,0.969,-0.998,0.404,0.99,0.962,0.939,0.939,-0.955,-0.751,0.944,-0.987,-0.826,0.73,0.981,-0.913,0.5,0.963,0.845,-0.951,-0.796,0.64,-0.436,0.982,0.692,0.941,0.61,-0.977,0.99,-0.963,0.956,0.993,-0.887,-0.984,-0.964,-0.566,-0.804,0.811,0.978,-0.919,0.983,-0.993,-0.882,0.981,0.995,0.867,0.943,-0.995,-0.903,-0.969,-0.989,0.484,-0.972,-0.993,-0.262,-0.867,0.682,-0.987,0.988,0.996,-0.991,0.973,0.992,0.987,-0.972,-0.885,-0.632,0.933,-0.976,-0.984,-0.998,-0.964,-0.991,-0.928,-0.966,0.986,-0.983,-0.98,-0.914,-0.756,-0.995,-0.814,7.528,5.397,10.402,10.328,10.334,10.322,10.288,10.335,6.509,5.61,10.37,10.322,6.836,6.99,10.395,10.34,EssenceCatalog/problems/csplib-prob010-SocialGolfers/params/d3a7dfe63858ce583d9ede30982181a2.param
0.374,0.969,-0.991,-0.988,-0.979,-0.795,0.988,0.981,0.972,-0.948,-0.919,-0.958,0.994,-0.885,-0.998,0.832,0.995,0.949,-0.985,-0.395,-0.998,0.963,0.998,0.985,0.971,0.973,-0.977,-0.957,0.981,-0.992,-0.737,0.696,0.995,-0.97,0.956,-0.458,0.956,-0.965,-0.958,0.73,0.875,0.993,0.699,-0.978,0.456,-0.996,0.998,-0.972,0.904,0.997,-0.913,-0.735,0.917,0.935,-0.979,0.952,0.996,-0.964,0.997,-0.993,-0.972,0.889,0.996,0.968,0.967,-0.996,0.929,-0.951,0.991,0.833,-0.9,-0.997,-0.931,-0.836,0.917,0.971,0.99,0.999,-0.986,-0.133,0.996,0.997,-0.984,-0.971,0.9,0.958,-0.994,-0.986,-0.996,-0.989,-0.995,-0.982,-0.986,0.688,-0.996,-0.993,0.963,-0.299,-0.997,0.686,4.269,3.444,5.025,10.072,10.489,10.476,10.581,10.648,4.215,3.647,5.077,10.083,4.767,4.371,6.018,10.098,EssenceCatalog/problems/csplib-prob010-SocialGolfers/params/04cea05f208f98c1e24db0b3bf5dcf3b.param
0.989,0.991,0.994,-0.989,0.987,-0.971,-0.99,0.951,0.988,-0.979,-0.989,-0.985,0.999,-0.982,-0.999,-0.931,0.997,0.937,0.996,0.932,-1.0,0.994,0.983,0.987,0.876,0.976,-0.985,-0.982,0.976,-0.998,-0.973,0.986,0.992,-0.981,0.986,0.988,0.969,-0.998,-0.984,0.977,-0.991,0.994,0.982,0.984,0.986,-0.994,0.993,-0.97,0.987,0.997,0.98,-0.991,-0.825,-0.995,0.986,0.986,0.987,0.883,0.994,-0.999,-0.992,0.995,0.998,0.988,0.993,-0.999,-0.99,-0.991,-0.988,0.979,-0.998,-0.998,-0.981,-0.989,0.985,-0.996,0.984,0.999,-0.997,0.988,0.997,0.985,-0.989,-0.984,-0.996,0.986,-0.982,-0.998,-0.999,-0.984,-0.996,-0.987,-0.998,0.995,-0.989,-0.997,-0.993,-0.981,-0.999,-0.989,9.664,5.741,10.481,10.412,10.296,10.325,10.427,10.459,7.637,6.002,10.456,10.358,8.126,7.564,10.416,10.396,EssenceCatalog/problems/csplib-prob010-SocialGolfers/params/69d79cd5144deb4221e93034f6adc5d9.param
0.984,0.967,0.975,-0.956,0.644,-0.918,-0.86,0.783,0.976,-0.848,-0.913,-0.748,0.997,-0.927,-0.991,0.903,0.986,0.83,0.972,0.913,-0.998,0.312,0.988,0.969,0.935,0.943,-0.914,-0.824,0.988,-0.988,-0.864,0.262,0.98,-0.91,0.539,0.96,0.764,-0.952,-0.827,0.711,0.59,0.991,0.63,0.864,0.447,-0.979,0.993,-0.955,0.962,0.995,-0.874,-0.981,-0.966,-0.872,-0.82,0.921,0.972,-0.908,0.985,-0.996,-0.942,0.977,0.994,0.934,0.971,-0.997,-0.937,-0.972,-0.984,0.669,-0.976,-0.994,-0.429,-0.917,0.581,-0.982,0.99,0.995,-0.994,0.96,0.993,0.988,-0.978,-0.872,-0.749,0.912,-0.975,-0.989,-0.999,-0.97,-0.991,-0.917,-0.959,0.985,-0.984,-0.982,-0.964,-0.841,-0.995,-0.469,7.141,5.454,10.409,10.409,10.43,10.384,10.367,10.393,6.422,5.643,10.389,10.409,6.732,6.765,10.448,10.424,EssenceCatalog/problems/csplib-prob010-SocialGolfers/params/7c70e9ef480c77c9b818244161778fd3.param
0.967,0.966,0.973,-0.964,0.691,-0.89,-0.888,0.878,0.992,-0.79,-0.973,-0.888,0.996,-0.928,-0.994,0.98,0.969,0.957,0.972,0.975,-0.997,-0.583,0.991,0.984,0.969,0.931,-0.967,-0.889,-0.481,-0.981,-0.6,0.851,0.969,-0.869,-0.965,0.932,0.856,-0.944,-0.598,0.571,0.971,0.987,0.736,0.964,0.274,-0.97,0.997,-0.961,0.878,0.99,-0.987,-0.98,-0.969,0.876,-0.986,0.946,0.967,-0.901,0.986,-0.995,-0.881,0.979,0.993,0.195,0.865,-0.995,0.594,-0.955,-0.987,0.838,-0.955,-0.99,-0.696,-0.936,0.6,-0.957,0.992,0.996,-0.994,0.92,0.986,0.994,-0.987,-0.895,0.827,0.877,-0.983,-0.985,-0.998,-0.984,-0.975,-0.889,-0.94,0.944,-0.967,-0.971,-0.733,-0.851,-0.995,0.176,4.845,4.306,10.321,10.354,10.382,10.367,10.349,10.301,4.985,4.414,10.329,10.339,5.232,4.928,10.322,10.348,EssenceCatalog/problems/csplib-prob010-SocialGolfers/params/b18c3ce9de062e7ae67c7e93650450e4.param
0.979,0.95,0.985,-0.976,0.764,-0.888,-0.934,0.831,0.975,-0.814,-0.963,-0.742,0.997,-0.938,-0.992,0.443,0.987,0.788,0.987,0.979,-0.998,0.234,0.993,0.958,0.963,0.948,-0.974,-0.722,0.897,-0.987,-0.841,0.843,0.983,-0.922,0.258,0.966,0.906,-0.955,-0.783,0.559,-0.603,0.979,0.729,0.958,0.625,-0.978,0.991,-0.969,0.959,0.992,-0.955,-0.986,-0.968,0.018,-0.893,0.736,0.98,-0.959,0.983,-0.991,-0.846,0.982,0.996,0.79,0.921,-0.995,-0.859,-0.974,-0.987,0.423,-0.966,-0.992,-0.076,-0.872,0.667,-0.984,0.988,0.997,-0.991,0.971,0.989,0.99,-0.975,-0.888,-0.331,0.949,-0.978,-0.983,-0.998,-0.969,-0.991,-0.925,-0.962,0.984,-0.986,-0.981,-0.873,-0.74,-0.996,-0.845,7.183,5.23,10.382,10.288,10.299,10.304,10.238,10.295,6.262,5.435,10.335,10.284,6.587,6.804,10.353,10.306,EssenceCatalog/problems/csplib-prob010-SocialGolfers/params/8b3371bb968264c3f6779040b16c0c4d.param
0.981,0.968,0.969,-0.953,0.537,-0.911,-0.799,0.827,0.985,-0.843,-0.929,-0.809,0.997,-0.926,-0.992,0.975,0.978,0.906,0.962,0.919,-0.998,-0.001,0.988,0.978,0.943,0.936,-0.917,-0.866,0.949,-0.986,-0.795,0.358,0.976,-0.898,-0.206,0.945,0.728,-0.953,-0.778,0.67,0.909,0.992,0.594,0.855,0.347,-0.974,0.994,-0.949,0.938,0.994,-0.94,-0.978,-0.962,-0.621,-0.938,0.953,0.965,-0.885,0.984,-0.997,-0.942,0.979,0.993,0.873,0.961,-0.997,-0.759,-0.967,-0.981,0.773,-0.972,-0.992,-0.576,-0.932,0.529,-0.971,0.991,0.994,-0.995,0.935,0.991,0.992,-0.984,-0.873,-0.314,0.89,-0.977,-0.989,-0.999,-0.977,-0.986,-0.879,-0.942,0.974,-0.98,-0.98,-0.94,-0.848,-0.995,-0.035,6.335,5.193,10.39,10.4,10.394,10.39,10.356,10.384,5.972,5.356,10.358,10.405,6.29,6.202,10.402,10.406,EssenceCatalog/problems/csplib-prob010-SocialGolfers/params/47f471c9e6649c4789931f46c2a18ce2.param
0.987,0.98,0.991,-0.983,0.954,-0.95,-0.98,0.782,0.956,-0.916,-0.964,-0.763,0.998,-0.95,-0.996,-0.955,0.997,0.513,0.996,0.951,-0.999,0.942,0.993,0.914,0.944,0.969,-0.984,-0.908,0.993,-0.995,-0.959,0.941,0.993,-0.959,0.983,0.988,0.952,-0.986,-0.926,0.798,-0.995,0.982,0.928,0.981,0.928,-0.992,0.984,-0.975,0.991,0.996,0.675,-0.991,-0.955,-0.959,0.849,0.728,0.99,-0.939,0.991,-0.994,-0.941,0.987,0.998,0.963,0.977,-0.997,-0.994,-0.99,-0.989,0.669,-0.99,-0.997,-0.633,-0.929,0.946,-0.995,0.985,0.998,-0.987,0.992,0.997,0.972,-0.965,-0.962,-0.983,0.984,-0.98,-0.993,-0.999,-0.959,-0.997,-0.984,-0.994,0.997,-0.992,-0.992,-0.976,-0.888,-0.998,-0.986,9.396,5.736,10.361,10.264,10.272,10.261,10.332,10.274,7.396,6.002,10.363,10.23,7.803,7.768,10.36,10.271,EssenceCatalog/problems/csplib-prob010-SocialGolfers/params/cda060a31553dd596defc0d38048bca7.param
0.962,0.97,0.978,-0.957,0.812,-0.857,-0.867,0.884,0.985,-0.911,-0.967,-0.938,0.998,-0.899,-0.995,0.861,0.973,0.95,0.963,0.965,-0.998,0.682,0.973,0.986,0.823,0.877,-0.938,-0.928,-0.379,-0.988,-0.41,0.897,0.927,-0.832,-0.622,0.864,0.74,-0.955,-0.734,0.836,0.709,0.985,0.711,0.936,0.78,-0.962,0.99,-0.945,0.748,0.991,-0.533,-0.969,-0.89,-0.156,-0.827,0.969,0.953,0.147,0.979,-0.996,-0.927,0.983,0.994,0.663,0.915,-0.993,0.372,-0.912,-0.983,0.907,-0.974,-0.989,-0.918,-0.929,0.878,-0.977,0.988,0.997,-0.991,0.961,0.987,0.991,-0.987,-0.911,0.022,0.83,-0.974,-0.987,-0.998,-0.977,-0.958,-0.9,-0.958,0.943,-0.914,-0.985,-0.684,-0.818,-0.997,-0.384,6.09,4.594,10.414,10.33,10.34,10.344,10.336,10.35,5.715,4.784,10.407,10.316,6.059,5.429,10.367,10.295,EssenceCatalog/problems/csplib-prob010-SocialGolfers/params/6d205e4327c5860de4a224d8e3e8760c.param
0.982,0.967,0.968,-0.95,0.563,-0.914,-0.819,0.799,0.979,-0.852,-0.911,-0.791,0.997,-0.919,-0.991,0.951,0.984,0.867,0.963,0.899,-0.998,0.266,0.986,0.974,0.933,0.939,-0.9,-0.85,0.981,-0.987,-0.834,0.217,0.98,-0.902,0.321,0.949,0.713,-0.952,-0.81,0.704,0.808,0.992,0.607,0.828,0.39,-0.978,0.993,-0.951,0.955,0.994,-0.892,-0.979,-0.961,-0.836,-0.878,0.942,0.969,-0.879,0.984,-0.996,-0.944,0.977,0.994,0.923,0.97,-0.997,-0.89,-0.969,-0.982,0.723,-0.975,-0.993,-0.543,-0.929,0.568,-0.975,0.99,0.995,-0.994,0.946,0.993,0.989,-0.981,-0.872,-0.641,0.895,-0.976,-0.989,-0.999,-0.972,-0.989,-0.903,-0.953,0.98,-0.981,-0.981,-0.956,-0.845,-0.995,-0.242,6.839,5.372,10.372,10.399,10.414,10.376,10.353,10.381,6.267,5.549,10.35,10.4,6.575,6.545,10.412,10.413,EssenceCatalog/problems/csplib-prob010-SocialGolfers/params/e53f4db1c4daba122945809a2a0278a9.param
0.973,0.949,0.983,-0.974,0.788,-0.888,-0.922,0.839,0.97,-0.863,-0.96,-0.785,0.997,-0.924,-0.993,0.058,0.987,0.758,0.985,0.973,-0.998,0.585,0.991,0.957,0.933,0.94,-0.967,-0.773,0.851,-0.988,-0.798,0.872,0.981,-0.91,0.494,0.953,0.9,-0.957,-0.821,0.658,-0.794,0.975,0.757,0.947,0.739,-0.976,0.987,-0.971,0.947,0.992,-0.838,-0.983,-0.943,-0.309,-0.75,0.752,0.977,-0.887,0.98,-0.991,-0.853,0.983,0.996,0.817,0.925,-0.994,-0.844,-0.968,-0.984,0.547,-0.97,-0.992,-0.363,-0.873,0.779,-0.985,0.984,0.997,-0.988,0.974,0.99,0.987,-0.971,-0.891,-0.565,0.939,-0.977,-0.981,-0.998,-0.963,-0.99,-0.932,-0.969,0.983,-0.98,-0.982,-0.851,-0.706,-0.996,-0.882,7.75,5.349,10.379,10.296,10.306,10.326,10.273,10.329,6.562,5.569,10.353,10.292,6.896,7.055,10.371,10.331,EssenceCatalog/problems/csplib-prob010-SocialGolfers/params/9abe2d168429fc5084582dc3d6d7b9e5.param
0.988,0.965,0.983,-0.977,0.795,-0.93,-0.93,0.777,0.966,-0.847,-0.939,-0.65,0.998,-0.946,-0.993,0.227,0.994,0.599,0.987,0.932,-0.999,0.534,0.993,0.948,0.965,0.966,-0.965,-0.767,0.995,-0.991,-0.936,0.651,0.99,-0.945,0.899,0.981,0.92,-0.967,-0.893,0.689,-0.794,0.988,0.771,0.908,0.667,-0.987,0.991,-0.974,0.985,0.995,-0.852,-0.986,-0.974,-0.865,-0.583,0.757,0.986,-0.978,0.987,-0.995,-0.917,0.978,0.997,0.946,0.973,-0.998,-0.987,-0.985,-0.984,0.421,-0.979,-0.996,-0.086,-0.903,0.705,-0.987,0.989,0.997,-0.993,0.975,0.994,0.985,-0.969,-0.898,-0.879,0.969,-0.974,-0.99,-0.999,-0.966,-0.996,-0.952,-0.978,0.993,-0.993,-0.986,-0.969,-0.83,-0.996,-0.898,8.13,5.585,10.39,10.341,10.341,10.338,10.326,10.368,6.836,5.815,10.384,10.335,7.158,7.408,10.412,10.362,EssenceCatalog/problems/csplib-prob010-SocialGolfers/params/c7fd201799ec3e6b8152cc1f565b6c08.param
0.961,0.968,0.975,-0.952,0.725,-0.875,-0.858,0.869,0.988,-0.854,-0.964,-0.912,0.997,-0.902,-0.993,0.962,0.965,0.954,0.965,0.969,-0.997,0.023,0.982,0.984,0.908,0.881,-0.946,-0.909,-0.438,-0.984,-0.458,0.838,0.942,-0.83,-0.896,0.892,0.729,-0.939,-0.614,0.706,0.941,0.986,0.673,0.945,0.529,-0.962,0.993,-0.948,0.793,0.99,-0.913,-0.973,-0.941,0.492,-0.953,0.966,0.953,-0.505,0.982,-0.995,-0.901,0.979,0.992,0.46,0.88,-0.993,0.567,-0.929,-0.985,0.877,-0.962,-0.988,-0.844,-0.93,0.748,-0.966,0.989,0.996,-0.992,0.943,0.985,0.992,-0.987,-0.902,0.508,0.814,-0.979,-0.984,-0.998,-0.977,-0.96,-0.884,-0.939,0.938,-0.937,-0.976,-0.692,-0.834,-0.995,0.017,5.222,4.38,10.325,10.324,10.349,10.347,10.324,10.299,5.209,4.506,10.321,10.31,5.484,5.033,10.313,10.309,EssenceCatalog/problems/csplib-prob010-SocialGolfers/params/c735a9042cc214b4bd3f4bbb17e034f7.param
0.991,0.984,0.993,-0.975,0.967,-0.963,-0.986,0.674,0.945,-0.908,-0.949,-0.746,0.998,-0.954,-0.995,-0.931,0.997,0.523,0.997,0.893,-0.999,0.945,0.984,0.915,0.943,0.97,-0.972,-0.908,0.997,-0.995,-0.956,0.898,0.987,-0.954,0.987,0.988,0.935,-0.985,-0.918,0.861,-0.991,0.984,0.909,0.977,0.922,-0.99,0.979,-0.97,0.99,0.995,0.832,-0.989,-0.965,-0.993,0.917,0.831,0.983,-0.886,0.986,-0.995,-0.96,0.981,0.997,0.976,0.98,-0.997,-0.997,-0.987,-0.992,0.727,-0.988,-0.997,-0.702,-0.94,0.928,-0.996,0.978,0.997,-0.986,0.992,0.996,0.952,-0.961,-0.964,-0.993,0.98,-0.964,-0.993,-0.999,-0.947,-0.996,-0.984,-0.993,0.997,-0.987,-0.989,-0.991,-0.927,-0.997,-0.982,9.445,5.745,10.338,10.236,10.249,10.226,10.308,10.253,7.421,6.01,10.345,10.199,7.833,7.753,10.339,10.244,EssenceCatalog/problems/csplib-prob010-SocialGolfers/params/15f6ddb7e8abca01783a3ea44bc4d760.param
0.987,0.964,0.984,-0.977,0.789,-0.927,-0.931,0.784,0.968,-0.843,-0.943,-0.649,0.998,-0.946,-0.993,0.261,0.994,0.625,0.988,0.942,-0.999,0.489,0.993,0.948,0.967,0.966,-0.967,-0.761,0.994,-0.991,-0.935,0.683,0.99,-0.944,0.872,0.981,0.919,-0.966,-0.885,0.668,-0.779,0.988,0.759,0.919,0.651,-0.987,0.991,-0.975,0.984,0.995,-0.885,-0.987,-0.974,-0.817,-0.66,0.747,0.986,-0.979,0.987,-0.994,-0.91,0.978,0.997,0.938,0.97,-0.998,-0.984,-0.985,-0.984,0.406,-0.977,-0.995,-0.039,-0.899,0.688,-0.987,0.989,0.997,-0.993,0.974,0.994,0.987,-0.971,-0.897,-0.847,0.969,-0.975,-0.989,-0.999,-0.968,-0.996,-0.95,-0.976,0.993,-0.993,-0.986,-0.965,-0.824,-0.996,-0.893,8.044,5.562,10.392,10.341,10.341,10.338,10.322,10.365,6.788,5.79,10.382,10.335,7.107,7.369,10.412,10.361,EssenceCatalog/problems/csplib-prob010-SocialGolfers/params/c019ebcf3567cff9a33398aa0a6ff427.param
0.952,0.966,0.978,-0.957,0.787,-0.855,-0.888,0.88,0.986,-0.875,-0.972,-0.93,0.997,-0.897,-0.994,0.904,0.965,0.951,0.969,0.976,-0.997,0.372,0.981,0.984,0.888,0.883,-0.948,-0.909,-0.726,-0.985,-0.345,0.91,0.938,-0.821,-0.874,0.882,0.771,-0.94,-0.629,0.754,0.818,0.982,0.727,0.955,0.677,-0.958,0.991,-0.949,0.761,0.989,-0.844,-0.973,-0.925,0.532,-0.929,0.956,0.955,-0.233,0.977,-0.995,-0.886,0.982,0.993,0.392,0.858,-0.991,0.636,-0.922,-0.984,0.88,-0.965,-0.987,-0.879,-0.929,0.821,-0.969,0.987,0.996,-0.991,0.952,0.981,0.991,-0.986,-0.907,0.458,0.817,-0.976,-0.983,-0.998,-0.976,-0.955,-0.885,-0.945,0.926,-0.921,-0.98,-0.553,-0.824,-0.996,-0.301,5.395,4.325,10.352,10.31,10.342,10.338,10.319,10.308,5.276,4.464,10.349,10.295,5.57,5.035,10.321,10.292,EssenceCatalog/problems/csplib-prob010-SocialGolfers/params/7e2c1ffedf3d1217a2fc798a5131cb35.param
0.962,0.947,0.984,-0.974,0.83,-0.867,-0.941,0.871,0.976,-0.863,-0.974,-0.868,0.997,-0.916,-0.994,0.036,0.986,0.835,0.985,0.986,-0.997,0.638,0.991,0.963,0.931,0.934,-0.973,-0.801,0.149,-0.987,-0.653,0.942,0.976,-0.892,-0.066,0.943,0.911,-0.955,-0.78,0.696,-0.754,0.968,0.794,0.967,0.79,-0.975,0.988,-0.971,0.92,0.992,-0.854,-0.984,-0.938,0.27,-0.823,0.775,0.977,-0.793,0.978,-0.989,-0.825,0.983,0.996,0.637,0.865,-0.99,-0.459,-0.96,-0.985,0.656,-0.967,-0.992,-0.559,-0.885,0.838,-0.984,0.984,0.998,-0.988,0.977,0.986,0.988,-0.977,-0.91,-0.183,0.925,-0.979,-0.98,-0.998,-0.966,-0.986,-0.937,-0.966,0.975,-0.972,-0.983,-0.664,-0.7,-0.996,-0.888,7.149,4.982,10.42,10.306,10.316,10.355,10.28,10.346,6.16,5.182,10.398,10.301,6.499,6.498,10.391,10.328,EssenceCatalog/problems/csplib-prob010-SocialGolfers/params/a90697fbce39d97fd8fec8c220514e96.param
0.975,0.963,0.974,-0.95,0.59,-0.895,-0.835,0.822,0.981,-0.846,-0.934,-0.83,0.997,-0.909,-0.991,0.946,0.974,0.902,0.966,0.944,-0.997,0.247,0.985,0.977,0.911,0.913,-0.913,-0.859,0.862,-0.985,-0.718,0.523,0.967,-0.87,-0.22,0.931,0.693,-0.944,-0.747,0.684,0.807,0.987,0.608,0.885,0.473,-0.968,0.991,-0.949,0.912,0.992,-0.889,-0.977,-0.951,-0.546,-0.908,0.943,0.959,-0.741,0.98,-0.996,-0.923,0.98,0.992,0.834,0.944,-0.996,-0.62,-0.955,-0.983,0.771,-0.971,-0.99,-0.655,-0.918,0.633,-0.974,0.988,0.994,-0.992,0.948,0.988,0.99,-0.982,-0.871,-0.352,0.864,-0.975,-0.986,-0.999,-0.972,-0.981,-0.877,-0.939,0.968,-0.967,-0.979,-0.904,-0.819,-0.995,-0.215,6.452,5.141,10.405,10.385,10.385,10.38,10.341,10.368,6.01,5.316,10.37,10.386,6.332,6.181,10.401,10.388,EssenceCatalog/problems/csplib-prob010-SocialGolfers/params/2fb1577f9a2d8d1a7192845a05cc314b.param
0.993,0.984,0.988,-0.989,0.988,-0.97,-0.979,0.808,0.972,-0.963,-0.985,-0.834,0.999,-0.972,-0.998,-0.988,0.999,0.438,0.994,0.79,-0.999,0.98,0.97,0.938,0.952,0.982,-0.99,-0.964,0.992,-0.997,-0.959,0.983,0.989,-0.977,0.995,0.983,0.982,-0.991,-0.954,0.924,-0.998,0.989,0.949,0.969,0.98,-0.994,0.977,-0.981,0.985,0.996,0.949,-0.981,-0.891,-0.986,0.969,0.835,0.991,-0.933,0.992,-0.996,-0.972,0.984,0.998,0.979,0.98,-0.998,-0.993,-0.988,-0.972,0.887,-0.99,-0.998,-0.849,-0.941,0.984,-0.996,0.986,0.999,-0.99,0.994,0.997,0.977,-0.974,-0.978,-0.992,0.992,-0.966,-0.996,-0.999,-0.961,-0.996,-0.99,-0.997,0.998,-0.992,-0.997,-0.971,-0.912,-0.999,-0.991,9.616,5.803,10.431,10.359,10.384,10.359,10.453,10.398,7.542,6.077,10.449,10.338,7.956,7.829,10.44,10.377,EssenceCatalog/problems/csplib-prob010-SocialGolfers/params/73a218c1ccc31d9a63be2a1ff6112fd4.param
0.96,0.974,0.985,-0.966,0.893,-0.875,-0.932,0.901,0.986,-0.935,-0.981,-0.958,0.998,-0.916,-0.996,0.621,0.981,0.959,0.977,0.978,-0.998,0.855,0.974,0.987,0.806,0.896,-0.96,-0.945,-0.716,-0.991,-0.385,0.958,0.933,-0.854,-0.533,0.88,0.841,-0.967,-0.801,0.89,0.19,0.984,0.795,0.967,0.887,-0.969,0.989,-0.956,0.773,0.992,-0.223,-0.977,-0.879,-0.184,-0.673,0.968,0.962,0.453,0.981,-0.996,-0.931,0.987,0.996,0.672,0.909,-0.993,0.459,-0.919,-0.986,0.93,-0.981,-0.99,-0.947,-0.949,0.935,-0.984,0.989,0.998,-0.991,0.973,0.988,0.991,-0.988,-0.935,-0.155,0.867,-0.977,-0.99,-0.998,-0.978,-0.962,-0.926,-0.969,0.948,-0.905,-0.989,-0.629,-0.864,-0.998,-0.691,6.636,4.641,10.473,10.333,10.322,10.338,10.335,10.377,5.961,4.839,10.483,10.314,6.341,5.63,10.416,10.299,EssenceCatalog/problems/csplib-prob010-SocialGolfers/params/cdad664eb463f443fee887b3d355f7ff.param
0.977,0.965,0.973,-0.947,0.6,-0.899,-0.836,0.809,0.98,-0.864,-0.923,-0.829,0.997,-0.906,-0.991,0.935,0.977,0.897,0.966,0.93,-0.997,0.364,0.983,0.977,0.898,0.915,-0.899,-0.87,0.924,-0.986,-0.749,0.439,0.969,-0.877,0.06,0.933,0.656,-0.948,-0.771,0.716,0.784,0.989,0.61,0.867,0.503,-0.97,0.991,-0.947,0.923,0.993,-0.83,-0.976,-0.948,-0.743,-0.858,0.947,0.961,-0.705,0.98,-0.996,-0.935,0.98,0.993,0.877,0.957,-0.996,-0.738,-0.955,-0.984,0.773,-0.975,-0.991,-0.684,-0.921,0.66,-0.977,0.988,0.994,-0.992,0.951,0.99,0.988,-0.981,-0.872,-0.539,0.865,-0.974,-0.987,-0.999,-0.969,-0.983,-0.885,-0.947,0.973,-0.968,-0.98,-0.928,-0.829,-0.995,-0.235,6.754,5.265,10.402,10.398,10.403,10.377,10.353,10.385,6.2,5.447,10.374,10.394,6.52,6.376,10.412,10.403,EssenceCatalog/problems/csplib-prob010-SocialGolfers/params/75acdf948867fe986281e1d807c4ff27.param
0.382,0.97,-0.975,-0.986,-0.962,-0.797,0.954,0.976,0.964,-0.941,-0.928,-0.957,0.992,-0.864,-0.997,0.552,0.996,0.924,-0.942,0.11,-0.998,0.971,0.998,0.974,0.96,0.97,-0.976,-0.951,0.98,-0.989,-0.818,0.715,0.997,-0.97,0.963,-0.027,0.949,-0.969,-0.955,0.676,0.678,0.988,0.858,-0.929,0.465,-0.997,0.999,-0.969,0.954,0.997,-0.805,-0.909,0.839,0.907,-0.954,0.931,0.997,-0.953,0.997,-0.99,-0.966,0.914,0.996,0.965,0.963,-0.994,0.85,-0.973,0.976,0.791,-0.931,-0.998,-0.936,-0.865,0.929,0.939,0.989,0.999,-0.985,0.199,0.997,0.995,-0.977,-0.971,0.726,0.956,-0.995,-0.983,-0.994,-0.987,-0.997,-0.988,-0.991,0.808,-0.997,-0.991,0.924,-0.333,-0.996,0.319,4.592,3.589,5.447,10.135,10.484,10.515,10.572,10.581,4.448,3.781,5.502,10.151,4.957,4.639,6.383,10.146,EssenceCatalog/problems/csplib-prob010-SocialGolfers/params/559953a9a57174c455fa9c8ce88e3470.param
0.95,0.97,0.977,-0.962,0.88,-0.846,-0.908,0.896,0.989,-0.853,-0.98,-0.947,0.996,-0.899,-0.995,0.928,0.974,0.96,0.97,0.981,-0.997,0.014,0.979,0.985,0.904,0.878,-0.958,-0.913,-0.926,-0.983,-0.27,0.953,0.911,-0.804,-0.957,0.87,0.802,-0.934,-0.556,0.788,0.937,0.982,0.758,0.97,0.677,-0.965,0.995,-0.961,0.698,0.99,-0.888,-0.971,-0.931,0.839,-0.96,0.963,0.966,-0.356,0.986,-0.993,-0.87,0.974,0.995,0.064,0.812,-0.99,0.883,-0.897,-0.987,0.911,-0.95,-0.989,-0.901,-0.924,0.863,-0.966,0.989,0.998,-0.991,0.956,0.987,0.993,-0.988,-0.925,0.774,0.801,-0.98,-0.984,-0.997,-0.981,-0.952,-0.922,-0.96,0.927,-0.923,-0.979,-0.361,-0.8,-0.996,-0.181,4.977,4.124,10.289,10.281,10.345,10.324,10.327,10.286,5.03,4.251,10.306,10.265,5.285,4.747,10.275,10.271,EssenceCatalog/problems/csplib-prob010-SocialGolfers/params/f6431f062cbd980a36182d0dd4980cf5.param
0.983,0.967,0.974,-0.953,0.585,-0.913,-0.836,0.801,0.981,-0.841,-0.92,-0.776,0.997,-0.925,-0.991,0.947,0.982,0.876,0.969,0.92,-0.998,0.162,0.987,0.974,0.938,0.938,-0.914,-0.841,0.974,-0.987,-0.831,0.299,0.978,-0.901,0.189,0.953,0.742,-0.951,-0.798,0.686,0.796,0.991,0.6,0.87,0.396,-0.976,0.993,-0.953,0.952,0.994,-0.914,-0.98,-0.965,-0.775,-0.893,0.938,0.969,-0.893,0.984,-0.996,-0.94,0.978,0.994,0.905,0.965,-0.997,-0.874,-0.969,-0.984,0.714,-0.974,-0.993,-0.482,-0.922,0.548,-0.978,0.99,0.995,-0.994,0.951,0.992,0.99,-0.981,-0.87,-0.565,0.899,-0.976,-0.989,-0.999,-0.973,-0.989,-0.9,-0.95,0.981,-0.981,-0.98,-0.952,-0.84,-0.995,-0.279,6.748,5.336,10.402,10.403,10.41,10.385,10.357,10.383,6.205,5.511,10.374,10.404,6.519,6.497,10.429,10.413,EssenceCatalog/problems/csplib-prob010-SocialGolfers/params/b18485c69f88eb04d3bff1b376b485a4.param
0.967,0.973,0.986,-0.96,0.934,-0.876,-0.938,0.891,0.988,-0.921,-0.982,-0.962,0.998,-0.919,-0.996,0.81,0.98,0.966,0.977,0.976,-0.998,0.736,0.939,0.989,0.809,0.866,-0.952,-0.947,-0.857,-0.99,-0.212,0.958,0.857,-0.827,-0.779,0.876,0.812,-0.96,-0.713,0.898,0.68,0.986,0.737,0.967,0.877,-0.962,0.99,-0.954,0.656,0.991,-0.351,-0.968,-0.904,-0.122,-0.795,0.976,0.961,0.458,0.981,-0.996,-0.934,0.983,0.995,0.577,0.898,-0.993,0.659,-0.876,-0.989,0.945,-0.974,-0.989,-0.949,-0.942,0.936,-0.987,0.99,0.998,-0.992,0.976,0.989,0.99,-0.989,-0.935,0.102,0.832,-0.969,-0.99,-0.998,-0.979,-0.94,-0.928,-0.967,0.943,-0.876,-0.987,-0.661,-0.871,-0.998,-0.565,6.04,4.447,10.457,10.292,10.304,10.319,10.334,10.343,5.646,4.635,10.462,10.275,6.014,5.231,10.398,10.248,EssenceCatalog/problems/csplib-prob010-SocialGolfers/params/193dcd88769acafdb1189f74ae2c8732.param
0.969,0.967,0.972,-0.946,0.635,-0.885,-0.826,0.848,0.984,-0.858,-0.946,-0.883,0.997,-0.899,-0.992,0.959,0.969,0.936,0.96,0.954,-0.997,0.242,0.982,0.981,0.893,0.888,-0.921,-0.896,0.499,-0.985,-0.593,0.669,0.955,-0.845,-0.626,0.906,0.657,-0.942,-0.693,0.706,0.911,0.987,0.622,0.908,0.514,-0.964,0.992,-0.944,0.857,0.992,-0.866,-0.974,-0.939,-0.224,-0.921,0.963,0.954,-0.533,0.981,-0.996,-0.923,0.98,0.992,0.732,0.925,-0.994,-0.073,-0.94,-0.983,0.847,-0.969,-0.99,-0.8,-0.925,0.708,-0.97,0.989,0.995,-0.992,0.945,0.988,0.991,-0.985,-0.886,-0.017,0.826,-0.978,-0.985,-0.998,-0.974,-0.972,-0.879,-0.94,0.957,-0.95,-0.978,-0.834,-0.826,-0.995,-0.031,5.912,4.821,10.374,10.368,10.368,10.372,10.338,10.344,5.681,4.982,10.35,10.362,5.998,5.659,10.353,10.353,EssenceCatalog/problems/csplib-prob010-SocialGolfers/params/67dbb4d3b17b012680fd12820b2a05a4.param
0.959,0.969,0.968,-0.956,0.694,-0.883,-0.87,0.887,0.992,-0.816,-0.974,-0.911,0.996,-0.914,-0.994,0.985,0.962,0.963,0.966,0.969,-0.997,-0.551,0.99,0.986,0.952,0.913,-0.963,-0.909,-0.697,-0.981,-0.544,0.861,0.963,-0.843,-0.974,0.913,0.807,-0.943,-0.579,0.635,0.983,0.987,0.748,0.958,0.289,-0.969,0.997,-0.956,0.842,0.989,-0.978,-0.976,-0.96,0.879,-0.983,0.963,0.959,-0.812,0.986,-0.996,-0.888,0.977,0.992,0.162,0.859,-0.994,0.775,-0.95,-0.986,0.89,-0.959,-0.989,-0.821,-0.949,0.662,-0.95,0.991,0.996,-0.993,0.906,0.985,0.994,-0.988,-0.903,0.834,0.846,-0.983,-0.985,-0.998,-0.983,-0.967,-0.875,-0.942,0.921,-0.955,-0.972,-0.678,-0.876,-0.995,0.332,4.742,4.219,10.272,10.329,10.362,10.341,10.339,10.288,4.931,4.325,10.294,10.313,5.172,4.783,10.279,10.322,EssenceCatalog/problems/csplib-prob010-SocialGolfers/params/fd3fa57fa514d3d8f9e90c724b07357c.param
0.99,0.99,0.993,-0.986,0.985,-0.972,-0.99,0.83,0.964,-0.955,-0.979,-0.887,0.999,-0.968,-0.998,-0.988,0.998,0.604,0.997,0.924,-0.999,0.985,0.991,0.93,0.939,0.979,-0.988,-0.966,0.995,-0.997,-0.974,0.976,0.993,-0.97,0.995,0.99,0.973,-0.993,-0.957,0.915,-0.998,0.986,0.969,0.987,0.975,-0.995,0.985,-0.977,0.991,0.997,0.972,-0.993,-0.93,-0.992,0.981,0.887,0.992,-0.787,0.994,-0.996,-0.975,0.989,0.998,0.982,0.984,-0.998,-0.996,-0.992,-0.989,0.89,-0.994,-0.998,-0.886,-0.964,0.98,-0.997,0.984,0.999,-0.99,0.995,0.998,0.968,-0.973,-0.983,-0.996,0.989,-0.979,-0.996,-0.999,-0.966,-0.998,-0.992,-0.997,0.998,-0.992,-0.996,-0.987,-0.939,-0.999,-0.993,9.663,5.824,10.504,10.422,10.422,10.405,10.497,10.449,7.583,6.096,10.513,10.393,8.012,7.836,10.503,10.431,EssenceCatalog/problems/csplib-prob010-SocialGolfers/params/dd080b70c805975177fab73c065ae130.param
0.98,0.963,0.973,-0.952,0.602,-0.902,-0.848,0.813,0.978,-0.834,-0.924,-0.79,0.997,-0.916,-0.991,0.93,0.983,0.881,0.971,0.942,-0.998,0.178,0.988,0.973,0.934,0.93,-0.92,-0.828,0.947,-0.986,-0.784,0.443,0.976,-0.888,0.007,0.946,0.727,-0.944,-0.752,0.647,0.764,0.989,0.609,0.893,0.405,-0.976,0.993,-0.953,0.941,0.994,-0.909,-0.981,-0.96,-0.635,-0.903,0.927,0.97,-0.877,0.985,-0.995,-0.921,0.978,0.994,0.878,0.954,-0.996,-0.791,-0.965,-0.985,0.686,-0.971,-0.993,-0.495,-0.906,0.574,-0.978,0.99,0.995,-0.993,0.953,0.992,0.99,-0.98,-0.878,-0.462,0.888,-0.979,-0.986,-0.999,-0.973,-0.988,-0.904,-0.953,0.979,-0.978,-0.98,-0.929,-0.802,-0.994,-0.33,6.63,5.253,10.405,10.384,10.387,10.374,10.338,10.354,6.114,5.429,10.368,10.384,6.43,6.39,10.413,10.388,EssenceCatalog/problems/csplib-prob010-SocialGolfers/params/5e12858c27cb6239f63cf44c19939895.param
0.946,0.963,0.977,-0.96,0.771,-0.858,-0.906,0.883,0.989,-0.84,-0.975,-0.925,0.996,-0.905,-0.994,0.942,0.961,0.954,0.973,0.981,-0.997,-0.077,0.988,0.983,0.931,0.898,-0.961,-0.893,-0.836,-0.982,-0.386,0.92,0.951,-0.825,-0.954,0.901,0.809,-0.935,-0.562,0.669,0.901,0.98,0.76,0.967,0.549,-0.962,0.994,-0.953,0.804,0.988,-0.95,-0.977,-0.948,0.851,-0.968,0.947,0.959,-0.572,0.98,-0.993,-0.844,0.98,0.992,0.132,0.811,-0.99,0.778,-0.938,-0.985,0.866,-0.958,-0.987,-0.837,-0.936,0.757,-0.958,0.987,0.997,-0.99,0.937,0.978,0.992,-0.986,-0.908,0.727,0.821,-0.981,-0.981,-0.997,-0.977,-0.959,-0.878,-0.938,0.914,-0.936,-0.976,-0.498,-0.837,-0.995,-0.155,4.983,4.194,10.298,10.294,10.343,10.321,10.31,10.272,5.029,4.311,10.312,10.282,5.283,4.842,10.282,10.287,EssenceCatalog/problems/csplib-prob010-SocialGolfers/params/d73810383376e707eb4827989c2a0959.param
0.974,0.969,0.971,-0.951,0.719,-0.888,-0.822,0.85,0.981,-0.903,-0.936,-0.891,0.998,-0.902,-0.993,0.893,0.977,0.922,0.956,0.931,-0.998,0.673,0.973,0.982,0.826,0.89,-0.903,-0.912,0.8,-0.989,-0.637,0.672,0.95,-0.864,0.103,0.898,0.642,-0.956,-0.781,0.819,0.708,0.989,0.623,0.869,0.709,-0.967,0.989,-0.942,0.856,0.993,-0.5,-0.968,-0.9,-0.781,-0.732,0.964,0.954,-0.17,0.98,-0.997,-0.948,0.982,0.994,0.868,0.956,-0.995,-0.51,-0.933,-0.981,0.866,-0.978,-0.991,-0.856,-0.919,0.82,-0.978,0.988,0.996,-0.992,0.961,0.99,0.989,-0.984,-0.89,-0.557,0.849,-0.972,-0.988,-0.999,-0.971,-0.975,-0.897,-0.958,0.967,-0.947,-0.985,-0.888,-0.819,-0.996,-0.28,6.995,5.2,10.405,10.386,10.399,10.359,10.361,10.401,6.329,5.407,10.38,10.375,6.665,6.293,10.391,10.385,EssenceCatalog/problems/csplib-prob010-SocialGolfers/params/e0917c3aae8bfc9dbec4f0db24458351.param
0.942,0.959,0.978,-0.962,0.776,-0.844,-0.909,0.886,0.987,-0.841,-0.976,-0.928,0.997,-0.904,-0.995,0.907,0.964,0.951,0.974,0.983,-0.997,0.11,0.988,0.982,0.925,0.902,-0.961,-0.886,-0.851,-0.982,-0.367,0.928,0.953,-0.833,-0.94,0.9,0.822,-0.937,-0.584,0.68,0.821,0.978,0.775,0.968,0.601,-0.962,0.993,-0.953,0.806,0.988,-0.936,-0.978,-0.943,0.837,-0.961,0.939,0.963,-0.497,0.978,-0.993,-0.839,0.982,0.992,0.135,0.813,-0.989,0.744,-0.937,-0.985,0.85,-0.959,-0.986,-0.841,-0.93,0.786,-0.959,0.987,0.997,-0.99,0.944,0.977,0.992,-0.986,-0.907,0.695,0.828,-0.979,-0.98,-0.997,-0.976,-0.961,-0.886,-0.941,0.917,-0.937,-0.978,-0.436,-0.827,-0.996,-0.329,5.111,4.212,10.32,10.301,10.348,10.329,10.313,10.285,5.089,4.334,10.327,10.288,5.353,4.905,10.296,10.292,EssenceCatalog/problems/csplib-prob010-SocialGolfers/params/22faf0aa260172668c9d5eb27f88176d.param
0.153,0.956,-0.998,-0.987,-0.987,-0.791,0.999,0.988,0.981,-0.963,-0.953,-0.943,0.996,-0.944,-0.999,0.986,0.935,0.986,-0.999,-0.973,-0.998,0.92,0.977,0.992,0.983,0.986,-0.989,-0.976,0.842,-0.992,0.217,0.933,0.872,-0.974,0.801,-0.931,0.978,-0.948,-0.954,0.879,0.974,0.994,-0.124,-0.999,0.627,-0.983,0.987,-0.894,-0.179,0.951,-0.965,0.752,0.989,0.988,-0.99,0.981,0.961,-0.936,0.889,-0.996,-0.972,0.801,0.961,0.945,0.97,-0.998,0.993,-0.695,1.0,0.944,-0.72,-0.965,-0.96,-0.886,0.919,0.998,0.975,0.981,-0.991,-0.911,0.898,0.998,-0.993,-0.969,0.997,0.973,-0.943,-0.993,-0.996,-0.986,-0.889,-0.832,-0.906,-0.613,-0.985,-0.995,0.993,-0.69,-0.997,0.969,3.654,2.951,3.931,9.377,9.96,9.716,10.065,10.378,3.581,3.165,3.924,9.339,4.219,3.651,4.934,9.426,EssenceCatalog/problems/csplib-prob010-SocialGolfers/params/1b88f81d524808994336aa1ba810a788.param
0.978,0.97,0.968,-0.947,0.636,-0.9,-0.805,0.835,0.984,-0.854,-0.935,-0.86,0.997,-0.91,-0.991,0.973,0.977,0.927,0.957,0.936,-0.998,0.126,0.981,0.982,0.915,0.909,-0.911,-0.887,0.849,-0.986,-0.682,0.518,0.959,-0.873,-0.431,0.921,0.636,-0.946,-0.711,0.714,0.943,0.991,0.574,0.872,0.432,-0.972,0.994,-0.946,0.891,0.993,-0.896,-0.974,-0.948,-0.527,-0.93,0.964,0.963,-0.757,0.984,-0.996,-0.94,0.976,0.994,0.824,0.949,-0.996,-0.447,-0.949,-0.983,0.83,-0.968,-0.992,-0.725,-0.922,0.65,-0.971,0.991,0.995,-0.994,0.943,0.992,0.992,-0.985,-0.887,-0.155,0.845,-0.978,-0.987,-0.999,-0.977,-0.979,-0.894,-0.947,0.968,-0.967,-0.98,-0.898,-0.819,-0.995,0.079,6.145,5.039,10.384,10.397,10.402,10.395,10.369,10.382,5.855,5.204,10.356,10.397,6.169,5.95,10.386,10.391,EssenceCatalog/problems/csplib-prob010-SocialGolfers/params/4d8256f98987f2ae6ae2996cf79ed041.param
0.977,0.97,0.971,-0.947,0.706,-0.896,-0.837,0.826,0.978,-0.893,-0.921,-0.866,0.997,-0.901,-0.992,0.896,0.982,0.907,0.959,0.921,-0.998,0.657,0.974,0.98,0.837,0.901,-0.888,-0.895,0.917,-0.989,-0.696,0.546,0.959,-0.876,0.325,0.916,0.609,-0.954,-0.78,0.804,0.732,0.99,0.619,0.859,0.66,-0.972,0.99,-0.945,0.896,0.994,-0.523,-0.972,-0.917,-0.866,-0.705,0.958,0.964,-0.361,0.982,-0.996,-0.951,0.979,0.994,0.903,0.964,-0.996,-0.706,-0.942,-0.983,0.841,-0.978,-0.992,-0.81,-0.914,0.792,-0.979,0.989,0.996,-0.992,0.963,0.993,0.987,-0.982,-0.89,-0.683,0.85,-0.974,-0.989,-0.999,-0.969,-0.981,-0.916,-0.964,0.975,-0.959,-0.985,-0.92,-0.815,-0.996,-0.287,7.157,5.321,10.403,10.401,10.422,10.362,10.37,10.4,6.434,5.527,10.378,10.387,6.762,6.482,10.407,10.4,EssenceCatalog/problems/csplib-prob010-SocialGolfers/params/6421677493b6d3db44e2baf9d640b4bd.param
0.278,0.957,-0.997,-0.978,-0.99,-0.734,0.996,0.98,0.969,-0.939,-0.887,-0.937,0.989,-0.883,-0.997,0.968,0.978,0.965,-0.996,-0.9,-0.995,0.882,0.997,0.988,0.961,0.969,-0.977,-0.957,0.966,-0.986,-0.832,0.625,0.99,-0.963,0.873,-0.765,0.918,-0.958,-0.951,0.547,0.979,0.993,0.652,-0.992,0.048,-0.992,0.997,-0.953,0.851,0.988,-0.952,-0.265,0.964,0.984,-0.985,0.976,0.986,-0.963,0.988,-0.992,-0.961,0.779,0.991,0.951,0.973,-0.997,0.97,-0.928,0.996,0.867,-0.886,-0.993,-0.951,-0.902,0.866,0.993,0.98,0.995,-0.983,-0.881,0.987,0.995,-0.98,-0.935,0.969,0.946,-0.985,-0.978,-0.992,-0.988,-0.984,-0.938,-0.976,0.137,-0.994,-0.984,0.969,-0.662,-0.993,0.936,3.913,3.286,4.535,9.84,10.228,10.17,10.354,10.466,3.902,3.45,4.539,9.858,4.5,4.05,5.494,9.853,EssenceCatalog/problems/csplib-prob010-SocialGolfers/params/87f250e5d5376de41ef672c2980ef299.param
0.987,0.968,0.988,-0.982,0.878,-0.927,-0.958,0.784,0.961,-0.862,-0.955,-0.647,0.998,-0.946,-0.994,-0.557,0.995,0.535,0.992,0.953,-0.999,0.719,0.994,0.934,0.963,0.965,-0.979,-0.793,0.993,-0.993,-0.946,0.847,0.992,-0.951,0.933,0.985,0.941,-0.974,-0.896,0.682,-0.961,0.984,0.844,0.954,0.795,-0.989,0.988,-0.976,0.987,0.994,-0.663,-0.989,-0.971,-0.828,-0.144,0.649,0.988,-0.978,0.988,-0.993,-0.907,0.982,0.997,0.939,0.969,-0.997,-0.989,-0.988,-0.985,0.405,-0.982,-0.996,-0.15,-0.896,0.817,-0.99,0.988,0.998,-0.991,0.982,0.994,0.984,-0.968,-0.921,-0.909,0.977,-0.977,-0.989,-0.999,-0.964,-0.996,-0.964,-0.984,0.994,-0.993,-0.988,-0.964,-0.834,-0.997,-0.957,8.585,5.607,10.342,10.259,10.248,10.292,10.294,10.288,6.997,5.846,10.337,10.245,7.342,7.592,10.362,10.292,EssenceCatalog/problems/csplib-prob010-SocialGolfers/params/0e7fe332bccc6412d5d70e742e13a339.param
0.282,0.955,-0.989,-0.976,-0.99,-0.708,0.985,0.977,0.958,-0.923,-0.857,-0.94,0.988,-0.844,-0.996,0.917,0.983,0.942,-0.982,-0.608,-0.995,0.929,0.999,0.978,0.954,0.96,-0.969,-0.942,0.984,-0.987,-0.874,0.392,0.997,-0.962,0.914,-0.347,0.912,-0.962,-0.951,0.437,0.916,0.991,0.778,-0.97,-0.038,-0.994,0.998,-0.937,0.945,0.993,-0.929,-0.788,0.851,0.958,-0.979,0.95,0.991,-0.949,0.992,-0.991,-0.958,0.887,0.99,0.96,0.976,-0.996,0.87,-0.971,0.987,0.796,-0.936,-0.995,-0.927,-0.926,0.83,0.977,0.983,0.997,-0.981,-0.698,0.99,0.993,-0.971,-0.93,0.858,0.943,-0.991,-0.973,-0.991,-0.988,-0.995,-0.952,-0.977,0.446,-0.995,-0.983,0.911,-0.638,-0.992,0.782,4.067,3.423,4.854,9.904,10.23,10.233,10.335,10.395,4.05,3.554,4.872,9.946,4.608,4.227,5.788,9.915,EssenceCatalog/problems/csplib-prob010-SocialGolfers/params/8212597ee0ffe142966721733fad261d.param
0.978,0.968,0.967,-0.946,0.542,-0.904,-0.796,0.832,0.986,-0.842,-0.935,-0.846,0.997,-0.914,-0.992,0.978,0.975,0.927,0.958,0.932,-0.998,0.014,0.986,0.981,0.932,0.921,-0.915,-0.883,0.878,-0.986,-0.728,0.434,0.971,-0.879,-0.463,0.932,0.671,-0.949,-0.741,0.668,0.946,0.991,0.608,0.868,0.359,-0.972,0.995,-0.948,0.919,0.993,-0.93,-0.977,-0.956,-0.46,-0.944,0.961,0.963,-0.821,0.984,-0.997,-0.939,0.979,0.993,0.832,0.951,-0.997,-0.528,-0.96,-0.982,0.814,-0.97,-0.992,-0.684,-0.933,0.586,-0.968,0.991,0.995,-0.994,0.931,0.991,0.992,-0.985,-0.88,-0.134,0.863,-0.979,-0.988,-0.999,-0.978,-0.983,-0.876,-0.942,0.968,-0.972,-0.979,-0.912,-0.847,-0.995,0.094,6.074,5.05,10.374,10.396,10.386,10.387,10.352,10.37,5.813,5.204,10.343,10.396,6.13,5.957,10.374,10.393,EssenceCatalog/problems/csplib-prob010-SocialGolfers/params/4ea074f986041a8dcc16a3e80334e5f9.param
0.938,0.955,0.975,-0.97,0.828,-0.837,-0.926,0.899,0.988,-0.821,-0.983,-0.936,0.996,-0.911,-0.996,0.85,0.976,0.951,0.974,0.989,-0.997,0.057,0.99,0.98,0.949,0.924,-0.975,-0.878,-0.932,-0.982,-0.3,0.96,0.955,-0.861,-0.959,0.897,0.879,-0.933,-0.544,0.683,0.799,0.976,0.798,0.976,0.642,-0.97,0.995,-0.965,0.805,0.989,-0.959,-0.978,-0.943,0.945,-0.971,0.919,0.975,-0.689,0.983,-0.99,-0.805,0.979,0.994,-0.138,0.753,-0.985,0.86,-0.934,-0.984,0.835,-0.947,-0.988,-0.816,-0.913,0.836,-0.951,0.989,0.998,-0.99,0.953,0.98,0.993,-0.986,-0.923,0.849,0.859,-0.982,-0.98,-0.997,-0.978,-0.968,-0.926,-0.955,0.931,-0.951,-0.979,-0.133,-0.783,-0.996,-0.438,5.005,4.119,10.287,10.293,10.369,10.341,10.328,10.282,5.0,4.242,10.313,10.282,5.241,4.84,10.282,10.284,EssenceCatalog/problems/csplib-prob010-SocialGolfers/params/01a59d9d66eaad938f1e2ccc09c6d2c4.param
0.927,0.661,-0.541,-0.961,-0.822,-0.739,0.98,0.897,0.991,-0.975,-0.95,-0.931,0.998,-0.931,-0.996,0.969,-0.948,0.972,-0.985,-0.981,-0.979,0.772,-0.612,0.98,0.965,0.928,-0.944,-0.978,-0.303,-0.96,0.727,0.925,-0.816,-0.965,-0.588,-0.419,0.95,-0.953,-0.862,0.941,-0.651,0.979,-0.072,-0.987,0.879,0.554,-0.805,0.86,-0.933,-0.738,-0.959,0.972,0.917,-0.093,-0.961,0.974,-0.939,0.621,-0.989,-0.996,-0.964,0.949,-0.823,0.21,0.958,-0.997,-0.033,0.286,0.991,0.832,-0.9,0.898,-0.886,-0.953,0.465,0.899,0.883,-0.964,-0.993,-0.883,-0.964,0.991,-0.988,-0.498,0.988,0.948,0.841,-0.989,-0.995,-0.87,0.919,0.897,0.944,-0.953,-0.186,-0.991,0.131,-0.962,-0.993,0.916,2.212,1.459,1.829,5.513,3.904,3.274,4.394,7.829,2.136,1.631,1.836,5.296,2.454,1.682,2.381,5.524,EssenceCatalog/problems/csplib-prob010-SocialGolfers/params/ord06-13-7-2.param
0.972,0.974,0.988,-0.967,0.918,-0.896,-0.947,0.883,0.986,-0.943,-0.978,-0.955,0.999,-0.934,-0.996,0.502,0.985,0.955,0.982,0.971,-0.998,0.888,0.957,0.987,0.785,0.897,-0.955,-0.947,-0.28,-0.993,-0.501,0.947,0.925,-0.878,-0.08,0.906,0.841,-0.974,-0.843,0.91,-0.112,0.986,0.792,0.963,0.909,-0.97,0.988,-0.956,0.81,0.992,0.109,-0.975,-0.883,-0.689,-0.397,0.969,0.963,0.573,0.98,-0.997,-0.953,0.987,0.996,0.826,0.944,-0.995,-0.027,-0.918,-0.989,0.933,-0.985,-0.991,-0.94,-0.95,0.939,-0.989,0.988,0.998,-0.993,0.978,0.99,0.989,-0.987,-0.936,-0.539,0.886,-0.972,-0.992,-0.999,-0.974,-0.963,-0.929,-0.975,0.962,-0.913,-0.992,-0.806,-0.888,-0.998,-0.757,7.518,5.011,10.489,10.307,10.276,10.274,10.304,10.376,6.472,5.227,10.488,10.29,6.885,6.212,10.419,10.287,EssenceCatalog/problems/csplib-prob010-SocialGolfers/params/b08f01fa5ea0206fa488cb3e302221ff.param
0.955,0.969,0.979,-0.958,0.839,-0.849,-0.902,0.885,0.987,-0.862,-0.975,-0.938,0.997,-0.893,-0.994,0.919,0.969,0.954,0.973,0.979,-0.997,0.199,0.98,0.984,0.893,0.873,-0.951,-0.909,-0.817,-0.984,-0.332,0.927,0.923,-0.808,-0.92,0.883,0.773,-0.937,-0.589,0.767,0.889,0.982,0.727,0.965,0.665,-0.961,0.993,-0.952,0.733,0.99,-0.865,-0.972,-0.932,0.652,-0.942,0.961,0.959,-0.285,0.983,-0.994,-0.88,0.979,0.994,0.267,0.842,-0.99,0.745,-0.912,-0.987,0.896,-0.959,-0.988,-0.885,-0.926,0.837,-0.971,0.988,0.997,-0.991,0.957,0.985,0.992,-0.986,-0.915,0.598,0.805,-0.977,-0.983,-0.998,-0.979,-0.954,-0.903,-0.951,0.933,-0.92,-0.978,-0.52,-0.804,-0.996,-0.232,5.203,4.243,10.334,10.298,10.341,10.332,10.323,10.297,5.166,4.374,10.336,10.281,5.445,4.906,10.308,10.283,EssenceCatalog/problems/csplib-prob010-SocialGolfers/params/ae5e5cb383d01012292724fc09e713c6.param
0.974,0.966,0.971,-0.947,0.645,-0.888,-0.823,0.837,0.981,-0.867,-0.933,-0.871,0.997,-0.896,-0.991,0.942,0.974,0.92,0.959,0.945,-0.997,0.39,0.979,0.98,0.884,0.897,-0.908,-0.889,0.766,-0.987,-0.633,0.61,0.956,-0.861,-0.303,0.911,0.631,-0.944,-0.715,0.736,0.857,0.988,0.599,0.883,0.551,-0.967,0.991,-0.942,0.872,0.993,-0.815,-0.972,-0.934,-0.571,-0.889,0.958,0.958,-0.558,0.981,-0.996,-0.931,0.979,0.993,0.811,0.942,-0.995,-0.418,-0.942,-0.983,0.822,-0.971,-0.991,-0.777,-0.913,0.724,-0.973,0.989,0.995,-0.992,0.952,0.99,0.99,-0.984,-0.886,-0.273,0.841,-0.975,-0.986,-0.999,-0.973,-0.976,-0.887,-0.946,0.966,-0.956,-0.981,-0.876,-0.801,-0.995,-0.126,6.388,5.053,10.393,10.383,10.391,10.38,10.355,10.375,5.977,5.235,10.364,10.38,6.297,6.025,10.386,10.378,EssenceCatalog/problems/csplib-prob010-SocialGolfers/params/d91a1cacd115f896b71f6218376febf7.param
0.948,0.966,0.982,-0.96,0.86,-0.844,-0.922,0.891,0.986,-0.906,-0.979,-0.955,0.997,-0.891,-0.996,0.784,0.974,0.956,0.975,0.981,-0.997,0.687,0.976,0.985,0.849,0.895,-0.953,-0.926,-0.881,-0.986,-0.308,0.951,0.938,-0.818,-0.835,0.876,0.799,-0.95,-0.685,0.83,0.6,0.98,0.794,0.968,0.812,-0.96,0.991,-0.957,0.746,0.99,-0.63,-0.975,-0.907,0.432,-0.871,0.961,0.962,0.21,0.978,-0.994,-0.891,0.984,0.994,0.392,0.855,-0.989,0.699,-0.911,-0.987,0.91,-0.972,-0.988,-0.93,-0.938,0.901,-0.977,0.988,0.998,-0.99,0.966,0.984,0.99,-0.986,-0.924,0.337,0.82,-0.975,-0.986,-0.998,-0.976,-0.954,-0.913,-0.96,0.929,-0.906,-0.983,-0.456,-0.838,-0.997,-0.57,5.716,4.326,10.401,10.308,10.326,10.338,10.321,10.326,5.437,4.489,10.404,10.286,5.772,5.111,10.346,10.279,EssenceCatalog/problems/csplib-prob010-SocialGolfers/params/d8b47cb1ec9bec66216ba7d98c1f0915.param
0.271,0.956,-0.989,-0.976,-0.989,-0.71,0.984,0.977,0.958,-0.923,-0.86,-0.941,0.988,-0.844,-0.996,0.912,0.985,0.944,-0.981,-0.569,-0.995,0.93,0.999,0.978,0.953,0.961,-0.97,-0.942,0.983,-0.988,-0.87,0.408,0.997,-0.962,0.912,-0.339,0.911,-0.962,-0.95,0.443,0.923,0.991,0.782,-0.967,-0.023,-0.995,0.998,-0.942,0.945,0.994,-0.922,-0.804,0.848,0.958,-0.978,0.949,0.992,-0.95,0.993,-0.991,-0.958,0.887,0.992,0.959,0.975,-0.996,0.883,-0.971,0.986,0.801,-0.935,-0.996,-0.928,-0.922,0.841,0.976,0.984,0.997,-0.981,-0.66,0.992,0.993,-0.971,-0.933,0.855,0.942,-0.992,-0.974,-0.991,-0.988,-0.995,-0.958,-0.979,0.486,-0.995,-0.983,0.913,-0.619,-0.992,0.777,4.079,3.427,4.881,9.92,10.247,10.253,10.351,10.405,4.061,3.561,4.901,9.96,4.618,4.237,5.816,9.929,EssenceCatalog/problems/csplib-prob010-SocialGolfers/params/98dc86debd73d3781680a6343b67bb12.param
0.951,0.963,0.98,-0.962,0.826,-0.851,-0.91,0.885,0.982,-0.903,-0.975,-0.937,0.997,-0.894,-0.995,0.684,0.976,0.939,0.973,0.979,-0.997,0.736,0.981,0.982,0.857,0.899,-0.951,-0.908,-0.68,-0.987,-0.363,0.937,0.947,-0.831,-0.673,0.882,0.812,-0.946,-0.71,0.808,0.294,0.979,0.759,0.959,0.809,-0.963,0.988,-0.957,0.785,0.99,-0.635,-0.975,-0.897,0.232,-0.839,0.944,0.961,0.007,0.977,-0.994,-0.887,0.984,0.994,0.543,0.869,-0.989,0.461,-0.925,-0.983,0.877,-0.971,-0.988,-0.898,-0.922,0.885,-0.977,0.986,0.997,-0.989,0.967,0.983,0.99,-0.985,-0.914,0.088,0.843,-0.976,-0.984,-0.998,-0.973,-0.964,-0.915,-0.958,0.941,-0.92,-0.984,-0.523,-0.8,-0.997,-0.649,6.099,4.489,10.408,10.306,10.32,10.335,10.302,10.328,5.638,4.673,10.413,10.288,5.98,5.432,10.366,10.276,EssenceCatalog/problems/csplib-prob010-SocialGolfers/params/97991e295faf6a5658ee1862536e34fe.param
0.959,0.961,0.987,-0.97,0.876,-0.871,-0.949,0.873,0.98,-0.911,-0.977,-0.922,0.998,-0.913,-0.995,0.044,0.986,0.907,0.986,0.984,-0.997,0.825,0.982,0.975,0.873,0.921,-0.966,-0.89,-0.399,-0.989,-0.554,0.956,0.965,-0.877,-0.187,0.921,0.882,-0.961,-0.801,0.806,-0.622,0.974,0.804,0.973,0.865,-0.971,0.987,-0.967,0.874,0.991,-0.502,-0.982,-0.909,-0.046,-0.662,0.897,0.971,-0.212,0.976,-0.993,-0.884,0.987,0.996,0.675,0.89,-0.99,-0.1,-0.941,-0.988,0.829,-0.977,-0.991,-0.835,-0.92,0.903,-0.987,0.985,0.998,-0.988,0.978,0.987,0.987,-0.981,-0.922,-0.314,0.9,-0.976,-0.984,-0.998,-0.967,-0.978,-0.934,-0.971,0.967,-0.944,-0.986,-0.636,-0.801,-0.997,-0.868,7.267,4.9,10.456,10.308,10.294,10.335,10.297,10.373,6.23,5.098,10.461,10.296,6.605,6.277,10.418,10.312,EssenceCatalog/problems/csplib-prob010-SocialGolfers/params/7a9a8f6f9ad33ef4890c20ab4bd9ecae.param
0.968,0.944,0.981,-0.975,0.728,-0.87,-0.92,0.861,0.981,-0.807,-0.97,-0.827,0.997,-0.933,-0.993,0.671,0.983,0.849,0.983,0.983,-0.997,0.092,0.993,0.966,0.964,0.942,-0.972,-0.756,0.499,-0.984,-0.726,0.884,0.979,-0.899,-0.411,0.951,0.904,-0.95,-0.728,0.554,-0.189,0.976,0.754,0.958,0.596,-0.975,0.992,-0.969,0.933,0.991,-0.972,-0.984,-0.963,0.567,-0.953,0.785,0.978,-0.928,0.981,-0.991,-0.819,0.981,0.995,0.59,0.873,-0.993,-0.494,-0.967,-0.985,0.537,-0.959,-0.991,-0.27,-0.879,0.672,-0.975,0.987,0.997,-0.992,0.963,0.985,0.992,-0.978,-0.892,0.195,0.929,-0.98,-0.98,-0.998,-0.972,-0.987,-0.921,-0.955,0.973,-0.982,-0.98,-0.729,-0.705,-0.996,-0.758,6.287,4.849,10.404,10.318,10.335,10.338,10.263,10.301,5.746,5.034,10.351,10.311,6.062,6.121,10.352,10.313,EssenceCatalog/problems/csplib-prob010-SocialGolfers/params/1b7206350880704ade1d897c79912260.param
0.94,0.312,0.036,-0.906,-0.621,-0.659,0.939,0.726,0.983,-0.959,-0.896,-0.859,0.996,-0.891,-0.991,0.876,-0.967,0.926,-0.954,-0.975,-0.93,0.662,-0.955,0.971,0.944,0.823,-0.797,-0.966,-0.5,-0.898,0.8,0.877,-0.949,-0.938,-0.546,-0.37,0.915,-0.894,-0.768,0.93,-0.9,0.953,-0.322,-0.967,0.892,0.901,-0.97,0.924,-0.948,-0.892,-0.887,0.978,0.847,-0.775,-0.873,0.946,-0.979,0.887,-0.996,-0.992,-0.943,0.934,-0.96,-0.094,0.921,-0.993,-0.728,0.724,0.969,0.611,-0.843,0.97,-0.776,-0.926,0.185,0.605,0.799,-0.992,-0.987,-0.793,-0.984,0.96,-0.964,0.018,0.959,0.912,0.96,-0.978,-0.989,-0.549,0.974,0.935,0.975,-0.942,0.439,-0.966,-0.465,-0.961,-0.977,0.79,2.171,1.411,1.825,4.64,2.895,2.21,3.426,6.994,2.104,1.586,1.803,4.45,2.298,1.601,2.152,4.649,EssenceCatalog/problems/csplib-prob010-SocialGolfers/params/ThomasKirkman.param
0.43,0.964,-0.992,-0.981,-0.991,-0.732,0.991,0.981,0.967,-0.942,-0.869,-0.946,0.991,-0.881,-0.997,0.924,0.978,0.948,-0.99,-0.807,-0.996,0.941,0.999,0.982,0.963,0.971,-0.973,-0.951,0.99,-0.99,-0.895,0.495,0.997,-0.971,0.939,-0.394,0.937,-0.969,-0.961,0.52,0.892,0.993,0.798,-0.985,0.117,-0.994,0.997,-0.928,0.94,0.991,-0.926,-0.668,0.903,0.948,-0.973,0.962,0.989,-0.954,0.989,-0.994,-0.966,0.887,0.99,0.968,0.983,-0.998,0.84,-0.972,0.993,0.831,-0.947,-0.995,-0.943,-0.942,0.852,0.984,0.983,0.995,-0.987,-0.772,0.986,0.994,-0.977,-0.934,0.859,0.958,-0.988,-0.98,-0.993,-0.989,-0.994,-0.942,-0.976,0.335,-0.996,-0.988,0.907,-0.7,-0.993,0.792,4.14,3.448,4.839,9.969,10.322,10.301,10.426,10.527,4.103,3.593,4.856,10.02,4.671,4.263,5.778,9.99,EssenceCatalog/problems/csplib-prob010-SocialGolfers/params/a5f20e0d65ae4fe1867ec155464c057e.param
0.227,0.979,-0.994,-0.99,-0.963,-0.837,0.991,0.99,0.979,-0.972,-0.961,-0.977,0.997,-0.909,-0.999,0.686,0.994,0.97,-0.994,-0.652,-0.998,0.986,0.997,0.986,0.96,0.982,-0.986,-0.975,0.948,-0.994,-0.525,0.932,0.991,-0.978,0.965,-0.536,0.975,-0.978,-0.967,0.892,0.523,0.992,0.879,-0.99,0.866,-0.996,0.997,-0.966,0.842,0.995,-0.606,-0.694,0.966,0.891,-0.896,0.965,0.994,-0.854,0.994,-0.995,-0.974,0.928,0.995,0.975,0.973,-0.997,0.951,-0.945,0.997,0.938,-0.933,-0.996,-0.98,-0.896,0.967,0.982,0.98,0.999,-0.989,-0.069,0.995,0.996,-0.991,-0.975,0.84,0.971,-0.993,-0.992,-0.996,-0.99,-0.993,-0.984,-0.988,0.445,-0.994,-0.996,0.973,-0.624,-0.998,0.501,4.581,3.458,5.004,10.093,10.529,10.487,10.637,10.738,4.357,3.679,5.079,10.136,4.93,4.435,5.992,10.117,EssenceCatalog/problems/csplib-prob010-SocialGolfers/params/f4eadfaebe25bd7dd5ccafbdbacd2c5f.param
0.959,0.966,0.97,-0.96,0.715,-0.881,-0.887,0.887,0.992,-0.8,-0.975,-0.906,0.996,-0.919,-0.994,0.981,0.965,0.963,0.97,0.975,-0.997,-0.572,0.991,0.985,0.959,0.918,-0.968,-0.898,-0.742,-0.98,-0.537,0.88,0.964,-0.85,-0.977,0.918,0.833,-0.941,-0.556,0.611,0.978,0.986,0.757,0.967,0.293,-0.97,0.997,-0.96,0.851,0.989,-0.982,-0.979,-0.964,0.911,-0.984,0.955,0.962,-0.841,0.987,-0.995,-0.874,0.978,0.992,0.086,0.842,-0.993,0.79,-0.951,-0.986,0.872,-0.955,-0.989,-0.783,-0.941,0.663,-0.951,0.991,0.997,-0.993,0.914,0.985,0.994,-0.987,-0.904,0.857,0.852,-0.984,-0.984,-0.998,-0.982,-0.969,-0.89,-0.943,0.929,-0.958,-0.972,-0.656,-0.862,-0.995,0.253,4.73,4.204,10.278,10.323,10.359,10.338,10.336,10.281,4.914,4.31,10.302,10.306,5.154,4.78,10.285,10.315,EssenceCatalog/problems/csplib-prob010-SocialGolfers/params/cc6256a627315da1a1b17d6cee83cfd6.param
0.98,0.967,0.965,-0.95,0.498,-0.911,-0.789,0.825,0.984,-0.847,-0.923,-0.814,0.997,-0.919,-0.992,0.972,0.979,0.899,0.957,0.91,-0.998,0.104,0.988,0.977,0.939,0.935,-0.909,-0.864,0.959,-0.986,-0.798,0.301,0.978,-0.895,-0.071,0.943,0.708,-0.952,-0.787,0.676,0.901,0.992,0.606,0.836,0.339,-0.976,0.994,-0.95,0.943,0.994,-0.929,-0.978,-0.959,-0.678,-0.93,0.951,0.967,-0.873,0.984,-0.997,-0.942,0.978,0.993,0.889,0.963,-0.997,-0.782,-0.968,-0.98,0.762,-0.973,-0.993,-0.591,-0.932,0.54,-0.969,0.991,0.995,-0.994,0.932,0.992,0.991,-0.983,-0.873,-0.396,0.887,-0.979,-0.988,-0.999,-0.976,-0.988,-0.886,-0.945,0.974,-0.979,-0.981,-0.938,-0.846,-0.995,-0.05,6.435,5.229,10.363,10.389,10.391,10.377,10.342,10.372,6.032,5.396,10.333,10.394,6.345,6.265,10.385,10.399,EssenceCatalog/problems/csplib-prob010-SocialGolfers/params/26e8a1c27ad0517a6fb580c59f283187.param
0.969,0.943,0.983,-0.978,0.784,-0.872,-0.935,0.873,0.979,-0.82,-0.975,-0.81,0.997,-0.934,-0.994,0.301,0.987,0.814,0.985,0.985,-0.997,0.272,0.994,0.96,0.966,0.947,-0.98,-0.738,0.52,-0.986,-0.744,0.93,0.981,-0.91,-0.157,0.955,0.933,-0.955,-0.766,0.574,-0.665,0.972,0.783,0.964,0.689,-0.979,0.991,-0.974,0.943,0.992,-0.964,-0.985,-0.96,0.58,-0.931,0.703,0.981,-0.943,0.981,-0.989,-0.803,0.982,0.996,0.607,0.867,-0.992,-0.591,-0.968,-0.984,0.499,-0.96,-0.992,-0.222,-0.881,0.751,-0.979,0.987,0.998,-0.99,0.971,0.986,0.991,-0.978,-0.91,0.092,0.946,-0.981,-0.981,-0.998,-0.969,-0.99,-0.935,-0.963,0.979,-0.985,-0.983,-0.71,-0.692,-0.996,-0.859,6.733,4.937,10.379,10.284,10.301,10.324,10.239,10.294,5.946,5.132,10.331,10.279,6.268,6.409,10.333,10.297,EssenceCatalog/problems/csplib-prob010-SocialGolfers/params/e3b0122e3102a4f0aed341c88eab79be.param
0.926,0.964,0.973,-0.966,0.869,-0.831,-0.93,0.918,0.987,-0.877,-0.985,-0.954,0.996,-0.885,-0.996,0.619,0.984,0.952,0.971,0.987,-0.997,0.618,0.989,0.981,0.905,0.918,-0.97,-0.905,-0.954,-0.985,-0.191,0.976,0.954,-0.847,-0.902,0.871,0.877,-0.937,-0.642,0.821,0.569,0.972,0.844,0.975,0.808,-0.974,0.994,-0.965,0.774,0.991,-0.782,-0.98,-0.901,0.861,-0.922,0.934,0.982,-0.121,0.986,-0.989,-0.856,0.982,0.996,0.061,0.755,-0.982,0.874,-0.919,-0.981,0.887,-0.956,-0.991,-0.917,-0.916,0.925,-0.953,0.989,0.999,-0.988,0.968,0.986,0.991,-0.987,-0.944,0.673,0.85,-0.984,-0.982,-0.997,-0.979,-0.971,-0.95,-0.971,0.936,-0.935,-0.986,0.026,-0.78,-0.997,-0.687,5.411,4.144,10.304,10.292,10.35,10.356,10.33,10.306,5.214,4.292,10.322,10.273,5.496,4.948,10.283,10.277,EssenceCatalog/problems/csplib-prob010-SocialGolfers/params/6e2bb3372d4f9328bf5299cc5936e782.param
0.958,0.973,0.987,-0.968,0.926,-0.879,-0.948,0.908,0.988,-0.937,-0.986,-0.967,0.998,-0.921,-0.997,0.475,0.984,0.962,0.979,0.981,-0.998,0.871,0.968,0.987,0.825,0.911,-0.967,-0.95,-0.881,-0.991,-0.328,0.975,0.939,-0.853,-0.644,0.884,0.878,-0.969,-0.803,0.906,0.04,0.983,0.828,0.975,0.912,-0.97,0.991,-0.96,0.765,0.992,-0.154,-0.977,-0.882,-0.013,-0.689,0.969,0.968,0.507,0.981,-0.996,-0.928,0.988,0.996,0.586,0.888,-0.992,0.595,-0.913,-0.987,0.937,-0.981,-0.991,-0.957,-0.955,0.951,-0.985,0.989,0.999,-0.991,0.977,0.988,0.991,-0.989,-0.947,-0.058,0.879,-0.976,-0.991,-0.998,-0.978,-0.963,-0.939,-0.974,0.947,-0.905,-0.991,-0.546,-0.878,-0.998,-0.776,6.589,4.554,10.465,10.315,10.304,10.333,10.324,10.366,5.895,4.747,10.482,10.298,6.282,5.547,10.408,10.281,EssenceCatalog/problems/csplib-prob010-SocialGolfers/params/3a6ffbf76b464d2d091181a3d98faa26.param
0.983,0.968,0.973,-0.959,0.571,-0.915,-0.824,0.819,0.985,-0.831,-0.936,-0.782,0.997,-0.932,-0.992,0.967,0.981,0.892,0.967,0.926,-0.998,-0.075,0.989,0.977,0.953,0.943,-0.928,-0.847,0.959,-0.986,-0.817,0.39,0.977,-0.904,-0.135,0.952,0.781,-0.952,-0.786,0.656,0.875,0.991,0.59,0.876,0.337,-0.976,0.995,-0.955,0.947,0.994,-0.955,-0.98,-0.968,-0.593,-0.943,0.94,0.969,-0.927,0.985,-0.997,-0.938,0.978,0.994,0.875,0.959,-0.998,-0.81,-0.97,-0.984,0.729,-0.97,-0.993,-0.451,-0.925,0.499,-0.975,0.991,0.995,-0.995,0.941,0.992,0.992,-0.983,-0.871,-0.307,0.905,-0.977,-0.989,-0.999,-0.978,-0.988,-0.891,-0.944,0.978,-0.983,-0.98,-0.943,-0.839,-0.995,-0.157,6.378,5.214,10.41,10.401,10.398,10.396,10.361,10.382,5.99,5.381,10.373,10.408,6.307,6.272,10.421,10.408,EssenceCatalog/problems/csplib-prob010-SocialGolfers/params/ae01c6f2381217ec391946a456c3bc02.param
0.96,0.97,0.98,-0.961,0.859,-0.85,-0.89,0.891,0.986,-0.908,-0.974,-0.946,0.998,-0.901,-0.995,0.834,0.973,0.953,0.968,0.973,-0.997,0.639,0.972,0.986,0.846,0.877,-0.95,-0.927,-0.714,-0.988,-0.313,0.938,0.913,-0.826,-0.767,0.859,0.784,-0.951,-0.702,0.842,0.689,0.984,0.723,0.953,0.802,-0.961,0.99,-0.949,0.707,0.991,-0.615,-0.968,-0.894,0.196,-0.864,0.966,0.956,0.104,0.979,-0.995,-0.912,0.983,0.995,0.524,0.888,-0.992,0.601,-0.903,-0.984,0.912,-0.969,-0.988,-0.922,-0.927,0.894,-0.977,0.988,0.997,-0.991,0.964,0.986,0.991,-0.987,-0.919,0.271,0.83,-0.973,-0.986,-0.998,-0.978,-0.952,-0.908,-0.958,0.937,-0.906,-0.985,-0.569,-0.809,-0.997,-0.444,5.781,4.406,10.397,10.313,10.339,10.345,10.336,10.339,5.504,4.579,10.4,10.297,5.835,5.189,10.355,10.28,EssenceCatalog/problems/csplib-prob010-SocialGolfers/params/b083428bcfcf4cbb8d385938e6b13211.param
0.869,0.056,-0.223,-0.819,-0.795,-0.493,0.939,0.68,0.972,-0.934,-0.82,-0.815,0.991,-0.798,-0.974,0.952,-0.986,0.937,-0.964,-0.972,-0.793,0.364,-0.939,0.961,0.921,0.694,-0.703,-0.941,-0.819,-0.75,0.802,0.726,-0.941,-0.886,-0.86,-0.452,0.801,-0.813,-0.597,0.88,-0.689,0.919,-0.275,-0.964,0.782,0.928,-0.959,0.931,-0.942,-0.949,-0.955,0.977,0.808,-0.251,-0.936,0.923,-0.987,0.875,-0.997,-0.983,-0.874,0.892,-0.975,-0.417,0.854,-0.986,-0.395,0.729,0.966,0.474,-0.814,0.976,-0.65,-0.92,-0.165,0.781,0.581,-0.994,-0.973,-0.91,-0.991,0.919,-0.928,0.414,0.974,0.835,0.95,-0.943,-0.969,-0.351,0.979,0.963,0.984,-0.973,0.598,-0.892,-0.237,-0.959,-0.94,0.887,1.604,1.112,1.414,4.3,2.455,1.827,2.983,6.439,1.638,1.231,1.442,4.064,1.876,1.171,1.779,4.266,EssenceCatalog/problems/csplib-prob010-SocialGolfers/params/ord04-9-5-2.param
0.979,0.968,0.973,-0.953,0.56,-0.904,-0.82,0.828,0.985,-0.832,-0.934,-0.812,0.997,-0.924,-0.991,0.967,0.977,0.913,0.966,0.936,-0.998,-0.017,0.988,0.978,0.939,0.927,-0.923,-0.86,0.911,-0.985,-0.766,0.45,0.973,-0.885,-0.359,0.941,0.734,-0.948,-0.747,0.653,0.901,0.99,0.59,0.892,0.358,-0.972,0.994,-0.951,0.929,0.993,-0.937,-0.979,-0.961,-0.48,-0.936,0.949,0.964,-0.865,0.984,-0.996,-0.931,0.979,0.993,0.844,0.951,-0.997,-0.659,-0.964,-0.984,0.764,-0.97,-0.992,-0.567,-0.923,0.551,-0.973,0.991,0.994,-0.994,0.941,0.99,0.991,-0.983,-0.873,-0.216,0.879,-0.978,-0.987,-0.999,-0.977,-0.985,-0.884,-0.942,0.972,-0.976,-0.978,-0.924,-0.832,-0.994,-0.082,6.215,5.115,10.4,10.392,10.383,10.387,10.347,10.365,5.885,5.275,10.362,10.394,6.206,6.098,10.397,10.393,EssenceCatalog/problems/csplib-prob010-SocialGolfers/params/f76f9a89b50d3068408af1562ebe2846.param
0.967,0.973,0.973,-0.953,0.764,-0.874,-0.823,0.88,0.985,-0.911,-0.958,-0.926,0.998,-0.905,-0.994,0.909,0.975,0.95,0.954,0.949,-0.998,0.662,0.972,0.986,0.82,0.875,-0.924,-0.93,0.184,-0.989,-0.476,0.825,0.931,-0.845,-0.447,0.864,0.703,-0.957,-0.751,0.834,0.817,0.988,0.651,0.903,0.75,-0.964,0.99,-0.944,0.77,0.993,-0.516,-0.966,-0.883,-0.46,-0.816,0.974,0.954,0.088,0.981,-0.997,-0.942,0.983,0.994,0.781,0.937,-0.994,0.155,-0.916,-0.98,0.908,-0.976,-0.99,-0.906,-0.927,0.861,-0.975,0.989,0.997,-0.992,0.959,0.989,0.991,-0.987,-0.904,-0.17,0.828,-0.975,-0.989,-0.999,-0.977,-0.964,-0.898,-0.958,0.95,-0.926,-0.985,-0.784,-0.827,-0.997,-0.221,6.323,4.8,10.397,10.359,10.373,10.362,10.358,10.376,5.907,4.998,10.383,10.348,6.244,5.669,10.364,10.336,EssenceCatalog/problems/csplib-prob010-SocialGolfers/params/d52c7d0a66d3ca3ae1dc444704400a9d.param
0.982,0.969,0.971,-0.957,0.551,-0.912,-0.8,0.83,0.986,-0.835,-0.938,-0.803,0.997,-0.931,-0.992,0.975,0.978,0.907,0.963,0.925,-0.998,-0.1,0.988,0.979,0.952,0.939,-0.928,-0.865,0.936,-0.986,-0.789,0.422,0.975,-0.899,-0.314,0.945,0.767,-0.952,-0.773,0.655,0.913,0.991,0.578,0.867,0.338,-0.974,0.995,-0.953,0.938,0.993,-0.955,-0.978,-0.965,-0.5,-0.951,0.95,0.966,-0.909,0.984,-0.997,-0.94,0.979,0.993,0.855,0.957,-0.998,-0.722,-0.967,-0.982,0.767,-0.969,-0.992,-0.535,-0.929,0.516,-0.97,0.992,0.994,-0.995,0.934,0.99,0.992,-0.984,-0.874,-0.166,0.898,-0.977,-0.988,-0.999,-0.979,-0.986,-0.88,-0.94,0.974,-0.98,-0.98,-0.932,-0.842,-0.995,-0.036,6.195,5.135,10.397,10.405,10.4,10.4,10.367,10.389,5.886,5.294,10.36,10.412,6.203,6.121,10.401,10.409,EssenceCatalog/problems/csplib-prob010-SocialGolfers/params/c4e3f9ef3332d7b5dc0a9dd7e782e584.param
0.425,0.964,-0.992,-0.981,-0.991,-0.731,0.991,0.981,0.966,-0.94,-0.868,-0.944,0.991,-0.88,-0.997,0.924,0.979,0.948,-0.989,-0.794,-0.996,0.937,0.999,0.981,0.962,0.971,-0.973,-0.95,0.99,-0.99,-0.895,0.491,0.997,-0.971,0.936,-0.384,0.936,-0.969,-0.96,0.511,0.901,0.993,0.799,-0.983,0.098,-0.994,0.997,-0.931,0.941,0.992,-0.926,-0.688,0.897,0.95,-0.973,0.961,0.989,-0.955,0.99,-0.994,-0.966,0.888,0.99,0.967,0.982,-0.997,0.846,-0.972,0.992,0.831,-0.947,-0.995,-0.941,-0.941,0.851,0.983,0.983,0.996,-0.987,-0.761,0.987,0.994,-0.977,-0.935,0.859,0.957,-0.989,-0.979,-0.993,-0.989,-0.994,-0.944,-0.977,0.355,-0.996,-0.988,0.905,-0.695,-0.993,0.794,4.134,3.448,4.849,9.97,10.32,10.302,10.425,10.521,4.101,3.592,4.866,10.02,4.667,4.262,5.787,9.99,EssenceCatalog/problems/csplib-prob010-SocialGolfers/params/ac0f5085718510e001c4c58fd4bbee23.param
0.953,0.965,0.978,-0.955,0.76,-0.862,-0.894,0.874,0.988,-0.845,-0.971,-0.921,0.997,-0.902,-0.994,0.949,0.962,0.954,0.972,0.978,-0.997,-0.024,0.985,0.983,0.917,0.887,-0.954,-0.901,-0.735,-0.982,-0.428,0.891,0.947,-0.823,-0.937,0.9,0.771,-0.937,-0.584,0.684,0.916,0.982,0.732,0.963,0.536,-0.96,0.994,-0.95,0.802,0.989,-0.93,-0.977,-0.948,0.729,-0.959,0.956,0.955,-0.508,0.98,-0.994,-0.872,0.98,0.992,0.271,0.846,-0.991,0.693,-0.932,-0.987,0.871,-0.961,-0.987,-0.845,-0.935,0.753,-0.965,0.988,0.996,-0.991,0.941,0.981,0.992,-0.986,-0.904,0.636,0.814,-0.979,-0.982,-0.998,-0.977,-0.958,-0.875,-0.939,0.926,-0.932,-0.975,-0.603,-0.842,-0.995,-0.105,5.083,4.265,10.322,10.308,10.344,10.33,10.316,10.285,5.102,4.384,10.327,10.294,5.369,4.912,10.302,10.298,EssenceCatalog/problems/csplib-prob010-SocialGolfers/params/4232297871333724f02d86a735ef15db.param
0.969,0.967,0.974,-0.948,0.698,-0.876,-0.839,0.851,0.983,-0.868,-0.946,-0.892,0.997,-0.895,-0.992,0.943,0.97,0.933,0.963,0.956,-0.997,0.362,0.978,0.982,0.876,0.88,-0.918,-0.899,0.432,-0.986,-0.556,0.726,0.945,-0.846,-0.566,0.9,0.651,-0.943,-0.682,0.74,0.87,0.987,0.618,0.91,0.591,-0.962,0.991,-0.94,0.83,0.991,-0.813,-0.971,-0.93,-0.332,-0.9,0.962,0.953,-0.422,0.98,-0.996,-0.922,0.98,0.993,0.731,0.923,-0.994,-0.07,-0.933,-0.984,0.853,-0.97,-0.989,-0.824,-0.918,0.758,-0.972,0.989,0.995,-0.992,0.952,0.987,0.99,-0.985,-0.889,-0.078,0.824,-0.975,-0.985,-0.998,-0.974,-0.969,-0.881,-0.942,0.956,-0.944,-0.98,-0.828,-0.811,-0.995,-0.114,6.06,4.836,10.389,10.362,10.366,10.368,10.342,10.351,5.76,5.01,10.367,10.355,6.083,5.703,10.366,10.344,EssenceCatalog/problems/csplib-prob010-SocialGolfers/params/19b3337e1780d8d5f81439cac0b752c7.param
0.964,0.968,0.975,-0.95,0.703,-0.879,-0.851,0.86,0.987,-0.85,-0.96,-0.901,0.997,-0.904,-0.993,0.965,0.965,0.949,0.965,0.966,-0.997,0.013,0.982,0.983,0.91,0.882,-0.94,-0.903,-0.158,-0.984,-0.503,0.797,0.944,-0.838,-0.86,0.9,0.714,-0.94,-0.626,0.694,0.939,0.986,0.649,0.936,0.513,-0.962,0.993,-0.946,0.812,0.99,-0.915,-0.973,-0.943,0.324,-0.95,0.965,0.951,-0.557,0.981,-0.996,-0.908,0.979,0.992,0.548,0.892,-0.993,0.404,-0.933,-0.985,0.868,-0.963,-0.988,-0.82,-0.929,0.719,-0.967,0.989,0.995,-0.992,0.943,0.985,0.992,-0.986,-0.895,0.394,0.819,-0.978,-0.985,-0.998,-0.977,-0.963,-0.88,-0.936,0.943,-0.942,-0.976,-0.756,-0.833,-0.995,0.033,5.357,4.487,10.34,10.335,10.351,10.354,10.323,10.307,5.303,4.623,10.331,10.325,5.587,5.176,10.326,10.319,EssenceCatalog/problems/csplib-prob010-SocialGolfers/params/685a7b8f50769773e68f3a1b71a4ac51.param
0.951,0.972,0.958,-0.958,0.798,-0.876,-0.873,0.896,0.991,-0.822,-0.978,-0.92,0.996,-0.913,-0.995,0.986,0.967,0.966,0.958,0.97,-0.997,-0.616,0.987,0.987,0.947,0.902,-0.967,-0.913,-0.864,-0.979,-0.457,0.91,0.946,-0.842,-0.983,0.891,0.803,-0.935,-0.508,0.679,0.99,0.987,0.761,0.963,0.336,-0.971,0.997,-0.963,0.78,0.989,-0.978,-0.971,-0.948,0.938,-0.985,0.966,0.966,-0.816,0.989,-0.995,-0.878,0.967,0.994,-0.027,0.823,-0.993,0.911,-0.932,-0.985,0.911,-0.943,-0.99,-0.86,-0.94,0.738,-0.94,0.991,0.997,-0.992,0.915,0.989,0.994,-0.988,-0.918,0.896,0.822,-0.984,-0.984,-0.998,-0.984,-0.962,-0.909,-0.954,0.916,-0.953,-0.972,-0.508,-0.861,-0.994,0.414,4.608,4.11,10.214,10.287,10.336,10.308,10.322,10.259,4.842,4.218,10.253,10.265,5.071,4.642,10.233,10.273,EssenceCatalog/problems/csplib-prob010-SocialGolfers/params/3ad40958e8286fb4af87e056155a10ea.param
0.956,0.962,0.979,-0.958,0.781,-0.857,-0.895,0.868,0.984,-0.866,-0.968,-0.912,0.997,-0.9,-0.993,0.87,0.968,0.937,0.973,0.978,-0.997,0.36,0.982,0.98,0.899,0.888,-0.949,-0.886,-0.556,-0.984,-0.389,0.902,0.94,-0.823,-0.82,0.893,0.786,-0.934,-0.622,0.726,0.702,0.98,0.7,0.955,0.674,-0.959,0.989,-0.952,0.789,0.989,-0.871,-0.973,-0.929,0.465,-0.929,0.941,0.957,-0.397,0.976,-0.993,-0.87,0.981,0.993,0.443,0.851,-0.99,0.475,-0.927,-0.984,0.844,-0.962,-0.987,-0.827,-0.916,0.8,-0.971,0.986,0.996,-0.989,0.957,0.98,0.991,-0.985,-0.901,0.347,0.83,-0.975,-0.981,-0.998,-0.972,-0.96,-0.891,-0.941,0.937,-0.93,-0.979,-0.605,-0.79,-0.996,-0.405,5.553,4.415,10.37,10.31,10.341,10.339,10.308,10.302,5.357,4.563,10.365,10.296,5.656,5.205,10.339,10.287,EssenceCatalog/problems/csplib-prob010-SocialGolfers/params/eb976070e0992fcfaf41c04d235a2ff8.param
0.97,0.966,0.974,-0.948,0.678,-0.883,-0.83,0.84,0.981,-0.88,-0.941,-0.883,0.997,-0.897,-0.992,0.92,0.971,0.923,0.961,0.945,-0.997,0.497,0.977,0.98,0.86,0.886,-0.911,-0.898,0.621,-0.987,-0.6,0.691,0.95,-0.848,-0.316,0.9,0.653,-0.945,-0.719,0.755,0.791,0.987,0.616,0.897,0.636,-0.962,0.989,-0.944,0.847,0.992,-0.735,-0.97,-0.919,-0.548,-0.852,0.96,0.95,-0.343,0.978,-0.996,-0.93,0.981,0.993,0.793,0.936,-0.994,-0.308,-0.933,-0.983,0.845,-0.973,-0.989,-0.818,-0.92,0.765,-0.975,0.987,0.995,-0.991,0.954,0.988,0.989,-0.983,-0.884,-0.32,0.836,-0.973,-0.986,-0.998,-0.97,-0.971,-0.884,-0.945,0.961,-0.944,-0.981,-0.856,-0.815,-0.995,-0.224,6.466,5.009,10.399,10.367,10.369,10.362,10.339,10.366,6.003,5.196,10.373,10.359,6.335,5.984,10.378,10.358,EssenceCatalog/problems/csplib-prob010-SocialGolfers/params/db2d449a9ccbc4c37af7846f0e64f3be.param
0.96,0.966,0.969,-0.96,0.658,-0.884,-0.881,0.886,0.992,-0.789,-0.973,-0.895,0.996,-0.922,-0.994,0.982,0.967,0.958,0.97,0.974,-0.997,-0.592,0.992,0.984,0.964,0.929,-0.966,-0.892,-0.583,-0.979,-0.599,0.853,0.972,-0.854,-0.97,0.927,0.839,-0.942,-0.588,0.574,0.975,0.986,0.751,0.963,0.232,-0.972,0.997,-0.961,0.878,0.99,-0.986,-0.98,-0.966,0.901,-0.986,0.95,0.966,-0.882,0.987,-0.995,-0.874,0.978,0.993,0.147,0.855,-0.994,0.696,-0.957,-0.986,0.853,-0.956,-0.99,-0.74,-0.94,0.615,-0.949,0.991,0.997,-0.993,0.911,0.986,0.994,-0.987,-0.899,0.838,0.866,-0.984,-0.984,-0.998,-0.983,-0.975,-0.889,-0.943,0.936,-0.966,-0.971,-0.69,-0.855,-0.994,0.241,4.765,4.254,10.28,10.331,10.359,10.341,10.327,10.275,4.938,4.36,10.296,10.314,5.178,4.849,10.284,10.324,EssenceCatalog/problems/csplib-prob010-SocialGolfers/params/881f5dfacb6777995498acb94f699642.param
0.968,0.968,0.972,-0.956,0.691,-0.885,-0.865,0.87,0.989,-0.805,-0.964,-0.883,0.997,-0.92,-0.993,0.979,0.969,0.954,0.967,0.971,-0.997,-0.373,0.988,0.983,0.95,0.909,-0.953,-0.888,-0.17,-0.982,-0.552,0.793,0.957,-0.852,-0.929,0.922,0.78,-0.939,-0.599,0.625,0.968,0.987,0.661,0.948,0.351,-0.969,0.996,-0.954,0.859,0.991,-0.97,-0.978,-0.962,0.658,-0.976,0.957,0.962,-0.829,0.986,-0.995,-0.897,0.978,0.993,0.465,0.885,-0.994,0.456,-0.949,-0.986,0.848,-0.957,-0.99,-0.732,-0.923,0.639,-0.963,0.991,0.996,-0.993,0.931,0.987,0.994,-0.987,-0.894,0.645,0.848,-0.981,-0.984,-0.998,-0.982,-0.972,-0.89,-0.94,0.948,-0.961,-0.974,-0.765,-0.836,-0.995,0.151,5.059,4.415,10.322,10.348,10.376,10.37,10.338,10.297,5.125,4.534,10.317,10.339,5.378,5.069,10.322,10.341,EssenceCatalog/problems/csplib-prob010-SocialGolfers/params/c82ec636fe8bcb2aa844fe27d9c5f38a.param
0.95,0.965,0.977,-0.96,0.79,-0.864,-0.905,0.88,0.99,-0.842,-0.977,-0.927,0.997,-0.909,-0.995,0.954,0.959,0.959,0.973,0.98,-0.997,-0.195,0.986,0.984,0.935,0.898,-0.962,-0.901,-0.862,-0.982,-0.382,0.923,0.947,-0.832,-0.965,0.9,0.815,-0.937,-0.556,0.684,0.93,0.982,0.76,0.968,0.535,-0.961,0.994,-0.951,0.789,0.987,-0.956,-0.975,-0.951,0.869,-0.972,0.953,0.956,-0.608,0.979,-0.994,-0.854,0.979,0.992,0.072,0.819,-0.991,0.806,-0.933,-0.986,0.879,-0.957,-0.986,-0.85,-0.942,0.756,-0.959,0.988,0.996,-0.991,0.934,0.978,0.993,-0.987,-0.908,0.78,0.825,-0.98,-0.983,-0.998,-0.978,-0.955,-0.871,-0.936,0.909,-0.934,-0.975,-0.523,-0.851,-0.995,-0.051,4.904,4.174,10.295,10.298,10.347,10.323,10.321,10.282,4.991,4.289,10.313,10.285,5.242,4.793,10.284,10.291,EssenceCatalog/problems/csplib-prob010-SocialGolfers/params/e1277e38eb3d6dee4dde409c6caf6609.param
0.943,0.963,0.974,-0.963,0.797,-0.858,-0.909,0.89,0.991,-0.826,-0.98,-0.935,0.997,-0.91,-0.995,0.96,0.961,0.964,0.971,0.98,-0.997,-0.33,0.988,0.985,0.944,0.91,-0.968,-0.902,-0.927,-0.981,-0.383,0.934,0.955,-0.84,-0.98,0.898,0.84,-0.939,-0.546,0.676,0.951,0.983,0.801,0.971,0.487,-0.964,0.996,-0.956,0.794,0.987,-0.969,-0.976,-0.953,0.938,-0.979,0.953,0.962,-0.669,0.981,-0.993,-0.843,0.978,0.992,-0.115,0.803,-0.991,0.878,-0.935,-0.986,0.885,-0.955,-0.987,-0.861,-0.945,0.763,-0.951,0.989,0.997,-0.992,0.926,0.979,0.993,-0.987,-0.911,0.87,0.832,-0.981,-0.982,-0.997,-0.979,-0.957,-0.88,-0.942,0.898,-0.94,-0.975,-0.427,-0.863,-0.995,0.016,4.775,4.116,10.269,10.294,10.343,10.316,10.32,10.274,4.913,4.227,10.299,10.278,5.157,4.71,10.266,10.284,EssenceCatalog/problems/csplib-prob010-SocialGolfers/params/701178f144cbb28a5b8c3ebbeeb5e1b9.param
0.38,0.966,-0.995,-0.983,-0.993,-0.738,0.996,0.985,0.974,-0.952,-0.875,-0.949,0.993,-0.908,-0.998,0.957,0.97,0.963,-0.995,-0.906,-0.997,0.934,0.998,0.987,0.967,0.974,-0.98,-0.96,0.981,-0.992,-0.838,0.638,0.994,-0.974,0.916,-0.64,0.95,-0.968,-0.963,0.606,0.944,0.995,0.674,-0.993,0.194,-0.993,0.996,-0.927,0.871,0.987,-0.95,-0.297,0.951,0.971,-0.983,0.972,0.983,-0.948,0.982,-0.995,-0.971,0.883,0.988,0.96,0.981,-0.998,0.936,-0.949,0.997,0.876,-0.935,-0.992,-0.953,-0.937,0.867,0.992,0.984,0.994,-0.989,-0.874,0.976,0.996,-0.985,-0.944,0.952,0.961,-0.985,-0.982,-0.995,-0.99,-0.989,-0.913,-0.965,0.069,-0.995,-0.991,0.953,-0.724,-0.995,0.892,4.025,3.348,4.634,9.928,10.317,10.257,10.439,10.574,3.995,3.512,4.642,9.961,4.587,4.132,5.595,9.953,EssenceCatalog/problems/csplib-prob010-SocialGolfers/params/611673efb23e8be8efae36d31e772a5a.param
0.964,0.97,0.977,-0.954,0.802,-0.859,-0.859,0.875,0.985,-0.898,-0.963,-0.93,0.997,-0.898,-0.994,0.898,0.972,0.948,0.963,0.964,-0.997,0.573,0.971,0.984,0.836,0.867,-0.932,-0.921,-0.255,-0.987,-0.409,0.872,0.92,-0.83,-0.656,0.87,0.714,-0.949,-0.699,0.817,0.799,0.985,0.667,0.933,0.735,-0.961,0.99,-0.944,0.747,0.991,-0.632,-0.967,-0.903,-0.166,-0.86,0.968,0.951,-0.003,0.98,-0.996,-0.925,0.981,0.994,0.662,0.911,-0.993,0.332,-0.907,-0.984,0.898,-0.971,-0.989,-0.898,-0.92,0.858,-0.977,0.989,0.997,-0.992,0.961,0.987,0.991,-0.986,-0.906,0.068,0.817,-0.973,-0.986,-0.998,-0.976,-0.958,-0.899,-0.955,0.946,-0.919,-0.983,-0.714,-0.809,-0.996,-0.292,5.964,4.599,10.395,10.323,10.336,10.341,10.331,10.338,5.657,4.781,10.385,10.313,5.991,5.405,10.353,10.291,EssenceCatalog/problems/csplib-prob010-SocialGolfers/params/c63dfa312a25fbfc9cbc131efac09883.param
0.976,0.968,0.974,-0.951,0.575,-0.898,-0.826,0.837,0.986,-0.826,-0.942,-0.835,0.997,-0.92,-0.992,0.974,0.974,0.929,0.966,0.948,-0.998,-0.089,0.987,0.98,0.938,0.919,-0.927,-0.873,0.799,-0.984,-0.717,0.536,0.968,-0.874,-0.614,0.935,0.727,-0.946,-0.715,0.643,0.933,0.989,0.598,0.907,0.352,-0.969,0.995,-0.95,0.912,0.993,-0.945,-0.978,-0.961,-0.238,-0.95,0.956,0.961,-0.834,0.984,-0.996,-0.927,0.98,0.993,0.783,0.939,-0.996,-0.43,-0.96,-0.985,0.797,-0.968,-0.991,-0.632,-0.925,0.568,-0.971,0.991,0.995,-0.994,0.937,0.989,0.992,-0.985,-0.875,0.016,0.866,-0.979,-0.987,-0.999,-0.977,-0.981,-0.877,-0.938,0.966,-0.97,-0.977,-0.899,-0.836,-0.994,0.014,5.898,4.954,10.391,10.39,10.377,10.387,10.347,10.355,5.69,5.102,10.352,10.388,6.007,5.836,10.374,10.382,EssenceCatalog/problems/csplib-prob010-SocialGolfers/params/6d09f55f01936d3219586aeb2e40868c.param
0.975,0.968,0.975,-0.954,0.6,-0.898,-0.837,0.848,0.988,-0.813,-0.952,-0.845,0.997,-0.925,-0.992,0.979,0.972,0.939,0.968,0.957,-0.998,-0.275,0.988,0.982,0.95,0.921,-0.941,-0.879,0.609,-0.983,-0.688,0.636,0.967,-0.872,-0.796,0.934,0.767,-0.946,-0.685,0.616,0.952,0.989,0.613,0.925,0.313,-0.969,0.995,-0.952,0.902,0.992,-0.965,-0.979,-0.965,0.157,-0.968,0.955,0.961,-0.864,0.984,-0.996,-0.919,0.979,0.993,0.69,0.924,-0.996,-0.177,-0.959,-0.985,0.809,-0.964,-0.991,-0.636,-0.929,0.551,-0.968,0.991,0.995,-0.994,0.93,0.988,0.993,-0.986,-0.879,0.321,0.868,-0.98,-0.986,-0.999,-0.98,-0.98,-0.873,-0.934,0.961,-0.97,-0.975,-0.871,-0.841,-0.995,0.092,5.538,4.769,10.372,10.387,10.381,10.387,10.346,10.339,5.455,4.903,10.33,10.383,5.75,5.556,10.351,10.38,EssenceCatalog/problems/csplib-prob010-SocialGolfers/params/3ad3bf3058987b3a8d093f64381c5995.param
0.991,0.992,0.992,-0.991,0.988,-0.975,-0.988,0.941,0.986,-0.98,-0.989,-0.98,0.999,-0.984,-0.999,-0.968,0.998,0.914,0.996,0.932,-1.0,0.995,0.985,0.983,0.893,0.982,-0.99,-0.984,0.985,-0.998,-0.972,0.989,0.992,-0.98,0.994,0.986,0.976,-0.997,-0.983,0.976,-0.995,0.993,0.977,0.985,0.988,-0.996,0.993,-0.981,0.988,0.998,0.986,-0.992,-0.8,-0.995,0.989,0.979,0.99,0.683,0.996,-0.999,-0.992,0.994,0.998,0.99,0.991,-0.999,-0.99,-0.991,-0.985,0.978,-0.997,-0.998,-0.974,-0.985,0.987,-0.997,0.987,1.0,-0.996,0.992,0.998,0.986,-0.988,-0.988,-0.997,0.988,-0.984,-0.998,-0.999,-0.984,-0.997,-0.992,-0.998,0.997,-0.99,-0.998,-0.99,-0.971,-0.999,-0.991,9.686,5.757,10.489,10.424,10.323,10.348,10.45,10.472,7.644,6.02,10.467,10.374,8.126,7.609,10.434,10.412,EssenceCatalog/problems/csplib-prob010-SocialGolfers/params/547f0a376c0a2691ba4a29131864a498.param
0.983,0.968,0.969,-0.954,0.545,-0.915,-0.804,0.811,0.984,-0.849,-0.921,-0.79,0.997,-0.926,-0.992,0.965,0.981,0.885,0.962,0.906,-0.998,0.089,0.987,0.976,0.942,0.941,-0.911,-0.858,0.973,-0.987,-0.826,0.278,0.978,-0.903,0.09,0.95,0.732,-0.954,-0.804,0.687,0.865,0.992,0.601,0.839,0.359,-0.976,0.994,-0.95,0.95,0.994,-0.927,-0.978,-0.964,-0.75,-0.916,0.947,0.967,-0.899,0.984,-0.997,-0.947,0.978,0.993,0.903,0.967,-0.998,-0.853,-0.97,-0.981,0.744,-0.974,-0.993,-0.537,-0.932,0.536,-0.973,0.991,0.994,-0.995,0.94,0.992,0.991,-0.982,-0.871,-0.486,0.9,-0.976,-0.989,-0.999,-0.975,-0.988,-0.888,-0.947,0.978,-0.982,-0.981,-0.952,-0.849,-0.995,-0.147,6.595,5.297,10.384,10.404,10.409,10.387,10.36,10.389,6.128,5.468,10.358,10.408,6.441,6.397,10.413,10.414,EssenceCatalog/problems/csplib-prob010-SocialGolfers/params/6aee84d8b68afbdfc41679e64065a36a.param
0.967,0.968,0.971,-0.955,0.625,-0.892,-0.851,0.874,0.991,-0.81,-0.966,-0.881,0.997,-0.923,-0.993,0.985,0.964,0.953,0.966,0.965,-0.997,-0.488,0.99,0.984,0.956,0.919,-0.956,-0.896,-0.124,-0.981,-0.614,0.777,0.966,-0.856,-0.94,0.926,0.797,-0.945,-0.626,0.598,0.974,0.988,0.683,0.945,0.267,-0.969,0.996,-0.953,0.874,0.99,-0.979,-0.978,-0.964,0.709,-0.981,0.958,0.96,-0.855,0.985,-0.996,-0.901,0.978,0.992,0.421,0.89,-0.995,0.443,-0.957,-0.985,0.854,-0.961,-0.99,-0.728,-0.941,0.582,-0.956,0.991,0.996,-0.994,0.913,0.985,0.994,-0.987,-0.892,0.693,0.86,-0.982,-0.985,-0.998,-0.982,-0.974,-0.869,-0.934,0.94,-0.964,-0.973,-0.784,-0.858,-0.994,0.251,4.976,4.406,10.299,10.346,10.365,10.358,10.325,10.288,5.08,4.519,10.294,10.337,5.33,5.04,10.299,10.343,EssenceCatalog/problems/csplib-prob010-SocialGolfers/params/d06df902ecc7f251ee97f3e4f3ca2132.param
0.985,0.959,0.983,-0.98,0.747,-0.917,-0.924,0.822,0.973,-0.831,-0.954,-0.666,0.998,-0.949,-0.994,0.402,0.992,0.671,0.986,0.955,-0.999,0.345,0.995,0.955,0.972,0.966,-0.974,-0.741,0.988,-0.99,-0.923,0.751,0.99,-0.946,0.766,0.978,0.929,-0.965,-0.866,0.611,-0.742,0.987,0.758,0.923,0.63,-0.986,0.992,-0.975,0.981,0.994,-0.947,-0.987,-0.973,-0.556,-0.828,0.721,0.985,-0.983,0.986,-0.994,-0.89,0.98,0.997,0.91,0.96,-0.998,-0.97,-0.985,-0.982,0.371,-0.975,-0.995,0.053,-0.891,0.647,-0.983,0.99,0.997,-0.993,0.968,0.993,0.99,-0.974,-0.891,-0.693,0.97,-0.978,-0.988,-0.999,-0.972,-0.995,-0.941,-0.97,0.99,-0.993,-0.986,-0.944,-0.795,-0.996,-0.88,7.745,5.472,10.386,10.335,10.342,10.332,10.301,10.355,6.619,5.696,10.364,10.332,6.933,7.218,10.395,10.353,EssenceCatalog/problems/csplib-prob010-SocialGolfers/params/c550f9c350ec610fb16327016723ebd8.param
0.99,0.988,0.992,-0.986,0.983,-0.97,-0.987,0.83,0.963,-0.953,-0.979,-0.879,0.999,-0.965,-0.998,-0.988,0.998,0.559,0.996,0.906,-0.999,0.984,0.989,0.934,0.941,0.981,-0.988,-0.965,0.993,-0.997,-0.97,0.977,0.993,-0.973,0.994,0.988,0.974,-0.993,-0.953,0.907,-0.998,0.986,0.968,0.982,0.975,-0.995,0.983,-0.977,0.991,0.997,0.968,-0.991,-0.925,-0.99,0.977,0.869,0.991,-0.842,0.993,-0.996,-0.97,0.988,0.998,0.98,0.983,-0.998,-0.996,-0.992,-0.987,0.879,-0.993,-0.998,-0.881,-0.959,0.982,-0.996,0.984,0.999,-0.99,0.995,0.998,0.967,-0.973,-0.981,-0.995,0.99,-0.977,-0.996,-0.999,-0.964,-0.997,-0.991,-0.997,0.998,-0.992,-0.996,-0.983,-0.935,-0.999,-0.993,9.65,5.82,10.488,10.408,10.412,10.394,10.486,10.434,7.571,6.091,10.499,10.38,7.996,7.837,10.49,10.417,EssenceCatalog/problems/csplib-prob010-SocialGolfers/params/8c2957f17b342c0e27aa2c5083653937.param
0.982,0.951,0.986,-0.976,0.824,-0.892,-0.942,0.823,0.971,-0.828,-0.963,-0.752,0.997,-0.936,-0.993,0.217,0.993,0.759,0.987,0.979,-0.998,0.434,0.99,0.96,0.955,0.949,-0.97,-0.739,0.911,-0.988,-0.816,0.857,0.981,-0.922,0.517,0.967,0.903,-0.956,-0.797,0.655,-0.69,0.979,0.733,0.953,0.701,-0.981,0.991,-0.972,0.956,0.994,-0.913,-0.985,-0.964,-0.275,-0.832,0.727,0.985,-0.952,0.985,-0.991,-0.865,0.98,0.997,0.825,0.926,-0.995,-0.889,-0.97,-0.988,0.441,-0.967,-0.994,-0.149,-0.837,0.76,-0.988,0.989,0.998,-0.992,0.98,0.993,0.989,-0.974,-0.904,-0.505,0.951,-0.978,-0.984,-0.998,-0.968,-0.992,-0.949,-0.972,0.989,-0.987,-0.984,-0.866,-0.68,-0.996,-0.885,7.59,5.344,10.391,10.304,10.324,10.331,10.281,10.328,6.492,5.566,10.355,10.301,6.816,7.032,10.383,10.33,EssenceCatalog/problems/csplib-prob010-SocialGolfers/params/b6db8b4727fac5c5bdb1209f59a25b59.param
0.977,0.968,0.974,-0.952,0.569,-0.901,-0.826,0.838,0.987,-0.825,-0.942,-0.83,0.997,-0.923,-0.992,0.974,0.974,0.926,0.967,0.947,-0.998,-0.128,0.988,0.98,0.941,0.921,-0.931,-0.871,0.815,-0.984,-0.728,0.535,0.97,-0.876,-0.612,0.937,0.74,-0.947,-0.718,0.635,0.933,0.99,0.6,0.909,0.338,-0.97,0.995,-0.951,0.915,0.993,-0.95,-0.979,-0.962,-0.221,-0.952,0.954,0.962,-0.849,0.984,-0.996,-0.926,0.98,0.993,0.785,0.939,-0.996,-0.448,-0.962,-0.984,0.791,-0.968,-0.991,-0.61,-0.927,0.55,-0.97,0.991,0.995,-0.994,0.936,0.989,0.992,-0.984,-0.875,0.027,0.869,-0.979,-0.987,-0.999,-0.978,-0.982,-0.878,-0.938,0.966,-0.972,-0.977,-0.902,-0.836,-0.994,0.014,5.886,4.957,10.39,10.39,10.376,10.387,10.347,10.353,5.683,5.104,10.351,10.388,5.999,5.841,10.374,10.383,EssenceCatalog/problems/csplib-prob010-SocialGolfers/params/95d8f74076b37f4308f412cf4af9477b.param
0.99,0.976,0.987,-0.989,0.967,-0.951,-0.974,0.811,0.966,-0.926,-0.978,-0.738,0.999,-0.961,-0.997,-0.972,0.998,0.405,0.994,0.924,-0.999,0.944,0.994,0.911,0.962,0.977,-0.991,-0.919,0.992,-0.996,-0.961,0.969,0.994,-0.971,0.988,0.987,0.979,-0.988,-0.936,0.825,-0.998,0.984,0.946,0.974,0.95,-0.995,0.984,-0.979,0.991,0.996,0.602,-0.99,-0.939,-0.912,0.808,0.63,0.992,-0.982,0.992,-0.993,-0.938,0.984,0.998,0.958,0.975,-0.998,-0.992,-0.991,-0.975,0.676,-0.987,-0.997,-0.65,-0.917,0.961,-0.993,0.987,0.999,-0.989,0.991,0.996,0.981,-0.969,-0.965,-0.974,0.991,-0.979,-0.993,-0.999,-0.964,-0.997,-0.986,-0.994,0.997,-0.995,-0.995,-0.957,-0.867,-0.998,-0.988,9.384,5.734,10.366,10.277,10.293,10.286,10.354,10.293,7.39,6.002,10.371,10.25,7.79,7.784,10.368,10.291,EssenceCatalog/problems/csplib-prob010-SocialGolfers/params/75ec9d9a8424bd19ab21a8e067a45e6f.param
0.37,0.964,-0.993,-0.979,-0.992,-0.73,0.993,0.982,0.971,-0.939,-0.872,-0.944,0.991,-0.888,-0.997,0.956,0.975,0.961,-0.992,-0.838,-0.996,0.912,0.999,0.984,0.96,0.971,-0.977,-0.953,0.98,-0.99,-0.864,0.556,0.996,-0.968,0.885,-0.553,0.936,-0.965,-0.954,0.516,0.957,0.994,0.739,-0.987,0.056,-0.994,0.997,-0.939,0.911,0.99,-0.947,-0.57,0.918,0.974,-0.983,0.967,0.987,-0.955,0.989,-0.994,-0.964,0.88,0.991,0.955,0.978,-0.997,0.933,-0.961,0.994,0.865,-0.939,-0.994,-0.946,-0.938,0.85,0.988,0.984,0.996,-0.987,-0.828,0.985,0.996,-0.981,-0.939,0.934,0.951,-0.989,-0.98,-0.993,-0.99,-0.992,-0.93,-0.972,0.25,-0.995,-0.989,0.938,-0.71,-0.994,0.88,4.017,3.376,4.732,9.942,10.301,10.269,10.421,10.521,4.003,3.524,4.745,9.981,4.585,4.152,5.681,9.961,EssenceCatalog/problems/csplib-prob010-SocialGolfers/params/846bb82ffdf26a833442950e25f43906.param
0.978,0.97,0.966,-0.947,0.6,-0.903,-0.786,0.838,0.985,-0.857,-0.933,-0.855,0.997,-0.912,-0.992,0.975,0.976,0.926,0.952,0.925,-0.998,0.105,0.982,0.981,0.92,0.915,-0.911,-0.89,0.876,-0.987,-0.705,0.481,0.964,-0.878,-0.402,0.921,0.651,-0.949,-0.727,0.711,0.942,0.991,0.579,0.857,0.417,-0.971,0.994,-0.945,0.899,0.993,-0.903,-0.972,-0.947,-0.544,-0.933,0.965,0.962,-0.775,0.983,-0.997,-0.943,0.977,0.993,0.833,0.952,-0.997,-0.504,-0.953,-0.982,0.826,-0.969,-0.992,-0.718,-0.927,0.634,-0.969,0.991,0.995,-0.994,0.937,0.991,0.992,-0.985,-0.883,-0.157,0.855,-0.978,-0.988,-0.999,-0.977,-0.981,-0.887,-0.945,0.968,-0.969,-0.98,-0.905,-0.828,-0.995,0.101,6.155,5.06,10.374,10.399,10.402,10.394,10.369,10.387,5.866,5.224,10.347,10.4,6.18,5.978,10.379,10.395,EssenceCatalog/problems/csplib-prob010-SocialGolfers/params/7ae4e61607172482905ed6231ec4439f.param
0.986,0.96,0.983,-0.97,0.767,-0.932,-0.92,0.778,0.971,-0.831,-0.946,-0.684,0.997,-0.938,-0.992,0.688,0.99,0.758,0.985,0.95,-0.998,0.254,0.989,0.96,0.963,0.957,-0.956,-0.757,0.98,-0.99,-0.866,0.673,0.979,-0.926,0.58,0.97,0.881,-0.955,-0.818,0.669,-0.298,0.985,0.659,0.923,0.547,-0.982,0.991,-0.968,0.969,0.994,-0.922,-0.985,-0.974,-0.739,-0.828,0.836,0.977,-0.964,0.982,-0.994,-0.904,0.976,0.996,0.902,0.957,-0.997,-0.955,-0.975,-0.987,0.503,-0.968,-0.994,-0.132,-0.898,0.569,-0.987,0.988,0.996,-0.992,0.97,0.993,0.988,-0.973,-0.889,-0.716,0.95,-0.973,-0.988,-0.999,-0.964,-0.992,-0.933,-0.962,0.989,-0.987,-0.981,-0.952,-0.792,-0.995,-0.768,7.501,5.459,10.424,10.36,10.369,10.345,10.324,10.369,6.53,5.67,10.399,10.358,6.852,7.034,10.433,10.37,EssenceCatalog/problems/csplib-prob010-SocialGolfers/params/fa3aba8f1f8fef1f15f18611a8bb0bf3.param
0.953,0.968,0.975,-0.958,0.817,-0.87,-0.902,0.884,0.99,-0.839,-0.977,-0.933,0.996,-0.903,-0.995,0.961,0.966,0.963,0.971,0.979,-0.997,-0.264,0.984,0.985,0.928,0.891,-0.964,-0.912,-0.89,-0.981,-0.382,0.922,0.939,-0.825,-0.971,0.891,0.799,-0.936,-0.538,0.711,0.961,0.984,0.757,0.971,0.526,-0.966,0.995,-0.958,0.768,0.989,-0.949,-0.975,-0.949,0.871,-0.971,0.964,0.961,-0.577,0.985,-0.994,-0.869,0.977,0.993,0.036,0.82,-0.991,0.861,-0.921,-0.988,0.9,-0.954,-0.989,-0.87,-0.938,0.785,-0.962,0.99,0.997,-0.991,0.943,0.986,0.993,-0.987,-0.916,0.806,0.813,-0.981,-0.983,-0.998,-0.979,-0.954,-0.903,-0.949,0.924,-0.934,-0.974,-0.506,-0.849,-0.995,0.045,4.845,4.148,10.288,10.299,10.351,10.328,10.332,10.286,4.966,4.264,10.312,10.284,5.215,4.74,10.282,10.292,EssenceCatalog/problems/csplib-prob010-SocialGolfers/params/2886a83ea36b0aa74b084f9f760cf362.param
0.971,0.97,0.97,-0.95,0.6,-0.897,-0.82,0.858,0.989,-0.833,-0.954,-0.868,0.997,-0.918,-0.992,0.983,0.967,0.945,0.961,0.953,-0.998,-0.224,0.987,0.983,0.939,0.909,-0.937,-0.897,0.48,-0.984,-0.639,0.663,0.963,-0.861,-0.821,0.923,0.726,-0.947,-0.682,0.645,0.964,0.99,0.627,0.911,0.354,-0.967,0.995,-0.947,0.881,0.992,-0.955,-0.976,-0.957,0.171,-0.966,0.963,0.957,-0.798,0.983,-0.996,-0.923,0.979,0.992,0.675,0.922,-0.996,0.03,-0.955,-0.983,0.851,-0.966,-0.99,-0.735,-0.937,0.599,-0.963,0.991,0.995,-0.993,0.923,0.987,0.993,-0.987,-0.885,0.334,0.851,-0.98,-0.986,-0.999,-0.98,-0.975,-0.863,-0.932,0.951,-0.963,-0.977,-0.852,-0.856,-0.995,0.2,5.456,4.695,10.346,10.384,10.384,10.386,10.349,10.34,5.409,4.83,10.316,10.38,5.696,5.432,10.334,10.376,EssenceCatalog/problems/csplib-prob010-SocialGolfers/params/290f42ff09f98f3f33e301b76bab68db.param
0.981,0.968,0.965,-0.949,0.515,-0.912,-0.794,0.819,0.983,-0.849,-0.921,-0.81,0.997,-0.92,-0.992,0.967,0.98,0.896,0.959,0.911,-0.998,0.143,0.988,0.977,0.936,0.936,-0.907,-0.865,0.964,-0.987,-0.806,0.285,0.979,-0.898,0.011,0.945,0.704,-0.953,-0.795,0.685,0.888,0.992,0.616,0.835,0.36,-0.976,0.994,-0.949,0.945,0.994,-0.917,-0.979,-0.96,-0.724,-0.917,0.951,0.967,-0.869,0.984,-0.997,-0.944,0.979,0.993,0.897,0.965,-0.997,-0.808,-0.968,-0.981,0.764,-0.974,-0.993,-0.592,-0.932,0.557,-0.971,0.991,0.995,-0.994,0.938,0.992,0.99,-0.983,-0.875,-0.466,0.888,-0.978,-0.989,-0.999,-0.976,-0.988,-0.887,-0.947,0.976,-0.98,-0.981,-0.944,-0.849,-0.995,-0.089,6.54,5.268,10.376,10.402,10.405,10.386,10.354,10.385,6.096,5.437,10.35,10.406,6.409,6.334,10.402,10.412,EssenceCatalog/problems/csplib-prob010-SocialGolfers/params/84e266adad7830eefe90eae125f4a026.param
0.96,0.968,0.979,-0.954,0.802,-0.865,-0.885,0.873,0.987,-0.876,-0.969,-0.93,0.997,-0.897,-0.994,0.924,0.966,0.953,0.97,0.974,-0.997,0.307,0.977,0.984,0.879,0.873,-0.945,-0.915,-0.635,-0.985,-0.381,0.894,0.926,-0.817,-0.863,0.882,0.739,-0.94,-0.625,0.766,0.869,0.984,0.694,0.954,0.664,-0.958,0.991,-0.948,0.751,0.989,-0.828,-0.971,-0.928,0.367,-0.924,0.964,0.95,-0.218,0.98,-0.995,-0.901,0.981,0.993,0.445,0.871,-0.991,0.582,-0.912,-0.986,0.89,-0.966,-0.988,-0.88,-0.93,0.817,-0.974,0.988,0.996,-0.991,0.956,0.984,0.991,-0.986,-0.908,0.4,0.811,-0.975,-0.985,-0.998,-0.976,-0.952,-0.89,-0.945,0.937,-0.917,-0.979,-0.64,-0.828,-0.996,-0.212,5.436,4.375,10.365,10.312,10.333,10.338,10.322,10.31,5.317,4.516,10.362,10.296,5.618,5.07,10.333,10.289,EssenceCatalog/problems/csplib-prob010-SocialGolfers/params/06c9a4a5633725d94a6bf7cca5a6f64c.param
0.959,0.972,0.978,-0.961,0.831,-0.857,-0.877,0.894,0.986,-0.92,-0.973,-0.949,0.998,-0.898,-0.996,0.822,0.974,0.954,0.964,0.967,-0.998,0.742,0.974,0.987,0.822,0.885,-0.945,-0.936,-0.591,-0.989,-0.366,0.924,0.932,-0.834,-0.657,0.861,0.776,-0.959,-0.749,0.854,0.629,0.985,0.749,0.943,0.816,-0.962,0.99,-0.947,0.742,0.991,-0.467,-0.97,-0.882,-0.069,-0.809,0.97,0.956,0.263,0.979,-0.996,-0.927,0.985,0.995,0.63,0.91,-0.993,0.477,-0.915,-0.982,0.917,-0.976,-0.989,-0.934,-0.938,0.899,-0.977,0.989,0.997,-0.992,0.962,0.986,0.991,-0.988,-0.918,0.073,0.84,-0.974,-0.988,-0.998,-0.978,-0.958,-0.903,-0.961,0.938,-0.91,-0.987,-0.618,-0.832,-0.997,-0.459,6.088,4.529,10.421,10.328,10.338,10.343,10.338,10.355,5.691,4.719,10.422,10.311,6.041,5.364,10.373,10.29,EssenceCatalog/problems/csplib-prob010-SocialGolfers/params/b72bd082a8433c5b8ab40ff9f48c86ec.param
0.968,0.976,0.985,-0.962,0.909,-0.888,-0.928,0.898,0.988,-0.94,-0.979,-0.963,0.998,-0.924,-0.997,0.768,0.983,0.967,0.976,0.971,-0.998,0.852,0.955,0.99,0.776,0.88,-0.949,-0.955,-0.611,-0.992,-0.37,0.94,0.908,-0.851,-0.508,0.885,0.797,-0.97,-0.794,0.909,0.552,0.988,0.771,0.961,0.89,-0.968,0.991,-0.953,0.748,0.993,-0.049,-0.973,-0.881,-0.522,-0.646,0.98,0.964,0.626,0.983,-0.997,-0.951,0.986,0.996,0.758,0.933,-0.995,0.404,-0.906,-0.988,0.948,-0.983,-0.991,-0.957,-0.954,0.941,-0.987,0.991,0.998,-0.993,0.974,0.991,0.99,-0.989,-0.938,-0.273,0.851,-0.973,-0.992,-0.999,-0.98,-0.957,-0.928,-0.973,0.952,-0.894,-0.99,-0.752,-0.89,-0.998,-0.598,6.69,4.719,10.504,10.338,10.324,10.328,10.351,10.38,6.04,4.921,10.505,10.319,6.43,5.627,10.437,10.298,EssenceCatalog/problems/csplib-prob010-SocialGolfers/params/4045e38d784b08b2deb4f0499831100d.param
0.99,0.991,0.994,-0.989,0.988,-0.971,-0.99,0.944,0.988,-0.978,-0.988,-0.983,0.999,-0.983,-0.999,-0.937,0.997,0.928,0.996,0.924,-1.0,0.993,0.978,0.987,0.88,0.976,-0.984,-0.982,0.98,-0.998,-0.972,0.984,0.991,-0.981,0.987,0.988,0.969,-0.998,-0.982,0.977,-0.991,0.994,0.98,0.984,0.986,-0.993,0.991,-0.971,0.986,0.997,0.981,-0.99,-0.837,-0.996,0.986,0.985,0.987,0.863,0.993,-0.999,-0.993,0.995,0.998,0.988,0.993,-0.999,-0.991,-0.99,-0.99,0.977,-0.998,-0.997,-0.978,-0.988,0.986,-0.997,0.984,0.999,-0.997,0.989,0.998,0.983,-0.989,-0.983,-0.996,0.986,-0.979,-0.998,-0.999,-0.983,-0.996,-0.987,-0.998,0.996,-0.988,-0.997,-0.993,-0.98,-0.999,-0.989,9.664,5.742,10.478,10.408,10.294,10.321,10.425,10.455,7.634,6.003,10.453,10.354,8.124,7.568,10.414,10.392,EssenceCatalog/problems/csplib-prob010-SocialGolfers/params/93bafe2c14b2f72701ea6213a29c17ff.param
0.984,0.966,0.976,-0.96,0.642,-0.917,-0.871,0.785,0.976,-0.838,-0.919,-0.729,0.997,-0.932,-0.991,0.892,0.987,0.815,0.976,0.924,-0.998,0.244,0.99,0.968,0.945,0.947,-0.928,-0.805,0.988,-0.988,-0.873,0.323,0.982,-0.917,0.518,0.964,0.796,-0.953,-0.825,0.679,0.505,0.99,0.638,0.88,0.432,-0.98,0.993,-0.959,0.966,0.995,-0.909,-0.983,-0.969,-0.829,-0.848,0.906,0.975,-0.935,0.986,-0.996,-0.933,0.977,0.995,0.929,0.968,-0.997,-0.939,-0.975,-0.984,0.622,-0.975,-0.994,-0.328,-0.913,0.55,-0.981,0.99,0.995,-0.994,0.96,0.993,0.988,-0.977,-0.873,-0.719,0.922,-0.976,-0.989,-0.999,-0.972,-0.992,-0.92,-0.959,0.986,-0.986,-0.982,-0.961,-0.833,-0.995,-0.537,7.122,5.442,10.411,10.399,10.416,10.377,10.356,10.38,6.398,5.631,10.387,10.399,6.708,6.781,10.444,10.413,EssenceCatalog/problems/csplib-prob010-SocialGolfers/params/2094fa47f916b46302b5f073e7c1a2eb.param
0.992,0.985,0.989,-0.989,0.985,-0.967,-0.983,0.805,0.969,-0.953,-0.982,-0.837,0.999,-0.968,-0.998,-0.988,0.998,0.41,0.995,0.867,-0.999,0.979,0.988,0.924,0.957,0.982,-0.991,-0.962,0.994,-0.997,-0.97,0.979,0.993,-0.976,0.995,0.988,0.981,-0.992,-0.953,0.908,-0.999,0.987,0.967,0.976,0.976,-0.995,0.981,-0.978,0.99,0.997,0.94,-0.989,-0.921,-0.984,0.965,0.815,0.991,-0.948,0.993,-0.995,-0.967,0.985,0.998,0.978,0.982,-0.998,-0.995,-0.992,-0.977,0.854,-0.992,-0.998,-0.856,-0.949,0.981,-0.995,0.986,0.999,-0.99,0.994,0.997,0.974,-0.972,-0.978,-0.993,0.992,-0.974,-0.996,-0.999,-0.965,-0.997,-0.991,-0.997,0.998,-0.994,-0.996,-0.975,-0.921,-0.999,-0.992,9.62,5.809,10.451,10.372,10.39,10.369,10.459,10.398,7.543,6.082,10.468,10.348,7.959,7.844,10.458,10.386,EssenceCatalog/problems/csplib-prob010-SocialGolfers/params/a0262b3cd728691e6777302ab3228216.param
0.974,0.97,0.97,-0.956,0.58,-0.902,-0.82,0.86,0.99,-0.821,-0.956,-0.855,0.997,-0.928,-0.993,0.985,0.968,0.943,0.963,0.953,-0.998,-0.39,0.989,0.983,0.956,0.925,-0.947,-0.89,0.514,-0.983,-0.681,0.672,0.968,-0.875,-0.85,0.932,0.778,-0.949,-0.686,0.617,0.966,0.99,0.628,0.917,0.297,-0.969,0.996,-0.951,0.894,0.991,-0.974,-0.977,-0.963,0.333,-0.976,0.958,0.959,-0.878,0.984,-0.997,-0.921,0.979,0.992,0.641,0.921,-0.997,-0.025,-0.96,-0.983,0.832,-0.964,-0.99,-0.668,-0.938,0.539,-0.96,0.991,0.995,-0.994,0.916,0.987,0.994,-0.987,-0.886,0.462,0.875,-0.98,-0.987,-0.999,-0.982,-0.978,-0.866,-0.93,0.953,-0.971,-0.976,-0.862,-0.853,-0.995,0.21,5.349,4.675,10.343,10.389,10.389,10.39,10.351,10.34,5.341,4.804,10.307,10.385,5.62,5.407,10.33,10.386,EssenceCatalog/problems/csplib-prob010-SocialGolfers/params/223c85871de386db1050546efeb263d3.param
0.963,0.964,0.977,-0.95,0.661,-0.873,-0.863,0.85,0.985,-0.838,-0.955,-0.881,0.997,-0.906,-0.992,0.952,0.965,0.937,0.969,0.969,-0.997,0.113,0.985,0.98,0.91,0.89,-0.935,-0.882,0.121,-0.983,-0.556,0.759,0.953,-0.842,-0.781,0.914,0.721,-0.938,-0.649,0.659,0.88,0.984,0.652,0.934,0.5,-0.961,0.992,-0.947,0.852,0.99,-0.917,-0.976,-0.947,0.194,-0.944,0.95,0.954,-0.61,0.979,-0.995,-0.895,0.981,0.992,0.617,0.896,-0.993,0.128,-0.943,-0.985,0.826,-0.965,-0.988,-0.76,-0.92,0.685,-0.969,0.988,0.995,-0.991,0.943,0.983,0.991,-0.984,-0.884,0.212,0.83,-0.977,-0.983,-0.998,-0.974,-0.969,-0.868,-0.933,0.946,-0.948,-0.975,-0.783,-0.822,-0.995,-0.139,5.609,4.633,10.368,10.344,10.349,10.352,10.311,10.307,5.455,4.779,10.342,10.335,5.755,5.419,10.337,10.327,EssenceCatalog/problems/csplib-prob010-SocialGolfers/params/1443f3bf75bd27167a6a2c1aaccb15f7.param
0.978,0.97,0.968,-0.947,0.639,-0.901,-0.806,0.837,0.985,-0.85,-0.935,-0.859,0.997,-0.913,-0.991,0.976,0.977,0.929,0.957,0.937,-0.998,0.072,0.981,0.982,0.918,0.91,-0.913,-0.888,0.839,-0.986,-0.683,0.525,0.959,-0.876,-0.483,0.921,0.643,-0.947,-0.71,0.707,0.947,0.991,0.578,0.873,0.419,-0.972,0.994,-0.946,0.891,0.993,-0.907,-0.974,-0.949,-0.494,-0.936,0.964,0.963,-0.775,0.984,-0.997,-0.94,0.976,0.994,0.816,0.948,-0.996,-0.425,-0.95,-0.983,0.832,-0.967,-0.992,-0.72,-0.924,0.639,-0.971,0.991,0.995,-0.994,0.941,0.992,0.992,-0.986,-0.886,-0.102,0.846,-0.977,-0.987,-0.999,-0.977,-0.979,-0.891,-0.945,0.967,-0.967,-0.979,-0.9,-0.821,-0.995,0.101,6.077,5.016,10.385,10.399,10.4,10.397,10.372,10.382,5.816,5.178,10.357,10.398,6.13,5.911,10.385,10.391,EssenceCatalog/problems/csplib-prob010-SocialGolfers/params/15bd1763336cef7b4fdf57e28b26bd4c.param
0.98,0.968,0.969,-0.951,0.549,-0.908,-0.806,0.831,0.986,-0.837,-0.934,-0.817,0.997,-0.923,-0.992,0.976,0.977,0.911,0.963,0.929,-0.998,-0.036,0.988,0.979,0.941,0.931,-0.921,-0.867,0.926,-0.986,-0.775,0.405,0.974,-0.891,-0.33,0.943,0.721,-0.952,-0.761,0.658,0.922,0.991,0.595,0.87,0.345,-0.974,0.995,-0.95,0.932,0.993,-0.943,-0.979,-0.962,-0.53,-0.944,0.953,0.965,-0.874,0.984,-0.997,-0.938,0.978,0.993,0.853,0.955,-0.997,-0.68,-0.965,-0.982,0.783,-0.971,-0.992,-0.594,-0.931,0.54,-0.97,0.991,0.995,-0.994,0.935,0.991,0.992,-0.984,-0.876,-0.236,0.883,-0.978,-0.988,-0.999,-0.978,-0.985,-0.88,-0.941,0.972,-0.978,-0.98,-0.93,-0.844,-0.995,-0.009,6.218,5.134,10.393,10.401,10.39,10.392,10.355,10.377,5.898,5.292,10.36,10.403,6.217,6.107,10.398,10.402,EssenceCatalog/problems/csplib-prob010-SocialGolfers/params/ae2afae62339733d3dbe419740f71d1a.param
0.984,0.957,0.985,-0.98,0.773,-0.91,-0.937,0.825,0.973,-0.822,-0.96,-0.676,0.998,-0.948,-0.993,0.289,0.992,0.686,0.988,0.968,-0.998,0.322,0.994,0.954,0.972,0.963,-0.977,-0.731,0.978,-0.99,-0.912,0.811,0.989,-0.943,0.696,0.978,0.932,-0.964,-0.85,0.59,-0.783,0.984,0.766,0.944,0.651,-0.985,0.992,-0.975,0.978,0.994,-0.951,-0.988,-0.973,-0.373,-0.838,0.69,0.985,-0.982,0.986,-0.993,-0.876,0.981,0.997,0.883,0.95,-0.997,-0.959,-0.984,-0.984,0.356,-0.973,-0.994,0.068,-0.881,0.661,-0.985,0.99,0.997,-0.993,0.972,0.992,0.99,-0.974,-0.895,-0.616,0.969,-0.978,-0.987,-0.999,-0.971,-0.995,-0.941,-0.97,0.99,-0.993,-0.985,-0.928,-0.777,-0.996,-0.894,7.68,5.42,10.374,10.308,10.315,10.316,10.275,10.325,6.555,5.642,10.346,10.303,6.873,7.169,10.376,10.328,EssenceCatalog/problems/csplib-prob010-SocialGolfers/params/babfd06c7e4128c02a9e8d311e0ea31d.param
0.976,0.957,0.977,-0.963,0.61,-0.893,-0.862,0.826,0.98,-0.824,-0.944,-0.783,0.997,-0.924,-0.991,0.888,0.98,0.86,0.975,0.959,-0.998,0.149,0.989,0.972,0.943,0.933,-0.943,-0.802,0.884,-0.985,-0.765,0.64,0.974,-0.894,-0.099,0.946,0.817,-0.946,-0.756,0.609,0.464,0.985,0.632,0.909,0.49,-0.972,0.991,-0.959,0.932,0.992,-0.945,-0.98,-0.96,-0.301,-0.932,0.892,0.97,-0.893,0.981,-0.994,-0.893,0.98,0.994,0.813,0.935,-0.995,-0.731,-0.964,-0.983,0.638,-0.966,-0.991,-0.404,-0.897,0.599,-0.975,0.989,0.995,-0.992,0.953,0.988,0.99,-0.979,-0.874,-0.275,0.908,-0.976,-0.984,-0.999,-0.972,-0.986,-0.895,-0.945,0.975,-0.979,-0.979,-0.889,-0.77,-0.995,-0.507,6.564,5.156,10.417,10.371,10.38,10.376,10.325,10.354,6.032,5.34,10.369,10.376,6.349,6.352,10.401,10.379,EssenceCatalog/problems/csplib-prob010-SocialGolfers/params/e17d0aaf6959fdf41a9045e98bf1feb9.param
0.971,0.938,0.98,-0.982,0.735,-0.871,-0.931,0.877,0.982,-0.786,-0.977,-0.79,0.997,-0.947,-0.994,0.514,0.987,0.821,0.984,0.985,-0.998,0.024,0.995,0.962,0.979,0.96,-0.983,-0.722,0.666,-0.986,-0.799,0.92,0.986,-0.926,-0.247,0.963,0.946,-0.959,-0.768,0.512,-0.562,0.976,0.792,0.963,0.608,-0.981,0.994,-0.974,0.957,0.992,-0.986,-0.986,-0.97,0.744,-0.963,0.672,0.982,-0.977,0.983,-0.989,-0.804,0.981,0.996,0.609,0.881,-0.995,-0.649,-0.975,-0.982,0.397,-0.96,-0.992,-0.0,-0.877,0.665,-0.974,0.99,0.998,-0.993,0.963,0.985,0.993,-0.978,-0.903,0.312,0.958,-0.983,-0.983,-0.998,-0.975,-0.991,-0.928,-0.959,0.98,-0.99,-0.983,-0.724,-0.716,-0.996,-0.833,6.426,4.888,10.354,10.271,10.287,10.298,10.218,10.267,5.789,5.078,10.294,10.267,6.106,6.299,10.294,10.275,EssenceCatalog/problems/csplib-prob010-SocialGolfers/params/c275a01262fcae05f1108136b8a627fe.param
0.978,0.969,0.973,-0.954,0.56,-0.904,-0.828,0.839,0.987,-0.821,-0.942,-0.821,0.997,-0.925,-0.991,0.974,0.976,0.921,0.967,0.945,-0.998,-0.152,0.989,0.979,0.946,0.927,-0.931,-0.864,0.86,-0.984,-0.754,0.512,0.973,-0.882,-0.559,0.942,0.751,-0.949,-0.734,0.628,0.928,0.99,0.6,0.906,0.314,-0.972,0.995,-0.953,0.926,0.993,-0.956,-0.98,-0.964,-0.263,-0.954,0.95,0.964,-0.878,0.985,-0.996,-0.928,0.979,0.993,0.799,0.943,-0.997,-0.541,-0.965,-0.984,0.779,-0.968,-0.992,-0.573,-0.928,0.525,-0.97,0.991,0.995,-0.994,0.935,0.99,0.992,-0.984,-0.874,-0.022,0.879,-0.979,-0.987,-0.999,-0.979,-0.984,-0.881,-0.94,0.969,-0.976,-0.977,-0.911,-0.836,-0.994,-0.008,5.947,5.003,10.398,10.394,10.377,10.389,10.348,10.356,5.722,5.15,10.356,10.394,6.041,5.915,10.382,10.389,EssenceCatalog/problems/csplib-prob010-SocialGolfers/params/1ac0c005cf6b9c0e6468fa62e9f4dc60.param
0.969,0.967,0.973,-0.946,0.647,-0.886,-0.827,0.847,0.985,-0.859,-0.946,-0.883,0.997,-0.9,-0.992,0.959,0.969,0.937,0.961,0.955,-0.997,0.22,0.981,0.982,0.895,0.889,-0.924,-0.897,0.483,-0.985,-0.591,0.68,0.953,-0.846,-0.64,0.905,0.662,-0.942,-0.685,0.707,0.914,0.987,0.614,0.91,0.52,-0.964,0.992,-0.945,0.85,0.992,-0.871,-0.973,-0.938,-0.211,-0.923,0.964,0.953,-0.539,0.981,-0.996,-0.923,0.98,0.992,0.722,0.923,-0.994,-0.05,-0.939,-0.983,0.849,-0.968,-0.989,-0.797,-0.925,0.709,-0.97,0.989,0.995,-0.992,0.946,0.988,0.991,-0.985,-0.888,0.01,0.828,-0.977,-0.985,-0.998,-0.975,-0.971,-0.88,-0.939,0.957,-0.949,-0.978,-0.834,-0.826,-0.995,-0.022,5.881,4.806,10.374,10.367,10.369,10.374,10.341,10.345,5.663,4.967,10.351,10.362,5.979,5.637,10.353,10.352,EssenceCatalog/problems/csplib-prob010-SocialGolfers/params/a4f4eec58f722095871846df6fe1d73c.param
0.981,0.951,0.982,-0.977,0.704,-0.901,-0.916,0.837,0.978,-0.803,-0.961,-0.711,0.997,-0.946,-0.993,0.675,0.989,0.772,0.984,0.971,-0.998,0.091,0.994,0.963,0.974,0.961,-0.972,-0.728,0.956,-0.987,-0.878,0.781,0.987,-0.933,0.36,0.971,0.922,-0.958,-0.819,0.559,-0.419,0.984,0.726,0.936,0.552,-0.983,0.993,-0.973,0.968,0.993,-0.975,-0.986,-0.973,-0.068,-0.933,0.75,0.983,-0.979,0.985,-0.993,-0.868,0.98,0.996,0.835,0.938,-0.997,-0.906,-0.979,-0.985,0.41,-0.966,-0.993,0.045,-0.88,0.588,-0.98,0.99,0.997,-0.993,0.963,0.99,0.992,-0.976,-0.886,-0.327,0.958,-0.979,-0.986,-0.999,-0.973,-0.993,-0.929,-0.961,0.986,-0.991,-0.983,-0.899,-0.756,-0.996,-0.806,7.072,5.265,10.384,10.32,10.338,10.319,10.267,10.321,6.246,5.471,10.339,10.319,6.559,6.797,10.367,10.333,EssenceCatalog/problems/csplib-prob010-SocialGolfers/params/e0efa16e73263bad21eb8425e61958e1.param
0.978,0.963,0.974,-0.954,0.601,-0.902,-0.84,0.809,0.979,-0.851,-0.928,-0.801,0.997,-0.913,-0.99,0.919,0.978,0.875,0.969,0.935,-0.998,0.305,0.986,0.974,0.919,0.925,-0.914,-0.845,0.937,-0.986,-0.77,0.47,0.971,-0.886,0.106,0.94,0.73,-0.947,-0.777,0.693,0.681,0.988,0.596,0.874,0.494,-0.971,0.991,-0.953,0.928,0.993,-0.879,-0.977,-0.953,-0.697,-0.881,0.932,0.964,-0.805,0.981,-0.996,-0.926,0.98,0.993,0.875,0.954,-0.996,-0.785,-0.959,-0.983,0.726,-0.972,-0.991,-0.575,-0.914,0.626,-0.977,0.988,0.994,-0.992,0.954,0.99,0.989,-0.98,-0.871,-0.526,0.885,-0.974,-0.986,-0.999,-0.97,-0.985,-0.889,-0.946,0.975,-0.973,-0.98,-0.928,-0.809,-0.995,-0.343,6.787,5.282,10.408,10.396,10.406,10.382,10.354,10.386,6.207,5.466,10.377,10.396,6.524,6.452,10.419,10.406,EssenceCatalog/problems/csplib-prob010-SocialGolfers/params/3755ba2000f1e216cc9c3dec96d3c204.param
0.97,0.97,0.97,-0.948,0.591,-0.896,-0.823,0.86,0.989,-0.832,-0.954,-0.872,0.997,-0.916,-0.992,0.984,0.966,0.947,0.962,0.954,-0.997,-0.235,0.987,0.983,0.938,0.908,-0.938,-0.899,0.428,-0.984,-0.642,0.666,0.964,-0.858,-0.838,0.923,0.721,-0.947,-0.678,0.642,0.967,0.989,0.639,0.916,0.345,-0.967,0.995,-0.947,0.881,0.991,-0.956,-0.976,-0.957,0.219,-0.967,0.964,0.956,-0.786,0.984,-0.996,-0.921,0.979,0.992,0.657,0.919,-0.996,0.079,-0.955,-0.983,0.855,-0.966,-0.99,-0.745,-0.94,0.597,-0.962,0.99,0.995,-0.993,0.92,0.987,0.993,-0.987,-0.886,0.359,0.847,-0.981,-0.986,-0.999,-0.98,-0.975,-0.862,-0.932,0.949,-0.962,-0.976,-0.849,-0.859,-0.995,0.213,5.408,4.666,10.339,10.379,10.377,10.381,10.342,10.331,5.377,4.798,10.311,10.374,5.661,5.386,10.327,10.371,EssenceCatalog/problems/csplib-prob010-SocialGolfers/params/67e99eb93b584f749c017181b90d5e96.param
0.989,0.991,0.994,-0.989,0.987,-0.97,-0.99,0.948,0.989,-0.979,-0.989,-0.984,0.999,-0.982,-0.999,-0.926,0.997,0.937,0.996,0.939,-1.0,0.993,0.981,0.987,0.867,0.975,-0.984,-0.982,0.972,-0.998,-0.968,0.985,0.992,-0.979,0.984,0.987,0.967,-0.998,-0.982,0.977,-0.99,0.994,0.979,0.985,0.986,-0.993,0.993,-0.972,0.986,0.997,0.979,-0.991,-0.826,-0.994,0.984,0.986,0.988,0.887,0.994,-0.999,-0.992,0.995,0.998,0.987,0.992,-0.999,-0.988,-0.99,-0.99,0.978,-0.998,-0.998,-0.979,-0.988,0.985,-0.997,0.985,0.999,-0.997,0.989,0.998,0.985,-0.988,-0.983,-0.996,0.985,-0.981,-0.998,-0.999,-0.984,-0.996,-0.987,-0.998,0.995,-0.988,-0.997,-0.992,-0.98,-0.999,-0.988,9.657,5.737,10.478,10.408,10.292,10.32,10.422,10.454,7.632,5.998,10.453,10.353,8.122,7.558,10.412,10.39,EssenceCatalog/problems/csplib-prob010-SocialGolfers/params/40997635a6e5830e8b02c40b58e9cabe.param
0.939,0.966,0.978,-0.965,0.894,-0.839,-0.928,0.906,0.988,-0.874,-0.985,-0.954,0.997,-0.897,-0.996,0.787,0.978,0.958,0.97,0.985,-0.997,0.47,0.979,0.984,0.901,0.906,-0.965,-0.92,-0.961,-0.985,-0.129,0.972,0.924,-0.83,-0.937,0.865,0.865,-0.937,-0.611,0.827,0.768,0.977,0.8,0.973,0.794,-0.966,0.993,-0.96,0.684,0.99,-0.811,-0.972,-0.915,0.831,-0.936,0.951,0.975,-0.112,0.982,-0.992,-0.873,0.98,0.995,0.015,0.787,-0.985,0.881,-0.9,-0.984,0.905,-0.953,-0.989,-0.92,-0.924,0.915,-0.962,0.989,0.998,-0.99,0.966,0.983,0.992,-0.988,-0.937,0.73,0.832,-0.978,-0.984,-0.998,-0.978,-0.955,-0.933,-0.962,0.924,-0.919,-0.985,-0.107,-0.806,-0.997,-0.541,5.236,4.118,10.302,10.279,10.344,10.335,10.328,10.305,5.14,4.259,10.315,10.263,5.417,4.833,10.277,10.269,EssenceCatalog/problems/csplib-prob010-SocialGolfers/params/6af2dd447b88fc9de87e52bcd8e98223.param
0.989,0.976,0.99,-0.986,0.953,-0.944,-0.979,0.779,0.959,-0.903,-0.969,-0.708,0.998,-0.953,-0.996,-0.945,0.997,0.446,0.996,0.951,-0.999,0.914,0.994,0.913,0.954,0.969,-0.986,-0.886,0.992,-0.995,-0.957,0.944,0.993,-0.962,0.98,0.988,0.962,-0.985,-0.921,0.779,-0.995,0.982,0.923,0.978,0.921,-0.992,0.985,-0.977,0.991,0.995,0.349,-0.991,-0.959,-0.917,0.721,0.634,0.991,-0.971,0.99,-0.993,-0.93,0.985,0.998,0.954,0.973,-0.997,-0.993,-0.99,-0.986,0.587,-0.987,-0.997,-0.51,-0.912,0.937,-0.994,0.986,0.998,-0.988,0.991,0.996,0.977,-0.966,-0.955,-0.971,0.986,-0.979,-0.992,-0.999,-0.961,-0.997,-0.982,-0.992,0.997,-0.993,-0.992,-0.967,-0.866,-0.998,-0.985,9.251,5.704,10.338,10.237,10.244,10.248,10.306,10.251,7.312,5.966,10.338,10.206,7.705,7.753,10.338,10.252,EssenceCatalog/problems/csplib-prob010-SocialGolfers/params/0f5963a526183eceaacd81e4a23363b3.param
0.944,0.964,0.979,-0.959,0.808,-0.845,-0.913,0.889,0.985,-0.871,-0.976,-0.938,0.997,-0.89,-0.995,0.858,0.969,0.95,0.973,0.983,-0.997,0.45,0.985,0.982,0.892,0.894,-0.955,-0.903,-0.848,-0.984,-0.301,0.938,0.944,-0.817,-0.894,0.886,0.803,-0.936,-0.615,0.757,0.739,0.978,0.767,0.966,0.711,-0.962,0.992,-0.955,0.769,0.989,-0.851,-0.977,-0.924,0.684,-0.929,0.947,0.963,-0.196,0.979,-0.993,-0.862,0.982,0.993,0.272,0.82,-0.988,0.731,-0.927,-0.984,0.878,-0.963,-0.987,-0.884,-0.927,0.847,-0.966,0.987,0.997,-0.989,0.958,0.981,0.991,-0.986,-0.917,0.523,0.816,-0.979,-0.982,-0.998,-0.976,-0.959,-0.904,-0.949,0.926,-0.922,-0.98,-0.412,-0.812,-0.996,-0.446,5.369,4.255,10.345,10.301,10.342,10.336,10.314,10.3,5.236,4.394,10.345,10.284,5.526,4.988,10.311,10.286,EssenceCatalog/problems/csplib-prob010-SocialGolfers/params/92c1c463abb6388f8cddd9237f9d8995.param
0.956,0.969,0.978,-0.964,0.896,-0.846,-0.903,0.895,0.988,-0.881,-0.98,-0.949,0.997,-0.907,-0.996,0.888,0.973,0.959,0.968,0.979,-0.997,0.323,0.971,0.986,0.887,0.871,-0.96,-0.921,-0.908,-0.986,-0.194,0.958,0.887,-0.817,-0.922,0.854,0.81,-0.94,-0.605,0.829,0.864,0.983,0.719,0.966,0.763,-0.961,0.993,-0.956,0.648,0.99,-0.807,-0.966,-0.913,0.692,-0.936,0.965,0.959,-0.164,0.983,-0.994,-0.887,0.977,0.995,0.214,0.836,-0.99,0.835,-0.886,-0.986,0.916,-0.953,-0.988,-0.914,-0.919,0.89,-0.973,0.989,0.998,-0.991,0.962,0.985,0.993,-0.988,-0.925,0.67,0.813,-0.974,-0.985,-0.998,-0.98,-0.941,-0.917,-0.959,0.927,-0.907,-0.982,-0.38,-0.796,-0.997,-0.326,5.207,4.174,10.309,10.277,10.342,10.325,10.328,10.305,5.158,4.315,10.316,10.262,5.435,4.84,10.288,10.263,EssenceCatalog/problems/csplib-prob010-SocialGolfers/params/f71546add1513945bac43107208408f2.param
0.956,0.964,0.977,-0.954,0.709,-0.864,-0.882,0.867,0.987,-0.841,-0.966,-0.907,0.997,-0.904,-0.993,0.951,0.962,0.948,0.971,0.975,-0.997,0.001,0.986,0.982,0.918,0.892,-0.948,-0.891,-0.504,-0.982,-0.475,0.854,0.951,-0.828,-0.906,0.906,0.761,-0.937,-0.606,0.66,0.902,0.982,0.706,0.954,0.51,-0.96,0.993,-0.949,0.823,0.989,-0.933,-0.976,-0.948,0.616,-0.958,0.952,0.955,-0.571,0.979,-0.995,-0.876,0.981,0.992,0.394,0.863,-0.992,0.536,-0.939,-0.986,0.85,-0.963,-0.987,-0.807,-0.931,0.718,-0.965,0.988,0.996,-0.991,0.94,0.981,0.992,-0.985,-0.895,0.527,0.823,-0.979,-0.982,-0.998,-0.976,-0.963,-0.868,-0.934,0.932,-0.939,-0.975,-0.674,-0.832,-0.995,-0.114,5.208,4.364,10.332,10.316,10.341,10.334,10.307,10.282,5.181,4.487,10.327,10.302,5.455,5.045,10.312,10.303,EssenceCatalog/problems/csplib-prob010-SocialGolfers/params/7b47b67e382951d52c3e7fc7476381ce.param
0.989,0.991,0.994,-0.99,0.986,-0.972,-0.989,0.953,0.989,-0.979,-0.989,-0.986,0.999,-0.982,-0.999,-0.929,0.997,0.941,0.996,0.941,-1.0,0.994,0.986,0.987,0.88,0.979,-0.987,-0.983,0.978,-0.998,-0.973,0.987,0.993,-0.981,0.987,0.988,0.97,-0.998,-0.984,0.977,-0.992,0.994,0.982,0.985,0.986,-0.994,0.993,-0.972,0.988,0.997,0.979,-0.993,-0.829,-0.994,0.985,0.986,0.988,0.873,0.995,-0.999,-0.993,0.995,0.998,0.988,0.993,-0.999,-0.989,-0.992,-0.988,0.979,-0.998,-0.998,-0.981,-0.99,0.986,-0.996,0.986,0.999,-0.997,0.989,0.998,0.986,-0.989,-0.985,-0.996,0.987,-0.983,-0.998,-0.999,-0.985,-0.996,-0.989,-0.998,0.995,-0.99,-0.998,-0.993,-0.981,-0.999,-0.989,9.668,5.745,10.489,10.421,10.304,10.333,10.435,10.466,7.64,6.006,10.464,10.366,8.13,7.57,10.424,10.404,EssenceCatalog/problems/csplib-prob010-SocialGolfers/params/85b41e8dd9337f9149715662fe0be5d4.param
0.97,0.97,0.97,-0.956,0.609,-0.899,-0.836,0.868,0.991,-0.818,-0.962,-0.872,0.997,-0.926,-0.993,0.987,0.964,0.952,0.964,0.959,-0.998,-0.469,0.989,0.984,0.956,0.919,-0.953,-0.897,0.15,-0.983,-0.639,0.738,0.966,-0.866,-0.917,0.928,0.788,-0.948,-0.65,0.611,0.975,0.989,0.661,0.932,0.284,-0.968,0.996,-0.951,0.878,0.991,-0.978,-0.976,-0.963,0.574,-0.98,0.961,0.957,-0.864,0.984,-0.996,-0.913,0.978,0.992,0.523,0.905,-0.996,0.28,-0.958,-0.983,0.854,-0.962,-0.99,-0.715,-0.943,0.558,-0.957,0.991,0.995,-0.994,0.91,0.985,0.994,-0.988,-0.89,0.617,0.865,-0.981,-0.986,-0.999,-0.983,-0.975,-0.863,-0.929,0.943,-0.967,-0.974,-0.827,-0.864,-0.995,0.273,5.102,4.505,10.316,10.367,10.379,10.376,10.339,10.314,5.172,4.626,10.302,10.362,5.431,5.167,10.314,10.365,EssenceCatalog/problems/csplib-prob010-SocialGolfers/params/8f5b4bacdbcf7024648f6600bf306ba4.param
0.958,0.972,0.974,-0.955,0.812,-0.863,-0.864,0.884,0.988,-0.863,-0.97,-0.928,0.997,-0.904,-0.994,0.959,0.968,0.959,0.964,0.971,-0.997,0.073,0.977,0.986,0.893,0.865,-0.944,-0.918,-0.675,-0.985,-0.348,0.899,0.916,-0.821,-0.915,0.875,0.741,-0.939,-0.593,0.763,0.95,0.986,0.677,0.947,0.617,-0.963,0.994,-0.951,0.72,0.991,-0.878,-0.968,-0.928,0.56,-0.952,0.97,0.956,-0.377,0.984,-0.995,-0.902,0.976,0.994,0.408,0.869,-0.993,0.729,-0.91,-0.985,0.905,-0.959,-0.989,-0.884,-0.924,0.814,-0.966,0.989,0.997,-0.992,0.95,0.987,0.992,-0.988,-0.912,0.585,0.796,-0.978,-0.985,-0.998,-0.981,-0.955,-0.902,-0.95,0.931,-0.928,-0.978,-0.612,-0.819,-0.996,0.008,5.146,4.279,10.307,10.303,10.348,10.338,10.333,10.301,5.159,4.409,10.311,10.289,5.429,4.903,10.297,10.288,EssenceCatalog/problems/csplib-prob010-SocialGolfers/params/c3ebc432f1b7cf25b89b4aa1b2a99776.param
0.973,0.966,0.975,-0.953,0.62,-0.892,-0.844,0.848,0.987,-0.821,-0.95,-0.848,0.997,-0.919,-0.992,0.971,0.972,0.934,0.968,0.961,-0.997,-0.17,0.987,0.98,0.94,0.911,-0.938,-0.87,0.587,-0.983,-0.655,0.658,0.962,-0.861,-0.759,0.929,0.742,-0.941,-0.664,0.62,0.933,0.988,0.603,0.927,0.369,-0.968,0.994,-0.95,0.891,0.992,-0.952,-0.978,-0.96,0.097,-0.959,0.952,0.96,-0.826,0.984,-0.996,-0.91,0.979,0.993,0.698,0.918,-0.995,-0.145,-0.954,-0.985,0.802,-0.964,-0.99,-0.645,-0.919,0.594,-0.97,0.991,0.995,-0.993,0.939,0.988,0.992,-0.985,-0.88,0.231,0.859,-0.979,-0.985,-0.998,-0.978,-0.978,-0.879,-0.937,0.962,-0.966,-0.976,-0.86,-0.822,-0.994,0.013,5.619,4.775,10.369,10.371,10.37,10.376,10.334,10.324,5.498,4.916,10.33,10.366,5.796,5.585,10.347,10.36,EssenceCatalog/problems/csplib-prob010-SocialGolfers/params/f3628bbe60f60b1a0194b1e24a5ecb58.param
0.989,0.986,0.992,-0.984,0.976,-0.964,-0.987,0.796,0.959,-0.94,-0.973,-0.827,0.999,-0.96,-0.997,-0.982,0.998,0.53,0.997,0.934,-0.999,0.973,0.992,0.916,0.941,0.975,-0.987,-0.948,0.995,-0.996,-0.968,0.965,0.993,-0.966,0.992,0.989,0.965,-0.991,-0.944,0.872,-0.998,0.984,0.956,0.985,0.961,-0.994,0.984,-0.975,0.991,0.996,0.926,-0.992,-0.943,-0.984,0.956,0.814,0.991,-0.898,0.993,-0.995,-0.962,0.988,0.998,0.975,0.981,-0.998,-0.996,-0.992,-0.989,0.807,-0.992,-0.998,-0.805,-0.95,0.971,-0.996,0.983,0.999,-0.988,0.994,0.997,0.968,-0.968,-0.976,-0.993,0.988,-0.979,-0.995,-0.999,-0.963,-0.998,-0.99,-0.996,0.998,-0.992,-0.994,-0.983,-0.919,-0.998,-0.991,9.582,5.793,10.441,10.352,10.361,10.341,10.427,10.369,7.518,6.064,10.449,10.321,7.938,7.819,10.441,10.359,EssenceCatalog/problems/csplib-prob010-SocialGolfers/params/137ade9f1e054acaccc1ae3cf4dfeade.param
0.951,0.972,0.983,-0.964,0.868,-0.865,-0.924,0.907,0.987,-0.937,-0.981,-0.965,0.998,-0.9,-0.997,0.617,0.98,0.961,0.974,0.978,-0.998,0.867,0.979,0.987,0.801,0.909,-0.959,-0.948,-0.818,-0.99,-0.393,0.959,0.956,-0.846,-0.631,0.875,0.826,-0.967,-0.799,0.882,0.234,0.983,0.837,0.968,0.882,-0.969,0.991,-0.956,0.792,0.992,-0.205,-0.978,-0.869,0.012,-0.712,0.97,0.965,0.528,0.981,-0.996,-0.923,0.988,0.996,0.605,0.897,-0.992,0.57,-0.927,-0.984,0.931,-0.982,-0.99,-0.957,-0.956,0.934,-0.98,0.989,0.998,-0.991,0.969,0.988,0.99,-0.988,-0.939,-0.049,0.86,-0.979,-0.989,-0.998,-0.979,-0.966,-0.927,-0.971,0.941,-0.91,-0.989,-0.534,-0.872,-0.998,-0.692,6.45,4.541,10.446,10.325,10.309,10.335,10.319,10.352,5.845,4.731,10.459,10.303,6.222,5.479,10.388,10.286,EssenceCatalog/problems/csplib-prob010-SocialGolfers/params/47cb4fd3ee7091e6ed2ab661f19994c3.param
0.971,0.968,0.975,-0.954,0.612,-0.893,-0.853,0.858,0.99,-0.805,-0.958,-0.867,0.997,-0.922,-0.992,0.98,0.968,0.947,0.97,0.964,-0.997,-0.368,0.989,0.982,0.951,0.916,-0.948,-0.885,0.241,-0.981,-0.652,0.714,0.967,-0.861,-0.893,0.932,0.778,-0.944,-0.645,0.593,0.961,0.988,0.654,0.943,0.288,-0.967,0.996,-0.953,0.892,0.991,-0.971,-0.979,-0.966,0.479,-0.973,0.956,0.96,-0.842,0.984,-0.996,-0.906,0.98,0.992,0.566,0.906,-0.995,0.152,-0.958,-0.986,0.828,-0.963,-0.99,-0.678,-0.934,0.568,-0.965,0.991,0.995,-0.993,0.925,0.987,0.993,-0.986,-0.883,0.518,0.857,-0.981,-0.985,-0.998,-0.98,-0.977,-0.873,-0.935,0.953,-0.965,-0.972,-0.835,-0.848,-0.994,0.139,5.243,4.573,10.34,10.364,10.368,10.369,10.327,10.306,5.253,4.697,10.314,10.356,5.524,5.278,10.326,10.359,EssenceCatalog/problems/csplib-prob010-SocialGolfers/params/650f0995b6b8de09ae592de2d0025c96.param
0.84,0.823,-0.777,-0.977,-0.979,-0.707,0.98,0.962,0.991,-0.97,-0.93,-0.96,0.998,-0.922,-0.997,0.988,-0.901,0.978,-0.979,-0.962,-0.984,0.902,0.957,0.981,0.969,0.964,-0.957,-0.965,0.481,-0.98,-0.313,0.89,0.81,-0.958,-0.504,0.038,0.955,-0.979,-0.936,0.862,-0.406,0.986,0.803,-0.975,0.677,-0.481,0.149,0.739,-0.192,-0.394,-0.974,0.802,0.861,0.787,-0.976,0.979,-0.741,0.304,-0.93,-0.998,-0.95,0.972,-0.364,0.418,0.976,-0.999,0.195,-0.866,0.988,0.881,-0.981,0.434,-0.934,-0.991,0.341,0.968,0.867,-0.728,-0.994,-0.948,-0.913,0.994,-0.992,-0.676,0.977,0.962,-0.178,-0.989,-0.996,-0.955,-0.018,0.871,0.831,-0.934,-0.876,-0.992,0.126,-0.962,-0.995,0.896,2.799,2.103,2.956,7.161,5.769,5.437,6.187,8.733,2.724,2.265,2.912,7.155,3.131,2.525,3.513,7.298,EssenceCatalog/problems/csplib-prob010-SocialGolfers/params/ord07-15-8-2.param
0.965,0.966,0.975,-0.948,0.668,-0.876,-0.85,0.85,0.986,-0.848,-0.954,-0.89,0.997,-0.904,-0.992,0.964,0.965,0.944,0.966,0.963,-0.997,0.07,0.982,0.982,0.907,0.886,-0.931,-0.896,0.12,-0.983,-0.551,0.748,0.95,-0.841,-0.8,0.908,0.697,-0.94,-0.648,0.68,0.923,0.986,0.641,0.928,0.502,-0.961,0.992,-0.945,0.841,0.99,-0.908,-0.973,-0.946,0.133,-0.944,0.961,0.952,-0.573,0.98,-0.996,-0.91,0.98,0.992,0.629,0.905,-0.994,0.185,-0.938,-0.985,0.851,-0.966,-0.988,-0.797,-0.927,0.698,-0.969,0.989,0.995,-0.992,0.941,0.985,0.991,-0.986,-0.888,0.244,0.823,-0.977,-0.985,-0.998,-0.976,-0.967,-0.87,-0.934,0.946,-0.946,-0.976,-0.801,-0.834,-0.995,-0.013,5.558,4.619,10.358,10.346,10.35,10.356,10.321,10.315,5.438,4.764,10.337,10.339,5.737,5.367,10.333,10.33,EssenceCatalog/problems/csplib-prob010-SocialGolfers/params/2f7527805b273ffb4b938b3759a29816.param
0.952,0.97,0.974,-0.959,0.834,-0.863,-0.898,0.89,0.99,-0.836,-0.977,-0.934,0.996,-0.905,-0.995,0.965,0.966,0.963,0.969,0.979,-0.997,-0.283,0.983,0.986,0.925,0.881,-0.962,-0.913,-0.892,-0.982,-0.367,0.928,0.93,-0.823,-0.972,0.888,0.796,-0.935,-0.536,0.731,0.966,0.984,0.75,0.969,0.531,-0.965,0.996,-0.958,0.745,0.989,-0.948,-0.973,-0.946,0.876,-0.971,0.965,0.96,-0.574,0.986,-0.994,-0.867,0.974,0.993,0.023,0.819,-0.991,0.871,-0.92,-0.988,0.904,-0.951,-0.989,-0.88,-0.934,0.796,-0.96,0.99,0.997,-0.991,0.944,0.985,0.993,-0.988,-0.917,0.817,0.801,-0.981,-0.983,-0.998,-0.981,-0.953,-0.903,-0.949,0.92,-0.935,-0.974,-0.497,-0.84,-0.995,0.069,4.821,4.133,10.275,10.289,10.343,10.319,10.325,10.277,4.953,4.251,10.3,10.272,5.2,4.718,10.269,10.28,EssenceCatalog/problems/csplib-prob010-SocialGolfers/params/2242b799fe1a4d24787ad2a7a3fe39f3.param
0.963,0.974,0.974,-0.959,0.866,-0.862,-0.861,0.897,0.988,-0.898,-0.974,-0.946,0.997,-0.904,-0.996,0.915,0.979,0.962,0.959,0.965,-0.998,0.5,0.965,0.988,0.853,0.867,-0.943,-0.932,-0.704,-0.988,-0.267,0.926,0.891,-0.818,-0.832,0.843,0.764,-0.95,-0.67,0.847,0.906,0.987,0.681,0.94,0.774,-0.966,0.993,-0.955,0.666,0.992,-0.652,-0.964,-0.894,0.25,-0.905,0.976,0.963,0.01,0.986,-0.996,-0.924,0.978,0.996,0.549,0.899,-0.993,0.723,-0.887,-0.984,0.928,-0.964,-0.99,-0.925,-0.92,0.895,-0.974,0.99,0.998,-0.992,0.963,0.991,0.993,-0.988,-0.921,0.41,0.817,-0.977,-0.988,-0.998,-0.981,-0.954,-0.925,-0.964,0.941,-0.914,-0.984,-0.585,-0.8,-0.997,-0.225,5.527,4.346,10.362,10.319,10.363,10.362,10.362,10.343,5.384,4.508,10.365,10.306,5.687,5.032,10.339,10.292,EssenceCatalog/problems/csplib-prob010-SocialGolfers/params/c8f2463b00ec38ebed5e2a7eb2047396.param
0.976,0.969,0.971,-0.951,0.554,-0.903,-0.818,0.848,0.988,-0.823,-0.946,-0.84,0.997,-0.922,-0.992,0.982,0.973,0.93,0.964,0.946,-0.998,-0.217,0.989,0.981,0.947,0.924,-0.933,-0.877,0.793,-0.984,-0.73,0.539,0.971,-0.876,-0.684,0.938,0.738,-0.949,-0.718,0.626,0.951,0.99,0.609,0.903,0.305,-0.971,0.995,-0.951,0.916,0.993,-0.961,-0.979,-0.963,-0.108,-0.963,0.957,0.962,-0.865,0.985,-0.997,-0.928,0.979,0.993,0.759,0.937,-0.997,-0.377,-0.963,-0.983,0.81,-0.967,-0.991,-0.635,-0.934,0.534,-0.965,0.991,0.995,-0.994,0.928,0.989,0.993,-0.985,-0.879,0.123,0.872,-0.98,-0.987,-0.999,-0.98,-0.982,-0.873,-0.936,0.964,-0.974,-0.977,-0.899,-0.846,-0.994,0.106,5.746,4.904,10.376,10.394,10.379,10.388,10.348,10.351,5.601,5.044,10.337,10.391,5.911,5.743,10.36,10.387,EssenceCatalog/problems/csplib-prob010-SocialGolfers/params/65d40324ef7cbbb4bb62479d04485374.param
0.975,0.969,0.968,-0.944,0.592,-0.9,-0.811,0.847,0.987,-0.84,-0.942,-0.866,0.997,-0.911,-0.992,0.981,0.973,0.94,0.959,0.945,-0.998,-0.057,0.985,0.982,0.929,0.907,-0.925,-0.892,0.721,-0.985,-0.67,0.555,0.965,-0.865,-0.686,0.924,0.666,-0.947,-0.703,0.664,0.962,0.991,0.614,0.896,0.377,-0.971,0.995,-0.947,0.894,0.993,-0.934,-0.977,-0.954,-0.204,-0.951,0.966,0.96,-0.767,0.985,-0.997,-0.934,0.978,0.993,0.766,0.938,-0.996,-0.211,-0.953,-0.983,0.845,-0.968,-0.991,-0.739,-0.935,0.611,-0.967,0.991,0.995,-0.994,0.932,0.99,0.992,-0.986,-0.887,0.075,0.843,-0.98,-0.987,-0.999,-0.979,-0.979,-0.882,-0.941,0.961,-0.965,-0.978,-0.882,-0.849,-0.995,0.171,5.773,4.874,10.369,10.394,10.386,10.393,10.357,10.358,5.623,5.02,10.341,10.391,5.931,5.685,10.359,10.384,EssenceCatalog/problems/csplib-prob010-SocialGolfers/params/d7abd9f720288ca39679f8253345a29f.param
0.956,0.966,0.977,-0.951,0.721,-0.865,-0.877,0.868,0.987,-0.848,-0.965,-0.913,0.997,-0.901,-0.993,0.951,0.964,0.952,0.97,0.974,-0.997,0.079,0.984,0.983,0.907,0.884,-0.946,-0.901,-0.522,-0.982,-0.461,0.851,0.947,-0.826,-0.899,0.9,0.744,-0.938,-0.611,0.688,0.913,0.983,0.697,0.953,0.532,-0.961,0.993,-0.949,0.813,0.989,-0.912,-0.976,-0.944,0.549,-0.949,0.958,0.954,-0.48,0.981,-0.995,-0.887,0.981,0.992,0.43,0.87,-0.992,0.564,-0.933,-0.986,0.866,-0.964,-0.988,-0.836,-0.929,0.747,-0.967,0.988,0.996,-0.991,0.944,0.983,0.991,-0.986,-0.898,0.495,0.813,-0.979,-0.983,-0.998,-0.976,-0.961,-0.877,-0.939,0.935,-0.935,-0.975,-0.673,-0.838,-0.995,-0.095,5.246,4.368,10.338,10.32,10.343,10.34,10.314,10.291,5.209,4.493,10.332,10.305,5.489,5.04,10.317,10.305,EssenceCatalog/problems/csplib-prob010-SocialGolfers/params/a2a2350b9decac3c2d57f3aea58e400b.param
0.98,0.969,0.97,-0.953,0.533,-0.909,-0.806,0.835,0.987,-0.833,-0.937,-0.816,0.997,-0.925,-0.992,0.977,0.977,0.914,0.963,0.931,-0.998,-0.102,0.989,0.979,0.947,0.933,-0.924,-0.868,0.92,-0.985,-0.78,0.424,0.975,-0.89,-0.402,0.943,0.737,-0.951,-0.762,0.652,0.928,0.991,0.59,0.877,0.323,-0.974,0.995,-0.951,0.933,0.993,-0.952,-0.979,-0.963,-0.448,-0.951,0.953,0.965,-0.886,0.985,-0.997,-0.938,0.979,0.993,0.839,0.953,-0.997,-0.657,-0.966,-0.982,0.781,-0.97,-0.992,-0.576,-0.932,0.525,-0.969,0.991,0.995,-0.994,0.932,0.99,0.992,-0.984,-0.875,-0.15,0.887,-0.979,-0.988,-0.999,-0.979,-0.986,-0.879,-0.94,0.972,-0.978,-0.979,-0.928,-0.843,-0.995,0.014,6.115,5.096,10.389,10.399,10.386,10.391,10.354,10.373,5.836,5.25,10.352,10.401,6.155,6.047,10.389,10.399,EssenceCatalog/problems/csplib-prob010-SocialGolfers/params/ded5859998a52579eda29f00629c3e24.param
0.972,0.968,0.974,-0.952,0.605,-0.892,-0.843,0.853,0.988,-0.816,-0.952,-0.856,0.997,-0.92,-0.992,0.975,0.971,0.94,0.968,0.961,-0.997,-0.216,0.988,0.981,0.942,0.911,-0.941,-0.879,0.483,-0.983,-0.654,0.67,0.965,-0.862,-0.816,0.929,0.75,-0.943,-0.661,0.617,0.949,0.988,0.62,0.933,0.344,-0.968,0.995,-0.951,0.892,0.992,-0.958,-0.979,-0.961,0.219,-0.963,0.955,0.96,-0.815,0.984,-0.996,-0.911,0.98,0.993,0.664,0.915,-0.995,-0.028,-0.957,-0.985,0.816,-0.965,-0.991,-0.669,-0.925,0.585,-0.967,0.991,0.995,-0.993,0.934,0.988,0.993,-0.985,-0.883,0.326,0.854,-0.98,-0.985,-0.998,-0.979,-0.978,-0.879,-0.937,0.958,-0.965,-0.974,-0.85,-0.834,-0.994,0.068,5.488,4.706,10.358,10.372,10.371,10.377,10.333,10.321,5.415,4.84,10.322,10.367,5.705,5.473,10.339,10.364,EssenceCatalog/problems/csplib-prob010-SocialGolfers/params/496fc489516555b38c8e5a230b4a4dfc.param
0.97,0.946,0.982,-0.976,0.803,-0.876,-0.924,0.858,0.974,-0.86,-0.969,-0.812,0.997,-0.925,-0.993,0.074,0.987,0.793,0.983,0.979,-0.997,0.531,0.991,0.959,0.944,0.939,-0.973,-0.77,0.652,-0.987,-0.74,0.916,0.978,-0.903,0.215,0.946,0.917,-0.955,-0.797,0.652,-0.775,0.973,0.76,0.954,0.753,-0.975,0.987,-0.971,0.934,0.992,-0.894,-0.982,-0.941,0.12,-0.843,0.741,0.977,-0.895,0.979,-0.99,-0.83,0.982,0.996,0.729,0.897,-0.992,-0.7,-0.963,-0.982,0.56,-0.964,-0.992,-0.38,-0.869,0.796,-0.983,0.985,0.997,-0.988,0.973,0.987,0.989,-0.974,-0.899,-0.293,0.938,-0.977,-0.979,-0.998,-0.964,-0.988,-0.934,-0.966,0.979,-0.978,-0.983,-0.762,-0.681,-0.996,-0.878,7.35,5.156,10.379,10.288,10.307,10.337,10.261,10.325,6.309,5.367,10.346,10.289,6.636,6.766,10.358,10.323,EssenceCatalog/problems/csplib-prob010-SocialGolfers/params/52c59e20759f6f7dd170b0d900390e7f.param
0.982,0.969,0.972,-0.958,0.569,-0.911,-0.819,0.828,0.986,-0.83,-0.939,-0.801,0.997,-0.931,-0.992,0.972,0.979,0.905,0.966,0.932,-0.998,-0.104,0.988,0.979,0.951,0.938,-0.928,-0.858,0.934,-0.986,-0.79,0.442,0.975,-0.897,-0.316,0.947,0.767,-0.951,-0.77,0.65,0.904,0.991,0.587,0.881,0.338,-0.974,0.995,-0.953,0.937,0.994,-0.955,-0.979,-0.966,-0.486,-0.95,0.946,0.967,-0.911,0.985,-0.997,-0.936,0.979,0.993,0.852,0.955,-0.997,-0.727,-0.967,-0.983,0.757,-0.969,-0.992,-0.512,-0.927,0.512,-0.973,0.992,0.995,-0.995,0.938,0.991,0.992,-0.984,-0.871,-0.189,0.896,-0.977,-0.988,-0.999,-0.979,-0.986,-0.885,-0.941,0.974,-0.98,-0.979,-0.932,-0.839,-0.995,-0.074,6.215,5.139,10.41,10.406,10.397,10.4,10.364,10.384,5.892,5.299,10.371,10.41,6.211,6.136,10.411,10.408,EssenceCatalog/problems/csplib-prob010-SocialGolfers/params/2063c398a435673b379ac890bb0d4497.param
0.974,0.84,-0.509,-0.977,0.104,-0.873,0.984,0.822,0.99,-0.985,-0.96,-0.866,0.999,-0.974,-0.999,0.914,-0.119,0.935,-0.988,-0.988,-0.997,0.62,-0.986,0.984,0.969,0.938,-0.946,-0.981,0.716,-0.986,0.846,0.971,-0.966,-0.981,0.672,-0.762,0.976,-0.944,-0.882,0.977,-0.2,0.992,-0.817,-0.995,0.957,0.332,-0.787,0.229,-0.969,0.162,-0.692,0.991,0.922,-0.912,-0.936,0.978,-0.576,-0.206,-0.945,-0.998,-0.991,0.87,-0.197,0.76,0.969,-0.998,-0.239,0.823,0.984,0.893,-0.545,0.694,-0.886,-0.756,0.884,0.357,0.979,-0.796,-0.996,-0.078,-0.356,0.994,-0.99,-0.823,0.988,0.975,0.913,-0.996,-0.998,-0.861,0.89,0.258,0.617,-0.591,-0.375,-0.995,0.168,-0.868,-0.997,0.853,2.902,1.946,2.245,5.85,5.3,4.523,5.671,8.411,2.718,2.25,2.267,5.645,3.076,2.45,2.927,5.925,EssenceCatalog/problems/csplib-prob010-SocialGolfers/params/364811af5cc2d6aecb3c72f28b4c4c5e.param
0.982,0.968,0.969,-0.951,0.539,-0.911,-0.805,0.822,0.985,-0.842,-0.928,-0.807,0.997,-0.924,-0.992,0.973,0.978,0.903,0.962,0.92,-0.998,0.005,0.988,0.978,0.941,0.935,-0.916,-0.864,0.951,-0.986,-0.799,0.344,0.976,-0.895,-0.178,0.946,0.722,-0.953,-0.779,0.666,0.906,0.992,0.603,0.857,0.339,-0.975,0.994,-0.95,0.941,0.994,-0.938,-0.979,-0.963,-0.631,-0.934,0.952,0.966,-0.885,0.984,-0.997,-0.943,0.978,0.993,0.874,0.961,-0.997,-0.766,-0.968,-0.982,0.768,-0.972,-0.992,-0.578,-0.933,0.53,-0.971,0.991,0.994,-0.994,0.936,0.991,0.991,-0.983,-0.873,-0.336,0.889,-0.977,-0.989,-0.999,-0.977,-0.987,-0.881,-0.944,0.975,-0.979,-0.98,-0.94,-0.849,-0.995,-0.055,6.361,5.203,10.39,10.398,10.392,10.388,10.352,10.379,5.986,5.366,10.359,10.402,6.304,6.221,10.404,10.403,EssenceCatalog/problems/csplib-prob010-SocialGolfers/params/132b46ee9e38545e0d8b67765a08af80.param
0.964,0.966,0.975,-0.946,0.652,-0.875,-0.848,0.852,0.985,-0.85,-0.952,-0.889,0.997,-0.9,-0.992,0.959,0.966,0.942,0.966,0.963,-0.997,0.158,0.983,0.982,0.899,0.884,-0.929,-0.894,0.181,-0.984,-0.558,0.737,0.953,-0.837,-0.761,0.907,0.689,-0.94,-0.66,0.685,0.91,0.986,0.641,0.927,0.51,-0.961,0.992,-0.946,0.847,0.991,-0.892,-0.975,-0.943,0.062,-0.934,0.96,0.953,-0.527,0.98,-0.996,-0.909,0.981,0.992,0.65,0.907,-0.993,0.147,-0.939,-0.985,0.847,-0.968,-0.989,-0.801,-0.925,0.708,-0.969,0.988,0.995,-0.991,0.943,0.985,0.991,-0.985,-0.887,0.168,0.821,-0.978,-0.984,-0.998,-0.975,-0.968,-0.872,-0.936,0.949,-0.945,-0.976,-0.8,-0.832,-0.995,-0.056,5.651,4.657,10.362,10.347,10.349,10.355,10.317,10.315,5.497,4.806,10.338,10.339,5.802,5.428,10.333,10.33,EssenceCatalog/problems/csplib-prob010-SocialGolfers/params/edfd9f9baabea882326420d872ffdc2b.param
0.947,0.96,0.978,-0.961,0.775,-0.853,-0.907,0.88,0.987,-0.843,-0.974,-0.919,0.997,-0.905,-0.994,0.91,0.965,0.948,0.974,0.983,-0.997,0.073,0.987,0.981,0.929,0.9,-0.961,-0.883,-0.793,-0.983,-0.376,0.923,0.95,-0.831,-0.929,0.901,0.819,-0.934,-0.578,0.676,0.819,0.979,0.748,0.966,0.6,-0.962,0.993,-0.953,0.807,0.988,-0.939,-0.977,-0.944,0.807,-0.962,0.937,0.962,-0.551,0.978,-0.993,-0.84,0.981,0.992,0.191,0.814,-0.989,0.704,-0.936,-0.985,0.844,-0.957,-0.987,-0.82,-0.926,0.775,-0.961,0.987,0.997,-0.99,0.946,0.977,0.992,-0.986,-0.908,0.661,0.832,-0.979,-0.98,-0.998,-0.975,-0.961,-0.887,-0.939,0.924,-0.938,-0.977,-0.486,-0.816,-0.995,-0.312,5.135,4.241,10.323,10.301,10.35,10.331,10.314,10.283,5.106,4.364,10.329,10.288,5.37,4.943,10.302,10.291,EssenceCatalog/problems/csplib-prob010-SocialGolfers/params/e4d3005a91c7822d66df325b35dc10e2.param
0.419,0.962,-0.993,-0.979,-0.992,-0.73,0.993,0.981,0.971,-0.939,-0.87,-0.942,0.991,-0.887,-0.997,0.951,0.974,0.957,-0.991,-0.835,-0.996,0.912,0.999,0.984,0.962,0.971,-0.976,-0.95,0.984,-0.99,-0.884,0.52,0.996,-0.969,0.896,-0.501,0.935,-0.966,-0.955,0.499,0.946,0.994,0.751,-0.986,0.03,-0.994,0.997,-0.934,0.92,0.99,-0.949,-0.59,0.907,0.97,-0.983,0.966,0.986,-0.958,0.989,-0.994,-0.964,0.883,0.99,0.956,0.979,-0.997,0.911,-0.965,0.993,0.851,-0.942,-0.994,-0.94,-0.94,0.835,0.987,0.983,0.995,-0.987,-0.822,0.984,0.995,-0.98,-0.935,0.923,0.952,-0.988,-0.979,-0.994,-0.99,-0.992,-0.93,-0.972,0.276,-0.995,-0.988,0.926,-0.706,-0.993,0.868,4.028,3.392,4.756,9.94,10.295,10.266,10.41,10.512,4.017,3.537,4.768,9.982,4.594,4.174,5.701,9.961,EssenceCatalog/problems/csplib-prob010-SocialGolfers/params/c786e03fc153c2ca34ba720f073ea2e0.param
0.961,0.969,0.969,-0.956,0.717,-0.879,-0.881,0.882,0.991,-0.795,-0.971,-0.904,0.996,-0.915,-0.994,0.982,0.969,0.963,0.969,0.974,-0.997,-0.47,0.989,0.985,0.953,0.911,-0.96,-0.899,-0.62,-0.981,-0.522,0.845,0.963,-0.848,-0.967,0.919,0.797,-0.939,-0.566,0.636,0.98,0.987,0.736,0.961,0.32,-0.97,0.997,-0.959,0.854,0.991,-0.975,-0.98,-0.962,0.843,-0.98,0.961,0.964,-0.808,0.988,-0.995,-0.887,0.978,0.993,0.251,0.861,-0.994,0.722,-0.95,-0.987,0.875,-0.957,-0.99,-0.797,-0.935,0.67,-0.955,0.991,0.997,-0.993,0.925,0.987,0.994,-0.987,-0.903,0.792,0.839,-0.984,-0.985,-0.998,-0.983,-0.971,-0.898,-0.945,0.937,-0.958,-0.972,-0.697,-0.857,-0.995,0.222,4.834,4.261,10.302,10.34,10.376,10.359,10.35,10.296,4.984,4.371,10.318,10.327,5.227,4.855,10.307,10.334,EssenceCatalog/problems/csplib-prob010-SocialGolfers/params/715971b88a447d3ff6b37145dd7f3a1a.param
0.963,0.966,0.976,-0.949,0.688,-0.874,-0.856,0.854,0.986,-0.85,-0.957,-0.893,0.997,-0.903,-0.992,0.953,0.966,0.943,0.968,0.967,-0.997,0.138,0.982,0.982,0.904,0.883,-0.936,-0.894,-0.018,-0.984,-0.518,0.783,0.947,-0.836,-0.804,0.904,0.715,-0.938,-0.642,0.689,0.904,0.985,0.64,0.936,0.534,-0.96,0.992,-0.946,0.828,0.99,-0.898,-0.974,-0.942,0.202,-0.939,0.958,0.953,-0.532,0.98,-0.995,-0.903,0.98,0.992,0.602,0.896,-0.993,0.269,-0.936,-0.985,0.85,-0.965,-0.988,-0.801,-0.922,0.72,-0.969,0.988,0.995,-0.991,0.946,0.984,0.991,-0.985,-0.89,0.26,0.822,-0.977,-0.984,-0.998,-0.975,-0.965,-0.874,-0.936,0.945,-0.942,-0.976,-0.767,-0.827,-0.995,-0.086,5.544,4.573,10.36,10.339,10.351,10.354,10.319,10.31,5.416,4.719,10.342,10.331,5.713,5.322,10.335,10.322,EssenceCatalog/problems/csplib-prob010-SocialGolfers/params/313c52c2a95e19b76bc6680cb6810d01.param
0.971,0.97,0.969,-0.948,0.569,-0.895,-0.809,0.859,0.988,-0.836,-0.95,-0.867,0.997,-0.915,-0.992,0.982,0.967,0.943,0.959,0.95,-0.998,-0.152,0.987,0.983,0.935,0.909,-0.931,-0.895,0.562,-0.984,-0.653,0.628,0.966,-0.863,-0.78,0.922,0.712,-0.947,-0.698,0.651,0.96,0.99,0.631,0.903,0.357,-0.967,0.995,-0.946,0.888,0.992,-0.947,-0.976,-0.955,0.064,-0.962,0.963,0.957,-0.778,0.983,-0.996,-0.926,0.98,0.992,0.705,0.928,-0.996,-0.062,-0.956,-0.982,0.846,-0.968,-0.99,-0.742,-0.937,0.605,-0.962,0.991,0.995,-0.993,0.923,0.987,0.992,-0.986,-0.883,0.254,0.851,-0.98,-0.986,-0.999,-0.98,-0.977,-0.864,-0.933,0.953,-0.964,-0.977,-0.858,-0.854,-0.995,0.178,5.561,4.753,10.349,10.387,10.383,10.386,10.349,10.346,5.479,4.891,10.318,10.383,5.773,5.515,10.337,10.38,EssenceCatalog/problems/csplib-prob010-SocialGolfers/params/766d162388edb0f009503f5f839fb5e2.param
0.972,0.969,0.971,-0.948,0.61,-0.895,-0.827,0.851,0.988,-0.832,-0.952,-0.87,0.997,-0.916,-0.992,0.984,0.969,0.945,0.963,0.953,-0.997,-0.214,0.985,0.983,0.937,0.908,-0.934,-0.895,0.524,-0.984,-0.65,0.639,0.963,-0.864,-0.81,0.924,0.706,-0.946,-0.674,0.64,0.967,0.99,0.627,0.914,0.351,-0.968,0.995,-0.948,0.884,0.992,-0.953,-0.976,-0.958,0.092,-0.964,0.964,0.958,-0.8,0.984,-0.997,-0.924,0.979,0.992,0.688,0.925,-0.996,-0.018,-0.953,-0.985,0.849,-0.966,-0.991,-0.735,-0.936,0.601,-0.966,0.991,0.995,-0.993,0.925,0.989,0.992,-0.987,-0.884,0.299,0.845,-0.98,-0.987,-0.999,-0.98,-0.976,-0.872,-0.935,0.956,-0.964,-0.976,-0.865,-0.852,-0.995,0.204,5.504,4.727,10.352,10.383,10.379,10.384,10.348,10.339,5.442,4.862,10.323,10.378,5.733,5.472,10.34,10.373,EssenceCatalog/problems/csplib-prob010-SocialGolfers/params/f33849f47d88d13302df40fba7ccf25c.param
0.971,0.968,0.971,-0.952,0.684,-0.888,-0.826,0.85,0.979,-0.904,-0.936,-0.886,0.998,-0.9,-0.993,0.839,0.977,0.914,0.958,0.934,-0.998,0.721,0.981,0.981,0.82,0.897,-0.908,-0.907,0.8,-0.989,-0.666,0.68,0.963,-0.865,0.18,0.901,0.673,-0.956,-0.795,0.804,0.56,0.987,0.665,0.883,0.708,-0.967,0.988,-0.944,0.88,0.993,-0.447,-0.972,-0.895,-0.77,-0.673,0.957,0.955,-0.156,0.98,-0.996,-0.943,0.983,0.994,0.87,0.954,-0.995,-0.56,-0.943,-0.98,0.851,-0.98,-0.991,-0.848,-0.922,0.815,-0.977,0.987,0.996,-0.991,0.96,0.99,0.988,-0.983,-0.891,-0.616,0.858,-0.976,-0.988,-0.999,-0.97,-0.978,-0.9,-0.961,0.968,-0.95,-0.985,-0.884,-0.822,-0.996,-0.402,7.169,5.241,10.407,10.383,10.388,10.349,10.35,10.392,6.409,5.45,10.382,10.369,6.753,6.404,10.388,10.383,EssenceCatalog/problems/csplib-prob010-SocialGolfers/params/e73b3e21fe40cf7fd90823387bf77aee.param
0.97,0.967,0.973,-0.945,0.638,-0.886,-0.829,0.846,0.983,-0.86,-0.944,-0.879,0.997,-0.898,-0.991,0.953,0.97,0.933,0.962,0.953,-0.997,0.28,0.982,0.981,0.89,0.889,-0.921,-0.893,0.56,-0.985,-0.605,0.661,0.955,-0.846,-0.569,0.907,0.657,-0.943,-0.695,0.707,0.895,0.987,0.616,0.909,0.527,-0.964,0.992,-0.945,0.858,0.992,-0.856,-0.974,-0.937,-0.3,-0.912,0.961,0.954,-0.524,0.981,-0.996,-0.923,0.98,0.993,0.746,0.926,-0.994,-0.141,-0.94,-0.983,0.841,-0.97,-0.99,-0.79,-0.923,0.709,-0.971,0.989,0.995,-0.992,0.947,0.988,0.991,-0.984,-0.886,-0.091,0.829,-0.977,-0.985,-0.998,-0.974,-0.973,-0.882,-0.941,0.959,-0.95,-0.979,-0.844,-0.822,-0.995,-0.072,6.024,4.872,10.383,10.37,10.371,10.375,10.339,10.348,5.748,5.038,10.357,10.365,6.068,5.742,10.363,10.357,EssenceCatalog/problems/csplib-prob010-SocialGolfers/params/8b682d565b419740fb92084ea8959295.param
0.176,0.95,-0.998,-0.975,-0.988,-0.761,0.998,0.981,0.973,-0.939,-0.891,-0.937,0.99,-0.899,-0.997,0.978,0.985,0.975,-0.998,-0.928,-0.996,0.878,0.991,0.991,0.964,0.97,-0.977,-0.968,0.948,-0.986,-0.676,0.637,0.977,-0.962,0.875,-0.863,0.922,-0.944,-0.953,0.618,0.99,0.994,0.301,-0.996,0.294,-0.991,0.997,-0.967,0.706,0.989,-0.958,0.154,0.976,0.985,-0.989,0.979,0.988,-0.968,0.988,-0.993,-0.97,0.715,0.992,0.959,0.97,-0.997,0.985,-0.857,0.997,0.888,-0.807,-0.991,-0.945,-0.842,0.89,0.993,0.983,0.996,-0.985,-0.879,0.991,0.996,-0.984,-0.938,0.984,0.952,-0.982,-0.983,-0.992,-0.985,-0.974,-0.948,-0.98,0.154,-0.992,-0.985,0.984,-0.606,-0.995,0.96,3.842,3.207,4.357,9.723,10.188,10.093,10.3,10.444,3.831,3.401,4.354,9.721,4.437,3.975,5.339,9.739,EssenceCatalog/problems/csplib-prob010-SocialGolfers/params/31cd1cb98198d673d078f0cbaf3245d2.param
0.984,0.969,0.97,-0.957,0.56,-0.916,-0.818,0.814,0.983,-0.844,-0.925,-0.778,0.997,-0.931,-0.992,0.96,0.982,0.876,0.966,0.911,-0.998,0.088,0.989,0.976,0.947,0.945,-0.919,-0.851,0.977,-0.987,-0.841,0.296,0.98,-0.908,0.148,0.955,0.765,-0.955,-0.815,0.682,0.836,0.992,0.609,0.851,0.364,-0.978,0.994,-0.953,0.955,0.994,-0.933,-0.981,-0.966,-0.748,-0.915,0.94,0.97,-0.916,0.985,-0.997,-0.945,0.978,0.994,0.908,0.968,-0.998,-0.874,-0.973,-0.982,0.728,-0.974,-0.993,-0.483,-0.929,0.525,-0.974,0.991,0.995,-0.995,0.944,0.992,0.991,-0.982,-0.87,-0.519,0.908,-0.976,-0.989,-0.999,-0.976,-0.99,-0.895,-0.949,0.98,-0.984,-0.982,-0.954,-0.847,-0.995,-0.218,6.664,5.323,10.406,10.419,10.426,10.403,10.376,10.402,6.166,5.497,10.379,10.423,6.478,6.46,10.436,10.43,EssenceCatalog/problems/csplib-prob010-SocialGolfers/params/4bd7f58f1259c39c88d3e10e543bfcd3.param
0.98,0.969,0.969,-0.954,0.532,-0.909,-0.796,0.836,0.986,-0.834,-0.936,-0.814,0.997,-0.927,-0.992,0.976,0.977,0.912,0.961,0.927,-0.998,-0.082,0.988,0.98,0.947,0.935,-0.925,-0.869,0.919,-0.985,-0.778,0.421,0.975,-0.893,-0.382,0.943,0.746,-0.952,-0.767,0.651,0.924,0.991,0.593,0.868,0.328,-0.973,0.995,-0.951,0.935,0.993,-0.951,-0.978,-0.963,-0.454,-0.952,0.953,0.965,-0.889,0.984,-0.997,-0.939,0.979,0.993,0.844,0.955,-0.997,-0.671,-0.966,-0.982,0.779,-0.97,-0.992,-0.584,-0.931,0.528,-0.968,0.991,0.995,-0.995,0.931,0.99,0.992,-0.985,-0.873,-0.136,0.89,-0.978,-0.988,-0.999,-0.979,-0.986,-0.877,-0.94,0.972,-0.979,-0.98,-0.925,-0.845,-0.995,-0.0,6.132,5.102,10.39,10.404,10.394,10.396,10.361,10.382,5.847,5.257,10.353,10.408,6.164,6.06,10.39,10.406,EssenceCatalog/problems/csplib-prob010-SocialGolfers/params/b54f500367539be59cd21d120e5589db.param
0.958,0.963,0.977,-0.95,0.666,-0.866,-0.871,0.86,0.985,-0.839,-0.958,-0.894,0.997,-0.902,-0.992,0.946,0.964,0.941,0.971,0.972,-0.997,0.134,0.986,0.981,0.907,0.888,-0.94,-0.885,-0.151,-0.982,-0.526,0.799,0.955,-0.832,-0.832,0.91,0.732,-0.937,-0.634,0.654,0.876,0.983,0.683,0.945,0.504,-0.961,0.992,-0.948,0.846,0.99,-0.915,-0.977,-0.945,0.37,-0.944,0.95,0.955,-0.548,0.98,-0.995,-0.884,0.981,0.992,0.545,0.883,-0.992,0.309,-0.943,-0.985,0.833,-0.966,-0.988,-0.786,-0.923,0.705,-0.967,0.988,0.995,-0.991,0.942,0.983,0.991,-0.984,-0.889,0.312,0.821,-0.979,-0.982,-0.998,-0.975,-0.968,-0.87,-0.935,0.942,-0.944,-0.975,-0.734,-0.825,-0.995,-0.164,5.471,4.52,10.355,10.328,10.337,10.341,10.298,10.288,5.35,4.657,10.337,10.317,5.643,5.266,10.327,10.312,EssenceCatalog/problems/csplib-prob010-SocialGolfers/params/d189b903af3512db2d1bcdc9ed3f3870.param
0.961,0.969,0.965,-0.957,0.702,-0.879,-0.873,0.885,0.991,-0.787,-0.97,-0.903,0.996,-0.914,-0.994,0.984,0.971,0.965,0.966,0.971,-0.997,-0.518,0.99,0.985,0.956,0.914,-0.96,-0.9,-0.601,-0.98,-0.538,0.842,0.965,-0.855,-0.97,0.917,0.802,-0.941,-0.566,0.628,0.984,0.988,0.747,0.958,0.288,-0.972,0.997,-0.96,0.86,0.991,-0.978,-0.98,-0.962,0.862,-0.983,0.962,0.967,-0.84,0.989,-0.995,-0.892,0.977,0.993,0.253,0.868,-0.994,0.736,-0.954,-0.986,0.878,-0.955,-0.991,-0.8,-0.934,0.666,-0.95,0.991,0.997,-0.993,0.919,0.988,0.994,-0.987,-0.905,0.811,0.842,-0.985,-0.985,-0.998,-0.984,-0.973,-0.908,-0.948,0.937,-0.962,-0.972,-0.699,-0.857,-0.995,0.277,4.8,4.258,10.295,10.348,10.383,10.366,10.357,10.3,4.969,4.368,10.313,10.334,5.208,4.844,10.305,10.342,EssenceCatalog/problems/csplib-prob010-SocialGolfers/params/27bec11dc8f7019638bb8eaf6b1a59ac.param
0.964,0.966,0.973,-0.963,0.729,-0.89,-0.891,0.879,0.992,-0.797,-0.976,-0.897,0.996,-0.928,-0.994,0.983,0.962,0.962,0.971,0.975,-0.997,-0.61,0.989,0.985,0.966,0.921,-0.97,-0.896,-0.689,-0.98,-0.548,0.876,0.963,-0.863,-0.975,0.924,0.849,-0.943,-0.561,0.598,0.975,0.986,0.744,0.967,0.298,-0.968,0.997,-0.958,0.853,0.989,-0.986,-0.977,-0.968,0.903,-0.986,0.952,0.96,-0.879,0.985,-0.995,-0.879,0.977,0.992,0.1,0.849,-0.994,0.729,-0.951,-0.987,0.86,-0.954,-0.989,-0.751,-0.941,0.636,-0.955,0.991,0.996,-0.994,0.914,0.983,0.994,-0.988,-0.899,0.86,0.867,-0.982,-0.985,-0.998,-0.982,-0.968,-0.88,-0.937,0.931,-0.961,-0.972,-0.698,-0.867,-0.995,0.239,4.753,4.232,10.294,10.33,10.365,10.344,10.341,10.29,4.927,4.338,10.315,10.315,5.171,4.819,10.301,10.322,EssenceCatalog/problems/csplib-prob010-SocialGolfers/params/fb41f07f0a66d5e6444d0bda8b4ca8f4.param
0.976,0.968,0.975,-0.955,0.582,-0.901,-0.838,0.843,0.988,-0.815,-0.95,-0.834,0.997,-0.927,-0.992,0.977,0.973,0.929,0.969,0.953,-0.998,-0.252,0.989,0.98,0.951,0.925,-0.94,-0.87,0.731,-0.983,-0.72,0.602,0.97,-0.878,-0.725,0.939,0.773,-0.947,-0.703,0.605,0.937,0.989,0.616,0.921,0.307,-0.969,0.995,-0.952,0.914,0.992,-0.966,-0.979,-0.966,0.029,-0.965,0.95,0.962,-0.881,0.984,-0.996,-0.919,0.98,0.993,0.73,0.93,-0.996,-0.351,-0.962,-0.985,0.785,-0.966,-0.991,-0.587,-0.928,0.526,-0.969,0.991,0.995,-0.994,0.931,0.988,0.993,-0.985,-0.875,0.212,0.877,-0.979,-0.986,-0.999,-0.98,-0.982,-0.872,-0.935,0.964,-0.973,-0.975,-0.89,-0.837,-0.994,0.026,5.685,4.86,10.387,10.39,10.377,10.386,10.345,10.344,5.549,4.999,10.341,10.386,5.854,5.699,10.363,10.382,EssenceCatalog/problems/csplib-prob010-SocialGolfers/params/ebcf497d0a2f3f8b77fbee106806c39e.param
0.979,0.968,0.973,-0.953,0.548,-0.906,-0.825,0.833,0.986,-0.822,-0.938,-0.815,0.997,-0.925,-0.991,0.974,0.976,0.917,0.968,0.939,-0.998,-0.12,0.989,0.979,0.946,0.93,-0.927,-0.862,0.897,-0.985,-0.774,0.461,0.975,-0.885,-0.47,0.945,0.746,-0.949,-0.748,0.632,0.921,0.99,0.601,0.899,0.314,-0.972,0.995,-0.952,0.933,0.993,-0.953,-0.98,-0.965,-0.379,-0.949,0.95,0.965,-0.882,0.985,-0.997,-0.931,0.98,0.993,0.824,0.948,-0.997,-0.627,-0.966,-0.984,0.772,-0.97,-0.992,-0.557,-0.929,0.516,-0.971,0.991,0.995,-0.994,0.935,0.99,0.992,-0.984,-0.871,-0.118,0.882,-0.979,-0.987,-0.999,-0.978,-0.985,-0.881,-0.94,0.971,-0.977,-0.977,-0.923,-0.84,-0.994,-0.034,6.068,5.066,10.399,10.392,10.374,10.385,10.343,10.358,5.797,5.217,10.358,10.393,6.119,6.011,10.389,10.39,EssenceCatalog/problems/csplib-prob010-SocialGolfers/params/070066d5235172152fb653030e1d73e7.param
0.976,0.968,0.972,-0.949,0.705,-0.888,-0.828,0.833,0.979,-0.89,-0.927,-0.872,0.997,-0.9,-0.992,0.908,0.977,0.911,0.959,0.929,-0.997,0.591,0.972,0.98,0.847,0.895,-0.894,-0.898,0.852,-0.988,-0.657,0.617,0.951,-0.871,0.105,0.909,0.619,-0.951,-0.76,0.795,0.74,0.989,0.603,0.865,0.66,-0.967,0.989,-0.941,0.871,0.993,-0.619,-0.968,-0.918,-0.796,-0.778,0.959,0.956,-0.368,0.979,-0.996,-0.945,0.98,0.993,0.867,0.955,-0.995,-0.604,-0.935,-0.983,0.84,-0.976,-0.991,-0.817,-0.91,0.785,-0.978,0.988,0.995,-0.992,0.96,0.99,0.988,-0.984,-0.884,-0.553,0.847,-0.97,-0.988,-0.999,-0.969,-0.976,-0.897,-0.955,0.97,-0.953,-0.984,-0.905,-0.808,-0.995,-0.254,6.931,5.227,10.401,10.387,10.402,10.363,10.361,10.397,6.297,5.428,10.376,10.378,6.625,6.328,10.397,10.387,EssenceCatalog/problems/csplib-prob010-SocialGolfers/params/4e9f553f3f919e1e0a555200ccc2a810.param
0.992,0.988,0.991,-0.989,0.989,-0.971,-0.986,0.834,0.971,-0.96,-0.983,-0.876,0.999,-0.972,-0.998,-0.991,0.998,0.526,0.996,0.89,-0.999,0.985,0.99,0.929,0.949,0.981,-0.992,-0.97,0.994,-0.997,-0.975,0.982,0.993,-0.976,0.996,0.989,0.98,-0.993,-0.96,0.926,-0.999,0.988,0.972,0.983,0.981,-0.995,0.983,-0.978,0.99,0.997,0.969,-0.991,-0.909,-0.989,0.979,0.868,0.992,-0.896,0.995,-0.996,-0.975,0.987,0.998,0.98,0.984,-0.998,-0.995,-0.993,-0.979,0.893,-0.993,-0.998,-0.902,-0.958,0.984,-0.996,0.986,0.999,-0.99,0.995,0.998,0.975,-0.976,-0.982,-0.995,0.992,-0.978,-0.996,-0.999,-0.969,-0.997,-0.992,-0.997,0.998,-0.993,-0.997,-0.981,-0.932,-0.999,-0.993,9.668,5.83,10.5,10.424,10.434,10.415,10.508,10.454,7.584,6.102,10.515,10.4,8.007,7.856,10.506,10.437,EssenceCatalog/problems/csplib-prob010-SocialGolfers/params/85c3dd46a9ddc5434f003e95dc7543be.param
0.977,0.969,0.971,-0.952,0.558,-0.906,-0.809,0.845,0.988,-0.828,-0.945,-0.835,0.997,-0.924,-0.992,0.981,0.973,0.93,0.962,0.943,-0.998,-0.211,0.988,0.981,0.948,0.927,-0.933,-0.88,0.809,-0.984,-0.731,0.54,0.97,-0.879,-0.657,0.936,0.741,-0.949,-0.726,0.64,0.951,0.99,0.597,0.896,0.32,-0.971,0.995,-0.95,0.915,0.993,-0.96,-0.978,-0.962,-0.142,-0.963,0.957,0.962,-0.871,0.985,-0.997,-0.931,0.979,0.993,0.768,0.94,-0.997,-0.408,-0.962,-0.983,0.809,-0.967,-0.991,-0.634,-0.933,0.543,-0.966,0.991,0.995,-0.994,0.927,0.989,0.993,-0.986,-0.88,0.13,0.877,-0.979,-0.987,-0.999,-0.98,-0.982,-0.872,-0.935,0.965,-0.974,-0.978,-0.9,-0.844,-0.995,0.112,5.773,4.919,10.378,10.4,10.388,10.394,10.359,10.364,5.622,5.062,10.339,10.398,5.93,5.766,10.364,10.393,EssenceCatalog/problems/csplib-prob010-SocialGolfers/params/683c76200adc1d2770d53f32991cc953.param
0.979,0.969,0.967,-0.947,0.528,-0.909,-0.792,0.829,0.985,-0.849,-0.927,-0.829,0.997,-0.918,-0.992,0.975,0.977,0.915,0.958,0.919,-0.998,0.07,0.987,0.979,0.934,0.928,-0.911,-0.877,0.932,-0.986,-0.77,0.366,0.975,-0.887,-0.263,0.938,0.687,-0.952,-0.773,0.679,0.925,0.992,0.607,0.85,0.364,-0.973,0.994,-0.947,0.931,0.994,-0.923,-0.977,-0.957,-0.609,-0.931,0.959,0.963,-0.835,0.984,-0.997,-0.943,0.979,0.993,0.868,0.959,-0.997,-0.685,-0.964,-0.981,0.799,-0.973,-0.992,-0.653,-0.935,0.566,-0.969,0.991,0.994,-0.994,0.933,0.991,0.991,-0.984,-0.875,-0.309,0.875,-0.978,-0.988,-0.999,-0.977,-0.985,-0.877,-0.942,0.97,-0.976,-0.981,-0.932,-0.853,-0.995,0.031,6.301,5.162,10.381,10.401,10.395,10.39,10.354,10.382,5.953,5.325,10.352,10.403,6.272,6.14,10.392,10.404,EssenceCatalog/problems/csplib-prob010-SocialGolfers/params/7bfe311603d1f55fb9a885ef3f45bf13.param
-0.754,-0.83,-0.322,0.808,-0.959,0.505,0.018,0.219,-0.02,0.233,0.292,-0.251,-0.661,0.608,0.519,0.875,-0.989,0.372,-0.521,-0.322,0.967,-0.449,0.435,-0.026,-0.355,-0.477,0.637,0.25,-0.984,0.838,0.039,-0.827,0.124,0.494,-0.981,-0.12,-0.767,0.181,0.337,-0.661,0.079,-0.588,0.744,0.126,-0.8,0.87,-0.783,0.916,-0.064,-0.98,-0.909,0.311,0.146,0.94,-0.793,0.099,-0.979,0.916,-0.971,0.399,0.703,-0.23,-0.983,-0.901,-0.595,0.493,0.24,0.32,0.353,-0.497,-0.475,0.927,-0.125,-0.63,-0.919,0.883,-0.898,-0.969,0.385,-0.972,-0.99,-0.755,0.622,0.851,0.524,-0.561,0.488,0.613,0.823,0.599,0.844,0.971,0.956,-0.982,0.765,0.926,-0.2,-0.8,0.765,0.699,0.241,0.119,0.179,0.699,0.0,0.0,0.0,0.767,0.305,0.105,0.162,0.998,0.14,0.234,0.194,0.787,EssenceCatalog/problems/csplib-prob010-SocialGolfers/params/ord01-3-2-2.param
0.972,0.968,0.973,-0.953,0.719,-0.88,-0.83,0.855,0.981,-0.901,-0.942,-0.896,0.998,-0.899,-0.993,0.877,0.975,0.924,0.958,0.939,-0.997,0.673,0.975,0.982,0.825,0.886,-0.909,-0.909,0.683,-0.989,-0.605,0.726,0.949,-0.858,-0.036,0.893,0.67,-0.954,-0.768,0.81,0.66,0.987,0.641,0.889,0.714,-0.964,0.988,-0.942,0.844,0.993,-0.524,-0.968,-0.899,-0.703,-0.749,0.961,0.952,-0.131,0.979,-0.996,-0.941,0.982,0.993,0.84,0.948,-0.995,-0.402,-0.931,-0.981,0.863,-0.978,-0.99,-0.859,-0.918,0.824,-0.978,0.988,0.996,-0.992,0.96,0.989,0.989,-0.984,-0.889,-0.479,0.847,-0.972,-0.987,-0.999,-0.971,-0.972,-0.894,-0.956,0.963,-0.943,-0.984,-0.861,-0.814,-0.996,-0.332,6.892,5.125,10.409,10.372,10.379,10.354,10.349,10.389,6.251,5.329,10.385,10.362,6.591,6.195,10.385,10.37,EssenceCatalog/problems/csplib-prob010-SocialGolfers/params/0c7d0b69bf0d0de3cd6df0134e091b24.param
0.974,0.969,0.97,-0.948,0.56,-0.899,-0.813,0.85,0.987,-0.834,-0.946,-0.855,0.997,-0.916,-0.992,0.98,0.97,0.936,0.962,0.947,-0.998,-0.127,0.988,0.982,0.936,0.913,-0.928,-0.887,0.715,-0.984,-0.69,0.573,0.968,-0.867,-0.702,0.929,0.71,-0.948,-0.711,0.646,0.952,0.99,0.616,0.9,0.352,-0.969,0.995,-0.948,0.901,0.992,-0.947,-0.978,-0.957,-0.11,-0.957,0.961,0.959,-0.801,0.984,-0.996,-0.928,0.98,0.992,0.749,0.934,-0.996,-0.256,-0.958,-0.983,0.83,-0.968,-0.991,-0.701,-0.935,0.582,-0.965,0.99,0.995,-0.993,0.928,0.988,0.992,-0.986,-0.88,0.115,0.858,-0.98,-0.987,-0.999,-0.979,-0.98,-0.869,-0.935,0.959,-0.968,-0.977,-0.885,-0.85,-0.995,0.126,5.733,4.864,10.368,10.391,10.38,10.387,10.349,10.352,5.592,5.006,10.335,10.387,5.899,5.682,10.354,10.383,EssenceCatalog/problems/csplib-prob010-SocialGolfers/params/7b8c58601cc42a8679e33c32b207b245.param
0.953,0.965,0.965,-0.96,0.674,-0.878,-0.886,0.893,0.992,-0.785,-0.975,-0.909,0.996,-0.916,-0.994,0.982,0.965,0.962,0.968,0.974,-0.997,-0.625,0.993,0.984,0.963,0.928,-0.968,-0.898,-0.761,-0.978,-0.571,0.875,0.973,-0.851,-0.981,0.921,0.843,-0.942,-0.567,0.58,0.981,0.986,0.787,0.966,0.215,-0.973,0.997,-0.961,0.867,0.99,-0.987,-0.98,-0.964,0.94,-0.988,0.953,0.967,-0.872,0.988,-0.995,-0.866,0.977,0.992,0.004,0.838,-0.993,0.809,-0.957,-0.985,0.872,-0.955,-0.99,-0.788,-0.945,0.646,-0.94,0.991,0.997,-0.993,0.902,0.986,0.994,-0.987,-0.902,0.882,0.857,-0.985,-0.984,-0.998,-0.983,-0.973,-0.892,-0.947,0.924,-0.963,-0.97,-0.625,-0.865,-0.994,0.296,4.669,4.183,10.253,10.314,10.344,10.322,10.319,10.262,4.875,4.285,10.281,10.294,5.113,4.749,10.261,10.305,EssenceCatalog/problems/csplib-prob010-SocialGolfers/params/2ac589f7d7f7857a8f7b72ed966cb55d.param
0.981,0.967,0.966,-0.947,0.553,-0.91,-0.784,0.816,0.984,-0.851,-0.922,-0.828,0.997,-0.916,-0.992,0.974,0.98,0.909,0.956,0.907,-0.998,0.135,0.983,0.979,0.93,0.928,-0.901,-0.876,0.952,-0.987,-0.773,0.307,0.972,-0.891,-0.096,0.936,0.667,-0.952,-0.772,0.71,0.923,0.992,0.571,0.826,0.389,-0.974,0.994,-0.949,0.932,0.994,-0.907,-0.975,-0.956,-0.726,-0.921,0.959,0.964,-0.835,0.983,-0.997,-0.949,0.978,0.993,0.889,0.963,-0.997,-0.747,-0.959,-0.981,0.793,-0.971,-0.993,-0.648,-0.932,0.59,-0.972,0.991,0.995,-0.994,0.937,0.992,0.991,-0.984,-0.877,-0.382,0.875,-0.977,-0.989,-0.999,-0.974,-0.985,-0.889,-0.948,0.974,-0.975,-0.981,-0.938,-0.844,-0.995,0.019,6.432,5.218,10.362,10.389,10.396,10.379,10.351,10.382,6.038,5.387,10.336,10.394,6.351,6.229,10.386,10.396,EssenceCatalog/problems/csplib-prob010-SocialGolfers/params/39c92659202e9472eb03e847e2ce607f.param
0.953,0.963,0.983,-0.964,0.844,-0.854,-0.923,0.881,0.98,-0.907,-0.975,-0.933,0.997,-0.9,-0.995,0.551,0.978,0.934,0.977,0.981,-0.997,0.781,0.979,0.981,0.849,0.898,-0.953,-0.904,-0.626,-0.987,-0.394,0.942,0.948,-0.843,-0.548,0.892,0.826,-0.95,-0.733,0.814,0.006,0.978,0.767,0.963,0.835,-0.964,0.987,-0.959,0.799,0.99,-0.565,-0.976,-0.895,0.106,-0.795,0.936,0.963,0.017,0.976,-0.994,-0.887,0.985,0.995,0.591,0.876,-0.989,0.325,-0.924,-0.984,0.867,-0.972,-0.988,-0.891,-0.918,0.896,-0.98,0.986,0.997,-0.988,0.971,0.984,0.989,-0.984,-0.915,-0.061,0.856,-0.975,-0.984,-0.998,-0.971,-0.966,-0.921,-0.961,0.947,-0.923,-0.985,-0.554,-0.799,-0.997,-0.733,6.451,4.599,10.413,10.294,10.298,10.316,10.284,10.331,5.818,4.789,10.42,10.275,6.172,5.658,10.369,10.27,EssenceCatalog/problems/csplib-prob010-SocialGolfers/params/b315d2ded2d8d85ca6f49ce7695b1470.param
0.365,0.967,-0.981,-0.976,-0.98,-0.744,0.977,0.976,0.971,-0.916,-0.884,-0.943,0.989,-0.852,-0.996,0.935,0.991,0.958,-0.971,-0.341,-0.997,0.908,0.998,0.983,0.955,0.964,-0.971,-0.946,0.971,-0.989,-0.829,0.457,0.996,-0.96,0.836,-0.305,0.901,-0.955,-0.932,0.538,0.974,0.992,0.731,-0.942,0.015,-0.995,0.999,-0.964,0.927,0.996,-0.927,-0.824,0.797,0.961,-0.986,0.962,0.995,-0.951,0.996,-0.992,-0.962,0.909,0.995,0.947,0.968,-0.995,0.943,-0.962,0.973,0.837,-0.926,-0.997,-0.929,-0.885,0.863,0.955,0.99,0.999,-0.985,-0.386,0.996,0.996,-0.98,-0.95,0.892,0.932,-0.995,-0.98,-0.994,-0.989,-0.995,-0.971,-0.982,0.657,-0.995,-0.985,0.918,-0.546,-0.994,0.826,4.074,3.441,5.06,10.011,10.348,10.359,10.449,10.495,4.094,3.593,5.085,10.026,4.642,4.261,6.006,10.022,EssenceCatalog/problems/csplib-prob010-SocialGolfers/params/29dc22ddc011723cb796970c5acab3ef.param
0.992,0.988,0.972,-0.991,0.966,-0.965,-0.925,0.841,0.976,-0.967,-0.975,-0.85,0.999,-0.977,-0.998,-0.957,0.997,0.28,0.969,0.075,-0.999,0.986,0.979,0.949,0.972,0.988,-0.989,-0.97,0.998,-0.998,-0.985,0.969,0.991,-0.986,0.997,0.983,0.988,-0.995,-0.969,0.932,-0.998,0.993,0.978,0.778,0.978,-0.993,0.959,-0.967,0.991,0.995,0.921,-0.967,-0.902,-0.993,0.963,0.919,0.984,-0.956,0.983,-0.998,-0.984,0.985,0.996,0.986,0.99,-0.999,-0.997,-0.992,-0.893,0.888,-0.993,-0.997,-0.907,-0.971,0.975,-0.988,0.984,0.996,-0.993,0.981,0.995,0.975,-0.981,-0.964,-0.993,0.994,-0.951,-0.997,-0.999,-0.963,-0.997,-0.984,-0.993,0.995,-0.995,-0.997,-0.99,-0.956,-0.999,-0.99,9.578,5.806,10.281,10.301,10.344,10.315,10.427,10.378,7.528,6.079,10.324,10.321,7.917,7.783,10.304,10.344,EssenceCatalog/problems/csplib-prob010-SocialGolfers/params/ord36-9-8-8.param
0.968,0.968,0.975,-0.95,0.728,-0.87,-0.842,0.856,0.983,-0.877,-0.95,-0.902,0.997,-0.895,-0.992,0.933,0.969,0.936,0.963,0.957,-0.997,0.419,0.975,0.982,0.865,0.875,-0.919,-0.905,0.248,-0.986,-0.512,0.779,0.937,-0.84,-0.594,0.891,0.672,-0.943,-0.68,0.764,0.845,0.986,0.628,0.915,0.641,-0.96,0.99,-0.941,0.802,0.991,-0.776,-0.968,-0.92,-0.286,-0.89,0.963,0.949,-0.301,0.979,-0.996,-0.923,0.98,0.993,0.707,0.918,-0.993,0.031,-0.925,-0.984,0.866,-0.97,-0.988,-0.847,-0.917,0.785,-0.973,0.988,0.995,-0.991,0.955,0.986,0.99,-0.985,-0.891,-0.041,0.821,-0.973,-0.986,-0.998,-0.974,-0.965,-0.883,-0.943,0.952,-0.936,-0.98,-0.803,-0.808,-0.996,-0.162,6.033,4.768,10.387,10.348,10.353,10.355,10.335,10.346,5.73,4.945,10.368,10.34,6.056,5.618,10.358,10.326,EssenceCatalog/problems/csplib-prob010-SocialGolfers/params/d6ed718c63a1c368650e19a4ae61ed57.param
0.967,0.968,0.976,-0.949,0.724,-0.876,-0.846,0.856,0.984,-0.883,-0.953,-0.906,0.997,-0.895,-0.992,0.925,0.97,0.94,0.964,0.958,-0.997,0.464,0.976,0.983,0.859,0.875,-0.924,-0.91,0.185,-0.987,-0.508,0.783,0.94,-0.835,-0.594,0.889,0.675,-0.944,-0.689,0.767,0.843,0.986,0.635,0.923,0.653,-0.96,0.99,-0.944,0.807,0.991,-0.744,-0.97,-0.918,-0.293,-0.878,0.965,0.95,-0.225,0.98,-0.996,-0.924,0.981,0.993,0.711,0.917,-0.993,0.077,-0.924,-0.984,0.873,-0.972,-0.989,-0.856,-0.924,0.794,-0.975,0.988,0.996,-0.991,0.956,0.987,0.99,-0.985,-0.895,-0.071,0.819,-0.975,-0.986,-0.998,-0.974,-0.965,-0.888,-0.946,0.953,-0.932,-0.98,-0.795,-0.823,-0.996,-0.189,6.06,4.76,10.397,10.35,10.353,10.357,10.335,10.347,5.743,4.938,10.378,10.341,6.072,5.607,10.364,10.327,EssenceCatalog/problems/csplib-prob010-SocialGolfers/params/498e0a750efd93df91c9d783002162f4.param
0.982,0.968,0.967,-0.952,0.524,-0.915,-0.8,0.817,0.984,-0.848,-0.918,-0.798,0.997,-0.924,-0.992,0.967,0.981,0.889,0.961,0.906,-0.998,0.117,0.988,0.977,0.941,0.939,-0.91,-0.859,0.973,-0.987,-0.826,0.251,0.98,-0.901,0.073,0.949,0.72,-0.954,-0.804,0.683,0.877,0.992,0.612,0.837,0.351,-0.977,0.994,-0.95,0.95,0.994,-0.923,-0.979,-0.963,-0.752,-0.914,0.949,0.967,-0.886,0.984,-0.997,-0.946,0.978,0.993,0.904,0.967,-0.998,-0.844,-0.97,-0.98,0.753,-0.975,-0.993,-0.56,-0.934,0.533,-0.971,0.991,0.994,-0.994,0.938,0.992,0.99,-0.983,-0.873,-0.504,0.894,-0.977,-0.989,-0.999,-0.976,-0.989,-0.889,-0.948,0.977,-0.982,-0.982,-0.952,-0.854,-0.995,-0.115,6.586,5.295,10.377,10.403,10.405,10.384,10.354,10.384,6.123,5.464,10.352,10.406,6.437,6.383,10.407,10.413,EssenceCatalog/problems/csplib-prob010-SocialGolfers/params/12cf12012262affb2b36e8a68bf0e9a2.param
0.941,0.963,0.974,-0.962,0.804,-0.855,-0.911,0.892,0.991,-0.829,-0.98,-0.938,0.997,-0.906,-0.995,0.953,0.963,0.963,0.971,0.981,-0.997,-0.27,0.988,0.985,0.94,0.908,-0.968,-0.903,-0.936,-0.981,-0.367,0.939,0.954,-0.836,-0.979,0.894,0.836,-0.938,-0.547,0.683,0.945,0.982,0.803,0.973,0.51,-0.964,0.996,-0.957,0.79,0.987,-0.963,-0.976,-0.951,0.936,-0.977,0.953,0.963,-0.627,0.982,-0.993,-0.842,0.979,0.992,-0.117,0.798,-0.99,0.886,-0.932,-0.986,0.886,-0.955,-0.987,-0.869,-0.944,0.779,-0.951,0.989,0.997,-0.992,0.93,0.979,0.993,-0.987,-0.913,0.865,0.827,-0.981,-0.982,-0.997,-0.979,-0.957,-0.885,-0.945,0.9,-0.938,-0.976,-0.386,-0.86,-0.995,-0.027,4.798,4.11,10.269,10.292,10.343,10.316,10.319,10.274,4.923,4.222,10.298,10.276,5.167,4.709,10.264,10.282,EssenceCatalog/problems/csplib-prob010-SocialGolfers/params/354946450accf1487f7ce25f8723bb2e.param
0.972,0.97,0.97,-0.946,0.616,-0.895,-0.818,0.849,0.988,-0.84,-0.949,-0.871,0.997,-0.912,-0.992,0.981,0.97,0.942,0.961,0.95,-0.997,-0.094,0.985,0.983,0.927,0.902,-0.927,-0.896,0.585,-0.984,-0.641,0.624,0.961,-0.862,-0.751,0.92,0.682,-0.947,-0.687,0.664,0.96,0.99,0.619,0.904,0.396,-0.967,0.994,-0.945,0.881,0.992,-0.934,-0.975,-0.954,-0.067,-0.955,0.965,0.956,-0.75,0.984,-0.996,-0.928,0.979,0.992,0.727,0.929,-0.996,-0.075,-0.951,-0.984,0.852,-0.967,-0.99,-0.754,-0.935,0.631,-0.966,0.99,0.995,-0.993,0.931,0.988,0.992,-0.986,-0.884,0.163,0.842,-0.979,-0.987,-0.999,-0.979,-0.976,-0.871,-0.936,0.955,-0.96,-0.977,-0.868,-0.851,-0.995,0.166,5.656,4.789,10.364,10.388,10.383,10.389,10.354,10.351,5.541,4.933,10.338,10.383,5.842,5.568,10.352,10.376,EssenceCatalog/problems/csplib-prob010-SocialGolfers/params/04a12cb61b64be662107a871150615b2.param
0.962,0.972,0.975,-0.955,0.816,-0.863,-0.851,0.883,0.987,-0.884,-0.968,-0.93,0.997,-0.905,-0.994,0.941,0.971,0.957,0.96,0.966,-0.997,0.347,0.971,0.986,0.867,0.861,-0.939,-0.923,-0.533,-0.987,-0.333,0.889,0.905,-0.826,-0.837,0.862,0.732,-0.945,-0.645,0.799,0.914,0.986,0.642,0.938,0.688,-0.961,0.992,-0.948,0.701,0.991,-0.78,-0.966,-0.913,0.236,-0.924,0.971,0.952,-0.197,0.982,-0.996,-0.917,0.979,0.994,0.55,0.892,-0.993,0.61,-0.901,-0.984,0.908,-0.964,-0.989,-0.895,-0.919,0.843,-0.972,0.989,0.997,-0.992,0.957,0.987,0.992,-0.988,-0.909,0.389,0.804,-0.975,-0.986,-0.998,-0.979,-0.952,-0.901,-0.952,0.937,-0.919,-0.981,-0.649,-0.813,-0.996,-0.116,5.462,4.391,10.34,10.309,10.345,10.344,10.335,10.32,5.352,4.544,10.34,10.298,5.648,5.074,10.32,10.286,EssenceCatalog/problems/csplib-prob010-SocialGolfers/params/939856cb1756468c6f4867592d1a5221.param
0.98,0.952,0.981,-0.976,0.679,-0.899,-0.908,0.844,0.981,-0.804,-0.963,-0.736,0.997,-0.945,-0.993,0.75,0.988,0.801,0.983,0.972,-0.998,-0.004,0.994,0.965,0.973,0.958,-0.973,-0.739,0.93,-0.987,-0.856,0.787,0.985,-0.928,0.12,0.967,0.918,-0.956,-0.799,0.543,-0.193,0.984,0.712,0.939,0.521,-0.981,0.994,-0.972,0.962,0.993,-0.979,-0.986,-0.972,0.104,-0.948,0.779,0.981,-0.975,0.985,-0.993,-0.863,0.98,0.996,0.801,0.928,-0.996,-0.849,-0.978,-0.984,0.454,-0.964,-0.993,-0.013,-0.883,0.572,-0.978,0.99,0.997,-0.993,0.961,0.989,0.992,-0.978,-0.887,-0.164,0.953,-0.98,-0.986,-0.999,-0.975,-0.992,-0.924,-0.957,0.984,-0.99,-0.982,-0.88,-0.748,-0.996,-0.753,6.765,5.169,10.4,10.332,10.349,10.338,10.277,10.325,6.08,5.366,10.347,10.334,6.393,6.585,10.372,10.344,EssenceCatalog/problems/csplib-prob010-SocialGolfers/params/d528f932d81e30a27c49f8a9e9ac2c8b.param
0.984,0.966,0.975,-0.957,0.643,-0.914,-0.864,0.788,0.976,-0.846,-0.916,-0.744,0.997,-0.927,-0.991,0.888,0.986,0.826,0.975,0.918,-0.998,0.306,0.988,0.969,0.937,0.942,-0.919,-0.816,0.986,-0.988,-0.86,0.319,0.981,-0.911,0.512,0.96,0.771,-0.952,-0.816,0.691,0.531,0.99,0.632,0.876,0.452,-0.978,0.992,-0.955,0.962,0.994,-0.88,-0.982,-0.966,-0.845,-0.83,0.913,0.973,-0.913,0.985,-0.996,-0.934,0.977,0.994,0.929,0.969,-0.997,-0.931,-0.972,-0.984,0.641,-0.975,-0.994,-0.399,-0.913,0.578,-0.981,0.99,0.995,-0.994,0.96,0.993,0.988,-0.977,-0.872,-0.732,0.914,-0.975,-0.989,-0.999,-0.97,-0.991,-0.916,-0.959,0.985,-0.984,-0.982,-0.96,-0.829,-0.995,-0.511,7.142,5.442,10.408,10.4,10.419,10.377,10.357,10.382,6.411,5.632,10.385,10.4,6.723,6.768,10.441,10.414,EssenceCatalog/problems/csplib-prob010-SocialGolfers/params/a0c6cc7d4bfec3044dafec45b477040d.param
0.983,0.954,0.984,-0.978,0.736,-0.904,-0.927,0.827,0.975,-0.814,-0.959,-0.697,0.997,-0.945,-0.993,0.508,0.991,0.735,0.986,0.97,-0.998,0.236,0.994,0.958,0.97,0.961,-0.974,-0.724,0.969,-0.989,-0.893,0.784,0.987,-0.937,0.558,0.974,0.92,-0.959,-0.831,0.575,-0.637,0.984,0.734,0.94,0.602,-0.983,0.992,-0.973,0.973,0.993,-0.962,-0.987,-0.973,-0.277,-0.887,0.728,0.983,-0.978,0.985,-0.993,-0.871,0.981,0.996,0.864,0.945,-0.997,-0.938,-0.981,-0.985,0.384,-0.97,-0.994,0.042,-0.879,0.627,-0.983,0.99,0.997,-0.993,0.969,0.991,0.99,-0.975,-0.887,-0.507,0.962,-0.978,-0.986,-0.999,-0.971,-0.994,-0.932,-0.965,0.988,-0.991,-0.983,-0.916,-0.767,-0.996,-0.855,7.425,5.362,10.377,10.31,10.324,10.309,10.264,10.321,6.429,5.576,10.341,10.306,6.746,7.013,10.37,10.326,EssenceCatalog/problems/csplib-prob010-SocialGolfers/params/a25e4ed04e5d446af3a538173bbb0fe2.param
0.981,0.966,0.97,-0.947,0.575,-0.908,-0.822,0.807,0.982,-0.848,-0.922,-0.814,0.997,-0.915,-0.991,0.962,0.981,0.895,0.964,0.919,-0.998,0.179,0.985,0.977,0.928,0.929,-0.903,-0.859,0.958,-0.986,-0.796,0.306,0.975,-0.89,0.013,0.942,0.684,-0.95,-0.773,0.691,0.878,0.991,0.596,0.857,0.386,-0.975,0.994,-0.95,0.94,0.994,-0.902,-0.978,-0.959,-0.744,-0.906,0.949,0.968,-0.847,0.984,-0.996,-0.94,0.977,0.994,0.893,0.962,-0.997,-0.797,-0.963,-0.984,0.757,-0.973,-0.993,-0.599,-0.927,0.58,-0.975,0.99,0.995,-0.994,0.943,0.993,0.989,-0.982,-0.874,-0.487,0.877,-0.977,-0.988,-0.999,-0.973,-0.987,-0.895,-0.95,0.977,-0.977,-0.98,-0.942,-0.836,-0.995,-0.135,6.586,5.27,10.388,10.396,10.399,10.38,10.349,10.375,6.116,5.44,10.36,10.396,6.432,6.346,10.41,10.402,EssenceCatalog/problems/csplib-prob010-SocialGolfers/params/b9c29f3e5ab9ede30bbabd28de5d2b68.param
0.968,0.983,0.991,-0.979,0.971,-0.931,-0.98,0.94,0.99,-0.976,-0.993,-0.986,0.999,-0.961,-0.999,-0.498,0.995,0.975,0.99,0.984,-0.999,0.983,0.976,0.99,0.772,0.946,-0.984,-0.977,-0.621,-0.996,-0.665,0.99,0.976,-0.944,0.422,0.938,0.945,-0.991,-0.947,0.965,-0.872,0.989,0.943,0.988,0.975,-0.988,0.994,-0.969,0.927,0.995,0.841,-0.99,-0.799,-0.798,0.547,0.981,0.984,0.903,0.991,-0.998,-0.97,0.993,0.998,0.9,0.956,-0.997,-0.058,-0.964,-0.989,0.972,-0.994,-0.996,-0.984,-0.982,0.986,-0.992,0.991,1.0,-0.994,0.984,0.996,0.99,-0.991,-0.977,-0.85,0.957,-0.984,-0.996,-0.999,-0.986,-0.986,-0.973,-0.992,0.977,-0.946,-0.997,-0.797,-0.947,-0.999,-0.948,8.709,5.221,10.373,10.189,10.138,10.141,10.209,10.269,7.021,5.45,10.397,10.183,7.492,6.731,10.322,10.177,EssenceCatalog/problems/csplib-prob010-SocialGolfers/params/787fada4a116e77ac6d4419e3b48c755.param
0.967,0.964,0.975,-0.949,0.637,-0.876,-0.845,0.844,0.984,-0.847,-0.949,-0.874,0.997,-0.905,-0.992,0.952,0.966,0.932,0.966,0.96,-0.997,0.175,0.983,0.98,0.905,0.893,-0.926,-0.883,0.388,-0.984,-0.589,0.709,0.955,-0.847,-0.689,0.912,0.703,-0.94,-0.675,0.674,0.874,0.986,0.635,0.921,0.504,-0.961,0.991,-0.945,0.861,0.99,-0.898,-0.974,-0.944,-0.042,-0.933,0.953,0.953,-0.598,0.979,-0.995,-0.908,0.981,0.992,0.69,0.914,-0.994,-0.059,-0.943,-0.984,0.819,-0.967,-0.988,-0.76,-0.92,0.685,-0.97,0.988,0.995,-0.992,0.944,0.984,0.991,-0.984,-0.88,0.076,0.836,-0.976,-0.984,-0.998,-0.974,-0.971,-0.866,-0.933,0.951,-0.95,-0.977,-0.823,-0.822,-0.995,-0.127,5.811,4.763,10.378,10.357,10.357,10.362,10.324,10.327,5.599,4.919,10.349,10.351,5.913,5.601,10.348,10.341,EssenceCatalog/problems/csplib-prob010-SocialGolfers/params/bcf6401f5e4e88dcf48c33c3ddee1a5d.param
0.971,0.968,0.973,-0.952,0.741,-0.874,-0.827,0.858,0.982,-0.899,-0.946,-0.904,0.998,-0.9,-0.993,0.903,0.973,0.931,0.957,0.943,-0.997,0.618,0.971,0.983,0.828,0.877,-0.911,-0.912,0.537,-0.988,-0.551,0.758,0.938,-0.852,-0.237,0.886,0.664,-0.952,-0.744,0.811,0.747,0.988,0.63,0.891,0.716,-0.963,0.988,-0.941,0.813,0.992,-0.578,-0.966,-0.899,-0.615,-0.802,0.965,0.949,-0.123,0.979,-0.996,-0.939,0.981,0.993,0.81,0.941,-0.994,-0.228,-0.922,-0.982,0.875,-0.975,-0.989,-0.87,-0.917,0.826,-0.977,0.988,0.996,-0.992,0.959,0.988,0.989,-0.985,-0.891,-0.344,0.836,-0.972,-0.987,-0.998,-0.973,-0.967,-0.892,-0.953,0.958,-0.936,-0.984,-0.842,-0.81,-0.996,-0.267,6.615,5.0,10.4,10.362,10.371,10.353,10.347,10.378,6.087,5.199,10.379,10.352,6.424,5.984,10.375,10.351,EssenceCatalog/problems/csplib-prob010-SocialGolfers/params/086cb8d8d5b32e5ee56e1ca748c6ee2f.param
0.979,0.986,0.991,-0.986,0.982,-0.952,-0.982,0.939,0.991,-0.98,-0.992,-0.985,0.999,-0.975,-0.999,-0.838,0.997,0.959,0.992,0.965,-0.999,0.989,0.972,0.989,0.814,0.964,-0.986,-0.979,0.316,-0.997,-0.852,0.991,0.986,-0.968,0.875,0.958,0.969,-0.995,-0.972,0.97,-0.969,0.993,0.962,0.984,0.983,-0.99,0.994,-0.979,0.962,0.996,0.938,-0.989,-0.752,-0.947,0.886,0.978,0.985,0.851,0.994,-0.999,-0.982,0.994,0.998,0.962,0.978,-0.999,-0.772,-0.976,-0.988,0.977,-0.996,-0.997,-0.979,-0.981,0.988,-0.995,0.989,1.0,-0.995,0.988,0.997,0.989,-0.99,-0.977,-0.959,0.975,-0.985,-0.997,-0.999,-0.984,-0.992,-0.982,-0.996,0.99,-0.971,-0.998,-0.926,-0.958,-0.999,-0.976,9.4,5.577,10.402,10.293,10.21,10.215,10.322,10.364,7.449,5.824,10.395,10.256,7.932,7.312,10.351,10.277,EssenceCatalog/problems/csplib-prob010-SocialGolfers/params/1c3f9e1193b3a56b5b489560c973778d.param
0.978,0.967,0.974,-0.952,0.573,-0.902,-0.832,0.83,0.984,-0.828,-0.935,-0.814,0.997,-0.921,-0.991,0.963,0.978,0.914,0.968,0.946,-0.998,-0.007,0.988,0.978,0.937,0.923,-0.927,-0.856,0.892,-0.985,-0.752,0.482,0.972,-0.881,-0.403,0.941,0.729,-0.946,-0.731,0.645,0.899,0.989,0.59,0.904,0.365,-0.972,0.994,-0.952,0.926,0.993,-0.937,-0.98,-0.961,-0.418,-0.936,0.947,0.966,-0.855,0.985,-0.996,-0.926,0.979,0.993,0.83,0.946,-0.996,-0.605,-0.963,-0.984,0.762,-0.969,-0.992,-0.567,-0.918,0.56,-0.973,0.991,0.995,-0.993,0.944,0.991,0.991,-0.983,-0.876,-0.188,0.875,-0.979,-0.987,-0.999,-0.977,-0.985,-0.89,-0.944,0.973,-0.975,-0.978,-0.914,-0.822,-0.994,-0.104,6.173,5.084,10.403,10.389,10.381,10.387,10.344,10.357,5.854,5.243,10.363,10.39,6.174,6.058,10.396,10.388,EssenceCatalog/problems/csplib-prob010-SocialGolfers/params/60970f73d1097c8f46f28c60ff63a88f.param
0.981,0.95,0.984,-0.98,0.766,-0.896,-0.935,0.842,0.975,-0.815,-0.965,-0.713,0.997,-0.945,-0.993,0.346,0.991,0.733,0.987,0.976,-0.998,0.266,0.995,0.956,0.97,0.959,-0.977,-0.713,0.949,-0.988,-0.881,0.848,0.988,-0.934,0.517,0.972,0.929,-0.961,-0.825,0.571,-0.742,0.98,0.769,0.951,0.641,-0.983,0.992,-0.974,0.97,0.993,-0.961,-0.987,-0.97,-0.042,-0.887,0.676,0.984,-0.976,0.985,-0.992,-0.85,0.981,0.997,0.829,0.933,-0.996,-0.919,-0.98,-0.985,0.365,-0.969,-0.994,0.048,-0.87,0.665,-0.983,0.989,0.998,-0.992,0.971,0.991,0.991,-0.974,-0.894,-0.435,0.962,-0.98,-0.985,-0.998,-0.972,-0.994,-0.937,-0.967,0.988,-0.991,-0.984,-0.886,-0.731,-0.996,-0.878,7.405,5.307,10.361,10.285,10.301,10.299,10.239,10.294,6.384,5.522,10.32,10.28,6.703,6.985,10.346,10.306,EssenceCatalog/problems/csplib-prob010-SocialGolfers/params/debc3013633aa73b4947464b0f7eccf4.param
0.976,0.969,0.974,-0.954,0.579,-0.902,-0.832,0.845,0.988,-0.815,-0.949,-0.838,0.997,-0.926,-0.992,0.979,0.973,0.934,0.968,0.951,-0.998,-0.27,0.988,0.981,0.95,0.923,-0.939,-0.877,0.713,-0.983,-0.715,0.593,0.969,-0.876,-0.751,0.938,0.766,-0.948,-0.7,0.616,0.95,0.989,0.61,0.92,0.304,-0.969,0.995,-0.952,0.911,0.992,-0.965,-0.979,-0.965,0.035,-0.965,0.955,0.961,-0.869,0.984,-0.996,-0.923,0.98,0.993,0.727,0.931,-0.996,-0.295,-0.961,-0.985,0.804,-0.966,-0.991,-0.611,-0.931,0.529,-0.968,0.991,0.995,-0.994,0.93,0.988,0.993,-0.985,-0.876,0.243,0.871,-0.979,-0.987,-0.999,-0.98,-0.981,-0.874,-0.935,0.963,-0.972,-0.975,-0.89,-0.843,-0.994,0.083,5.636,4.838,10.377,10.389,10.377,10.387,10.346,10.344,5.523,4.974,10.334,10.386,5.825,5.653,10.357,10.383,EssenceCatalog/problems/csplib-prob010-SocialGolfers/params/d05a2b6b5c108aaae261adc674772d97.param
0.981,0.967,0.973,-0.953,0.565,-0.909,-0.835,0.814,0.982,-0.835,-0.924,-0.784,0.997,-0.924,-0.991,0.951,0.981,0.886,0.969,0.93,-0.998,0.113,0.989,0.974,0.938,0.935,-0.919,-0.84,0.964,-0.986,-0.816,0.35,0.978,-0.897,0.035,0.951,0.743,-0.95,-0.785,0.666,0.822,0.99,0.604,0.883,0.372,-0.975,0.994,-0.954,0.948,0.994,-0.924,-0.981,-0.964,-0.693,-0.907,0.937,0.968,-0.888,0.985,-0.996,-0.935,0.979,0.994,0.891,0.96,-0.997,-0.83,-0.969,-0.984,0.718,-0.973,-0.993,-0.486,-0.92,0.539,-0.976,0.99,0.995,-0.994,0.949,0.992,0.99,-0.981,-0.871,-0.489,0.894,-0.978,-0.988,-0.999,-0.975,-0.988,-0.898,-0.95,0.979,-0.98,-0.98,-0.944,-0.833,-0.995,-0.25,6.611,5.281,10.404,10.397,10.397,10.383,10.348,10.371,6.12,5.452,10.371,10.399,6.437,6.4,10.422,10.404,EssenceCatalog/problems/csplib-prob010-SocialGolfers/params/8c89347120d8bb6f95aff44f2daa05ab.param
0.984,0.958,0.982,-0.979,0.737,-0.915,-0.924,0.824,0.973,-0.824,-0.954,-0.671,0.997,-0.947,-0.993,0.456,0.992,0.691,0.986,0.96,-0.998,0.309,0.995,0.955,0.972,0.965,-0.973,-0.732,0.986,-0.99,-0.918,0.747,0.99,-0.942,0.734,0.977,0.927,-0.963,-0.862,0.603,-0.699,0.986,0.755,0.927,0.604,-0.986,0.993,-0.975,0.98,0.994,-0.95,-0.988,-0.973,-0.51,-0.844,0.721,0.986,-0.982,0.987,-0.994,-0.884,0.98,0.997,0.902,0.957,-0.997,-0.964,-0.984,-0.983,0.378,-0.974,-0.995,0.058,-0.889,0.634,-0.983,0.99,0.997,-0.993,0.968,0.993,0.99,-0.973,-0.892,-0.67,0.967,-0.979,-0.988,-0.999,-0.972,-0.995,-0.94,-0.97,0.99,-0.993,-0.985,-0.938,-0.787,-0.996,-0.87,7.666,5.452,10.383,10.33,10.337,10.324,10.289,10.343,6.575,5.673,10.357,10.325,6.89,7.171,10.388,10.346,EssenceCatalog/problems/csplib-prob010-SocialGolfers/params/fb04b13125473ce9ed992833f178921e.param
0.99,0.987,0.993,-0.984,0.982,-0.966,-0.989,0.76,0.956,-0.941,-0.972,-0.826,0.998,-0.962,-0.997,-0.987,0.998,0.477,0.997,0.899,-0.999,0.978,0.988,0.91,0.944,0.978,-0.985,-0.955,0.995,-0.996,-0.974,0.968,0.992,-0.967,0.994,0.99,0.969,-0.991,-0.947,0.893,-0.998,0.984,0.962,0.984,0.967,-0.993,0.979,-0.974,0.991,0.996,0.956,-0.991,-0.945,-0.991,0.973,0.84,0.989,-0.883,0.991,-0.995,-0.967,0.986,0.998,0.978,0.981,-0.998,-0.997,-0.991,-0.988,0.833,-0.992,-0.998,-0.842,-0.957,0.973,-0.996,0.981,0.998,-0.987,0.994,0.997,0.957,-0.967,-0.977,-0.995,0.989,-0.97,-0.995,-0.999,-0.955,-0.997,-0.99,-0.996,0.998,-0.991,-0.994,-0.987,-0.936,-0.998,-0.992,9.609,5.8,10.438,10.349,10.359,10.337,10.427,10.37,7.531,6.07,10.45,10.318,7.952,7.823,10.439,10.358,EssenceCatalog/problems/csplib-prob010-SocialGolfers/params/7fbc086c3d1947f4a31277c0620373b5.param
0.971,0.969,0.973,-0.952,0.736,-0.879,-0.832,0.861,0.982,-0.903,-0.946,-0.906,0.998,-0.9,-0.993,0.895,0.974,0.934,0.958,0.944,-0.998,0.666,0.973,0.983,0.819,0.879,-0.912,-0.915,0.58,-0.989,-0.569,0.753,0.942,-0.853,-0.158,0.888,0.661,-0.954,-0.761,0.819,0.726,0.987,0.639,0.894,0.722,-0.964,0.989,-0.942,0.826,0.993,-0.521,-0.968,-0.898,-0.659,-0.768,0.966,0.951,-0.053,0.98,-0.997,-0.942,0.982,0.994,0.825,0.945,-0.995,-0.267,-0.925,-0.982,0.879,-0.977,-0.99,-0.876,-0.92,0.834,-0.977,0.988,0.996,-0.992,0.96,0.989,0.989,-0.985,-0.894,-0.407,0.837,-0.973,-0.987,-0.998,-0.973,-0.969,-0.894,-0.956,0.96,-0.937,-0.985,-0.849,-0.819,-0.996,-0.29,6.74,5.045,10.409,10.369,10.374,10.354,10.349,10.384,6.163,5.247,10.386,10.358,6.504,6.053,10.381,10.36,EssenceCatalog/problems/csplib-prob010-SocialGolfers/params/4ce37ef134973e40e0e48f464a97f670.param
0.973,0.97,0.97,-0.948,0.582,-0.898,-0.814,0.853,0.988,-0.837,-0.95,-0.865,0.997,-0.916,-0.992,0.982,0.968,0.943,0.961,0.948,-0.998,-0.175,0.986,0.983,0.936,0.91,-0.932,-0.895,0.603,-0.984,-0.663,0.616,0.965,-0.863,-0.776,0.924,0.713,-0.948,-0.694,0.651,0.962,0.99,0.621,0.906,0.357,-0.968,0.995,-0.947,0.888,0.992,-0.949,-0.976,-0.956,0.023,-0.961,0.964,0.957,-0.788,0.984,-0.997,-0.927,0.979,0.992,0.713,0.929,-0.996,-0.093,-0.955,-0.983,0.846,-0.967,-0.99,-0.731,-0.938,0.597,-0.964,0.991,0.995,-0.993,0.925,0.988,0.993,-0.986,-0.882,0.236,0.852,-0.98,-0.987,-0.999,-0.98,-0.977,-0.865,-0.933,0.955,-0.964,-0.977,-0.872,-0.855,-0.995,0.188,5.583,4.774,10.355,10.388,10.382,10.388,10.351,10.348,5.495,4.912,10.325,10.384,5.792,5.542,10.343,10.38,EssenceCatalog/problems/csplib-prob010-SocialGolfers/params/b65473e722b5496c4a0e9c79e9ee91a2.param
0.944,0.966,0.957,-0.959,0.676,-0.872,-0.882,0.904,0.992,-0.798,-0.977,-0.923,0.996,-0.91,-0.995,0.985,0.963,0.967,0.962,0.97,-0.997,-0.645,0.993,0.986,0.958,0.926,-0.97,-0.908,-0.881,-0.978,-0.534,0.897,0.973,-0.844,-0.987,0.906,0.842,-0.942,-0.555,0.609,0.987,0.986,0.814,0.965,0.206,-0.973,0.998,-0.962,0.851,0.989,-0.986,-0.978,-0.957,0.964,-0.988,0.958,0.966,-0.841,0.988,-0.995,-0.861,0.975,0.992,-0.11,0.819,-0.993,0.9,-0.954,-0.983,0.894,-0.956,-0.99,-0.843,-0.951,0.686,-0.925,0.99,0.997,-0.992,0.882,0.985,0.994,-0.987,-0.908,0.916,0.848,-0.987,-0.984,-0.998,-0.984,-0.97,-0.886,-0.95,0.903,-0.958,-0.971,-0.522,-0.884,-0.994,0.383,4.577,4.115,10.209,10.292,10.323,10.297,10.304,10.246,4.819,4.214,10.247,10.27,5.05,4.648,10.222,10.28,EssenceCatalog/problems/csplib-prob010-SocialGolfers/params/4b708dbdbdb8bf120131032413363eb2.param
0.978,0.986,0.992,-0.983,0.986,-0.951,-0.984,0.946,0.992,-0.981,-0.994,-0.991,0.999,-0.974,-0.999,-0.603,0.996,0.978,0.991,0.977,-0.999,0.988,0.954,0.991,0.791,0.951,-0.986,-0.983,-0.227,-0.997,-0.74,0.992,0.969,-0.962,0.712,0.952,0.961,-0.995,-0.962,0.977,-0.935,0.993,0.946,0.987,0.985,-0.988,0.994,-0.969,0.934,0.995,0.935,-0.988,-0.776,-0.951,0.837,0.987,0.985,0.946,0.992,-0.999,-0.984,0.992,0.998,0.95,0.976,-0.998,-0.562,-0.966,-0.991,0.982,-0.995,-0.996,-0.988,-0.987,0.99,-0.995,0.992,1.0,-0.996,0.987,0.997,0.991,-0.99,-0.98,-0.947,0.971,-0.977,-0.998,-0.999,-0.986,-0.986,-0.981,-0.994,0.985,-0.956,-0.998,-0.912,-0.965,-0.999,-0.963,9.171,5.442,10.401,10.238,10.17,10.15,10.264,10.323,7.302,5.682,10.402,10.212,7.79,7.077,10.342,10.213,EssenceCatalog/problems/csplib-prob010-SocialGolfers/params/b34e761447f20eda49e547b465963a91.param
0.991,0.991,0.993,-0.991,0.992,-0.972,-0.99,0.939,0.988,-0.982,-0.991,-0.981,0.999,-0.985,-0.999,-0.972,0.998,0.917,0.996,0.936,-1.0,0.995,0.977,0.984,0.891,0.979,-0.991,-0.983,0.966,-0.998,-0.964,0.991,0.991,-0.982,0.992,0.984,0.979,-0.997,-0.983,0.977,-0.996,0.993,0.979,0.988,0.99,-0.995,0.992,-0.981,0.985,0.997,0.986,-0.991,-0.774,-0.994,0.989,0.978,0.99,0.708,0.996,-0.999,-0.991,0.994,0.998,0.988,0.99,-0.999,-0.985,-0.99,-0.984,0.98,-0.997,-0.998,-0.975,-0.983,0.99,-0.997,0.987,0.999,-0.996,0.993,0.998,0.987,-0.987,-0.987,-0.996,0.988,-0.98,-0.998,-0.999,-0.982,-0.995,-0.992,-0.998,0.996,-0.988,-0.998,-0.987,-0.972,-1.0,-0.992,9.681,5.749,10.48,10.414,10.313,10.338,10.441,10.465,7.638,6.011,10.458,10.364,8.121,7.596,10.424,10.402,EssenceCatalog/problems/csplib-prob010-SocialGolfers/params/d3df48af4cd7bc447bc2dfc4caf7078f.param
0.979,0.95,0.985,-0.977,0.741,-0.89,-0.931,0.839,0.977,-0.807,-0.963,-0.739,0.997,-0.941,-0.993,0.501,0.987,0.782,0.987,0.978,-0.998,0.18,0.994,0.959,0.966,0.952,-0.974,-0.72,0.909,-0.987,-0.852,0.836,0.984,-0.925,0.248,0.968,0.913,-0.956,-0.791,0.541,-0.576,0.98,0.739,0.956,0.605,-0.979,0.991,-0.97,0.962,0.992,-0.965,-0.987,-0.97,0.073,-0.911,0.728,0.98,-0.965,0.983,-0.992,-0.847,0.982,0.996,0.789,0.922,-0.996,-0.866,-0.976,-0.986,0.407,-0.966,-0.992,-0.029,-0.877,0.639,-0.982,0.989,0.997,-0.992,0.968,0.988,0.991,-0.975,-0.885,-0.294,0.952,-0.979,-0.984,-0.998,-0.971,-0.992,-0.923,-0.961,0.984,-0.988,-0.981,-0.875,-0.742,-0.996,-0.843,7.106,5.216,10.377,10.289,10.3,10.3,10.233,10.292,6.223,5.42,10.329,10.285,6.546,6.774,10.347,10.305,EssenceCatalog/problems/csplib-prob010-SocialGolfers/params/8ceb8bcd7cd225f18de674b947d15c5e.param
0.973,0.968,0.975,-0.958,0.613,-0.896,-0.851,0.856,0.99,-0.804,-0.959,-0.852,0.997,-0.929,-0.993,0.981,0.97,0.943,0.969,0.963,-0.998,-0.382,0.989,0.982,0.957,0.924,-0.95,-0.88,0.407,-0.982,-0.671,0.704,0.968,-0.874,-0.865,0.936,0.796,-0.947,-0.668,0.593,0.955,0.988,0.638,0.936,0.293,-0.968,0.996,-0.952,0.897,0.991,-0.976,-0.979,-0.968,0.432,-0.976,0.951,0.962,-0.884,0.984,-0.996,-0.909,0.98,0.992,0.601,0.912,-0.996,-0.003,-0.96,-0.986,0.81,-0.962,-0.99,-0.629,-0.931,0.54,-0.965,0.991,0.995,-0.994,0.925,0.986,0.993,-0.986,-0.88,0.495,0.872,-0.98,-0.986,-0.999,-0.981,-0.978,-0.871,-0.931,0.955,-0.97,-0.973,-0.848,-0.846,-0.995,0.109,5.325,4.642,10.357,10.38,10.382,10.381,10.34,10.326,5.31,4.769,10.319,10.374,5.586,5.381,10.338,10.376,EssenceCatalog/problems/csplib-prob010-SocialGolfers/params/214937a4aad1badb096dabba8c951006.param
0.976,0.969,0.972,-0.952,0.713,-0.894,-0.827,0.843,0.979,-0.903,-0.93,-0.88,0.998,-0.903,-0.993,0.868,0.978,0.91,0.958,0.925,-0.998,0.697,0.975,0.981,0.83,0.898,-0.9,-0.908,0.874,-0.99,-0.684,0.63,0.957,-0.872,0.285,0.907,0.655,-0.957,-0.797,0.818,0.616,0.989,0.629,0.864,0.709,-0.968,0.988,-0.944,0.879,0.994,-0.468,-0.97,-0.903,-0.839,-0.675,0.96,0.956,-0.227,0.98,-0.997,-0.95,0.982,0.994,0.888,0.961,-0.996,-0.655,-0.94,-0.981,0.853,-0.979,-0.991,-0.838,-0.919,0.814,-0.979,0.988,0.996,-0.992,0.962,0.991,0.988,-0.983,-0.888,-0.657,0.861,-0.972,-0.988,-0.999,-0.97,-0.978,-0.9,-0.96,0.971,-0.953,-0.985,-0.908,-0.822,-0.996,-0.341,7.214,5.295,10.409,10.397,10.411,10.358,10.368,10.41,6.453,5.506,10.384,10.383,6.791,6.47,10.4,10.397,EssenceCatalog/problems/csplib-prob010-SocialGolfers/params/59081c48e4a6b94fcf5582e6d93bb0f3.param
0.416,0.961,-0.995,-0.981,-0.993,-0.732,0.996,0.984,0.975,-0.944,-0.872,-0.944,0.992,-0.904,-0.997,0.964,0.966,0.962,-0.995,-0.898,-0.996,0.913,0.998,0.987,0.967,0.972,-0.978,-0.956,0.979,-0.991,-0.85,0.574,0.994,-0.972,0.888,-0.621,0.944,-0.965,-0.96,0.55,0.955,0.994,0.658,-0.992,0.084,-0.992,0.996,-0.931,0.877,0.986,-0.965,-0.306,0.939,0.976,-0.987,0.971,0.981,-0.956,0.982,-0.995,-0.968,0.879,0.987,0.954,0.98,-0.998,0.936,-0.95,0.996,0.863,-0.932,-0.992,-0.943,-0.936,0.835,0.991,0.983,0.994,-0.988,-0.881,0.975,0.996,-0.984,-0.936,0.957,0.957,-0.984,-0.98,-0.994,-0.989,-0.988,-0.907,-0.962,0.096,-0.995,-0.989,0.949,-0.721,-0.994,0.902,3.971,3.338,4.625,9.894,10.273,10.216,10.395,10.527,3.96,3.494,4.629,9.925,4.55,4.109,5.581,9.918,EssenceCatalog/problems/csplib-prob010-SocialGolfers/params/32410275b776feed344943d473dbea56.param
0.971,0.967,0.973,-0.948,0.651,-0.888,-0.828,0.843,0.984,-0.856,-0.946,-0.876,0.997,-0.904,-0.991,0.959,0.969,0.933,0.962,0.953,-0.997,0.196,0.981,0.981,0.9,0.891,-0.922,-0.892,0.551,-0.985,-0.6,0.668,0.952,-0.849,-0.613,0.909,0.669,-0.942,-0.688,0.703,0.908,0.988,0.604,0.907,0.512,-0.964,0.992,-0.945,0.857,0.992,-0.879,-0.973,-0.941,-0.248,-0.925,0.961,0.954,-0.59,0.981,-0.996,-0.923,0.98,0.992,0.737,0.926,-0.995,-0.131,-0.939,-0.984,0.84,-0.968,-0.989,-0.777,-0.922,0.696,-0.971,0.989,0.995,-0.992,0.946,0.988,0.991,-0.985,-0.885,-0.019,0.833,-0.976,-0.985,-0.998,-0.974,-0.971,-0.879,-0.938,0.958,-0.951,-0.979,-0.845,-0.822,-0.995,-0.037,5.932,4.846,10.381,10.371,10.374,10.377,10.345,10.351,5.695,5.008,10.355,10.367,6.012,5.699,10.362,10.357,EssenceCatalog/problems/csplib-prob010-SocialGolfers/params/8fa9e80abb97e1badef035dda6274a51.param
0.987,0.963,0.983,-0.97,0.779,-0.934,-0.928,0.76,0.966,-0.836,-0.936,-0.66,0.997,-0.939,-0.992,0.528,0.992,0.694,0.986,0.933,-0.998,0.42,0.99,0.954,0.962,0.959,-0.953,-0.76,0.992,-0.991,-0.907,0.598,0.985,-0.935,0.801,0.976,0.885,-0.96,-0.856,0.69,-0.546,0.987,0.711,0.914,0.58,-0.985,0.991,-0.968,0.979,0.995,-0.869,-0.986,-0.976,-0.867,-0.699,0.823,0.98,-0.967,0.983,-0.995,-0.917,0.975,0.996,0.936,0.969,-0.997,-0.98,-0.98,-0.987,0.45,-0.975,-0.995,-0.133,-0.903,0.618,-0.987,0.988,0.996,-0.992,0.971,0.994,0.986,-0.969,-0.891,-0.851,0.957,-0.972,-0.989,-0.999,-0.963,-0.994,-0.942,-0.97,0.991,-0.99,-0.983,-0.969,-0.833,-0.996,-0.834,7.854,5.547,10.404,10.35,10.353,10.332,10.318,10.365,6.713,5.767,10.391,10.345,7.034,7.246,10.421,10.363,EssenceCatalog/problems/csplib-prob010-SocialGolfers/params/2aca80cbdca4c138820c254712057f61.param
0.958,0.973,0.985,-0.967,0.926,-0.859,-0.938,0.907,0.988,-0.917,-0.985,-0.963,0.998,-0.912,-0.997,0.666,0.982,0.961,0.977,0.982,-0.998,0.767,0.971,0.987,0.848,0.893,-0.965,-0.939,-0.915,-0.99,-0.232,0.974,0.907,-0.834,-0.807,0.867,0.857,-0.958,-0.738,0.892,0.477,0.982,0.789,0.975,0.876,-0.968,0.992,-0.958,0.702,0.992,-0.455,-0.975,-0.895,0.35,-0.819,0.968,0.968,0.317,0.983,-0.995,-0.915,0.985,0.996,0.425,0.863,-0.991,0.759,-0.899,-0.987,0.933,-0.971,-0.99,-0.947,-0.94,0.942,-0.981,0.99,0.998,-0.991,0.975,0.988,0.992,-0.989,-0.942,0.309,0.855,-0.976,-0.988,-0.998,-0.98,-0.953,-0.935,-0.969,0.944,-0.897,-0.988,-0.412,-0.835,-0.998,-0.668,5.896,4.337,10.427,10.316,10.343,10.363,10.355,10.356,5.53,4.517,10.438,10.298,5.881,5.173,10.377,10.281,EssenceCatalog/problems/csplib-prob010-SocialGolfers/params/0328c30e538f40c103b1d2c29e0415c7.param
0.972,0.968,0.974,-0.951,0.591,-0.892,-0.84,0.85,0.987,-0.818,-0.95,-0.854,0.997,-0.919,-0.992,0.975,0.97,0.938,0.968,0.959,-0.997,-0.191,0.988,0.981,0.94,0.912,-0.938,-0.878,0.551,-0.983,-0.668,0.645,0.966,-0.862,-0.791,0.93,0.743,-0.944,-0.674,0.616,0.945,0.988,0.623,0.929,0.338,-0.968,0.995,-0.95,0.896,0.992,-0.955,-0.979,-0.961,0.139,-0.96,0.955,0.96,-0.812,0.984,-0.996,-0.914,0.98,0.992,0.687,0.92,-0.995,-0.106,-0.957,-0.985,0.813,-0.966,-0.991,-0.667,-0.927,0.581,-0.967,0.99,0.995,-0.993,0.933,0.988,0.992,-0.985,-0.88,0.267,0.854,-0.98,-0.985,-0.999,-0.979,-0.978,-0.875,-0.937,0.959,-0.966,-0.975,-0.86,-0.837,-0.994,0.06,5.559,4.751,10.364,10.374,10.368,10.376,10.332,10.323,5.463,4.887,10.325,10.368,5.759,5.536,10.342,10.365,EssenceCatalog/problems/csplib-prob010-SocialGolfers/params/ba02bc7dd5fd6d3c0e4eebacff67069a.param
0.974,0.969,0.968,-0.943,0.59,-0.898,-0.809,0.845,0.987,-0.841,-0.943,-0.868,0.997,-0.909,-0.992,0.98,0.974,0.941,0.958,0.946,-0.998,-0.029,0.985,0.982,0.926,0.907,-0.924,-0.893,0.72,-0.985,-0.663,0.552,0.964,-0.863,-0.671,0.922,0.652,-0.946,-0.697,0.667,0.963,0.99,0.615,0.895,0.381,-0.971,0.995,-0.948,0.893,0.993,-0.93,-0.977,-0.953,-0.222,-0.951,0.966,0.962,-0.764,0.986,-0.997,-0.933,0.978,0.993,0.768,0.937,-0.996,-0.2,-0.952,-0.983,0.846,-0.967,-0.992,-0.743,-0.933,0.622,-0.967,0.991,0.995,-0.993,0.934,0.991,0.992,-0.986,-0.889,0.067,0.84,-0.981,-0.987,-0.999,-0.979,-0.979,-0.885,-0.943,0.963,-0.965,-0.978,-0.876,-0.844,-0.995,0.166,5.784,4.875,10.364,10.391,10.385,10.391,10.355,10.355,5.63,5.021,10.337,10.388,5.937,5.688,10.356,10.381,EssenceCatalog/problems/csplib-prob010-SocialGolfers/params/f00a6026eea5783914b1a4f40c774e80.param
0.39,0.966,-0.992,-0.981,-0.991,-0.736,0.992,0.982,0.97,-0.944,-0.87,-0.947,0.992,-0.885,-0.997,0.937,0.98,0.956,-0.99,-0.811,-0.997,0.931,0.999,0.983,0.96,0.972,-0.976,-0.952,0.986,-0.991,-0.879,0.557,0.996,-0.97,0.919,-0.488,0.937,-0.967,-0.957,0.539,0.935,0.994,0.77,-0.985,0.12,-0.994,0.997,-0.937,0.925,0.992,-0.928,-0.634,0.914,0.962,-0.977,0.966,0.989,-0.951,0.991,-0.994,-0.967,0.89,0.991,0.961,0.98,-0.997,0.907,-0.965,0.993,0.856,-0.946,-0.995,-0.947,-0.936,0.865,0.985,0.985,0.996,-0.987,-0.779,0.987,0.995,-0.98,-0.942,0.903,0.954,-0.99,-0.981,-0.994,-0.99,-0.993,-0.942,-0.976,0.333,-0.995,-0.989,0.927,-0.689,-0.994,0.842,4.093,3.414,4.8,9.979,10.339,10.315,10.453,10.55,4.066,3.565,4.818,10.023,4.641,4.214,5.749,9.999,EssenceCatalog/problems/csplib-prob010-SocialGolfers/params/90d421c4e64f393138c85efc386e35c1.param
0.962,0.972,0.985,-0.965,0.938,-0.859,-0.936,0.898,0.988,-0.908,-0.984,-0.961,0.998,-0.915,-0.996,0.776,0.98,0.964,0.975,0.981,-0.998,0.681,0.953,0.988,0.847,0.876,-0.961,-0.94,-0.923,-0.989,-0.157,0.971,0.859,-0.819,-0.849,0.861,0.842,-0.954,-0.692,0.891,0.683,0.983,0.743,0.971,0.868,-0.963,0.991,-0.956,0.621,0.991,-0.51,-0.967,-0.903,0.323,-0.856,0.971,0.965,0.277,0.981,-0.995,-0.917,0.981,0.996,0.389,0.864,-0.991,0.779,-0.872,-0.988,0.937,-0.966,-0.989,-0.944,-0.933,0.938,-0.983,0.99,0.998,-0.991,0.975,0.987,0.992,-0.989,-0.937,0.394,0.838,-0.97,-0.989,-0.998,-0.979,-0.94,-0.932,-0.966,0.939,-0.885,-0.987,-0.462,-0.832,-0.998,-0.586,5.709,4.292,10.397,10.283,10.323,10.331,10.339,10.335,5.438,4.465,10.403,10.268,5.775,5.054,10.348,10.255,EssenceCatalog/problems/csplib-prob010-SocialGolfers/params/d97a0b19335c95b681683fb9372ff75c.param
0.969,0.972,0.972,-0.953,0.746,-0.875,-0.816,0.872,0.984,-0.907,-0.952,-0.916,0.998,-0.905,-0.994,0.912,0.974,0.943,0.953,0.942,-0.998,0.647,0.972,0.985,0.822,0.878,-0.916,-0.924,0.425,-0.989,-0.524,0.786,0.936,-0.851,-0.33,0.874,0.686,-0.956,-0.756,0.824,0.802,0.989,0.639,0.888,0.736,-0.964,0.99,-0.943,0.795,0.993,-0.534,-0.966,-0.888,-0.563,-0.808,0.972,0.952,-0.0,0.98,-0.997,-0.943,0.982,0.994,0.809,0.944,-0.995,-0.038,-0.921,-0.98,0.898,-0.976,-0.99,-0.892,-0.925,0.845,-0.975,0.988,0.996,-0.992,0.957,0.989,0.99,-0.986,-0.897,-0.278,0.834,-0.974,-0.988,-0.999,-0.976,-0.967,-0.894,-0.956,0.954,-0.932,-0.985,-0.822,-0.823,-0.997,-0.219,6.491,4.919,10.4,10.371,10.383,10.367,10.363,10.387,6.019,5.119,10.383,10.361,6.356,5.845,10.373,10.355,EssenceCatalog/problems/csplib-prob010-SocialGolfers/params/2cc872eadea82635651e384053b60571.param
0.983,0.968,0.969,-0.95,0.582,-0.916,-0.83,0.793,0.979,-0.859,-0.907,-0.79,0.997,-0.918,-0.991,0.942,0.984,0.862,0.964,0.896,-0.998,0.336,0.986,0.973,0.925,0.938,-0.896,-0.851,0.984,-0.988,-0.84,0.186,0.98,-0.901,0.418,0.951,0.697,-0.953,-0.818,0.721,0.782,0.992,0.616,0.832,0.418,-0.978,0.993,-0.951,0.957,0.995,-0.857,-0.979,-0.96,-0.872,-0.838,0.942,0.969,-0.857,0.984,-0.996,-0.947,0.977,0.994,0.93,0.972,-0.997,-0.906,-0.969,-0.982,0.731,-0.976,-0.994,-0.569,-0.929,0.591,-0.977,0.99,0.995,-0.994,0.95,0.993,0.988,-0.98,-0.874,-0.71,0.894,-0.976,-0.989,-0.999,-0.97,-0.989,-0.908,-0.957,0.981,-0.981,-0.982,-0.961,-0.853,-0.995,-0.278,6.964,5.41,10.381,10.406,10.425,10.379,10.359,10.388,6.34,5.59,10.362,10.406,6.649,6.613,10.422,10.421,EssenceCatalog/problems/csplib-prob010-SocialGolfers/params/115f95cc3f5234b7cd27d7d45eb5551e.param
0.991,0.982,0.991,-0.988,0.989,-0.966,-0.985,0.839,0.974,-0.961,-0.987,-0.867,0.999,-0.97,-0.998,-0.99,0.999,0.593,0.996,0.917,-0.999,0.981,0.976,0.946,0.936,0.98,-0.99,-0.962,0.974,-0.997,-0.934,0.988,0.989,-0.974,0.991,0.982,0.979,-0.99,-0.953,0.918,-0.998,0.986,0.948,0.984,0.978,-0.993,0.982,-0.982,0.982,0.996,0.941,-0.986,-0.88,-0.972,0.956,0.819,0.991,-0.857,0.992,-0.995,-0.966,0.986,0.999,0.971,0.974,-0.997,-0.985,-0.985,-0.982,0.894,-0.991,-0.998,-0.854,-0.939,0.984,-0.996,0.986,0.999,-0.989,0.995,0.997,0.978,-0.975,-0.979,-0.988,0.99,-0.973,-0.995,-0.999,-0.962,-0.996,-0.99,-0.997,0.998,-0.99,-0.997,-0.952,-0.902,-0.999,-0.992,9.608,5.793,10.461,10.381,10.396,10.374,10.466,10.416,7.541,6.066,10.47,10.355,7.963,7.81,10.466,10.393,EssenceCatalog/problems/csplib-prob010-SocialGolfers/params/698f637d91d9c4d603d09394703e31a1.param
0.969,0.969,0.974,-0.949,0.718,-0.872,-0.837,0.857,0.983,-0.884,-0.947,-0.902,0.997,-0.893,-0.992,0.93,0.971,0.935,0.961,0.953,-0.997,0.501,0.976,0.982,0.851,0.876,-0.913,-0.907,0.436,-0.987,-0.548,0.748,0.941,-0.842,-0.46,0.894,0.646,-0.947,-0.711,0.777,0.838,0.987,0.632,0.907,0.649,-0.963,0.99,-0.941,0.818,0.992,-0.715,-0.97,-0.917,-0.449,-0.863,0.965,0.952,-0.235,0.98,-0.996,-0.93,0.981,0.993,0.761,0.929,-0.994,-0.091,-0.926,-0.983,0.869,-0.972,-0.989,-0.856,-0.919,0.796,-0.974,0.988,0.996,-0.992,0.956,0.988,0.99,-0.985,-0.892,-0.187,0.82,-0.974,-0.986,-0.998,-0.974,-0.968,-0.888,-0.948,0.956,-0.938,-0.981,-0.83,-0.812,-0.996,-0.171,6.263,4.883,10.399,10.364,10.367,10.364,10.344,10.361,5.881,5.069,10.377,10.354,6.212,5.78,10.372,10.345,EssenceCatalog/problems/csplib-prob010-SocialGolfers/params/33ffc1db6d9959a46c5b432900c1f8ec.param
0.973,0.946,0.985,-0.975,0.771,-0.884,-0.94,0.849,0.975,-0.816,-0.968,-0.779,0.997,-0.931,-0.992,0.364,0.987,0.781,0.988,0.983,-0.997,0.29,0.994,0.956,0.959,0.946,-0.974,-0.719,0.782,-0.986,-0.808,0.888,0.983,-0.907,0.133,0.963,0.915,-0.955,-0.788,0.561,-0.678,0.973,0.765,0.963,0.644,-0.979,0.991,-0.974,0.955,0.992,-0.955,-0.987,-0.965,0.214,-0.897,0.712,0.98,-0.944,0.981,-0.99,-0.817,0.981,0.996,0.724,0.893,-0.993,-0.783,-0.973,-0.986,0.478,-0.965,-0.992,-0.148,-0.883,0.698,-0.983,0.986,0.997,-0.989,0.972,0.988,0.989,-0.973,-0.897,-0.252,0.943,-0.98,-0.98,-0.998,-0.967,-0.99,-0.93,-0.962,0.982,-0.985,-0.98,-0.825,-0.707,-0.996,-0.86,7.102,5.148,10.382,10.277,10.286,10.304,10.222,10.283,6.188,5.35,10.335,10.273,6.515,6.708,10.344,10.299,EssenceCatalog/problems/csplib-prob010-SocialGolfers/params/3f921fcdd661e02e3601e98d4424eb35.param
0.979,0.95,0.984,-0.977,0.723,-0.891,-0.927,0.839,0.979,-0.803,-0.964,-0.739,0.997,-0.944,-0.993,0.609,0.988,0.794,0.986,0.978,-0.998,0.097,0.994,0.961,0.97,0.955,-0.975,-0.724,0.908,-0.987,-0.853,0.828,0.985,-0.927,0.163,0.968,0.915,-0.956,-0.789,0.529,-0.461,0.981,0.731,0.954,0.575,-0.979,0.992,-0.971,0.962,0.992,-0.974,-0.986,-0.972,0.154,-0.93,0.745,0.981,-0.97,0.983,-0.992,-0.85,0.982,0.996,0.781,0.921,-0.996,-0.857,-0.977,-0.986,0.416,-0.966,-0.992,0.001,-0.879,0.606,-0.981,0.989,0.997,-0.993,0.966,0.988,0.992,-0.977,-0.885,-0.202,0.953,-0.979,-0.984,-0.998,-0.972,-0.992,-0.921,-0.959,0.984,-0.989,-0.981,-0.873,-0.746,-0.996,-0.819,6.934,5.177,10.385,10.299,10.312,10.308,10.241,10.298,6.138,5.377,10.333,10.297,6.458,6.677,10.351,10.313,EssenceCatalog/problems/csplib-prob010-SocialGolfers/params/db3393704ad0671ffe1218fc5089e129.param
0.957,0.968,0.978,-0.954,0.789,-0.859,-0.88,0.875,0.986,-0.883,-0.968,-0.932,0.997,-0.894,-0.994,0.92,0.966,0.952,0.968,0.973,-0.997,0.386,0.976,0.984,0.868,0.874,-0.941,-0.918,-0.624,-0.985,-0.378,0.893,0.928,-0.818,-0.842,0.877,0.735,-0.941,-0.638,0.773,0.856,0.983,0.699,0.949,0.681,-0.958,0.991,-0.948,0.749,0.99,-0.802,-0.97,-0.922,0.331,-0.917,0.964,0.953,-0.152,0.979,-0.995,-0.903,0.98,0.993,0.471,0.876,-0.991,0.582,-0.913,-0.985,0.891,-0.967,-0.987,-0.888,-0.93,0.828,-0.972,0.988,0.996,-0.991,0.954,0.984,0.991,-0.986,-0.908,0.366,0.809,-0.975,-0.984,-0.998,-0.976,-0.953,-0.886,-0.946,0.933,-0.917,-0.98,-0.623,-0.825,-0.996,-0.222,5.484,4.381,10.355,10.306,10.326,10.331,10.313,10.305,5.344,4.527,10.352,10.289,5.649,5.084,10.322,10.281,EssenceCatalog/problems/csplib-prob010-SocialGolfers/params/64c93dee4f73cb2833e034766133166b.param
0.98,0.952,0.985,-0.978,0.749,-0.897,-0.933,0.832,0.974,-0.814,-0.961,-0.716,0.997,-0.942,-0.993,0.398,0.989,0.746,0.987,0.975,-0.998,0.262,0.994,0.956,0.966,0.955,-0.975,-0.723,0.946,-0.988,-0.877,0.824,0.987,-0.931,0.457,0.972,0.917,-0.959,-0.814,0.558,-0.682,0.981,0.753,0.953,0.619,-0.981,0.991,-0.971,0.968,0.993,-0.956,-0.987,-0.97,-0.13,-0.88,0.71,0.982,-0.97,0.984,-0.992,-0.856,0.982,0.996,0.831,0.934,-0.996,-0.913,-0.979,-0.986,0.386,-0.97,-0.993,-0.006,-0.878,0.652,-0.983,0.989,0.997,-0.992,0.97,0.99,0.99,-0.974,-0.888,-0.454,0.957,-0.979,-0.985,-0.998,-0.97,-0.993,-0.929,-0.965,0.986,-0.99,-0.983,-0.898,-0.755,-0.996,-0.867,7.384,5.315,10.371,10.291,10.301,10.3,10.243,10.299,6.381,5.525,10.331,10.286,6.703,6.963,10.355,10.31,EssenceCatalog/problems/csplib-prob010-SocialGolfers/params/be19ea23e9edad8f3d147ad2afd9da22.param
0.968,0.964,0.974,-0.947,0.629,-0.88,-0.84,0.842,0.983,-0.85,-0.946,-0.87,0.997,-0.902,-0.991,0.949,0.969,0.93,0.966,0.958,-0.997,0.234,0.983,0.98,0.899,0.891,-0.922,-0.881,0.52,-0.984,-0.61,0.679,0.957,-0.847,-0.6,0.914,0.685,-0.941,-0.688,0.685,0.867,0.986,0.618,0.914,0.513,-0.962,0.991,-0.946,0.868,0.991,-0.879,-0.975,-0.942,-0.195,-0.919,0.953,0.954,-0.584,0.98,-0.995,-0.913,0.981,0.992,0.729,0.921,-0.994,-0.158,-0.943,-0.984,0.82,-0.969,-0.989,-0.758,-0.918,0.69,-0.971,0.988,0.995,-0.991,0.947,0.986,0.99,-0.983,-0.88,-0.047,0.836,-0.977,-0.984,-0.998,-0.973,-0.973,-0.872,-0.937,0.957,-0.952,-0.977,-0.839,-0.82,-0.995,-0.133,5.971,4.848,10.384,10.362,10.361,10.367,10.328,10.335,5.704,5.011,10.354,10.357,6.024,5.727,10.359,10.349,EssenceCatalog/problems/csplib-prob010-SocialGolfers/params/5ea5f03e7085db49244500d57972846f.param
0.984,0.969,0.97,-0.956,0.569,-0.917,-0.813,0.806,0.982,-0.848,-0.92,-0.774,0.997,-0.93,-0.992,0.954,0.983,0.865,0.965,0.901,-0.998,0.146,0.988,0.975,0.945,0.944,-0.914,-0.85,0.981,-0.987,-0.845,0.263,0.98,-0.911,0.263,0.955,0.758,-0.955,-0.816,0.689,0.809,0.992,0.602,0.836,0.39,-0.977,0.994,-0.953,0.957,0.994,-0.922,-0.979,-0.965,-0.799,-0.902,0.938,0.969,-0.913,0.984,-0.997,-0.946,0.978,0.994,0.917,0.97,-0.998,-0.895,-0.971,-0.981,0.721,-0.974,-0.993,-0.479,-0.928,0.538,-0.975,0.991,0.994,-0.995,0.945,0.992,0.99,-0.982,-0.87,-0.582,0.909,-0.975,-0.989,-0.999,-0.975,-0.99,-0.896,-0.951,0.981,-0.984,-0.982,-0.958,-0.848,-0.995,-0.257,6.768,5.357,10.393,10.413,10.426,10.395,10.372,10.4,6.227,5.534,10.37,10.417,6.536,6.527,10.43,10.426,EssenceCatalog/problems/csplib-prob010-SocialGolfers/params/5df8e6c4d83c1928dae777cc66dadf00.param
0.989,0.983,0.992,-0.985,0.973,-0.957,-0.985,0.751,0.959,-0.925,-0.971,-0.743,0.998,-0.96,-0.996,-0.979,0.998,0.4,0.997,0.924,-0.999,0.958,0.992,0.898,0.952,0.973,-0.988,-0.93,0.995,-0.996,-0.97,0.959,0.993,-0.966,0.99,0.99,0.969,-0.989,-0.934,0.833,-0.997,0.984,0.951,0.983,0.95,-0.994,0.982,-0.976,0.992,0.996,0.821,-0.992,-0.954,-0.97,0.92,0.727,0.991,-0.964,0.991,-0.993,-0.952,0.985,0.998,0.968,0.978,-0.998,-0.996,-0.992,-0.986,0.719,-0.99,-0.997,-0.715,-0.938,0.962,-0.995,0.984,0.998,-0.986,0.992,0.997,0.969,-0.966,-0.968,-0.989,0.989,-0.976,-0.994,-0.999,-0.959,-0.997,-0.987,-0.995,0.997,-0.993,-0.993,-0.98,-0.905,-0.998,-0.99,9.49,5.76,10.374,10.277,10.293,10.274,10.353,10.289,7.446,6.029,10.383,10.245,7.856,7.801,10.374,10.285,EssenceCatalog/problems/csplib-prob010-SocialGolfers/params/6ce62d009a117f2c4f423a4066553288.param
0.977,0.968,0.974,-0.952,0.583,-0.9,-0.828,0.835,0.986,-0.825,-0.942,-0.831,0.997,-0.921,-0.992,0.973,0.975,0.928,0.967,0.949,-0.998,-0.089,0.987,0.98,0.94,0.921,-0.928,-0.871,0.81,-0.984,-0.719,0.537,0.968,-0.877,-0.597,0.936,0.732,-0.946,-0.712,0.644,0.929,0.989,0.59,0.907,0.359,-0.97,0.995,-0.95,0.914,0.993,-0.947,-0.978,-0.961,-0.251,-0.95,0.954,0.962,-0.844,0.984,-0.996,-0.926,0.98,0.993,0.786,0.939,-0.996,-0.452,-0.96,-0.985,0.791,-0.968,-0.991,-0.616,-0.923,0.564,-0.972,0.991,0.995,-0.994,0.939,0.989,0.992,-0.985,-0.876,0.009,0.869,-0.978,-0.987,-0.999,-0.977,-0.982,-0.88,-0.938,0.967,-0.971,-0.977,-0.9,-0.832,-0.995,-0.006,5.92,4.966,10.395,10.391,10.38,10.389,10.35,10.358,5.703,5.115,10.356,10.39,6.021,5.859,10.38,10.385,EssenceCatalog/problems/csplib-prob010-SocialGolfers/params/3ecb5f00730f13c0d7bc5dee847c14d5.param
0.961,0.97,0.974,-0.954,0.773,-0.869,-0.865,0.877,0.988,-0.849,-0.967,-0.918,0.997,-0.903,-0.994,0.966,0.966,0.956,0.965,0.972,-0.997,-0.07,0.98,0.985,0.912,0.877,-0.947,-0.91,-0.56,-0.983,-0.435,0.867,0.931,-0.83,-0.922,0.892,0.737,-0.938,-0.591,0.724,0.954,0.986,0.674,0.949,0.533,-0.963,0.994,-0.95,0.769,0.99,-0.923,-0.971,-0.941,0.602,-0.96,0.966,0.956,-0.537,0.984,-0.995,-0.895,0.977,0.993,0.38,0.87,-0.993,0.661,-0.924,-0.986,0.887,-0.958,-0.989,-0.854,-0.926,0.765,-0.965,0.99,0.996,-0.992,0.945,0.986,0.992,-0.987,-0.907,0.607,0.807,-0.978,-0.984,-0.998,-0.98,-0.959,-0.89,-0.942,0.935,-0.938,-0.976,-0.665,-0.824,-0.995,0.063,5.1,4.311,10.312,10.316,10.355,10.345,10.331,10.297,5.136,4.436,10.315,10.303,5.4,4.94,10.303,10.304,EssenceCatalog/problems/csplib-prob010-SocialGolfers/params/6ddc2ada4b769f692e7b2abb95bd6e9c.param
0.44,0.964,-0.994,-0.98,-0.992,-0.738,0.995,0.983,0.974,-0.947,-0.876,-0.945,0.992,-0.897,-0.997,0.962,0.967,0.963,-0.994,-0.892,-0.996,0.915,0.998,0.987,0.964,0.973,-0.978,-0.958,0.982,-0.991,-0.875,0.574,0.995,-0.97,0.893,-0.591,0.941,-0.968,-0.959,0.541,0.954,0.995,0.713,-0.99,0.08,-0.993,0.996,-0.928,0.901,0.987,-0.952,-0.425,0.931,0.972,-0.984,0.972,0.983,-0.952,0.984,-0.995,-0.968,0.88,0.988,0.958,0.981,-0.998,0.922,-0.959,0.995,0.866,-0.942,-0.992,-0.949,-0.946,0.843,0.99,0.984,0.994,-0.988,-0.874,0.978,0.996,-0.983,-0.936,0.943,0.957,-0.986,-0.982,-0.994,-0.99,-0.99,-0.908,-0.967,0.151,-0.995,-0.989,0.933,-0.745,-0.994,0.898,4.009,3.367,4.687,9.932,10.301,10.253,10.422,10.546,3.995,3.52,4.695,9.97,4.581,4.141,5.637,9.955,EssenceCatalog/problems/csplib-prob010-SocialGolfers/params/207db0c4effa62e955b957f5ca7da1e1.param
0.962,0.97,0.978,-0.954,0.821,-0.861,-0.879,0.874,0.987,-0.871,-0.968,-0.927,0.997,-0.901,-0.994,0.94,0.967,0.953,0.968,0.973,-0.997,0.227,0.973,0.984,0.881,0.863,-0.941,-0.915,-0.587,-0.985,-0.364,0.891,0.911,-0.821,-0.872,0.88,0.734,-0.939,-0.614,0.777,0.909,0.985,0.665,0.951,0.654,-0.959,0.992,-0.947,0.724,0.99,-0.838,-0.968,-0.929,0.361,-0.932,0.967,0.953,-0.269,0.981,-0.995,-0.904,0.978,0.993,0.464,0.876,-0.992,0.6,-0.907,-0.987,0.896,-0.961,-0.988,-0.878,-0.92,0.82,-0.973,0.989,0.996,-0.991,0.957,0.986,0.992,-0.987,-0.909,0.439,0.798,-0.975,-0.985,-0.998,-0.978,-0.952,-0.896,-0.947,0.938,-0.921,-0.978,-0.662,-0.812,-0.996,-0.13,5.371,4.365,10.346,10.303,10.332,10.334,10.322,10.303,5.287,4.506,10.344,10.288,5.581,5.039,10.322,10.281,EssenceCatalog/problems/csplib-prob010-SocialGolfers/params/95ae19d5b7d2f768b5fa15b52d325b0b.param
0.952,0.955,0.979,-0.965,0.778,-0.86,-0.916,0.874,0.988,-0.82,-0.975,-0.909,0.996,-0.916,-0.994,0.915,0.966,0.941,0.977,0.985,-0.997,-0.15,0.989,0.979,0.949,0.912,-0.967,-0.863,-0.752,-0.981,-0.435,0.921,0.955,-0.843,-0.939,0.915,0.846,-0.934,-0.563,0.617,0.813,0.978,0.748,0.97,0.539,-0.964,0.993,-0.957,0.834,0.988,-0.968,-0.978,-0.955,0.867,-0.973,0.921,0.963,-0.744,0.979,-0.992,-0.819,0.98,0.992,0.119,0.8,-0.99,0.658,-0.942,-0.986,0.809,-0.953,-0.986,-0.738,-0.921,0.727,-0.962,0.987,0.997,-0.991,0.945,0.977,0.992,-0.985,-0.906,0.726,0.853,-0.98,-0.979,-0.998,-0.975,-0.966,-0.891,-0.938,0.932,-0.951,-0.975,-0.506,-0.801,-0.995,-0.314,5.057,4.243,10.319,10.295,10.345,10.323,10.305,10.266,5.053,4.363,10.329,10.283,5.308,4.959,10.301,10.284,EssenceCatalog/problems/csplib-prob010-SocialGolfers/params/ac50300fb3f75f1cba745f1002527951.param
0.991,0.99,0.995,-0.99,0.99,-0.972,-0.992,0.939,0.987,-0.977,-0.988,-0.983,0.999,-0.984,-0.999,-0.958,0.997,0.918,0.996,0.932,-0.999,0.995,0.977,0.984,0.897,0.98,-0.988,-0.983,0.98,-0.998,-0.972,0.988,0.99,-0.981,0.99,0.989,0.974,-0.997,-0.983,0.976,-0.995,0.993,0.981,0.987,0.987,-0.994,0.99,-0.969,0.986,0.997,0.982,-0.99,-0.852,-0.996,0.988,0.983,0.986,0.812,0.993,-0.999,-0.992,0.994,0.998,0.987,0.992,-0.999,-0.992,-0.99,-0.988,0.977,-0.997,-0.997,-0.976,-0.989,0.986,-0.997,0.984,0.999,-0.996,0.99,0.997,0.982,-0.987,-0.985,-0.997,0.988,-0.975,-0.998,-0.999,-0.98,-0.996,-0.989,-0.997,0.995,-0.988,-0.997,-0.993,-0.979,-0.999,-0.991,9.676,5.748,10.485,10.413,10.301,10.329,10.432,10.461,7.638,6.01,10.461,10.36,8.127,7.584,10.423,10.398,EssenceCatalog/problems/csplib-prob010-SocialGolfers/params/0946889e4b7e3dc35224b6adc0f2f48f.param
0.977,0.948,0.984,-0.977,0.731,-0.885,-0.928,0.844,0.979,-0.804,-0.965,-0.758,0.997,-0.941,-0.993,0.565,0.986,0.805,0.985,0.98,-0.998,0.125,0.994,0.961,0.967,0.95,-0.975,-0.724,0.861,-0.986,-0.832,0.847,0.983,-0.922,0.059,0.965,0.912,-0.955,-0.773,0.533,-0.484,0.979,0.742,0.958,0.594,-0.978,0.992,-0.969,0.956,0.992,-0.97,-0.986,-0.969,0.248,-0.93,0.741,0.979,-0.961,0.982,-0.991,-0.84,0.982,0.996,0.751,0.913,-0.995,-0.812,-0.974,-0.986,0.421,-0.965,-0.992,-0.062,-0.876,0.634,-0.981,0.989,0.997,-0.992,0.966,0.987,0.991,-0.977,-0.884,-0.142,0.948,-0.979,-0.983,-0.998,-0.972,-0.991,-0.919,-0.958,0.982,-0.987,-0.981,-0.849,-0.737,-0.996,-0.822,6.872,5.127,10.385,10.291,10.302,10.307,10.232,10.291,6.088,5.326,10.33,10.289,6.411,6.61,10.344,10.305,EssenceCatalog/problems/csplib-prob010-SocialGolfers/params/39618fe5331472e904e3bb14e8724879.param
0.98,0.954,0.988,-0.985,0.93,-0.918,-0.972,0.848,0.965,-0.873,-0.979,-0.766,0.998,-0.945,-0.996,-0.858,0.996,0.613,0.993,0.983,-0.998,0.822,0.993,0.939,0.952,0.965,-0.988,-0.821,0.907,-0.992,-0.871,0.966,0.99,-0.949,0.871,0.979,0.963,-0.977,-0.884,0.732,-0.987,0.971,0.879,0.979,0.891,-0.989,0.988,-0.982,0.978,0.994,-0.52,-0.99,-0.953,-0.407,-0.151,0.539,0.989,-0.962,0.987,-0.988,-0.862,0.982,0.998,0.868,0.931,-0.994,-0.947,-0.981,-0.986,0.562,-0.978,-0.996,-0.307,-0.877,0.916,-0.992,0.987,0.999,-0.987,0.989,0.995,0.984,-0.969,-0.948,-0.806,0.979,-0.981,-0.987,-0.998,-0.96,-0.995,-0.974,-0.988,0.994,-0.991,-0.99,-0.853,-0.747,-0.998,-0.977,8.596,5.525,10.361,10.262,10.273,10.323,10.307,10.299,6.957,5.765,10.345,10.257,7.307,7.515,10.375,10.313,EssenceCatalog/problems/csplib-prob010-SocialGolfers/params/ebee4804fd009e81bb402e1384d57ad5.param
0.941,0.565,-0.517,-0.932,-0.169,-0.687,0.977,0.707,0.975,-0.961,-0.915,-0.746,0.995,-0.927,-0.994,0.887,-0.862,0.933,-0.985,-0.981,-0.969,0.542,-0.991,0.968,0.94,0.793,-0.86,-0.968,-0.373,-0.926,0.93,0.928,-0.99,-0.949,-0.173,-0.788,0.937,-0.808,-0.732,0.958,-0.437,0.967,-0.803,-0.987,0.922,0.811,-0.945,0.754,-0.982,-0.732,-0.821,0.991,0.925,-0.755,-0.903,0.958,-0.884,0.555,-0.987,-0.992,-0.968,0.77,-0.851,0.258,0.932,-0.993,-0.043,0.908,0.986,0.734,-0.367,0.934,-0.781,-0.733,0.629,0.591,0.906,-0.967,-0.988,-0.596,-0.897,0.974,-0.966,-0.344,0.988,0.925,0.964,-0.982,-0.989,-0.562,0.979,0.768,0.916,-0.881,0.314,-0.972,0.394,-0.899,-0.986,0.9,2.01,1.29,1.463,4.813,3.492,2.73,3.953,7.256,1.938,1.488,1.494,4.538,2.256,1.485,1.992,4.789,EssenceCatalog/problems/csplib-prob010-SocialGolfers/params/ord16-5-4-4.param
0.968,0.967,0.971,-0.953,0.651,-0.884,-0.851,0.867,0.988,-0.808,-0.959,-0.878,0.996,-0.916,-0.993,0.978,0.971,0.951,0.965,0.968,-0.997,-0.272,0.988,0.983,0.945,0.91,-0.948,-0.884,0.071,-0.982,-0.567,0.749,0.96,-0.855,-0.896,0.921,0.757,-0.939,-0.617,0.625,0.965,0.988,0.648,0.938,0.345,-0.97,0.996,-0.954,0.871,0.992,-0.964,-0.979,-0.959,0.536,-0.971,0.957,0.964,-0.816,0.987,-0.996,-0.902,0.979,0.993,0.559,0.896,-0.994,0.333,-0.952,-0.984,0.837,-0.959,-0.991,-0.726,-0.919,0.634,-0.962,0.991,0.996,-0.993,0.932,0.988,0.993,-0.986,-0.892,0.548,0.847,-0.982,-0.985,-0.998,-0.981,-0.975,-0.893,-0.941,0.952,-0.963,-0.975,-0.782,-0.829,-0.995,0.126,5.19,4.5,10.326,10.356,10.379,10.376,10.335,10.303,5.214,4.627,10.31,10.35,5.475,5.186,10.323,10.35,EssenceCatalog/problems/csplib-prob010-SocialGolfers/params/3b12cc2fb8699f72e6d7c0a7001027b9.param
0.99,0.989,0.994,-0.986,0.987,-0.97,-0.991,0.809,0.963,-0.953,-0.978,-0.875,0.999,-0.969,-0.997,-0.99,0.998,0.551,0.998,0.913,-0.999,0.985,0.989,0.92,0.939,0.979,-0.989,-0.966,0.995,-0.997,-0.976,0.977,0.992,-0.969,0.995,0.99,0.974,-0.993,-0.956,0.915,-0.998,0.985,0.971,0.987,0.976,-0.995,0.982,-0.976,0.99,0.997,0.974,-0.992,-0.933,-0.992,0.983,0.88,0.991,-0.811,0.994,-0.995,-0.974,0.988,0.998,0.981,0.982,-0.998,-0.996,-0.992,-0.988,0.888,-0.994,-0.998,-0.888,-0.965,0.98,-0.997,0.982,0.999,-0.989,0.995,0.998,0.963,-0.972,-0.982,-0.996,0.989,-0.976,-0.996,-0.999,-0.962,-0.997,-0.992,-0.997,0.998,-0.991,-0.995,-0.988,-0.94,-0.999,-0.993,9.659,5.821,10.49,10.407,10.409,10.391,10.483,10.432,7.575,6.092,10.501,10.377,8.003,7.836,10.491,10.416,EssenceCatalog/problems/csplib-prob010-SocialGolfers/params/52e3fcbff080da8e841596281b4ca1ed.param
0.978,0.969,0.97,-0.953,0.563,-0.906,-0.806,0.844,0.988,-0.831,-0.944,-0.833,0.997,-0.925,-0.992,0.981,0.973,0.927,0.961,0.941,-0.998,-0.175,0.987,0.981,0.946,0.926,-0.93,-0.879,0.833,-0.985,-0.73,0.525,0.97,-0.881,-0.61,0.935,0.738,-0.95,-0.732,0.646,0.947,0.991,0.593,0.888,0.333,-0.972,0.995,-0.95,0.915,0.993,-0.956,-0.977,-0.961,-0.223,-0.96,0.957,0.962,-0.87,0.984,-0.997,-0.933,0.979,0.993,0.787,0.944,-0.997,-0.453,-0.962,-0.982,0.808,-0.967,-0.991,-0.635,-0.932,0.55,-0.967,0.991,0.995,-0.994,0.929,0.989,0.993,-0.986,-0.878,0.067,0.877,-0.979,-0.987,-0.999,-0.98,-0.982,-0.872,-0.936,0.966,-0.974,-0.979,-0.904,-0.844,-0.995,0.098,5.846,4.955,10.383,10.402,10.392,10.397,10.363,10.371,5.67,5.101,10.346,10.401,5.983,5.822,10.371,10.395,EssenceCatalog/problems/csplib-prob010-SocialGolfers/params/ba56d1a395b72025aaf8f7a148c35499.param
0.974,0.967,0.973,-0.947,0.661,-0.894,-0.829,0.831,0.979,-0.887,-0.933,-0.868,0.997,-0.898,-0.991,0.901,0.974,0.911,0.96,0.937,-0.997,0.591,0.978,0.979,0.855,0.897,-0.905,-0.895,0.823,-0.988,-0.67,0.608,0.96,-0.859,0.024,0.91,0.644,-0.949,-0.766,0.772,0.715,0.988,0.621,0.88,0.641,-0.965,0.989,-0.943,0.881,0.992,-0.654,-0.972,-0.921,-0.738,-0.786,0.957,0.954,-0.357,0.979,-0.996,-0.939,0.982,0.993,0.854,0.952,-0.995,-0.577,-0.941,-0.982,0.832,-0.977,-0.99,-0.806,-0.922,0.765,-0.977,0.988,0.995,-0.992,0.957,0.989,0.988,-0.982,-0.883,-0.542,0.849,-0.973,-0.987,-0.999,-0.968,-0.976,-0.89,-0.951,0.969,-0.952,-0.983,-0.893,-0.824,-0.995,-0.286,6.882,5.205,10.408,10.387,10.391,10.364,10.35,10.39,6.258,5.4,10.38,10.378,6.592,6.3,10.397,10.389,EssenceCatalog/problems/csplib-prob010-SocialGolfers/params/d86bc04e6e526dc2727d940848dbd3d3.param
0.963,0.971,0.98,-0.96,0.836,-0.867,-0.891,0.886,0.985,-0.92,-0.97,-0.942,0.998,-0.908,-0.995,0.8,0.975,0.95,0.968,0.967,-0.998,0.771,0.973,0.986,0.812,0.88,-0.942,-0.933,-0.353,-0.989,-0.425,0.913,0.928,-0.843,-0.486,0.873,0.774,-0.96,-0.768,0.857,0.525,0.985,0.732,0.942,0.823,-0.963,0.989,-0.947,0.765,0.991,-0.405,-0.971,-0.885,-0.306,-0.757,0.968,0.955,0.272,0.978,-0.996,-0.931,0.985,0.995,0.716,0.921,-0.994,0.281,-0.915,-0.984,0.91,-0.977,-0.989,-0.924,-0.936,0.895,-0.98,0.988,0.997,-0.992,0.966,0.986,0.99,-0.987,-0.915,-0.146,0.847,-0.973,-0.988,-0.998,-0.976,-0.96,-0.903,-0.961,0.946,-0.912,-0.987,-0.71,-0.835,-0.997,-0.513,6.455,4.704,10.45,10.342,10.342,10.342,10.341,10.375,5.914,4.902,10.444,10.326,6.274,5.632,10.396,10.313,EssenceCatalog/problems/csplib-prob010-SocialGolfers/params/e227824765206b6c6b10fdd9921aec0a.param
0.971,0.969,0.971,-0.957,0.624,-0.899,-0.846,0.87,0.991,-0.809,-0.964,-0.867,0.997,-0.927,-0.993,0.984,0.968,0.95,0.967,0.964,-0.998,-0.485,0.989,0.984,0.96,0.925,-0.956,-0.891,0.1,-0.982,-0.638,0.759,0.967,-0.865,-0.921,0.929,0.807,-0.946,-0.644,0.607,0.972,0.989,0.658,0.941,0.28,-0.969,0.996,-0.955,0.882,0.991,-0.98,-0.978,-0.965,0.643,-0.981,0.956,0.962,-0.879,0.986,-0.996,-0.907,0.979,0.993,0.49,0.898,-0.996,0.315,-0.958,-0.984,0.842,-0.96,-0.99,-0.686,-0.936,0.564,-0.958,0.991,0.995,-0.994,0.918,0.986,0.994,-0.987,-0.892,0.655,0.871,-0.981,-0.986,-0.999,-0.983,-0.976,-0.876,-0.934,0.948,-0.969,-0.974,-0.809,-0.85,-0.995,0.228,5.072,4.48,10.322,10.368,10.385,10.381,10.342,10.312,5.147,4.602,10.309,10.361,5.402,5.146,10.32,10.366,EssenceCatalog/problems/csplib-prob010-SocialGolfers/params/864f4486092e37ccfe7e7fe35d79f03d.param
0.967,0.969,0.975,-0.952,0.723,-0.875,-0.845,0.861,0.986,-0.856,-0.957,-0.9,0.997,-0.904,-0.993,0.96,0.966,0.945,0.963,0.965,-0.997,0.104,0.979,0.983,0.904,0.881,-0.935,-0.902,-0.017,-0.985,-0.495,0.796,0.938,-0.84,-0.812,0.897,0.704,-0.939,-0.634,0.718,0.924,0.987,0.627,0.929,0.545,-0.961,0.992,-0.943,0.802,0.991,-0.896,-0.97,-0.938,0.176,-0.944,0.964,0.952,-0.537,0.981,-0.996,-0.911,0.979,0.992,0.589,0.9,-0.994,0.299,-0.93,-0.984,0.864,-0.963,-0.988,-0.821,-0.92,0.738,-0.969,0.989,0.995,-0.992,0.947,0.986,0.992,-0.986,-0.894,0.322,0.821,-0.976,-0.985,-0.998,-0.978,-0.963,-0.877,-0.936,0.947,-0.942,-0.978,-0.762,-0.815,-0.995,-0.002,5.499,4.554,10.35,10.34,10.358,10.359,10.332,10.321,5.397,4.702,10.336,10.333,5.689,5.282,10.332,10.323,EssenceCatalog/problems/csplib-prob010-SocialGolfers/params/c0451fb3f37cebe7ee06c4d49c3e9a96.param
0.957,0.976,0.978,-0.965,0.892,-0.862,-0.908,0.92,0.988,-0.924,-0.982,-0.967,0.998,-0.905,-0.997,0.769,0.983,0.965,0.966,0.975,-0.998,0.807,0.976,0.989,0.811,0.895,-0.956,-0.949,-0.855,-0.99,-0.3,0.96,0.931,-0.837,-0.767,0.861,0.837,-0.964,-0.773,0.896,0.661,0.986,0.821,0.961,0.87,-0.973,0.994,-0.961,0.739,0.993,-0.316,-0.976,-0.869,0.179,-0.787,0.976,0.973,0.52,0.986,-0.996,-0.933,0.985,0.996,0.558,0.897,-0.992,0.744,-0.915,-0.983,0.943,-0.977,-0.992,-0.957,-0.946,0.943,-0.975,0.99,0.999,-0.992,0.969,0.991,0.992,-0.99,-0.939,0.219,0.849,-0.981,-0.99,-0.998,-0.983,-0.965,-0.94,-0.975,0.946,-0.909,-0.989,-0.498,-0.84,-0.998,-0.577,5.971,4.396,10.45,10.353,10.366,10.386,10.379,10.374,5.612,4.583,10.457,10.334,5.968,5.185,10.397,10.311,EssenceCatalog/problems/csplib-prob010-SocialGolfers/params/2b1cfdd612cf296f5ac96e5a1fd97a39.param
0.98,0.968,0.973,-0.953,0.564,-0.905,-0.83,0.825,0.984,-0.831,-0.932,-0.804,0.997,-0.924,-0.991,0.965,0.979,0.906,0.968,0.938,-0.998,0.004,0.988,0.977,0.939,0.929,-0.922,-0.854,0.931,-0.985,-0.785,0.418,0.974,-0.889,-0.258,0.945,0.734,-0.949,-0.761,0.655,0.89,0.99,0.592,0.892,0.356,-0.973,0.994,-0.953,0.936,0.994,-0.937,-0.98,-0.963,-0.549,-0.931,0.946,0.966,-0.875,0.985,-0.996,-0.933,0.979,0.994,0.858,0.953,-0.997,-0.717,-0.966,-0.984,0.755,-0.971,-0.992,-0.536,-0.922,0.539,-0.974,0.991,0.995,-0.994,0.944,0.991,0.991,-0.983,-0.871,-0.3,0.883,-0.979,-0.987,-0.999,-0.976,-0.986,-0.89,-0.945,0.975,-0.977,-0.978,-0.93,-0.834,-0.994,-0.12,6.319,5.166,10.407,10.393,10.385,10.387,10.346,10.366,5.949,5.329,10.369,10.396,6.269,6.183,10.409,10.396,EssenceCatalog/problems/csplib-prob010-SocialGolfers/params/7e769f4b9397377be5304b7d31231132.param
0.946,0.967,0.978,-0.963,0.887,-0.848,-0.918,0.895,0.99,-0.873,-0.983,-0.956,0.997,-0.897,-0.996,0.911,0.972,0.965,0.97,0.982,-0.997,0.181,0.973,0.986,0.897,0.891,-0.962,-0.927,-0.96,-0.984,-0.21,0.962,0.909,-0.819,-0.959,0.863,0.817,-0.938,-0.571,0.81,0.915,0.982,0.774,0.972,0.729,-0.96,0.994,-0.961,0.67,0.989,-0.867,-0.967,-0.927,0.845,-0.952,0.965,0.967,-0.196,0.983,-0.994,-0.878,0.977,0.994,-0.013,0.807,-0.988,0.905,-0.891,-0.987,0.919,-0.952,-0.988,-0.918,-0.934,0.886,-0.967,0.989,0.998,-0.991,0.958,0.985,0.992,-0.988,-0.931,0.791,0.81,-0.977,-0.985,-0.997,-0.979,-0.943,-0.914,-0.958,0.916,-0.909,-0.98,-0.242,-0.829,-0.996,-0.237,5.011,4.095,10.28,10.271,10.333,10.314,10.319,10.29,5.037,4.223,10.291,10.253,5.301,4.718,10.26,10.263,EssenceCatalog/problems/csplib-prob010-SocialGolfers/params/8dfd60cf9dfaccd17519dadd1a743fc6.param
0.975,0.968,0.973,-0.957,0.573,-0.898,-0.831,0.855,0.989,-0.813,-0.955,-0.844,0.997,-0.929,-0.992,0.98,0.971,0.936,0.967,0.956,-0.998,-0.322,0.989,0.982,0.955,0.927,-0.945,-0.877,0.601,-0.983,-0.699,0.652,0.97,-0.876,-0.808,0.936,0.789,-0.947,-0.69,0.594,0.949,0.989,0.625,0.924,0.29,-0.969,0.995,-0.954,0.908,0.992,-0.972,-0.979,-0.965,0.268,-0.972,0.951,0.963,-0.883,0.984,-0.996,-0.915,0.98,0.993,0.669,0.922,-0.996,-0.166,-0.962,-0.984,0.8,-0.964,-0.991,-0.609,-0.93,0.528,-0.965,0.991,0.995,-0.994,0.924,0.987,0.993,-0.986,-0.879,0.391,0.878,-0.98,-0.986,-0.999,-0.981,-0.981,-0.87,-0.933,0.96,-0.973,-0.975,-0.865,-0.839,-0.995,0.089,5.47,4.741,10.361,10.386,10.382,10.385,10.343,10.335,5.41,4.872,10.315,10.382,5.699,5.521,10.34,10.382,EssenceCatalog/problems/csplib-prob010-SocialGolfers/params/411ed35b4ef47f3405ead778245fae94.param
0.964,0.963,0.978,-0.95,0.698,-0.87,-0.864,0.847,0.981,-0.871,-0.952,-0.888,0.997,-0.896,-0.992,0.89,0.97,0.924,0.97,0.965,-0.997,0.483,0.981,0.979,0.868,0.885,-0.926,-0.885,0.265,-0.985,-0.548,0.783,0.951,-0.835,-0.521,0.903,0.705,-0.94,-0.691,0.727,0.71,0.983,0.647,0.93,0.634,-0.96,0.989,-0.949,0.843,0.991,-0.783,-0.974,-0.927,-0.213,-0.872,0.947,0.954,-0.363,0.978,-0.995,-0.905,0.982,0.993,0.708,0.911,-0.992,-0.068,-0.933,-0.985,0.828,-0.97,-0.988,-0.803,-0.913,0.771,-0.976,0.987,0.996,-0.99,0.957,0.985,0.989,-0.983,-0.889,-0.136,0.831,-0.975,-0.984,-0.998,-0.97,-0.969,-0.884,-0.945,0.956,-0.94,-0.979,-0.788,-0.8,-0.995,-0.354,6.193,4.821,10.41,10.348,10.352,10.358,10.321,10.336,5.8,5.001,10.383,10.34,6.13,5.759,10.373,10.331,EssenceCatalog/problems/csplib-prob010-SocialGolfers/params/9e6c0d9fa8b2ef9175068bd57a215911.param
0.972,0.972,0.986,-0.959,0.929,-0.882,-0.927,0.876,0.987,-0.922,-0.977,-0.954,0.998,-0.925,-0.996,0.822,0.98,0.962,0.976,0.967,-0.998,0.725,0.922,0.988,0.806,0.86,-0.943,-0.942,-0.665,-0.99,-0.261,0.941,0.836,-0.834,-0.657,0.879,0.8,-0.961,-0.717,0.895,0.651,0.987,0.69,0.954,0.872,-0.959,0.988,-0.95,0.659,0.991,-0.309,-0.963,-0.903,-0.432,-0.757,0.976,0.955,0.417,0.978,-0.997,-0.942,0.982,0.995,0.685,0.919,-0.994,0.443,-0.87,-0.989,0.939,-0.974,-0.989,-0.937,-0.938,0.925,-0.988,0.989,0.997,-0.993,0.975,0.988,0.99,-0.988,-0.924,-0.091,0.839,-0.963,-0.99,-0.998,-0.975,-0.937,-0.921,-0.964,0.949,-0.881,-0.988,-0.762,-0.864,-0.998,-0.536,6.314,4.598,10.459,10.282,10.286,10.295,10.32,10.346,5.817,4.794,10.459,10.267,6.192,5.438,10.4,10.24,EssenceCatalog/problems/csplib-prob010-SocialGolfers/params/8bcabae4230c76ec53c1e8a65aac9af1.param
0.987,0.987,0.992,-0.985,0.979,-0.967,-0.988,0.862,0.964,-0.953,-0.981,-0.894,0.999,-0.961,-0.998,-0.987,0.999,0.622,0.997,0.95,-0.999,0.984,0.993,0.943,0.928,0.98,-0.989,-0.963,0.988,-0.997,-0.961,0.981,0.994,-0.969,0.992,0.988,0.969,-0.992,-0.952,0.898,-0.998,0.984,0.966,0.986,0.972,-0.995,0.988,-0.979,0.991,0.997,0.961,-0.994,-0.919,-0.981,0.97,0.854,0.993,-0.791,0.995,-0.995,-0.963,0.989,0.999,0.976,0.979,-0.998,-0.992,-0.992,-0.989,0.879,-0.993,-0.998,-0.882,-0.957,0.982,-0.996,0.985,0.999,-0.989,0.996,0.998,0.971,-0.972,-0.983,-0.994,0.989,-0.984,-0.996,-0.999,-0.968,-0.998,-0.992,-0.997,0.998,-0.992,-0.996,-0.973,-0.92,-0.999,-0.993,9.64,5.811,10.493,10.413,10.412,10.397,10.486,10.435,7.567,6.083,10.5,10.384,7.996,7.823,10.492,10.419,EssenceCatalog/problems/csplib-prob010-SocialGolfers/params/d18584608ce492d72644d815979d24dc.param
0.968,0.972,0.983,-0.964,0.96,-0.877,-0.935,0.892,0.988,-0.897,-0.983,-0.961,0.997,-0.924,-0.996,0.82,0.986,0.967,0.973,0.977,-0.998,0.603,0.907,0.988,0.827,0.855,-0.956,-0.939,-0.908,-0.988,-0.063,0.969,0.76,-0.818,-0.851,0.858,0.83,-0.95,-0.633,0.906,0.821,0.987,0.685,0.967,0.884,-0.963,0.992,-0.964,0.566,0.993,-0.476,-0.961,-0.907,0.148,-0.864,0.974,0.973,0.306,0.987,-0.995,-0.93,0.975,0.996,0.468,0.878,-0.99,0.799,-0.828,-0.99,0.941,-0.957,-0.991,-0.938,-0.904,0.943,-0.986,0.991,0.998,-0.991,0.981,0.993,0.991,-0.989,-0.942,0.344,0.824,-0.97,-0.99,-0.998,-0.979,-0.937,-0.955,-0.974,0.954,-0.879,-0.986,-0.555,-0.807,-0.998,-0.567,5.68,4.292,10.37,10.234,10.286,10.295,10.317,10.304,5.435,4.472,10.376,10.224,5.769,5.02,10.331,10.204,EssenceCatalog/problems/csplib-prob010-SocialGolfers/params/70e4145cfaf2baf6461bbd07f8450efe.param
0.984,0.968,0.973,-0.957,0.573,-0.915,-0.821,0.808,0.984,-0.835,-0.927,-0.776,0.997,-0.931,-0.991,0.962,0.982,0.881,0.967,0.913,-0.998,0.017,0.988,0.976,0.949,0.943,-0.918,-0.846,0.973,-0.986,-0.835,0.311,0.978,-0.904,0.061,0.954,0.77,-0.952,-0.801,0.674,0.851,0.992,0.589,0.862,0.358,-0.976,0.994,-0.954,0.953,0.994,-0.94,-0.979,-0.968,-0.719,-0.924,0.941,0.969,-0.92,0.985,-0.997,-0.943,0.978,0.994,0.899,0.965,-0.998,-0.863,-0.97,-0.983,0.726,-0.972,-0.993,-0.455,-0.927,0.512,-0.976,0.991,0.994,-0.995,0.944,0.992,0.991,-0.982,-0.868,-0.456,0.905,-0.976,-0.989,-0.999,-0.975,-0.989,-0.895,-0.947,0.98,-0.983,-0.98,-0.952,-0.844,-0.995,-0.2,6.57,5.289,10.398,10.402,10.405,10.389,10.36,10.384,6.107,5.46,10.368,10.406,6.421,6.4,10.423,10.41,EssenceCatalog/problems/csplib-prob010-SocialGolfers/params/c0a4d4696d45c9e428c2f097045687a1.param
0.983,0.969,0.969,-0.955,0.557,-0.915,-0.809,0.814,0.983,-0.848,-0.922,-0.786,0.997,-0.928,-0.992,0.959,0.982,0.876,0.964,0.906,-0.998,0.134,0.988,0.976,0.942,0.942,-0.915,-0.855,0.976,-0.987,-0.832,0.291,0.979,-0.907,0.167,0.952,0.743,-0.954,-0.806,0.685,0.84,0.992,0.598,0.841,0.382,-0.977,0.994,-0.952,0.952,0.994,-0.922,-0.979,-0.963,-0.764,-0.909,0.942,0.969,-0.903,0.984,-0.997,-0.944,0.978,0.994,0.909,0.968,-0.998,-0.865,-0.971,-0.981,0.736,-0.974,-0.993,-0.509,-0.928,0.546,-0.973,0.991,0.995,-0.995,0.944,0.992,0.99,-0.982,-0.872,-0.536,0.904,-0.977,-0.989,-0.999,-0.976,-0.989,-0.894,-0.95,0.98,-0.983,-0.982,-0.953,-0.844,-0.995,-0.204,6.683,5.324,10.394,10.414,10.423,10.397,10.371,10.398,6.178,5.499,10.368,10.418,6.489,6.458,10.426,10.425,EssenceCatalog/problems/csplib-prob010-SocialGolfers/params/7c8c8e7acc9b461fb34dfca53d8f011d.param
0.972,0.966,0.974,-0.95,0.592,-0.891,-0.841,0.846,0.985,-0.82,-0.945,-0.846,0.997,-0.916,-0.991,0.968,0.973,0.931,0.968,0.959,-0.997,-0.082,0.988,0.979,0.933,0.911,-0.933,-0.868,0.67,-0.983,-0.68,0.614,0.967,-0.862,-0.7,0.931,0.724,-0.942,-0.678,0.622,0.928,0.987,0.609,0.925,0.365,-0.969,0.994,-0.951,0.902,0.992,-0.943,-0.98,-0.958,-0.027,-0.95,0.952,0.963,-0.803,0.985,-0.996,-0.912,0.98,0.993,0.732,0.924,-0.995,-0.234,-0.958,-0.985,0.797,-0.967,-0.991,-0.65,-0.919,0.595,-0.969,0.99,0.995,-0.993,0.94,0.989,0.992,-0.984,-0.881,0.108,0.855,-0.98,-0.985,-0.998,-0.978,-0.98,-0.884,-0.94,0.964,-0.967,-0.975,-0.868,-0.821,-0.994,-0.021,5.75,4.844,10.378,10.375,10.369,10.378,10.332,10.326,5.583,4.989,10.339,10.37,5.891,5.688,10.355,10.365,EssenceCatalog/problems/csplib-prob010-SocialGolfers/params/82402fb3d4526c14b7530a95f289bc87.param
0.956,0.972,0.962,-0.957,0.751,-0.883,-0.864,0.896,0.992,-0.825,-0.976,-0.918,0.996,-0.91,-0.995,0.985,0.966,0.965,0.96,0.968,-0.997,-0.575,0.989,0.987,0.949,0.905,-0.965,-0.915,-0.776,-0.981,-0.502,0.888,0.956,-0.842,-0.978,0.9,0.802,-0.94,-0.542,0.671,0.988,0.988,0.759,0.959,0.32,-0.971,0.997,-0.961,0.805,0.99,-0.977,-0.974,-0.95,0.909,-0.984,0.968,0.964,-0.801,0.989,-0.995,-0.888,0.972,0.994,0.077,0.843,-0.994,0.861,-0.941,-0.985,0.905,-0.952,-0.99,-0.851,-0.945,0.712,-0.944,0.991,0.997,-0.993,0.914,0.988,0.994,-0.989,-0.914,0.867,0.83,-0.984,-0.985,-0.998,-0.984,-0.965,-0.902,-0.951,0.923,-0.955,-0.973,-0.596,-0.864,-0.994,0.399,4.675,4.163,10.248,10.319,10.36,10.336,10.343,10.284,4.891,4.272,10.28,10.299,5.126,4.707,10.262,10.308,EssenceCatalog/problems/csplib-prob010-SocialGolfers/params/5e04cd5db6f93dbdbf5437fca9111504.param
0.977,0.949,0.984,-0.976,0.712,-0.885,-0.926,0.846,0.979,-0.802,-0.965,-0.759,0.997,-0.941,-0.993,0.631,0.987,0.811,0.985,0.98,-0.998,0.085,0.994,0.962,0.968,0.952,-0.975,-0.727,0.866,-0.986,-0.834,0.84,0.984,-0.922,0.017,0.965,0.911,-0.954,-0.772,0.517,-0.382,0.979,0.73,0.957,0.568,-0.979,0.992,-0.97,0.958,0.992,-0.975,-0.986,-0.97,0.289,-0.938,0.752,0.98,-0.965,0.983,-0.992,-0.84,0.982,0.996,0.747,0.912,-0.995,-0.799,-0.975,-0.986,0.436,-0.964,-0.992,-0.041,-0.878,0.616,-0.98,0.989,0.997,-0.992,0.965,0.988,0.992,-0.977,-0.886,-0.098,0.949,-0.98,-0.983,-0.998,-0.973,-0.991,-0.92,-0.958,0.982,-0.988,-0.981,-0.848,-0.734,-0.996,-0.801,6.762,5.104,10.387,10.299,10.313,10.313,10.239,10.293,6.036,5.3,10.33,10.297,6.355,6.547,10.345,10.311,EssenceCatalog/problems/csplib-prob010-SocialGolfers/params/6e08c5fdfb0baaa852b431faadfaaa3b.param
0.987,0.963,0.983,-0.976,0.767,-0.925,-0.924,0.788,0.969,-0.841,-0.94,-0.657,0.998,-0.945,-0.993,0.409,0.993,0.647,0.986,0.94,-0.999,0.44,0.993,0.952,0.966,0.965,-0.964,-0.758,0.994,-0.99,-0.928,0.646,0.99,-0.942,0.849,0.979,0.913,-0.964,-0.88,0.663,-0.696,0.988,0.745,0.91,0.626,-0.986,0.992,-0.974,0.982,0.995,-0.901,-0.986,-0.974,-0.807,-0.718,0.766,0.985,-0.977,0.987,-0.994,-0.91,0.978,0.996,0.935,0.969,-0.998,-0.98,-0.984,-0.984,0.42,-0.977,-0.995,-0.046,-0.899,0.665,-0.985,0.989,0.997,-0.993,0.972,0.994,0.987,-0.971,-0.892,-0.826,0.965,-0.975,-0.989,-0.999,-0.968,-0.995,-0.946,-0.974,0.992,-0.993,-0.985,-0.963,-0.816,-0.996,-0.871,7.928,5.547,10.396,10.35,10.353,10.34,10.321,10.371,6.739,5.773,10.384,10.346,7.056,7.308,10.415,10.367,EssenceCatalog/problems/csplib-prob010-SocialGolfers/params/b8e64ce5afef90f865d2c785d8d4a958.param
0.389,0.962,-0.993,-0.98,-0.992,-0.729,0.992,0.981,0.966,-0.939,-0.865,-0.945,0.991,-0.877,-0.997,0.932,0.977,0.951,-0.991,-0.817,-0.996,0.936,0.999,0.982,0.962,0.97,-0.973,-0.952,0.988,-0.989,-0.888,0.481,0.997,-0.97,0.933,-0.453,0.933,-0.967,-0.96,0.507,0.914,0.993,0.777,-0.986,0.095,-0.994,0.997,-0.931,0.934,0.991,-0.933,-0.634,0.909,0.956,-0.976,0.963,0.988,-0.954,0.989,-0.994,-0.965,0.879,0.99,0.966,0.982,-0.997,0.866,-0.969,0.993,0.833,-0.941,-0.994,-0.942,-0.939,0.847,0.986,0.982,0.995,-0.986,-0.797,0.986,0.994,-0.977,-0.932,0.881,0.955,-0.988,-0.979,-0.993,-0.989,-0.993,-0.94,-0.975,0.304,-0.996,-0.987,0.92,-0.696,-0.993,0.82,4.092,3.42,4.782,9.943,10.298,10.274,10.406,10.504,4.062,3.564,4.798,9.99,4.635,4.221,5.726,9.962,EssenceCatalog/problems/csplib-prob010-SocialGolfers/params/b6d9ce062b15a54ca201f9903acc8ef2.param
0.972,0.968,0.974,-0.957,0.625,-0.897,-0.844,0.862,0.99,-0.811,-0.962,-0.863,0.997,-0.929,-0.993,0.983,0.968,0.948,0.967,0.963,-0.998,-0.419,0.988,0.984,0.958,0.924,-0.953,-0.891,0.213,-0.982,-0.645,0.736,0.966,-0.873,-0.9,0.931,0.803,-0.947,-0.655,0.606,0.964,0.989,0.643,0.936,0.3,-0.967,0.996,-0.953,0.887,0.991,-0.977,-0.977,-0.966,0.538,-0.979,0.956,0.96,-0.873,0.983,-0.996,-0.91,0.979,0.992,0.541,0.905,-0.996,0.175,-0.957,-0.985,0.832,-0.961,-0.99,-0.677,-0.936,0.558,-0.962,0.991,0.995,-0.994,0.92,0.985,0.994,-0.987,-0.885,0.593,0.872,-0.98,-0.986,-0.999,-0.982,-0.976,-0.866,-0.93,0.95,-0.968,-0.974,-0.827,-0.854,-0.995,0.171,5.19,4.55,10.341,10.376,10.388,10.384,10.346,10.326,5.222,4.674,10.318,10.371,5.488,5.246,10.332,10.374,EssenceCatalog/problems/csplib-prob010-SocialGolfers/params/6ce8b20052fbff3cb8ff7d23bac75459.param
0.968,0.967,0.975,-0.956,0.657,-0.888,-0.872,0.868,0.99,-0.805,-0.964,-0.879,0.996,-0.922,-0.993,0.979,0.967,0.951,0.971,0.97,-0.997,-0.433,0.989,0.983,0.953,0.914,-0.955,-0.885,-0.112,-0.981,-0.609,0.784,0.963,-0.852,-0.931,0.93,0.793,-0.942,-0.61,0.591,0.964,0.987,0.677,0.954,0.305,-0.968,0.996,-0.955,0.876,0.991,-0.975,-0.979,-0.965,0.669,-0.976,0.954,0.96,-0.841,0.985,-0.996,-0.893,0.979,0.992,0.441,0.885,-0.995,0.394,-0.955,-0.987,0.838,-0.961,-0.99,-0.698,-0.934,0.6,-0.963,0.991,0.996,-0.993,0.926,0.986,0.993,-0.986,-0.89,0.642,0.854,-0.981,-0.984,-0.998,-0.981,-0.974,-0.878,-0.937,0.949,-0.962,-0.972,-0.795,-0.844,-0.994,0.143,5.059,4.434,10.326,10.347,10.364,10.36,10.325,10.288,5.123,4.551,10.317,10.336,5.38,5.095,10.319,10.34,EssenceCatalog/problems/csplib-prob010-SocialGolfers/params/7cae4d851c1143cc39f95948256940aa.param
0.981,0.97,0.964,-0.95,0.585,-0.91,-0.773,0.826,0.984,-0.858,-0.925,-0.837,0.997,-0.918,-0.992,0.973,0.979,0.91,0.951,0.909,-0.998,0.139,0.981,0.98,0.93,0.927,-0.906,-0.879,0.941,-0.988,-0.75,0.385,0.967,-0.894,-0.155,0.928,0.679,-0.951,-0.754,0.72,0.926,0.992,0.553,0.821,0.41,-0.974,0.994,-0.947,0.918,0.994,-0.908,-0.972,-0.95,-0.695,-0.929,0.96,0.966,-0.837,0.983,-0.997,-0.948,0.976,0.994,0.875,0.961,-0.997,-0.698,-0.957,-0.98,0.802,-0.969,-0.992,-0.66,-0.926,0.61,-0.97,0.991,0.995,-0.994,0.939,0.992,0.992,-0.985,-0.879,-0.298,0.874,-0.976,-0.989,-0.999,-0.976,-0.984,-0.894,-0.947,0.973,-0.975,-0.981,-0.926,-0.823,-0.995,0.042,6.373,5.18,10.366,10.397,10.412,10.392,10.37,10.397,6.003,5.353,10.339,10.403,6.313,6.176,10.388,10.402,EssenceCatalog/problems/csplib-prob010-SocialGolfers/params/206788a6d951b3349a47b5747071e3ef.param
0.96,0.972,0.982,-0.962,0.862,-0.862,-0.906,0.894,0.986,-0.918,-0.976,-0.949,0.998,-0.905,-0.996,0.792,0.976,0.955,0.972,0.975,-0.998,0.758,0.973,0.987,0.825,0.881,-0.951,-0.934,-0.662,-0.989,-0.352,0.939,0.922,-0.832,-0.665,0.87,0.794,-0.958,-0.746,0.861,0.574,0.984,0.741,0.956,0.833,-0.965,0.99,-0.951,0.737,0.991,-0.477,-0.973,-0.888,-0.029,-0.799,0.968,0.958,0.269,0.98,-0.996,-0.923,0.984,0.995,0.618,0.901,-0.992,0.524,-0.911,-0.984,0.918,-0.975,-0.989,-0.932,-0.937,0.908,-0.98,0.988,0.998,-0.991,0.968,0.986,0.991,-0.988,-0.923,0.057,0.841,-0.975,-0.988,-0.998,-0.978,-0.957,-0.913,-0.961,0.942,-0.904,-0.987,-0.614,-0.833,-0.997,-0.527,6.119,4.519,10.446,10.333,10.344,10.354,10.345,10.363,5.697,4.709,10.449,10.316,6.05,5.372,10.396,10.297,EssenceCatalog/problems/csplib-prob010-SocialGolfers/params/7d058894fb6cb32c1f8aa7d8796a6d60.param
0.971,0.966,0.974,-0.948,0.662,-0.883,-0.833,0.832,0.981,-0.878,-0.938,-0.873,0.997,-0.898,-0.991,0.922,0.972,0.918,0.963,0.943,-0.997,0.479,0.977,0.98,0.865,0.891,-0.906,-0.892,0.704,-0.986,-0.625,0.658,0.953,-0.853,-0.236,0.906,0.656,-0.945,-0.726,0.746,0.775,0.987,0.604,0.888,0.623,-0.962,0.989,-0.945,0.862,0.992,-0.752,-0.97,-0.925,-0.588,-0.853,0.956,0.952,-0.416,0.978,-0.996,-0.929,0.981,0.992,0.813,0.939,-0.994,-0.399,-0.935,-0.983,0.83,-0.973,-0.989,-0.795,-0.919,0.754,-0.975,0.987,0.995,-0.991,0.953,0.988,0.989,-0.983,-0.88,-0.366,0.84,-0.972,-0.986,-0.998,-0.969,-0.973,-0.881,-0.944,0.962,-0.949,-0.981,-0.871,-0.814,-0.995,-0.227,6.537,5.064,10.396,10.369,10.374,10.362,10.339,10.369,6.05,5.251,10.369,10.363,6.379,6.07,10.381,10.364,EssenceCatalog/problems/csplib-prob010-SocialGolfers/params/0d34abed65c8f38081ec7dfa088ff60c.param
0.975,0.969,0.974,-0.955,0.595,-0.9,-0.837,0.85,0.989,-0.814,-0.953,-0.843,0.997,-0.927,-0.992,0.979,0.972,0.937,0.968,0.956,-0.998,-0.3,0.989,0.982,0.951,0.922,-0.943,-0.878,0.622,-0.983,-0.692,0.641,0.968,-0.873,-0.797,0.935,0.774,-0.947,-0.685,0.613,0.952,0.989,0.615,0.927,0.306,-0.969,0.995,-0.952,0.903,0.992,-0.967,-0.979,-0.964,0.174,-0.968,0.954,0.962,-0.868,0.985,-0.996,-0.919,0.979,0.993,0.69,0.924,-0.996,-0.174,-0.96,-0.985,0.807,-0.965,-0.991,-0.623,-0.93,0.54,-0.967,0.991,0.995,-0.994,0.93,0.988,0.993,-0.986,-0.88,0.33,0.869,-0.98,-0.986,-0.999,-0.98,-0.98,-0.876,-0.935,0.961,-0.971,-0.975,-0.873,-0.839,-0.994,0.096,5.525,4.766,10.37,10.387,10.381,10.388,10.346,10.338,5.448,4.9,10.327,10.383,5.741,5.553,10.349,10.381,EssenceCatalog/problems/csplib-prob010-SocialGolfers/params/fdd2af5c25fb251465d1365e9f0dcced.param
0.95,0.963,0.977,-0.955,0.727,-0.857,-0.894,0.875,0.987,-0.84,-0.969,-0.916,0.997,-0.901,-0.993,0.94,0.961,0.949,0.972,0.979,-0.996,0.051,0.988,0.982,0.916,0.891,-0.952,-0.89,-0.668,-0.982,-0.446,0.881,0.954,-0.822,-0.92,0.904,0.772,-0.936,-0.593,0.66,0.883,0.98,0.74,0.96,0.532,-0.961,0.993,-0.95,0.822,0.989,-0.931,-0.978,-0.946,0.71,-0.957,0.948,0.957,-0.511,0.98,-0.994,-0.861,0.981,0.992,0.317,0.843,-0.991,0.633,-0.94,-0.985,0.852,-0.963,-0.987,-0.824,-0.931,0.739,-0.963,0.987,0.996,-0.99,0.94,0.98,0.991,-0.985,-0.9,0.575,0.815,-0.98,-0.981,-0.998,-0.976,-0.963,-0.873,-0.937,0.926,-0.937,-0.975,-0.599,-0.832,-0.995,-0.187,5.161,4.3,10.324,10.305,10.336,10.326,10.301,10.274,5.141,4.421,10.323,10.291,5.412,4.977,10.3,10.294,EssenceCatalog/problems/csplib-prob010-SocialGolfers/params/5a68a93c57b63d9e7fae933c2f7f482c.param
0.983,0.968,0.966,-0.952,0.527,-0.916,-0.799,0.812,0.983,-0.852,-0.914,-0.792,0.997,-0.923,-0.992,0.962,0.982,0.879,0.96,0.897,-0.998,0.176,0.988,0.976,0.94,0.942,-0.906,-0.858,0.979,-0.987,-0.836,0.22,0.981,-0.904,0.205,0.95,0.723,-0.955,-0.816,0.694,0.853,0.992,0.616,0.826,0.364,-0.978,0.994,-0.95,0.954,0.994,-0.912,-0.979,-0.962,-0.795,-0.9,0.947,0.968,-0.889,0.984,-0.997,-0.948,0.978,0.993,0.915,0.97,-0.998,-0.873,-0.971,-0.98,0.743,-0.975,-0.993,-0.553,-0.934,0.544,-0.972,0.991,0.994,-0.994,0.94,0.992,0.99,-0.982,-0.873,-0.571,0.898,-0.977,-0.989,-0.999,-0.975,-0.989,-0.893,-0.951,0.979,-0.983,-0.982,-0.956,-0.854,-0.995,-0.162,6.702,5.336,10.373,10.405,10.415,10.385,10.358,10.389,6.193,5.509,10.35,10.408,6.503,6.464,10.41,10.419,EssenceCatalog/problems/csplib-prob010-SocialGolfers/params/ff962bafbe41ee809ecc15cef7e4ea3e.param
0.959,0.963,0.982,-0.961,0.802,-0.867,-0.915,0.866,0.979,-0.919,-0.965,-0.924,0.998,-0.898,-0.994,0.493,0.98,0.916,0.978,0.97,-0.997,0.83,0.98,0.98,0.826,0.909,-0.942,-0.907,-0.027,-0.988,-0.582,0.903,0.967,-0.854,-0.117,0.906,0.802,-0.96,-0.804,0.815,-0.201,0.98,0.782,0.95,0.827,-0.965,0.986,-0.957,0.865,0.991,-0.349,-0.978,-0.894,-0.429,-0.638,0.938,0.961,0.094,0.974,-0.995,-0.909,0.987,0.994,0.768,0.922,-0.992,-0.202,-0.941,-0.985,0.855,-0.981,-0.99,-0.883,-0.933,0.877,-0.983,0.985,0.997,-0.989,0.968,0.986,0.986,-0.982,-0.908,-0.457,0.872,-0.974,-0.986,-0.998,-0.966,-0.975,-0.911,-0.966,0.958,-0.938,-0.985,-0.753,-0.825,-0.997,-0.745,7.272,5.01,10.453,10.324,10.296,10.309,10.293,10.367,6.327,5.214,10.446,10.306,6.708,6.266,10.397,10.317,EssenceCatalog/problems/csplib-prob010-SocialGolfers/params/120689ab007c949477db070ed692b46c.param
0.97,0.967,0.975,-0.957,0.633,-0.893,-0.866,0.862,0.99,-0.8,-0.963,-0.869,0.997,-0.925,-0.993,0.98,0.968,0.948,0.971,0.968,-0.997,-0.428,0.989,0.982,0.956,0.918,-0.955,-0.883,0.084,-0.981,-0.64,0.756,0.967,-0.863,-0.915,0.933,0.8,-0.944,-0.631,0.58,0.961,0.987,0.67,0.95,0.28,-0.968,0.996,-0.954,0.889,0.991,-0.977,-0.98,-0.967,0.61,-0.977,0.952,0.961,-0.864,0.985,-0.996,-0.898,0.979,0.992,0.498,0.895,-0.995,0.247,-0.958,-0.987,0.822,-0.961,-0.99,-0.668,-0.933,0.565,-0.964,0.991,0.995,-0.993,0.924,0.986,0.993,-0.986,-0.886,0.601,0.861,-0.981,-0.985,-0.998,-0.981,-0.976,-0.875,-0.935,0.951,-0.966,-0.972,-0.816,-0.848,-0.994,0.129,5.14,4.504,10.337,10.358,10.368,10.367,10.325,10.298,5.178,4.625,10.318,10.349,5.441,5.192,10.326,10.353,EssenceCatalog/problems/csplib-prob010-SocialGolfers/params/5e1494d4e19794c132c4656ee5f43f93.param
0.913,0.468,-0.233,-0.938,-0.796,-0.656,0.962,0.841,0.987,-0.963,-0.916,-0.908,0.997,-0.9,-0.994,0.913,-0.965,0.943,-0.974,-0.977,-0.945,0.788,-0.851,0.973,0.956,0.886,-0.855,-0.972,-0.404,-0.926,0.711,0.893,-0.864,-0.952,-0.563,-0.348,0.94,-0.939,-0.83,0.929,-0.894,0.962,0.021,-0.981,0.872,0.812,-0.938,0.918,-0.925,-0.866,-0.917,0.975,0.882,-0.521,-0.909,0.954,-0.97,0.838,-0.995,-0.994,-0.951,0.947,-0.94,-0.013,0.942,-0.995,-0.554,0.497,0.981,0.698,-0.885,0.953,-0.84,-0.951,0.26,0.809,0.818,-0.986,-0.99,-0.875,-0.981,0.972,-0.976,-0.154,0.973,0.932,0.932,-0.983,-0.992,-0.73,0.953,0.931,0.969,-0.957,0.128,-0.977,-0.264,-0.963,-0.985,0.834,2.251,1.45,1.829,5.009,3.262,2.606,3.776,7.359,2.159,1.633,1.816,4.818,2.398,1.673,2.236,5.015,EssenceCatalog/problems/csplib-prob010-SocialGolfers/params/ord11-7-6-3.param
0.972,0.961,-0.485,-0.975,0.544,-0.891,0.917,0.861,0.989,-0.937,-0.903,-0.903,0.997,-0.946,-0.996,0.913,0.993,0.816,-0.926,-0.904,-0.998,0.432,-0.679,0.97,0.949,0.96,-0.719,-0.971,0.988,-0.99,-0.57,0.856,0.567,-0.962,0.873,-0.111,0.929,-0.969,-0.858,0.952,0.951,0.995,-0.223,-0.985,0.881,-0.929,0.979,-0.934,0.564,0.99,0.12,0.809,0.079,-0.87,-0.894,0.986,0.969,-0.914,0.953,-0.998,-0.993,0.896,0.993,0.978,0.984,-0.999,-0.343,-0.203,-0.224,0.857,-0.815,-0.978,-0.855,-0.421,0.947,-0.81,0.992,0.989,-0.997,0.842,0.998,0.989,-0.988,-0.883,0.81,0.97,-0.815,-0.995,-0.998,-0.925,-0.931,-0.943,-0.984,0.962,-0.966,-0.989,-0.587,-0.055,-0.997,0.643,5.098,4.034,6.432,8.971,9.847,9.422,9.803,10.145,4.983,4.453,6.44,8.978,5.316,4.879,7.035,9.02,EssenceCatalog/problems/csplib-prob010-SocialGolfers/params/207e16e9e399027d5c45efa7222ce14f.param
0.959,0.963,0.978,-0.953,0.735,-0.859,-0.877,0.861,0.98,-0.894,-0.958,-0.912,0.997,-0.89,-0.993,0.823,0.972,0.929,0.97,0.967,-0.997,0.665,0.981,0.981,0.837,0.887,-0.929,-0.9,-0.02,-0.986,-0.515,0.844,0.954,-0.829,-0.469,0.892,0.721,-0.947,-0.723,0.77,0.526,0.981,0.707,0.937,0.721,-0.96,0.988,-0.95,0.829,0.99,-0.636,-0.974,-0.909,-0.239,-0.822,0.949,0.953,-0.075,0.976,-0.995,-0.906,0.984,0.993,0.708,0.91,-0.991,0.032,-0.93,-0.984,0.852,-0.975,-0.988,-0.866,-0.922,0.826,-0.977,0.986,0.996,-0.989,0.959,0.985,0.988,-0.983,-0.896,-0.199,0.832,-0.975,-0.984,-0.998,-0.97,-0.968,-0.89,-0.953,0.95,-0.931,-0.981,-0.741,-0.808,-0.996,-0.492,6.399,4.79,10.421,10.335,10.328,10.336,10.307,10.337,5.889,4.978,10.402,10.321,6.236,5.764,10.371,10.314,EssenceCatalog/problems/csplib-prob010-SocialGolfers/params/1b817f3f8bb6caafce50907003b71471.param
0.983,0.968,0.972,-0.954,0.578,-0.914,-0.829,0.801,0.981,-0.843,-0.918,-0.778,0.997,-0.925,-0.991,0.949,0.982,0.873,0.967,0.911,-0.998,0.179,0.987,0.974,0.937,0.939,-0.909,-0.845,0.979,-0.987,-0.839,0.256,0.979,-0.902,0.247,0.953,0.739,-0.952,-0.812,0.696,0.805,0.991,0.609,0.857,0.393,-0.976,0.994,-0.952,0.954,0.994,-0.905,-0.98,-0.965,-0.803,-0.885,0.94,0.968,-0.891,0.984,-0.997,-0.945,0.978,0.994,0.915,0.968,-0.997,-0.888,-0.97,-0.983,0.723,-0.975,-0.993,-0.5,-0.926,0.554,-0.977,0.991,0.995,-0.994,0.95,0.992,0.989,-0.981,-0.868,-0.602,0.899,-0.976,-0.989,-0.999,-0.973,-0.989,-0.901,-0.951,0.981,-0.982,-0.981,-0.956,-0.846,-0.995,-0.263,6.789,5.356,10.397,10.407,10.417,10.387,10.361,10.388,6.234,5.533,10.372,10.409,6.547,6.524,10.43,10.418,EssenceCatalog/problems/csplib-prob010-SocialGolfers/params/e3093acf1b0ee31e168da6a312c480a7.param
0.983,0.969,0.968,-0.956,0.534,-0.915,-0.8,0.822,0.984,-0.845,-0.926,-0.79,0.997,-0.929,-0.992,0.967,0.981,0.888,0.962,0.91,-0.998,0.057,0.989,0.977,0.946,0.943,-0.919,-0.859,0.971,-0.987,-0.826,0.306,0.979,-0.905,0.03,0.95,0.753,-0.954,-0.805,0.678,0.875,0.992,0.596,0.843,0.349,-0.977,0.994,-0.953,0.951,0.994,-0.938,-0.979,-0.964,-0.7,-0.927,0.946,0.969,-0.908,0.985,-0.997,-0.945,0.978,0.994,0.898,0.966,-0.998,-0.835,-0.971,-0.98,0.747,-0.973,-0.993,-0.522,-0.93,0.53,-0.971,0.991,0.995,-0.995,0.939,0.992,0.991,-0.983,-0.873,-0.433,0.904,-0.977,-0.989,-0.999,-0.977,-0.989,-0.89,-0.947,0.978,-0.983,-0.982,-0.948,-0.846,-0.995,-0.133,6.529,5.274,10.391,10.411,10.416,10.399,10.368,10.396,6.089,5.445,10.362,10.417,6.402,6.359,10.417,10.421,EssenceCatalog/problems/csplib-prob010-SocialGolfers/params/e17b37c22a6ded18e37da983669014d1.param
0.973,0.944,0.985,-0.977,0.785,-0.881,-0.942,0.854,0.975,-0.816,-0.97,-0.779,0.997,-0.933,-0.993,0.247,0.988,0.774,0.988,0.984,-0.997,0.325,0.994,0.956,0.961,0.948,-0.977,-0.72,0.765,-0.986,-0.807,0.902,0.984,-0.914,0.154,0.964,0.924,-0.957,-0.791,0.564,-0.751,0.973,0.785,0.965,0.676,-0.979,0.991,-0.974,0.957,0.992,-0.953,-0.987,-0.965,0.275,-0.894,0.686,0.981,-0.946,0.982,-0.989,-0.815,0.982,0.996,0.712,0.894,-0.993,-0.792,-0.973,-0.987,0.453,-0.965,-0.993,-0.145,-0.88,0.728,-0.983,0.987,0.998,-0.99,0.973,0.988,0.989,-0.974,-0.902,-0.226,0.948,-0.98,-0.981,-0.998,-0.967,-0.991,-0.935,-0.964,0.983,-0.986,-0.982,-0.811,-0.709,-0.996,-0.882,7.154,5.143,10.379,10.272,10.281,10.306,10.221,10.284,6.201,5.347,10.331,10.269,6.529,6.735,10.34,10.297,EssenceCatalog/problems/csplib-prob010-SocialGolfers/params/c0097110ded0b2659948cf6e5fb4c987.param
0.974,0.969,0.971,-0.953,0.562,-0.9,-0.822,0.856,0.989,-0.816,-0.95,-0.843,0.997,-0.924,-0.992,0.982,0.972,0.936,0.965,0.953,-0.998,-0.293,0.989,0.981,0.951,0.924,-0.941,-0.878,0.671,-0.983,-0.704,0.616,0.97,-0.872,-0.777,0.935,0.759,-0.947,-0.7,0.615,0.957,0.989,0.614,0.915,0.293,-0.971,0.996,-0.953,0.908,0.992,-0.968,-0.979,-0.963,0.147,-0.97,0.955,0.963,-0.87,0.985,-0.996,-0.921,0.979,0.993,0.7,0.927,-0.996,-0.197,-0.962,-0.983,0.814,-0.965,-0.991,-0.638,-0.931,0.54,-0.963,0.991,0.995,-0.994,0.925,0.988,0.993,-0.986,-0.882,0.299,0.872,-0.981,-0.986,-0.999,-0.981,-0.981,-0.875,-0.936,0.961,-0.973,-0.976,-0.874,-0.842,-0.995,0.127,5.541,4.785,10.358,10.388,10.381,10.387,10.344,10.337,5.464,4.919,10.317,10.384,5.757,5.573,10.341,10.383,EssenceCatalog/problems/csplib-prob010-SocialGolfers/params/4408ae61a0e05e1ec5c8f499cedc7afe.param
0.963,0.969,0.977,-0.953,0.789,-0.858,-0.865,0.872,0.986,-0.872,-0.964,-0.923,0.997,-0.897,-0.993,0.939,0.968,0.949,0.966,0.969,-0.997,0.293,0.975,0.984,0.876,0.867,-0.935,-0.912,-0.409,-0.985,-0.408,0.867,0.921,-0.822,-0.827,0.882,0.712,-0.941,-0.634,0.769,0.895,0.985,0.662,0.942,0.641,-0.959,0.992,-0.945,0.751,0.99,-0.822,-0.968,-0.926,0.221,-0.925,0.966,0.952,-0.267,0.981,-0.995,-0.908,0.979,0.993,0.537,0.89,-0.992,0.481,-0.914,-0.986,0.886,-0.964,-0.988,-0.873,-0.919,0.811,-0.972,0.989,0.996,-0.992,0.955,0.986,0.991,-0.987,-0.904,0.341,0.804,-0.975,-0.985,-0.998,-0.978,-0.957,-0.891,-0.946,0.941,-0.926,-0.979,-0.692,-0.807,-0.996,-0.138,5.507,4.447,10.357,10.314,10.334,10.34,10.321,10.31,5.377,4.597,10.351,10.302,5.678,5.155,10.33,10.291,EssenceCatalog/problems/csplib-prob010-SocialGolfers/params/9fc1db6a45a62bb948c1756e4d9ddb2e.param
0.985,0.961,0.982,-0.97,0.756,-0.932,-0.915,0.787,0.971,-0.828,-0.945,-0.686,0.997,-0.937,-0.992,0.679,0.991,0.756,0.984,0.95,-0.998,0.277,0.99,0.96,0.962,0.956,-0.957,-0.754,0.983,-0.99,-0.869,0.659,0.981,-0.927,0.611,0.969,0.883,-0.956,-0.82,0.665,-0.291,0.986,0.658,0.92,0.538,-0.983,0.992,-0.967,0.97,0.995,-0.919,-0.986,-0.974,-0.734,-0.826,0.834,0.979,-0.966,0.984,-0.994,-0.904,0.975,0.996,0.909,0.958,-0.997,-0.953,-0.976,-0.986,0.495,-0.97,-0.994,-0.124,-0.895,0.581,-0.986,0.988,0.996,-0.992,0.969,0.994,0.989,-0.973,-0.892,-0.726,0.951,-0.975,-0.988,-0.999,-0.966,-0.993,-0.938,-0.965,0.989,-0.988,-0.982,-0.951,-0.788,-0.996,-0.767,7.512,5.463,10.418,10.359,10.37,10.345,10.322,10.365,6.538,5.675,10.392,10.357,6.856,7.043,10.428,10.37,EssenceCatalog/problems/csplib-prob010-SocialGolfers/params/5c06208ac8b0217cce804373d8ceb42d.param
0.973,0.944,0.981,-0.98,0.734,-0.873,-0.925,0.873,0.983,-0.801,-0.975,-0.799,0.997,-0.946,-0.994,0.58,0.986,0.839,0.983,0.984,-0.998,0.03,0.994,0.963,0.975,0.954,-0.982,-0.738,0.637,-0.986,-0.778,0.913,0.983,-0.924,-0.314,0.958,0.934,-0.955,-0.746,0.514,-0.399,0.977,0.755,0.961,0.61,-0.979,0.993,-0.971,0.948,0.991,-0.983,-0.984,-0.966,0.711,-0.962,0.723,0.981,-0.97,0.982,-0.99,-0.814,0.982,0.996,0.605,0.878,-0.994,-0.58,-0.972,-0.982,0.453,-0.958,-0.991,-0.076,-0.873,0.671,-0.974,0.99,0.998,-0.993,0.963,0.986,0.993,-0.98,-0.902,0.325,0.953,-0.982,-0.983,-0.998,-0.975,-0.99,-0.925,-0.959,0.978,-0.988,-0.983,-0.722,-0.704,-0.996,-0.799,6.336,4.865,10.372,10.297,10.32,10.323,10.248,10.29,5.755,5.054,10.314,10.291,6.068,6.215,10.317,10.297,EssenceCatalog/problems/csplib-prob010-SocialGolfers/params/2fa5d3c9570204053ba74a6ec47272b0.param
0.975,0.968,0.972,-0.948,0.694,-0.886,-0.829,0.837,0.98,-0.888,-0.932,-0.877,0.997,-0.898,-0.992,0.915,0.976,0.916,0.959,0.935,-0.997,0.564,0.975,0.98,0.849,0.892,-0.9,-0.899,0.811,-0.988,-0.643,0.63,0.952,-0.864,-0.014,0.907,0.62,-0.95,-0.752,0.786,0.774,0.988,0.614,0.873,0.642,-0.967,0.99,-0.941,0.867,0.993,-0.655,-0.97,-0.919,-0.741,-0.804,0.96,0.956,-0.373,0.98,-0.996,-0.942,0.98,0.993,0.852,0.952,-0.995,-0.524,-0.936,-0.983,0.843,-0.976,-0.991,-0.823,-0.914,0.781,-0.977,0.988,0.995,-0.992,0.958,0.99,0.989,-0.984,-0.885,-0.486,0.843,-0.972,-0.987,-0.999,-0.97,-0.976,-0.894,-0.954,0.968,-0.951,-0.983,-0.892,-0.811,-0.995,-0.227,6.799,5.176,10.407,10.388,10.399,10.371,10.361,10.395,6.219,5.372,10.381,10.381,6.547,6.235,10.399,10.388,EssenceCatalog/problems/csplib-prob010-SocialGolfers/params/d308db3d3c8510388cec77c1c34b919d.param
0.968,0.979,0.989,-0.972,0.952,-0.899,-0.958,0.917,0.99,-0.957,-0.989,-0.977,0.999,-0.94,-0.998,0.405,0.989,0.973,0.981,0.979,-0.999,0.93,0.955,0.991,0.788,0.91,-0.971,-0.968,-0.833,-0.994,-0.357,0.98,0.924,-0.883,-0.39,0.891,0.889,-0.98,-0.863,0.942,-0.112,0.988,0.852,0.977,0.946,-0.976,0.992,-0.96,0.774,0.993,0.325,-0.977,-0.854,-0.479,-0.405,0.98,0.972,0.763,0.984,-0.997,-0.957,0.989,0.997,0.755,0.93,-0.995,0.503,-0.915,-0.988,0.96,-0.987,-0.992,-0.974,-0.966,0.971,-0.989,0.991,0.999,-0.993,0.98,0.992,0.991,-0.991,-0.96,-0.36,0.904,-0.975,-0.994,-0.999,-0.983,-0.964,-0.951,-0.981,0.956,-0.897,-0.994,-0.665,-0.913,-0.999,-0.807,7.214,4.756,10.461,10.283,10.264,10.268,10.299,10.352,6.257,4.966,10.481,10.272,6.672,5.836,10.4,10.247,EssenceCatalog/problems/csplib-prob010-SocialGolfers/params/e955899ae6798d0e343da8cb4e6ca04e.param
0.328,0.963,-0.976,-0.977,-0.978,-0.736,0.96,0.974,0.956,-0.921,-0.878,-0.946,0.988,-0.832,-0.996,0.821,0.992,0.931,-0.952,-0.136,-0.996,0.945,0.999,0.973,0.946,0.961,-0.968,-0.934,0.986,-0.988,-0.873,0.446,0.998,-0.961,0.932,-0.024,0.904,-0.965,-0.943,0.498,0.868,0.99,0.847,-0.919,0.096,-0.996,0.999,-0.953,0.964,0.997,-0.843,-0.916,0.761,0.916,-0.957,0.94,0.996,-0.942,0.997,-0.99,-0.958,0.913,0.995,0.962,0.972,-0.994,0.837,-0.979,0.971,0.788,-0.948,-0.998,-0.929,-0.909,0.876,0.945,0.987,0.999,-0.982,-0.2,0.996,0.993,-0.97,-0.952,0.667,0.941,-0.995,-0.976,-0.992,-0.988,-0.997,-0.978,-0.987,0.72,-0.996,-0.986,0.868,-0.531,-0.994,0.572,4.323,3.555,5.272,10.028,10.339,10.371,10.42,10.432,4.278,3.701,5.305,10.055,4.796,4.466,6.188,10.027,EssenceCatalog/problems/csplib-prob010-SocialGolfers/params/5cf3ba5be11843fed987ac54ce338b42.param
0.956,0.973,0.989,-0.974,0.949,-0.893,-0.966,0.918,0.989,-0.944,-0.99,-0.972,0.998,-0.935,-0.998,0.081,0.99,0.966,0.984,0.986,-0.998,0.908,0.975,0.986,0.843,0.926,-0.978,-0.953,-0.926,-0.992,-0.377,0.987,0.952,-0.886,-0.584,0.898,0.917,-0.976,-0.848,0.923,-0.394,0.981,0.875,0.986,0.935,-0.977,0.992,-0.966,0.83,0.993,0.015,-0.984,-0.878,0.089,-0.563,0.965,0.976,0.541,0.985,-0.996,-0.93,0.989,0.997,0.601,0.878,-0.993,0.639,-0.926,-0.988,0.942,-0.983,-0.992,-0.962,-0.963,0.966,-0.987,0.989,0.999,-0.991,0.981,0.99,0.991,-0.99,-0.962,-0.139,0.909,-0.981,-0.991,-0.998,-0.98,-0.971,-0.954,-0.981,0.957,-0.912,-0.993,-0.476,-0.892,-0.999,-0.869,6.933,4.602,10.439,10.294,10.276,10.318,10.298,10.355,6.036,4.795,10.464,10.286,6.435,5.718,10.391,10.271,EssenceCatalog/problems/csplib-prob010-SocialGolfers/params/14482ddc4e061fe3ccd2392aaaaf08a6.param
0.969,0.972,0.971,-0.951,0.737,-0.88,-0.819,0.876,0.984,-0.912,-0.951,-0.918,0.998,-0.905,-0.994,0.906,0.976,0.945,0.953,0.942,-0.998,0.693,0.974,0.985,0.812,0.88,-0.917,-0.927,0.495,-0.99,-0.551,0.775,0.942,-0.853,-0.237,0.877,0.681,-0.959,-0.776,0.834,0.787,0.989,0.653,0.891,0.74,-0.965,0.99,-0.944,0.812,0.993,-0.465,-0.968,-0.885,-0.622,-0.771,0.973,0.954,0.079,0.981,-0.997,-0.947,0.983,0.994,0.828,0.948,-0.995,-0.094,-0.925,-0.98,0.902,-0.979,-0.99,-0.898,-0.929,0.853,-0.975,0.989,0.996,-0.992,0.958,0.99,0.99,-0.986,-0.9,-0.355,0.836,-0.976,-0.989,-0.999,-0.977,-0.969,-0.896,-0.96,0.957,-0.934,-0.986,-0.832,-0.835,-0.997,-0.238,6.637,4.978,10.41,10.38,10.387,10.368,10.366,10.394,6.109,5.18,10.39,10.368,6.451,5.931,10.38,10.367,EssenceCatalog/problems/csplib-prob010-SocialGolfers/params/b8f851849f1513cb3bf3b532a7a2d5ca.param
0.949,0.968,0.978,-0.964,0.894,-0.854,-0.918,0.896,0.99,-0.853,-0.983,-0.948,0.997,-0.905,-0.996,0.931,0.968,0.963,0.971,0.982,-0.997,-0.109,0.978,0.986,0.92,0.886,-0.967,-0.916,-0.956,-0.983,-0.22,0.962,0.909,-0.822,-0.973,0.87,0.834,-0.933,-0.525,0.789,0.939,0.982,0.764,0.975,0.667,-0.962,0.995,-0.959,0.674,0.989,-0.923,-0.968,-0.936,0.901,-0.966,0.962,0.962,-0.435,0.984,-0.993,-0.86,0.974,0.994,-0.117,0.785,-0.989,0.915,-0.899,-0.987,0.913,-0.946,-0.988,-0.9,-0.932,0.858,-0.964,0.989,0.998,-0.991,0.954,0.984,0.993,-0.988,-0.928,0.844,0.81,-0.978,-0.983,-0.997,-0.98,-0.942,-0.911,-0.955,0.915,-0.919,-0.979,-0.286,-0.824,-0.996,-0.125,4.864,4.072,10.257,10.256,10.326,10.301,10.311,10.269,4.952,4.195,10.281,10.242,5.199,4.679,10.249,10.251,EssenceCatalog/problems/csplib-prob010-SocialGolfers/params/c13f32d59420305e5828e8111c471bb3.param
0.954,0.969,0.977,-0.963,0.887,-0.856,-0.905,0.892,0.99,-0.875,-0.982,-0.954,0.997,-0.902,-0.996,0.928,0.971,0.966,0.967,0.977,-0.997,0.105,0.971,0.987,0.901,0.885,-0.96,-0.928,-0.943,-0.985,-0.225,0.956,0.902,-0.82,-0.956,0.862,0.806,-0.94,-0.574,0.816,0.931,0.985,0.752,0.968,0.712,-0.96,0.994,-0.958,0.669,0.989,-0.87,-0.966,-0.928,0.799,-0.954,0.97,0.962,-0.24,0.984,-0.995,-0.893,0.977,0.994,0.072,0.831,-0.991,0.884,-0.888,-0.987,0.921,-0.953,-0.988,-0.918,-0.936,0.873,-0.97,0.99,0.998,-0.992,0.957,0.986,0.993,-0.988,-0.927,0.779,0.816,-0.976,-0.986,-0.998,-0.98,-0.94,-0.912,-0.958,0.92,-0.911,-0.98,-0.358,-0.836,-0.997,-0.153,5.011,4.124,10.297,10.287,10.348,10.329,10.338,10.309,5.052,4.252,10.309,10.271,5.316,4.736,10.28,10.278,EssenceCatalog/problems/csplib-prob010-SocialGolfers/params/9f07b371a9aa9be5f19089915522a7ca.param
0.984,0.957,0.988,-0.983,0.87,-0.906,-0.959,0.826,0.967,-0.84,-0.968,-0.681,0.998,-0.945,-0.994,-0.427,0.994,0.635,0.992,0.977,-0.998,0.57,0.995,0.941,0.967,0.96,-0.983,-0.739,0.969,-0.991,-0.908,0.906,0.989,-0.943,0.813,0.979,0.943,-0.969,-0.857,0.634,-0.943,0.979,0.813,0.966,0.775,-0.987,0.989,-0.977,0.979,0.994,-0.872,-0.989,-0.968,-0.376,-0.62,0.572,0.987,-0.979,0.987,-0.991,-0.863,0.982,0.997,0.874,0.944,-0.996,-0.962,-0.983,-0.986,0.362,-0.974,-0.995,-0.02,-0.863,0.796,-0.989,0.989,0.998,-0.991,0.982,0.993,0.988,-0.971,-0.917,-0.72,0.973,-0.98,-0.986,-0.998,-0.967,-0.995,-0.957,-0.98,0.992,-0.992,-0.987,-0.911,-0.754,-0.997,-0.946,8.114,5.459,10.336,10.255,10.254,10.306,10.264,10.28,6.728,5.689,10.312,10.246,7.058,7.364,10.349,10.291,EssenceCatalog/problems/csplib-prob010-SocialGolfers/params/e56275fec4e7ad0747b965f75f7450e0.param
0.969,0.973,0.98,-0.957,0.843,-0.88,-0.885,0.879,0.985,-0.92,-0.967,-0.935,0.998,-0.914,-0.995,0.853,0.978,0.954,0.968,0.959,-0.998,0.732,0.961,0.987,0.808,0.869,-0.932,-0.935,-0.12,-0.99,-0.426,0.886,0.91,-0.838,-0.444,0.874,0.747,-0.96,-0.752,0.86,0.696,0.987,0.67,0.933,0.819,-0.963,0.988,-0.948,0.747,0.992,-0.375,-0.968,-0.888,-0.496,-0.761,0.973,0.956,0.273,0.98,-0.997,-0.941,0.984,0.995,0.772,0.934,-0.994,0.215,-0.904,-0.985,0.918,-0.977,-0.99,-0.916,-0.934,0.894,-0.982,0.989,0.997,-0.992,0.967,0.989,0.99,-0.987,-0.912,-0.237,0.838,-0.972,-0.989,-0.999,-0.976,-0.958,-0.906,-0.962,0.952,-0.91,-0.987,-0.787,-0.843,-0.997,-0.419,6.498,4.78,10.449,10.344,10.347,10.343,10.35,10.375,5.973,4.982,10.436,10.33,6.331,5.685,10.397,10.315,EssenceCatalog/problems/csplib-prob010-SocialGolfers/params/a37719524c94f727028bb779c0e95d15.param
0.217,0.961,-0.996,-0.976,-0.989,-0.748,0.996,0.98,0.973,-0.935,-0.887,-0.941,0.99,-0.89,-0.997,0.972,0.985,0.971,-0.996,-0.871,-0.996,0.877,0.997,0.989,0.96,0.969,-0.976,-0.964,0.956,-0.988,-0.784,0.631,0.989,-0.96,0.849,-0.773,0.918,-0.953,-0.95,0.571,0.988,0.994,0.555,-0.991,0.134,-0.993,0.998,-0.966,0.832,0.992,-0.947,-0.312,0.955,0.985,-0.988,0.977,0.99,-0.964,0.992,-0.993,-0.967,0.806,0.993,0.954,0.971,-0.997,0.979,-0.918,0.995,0.889,-0.874,-0.994,-0.949,-0.887,0.883,0.99,0.985,0.997,-0.985,-0.837,0.992,0.996,-0.984,-0.943,0.974,0.947,-0.989,-0.982,-0.993,-0.989,-0.986,-0.951,-0.981,0.286,-0.993,-0.986,0.973,-0.646,-0.994,0.945,3.918,3.288,4.564,9.861,10.263,10.209,10.385,10.491,3.912,3.458,4.574,9.876,4.508,4.052,5.532,9.874,EssenceCatalog/problems/csplib-prob010-SocialGolfers/params/69ff2930b090a5d533e4088b9be7809b.param
0.947,0.965,0.981,-0.96,0.838,-0.848,-0.917,0.885,0.986,-0.876,-0.978,-0.941,0.997,-0.896,-0.995,0.869,0.968,0.955,0.975,0.983,-0.997,0.419,0.98,0.984,0.887,0.888,-0.955,-0.912,-0.88,-0.984,-0.279,0.942,0.932,-0.82,-0.91,0.883,0.803,-0.938,-0.61,0.773,0.776,0.979,0.761,0.968,0.726,-0.959,0.992,-0.954,0.739,0.989,-0.838,-0.974,-0.927,0.675,-0.93,0.954,0.961,-0.15,0.977,-0.994,-0.871,0.982,0.993,0.238,0.828,-0.989,0.753,-0.916,-0.986,0.89,-0.962,-0.987,-0.895,-0.931,0.857,-0.97,0.987,0.997,-0.989,0.959,0.981,0.991,-0.986,-0.916,0.549,0.813,-0.976,-0.983,-0.998,-0.976,-0.952,-0.901,-0.948,0.921,-0.912,-0.98,-0.435,-0.828,-0.996,-0.418,5.336,4.239,10.35,10.297,10.338,10.332,10.317,10.305,5.221,4.377,10.35,10.281,5.514,4.949,10.313,10.283,EssenceCatalog/problems/csplib-prob010-SocialGolfers/params/6795da061e7b26ec8fce0c08bb5e20a7.param
0.975,0.966,0.974,-0.951,0.596,-0.893,-0.838,0.842,0.985,-0.825,-0.943,-0.839,0.997,-0.917,-0.991,0.967,0.974,0.927,0.968,0.956,-0.997,-0.074,0.988,0.979,0.936,0.914,-0.931,-0.863,0.737,-0.984,-0.686,0.597,0.966,-0.866,-0.642,0.932,0.724,-0.942,-0.686,0.626,0.918,0.988,0.597,0.918,0.371,-0.969,0.994,-0.95,0.905,0.992,-0.943,-0.979,-0.959,-0.121,-0.949,0.95,0.962,-0.823,0.984,-0.996,-0.915,0.979,0.993,0.757,0.929,-0.995,-0.335,-0.957,-0.985,0.784,-0.966,-0.991,-0.628,-0.917,0.588,-0.971,0.99,0.995,-0.993,0.941,0.989,0.992,-0.984,-0.878,0.057,0.862,-0.979,-0.985,-0.999,-0.977,-0.98,-0.882,-0.939,0.966,-0.968,-0.976,-0.88,-0.819,-0.994,-0.042,5.838,4.898,10.382,10.375,10.369,10.377,10.335,10.333,5.641,5.046,10.343,10.372,5.952,5.772,10.361,10.365,EssenceCatalog/problems/csplib-prob010-SocialGolfers/params/d024c4dcfb05cc746145fde731afe199.param
0.977,0.947,0.983,-0.978,0.715,-0.886,-0.929,0.851,0.981,-0.793,-0.968,-0.752,0.997,-0.945,-0.993,0.652,0.987,0.81,0.986,0.981,-0.998,-0.001,0.995,0.962,0.974,0.957,-0.977,-0.72,0.864,-0.986,-0.843,0.854,0.985,-0.924,-0.04,0.967,0.923,-0.956,-0.78,0.507,-0.387,0.98,0.744,0.959,0.547,-0.981,0.993,-0.972,0.961,0.992,-0.982,-0.987,-0.973,0.412,-0.95,0.731,0.981,-0.974,0.984,-0.991,-0.834,0.981,0.996,0.728,0.908,-0.996,-0.8,-0.977,-0.986,0.417,-0.963,-0.992,0.019,-0.882,0.596,-0.979,0.99,0.997,-0.993,0.963,0.988,0.992,-0.977,-0.889,-0.01,0.953,-0.981,-0.984,-0.998,-0.974,-0.992,-0.921,-0.957,0.983,-0.989,-0.981,-0.846,-0.739,-0.996,-0.801,6.651,5.065,10.383,10.294,10.307,10.305,10.23,10.283,5.967,5.258,10.322,10.291,6.286,6.492,10.336,10.302,EssenceCatalog/problems/csplib-prob010-SocialGolfers/params/2a566b20e10bc5981aa9fb51cdb4a0e0.param
0.985,0.966,0.977,-0.962,0.661,-0.918,-0.876,0.784,0.974,-0.839,-0.92,-0.715,0.997,-0.935,-0.991,0.866,0.988,0.786,0.977,0.918,-0.998,0.274,0.99,0.966,0.95,0.951,-0.932,-0.795,0.991,-0.988,-0.887,0.343,0.984,-0.924,0.617,0.967,0.819,-0.955,-0.836,0.681,0.339,0.991,0.657,0.875,0.454,-0.981,0.993,-0.96,0.97,0.995,-0.909,-0.983,-0.97,-0.846,-0.838,0.892,0.977,-0.949,0.986,-0.996,-0.931,0.976,0.995,0.935,0.97,-0.998,-0.955,-0.977,-0.984,0.583,-0.975,-0.994,-0.277,-0.912,0.552,-0.982,0.99,0.995,-0.994,0.96,0.993,0.988,-0.976,-0.873,-0.756,0.931,-0.975,-0.989,-0.999,-0.971,-0.993,-0.924,-0.961,0.987,-0.988,-0.982,-0.965,-0.834,-0.995,-0.612,7.256,5.472,10.41,10.396,10.413,10.373,10.354,10.382,6.463,5.668,10.388,10.397,6.772,6.879,10.442,10.41,EssenceCatalog/problems/csplib-prob010-SocialGolfers/params/125e657e97eaa3b20483b9287c019454.param
0.989,0.981,0.99,-0.988,0.971,-0.955,-0.983,0.823,0.967,-0.935,-0.978,-0.803,0.999,-0.961,-0.997,-0.976,0.998,0.485,0.996,0.951,-0.999,0.961,0.994,0.93,0.945,0.975,-0.989,-0.936,0.989,-0.996,-0.954,0.968,0.994,-0.968,0.988,0.988,0.969,-0.989,-0.94,0.852,-0.997,0.984,0.951,0.982,0.956,-0.994,0.987,-0.979,0.99,0.996,0.783,-0.992,-0.937,-0.95,0.888,0.709,0.993,-0.944,0.993,-0.994,-0.946,0.987,0.998,0.963,0.977,-0.998,-0.991,-0.991,-0.985,0.762,-0.991,-0.998,-0.734,-0.931,0.968,-0.994,0.986,0.999,-0.989,0.994,0.997,0.976,-0.969,-0.971,-0.983,0.988,-0.983,-0.994,-0.999,-0.967,-0.998,-0.987,-0.996,0.997,-0.994,-0.995,-0.96,-0.88,-0.998,-0.99,9.49,5.764,10.413,10.323,10.336,10.322,10.399,10.339,7.459,6.034,10.419,10.294,7.871,7.802,10.414,10.333,EssenceCatalog/problems/csplib-prob010-SocialGolfers/params/0e886315b7e840f7ecd2979e1990388e.param
0.945,0.967,0.98,-0.959,0.843,-0.843,-0.913,0.895,0.987,-0.9,-0.979,-0.955,0.997,-0.887,-0.995,0.832,0.973,0.957,0.972,0.98,-0.997,0.612,0.98,0.985,0.863,0.898,-0.954,-0.925,-0.894,-0.986,-0.299,0.95,0.941,-0.811,-0.879,0.871,0.795,-0.946,-0.663,0.818,0.722,0.98,0.792,0.967,0.781,-0.962,0.992,-0.957,0.746,0.99,-0.712,-0.975,-0.91,0.576,-0.899,0.962,0.962,0.109,0.98,-0.994,-0.885,0.983,0.994,0.329,0.845,-0.989,0.763,-0.915,-0.985,0.911,-0.969,-0.988,-0.928,-0.939,0.889,-0.973,0.988,0.998,-0.989,0.962,0.984,0.991,-0.987,-0.924,0.467,0.813,-0.978,-0.985,-0.998,-0.977,-0.956,-0.911,-0.959,0.925,-0.909,-0.983,-0.411,-0.834,-0.997,-0.486,5.516,4.268,10.378,10.317,10.346,10.35,10.333,10.327,5.331,4.419,10.379,10.297,5.643,5.003,10.331,10.296,EssenceCatalog/problems/csplib-prob010-SocialGolfers/params/e7fa78b1ebfa92d42a7b69058078c6f9.param
0.982,0.969,0.968,-0.954,0.53,-0.913,-0.797,0.825,0.985,-0.844,-0.928,-0.8,0.997,-0.927,-0.992,0.972,0.979,0.899,0.961,0.916,-0.998,0.018,0.988,0.978,0.945,0.939,-0.918,-0.864,0.961,-0.987,-0.809,0.329,0.977,-0.9,-0.101,0.947,0.738,-0.954,-0.794,0.679,0.901,0.992,0.594,0.848,0.341,-0.976,0.995,-0.951,0.944,0.994,-0.94,-0.979,-0.963,-0.651,-0.934,0.95,0.967,-0.896,0.985,-0.997,-0.945,0.979,0.993,0.884,0.963,-0.998,-0.79,-0.969,-0.981,0.764,-0.972,-0.993,-0.558,-0.932,0.532,-0.97,0.991,0.995,-0.995,0.936,0.991,0.991,-0.984,-0.873,-0.357,0.896,-0.978,-0.989,-0.999,-0.978,-0.988,-0.885,-0.944,0.976,-0.981,-0.981,-0.942,-0.847,-0.995,-0.06,6.405,5.225,10.388,10.405,10.405,10.395,10.362,10.39,6.017,5.392,10.357,10.411,6.332,6.262,10.408,10.413,EssenceCatalog/problems/csplib-prob010-SocialGolfers/params/f988b89a43dedc90286eff755475ae9e.param
0.969,0.967,0.973,-0.952,0.634,-0.886,-0.851,0.862,0.988,-0.817,-0.957,-0.87,0.997,-0.917,-0.992,0.975,0.968,0.946,0.967,0.966,-0.997,-0.253,0.988,0.981,0.942,0.905,-0.946,-0.881,0.18,-0.982,-0.602,0.735,0.962,-0.852,-0.875,0.924,0.753,-0.94,-0.628,0.615,0.951,0.987,0.638,0.941,0.357,-0.967,0.995,-0.951,0.874,0.991,-0.959,-0.978,-0.959,0.439,-0.966,0.955,0.958,-0.794,0.984,-0.996,-0.901,0.98,0.992,0.579,0.898,-0.994,0.22,-0.952,-0.985,0.825,-0.963,-0.99,-0.705,-0.925,0.614,-0.965,0.99,0.995,-0.993,0.933,0.987,0.993,-0.986,-0.887,0.468,0.847,-0.981,-0.984,-0.998,-0.98,-0.974,-0.877,-0.936,0.953,-0.961,-0.974,-0.811,-0.833,-0.995,0.082,5.286,4.558,10.332,10.35,10.361,10.362,10.32,10.297,5.273,4.686,10.309,10.342,5.545,5.269,10.32,10.342,EssenceCatalog/problems/csplib-prob010-SocialGolfers/params/696af2594d8e59243b00a2a865dab49d.param
0.985,0.968,0.973,-0.957,0.598,-0.918,-0.837,0.792,0.981,-0.847,-0.918,-0.761,0.997,-0.93,-0.991,0.944,0.984,0.853,0.969,0.902,-0.998,0.165,0.988,0.973,0.945,0.946,-0.914,-0.84,0.985,-0.987,-0.858,0.246,0.981,-0.912,0.358,0.959,0.765,-0.954,-0.822,0.693,0.755,0.992,0.62,0.852,0.393,-0.978,0.994,-0.953,0.961,0.994,-0.916,-0.98,-0.968,-0.83,-0.883,0.932,0.97,-0.921,0.984,-0.997,-0.946,0.977,0.994,0.923,0.971,-0.998,-0.919,-0.973,-0.983,0.694,-0.975,-0.993,-0.444,-0.927,0.535,-0.978,0.991,0.994,-0.995,0.95,0.993,0.989,-0.98,-0.867,-0.642,0.912,-0.974,-0.989,-0.999,-0.973,-0.99,-0.903,-0.953,0.983,-0.984,-0.982,-0.963,-0.85,-0.995,-0.336,6.879,5.393,10.403,10.413,10.426,10.391,10.37,10.396,6.286,5.573,10.381,10.415,6.596,6.608,10.441,10.426,EssenceCatalog/problems/csplib-prob010-SocialGolfers/params/16de3a3a11fa43787106478ee98fdd9e.param
0.951,0.973,0.952,-0.963,0.785,-0.878,-0.847,0.902,0.992,-0.827,-0.978,-0.921,0.996,-0.92,-0.995,0.987,0.969,0.969,0.948,0.965,-0.997,-0.629,0.987,0.988,0.951,0.907,-0.969,-0.918,-0.869,-0.98,-0.434,0.918,0.942,-0.852,-0.983,0.877,0.82,-0.938,-0.519,0.689,0.992,0.989,0.743,0.955,0.343,-0.973,0.997,-0.966,0.763,0.99,-0.98,-0.967,-0.941,0.948,-0.988,0.968,0.967,-0.837,0.99,-0.995,-0.886,0.966,0.994,-0.008,0.829,-0.994,0.926,-0.929,-0.981,0.913,-0.939,-0.991,-0.861,-0.933,0.751,-0.931,0.991,0.997,-0.992,0.909,0.989,0.995,-0.989,-0.921,0.917,0.833,-0.985,-0.986,-0.998,-0.985,-0.962,-0.915,-0.956,0.913,-0.957,-0.974,-0.452,-0.854,-0.994,0.464,4.578,4.095,10.191,10.287,10.344,10.311,10.33,10.266,4.826,4.203,10.232,10.265,5.048,4.62,10.219,10.272,EssenceCatalog/problems/csplib-prob010-SocialGolfers/params/91f2d2cba6d5899940fbd00e32bd496e.param
0.966,0.967,0.974,-0.96,0.647,-0.888,-0.874,0.872,0.991,-0.793,-0.968,-0.88,0.997,-0.926,-0.993,0.98,0.967,0.952,0.972,0.971,-0.997,-0.487,0.991,0.983,0.96,0.922,-0.96,-0.885,-0.211,-0.981,-0.618,0.805,0.969,-0.862,-0.943,0.932,0.82,-0.944,-0.616,0.573,0.965,0.987,0.703,0.956,0.269,-0.969,0.996,-0.956,0.883,0.99,-0.981,-0.98,-0.968,0.766,-0.981,0.95,0.964,-0.87,0.985,-0.996,-0.889,0.979,0.992,0.377,0.882,-0.995,0.438,-0.958,-0.986,0.83,-0.96,-0.99,-0.689,-0.935,0.581,-0.959,0.991,0.996,-0.993,0.92,0.985,0.994,-0.986,-0.89,0.715,0.863,-0.982,-0.985,-0.998,-0.982,-0.976,-0.879,-0.937,0.945,-0.967,-0.972,-0.773,-0.85,-0.994,0.152,4.979,4.394,10.32,10.349,10.368,10.361,10.328,10.287,5.07,4.506,10.314,10.337,5.321,5.044,10.314,10.344,EssenceCatalog/problems/csplib-prob010-SocialGolfers/params/b1c134e3f08d089667a45ab1ec1a0efd.param
0.955,0.969,0.978,-0.959,0.833,-0.868,-0.903,0.883,0.99,-0.84,-0.977,-0.931,0.997,-0.908,-0.995,0.959,0.964,0.961,0.972,0.98,-0.997,-0.23,0.981,0.985,0.926,0.883,-0.962,-0.912,-0.875,-0.982,-0.362,0.925,0.929,-0.829,-0.968,0.892,0.801,-0.936,-0.537,0.728,0.954,0.984,0.735,0.969,0.552,-0.963,0.995,-0.954,0.744,0.989,-0.946,-0.972,-0.947,0.846,-0.969,0.963,0.958,-0.567,0.983,-0.994,-0.869,0.976,0.993,0.06,0.822,-0.991,0.837,-0.92,-0.988,0.898,-0.952,-0.988,-0.868,-0.934,0.79,-0.965,0.989,0.997,-0.991,0.946,0.983,0.993,-0.988,-0.914,0.787,0.808,-0.979,-0.983,-0.998,-0.979,-0.95,-0.895,-0.944,0.922,-0.932,-0.975,-0.523,-0.838,-0.995,0.012,4.877,4.157,10.29,10.29,10.345,10.322,10.326,10.283,4.982,4.275,10.311,10.276,5.233,4.757,10.281,10.283,EssenceCatalog/problems/csplib-prob010-SocialGolfers/params/3450491c72ef21959ba5cf8afe0e063e.param
0.945,0.966,0.972,-0.961,0.81,-0.865,-0.909,0.894,0.991,-0.83,-0.98,-0.936,0.996,-0.899,-0.995,0.96,0.968,0.963,0.97,0.98,-0.997,-0.374,0.988,0.985,0.936,0.903,-0.968,-0.905,-0.928,-0.98,-0.393,0.936,0.951,-0.823,-0.979,0.892,0.822,-0.935,-0.523,0.691,0.965,0.983,0.794,0.974,0.488,-0.968,0.996,-0.961,0.782,0.989,-0.963,-0.977,-0.95,0.935,-0.977,0.958,0.965,-0.653,0.987,-0.993,-0.848,0.976,0.993,-0.125,0.79,-0.989,0.903,-0.927,-0.986,0.896,-0.952,-0.989,-0.868,-0.941,0.781,-0.953,0.989,0.998,-0.991,0.936,0.986,0.993,-0.987,-0.919,0.865,0.821,-0.984,-0.982,-0.997,-0.98,-0.958,-0.907,-0.952,0.917,-0.939,-0.974,-0.406,-0.848,-0.995,0.06,4.751,4.104,10.259,10.287,10.338,10.313,10.319,10.266,4.902,4.216,10.292,10.269,5.143,4.687,10.258,10.277,EssenceCatalog/problems/csplib-prob010-SocialGolfers/params/61b932b80fb99f96148ce8f5920ef4ce.param
0.965,0.968,0.974,-0.952,0.714,-0.872,-0.842,0.866,0.981,-0.906,-0.951,-0.912,0.998,-0.894,-0.993,0.846,0.974,0.934,0.961,0.953,-0.997,0.708,0.98,0.982,0.816,0.885,-0.922,-0.916,0.36,-0.988,-0.555,0.797,0.955,-0.846,-0.25,0.885,0.693,-0.953,-0.76,0.802,0.626,0.985,0.69,0.917,0.731,-0.964,0.988,-0.944,0.837,0.992,-0.497,-0.972,-0.89,-0.529,-0.76,0.961,0.952,0.006,0.98,-0.996,-0.931,0.984,0.994,0.791,0.933,-0.993,-0.141,-0.932,-0.981,0.874,-0.979,-0.99,-0.884,-0.925,0.839,-0.976,0.987,0.996,-0.991,0.959,0.988,0.989,-0.984,-0.898,-0.364,0.839,-0.976,-0.987,-0.998,-0.973,-0.971,-0.898,-0.958,0.957,-0.935,-0.984,-0.805,-0.822,-0.996,-0.4,6.695,4.966,10.417,10.36,10.356,10.348,10.335,10.367,6.105,5.164,10.396,10.346,6.452,5.975,10.377,10.347,EssenceCatalog/problems/csplib-prob010-SocialGolfers/params/04d38771751b71f9b426a82d24f585c0.param
0.972,0.969,0.97,-0.947,0.568,-0.897,-0.82,0.853,0.988,-0.831,-0.948,-0.862,0.997,-0.915,-0.992,0.982,0.969,0.94,0.962,0.95,-0.998,-0.165,0.988,0.982,0.936,0.911,-0.931,-0.89,0.634,-0.984,-0.676,0.6,0.967,-0.862,-0.76,0.928,0.709,-0.947,-0.698,0.639,0.959,0.99,0.628,0.907,0.341,-0.969,0.995,-0.948,0.896,0.992,-0.951,-0.978,-0.958,0.008,-0.961,0.962,0.958,-0.795,0.984,-0.996,-0.925,0.979,0.992,0.722,0.929,-0.996,-0.14,-0.958,-0.983,0.839,-0.968,-0.991,-0.715,-0.937,0.582,-0.964,0.99,0.995,-0.993,0.925,0.988,0.992,-0.986,-0.881,0.191,0.852,-0.98,-0.986,-0.999,-0.979,-0.978,-0.866,-0.934,0.956,-0.966,-0.976,-0.874,-0.854,-0.995,0.159,5.618,4.797,10.357,10.385,10.376,10.383,10.342,10.34,5.516,4.935,10.325,10.381,5.816,5.58,10.343,10.377,EssenceCatalog/problems/csplib-prob010-SocialGolfers/params/11263fbe3ad7620e0cd870b1a2f861fd.param
0.966,0.971,0.972,-0.952,0.765,-0.867,-0.823,0.876,0.985,-0.888,-0.958,-0.919,0.997,-0.901,-0.994,0.938,0.971,0.949,0.955,0.955,-0.997,0.457,0.973,0.985,0.852,0.867,-0.925,-0.919,-0.015,-0.987,-0.43,0.829,0.923,-0.837,-0.673,0.869,0.693,-0.948,-0.687,0.796,0.887,0.988,0.627,0.912,0.683,-0.962,0.991,-0.944,0.752,0.992,-0.723,-0.965,-0.904,-0.171,-0.896,0.97,0.951,-0.172,0.981,-0.996,-0.929,0.98,0.994,0.696,0.918,-0.994,0.307,-0.912,-0.982,0.896,-0.969,-0.989,-0.883,-0.917,0.827,-0.972,0.989,0.996,-0.992,0.955,0.988,0.991,-0.987,-0.9,0.098,0.814,-0.975,-0.987,-0.998,-0.978,-0.96,-0.895,-0.951,0.945,-0.928,-0.982,-0.75,-0.809,-0.996,-0.121,5.846,4.625,10.364,10.336,10.356,10.356,10.344,10.345,5.616,4.802,10.355,10.329,5.935,5.404,10.337,10.31,EssenceCatalog/problems/csplib-prob010-SocialGolfers/params/65d6f3b917798882af095836f3cced05.param
0.928,0.964,0.978,-0.963,0.885,-0.83,-0.93,0.91,0.988,-0.896,-0.986,-0.966,0.997,-0.885,-0.996,0.757,0.979,0.959,0.971,0.984,-0.997,0.595,0.982,0.985,0.878,0.911,-0.965,-0.926,-0.971,-0.985,-0.238,0.974,0.947,-0.815,-0.927,0.86,0.845,-0.945,-0.661,0.844,0.713,0.977,0.847,0.976,0.816,-0.966,0.994,-0.964,0.735,0.99,-0.722,-0.977,-0.905,0.823,-0.919,0.958,0.974,0.128,0.983,-0.992,-0.866,0.982,0.995,0.072,0.784,-0.986,0.896,-0.907,-0.985,0.92,-0.964,-0.989,-0.94,-0.941,0.922,-0.966,0.988,0.999,-0.989,0.963,0.986,0.991,-0.987,-0.941,0.672,0.822,-0.981,-0.984,-0.997,-0.978,-0.958,-0.931,-0.969,0.919,-0.912,-0.984,-0.119,-0.828,-0.997,-0.581,5.352,4.139,10.332,10.301,10.344,10.348,10.332,10.316,5.211,4.284,10.342,10.279,5.506,4.866,10.289,10.287,EssenceCatalog/problems/csplib-prob010-SocialGolfers/params/3875a6a094b775d7806b86a4e74f7cb6.param
0.982,0.967,0.966,-0.95,0.535,-0.914,-0.799,0.808,0.981,-0.853,-0.914,-0.801,0.997,-0.92,-0.991,0.961,0.982,0.881,0.959,0.894,-0.998,0.222,0.986,0.976,0.935,0.939,-0.9,-0.855,0.977,-0.987,-0.825,0.226,0.979,-0.901,0.217,0.946,0.71,-0.953,-0.804,0.701,0.852,0.992,0.602,0.817,0.375,-0.977,0.994,-0.95,0.951,0.994,-0.903,-0.978,-0.959,-0.804,-0.898,0.947,0.969,-0.877,0.983,-0.997,-0.946,0.977,0.994,0.916,0.969,-0.997,-0.865,-0.968,-0.981,0.74,-0.974,-0.993,-0.57,-0.93,0.561,-0.973,0.99,0.995,-0.994,0.94,0.993,0.99,-0.982,-0.872,-0.572,0.894,-0.977,-0.989,-0.999,-0.973,-0.989,-0.898,-0.95,0.978,-0.981,-0.981,-0.952,-0.847,-0.995,-0.17,6.718,5.334,10.363,10.397,10.41,10.377,10.352,10.382,6.201,5.508,10.341,10.4,6.509,6.462,10.401,10.411,EssenceCatalog/problems/csplib-prob010-SocialGolfers/params/79999e8302454d3ad462070a4cd6c170.param
0.993,0.989,0.992,-0.99,0.99,-0.973,-0.988,0.87,0.978,-0.972,-0.987,-0.915,0.999,-0.975,-0.998,-0.991,0.999,0.578,0.996,0.863,-0.999,0.99,0.984,0.954,0.94,0.984,-0.991,-0.976,0.99,-0.998,-0.974,0.988,0.993,-0.979,0.996,0.988,0.982,-0.995,-0.969,0.946,-0.998,0.991,0.978,0.983,0.985,-0.995,0.983,-0.981,0.989,0.997,0.978,-0.989,-0.878,-0.991,0.985,0.906,0.991,-0.735,0.994,-0.997,-0.98,0.99,0.998,0.983,0.985,-0.999,-0.994,-0.992,-0.979,0.934,-0.995,-0.998,-0.93,-0.969,0.987,-0.996,0.985,0.999,-0.992,0.994,0.998,0.975,-0.979,-0.984,-0.996,0.992,-0.977,-0.997,-0.999,-0.97,-0.997,-0.992,-0.998,0.997,-0.992,-0.997,-0.982,-0.947,-0.999,-0.994,9.696,5.835,10.519,10.45,10.449,10.434,10.531,10.487,7.612,6.107,10.533,10.427,8.042,7.841,10.521,10.463,EssenceCatalog/problems/csplib-prob010-SocialGolfers/params/7bee49853f214a0d2f6525c7b31dce64.param
0.983,0.967,0.962,-0.955,0.51,-0.917,-0.778,0.812,0.981,-0.858,-0.913,-0.787,0.997,-0.923,-0.992,0.956,0.983,0.867,0.954,0.879,-0.998,0.236,0.987,0.975,0.941,0.945,-0.902,-0.853,0.984,-0.988,-0.838,0.206,0.981,-0.908,0.339,0.947,0.736,-0.954,-0.819,0.709,0.828,0.992,0.597,0.791,0.372,-0.979,0.994,-0.952,0.955,0.995,-0.907,-0.977,-0.958,-0.824,-0.899,0.943,0.971,-0.899,0.984,-0.997,-0.949,0.977,0.994,0.925,0.972,-0.998,-0.892,-0.97,-0.977,0.722,-0.974,-0.993,-0.539,-0.929,0.56,-0.971,0.991,0.995,-0.994,0.939,0.993,0.99,-0.982,-0.874,-0.592,0.905,-0.976,-0.989,-0.999,-0.973,-0.99,-0.902,-0.953,0.98,-0.983,-0.983,-0.954,-0.844,-0.995,-0.191,6.776,5.359,10.343,10.394,10.418,10.376,10.356,10.387,6.238,5.538,10.323,10.4,6.54,6.518,10.39,10.414,EssenceCatalog/problems/csplib-prob010-SocialGolfers/params/1609eb27705efa3c3661dc00958f43cb.param
0.969,0.97,0.971,-0.947,0.624,-0.893,-0.826,0.861,0.989,-0.835,-0.956,-0.883,0.997,-0.913,-0.993,0.984,0.966,0.95,0.962,0.956,-0.997,-0.23,0.986,0.984,0.934,0.901,-0.939,-0.902,0.287,-0.984,-0.609,0.696,0.959,-0.853,-0.862,0.917,0.715,-0.946,-0.66,0.653,0.97,0.989,0.638,0.921,0.368,-0.967,0.995,-0.948,0.866,0.991,-0.951,-0.976,-0.955,0.281,-0.966,0.966,0.956,-0.756,0.984,-0.996,-0.922,0.979,0.992,0.627,0.914,-0.996,0.214,-0.95,-0.984,0.865,-0.965,-0.99,-0.773,-0.939,0.631,-0.962,0.991,0.995,-0.993,0.924,0.987,0.993,-0.987,-0.889,0.41,0.838,-0.981,-0.986,-0.998,-0.98,-0.973,-0.869,-0.935,0.948,-0.958,-0.976,-0.832,-0.858,-0.995,0.234,5.333,4.601,10.332,10.371,10.377,10.379,10.343,10.326,5.325,4.732,10.311,10.366,5.604,5.294,10.325,10.363,EssenceCatalog/problems/csplib-prob010-SocialGolfers/params/84aaeefff33158e02dbafacae4c35c6a.param
0.456,0.97,-0.946,-0.984,-0.941,-0.801,0.901,0.975,0.963,-0.93,-0.935,-0.958,0.992,-0.846,-0.997,0.401,0.997,0.917,-0.855,0.487,-0.998,0.967,0.999,0.969,0.951,0.966,-0.974,-0.935,0.97,-0.99,-0.841,0.73,0.998,-0.968,0.945,0.213,0.936,-0.968,-0.943,0.661,0.568,0.986,0.898,-0.825,0.497,-0.997,0.999,-0.974,0.968,0.998,-0.765,-0.949,0.719,0.902,-0.947,0.917,0.998,-0.94,0.998,-0.988,-0.957,0.939,0.997,0.955,0.954,-0.993,0.844,-0.98,0.941,0.773,-0.941,-0.998,-0.931,-0.869,0.927,0.885,0.988,1.0,-0.983,0.48,0.998,0.994,-0.976,-0.972,0.577,0.946,-0.997,-0.981,-0.994,-0.986,-0.998,-0.99,-0.992,0.866,-0.996,-0.991,0.89,-0.335,-0.996,0.076,4.807,3.691,5.8,10.174,10.479,10.528,10.559,10.535,4.608,3.874,5.86,10.188,5.081,4.814,6.688,10.182,EssenceCatalog/problems/csplib-prob010-SocialGolfers/params/ab297fb213e1aa7f582b6c513a21962f.param
0.975,0.606,0.212,-0.957,-0.185,-0.79,0.944,0.713,0.99,-0.979,-0.936,-0.876,0.998,-0.952,-0.997,0.865,-0.845,0.923,-0.943,-0.978,-0.987,0.663,-0.973,0.981,0.964,0.89,-0.885,-0.975,0.282,-0.965,0.767,0.942,-0.947,-0.968,0.097,-0.338,0.956,-0.935,-0.853,0.959,-0.86,0.98,-0.482,-0.975,0.94,0.788,-0.953,0.82,-0.952,-0.624,-0.808,0.979,0.827,-0.934,-0.886,0.965,-0.934,0.714,-0.989,-0.997,-0.979,0.948,-0.851,0.362,0.957,-0.997,-0.805,0.736,0.959,0.773,-0.832,0.92,-0.853,-0.917,0.581,0.207,0.943,-0.975,-0.994,-0.427,-0.924,0.984,-0.984,-0.507,0.959,0.956,0.945,-0.993,-0.997,-0.732,0.949,0.814,0.928,-0.838,0.017,-0.989,-0.563,-0.958,-0.993,0.725,2.717,1.755,2.266,5.09,3.671,2.938,4.172,7.604,2.557,2.006,2.263,4.914,2.759,2.11,2.652,5.134,EssenceCatalog/problems/csplib-prob010-SocialGolfers/params/c2a1db452f1bd4e8368414e287777afe.param
0.982,0.967,0.973,-0.956,0.558,-0.91,-0.83,0.817,0.983,-0.829,-0.93,-0.781,0.997,-0.929,-0.991,0.959,0.981,0.889,0.969,0.931,-0.998,0.018,0.989,0.976,0.947,0.939,-0.926,-0.841,0.957,-0.986,-0.814,0.384,0.977,-0.901,-0.082,0.952,0.767,-0.95,-0.779,0.653,0.841,0.991,0.599,0.882,0.357,-0.975,0.994,-0.954,0.947,0.994,-0.944,-0.981,-0.966,-0.616,-0.93,0.937,0.968,-0.91,0.985,-0.996,-0.933,0.979,0.994,0.879,0.958,-0.997,-0.813,-0.97,-0.983,0.715,-0.971,-0.993,-0.456,-0.921,0.511,-0.975,0.991,0.995,-0.994,0.945,0.991,0.991,-0.982,-0.871,-0.38,0.9,-0.978,-0.988,-0.999,-0.976,-0.988,-0.893,-0.945,0.978,-0.981,-0.98,-0.94,-0.833,-0.995,-0.219,6.468,5.234,10.405,10.394,10.392,10.386,10.348,10.37,6.035,5.403,10.367,10.398,6.353,6.32,10.416,10.4,EssenceCatalog/problems/csplib-prob010-SocialGolfers/params/97a1d70fa36ef5f0b8be776361c40639.param
0.976,0.965,0.975,-0.95,0.602,-0.894,-0.845,0.831,0.983,-0.829,-0.937,-0.826,0.997,-0.915,-0.991,0.958,0.977,0.916,0.97,0.953,-0.997,0.02,0.987,0.977,0.93,0.915,-0.923,-0.853,0.835,-0.984,-0.717,0.547,0.968,-0.869,-0.471,0.936,0.708,-0.942,-0.705,0.635,0.886,0.988,0.598,0.913,0.388,-0.971,0.994,-0.95,0.916,0.993,-0.928,-0.979,-0.959,-0.344,-0.935,0.946,0.964,-0.826,0.984,-0.996,-0.918,0.979,0.993,0.804,0.938,-0.995,-0.519,-0.958,-0.986,0.762,-0.968,-0.991,-0.599,-0.914,0.587,-0.974,0.99,0.995,-0.993,0.946,0.99,0.991,-0.983,-0.876,-0.146,0.865,-0.979,-0.986,-0.999,-0.975,-0.983,-0.887,-0.944,0.971,-0.97,-0.977,-0.9,-0.812,-0.994,-0.135,6.115,5.029,10.401,10.378,10.368,10.377,10.333,10.34,5.809,5.187,10.361,10.376,6.128,5.986,10.386,10.372,EssenceCatalog/problems/csplib-prob010-SocialGolfers/params/16639f28f32c3fc0cc66ebf7af31510c.param
0.952,0.949,0.984,-0.975,0.879,-0.857,-0.948,0.893,0.979,-0.89,-0.982,-0.911,0.997,-0.917,-0.996,-0.21,0.988,0.881,0.984,0.988,-0.997,0.76,0.988,0.968,0.92,0.933,-0.976,-0.853,-0.537,-0.987,-0.517,0.972,0.971,-0.888,-0.3,0.928,0.924,-0.956,-0.778,0.78,-0.768,0.966,0.831,0.975,0.853,-0.975,0.988,-0.971,0.884,0.991,-0.748,-0.983,-0.918,0.493,-0.803,0.82,0.978,-0.617,0.978,-0.988,-0.84,0.985,0.997,0.522,0.831,-0.987,0.018,-0.947,-0.984,0.749,-0.967,-0.992,-0.75,-0.897,0.904,-0.983,0.985,0.998,-0.988,0.979,0.986,0.989,-0.981,-0.93,-0.011,0.922,-0.98,-0.98,-0.998,-0.967,-0.982,-0.948,-0.971,0.969,-0.961,-0.987,-0.452,-0.713,-0.997,-0.907,6.892,4.711,10.388,10.277,10.296,10.349,10.279,10.335,5.954,4.904,10.395,10.269,6.297,6.123,10.374,10.288,EssenceCatalog/problems/csplib-prob010-SocialGolfers/params/d45aa0a9d393141f701d4aecdf753699.param
0.935,0.959,0.975,-0.964,0.815,-0.852,-0.924,0.894,0.99,-0.82,-0.982,-0.938,0.996,-0.907,-0.995,0.942,0.966,0.962,0.973,0.986,-0.996,-0.259,0.989,0.983,0.947,0.916,-0.972,-0.895,-0.952,-0.98,-0.331,0.949,0.955,-0.843,-0.981,0.899,0.855,-0.934,-0.526,0.672,0.933,0.979,0.812,0.977,0.528,-0.967,0.996,-0.96,0.791,0.988,-0.97,-0.978,-0.953,0.956,-0.979,0.942,0.967,-0.674,0.982,-0.992,-0.819,0.978,0.992,-0.235,0.763,-0.988,0.904,-0.935,-0.986,0.878,-0.95,-0.987,-0.855,-0.938,0.794,-0.948,0.989,0.998,-0.991,0.937,0.978,0.993,-0.987,-0.918,0.885,0.832,-0.982,-0.981,-0.997,-0.979,-0.959,-0.9,-0.945,0.903,-0.941,-0.975,-0.274,-0.85,-0.995,-0.122,4.787,4.085,10.255,10.276,10.334,10.305,10.306,10.257,4.9,4.197,10.289,10.26,5.141,4.702,10.253,10.266,EssenceCatalog/problems/csplib-prob010-SocialGolfers/params/2f9c83876fdfc842a355b11a69577fd0.param
0.989,0.979,0.99,-0.986,0.953,-0.948,-0.977,0.742,0.959,-0.903,-0.964,-0.683,0.998,-0.956,-0.996,-0.938,0.997,0.378,0.995,0.912,-0.999,0.921,0.993,0.904,0.963,0.973,-0.986,-0.892,0.996,-0.995,-0.97,0.93,0.993,-0.965,0.985,0.99,0.967,-0.986,-0.927,0.787,-0.995,0.985,0.933,0.971,0.919,-0.993,0.982,-0.976,0.992,0.995,0.391,-0.99,-0.965,-0.951,0.76,0.667,0.989,-0.98,0.988,-0.993,-0.941,0.984,0.998,0.963,0.978,-0.998,-0.996,-0.992,-0.984,0.575,-0.988,-0.997,-0.532,-0.93,0.933,-0.993,0.986,0.998,-0.988,0.988,0.996,0.974,-0.966,-0.953,-0.979,0.988,-0.974,-0.993,-0.999,-0.958,-0.997,-0.981,-0.991,0.997,-0.994,-0.992,-0.979,-0.897,-0.998,-0.985,9.285,5.718,10.332,10.232,10.241,10.242,10.304,10.248,7.331,5.979,10.338,10.202,7.724,7.769,10.333,10.248,EssenceCatalog/problems/csplib-prob010-SocialGolfers/params/f175cc1ff3a3c17b5c99cfd5c737e16d.param
0.954,0.971,0.973,-0.956,0.804,-0.864,-0.878,0.886,0.989,-0.841,-0.972,-0.925,0.996,-0.906,-0.994,0.969,0.967,0.961,0.967,0.975,-0.997,-0.18,0.982,0.986,0.915,0.871,-0.953,-0.912,-0.768,-0.983,-0.385,0.902,0.928,-0.824,-0.953,0.888,0.759,-0.937,-0.556,0.718,0.967,0.985,0.705,0.958,0.529,-0.965,0.995,-0.953,0.752,0.99,-0.933,-0.972,-0.941,0.766,-0.968,0.967,0.959,-0.557,0.986,-0.995,-0.883,0.975,0.994,0.254,0.847,-0.992,0.806,-0.92,-0.986,0.901,-0.955,-0.989,-0.869,-0.93,0.784,-0.96,0.99,0.997,-0.992,0.942,0.986,0.993,-0.988,-0.912,0.717,0.798,-0.981,-0.984,-0.998,-0.981,-0.957,-0.901,-0.947,0.926,-0.936,-0.976,-0.581,-0.832,-0.995,0.096,4.928,4.204,10.281,10.296,10.349,10.328,10.327,10.281,5.027,4.324,10.297,10.283,5.277,4.801,10.277,10.286,EssenceCatalog/problems/csplib-prob010-SocialGolfers/params/64f5ff113e3aec666513241d823c93a7.param
0.98,0.968,0.973,-0.958,0.547,-0.91,-0.82,0.834,0.987,-0.818,-0.943,-0.805,0.997,-0.932,-0.992,0.977,0.977,0.915,0.967,0.936,-0.998,-0.22,0.989,0.979,0.957,0.938,-0.935,-0.858,0.902,-0.985,-0.787,0.483,0.975,-0.894,-0.506,0.947,0.786,-0.951,-0.752,0.621,0.921,0.991,0.597,0.895,0.297,-0.973,0.995,-0.954,0.936,0.993,-0.967,-0.979,-0.968,-0.289,-0.962,0.947,0.966,-0.918,0.985,-0.997,-0.931,0.979,0.993,0.817,0.948,-0.997,-0.65,-0.968,-0.984,0.759,-0.968,-0.992,-0.5,-0.93,0.476,-0.97,0.991,0.994,-0.995,0.93,0.99,0.993,-0.984,-0.871,-0.01,0.896,-0.978,-0.988,-0.999,-0.979,-0.986,-0.879,-0.936,0.971,-0.98,-0.978,-0.924,-0.842,-0.995,-0.03,5.976,5.041,10.397,10.394,10.376,10.388,10.348,10.362,5.743,5.189,10.351,10.396,6.062,5.978,10.383,10.393,EssenceCatalog/problems/csplib-prob010-SocialGolfers/params/862ec093a4c4a57c099efbb09cddf1c8.param
0.975,0.97,0.969,-0.948,0.564,-0.902,-0.803,0.846,0.987,-0.841,-0.944,-0.852,0.997,-0.917,-0.992,0.981,0.971,0.935,0.959,0.94,-0.998,-0.088,0.986,0.982,0.934,0.916,-0.926,-0.89,0.775,-0.985,-0.696,0.541,0.967,-0.873,-0.646,0.928,0.704,-0.949,-0.722,0.662,0.954,0.991,0.607,0.887,0.36,-0.97,0.995,-0.947,0.903,0.993,-0.941,-0.976,-0.956,-0.222,-0.954,0.963,0.959,-0.806,0.984,-0.997,-0.934,0.979,0.993,0.78,0.942,-0.997,-0.326,-0.958,-0.982,0.833,-0.969,-0.991,-0.711,-0.935,0.591,-0.965,0.991,0.995,-0.994,0.927,0.989,0.992,-0.986,-0.879,0.062,0.861,-0.979,-0.987,-0.999,-0.979,-0.98,-0.869,-0.935,0.961,-0.968,-0.978,-0.893,-0.852,-0.995,0.146,5.818,4.915,10.374,10.4,10.391,10.396,10.362,10.37,5.653,5.061,10.342,10.399,5.964,5.752,10.364,10.392,EssenceCatalog/problems/csplib-prob010-SocialGolfers/params/cfc4e5a326c75518693a5e502ca57e0c.param
0.968,0.967,0.972,-0.954,0.65,-0.886,-0.85,0.867,0.989,-0.82,-0.96,-0.876,0.997,-0.917,-0.993,0.976,0.968,0.949,0.966,0.968,-0.997,-0.275,0.987,0.982,0.943,0.905,-0.949,-0.885,0.048,-0.982,-0.576,0.76,0.959,-0.85,-0.896,0.921,0.758,-0.939,-0.615,0.625,0.959,0.987,0.638,0.942,0.363,-0.967,0.995,-0.953,0.863,0.991,-0.962,-0.978,-0.958,0.528,-0.97,0.957,0.959,-0.796,0.985,-0.996,-0.899,0.979,0.993,0.542,0.891,-0.994,0.344,-0.95,-0.985,0.836,-0.96,-0.99,-0.723,-0.923,0.633,-0.963,0.991,0.996,-0.993,0.932,0.987,0.993,-0.987,-0.893,0.539,0.845,-0.981,-0.984,-0.998,-0.98,-0.973,-0.882,-0.937,0.951,-0.96,-0.974,-0.787,-0.83,-0.995,0.12,5.189,4.492,10.32,10.346,10.367,10.364,10.324,10.294,5.21,4.618,10.306,10.339,5.472,5.176,10.315,10.339,EssenceCatalog/problems/csplib-prob010-SocialGolfers/params/42905ca8b11ff4f42a35910757d4a209.param
0.982,0.951,0.991,-0.953,0.992,-0.868,-0.962,0.773,0.983,-0.842,-0.983,-0.937,0.995,-0.939,-0.994,0.81,0.982,0.951,0.981,0.966,-0.997,0.101,0.219,0.983,0.809,0.761,-0.94,-0.918,-0.892,-0.983,0.208,0.971,-0.121,-0.803,-0.861,0.849,0.845,-0.907,-0.357,0.92,0.848,0.983,0.262,0.966,0.901,-0.91,0.98,-0.945,0.096,0.986,-0.353,-0.863,-0.929,-0.428,-0.85,0.963,0.942,-0.055,0.968,-0.992,-0.929,0.946,0.993,0.346,0.853,-0.986,0.622,-0.538,-0.995,0.94,-0.909,-0.979,-0.882,-0.815,0.945,-0.996,0.989,0.995,-0.991,0.989,0.989,0.988,-0.983,-0.911,0.217,0.809,-0.877,-0.987,-0.997,-0.959,-0.8,-0.95,-0.953,0.963,-0.757,-0.977,-0.767,-0.77,-0.997,-0.524,5.403,4.126,9.889,9.615,9.732,9.712,9.842,9.87,5.192,4.323,9.88,9.597,5.537,4.819,9.864,9.548,EssenceCatalog/problems/csplib-prob010-SocialGolfers/params/6951d91d7b6d4eb2a5eb009e4f9bbceb.param
0.97,0.971,0.971,-0.951,0.647,-0.895,-0.826,0.862,0.99,-0.837,-0.96,-0.882,0.997,-0.918,-0.993,0.984,0.965,0.952,0.961,0.957,-0.998,-0.289,0.985,0.984,0.94,0.903,-0.943,-0.905,0.19,-0.984,-0.589,0.73,0.956,-0.856,-0.882,0.915,0.737,-0.946,-0.655,0.658,0.972,0.989,0.631,0.922,0.375,-0.966,0.995,-0.947,0.857,0.991,-0.957,-0.974,-0.956,0.365,-0.97,0.966,0.954,-0.782,0.983,-0.996,-0.921,0.979,0.992,0.596,0.911,-0.996,0.276,-0.948,-0.984,0.869,-0.963,-0.99,-0.772,-0.939,0.633,-0.962,0.991,0.995,-0.994,0.923,0.987,0.993,-0.988,-0.89,0.49,0.845,-0.98,-0.987,-0.999,-0.981,-0.971,-0.865,-0.932,0.945,-0.957,-0.976,-0.82,-0.86,-0.995,0.252,5.254,4.554,10.33,10.372,10.385,10.384,10.352,10.332,5.273,4.683,10.314,10.367,5.543,5.23,10.327,10.364,EssenceCatalog/problems/csplib-prob010-SocialGolfers/params/6fddcbc7c1682f42af71793dd88946ca.param
0.978,0.967,0.966,-0.947,0.533,-0.906,-0.783,0.834,0.986,-0.845,-0.934,-0.844,0.997,-0.915,-0.992,0.979,0.976,0.925,0.955,0.925,-0.998,0.023,0.985,0.981,0.935,0.923,-0.914,-0.882,0.897,-0.986,-0.733,0.422,0.97,-0.882,-0.411,0.93,0.68,-0.949,-0.744,0.677,0.945,0.991,0.586,0.855,0.361,-0.973,0.995,-0.949,0.919,0.993,-0.933,-0.975,-0.955,-0.497,-0.946,0.961,0.964,-0.832,0.984,-0.997,-0.941,0.978,0.993,0.843,0.953,-0.997,-0.561,-0.959,-0.981,0.808,-0.969,-0.992,-0.675,-0.932,0.582,-0.967,0.991,0.995,-0.994,0.93,0.991,0.992,-0.985,-0.879,-0.134,0.868,-0.979,-0.988,-0.999,-0.978,-0.983,-0.881,-0.943,0.969,-0.973,-0.98,-0.913,-0.842,-0.995,0.104,6.1,5.067,10.361,10.392,10.389,10.385,10.354,10.374,5.833,5.223,10.33,10.394,6.146,5.984,10.367,10.392,EssenceCatalog/problems/csplib-prob010-SocialGolfers/params/f0d9922cdff8fb0560d4faae2683d7e1.param
0.43,0.964,-0.992,-0.98,-0.991,-0.735,0.992,0.981,0.97,-0.941,-0.874,-0.944,0.991,-0.886,-0.997,0.939,0.979,0.954,-0.99,-0.805,-0.997,0.922,0.999,0.983,0.963,0.972,-0.976,-0.95,0.986,-0.99,-0.886,0.53,0.996,-0.97,0.913,-0.454,0.938,-0.966,-0.957,0.516,0.936,0.994,0.767,-0.984,0.065,-0.994,0.997,-0.936,0.927,0.991,-0.941,-0.64,0.901,0.964,-0.981,0.964,0.988,-0.959,0.99,-0.994,-0.965,0.889,0.991,0.96,0.98,-0.997,0.898,-0.967,0.993,0.849,-0.943,-0.995,-0.939,-0.937,0.847,0.985,0.985,0.996,-0.987,-0.777,0.986,0.995,-0.98,-0.94,0.907,0.953,-0.989,-0.98,-0.994,-0.99,-0.993,-0.94,-0.974,0.351,-0.995,-0.989,0.92,-0.678,-0.994,0.844,4.075,3.417,4.811,9.97,10.326,10.304,10.438,10.535,4.057,3.565,4.826,10.014,4.63,4.215,5.756,9.991,EssenceCatalog/problems/csplib-prob010-SocialGolfers/params/ffaa22528a317ed51be0c648dd99ad7e.param
0.985,0.969,0.968,-0.955,0.559,-0.919,-0.811,0.8,0.981,-0.855,-0.909,-0.774,0.997,-0.928,-0.992,0.948,0.983,0.854,0.963,0.884,-0.998,0.239,0.988,0.974,0.943,0.946,-0.906,-0.851,0.987,-0.988,-0.861,0.186,0.982,-0.913,0.408,0.956,0.75,-0.957,-0.833,0.705,0.776,0.992,0.623,0.818,0.396,-0.979,0.993,-0.951,0.962,0.994,-0.9,-0.979,-0.964,-0.856,-0.871,0.94,0.97,-0.904,0.983,-0.997,-0.95,0.978,0.994,0.93,0.974,-0.998,-0.921,-0.973,-0.98,0.716,-0.977,-0.994,-0.506,-0.933,0.549,-0.974,0.991,0.994,-0.995,0.946,0.993,0.989,-0.981,-0.87,-0.671,0.911,-0.974,-0.99,-0.999,-0.974,-0.991,-0.899,-0.954,0.982,-0.984,-0.983,-0.965,-0.859,-0.995,-0.286,6.907,5.407,10.381,10.414,10.432,10.391,10.371,10.402,6.31,5.587,10.363,10.417,6.617,6.614,10.427,10.432,EssenceCatalog/problems/csplib-prob010-SocialGolfers/params/6d132648dc4cd6bbaa8982ce782b6520.param
0.984,0.96,0.987,-0.98,0.841,-0.911,-0.954,0.812,0.966,-0.839,-0.96,-0.672,0.998,-0.943,-0.993,-0.202,0.993,0.637,0.992,0.972,-0.998,0.538,0.995,0.943,0.962,0.959,-0.978,-0.741,0.98,-0.99,-0.916,0.85,0.989,-0.94,0.827,0.98,0.929,-0.967,-0.861,0.626,-0.904,0.981,0.795,0.959,0.73,-0.986,0.99,-0.976,0.98,0.994,-0.871,-0.989,-0.969,-0.568,-0.618,0.637,0.987,-0.975,0.987,-0.992,-0.872,0.981,0.997,0.898,0.951,-0.996,-0.969,-0.984,-0.986,0.384,-0.976,-0.995,-0.033,-0.876,0.753,-0.988,0.988,0.998,-0.991,0.98,0.993,0.987,-0.969,-0.907,-0.782,0.969,-0.979,-0.987,-0.998,-0.967,-0.995,-0.953,-0.978,0.992,-0.992,-0.985,-0.935,-0.771,-0.996,-0.932,8.114,5.498,10.352,10.277,10.272,10.308,10.276,10.299,6.759,5.728,10.333,10.267,7.086,7.376,10.367,10.305,EssenceCatalog/problems/csplib-prob010-SocialGolfers/params/0ee4e7b5edbd511ad4c14a026ebfa60d.param
0.977,0.945,0.983,-0.98,0.736,-0.881,-0.93,0.858,0.981,-0.795,-0.971,-0.766,0.997,-0.947,-0.994,0.552,0.987,0.809,0.985,0.981,-0.998,0.06,0.994,0.962,0.974,0.956,-0.98,-0.717,0.823,-0.986,-0.829,0.879,0.985,-0.929,-0.046,0.966,0.932,-0.958,-0.776,0.519,-0.538,0.979,0.767,0.959,0.602,-0.979,0.993,-0.971,0.958,0.992,-0.98,-0.986,-0.972,0.488,-0.947,0.706,0.981,-0.973,0.982,-0.991,-0.832,0.982,0.996,0.713,0.907,-0.996,-0.789,-0.976,-0.985,0.391,-0.963,-0.992,0.002,-0.874,0.639,-0.979,0.99,0.997,-0.993,0.965,0.986,0.992,-0.978,-0.889,0.04,0.956,-0.98,-0.984,-0.998,-0.973,-0.991,-0.923,-0.959,0.981,-0.989,-0.983,-0.819,-0.737,-0.996,-0.834,6.708,5.046,10.38,10.289,10.302,10.307,10.23,10.288,5.978,5.243,10.32,10.286,6.299,6.513,10.329,10.3,EssenceCatalog/problems/csplib-prob010-SocialGolfers/params/fd9943069c57685ea5a7f66bec160b26.param
0.985,0.967,0.969,-0.955,0.629,-0.922,-0.833,0.775,0.976,-0.861,-0.902,-0.763,0.997,-0.925,-0.991,0.92,0.986,0.823,0.964,0.868,-0.998,0.375,0.983,0.97,0.935,0.946,-0.896,-0.836,0.991,-0.989,-0.863,0.172,0.98,-0.915,0.627,0.955,0.743,-0.955,-0.831,0.738,0.651,0.992,0.599,0.801,0.457,-0.979,0.992,-0.953,0.963,0.995,-0.848,-0.977,-0.963,-0.913,-0.81,0.931,0.971,-0.901,0.982,-0.996,-0.948,0.975,0.994,0.945,0.977,-0.998,-0.947,-0.969,-0.981,0.685,-0.976,-0.994,-0.486,-0.923,0.6,-0.979,0.99,0.995,-0.994,0.953,0.994,0.987,-0.978,-0.872,-0.777,0.913,-0.972,-0.99,-0.999,-0.967,-0.991,-0.914,-0.959,0.984,-0.983,-0.983,-0.969,-0.849,-0.995,-0.412,7.158,5.467,10.369,10.396,10.431,10.372,10.361,10.391,6.445,5.658,10.355,10.4,6.747,6.764,10.419,10.418,EssenceCatalog/problems/csplib-prob010-SocialGolfers/params/12370fcc56656fb5f7c5c2cee67c2f4c.param
0.946,0.967,0.978,-0.96,0.836,-0.852,-0.908,0.892,0.988,-0.872,-0.979,-0.944,0.997,-0.896,-0.995,0.911,0.967,0.959,0.971,0.981,-0.997,0.255,0.982,0.985,0.902,0.891,-0.958,-0.916,-0.908,-0.984,-0.259,0.945,0.932,-0.819,-0.943,0.875,0.806,-0.937,-0.587,0.773,0.881,0.981,0.76,0.967,0.69,-0.961,0.993,-0.954,0.724,0.989,-0.88,-0.973,-0.929,0.784,-0.948,0.96,0.961,-0.255,0.98,-0.994,-0.872,0.98,0.993,0.14,0.82,-0.989,0.834,-0.916,-0.985,0.902,-0.959,-0.987,-0.901,-0.935,0.85,-0.964,0.988,0.997,-0.99,0.954,0.982,0.992,-0.987,-0.92,0.693,0.811,-0.978,-0.984,-0.998,-0.978,-0.951,-0.899,-0.948,0.915,-0.915,-0.98,-0.383,-0.833,-0.996,-0.259,5.116,4.169,10.312,10.294,10.348,10.331,10.325,10.301,5.103,4.297,10.317,10.279,5.374,4.819,10.288,10.286,EssenceCatalog/problems/csplib-prob010-SocialGolfers/params/33a4507e1fd88c2d9dd41cc0e6b7c2fb.param
0.944,0.968,0.974,-0.963,0.88,-0.851,-0.91,0.901,0.99,-0.868,-0.984,-0.956,0.997,-0.896,-0.996,0.93,0.973,0.966,0.966,0.98,-0.997,0.041,0.976,0.987,0.909,0.898,-0.964,-0.927,-0.964,-0.983,-0.206,0.963,0.913,-0.818,-0.969,0.856,0.822,-0.935,-0.557,0.807,0.945,0.983,0.772,0.971,0.699,-0.964,0.995,-0.963,0.669,0.989,-0.898,-0.967,-0.927,0.893,-0.962,0.966,0.968,-0.329,0.985,-0.994,-0.877,0.974,0.994,-0.078,0.8,-0.989,0.93,-0.895,-0.985,0.922,-0.948,-0.989,-0.917,-0.934,0.879,-0.96,0.99,0.998,-0.991,0.954,0.986,0.993,-0.989,-0.933,0.848,0.814,-0.979,-0.985,-0.997,-0.98,-0.946,-0.917,-0.96,0.915,-0.916,-0.98,-0.189,-0.827,-0.996,-0.118,4.898,4.065,10.252,10.269,10.34,10.315,10.322,10.285,4.974,4.189,10.271,10.253,5.222,4.667,10.244,10.263,EssenceCatalog/problems/csplib-prob010-SocialGolfers/params/58e27c601d06991658ae9d5b543c58b5.param
0.974,0.97,0.97,-0.956,0.569,-0.902,-0.814,0.861,0.99,-0.82,-0.955,-0.852,0.997,-0.928,-0.993,0.984,0.97,0.941,0.962,0.951,-0.998,-0.357,0.989,0.983,0.955,0.927,-0.946,-0.887,0.576,-0.983,-0.69,0.656,0.97,-0.877,-0.828,0.932,0.779,-0.949,-0.691,0.614,0.963,0.99,0.619,0.913,0.299,-0.97,0.996,-0.951,0.9,0.992,-0.973,-0.977,-0.962,0.284,-0.975,0.957,0.96,-0.879,0.984,-0.997,-0.921,0.979,0.993,0.667,0.924,-0.997,-0.077,-0.961,-0.982,0.825,-0.964,-0.991,-0.655,-0.936,0.539,-0.96,0.991,0.995,-0.994,0.917,0.987,0.994,-0.987,-0.885,0.428,0.877,-0.98,-0.987,-0.999,-0.982,-0.98,-0.868,-0.932,0.955,-0.972,-0.976,-0.864,-0.849,-0.995,0.184,5.403,4.709,10.346,10.392,10.391,10.393,10.354,10.344,5.378,4.84,10.307,10.389,5.66,5.458,10.333,10.389,EssenceCatalog/problems/csplib-prob010-SocialGolfers/params/32fb16593aaefb17e873531955a6d52f.param
0.965,0.973,0.981,-0.959,0.884,-0.87,-0.894,0.889,0.987,-0.911,-0.975,-0.949,0.998,-0.913,-0.996,0.878,0.976,0.961,0.968,0.968,-0.998,0.649,0.957,0.988,0.831,0.863,-0.942,-0.937,-0.665,-0.989,-0.28,0.928,0.882,-0.825,-0.75,0.864,0.776,-0.955,-0.7,0.864,0.792,0.987,0.695,0.946,0.819,-0.96,0.99,-0.949,0.678,0.991,-0.53,-0.966,-0.898,-0.086,-0.847,0.975,0.957,0.239,0.98,-0.996,-0.93,0.982,0.995,0.621,0.907,-0.993,0.575,-0.889,-0.986,0.928,-0.971,-0.989,-0.93,-0.933,0.903,-0.981,0.989,0.997,-0.992,0.967,0.988,0.991,-0.988,-0.918,0.157,0.825,-0.971,-0.989,-0.998,-0.978,-0.947,-0.912,-0.96,0.941,-0.898,-0.986,-0.678,-0.839,-0.998,-0.395,5.888,4.468,10.425,10.313,10.33,10.342,10.347,10.352,5.588,4.65,10.427,10.3,5.934,5.228,10.379,10.275,EssenceCatalog/problems/csplib-prob010-SocialGolfers/params/c1b4bd3ce31600d67146095a85a91303.param
0.972,0.97,0.967,-0.948,0.683,-0.891,-0.82,0.855,0.987,-0.836,-0.953,-0.883,0.997,-0.912,-0.992,0.982,0.975,0.946,0.958,0.953,-0.998,-0.174,0.982,0.984,0.931,0.902,-0.93,-0.896,0.476,-0.984,-0.621,0.681,0.954,-0.863,-0.812,0.911,0.675,-0.944,-0.641,0.681,0.973,0.99,0.624,0.909,0.379,-0.971,0.996,-0.951,0.862,0.992,-0.942,-0.973,-0.952,0.116,-0.964,0.967,0.966,-0.791,0.986,-0.996,-0.927,0.974,0.994,0.673,0.924,-0.996,0.123,-0.946,-0.985,0.857,-0.961,-0.991,-0.76,-0.926,0.652,-0.965,0.992,0.996,-0.993,0.933,0.991,0.993,-0.987,-0.896,0.366,0.83,-0.98,-0.987,-0.999,-0.98,-0.975,-0.896,-0.947,0.958,-0.964,-0.976,-0.836,-0.82,-0.995,0.222,5.459,4.679,10.345,10.386,10.397,10.397,10.366,10.345,5.417,4.819,10.322,10.382,5.698,5.407,10.34,10.376,EssenceCatalog/problems/csplib-prob010-SocialGolfers/params/aef07c1f6477ef617e21a33f0ed34a4f.param
0.964,0.967,0.974,-0.948,0.675,-0.878,-0.844,0.861,0.986,-0.853,-0.955,-0.896,0.997,-0.899,-0.992,0.958,0.966,0.945,0.964,0.964,-0.997,0.143,0.983,0.982,0.899,0.881,-0.935,-0.9,0.031,-0.984,-0.524,0.769,0.949,-0.835,-0.799,0.9,0.695,-0.94,-0.648,0.697,0.923,0.986,0.641,0.931,0.521,-0.962,0.993,-0.946,0.827,0.991,-0.892,-0.974,-0.939,0.159,-0.937,0.963,0.953,-0.505,0.982,-0.996,-0.91,0.98,0.992,0.609,0.899,-0.993,0.29,-0.935,-0.984,0.86,-0.966,-0.989,-0.818,-0.925,0.725,-0.968,0.989,0.995,-0.991,0.945,0.986,0.991,-0.986,-0.893,0.251,0.818,-0.979,-0.984,-0.998,-0.976,-0.966,-0.882,-0.939,0.949,-0.943,-0.977,-0.769,-0.828,-0.995,-0.024,5.539,4.579,10.35,10.341,10.351,10.357,10.321,10.311,5.423,4.725,10.333,10.333,5.719,5.315,10.328,10.325,EssenceCatalog/problems/csplib-prob010-SocialGolfers/params/3d4fa65e32fb6bbbfdff832fa63c942f.param
0.99,0.985,0.992,-0.986,0.982,-0.962,-0.988,0.762,0.961,-0.936,-0.975,-0.785,0.999,-0.965,-0.997,-0.987,0.998,0.421,0.997,0.917,-0.999,0.971,0.991,0.9,0.947,0.974,-0.988,-0.947,0.995,-0.996,-0.973,0.969,0.993,-0.967,0.993,0.99,0.973,-0.99,-0.943,0.873,-0.998,0.984,0.961,0.986,0.966,-0.994,0.981,-0.976,0.991,0.996,0.915,-0.991,-0.946,-0.981,0.959,0.778,0.991,-0.941,0.992,-0.994,-0.961,0.986,0.998,0.973,0.979,-0.998,-0.996,-0.992,-0.986,0.799,-0.992,-0.997,-0.802,-0.948,0.972,-0.996,0.982,0.999,-0.987,0.993,0.997,0.967,-0.968,-0.973,-0.993,0.989,-0.974,-0.994,-0.999,-0.959,-0.997,-0.989,-0.995,0.997,-0.993,-0.994,-0.982,-0.919,-0.998,-0.992,9.571,5.787,10.417,10.324,10.34,10.318,10.403,10.341,7.503,6.058,10.429,10.294,7.918,7.823,10.419,10.333,EssenceCatalog/problems/csplib-prob010-SocialGolfers/params/5d83deb9dc581b0960d18ad2a77a62d0.param
0.965,0.965,0.975,-0.948,0.647,-0.874,-0.847,0.848,0.985,-0.85,-0.951,-0.882,0.997,-0.902,-0.992,0.951,0.966,0.936,0.967,0.962,-0.997,0.195,0.983,0.981,0.899,0.888,-0.927,-0.887,0.284,-0.984,-0.573,0.728,0.954,-0.841,-0.715,0.909,0.696,-0.94,-0.668,0.681,0.882,0.985,0.64,0.925,0.514,-0.961,0.991,-0.945,0.853,0.991,-0.888,-0.975,-0.943,-0.003,-0.93,0.955,0.953,-0.549,0.979,-0.995,-0.908,0.981,0.992,0.673,0.911,-0.993,0.03,-0.941,-0.985,0.831,-0.968,-0.988,-0.782,-0.922,0.701,-0.97,0.988,0.995,-0.991,0.945,0.985,0.99,-0.984,-0.883,0.103,0.829,-0.977,-0.984,-0.998,-0.974,-0.969,-0.869,-0.935,0.95,-0.947,-0.977,-0.809,-0.825,-0.995,-0.118,5.762,4.718,10.374,10.351,10.352,10.358,10.32,10.321,5.565,4.872,10.347,10.344,5.877,5.533,10.343,10.334,EssenceCatalog/problems/csplib-prob010-SocialGolfers/params/eabb88a1ee308fe1576f7590be0c8bbd.param
0.973,0.97,0.978,-0.958,0.787,-0.884,-0.869,0.857,0.981,-0.917,-0.95,-0.905,0.998,-0.91,-0.994,0.782,0.979,0.924,0.967,0.946,-0.998,0.774,0.971,0.982,0.804,0.891,-0.921,-0.918,0.66,-0.99,-0.616,0.795,0.945,-0.867,0.149,0.896,0.717,-0.961,-0.802,0.846,0.41,0.987,0.668,0.907,0.793,-0.966,0.987,-0.947,0.842,0.993,-0.295,-0.969,-0.888,-0.77,-0.612,0.961,0.955,0.046,0.979,-0.997,-0.945,0.983,0.994,0.862,0.953,-0.995,-0.451,-0.929,-0.983,0.877,-0.981,-0.99,-0.877,-0.921,0.863,-0.982,0.987,0.996,-0.992,0.967,0.989,0.988,-0.984,-0.899,-0.594,0.863,-0.971,-0.988,-0.999,-0.971,-0.972,-0.905,-0.964,0.967,-0.939,-0.987,-0.869,-0.825,-0.997,-0.502,7.297,5.205,10.442,10.375,10.378,10.342,10.356,10.402,6.459,5.423,10.418,10.358,6.819,6.388,10.404,10.37,EssenceCatalog/problems/csplib-prob010-SocialGolfers/params/185c62f2ab16de29f1d2f580878469ce.param
0.969,0.967,0.975,-0.958,0.67,-0.893,-0.876,0.866,0.991,-0.8,-0.967,-0.877,0.997,-0.926,-0.993,0.981,0.966,0.952,0.972,0.971,-0.997,-0.491,0.989,0.983,0.959,0.917,-0.959,-0.886,-0.159,-0.981,-0.613,0.795,0.964,-0.862,-0.939,0.931,0.811,-0.943,-0.61,0.584,0.965,0.987,0.686,0.956,0.296,-0.967,0.996,-0.954,0.877,0.99,-0.98,-0.978,-0.968,0.713,-0.98,0.953,0.96,-0.87,0.984,-0.996,-0.893,0.979,0.992,0.402,0.884,-0.995,0.398,-0.954,-0.987,0.835,-0.959,-0.99,-0.69,-0.935,0.588,-0.963,0.991,0.996,-0.994,0.923,0.985,0.994,-0.987,-0.889,0.692,0.862,-0.981,-0.985,-0.998,-0.981,-0.973,-0.875,-0.934,0.947,-0.964,-0.972,-0.798,-0.853,-0.995,0.159,5.017,4.418,10.33,10.351,10.369,10.363,10.332,10.294,5.096,4.532,10.323,10.341,5.351,5.073,10.324,10.345,EssenceCatalog/problems/csplib-prob010-SocialGolfers/params/e1d5c88bf6de8be0b6d537279c7c77b1.param
0.961,0.965,0.966,-0.966,0.695,-0.888,-0.893,0.888,0.993,-0.784,-0.978,-0.898,0.996,-0.927,-0.995,0.984,0.968,0.963,0.969,0.975,-0.997,-0.689,0.992,0.984,0.974,0.936,-0.974,-0.895,-0.73,-0.979,-0.587,0.882,0.972,-0.867,-0.981,0.927,0.876,-0.944,-0.575,0.559,0.982,0.986,0.781,0.969,0.198,-0.973,0.998,-0.965,0.876,0.99,-0.991,-0.98,-0.967,0.95,-0.99,0.944,0.969,-0.921,0.988,-0.995,-0.867,0.975,0.992,-0.009,0.838,-0.994,0.785,-0.955,-0.985,0.852,-0.951,-0.99,-0.73,-0.94,0.616,-0.94,0.992,0.997,-0.994,0.906,0.986,0.995,-0.988,-0.899,0.901,0.88,-0.985,-0.985,-0.998,-0.985,-0.975,-0.898,-0.947,0.932,-0.969,-0.97,-0.647,-0.858,-0.994,0.296,4.664,4.197,10.268,10.324,10.355,10.333,10.329,10.272,4.872,4.299,10.294,10.304,5.11,4.772,10.278,10.315,EssenceCatalog/problems/csplib-prob010-SocialGolfers/params/efb38b28589f9b63040058fd2fe4f02f.param
0.361,0.96,-0.992,-0.977,-0.992,-0.721,0.991,0.979,0.968,-0.933,-0.866,-0.938,0.99,-0.87,-0.996,0.95,0.978,0.954,-0.99,-0.781,-0.996,0.918,0.999,0.984,0.962,0.967,-0.973,-0.952,0.983,-0.989,-0.869,0.445,0.996,-0.966,0.901,-0.495,0.924,-0.962,-0.955,0.489,0.953,0.993,0.722,-0.983,-0.017,-0.993,0.997,-0.936,0.922,0.991,-0.95,-0.631,0.892,0.967,-0.985,0.964,0.988,-0.956,0.99,-0.993,-0.964,0.88,0.99,0.96,0.979,-0.997,0.905,-0.964,0.992,0.834,-0.932,-0.994,-0.935,-0.931,0.831,0.984,0.984,0.996,-0.986,-0.804,0.987,0.995,-0.977,-0.931,0.921,0.952,-0.989,-0.978,-0.993,-0.989,-0.993,-0.937,-0.973,0.342,-0.995,-0.986,0.925,-0.673,-0.993,0.866,4.006,3.387,4.748,9.912,10.264,10.24,10.375,10.466,4.002,3.528,4.761,9.951,4.577,4.167,5.694,9.931,EssenceCatalog/problems/csplib-prob010-SocialGolfers/params/3d7f6fba5b9f3c751ebf40f5f61d4a5e.param
0.975,0.966,0.974,-0.949,0.586,-0.894,-0.84,0.834,0.983,-0.827,-0.937,-0.831,0.997,-0.915,-0.991,0.96,0.976,0.92,0.969,0.952,-0.997,0.031,0.988,0.978,0.928,0.913,-0.925,-0.859,0.825,-0.984,-0.716,0.538,0.969,-0.87,-0.5,0.936,0.709,-0.943,-0.707,0.64,0.896,0.988,0.595,0.914,0.387,-0.97,0.994,-0.95,0.915,0.993,-0.926,-0.98,-0.958,-0.332,-0.932,0.949,0.963,-0.806,0.985,-0.996,-0.92,0.98,0.993,0.802,0.938,-0.995,-0.484,-0.959,-0.985,0.774,-0.969,-0.992,-0.616,-0.916,0.592,-0.973,0.99,0.995,-0.993,0.945,0.99,0.991,-0.983,-0.877,-0.136,0.861,-0.979,-0.986,-0.999,-0.976,-0.982,-0.888,-0.943,0.97,-0.97,-0.977,-0.897,-0.818,-0.994,-0.108,6.086,5.015,10.399,10.38,10.37,10.379,10.334,10.342,5.793,5.171,10.359,10.378,6.113,5.956,10.383,10.374,EssenceCatalog/problems/csplib-prob010-SocialGolfers/params/04e760bf7af3d45710e3b7d7d8207884.param
0.968,0.954,0.981,-0.961,0.695,-0.872,-0.896,0.837,0.977,-0.843,-0.955,-0.836,0.997,-0.908,-0.991,0.778,0.977,0.874,0.98,0.973,-0.997,0.356,0.988,0.97,0.919,0.914,-0.945,-0.815,0.559,-0.984,-0.661,0.802,0.966,-0.862,-0.316,0.931,0.806,-0.94,-0.712,0.637,0.228,0.978,0.669,0.943,0.602,-0.966,0.988,-0.959,0.901,0.991,-0.903,-0.979,-0.947,-0.05,-0.903,0.887,0.966,-0.751,0.978,-0.993,-0.867,0.981,0.994,0.707,0.9,-0.992,-0.459,-0.952,-0.986,0.683,-0.965,-0.989,-0.566,-0.894,0.7,-0.978,0.985,0.996,-0.989,0.962,0.985,0.989,-0.978,-0.881,-0.175,0.883,-0.976,-0.98,-0.998,-0.967,-0.98,-0.897,-0.947,0.968,-0.964,-0.977,-0.807,-0.737,-0.995,-0.613,6.513,4.984,10.429,10.349,10.356,10.363,10.304,10.335,5.943,5.171,10.387,10.346,6.27,6.169,10.39,10.348,EssenceCatalog/problems/csplib-prob010-SocialGolfers/params/d953c3fd2d0dccb8a36813e55ce24cbc.param
0.966,0.973,0.978,-0.957,0.853,-0.869,-0.875,0.885,0.986,-0.909,-0.97,-0.939,0.998,-0.908,-0.995,0.884,0.977,0.956,0.965,0.963,-0.998,0.632,0.962,0.987,0.83,0.865,-0.936,-0.931,-0.462,-0.989,-0.342,0.907,0.897,-0.824,-0.681,0.861,0.754,-0.954,-0.707,0.849,0.804,0.987,0.664,0.936,0.8,-0.962,0.99,-0.95,0.703,0.992,-0.541,-0.966,-0.892,-0.166,-0.846,0.973,0.957,0.143,0.981,-0.996,-0.931,0.981,0.995,0.671,0.915,-0.994,0.486,-0.894,-0.984,0.92,-0.971,-0.989,-0.917,-0.927,0.891,-0.979,0.989,0.997,-0.992,0.965,0.988,0.991,-0.987,-0.913,0.074,0.827,-0.973,-0.988,-0.998,-0.978,-0.953,-0.91,-0.959,0.945,-0.908,-0.985,-0.706,-0.821,-0.997,-0.343,5.968,4.543,10.414,10.322,10.343,10.348,10.349,10.352,5.651,4.73,10.412,10.311,5.99,5.33,10.372,10.286,EssenceCatalog/problems/csplib-prob010-SocialGolfers/params/4baa55e9b450dcc952c3bd85c9f07023.param
0.989,0.979,0.987,-0.988,0.973,-0.955,-0.979,0.795,0.963,-0.928,-0.978,-0.755,0.999,-0.962,-0.996,-0.982,0.998,0.387,0.995,0.923,-0.999,0.96,0.992,0.906,0.952,0.977,-0.99,-0.93,0.992,-0.996,-0.963,0.97,0.993,-0.971,0.991,0.987,0.978,-0.989,-0.939,0.845,-0.998,0.984,0.953,0.978,0.958,-0.995,0.983,-0.979,0.991,0.996,0.8,-0.99,-0.933,-0.948,0.889,0.67,0.992,-0.972,0.992,-0.992,-0.943,0.984,0.998,0.965,0.975,-0.998,-0.994,-0.991,-0.977,0.736,-0.989,-0.998,-0.707,-0.927,0.969,-0.994,0.985,0.999,-0.987,0.992,0.997,0.975,-0.966,-0.97,-0.984,0.99,-0.978,-0.993,-0.999,-0.96,-0.997,-0.988,-0.995,0.997,-0.994,-0.995,-0.962,-0.881,-0.998,-0.99,9.473,5.752,10.37,10.28,10.3,10.283,10.36,10.294,7.438,6.022,10.379,10.251,7.845,7.797,10.372,10.291,EssenceCatalog/problems/csplib-prob010-SocialGolfers/params/496b3b4d6fc3defbb8df9e852e14f303.param
0.967,0.977,0.981,-0.963,0.862,-0.888,-0.903,0.9,0.987,-0.943,-0.975,-0.954,0.998,-0.921,-0.996,0.728,0.983,0.962,0.97,0.964,-0.998,0.866,0.969,0.989,0.784,0.89,-0.947,-0.952,-0.278,-0.993,-0.447,0.927,0.936,-0.857,-0.288,0.878,0.796,-0.97,-0.818,0.897,0.428,0.988,0.773,0.946,0.882,-0.97,0.99,-0.953,0.792,0.993,-0.033,-0.974,-0.856,-0.542,-0.598,0.977,0.965,0.568,0.984,-0.997,-0.95,0.987,0.996,0.809,0.942,-0.995,0.258,-0.922,-0.984,0.935,-0.984,-0.992,-0.946,-0.95,0.931,-0.983,0.99,0.998,-0.993,0.969,0.991,0.991,-0.989,-0.933,-0.364,0.864,-0.978,-0.992,-0.999,-0.979,-0.966,-0.923,-0.973,0.956,-0.913,-0.991,-0.759,-0.874,-0.998,-0.592,6.923,4.841,10.473,10.354,10.343,10.337,10.355,10.388,6.189,5.052,10.47,10.337,6.571,5.839,10.416,10.324,EssenceCatalog/problems/csplib-prob010-SocialGolfers/params/6a2549e67d3223a0ad546bab8addaca8.param
0.981,0.964,0.975,-0.953,0.627,-0.908,-0.865,0.799,0.975,-0.841,-0.915,-0.767,0.997,-0.918,-0.99,0.889,0.985,0.85,0.974,0.935,-0.998,0.323,0.989,0.97,0.928,0.934,-0.918,-0.817,0.974,-0.987,-0.828,0.378,0.979,-0.898,0.359,0.954,0.741,-0.948,-0.792,0.671,0.592,0.989,0.625,0.891,0.449,-0.977,0.992,-0.954,0.953,0.994,-0.869,-0.982,-0.961,-0.791,-0.838,0.918,0.972,-0.877,0.985,-0.995,-0.926,0.978,0.994,0.911,0.963,-0.996,-0.887,-0.969,-0.985,0.662,-0.975,-0.994,-0.46,-0.906,0.595,-0.98,0.989,0.995,-0.993,0.959,0.993,0.988,-0.978,-0.876,-0.677,0.899,-0.977,-0.987,-0.999,-0.97,-0.99,-0.914,-0.959,0.983,-0.98,-0.981,-0.947,-0.812,-0.995,-0.472,7.029,5.388,10.409,10.393,10.405,10.371,10.345,10.368,6.341,5.574,10.38,10.391,6.656,6.662,10.431,10.403,EssenceCatalog/problems/csplib-prob010-SocialGolfers/params/7dfad4148f7a39e1692c6e5d0ff13b73.param
0.987,0.974,0.99,-0.983,0.939,-0.94,-0.977,0.776,0.956,-0.893,-0.963,-0.699,0.998,-0.947,-0.995,-0.915,0.997,0.507,0.996,0.961,-0.999,0.888,0.994,0.912,0.953,0.965,-0.985,-0.862,0.991,-0.994,-0.952,0.929,0.993,-0.954,0.971,0.987,0.951,-0.982,-0.909,0.74,-0.992,0.98,0.9,0.978,0.894,-0.992,0.986,-0.977,0.99,0.995,0.169,-0.991,-0.963,-0.904,0.618,0.64,0.99,-0.968,0.99,-0.992,-0.921,0.985,0.998,0.948,0.971,-0.997,-0.992,-0.989,-0.988,0.545,-0.986,-0.997,-0.434,-0.907,0.918,-0.993,0.986,0.998,-0.987,0.99,0.996,0.978,-0.964,-0.951,-0.965,0.982,-0.98,-0.991,-0.998,-0.959,-0.997,-0.98,-0.991,0.996,-0.992,-0.99,-0.967,-0.854,-0.997,-0.98,9.141,5.681,10.322,10.219,10.22,10.232,10.281,10.233,7.252,5.937,10.319,10.187,7.639,7.721,10.322,10.236,EssenceCatalog/problems/csplib-prob010-SocialGolfers/params/a2cabe0a1bef1fd04563cbe28c9ead07.param
0.982,0.968,0.974,-0.953,0.56,-0.911,-0.823,0.816,0.985,-0.833,-0.93,-0.8,0.997,-0.926,-0.991,0.969,0.979,0.902,0.967,0.926,-0.998,-0.021,0.988,0.977,0.945,0.936,-0.918,-0.858,0.95,-0.986,-0.808,0.363,0.976,-0.894,-0.191,0.949,0.741,-0.951,-0.777,0.659,0.894,0.991,0.594,0.879,0.346,-0.974,0.994,-0.952,0.943,0.994,-0.941,-0.979,-0.966,-0.617,-0.933,0.948,0.966,-0.893,0.984,-0.997,-0.939,0.979,0.993,0.87,0.959,-0.997,-0.779,-0.967,-0.984,0.756,-0.972,-0.993,-0.525,-0.93,0.521,-0.974,0.991,0.994,-0.994,0.941,0.991,0.991,-0.983,-0.869,-0.329,0.891,-0.977,-0.988,-0.999,-0.976,-0.987,-0.886,-0.943,0.976,-0.979,-0.979,-0.942,-0.844,-0.995,-0.105,6.367,5.204,10.405,10.397,10.389,10.388,10.351,10.375,5.984,5.368,10.37,10.401,6.305,6.235,10.414,10.401,EssenceCatalog/problems/csplib-prob010-SocialGolfers/params/ce90a01453eb10983fb948cf834f1481.param
0.972,0.967,0.975,-0.952,0.625,-0.891,-0.849,0.853,0.988,-0.819,-0.953,-0.859,0.997,-0.919,-0.992,0.974,0.97,0.941,0.969,0.963,-0.997,-0.224,0.987,0.981,0.941,0.909,-0.941,-0.877,0.424,-0.983,-0.636,0.689,0.962,-0.857,-0.826,0.928,0.747,-0.941,-0.649,0.618,0.946,0.987,0.615,0.935,0.36,-0.967,0.995,-0.951,0.884,0.991,-0.957,-0.978,-0.961,0.246,-0.962,0.955,0.959,-0.809,0.984,-0.996,-0.908,0.98,0.992,0.646,0.91,-0.995,0.015,-0.954,-0.986,0.818,-0.964,-0.99,-0.672,-0.925,0.596,-0.968,0.991,0.995,-0.993,0.936,0.987,0.993,-0.985,-0.883,0.345,0.853,-0.979,-0.985,-0.998,-0.979,-0.976,-0.877,-0.936,0.958,-0.963,-0.974,-0.847,-0.831,-0.995,0.06,5.459,4.679,10.355,10.364,10.366,10.37,10.328,10.314,5.392,4.813,10.32,10.358,5.68,5.437,10.336,10.355,EssenceCatalog/problems/csplib-prob010-SocialGolfers/params/a98acebf0e9132a488407a505859b5e1.param
0.974,0.967,0.968,-0.944,0.558,-0.898,-0.816,0.839,0.986,-0.834,-0.942,-0.86,0.997,-0.91,-0.992,0.98,0.974,0.936,0.961,0.946,-0.997,-0.063,0.986,0.981,0.931,0.913,-0.921,-0.886,0.766,-0.984,-0.695,0.517,0.969,-0.866,-0.647,0.928,0.664,-0.946,-0.707,0.645,0.958,0.99,0.625,0.895,0.346,-0.972,0.995,-0.949,0.908,0.993,-0.939,-0.977,-0.957,-0.228,-0.953,0.962,0.964,-0.801,0.985,-0.996,-0.93,0.979,0.993,0.777,0.94,-0.996,-0.306,-0.957,-0.984,0.828,-0.968,-0.992,-0.709,-0.934,0.592,-0.967,0.991,0.995,-0.993,0.929,0.991,0.992,-0.985,-0.884,0.043,0.847,-0.981,-0.987,-0.999,-0.979,-0.981,-0.878,-0.942,0.964,-0.968,-0.977,-0.889,-0.844,-0.995,0.134,5.813,4.91,10.364,10.386,10.374,10.381,10.343,10.346,5.647,5.054,10.333,10.382,5.958,5.743,10.353,10.376,EssenceCatalog/problems/csplib-prob010-SocialGolfers/params/0f5bebad02b36a89729ca06e8edf1d4b.param
0.962,0.97,0.97,-0.955,0.683,-0.89,-0.86,0.882,0.992,-0.823,-0.97,-0.901,0.997,-0.918,-0.994,0.984,0.962,0.961,0.966,0.968,-0.997,-0.475,0.988,0.986,0.951,0.909,-0.959,-0.908,-0.523,-0.982,-0.532,0.84,0.961,-0.849,-0.961,0.915,0.8,-0.944,-0.6,0.645,0.979,0.988,0.709,0.951,0.334,-0.967,0.996,-0.953,0.84,0.99,-0.974,-0.976,-0.959,0.797,-0.98,0.964,0.957,-0.791,0.984,-0.996,-0.897,0.978,0.992,0.309,0.871,-0.995,0.679,-0.95,-0.985,0.882,-0.96,-0.989,-0.801,-0.945,0.648,-0.953,0.991,0.996,-0.993,0.914,0.984,0.994,-0.988,-0.901,0.765,0.844,-0.982,-0.986,-0.998,-0.982,-0.968,-0.872,-0.936,0.926,-0.956,-0.973,-0.721,-0.87,-0.995,0.289,4.853,4.285,10.289,10.339,10.372,10.355,10.345,10.299,5.002,4.396,10.301,10.327,5.246,4.874,10.294,10.334,EssenceCatalog/problems/csplib-prob010-SocialGolfers/params/4fd247cebfa6dcc571ad45faccc845e9.param
0.983,0.967,0.967,-0.951,0.525,-0.914,-0.804,0.812,0.983,-0.846,-0.919,-0.798,0.997,-0.923,-0.992,0.966,0.981,0.887,0.962,0.909,-0.998,0.122,0.988,0.976,0.94,0.939,-0.909,-0.858,0.972,-0.987,-0.824,0.249,0.98,-0.902,0.08,0.95,0.719,-0.953,-0.8,0.681,0.874,0.992,0.617,0.839,0.345,-0.977,0.994,-0.95,0.951,0.994,-0.924,-0.98,-0.963,-0.753,-0.915,0.948,0.968,-0.89,0.984,-0.997,-0.945,0.978,0.993,0.904,0.967,-0.998,-0.848,-0.97,-0.981,0.746,-0.974,-0.993,-0.552,-0.933,0.532,-0.972,0.991,0.994,-0.994,0.939,0.992,0.99,-0.982,-0.874,-0.505,0.894,-0.977,-0.989,-0.999,-0.976,-0.989,-0.89,-0.948,0.978,-0.982,-0.981,-0.951,-0.852,-0.995,-0.133,6.593,5.297,10.378,10.4,10.402,10.382,10.351,10.38,6.126,5.466,10.352,10.403,6.44,6.39,10.407,10.41,EssenceCatalog/problems/csplib-prob010-SocialGolfers/params/810be9431c771b9820cd2a7e35ae4828.param
0.965,0.972,0.98,-0.962,0.895,-0.864,-0.894,0.89,0.987,-0.904,-0.976,-0.946,0.998,-0.913,-0.996,0.87,0.976,0.959,0.968,0.97,-0.998,0.572,0.957,0.987,0.852,0.864,-0.948,-0.93,-0.749,-0.989,-0.227,0.943,0.866,-0.821,-0.811,0.854,0.796,-0.949,-0.66,0.858,0.802,0.986,0.672,0.95,0.814,-0.96,0.991,-0.951,0.647,0.991,-0.624,-0.963,-0.899,0.161,-0.881,0.972,0.957,0.101,0.981,-0.996,-0.92,0.98,0.995,0.537,0.889,-0.993,0.672,-0.88,-0.985,0.922,-0.965,-0.988,-0.92,-0.921,0.902,-0.979,0.989,0.997,-0.992,0.967,0.987,0.992,-0.988,-0.921,0.333,0.825,-0.971,-0.988,-0.998,-0.979,-0.942,-0.916,-0.959,0.94,-0.899,-0.985,-0.612,-0.811,-0.997,-0.393,5.673,4.37,10.384,10.294,10.332,10.337,10.342,10.335,5.45,4.539,10.386,10.282,5.773,5.104,10.349,10.264,EssenceCatalog/problems/csplib-prob010-SocialGolfers/params/c3ea97a37e90ba795853a1384eb4d9db.param
0.981,0.967,0.967,-0.948,0.569,-0.911,-0.814,0.806,0.981,-0.854,-0.914,-0.81,0.997,-0.915,-0.991,0.958,0.983,0.888,0.961,0.907,-0.998,0.263,0.985,0.976,0.923,0.931,-0.898,-0.859,0.972,-0.987,-0.801,0.242,0.976,-0.894,0.191,0.942,0.673,-0.951,-0.793,0.715,0.867,0.992,0.586,0.834,0.409,-0.977,0.994,-0.952,0.945,0.994,-0.878,-0.978,-0.957,-0.811,-0.881,0.95,0.968,-0.838,0.985,-0.996,-0.946,0.977,0.994,0.912,0.967,-0.997,-0.837,-0.964,-0.982,0.762,-0.974,-0.993,-0.609,-0.926,0.598,-0.975,0.99,0.995,-0.994,0.946,0.993,0.989,-0.981,-0.877,-0.582,0.881,-0.977,-0.989,-0.999,-0.972,-0.987,-0.904,-0.954,0.979,-0.977,-0.981,-0.947,-0.842,-0.995,-0.146,6.729,5.325,10.373,10.398,10.412,10.378,10.353,10.382,6.207,5.5,10.349,10.399,6.518,6.439,10.406,10.409,EssenceCatalog/problems/csplib-prob010-SocialGolfers/params/de638e3c51b4c3edfea37633a51da302.param
0.978,0.97,0.967,-0.947,0.609,-0.902,-0.798,0.84,0.985,-0.85,-0.937,-0.86,0.997,-0.912,-0.992,0.975,0.976,0.929,0.956,0.935,-0.998,0.045,0.983,0.981,0.925,0.913,-0.917,-0.889,0.838,-0.986,-0.697,0.518,0.964,-0.877,-0.506,0.921,0.661,-0.948,-0.713,0.698,0.947,0.991,0.588,0.874,0.4,-0.972,0.994,-0.946,0.896,0.993,-0.917,-0.974,-0.95,-0.433,-0.941,0.964,0.964,-0.788,0.984,-0.997,-0.938,0.977,0.994,0.81,0.947,-0.996,-0.42,-0.953,-0.983,0.826,-0.968,-0.992,-0.715,-0.928,0.626,-0.969,0.991,0.995,-0.994,0.937,0.991,0.992,-0.986,-0.885,-0.062,0.852,-0.978,-0.987,-0.999,-0.977,-0.98,-0.89,-0.945,0.967,-0.969,-0.979,-0.896,-0.824,-0.995,0.108,6.027,5.0,10.38,10.402,10.401,10.4,10.372,10.382,5.785,5.159,10.351,10.402,6.098,5.888,10.379,10.395,EssenceCatalog/problems/csplib-prob010-SocialGolfers/params/36d8da71f3536dc07680c56f70dadf75.param
0.975,0.963,0.974,-0.95,0.599,-0.895,-0.838,0.823,0.981,-0.844,-0.936,-0.831,0.997,-0.91,-0.991,0.947,0.973,0.905,0.967,0.947,-0.997,0.222,0.985,0.977,0.913,0.912,-0.917,-0.86,0.841,-0.985,-0.709,0.548,0.966,-0.868,-0.285,0.931,0.698,-0.944,-0.735,0.677,0.814,0.987,0.603,0.892,0.474,-0.967,0.991,-0.949,0.907,0.992,-0.897,-0.977,-0.951,-0.495,-0.914,0.943,0.959,-0.742,0.98,-0.996,-0.92,0.98,0.993,0.819,0.94,-0.995,-0.579,-0.954,-0.984,0.773,-0.97,-0.99,-0.651,-0.917,0.632,-0.974,0.988,0.994,-0.992,0.948,0.988,0.99,-0.982,-0.873,-0.303,0.864,-0.975,-0.986,-0.999,-0.972,-0.98,-0.876,-0.938,0.968,-0.966,-0.978,-0.898,-0.815,-0.995,-0.209,6.379,5.106,10.406,10.383,10.382,10.38,10.34,10.363,5.964,5.279,10.37,10.383,6.286,6.128,10.398,10.383,EssenceCatalog/problems/csplib-prob010-SocialGolfers/params/2ef2fa8f6fcabc5a7365f2f4dbb58921.param
0.946,0.965,0.976,-0.957,0.781,-0.854,-0.909,0.885,0.99,-0.83,-0.977,-0.933,0.996,-0.897,-0.994,0.959,0.965,0.96,0.973,0.981,-0.997,-0.244,0.987,0.984,0.929,0.899,-0.961,-0.902,-0.888,-0.98,-0.424,0.918,0.953,-0.817,-0.971,0.901,0.799,-0.936,-0.55,0.679,0.952,0.982,0.787,0.971,0.488,-0.965,0.996,-0.957,0.804,0.989,-0.953,-0.978,-0.953,0.89,-0.972,0.957,0.963,-0.585,0.984,-0.994,-0.854,0.978,0.993,0.021,0.814,-0.99,0.845,-0.933,-0.988,0.888,-0.957,-0.988,-0.862,-0.942,0.765,-0.959,0.989,0.997,-0.991,0.935,0.984,0.992,-0.986,-0.912,0.802,0.812,-0.982,-0.982,-0.997,-0.979,-0.959,-0.889,-0.946,0.917,-0.936,-0.973,-0.507,-0.85,-0.995,-0.011,4.854,4.155,10.289,10.298,10.341,10.32,10.317,10.272,4.966,4.268,10.311,10.282,5.216,4.757,10.276,10.29,EssenceCatalog/problems/csplib-prob010-SocialGolfers/params/e194961a04b419ef006402e5083214e7.param
0.967,0.971,0.969,-0.949,0.63,-0.891,-0.823,0.869,0.99,-0.837,-0.96,-0.889,0.997,-0.914,-0.993,0.984,0.964,0.954,0.959,0.958,-0.997,-0.267,0.986,0.985,0.937,0.901,-0.943,-0.907,0.072,-0.983,-0.58,0.736,0.959,-0.852,-0.895,0.912,0.729,-0.945,-0.654,0.657,0.974,0.989,0.655,0.923,0.365,-0.966,0.995,-0.947,0.856,0.991,-0.955,-0.974,-0.954,0.438,-0.97,0.967,0.955,-0.755,0.984,-0.996,-0.919,0.979,0.992,0.57,0.908,-0.996,0.36,-0.949,-0.983,0.873,-0.964,-0.99,-0.795,-0.942,0.644,-0.959,0.991,0.995,-0.993,0.919,0.986,0.993,-0.988,-0.891,0.52,0.838,-0.981,-0.986,-0.998,-0.981,-0.971,-0.865,-0.933,0.942,-0.956,-0.976,-0.799,-0.862,-0.995,0.266,5.191,4.504,10.315,10.363,10.378,10.376,10.342,10.319,5.228,4.631,10.305,10.357,5.494,5.16,10.314,10.356,EssenceCatalog/problems/csplib-prob010-SocialGolfers/params/fcdb3c94a9569792f6e297f770a46be6.param
0.377,0.966,-0.995,-0.981,-0.989,-0.755,0.995,0.982,0.977,-0.945,-0.908,-0.945,0.992,-0.896,-0.997,0.973,0.976,0.971,-0.995,-0.89,-0.996,0.871,0.998,0.99,0.967,0.973,-0.98,-0.965,0.958,-0.989,-0.829,0.686,0.991,-0.966,0.822,-0.723,0.932,-0.965,-0.951,0.598,0.982,0.994,0.684,-0.99,0.05,-0.993,0.997,-0.954,0.858,0.989,-0.954,-0.345,0.954,0.986,-0.987,0.979,0.987,-0.958,0.988,-0.995,-0.966,0.834,0.992,0.946,0.973,-0.998,0.972,-0.936,0.995,0.884,-0.912,-0.993,-0.959,-0.924,0.875,0.991,0.983,0.996,-0.988,-0.857,0.987,0.997,-0.985,-0.943,0.975,0.952,-0.986,-0.983,-0.994,-0.991,-0.986,-0.936,-0.975,0.176,-0.994,-0.988,0.961,-0.703,-0.994,0.939,3.951,3.319,4.647,9.924,10.305,10.252,10.437,10.556,3.946,3.483,4.653,9.947,4.542,4.082,5.602,9.943,EssenceCatalog/problems/csplib-prob010-SocialGolfers/params/5e2421900b6759b010f472066e48753d.param
0.977,0.969,0.969,-0.951,0.541,-0.903,-0.803,0.846,0.987,-0.831,-0.942,-0.837,0.997,-0.921,-0.992,0.981,0.973,0.928,0.96,0.94,-0.998,-0.141,0.988,0.981,0.943,0.925,-0.927,-0.88,0.83,-0.984,-0.732,0.506,0.972,-0.879,-0.605,0.935,0.723,-0.949,-0.736,0.644,0.948,0.991,0.608,0.886,0.324,-0.972,0.995,-0.949,0.917,0.993,-0.952,-0.978,-0.961,-0.23,-0.959,0.958,0.962,-0.855,0.984,-0.997,-0.933,0.979,0.993,0.789,0.944,-0.997,-0.45,-0.963,-0.982,0.809,-0.969,-0.991,-0.656,-0.933,0.553,-0.966,0.991,0.995,-0.994,0.927,0.989,0.992,-0.985,-0.877,0.041,0.872,-0.979,-0.987,-0.999,-0.979,-0.983,-0.872,-0.936,0.965,-0.974,-0.978,-0.902,-0.846,-0.995,0.099,5.857,4.958,10.377,10.399,10.385,10.391,10.355,10.365,5.676,5.103,10.34,10.397,5.99,5.824,10.365,10.392,EssenceCatalog/problems/csplib-prob010-SocialGolfers/params/92c3e33f12f5296723b9d9cd8b8724a3.param
0.951,0.972,0.968,-0.963,0.83,-0.869,-0.874,0.897,0.991,-0.835,-0.979,-0.932,0.996,-0.915,-0.995,0.974,0.969,0.966,0.96,0.974,-0.997,-0.399,0.983,0.987,0.935,0.888,-0.964,-0.917,-0.895,-0.982,-0.343,0.933,0.925,-0.831,-0.976,0.875,0.811,-0.936,-0.533,0.726,0.98,0.986,0.727,0.961,0.513,-0.967,0.996,-0.961,0.723,0.99,-0.959,-0.969,-0.939,0.909,-0.98,0.967,0.963,-0.688,0.987,-0.994,-0.874,0.971,0.994,0.029,0.821,-0.992,0.908,-0.915,-0.984,0.91,-0.945,-0.989,-0.877,-0.93,0.799,-0.95,0.99,0.997,-0.992,0.934,0.986,0.994,-0.989,-0.92,0.866,0.817,-0.982,-0.984,-0.998,-0.983,-0.954,-0.91,-0.952,0.913,-0.942,-0.976,-0.423,-0.837,-0.995,0.208,4.724,4.104,10.232,10.284,10.35,10.318,10.332,10.278,4.901,4.221,10.265,10.267,5.132,4.668,10.245,10.272,EssenceCatalog/problems/csplib-prob010-SocialGolfers/params/e6d08c041658c4eafbdbd71d1d9263af.param
0.935,0.966,0.976,-0.963,0.886,-0.841,-0.925,0.906,0.989,-0.867,-0.985,-0.956,0.996,-0.895,-0.996,0.867,0.975,0.962,0.969,0.984,-0.997,0.304,0.981,0.985,0.902,0.903,-0.964,-0.922,-0.969,-0.984,-0.142,0.969,0.924,-0.818,-0.959,0.861,0.85,-0.934,-0.581,0.812,0.877,0.978,0.805,0.973,0.746,-0.966,0.994,-0.96,0.683,0.989,-0.86,-0.972,-0.922,0.88,-0.95,0.957,0.973,-0.176,0.983,-0.992,-0.867,0.978,0.994,-0.063,0.774,-0.986,0.916,-0.902,-0.984,0.913,-0.952,-0.989,-0.921,-0.931,0.9,-0.956,0.989,0.998,-0.99,0.959,0.984,0.992,-0.988,-0.936,0.792,0.814,-0.98,-0.983,-0.997,-0.979,-0.952,-0.925,-0.96,0.913,-0.915,-0.983,-0.104,-0.821,-0.997,-0.39,5.059,4.079,10.273,10.267,10.333,10.316,10.315,10.286,5.047,4.208,10.286,10.251,5.31,4.734,10.254,10.261,EssenceCatalog/problems/csplib-prob010-SocialGolfers/params/3bf6587bbe193406a2321303c5900b4c.param
0.978,0.969,0.97,-0.952,0.54,-0.905,-0.81,0.841,0.987,-0.827,-0.94,-0.826,0.997,-0.923,-0.992,0.979,0.975,0.922,0.963,0.938,-0.998,-0.142,0.989,0.98,0.946,0.929,-0.928,-0.872,0.877,-0.985,-0.757,0.475,0.973,-0.884,-0.538,0.94,0.736,-0.95,-0.744,0.64,0.939,0.991,0.597,0.888,0.317,-0.973,0.995,-0.951,0.925,0.993,-0.955,-0.979,-0.963,-0.31,-0.956,0.955,0.964,-0.876,0.985,-0.997,-0.934,0.979,0.993,0.809,0.947,-0.997,-0.547,-0.965,-0.983,0.794,-0.969,-0.992,-0.607,-0.932,0.531,-0.967,0.991,0.995,-0.994,0.931,0.99,0.992,-0.985,-0.876,-0.034,0.879,-0.979,-0.987,-0.999,-0.979,-0.984,-0.878,-0.939,0.969,-0.976,-0.978,-0.914,-0.842,-0.995,0.052,5.954,5.015,10.386,10.398,10.382,10.391,10.352,10.365,5.735,5.162,10.348,10.398,6.053,5.918,10.377,10.394,EssenceCatalog/problems/csplib-prob010-SocialGolfers/params/7ce5baa3dce47279d2c1772b320998d3.param
0.96,0.974,0.974,-0.959,0.858,-0.858,-0.864,0.899,0.988,-0.9,-0.975,-0.949,0.997,-0.903,-0.996,0.912,0.976,0.962,0.96,0.968,-0.998,0.503,0.97,0.988,0.855,0.871,-0.946,-0.933,-0.76,-0.988,-0.275,0.932,0.903,-0.818,-0.852,0.845,0.768,-0.951,-0.67,0.842,0.894,0.987,0.71,0.945,0.768,-0.964,0.993,-0.953,0.678,0.992,-0.677,-0.967,-0.896,0.345,-0.908,0.975,0.961,0.042,0.984,-0.996,-0.919,0.98,0.995,0.505,0.891,-0.993,0.747,-0.894,-0.984,0.926,-0.966,-0.99,-0.928,-0.928,0.891,-0.972,0.99,0.998,-0.992,0.96,0.989,0.992,-0.989,-0.922,0.458,0.815,-0.977,-0.987,-0.998,-0.981,-0.953,-0.918,-0.963,0.934,-0.912,-0.984,-0.55,-0.814,-0.997,-0.238,5.477,4.315,10.361,10.322,10.363,10.362,10.36,10.344,5.35,4.472,10.362,10.308,5.651,4.993,10.333,10.298,EssenceCatalog/problems/csplib-prob010-SocialGolfers/params/444befc7c82fb4143d4c30d06ab72007.param
0.257,-0.59,0.286,0.148,-0.959,-0.155,0.467,0.696,0.862,-0.703,-0.415,-0.74,0.812,-0.139,-0.663,0.881,-0.995,0.76,-0.612,-0.747,0.589,0.249,0.112,0.769,0.662,0.292,-0.067,-0.681,-0.94,-0.032,0.084,-0.353,0.113,-0.416,-0.962,0.169,0.194,-0.657,-0.388,0.208,-0.866,0.488,0.767,-0.426,-0.205,0.918,-0.919,0.96,-0.354,-0.978,-0.944,0.75,0.277,0.589,-0.832,0.703,-0.994,0.952,-0.993,-0.876,-0.12,0.752,-0.987,-0.81,0.328,-0.867,-0.613,0.019,0.661,-0.175,-0.908,0.962,-0.5,-0.932,-0.839,0.82,-0.481,-0.991,-0.835,-0.95,-0.996,0.207,-0.464,0.769,0.697,0.38,0.776,-0.642,-0.641,0.05,0.924,0.988,0.987,-0.977,0.643,0.04,-0.716,-0.931,-0.45,0.666,0.854,0.734,1.095,2.626,0.538,0.344,1.026,3.492,0.904,0.634,1.023,2.485,1.004,0.7,1.087,2.593,EssenceCatalog/problems/csplib-prob010-SocialGolfers/params/ord03-7-4-2.param
0.971,0.967,0.974,-0.952,0.615,-0.889,-0.846,0.856,0.988,-0.819,-0.954,-0.863,0.997,-0.918,-0.992,0.976,0.969,0.943,0.968,0.962,-0.997,-0.244,0.987,0.981,0.941,0.909,-0.941,-0.881,0.378,-0.983,-0.636,0.693,0.963,-0.855,-0.843,0.927,0.747,-0.942,-0.652,0.616,0.951,0.988,0.628,0.935,0.344,-0.966,0.995,-0.951,0.883,0.991,-0.958,-0.978,-0.961,0.291,-0.964,0.956,0.958,-0.805,0.984,-0.996,-0.909,0.98,0.992,0.631,0.91,-0.995,0.057,-0.954,-0.986,0.823,-0.964,-0.99,-0.686,-0.928,0.596,-0.967,0.99,0.995,-0.993,0.932,0.987,0.993,-0.986,-0.882,0.38,0.852,-0.98,-0.985,-0.998,-0.979,-0.976,-0.873,-0.935,0.955,-0.963,-0.974,-0.843,-0.837,-0.995,0.087,5.408,4.652,10.347,10.362,10.363,10.366,10.325,10.311,5.36,4.783,10.314,10.355,5.644,5.393,10.329,10.353,EssenceCatalog/problems/csplib-prob010-SocialGolfers/params/d85b17e2c9a14e907cf5345e9987b043.param
0.939,0.93,-0.907,-0.983,0.95,-0.836,0.951,0.801,0.958,-0.953,-0.961,-0.791,0.988,-0.962,-0.997,0.491,0.996,0.921,-0.97,-0.787,-0.999,0.752,-0.95,0.977,0.91,0.93,-0.965,-0.956,0.827,-0.986,0.791,0.972,-0.963,-0.954,0.925,-0.876,0.935,-0.823,-0.758,0.975,0.966,0.987,-0.943,-0.979,0.971,-0.941,0.958,-0.971,-0.845,0.99,0.415,0.91,0.931,-0.512,-0.758,0.953,0.984,-0.961,0.974,-0.981,-0.984,-0.036,0.988,0.97,0.951,-0.99,0.937,0.806,0.932,0.92,0.386,-0.961,-0.767,0.79,0.988,-0.287,0.984,0.992,-0.984,0.917,0.997,0.994,-0.972,-0.966,0.953,0.952,-0.249,-0.989,-0.994,-0.919,-0.315,-0.989,-0.988,0.927,-0.882,-0.988,0.943,0.443,-0.997,0.714,3.674,2.605,3.633,7.42,8.863,8.156,8.691,9.195,3.518,3.096,3.66,7.25,4.031,3.353,4.612,7.438,EssenceCatalog/problems/csplib-prob010-SocialGolfers/params/ord26-3-9-5.param
0.964,0.965,0.973,-0.963,0.709,-0.887,-0.895,0.881,0.992,-0.792,-0.974,-0.893,0.996,-0.925,-0.994,0.978,0.969,0.956,0.973,0.977,-0.997,-0.556,0.991,0.984,0.965,0.925,-0.967,-0.887,-0.563,-0.981,-0.574,0.863,0.967,-0.861,-0.966,0.929,0.846,-0.941,-0.581,0.579,0.97,0.986,0.735,0.966,0.302,-0.97,0.997,-0.961,0.87,0.99,-0.985,-0.98,-0.967,0.882,-0.985,0.946,0.967,-0.885,0.987,-0.995,-0.873,0.978,0.993,0.171,0.853,-0.994,0.654,-0.954,-0.987,0.845,-0.955,-0.99,-0.717,-0.935,0.627,-0.957,0.992,0.997,-0.993,0.924,0.986,0.994,-0.987,-0.9,0.822,0.868,-0.983,-0.985,-0.998,-0.983,-0.973,-0.893,-0.942,0.942,-0.965,-0.971,-0.705,-0.847,-0.995,0.151,4.834,4.28,10.316,10.346,10.379,10.361,10.347,10.296,4.975,4.389,10.329,10.331,5.22,4.898,10.318,10.338,EssenceCatalog/problems/csplib-prob010-SocialGolfers/params/e91cb5658878204ba79284864906e39d.param
0.966,0.969,0.972,-0.957,0.666,-0.892,-0.861,0.873,0.991,-0.81,-0.968,-0.884,0.997,-0.925,-0.994,0.985,0.963,0.956,0.967,0.969,-0.997,-0.495,0.988,0.985,0.957,0.917,-0.958,-0.9,-0.287,-0.981,-0.585,0.807,0.962,-0.86,-0.949,0.924,0.806,-0.944,-0.617,0.615,0.974,0.988,0.686,0.948,0.307,-0.967,0.996,-0.952,0.86,0.99,-0.979,-0.976,-0.964,0.746,-0.982,0.959,0.958,-0.852,0.984,-0.996,-0.9,0.978,0.992,0.367,0.882,-0.995,0.514,-0.954,-0.985,0.861,-0.958,-0.989,-0.743,-0.941,0.603,-0.957,0.991,0.996,-0.994,0.916,0.984,0.994,-0.988,-0.893,0.725,0.858,-0.981,-0.986,-0.998,-0.982,-0.971,-0.869,-0.93,0.936,-0.962,-0.972,-0.768,-0.862,-0.995,0.245,4.937,4.365,10.306,10.347,10.372,10.361,10.338,10.298,5.052,4.477,10.308,10.337,5.301,4.988,10.308,10.343,EssenceCatalog/problems/csplib-prob010-SocialGolfers/params/f6a02cd43969d96bd0e85712059a2b43.param
0.983,0.938,0.989,-0.953,0.994,-0.87,-0.953,0.73,0.979,-0.796,-0.98,-0.9,0.993,-0.945,-0.992,0.808,0.978,0.937,0.975,0.954,-0.997,-0.187,-0.131,0.976,0.825,0.734,-0.94,-0.889,-0.835,-0.978,0.337,0.971,-0.5,-0.806,-0.851,0.825,0.859,-0.875,-0.228,0.913,0.85,0.979,-0.054,0.95,0.904,-0.888,0.97,-0.942,-0.103,0.984,-0.538,-0.779,-0.924,-0.411,-0.871,0.945,0.938,-0.353,0.96,-0.99,-0.92,0.92,0.992,0.344,0.817,-0.982,0.618,-0.376,-0.993,0.917,-0.836,-0.972,-0.783,-0.677,0.934,-0.995,0.986,0.993,-0.99,0.989,0.986,0.988,-0.981,-0.886,0.292,0.802,-0.824,-0.984,-0.997,-0.944,-0.71,-0.948,-0.941,0.963,-0.739,-0.974,-0.739,-0.651,-0.997,-0.498,5.056,3.967,9.559,9.285,9.463,9.42,9.591,9.632,4.947,4.168,9.54,9.264,5.259,4.639,9.558,9.217,EssenceCatalog/problems/csplib-prob010-SocialGolfers/params/fe5745b75c74d9a85bd9cf026aa63ff9.param
0.432,0.967,-0.99,-0.98,-0.99,-0.733,0.99,0.981,0.971,-0.939,-0.875,-0.945,0.992,-0.878,-0.997,0.94,0.982,0.954,-0.987,-0.746,-0.997,0.921,0.999,0.983,0.962,0.971,-0.974,-0.95,0.986,-0.991,-0.882,0.526,0.997,-0.968,0.907,-0.421,0.933,-0.967,-0.955,0.53,0.943,0.994,0.764,-0.981,0.061,-0.995,0.997,-0.941,0.933,0.993,-0.93,-0.681,0.888,0.959,-0.98,0.966,0.991,-0.955,0.992,-0.994,-0.966,0.9,0.992,0.96,0.98,-0.997,0.902,-0.968,0.99,0.851,-0.945,-0.995,-0.941,-0.934,0.861,0.98,0.986,0.997,-0.987,-0.721,0.989,0.996,-0.98,-0.942,0.897,0.952,-0.991,-0.981,-0.994,-0.99,-0.994,-0.945,-0.977,0.432,-0.995,-0.989,0.914,-0.67,-0.994,0.835,4.093,3.432,4.866,9.994,10.346,10.331,10.457,10.547,4.08,3.581,4.884,10.035,4.648,4.237,5.812,10.013,EssenceCatalog/problems/csplib-prob010-SocialGolfers/params/abe47f29c7827e08f8798f765980001a.param
0.98,0.968,0.973,-0.954,0.555,-0.908,-0.826,0.824,0.984,-0.831,-0.932,-0.799,0.997,-0.925,-0.991,0.965,0.979,0.904,0.968,0.934,-0.998,-0.003,0.989,0.977,0.942,0.933,-0.923,-0.852,0.94,-0.986,-0.794,0.403,0.976,-0.893,-0.224,0.947,0.744,-0.95,-0.767,0.655,0.888,0.99,0.593,0.888,0.35,-0.974,0.994,-0.953,0.94,0.994,-0.94,-0.98,-0.963,-0.566,-0.932,0.946,0.967,-0.886,0.985,-0.996,-0.934,0.979,0.994,0.864,0.955,-0.997,-0.743,-0.968,-0.983,0.749,-0.971,-0.993,-0.522,-0.924,0.527,-0.973,0.991,0.995,-0.994,0.943,0.991,0.991,-0.983,-0.872,-0.31,0.888,-0.978,-0.988,-0.999,-0.977,-0.987,-0.89,-0.945,0.975,-0.979,-0.979,-0.934,-0.835,-0.995,-0.125,6.341,5.182,10.405,10.394,10.387,10.388,10.347,10.369,5.963,5.345,10.368,10.398,6.283,6.209,10.41,10.399,EssenceCatalog/problems/csplib-prob010-SocialGolfers/params/c6b5734297e6b395167b9efc1f40a506.param
0.986,0.966,0.977,-0.964,0.678,-0.921,-0.878,0.782,0.973,-0.843,-0.918,-0.707,0.997,-0.935,-0.991,0.836,0.989,0.77,0.977,0.913,-0.998,0.324,0.99,0.965,0.95,0.952,-0.933,-0.793,0.992,-0.989,-0.892,0.356,0.984,-0.926,0.681,0.968,0.828,-0.956,-0.843,0.693,0.21,0.991,0.659,0.871,0.475,-0.982,0.993,-0.96,0.971,0.995,-0.896,-0.983,-0.97,-0.867,-0.806,0.887,0.977,-0.95,0.986,-0.996,-0.931,0.975,0.995,0.94,0.972,-0.998,-0.962,-0.977,-0.983,0.571,-0.976,-0.994,-0.266,-0.91,0.57,-0.983,0.99,0.995,-0.994,0.962,0.994,0.987,-0.975,-0.875,-0.788,0.935,-0.974,-0.989,-0.999,-0.97,-0.993,-0.928,-0.963,0.988,-0.988,-0.983,-0.967,-0.833,-0.995,-0.65,7.373,5.494,10.408,10.393,10.411,10.37,10.352,10.385,6.521,5.695,10.389,10.394,6.83,6.949,10.439,10.408,EssenceCatalog/problems/csplib-prob010-SocialGolfers/params/d13dc0e29200217cd5680bc3ab36f3ee.param
0.428,0.963,-0.994,-0.982,-0.992,-0.737,0.995,0.984,0.974,-0.945,-0.877,-0.945,0.992,-0.903,-0.998,0.953,0.974,0.958,-0.993,-0.869,-0.997,0.923,0.998,0.986,0.969,0.973,-0.978,-0.954,0.983,-0.991,-0.856,0.576,0.995,-0.973,0.908,-0.563,0.947,-0.965,-0.961,0.56,0.946,0.994,0.689,-0.99,0.107,-0.993,0.996,-0.935,0.894,0.989,-0.959,-0.425,0.931,0.972,-0.986,0.968,0.985,-0.96,0.986,-0.995,-0.968,0.886,0.989,0.958,0.98,-0.998,0.924,-0.956,0.995,0.859,-0.933,-0.993,-0.94,-0.931,0.846,0.989,0.984,0.995,-0.988,-0.839,0.981,0.996,-0.983,-0.94,0.946,0.957,-0.986,-0.981,-0.995,-0.99,-0.99,-0.926,-0.967,0.212,-0.995,-0.99,0.943,-0.68,-0.995,0.88,4.02,3.368,4.693,9.934,10.314,10.268,10.43,10.55,4.004,3.526,4.704,9.969,4.588,4.157,5.651,9.959,EssenceCatalog/problems/csplib-prob010-SocialGolfers/params/2e798a8dfcbad4af0ea4bea047939a0f.param
0.971,0.967,0.971,-0.946,0.673,-0.878,-0.829,0.85,0.982,-0.867,-0.94,-0.885,0.997,-0.894,-0.992,0.947,0.973,0.931,0.96,0.953,-0.997,0.37,0.98,0.981,0.879,0.887,-0.913,-0.895,0.608,-0.986,-0.594,0.676,0.951,-0.852,-0.479,0.905,0.628,-0.944,-0.701,0.736,0.883,0.988,0.617,0.898,0.563,-0.966,0.992,-0.942,0.852,0.992,-0.814,-0.973,-0.932,-0.422,-0.897,0.961,0.957,-0.481,0.982,-0.996,-0.927,0.979,0.993,0.769,0.933,-0.994,-0.191,-0.938,-0.983,0.844,-0.97,-0.99,-0.81,-0.914,0.742,-0.972,0.989,0.996,-0.992,0.951,0.989,0.99,-0.985,-0.89,-0.149,0.825,-0.976,-0.986,-0.998,-0.974,-0.974,-0.888,-0.947,0.961,-0.951,-0.98,-0.85,-0.804,-0.995,-0.094,6.17,4.923,10.392,10.378,10.383,10.38,10.353,10.362,5.84,5.1,10.366,10.372,6.16,5.823,10.375,10.364,EssenceCatalog/problems/csplib-prob010-SocialGolfers/params/b821eb62a855aa4f2e5f43896ebb479b.param
0.958,0.968,0.979,-0.962,0.861,-0.85,-0.896,0.89,0.987,-0.89,-0.976,-0.943,0.997,-0.9,-0.995,0.866,0.971,0.953,0.969,0.977,-0.997,0.481,0.974,0.985,0.872,0.872,-0.954,-0.919,-0.802,-0.987,-0.262,0.94,0.91,-0.818,-0.859,0.864,0.791,-0.942,-0.641,0.819,0.774,0.982,0.711,0.961,0.763,-0.96,0.991,-0.951,0.691,0.99,-0.76,-0.969,-0.909,0.465,-0.909,0.962,0.955,-0.08,0.98,-0.995,-0.894,0.981,0.994,0.382,0.856,-0.99,0.7,-0.902,-0.985,0.903,-0.962,-0.987,-0.907,-0.921,0.877,-0.974,0.988,0.997,-0.991,0.963,0.984,0.992,-0.987,-0.918,0.465,0.818,-0.974,-0.984,-0.998,-0.978,-0.948,-0.907,-0.954,0.933,-0.909,-0.983,-0.499,-0.801,-0.997,-0.382,5.477,4.297,10.353,10.294,10.337,10.334,10.325,10.315,5.318,4.449,10.354,10.279,5.62,5.02,10.32,10.272,EssenceCatalog/problems/csplib-prob010-SocialGolfers/params/8aaf674e8bd72cb878565d9538dcc67a.param
0.978,0.946,0.983,-0.979,0.737,-0.883,-0.927,0.856,0.982,-0.8,-0.971,-0.767,0.997,-0.947,-0.994,0.595,0.987,0.819,0.984,0.981,-0.998,0.042,0.993,0.963,0.975,0.956,-0.979,-0.727,0.81,-0.986,-0.818,0.882,0.983,-0.928,-0.089,0.964,0.93,-0.956,-0.768,0.526,-0.46,0.979,0.742,0.958,0.603,-0.979,0.992,-0.971,0.955,0.992,-0.981,-0.985,-0.971,0.507,-0.951,0.731,0.981,-0.972,0.982,-0.991,-0.834,0.982,0.996,0.698,0.902,-0.995,-0.763,-0.974,-0.985,0.421,-0.961,-0.991,-0.012,-0.873,0.638,-0.979,0.99,0.997,-0.993,0.965,0.987,0.993,-0.979,-0.893,0.102,0.955,-0.98,-0.984,-0.998,-0.974,-0.991,-0.922,-0.957,0.982,-0.989,-0.982,-0.81,-0.727,-0.996,-0.815,6.62,5.02,10.385,10.3,10.319,10.319,10.245,10.3,5.937,5.215,10.325,10.298,6.255,6.451,10.335,10.309,EssenceCatalog/problems/csplib-prob010-SocialGolfers/params/70f1ae90979dff062d1e0ca183712fda.param
0.323,0.963,-0.978,-0.977,-0.981,-0.725,0.964,0.974,0.956,-0.918,-0.875,-0.944,0.988,-0.833,-0.996,0.85,0.991,0.934,-0.956,-0.218,-0.996,0.94,0.999,0.973,0.948,0.961,-0.968,-0.936,0.986,-0.988,-0.877,0.419,0.998,-0.962,0.923,-0.06,0.903,-0.964,-0.943,0.479,0.887,0.99,0.841,-0.926,0.038,-0.996,0.998,-0.95,0.962,0.996,-0.867,-0.906,0.762,0.929,-0.964,0.942,0.995,-0.944,0.996,-0.99,-0.958,0.912,0.994,0.96,0.973,-0.995,0.844,-0.979,0.973,0.787,-0.947,-0.997,-0.927,-0.915,0.862,0.951,0.986,0.999,-0.982,-0.307,0.995,0.993,-0.97,-0.948,0.714,0.94,-0.995,-0.976,-0.992,-0.988,-0.997,-0.974,-0.985,0.679,-0.996,-0.985,0.87,-0.565,-0.993,0.624,4.261,3.533,5.206,10.01,10.319,10.346,10.403,10.424,4.228,3.672,5.235,10.04,4.754,4.417,6.123,10.011,EssenceCatalog/problems/csplib-prob010-SocialGolfers/params/1cc3aace06131cec9c3ead185b0be936.param
0.092,0.969,-0.999,-0.987,-0.988,-0.805,0.999,0.991,0.981,-0.972,-0.946,-0.966,0.997,-0.923,-0.999,0.959,0.978,0.983,-0.999,-0.961,-0.998,0.963,0.991,0.992,0.974,0.983,-0.985,-0.977,0.942,-0.994,-0.3,0.916,0.965,-0.972,0.934,-0.888,0.971,-0.97,-0.968,0.888,0.936,0.995,0.492,-0.999,0.792,-0.991,0.993,-0.937,0.398,0.985,-0.846,0.295,0.99,0.962,-0.971,0.981,0.978,-0.899,0.974,-0.996,-0.978,0.861,0.984,0.975,0.977,-0.998,0.984,-0.839,0.999,0.959,-0.847,-0.987,-0.978,-0.868,0.944,0.997,0.972,0.995,-0.99,-0.789,0.975,0.998,-0.993,-0.968,0.979,0.972,-0.974,-0.994,-0.995,-0.989,-0.963,-0.94,-0.967,-0.282,-0.989,-0.996,0.988,-0.636,-0.997,0.928,4.021,3.193,4.347,9.788,10.308,10.161,10.417,10.628,3.91,3.411,4.371,9.793,4.538,3.978,5.351,9.825,EssenceCatalog/problems/csplib-prob010-SocialGolfers/params/542c48564cd61176997207b29e054e4c.param
0.987,0.966,0.985,-0.968,0.831,-0.94,-0.945,0.748,0.96,-0.851,-0.934,-0.668,0.997,-0.931,-0.992,0.146,0.992,0.7,0.989,0.941,-0.998,0.608,0.988,0.95,0.948,0.951,-0.951,-0.784,0.991,-0.991,-0.889,0.669,0.982,-0.927,0.847,0.974,0.865,-0.96,-0.844,0.722,-0.693,0.984,0.709,0.939,0.66,-0.984,0.989,-0.967,0.977,0.995,-0.627,-0.987,-0.971,-0.917,-0.351,0.834,0.979,-0.935,0.984,-0.994,-0.921,0.976,0.996,0.941,0.969,-0.996,-0.98,-0.978,-0.989,0.514,-0.976,-0.995,-0.295,-0.893,0.717,-0.99,0.986,0.996,-0.99,0.98,0.995,0.981,-0.965,-0.908,-0.912,0.952,-0.973,-0.988,-0.999,-0.955,-0.994,-0.952,-0.978,0.993,-0.985,-0.982,-0.97,-0.825,-0.995,-0.87,8.232,5.586,10.376,10.302,10.305,10.292,10.299,10.323,6.876,5.813,10.366,10.29,7.216,7.374,10.389,10.318,EssenceCatalog/problems/csplib-prob010-SocialGolfers/params/f121d9cad3ef72fd31994a8247f421bb.param
0.982,0.967,0.968,-0.95,0.589,-0.912,-0.816,0.8,0.98,-0.85,-0.915,-0.8,0.997,-0.918,-0.991,0.955,0.984,0.88,0.962,0.903,-0.998,0.243,0.984,0.975,0.93,0.935,-0.898,-0.848,0.975,-0.987,-0.809,0.257,0.975,-0.897,0.239,0.943,0.698,-0.95,-0.786,0.709,0.846,0.991,0.57,0.829,0.409,-0.977,0.994,-0.953,0.947,0.994,-0.888,-0.977,-0.959,-0.816,-0.889,0.945,0.971,-0.87,0.984,-0.996,-0.943,0.976,0.994,0.916,0.968,-0.997,-0.858,-0.964,-0.982,0.737,-0.972,-0.993,-0.563,-0.921,0.587,-0.977,0.99,0.995,-0.994,0.946,0.994,0.989,-0.981,-0.876,-0.581,0.888,-0.976,-0.989,-0.999,-0.971,-0.988,-0.906,-0.954,0.98,-0.979,-0.981,-0.949,-0.83,-0.995,-0.203,6.755,5.335,10.37,10.392,10.41,10.374,10.352,10.378,6.219,5.513,10.345,10.394,6.527,6.475,10.406,10.403,EssenceCatalog/problems/csplib-prob010-SocialGolfers/params/3390fd4679d23579324ebe2230179538.param
0.966,0.95,-0.774,-0.988,0.969,-0.87,0.926,0.818,0.972,-0.963,-0.964,-0.84,0.994,-0.969,-0.998,0.298,0.998,0.905,-0.94,-0.738,-0.999,0.803,-0.945,0.981,0.919,0.942,-0.962,-0.968,0.926,-0.991,0.656,0.97,-0.918,-0.962,0.954,-0.758,0.94,-0.898,-0.808,0.983,0.934,0.991,-0.902,-0.969,0.977,-0.951,0.965,-0.978,-0.731,0.994,0.646,0.867,0.861,-0.842,-0.583,0.965,0.987,-0.945,0.98,-0.991,-0.99,0.378,0.992,0.978,0.964,-0.994,0.817,0.686,0.806,0.934,0.063,-0.978,-0.784,0.714,0.99,-0.739,0.988,0.994,-0.991,0.962,0.998,0.995,-0.977,-0.966,0.889,0.969,-0.408,-0.993,-0.997,-0.924,-0.538,-0.99,-0.992,0.969,-0.904,-0.992,0.83,0.47,-0.998,0.575,4.162,2.869,4.118,7.61,9.021,8.332,8.876,9.339,3.906,3.392,4.152,7.479,4.379,3.688,5.06,7.635,EssenceCatalog/problems/csplib-prob010-SocialGolfers/params/5de816d61056375d8244e02bf3e65c51.param
0.264,0.952,-0.998,-0.978,-0.993,-0.753,0.998,0.984,0.976,-0.944,-0.889,-0.94,0.992,-0.901,-0.998,0.981,0.977,0.974,-0.998,-0.927,-0.997,0.896,0.993,0.991,0.971,0.972,-0.976,-0.967,0.962,-0.989,-0.661,0.591,0.982,-0.967,0.878,-0.84,0.942,-0.949,-0.959,0.661,0.985,0.995,0.23,-0.996,0.226,-0.99,0.996,-0.95,0.683,0.986,-0.973,0.188,0.969,0.981,-0.993,0.977,0.982,-0.963,0.981,-0.995,-0.972,0.804,0.987,0.961,0.973,-0.998,0.975,-0.884,0.998,0.89,-0.837,-0.989,-0.939,-0.878,0.861,0.994,0.985,0.993,-0.987,-0.893,0.981,0.997,-0.987,-0.942,0.984,0.955,-0.98,-0.983,-0.994,-0.987,-0.975,-0.921,-0.965,-0.018,-0.993,-0.988,0.981,-0.627,-0.995,0.955,3.835,3.211,4.347,9.718,10.181,10.074,10.294,10.455,3.826,3.4,4.34,9.718,4.435,3.975,5.331,9.745,EssenceCatalog/problems/csplib-prob010-SocialGolfers/params/2ad0459b98d05b4f70e1bd525aa6d215.param
0.982,0.953,0.983,-0.986,0.906,-0.916,-0.955,0.864,0.966,-0.866,-0.977,-0.706,0.998,-0.95,-0.995,-0.749,0.995,0.576,0.99,0.973,-0.999,0.701,0.995,0.932,0.968,0.966,-0.989,-0.768,0.954,-0.992,-0.901,0.958,0.989,-0.953,0.874,0.977,0.97,-0.976,-0.884,0.676,-0.982,0.976,0.852,0.964,0.853,-0.99,0.988,-0.982,0.98,0.994,-0.802,-0.988,-0.954,-0.212,-0.462,0.477,0.989,-0.986,0.988,-0.989,-0.849,0.98,0.998,0.873,0.936,-0.996,-0.954,-0.983,-0.977,0.454,-0.972,-0.996,-0.082,-0.859,0.877,-0.988,0.988,0.999,-0.988,0.984,0.994,0.989,-0.971,-0.937,-0.719,0.982,-0.98,-0.987,-0.998,-0.964,-0.995,-0.969,-0.985,0.993,-0.994,-0.99,-0.869,-0.723,-0.997,-0.966,8.291,5.461,10.323,10.245,10.257,10.321,10.276,10.279,6.795,5.695,10.301,10.243,7.127,7.429,10.339,10.299,EssenceCatalog/problems/csplib-prob010-SocialGolfers/params/9dd95263d2fe2d63e03656a10d7f83e2.param
0.991,0.987,0.993,-0.987,0.985,-0.966,-0.988,0.813,0.966,-0.95,-0.979,-0.851,0.999,-0.967,-0.997,-0.989,0.998,0.512,0.997,0.922,-0.999,0.98,0.992,0.919,0.943,0.977,-0.99,-0.96,0.994,-0.997,-0.973,0.976,0.993,-0.971,0.994,0.99,0.974,-0.992,-0.952,0.898,-0.998,0.986,0.968,0.986,0.973,-0.995,0.983,-0.977,0.991,0.997,0.952,-0.992,-0.932,-0.986,0.972,0.837,0.992,-0.892,0.994,-0.995,-0.97,0.988,0.998,0.977,0.982,-0.998,-0.996,-0.992,-0.986,0.853,-0.993,-0.998,-0.859,-0.956,0.979,-0.996,0.984,0.999,-0.989,0.994,0.997,0.971,-0.973,-0.979,-0.994,0.99,-0.979,-0.995,-0.999,-0.967,-0.998,-0.99,-0.997,0.998,-0.993,-0.996,-0.983,-0.926,-0.999,-0.993,9.631,5.813,10.474,10.39,10.399,10.379,10.468,10.412,7.554,6.085,10.485,10.361,7.976,7.84,10.476,10.399,EssenceCatalog/problems/csplib-prob010-SocialGolfers/params/c068645cc8ba1daf9b9b7857b25e01a2.param
0.977,0.966,0.967,-0.945,0.54,-0.903,-0.804,0.829,0.984,-0.838,-0.931,-0.842,0.997,-0.911,-0.991,0.977,0.978,0.921,0.959,0.929,-0.998,0.058,0.985,0.98,0.93,0.923,-0.91,-0.87,0.902,-0.985,-0.744,0.394,0.972,-0.877,-0.364,0.932,0.666,-0.947,-0.738,0.668,0.937,0.991,0.59,0.865,0.354,-0.974,0.995,-0.951,0.925,0.994,-0.928,-0.977,-0.957,-0.525,-0.94,0.958,0.967,-0.829,0.985,-0.996,-0.936,0.977,0.994,0.848,0.952,-0.997,-0.591,-0.959,-0.983,0.794,-0.969,-0.992,-0.658,-0.929,0.577,-0.969,0.991,0.995,-0.993,0.933,0.992,0.991,-0.984,-0.88,-0.201,0.863,-0.98,-0.988,-0.999,-0.976,-0.984,-0.892,-0.946,0.971,-0.973,-0.979,-0.916,-0.834,-0.995,0.035,6.17,5.094,10.365,10.382,10.377,10.375,10.338,10.357,5.869,5.251,10.333,10.383,6.184,6.035,10.37,10.382,EssenceCatalog/problems/csplib-prob010-SocialGolfers/params/725d9d6f2fe078bd0cdeb9a2b6e759b6.param
0.985,0.965,0.977,-0.961,0.657,-0.917,-0.877,0.785,0.975,-0.835,-0.92,-0.717,0.997,-0.933,-0.991,0.87,0.988,0.798,0.977,0.926,-0.998,0.252,0.99,0.966,0.948,0.949,-0.932,-0.793,0.988,-0.988,-0.879,0.361,0.983,-0.92,0.568,0.966,0.813,-0.953,-0.828,0.674,0.382,0.99,0.649,0.882,0.44,-0.981,0.993,-0.96,0.968,0.995,-0.912,-0.984,-0.97,-0.825,-0.847,0.893,0.977,-0.945,0.986,-0.996,-0.929,0.976,0.995,0.93,0.968,-0.997,-0.947,-0.976,-0.984,0.589,-0.975,-0.994,-0.281,-0.909,0.549,-0.982,0.99,0.995,-0.994,0.96,0.993,0.988,-0.976,-0.874,-0.727,0.928,-0.976,-0.988,-0.999,-0.971,-0.992,-0.923,-0.961,0.986,-0.987,-0.982,-0.961,-0.826,-0.995,-0.599,7.196,5.453,10.408,10.39,10.407,10.369,10.348,10.373,6.429,5.646,10.383,10.391,6.738,6.838,10.438,10.404,EssenceCatalog/problems/csplib-prob010-SocialGolfers/params/53b0d4badc0fb0d364dbe7c3917649f6.param
0.965,0.972,0.975,-0.953,0.787,-0.868,-0.836,0.88,0.985,-0.902,-0.962,-0.929,0.998,-0.902,-0.994,0.918,0.973,0.952,0.957,0.958,-0.998,0.582,0.97,0.986,0.835,0.869,-0.929,-0.928,-0.151,-0.989,-0.411,0.856,0.92,-0.836,-0.641,0.862,0.713,-0.952,-0.713,0.822,0.849,0.987,0.647,0.918,0.736,-0.961,0.991,-0.944,0.739,0.992,-0.62,-0.966,-0.895,-0.228,-0.866,0.973,0.952,0.005,0.98,-0.996,-0.932,0.982,0.994,0.704,0.921,-0.994,0.351,-0.909,-0.982,0.908,-0.972,-0.989,-0.904,-0.924,0.857,-0.975,0.989,0.997,-0.992,0.959,0.988,0.991,-0.987,-0.905,0.037,0.818,-0.975,-0.988,-0.998,-0.978,-0.958,-0.896,-0.954,0.944,-0.919,-0.984,-0.734,-0.822,-0.997,-0.204,5.97,4.623,10.386,10.335,10.354,10.354,10.346,10.352,5.678,4.808,10.378,10.326,6.009,5.415,10.351,10.305,EssenceCatalog/problems/csplib-prob010-SocialGolfers/params/4688da430afd94c8463e17f66cab4183.param
0.974,0.969,0.974,-0.957,0.602,-0.899,-0.841,0.857,0.989,-0.811,-0.957,-0.85,0.997,-0.929,-0.993,0.98,0.97,0.941,0.968,0.959,-0.998,-0.359,0.989,0.982,0.956,0.923,-0.949,-0.881,0.492,-0.983,-0.675,0.688,0.968,-0.874,-0.845,0.935,0.791,-0.947,-0.676,0.603,0.956,0.989,0.63,0.931,0.3,-0.969,0.996,-0.952,0.896,0.992,-0.973,-0.979,-0.965,0.353,-0.974,0.953,0.962,-0.877,0.984,-0.996,-0.914,0.98,0.993,0.637,0.917,-0.996,-0.042,-0.96,-0.985,0.812,-0.963,-0.99,-0.63,-0.931,0.539,-0.965,0.991,0.995,-0.994,0.925,0.987,0.993,-0.986,-0.882,0.449,0.872,-0.98,-0.986,-0.999,-0.981,-0.979,-0.873,-0.933,0.956,-0.971,-0.974,-0.855,-0.842,-0.995,0.12,5.38,4.679,10.358,10.385,10.386,10.387,10.346,10.333,5.351,4.809,10.319,10.38,5.631,5.43,10.341,10.381,EssenceCatalog/problems/csplib-prob010-SocialGolfers/params/d4eb8606396aed16951453cb8420398a.param
0.984,0.97,0.989,-0.981,0.91,-0.929,-0.97,0.8,0.959,-0.886,-0.96,-0.714,0.998,-0.941,-0.995,-0.838,0.996,0.581,0.995,0.97,-0.999,0.843,0.995,0.924,0.948,0.961,-0.983,-0.834,0.986,-0.993,-0.938,0.91,0.992,-0.947,0.945,0.984,0.939,-0.978,-0.899,0.702,-0.983,0.978,0.875,0.975,0.859,-0.99,0.987,-0.975,0.987,0.995,-0.175,-0.991,-0.961,-0.839,0.347,0.654,0.989,-0.957,0.99,-0.992,-0.905,0.985,0.998,0.936,0.966,-0.996,-0.985,-0.988,-0.988,0.502,-0.985,-0.996,-0.362,-0.897,0.888,-0.992,0.986,0.998,-0.988,0.988,0.996,0.981,-0.964,-0.942,-0.939,0.976,-0.982,-0.989,-0.998,-0.961,-0.997,-0.974,-0.99,0.995,-0.991,-0.988,-0.955,-0.825,-0.997,-0.971,8.931,5.64,10.332,10.231,10.225,10.254,10.282,10.251,7.147,5.889,10.326,10.203,7.521,7.661,10.337,10.256,EssenceCatalog/problems/csplib-prob010-SocialGolfers/params/acecb32df5202e7e835cdbae551bfa8a.param
0.968,0.959,0.99,-0.977,0.916,-0.899,-0.97,0.861,0.976,-0.914,-0.978,-0.895,0.998,-0.934,-0.996,-0.645,0.992,0.836,0.992,0.985,-0.998,0.872,0.987,0.962,0.901,0.947,-0.977,-0.876,0.316,-0.991,-0.753,0.966,0.982,-0.918,0.496,0.957,0.93,-0.972,-0.871,0.795,-0.936,0.971,0.857,0.98,0.888,-0.979,0.987,-0.975,0.943,0.993,-0.349,-0.986,-0.921,-0.376,-0.279,0.814,0.981,-0.593,0.981,-0.992,-0.885,0.988,0.997,0.797,0.917,-0.992,-0.695,-0.965,-0.99,0.766,-0.982,-0.994,-0.723,-0.921,0.915,-0.992,0.985,0.999,-0.986,0.985,0.991,0.983,-0.975,-0.939,-0.676,0.946,-0.98,-0.985,-0.998,-0.961,-0.99,-0.955,-0.982,0.984,-0.97,-0.988,-0.781,-0.794,-0.998,-0.95,8.337,5.361,10.459,10.315,10.303,10.355,10.336,10.387,6.815,5.582,10.454,10.312,7.197,7.127,10.448,10.36,EssenceCatalog/problems/csplib-prob010-SocialGolfers/params/2344bf2d4c29d2245ff0bba492b300ee.param
0.984,0.968,0.972,-0.956,0.582,-0.915,-0.828,0.801,0.982,-0.843,-0.921,-0.771,0.997,-0.928,-0.991,0.949,0.983,0.87,0.967,0.911,-0.998,0.154,0.987,0.974,0.942,0.942,-0.913,-0.842,0.98,-0.987,-0.841,0.271,0.979,-0.907,0.259,0.954,0.755,-0.952,-0.811,0.696,0.801,0.991,0.6,0.855,0.394,-0.977,0.994,-0.954,0.955,0.994,-0.916,-0.98,-0.965,-0.798,-0.894,0.938,0.969,-0.906,0.985,-0.997,-0.944,0.978,0.994,0.915,0.968,-0.997,-0.892,-0.97,-0.983,0.715,-0.974,-0.993,-0.47,-0.923,0.543,-0.977,0.991,0.995,-0.994,0.95,0.993,0.99,-0.981,-0.871,-0.585,0.904,-0.975,-0.989,-0.999,-0.974,-0.99,-0.902,-0.951,0.981,-0.983,-0.981,-0.956,-0.842,-0.995,-0.276,6.78,5.355,10.398,10.409,10.421,10.391,10.367,10.393,6.23,5.533,10.373,10.412,6.541,6.53,10.432,10.421,EssenceCatalog/problems/csplib-prob010-SocialGolfers/params/75c9359e5ab7a9570287abb845cb01db.param
0.979,0.961,0.976,-0.957,0.611,-0.902,-0.851,0.81,0.979,-0.839,-0.931,-0.785,0.997,-0.918,-0.991,0.908,0.98,0.862,0.972,0.945,-0.998,0.258,0.987,0.973,0.928,0.93,-0.925,-0.825,0.936,-0.986,-0.781,0.506,0.973,-0.89,0.109,0.945,0.76,-0.947,-0.777,0.666,0.598,0.987,0.607,0.886,0.485,-0.972,0.991,-0.956,0.935,0.993,-0.907,-0.979,-0.958,-0.635,-0.898,0.918,0.968,-0.852,0.981,-0.995,-0.918,0.979,0.993,0.865,0.95,-0.996,-0.803,-0.962,-0.984,0.691,-0.97,-0.991,-0.499,-0.907,0.613,-0.978,0.989,0.995,-0.992,0.956,0.99,0.989,-0.979,-0.873,-0.489,0.897,-0.974,-0.986,-0.999,-0.97,-0.986,-0.895,-0.947,0.977,-0.976,-0.98,-0.923,-0.797,-0.995,-0.42,6.787,5.278,10.415,10.392,10.402,10.382,10.35,10.38,6.195,5.463,10.38,10.394,6.511,6.482,10.422,10.402,EssenceCatalog/problems/csplib-prob010-SocialGolfers/params/48e286ea856954a425c8d5cdd70f3a51.param
0.965,0.967,0.972,-0.952,0.674,-0.878,-0.871,0.869,0.988,-0.799,-0.962,-0.886,0.996,-0.911,-0.993,0.977,0.972,0.954,0.968,0.974,-0.997,-0.285,0.988,0.983,0.944,0.906,-0.95,-0.886,-0.179,-0.981,-0.548,0.782,0.96,-0.847,-0.923,0.923,0.755,-0.937,-0.599,0.624,0.967,0.987,0.679,0.951,0.35,-0.97,0.996,-0.955,0.868,0.992,-0.964,-0.981,-0.962,0.635,-0.973,0.957,0.966,-0.796,0.988,-0.995,-0.894,0.978,0.993,0.471,0.885,-0.994,0.459,-0.95,-0.986,0.847,-0.957,-0.991,-0.751,-0.919,0.651,-0.963,0.991,0.996,-0.993,0.936,0.988,0.993,-0.986,-0.898,0.606,0.834,-0.983,-0.984,-0.998,-0.981,-0.974,-0.9,-0.944,0.95,-0.96,-0.973,-0.755,-0.831,-0.995,0.109,5.098,4.422,10.326,10.347,10.372,10.368,10.331,10.29,5.145,4.542,10.319,10.337,5.402,5.082,10.323,10.339,EssenceCatalog/problems/csplib-prob010-SocialGolfers/params/0ec2155dca86c5ff156cdd43b9cf52aa.param
0.973,0.966,0.974,-0.951,0.598,-0.891,-0.837,0.849,0.986,-0.823,-0.947,-0.849,0.997,-0.917,-0.992,0.972,0.972,0.934,0.967,0.958,-0.997,-0.142,0.987,0.98,0.938,0.911,-0.935,-0.87,0.622,-0.983,-0.664,0.634,0.964,-0.861,-0.74,0.93,0.73,-0.942,-0.672,0.623,0.935,0.988,0.606,0.922,0.361,-0.968,0.994,-0.95,0.895,0.992,-0.949,-0.978,-0.959,0.044,-0.957,0.953,0.96,-0.817,0.984,-0.996,-0.913,0.979,0.993,0.714,0.922,-0.995,-0.179,-0.955,-0.985,0.802,-0.965,-0.991,-0.656,-0.922,0.591,-0.969,0.99,0.995,-0.993,0.937,0.988,0.992,-0.985,-0.88,0.195,0.856,-0.979,-0.985,-0.999,-0.978,-0.978,-0.879,-0.937,0.962,-0.966,-0.975,-0.865,-0.825,-0.994,0.023,5.656,4.799,10.365,10.371,10.367,10.374,10.331,10.324,5.525,4.941,10.327,10.366,5.826,5.615,10.345,10.361,EssenceCatalog/problems/csplib-prob010-SocialGolfers/params/865b7a29caf6fc73c89d543209dd2b7a.param
0.977,0.944,0.983,-0.98,0.733,-0.881,-0.927,0.86,0.981,-0.798,-0.972,-0.769,0.997,-0.948,-0.994,0.543,0.988,0.809,0.984,0.981,-0.998,0.086,0.994,0.962,0.975,0.959,-0.98,-0.722,0.823,-0.987,-0.827,0.884,0.985,-0.932,-0.015,0.966,0.936,-0.959,-0.78,0.529,-0.561,0.979,0.764,0.957,0.614,-0.979,0.993,-0.972,0.959,0.992,-0.98,-0.986,-0.971,0.513,-0.948,0.709,0.982,-0.974,0.982,-0.991,-0.833,0.983,0.996,0.713,0.906,-0.996,-0.79,-0.976,-0.984,0.394,-0.963,-0.992,0.012,-0.872,0.648,-0.979,0.99,0.997,-0.993,0.965,0.987,0.993,-0.979,-0.892,0.077,0.958,-0.981,-0.984,-0.998,-0.974,-0.991,-0.925,-0.959,0.982,-0.99,-0.983,-0.807,-0.731,-0.996,-0.838,6.716,5.044,10.377,10.294,10.313,10.315,10.239,10.299,5.983,5.243,10.318,10.293,6.301,6.519,10.328,10.307,EssenceCatalog/problems/csplib-prob010-SocialGolfers/params/a522d056490269bc4a97bb149589b5c6.param
0.457,0.971,-0.912,-0.973,-0.951,-0.763,0.876,0.971,0.967,-0.901,-0.902,-0.944,0.989,-0.824,-0.996,0.837,0.994,0.941,-0.819,0.355,-0.997,0.916,0.999,0.973,0.942,0.959,-0.969,-0.925,0.972,-0.988,-0.872,0.462,0.998,-0.957,0.833,0.312,0.884,-0.966,-0.916,0.495,0.92,0.989,0.879,-0.72,0.081,-0.997,0.999,-0.963,0.97,0.998,-0.816,-0.96,0.484,0.906,-0.959,0.947,0.997,-0.922,0.998,-0.991,-0.955,0.943,0.997,0.946,0.967,-0.993,0.864,-0.983,0.878,0.803,-0.959,-0.998,-0.928,-0.906,0.877,0.852,0.99,0.999,-0.983,0.249,0.997,0.993,-0.976,-0.96,0.569,0.924,-0.997,-0.98,-0.994,-0.989,-0.998,-0.983,-0.989,0.83,-0.996,-0.986,0.777,-0.548,-0.994,0.488,4.444,3.688,5.853,10.159,10.428,10.465,10.482,10.463,4.431,3.831,5.883,10.173,4.899,4.612,6.71,10.157,EssenceCatalog/problems/csplib-prob010-SocialGolfers/params/8540e210b6737c6614e699dbfe60fa9a.param
0.957,0.963,0.964,-0.968,0.69,-0.881,-0.881,0.894,0.993,-0.792,-0.979,-0.906,0.996,-0.926,-0.995,0.982,0.961,0.966,0.965,0.972,-0.997,-0.645,0.992,0.986,0.971,0.933,-0.975,-0.899,-0.809,-0.98,-0.543,0.9,0.971,-0.874,-0.983,0.914,0.875,-0.945,-0.572,0.588,0.978,0.987,0.791,0.967,0.242,-0.971,0.997,-0.96,0.853,0.989,-0.99,-0.977,-0.964,0.957,-0.99,0.947,0.965,-0.898,0.985,-0.995,-0.868,0.977,0.992,-0.07,0.841,-0.994,0.825,-0.953,-0.984,0.857,-0.953,-0.989,-0.777,-0.944,0.646,-0.935,0.992,0.997,-0.994,0.894,0.982,0.995,-0.988,-0.901,0.918,0.88,-0.984,-0.985,-0.998,-0.984,-0.97,-0.883,-0.942,0.915,-0.965,-0.973,-0.597,-0.871,-0.995,0.302,4.642,4.163,10.251,10.316,10.35,10.324,10.327,10.274,4.855,4.265,10.282,10.297,5.092,4.728,10.263,10.307,EssenceCatalog/problems/csplib-prob010-SocialGolfers/params/3c99d857fe859b96bd289e8fcf747296.param
0.977,0.967,0.968,-0.944,0.552,-0.901,-0.815,0.826,0.983,-0.845,-0.928,-0.842,0.997,-0.907,-0.991,0.972,0.979,0.919,0.96,0.931,-0.998,0.149,0.985,0.979,0.919,0.918,-0.906,-0.872,0.911,-0.985,-0.74,0.382,0.972,-0.874,-0.276,0.933,0.64,-0.947,-0.745,0.682,0.928,0.99,0.594,0.868,0.385,-0.974,0.995,-0.951,0.925,0.994,-0.903,-0.978,-0.954,-0.602,-0.921,0.957,0.967,-0.787,0.985,-0.996,-0.937,0.978,0.994,0.86,0.954,-0.996,-0.612,-0.959,-0.983,0.8,-0.971,-0.993,-0.679,-0.928,0.604,-0.972,0.99,0.995,-0.993,0.938,0.992,0.99,-0.983,-0.881,-0.312,0.856,-0.98,-0.988,-0.999,-0.975,-0.984,-0.895,-0.95,0.972,-0.972,-0.979,-0.917,-0.835,-0.995,0.007,6.301,5.137,10.375,10.385,10.382,10.376,10.338,10.359,5.947,5.3,10.344,10.384,6.264,6.104,10.382,10.385,EssenceCatalog/problems/csplib-prob010-SocialGolfers/params/86f26e0dcccbafa9db2844953264f054.param
0.979,0.968,0.967,-0.947,0.527,-0.908,-0.797,0.827,0.985,-0.847,-0.929,-0.83,0.997,-0.916,-0.992,0.974,0.977,0.916,0.959,0.924,-0.998,0.074,0.987,0.979,0.932,0.927,-0.911,-0.876,0.927,-0.986,-0.765,0.371,0.975,-0.885,-0.282,0.938,0.681,-0.95,-0.765,0.674,0.925,0.991,0.614,0.857,0.357,-0.974,0.994,-0.947,0.931,0.994,-0.923,-0.978,-0.957,-0.592,-0.932,0.958,0.964,-0.835,0.984,-0.997,-0.941,0.979,0.993,0.863,0.958,-0.997,-0.674,-0.964,-0.982,0.794,-0.973,-0.992,-0.651,-0.934,0.571,-0.969,0.991,0.995,-0.994,0.933,0.991,0.991,-0.984,-0.876,-0.296,0.873,-0.979,-0.988,-0.999,-0.977,-0.985,-0.877,-0.943,0.971,-0.975,-0.98,-0.929,-0.85,-0.995,0.018,6.285,5.153,10.382,10.399,10.391,10.387,10.35,10.376,5.941,5.314,10.351,10.4,6.26,6.127,10.391,10.401,EssenceCatalog/problems/csplib-prob010-SocialGolfers/params/28ea6152d20e4b6699e7fe50a17868f4.param
0.441,0.965,-0.995,-0.983,-0.993,-0.744,0.995,0.984,0.974,-0.949,-0.878,-0.947,0.993,-0.905,-0.998,0.951,0.973,0.96,-0.994,-0.886,-0.997,0.932,0.998,0.987,0.969,0.974,-0.979,-0.957,0.984,-0.992,-0.858,0.595,0.995,-0.974,0.918,-0.568,0.949,-0.967,-0.962,0.577,0.939,0.995,0.69,-0.991,0.152,-0.993,0.996,-0.932,0.894,0.989,-0.954,-0.401,0.938,0.969,-0.984,0.97,0.984,-0.956,0.985,-0.995,-0.97,0.89,0.989,0.961,0.981,-0.998,0.918,-0.955,0.996,0.861,-0.937,-0.993,-0.946,-0.934,0.854,0.99,0.984,0.995,-0.989,-0.846,0.979,0.996,-0.984,-0.942,0.945,0.961,-0.985,-0.983,-0.995,-0.99,-0.99,-0.923,-0.967,0.194,-0.995,-0.991,0.943,-0.697,-0.995,0.878,4.041,3.374,4.696,9.947,10.331,10.282,10.447,10.574,4.02,3.535,4.706,9.984,4.605,4.168,5.654,9.974,EssenceCatalog/problems/csplib-prob010-SocialGolfers/params/f6abfe69889673e3a32906eb87f09737.param
0.962,0.975,0.987,-0.972,0.917,-0.902,-0.956,0.909,0.987,-0.948,-0.985,-0.963,0.999,-0.932,-0.997,0.051,0.989,0.954,0.985,0.981,-0.998,0.921,0.98,0.985,0.822,0.928,-0.973,-0.95,-0.616,-0.993,-0.546,0.973,0.968,-0.892,-0.172,0.909,0.9,-0.978,-0.874,0.906,-0.508,0.983,0.863,0.978,0.924,-0.979,0.991,-0.967,0.879,0.993,0.105,-0.984,-0.868,-0.38,-0.362,0.961,0.972,0.478,0.986,-0.997,-0.939,0.99,0.997,0.776,0.922,-0.994,0.175,-0.946,-0.987,0.931,-0.987,-0.993,-0.947,-0.959,0.952,-0.988,0.988,0.999,-0.991,0.979,0.991,0.99,-0.988,-0.95,-0.481,0.912,-0.983,-0.991,-0.998,-0.978,-0.98,-0.949,-0.981,0.967,-0.931,-0.992,-0.698,-0.886,-0.999,-0.856,7.591,4.934,10.48,10.314,10.278,10.311,10.311,10.383,6.44,5.14,10.496,10.307,6.856,6.219,10.428,10.304,EssenceCatalog/problems/csplib-prob010-SocialGolfers/params/a8f2aa0e0ad7b38d697920364c4c04c6.param
0.984,0.957,0.984,-0.976,0.734,-0.91,-0.924,0.816,0.973,-0.826,-0.952,-0.685,0.997,-0.943,-0.993,0.477,0.991,0.716,0.986,0.963,-0.998,0.319,0.994,0.957,0.965,0.96,-0.97,-0.737,0.98,-0.989,-0.902,0.736,0.988,-0.937,0.667,0.974,0.91,-0.96,-0.844,0.598,-0.64,0.985,0.738,0.934,0.597,-0.983,0.992,-0.972,0.975,0.994,-0.943,-0.987,-0.972,-0.506,-0.84,0.747,0.983,-0.974,0.986,-0.994,-0.884,0.981,0.996,0.892,0.954,-0.997,-0.954,-0.982,-0.985,0.397,-0.973,-0.994,-0.005,-0.885,0.635,-0.984,0.989,0.997,-0.993,0.969,0.992,0.989,-0.974,-0.887,-0.646,0.961,-0.978,-0.987,-0.999,-0.971,-0.994,-0.934,-0.968,0.989,-0.991,-0.984,-0.934,-0.78,-0.996,-0.856,7.611,5.434,10.384,10.324,10.331,10.318,10.281,10.336,6.545,5.652,10.356,10.32,6.863,7.121,10.386,10.34,EssenceCatalog/problems/csplib-prob010-SocialGolfers/params/de9ad66eab8ef93dac450f6c0620bf18.param
0.967,0.969,0.97,-0.957,0.647,-0.896,-0.854,0.875,0.991,-0.807,-0.967,-0.879,0.997,-0.925,-0.993,0.985,0.966,0.955,0.966,0.966,-0.998,-0.512,0.989,0.984,0.96,0.922,-0.959,-0.897,-0.168,-0.982,-0.604,0.795,0.965,-0.861,-0.944,0.926,0.813,-0.945,-0.624,0.609,0.976,0.988,0.681,0.947,0.284,-0.969,0.996,-0.954,0.869,0.991,-0.981,-0.977,-0.964,0.739,-0.982,0.958,0.961,-0.867,0.985,-0.996,-0.902,0.978,0.992,0.399,0.886,-0.995,0.482,-0.956,-0.984,0.856,-0.958,-0.99,-0.724,-0.939,0.586,-0.955,0.991,0.996,-0.994,0.916,0.985,0.994,-0.988,-0.895,0.723,0.863,-0.982,-0.986,-0.998,-0.983,-0.974,-0.877,-0.934,0.941,-0.966,-0.973,-0.773,-0.855,-0.995,0.257,4.95,4.388,10.304,10.353,10.378,10.369,10.34,10.298,5.064,4.502,10.303,10.344,5.312,5.019,10.307,10.351,EssenceCatalog/problems/csplib-prob010-SocialGolfers/params/f000718a5ef8450dbeeea4f098360135.param
0.989,0.975,0.99,-0.986,0.948,-0.944,-0.977,0.744,0.958,-0.893,-0.965,-0.649,0.998,-0.956,-0.995,-0.919,0.997,0.365,0.995,0.923,-0.999,0.89,0.993,0.905,0.966,0.973,-0.986,-0.871,0.995,-0.995,-0.967,0.93,0.993,-0.963,0.981,0.989,0.969,-0.984,-0.923,0.775,-0.994,0.984,0.922,0.97,0.908,-0.993,0.983,-0.979,0.992,0.994,0.121,-0.99,-0.967,-0.922,0.628,0.607,0.99,-0.984,0.988,-0.992,-0.927,0.982,0.998,0.958,0.974,-0.998,-0.995,-0.991,-0.984,0.524,-0.986,-0.997,-0.428,-0.918,0.92,-0.993,0.986,0.998,-0.988,0.988,0.996,0.976,-0.965,-0.948,-0.97,0.988,-0.974,-0.992,-0.999,-0.957,-0.997,-0.98,-0.99,0.996,-0.995,-0.991,-0.973,-0.879,-0.997,-0.984,9.158,5.692,10.318,10.216,10.22,10.234,10.285,10.235,7.26,5.949,10.322,10.186,7.644,7.749,10.321,10.237,EssenceCatalog/problems/csplib-prob010-SocialGolfers/params/209e8b695f612e5574a46a417bfe1bdc.param
0.97,0.97,0.97,-0.955,0.593,-0.898,-0.827,0.865,0.99,-0.819,-0.959,-0.867,0.997,-0.925,-0.993,0.986,0.966,0.949,0.962,0.957,-0.998,-0.413,0.989,0.984,0.954,0.92,-0.949,-0.896,0.297,-0.983,-0.648,0.712,0.966,-0.868,-0.893,0.927,0.778,-0.948,-0.665,0.616,0.972,0.99,0.647,0.925,0.296,-0.969,0.996,-0.95,0.882,0.991,-0.975,-0.976,-0.962,0.478,-0.978,0.96,0.958,-0.861,0.984,-0.996,-0.917,0.979,0.992,0.577,0.912,-0.996,0.176,-0.959,-0.983,0.847,-0.963,-0.99,-0.708,-0.94,0.561,-0.958,0.991,0.995,-0.994,0.913,0.986,0.994,-0.987,-0.888,0.552,0.865,-0.981,-0.987,-0.999,-0.982,-0.976,-0.865,-0.93,0.946,-0.968,-0.975,-0.836,-0.858,-0.995,0.248,5.201,4.569,10.324,10.376,10.384,10.382,10.344,10.324,5.241,4.694,10.301,10.371,5.507,5.256,10.318,10.374,EssenceCatalog/problems/csplib-prob010-SocialGolfers/params/bc2269224fbd359f9fca7e4703e29d2c.param
0.93,0.959,0.977,-0.963,0.82,-0.837,-0.926,0.9,0.989,-0.831,-0.982,-0.943,0.996,-0.9,-0.995,0.901,0.97,0.96,0.975,0.987,-0.996,0.037,0.989,0.982,0.93,0.911,-0.969,-0.895,-0.953,-0.981,-0.31,0.953,0.955,-0.839,-0.97,0.895,0.85,-0.936,-0.557,0.701,0.876,0.976,0.82,0.977,0.614,-0.966,0.995,-0.96,0.791,0.989,-0.944,-0.98,-0.945,0.933,-0.967,0.941,0.971,-0.489,0.982,-0.991,-0.818,0.981,0.993,-0.146,0.77,-0.986,0.886,-0.932,-0.986,0.874,-0.955,-0.988,-0.874,-0.934,0.831,-0.952,0.988,0.998,-0.99,0.946,0.979,0.992,-0.986,-0.92,0.828,0.821,-0.982,-0.98,-0.997,-0.978,-0.962,-0.908,-0.95,0.91,-0.934,-0.977,-0.231,-0.842,-0.996,-0.324,4.953,4.106,10.289,10.289,10.347,10.323,10.314,10.275,4.988,4.224,10.311,10.275,5.24,4.767,10.271,10.282,EssenceCatalog/problems/csplib-prob010-SocialGolfers/params/739032a5ae3092063501b6b7f33df14e.param
0.969,0.968,0.974,-0.954,0.658,-0.888,-0.857,0.864,0.989,-0.815,-0.96,-0.875,0.997,-0.919,-0.993,0.977,0.968,0.95,0.968,0.968,-0.997,-0.328,0.988,0.982,0.945,0.907,-0.95,-0.886,0.029,-0.982,-0.589,0.761,0.96,-0.852,-0.905,0.923,0.767,-0.94,-0.614,0.618,0.96,0.987,0.644,0.946,0.352,-0.966,0.995,-0.952,0.867,0.991,-0.965,-0.978,-0.961,0.542,-0.971,0.957,0.958,-0.805,0.985,-0.996,-0.9,0.979,0.992,0.528,0.892,-0.995,0.329,-0.951,-0.986,0.837,-0.961,-0.99,-0.712,-0.927,0.615,-0.964,0.991,0.995,-0.993,0.931,0.986,0.993,-0.987,-0.891,0.557,0.848,-0.98,-0.985,-0.998,-0.98,-0.973,-0.878,-0.936,0.95,-0.96,-0.973,-0.801,-0.839,-0.995,0.125,5.171,4.49,10.327,10.347,10.365,10.364,10.325,10.296,5.198,4.615,10.314,10.34,5.462,5.17,10.321,10.34,EssenceCatalog/problems/csplib-prob010-SocialGolfers/params/7c402bd76903a1ed8cae7839abefbde6.param
0.974,0.965,0.974,-0.947,0.621,-0.895,-0.833,0.821,0.981,-0.855,-0.935,-0.844,0.997,-0.906,-0.991,0.946,0.974,0.912,0.966,0.944,-0.997,0.285,0.983,0.978,0.902,0.904,-0.911,-0.871,0.833,-0.986,-0.693,0.549,0.962,-0.864,-0.258,0.925,0.674,-0.944,-0.735,0.703,0.829,0.987,0.588,0.888,0.511,-0.966,0.991,-0.947,0.897,0.992,-0.863,-0.976,-0.946,-0.563,-0.895,0.95,0.957,-0.673,0.98,-0.996,-0.927,0.98,0.993,0.827,0.943,-0.995,-0.551,-0.948,-0.984,0.796,-0.971,-0.99,-0.7,-0.919,0.667,-0.975,0.988,0.994,-0.992,0.95,0.988,0.99,-0.982,-0.874,-0.345,0.854,-0.974,-0.986,-0.999,-0.971,-0.978,-0.879,-0.94,0.967,-0.962,-0.979,-0.9,-0.821,-0.995,-0.177,6.436,5.115,10.406,10.384,10.386,10.379,10.345,10.371,6.003,5.291,10.373,10.382,6.326,6.129,10.399,10.383,EssenceCatalog/problems/csplib-prob010-SocialGolfers/params/7e109e582b8a3963240626564134ff7e.param
0.979,0.95,0.985,-0.975,0.746,-0.891,-0.93,0.829,0.975,-0.812,-0.96,-0.737,0.997,-0.938,-0.992,0.499,0.987,0.786,0.987,0.977,-0.998,0.217,0.993,0.958,0.962,0.949,-0.972,-0.724,0.914,-0.987,-0.849,0.82,0.984,-0.922,0.281,0.967,0.902,-0.955,-0.788,0.555,-0.556,0.98,0.732,0.956,0.603,-0.978,0.991,-0.968,0.961,0.992,-0.956,-0.986,-0.969,-0.04,-0.896,0.746,0.98,-0.959,0.983,-0.992,-0.851,0.982,0.996,0.804,0.925,-0.995,-0.871,-0.975,-0.987,0.421,-0.967,-0.992,-0.068,-0.874,0.646,-0.983,0.988,0.997,-0.992,0.969,0.989,0.99,-0.974,-0.885,-0.358,0.948,-0.979,-0.983,-0.998,-0.97,-0.991,-0.923,-0.961,0.984,-0.987,-0.981,-0.882,-0.746,-0.995,-0.836,7.178,5.247,10.382,10.294,10.303,10.303,10.24,10.297,6.271,5.452,10.336,10.289,6.594,6.811,10.355,10.309,EssenceCatalog/problems/csplib-prob010-SocialGolfers/params/8178601cccc8181973b9690660ac31b6.param
0.976,0.944,0.982,-0.979,0.72,-0.882,-0.929,0.858,0.981,-0.789,-0.971,-0.761,0.997,-0.945,-0.993,0.629,0.987,0.815,0.985,0.982,-0.998,-0.013,0.995,0.962,0.976,0.957,-0.979,-0.718,0.822,-0.986,-0.832,0.875,0.985,-0.924,-0.115,0.966,0.929,-0.956,-0.774,0.508,-0.424,0.979,0.757,0.96,0.56,-0.981,0.993,-0.972,0.96,0.992,-0.983,-0.986,-0.973,0.538,-0.956,0.717,0.981,-0.975,0.984,-0.991,-0.825,0.981,0.996,0.695,0.901,-0.995,-0.763,-0.976,-0.985,0.406,-0.962,-0.992,0.017,-0.878,0.612,-0.978,0.99,0.997,-0.993,0.962,0.987,0.993,-0.977,-0.893,0.1,0.954,-0.982,-0.983,-0.998,-0.974,-0.991,-0.922,-0.957,0.982,-0.989,-0.982,-0.816,-0.732,-0.996,-0.805,6.556,5.007,10.375,10.288,10.302,10.303,10.226,10.277,5.9,5.199,10.312,10.284,6.218,6.422,10.322,10.294,EssenceCatalog/problems/csplib-prob010-SocialGolfers/params/bc700a8b5cf65ec424ad90a7ae0d5e60.param
0.965,0.97,0.977,-0.957,0.771,-0.866,-0.862,0.877,0.983,-0.915,-0.96,-0.927,0.998,-0.898,-0.994,0.82,0.974,0.939,0.964,0.959,-0.998,0.752,0.977,0.984,0.81,0.886,-0.931,-0.924,0.117,-0.989,-0.515,0.855,0.945,-0.845,-0.315,0.878,0.73,-0.958,-0.773,0.832,0.542,0.985,0.71,0.925,0.781,-0.963,0.988,-0.944,0.804,0.992,-0.428,-0.971,-0.884,-0.468,-0.744,0.964,0.953,0.139,0.978,-0.996,-0.933,0.985,0.994,0.765,0.933,-0.994,0.0,-0.926,-0.982,0.891,-0.979,-0.989,-0.904,-0.93,0.869,-0.978,0.988,0.997,-0.991,0.962,0.987,0.989,-0.986,-0.904,-0.299,0.846,-0.974,-0.987,-0.998,-0.975,-0.967,-0.897,-0.959,0.953,-0.926,-0.986,-0.769,-0.823,-0.997,-0.451,6.672,4.884,10.433,10.354,10.35,10.344,10.338,10.374,6.071,5.086,10.416,10.339,6.427,5.88,10.383,10.335,EssenceCatalog/problems/csplib-prob010-SocialGolfers/params/e14c8e8e9c9f3bc0cd822b35cfd880ba.param
0.959,0.954,0.98,-0.962,0.713,-0.859,-0.904,0.86,0.984,-0.814,-0.966,-0.877,0.996,-0.914,-0.992,0.89,0.97,0.919,0.977,0.982,-0.997,0.036,0.989,0.975,0.939,0.912,-0.956,-0.838,-0.21,-0.981,-0.557,0.863,0.963,-0.848,-0.824,0.926,0.818,-0.935,-0.621,0.59,0.681,0.977,0.716,0.96,0.52,-0.965,0.992,-0.956,0.872,0.989,-0.955,-0.98,-0.954,0.634,-0.958,0.908,0.965,-0.759,0.979,-0.992,-0.837,0.981,0.993,0.417,0.849,-0.99,0.201,-0.95,-0.986,0.744,-0.958,-0.988,-0.65,-0.904,0.686,-0.969,0.987,0.996,-0.991,0.951,0.981,0.991,-0.982,-0.891,0.431,0.86,-0.979,-0.979,-0.998,-0.973,-0.974,-0.891,-0.939,0.952,-0.959,-0.975,-0.666,-0.771,-0.995,-0.436,5.484,4.5,10.377,10.323,10.344,10.338,10.289,10.279,5.311,4.638,10.355,10.308,5.596,5.342,10.341,10.303,EssenceCatalog/problems/csplib-prob010-SocialGolfers/params/f3e7291a013dc8e43cb6b392f70aa774.param
0.892,0.943,-0.966,-0.988,0.861,-0.845,0.974,0.879,0.961,-0.96,-0.963,-0.869,0.992,-0.96,-0.999,0.516,0.998,0.959,-0.987,-0.831,-0.999,0.894,-0.864,0.984,0.921,0.955,-0.968,-0.977,0.806,-0.991,0.725,0.977,-0.881,-0.965,0.953,-0.91,0.946,-0.898,-0.849,0.978,0.968,0.992,-0.893,-0.989,0.974,-0.967,0.981,-0.98,-0.736,0.994,0.423,0.857,0.958,-0.287,-0.746,0.975,0.99,-0.936,0.988,-0.99,-0.988,0.194,0.992,0.981,0.965,-0.993,0.97,0.677,0.974,0.942,0.052,-0.978,-0.877,0.535,0.99,0.259,0.987,0.996,-0.988,0.868,0.998,0.996,-0.981,-0.975,0.963,0.959,-0.581,-0.993,-0.995,-0.953,-0.616,-0.992,-0.993,0.917,-0.929,-0.991,0.97,0.332,-0.998,0.762,3.8,2.69,3.688,7.831,9.193,8.549,9.043,9.523,3.635,3.161,3.719,7.67,4.178,3.467,4.717,7.84,EssenceCatalog/problems/csplib-prob010-SocialGolfers/params/ord21-5-10-4.param
0.991,0.985,0.991,-0.988,0.983,-0.962,-0.985,0.812,0.966,-0.946,-0.979,-0.83,0.999,-0.965,-0.997,-0.988,0.998,0.478,0.996,0.92,-0.999,0.977,0.992,0.917,0.947,0.976,-0.99,-0.955,0.993,-0.997,-0.97,0.975,0.993,-0.972,0.993,0.989,0.974,-0.992,-0.948,0.885,-0.998,0.986,0.965,0.984,0.971,-0.994,0.983,-0.976,0.991,0.997,0.93,-0.991,-0.93,-0.979,0.961,0.798,0.992,-0.928,0.993,-0.995,-0.965,0.987,0.998,0.973,0.981,-0.998,-0.995,-0.992,-0.983,0.825,-0.992,-0.998,-0.837,-0.948,0.978,-0.996,0.985,0.999,-0.989,0.994,0.997,0.973,-0.972,-0.976,-0.992,0.99,-0.978,-0.995,-0.999,-0.966,-0.997,-0.99,-0.996,0.998,-0.993,-0.996,-0.978,-0.914,-0.999,-0.992,9.601,5.8,10.45,10.366,10.378,10.358,10.445,10.386,7.53,6.072,10.462,10.338,7.949,7.833,10.453,10.375,EssenceCatalog/problems/csplib-prob010-SocialGolfers/params/59e4cd002cf10a77487608415b6fc7ea.param
0.959,0.963,0.979,-0.953,0.744,-0.862,-0.881,0.86,0.982,-0.87,-0.961,-0.904,0.997,-0.896,-0.992,0.883,0.968,0.933,0.972,0.973,-0.997,0.435,0.982,0.98,0.877,0.881,-0.938,-0.889,-0.227,-0.984,-0.471,0.854,0.945,-0.825,-0.712,0.897,0.737,-0.938,-0.657,0.727,0.718,0.981,0.68,0.946,0.654,-0.959,0.989,-0.949,0.813,0.99,-0.817,-0.975,-0.928,0.135,-0.9,0.946,0.954,-0.325,0.978,-0.994,-0.892,0.982,0.993,0.585,0.884,-0.991,0.245,-0.929,-0.985,0.842,-0.967,-0.987,-0.826,-0.916,0.787,-0.974,0.986,0.996,-0.99,0.956,0.983,0.99,-0.983,-0.896,0.11,0.825,-0.975,-0.982,-0.998,-0.972,-0.963,-0.884,-0.943,0.947,-0.932,-0.979,-0.703,-0.8,-0.995,-0.374,5.828,4.585,10.395,10.325,10.335,10.342,10.307,10.313,5.55,4.749,10.381,10.314,5.871,5.427,10.353,10.3,EssenceCatalog/problems/csplib-prob010-SocialGolfers/params/9f54d7afd365f463e8d76c03a33e7128.param
0.991,0.991,0.995,-0.991,0.992,-0.972,-0.992,0.938,0.986,-0.978,-0.99,-0.98,0.999,-0.985,-0.999,-0.969,0.998,0.905,0.997,0.934,-1.0,0.994,0.98,0.984,0.899,0.98,-0.99,-0.982,0.978,-0.998,-0.972,0.99,0.991,-0.981,0.991,0.988,0.977,-0.997,-0.982,0.976,-0.996,0.993,0.981,0.989,0.988,-0.994,0.991,-0.976,0.986,0.997,0.983,-0.991,-0.841,-0.995,0.99,0.979,0.988,0.737,0.994,-0.999,-0.992,0.994,0.998,0.988,0.991,-0.999,-0.991,-0.991,-0.988,0.977,-0.997,-0.998,-0.974,-0.986,0.987,-0.997,0.985,0.999,-0.996,0.992,0.998,0.984,-0.987,-0.986,-0.997,0.988,-0.978,-0.998,-0.999,-0.981,-0.996,-0.99,-0.998,0.996,-0.989,-0.998,-0.992,-0.977,-0.999,-0.993,9.684,5.754,10.492,10.42,10.314,10.34,10.443,10.467,7.641,6.017,10.469,10.368,8.127,7.6,10.433,10.407,EssenceCatalog/problems/csplib-prob010-SocialGolfers/params/0a9f32b43aa36a3317c516c2af86af04.param
0.956,0.972,0.98,-0.962,0.865,-0.851,-0.9,0.9,0.987,-0.912,-0.978,-0.956,0.998,-0.895,-0.996,0.823,0.976,0.958,0.968,0.976,-0.997,0.69,0.975,0.987,0.843,0.887,-0.954,-0.935,-0.826,-0.989,-0.286,0.949,0.923,-0.823,-0.811,0.858,0.796,-0.954,-0.712,0.855,0.707,0.983,0.756,0.96,0.818,-0.964,0.991,-0.953,0.709,0.991,-0.58,-0.971,-0.892,0.305,-0.858,0.97,0.96,0.201,0.981,-0.995,-0.914,0.984,0.995,0.467,0.881,-0.991,0.702,-0.909,-0.984,0.924,-0.971,-0.989,-0.938,-0.937,0.91,-0.976,0.989,0.998,-0.991,0.965,0.987,0.992,-0.988,-0.927,0.338,0.832,-0.976,-0.987,-0.998,-0.98,-0.955,-0.915,-0.962,0.935,-0.903,-0.986,-0.476,-0.825,-0.997,-0.463,5.721,4.347,10.399,10.323,10.349,10.356,10.348,10.346,5.462,4.515,10.402,10.304,5.792,5.107,10.355,10.291,EssenceCatalog/problems/csplib-prob010-SocialGolfers/params/5bedafe3fc61a9543658b6d118d74ced.param
0.965,0.971,0.98,-0.961,0.804,-0.874,-0.891,0.883,0.983,-0.924,-0.965,-0.933,0.998,-0.909,-0.995,0.735,0.977,0.941,0.97,0.963,-0.998,0.817,0.978,0.985,0.803,0.89,-0.939,-0.93,0.089,-0.99,-0.531,0.884,0.949,-0.857,-0.179,0.888,0.772,-0.964,-0.804,0.853,0.322,0.985,0.744,0.936,0.821,-0.966,0.988,-0.948,0.823,0.992,-0.29,-0.975,-0.881,-0.534,-0.651,0.963,0.956,0.26,0.979,-0.997,-0.936,0.986,0.995,0.797,0.937,-0.994,-0.048,-0.932,-0.983,0.897,-0.982,-0.99,-0.913,-0.938,0.888,-0.981,0.987,0.997,-0.992,0.966,0.987,0.989,-0.986,-0.912,-0.411,0.861,-0.976,-0.988,-0.998,-0.975,-0.97,-0.903,-0.964,0.955,-0.927,-0.988,-0.778,-0.841,-0.997,-0.574,6.996,4.963,10.465,10.363,10.35,10.345,10.345,10.393,6.239,5.172,10.452,10.346,6.611,6.051,10.41,10.348,EssenceCatalog/problems/csplib-prob010-SocialGolfers/params/5b59983cdae264b6825cecbde89b45b6.param
0.955,0.958,0.979,-0.959,0.725,-0.861,-0.899,0.865,0.986,-0.824,-0.968,-0.898,0.996,-0.91,-0.993,0.928,0.964,0.938,0.975,0.981,-0.997,-0.038,0.988,0.979,0.933,0.902,-0.956,-0.867,-0.513,-0.981,-0.495,0.873,0.957,-0.836,-0.901,0.916,0.798,-0.935,-0.592,0.617,0.83,0.979,0.72,0.962,0.508,-0.962,0.993,-0.953,0.845,0.989,-0.952,-0.979,-0.953,0.71,-0.963,0.932,0.96,-0.676,0.979,-0.993,-0.848,0.981,0.992,0.325,0.841,-0.991,0.48,-0.944,-0.986,0.806,-0.959,-0.987,-0.742,-0.919,0.702,-0.966,0.987,0.996,-0.991,0.945,0.98,0.992,-0.984,-0.896,0.559,0.839,-0.979,-0.98,-0.998,-0.975,-0.967,-0.881,-0.936,0.939,-0.949,-0.974,-0.632,-0.806,-0.995,-0.279,5.227,4.363,10.341,10.31,10.338,10.329,10.297,10.27,5.17,4.487,10.335,10.295,5.441,5.094,10.317,10.295,EssenceCatalog/problems/csplib-prob010-SocialGolfers/params/1ddcd82ff6739103e4b256ac3c6f6971.param
0.984,0.956,0.981,-0.979,0.717,-0.914,-0.913,0.829,0.975,-0.82,-0.955,-0.678,0.997,-0.949,-0.993,0.579,0.991,0.706,0.984,0.958,-0.999,0.229,0.994,0.959,0.974,0.966,-0.972,-0.736,0.984,-0.989,-0.912,0.738,0.989,-0.942,0.671,0.976,0.928,-0.962,-0.857,0.598,-0.601,0.987,0.743,0.919,0.587,-0.986,0.993,-0.975,0.977,0.994,-0.963,-0.986,-0.973,-0.445,-0.887,0.741,0.985,-0.983,0.986,-0.994,-0.888,0.979,0.996,0.895,0.956,-0.998,-0.957,-0.983,-0.982,0.39,-0.972,-0.995,0.059,-0.891,0.61,-0.981,0.99,0.997,-0.994,0.964,0.992,0.991,-0.975,-0.889,-0.596,0.966,-0.978,-0.988,-0.999,-0.973,-0.995,-0.938,-0.967,0.989,-0.993,-0.985,-0.934,-0.781,-0.996,-0.845,7.509,5.42,10.387,10.338,10.351,10.329,10.294,10.351,6.501,5.638,10.358,10.336,6.813,7.084,10.39,10.353,EssenceCatalog/problems/csplib-prob010-SocialGolfers/params/1e17f6716f0fb8ddef881c2b3a649f76.param
0.955,0.962,0.979,-0.959,0.786,-0.857,-0.897,0.869,0.984,-0.867,-0.969,-0.913,0.997,-0.899,-0.993,0.86,0.969,0.937,0.973,0.978,-0.997,0.376,0.982,0.98,0.899,0.887,-0.951,-0.886,-0.576,-0.984,-0.39,0.907,0.94,-0.823,-0.816,0.893,0.789,-0.934,-0.623,0.728,0.687,0.98,0.7,0.957,0.682,-0.959,0.989,-0.953,0.789,0.989,-0.864,-0.974,-0.928,0.475,-0.925,0.94,0.958,-0.39,0.977,-0.993,-0.87,0.981,0.993,0.439,0.849,-0.989,0.486,-0.926,-0.984,0.845,-0.961,-0.987,-0.828,-0.915,0.806,-0.971,0.986,0.996,-0.989,0.958,0.98,0.991,-0.985,-0.904,0.348,0.831,-0.975,-0.981,-0.998,-0.972,-0.96,-0.894,-0.943,0.939,-0.93,-0.979,-0.591,-0.788,-0.996,-0.422,5.564,4.411,10.372,10.311,10.343,10.341,10.31,10.303,5.36,4.56,10.368,10.296,5.659,5.207,10.341,10.288,EssenceCatalog/problems/csplib-prob010-SocialGolfers/params/a289c1d070855fd484baf8a1b4d45f6f.param
0.977,0.969,0.969,-0.947,0.558,-0.903,-0.804,0.838,0.987,-0.844,-0.939,-0.844,0.997,-0.917,-0.992,0.979,0.973,0.929,0.959,0.935,-0.998,-0.037,0.986,0.981,0.931,0.918,-0.919,-0.886,0.84,-0.985,-0.719,0.492,0.97,-0.875,-0.544,0.931,0.689,-0.95,-0.735,0.664,0.945,0.991,0.61,0.879,0.362,-0.97,0.994,-0.946,0.913,0.993,-0.933,-0.977,-0.956,-0.371,-0.946,0.962,0.96,-0.811,0.983,-0.997,-0.937,0.979,0.993,0.811,0.948,-0.997,-0.462,-0.959,-0.983,0.82,-0.97,-0.991,-0.696,-0.935,0.585,-0.968,0.991,0.994,-0.994,0.93,0.99,0.992,-0.985,-0.876,-0.069,0.863,-0.979,-0.988,-0.999,-0.978,-0.981,-0.869,-0.938,0.964,-0.97,-0.979,-0.908,-0.851,-0.995,0.096,5.985,5.001,10.383,10.4,10.387,10.392,10.358,10.372,5.756,5.152,10.351,10.399,6.074,5.886,10.376,10.393,EssenceCatalog/problems/csplib-prob010-SocialGolfers/params/97472111773a53cd9a2f2db4e3b7f6b0.param
0.962,0.97,0.969,-0.956,0.665,-0.888,-0.86,0.883,0.992,-0.818,-0.971,-0.902,0.997,-0.919,-0.994,0.986,0.96,0.962,0.965,0.965,-0.997,-0.535,0.989,0.986,0.954,0.916,-0.96,-0.908,-0.537,-0.981,-0.57,0.834,0.965,-0.85,-0.966,0.917,0.807,-0.946,-0.6,0.627,0.981,0.988,0.729,0.952,0.28,-0.967,0.997,-0.953,0.852,0.989,-0.979,-0.976,-0.962,0.832,-0.983,0.963,0.957,-0.826,0.984,-0.996,-0.896,0.978,0.992,0.264,0.875,-0.995,0.681,-0.954,-0.985,0.882,-0.961,-0.989,-0.799,-0.95,0.631,-0.951,0.991,0.996,-0.993,0.902,0.984,0.994,-0.988,-0.898,0.799,0.853,-0.982,-0.986,-0.998,-0.983,-0.969,-0.865,-0.936,0.925,-0.958,-0.973,-0.732,-0.877,-0.995,0.329,4.807,4.277,10.283,10.34,10.369,10.352,10.342,10.296,4.976,4.384,10.297,10.327,5.219,4.857,10.289,10.336,EssenceCatalog/problems/csplib-prob010-SocialGolfers/params/884268ccff96ff04fd324adfde961a39.param
0.988,0.982,0.992,-0.984,0.968,-0.954,-0.984,0.761,0.956,-0.921,-0.968,-0.761,0.998,-0.956,-0.996,-0.975,0.997,0.435,0.997,0.936,-0.999,0.957,0.992,0.904,0.947,0.973,-0.986,-0.924,0.994,-0.995,-0.967,0.955,0.994,-0.963,0.989,0.99,0.962,-0.988,-0.932,0.822,-0.997,0.982,0.946,0.983,0.944,-0.993,0.982,-0.975,0.992,0.995,0.804,-0.991,-0.955,-0.97,0.909,0.725,0.991,-0.949,0.991,-0.993,-0.948,0.986,0.998,0.967,0.978,-0.997,-0.996,-0.991,-0.988,0.704,-0.99,-0.997,-0.7,-0.938,0.959,-0.995,0.983,0.998,-0.986,0.992,0.997,0.968,-0.965,-0.967,-0.988,0.987,-0.977,-0.994,-0.999,-0.958,-0.997,-0.986,-0.994,0.997,-0.993,-0.993,-0.979,-0.905,-0.998,-0.989,9.473,5.754,10.371,10.273,10.286,10.269,10.346,10.283,7.437,6.022,10.377,10.24,7.847,7.792,10.369,10.28,EssenceCatalog/problems/csplib-prob010-SocialGolfers/params/01cf05df9797761d3a7bcb364b1d5938.param
0.989,0.989,0.994,-0.99,0.992,-0.968,-0.992,0.945,0.988,-0.98,-0.992,-0.986,0.999,-0.982,-0.999,-0.957,0.998,0.93,0.996,0.946,-0.999,0.994,0.975,0.987,0.873,0.976,-0.989,-0.982,0.925,-0.998,-0.956,0.992,0.989,-0.982,0.983,0.984,0.977,-0.997,-0.982,0.978,-0.995,0.993,0.981,0.987,0.989,-0.993,0.992,-0.976,0.983,0.997,0.982,-0.991,-0.79,-0.992,0.987,0.98,0.989,0.855,0.994,-0.999,-0.99,0.994,0.998,0.984,0.99,-0.999,-0.978,-0.989,-0.988,0.982,-0.997,-0.998,-0.98,-0.987,0.989,-0.997,0.986,0.999,-0.996,0.991,0.997,0.986,-0.987,-0.984,-0.994,0.987,-0.977,-0.998,-0.999,-0.981,-0.994,-0.989,-0.998,0.995,-0.986,-0.998,-0.986,-0.977,-0.999,-0.992,9.66,5.729,10.47,10.398,10.286,10.314,10.418,10.449,7.626,5.99,10.446,10.345,8.115,7.555,10.407,10.382,EssenceCatalog/problems/csplib-prob010-SocialGolfers/params/a1cc0854ed2e0a30a9a9466c34d47d28.param
0.967,0.967,0.972,-0.954,0.659,-0.885,-0.853,0.87,0.989,-0.819,-0.962,-0.881,0.997,-0.918,-0.993,0.977,0.967,0.952,0.966,0.969,-0.997,-0.298,0.987,0.983,0.945,0.903,-0.951,-0.889,-0.112,-0.982,-0.552,0.784,0.958,-0.85,-0.915,0.919,0.768,-0.939,-0.607,0.629,0.961,0.987,0.647,0.945,0.367,-0.967,0.995,-0.953,0.857,0.991,-0.964,-0.977,-0.958,0.602,-0.971,0.957,0.958,-0.789,0.985,-0.996,-0.897,0.979,0.992,0.495,0.885,-0.994,0.432,-0.948,-0.985,0.842,-0.959,-0.99,-0.738,-0.925,0.642,-0.962,0.991,0.996,-0.993,0.93,0.986,0.993,-0.987,-0.893,0.599,0.843,-0.981,-0.984,-0.998,-0.98,-0.971,-0.881,-0.936,0.947,-0.958,-0.974,-0.768,-0.836,-0.995,0.135,5.109,4.435,10.311,10.339,10.365,10.36,10.325,10.29,5.155,4.557,10.303,10.331,5.413,5.097,10.309,10.332,EssenceCatalog/problems/csplib-prob010-SocialGolfers/params/a2b37529ee65ddf9ea422345015208bf.param
0.962,0.968,0.969,-0.956,0.669,-0.879,-0.868,0.883,0.991,-0.798,-0.969,-0.901,0.996,-0.916,-0.994,0.983,0.966,0.961,0.967,0.971,-0.997,-0.468,0.99,0.985,0.952,0.914,-0.957,-0.899,-0.516,-0.98,-0.557,0.821,0.966,-0.849,-0.963,0.92,0.79,-0.942,-0.591,0.62,0.979,0.987,0.734,0.956,0.283,-0.969,0.997,-0.957,0.864,0.99,-0.976,-0.979,-0.963,0.821,-0.98,0.961,0.962,-0.814,0.987,-0.996,-0.892,0.979,0.993,0.303,0.873,-0.994,0.66,-0.954,-0.986,0.869,-0.959,-0.99,-0.786,-0.938,0.645,-0.954,0.991,0.996,-0.993,0.916,0.986,0.994,-0.987,-0.898,0.774,0.844,-0.984,-0.985,-0.998,-0.983,-0.972,-0.887,-0.943,0.936,-0.96,-0.972,-0.722,-0.862,-0.995,0.246,4.855,4.292,10.295,10.341,10.37,10.355,10.339,10.291,5.0,4.401,10.305,10.328,5.244,4.89,10.298,10.336,EssenceCatalog/problems/csplib-prob010-SocialGolfers/params/77ba62da5bc4d665f6c18434db3269d1.param
0.975,0.969,0.971,-0.951,0.577,-0.902,-0.819,0.853,0.989,-0.823,-0.951,-0.851,0.997,-0.922,-0.992,0.984,0.97,0.939,0.963,0.951,-0.998,-0.281,0.988,0.982,0.948,0.921,-0.938,-0.886,0.664,-0.984,-0.698,0.603,0.968,-0.871,-0.78,0.933,0.743,-0.948,-0.698,0.628,0.962,0.99,0.615,0.911,0.31,-0.97,0.995,-0.95,0.902,0.992,-0.965,-0.978,-0.962,0.085,-0.968,0.96,0.96,-0.856,0.985,-0.997,-0.926,0.979,0.993,0.705,0.929,-0.996,-0.181,-0.96,-0.983,0.83,-0.965,-0.991,-0.673,-0.936,0.551,-0.964,0.991,0.995,-0.994,0.924,0.988,0.993,-0.986,-0.883,0.288,0.867,-0.98,-0.987,-0.999,-0.981,-0.98,-0.869,-0.934,0.959,-0.97,-0.976,-0.88,-0.849,-0.995,0.17,5.552,4.789,10.36,10.392,10.383,10.39,10.351,10.346,5.476,4.924,10.323,10.388,5.771,5.568,10.346,10.386,EssenceCatalog/problems/csplib-prob010-SocialGolfers/params/0d976ba5992c59ecc756ac2495079a50.param
0.965,0.971,0.969,-0.956,0.667,-0.894,-0.848,0.877,0.992,-0.825,-0.97,-0.896,0.997,-0.923,-0.994,0.988,0.96,0.961,0.963,0.961,-0.998,-0.526,0.988,0.986,0.955,0.913,-0.959,-0.91,-0.389,-0.983,-0.572,0.819,0.962,-0.858,-0.958,0.917,0.801,-0.947,-0.614,0.64,0.982,0.989,0.706,0.944,0.309,-0.967,0.996,-0.951,0.847,0.989,-0.978,-0.974,-0.96,0.768,-0.982,0.965,0.954,-0.832,0.983,-0.996,-0.906,0.977,0.992,0.353,0.885,-0.996,0.612,-0.953,-0.984,0.884,-0.961,-0.989,-0.793,-0.95,0.619,-0.952,0.991,0.995,-0.994,0.903,0.984,0.994,-0.989,-0.897,0.761,0.854,-0.982,-0.987,-0.998,-0.983,-0.968,-0.862,-0.932,0.926,-0.959,-0.974,-0.768,-0.879,-0.995,0.352,4.868,4.325,10.293,10.352,10.379,10.366,10.352,10.309,5.019,4.436,10.303,10.341,5.265,4.916,10.301,10.348,EssenceCatalog/problems/csplib-prob010-SocialGolfers/params/044f838e6e52dbf1593bce568f6ba3e3.param
0.966,0.95,-0.774,-0.988,0.969,-0.87,0.926,0.818,0.972,-0.963,-0.964,-0.84,0.994,-0.969,-0.998,0.298,0.998,0.905,-0.94,-0.738,-0.999,0.803,-0.945,0.981,0.919,0.942,-0.962,-0.968,0.926,-0.991,0.656,0.97,-0.918,-0.962,0.954,-0.758,0.94,-0.898,-0.808,0.983,0.934,0.991,-0.902,-0.969,0.977,-0.951,0.965,-0.978,-0.731,0.994,0.646,0.867,0.861,-0.842,-0.583,0.965,0.987,-0.945,0.98,-0.991,-0.99,0.378,0.992,0.978,0.964,-0.994,0.817,0.686,0.806,0.934,0.063,-0.978,-0.784,0.714,0.99,-0.739,0.988,0.994,-0.991,0.962,0.998,0.995,-0.977,-0.966,0.889,0.969,-0.408,-0.993,-0.997,-0.924,-0.538,-0.99,-0.992,0.969,-0.904,-0.992,0.83,0.47,-0.998,0.575,4.162,2.869,4.118,7.61,9.021,8.332,8.876,9.339,3.906,3.392,4.152,7.479,4.379,3.688,5.06,7.635,EssenceCatalog/problems/csplib-prob010-SocialGolfers/params/ord29-4-7-6.param
0.979,0.969,0.97,-0.955,0.557,-0.909,-0.801,0.839,0.987,-0.833,-0.942,-0.824,0.997,-0.927,-0.992,0.98,0.975,0.922,0.961,0.936,-0.998,-0.159,0.987,0.981,0.948,0.931,-0.929,-0.875,0.88,-0.985,-0.75,0.49,0.971,-0.887,-0.523,0.938,0.744,-0.951,-0.747,0.653,0.94,0.991,0.585,0.88,0.332,-0.972,0.995,-0.95,0.922,0.993,-0.956,-0.977,-0.962,-0.327,-0.958,0.955,0.963,-0.885,0.984,-0.997,-0.936,0.979,0.993,0.812,0.949,-0.997,-0.557,-0.963,-0.982,0.797,-0.968,-0.992,-0.605,-0.931,0.54,-0.968,0.991,0.995,-0.995,0.93,0.99,0.993,-0.985,-0.877,-0.01,0.885,-0.978,-0.988,-0.999,-0.979,-0.983,-0.874,-0.937,0.969,-0.976,-0.979,-0.915,-0.843,-0.995,0.068,5.956,5.017,10.388,10.404,10.392,10.398,10.365,10.379,5.74,5.167,10.351,10.406,6.056,5.922,10.381,10.4,EssenceCatalog/problems/csplib-prob010-SocialGolfers/params/fe94e4702dc33c47da77a8869bc0dca0.param
0.984,0.956,0.985,-0.978,0.767,-0.909,-0.935,0.816,0.971,-0.822,-0.955,-0.678,0.998,-0.944,-0.993,0.353,0.991,0.701,0.988,0.967,-0.998,0.33,0.994,0.954,0.967,0.96,-0.973,-0.729,0.978,-0.989,-0.906,0.776,0.988,-0.939,0.685,0.977,0.919,-0.961,-0.845,0.597,-0.74,0.984,0.752,0.942,0.632,-0.983,0.991,-0.972,0.976,0.993,-0.942,-0.987,-0.973,-0.475,-0.828,0.715,0.983,-0.976,0.985,-0.993,-0.878,0.981,0.996,0.887,0.952,-0.997,-0.958,-0.982,-0.986,0.372,-0.973,-0.994,0.025,-0.881,0.652,-0.985,0.989,0.997,-0.993,0.971,0.991,0.989,-0.973,-0.888,-0.649,0.964,-0.977,-0.987,-0.999,-0.969,-0.994,-0.936,-0.969,0.989,-0.991,-0.984,-0.933,-0.783,-0.996,-0.882,7.683,5.434,10.375,10.309,10.313,10.31,10.272,10.324,6.567,5.654,10.348,10.303,6.886,7.163,10.378,10.325,EssenceCatalog/problems/csplib-prob010-SocialGolfers/params/d226da82dc45c3fee6a7dd05ed933a10.param
0.969,0.969,0.974,-0.95,0.722,-0.871,-0.831,0.86,0.983,-0.885,-0.949,-0.905,0.997,-0.893,-0.993,0.933,0.971,0.938,0.959,0.954,-0.997,0.489,0.975,0.983,0.852,0.874,-0.915,-0.909,0.345,-0.987,-0.523,0.762,0.939,-0.841,-0.51,0.889,0.65,-0.946,-0.706,0.781,0.851,0.987,0.631,0.905,0.652,-0.962,0.99,-0.941,0.808,0.992,-0.721,-0.968,-0.915,-0.391,-0.874,0.966,0.952,-0.239,0.98,-0.996,-0.93,0.981,0.993,0.745,0.928,-0.994,-0.014,-0.925,-0.983,0.874,-0.972,-0.989,-0.864,-0.919,0.803,-0.974,0.989,0.996,-0.992,0.955,0.988,0.99,-0.986,-0.893,-0.118,0.819,-0.974,-0.986,-0.998,-0.975,-0.967,-0.887,-0.948,0.954,-0.937,-0.982,-0.811,-0.812,-0.996,-0.151,6.162,4.827,10.39,10.359,10.367,10.362,10.344,10.358,5.819,5.012,10.37,10.349,6.146,5.697,10.364,10.337,EssenceCatalog/problems/csplib-prob010-SocialGolfers/params/9afded12b2f75106fd964ddcc205b53f.param
0.979,0.966,0.974,-0.951,0.574,-0.902,-0.829,0.822,0.983,-0.832,-0.931,-0.808,0.997,-0.921,-0.991,0.96,0.979,0.908,0.967,0.941,-0.998,0.06,0.987,0.977,0.935,0.926,-0.921,-0.852,0.918,-0.985,-0.763,0.441,0.972,-0.886,-0.273,0.942,0.725,-0.946,-0.745,0.659,0.878,0.99,0.587,0.891,0.378,-0.973,0.994,-0.951,0.93,0.994,-0.93,-0.98,-0.961,-0.533,-0.929,0.946,0.966,-0.86,0.984,-0.996,-0.93,0.979,0.993,0.852,0.951,-0.996,-0.689,-0.963,-0.984,0.75,-0.97,-0.992,-0.563,-0.917,0.564,-0.975,0.991,0.995,-0.994,0.946,0.991,0.991,-0.983,-0.873,-0.286,0.879,-0.978,-0.987,-0.999,-0.975,-0.985,-0.891,-0.944,0.974,-0.975,-0.978,-0.922,-0.823,-0.995,-0.148,6.324,5.151,10.404,10.388,10.385,10.385,10.344,10.363,5.947,5.316,10.365,10.391,6.266,6.169,10.405,10.391,EssenceCatalog/problems/csplib-prob010-SocialGolfers/params/d7cd6ba8edaad855773b9c887e9aa145.param
0.957,0.97,0.977,-0.958,0.832,-0.869,-0.899,0.883,0.99,-0.845,-0.976,-0.93,0.997,-0.907,-0.994,0.959,0.964,0.961,0.971,0.979,-0.997,-0.199,0.981,0.985,0.923,0.88,-0.96,-0.913,-0.852,-0.983,-0.363,0.921,0.927,-0.827,-0.963,0.89,0.796,-0.936,-0.544,0.735,0.954,0.984,0.727,0.968,0.561,-0.963,0.995,-0.954,0.741,0.989,-0.94,-0.972,-0.946,0.815,-0.967,0.965,0.957,-0.532,0.984,-0.994,-0.875,0.976,0.993,0.114,0.829,-0.991,0.824,-0.92,-0.988,0.899,-0.954,-0.988,-0.87,-0.933,0.791,-0.965,0.989,0.997,-0.991,0.948,0.984,0.993,-0.988,-0.914,0.765,0.807,-0.979,-0.984,-0.998,-0.98,-0.951,-0.897,-0.945,0.925,-0.931,-0.975,-0.552,-0.837,-0.995,0.016,4.91,4.173,10.298,10.295,10.348,10.327,10.331,10.288,5.005,4.292,10.316,10.282,5.259,4.776,10.287,10.288,EssenceCatalog/problems/csplib-prob010-SocialGolfers/params/bed9b68a88c075b92a3b97fc1adbe615.param
0.956,0.969,0.962,-0.959,0.715,-0.884,-0.874,0.891,0.993,-0.815,-0.978,-0.916,0.996,-0.919,-0.995,0.989,0.959,0.968,0.961,0.966,-0.997,-0.672,0.99,0.987,0.959,0.918,-0.97,-0.914,-0.828,-0.979,-0.531,0.888,0.963,-0.852,-0.984,0.906,0.831,-0.943,-0.556,0.637,0.989,0.988,0.774,0.961,0.255,-0.969,0.997,-0.96,0.826,0.988,-0.986,-0.973,-0.958,0.94,-0.988,0.964,0.959,-0.857,0.985,-0.995,-0.883,0.973,0.992,-0.015,0.841,-0.995,0.869,-0.947,-0.984,0.902,-0.954,-0.989,-0.835,-0.953,0.669,-0.94,0.991,0.997,-0.993,0.887,0.985,0.994,-0.989,-0.909,0.905,0.853,-0.984,-0.986,-0.998,-0.984,-0.964,-0.877,-0.944,0.905,-0.957,-0.971,-0.623,-0.888,-0.994,0.448,4.605,4.147,10.234,10.309,10.344,10.318,10.328,10.273,4.846,4.25,10.269,10.289,5.082,4.677,10.249,10.299,EssenceCatalog/problems/csplib-prob010-SocialGolfers/params/3479405d552e884811fce4aacc537f01.param
0.974,0.968,0.974,-0.957,0.584,-0.897,-0.838,0.851,0.988,-0.813,-0.953,-0.842,0.997,-0.927,-0.992,0.977,0.971,0.934,0.968,0.957,-0.998,-0.281,0.989,0.981,0.952,0.924,-0.943,-0.873,0.63,-0.983,-0.697,0.646,0.969,-0.874,-0.783,0.936,0.779,-0.947,-0.693,0.599,0.942,0.989,0.626,0.925,0.305,-0.969,0.995,-0.952,0.906,0.992,-0.968,-0.979,-0.965,0.19,-0.969,0.95,0.962,-0.875,0.984,-0.996,-0.915,0.98,0.993,0.689,0.924,-0.996,-0.215,-0.961,-0.985,0.793,-0.965,-0.991,-0.608,-0.929,0.535,-0.967,0.991,0.995,-0.994,0.928,0.987,0.993,-0.985,-0.877,0.319,0.875,-0.979,-0.986,-0.999,-0.98,-0.98,-0.871,-0.934,0.96,-0.972,-0.975,-0.871,-0.837,-0.994,0.054,5.549,4.777,10.373,10.387,10.379,10.385,10.342,10.336,5.459,4.911,10.327,10.382,5.754,5.578,10.349,10.381,EssenceCatalog/problems/csplib-prob010-SocialGolfers/params/d7eeb5dc7a1f2fac18e99954e66e6b85.param
0.981,0.968,0.974,-0.954,0.568,-0.909,-0.825,0.823,0.985,-0.831,-0.935,-0.805,0.997,-0.926,-0.991,0.97,0.979,0.908,0.967,0.933,-0.998,-0.056,0.988,0.978,0.945,0.934,-0.924,-0.86,0.933,-0.985,-0.79,0.417,0.974,-0.891,-0.302,0.947,0.745,-0.95,-0.764,0.655,0.905,0.991,0.589,0.887,0.341,-0.974,0.995,-0.953,0.937,0.994,-0.946,-0.98,-0.965,-0.531,-0.941,0.948,0.966,-0.892,0.985,-0.997,-0.937,0.979,0.993,0.852,0.955,-0.997,-0.724,-0.966,-0.984,0.761,-0.97,-0.992,-0.536,-0.928,0.526,-0.974,0.991,0.995,-0.994,0.94,0.991,0.992,-0.983,-0.872,-0.238,0.888,-0.978,-0.988,-0.999,-0.977,-0.986,-0.886,-0.942,0.975,-0.978,-0.979,-0.933,-0.838,-0.995,-0.074,6.257,5.152,10.409,10.4,10.39,10.393,10.355,10.376,5.916,5.312,10.371,10.403,6.237,6.151,10.41,10.402,EssenceCatalog/problems/csplib-prob010-SocialGolfers/params/949c273f7a3f40fe09204b412b99071f.param
0.966,0.945,0.982,-0.975,0.762,-0.868,-0.929,0.868,0.979,-0.823,-0.972,-0.83,0.997,-0.927,-0.993,0.491,0.984,0.84,0.984,0.985,-0.997,0.243,0.993,0.962,0.959,0.939,-0.975,-0.752,0.378,-0.985,-0.706,0.917,0.978,-0.893,-0.336,0.949,0.915,-0.95,-0.74,0.573,-0.458,0.972,0.764,0.962,0.655,-0.976,0.991,-0.97,0.93,0.991,-0.962,-0.984,-0.957,0.572,-0.936,0.759,0.977,-0.916,0.98,-0.989,-0.803,0.982,0.996,0.58,0.857,-0.992,-0.45,-0.965,-0.984,0.555,-0.959,-0.991,-0.319,-0.884,0.727,-0.977,0.986,0.997,-0.989,0.967,0.985,0.991,-0.978,-0.903,0.136,0.929,-0.981,-0.979,-0.998,-0.969,-0.987,-0.925,-0.956,0.973,-0.98,-0.98,-0.698,-0.695,-0.996,-0.806,6.484,4.85,10.39,10.296,10.314,10.328,10.248,10.295,5.822,5.039,10.346,10.29,6.144,6.207,10.342,10.298,EssenceCatalog/problems/csplib-prob010-SocialGolfers/params/5f519fd181c18aea62c3650c15739db7.param
0.968,0.969,0.973,-0.957,0.651,-0.895,-0.852,0.869,0.991,-0.815,-0.966,-0.878,0.997,-0.926,-0.993,0.985,0.964,0.954,0.967,0.967,-0.998,-0.47,0.988,0.984,0.957,0.918,-0.956,-0.899,-0.124,-0.982,-0.603,0.786,0.962,-0.863,-0.935,0.925,0.8,-0.945,-0.631,0.618,0.972,0.988,0.668,0.943,0.313,-0.967,0.996,-0.952,0.866,0.99,-0.978,-0.976,-0.964,0.678,-0.981,0.959,0.957,-0.855,0.983,-0.996,-0.904,0.979,0.992,0.431,0.892,-0.996,0.416,-0.954,-0.985,0.854,-0.96,-0.989,-0.728,-0.94,0.594,-0.96,0.991,0.995,-0.994,0.917,0.984,0.994,-0.988,-0.89,0.682,0.863,-0.98,-0.986,-0.998,-0.982,-0.971,-0.865,-0.929,0.941,-0.963,-0.973,-0.792,-0.861,-0.995,0.234,5.015,4.421,10.317,10.356,10.378,10.37,10.34,10.307,5.105,4.537,10.312,10.348,5.358,5.064,10.316,10.353,EssenceCatalog/problems/csplib-prob010-SocialGolfers/params/4bef53320b02e461a06d945a601a84ad.param
0.979,0.95,0.986,-0.978,0.794,-0.898,-0.943,0.834,0.97,-0.822,-0.964,-0.724,0.997,-0.938,-0.993,0.113,0.991,0.703,0.989,0.978,-0.998,0.419,0.994,0.951,0.961,0.955,-0.976,-0.722,0.938,-0.988,-0.873,0.863,0.987,-0.928,0.586,0.972,0.924,-0.961,-0.831,0.576,-0.836,0.978,0.773,0.957,0.683,-0.983,0.99,-0.976,0.971,0.993,-0.932,-0.988,-0.966,-0.216,-0.816,0.666,0.984,-0.964,0.984,-0.991,-0.841,0.981,0.997,0.833,0.93,-0.995,-0.922,-0.979,-0.986,0.411,-0.97,-0.994,-0.053,-0.877,0.727,-0.986,0.987,0.998,-0.99,0.976,0.991,0.988,-0.972,-0.901,-0.568,0.96,-0.979,-0.984,-0.998,-0.967,-0.993,-0.943,-0.971,0.988,-0.99,-0.983,-0.891,-0.736,-0.996,-0.905,7.675,5.366,10.362,10.279,10.286,10.302,10.246,10.293,6.518,5.583,10.328,10.271,6.844,7.114,10.354,10.305,EssenceCatalog/problems/csplib-prob010-SocialGolfers/params/acfb807fa826d1cd9b1c2fa1964da907.param
0.992,0.991,0.995,-0.991,0.99,-0.973,-0.991,0.937,0.987,-0.978,-0.989,-0.98,0.999,-0.985,-0.999,-0.965,0.997,0.904,0.997,0.922,-1.0,0.994,0.979,0.985,0.905,0.981,-0.989,-0.983,0.984,-0.998,-0.973,0.988,0.991,-0.982,0.992,0.988,0.978,-0.997,-0.982,0.976,-0.996,0.993,0.98,0.986,0.987,-0.995,0.99,-0.974,0.986,0.997,0.982,-0.99,-0.853,-0.996,0.989,0.981,0.988,0.729,0.994,-0.999,-0.993,0.994,0.998,0.989,0.992,-0.999,-0.993,-0.991,-0.987,0.976,-0.997,-0.998,-0.974,-0.987,0.987,-0.997,0.986,0.999,-0.997,0.991,0.998,0.983,-0.988,-0.986,-0.997,0.989,-0.977,-0.998,-0.999,-0.981,-0.996,-0.99,-0.998,0.996,-0.99,-0.998,-0.993,-0.978,-0.999,-0.992,9.684,5.757,10.493,10.422,10.316,10.342,10.445,10.47,7.642,6.02,10.47,10.37,8.128,7.604,10.434,10.409,EssenceCatalog/problems/csplib-prob010-SocialGolfers/params/dce549a14c738627654c83c7a4e9662d.param
0.988,0.972,0.989,-0.965,0.904,-0.949,-0.967,0.693,0.951,-0.879,-0.927,-0.691,0.997,-0.932,-0.992,-0.474,0.994,0.648,0.993,0.915,-0.998,0.826,0.981,0.941,0.931,0.954,-0.946,-0.841,0.995,-0.993,-0.912,0.723,0.982,-0.933,0.946,0.979,0.859,-0.969,-0.874,0.795,-0.904,0.984,0.781,0.953,0.794,-0.984,0.983,-0.964,0.982,0.994,0.191,-0.986,-0.968,-0.979,0.455,0.842,0.977,-0.868,0.981,-0.994,-0.943,0.978,0.996,0.963,0.977,-0.996,-0.992,-0.977,-0.992,0.608,-0.982,-0.996,-0.509,-0.911,0.827,-0.994,0.982,0.996,-0.988,0.986,0.996,0.966,-0.959,-0.929,-0.975,0.958,-0.965,-0.99,-0.999,-0.943,-0.994,-0.964,-0.985,0.995,-0.981,-0.984,-0.983,-0.875,-0.996,-0.93,8.919,5.653,10.278,10.181,10.189,10.165,10.223,10.2,7.169,5.899,10.278,10.148,7.553,7.574,10.282,10.192,EssenceCatalog/problems/csplib-prob010-SocialGolfers/params/e7af0a2e8950273d9cc806087b9e74ec.param
0.617,-0.209,0.38,-0.465,-0.95,-0.394,0.613,0.808,0.954,-0.842,-0.693,-0.861,0.962,-0.494,-0.909,0.914,-0.991,0.879,-0.714,-0.827,-0.142,0.601,0.245,0.904,0.859,0.649,-0.471,-0.859,-0.848,-0.577,0.03,0.221,0.182,-0.725,-0.944,0.295,0.592,-0.864,-0.629,0.555,-0.903,0.777,0.811,-0.659,0.304,0.867,-0.876,0.96,-0.381,-0.957,-0.948,0.789,0.366,0.356,-0.863,0.867,-0.99,0.946,-0.993,-0.967,-0.59,0.9,-0.974,-0.658,0.712,-0.968,-0.699,-0.332,0.76,0.232,-0.951,0.951,-0.696,-0.969,-0.669,0.797,-0.005,-0.988,-0.95,-0.931,-0.994,0.72,-0.831,0.523,0.821,0.701,0.781,-0.898,-0.919,-0.411,0.882,0.981,0.984,-0.968,0.385,-0.632,-0.781,-0.958,-0.848,0.676,1.624,1.225,1.92,4.075,1.935,1.578,2.438,5.488,1.646,1.237,1.884,3.977,1.801,1.289,2.053,4.064,EssenceCatalog/problems/csplib-prob010-SocialGolfers/params/ord05-11-6-2.param
0.959,0.969,0.977,-0.954,0.773,-0.877,-0.88,0.872,0.989,-0.847,-0.97,-0.917,0.997,-0.906,-0.994,0.964,0.964,0.958,0.969,0.975,-0.997,-0.12,0.982,0.985,0.919,0.882,-0.954,-0.91,-0.681,-0.983,-0.419,0.877,0.936,-0.83,-0.939,0.894,0.762,-0.938,-0.581,0.707,0.951,0.985,0.69,0.957,0.53,-0.962,0.994,-0.951,0.778,0.989,-0.934,-0.973,-0.947,0.68,-0.962,0.965,0.954,-0.557,0.982,-0.995,-0.89,0.978,0.992,0.315,0.857,-0.992,0.704,-0.925,-0.986,0.887,-0.958,-0.988,-0.847,-0.934,0.755,-0.966,0.989,0.996,-0.992,0.944,0.984,0.992,-0.987,-0.905,0.644,0.812,-0.979,-0.984,-0.998,-0.978,-0.955,-0.887,-0.939,0.932,-0.934,-0.975,-0.642,-0.842,-0.995,0.031,5.042,4.273,10.313,10.311,10.354,10.339,10.33,10.295,5.093,4.394,10.321,10.299,5.355,4.897,10.304,10.302,EssenceCatalog/problems/csplib-prob010-SocialGolfers/params/ec40c81870cc3e780d273e7788f9b1a9.param
0.99,0.985,0.991,-0.987,0.98,-0.961,-0.985,0.802,0.964,-0.941,-0.977,-0.816,0.999,-0.964,-0.997,-0.986,0.998,0.464,0.996,0.923,-0.999,0.974,0.993,0.915,0.947,0.975,-0.989,-0.95,0.994,-0.997,-0.971,0.97,0.993,-0.971,0.993,0.99,0.972,-0.992,-0.946,0.875,-0.998,0.985,0.963,0.983,0.966,-0.994,0.983,-0.976,0.991,0.996,0.913,-0.992,-0.937,-0.979,0.954,0.789,0.992,-0.931,0.993,-0.995,-0.963,0.987,0.998,0.973,0.981,-0.998,-0.995,-0.992,-0.985,0.805,-0.992,-0.998,-0.813,-0.948,0.974,-0.996,0.984,0.999,-0.989,0.994,0.997,0.972,-0.971,-0.974,-0.992,0.99,-0.978,-0.995,-0.999,-0.966,-0.998,-0.989,-0.996,0.998,-0.993,-0.995,-0.979,-0.913,-0.998,-0.992,9.582,5.794,10.438,10.351,10.364,10.344,10.429,10.369,7.516,6.065,10.449,10.322,7.933,7.828,10.44,10.36,EssenceCatalog/problems/csplib-prob010-SocialGolfers/params/6fbbee400369a7899d105ab4eb703bba.param
0.95,0.958,0.979,-0.958,0.723,-0.849,-0.903,0.873,0.985,-0.836,-0.968,-0.905,0.996,-0.899,-0.993,0.894,0.967,0.936,0.976,0.982,-0.996,0.179,0.989,0.978,0.918,0.899,-0.953,-0.867,-0.576,-0.982,-0.462,0.89,0.957,-0.828,-0.874,0.911,0.796,-0.934,-0.61,0.648,0.746,0.977,0.738,0.962,0.573,-0.962,0.992,-0.953,0.84,0.989,-0.926,-0.98,-0.945,0.667,-0.949,0.929,0.963,-0.549,0.978,-0.993,-0.846,0.982,0.992,0.347,0.836,-0.989,0.492,-0.943,-0.985,0.813,-0.962,-0.987,-0.781,-0.92,0.749,-0.966,0.987,0.996,-0.989,0.949,0.979,0.991,-0.984,-0.899,0.479,0.835,-0.979,-0.979,-0.998,-0.974,-0.968,-0.886,-0.939,0.938,-0.943,-0.976,-0.591,-0.8,-0.995,-0.39,5.362,4.372,10.356,10.311,10.337,10.331,10.296,10.278,5.237,4.501,10.346,10.294,5.521,5.135,10.324,10.293,EssenceCatalog/problems/csplib-prob010-SocialGolfers/params/1884762d01a225ec8d721ed62997e10c.param
0.977,0.966,0.974,-0.951,0.573,-0.898,-0.828,0.832,0.985,-0.827,-0.937,-0.825,0.997,-0.919,-0.991,0.967,0.976,0.922,0.966,0.948,-0.998,-0.004,0.987,0.979,0.936,0.921,-0.925,-0.863,0.847,-0.984,-0.726,0.512,0.969,-0.877,-0.497,0.937,0.725,-0.945,-0.72,0.648,0.909,0.989,0.59,0.902,0.372,-0.97,0.994,-0.95,0.918,0.993,-0.937,-0.979,-0.96,-0.35,-0.941,0.951,0.963,-0.837,0.984,-0.996,-0.926,0.98,0.993,0.808,0.942,-0.996,-0.527,-0.96,-0.984,0.775,-0.969,-0.992,-0.607,-0.918,0.574,-0.972,0.991,0.995,-0.993,0.942,0.99,0.992,-0.984,-0.875,-0.101,0.87,-0.979,-0.987,-0.999,-0.976,-0.983,-0.883,-0.94,0.969,-0.972,-0.977,-0.903,-0.825,-0.995,-0.071,6.068,5.026,10.397,10.387,10.378,10.385,10.344,10.356,5.79,5.181,10.357,10.387,6.109,5.964,10.385,10.384,EssenceCatalog/problems/csplib-prob010-SocialGolfers/params/d6e2012197373da1f920c0922ffff2f1.param
0.953,0.966,0.978,-0.954,0.768,-0.863,-0.897,0.875,0.989,-0.837,-0.973,-0.926,0.996,-0.902,-0.994,0.961,0.965,0.959,0.973,0.978,-0.997,-0.15,0.984,0.984,0.922,0.89,-0.955,-0.906,-0.788,-0.981,-0.434,0.892,0.946,-0.823,-0.955,0.901,0.776,-0.937,-0.57,0.684,0.947,0.983,0.741,0.965,0.502,-0.963,0.995,-0.954,0.803,0.989,-0.942,-0.976,-0.952,0.785,-0.966,0.96,0.959,-0.551,0.983,-0.994,-0.874,0.979,0.992,0.206,0.844,-0.991,0.758,-0.931,-0.988,0.883,-0.96,-0.988,-0.851,-0.937,0.755,-0.965,0.989,0.997,-0.991,0.94,0.984,0.992,-0.987,-0.906,0.712,0.811,-0.98,-0.983,-0.998,-0.978,-0.958,-0.886,-0.943,0.927,-0.935,-0.973,-0.605,-0.849,-0.995,-0.01,4.97,4.225,10.312,10.308,10.349,10.332,10.324,10.285,5.042,4.341,10.324,10.295,5.3,4.844,10.296,10.302,EssenceCatalog/problems/csplib-prob010-SocialGolfers/params/bf7a799289dca6c5963ec9a6d7db03fb.param
0.961,0.966,0.977,-0.951,0.715,-0.871,-0.87,0.861,0.988,-0.845,-0.963,-0.904,0.997,-0.906,-0.993,0.963,0.963,0.951,0.969,0.972,-0.997,-0.011,0.982,0.983,0.913,0.884,-0.943,-0.901,-0.365,-0.983,-0.484,0.823,0.944,-0.834,-0.891,0.903,0.735,-0.938,-0.616,0.685,0.931,0.985,0.666,0.946,0.511,-0.96,0.993,-0.947,0.815,0.99,-0.923,-0.974,-0.948,0.468,-0.955,0.96,0.952,-0.559,0.98,-0.995,-0.896,0.98,0.992,0.483,0.88,-0.993,0.483,-0.933,-0.986,0.865,-0.963,-0.988,-0.819,-0.93,0.723,-0.968,0.989,0.995,-0.992,0.941,0.983,0.992,-0.986,-0.894,0.47,0.816,-0.978,-0.984,-0.998,-0.976,-0.961,-0.872,-0.934,0.937,-0.939,-0.975,-0.726,-0.839,-0.995,-0.02,5.264,4.419,10.338,10.325,10.345,10.343,10.317,10.296,5.232,4.546,10.33,10.312,5.512,5.093,10.322,10.309,EssenceCatalog/problems/csplib-prob010-SocialGolfers/params/689e96dc9029ca5f826d194fde1531d0.param
0.99,0.988,0.994,-0.99,0.992,-0.967,-0.993,0.944,0.988,-0.98,-0.992,-0.985,0.999,-0.982,-0.999,-0.967,0.998,0.923,0.996,0.952,-0.999,0.995,0.976,0.985,0.882,0.977,-0.99,-0.981,0.929,-0.998,-0.958,0.993,0.99,-0.981,0.985,0.985,0.977,-0.997,-0.982,0.977,-0.996,0.993,0.981,0.989,0.989,-0.994,0.992,-0.976,0.984,0.997,0.983,-0.992,-0.792,-0.991,0.986,0.977,0.989,0.821,0.994,-0.999,-0.989,0.994,0.998,0.983,0.989,-0.999,-0.979,-0.989,-0.988,0.98,-0.997,-0.998,-0.978,-0.986,0.989,-0.997,0.985,0.999,-0.996,0.992,0.997,0.986,-0.986,-0.984,-0.994,0.988,-0.975,-0.998,-0.999,-0.98,-0.994,-0.99,-0.998,0.995,-0.987,-0.998,-0.985,-0.975,-0.999,-0.993,9.664,5.733,10.472,10.4,10.29,10.318,10.422,10.45,7.627,5.993,10.449,10.347,8.115,7.564,10.411,10.385,EssenceCatalog/problems/csplib-prob010-SocialGolfers/params/242762b5a782d10442d82f4fff546a1f.param
0.973,0.96,0.976,-0.956,0.602,-0.889,-0.849,0.827,0.981,-0.833,-0.942,-0.82,0.997,-0.915,-0.991,0.931,0.974,0.894,0.97,0.956,-0.997,0.165,0.987,0.976,0.926,0.917,-0.93,-0.838,0.804,-0.984,-0.707,0.619,0.967,-0.873,-0.341,0.933,0.752,-0.942,-0.723,0.639,0.73,0.986,0.614,0.905,0.475,-0.968,0.991,-0.953,0.908,0.992,-0.927,-0.978,-0.953,-0.303,-0.931,0.926,0.962,-0.806,0.98,-0.995,-0.903,0.98,0.993,0.791,0.93,-0.995,-0.554,-0.956,-0.983,0.731,-0.967,-0.99,-0.574,-0.907,0.613,-0.973,0.988,0.995,-0.992,0.948,0.986,0.99,-0.981,-0.874,-0.204,0.877,-0.976,-0.984,-0.998,-0.972,-0.981,-0.879,-0.938,0.967,-0.969,-0.978,-0.877,-0.791,-0.995,-0.317,6.292,5.051,10.407,10.374,10.377,10.378,10.331,10.348,5.892,5.225,10.364,10.375,6.211,6.096,10.39,10.373,EssenceCatalog/problems/csplib-prob010-SocialGolfers/params/c624df5516e6cbdd85b885c1cbf4e87b.param
0.954,0.965,0.978,-0.957,0.777,-0.855,-0.885,0.875,0.985,-0.874,-0.97,-0.926,0.997,-0.898,-0.994,0.906,0.965,0.948,0.969,0.975,-0.997,0.381,0.981,0.983,0.885,0.883,-0.945,-0.906,-0.653,-0.985,-0.361,0.899,0.938,-0.822,-0.854,0.883,0.765,-0.939,-0.633,0.75,0.806,0.982,0.718,0.951,0.673,-0.958,0.991,-0.948,0.767,0.989,-0.843,-0.972,-0.925,0.459,-0.927,0.955,0.954,-0.248,0.976,-0.995,-0.887,0.981,0.992,0.439,0.864,-0.991,0.573,-0.923,-0.984,0.874,-0.965,-0.987,-0.872,-0.927,0.813,-0.969,0.987,0.996,-0.99,0.952,0.98,0.991,-0.986,-0.903,0.397,0.818,-0.976,-0.983,-0.998,-0.975,-0.956,-0.883,-0.942,0.927,-0.922,-0.98,-0.591,-0.821,-0.996,-0.304,5.46,4.366,10.358,10.31,10.337,10.336,10.314,10.306,5.316,4.509,10.353,10.295,5.615,5.092,10.326,10.289,EssenceCatalog/problems/csplib-prob010-SocialGolfers/params/e9d12e9be5e7d3623b21ecb130733e2d.param
0.984,0.955,0.986,-0.98,0.794,-0.903,-0.938,0.824,0.972,-0.826,-0.961,-0.7,0.998,-0.946,-0.994,0.233,0.992,0.704,0.988,0.97,-0.998,0.368,0.993,0.956,0.966,0.959,-0.975,-0.72,0.966,-0.989,-0.889,0.826,0.987,-0.939,0.668,0.974,0.926,-0.963,-0.839,0.614,-0.796,0.982,0.764,0.946,0.682,-0.982,0.991,-0.974,0.973,0.993,-0.937,-0.987,-0.97,-0.349,-0.818,0.694,0.984,-0.973,0.985,-0.993,-0.873,0.981,0.997,0.87,0.945,-0.997,-0.948,-0.98,-0.985,0.384,-0.972,-0.994,0.013,-0.866,0.693,-0.986,0.989,0.997,-0.993,0.975,0.992,0.989,-0.973,-0.891,-0.597,0.964,-0.978,-0.986,-0.999,-0.97,-0.994,-0.941,-0.97,0.989,-0.991,-0.985,-0.912,-0.753,-0.996,-0.898,7.699,5.408,10.374,10.303,10.313,10.317,10.274,10.324,6.559,5.631,10.345,10.298,6.879,7.157,10.375,10.325,EssenceCatalog/problems/csplib-prob010-SocialGolfers/params/5a61d0ac8e01783ec08839347c0a9867.param
0.962,0.972,0.972,-0.952,0.76,-0.866,-0.835,0.88,0.986,-0.874,-0.962,-0.92,0.997,-0.899,-0.994,0.955,0.969,0.954,0.958,0.963,-0.997,0.277,0.977,0.985,0.876,0.866,-0.932,-0.917,-0.298,-0.986,-0.408,0.846,0.926,-0.826,-0.817,0.876,0.698,-0.943,-0.649,0.768,0.934,0.987,0.642,0.926,0.624,-0.963,0.993,-0.946,0.753,0.991,-0.821,-0.968,-0.919,0.191,-0.933,0.97,0.954,-0.307,0.983,-0.996,-0.918,0.979,0.994,0.595,0.899,-0.993,0.519,-0.916,-0.983,0.898,-0.965,-0.989,-0.88,-0.922,0.811,-0.967,0.989,0.996,-0.992,0.951,0.987,0.992,-0.988,-0.905,0.338,0.802,-0.978,-0.986,-0.998,-0.979,-0.961,-0.895,-0.949,0.94,-0.931,-0.98,-0.693,-0.816,-0.996,-0.014,5.475,4.458,10.336,10.326,10.353,10.355,10.334,10.32,5.375,4.61,10.333,10.317,5.667,5.147,10.32,10.305,EssenceCatalog/problems/csplib-prob010-SocialGolfers/params/d1d8082ce45ce42f5e46bb4611a2500e.param
0.965,0.966,0.973,-0.96,0.695,-0.887,-0.884,0.878,0.991,-0.799,-0.971,-0.893,0.996,-0.924,-0.994,0.981,0.965,0.958,0.971,0.974,-0.997,-0.551,0.99,0.984,0.96,0.918,-0.964,-0.892,-0.522,-0.981,-0.584,0.844,0.965,-0.855,-0.965,0.927,0.825,-0.943,-0.582,0.593,0.972,0.986,0.73,0.963,0.286,-0.968,0.997,-0.957,0.866,0.99,-0.982,-0.979,-0.966,0.848,-0.983,0.953,0.96,-0.857,0.986,-0.995,-0.883,0.979,0.992,0.235,0.863,-0.994,0.633,-0.953,-0.987,0.852,-0.958,-0.989,-0.739,-0.939,0.618,-0.958,0.991,0.996,-0.993,0.919,0.985,0.994,-0.987,-0.896,0.796,0.859,-0.982,-0.984,-0.998,-0.982,-0.971,-0.881,-0.939,0.938,-0.962,-0.971,-0.738,-0.858,-0.995,0.202,4.844,4.294,10.307,10.339,10.367,10.352,10.338,10.289,4.987,4.402,10.318,10.325,5.234,4.902,10.308,10.333,EssenceCatalog/problems/csplib-prob010-SocialGolfers/params/07cc810c374c8ee91a74cca8265617e6.param
0.979,0.968,0.973,-0.958,0.566,-0.907,-0.826,0.84,0.988,-0.817,-0.947,-0.817,0.997,-0.931,-0.992,0.978,0.975,0.922,0.967,0.944,-0.998,-0.25,0.989,0.98,0.955,0.934,-0.939,-0.865,0.845,-0.984,-0.757,0.546,0.973,-0.889,-0.625,0.944,0.782,-0.95,-0.731,0.617,0.933,0.99,0.601,0.906,0.302,-0.972,0.995,-0.953,0.926,0.993,-0.968,-0.98,-0.967,-0.139,-0.965,0.948,0.964,-0.906,0.985,-0.997,-0.927,0.979,0.993,0.782,0.941,-0.997,-0.523,-0.966,-0.984,0.776,-0.967,-0.992,-0.54,-0.93,0.496,-0.969,0.991,0.995,-0.994,0.93,0.989,0.993,-0.985,-0.875,0.104,0.889,-0.979,-0.987,-0.999,-0.98,-0.984,-0.877,-0.936,0.968,-0.978,-0.977,-0.91,-0.839,-0.995,0.015,5.83,4.96,10.397,10.399,10.384,10.393,10.355,10.361,5.65,5.103,10.351,10.398,5.964,5.845,10.377,10.393,EssenceCatalog/problems/csplib-prob010-SocialGolfers/params/c500f265657e3a566a241d1c99359020.param
0.976,0.969,0.971,-0.953,0.58,-0.904,-0.815,0.849,0.988,-0.828,-0.95,-0.845,0.997,-0.925,-0.992,0.983,0.971,0.935,0.963,0.948,-0.998,-0.247,0.987,0.982,0.947,0.922,-0.936,-0.884,0.73,-0.984,-0.701,0.585,0.967,-0.876,-0.73,0.933,0.743,-0.949,-0.708,0.635,0.957,0.99,0.603,0.902,0.325,-0.97,0.995,-0.949,0.904,0.992,-0.962,-0.977,-0.962,-0.027,-0.966,0.959,0.961,-0.863,0.984,-0.997,-0.929,0.979,0.993,0.737,0.934,-0.997,-0.278,-0.96,-0.983,0.823,-0.966,-0.991,-0.659,-0.934,0.553,-0.966,0.991,0.995,-0.994,0.926,0.988,0.993,-0.986,-0.881,0.217,0.871,-0.979,-0.987,-0.999,-0.98,-0.98,-0.869,-0.933,0.961,-0.971,-0.977,-0.888,-0.848,-0.995,0.145,5.656,4.847,10.371,10.397,10.389,10.394,10.358,10.359,5.545,4.987,10.333,10.395,5.846,5.657,10.357,10.39,EssenceCatalog/problems/csplib-prob010-SocialGolfers/params/3aa55713c4be9471154baa7e8a47eef4.param
0.98,0.969,0.973,-0.953,0.561,-0.907,-0.824,0.826,0.985,-0.832,-0.935,-0.811,0.997,-0.923,-0.991,0.97,0.978,0.911,0.967,0.935,-0.998,-0.043,0.988,0.978,0.942,0.932,-0.922,-0.862,0.925,-0.985,-0.784,0.42,0.974,-0.888,-0.33,0.946,0.734,-0.95,-0.76,0.653,0.91,0.99,0.595,0.889,0.343,-0.973,0.995,-0.952,0.936,0.994,-0.943,-0.98,-0.964,-0.514,-0.939,0.95,0.966,-0.879,0.985,-0.997,-0.935,0.979,0.993,0.849,0.954,-0.997,-0.697,-0.966,-0.984,0.769,-0.971,-0.992,-0.559,-0.928,0.536,-0.973,0.991,0.995,-0.994,0.939,0.991,0.991,-0.983,-0.872,-0.233,0.884,-0.978,-0.988,-0.999,-0.977,-0.986,-0.885,-0.943,0.974,-0.977,-0.978,-0.93,-0.839,-0.994,-0.059,6.235,5.138,10.407,10.399,10.388,10.392,10.353,10.373,5.902,5.297,10.369,10.402,6.224,6.125,10.406,10.401,EssenceCatalog/problems/csplib-prob010-SocialGolfers/params/7e0aa5e277e83ca826a761ad236b97bd.param
0.989,0.977,0.988,-0.987,0.969,-0.951,-0.977,0.787,0.961,-0.92,-0.975,-0.714,0.998,-0.961,-0.996,-0.968,0.998,0.37,0.995,0.925,-0.999,0.94,0.992,0.908,0.955,0.974,-0.989,-0.907,0.992,-0.996,-0.958,0.965,0.992,-0.966,0.987,0.986,0.976,-0.987,-0.933,0.822,-0.997,0.983,0.932,0.974,0.945,-0.994,0.983,-0.981,0.99,0.996,0.59,-0.989,-0.942,-0.932,0.81,0.636,0.991,-0.977,0.991,-0.992,-0.933,0.983,0.998,0.961,0.972,-0.997,-0.993,-0.99,-0.978,0.701,-0.986,-0.997,-0.604,-0.916,0.956,-0.994,0.985,0.999,-0.986,0.991,0.997,0.978,-0.966,-0.963,-0.977,0.989,-0.976,-0.992,-0.999,-0.96,-0.997,-0.985,-0.993,0.997,-0.994,-0.994,-0.961,-0.859,-0.998,-0.988,9.367,5.726,10.343,10.249,10.268,10.259,10.327,10.265,7.375,5.992,10.35,10.219,7.774,7.775,10.346,10.264,EssenceCatalog/problems/csplib-prob010-SocialGolfers/params/1f711d032698b69afbcb9e3574b18f14.param
0.952,0.966,0.979,-0.957,0.801,-0.848,-0.893,0.881,0.984,-0.905,-0.971,-0.941,0.997,-0.89,-0.995,0.816,0.972,0.946,0.97,0.973,-0.997,0.681,0.978,0.984,0.844,0.891,-0.941,-0.919,-0.654,-0.986,-0.387,0.916,0.947,-0.82,-0.725,0.877,0.764,-0.949,-0.705,0.808,0.588,0.982,0.762,0.952,0.773,-0.959,0.989,-0.951,0.777,0.99,-0.626,-0.973,-0.903,0.148,-0.855,0.958,0.956,0.121,0.976,-0.995,-0.901,0.984,0.994,0.563,0.884,-0.991,0.474,-0.921,-0.984,0.891,-0.974,-0.988,-0.913,-0.934,0.868,-0.976,0.987,0.997,-0.99,0.96,0.983,0.99,-0.985,-0.91,0.131,0.824,-0.975,-0.985,-0.998,-0.974,-0.96,-0.898,-0.956,0.933,-0.917,-0.983,-0.598,-0.827,-0.997,-0.508,5.93,4.476,10.412,10.315,10.318,10.334,10.31,10.327,5.579,4.651,10.412,10.298,5.922,5.311,10.361,10.282,EssenceCatalog/problems/csplib-prob010-SocialGolfers/params/b06022b3deee7e2283e30ee9ef09eafb.param
0.974,0.965,0.973,-0.948,0.603,-0.894,-0.827,0.825,0.982,-0.853,-0.935,-0.843,0.997,-0.907,-0.991,0.951,0.973,0.913,0.964,0.942,-0.997,0.25,0.983,0.979,0.907,0.908,-0.911,-0.875,0.825,-0.985,-0.691,0.551,0.963,-0.866,-0.315,0.925,0.678,-0.944,-0.734,0.696,0.845,0.988,0.597,0.884,0.494,-0.966,0.991,-0.946,0.898,0.992,-0.876,-0.975,-0.946,-0.522,-0.908,0.952,0.957,-0.688,0.98,-0.996,-0.927,0.98,0.992,0.82,0.943,-0.995,-0.53,-0.95,-0.983,0.794,-0.971,-0.99,-0.704,-0.92,0.659,-0.973,0.989,0.994,-0.992,0.947,0.988,0.99,-0.983,-0.873,-0.29,0.857,-0.975,-0.986,-0.999,-0.972,-0.978,-0.873,-0.938,0.965,-0.963,-0.979,-0.898,-0.823,-0.995,-0.147,6.353,5.087,10.401,10.385,10.386,10.381,10.346,10.37,5.955,5.261,10.367,10.384,6.277,6.08,10.393,10.383,EssenceCatalog/problems/csplib-prob010-SocialGolfers/params/5c6e3371ce82080bdc54e19c1eac8cab.param
0.942,0.963,0.981,-0.959,0.823,-0.842,-0.923,0.889,0.985,-0.872,-0.977,-0.939,0.997,-0.892,-0.995,0.828,0.97,0.95,0.976,0.985,-0.997,0.494,0.985,0.982,0.886,0.893,-0.956,-0.902,-0.867,-0.984,-0.306,0.943,0.945,-0.819,-0.888,0.891,0.81,-0.938,-0.623,0.759,0.67,0.977,0.781,0.97,0.729,-0.962,0.991,-0.956,0.775,0.989,-0.833,-0.978,-0.925,0.677,-0.92,0.944,0.965,-0.139,0.978,-0.993,-0.857,0.983,0.993,0.26,0.816,-0.987,0.72,-0.926,-0.985,0.876,-0.964,-0.987,-0.885,-0.928,0.856,-0.969,0.986,0.997,-0.989,0.96,0.98,0.991,-0.985,-0.918,0.486,0.817,-0.979,-0.981,-0.997,-0.975,-0.959,-0.906,-0.951,0.927,-0.92,-0.98,-0.408,-0.817,-0.996,-0.517,5.44,4.265,10.359,10.299,10.335,10.333,10.308,10.299,5.269,4.407,10.36,10.28,5.568,5.022,10.318,10.281,EssenceCatalog/problems/csplib-prob010-SocialGolfers/params/97322adc14e71f497fdc1fc717196c07.param
0.957,0.969,0.968,-0.954,0.721,-0.883,-0.882,0.886,0.992,-0.812,-0.975,-0.913,0.996,-0.912,-0.994,0.986,0.962,0.965,0.967,0.971,-0.997,-0.583,0.989,0.986,0.951,0.907,-0.964,-0.91,-0.762,-0.98,-0.53,0.872,0.961,-0.837,-0.978,0.912,0.803,-0.941,-0.561,0.638,0.985,0.987,0.756,0.962,0.293,-0.969,0.997,-0.959,0.837,0.989,-0.979,-0.976,-0.961,0.895,-0.983,0.964,0.96,-0.807,0.986,-0.995,-0.884,0.975,0.992,0.104,0.847,-0.994,0.819,-0.946,-0.987,0.899,-0.957,-0.99,-0.83,-0.95,0.672,-0.951,0.99,0.997,-0.992,0.908,0.986,0.993,-0.988,-0.906,0.846,0.836,-0.984,-0.985,-0.998,-0.983,-0.965,-0.881,-0.944,0.92,-0.953,-0.971,-0.664,-0.88,-0.994,0.354,4.703,4.191,10.264,10.318,10.351,10.33,10.332,10.278,4.906,4.297,10.29,10.3,5.146,4.743,10.272,10.309,EssenceCatalog/problems/csplib-prob010-SocialGolfers/params/a02b64642a172dce2314219bd65f9b66.param
0.982,0.952,0.983,-0.978,0.719,-0.902,-0.92,0.835,0.978,-0.804,-0.962,-0.705,0.997,-0.946,-0.993,0.636,0.99,0.761,0.985,0.971,-0.998,0.108,0.994,0.961,0.974,0.962,-0.973,-0.726,0.958,-0.988,-0.883,0.793,0.987,-0.934,0.39,0.972,0.924,-0.958,-0.823,0.562,-0.491,0.984,0.726,0.938,0.566,-0.983,0.993,-0.974,0.97,0.993,-0.974,-0.986,-0.974,-0.088,-0.928,0.74,0.983,-0.979,0.985,-0.993,-0.868,0.98,0.996,0.837,0.939,-0.997,-0.913,-0.98,-0.985,0.402,-0.966,-0.993,0.059,-0.88,0.596,-0.981,0.99,0.997,-0.993,0.964,0.99,0.991,-0.976,-0.886,-0.348,0.961,-0.979,-0.986,-0.999,-0.973,-0.993,-0.929,-0.961,0.987,-0.992,-0.983,-0.903,-0.759,-0.996,-0.821,7.139,5.28,10.383,10.316,10.334,10.316,10.265,10.321,6.277,5.488,10.34,10.315,6.591,6.841,10.367,10.33,EssenceCatalog/problems/csplib-prob010-SocialGolfers/params/e2ce3ed7e63631db33cd8e3447cca51c.param
0.959,0.972,0.978,-0.962,0.873,-0.85,-0.885,0.899,0.988,-0.912,-0.977,-0.956,0.998,-0.902,-0.996,0.854,0.976,0.96,0.964,0.971,-0.998,0.648,0.969,0.988,0.842,0.88,-0.951,-0.936,-0.809,-0.989,-0.275,0.947,0.909,-0.826,-0.812,0.851,0.789,-0.956,-0.711,0.861,0.771,0.985,0.75,0.952,0.815,-0.963,0.992,-0.951,0.69,0.991,-0.564,-0.967,-0.89,0.258,-0.868,0.973,0.96,0.207,0.981,-0.996,-0.921,0.982,0.995,0.498,0.893,-0.992,0.699,-0.897,-0.984,0.927,-0.97,-0.989,-0.939,-0.935,0.909,-0.976,0.99,0.998,-0.992,0.964,0.987,0.992,-0.988,-0.925,0.373,0.831,-0.974,-0.988,-0.998,-0.98,-0.951,-0.914,-0.964,0.933,-0.905,-0.986,-0.516,-0.822,-0.997,-0.412,5.684,4.347,10.392,10.319,10.348,10.353,10.352,10.348,5.452,4.515,10.394,10.302,5.778,5.082,10.35,10.288,EssenceCatalog/problems/csplib-prob010-SocialGolfers/params/21635bd61cae1a142d7a26ba6a6020ba.param
0.946,0.954,0.979,-0.965,0.777,-0.845,-0.918,0.878,0.986,-0.824,-0.975,-0.917,0.996,-0.911,-0.994,0.883,0.967,0.941,0.977,0.986,-0.996,0.046,0.989,0.979,0.939,0.911,-0.964,-0.864,-0.788,-0.981,-0.414,0.925,0.957,-0.841,-0.926,0.913,0.842,-0.935,-0.58,0.635,0.738,0.976,0.77,0.97,0.584,-0.963,0.993,-0.957,0.832,0.988,-0.955,-0.979,-0.95,0.848,-0.965,0.919,0.966,-0.655,0.978,-0.991,-0.82,0.981,0.992,0.136,0.803,-0.988,0.649,-0.942,-0.986,0.805,-0.956,-0.986,-0.77,-0.919,0.761,-0.962,0.987,0.997,-0.991,0.949,0.977,0.992,-0.984,-0.904,0.682,0.848,-0.979,-0.979,-0.997,-0.974,-0.966,-0.894,-0.941,0.93,-0.948,-0.977,-0.457,-0.8,-0.995,-0.42,5.168,4.253,10.333,10.3,10.347,10.328,10.306,10.276,5.107,4.376,10.339,10.286,5.371,4.999,10.308,10.287,EssenceCatalog/problems/csplib-prob010-SocialGolfers/params/88e096abfb676976b5b86958879c943f.param
0.979,0.947,0.984,-0.981,0.763,-0.892,-0.934,0.851,0.976,-0.813,-0.968,-0.732,0.997,-0.945,-0.993,0.361,0.99,0.745,0.987,0.978,-0.998,0.212,0.995,0.956,0.972,0.96,-0.979,-0.709,0.926,-0.988,-0.872,0.87,0.987,-0.932,0.402,0.971,0.935,-0.962,-0.819,0.554,-0.74,0.979,0.775,0.954,0.635,-0.983,0.992,-0.976,0.969,0.993,-0.969,-0.987,-0.97,0.149,-0.909,0.664,0.984,-0.977,0.985,-0.991,-0.838,0.981,0.997,0.797,0.922,-0.996,-0.894,-0.979,-0.985,0.367,-0.967,-0.993,0.054,-0.871,0.664,-0.982,0.989,0.998,-0.992,0.97,0.99,0.991,-0.975,-0.896,-0.316,0.963,-0.981,-0.984,-0.998,-0.972,-0.993,-0.936,-0.966,0.987,-0.991,-0.984,-0.865,-0.72,-0.996,-0.875,7.246,5.239,10.356,10.276,10.293,10.295,10.226,10.284,6.284,5.45,10.311,10.272,6.602,6.88,10.332,10.297,EssenceCatalog/problems/csplib-prob010-SocialGolfers/params/12fbaa83b1b71fa562b67b8b8f4d9344.param
0.985,0.976,0.988,-0.988,0.984,-0.957,-0.986,0.873,0.967,-0.944,-0.988,-0.884,0.999,-0.962,-0.998,-0.99,0.999,0.608,0.995,0.968,-0.999,0.979,0.99,0.937,0.932,0.981,-0.992,-0.956,0.945,-0.996,-0.923,0.989,0.992,-0.971,0.986,0.983,0.978,-0.989,-0.945,0.903,-0.998,0.979,0.961,0.987,0.972,-0.995,0.987,-0.982,0.986,0.997,0.917,-0.992,-0.891,-0.925,0.921,0.75,0.993,-0.884,0.993,-0.991,-0.945,0.985,0.999,0.954,0.96,-0.996,-0.974,-0.987,-0.981,0.867,-0.989,-0.998,-0.857,-0.937,0.984,-0.995,0.987,0.999,-0.987,0.996,0.997,0.977,-0.972,-0.983,-0.98,0.99,-0.982,-0.994,-0.999,-0.962,-0.997,-0.991,-0.997,0.997,-0.992,-0.996,-0.903,-0.869,-0.999,-0.993,9.557,5.768,10.445,10.366,10.38,10.362,10.445,10.39,7.504,6.04,10.452,10.34,7.924,7.786,10.451,10.375,EssenceCatalog/problems/csplib-prob010-SocialGolfers/params/8be5dcd0f282fa91fe9364c655e81820.param
0.973,0.966,0.974,-0.949,0.607,-0.891,-0.843,0.845,0.985,-0.825,-0.945,-0.849,0.997,-0.914,-0.991,0.968,0.973,0.932,0.968,0.958,-0.997,-0.079,0.987,0.979,0.932,0.907,-0.93,-0.87,0.661,-0.984,-0.668,0.62,0.964,-0.858,-0.699,0.93,0.713,-0.941,-0.674,0.63,0.925,0.987,0.603,0.924,0.381,-0.968,0.994,-0.949,0.896,0.992,-0.939,-0.979,-0.958,-0.068,-0.948,0.953,0.96,-0.791,0.984,-0.996,-0.914,0.98,0.993,0.732,0.924,-0.995,-0.234,-0.955,-0.985,0.8,-0.967,-0.991,-0.659,-0.921,0.601,-0.971,0.99,0.995,-0.993,0.941,0.989,0.992,-0.984,-0.879,0.099,0.852,-0.979,-0.985,-0.998,-0.977,-0.979,-0.88,-0.938,0.964,-0.965,-0.976,-0.874,-0.823,-0.994,-0.016,5.763,4.846,10.377,10.37,10.363,10.372,10.33,10.326,5.592,4.992,10.34,10.365,5.901,5.688,10.355,10.358,EssenceCatalog/problems/csplib-prob010-SocialGolfers/params/d20451c2942f083563a8e145eb11c1c7.param
0.972,0.968,0.972,-0.956,0.583,-0.896,-0.837,0.861,0.99,-0.809,-0.958,-0.853,0.997,-0.927,-0.992,0.981,0.97,0.94,0.967,0.96,-0.998,-0.381,0.99,0.982,0.956,0.926,-0.948,-0.879,0.449,-0.982,-0.678,0.692,0.969,-0.867,-0.858,0.933,0.788,-0.946,-0.672,0.594,0.958,0.988,0.635,0.93,0.279,-0.97,0.996,-0.954,0.9,0.992,-0.975,-0.979,-0.965,0.428,-0.976,0.952,0.963,-0.88,0.985,-0.996,-0.91,0.979,0.993,0.609,0.914,-0.996,0.012,-0.96,-0.984,0.813,-0.962,-0.99,-0.638,-0.932,0.543,-0.962,0.991,0.995,-0.994,0.922,0.987,0.993,-0.986,-0.884,0.488,0.874,-0.981,-0.985,-0.999,-0.981,-0.979,-0.873,-0.934,0.956,-0.971,-0.975,-0.844,-0.839,-0.995,0.136,5.315,4.642,10.339,10.375,10.379,10.377,10.334,10.318,5.308,4.769,10.302,10.37,5.582,5.378,10.323,10.373,EssenceCatalog/problems/csplib-prob010-SocialGolfers/params/92b1126edb69348c4642a8357111389e.param
0.97,0.975,0.983,-0.96,0.891,-0.884,-0.911,0.888,0.987,-0.931,-0.976,-0.955,0.998,-0.919,-0.996,0.83,0.981,0.962,0.972,0.966,-0.998,0.791,0.953,0.989,0.801,0.873,-0.942,-0.948,-0.495,-0.992,-0.362,0.922,0.898,-0.84,-0.55,0.877,0.771,-0.965,-0.762,0.892,0.687,0.989,0.719,0.95,0.86,-0.965,0.99,-0.95,0.727,0.992,-0.243,-0.969,-0.887,-0.487,-0.732,0.979,0.959,0.473,0.982,-0.997,-0.947,0.984,0.995,0.744,0.931,-0.995,0.386,-0.899,-0.987,0.939,-0.98,-0.99,-0.944,-0.946,0.924,-0.985,0.99,0.998,-0.993,0.972,0.99,0.991,-0.988,-0.929,-0.18,0.841,-0.971,-0.991,-0.999,-0.979,-0.955,-0.918,-0.968,0.952,-0.897,-0.989,-0.756,-0.871,-0.998,-0.487,6.466,4.689,10.485,10.34,10.337,10.34,10.359,10.382,5.931,4.888,10.481,10.324,6.305,5.553,10.425,10.303,EssenceCatalog/problems/csplib-prob010-SocialGolfers/params/fa15c1fbf7ad340573b520c984fb5617.param
0.971,0.967,0.974,-0.951,0.614,-0.889,-0.845,0.854,0.987,-0.82,-0.951,-0.859,0.997,-0.915,-0.992,0.973,0.971,0.939,0.968,0.963,-0.997,-0.17,0.988,0.981,0.937,0.907,-0.938,-0.876,0.475,-0.983,-0.641,0.673,0.963,-0.854,-0.802,0.927,0.731,-0.941,-0.653,0.62,0.943,0.987,0.618,0.932,0.363,-0.968,0.995,-0.951,0.886,0.992,-0.95,-0.979,-0.959,0.189,-0.959,0.955,0.96,-0.795,0.985,-0.996,-0.908,0.98,0.993,0.666,0.913,-0.995,-0.016,-0.954,-0.985,0.815,-0.965,-0.99,-0.681,-0.923,0.607,-0.968,0.99,0.995,-0.993,0.937,0.988,0.992,-0.985,-0.883,0.285,0.849,-0.98,-0.985,-0.998,-0.978,-0.977,-0.879,-0.938,0.959,-0.963,-0.975,-0.847,-0.827,-0.994,0.043,5.52,4.709,10.356,10.364,10.364,10.37,10.326,10.312,5.433,4.845,10.32,10.358,5.724,5.482,10.335,10.354,EssenceCatalog/problems/csplib-prob010-SocialGolfers/params/4a15e64ff37aa450dbd34dc5af6eea11.param
0.985,0.989,0.992,-0.987,0.986,-0.968,-0.988,0.959,0.991,-0.982,-0.993,-0.99,0.999,-0.981,-0.999,-0.867,0.997,0.963,0.993,0.954,-0.999,0.994,0.978,0.991,0.842,0.97,-0.986,-0.983,0.897,-0.998,-0.946,0.989,0.99,-0.98,0.969,0.98,0.968,-0.997,-0.983,0.979,-0.985,0.995,0.978,0.984,0.988,-0.993,0.995,-0.971,0.981,0.997,0.977,-0.992,-0.775,-0.991,0.976,0.989,0.989,0.938,0.994,-0.999,-0.991,0.995,0.998,0.986,0.991,-0.999,-0.964,-0.988,-0.988,0.985,-0.997,-0.998,-0.987,-0.99,0.988,-0.996,0.987,1.0,-0.997,0.987,0.998,0.989,-0.99,-0.983,-0.993,0.982,-0.982,-0.998,-0.999,-0.986,-0.994,-0.986,-0.997,0.993,-0.984,-0.998,-0.985,-0.981,-0.999,-0.985,9.622,5.714,10.469,10.398,10.284,10.306,10.411,10.449,7.615,5.973,10.445,10.345,8.104,7.515,10.402,10.379,EssenceCatalog/problems/csplib-prob010-SocialGolfers/params/967840dc3ea51917531581b772e73470.param
0.953,0.95,-0.762,-0.987,0.973,-0.865,0.89,0.804,0.969,-0.951,-0.968,-0.855,0.991,-0.963,-0.998,0.442,0.998,0.926,-0.925,-0.615,-0.999,0.791,-0.921,0.983,0.899,0.934,-0.963,-0.962,0.826,-0.991,0.726,0.973,-0.931,-0.955,0.908,-0.774,0.928,-0.886,-0.767,0.979,0.962,0.99,-0.896,-0.952,0.976,-0.958,0.977,-0.977,-0.731,0.994,0.597,0.822,0.857,-0.723,-0.65,0.969,0.99,-0.925,0.985,-0.989,-0.987,0.302,0.994,0.971,0.959,-0.992,0.913,0.692,0.766,0.942,0.086,-0.98,-0.821,0.71,0.99,-0.685,0.989,0.996,-0.988,0.958,0.999,0.994,-0.977,-0.97,0.902,0.956,-0.504,-0.992,-0.996,-0.931,-0.571,-0.992,-0.993,0.958,-0.903,-0.991,0.867,0.389,-0.998,0.57,4.045,2.827,4.169,7.65,9.044,8.366,8.898,9.349,3.847,3.336,4.204,7.514,4.308,3.611,5.106,7.671,EssenceCatalog/problems/csplib-prob010-SocialGolfers/params/ord31-3-9-6.param
0.972,0.951,0.989,-0.982,0.914,-0.899,-0.973,0.863,0.97,-0.873,-0.979,-0.817,0.998,-0.94,-0.995,-0.785,0.995,0.726,0.993,0.989,-0.998,0.815,0.993,0.949,0.937,0.956,-0.985,-0.818,0.697,-0.991,-0.807,0.968,0.988,-0.937,0.703,0.973,0.952,-0.973,-0.864,0.727,-0.976,0.965,0.877,0.982,0.877,-0.986,0.989,-0.978,0.967,0.993,-0.591,-0.99,-0.946,-0.14,-0.364,0.607,0.987,-0.902,0.985,-0.987,-0.844,0.985,0.998,0.801,0.907,-0.992,-0.865,-0.975,-0.988,0.601,-0.978,-0.995,-0.445,-0.887,0.907,-0.991,0.986,0.999,-0.986,0.988,0.993,0.984,-0.971,-0.944,-0.687,0.967,-0.982,-0.984,-0.998,-0.962,-0.994,-0.967,-0.985,0.99,-0.986,-0.988,-0.787,-0.748,-0.997,-0.971,8.321,5.408,10.392,10.278,10.288,10.346,10.301,10.323,6.794,5.636,10.371,10.278,7.145,7.304,10.397,10.335,EssenceCatalog/problems/csplib-prob010-SocialGolfers/params/6d6106b29a222ec6654e9471d3cc06a8.param
0.971,0.971,0.967,-0.948,0.695,-0.889,-0.832,0.863,0.988,-0.831,-0.958,-0.887,0.997,-0.911,-0.993,0.983,0.974,0.949,0.959,0.958,-0.998,-0.261,0.983,0.984,0.934,0.902,-0.937,-0.897,0.252,-0.983,-0.604,0.728,0.954,-0.859,-0.869,0.912,0.694,-0.942,-0.617,0.674,0.978,0.989,0.644,0.924,0.359,-0.972,0.996,-0.953,0.855,0.992,-0.951,-0.974,-0.952,0.336,-0.969,0.967,0.967,-0.793,0.987,-0.996,-0.92,0.974,0.994,0.599,0.914,-0.996,0.306,-0.945,-0.985,0.866,-0.959,-0.992,-0.767,-0.927,0.66,-0.963,0.992,0.996,-0.993,0.932,0.991,0.993,-0.987,-0.899,0.493,0.826,-0.981,-0.986,-0.998,-0.981,-0.974,-0.898,-0.948,0.955,-0.963,-0.975,-0.81,-0.822,-0.994,0.25,5.27,4.563,10.331,10.374,10.392,10.392,10.359,10.326,5.288,4.695,10.316,10.368,5.555,5.244,10.33,10.365,EssenceCatalog/problems/csplib-prob010-SocialGolfers/params/dd4f89b7fb5d9dfaea7e646991ca5218.param
0.97,0.947,0.982,-0.976,0.811,-0.878,-0.925,0.856,0.975,-0.857,-0.97,-0.812,0.997,-0.927,-0.993,0.094,0.987,0.8,0.984,0.98,-0.997,0.508,0.991,0.959,0.947,0.938,-0.974,-0.766,0.632,-0.987,-0.738,0.918,0.977,-0.902,0.179,0.946,0.918,-0.955,-0.793,0.648,-0.761,0.973,0.751,0.956,0.751,-0.975,0.987,-0.972,0.933,0.992,-0.897,-0.982,-0.943,0.158,-0.845,0.739,0.976,-0.9,0.979,-0.99,-0.83,0.982,0.996,0.722,0.894,-0.992,-0.685,-0.962,-0.983,0.568,-0.963,-0.992,-0.362,-0.869,0.796,-0.984,0.985,0.997,-0.988,0.974,0.987,0.989,-0.975,-0.9,-0.264,0.938,-0.977,-0.98,-0.998,-0.964,-0.987,-0.934,-0.966,0.98,-0.978,-0.983,-0.758,-0.684,-0.996,-0.876,7.297,5.136,10.382,10.289,10.31,10.338,10.262,10.325,6.279,5.346,10.348,10.289,6.606,6.733,10.36,10.322,EssenceCatalog/problems/csplib-prob010-SocialGolfers/params/5f566cfb165ac1808a0b1a6b1b5ad362.param
0.969,0.964,0.974,-0.95,0.627,-0.882,-0.837,0.838,0.984,-0.845,-0.946,-0.863,0.997,-0.908,-0.992,0.956,0.968,0.927,0.965,0.956,-0.997,0.134,0.983,0.98,0.912,0.899,-0.924,-0.879,0.553,-0.984,-0.618,0.673,0.957,-0.856,-0.633,0.916,0.704,-0.941,-0.684,0.67,0.878,0.987,0.618,0.91,0.494,-0.963,0.992,-0.945,0.87,0.991,-0.907,-0.974,-0.946,-0.144,-0.936,0.952,0.954,-0.669,0.979,-0.996,-0.913,0.98,0.992,0.727,0.922,-0.995,-0.19,-0.946,-0.984,0.811,-0.967,-0.989,-0.731,-0.919,0.665,-0.97,0.988,0.994,-0.992,0.943,0.985,0.991,-0.984,-0.878,0.015,0.846,-0.976,-0.985,-0.998,-0.974,-0.973,-0.868,-0.933,0.955,-0.956,-0.977,-0.848,-0.818,-0.995,-0.108,5.899,4.842,10.383,10.367,10.366,10.372,10.335,10.34,5.664,5.001,10.352,10.364,5.98,5.714,10.359,10.355,EssenceCatalog/problems/csplib-prob010-SocialGolfers/params/921a158b6c3a2715c9d0545018e5bd86.param
0.975,0.966,0.97,-0.948,0.668,-0.886,-0.819,0.833,0.98,-0.867,-0.93,-0.864,0.997,-0.898,-0.991,0.938,0.977,0.914,0.957,0.937,-0.997,0.405,0.976,0.98,0.882,0.897,-0.902,-0.882,0.825,-0.987,-0.645,0.593,0.954,-0.867,-0.18,0.909,0.629,-0.944,-0.718,0.746,0.843,0.989,0.581,0.868,0.561,-0.969,0.991,-0.943,0.875,0.993,-0.797,-0.97,-0.932,-0.645,-0.88,0.955,0.961,-0.597,0.981,-0.996,-0.933,0.977,0.993,0.832,0.947,-0.995,-0.501,-0.94,-0.983,0.81,-0.97,-0.991,-0.762,-0.904,0.73,-0.975,0.989,0.995,-0.992,0.954,0.991,0.99,-0.984,-0.884,-0.335,0.844,-0.974,-0.986,-0.999,-0.971,-0.977,-0.897,-0.95,0.968,-0.959,-0.981,-0.886,-0.781,-0.995,-0.16,6.51,5.112,10.387,10.379,10.396,10.376,10.356,10.377,6.053,5.298,10.358,10.378,6.369,6.124,10.387,10.378,EssenceCatalog/problems/csplib-prob010-SocialGolfers/params/0896563de10e4b0b5d02c5a8230101ed.param
0.974,0.968,0.969,-0.947,0.667,-0.884,-0.813,0.841,0.982,-0.863,-0.936,-0.871,0.997,-0.901,-0.992,0.954,0.976,0.927,0.956,0.94,-0.997,0.31,0.978,0.981,0.889,0.895,-0.904,-0.889,0.752,-0.987,-0.619,0.624,0.952,-0.862,-0.396,0.907,0.635,-0.944,-0.7,0.733,0.9,0.989,0.586,0.877,0.534,-0.968,0.992,-0.944,0.862,0.993,-0.83,-0.97,-0.933,-0.517,-0.908,0.961,0.96,-0.603,0.982,-0.996,-0.933,0.977,0.993,0.808,0.943,-0.995,-0.332,-0.939,-0.983,0.831,-0.969,-0.991,-0.776,-0.909,0.724,-0.972,0.99,0.995,-0.993,0.95,0.991,0.991,-0.985,-0.886,-0.184,0.835,-0.976,-0.986,-0.999,-0.975,-0.976,-0.893,-0.948,0.965,-0.958,-0.98,-0.87,-0.792,-0.995,-0.057,6.236,4.999,10.382,10.382,10.395,10.384,10.362,10.372,5.893,5.178,10.355,10.379,6.208,5.928,10.378,10.372,EssenceCatalog/problems/csplib-prob010-SocialGolfers/params/c1a3193ba5636943ff916486da3beaba.param
0.961,0.97,0.972,-0.956,0.705,-0.887,-0.871,0.88,0.992,-0.819,-0.972,-0.903,0.997,-0.919,-0.994,0.984,0.961,0.962,0.967,0.97,-0.997,-0.485,0.988,0.986,0.951,0.908,-0.959,-0.908,-0.609,-0.982,-0.523,0.853,0.959,-0.85,-0.966,0.915,0.804,-0.943,-0.592,0.644,0.978,0.987,0.718,0.955,0.342,-0.966,0.996,-0.952,0.835,0.989,-0.975,-0.975,-0.961,0.82,-0.981,0.963,0.956,-0.795,0.983,-0.996,-0.893,0.978,0.992,0.253,0.865,-0.995,0.702,-0.949,-0.986,0.884,-0.959,-0.989,-0.806,-0.946,0.657,-0.955,0.991,0.996,-0.993,0.915,0.983,0.994,-0.988,-0.899,0.781,0.843,-0.982,-0.986,-0.998,-0.982,-0.966,-0.869,-0.934,0.923,-0.953,-0.972,-0.712,-0.874,-0.995,0.27,4.832,4.264,10.292,10.334,10.369,10.35,10.344,10.298,4.985,4.373,10.308,10.322,5.23,4.85,10.297,10.329,EssenceCatalog/problems/csplib-prob010-SocialGolfers/params/f3cc7e845116cd0fddedcce2795ff498.param
0.951,0.965,0.978,-0.954,0.746,-0.857,-0.896,0.875,0.988,-0.844,-0.97,-0.921,0.996,-0.897,-0.993,0.944,0.963,0.952,0.973,0.979,-0.997,0.022,0.986,0.982,0.914,0.889,-0.952,-0.896,-0.719,-0.982,-0.439,0.889,0.95,-0.818,-0.93,0.902,0.767,-0.936,-0.588,0.678,0.905,0.981,0.739,0.962,0.537,-0.961,0.993,-0.951,0.81,0.989,-0.926,-0.977,-0.947,0.717,-0.956,0.954,0.957,-0.493,0.981,-0.994,-0.868,0.981,0.992,0.284,0.845,-0.991,0.676,-0.935,-0.987,0.868,-0.962,-0.987,-0.841,-0.934,0.754,-0.965,0.988,0.996,-0.99,0.942,0.982,0.991,-0.985,-0.903,0.604,0.813,-0.98,-0.982,-0.998,-0.976,-0.96,-0.878,-0.94,0.928,-0.933,-0.975,-0.601,-0.836,-0.995,-0.144,5.121,4.278,10.326,10.308,10.341,10.329,10.31,10.28,5.122,4.398,10.328,10.293,5.392,4.937,10.303,10.297,EssenceCatalog/problems/csplib-prob010-SocialGolfers/params/12f516ad92f2377a7f427849f1121998.param
0.982,0.969,0.973,-0.956,0.562,-0.913,-0.83,0.815,0.984,-0.836,-0.93,-0.787,0.997,-0.928,-0.991,0.962,0.981,0.889,0.969,0.925,-0.998,0.021,0.989,0.976,0.946,0.94,-0.921,-0.849,0.965,-0.986,-0.825,0.343,0.978,-0.9,-0.048,0.953,0.756,-0.952,-0.791,0.662,0.863,0.991,0.6,0.878,0.349,-0.976,0.994,-0.954,0.949,0.994,-0.94,-0.981,-0.967,-0.667,-0.925,0.942,0.969,-0.908,0.985,-0.997,-0.94,0.979,0.994,0.886,0.961,-0.997,-0.828,-0.971,-0.984,0.733,-0.972,-0.993,-0.48,-0.929,0.515,-0.975,0.991,0.995,-0.994,0.944,0.992,0.991,-0.982,-0.87,-0.424,0.898,-0.977,-0.988,-0.999,-0.976,-0.989,-0.893,-0.947,0.978,-0.982,-0.98,-0.948,-0.841,-0.995,-0.177,6.502,5.258,10.41,10.405,10.402,10.393,10.358,10.381,6.063,5.426,10.376,10.408,6.382,6.343,10.426,10.411,EssenceCatalog/problems/csplib-prob010-SocialGolfers/params/4e43043f50db866c4cc8a4e81752484b.param
0.942,0.958,0.977,-0.964,0.789,-0.85,-0.917,0.886,0.989,-0.825,-0.978,-0.93,0.997,-0.909,-0.995,0.93,0.963,0.955,0.975,0.984,-0.996,-0.137,0.989,0.982,0.941,0.909,-0.967,-0.885,-0.897,-0.981,-0.383,0.933,0.956,-0.838,-0.965,0.905,0.839,-0.937,-0.555,0.651,0.881,0.979,0.791,0.973,0.54,-0.963,0.994,-0.956,0.812,0.988,-0.962,-0.978,-0.952,0.91,-0.973,0.938,0.963,-0.631,0.979,-0.992,-0.826,0.98,0.992,-0.028,0.794,-0.989,0.811,-0.938,-0.986,0.852,-0.956,-0.986,-0.827,-0.935,0.765,-0.956,0.988,0.997,-0.991,0.938,0.976,0.993,-0.986,-0.908,0.802,0.834,-0.98,-0.98,-0.997,-0.977,-0.961,-0.886,-0.941,0.911,-0.942,-0.976,-0.414,-0.838,-0.995,-0.225,4.931,4.158,10.294,10.29,10.342,10.317,10.309,10.268,4.986,4.272,10.315,10.277,5.237,4.814,10.28,10.282,EssenceCatalog/problems/csplib-prob010-SocialGolfers/params/fdee98d802c310bc016df6c4440f5007.param
0.968,0.975,0.984,-0.96,0.906,-0.882,-0.917,0.893,0.988,-0.93,-0.979,-0.958,0.998,-0.917,-0.996,0.82,0.981,0.964,0.973,0.97,-0.998,0.781,0.949,0.989,0.808,0.873,-0.948,-0.95,-0.692,-0.991,-0.285,0.942,0.886,-0.835,-0.659,0.87,0.792,-0.963,-0.747,0.895,0.681,0.988,0.723,0.956,0.87,-0.964,0.99,-0.951,0.692,0.992,-0.282,-0.968,-0.888,-0.32,-0.763,0.978,0.96,0.467,0.981,-0.997,-0.942,0.984,0.995,0.686,0.918,-0.994,0.541,-0.892,-0.987,0.942,-0.978,-0.99,-0.948,-0.945,0.931,-0.985,0.99,0.998,-0.993,0.973,0.989,0.991,-0.989,-0.932,-0.046,0.841,-0.971,-0.991,-0.999,-0.979,-0.95,-0.923,-0.967,0.948,-0.888,-0.989,-0.705,-0.871,-0.998,-0.512,6.263,4.567,10.469,10.32,10.326,10.334,10.351,10.367,5.794,4.763,10.472,10.304,6.164,5.39,10.413,10.279,EssenceCatalog/problems/csplib-prob010-SocialGolfers/params/7a558975880420f51779d04ecb758dd5.param
0.969,0.967,0.973,-0.952,0.63,-0.887,-0.849,0.861,0.988,-0.818,-0.955,-0.868,0.996,-0.916,-0.992,0.974,0.969,0.944,0.967,0.966,-0.997,-0.231,0.988,0.981,0.94,0.906,-0.944,-0.88,0.277,-0.982,-0.616,0.716,0.962,-0.851,-0.858,0.925,0.743,-0.94,-0.634,0.615,0.951,0.987,0.633,0.938,0.355,-0.968,0.995,-0.951,0.878,0.991,-0.957,-0.979,-0.959,0.38,-0.965,0.955,0.959,-0.796,0.985,-0.996,-0.903,0.979,0.993,0.607,0.902,-0.994,0.165,-0.953,-0.985,0.824,-0.963,-0.99,-0.699,-0.924,0.613,-0.965,0.99,0.995,-0.993,0.934,0.987,0.993,-0.986,-0.888,0.42,0.847,-0.981,-0.984,-0.998,-0.979,-0.975,-0.879,-0.938,0.955,-0.962,-0.974,-0.821,-0.829,-0.995,0.078,5.344,4.598,10.337,10.356,10.364,10.365,10.323,10.301,5.314,4.729,10.31,10.348,5.591,5.324,10.323,10.347,EssenceCatalog/problems/csplib-prob010-SocialGolfers/params/d959a1f80bfd0c70c096fbd24f70d3a3.param
0.972,0.972,0.975,-0.956,0.76,-0.886,-0.846,0.866,0.983,-0.92,-0.949,-0.914,0.998,-0.91,-0.994,0.843,0.978,0.934,0.96,0.939,-0.998,0.775,0.974,0.984,0.797,0.892,-0.918,-0.927,0.671,-0.99,-0.623,0.773,0.949,-0.865,0.098,0.89,0.699,-0.963,-0.81,0.852,0.575,0.988,0.679,0.892,0.781,-0.967,0.988,-0.944,0.843,0.993,-0.287,-0.97,-0.884,-0.767,-0.626,0.969,0.955,0.13,0.98,-0.997,-0.951,0.984,0.994,0.867,0.958,-0.995,-0.392,-0.933,-0.981,0.894,-0.982,-0.991,-0.896,-0.932,0.864,-0.98,0.988,0.996,-0.993,0.963,0.99,0.989,-0.985,-0.902,-0.574,0.857,-0.974,-0.989,-0.999,-0.973,-0.973,-0.901,-0.963,0.963,-0.939,-0.987,-0.868,-0.84,-0.997,-0.396,7.172,5.176,10.437,10.387,10.389,10.352,10.364,10.408,6.408,5.392,10.412,10.37,6.766,6.29,10.399,10.381,EssenceCatalog/problems/csplib-prob010-SocialGolfers/params/90a77aa9fb59f64657438704a4e0f1ee.param
0.934,0.925,-0.972,-0.985,0.764,-0.845,0.991,0.889,0.969,-0.973,-0.962,-0.811,0.994,-0.972,-0.999,0.701,0.992,0.945,-0.994,-0.939,-0.999,0.796,-0.946,0.984,0.955,0.952,-0.975,-0.972,0.904,-0.989,0.781,0.977,-0.955,-0.97,0.952,-0.936,0.965,-0.872,-0.852,0.978,0.959,0.994,-0.955,-0.996,0.97,-0.929,0.918,-0.958,-0.902,0.984,-0.033,0.958,0.974,-0.264,-0.882,0.966,0.966,-0.97,0.954,-0.989,-0.988,0.076,0.979,0.977,0.959,-0.995,0.945,0.815,0.99,0.923,0.38,-0.934,-0.813,0.629,0.985,0.465,0.985,0.98,-0.991,0.76,0.993,0.997,-0.984,-0.965,0.984,0.97,-0.069,-0.994,-0.996,-0.946,-0.128,-0.978,-0.972,0.842,-0.893,-0.992,0.962,0.414,-0.998,0.869,3.466,2.541,3.376,7.608,8.992,8.317,8.839,9.427,3.371,2.994,3.406,7.417,3.936,3.281,4.423,7.625,EssenceCatalog/problems/csplib-prob010-SocialGolfers/params/a7aab89d77a52d00ebda258427deb693.param
0.965,0.973,0.968,-0.954,0.71,-0.89,-0.843,0.88,0.99,-0.834,-0.967,-0.903,0.997,-0.913,-0.994,0.984,0.966,0.959,0.961,0.965,-0.997,-0.372,0.986,0.986,0.94,0.898,-0.954,-0.912,-0.337,-0.983,-0.529,0.818,0.952,-0.848,-0.941,0.906,0.756,-0.943,-0.6,0.674,0.981,0.989,0.684,0.942,0.371,-0.969,0.996,-0.953,0.824,0.991,-0.963,-0.974,-0.951,0.682,-0.975,0.969,0.96,-0.762,0.986,-0.996,-0.908,0.975,0.993,0.403,0.885,-0.995,0.633,-0.943,-0.984,0.89,-0.958,-0.99,-0.82,-0.939,0.683,-0.956,0.991,0.996,-0.993,0.925,0.988,0.994,-0.988,-0.904,0.692,0.831,-0.982,-0.985,-0.998,-0.983,-0.968,-0.889,-0.941,0.939,-0.955,-0.975,-0.725,-0.852,-0.995,0.313,4.954,4.339,10.297,10.349,10.384,10.373,10.354,10.308,5.072,4.456,10.305,10.339,5.319,4.942,10.304,10.342,EssenceCatalog/problems/csplib-prob010-SocialGolfers/params/8ea73dc63edf82dbc11879ab1f857061.param
0.958,0.961,0.978,-0.962,0.782,-0.857,-0.889,0.872,0.979,-0.902,-0.965,-0.915,0.998,-0.898,-0.994,0.673,0.975,0.92,0.971,0.97,-0.997,0.738,0.981,0.98,0.849,0.895,-0.941,-0.894,-0.182,-0.987,-0.477,0.896,0.954,-0.844,-0.398,0.891,0.793,-0.949,-0.744,0.792,0.141,0.98,0.736,0.941,0.787,-0.961,0.986,-0.954,0.823,0.99,-0.592,-0.974,-0.894,-0.142,-0.795,0.936,0.957,-0.098,0.975,-0.994,-0.896,0.984,0.994,0.693,0.902,-0.991,0.043,-0.931,-0.982,0.843,-0.974,-0.988,-0.864,-0.913,0.858,-0.978,0.985,0.997,-0.989,0.965,0.983,0.989,-0.982,-0.898,-0.196,0.856,-0.973,-0.983,-0.998,-0.969,-0.969,-0.903,-0.958,0.95,-0.933,-0.984,-0.68,-0.789,-0.997,-0.656,6.617,4.785,10.422,10.323,10.325,10.331,10.304,10.351,5.966,4.981,10.414,10.309,6.317,5.877,10.377,10.307,EssenceCatalog/problems/csplib-prob010-SocialGolfers/params/ca386d37f6fa08ad31552e10272f8e4e.param
0.977,0.968,0.971,-0.959,0.548,-0.908,-0.813,0.85,0.989,-0.819,-0.951,-0.827,0.997,-0.932,-0.992,0.982,0.973,0.928,0.964,0.944,-0.998,-0.318,0.989,0.981,0.959,0.935,-0.943,-0.872,0.792,-0.984,-0.744,0.588,0.973,-0.888,-0.705,0.94,0.794,-0.951,-0.724,0.612,0.945,0.99,0.603,0.903,0.294,-0.972,0.995,-0.953,0.919,0.992,-0.974,-0.978,-0.965,0.036,-0.972,0.951,0.963,-0.91,0.984,-0.997,-0.926,0.979,0.993,0.747,0.936,-0.997,-0.401,-0.965,-0.982,0.788,-0.965,-0.991,-0.565,-0.933,0.496,-0.964,0.991,0.995,-0.995,0.921,0.988,0.994,-0.986,-0.878,0.251,0.892,-0.979,-0.987,-0.999,-0.981,-0.983,-0.873,-0.933,0.964,-0.978,-0.977,-0.896,-0.843,-0.995,0.082,5.663,4.875,10.375,10.4,10.39,10.396,10.357,10.359,5.546,5.014,10.328,10.399,5.847,5.714,10.356,10.396,EssenceCatalog/problems/csplib-prob010-SocialGolfers/params/8ac1edf69f655b420501694015d73b15.param
0.988,0.977,0.987,-0.986,0.958,-0.948,-0.968,0.798,0.961,-0.928,-0.97,-0.74,0.999,-0.958,-0.996,-0.956,0.997,0.414,0.994,0.92,-0.999,0.94,0.99,0.926,0.947,0.973,-0.985,-0.91,0.992,-0.995,-0.951,0.955,0.992,-0.964,0.985,0.983,0.968,-0.986,-0.933,0.825,-0.995,0.984,0.915,0.966,0.94,-0.992,0.983,-0.981,0.988,0.996,0.578,-0.986,-0.93,-0.944,0.782,0.688,0.99,-0.957,0.99,-0.994,-0.937,0.984,0.998,0.964,0.975,-0.997,-0.992,-0.988,-0.979,0.713,-0.987,-0.997,-0.621,-0.912,0.952,-0.994,0.985,0.999,-0.987,0.991,0.997,0.977,-0.967,-0.959,-0.976,0.986,-0.976,-0.992,-0.999,-0.961,-0.997,-0.984,-0.994,0.997,-0.992,-0.993,-0.964,-0.844,-0.998,-0.985,9.358,5.726,10.346,10.258,10.276,10.268,10.336,10.279,7.378,5.993,10.353,10.229,7.776,7.765,10.351,10.274,EssenceCatalog/problems/csplib-prob010-SocialGolfers/params/45e169ab5101b0781386dbf23d04b590.param
0.968,0.97,0.971,-0.946,0.64,-0.89,-0.839,0.856,0.988,-0.833,-0.956,-0.883,0.997,-0.911,-0.992,0.982,0.967,0.949,0.964,0.959,-0.997,-0.207,0.985,0.983,0.93,0.897,-0.936,-0.899,0.271,-0.983,-0.608,0.697,0.96,-0.851,-0.856,0.918,0.697,-0.944,-0.651,0.645,0.969,0.989,0.648,0.926,0.376,-0.967,0.995,-0.947,0.868,0.991,-0.948,-0.976,-0.956,0.252,-0.964,0.965,0.957,-0.749,0.984,-0.996,-0.917,0.978,0.992,0.629,0.912,-0.995,0.21,-0.949,-0.985,0.864,-0.965,-0.99,-0.772,-0.938,0.636,-0.965,0.99,0.995,-0.993,0.927,0.988,0.992,-0.987,-0.889,0.368,0.832,-0.981,-0.986,-0.998,-0.98,-0.973,-0.873,-0.936,0.949,-0.957,-0.975,-0.833,-0.854,-0.995,0.203,5.364,4.61,10.34,10.368,10.37,10.374,10.337,10.319,5.341,4.741,10.32,10.36,5.622,5.309,10.33,10.356,EssenceCatalog/problems/csplib-prob010-SocialGolfers/params/5d61acaf00c972d40a1182c389f82a0e.param
0.978,0.949,0.981,-0.976,0.678,-0.892,-0.915,0.845,0.98,-0.796,-0.964,-0.746,0.997,-0.943,-0.993,0.729,0.987,0.811,0.983,0.976,-0.998,0.019,0.994,0.964,0.972,0.956,-0.972,-0.736,0.903,-0.986,-0.845,0.804,0.986,-0.923,0.039,0.966,0.913,-0.955,-0.785,0.528,-0.217,0.982,0.727,0.947,0.519,-0.981,0.994,-0.971,0.961,0.993,-0.978,-0.986,-0.972,0.219,-0.948,0.772,0.981,-0.971,0.985,-0.993,-0.851,0.98,0.996,0.771,0.921,-0.996,-0.821,-0.977,-0.985,0.447,-0.964,-0.993,-0.032,-0.881,0.582,-0.978,0.99,0.997,-0.993,0.961,0.989,0.992,-0.977,-0.887,-0.109,0.949,-0.981,-0.984,-0.999,-0.974,-0.992,-0.923,-0.957,0.983,-0.989,-0.981,-0.863,-0.744,-0.996,-0.763,6.697,5.124,10.395,10.32,10.335,10.328,10.26,10.308,6.026,5.318,10.338,10.32,6.341,6.527,10.359,10.331,EssenceCatalog/problems/csplib-prob010-SocialGolfers/params/2020955020954a6028ddd8b9aa91ef7c.param
0.983,0.967,0.968,-0.95,0.59,-0.914,-0.807,0.803,0.981,-0.854,-0.916,-0.802,0.997,-0.921,-0.991,0.959,0.983,0.883,0.961,0.901,-0.998,0.225,0.984,0.976,0.932,0.935,-0.903,-0.855,0.975,-0.988,-0.808,0.258,0.974,-0.898,0.215,0.943,0.704,-0.951,-0.791,0.719,0.857,0.992,0.571,0.827,0.405,-0.977,0.993,-0.95,0.944,0.994,-0.895,-0.977,-0.959,-0.817,-0.894,0.948,0.968,-0.87,0.984,-0.997,-0.947,0.976,0.994,0.914,0.968,-0.997,-0.855,-0.963,-0.982,0.747,-0.972,-0.993,-0.574,-0.926,0.576,-0.976,0.991,0.995,-0.994,0.946,0.993,0.99,-0.982,-0.875,-0.568,0.889,-0.976,-0.989,-0.999,-0.972,-0.987,-0.903,-0.952,0.979,-0.979,-0.981,-0.95,-0.839,-0.995,-0.168,6.73,5.331,10.374,10.399,10.417,10.382,10.36,10.389,6.208,5.508,10.351,10.402,6.516,6.458,10.411,10.411,EssenceCatalog/problems/csplib-prob010-SocialGolfers/params/1b0ba1ffa4b64f87f0a3aa0f5892cd9b.param
0.983,0.955,0.981,-0.978,0.7,-0.912,-0.908,0.832,0.977,-0.817,-0.958,-0.7,0.997,-0.947,-0.993,0.66,0.99,0.737,0.983,0.962,-0.998,0.141,0.994,0.961,0.974,0.964,-0.971,-0.736,0.976,-0.989,-0.897,0.745,0.988,-0.938,0.528,0.973,0.924,-0.961,-0.841,0.581,-0.481,0.986,0.727,0.924,0.558,-0.984,0.993,-0.974,0.973,0.994,-0.97,-0.986,-0.973,-0.32,-0.913,0.76,0.983,-0.981,0.986,-0.994,-0.883,0.979,0.996,0.873,0.949,-0.997,-0.937,-0.982,-0.983,0.416,-0.969,-0.994,0.038,-0.892,0.593,-0.98,0.99,0.997,-0.994,0.963,0.991,0.991,-0.976,-0.888,-0.491,0.963,-0.978,-0.987,-0.999,-0.973,-0.994,-0.934,-0.964,0.988,-0.993,-0.984,-0.924,-0.77,-0.996,-0.812,7.302,5.361,10.389,10.337,10.354,10.329,10.289,10.344,6.39,5.572,10.355,10.336,6.703,6.953,10.387,10.351,EssenceCatalog/problems/csplib-prob010-SocialGolfers/params/5631a9711f99910af7052b4a694772c8.param
0.975,0.969,0.975,-0.956,0.599,-0.902,-0.842,0.85,0.989,-0.812,-0.954,-0.843,0.997,-0.928,-0.992,0.98,0.971,0.937,0.969,0.957,-0.998,-0.336,0.989,0.982,0.955,0.924,-0.946,-0.878,0.605,-0.983,-0.696,0.651,0.968,-0.876,-0.81,0.937,0.785,-0.947,-0.683,0.604,0.952,0.989,0.621,0.929,0.3,-0.969,0.995,-0.952,0.904,0.992,-0.971,-0.979,-0.966,0.221,-0.971,0.953,0.962,-0.881,0.984,-0.996,-0.917,0.979,0.993,0.676,0.922,-0.996,-0.171,-0.961,-0.985,0.804,-0.964,-0.991,-0.61,-0.931,0.528,-0.967,0.991,0.995,-0.994,0.928,0.987,0.993,-0.986,-0.879,0.365,0.874,-0.979,-0.986,-0.999,-0.981,-0.98,-0.872,-0.933,0.96,-0.971,-0.974,-0.874,-0.843,-0.995,0.094,5.492,4.753,10.372,10.388,10.382,10.388,10.347,10.338,5.425,4.885,10.328,10.384,5.717,5.534,10.351,10.383,EssenceCatalog/problems/csplib-prob010-SocialGolfers/params/e3083b40a19229bd8f136629f70f2639.param
0.972,0.966,0.974,-0.95,0.587,-0.89,-0.84,0.848,0.986,-0.819,-0.946,-0.847,0.997,-0.917,-0.991,0.969,0.972,0.933,0.968,0.959,-0.997,-0.101,0.988,0.98,0.936,0.91,-0.935,-0.869,0.631,-0.983,-0.672,0.626,0.967,-0.863,-0.728,0.931,0.733,-0.942,-0.677,0.619,0.928,0.988,0.613,0.926,0.361,-0.968,0.994,-0.951,0.901,0.992,-0.946,-0.979,-0.959,0.022,-0.952,0.952,0.961,-0.802,0.984,-0.996,-0.911,0.98,0.993,0.718,0.922,-0.995,-0.2,-0.958,-0.985,0.797,-0.967,-0.991,-0.653,-0.92,0.592,-0.969,0.99,0.995,-0.993,0.939,0.988,0.992,-0.984,-0.879,0.155,0.855,-0.98,-0.985,-0.998,-0.978,-0.98,-0.881,-0.939,0.963,-0.966,-0.975,-0.864,-0.825,-0.994,-0.013,5.7,4.817,10.373,10.373,10.367,10.375,10.33,10.324,5.55,4.959,10.334,10.368,5.854,5.646,10.35,10.363,EssenceCatalog/problems/csplib-prob010-SocialGolfers/params/5e18d5d7a2a11606d1fe8666d34cf18c.param
0.974,0.97,-0.637,-0.993,0.752,-0.936,0.878,0.924,0.975,-0.986,-0.937,-0.947,0.999,-0.976,-0.999,-0.552,0.995,0.539,-0.907,-0.956,-0.999,0.973,0.165,0.968,0.951,0.983,-0.938,-0.986,0.999,-0.996,-0.927,0.961,0.875,-0.991,0.998,0.604,0.987,-0.995,-0.979,0.953,-0.945,0.996,0.883,-0.988,0.983,-0.985,0.953,-0.933,0.906,0.989,0.902,0.476,0.641,-0.992,0.828,0.979,0.957,-0.871,0.963,-0.999,-0.996,0.931,0.988,0.994,0.993,-1.0,-0.967,-0.88,0.813,0.935,-0.955,-0.989,-0.947,-0.862,0.988,-0.683,0.981,0.991,-0.996,0.924,0.996,0.979,-0.99,-0.921,-0.875,0.992,-0.783,-0.997,-0.998,-0.932,-0.977,-0.983,-0.991,0.963,-0.985,-0.997,-0.912,-0.698,-0.999,-0.716,8.227,4.901,7.15,9.332,9.821,9.621,9.839,10.124,6.598,5.27,7.191,9.498,6.98,6.62,7.57,9.42,EssenceCatalog/problems/csplib-prob010-SocialGolfers/params/35e15553c0d23a255368163b9506377e.param
0.976,0.977,0.991,-0.973,0.976,-0.899,-0.966,0.917,0.991,-0.95,-0.99,-0.979,0.999,-0.948,-0.998,0.339,0.99,0.972,0.983,0.975,-0.999,0.904,0.915,0.99,0.813,0.911,-0.971,-0.966,-0.892,-0.994,-0.274,0.986,0.867,-0.887,-0.545,0.896,0.921,-0.98,-0.833,0.953,-0.144,0.989,0.827,0.98,0.953,-0.971,0.99,-0.962,0.718,0.992,0.322,-0.971,-0.879,-0.513,-0.403,0.979,0.971,0.744,0.983,-0.997,-0.961,0.988,0.997,0.698,0.918,-0.995,0.541,-0.89,-0.99,0.965,-0.984,-0.992,-0.97,-0.963,0.976,-0.992,0.991,0.999,-0.994,0.985,0.992,0.992,-0.991,-0.958,-0.293,0.913,-0.967,-0.994,-0.999,-0.982,-0.954,-0.958,-0.98,0.963,-0.883,-0.994,-0.703,-0.902,-0.999,-0.838,7.147,4.711,10.457,10.238,10.222,10.233,10.273,10.331,6.194,4.918,10.474,10.23,6.62,5.774,10.388,10.204,EssenceCatalog/problems/csplib-prob010-SocialGolfers/params/0acd54b598d606da2a2a365fe466391e.param
0.985,0.968,0.973,-0.956,0.605,-0.918,-0.839,0.788,0.98,-0.848,-0.916,-0.761,0.997,-0.929,-0.991,0.938,0.984,0.85,0.969,0.901,-0.998,0.201,0.987,0.972,0.942,0.945,-0.911,-0.84,0.986,-0.987,-0.86,0.234,0.981,-0.911,0.403,0.959,0.76,-0.954,-0.824,0.699,0.74,0.992,0.618,0.851,0.402,-0.978,0.993,-0.953,0.961,0.994,-0.905,-0.98,-0.967,-0.847,-0.868,0.932,0.971,-0.916,0.984,-0.997,-0.946,0.977,0.994,0.926,0.972,-0.998,-0.924,-0.973,-0.983,0.694,-0.975,-0.993,-0.451,-0.927,0.548,-0.979,0.991,0.994,-0.994,0.952,0.993,0.989,-0.98,-0.868,-0.671,0.911,-0.974,-0.989,-0.999,-0.972,-0.99,-0.906,-0.954,0.983,-0.984,-0.982,-0.964,-0.849,-0.995,-0.347,6.93,5.407,10.4,10.411,10.427,10.389,10.369,10.395,6.315,5.589,10.379,10.413,6.624,6.637,10.44,10.425,EssenceCatalog/problems/csplib-prob010-SocialGolfers/params/87c2ad911b9b720e07ae53ae0a032981.param
0.987,0.98,0.991,-0.984,0.962,-0.95,-0.983,0.775,0.957,-0.916,-0.969,-0.746,0.998,-0.953,-0.996,-0.968,0.997,0.459,0.997,0.951,-0.999,0.945,0.994,0.906,0.948,0.97,-0.987,-0.91,0.993,-0.995,-0.962,0.954,0.994,-0.961,0.985,0.989,0.96,-0.987,-0.926,0.795,-0.996,0.981,0.937,0.983,0.933,-0.993,0.985,-0.976,0.991,0.996,0.681,-0.992,-0.955,-0.95,0.86,0.683,0.991,-0.958,0.991,-0.993,-0.939,0.986,0.998,0.961,0.975,-0.997,-0.994,-0.991,-0.988,0.661,-0.989,-0.997,-0.635,-0.928,0.953,-0.995,0.985,0.999,-0.986,0.992,0.997,0.973,-0.965,-0.965,-0.983,0.986,-0.98,-0.993,-0.999,-0.96,-0.997,-0.985,-0.994,0.997,-0.993,-0.992,-0.973,-0.885,-0.998,-0.988,9.402,5.735,10.356,10.256,10.267,10.256,10.326,10.264,7.394,6.001,10.358,10.223,7.8,7.775,10.353,10.263,EssenceCatalog/problems/csplib-prob010-SocialGolfers/params/9078e0a62b9cb6634cd644efd1501899.param
0.97,0.967,0.972,-0.954,0.628,-0.887,-0.838,0.864,0.988,-0.822,-0.957,-0.868,0.997,-0.919,-0.993,0.976,0.969,0.946,0.964,0.964,-0.997,-0.248,0.987,0.982,0.944,0.908,-0.946,-0.881,0.235,-0.983,-0.592,0.73,0.96,-0.856,-0.866,0.922,0.756,-0.94,-0.633,0.627,0.955,0.987,0.621,0.933,0.361,-0.968,0.995,-0.952,0.87,0.991,-0.961,-0.977,-0.957,0.431,-0.969,0.956,0.959,-0.815,0.985,-0.996,-0.904,0.979,0.992,0.6,0.902,-0.995,0.213,-0.951,-0.984,0.825,-0.961,-0.99,-0.704,-0.921,0.619,-0.964,0.991,0.995,-0.993,0.931,0.987,0.993,-0.986,-0.889,0.484,0.851,-0.98,-0.985,-0.998,-0.98,-0.974,-0.881,-0.936,0.953,-0.963,-0.975,-0.805,-0.826,-0.995,0.113,5.285,4.566,10.323,10.354,10.372,10.369,10.329,10.305,5.279,4.696,10.299,10.349,5.548,5.278,10.316,10.348,EssenceCatalog/problems/csplib-prob010-SocialGolfers/params/5b32978e32cb9180be1cfa643b40a8b1.param
0.967,0.968,0.975,-0.949,0.723,-0.87,-0.843,0.861,0.983,-0.881,-0.951,-0.906,0.997,-0.892,-0.993,0.93,0.969,0.939,0.963,0.958,-0.997,0.467,0.976,0.982,0.858,0.873,-0.92,-0.907,0.226,-0.987,-0.512,0.782,0.939,-0.837,-0.583,0.89,0.669,-0.944,-0.691,0.771,0.839,0.986,0.639,0.919,0.646,-0.96,0.99,-0.941,0.806,0.991,-0.75,-0.97,-0.919,-0.304,-0.879,0.964,0.95,-0.228,0.979,-0.996,-0.924,0.981,0.993,0.711,0.919,-0.993,0.047,-0.925,-0.984,0.871,-0.972,-0.989,-0.859,-0.92,0.795,-0.973,0.988,0.996,-0.991,0.956,0.987,0.99,-0.985,-0.893,-0.065,0.817,-0.974,-0.986,-0.998,-0.975,-0.965,-0.883,-0.945,0.952,-0.934,-0.981,-0.799,-0.816,-0.996,-0.175,6.069,4.77,10.392,10.349,10.352,10.355,10.333,10.346,5.751,4.949,10.372,10.34,6.08,5.621,10.359,10.326,EssenceCatalog/problems/csplib-prob010-SocialGolfers/params/039fc98ab74f893da45fb8fcd5093b73.param
0.982,0.968,0.974,-0.953,0.585,-0.911,-0.833,0.807,0.983,-0.84,-0.925,-0.787,0.997,-0.925,-0.991,0.957,0.981,0.889,0.969,0.926,-0.998,0.094,0.987,0.976,0.939,0.936,-0.915,-0.85,0.965,-0.986,-0.817,0.333,0.976,-0.898,0.033,0.95,0.737,-0.951,-0.787,0.681,0.847,0.991,0.59,0.875,0.387,-0.975,0.994,-0.953,0.946,0.994,-0.924,-0.98,-0.964,-0.723,-0.911,0.943,0.967,-0.888,0.984,-0.996,-0.94,0.979,0.994,0.893,0.962,-0.997,-0.834,-0.967,-0.984,0.736,-0.972,-0.993,-0.502,-0.923,0.543,-0.977,0.991,0.995,-0.994,0.949,0.992,0.99,-0.982,-0.87,-0.479,0.893,-0.976,-0.989,-0.999,-0.974,-0.988,-0.896,-0.947,0.979,-0.979,-0.98,-0.948,-0.84,-0.995,-0.202,6.599,5.284,10.408,10.404,10.406,10.39,10.359,10.384,6.12,5.456,10.377,10.406,6.437,6.39,10.428,10.41,EssenceCatalog/problems/csplib-prob010-SocialGolfers/params/14a9d1b889b65d17bd0fe0a0f2477b45.param
0.979,0.969,0.968,-0.95,0.543,-0.907,-0.799,0.832,0.986,-0.843,-0.933,-0.83,0.997,-0.921,-0.992,0.978,0.975,0.919,0.96,0.927,-0.998,-0.0,0.987,0.98,0.936,0.925,-0.916,-0.877,0.907,-0.986,-0.754,0.426,0.972,-0.886,-0.387,0.938,0.7,-0.951,-0.757,0.668,0.93,0.991,0.601,0.863,0.362,-0.972,0.994,-0.947,0.924,0.993,-0.934,-0.977,-0.958,-0.52,-0.941,0.958,0.961,-0.841,0.983,-0.997,-0.939,0.979,0.993,0.847,0.954,-0.997,-0.625,-0.963,-0.981,0.804,-0.971,-0.992,-0.648,-0.933,0.56,-0.969,0.991,0.994,-0.994,0.932,0.99,0.991,-0.985,-0.873,-0.214,0.874,-0.978,-0.988,-0.999,-0.977,-0.984,-0.873,-0.938,0.968,-0.975,-0.98,-0.925,-0.851,-0.995,0.049,6.175,5.104,10.386,10.4,10.389,10.39,10.355,10.378,5.873,5.262,10.354,10.401,6.193,6.05,10.388,10.399,EssenceCatalog/problems/csplib-prob010-SocialGolfers/params/8f0d8ad7bb29fee5b49256e1733c7a5a.param
0.965,0.968,0.971,-0.953,0.673,-0.881,-0.862,0.875,0.989,-0.807,-0.963,-0.889,0.996,-0.915,-0.993,0.979,0.969,0.956,0.967,0.971,-0.997,-0.332,0.989,0.983,0.945,0.906,-0.952,-0.892,-0.229,-0.981,-0.55,0.788,0.96,-0.845,-0.932,0.92,0.762,-0.939,-0.598,0.627,0.97,0.987,0.677,0.949,0.341,-0.969,0.996,-0.954,0.861,0.991,-0.966,-0.979,-0.96,0.669,-0.974,0.959,0.962,-0.793,0.987,-0.995,-0.896,0.978,0.993,0.452,0.882,-0.994,0.507,-0.951,-0.986,0.855,-0.959,-0.99,-0.759,-0.927,0.649,-0.96,0.991,0.996,-0.993,0.929,0.987,0.993,-0.987,-0.897,0.639,0.839,-0.983,-0.984,-0.998,-0.981,-0.973,-0.89,-0.941,0.946,-0.959,-0.973,-0.754,-0.84,-0.995,0.16,5.041,4.395,10.313,10.343,10.369,10.363,10.331,10.288,5.113,4.512,10.31,10.333,5.366,5.037,10.312,10.336,EssenceCatalog/problems/csplib-prob010-SocialGolfers/params/528656eb240c5c70d36f90d1bef9c699.param
0.957,0.966,0.979,-0.958,0.82,-0.854,-0.891,0.88,0.985,-0.895,-0.971,-0.935,0.997,-0.895,-0.994,0.844,0.97,0.948,0.97,0.975,-0.997,0.556,0.978,0.984,0.863,0.88,-0.95,-0.914,-0.668,-0.986,-0.349,0.918,0.934,-0.82,-0.782,0.872,0.764,-0.943,-0.664,0.796,0.688,0.982,0.718,0.957,0.751,-0.959,0.99,-0.95,0.75,0.99,-0.73,-0.972,-0.907,0.285,-0.89,0.958,0.953,-0.071,0.978,-0.995,-0.894,0.983,0.994,0.496,0.866,-0.99,0.549,-0.913,-0.984,0.889,-0.968,-0.987,-0.896,-0.925,0.857,-0.976,0.987,0.997,-0.99,0.962,0.983,0.991,-0.986,-0.912,0.256,0.821,-0.975,-0.984,-0.998,-0.975,-0.955,-0.903,-0.953,0.937,-0.915,-0.982,-0.583,-0.813,-0.997,-0.431,5.713,4.416,10.389,10.312,10.334,10.341,10.32,10.321,5.458,4.579,10.39,10.296,5.778,5.203,10.349,10.282,EssenceCatalog/problems/csplib-prob010-SocialGolfers/params/1f2d6c330d665189bde478c2258b54e7.param
0.984,0.968,0.973,-0.956,0.612,-0.917,-0.836,0.792,0.98,-0.847,-0.917,-0.764,0.997,-0.929,-0.991,0.939,0.984,0.858,0.969,0.906,-0.998,0.2,0.987,0.973,0.94,0.942,-0.912,-0.838,0.984,-0.987,-0.849,0.259,0.978,-0.908,0.374,0.956,0.756,-0.952,-0.816,0.707,0.749,0.992,0.599,0.854,0.42,-0.977,0.993,-0.953,0.957,0.994,-0.901,-0.979,-0.965,-0.839,-0.87,0.935,0.969,-0.907,0.984,-0.996,-0.945,0.977,0.994,0.924,0.97,-0.998,-0.914,-0.97,-0.983,0.705,-0.974,-0.993,-0.457,-0.922,0.558,-0.979,0.99,0.994,-0.994,0.954,0.993,0.989,-0.98,-0.87,-0.659,0.906,-0.974,-0.989,-0.999,-0.973,-0.99,-0.907,-0.953,0.982,-0.983,-0.982,-0.961,-0.846,-0.995,-0.333,6.91,5.395,10.401,10.41,10.427,10.389,10.369,10.395,6.303,5.577,10.379,10.412,6.612,6.615,10.439,10.423,EssenceCatalog/problems/csplib-prob010-SocialGolfers/params/4a700e35d542900dc461a1342aaa2fd6.param
0.977,0.969,0.974,-0.953,0.577,-0.902,-0.829,0.838,0.987,-0.823,-0.943,-0.827,0.997,-0.924,-0.992,0.974,0.975,0.926,0.967,0.948,-0.998,-0.142,0.988,0.98,0.944,0.922,-0.933,-0.869,0.815,-0.984,-0.727,0.543,0.97,-0.879,-0.614,0.938,0.747,-0.947,-0.714,0.635,0.933,0.99,0.592,0.911,0.343,-0.97,0.995,-0.952,0.916,0.993,-0.953,-0.979,-0.962,-0.207,-0.954,0.953,0.963,-0.859,0.985,-0.996,-0.925,0.98,0.993,0.783,0.938,-0.996,-0.448,-0.962,-0.984,0.788,-0.967,-0.992,-0.596,-0.925,0.545,-0.971,0.991,0.995,-0.994,0.938,0.989,0.992,-0.985,-0.877,0.045,0.872,-0.979,-0.987,-0.999,-0.978,-0.983,-0.881,-0.938,0.967,-0.973,-0.977,-0.902,-0.833,-0.994,0.008,5.876,4.954,10.393,10.391,10.38,10.39,10.35,10.355,5.677,5.101,10.352,10.39,5.992,5.839,10.376,10.385,EssenceCatalog/problems/csplib-prob010-SocialGolfers/params/abd42985b79f2fd946943ee67f661b0e.param
0.962,0.97,0.969,-0.958,0.712,-0.892,-0.871,0.885,0.992,-0.821,-0.975,-0.907,0.997,-0.921,-0.995,0.987,0.959,0.965,0.965,0.967,-0.997,-0.591,0.989,0.987,0.956,0.914,-0.965,-0.913,-0.694,-0.982,-0.534,0.865,0.961,-0.852,-0.976,0.914,0.824,-0.944,-0.579,0.649,0.984,0.988,0.74,0.958,0.299,-0.967,0.997,-0.954,0.833,0.989,-0.981,-0.974,-0.961,0.88,-0.984,0.964,0.956,-0.827,0.984,-0.996,-0.892,0.977,0.992,0.158,0.86,-0.995,0.776,-0.95,-0.985,0.894,-0.958,-0.989,-0.816,-0.952,0.653,-0.95,0.991,0.996,-0.993,0.904,0.984,0.994,-0.989,-0.903,0.846,0.851,-0.982,-0.986,-0.998,-0.983,-0.965,-0.869,-0.937,0.918,-0.955,-0.973,-0.7,-0.883,-0.995,0.366,4.73,4.22,10.277,10.334,10.369,10.348,10.349,10.3,4.927,4.327,10.301,10.319,5.169,4.779,10.288,10.328,EssenceCatalog/problems/csplib-prob010-SocialGolfers/params/89e38311d4936fddf46e0386eb47ed7c.param
0.971,0.969,0.971,-0.948,0.711,-0.876,-0.817,0.855,0.982,-0.884,-0.942,-0.894,0.997,-0.898,-0.992,0.94,0.974,0.935,0.956,0.944,-0.997,0.479,0.974,0.983,0.855,0.88,-0.905,-0.906,0.585,-0.988,-0.556,0.716,0.941,-0.852,-0.388,0.894,0.634,-0.947,-0.715,0.778,0.87,0.989,0.602,0.887,0.641,-0.965,0.991,-0.942,0.824,0.993,-0.714,-0.968,-0.915,-0.541,-0.868,0.966,0.955,-0.314,0.981,-0.996,-0.937,0.98,0.993,0.797,0.938,-0.995,-0.168,-0.926,-0.982,0.87,-0.972,-0.99,-0.847,-0.913,0.791,-0.974,0.989,0.996,-0.992,0.956,0.99,0.99,-0.986,-0.89,-0.229,0.823,-0.974,-0.987,-0.999,-0.974,-0.97,-0.894,-0.951,0.96,-0.944,-0.982,-0.847,-0.806,-0.996,-0.11,6.323,4.944,10.387,10.372,10.384,10.372,10.357,10.373,5.933,5.134,10.366,10.364,6.257,5.857,10.372,10.356,EssenceCatalog/problems/csplib-prob010-SocialGolfers/params/29a62a750aeb89cf827793f174032cc5.param
0.89,0.939,-0.974,-0.987,0.799,-0.829,0.984,0.878,0.962,-0.963,-0.966,-0.836,0.992,-0.966,-0.999,0.694,0.996,0.961,-0.991,-0.886,-0.999,0.845,-0.904,0.985,0.941,0.956,-0.973,-0.973,0.792,-0.989,0.791,0.977,-0.934,-0.964,0.933,-0.936,0.955,-0.868,-0.833,0.975,0.979,0.993,-0.936,-0.993,0.971,-0.957,0.97,-0.975,-0.851,0.99,0.104,0.928,0.972,0.025,-0.855,0.971,0.986,-0.955,0.977,-0.989,-0.986,0.059,0.989,0.976,0.961,-0.993,0.98,0.756,0.987,0.939,0.273,-0.966,-0.851,0.558,0.987,0.519,0.986,0.993,-0.988,0.786,0.997,0.997,-0.984,-0.973,0.981,0.958,-0.402,-0.993,-0.995,-0.954,-0.425,-0.987,-0.986,0.864,-0.918,-0.991,0.978,0.354,-0.998,0.863,3.488,2.553,3.478,7.751,9.119,8.467,8.955,9.488,3.402,3.0,3.506,7.569,3.967,3.293,4.525,7.761,EssenceCatalog/problems/csplib-prob010-SocialGolfers/params/ord20-6-9-4.param
0.97,0.97,0.969,-0.949,0.596,-0.894,-0.813,0.864,0.989,-0.837,-0.956,-0.878,0.997,-0.916,-0.993,0.984,0.965,0.95,0.959,0.953,-0.998,-0.234,0.987,0.984,0.937,0.906,-0.938,-0.903,0.347,-0.984,-0.621,0.683,0.963,-0.859,-0.854,0.918,0.725,-0.947,-0.677,0.653,0.97,0.99,0.641,0.913,0.352,-0.967,0.995,-0.946,0.872,0.991,-0.954,-0.975,-0.955,0.273,-0.968,0.966,0.955,-0.776,0.983,-0.997,-0.923,0.979,0.992,0.642,0.919,-0.996,0.16,-0.953,-0.983,0.861,-0.966,-0.99,-0.768,-0.941,0.618,-0.96,0.991,0.995,-0.993,0.918,0.987,0.993,-0.987,-0.886,0.414,0.846,-0.981,-0.986,-0.999,-0.981,-0.974,-0.862,-0.932,0.947,-0.961,-0.976,-0.835,-0.861,-0.995,0.245,5.347,4.622,10.329,10.378,10.382,10.383,10.347,10.334,5.338,4.753,10.305,10.373,5.616,5.322,10.321,10.371,EssenceCatalog/problems/csplib-prob010-SocialGolfers/params/644352cad8969e3f33aad5251fe2b798.param
0.974,0.969,0.968,-0.947,0.684,-0.887,-0.806,0.839,0.981,-0.885,-0.934,-0.877,0.997,-0.897,-0.992,0.938,0.978,0.925,0.952,0.929,-0.998,0.516,0.973,0.981,0.858,0.893,-0.895,-0.899,0.814,-0.988,-0.618,0.617,0.95,-0.864,-0.106,0.901,0.612,-0.948,-0.736,0.781,0.863,0.99,0.585,0.858,0.618,-0.969,0.991,-0.944,0.86,0.994,-0.697,-0.968,-0.918,-0.715,-0.848,0.963,0.961,-0.428,0.982,-0.996,-0.945,0.979,0.994,0.854,0.953,-0.995,-0.45,-0.933,-0.982,0.85,-0.973,-0.991,-0.821,-0.91,0.777,-0.975,0.989,0.996,-0.992,0.956,0.992,0.989,-0.985,-0.887,-0.403,0.835,-0.975,-0.988,-0.999,-0.973,-0.976,-0.904,-0.956,0.968,-0.954,-0.983,-0.881,-0.797,-0.996,-0.113,6.616,5.122,10.382,10.384,10.406,10.376,10.365,10.391,6.123,5.316,10.358,10.38,6.442,6.126,10.383,10.382,EssenceCatalog/problems/csplib-prob010-SocialGolfers/params/ca0e2f05d97fe34868da62ca4789fbe5.param
0.418,0.967,-0.943,-0.982,-0.949,-0.781,0.897,0.974,0.963,-0.915,-0.931,-0.953,0.99,-0.835,-0.997,0.578,0.996,0.923,-0.85,0.491,-0.997,0.95,0.999,0.969,0.952,0.962,-0.972,-0.926,0.961,-0.988,-0.831,0.679,0.998,-0.963,0.905,0.187,0.928,-0.964,-0.933,0.596,0.746,0.986,0.887,-0.808,0.36,-0.997,0.999,-0.974,0.964,0.998,-0.843,-0.949,0.667,0.938,-0.968,0.917,0.997,-0.947,0.998,-0.987,-0.949,0.936,0.997,0.942,0.949,-0.992,0.886,-0.978,0.932,0.77,-0.935,-0.998,-0.918,-0.864,0.909,0.893,0.988,1.0,-0.982,0.386,0.997,0.995,-0.975,-0.967,0.689,0.937,-0.997,-0.978,-0.994,-0.986,-0.998,-0.988,-0.99,0.847,-0.996,-0.989,0.898,-0.337,-0.995,0.227,4.582,3.637,5.756,10.165,10.47,10.513,10.544,10.519,4.476,3.812,5.8,10.173,4.948,4.679,6.649,10.168,EssenceCatalog/problems/csplib-prob010-SocialGolfers/params/ce3e1a4bab2eaec09654c1f02c9dc09b.param
0.979,0.968,0.966,-0.947,0.515,-0.909,-0.8,0.827,0.985,-0.844,-0.927,-0.825,0.997,-0.918,-0.992,0.974,0.977,0.911,0.96,0.924,-0.998,0.069,0.988,0.979,0.934,0.929,-0.911,-0.871,0.936,-0.986,-0.777,0.35,0.977,-0.888,-0.24,0.941,0.688,-0.951,-0.773,0.667,0.92,0.991,0.622,0.855,0.343,-0.974,0.994,-0.948,0.936,0.994,-0.928,-0.979,-0.959,-0.605,-0.933,0.955,0.965,-0.85,0.984,-0.997,-0.94,0.979,0.993,0.869,0.959,-0.997,-0.707,-0.966,-0.981,0.787,-0.973,-0.992,-0.629,-0.934,0.553,-0.969,0.991,0.995,-0.994,0.933,0.991,0.991,-0.983,-0.876,-0.33,0.876,-0.979,-0.988,-0.999,-0.977,-0.986,-0.878,-0.943,0.971,-0.977,-0.98,-0.932,-0.851,-0.995,-0.005,6.319,5.174,10.381,10.396,10.388,10.384,10.345,10.372,5.96,5.335,10.35,10.398,6.279,6.163,10.391,10.4,EssenceCatalog/problems/csplib-prob010-SocialGolfers/params/036033f6b8491cb6e8e893b57bb56ffd.param
0.985,0.969,0.972,-0.959,0.596,-0.919,-0.835,0.799,0.981,-0.845,-0.921,-0.757,0.997,-0.933,-0.992,0.943,0.985,0.85,0.969,0.904,-0.998,0.155,0.989,0.973,0.948,0.949,-0.919,-0.838,0.986,-0.988,-0.864,0.255,0.982,-0.915,0.376,0.96,0.784,-0.956,-0.829,0.694,0.748,0.992,0.618,0.851,0.386,-0.979,0.994,-0.955,0.963,0.995,-0.922,-0.981,-0.968,-0.821,-0.886,0.93,0.973,-0.93,0.985,-0.997,-0.945,0.977,0.994,0.924,0.971,-0.998,-0.922,-0.974,-0.982,0.692,-0.975,-0.994,-0.42,-0.927,0.535,-0.978,0.991,0.995,-0.995,0.951,0.993,0.99,-0.981,-0.87,-0.641,0.917,-0.975,-0.99,-0.999,-0.974,-0.991,-0.906,-0.954,0.983,-0.986,-0.982,-0.963,-0.848,-0.995,-0.344,6.886,5.398,10.409,10.42,10.436,10.401,10.379,10.404,6.291,5.579,10.386,10.423,6.6,6.622,10.448,10.435,EssenceCatalog/problems/csplib-prob010-SocialGolfers/params/421a283d9ad4fcf5320462014a57593e.param
0.962,0.966,0.976,-0.948,0.672,-0.871,-0.855,0.857,0.986,-0.849,-0.957,-0.898,0.997,-0.902,-0.992,0.96,0.965,0.946,0.966,0.966,-0.997,0.096,0.982,0.982,0.904,0.885,-0.934,-0.898,-0.065,-0.983,-0.527,0.776,0.95,-0.834,-0.83,0.904,0.707,-0.939,-0.642,0.683,0.919,0.985,0.659,0.935,0.506,-0.96,0.993,-0.946,0.834,0.99,-0.905,-0.974,-0.945,0.253,-0.944,0.96,0.952,-0.528,0.98,-0.995,-0.904,0.981,0.992,0.584,0.898,-0.993,0.298,-0.937,-0.985,0.853,-0.966,-0.988,-0.812,-0.928,0.713,-0.968,0.989,0.995,-0.991,0.941,0.984,0.991,-0.986,-0.89,0.314,0.82,-0.978,-0.984,-0.998,-0.976,-0.965,-0.87,-0.935,0.942,-0.942,-0.976,-0.768,-0.835,-0.995,-0.041,5.471,4.545,10.351,10.336,10.344,10.349,10.313,10.305,5.372,4.685,10.334,10.327,5.666,5.268,10.327,10.32,EssenceCatalog/problems/csplib-prob010-SocialGolfers/params/6d619e3f67c8291a5935a734fb06d5fb.param
0.953,0.971,0.981,-0.962,0.848,-0.86,-0.912,0.902,0.986,-0.927,-0.978,-0.959,0.998,-0.894,-0.996,0.71,0.978,0.956,0.972,0.977,-0.998,0.818,0.979,0.987,0.818,0.903,-0.955,-0.94,-0.774,-0.989,-0.381,0.948,0.953,-0.833,-0.679,0.871,0.802,-0.961,-0.768,0.864,0.428,0.983,0.806,0.963,0.852,-0.967,0.991,-0.955,0.78,0.991,-0.377,-0.977,-0.879,0.072,-0.774,0.969,0.961,0.387,0.981,-0.996,-0.918,0.987,0.995,0.583,0.892,-0.991,0.569,-0.926,-0.984,0.924,-0.98,-0.99,-0.947,-0.949,0.917,-0.979,0.988,0.998,-0.99,0.967,0.987,0.991,-0.988,-0.932,0.04,0.848,-0.978,-0.988,-0.998,-0.978,-0.965,-0.921,-0.967,0.941,-0.911,-0.987,-0.544,-0.854,-0.998,-0.61,6.209,4.5,10.445,10.337,10.332,10.353,10.335,10.357,5.726,4.687,10.453,10.316,6.088,5.381,10.392,10.298,EssenceCatalog/problems/csplib-prob010-SocialGolfers/params/5a8e2cedbfdee71b649206f60aa4e2eb.param
0.981,0.949,0.984,-0.981,0.78,-0.894,-0.937,0.847,0.976,-0.813,-0.969,-0.718,0.997,-0.946,-0.994,0.335,0.991,0.745,0.987,0.978,-0.998,0.245,0.994,0.957,0.972,0.959,-0.98,-0.711,0.937,-0.988,-0.87,0.87,0.986,-0.935,0.462,0.972,0.934,-0.961,-0.816,0.573,-0.742,0.98,0.762,0.954,0.654,-0.983,0.992,-0.974,0.968,0.993,-0.966,-0.987,-0.97,0.09,-0.901,0.666,0.984,-0.979,0.985,-0.991,-0.846,0.981,0.997,0.81,0.927,-0.996,-0.903,-0.979,-0.984,0.367,-0.967,-0.993,0.058,-0.864,0.679,-0.983,0.99,0.998,-0.993,0.972,0.991,0.991,-0.975,-0.898,-0.348,0.964,-0.98,-0.985,-0.998,-0.972,-0.993,-0.939,-0.967,0.987,-0.991,-0.984,-0.869,-0.721,-0.996,-0.878,7.317,5.265,10.36,10.282,10.303,10.303,10.238,10.294,6.327,5.479,10.316,10.278,6.644,6.925,10.341,10.305,EssenceCatalog/problems/csplib-prob010-SocialGolfers/params/c3d7f025cfcb1cc9c2991b0f5b24058e.param
0.994,0.991,0.991,-0.994,0.988,-0.974,-0.982,0.924,0.984,-0.975,-0.988,-0.957,1.0,-0.981,-0.999,-0.97,0.998,0.697,0.994,0.764,-1.0,0.991,0.989,0.975,0.96,0.988,-0.993,-0.979,0.995,-0.998,-0.982,0.988,0.993,-0.984,0.996,0.99,0.987,-0.997,-0.976,0.965,-0.998,0.994,0.986,0.961,0.986,-0.996,0.988,-0.98,0.992,0.998,0.967,-0.989,-0.899,-0.995,0.984,0.96,0.991,-0.563,0.994,-0.999,-0.988,0.993,0.998,0.986,0.991,-0.999,-0.996,-0.995,-0.972,0.961,-0.997,-0.999,-0.955,-0.985,0.988,-0.996,0.988,0.999,-0.996,0.992,0.998,0.985,-0.987,-0.984,-0.996,0.994,-0.981,-0.998,-1.0,-0.982,-0.997,-0.991,-0.997,0.997,-0.995,-0.998,-0.993,-0.968,-0.999,-0.993,9.721,5.852,10.556,10.499,10.483,10.474,10.577,10.546,7.646,6.122,10.565,10.48,8.084,7.832,10.552,10.514,EssenceCatalog/problems/csplib-prob010-SocialGolfers/params/e381b1b3aa90aa19a2a946b627657836.param
0.949,0.968,0.984,-0.964,0.897,-0.851,-0.939,0.9,0.987,-0.921,-0.984,-0.962,0.998,-0.9,-0.996,0.632,0.98,0.957,0.977,0.982,-0.997,0.797,0.973,0.986,0.844,0.909,-0.959,-0.937,-0.911,-0.988,-0.301,0.968,0.941,-0.826,-0.79,0.878,0.845,-0.957,-0.743,0.871,0.366,0.98,0.821,0.972,0.871,-0.965,0.991,-0.96,0.747,0.99,-0.44,-0.977,-0.898,0.358,-0.818,0.963,0.969,0.352,0.979,-0.995,-0.904,0.986,0.995,0.435,0.862,-0.99,0.705,-0.913,-0.987,0.924,-0.976,-0.989,-0.946,-0.947,0.933,-0.98,0.988,0.998,-0.99,0.972,0.986,0.991,-0.988,-0.937,0.24,0.848,-0.976,-0.988,-0.998,-0.976,-0.959,-0.928,-0.968,0.936,-0.906,-0.987,-0.415,-0.847,-0.998,-0.699,5.992,4.367,10.427,10.316,10.324,10.352,10.333,10.343,5.574,4.545,10.437,10.294,5.932,5.237,10.371,10.279,EssenceCatalog/problems/csplib-prob010-SocialGolfers/params/7a413e97287a03f789473cfd05a36b68.param
0.983,0.969,0.973,-0.958,0.578,-0.914,-0.823,0.815,0.984,-0.835,-0.932,-0.782,0.997,-0.931,-0.992,0.964,0.982,0.89,0.967,0.923,-0.998,-0.014,0.988,0.977,0.949,0.942,-0.923,-0.849,0.965,-0.986,-0.82,0.363,0.977,-0.903,-0.052,0.952,0.771,-0.952,-0.79,0.668,0.867,0.991,0.586,0.872,0.352,-0.976,0.995,-0.955,0.948,0.994,-0.944,-0.98,-0.967,-0.657,-0.932,0.941,0.969,-0.919,0.985,-0.997,-0.941,0.978,0.994,0.886,0.962,-0.998,-0.83,-0.969,-0.983,0.732,-0.971,-0.993,-0.464,-0.925,0.515,-0.976,0.991,0.995,-0.995,0.944,0.992,0.991,-0.982,-0.871,-0.381,0.902,-0.977,-0.989,-0.999,-0.977,-0.988,-0.894,-0.946,0.979,-0.982,-0.98,-0.946,-0.838,-0.995,-0.167,6.473,5.248,10.409,10.405,10.406,10.396,10.364,10.387,6.048,5.418,10.375,10.41,6.364,6.329,10.426,10.411,EssenceCatalog/problems/csplib-prob010-SocialGolfers/params/4bd4627d6fa0ca9a9ce2f6673c614f96.param
0.98,0.969,0.969,-0.952,0.535,-0.909,-0.803,0.835,0.986,-0.837,-0.935,-0.819,0.997,-0.924,-0.992,0.978,0.976,0.916,0.961,0.93,-0.998,-0.064,0.988,0.98,0.943,0.932,-0.923,-0.871,0.921,-0.986,-0.774,0.408,0.975,-0.89,-0.378,0.942,0.727,-0.952,-0.764,0.658,0.93,0.991,0.599,0.87,0.327,-0.974,0.995,-0.95,0.932,0.994,-0.947,-0.979,-0.962,-0.483,-0.948,0.955,0.965,-0.877,0.985,-0.997,-0.939,0.979,0.993,0.845,0.955,-0.997,-0.657,-0.966,-0.982,0.789,-0.971,-0.992,-0.607,-0.933,0.534,-0.968,0.991,0.995,-0.994,0.932,0.99,0.992,-0.984,-0.875,-0.179,0.884,-0.979,-0.988,-0.999,-0.979,-0.985,-0.877,-0.94,0.971,-0.978,-0.98,-0.927,-0.848,-0.995,0.025,6.15,5.109,10.39,10.403,10.391,10.394,10.357,10.379,5.859,5.264,10.355,10.405,6.178,6.062,10.392,10.404,EssenceCatalog/problems/csplib-prob010-SocialGolfers/params/5ba0e6507e85f40b60a32e1a882cb664.param
0.96,0.964,0.968,-0.966,0.688,-0.884,-0.89,0.889,0.993,-0.788,-0.977,-0.901,0.996,-0.926,-0.995,0.982,0.963,0.962,0.969,0.974,-0.997,-0.64,0.992,0.985,0.969,0.931,-0.972,-0.894,-0.724,-0.98,-0.582,0.88,0.972,-0.867,-0.979,0.924,0.864,-0.945,-0.581,0.572,0.975,0.987,0.784,0.968,0.238,-0.97,0.997,-0.96,0.868,0.989,-0.989,-0.979,-0.967,0.937,-0.988,0.947,0.965,-0.895,0.986,-0.995,-0.87,0.978,0.992,0.025,0.848,-0.994,0.755,-0.956,-0.986,0.849,-0.956,-0.989,-0.753,-0.944,0.619,-0.945,0.991,0.997,-0.994,0.903,0.983,0.994,-0.987,-0.898,0.887,0.875,-0.983,-0.985,-0.998,-0.984,-0.972,-0.883,-0.942,0.926,-0.966,-0.972,-0.672,-0.868,-0.994,0.249,4.708,4.213,10.282,10.331,10.36,10.339,10.334,10.282,4.898,4.316,10.306,10.313,5.14,4.795,10.288,10.323,EssenceCatalog/problems/csplib-prob010-SocialGolfers/params/19bf5e6b852147bcdfa8aa5ada6308e9.param
0.964,0.969,0.979,-0.953,0.785,-0.864,-0.87,0.868,0.985,-0.872,-0.963,-0.919,0.997,-0.898,-0.993,0.935,0.966,0.948,0.968,0.97,-0.997,0.317,0.974,0.983,0.876,0.868,-0.936,-0.911,-0.375,-0.986,-0.411,0.861,0.923,-0.827,-0.81,0.884,0.718,-0.94,-0.636,0.767,0.876,0.985,0.65,0.943,0.649,-0.958,0.991,-0.944,0.754,0.99,-0.823,-0.969,-0.927,0.159,-0.92,0.965,0.95,-0.276,0.979,-0.995,-0.908,0.98,0.993,0.546,0.887,-0.992,0.427,-0.915,-0.986,0.884,-0.965,-0.988,-0.866,-0.92,0.805,-0.974,0.989,0.996,-0.991,0.957,0.985,0.991,-0.986,-0.902,0.283,0.808,-0.974,-0.985,-0.998,-0.976,-0.956,-0.885,-0.942,0.942,-0.924,-0.979,-0.706,-0.815,-0.996,-0.164,5.573,4.478,10.367,10.314,10.331,10.338,10.317,10.313,5.414,4.632,10.36,10.303,5.721,5.206,10.337,10.29,EssenceCatalog/problems/csplib-prob010-SocialGolfers/params/9bb3e2387a81e594cc1947d250a5dc8b.param
0.981,0.954,0.986,-0.976,0.776,-0.901,-0.938,0.816,0.971,-0.822,-0.956,-0.702,0.997,-0.938,-0.992,0.293,0.99,0.732,0.989,0.973,-0.998,0.354,0.994,0.953,0.961,0.953,-0.972,-0.723,0.962,-0.988,-0.885,0.803,0.986,-0.929,0.601,0.973,0.906,-0.958,-0.823,0.583,-0.729,0.981,0.743,0.953,0.637,-0.981,0.99,-0.971,0.971,0.993,-0.931,-0.987,-0.97,-0.381,-0.816,0.72,0.982,-0.966,0.985,-0.992,-0.864,0.982,0.996,0.862,0.942,-0.996,-0.936,-0.979,-0.987,0.396,-0.972,-0.993,-0.036,-0.876,0.675,-0.986,0.988,0.997,-0.991,0.973,0.991,0.989,-0.972,-0.89,-0.61,0.956,-0.978,-0.985,-0.998,-0.968,-0.993,-0.934,-0.968,0.988,-0.989,-0.982,-0.918,-0.763,-0.996,-0.877,7.633,5.395,10.368,10.29,10.294,10.298,10.252,10.302,6.523,5.612,10.336,10.283,6.847,7.105,10.363,10.308,EssenceCatalog/problems/csplib-prob010-SocialGolfers/params/e0b8b92b193a8f395b981aee2383feb7.param
0.949,0.965,0.981,-0.964,0.879,-0.847,-0.924,0.897,0.985,-0.906,-0.982,-0.951,0.997,-0.899,-0.996,0.651,0.978,0.949,0.973,0.981,-0.997,0.74,0.976,0.984,0.863,0.905,-0.958,-0.921,-0.876,-0.987,-0.246,0.962,0.936,-0.827,-0.793,0.874,0.848,-0.947,-0.704,0.844,0.373,0.978,0.789,0.967,0.845,-0.964,0.99,-0.959,0.729,0.99,-0.605,-0.974,-0.898,0.453,-0.861,0.951,0.968,0.102,0.978,-0.993,-0.891,0.984,0.995,0.401,0.849,-0.988,0.675,-0.912,-0.984,0.902,-0.969,-0.989,-0.923,-0.927,0.917,-0.976,0.987,0.998,-0.99,0.971,0.984,0.991,-0.987,-0.926,0.307,0.846,-0.975,-0.985,-0.998,-0.975,-0.959,-0.927,-0.962,0.935,-0.915,-0.986,-0.377,-0.809,-0.997,-0.685,5.86,4.339,10.388,10.297,10.326,10.341,10.319,10.327,5.49,4.513,10.399,10.277,5.826,5.212,10.345,10.264,EssenceCatalog/problems/csplib-prob010-SocialGolfers/params/7df4156d92dd253e99939cd2b18a5683.param
0.978,0.968,0.974,-0.952,0.559,-0.902,-0.824,0.831,0.985,-0.828,-0.938,-0.82,0.997,-0.923,-0.991,0.97,0.976,0.918,0.967,0.941,-0.998,-0.063,0.988,0.979,0.94,0.925,-0.925,-0.864,0.877,-0.985,-0.753,0.482,0.972,-0.88,-0.478,0.94,0.735,-0.948,-0.738,0.641,0.915,0.99,0.599,0.901,0.342,-0.971,0.994,-0.951,0.925,0.993,-0.943,-0.979,-0.962,-0.375,-0.944,0.951,0.963,-0.858,0.984,-0.996,-0.929,0.98,0.993,0.82,0.947,-0.997,-0.585,-0.964,-0.984,0.774,-0.97,-0.992,-0.585,-0.926,0.547,-0.972,0.991,0.995,-0.994,0.938,0.99,0.992,-0.984,-0.872,-0.115,0.876,-0.978,-0.987,-0.999,-0.977,-0.984,-0.879,-0.94,0.97,-0.974,-0.977,-0.915,-0.835,-0.994,-0.043,6.076,5.051,10.398,10.39,10.376,10.385,10.344,10.358,5.8,5.205,10.358,10.391,6.12,5.993,10.387,10.388,EssenceCatalog/problems/csplib-prob010-SocialGolfers/params/058c50897554d0a06256e0edb697fc87.param
0.926,0.959,0.973,-0.962,0.81,-0.843,-0.925,0.902,0.99,-0.818,-0.982,-0.944,0.996,-0.899,-0.995,0.938,0.968,0.964,0.973,0.985,-0.996,-0.206,0.991,0.983,0.937,0.914,-0.971,-0.899,-0.965,-0.98,-0.334,0.951,0.96,-0.836,-0.982,0.894,0.85,-0.935,-0.533,0.68,0.939,0.978,0.835,0.978,0.528,-0.968,0.996,-0.962,0.797,0.988,-0.963,-0.98,-0.95,0.961,-0.977,0.945,0.971,-0.591,0.985,-0.992,-0.812,0.978,0.992,-0.255,0.754,-0.987,0.924,-0.934,-0.985,0.886,-0.952,-0.988,-0.876,-0.941,0.811,-0.943,0.988,0.998,-0.99,0.933,0.981,0.992,-0.986,-0.92,0.884,0.816,-0.984,-0.98,-0.997,-0.979,-0.962,-0.904,-0.951,0.898,-0.937,-0.975,-0.221,-0.858,-0.995,-0.133,4.788,4.07,10.247,10.271,10.325,10.3,10.298,10.249,4.899,4.181,10.279,10.254,5.14,4.68,10.241,10.262,EssenceCatalog/problems/csplib-prob010-SocialGolfers/params/474ae5f9832b42002137aaa107b3316d.param
0.971,0.878,0.988,-0.908,0.974,-0.84,-0.96,-0.16,0.931,-0.894,-0.742,-0.814,0.987,-0.877,-0.982,-0.96,0.974,-0.197,0.969,-0.569,-0.985,0.934,-0.845,0.852,0.865,0.944,-0.419,-0.916,0.979,-0.974,-0.946,0.799,0.881,-0.938,0.973,0.962,0.897,-0.981,-0.896,0.837,-0.993,0.96,0.919,0.768,0.952,-0.734,0.148,-0.664,0.945,0.832,0.971,0.048,-0.903,-0.999,0.977,0.903,0.734,0.317,-0.35,-0.991,-0.967,0.952,0.837,0.944,0.975,-0.993,-0.998,-0.806,-0.983,0.674,-0.972,-0.923,-0.836,-0.944,0.902,-0.99,0.835,0.805,-0.979,0.926,0.909,0.065,-0.894,-0.699,-0.985,0.947,0.3,-0.973,-0.988,-0.416,-0.924,-0.815,-0.927,0.965,-0.869,-0.932,-0.994,-0.941,-0.982,-0.962,8.502,4.951,8.496,8.331,8.317,8.123,8.494,8.772,6.453,5.198,8.465,8.251,6.85,6.577,8.428,8.347,EssenceCatalog/problems/csplib-prob010-SocialGolfers/params/ord17-7-6-4.param
0.969,0.967,0.973,-0.951,0.704,-0.88,-0.835,0.851,0.979,-0.899,-0.943,-0.892,0.998,-0.896,-0.992,0.851,0.975,0.921,0.961,0.946,-0.997,0.683,0.978,0.981,0.826,0.89,-0.914,-0.905,0.632,-0.988,-0.605,0.733,0.956,-0.854,-0.059,0.893,0.677,-0.951,-0.764,0.793,0.603,0.986,0.651,0.899,0.712,-0.964,0.988,-0.945,0.854,0.992,-0.527,-0.971,-0.897,-0.658,-0.752,0.957,0.952,-0.156,0.979,-0.996,-0.933,0.983,0.993,0.83,0.942,-0.994,-0.382,-0.934,-0.981,0.855,-0.978,-0.99,-0.851,-0.917,0.817,-0.977,0.987,0.996,-0.991,0.96,0.988,0.989,-0.983,-0.889,-0.486,0.848,-0.974,-0.986,-0.998,-0.97,-0.974,-0.896,-0.957,0.963,-0.943,-0.983,-0.849,-0.813,-0.996,-0.397,6.898,5.112,10.409,10.365,10.369,10.349,10.337,10.377,6.24,5.314,10.385,10.355,6.581,6.198,10.383,10.363,EssenceCatalog/problems/csplib-prob010-SocialGolfers/params/30ed89ef8413cfab09a7650aff5ee0d1.param
0.972,0.942,0.981,-0.98,0.727,-0.869,-0.927,0.873,0.982,-0.798,-0.975,-0.802,0.997,-0.945,-0.994,0.545,0.987,0.833,0.983,0.984,-0.998,0.079,0.994,0.963,0.974,0.955,-0.981,-0.732,0.658,-0.986,-0.789,0.907,0.984,-0.925,-0.254,0.96,0.934,-0.957,-0.753,0.511,-0.478,0.977,0.77,0.962,0.611,-0.979,0.993,-0.972,0.952,0.992,-0.982,-0.986,-0.967,0.69,-0.957,0.709,0.982,-0.968,0.982,-0.99,-0.812,0.983,0.996,0.626,0.884,-0.995,-0.628,-0.973,-0.983,0.427,-0.961,-0.992,-0.064,-0.872,0.671,-0.975,0.99,0.998,-0.993,0.963,0.986,0.993,-0.979,-0.897,0.269,0.953,-0.982,-0.983,-0.998,-0.975,-0.991,-0.925,-0.96,0.979,-0.988,-0.983,-0.73,-0.71,-0.996,-0.821,6.434,4.898,10.369,10.289,10.308,10.316,10.237,10.284,5.805,5.088,10.31,10.285,6.122,6.288,10.312,10.293,EssenceCatalog/problems/csplib-prob010-SocialGolfers/params/a10e3f46f4564ed9fb7a1cb74f146ec6.param
0.969,0.968,0.974,-0.955,0.629,-0.891,-0.859,0.863,0.99,-0.804,-0.961,-0.869,0.997,-0.923,-0.993,0.979,0.968,0.948,0.97,0.967,-0.997,-0.389,0.989,0.982,0.952,0.915,-0.952,-0.884,0.109,-0.982,-0.632,0.749,0.966,-0.859,-0.908,0.931,0.789,-0.944,-0.633,0.593,0.961,0.987,0.661,0.947,0.294,-0.968,0.996,-0.954,0.885,0.991,-0.973,-0.979,-0.965,0.572,-0.975,0.954,0.961,-0.846,0.985,-0.996,-0.901,0.98,0.992,0.521,0.898,-0.995,0.252,-0.957,-0.986,0.827,-0.962,-0.99,-0.682,-0.932,0.579,-0.964,0.991,0.995,-0.993,0.926,0.986,0.993,-0.986,-0.887,0.574,0.857,-0.981,-0.985,-0.998,-0.981,-0.976,-0.876,-0.936,0.951,-0.965,-0.972,-0.812,-0.844,-0.994,0.135,5.166,4.514,10.334,10.358,10.369,10.368,10.326,10.3,5.197,4.637,10.315,10.35,5.462,5.203,10.324,10.353,EssenceCatalog/problems/csplib-prob010-SocialGolfers/params/b081537c818f91947110e2c04ef59fc5.param
0.973,0.968,0.968,-0.944,0.566,-0.897,-0.814,0.846,0.987,-0.835,-0.943,-0.864,0.997,-0.91,-0.992,0.981,0.972,0.939,0.96,0.946,-0.998,-0.079,0.986,0.982,0.931,0.911,-0.924,-0.889,0.722,-0.984,-0.682,0.548,0.968,-0.864,-0.692,0.926,0.675,-0.946,-0.706,0.646,0.96,0.99,0.625,0.898,0.355,-0.97,0.995,-0.948,0.901,0.993,-0.94,-0.977,-0.956,-0.155,-0.954,0.964,0.961,-0.787,0.985,-0.997,-0.93,0.979,0.993,0.762,0.937,-0.996,-0.227,-0.956,-0.983,0.836,-0.968,-0.991,-0.725,-0.935,0.597,-0.966,0.991,0.995,-0.993,0.927,0.99,0.992,-0.986,-0.884,0.094,0.847,-0.981,-0.987,-0.999,-0.979,-0.98,-0.877,-0.94,0.961,-0.967,-0.977,-0.883,-0.848,-0.995,0.158,5.747,4.868,10.362,10.389,10.379,10.386,10.347,10.348,5.604,5.011,10.332,10.385,5.911,5.679,10.351,10.38,EssenceCatalog/problems/csplib-prob010-SocialGolfers/params/99f7b76e8ffc05d4d3298182cc21d4c1.param
0.975,0.967,0.966,-0.947,0.538,-0.9,-0.793,0.843,0.987,-0.837,-0.942,-0.86,0.997,-0.911,-0.992,0.982,0.974,0.935,0.955,0.937,-0.998,-0.065,0.985,0.982,0.936,0.918,-0.921,-0.886,0.801,-0.985,-0.698,0.508,0.969,-0.871,-0.615,0.925,0.678,-0.947,-0.713,0.655,0.96,0.991,0.601,0.878,0.345,-0.973,0.995,-0.95,0.908,0.993,-0.944,-0.975,-0.955,-0.252,-0.958,0.963,0.964,-0.821,0.985,-0.997,-0.934,0.978,0.993,0.792,0.943,-0.996,-0.334,-0.957,-0.982,0.824,-0.967,-0.992,-0.703,-0.932,0.587,-0.964,0.991,0.995,-0.993,0.924,0.991,0.992,-0.986,-0.883,0.077,0.856,-0.98,-0.987,-0.999,-0.979,-0.981,-0.881,-0.942,0.964,-0.97,-0.978,-0.887,-0.839,-0.995,0.17,5.811,4.919,10.346,10.385,10.38,10.382,10.349,10.354,5.652,5.065,10.315,10.385,5.958,5.755,10.341,10.379,EssenceCatalog/problems/csplib-prob010-SocialGolfers/params/c9901af69696f9c0c49b32402ef3876e.param
0.513,0.966,-0.993,-0.983,-0.992,-0.74,0.994,0.983,0.975,-0.946,-0.882,-0.944,0.993,-0.904,-0.998,0.949,0.97,0.957,-0.992,-0.866,-0.997,0.926,0.999,0.986,0.971,0.975,-0.978,-0.955,0.985,-0.992,-0.878,0.561,0.996,-0.974,0.908,-0.464,0.951,-0.969,-0.961,0.546,0.926,0.994,0.729,-0.988,0.086,-0.993,0.996,-0.927,0.916,0.988,-0.958,-0.491,0.913,0.966,-0.985,0.968,0.983,-0.956,0.983,-0.995,-0.969,0.906,0.988,0.959,0.983,-0.998,0.889,-0.963,0.994,0.844,-0.945,-0.993,-0.941,-0.942,0.831,0.988,0.984,0.994,-0.99,-0.835,0.977,0.996,-0.983,-0.936,0.937,0.961,-0.985,-0.983,-0.995,-0.99,-0.991,-0.917,-0.964,0.236,-0.996,-0.99,0.918,-0.717,-0.995,0.857,4.058,3.405,4.771,9.963,10.331,10.29,10.445,10.57,4.043,3.557,4.779,10.007,4.62,4.2,5.717,9.992,EssenceCatalog/problems/csplib-prob010-SocialGolfers/params/69fe23b047501e014d73974222ae2ff3.param
0.966,0.968,0.973,-0.956,0.698,-0.887,-0.865,0.872,0.99,-0.816,-0.967,-0.888,0.997,-0.921,-0.994,0.979,0.967,0.957,0.968,0.971,-0.997,-0.401,0.987,0.984,0.95,0.906,-0.957,-0.894,-0.344,-0.982,-0.534,0.821,0.956,-0.851,-0.943,0.918,0.79,-0.939,-0.584,0.635,0.969,0.987,0.664,0.953,0.366,-0.967,0.996,-0.955,0.847,0.99,-0.971,-0.976,-0.961,0.719,-0.976,0.959,0.958,-0.806,0.985,-0.996,-0.894,0.979,0.992,0.397,0.874,-0.994,0.565,-0.947,-0.986,0.856,-0.957,-0.99,-0.75,-0.929,0.648,-0.961,0.991,0.996,-0.993,0.93,0.986,0.994,-0.988,-0.898,0.701,0.846,-0.981,-0.985,-0.998,-0.981,-0.969,-0.884,-0.937,0.943,-0.957,-0.973,-0.747,-0.844,-0.995,0.179,4.973,4.351,10.307,10.336,10.37,10.359,10.337,10.292,5.069,4.467,10.309,10.327,5.318,4.982,10.309,10.33,EssenceCatalog/problems/csplib-prob010-SocialGolfers/params/f761ce1cb7abf6a9e9a4318e64c1f528.param
0.976,0.968,0.966,-0.946,0.564,-0.901,-0.792,0.84,0.986,-0.843,-0.94,-0.858,0.997,-0.912,-0.992,0.981,0.975,0.936,0.955,0.935,-0.998,-0.009,0.984,0.982,0.932,0.915,-0.92,-0.888,0.826,-0.985,-0.693,0.493,0.966,-0.873,-0.563,0.924,0.667,-0.947,-0.717,0.675,0.958,0.991,0.589,0.874,0.373,-0.972,0.995,-0.948,0.904,0.993,-0.933,-0.975,-0.953,-0.361,-0.951,0.964,0.963,-0.802,0.985,-0.997,-0.938,0.978,0.993,0.807,0.945,-0.997,-0.377,-0.954,-0.982,0.829,-0.967,-0.992,-0.713,-0.932,0.6,-0.967,0.991,0.995,-0.994,0.931,0.991,0.992,-0.986,-0.885,-0.007,0.854,-0.98,-0.988,-0.999,-0.978,-0.98,-0.886,-0.943,0.965,-0.969,-0.979,-0.893,-0.842,-0.995,0.158,5.915,4.963,10.359,10.391,10.388,10.389,10.357,10.367,5.719,5.114,10.33,10.391,6.03,5.821,10.357,10.385,EssenceCatalog/problems/csplib-prob010-SocialGolfers/params/8d1ccc8ee9820c0d895b09465e70b545.param
0.956,0.971,0.956,-0.961,0.775,-0.881,-0.856,0.895,0.992,-0.826,-0.977,-0.916,0.996,-0.918,-0.995,0.988,0.965,0.967,0.953,0.966,-0.997,-0.641,0.987,0.988,0.954,0.909,-0.968,-0.914,-0.826,-0.98,-0.477,0.902,0.947,-0.855,-0.982,0.892,0.811,-0.938,-0.521,0.672,0.991,0.989,0.75,0.957,0.31,-0.971,0.997,-0.963,0.783,0.989,-0.982,-0.969,-0.948,0.935,-0.987,0.967,0.965,-0.848,0.988,-0.995,-0.887,0.968,0.993,0.005,0.839,-0.994,0.893,-0.935,-0.983,0.908,-0.943,-0.99,-0.848,-0.939,0.72,-0.938,0.991,0.997,-0.993,0.909,0.989,0.994,-0.989,-0.915,0.905,0.834,-0.984,-0.986,-0.998,-0.985,-0.963,-0.904,-0.951,0.917,-0.957,-0.973,-0.541,-0.863,-0.994,0.461,4.6,4.124,10.213,10.296,10.345,10.315,10.329,10.268,4.843,4.231,10.251,10.275,5.071,4.653,10.234,10.282,EssenceCatalog/problems/csplib-prob010-SocialGolfers/params/78dedec2f974995283ab615324a419fd.param
0.99,0.99,0.994,-0.991,0.989,-0.971,-0.992,0.949,0.988,-0.981,-0.991,-0.984,0.999,-0.982,-0.999,-0.961,0.997,0.926,0.996,0.95,-1.0,0.995,0.983,0.986,0.883,0.978,-0.989,-0.982,0.962,-0.998,-0.968,0.991,0.992,-0.981,0.988,0.987,0.975,-0.997,-0.983,0.976,-0.996,0.993,0.982,0.988,0.988,-0.994,0.992,-0.977,0.986,0.997,0.982,-0.992,-0.811,-0.993,0.987,0.981,0.989,0.832,0.994,-0.999,-0.991,0.995,0.998,0.986,0.991,-0.999,-0.985,-0.991,-0.989,0.979,-0.997,-0.998,-0.978,-0.988,0.988,-0.997,0.986,0.999,-0.996,0.991,0.998,0.986,-0.988,-0.985,-0.996,0.988,-0.98,-0.998,-0.999,-0.982,-0.996,-0.989,-0.998,0.996,-0.989,-0.998,-0.989,-0.976,-0.999,-0.992,9.673,5.742,10.483,10.413,10.301,10.33,10.432,10.46,7.637,6.003,10.459,10.36,8.126,7.576,10.421,10.398,EssenceCatalog/problems/csplib-prob010-SocialGolfers/params/419ed48f9345291702b72f35e4306e0e.param
0.99,0.987,0.993,-0.985,0.982,-0.965,-0.989,0.767,0.96,-0.941,-0.974,-0.813,0.998,-0.964,-0.997,-0.988,0.998,0.448,0.997,0.907,-0.999,0.977,0.99,0.904,0.944,0.977,-0.988,-0.953,0.995,-0.996,-0.975,0.969,0.993,-0.967,0.994,0.991,0.971,-0.991,-0.947,0.886,-0.998,0.984,0.965,0.985,0.967,-0.994,0.981,-0.974,0.991,0.996,0.947,-0.992,-0.946,-0.988,0.97,0.822,0.99,-0.914,0.992,-0.994,-0.966,0.987,0.998,0.976,0.981,-0.998,-0.997,-0.992,-0.987,0.823,-0.993,-0.998,-0.837,-0.957,0.973,-0.996,0.981,0.998,-0.987,0.993,0.997,0.961,-0.968,-0.976,-0.995,0.989,-0.974,-0.995,-0.999,-0.959,-0.997,-0.99,-0.996,0.998,-0.992,-0.994,-0.986,-0.93,-0.998,-0.992,9.603,5.8,10.437,10.348,10.36,10.338,10.426,10.366,7.527,6.07,10.45,10.317,7.945,7.829,10.439,10.357,EssenceCatalog/problems/csplib-prob010-SocialGolfers/params/bfddb53f0452a0a5409b773bcb4c5295.param
0.973,0.969,0.973,-0.953,0.721,-0.888,-0.834,0.855,0.98,-0.906,-0.938,-0.893,0.998,-0.902,-0.993,0.857,0.977,0.921,0.959,0.935,-0.998,0.721,0.977,0.982,0.816,0.891,-0.908,-0.911,0.79,-0.989,-0.647,0.699,0.954,-0.867,0.166,0.9,0.668,-0.957,-0.791,0.822,0.596,0.988,0.648,0.883,0.728,-0.967,0.988,-0.944,0.865,0.993,-0.433,-0.971,-0.895,-0.789,-0.671,0.962,0.955,-0.099,0.981,-0.997,-0.947,0.983,0.994,0.87,0.956,-0.995,-0.532,-0.937,-0.981,0.864,-0.98,-0.991,-0.859,-0.92,0.831,-0.979,0.987,0.996,-0.992,0.963,0.99,0.989,-0.984,-0.892,-0.603,0.855,-0.974,-0.988,-0.999,-0.971,-0.976,-0.9,-0.961,0.968,-0.947,-0.985,-0.886,-0.822,-0.996,-0.371,7.15,5.229,10.415,10.387,10.394,10.353,10.359,10.4,6.405,5.44,10.39,10.371,6.749,6.371,10.394,10.384,EssenceCatalog/problems/csplib-prob010-SocialGolfers/params/9e342449a8fe50d90c7d3b3c0fff3e4a.param
0.987,0.96,0.983,-0.975,0.748,-0.926,-0.917,0.79,0.971,-0.834,-0.944,-0.677,0.997,-0.943,-0.993,0.556,0.992,0.68,0.985,0.946,-0.998,0.351,0.992,0.956,0.965,0.963,-0.961,-0.754,0.991,-0.99,-0.912,0.629,0.988,-0.938,0.779,0.976,0.906,-0.962,-0.866,0.657,-0.572,0.987,0.72,0.91,0.588,-0.985,0.992,-0.973,0.979,0.994,-0.922,-0.986,-0.974,-0.774,-0.786,0.792,0.983,-0.974,0.985,-0.995,-0.909,0.977,0.996,0.925,0.965,-0.998,-0.973,-0.982,-0.985,0.449,-0.974,-0.995,-0.063,-0.9,0.639,-0.985,0.989,0.997,-0.993,0.97,0.994,0.988,-0.972,-0.889,-0.783,0.962,-0.974,-0.989,-0.999,-0.968,-0.995,-0.941,-0.971,0.991,-0.992,-0.984,-0.958,-0.803,-0.996,-0.84,7.76,5.518,10.407,10.36,10.365,10.345,10.323,10.376,6.662,5.738,10.391,10.356,6.978,7.213,10.422,10.374,EssenceCatalog/problems/csplib-prob010-SocialGolfers/params/fb331d21b612d5a82c2b5d1afbc0b65a.param
0.964,0.971,0.982,-0.961,0.87,-0.866,-0.9,0.884,0.985,-0.919,-0.973,-0.944,0.998,-0.911,-0.995,0.793,0.976,0.952,0.971,0.969,-0.998,0.743,0.965,0.986,0.821,0.878,-0.945,-0.932,-0.527,-0.989,-0.372,0.93,0.909,-0.839,-0.581,0.87,0.79,-0.959,-0.75,0.864,0.533,0.985,0.721,0.947,0.837,-0.962,0.988,-0.949,0.735,0.991,-0.428,-0.969,-0.89,-0.228,-0.777,0.968,0.954,0.254,0.978,-0.996,-0.93,0.984,0.995,0.673,0.914,-0.993,0.373,-0.903,-0.985,0.915,-0.975,-0.989,-0.924,-0.933,0.904,-0.982,0.988,0.997,-0.992,0.969,0.986,0.991,-0.987,-0.917,-0.045,0.847,-0.971,-0.988,-0.998,-0.976,-0.954,-0.908,-0.961,0.945,-0.906,-0.987,-0.687,-0.831,-0.997,-0.533,6.314,4.621,10.45,10.326,10.333,10.337,10.34,10.368,5.819,4.817,10.448,10.311,6.178,5.518,10.397,10.293,EssenceCatalog/problems/csplib-prob010-SocialGolfers/params/08328853c8610f30d5b729fe1236fe93.param
0.939,0.966,0.974,-0.966,0.907,-0.85,-0.922,0.904,0.99,-0.851,-0.986,-0.956,0.996,-0.903,-0.996,0.922,0.975,0.968,0.967,0.983,-0.997,-0.097,0.978,0.986,0.918,0.897,-0.969,-0.922,-0.98,-0.982,-0.169,0.972,0.909,-0.825,-0.978,0.856,0.846,-0.932,-0.527,0.808,0.952,0.982,0.791,0.977,0.692,-0.966,0.996,-0.966,0.656,0.99,-0.918,-0.967,-0.931,0.94,-0.97,0.963,0.971,-0.418,0.987,-0.992,-0.858,0.971,0.994,-0.263,0.764,-0.987,0.952,-0.887,-0.986,0.919,-0.939,-0.989,-0.914,-0.928,0.888,-0.958,0.99,0.998,-0.991,0.955,0.987,0.993,-0.989,-0.937,0.896,0.811,-0.98,-0.984,-0.997,-0.981,-0.945,-0.928,-0.964,0.914,-0.92,-0.979,-0.049,-0.823,-0.996,-0.142,4.809,4.017,10.218,10.239,10.316,10.289,10.301,10.256,4.907,4.139,10.248,10.223,5.145,4.618,10.218,10.234,EssenceCatalog/problems/csplib-prob010-SocialGolfers/params/9487c32692e74a20f9545d1c18050d86.param
0.963,0.969,0.97,-0.953,0.629,-0.886,-0.846,0.878,0.991,-0.822,-0.965,-0.893,0.997,-0.916,-0.994,0.983,0.963,0.957,0.964,0.965,-0.997,-0.394,0.989,0.985,0.947,0.91,-0.952,-0.903,-0.275,-0.982,-0.572,0.796,0.964,-0.848,-0.941,0.917,0.778,-0.945,-0.624,0.625,0.973,0.988,0.694,0.942,0.317,-0.966,0.996,-0.951,0.858,0.99,-0.97,-0.976,-0.959,0.7,-0.977,0.962,0.958,-0.788,0.984,-0.996,-0.901,0.979,0.992,0.419,0.888,-0.995,0.532,-0.954,-0.984,0.867,-0.963,-0.989,-0.781,-0.943,0.627,-0.955,0.991,0.996,-0.993,0.912,0.985,0.993,-0.987,-0.894,0.682,0.847,-0.982,-0.985,-0.998,-0.982,-0.971,-0.865,-0.934,0.933,-0.958,-0.974,-0.757,-0.863,-0.995,0.248,4.973,4.369,10.294,10.342,10.366,10.357,10.33,10.292,5.077,4.482,10.295,10.333,5.327,4.989,10.295,10.338,EssenceCatalog/problems/csplib-prob010-SocialGolfers/params/35fe5710a105d8c081765a6890c3079a.param
0.982,0.969,0.973,-0.955,0.555,-0.912,-0.825,0.82,0.985,-0.835,-0.932,-0.795,0.997,-0.928,-0.991,0.967,0.98,0.896,0.968,0.926,-0.998,-0.013,0.989,0.977,0.947,0.938,-0.923,-0.855,0.956,-0.986,-0.815,0.366,0.977,-0.899,-0.146,0.951,0.754,-0.952,-0.784,0.657,0.883,0.991,0.599,0.878,0.344,-0.975,0.995,-0.953,0.946,0.994,-0.944,-0.981,-0.966,-0.621,-0.934,0.945,0.968,-0.904,0.985,-0.997,-0.939,0.979,0.994,0.876,0.959,-0.997,-0.795,-0.97,-0.983,0.746,-0.972,-0.993,-0.503,-0.93,0.513,-0.973,0.991,0.995,-0.994,0.941,0.991,0.991,-0.983,-0.87,-0.358,0.896,-0.977,-0.988,-0.999,-0.977,-0.988,-0.889,-0.945,0.977,-0.981,-0.98,-0.944,-0.843,-0.995,-0.135,6.407,5.221,10.411,10.405,10.399,10.396,10.358,10.382,6.007,5.387,10.376,10.409,6.327,6.272,10.422,10.41,EssenceCatalog/problems/csplib-prob010-SocialGolfers/params/04b4dd11bd15084303daaf8a7aa98aeb.param
0.959,0.97,0.977,-0.959,0.839,-0.848,-0.881,0.888,0.986,-0.89,-0.972,-0.941,0.997,-0.896,-0.995,0.887,0.973,0.953,0.967,0.973,-0.997,0.5,0.975,0.985,0.855,0.868,-0.944,-0.92,-0.688,-0.986,-0.328,0.921,0.914,-0.815,-0.818,0.865,0.754,-0.946,-0.665,0.816,0.822,0.983,0.708,0.952,0.745,-0.962,0.991,-0.95,0.714,0.991,-0.708,-0.969,-0.906,0.3,-0.9,0.966,0.957,-0.036,0.982,-0.995,-0.907,0.98,0.995,0.49,0.88,-0.992,0.629,-0.903,-0.985,0.906,-0.965,-0.989,-0.908,-0.921,0.874,-0.975,0.989,0.997,-0.991,0.961,0.987,0.992,-0.987,-0.915,0.367,0.814,-0.975,-0.985,-0.998,-0.979,-0.954,-0.908,-0.957,0.939,-0.914,-0.982,-0.575,-0.795,-0.997,-0.337,5.579,4.369,10.371,10.31,10.34,10.343,10.331,10.321,5.396,4.528,10.37,10.294,5.706,5.096,10.336,10.282,EssenceCatalog/problems/csplib-prob010-SocialGolfers/params/c8c1c8a344994bac7c3a9dd9f4d223aa.param
0.977,0.969,0.969,-0.948,0.547,-0.904,-0.808,0.835,0.986,-0.84,-0.936,-0.838,0.997,-0.918,-0.992,0.978,0.973,0.924,0.961,0.934,-0.998,-0.029,0.987,0.98,0.932,0.92,-0.918,-0.881,0.866,-0.985,-0.735,0.466,0.972,-0.877,-0.492,0.935,0.69,-0.95,-0.743,0.658,0.938,0.991,0.614,0.877,0.35,-0.971,0.994,-0.947,0.92,0.993,-0.935,-0.978,-0.958,-0.414,-0.944,0.959,0.961,-0.824,0.984,-0.997,-0.936,0.979,0.993,0.823,0.949,-0.997,-0.528,-0.962,-0.982,0.812,-0.971,-0.991,-0.674,-0.935,0.569,-0.968,0.99,0.994,-0.994,0.93,0.99,0.991,-0.985,-0.875,-0.13,0.867,-0.979,-0.987,-0.999,-0.978,-0.983,-0.87,-0.938,0.966,-0.972,-0.979,-0.913,-0.852,-0.995,0.064,6.053,5.039,10.385,10.398,10.383,10.388,10.351,10.368,5.796,5.192,10.352,10.396,6.115,5.948,10.38,10.393,EssenceCatalog/problems/csplib-prob010-SocialGolfers/params/374e1b057d1b1b899c82f5a573ce9b94.param
0.967,0.943,0.978,-0.977,0.711,-0.87,-0.92,0.874,0.985,-0.793,-0.975,-0.826,0.997,-0.94,-0.994,0.751,0.982,0.872,0.981,0.985,-0.998,-0.117,0.994,0.968,0.976,0.95,-0.979,-0.766,0.335,-0.984,-0.72,0.908,0.98,-0.907,-0.631,0.951,0.925,-0.951,-0.71,0.502,0.036,0.977,0.762,0.962,0.547,-0.977,0.994,-0.968,0.933,0.991,-0.987,-0.983,-0.967,0.805,-0.975,0.784,0.978,-0.959,0.981,-0.99,-0.805,0.981,0.995,0.479,0.855,-0.993,-0.289,-0.968,-0.983,0.538,-0.954,-0.99,-0.221,-0.889,0.643,-0.968,0.989,0.997,-0.992,0.954,0.983,0.993,-0.981,-0.902,0.509,0.936,-0.982,-0.981,-0.998,-0.975,-0.988,-0.917,-0.951,0.97,-0.984,-0.98,-0.665,-0.727,-0.996,-0.697,5.855,4.684,10.381,10.317,10.341,10.328,10.265,10.286,5.493,4.85,10.33,10.304,5.787,5.809,10.325,10.301,EssenceCatalog/problems/csplib-prob010-SocialGolfers/params/565bdf39809323b6dddfb25827ab0ad1.param
0.941,0.964,0.968,-0.965,0.834,-0.868,-0.909,0.898,0.992,-0.834,-0.983,-0.94,0.996,-0.907,-0.996,0.965,0.962,0.968,0.965,0.978,-0.997,-0.496,0.987,0.986,0.945,0.909,-0.974,-0.912,-0.965,-0.98,-0.329,0.953,0.947,-0.841,-0.987,0.878,0.851,-0.934,-0.501,0.708,0.973,0.983,0.809,0.975,0.485,-0.966,0.996,-0.961,0.746,0.987,-0.973,-0.971,-0.948,0.969,-0.983,0.958,0.962,-0.714,0.984,-0.993,-0.841,0.973,0.992,-0.312,0.765,-0.99,0.946,-0.919,-0.985,0.904,-0.946,-0.987,-0.881,-0.947,0.792,-0.943,0.989,0.997,-0.991,0.922,0.982,0.993,-0.988,-0.925,0.926,0.834,-0.983,-0.983,-0.997,-0.98,-0.95,-0.895,-0.95,0.894,-0.937,-0.975,-0.266,-0.867,-0.995,0.171,4.629,4.041,10.202,10.252,10.309,10.279,10.296,10.241,4.819,4.15,10.245,10.233,5.052,4.596,10.214,10.241,EssenceCatalog/problems/csplib-prob010-SocialGolfers/params/4b4615272847cb1b3309940dc3457987.param
0.982,0.967,0.973,-0.956,0.574,-0.91,-0.838,0.813,0.982,-0.832,-0.927,-0.779,0.997,-0.927,-0.991,0.952,0.982,0.883,0.97,0.932,-0.998,0.072,0.989,0.975,0.942,0.938,-0.924,-0.837,0.963,-0.986,-0.819,0.37,0.977,-0.9,0.007,0.952,0.755,-0.95,-0.782,0.659,0.822,0.99,0.602,0.884,0.372,-0.976,0.994,-0.955,0.948,0.994,-0.934,-0.981,-0.965,-0.663,-0.918,0.935,0.969,-0.904,0.985,-0.996,-0.933,0.978,0.994,0.889,0.959,-0.997,-0.829,-0.97,-0.984,0.712,-0.972,-0.993,-0.459,-0.919,0.527,-0.976,0.991,0.995,-0.994,0.948,0.992,0.991,-0.981,-0.873,-0.456,0.898,-0.978,-0.988,-0.999,-0.975,-0.989,-0.899,-0.948,0.979,-0.981,-0.98,-0.943,-0.829,-0.995,-0.255,6.572,5.269,10.409,10.399,10.399,10.387,10.352,10.373,6.096,5.441,10.374,10.401,6.413,6.386,10.425,10.405,EssenceCatalog/problems/csplib-prob010-SocialGolfers/params/83f3da1efab87662c91d47283057a686.param
0.971,0.97,0.972,-0.957,0.614,-0.898,-0.841,0.867,0.99,-0.813,-0.961,-0.863,0.997,-0.927,-0.993,0.982,0.969,0.947,0.967,0.962,-0.998,-0.407,0.989,0.983,0.956,0.922,-0.953,-0.889,0.255,-0.983,-0.642,0.735,0.967,-0.869,-0.895,0.93,0.799,-0.946,-0.652,0.605,0.966,0.989,0.639,0.937,0.3,-0.969,0.996,-0.954,0.887,0.991,-0.976,-0.978,-0.964,0.536,-0.977,0.955,0.962,-0.869,0.985,-0.996,-0.909,0.979,0.993,0.558,0.904,-0.996,0.202,-0.958,-0.984,0.832,-0.961,-0.991,-0.669,-0.933,0.563,-0.96,0.991,0.995,-0.994,0.922,0.987,0.994,-0.987,-0.89,0.578,0.869,-0.981,-0.986,-0.999,-0.982,-0.977,-0.875,-0.935,0.952,-0.969,-0.974,-0.821,-0.845,-0.995,0.18,5.191,4.552,10.333,10.375,10.39,10.386,10.346,10.322,5.226,4.677,10.31,10.37,5.49,5.249,10.327,10.374,EssenceCatalog/problems/csplib-prob010-SocialGolfers/params/8ae8e491cd0b5f474b299c14c5cfd1d7.param
0.957,0.866,-0.723,-0.956,0.949,-0.783,0.935,0.597,0.947,-0.946,-0.939,-0.554,0.983,-0.957,-0.991,0.613,0.979,0.806,-0.963,-0.88,-0.996,0.388,-0.995,0.949,0.887,0.877,-0.937,-0.917,0.792,-0.966,0.871,0.956,-0.991,-0.933,0.877,-0.86,0.933,-0.721,-0.601,0.974,0.909,0.973,-0.969,-0.979,0.96,-0.569,0.489,-0.897,-0.932,0.916,0.4,0.977,0.889,-0.799,-0.735,0.925,0.91,-0.942,0.506,-0.971,-0.98,-0.224,0.939,0.931,0.932,-0.987,0.691,0.916,0.879,0.859,0.635,-0.647,-0.552,0.822,0.967,-0.577,0.972,0.887,-0.98,0.878,0.979,0.983,-0.952,-0.898,0.956,0.933,0.672,-0.981,-0.99,-0.72,0.565,-0.935,-0.911,0.849,-0.577,-0.976,0.849,0.26,-0.991,0.766,3.24,2.325,3.157,6.492,7.934,7.128,7.801,8.467,3.11,2.782,3.199,6.28,3.59,2.944,4.057,6.514,EssenceCatalog/problems/csplib-prob010-SocialGolfers/params/ord28-3-6-6.param
0.975,0.969,0.969,-0.947,0.569,-0.9,-0.812,0.842,0.986,-0.838,-0.941,-0.851,0.997,-0.915,-0.992,0.979,0.972,0.931,0.961,0.942,-0.998,-0.051,0.987,0.981,0.93,0.913,-0.922,-0.885,0.792,-0.985,-0.701,0.532,0.968,-0.871,-0.606,0.93,0.688,-0.948,-0.721,0.657,0.947,0.99,0.613,0.888,0.369,-0.969,0.994,-0.946,0.906,0.993,-0.936,-0.977,-0.956,-0.286,-0.95,0.961,0.959,-0.798,0.984,-0.997,-0.931,0.979,0.993,0.792,0.941,-0.996,-0.371,-0.958,-0.983,0.828,-0.97,-0.991,-0.698,-0.935,0.589,-0.967,0.99,0.995,-0.993,0.93,0.989,0.992,-0.985,-0.878,-0.03,0.858,-0.979,-0.987,-0.999,-0.978,-0.98,-0.871,-0.936,0.961,-0.968,-0.978,-0.898,-0.85,-0.995,0.101,5.9,4.949,10.38,10.395,10.382,10.39,10.353,10.361,5.7,5.098,10.35,10.393,6.017,5.812,10.37,10.386,EssenceCatalog/problems/csplib-prob010-SocialGolfers/params/9f2d0f79561b97d2c264737f477f08ce.param
0.96,0.97,0.969,-0.955,0.693,-0.889,-0.87,0.884,0.992,-0.818,-0.972,-0.905,0.996,-0.918,-0.994,0.986,0.96,0.963,0.966,0.969,-0.997,-0.534,0.989,0.986,0.952,0.91,-0.962,-0.909,-0.633,-0.981,-0.534,0.853,0.962,-0.845,-0.97,0.916,0.807,-0.943,-0.585,0.637,0.982,0.988,0.733,0.956,0.305,-0.967,0.997,-0.954,0.84,0.989,-0.978,-0.976,-0.96,0.851,-0.982,0.963,0.958,-0.804,0.985,-0.996,-0.891,0.977,0.992,0.229,0.86,-0.995,0.741,-0.951,-0.985,0.888,-0.959,-0.989,-0.809,-0.949,0.645,-0.95,0.99,0.996,-0.993,0.907,0.984,0.994,-0.988,-0.902,0.805,0.842,-0.983,-0.985,-0.998,-0.983,-0.967,-0.871,-0.937,0.92,-0.956,-0.972,-0.702,-0.877,-0.995,0.323,4.778,4.243,10.276,10.33,10.362,10.343,10.338,10.29,4.954,4.351,10.295,10.316,5.197,4.814,10.283,10.324,EssenceCatalog/problems/csplib-prob010-SocialGolfers/params/fe47fbd8772b6b2cdb50e16c0d40c24a.param
0.515,0.98,-0.993,-0.991,-0.945,-0.841,0.995,0.989,0.987,-0.979,-0.95,-0.982,0.998,-0.909,-0.999,0.875,0.993,0.978,-0.996,-0.861,-0.999,0.971,0.991,0.991,0.941,0.977,-0.976,-0.981,0.941,-0.995,-0.597,0.928,0.986,-0.963,0.936,-0.582,0.955,-0.986,-0.963,0.913,0.873,0.995,0.826,-0.995,0.891,-0.995,0.998,-0.959,0.831,0.996,-0.236,-0.469,0.962,0.741,-0.875,0.987,0.991,-0.732,0.995,-0.998,-0.987,0.935,0.996,0.973,0.981,-0.998,0.953,-0.929,0.994,0.967,-0.95,-0.996,-0.983,-0.907,0.971,0.962,0.986,0.999,-0.992,-0.107,0.996,0.997,-0.994,-0.966,0.848,0.968,-0.991,-0.995,-0.997,-0.99,-0.991,-0.974,-0.992,0.517,-0.988,-0.996,0.936,-0.559,-0.998,0.737,4.506,3.457,4.937,10.067,10.56,10.47,10.643,10.77,4.347,3.7,5.0,10.097,4.932,4.343,5.934,10.099,EssenceCatalog/problems/csplib-prob010-SocialGolfers/params/8f0fd467ef1ad02639951cbeb820daaa.param
0.952,0.965,0.963,-0.96,0.676,-0.879,-0.886,0.895,0.992,-0.789,-0.976,-0.911,0.996,-0.916,-0.994,0.984,0.963,0.964,0.967,0.973,-0.997,-0.659,0.993,0.985,0.963,0.928,-0.969,-0.9,-0.8,-0.978,-0.568,0.88,0.973,-0.851,-0.983,0.919,0.845,-0.942,-0.558,0.58,0.983,0.986,0.793,0.967,0.194,-0.972,0.997,-0.962,0.865,0.989,-0.988,-0.979,-0.964,0.95,-0.988,0.954,0.965,-0.875,0.988,-0.995,-0.864,0.976,0.992,-0.046,0.832,-0.993,0.838,-0.956,-0.985,0.878,-0.956,-0.99,-0.797,-0.948,0.644,-0.937,0.99,0.997,-0.993,0.896,0.985,0.994,-0.987,-0.902,0.897,0.858,-0.985,-0.984,-0.998,-0.983,-0.972,-0.888,-0.946,0.918,-0.962,-0.97,-0.612,-0.873,-0.994,0.337,4.626,4.161,10.237,10.303,10.331,10.308,10.309,10.252,4.849,4.261,10.269,10.282,5.085,4.713,10.247,10.293,EssenceCatalog/problems/csplib-prob010-SocialGolfers/params/f37d01d5111df3f259d8d72ee0ae78f0.param
0.981,0.969,0.972,-0.956,0.553,-0.908,-0.816,0.832,0.986,-0.829,-0.938,-0.81,0.997,-0.927,-0.992,0.973,0.978,0.909,0.965,0.934,-0.998,-0.082,0.989,0.979,0.948,0.935,-0.925,-0.862,0.922,-0.985,-0.782,0.44,0.975,-0.893,-0.358,0.945,0.75,-0.951,-0.767,0.647,0.912,0.991,0.599,0.881,0.332,-0.974,0.995,-0.952,0.935,0.993,-0.951,-0.979,-0.965,-0.457,-0.949,0.948,0.966,-0.896,0.985,-0.997,-0.936,0.979,0.993,0.845,0.954,-0.997,-0.693,-0.967,-0.983,0.766,-0.97,-0.992,-0.552,-0.928,0.523,-0.971,0.991,0.995,-0.995,0.936,0.99,0.992,-0.984,-0.87,-0.174,0.89,-0.978,-0.988,-0.999,-0.979,-0.986,-0.882,-0.941,0.973,-0.979,-0.979,-0.927,-0.84,-0.995,-0.052,6.178,5.118,10.405,10.405,10.394,10.398,10.36,10.38,5.869,5.276,10.366,10.408,6.189,6.097,10.404,10.406,EssenceCatalog/problems/csplib-prob010-SocialGolfers/params/5e7ed013887b42d07ebd2b2993420789.param
0.98,0.952,0.985,-0.974,0.774,-0.901,-0.93,0.822,0.971,-0.827,-0.958,-0.732,0.997,-0.935,-0.992,0.407,0.989,0.735,0.987,0.973,-0.998,0.344,0.992,0.956,0.958,0.95,-0.969,-0.731,0.937,-0.988,-0.856,0.816,0.982,-0.92,0.503,0.967,0.906,-0.956,-0.821,0.6,-0.69,0.98,0.718,0.944,0.646,-0.979,0.99,-0.973,0.962,0.993,-0.937,-0.985,-0.965,-0.346,-0.85,0.739,0.98,-0.955,0.982,-0.992,-0.855,0.98,0.996,0.84,0.931,-0.995,-0.909,-0.974,-0.986,0.469,-0.967,-0.993,-0.108,-0.878,0.688,-0.985,0.987,0.997,-0.99,0.972,0.99,0.988,-0.973,-0.887,-0.546,0.951,-0.976,-0.984,-0.998,-0.965,-0.991,-0.932,-0.964,0.986,-0.987,-0.981,-0.9,-0.736,-0.996,-0.857,7.528,5.363,10.384,10.304,10.316,10.311,10.264,10.322,6.475,5.577,10.351,10.3,6.799,7.024,10.375,10.324,EssenceCatalog/problems/csplib-prob010-SocialGolfers/params/9ccc60038209f1d08598a4b11ae04fb0.param
0.982,0.968,0.973,-0.952,0.568,-0.91,-0.827,0.81,0.983,-0.841,-0.925,-0.793,0.997,-0.924,-0.991,0.96,0.981,0.892,0.967,0.922,-0.998,0.095,0.987,0.976,0.938,0.935,-0.913,-0.854,0.964,-0.986,-0.817,0.321,0.976,-0.895,0.004,0.949,0.729,-0.951,-0.789,0.68,0.861,0.991,0.598,0.872,0.376,-0.974,0.994,-0.951,0.946,0.994,-0.921,-0.979,-0.964,-0.717,-0.91,0.946,0.966,-0.88,0.984,-0.997,-0.941,0.979,0.993,0.892,0.963,-0.997,-0.826,-0.968,-0.984,0.745,-0.973,-0.993,-0.527,-0.927,0.545,-0.976,0.991,0.994,-0.994,0.946,0.992,0.99,-0.982,-0.869,-0.471,0.891,-0.977,-0.989,-0.999,-0.974,-0.988,-0.893,-0.947,0.978,-0.979,-0.98,-0.947,-0.844,-0.995,-0.171,6.571,5.275,10.403,10.403,10.402,10.388,10.356,10.382,6.105,5.445,10.373,10.405,6.423,6.366,10.423,10.409,EssenceCatalog/problems/csplib-prob010-SocialGolfers/params/9baf78ea23a568b60027bfb52b7b9295.param
0.969,0.981,0.993,-0.978,0.975,-0.929,-0.985,0.932,0.989,-0.971,-0.992,-0.984,0.999,-0.962,-0.999,-0.546,0.994,0.97,0.992,0.985,-0.999,0.979,0.973,0.988,0.774,0.945,-0.983,-0.972,-0.644,-0.995,-0.677,0.991,0.973,-0.944,0.382,0.945,0.947,-0.991,-0.942,0.959,-0.898,0.988,0.94,0.99,0.973,-0.987,0.993,-0.971,0.926,0.994,0.804,-0.99,-0.835,-0.794,0.542,0.975,0.982,0.876,0.99,-0.998,-0.966,0.992,0.998,0.889,0.951,-0.997,-0.157,-0.96,-0.991,0.968,-0.994,-0.995,-0.979,-0.979,0.983,-0.993,0.989,0.999,-0.992,0.986,0.995,0.989,-0.989,-0.974,-0.848,0.954,-0.982,-0.996,-0.999,-0.984,-0.984,-0.971,-0.991,0.977,-0.945,-0.997,-0.815,-0.949,-0.999,-0.955,8.725,5.232,10.387,10.186,10.126,10.135,10.204,10.269,7.019,5.457,10.406,10.177,7.497,6.754,10.329,10.173,EssenceCatalog/problems/csplib-prob010-SocialGolfers/params/523d8ed27391f9e7e7e4ba10272e7d38.param
0.978,0.955,0.98,-0.965,0.635,-0.896,-0.886,0.825,0.978,-0.818,-0.947,-0.763,0.997,-0.927,-0.991,0.817,0.983,0.829,0.98,0.965,-0.998,0.192,0.991,0.967,0.949,0.94,-0.953,-0.772,0.916,-0.986,-0.808,0.674,0.98,-0.904,0.106,0.955,0.848,-0.949,-0.779,0.589,0.105,0.983,0.662,0.922,0.506,-0.975,0.991,-0.964,0.949,0.993,-0.948,-0.983,-0.964,-0.313,-0.917,0.856,0.975,-0.921,0.982,-0.994,-0.88,0.981,0.994,0.824,0.935,-0.995,-0.819,-0.97,-0.985,0.567,-0.967,-0.992,-0.282,-0.894,0.605,-0.978,0.988,0.996,-0.992,0.96,0.989,0.99,-0.977,-0.875,-0.378,0.923,-0.977,-0.984,-0.999,-0.971,-0.989,-0.906,-0.952,0.98,-0.983,-0.979,-0.896,-0.766,-0.995,-0.653,6.858,5.235,10.414,10.355,10.363,10.354,10.302,10.342,6.173,5.427,10.366,10.357,6.491,6.578,10.395,10.366,EssenceCatalog/problems/csplib-prob010-SocialGolfers/params/8469473d977ba92ddeb47ae613ba4c9a.param
0.962,0.968,0.978,-0.957,0.786,-0.854,-0.87,0.877,0.983,-0.893,-0.964,-0.926,0.997,-0.892,-0.994,0.864,0.972,0.942,0.966,0.968,-0.997,0.599,0.978,0.983,0.843,0.872,-0.936,-0.911,-0.275,-0.987,-0.423,0.878,0.932,-0.825,-0.635,0.876,0.731,-0.947,-0.7,0.8,0.707,0.983,0.685,0.941,0.733,-0.961,0.989,-0.945,0.767,0.991,-0.659,-0.971,-0.903,-0.077,-0.857,0.96,0.953,-0.054,0.98,-0.995,-0.913,0.982,0.994,0.64,0.901,-0.992,0.307,-0.917,-0.983,0.883,-0.971,-0.988,-0.886,-0.918,0.852,-0.976,0.988,0.997,-0.991,0.961,0.986,0.99,-0.985,-0.903,0.039,0.826,-0.975,-0.985,-0.998,-0.976,-0.961,-0.898,-0.954,0.947,-0.922,-0.983,-0.685,-0.794,-0.996,-0.385,6.011,4.602,10.399,10.324,10.336,10.342,10.322,10.332,5.667,4.785,10.389,10.312,6.0,5.451,10.357,10.294,EssenceCatalog/problems/csplib-prob010-SocialGolfers/params/884db77607f4c11d07599be2866f6487.param
0.961,0.973,0.974,-0.955,0.806,-0.864,-0.843,0.892,0.987,-0.907,-0.968,-0.941,0.998,-0.901,-0.995,0.914,0.975,0.958,0.957,0.961,-0.998,0.601,0.972,0.987,0.832,0.871,-0.937,-0.934,-0.454,-0.989,-0.366,0.892,0.919,-0.828,-0.729,0.853,0.734,-0.954,-0.713,0.834,0.864,0.987,0.688,0.93,0.757,-0.964,0.992,-0.949,0.723,0.992,-0.597,-0.967,-0.89,-0.031,-0.87,0.975,0.957,0.107,0.983,-0.996,-0.93,0.982,0.995,0.65,0.914,-0.993,0.55,-0.906,-0.982,0.92,-0.972,-0.99,-0.923,-0.93,0.877,-0.973,0.99,0.997,-0.992,0.959,0.989,0.991,-0.988,-0.914,0.185,0.817,-0.977,-0.988,-0.998,-0.979,-0.958,-0.907,-0.959,0.94,-0.916,-0.984,-0.661,-0.826,-0.997,-0.216,5.788,4.487,10.383,10.331,10.351,10.358,10.35,10.348,5.554,4.664,10.382,10.32,5.881,5.228,10.348,10.3,EssenceCatalog/problems/csplib-prob010-SocialGolfers/params/108560d95a8d8ff872f4cb3ae32c35f8.param
0.962,0.968,0.978,-0.957,0.803,-0.857,-0.869,0.879,0.984,-0.896,-0.966,-0.931,0.997,-0.896,-0.994,0.879,0.97,0.946,0.965,0.968,-0.997,0.576,0.975,0.984,0.845,0.87,-0.938,-0.918,-0.399,-0.987,-0.389,0.888,0.925,-0.826,-0.697,0.871,0.736,-0.947,-0.691,0.809,0.75,0.984,0.685,0.942,0.739,-0.96,0.989,-0.945,0.745,0.991,-0.67,-0.969,-0.903,-0.022,-0.868,0.964,0.951,-0.024,0.979,-0.995,-0.916,0.982,0.994,0.609,0.899,-0.992,0.39,-0.911,-0.984,0.892,-0.97,-0.988,-0.896,-0.92,0.856,-0.976,0.988,0.997,-0.991,0.961,0.986,0.991,-0.986,-0.907,0.127,0.821,-0.974,-0.985,-0.998,-0.976,-0.956,-0.896,-0.953,0.943,-0.917,-0.983,-0.671,-0.806,-0.996,-0.349,5.884,4.536,10.393,10.316,10.329,10.338,10.323,10.33,5.59,4.714,10.387,10.304,5.923,5.342,10.351,10.284,EssenceCatalog/problems/csplib-prob010-SocialGolfers/params/5a4ea5be289ddeeca1bf48bd467b5691.param
0.963,0.971,0.969,-0.955,0.698,-0.892,-0.859,0.879,0.992,-0.824,-0.971,-0.903,0.997,-0.919,-0.994,0.987,0.961,0.962,0.965,0.965,-0.997,-0.526,0.988,0.986,0.951,0.907,-0.96,-0.911,-0.529,-0.982,-0.546,0.839,0.958,-0.851,-0.964,0.914,0.794,-0.945,-0.595,0.648,0.983,0.989,0.713,0.95,0.328,-0.967,0.996,-0.953,0.836,0.989,-0.976,-0.974,-0.959,0.799,-0.981,0.966,0.955,-0.813,0.984,-0.996,-0.902,0.976,0.992,0.296,0.874,-0.995,0.689,-0.949,-0.985,0.89,-0.959,-0.989,-0.81,-0.949,0.645,-0.954,0.991,0.996,-0.993,0.909,0.985,0.994,-0.988,-0.901,0.778,0.845,-0.982,-0.986,-0.998,-0.983,-0.966,-0.871,-0.936,0.925,-0.956,-0.973,-0.739,-0.877,-0.995,0.348,4.827,4.281,10.289,10.343,10.374,10.358,10.35,10.304,4.991,4.392,10.304,10.33,5.235,4.86,10.297,10.337,EssenceCatalog/problems/csplib-prob010-SocialGolfers/params/f809a2c96c5d255131c51cdd8e0a4076.param
0.969,0.967,0.975,-0.957,0.655,-0.891,-0.868,0.865,0.99,-0.805,-0.964,-0.873,0.997,-0.924,-0.993,0.979,0.967,0.95,0.971,0.969,-0.997,-0.429,0.989,0.983,0.954,0.915,-0.955,-0.884,-0.03,-0.981,-0.615,0.776,0.963,-0.856,-0.923,0.93,0.795,-0.943,-0.619,0.593,0.962,0.987,0.665,0.952,0.307,-0.967,0.996,-0.954,0.877,0.99,-0.975,-0.979,-0.966,0.637,-0.976,0.953,0.959,-0.851,0.985,-0.996,-0.897,0.979,0.992,0.466,0.89,-0.995,0.332,-0.954,-0.987,0.832,-0.96,-0.99,-0.686,-0.933,0.591,-0.964,0.991,0.995,-0.993,0.927,0.986,0.994,-0.986,-0.888,0.628,0.858,-0.981,-0.985,-0.998,-0.981,-0.974,-0.876,-0.935,0.949,-0.963,-0.972,-0.803,-0.845,-0.995,0.138,5.096,4.463,10.331,10.35,10.367,10.363,10.326,10.294,5.148,4.583,10.318,10.341,5.407,5.136,10.323,10.345,EssenceCatalog/problems/csplib-prob010-SocialGolfers/params/d28c4fd7ec059ff396081caeaf2a68b5.param
0.976,0.969,0.97,-0.952,0.562,-0.903,-0.811,0.85,0.988,-0.825,-0.947,-0.843,0.997,-0.922,-0.992,0.982,0.972,0.934,0.962,0.946,-0.998,-0.224,0.988,0.982,0.947,0.924,-0.934,-0.883,0.758,-0.984,-0.716,0.564,0.97,-0.875,-0.709,0.934,0.739,-0.949,-0.716,0.635,0.956,0.99,0.605,0.901,0.318,-0.971,0.995,-0.95,0.909,0.992,-0.96,-0.978,-0.961,-0.057,-0.965,0.959,0.962,-0.861,0.985,-0.997,-0.929,0.979,0.993,0.746,0.936,-0.997,-0.315,-0.961,-0.983,0.819,-0.966,-0.991,-0.657,-0.934,0.55,-0.965,0.991,0.995,-0.994,0.926,0.989,0.993,-0.986,-0.881,0.187,0.871,-0.98,-0.987,-0.999,-0.98,-0.981,-0.872,-0.935,0.963,-0.972,-0.977,-0.89,-0.845,-0.995,0.135,5.69,4.869,10.37,10.397,10.387,10.393,10.356,10.358,5.567,5.009,10.332,10.395,5.871,5.689,10.356,10.391,EssenceCatalog/problems/csplib-prob010-SocialGolfers/params/0446045ec2597ff87492b515d00f8f7c.param
0.968,0.964,0.974,-0.949,0.62,-0.88,-0.839,0.84,0.983,-0.846,-0.945,-0.863,0.997,-0.904,-0.991,0.948,0.968,0.926,0.966,0.957,-0.997,0.212,0.984,0.979,0.905,0.896,-0.923,-0.876,0.562,-0.984,-0.619,0.672,0.958,-0.852,-0.589,0.916,0.699,-0.94,-0.69,0.674,0.853,0.986,0.62,0.912,0.503,-0.962,0.991,-0.946,0.874,0.991,-0.892,-0.975,-0.944,-0.184,-0.925,0.95,0.955,-0.629,0.979,-0.995,-0.91,0.981,0.992,0.732,0.922,-0.994,-0.209,-0.946,-0.984,0.806,-0.968,-0.989,-0.736,-0.917,0.677,-0.971,0.988,0.994,-0.991,0.946,0.985,0.99,-0.983,-0.877,-0.045,0.843,-0.976,-0.984,-0.998,-0.973,-0.974,-0.87,-0.935,0.957,-0.955,-0.977,-0.844,-0.815,-0.995,-0.157,5.985,4.866,10.385,10.364,10.363,10.368,10.328,10.336,5.712,5.028,10.353,10.36,6.03,5.762,10.36,10.353,EssenceCatalog/problems/csplib-prob010-SocialGolfers/params/8002ad949cdca6d104c07a72f7cc1e89.param
0.969,0.967,0.973,-0.953,0.634,-0.888,-0.851,0.864,0.989,-0.816,-0.959,-0.875,0.997,-0.919,-0.993,0.978,0.967,0.949,0.967,0.966,-0.997,-0.327,0.988,0.982,0.945,0.909,-0.948,-0.887,0.089,-0.982,-0.606,0.746,0.962,-0.852,-0.9,0.924,0.764,-0.942,-0.628,0.612,0.96,0.987,0.652,0.943,0.332,-0.966,0.995,-0.952,0.873,0.991,-0.965,-0.978,-0.961,0.522,-0.971,0.957,0.957,-0.806,0.984,-0.996,-0.903,0.98,0.992,0.542,0.897,-0.995,0.284,-0.953,-0.985,0.835,-0.962,-0.99,-0.713,-0.931,0.605,-0.963,0.991,0.995,-0.993,0.927,0.986,0.993,-0.986,-0.888,0.542,0.85,-0.98,-0.985,-0.998,-0.98,-0.973,-0.873,-0.935,0.949,-0.961,-0.973,-0.81,-0.844,-0.995,0.136,5.191,4.512,10.326,10.35,10.363,10.362,10.322,10.297,5.214,4.636,10.309,10.343,5.48,5.197,10.317,10.344,EssenceCatalog/problems/csplib-prob010-SocialGolfers/params/284b921cf01904af3cb2fd68831cee90.param
0.972,0.968,0.973,-0.949,0.7,-0.88,-0.828,0.848,0.982,-0.886,-0.941,-0.892,0.997,-0.894,-0.992,0.926,0.972,0.928,0.959,0.945,-0.997,0.526,0.974,0.982,0.854,0.884,-0.908,-0.906,0.616,-0.988,-0.586,0.7,0.946,-0.85,-0.305,0.897,0.641,-0.948,-0.726,0.779,0.812,0.988,0.615,0.892,0.65,-0.963,0.989,-0.94,0.836,0.992,-0.699,-0.969,-0.915,-0.585,-0.845,0.964,0.952,-0.28,0.979,-0.996,-0.935,0.981,0.993,0.797,0.939,-0.994,-0.28,-0.931,-0.983,0.86,-0.974,-0.989,-0.844,-0.92,0.788,-0.975,0.988,0.995,-0.992,0.956,0.988,0.989,-0.985,-0.887,-0.306,0.832,-0.973,-0.987,-0.998,-0.973,-0.971,-0.884,-0.947,0.96,-0.943,-0.982,-0.857,-0.816,-0.996,-0.178,6.475,5.004,10.4,10.372,10.376,10.365,10.349,10.376,6.016,5.194,10.375,10.363,6.347,5.963,10.379,10.362,EssenceCatalog/problems/csplib-prob010-SocialGolfers/params/8697673d6a9e8c70139ff4a658c48d60.param
0.983,0.969,0.971,-0.956,0.577,-0.915,-0.824,0.808,0.982,-0.847,-0.922,-0.781,0.997,-0.928,-0.992,0.953,0.982,0.872,0.967,0.91,-0.998,0.152,0.988,0.975,0.941,0.941,-0.914,-0.851,0.978,-0.987,-0.836,0.293,0.979,-0.907,0.211,0.954,0.746,-0.954,-0.81,0.689,0.815,0.992,0.608,0.851,0.393,-0.977,0.994,-0.951,0.953,0.994,-0.917,-0.98,-0.965,-0.783,-0.9,0.939,0.969,-0.903,0.984,-0.997,-0.944,0.978,0.994,0.912,0.968,-0.998,-0.88,-0.971,-0.982,0.726,-0.974,-0.993,-0.495,-0.928,0.544,-0.976,0.991,0.995,-0.995,0.947,0.992,0.99,-0.982,-0.868,-0.576,0.903,-0.976,-0.989,-0.999,-0.975,-0.989,-0.896,-0.951,0.98,-0.982,-0.982,-0.956,-0.845,-0.995,-0.247,6.749,5.345,10.405,10.417,10.426,10.398,10.373,10.4,6.213,5.522,10.38,10.42,6.525,6.503,10.436,10.428,EssenceCatalog/problems/csplib-prob010-SocialGolfers/params/fb2905bed0b81423672bfcc7b6b11b45.param
0.971,0.966,0.974,-0.95,0.619,-0.888,-0.844,0.852,0.986,-0.823,-0.949,-0.859,0.997,-0.914,-0.992,0.971,0.971,0.938,0.967,0.962,-0.997,-0.134,0.987,0.98,0.934,0.904,-0.936,-0.875,0.513,-0.983,-0.64,0.664,0.962,-0.854,-0.779,0.926,0.721,-0.941,-0.654,0.625,0.937,0.987,0.615,0.93,0.375,-0.967,0.994,-0.95,0.886,0.992,-0.946,-0.979,-0.958,0.127,-0.955,0.954,0.959,-0.784,0.985,-0.996,-0.909,0.98,0.993,0.686,0.914,-0.995,-0.053,-0.953,-0.985,0.81,-0.965,-0.99,-0.68,-0.921,0.608,-0.969,0.99,0.995,-0.993,0.938,0.988,0.992,-0.985,-0.883,0.241,0.847,-0.98,-0.985,-0.998,-0.978,-0.976,-0.879,-0.938,0.96,-0.963,-0.975,-0.851,-0.825,-0.994,0.025,5.579,4.737,10.358,10.363,10.362,10.369,10.325,10.313,5.471,4.876,10.323,10.357,5.766,5.525,10.337,10.352,EssenceCatalog/problems/csplib-prob010-SocialGolfers/params/ca98daa6b990fccd2c53f9d58e226fc7.param
0.983,0.967,0.964,-0.953,0.545,-0.917,-0.805,0.802,0.978,-0.857,-0.905,-0.783,0.997,-0.922,-0.992,0.944,0.985,0.852,0.96,0.88,-0.998,0.309,0.987,0.973,0.936,0.944,-0.899,-0.844,0.987,-0.988,-0.852,0.179,0.982,-0.91,0.465,0.951,0.731,-0.955,-0.827,0.711,0.761,0.992,0.615,0.799,0.396,-0.979,0.993,-0.953,0.96,0.995,-0.885,-0.978,-0.96,-0.862,-0.867,0.937,0.971,-0.895,0.984,-0.996,-0.946,0.976,0.994,0.933,0.974,-0.998,-0.917,-0.971,-0.979,0.707,-0.976,-0.994,-0.526,-0.928,0.574,-0.974,0.99,0.995,-0.994,0.945,0.993,0.988,-0.98,-0.873,-0.692,0.907,-0.976,-0.989,-0.999,-0.971,-0.991,-0.91,-0.956,0.982,-0.984,-0.982,-0.96,-0.847,-0.995,-0.297,6.947,5.411,10.358,10.399,10.424,10.376,10.357,10.387,6.331,5.593,10.34,10.403,6.634,6.629,10.406,10.419,EssenceCatalog/problems/csplib-prob010-SocialGolfers/params/5e75c1f89a82d652f50fe5e720e72461.param
0.965,0.973,0.978,-0.958,0.852,-0.868,-0.875,0.887,0.986,-0.912,-0.971,-0.941,0.998,-0.909,-0.995,0.88,0.975,0.957,0.965,0.964,-0.998,0.643,0.964,0.987,0.83,0.867,-0.938,-0.932,-0.505,-0.989,-0.346,0.912,0.901,-0.827,-0.691,0.86,0.758,-0.955,-0.711,0.85,0.788,0.987,0.681,0.938,0.801,-0.962,0.99,-0.949,0.708,0.991,-0.544,-0.966,-0.891,-0.128,-0.845,0.973,0.955,0.173,0.981,-0.996,-0.93,0.982,0.995,0.66,0.913,-0.994,0.505,-0.897,-0.984,0.92,-0.972,-0.989,-0.92,-0.929,0.89,-0.979,0.989,0.997,-0.992,0.964,0.988,0.991,-0.988,-0.915,0.1,0.827,-0.973,-0.988,-0.998,-0.978,-0.951,-0.908,-0.96,0.943,-0.907,-0.985,-0.693,-0.827,-0.997,-0.358,5.952,4.526,10.416,10.324,10.343,10.35,10.35,10.355,5.637,4.712,10.416,10.313,5.978,5.31,10.374,10.289,EssenceCatalog/problems/csplib-prob010-SocialGolfers/params/62d0a4ced41f8b0d6b6a1fe7e3da949d.param
0.979,0.969,0.967,-0.946,0.54,-0.907,-0.791,0.831,0.986,-0.847,-0.93,-0.838,0.997,-0.916,-0.992,0.978,0.976,0.922,0.957,0.924,-0.998,0.043,0.986,0.98,0.933,0.924,-0.913,-0.881,0.91,-0.986,-0.749,0.399,0.972,-0.883,-0.365,0.934,0.678,-0.951,-0.761,0.678,0.937,0.992,0.602,0.855,0.371,-0.972,0.994,-0.947,0.923,0.993,-0.925,-0.976,-0.956,-0.552,-0.936,0.961,0.961,-0.823,0.984,-0.997,-0.943,0.979,0.993,0.853,0.956,-0.997,-0.614,-0.961,-0.981,0.811,-0.972,-0.992,-0.676,-0.935,0.577,-0.969,0.991,0.994,-0.994,0.932,0.991,0.991,-0.985,-0.876,-0.229,0.869,-0.978,-0.988,-0.999,-0.977,-0.984,-0.876,-0.942,0.969,-0.974,-0.98,-0.924,-0.852,-0.995,0.074,6.196,5.111,10.379,10.4,10.392,10.39,10.356,10.38,5.89,5.27,10.349,10.401,6.209,6.052,10.385,10.4,EssenceCatalog/problems/csplib-prob010-SocialGolfers/params/bf8dd5af3710c51d91516ae8a74a238f.param
0.961,0.972,0.983,-0.964,0.871,-0.87,-0.916,0.895,0.985,-0.925,-0.977,-0.949,0.998,-0.909,-0.996,0.695,0.979,0.952,0.974,0.975,-0.998,0.811,0.975,0.986,0.82,0.891,-0.954,-0.935,-0.599,-0.99,-0.39,0.944,0.932,-0.843,-0.547,0.876,0.819,-0.962,-0.775,0.87,0.336,0.984,0.756,0.959,0.857,-0.967,0.989,-0.954,0.77,0.992,-0.37,-0.975,-0.885,-0.167,-0.73,0.965,0.959,0.295,0.98,-0.996,-0.926,0.986,0.995,0.665,0.907,-0.993,0.407,-0.919,-0.985,0.918,-0.978,-0.99,-0.931,-0.94,0.918,-0.982,0.988,0.998,-0.991,0.971,0.987,0.991,-0.987,-0.926,-0.106,0.859,-0.976,-0.988,-0.998,-0.977,-0.962,-0.918,-0.965,0.95,-0.91,-0.988,-0.643,-0.839,-0.998,-0.624,6.48,4.638,10.466,10.341,10.341,10.35,10.344,10.38,5.891,4.834,10.47,10.324,6.256,5.598,10.414,10.31,EssenceCatalog/problems/csplib-prob010-SocialGolfers/params/dfdf0718b09c170157b79eb142b9aacc.param
0.981,0.966,0.974,-0.954,0.576,-0.907,-0.835,0.813,0.981,-0.836,-0.926,-0.783,0.997,-0.925,-0.991,0.948,0.981,0.886,0.969,0.932,-0.998,0.109,0.988,0.975,0.938,0.934,-0.92,-0.838,0.959,-0.986,-0.807,0.377,0.976,-0.896,0.003,0.949,0.747,-0.949,-0.776,0.665,0.817,0.99,0.598,0.884,0.381,-0.975,0.994,-0.953,0.945,0.994,-0.924,-0.981,-0.963,-0.668,-0.912,0.936,0.969,-0.891,0.985,-0.996,-0.933,0.978,0.994,0.887,0.959,-0.997,-0.818,-0.968,-0.984,0.713,-0.972,-0.993,-0.484,-0.917,0.546,-0.977,0.99,0.995,-0.994,0.949,0.992,0.99,-0.981,-0.871,-0.456,0.894,-0.978,-0.988,-0.999,-0.974,-0.988,-0.898,-0.949,0.979,-0.98,-0.98,-0.94,-0.825,-0.995,-0.257,6.585,5.265,10.405,10.395,10.396,10.383,10.348,10.37,6.102,5.437,10.37,10.397,6.418,6.38,10.42,10.401,EssenceCatalog/problems/csplib-prob010-SocialGolfers/params/850e8da2959c057e44844f57e58920d4.param
0.986,0.968,0.988,-0.983,0.895,-0.927,-0.964,0.791,0.96,-0.866,-0.96,-0.653,0.998,-0.948,-0.994,-0.672,0.996,0.517,0.993,0.96,-0.999,0.75,0.995,0.93,0.962,0.965,-0.982,-0.798,0.991,-0.993,-0.945,0.882,0.992,-0.951,0.941,0.985,0.946,-0.976,-0.896,0.685,-0.972,0.982,0.857,0.962,0.822,-0.99,0.988,-0.978,0.988,0.995,-0.614,-0.99,-0.968,-0.801,-0.069,0.606,0.989,-0.979,0.989,-0.992,-0.899,0.982,0.998,0.936,0.966,-0.997,-0.988,-0.988,-0.986,0.419,-0.982,-0.996,-0.173,-0.891,0.842,-0.991,0.987,0.998,-0.99,0.984,0.995,0.983,-0.967,-0.928,-0.913,0.979,-0.979,-0.989,-0.999,-0.964,-0.997,-0.969,-0.986,0.995,-0.993,-0.988,-0.957,-0.819,-0.997,-0.964,8.655,5.607,10.338,10.249,10.239,10.288,10.291,10.276,7.021,5.848,10.331,10.233,7.369,7.615,10.355,10.284,EssenceCatalog/problems/csplib-prob010-SocialGolfers/params/1b785e1a5614155441b21ad9d1ae3d7a.param
0.98,0.967,0.966,-0.949,0.511,-0.91,-0.785,0.825,0.984,-0.85,-0.926,-0.821,0.997,-0.918,-0.992,0.973,0.978,0.907,0.957,0.912,-0.998,0.099,0.987,0.978,0.937,0.933,-0.909,-0.871,0.95,-0.986,-0.785,0.329,0.976,-0.892,-0.145,0.939,0.7,-0.951,-0.778,0.682,0.912,0.992,0.6,0.838,0.354,-0.975,0.994,-0.948,0.937,0.994,-0.926,-0.977,-0.957,-0.658,-0.931,0.955,0.965,-0.859,0.983,-0.997,-0.943,0.979,0.993,0.881,0.962,-0.997,-0.747,-0.966,-0.98,0.776,-0.972,-0.992,-0.621,-0.933,0.556,-0.969,0.991,0.994,-0.994,0.932,0.991,0.991,-0.984,-0.874,-0.349,0.882,-0.978,-0.989,-0.999,-0.976,-0.986,-0.882,-0.944,0.973,-0.978,-0.981,-0.935,-0.847,-0.995,-0.012,6.381,5.202,10.369,10.393,10.394,10.383,10.348,10.379,6.002,5.368,10.339,10.398,6.316,6.214,10.387,10.401,EssenceCatalog/problems/csplib-prob010-SocialGolfers/params/6aa553a066d64851fa907712eea34a83.param
0.981,0.968,0.968,-0.946,0.578,-0.909,-0.802,0.813,0.983,-0.853,-0.921,-0.825,0.997,-0.917,-0.991,0.97,0.979,0.909,0.958,0.912,-0.998,0.17,0.983,0.979,0.925,0.925,-0.901,-0.872,0.952,-0.987,-0.772,0.312,0.971,-0.888,-0.064,0.937,0.664,-0.95,-0.769,0.71,0.908,0.992,0.581,0.841,0.407,-0.974,0.994,-0.947,0.931,0.994,-0.898,-0.976,-0.956,-0.742,-0.911,0.958,0.964,-0.822,0.983,-0.997,-0.946,0.978,0.993,0.889,0.963,-0.997,-0.76,-0.959,-0.982,0.788,-0.972,-0.992,-0.65,-0.929,0.588,-0.974,0.991,0.994,-0.994,0.941,0.992,0.99,-0.984,-0.875,-0.441,0.872,-0.976,-0.989,-0.999,-0.974,-0.985,-0.89,-0.946,0.974,-0.974,-0.981,-0.939,-0.845,-0.995,-0.039,6.507,5.239,10.379,10.395,10.4,10.381,10.353,10.383,6.077,5.409,10.353,10.397,6.393,6.272,10.4,10.4,EssenceCatalog/problems/csplib-prob010-SocialGolfers/params/740238fb994a878f582d5f39dd9b694d.param
-0.043,0.968,-0.998,-0.984,-0.987,-0.795,0.998,0.991,0.978,-0.966,-0.936,-0.971,0.996,-0.902,-0.999,0.923,0.985,0.98,-0.999,-0.899,-0.997,0.972,0.995,0.989,0.956,0.977,-0.98,-0.973,0.927,-0.993,-0.465,0.897,0.985,-0.965,0.925,-0.819,0.957,-0.971,-0.963,0.863,0.908,0.992,0.745,-0.997,0.782,-0.992,0.996,-0.942,0.679,0.989,-0.728,-0.252,0.981,0.955,-0.956,0.977,0.983,-0.825,0.987,-0.994,-0.973,0.895,0.989,0.971,0.973,-0.997,0.981,-0.896,0.999,0.954,-0.897,-0.992,-0.98,-0.896,0.946,0.994,0.972,0.997,-0.985,-0.68,0.986,0.996,-0.991,-0.963,0.954,0.96,-0.987,-0.991,-0.993,-0.988,-0.983,-0.958,-0.98,-0.044,-0.988,-0.994,0.985,-0.677,-0.996,0.872,4.158,3.282,4.56,9.917,10.372,10.284,10.491,10.633,4.032,3.481,4.597,9.948,4.648,4.076,5.551,9.942,EssenceCatalog/problems/csplib-prob010-SocialGolfers/params/5ea04a0f541b85fe3595b1f7a6fbb1ed.param
0.962,0.965,0.97,-0.964,0.711,-0.886,-0.897,0.884,0.992,-0.783,-0.976,-0.894,0.996,-0.925,-0.994,0.98,0.971,0.96,0.972,0.978,-0.997,-0.612,0.992,0.984,0.969,0.93,-0.971,-0.89,-0.659,-0.98,-0.57,0.873,0.97,-0.864,-0.974,0.928,0.86,-0.942,-0.579,0.571,0.977,0.986,0.764,0.969,0.259,-0.973,0.997,-0.963,0.871,0.99,-0.988,-0.98,-0.967,0.922,-0.988,0.946,0.97,-0.905,0.988,-0.995,-0.869,0.977,0.993,0.088,0.844,-0.994,0.735,-0.955,-0.986,0.85,-0.952,-0.99,-0.726,-0.934,0.632,-0.949,0.992,0.997,-0.994,0.919,0.986,0.995,-0.987,-0.903,0.864,0.87,-0.985,-0.984,-0.998,-0.984,-0.975,-0.903,-0.946,0.939,-0.968,-0.971,-0.661,-0.846,-0.994,0.209,4.751,4.235,10.296,10.339,10.373,10.353,10.344,10.288,4.925,4.341,10.317,10.321,5.165,4.833,10.303,10.33,EssenceCatalog/problems/csplib-prob010-SocialGolfers/params/f2f2d7750a887b848787d2be4c9c5346.param
0.976,0.969,0.969,-0.946,0.688,-0.892,-0.82,0.83,0.979,-0.885,-0.924,-0.868,0.997,-0.9,-0.992,0.922,0.98,0.914,0.955,0.923,-0.998,0.578,0.974,0.98,0.849,0.898,-0.888,-0.893,0.889,-0.988,-0.669,0.558,0.956,-0.873,0.14,0.91,0.609,-0.95,-0.757,0.788,0.804,0.99,0.598,0.854,0.626,-0.971,0.991,-0.945,0.883,0.994,-0.635,-0.97,-0.92,-0.81,-0.794,0.959,0.963,-0.432,0.982,-0.996,-0.947,0.979,0.994,0.884,0.959,-0.995,-0.623,-0.938,-0.982,0.837,-0.975,-0.992,-0.805,-0.91,0.775,-0.977,0.989,0.996,-0.992,0.96,0.992,0.988,-0.983,-0.887,-0.573,0.844,-0.975,-0.988,-0.999,-0.97,-0.979,-0.91,-0.959,0.972,-0.958,-0.984,-0.907,-0.802,-0.995,-0.209,6.906,5.245,10.392,10.393,10.413,10.369,10.365,10.395,6.293,5.444,10.367,10.385,6.614,6.338,10.397,10.394,EssenceCatalog/problems/csplib-prob010-SocialGolfers/params/ef3593821cdedb499b8f11bf7f0cb732.param
0.951,0.964,0.981,-0.962,0.838,-0.852,-0.914,0.886,0.983,-0.905,-0.976,-0.94,0.997,-0.894,-0.995,0.692,0.976,0.942,0.974,0.98,-0.997,0.74,0.98,0.983,0.855,0.898,-0.952,-0.912,-0.722,-0.987,-0.352,0.942,0.944,-0.829,-0.691,0.882,0.811,-0.947,-0.709,0.817,0.327,0.979,0.758,0.961,0.818,-0.963,0.988,-0.958,0.778,0.99,-0.618,-0.975,-0.898,0.239,-0.836,0.947,0.961,0.046,0.977,-0.994,-0.891,0.984,0.995,0.531,0.867,-0.989,0.498,-0.921,-0.984,0.886,-0.971,-0.988,-0.905,-0.925,0.891,-0.978,0.986,0.997,-0.989,0.968,0.983,0.99,-0.985,-0.917,0.109,0.842,-0.975,-0.984,-0.998,-0.974,-0.962,-0.915,-0.959,0.942,-0.918,-0.985,-0.51,-0.808,-0.997,-0.646,6.068,4.47,10.412,10.307,10.322,10.338,10.308,10.331,5.622,4.653,10.418,10.289,5.965,5.395,10.369,10.275,EssenceCatalog/problems/csplib-prob010-SocialGolfers/params/b875c49078182b15032527744c7d208d.param
0.968,0.972,0.985,-0.959,0.924,-0.875,-0.924,0.885,0.988,-0.912,-0.98,-0.955,0.998,-0.917,-0.996,0.862,0.978,0.964,0.974,0.973,-0.998,0.64,0.938,0.989,0.833,0.861,-0.949,-0.941,-0.822,-0.99,-0.199,0.949,0.843,-0.819,-0.812,0.867,0.796,-0.954,-0.677,0.884,0.787,0.987,0.688,0.96,0.849,-0.96,0.99,-0.952,0.629,0.991,-0.507,-0.964,-0.908,-0.04,-0.846,0.976,0.957,0.286,0.98,-0.996,-0.93,0.98,0.995,0.552,0.895,-0.993,0.673,-0.871,-0.989,0.94,-0.969,-0.988,-0.937,-0.936,0.922,-0.985,0.99,0.998,-0.992,0.973,0.988,0.991,-0.988,-0.928,0.216,0.824,-0.967,-0.99,-0.998,-0.978,-0.937,-0.922,-0.962,0.942,-0.88,-0.986,-0.66,-0.853,-0.998,-0.45,5.822,4.403,10.425,10.288,10.311,10.326,10.34,10.341,5.535,4.58,10.429,10.276,5.885,5.145,10.376,10.251,EssenceCatalog/problems/csplib-prob010-SocialGolfers/params/19478838a295f8b77e55d35798306128.param
0.93,0.922,-0.955,-0.982,0.855,-0.825,0.981,0.842,0.959,-0.962,-0.964,-0.762,0.99,-0.968,-0.998,0.674,0.993,0.943,-0.988,-0.892,-0.998,0.737,-0.964,0.98,0.938,0.942,-0.972,-0.963,0.791,-0.986,0.828,0.976,-0.972,-0.958,0.919,-0.934,0.951,-0.817,-0.785,0.976,0.972,0.99,-0.964,-0.992,0.968,-0.911,0.924,-0.963,-0.909,0.981,0.062,0.959,0.963,-0.15,-0.864,0.957,0.973,-0.962,0.944,-0.985,-0.985,-0.079,0.98,0.967,0.954,-0.992,0.963,0.845,0.981,0.92,0.478,-0.932,-0.765,0.696,0.984,0.256,0.984,0.983,-0.987,0.804,0.994,0.996,-0.979,-0.962,0.982,0.957,-0.041,-0.99,-0.995,-0.928,-0.044,-0.978,-0.974,0.871,-0.855,-0.989,0.969,0.388,-0.997,0.867,3.371,2.469,3.366,7.446,8.855,8.165,8.689,9.261,3.286,2.919,3.387,7.25,3.84,3.18,4.383,7.462,EssenceCatalog/problems/csplib-prob010-SocialGolfers/params/ord18-6-7-4.param
0.975,0.97,0.966,-0.949,0.659,-0.896,-0.802,0.853,0.987,-0.843,-0.948,-0.872,0.997,-0.913,-0.992,0.98,0.976,0.94,0.955,0.946,-0.998,-0.101,0.982,0.983,0.931,0.909,-0.928,-0.891,0.657,-0.985,-0.637,0.642,0.955,-0.868,-0.719,0.912,0.68,-0.944,-0.662,0.69,0.966,0.99,0.586,0.893,0.391,-0.972,0.995,-0.951,0.871,0.993,-0.937,-0.972,-0.95,-0.077,-0.96,0.965,0.967,-0.807,0.986,-0.996,-0.931,0.974,0.994,0.731,0.933,-0.996,-0.069,-0.947,-0.983,0.842,-0.961,-0.992,-0.732,-0.921,0.645,-0.965,0.992,0.996,-0.993,0.935,0.992,0.993,-0.987,-0.894,0.253,0.843,-0.98,-0.987,-0.999,-0.98,-0.977,-0.897,-0.946,0.962,-0.967,-0.977,-0.851,-0.81,-0.995,0.19,5.639,4.789,10.35,10.392,10.404,10.402,10.375,10.362,5.539,4.937,10.323,10.391,5.828,5.574,10.347,10.383,EssenceCatalog/problems/csplib-prob010-SocialGolfers/params/d979222e2e5a2a16590572712cc0cf3a.param
0.972,0.966,0.974,-0.954,0.632,-0.891,-0.845,0.853,0.987,-0.819,-0.953,-0.856,0.997,-0.92,-0.992,0.973,0.971,0.939,0.967,0.963,-0.997,-0.223,0.987,0.981,0.943,0.91,-0.942,-0.874,0.455,-0.983,-0.633,0.694,0.961,-0.859,-0.814,0.927,0.751,-0.941,-0.648,0.617,0.942,0.987,0.613,0.931,0.364,-0.968,0.995,-0.951,0.883,0.992,-0.958,-0.978,-0.96,0.261,-0.964,0.952,0.96,-0.828,0.984,-0.996,-0.907,0.979,0.993,0.656,0.911,-0.995,0.001,-0.953,-0.985,0.809,-0.962,-0.99,-0.661,-0.919,0.599,-0.968,0.991,0.995,-0.993,0.936,0.988,0.993,-0.986,-0.884,0.351,0.857,-0.98,-0.985,-0.998,-0.979,-0.976,-0.879,-0.937,0.959,-0.965,-0.975,-0.84,-0.823,-0.995,0.048,5.467,4.684,10.352,10.365,10.371,10.373,10.331,10.316,5.398,4.82,10.317,10.36,5.682,5.451,10.334,10.356,EssenceCatalog/problems/csplib-prob010-SocialGolfers/params/b289c74aa4efe58e9810533963a60db6.param
0.962,0.966,0.972,-0.961,0.721,-0.885,-0.886,0.883,0.992,-0.802,-0.974,-0.901,0.996,-0.924,-0.994,0.981,0.964,0.961,0.97,0.975,-0.997,-0.565,0.99,0.985,0.96,0.917,-0.967,-0.897,-0.692,-0.981,-0.539,0.874,0.962,-0.855,-0.974,0.92,0.835,-0.941,-0.563,0.614,0.975,0.986,0.739,0.965,0.307,-0.969,0.997,-0.958,0.849,0.989,-0.983,-0.978,-0.965,0.894,-0.984,0.954,0.96,-0.85,0.986,-0.995,-0.879,0.978,0.992,0.127,0.849,-0.994,0.745,-0.95,-0.987,0.865,-0.955,-0.989,-0.769,-0.94,0.654,-0.955,0.991,0.996,-0.993,0.917,0.985,0.994,-0.988,-0.901,0.846,0.857,-0.982,-0.985,-0.998,-0.982,-0.968,-0.885,-0.94,0.931,-0.959,-0.972,-0.68,-0.861,-0.995,0.231,4.764,4.228,10.289,10.328,10.365,10.344,10.34,10.288,4.936,4.335,10.31,10.313,5.178,4.815,10.295,10.321,EssenceCatalog/problems/csplib-prob010-SocialGolfers/params/bde9137e05f3a0e1991fad0bc6611641.param
0.965,0.985,-0.726,-0.996,0.116,-0.946,0.874,0.973,0.985,-0.988,-0.975,-0.964,0.999,-0.978,-0.999,-0.146,0.992,0.73,-0.867,-0.85,-1.0,0.986,0.985,0.979,0.982,0.993,-0.985,-0.983,0.999,-0.997,-0.959,0.974,0.987,-0.991,0.998,0.821,0.993,-0.996,-0.988,0.938,-0.982,0.996,0.968,-0.972,0.969,-0.996,0.984,-0.94,0.976,0.994,0.346,-0.709,0.376,-0.946,0.513,0.964,0.976,-0.957,0.982,-0.999,-0.993,0.97,0.993,0.993,0.995,-1.0,-0.966,-0.984,0.928,0.944,-0.988,-0.995,-0.949,-0.967,0.981,-0.149,0.988,0.996,-0.998,0.873,0.993,0.995,-0.994,-0.949,-0.882,0.996,-0.955,-0.998,-0.999,-0.982,-0.994,-0.982,-0.988,0.943,-0.996,-0.999,-0.866,-0.884,-0.999,-0.893,8.184,5.08,7.486,9.926,10.233,10.168,10.281,10.491,6.665,5.376,7.589,10.148,7.078,6.818,7.94,10.035,EssenceCatalog/problems/csplib-prob010-SocialGolfers/params/5023a4d1dbbe1f2ab499fbe287197fd4.param
0.984,0.969,0.968,-0.955,0.549,-0.916,-0.8,0.813,0.983,-0.853,-0.918,-0.785,0.997,-0.929,-0.992,0.96,0.982,0.875,0.962,0.896,-0.998,0.149,0.987,0.976,0.943,0.944,-0.911,-0.857,0.979,-0.987,-0.837,0.264,0.979,-0.91,0.211,0.951,0.745,-0.955,-0.815,0.696,0.837,0.992,0.598,0.826,0.382,-0.977,0.994,-0.951,0.953,0.994,-0.919,-0.978,-0.963,-0.793,-0.905,0.944,0.968,-0.903,0.983,-0.997,-0.947,0.978,0.993,0.915,0.97,-0.998,-0.881,-0.971,-0.98,0.737,-0.975,-0.993,-0.519,-0.929,0.544,-0.973,0.991,0.994,-0.995,0.942,0.992,0.99,-0.982,-0.87,-0.554,0.905,-0.975,-0.99,-0.999,-0.975,-0.989,-0.892,-0.949,0.979,-0.983,-0.982,-0.957,-0.849,-0.995,-0.193,6.713,5.338,10.384,10.412,10.424,10.394,10.371,10.401,6.198,5.514,10.361,10.416,6.508,6.479,10.42,10.425,EssenceCatalog/problems/csplib-prob010-SocialGolfers/params/69825952a71980bdeff1ed94931fb77c.param
0.982,0.968,0.968,-0.953,0.543,-0.911,-0.803,0.823,0.984,-0.843,-0.927,-0.802,0.997,-0.925,-0.992,0.969,0.98,0.896,0.962,0.916,-0.998,0.056,0.988,0.978,0.941,0.937,-0.915,-0.861,0.96,-0.986,-0.806,0.333,0.977,-0.899,-0.072,0.946,0.726,-0.953,-0.787,0.676,0.892,0.992,0.596,0.851,0.361,-0.975,0.994,-0.95,0.943,0.994,-0.931,-0.979,-0.962,-0.675,-0.928,0.949,0.967,-0.887,0.984,-0.997,-0.943,0.978,0.993,0.887,0.963,-0.997,-0.794,-0.968,-0.981,0.761,-0.973,-0.993,-0.561,-0.93,0.543,-0.971,0.991,0.995,-0.994,0.939,0.991,0.991,-0.983,-0.874,-0.405,0.892,-0.977,-0.989,-0.999,-0.976,-0.988,-0.887,-0.946,0.976,-0.98,-0.981,-0.943,-0.843,-0.995,-0.094,6.46,5.239,10.39,10.403,10.404,10.392,10.359,10.386,6.046,5.408,10.361,10.408,6.362,6.291,10.41,10.41,EssenceCatalog/problems/csplib-prob010-SocialGolfers/params/5699510b552c696573352b932384014d.param
0.98,0.968,0.973,-0.955,0.552,-0.907,-0.824,0.824,0.985,-0.828,-0.934,-0.801,0.997,-0.928,-0.991,0.969,0.978,0.906,0.967,0.933,-0.998,-0.062,0.989,0.978,0.946,0.934,-0.926,-0.855,0.932,-0.985,-0.792,0.421,0.975,-0.893,-0.309,0.947,0.754,-0.95,-0.765,0.646,0.897,0.991,0.598,0.888,0.338,-0.973,0.994,-0.952,0.938,0.993,-0.949,-0.98,-0.965,-0.507,-0.942,0.946,0.965,-0.894,0.984,-0.997,-0.934,0.979,0.993,0.854,0.954,-0.997,-0.725,-0.968,-0.983,0.753,-0.97,-0.992,-0.519,-0.927,0.513,-0.973,0.991,0.994,-0.994,0.939,0.99,0.992,-0.983,-0.87,-0.236,0.89,-0.978,-0.988,-0.999,-0.977,-0.986,-0.884,-0.941,0.973,-0.979,-0.979,-0.933,-0.839,-0.995,-0.098,6.247,5.147,10.404,10.394,10.383,10.387,10.347,10.368,5.907,5.307,10.365,10.398,6.228,6.15,10.404,10.397,EssenceCatalog/problems/csplib-prob010-SocialGolfers/params/e3213a2d32626b36839bdd953fb66825.param
0.99,0.99,0.992,-0.991,0.991,-0.97,-0.989,0.938,0.988,-0.982,-0.992,-0.979,0.999,-0.981,-0.999,-0.978,0.998,0.912,0.995,0.947,-1.0,0.995,0.979,0.982,0.886,0.98,-0.992,-0.982,0.933,-0.998,-0.949,0.994,0.992,-0.981,0.989,0.981,0.981,-0.996,-0.982,0.973,-0.996,0.992,0.977,0.988,0.989,-0.995,0.992,-0.982,0.983,0.997,0.984,-0.991,-0.724,-0.988,0.983,0.968,0.99,0.614,0.996,-0.999,-0.987,0.994,0.999,0.984,0.987,-0.999,-0.972,-0.988,-0.983,0.977,-0.996,-0.998,-0.971,-0.981,0.99,-0.996,0.987,1.0,-0.995,0.993,0.998,0.987,-0.987,-0.986,-0.993,0.989,-0.982,-0.998,-0.999,-0.981,-0.996,-0.991,-0.998,0.996,-0.987,-0.998,-0.974,-0.963,-1.0,-0.992,9.665,5.739,10.467,10.403,10.311,10.333,10.435,10.455,7.624,6.001,10.448,10.356,8.101,7.593,10.417,10.393,EssenceCatalog/problems/csplib-prob010-SocialGolfers/params/b1e9a72c737c4cae9365f597007789fc.param
0.963,0.965,0.977,-0.95,0.69,-0.873,-0.86,0.854,0.986,-0.846,-0.958,-0.893,0.997,-0.905,-0.992,0.956,0.965,0.944,0.968,0.968,-0.997,0.096,0.982,0.982,0.908,0.885,-0.936,-0.894,-0.075,-0.983,-0.517,0.788,0.947,-0.839,-0.826,0.906,0.721,-0.939,-0.638,0.682,0.906,0.985,0.647,0.937,0.522,-0.959,0.992,-0.946,0.829,0.99,-0.908,-0.974,-0.945,0.263,-0.945,0.957,0.952,-0.56,0.979,-0.995,-0.9,0.981,0.992,0.579,0.893,-0.993,0.28,-0.936,-0.985,0.848,-0.965,-0.988,-0.798,-0.924,0.712,-0.969,0.988,0.995,-0.992,0.944,0.983,0.991,-0.985,-0.888,0.302,0.823,-0.977,-0.984,-0.998,-0.975,-0.964,-0.869,-0.933,0.943,-0.942,-0.976,-0.764,-0.83,-0.995,-0.081,5.491,4.549,10.359,10.337,10.348,10.351,10.316,10.308,5.379,4.691,10.342,10.328,5.673,5.287,10.335,10.32,EssenceCatalog/problems/csplib-prob010-SocialGolfers/params/c9e8e34332d389b6896ad2d11438f171.param
0.911,0.934,-0.981,-0.988,0.723,-0.833,0.991,0.885,0.964,-0.973,-0.964,-0.818,0.994,-0.973,-0.999,0.638,0.995,0.951,-0.995,-0.945,-0.999,0.882,-0.93,0.985,0.949,0.961,-0.973,-0.976,0.909,-0.991,0.77,0.976,-0.938,-0.973,0.966,-0.94,0.965,-0.882,-0.87,0.978,0.955,0.994,-0.938,-0.997,0.973,-0.948,0.945,-0.966,-0.876,0.987,0.13,0.958,0.981,-0.178,-0.836,0.97,0.98,-0.965,0.96,-0.99,-0.99,0.065,0.984,0.981,0.969,-0.995,0.959,0.778,0.993,0.933,0.279,-0.955,-0.854,0.564,0.987,0.648,0.985,0.988,-0.991,0.746,0.995,0.997,-0.985,-0.972,0.978,0.969,-0.168,-0.994,-0.996,-0.951,-0.353,-0.984,-0.979,0.825,-0.926,-0.993,0.973,0.341,-0.998,0.863,3.55,2.565,3.36,7.701,9.075,8.411,8.924,9.48,3.42,3.021,3.387,7.515,3.999,3.324,4.419,7.711,EssenceCatalog/problems/csplib-prob010-SocialGolfers/params/c04df57f583c352e986b7b4e43445143.param
0.984,0.959,0.984,-0.971,0.801,-0.911,-0.933,0.785,0.963,-0.84,-0.94,-0.703,0.998,-0.93,-0.992,0.241,0.992,0.715,0.987,0.958,-0.998,0.536,0.99,0.956,0.948,0.95,-0.961,-0.751,0.98,-0.989,-0.878,0.724,0.984,-0.928,0.779,0.971,0.878,-0.957,-0.839,0.671,-0.714,0.985,0.721,0.932,0.675,-0.981,0.989,-0.969,0.97,0.994,-0.826,-0.985,-0.966,-0.772,-0.65,0.781,0.982,-0.948,0.985,-0.993,-0.896,0.979,0.996,0.914,0.959,-0.996,-0.96,-0.976,-0.988,0.454,-0.975,-0.994,-0.201,-0.868,0.724,-0.988,0.988,0.997,-0.991,0.978,0.994,0.985,-0.969,-0.894,-0.802,0.951,-0.975,-0.987,-0.999,-0.962,-0.994,-0.945,-0.974,0.99,-0.987,-0.983,-0.94,-0.772,-0.996,-0.877,7.986,5.516,10.383,10.32,10.322,10.321,10.302,10.342,6.746,5.744,10.366,10.312,7.072,7.277,10.394,10.337,EssenceCatalog/problems/csplib-prob010-SocialGolfers/params/c1f2b368b0d2fef178b4a08e1af97be9.param
0.977,0.965,0.974,-0.95,0.601,-0.896,-0.836,0.832,0.983,-0.833,-0.936,-0.826,0.997,-0.915,-0.991,0.959,0.977,0.916,0.968,0.948,-0.997,0.036,0.987,0.978,0.931,0.917,-0.922,-0.855,0.854,-0.985,-0.718,0.538,0.968,-0.873,-0.44,0.935,0.709,-0.943,-0.709,0.644,0.887,0.989,0.587,0.905,0.396,-0.971,0.994,-0.949,0.915,0.993,-0.925,-0.978,-0.958,-0.392,-0.933,0.947,0.964,-0.83,0.984,-0.996,-0.92,0.979,0.993,0.815,0.941,-0.996,-0.547,-0.958,-0.985,0.763,-0.969,-0.992,-0.599,-0.913,0.591,-0.974,0.99,0.995,-0.993,0.946,0.99,0.991,-0.983,-0.877,-0.169,0.867,-0.978,-0.986,-0.999,-0.975,-0.983,-0.888,-0.944,0.971,-0.971,-0.978,-0.904,-0.81,-0.994,-0.12,6.154,5.05,10.4,10.38,10.374,10.379,10.339,10.348,5.836,5.21,10.36,10.38,6.155,6.015,10.388,10.376,EssenceCatalog/problems/csplib-prob010-SocialGolfers/params/616800489c12892c66cdc9a6003d598c.param
0.976,0.969,0.971,-0.957,0.56,-0.905,-0.811,0.854,0.989,-0.82,-0.952,-0.841,0.997,-0.93,-0.993,0.984,0.971,0.935,0.963,0.946,-0.998,-0.343,0.989,0.982,0.957,0.931,-0.944,-0.883,0.692,-0.984,-0.717,0.617,0.971,-0.883,-0.782,0.936,0.784,-0.951,-0.71,0.613,0.957,0.99,0.612,0.906,0.294,-0.97,0.995,-0.951,0.91,0.992,-0.973,-0.977,-0.964,0.156,-0.974,0.956,0.961,-0.892,0.984,-0.997,-0.925,0.979,0.992,0.707,0.931,-0.997,-0.247,-0.963,-0.982,0.812,-0.965,-0.991,-0.624,-0.936,0.514,-0.962,0.991,0.995,-0.994,0.918,0.987,0.994,-0.986,-0.881,0.351,0.884,-0.979,-0.987,-0.999,-0.982,-0.981,-0.866,-0.931,0.959,-0.975,-0.977,-0.883,-0.851,-0.995,0.146,5.526,4.792,10.362,10.398,10.39,10.395,10.357,10.354,5.459,4.926,10.318,10.396,5.752,5.581,10.345,10.395,EssenceCatalog/problems/csplib-prob010-SocialGolfers/params/79c77d3bfee27ad9c851bcb688e297d5.param
0.984,0.963,0.983,-0.966,0.766,-0.917,-0.908,0.77,0.969,-0.855,-0.93,-0.731,0.997,-0.928,-0.99,0.552,0.989,0.73,0.985,0.941,-0.998,0.514,0.987,0.958,0.935,0.948,-0.943,-0.795,0.983,-0.989,-0.875,0.598,0.98,-0.916,0.738,0.964,0.841,-0.957,-0.839,0.701,-0.393,0.985,0.657,0.905,0.635,-0.978,0.988,-0.968,0.966,0.994,-0.802,-0.982,-0.96,-0.849,-0.662,0.849,0.977,-0.911,0.984,-0.995,-0.914,0.979,0.995,0.923,0.962,-0.996,-0.955,-0.97,-0.986,0.582,-0.973,-0.994,-0.336,-0.895,0.704,-0.987,0.986,0.996,-0.991,0.974,0.993,0.985,-0.971,-0.883,-0.811,0.936,-0.969,-0.987,-0.999,-0.964,-0.991,-0.931,-0.968,0.989,-0.984,-0.982,-0.955,-0.79,-0.995,-0.781,7.818,5.523,10.415,10.365,10.377,10.347,10.334,10.383,6.704,5.743,10.399,10.36,7.031,7.157,10.423,10.38,EssenceCatalog/problems/csplib-prob010-SocialGolfers/params/25512f530a924c8b61e0621af65ef893.param
0.947,0.914,-0.915,-0.979,0.934,-0.82,0.966,0.775,0.952,-0.958,-0.955,-0.712,0.988,-0.965,-0.996,0.524,0.994,0.901,-0.979,-0.86,-0.998,0.677,-0.973,0.972,0.915,0.923,-0.964,-0.947,0.856,-0.983,0.815,0.969,-0.978,-0.952,0.929,-0.895,0.94,-0.785,-0.739,0.974,0.958,0.986,-0.962,-0.987,0.967,-0.899,0.908,-0.959,-0.897,0.981,0.299,0.953,0.942,-0.511,-0.804,0.94,0.973,-0.971,0.939,-0.977,-0.983,-0.185,0.981,0.965,0.949,-0.99,0.914,0.86,0.952,0.897,0.537,-0.925,-0.701,0.818,0.984,-0.186,0.982,0.981,-0.984,0.886,0.994,0.994,-0.969,-0.956,0.964,0.951,0.084,-0.987,-0.993,-0.89,-0.032,-0.981,-0.977,0.905,-0.842,-0.986,0.944,0.453,-0.996,0.78,3.5,2.504,3.41,7.215,8.673,7.946,8.5,9.049,3.358,2.983,3.434,7.027,3.884,3.227,4.39,7.235,EssenceCatalog/problems/csplib-prob010-SocialGolfers/params/ord25-3-8-5.param
0.985,0.969,0.971,-0.959,0.566,-0.919,-0.821,0.809,0.983,-0.845,-0.923,-0.765,0.997,-0.933,-0.992,0.954,0.983,0.862,0.966,0.904,-0.998,0.099,0.989,0.974,0.949,0.948,-0.92,-0.844,0.983,-0.987,-0.855,0.269,0.981,-0.913,0.262,0.957,0.779,-0.956,-0.824,0.685,0.802,0.992,0.61,0.846,0.365,-0.979,0.994,-0.955,0.96,0.994,-0.934,-0.981,-0.967,-0.78,-0.909,0.935,0.972,-0.928,0.985,-0.997,-0.945,0.977,0.994,0.916,0.969,-0.998,-0.901,-0.974,-0.981,0.706,-0.974,-0.994,-0.443,-0.928,0.523,-0.975,0.991,0.995,-0.995,0.945,0.993,0.99,-0.981,-0.87,-0.567,0.915,-0.976,-0.989,-0.999,-0.976,-0.99,-0.9,-0.951,0.982,-0.985,-0.982,-0.959,-0.847,-0.995,-0.277,6.751,5.355,10.4,10.416,10.427,10.399,10.375,10.4,6.216,5.532,10.375,10.42,6.525,6.532,10.436,10.429,EssenceCatalog/problems/csplib-prob010-SocialGolfers/params/ac56fb68a4e79bab42cc69f33a64b262.param
0.978,0.969,0.969,-0.949,0.558,-0.904,-0.795,0.839,0.987,-0.845,-0.938,-0.843,0.997,-0.919,-0.992,0.98,0.973,0.929,0.958,0.931,-0.998,-0.048,0.986,0.981,0.936,0.921,-0.92,-0.886,0.857,-0.986,-0.724,0.486,0.969,-0.882,-0.531,0.932,0.7,-0.95,-0.738,0.669,0.946,0.991,0.597,0.872,0.367,-0.97,0.994,-0.946,0.912,0.993,-0.937,-0.976,-0.956,-0.399,-0.948,0.962,0.96,-0.825,0.983,-0.997,-0.938,0.979,0.993,0.819,0.949,-0.997,-0.495,-0.96,-0.982,0.82,-0.97,-0.991,-0.684,-0.934,0.579,-0.967,0.991,0.994,-0.994,0.929,0.99,0.992,-0.986,-0.876,-0.069,0.867,-0.978,-0.988,-0.999,-0.978,-0.982,-0.87,-0.936,0.965,-0.972,-0.979,-0.913,-0.851,-0.995,0.114,5.998,5.015,10.382,10.403,10.392,10.395,10.363,10.38,5.767,5.168,10.35,10.403,6.085,5.905,10.378,10.397,EssenceCatalog/problems/csplib-prob010-SocialGolfers/params/b141507e9c383709c32116f5e3b17a6b.param
0.979,0.965,0.972,-0.95,0.608,-0.904,-0.831,0.809,0.98,-0.858,-0.926,-0.816,0.997,-0.912,-0.991,0.938,0.978,0.89,0.965,0.929,-0.998,0.317,0.984,0.976,0.911,0.92,-0.906,-0.861,0.936,-0.987,-0.758,0.433,0.969,-0.883,0.081,0.936,0.693,-0.948,-0.778,0.714,0.774,0.989,0.589,0.861,0.495,-0.97,0.991,-0.95,0.925,0.993,-0.859,-0.976,-0.951,-0.734,-0.874,0.944,0.962,-0.766,0.981,-0.996,-0.935,0.98,0.993,0.88,0.957,-0.996,-0.765,-0.956,-0.983,0.764,-0.973,-0.991,-0.638,-0.918,0.642,-0.977,0.989,0.994,-0.993,0.952,0.99,0.989,-0.981,-0.871,-0.527,0.876,-0.974,-0.987,-0.999,-0.97,-0.983,-0.887,-0.945,0.974,-0.971,-0.98,-0.93,-0.824,-0.995,-0.246,6.745,5.275,10.405,10.403,10.413,10.387,10.362,10.394,6.196,5.458,10.377,10.402,6.513,6.401,10.42,10.41,EssenceCatalog/problems/csplib-prob010-SocialGolfers/params/7aff1bc362fdd016a8b2a3a65d0911e7.param
0.962,0.96,0.978,-0.953,0.657,-0.865,-0.873,0.851,0.983,-0.837,-0.955,-0.876,0.997,-0.904,-0.992,0.92,0.967,0.926,0.973,0.973,-0.997,0.224,0.987,0.978,0.907,0.895,-0.938,-0.865,0.124,-0.983,-0.561,0.783,0.958,-0.842,-0.724,0.917,0.745,-0.937,-0.654,0.646,0.771,0.981,0.668,0.942,0.529,-0.961,0.991,-0.949,0.864,0.99,-0.907,-0.978,-0.945,0.211,-0.933,0.936,0.958,-0.6,0.978,-0.994,-0.88,0.982,0.992,0.606,0.891,-0.992,0.046,-0.945,-0.985,0.791,-0.966,-0.988,-0.734,-0.911,0.702,-0.971,0.987,0.995,-0.99,0.949,0.982,0.99,-0.983,-0.885,0.154,0.84,-0.977,-0.982,-0.998,-0.973,-0.972,-0.874,-0.937,0.951,-0.95,-0.976,-0.761,-0.803,-0.995,-0.312,5.749,4.666,10.385,10.341,10.347,10.35,10.303,10.304,5.521,4.819,10.355,10.331,5.829,5.521,10.345,10.322,EssenceCatalog/problems/csplib-prob010-SocialGolfers/params/a6c6f8ec8fdb0b980c6dc161c7b8a698.param
0.983,0.967,0.966,-0.953,0.517,-0.916,-0.793,0.812,0.982,-0.852,-0.916,-0.793,0.997,-0.923,-0.992,0.962,0.982,0.877,0.959,0.895,-0.998,0.18,0.987,0.975,0.941,0.942,-0.905,-0.855,0.979,-0.987,-0.832,0.223,0.98,-0.905,0.216,0.949,0.728,-0.953,-0.809,0.696,0.85,0.992,0.605,0.818,0.357,-0.978,0.994,-0.95,0.953,0.994,-0.917,-0.978,-0.961,-0.796,-0.907,0.945,0.969,-0.894,0.983,-0.997,-0.947,0.978,0.993,0.915,0.97,-0.998,-0.875,-0.97,-0.98,0.731,-0.974,-0.993,-0.543,-0.932,0.54,-0.972,0.991,0.995,-0.994,0.939,0.993,0.99,-0.982,-0.872,-0.553,0.899,-0.977,-0.989,-0.999,-0.974,-0.989,-0.896,-0.95,0.979,-0.982,-0.982,-0.953,-0.849,-0.995,-0.164,6.69,5.331,10.36,10.395,10.408,10.377,10.351,10.382,6.185,5.504,10.336,10.4,6.493,6.459,10.398,10.41,EssenceCatalog/problems/csplib-prob010-SocialGolfers/params/49b5cca66a213ae6dcfe695a2ff2f02c.param
0.961,0.967,0.971,-0.957,0.725,-0.879,-0.887,0.882,0.991,-0.794,-0.971,-0.903,0.996,-0.917,-0.994,0.982,0.968,0.962,0.97,0.976,-0.997,-0.5,0.989,0.985,0.954,0.91,-0.961,-0.898,-0.644,-0.98,-0.533,0.851,0.962,-0.849,-0.969,0.921,0.803,-0.94,-0.566,0.626,0.979,0.987,0.741,0.963,0.318,-0.969,0.997,-0.959,0.855,0.99,-0.977,-0.98,-0.964,0.856,-0.981,0.959,0.964,-0.825,0.987,-0.995,-0.884,0.977,0.993,0.218,0.857,-0.994,0.723,-0.95,-0.988,0.874,-0.955,-0.99,-0.79,-0.935,0.667,-0.957,0.991,0.997,-0.993,0.925,0.987,0.994,-0.987,-0.901,0.801,0.842,-0.984,-0.985,-0.998,-0.982,-0.97,-0.897,-0.944,0.936,-0.958,-0.971,-0.698,-0.858,-0.995,0.21,4.822,4.256,10.306,10.34,10.375,10.357,10.349,10.295,4.975,4.366,10.323,10.326,5.218,4.85,10.31,10.333,EssenceCatalog/problems/csplib-prob010-SocialGolfers/params/261b280715da6483a7654f8b6e313807.param
0.968,0.971,0.971,-0.951,0.74,-0.873,-0.814,0.87,0.984,-0.892,-0.952,-0.911,0.997,-0.9,-0.993,0.937,0.972,0.945,0.954,0.949,-0.997,0.509,0.973,0.984,0.848,0.872,-0.918,-0.918,0.29,-0.988,-0.49,0.785,0.932,-0.841,-0.534,0.877,0.672,-0.95,-0.714,0.798,0.873,0.988,0.613,0.9,0.678,-0.963,0.991,-0.943,0.783,0.992,-0.688,-0.966,-0.904,-0.378,-0.875,0.97,0.952,-0.171,0.981,-0.996,-0.935,0.981,0.994,0.755,0.93,-0.994,0.105,-0.918,-0.981,0.89,-0.971,-0.989,-0.876,-0.919,0.821,-0.973,0.989,0.996,-0.992,0.956,0.989,0.991,-0.986,-0.897,-0.077,0.82,-0.975,-0.987,-0.998,-0.977,-0.965,-0.892,-0.951,0.951,-0.933,-0.983,-0.797,-0.813,-0.996,-0.122,6.108,4.781,10.378,10.357,10.374,10.366,10.354,10.364,5.79,4.969,10.362,10.349,6.114,5.623,10.355,10.334,EssenceCatalog/problems/csplib-prob010-SocialGolfers/params/089303e846ad68486a33318f2ece7bdd.param
0.967,0.973,0.98,-0.957,0.844,-0.876,-0.882,0.883,0.985,-0.919,-0.968,-0.939,0.998,-0.914,-0.995,0.86,0.977,0.955,0.967,0.962,-0.998,0.72,0.963,0.987,0.812,0.869,-0.935,-0.935,-0.253,-0.99,-0.409,0.895,0.91,-0.838,-0.523,0.87,0.752,-0.959,-0.745,0.858,0.713,0.987,0.682,0.934,0.815,-0.962,0.989,-0.948,0.739,0.992,-0.421,-0.968,-0.888,-0.397,-0.784,0.973,0.955,0.273,0.98,-0.997,-0.938,0.984,0.995,0.744,0.928,-0.994,0.309,-0.903,-0.985,0.919,-0.976,-0.989,-0.92,-0.934,0.893,-0.981,0.989,0.997,-0.992,0.966,0.988,0.991,-0.987,-0.914,-0.141,0.835,-0.973,-0.989,-0.998,-0.977,-0.955,-0.904,-0.961,0.948,-0.909,-0.987,-0.76,-0.843,-0.997,-0.411,6.347,4.704,10.445,10.342,10.347,10.347,10.351,10.372,5.879,4.902,10.436,10.329,6.235,5.573,10.394,10.31,EssenceCatalog/problems/csplib-prob010-SocialGolfers/params/03d7f05bd45d4b96817ca6886fcae5e6.param
0.982,0.969,0.968,-0.953,0.528,-0.912,-0.798,0.827,0.985,-0.842,-0.929,-0.803,0.997,-0.926,-0.992,0.973,0.979,0.901,0.961,0.918,-0.998,0.015,0.988,0.978,0.944,0.938,-0.918,-0.865,0.956,-0.986,-0.805,0.337,0.977,-0.898,-0.137,0.946,0.735,-0.953,-0.79,0.674,0.905,0.992,0.598,0.852,0.34,-0.976,0.995,-0.951,0.943,0.994,-0.939,-0.979,-0.962,-0.632,-0.935,0.951,0.967,-0.892,0.985,-0.997,-0.943,0.979,0.993,0.88,0.962,-0.998,-0.775,-0.969,-0.981,0.767,-0.972,-0.993,-0.569,-0.931,0.533,-0.97,0.991,0.995,-0.995,0.935,0.991,0.991,-0.983,-0.873,-0.342,0.893,-0.978,-0.989,-0.999,-0.978,-0.987,-0.884,-0.944,0.975,-0.981,-0.981,-0.94,-0.847,-0.995,-0.054,6.379,5.213,10.389,10.403,10.402,10.394,10.359,10.387,6.0,5.378,10.358,10.409,6.316,6.24,10.406,10.411,EssenceCatalog/problems/csplib-prob010-SocialGolfers/params/df73061ecc9e43368373f768e6f2e993.param
0.992,0.989,0.992,-0.989,0.989,-0.972,-0.988,0.84,0.972,-0.962,-0.982,-0.889,0.999,-0.973,-0.998,-0.99,0.998,0.551,0.996,0.888,-0.999,0.986,0.99,0.932,0.946,0.981,-0.992,-0.972,0.995,-0.998,-0.978,0.981,0.993,-0.976,0.996,0.989,0.98,-0.994,-0.963,0.932,-0.998,0.988,0.975,0.984,0.981,-0.995,0.983,-0.978,0.99,0.997,0.974,-0.992,-0.914,-0.992,0.983,0.893,0.991,-0.85,0.995,-0.996,-0.978,0.988,0.998,0.982,0.985,-0.999,-0.996,-0.993,-0.981,0.906,-0.994,-0.998,-0.911,-0.965,0.984,-0.997,0.985,0.999,-0.991,0.994,0.998,0.973,-0.976,-0.983,-0.996,0.991,-0.978,-0.996,-0.999,-0.97,-0.997,-0.992,-0.997,0.998,-0.993,-0.997,-0.986,-0.941,-0.999,-0.994,9.682,5.836,10.514,10.439,10.444,10.426,10.52,10.469,7.597,6.108,10.528,10.414,8.023,7.856,10.519,10.451,EssenceCatalog/problems/csplib-prob010-SocialGolfers/params/6fdb443de8d6008bf96318abd656b674.param
0.991,0.989,0.994,-0.986,0.99,-0.971,-0.991,0.812,0.967,-0.954,-0.979,-0.866,0.999,-0.972,-0.997,-0.99,0.998,0.544,0.998,0.916,-0.999,0.984,0.99,0.919,0.938,0.977,-0.99,-0.966,0.995,-0.997,-0.977,0.978,0.992,-0.969,0.995,0.99,0.975,-0.993,-0.956,0.918,-0.998,0.986,0.97,0.989,0.978,-0.995,0.983,-0.977,0.99,0.997,0.972,-0.993,-0.932,-0.991,0.983,0.877,0.991,-0.842,0.994,-0.995,-0.975,0.987,0.998,0.981,0.982,-0.998,-0.996,-0.992,-0.987,0.892,-0.994,-0.998,-0.89,-0.962,0.98,-0.997,0.983,0.999,-0.988,0.995,0.998,0.968,-0.973,-0.982,-0.996,0.989,-0.977,-0.996,-0.999,-0.965,-0.997,-0.992,-0.997,0.998,-0.992,-0.996,-0.987,-0.936,-0.999,-0.993,9.661,5.824,10.495,10.412,10.417,10.398,10.49,10.438,7.577,6.096,10.507,10.383,8.004,7.844,10.497,10.422,EssenceCatalog/problems/csplib-prob010-SocialGolfers/params/70bb3fec9632cf69e77775f88b1757f4.param
-0.231,-0.607,0.041,0.316,-0.971,0.0,0.402,0.664,0.759,-0.575,-0.326,-0.685,0.603,0.077,-0.508,0.861,-0.994,0.743,-0.624,-0.609,0.772,0.259,0.412,0.659,0.511,0.141,0.065,-0.528,-0.958,0.309,-0.036,-0.436,0.307,-0.28,-0.959,0.097,-0.044,-0.542,-0.318,-0.069,-0.79,0.234,0.821,-0.307,-0.412,0.887,-0.892,0.943,-0.229,-0.977,-0.937,0.644,0.302,0.818,-0.85,0.577,-0.99,0.936,-0.99,-0.74,0.125,0.652,-0.985,-0.847,0.178,-0.709,-0.317,0.004,0.602,-0.297,-0.856,0.947,-0.49,-0.9,-0.856,0.889,-0.588,-0.985,-0.682,-0.956,-0.995,-0.037,-0.26,0.776,0.696,0.195,0.673,-0.418,-0.308,0.193,0.897,0.983,0.982,-0.981,0.578,0.386,-0.523,-0.915,-0.19,0.629,0.6,0.517,0.762,2.158,0.203,0.123,0.649,2.725,0.679,0.408,0.669,2.069,0.725,0.48,0.738,2.101,EssenceCatalog/problems/csplib-prob010-SocialGolfers/params/ord10-4-3-3.param
0.98,0.951,0.984,-0.977,0.721,-0.895,-0.927,0.838,0.977,-0.809,-0.962,-0.729,0.997,-0.943,-0.993,0.539,0.989,0.77,0.986,0.976,-0.998,0.182,0.994,0.959,0.968,0.956,-0.975,-0.724,0.934,-0.987,-0.867,0.818,0.986,-0.93,0.324,0.97,0.915,-0.957,-0.803,0.54,-0.555,0.981,0.739,0.951,0.586,-0.981,0.992,-0.972,0.967,0.993,-0.967,-0.987,-0.971,0.015,-0.912,0.731,0.982,-0.971,0.984,-0.992,-0.853,0.982,0.996,0.812,0.929,-0.996,-0.886,-0.979,-0.986,0.404,-0.968,-0.993,0.0,-0.877,0.627,-0.981,0.989,0.997,-0.992,0.967,0.99,0.991,-0.976,-0.888,-0.329,0.956,-0.98,-0.985,-0.998,-0.972,-0.993,-0.927,-0.963,0.985,-0.99,-0.982,-0.884,-0.748,-0.996,-0.837,7.145,5.247,10.377,10.3,10.314,10.307,10.245,10.302,6.257,5.453,10.331,10.297,6.576,6.815,10.353,10.316,EssenceCatalog/problems/csplib-prob010-SocialGolfers/params/37567a305a5394329be83f6d50ca3bd4.param
0.973,0.969,0.974,-0.953,0.599,-0.895,-0.838,0.852,0.989,-0.814,-0.953,-0.854,0.997,-0.922,-0.992,0.979,0.971,0.942,0.967,0.959,-0.998,-0.268,0.988,0.982,0.947,0.918,-0.941,-0.883,0.529,-0.983,-0.673,0.652,0.966,-0.867,-0.82,0.932,0.759,-0.946,-0.675,0.617,0.956,0.989,0.624,0.928,0.319,-0.968,0.995,-0.951,0.897,0.992,-0.963,-0.979,-0.963,0.216,-0.967,0.957,0.961,-0.844,0.984,-0.996,-0.916,0.98,0.993,0.669,0.92,-0.996,-0.075,-0.959,-0.985,0.82,-0.965,-0.991,-0.663,-0.931,0.568,-0.967,0.991,0.995,-0.994,0.929,0.988,0.993,-0.986,-0.88,0.349,0.861,-0.98,-0.986,-0.999,-0.98,-0.979,-0.873,-0.935,0.958,-0.967,-0.974,-0.861,-0.842,-0.994,0.111,5.476,4.722,10.363,10.383,10.379,10.385,10.343,10.332,5.414,4.855,10.325,10.378,5.704,5.486,10.344,10.376,EssenceCatalog/problems/csplib-prob010-SocialGolfers/params/9962ce91fb88e425b7636ecb3f526337.param
0.981,0.968,0.973,-0.957,0.554,-0.909,-0.822,0.828,0.986,-0.826,-0.938,-0.801,0.997,-0.93,-0.992,0.972,0.978,0.909,0.967,0.935,-0.998,-0.112,0.989,0.978,0.951,0.936,-0.93,-0.856,0.923,-0.985,-0.787,0.45,0.975,-0.896,-0.371,0.947,0.769,-0.95,-0.758,0.642,0.905,0.991,0.59,0.89,0.335,-0.973,0.995,-0.954,0.936,0.993,-0.957,-0.98,-0.965,-0.44,-0.95,0.946,0.966,-0.906,0.984,-0.997,-0.932,0.979,0.993,0.844,0.952,-0.997,-0.699,-0.968,-0.983,0.753,-0.969,-0.992,-0.505,-0.926,0.501,-0.972,0.991,0.995,-0.994,0.938,0.99,0.992,-0.984,-0.873,-0.155,0.893,-0.978,-0.988,-0.999,-0.978,-0.986,-0.884,-0.94,0.973,-0.98,-0.979,-0.929,-0.837,-0.995,-0.077,6.161,5.113,10.404,10.397,10.386,10.392,10.353,10.372,5.855,5.27,10.363,10.401,6.175,6.096,10.4,10.399,EssenceCatalog/problems/csplib-prob010-SocialGolfers/params/69088ec7739dc6f3c21e8122f9f42af4.param
0.24,0.973,-0.998,-0.991,-0.969,-0.837,0.999,0.989,0.984,-0.974,-0.965,-0.956,0.997,-0.948,-0.999,0.96,0.988,0.986,-0.999,-0.957,-0.999,0.956,0.973,0.993,0.983,0.987,-0.99,-0.981,0.904,-0.995,0.133,0.952,0.877,-0.976,0.921,-0.92,0.982,-0.96,-0.956,0.922,0.964,0.996,0.052,-0.999,0.836,-0.992,0.993,-0.963,0.012,0.986,-0.899,0.526,0.992,0.971,-0.978,0.982,0.987,-0.945,0.978,-0.997,-0.982,0.81,0.988,0.973,0.974,-0.997,0.992,-0.692,1.0,0.954,-0.702,-0.987,-0.968,-0.796,0.96,0.996,0.981,0.996,-0.994,-0.658,0.984,0.998,-0.995,-0.98,0.992,0.976,-0.964,-0.996,-0.997,-0.991,-0.936,-0.958,-0.97,-0.132,-0.99,-0.997,0.993,-0.488,-0.998,0.946,3.869,3.074,4.168,9.604,10.233,10.024,10.312,10.571,3.784,3.319,4.191,9.568,4.413,3.854,5.204,9.651,EssenceCatalog/problems/csplib-prob010-SocialGolfers/params/ae8230f500ca31b31f2bdc745fa17e08.param
0.989,0.984,0.992,-0.985,0.977,-0.959,-0.986,0.76,0.959,-0.931,-0.972,-0.77,0.998,-0.961,-0.996,-0.983,0.998,0.415,0.997,0.924,-0.999,0.966,0.992,0.899,0.948,0.974,-0.988,-0.939,0.995,-0.996,-0.972,0.964,0.993,-0.966,0.991,0.991,0.969,-0.99,-0.939,0.848,-0.998,0.983,0.957,0.984,0.956,-0.994,0.982,-0.975,0.992,0.996,0.881,-0.992,-0.95,-0.976,0.944,0.754,0.991,-0.952,0.992,-0.994,-0.956,0.986,0.998,0.971,0.979,-0.998,-0.996,-0.992,-0.987,0.758,-0.991,-0.998,-0.765,-0.945,0.967,-0.995,0.983,0.999,-0.986,0.993,0.997,0.968,-0.966,-0.972,-0.991,0.989,-0.977,-0.994,-0.999,-0.959,-0.998,-0.988,-0.995,0.997,-0.993,-0.994,-0.981,-0.912,-0.998,-0.991,9.535,5.774,10.397,10.302,10.317,10.297,10.379,10.315,7.477,6.044,10.407,10.271,7.89,7.812,10.397,10.31,EssenceCatalog/problems/csplib-prob010-SocialGolfers/params/7c89e907f8caa9ec32ade6d3987aba40.param
0.97,0.965,0.975,-0.947,0.651,-0.884,-0.842,0.831,0.98,-0.876,-0.937,-0.869,0.997,-0.896,-0.991,0.914,0.973,0.916,0.965,0.947,-0.997,0.508,0.98,0.979,0.863,0.893,-0.907,-0.887,0.731,-0.986,-0.644,0.646,0.957,-0.851,-0.188,0.911,0.656,-0.945,-0.735,0.742,0.744,0.986,0.614,0.896,0.612,-0.963,0.989,-0.946,0.876,0.992,-0.743,-0.973,-0.928,-0.604,-0.839,0.953,0.955,-0.409,0.979,-0.996,-0.927,0.981,0.993,0.818,0.94,-0.994,-0.446,-0.939,-0.983,0.822,-0.974,-0.99,-0.786,-0.918,0.749,-0.976,0.987,0.995,-0.991,0.955,0.988,0.988,-0.982,-0.881,-0.411,0.841,-0.974,-0.986,-0.998,-0.969,-0.975,-0.883,-0.946,0.964,-0.951,-0.98,-0.875,-0.816,-0.995,-0.273,6.621,5.099,10.406,10.372,10.373,10.362,10.335,10.368,6.096,5.285,10.376,10.365,6.427,6.133,10.388,10.37,EssenceCatalog/problems/csplib-prob010-SocialGolfers/params/2dc9508ed497f4cd2526cb28bcfe3bf6.param
0.159,0.978,-0.997,-0.99,-0.964,-0.839,0.997,0.99,0.98,-0.975,-0.958,-0.971,0.997,-0.929,-0.999,0.872,0.995,0.983,-0.998,-0.87,-0.999,0.98,0.99,0.991,0.968,0.984,-0.987,-0.981,0.931,-0.995,-0.237,0.942,0.967,-0.974,0.957,-0.84,0.973,-0.972,-0.964,0.917,0.913,0.995,0.621,-0.997,0.875,-0.995,0.997,-0.971,0.549,0.994,-0.693,-0.19,0.984,0.932,-0.946,0.982,0.993,-0.887,0.993,-0.996,-0.982,0.872,0.994,0.979,0.976,-0.997,0.986,-0.837,0.998,0.957,-0.848,-0.995,-0.98,-0.832,0.97,0.991,0.983,0.999,-0.991,-0.355,0.995,0.997,-0.994,-0.978,0.962,0.97,-0.987,-0.994,-0.996,-0.99,-0.981,-0.979,-0.988,0.223,-0.992,-0.996,0.988,-0.558,-0.998,0.858,4.202,3.278,4.602,9.931,10.457,10.343,10.555,10.714,4.074,3.513,4.656,9.939,4.685,4.12,5.624,9.966,EssenceCatalog/problems/csplib-prob010-SocialGolfers/params/3fb49dedb007ccb7126cfd62fdf23dc2.param
0.959,0.969,0.971,-0.958,0.746,-0.886,-0.886,0.885,0.992,-0.815,-0.977,-0.912,0.996,-0.919,-0.995,0.985,0.959,0.966,0.968,0.972,-0.997,-0.593,0.988,0.987,0.955,0.91,-0.966,-0.912,-0.802,-0.98,-0.506,0.886,0.957,-0.848,-0.98,0.912,0.824,-0.942,-0.56,0.65,0.983,0.987,0.752,0.964,0.318,-0.966,0.997,-0.956,0.821,0.988,-0.981,-0.975,-0.962,0.906,-0.984,0.963,0.956,-0.817,0.984,-0.995,-0.883,0.976,0.992,0.054,0.843,-0.994,0.823,-0.945,-0.987,0.897,-0.956,-0.989,-0.827,-0.951,0.677,-0.953,0.99,0.996,-0.993,0.91,0.983,0.994,-0.989,-0.904,0.864,0.844,-0.982,-0.986,-0.998,-0.982,-0.961,-0.871,-0.938,0.914,-0.951,-0.971,-0.659,-0.885,-0.995,0.334,4.697,4.181,10.271,10.318,10.356,10.331,10.338,10.287,4.899,4.287,10.3,10.301,5.141,4.734,10.28,10.31,EssenceCatalog/problems/csplib-prob010-SocialGolfers/params/76eed38808475cdcb00b3704e431ea7a.param
0.99,0.989,0.993,-0.985,0.985,-0.97,-0.99,0.809,0.962,-0.951,-0.977,-0.867,0.999,-0.967,-0.997,-0.988,0.998,0.573,0.998,0.921,-0.999,0.982,0.99,0.922,0.939,0.978,-0.988,-0.962,0.995,-0.997,-0.974,0.974,0.992,-0.967,0.994,0.99,0.971,-0.993,-0.953,0.907,-0.998,0.985,0.965,0.987,0.973,-0.995,0.983,-0.977,0.99,0.997,0.967,-0.992,-0.936,-0.991,0.979,0.87,0.991,-0.826,0.994,-0.996,-0.973,0.988,0.998,0.981,0.983,-0.998,-0.996,-0.992,-0.989,0.874,-0.993,-0.998,-0.869,-0.962,0.978,-0.997,0.983,0.999,-0.989,0.995,0.998,0.965,-0.971,-0.982,-0.996,0.989,-0.978,-0.996,-0.999,-0.963,-0.998,-0.991,-0.997,0.998,-0.991,-0.995,-0.987,-0.936,-0.999,-0.993,9.645,5.817,10.485,10.4,10.404,10.385,10.476,10.424,7.566,6.088,10.494,10.37,7.993,7.833,10.485,10.409,EssenceCatalog/problems/csplib-prob010-SocialGolfers/params/b702b8c907aa3dba057809137b67ae77.param
0.971,0.965,0.974,-0.945,0.615,-0.887,-0.835,0.833,0.983,-0.856,-0.94,-0.865,0.997,-0.901,-0.991,0.954,0.971,0.926,0.965,0.949,-0.997,0.271,0.982,0.98,0.895,0.895,-0.912,-0.884,0.708,-0.985,-0.652,0.601,0.96,-0.853,-0.456,0.917,0.657,-0.943,-0.714,0.699,0.875,0.987,0.609,0.9,0.511,-0.964,0.991,-0.945,0.882,0.992,-0.861,-0.975,-0.943,-0.425,-0.907,0.957,0.955,-0.586,0.98,-0.996,-0.924,0.981,0.992,0.788,0.935,-0.995,-0.345,-0.944,-0.984,0.821,-0.971,-0.99,-0.756,-0.923,0.685,-0.973,0.988,0.995,-0.992,0.946,0.988,0.99,-0.984,-0.878,-0.206,0.838,-0.976,-0.986,-0.998,-0.973,-0.975,-0.876,-0.939,0.961,-0.956,-0.978,-0.877,-0.827,-0.995,-0.105,6.197,4.985,10.395,10.376,10.372,10.374,10.338,10.355,5.857,5.155,10.364,10.371,6.181,5.912,10.378,10.367,EssenceCatalog/problems/csplib-prob010-SocialGolfers/params/4f26bdb13440001bdf8cf622517c8c50.param
0.965,0.961,0.978,-0.953,0.666,-0.871,-0.866,0.846,0.983,-0.837,-0.954,-0.87,0.997,-0.907,-0.992,0.934,0.968,0.927,0.971,0.97,-0.997,0.178,0.984,0.979,0.911,0.895,-0.935,-0.868,0.237,-0.983,-0.567,0.761,0.954,-0.847,-0.709,0.917,0.737,-0.938,-0.657,0.656,0.81,0.983,0.643,0.934,0.528,-0.961,0.991,-0.948,0.859,0.99,-0.911,-0.976,-0.946,0.117,-0.938,0.94,0.957,-0.636,0.978,-0.995,-0.89,0.981,0.992,0.637,0.898,-0.993,-0.019,-0.943,-0.985,0.798,-0.965,-0.988,-0.727,-0.911,0.691,-0.972,0.988,0.995,-0.991,0.949,0.983,0.99,-0.983,-0.882,0.13,0.843,-0.976,-0.983,-0.998,-0.973,-0.971,-0.873,-0.934,0.952,-0.951,-0.976,-0.788,-0.804,-0.995,-0.257,5.774,4.709,10.388,10.348,10.354,10.357,10.315,10.315,5.551,4.864,10.357,10.341,5.861,5.564,10.351,10.33,EssenceCatalog/problems/csplib-prob010-SocialGolfers/params/4cba373de4583a47f16f234862540986.param
-0.455,-0.749,-0.058,0.631,-0.969,0.188,0.25,0.48,0.579,-0.31,-0.031,-0.554,0.17,0.344,-0.136,0.899,-0.992,0.658,-0.6,-0.54,0.895,-0.225,0.31,0.504,0.148,-0.184,0.393,-0.292,-0.976,0.594,0.017,-0.714,0.254,0.101,-0.98,-0.024,-0.51,-0.293,0.008,-0.38,-0.434,-0.099,0.759,-0.173,-0.595,0.905,-0.833,0.928,-0.108,-0.979,-0.942,0.543,0.184,0.873,-0.853,0.482,-0.988,0.943,-0.983,-0.465,0.36,0.354,-0.985,-0.875,-0.207,-0.392,-0.112,0.148,0.442,-0.407,-0.776,0.943,-0.313,-0.858,-0.903,0.861,-0.772,-0.979,-0.38,-0.966,-0.994,-0.425,0.199,0.83,0.662,-0.186,0.599,0.017,0.298,0.432,0.885,0.98,0.974,-0.979,0.759,0.744,-0.447,-0.899,0.288,0.733,0.295,0.283,0.376,1.388,0.0,0.0,0.123,1.648,0.433,0.201,0.335,1.43,0.34,0.263,0.378,1.345,EssenceCatalog/problems/csplib-prob010-SocialGolfers/params/ord02-5-3-2.param
0.953,0.972,0.979,-0.967,0.924,-0.85,-0.917,0.911,0.99,-0.907,-0.986,-0.966,0.998,-0.906,-0.997,0.805,0.981,0.966,0.967,0.979,-0.998,0.62,0.965,0.988,0.866,0.894,-0.964,-0.943,-0.955,-0.988,-0.128,0.974,0.89,-0.82,-0.907,0.84,0.849,-0.951,-0.683,0.887,0.798,0.983,0.775,0.969,0.851,-0.966,0.994,-0.96,0.623,0.991,-0.603,-0.967,-0.894,0.634,-0.899,0.973,0.97,0.179,0.985,-0.995,-0.911,0.98,0.996,0.23,0.847,-0.99,0.876,-0.88,-0.985,0.939,-0.962,-0.99,-0.95,-0.933,0.939,-0.974,0.99,0.999,-0.991,0.97,0.988,0.993,-0.99,-0.942,0.632,0.838,-0.975,-0.988,-0.998,-0.981,-0.947,-0.935,-0.969,0.932,-0.899,-0.987,-0.229,-0.818,-0.998,-0.503,5.42,4.173,10.342,10.296,10.355,10.35,10.354,10.339,5.272,4.331,10.349,10.28,5.573,4.878,10.306,10.279,EssenceCatalog/problems/csplib-prob010-SocialGolfers/params/a8647ef0f3300059c4c848d963b63f81.param
0.984,0.968,0.973,-0.955,0.59,-0.914,-0.832,0.798,0.981,-0.843,-0.921,-0.773,0.997,-0.928,-0.991,0.949,0.983,0.871,0.968,0.912,-0.998,0.153,0.987,0.974,0.94,0.941,-0.912,-0.843,0.979,-0.987,-0.84,0.272,0.978,-0.904,0.241,0.954,0.749,-0.952,-0.81,0.694,0.801,0.991,0.601,0.861,0.394,-0.976,0.994,-0.953,0.954,0.994,-0.913,-0.98,-0.966,-0.799,-0.889,0.939,0.969,-0.902,0.984,-0.997,-0.944,0.978,0.994,0.914,0.968,-0.997,-0.891,-0.97,-0.983,0.718,-0.974,-0.993,-0.474,-0.925,0.547,-0.978,0.991,0.994,-0.994,0.95,0.992,0.99,-0.981,-0.868,-0.593,0.902,-0.975,-0.989,-0.999,-0.973,-0.989,-0.901,-0.951,0.981,-0.982,-0.981,-0.957,-0.845,-0.995,-0.271,6.78,5.354,10.401,10.408,10.418,10.388,10.364,10.389,6.228,5.531,10.375,10.409,6.541,6.525,10.433,10.418,EssenceCatalog/problems/csplib-prob010-SocialGolfers/params/922b73b3bf2e553323d55680ad91a50b.param
-0.014,0.955,-0.999,-0.982,-0.988,-0.77,0.999,0.986,0.976,-0.956,-0.941,-0.945,0.995,-0.931,-0.999,0.983,0.958,0.985,-0.999,-0.968,-0.997,0.925,0.983,0.99,0.976,0.985,-0.987,-0.974,0.839,-0.991,0.082,0.911,0.911,-0.968,0.823,-0.942,0.965,-0.947,-0.955,0.849,0.982,0.993,0.023,-0.999,0.612,-0.985,0.991,-0.92,-0.015,0.966,-0.947,0.644,0.988,0.989,-0.988,0.982,0.971,-0.928,0.939,-0.995,-0.971,0.77,0.972,0.951,0.969,-0.997,0.995,-0.706,0.999,0.943,-0.707,-0.974,-0.964,-0.878,0.924,0.998,0.973,0.989,-0.988,-0.908,0.943,0.997,-0.991,-0.965,0.995,0.965,-0.96,-0.991,-0.994,-0.985,-0.915,-0.877,-0.945,-0.531,-0.986,-0.993,0.994,-0.674,-0.996,0.971,3.702,2.991,3.992,9.445,10.011,9.8,10.119,10.379,3.624,3.197,3.991,9.416,4.263,3.696,4.993,9.483,EssenceCatalog/problems/csplib-prob010-SocialGolfers/params/ord15-8-10-3.param
0.984,0.967,0.967,-0.953,0.557,-0.918,-0.818,0.795,0.978,-0.855,-0.905,-0.78,0.997,-0.922,-0.991,0.944,0.984,0.85,0.963,0.884,-0.998,0.306,0.987,0.972,0.936,0.944,-0.899,-0.843,0.988,-0.988,-0.858,0.16,0.982,-0.91,0.469,0.954,0.73,-0.954,-0.826,0.71,0.753,0.992,0.624,0.814,0.391,-0.979,0.993,-0.951,0.961,0.995,-0.884,-0.979,-0.962,-0.873,-0.859,0.937,0.971,-0.894,0.983,-0.996,-0.947,0.976,0.994,0.933,0.974,-0.998,-0.925,-0.972,-0.981,0.701,-0.976,-0.994,-0.518,-0.931,0.562,-0.975,0.99,0.995,-0.994,0.947,0.993,0.988,-0.98,-0.872,-0.71,0.907,-0.975,-0.99,-0.999,-0.971,-0.991,-0.908,-0.955,0.982,-0.984,-0.982,-0.964,-0.854,-0.995,-0.312,6.967,5.42,10.366,10.399,10.421,10.374,10.354,10.384,6.341,5.601,10.348,10.402,6.646,6.645,10.413,10.418,EssenceCatalog/problems/csplib-prob010-SocialGolfers/params/65dd8a3ef1a411256f4999915d1df171.param
0.949,0.967,0.965,-0.958,0.697,-0.873,-0.888,0.897,0.992,-0.798,-0.976,-0.919,0.996,-0.91,-0.995,0.982,0.964,0.965,0.968,0.974,-0.997,-0.587,0.992,0.985,0.955,0.92,-0.967,-0.905,-0.839,-0.979,-0.532,0.89,0.97,-0.842,-0.983,0.913,0.83,-0.941,-0.559,0.617,0.982,0.986,0.796,0.967,0.256,-0.971,0.997,-0.96,0.852,0.989,-0.982,-0.979,-0.961,0.941,-0.986,0.959,0.965,-0.815,0.987,-0.995,-0.865,0.977,0.992,-0.021,0.83,-0.993,0.856,-0.953,-0.986,0.889,-0.958,-0.99,-0.833,-0.949,0.685,-0.94,0.99,0.997,-0.992,0.902,0.985,0.994,-0.987,-0.906,0.883,0.843,-0.986,-0.984,-0.998,-0.983,-0.97,-0.887,-0.948,0.914,-0.956,-0.971,-0.59,-0.877,-0.994,0.299,4.662,4.155,10.252,10.312,10.344,10.321,10.323,10.267,4.871,4.258,10.284,10.292,5.109,4.709,10.259,10.302,EssenceCatalog/problems/csplib-prob010-SocialGolfers/params/d726830533ded40b51d8683fd4b1d807.param
0.965,0.962,0.977,-0.952,0.652,-0.874,-0.864,0.846,0.983,-0.837,-0.952,-0.868,0.997,-0.906,-0.991,0.938,0.968,0.926,0.971,0.968,-0.997,0.161,0.986,0.979,0.912,0.894,-0.936,-0.867,0.292,-0.983,-0.581,0.748,0.957,-0.844,-0.707,0.917,0.733,-0.937,-0.658,0.649,0.83,0.983,0.643,0.933,0.507,-0.962,0.991,-0.949,0.863,0.991,-0.916,-0.977,-0.946,0.114,-0.938,0.941,0.957,-0.648,0.979,-0.995,-0.889,0.98,0.992,0.653,0.899,-0.993,-0.011,-0.946,-0.984,0.8,-0.965,-0.988,-0.718,-0.912,0.676,-0.97,0.988,0.995,-0.991,0.947,0.983,0.991,-0.983,-0.884,0.119,0.84,-0.977,-0.983,-0.998,-0.973,-0.972,-0.873,-0.935,0.952,-0.953,-0.976,-0.792,-0.803,-0.995,-0.226,5.76,4.717,10.38,10.348,10.354,10.358,10.313,10.31,5.548,4.871,10.349,10.341,5.856,5.567,10.345,10.331,EssenceCatalog/problems/csplib-prob010-SocialGolfers/params/8aa0e694a245ab6b274bbf704962303e.param
0.989,0.981,0.991,-0.986,0.967,-0.952,-0.982,0.757,0.959,-0.917,-0.97,-0.719,0.998,-0.958,-0.996,-0.97,0.997,0.395,0.996,0.931,-0.999,0.947,0.993,0.905,0.953,0.972,-0.987,-0.916,0.994,-0.996,-0.968,0.954,0.994,-0.964,0.988,0.99,0.966,-0.987,-0.93,0.816,-0.997,0.983,0.944,0.98,0.941,-0.993,0.983,-0.977,0.992,0.995,0.696,-0.991,-0.955,-0.958,0.868,0.677,0.991,-0.967,0.991,-0.993,-0.944,0.985,0.998,0.964,0.977,-0.998,-0.995,-0.992,-0.986,0.671,-0.989,-0.997,-0.652,-0.93,0.955,-0.995,0.984,0.998,-0.987,0.991,0.997,0.972,-0.967,-0.963,-0.985,0.988,-0.977,-0.993,-0.999,-0.961,-0.997,-0.985,-0.994,0.997,-0.994,-0.993,-0.976,-0.891,-0.998,-0.988,9.418,5.74,10.354,10.255,10.269,10.256,10.329,10.265,7.403,6.007,10.36,10.222,7.807,7.786,10.353,10.264,EssenceCatalog/problems/csplib-prob010-SocialGolfers/params/dabfc07360e708e71774890b888b553b.param
0.983,0.967,0.966,-0.952,0.531,-0.917,-0.799,0.804,0.982,-0.854,-0.913,-0.789,0.997,-0.923,-0.992,0.958,0.982,0.873,0.96,0.894,-0.998,0.211,0.987,0.975,0.939,0.943,-0.903,-0.857,0.982,-0.987,-0.838,0.204,0.98,-0.906,0.28,0.95,0.722,-0.954,-0.818,0.703,0.836,0.992,0.617,0.817,0.369,-0.978,0.994,-0.949,0.955,0.994,-0.906,-0.978,-0.961,-0.822,-0.894,0.945,0.969,-0.892,0.983,-0.997,-0.948,0.978,0.993,0.92,0.971,-0.998,-0.888,-0.97,-0.98,0.734,-0.975,-0.993,-0.546,-0.932,0.553,-0.973,0.991,0.994,-0.994,0.942,0.993,0.99,-0.982,-0.873,-0.601,0.9,-0.976,-0.989,-0.999,-0.974,-0.989,-0.895,-0.951,0.979,-0.982,-0.982,-0.957,-0.854,-0.995,-0.192,6.765,5.357,10.367,10.403,10.417,10.381,10.358,10.389,6.23,5.532,10.346,10.406,6.537,6.507,10.409,10.418,EssenceCatalog/problems/csplib-prob010-SocialGolfers/params/83aeb8220674816fe98d183c17a3e4fe.param
0.983,0.968,0.972,-0.957,0.554,-0.913,-0.821,0.822,0.985,-0.831,-0.933,-0.786,0.997,-0.93,-0.992,0.968,0.981,0.893,0.966,0.925,-0.998,-0.051,0.989,0.977,0.951,0.942,-0.925,-0.849,0.958,-0.986,-0.818,0.372,0.978,-0.902,-0.135,0.951,0.77,-0.952,-0.788,0.655,0.877,0.991,0.602,0.873,0.33,-0.976,0.995,-0.955,0.948,0.994,-0.951,-0.98,-0.968,-0.596,-0.941,0.941,0.969,-0.92,0.985,-0.997,-0.938,0.978,0.994,0.875,0.96,-0.997,-0.807,-0.97,-0.984,0.731,-0.971,-0.993,-0.477,-0.927,0.503,-0.974,0.991,0.995,-0.995,0.939,0.991,0.992,-0.983,-0.87,-0.319,0.902,-0.978,-0.988,-0.999,-0.977,-0.988,-0.889,-0.944,0.978,-0.982,-0.98,-0.942,-0.841,-0.995,-0.153,6.384,5.216,10.406,10.401,10.396,10.394,10.357,10.38,5.993,5.381,10.37,10.407,6.311,6.27,10.417,10.407,EssenceCatalog/problems/csplib-prob010-SocialGolfers/params/1712ce7ed0444f5676d977ba13c3313b.param
0.957,0.97,0.978,-0.956,0.842,-0.852,-0.892,0.882,0.987,-0.864,-0.973,-0.937,0.997,-0.899,-0.994,0.935,0.969,0.957,0.97,0.977,-0.997,0.167,0.976,0.985,0.887,0.867,-0.948,-0.915,-0.784,-0.984,-0.334,0.92,0.912,-0.813,-0.918,0.879,0.755,-0.938,-0.59,0.774,0.918,0.983,0.707,0.961,0.655,-0.961,0.993,-0.952,0.722,0.99,-0.856,-0.97,-0.931,0.598,-0.943,0.966,0.958,-0.28,0.983,-0.995,-0.891,0.977,0.994,0.32,0.857,-0.991,0.74,-0.905,-0.987,0.901,-0.959,-0.988,-0.889,-0.923,0.837,-0.971,0.989,0.997,-0.991,0.957,0.986,0.992,-0.987,-0.915,0.593,0.796,-0.977,-0.984,-0.998,-0.979,-0.952,-0.905,-0.952,0.935,-0.921,-0.978,-0.56,-0.809,-0.996,-0.156,5.194,4.255,10.328,10.296,10.339,10.331,10.326,10.298,5.171,4.387,10.331,10.28,5.45,4.901,10.305,10.281,EssenceCatalog/problems/csplib-prob010-SocialGolfers/params/81468f8df7e3f25edac907930600841b.param
0.988,0.979,0.988,-0.988,0.972,-0.956,-0.974,0.849,0.972,-0.952,-0.98,-0.847,0.999,-0.961,-0.998,-0.977,0.998,0.542,0.994,0.926,-0.999,0.971,0.988,0.947,0.935,0.978,-0.987,-0.943,0.979,-0.996,-0.939,0.977,0.993,-0.971,0.985,0.981,0.975,-0.99,-0.952,0.881,-0.997,0.985,0.949,0.972,0.963,-0.992,0.984,-0.981,0.985,0.996,0.819,-0.986,-0.892,-0.948,0.887,0.781,0.99,-0.873,0.99,-0.995,-0.952,0.988,0.998,0.964,0.977,-0.998,-0.985,-0.988,-0.978,0.835,-0.991,-0.998,-0.796,-0.938,0.971,-0.994,0.985,0.999,-0.99,0.992,0.997,0.977,-0.974,-0.968,-0.978,0.987,-0.978,-0.994,-0.999,-0.963,-0.997,-0.984,-0.996,0.996,-0.991,-0.995,-0.951,-0.874,-0.999,-0.989,9.519,5.769,10.426,10.349,10.361,10.346,10.427,10.377,7.487,6.039,10.434,10.323,7.901,7.788,10.43,10.361,EssenceCatalog/problems/csplib-prob010-SocialGolfers/params/e1108dfd3ba169f69548b88188c4e383.param
0.976,0.965,0.973,-0.947,0.602,-0.896,-0.831,0.82,0.981,-0.86,-0.93,-0.842,0.997,-0.906,-0.991,0.947,0.975,0.91,0.964,0.937,-0.997,0.322,0.983,0.978,0.899,0.909,-0.905,-0.876,0.879,-0.986,-0.714,0.493,0.965,-0.87,-0.14,0.927,0.657,-0.946,-0.752,0.711,0.834,0.988,0.599,0.876,0.503,-0.968,0.991,-0.947,0.909,0.993,-0.848,-0.976,-0.946,-0.648,-0.883,0.952,0.96,-0.67,0.981,-0.996,-0.932,0.98,0.993,0.851,0.95,-0.996,-0.622,-0.951,-0.983,0.794,-0.973,-0.991,-0.711,-0.921,0.668,-0.975,0.988,0.995,-0.992,0.949,0.99,0.989,-0.982,-0.873,-0.42,0.857,-0.975,-0.987,-0.999,-0.971,-0.98,-0.882,-0.943,0.969,-0.964,-0.98,-0.912,-0.827,-0.995,-0.163,6.549,5.176,10.403,10.391,10.393,10.381,10.349,10.379,6.079,5.354,10.372,10.39,6.401,6.214,10.403,10.395,EssenceCatalog/problems/csplib-prob010-SocialGolfers/params/085e548a4e187a8a384cdd36481c122b.param
0.951,0.962,0.987,-0.973,0.926,-0.864,-0.96,0.898,0.984,-0.917,-0.987,-0.949,0.998,-0.919,-0.997,-0.05,0.989,0.936,0.984,0.988,-0.998,0.84,0.98,0.978,0.892,0.928,-0.976,-0.911,-0.86,-0.989,-0.389,0.982,0.955,-0.874,-0.562,0.905,0.914,-0.96,-0.782,0.859,-0.535,0.973,0.838,0.982,0.897,-0.974,0.99,-0.968,0.83,0.992,-0.465,-0.983,-0.904,0.439,-0.736,0.917,0.978,-0.086,0.98,-0.992,-0.887,0.986,0.997,0.492,0.84,-0.988,0.494,-0.928,-0.987,0.879,-0.973,-0.991,-0.896,-0.93,0.941,-0.985,0.987,0.999,-0.989,0.98,0.987,0.99,-0.985,-0.946,0.053,0.905,-0.978,-0.985,-0.998,-0.972,-0.974,-0.95,-0.975,0.962,-0.935,-0.989,-0.349,-0.803,-0.998,-0.879,6.667,4.536,10.394,10.284,10.295,10.346,10.295,10.344,5.847,4.725,10.419,10.274,6.208,5.743,10.373,10.274,EssenceCatalog/problems/csplib-prob010-SocialGolfers/params/540e761bda58baa5a77e3adaa9ce1102.param
0.965,0.969,0.976,-0.95,0.761,-0.865,-0.854,0.869,0.985,-0.878,-0.957,-0.916,0.997,-0.895,-0.993,0.937,0.968,0.946,0.964,0.964,-0.997,0.404,0.975,0.983,0.861,0.867,-0.927,-0.912,-0.095,-0.986,-0.456,0.829,0.929,-0.828,-0.718,0.885,0.683,-0.943,-0.668,0.776,0.873,0.986,0.649,0.93,0.65,-0.96,0.991,-0.943,0.775,0.991,-0.774,-0.969,-0.921,-0.078,-0.9,0.966,0.951,-0.21,0.98,-0.996,-0.919,0.98,0.993,0.642,0.906,-0.993,0.283,-0.918,-0.985,0.884,-0.968,-0.988,-0.872,-0.919,0.808,-0.973,0.989,0.996,-0.991,0.956,0.986,0.991,-0.986,-0.899,0.121,0.806,-0.975,-0.985,-0.998,-0.977,-0.961,-0.887,-0.946,0.947,-0.928,-0.98,-0.754,-0.815,-0.996,-0.151,5.787,4.603,10.379,10.331,10.338,10.347,10.326,10.327,5.567,4.771,10.366,10.322,5.888,5.377,10.343,10.304,EssenceCatalog/problems/csplib-prob010-SocialGolfers/params/d025afcbb4296177e603075368db9122.param
0.978,0.969,0.969,-0.952,0.537,-0.905,-0.799,0.843,0.987,-0.833,-0.941,-0.833,0.997,-0.923,-0.992,0.98,0.974,0.925,0.96,0.937,-0.998,-0.132,0.988,0.981,0.944,0.927,-0.926,-0.878,0.858,-0.985,-0.743,0.486,0.972,-0.882,-0.557,0.936,0.725,-0.95,-0.744,0.65,0.944,0.991,0.602,0.88,0.326,-0.972,0.995,-0.949,0.92,0.993,-0.952,-0.978,-0.961,-0.292,-0.958,0.957,0.962,-0.863,0.984,-0.997,-0.936,0.979,0.993,0.804,0.947,-0.997,-0.508,-0.963,-0.982,0.804,-0.969,-0.992,-0.641,-0.933,0.549,-0.966,0.991,0.995,-0.994,0.928,0.989,0.992,-0.985,-0.876,0.001,0.878,-0.979,-0.987,-0.999,-0.979,-0.983,-0.871,-0.936,0.967,-0.975,-0.979,-0.909,-0.846,-0.995,0.087,5.918,4.992,10.379,10.4,10.387,10.393,10.358,10.371,5.716,5.14,10.343,10.401,6.032,5.879,10.371,10.396,EssenceCatalog/problems/csplib-prob010-SocialGolfers/params/209b24df5ed5f17d901614dc4ec44157.param
0.982,0.953,0.986,-0.98,0.821,-0.909,-0.945,0.832,0.969,-0.827,-0.966,-0.699,0.997,-0.944,-0.993,0.082,0.992,0.667,0.99,0.974,-0.998,0.386,0.994,0.948,0.968,0.959,-0.979,-0.719,0.96,-0.989,-0.893,0.871,0.987,-0.934,0.683,0.975,0.938,-0.963,-0.848,0.602,-0.862,0.98,0.765,0.953,0.697,-0.985,0.991,-0.979,0.974,0.994,-0.94,-0.988,-0.969,-0.297,-0.805,0.645,0.985,-0.978,0.985,-0.991,-0.849,0.98,0.997,0.86,0.935,-0.996,-0.945,-0.98,-0.985,0.406,-0.969,-0.994,0.03,-0.874,0.719,-0.987,0.987,0.998,-0.99,0.976,0.992,0.989,-0.972,-0.903,-0.611,0.967,-0.978,-0.985,-0.998,-0.966,-0.994,-0.948,-0.972,0.989,-0.992,-0.984,-0.908,-0.737,-0.996,-0.91,7.758,5.402,10.358,10.282,10.291,10.307,10.26,10.302,6.571,5.624,10.33,10.276,6.892,7.187,10.36,10.308,EssenceCatalog/problems/csplib-prob010-SocialGolfers/params/d70c862996ede1ea63d2864b697e5fde.param
0.96,0.973,0.984,-0.967,0.928,-0.861,-0.931,0.905,0.988,-0.918,-0.985,-0.962,0.998,-0.914,-0.997,0.718,0.98,0.962,0.974,0.979,-0.998,0.751,0.961,0.988,0.844,0.889,-0.962,-0.943,-0.91,-0.989,-0.186,0.972,0.888,-0.828,-0.812,0.859,0.853,-0.957,-0.724,0.894,0.555,0.983,0.761,0.969,0.879,-0.965,0.991,-0.956,0.652,0.991,-0.445,-0.969,-0.892,0.273,-0.827,0.97,0.965,0.314,0.981,-0.995,-0.92,0.983,0.996,0.43,0.871,-0.991,0.748,-0.886,-0.986,0.935,-0.97,-0.989,-0.948,-0.937,0.941,-0.982,0.99,0.998,-0.991,0.974,0.987,0.992,-0.989,-0.938,0.325,0.851,-0.972,-0.989,-0.998,-0.979,-0.947,-0.931,-0.967,0.94,-0.892,-0.988,-0.434,-0.835,-0.998,-0.627,5.853,4.329,10.408,10.294,10.326,10.339,10.342,10.343,5.512,4.509,10.418,10.276,5.859,5.138,10.358,10.258,EssenceCatalog/problems/csplib-prob010-SocialGolfers/params/1af041b54fe4049e7bce8fb5a4d4c58d.param
0.954,0.958,0.98,-0.959,0.749,-0.85,-0.902,0.869,0.981,-0.858,-0.966,-0.904,0.997,-0.898,-0.993,0.829,0.969,0.925,0.976,0.98,-0.997,0.448,0.987,0.978,0.896,0.894,-0.947,-0.867,-0.411,-0.984,-0.455,0.888,0.955,-0.83,-0.74,0.907,0.791,-0.937,-0.655,0.701,0.523,0.977,0.731,0.955,0.662,-0.961,0.989,-0.954,0.833,0.989,-0.863,-0.978,-0.931,0.389,-0.913,0.924,0.961,-0.415,0.976,-0.993,-0.859,0.982,0.993,0.503,0.856,-0.989,0.289,-0.939,-0.984,0.811,-0.966,-0.987,-0.796,-0.911,0.787,-0.972,0.985,0.996,-0.989,0.957,0.98,0.99,-0.983,-0.896,0.201,0.839,-0.977,-0.98,-0.998,-0.971,-0.968,-0.891,-0.944,0.944,-0.941,-0.979,-0.624,-0.78,-0.996,-0.529,5.795,4.518,10.398,10.32,10.337,10.34,10.295,10.306,5.487,4.679,10.387,10.306,5.801,5.407,10.356,10.295,EssenceCatalog/problems/csplib-prob010-SocialGolfers/params/a946865e3601e61418836e522bcc5458.param
0.973,0.978,0.986,-0.962,0.933,-0.893,-0.929,0.898,0.989,-0.946,-0.981,-0.966,0.998,-0.93,-0.997,0.752,0.985,0.97,0.975,0.965,-0.998,0.885,0.932,0.991,0.759,0.883,-0.948,-0.961,-0.55,-0.993,-0.347,0.946,0.884,-0.859,-0.371,0.877,0.809,-0.973,-0.814,0.927,0.499,0.99,0.755,0.956,0.914,-0.97,0.99,-0.952,0.71,0.993,0.162,-0.967,-0.87,-0.698,-0.558,0.983,0.964,0.684,0.983,-0.998,-0.961,0.986,0.996,0.804,0.945,-0.995,0.324,-0.892,-0.989,0.957,-0.984,-0.991,-0.965,-0.958,0.953,-0.989,0.991,0.998,-0.994,0.977,0.992,0.991,-0.99,-0.942,-0.395,0.865,-0.969,-0.994,-0.999,-0.98,-0.954,-0.935,-0.975,0.955,-0.888,-0.992,-0.785,-0.902,-0.999,-0.603,6.936,4.796,10.481,10.305,10.298,10.284,10.328,10.361,6.179,5.008,10.481,10.287,6.578,5.747,10.414,10.263,EssenceCatalog/problems/csplib-prob010-SocialGolfers/params/204883f9d91200b874a50ce9394076e3.param
0.99,0.987,0.993,-0.984,0.983,-0.966,-0.989,0.752,0.957,-0.94,-0.972,-0.826,0.998,-0.962,-0.997,-0.988,0.998,0.445,0.997,0.887,-0.999,0.979,0.986,0.905,0.944,0.978,-0.985,-0.956,0.995,-0.996,-0.976,0.969,0.992,-0.968,0.994,0.99,0.971,-0.991,-0.947,0.891,-0.998,0.984,0.965,0.984,0.969,-0.993,0.976,-0.973,0.991,0.995,0.959,-0.99,-0.944,-0.991,0.976,0.838,0.989,-0.887,0.99,-0.994,-0.968,0.986,0.997,0.978,0.981,-0.998,-0.997,-0.991,-0.988,0.836,-0.992,-0.997,-0.85,-0.959,0.975,-0.996,0.98,0.998,-0.987,0.994,0.997,0.954,-0.968,-0.976,-0.995,0.989,-0.968,-0.995,-0.999,-0.953,-0.997,-0.989,-0.996,0.998,-0.991,-0.994,-0.988,-0.939,-0.998,-0.993,9.61,5.799,10.431,10.343,10.354,10.331,10.421,10.364,7.531,6.069,10.445,10.313,7.95,7.823,10.433,10.352,EssenceCatalog/problems/csplib-prob010-SocialGolfers/params/aaf3d3874a9f5abeb448f899e884a2cb.param
0.973,0.97,0.968,-0.946,0.604,-0.897,-0.809,0.852,0.988,-0.845,-0.947,-0.872,0.997,-0.911,-0.992,0.981,0.971,0.943,0.958,0.947,-0.998,-0.076,0.985,0.983,0.926,0.904,-0.929,-0.898,0.619,-0.985,-0.644,0.607,0.962,-0.861,-0.735,0.917,0.671,-0.947,-0.69,0.668,0.963,0.99,0.617,0.901,0.386,-0.969,0.995,-0.947,0.882,0.992,-0.933,-0.975,-0.952,-0.091,-0.954,0.967,0.958,-0.75,0.985,-0.997,-0.932,0.979,0.993,0.733,0.933,-0.996,-0.071,-0.951,-0.983,0.854,-0.967,-0.991,-0.763,-0.935,0.63,-0.966,0.991,0.995,-0.993,0.93,0.99,0.992,-0.986,-0.887,0.17,0.841,-0.98,-0.987,-0.999,-0.979,-0.976,-0.879,-0.94,0.958,-0.962,-0.978,-0.863,-0.849,-0.995,0.186,5.662,4.797,10.356,10.39,10.388,10.392,10.358,10.354,5.55,4.941,10.331,10.386,5.849,5.576,10.348,10.38,EssenceCatalog/problems/csplib-prob010-SocialGolfers/params/c87f30120ca5014e2077c07f533814de.param
0.985,0.969,0.973,-0.958,0.591,-0.918,-0.837,0.798,0.981,-0.845,-0.92,-0.758,0.997,-0.931,-0.992,0.941,0.985,0.851,0.969,0.906,-0.998,0.165,0.989,0.973,0.946,0.948,-0.918,-0.836,0.986,-0.987,-0.864,0.248,0.982,-0.913,0.377,0.96,0.777,-0.955,-0.828,0.692,0.749,0.992,0.621,0.854,0.386,-0.979,0.994,-0.955,0.963,0.995,-0.919,-0.981,-0.968,-0.821,-0.882,0.93,0.973,-0.926,0.985,-0.997,-0.944,0.977,0.994,0.924,0.971,-0.998,-0.92,-0.974,-0.983,0.693,-0.975,-0.994,-0.426,-0.926,0.538,-0.978,0.991,0.995,-0.995,0.951,0.993,0.989,-0.98,-0.87,-0.648,0.915,-0.976,-0.989,-0.999,-0.974,-0.991,-0.907,-0.954,0.983,-0.985,-0.982,-0.962,-0.847,-0.995,-0.344,6.89,5.398,10.406,10.417,10.432,10.397,10.375,10.399,6.292,5.578,10.383,10.42,6.601,6.621,10.445,10.431,EssenceCatalog/problems/csplib-prob010-SocialGolfers/params/ca9e644e2154b207ac9be09249914300.param
0.982,0.968,0.968,-0.954,0.538,-0.913,-0.797,0.82,0.984,-0.848,-0.923,-0.797,0.997,-0.926,-0.992,0.969,0.98,0.893,0.961,0.909,-0.998,0.075,0.987,0.977,0.943,0.94,-0.913,-0.862,0.967,-0.987,-0.815,0.307,0.978,-0.903,-0.002,0.948,0.733,-0.954,-0.797,0.684,0.881,0.992,0.595,0.84,0.362,-0.976,0.994,-0.95,0.945,0.994,-0.93,-0.978,-0.962,-0.715,-0.924,0.949,0.966,-0.893,0.984,-0.997,-0.945,0.978,0.993,0.896,0.966,-0.998,-0.827,-0.969,-0.981,0.755,-0.973,-0.993,-0.554,-0.93,0.536,-0.972,0.991,0.994,-0.995,0.938,0.992,0.991,-0.983,-0.872,-0.438,0.896,-0.976,-0.989,-0.999,-0.976,-0.988,-0.886,-0.945,0.977,-0.981,-0.981,-0.948,-0.847,-0.995,-0.105,6.519,5.266,10.385,10.405,10.408,10.391,10.361,10.391,6.083,5.436,10.357,10.409,6.397,6.338,10.41,10.413,EssenceCatalog/problems/csplib-prob010-SocialGolfers/params/883a086c151a4fdac589b486013f5f3d.param
0.965,0.967,0.971,-0.961,0.648,-0.887,-0.874,0.88,0.991,-0.79,-0.971,-0.887,0.996,-0.926,-0.994,0.981,0.968,0.955,0.971,0.972,-0.997,-0.551,0.991,0.983,0.965,0.929,-0.964,-0.89,-0.41,-0.98,-0.615,0.831,0.972,-0.863,-0.96,0.931,0.841,-0.944,-0.603,0.566,0.971,0.986,0.728,0.959,0.244,-0.971,0.997,-0.96,0.887,0.99,-0.985,-0.98,-0.968,0.856,-0.985,0.949,0.967,-0.886,0.987,-0.995,-0.882,0.979,0.993,0.26,0.87,-0.995,0.575,-0.958,-0.986,0.841,-0.958,-0.99,-0.705,-0.938,0.591,-0.953,0.991,0.996,-0.993,0.914,0.985,0.994,-0.987,-0.894,0.8,0.871,-0.984,-0.985,-0.998,-0.983,-0.976,-0.885,-0.941,0.942,-0.968,-0.971,-0.731,-0.853,-0.994,0.195,4.858,4.32,10.302,10.346,10.372,10.358,10.335,10.288,4.996,4.428,10.308,10.332,5.241,4.942,10.304,10.341,EssenceCatalog/problems/csplib-prob010-SocialGolfers/params/563fd15fb4f103bb428900a337e39593.param
0.949,0.965,0.978,-0.96,0.797,-0.862,-0.906,0.881,0.99,-0.846,-0.977,-0.929,0.997,-0.906,-0.995,0.948,0.96,0.958,0.973,0.98,-0.997,-0.129,0.985,0.984,0.931,0.896,-0.962,-0.902,-0.87,-0.982,-0.372,0.926,0.945,-0.828,-0.962,0.897,0.809,-0.936,-0.556,0.691,0.92,0.982,0.758,0.969,0.558,-0.96,0.994,-0.952,0.784,0.987,-0.948,-0.975,-0.949,0.858,-0.969,0.954,0.956,-0.561,0.979,-0.994,-0.854,0.98,0.992,0.085,0.817,-0.991,0.808,-0.931,-0.986,0.88,-0.957,-0.986,-0.856,-0.94,0.77,-0.961,0.988,0.997,-0.991,0.938,0.978,0.992,-0.987,-0.91,0.761,0.821,-0.979,-0.982,-0.998,-0.977,-0.954,-0.875,-0.938,0.912,-0.931,-0.976,-0.504,-0.849,-0.995,-0.095,4.939,4.175,10.299,10.296,10.346,10.323,10.32,10.281,5.008,4.291,10.316,10.284,5.262,4.802,10.285,10.289,EssenceCatalog/problems/csplib-prob010-SocialGolfers/params/515ddc993685cd749e656c89a2253fb1.param
0.959,0.974,0.975,-0.964,0.901,-0.855,-0.882,0.903,0.989,-0.892,-0.98,-0.954,0.997,-0.91,-0.996,0.904,0.978,0.965,0.961,0.972,-0.998,0.408,0.966,0.988,0.876,0.873,-0.956,-0.933,-0.89,-0.988,-0.158,0.957,0.874,-0.817,-0.911,0.834,0.81,-0.946,-0.627,0.857,0.91,0.986,0.71,0.956,0.784,-0.964,0.994,-0.958,0.616,0.992,-0.731,-0.963,-0.899,0.602,-0.93,0.974,0.964,-0.047,0.985,-0.995,-0.909,0.977,0.996,0.349,0.863,-0.992,0.855,-0.877,-0.984,0.931,-0.956,-0.99,-0.929,-0.92,0.907,-0.972,0.99,0.998,-0.992,0.963,0.989,0.993,-0.989,-0.93,0.645,0.816,-0.976,-0.987,-0.998,-0.982,-0.945,-0.929,-0.965,0.931,-0.908,-0.984,-0.417,-0.8,-0.997,-0.266,5.262,4.193,10.318,10.294,10.362,10.346,10.354,10.33,5.207,4.342,10.323,10.281,5.488,4.842,10.3,10.279,EssenceCatalog/problems/csplib-prob010-SocialGolfers/params/1923bdfa10776f65f3cfaaae6cd4b107.param
0.97,0.976,0.981,-0.961,0.853,-0.892,-0.897,0.892,0.986,-0.941,-0.971,-0.948,0.998,-0.922,-0.996,0.77,0.982,0.959,0.97,0.958,-0.998,0.853,0.966,0.988,0.777,0.888,-0.939,-0.949,0.007,-0.992,-0.502,0.899,0.935,-0.86,-0.167,0.883,0.769,-0.97,-0.82,0.893,0.492,0.989,0.75,0.938,0.869,-0.969,0.99,-0.951,0.801,0.993,-0.02,-0.973,-0.865,-0.669,-0.57,0.977,0.962,0.542,0.983,-0.998,-0.954,0.986,0.996,0.838,0.95,-0.995,0.075,-0.922,-0.985,0.933,-0.985,-0.992,-0.94,-0.948,0.921,-0.984,0.989,0.998,-0.993,0.969,0.991,0.99,-0.988,-0.927,-0.462,0.861,-0.976,-0.992,-0.999,-0.978,-0.966,-0.918,-0.972,0.959,-0.918,-0.99,-0.81,-0.876,-0.998,-0.547,7.065,4.956,10.478,10.362,10.349,10.336,10.356,10.392,6.295,5.171,10.465,10.344,6.679,5.983,10.416,10.337,EssenceCatalog/problems/csplib-prob010-SocialGolfers/params/95355d71f9ad69fca0a2013ed2d03cb2.param
0.989,0.979,0.99,-0.986,0.959,-0.948,-0.979,0.77,0.959,-0.912,-0.969,-0.712,0.998,-0.956,-0.996,-0.958,0.997,0.401,0.996,0.937,-0.999,0.936,0.994,0.908,0.954,0.971,-0.987,-0.905,0.994,-0.995,-0.965,0.948,0.994,-0.964,0.985,0.989,0.965,-0.987,-0.926,0.792,-0.996,0.983,0.935,0.978,0.931,-0.993,0.984,-0.977,0.992,0.995,0.545,-0.991,-0.957,-0.943,0.808,0.654,0.991,-0.971,0.991,-0.993,-0.938,0.985,0.998,0.961,0.976,-0.998,-0.995,-0.991,-0.985,0.629,-0.989,-0.997,-0.59,-0.924,0.947,-0.994,0.985,0.998,-0.987,0.991,0.997,0.974,-0.967,-0.959,-0.98,0.987,-0.978,-0.993,-0.999,-0.961,-0.997,-0.984,-0.993,0.997,-0.994,-0.993,-0.973,-0.881,-0.998,-0.987,9.346,5.725,10.343,10.244,10.256,10.25,10.316,10.256,7.363,5.99,10.347,10.213,7.762,7.773,10.342,10.256,EssenceCatalog/problems/csplib-prob010-SocialGolfers/params/09cd2c9b9f5ecb06e4078adf9cfae83a.param
0.289,0.955,-0.99,-0.976,-0.991,-0.71,0.987,0.977,0.959,-0.925,-0.858,-0.94,0.988,-0.847,-0.996,0.923,0.982,0.944,-0.984,-0.646,-0.995,0.93,0.999,0.979,0.956,0.961,-0.97,-0.944,0.985,-0.988,-0.872,0.392,0.997,-0.963,0.915,-0.379,0.914,-0.963,-0.953,0.443,0.92,0.991,0.766,-0.974,-0.036,-0.994,0.998,-0.936,0.942,0.992,-0.933,-0.763,0.86,0.958,-0.98,0.952,0.99,-0.95,0.991,-0.991,-0.959,0.883,0.99,0.961,0.977,-0.996,0.871,-0.97,0.989,0.799,-0.934,-0.995,-0.928,-0.927,0.828,0.979,0.983,0.997,-0.982,-0.725,0.989,0.993,-0.972,-0.929,0.87,0.945,-0.991,-0.974,-0.992,-0.988,-0.994,-0.949,-0.976,0.42,-0.995,-0.983,0.914,-0.643,-0.993,0.796,4.054,3.415,4.824,9.899,10.23,10.227,10.335,10.401,4.038,3.547,4.841,9.941,4.6,4.214,5.761,9.911,EssenceCatalog/problems/csplib-prob010-SocialGolfers/params/4a0cb22d603113b77f03cc371501bdba.param
0.99,0.986,0.993,-0.984,0.974,-0.965,-0.987,0.788,0.958,-0.938,-0.969,-0.819,0.998,-0.96,-0.997,-0.978,0.998,0.534,0.997,0.924,-0.999,0.972,0.991,0.915,0.942,0.975,-0.985,-0.945,0.996,-0.996,-0.969,0.958,0.993,-0.965,0.992,0.989,0.962,-0.991,-0.942,0.873,-0.998,0.985,0.952,0.983,0.958,-0.994,0.982,-0.974,0.991,0.996,0.919,-0.991,-0.948,-0.987,0.955,0.822,0.99,-0.894,0.992,-0.995,-0.963,0.987,0.998,0.976,0.983,-0.998,-0.997,-0.991,-0.989,0.798,-0.992,-0.998,-0.797,-0.952,0.967,-0.996,0.983,0.999,-0.988,0.994,0.997,0.966,-0.967,-0.975,-0.994,0.987,-0.978,-0.995,-0.999,-0.961,-0.997,-0.989,-0.996,0.998,-0.992,-0.994,-0.986,-0.923,-0.998,-0.99,9.574,5.791,10.433,10.344,10.352,10.333,10.419,10.362,7.512,6.061,10.441,10.312,7.931,7.815,10.434,10.351,EssenceCatalog/problems/csplib-prob010-SocialGolfers/params/a5507135a6e793d87f3f72d69136a966.param
0.97,0.97,0.969,-0.948,0.576,-0.894,-0.816,0.861,0.989,-0.834,-0.952,-0.873,0.997,-0.915,-0.992,0.983,0.966,0.946,0.96,0.953,-0.997,-0.193,0.988,0.983,0.935,0.907,-0.934,-0.898,0.462,-0.984,-0.641,0.652,0.966,-0.859,-0.821,0.922,0.713,-0.947,-0.687,0.643,0.965,0.989,0.644,0.909,0.344,-0.968,0.995,-0.947,0.884,0.992,-0.952,-0.976,-0.956,0.179,-0.965,0.964,0.956,-0.777,0.983,-0.996,-0.923,0.979,0.992,0.676,0.922,-0.996,0.046,-0.956,-0.983,0.853,-0.967,-0.99,-0.752,-0.939,0.602,-0.961,0.99,0.995,-0.993,0.92,0.987,0.992,-0.987,-0.884,0.322,0.846,-0.981,-0.986,-0.999,-0.98,-0.976,-0.862,-0.932,0.949,-0.963,-0.976,-0.847,-0.858,-0.995,0.205,5.452,4.688,10.337,10.38,10.377,10.38,10.341,10.332,5.406,4.822,10.308,10.375,5.693,5.419,10.325,10.372,EssenceCatalog/problems/csplib-prob010-SocialGolfers/params/0a6aeba6605fa8c37db949b45740276e.param
0.954,0.968,0.979,-0.958,0.825,-0.857,-0.895,0.88,0.988,-0.878,-0.975,-0.937,0.997,-0.898,-0.995,0.918,0.965,0.956,0.97,0.977,-0.997,0.265,0.977,0.985,0.892,0.879,-0.953,-0.917,-0.816,-0.985,-0.305,0.926,0.922,-0.817,-0.909,0.875,0.777,-0.938,-0.6,0.774,0.869,0.983,0.717,0.96,0.689,-0.958,0.992,-0.951,0.722,0.989,-0.86,-0.969,-0.927,0.621,-0.939,0.961,0.955,-0.246,0.978,-0.995,-0.886,0.979,0.993,0.295,0.844,-0.99,0.742,-0.911,-0.985,0.896,-0.961,-0.987,-0.889,-0.932,0.836,-0.969,0.988,0.997,-0.991,0.953,0.982,0.992,-0.987,-0.915,0.573,0.811,-0.975,-0.984,-0.998,-0.976,-0.948,-0.89,-0.945,0.923,-0.915,-0.979,-0.517,-0.824,-0.996,-0.22,5.235,4.248,10.325,10.293,10.337,10.327,10.319,10.3,5.184,4.381,10.327,10.278,5.466,4.913,10.3,10.279,EssenceCatalog/problems/csplib-prob010-SocialGolfers/params/f4ef268e0b3f268d2e8c0a5588b2ec65.param
0.983,0.954,0.983,-0.981,0.746,-0.907,-0.929,0.839,0.976,-0.815,-0.964,-0.686,0.997,-0.95,-0.993,0.454,0.991,0.722,0.986,0.971,-0.998,0.2,0.995,0.957,0.975,0.964,-0.978,-0.726,0.97,-0.989,-0.902,0.821,0.989,-0.941,0.561,0.976,0.935,-0.962,-0.84,0.569,-0.69,0.984,0.752,0.943,0.612,-0.985,0.993,-0.976,0.975,0.994,-0.969,-0.988,-0.973,-0.145,-0.9,0.694,0.985,-0.984,0.986,-0.993,-0.867,0.98,0.997,0.857,0.943,-0.997,-0.938,-0.983,-0.983,0.364,-0.969,-0.994,0.101,-0.88,0.631,-0.982,0.99,0.997,-0.993,0.968,0.991,0.991,-0.976,-0.894,-0.46,0.968,-0.98,-0.987,-0.999,-0.973,-0.994,-0.937,-0.967,0.989,-0.993,-0.985,-0.912,-0.763,-0.996,-0.867,7.4,5.342,10.372,10.305,10.324,10.31,10.26,10.317,6.403,5.557,10.335,10.302,6.719,7.009,10.364,10.324,EssenceCatalog/problems/csplib-prob010-SocialGolfers/params/653c0295a2c97820715007591b435859.param
0.951,0.967,0.958,-0.961,0.675,-0.879,-0.873,0.901,0.993,-0.807,-0.978,-0.92,0.996,-0.916,-0.995,0.986,0.96,0.969,0.96,0.966,-0.997,-0.673,0.992,0.987,0.962,0.929,-0.971,-0.912,-0.863,-0.979,-0.547,0.894,0.972,-0.854,-0.987,0.907,0.851,-0.944,-0.564,0.617,0.987,0.987,0.804,0.963,0.202,-0.971,0.998,-0.961,0.846,0.988,-0.987,-0.975,-0.958,0.961,-0.989,0.96,0.963,-0.864,0.987,-0.995,-0.871,0.975,0.992,-0.101,0.835,-0.994,0.888,-0.953,-0.983,0.895,-0.956,-0.989,-0.839,-0.953,0.675,-0.927,0.991,0.997,-0.993,0.877,0.985,0.994,-0.988,-0.906,0.923,0.861,-0.985,-0.986,-0.998,-0.984,-0.969,-0.878,-0.947,0.904,-0.959,-0.971,-0.569,-0.889,-0.994,0.427,4.576,4.128,10.22,10.305,10.336,10.309,10.318,10.262,4.823,4.227,10.258,10.284,5.057,4.658,10.234,10.295,EssenceCatalog/problems/csplib-prob010-SocialGolfers/params/567f04063562db95f57211b9de413b90.param
0.986,0.96,0.982,-0.974,0.728,-0.922,-0.911,0.797,0.972,-0.832,-0.943,-0.685,0.997,-0.942,-0.992,0.623,0.991,0.706,0.984,0.948,-0.998,0.309,0.992,0.958,0.965,0.962,-0.961,-0.754,0.989,-0.989,-0.907,0.624,0.987,-0.935,0.727,0.975,0.9,-0.96,-0.858,0.641,-0.472,0.987,0.707,0.912,0.565,-0.984,0.992,-0.972,0.977,0.994,-0.932,-0.986,-0.973,-0.732,-0.823,0.802,0.983,-0.972,0.986,-0.995,-0.907,0.978,0.996,0.917,0.963,-0.997,-0.966,-0.981,-0.985,0.454,-0.973,-0.995,-0.066,-0.899,0.621,-0.984,0.989,0.997,-0.993,0.969,0.993,0.989,-0.973,-0.887,-0.74,0.958,-0.975,-0.988,-0.999,-0.969,-0.994,-0.938,-0.968,0.99,-0.992,-0.984,-0.954,-0.799,-0.996,-0.813,7.639,5.491,10.407,10.36,10.367,10.344,10.319,10.372,6.601,5.708,10.387,10.358,6.916,7.141,10.419,10.373,EssenceCatalog/problems/csplib-prob010-SocialGolfers/params/68326ad887a784e62557eb540d988fef.param
0.975,0.978,0.988,-0.971,0.967,-0.899,-0.952,0.916,0.991,-0.95,-0.989,-0.977,0.999,-0.941,-0.998,0.548,0.989,0.974,0.978,0.975,-0.999,0.895,0.923,0.991,0.793,0.896,-0.968,-0.966,-0.863,-0.993,-0.236,0.98,0.859,-0.877,-0.551,0.881,0.884,-0.977,-0.82,0.948,0.23,0.989,0.804,0.974,0.946,-0.972,0.991,-0.961,0.692,0.993,0.237,-0.97,-0.867,-0.47,-0.522,0.982,0.973,0.735,0.986,-0.997,-0.96,0.986,0.997,0.715,0.926,-0.995,0.595,-0.885,-0.989,0.964,-0.982,-0.992,-0.971,-0.956,0.973,-0.99,0.992,0.999,-0.994,0.983,0.993,0.992,-0.991,-0.957,-0.221,0.897,-0.97,-0.994,-0.999,-0.983,-0.953,-0.957,-0.981,0.96,-0.879,-0.993,-0.684,-0.896,-0.999,-0.77,6.864,4.65,10.468,10.273,10.269,10.277,10.316,10.347,6.077,4.857,10.484,10.259,6.484,5.619,10.407,10.231,EssenceCatalog/problems/csplib-prob010-SocialGolfers/params/8d9794cda5467e0e2804369a76187529.param
0.971,0.968,0.973,-0.957,0.626,-0.896,-0.847,0.864,0.99,-0.811,-0.962,-0.865,0.997,-0.927,-0.993,0.982,0.968,0.948,0.968,0.965,-0.998,-0.396,0.988,0.983,0.956,0.922,-0.953,-0.889,0.192,-0.982,-0.635,0.742,0.966,-0.869,-0.899,0.93,0.797,-0.945,-0.649,0.606,0.964,0.988,0.641,0.937,0.311,-0.968,0.996,-0.953,0.884,0.991,-0.976,-0.978,-0.964,0.547,-0.978,0.955,0.961,-0.867,0.984,-0.996,-0.907,0.979,0.992,0.54,0.902,-0.996,0.21,-0.957,-0.985,0.832,-0.961,-0.99,-0.678,-0.933,0.571,-0.962,0.991,0.995,-0.994,0.922,0.985,0.994,-0.987,-0.887,0.584,0.869,-0.981,-0.986,-0.999,-0.982,-0.976,-0.871,-0.932,0.95,-0.967,-0.974,-0.817,-0.848,-0.995,0.16,5.187,4.539,10.338,10.373,10.387,10.383,10.344,10.321,5.218,4.664,10.316,10.367,5.483,5.235,10.33,10.37,EssenceCatalog/problems/csplib-prob010-SocialGolfers/params/22fb412d1981500c8d78b43132a66177.param
0.98,0.968,0.966,-0.945,0.566,-0.907,-0.787,0.826,0.985,-0.852,-0.928,-0.843,0.997,-0.914,-0.992,0.976,0.978,0.922,0.955,0.919,-0.998,0.125,0.983,0.98,0.925,0.92,-0.907,-0.883,0.923,-0.987,-0.739,0.376,0.968,-0.882,-0.267,0.93,0.648,-0.95,-0.75,0.707,0.94,0.992,0.572,0.846,0.401,-0.974,0.994,-0.948,0.919,0.994,-0.905,-0.975,-0.952,-0.647,-0.927,0.963,0.963,-0.794,0.984,-0.997,-0.946,0.978,0.993,0.865,0.958,-0.997,-0.631,-0.956,-0.982,0.815,-0.97,-0.992,-0.691,-0.932,0.609,-0.971,0.991,0.995,-0.994,0.937,0.992,0.991,-0.985,-0.882,-0.286,0.862,-0.978,-0.989,-0.999,-0.976,-0.983,-0.89,-0.947,0.971,-0.971,-0.981,-0.923,-0.843,-0.995,0.079,6.292,5.143,10.369,10.393,10.395,10.385,10.355,10.381,5.952,5.308,10.342,10.395,6.267,6.1,10.383,10.394,EssenceCatalog/problems/csplib-prob010-SocialGolfers/params/ebe9bec242c89b73397ce4607029e953.param
0.989,0.985,0.993,-0.984,0.975,-0.963,-0.987,0.778,0.957,-0.933,-0.971,-0.81,0.998,-0.959,-0.997,-0.981,0.998,0.506,0.997,0.934,-0.999,0.971,0.992,0.911,0.942,0.975,-0.986,-0.942,0.995,-0.996,-0.968,0.962,0.993,-0.965,0.992,0.99,0.964,-0.99,-0.939,0.863,-0.998,0.983,0.953,0.985,0.956,-0.994,0.983,-0.975,0.991,0.996,0.91,-0.992,-0.948,-0.984,0.951,0.794,0.991,-0.911,0.992,-0.994,-0.959,0.987,0.998,0.973,0.98,-0.998,-0.996,-0.991,-0.989,0.785,-0.992,-0.998,-0.782,-0.948,0.967,-0.996,0.983,0.999,-0.987,0.994,0.997,0.966,-0.966,-0.975,-0.993,0.987,-0.978,-0.994,-0.999,-0.961,-0.997,-0.989,-0.996,0.998,-0.992,-0.994,-0.983,-0.918,-0.998,-0.991,9.56,5.784,10.421,10.329,10.339,10.319,10.404,10.344,7.499,6.054,10.429,10.297,7.917,7.812,10.421,10.336,EssenceCatalog/problems/csplib-prob010-SocialGolfers/params/78a16f97ffde5474d531d152f5b140b4.param
0.972,0.967,0.974,-0.952,0.618,-0.891,-0.843,0.854,0.988,-0.82,-0.952,-0.859,0.997,-0.919,-0.992,0.975,0.97,0.941,0.967,0.961,-0.997,-0.226,0.987,0.981,0.941,0.909,-0.94,-0.878,0.462,-0.983,-0.64,0.681,0.962,-0.859,-0.819,0.928,0.745,-0.942,-0.652,0.62,0.948,0.988,0.613,0.931,0.358,-0.967,0.995,-0.95,0.884,0.991,-0.956,-0.978,-0.96,0.223,-0.963,0.956,0.958,-0.814,0.984,-0.996,-0.91,0.979,0.992,0.657,0.914,-0.995,-0.005,-0.954,-0.985,0.819,-0.964,-0.99,-0.674,-0.925,0.597,-0.967,0.991,0.995,-0.993,0.935,0.988,0.993,-0.985,-0.884,0.333,0.853,-0.98,-0.985,-0.998,-0.979,-0.976,-0.878,-0.936,0.958,-0.964,-0.975,-0.851,-0.832,-0.995,0.074,5.474,4.693,10.353,10.366,10.368,10.372,10.33,10.317,5.405,4.828,10.318,10.361,5.693,5.454,10.335,10.357,EssenceCatalog/problems/csplib-prob010-SocialGolfers/params/0cf98738d0ec16cc1c9ea315b9a43813.param
0.965,0.965,0.973,-0.963,0.687,-0.888,-0.889,0.879,0.992,-0.79,-0.973,-0.891,0.997,-0.927,-0.994,0.981,0.965,0.958,0.972,0.974,-0.997,-0.59,0.991,0.984,0.966,0.925,-0.967,-0.889,-0.529,-0.98,-0.596,0.852,0.968,-0.863,-0.967,0.93,0.846,-0.945,-0.593,0.573,0.971,0.987,0.743,0.964,0.266,-0.969,0.997,-0.958,0.873,0.989,-0.986,-0.979,-0.969,0.874,-0.986,0.949,0.963,-0.889,0.985,-0.995,-0.879,0.978,0.992,0.187,0.865,-0.995,0.619,-0.955,-0.987,0.843,-0.957,-0.989,-0.718,-0.94,0.604,-0.956,0.991,0.996,-0.994,0.915,0.984,0.994,-0.987,-0.894,0.823,0.871,-0.982,-0.985,-0.998,-0.983,-0.973,-0.881,-0.939,0.937,-0.965,-0.971,-0.739,-0.86,-0.995,0.198,4.825,4.292,10.311,10.344,10.37,10.354,10.34,10.292,4.973,4.399,10.321,10.329,5.22,4.903,10.311,10.337,EssenceCatalog/problems/csplib-prob010-SocialGolfers/params/94b7d1f6e57559f444d5b2e1b56d57d2.param
0.945,0.967,0.98,-0.961,0.864,-0.848,-0.919,0.895,0.988,-0.875,-0.981,-0.95,0.997,-0.897,-0.996,0.885,0.97,0.961,0.973,0.983,-0.997,0.335,0.98,0.985,0.893,0.889,-0.961,-0.92,-0.937,-0.984,-0.241,0.955,0.926,-0.823,-0.942,0.874,0.815,-0.939,-0.595,0.79,0.855,0.98,0.776,0.973,0.728,-0.961,0.993,-0.956,0.713,0.989,-0.85,-0.973,-0.927,0.789,-0.94,0.96,0.965,-0.154,0.981,-0.994,-0.872,0.98,0.994,0.095,0.814,-0.988,0.853,-0.908,-0.986,0.907,-0.958,-0.988,-0.911,-0.935,0.875,-0.967,0.989,0.998,-0.99,0.959,0.983,0.992,-0.987,-0.926,0.692,0.811,-0.978,-0.984,-0.997,-0.978,-0.949,-0.908,-0.954,0.919,-0.91,-0.981,-0.316,-0.834,-0.996,-0.349,5.164,4.156,10.321,10.293,10.345,10.332,10.326,10.305,5.124,4.287,10.326,10.276,5.401,4.82,10.291,10.282,EssenceCatalog/problems/csplib-prob010-SocialGolfers/params/1c9e3333a73f27b3a67f089fdbc94a2d.param
0.961,0.975,0.972,-0.964,0.908,-0.859,-0.864,0.906,0.989,-0.899,-0.98,-0.959,0.997,-0.911,-0.996,0.912,0.982,0.968,0.954,0.966,-0.998,0.484,0.958,0.99,0.859,0.874,-0.952,-0.94,-0.875,-0.988,-0.151,0.954,0.866,-0.821,-0.892,0.824,0.8,-0.952,-0.659,0.877,0.928,0.988,0.713,0.947,0.808,-0.967,0.995,-0.961,0.611,0.993,-0.636,-0.961,-0.889,0.471,-0.917,0.979,0.969,0.055,0.988,-0.996,-0.926,0.976,0.996,0.441,0.886,-0.993,0.85,-0.869,-0.984,0.941,-0.959,-0.991,-0.942,-0.921,0.92,-0.973,0.991,0.998,-0.992,0.966,0.992,0.993,-0.99,-0.933,0.6,0.821,-0.977,-0.989,-0.998,-0.983,-0.95,-0.939,-0.971,0.937,-0.912,-0.985,-0.438,-0.802,-0.998,-0.246,5.354,4.224,10.331,10.305,10.372,10.357,10.37,10.346,5.272,4.381,10.336,10.293,5.56,4.873,10.313,10.285,EssenceCatalog/problems/csplib-prob010-SocialGolfers/params/53d41353ae8bd75839a1db335448333a.param
0.983,0.967,0.968,-0.948,0.589,-0.911,-0.806,0.806,0.983,-0.849,-0.921,-0.818,0.997,-0.92,-0.991,0.97,0.981,0.901,0.96,0.911,-0.998,0.155,0.982,0.978,0.933,0.93,-0.902,-0.865,0.96,-0.987,-0.783,0.29,0.971,-0.894,-0.016,0.941,0.686,-0.951,-0.771,0.709,0.902,0.992,0.571,0.836,0.396,-0.976,0.994,-0.948,0.936,0.994,-0.91,-0.976,-0.96,-0.761,-0.916,0.955,0.966,-0.856,0.983,-0.997,-0.946,0.977,0.993,0.896,0.964,-0.997,-0.797,-0.96,-0.982,0.775,-0.971,-0.993,-0.611,-0.928,0.572,-0.975,0.991,0.995,-0.994,0.942,0.992,0.99,-0.983,-0.874,-0.451,0.879,-0.976,-0.989,-0.999,-0.974,-0.986,-0.895,-0.947,0.976,-0.976,-0.981,-0.944,-0.841,-0.995,-0.073,6.537,5.26,10.381,10.396,10.404,10.383,10.356,10.386,6.096,5.431,10.354,10.399,6.41,6.315,10.406,10.403,EssenceCatalog/problems/csplib-prob010-SocialGolfers/params/06f06761f9da45c68e2faa026031447e.param
0.96,0.967,0.979,-0.952,0.769,-0.861,-0.883,0.87,0.985,-0.874,-0.965,-0.921,0.997,-0.891,-0.993,0.913,0.968,0.946,0.971,0.973,-0.997,0.377,0.98,0.982,0.872,0.874,-0.939,-0.906,-0.436,-0.985,-0.432,0.869,0.937,-0.815,-0.799,0.889,0.722,-0.94,-0.643,0.75,0.835,0.983,0.687,0.951,0.653,-0.96,0.991,-0.947,0.783,0.99,-0.809,-0.974,-0.927,0.209,-0.91,0.96,0.953,-0.228,0.98,-0.995,-0.9,0.981,0.993,0.531,0.879,-0.991,0.437,-0.922,-0.986,0.877,-0.968,-0.988,-0.864,-0.927,0.806,-0.974,0.988,0.996,-0.99,0.957,0.985,0.99,-0.985,-0.903,0.234,0.812,-0.977,-0.984,-0.998,-0.975,-0.959,-0.891,-0.946,0.944,-0.923,-0.979,-0.684,-0.815,-0.996,-0.262,5.625,4.478,10.384,10.32,10.331,10.341,10.313,10.309,5.433,4.632,10.378,10.306,5.745,5.228,10.348,10.294,EssenceCatalog/problems/csplib-prob010-SocialGolfers/params/61a85988553f1aebb4b99b2cf805c42f.param
0.934,0.925,-0.972,-0.985,0.764,-0.845,0.991,0.889,0.969,-0.973,-0.962,-0.811,0.994,-0.972,-0.999,0.701,0.992,0.945,-0.994,-0.939,-0.999,0.796,-0.946,0.984,0.955,0.952,-0.975,-0.972,0.904,-0.989,0.781,0.977,-0.955,-0.97,0.952,-0.936,0.965,-0.872,-0.852,0.978,0.959,0.994,-0.955,-0.996,0.97,-0.929,0.918,-0.958,-0.902,0.984,-0.033,0.958,0.974,-0.264,-0.882,0.966,0.966,-0.97,0.954,-0.989,-0.988,0.076,0.979,0.977,0.959,-0.995,0.945,0.815,0.99,0.923,0.38,-0.934,-0.813,0.629,0.985,0.465,0.985,0.98,-0.991,0.76,0.993,0.997,-0.984,-0.965,0.984,0.97,-0.069,-0.994,-0.996,-0.946,-0.128,-0.978,-0.972,0.842,-0.893,-0.992,0.962,0.414,-0.998,0.869,3.466,2.541,3.376,7.608,8.992,8.317,8.839,9.427,3.371,2.994,3.406,7.417,3.936,3.281,4.423,7.625,EssenceCatalog/problems/csplib-prob010-SocialGolfers/params/ord24-5-7-5.param
0.983,0.967,0.969,-0.95,0.59,-0.915,-0.82,0.791,0.98,-0.854,-0.913,-0.79,0.997,-0.921,-0.991,0.953,0.983,0.868,0.964,0.896,-0.998,0.236,0.984,0.974,0.934,0.938,-0.898,-0.853,0.98,-0.987,-0.834,0.222,0.978,-0.905,0.307,0.949,0.713,-0.953,-0.806,0.714,0.818,0.992,0.601,0.828,0.403,-0.976,0.993,-0.95,0.952,0.994,-0.891,-0.977,-0.962,-0.844,-0.881,0.943,0.967,-0.88,0.982,-0.997,-0.947,0.977,0.993,0.921,0.97,-0.997,-0.892,-0.966,-0.983,0.732,-0.974,-0.993,-0.547,-0.929,0.57,-0.977,0.99,0.994,-0.994,0.947,0.993,0.988,-0.981,-0.869,-0.63,0.895,-0.974,-0.989,-0.999,-0.971,-0.989,-0.898,-0.952,0.98,-0.98,-0.981,-0.959,-0.849,-0.995,-0.234,6.829,5.37,10.38,10.402,10.418,10.38,10.36,10.388,6.263,5.548,10.359,10.404,6.572,6.537,10.419,10.415,EssenceCatalog/problems/csplib-prob010-SocialGolfers/params/7710d9aa81dfc2d0971c7f1af182d26b.param
0.953,0.969,0.978,-0.96,0.841,-0.851,-0.896,0.893,0.987,-0.909,-0.977,-0.954,0.998,-0.895,-0.996,0.836,0.973,0.956,0.968,0.974,-0.997,0.64,0.976,0.986,0.85,0.89,-0.95,-0.931,-0.824,-0.987,-0.314,0.939,0.938,-0.822,-0.826,0.866,0.78,-0.952,-0.691,0.835,0.707,0.983,0.782,0.959,0.787,-0.96,0.991,-0.952,0.74,0.99,-0.637,-0.972,-0.899,0.346,-0.878,0.967,0.957,0.181,0.979,-0.995,-0.906,0.984,0.994,0.451,0.873,-0.991,0.663,-0.91,-0.985,0.913,-0.972,-0.988,-0.932,-0.938,0.89,-0.976,0.988,0.998,-0.991,0.962,0.985,0.991,-0.987,-0.922,0.354,0.823,-0.976,-0.986,-0.998,-0.977,-0.954,-0.908,-0.961,0.93,-0.91,-0.984,-0.523,-0.838,-0.997,-0.462,5.682,4.351,10.402,10.324,10.341,10.351,10.339,10.341,5.439,4.513,10.403,10.305,5.768,5.104,10.354,10.295,EssenceCatalog/problems/csplib-prob010-SocialGolfers/params/534ec98edf64ae42de6563808a6c24fc.param
-0.149,0.956,-0.998,-0.982,-0.991,-0.77,0.998,0.988,0.973,-0.948,-0.933,-0.95,0.994,-0.914,-0.998,0.97,0.969,0.982,-0.999,-0.926,-0.997,0.94,0.994,0.988,0.975,0.981,-0.986,-0.968,0.861,-0.991,-0.11,0.891,0.964,-0.967,0.84,-0.907,0.964,-0.952,-0.954,0.802,0.966,0.991,0.399,-0.997,0.557,-0.989,0.994,-0.932,0.35,0.977,-0.946,0.252,0.983,0.99,-0.986,0.973,0.977,-0.929,0.965,-0.993,-0.963,0.821,0.977,0.947,0.966,-0.996,0.992,-0.817,0.999,0.929,-0.783,-0.983,-0.963,-0.883,0.917,0.997,0.973,0.993,-0.985,-0.865,0.96,0.997,-0.989,-0.963,0.991,0.96,-0.977,-0.988,-0.993,-0.986,-0.957,-0.922,-0.954,-0.441,-0.99,-0.993,0.993,-0.664,-0.995,0.944,3.833,3.096,4.207,9.628,10.126,9.977,10.248,10.438,3.741,3.285,4.219,9.627,4.372,3.82,5.201,9.657,EssenceCatalog/problems/csplib-prob010-SocialGolfers/params/9289ac230ced1e9c7ff6b64410f9221d.param
0.983,0.967,0.967,-0.95,0.544,-0.916,-0.802,0.804,0.982,-0.853,-0.912,-0.799,0.997,-0.921,-0.991,0.962,0.982,0.879,0.961,0.894,-0.998,0.207,0.986,0.975,0.934,0.938,-0.898,-0.861,0.979,-0.987,-0.829,0.213,0.979,-0.902,0.229,0.949,0.702,-0.954,-0.809,0.708,0.856,0.992,0.604,0.818,0.38,-0.977,0.993,-0.949,0.951,0.994,-0.9,-0.977,-0.961,-0.823,-0.893,0.948,0.966,-0.872,0.983,-0.997,-0.948,0.978,0.993,0.917,0.97,-0.998,-0.875,-0.968,-0.981,0.749,-0.975,-0.993,-0.571,-0.934,0.56,-0.973,0.99,0.994,-0.994,0.941,0.993,0.989,-0.982,-0.872,-0.59,0.893,-0.976,-0.989,-0.999,-0.973,-0.989,-0.893,-0.95,0.978,-0.981,-0.981,-0.956,-0.855,-0.995,-0.149,6.729,5.342,10.365,10.398,10.41,10.376,10.353,10.384,6.21,5.516,10.344,10.401,6.52,6.469,10.404,10.411,EssenceCatalog/problems/csplib-prob010-SocialGolfers/params/de07401f333c2a5fcb7ba2adfb1be6bb.param
0.972,0.968,0.973,-0.956,0.582,-0.895,-0.837,0.862,0.989,-0.813,-0.958,-0.855,0.997,-0.926,-0.993,0.979,0.97,0.941,0.967,0.96,-0.998,-0.336,0.99,0.982,0.954,0.924,-0.948,-0.88,0.447,-0.982,-0.67,0.693,0.97,-0.87,-0.851,0.933,0.788,-0.946,-0.67,0.591,0.955,0.988,0.634,0.931,0.294,-0.969,0.996,-0.954,0.899,0.992,-0.973,-0.979,-0.964,0.409,-0.974,0.952,0.963,-0.871,0.985,-0.996,-0.908,0.98,0.993,0.619,0.913,-0.996,0.014,-0.961,-0.984,0.811,-0.963,-0.991,-0.639,-0.93,0.551,-0.962,0.991,0.995,-0.994,0.923,0.987,0.993,-0.986,-0.884,0.471,0.873,-0.981,-0.986,-0.999,-0.981,-0.979,-0.872,-0.935,0.956,-0.97,-0.975,-0.84,-0.838,-0.995,0.113,5.342,4.649,10.344,10.378,10.383,10.381,10.337,10.322,5.324,4.778,10.306,10.373,5.599,5.391,10.327,10.375,EssenceCatalog/problems/csplib-prob010-SocialGolfers/params/81d098fe8b81ae93ba5e7af44f863422.param
0.98,0.967,0.973,-0.954,0.573,-0.906,-0.833,0.821,0.982,-0.832,-0.93,-0.794,0.997,-0.924,-0.991,0.955,0.98,0.897,0.969,0.938,-0.998,0.053,0.989,0.976,0.939,0.93,-0.924,-0.844,0.942,-0.986,-0.787,0.417,0.974,-0.892,-0.16,0.946,0.744,-0.948,-0.76,0.657,0.858,0.99,0.589,0.891,0.373,-0.974,0.994,-0.953,0.938,0.994,-0.932,-0.981,-0.962,-0.582,-0.924,0.941,0.968,-0.882,0.985,-0.996,-0.931,0.979,0.994,0.869,0.955,-0.997,-0.752,-0.966,-0.984,0.732,-0.971,-0.993,-0.508,-0.916,0.547,-0.975,0.991,0.995,-0.994,0.947,0.991,0.991,-0.982,-0.873,-0.352,0.887,-0.978,-0.987,-0.999,-0.975,-0.987,-0.896,-0.947,0.977,-0.978,-0.979,-0.93,-0.823,-0.995,-0.195,6.421,5.2,10.407,10.39,10.389,10.386,10.346,10.366,6.005,5.368,10.369,10.394,6.323,6.258,10.413,10.396,EssenceCatalog/problems/csplib-prob010-SocialGolfers/params/a809a6cb23d0c4b86856d9368f38df1f.param
-0.141,0.959,-0.998,-0.984,-0.99,-0.782,0.998,0.989,0.972,-0.951,-0.936,-0.952,0.994,-0.914,-0.999,0.958,0.978,0.98,-0.999,-0.906,-0.997,0.953,0.994,0.987,0.976,0.981,-0.986,-0.968,0.886,-0.991,-0.134,0.896,0.968,-0.968,0.881,-0.893,0.966,-0.954,-0.955,0.817,0.954,0.991,0.466,-0.997,0.609,-0.991,0.994,-0.942,0.419,0.982,-0.933,0.118,0.983,0.988,-0.984,0.972,0.982,-0.93,0.974,-0.992,-0.964,0.833,0.981,0.955,0.967,-0.996,0.991,-0.834,0.999,0.929,-0.789,-0.986,-0.964,-0.869,0.928,0.997,0.975,0.995,-0.985,-0.814,0.971,0.997,-0.989,-0.966,0.988,0.961,-0.98,-0.988,-0.993,-0.987,-0.965,-0.942,-0.961,-0.335,-0.991,-0.993,0.993,-0.623,-0.996,0.927,3.899,3.135,4.279,9.694,10.19,10.053,10.309,10.485,3.799,3.327,4.298,9.698,4.426,3.88,5.279,9.722,EssenceCatalog/problems/csplib-prob010-SocialGolfers/params/0c11d7164d86bcff5b619210d91e82c3.param
0.977,0.967,0.976,-0.955,0.598,-0.902,-0.845,0.84,0.988,-0.809,-0.951,-0.833,0.997,-0.927,-0.992,0.978,0.973,0.932,0.97,0.956,-0.998,-0.277,0.988,0.981,0.953,0.926,-0.941,-0.87,0.709,-0.983,-0.716,0.603,0.969,-0.878,-0.746,0.94,0.774,-0.946,-0.696,0.607,0.941,0.989,0.612,0.924,0.308,-0.969,0.995,-0.952,0.913,0.992,-0.969,-0.979,-0.968,0.058,-0.967,0.95,0.963,-0.886,0.984,-0.996,-0.919,0.979,0.993,0.718,0.928,-0.996,-0.338,-0.961,-0.986,0.787,-0.964,-0.991,-0.586,-0.928,0.525,-0.97,0.991,0.995,-0.994,0.932,0.988,0.993,-0.985,-0.875,0.244,0.876,-0.979,-0.986,-0.999,-0.979,-0.981,-0.873,-0.933,0.964,-0.972,-0.975,-0.889,-0.841,-0.995,0.028,5.653,4.845,10.389,10.389,10.376,10.386,10.344,10.343,5.528,4.982,10.342,10.385,5.832,5.675,10.364,10.381,EssenceCatalog/problems/csplib-prob010-SocialGolfers/params/24a4f0993c64345d09accee86ef6915a.param
0.821,0.938,-0.994,-0.988,-0.836,-0.821,0.999,0.969,0.985,-0.983,-0.98,-0.912,0.998,-0.975,-0.999,0.98,0.704,0.984,-0.999,-0.992,-0.999,0.883,-0.402,0.99,0.98,0.977,-0.99,-0.986,0.737,-0.993,0.772,0.978,-0.719,-0.983,0.807,-0.953,0.985,-0.939,-0.932,0.966,0.909,0.996,-0.865,-0.999,0.894,-0.862,0.798,-0.641,-0.939,0.807,-0.913,0.984,0.992,0.806,-0.977,0.986,0.784,-0.846,0.043,-0.997,-0.987,0.642,0.83,0.94,0.977,-0.998,0.983,0.323,1.0,0.957,-0.345,-0.694,-0.934,-0.767,0.947,0.99,0.98,0.735,-0.995,-0.818,0.627,0.998,-0.993,-0.956,0.998,0.982,-0.015,-0.996,-0.998,-0.978,0.155,-0.494,-0.511,-0.626,-0.916,-0.997,0.984,-0.702,-0.998,0.977,2.942,2.3,2.878,8.01,8.604,8.034,8.688,9.8,2.895,2.604,2.824,7.8,3.521,2.876,3.909,8.05,EssenceCatalog/problems/csplib-prob010-SocialGolfers/params/ord12-7-7-3.param
0.991,0.986,0.993,-0.985,0.989,-0.968,-0.99,0.745,0.96,-0.941,-0.975,-0.809,0.998,-0.967,-0.997,-0.989,0.998,0.439,0.997,0.861,-0.999,0.979,0.981,0.9,0.95,0.978,-0.988,-0.957,0.995,-0.997,-0.971,0.975,0.987,-0.967,0.994,0.989,0.977,-0.99,-0.945,0.915,-0.998,0.985,0.961,0.984,0.973,-0.993,0.97,-0.973,0.988,0.995,0.963,-0.99,-0.943,-0.992,0.977,0.84,0.987,-0.913,0.989,-0.993,-0.968,0.983,0.997,0.977,0.978,-0.998,-0.997,-0.989,-0.984,0.85,-0.991,-0.997,-0.86,-0.954,0.974,-0.997,0.981,0.998,-0.985,0.993,0.996,0.958,-0.966,-0.975,-0.995,0.99,-0.96,-0.994,-0.999,-0.95,-0.996,-0.989,-0.995,0.997,-0.991,-0.994,-0.986,-0.933,-0.998,-0.992,9.612,5.799,10.427,10.339,10.355,10.331,10.423,10.366,7.53,6.07,10.443,10.311,7.948,7.825,10.432,10.351,EssenceCatalog/problems/csplib-prob010-SocialGolfers/params/742f0ca5c268976f99edaa6d4df2236f.param
0.981,0.953,0.981,-0.974,0.677,-0.902,-0.903,0.829,0.978,-0.813,-0.955,-0.726,0.997,-0.941,-0.992,0.738,0.988,0.785,0.983,0.967,-0.998,0.106,0.993,0.964,0.967,0.956,-0.966,-0.742,0.954,-0.987,-0.863,0.73,0.985,-0.925,0.3,0.966,0.902,-0.955,-0.809,0.569,-0.221,0.984,0.704,0.932,0.517,-0.981,0.993,-0.97,0.964,0.993,-0.968,-0.985,-0.971,-0.214,-0.925,0.797,0.981,-0.968,0.985,-0.994,-0.877,0.979,0.996,0.84,0.94,-0.996,-0.889,-0.977,-0.985,0.46,-0.967,-0.993,-0.061,-0.887,0.579,-0.98,0.99,0.997,-0.993,0.962,0.99,0.991,-0.976,-0.884,-0.373,0.949,-0.979,-0.986,-0.999,-0.972,-0.992,-0.924,-0.959,0.985,-0.99,-0.982,-0.905,-0.756,-0.996,-0.755,7.023,5.276,10.398,10.337,10.351,10.334,10.285,10.332,6.241,5.477,10.354,10.338,6.555,6.748,10.384,10.349,EssenceCatalog/problems/csplib-prob010-SocialGolfers/params/0c4b81496f4ea11ecf167e4011352a61.param
0.96,0.971,0.971,-0.954,0.742,-0.869,-0.847,0.881,0.988,-0.848,-0.965,-0.914,0.997,-0.905,-0.994,0.97,0.967,0.956,0.961,0.969,-0.997,-0.037,0.983,0.985,0.911,0.877,-0.945,-0.91,-0.452,-0.984,-0.435,0.853,0.935,-0.833,-0.909,0.888,0.734,-0.939,-0.606,0.711,0.96,0.987,0.661,0.939,0.513,-0.965,0.994,-0.95,0.778,0.991,-0.92,-0.972,-0.936,0.568,-0.962,0.967,0.959,-0.56,0.985,-0.995,-0.9,0.977,0.993,0.454,0.879,-0.993,0.648,-0.927,-0.983,0.886,-0.959,-0.989,-0.852,-0.923,0.762,-0.96,0.99,0.996,-0.992,0.941,0.987,0.993,-0.988,-0.906,0.582,0.81,-0.98,-0.985,-0.998,-0.981,-0.963,-0.894,-0.944,0.936,-0.943,-0.977,-0.659,-0.82,-0.995,0.101,5.122,4.337,10.3,10.324,10.364,10.354,10.335,10.299,5.156,4.463,10.301,10.311,5.417,4.969,10.298,10.31,EssenceCatalog/problems/csplib-prob010-SocialGolfers/params/8318e358c919416d891c2a1093edf8a2.param
0.963,0.964,0.976,-0.95,0.693,-0.869,-0.859,0.853,0.979,-0.894,-0.949,-0.901,0.997,-0.891,-0.992,0.838,0.974,0.923,0.967,0.957,-0.997,0.681,0.98,0.98,0.828,0.89,-0.918,-0.9,0.393,-0.986,-0.582,0.781,0.959,-0.841,-0.251,0.897,0.697,-0.949,-0.749,0.772,0.544,0.983,0.684,0.92,0.706,-0.962,0.988,-0.949,0.856,0.991,-0.586,-0.974,-0.908,-0.486,-0.779,0.951,0.954,-0.11,0.977,-0.996,-0.918,0.984,0.993,0.785,0.929,-0.993,-0.221,-0.935,-0.983,0.845,-0.977,-0.989,-0.852,-0.922,0.816,-0.978,0.986,0.996,-0.99,0.959,0.987,0.988,-0.982,-0.891,-0.378,0.838,-0.975,-0.985,-0.998,-0.969,-0.972,-0.891,-0.954,0.958,-0.94,-0.981,-0.811,-0.814,-0.996,-0.458,6.709,4.989,10.42,10.354,10.346,10.343,10.319,10.356,6.102,5.183,10.396,10.341,6.449,6.036,10.379,10.345,EssenceCatalog/problems/csplib-prob010-SocialGolfers/params/bc63c166ba03c0546ef575634839390e.param
0.994,0.966,0.844,-0.989,0.987,-0.957,-0.415,0.755,0.967,-0.975,-0.959,-0.889,0.998,-0.981,-0.998,-0.887,0.998,0.24,0.578,-0.741,-0.999,0.938,-0.539,0.959,0.918,0.971,-0.944,-0.965,0.996,-0.996,-0.862,0.96,0.603,-0.986,0.995,0.855,0.982,-0.99,-0.928,0.962,-0.965,0.994,0.715,-0.45,0.99,-0.97,0.903,-0.955,0.868,0.991,0.962,0.035,-0.365,-0.997,0.94,0.954,0.975,-0.851,0.957,-0.998,-0.992,0.93,0.994,0.985,0.988,-0.999,-0.983,-0.866,-0.694,0.922,-0.952,-0.993,-0.852,-0.726,0.988,-0.987,0.979,0.995,-0.996,0.988,0.998,0.969,-0.983,-0.934,-0.963,0.988,-0.587,-0.995,-0.999,-0.921,-0.965,-0.984,-0.993,0.995,-0.965,-0.996,-0.966,-0.657,-0.999,-0.933,8.896,5.312,8.955,9.303,9.613,9.428,9.651,9.825,7.03,5.69,8.971,9.377,7.333,7.139,9.011,9.342,EssenceCatalog/problems/csplib-prob010-SocialGolfers/params/ord34-4-8-7.param
0.268,0.957,-0.995,-0.977,-0.991,-0.736,0.994,0.981,0.969,-0.932,-0.874,-0.942,0.99,-0.871,-0.997,0.955,0.985,0.961,-0.993,-0.764,-0.996,0.917,0.998,0.986,0.962,0.966,-0.974,-0.955,0.974,-0.989,-0.798,0.497,0.994,-0.965,0.895,-0.647,0.924,-0.954,-0.952,0.555,0.971,0.993,0.599,-0.987,0.081,-0.993,0.998,-0.956,0.878,0.992,-0.956,-0.503,0.926,0.975,-0.989,0.966,0.99,-0.96,0.992,-0.993,-0.965,0.857,0.992,0.958,0.972,-0.997,0.952,-0.943,0.993,0.848,-0.895,-0.994,-0.934,-0.89,0.858,0.986,0.986,0.997,-0.984,-0.776,0.991,0.996,-0.98,-0.94,0.95,0.946,-0.99,-0.978,-0.993,-0.989,-0.99,-0.951,-0.975,0.356,-0.995,-0.986,0.962,-0.585,-0.994,0.897,3.957,3.329,4.643,9.874,10.261,10.223,10.37,10.463,3.954,3.488,4.66,9.897,4.538,4.112,5.612,9.892,EssenceCatalog/problems/csplib-prob010-SocialGolfers/params/a3707f8aa9cee4956df1bdb047b55324.param
0.977,0.968,0.975,-0.952,0.587,-0.9,-0.833,0.838,0.986,-0.823,-0.943,-0.83,0.997,-0.923,-0.991,0.973,0.975,0.927,0.968,0.951,-0.998,-0.13,0.988,0.98,0.942,0.919,-0.932,-0.869,0.798,-0.984,-0.72,0.555,0.968,-0.877,-0.622,0.937,0.742,-0.946,-0.71,0.635,0.931,0.989,0.593,0.913,0.351,-0.97,0.995,-0.952,0.913,0.993,-0.951,-0.979,-0.962,-0.196,-0.953,0.953,0.962,-0.85,0.984,-0.996,-0.924,0.98,0.993,0.778,0.936,-0.996,-0.423,-0.96,-0.985,0.789,-0.967,-0.991,-0.603,-0.923,0.556,-0.971,0.991,0.995,-0.994,0.939,0.989,0.992,-0.984,-0.876,0.042,0.868,-0.979,-0.987,-0.999,-0.978,-0.982,-0.881,-0.938,0.967,-0.971,-0.976,-0.898,-0.832,-0.994,-0.001,5.872,4.944,10.394,10.39,10.379,10.388,10.348,10.352,5.672,5.092,10.354,10.388,5.987,5.826,10.376,10.382,EssenceCatalog/problems/csplib-prob010-SocialGolfers/params/df77c4d0e4b20af31ab1dd0a376f8e87.param
0.967,0.967,0.974,-0.957,0.671,-0.888,-0.875,0.873,0.991,-0.8,-0.968,-0.89,0.996,-0.922,-0.994,0.982,0.965,0.957,0.971,0.971,-0.997,-0.517,0.99,0.984,0.957,0.916,-0.96,-0.893,-0.377,-0.98,-0.602,0.813,0.965,-0.855,-0.956,0.928,0.806,-0.943,-0.591,0.591,0.972,0.987,0.715,0.959,0.278,-0.968,0.996,-0.956,0.874,0.99,-0.979,-0.979,-0.967,0.788,-0.981,0.957,0.959,-0.846,0.985,-0.996,-0.891,0.979,0.992,0.324,0.876,-0.995,0.552,-0.954,-0.987,0.852,-0.96,-0.99,-0.734,-0.939,0.606,-0.96,0.991,0.996,-0.993,0.919,0.986,0.994,-0.987,-0.892,0.749,0.855,-0.982,-0.985,-0.998,-0.982,-0.972,-0.877,-0.938,0.942,-0.961,-0.971,-0.773,-0.86,-0.995,0.211,4.907,4.342,10.31,10.342,10.364,10.354,10.332,10.287,5.029,4.452,10.314,10.329,5.279,4.962,10.309,10.336,EssenceCatalog/problems/csplib-prob010-SocialGolfers/params/cf38ba93134c52255947382620825124.param
0.967,0.969,0.968,-0.949,0.692,-0.875,-0.819,0.859,0.985,-0.853,-0.952,-0.893,0.997,-0.897,-0.992,0.966,0.974,0.944,0.956,0.956,-0.997,0.15,0.98,0.983,0.902,0.887,-0.922,-0.897,0.334,-0.985,-0.531,0.744,0.944,-0.846,-0.737,0.897,0.661,-0.94,-0.646,0.714,0.947,0.988,0.606,0.907,0.509,-0.968,0.994,-0.948,0.828,0.993,-0.883,-0.971,-0.934,-0.013,-0.945,0.965,0.963,-0.601,0.985,-0.996,-0.92,0.976,0.994,0.689,0.92,-0.994,0.183,-0.933,-0.983,0.855,-0.962,-0.991,-0.81,-0.91,0.739,-0.967,0.99,0.996,-0.992,0.946,0.991,0.992,-0.986,-0.897,0.235,0.816,-0.98,-0.986,-0.998,-0.979,-0.971,-0.901,-0.948,0.956,-0.953,-0.979,-0.787,-0.787,-0.995,0.06,5.634,4.671,10.341,10.361,10.383,10.379,10.351,10.336,5.51,4.827,10.32,10.357,5.799,5.435,10.33,10.347,EssenceCatalog/problems/csplib-prob010-SocialGolfers/params/dfd5225ef252f6c823818ae13ac12ff1.param
0.975,0.965,0.974,-0.949,0.629,-0.894,-0.83,0.824,0.983,-0.854,-0.938,-0.846,0.997,-0.909,-0.991,0.951,0.973,0.916,0.964,0.944,-0.997,0.229,0.982,0.979,0.907,0.904,-0.912,-0.875,0.805,-0.985,-0.676,0.571,0.96,-0.864,-0.345,0.923,0.68,-0.944,-0.727,0.7,0.853,0.988,0.585,0.887,0.505,-0.965,0.991,-0.946,0.892,0.992,-0.876,-0.974,-0.947,-0.505,-0.91,0.952,0.956,-0.692,0.98,-0.996,-0.927,0.98,0.992,0.814,0.941,-0.995,-0.5,-0.947,-0.984,0.802,-0.97,-0.99,-0.705,-0.918,0.665,-0.975,0.989,0.994,-0.992,0.949,0.988,0.99,-0.983,-0.874,-0.264,0.855,-0.974,-0.986,-0.999,-0.972,-0.977,-0.876,-0.938,0.966,-0.961,-0.979,-0.894,-0.822,-0.995,-0.137,6.316,5.067,10.404,10.386,10.389,10.384,10.351,10.372,5.933,5.241,10.372,10.384,6.255,6.048,10.397,10.381,EssenceCatalog/problems/csplib-prob010-SocialGolfers/params/7c65ccb68898797beef0bbd12162eaec.param
0.982,0.969,0.971,-0.955,0.536,-0.911,-0.81,0.828,0.986,-0.834,-0.934,-0.803,0.997,-0.928,-0.992,0.972,0.979,0.903,0.965,0.926,-0.998,-0.053,0.989,0.978,0.949,0.938,-0.924,-0.861,0.946,-0.986,-0.805,0.38,0.977,-0.897,-0.254,0.948,0.753,-0.952,-0.778,0.651,0.905,0.991,0.593,0.872,0.332,-0.975,0.995,-0.953,0.943,0.994,-0.95,-0.98,-0.965,-0.555,-0.943,0.949,0.967,-0.901,0.985,-0.997,-0.94,0.979,0.993,0.864,0.958,-0.997,-0.752,-0.969,-0.982,0.761,-0.971,-0.993,-0.531,-0.931,0.512,-0.971,0.991,0.995,-0.995,0.936,0.991,0.992,-0.984,-0.872,-0.264,0.895,-0.978,-0.988,-0.999,-0.978,-0.987,-0.884,-0.943,0.975,-0.981,-0.98,-0.938,-0.845,-0.995,-0.07,6.284,5.174,10.4,10.402,10.393,10.394,10.356,10.38,5.936,5.334,10.364,10.407,6.256,6.182,10.407,10.407,EssenceCatalog/problems/csplib-prob010-SocialGolfers/params/d57c782a2e65c068d05406851bc1a204.param
0.949,0.968,0.979,-0.961,0.87,-0.851,-0.914,0.898,0.988,-0.898,-0.981,-0.957,0.997,-0.893,-0.996,0.852,0.974,0.96,0.971,0.981,-0.997,0.544,0.977,0.986,0.869,0.893,-0.958,-0.929,-0.919,-0.986,-0.249,0.956,0.931,-0.814,-0.905,0.864,0.797,-0.945,-0.64,0.829,0.794,0.982,0.78,0.97,0.783,-0.962,0.993,-0.957,0.715,0.99,-0.74,-0.973,-0.911,0.629,-0.913,0.966,0.962,0.053,0.982,-0.994,-0.888,0.982,0.995,0.254,0.839,-0.989,0.809,-0.904,-0.986,0.92,-0.966,-0.988,-0.931,-0.936,0.895,-0.974,0.989,0.998,-0.99,0.964,0.986,0.992,-0.987,-0.929,0.561,0.813,-0.977,-0.985,-0.998,-0.979,-0.952,-0.918,-0.961,0.927,-0.907,-0.983,-0.382,-0.832,-0.997,-0.433,5.399,4.225,10.366,10.314,10.356,10.353,10.344,10.332,5.266,4.372,10.368,10.297,5.567,4.926,10.325,10.298,EssenceCatalog/problems/csplib-prob010-SocialGolfers/params/2348d2fef2dd432cf854c63d3fafe025.param
0.972,0.966,0.974,-0.947,0.63,-0.887,-0.834,0.833,0.984,-0.853,-0.943,-0.864,0.997,-0.905,-0.991,0.958,0.971,0.928,0.964,0.951,-0.997,0.199,0.982,0.98,0.903,0.897,-0.915,-0.885,0.679,-0.985,-0.641,0.618,0.957,-0.855,-0.523,0.917,0.669,-0.943,-0.705,0.694,0.89,0.988,0.604,0.901,0.5,-0.964,0.992,-0.945,0.878,0.992,-0.88,-0.974,-0.946,-0.36,-0.921,0.957,0.955,-0.632,0.98,-0.996,-0.924,0.98,0.992,0.774,0.933,-0.995,-0.309,-0.944,-0.984,0.823,-0.969,-0.99,-0.749,-0.922,0.677,-0.973,0.989,0.995,-0.992,0.945,0.988,0.99,-0.984,-0.878,-0.125,0.841,-0.976,-0.986,-0.998,-0.974,-0.974,-0.874,-0.937,0.961,-0.956,-0.978,-0.873,-0.827,-0.995,-0.074,6.091,4.946,10.395,10.379,10.376,10.378,10.344,10.358,5.794,5.112,10.364,10.375,6.115,5.85,10.378,10.368,EssenceCatalog/problems/csplib-prob010-SocialGolfers/params/03521534b9858b8be6b3f6223f047cdf.param
0.975,0.97,0.97,-0.947,0.584,-0.899,-0.808,0.844,0.987,-0.842,-0.943,-0.856,0.997,-0.915,-0.992,0.98,0.972,0.935,0.96,0.941,-0.998,-0.056,0.986,0.982,0.929,0.911,-0.923,-0.89,0.759,-0.985,-0.685,0.554,0.966,-0.87,-0.642,0.926,0.687,-0.948,-0.714,0.665,0.952,0.99,0.609,0.889,0.384,-0.968,0.994,-0.946,0.898,0.992,-0.933,-0.976,-0.955,-0.255,-0.95,0.963,0.958,-0.783,0.983,-0.997,-0.932,0.979,0.993,0.781,0.94,-0.996,-0.308,-0.956,-0.983,0.835,-0.969,-0.991,-0.72,-0.935,0.607,-0.967,0.99,0.995,-0.994,0.93,0.989,0.992,-0.986,-0.879,0.02,0.854,-0.979,-0.987,-0.999,-0.978,-0.979,-0.87,-0.936,0.96,-0.966,-0.978,-0.893,-0.85,-0.995,0.129,5.848,4.916,10.378,10.397,10.387,10.393,10.359,10.366,5.669,5.065,10.349,10.394,5.983,5.757,10.367,10.386,EssenceCatalog/problems/csplib-prob010-SocialGolfers/params/87b40b2a4795b8d43de02521fc2811b3.param
0.798,0.967,-0.583,-0.975,-0.892,-0.809,0.705,0.964,0.989,-0.874,-0.944,-0.903,0.993,-0.902,-0.997,0.979,0.979,0.969,-0.458,0.344,-0.998,0.268,0.999,0.986,0.982,0.971,-0.98,-0.938,0.721,-0.989,-0.823,0.643,0.996,-0.953,-0.497,0.406,0.926,-0.963,-0.868,0.434,0.989,0.993,0.803,-0.252,-0.303,-0.993,0.999,-0.968,0.935,0.995,-0.986,-0.937,-0.258,0.988,-0.996,0.959,0.991,-0.974,0.995,-0.995,-0.933,0.959,0.994,0.768,0.951,-0.997,0.924,-0.974,0.409,0.788,-0.952,-0.996,-0.852,-0.923,0.739,0.647,0.993,0.998,-0.992,-0.012,0.992,0.997,-0.986,-0.927,0.961,0.931,-0.995,-0.987,-0.997,-0.993,-0.995,-0.944,-0.971,0.828,-0.994,-0.984,0.577,-0.75,-0.995,0.792,3.91,3.66,6.828,10.154,10.285,10.343,10.346,10.362,4.165,3.776,6.831,10.144,4.58,4.305,7.429,10.158,EssenceCatalog/problems/csplib-prob010-SocialGolfers/params/9b3f8afe698e2827075a08087acb7868.param
0.983,0.967,0.969,-0.951,0.562,-0.915,-0.826,0.8,0.979,-0.849,-0.911,-0.786,0.997,-0.92,-0.991,0.95,0.984,0.862,0.965,0.902,-0.998,0.254,0.987,0.973,0.935,0.941,-0.902,-0.845,0.982,-0.987,-0.84,0.215,0.981,-0.904,0.34,0.952,0.721,-0.952,-0.814,0.697,0.792,0.992,0.613,0.833,0.382,-0.978,0.994,-0.952,0.957,0.994,-0.899,-0.98,-0.963,-0.833,-0.88,0.938,0.97,-0.89,0.984,-0.996,-0.942,0.976,0.994,0.924,0.97,-0.997,-0.898,-0.97,-0.982,0.714,-0.975,-0.994,-0.516,-0.929,0.557,-0.975,0.99,0.995,-0.994,0.946,0.993,0.988,-0.98,-0.872,-0.651,0.898,-0.977,-0.989,-0.999,-0.972,-0.99,-0.904,-0.953,0.98,-0.982,-0.981,-0.957,-0.845,-0.995,-0.27,6.853,5.378,10.375,10.398,10.413,10.375,10.351,10.378,6.273,5.556,10.352,10.399,6.581,6.564,10.414,10.412,EssenceCatalog/problems/csplib-prob010-SocialGolfers/params/bf5de7a9bc21a371cb73aae038e03041.param
0.969,0.965,0.974,-0.948,0.637,-0.881,-0.838,0.839,0.984,-0.848,-0.946,-0.869,0.997,-0.905,-0.991,0.955,0.969,0.93,0.965,0.956,-0.997,0.175,0.983,0.98,0.904,0.893,-0.923,-0.883,0.52,-0.984,-0.61,0.678,0.955,-0.851,-0.628,0.914,0.688,-0.941,-0.682,0.68,0.882,0.986,0.615,0.912,0.51,-0.962,0.991,-0.945,0.865,0.991,-0.892,-0.974,-0.944,-0.174,-0.928,0.954,0.953,-0.621,0.98,-0.996,-0.914,0.98,0.992,0.727,0.921,-0.994,-0.154,-0.943,-0.984,0.823,-0.968,-0.989,-0.752,-0.919,0.681,-0.971,0.988,0.995,-0.992,0.945,0.986,0.99,-0.984,-0.88,-0.011,0.839,-0.976,-0.985,-0.998,-0.974,-0.972,-0.871,-0.935,0.955,-0.953,-0.977,-0.844,-0.82,-0.995,-0.101,5.917,4.836,10.383,10.364,10.363,10.369,10.333,10.338,5.675,4.996,10.354,10.36,5.993,5.702,10.359,10.35,EssenceCatalog/problems/csplib-prob010-SocialGolfers/params/81ecc55e4d32d9d56f0cf4110bdc443d.param
0.961,0.95,0.98,-0.975,0.774,-0.853,-0.916,0.877,0.987,-0.803,-0.977,-0.889,0.997,-0.93,-0.995,0.81,0.98,0.923,0.976,0.987,-0.997,0.015,0.989,0.975,0.964,0.936,-0.975,-0.829,-0.539,-0.982,-0.482,0.932,0.962,-0.887,-0.863,0.926,0.898,-0.938,-0.616,0.608,0.518,0.977,0.735,0.965,0.604,-0.97,0.993,-0.965,0.873,0.99,-0.975,-0.978,-0.955,0.869,-0.972,0.874,0.976,-0.874,0.981,-0.991,-0.82,0.981,0.994,0.241,0.811,-0.99,0.405,-0.947,-0.984,0.7,-0.949,-0.989,-0.579,-0.885,0.755,-0.966,0.989,0.997,-0.992,0.959,0.981,0.994,-0.985,-0.903,0.718,0.903,-0.979,-0.981,-0.998,-0.975,-0.978,-0.921,-0.949,0.957,-0.97,-0.98,-0.444,-0.731,-0.996,-0.578,5.354,4.361,10.362,10.325,10.38,10.36,10.325,10.303,5.196,4.495,10.353,10.31,5.46,5.231,10.342,10.306,EssenceCatalog/problems/csplib-prob010-SocialGolfers/params/cca5a65ae47fe1a31d8bb62c9c3616ef.param
0.946,0.96,0.983,-0.963,0.833,-0.841,-0.931,0.885,0.983,-0.874,-0.977,-0.931,0.997,-0.897,-0.995,0.695,0.975,0.939,0.979,0.987,-0.997,0.596,0.985,0.979,0.889,0.899,-0.959,-0.888,-0.811,-0.984,-0.337,0.949,0.948,-0.837,-0.811,0.902,0.835,-0.94,-0.652,0.761,0.337,0.974,0.779,0.972,0.77,-0.964,0.99,-0.958,0.799,0.99,-0.806,-0.979,-0.923,0.591,-0.898,0.926,0.968,-0.193,0.977,-0.992,-0.854,0.984,0.994,0.328,0.819,-0.986,0.575,-0.928,-0.986,0.847,-0.964,-0.988,-0.861,-0.917,0.87,-0.974,0.986,0.997,-0.988,0.967,0.981,0.99,-0.984,-0.918,0.35,0.844,-0.977,-0.981,-0.998,-0.973,-0.965,-0.917,-0.954,0.94,-0.928,-0.982,-0.424,-0.794,-0.996,-0.67,5.742,4.355,10.387,10.299,10.327,10.335,10.299,10.307,5.412,4.513,10.391,10.277,5.732,5.241,10.343,10.269,EssenceCatalog/problems/csplib-prob010-SocialGolfers/params/0223b0d6408aca5864332894b6d3d4ce.param
0.965,0.964,0.972,-0.965,0.713,-0.887,-0.902,0.881,0.992,-0.781,-0.976,-0.891,0.996,-0.927,-0.994,0.98,0.969,0.958,0.974,0.978,-0.997,-0.638,0.992,0.983,0.971,0.932,-0.971,-0.885,-0.639,-0.98,-0.588,0.875,0.97,-0.863,-0.974,0.932,0.866,-0.941,-0.58,0.564,0.973,0.986,0.759,0.971,0.253,-0.972,0.997,-0.963,0.876,0.99,-0.989,-0.98,-0.97,0.922,-0.988,0.942,0.968,-0.911,0.988,-0.995,-0.867,0.977,0.993,0.068,0.843,-0.994,0.698,-0.955,-0.987,0.84,-0.952,-0.99,-0.701,-0.936,0.619,-0.953,0.992,0.997,-0.994,0.92,0.986,0.994,-0.987,-0.898,0.863,0.876,-0.984,-0.984,-0.998,-0.984,-0.974,-0.896,-0.943,0.941,-0.967,-0.971,-0.692,-0.849,-0.994,0.189,4.76,4.246,10.303,10.335,10.366,10.347,10.337,10.283,4.928,4.352,10.32,10.317,5.171,4.85,10.306,10.326,EssenceCatalog/problems/csplib-prob010-SocialGolfers/params/f650e7222a8a3f6dd7b606e017ef52fc.param
0.982,0.967,0.965,-0.951,0.529,-0.915,-0.806,0.81,0.98,-0.85,-0.912,-0.795,0.997,-0.921,-0.991,0.959,0.983,0.873,0.96,0.896,-0.998,0.22,0.988,0.975,0.937,0.941,-0.903,-0.848,0.98,-0.987,-0.835,0.212,0.981,-0.904,0.263,0.949,0.719,-0.953,-0.811,0.693,0.833,0.992,0.611,0.82,0.363,-0.978,0.994,-0.952,0.955,0.994,-0.909,-0.979,-0.961,-0.806,-0.898,0.943,0.97,-0.889,0.984,-0.996,-0.944,0.977,0.994,0.919,0.97,-0.997,-0.88,-0.97,-0.98,0.728,-0.975,-0.993,-0.541,-0.931,0.548,-0.972,0.99,0.995,-0.994,0.941,0.993,0.989,-0.981,-0.872,-0.599,0.898,-0.977,-0.989,-0.999,-0.973,-0.99,-0.901,-0.951,0.979,-0.982,-0.981,-0.954,-0.847,-0.995,-0.207,6.752,5.349,10.363,10.396,10.409,10.375,10.349,10.378,6.218,5.523,10.34,10.399,6.526,6.496,10.402,10.411,EssenceCatalog/problems/csplib-prob010-SocialGolfers/params/fc77bc20eb05f0914f34e226a1e45353.param
0.983,0.954,0.982,-0.976,0.703,-0.907,-0.913,0.825,0.976,-0.816,-0.954,-0.696,0.997,-0.944,-0.993,0.639,0.99,0.747,0.984,0.964,-0.998,0.194,0.994,0.961,0.969,0.961,-0.969,-0.734,0.975,-0.988,-0.892,0.73,0.988,-0.934,0.544,0.972,0.913,-0.959,-0.836,0.586,-0.469,0.985,0.726,0.929,0.554,-0.983,0.993,-0.972,0.972,0.994,-0.962,-0.986,-0.973,-0.363,-0.899,0.763,0.983,-0.976,0.986,-0.994,-0.881,0.98,0.996,0.874,0.949,-0.997,-0.936,-0.981,-0.984,0.412,-0.971,-0.994,0.014,-0.886,0.595,-0.982,0.99,0.997,-0.993,0.965,0.992,0.991,-0.975,-0.885,-0.52,0.958,-0.979,-0.986,-0.999,-0.972,-0.994,-0.93,-0.964,0.987,-0.992,-0.983,-0.923,-0.768,-0.996,-0.816,7.338,5.37,10.384,10.328,10.344,10.32,10.28,10.333,6.408,5.581,10.349,10.327,6.722,6.966,10.382,10.343,EssenceCatalog/problems/csplib-prob010-SocialGolfers/params/65d5291fb09d500e4ee96a70077473b2.param
0.959,0.97,0.974,-0.955,0.773,-0.865,-0.868,0.881,0.989,-0.847,-0.969,-0.922,0.997,-0.902,-0.994,0.965,0.966,0.957,0.965,0.974,-0.997,-0.068,0.982,0.985,0.912,0.875,-0.949,-0.91,-0.636,-0.983,-0.422,0.875,0.934,-0.827,-0.931,0.89,0.74,-0.938,-0.59,0.723,0.956,0.985,0.692,0.951,0.528,-0.964,0.995,-0.951,0.769,0.99,-0.923,-0.972,-0.941,0.659,-0.962,0.966,0.958,-0.53,0.984,-0.995,-0.892,0.977,0.993,0.343,0.866,-0.993,0.704,-0.925,-0.986,0.889,-0.958,-0.989,-0.862,-0.927,0.773,-0.963,0.99,0.997,-0.992,0.944,0.986,0.993,-0.987,-0.908,0.641,0.802,-0.979,-0.984,-0.998,-0.98,-0.959,-0.893,-0.944,0.933,-0.938,-0.976,-0.629,-0.824,-0.995,0.06,5.055,4.278,10.304,10.312,10.354,10.341,10.329,10.292,5.106,4.4,10.309,10.298,5.367,4.899,10.295,10.301,EssenceCatalog/problems/csplib-prob010-SocialGolfers/params/9245ec198bc0d583c095271dcee30663.param
0.985,0.962,0.984,-0.979,0.777,-0.919,-0.935,0.811,0.969,-0.836,-0.952,-0.662,0.998,-0.946,-0.993,0.202,0.993,0.648,0.988,0.958,-0.998,0.454,0.995,0.949,0.968,0.965,-0.974,-0.746,0.99,-0.991,-0.928,0.756,0.99,-0.944,0.826,0.98,0.925,-0.966,-0.872,0.625,-0.815,0.986,0.773,0.933,0.654,-0.986,0.992,-0.975,0.983,0.994,-0.913,-0.988,-0.973,-0.659,-0.721,0.708,0.986,-0.98,0.987,-0.994,-0.889,0.98,0.997,0.919,0.962,-0.997,-0.976,-0.986,-0.984,0.374,-0.977,-0.995,0.013,-0.89,0.686,-0.986,0.989,0.997,-0.993,0.973,0.993,0.988,-0.972,-0.897,-0.781,0.97,-0.978,-0.988,-0.999,-0.97,-0.996,-0.947,-0.975,0.992,-0.993,-0.986,-0.95,-0.803,-0.996,-0.903,7.954,5.514,10.38,10.323,10.322,10.328,10.3,10.344,6.719,5.741,10.362,10.317,7.038,7.321,10.394,10.344,EssenceCatalog/problems/csplib-prob010-SocialGolfers/params/54bbcd6c1ab559809e860fbd06f46db9.param
0.974,0.969,0.971,-0.953,0.56,-0.9,-0.824,0.856,0.988,-0.819,-0.949,-0.843,0.997,-0.924,-0.992,0.979,0.972,0.934,0.965,0.953,-0.998,-0.24,0.99,0.981,0.948,0.923,-0.939,-0.877,0.696,-0.983,-0.705,0.607,0.971,-0.874,-0.751,0.935,0.756,-0.947,-0.701,0.612,0.951,0.989,0.612,0.915,0.305,-0.97,0.995,-0.952,0.911,0.992,-0.964,-0.979,-0.962,0.084,-0.966,0.954,0.963,-0.863,0.985,-0.996,-0.92,0.98,0.993,0.718,0.928,-0.996,-0.235,-0.962,-0.983,0.809,-0.966,-0.991,-0.632,-0.93,0.543,-0.964,0.991,0.995,-0.994,0.927,0.988,0.993,-0.985,-0.881,0.248,0.872,-0.981,-0.986,-0.999,-0.981,-0.982,-0.875,-0.937,0.963,-0.972,-0.976,-0.876,-0.841,-0.995,0.094,5.608,4.815,10.367,10.391,10.383,10.39,10.347,10.342,5.506,4.952,10.325,10.387,5.804,5.622,10.349,10.385,EssenceCatalog/problems/csplib-prob010-SocialGolfers/params/64a55939c2174e9c656e0584b500f260.param
0.984,0.969,0.971,-0.956,0.579,-0.916,-0.826,0.801,0.982,-0.848,-0.92,-0.776,0.997,-0.929,-0.992,0.952,0.983,0.868,0.967,0.906,-0.998,0.152,0.988,0.975,0.942,0.943,-0.912,-0.849,0.98,-0.987,-0.844,0.27,0.98,-0.908,0.251,0.955,0.749,-0.954,-0.815,0.691,0.803,0.992,0.615,0.849,0.386,-0.977,0.994,-0.951,0.956,0.994,-0.917,-0.98,-0.966,-0.801,-0.895,0.939,0.969,-0.908,0.984,-0.997,-0.946,0.978,0.994,0.915,0.97,-0.998,-0.894,-0.972,-0.983,0.719,-0.975,-0.993,-0.491,-0.929,0.538,-0.976,0.991,0.994,-0.995,0.947,0.992,0.99,-0.981,-0.867,-0.592,0.906,-0.975,-0.989,-0.999,-0.974,-0.99,-0.897,-0.951,0.981,-0.983,-0.981,-0.959,-0.849,-0.995,-0.267,6.781,5.359,10.403,10.416,10.425,10.395,10.372,10.399,6.232,5.536,10.379,10.418,6.544,6.53,10.437,10.427,EssenceCatalog/problems/csplib-prob010-SocialGolfers/params/0de956c126915b5aa3aa492df479cac7.param
0.97,0.959,0.977,-0.954,0.617,-0.878,-0.856,0.834,0.981,-0.836,-0.945,-0.838,0.997,-0.91,-0.991,0.919,0.972,0.904,0.971,0.962,-0.997,0.232,0.987,0.976,0.914,0.908,-0.93,-0.845,0.667,-0.984,-0.66,0.676,0.964,-0.861,-0.452,0.927,0.74,-0.94,-0.703,0.644,0.713,0.984,0.631,0.92,0.503,-0.965,0.99,-0.951,0.895,0.991,-0.909,-0.978,-0.949,-0.183,-0.923,0.928,0.961,-0.724,0.979,-0.995,-0.896,0.981,0.992,0.745,0.921,-0.994,-0.411,-0.951,-0.984,0.743,-0.967,-0.989,-0.641,-0.905,0.656,-0.974,0.987,0.995,-0.991,0.95,0.985,0.99,-0.981,-0.876,-0.126,0.865,-0.975,-0.983,-0.998,-0.971,-0.978,-0.876,-0.938,0.963,-0.963,-0.977,-0.847,-0.791,-0.995,-0.342,6.194,4.96,10.407,10.365,10.366,10.37,10.322,10.336,5.818,5.131,10.364,10.363,6.139,5.967,10.379,10.359,EssenceCatalog/problems/csplib-prob010-SocialGolfers/params/356ae9513ebcc7baecda0823014b3f43.param
0.981,0.951,0.985,-0.982,0.808,-0.893,-0.944,0.85,0.973,-0.824,-0.97,-0.725,0.998,-0.944,-0.994,0.023,0.992,0.716,0.988,0.979,-0.998,0.392,0.994,0.952,0.969,0.958,-0.982,-0.719,0.932,-0.989,-0.874,0.898,0.987,-0.937,0.566,0.973,0.938,-0.964,-0.823,0.585,-0.857,0.978,0.781,0.959,0.714,-0.984,0.991,-0.976,0.97,0.993,-0.949,-0.988,-0.966,0.046,-0.852,0.623,0.985,-0.976,0.985,-0.991,-0.844,0.982,0.997,0.813,0.925,-0.996,-0.912,-0.98,-0.984,0.368,-0.968,-0.994,0.025,-0.861,0.737,-0.985,0.989,0.998,-0.992,0.976,0.991,0.991,-0.975,-0.905,-0.434,0.967,-0.981,-0.985,-0.998,-0.971,-0.994,-0.944,-0.972,0.988,-0.991,-0.985,-0.865,-0.715,-0.996,-0.913,7.562,5.306,10.346,10.265,10.282,10.304,10.236,10.284,6.436,5.524,10.306,10.26,6.758,7.054,10.334,10.298,EssenceCatalog/problems/csplib-prob010-SocialGolfers/params/34d37955b5bab067e6bfdf670933c692.param
0.966,0.966,0.973,-0.962,0.703,-0.891,-0.891,0.878,0.992,-0.793,-0.974,-0.893,0.996,-0.926,-0.994,0.982,0.964,0.959,0.972,0.974,-0.997,-0.611,0.99,0.984,0.966,0.923,-0.968,-0.892,-0.576,-0.98,-0.594,0.854,0.968,-0.863,-0.971,0.929,0.844,-0.944,-0.579,0.579,0.973,0.987,0.748,0.966,0.269,-0.969,0.997,-0.958,0.87,0.989,-0.986,-0.979,-0.969,0.881,-0.986,0.95,0.961,-0.884,0.986,-0.995,-0.88,0.978,0.992,0.169,0.859,-0.995,0.651,-0.955,-0.987,0.85,-0.957,-0.989,-0.73,-0.942,0.605,-0.956,0.991,0.996,-0.994,0.914,0.984,0.994,-0.987,-0.896,0.832,0.868,-0.982,-0.985,-0.998,-0.983,-0.971,-0.879,-0.938,0.937,-0.964,-0.971,-0.741,-0.866,-0.995,0.22,4.802,4.277,10.309,10.341,10.368,10.352,10.341,10.292,4.96,4.383,10.323,10.326,5.206,4.878,10.311,10.334,EssenceCatalog/problems/csplib-prob010-SocialGolfers/params/18dabe10fd02fc9c499721c6e6f9191b.param
0.968,0.968,0.972,-0.956,0.673,-0.888,-0.853,0.87,0.99,-0.818,-0.964,-0.882,0.997,-0.921,-0.993,0.98,0.967,0.955,0.966,0.968,-0.997,-0.373,0.987,0.983,0.949,0.906,-0.954,-0.892,-0.15,-0.982,-0.557,0.794,0.957,-0.855,-0.927,0.918,0.781,-0.941,-0.6,0.63,0.967,0.987,0.649,0.946,0.36,-0.967,0.996,-0.953,0.853,0.991,-0.969,-0.976,-0.959,0.643,-0.975,0.959,0.958,-0.815,0.985,-0.996,-0.899,0.979,0.992,0.469,0.886,-0.995,0.466,-0.949,-0.985,0.85,-0.958,-0.99,-0.736,-0.928,0.636,-0.961,0.991,0.996,-0.993,0.928,0.986,0.994,-0.987,-0.896,0.643,0.847,-0.981,-0.985,-0.998,-0.981,-0.97,-0.883,-0.936,0.946,-0.959,-0.974,-0.773,-0.841,-0.995,0.18,5.053,4.414,10.311,10.344,10.373,10.366,10.335,10.297,5.124,4.534,10.307,10.336,5.378,5.063,10.313,10.338,EssenceCatalog/problems/csplib-prob010-SocialGolfers/params/9b28c66d529f5dae3e7c30dcf33adb4d.param
0.976,0.965,0.969,-0.949,0.64,-0.891,-0.818,0.828,0.979,-0.869,-0.924,-0.855,0.997,-0.898,-0.991,0.929,0.977,0.905,0.958,0.933,-0.997,0.449,0.978,0.979,0.886,0.906,-0.903,-0.879,0.873,-0.987,-0.676,0.551,0.96,-0.874,-0.032,0.914,0.64,-0.945,-0.736,0.743,0.797,0.989,0.582,0.861,0.558,-0.969,0.991,-0.943,0.89,0.993,-0.795,-0.971,-0.933,-0.703,-0.866,0.951,0.962,-0.621,0.981,-0.996,-0.935,0.978,0.993,0.852,0.951,-0.995,-0.613,-0.945,-0.982,0.793,-0.972,-0.991,-0.743,-0.907,0.72,-0.974,0.989,0.995,-0.992,0.954,0.991,0.989,-0.983,-0.882,-0.426,0.857,-0.974,-0.987,-0.999,-0.97,-0.98,-0.897,-0.95,0.971,-0.962,-0.982,-0.897,-0.787,-0.995,-0.206,6.668,5.187,10.387,10.383,10.401,10.376,10.355,10.385,6.147,5.376,10.358,10.383,6.462,6.255,10.392,10.39,EssenceCatalog/problems/csplib-prob010-SocialGolfers/params/c65c56961d682e20f8c805e1dbf2bbdd.param
0.96,0.961,0.98,-0.954,0.726,-0.862,-0.888,0.853,0.98,-0.863,-0.958,-0.889,0.997,-0.895,-0.992,0.856,0.971,0.919,0.975,0.973,-0.997,0.436,0.984,0.977,0.884,0.888,-0.936,-0.869,-0.003,-0.984,-0.525,0.839,0.952,-0.827,-0.617,0.908,0.746,-0.937,-0.669,0.703,0.61,0.979,0.674,0.946,0.641,-0.961,0.988,-0.953,0.842,0.99,-0.833,-0.976,-0.933,0.06,-0.893,0.934,0.957,-0.44,0.977,-0.994,-0.883,0.981,0.993,0.622,0.887,-0.991,0.048,-0.936,-0.985,0.811,-0.967,-0.988,-0.778,-0.911,0.768,-0.976,0.986,0.996,-0.989,0.959,0.983,0.989,-0.982,-0.891,-0.006,0.838,-0.975,-0.981,-0.998,-0.969,-0.969,-0.889,-0.944,0.954,-0.941,-0.978,-0.736,-0.779,-0.995,-0.451,6.027,4.7,10.412,10.335,10.342,10.351,10.307,10.318,5.666,4.872,10.389,10.326,5.992,5.636,10.37,10.315,EssenceCatalog/problems/csplib-prob010-SocialGolfers/params/cfb513aa2a0ad7778de956ab221f4088.param
0.974,0.946,0.985,-0.978,0.759,-0.873,-0.938,0.854,0.977,-0.813,-0.969,-0.79,0.997,-0.938,-0.993,0.352,0.989,0.8,0.987,0.984,-0.998,0.318,0.994,0.961,0.961,0.95,-0.976,-0.736,0.762,-0.986,-0.796,0.89,0.984,-0.921,0.079,0.963,0.915,-0.956,-0.775,0.571,-0.636,0.975,0.766,0.963,0.664,-0.979,0.992,-0.972,0.953,0.992,-0.958,-0.987,-0.964,0.333,-0.91,0.715,0.982,-0.947,0.982,-0.99,-0.83,0.983,0.996,0.706,0.899,-0.994,-0.766,-0.973,-0.986,0.44,-0.965,-0.993,-0.143,-0.862,0.714,-0.982,0.989,0.998,-0.992,0.973,0.989,0.991,-0.976,-0.898,-0.123,0.948,-0.981,-0.982,-0.998,-0.972,-0.991,-0.934,-0.965,0.983,-0.986,-0.982,-0.79,-0.702,-0.996,-0.867,7.003,5.103,10.387,10.292,10.308,10.323,10.242,10.302,6.13,5.307,10.334,10.289,6.454,6.641,10.347,10.314,EssenceCatalog/problems/csplib-prob010-SocialGolfers/params/a3db01368af35cdc0090ea4efba32386.param
0.955,0.962,0.979,-0.957,0.78,-0.852,-0.895,0.867,0.981,-0.892,-0.966,-0.918,0.997,-0.892,-0.993,0.776,0.972,0.93,0.973,0.975,-0.997,0.637,0.981,0.98,0.861,0.89,-0.943,-0.894,-0.387,-0.986,-0.447,0.896,0.95,-0.824,-0.616,0.89,0.77,-0.943,-0.696,0.767,0.434,0.98,0.723,0.95,0.746,-0.96,0.988,-0.953,0.809,0.99,-0.712,-0.974,-0.91,0.081,-0.858,0.941,0.956,-0.149,0.975,-0.994,-0.885,0.983,0.993,0.605,0.88,-0.99,0.257,-0.928,-0.984,0.851,-0.97,-0.988,-0.862,-0.918,0.841,-0.977,0.985,0.996,-0.989,0.962,0.983,0.989,-0.983,-0.902,0.0,0.835,-0.975,-0.982,-0.998,-0.97,-0.965,-0.899,-0.952,0.945,-0.929,-0.982,-0.648,-0.793,-0.996,-0.556,6.126,4.605,10.413,10.32,10.328,10.337,10.303,10.327,5.689,4.788,10.406,10.306,6.027,5.548,10.369,10.293,EssenceCatalog/problems/csplib-prob010-SocialGolfers/params/856b6b5571c0b6c0b2c52a2865d2ae9a.param
0.976,0.968,0.974,-0.954,0.579,-0.9,-0.833,0.843,0.988,-0.817,-0.948,-0.833,0.997,-0.926,-0.992,0.976,0.973,0.929,0.968,0.952,-0.998,-0.216,0.988,0.98,0.948,0.924,-0.937,-0.87,0.75,-0.984,-0.719,0.588,0.97,-0.875,-0.702,0.938,0.763,-0.947,-0.706,0.614,0.936,0.989,0.609,0.918,0.313,-0.97,0.995,-0.952,0.914,0.992,-0.961,-0.979,-0.964,-0.029,-0.961,0.951,0.962,-0.871,0.984,-0.996,-0.921,0.98,0.993,0.744,0.933,-0.996,-0.367,-0.962,-0.985,0.787,-0.966,-0.991,-0.596,-0.927,0.537,-0.97,0.991,0.995,-0.994,0.932,0.989,0.993,-0.985,-0.875,0.168,0.874,-0.979,-0.986,-0.999,-0.979,-0.982,-0.874,-0.936,0.965,-0.973,-0.976,-0.891,-0.834,-0.994,0.026,5.729,4.88,10.386,10.389,10.377,10.386,10.344,10.344,5.579,5.021,10.342,10.385,5.887,5.728,10.363,10.381,EssenceCatalog/problems/csplib-prob010-SocialGolfers/params/1268f76a81ae317ab45f8ede822b21c4.param
0.327,0.962,-0.994,-0.979,-0.992,-0.729,0.993,0.981,0.968,-0.936,-0.866,-0.943,0.991,-0.88,-0.997,0.95,0.979,0.958,-0.993,-0.832,-0.996,0.923,0.999,0.984,0.959,0.969,-0.975,-0.953,0.983,-0.989,-0.862,0.506,0.996,-0.967,0.91,-0.558,0.93,-0.964,-0.956,0.51,0.953,0.994,0.736,-0.987,0.072,-0.994,0.997,-0.943,0.916,0.991,-0.941,-0.582,0.923,0.969,-0.98,0.965,0.989,-0.958,0.991,-0.994,-0.964,0.863,0.991,0.962,0.979,-0.997,0.922,-0.961,0.994,0.855,-0.933,-0.995,-0.944,-0.931,0.856,0.988,0.983,0.996,-0.986,-0.818,0.987,0.995,-0.979,-0.936,0.92,0.952,-0.989,-0.979,-0.993,-0.989,-0.992,-0.941,-0.976,0.282,-0.995,-0.988,0.942,-0.689,-0.993,0.869,4.025,3.377,4.713,9.927,10.289,10.259,10.403,10.498,4.007,3.525,4.729,9.965,4.588,4.16,5.665,9.944,EssenceCatalog/problems/csplib-prob010-SocialGolfers/params/a8483fb836c1315bc21e21a7cfac8900.param
0.93,0.965,0.952,-0.968,0.823,-0.862,-0.879,0.912,0.992,-0.842,-0.984,-0.945,0.996,-0.905,-0.996,0.965,0.969,0.97,0.948,0.974,-0.997,-0.517,0.988,0.987,0.948,0.921,-0.977,-0.919,-0.975,-0.98,-0.324,0.96,0.949,-0.853,-0.989,0.849,0.865,-0.936,-0.523,0.734,0.982,0.984,0.825,0.97,0.477,-0.971,0.997,-0.967,0.725,0.988,-0.975,-0.968,-0.931,0.982,-0.986,0.961,0.968,-0.747,0.988,-0.992,-0.845,0.969,0.993,-0.389,0.765,-0.989,0.967,-0.917,-0.98,0.906,-0.937,-0.989,-0.9,-0.939,0.823,-0.916,0.99,0.998,-0.992,0.913,0.985,0.994,-0.989,-0.931,0.956,0.842,-0.985,-0.984,-0.997,-0.983,-0.954,-0.914,-0.959,0.889,-0.945,-0.977,-0.05,-0.854,-0.995,0.253,4.565,3.998,10.148,10.244,10.306,10.273,10.293,10.235,4.778,4.107,10.199,10.221,4.998,4.545,10.173,10.229,EssenceCatalog/problems/csplib-prob010-SocialGolfers/params/0b9c56bbcf19239026e5a5104c665212.param
0.965,0.971,0.976,-0.955,0.779,-0.867,-0.853,0.878,0.984,-0.914,-0.96,-0.932,0.998,-0.9,-0.994,0.868,0.974,0.946,0.961,0.957,-0.998,0.721,0.973,0.985,0.807,0.88,-0.929,-0.93,0.028,-0.989,-0.484,0.857,0.936,-0.842,-0.423,0.871,0.716,-0.958,-0.762,0.839,0.699,0.986,0.696,0.921,0.775,-0.963,0.989,-0.944,0.782,0.992,-0.444,-0.968,-0.886,-0.438,-0.775,0.97,0.952,0.173,0.98,-0.997,-0.937,0.984,0.994,0.757,0.934,-0.994,0.128,-0.919,-0.982,0.905,-0.977,-0.99,-0.913,-0.932,0.872,-0.977,0.988,0.997,-0.992,0.961,0.988,0.99,-0.987,-0.907,-0.206,0.835,-0.974,-0.988,-0.998,-0.976,-0.964,-0.899,-0.959,0.95,-0.922,-0.985,-0.763,-0.828,-0.997,-0.354,6.454,4.802,10.422,10.352,10.353,10.346,10.343,10.369,5.957,5.001,10.406,10.337,6.307,5.713,10.375,10.326,EssenceCatalog/problems/csplib-prob010-SocialGolfers/params/cf2f070d518e707b49719e9f300a31ef.param
0.4,0.964,-0.991,-0.981,-0.99,-0.73,0.99,0.98,0.966,-0.939,-0.869,-0.945,0.991,-0.878,-0.997,0.921,0.982,0.95,-0.988,-0.771,-0.996,0.936,0.999,0.981,0.96,0.971,-0.974,-0.95,0.989,-0.99,-0.891,0.492,0.997,-0.97,0.934,-0.386,0.934,-0.968,-0.958,0.511,0.914,0.993,0.801,-0.982,0.097,-0.995,0.997,-0.937,0.941,0.993,-0.92,-0.712,0.895,0.952,-0.973,0.961,0.99,-0.956,0.992,-0.993,-0.965,0.887,0.991,0.966,0.981,-0.997,0.866,-0.971,0.992,0.835,-0.945,-0.995,-0.942,-0.936,0.859,0.982,0.984,0.996,-0.986,-0.736,0.989,0.994,-0.976,-0.938,0.859,0.955,-0.99,-0.979,-0.993,-0.989,-0.994,-0.951,-0.979,0.396,-0.996,-0.988,0.91,-0.676,-0.993,0.796,4.131,3.446,4.858,9.977,10.327,10.314,10.433,10.52,4.1,3.591,4.877,10.025,4.667,4.26,5.799,9.995,EssenceCatalog/problems/csplib-prob010-SocialGolfers/params/0ddf0e7f29c877e93b2bd20eebbcbb70.param
0.968,0.945,0.988,-0.982,0.925,-0.894,-0.969,0.887,0.974,-0.872,-0.984,-0.85,0.998,-0.94,-0.996,-0.711,0.994,0.788,0.991,0.99,-0.998,0.76,0.992,0.952,0.946,0.953,-0.987,-0.811,0.215,-0.989,-0.698,0.98,0.98,-0.924,0.4,0.961,0.96,-0.97,-0.834,0.765,-0.958,0.961,0.863,0.981,0.87,-0.985,0.989,-0.978,0.945,0.993,-0.734,-0.988,-0.944,0.294,-0.608,0.635,0.985,-0.902,0.984,-0.985,-0.836,0.982,0.998,0.684,0.854,-0.991,-0.64,-0.966,-0.985,0.649,-0.97,-0.994,-0.492,-0.882,0.909,-0.989,0.986,0.999,-0.987,0.988,0.991,0.988,-0.977,-0.948,-0.386,0.963,-0.982,-0.982,-0.998,-0.962,-0.991,-0.964,-0.981,0.987,-0.983,-0.989,-0.639,-0.689,-0.998,-0.962,7.774,5.143,10.39,10.264,10.286,10.356,10.277,10.322,6.451,5.358,10.369,10.269,6.791,6.901,10.389,10.32,EssenceCatalog/problems/csplib-prob010-SocialGolfers/params/a89c3c37bc839f58878ed729b59dc62c.param
0.973,0.965,0.973,-0.947,0.608,-0.892,-0.825,0.829,0.983,-0.856,-0.937,-0.853,0.997,-0.905,-0.991,0.953,0.972,0.919,0.962,0.944,-0.997,0.268,0.983,0.979,0.9,0.901,-0.91,-0.879,0.786,-0.985,-0.672,0.565,0.962,-0.861,-0.359,0.92,0.664,-0.944,-0.731,0.704,0.862,0.988,0.602,0.886,0.503,-0.965,0.991,-0.945,0.891,0.992,-0.863,-0.975,-0.945,-0.5,-0.905,0.955,0.956,-0.645,0.98,-0.996,-0.928,0.981,0.992,0.812,0.941,-0.995,-0.467,-0.947,-0.984,0.81,-0.971,-0.99,-0.735,-0.922,0.674,-0.973,0.989,0.994,-0.992,0.947,0.988,0.99,-0.983,-0.874,-0.266,0.849,-0.975,-0.986,-0.999,-0.972,-0.977,-0.873,-0.939,0.964,-0.959,-0.979,-0.889,-0.827,-0.995,-0.117,6.304,5.054,10.397,10.384,10.384,10.379,10.345,10.367,5.926,5.227,10.365,10.381,6.249,6.02,10.388,10.378,EssenceCatalog/problems/csplib-prob010-SocialGolfers/params/f2c116be666172ef963354da509574a0.param
0.966,0.97,0.97,-0.949,0.603,-0.891,-0.835,0.869,0.99,-0.826,-0.959,-0.882,0.997,-0.916,-0.993,0.984,0.963,0.952,0.963,0.96,-0.997,-0.314,0.988,0.984,0.941,0.905,-0.945,-0.901,0.105,-0.983,-0.607,0.731,0.964,-0.851,-0.901,0.921,0.744,-0.946,-0.651,0.63,0.971,0.989,0.665,0.929,0.325,-0.967,0.995,-0.949,0.871,0.991,-0.963,-0.977,-0.958,0.48,-0.972,0.963,0.956,-0.779,0.984,-0.996,-0.912,0.979,0.992,0.559,0.904,-0.996,0.324,-0.955,-0.983,0.864,-0.965,-0.99,-0.764,-0.941,0.603,-0.958,0.99,0.995,-0.993,0.916,0.986,0.993,-0.987,-0.889,0.517,0.842,-0.982,-0.985,-0.998,-0.981,-0.973,-0.863,-0.933,0.941,-0.96,-0.974,-0.81,-0.864,-0.995,0.239,5.178,4.511,10.313,10.358,10.367,10.367,10.327,10.305,5.216,4.635,10.3,10.35,5.482,5.174,10.309,10.352,EssenceCatalog/problems/csplib-prob010-SocialGolfers/params/75302baede786256274f0a441c2ef96c.param
0.983,0.968,0.966,-0.952,0.533,-0.917,-0.797,0.811,0.983,-0.854,-0.914,-0.793,0.997,-0.924,-0.992,0.962,0.982,0.88,0.959,0.896,-0.998,0.18,0.988,0.976,0.94,0.941,-0.906,-0.86,0.979,-0.987,-0.834,0.224,0.98,-0.904,0.211,0.949,0.722,-0.955,-0.817,0.701,0.853,0.992,0.61,0.823,0.37,-0.977,0.994,-0.949,0.953,0.994,-0.91,-0.978,-0.961,-0.802,-0.899,0.948,0.967,-0.886,0.984,-0.997,-0.949,0.978,0.993,0.915,0.97,-0.998,-0.874,-0.97,-0.979,0.746,-0.975,-0.993,-0.557,-0.934,0.55,-0.972,0.991,0.994,-0.994,0.941,0.992,0.99,-0.982,-0.873,-0.569,0.899,-0.976,-0.989,-0.999,-0.975,-0.989,-0.892,-0.95,0.979,-0.982,-0.982,-0.956,-0.854,-0.995,-0.155,6.708,5.338,10.373,10.407,10.418,10.386,10.361,10.393,6.198,5.512,10.351,10.41,6.507,6.465,10.411,10.42,EssenceCatalog/problems/csplib-prob010-SocialGolfers/params/9a79d47ba0bbf81450bfd182c8be1bb6.param
0.961,0.967,0.977,-0.95,0.716,-0.873,-0.867,0.86,0.987,-0.85,-0.963,-0.905,0.997,-0.904,-0.993,0.962,0.964,0.952,0.968,0.97,-0.997,0.021,0.981,0.983,0.909,0.881,-0.942,-0.903,-0.344,-0.983,-0.479,0.822,0.943,-0.831,-0.883,0.901,0.73,-0.938,-0.617,0.693,0.932,0.985,0.662,0.945,0.525,-0.96,0.993,-0.947,0.81,0.99,-0.916,-0.974,-0.946,0.425,-0.951,0.962,0.953,-0.525,0.981,-0.995,-0.899,0.98,0.992,0.502,0.882,-0.993,0.485,-0.932,-0.986,0.868,-0.964,-0.988,-0.825,-0.929,0.729,-0.968,0.989,0.995,-0.991,0.943,0.984,0.992,-0.986,-0.896,0.448,0.814,-0.978,-0.985,-0.998,-0.976,-0.961,-0.875,-0.935,0.938,-0.938,-0.975,-0.73,-0.839,-0.995,-0.015,5.292,4.428,10.339,10.325,10.344,10.345,10.319,10.299,5.251,4.558,10.331,10.313,5.533,5.103,10.323,10.309,EssenceCatalog/problems/csplib-prob010-SocialGolfers/params/450a59f9b258925b0d3c352ceb9bdeda.param
0.984,0.968,0.99,-0.987,0.984,-0.946,-0.982,0.878,0.977,-0.945,-0.99,-0.885,0.999,-0.965,-0.998,-0.972,0.998,0.777,0.994,0.975,-0.999,0.96,0.975,0.956,0.933,0.972,-0.991,-0.937,0.675,-0.995,-0.789,0.992,0.98,-0.962,0.925,0.969,0.977,-0.983,-0.92,0.9,-0.993,0.975,0.907,0.986,0.962,-0.99,0.984,-0.981,0.959,0.995,0.639,-0.985,-0.886,-0.752,0.664,0.767,0.989,-0.826,0.99,-0.992,-0.942,0.985,0.999,0.906,0.933,-0.995,-0.866,-0.968,-0.985,0.855,-0.983,-0.997,-0.79,-0.913,0.978,-0.995,0.989,0.999,-0.989,0.994,0.996,0.985,-0.979,-0.974,-0.905,0.984,-0.976,-0.991,-0.999,-0.959,-0.993,-0.984,-0.994,0.995,-0.985,-0.995,-0.799,-0.826,-0.999,-0.987,9.26,5.636,10.397,10.297,10.331,10.311,10.383,10.354,7.318,5.897,10.401,10.288,7.726,7.596,10.413,10.32,EssenceCatalog/problems/csplib-prob010-SocialGolfers/params/1287c48b5501f433505d09c01efdc31b.param
0.979,0.969,0.973,-0.955,0.572,-0.906,-0.825,0.834,0.987,-0.826,-0.941,-0.82,0.997,-0.926,-0.992,0.975,0.976,0.918,0.966,0.941,-0.998,-0.129,0.988,0.98,0.947,0.93,-0.929,-0.867,0.883,-0.985,-0.76,0.494,0.973,-0.886,-0.501,0.943,0.747,-0.949,-0.745,0.64,0.926,0.99,0.595,0.896,0.335,-0.972,0.995,-0.951,0.926,0.993,-0.954,-0.979,-0.965,-0.347,-0.954,0.951,0.965,-0.883,0.984,-0.997,-0.932,0.979,0.993,0.814,0.947,-0.997,-0.596,-0.964,-0.984,0.781,-0.968,-0.992,-0.575,-0.929,0.529,-0.971,0.991,0.995,-0.994,0.935,0.99,0.992,-0.984,-0.873,-0.062,0.883,-0.978,-0.988,-0.999,-0.979,-0.984,-0.879,-0.938,0.97,-0.976,-0.978,-0.919,-0.84,-0.995,-0.007,6.027,5.043,10.407,10.404,10.389,10.398,10.36,10.374,5.775,5.195,10.367,10.405,6.096,5.975,10.396,10.4,EssenceCatalog/problems/csplib-prob010-SocialGolfers/params/62a378bc789d92d0ba2cf5cf7f8a781f.param
0.982,0.968,0.968,-0.953,0.539,-0.913,-0.804,0.816,0.984,-0.846,-0.923,-0.794,0.997,-0.925,-0.992,0.967,0.98,0.89,0.962,0.91,-0.998,0.072,0.988,0.977,0.941,0.939,-0.912,-0.86,0.968,-0.987,-0.819,0.294,0.978,-0.901,0.019,0.948,0.729,-0.954,-0.798,0.68,0.878,0.992,0.604,0.844,0.352,-0.976,0.994,-0.95,0.948,0.994,-0.929,-0.979,-0.963,-0.719,-0.921,0.948,0.967,-0.895,0.984,-0.997,-0.945,0.978,0.993,0.896,0.966,-0.998,-0.832,-0.969,-0.982,0.75,-0.973,-0.993,-0.551,-0.931,0.535,-0.972,0.991,0.994,-0.994,0.939,0.992,0.991,-0.983,-0.872,-0.45,0.896,-0.977,-0.989,-0.999,-0.976,-0.988,-0.887,-0.947,0.977,-0.981,-0.981,-0.948,-0.848,-0.995,-0.124,6.535,5.273,10.385,10.403,10.404,10.387,10.357,10.385,6.091,5.442,10.358,10.406,6.405,6.351,10.41,10.411,EssenceCatalog/problems/csplib-prob010-SocialGolfers/params/3a3ed592cb41c11a03c4c10350351a32.param
0.626,0.951,-0.997,-0.99,-0.98,-0.803,0.999,0.984,0.986,-0.979,-0.969,-0.945,0.998,-0.965,-0.999,0.988,0.662,0.986,-0.999,-0.99,-0.999,0.946,0.86,0.992,0.987,0.987,-0.989,-0.984,0.896,-0.994,0.346,0.958,0.601,-0.985,0.838,-0.915,0.986,-0.965,-0.963,0.94,0.858,0.996,-0.456,-0.999,0.758,-0.947,0.914,-0.629,-0.65,0.837,-0.962,0.948,0.99,0.945,-0.988,0.986,0.852,-0.867,0.095,-0.998,-0.984,0.852,0.85,0.94,0.982,-0.999,0.975,-0.524,1.0,0.95,-0.748,-0.83,-0.958,-0.919,0.912,0.997,0.973,0.824,-0.995,-0.933,0.436,0.998,-0.994,-0.962,0.997,0.986,-0.704,-0.995,-0.998,-0.985,-0.633,-0.401,-0.553,-0.796,-0.973,-0.998,0.984,-0.81,-0.998,0.969,3.404,2.695,3.483,8.889,9.3,8.928,9.434,10.187,3.315,2.956,3.454,8.79,3.936,3.378,4.466,8.953,EssenceCatalog/problems/csplib-prob010-SocialGolfers/params/820a260c2b8f0aa341eeb37b160106f2.param
0.938,0.958,0.977,-0.966,0.825,-0.845,-0.924,0.893,0.989,-0.827,-0.982,-0.938,0.996,-0.907,-0.995,0.912,0.969,0.958,0.974,0.987,-0.997,-0.081,0.988,0.983,0.944,0.916,-0.971,-0.89,-0.944,-0.981,-0.305,0.953,0.951,-0.846,-0.972,0.897,0.859,-0.933,-0.541,0.694,0.888,0.978,0.799,0.976,0.599,-0.966,0.995,-0.96,0.785,0.988,-0.96,-0.977,-0.949,0.94,-0.974,0.938,0.969,-0.628,0.981,-0.992,-0.822,0.979,0.992,-0.169,0.77,-0.987,0.879,-0.932,-0.986,0.867,-0.949,-0.987,-0.851,-0.93,0.818,-0.953,0.989,0.998,-0.99,0.947,0.979,0.993,-0.987,-0.919,0.857,0.838,-0.981,-0.981,-0.997,-0.978,-0.96,-0.907,-0.947,0.915,-0.94,-0.977,-0.245,-0.828,-0.996,-0.267,4.901,4.106,10.281,10.288,10.354,10.325,10.32,10.276,4.959,4.223,10.308,10.275,5.203,4.763,10.273,10.28,EssenceCatalog/problems/csplib-prob010-SocialGolfers/params/5b5017ae78c2d408aa873ade8ac43147.param
0.983,0.955,0.986,-0.983,0.849,-0.912,-0.953,0.833,0.967,-0.828,-0.968,-0.672,0.998,-0.948,-0.994,-0.248,0.994,0.61,0.991,0.974,-0.998,0.495,0.995,0.943,0.971,0.964,-0.982,-0.729,0.974,-0.991,-0.916,0.894,0.99,-0.943,0.805,0.98,0.95,-0.969,-0.865,0.611,-0.933,0.981,0.808,0.958,0.752,-0.988,0.991,-0.981,0.982,0.994,-0.917,-0.989,-0.97,-0.355,-0.718,0.577,0.988,-0.984,0.987,-0.991,-0.854,0.98,0.998,0.881,0.943,-0.996,-0.965,-0.984,-0.985,0.372,-0.972,-0.995,0.056,-0.876,0.77,-0.988,0.988,0.998,-0.99,0.979,0.993,0.988,-0.971,-0.915,-0.708,0.975,-0.979,-0.987,-0.998,-0.966,-0.995,-0.958,-0.978,0.992,-0.994,-0.986,-0.918,-0.757,-0.997,-0.942,8.007,5.452,10.344,10.271,10.272,10.312,10.268,10.292,6.685,5.679,10.321,10.262,7.009,7.331,10.356,10.302,EssenceCatalog/problems/csplib-prob010-SocialGolfers/params/4404048df50562450c0f95c65ae9e32f.param
0.96,0.961,0.979,-0.954,0.725,-0.861,-0.878,0.855,0.981,-0.864,-0.958,-0.894,0.997,-0.898,-0.992,0.878,0.968,0.926,0.972,0.972,-0.997,0.428,0.983,0.979,0.882,0.887,-0.935,-0.88,-0.063,-0.984,-0.498,0.835,0.949,-0.832,-0.667,0.901,0.741,-0.937,-0.665,0.712,0.672,0.981,0.679,0.941,0.64,-0.958,0.989,-0.949,0.827,0.99,-0.832,-0.974,-0.929,0.081,-0.903,0.941,0.954,-0.395,0.976,-0.994,-0.888,0.982,0.992,0.614,0.889,-0.991,0.116,-0.933,-0.984,0.82,-0.967,-0.987,-0.802,-0.912,0.771,-0.974,0.986,0.996,-0.989,0.956,0.982,0.99,-0.983,-0.889,0.055,0.833,-0.975,-0.982,-0.998,-0.971,-0.966,-0.881,-0.941,0.948,-0.937,-0.978,-0.73,-0.791,-0.995,-0.403,5.927,4.654,10.4,10.33,10.337,10.345,10.306,10.316,5.612,4.823,10.378,10.322,5.936,5.544,10.357,10.309,EssenceCatalog/problems/csplib-prob010-SocialGolfers/params/84d2439b7117ec08300547e672e8c81a.param
0.965,0.969,0.981,-0.963,0.842,-0.865,-0.899,0.88,0.983,-0.919,-0.969,-0.931,0.998,-0.909,-0.995,0.705,0.978,0.94,0.972,0.968,-0.998,0.776,0.973,0.984,0.825,0.886,-0.946,-0.92,-0.169,-0.99,-0.464,0.917,0.931,-0.848,-0.339,0.88,0.79,-0.958,-0.769,0.849,0.291,0.984,0.714,0.944,0.833,-0.965,0.987,-0.95,0.787,0.992,-0.416,-0.971,-0.883,-0.348,-0.729,0.957,0.957,0.135,0.978,-0.996,-0.926,0.984,0.995,0.735,0.921,-0.993,0.119,-0.918,-0.984,0.891,-0.976,-0.989,-0.902,-0.923,0.895,-0.982,0.987,0.997,-0.991,0.969,0.987,0.99,-0.986,-0.913,-0.232,0.862,-0.973,-0.987,-0.998,-0.974,-0.963,-0.911,-0.963,0.955,-0.921,-0.987,-0.73,-0.808,-0.997,-0.599,6.722,4.815,10.452,10.342,10.346,10.344,10.341,10.383,6.055,5.02,10.445,10.328,6.415,5.865,10.403,10.323,EssenceCatalog/problems/csplib-prob010-SocialGolfers/params/89e1bcd691bd6917f64e8953600247ce.param
0.983,0.967,0.974,-0.955,0.597,-0.913,-0.838,0.798,0.98,-0.843,-0.919,-0.772,0.997,-0.927,-0.991,0.945,0.983,0.868,0.969,0.918,-0.998,0.179,0.987,0.974,0.938,0.939,-0.911,-0.84,0.978,-0.987,-0.838,0.278,0.978,-0.905,0.269,0.954,0.747,-0.951,-0.808,0.695,0.781,0.991,0.603,0.863,0.406,-0.976,0.994,-0.954,0.954,0.994,-0.909,-0.98,-0.965,-0.803,-0.886,0.936,0.969,-0.898,0.984,-0.996,-0.942,0.978,0.994,0.915,0.967,-0.997,-0.891,-0.969,-0.984,0.711,-0.974,-0.993,-0.472,-0.921,0.553,-0.979,0.99,0.995,-0.994,0.953,0.993,0.989,-0.981,-0.869,-0.607,0.901,-0.976,-0.989,-0.999,-0.973,-0.989,-0.904,-0.952,0.982,-0.982,-0.981,-0.955,-0.841,-0.995,-0.301,6.816,5.361,10.403,10.407,10.419,10.388,10.363,10.389,6.247,5.54,10.377,10.409,6.559,6.547,10.435,10.418,EssenceCatalog/problems/csplib-prob010-SocialGolfers/params/cb96977fceb6088a798ccf7b575b3143.param
0.971,0.979,0.982,-0.963,0.883,-0.899,-0.91,0.906,0.988,-0.951,-0.976,-0.962,0.999,-0.927,-0.997,0.736,0.985,0.967,0.971,0.961,-0.998,0.91,0.968,0.991,0.755,0.9,-0.945,-0.961,-0.085,-0.994,-0.511,0.919,0.942,-0.872,-0.075,0.885,0.79,-0.977,-0.856,0.92,0.435,0.991,0.788,0.945,0.9,-0.975,0.991,-0.953,0.813,0.994,0.219,-0.976,-0.852,-0.751,-0.44,0.983,0.967,0.683,0.985,-0.998,-0.964,0.988,0.996,0.865,0.957,-0.996,0.111,-0.93,-0.985,0.952,-0.988,-0.993,-0.961,-0.962,0.944,-0.985,0.991,0.998,-0.994,0.971,0.992,0.991,-0.989,-0.94,-0.557,0.873,-0.978,-0.994,-0.999,-0.981,-0.971,-0.929,-0.978,0.96,-0.917,-0.993,-0.807,-0.902,-0.998,-0.584,7.29,4.996,10.493,10.369,10.352,10.332,10.365,10.398,6.419,5.217,10.486,10.351,6.816,6.052,10.43,10.339,EssenceCatalog/problems/csplib-prob010-SocialGolfers/params/ee6bd7ac4a768623c9080427203981e5.param
0.96,0.97,0.969,-0.956,0.747,-0.889,-0.879,0.886,0.992,-0.822,-0.976,-0.914,0.996,-0.917,-0.995,0.986,0.961,0.967,0.966,0.97,-0.997,-0.585,0.988,0.987,0.952,0.908,-0.966,-0.915,-0.785,-0.981,-0.498,0.883,0.955,-0.845,-0.979,0.908,0.816,-0.942,-0.558,0.665,0.985,0.988,0.744,0.962,0.328,-0.967,0.997,-0.957,0.815,0.989,-0.978,-0.974,-0.959,0.896,-0.983,0.966,0.957,-0.8,0.986,-0.996,-0.889,0.975,0.992,0.095,0.845,-0.994,0.832,-0.943,-0.986,0.902,-0.956,-0.989,-0.836,-0.95,0.686,-0.952,0.991,0.996,-0.993,0.912,0.985,0.994,-0.989,-0.908,0.858,0.84,-0.983,-0.986,-0.998,-0.983,-0.962,-0.879,-0.942,0.918,-0.951,-0.972,-0.654,-0.882,-0.995,0.364,4.7,4.182,10.268,10.322,10.361,10.337,10.344,10.292,4.905,4.289,10.297,10.305,5.145,4.731,10.279,10.313,EssenceCatalog/problems/csplib-prob010-SocialGolfers/params/787fa3fdd1b07dd3f6d30e38492439ec.param
0.98,0.967,0.968,-0.948,0.564,-0.908,-0.81,0.814,0.983,-0.844,-0.924,-0.823,0.997,-0.916,-0.991,0.968,0.981,0.903,0.962,0.92,-0.998,0.135,0.985,0.978,0.931,0.928,-0.905,-0.862,0.95,-0.986,-0.783,0.324,0.974,-0.889,-0.092,0.939,0.684,-0.95,-0.767,0.685,0.902,0.991,0.588,0.852,0.376,-0.975,0.994,-0.95,0.936,0.994,-0.913,-0.978,-0.958,-0.695,-0.921,0.952,0.968,-0.853,0.984,-0.996,-0.94,0.977,0.994,0.885,0.96,-0.997,-0.756,-0.962,-0.983,0.767,-0.971,-0.993,-0.614,-0.928,0.572,-0.973,0.991,0.995,-0.994,0.939,0.993,0.99,-0.983,-0.875,-0.407,0.876,-0.978,-0.988,-0.999,-0.974,-0.986,-0.895,-0.949,0.975,-0.977,-0.98,-0.936,-0.834,-0.995,-0.08,6.466,5.227,10.382,10.392,10.394,10.381,10.348,10.373,6.048,5.395,10.352,10.394,6.363,6.264,10.4,10.398,EssenceCatalog/problems/csplib-prob010-SocialGolfers/params/e1dbaad7a42371068e43969af58a24c3.param
0.961,0.969,0.976,-0.954,0.774,-0.878,-0.876,0.872,0.989,-0.853,-0.969,-0.917,0.997,-0.905,-0.994,0.962,0.965,0.957,0.968,0.973,-0.997,-0.079,0.981,0.985,0.915,0.879,-0.953,-0.912,-0.638,-0.983,-0.416,0.874,0.934,-0.828,-0.929,0.892,0.756,-0.938,-0.583,0.716,0.948,0.985,0.681,0.956,0.547,-0.962,0.994,-0.95,0.772,0.99,-0.925,-0.973,-0.944,0.62,-0.958,0.966,0.953,-0.517,0.983,-0.995,-0.895,0.978,0.993,0.357,0.861,-0.992,0.684,-0.923,-0.986,0.888,-0.96,-0.988,-0.85,-0.933,0.761,-0.967,0.989,0.996,-0.992,0.946,0.985,0.992,-0.987,-0.907,0.608,0.812,-0.978,-0.985,-0.998,-0.978,-0.955,-0.89,-0.94,0.935,-0.933,-0.976,-0.658,-0.84,-0.995,0.027,5.092,4.296,10.319,10.314,10.353,10.343,10.332,10.299,5.126,4.419,10.325,10.302,5.392,4.925,10.309,10.303,EssenceCatalog/problems/csplib-prob010-SocialGolfers/params/6c04f7de224209a7f3969d49ee0266c0.param
0.976,0.969,0.972,-0.955,0.564,-0.901,-0.828,0.847,0.987,-0.818,-0.946,-0.832,0.997,-0.925,-0.992,0.977,0.974,0.928,0.967,0.95,-0.998,-0.206,0.989,0.98,0.948,0.926,-0.936,-0.87,0.786,-0.984,-0.73,0.571,0.972,-0.879,-0.674,0.939,0.757,-0.948,-0.72,0.616,0.938,0.99,0.611,0.911,0.31,-0.971,0.995,-0.952,0.917,0.993,-0.961,-0.98,-0.964,-0.074,-0.962,0.951,0.964,-0.874,0.985,-0.996,-0.923,0.98,0.993,0.758,0.935,-0.997,-0.403,-0.964,-0.984,0.792,-0.967,-0.991,-0.598,-0.929,0.528,-0.968,0.991,0.995,-0.994,0.931,0.989,0.993,-0.985,-0.875,0.124,0.876,-0.98,-0.986,-0.999,-0.98,-0.983,-0.877,-0.937,0.965,-0.974,-0.976,-0.895,-0.839,-0.994,0.034,5.77,4.908,10.389,10.396,10.382,10.391,10.349,10.352,5.609,5.05,10.345,10.392,5.919,5.767,10.368,10.388,EssenceCatalog/problems/csplib-prob010-SocialGolfers/params/ef55228b1ccd34b2aaa5ab4b918c916a.param
0.978,0.944,0.982,-0.982,0.763,-0.886,-0.931,0.867,0.979,-0.809,-0.974,-0.752,0.997,-0.948,-0.994,0.391,0.99,0.774,0.985,0.981,-0.998,0.142,0.995,0.958,0.976,0.96,-0.982,-0.711,0.872,-0.988,-0.847,0.903,0.986,-0.932,0.201,0.967,0.944,-0.961,-0.803,0.548,-0.707,0.978,0.771,0.956,0.644,-0.983,0.992,-0.976,0.963,0.993,-0.979,-0.986,-0.968,0.459,-0.939,0.653,0.984,-0.98,0.984,-0.99,-0.824,0.981,0.997,0.736,0.905,-0.995,-0.829,-0.977,-0.982,0.379,-0.963,-0.993,0.058,-0.866,0.677,-0.979,0.99,0.998,-0.993,0.969,0.989,0.993,-0.977,-0.903,-0.057,0.964,-0.982,-0.984,-0.998,-0.973,-0.993,-0.936,-0.965,0.985,-0.991,-0.985,-0.811,-0.704,-0.996,-0.864,6.952,5.11,10.352,10.272,10.297,10.302,10.224,10.283,6.105,5.317,10.298,10.271,6.419,6.68,10.315,10.294,EssenceCatalog/problems/csplib-prob010-SocialGolfers/params/ef615e00f9239eda8a34a36d9b91fdee.param
0.942,0.964,0.983,-0.967,0.91,-0.843,-0.945,0.906,0.985,-0.906,-0.986,-0.958,0.997,-0.901,-0.996,0.465,0.984,0.95,0.978,0.987,-0.997,0.765,0.981,0.982,0.879,0.912,-0.97,-0.917,-0.938,-0.987,-0.256,0.978,0.944,-0.842,-0.814,0.879,0.876,-0.949,-0.71,0.856,0.16,0.975,0.826,0.979,0.867,-0.969,0.992,-0.964,0.762,0.991,-0.599,-0.979,-0.899,0.647,-0.851,0.942,0.975,0.081,0.982,-0.992,-0.874,0.984,0.996,0.289,0.809,-0.986,0.77,-0.913,-0.985,0.904,-0.966,-0.99,-0.927,-0.93,0.934,-0.977,0.988,0.999,-0.989,0.975,0.985,0.991,-0.987,-0.941,0.384,0.86,-0.978,-0.984,-0.998,-0.976,-0.963,-0.941,-0.97,0.942,-0.918,-0.987,-0.209,-0.808,-0.998,-0.769,5.875,4.281,10.366,10.288,10.32,10.349,10.315,10.318,5.463,4.454,10.385,10.266,5.798,5.208,10.329,10.257,EssenceCatalog/problems/csplib-prob010-SocialGolfers/params/e7dd3c54b74cc25a55fe47c86dec8a7a.param
0.984,0.967,0.967,-0.952,0.576,-0.917,-0.81,0.794,0.98,-0.855,-0.911,-0.787,0.997,-0.923,-0.991,0.951,0.984,0.863,0.962,0.889,-0.998,0.255,0.985,0.974,0.936,0.94,-0.9,-0.85,0.984,-0.988,-0.84,0.202,0.979,-0.908,0.366,0.949,0.724,-0.954,-0.815,0.715,0.803,0.992,0.599,0.813,0.402,-0.978,0.993,-0.951,0.954,0.994,-0.892,-0.977,-0.961,-0.851,-0.879,0.942,0.969,-0.891,0.983,-0.997,-0.947,0.977,0.994,0.927,0.972,-0.998,-0.903,-0.968,-0.981,0.722,-0.975,-0.993,-0.536,-0.929,0.566,-0.976,0.99,0.994,-0.994,0.945,0.993,0.989,-0.981,-0.87,-0.648,0.901,-0.974,-0.989,-0.999,-0.971,-0.989,-0.903,-0.953,0.98,-0.982,-0.982,-0.959,-0.847,-0.995,-0.253,6.864,5.384,10.369,10.4,10.421,10.379,10.36,10.389,6.285,5.564,10.35,10.404,6.591,6.569,10.413,10.416,EssenceCatalog/problems/csplib-prob010-SocialGolfers/params/df66c2f0d27df3e35e42f4cb631fe74d.param
0.975,0.968,0.974,-0.953,0.593,-0.899,-0.833,0.848,0.989,-0.815,-0.952,-0.849,0.997,-0.924,-0.992,0.981,0.971,0.941,0.967,0.954,-0.998,-0.282,0.987,0.982,0.95,0.921,-0.938,-0.884,0.598,-0.983,-0.69,0.625,0.967,-0.87,-0.805,0.934,0.76,-0.947,-0.685,0.62,0.957,0.989,0.618,0.922,0.311,-0.968,0.995,-0.951,0.902,0.992,-0.965,-0.978,-0.965,0.147,-0.968,0.958,0.96,-0.855,0.983,-0.996,-0.921,0.98,0.992,0.689,0.926,-0.996,-0.162,-0.959,-0.985,0.819,-0.965,-0.991,-0.654,-0.933,0.551,-0.967,0.991,0.995,-0.994,0.928,0.987,0.993,-0.986,-0.878,0.325,0.865,-0.98,-0.987,-0.999,-0.979,-0.979,-0.87,-0.933,0.959,-0.969,-0.974,-0.876,-0.848,-0.995,0.117,5.524,4.764,10.368,10.386,10.378,10.386,10.346,10.34,5.449,4.897,10.328,10.382,5.744,5.54,10.349,10.38,EssenceCatalog/problems/csplib-prob010-SocialGolfers/params/ffe06b8a9587b8eee0412c1dedc3a315.param
0.99,0.984,0.993,-0.984,0.978,-0.96,-0.987,0.737,0.956,-0.928,-0.97,-0.777,0.998,-0.959,-0.996,-0.984,0.998,0.415,0.997,0.908,-0.999,0.968,0.989,0.897,0.951,0.976,-0.986,-0.941,0.995,-0.996,-0.972,0.963,0.992,-0.967,0.992,0.99,0.969,-0.989,-0.938,0.859,-0.998,0.984,0.956,0.983,0.959,-0.993,0.978,-0.973,0.991,0.995,0.9,-0.99,-0.953,-0.983,0.95,0.768,0.989,-0.945,0.99,-0.994,-0.958,0.986,0.998,0.972,0.98,-0.998,-0.997,-0.991,-0.988,0.758,-0.991,-0.997,-0.772,-0.948,0.968,-0.996,0.982,0.998,-0.986,0.993,0.996,0.962,-0.965,-0.971,-0.992,0.989,-0.971,-0.994,-0.999,-0.953,-0.997,-0.988,-0.995,0.997,-0.992,-0.993,-0.984,-0.924,-0.998,-0.991,9.543,5.775,10.392,10.297,10.312,10.29,10.375,10.312,7.48,6.045,10.403,10.265,7.894,7.811,10.393,10.305,EssenceCatalog/problems/csplib-prob010-SocialGolfers/params/a6f53661fdd27b6055b077da24fcc907.param
0.983,0.968,0.967,-0.95,0.55,-0.916,-0.798,0.802,0.982,-0.859,-0.911,-0.8,0.997,-0.92,-0.992,0.959,0.982,0.879,0.959,0.887,-0.998,0.245,0.985,0.976,0.932,0.938,-0.896,-0.864,0.98,-0.988,-0.829,0.207,0.978,-0.902,0.269,0.947,0.698,-0.954,-0.81,0.719,0.851,0.992,0.599,0.811,0.395,-0.976,0.993,-0.948,0.951,0.994,-0.887,-0.976,-0.959,-0.84,-0.882,0.95,0.966,-0.862,0.982,-0.997,-0.95,0.978,0.993,0.921,0.971,-0.998,-0.88,-0.967,-0.981,0.752,-0.975,-0.993,-0.588,-0.934,0.575,-0.974,0.99,0.994,-0.994,0.942,0.993,0.989,-0.982,-0.872,-0.61,0.893,-0.975,-0.99,-0.999,-0.972,-0.988,-0.894,-0.951,0.978,-0.98,-0.982,-0.957,-0.856,-0.995,-0.152,6.773,5.354,10.364,10.401,10.416,10.377,10.357,10.389,6.237,5.53,10.344,10.403,6.546,6.49,10.404,10.414,EssenceCatalog/problems/csplib-prob010-SocialGolfers/params/a35d22194e50437242f1f618439fd87a.param
0.983,0.967,0.966,-0.952,0.527,-0.916,-0.802,0.806,0.982,-0.852,-0.913,-0.79,0.997,-0.922,-0.992,0.958,0.982,0.874,0.96,0.897,-0.998,0.204,0.988,0.975,0.938,0.942,-0.904,-0.855,0.981,-0.987,-0.838,0.207,0.981,-0.905,0.258,0.951,0.722,-0.954,-0.815,0.695,0.839,0.992,0.622,0.823,0.362,-0.978,0.994,-0.95,0.956,0.994,-0.908,-0.979,-0.962,-0.811,-0.896,0.944,0.97,-0.892,0.984,-0.997,-0.947,0.978,0.994,0.919,0.971,-0.998,-0.884,-0.971,-0.98,0.732,-0.975,-0.993,-0.544,-0.932,0.549,-0.973,0.991,0.995,-0.994,0.942,0.993,0.99,-0.981,-0.874,-0.596,0.899,-0.977,-0.989,-0.999,-0.974,-0.99,-0.897,-0.951,0.98,-0.983,-0.982,-0.956,-0.852,-0.995,-0.195,6.749,5.351,10.369,10.402,10.414,10.381,10.355,10.385,6.219,5.526,10.347,10.405,6.527,6.497,10.408,10.417,EssenceCatalog/problems/csplib-prob010-SocialGolfers/params/847d2296bbface1ebf564605704a63e6.param
0.954,0.965,0.977,-0.956,0.745,-0.865,-0.889,0.873,0.989,-0.841,-0.971,-0.917,0.997,-0.907,-0.994,0.956,0.96,0.955,0.971,0.977,-0.997,-0.093,0.985,0.983,0.925,0.892,-0.954,-0.899,-0.7,-0.982,-0.439,0.884,0.949,-0.83,-0.94,0.903,0.781,-0.938,-0.587,0.672,0.923,0.983,0.728,0.959,0.513,-0.96,0.994,-0.949,0.807,0.988,-0.943,-0.975,-0.95,0.743,-0.965,0.955,0.954,-0.574,0.979,-0.994,-0.872,0.98,0.992,0.272,0.85,-0.992,0.673,-0.936,-0.986,0.865,-0.961,-0.987,-0.832,-0.936,0.733,-0.963,0.988,0.996,-0.991,0.936,0.98,0.992,-0.986,-0.9,0.659,0.822,-0.979,-0.983,-0.998,-0.978,-0.959,-0.868,-0.934,0.923,-0.936,-0.975,-0.624,-0.844,-0.995,-0.064,5.05,4.27,10.316,10.309,10.346,10.331,10.317,10.285,5.086,4.388,10.321,10.297,5.348,4.914,10.299,10.301,EssenceCatalog/problems/csplib-prob010-SocialGolfers/params/166e9f6e80e29600d3d7ae5db8ac5cde.param
0.989,0.985,0.992,-0.984,0.973,-0.961,-0.987,0.772,0.957,-0.932,-0.97,-0.794,0.998,-0.958,-0.996,-0.98,0.998,0.498,0.997,0.934,-0.999,0.967,0.992,0.909,0.943,0.974,-0.986,-0.938,0.995,-0.996,-0.967,0.959,0.993,-0.963,0.991,0.99,0.962,-0.989,-0.938,0.855,-0.997,0.983,0.949,0.985,0.954,-0.994,0.983,-0.975,0.991,0.996,0.894,-0.992,-0.95,-0.982,0.944,0.782,0.99,-0.923,0.992,-0.994,-0.957,0.987,0.998,0.973,0.98,-0.997,-0.996,-0.991,-0.989,0.77,-0.991,-0.998,-0.763,-0.945,0.966,-0.996,0.983,0.999,-0.987,0.994,0.997,0.967,-0.966,-0.973,-0.992,0.987,-0.978,-0.994,-0.999,-0.96,-0.997,-0.988,-0.995,0.998,-0.992,-0.993,-0.983,-0.913,-0.998,-0.99,9.542,5.777,10.409,10.316,10.327,10.307,10.39,10.33,7.486,6.047,10.416,10.283,7.902,7.807,10.409,10.322,EssenceCatalog/problems/csplib-prob010-SocialGolfers/params/f73f875250d6eeaf3bbe303b26557208.param
0.974,0.97,-0.637,-0.993,0.752,-0.936,0.878,0.924,0.975,-0.986,-0.937,-0.947,0.999,-0.976,-0.999,-0.552,0.995,0.539,-0.907,-0.956,-0.999,0.973,0.165,0.968,0.951,0.983,-0.938,-0.986,0.999,-0.996,-0.927,0.961,0.875,-0.991,0.998,0.604,0.987,-0.995,-0.979,0.953,-0.945,0.996,0.883,-0.988,0.983,-0.985,0.953,-0.933,0.906,0.989,0.902,0.476,0.641,-0.992,0.828,0.979,0.957,-0.871,0.963,-0.999,-0.996,0.931,0.988,0.994,0.993,-1.0,-0.967,-0.88,0.813,0.935,-0.955,-0.989,-0.947,-0.862,0.988,-0.683,0.981,0.991,-0.996,0.924,0.996,0.979,-0.99,-0.921,-0.875,0.992,-0.783,-0.997,-0.998,-0.932,-0.977,-0.983,-0.991,0.963,-0.985,-0.997,-0.912,-0.698,-0.999,-0.716,8.227,4.901,7.15,9.332,9.821,9.621,9.839,10.124,6.598,5.27,7.191,9.498,6.98,6.62,7.57,9.42,EssenceCatalog/problems/csplib-prob010-SocialGolfers/params/ord30-5-8-6.param
0.981,0.968,0.966,-0.95,0.519,-0.913,-0.791,0.822,0.984,-0.85,-0.921,-0.809,0.997,-0.921,-0.992,0.969,0.979,0.898,0.958,0.909,-0.998,0.118,0.988,0.978,0.938,0.935,-0.909,-0.866,0.963,-0.987,-0.805,0.294,0.978,-0.897,-0.017,0.945,0.711,-0.954,-0.799,0.686,0.892,0.992,0.608,0.833,0.366,-0.976,0.994,-0.949,0.944,0.994,-0.92,-0.978,-0.96,-0.715,-0.919,0.953,0.965,-0.869,0.984,-0.997,-0.946,0.979,0.993,0.895,0.965,-0.997,-0.802,-0.968,-0.98,0.772,-0.974,-0.993,-0.596,-0.934,0.552,-0.97,0.991,0.994,-0.994,0.936,0.992,0.991,-0.983,-0.874,-0.448,0.889,-0.977,-0.989,-0.999,-0.976,-0.988,-0.885,-0.946,0.975,-0.98,-0.981,-0.945,-0.852,-0.995,-0.064,6.511,5.258,10.377,10.404,10.406,10.389,10.357,10.388,6.08,5.427,10.351,10.408,6.394,6.314,10.403,10.413,EssenceCatalog/problems/csplib-prob010-SocialGolfers/params/d3716ed7d25b921115647e55b82a0c0f.param
0.955,0.972,0.981,-0.963,0.879,-0.853,-0.912,0.902,0.987,-0.919,-0.98,-0.96,0.998,-0.899,-0.996,0.781,0.977,0.961,0.971,0.978,-0.998,0.747,0.974,0.987,0.829,0.888,-0.957,-0.94,-0.854,-0.989,-0.284,0.956,0.924,-0.83,-0.79,0.861,0.809,-0.958,-0.734,0.868,0.619,0.983,0.781,0.964,0.844,-0.965,0.991,-0.953,0.713,0.991,-0.486,-0.973,-0.888,0.255,-0.831,0.971,0.962,0.322,0.981,-0.996,-0.917,0.985,0.995,0.481,0.883,-0.991,0.698,-0.908,-0.984,0.929,-0.974,-0.989,-0.946,-0.941,0.923,-0.978,0.989,0.998,-0.991,0.967,0.987,0.991,-0.988,-0.932,0.275,0.837,-0.976,-0.988,-0.998,-0.98,-0.955,-0.918,-0.965,0.935,-0.9,-0.987,-0.47,-0.839,-0.998,-0.541,5.843,4.364,10.414,10.318,10.337,10.35,10.343,10.346,5.524,4.54,10.42,10.298,5.87,5.154,10.362,10.281,EssenceCatalog/problems/csplib-prob010-SocialGolfers/params/089c8da7fecfe2607631be91d1942a9a.param
0.955,0.96,0.99,-0.974,0.931,-0.877,-0.971,0.89,0.983,-0.924,-0.987,-0.947,0.998,-0.926,-0.997,-0.302,0.99,0.926,0.989,0.989,-0.998,0.869,0.979,0.975,0.884,0.933,-0.976,-0.911,-0.783,-0.99,-0.515,0.982,0.966,-0.889,-0.33,0.929,0.922,-0.968,-0.826,0.857,-0.769,0.971,0.862,0.985,0.906,-0.974,0.989,-0.969,0.873,0.992,-0.356,-0.984,-0.909,0.18,-0.611,0.904,0.977,-0.051,0.978,-0.992,-0.887,0.988,0.997,0.592,0.861,-0.989,0.197,-0.939,-0.989,0.864,-0.979,-0.992,-0.887,-0.94,0.942,-0.989,0.986,0.999,-0.988,0.982,0.988,0.988,-0.984,-0.949,-0.223,0.919,-0.978,-0.986,-0.998,-0.968,-0.978,-0.949,-0.977,0.967,-0.941,-0.989,-0.525,-0.827,-0.998,-0.918,7.223,4.761,10.436,10.285,10.268,10.332,10.286,10.358,6.148,4.953,10.456,10.278,6.535,6.115,10.405,10.288,EssenceCatalog/problems/csplib-prob010-SocialGolfers/params/24ba5db2410c2d9143dcbfd3630ca754.param
0.968,0.97,0.976,-0.954,0.764,-0.873,-0.848,0.867,0.983,-0.91,-0.954,-0.919,0.998,-0.901,-0.994,0.874,0.974,0.939,0.961,0.952,-0.998,0.704,0.971,0.984,0.812,0.88,-0.922,-0.924,0.33,-0.989,-0.528,0.813,0.938,-0.849,-0.275,0.879,0.697,-0.957,-0.764,0.831,0.678,0.987,0.665,0.908,0.76,-0.963,0.988,-0.942,0.801,0.992,-0.466,-0.968,-0.891,-0.576,-0.764,0.968,0.95,0.065,0.978,-0.997,-0.939,0.983,0.994,0.795,0.94,-0.994,-0.101,-0.921,-0.982,0.892,-0.978,-0.989,-0.896,-0.926,0.856,-0.978,0.988,0.996,-0.992,0.961,0.988,0.989,-0.986,-0.899,-0.337,0.838,-0.972,-0.988,-0.998,-0.974,-0.966,-0.894,-0.956,0.955,-0.928,-0.985,-0.816,-0.826,-0.997,-0.348,6.662,4.947,10.423,10.361,10.363,10.349,10.347,10.381,6.095,5.149,10.403,10.348,6.444,5.925,10.383,10.345,EssenceCatalog/problems/csplib-prob010-SocialGolfers/params/6064db4c47fd9de5291bf31451b73701.param
0.965,0.969,0.978,-0.952,0.776,-0.866,-0.865,0.867,0.985,-0.875,-0.961,-0.917,0.997,-0.897,-0.993,0.934,0.967,0.947,0.967,0.968,-0.997,0.344,0.975,0.983,0.873,0.867,-0.933,-0.911,-0.257,-0.986,-0.428,0.848,0.925,-0.827,-0.779,0.885,0.711,-0.941,-0.646,0.77,0.874,0.985,0.647,0.94,0.651,-0.958,0.991,-0.943,0.76,0.99,-0.809,-0.969,-0.925,0.06,-0.912,0.965,0.95,-0.252,0.98,-0.995,-0.913,0.98,0.993,0.588,0.894,-0.992,0.369,-0.917,-0.985,0.883,-0.966,-0.988,-0.865,-0.92,0.803,-0.973,0.988,0.996,-0.991,0.957,0.985,0.991,-0.986,-0.901,0.22,0.808,-0.974,-0.985,-0.998,-0.976,-0.958,-0.887,-0.943,0.944,-0.926,-0.979,-0.731,-0.814,-0.996,-0.158,5.657,4.529,10.374,10.321,10.334,10.343,10.322,10.32,5.474,4.689,10.365,10.312,5.787,5.275,10.342,10.297,EssenceCatalog/problems/csplib-prob010-SocialGolfers/params/125d3cb93400cb1cab423ccbf66f7096.param
0.977,0.97,0.966,-0.947,0.605,-0.901,-0.785,0.844,0.986,-0.855,-0.938,-0.867,0.997,-0.91,-0.992,0.978,0.975,0.934,0.953,0.933,-0.998,0.054,0.982,0.982,0.921,0.91,-0.917,-0.897,0.816,-0.986,-0.68,0.533,0.961,-0.872,-0.541,0.917,0.642,-0.948,-0.708,0.709,0.957,0.991,0.58,0.868,0.411,-0.971,0.994,-0.947,0.888,0.993,-0.911,-0.972,-0.946,-0.42,-0.942,0.968,0.962,-0.754,0.984,-0.997,-0.942,0.977,0.994,0.802,0.947,-0.996,-0.342,-0.95,-0.982,0.843,-0.967,-0.992,-0.742,-0.93,0.647,-0.967,0.991,0.995,-0.994,0.935,0.992,0.992,-0.986,-0.888,-0.018,0.846,-0.979,-0.988,-0.999,-0.978,-0.979,-0.889,-0.946,0.966,-0.966,-0.98,-0.889,-0.829,-0.995,0.177,5.963,4.964,10.364,10.398,10.4,10.396,10.372,10.381,5.751,5.122,10.338,10.397,6.061,5.821,10.364,10.389,EssenceCatalog/problems/csplib-prob010-SocialGolfers/params/732a8d86ee667bc7a9b926b0aa3bd05f.param
0.983,0.968,0.973,-0.954,0.575,-0.912,-0.828,0.808,0.983,-0.841,-0.925,-0.787,0.997,-0.926,-0.991,0.959,0.981,0.889,0.968,0.921,-0.998,0.085,0.987,0.976,0.941,0.937,-0.916,-0.851,0.966,-0.986,-0.819,0.327,0.976,-0.899,0.033,0.95,0.741,-0.951,-0.789,0.682,0.854,0.991,0.589,0.871,0.382,-0.975,0.994,-0.953,0.947,0.994,-0.926,-0.979,-0.964,-0.723,-0.913,0.944,0.967,-0.892,0.984,-0.997,-0.941,0.978,0.994,0.894,0.963,-0.997,-0.836,-0.968,-0.984,0.738,-0.973,-0.993,-0.504,-0.925,0.538,-0.976,0.991,0.995,-0.994,0.947,0.992,0.99,-0.982,-0.871,-0.469,0.895,-0.976,-0.989,-0.999,-0.975,-0.988,-0.894,-0.947,0.979,-0.98,-0.98,-0.948,-0.84,-0.995,-0.189,6.586,5.282,10.404,10.405,10.407,10.391,10.36,10.386,6.114,5.454,10.374,10.407,6.431,6.385,10.426,10.412,EssenceCatalog/problems/csplib-prob010-SocialGolfers/params/e08b402ba400c30c4c4c36fd8171b0ab.param
0.985,0.96,0.988,-0.983,0.869,-0.914,-0.963,0.814,0.964,-0.843,-0.965,-0.668,0.998,-0.945,-0.994,-0.462,0.994,0.594,0.993,0.973,-0.998,0.601,0.995,0.935,0.966,0.963,-0.982,-0.749,0.982,-0.991,-0.93,0.89,0.991,-0.944,0.869,0.983,0.945,-0.971,-0.875,0.63,-0.953,0.98,0.83,0.967,0.768,-0.988,0.99,-0.978,0.984,0.994,-0.843,-0.99,-0.97,-0.554,-0.501,0.577,0.988,-0.981,0.988,-0.991,-0.869,0.982,0.998,0.901,0.951,-0.996,-0.976,-0.986,-0.987,0.361,-0.977,-0.995,-0.028,-0.881,0.786,-0.989,0.988,0.998,-0.99,0.982,0.994,0.987,-0.968,-0.917,-0.815,0.975,-0.98,-0.987,-0.998,-0.966,-0.996,-0.961,-0.981,0.993,-0.993,-0.986,-0.937,-0.785,-0.997,-0.951,8.268,5.516,10.34,10.258,10.248,10.302,10.272,10.279,6.818,5.748,10.322,10.246,7.151,7.455,10.356,10.291,EssenceCatalog/problems/csplib-prob010-SocialGolfers/params/583ff795b991937ff0e1832e4bb9f50f.param
0.977,0.96,0.978,-0.958,0.675,-0.901,-0.875,0.805,0.974,-0.852,-0.933,-0.786,0.997,-0.913,-0.99,0.789,0.982,0.836,0.978,0.952,-0.997,0.441,0.987,0.968,0.913,0.926,-0.931,-0.816,0.932,-0.986,-0.784,0.608,0.972,-0.888,0.337,0.944,0.778,-0.948,-0.784,0.685,0.195,0.984,0.613,0.904,0.583,-0.971,0.989,-0.961,0.936,0.993,-0.842,-0.979,-0.95,-0.692,-0.811,0.896,0.969,-0.812,0.982,-0.995,-0.908,0.98,0.994,0.873,0.947,-0.995,-0.832,-0.959,-0.984,0.673,-0.971,-0.992,-0.497,-0.895,0.68,-0.982,0.986,0.995,-0.99,0.965,0.99,0.987,-0.975,-0.874,-0.623,0.9,-0.973,-0.984,-0.998,-0.966,-0.986,-0.907,-0.957,0.981,-0.974,-0.979,-0.918,-0.772,-0.995,-0.602,7.212,5.356,10.418,10.379,10.396,10.366,10.341,10.381,6.403,5.557,10.389,10.377,6.725,6.724,10.421,10.392,EssenceCatalog/problems/csplib-prob010-SocialGolfers/params/e5d5e69ff1ded7731095209e09f6a793.param
0.971,0.966,0.973,-0.946,0.615,-0.888,-0.83,0.834,0.984,-0.856,-0.94,-0.865,0.997,-0.902,-0.991,0.957,0.971,0.928,0.963,0.949,-0.997,0.243,0.982,0.98,0.898,0.897,-0.913,-0.887,0.698,-0.985,-0.649,0.604,0.959,-0.854,-0.487,0.917,0.658,-0.943,-0.712,0.699,0.887,0.987,0.607,0.897,0.505,-0.964,0.992,-0.945,0.88,0.992,-0.868,-0.974,-0.943,-0.4,-0.913,0.958,0.955,-0.599,0.98,-0.996,-0.925,0.981,0.992,0.782,0.935,-0.995,-0.324,-0.945,-0.984,0.824,-0.971,-0.99,-0.759,-0.924,0.684,-0.972,0.989,0.995,-0.992,0.945,0.988,0.99,-0.984,-0.879,-0.164,0.84,-0.976,-0.986,-0.998,-0.973,-0.975,-0.873,-0.938,0.961,-0.956,-0.978,-0.875,-0.829,-0.995,-0.075,6.143,4.966,10.391,10.378,10.374,10.376,10.341,10.357,5.827,5.134,10.361,10.373,6.149,5.878,10.375,10.368,EssenceCatalog/problems/csplib-prob010-SocialGolfers/params/ba2b698482522050aaf73fd66fdc10f2.param
0.976,0.945,0.985,-0.979,0.763,-0.881,-0.941,0.85,0.977,-0.804,-0.969,-0.763,0.997,-0.941,-0.993,0.386,0.99,0.781,0.987,0.983,-0.998,0.252,0.994,0.96,0.968,0.955,-0.977,-0.721,0.849,-0.987,-0.826,0.88,0.986,-0.924,0.201,0.968,0.922,-0.958,-0.79,0.567,-0.653,0.977,0.772,0.961,0.646,-0.981,0.992,-0.973,0.96,0.993,-0.966,-0.987,-0.969,0.282,-0.917,0.692,0.984,-0.965,0.984,-0.99,-0.832,0.982,0.996,0.74,0.908,-0.995,-0.831,-0.976,-0.986,0.4,-0.965,-0.993,-0.05,-0.862,0.688,-0.982,0.989,0.998,-0.992,0.973,0.99,0.991,-0.975,-0.899,-0.19,0.953,-0.982,-0.983,-0.998,-0.972,-0.992,-0.937,-0.965,0.985,-0.989,-0.982,-0.82,-0.708,-0.996,-0.87,7.072,5.157,10.378,10.284,10.301,10.312,10.232,10.292,6.178,5.363,10.326,10.282,6.499,6.728,10.342,10.307,EssenceCatalog/problems/csplib-prob010-SocialGolfers/params/66e938838e18a90de0c9f4d8fe6642e8.param
0.931,0.971,0.893,-0.965,0.629,-0.877,-0.741,0.927,0.993,-0.852,-0.98,-0.927,0.995,-0.914,-0.996,0.989,0.963,0.975,0.889,0.934,-0.997,-0.674,0.992,0.99,0.959,0.931,-0.977,-0.932,-0.922,-0.981,-0.449,0.926,0.965,-0.873,-0.988,0.824,0.856,-0.942,-0.567,0.683,0.995,0.989,0.794,0.933,0.213,-0.975,0.998,-0.969,0.764,0.989,-0.986,-0.959,-0.904,0.984,-0.992,0.971,0.968,-0.87,0.99,-0.995,-0.887,0.964,0.993,-0.179,0.829,-0.994,0.967,-0.936,-0.961,0.916,-0.939,-0.99,-0.899,-0.945,0.756,-0.834,0.991,0.997,-0.993,0.827,0.988,0.995,-0.99,-0.926,0.967,0.861,-0.988,-0.987,-0.998,-0.987,-0.965,-0.9,-0.959,0.876,-0.961,-0.976,-0.152,-0.882,-0.994,0.645,4.392,3.996,10.02,10.222,10.275,10.237,10.261,10.202,4.702,4.095,10.075,10.198,4.903,4.48,10.068,10.206,EssenceCatalog/problems/csplib-prob010-SocialGolfers/params/4df6c21eba1e2ad4885f8da865b76521.param
0.96,0.973,0.964,-0.955,0.754,-0.881,-0.86,0.886,0.991,-0.823,-0.972,-0.909,0.996,-0.913,-0.994,0.985,0.969,0.961,0.961,0.968,-0.997,-0.508,0.986,0.986,0.944,0.899,-0.958,-0.909,-0.619,-0.981,-0.52,0.861,0.951,-0.843,-0.966,0.903,0.767,-0.939,-0.553,0.665,0.987,0.988,0.724,0.953,0.335,-0.971,0.997,-0.959,0.817,0.99,-0.971,-0.974,-0.952,0.837,-0.981,0.967,0.965,-0.807,0.988,-0.995,-0.897,0.972,0.994,0.238,0.865,-0.995,0.786,-0.94,-0.986,0.897,-0.952,-0.991,-0.833,-0.938,0.699,-0.952,0.991,0.997,-0.993,0.921,0.989,0.994,-0.988,-0.911,0.805,0.823,-0.983,-0.985,-0.998,-0.984,-0.968,-0.902,-0.95,0.934,-0.956,-0.973,-0.658,-0.849,-0.994,0.351,4.777,4.23,10.269,10.329,10.372,10.351,10.348,10.29,4.958,4.342,10.292,10.313,5.195,4.798,10.282,10.32,EssenceCatalog/problems/csplib-prob010-SocialGolfers/params/225ab909161cbf8b80b8d7bda964ac19.param
0.153,0.956,-0.998,-0.987,-0.987,-0.791,0.999,0.988,0.981,-0.963,-0.953,-0.943,0.996,-0.944,-0.999,0.986,0.935,0.986,-0.999,-0.973,-0.998,0.92,0.977,0.992,0.983,0.986,-0.989,-0.976,0.842,-0.992,0.217,0.933,0.872,-0.974,0.801,-0.931,0.978,-0.948,-0.954,0.879,0.974,0.994,-0.124,-0.999,0.627,-0.983,0.987,-0.894,-0.179,0.951,-0.965,0.752,0.989,0.988,-0.99,0.981,0.961,-0.936,0.889,-0.996,-0.972,0.801,0.961,0.945,0.97,-0.998,0.993,-0.695,1.0,0.944,-0.72,-0.965,-0.96,-0.886,0.919,0.998,0.975,0.981,-0.991,-0.911,0.898,0.998,-0.993,-0.969,0.997,0.973,-0.943,-0.993,-0.996,-0.986,-0.889,-0.832,-0.906,-0.613,-0.985,-0.995,0.993,-0.69,-0.997,0.969,3.654,2.951,3.931,9.377,9.96,9.716,10.065,10.378,3.581,3.165,3.924,9.339,4.219,3.651,4.934,9.426,EssenceCatalog/problems/csplib-prob010-SocialGolfers/params/ord14-10-9-3.param
0.97,0.967,0.975,-0.953,0.649,-0.889,-0.856,0.861,0.989,-0.815,-0.959,-0.871,0.997,-0.92,-0.993,0.978,0.969,0.948,0.969,0.967,-0.997,-0.317,0.987,0.982,0.945,0.908,-0.947,-0.885,0.152,-0.982,-0.609,0.74,0.96,-0.855,-0.889,0.926,0.763,-0.942,-0.629,0.617,0.959,0.987,0.636,0.943,0.348,-0.966,0.995,-0.952,0.873,0.991,-0.964,-0.978,-0.962,0.463,-0.97,0.957,0.958,-0.816,0.984,-0.996,-0.904,0.979,0.992,0.56,0.899,-0.995,0.235,-0.951,-0.986,0.835,-0.961,-0.99,-0.7,-0.928,0.609,-0.966,0.991,0.995,-0.993,0.932,0.987,0.993,-0.986,-0.886,0.506,0.85,-0.98,-0.985,-0.998,-0.98,-0.973,-0.877,-0.935,0.952,-0.961,-0.973,-0.82,-0.839,-0.995,0.119,5.246,4.545,10.339,10.357,10.369,10.369,10.33,10.306,5.25,4.672,10.319,10.349,5.52,5.245,10.329,10.349,EssenceCatalog/problems/csplib-prob010-SocialGolfers/params/ab1b2fa47e1d7f725eba11e9de5e3d56.param
0.981,0.969,0.972,-0.955,0.549,-0.91,-0.819,0.827,0.985,-0.834,-0.934,-0.806,0.997,-0.926,-0.991,0.971,0.979,0.905,0.966,0.93,-0.998,-0.034,0.989,0.978,0.946,0.935,-0.923,-0.861,0.941,-0.986,-0.797,0.401,0.976,-0.894,-0.264,0.948,0.745,-0.952,-0.775,0.655,0.902,0.991,0.597,0.879,0.343,-0.974,0.995,-0.952,0.939,0.994,-0.945,-0.98,-0.965,-0.553,-0.94,0.949,0.966,-0.891,0.985,-0.997,-0.938,0.979,0.993,0.861,0.957,-0.997,-0.739,-0.968,-0.983,0.763,-0.971,-0.992,-0.542,-0.931,0.522,-0.972,0.991,0.995,-0.994,0.938,0.991,0.992,-0.984,-0.871,-0.279,0.891,-0.978,-0.988,-0.999,-0.978,-0.987,-0.885,-0.943,0.974,-0.979,-0.979,-0.937,-0.843,-0.995,-0.079,6.297,5.172,10.409,10.405,10.395,10.397,10.358,10.382,5.942,5.333,10.373,10.409,6.263,6.181,10.413,10.409,EssenceCatalog/problems/csplib-prob010-SocialGolfers/params/8f2a258ee368f6a01f531dfbb072157b.param
0.97,0.955,0.988,-0.976,0.892,-0.891,-0.957,0.853,0.975,-0.888,-0.975,-0.859,0.998,-0.93,-0.995,-0.418,0.991,0.807,0.99,0.984,-0.998,0.758,0.987,0.96,0.925,0.943,-0.976,-0.831,0.438,-0.989,-0.728,0.952,0.978,-0.909,0.35,0.952,0.926,-0.964,-0.834,0.745,-0.887,0.971,0.806,0.973,0.848,-0.977,0.986,-0.974,0.936,0.992,-0.669,-0.985,-0.935,-0.166,-0.573,0.772,0.979,-0.791,0.98,-0.991,-0.866,0.985,0.997,0.759,0.905,-0.992,-0.695,-0.962,-0.988,0.702,-0.974,-0.993,-0.575,-0.896,0.878,-0.99,0.985,0.998,-0.987,0.983,0.99,0.986,-0.974,-0.922,-0.523,0.942,-0.977,-0.983,-0.998,-0.961,-0.988,-0.948,-0.976,0.983,-0.973,-0.985,-0.765,-0.74,-0.997,-0.929,7.929,5.277,10.448,10.31,10.31,10.37,10.314,10.375,6.597,5.491,10.432,10.311,6.955,6.995,10.434,10.359,EssenceCatalog/problems/csplib-prob010-SocialGolfers/params/37997f0d820170f69f177ebaba8b3c0a.param
0.822,0.976,-0.869,-0.989,-0.567,-0.87,0.954,0.977,0.989,-0.977,-0.956,-0.983,0.999,-0.897,-0.999,0.432,0.995,0.93,-0.941,-0.682,-0.999,0.967,0.973,0.984,0.925,0.979,-0.945,-0.976,0.929,-0.994,-0.792,0.942,0.99,-0.961,0.934,0.164,0.959,-0.991,-0.961,0.914,0.133,0.994,0.916,-0.969,0.944,-0.993,0.997,-0.97,0.941,0.997,0.543,-0.605,0.724,-0.218,-0.494,0.984,0.992,-0.318,0.992,-0.998,-0.988,0.971,0.997,0.967,0.986,-0.998,0.472,-0.954,0.848,0.951,-0.973,-0.997,-0.972,-0.924,0.979,0.219,0.988,0.999,-0.994,0.667,0.998,0.994,-0.993,-0.954,0.155,0.971,-0.986,-0.995,-0.998,-0.979,-0.994,-0.98,-0.995,0.877,-0.987,-0.996,0.263,-0.47,-0.999,-0.163,6.064,4.101,6.07,9.913,10.336,10.225,10.392,10.521,5.387,4.384,6.164,9.999,5.884,5.294,6.844,9.971,EssenceCatalog/problems/csplib-prob010-SocialGolfers/params/bddcd7f5093baacaef6140848ec127bb.param
0.973,0.976,0.985,-0.962,0.906,-0.895,-0.919,0.884,0.987,-0.94,-0.975,-0.955,0.998,-0.931,-0.996,0.772,0.983,0.962,0.975,0.959,-0.998,0.841,0.945,0.989,0.78,0.879,-0.939,-0.951,-0.2,-0.992,-0.44,0.916,0.9,-0.859,-0.279,0.891,0.788,-0.971,-0.803,0.908,0.516,0.989,0.736,0.947,0.886,-0.966,0.989,-0.95,0.762,0.993,0.011,-0.969,-0.88,-0.718,-0.564,0.979,0.961,0.584,0.981,-0.998,-0.957,0.985,0.996,0.826,0.949,-0.996,0.096,-0.906,-0.988,0.942,-0.984,-0.991,-0.945,-0.95,0.932,-0.988,0.99,0.998,-0.994,0.974,0.991,0.99,-0.988,-0.929,-0.447,0.86,-0.97,-0.992,-0.999,-0.977,-0.958,-0.922,-0.972,0.959,-0.905,-0.991,-0.829,-0.885,-0.998,-0.576,7.021,4.912,10.501,10.34,10.324,10.312,10.345,10.386,6.254,5.124,10.488,10.32,6.649,5.91,10.429,10.309,EssenceCatalog/problems/csplib-prob010-SocialGolfers/params/00f471a26b640d7a2cd65585bd00b169.param
0.982,0.969,0.968,-0.954,0.547,-0.913,-0.801,0.818,0.984,-0.848,-0.924,-0.796,0.997,-0.926,-0.992,0.966,0.981,0.889,0.962,0.911,-0.998,0.086,0.988,0.977,0.941,0.938,-0.913,-0.86,0.968,-0.987,-0.817,0.306,0.977,-0.902,0.036,0.948,0.727,-0.954,-0.797,0.687,0.876,0.992,0.594,0.842,0.37,-0.976,0.994,-0.95,0.946,0.994,-0.927,-0.978,-0.962,-0.727,-0.921,0.948,0.966,-0.891,0.984,-0.997,-0.945,0.978,0.993,0.898,0.966,-0.998,-0.829,-0.969,-0.981,0.754,-0.973,-0.993,-0.545,-0.93,0.545,-0.972,0.991,0.994,-0.995,0.94,0.992,0.991,-0.983,-0.872,-0.467,0.896,-0.977,-0.989,-0.999,-0.976,-0.988,-0.888,-0.947,0.977,-0.981,-0.981,-0.949,-0.845,-0.995,-0.123,6.555,5.278,10.387,10.406,10.411,10.391,10.362,10.391,6.104,5.449,10.36,10.41,6.418,6.361,10.414,10.415,EssenceCatalog/problems/csplib-prob010-SocialGolfers/params/944aae2641e6f50979be0704d797e39a.param
0.976,0.969,0.97,-0.951,0.554,-0.902,-0.81,0.85,0.988,-0.828,-0.946,-0.845,0.997,-0.922,-0.992,0.983,0.971,0.934,0.961,0.946,-0.998,-0.2,0.988,0.982,0.944,0.922,-0.932,-0.883,0.763,-0.984,-0.714,0.546,0.97,-0.875,-0.696,0.934,0.728,-0.949,-0.719,0.635,0.955,0.99,0.614,0.897,0.314,-0.971,0.995,-0.949,0.91,0.992,-0.958,-0.978,-0.961,-0.092,-0.964,0.959,0.961,-0.852,0.984,-0.997,-0.93,0.979,0.993,0.755,0.938,-0.997,-0.331,-0.961,-0.983,0.82,-0.968,-0.991,-0.669,-0.935,0.552,-0.965,0.991,0.995,-0.994,0.925,0.989,0.993,-0.986,-0.879,0.151,0.868,-0.98,-0.987,-0.999,-0.98,-0.981,-0.869,-0.935,0.962,-0.972,-0.977,-0.892,-0.85,-0.995,0.135,5.717,4.882,10.369,10.395,10.383,10.39,10.352,10.355,5.585,5.022,10.332,10.392,5.891,5.706,10.355,10.388,EssenceCatalog/problems/csplib-prob010-SocialGolfers/params/901e4178bd797b31db413085a24f2695.param
0.962,0.964,0.977,-0.951,0.679,-0.87,-0.863,0.855,0.986,-0.845,-0.958,-0.893,0.997,-0.905,-0.992,0.95,0.964,0.942,0.969,0.969,-0.997,0.117,0.983,0.981,0.908,0.888,-0.938,-0.89,-0.092,-0.983,-0.519,0.793,0.95,-0.837,-0.825,0.907,0.731,-0.938,-0.638,0.671,0.888,0.984,0.661,0.94,0.519,-0.96,0.992,-0.946,0.836,0.99,-0.911,-0.975,-0.944,0.3,-0.944,0.954,0.952,-0.556,0.979,-0.995,-0.894,0.981,0.992,0.565,0.892,-0.993,0.28,-0.938,-0.985,0.839,-0.965,-0.988,-0.792,-0.923,0.711,-0.968,0.988,0.995,-0.991,0.943,0.983,0.991,-0.985,-0.887,0.31,0.826,-0.977,-0.984,-0.998,-0.975,-0.966,-0.869,-0.934,0.942,-0.942,-0.976,-0.755,-0.827,-0.995,-0.124,5.493,4.543,10.359,10.334,10.345,10.348,10.31,10.303,5.374,4.683,10.34,10.325,5.668,5.288,10.332,10.318,EssenceCatalog/problems/csplib-prob010-SocialGolfers/params/76303720cc216c826f0353d3d9d348ed.param
0.976,0.965,0.974,-0.951,0.61,-0.896,-0.828,0.82,0.982,-0.852,-0.935,-0.832,0.997,-0.912,-0.991,0.947,0.974,0.905,0.965,0.94,-0.997,0.232,0.983,0.978,0.913,0.912,-0.912,-0.866,0.864,-0.986,-0.707,0.535,0.964,-0.872,-0.233,0.928,0.698,-0.944,-0.743,0.695,0.822,0.988,0.589,0.879,0.491,-0.967,0.991,-0.947,0.905,0.992,-0.885,-0.975,-0.949,-0.56,-0.909,0.947,0.959,-0.742,0.98,-0.996,-0.927,0.98,0.993,0.835,0.946,-0.996,-0.607,-0.952,-0.983,0.778,-0.97,-0.99,-0.666,-0.916,0.646,-0.975,0.989,0.994,-0.993,0.949,0.988,0.99,-0.982,-0.871,-0.33,0.867,-0.974,-0.986,-0.999,-0.972,-0.98,-0.877,-0.939,0.968,-0.966,-0.98,-0.906,-0.818,-0.995,-0.184,6.433,5.133,10.406,10.389,10.393,10.385,10.352,10.378,6.004,5.31,10.372,10.39,6.324,6.163,10.403,10.39,EssenceCatalog/problems/csplib-prob010-SocialGolfers/params/c6c2f252f802766b936392a8f12bc21c.param
0.972,0.968,0.973,-0.949,0.69,-0.88,-0.824,0.849,0.982,-0.887,-0.941,-0.892,0.997,-0.894,-0.992,0.924,0.972,0.927,0.958,0.944,-0.997,0.542,0.976,0.982,0.851,0.884,-0.907,-0.905,0.634,-0.988,-0.588,0.693,0.948,-0.852,-0.271,0.897,0.64,-0.948,-0.733,0.781,0.805,0.988,0.62,0.888,0.65,-0.963,0.989,-0.94,0.84,0.992,-0.688,-0.969,-0.914,-0.599,-0.841,0.963,0.952,-0.286,0.979,-0.996,-0.936,0.981,0.993,0.805,0.941,-0.994,-0.304,-0.932,-0.982,0.858,-0.974,-0.99,-0.845,-0.92,0.791,-0.975,0.988,0.995,-0.992,0.956,0.988,0.989,-0.985,-0.887,-0.324,0.833,-0.973,-0.987,-0.998,-0.972,-0.971,-0.885,-0.948,0.961,-0.944,-0.982,-0.856,-0.815,-0.996,-0.185,6.513,5.021,10.397,10.374,10.379,10.365,10.35,10.378,6.039,5.212,10.372,10.365,6.37,5.991,10.379,10.365,EssenceCatalog/problems/csplib-prob010-SocialGolfers/params/7f8c4a07dea874e133fba0f4abaf6868.param
0.974,0.84,-0.509,-0.977,0.104,-0.873,0.984,0.822,0.99,-0.985,-0.96,-0.866,0.999,-0.974,-0.999,0.914,-0.119,0.935,-0.988,-0.988,-0.997,0.62,-0.986,0.984,0.969,0.938,-0.946,-0.981,0.716,-0.986,0.846,0.971,-0.966,-0.981,0.672,-0.762,0.976,-0.944,-0.882,0.977,-0.2,0.992,-0.817,-0.995,0.957,0.332,-0.787,0.229,-0.969,0.162,-0.692,0.991,0.922,-0.912,-0.936,0.978,-0.576,-0.206,-0.945,-0.998,-0.991,0.87,-0.197,0.76,0.969,-0.998,-0.239,0.823,0.984,0.893,-0.545,0.694,-0.886,-0.756,0.884,0.357,0.979,-0.796,-0.996,-0.078,-0.356,0.994,-0.99,-0.823,0.988,0.975,0.913,-0.996,-0.998,-0.861,0.89,0.258,0.617,-0.591,-0.375,-0.995,0.168,-0.868,-0.997,0.853,2.902,1.946,2.245,5.85,5.3,4.523,5.671,8.411,2.718,2.25,2.267,5.645,3.076,2.45,2.927,5.925,EssenceCatalog/problems/csplib-prob010-SocialGolfers/params/ord22-6-5-5.param
0.953,0.965,0.925,-0.97,0.463,-0.878,-0.783,0.914,0.994,-0.803,-0.977,-0.904,0.996,-0.923,-0.996,0.985,0.971,0.97,0.934,0.951,-0.998,-0.623,0.995,0.987,0.979,0.953,-0.976,-0.912,-0.69,-0.983,-0.617,0.87,0.984,-0.901,-0.979,0.897,0.893,-0.952,-0.633,0.562,0.987,0.989,0.815,0.944,0.116,-0.978,0.998,-0.969,0.891,0.991,-0.992,-0.976,-0.948,0.973,-0.993,0.949,0.976,-0.932,0.99,-0.995,-0.886,0.979,0.993,0.034,0.879,-0.995,0.843,-0.962,-0.968,0.844,-0.955,-0.991,-0.788,-0.942,0.627,-0.869,0.993,0.997,-0.994,0.842,0.987,0.996,-0.989,-0.903,0.945,0.904,-0.988,-0.988,-0.998,-0.988,-0.981,-0.902,-0.953,0.923,-0.976,-0.976,-0.5,-0.864,-0.995,0.448,4.568,4.158,10.165,10.323,10.356,10.329,10.322,10.269,4.826,4.258,10.197,10.305,5.045,4.709,10.193,10.32,EssenceCatalog/problems/csplib-prob010-SocialGolfers/params/08871f5ff5f58d3fcf42a99938acec28.param
0.974,0.955,0.981,-0.963,0.687,-0.886,-0.891,0.819,0.973,-0.846,-0.946,-0.797,0.997,-0.913,-0.991,0.702,0.981,0.833,0.98,0.964,-0.997,0.435,0.988,0.967,0.919,0.924,-0.944,-0.803,0.847,-0.985,-0.749,0.738,0.973,-0.885,0.14,0.942,0.816,-0.946,-0.764,0.648,-0.043,0.98,0.658,0.929,0.611,-0.97,0.988,-0.962,0.928,0.992,-0.877,-0.979,-0.947,-0.424,-0.852,0.87,0.97,-0.815,0.979,-0.993,-0.882,0.981,0.994,0.815,0.929,-0.994,-0.745,-0.958,-0.985,0.63,-0.968,-0.991,-0.479,-0.886,0.698,-0.981,0.986,0.996,-0.989,0.965,0.988,0.988,-0.975,-0.877,-0.463,0.903,-0.974,-0.982,-0.998,-0.965,-0.985,-0.907,-0.955,0.977,-0.973,-0.978,-0.873,-0.741,-0.995,-0.684,7.099,5.249,10.419,10.351,10.362,10.355,10.309,10.357,6.293,5.45,10.382,10.351,6.62,6.631,10.399,10.366,EssenceCatalog/problems/csplib-prob010-SocialGolfers/params/f9dd5127760719e8019633d7e246d7e8.param
0.961,0.968,0.977,-0.95,0.741,-0.865,-0.86,0.863,0.984,-0.887,-0.959,-0.92,0.997,-0.893,-0.993,0.919,0.968,0.945,0.965,0.964,-0.997,0.488,0.974,0.983,0.851,0.875,-0.928,-0.916,-0.189,-0.986,-0.456,0.838,0.935,-0.827,-0.696,0.882,0.697,-0.944,-0.676,0.773,0.831,0.985,0.666,0.933,0.677,-0.958,0.99,-0.946,0.785,0.99,-0.739,-0.969,-0.917,-0.079,-0.885,0.964,0.951,-0.127,0.978,-0.996,-0.917,0.981,0.993,0.639,0.905,-0.992,0.299,-0.918,-0.984,0.88,-0.971,-0.988,-0.876,-0.927,0.817,-0.974,0.988,0.996,-0.991,0.955,0.986,0.99,-0.986,-0.9,0.081,0.813,-0.974,-0.985,-0.998,-0.974,-0.96,-0.884,-0.946,0.945,-0.924,-0.98,-0.73,-0.825,-0.996,-0.218,5.844,4.595,10.382,10.323,10.328,10.338,10.316,10.322,5.59,4.765,10.37,10.313,5.918,5.384,10.34,10.295,EssenceCatalog/problems/csplib-prob010-SocialGolfers/params/2be1d0da5e02ccc5987c37ec757830e0.param
0.965,0.969,0.977,-0.952,0.774,-0.863,-0.856,0.866,0.985,-0.875,-0.959,-0.916,0.997,-0.897,-0.993,0.941,0.968,0.946,0.964,0.965,-0.997,0.333,0.974,0.983,0.869,0.867,-0.928,-0.911,-0.177,-0.986,-0.439,0.839,0.924,-0.83,-0.761,0.884,0.692,-0.942,-0.65,0.771,0.886,0.986,0.644,0.931,0.646,-0.96,0.991,-0.943,0.762,0.991,-0.803,-0.968,-0.923,0.012,-0.914,0.966,0.95,-0.269,0.98,-0.996,-0.916,0.979,0.993,0.612,0.902,-0.993,0.335,-0.915,-0.985,0.884,-0.966,-0.988,-0.867,-0.918,0.803,-0.973,0.989,0.996,-0.992,0.955,0.986,0.991,-0.986,-0.9,0.201,0.807,-0.974,-0.985,-0.998,-0.977,-0.958,-0.888,-0.945,0.944,-0.928,-0.979,-0.745,-0.81,-0.996,-0.127,5.68,4.555,10.369,10.324,10.336,10.344,10.324,10.321,5.497,4.717,10.359,10.315,5.81,5.304,10.338,10.298,EssenceCatalog/problems/csplib-prob010-SocialGolfers/params/23b076e8a3e21c14230e6b2bb8d8e305.param
0.972,0.941,0.984,-0.979,0.766,-0.871,-0.941,0.861,0.979,-0.799,-0.973,-0.799,0.997,-0.94,-0.994,0.44,0.988,0.812,0.987,0.986,-0.998,0.166,0.994,0.961,0.969,0.952,-0.978,-0.728,0.662,-0.986,-0.783,0.907,0.983,-0.917,-0.134,0.963,0.927,-0.956,-0.762,0.551,-0.576,0.974,0.78,0.966,0.641,-0.98,0.993,-0.974,0.952,0.992,-0.974,-0.987,-0.968,0.557,-0.942,0.697,0.983,-0.959,0.983,-0.989,-0.809,0.981,0.996,0.637,0.879,-0.993,-0.694,-0.972,-0.986,0.435,-0.962,-0.992,-0.108,-0.866,0.695,-0.98,0.989,0.998,-0.992,0.971,0.988,0.991,-0.977,-0.902,0.074,0.948,-0.982,-0.982,-0.998,-0.972,-0.991,-0.935,-0.962,0.981,-0.987,-0.982,-0.751,-0.699,-0.996,-0.854,6.687,4.977,10.382,10.283,10.296,10.312,10.229,10.282,5.94,5.173,10.327,10.277,6.263,6.439,10.33,10.293,EssenceCatalog/problems/csplib-prob010-SocialGolfers/params/e40d8ff55e66367a05c56fd56712a09f.param
0.957,0.97,0.978,-0.962,0.872,-0.848,-0.891,0.894,0.988,-0.896,-0.978,-0.952,0.997,-0.9,-0.996,0.876,0.973,0.958,0.966,0.975,-0.997,0.504,0.972,0.987,0.866,0.875,-0.952,-0.928,-0.846,-0.987,-0.245,0.945,0.907,-0.821,-0.873,0.857,0.79,-0.948,-0.654,0.838,0.823,0.984,0.734,0.959,0.773,-0.96,0.992,-0.952,0.682,0.99,-0.714,-0.967,-0.904,0.462,-0.907,0.969,0.959,0.016,0.982,-0.995,-0.907,0.981,0.995,0.381,0.869,-0.991,0.743,-0.896,-0.985,0.917,-0.964,-0.988,-0.924,-0.927,0.892,-0.974,0.989,0.998,-0.992,0.962,0.986,0.992,-0.988,-0.922,0.519,0.819,-0.974,-0.986,-0.998,-0.98,-0.948,-0.911,-0.96,0.932,-0.908,-0.984,-0.469,-0.81,-0.997,-0.358,5.449,4.273,10.356,10.304,10.347,10.344,10.342,10.33,5.31,4.426,10.357,10.289,5.612,4.972,10.323,10.283,EssenceCatalog/problems/csplib-prob010-SocialGolfers/params/fc84ec99d0ebe9fffe06012d98098ccc.param
0.938,0.95,0.981,-0.967,0.813,-0.839,-0.935,0.885,0.987,-0.815,-0.98,-0.927,0.996,-0.911,-0.995,0.856,0.971,0.946,0.979,0.99,-0.996,0.027,0.989,0.978,0.944,0.916,-0.971,-0.866,-0.903,-0.98,-0.364,0.948,0.957,-0.848,-0.951,0.913,0.865,-0.934,-0.553,0.637,0.73,0.973,0.798,0.978,0.61,-0.966,0.994,-0.961,0.827,0.988,-0.961,-0.981,-0.953,0.918,-0.969,0.911,0.971,-0.662,0.98,-0.99,-0.793,0.981,0.993,-0.064,0.762,-0.985,0.774,-0.939,-0.987,0.813,-0.952,-0.987,-0.783,-0.92,0.797,-0.96,0.987,0.998,-0.99,0.954,0.977,0.992,-0.985,-0.913,0.773,0.847,-0.981,-0.978,-0.997,-0.974,-0.966,-0.911,-0.947,0.927,-0.947,-0.976,-0.303,-0.804,-0.995,-0.481,5.079,4.171,10.309,10.281,10.339,10.316,10.299,10.261,5.038,4.292,10.327,10.267,5.294,4.912,10.288,10.269,EssenceCatalog/problems/csplib-prob010-SocialGolfers/params/18823fc893c9e838fa8081d12750e170.param
0.348,0.969,-0.988,-0.986,-0.978,-0.785,0.983,0.981,0.972,-0.938,-0.922,-0.957,0.993,-0.876,-0.998,0.84,0.995,0.948,-0.979,-0.249,-0.998,0.955,0.998,0.983,0.969,0.97,-0.976,-0.951,0.974,-0.991,-0.741,0.678,0.995,-0.967,0.933,-0.387,0.952,-0.962,-0.952,0.692,0.891,0.992,0.741,-0.968,0.383,-0.996,0.998,-0.973,0.913,0.997,-0.921,-0.793,0.887,0.949,-0.982,0.947,0.996,-0.962,0.997,-0.992,-0.967,0.898,0.996,0.96,0.962,-0.995,0.938,-0.956,0.988,0.83,-0.903,-0.997,-0.926,-0.846,0.908,0.968,0.989,0.999,-0.985,-0.097,0.996,0.997,-0.983,-0.969,0.899,0.951,-0.994,-0.984,-0.995,-0.988,-0.995,-0.982,-0.986,0.693,-0.996,-0.992,0.96,-0.319,-0.996,0.669,4.256,3.452,5.097,10.084,10.477,10.474,10.572,10.623,4.212,3.646,5.145,10.092,4.757,4.374,6.081,10.104,EssenceCatalog/problems/csplib-prob010-SocialGolfers/params/254673ac52b9cbea3365cbec6dbea253.param
0.976,0.947,0.983,-0.976,0.715,-0.88,-0.925,0.85,0.98,-0.801,-0.967,-0.773,0.997,-0.941,-0.993,0.635,0.986,0.823,0.984,0.981,-0.998,0.074,0.994,0.963,0.968,0.951,-0.975,-0.729,0.816,-0.985,-0.817,0.853,0.983,-0.92,-0.093,0.962,0.911,-0.954,-0.758,0.516,-0.356,0.979,0.736,0.958,0.574,-0.978,0.992,-0.969,0.954,0.992,-0.976,-0.986,-0.969,0.401,-0.944,0.753,0.98,-0.962,0.983,-0.991,-0.832,0.982,0.996,0.716,0.904,-0.995,-0.751,-0.974,-0.986,0.441,-0.963,-0.992,-0.071,-0.875,0.625,-0.979,0.989,0.997,-0.992,0.964,0.987,0.992,-0.978,-0.887,0.002,0.946,-0.981,-0.983,-0.998,-0.973,-0.991,-0.919,-0.957,0.981,-0.987,-0.98,-0.823,-0.728,-0.996,-0.795,6.635,5.041,10.387,10.3,10.314,10.315,10.239,10.29,5.956,5.235,10.327,10.297,6.276,6.449,10.34,10.308,EssenceCatalog/problems/csplib-prob010-SocialGolfers/params/262fa177152cb3e59c151aac6a8b8119.param
0.972,0.971,0.987,-0.96,0.924,-0.879,-0.928,0.874,0.986,-0.917,-0.977,-0.947,0.998,-0.925,-0.995,0.798,0.979,0.958,0.977,0.97,-0.998,0.701,0.931,0.987,0.82,0.86,-0.946,-0.934,-0.634,-0.99,-0.262,0.944,0.838,-0.833,-0.652,0.878,0.806,-0.956,-0.697,0.883,0.597,0.986,0.667,0.956,0.865,-0.959,0.987,-0.95,0.665,0.991,-0.396,-0.963,-0.903,-0.348,-0.779,0.971,0.954,0.319,0.978,-0.996,-0.935,0.982,0.995,0.666,0.911,-0.993,0.435,-0.87,-0.989,0.928,-0.971,-0.988,-0.922,-0.929,0.919,-0.988,0.988,0.997,-0.992,0.975,0.987,0.991,-0.987,-0.923,-0.051,0.839,-0.964,-0.989,-0.998,-0.974,-0.937,-0.919,-0.961,0.95,-0.885,-0.987,-0.746,-0.843,-0.998,-0.556,6.269,4.584,10.445,10.277,10.288,10.299,10.316,10.342,5.785,4.779,10.446,10.265,6.152,5.444,10.392,10.24,EssenceCatalog/problems/csplib-prob010-SocialGolfers/params/d6a844cbf1fd19c1b8da0406eaaa081e.param
0.979,0.961,0.977,-0.956,0.618,-0.903,-0.861,0.809,0.978,-0.837,-0.933,-0.786,0.997,-0.918,-0.99,0.91,0.979,0.861,0.974,0.948,-0.998,0.241,0.988,0.972,0.929,0.929,-0.927,-0.82,0.935,-0.986,-0.786,0.509,0.973,-0.889,0.086,0.947,0.763,-0.946,-0.775,0.662,0.594,0.987,0.608,0.894,0.474,-0.972,0.991,-0.957,0.935,0.993,-0.914,-0.981,-0.96,-0.626,-0.897,0.915,0.967,-0.858,0.982,-0.995,-0.914,0.979,0.993,0.863,0.948,-0.996,-0.802,-0.963,-0.984,0.69,-0.97,-0.991,-0.479,-0.91,0.593,-0.978,0.988,0.995,-0.992,0.956,0.99,0.989,-0.979,-0.872,-0.499,0.894,-0.975,-0.985,-0.999,-0.97,-0.986,-0.894,-0.946,0.977,-0.976,-0.979,-0.924,-0.799,-0.995,-0.431,6.777,5.276,10.42,10.39,10.396,10.379,10.344,10.373,6.186,5.459,10.384,10.391,6.504,6.48,10.425,10.399,EssenceCatalog/problems/csplib-prob010-SocialGolfers/params/f344fa1f8ffb43b04caaea4e767c1b57.param
0.952,0.96,0.978,-0.956,0.721,-0.854,-0.893,0.87,0.985,-0.841,-0.967,-0.906,0.997,-0.901,-0.993,0.914,0.964,0.941,0.974,0.98,-0.997,0.171,0.987,0.98,0.913,0.893,-0.95,-0.878,-0.535,-0.982,-0.461,0.875,0.955,-0.829,-0.875,0.908,0.777,-0.935,-0.612,0.66,0.8,0.979,0.725,0.958,0.565,-0.96,0.992,-0.95,0.831,0.989,-0.918,-0.979,-0.944,0.61,-0.948,0.938,0.959,-0.512,0.978,-0.993,-0.86,0.982,0.992,0.388,0.851,-0.99,0.484,-0.94,-0.985,0.825,-0.963,-0.987,-0.799,-0.921,0.745,-0.966,0.987,0.996,-0.99,0.946,0.98,0.991,-0.984,-0.898,0.461,0.827,-0.979,-0.98,-0.998,-0.975,-0.965,-0.878,-0.937,0.936,-0.94,-0.976,-0.621,-0.813,-0.995,-0.318,5.355,4.385,10.353,10.314,10.336,10.332,10.298,10.282,5.246,4.514,10.343,10.297,5.531,5.125,10.323,10.295,EssenceCatalog/problems/csplib-prob010-SocialGolfers/params/0d14aa69838f7281a2304f6ce644ae16.param
0.977,0.969,0.969,-0.95,0.546,-0.905,-0.802,0.84,0.986,-0.839,-0.938,-0.837,0.997,-0.919,-0.992,0.978,0.973,0.925,0.96,0.935,-0.998,-0.04,0.987,0.981,0.936,0.922,-0.922,-0.881,0.864,-0.985,-0.732,0.478,0.971,-0.88,-0.5,0.934,0.709,-0.95,-0.746,0.662,0.938,0.991,0.603,0.876,0.356,-0.971,0.994,-0.948,0.918,0.993,-0.939,-0.978,-0.958,-0.384,-0.948,0.959,0.962,-0.831,0.984,-0.997,-0.936,0.979,0.993,0.818,0.948,-0.997,-0.515,-0.962,-0.982,0.812,-0.97,-0.991,-0.668,-0.933,0.573,-0.967,0.991,0.995,-0.994,0.931,0.989,0.992,-0.985,-0.876,-0.092,0.872,-0.979,-0.988,-0.999,-0.978,-0.983,-0.873,-0.937,0.966,-0.973,-0.979,-0.91,-0.848,-0.995,0.072,6.025,5.027,10.385,10.403,10.392,10.396,10.36,10.376,5.781,5.18,10.352,10.403,6.098,5.932,10.381,10.399,EssenceCatalog/problems/csplib-prob010-SocialGolfers/params/695ab9a28e561b774abe42c393846893.param
0.969,0.976,0.992,-0.975,0.969,-0.905,-0.976,0.912,0.99,-0.955,-0.99,-0.977,0.999,-0.949,-0.998,0.003,0.99,0.968,0.988,0.982,-0.999,0.938,0.947,0.988,0.817,0.923,-0.976,-0.964,-0.859,-0.994,-0.407,0.987,0.931,-0.901,-0.305,0.916,0.926,-0.982,-0.871,0.944,-0.592,0.986,0.872,0.984,0.955,-0.976,0.99,-0.963,0.81,0.992,0.378,-0.979,-0.875,-0.511,-0.246,0.972,0.973,0.72,0.982,-0.997,-0.954,0.99,0.997,0.739,0.921,-0.995,0.36,-0.92,-0.991,0.955,-0.988,-0.992,-0.968,-0.968,0.975,-0.992,0.99,0.999,-0.993,0.984,0.991,0.99,-0.99,-0.963,-0.471,0.922,-0.974,-0.994,-0.999,-0.98,-0.967,-0.956,-0.982,0.963,-0.906,-0.995,-0.687,-0.918,-0.999,-0.892,7.627,4.858,10.437,10.226,10.191,10.215,10.242,10.321,6.426,5.065,10.461,10.223,6.864,6.093,10.375,10.206,EssenceCatalog/problems/csplib-prob010-SocialGolfers/params/01f21e040ec1b1ecf88a83115761c23a.param
0.981,0.967,0.973,-0.953,0.571,-0.909,-0.836,0.817,0.982,-0.836,-0.925,-0.789,0.997,-0.923,-0.991,0.951,0.981,0.889,0.969,0.933,-0.998,0.116,0.989,0.975,0.935,0.933,-0.919,-0.842,0.96,-0.986,-0.81,0.362,0.977,-0.894,-0.0,0.95,0.733,-0.949,-0.778,0.666,0.836,0.99,0.602,0.886,0.375,-0.975,0.994,-0.953,0.946,0.994,-0.92,-0.981,-0.963,-0.677,-0.908,0.939,0.969,-0.88,0.986,-0.996,-0.934,0.979,0.994,0.887,0.959,-0.997,-0.811,-0.969,-0.984,0.727,-0.973,-0.993,-0.504,-0.92,0.549,-0.976,0.99,0.995,-0.994,0.949,0.992,0.99,-0.981,-0.873,-0.477,0.89,-0.979,-0.988,-0.999,-0.975,-0.988,-0.9,-0.95,0.979,-0.979,-0.979,-0.941,-0.829,-0.994,-0.231,6.584,5.268,10.408,10.399,10.399,10.386,10.35,10.371,6.104,5.439,10.374,10.4,6.422,6.374,10.423,10.405,EssenceCatalog/problems/csplib-prob010-SocialGolfers/params/f7e500426340b7795a46ea6da0d75591.param
0.984,0.969,0.967,-0.953,0.545,-0.918,-0.806,0.807,0.982,-0.856,-0.912,-0.785,0.997,-0.925,-0.992,0.953,0.983,0.866,0.961,0.89,-0.998,0.233,0.988,0.975,0.94,0.944,-0.906,-0.856,0.984,-0.988,-0.849,0.207,0.982,-0.909,0.329,0.953,0.734,-0.956,-0.826,0.702,0.811,0.992,0.62,0.822,0.386,-0.978,0.994,-0.95,0.958,0.994,-0.901,-0.979,-0.962,-0.834,-0.881,0.943,0.969,-0.894,0.984,-0.997,-0.949,0.978,0.994,0.925,0.972,-0.998,-0.9,-0.972,-0.98,0.731,-0.977,-0.993,-0.535,-0.933,0.555,-0.973,0.991,0.994,-0.994,0.944,0.993,0.989,-0.982,-0.871,-0.637,0.905,-0.976,-0.989,-0.999,-0.974,-0.99,-0.898,-0.953,0.981,-0.983,-0.983,-0.96,-0.856,-0.995,-0.233,6.836,5.381,10.381,10.415,10.43,10.392,10.37,10.401,6.27,5.559,10.361,10.418,6.578,6.556,10.423,10.431,EssenceCatalog/problems/csplib-prob010-SocialGolfers/params/23714b811957d071e4e9cfb7b3ec1c58.param
0.971,0.967,0.973,-0.947,0.667,-0.886,-0.836,0.841,0.98,-0.884,-0.937,-0.879,0.997,-0.895,-0.991,0.901,0.973,0.919,0.963,0.945,-0.997,0.575,0.98,0.979,0.85,0.89,-0.909,-0.896,0.716,-0.987,-0.634,0.666,0.957,-0.851,-0.154,0.905,0.646,-0.947,-0.743,0.762,0.74,0.987,0.629,0.898,0.638,-0.964,0.989,-0.944,0.868,0.992,-0.672,-0.973,-0.917,-0.642,-0.807,0.958,0.954,-0.295,0.98,-0.996,-0.932,0.982,0.993,0.821,0.942,-0.994,-0.422,-0.939,-0.983,0.84,-0.976,-0.99,-0.819,-0.92,0.772,-0.976,0.987,0.995,-0.991,0.957,0.989,0.988,-0.983,-0.886,-0.446,0.84,-0.975,-0.986,-0.998,-0.97,-0.975,-0.89,-0.951,0.966,-0.947,-0.982,-0.87,-0.819,-0.995,-0.282,6.702,5.106,10.408,10.373,10.372,10.36,10.338,10.372,6.143,5.297,10.38,10.364,6.479,6.142,10.387,10.371,EssenceCatalog/problems/csplib-prob010-SocialGolfers/params/79e19902e87ce4875c69f897f13b1c8c.param
0.982,0.969,0.972,-0.954,0.553,-0.91,-0.817,0.82,0.984,-0.836,-0.929,-0.796,0.997,-0.925,-0.991,0.965,0.98,0.897,0.965,0.923,-0.998,0.025,0.988,0.977,0.943,0.937,-0.918,-0.854,0.957,-0.986,-0.81,0.347,0.977,-0.896,-0.1,0.949,0.743,-0.951,-0.785,0.667,0.884,0.991,0.6,0.869,0.349,-0.975,0.995,-0.953,0.946,0.994,-0.935,-0.98,-0.965,-0.644,-0.928,0.945,0.968,-0.896,0.985,-0.997,-0.94,0.978,0.994,0.882,0.961,-0.997,-0.797,-0.969,-0.983,0.749,-0.972,-0.993,-0.525,-0.927,0.534,-0.974,0.991,0.995,-0.994,0.942,0.992,0.991,-0.983,-0.87,-0.38,0.893,-0.978,-0.988,-0.999,-0.976,-0.988,-0.891,-0.947,0.977,-0.981,-0.98,-0.941,-0.839,-0.995,-0.128,6.441,5.231,10.401,10.402,10.4,10.392,10.357,10.381,6.03,5.399,10.368,10.406,6.347,6.287,10.417,10.408,EssenceCatalog/problems/csplib-prob010-SocialGolfers/params/006621baf634946c7cc2fa2d08c62eee.param
0.965,0.971,0.974,-0.953,0.79,-0.868,-0.836,0.88,0.986,-0.892,-0.962,-0.926,0.997,-0.903,-0.994,0.933,0.972,0.953,0.958,0.96,-0.997,0.468,0.971,0.986,0.851,0.863,-0.931,-0.924,-0.239,-0.988,-0.386,0.859,0.915,-0.832,-0.728,0.863,0.713,-0.948,-0.682,0.809,0.889,0.987,0.633,0.925,0.702,-0.961,0.991,-0.946,0.727,0.992,-0.71,-0.966,-0.903,-0.069,-0.896,0.972,0.952,-0.101,0.982,-0.996,-0.928,0.98,0.994,0.661,0.91,-0.993,0.439,-0.906,-0.983,0.905,-0.968,-0.989,-0.894,-0.919,0.844,-0.973,0.989,0.997,-0.992,0.958,0.988,0.992,-0.987,-0.906,0.18,0.809,-0.975,-0.987,-0.998,-0.979,-0.957,-0.899,-0.953,0.943,-0.922,-0.982,-0.714,-0.814,-0.996,-0.142,5.745,4.537,10.364,10.323,10.346,10.352,10.34,10.337,5.541,4.71,10.358,10.317,5.858,5.284,10.335,10.297,EssenceCatalog/problems/csplib-prob010-SocialGolfers/params/38c974144705c1a4f08e71e1e6937288.param
0.237,0.976,-0.998,-0.992,-0.971,-0.842,0.998,0.99,0.984,-0.972,-0.967,-0.961,0.997,-0.944,-0.999,0.955,0.989,0.985,-0.999,-0.936,-0.999,0.956,0.983,0.993,0.984,0.986,-0.99,-0.981,0.89,-0.995,0.065,0.952,0.918,-0.976,0.906,-0.9,0.983,-0.963,-0.956,0.916,0.955,0.996,0.248,-0.998,0.829,-0.993,0.994,-0.967,0.183,0.988,-0.909,0.391,0.989,0.974,-0.979,0.98,0.988,-0.943,0.981,-0.997,-0.979,0.842,0.989,0.969,0.973,-0.997,0.992,-0.763,0.999,0.951,-0.753,-0.989,-0.968,-0.821,0.959,0.995,0.982,0.997,-0.994,-0.598,0.986,0.998,-0.995,-0.98,0.99,0.976,-0.973,-0.996,-0.997,-0.991,-0.953,-0.961,-0.972,-0.096,-0.991,-0.997,0.993,-0.503,-0.998,0.931,3.938,3.126,4.3,9.712,10.305,10.122,10.392,10.63,3.849,3.365,4.331,9.688,4.472,3.918,5.33,9.756,EssenceCatalog/problems/csplib-prob010-SocialGolfers/params/d0c7e3cc520ed892d61aba7cb60026b2.param
0.966,0.969,0.97,-0.957,0.671,-0.896,-0.864,0.879,0.992,-0.809,-0.97,-0.889,0.997,-0.925,-0.994,0.986,0.963,0.958,0.967,0.968,-0.997,-0.572,0.989,0.985,0.961,0.92,-0.962,-0.901,-0.403,-0.981,-0.584,0.823,0.964,-0.857,-0.962,0.925,0.819,-0.944,-0.601,0.613,0.98,0.988,0.705,0.953,0.27,-0.968,0.997,-0.955,0.86,0.99,-0.983,-0.977,-0.965,0.814,-0.984,0.959,0.959,-0.863,0.985,-0.996,-0.897,0.977,0.992,0.295,0.874,-0.995,0.611,-0.955,-0.985,0.87,-0.958,-0.99,-0.751,-0.944,0.597,-0.953,0.991,0.996,-0.994,0.912,0.985,0.994,-0.988,-0.897,0.783,0.86,-0.982,-0.986,-0.998,-0.983,-0.971,-0.874,-0.935,0.933,-0.963,-0.972,-0.753,-0.866,-0.994,0.302,4.84,4.314,10.29,10.342,10.369,10.355,10.339,10.293,4.995,4.423,10.299,10.329,5.239,4.912,10.297,10.337,EssenceCatalog/problems/csplib-prob010-SocialGolfers/params/59aeba69de76c00781c110cb6908ec96.param
0.96,0.976,0.985,-0.968,0.878,-0.883,-0.936,0.909,0.986,-0.944,-0.98,-0.96,0.998,-0.92,-0.997,0.507,0.984,0.96,0.979,0.978,-0.998,0.904,0.981,0.988,0.789,0.906,-0.961,-0.95,-0.556,-0.992,-0.479,0.955,0.955,-0.871,-0.299,0.891,0.848,-0.973,-0.844,0.898,-0.023,0.985,0.832,0.968,0.897,-0.974,0.99,-0.957,0.827,0.993,-0.025,-0.981,-0.864,-0.37,-0.53,0.97,0.966,0.559,0.983,-0.997,-0.939,0.989,0.996,0.762,0.925,-0.994,0.303,-0.937,-0.985,0.931,-0.986,-0.992,-0.953,-0.957,0.94,-0.983,0.989,0.998,-0.992,0.973,0.989,0.99,-0.988,-0.94,-0.377,0.881,-0.981,-0.991,-0.998,-0.98,-0.972,-0.93,-0.974,0.954,-0.918,-0.991,-0.679,-0.88,-0.998,-0.737,7.108,4.814,10.478,10.339,10.311,10.327,10.328,10.382,6.23,5.019,10.489,10.321,6.625,5.92,10.421,10.311,EssenceCatalog/problems/csplib-prob010-SocialGolfers/params/9485de5d90e13572633ed46dfdef5978.param
0.241,0.955,-0.998,-0.977,-0.99,-0.762,0.998,0.982,0.975,-0.946,-0.89,-0.94,0.991,-0.902,-0.997,0.976,0.984,0.975,-0.998,-0.929,-0.996,0.891,0.993,0.991,0.964,0.971,-0.979,-0.968,0.959,-0.989,-0.73,0.649,0.981,-0.965,0.89,-0.843,0.93,-0.95,-0.957,0.637,0.988,0.995,0.345,-0.996,0.287,-0.991,0.997,-0.965,0.732,0.989,-0.958,0.101,0.976,0.983,-0.989,0.98,0.987,-0.965,0.988,-0.994,-0.973,0.755,0.992,0.96,0.973,-0.997,0.982,-0.878,0.997,0.892,-0.843,-0.992,-0.947,-0.865,0.888,0.993,0.985,0.996,-0.986,-0.881,0.99,0.997,-0.986,-0.943,0.982,0.954,-0.983,-0.984,-0.993,-0.987,-0.978,-0.941,-0.977,0.164,-0.992,-0.987,0.981,-0.623,-0.995,0.959,3.883,3.239,4.414,9.782,10.236,10.147,10.352,10.497,3.871,3.431,4.413,9.784,4.477,4.015,5.396,9.801,EssenceCatalog/problems/csplib-prob010-SocialGolfers/params/f4d7e104cc8bcfb99348f47ca4190fdf.param
0.977,0.945,0.984,-0.979,0.767,-0.88,-0.933,0.854,0.979,-0.806,-0.971,-0.782,0.997,-0.942,-0.994,0.526,0.989,0.804,0.985,0.983,-0.998,0.142,0.993,0.963,0.971,0.954,-0.977,-0.727,0.792,-0.987,-0.801,0.888,0.982,-0.921,0.0,0.963,0.925,-0.955,-0.773,0.57,-0.517,0.978,0.745,0.957,0.637,-0.98,0.992,-0.973,0.952,0.993,-0.974,-0.985,-0.967,0.408,-0.942,0.719,0.982,-0.966,0.983,-0.991,-0.83,0.98,0.996,0.701,0.898,-0.995,-0.762,-0.972,-0.985,0.442,-0.961,-0.992,-0.071,-0.86,0.682,-0.981,0.989,0.998,-0.993,0.971,0.989,0.992,-0.977,-0.896,0.001,0.952,-0.98,-0.983,-0.998,-0.973,-0.991,-0.934,-0.961,0.983,-0.988,-0.983,-0.791,-0.694,-0.996,-0.834,6.782,5.058,10.391,10.304,10.326,10.328,10.254,10.309,6.026,5.26,10.336,10.302,6.344,6.533,10.348,10.317,EssenceCatalog/problems/csplib-prob010-SocialGolfers/params/7482b3fb54ebd72f9ccb3e9b21b4ac87.param
0.958,0.975,0.986,-0.969,0.911,-0.874,-0.945,0.912,0.987,-0.934,-0.984,-0.965,0.998,-0.919,-0.997,0.539,0.984,0.963,0.98,0.983,-0.998,0.869,0.978,0.987,0.823,0.901,-0.967,-0.947,-0.839,-0.991,-0.351,0.972,0.937,-0.854,-0.621,0.882,0.866,-0.969,-0.806,0.9,0.142,0.983,0.826,0.975,0.894,-0.973,0.991,-0.958,0.778,0.992,-0.223,-0.98,-0.88,0.028,-0.69,0.969,0.968,0.493,0.983,-0.996,-0.927,0.988,0.996,0.618,0.891,-0.993,0.617,-0.923,-0.986,0.935,-0.981,-0.991,-0.954,-0.954,0.947,-0.983,0.989,0.999,-0.991,0.975,0.989,0.991,-0.989,-0.946,-0.052,0.873,-0.98,-0.99,-0.998,-0.98,-0.965,-0.935,-0.972,0.948,-0.904,-0.99,-0.538,-0.867,-0.998,-0.737,6.514,4.547,10.47,10.336,10.328,10.357,10.342,10.376,5.871,4.74,10.486,10.317,6.249,5.52,10.418,10.302,EssenceCatalog/problems/csplib-prob010-SocialGolfers/params/02cc660730808145e7245df4c8f0a6c7.param
0.976,0.969,0.972,-0.954,0.553,-0.902,-0.82,0.851,0.988,-0.818,-0.947,-0.834,0.997,-0.926,-0.992,0.979,0.973,0.93,0.965,0.949,-0.998,-0.244,0.989,0.981,0.951,0.927,-0.938,-0.873,0.767,-0.984,-0.729,0.574,0.973,-0.88,-0.707,0.939,0.765,-0.948,-0.716,0.612,0.946,0.99,0.608,0.909,0.298,-0.971,0.995,-0.953,0.919,0.993,-0.966,-0.979,-0.964,-0.004,-0.966,0.952,0.964,-0.88,0.985,-0.996,-0.924,0.98,0.993,0.743,0.934,-0.997,-0.357,-0.964,-0.983,0.798,-0.966,-0.991,-0.604,-0.93,0.522,-0.965,0.991,0.995,-0.994,0.927,0.989,0.993,-0.985,-0.878,0.197,0.879,-0.98,-0.986,-0.999,-0.981,-0.983,-0.875,-0.937,0.965,-0.975,-0.976,-0.89,-0.842,-0.995,0.069,5.692,4.874,10.376,10.394,10.382,10.39,10.349,10.349,5.561,5.013,10.332,10.391,5.866,5.71,10.357,10.389,EssenceCatalog/problems/csplib-prob010-SocialGolfers/params/d9aa08adefa1faff8c9442c9e4e2df71.param
0.983,0.966,0.975,-0.956,0.598,-0.913,-0.85,0.8,0.979,-0.835,-0.922,-0.762,0.997,-0.928,-0.991,0.934,0.984,0.86,0.973,0.927,-0.998,0.16,0.989,0.972,0.941,0.941,-0.922,-0.826,0.977,-0.987,-0.842,0.329,0.979,-0.906,0.249,0.957,0.764,-0.95,-0.799,0.672,0.724,0.99,0.611,0.88,0.4,-0.977,0.993,-0.955,0.956,0.994,-0.92,-0.982,-0.966,-0.764,-0.89,0.926,0.971,-0.912,0.985,-0.996,-0.934,0.978,0.994,0.909,0.964,-0.997,-0.89,-0.972,-0.984,0.68,-0.973,-0.993,-0.416,-0.918,0.534,-0.979,0.99,0.995,-0.994,0.953,0.992,0.99,-0.98,-0.871,-0.596,0.906,-0.976,-0.988,-0.999,-0.973,-0.99,-0.906,-0.952,0.982,-0.983,-0.981,-0.953,-0.832,-0.995,-0.374,6.822,5.354,10.409,10.4,10.408,10.382,10.354,10.376,6.238,5.533,10.379,10.401,6.551,6.563,10.435,10.41,EssenceCatalog/problems/csplib-prob010-SocialGolfers/params/45d53ed6ab18fc668c59a3885c912aeb.param
0.95,0.968,0.982,-0.962,0.881,-0.851,-0.923,0.899,0.987,-0.909,-0.982,-0.961,0.997,-0.896,-0.996,0.787,0.976,0.961,0.974,0.982,-0.997,0.675,0.976,0.987,0.848,0.895,-0.959,-0.934,-0.919,-0.987,-0.261,0.96,0.932,-0.823,-0.867,0.868,0.808,-0.951,-0.681,0.848,0.658,0.981,0.801,0.972,0.823,-0.962,0.992,-0.957,0.724,0.99,-0.626,-0.974,-0.902,0.507,-0.879,0.966,0.964,0.238,0.981,-0.995,-0.896,0.984,0.995,0.325,0.849,-0.989,0.769,-0.903,-0.986,0.922,-0.97,-0.988,-0.94,-0.94,0.913,-0.977,0.989,0.998,-0.99,0.968,0.986,0.991,-0.987,-0.933,0.429,0.822,-0.976,-0.986,-0.998,-0.978,-0.952,-0.922,-0.964,0.929,-0.903,-0.984,-0.399,-0.843,-0.997,-0.557,5.626,4.277,10.395,10.313,10.34,10.349,10.338,10.336,5.388,4.437,10.4,10.293,5.715,5.034,10.343,10.289,EssenceCatalog/problems/csplib-prob010-SocialGolfers/params/f2fecf0f368b4b05477d41226b6132e8.param
0.985,0.96,0.988,-0.983,0.874,-0.912,-0.961,0.813,0.965,-0.848,-0.964,-0.674,0.998,-0.944,-0.994,-0.496,0.994,0.606,0.992,0.974,-0.998,0.627,0.995,0.938,0.962,0.96,-0.982,-0.754,0.979,-0.991,-0.921,0.89,0.99,-0.944,0.867,0.981,0.94,-0.97,-0.871,0.647,-0.951,0.98,0.825,0.966,0.781,-0.987,0.989,-0.977,0.982,0.994,-0.811,-0.99,-0.968,-0.57,-0.468,0.589,0.988,-0.976,0.988,-0.991,-0.874,0.982,0.997,0.899,0.952,-0.996,-0.973,-0.985,-0.986,0.378,-0.977,-0.995,-0.066,-0.871,0.803,-0.99,0.988,0.998,-0.99,0.983,0.994,0.986,-0.969,-0.918,-0.811,0.973,-0.98,-0.987,-0.998,-0.966,-0.995,-0.96,-0.982,0.993,-0.992,-0.987,-0.931,-0.774,-0.997,-0.951,8.3,5.517,10.338,10.255,10.248,10.301,10.274,10.28,6.834,5.751,10.32,10.244,7.168,7.458,10.355,10.289,EssenceCatalog/problems/csplib-prob010-SocialGolfers/params/b856e10e853ddb47535cc72ed5edafd9.param
0.966,0.973,0.981,-0.96,0.905,-0.869,-0.898,0.887,0.987,-0.909,-0.977,-0.951,0.998,-0.915,-0.996,0.878,0.977,0.962,0.968,0.968,-0.998,0.608,0.948,0.988,0.836,0.861,-0.944,-0.937,-0.746,-0.989,-0.234,0.938,0.859,-0.822,-0.794,0.86,0.788,-0.954,-0.682,0.871,0.814,0.987,0.684,0.949,0.829,-0.96,0.991,-0.951,0.645,0.991,-0.548,-0.963,-0.901,-0.009,-0.86,0.975,0.958,0.206,0.981,-0.996,-0.93,0.98,0.995,0.579,0.903,-0.993,0.639,-0.877,-0.987,0.932,-0.968,-0.989,-0.931,-0.929,0.909,-0.982,0.989,0.997,-0.992,0.969,0.988,0.992,-0.988,-0.921,0.246,0.825,-0.969,-0.989,-0.998,-0.978,-0.942,-0.917,-0.961,0.941,-0.894,-0.986,-0.656,-0.833,-0.998,-0.393,5.783,4.413,10.41,10.298,10.325,10.335,10.346,10.345,5.521,4.589,10.413,10.287,5.86,5.151,10.367,10.263,EssenceCatalog/problems/csplib-prob010-SocialGolfers/params/6190d1a9637be20936d251aa7ed68ff3.param
0.96,0.97,0.972,-0.956,0.706,-0.887,-0.875,0.88,0.992,-0.817,-0.972,-0.904,0.997,-0.919,-0.994,0.985,0.959,0.962,0.968,0.971,-0.997,-0.51,0.988,0.986,0.951,0.908,-0.96,-0.908,-0.633,-0.981,-0.529,0.853,0.959,-0.848,-0.969,0.917,0.803,-0.943,-0.586,0.636,0.979,0.987,0.727,0.956,0.325,-0.966,0.996,-0.953,0.838,0.989,-0.977,-0.976,-0.961,0.836,-0.982,0.963,0.956,-0.802,0.983,-0.996,-0.89,0.978,0.992,0.231,0.861,-0.995,0.718,-0.95,-0.986,0.886,-0.959,-0.989,-0.805,-0.948,0.648,-0.954,0.99,0.996,-0.993,0.911,0.983,0.994,-0.988,-0.898,0.79,0.841,-0.982,-0.985,-0.998,-0.982,-0.966,-0.867,-0.934,0.921,-0.954,-0.972,-0.709,-0.877,-0.995,0.286,4.806,4.252,10.285,10.329,10.362,10.342,10.337,10.291,4.968,4.361,10.302,10.315,5.213,4.832,10.29,10.323,EssenceCatalog/problems/csplib-prob010-SocialGolfers/params/4739d9ba3f9bc4f93514cd969c991c74.param
0.984,0.989,0.993,-0.989,0.987,-0.963,-0.99,0.953,0.99,-0.982,-0.994,-0.988,0.999,-0.979,-0.999,-0.917,0.998,0.958,0.995,0.971,-1.0,0.994,0.98,0.99,0.833,0.971,-0.989,-0.982,0.71,-0.998,-0.913,0.993,0.99,-0.977,0.952,0.976,0.974,-0.996,-0.979,0.977,-0.989,0.993,0.975,0.989,0.987,-0.993,0.994,-0.976,0.979,0.997,0.973,-0.993,-0.759,-0.979,0.966,0.982,0.989,0.908,0.995,-0.999,-0.986,0.994,0.998,0.976,0.985,-0.999,-0.918,-0.987,-0.989,0.981,-0.997,-0.998,-0.983,-0.988,0.99,-0.996,0.989,1.0,-0.996,0.989,0.997,0.989,-0.989,-0.984,-0.986,0.984,-0.982,-0.998,-0.999,-0.985,-0.994,-0.986,-0.997,0.993,-0.982,-0.998,-0.963,-0.971,-1.0,-0.987,9.582,5.677,10.445,10.363,10.255,10.277,10.383,10.42,7.575,5.932,10.426,10.313,8.063,7.467,10.385,10.345,EssenceCatalog/problems/csplib-prob010-SocialGolfers/params/615894aed6dc2e6b73d968d8dbbaeaf0.param
0.978,0.967,0.97,-0.944,0.58,-0.903,-0.82,0.823,0.983,-0.84,-0.928,-0.838,0.997,-0.911,-0.991,0.973,0.979,0.918,0.963,0.934,-0.998,0.113,0.985,0.979,0.925,0.919,-0.909,-0.872,0.913,-0.986,-0.742,0.391,0.97,-0.877,-0.3,0.934,0.656,-0.947,-0.74,0.682,0.927,0.991,0.587,0.874,0.378,-0.974,0.995,-0.95,0.925,0.994,-0.915,-0.978,-0.958,-0.604,-0.927,0.957,0.966,-0.809,0.985,-0.996,-0.937,0.977,0.994,0.857,0.953,-0.996,-0.63,-0.958,-0.984,0.795,-0.97,-0.993,-0.658,-0.927,0.589,-0.973,0.991,0.995,-0.993,0.941,0.992,0.991,-0.984,-0.88,-0.303,0.857,-0.979,-0.988,-0.999,-0.975,-0.984,-0.896,-0.947,0.972,-0.972,-0.979,-0.921,-0.834,-0.995,-0.005,6.293,5.14,10.387,10.388,10.384,10.381,10.343,10.364,5.941,5.302,10.356,10.389,6.26,6.11,10.394,10.388,EssenceCatalog/problems/csplib-prob010-SocialGolfers/params/aad144802fc5e64483decd387d552298.param
0.968,0.975,0.989,-0.97,0.937,-0.896,-0.96,0.902,0.988,-0.947,-0.985,-0.965,0.999,-0.935,-0.997,0.371,0.987,0.962,0.984,0.981,-0.998,0.906,0.965,0.987,0.806,0.909,-0.969,-0.951,-0.7,-0.993,-0.437,0.972,0.932,-0.88,-0.315,0.902,0.881,-0.976,-0.848,0.92,-0.227,0.985,0.826,0.976,0.926,-0.975,0.99,-0.962,0.811,0.993,0.075,-0.979,-0.881,-0.453,-0.447,0.969,0.968,0.592,0.983,-0.997,-0.947,0.988,0.997,0.76,0.925,-0.995,0.326,-0.921,-0.989,0.944,-0.985,-0.992,-0.953,-0.957,0.956,-0.989,0.989,0.999,-0.992,0.98,0.99,0.991,-0.988,-0.95,-0.383,0.896,-0.976,-0.992,-0.999,-0.978,-0.966,-0.943,-0.977,0.96,-0.91,-0.993,-0.701,-0.891,-0.999,-0.806,7.273,4.828,10.488,10.31,10.284,10.3,10.316,10.381,6.292,5.035,10.504,10.298,6.703,5.977,10.428,10.285,EssenceCatalog/problems/csplib-prob010-SocialGolfers/params/44f9f9cfe428a7fe8d6e862d04b12827.param
0.979,0.968,0.974,-0.953,0.564,-0.903,-0.824,0.831,0.986,-0.828,-0.938,-0.816,0.997,-0.924,-0.991,0.97,0.977,0.918,0.967,0.942,-0.998,-0.069,0.988,0.979,0.942,0.926,-0.927,-0.862,0.883,-0.985,-0.753,0.486,0.972,-0.884,-0.465,0.94,0.742,-0.948,-0.736,0.643,0.913,0.99,0.591,0.9,0.348,-0.971,0.994,-0.952,0.926,0.993,-0.946,-0.979,-0.962,-0.377,-0.945,0.95,0.964,-0.867,0.984,-0.996,-0.928,0.979,0.993,0.822,0.947,-0.997,-0.594,-0.964,-0.984,0.769,-0.969,-0.992,-0.57,-0.923,0.544,-0.972,0.991,0.995,-0.994,0.939,0.99,0.992,-0.984,-0.874,-0.11,0.879,-0.978,-0.987,-0.999,-0.977,-0.984,-0.882,-0.94,0.971,-0.975,-0.978,-0.916,-0.831,-0.994,-0.052,6.083,5.056,10.399,10.392,10.38,10.388,10.348,10.362,5.804,5.21,10.358,10.393,6.124,6.003,10.39,10.39,EssenceCatalog/problems/csplib-prob010-SocialGolfers/params/2d685ad665fca758bc672b96456f9d2f.param
0.397,0.966,-0.966,-0.977,-0.976,-0.737,0.953,0.973,0.963,-0.916,-0.883,-0.944,0.989,-0.836,-0.996,0.865,0.992,0.939,-0.938,-0.106,-0.997,0.931,0.999,0.975,0.948,0.962,-0.968,-0.936,0.985,-0.988,-0.883,0.404,0.998,-0.961,0.904,0.042,0.9,-0.966,-0.939,0.487,0.91,0.99,0.847,-0.9,0.024,-0.996,0.999,-0.952,0.965,0.997,-0.857,-0.921,0.692,0.917,-0.964,0.948,0.996,-0.938,0.997,-0.991,-0.96,0.924,0.995,0.958,0.975,-0.995,0.84,-0.98,0.96,0.796,-0.953,-0.998,-0.928,-0.917,0.867,0.931,0.988,0.999,-0.984,-0.178,0.996,0.993,-0.973,-0.951,0.685,0.938,-0.996,-0.979,-0.993,-0.989,-0.997,-0.976,-0.986,0.725,-0.996,-0.986,0.831,-0.573,-0.994,0.62,4.293,3.576,5.357,10.059,10.361,10.39,10.438,10.453,4.277,3.717,5.385,10.084,4.792,4.465,6.262,10.061,EssenceCatalog/problems/csplib-prob010-SocialGolfers/params/8b9888982001a5a4d265e14056f431ba.param
0.977,0.948,0.982,-0.975,0.712,-0.881,-0.914,0.847,0.981,-0.796,-0.965,-0.781,0.997,-0.939,-0.993,0.738,0.986,0.846,0.982,0.979,-0.998,0.04,0.992,0.967,0.967,0.948,-0.971,-0.741,0.799,-0.985,-0.775,0.834,0.98,-0.916,-0.185,0.958,0.901,-0.95,-0.742,0.553,-0.068,0.981,0.701,0.95,0.559,-0.976,0.993,-0.967,0.944,0.992,-0.974,-0.983,-0.969,0.338,-0.952,0.798,0.979,-0.957,0.983,-0.992,-0.85,0.981,0.995,0.724,0.908,-0.995,-0.707,-0.969,-0.986,0.478,-0.96,-0.991,-0.152,-0.863,0.628,-0.979,0.99,0.997,-0.993,0.964,0.988,0.992,-0.978,-0.886,0.063,0.939,-0.979,-0.984,-0.998,-0.973,-0.989,-0.921,-0.955,0.98,-0.986,-0.98,-0.818,-0.722,-0.996,-0.738,6.467,5.01,10.41,10.333,10.352,10.349,10.283,10.319,5.892,5.202,10.348,10.332,6.207,6.326,10.367,10.336,EssenceCatalog/problems/csplib-prob010-SocialGolfers/params/fbc35d21c4230071cb81743cff2c1efc.param
0.974,0.966,0.973,-0.948,0.638,-0.893,-0.832,0.822,0.979,-0.879,-0.929,-0.855,0.997,-0.9,-0.991,0.914,0.975,0.904,0.963,0.934,-0.997,0.515,0.979,0.979,0.87,0.902,-0.899,-0.886,0.864,-0.987,-0.694,0.555,0.962,-0.865,0.048,0.917,0.651,-0.948,-0.766,0.752,0.733,0.988,0.607,0.871,0.604,-0.966,0.989,-0.946,0.896,0.993,-0.727,-0.973,-0.93,-0.738,-0.818,0.952,0.957,-0.497,0.979,-0.996,-0.937,0.981,0.993,0.863,0.952,-0.995,-0.633,-0.944,-0.983,0.812,-0.976,-0.99,-0.765,-0.921,0.738,-0.977,0.988,0.995,-0.992,0.955,0.989,0.988,-0.982,-0.876,-0.537,0.853,-0.973,-0.987,-0.999,-0.968,-0.979,-0.886,-0.949,0.969,-0.958,-0.982,-0.906,-0.821,-0.995,-0.262,6.836,5.226,10.403,10.39,10.399,10.37,10.353,10.39,6.238,5.418,10.375,10.384,6.565,6.329,10.401,10.395,EssenceCatalog/problems/csplib-prob010-SocialGolfers/params/45082ac5bc7b4215b6a502d15a53d8c9.param
0.99,0.984,0.992,-0.984,0.976,-0.961,-0.986,0.735,0.955,-0.927,-0.969,-0.766,0.998,-0.959,-0.996,-0.982,0.998,0.418,0.997,0.912,-0.999,0.965,0.989,0.899,0.95,0.975,-0.986,-0.939,0.995,-0.996,-0.971,0.959,0.992,-0.966,0.992,0.99,0.968,-0.989,-0.936,0.853,-0.998,0.983,0.952,0.982,0.956,-0.993,0.98,-0.975,0.991,0.995,0.89,-0.99,-0.952,-0.982,0.946,0.764,0.99,-0.947,0.99,-0.994,-0.957,0.985,0.998,0.972,0.979,-0.998,-0.997,-0.991,-0.988,0.754,-0.99,-0.997,-0.754,-0.943,0.967,-0.996,0.983,0.998,-0.986,0.993,0.997,0.963,-0.965,-0.971,-0.992,0.989,-0.972,-0.994,-0.999,-0.954,-0.997,-0.988,-0.995,0.998,-0.992,-0.993,-0.983,-0.917,-0.998,-0.991,9.531,5.771,10.385,10.289,10.306,10.283,10.367,10.304,7.472,6.041,10.395,10.257,7.885,7.806,10.386,10.297,EssenceCatalog/problems/csplib-prob010-SocialGolfers/params/11e2d0bc727ff716162ac35490084ff5.param
0.975,0.971,0.967,-0.946,0.65,-0.895,-0.803,0.85,0.987,-0.847,-0.945,-0.874,0.997,-0.91,-0.992,0.98,0.975,0.94,0.954,0.943,-0.998,-0.033,0.981,0.983,0.922,0.905,-0.921,-0.895,0.686,-0.985,-0.642,0.61,0.956,-0.866,-0.689,0.913,0.651,-0.945,-0.676,0.697,0.964,0.99,0.6,0.889,0.404,-0.971,0.995,-0.948,0.871,0.993,-0.923,-0.973,-0.948,-0.199,-0.952,0.967,0.963,-0.764,0.985,-0.996,-0.935,0.975,0.994,0.75,0.937,-0.996,-0.128,-0.947,-0.983,0.85,-0.965,-0.991,-0.754,-0.925,0.653,-0.967,0.991,0.996,-0.993,0.935,0.991,0.992,-0.986,-0.892,0.155,0.835,-0.979,-0.987,-0.999,-0.979,-0.977,-0.891,-0.945,0.962,-0.964,-0.978,-0.866,-0.822,-0.995,0.182,5.738,4.835,10.359,10.392,10.396,10.397,10.37,10.364,5.603,4.986,10.334,10.39,5.903,5.635,10.354,10.381,EssenceCatalog/problems/csplib-prob010-SocialGolfers/params/ebb88ec1a2967ec39672aac1dfcb81e5.param
0.984,0.969,0.972,-0.957,0.592,-0.917,-0.835,0.8,0.981,-0.846,-0.921,-0.768,0.997,-0.93,-0.991,0.946,0.984,0.861,0.969,0.908,-0.998,0.156,0.988,0.974,0.944,0.944,-0.916,-0.842,0.982,-0.987,-0.85,0.275,0.98,-0.91,0.297,0.957,0.759,-0.954,-0.815,0.688,0.779,0.992,0.613,0.857,0.394,-0.977,0.994,-0.953,0.957,0.994,-0.918,-0.981,-0.967,-0.806,-0.891,0.933,0.97,-0.916,0.985,-0.997,-0.943,0.978,0.994,0.918,0.969,-0.998,-0.903,-0.972,-0.983,0.704,-0.974,-0.993,-0.451,-0.926,0.538,-0.977,0.991,0.995,-0.995,0.95,0.993,0.99,-0.981,-0.868,-0.617,0.909,-0.975,-0.989,-0.999,-0.974,-0.99,-0.901,-0.952,0.982,-0.984,-0.982,-0.96,-0.845,-0.995,-0.308,6.826,5.372,10.406,10.415,10.426,10.395,10.372,10.397,6.255,5.551,10.382,10.417,6.566,6.568,10.441,10.427,EssenceCatalog/problems/csplib-prob010-SocialGolfers/params/f690b5999431748c2488a17677074477.param
0.948,0.967,0.974,-0.962,0.846,-0.863,-0.909,0.894,0.991,-0.834,-0.98,-0.941,0.996,-0.904,-0.995,0.958,0.967,0.965,0.97,0.981,-0.997,-0.346,0.985,0.985,0.933,0.897,-0.969,-0.913,-0.942,-0.98,-0.35,0.944,0.938,-0.83,-0.981,0.886,0.827,-0.934,-0.516,0.728,0.966,0.983,0.786,0.975,0.531,-0.967,0.996,-0.961,0.749,0.989,-0.958,-0.973,-0.947,0.932,-0.976,0.962,0.964,-0.611,0.987,-0.993,-0.852,0.974,0.993,-0.152,0.793,-0.989,0.914,-0.92,-0.987,0.904,-0.949,-0.989,-0.882,-0.936,0.809,-0.957,0.99,0.998,-0.991,0.943,0.985,0.993,-0.988,-0.921,0.876,0.813,-0.982,-0.983,-0.997,-0.981,-0.953,-0.911,-0.953,0.917,-0.935,-0.975,-0.376,-0.843,-0.995,0.053,4.756,4.09,10.26,10.283,10.339,10.314,10.324,10.272,4.903,4.205,10.293,10.265,5.145,4.671,10.26,10.274,EssenceCatalog/problems/csplib-prob010-SocialGolfers/params/08e32d375a57135be18141d12e0a4300.param
0.952,0.965,0.983,-0.964,0.864,-0.853,-0.924,0.888,0.984,-0.911,-0.979,-0.946,0.998,-0.899,-0.995,0.654,0.977,0.948,0.976,0.981,-0.997,0.766,0.977,0.984,0.847,0.896,-0.955,-0.919,-0.792,-0.987,-0.328,0.951,0.938,-0.834,-0.701,0.882,0.822,-0.951,-0.716,0.834,0.276,0.979,0.771,0.967,0.84,-0.963,0.989,-0.958,0.763,0.99,-0.558,-0.976,-0.897,0.239,-0.82,0.95,0.962,0.145,0.977,-0.994,-0.895,0.985,0.995,0.513,0.866,-0.989,0.541,-0.914,-0.985,0.895,-0.972,-0.988,-0.916,-0.928,0.906,-0.98,0.987,0.998,-0.989,0.971,0.984,0.99,-0.985,-0.922,0.112,0.844,-0.974,-0.985,-0.998,-0.974,-0.959,-0.92,-0.961,0.941,-0.912,-0.985,-0.491,-0.82,-0.997,-0.679,6.108,4.453,10.412,10.297,10.309,10.329,10.302,10.328,5.635,4.635,10.421,10.278,5.987,5.381,10.366,10.264,EssenceCatalog/problems/csplib-prob010-SocialGolfers/params/c0b5a2579129c39ac89962ada4f84278.param
0.967,0.97,0.969,-0.949,0.594,-0.891,-0.828,0.868,0.989,-0.828,-0.957,-0.878,0.997,-0.915,-0.993,0.983,0.965,0.95,0.962,0.959,-0.997,-0.27,0.988,0.983,0.939,0.906,-0.942,-0.899,0.212,-0.983,-0.612,0.716,0.964,-0.854,-0.881,0.92,0.739,-0.946,-0.661,0.635,0.968,0.989,0.652,0.925,0.339,-0.967,0.995,-0.949,0.874,0.991,-0.959,-0.977,-0.957,0.398,-0.97,0.963,0.956,-0.774,0.984,-0.996,-0.915,0.98,0.992,0.592,0.909,-0.996,0.244,-0.955,-0.983,0.857,-0.965,-0.99,-0.757,-0.938,0.608,-0.959,0.99,0.995,-0.993,0.92,0.986,0.993,-0.987,-0.888,0.467,0.845,-0.981,-0.986,-0.998,-0.981,-0.974,-0.865,-0.933,0.945,-0.96,-0.975,-0.819,-0.859,-0.995,0.213,5.259,4.561,10.321,10.364,10.371,10.372,10.333,10.314,5.272,4.688,10.302,10.358,5.544,5.246,10.314,10.358,EssenceCatalog/problems/csplib-prob010-SocialGolfers/params/e1bdaa4848baa0d5d1361bc4b136d525.param
0.976,0.967,0.975,-0.951,0.592,-0.897,-0.834,0.836,0.986,-0.824,-0.943,-0.834,0.997,-0.921,-0.991,0.973,0.974,0.929,0.967,0.952,-0.998,-0.098,0.987,0.98,0.939,0.918,-0.929,-0.871,0.787,-0.984,-0.713,0.552,0.967,-0.876,-0.621,0.935,0.731,-0.945,-0.708,0.64,0.929,0.989,0.594,0.911,0.361,-0.969,0.994,-0.95,0.91,0.993,-0.947,-0.978,-0.961,-0.216,-0.951,0.954,0.961,-0.839,0.984,-0.996,-0.924,0.98,0.993,0.777,0.936,-0.996,-0.419,-0.959,-0.985,0.793,-0.967,-0.991,-0.62,-0.922,0.569,-0.972,0.991,0.995,-0.994,0.94,0.989,0.992,-0.984,-0.875,0.026,0.866,-0.978,-0.987,-0.999,-0.977,-0.981,-0.879,-0.937,0.966,-0.97,-0.976,-0.897,-0.833,-0.994,-0.007,5.89,4.946,10.396,10.389,10.378,10.388,10.348,10.354,5.682,5.095,10.357,10.388,5.999,5.83,10.378,10.381,EssenceCatalog/problems/csplib-prob010-SocialGolfers/params/1f7d283e0e5359c0418c011001fd2361.param
0.979,0.988,0.989,-0.984,0.954,-0.947,-0.973,0.928,0.986,-0.975,-0.984,-0.967,0.999,-0.962,-0.998,-0.85,0.997,0.925,0.992,0.969,-0.999,0.986,0.991,0.982,0.821,0.965,-0.981,-0.97,0.856,-0.997,-0.894,0.979,0.992,-0.958,0.934,0.964,0.947,-0.993,-0.965,0.945,-0.968,0.989,0.949,0.98,0.97,-0.992,0.994,-0.978,0.973,0.997,0.919,-0.991,-0.784,-0.947,0.872,0.965,0.988,0.618,0.995,-0.998,-0.976,0.994,0.999,0.964,0.981,-0.998,-0.891,-0.985,-0.986,0.952,-0.995,-0.998,-0.957,-0.971,0.976,-0.993,0.988,1.0,-0.994,0.988,0.998,0.988,-0.986,-0.974,-0.969,0.971,-0.989,-0.996,-0.999,-0.982,-0.995,-0.98,-0.996,0.993,-0.981,-0.997,-0.934,-0.925,-0.999,-0.967,9.473,5.664,10.404,10.336,10.251,10.265,10.357,10.38,7.512,5.921,10.389,10.29,7.979,7.466,10.356,10.323,EssenceCatalog/problems/csplib-prob010-SocialGolfers/params/f4bf46bcc0dc980c751e05427ca53080.param
0.235,0.95,-0.998,-0.986,-0.988,-0.787,0.999,0.986,0.982,-0.961,-0.953,-0.934,0.996,-0.947,-0.999,0.99,0.891,0.986,-0.999,-0.976,-0.998,0.89,0.974,0.991,0.984,0.985,-0.989,-0.975,0.805,-0.992,0.261,0.931,0.847,-0.974,0.698,-0.925,0.978,-0.945,-0.951,0.873,0.977,0.994,-0.219,-0.999,0.548,-0.977,0.984,-0.854,-0.26,0.926,-0.977,0.804,0.986,0.99,-0.992,0.98,0.945,-0.939,0.818,-0.997,-0.968,0.798,0.947,0.927,0.969,-0.998,0.993,-0.692,1.0,0.941,-0.729,-0.949,-0.951,-0.906,0.893,0.998,0.974,0.969,-0.992,-0.934,0.827,0.998,-0.992,-0.965,0.998,0.973,-0.93,-0.992,-0.996,-0.984,-0.866,-0.74,-0.859,-0.687,-0.983,-0.995,0.992,-0.734,-0.997,0.975,3.554,2.89,3.863,9.276,9.825,9.566,9.94,10.305,3.497,3.105,3.848,9.231,4.131,3.567,4.852,9.326,EssenceCatalog/problems/csplib-prob010-SocialGolfers/params/921837087750b38384607589a4015289.param
0.97,0.966,0.969,-0.95,0.685,-0.877,-0.82,0.85,0.984,-0.857,-0.948,-0.887,0.997,-0.896,-0.992,0.958,0.975,0.935,0.956,0.954,-0.997,0.224,0.978,0.982,0.9,0.89,-0.92,-0.89,0.489,-0.985,-0.548,0.719,0.943,-0.852,-0.628,0.897,0.652,-0.939,-0.66,0.726,0.921,0.988,0.586,0.897,0.532,-0.968,0.993,-0.947,0.836,0.992,-0.875,-0.97,-0.934,-0.182,-0.936,0.96,0.963,-0.613,0.984,-0.995,-0.921,0.976,0.994,0.719,0.924,-0.994,-0.009,-0.932,-0.983,0.835,-0.962,-0.99,-0.793,-0.903,0.734,-0.97,0.99,0.996,-0.992,0.949,0.991,0.992,-0.986,-0.895,0.119,0.826,-0.978,-0.986,-0.998,-0.976,-0.972,-0.9,-0.947,0.96,-0.954,-0.979,-0.808,-0.772,-0.995,-0.019,5.828,4.775,10.353,10.362,10.384,10.378,10.354,10.347,5.633,4.941,10.33,10.361,5.934,5.604,10.341,10.349,EssenceCatalog/problems/csplib-prob010-SocialGolfers/params/6c4bdc236b5336fa2e4263f2648657d8.param
0.23,0.952,-0.993,-0.975,-0.992,-0.712,0.99,0.977,0.96,-0.924,-0.857,-0.94,0.988,-0.846,-0.996,0.937,0.981,0.95,-0.988,-0.692,-0.995,0.924,0.999,0.981,0.956,0.959,-0.97,-0.948,0.98,-0.987,-0.852,0.4,0.996,-0.962,0.903,-0.496,0.909,-0.96,-0.952,0.447,0.943,0.991,0.721,-0.979,-0.043,-0.993,0.998,-0.94,0.927,0.992,-0.943,-0.695,0.888,0.967,-0.983,0.956,0.99,-0.951,0.991,-0.991,-0.958,0.867,0.99,0.959,0.975,-0.996,0.907,-0.962,0.991,0.806,-0.921,-0.995,-0.93,-0.918,0.83,0.983,0.983,0.996,-0.98,-0.773,0.989,0.994,-0.972,-0.927,0.908,0.943,-0.99,-0.973,-0.991,-0.988,-0.993,-0.947,-0.975,0.36,-0.995,-0.982,0.936,-0.638,-0.993,0.843,3.987,3.369,4.722,9.862,10.204,10.191,10.313,10.382,3.978,3.503,4.738,9.899,4.55,4.149,5.668,9.873,EssenceCatalog/problems/csplib-prob010-SocialGolfers/params/c7aa26cf4823f10a84da9362354d23e5.param
0.991,0.989,0.994,-0.984,0.983,-0.97,-0.99,0.791,0.959,-0.948,-0.973,-0.86,0.999,-0.965,-0.997,-0.987,0.998,0.542,0.997,0.893,-0.999,0.982,0.987,0.92,0.942,0.979,-0.985,-0.962,0.996,-0.997,-0.975,0.97,0.992,-0.969,0.995,0.99,0.97,-0.993,-0.952,0.911,-0.998,0.985,0.966,0.984,0.972,-0.994,0.978,-0.973,0.99,0.996,0.969,-0.991,-0.942,-0.994,0.98,0.878,0.988,-0.815,0.991,-0.996,-0.973,0.988,0.997,0.981,0.984,-0.998,-0.997,-0.991,-0.989,0.865,-0.993,-0.998,-0.874,-0.965,0.975,-0.997,0.981,0.998,-0.989,0.994,0.997,0.957,-0.97,-0.979,-0.996,0.989,-0.971,-0.996,-0.999,-0.958,-0.997,-0.99,-0.996,0.998,-0.991,-0.994,-0.99,-0.945,-0.998,-0.993,9.64,5.813,10.469,10.384,10.387,10.368,10.461,10.41,7.56,6.084,10.48,10.355,7.986,7.826,10.469,10.394,EssenceCatalog/problems/csplib-prob010-SocialGolfers/params/c405fe1e16ac3b660e0d59a8cd6f2a2c.param
0.976,0.982,0.99,-0.975,0.947,-0.924,-0.965,0.91,0.988,-0.967,-0.984,-0.971,0.999,-0.953,-0.998,-0.057,0.992,0.961,0.987,0.971,-0.999,0.964,0.968,0.989,0.766,0.928,-0.967,-0.968,0.125,-0.996,-0.686,0.965,0.964,-0.922,0.496,0.935,0.895,-0.987,-0.922,0.947,-0.687,0.989,0.89,0.974,0.955,-0.981,0.991,-0.963,0.903,0.995,0.698,-0.984,-0.843,-0.885,0.361,0.977,0.977,0.82,0.987,-0.998,-0.971,0.991,0.997,0.917,0.969,-0.997,-0.449,-0.954,-0.99,0.956,-0.993,-0.995,-0.965,-0.969,0.967,-0.992,0.99,0.999,-0.995,0.982,0.994,0.989,-0.988,-0.957,-0.844,0.933,-0.979,-0.995,-0.999,-0.98,-0.981,-0.953,-0.988,0.978,-0.942,-0.995,-0.881,-0.929,-0.999,-0.886,8.678,5.364,10.427,10.269,10.214,10.185,10.268,10.334,7.086,5.598,10.421,10.249,7.542,6.878,10.355,10.249,EssenceCatalog/problems/csplib-prob010-SocialGolfers/params/cf8e3315a7a69ec42747b1dd8ac8809d.param
0.972,0.961,-0.485,-0.975,0.544,-0.891,0.917,0.861,0.989,-0.937,-0.903,-0.903,0.997,-0.946,-0.996,0.913,0.993,0.816,-0.926,-0.904,-0.998,0.432,-0.679,0.97,0.949,0.96,-0.719,-0.971,0.988,-0.99,-0.57,0.856,0.567,-0.962,0.873,-0.111,0.929,-0.969,-0.858,0.952,0.951,0.995,-0.223,-0.985,0.881,-0.929,0.979,-0.934,0.564,0.99,0.12,0.809,0.079,-0.87,-0.894,0.986,0.969,-0.914,0.953,-0.998,-0.993,0.896,0.993,0.978,0.984,-0.999,-0.343,-0.203,-0.224,0.857,-0.815,-0.978,-0.855,-0.421,0.947,-0.81,0.992,0.989,-0.997,0.842,0.998,0.989,-0.988,-0.883,0.81,0.97,-0.815,-0.995,-0.998,-0.925,-0.931,-0.943,-0.984,0.962,-0.966,-0.989,-0.587,-0.055,-0.997,0.643,5.098,4.034,6.432,8.971,9.847,9.422,9.803,10.145,4.983,4.453,6.44,8.978,5.316,4.879,7.035,9.02,EssenceCatalog/problems/csplib-prob010-SocialGolfers/params/ord23-5-6-5.param
0.822,0.915,-0.977,-0.986,-0.946,-0.791,0.998,0.969,0.991,-0.983,-0.973,-0.951,0.999,-0.966,-0.999,0.989,-0.515,0.986,-0.998,-0.993,-0.997,0.901,0.353,0.989,0.977,0.974,-0.984,-0.986,0.576,-0.99,0.579,0.96,-0.165,-0.983,0.37,-0.825,0.98,-0.971,-0.944,0.953,0.5,0.993,-0.394,-0.999,0.843,-0.671,0.395,0.219,-0.871,0.23,-0.962,0.977,0.981,0.751,-0.984,0.987,-0.024,-0.401,-0.881,-0.998,-0.982,0.902,0.272,0.802,0.981,-0.999,0.902,-0.24,0.999,0.949,-0.849,0.022,-0.946,-0.953,0.825,0.989,0.954,-0.265,-0.995,-0.943,-0.59,0.997,-0.994,-0.889,0.996,0.978,0.157,-0.994,-0.998,-0.963,0.332,0.529,0.468,-0.926,-0.872,-0.997,0.924,-0.919,-0.998,0.968,2.631,1.945,2.4,7.38,6.773,6.244,7.112,9.23,2.534,2.187,2.363,7.209,3.094,2.412,3.253,7.468,EssenceCatalog/problems/csplib-prob010-SocialGolfers/params/ord13-5-8-3.param
0.27,0.957,-0.995,-0.979,-0.992,-0.738,0.995,0.982,0.971,-0.938,-0.876,-0.945,0.991,-0.878,-0.997,0.952,0.983,0.96,-0.994,-0.807,-0.996,0.923,0.997,0.987,0.966,0.967,-0.975,-0.959,0.976,-0.989,-0.804,0.516,0.994,-0.967,0.909,-0.652,0.936,-0.957,-0.956,0.557,0.965,0.993,0.589,-0.99,0.113,-0.993,0.997,-0.95,0.866,0.992,-0.957,-0.431,0.937,0.973,-0.989,0.966,0.989,-0.96,0.99,-0.993,-0.967,0.858,0.991,0.96,0.974,-0.997,0.944,-0.941,0.994,0.853,-0.898,-0.994,-0.936,-0.896,0.861,0.988,0.986,0.996,-0.985,-0.805,0.989,0.996,-0.982,-0.942,0.954,0.953,-0.988,-0.979,-0.994,-0.989,-0.989,-0.947,-0.973,0.303,-0.995,-0.987,0.963,-0.597,-0.995,0.898,3.967,3.328,4.619,9.875,10.268,10.223,10.378,10.481,3.956,3.49,4.634,9.899,4.544,4.113,5.59,9.894,EssenceCatalog/problems/csplib-prob010-SocialGolfers/params/2d9a6182023a68e5a46d9c3bc2138eed.param
0.976,0.969,0.969,-0.948,0.578,-0.902,-0.799,0.841,0.987,-0.844,-0.941,-0.853,0.997,-0.917,-0.992,0.98,0.972,0.934,0.959,0.937,-0.998,-0.058,0.985,0.982,0.933,0.915,-0.921,-0.889,0.803,-0.985,-0.697,0.527,0.966,-0.877,-0.605,0.927,0.69,-0.949,-0.722,0.668,0.952,0.991,0.596,0.88,0.38,-0.969,0.994,-0.946,0.902,0.993,-0.935,-0.975,-0.955,-0.321,-0.95,0.964,0.959,-0.804,0.983,-0.997,-0.936,0.979,0.993,0.796,0.945,-0.997,-0.383,-0.956,-0.982,0.831,-0.969,-0.991,-0.708,-0.932,0.598,-0.968,0.991,0.995,-0.994,0.931,0.989,0.992,-0.986,-0.878,0.001,0.859,-0.978,-0.988,-0.999,-0.978,-0.98,-0.871,-0.937,0.963,-0.968,-0.979,-0.901,-0.849,-0.995,0.14,5.896,4.952,10.377,10.399,10.389,10.394,10.363,10.373,5.703,5.103,10.347,10.398,6.019,5.809,10.369,10.39,EssenceCatalog/problems/csplib-prob010-SocialGolfers/params/e832acef040321f2e2692d262ed77cd5.param
0.975,0.97,0.967,-0.945,0.606,-0.896,-0.808,0.845,0.985,-0.854,-0.937,-0.869,0.997,-0.905,-0.992,0.974,0.975,0.933,0.957,0.941,-0.998,0.113,0.984,0.982,0.912,0.905,-0.917,-0.891,0.79,-0.986,-0.67,0.541,0.963,-0.866,-0.54,0.919,0.629,-0.947,-0.705,0.7,0.949,0.99,0.601,0.885,0.414,-0.971,0.994,-0.947,0.891,0.993,-0.901,-0.976,-0.946,-0.399,-0.933,0.965,0.964,-0.716,0.985,-0.996,-0.936,0.978,0.994,0.797,0.943,-0.996,-0.311,-0.951,-0.983,0.839,-0.969,-0.992,-0.749,-0.927,0.652,-0.968,0.991,0.996,-0.993,0.939,0.992,0.992,-0.985,-0.889,-0.07,0.837,-0.98,-0.987,-0.999,-0.977,-0.979,-0.895,-0.948,0.966,-0.965,-0.979,-0.882,-0.826,-0.995,0.114,5.998,4.961,10.374,10.394,10.393,10.393,10.361,10.367,5.764,5.119,10.347,10.391,6.076,5.827,10.369,10.385,EssenceCatalog/problems/csplib-prob010-SocialGolfers/params/a5b1d895bfe14f228b9024e662cf305a.param
0.97,0.968,0.973,-0.954,0.641,-0.889,-0.848,0.863,0.989,-0.817,-0.958,-0.872,0.997,-0.92,-0.993,0.978,0.968,0.949,0.967,0.965,-0.997,-0.321,0.988,0.982,0.946,0.908,-0.948,-0.885,0.154,-0.982,-0.604,0.742,0.961,-0.856,-0.891,0.924,0.763,-0.942,-0.625,0.616,0.96,0.988,0.638,0.94,0.347,-0.967,0.995,-0.951,0.871,0.991,-0.964,-0.977,-0.96,0.486,-0.971,0.957,0.958,-0.816,0.985,-0.996,-0.904,0.979,0.992,0.564,0.9,-0.995,0.257,-0.952,-0.985,0.834,-0.962,-0.99,-0.706,-0.928,0.607,-0.964,0.991,0.995,-0.993,0.93,0.987,0.993,-0.986,-0.89,0.52,0.85,-0.981,-0.985,-0.998,-0.98,-0.974,-0.878,-0.936,0.951,-0.962,-0.974,-0.815,-0.838,-0.995,0.135,5.224,4.535,10.329,10.355,10.369,10.368,10.329,10.303,5.238,4.661,10.31,10.348,5.505,5.229,10.321,10.348,EssenceCatalog/problems/csplib-prob010-SocialGolfers/params/adf1f25d1f64f976418cd62903d5528c.param
0.964,0.975,0.985,-0.972,0.955,-0.885,-0.94,0.924,0.991,-0.945,-0.99,-0.978,0.998,-0.931,-0.998,0.485,0.988,0.972,0.974,0.973,-0.998,0.879,0.956,0.99,0.833,0.921,-0.97,-0.961,-0.933,-0.992,-0.247,0.984,0.917,-0.867,-0.729,0.864,0.905,-0.975,-0.816,0.938,0.217,0.987,0.84,0.975,0.936,-0.971,0.993,-0.963,0.736,0.993,0.049,-0.973,-0.868,-0.019,-0.663,0.978,0.974,0.646,0.985,-0.997,-0.947,0.988,0.997,0.577,0.893,-0.994,0.738,-0.898,-0.986,0.956,-0.981,-0.992,-0.97,-0.959,0.968,-0.985,0.991,0.999,-0.993,0.979,0.991,0.993,-0.992,-0.956,0.065,0.896,-0.976,-0.993,-0.998,-0.983,-0.961,-0.954,-0.981,0.952,-0.899,-0.993,-0.501,-0.882,-0.999,-0.781,6.486,4.487,10.458,10.309,10.309,10.337,10.347,10.365,5.844,4.682,10.477,10.296,6.233,5.412,10.404,10.27,EssenceCatalog/problems/csplib-prob010-SocialGolfers/params/7579b38232cdcc8f8695fc882ff52934.param
0.995,0.988,0.98,-0.995,0.988,-0.972,-0.929,0.907,0.985,-0.974,-0.985,-0.948,1.0,-0.984,-0.999,-0.926,0.998,0.66,0.977,0.477,-1.0,0.977,0.944,0.981,0.952,0.986,-0.988,-0.971,0.994,-0.999,-0.952,0.983,0.974,-0.987,0.992,0.977,0.99,-0.996,-0.961,0.965,-0.992,0.996,0.948,0.822,0.986,-0.994,0.985,-0.983,0.98,0.998,0.927,-0.958,-0.816,-0.994,0.957,0.953,0.991,-0.75,0.994,-0.999,-0.987,0.988,0.998,0.984,0.991,-0.999,-0.991,-0.988,-0.947,0.958,-0.994,-0.999,-0.912,-0.958,0.99,-0.995,0.99,0.999,-0.998,0.993,0.999,0.99,-0.989,-0.978,-0.99,0.993,-0.967,-0.998,-1.0,-0.984,-0.995,-0.991,-0.997,0.998,-0.993,-0.998,-0.987,-0.905,-0.999,-0.985,9.621,5.812,10.425,10.407,10.428,10.403,10.514,10.485,7.583,6.089,10.445,10.404,7.994,7.787,10.435,10.434,EssenceCatalog/problems/csplib-prob010-SocialGolfers/params/ord35-4-9-7.param
0.237,0.954,-0.991,-0.975,-0.991,-0.71,0.987,0.977,0.958,-0.923,-0.857,-0.94,0.988,-0.843,-0.996,0.927,0.983,0.946,-0.986,-0.644,-0.995,0.927,0.999,0.979,0.954,0.96,-0.97,-0.945,0.982,-0.987,-0.861,0.396,0.997,-0.961,0.908,-0.428,0.908,-0.96,-0.95,0.44,0.934,0.991,0.75,-0.974,-0.034,-0.994,0.998,-0.941,0.937,0.993,-0.934,-0.752,0.869,0.963,-0.981,0.953,0.991,-0.951,0.992,-0.991,-0.958,0.876,0.991,0.959,0.975,-0.996,0.895,-0.967,0.989,0.805,-0.928,-0.995,-0.929,-0.92,0.834,0.98,0.983,0.997,-0.98,-0.728,0.99,0.993,-0.972,-0.929,0.884,0.942,-0.991,-0.973,-0.991,-0.988,-0.994,-0.952,-0.977,0.419,-0.995,-0.982,0.927,-0.629,-0.992,0.814,4.026,3.394,4.787,9.885,10.218,10.215,10.326,10.387,4.013,3.527,4.806,9.923,4.578,4.186,5.729,9.894,EssenceCatalog/problems/csplib-prob010-SocialGolfers/params/d61d3e3a29bca72e9d86866497159876.param
0.973,0.969,0.973,-0.957,0.607,-0.9,-0.838,0.863,0.99,-0.811,-0.961,-0.858,0.997,-0.93,-0.993,0.983,0.97,0.946,0.967,0.96,-0.998,-0.424,0.989,0.983,0.959,0.926,-0.953,-0.888,0.336,-0.983,-0.661,0.719,0.968,-0.874,-0.887,0.933,0.806,-0.947,-0.663,0.603,0.965,0.989,0.638,0.934,0.288,-0.969,0.996,-0.954,0.893,0.991,-0.978,-0.978,-0.965,0.502,-0.978,0.955,0.962,-0.882,0.985,-0.996,-0.912,0.979,0.992,0.575,0.909,-0.996,0.115,-0.959,-0.984,0.827,-0.962,-0.99,-0.652,-0.934,0.541,-0.961,0.991,0.995,-0.994,0.921,0.986,0.994,-0.987,-0.887,0.568,0.875,-0.981,-0.986,-0.999,-0.982,-0.978,-0.872,-0.933,0.953,-0.97,-0.974,-0.836,-0.848,-0.995,0.174,5.229,4.588,10.34,10.381,10.391,10.388,10.348,10.329,5.253,4.714,10.311,10.376,5.52,5.298,10.331,10.38,EssenceCatalog/problems/csplib-prob010-SocialGolfers/params/c492f63e248cc8e79e9a3fcea5e6377a.param
0.934,0.982,0.942,-0.974,0.847,-0.889,-0.794,0.955,0.991,-0.966,-0.988,-0.986,0.999,-0.923,-0.999,0.487,0.992,0.974,0.901,0.941,-0.999,0.949,0.988,0.992,0.77,0.947,-0.971,-0.974,-0.842,-0.994,-0.484,0.978,0.978,-0.906,-0.391,0.802,0.906,-0.984,-0.909,0.943,0.275,0.99,0.93,0.912,0.948,-0.986,0.997,-0.969,0.876,0.996,0.469,-0.98,-0.649,0.02,-0.456,0.987,0.985,0.791,0.993,-0.998,-0.963,0.991,0.998,0.767,0.936,-0.996,0.801,-0.949,-0.947,0.969,-0.988,-0.996,-0.986,-0.971,0.979,-0.941,0.992,1.0,-0.993,0.958,0.995,0.994,-0.993,-0.965,-0.081,0.915,-0.99,-0.994,-0.998,-0.988,-0.984,-0.967,-0.991,0.949,-0.943,-0.995,-0.315,-0.886,-0.999,-0.724,6.736,4.545,10.299,10.319,10.33,10.338,10.349,10.334,6.028,4.749,10.336,10.309,6.39,5.512,10.286,10.268,EssenceCatalog/problems/csplib-prob010-SocialGolfers/params/1ab500dbfe5500a91fcb4d9f302168e9.param
0.982,0.967,0.97,-0.946,0.591,-0.911,-0.82,0.806,0.982,-0.851,-0.921,-0.816,0.997,-0.917,-0.991,0.964,0.981,0.899,0.963,0.917,-0.998,0.183,0.984,0.977,0.927,0.927,-0.903,-0.864,0.958,-0.987,-0.79,0.299,0.973,-0.891,0.01,0.942,0.675,-0.95,-0.774,0.706,0.888,0.991,0.59,0.854,0.397,-0.975,0.994,-0.949,0.938,0.994,-0.898,-0.978,-0.959,-0.765,-0.903,0.953,0.966,-0.836,0.984,-0.997,-0.944,0.978,0.993,0.894,0.963,-0.997,-0.798,-0.961,-0.984,0.771,-0.973,-0.993,-0.617,-0.929,0.58,-0.976,0.99,0.995,-0.994,0.945,0.992,0.99,-0.983,-0.875,-0.498,0.875,-0.976,-0.989,-0.999,-0.973,-0.986,-0.896,-0.949,0.976,-0.976,-0.98,-0.944,-0.844,-0.995,-0.108,6.594,5.274,10.393,10.401,10.404,10.384,10.356,10.383,6.124,5.445,10.366,10.401,6.442,6.344,10.416,10.407,EssenceCatalog/problems/csplib-prob010-SocialGolfers/params/732ef71dc49842e9bc252d6a492ac88f.param
0.984,0.968,0.969,-0.957,0.557,-0.918,-0.803,0.805,0.982,-0.853,-0.917,-0.774,0.997,-0.931,-0.992,0.957,0.983,0.864,0.963,0.891,-0.998,0.151,0.987,0.975,0.946,0.946,-0.911,-0.853,0.983,-0.988,-0.849,0.242,0.98,-0.914,0.292,0.955,0.76,-0.956,-0.823,0.698,0.808,0.992,0.6,0.821,0.389,-0.978,0.994,-0.951,0.957,0.994,-0.921,-0.978,-0.965,-0.816,-0.9,0.941,0.968,-0.914,0.983,-0.997,-0.948,0.978,0.993,0.922,0.972,-0.998,-0.905,-0.972,-0.98,0.722,-0.975,-0.993,-0.488,-0.93,0.535,-0.974,0.991,0.994,-0.995,0.943,0.992,0.99,-0.982,-0.868,-0.587,0.911,-0.974,-0.99,-0.999,-0.975,-0.99,-0.894,-0.949,0.981,-0.984,-0.982,-0.961,-0.852,-0.995,-0.241,6.778,5.364,10.382,10.41,10.426,10.392,10.371,10.402,6.236,5.542,10.361,10.416,6.544,6.535,10.423,10.426,EssenceCatalog/problems/csplib-prob010-SocialGolfers/params/039fd161ee908efe7ca49e5a30a602aa.param
0.95,0.972,0.941,-0.963,0.74,-0.89,-0.824,0.909,0.993,-0.845,-0.981,-0.926,0.996,-0.922,-0.996,0.989,0.964,0.975,0.936,0.953,-0.997,-0.678,0.988,0.99,0.957,0.919,-0.976,-0.93,-0.916,-0.981,-0.42,0.923,0.951,-0.859,-0.987,0.858,0.848,-0.94,-0.541,0.697,0.993,0.99,0.753,0.953,0.323,-0.971,0.998,-0.966,0.745,0.988,-0.984,-0.964,-0.933,0.968,-0.99,0.971,0.96,-0.841,0.988,-0.995,-0.892,0.967,0.993,-0.121,0.819,-0.994,0.952,-0.928,-0.975,0.923,-0.945,-0.989,-0.875,-0.949,0.741,-0.912,0.991,0.997,-0.993,0.879,0.987,0.995,-0.99,-0.924,0.947,0.856,-0.985,-0.987,-0.998,-0.985,-0.957,-0.901,-0.955,0.894,-0.953,-0.974,-0.38,-0.89,-0.995,0.566,4.499,4.055,10.146,10.27,10.325,10.29,10.315,10.257,4.775,4.16,10.192,10.248,4.993,4.556,10.179,10.257,EssenceCatalog/problems/csplib-prob010-SocialGolfers/params/d8c62c4f4b1ba97224d0c3cff16889da.param
0.923,0.963,0.974,-0.962,0.859,-0.828,-0.93,0.913,0.987,-0.867,-0.984,-0.955,0.996,-0.882,-0.996,0.765,0.98,0.955,0.971,0.987,-0.997,0.492,0.989,0.981,0.9,0.911,-0.967,-0.906,-0.962,-0.984,-0.195,0.971,0.951,-0.824,-0.935,0.87,0.856,-0.934,-0.607,0.801,0.738,0.973,0.842,0.975,0.759,-0.971,0.994,-0.964,0.765,0.991,-0.836,-0.98,-0.912,0.885,-0.938,0.941,0.978,-0.14,0.986,-0.99,-0.844,0.98,0.995,-0.002,0.745,-0.983,0.899,-0.921,-0.982,0.895,-0.956,-0.99,-0.915,-0.925,0.906,-0.951,0.988,0.999,-0.988,0.961,0.985,0.991,-0.987,-0.94,0.723,0.825,-0.984,-0.98,-0.997,-0.979,-0.965,-0.937,-0.965,0.924,-0.926,-0.984,-0.033,-0.798,-0.997,-0.57,5.228,4.111,10.29,10.283,10.34,10.335,10.316,10.288,5.127,4.247,10.305,10.264,5.398,4.84,10.266,10.271,EssenceCatalog/problems/csplib-prob010-SocialGolfers/params/4f1ef8f5d208ce13ef17d98c570ad36d.param
0.975,0.968,0.974,-0.953,0.577,-0.897,-0.834,0.848,0.988,-0.817,-0.95,-0.843,0.997,-0.923,-0.992,0.977,0.972,0.934,0.968,0.954,-0.998,-0.231,0.989,0.981,0.946,0.921,-0.938,-0.874,0.678,-0.983,-0.703,0.611,0.969,-0.87,-0.753,0.935,0.758,-0.946,-0.693,0.61,0.944,0.989,0.618,0.923,0.312,-0.969,0.995,-0.952,0.909,0.992,-0.961,-0.979,-0.963,0.068,-0.963,0.953,0.962,-0.856,0.984,-0.996,-0.918,0.98,0.993,0.718,0.928,-0.996,-0.25,-0.961,-0.985,0.801,-0.966,-0.991,-0.625,-0.929,0.55,-0.968,0.991,0.995,-0.994,0.93,0.988,0.993,-0.985,-0.877,0.232,0.868,-0.98,-0.986,-0.999,-0.979,-0.981,-0.873,-0.937,0.962,-0.971,-0.975,-0.879,-0.836,-0.994,0.061,5.63,4.819,10.374,10.385,10.375,10.384,10.341,10.336,5.515,4.956,10.332,10.381,5.816,5.633,10.352,10.378,EssenceCatalog/problems/csplib-prob010-SocialGolfers/params/eae40dffe0d7fd3e69dfee50e8f7f582.param
0.971,0.968,0.975,-0.952,0.62,-0.889,-0.848,0.855,0.988,-0.815,-0.954,-0.861,0.997,-0.92,-0.992,0.976,0.97,0.942,0.969,0.964,-0.997,-0.235,0.988,0.981,0.942,0.909,-0.942,-0.881,0.39,-0.982,-0.641,0.691,0.963,-0.86,-0.839,0.928,0.752,-0.942,-0.653,0.616,0.951,0.988,0.625,0.936,0.347,-0.967,0.995,-0.952,0.886,0.992,-0.959,-0.979,-0.961,0.287,-0.965,0.956,0.96,-0.811,0.984,-0.996,-0.909,0.98,0.992,0.638,0.911,-0.995,0.05,-0.955,-0.986,0.822,-0.964,-0.99,-0.68,-0.925,0.596,-0.967,0.991,0.995,-0.993,0.934,0.987,0.993,-0.985,-0.883,0.37,0.851,-0.98,-0.985,-0.998,-0.979,-0.977,-0.879,-0.937,0.957,-0.964,-0.974,-0.84,-0.835,-0.994,0.077,5.423,4.66,10.354,10.368,10.37,10.373,10.331,10.316,5.37,4.792,10.32,10.361,5.654,5.407,10.336,10.36,EssenceCatalog/problems/csplib-prob010-SocialGolfers/params/e242baded10039b15c9943d2fa9a763a.param
0.363,0.971,-0.992,-0.986,-0.973,-0.787,0.988,0.98,0.972,-0.949,-0.916,-0.959,0.992,-0.878,-0.998,0.885,0.994,0.962,-0.989,-0.608,-0.997,0.937,0.998,0.987,0.962,0.969,-0.979,-0.963,0.967,-0.991,-0.802,0.762,0.994,-0.965,0.924,-0.575,0.932,-0.969,-0.95,0.662,0.949,0.993,0.787,-0.979,0.335,-0.996,0.998,-0.973,0.917,0.996,-0.884,-0.722,0.942,0.969,-0.976,0.968,0.996,-0.961,0.997,-0.992,-0.969,0.852,0.997,0.957,0.968,-0.996,0.966,-0.945,0.99,0.861,-0.912,-0.997,-0.957,-0.866,0.934,0.977,0.988,0.999,-0.986,-0.461,0.997,0.997,-0.981,-0.963,0.936,0.954,-0.994,-0.985,-0.994,-0.991,-0.994,-0.98,-0.99,0.643,-0.995,-0.992,0.966,-0.452,-0.996,0.816,4.184,3.413,4.927,10.074,10.471,10.458,10.581,10.651,4.144,3.605,4.963,10.097,4.711,4.275,5.904,10.091,EssenceCatalog/problems/csplib-prob010-SocialGolfers/params/a406a01399f9ee5ce9eb47e433cdffb6.param
0.97,0.969,0.974,-0.953,0.738,-0.877,-0.835,0.861,0.982,-0.902,-0.948,-0.905,0.998,-0.899,-0.993,0.882,0.974,0.932,0.959,0.947,-0.997,0.663,0.974,0.983,0.824,0.879,-0.916,-0.914,0.52,-0.989,-0.552,0.769,0.942,-0.852,-0.199,0.885,0.682,-0.953,-0.752,0.814,0.696,0.987,0.639,0.901,0.728,-0.963,0.988,-0.942,0.818,0.992,-0.539,-0.968,-0.895,-0.619,-0.776,0.964,0.951,-0.07,0.979,-0.996,-0.938,0.982,0.994,0.812,0.94,-0.994,-0.227,-0.925,-0.982,0.875,-0.976,-0.99,-0.872,-0.918,0.835,-0.977,0.988,0.996,-0.992,0.961,0.988,0.99,-0.985,-0.894,-0.377,0.839,-0.973,-0.987,-0.998,-0.973,-0.969,-0.894,-0.955,0.959,-0.936,-0.984,-0.835,-0.813,-0.996,-0.318,6.701,5.014,10.408,10.363,10.37,10.353,10.346,10.38,6.13,5.215,10.386,10.352,6.471,6.022,10.379,10.354,EssenceCatalog/problems/csplib-prob010-SocialGolfers/params/b2a6feb365a2bed5e29aeec0bc5e0d5e.param
0.97,0.966,0.973,-0.945,0.612,-0.885,-0.83,0.839,0.984,-0.854,-0.942,-0.87,0.997,-0.901,-0.991,0.96,0.97,0.931,0.963,0.951,-0.997,0.225,0.983,0.981,0.897,0.894,-0.914,-0.889,0.641,-0.985,-0.636,0.618,0.959,-0.851,-0.546,0.915,0.657,-0.943,-0.707,0.696,0.898,0.987,0.62,0.901,0.496,-0.964,0.992,-0.944,0.878,0.992,-0.871,-0.975,-0.944,-0.334,-0.919,0.959,0.955,-0.59,0.98,-0.996,-0.924,0.981,0.992,0.768,0.932,-0.995,-0.256,-0.945,-0.984,0.83,-0.971,-0.99,-0.771,-0.925,0.685,-0.971,0.989,0.995,-0.992,0.943,0.988,0.99,-0.984,-0.879,-0.112,0.835,-0.977,-0.986,-0.998,-0.974,-0.974,-0.873,-0.938,0.959,-0.955,-0.978,-0.865,-0.832,-0.995,-0.056,6.055,4.92,10.387,10.375,10.37,10.374,10.338,10.351,5.772,5.084,10.357,10.37,6.093,5.805,10.368,10.364,EssenceCatalog/problems/csplib-prob010-SocialGolfers/params/428df39b33cc692747fbc150f4962e3b.param
0.98,0.968,0.974,-0.955,0.567,-0.906,-0.829,0.825,0.985,-0.826,-0.937,-0.802,0.997,-0.928,-0.991,0.969,0.978,0.908,0.968,0.939,-0.998,-0.08,0.988,0.978,0.947,0.933,-0.928,-0.855,0.921,-0.985,-0.783,0.451,0.974,-0.894,-0.352,0.946,0.758,-0.949,-0.755,0.643,0.897,0.99,0.591,0.894,0.347,-0.973,0.994,-0.954,0.935,0.993,-0.952,-0.98,-0.965,-0.463,-0.946,0.945,0.965,-0.896,0.984,-0.996,-0.931,0.979,0.993,0.845,0.951,-0.997,-0.697,-0.966,-0.984,0.752,-0.969,-0.992,-0.511,-0.924,0.514,-0.974,0.991,0.995,-0.994,0.941,0.99,0.992,-0.983,-0.872,-0.195,0.889,-0.978,-0.988,-0.999,-0.977,-0.986,-0.886,-0.941,0.973,-0.978,-0.978,-0.928,-0.835,-0.995,-0.1,6.202,5.123,10.408,10.395,10.384,10.39,10.35,10.368,5.877,5.281,10.367,10.398,6.198,6.116,10.404,10.396,EssenceCatalog/problems/csplib-prob010-SocialGolfers/params/d844c350d5f9dd9b057e59f62478d660.param
