feat0,feat1,feat2,feat3,feat4,feat5,feat6,feat7,feat8,feat9,feat10,feat11,feat12,feat13,feat14,feat15,feat16,feat17,feat18,feat19,feat20,feat21,feat22,feat23,feat24,feat25,feat26,feat27,feat28,feat29,feat30,feat31,feat32,feat33,feat34,feat35,feat36,feat37,feat38,feat39,feat40,feat41,feat42,feat43,feat44,feat45,feat46,feat47,feat48,feat49,feat50,feat51,feat52,feat53,feat54,feat55,feat56,feat57,feat58,feat59,feat60,feat61,feat62,feat63,feat64,feat65,feat66,feat67,feat68,feat69,feat70,feat71,feat72,feat73,feat74,feat75,feat76,feat77,feat78,feat79,feat80,feat81,feat82,feat83,feat84,feat85,feat86,feat87,feat88,feat89,feat90,feat91,feat92,feat93,feat94,feat95,feat96,feat97,feat98,feat99,feat100,feat101,feat102,feat103,feat104,feat105,feat106,feat107,feat108,feat109,feat110,feat111,feat112,feat113,feat114,feat115,inst
0.991,0.795,-0.879,-0.946,0.892,-0.994,-0.828,-0.703,-0.981,-0.82,0.466,0.976,0.458,-0.89,-0.616,0.723,-0.982,0.661,0.951,-0.836,-0.993,-0.861,0.41,-0.555,-0.975,-0.957,-0.969,-0.957,0.965,0.923,0.889,0.945,0.977,0.871,0.989,0.973,0.896,-0.914,0.989,-0.892,0.944,0.796,-0.867,-0.204,0.973,-0.99,-0.832,-0.775,-0.98,0.933,0.946,-0.941,0.958,-0.974,-0.986,0.726,-0.907,0.805,-0.992,-0.975,0.823,0.964,-0.913,0.991,-0.995,-0.683,-0.62,-0.984,-0.986,-0.704,0.882,-0.974,0.97,0.936,-0.975,0.986,0.926,-0.965,-0.421,0.995,-0.994,0.908,-0.973,0.982,-0.975,-0.968,-0.957,0.994,0.982,0.753,-0.997,0.997,0.399,-0.62,-0.995,0.909,-0.986,0.984,-0.995,-0.989,6.343,5.245,10.556,10.559,10.458,10.5,10.459,10.528,6.062,5.378,10.56,10.603,6.32,6.196,10.567,10.592,EssenceCatalog/problems/csplib-prob010-SocialGolfers/params/277ba4da109a663977e6f4490a9a1c57.param
0.995,0.842,-0.757,-0.954,-0.638,-0.997,0.63,-0.446,0.956,-0.512,0.624,0.989,-0.965,0.984,-0.977,0.979,-0.988,0.79,0.983,-0.202,-0.992,-0.969,0.826,-0.873,-0.993,-0.996,-0.984,-0.953,0.996,0.973,0.955,0.972,0.996,0.986,0.998,0.996,0.977,-0.958,-0.99,-0.751,0.989,-0.874,-0.953,0.762,0.985,-0.967,0.813,0.987,0.986,0.981,0.986,0.751,0.981,-0.935,-0.993,-0.946,-0.916,0.949,-0.998,-0.994,0.944,0.988,-0.97,0.999,-0.994,-0.829,-0.852,-0.994,-0.997,-0.967,0.987,-0.994,-0.93,-0.964,0.971,0.997,0.985,-0.994,-0.939,0.995,-0.997,0.808,-0.984,0.989,-0.991,-0.482,-0.987,0.997,0.996,0.871,-0.998,0.996,0.948,-0.928,-0.997,-0.961,-0.987,0.995,-0.997,-0.994,4.2,3.466,4.899,10.123,10.595,10.454,10.612,10.787,4.213,3.704,4.955,10.128,4.78,4.33,6.015,10.17,EssenceCatalog/problems/csplib-prob010-SocialGolfers/params/aaca24b9c117681f5ef2489dc7dc5469.param
0.99,0.826,-0.823,-0.97,0.849,-0.995,-0.854,-0.731,-0.98,-0.792,0.589,0.969,-0.399,-0.874,-0.184,0.728,-0.98,0.238,0.964,-0.851,-0.994,-0.93,0.578,0.137,-0.978,-0.976,-0.968,-0.959,0.97,0.961,0.888,0.92,0.978,0.788,0.991,0.976,0.925,-0.912,0.989,-0.893,0.957,0.331,-0.485,-0.409,0.977,-0.99,-0.803,-0.766,-0.977,0.96,0.945,-0.943,0.958,-0.973,-0.985,0.56,-0.869,0.81,-0.994,-0.981,0.858,0.971,-0.942,0.993,-0.995,-0.662,-0.58,-0.98,-0.985,-0.674,0.869,-0.974,0.968,0.918,-0.97,0.983,0.94,-0.973,-0.621,0.995,-0.994,0.862,-0.978,0.986,-0.976,-0.957,-0.962,0.995,0.984,0.721,-0.998,0.997,0.465,-0.812,-0.995,0.875,-0.982,0.988,-0.994,-0.991,5.671,4.818,10.553,10.56,10.513,10.526,10.497,10.523,5.587,4.928,10.55,10.566,5.89,5.602,10.57,10.559,EssenceCatalog/problems/csplib-prob010-SocialGolfers/params/ecd45e5c8c7e55f0a883730da912f155.param
0.991,0.824,-0.857,-0.969,0.862,-0.995,-0.824,-0.703,-0.978,-0.8,0.572,0.972,-0.216,-0.863,-0.318,0.727,-0.983,0.393,0.962,-0.843,-0.994,-0.937,0.488,-0.075,-0.978,-0.976,-0.97,-0.958,0.969,0.961,0.884,0.93,0.978,0.828,0.991,0.976,0.92,-0.908,0.987,-0.889,0.955,0.427,-0.669,-0.434,0.977,-0.99,-0.802,-0.729,-0.976,0.962,0.956,-0.941,0.956,-0.973,-0.988,0.59,-0.891,0.806,-0.994,-0.983,0.858,0.968,-0.95,0.993,-0.995,-0.663,-0.583,-0.982,-0.986,-0.704,0.875,-0.975,0.964,0.913,-0.969,0.986,0.946,-0.973,-0.596,0.996,-0.994,0.882,-0.977,0.986,-0.976,-0.96,-0.961,0.995,0.983,0.734,-0.998,0.997,0.394,-0.748,-0.995,0.874,-0.984,0.989,-0.995,-0.991,5.805,4.932,10.538,10.571,10.502,10.527,10.489,10.535,5.686,5.046,10.537,10.592,5.978,5.756,10.566,10.576,EssenceCatalog/problems/csplib-prob010-SocialGolfers/params/4c4be36de0caf686f20346cb1c303d4a.param
0.991,0.794,-0.881,-0.947,0.89,-0.994,-0.826,-0.697,-0.98,-0.821,0.458,0.976,0.466,-0.883,-0.621,0.717,-0.982,0.67,0.952,-0.836,-0.993,-0.861,0.414,-0.561,-0.976,-0.96,-0.969,-0.958,0.966,0.922,0.889,0.944,0.977,0.872,0.99,0.973,0.898,-0.916,0.988,-0.889,0.946,0.8,-0.869,-0.206,0.973,-0.99,-0.83,-0.764,-0.979,0.935,0.946,-0.938,0.96,-0.974,-0.986,0.724,-0.908,0.808,-0.992,-0.975,0.827,0.964,-0.912,0.991,-0.995,-0.685,-0.616,-0.984,-0.987,-0.704,0.883,-0.975,0.969,0.935,-0.973,0.986,0.925,-0.965,-0.418,0.995,-0.994,0.909,-0.974,0.983,-0.975,-0.968,-0.958,0.995,0.983,0.751,-0.998,0.997,0.401,-0.623,-0.995,0.909,-0.986,0.984,-0.996,-0.989,6.343,5.247,10.55,10.558,10.456,10.498,10.457,10.527,6.063,5.38,10.554,10.602,6.321,6.198,10.563,10.59,EssenceCatalog/problems/csplib-prob010-SocialGolfers/params/3c2d844bd77969ff3d99a6cf436282b4.param
0.991,0.84,-0.828,-0.972,0.844,-0.996,-0.835,-0.721,-0.977,-0.78,0.675,0.966,-0.623,-0.852,-0.04,0.745,-0.982,0.147,0.969,-0.854,-0.995,-0.955,0.571,0.342,-0.979,-0.98,-0.971,-0.959,0.971,0.971,0.883,0.918,0.979,0.775,0.992,0.979,0.936,-0.9,0.986,-0.884,0.956,-0.054,-0.348,-0.496,0.978,-0.99,-0.803,-0.741,-0.974,0.965,0.959,-0.948,0.95,-0.972,-0.988,0.484,-0.872,0.808,-0.994,-0.986,0.881,0.973,-0.962,0.994,-0.995,-0.648,-0.571,-0.981,-0.985,-0.718,0.869,-0.976,0.96,0.905,-0.966,0.985,0.954,-0.976,-0.731,0.996,-0.994,0.856,-0.979,0.988,-0.977,-0.956,-0.963,0.995,0.984,0.745,-0.998,0.997,0.427,-0.828,-0.995,0.852,-0.981,0.991,-0.995,-0.992,5.433,4.66,10.532,10.553,10.528,10.541,10.516,10.53,5.405,4.769,10.518,10.556,5.728,5.419,10.569,10.544,EssenceCatalog/problems/csplib-prob010-SocialGolfers/params/ddb174cf3f96d67afbcbeae80f9f04ef.param
0.986,0.868,-0.464,-0.776,0.787,-0.995,-0.93,-0.879,-0.984,-0.796,0.723,0.968,-0.767,-0.936,-0.187,0.844,-0.968,-0.284,0.974,-0.882,-0.994,-0.385,0.919,0.418,-0.976,-0.867,-0.975,-0.983,0.981,0.782,0.93,0.924,0.98,0.621,0.992,0.974,0.944,-0.943,0.992,-0.942,0.951,0.518,0.534,0.475,0.958,-0.99,-0.895,-0.932,-0.982,0.593,0.807,-0.961,0.967,-0.973,-0.946,0.596,-0.65,0.906,-0.993,-0.959,0.886,0.985,-0.445,0.993,-0.996,-0.765,-0.786,-0.983,-0.971,-0.692,0.878,-0.972,0.977,0.949,-0.979,0.977,0.826,-0.967,-0.776,0.993,-0.993,0.814,-0.977,0.986,-0.986,-0.969,-0.965,0.994,0.992,0.746,-0.998,0.998,0.854,-0.958,-0.994,0.864,-0.977,0.982,-0.992,-0.989,6.124,4.679,10.608,10.481,10.54,10.491,10.499,10.388,5.72,4.788,10.573,10.387,6.064,5.558,10.532,10.464,EssenceCatalog/problems/csplib-prob010-SocialGolfers/params/ffa2d8144c52b9f05ee22fb124f8ab50.param
0.999,0.968,-0.973,0.99,0.988,-0.996,-0.986,-0.986,-0.988,-0.979,0.985,0.994,0.994,-0.973,-0.991,0.981,-0.987,0.992,0.991,-0.989,-0.998,0.993,0.981,-0.992,-0.994,0.98,-0.988,-0.997,0.996,-0.982,0.983,0.996,0.995,0.973,0.996,0.994,0.986,-0.977,0.989,-0.981,0.903,0.992,-0.99,0.993,0.871,-0.998,-0.992,-0.982,-0.985,-0.989,0.977,-0.99,0.99,-0.996,-0.793,0.989,-0.982,0.99,-0.999,-0.952,0.979,0.996,0.917,0.995,-0.999,-0.986,-0.986,-0.997,-0.995,-0.991,0.988,-0.997,0.959,0.989,-0.996,0.997,0.637,-0.941,-0.97,0.997,-0.999,0.982,-0.99,0.985,-0.997,-0.997,-0.991,0.999,0.999,0.992,-1.0,0.999,0.984,-0.974,-0.998,0.993,-0.997,0.993,-0.998,-0.994,9.895,5.851,10.473,10.412,10.518,10.429,10.564,10.518,7.69,6.184,10.458,10.356,8.129,7.961,10.456,10.449,EssenceCatalog/problems/csplib-prob010-SocialGolfers/params/b07d12c3e0e0009cf8f0631447f70c5b.param
0.994,0.548,-0.936,-0.987,-0.97,-0.894,-0.007,-0.498,0.982,-0.305,0.493,0.982,-0.991,0.997,-0.725,0.967,-0.507,0.284,0.995,-0.865,-0.991,-0.97,0.741,-0.26,-0.988,-0.998,-0.503,-0.695,0.996,0.971,0.934,0.919,0.993,0.937,0.997,0.955,0.988,-0.949,-0.99,0.798,0.984,-0.997,-0.484,0.45,0.993,-0.286,0.977,0.998,0.999,0.991,0.877,0.991,0.982,-0.922,-0.683,-0.991,-0.776,0.976,-0.998,-0.959,0.892,0.977,-0.99,0.952,-0.845,-0.853,-0.055,0.018,-0.997,-0.867,0.986,-0.992,-0.937,-0.992,0.985,0.935,0.992,-0.956,-0.98,0.202,-0.998,-0.723,-0.99,0.97,-0.918,0.97,-0.985,0.996,0.994,0.732,-0.966,0.943,0.967,-0.976,-0.988,-0.984,-0.984,0.932,-0.99,-0.956,3.091,2.733,3.613,8.833,9.448,9.03,9.509,10.238,3.303,2.869,3.647,8.839,3.866,3.265,4.624,8.951,EssenceCatalog/problems/csplib-prob010-SocialGolfers/params/ord08-17-9-2.param
0.995,0.838,-0.727,-0.9,-0.438,-0.998,0.629,-0.373,0.955,-0.49,0.658,0.987,-0.916,0.979,-0.984,0.98,-0.989,0.878,0.977,-0.279,-0.99,-0.949,0.799,-0.925,-0.992,-0.993,-0.984,-0.958,0.995,0.949,0.948,0.974,0.995,0.987,0.997,0.996,0.971,-0.946,-0.991,-0.809,0.983,-0.786,-0.971,0.823,0.98,-0.97,0.683,0.984,0.983,0.961,0.989,0.611,0.975,-0.924,-0.994,-0.93,-0.91,0.942,-0.997,-0.993,0.949,0.987,-0.957,0.999,-0.995,-0.843,-0.881,-0.996,-0.997,-0.971,0.985,-0.993,-0.939,-0.951,0.966,0.997,0.982,-0.993,-0.93,0.997,-0.996,0.862,-0.979,0.986,-0.991,-0.721,-0.983,0.996,0.995,0.885,-0.998,0.995,0.945,-0.902,-0.997,-0.935,-0.984,0.995,-0.997,-0.994,4.358,3.54,5.043,10.16,10.619,10.494,10.632,10.773,4.315,3.796,5.094,10.163,4.887,4.476,6.157,10.2,EssenceCatalog/problems/csplib-prob010-SocialGolfers/params/c848d743c323662bfa4dc73851baebcb.param
0.991,0.792,-0.886,-0.953,0.887,-0.994,-0.828,-0.695,-0.98,-0.813,0.51,0.975,0.294,-0.874,-0.528,0.716,-0.981,0.62,0.957,-0.846,-0.994,-0.896,0.397,-0.452,-0.976,-0.965,-0.967,-0.953,0.967,0.938,0.884,0.942,0.977,0.859,0.99,0.972,0.907,-0.91,0.988,-0.871,0.945,0.682,-0.832,-0.266,0.975,-0.99,-0.822,-0.75,-0.978,0.943,0.949,-0.938,0.956,-0.974,-0.986,0.691,-0.906,0.806,-0.993,-0.977,0.831,0.966,-0.936,0.991,-0.995,-0.679,-0.582,-0.982,-0.987,-0.711,0.88,-0.976,0.967,0.929,-0.973,0.984,0.937,-0.964,-0.519,0.995,-0.995,0.897,-0.975,0.983,-0.973,-0.963,-0.958,0.995,0.982,0.756,-0.997,0.997,0.372,-0.642,-0.995,0.905,-0.987,0.986,-0.995,-0.989,6.194,5.163,10.543,10.557,10.465,10.505,10.463,10.535,5.955,5.292,10.546,10.6,6.222,6.09,10.563,10.583,EssenceCatalog/problems/csplib-prob010-SocialGolfers/params/22bcfb519042a71c39552f8248e87ff0.param
0.994,0.853,-0.785,-0.97,-0.851,-0.996,0.681,-0.255,0.983,-0.44,0.636,0.99,-0.985,0.994,-0.971,0.976,-0.977,0.738,0.986,-0.094,-0.992,-0.978,0.786,-0.855,-0.993,-0.998,-0.971,-0.945,0.995,0.972,0.956,0.965,0.996,0.981,0.998,0.995,0.982,-0.953,-0.996,-0.527,0.991,-0.941,-0.925,0.753,0.988,-0.94,0.902,0.995,0.995,0.988,0.983,0.914,0.983,-0.916,-0.988,-0.971,-0.895,0.959,-0.998,-0.994,0.932,0.987,-0.982,0.998,-0.991,-0.818,-0.865,-0.988,-0.998,-0.962,0.987,-0.993,-0.97,-0.988,0.991,0.996,0.989,-0.994,-0.948,0.992,-0.997,0.632,-0.985,0.989,-0.99,0.139,-0.986,0.997,0.996,0.856,-0.997,0.994,0.955,-0.943,-0.997,-0.985,-0.984,0.993,-0.997,-0.993,3.985,3.331,4.54,9.947,10.486,10.315,10.505,10.71,4.044,3.545,4.606,9.947,4.615,4.122,5.666,9.99,EssenceCatalog/problems/csplib-prob010-SocialGolfers/params/738cca69d0202b1e10d4b9e5fb607780.param
0.992,0.781,-0.909,-0.909,0.916,-0.994,-0.827,-0.71,-0.982,-0.843,0.441,0.98,0.792,-0.901,-0.786,0.74,-0.983,0.815,0.947,-0.841,-0.993,-0.753,0.339,-0.799,-0.976,-0.933,-0.971,-0.958,0.964,0.867,0.898,0.959,0.978,0.91,0.988,0.971,0.884,-0.919,0.989,-0.894,0.933,0.907,-0.944,-0.009,0.97,-0.99,-0.861,-0.797,-0.982,0.89,0.947,-0.942,0.961,-0.976,-0.986,0.806,-0.929,0.819,-0.992,-0.969,0.807,0.964,-0.881,0.989,-0.995,-0.713,-0.656,-0.986,-0.988,-0.736,0.895,-0.977,0.971,0.947,-0.979,0.987,0.914,-0.959,-0.345,0.995,-0.994,0.928,-0.971,0.98,-0.975,-0.976,-0.957,0.995,0.982,0.797,-0.997,0.997,0.418,-0.495,-0.996,0.93,-0.989,0.982,-0.996,-0.988,6.696,5.414,10.578,10.567,10.455,10.507,10.469,10.541,6.285,5.565,10.58,10.621,6.533,6.47,10.582,10.617,EssenceCatalog/problems/csplib-prob010-SocialGolfers/params/d10b8d5dc0eaa3fbb24870b330b8b364.param
0.993,0.918,-0.472,0.522,0.886,-0.994,-0.938,-0.919,-0.974,-0.835,0.947,0.971,-0.7,-0.923,-0.476,0.941,-0.973,0.304,0.979,-0.956,-0.995,0.486,0.945,-0.096,-0.981,-0.191,-0.979,-0.991,0.984,0.216,0.949,0.958,0.989,0.626,0.993,0.98,0.968,-0.927,0.983,-0.899,0.893,0.293,0.609,0.95,0.934,-0.994,-0.959,-0.965,-0.976,-0.647,0.891,-0.972,0.947,-0.982,-0.92,0.814,-0.596,0.948,-0.996,-0.957,0.946,0.992,-0.072,0.994,-0.998,-0.885,-0.914,-0.991,-0.982,-0.913,0.919,-0.981,0.933,0.945,-0.979,0.981,0.85,-0.969,-0.962,0.997,-0.996,0.777,-0.981,0.984,-0.993,-0.974,-0.973,0.996,0.995,0.907,-0.999,0.998,0.953,-0.981,-0.996,0.892,-0.983,0.989,-0.992,-0.989,7.737,4.934,10.38,10.249,10.408,10.334,10.38,10.255,6.371,5.135,10.347,10.159,6.822,6.439,10.316,10.214,EssenceCatalog/problems/csplib-prob010-SocialGolfers/params/3cb675d3002db59189db8f4f98a4b111.param
0.987,0.849,-0.497,-0.623,0.823,-0.994,-0.917,-0.88,-0.984,-0.784,0.721,0.968,-0.578,-0.933,-0.429,0.857,-0.97,-0.006,0.969,-0.887,-0.993,-0.265,0.901,0.115,-0.973,-0.798,-0.973,-0.981,0.979,0.728,0.926,0.934,0.979,0.697,0.991,0.97,0.935,-0.939,0.992,-0.932,0.934,0.658,0.244,0.636,0.953,-0.99,-0.909,-0.935,-0.982,0.396,0.813,-0.962,0.961,-0.973,-0.949,0.683,-0.662,0.899,-0.992,-0.951,0.872,0.982,-0.37,0.991,-0.996,-0.773,-0.78,-0.984,-0.972,-0.734,0.886,-0.973,0.975,0.955,-0.98,0.975,0.797,-0.959,-0.747,0.993,-0.993,0.818,-0.975,0.983,-0.985,-0.972,-0.96,0.994,0.99,0.765,-0.998,0.997,0.855,-0.942,-0.994,0.887,-0.979,0.979,-0.991,-0.987,6.577,4.88,10.583,10.48,10.516,10.476,10.491,10.4,5.984,5.004,10.543,10.408,6.329,5.902,10.514,10.471,EssenceCatalog/problems/csplib-prob010-SocialGolfers/params/18227a3ee903af9b7f539f7e228029d7.param
0.986,0.855,-0.489,-0.81,0.784,-0.994,-0.906,-0.839,-0.98,-0.737,0.774,0.96,-0.836,-0.908,0.004,0.827,-0.969,-0.267,0.971,-0.884,-0.993,-0.672,0.867,0.51,-0.974,-0.907,-0.972,-0.975,0.973,0.874,0.909,0.912,0.978,0.572,0.99,0.971,0.936,-0.914,0.99,-0.909,0.933,0.046,0.542,0.42,0.958,-0.989,-0.883,-0.913,-0.979,0.708,0.868,-0.958,0.948,-0.969,-0.961,0.541,-0.646,0.878,-0.993,-0.966,0.877,0.981,-0.738,0.992,-0.995,-0.725,-0.732,-0.98,-0.973,-0.711,0.856,-0.97,0.966,0.935,-0.973,0.972,0.88,-0.967,-0.837,0.993,-0.992,0.757,-0.974,0.984,-0.983,-0.961,-0.958,0.994,0.989,0.735,-0.998,0.997,0.803,-0.947,-0.993,0.843,-0.973,0.985,-0.99,-0.988,5.741,4.527,10.559,10.477,10.526,10.5,10.5,10.423,5.47,4.63,10.535,10.404,5.826,5.358,10.52,10.458,EssenceCatalog/problems/csplib-prob010-SocialGolfers/params/ec0a5673c04f635f07ff85f53e0bcf7a.param
0.998,0.902,-0.976,0.923,0.988,-0.994,-0.951,-0.916,-0.979,-0.909,0.974,0.988,0.988,-0.915,-0.969,0.956,-0.987,0.993,0.98,-0.981,-0.995,0.845,0.661,-0.988,-0.984,0.652,-0.971,-0.986,0.987,-0.78,0.957,0.994,0.994,0.96,0.995,0.983,0.959,-0.889,0.984,-0.842,0.643,0.913,-0.992,0.983,0.874,-0.996,-0.984,-0.957,-0.987,-0.897,0.986,-0.979,0.961,-0.993,-0.946,0.971,-0.97,0.963,-0.998,-0.961,0.92,0.99,-0.634,0.989,-0.998,-0.961,-0.937,-0.996,-0.994,-0.971,0.963,-0.995,0.867,0.969,-0.99,0.994,0.944,-0.938,-0.965,0.999,-0.998,0.955,-0.985,0.975,-0.993,-0.992,-0.979,0.998,0.995,0.985,-0.998,0.998,0.891,-0.844,-0.997,0.987,-0.995,0.992,-0.998,-0.988,9.44,5.738,10.458,10.422,10.504,10.497,10.539,10.557,7.416,6.09,10.482,10.376,7.846,7.841,10.451,10.443,EssenceCatalog/problems/csplib-prob010-SocialGolfers/params/5547042f1c9a1728ddff0060e154bda8.param
0.99,0.798,-0.87,-0.951,0.884,-0.994,-0.837,-0.706,-0.98,-0.814,0.471,0.975,0.33,-0.885,-0.554,0.716,-0.981,0.605,0.955,-0.839,-0.994,-0.87,0.451,-0.457,-0.975,-0.962,-0.968,-0.957,0.967,0.928,0.889,0.938,0.977,0.855,0.99,0.973,0.901,-0.916,0.988,-0.889,0.948,0.757,-0.825,-0.23,0.974,-0.99,-0.827,-0.769,-0.979,0.939,0.942,-0.939,0.96,-0.974,-0.985,0.702,-0.899,0.808,-0.992,-0.974,0.83,0.966,-0.913,0.991,-0.995,-0.682,-0.612,-0.983,-0.986,-0.689,0.879,-0.974,0.97,0.934,-0.973,0.985,0.925,-0.965,-0.441,0.995,-0.994,0.9,-0.974,0.983,-0.975,-0.966,-0.958,0.995,0.983,0.742,-0.997,0.997,0.414,-0.665,-0.995,0.906,-0.986,0.984,-0.995,-0.989,6.247,5.187,10.553,10.558,10.464,10.5,10.461,10.526,5.996,5.315,10.556,10.596,6.261,6.11,10.564,10.585,EssenceCatalog/problems/csplib-prob010-SocialGolfers/params/b19e911a4b1ae9864c36275a33d0d846.param
0.991,0.802,-0.876,-0.955,0.882,-0.995,-0.819,-0.69,-0.979,-0.808,0.529,0.974,0.203,-0.874,-0.503,0.722,-0.982,0.586,0.956,-0.841,-0.994,-0.902,0.412,-0.399,-0.976,-0.966,-0.969,-0.955,0.966,0.942,0.884,0.939,0.977,0.853,0.99,0.974,0.906,-0.906,0.987,-0.879,0.946,0.655,-0.81,-0.283,0.975,-0.99,-0.821,-0.752,-0.978,0.945,0.953,-0.94,0.955,-0.973,-0.987,0.678,-0.901,0.801,-0.993,-0.979,0.837,0.965,-0.936,0.992,-0.995,-0.673,-0.599,-0.983,-0.986,-0.714,0.876,-0.975,0.965,0.925,-0.972,0.985,0.938,-0.968,-0.524,0.995,-0.994,0.895,-0.975,0.984,-0.975,-0.964,-0.957,0.995,0.982,0.748,-0.997,0.997,0.379,-0.657,-0.995,0.896,-0.986,0.987,-0.995,-0.99,6.142,5.129,10.542,10.562,10.473,10.511,10.468,10.533,5.918,5.256,10.544,10.6,6.189,6.042,10.563,10.583,EssenceCatalog/problems/csplib-prob010-SocialGolfers/params/39002562febaca11bbae22c5d0d7b025.param
0.992,0.776,-0.921,-0.887,0.926,-0.994,-0.826,-0.707,-0.983,-0.848,0.466,0.98,0.851,-0.901,-0.819,0.747,-0.984,0.857,0.947,-0.85,-0.993,-0.718,0.289,-0.845,-0.976,-0.922,-0.971,-0.957,0.964,0.841,0.898,0.963,0.979,0.918,0.988,0.97,0.883,-0.916,0.989,-0.885,0.924,0.916,-0.959,0.072,0.968,-0.991,-0.871,-0.804,-0.982,0.867,0.951,-0.943,0.959,-0.977,-0.986,0.827,-0.937,0.824,-0.992,-0.968,0.807,0.964,-0.884,0.988,-0.995,-0.727,-0.659,-0.987,-0.989,-0.754,0.898,-0.979,0.969,0.949,-0.98,0.987,0.916,-0.956,-0.374,0.996,-0.995,0.932,-0.971,0.979,-0.975,-0.977,-0.956,0.995,0.982,0.818,-0.997,0.997,0.41,-0.453,-0.996,0.938,-0.99,0.982,-0.996,-0.987,6.798,5.449,10.589,10.571,10.459,10.516,10.48,10.551,6.337,5.609,10.588,10.626,6.587,6.547,10.591,10.625,EssenceCatalog/problems/csplib-prob010-SocialGolfers/params/98c40fbcdabdecee4c5f022562b9f804.param
0.999,0.93,-0.973,0.967,0.989,-0.995,-0.967,-0.952,-0.982,-0.929,0.983,0.99,0.988,-0.937,-0.976,0.967,-0.987,0.992,0.983,-0.986,-0.996,0.939,0.825,-0.988,-0.986,0.86,-0.976,-0.991,0.991,-0.894,0.967,0.995,0.995,0.959,0.996,0.988,0.969,-0.916,0.988,-0.894,0.679,0.94,-0.989,0.99,0.855,-0.997,-0.989,-0.971,-0.989,-0.958,0.985,-0.985,0.969,-0.994,-0.923,0.98,-0.969,0.975,-0.998,-0.957,0.945,0.993,-0.223,0.992,-0.999,-0.971,-0.959,-0.996,-0.995,-0.979,0.972,-0.996,0.888,0.977,-0.993,0.995,0.921,-0.946,-0.973,0.999,-0.999,0.962,-0.987,0.977,-0.995,-0.994,-0.984,0.998,0.997,0.989,-0.999,0.999,0.94,-0.909,-0.997,0.989,-0.995,0.993,-0.998,-0.99,9.643,5.781,10.477,10.436,10.531,10.498,10.566,10.564,7.529,6.131,10.493,10.383,7.965,7.911,10.466,10.462,EssenceCatalog/problems/csplib-prob010-SocialGolfers/params/f08d945e9f73ef738962aa955402334d.param
0.999,0.919,-0.967,0.962,0.988,-0.994,-0.96,-0.943,-0.98,-0.916,0.982,0.988,0.981,-0.927,-0.968,0.963,-0.987,0.99,0.983,-0.985,-0.996,0.901,0.804,-0.983,-0.985,0.807,-0.974,-0.989,0.989,-0.847,0.96,0.994,0.994,0.952,0.995,0.986,0.967,-0.904,0.986,-0.864,0.657,0.9,-0.985,0.989,0.863,-0.996,-0.986,-0.967,-0.988,-0.951,0.984,-0.985,0.961,-0.993,-0.929,0.975,-0.961,0.97,-0.998,-0.959,0.94,0.993,-0.386,0.992,-0.998,-0.967,-0.949,-0.996,-0.994,-0.977,0.969,-0.995,0.877,0.973,-0.992,0.994,0.931,-0.944,-0.975,0.999,-0.998,0.953,-0.986,0.975,-0.994,-0.992,-0.981,0.998,0.996,0.987,-0.999,0.998,0.93,-0.907,-0.997,0.987,-0.995,0.993,-0.998,-0.989,9.568,5.756,10.462,10.425,10.516,10.492,10.55,10.559,7.481,6.106,10.482,10.375,7.917,7.88,10.454,10.449,EssenceCatalog/problems/csplib-prob010-SocialGolfers/params/45c6cebfa8dc5d38095c8fdb2b4a1767.param
0.99,0.82,-0.847,-0.965,0.864,-0.995,-0.833,-0.703,-0.978,-0.798,0.564,0.972,-0.152,-0.871,-0.335,0.724,-0.981,0.419,0.96,-0.843,-0.994,-0.92,0.495,-0.116,-0.977,-0.972,-0.969,-0.958,0.968,0.953,0.885,0.927,0.978,0.817,0.991,0.976,0.914,-0.907,0.987,-0.887,0.952,0.493,-0.665,-0.352,0.976,-0.99,-0.809,-0.753,-0.977,0.956,0.95,-0.941,0.956,-0.972,-0.987,0.613,-0.884,0.804,-0.993,-0.981,0.851,0.968,-0.939,0.993,-0.995,-0.664,-0.601,-0.982,-0.985,-0.693,0.871,-0.973,0.965,0.918,-0.969,0.985,0.94,-0.972,-0.572,0.995,-0.994,0.878,-0.976,0.985,-0.976,-0.96,-0.96,0.995,0.983,0.73,-0.998,0.997,0.416,-0.749,-0.995,0.881,-0.983,0.988,-0.995,-0.991,5.878,4.962,10.542,10.563,10.496,10.521,10.482,10.527,5.733,5.077,10.542,10.584,6.022,5.804,10.563,10.571,EssenceCatalog/problems/csplib-prob010-SocialGolfers/params/3b7f19052375307398fdba7e1a5062b0.param
0.989,0.876,-0.63,-0.96,0.763,-0.996,-0.886,-0.806,-0.978,-0.733,0.772,0.958,-0.922,-0.874,0.357,0.81,-0.978,-0.442,0.977,-0.873,-0.994,-0.934,0.83,0.776,-0.979,-0.974,-0.974,-0.968,0.974,0.968,0.902,0.9,0.981,0.63,0.992,0.98,0.948,-0.91,0.989,-0.92,0.958,-0.551,0.543,-0.374,0.973,-0.99,-0.812,-0.843,-0.973,0.944,0.94,-0.96,0.952,-0.97,-0.983,0.309,-0.766,0.853,-0.995,-0.985,0.901,0.982,-0.937,0.995,-0.995,-0.659,-0.627,-0.98,-0.982,-0.673,0.864,-0.974,0.964,0.902,-0.968,0.979,0.942,-0.978,-0.855,0.994,-0.994,0.773,-0.98,0.988,-0.98,-0.959,-0.965,0.994,0.988,0.724,-0.998,0.997,0.66,-0.946,-0.994,0.801,-0.973,0.992,-0.993,-0.992,5.107,4.303,10.529,10.493,10.565,10.545,10.546,10.474,5.096,4.405,10.503,10.458,5.46,4.969,10.531,10.471,EssenceCatalog/problems/csplib-prob010-SocialGolfers/params/38821fd9370b51c0fe558b3d3bb5f4f6.param
0.99,0.803,-0.846,-0.949,0.876,-0.994,-0.832,-0.711,-0.979,-0.792,0.559,0.971,0.012,-0.879,-0.422,0.723,-0.981,0.486,0.957,-0.846,-0.994,-0.895,0.483,-0.245,-0.975,-0.963,-0.968,-0.956,0.967,0.94,0.88,0.932,0.976,0.824,0.99,0.973,0.91,-0.905,0.988,-0.879,0.944,0.581,-0.717,-0.232,0.973,-0.99,-0.829,-0.78,-0.979,0.936,0.946,-0.944,0.953,-0.972,-0.985,0.658,-0.88,0.799,-0.993,-0.977,0.838,0.967,-0.929,0.992,-0.994,-0.667,-0.596,-0.982,-0.984,-0.702,0.869,-0.974,0.966,0.928,-0.972,0.983,0.931,-0.967,-0.56,0.995,-0.994,0.882,-0.974,0.984,-0.974,-0.963,-0.956,0.994,0.982,0.741,-0.997,0.997,0.424,-0.719,-0.995,0.892,-0.984,0.986,-0.995,-0.989,6.046,5.046,10.55,10.561,10.484,10.515,10.475,10.53,5.841,5.166,10.551,10.588,6.123,5.934,10.566,10.575,EssenceCatalog/problems/csplib-prob010-SocialGolfers/params/b96db2a0c75e8b0d5f46f523fe6e0aa4.param
0.991,0.837,-0.838,-0.974,0.847,-0.996,-0.841,-0.706,-0.977,-0.794,0.607,0.97,-0.431,-0.862,-0.169,0.728,-0.981,0.267,0.965,-0.847,-0.995,-0.94,0.535,0.131,-0.978,-0.979,-0.969,-0.96,0.971,0.965,0.888,0.919,0.979,0.795,0.991,0.978,0.926,-0.907,0.987,-0.889,0.958,0.267,-0.508,-0.456,0.978,-0.99,-0.797,-0.733,-0.975,0.966,0.954,-0.941,0.957,-0.973,-0.987,0.54,-0.878,0.809,-0.994,-0.984,0.868,0.97,-0.952,0.994,-0.995,-0.664,-0.6,-0.981,-0.986,-0.692,0.87,-0.974,0.964,0.909,-0.966,0.985,0.948,-0.976,-0.636,0.995,-0.994,0.866,-0.979,0.987,-0.977,-0.956,-0.963,0.995,0.984,0.728,-0.998,0.997,0.424,-0.798,-0.995,0.863,-0.982,0.99,-0.995,-0.992,5.631,4.803,10.536,10.56,10.517,10.533,10.501,10.525,5.557,4.914,10.531,10.568,5.863,5.589,10.564,10.558,EssenceCatalog/problems/csplib-prob010-SocialGolfers/params/6d5a4104066b80d50cf17762e4aed8a2.param
0.991,0.784,-0.905,-0.929,0.909,-0.994,-0.829,-0.703,-0.982,-0.839,0.433,0.979,0.724,-0.894,-0.741,0.73,-0.983,0.783,0.949,-0.84,-0.993,-0.806,0.348,-0.743,-0.976,-0.946,-0.97,-0.957,0.965,0.893,0.894,0.955,0.978,0.901,0.989,0.971,0.89,-0.919,0.989,-0.893,0.939,0.881,-0.93,-0.111,0.971,-0.99,-0.849,-0.778,-0.981,0.914,0.948,-0.94,0.961,-0.975,-0.986,0.782,-0.926,0.814,-0.992,-0.971,0.813,0.964,-0.899,0.989,-0.995,-0.705,-0.634,-0.985,-0.988,-0.724,0.892,-0.977,0.971,0.943,-0.977,0.987,0.921,-0.96,-0.362,0.995,-0.995,0.924,-0.973,0.981,-0.975,-0.973,-0.957,0.995,0.982,0.783,-0.997,0.997,0.395,-0.52,-0.996,0.925,-0.988,0.982,-0.996,-0.988,6.571,5.371,10.566,10.562,10.45,10.499,10.46,10.536,6.214,5.515,10.57,10.616,6.462,6.387,10.575,10.606,EssenceCatalog/problems/csplib-prob010-SocialGolfers/params/7a3507ffc71a685a7ffa520283d34577.param
0.99,0.794,-0.848,-0.941,0.88,-0.994,-0.852,-0.735,-0.981,-0.815,0.417,0.977,0.428,-0.896,-0.621,0.727,-0.98,0.605,0.953,-0.834,-0.993,-0.814,0.528,-0.524,-0.974,-0.952,-0.967,-0.961,0.968,0.906,0.897,0.94,0.976,0.862,0.99,0.972,0.896,-0.927,0.99,-0.907,0.949,0.839,-0.831,-0.112,0.972,-0.989,-0.835,-0.797,-0.98,0.921,0.924,-0.939,0.965,-0.973,-0.982,0.72,-0.89,0.817,-0.992,-0.968,0.814,0.967,-0.866,0.99,-0.994,-0.693,-0.631,-0.982,-0.985,-0.666,0.884,-0.973,0.974,0.942,-0.975,0.984,0.902,-0.961,-0.349,0.994,-0.994,0.903,-0.972,0.982,-0.975,-0.969,-0.958,0.994,0.984,0.737,-0.997,0.997,0.491,-0.685,-0.995,0.911,-0.985,0.981,-0.995,-0.988,6.385,5.245,10.564,10.563,10.461,10.493,10.46,10.525,6.092,5.375,10.569,10.598,6.348,6.187,10.564,10.594,EssenceCatalog/problems/csplib-prob010-SocialGolfers/params/2ff98ef1567b1f9e43e03c2b7b03786c.param
0.991,0.842,-0.821,-0.978,0.84,-0.996,-0.858,-0.766,-0.979,-0.777,0.67,0.965,-0.722,-0.852,0.058,0.76,-0.982,-0.025,0.975,-0.865,-0.995,-0.966,0.648,0.549,-0.981,-0.983,-0.971,-0.959,0.974,0.977,0.887,0.915,0.98,0.785,0.993,0.98,0.947,-0.917,0.988,-0.898,0.964,-0.259,-0.2,-0.631,0.979,-0.99,-0.781,-0.735,-0.972,0.973,0.958,-0.954,0.955,-0.975,-0.987,0.408,-0.878,0.815,-0.995,-0.987,0.891,0.978,-0.966,0.995,-0.995,-0.647,-0.514,-0.979,-0.986,-0.694,0.877,-0.979,0.966,0.906,-0.97,0.983,0.956,-0.975,-0.765,0.995,-0.995,0.85,-0.982,0.989,-0.976,-0.956,-0.967,0.995,0.986,0.759,-0.998,0.997,0.45,-0.867,-0.995,0.853,-0.982,0.992,-0.995,-0.992,5.267,4.557,10.543,10.56,10.547,10.55,10.534,10.54,5.29,4.661,10.522,10.557,5.622,5.263,10.577,10.541,EssenceCatalog/problems/csplib-prob010-SocialGolfers/params/3756d48847ddf0d87a9f816c5a6bcf5c.param
0.989,0.85,-0.487,-0.088,0.858,-0.991,-0.913,-0.896,-0.983,-0.77,0.827,0.965,-0.459,-0.926,-0.54,0.893,-0.97,0.245,0.97,-0.918,-0.993,-0.021,0.894,-0.133,-0.97,-0.595,-0.973,-0.98,0.977,0.594,0.923,0.944,0.981,0.722,0.99,0.963,0.935,-0.926,0.992,-0.9,0.885,0.572,0.182,0.857,0.94,-0.99,-0.926,-0.954,-0.982,-0.116,0.823,-0.965,0.945,-0.973,-0.943,0.761,-0.639,0.911,-0.993,-0.936,0.877,0.985,-0.322,0.99,-0.995,-0.801,-0.797,-0.984,-0.974,-0.807,0.893,-0.974,0.964,0.957,-0.983,0.969,0.795,-0.945,-0.86,0.994,-0.993,0.768,-0.971,0.978,-0.984,-0.972,-0.956,0.995,0.99,0.825,-0.997,0.997,0.895,-0.947,-0.993,0.911,-0.98,0.977,-0.99,-0.983,7.185,4.987,10.477,10.38,10.436,10.398,10.42,10.35,6.227,5.145,10.441,10.317,6.615,6.261,10.416,10.364,EssenceCatalog/problems/csplib-prob010-SocialGolfers/params/ddd07084685e31b1659ca92227c9165e.param
0.989,0.87,-0.691,-0.97,0.792,-0.996,-0.879,-0.781,-0.979,-0.754,0.718,0.961,-0.858,-0.882,0.268,0.769,-0.979,-0.319,0.972,-0.862,-0.994,-0.936,0.773,0.679,-0.979,-0.977,-0.972,-0.967,0.972,0.967,0.899,0.899,0.98,0.655,0.992,0.98,0.94,-0.908,0.989,-0.916,0.961,-0.304,0.318,-0.43,0.975,-0.99,-0.812,-0.827,-0.976,0.955,0.942,-0.956,0.956,-0.971,-0.983,0.402,-0.794,0.837,-0.994,-0.984,0.892,0.978,-0.939,0.995,-0.995,-0.66,-0.633,-0.98,-0.982,-0.655,0.857,-0.973,0.965,0.908,-0.968,0.981,0.942,-0.979,-0.788,0.995,-0.994,0.814,-0.98,0.988,-0.98,-0.958,-0.963,0.994,0.986,0.704,-0.998,0.998,0.604,-0.924,-0.994,0.824,-0.974,0.991,-0.993,-0.992,5.194,4.403,10.544,10.501,10.554,10.54,10.529,10.47,5.189,4.508,10.524,10.471,5.541,5.078,10.546,10.481,EssenceCatalog/problems/csplib-prob010-SocialGolfers/params/45c3df5dd995a6b83cbc02475b9d574d.param
0.991,0.806,-0.869,-0.96,0.876,-0.995,-0.832,-0.701,-0.98,-0.81,0.499,0.975,0.178,-0.878,-0.488,0.719,-0.982,0.556,0.957,-0.839,-0.994,-0.902,0.445,-0.363,-0.977,-0.968,-0.968,-0.957,0.968,0.944,0.887,0.937,0.977,0.851,0.99,0.974,0.907,-0.913,0.988,-0.888,0.95,0.674,-0.795,-0.309,0.975,-0.99,-0.815,-0.75,-0.978,0.95,0.948,-0.939,0.959,-0.973,-0.986,0.669,-0.899,0.806,-0.993,-0.978,0.837,0.966,-0.931,0.992,-0.995,-0.677,-0.601,-0.982,-0.986,-0.696,0.877,-0.974,0.969,0.927,-0.972,0.985,0.935,-0.968,-0.493,0.995,-0.994,0.895,-0.975,0.984,-0.975,-0.963,-0.959,0.995,0.983,0.74,-0.998,0.997,0.398,-0.68,-0.995,0.896,-0.985,0.986,-0.995,-0.99,6.114,5.118,10.547,10.564,10.475,10.51,10.469,10.531,5.906,5.242,10.55,10.599,6.177,6.011,10.565,10.585,EssenceCatalog/problems/csplib-prob010-SocialGolfers/params/9a316310672c7495b642ec3742b3e635.param
0.995,0.833,-0.786,-0.916,-0.422,-0.997,0.613,-0.327,0.956,-0.566,0.571,0.989,-0.882,0.981,-0.985,0.976,-0.986,0.897,0.979,-0.212,-0.991,-0.938,0.77,-0.944,-0.993,-0.994,-0.982,-0.958,0.994,0.937,0.952,0.973,0.996,0.987,0.997,0.996,0.972,-0.957,-0.992,-0.786,0.985,-0.685,-0.976,0.815,0.982,-0.969,0.71,0.987,0.984,0.968,0.986,0.676,0.978,-0.933,-0.991,-0.914,-0.93,0.942,-0.998,-0.993,0.947,0.987,-0.953,0.999,-0.994,-0.841,-0.88,-0.995,-0.997,-0.969,0.986,-0.994,-0.935,-0.946,0.968,0.997,0.981,-0.993,-0.923,0.996,-0.997,0.87,-0.981,0.987,-0.991,-0.641,-0.985,0.997,0.996,0.891,-0.998,0.995,0.943,-0.881,-0.997,-0.925,-0.987,0.994,-0.997,-0.993,4.361,3.555,5.022,10.13,10.603,10.471,10.611,10.754,4.33,3.811,5.076,10.134,4.891,4.482,6.127,10.18,EssenceCatalog/problems/csplib-prob010-SocialGolfers/params/2fd66c494d39f150720bfecda2a42e2b.param
0.99,0.815,-0.81,-0.964,0.848,-0.995,-0.852,-0.741,-0.979,-0.785,0.546,0.97,-0.293,-0.874,-0.293,0.734,-0.979,0.29,0.963,-0.847,-0.994,-0.916,0.595,0.036,-0.976,-0.971,-0.967,-0.958,0.97,0.954,0.888,0.924,0.977,0.803,0.991,0.974,0.921,-0.917,0.989,-0.895,0.955,0.453,-0.548,-0.322,0.976,-0.989,-0.804,-0.771,-0.976,0.952,0.937,-0.941,0.96,-0.972,-0.984,0.583,-0.865,0.812,-0.993,-0.978,0.845,0.971,-0.928,0.992,-0.994,-0.662,-0.577,-0.979,-0.984,-0.665,0.876,-0.974,0.969,0.922,-0.97,0.982,0.931,-0.969,-0.582,0.994,-0.994,0.864,-0.976,0.985,-0.975,-0.959,-0.96,0.995,0.984,0.714,-0.998,0.997,0.482,-0.804,-0.995,0.879,-0.982,0.986,-0.994,-0.99,5.787,4.89,10.548,10.563,10.499,10.514,10.485,10.521,5.67,4.999,10.547,10.571,5.963,5.693,10.559,10.565,EssenceCatalog/problems/csplib-prob010-SocialGolfers/params/386fe7542d76233ca328a96be2cd6e9e.param
0.994,0.883,-0.843,-0.982,-0.954,-0.992,0.518,-0.105,0.994,-0.419,0.796,0.987,-0.997,0.998,-0.887,0.969,-0.908,0.585,0.991,-0.499,-0.995,-0.965,0.735,-0.66,-0.994,-0.998,-0.914,-0.944,0.996,0.958,0.96,0.94,0.996,0.936,0.998,0.995,0.988,-0.931,-0.999,0.161,0.99,-0.99,-0.596,0.738,0.992,-0.87,0.936,0.998,0.999,0.991,0.983,0.979,0.984,-0.906,-0.956,-0.987,-0.818,0.968,-0.999,-0.994,0.952,0.985,-0.987,0.997,-0.989,-0.851,-0.874,-0.959,-0.998,-0.957,0.987,-0.993,-0.988,-0.995,0.997,0.994,0.993,-0.996,-0.978,0.977,-0.998,0.007,-0.993,0.992,-0.991,0.809,-0.989,0.997,0.996,0.87,-0.997,0.994,0.959,-0.975,-0.997,-0.994,-0.982,0.993,-0.996,-0.993,3.77,3.134,4.216,9.681,10.381,10.144,10.416,10.656,3.822,3.347,4.267,9.685,4.431,3.871,5.329,9.773,EssenceCatalog/problems/csplib-prob010-SocialGolfers/params/ord09-19-10-2.param
0.995,0.874,-0.695,-0.932,-0.853,-0.996,0.543,-0.236,0.989,-0.44,0.772,0.989,-0.986,0.994,-0.963,0.98,-0.974,0.773,0.988,-0.367,-0.994,-0.941,0.867,-0.859,-0.994,-0.996,-0.973,-0.959,0.997,0.936,0.956,0.96,0.997,0.97,0.998,0.996,0.98,-0.942,-0.997,-0.516,0.989,-0.944,-0.861,0.89,0.988,-0.955,0.814,0.994,0.996,0.975,0.986,0.917,0.983,-0.933,-0.982,-0.967,-0.826,0.966,-0.998,-0.995,0.951,0.988,-0.967,0.998,-0.995,-0.875,-0.909,-0.991,-0.997,-0.97,0.989,-0.994,-0.976,-0.983,0.992,0.996,0.987,-0.996,-0.965,0.994,-0.998,0.603,-0.99,0.993,-0.994,-0.077,-0.986,0.998,0.997,0.884,-0.999,0.996,0.96,-0.958,-0.998,-0.98,-0.986,0.995,-0.997,-0.995,4.139,3.367,4.634,10.027,10.59,10.415,10.608,10.804,4.13,3.603,4.686,10.031,4.722,4.226,5.77,10.078,EssenceCatalog/problems/csplib-prob010-SocialGolfers/params/ord27-5-10-5.param
0.987,0.894,-0.348,-0.709,0.735,-0.995,-0.916,-0.861,-0.974,-0.752,0.847,0.959,-0.924,-0.909,0.165,0.867,-0.969,-0.447,0.977,-0.896,-0.993,-0.542,0.922,0.642,-0.978,-0.886,-0.976,-0.983,0.978,0.843,0.926,0.912,0.983,0.448,0.992,0.977,0.951,-0.913,0.987,-0.921,0.937,-0.212,0.803,0.596,0.955,-0.989,-0.899,-0.927,-0.974,0.591,0.869,-0.958,0.951,-0.969,-0.952,0.476,-0.567,0.905,-0.994,-0.968,0.911,0.986,-0.671,0.994,-0.996,-0.766,-0.814,-0.984,-0.973,-0.771,0.86,-0.969,0.956,0.923,-0.967,0.975,0.883,-0.972,-0.905,0.994,-0.993,0.711,-0.976,0.987,-0.988,-0.963,-0.964,0.994,0.991,0.76,-0.998,0.998,0.87,-0.97,-0.994,0.79,-0.97,0.988,-0.991,-0.989,5.724,4.402,10.524,10.434,10.521,10.476,10.489,10.375,5.39,4.506,10.493,10.336,5.765,5.251,10.482,10.405,EssenceCatalog/problems/csplib-prob010-SocialGolfers/params/1ee71447f3e5b8985af1a3742c03bac8.param
0.99,0.79,-0.855,-0.88,0.907,-0.993,-0.86,-0.756,-0.984,-0.828,0.41,0.979,0.737,-0.922,-0.768,0.741,-0.98,0.738,0.946,-0.842,-0.993,-0.598,0.533,-0.75,-0.973,-0.902,-0.97,-0.965,0.966,0.807,0.905,0.952,0.976,0.885,0.988,0.97,0.878,-0.929,0.991,-0.915,0.935,0.931,-0.9,0.172,0.965,-0.99,-0.876,-0.857,-0.985,0.833,0.913,-0.947,0.965,-0.974,-0.98,0.809,-0.899,0.828,-0.991,-0.958,0.797,0.966,-0.761,0.988,-0.995,-0.722,-0.691,-0.985,-0.984,-0.683,0.889,-0.973,0.976,0.957,-0.981,0.985,0.861,-0.955,-0.256,0.994,-0.993,0.92,-0.968,0.979,-0.976,-0.977,-0.956,0.994,0.983,0.771,-0.997,0.997,0.551,-0.63,-0.995,0.934,-0.987,0.977,-0.995,-0.987,6.82,5.411,10.587,10.548,10.447,10.482,10.462,10.514,6.349,5.561,10.587,10.585,6.598,6.477,10.568,10.598,EssenceCatalog/problems/csplib-prob010-SocialGolfers/params/5aeed09b2ec0188b34b3ac3de4fdd857.param
0.999,0.964,-0.944,0.964,0.978,-0.996,-0.987,-0.985,-0.995,-0.982,0.961,0.994,0.987,-0.985,-0.992,0.979,-0.989,0.977,0.992,-0.98,-0.998,0.987,0.988,-0.984,-0.994,0.964,-0.991,-0.997,0.996,-0.962,0.986,0.993,0.994,0.978,0.995,0.994,0.982,-0.988,0.993,-0.991,0.959,0.996,-0.981,0.982,0.923,-0.998,-0.988,-0.986,-0.987,-0.976,0.935,-0.991,0.992,-0.995,-0.846,0.982,-0.974,0.989,-0.998,-0.94,0.974,0.994,0.965,0.994,-0.999,-0.976,-0.981,-0.997,-0.994,-0.981,0.986,-0.994,0.987,0.992,-0.997,0.997,0.047,-0.939,-0.91,0.996,-0.999,0.984,-0.988,0.986,-0.995,-0.997,-0.989,0.999,0.998,0.984,-1.0,0.999,0.984,-0.976,-0.997,0.992,-0.997,0.987,-0.998,-0.995,9.826,5.826,10.419,10.346,10.446,10.342,10.482,10.425,7.676,6.153,10.397,10.293,8.09,7.887,10.393,10.398,EssenceCatalog/problems/csplib-prob010-SocialGolfers/params/4091d98f360cdbcc25cc0cd734c123d3.param
0.986,0.799,-0.665,-0.758,0.861,-0.992,-0.879,-0.827,-0.983,-0.778,0.544,0.97,0.118,-0.918,-0.641,0.796,-0.973,0.403,0.954,-0.857,-0.992,-0.465,0.768,-0.415,-0.968,-0.851,-0.968,-0.969,0.97,0.78,0.907,0.937,0.974,0.808,0.988,0.962,0.896,-0.929,0.992,-0.913,0.924,0.845,-0.533,0.493,0.958,-0.989,-0.885,-0.902,-0.983,0.645,0.845,-0.95,0.96,-0.97,-0.967,0.748,-0.785,0.854,-0.99,-0.943,0.807,0.973,-0.581,0.988,-0.994,-0.712,-0.703,-0.982,-0.976,-0.676,0.884,-0.969,0.974,0.954,-0.979,0.975,0.797,-0.948,-0.501,0.993,-0.992,0.856,-0.967,0.977,-0.977,-0.971,-0.95,0.993,0.985,0.732,-0.997,0.996,0.741,-0.84,-0.993,0.912,-0.982,0.972,-0.992,-0.985,6.741,5.188,10.547,10.512,10.453,10.456,10.449,10.461,6.213,5.321,10.537,10.505,6.495,6.244,10.512,10.531,EssenceCatalog/problems/csplib-prob010-SocialGolfers/params/bcb8d02ebee4fd1a0b11d0dd733701b0.param
0.999,0.969,-0.95,0.986,0.984,-0.996,-0.987,-0.988,-0.991,-0.982,0.98,0.993,0.986,-0.978,-0.99,0.982,-0.986,0.983,0.993,-0.988,-0.998,0.991,0.989,-0.983,-0.994,0.979,-0.99,-0.997,0.996,-0.977,0.984,0.995,0.995,0.969,0.996,0.994,0.987,-0.986,0.989,-0.987,0.942,0.993,-0.975,0.991,0.904,-0.998,-0.99,-0.984,-0.983,-0.988,0.96,-0.99,0.991,-0.995,-0.797,0.985,-0.973,0.99,-0.998,-0.949,0.981,0.996,0.959,0.995,-0.999,-0.982,-0.986,-0.997,-0.994,-0.988,0.989,-0.996,0.974,0.989,-0.996,0.996,0.348,-0.945,-0.961,0.997,-0.999,0.98,-0.991,0.987,-0.996,-0.996,-0.99,0.999,0.999,0.989,-1.0,0.999,0.988,-0.984,-0.998,0.991,-0.997,0.991,-0.998,-0.995,9.872,5.838,10.448,10.382,10.487,10.39,10.528,10.476,7.687,6.168,10.429,10.326,8.115,7.927,10.427,10.425,EssenceCatalog/problems/csplib-prob010-SocialGolfers/params/9c230039b3a723177c0a1cc721d4dc70.param
0.99,0.78,-0.878,-0.918,0.902,-0.993,-0.855,-0.734,-0.983,-0.83,0.396,0.978,0.676,-0.903,-0.726,0.726,-0.98,0.73,0.951,-0.839,-0.993,-0.755,0.468,-0.692,-0.974,-0.937,-0.967,-0.959,0.967,0.874,0.897,0.95,0.976,0.887,0.989,0.969,0.889,-0.927,0.99,-0.9,0.941,0.894,-0.9,-0.009,0.97,-0.99,-0.852,-0.811,-0.982,0.895,0.925,-0.942,0.964,-0.975,-0.981,0.778,-0.908,0.821,-0.992,-0.963,0.805,0.966,-0.853,0.988,-0.994,-0.709,-0.629,-0.983,-0.986,-0.69,0.888,-0.975,0.975,0.95,-0.979,0.984,0.895,-0.955,-0.313,0.994,-0.994,0.916,-0.971,0.98,-0.974,-0.973,-0.957,0.995,0.984,0.766,-0.997,0.997,0.478,-0.606,-0.995,0.929,-0.987,0.979,-0.996,-0.987,6.602,5.359,10.572,10.557,10.447,10.487,10.455,10.527,6.232,5.499,10.575,10.603,6.48,6.368,10.569,10.6,EssenceCatalog/problems/csplib-prob010-SocialGolfers/params/a63b5c28eb75f69e292b279727c8ed49.param
0.992,0.779,-0.922,-0.899,0.924,-0.994,-0.827,-0.705,-0.982,-0.851,0.448,0.981,0.847,-0.899,-0.815,0.744,-0.984,0.854,0.947,-0.848,-0.993,-0.734,0.297,-0.841,-0.977,-0.928,-0.972,-0.957,0.964,0.851,0.899,0.963,0.979,0.92,0.989,0.97,0.883,-0.919,0.988,-0.89,0.929,0.918,-0.959,0.021,0.969,-0.991,-0.868,-0.795,-0.982,0.881,0.952,-0.942,0.961,-0.977,-0.986,0.823,-0.938,0.823,-0.992,-0.969,0.808,0.964,-0.886,0.988,-0.995,-0.726,-0.657,-0.987,-0.989,-0.75,0.899,-0.979,0.97,0.949,-0.98,0.988,0.918,-0.956,-0.357,0.996,-0.995,0.934,-0.972,0.98,-0.975,-0.977,-0.957,0.995,0.983,0.813,-0.997,0.997,0.402,-0.447,-0.996,0.937,-0.99,0.982,-0.996,-0.987,6.763,5.444,10.586,10.571,10.458,10.514,10.477,10.548,6.322,5.602,10.585,10.627,6.571,6.526,10.59,10.625,EssenceCatalog/problems/csplib-prob010-SocialGolfers/params/b2243f466324a100f61fe33f8c206ebe.param
0.999,0.96,-0.839,0.944,0.962,-0.996,-0.987,-0.985,-0.993,-0.974,0.958,0.991,0.908,-0.985,-0.975,0.98,-0.984,0.91,0.992,-0.976,-0.998,0.982,0.992,-0.931,-0.993,0.94,-0.99,-0.997,0.996,-0.921,0.985,0.989,0.993,0.95,0.994,0.993,0.986,-0.988,0.991,-0.99,0.97,0.99,-0.838,0.977,0.93,-0.998,-0.984,-0.985,-0.982,-0.973,0.881,-0.989,0.991,-0.993,-0.828,0.963,-0.923,0.986,-0.997,-0.942,0.974,0.994,0.97,0.995,-0.999,-0.969,-0.978,-0.995,-0.989,-0.97,0.983,-0.992,0.986,0.988,-0.996,0.996,-0.009,-0.949,-0.903,0.995,-0.998,0.971,-0.988,0.986,-0.995,-0.993,-0.988,0.998,0.998,0.972,-1.0,0.998,0.987,-0.986,-0.997,0.983,-0.996,0.985,-0.997,-0.995,9.718,5.761,10.359,10.275,10.381,10.275,10.413,10.343,7.597,6.078,10.334,10.213,8.01,7.779,10.328,10.323,EssenceCatalog/problems/csplib-prob010-SocialGolfers/params/95498073dd9fe89eae9b8431ea15cea0.param
0.999,0.966,-0.962,0.971,0.982,-0.997,-0.986,-0.983,-0.994,-0.983,0.967,0.994,0.993,-0.983,-0.993,0.977,-0.99,0.986,0.991,-0.981,-0.998,0.99,0.984,-0.99,-0.994,0.968,-0.991,-0.997,0.995,-0.971,0.986,0.994,0.994,0.98,0.995,0.994,0.981,-0.986,0.992,-0.99,0.948,0.997,-0.99,0.983,0.911,-0.998,-0.99,-0.985,-0.987,-0.977,0.957,-0.99,0.992,-0.995,-0.849,0.986,-0.982,0.989,-0.998,-0.946,0.976,0.994,0.958,0.995,-0.999,-0.978,-0.984,-0.997,-0.995,-0.985,0.986,-0.995,0.983,0.991,-0.997,0.997,0.201,-0.943,-0.919,0.996,-0.998,0.987,-0.988,0.986,-0.995,-0.997,-0.989,0.999,0.998,0.988,-1.0,0.999,0.982,-0.97,-0.997,0.993,-0.997,0.99,-0.999,-0.995,9.851,5.839,10.44,10.371,10.472,10.372,10.51,10.454,7.686,6.167,10.42,10.317,8.107,7.914,10.417,10.419,EssenceCatalog/problems/csplib-prob010-SocialGolfers/params/a54b2d405e1a1e1fd80e9341199dc4be.param
0.991,0.865,-0.806,-0.978,0.834,-0.996,-0.848,-0.745,-0.978,-0.775,0.728,0.961,-0.808,-0.856,0.201,0.76,-0.984,-0.102,0.973,-0.862,-0.995,-0.967,0.651,0.612,-0.981,-0.983,-0.974,-0.963,0.973,0.979,0.886,0.91,0.98,0.748,0.992,0.982,0.946,-0.899,0.987,-0.902,0.961,-0.391,-0.011,-0.632,0.979,-0.991,-0.803,-0.759,-0.975,0.972,0.965,-0.957,0.946,-0.973,-0.99,0.395,-0.866,0.815,-0.995,-0.989,0.904,0.976,-0.969,0.996,-0.995,-0.632,-0.568,-0.982,-0.986,-0.72,0.866,-0.976,0.961,0.899,-0.968,0.986,0.96,-0.98,-0.798,0.996,-0.994,0.85,-0.981,0.989,-0.978,-0.958,-0.967,0.995,0.985,0.753,-0.998,0.998,0.437,-0.877,-0.995,0.835,-0.979,0.993,-0.994,-0.993,5.185,4.474,10.541,10.537,10.56,10.56,10.544,10.519,5.208,4.579,10.518,10.532,5.556,5.171,10.572,10.52,EssenceCatalog/problems/csplib-prob010-SocialGolfers/params/b1b4824cb343e70184a9ab0820acc471.param
0.988,0.795,-0.765,-0.91,0.866,-0.993,-0.855,-0.759,-0.981,-0.772,0.519,0.97,0.051,-0.9,-0.49,0.743,-0.977,0.421,0.954,-0.845,-0.993,-0.785,0.627,-0.277,-0.97,-0.938,-0.967,-0.96,0.966,0.898,0.889,0.929,0.974,0.802,0.988,0.968,0.898,-0.914,0.991,-0.898,0.936,0.721,-0.631,0.083,0.967,-0.989,-0.847,-0.849,-0.981,0.873,0.906,-0.946,0.957,-0.97,-0.978,0.693,-0.835,0.815,-0.991,-0.964,0.814,0.968,-0.841,0.989,-0.994,-0.676,-0.639,-0.981,-0.98,-0.657,0.867,-0.97,0.971,0.941,-0.976,0.978,0.885,-0.959,-0.491,0.994,-0.992,0.864,-0.969,0.981,-0.975,-0.967,-0.952,0.993,0.983,0.713,-0.997,0.997,0.58,-0.782,-0.994,0.902,-0.982,0.98,-0.993,-0.987,6.253,5.087,10.554,10.544,10.465,10.488,10.458,10.501,5.961,5.207,10.557,10.554,6.237,6.012,10.545,10.558,EssenceCatalog/problems/csplib-prob010-SocialGolfers/params/e6c80b6a60e1bcd21ef9876aa1173732.param
0.988,0.852,-0.672,-0.953,0.791,-0.995,-0.888,-0.791,-0.98,-0.755,0.676,0.965,-0.786,-0.891,0.074,0.77,-0.976,-0.221,0.97,-0.863,-0.994,-0.888,0.786,0.52,-0.977,-0.967,-0.97,-0.967,0.972,0.948,0.901,0.907,0.978,0.673,0.991,0.975,0.931,-0.914,0.99,-0.912,0.955,0.018,0.186,-0.195,0.972,-0.989,-0.826,-0.851,-0.978,0.929,0.917,-0.952,0.959,-0.97,-0.979,0.482,-0.776,0.848,-0.993,-0.978,0.87,0.977,-0.899,0.993,-0.995,-0.677,-0.64,-0.979,-0.979,-0.635,0.862,-0.972,0.969,0.922,-0.971,0.978,0.922,-0.973,-0.746,0.994,-0.993,0.808,-0.977,0.986,-0.979,-0.959,-0.961,0.994,0.987,0.694,-0.998,0.997,0.653,-0.917,-0.994,0.845,-0.976,0.988,-0.993,-0.99,5.427,4.536,10.566,10.523,10.546,10.532,10.519,10.483,5.362,4.639,10.551,10.486,5.696,5.257,10.555,10.508,EssenceCatalog/problems/csplib-prob010-SocialGolfers/params/6154d4655d8956053e90f9a5c198041f.param
0.988,0.856,-0.664,-0.952,0.794,-0.995,-0.877,-0.788,-0.979,-0.745,0.712,0.962,-0.818,-0.884,0.108,0.786,-0.977,-0.233,0.971,-0.864,-0.994,-0.907,0.778,0.576,-0.976,-0.967,-0.972,-0.966,0.971,0.957,0.896,0.906,0.978,0.677,0.991,0.976,0.934,-0.909,0.99,-0.915,0.953,-0.141,0.228,-0.237,0.972,-0.989,-0.825,-0.846,-0.977,0.931,0.93,-0.956,0.953,-0.969,-0.982,0.448,-0.777,0.837,-0.994,-0.981,0.877,0.978,-0.915,0.994,-0.995,-0.664,-0.632,-0.98,-0.98,-0.666,0.861,-0.972,0.967,0.916,-0.97,0.979,0.928,-0.974,-0.773,0.994,-0.993,0.802,-0.977,0.986,-0.979,-0.961,-0.961,0.994,0.986,0.702,-0.998,0.997,0.64,-0.917,-0.994,0.833,-0.975,0.989,-0.993,-0.991,5.356,4.491,10.554,10.521,10.548,10.537,10.525,10.486,5.303,4.592,10.535,10.486,5.645,5.207,10.552,10.502,EssenceCatalog/problems/csplib-prob010-SocialGolfers/params/acfb2263c9df44ea53d2dd0dcc38266b.param
0.988,0.844,-0.667,-0.948,0.798,-0.995,-0.874,-0.793,-0.979,-0.743,0.691,0.962,-0.787,-0.88,0.046,0.787,-0.977,-0.189,0.97,-0.862,-0.994,-0.905,0.775,0.529,-0.976,-0.966,-0.971,-0.964,0.971,0.954,0.894,0.909,0.978,0.696,0.991,0.974,0.932,-0.911,0.99,-0.91,0.951,-0.072,0.138,-0.195,0.971,-0.989,-0.819,-0.843,-0.976,0.927,0.924,-0.954,0.954,-0.969,-0.981,0.463,-0.78,0.837,-0.993,-0.979,0.868,0.977,-0.911,0.993,-0.994,-0.659,-0.612,-0.979,-0.98,-0.658,0.866,-0.972,0.967,0.918,-0.97,0.977,0.924,-0.971,-0.764,0.994,-0.993,0.8,-0.976,0.986,-0.978,-0.96,-0.959,0.994,0.986,0.704,-0.997,0.997,0.641,-0.912,-0.993,0.84,-0.976,0.988,-0.993,-0.99,5.407,4.53,10.548,10.526,10.536,10.527,10.515,10.489,5.345,4.631,10.532,10.493,5.68,5.258,10.547,10.507,EssenceCatalog/problems/csplib-prob010-SocialGolfers/params/e0ac6d7dda1329366168ad87c0e5c864.param
0.991,0.839,-0.831,-0.97,0.848,-0.996,-0.828,-0.714,-0.977,-0.78,0.667,0.966,-0.573,-0.854,-0.081,0.741,-0.982,0.194,0.966,-0.852,-0.995,-0.951,0.551,0.267,-0.979,-0.978,-0.971,-0.959,0.97,0.969,0.882,0.92,0.979,0.781,0.991,0.979,0.931,-0.897,0.986,-0.882,0.954,0.021,-0.401,-0.466,0.977,-0.99,-0.808,-0.745,-0.975,0.963,0.96,-0.947,0.949,-0.972,-0.988,0.511,-0.873,0.805,-0.994,-0.986,0.878,0.971,-0.96,0.994,-0.995,-0.647,-0.582,-0.982,-0.986,-0.722,0.868,-0.975,0.96,0.905,-0.966,0.985,0.953,-0.976,-0.72,0.996,-0.994,0.861,-0.979,0.987,-0.977,-0.957,-0.962,0.995,0.983,0.741,-0.998,0.998,0.417,-0.814,-0.995,0.855,-0.982,0.991,-0.994,-0.992,5.499,4.703,10.533,10.556,10.525,10.541,10.513,10.53,5.451,4.813,10.523,10.562,5.77,5.478,10.569,10.549,EssenceCatalog/problems/csplib-prob010-SocialGolfers/params/f7d7c81b3f2ec92bbde7111ddedcae50.param
0.994,0.796,-0.95,-0.654,0.956,-0.994,-0.861,-0.774,-0.986,-0.889,0.564,0.986,0.973,-0.925,-0.939,0.811,-0.986,0.95,0.95,-0.88,-0.993,-0.189,0.336,-0.959,-0.981,-0.768,-0.976,-0.969,0.969,0.508,0.923,0.98,0.984,0.957,0.989,0.971,0.88,-0.933,0.99,-0.91,0.898,0.977,-0.988,0.489,0.958,-0.993,-0.927,-0.871,-0.986,0.598,0.956,-0.954,0.968,-0.982,-0.984,0.91,-0.962,0.871,-0.993,-0.959,0.822,0.972,-0.757,0.986,-0.996,-0.81,-0.763,-0.992,-0.991,-0.829,0.928,-0.985,0.971,0.968,-0.987,0.991,0.884,-0.945,-0.4,0.997,-0.996,0.96,-0.973,0.977,-0.98,-0.989,-0.96,0.996,0.986,0.895,-0.998,0.998,0.56,-0.394,-0.997,0.965,-0.993,0.98,-0.997,-0.986,7.552,5.612,10.652,10.595,10.534,10.572,10.569,10.601,6.71,5.837,10.646,10.632,6.987,6.965,10.627,10.661,EssenceCatalog/problems/csplib-prob010-SocialGolfers/params/3723b51f60efb5b5ee0d460fa7e24ad4.param
0.99,0.811,-0.822,-0.96,0.856,-0.995,-0.845,-0.73,-0.979,-0.791,0.525,0.972,-0.129,-0.877,-0.373,0.73,-0.98,0.386,0.96,-0.844,-0.994,-0.902,0.563,-0.114,-0.975,-0.968,-0.968,-0.958,0.969,0.946,0.888,0.927,0.977,0.816,0.99,0.974,0.914,-0.917,0.988,-0.894,0.952,0.565,-0.641,-0.276,0.975,-0.989,-0.813,-0.77,-0.977,0.947,0.937,-0.94,0.96,-0.972,-0.984,0.616,-0.872,0.808,-0.993,-0.977,0.84,0.97,-0.92,0.992,-0.994,-0.668,-0.592,-0.981,-0.984,-0.669,0.876,-0.974,0.969,0.925,-0.97,0.983,0.928,-0.968,-0.537,0.994,-0.994,0.875,-0.975,0.985,-0.975,-0.961,-0.959,0.994,0.984,0.719,-0.998,0.997,0.471,-0.775,-0.995,0.884,-0.983,0.986,-0.995,-0.99,5.93,4.98,10.549,10.566,10.492,10.513,10.478,10.524,5.77,5.093,10.55,10.581,6.055,5.819,10.56,10.573,EssenceCatalog/problems/csplib-prob010-SocialGolfers/params/35b2cebb4c3f392e80a578cd3890e297.param
0.986,0.821,-0.528,-0.63,0.838,-0.992,-0.897,-0.87,-0.984,-0.768,0.658,0.966,-0.339,-0.924,-0.544,0.844,-0.971,0.143,0.963,-0.879,-0.992,-0.358,0.863,-0.12,-0.968,-0.799,-0.971,-0.974,0.974,0.759,0.913,0.934,0.976,0.757,0.989,0.962,0.916,-0.934,0.993,-0.921,0.921,0.732,-0.088,0.624,0.952,-0.989,-0.896,-0.929,-0.983,0.455,0.811,-0.957,0.957,-0.97,-0.959,0.712,-0.701,0.881,-0.991,-0.941,0.837,0.979,-0.452,0.989,-0.994,-0.733,-0.729,-0.982,-0.973,-0.703,0.889,-0.97,0.973,0.954,-0.981,0.971,0.779,-0.947,-0.683,0.992,-0.992,0.817,-0.969,0.978,-0.98,-0.971,-0.953,0.994,0.988,0.744,-0.997,0.997,0.828,-0.915,-0.993,0.899,-0.98,0.973,-0.991,-0.984,6.661,4.998,10.542,10.48,10.466,10.446,10.451,10.41,6.078,5.121,10.516,10.433,6.397,6.043,10.488,10.477,EssenceCatalog/problems/csplib-prob010-SocialGolfers/params/2b0527e07bdd3a00fc3b6b1873ed2f4b.param
0.989,0.885,-0.612,-0.909,0.812,-0.996,-0.879,-0.774,-0.976,-0.703,0.879,0.937,-0.948,-0.884,0.578,0.797,-0.979,-0.452,0.977,-0.904,-0.993,-0.934,0.82,0.874,-0.98,-0.962,-0.974,-0.97,0.967,0.957,0.872,0.887,0.98,0.411,0.992,0.984,0.958,-0.859,0.986,-0.889,0.931,-0.835,0.743,-0.306,0.965,-0.99,-0.89,-0.887,-0.976,0.887,0.961,-0.977,0.906,-0.97,-0.981,0.392,-0.74,0.84,-0.995,-0.986,0.939,0.982,-0.955,0.996,-0.996,-0.656,-0.648,-0.984,-0.977,-0.779,0.798,-0.975,0.95,0.911,-0.975,0.977,0.951,-0.978,-0.938,0.996,-0.993,0.773,-0.98,0.989,-0.979,-0.969,-0.96,0.994,0.985,0.787,-0.998,0.997,0.563,-0.95,-0.994,0.835,-0.963,0.995,-0.991,-0.991,5.062,4.204,10.534,10.428,10.549,10.531,10.532,10.432,5.003,4.311,10.498,10.398,5.389,4.9,10.534,10.411,EssenceCatalog/problems/csplib-prob010-SocialGolfers/params/11c471b9b38c281f6b685b85bb711917.param
0.991,0.807,-0.869,-0.964,0.87,-0.995,-0.829,-0.711,-0.98,-0.808,0.515,0.974,0.053,-0.871,-0.45,0.725,-0.982,0.498,0.96,-0.841,-0.994,-0.919,0.466,-0.272,-0.977,-0.971,-0.969,-0.956,0.968,0.953,0.885,0.936,0.978,0.852,0.99,0.974,0.914,-0.915,0.988,-0.889,0.953,0.603,-0.769,-0.378,0.977,-0.99,-0.807,-0.737,-0.977,0.956,0.95,-0.94,0.958,-0.974,-0.987,0.638,-0.898,0.807,-0.993,-0.98,0.843,0.968,-0.94,0.992,-0.995,-0.668,-0.575,-0.982,-0.986,-0.699,0.881,-0.976,0.968,0.923,-0.971,0.985,0.939,-0.969,-0.53,0.995,-0.994,0.892,-0.976,0.985,-0.974,-0.962,-0.96,0.995,0.983,0.74,-0.998,0.997,0.396,-0.703,-0.995,0.889,-0.985,0.987,-0.995,-0.99,6.007,5.063,10.545,10.572,10.484,10.515,10.475,10.537,5.835,5.181,10.547,10.603,6.11,5.927,10.567,10.586,EssenceCatalog/problems/csplib-prob010-SocialGolfers/params/07b79baf21523542b870ebe28574a934.param
0.99,0.816,-0.83,-0.957,0.866,-0.995,-0.833,-0.716,-0.978,-0.782,0.616,0.968,-0.296,-0.867,-0.27,0.729,-0.981,0.347,0.962,-0.851,-0.994,-0.923,0.522,0.02,-0.976,-0.97,-0.969,-0.957,0.968,0.954,0.878,0.925,0.977,0.795,0.99,0.975,0.92,-0.901,0.988,-0.875,0.946,0.34,-0.572,-0.314,0.974,-0.99,-0.824,-0.771,-0.977,0.946,0.95,-0.947,0.95,-0.972,-0.986,0.601,-0.871,0.798,-0.993,-0.981,0.856,0.969,-0.944,0.993,-0.995,-0.654,-0.58,-0.981,-0.984,-0.708,0.866,-0.974,0.963,0.92,-0.97,0.983,0.939,-0.969,-0.646,0.995,-0.994,0.868,-0.976,0.985,-0.975,-0.96,-0.958,0.995,0.982,0.742,-0.997,0.997,0.425,-0.775,-0.995,0.879,-0.983,0.988,-0.994,-0.99,5.783,4.881,10.545,10.559,10.502,10.525,10.49,10.528,5.652,4.994,10.541,10.574,5.953,5.713,10.566,10.562,EssenceCatalog/problems/csplib-prob010-SocialGolfers/params/d9d8599908760ef143f6f2e37968cb56.param
0.998,0.902,-0.972,0.926,0.987,-0.993,-0.948,-0.904,-0.975,-0.901,0.978,0.986,0.977,-0.9,-0.954,0.954,-0.985,0.991,0.98,-0.982,-0.995,0.784,0.653,-0.982,-0.983,0.601,-0.969,-0.985,0.986,-0.734,0.952,0.993,0.994,0.945,0.995,0.982,0.961,-0.866,0.982,-0.794,0.612,0.833,-0.987,0.983,0.875,-0.996,-0.982,-0.955,-0.986,-0.897,0.986,-0.979,0.95,-0.992,-0.945,0.967,-0.962,0.959,-0.998,-0.964,0.925,0.99,-0.71,0.99,-0.998,-0.959,-0.932,-0.995,-0.994,-0.971,0.959,-0.995,0.838,0.962,-0.989,0.993,0.955,-0.942,-0.974,0.999,-0.998,0.944,-0.985,0.974,-0.993,-0.99,-0.978,0.998,0.994,0.984,-0.998,0.998,0.885,-0.868,-0.997,0.985,-0.994,0.993,-0.998,-0.987,9.369,5.705,10.435,10.406,10.489,10.486,10.519,10.551,7.367,6.058,10.462,10.365,7.798,7.808,10.435,10.424,EssenceCatalog/problems/csplib-prob010-SocialGolfers/params/ab0c5406bbc33ac94457183a813d4ecb.param
0.991,0.771,-0.881,-0.616,0.937,-0.991,-0.816,-0.651,-0.977,-0.756,0.77,0.967,0.578,-0.883,-0.609,0.758,-0.975,0.821,0.947,-0.896,-0.992,-0.642,0.257,-0.703,-0.967,-0.85,-0.961,-0.945,0.953,0.737,0.868,0.949,0.979,0.808,0.987,0.959,0.891,-0.831,0.988,-0.726,0.824,0.6,-0.86,0.602,0.954,-0.991,-0.904,-0.884,-0.984,0.581,0.948,-0.952,0.914,-0.975,-0.976,0.835,-0.876,0.809,-0.992,-0.965,0.827,0.96,-0.907,0.986,-0.994,-0.74,-0.686,-0.984,-0.983,-0.784,0.84,-0.974,0.936,0.94,-0.98,0.977,0.924,-0.95,-0.76,0.996,-0.993,0.857,-0.966,0.975,-0.975,-0.968,-0.94,0.994,0.976,0.84,-0.996,0.997,0.467,-0.643,-0.994,0.944,-0.985,0.986,-0.993,-0.982,6.922,5.298,10.501,10.474,10.418,10.483,10.436,10.513,6.276,5.47,10.499,10.515,6.578,6.571,10.521,10.51,EssenceCatalog/problems/csplib-prob010-SocialGolfers/params/fe05ceef52229b09df5f0475e9e8b932.param
0.988,0.795,-0.78,-0.919,0.865,-0.993,-0.855,-0.75,-0.98,-0.775,0.519,0.971,0.043,-0.897,-0.479,0.734,-0.976,0.441,0.955,-0.845,-0.993,-0.799,0.608,-0.275,-0.971,-0.943,-0.966,-0.959,0.966,0.901,0.888,0.928,0.975,0.8,0.989,0.969,0.901,-0.914,0.99,-0.893,0.938,0.711,-0.644,0.056,0.968,-0.989,-0.844,-0.837,-0.98,0.885,0.91,-0.943,0.957,-0.971,-0.977,0.687,-0.84,0.817,-0.991,-0.966,0.818,0.968,-0.854,0.989,-0.994,-0.684,-0.636,-0.98,-0.98,-0.657,0.868,-0.97,0.97,0.94,-0.974,0.979,0.892,-0.96,-0.495,0.994,-0.993,0.865,-0.97,0.981,-0.975,-0.965,-0.953,0.994,0.983,0.719,-0.997,0.997,0.56,-0.777,-0.994,0.9,-0.982,0.981,-0.994,-0.987,6.229,5.084,10.553,10.547,10.47,10.494,10.462,10.507,5.948,5.204,10.555,10.558,6.225,6.005,10.547,10.561,EssenceCatalog/problems/csplib-prob010-SocialGolfers/params/016273f2bf30f2d9d32fea8d5b2294ae.param
0.988,0.857,-0.555,-0.776,0.822,-0.994,-0.878,-0.788,-0.973,-0.69,0.863,0.947,-0.878,-0.878,0.216,0.825,-0.972,-0.206,0.97,-0.901,-0.993,-0.812,0.805,0.626,-0.974,-0.92,-0.971,-0.968,0.964,0.903,0.887,0.903,0.98,0.477,0.99,0.973,0.941,-0.856,0.987,-0.844,0.902,-0.553,0.568,0.399,0.956,-0.989,-0.892,-0.908,-0.977,0.713,0.928,-0.966,0.913,-0.968,-0.97,0.564,-0.674,0.852,-0.994,-0.975,0.9,0.979,-0.894,0.993,-0.995,-0.694,-0.69,-0.982,-0.975,-0.777,0.827,-0.971,0.945,0.921,-0.973,0.97,0.926,-0.969,-0.918,0.995,-0.992,0.717,-0.974,0.984,-0.98,-0.961,-0.953,0.994,0.985,0.765,-0.997,0.997,0.72,-0.941,-0.993,0.849,-0.969,0.99,-0.99,-0.987,5.507,4.392,10.515,10.447,10.511,10.5,10.497,10.439,5.281,4.494,10.487,10.395,5.657,5.238,10.51,10.423,EssenceCatalog/problems/csplib-prob010-SocialGolfers/params/bd7986e80c58fc281b4e147f0ea7b0ee.param
0.988,0.787,-0.759,-0.833,0.879,-0.992,-0.874,-0.792,-0.984,-0.792,0.47,0.973,0.402,-0.918,-0.676,0.76,-0.975,0.546,0.951,-0.849,-0.992,-0.564,0.671,-0.558,-0.969,-0.885,-0.966,-0.964,0.967,0.808,0.903,0.94,0.974,0.836,0.988,0.963,0.887,-0.927,0.992,-0.908,0.928,0.876,-0.732,0.346,0.962,-0.989,-0.876,-0.882,-0.984,0.759,0.868,-0.947,0.962,-0.971,-0.971,0.769,-0.838,0.84,-0.99,-0.946,0.792,0.969,-0.688,0.987,-0.994,-0.709,-0.68,-0.981,-0.979,-0.664,0.88,-0.97,0.975,0.955,-0.98,0.977,0.828,-0.948,-0.396,0.993,-0.992,0.88,-0.966,0.977,-0.975,-0.972,-0.951,0.994,0.984,0.737,-0.997,0.996,0.662,-0.763,-0.994,0.923,-0.984,0.973,-0.993,-0.984,6.725,5.28,10.556,10.524,10.44,10.458,10.443,10.485,6.253,5.416,10.555,10.539,6.514,6.325,10.53,10.556,EssenceCatalog/problems/csplib-prob010-SocialGolfers/params/40825d14d90356ae5486cdbe557c898b.param
0.994,0.847,-0.725,-0.96,-0.558,-0.998,0.648,-0.419,0.934,-0.499,0.634,0.987,-0.958,0.975,-0.972,0.974,-0.99,0.787,0.979,-0.189,-0.991,-0.972,0.785,-0.861,-0.992,-0.996,-0.984,-0.954,0.994,0.974,0.945,0.97,0.996,0.985,0.997,0.996,0.972,-0.946,-0.986,-0.781,0.987,-0.842,-0.951,0.668,0.983,-0.972,0.75,0.982,0.973,0.981,0.989,0.64,0.977,-0.926,-0.996,-0.925,-0.913,0.938,-0.997,-0.995,0.947,0.985,-0.971,0.999,-0.994,-0.792,-0.849,-0.995,-0.997,-0.967,0.983,-0.992,-0.909,-0.951,0.959,0.997,0.984,-0.995,-0.919,0.997,-0.996,0.831,-0.982,0.989,-0.991,-0.634,-0.984,0.997,0.994,0.858,-0.998,0.996,0.931,-0.907,-0.997,-0.953,-0.985,0.996,-0.997,-0.995,4.187,3.478,4.988,10.107,10.559,10.433,10.575,10.721,4.205,3.716,5.037,10.109,4.771,4.34,6.09,10.15,EssenceCatalog/problems/csplib-prob010-SocialGolfers/params/9d26033872935ade456ef077ccc4fffc.param
0.987,0.885,-0.341,-0.602,0.763,-0.994,-0.915,-0.873,-0.977,-0.755,0.839,0.96,-0.884,-0.918,-0.023,0.877,-0.97,-0.349,0.975,-0.901,-0.993,-0.428,0.921,0.515,-0.976,-0.839,-0.976,-0.983,0.977,0.808,0.928,0.919,0.982,0.528,0.991,0.974,0.946,-0.919,0.989,-0.921,0.929,0.0,0.73,0.679,0.951,-0.99,-0.904,-0.937,-0.977,0.454,0.852,-0.961,0.949,-0.97,-0.952,0.558,-0.567,0.906,-0.994,-0.962,0.903,0.986,-0.58,0.993,-0.996,-0.771,-0.813,-0.984,-0.973,-0.777,0.869,-0.97,0.959,0.933,-0.973,0.974,0.861,-0.968,-0.895,0.994,-0.993,0.722,-0.974,0.985,-0.987,-0.965,-0.963,0.994,0.991,0.767,-0.998,0.997,0.883,-0.967,-0.994,0.821,-0.972,0.986,-0.99,-0.988,5.993,4.513,10.533,10.431,10.499,10.46,10.471,10.359,5.553,4.619,10.499,10.33,5.924,5.43,10.481,10.401,EssenceCatalog/problems/csplib-prob010-SocialGolfers/params/1c1de2fe3c1522366f75d90572cd1aa7.param
0.992,0.777,-0.904,-0.581,0.944,-0.991,-0.792,-0.614,-0.975,-0.764,0.816,0.967,0.611,-0.869,-0.626,0.776,-0.978,0.867,0.949,-0.903,-0.992,-0.7,0.146,-0.745,-0.97,-0.856,-0.964,-0.944,0.952,0.746,0.866,0.956,0.981,0.826,0.987,0.962,0.898,-0.804,0.986,-0.689,0.808,0.485,-0.897,0.612,0.954,-0.991,-0.906,-0.876,-0.982,0.574,0.963,-0.953,0.903,-0.976,-0.981,0.836,-0.896,0.809,-0.993,-0.972,0.839,0.96,-0.935,0.987,-0.994,-0.749,-0.689,-0.986,-0.985,-0.818,0.845,-0.977,0.919,0.93,-0.979,0.98,0.942,-0.955,-0.817,0.997,-0.993,0.867,-0.968,0.976,-0.976,-0.969,-0.942,0.994,0.974,0.863,-0.996,0.997,0.417,-0.607,-0.995,0.944,-0.986,0.989,-0.993,-0.983,6.923,5.301,10.491,10.488,10.426,10.504,10.449,10.539,6.266,5.477,10.49,10.535,6.574,6.609,10.529,10.522,EssenceCatalog/problems/csplib-prob010-SocialGolfers/params/41f525aa8f580ef7ea0ccc755d8aee12.param
0.991,0.781,-0.91,-0.91,0.917,-0.994,-0.834,-0.71,-0.983,-0.846,0.422,0.98,0.812,-0.904,-0.791,0.737,-0.983,0.821,0.947,-0.841,-0.993,-0.743,0.351,-0.806,-0.976,-0.932,-0.971,-0.959,0.964,0.86,0.899,0.959,0.978,0.909,0.989,0.971,0.882,-0.922,0.989,-0.897,0.935,0.917,-0.947,-0.008,0.969,-0.99,-0.863,-0.802,-0.983,0.891,0.945,-0.942,0.962,-0.976,-0.985,0.811,-0.931,0.82,-0.992,-0.968,0.809,0.964,-0.874,0.989,-0.995,-0.717,-0.654,-0.986,-0.988,-0.728,0.895,-0.977,0.972,0.949,-0.98,0.987,0.91,-0.958,-0.319,0.995,-0.994,0.931,-0.971,0.98,-0.975,-0.977,-0.958,0.995,0.983,0.796,-0.997,0.997,0.421,-0.497,-0.996,0.933,-0.989,0.981,-0.996,-0.988,6.711,5.422,10.58,10.564,10.452,10.503,10.467,10.537,6.297,5.574,10.582,10.618,6.544,6.478,10.583,10.616,EssenceCatalog/problems/csplib-prob010-SocialGolfers/params/4cb1238ad353c31511d2e97ddf104177.param
0.989,0.782,-0.831,-0.846,0.903,-0.992,-0.86,-0.752,-0.983,-0.808,0.469,0.976,0.635,-0.916,-0.722,0.742,-0.977,0.705,0.947,-0.848,-0.992,-0.588,0.535,-0.692,-0.971,-0.892,-0.966,-0.962,0.965,0.801,0.899,0.946,0.975,0.86,0.988,0.967,0.879,-0.919,0.991,-0.896,0.923,0.9,-0.855,0.294,0.963,-0.99,-0.881,-0.866,-0.984,0.79,0.903,-0.946,0.959,-0.973,-0.976,0.803,-0.878,0.829,-0.99,-0.953,0.798,0.965,-0.764,0.987,-0.994,-0.718,-0.689,-0.983,-0.982,-0.693,0.878,-0.972,0.973,0.955,-0.98,0.981,0.857,-0.952,-0.354,0.994,-0.993,0.901,-0.966,0.978,-0.976,-0.974,-0.952,0.994,0.983,0.768,-0.997,0.997,0.574,-0.668,-0.994,0.932,-0.986,0.976,-0.994,-0.985,6.814,5.367,10.568,10.53,10.439,10.473,10.452,10.504,6.32,5.516,10.568,10.562,6.577,6.453,10.55,10.574,EssenceCatalog/problems/csplib-prob010-SocialGolfers/params/16a51d130ff44a89672184cac6a0b28b.param
0.99,0.902,-0.684,-0.981,0.759,-0.997,-0.892,-0.788,-0.977,-0.748,0.795,0.956,-0.955,-0.87,0.592,0.785,-0.98,-0.58,0.978,-0.871,-0.995,-0.963,0.821,0.873,-0.983,-0.984,-0.974,-0.972,0.975,0.98,0.906,0.885,0.982,0.593,0.993,0.985,0.957,-0.904,0.987,-0.926,0.969,-0.746,0.691,-0.671,0.978,-0.99,-0.802,-0.809,-0.973,0.973,0.959,-0.962,0.953,-0.973,-0.986,0.217,-0.796,0.858,-0.995,-0.99,0.926,0.982,-0.964,0.996,-0.996,-0.655,-0.644,-0.982,-0.984,-0.677,0.853,-0.975,0.96,0.883,-0.965,0.983,0.961,-0.985,-0.877,0.995,-0.994,0.805,-0.984,0.991,-0.982,-0.955,-0.969,0.994,0.987,0.73,-0.998,0.998,0.585,-0.952,-0.995,0.776,-0.97,0.995,-0.993,-0.994,4.907,4.194,10.516,10.459,10.576,10.544,10.553,10.457,4.955,4.299,10.488,10.432,5.321,4.803,10.52,10.448,EssenceCatalog/problems/csplib-prob010-SocialGolfers/params/22fb7692d99977aa80ee83d919362eb7.param
0.99,0.836,-0.818,-0.973,0.842,-0.995,-0.857,-0.732,-0.979,-0.793,0.604,0.97,-0.499,-0.871,-0.126,0.73,-0.98,0.18,0.966,-0.851,-0.995,-0.935,0.59,0.213,-0.978,-0.978,-0.969,-0.96,0.971,0.965,0.89,0.917,0.978,0.78,0.991,0.977,0.927,-0.913,0.988,-0.897,0.959,0.257,-0.414,-0.444,0.978,-0.99,-0.8,-0.756,-0.976,0.964,0.947,-0.943,0.958,-0.973,-0.985,0.531,-0.867,0.813,-0.994,-0.983,0.866,0.972,-0.944,0.993,-0.995,-0.667,-0.59,-0.98,-0.985,-0.673,0.869,-0.974,0.968,0.916,-0.969,0.984,0.943,-0.974,-0.639,0.995,-0.994,0.86,-0.978,0.987,-0.977,-0.956,-0.963,0.995,0.985,0.719,-0.998,0.997,0.469,-0.827,-0.995,0.866,-0.982,0.989,-0.995,-0.991,5.59,4.763,10.553,10.56,10.524,10.534,10.506,10.523,5.528,4.872,10.547,10.561,5.837,5.529,10.572,10.556,EssenceCatalog/problems/csplib-prob010-SocialGolfers/params/19aa65db8ebac66666633d85fd24f201.param
0.999,0.922,-0.972,0.962,0.989,-0.995,-0.961,-0.943,-0.98,-0.922,0.982,0.989,0.986,-0.931,-0.972,0.964,-0.987,0.992,0.982,-0.985,-0.996,0.921,0.792,-0.987,-0.985,0.83,-0.975,-0.99,0.989,-0.867,0.963,0.994,0.994,0.957,0.995,0.987,0.967,-0.904,0.985,-0.877,0.644,0.925,-0.989,0.988,0.857,-0.996,-0.988,-0.967,-0.988,-0.952,0.986,-0.984,0.964,-0.993,-0.931,0.977,-0.966,0.971,-0.998,-0.96,0.939,0.992,-0.345,0.992,-0.999,-0.968,-0.955,-0.996,-0.994,-0.978,0.969,-0.996,0.872,0.973,-0.992,0.994,0.929,-0.945,-0.972,0.999,-0.998,0.959,-0.987,0.975,-0.995,-0.993,-0.982,0.998,0.996,0.988,-0.999,0.999,0.929,-0.897,-0.997,0.988,-0.995,0.993,-0.998,-0.99,9.592,5.764,10.462,10.425,10.517,10.491,10.551,10.555,7.495,6.115,10.481,10.372,7.931,7.891,10.453,10.449,EssenceCatalog/problems/csplib-prob010-SocialGolfers/params/31264610be90bc33a0632b6d6a052628.param
0.987,0.861,-0.395,-0.523,0.798,-0.993,-0.909,-0.879,-0.98,-0.75,0.807,0.961,-0.776,-0.918,-0.242,0.875,-0.97,-0.156,0.972,-0.9,-0.993,-0.383,0.905,0.316,-0.972,-0.803,-0.974,-0.98,0.976,0.782,0.921,0.926,0.98,0.622,0.99,0.969,0.939,-0.922,0.991,-0.916,0.917,0.265,0.533,0.718,0.949,-0.989,-0.906,-0.939,-0.979,0.354,0.834,-0.961,0.948,-0.969,-0.951,0.625,-0.598,0.9,-0.993,-0.953,0.883,0.984,-0.522,0.992,-0.995,-0.766,-0.783,-0.983,-0.972,-0.766,0.876,-0.971,0.964,0.943,-0.977,0.97,0.835,-0.958,-0.861,0.993,-0.993,0.742,-0.972,0.982,-0.985,-0.967,-0.959,0.994,0.99,0.772,-0.997,0.997,0.877,-0.955,-0.993,0.861,-0.975,0.982,-0.99,-0.986,6.289,4.674,10.533,10.44,10.486,10.453,10.462,10.368,5.748,4.785,10.495,10.353,6.115,5.665,10.478,10.414,EssenceCatalog/problems/csplib-prob010-SocialGolfers/params/9665009a45e8852e5ae2b4dc13961e25.param
0.995,0.906,-0.57,-0.666,-0.083,-0.999,0.368,-0.31,0.963,-0.515,0.872,0.986,-0.911,0.969,-0.975,0.981,-0.99,0.893,0.976,-0.622,-0.99,-0.83,0.873,-0.908,-0.993,-0.979,-0.987,-0.981,0.995,0.82,0.95,0.968,0.996,0.967,0.997,0.998,0.973,-0.915,-0.994,-0.855,0.976,-0.81,-0.927,0.922,0.975,-0.982,0.088,0.973,0.977,0.84,0.994,0.25,0.966,-0.939,-0.992,-0.878,-0.865,0.952,-0.997,-0.994,0.974,0.989,-0.908,0.999,-0.998,-0.901,-0.944,-0.998,-0.996,-0.983,0.981,-0.993,-0.963,-0.924,0.962,0.998,0.979,-0.996,-0.966,0.999,-0.997,0.896,-0.982,0.991,-0.995,-0.887,-0.985,0.996,0.996,0.921,-0.999,0.997,0.949,-0.939,-0.998,-0.864,-0.978,0.998,-0.996,-0.995,4.785,3.687,5.412,10.269,10.77,10.66,10.763,10.845,4.536,3.969,5.447,10.281,5.173,4.785,6.516,10.302,EssenceCatalog/problems/csplib-prob010-SocialGolfers/params/088c2c51c290aedd7f1068848698ba06.param
0.992,0.779,-0.919,-0.887,0.925,-0.994,-0.837,-0.716,-0.983,-0.855,0.428,0.981,0.872,-0.908,-0.832,0.746,-0.984,0.859,0.946,-0.845,-0.993,-0.682,0.334,-0.856,-0.977,-0.918,-0.972,-0.96,0.965,0.824,0.903,0.963,0.979,0.92,0.988,0.971,0.878,-0.923,0.989,-0.899,0.93,0.936,-0.961,0.081,0.967,-0.991,-0.874,-0.815,-0.983,0.866,0.946,-0.944,0.963,-0.977,-0.985,0.835,-0.937,0.828,-0.992,-0.966,0.807,0.964,-0.858,0.988,-0.995,-0.732,-0.671,-0.987,-0.988,-0.741,0.9,-0.978,0.972,0.953,-0.981,0.988,0.905,-0.956,-0.308,0.995,-0.995,0.937,-0.971,0.979,-0.976,-0.979,-0.958,0.995,0.983,0.813,-0.997,0.997,0.439,-0.46,-0.996,0.941,-0.99,0.98,-0.996,-0.987,6.837,5.465,10.595,10.569,10.458,10.512,10.481,10.545,6.366,5.626,10.594,10.622,6.614,6.561,10.592,10.626,EssenceCatalog/problems/csplib-prob010-SocialGolfers/params/7e11ceeb44337327dd298dc333d2a916.param
0.99,0.796,-0.872,-0.95,0.886,-0.994,-0.836,-0.703,-0.981,-0.813,0.476,0.975,0.351,-0.886,-0.554,0.716,-0.981,0.612,0.954,-0.839,-0.994,-0.871,0.445,-0.461,-0.975,-0.962,-0.968,-0.957,0.966,0.928,0.888,0.939,0.977,0.855,0.99,0.973,0.901,-0.915,0.989,-0.888,0.947,0.756,-0.83,-0.23,0.974,-0.99,-0.828,-0.773,-0.98,0.938,0.943,-0.94,0.959,-0.974,-0.985,0.707,-0.9,0.806,-0.992,-0.974,0.829,0.965,-0.915,0.991,-0.995,-0.68,-0.607,-0.983,-0.986,-0.689,0.877,-0.974,0.97,0.934,-0.974,0.985,0.926,-0.965,-0.446,0.995,-0.994,0.9,-0.974,0.983,-0.975,-0.966,-0.958,0.994,0.983,0.744,-0.997,0.997,0.409,-0.661,-0.995,0.908,-0.986,0.984,-0.995,-0.989,6.254,5.191,10.554,10.556,10.461,10.499,10.459,10.525,6.001,5.32,10.557,10.595,6.265,6.118,10.565,10.584,EssenceCatalog/problems/csplib-prob010-SocialGolfers/params/eeb1452844fb2bf9d06fdb8951cdff8c.param
0.989,0.849,-0.694,-0.874,0.861,-0.995,-0.861,-0.753,-0.977,-0.694,0.854,0.941,-0.845,-0.883,0.335,0.776,-0.977,-0.125,0.972,-0.902,-0.993,-0.922,0.716,0.725,-0.976,-0.95,-0.97,-0.96,0.962,0.942,0.853,0.901,0.978,0.516,0.99,0.977,0.947,-0.844,0.988,-0.841,0.907,-0.677,0.393,-0.087,0.962,-0.99,-0.892,-0.886,-0.979,0.844,0.955,-0.975,0.897,-0.97,-0.978,0.548,-0.767,0.813,-0.994,-0.982,0.916,0.977,-0.953,0.994,-0.995,-0.652,-0.594,-0.981,-0.976,-0.771,0.798,-0.974,0.951,0.925,-0.978,0.973,0.944,-0.968,-0.915,0.995,-0.993,0.783,-0.976,0.987,-0.974,-0.966,-0.951,0.994,0.982,0.792,-0.997,0.997,0.513,-0.911,-0.993,0.883,-0.969,0.993,-0.99,-0.988,5.275,4.363,10.53,10.442,10.511,10.513,10.501,10.447,5.165,4.469,10.498,10.422,5.547,5.145,10.542,10.422,EssenceCatalog/problems/csplib-prob010-SocialGolfers/params/b6136f372bf7e1a228e7b1b20ec1382d.param
0.995,0.858,-0.738,-0.946,-0.688,-0.997,0.659,-0.319,0.97,-0.46,0.689,0.988,-0.968,0.987,-0.975,0.978,-0.986,0.817,0.981,-0.221,-0.992,-0.963,0.791,-0.89,-0.994,-0.996,-0.982,-0.956,0.995,0.963,0.953,0.97,0.996,0.983,0.997,0.996,0.977,-0.946,-0.994,-0.703,0.987,-0.893,-0.947,0.789,0.985,-0.967,0.792,0.99,0.989,0.978,0.989,0.779,0.978,-0.927,-0.994,-0.951,-0.902,0.949,-0.998,-0.995,0.951,0.987,-0.972,0.999,-0.995,-0.833,-0.885,-0.994,-0.997,-0.972,0.986,-0.993,-0.957,-0.973,0.981,0.997,0.986,-0.995,-0.942,0.996,-0.997,0.795,-0.984,0.989,-0.992,-0.455,-0.986,0.997,0.996,0.877,-0.998,0.996,0.947,-0.928,-0.997,-0.968,-0.985,0.996,-0.997,-0.995,4.185,3.442,4.825,10.098,10.592,10.449,10.605,10.773,4.193,3.684,4.88,10.1,4.767,4.316,5.952,10.142,EssenceCatalog/problems/csplib-prob010-SocialGolfers/params/7ff572956df0bfaa753e3da5b8691f1d.param
0.991,0.768,-0.899,-0.639,0.942,-0.992,-0.821,-0.683,-0.981,-0.792,0.692,0.973,0.79,-0.897,-0.755,0.763,-0.979,0.865,0.945,-0.886,-0.992,-0.547,0.267,-0.821,-0.97,-0.834,-0.966,-0.95,0.957,0.699,0.881,0.959,0.979,0.871,0.987,0.962,0.885,-0.868,0.989,-0.793,0.852,0.823,-0.927,0.548,0.955,-0.991,-0.907,-0.88,-0.985,0.596,0.948,-0.952,0.932,-0.977,-0.98,0.861,-0.904,0.823,-0.992,-0.964,0.818,0.962,-0.874,0.986,-0.995,-0.749,-0.699,-0.986,-0.986,-0.785,0.867,-0.976,0.949,0.948,-0.981,0.982,0.911,-0.95,-0.644,0.996,-0.994,0.897,-0.968,0.975,-0.976,-0.975,-0.944,0.994,0.979,0.845,-0.996,0.997,0.474,-0.572,-0.995,0.95,-0.988,0.984,-0.994,-0.983,7.132,5.429,10.552,10.513,10.441,10.504,10.469,10.535,6.432,5.615,10.549,10.556,6.722,6.717,10.552,10.562,EssenceCatalog/problems/csplib-prob010-SocialGolfers/params/d7a8b95b9864391719353c27a8a6e584.param
0.987,0.823,-0.627,-0.896,0.811,-0.994,-0.874,-0.81,-0.98,-0.74,0.636,0.964,-0.593,-0.895,-0.248,0.794,-0.974,-0.014,0.965,-0.859,-0.993,-0.809,0.786,0.232,-0.972,-0.94,-0.97,-0.965,0.97,0.919,0.898,0.918,0.976,0.729,0.99,0.968,0.918,-0.916,0.991,-0.91,0.939,0.357,-0.065,0.144,0.965,-0.988,-0.842,-0.875,-0.979,0.851,0.889,-0.952,0.955,-0.968,-0.976,0.57,-0.755,0.84,-0.992,-0.967,0.838,0.975,-0.827,0.991,-0.994,-0.675,-0.638,-0.979,-0.976,-0.662,0.869,-0.97,0.97,0.934,-0.974,0.974,0.883,-0.961,-0.688,0.993,-0.992,0.805,-0.972,0.982,-0.977,-0.964,-0.954,0.993,0.986,0.694,-0.997,0.997,0.705,-0.895,-0.993,0.867,-0.977,0.982,-0.992,-0.987,5.816,4.744,10.557,10.542,10.508,10.507,10.491,10.485,5.619,4.845,10.551,10.508,5.932,5.561,10.538,10.53,EssenceCatalog/problems/csplib-prob010-SocialGolfers/params/c90c491fd991222d3c94159549a39174.param
0.99,0.779,-0.872,-0.754,0.928,-0.992,-0.845,-0.732,-0.984,-0.81,0.558,0.976,0.795,-0.918,-0.783,0.755,-0.979,0.818,0.943,-0.865,-0.992,-0.485,0.414,-0.811,-0.971,-0.848,-0.968,-0.959,0.961,0.724,0.896,0.956,0.977,0.879,0.987,0.966,0.874,-0.904,0.991,-0.871,0.895,0.909,-0.917,0.436,0.959,-0.991,-0.9,-0.88,-0.986,0.688,0.927,-0.95,0.951,-0.975,-0.979,0.85,-0.899,0.826,-0.991,-0.956,0.801,0.963,-0.793,0.986,-0.995,-0.737,-0.711,-0.986,-0.984,-0.74,0.877,-0.974,0.966,0.956,-0.982,0.983,0.873,-0.95,-0.44,0.995,-0.993,0.91,-0.966,0.976,-0.977,-0.978,-0.95,0.994,0.981,0.814,-0.997,0.997,0.538,-0.595,-0.995,0.945,-0.988,0.979,-0.995,-0.984,7.079,5.448,10.576,10.524,10.444,10.49,10.47,10.516,6.444,5.623,10.571,10.564,6.715,6.651,10.559,10.579,EssenceCatalog/problems/csplib-prob010-SocialGolfers/params/16d1ee6ffc60dd8ba8a0de82f3106590.param
0.988,0.833,-0.681,-0.941,0.812,-0.994,-0.875,-0.79,-0.981,-0.756,0.625,0.966,-0.629,-0.895,-0.143,0.77,-0.976,-0.054,0.965,-0.854,-0.993,-0.863,0.758,0.305,-0.974,-0.959,-0.97,-0.965,0.971,0.939,0.897,0.914,0.976,0.726,0.99,0.972,0.919,-0.915,0.991,-0.913,0.949,0.309,-0.095,-0.098,0.97,-0.989,-0.827,-0.856,-0.98,0.911,0.909,-0.951,0.958,-0.969,-0.98,0.543,-0.785,0.836,-0.992,-0.974,0.85,0.975,-0.874,0.992,-0.994,-0.668,-0.635,-0.98,-0.979,-0.637,0.866,-0.97,0.971,0.929,-0.973,0.978,0.907,-0.968,-0.669,0.994,-0.993,0.822,-0.974,0.984,-0.978,-0.961,-0.957,0.993,0.985,0.686,-0.997,0.997,0.651,-0.89,-0.993,0.861,-0.978,0.985,-0.993,-0.989,5.658,4.698,10.566,10.543,10.52,10.519,10.5,10.49,5.538,4.802,10.561,10.515,5.851,5.467,10.555,10.533,EssenceCatalog/problems/csplib-prob010-SocialGolfers/params/8b51536e7c5d002eb57d3bfd3f1488bc.param
0.99,0.808,-0.849,-0.964,0.86,-0.995,-0.841,-0.716,-0.978,-0.797,0.513,0.974,-0.038,-0.872,-0.397,0.724,-0.98,0.454,0.961,-0.845,-0.994,-0.907,0.519,-0.194,-0.977,-0.971,-0.966,-0.958,0.97,0.947,0.889,0.931,0.978,0.829,0.991,0.975,0.915,-0.917,0.988,-0.889,0.954,0.588,-0.706,-0.305,0.977,-0.989,-0.804,-0.75,-0.976,0.954,0.942,-0.936,0.962,-0.974,-0.984,0.621,-0.883,0.811,-0.993,-0.978,0.841,0.969,-0.93,0.992,-0.995,-0.679,-0.589,-0.981,-0.986,-0.673,0.878,-0.975,0.968,0.923,-0.969,0.984,0.935,-0.97,-0.525,0.994,-0.994,0.88,-0.976,0.985,-0.975,-0.959,-0.961,0.995,0.984,0.727,-0.998,0.997,0.438,-0.749,-0.995,0.886,-0.984,0.986,-0.995,-0.99,5.97,5.02,10.543,10.567,10.489,10.514,10.477,10.532,5.804,5.137,10.545,10.59,6.084,5.874,10.561,10.578,EssenceCatalog/problems/csplib-prob010-SocialGolfers/params/f198dbc752c6673ae299f1e7a1cc4f11.param
0.991,0.884,-0.78,-0.985,0.793,-0.997,-0.873,-0.763,-0.976,-0.779,0.724,0.965,-0.889,-0.851,0.354,0.768,-0.982,-0.302,0.977,-0.864,-0.996,-0.968,0.735,0.733,-0.983,-0.987,-0.973,-0.968,0.978,0.981,0.906,0.901,0.983,0.721,0.994,0.985,0.954,-0.916,0.986,-0.917,0.971,-0.498,0.266,-0.684,0.981,-0.991,-0.776,-0.738,-0.97,0.979,0.962,-0.95,0.96,-0.975,-0.988,0.284,-0.86,0.843,-0.996,-0.99,0.913,0.98,-0.967,0.996,-0.996,-0.667,-0.603,-0.982,-0.987,-0.693,0.875,-0.978,0.962,0.885,-0.961,0.986,0.964,-0.983,-0.812,0.995,-0.995,0.837,-0.984,0.991,-0.982,-0.953,-0.971,0.996,0.988,0.742,-0.999,0.998,0.513,-0.919,-0.996,0.806,-0.978,0.994,-0.995,-0.994,5.062,4.367,10.536,10.53,10.589,10.571,10.568,10.517,5.11,4.472,10.511,10.514,5.462,5.018,10.559,10.514,EssenceCatalog/problems/csplib-prob010-SocialGolfers/params/33186010572c8f53a3b3ec605c953688.param
0.99,0.788,-0.874,-0.941,0.89,-0.994,-0.839,-0.723,-0.981,-0.822,0.415,0.978,0.55,-0.892,-0.668,0.731,-0.981,0.684,0.952,-0.837,-0.993,-0.827,0.458,-0.611,-0.975,-0.953,-0.968,-0.959,0.967,0.908,0.895,0.947,0.977,0.881,0.989,0.972,0.895,-0.924,0.989,-0.9,0.947,0.847,-0.881,-0.133,0.973,-0.99,-0.833,-0.782,-0.98,0.926,0.935,-0.938,0.964,-0.975,-0.984,0.736,-0.906,0.813,-0.992,-0.97,0.813,0.966,-0.887,0.99,-0.994,-0.696,-0.618,-0.983,-0.986,-0.684,0.888,-0.975,0.972,0.941,-0.976,0.985,0.913,-0.962,-0.351,0.994,-0.994,0.911,-0.972,0.982,-0.974,-0.97,-0.958,0.995,0.983,0.751,-0.997,0.997,0.443,-0.629,-0.995,0.916,-0.987,0.982,-0.996,-0.988,6.436,5.292,10.559,10.562,10.453,10.492,10.457,10.53,6.13,5.426,10.564,10.606,6.381,6.256,10.565,10.598,EssenceCatalog/problems/csplib-prob010-SocialGolfers/params/73374e45fef7ffb8796908b744873481.param
0.999,0.918,-0.979,0.953,0.989,-0.995,-0.963,-0.94,-0.981,-0.928,0.978,0.99,0.993,-0.929,-0.98,0.963,-0.987,0.994,0.982,-0.984,-0.996,0.929,0.757,-0.992,-0.986,0.813,-0.974,-0.989,0.989,-0.879,0.965,0.995,0.994,0.968,0.995,0.986,0.964,-0.912,0.985,-0.89,0.67,0.953,-0.994,0.987,0.857,-0.996,-0.988,-0.963,-0.987,-0.939,0.987,-0.982,0.971,-0.994,-0.931,0.978,-0.976,0.972,-0.998,-0.957,0.931,0.992,-0.367,0.99,-0.999,-0.97,-0.952,-0.996,-0.995,-0.976,0.971,-0.996,0.882,0.975,-0.992,0.995,0.927,-0.936,-0.965,0.999,-0.999,0.967,-0.986,0.977,-0.994,-0.994,-0.983,0.998,0.996,0.989,-0.999,0.998,0.921,-0.865,-0.997,0.99,-0.995,0.992,-0.998,-0.989,9.592,5.774,10.47,10.431,10.521,10.497,10.558,10.559,7.501,6.125,10.49,10.379,7.934,7.896,10.459,10.455,EssenceCatalog/problems/csplib-prob010-SocialGolfers/params/5755ccc0cd5c0c2122fb40fe5d39f993.param
0.99,0.783,-0.883,-0.927,0.901,-0.994,-0.84,-0.708,-0.982,-0.819,0.452,0.977,0.597,-0.895,-0.67,0.721,-0.981,0.715,0.951,-0.842,-0.993,-0.809,0.414,-0.637,-0.974,-0.946,-0.967,-0.956,0.965,0.894,0.89,0.946,0.976,0.876,0.989,0.97,0.891,-0.916,0.989,-0.885,0.938,0.842,-0.888,-0.075,0.971,-0.99,-0.846,-0.798,-0.981,0.91,0.938,-0.941,0.959,-0.974,-0.984,0.759,-0.908,0.812,-0.992,-0.969,0.813,0.964,-0.892,0.989,-0.994,-0.694,-0.619,-0.983,-0.986,-0.699,0.881,-0.975,0.971,0.943,-0.977,0.984,0.914,-0.96,-0.395,0.995,-0.994,0.909,-0.972,0.981,-0.974,-0.97,-0.956,0.995,0.982,0.764,-0.997,0.997,0.422,-0.603,-0.995,0.923,-0.987,0.982,-0.995,-0.987,6.49,5.307,10.559,10.549,10.445,10.489,10.452,10.525,6.154,5.446,10.563,10.596,6.408,6.302,10.564,10.588,EssenceCatalog/problems/csplib-prob010-SocialGolfers/params/f818ea70b2c67708796ef5d95e35fda8.param
0.991,0.817,-0.866,-0.966,0.87,-0.995,-0.824,-0.694,-0.979,-0.803,0.556,0.972,-0.051,-0.867,-0.385,0.722,-0.982,0.477,0.96,-0.843,-0.994,-0.926,0.454,-0.202,-0.977,-0.973,-0.969,-0.956,0.968,0.956,0.884,0.933,0.978,0.836,0.99,0.976,0.914,-0.907,0.987,-0.884,0.952,0.52,-0.731,-0.388,0.977,-0.99,-0.807,-0.735,-0.977,0.959,0.955,-0.941,0.956,-0.973,-0.988,0.623,-0.897,0.801,-0.993,-0.982,0.851,0.967,-0.947,0.993,-0.995,-0.666,-0.588,-0.982,-0.986,-0.705,0.875,-0.975,0.965,0.918,-0.97,0.986,0.944,-0.971,-0.566,0.995,-0.994,0.886,-0.977,0.985,-0.975,-0.961,-0.96,0.995,0.982,0.739,-0.998,0.997,0.381,-0.711,-0.995,0.884,-0.985,0.988,-0.995,-0.991,5.928,5.009,10.538,10.566,10.489,10.52,10.478,10.533,5.772,5.126,10.538,10.594,6.055,5.865,10.564,10.576,EssenceCatalog/problems/csplib-prob010-SocialGolfers/params/5230a0269b99e8a799edb893df13b130.param
0.991,0.856,-0.829,-0.979,0.836,-0.996,-0.838,-0.713,-0.977,-0.788,0.684,0.967,-0.673,-0.853,0.03,0.744,-0.983,0.084,0.969,-0.854,-0.995,-0.959,0.579,0.399,-0.98,-0.982,-0.972,-0.962,0.972,0.975,0.889,0.913,0.98,0.771,0.992,0.981,0.936,-0.901,0.986,-0.893,0.961,-0.091,-0.287,-0.571,0.98,-0.991,-0.789,-0.727,-0.974,0.973,0.964,-0.947,0.953,-0.973,-0.989,0.453,-0.876,0.809,-0.995,-0.988,0.89,0.973,-0.965,0.995,-0.995,-0.653,-0.591,-0.982,-0.986,-0.706,0.869,-0.975,0.959,0.895,-0.964,0.986,0.958,-0.98,-0.722,0.996,-0.995,0.854,-0.98,0.988,-0.979,-0.955,-0.966,0.995,0.984,0.736,-0.998,0.998,0.421,-0.841,-0.995,0.838,-0.981,0.992,-0.995,-0.993,5.358,4.615,10.527,10.546,10.535,10.543,10.519,10.52,5.354,4.724,10.512,10.545,5.681,5.351,10.564,10.535,EssenceCatalog/problems/csplib-prob010-SocialGolfers/params/f74f5186756cdd79e254fc29618e2af8.param
0.999,0.968,-0.98,0.989,0.988,-0.996,-0.984,-0.982,-0.973,-0.982,0.983,0.993,0.995,-0.945,-0.992,0.981,-0.984,0.994,0.99,-0.989,-0.997,0.993,0.98,-0.992,-0.994,0.976,-0.985,-0.996,0.996,-0.985,0.983,0.996,0.995,0.978,0.997,0.993,0.987,-0.975,0.969,-0.974,0.916,0.992,-0.992,0.993,0.879,-0.997,-0.991,-0.963,-0.965,-0.987,0.978,-0.983,0.99,-0.995,-0.665,0.987,-0.985,0.99,-0.998,-0.94,0.979,0.996,0.921,0.994,-0.999,-0.988,-0.984,-0.997,-0.995,-0.992,0.99,-0.996,0.92,0.983,-0.99,0.997,0.653,-0.932,-0.972,0.996,-0.999,0.984,-0.988,0.987,-0.996,-0.996,-0.99,0.999,0.999,0.993,-1.0,0.999,0.98,-0.973,-0.997,0.992,-0.996,0.992,-0.998,-0.993,9.884,5.837,10.431,10.384,10.49,10.404,10.543,10.5,7.674,6.175,10.419,10.325,8.112,7.947,10.419,10.417,EssenceCatalog/problems/csplib-prob010-SocialGolfers/params/ord19-9-8-4.param
0.998,0.933,-0.897,0.953,0.979,-0.995,-0.953,-0.953,-0.98,-0.908,0.977,0.986,0.886,-0.936,-0.943,0.963,-0.985,0.959,0.984,-0.982,-0.997,0.896,0.908,-0.937,-0.984,0.779,-0.98,-0.991,0.99,-0.778,0.961,0.989,0.994,0.917,0.995,0.986,0.972,-0.934,0.986,-0.898,0.775,0.876,-0.88,0.989,0.892,-0.997,-0.984,-0.975,-0.987,-0.956,0.967,-0.986,0.961,-0.992,-0.923,0.965,-0.907,0.968,-0.997,-0.955,0.958,0.994,0.12,0.994,-0.999,-0.954,-0.95,-0.996,-0.992,-0.973,0.968,-0.993,0.904,0.973,-0.992,0.992,0.863,-0.957,-0.972,0.999,-0.998,0.933,-0.986,0.979,-0.995,-0.991,-0.979,0.998,0.997,0.978,-0.999,0.999,0.96,-0.959,-0.998,0.98,-0.993,0.992,-0.997,-0.991,9.554,5.728,10.431,10.378,10.482,10.43,10.513,10.497,7.469,6.063,10.432,10.328,7.911,7.81,10.418,10.405,EssenceCatalog/problems/csplib-prob010-SocialGolfers/params/0a7275e2e643a1147d80e1a24ae58153.param
0.996,0.915,-0.739,0.848,0.949,-0.992,-0.945,-0.93,-0.977,-0.855,0.965,0.976,0.155,-0.919,-0.783,0.951,-0.975,0.821,0.981,-0.973,-0.996,0.712,0.906,-0.704,-0.98,0.344,-0.975,-0.988,0.985,-0.281,0.949,0.975,0.991,0.802,0.994,0.976,0.967,-0.919,0.988,-0.85,0.81,0.576,-0.23,0.981,0.917,-0.995,-0.97,-0.972,-0.982,-0.871,0.925,-0.978,0.941,-0.987,-0.912,0.912,-0.762,0.955,-0.997,-0.946,0.943,0.992,-0.11,0.991,-0.998,-0.922,-0.917,-0.992,-0.987,-0.944,0.94,-0.988,0.918,0.96,-0.987,0.982,0.864,-0.953,-0.968,0.998,-0.997,0.832,-0.982,0.978,-0.993,-0.98,-0.973,0.997,0.995,0.952,-0.998,0.998,0.955,-0.97,-0.997,0.956,-0.989,0.987,-0.994,-0.987,8.817,5.41,10.351,10.274,10.407,10.352,10.391,10.378,7.011,5.69,10.351,10.223,7.46,7.287,10.321,10.274,EssenceCatalog/problems/csplib-prob010-SocialGolfers/params/c5afd2ce38e63b0dfda3287cbcea1cce.param
0.994,0.909,-0.442,-0.877,-0.025,-0.999,0.179,-0.37,0.809,-0.476,0.851,0.985,-0.967,0.875,-0.874,0.959,-0.993,0.671,0.982,-0.714,-0.994,-0.932,0.875,-0.587,-0.992,-0.99,-0.987,-0.98,0.994,0.936,0.947,0.952,0.995,0.92,0.997,0.998,0.969,-0.909,-0.928,-0.884,0.98,-0.872,-0.721,0.762,0.975,-0.988,-0.221,0.892,0.83,0.933,0.991,-0.333,0.971,-0.945,-0.993,-0.802,-0.812,0.931,-0.997,-0.995,0.966,0.989,-0.95,0.999,-0.998,-0.859,-0.911,-0.998,-0.994,-0.97,0.964,-0.99,-0.771,-0.752,0.785,0.997,0.974,-0.995,-0.952,0.999,-0.996,0.861,-0.982,0.994,-0.995,-0.936,-0.981,0.997,0.995,0.869,-0.999,0.998,0.911,-0.949,-0.998,-0.765,-0.98,0.998,-0.997,-0.996,4.635,3.706,5.988,10.288,10.74,10.653,10.733,10.758,4.458,3.955,5.99,10.306,5.089,4.708,6.985,10.327,EssenceCatalog/problems/csplib-prob010-SocialGolfers/params/45c77a9b0cbaae12d726b45e1a19790a.param
0.991,0.786,-0.88,-0.766,0.928,-0.993,-0.866,-0.757,-0.984,-0.837,0.486,0.98,0.859,-0.924,-0.834,0.757,-0.979,0.842,0.945,-0.86,-0.993,-0.385,0.467,-0.853,-0.973,-0.84,-0.969,-0.966,0.966,0.678,0.91,0.96,0.978,0.9,0.987,0.968,0.874,-0.924,0.991,-0.899,0.912,0.95,-0.935,0.433,0.96,-0.991,-0.906,-0.878,-0.986,0.697,0.915,-0.949,0.962,-0.977,-0.976,0.862,-0.912,0.844,-0.991,-0.949,0.801,0.966,-0.717,0.985,-0.995,-0.759,-0.728,-0.987,-0.985,-0.737,0.892,-0.976,0.973,0.963,-0.983,0.985,0.847,-0.947,-0.319,0.995,-0.994,0.925,-0.967,0.977,-0.978,-0.981,-0.955,0.995,0.984,0.821,-0.997,0.997,0.579,-0.58,-0.995,0.95,-0.989,0.975,-0.995,-0.985,7.193,5.498,10.591,10.532,10.454,10.493,10.485,10.522,6.523,5.682,10.585,10.571,6.79,6.709,10.564,10.595,EssenceCatalog/problems/csplib-prob010-SocialGolfers/params/3e99bc19454da9388564ea94f8dda5e5.param
0.996,0.813,-0.947,0.031,0.967,-0.992,-0.834,-0.676,-0.975,-0.813,0.905,0.976,0.878,-0.869,-0.815,0.86,-0.982,0.96,0.958,-0.941,-0.993,-0.349,0.113,-0.921,-0.975,-0.65,-0.966,-0.958,0.963,0.381,0.898,0.978,0.988,0.893,0.99,0.966,0.917,-0.799,0.983,-0.65,0.729,0.628,-0.965,0.856,0.939,-0.993,-0.94,-0.905,-0.983,0.041,0.976,-0.961,0.912,-0.983,-0.979,0.905,-0.934,0.868,-0.995,-0.972,0.865,0.97,-0.929,0.987,-0.996,-0.849,-0.797,-0.991,-0.99,-0.897,0.887,-0.986,0.887,0.938,-0.983,0.986,0.957,-0.953,-0.901,0.998,-0.996,0.899,-0.974,0.976,-0.983,-0.977,-0.953,0.996,0.981,0.935,-0.997,0.997,0.552,-0.627,-0.996,0.964,-0.991,0.991,-0.996,-0.983,7.816,5.487,10.506,10.494,10.466,10.54,10.496,10.593,6.679,5.742,10.512,10.518,7.039,7.123,10.53,10.523,EssenceCatalog/problems/csplib-prob010-SocialGolfers/params/feb6fd87860d3c23e312e1fa5279e3c6.param
0.994,0.792,-0.931,-0.333,0.956,-0.991,-0.801,-0.603,-0.971,-0.781,0.875,0.971,0.74,-0.846,-0.7,0.816,-0.979,0.93,0.954,-0.924,-0.992,-0.619,0.062,-0.848,-0.972,-0.805,-0.963,-0.948,0.956,0.619,0.88,0.967,0.985,0.852,0.989,0.962,0.908,-0.781,0.982,-0.613,0.767,0.441,-0.937,0.765,0.95,-0.992,-0.92,-0.878,-0.98,0.383,0.971,-0.953,0.901,-0.98,-0.979,0.866,-0.917,0.837,-0.994,-0.973,0.852,0.963,-0.945,0.987,-0.995,-0.803,-0.735,-0.988,-0.988,-0.863,0.862,-0.982,0.888,0.925,-0.979,0.982,0.956,-0.954,-0.882,0.998,-0.995,0.873,-0.971,0.977,-0.979,-0.97,-0.946,0.995,0.977,0.906,-0.996,0.997,0.451,-0.609,-0.995,0.952,-0.988,0.99,-0.995,-0.983,7.256,5.366,10.474,10.488,10.439,10.527,10.468,10.576,6.408,5.575,10.477,10.533,6.74,6.824,10.52,10.523,EssenceCatalog/problems/csplib-prob010-SocialGolfers/params/e392137590a5ab4c4f8700d385b4fac6.param
0.997,0.828,-0.96,0.317,0.976,-0.993,-0.868,-0.747,-0.978,-0.846,0.912,0.982,0.959,-0.89,-0.905,0.891,-0.984,0.979,0.961,-0.951,-0.994,0.062,0.195,-0.966,-0.978,-0.415,-0.969,-0.968,0.971,0.046,0.92,0.985,0.99,0.933,0.991,0.97,0.922,-0.843,0.984,-0.736,0.719,0.835,-0.984,0.905,0.929,-0.994,-0.957,-0.92,-0.985,-0.246,0.978,-0.964,0.936,-0.986,-0.978,0.934,-0.954,0.899,-0.996,-0.969,0.869,0.975,-0.891,0.987,-0.997,-0.888,-0.847,-0.993,-0.992,-0.917,0.916,-0.989,0.894,0.952,-0.986,0.989,0.952,-0.949,-0.895,0.998,-0.997,0.928,-0.977,0.975,-0.987,-0.985,-0.961,0.997,0.986,0.953,-0.997,0.998,0.646,-0.62,-0.996,0.974,-0.993,0.99,-0.997,-0.984,8.364,5.598,10.511,10.47,10.478,10.527,10.502,10.57,6.944,5.895,10.523,10.47,7.326,7.389,10.509,10.491,EssenceCatalog/problems/csplib-prob010-SocialGolfers/params/7f609ff875c8a49d7e4399bf84287024.param
0.995,0.806,-0.947,-0.037,0.968,-0.992,-0.833,-0.695,-0.978,-0.82,0.876,0.978,0.917,-0.886,-0.857,0.857,-0.983,0.961,0.954,-0.933,-0.993,-0.278,0.139,-0.936,-0.975,-0.641,-0.969,-0.959,0.964,0.373,0.902,0.978,0.987,0.912,0.99,0.967,0.91,-0.828,0.985,-0.722,0.751,0.774,-0.974,0.832,0.939,-0.993,-0.941,-0.906,-0.985,0.08,0.974,-0.961,0.923,-0.983,-0.981,0.911,-0.94,0.866,-0.995,-0.97,0.855,0.969,-0.911,0.987,-0.996,-0.843,-0.796,-0.991,-0.99,-0.889,0.892,-0.985,0.906,0.946,-0.984,0.987,0.947,-0.951,-0.858,0.998,-0.996,0.915,-0.974,0.975,-0.983,-0.981,-0.953,0.996,0.982,0.93,-0.997,0.997,0.551,-0.577,-0.996,0.966,-0.991,0.99,-0.996,-0.984,7.868,5.533,10.539,10.511,10.479,10.546,10.51,10.591,6.733,5.79,10.543,10.532,7.081,7.151,10.548,10.544,EssenceCatalog/problems/csplib-prob010-SocialGolfers/params/402bb0ba0d3f2bba2e6dada7db5ce3e1.param
0.987,0.856,-0.563,-0.909,0.772,-0.995,-0.892,-0.819,-0.978,-0.735,0.735,0.961,-0.847,-0.89,0.083,0.809,-0.972,-0.294,0.972,-0.871,-0.994,-0.829,0.841,0.576,-0.976,-0.95,-0.971,-0.971,0.973,0.929,0.904,0.906,0.978,0.616,0.991,0.974,0.937,-0.915,0.99,-0.913,0.947,-0.077,0.434,0.089,0.966,-0.989,-0.85,-0.879,-0.976,0.865,0.899,-0.954,0.954,-0.969,-0.973,0.461,-0.707,0.861,-0.993,-0.975,0.875,0.98,-0.851,0.993,-0.995,-0.69,-0.675,-0.98,-0.976,-0.678,0.863,-0.971,0.966,0.924,-0.969,0.975,0.904,-0.971,-0.807,0.993,-0.993,0.772,-0.976,0.986,-0.981,-0.961,-0.96,0.994,0.988,0.713,-0.998,0.997,0.735,-0.938,-0.993,0.829,-0.974,0.987,-0.992,-0.989,5.481,4.479,10.554,10.504,10.545,10.525,10.52,10.462,5.349,4.58,10.531,10.448,5.698,5.231,10.534,10.484,EssenceCatalog/problems/csplib-prob010-SocialGolfers/params/c103dfcdf1801bb0268c7a5fa8911cbd.param
0.991,0.812,-0.863,-0.963,0.872,-0.995,-0.832,-0.701,-0.979,-0.806,0.519,0.974,0.054,-0.875,-0.434,0.72,-0.982,0.507,0.958,-0.84,-0.994,-0.912,0.459,-0.273,-0.977,-0.971,-0.969,-0.957,0.968,0.949,0.886,0.934,0.978,0.841,0.99,0.975,0.911,-0.912,0.988,-0.888,0.952,0.611,-0.755,-0.341,0.976,-0.99,-0.812,-0.746,-0.978,0.954,0.95,-0.939,0.958,-0.973,-0.987,0.647,-0.895,0.805,-0.993,-0.979,0.843,0.967,-0.936,0.992,-0.995,-0.672,-0.599,-0.982,-0.986,-0.696,0.876,-0.974,0.968,0.924,-0.971,0.985,0.939,-0.97,-0.523,0.995,-0.994,0.891,-0.976,0.985,-0.975,-0.962,-0.959,0.995,0.983,0.737,-0.998,0.997,0.397,-0.704,-0.995,0.89,-0.985,0.987,-0.995,-0.99,6.021,5.062,10.545,10.565,10.484,10.515,10.474,10.531,5.84,5.182,10.547,10.595,6.117,5.933,10.565,10.581,EssenceCatalog/problems/csplib-prob010-SocialGolfers/params/baf201975dcdfc3969a25eed96f87934.param
0.992,0.783,-0.909,-0.916,0.915,-0.994,-0.835,-0.712,-0.983,-0.847,0.418,0.98,0.8,-0.904,-0.785,0.735,-0.983,0.814,0.948,-0.84,-0.993,-0.755,0.355,-0.797,-0.976,-0.936,-0.971,-0.959,0.965,0.868,0.898,0.959,0.978,0.91,0.989,0.971,0.882,-0.923,0.989,-0.9,0.937,0.914,-0.945,-0.042,0.97,-0.99,-0.859,-0.797,-0.982,0.898,0.945,-0.942,0.963,-0.976,-0.986,0.807,-0.931,0.82,-0.992,-0.969,0.81,0.964,-0.877,0.989,-0.995,-0.715,-0.652,-0.986,-0.988,-0.725,0.895,-0.977,0.973,0.949,-0.98,0.987,0.911,-0.959,-0.317,0.995,-0.994,0.931,-0.972,0.98,-0.975,-0.976,-0.958,0.995,0.982,0.792,-0.997,0.997,0.42,-0.5,-0.996,0.932,-0.989,0.981,-0.996,-0.988,6.684,5.415,10.581,10.567,10.454,10.504,10.467,10.538,6.284,5.566,10.582,10.62,6.53,6.46,10.584,10.617,EssenceCatalog/problems/csplib-prob010-SocialGolfers/params/36c5933fbc06d1cd36a5698cb0c587ef.param
0.992,0.779,-0.925,-0.848,0.934,-0.994,-0.835,-0.724,-0.984,-0.856,0.477,0.981,0.9,-0.912,-0.858,0.759,-0.984,0.884,0.945,-0.854,-0.993,-0.611,0.306,-0.886,-0.977,-0.894,-0.972,-0.96,0.964,0.782,0.904,0.967,0.98,0.927,0.988,0.97,0.877,-0.92,0.989,-0.892,0.918,0.942,-0.968,0.193,0.965,-0.991,-0.888,-0.83,-0.984,0.817,0.95,-0.946,0.961,-0.978,-0.985,0.854,-0.941,0.833,-0.992,-0.965,0.806,0.965,-0.85,0.988,-0.995,-0.744,-0.689,-0.988,-0.989,-0.766,0.903,-0.979,0.97,0.955,-0.983,0.988,0.904,-0.954,-0.352,0.996,-0.995,0.939,-0.971,0.978,-0.976,-0.981,-0.956,0.995,0.983,0.834,-0.997,0.997,0.453,-0.438,-0.996,0.946,-0.99,0.981,-0.996,-0.987,6.972,5.498,10.612,10.577,10.471,10.527,10.5,10.56,6.43,5.669,10.609,10.628,6.682,6.647,10.604,10.638,EssenceCatalog/problems/csplib-prob010-SocialGolfers/params/c07352f8a974b7634d6602a5f39cd700.param
0.991,0.87,-0.816,-0.984,0.816,-0.997,-0.842,-0.733,-0.976,-0.788,0.706,0.966,-0.798,-0.847,0.156,0.756,-0.984,-0.089,0.972,-0.852,-0.995,-0.967,0.639,0.557,-0.982,-0.986,-0.974,-0.965,0.974,0.981,0.894,0.909,0.981,0.768,0.993,0.983,0.944,-0.906,0.985,-0.906,0.967,-0.279,-0.085,-0.655,0.981,-0.991,-0.772,-0.714,-0.972,0.979,0.966,-0.946,0.955,-0.973,-0.991,0.365,-0.872,0.821,-0.995,-0.99,0.901,0.975,-0.968,0.996,-0.996,-0.65,-0.595,-0.982,-0.987,-0.711,0.876,-0.976,0.959,0.884,-0.962,0.988,0.962,-0.983,-0.758,0.996,-0.995,0.853,-0.982,0.99,-0.981,-0.952,-0.969,0.995,0.985,0.733,-0.998,0.998,0.452,-0.875,-0.996,0.812,-0.98,0.993,-0.995,-0.994,5.201,4.5,10.52,10.543,10.557,10.556,10.538,10.518,5.232,4.607,10.5,10.535,5.571,5.194,10.556,10.524,EssenceCatalog/problems/csplib-prob010-SocialGolfers/params/3ebed4f2f51162bd57ad35514e32ad9b.param
0.991,0.913,-0.344,0.099,0.825,-0.995,-0.944,-0.93,-0.983,-0.837,0.91,0.971,-0.807,-0.946,-0.359,0.932,-0.971,-0.079,0.981,-0.937,-0.995,0.381,0.961,0.225,-0.981,-0.41,-0.981,-0.991,0.985,0.43,0.952,0.952,0.987,0.597,0.993,0.98,0.967,-0.945,0.989,-0.94,0.93,0.394,0.759,0.891,0.942,-0.993,-0.944,-0.965,-0.98,-0.399,0.832,-0.972,0.96,-0.979,-0.927,0.721,-0.556,0.949,-0.995,-0.956,0.938,0.991,0.07,0.994,-0.998,-0.865,-0.903,-0.99,-0.978,-0.867,0.909,-0.978,0.965,0.95,-0.981,0.98,0.805,-0.971,-0.932,0.996,-0.995,0.768,-0.98,0.985,-0.992,-0.974,-0.973,0.996,0.994,0.868,-0.999,0.998,0.951,-0.983,-0.995,0.862,-0.981,0.986,-0.991,-0.99,7.245,4.789,10.434,10.262,10.409,10.318,10.379,10.203,6.14,4.955,10.38,10.146,6.571,6.074,10.337,10.227,EssenceCatalog/problems/csplib-prob010-SocialGolfers/params/ba6bf8da482721a26f46ba78b13e1ec9.param
0.99,0.893,-0.675,-0.97,0.791,-0.997,-0.874,-0.769,-0.977,-0.741,0.82,0.953,-0.94,-0.869,0.509,0.786,-0.981,-0.471,0.975,-0.873,-0.995,-0.957,0.784,0.828,-0.982,-0.979,-0.975,-0.97,0.971,0.976,0.894,0.888,0.981,0.591,0.993,0.984,0.953,-0.884,0.986,-0.913,0.957,-0.714,0.61,-0.551,0.975,-0.99,-0.825,-0.828,-0.975,0.959,0.963,-0.964,0.939,-0.971,-0.988,0.297,-0.793,0.839,-0.995,-0.989,0.922,0.979,-0.963,0.996,-0.996,-0.638,-0.649,-0.983,-0.983,-0.722,0.843,-0.973,0.954,0.888,-0.966,0.984,0.957,-0.984,-0.88,0.996,-0.993,0.796,-0.981,0.99,-0.982,-0.958,-0.965,0.994,0.985,0.733,-0.998,0.998,0.57,-0.941,-0.994,0.791,-0.97,0.994,-0.993,-0.993,4.992,4.24,10.522,10.465,10.568,10.546,10.548,10.46,5.007,4.344,10.492,10.44,5.376,4.888,10.528,10.451,EssenceCatalog/problems/csplib-prob010-SocialGolfers/params/f64e039106572c1a3844c02700a34d07.param
0.992,0.78,-0.9,-0.653,0.936,-0.992,-0.786,-0.582,-0.97,-0.757,0.826,0.965,0.433,-0.848,-0.522,0.762,-0.976,0.842,0.951,-0.901,-0.992,-0.774,0.131,-0.659,-0.97,-0.888,-0.962,-0.942,0.952,0.79,0.862,0.951,0.981,0.792,0.988,0.963,0.903,-0.788,0.983,-0.648,0.817,0.297,-0.857,0.573,0.958,-0.991,-0.899,-0.857,-0.98,0.651,0.964,-0.949,0.899,-0.975,-0.979,0.81,-0.888,0.807,-0.993,-0.974,0.846,0.959,-0.948,0.988,-0.995,-0.737,-0.671,-0.985,-0.985,-0.817,0.838,-0.977,0.91,0.92,-0.975,0.979,0.949,-0.958,-0.844,0.997,-0.994,0.851,-0.97,0.978,-0.975,-0.962,-0.942,0.994,0.974,0.859,-0.996,0.997,0.39,-0.634,-0.995,0.935,-0.985,0.989,-0.993,-0.983,6.685,5.2,10.46,10.473,10.419,10.499,10.44,10.531,6.12,5.362,10.459,10.522,6.428,6.455,10.514,10.503,EssenceCatalog/problems/csplib-prob010-SocialGolfers/params/317006996892bedfdc18800a2ec86a77.param
0.989,0.785,-0.808,-0.629,0.916,-0.991,-0.827,-0.708,-0.977,-0.724,0.78,0.96,0.109,-0.879,-0.451,0.774,-0.973,0.645,0.952,-0.894,-0.992,-0.694,0.464,-0.411,-0.966,-0.86,-0.964,-0.948,0.956,0.798,0.863,0.938,0.977,0.743,0.987,0.96,0.9,-0.834,0.989,-0.753,0.837,0.356,-0.646,0.593,0.951,-0.99,-0.898,-0.9,-0.983,0.565,0.935,-0.957,0.909,-0.972,-0.974,0.793,-0.82,0.813,-0.992,-0.965,0.838,0.964,-0.893,0.988,-0.994,-0.709,-0.66,-0.982,-0.98,-0.769,0.836,-0.971,0.94,0.94,-0.979,0.972,0.915,-0.952,-0.806,0.996,-0.992,0.817,-0.967,0.976,-0.974,-0.966,-0.937,0.993,0.977,0.811,-0.996,0.997,0.565,-0.772,-0.993,0.929,-0.981,0.985,-0.991,-0.982,6.611,5.103,10.51,10.49,10.445,10.495,10.455,10.512,6.063,5.247,10.502,10.513,6.38,6.28,10.53,10.507,EssenceCatalog/problems/csplib-prob010-SocialGolfers/params/8240b00030acd3feac243ab98233196a.param
0.987,0.829,-0.637,-0.907,0.814,-0.994,-0.87,-0.792,-0.979,-0.74,0.685,0.961,-0.682,-0.892,-0.103,0.784,-0.974,-0.058,0.965,-0.862,-0.993,-0.846,0.764,0.349,-0.972,-0.947,-0.969,-0.965,0.969,0.929,0.893,0.911,0.976,0.689,0.99,0.97,0.921,-0.904,0.99,-0.898,0.936,0.171,0.052,0.103,0.965,-0.988,-0.847,-0.873,-0.979,0.868,0.904,-0.953,0.948,-0.967,-0.976,0.558,-0.755,0.833,-0.992,-0.971,0.851,0.975,-0.866,0.992,-0.994,-0.668,-0.641,-0.98,-0.977,-0.682,0.857,-0.97,0.967,0.929,-0.972,0.974,0.902,-0.964,-0.742,0.994,-0.992,0.797,-0.972,0.984,-0.977,-0.961,-0.954,0.993,0.985,0.706,-0.997,0.997,0.678,-0.897,-0.993,0.863,-0.975,0.985,-0.992,-0.988,5.673,4.65,10.554,10.523,10.515,10.514,10.498,10.479,5.51,4.753,10.544,10.489,5.836,5.451,10.542,10.51,EssenceCatalog/problems/csplib-prob010-SocialGolfers/params/cc973368dafdb410377190920fb4869b.param
0.991,0.879,-0.797,-0.982,0.826,-0.997,-0.851,-0.747,-0.979,-0.776,0.737,0.962,-0.845,-0.861,0.262,0.769,-0.985,-0.187,0.973,-0.861,-0.995,-0.97,0.68,0.674,-0.982,-0.985,-0.976,-0.965,0.974,0.982,0.89,0.907,0.98,0.749,0.993,0.984,0.947,-0.902,0.987,-0.917,0.965,-0.451,0.089,-0.699,0.98,-0.991,-0.794,-0.759,-0.976,0.977,0.969,-0.959,0.948,-0.973,-0.991,0.345,-0.868,0.82,-0.995,-0.991,0.911,0.977,-0.971,0.996,-0.996,-0.635,-0.585,-0.983,-0.986,-0.708,0.867,-0.976,0.961,0.892,-0.969,0.987,0.963,-0.982,-0.799,0.996,-0.994,0.853,-0.982,0.99,-0.979,-0.96,-0.968,0.995,0.984,0.744,-0.998,0.998,0.451,-0.891,-0.995,0.824,-0.978,0.994,-0.994,-0.994,5.122,4.428,10.543,10.536,10.572,10.566,10.555,10.518,5.161,4.533,10.52,10.528,5.511,5.102,10.571,10.519,EssenceCatalog/problems/csplib-prob010-SocialGolfers/params/4f9eecf8537445f5f2a9ad6db02702f0.param
0.996,0.826,-0.952,0.269,0.973,-0.992,-0.859,-0.735,-0.978,-0.829,0.915,0.979,0.931,-0.889,-0.873,0.884,-0.983,0.97,0.96,-0.949,-0.993,-0.063,0.203,-0.949,-0.976,-0.476,-0.968,-0.966,0.968,0.157,0.912,0.982,0.989,0.915,0.991,0.969,0.921,-0.826,0.985,-0.709,0.714,0.761,-0.975,0.896,0.931,-0.994,-0.953,-0.923,-0.986,-0.202,0.977,-0.965,0.925,-0.986,-0.978,0.926,-0.942,0.888,-0.996,-0.969,0.871,0.974,-0.901,0.987,-0.997,-0.874,-0.834,-0.992,-0.991,-0.911,0.903,-0.987,0.893,0.949,-0.986,0.988,0.952,-0.95,-0.902,0.998,-0.996,0.916,-0.976,0.975,-0.986,-0.983,-0.958,0.996,0.985,0.947,-0.997,0.998,0.632,-0.648,-0.996,0.971,-0.992,0.991,-0.996,-0.984,8.22,5.563,10.51,10.475,10.473,10.528,10.498,10.576,6.87,5.848,10.52,10.482,7.25,7.316,10.515,10.499,EssenceCatalog/problems/csplib-prob010-SocialGolfers/params/1443dc81149b81f26c169173dd6dc9fa.param
0.99,0.849,-0.808,-0.977,0.828,-0.996,-0.855,-0.731,-0.978,-0.789,0.635,0.969,-0.626,-0.866,-0.023,0.738,-0.981,0.08,0.968,-0.852,-0.995,-0.945,0.62,0.345,-0.98,-0.98,-0.97,-0.962,0.973,0.969,0.893,0.913,0.979,0.767,0.992,0.979,0.932,-0.912,0.987,-0.902,0.962,0.097,-0.291,-0.495,0.978,-0.99,-0.793,-0.749,-0.974,0.969,0.951,-0.944,0.959,-0.973,-0.986,0.482,-0.865,0.817,-0.994,-0.985,0.878,0.974,-0.95,0.994,-0.995,-0.668,-0.6,-0.981,-0.985,-0.678,0.87,-0.975,0.965,0.907,-0.966,0.985,0.948,-0.977,-0.679,0.995,-0.995,0.853,-0.98,0.988,-0.979,-0.955,-0.965,0.995,0.985,0.718,-0.998,0.998,0.48,-0.85,-0.995,0.851,-0.981,0.99,-0.995,-0.992,5.453,4.667,10.547,10.556,10.536,10.541,10.517,10.521,5.428,4.776,10.538,10.55,5.746,5.406,10.571,10.546,EssenceCatalog/problems/csplib-prob010-SocialGolfers/params/b07bdc4fb5fb3f9b96df916fdfda673d.param
0.991,0.835,-0.847,-0.974,0.852,-0.996,-0.833,-0.708,-0.978,-0.795,0.614,0.97,-0.418,-0.859,-0.19,0.732,-0.982,0.286,0.964,-0.847,-0.995,-0.946,0.525,0.098,-0.979,-0.979,-0.97,-0.959,0.971,0.967,0.885,0.925,0.979,0.806,0.991,0.978,0.926,-0.905,0.987,-0.889,0.957,0.252,-0.546,-0.481,0.978,-0.99,-0.797,-0.729,-0.976,0.967,0.957,-0.942,0.955,-0.973,-0.988,0.544,-0.884,0.807,-0.994,-0.985,0.867,0.97,-0.956,0.994,-0.995,-0.659,-0.584,-0.982,-0.986,-0.705,0.873,-0.975,0.963,0.908,-0.967,0.986,0.951,-0.975,-0.645,0.996,-0.994,0.872,-0.978,0.987,-0.977,-0.957,-0.963,0.995,0.983,0.731,-0.998,0.997,0.407,-0.785,-0.995,0.862,-0.983,0.99,-0.995,-0.992,5.638,4.816,10.536,10.566,10.517,10.536,10.502,10.533,5.564,4.927,10.531,10.578,5.869,5.606,10.568,10.565,EssenceCatalog/problems/csplib-prob010-SocialGolfers/params/029475c470abef2d60ace8f6200db50f.param
0.991,0.843,-0.839,-0.977,0.843,-0.996,-0.835,-0.722,-0.978,-0.793,0.629,0.969,-0.535,-0.858,-0.121,0.741,-0.983,0.184,0.967,-0.85,-0.995,-0.955,0.567,0.251,-0.98,-0.981,-0.972,-0.96,0.971,0.972,0.886,0.921,0.979,0.805,0.992,0.979,0.932,-0.909,0.987,-0.898,0.961,0.123,-0.459,-0.554,0.979,-0.99,-0.789,-0.726,-0.975,0.971,0.96,-0.946,0.955,-0.973,-0.989,0.497,-0.883,0.811,-0.994,-0.987,0.878,0.972,-0.96,0.994,-0.995,-0.654,-0.57,-0.981,-0.987,-0.699,0.876,-0.976,0.964,0.905,-0.968,0.986,0.953,-0.977,-0.673,0.996,-0.994,0.868,-0.98,0.987,-0.977,-0.958,-0.965,0.995,0.984,0.732,-0.998,0.997,0.42,-0.815,-0.995,0.856,-0.982,0.991,-0.995,-0.992,5.51,4.734,10.542,10.57,10.529,10.542,10.514,10.536,5.477,4.844,10.532,10.576,5.789,5.492,10.575,10.563,EssenceCatalog/problems/csplib-prob010-SocialGolfers/params/9b6c997e6e389445707649a1d7f9eb44.param
0.988,0.91,-0.387,-0.584,0.758,-0.996,-0.923,-0.83,-0.958,-0.796,0.876,0.965,-0.913,-0.902,0.146,0.864,-0.965,-0.309,0.978,-0.912,-0.995,-0.247,0.928,0.534,-0.983,-0.855,-0.976,-0.989,0.982,0.688,0.937,0.917,0.987,0.358,0.993,0.983,0.956,-0.917,0.976,-0.907,0.937,-0.044,0.809,0.753,0.956,-0.991,-0.921,-0.923,-0.965,0.462,0.872,-0.948,0.957,-0.975,-0.924,0.56,-0.597,0.924,-0.995,-0.968,0.932,0.987,-0.557,0.994,-0.998,-0.819,-0.873,-0.989,-0.975,-0.818,0.865,-0.973,0.935,0.922,-0.958,0.982,0.887,-0.976,-0.924,0.995,-0.995,0.759,-0.979,0.99,-0.992,-0.966,-0.97,0.996,0.993,0.813,-0.999,0.998,0.883,-0.975,-0.996,0.797,-0.975,0.989,-0.992,-0.991,6.072,4.487,10.535,10.412,10.541,10.487,10.506,10.356,5.569,4.618,10.497,10.309,5.95,5.457,10.488,10.391,EssenceCatalog/problems/csplib-prob010-SocialGolfers/params/ord32-6-10-6.param
0.993,0.787,-0.941,-0.772,0.947,-0.994,-0.846,-0.745,-0.985,-0.875,0.512,0.984,0.952,-0.919,-0.909,0.785,-0.985,0.927,0.947,-0.867,-0.993,-0.426,0.303,-0.936,-0.979,-0.847,-0.975,-0.965,0.966,0.669,0.914,0.975,0.982,0.945,0.989,0.97,0.877,-0.928,0.989,-0.902,0.909,0.965,-0.982,0.339,0.961,-0.992,-0.91,-0.849,-0.985,0.735,0.954,-0.95,0.965,-0.98,-0.985,0.887,-0.954,0.851,-0.993,-0.962,0.814,0.968,-0.814,0.987,-0.996,-0.78,-0.728,-0.99,-0.99,-0.799,0.916,-0.982,0.971,0.962,-0.985,0.99,0.896,-0.949,-0.361,0.996,-0.995,0.952,-0.972,0.978,-0.978,-0.985,-0.958,0.995,0.984,0.867,-0.998,0.997,0.496,-0.391,-0.996,0.957,-0.992,0.98,-0.997,-0.986,7.241,5.563,10.642,10.594,10.505,10.556,10.541,10.583,6.566,5.759,10.635,10.641,6.828,6.804,10.626,10.661,EssenceCatalog/problems/csplib-prob010-SocialGolfers/params/73410a11ce746104538dfde8d9377276.param
0.999,0.964,-0.951,0.956,0.978,-0.997,-0.986,-0.983,-0.995,-0.982,0.957,0.994,0.99,-0.985,-0.993,0.977,-0.99,0.98,0.992,-0.978,-0.998,0.987,0.984,-0.987,-0.994,0.956,-0.992,-0.997,0.995,-0.959,0.987,0.994,0.994,0.981,0.995,0.994,0.979,-0.988,0.993,-0.992,0.959,0.997,-0.987,0.978,0.924,-0.998,-0.989,-0.986,-0.988,-0.97,0.946,-0.991,0.993,-0.995,-0.878,0.983,-0.979,0.988,-0.998,-0.945,0.974,0.994,0.959,0.995,-0.999,-0.974,-0.982,-0.997,-0.994,-0.98,0.985,-0.994,0.987,0.992,-0.997,0.998,0.09,-0.948,-0.893,0.997,-0.999,0.987,-0.988,0.987,-0.995,-0.997,-0.989,0.999,0.998,0.985,-1.0,0.999,0.982,-0.97,-0.998,0.993,-0.997,0.989,-0.999,-0.995,9.824,5.833,10.431,10.358,10.458,10.355,10.494,10.435,7.678,6.158,10.409,10.306,8.093,7.893,10.405,10.41,EssenceCatalog/problems/csplib-prob010-SocialGolfers/params/3dcf29004954a8e350abab7d6238dfe8.param
0.99,0.795,-0.834,-0.79,0.913,-0.993,-0.873,-0.781,-0.986,-0.827,0.461,0.978,0.769,-0.934,-0.802,0.755,-0.978,0.746,0.945,-0.853,-0.992,-0.371,0.593,-0.789,-0.972,-0.838,-0.97,-0.968,0.967,0.698,0.912,0.954,0.976,0.882,0.987,0.968,0.873,-0.929,0.992,-0.913,0.922,0.947,-0.887,0.397,0.961,-0.991,-0.899,-0.893,-0.987,0.699,0.892,-0.952,0.964,-0.974,-0.975,0.842,-0.888,0.842,-0.99,-0.946,0.796,0.967,-0.633,0.986,-0.995,-0.737,-0.729,-0.985,-0.982,-0.7,0.889,-0.972,0.976,0.962,-0.984,0.983,0.82,-0.949,-0.288,0.995,-0.993,0.917,-0.965,0.977,-0.978,-0.98,-0.954,0.994,0.984,0.786,-0.997,0.997,0.632,-0.67,-0.995,0.942,-0.987,0.974,-0.995,-0.986,7.115,5.454,10.582,10.518,10.442,10.467,10.464,10.493,6.483,5.625,10.575,10.55,6.746,6.616,10.548,10.576,EssenceCatalog/problems/csplib-prob010-SocialGolfers/params/f23b740ba278a66c3b9a076f2acde44e.param
0.99,0.83,-0.814,-0.964,0.85,-0.995,-0.834,-0.726,-0.977,-0.768,0.674,0.965,-0.578,-0.855,-0.082,0.751,-0.981,0.182,0.967,-0.857,-0.994,-0.948,0.571,0.307,-0.977,-0.976,-0.97,-0.957,0.969,0.967,0.878,0.918,0.978,0.773,0.991,0.977,0.931,-0.896,0.987,-0.877,0.95,-0.038,-0.37,-0.414,0.976,-0.99,-0.81,-0.765,-0.974,0.957,0.957,-0.951,0.946,-0.972,-0.987,0.513,-0.864,0.801,-0.994,-0.985,0.874,0.973,-0.958,0.994,-0.995,-0.646,-0.561,-0.981,-0.985,-0.714,0.864,-0.975,0.96,0.908,-0.969,0.983,0.949,-0.973,-0.733,0.995,-0.994,0.849,-0.978,0.987,-0.975,-0.958,-0.96,0.995,0.983,0.746,-0.997,0.997,0.441,-0.828,-0.995,0.863,-0.981,0.99,-0.994,-0.991,5.49,4.685,10.531,10.549,10.516,10.532,10.507,10.527,5.439,4.794,10.519,10.553,5.76,5.463,10.566,10.541,EssenceCatalog/problems/csplib-prob010-SocialGolfers/params/de7b225d30cb020aea1d2cf4fb0737b8.param
0.988,0.788,-0.776,-0.887,0.873,-0.993,-0.863,-0.769,-0.982,-0.791,0.466,0.973,0.305,-0.907,-0.616,0.744,-0.976,0.529,0.952,-0.842,-0.993,-0.69,0.631,-0.481,-0.97,-0.92,-0.966,-0.963,0.967,0.857,0.898,0.935,0.974,0.828,0.988,0.967,0.89,-0.923,0.991,-0.904,0.936,0.839,-0.727,0.195,0.965,-0.989,-0.861,-0.855,-0.982,0.839,0.89,-0.943,0.962,-0.971,-0.975,0.736,-0.846,0.829,-0.99,-0.956,0.802,0.968,-0.774,0.988,-0.994,-0.699,-0.666,-0.981,-0.98,-0.66,0.878,-0.97,0.973,0.949,-0.977,0.979,0.859,-0.954,-0.398,0.993,-0.993,0.88,-0.968,0.98,-0.975,-0.969,-0.952,0.994,0.984,0.727,-0.997,0.997,0.608,-0.754,-0.994,0.912,-0.984,0.977,-0.994,-0.986,6.516,5.221,10.557,10.541,10.453,10.476,10.451,10.5,6.138,5.349,10.559,10.557,6.4,6.208,10.541,10.567,EssenceCatalog/problems/csplib-prob010-SocialGolfers/params/30a02b20e1df46c9a56f77a017579fa4.param
0.999,0.913,-0.973,0.953,0.988,-0.994,-0.962,-0.942,-0.982,-0.921,0.979,0.989,0.986,-0.928,-0.971,0.963,-0.986,0.992,0.983,-0.984,-0.996,0.899,0.772,-0.987,-0.985,0.783,-0.973,-0.988,0.989,-0.842,0.962,0.994,0.994,0.959,0.995,0.985,0.965,-0.906,0.988,-0.862,0.664,0.919,-0.989,0.987,0.869,-0.996,-0.986,-0.967,-0.989,-0.938,0.984,-0.983,0.965,-0.993,-0.935,0.976,-0.967,0.971,-0.998,-0.958,0.934,0.992,-0.442,0.991,-0.998,-0.966,-0.946,-0.996,-0.995,-0.974,0.969,-0.996,0.891,0.974,-0.993,0.994,0.933,-0.94,-0.971,0.999,-0.998,0.955,-0.987,0.975,-0.994,-0.992,-0.982,0.998,0.996,0.987,-0.999,0.998,0.923,-0.89,-0.997,0.989,-0.995,0.992,-0.998,-0.989,9.556,5.762,10.475,10.435,10.524,10.503,10.559,10.569,7.481,6.113,10.495,10.386,7.915,7.882,10.464,10.46,EssenceCatalog/problems/csplib-prob010-SocialGolfers/params/1e0dff26d92091d583098051d037938b.param
0.987,0.89,-0.386,-0.64,0.797,-0.995,-0.94,-0.875,-0.984,-0.782,0.857,0.958,-0.893,-0.944,0.207,0.836,-0.962,-0.439,0.975,-0.909,-0.993,-0.25,0.928,0.648,-0.978,-0.813,-0.974,-0.985,0.978,0.723,0.925,0.917,0.981,0.328,0.991,0.977,0.953,-0.918,0.992,-0.927,0.931,0.017,0.833,0.627,0.947,-0.99,-0.926,-0.954,-0.984,0.385,0.831,-0.969,0.95,-0.974,-0.924,0.636,-0.555,0.918,-0.994,-0.961,0.917,0.985,-0.511,0.992,-0.997,-0.791,-0.833,-0.984,-0.969,-0.744,0.832,-0.97,0.97,0.949,-0.979,0.973,0.863,-0.971,-0.903,0.994,-0.993,0.75,-0.977,0.986,-0.988,-0.966,-0.964,0.994,0.991,0.777,-0.998,0.998,0.867,-0.973,-0.994,0.854,-0.971,0.986,-0.989,-0.988,5.987,4.452,10.543,10.338,10.467,10.405,10.427,10.27,5.522,4.569,10.507,10.229,5.899,5.361,10.469,10.315,EssenceCatalog/problems/csplib-prob010-SocialGolfers/params/03ed772479441587cdc0677894b3ab73.param
0.986,0.855,-0.528,-0.862,0.789,-0.995,-0.909,-0.838,-0.982,-0.765,0.736,0.962,-0.811,-0.918,-0.004,0.808,-0.97,-0.298,0.97,-0.872,-0.993,-0.678,0.867,0.485,-0.975,-0.921,-0.972,-0.976,0.975,0.877,0.913,0.911,0.978,0.592,0.991,0.973,0.931,-0.92,0.991,-0.919,0.943,0.219,0.482,0.295,0.96,-0.989,-0.877,-0.911,-0.981,0.774,0.862,-0.957,0.956,-0.969,-0.963,0.565,-0.679,0.881,-0.993,-0.968,0.876,0.98,-0.733,0.993,-0.995,-0.714,-0.733,-0.982,-0.973,-0.677,0.858,-0.97,0.971,0.938,-0.975,0.976,0.881,-0.97,-0.796,0.994,-0.992,0.79,-0.976,0.985,-0.984,-0.963,-0.961,0.994,0.989,0.718,-0.998,0.998,0.789,-0.945,-0.993,0.849,-0.975,0.985,-0.991,-0.989,5.741,4.566,10.594,10.499,10.548,10.52,10.517,10.436,5.502,4.671,10.575,10.428,5.848,5.369,10.547,10.485,EssenceCatalog/problems/csplib-prob010-SocialGolfers/params/1a2ea6c1e796f72664f52c3b2d8a4348.param
0.993,0.808,-0.893,-0.588,0.931,-0.992,-0.772,-0.552,-0.96,-0.73,0.901,0.959,-0.005,-0.801,-0.328,0.792,-0.976,0.815,0.96,-0.918,-0.992,-0.847,0.139,-0.453,-0.972,-0.901,-0.962,-0.946,0.951,0.821,0.857,0.948,0.984,0.725,0.989,0.968,0.925,-0.73,0.976,-0.553,0.802,-0.332,-0.749,0.61,0.959,-0.991,-0.903,-0.843,-0.973,0.629,0.973,-0.953,0.871,-0.975,-0.98,0.759,-0.874,0.812,-0.995,-0.981,0.882,0.965,-0.968,0.99,-0.995,-0.754,-0.673,-0.985,-0.985,-0.859,0.83,-0.979,0.868,0.893,-0.971,0.979,0.964,-0.965,-0.927,0.997,-0.994,0.824,-0.973,0.981,-0.976,-0.956,-0.945,0.995,0.973,0.882,-0.996,0.997,0.395,-0.729,-0.995,0.919,-0.983,0.993,-0.993,-0.984,6.371,4.975,10.396,10.463,10.434,10.52,10.458,10.553,5.862,5.126,10.392,10.51,6.203,6.221,10.495,10.477,EssenceCatalog/problems/csplib-prob010-SocialGolfers/params/88d938795cb9b5b85b1788f927002c6c.param
0.997,0.862,-0.969,0.606,0.982,-0.994,-0.92,-0.873,-0.987,-0.902,0.904,0.988,0.99,-0.934,-0.968,0.917,-0.988,0.986,0.969,-0.957,-0.995,0.684,0.529,-0.985,-0.984,0.119,-0.978,-0.982,0.981,-0.462,0.946,0.991,0.991,0.966,0.992,0.979,0.93,-0.92,0.989,-0.884,0.768,0.971,-0.993,0.931,0.917,-0.995,-0.975,-0.948,-0.989,-0.615,0.977,-0.974,0.967,-0.99,-0.97,0.963,-0.97,0.937,-0.996,-0.96,0.896,0.984,-0.604,0.989,-0.998,-0.923,-0.891,-0.995,-0.993,-0.939,0.95,-0.992,0.944,0.977,-0.992,0.994,0.902,-0.941,-0.845,0.998,-0.998,0.965,-0.981,0.978,-0.99,-0.994,-0.971,0.997,0.992,0.968,-0.998,0.998,0.785,-0.663,-0.997,0.985,-0.995,0.989,-0.998,-0.987,9.066,5.728,10.516,10.434,10.497,10.489,10.528,10.536,7.284,6.061,10.527,10.411,7.687,7.671,10.489,10.462,EssenceCatalog/problems/csplib-prob010-SocialGolfers/params/62bf9244739de002c36f860ec816a26d.param
0.991,0.773,-0.902,-0.924,0.908,-0.994,-0.829,-0.711,-0.982,-0.83,0.456,0.978,0.673,-0.891,-0.713,0.727,-0.983,0.756,0.952,-0.845,-0.993,-0.824,0.363,-0.699,-0.975,-0.946,-0.969,-0.954,0.965,0.9,0.888,0.954,0.977,0.896,0.989,0.969,0.895,-0.917,0.989,-0.881,0.937,0.849,-0.917,-0.116,0.972,-0.99,-0.847,-0.781,-0.981,0.91,0.946,-0.941,0.959,-0.975,-0.985,0.77,-0.92,0.814,-0.992,-0.971,0.813,0.965,-0.907,0.989,-0.995,-0.698,-0.602,-0.984,-0.987,-0.724,0.89,-0.978,0.971,0.943,-0.978,0.985,0.922,-0.957,-0.421,0.995,-0.995,0.917,-0.973,0.981,-0.973,-0.971,-0.957,0.995,0.982,0.783,-0.997,0.997,0.395,-0.548,-0.995,0.925,-0.988,0.983,-0.996,-0.987,6.526,5.342,10.566,10.561,10.45,10.498,10.459,10.54,6.181,5.484,10.569,10.615,6.431,6.351,10.575,10.603,EssenceCatalog/problems/csplib-prob010-SocialGolfers/params/d9aac1f4c0cc888f2e93bdaab075c0df.param
0.991,0.781,-0.9,-0.883,0.919,-0.993,-0.858,-0.74,-0.984,-0.851,0.392,0.981,0.844,-0.914,-0.818,0.741,-0.982,0.824,0.948,-0.844,-0.993,-0.635,0.434,-0.826,-0.976,-0.912,-0.97,-0.962,0.967,0.81,0.905,0.959,0.978,0.91,0.989,0.97,0.879,-0.93,0.991,-0.908,0.935,0.94,-0.945,0.125,0.967,-0.99,-0.876,-0.832,-0.984,0.853,0.929,-0.945,0.966,-0.977,-0.982,0.829,-0.926,0.832,-0.992,-0.96,0.803,0.966,-0.815,0.987,-0.995,-0.735,-0.668,-0.986,-0.987,-0.713,0.897,-0.977,0.976,0.958,-0.982,0.986,0.884,-0.952,-0.259,0.995,-0.994,0.933,-0.97,0.979,-0.976,-0.979,-0.958,0.995,0.984,0.799,-0.997,0.997,0.495,-0.535,-0.996,0.942,-0.989,0.978,-0.996,-0.987,6.857,5.459,10.599,10.565,10.455,10.501,10.478,10.538,6.379,5.617,10.598,10.612,6.626,6.544,10.587,10.622,EssenceCatalog/problems/csplib-prob010-SocialGolfers/params/5f2c8fb8f18664ebb89cd43f390144a5.param
0.995,0.836,-0.779,-0.946,-0.71,-0.997,0.678,-0.295,0.975,-0.498,0.585,0.989,-0.955,0.99,-0.982,0.978,-0.982,0.84,0.983,-0.097,-0.991,-0.965,0.786,-0.919,-0.993,-0.996,-0.978,-0.947,0.995,0.959,0.954,0.97,0.996,0.986,0.997,0.995,0.977,-0.957,-0.995,-0.684,0.988,-0.853,-0.964,0.803,0.985,-0.954,0.848,0.992,0.992,0.98,0.984,0.846,0.98,-0.921,-0.99,-0.954,-0.915,0.952,-0.998,-0.993,0.934,0.987,-0.97,0.998,-0.992,-0.826,-0.866,-0.992,-0.997,-0.965,0.987,-0.993,-0.959,-0.978,0.984,0.996,0.986,-0.993,-0.936,0.994,-0.997,0.776,-0.982,0.987,-0.99,-0.284,-0.985,0.997,0.996,0.872,-0.997,0.994,0.952,-0.913,-0.997,-0.969,-0.985,0.993,-0.997,-0.992,4.14,3.424,4.725,10.038,10.537,10.386,10.551,10.732,4.168,3.657,4.787,10.039,4.731,4.275,5.85,10.082,EssenceCatalog/problems/csplib-prob010-SocialGolfers/params/6eb7cd514e400a45297943429fecbcd8.param
0.988,0.786,-0.758,-0.794,0.889,-0.991,-0.855,-0.736,-0.979,-0.722,0.73,0.958,-0.224,-0.885,-0.301,0.755,-0.971,0.409,0.957,-0.883,-0.992,-0.771,0.577,-0.092,-0.966,-0.909,-0.962,-0.95,0.958,0.863,0.868,0.924,0.974,0.698,0.987,0.959,0.908,-0.861,0.991,-0.801,0.881,0.286,-0.407,0.406,0.959,-0.989,-0.879,-0.888,-0.982,0.731,0.915,-0.955,0.926,-0.97,-0.971,0.728,-0.794,0.813,-0.992,-0.963,0.834,0.967,-0.886,0.988,-0.993,-0.678,-0.618,-0.978,-0.977,-0.724,0.835,-0.97,0.956,0.94,-0.978,0.968,0.906,-0.951,-0.772,0.994,-0.992,0.797,-0.968,0.978,-0.973,-0.96,-0.942,0.993,0.98,0.762,-0.996,0.996,0.582,-0.819,-0.993,0.916,-0.979,0.984,-0.991,-0.983,6.182,4.917,10.522,10.488,10.453,10.485,10.454,10.489,5.817,5.038,10.515,10.49,6.132,5.925,10.527,10.493,EssenceCatalog/problems/csplib-prob010-SocialGolfers/params/c3103449cd815ed311eecab6061a6dbe.param
0.987,0.88,-0.37,-0.612,0.779,-0.995,-0.919,-0.885,-0.98,-0.768,0.823,0.962,-0.869,-0.924,-0.091,0.879,-0.97,-0.337,0.975,-0.898,-0.993,-0.367,0.928,0.491,-0.976,-0.83,-0.977,-0.984,0.979,0.787,0.93,0.927,0.982,0.548,0.991,0.975,0.947,-0.928,0.989,-0.931,0.936,0.151,0.7,0.646,0.952,-0.99,-0.909,-0.937,-0.978,0.428,0.843,-0.963,0.955,-0.972,-0.952,0.577,-0.591,0.913,-0.994,-0.963,0.904,0.986,-0.505,0.993,-0.996,-0.778,-0.813,-0.985,-0.973,-0.768,0.876,-0.972,0.965,0.939,-0.975,0.975,0.854,-0.969,-0.879,0.994,-0.993,0.757,-0.976,0.985,-0.988,-0.968,-0.964,0.995,0.991,0.773,-0.998,0.998,0.884,-0.968,-0.994,0.828,-0.975,0.985,-0.991,-0.989,6.096,4.569,10.562,10.449,10.519,10.473,10.486,10.367,5.629,4.677,10.523,10.346,5.997,5.497,10.501,10.42,EssenceCatalog/problems/csplib-prob010-SocialGolfers/params/e992c27901c135fdc87d9ed779fedd02.param
0.999,0.963,-0.977,0.991,0.99,-0.995,-0.985,-0.983,-0.985,-0.969,0.987,0.993,0.994,-0.964,-0.989,0.979,-0.986,0.994,0.989,-0.99,-0.998,0.991,0.966,-0.992,-0.992,0.976,-0.984,-0.995,0.995,-0.979,0.98,0.996,0.995,0.972,0.997,0.993,0.983,-0.964,0.989,-0.968,0.842,0.986,-0.991,0.995,0.841,-0.998,-0.993,-0.98,-0.987,-0.989,0.982,-0.989,0.987,-0.996,-0.808,0.989,-0.981,0.989,-0.999,-0.948,0.974,0.996,0.789,0.994,-0.999,-0.985,-0.981,-0.997,-0.995,-0.99,0.986,-0.997,0.939,0.988,-0.995,0.996,0.787,-0.937,-0.976,0.998,-0.999,0.978,-0.989,0.983,-0.997,-0.996,-0.991,0.999,0.998,0.993,-1.0,0.999,0.98,-0.963,-0.998,0.993,-0.996,0.993,-0.998,-0.993,9.876,5.842,10.471,10.415,10.521,10.441,10.568,10.528,7.668,6.178,10.461,10.358,8.112,7.964,10.458,10.448,EssenceCatalog/problems/csplib-prob010-SocialGolfers/params/cf87666fa91ed7c481d01eb96809d6d7.param
0.993,0.786,-0.909,-0.587,0.937,-0.991,-0.776,-0.558,-0.965,-0.748,0.872,0.964,0.318,-0.814,-0.478,0.787,-0.976,0.861,0.957,-0.913,-0.992,-0.81,0.087,-0.64,-0.971,-0.892,-0.961,-0.94,0.952,0.793,0.863,0.953,0.984,0.785,0.989,0.963,0.913,-0.757,0.979,-0.567,0.801,-0.023,-0.851,0.631,0.959,-0.991,-0.897,-0.845,-0.976,0.625,0.97,-0.948,0.886,-0.976,-0.98,0.792,-0.892,0.817,-0.994,-0.978,0.859,0.962,-0.963,0.988,-0.995,-0.759,-0.666,-0.985,-0.986,-0.842,0.84,-0.979,0.883,0.904,-0.973,0.979,0.961,-0.96,-0.898,0.997,-0.994,0.834,-0.971,0.979,-0.975,-0.958,-0.945,0.995,0.974,0.879,-0.996,0.997,0.39,-0.668,-0.995,0.931,-0.985,0.991,-0.993,-0.983,6.612,5.127,10.413,10.469,10.42,10.508,10.445,10.556,6.04,5.29,10.414,10.522,6.363,6.416,10.495,10.492,EssenceCatalog/problems/csplib-prob010-SocialGolfers/params/762f7b1ad9d8ebcdd57d605197696f35.param
0.988,0.833,-0.698,-0.921,0.842,-0.994,-0.849,-0.753,-0.979,-0.74,0.694,0.96,-0.604,-0.885,-0.105,0.766,-0.977,0.067,0.961,-0.859,-0.993,-0.875,0.681,0.28,-0.972,-0.953,-0.97,-0.961,0.965,0.937,0.882,0.911,0.976,0.7,0.989,0.972,0.916,-0.889,0.989,-0.888,0.931,0.135,-0.134,-0.01,0.967,-0.989,-0.846,-0.857,-0.979,0.891,0.931,-0.955,0.942,-0.968,-0.982,0.582,-0.786,0.811,-0.992,-0.976,0.857,0.971,-0.906,0.992,-0.994,-0.655,-0.636,-0.981,-0.979,-0.686,0.847,-0.969,0.961,0.923,-0.972,0.978,0.917,-0.969,-0.728,0.995,-0.992,0.815,-0.972,0.983,-0.977,-0.962,-0.953,0.993,0.982,0.709,-0.997,0.997,0.595,-0.869,-0.993,0.867,-0.976,0.987,-0.992,-0.989,5.666,4.688,10.544,10.521,10.505,10.515,10.491,10.485,5.517,4.795,10.537,10.502,5.841,5.503,10.547,10.513,EssenceCatalog/problems/csplib-prob010-SocialGolfers/params/26c3502fd9febdd9674fec88abf8a662.param
0.996,0.817,-0.955,0.214,0.973,-0.992,-0.865,-0.737,-0.979,-0.837,0.901,0.981,0.945,-0.89,-0.884,0.878,-0.983,0.973,0.96,-0.947,-0.994,-0.03,0.188,-0.956,-0.977,-0.488,-0.967,-0.965,0.969,0.138,0.914,0.983,0.989,0.922,0.991,0.968,0.919,-0.841,0.986,-0.718,0.73,0.816,-0.979,0.891,0.934,-0.994,-0.953,-0.919,-0.986,-0.159,0.974,-0.962,0.932,-0.986,-0.976,0.929,-0.947,0.891,-0.995,-0.967,0.863,0.974,-0.893,0.986,-0.996,-0.875,-0.831,-0.992,-0.991,-0.904,0.908,-0.988,0.902,0.952,-0.986,0.988,0.949,-0.947,-0.885,0.998,-0.996,0.919,-0.976,0.975,-0.985,-0.983,-0.959,0.996,0.985,0.947,-0.997,0.998,0.624,-0.619,-0.996,0.973,-0.992,0.99,-0.996,-0.984,8.224,5.576,10.518,10.477,10.476,10.529,10.502,10.575,6.883,5.863,10.527,10.483,7.257,7.32,10.517,10.502,EssenceCatalog/problems/csplib-prob010-SocialGolfers/params/8e7c05e8f307a080268fddb58ef23d3e.param
0.99,0.805,-0.818,-0.955,0.854,-0.994,-0.854,-0.737,-0.979,-0.796,0.484,0.973,-0.018,-0.88,-0.445,0.727,-0.978,0.422,0.96,-0.839,-0.994,-0.876,0.581,-0.222,-0.975,-0.965,-0.966,-0.96,0.97,0.936,0.893,0.929,0.977,0.824,0.99,0.973,0.91,-0.922,0.989,-0.898,0.953,0.672,-0.677,-0.199,0.974,-0.989,-0.815,-0.778,-0.976,0.939,0.925,-0.936,0.963,-0.972,-0.981,0.639,-0.868,0.818,-0.992,-0.973,0.83,0.969,-0.899,0.991,-0.994,-0.681,-0.606,-0.98,-0.984,-0.659,0.88,-0.973,0.971,0.93,-0.97,0.982,0.916,-0.965,-0.482,0.994,-0.994,0.877,-0.974,0.984,-0.975,-0.962,-0.959,0.995,0.985,0.717,-0.998,0.997,0.505,-0.766,-0.995,0.889,-0.983,0.983,-0.995,-0.989,6.054,5.047,10.551,10.568,10.486,10.508,10.474,10.525,5.859,5.162,10.554,10.585,6.134,5.909,10.557,10.58,EssenceCatalog/problems/csplib-prob010-SocialGolfers/params/7eb427edfe9f8285445d1139a2550b91.param
0.986,0.807,-0.623,-0.831,0.836,-0.993,-0.884,-0.828,-0.982,-0.765,0.578,0.968,-0.271,-0.913,-0.483,0.794,-0.972,0.179,0.959,-0.856,-0.993,-0.62,0.796,-0.115,-0.969,-0.896,-0.968,-0.969,0.971,0.849,0.904,0.926,0.974,0.765,0.989,0.964,0.906,-0.927,0.992,-0.916,0.934,0.719,-0.284,0.372,0.96,-0.988,-0.869,-0.897,-0.982,0.743,0.848,-0.95,0.959,-0.969,-0.968,0.678,-0.754,0.852,-0.991,-0.952,0.818,0.974,-0.672,0.989,-0.994,-0.7,-0.684,-0.98,-0.975,-0.661,0.878,-0.969,0.974,0.949,-0.977,0.974,0.829,-0.953,-0.582,0.992,-0.992,0.835,-0.969,0.98,-0.978,-0.968,-0.952,0.993,0.986,0.708,-0.997,0.997,0.738,-0.874,-0.993,0.892,-0.98,0.976,-0.992,-0.986,6.324,4.987,10.563,10.533,10.482,10.481,10.466,10.468,5.951,5.099,10.555,10.502,6.241,5.921,10.527,10.532,EssenceCatalog/problems/csplib-prob010-SocialGolfers/params/8117f5631d0e62cb004b6a1a743b6c19.param
0.997,0.831,-0.954,0.428,0.974,-0.992,-0.87,-0.763,-0.977,-0.836,0.931,0.98,0.924,-0.876,-0.877,0.899,-0.984,0.973,0.965,-0.956,-0.994,-0.027,0.268,-0.948,-0.977,-0.398,-0.968,-0.966,0.971,0.089,0.914,0.984,0.99,0.918,0.992,0.969,0.93,-0.823,0.984,-0.684,0.694,0.699,-0.975,0.919,0.928,-0.994,-0.955,-0.925,-0.984,-0.343,0.978,-0.967,0.923,-0.987,-0.975,0.928,-0.943,0.899,-0.996,-0.97,0.879,0.977,-0.905,0.988,-0.997,-0.889,-0.835,-0.992,-0.991,-0.925,0.914,-0.989,0.882,0.947,-0.986,0.988,0.956,-0.948,-0.93,0.998,-0.997,0.912,-0.978,0.975,-0.986,-0.982,-0.96,0.997,0.986,0.955,-0.997,0.998,0.671,-0.7,-0.996,0.972,-0.992,0.991,-0.996,-0.984,8.348,5.564,10.495,10.468,10.472,10.524,10.496,10.584,6.913,5.858,10.508,10.472,7.307,7.374,10.503,10.486,EssenceCatalog/problems/csplib-prob010-SocialGolfers/params/1eeac776abd9f0bc4233e56d71cc2365.param
0.996,0.868,-0.748,-0.967,-0.839,-0.997,0.496,-0.377,0.974,-0.411,0.698,0.992,-0.989,0.992,-0.96,0.979,-0.979,0.694,0.99,-0.37,-0.995,-0.974,0.857,-0.827,-0.995,-0.998,-0.975,-0.958,0.997,0.975,0.967,0.969,0.997,0.976,0.998,0.996,0.985,-0.961,-0.992,-0.592,0.992,-0.956,-0.885,0.833,0.99,-0.96,0.85,0.994,0.993,0.987,0.981,0.876,0.988,-0.942,-0.987,-0.968,-0.852,0.97,-0.999,-0.993,0.938,0.991,-0.981,0.998,-0.995,-0.876,-0.876,-0.991,-0.998,-0.963,0.988,-0.995,-0.949,-0.982,0.982,0.995,0.99,-0.994,-0.96,0.993,-0.998,0.632,-0.989,0.992,-0.992,-0.046,-0.989,0.998,0.997,0.856,-0.998,0.996,0.962,-0.965,-0.998,-0.976,-0.989,0.994,-0.998,-0.994,4.103,3.382,4.702,10.062,10.597,10.422,10.616,10.832,4.126,3.608,4.76,10.068,4.704,4.208,5.827,10.114,EssenceCatalog/problems/csplib-prob010-SocialGolfers/params/4a1edb53e6037353ea0cbe6330fed7fe.param
0.993,0.795,-0.908,-0.508,0.939,-0.991,-0.779,-0.568,-0.964,-0.746,0.893,0.963,0.3,-0.815,-0.475,0.8,-0.977,0.866,0.958,-0.92,-0.992,-0.797,0.099,-0.631,-0.971,-0.877,-0.961,-0.944,0.952,0.774,0.861,0.955,0.984,0.776,0.989,0.964,0.92,-0.743,0.978,-0.555,0.789,-0.082,-0.843,0.674,0.957,-0.991,-0.906,-0.854,-0.976,0.556,0.972,-0.952,0.88,-0.976,-0.979,0.797,-0.887,0.818,-0.994,-0.978,0.869,0.964,-0.962,0.989,-0.995,-0.772,-0.686,-0.985,-0.986,-0.858,0.839,-0.98,0.876,0.904,-0.974,0.979,0.962,-0.961,-0.914,0.997,-0.994,0.836,-0.972,0.98,-0.976,-0.959,-0.944,0.995,0.973,0.89,-0.996,0.997,0.413,-0.686,-0.995,0.931,-0.985,0.992,-0.993,-0.983,6.671,5.123,10.412,10.472,10.429,10.517,10.452,10.565,6.057,5.29,10.413,10.524,6.389,6.445,10.499,10.492,EssenceCatalog/problems/csplib-prob010-SocialGolfers/params/d256221aaa517456184eaaa2467d21e7.param
0.991,0.78,-0.907,-0.896,0.92,-0.994,-0.839,-0.711,-0.983,-0.842,0.44,0.979,0.812,-0.907,-0.787,0.737,-0.982,0.821,0.947,-0.845,-0.993,-0.715,0.355,-0.802,-0.975,-0.924,-0.97,-0.959,0.964,0.844,0.898,0.957,0.978,0.905,0.988,0.97,0.881,-0.919,0.99,-0.892,0.93,0.915,-0.943,0.053,0.968,-0.99,-0.869,-0.818,-0.983,0.875,0.943,-0.944,0.96,-0.976,-0.984,0.819,-0.927,0.819,-0.992,-0.966,0.809,0.964,-0.867,0.988,-0.995,-0.719,-0.657,-0.986,-0.987,-0.725,0.891,-0.977,0.972,0.951,-0.98,0.986,0.906,-0.957,-0.333,0.995,-0.994,0.928,-0.971,0.98,-0.975,-0.977,-0.957,0.995,0.982,0.798,-0.997,0.997,0.428,-0.513,-0.996,0.938,-0.989,0.981,-0.996,-0.987,6.75,5.425,10.584,10.56,10.451,10.502,10.468,10.536,6.313,5.579,10.584,10.611,6.563,6.497,10.583,10.612,EssenceCatalog/problems/csplib-prob010-SocialGolfers/params/f90c7a957f36ec822003803c7dfd4942.param
0.99,0.777,-0.87,-0.903,0.904,-0.993,-0.837,-0.72,-0.982,-0.808,0.493,0.975,0.558,-0.898,-0.66,0.725,-0.98,0.7,0.95,-0.847,-0.993,-0.785,0.428,-0.621,-0.973,-0.934,-0.967,-0.955,0.964,0.884,0.884,0.946,0.976,0.866,0.988,0.968,0.893,-0.91,0.99,-0.877,0.929,0.823,-0.871,0.024,0.968,-0.99,-0.859,-0.819,-0.982,0.877,0.935,-0.945,0.954,-0.974,-0.983,0.765,-0.896,0.808,-0.992,-0.967,0.81,0.964,-0.885,0.989,-0.994,-0.695,-0.621,-0.983,-0.985,-0.711,0.877,-0.974,0.97,0.946,-0.978,0.983,0.907,-0.956,-0.445,0.995,-0.994,0.903,-0.971,0.98,-0.973,-0.971,-0.952,0.994,0.982,0.771,-0.997,0.997,0.444,-0.617,-0.995,0.923,-0.987,0.982,-0.995,-0.986,6.531,5.299,10.564,10.549,10.448,10.492,10.456,10.527,6.164,5.439,10.566,10.592,6.422,6.317,10.566,10.586,EssenceCatalog/problems/csplib-prob010-SocialGolfers/params/9b827becd1fda4b723b4ec6c0e6613b0.param
0.989,0.782,-0.839,-0.843,0.909,-0.993,-0.843,-0.728,-0.983,-0.796,0.526,0.973,0.599,-0.912,-0.687,0.739,-0.978,0.707,0.944,-0.853,-0.992,-0.643,0.475,-0.67,-0.97,-0.896,-0.967,-0.958,0.961,0.818,0.89,0.945,0.975,0.849,0.987,0.966,0.879,-0.904,0.991,-0.879,0.912,0.86,-0.853,0.276,0.962,-0.99,-0.88,-0.866,-0.985,0.791,0.92,-0.948,0.951,-0.973,-0.979,0.801,-0.877,0.814,-0.991,-0.96,0.801,0.962,-0.819,0.987,-0.994,-0.705,-0.68,-0.984,-0.982,-0.704,0.868,-0.971,0.968,0.95,-0.98,0.981,0.879,-0.955,-0.431,0.995,-0.992,0.895,-0.966,0.977,-0.976,-0.973,-0.949,0.994,0.981,0.771,-0.997,0.997,0.525,-0.653,-0.994,0.93,-0.985,0.979,-0.994,-0.985,6.744,5.338,10.56,10.524,10.436,10.476,10.445,10.503,6.271,5.484,10.561,10.558,6.532,6.425,10.549,10.564,EssenceCatalog/problems/csplib-prob010-SocialGolfers/params/6970fce1e7fdc7d63ccfcd62d4511015.param
0.999,0.924,-0.976,0.967,0.989,-0.994,-0.966,-0.952,-0.981,-0.929,0.982,0.99,0.991,-0.93,-0.98,0.968,-0.987,0.994,0.984,-0.986,-0.996,0.937,0.814,-0.991,-0.987,0.852,-0.975,-0.99,0.991,-0.894,0.966,0.995,0.995,0.966,0.996,0.987,0.969,-0.915,0.986,-0.891,0.677,0.941,-0.992,0.99,0.854,-0.996,-0.988,-0.966,-0.987,-0.956,0.987,-0.984,0.971,-0.994,-0.925,0.978,-0.973,0.975,-0.998,-0.958,0.938,0.993,-0.278,0.991,-0.999,-0.973,-0.955,-0.996,-0.995,-0.979,0.974,-0.996,0.881,0.976,-0.992,0.995,0.927,-0.938,-0.973,0.999,-0.999,0.963,-0.987,0.976,-0.995,-0.994,-0.984,0.998,0.996,0.989,-0.999,0.998,0.938,-0.9,-0.997,0.989,-0.995,0.993,-0.998,-0.99,9.633,5.78,10.474,10.438,10.53,10.5,10.566,10.567,7.523,6.13,10.492,10.385,7.959,7.91,10.464,10.463,EssenceCatalog/problems/csplib-prob010-SocialGolfers/params/9dfcc5be1e7d30dc53f65cb501f26651.param
0.988,0.789,-0.802,-0.877,0.891,-0.993,-0.837,-0.714,-0.98,-0.761,0.616,0.966,0.102,-0.895,-0.448,0.729,-0.976,0.52,0.95,-0.858,-0.992,-0.786,0.51,-0.337,-0.969,-0.927,-0.965,-0.954,0.96,0.884,0.874,0.93,0.974,0.778,0.987,0.966,0.895,-0.884,0.99,-0.852,0.911,0.62,-0.665,0.192,0.964,-0.99,-0.864,-0.86,-0.983,0.836,0.926,-0.949,0.94,-0.971,-0.979,0.736,-0.84,0.801,-0.991,-0.967,0.821,0.963,-0.883,0.989,-0.994,-0.676,-0.638,-0.981,-0.98,-0.699,0.847,-0.97,0.962,0.939,-0.976,0.978,0.904,-0.958,-0.608,0.995,-0.992,0.854,-0.969,0.979,-0.974,-0.965,-0.946,0.993,0.98,0.742,-0.997,0.997,0.511,-0.744,-0.994,0.913,-0.982,0.983,-0.993,-0.985,6.312,5.093,10.541,10.519,10.454,10.49,10.453,10.501,5.97,5.222,10.543,10.538,6.255,6.085,10.543,10.538,EssenceCatalog/problems/csplib-prob010-SocialGolfers/params/182078d0d671e671fbe2d1507071ef7d.param
0.988,0.855,-0.657,-0.952,0.785,-0.995,-0.89,-0.805,-0.981,-0.757,0.692,0.964,-0.821,-0.892,0.11,0.778,-0.976,-0.298,0.971,-0.866,-0.994,-0.89,0.811,0.581,-0.978,-0.967,-0.971,-0.968,0.973,0.949,0.903,0.907,0.978,0.664,0.992,0.976,0.936,-0.917,0.991,-0.917,0.957,-0.05,0.272,-0.221,0.972,-0.989,-0.827,-0.858,-0.978,0.926,0.916,-0.954,0.958,-0.97,-0.979,0.464,-0.77,0.855,-0.994,-0.979,0.876,0.979,-0.897,0.994,-0.995,-0.678,-0.634,-0.98,-0.979,-0.636,0.865,-0.973,0.97,0.923,-0.972,0.978,0.922,-0.973,-0.768,0.994,-0.993,0.803,-0.978,0.987,-0.98,-0.96,-0.962,0.994,0.987,0.7,-0.998,0.997,0.666,-0.927,-0.994,0.84,-0.976,0.988,-0.993,-0.991,5.381,4.497,10.573,10.525,10.556,10.539,10.529,10.485,5.324,4.599,10.556,10.484,5.663,5.204,10.56,10.507,EssenceCatalog/problems/csplib-prob010-SocialGolfers/params/fe1f8414b30fd6229377e4a62bb1a8e3.param
0.993,0.795,-0.896,-0.522,0.936,-0.991,-0.786,-0.571,-0.963,-0.739,0.889,0.962,0.189,-0.816,-0.42,0.791,-0.975,0.841,0.959,-0.919,-0.992,-0.797,0.14,-0.567,-0.971,-0.881,-0.96,-0.945,0.952,0.778,0.861,0.951,0.983,0.748,0.989,0.965,0.921,-0.744,0.978,-0.562,0.792,-0.129,-0.796,0.671,0.957,-0.991,-0.907,-0.856,-0.975,0.565,0.969,-0.952,0.881,-0.976,-0.976,0.789,-0.878,0.82,-0.994,-0.977,0.871,0.964,-0.96,0.989,-0.995,-0.764,-0.684,-0.985,-0.985,-0.853,0.834,-0.979,0.878,0.905,-0.973,0.978,0.96,-0.96,-0.915,0.997,-0.994,0.827,-0.971,0.98,-0.977,-0.958,-0.944,0.995,0.974,0.882,-0.996,0.997,0.432,-0.708,-0.995,0.93,-0.984,0.992,-0.993,-0.983,6.596,5.076,10.41,10.465,10.43,10.515,10.451,10.556,6.005,5.239,10.41,10.513,6.34,6.375,10.496,10.483,EssenceCatalog/problems/csplib-prob010-SocialGolfers/params/83cc28e813838dc7c2cbd35aea57781b.param
0.996,0.818,-0.947,0.144,0.97,-0.992,-0.847,-0.714,-0.978,-0.822,0.905,0.978,0.91,-0.887,-0.85,0.871,-0.983,0.963,0.958,-0.943,-0.993,-0.187,0.174,-0.935,-0.975,-0.558,-0.968,-0.962,0.965,0.28,0.904,0.98,0.988,0.906,0.99,0.968,0.917,-0.818,0.985,-0.7,0.725,0.729,-0.971,0.872,0.934,-0.994,-0.947,-0.919,-0.985,-0.087,0.975,-0.964,0.919,-0.984,-0.979,0.917,-0.937,0.877,-0.995,-0.97,0.866,0.972,-0.91,0.987,-0.996,-0.859,-0.817,-0.992,-0.99,-0.902,0.895,-0.986,0.898,0.946,-0.986,0.987,0.951,-0.952,-0.892,0.998,-0.996,0.91,-0.975,0.975,-0.984,-0.981,-0.955,0.996,0.983,0.94,-0.997,0.998,0.596,-0.632,-0.996,0.968,-0.991,0.991,-0.996,-0.984,8.036,5.535,10.519,10.488,10.473,10.534,10.5,10.584,6.789,5.806,10.527,10.503,7.157,7.227,10.528,10.516,EssenceCatalog/problems/csplib-prob010-SocialGolfers/params/024a425d739ebc1de26b6432fe96912d.param
0.99,0.897,-0.685,-0.975,0.758,-0.997,-0.9,-0.799,-0.978,-0.744,0.816,0.954,-0.961,-0.879,0.62,0.795,-0.979,-0.583,0.981,-0.882,-0.995,-0.958,0.843,0.887,-0.983,-0.981,-0.974,-0.972,0.977,0.977,0.908,0.889,0.982,0.578,0.994,0.986,0.96,-0.908,0.988,-0.926,0.965,-0.783,0.734,-0.647,0.977,-0.99,-0.816,-0.836,-0.974,0.967,0.956,-0.965,0.95,-0.973,-0.985,0.201,-0.788,0.866,-0.996,-0.99,0.931,0.984,-0.961,0.996,-0.996,-0.666,-0.633,-0.981,-0.983,-0.689,0.854,-0.976,0.964,0.893,-0.969,0.982,0.962,-0.984,-0.9,0.995,-0.994,0.785,-0.984,0.991,-0.982,-0.958,-0.97,0.995,0.988,0.754,-0.998,0.998,0.595,-0.957,-0.995,0.786,-0.971,0.994,-0.993,-0.994,4.92,4.188,10.539,10.473,10.595,10.56,10.571,10.475,4.957,4.295,10.51,10.446,5.328,4.805,10.541,10.463,EssenceCatalog/problems/csplib-prob010-SocialGolfers/params/0fac67b95985ba4afb84efa0ec732a2b.param
0.998,0.893,-0.972,0.883,0.986,-0.994,-0.939,-0.893,-0.978,-0.898,0.97,0.987,0.981,-0.902,-0.958,0.95,-0.987,0.99,0.978,-0.979,-0.995,0.742,0.598,-0.983,-0.983,0.47,-0.972,-0.984,0.985,-0.667,0.952,0.993,0.994,0.954,0.995,0.982,0.956,-0.876,0.983,-0.804,0.657,0.875,-0.989,0.978,0.89,-0.996,-0.98,-0.951,-0.986,-0.847,0.985,-0.978,0.954,-0.992,-0.958,0.964,-0.965,0.955,-0.998,-0.966,0.918,0.989,-0.733,0.99,-0.998,-0.952,-0.925,-0.996,-0.994,-0.966,0.958,-0.994,0.858,0.963,-0.989,0.993,0.951,-0.947,-0.964,0.999,-0.998,0.948,-0.985,0.976,-0.993,-0.99,-0.977,0.998,0.994,0.982,-0.998,0.998,0.864,-0.836,-0.997,0.985,-0.994,0.993,-0.998,-0.988,9.304,5.713,10.462,10.426,10.503,10.502,10.533,10.564,7.348,6.062,10.486,10.389,7.775,7.787,10.458,10.444,EssenceCatalog/problems/csplib-prob010-SocialGolfers/params/bddd50b0e90fe3dce8bdb77f69e5206e.param
0.994,0.843,-0.722,-0.926,-0.61,-0.997,0.678,-0.352,0.967,-0.449,0.655,0.988,-0.952,0.985,-0.982,0.98,-0.988,0.84,0.978,-0.19,-0.99,-0.963,0.807,-0.905,-0.992,-0.994,-0.982,-0.952,0.995,0.96,0.948,0.972,0.995,0.987,0.997,0.996,0.973,-0.948,-0.994,-0.769,0.985,-0.858,-0.964,0.802,0.981,-0.963,0.783,0.988,0.988,0.971,0.988,0.736,0.976,-0.916,-0.994,-0.951,-0.902,0.945,-0.998,-0.993,0.944,0.987,-0.966,0.999,-0.993,-0.829,-0.875,-0.995,-0.997,-0.97,0.985,-0.992,-0.953,-0.97,0.978,0.996,0.984,-0.994,-0.933,0.996,-0.996,0.819,-0.979,0.986,-0.991,-0.578,-0.984,0.996,0.995,0.872,-0.998,0.994,0.949,-0.915,-0.997,-0.96,-0.983,0.995,-0.997,-0.993,4.223,3.465,4.875,10.105,10.575,10.44,10.59,10.748,4.22,3.709,4.929,10.104,4.79,4.351,5.999,10.143,EssenceCatalog/problems/csplib-prob010-SocialGolfers/params/f640c5dc46c9c0dce70f2e7c5dc5f376.param
0.988,0.828,-0.743,-0.925,0.855,-0.994,-0.833,-0.722,-0.977,-0.742,0.721,0.959,-0.598,-0.876,-0.064,0.751,-0.978,0.142,0.96,-0.859,-0.993,-0.897,0.613,0.267,-0.973,-0.957,-0.969,-0.959,0.963,0.942,0.873,0.912,0.976,0.693,0.989,0.974,0.918,-0.873,0.988,-0.864,0.926,0.033,-0.195,-0.041,0.967,-0.99,-0.849,-0.845,-0.979,0.9,0.944,-0.955,0.933,-0.968,-0.983,0.598,-0.806,0.803,-0.993,-0.979,0.864,0.968,-0.93,0.993,-0.995,-0.649,-0.628,-0.982,-0.98,-0.715,0.84,-0.97,0.955,0.919,-0.97,0.979,0.931,-0.971,-0.76,0.996,-0.992,0.821,-0.973,0.984,-0.977,-0.96,-0.952,0.993,0.98,0.727,-0.997,0.997,0.534,-0.849,-0.994,0.869,-0.976,0.989,-0.992,-0.989,5.633,4.68,10.532,10.513,10.502,10.518,10.491,10.49,5.491,4.79,10.525,10.504,5.819,5.511,10.547,10.507,EssenceCatalog/problems/csplib-prob010-SocialGolfers/params/5a5daca4d0c608e04caa7e010862e59e.param
0.993,0.78,-0.911,-0.556,0.944,-0.991,-0.789,-0.596,-0.972,-0.762,0.837,0.967,0.584,-0.851,-0.606,0.779,-0.977,0.878,0.951,-0.908,-0.992,-0.723,0.115,-0.743,-0.97,-0.86,-0.963,-0.942,0.953,0.738,0.865,0.957,0.982,0.82,0.988,0.961,0.903,-0.789,0.984,-0.642,0.799,0.38,-0.897,0.642,0.955,-0.991,-0.906,-0.868,-0.981,0.562,0.966,-0.952,0.899,-0.977,-0.98,0.834,-0.899,0.814,-0.993,-0.973,0.845,0.96,-0.945,0.987,-0.995,-0.757,-0.684,-0.986,-0.985,-0.829,0.847,-0.978,0.907,0.925,-0.977,0.98,0.949,-0.955,-0.85,0.997,-0.994,0.861,-0.969,0.977,-0.976,-0.967,-0.942,0.995,0.975,0.874,-0.996,0.997,0.405,-0.617,-0.995,0.943,-0.986,0.989,-0.994,-0.983,6.9,5.276,10.468,10.479,10.422,10.505,10.445,10.545,6.238,5.453,10.468,10.529,6.551,6.601,10.517,10.512,EssenceCatalog/problems/csplib-prob010-SocialGolfers/params/7c2e2f4a2997ba50c495b941814604c4.param
0.998,0.933,-0.824,0.361,0.622,-0.998,-0.278,-0.329,0.963,-0.753,0.958,0.991,-0.18,0.954,-0.986,0.987,-0.985,0.98,0.981,-0.901,-0.992,-0.095,0.894,-0.977,-0.994,-0.869,-0.977,-0.988,0.995,0.007,0.962,0.98,0.997,0.959,0.998,0.998,0.98,-0.917,-0.994,-0.8,0.958,-0.546,-0.97,0.985,0.978,-0.982,-0.558,0.957,0.977,0.203,0.994,0.06,0.967,-0.968,-0.953,-0.598,-0.926,0.97,-0.998,-0.989,0.984,0.994,-0.768,0.998,-0.999,-0.972,-0.972,-0.998,-0.996,-0.989,0.988,-0.996,-0.968,-0.817,0.935,0.998,0.982,-0.992,-0.988,0.999,-0.999,0.938,-0.986,0.99,-0.997,-0.919,-0.987,0.998,0.998,0.969,-0.999,0.997,0.966,-0.952,-0.998,-0.357,-0.986,0.997,-0.996,-0.993,6.209,4.105,5.974,10.122,10.72,10.588,10.684,10.759,5.279,4.501,6.03,10.122,5.954,5.687,7.0,10.122,EssenceCatalog/problems/csplib-prob010-SocialGolfers/params/911e02e7d955355d4a75eea47de86506.param
0.988,0.825,-0.723,-0.94,0.838,-0.994,-0.856,-0.759,-0.98,-0.758,0.608,0.966,-0.46,-0.888,-0.229,0.755,-0.978,0.152,0.961,-0.849,-0.993,-0.871,0.675,0.146,-0.973,-0.958,-0.969,-0.961,0.967,0.938,0.887,0.917,0.976,0.751,0.99,0.972,0.915,-0.907,0.99,-0.902,0.944,0.392,-0.322,-0.098,0.97,-0.989,-0.831,-0.836,-0.979,0.913,0.923,-0.95,0.954,-0.969,-0.981,0.59,-0.813,0.813,-0.992,-0.974,0.843,0.971,-0.892,0.992,-0.994,-0.661,-0.629,-0.98,-0.98,-0.66,0.86,-0.97,0.968,0.928,-0.972,0.979,0.911,-0.967,-0.627,0.994,-0.993,0.839,-0.973,0.983,-0.976,-0.963,-0.954,0.994,0.983,0.7,-0.997,0.997,0.583,-0.848,-0.994,0.873,-0.979,0.985,-0.993,-0.989,5.781,4.806,10.553,10.545,10.502,10.512,10.485,10.496,5.63,4.913,10.551,10.533,5.936,5.616,10.55,10.54,EssenceCatalog/problems/csplib-prob010-SocialGolfers/params/f25add42840a94d9e8aeeefde68bf41f.param
0.99,0.79,-0.858,-0.861,0.912,-0.993,-0.861,-0.76,-0.985,-0.831,0.421,0.979,0.781,-0.926,-0.791,0.744,-0.981,0.761,0.945,-0.843,-0.993,-0.54,0.53,-0.782,-0.973,-0.887,-0.971,-0.966,0.966,0.779,0.907,0.954,0.976,0.89,0.988,0.97,0.874,-0.929,0.991,-0.916,0.932,0.941,-0.911,0.224,0.964,-0.99,-0.884,-0.866,-0.986,0.807,0.913,-0.949,0.965,-0.975,-0.98,0.825,-0.902,0.831,-0.991,-0.956,0.798,0.965,-0.739,0.987,-0.995,-0.727,-0.706,-0.986,-0.984,-0.691,0.89,-0.973,0.976,0.959,-0.982,0.985,0.853,-0.954,-0.248,0.995,-0.993,0.923,-0.967,0.978,-0.977,-0.979,-0.955,0.994,0.983,0.78,-0.997,0.997,0.564,-0.622,-0.995,0.937,-0.987,0.976,-0.995,-0.987,6.913,5.437,10.591,10.544,10.447,10.483,10.466,10.512,6.396,5.595,10.59,10.581,6.648,6.533,10.568,10.598,EssenceCatalog/problems/csplib-prob010-SocialGolfers/params/fba11328fed318d3ab3068338347a30e.param
0.993,0.779,-0.929,-0.854,0.934,-0.994,-0.832,-0.719,-0.983,-0.86,0.477,0.982,0.905,-0.909,-0.862,0.76,-0.984,0.891,0.946,-0.855,-0.993,-0.627,0.29,-0.89,-0.977,-0.9,-0.973,-0.96,0.964,0.79,0.904,0.968,0.98,0.931,0.988,0.97,0.879,-0.921,0.989,-0.893,0.92,0.942,-0.97,0.166,0.966,-0.991,-0.887,-0.822,-0.983,0.83,0.952,-0.946,0.962,-0.978,-0.986,0.854,-0.944,0.833,-0.992,-0.966,0.808,0.965,-0.859,0.988,-0.995,-0.745,-0.686,-0.988,-0.989,-0.77,0.905,-0.98,0.97,0.955,-0.982,0.988,0.908,-0.954,-0.354,0.996,-0.995,0.942,-0.971,0.979,-0.976,-0.981,-0.957,0.995,0.983,0.837,-0.997,0.997,0.438,-0.418,-0.996,0.946,-0.991,0.981,-0.997,-0.987,6.955,5.5,10.614,10.581,10.473,10.53,10.502,10.563,6.423,5.67,10.61,10.633,6.674,6.644,10.607,10.641,EssenceCatalog/problems/csplib-prob010-SocialGolfers/params/7182b0eb9856a72d8b6162a8bc20f75d.param
0.991,0.775,-0.903,-0.912,0.913,-0.994,-0.823,-0.695,-0.981,-0.826,0.498,0.977,0.687,-0.891,-0.713,0.728,-0.982,0.779,0.95,-0.848,-0.993,-0.806,0.328,-0.719,-0.975,-0.94,-0.969,-0.953,0.964,0.888,0.887,0.954,0.978,0.89,0.989,0.969,0.89,-0.908,0.988,-0.871,0.929,0.843,-0.92,-0.036,0.97,-0.99,-0.856,-0.792,-0.981,0.896,0.95,-0.942,0.955,-0.975,-0.985,0.783,-0.92,0.809,-0.992,-0.972,0.815,0.963,-0.908,0.989,-0.995,-0.701,-0.62,-0.985,-0.987,-0.735,0.885,-0.977,0.968,0.942,-0.978,0.985,0.923,-0.958,-0.448,0.995,-0.994,0.916,-0.972,0.981,-0.974,-0.972,-0.954,0.995,0.981,0.79,-0.997,0.997,0.385,-0.53,-0.995,0.926,-0.988,0.984,-0.996,-0.987,6.575,5.351,10.563,10.555,10.449,10.5,10.46,10.539,6.201,5.497,10.565,10.609,6.454,6.389,10.573,10.598,EssenceCatalog/problems/csplib-prob010-SocialGolfers/params/b983ca5023732c67c96489160e81ed7f.param
0.993,0.795,-0.894,-0.678,0.927,-0.992,-0.752,-0.556,-0.96,-0.737,0.867,0.962,0.102,-0.8,-0.415,0.781,-0.978,0.818,0.956,-0.904,-0.992,-0.859,0.13,-0.518,-0.972,-0.917,-0.964,-0.943,0.953,0.846,0.858,0.949,0.983,0.769,0.989,0.968,0.918,-0.756,0.976,-0.61,0.825,-0.143,-0.807,0.535,0.961,-0.991,-0.89,-0.821,-0.972,0.705,0.973,-0.948,0.885,-0.975,-0.982,0.751,-0.881,0.807,-0.994,-0.981,0.868,0.963,-0.966,0.99,-0.995,-0.742,-0.657,-0.985,-0.986,-0.843,0.837,-0.978,0.879,0.893,-0.969,0.98,0.962,-0.965,-0.896,0.997,-0.994,0.841,-0.972,0.982,-0.976,-0.958,-0.943,0.995,0.973,0.867,-0.996,0.997,0.379,-0.684,-0.995,0.913,-0.984,0.992,-0.993,-0.984,6.383,5.039,10.414,10.486,10.436,10.522,10.462,10.558,5.908,5.188,10.409,10.537,6.23,6.252,10.503,10.504,EssenceCatalog/problems/csplib-prob010-SocialGolfers/params/675d530d59eb06f62cbbee28995c5dc1.param
0.99,0.801,-0.852,-0.953,0.874,-0.994,-0.841,-0.711,-0.979,-0.808,0.481,0.975,0.227,-0.883,-0.515,0.718,-0.98,0.554,0.956,-0.838,-0.994,-0.874,0.491,-0.382,-0.975,-0.963,-0.967,-0.959,0.968,0.931,0.891,0.935,0.977,0.845,0.99,0.974,0.903,-0.918,0.988,-0.893,0.95,0.733,-0.786,-0.216,0.974,-0.99,-0.82,-0.77,-0.978,0.941,0.937,-0.938,0.961,-0.973,-0.983,0.68,-0.89,0.808,-0.992,-0.974,0.831,0.967,-0.91,0.991,-0.995,-0.681,-0.613,-0.982,-0.985,-0.679,0.877,-0.974,0.97,0.932,-0.972,0.984,0.923,-0.966,-0.448,0.995,-0.994,0.892,-0.974,0.984,-0.976,-0.965,-0.959,0.995,0.983,0.735,-0.998,0.997,0.447,-0.702,-0.995,0.901,-0.985,0.984,-0.995,-0.989,6.189,5.144,10.552,10.562,10.472,10.504,10.466,10.527,5.955,5.269,10.556,10.594,6.223,6.05,10.562,10.584,EssenceCatalog/problems/csplib-prob010-SocialGolfers/params/910063cf5fc3188d4bf3b3a43110ee99.param
0.987,0.803,-0.715,-0.766,0.877,-0.992,-0.89,-0.82,-0.985,-0.803,0.501,0.974,0.375,-0.928,-0.699,0.778,-0.973,0.51,0.952,-0.856,-0.993,-0.346,0.745,-0.567,-0.969,-0.836,-0.968,-0.971,0.971,0.72,0.912,0.94,0.975,0.824,0.988,0.965,0.892,-0.934,0.993,-0.916,0.929,0.908,-0.648,0.476,0.959,-0.989,-0.895,-0.904,-0.985,0.639,0.841,-0.949,0.964,-0.972,-0.964,0.788,-0.818,0.858,-0.99,-0.937,0.805,0.972,-0.515,0.987,-0.995,-0.726,-0.731,-0.982,-0.977,-0.676,0.886,-0.97,0.977,0.959,-0.981,0.978,0.782,-0.949,-0.406,0.993,-0.992,0.881,-0.967,0.978,-0.979,-0.973,-0.953,0.994,0.986,0.747,-0.997,0.997,0.729,-0.813,-0.994,0.924,-0.984,0.971,-0.993,-0.985,6.943,5.298,10.553,10.493,10.44,10.441,10.444,10.451,6.349,5.446,10.543,10.499,6.622,6.4,10.511,10.529,EssenceCatalog/problems/csplib-prob010-SocialGolfers/params/cd271eeadb4e899e184b9b86303297f7.param
0.992,0.925,-0.339,0.212,0.806,-0.995,-0.957,-0.941,-0.976,-0.867,0.918,0.975,-0.843,-0.939,-0.364,0.944,-0.967,-0.092,0.984,-0.944,-0.995,0.533,0.975,0.22,-0.984,-0.359,-0.981,-0.993,0.989,0.295,0.964,0.955,0.989,0.564,0.994,0.983,0.975,-0.956,0.983,-0.948,0.947,0.411,0.822,0.913,0.948,-0.993,-0.948,-0.961,-0.969,-0.454,0.81,-0.966,0.97,-0.982,-0.89,0.702,-0.548,0.961,-0.996,-0.955,0.95,0.993,0.254,0.994,-0.998,-0.895,-0.924,-0.99,-0.979,-0.89,0.925,-0.981,0.961,0.945,-0.976,0.983,0.787,-0.971,-0.944,0.995,-0.996,0.769,-0.983,0.988,-0.994,-0.973,-0.979,0.997,0.996,0.885,-0.999,0.998,0.963,-0.988,-0.996,0.846,-0.984,0.986,-0.993,-0.991,7.389,4.784,10.381,10.207,10.383,10.276,10.349,10.156,6.19,4.964,10.325,10.08,6.631,6.113,10.282,10.17,EssenceCatalog/problems/csplib-prob010-SocialGolfers/params/637ab48feaf1c1b1820e1b4068fcd949.param
0.991,0.875,-0.771,-0.983,0.788,-0.997,-0.866,-0.777,-0.976,-0.769,0.713,0.964,-0.878,-0.846,0.286,0.781,-0.983,-0.274,0.977,-0.864,-0.995,-0.969,0.739,0.711,-0.983,-0.986,-0.974,-0.965,0.977,0.982,0.903,0.906,0.982,0.747,0.993,0.983,0.952,-0.917,0.987,-0.916,0.969,-0.498,0.196,-0.653,0.98,-0.99,-0.766,-0.741,-0.969,0.978,0.96,-0.95,0.959,-0.974,-0.989,0.28,-0.857,0.839,-0.995,-0.99,0.905,0.981,-0.966,0.996,-0.995,-0.658,-0.573,-0.981,-0.987,-0.696,0.879,-0.978,0.963,0.886,-0.963,0.985,0.961,-0.981,-0.811,0.995,-0.995,0.831,-0.984,0.99,-0.98,-0.954,-0.97,0.995,0.988,0.741,-0.998,0.998,0.529,-0.917,-0.995,0.808,-0.979,0.993,-0.995,-0.994,5.084,4.387,10.526,10.539,10.578,10.564,10.561,10.524,5.129,4.491,10.502,10.525,5.477,5.046,10.553,10.519,EssenceCatalog/problems/csplib-prob010-SocialGolfers/params/c01ff955ed00f981069a0a78e39d3f98.param
0.99,0.823,-0.849,-0.967,0.865,-0.995,-0.831,-0.702,-0.979,-0.804,0.544,0.973,-0.1,-0.874,-0.367,0.72,-0.982,0.431,0.959,-0.839,-0.994,-0.916,0.497,-0.161,-0.977,-0.973,-0.97,-0.96,0.969,0.953,0.887,0.929,0.978,0.826,0.991,0.977,0.912,-0.911,0.987,-0.895,0.954,0.559,-0.693,-0.372,0.976,-0.99,-0.809,-0.752,-0.977,0.957,0.951,-0.941,0.958,-0.973,-0.987,0.624,-0.888,0.803,-0.993,-0.981,0.852,0.967,-0.936,0.993,-0.995,-0.668,-0.611,-0.983,-0.986,-0.688,0.873,-0.973,0.966,0.92,-0.969,0.986,0.938,-0.973,-0.54,0.995,-0.994,0.886,-0.976,0.985,-0.977,-0.962,-0.96,0.994,0.983,0.725,-0.998,0.997,0.417,-0.742,-0.995,0.88,-0.984,0.988,-0.995,-0.991,5.92,4.995,10.549,10.57,10.498,10.524,10.483,10.529,5.768,5.111,10.551,10.591,6.053,5.838,10.568,10.579,EssenceCatalog/problems/csplib-prob010-SocialGolfers/params/32a2b23d91f7de02109938177976c76c.param
0.989,0.866,-0.623,-0.956,0.748,-0.996,-0.885,-0.816,-0.977,-0.733,0.74,0.96,-0.909,-0.869,0.26,0.815,-0.978,-0.415,0.978,-0.869,-0.994,-0.93,0.835,0.733,-0.979,-0.973,-0.974,-0.968,0.975,0.966,0.906,0.903,0.981,0.668,0.993,0.978,0.947,-0.917,0.989,-0.919,0.959,-0.466,0.488,-0.303,0.974,-0.989,-0.805,-0.834,-0.971,0.94,0.93,-0.955,0.955,-0.969,-0.982,0.304,-0.761,0.853,-0.994,-0.983,0.89,0.982,-0.926,0.995,-0.995,-0.669,-0.615,-0.979,-0.981,-0.68,0.871,-0.975,0.965,0.905,-0.967,0.978,0.936,-0.975,-0.838,0.994,-0.994,0.771,-0.98,0.988,-0.979,-0.958,-0.965,0.995,0.988,0.72,-0.998,0.997,0.687,-0.943,-0.994,0.802,-0.974,0.99,-0.993,-0.991,5.16,4.341,10.521,10.508,10.559,10.541,10.541,10.481,5.14,4.443,10.497,10.47,5.499,5.016,10.525,10.481,EssenceCatalog/problems/csplib-prob010-SocialGolfers/params/4b87b2fe0f92cdf75f17ae3d4fee25f9.param
0.99,0.787,-0.86,-0.928,0.893,-0.994,-0.834,-0.715,-0.981,-0.8,0.509,0.973,0.361,-0.891,-0.572,0.723,-0.98,0.62,0.953,-0.844,-0.993,-0.842,0.451,-0.486,-0.973,-0.95,-0.967,-0.955,0.965,0.913,0.883,0.94,0.976,0.85,0.989,0.97,0.898,-0.908,0.989,-0.879,0.936,0.75,-0.823,-0.091,0.97,-0.99,-0.845,-0.804,-0.981,0.909,0.939,-0.944,0.954,-0.973,-0.984,0.724,-0.889,0.804,-0.992,-0.972,0.82,0.965,-0.905,0.99,-0.994,-0.682,-0.609,-0.983,-0.984,-0.701,0.873,-0.974,0.969,0.939,-0.976,0.983,0.918,-0.961,-0.482,0.995,-0.994,0.894,-0.972,0.982,-0.974,-0.968,-0.954,0.994,0.982,0.753,-0.997,0.997,0.434,-0.659,-0.995,0.912,-0.986,0.984,-0.995,-0.987,6.337,5.206,10.557,10.554,10.459,10.499,10.46,10.528,6.04,5.338,10.561,10.592,6.306,6.168,10.565,10.582,EssenceCatalog/problems/csplib-prob010-SocialGolfers/params/1d994426f529a01a6c9f8d54a3d74744.param
0.994,0.916,-0.532,0.582,0.906,-0.993,-0.958,-0.946,-0.988,-0.884,0.918,0.978,-0.138,-0.96,-0.758,0.943,-0.972,0.524,0.981,-0.956,-0.996,0.75,0.955,-0.498,-0.98,0.183,-0.978,-0.992,0.987,-0.128,0.96,0.968,0.987,0.766,0.992,0.977,0.965,-0.958,0.993,-0.941,0.909,0.833,0.228,0.953,0.938,-0.995,-0.962,-0.975,-0.986,-0.757,0.815,-0.977,0.966,-0.985,-0.904,0.877,-0.682,0.959,-0.995,-0.927,0.939,0.992,0.441,0.991,-0.998,-0.901,-0.918,-0.991,-0.981,-0.895,0.935,-0.983,0.971,0.97,-0.99,0.983,0.681,-0.952,-0.911,0.996,-0.996,0.845,-0.98,0.981,-0.992,-0.98,-0.976,0.997,0.995,0.915,-0.999,0.998,0.96,-0.976,-0.996,0.944,-0.989,0.98,-0.993,-0.988,8.516,5.28,10.335,10.184,10.336,10.241,10.311,10.207,6.864,5.515,10.306,10.096,7.295,6.951,10.256,10.176,EssenceCatalog/problems/csplib-prob010-SocialGolfers/params/5d641aa0c9915ff39a004ddfbe19718a.param
0.991,0.803,-0.875,-0.955,0.885,-0.995,-0.83,-0.697,-0.98,-0.817,0.481,0.976,0.325,-0.884,-0.552,0.719,-0.982,0.613,0.954,-0.837,-0.994,-0.883,0.424,-0.465,-0.976,-0.964,-0.969,-0.957,0.966,0.934,0.888,0.94,0.977,0.86,0.99,0.974,0.902,-0.914,0.988,-0.891,0.948,0.745,-0.835,-0.269,0.974,-0.99,-0.825,-0.761,-0.979,0.944,0.948,-0.94,0.959,-0.974,-0.986,0.7,-0.904,0.804,-0.993,-0.977,0.831,0.965,-0.922,0.991,-0.995,-0.68,-0.614,-0.983,-0.986,-0.699,0.879,-0.974,0.969,0.931,-0.973,0.986,0.932,-0.967,-0.452,0.995,-0.994,0.903,-0.974,0.983,-0.975,-0.966,-0.958,0.995,0.982,0.745,-0.998,0.997,0.391,-0.649,-0.995,0.903,-0.986,0.985,-0.995,-0.989,6.228,5.185,10.551,10.561,10.466,10.505,10.463,10.528,5.985,5.313,10.555,10.6,6.25,6.106,10.566,10.588,EssenceCatalog/problems/csplib-prob010-SocialGolfers/params/39578b6633a8db38fdd46f9fce70f6d4.param
0.992,0.785,-0.914,-0.866,0.929,-0.994,-0.837,-0.719,-0.984,-0.853,0.445,0.981,0.886,-0.914,-0.847,0.753,-0.984,0.865,0.944,-0.845,-0.993,-0.615,0.354,-0.869,-0.976,-0.901,-0.973,-0.963,0.964,0.79,0.905,0.963,0.979,0.921,0.988,0.971,0.874,-0.922,0.989,-0.903,0.926,0.945,-0.962,0.157,0.965,-0.991,-0.885,-0.835,-0.984,0.836,0.946,-0.947,0.962,-0.977,-0.985,0.848,-0.936,0.827,-0.992,-0.966,0.81,0.964,-0.834,0.988,-0.995,-0.734,-0.693,-0.988,-0.988,-0.747,0.9,-0.978,0.971,0.956,-0.982,0.989,0.897,-0.957,-0.298,0.996,-0.994,0.94,-0.97,0.979,-0.977,-0.981,-0.957,0.995,0.983,0.817,-0.997,0.997,0.459,-0.474,-0.996,0.943,-0.989,0.98,-0.996,-0.988,6.928,5.485,10.606,10.569,10.463,10.516,10.489,10.545,6.411,5.651,10.603,10.618,6.662,6.608,10.596,10.629,EssenceCatalog/problems/csplib-prob010-SocialGolfers/params/3da45efec169d665d6d308496af0c2c5.param
0.991,0.762,-0.897,-0.829,0.925,-0.992,-0.837,-0.72,-0.983,-0.818,0.521,0.976,0.78,-0.904,-0.766,0.742,-0.98,0.82,0.947,-0.86,-0.993,-0.671,0.358,-0.789,-0.972,-0.899,-0.967,-0.953,0.962,0.813,0.888,0.957,0.977,0.89,0.988,0.965,0.884,-0.906,0.99,-0.86,0.908,0.88,-0.929,0.245,0.963,-0.99,-0.882,-0.844,-0.984,0.796,0.938,-0.946,0.952,-0.976,-0.981,0.826,-0.913,0.818,-0.992,-0.962,0.802,0.964,-0.865,0.987,-0.995,-0.723,-0.646,-0.985,-0.986,-0.744,0.882,-0.976,0.968,0.953,-0.981,0.983,0.9,-0.948,-0.457,0.995,-0.994,0.913,-0.97,0.978,-0.974,-0.975,-0.951,0.995,0.981,0.811,-0.997,0.997,0.458,-0.538,-0.995,0.941,-0.988,0.98,-0.995,-0.985,6.846,5.416,10.578,10.545,10.443,10.497,10.465,10.536,6.339,5.575,10.576,10.593,6.597,6.546,10.573,10.596,EssenceCatalog/problems/csplib-prob010-SocialGolfers/params/f5c347fa06f76b5b57b456a8da165284.param
0.99,0.831,-0.823,-0.968,0.85,-0.995,-0.835,-0.714,-0.978,-0.793,0.587,0.97,-0.346,-0.87,-0.246,0.733,-0.981,0.299,0.962,-0.843,-0.994,-0.927,0.551,0.04,-0.977,-0.975,-0.97,-0.96,0.97,0.959,0.887,0.922,0.978,0.801,0.991,0.977,0.918,-0.908,0.987,-0.896,0.955,0.389,-0.554,-0.382,0.976,-0.99,-0.805,-0.759,-0.976,0.959,0.95,-0.942,0.956,-0.972,-0.987,0.572,-0.873,0.806,-0.993,-0.982,0.858,0.969,-0.94,0.993,-0.995,-0.66,-0.608,-0.982,-0.985,-0.687,0.871,-0.973,0.965,0.914,-0.968,0.985,0.94,-0.974,-0.602,0.995,-0.994,0.871,-0.977,0.986,-0.977,-0.96,-0.961,0.994,0.983,0.72,-0.998,0.997,0.452,-0.793,-0.995,0.868,-0.982,0.989,-0.995,-0.991,5.742,4.866,10.546,10.568,10.513,10.531,10.497,10.527,5.635,4.978,10.545,10.577,5.934,5.67,10.566,10.568,EssenceCatalog/problems/csplib-prob010-SocialGolfers/params/de9826d1bce14be8c456fe39cc7503cc.param
0.987,0.905,-0.459,-0.841,0.754,-0.996,-0.931,-0.821,-0.977,-0.775,0.86,0.959,-0.945,-0.925,0.474,0.804,-0.964,-0.535,0.977,-0.893,-0.994,-0.575,0.908,0.76,-0.982,-0.919,-0.975,-0.985,0.979,0.833,0.924,0.9,0.983,0.227,0.993,0.983,0.955,-0.904,0.987,-0.92,0.946,-0.34,0.868,0.36,0.958,-0.991,-0.909,-0.927,-0.979,0.736,0.887,-0.962,0.953,-0.973,-0.943,0.495,-0.605,0.911,-0.994,-0.976,0.927,0.984,-0.752,0.994,-0.997,-0.771,-0.831,-0.985,-0.973,-0.731,0.819,-0.97,0.96,0.927,-0.968,0.979,0.915,-0.981,-0.911,0.995,-0.994,0.749,-0.979,0.99,-0.989,-0.961,-0.968,0.995,0.991,0.76,-0.999,0.998,0.816,-0.972,-0.995,0.795,-0.969,0.991,-0.99,-0.991,5.502,4.304,10.56,10.409,10.558,10.505,10.513,10.373,5.259,4.422,10.529,10.322,5.638,5.093,10.519,10.393,EssenceCatalog/problems/csplib-prob010-SocialGolfers/params/5f93f6ac58cb24e81e1ad4b16ca85d95.param
0.99,0.903,-0.57,-0.958,0.689,-0.997,-0.902,-0.818,-0.971,-0.733,0.829,0.957,-0.972,-0.861,0.569,0.833,-0.977,-0.643,0.982,-0.878,-0.995,-0.931,0.89,0.874,-0.983,-0.977,-0.976,-0.977,0.979,0.967,0.92,0.895,0.984,0.532,0.994,0.985,0.962,-0.911,0.984,-0.927,0.965,-0.773,0.822,-0.377,0.975,-0.99,-0.819,-0.838,-0.965,0.945,0.942,-0.955,0.956,-0.972,-0.98,0.134,-0.725,0.884,-0.996,-0.988,0.928,0.986,-0.936,0.996,-0.996,-0.698,-0.7,-0.982,-0.982,-0.727,0.868,-0.976,0.955,0.877,-0.959,0.981,0.952,-0.983,-0.913,0.995,-0.994,0.749,-0.983,0.991,-0.985,-0.955,-0.971,0.995,0.991,0.747,-0.998,0.998,0.73,-0.969,-0.995,0.725,-0.971,0.994,-0.993,-0.993,4.985,4.17,10.503,10.477,10.596,10.558,10.573,10.471,4.974,4.278,10.472,10.434,5.347,4.813,10.507,10.46,EssenceCatalog/problems/csplib-prob010-SocialGolfers/params/962c9d1544bc413c6e5d6facd7c0676e.param
0.989,0.901,-0.491,-0.933,0.683,-0.996,-0.902,-0.834,-0.973,-0.722,0.862,0.952,-0.977,-0.868,0.57,0.855,-0.977,-0.668,0.983,-0.893,-0.994,-0.911,0.907,0.887,-0.983,-0.968,-0.977,-0.976,0.976,0.962,0.918,0.896,0.984,0.481,0.993,0.983,0.963,-0.905,0.985,-0.924,0.957,-0.824,0.863,-0.222,0.971,-0.99,-0.833,-0.87,-0.967,0.911,0.94,-0.962,0.945,-0.971,-0.98,0.155,-0.688,0.886,-0.996,-0.986,0.931,0.987,-0.928,0.996,-0.996,-0.698,-0.709,-0.982,-0.982,-0.756,0.859,-0.975,0.954,0.883,-0.965,0.978,0.947,-0.982,-0.936,0.994,-0.994,0.702,-0.982,0.99,-0.984,-0.958,-0.97,0.995,0.99,0.752,-0.998,0.998,0.763,-0.974,-0.994,0.718,-0.969,0.994,-0.992,-0.992,5.025,4.154,10.496,10.467,10.583,10.547,10.563,10.459,4.977,4.261,10.465,10.416,5.356,4.818,10.497,10.444,EssenceCatalog/problems/csplib-prob010-SocialGolfers/params/5ef2cc05422b08dd07566c42a0f1839b.param
0.994,0.793,-0.923,-0.22,0.958,-0.991,-0.823,-0.669,-0.976,-0.794,0.848,0.973,0.824,-0.875,-0.779,0.82,-0.98,0.928,0.951,-0.921,-0.992,-0.413,0.193,-0.88,-0.972,-0.727,-0.966,-0.953,0.96,0.513,0.889,0.969,0.985,0.873,0.989,0.963,0.902,-0.822,0.986,-0.693,0.773,0.698,-0.943,0.791,0.944,-0.993,-0.929,-0.902,-0.984,0.229,0.965,-0.958,0.915,-0.98,-0.978,0.891,-0.915,0.848,-0.994,-0.968,0.848,0.966,-0.903,0.987,-0.996,-0.804,-0.757,-0.989,-0.988,-0.859,0.875,-0.981,0.913,0.942,-0.982,0.983,0.938,-0.951,-0.839,0.998,-0.995,0.892,-0.971,0.975,-0.981,-0.976,-0.946,0.995,0.98,0.903,-0.997,0.997,0.535,-0.623,-0.995,0.959,-0.989,0.988,-0.995,-0.983,7.572,5.458,10.52,10.498,10.458,10.527,10.486,10.572,6.587,5.688,10.522,10.53,6.924,6.974,10.534,10.534,EssenceCatalog/problems/csplib-prob010-SocialGolfers/params/b5c5451bea977fa7a526c5e7b2ab3295.param
0.991,0.791,-0.887,-0.943,0.896,-0.994,-0.826,-0.698,-0.981,-0.823,0.463,0.977,0.525,-0.888,-0.643,0.723,-0.982,0.699,0.952,-0.838,-0.994,-0.854,0.387,-0.606,-0.976,-0.956,-0.969,-0.956,0.965,0.918,0.889,0.947,0.977,0.878,0.989,0.972,0.895,-0.914,0.988,-0.888,0.943,0.81,-0.886,-0.183,0.973,-0.99,-0.834,-0.771,-0.98,0.931,0.947,-0.939,0.959,-0.974,-0.986,0.738,-0.913,0.808,-0.992,-0.974,0.821,0.964,-0.913,0.99,-0.995,-0.687,-0.617,-0.984,-0.987,-0.711,0.884,-0.975,0.97,0.936,-0.975,0.986,0.926,-0.964,-0.42,0.995,-0.994,0.911,-0.973,0.982,-0.974,-0.969,-0.957,0.995,0.982,0.761,-0.997,0.997,0.391,-0.596,-0.995,0.913,-0.987,0.984,-0.996,-0.989,6.391,5.274,10.554,10.558,10.454,10.499,10.458,10.531,6.094,5.41,10.558,10.606,6.35,6.242,10.567,10.594,EssenceCatalog/problems/csplib-prob010-SocialGolfers/params/b1b0eb06b3a03fc079832177c57f645d.param
0.999,0.967,-0.873,0.988,0.98,-0.995,-0.977,-0.98,-0.973,-0.948,0.99,0.988,0.86,-0.952,-0.955,0.981,-0.981,0.957,0.99,-0.989,-0.998,0.974,0.977,-0.932,-0.991,0.95,-0.984,-0.996,0.994,-0.931,0.974,0.992,0.995,0.912,0.996,0.992,0.986,-0.965,0.978,-0.954,0.873,0.892,-0.76,0.995,0.876,-0.998,-0.99,-0.978,-0.979,-0.989,0.971,-0.988,0.978,-0.994,-0.837,0.972,-0.915,0.983,-0.998,-0.956,0.98,0.997,0.774,0.996,-0.999,-0.976,-0.979,-0.996,-0.993,-0.987,0.984,-0.995,0.907,0.976,-0.992,0.993,0.776,-0.963,-0.985,0.999,-0.999,0.943,-0.99,0.981,-0.997,-0.991,-0.987,0.998,0.998,0.987,-1.0,0.999,0.989,-0.989,-0.998,0.979,-0.994,0.993,-0.997,-0.994,9.736,5.749,10.4,10.337,10.465,10.384,10.504,10.449,7.556,6.077,10.386,10.279,8.008,7.84,10.39,10.369,EssenceCatalog/problems/csplib-prob010-SocialGolfers/params/b25c3256944138e976a0a5aab850a15e.param
0.991,0.859,-0.806,-0.976,0.839,-0.996,-0.847,-0.745,-0.978,-0.77,0.71,0.963,-0.764,-0.857,0.116,0.764,-0.983,-0.044,0.972,-0.862,-0.995,-0.964,0.639,0.561,-0.98,-0.982,-0.973,-0.961,0.972,0.978,0.884,0.912,0.979,0.762,0.992,0.981,0.943,-0.902,0.987,-0.901,0.96,-0.316,-0.105,-0.607,0.978,-0.991,-0.799,-0.758,-0.975,0.97,0.964,-0.957,0.948,-0.973,-0.99,0.414,-0.868,0.809,-0.995,-0.989,0.897,0.976,-0.967,0.995,-0.995,-0.636,-0.563,-0.981,-0.986,-0.715,0.867,-0.976,0.962,0.901,-0.969,0.985,0.957,-0.979,-0.776,0.996,-0.994,0.851,-0.981,0.989,-0.977,-0.959,-0.965,0.995,0.984,0.75,-0.998,0.998,0.439,-0.869,-0.995,0.842,-0.98,0.993,-0.994,-0.993,5.243,4.521,10.541,10.546,10.552,10.555,10.537,10.525,5.258,4.626,10.52,10.541,5.599,5.231,10.574,10.528,EssenceCatalog/problems/csplib-prob010-SocialGolfers/params/742b602b1db21c0d6b146935f536472b.param
0.994,0.788,-0.927,-0.477,0.951,-0.992,-0.788,-0.593,-0.971,-0.782,0.85,0.97,0.711,-0.852,-0.688,0.801,-0.98,0.916,0.95,-0.913,-0.992,-0.678,0.057,-0.827,-0.972,-0.839,-0.965,-0.947,0.955,0.693,0.876,0.964,0.984,0.851,0.989,0.964,0.903,-0.787,0.982,-0.65,0.791,0.481,-0.933,0.691,0.952,-0.992,-0.913,-0.867,-0.981,0.506,0.971,-0.952,0.903,-0.978,-0.982,0.854,-0.916,0.825,-0.994,-0.975,0.849,0.961,-0.946,0.988,-0.995,-0.78,-0.721,-0.988,-0.988,-0.853,0.857,-0.98,0.899,0.924,-0.978,0.983,0.954,-0.957,-0.854,0.998,-0.994,0.879,-0.971,0.977,-0.978,-0.97,-0.945,0.995,0.976,0.894,-0.996,0.997,0.414,-0.578,-0.995,0.947,-0.988,0.99,-0.994,-0.983,7.102,5.353,10.49,10.504,10.445,10.533,10.473,10.573,6.351,5.548,10.491,10.552,6.669,6.742,10.535,10.541,EssenceCatalog/problems/csplib-prob010-SocialGolfers/params/06ed70e75df40246a578e69ab1b43b4d.param
0.993,0.93,-0.38,0.394,0.83,-0.995,-0.959,-0.945,-0.973,-0.884,0.925,0.978,-0.788,-0.935,-0.499,0.953,-0.968,0.073,0.984,-0.951,-0.996,0.659,0.976,0.01,-0.985,-0.208,-0.981,-0.994,0.99,0.132,0.968,0.96,0.99,0.615,0.994,0.985,0.977,-0.959,0.979,-0.949,0.947,0.558,0.76,0.937,0.95,-0.994,-0.955,-0.959,-0.964,-0.582,0.821,-0.966,0.972,-0.984,-0.877,0.753,-0.573,0.965,-0.996,-0.954,0.954,0.994,0.377,0.994,-0.999,-0.909,-0.937,-0.991,-0.981,-0.91,0.938,-0.983,0.954,0.945,-0.975,0.985,0.77,-0.971,-0.944,0.996,-0.997,0.8,-0.984,0.988,-0.995,-0.974,-0.981,0.997,0.997,0.902,-0.999,0.998,0.969,-0.989,-0.997,0.863,-0.986,0.986,-0.994,-0.992,7.758,4.905,10.35,10.188,10.378,10.268,10.34,10.155,6.387,5.104,10.3,10.067,6.835,6.348,10.255,10.153,EssenceCatalog/problems/csplib-prob010-SocialGolfers/params/0dcb8fa9d14ebb04fd57bfb353dd215d.param
0.992,0.87,-0.822,-0.983,0.824,-0.997,-0.844,-0.764,-0.977,-0.765,0.753,0.96,-0.879,-0.834,0.311,0.787,-0.986,-0.208,0.978,-0.87,-0.995,-0.981,0.686,0.743,-0.984,-0.988,-0.976,-0.96,0.976,0.987,0.888,0.912,0.983,0.778,0.993,0.984,0.957,-0.907,0.986,-0.908,0.966,-0.667,0.089,-0.765,0.981,-0.991,-0.767,-0.728,-0.97,0.981,0.973,-0.959,0.944,-0.975,-0.992,0.256,-0.884,0.825,-0.996,-0.992,0.921,0.98,-0.981,0.997,-0.995,-0.628,-0.517,-0.982,-0.988,-0.733,0.873,-0.98,0.959,0.883,-0.968,0.987,0.97,-0.981,-0.853,0.996,-0.995,0.848,-0.984,0.99,-0.976,-0.959,-0.97,0.995,0.985,0.784,-0.998,0.998,0.414,-0.895,-0.996,0.816,-0.98,0.995,-0.995,-0.994,5.028,4.376,10.518,10.537,10.572,10.566,10.564,10.536,5.089,4.479,10.489,10.537,5.441,5.041,10.559,10.521,EssenceCatalog/problems/csplib-prob010-SocialGolfers/params/a197c9ebc4222a75cc50bf9fb7b89ca1.param
0.987,0.826,-0.632,-0.917,0.797,-0.994,-0.878,-0.812,-0.979,-0.743,0.643,0.963,-0.681,-0.888,-0.159,0.794,-0.974,-0.094,0.968,-0.86,-0.993,-0.846,0.795,0.346,-0.973,-0.951,-0.97,-0.965,0.972,0.932,0.898,0.915,0.977,0.719,0.99,0.969,0.924,-0.918,0.991,-0.91,0.945,0.235,0.025,0.052,0.967,-0.988,-0.832,-0.863,-0.977,0.881,0.891,-0.95,0.956,-0.968,-0.976,0.527,-0.756,0.844,-0.992,-0.97,0.844,0.977,-0.852,0.992,-0.994,-0.673,-0.623,-0.978,-0.977,-0.656,0.872,-0.971,0.97,0.93,-0.972,0.974,0.895,-0.962,-0.715,0.993,-0.993,0.799,-0.974,0.984,-0.977,-0.961,-0.956,0.994,0.987,0.698,-0.997,0.997,0.697,-0.905,-0.993,0.857,-0.977,0.983,-0.992,-0.988,5.668,4.664,10.554,10.537,10.515,10.511,10.498,10.486,5.523,4.765,10.544,10.501,5.841,5.445,10.539,10.523,EssenceCatalog/problems/csplib-prob010-SocialGolfers/params/bd147a2264a356d3115e4b3633208d0f.param
0.994,0.795,-0.917,-0.359,0.95,-0.991,-0.8,-0.604,-0.971,-0.762,0.886,0.967,0.582,-0.846,-0.608,0.81,-0.978,0.901,0.955,-0.924,-0.992,-0.681,0.108,-0.767,-0.97,-0.818,-0.962,-0.946,0.954,0.678,0.869,0.961,0.984,0.815,0.989,0.962,0.911,-0.765,0.983,-0.59,0.764,0.239,-0.898,0.748,0.95,-0.992,-0.917,-0.884,-0.981,0.402,0.969,-0.955,0.888,-0.978,-0.978,0.848,-0.899,0.828,-0.994,-0.974,0.86,0.964,-0.949,0.987,-0.995,-0.787,-0.716,-0.986,-0.987,-0.858,0.849,-0.98,0.892,0.922,-0.979,0.979,0.956,-0.956,-0.898,0.997,-0.994,0.852,-0.971,0.977,-0.977,-0.966,-0.944,0.995,0.975,0.898,-0.996,0.997,0.455,-0.657,-0.995,0.947,-0.987,0.991,-0.994,-0.982,7.067,5.277,10.451,10.474,10.428,10.515,10.453,10.566,6.289,5.469,10.455,10.521,6.624,6.694,10.51,10.503,EssenceCatalog/problems/csplib-prob010-SocialGolfers/params/cc9623977ecf2996760d141a5649e1ac.param
0.988,0.785,-0.797,-0.898,0.877,-0.993,-0.86,-0.757,-0.982,-0.786,0.471,0.973,0.309,-0.903,-0.598,0.737,-0.976,0.547,0.952,-0.844,-0.993,-0.726,0.599,-0.465,-0.971,-0.927,-0.965,-0.96,0.967,0.87,0.893,0.936,0.975,0.828,0.988,0.967,0.894,-0.92,0.991,-0.896,0.935,0.818,-0.745,0.148,0.967,-0.989,-0.855,-0.847,-0.981,0.857,0.9,-0.942,0.96,-0.972,-0.976,0.733,-0.852,0.824,-0.991,-0.96,0.803,0.967,-0.813,0.988,-0.994,-0.698,-0.648,-0.981,-0.981,-0.66,0.876,-0.971,0.973,0.947,-0.976,0.979,0.874,-0.955,-0.418,0.993,-0.993,0.878,-0.969,0.98,-0.974,-0.968,-0.952,0.994,0.983,0.731,-0.997,0.997,0.569,-0.741,-0.994,0.914,-0.984,0.978,-0.994,-0.986,6.466,5.211,10.556,10.541,10.452,10.479,10.451,10.505,6.11,5.34,10.558,10.562,6.373,6.19,10.545,10.567,EssenceCatalog/problems/csplib-prob010-SocialGolfers/params/851051c4f4e3dabbcf4d7a4e7077dd60.param
0.995,0.836,-0.786,-0.943,-0.599,-0.997,0.655,-0.295,0.966,-0.535,0.553,0.989,-0.931,0.986,-0.982,0.976,-0.984,0.864,0.981,-0.115,-0.991,-0.957,0.769,-0.929,-0.993,-0.996,-0.98,-0.952,0.995,0.953,0.952,0.971,0.996,0.986,0.997,0.996,0.974,-0.956,-0.994,-0.74,0.987,-0.779,-0.968,0.781,0.984,-0.964,0.794,0.99,0.989,0.978,0.985,0.781,0.98,-0.928,-0.99,-0.936,-0.924,0.946,-0.998,-0.993,0.943,0.986,-0.965,0.998,-0.994,-0.826,-0.869,-0.994,-0.997,-0.966,0.986,-0.994,-0.945,-0.965,0.978,0.997,0.984,-0.994,-0.926,0.995,-0.997,0.83,-0.982,0.987,-0.991,-0.462,-0.985,0.997,0.996,0.877,-0.998,0.995,0.945,-0.893,-0.997,-0.954,-0.986,0.994,-0.997,-0.993,4.212,3.476,4.848,10.071,10.556,10.415,10.568,10.728,4.226,3.717,4.907,10.072,4.785,4.349,5.964,10.119,EssenceCatalog/problems/csplib-prob010-SocialGolfers/params/353b781632e7a29beeff3cdfc5d98f94.param
0.99,0.816,-0.828,-0.959,0.86,-0.995,-0.838,-0.719,-0.978,-0.786,0.596,0.969,-0.281,-0.871,-0.282,0.729,-0.98,0.34,0.962,-0.847,-0.994,-0.919,0.536,0.004,-0.976,-0.97,-0.968,-0.958,0.968,0.953,0.882,0.925,0.977,0.799,0.99,0.975,0.919,-0.905,0.988,-0.882,0.949,0.401,-0.576,-0.31,0.975,-0.99,-0.821,-0.771,-0.977,0.947,0.946,-0.945,0.953,-0.972,-0.985,0.601,-0.869,0.804,-0.993,-0.98,0.852,0.969,-0.938,0.992,-0.995,-0.659,-0.59,-0.981,-0.984,-0.699,0.868,-0.974,0.965,0.921,-0.97,0.983,0.936,-0.969,-0.618,0.995,-0.994,0.868,-0.976,0.985,-0.975,-0.959,-0.958,0.995,0.983,0.734,-0.998,0.997,0.447,-0.777,-0.995,0.879,-0.983,0.988,-0.994,-0.99,5.806,4.896,10.548,10.563,10.503,10.525,10.49,10.528,5.672,5.009,10.546,10.576,5.97,5.724,10.566,10.566,EssenceCatalog/problems/csplib-prob010-SocialGolfers/params/df7c9acbf0ad1b0cec063b6772518e14.param
0.989,0.847,-0.71,-0.958,0.816,-0.995,-0.857,-0.767,-0.978,-0.745,0.693,0.961,-0.752,-0.871,0.048,0.775,-0.98,-0.104,0.969,-0.859,-0.994,-0.931,0.716,0.508,-0.976,-0.972,-0.972,-0.96,0.969,0.964,0.887,0.909,0.978,0.716,0.991,0.976,0.931,-0.902,0.989,-0.903,0.951,-0.137,0.008,-0.31,0.973,-0.99,-0.812,-0.82,-0.975,0.944,0.943,-0.956,0.95,-0.969,-0.985,0.468,-0.81,0.816,-0.993,-0.982,0.871,0.976,-0.938,0.994,-0.994,-0.646,-0.595,-0.98,-0.982,-0.674,0.859,-0.973,0.964,0.911,-0.969,0.979,0.935,-0.973,-0.753,0.995,-0.993,0.816,-0.977,0.986,-0.977,-0.96,-0.958,0.994,0.984,0.708,-0.997,0.997,0.573,-0.893,-0.994,0.844,-0.976,0.989,-0.993,-0.991,5.369,4.543,10.534,10.523,10.525,10.525,10.508,10.492,5.329,4.644,10.518,10.502,5.664,5.271,10.546,10.505,EssenceCatalog/problems/csplib-prob010-SocialGolfers/params/66e3c74766a2c9e8a77b43c2b1f26e85.param
0.987,0.818,-0.699,-0.907,0.848,-0.994,-0.851,-0.764,-0.98,-0.74,0.66,0.962,-0.477,-0.891,-0.221,0.764,-0.976,0.144,0.959,-0.859,-0.993,-0.846,0.683,0.147,-0.971,-0.944,-0.969,-0.96,0.964,0.924,0.881,0.915,0.975,0.723,0.989,0.969,0.911,-0.895,0.99,-0.887,0.928,0.311,-0.256,0.076,0.965,-0.989,-0.848,-0.866,-0.98,0.869,0.92,-0.954,0.944,-0.968,-0.98,0.619,-0.786,0.812,-0.992,-0.972,0.843,0.97,-0.884,0.991,-0.994,-0.659,-0.631,-0.98,-0.978,-0.679,0.852,-0.969,0.964,0.931,-0.974,0.976,0.904,-0.964,-0.691,0.994,-0.992,0.819,-0.971,0.982,-0.976,-0.963,-0.951,0.993,0.982,0.708,-0.997,0.997,0.609,-0.856,-0.993,0.879,-0.977,0.985,-0.992,-0.987,5.832,4.789,10.547,10.529,10.494,10.506,10.479,10.489,5.635,4.895,10.544,10.514,5.947,5.636,10.543,10.523,EssenceCatalog/problems/csplib-prob010-SocialGolfers/params/6fd7e3b9b68c4cc14329e476b586eb93.param
0.993,0.779,-0.931,-0.838,0.936,-0.994,-0.834,-0.723,-0.984,-0.861,0.485,0.982,0.916,-0.91,-0.871,0.764,-0.984,0.899,0.946,-0.858,-0.993,-0.592,0.29,-0.902,-0.977,-0.891,-0.973,-0.96,0.964,0.767,0.905,0.969,0.98,0.933,0.988,0.97,0.878,-0.921,0.989,-0.892,0.916,0.946,-0.973,0.214,0.965,-0.991,-0.891,-0.828,-0.984,0.811,0.952,-0.946,0.962,-0.978,-0.985,0.861,-0.946,0.837,-0.992,-0.965,0.807,0.966,-0.85,0.987,-0.995,-0.751,-0.692,-0.989,-0.989,-0.775,0.906,-0.98,0.97,0.956,-0.983,0.988,0.905,-0.953,-0.361,0.996,-0.995,0.943,-0.971,0.978,-0.976,-0.982,-0.956,0.995,0.983,0.843,-0.997,0.997,0.452,-0.414,-0.996,0.948,-0.991,0.981,-0.997,-0.986,7.012,5.512,10.616,10.581,10.476,10.534,10.508,10.565,6.451,5.687,10.612,10.633,6.704,6.677,10.608,10.643,EssenceCatalog/problems/csplib-prob010-SocialGolfers/params/527eeddcb0b0c527baa6eaa3fe88a11b.param
0.988,0.915,-0.419,-0.839,0.698,-0.996,-0.919,-0.821,-0.965,-0.761,0.875,0.956,-0.969,-0.894,0.52,0.844,-0.969,-0.612,0.98,-0.897,-0.994,-0.716,0.922,0.819,-0.983,-0.938,-0.975,-0.985,0.979,0.888,0.925,0.897,0.985,0.29,0.994,0.985,0.962,-0.9,0.979,-0.914,0.95,-0.619,0.9,0.329,0.964,-0.99,-0.893,-0.903,-0.967,0.785,0.909,-0.955,0.951,-0.972,-0.954,0.332,-0.596,0.907,-0.995,-0.979,0.937,0.987,-0.821,0.996,-0.997,-0.761,-0.82,-0.986,-0.976,-0.785,0.846,-0.972,0.943,0.9,-0.955,0.98,0.927,-0.981,-0.938,0.995,-0.994,0.718,-0.98,0.991,-0.989,-0.96,-0.97,0.995,0.992,0.768,-0.999,0.998,0.827,-0.976,-0.995,0.735,-0.968,0.992,-0.992,-0.992,5.34,4.223,10.514,10.438,10.574,10.532,10.543,10.413,5.141,4.339,10.483,10.359,5.528,4.99,10.496,10.414,EssenceCatalog/problems/csplib-prob010-SocialGolfers/params/1bc91c0577e6eb3ae4c325970ad1c58f.param
0.99,0.794,-0.859,-0.939,0.884,-0.994,-0.844,-0.717,-0.98,-0.816,0.439,0.976,0.451,-0.893,-0.617,0.721,-0.98,0.642,0.952,-0.838,-0.993,-0.822,0.481,-0.547,-0.975,-0.953,-0.967,-0.96,0.968,0.905,0.894,0.941,0.977,0.861,0.989,0.972,0.894,-0.921,0.989,-0.896,0.946,0.828,-0.843,-0.099,0.972,-0.99,-0.837,-0.789,-0.979,0.922,0.93,-0.938,0.963,-0.974,-0.982,0.727,-0.895,0.814,-0.992,-0.969,0.82,0.966,-0.881,0.99,-0.995,-0.696,-0.631,-0.983,-0.985,-0.681,0.88,-0.974,0.972,0.94,-0.975,0.984,0.909,-0.962,-0.376,0.994,-0.994,0.903,-0.972,0.982,-0.975,-0.968,-0.957,0.994,0.983,0.744,-0.998,0.997,0.464,-0.662,-0.995,0.912,-0.986,0.982,-0.995,-0.988,6.395,5.251,10.558,10.558,10.459,10.495,10.459,10.525,6.094,5.384,10.563,10.596,6.351,6.208,10.562,10.591,EssenceCatalog/problems/csplib-prob010-SocialGolfers/params/7f566e0b71c60439847f46e22abc3e50.param
0.991,0.866,-0.806,-0.98,0.827,-0.997,-0.846,-0.752,-0.978,-0.773,0.726,0.962,-0.826,-0.853,0.218,0.767,-0.984,-0.132,0.974,-0.862,-0.995,-0.971,0.667,0.643,-0.982,-0.984,-0.974,-0.963,0.974,0.981,0.888,0.911,0.981,0.758,0.993,0.983,0.948,-0.904,0.987,-0.906,0.963,-0.445,0.015,-0.667,0.979,-0.991,-0.795,-0.75,-0.974,0.975,0.967,-0.956,0.948,-0.974,-0.99,0.359,-0.871,0.819,-0.995,-0.99,0.908,0.977,-0.971,0.996,-0.995,-0.636,-0.563,-0.982,-0.986,-0.723,0.87,-0.977,0.962,0.896,-0.967,0.986,0.963,-0.981,-0.807,0.996,-0.995,0.851,-0.982,0.99,-0.978,-0.958,-0.967,0.995,0.985,0.757,-0.998,0.998,0.439,-0.881,-0.995,0.83,-0.979,0.994,-0.995,-0.994,5.151,4.453,10.539,10.542,10.567,10.564,10.552,10.526,5.184,4.559,10.514,10.537,5.532,5.141,10.571,10.524,EssenceCatalog/problems/csplib-prob010-SocialGolfers/params/0c90678ecf1eee93b9e1e001db29a101.param
0.999,0.966,-0.974,0.991,0.989,-0.995,-0.986,-0.987,-0.988,-0.976,0.986,0.994,0.994,-0.97,-0.991,0.981,-0.986,0.992,0.991,-0.99,-0.998,0.992,0.978,-0.991,-0.994,0.979,-0.986,-0.996,0.996,-0.981,0.982,0.996,0.995,0.974,0.997,0.994,0.985,-0.974,0.99,-0.976,0.886,0.989,-0.99,0.994,0.866,-0.998,-0.992,-0.982,-0.986,-0.99,0.978,-0.99,0.99,-0.996,-0.788,0.989,-0.981,0.99,-0.999,-0.949,0.978,0.996,0.882,0.994,-0.999,-0.986,-0.982,-0.997,-0.995,-0.99,0.988,-0.997,0.957,0.989,-0.996,0.996,0.7,-0.934,-0.975,0.997,-0.999,0.979,-0.99,0.984,-0.997,-0.997,-0.991,0.999,0.999,0.993,-1.0,0.999,0.983,-0.972,-0.998,0.993,-0.997,0.993,-0.998,-0.993,9.892,5.849,10.475,10.415,10.52,10.435,10.568,10.525,7.685,6.183,10.462,10.358,8.126,7.963,10.459,10.451,EssenceCatalog/problems/csplib-prob010-SocialGolfers/params/3d60cb90b00fa36979d21c11b39d50ff.param
0.995,0.832,-0.752,-0.96,-0.768,-0.997,0.673,-0.423,0.968,-0.467,0.611,0.989,-0.974,0.989,-0.979,0.981,-0.985,0.757,0.985,-0.127,-0.992,-0.976,0.836,-0.865,-0.993,-0.997,-0.98,-0.943,0.996,0.977,0.956,0.972,0.996,0.987,0.997,0.995,0.978,-0.959,-0.992,-0.671,0.99,-0.903,-0.948,0.779,0.985,-0.954,0.878,0.991,0.991,0.984,0.982,0.851,0.982,-0.921,-0.992,-0.961,-0.904,0.954,-0.998,-0.993,0.928,0.988,-0.974,0.998,-0.991,-0.816,-0.84,-0.991,-0.998,-0.963,0.988,-0.993,-0.943,-0.977,0.981,0.995,0.986,-0.993,-0.939,0.993,-0.997,0.725,-0.983,0.988,-0.989,-0.211,-0.986,0.997,0.996,0.857,-0.997,0.994,0.956,-0.934,-0.997,-0.975,-0.986,0.993,-0.997,-0.993,4.087,3.395,4.716,10.036,10.525,10.369,10.544,10.741,4.126,3.619,4.775,10.037,4.692,4.218,5.834,10.078,EssenceCatalog/problems/csplib-prob010-SocialGolfers/params/dcd2f74725e16183d4dafcfb9712050b.param
0.994,0.843,-0.729,-0.914,-0.582,-0.997,0.661,-0.367,0.967,-0.465,0.662,0.988,-0.944,0.984,-0.984,0.981,-0.988,0.855,0.978,-0.209,-0.99,-0.956,0.816,-0.918,-0.992,-0.994,-0.983,-0.955,0.995,0.954,0.95,0.974,0.995,0.987,0.997,0.996,0.973,-0.948,-0.994,-0.781,0.985,-0.846,-0.967,0.825,0.981,-0.964,0.772,0.988,0.989,0.967,0.989,0.729,0.976,-0.92,-0.994,-0.949,-0.905,0.948,-0.998,-0.993,0.945,0.988,-0.962,0.999,-0.994,-0.84,-0.882,-0.995,-0.997,-0.971,0.986,-0.992,-0.954,-0.968,0.978,0.997,0.984,-0.994,-0.935,0.996,-0.996,0.83,-0.98,0.985,-0.991,-0.606,-0.984,0.996,0.995,0.879,-0.998,0.994,0.952,-0.915,-0.997,-0.956,-0.983,0.995,-0.997,-0.993,4.27,3.485,4.907,10.127,10.598,10.464,10.613,10.77,4.252,3.734,4.961,10.128,4.823,4.388,6.031,10.167,EssenceCatalog/problems/csplib-prob010-SocialGolfers/params/a6c9ff89f809b1be21d71b5cc8cc8ae8.param
0.99,0.786,-0.857,-0.827,0.915,-0.993,-0.86,-0.764,-0.984,-0.826,0.441,0.978,0.789,-0.922,-0.804,0.757,-0.98,0.781,0.946,-0.849,-0.993,-0.505,0.521,-0.795,-0.972,-0.872,-0.97,-0.964,0.965,0.756,0.907,0.955,0.976,0.893,0.988,0.968,0.876,-0.927,0.991,-0.908,0.924,0.938,-0.913,0.316,0.963,-0.99,-0.889,-0.869,-0.985,0.767,0.91,-0.949,0.963,-0.975,-0.978,0.832,-0.9,0.834,-0.99,-0.953,0.795,0.966,-0.727,0.987,-0.995,-0.733,-0.703,-0.985,-0.984,-0.707,0.891,-0.974,0.974,0.959,-0.982,0.984,0.847,-0.95,-0.282,0.994,-0.993,0.919,-0.966,0.977,-0.976,-0.979,-0.954,0.994,0.983,0.791,-0.997,0.997,0.574,-0.622,-0.995,0.94,-0.988,0.975,-0.995,-0.986,6.992,5.45,10.586,10.539,10.445,10.482,10.469,10.514,6.429,5.613,10.582,10.577,6.686,6.58,10.563,10.595,EssenceCatalog/problems/csplib-prob010-SocialGolfers/params/9de31cacd82e17365c608c0f634f7654.param
0.993,0.778,-0.918,-0.573,0.95,-0.992,-0.834,-0.687,-0.981,-0.811,0.711,0.976,0.876,-0.905,-0.813,0.782,-0.98,0.909,0.945,-0.895,-0.992,-0.421,0.219,-0.884,-0.972,-0.798,-0.967,-0.955,0.959,0.61,0.894,0.965,0.981,0.891,0.987,0.964,0.884,-0.874,0.989,-0.799,0.843,0.876,-0.952,0.62,0.954,-0.992,-0.918,-0.885,-0.986,0.526,0.952,-0.952,0.938,-0.979,-0.979,0.882,-0.921,0.836,-0.993,-0.961,0.82,0.963,-0.862,0.985,-0.995,-0.778,-0.738,-0.988,-0.987,-0.803,0.875,-0.978,0.949,0.953,-0.983,0.984,0.913,-0.949,-0.633,0.997,-0.994,0.911,-0.968,0.975,-0.979,-0.978,-0.949,0.995,0.98,0.871,-0.997,0.997,0.491,-0.528,-0.995,0.957,-0.989,0.984,-0.995,-0.983,7.347,5.489,10.567,10.521,10.46,10.521,10.491,10.551,6.544,5.698,10.564,10.558,6.84,6.85,10.562,10.572,EssenceCatalog/problems/csplib-prob010-SocialGolfers/params/2afbbcfa9f53656ea4659405495518a0.param
0.999,0.953,-0.959,0.981,0.98,-0.991,-0.988,-0.986,-0.989,-0.984,0.967,0.99,0.988,-0.974,-0.99,0.978,-0.976,0.98,0.99,-0.982,-0.996,0.99,0.989,-0.982,-0.992,0.978,-0.983,-0.995,0.995,-0.981,0.98,0.992,0.99,0.968,0.994,0.988,0.985,-0.985,0.988,-0.983,0.944,0.994,-0.979,0.989,0.887,-0.997,-0.984,-0.981,-0.973,-0.984,0.906,-0.984,0.989,-0.993,-0.509,0.985,-0.973,0.988,-0.997,-0.874,0.968,0.994,0.971,0.988,-0.998,-0.982,-0.978,-0.994,-0.992,-0.981,0.986,-0.994,0.979,0.987,-0.994,0.993,0.059,-0.843,-0.953,0.986,-0.998,0.973,-0.982,0.98,-0.991,-0.993,-0.987,0.998,0.998,0.983,-0.999,0.997,0.98,-0.977,-0.995,0.993,-0.995,0.977,-0.997,-0.986,9.82,5.791,10.329,10.257,10.353,10.25,10.408,10.363,7.641,6.128,10.314,10.194,8.053,7.852,10.304,10.303,EssenceCatalog/problems/csplib-prob010-SocialGolfers/params/ord33-7-7-7.param
0.987,0.794,-0.682,-0.864,0.845,-0.992,-0.878,-0.814,-0.983,-0.771,0.523,0.969,-0.081,-0.91,-0.532,0.777,-0.974,0.281,0.957,-0.85,-0.993,-0.685,0.752,-0.229,-0.969,-0.911,-0.967,-0.964,0.969,0.868,0.901,0.93,0.974,0.798,0.989,0.963,0.9,-0.927,0.993,-0.913,0.935,0.753,-0.479,0.273,0.963,-0.988,-0.855,-0.883,-0.982,0.799,0.858,-0.948,0.961,-0.969,-0.971,0.69,-0.793,0.842,-0.99,-0.952,0.803,0.972,-0.726,0.989,-0.994,-0.687,-0.649,-0.979,-0.976,-0.646,0.878,-0.97,0.976,0.949,-0.978,0.974,0.84,-0.949,-0.518,0.992,-0.992,0.847,-0.969,0.979,-0.975,-0.968,-0.952,0.993,0.985,0.704,-0.997,0.996,0.698,-0.84,-0.993,0.902,-0.981,0.975,-0.993,-0.985,6.341,5.062,10.559,10.542,10.467,10.476,10.458,10.487,5.996,5.176,10.557,10.531,6.272,5.995,10.532,10.55,EssenceCatalog/problems/csplib-prob010-SocialGolfers/params/df3ec6dd94a31f8754ed077102bf5e15.param
0.993,0.78,-0.939,-0.81,0.942,-0.994,-0.839,-0.728,-0.984,-0.868,0.499,0.983,0.938,-0.911,-0.891,0.774,-0.985,0.918,0.947,-0.865,-0.993,-0.526,0.273,-0.923,-0.979,-0.876,-0.973,-0.962,0.965,0.726,0.909,0.973,0.981,0.94,0.989,0.97,0.878,-0.924,0.989,-0.892,0.912,0.955,-0.979,0.278,0.964,-0.991,-0.9,-0.832,-0.984,0.781,0.954,-0.946,0.963,-0.979,-0.985,0.874,-0.951,0.845,-0.993,-0.964,0.81,0.967,-0.845,0.987,-0.996,-0.768,-0.705,-0.989,-0.99,-0.789,0.912,-0.982,0.969,0.959,-0.983,0.989,0.906,-0.95,-0.378,0.996,-0.995,0.947,-0.972,0.978,-0.977,-0.983,-0.958,0.995,0.984,0.857,-0.997,0.997,0.462,-0.391,-0.996,0.953,-0.991,0.98,-0.997,-0.986,7.112,5.538,10.63,10.59,10.491,10.547,10.526,10.577,6.501,5.722,10.623,10.64,6.758,6.739,10.619,10.654,EssenceCatalog/problems/csplib-prob010-SocialGolfers/params/1fd93c7f6a664023d465f26561b19f12.param
0.99,0.814,-0.848,-0.959,0.867,-0.995,-0.828,-0.707,-0.979,-0.793,0.57,0.971,-0.123,-0.873,-0.362,0.726,-0.981,0.432,0.959,-0.844,-0.994,-0.917,0.492,-0.155,-0.976,-0.969,-0.969,-0.957,0.968,0.952,0.883,0.931,0.977,0.823,0.99,0.975,0.914,-0.905,0.988,-0.884,0.948,0.497,-0.681,-0.322,0.975,-0.99,-0.818,-0.762,-0.978,0.949,0.951,-0.943,0.954,-0.972,-0.987,0.624,-0.883,0.801,-0.993,-0.98,0.847,0.967,-0.939,0.992,-0.995,-0.663,-0.594,-0.982,-0.985,-0.705,0.872,-0.974,0.965,0.921,-0.971,0.984,0.938,-0.969,-0.585,0.995,-0.994,0.88,-0.976,0.985,-0.975,-0.962,-0.958,0.995,0.982,0.734,-0.998,0.997,0.416,-0.735,-0.995,0.883,-0.984,0.988,-0.995,-0.99,5.92,4.982,10.546,10.567,10.496,10.524,10.483,10.534,5.758,5.098,10.546,10.591,6.045,5.838,10.567,10.576,EssenceCatalog/problems/csplib-prob010-SocialGolfers/params/5b5a44df1b2457dc3ef508945b4a18c6.param
0.992,0.895,-0.779,-0.985,0.788,-0.997,-0.874,-0.794,-0.978,-0.763,0.81,0.952,-0.956,-0.849,0.585,0.798,-0.986,-0.522,0.982,-0.881,-0.996,-0.982,0.794,0.89,-0.985,-0.989,-0.978,-0.968,0.978,0.988,0.897,0.898,0.984,0.708,0.994,0.987,0.967,-0.91,0.987,-0.925,0.971,-0.84,0.583,-0.83,0.981,-0.991,-0.772,-0.772,-0.971,0.982,0.973,-0.964,0.944,-0.976,-0.992,0.118,-0.866,0.849,-0.997,-0.993,0.941,0.984,-0.981,0.997,-0.996,-0.621,-0.549,-0.982,-0.988,-0.733,0.87,-0.98,0.961,0.875,-0.97,0.987,0.974,-0.986,-0.901,0.996,-0.995,0.826,-0.986,0.992,-0.979,-0.958,-0.974,0.995,0.987,0.795,-0.999,0.998,0.473,-0.941,-0.996,0.78,-0.976,0.996,-0.994,-0.995,4.859,4.209,10.529,10.5,10.603,10.571,10.585,10.508,4.937,4.314,10.496,10.487,5.305,4.816,10.545,10.49,EssenceCatalog/problems/csplib-prob010-SocialGolfers/params/d4a01e9a95401c8c14167414402b27c1.param
0.993,0.787,-0.898,-0.398,0.943,-0.991,-0.805,-0.62,-0.966,-0.754,0.874,0.965,0.44,-0.829,-0.565,0.8,-0.976,0.87,0.958,-0.923,-0.992,-0.706,0.217,-0.679,-0.971,-0.845,-0.962,-0.945,0.957,0.702,0.866,0.956,0.984,0.788,0.989,0.963,0.918,-0.771,0.98,-0.595,0.787,0.168,-0.853,0.736,0.952,-0.991,-0.92,-0.872,-0.978,0.422,0.965,-0.954,0.895,-0.978,-0.974,0.828,-0.883,0.83,-0.994,-0.972,0.86,0.966,-0.944,0.988,-0.995,-0.778,-0.69,-0.986,-0.985,-0.856,0.852,-0.98,0.892,0.923,-0.975,0.978,0.951,-0.953,-0.903,0.997,-0.995,0.848,-0.971,0.979,-0.978,-0.966,-0.941,0.995,0.977,0.89,-0.996,0.997,0.478,-0.696,-0.995,0.942,-0.985,0.99,-0.994,-0.982,6.95,5.224,10.455,10.488,10.446,10.524,10.466,10.578,6.225,5.406,10.455,10.536,6.56,6.602,10.518,10.511,EssenceCatalog/problems/csplib-prob010-SocialGolfers/params/29e2f3c1c3d25609ea2524850ecd9b77.param
0.989,0.863,-0.684,-0.965,0.793,-0.996,-0.869,-0.782,-0.977,-0.744,0.726,0.96,-0.858,-0.868,0.214,0.788,-0.98,-0.274,0.972,-0.862,-0.994,-0.942,0.763,0.659,-0.978,-0.976,-0.972,-0.964,0.972,0.97,0.894,0.904,0.979,0.684,0.992,0.979,0.942,-0.906,0.988,-0.911,0.958,-0.365,0.273,-0.392,0.975,-0.99,-0.807,-0.816,-0.974,0.953,0.945,-0.956,0.952,-0.97,-0.985,0.389,-0.8,0.832,-0.994,-0.984,0.886,0.979,-0.944,0.995,-0.995,-0.655,-0.606,-0.98,-0.982,-0.681,0.862,-0.974,0.963,0.904,-0.967,0.98,0.942,-0.976,-0.801,0.995,-0.994,0.807,-0.979,0.988,-0.979,-0.958,-0.963,0.994,0.986,0.713,-0.998,0.997,0.594,-0.919,-0.994,0.825,-0.975,0.991,-0.993,-0.992,5.203,4.413,10.53,10.51,10.548,10.539,10.529,10.483,5.192,4.515,10.508,10.484,5.544,5.101,10.54,10.487,EssenceCatalog/problems/csplib-prob010-SocialGolfers/params/1f34c09b635f1f13178c9180f6ff6179.param
0.994,0.915,-0.545,-0.65,0.227,-0.999,0.163,-0.253,0.914,-0.539,0.909,0.985,-0.94,0.93,-0.916,0.967,-0.991,0.833,0.98,-0.783,-0.992,-0.861,0.871,-0.734,-0.992,-0.981,-0.984,-0.984,0.992,0.838,0.942,0.953,0.996,0.919,0.997,0.998,0.975,-0.891,-0.983,-0.875,0.969,-0.907,-0.838,0.854,0.973,-0.987,-0.305,0.941,0.944,0.821,0.994,-0.28,0.961,-0.949,-0.987,-0.791,-0.858,0.933,-0.997,-0.995,0.982,0.99,-0.937,0.999,-0.999,-0.908,-0.926,-0.998,-0.995,-0.981,0.968,-0.992,-0.914,-0.818,0.891,0.998,0.977,-0.994,-0.977,0.999,-0.997,0.896,-0.983,0.993,-0.996,-0.942,-0.984,0.997,0.996,0.922,-0.999,0.998,0.926,-0.949,-0.998,-0.722,-0.977,0.998,-0.996,-0.995,4.889,3.767,5.861,10.323,10.824,10.739,10.808,10.848,4.596,4.046,5.881,10.351,5.249,4.897,6.922,10.359,EssenceCatalog/problems/csplib-prob010-SocialGolfers/params/428d03e75f6c77897ee571a7de3f9939.param
0.989,0.891,-0.617,-0.966,0.746,-0.996,-0.897,-0.802,-0.975,-0.742,0.8,0.957,-0.949,-0.871,0.485,0.805,-0.977,-0.545,0.979,-0.874,-0.995,-0.939,0.841,0.828,-0.981,-0.977,-0.974,-0.973,0.975,0.97,0.91,0.892,0.982,0.571,0.993,0.983,0.955,-0.905,0.987,-0.921,0.962,-0.666,0.699,-0.415,0.975,-0.99,-0.816,-0.834,-0.972,0.952,0.944,-0.958,0.954,-0.971,-0.982,0.254,-0.76,0.86,-0.995,-0.986,0.914,0.983,-0.944,0.996,-0.996,-0.674,-0.666,-0.981,-0.982,-0.704,0.857,-0.975,0.96,0.891,-0.963,0.981,0.949,-0.981,-0.878,0.995,-0.994,0.764,-0.981,0.99,-0.983,-0.954,-0.968,0.995,0.989,0.729,-0.998,0.998,0.671,-0.955,-0.995,0.776,-0.972,0.993,-0.993,-0.993,5.029,4.232,10.521,10.477,10.579,10.55,10.556,10.466,5.025,4.337,10.492,10.439,5.393,4.88,10.522,10.459,EssenceCatalog/problems/csplib-prob010-SocialGolfers/params/637ad23fee20948c86c8f8dcd69cf8b4.param
0.986,0.813,-0.594,-0.827,0.826,-0.993,-0.882,-0.833,-0.982,-0.748,0.614,0.965,-0.421,-0.91,-0.419,0.806,-0.973,0.09,0.961,-0.861,-0.992,-0.661,0.812,0.025,-0.969,-0.9,-0.969,-0.968,0.971,0.867,0.901,0.924,0.975,0.748,0.989,0.964,0.911,-0.924,0.992,-0.916,0.932,0.613,-0.157,0.364,0.96,-0.988,-0.866,-0.901,-0.981,0.738,0.857,-0.953,0.956,-0.968,-0.97,0.644,-0.734,0.851,-0.991,-0.956,0.827,0.976,-0.701,0.99,-0.994,-0.695,-0.675,-0.98,-0.974,-0.669,0.875,-0.969,0.973,0.946,-0.977,0.972,0.838,-0.955,-0.642,0.993,-0.992,0.817,-0.97,0.98,-0.978,-0.967,-0.951,0.993,0.986,0.705,-0.997,0.997,0.749,-0.89,-0.993,0.883,-0.978,0.978,-0.991,-0.986,6.186,4.897,10.562,10.532,10.49,10.487,10.472,10.466,5.847,5.003,10.551,10.494,6.149,5.801,10.526,10.524,EssenceCatalog/problems/csplib-prob010-SocialGolfers/params/4255f301ec0d3dea8055adc59f18e1b3.param
0.996,0.813,-0.939,0.056,0.965,-0.992,-0.838,-0.68,-0.97,-0.794,0.911,0.973,0.805,-0.837,-0.775,0.853,-0.981,0.951,0.966,-0.948,-0.993,-0.488,0.232,-0.864,-0.976,-0.709,-0.966,-0.957,0.965,0.445,0.887,0.975,0.988,0.873,0.992,0.966,0.928,-0.796,0.979,-0.62,0.742,0.406,-0.948,0.854,0.943,-0.993,-0.941,-0.888,-0.978,0.048,0.976,-0.965,0.911,-0.984,-0.972,0.885,-0.928,0.864,-0.995,-0.972,0.879,0.974,-0.938,0.988,-0.996,-0.854,-0.756,-0.99,-0.989,-0.908,0.887,-0.987,0.877,0.937,-0.981,0.984,0.957,-0.946,-0.928,0.998,-0.996,0.891,-0.975,0.978,-0.981,-0.978,-0.951,0.996,0.984,0.937,-0.997,0.998,0.546,-0.68,-0.996,0.963,-0.99,0.992,-0.995,-0.982,7.679,5.434,10.506,10.52,10.481,10.561,10.514,10.633,6.598,5.676,10.508,10.555,6.963,7.044,10.547,10.547,EssenceCatalog/problems/csplib-prob010-SocialGolfers/params/d3a7dfe63858ce583d9ede30982181a2.param
0.994,0.907,-0.478,-0.807,-0.152,-0.999,0.328,-0.341,0.92,-0.454,0.863,0.987,-0.953,0.943,-0.949,0.973,-0.992,0.795,0.981,-0.678,-0.993,-0.91,0.883,-0.788,-0.992,-0.987,-0.987,-0.979,0.994,0.911,0.95,0.962,0.996,0.953,0.997,0.998,0.972,-0.915,-0.979,-0.87,0.98,-0.866,-0.872,0.865,0.974,-0.984,-0.024,0.951,0.942,0.905,0.992,-0.015,0.971,-0.937,-0.993,-0.871,-0.822,0.946,-0.997,-0.994,0.967,0.99,-0.939,0.999,-0.998,-0.886,-0.926,-0.998,-0.995,-0.976,0.974,-0.991,-0.907,-0.88,0.91,0.997,0.976,-0.995,-0.958,0.999,-0.996,0.87,-0.981,0.993,-0.995,-0.918,-0.983,0.997,0.995,0.889,-0.999,0.998,0.938,-0.946,-0.998,-0.845,-0.979,0.998,-0.996,-0.995,4.655,3.671,5.582,10.289,10.758,10.661,10.762,10.823,4.465,3.934,5.604,10.305,5.099,4.707,6.658,10.324,EssenceCatalog/problems/csplib-prob010-SocialGolfers/params/04cea05f208f98c1e24db0b3bf5dcf3b.param
0.999,0.963,-0.947,0.946,0.975,-0.997,-0.986,-0.983,-0.995,-0.983,0.951,0.994,0.988,-0.985,-0.993,0.978,-0.99,0.974,0.992,-0.976,-0.998,0.983,0.986,-0.983,-0.994,0.952,-0.992,-0.997,0.995,-0.953,0.986,0.993,0.994,0.982,0.995,0.994,0.981,-0.989,0.993,-0.992,0.967,0.997,-0.984,0.973,0.928,-0.998,-0.987,-0.985,-0.987,-0.965,0.936,-0.991,0.992,-0.995,-0.879,0.98,-0.977,0.988,-0.998,-0.944,0.972,0.994,0.963,0.995,-0.999,-0.971,-0.979,-0.997,-0.994,-0.978,0.986,-0.994,0.988,0.991,-0.997,0.997,0.025,-0.944,-0.889,0.996,-0.998,0.986,-0.987,0.986,-0.995,-0.997,-0.989,0.999,0.998,0.982,-1.0,0.999,0.981,-0.973,-0.997,0.992,-0.997,0.988,-0.998,-0.995,9.808,5.826,10.421,10.347,10.446,10.342,10.481,10.421,7.671,6.151,10.399,10.296,8.083,7.878,10.394,10.4,EssenceCatalog/problems/csplib-prob010-SocialGolfers/params/69d79cd5144deb4221e93034f6adc5d9.param
0.995,0.8,-0.952,-0.495,0.962,-0.994,-0.859,-0.768,-0.985,-0.879,0.662,0.985,0.973,-0.923,-0.935,0.824,-0.986,0.958,0.951,-0.898,-0.993,-0.106,0.299,-0.962,-0.98,-0.709,-0.975,-0.969,0.968,0.411,0.921,0.981,0.985,0.953,0.989,0.971,0.886,-0.92,0.989,-0.888,0.869,0.969,-0.988,0.617,0.952,-0.993,-0.937,-0.888,-0.986,0.443,0.962,-0.957,0.963,-0.983,-0.983,0.918,-0.96,0.874,-0.993,-0.961,0.833,0.972,-0.781,0.986,-0.997,-0.825,-0.78,-0.992,-0.991,-0.849,0.923,-0.985,0.964,0.968,-0.987,0.991,0.897,-0.945,-0.522,0.997,-0.996,0.956,-0.974,0.977,-0.982,-0.989,-0.959,0.996,0.986,0.909,-0.998,0.998,0.561,-0.415,-0.997,0.969,-0.993,0.982,-0.997,-0.986,7.737,5.618,10.638,10.576,10.533,10.573,10.568,10.601,6.772,5.862,10.633,10.607,7.069,7.067,10.614,10.636,EssenceCatalog/problems/csplib-prob010-SocialGolfers/params/7c70e9ef480c77c9b818244161778fd3.param
0.991,0.86,-0.808,-0.978,0.831,-0.996,-0.85,-0.742,-0.978,-0.778,0.716,0.963,-0.787,-0.857,0.167,0.757,-0.983,-0.073,0.973,-0.859,-0.995,-0.965,0.65,0.583,-0.981,-0.983,-0.973,-0.963,0.973,0.978,0.887,0.91,0.98,0.749,0.992,0.982,0.945,-0.903,0.987,-0.901,0.962,-0.322,-0.058,-0.611,0.979,-0.991,-0.802,-0.753,-0.974,0.972,0.963,-0.954,0.949,-0.973,-0.989,0.401,-0.867,0.817,-0.995,-0.989,0.9,0.977,-0.967,0.995,-0.995,-0.643,-0.572,-0.981,-0.986,-0.713,0.868,-0.976,0.962,0.9,-0.967,0.985,0.959,-0.98,-0.781,0.996,-0.994,0.848,-0.981,0.989,-0.978,-0.956,-0.967,0.995,0.985,0.751,-0.998,0.998,0.448,-0.874,-0.995,0.837,-0.98,0.993,-0.994,-0.993,5.221,4.5,10.542,10.542,10.559,10.559,10.542,10.522,5.238,4.607,10.52,10.536,5.583,5.204,10.573,10.525,EssenceCatalog/problems/csplib-prob010-SocialGolfers/params/b18c3ce9de062e7ae67c7e93650450e4.param
0.994,0.783,-0.924,-0.263,0.953,-0.99,-0.814,-0.647,-0.973,-0.775,0.882,0.969,0.668,-0.849,-0.673,0.824,-0.978,0.916,0.958,-0.929,-0.992,-0.636,0.132,-0.807,-0.97,-0.789,-0.962,-0.945,0.957,0.64,0.873,0.966,0.985,0.843,0.989,0.959,0.914,-0.782,0.984,-0.591,0.758,0.325,-0.918,0.774,0.949,-0.992,-0.919,-0.888,-0.981,0.321,0.968,-0.956,0.895,-0.98,-0.977,0.861,-0.907,0.84,-0.994,-0.972,0.853,0.966,-0.945,0.987,-0.995,-0.8,-0.71,-0.986,-0.987,-0.865,0.863,-0.982,0.9,0.929,-0.98,0.979,0.956,-0.95,-0.899,0.997,-0.995,0.858,-0.972,0.976,-0.977,-0.967,-0.946,0.995,0.977,0.908,-0.996,0.997,0.486,-0.654,-0.995,0.952,-0.988,0.99,-0.994,-0.982,7.237,5.335,10.471,10.489,10.438,10.523,10.467,10.587,6.382,5.538,10.475,10.535,6.722,6.796,10.52,10.52,EssenceCatalog/problems/csplib-prob010-SocialGolfers/params/8b3371bb968264c3f6779040b16c0c4d.param
0.991,0.779,-0.898,-0.914,0.91,-0.994,-0.836,-0.711,-0.982,-0.832,0.437,0.979,0.737,-0.9,-0.747,0.731,-0.982,0.781,0.949,-0.842,-0.993,-0.773,0.382,-0.745,-0.975,-0.937,-0.97,-0.956,0.965,0.875,0.894,0.954,0.977,0.897,0.989,0.97,0.886,-0.918,0.989,-0.891,0.935,0.888,-0.927,-0.023,0.969,-0.99,-0.855,-0.803,-0.982,0.896,0.941,-0.942,0.96,-0.975,-0.985,0.789,-0.921,0.818,-0.992,-0.968,0.808,0.964,-0.882,0.989,-0.995,-0.705,-0.633,-0.985,-0.987,-0.715,0.889,-0.976,0.972,0.947,-0.979,0.986,0.911,-0.958,-0.357,0.995,-0.994,0.921,-0.971,0.98,-0.974,-0.974,-0.956,0.995,0.982,0.781,-0.997,0.997,0.422,-0.546,-0.995,0.93,-0.988,0.981,-0.996,-0.987,6.628,5.38,10.57,10.557,10.447,10.495,10.458,10.533,6.244,5.525,10.573,10.609,6.493,6.413,10.574,10.604,EssenceCatalog/problems/csplib-prob010-SocialGolfers/params/47f471c9e6649c4789931f46c2a18ce2.param
0.998,0.9,-0.966,0.925,0.985,-0.993,-0.945,-0.903,-0.975,-0.895,0.978,0.985,0.965,-0.894,-0.943,0.953,-0.985,0.988,0.981,-0.982,-0.995,0.732,0.679,-0.974,-0.982,0.553,-0.97,-0.984,0.985,-0.684,0.948,0.992,0.994,0.935,0.995,0.981,0.962,-0.861,0.982,-0.773,0.62,0.771,-0.981,0.983,0.881,-0.996,-0.98,-0.956,-0.985,-0.895,0.984,-0.98,0.944,-0.992,-0.943,0.964,-0.954,0.956,-0.998,-0.964,0.928,0.99,-0.723,0.991,-0.998,-0.957,-0.925,-0.995,-0.994,-0.971,0.957,-0.995,0.841,0.962,-0.989,0.992,0.955,-0.943,-0.977,0.999,-0.998,0.935,-0.985,0.974,-0.992,-0.988,-0.976,0.998,0.994,0.983,-0.998,0.998,0.886,-0.882,-0.997,0.983,-0.994,0.993,-0.998,-0.987,9.32,5.689,10.435,10.406,10.487,10.484,10.514,10.556,7.339,6.039,10.461,10.37,7.771,7.784,10.436,10.424,EssenceCatalog/problems/csplib-prob010-SocialGolfers/params/cda060a31553dd596defc0d38048bca7.param
0.986,0.844,-0.524,-0.84,0.793,-0.994,-0.897,-0.836,-0.981,-0.737,0.717,0.961,-0.759,-0.908,-0.11,0.817,-0.971,-0.194,0.969,-0.876,-0.993,-0.709,0.854,0.414,-0.972,-0.915,-0.971,-0.972,0.973,0.886,0.905,0.912,0.977,0.637,0.99,0.969,0.928,-0.918,0.991,-0.914,0.936,0.231,0.344,0.335,0.96,-0.988,-0.871,-0.908,-0.98,0.756,0.866,-0.957,0.952,-0.968,-0.966,0.561,-0.681,0.866,-0.992,-0.964,0.861,0.979,-0.749,0.992,-0.995,-0.704,-0.696,-0.98,-0.973,-0.682,0.863,-0.969,0.969,0.938,-0.975,0.972,0.868,-0.963,-0.781,0.993,-0.992,0.776,-0.973,0.983,-0.981,-0.964,-0.956,0.994,0.988,0.714,-0.997,0.997,0.777,-0.933,-0.993,0.856,-0.974,0.983,-0.991,-0.987,5.789,4.612,10.564,10.497,10.515,10.497,10.492,10.436,5.539,4.713,10.547,10.434,5.878,5.435,10.526,10.481,EssenceCatalog/problems/csplib-prob010-SocialGolfers/params/6d205e4327c5860de4a224d8e3e8760c.param
0.991,0.786,-0.897,-0.894,0.916,-0.994,-0.841,-0.721,-0.983,-0.843,0.415,0.98,0.816,-0.909,-0.799,0.739,-0.982,0.816,0.946,-0.842,-0.993,-0.679,0.402,-0.81,-0.975,-0.92,-0.971,-0.962,0.965,0.83,0.903,0.957,0.978,0.905,0.988,0.971,0.878,-0.924,0.989,-0.902,0.934,0.928,-0.941,0.089,0.967,-0.991,-0.871,-0.822,-0.983,0.869,0.937,-0.943,0.963,-0.976,-0.983,0.819,-0.924,0.823,-0.991,-0.964,0.807,0.964,-0.838,0.988,-0.995,-0.724,-0.673,-0.986,-0.987,-0.719,0.895,-0.976,0.972,0.953,-0.98,0.987,0.895,-0.957,-0.286,0.995,-0.994,0.93,-0.97,0.979,-0.976,-0.977,-0.957,0.995,0.983,0.793,-0.997,0.997,0.467,-0.533,-0.996,0.936,-0.989,0.979,-0.996,-0.987,6.791,5.436,10.586,10.562,10.453,10.501,10.471,10.534,6.339,5.591,10.587,10.61,6.587,6.51,10.581,10.615,EssenceCatalog/problems/csplib-prob010-SocialGolfers/params/e53f4db1c4daba122945809a2a0278a9.param
0.991,0.834,-0.672,0.055,0.914,-0.991,-0.887,-0.841,-0.976,-0.749,0.864,0.962,-0.077,-0.896,-0.569,0.869,-0.97,0.581,0.962,-0.928,-0.993,-0.098,0.77,-0.415,-0.967,-0.582,-0.968,-0.972,0.97,0.504,0.904,0.948,0.981,0.716,0.989,0.962,0.93,-0.881,0.989,-0.808,0.828,0.514,-0.266,0.882,0.936,-0.991,-0.94,-0.944,-0.982,-0.18,0.893,-0.963,0.924,-0.976,-0.947,0.833,-0.721,0.89,-0.993,-0.947,0.876,0.98,-0.617,0.988,-0.995,-0.8,-0.788,-0.986,-0.978,-0.837,0.881,-0.975,0.936,0.952,-0.98,0.97,0.859,-0.948,-0.884,0.996,-0.993,0.797,-0.971,0.976,-0.984,-0.971,-0.947,0.995,0.987,0.86,-0.997,0.997,0.823,-0.91,-0.994,0.933,-0.982,0.982,-0.991,-0.982,7.46,5.154,10.469,10.405,10.447,10.443,10.439,10.443,6.397,5.347,10.454,10.384,6.784,6.589,10.445,10.402,EssenceCatalog/problems/csplib-prob010-SocialGolfers/params/9abe2d168429fc5084582dc3d6d7b9e5.param
0.997,0.86,-0.967,0.548,0.981,-0.994,-0.904,-0.84,-0.985,-0.888,0.912,0.987,0.987,-0.928,-0.961,0.917,-0.988,0.986,0.965,-0.955,-0.994,0.586,0.408,-0.985,-0.983,0.017,-0.976,-0.98,0.978,-0.367,0.943,0.99,0.991,0.962,0.992,0.978,0.926,-0.9,0.987,-0.862,0.742,0.957,-0.993,0.928,0.915,-0.995,-0.972,-0.943,-0.989,-0.546,0.98,-0.971,0.959,-0.989,-0.976,0.958,-0.968,0.929,-0.996,-0.965,0.887,0.982,-0.729,0.988,-0.998,-0.915,-0.897,-0.996,-0.993,-0.936,0.942,-0.991,0.924,0.97,-0.99,0.994,0.923,-0.949,-0.858,0.999,-0.997,0.959,-0.98,0.977,-0.99,-0.992,-0.968,0.997,0.99,0.967,-0.998,0.998,0.758,-0.641,-0.997,0.983,-0.994,0.99,-0.998,-0.987,8.932,5.702,10.511,10.437,10.493,10.498,10.52,10.538,7.215,6.031,10.526,10.418,7.615,7.624,10.489,10.462,EssenceCatalog/problems/csplib-prob010-SocialGolfers/params/c7fd201799ec3e6b8152cc1f565b6c08.param
0.988,0.838,-0.685,-0.949,0.808,-0.995,-0.867,-0.781,-0.979,-0.75,0.662,0.963,-0.707,-0.879,-0.046,0.776,-0.977,-0.077,0.967,-0.856,-0.994,-0.903,0.739,0.413,-0.975,-0.966,-0.97,-0.963,0.97,0.953,0.893,0.91,0.977,0.716,0.991,0.973,0.927,-0.91,0.99,-0.906,0.95,0.069,-0.014,-0.171,0.972,-0.989,-0.819,-0.833,-0.976,0.928,0.924,-0.951,0.954,-0.969,-0.981,0.501,-0.791,0.827,-0.993,-0.977,0.858,0.975,-0.909,0.993,-0.994,-0.662,-0.613,-0.979,-0.98,-0.667,0.863,-0.972,0.967,0.92,-0.97,0.978,0.92,-0.969,-0.719,0.994,-0.993,0.815,-0.976,0.985,-0.977,-0.96,-0.959,0.994,0.985,0.698,-0.997,0.997,0.62,-0.893,-0.994,0.852,-0.977,0.987,-0.993,-0.99,5.505,4.611,10.546,10.533,10.523,10.521,10.505,10.492,5.425,4.713,10.534,10.507,5.75,5.36,10.547,10.519,EssenceCatalog/problems/csplib-prob010-SocialGolfers/params/c735a9042cc214b4bd3f4bbb17e034f7.param
0.999,0.957,-0.978,0.97,0.988,-0.997,-0.981,-0.977,-0.993,-0.973,0.976,0.995,0.997,-0.975,-0.993,0.973,-0.991,0.994,0.988,-0.983,-0.998,0.989,0.951,-0.995,-0.994,0.945,-0.989,-0.996,0.994,-0.962,0.983,0.996,0.995,0.982,0.996,0.994,0.975,-0.973,0.992,-0.981,0.877,0.995,-0.995,0.987,0.896,-0.998,-0.992,-0.981,-0.99,-0.974,0.981,-0.99,0.99,-0.996,-0.893,0.988,-0.986,0.986,-0.998,-0.957,0.97,0.995,0.802,0.995,-0.999,-0.98,-0.979,-0.998,-0.995,-0.985,0.983,-0.996,0.97,0.991,-0.997,0.998,0.673,-0.95,-0.938,0.998,-0.999,0.987,-0.988,0.986,-0.996,-0.998,-0.99,0.999,0.998,0.991,-1.0,0.999,0.97,-0.934,-0.998,0.994,-0.997,0.993,-0.999,-0.994,9.85,5.852,10.49,10.425,10.527,10.445,10.571,10.524,7.673,6.182,10.475,10.372,8.111,7.954,10.47,10.463,EssenceCatalog/problems/csplib-prob010-SocialGolfers/params/15f6ddb7e8abca01783a3ea44bc4d760.param
0.997,0.842,-0.964,0.496,0.98,-0.993,-0.895,-0.81,-0.982,-0.865,0.916,0.985,0.976,-0.912,-0.937,0.908,-0.986,0.983,0.965,-0.957,-0.994,0.379,0.325,-0.977,-0.981,-0.162,-0.972,-0.974,0.975,-0.202,0.933,0.988,0.991,0.948,0.992,0.974,0.928,-0.876,0.987,-0.798,0.721,0.908,-0.989,0.927,0.922,-0.995,-0.966,-0.936,-0.987,-0.455,0.978,-0.969,0.949,-0.988,-0.975,0.949,-0.96,0.919,-0.996,-0.965,0.879,0.98,-0.825,0.987,-0.997,-0.907,-0.875,-0.994,-0.993,-0.928,0.931,-0.99,0.911,0.963,-0.989,0.991,0.941,-0.946,-0.889,0.998,-0.997,0.942,-0.979,0.976,-0.988,-0.989,-0.966,0.997,0.989,0.962,-0.998,0.998,0.722,-0.65,-0.997,0.98,-0.994,0.99,-0.997,-0.985,8.726,5.659,10.512,10.448,10.487,10.51,10.511,10.552,7.112,5.977,10.527,10.437,7.509,7.542,10.496,10.469,EssenceCatalog/problems/csplib-prob010-SocialGolfers/params/c019ebcf3567cff9a33398aa0a6ff427.param
0.989,0.866,-0.606,-0.95,0.759,-0.995,-0.892,-0.817,-0.977,-0.729,0.771,0.957,-0.919,-0.867,0.299,0.814,-0.977,-0.442,0.978,-0.877,-0.994,-0.925,0.835,0.754,-0.979,-0.971,-0.973,-0.967,0.973,0.964,0.903,0.903,0.981,0.621,0.992,0.977,0.95,-0.909,0.989,-0.912,0.955,-0.542,0.564,-0.245,0.973,-0.989,-0.813,-0.847,-0.973,0.93,0.93,-0.957,0.951,-0.97,-0.981,0.331,-0.753,0.854,-0.995,-0.982,0.895,0.982,-0.93,0.995,-0.995,-0.667,-0.619,-0.979,-0.981,-0.699,0.863,-0.975,0.964,0.906,-0.969,0.976,0.937,-0.974,-0.862,0.994,-0.994,0.753,-0.979,0.988,-0.979,-0.955,-0.964,0.994,0.988,0.72,-0.998,0.997,0.69,-0.947,-0.994,0.808,-0.974,0.991,-0.993,-0.991,5.154,4.314,10.523,10.493,10.558,10.541,10.541,10.474,5.118,4.415,10.496,10.455,5.484,4.996,10.524,10.469,EssenceCatalog/problems/csplib-prob010-SocialGolfers/params/7e2c1ffedf3d1217a2fc798a5131cb35.param
0.99,0.854,-0.571,-0.144,0.89,-0.993,-0.877,-0.828,-0.972,-0.723,0.895,0.956,-0.611,-0.882,-0.299,0.872,-0.972,0.302,0.965,-0.925,-0.992,-0.376,0.806,0.044,-0.97,-0.723,-0.972,-0.975,0.968,0.687,0.897,0.936,0.982,0.604,0.989,0.969,0.939,-0.86,0.986,-0.813,0.845,-0.013,0.208,0.836,0.938,-0.991,-0.934,-0.939,-0.979,0.02,0.915,-0.966,0.911,-0.973,-0.956,0.76,-0.66,0.881,-0.994,-0.963,0.9,0.981,-0.736,0.992,-0.996,-0.78,-0.786,-0.986,-0.977,-0.846,0.861,-0.974,0.925,0.939,-0.977,0.971,0.895,-0.961,-0.925,0.996,-0.993,0.764,-0.973,0.98,-0.985,-0.968,-0.949,0.995,0.986,0.841,-0.997,0.997,0.824,-0.935,-0.994,0.898,-0.976,0.988,-0.99,-0.985,6.698,4.81,10.498,10.438,10.482,10.482,10.476,10.436,5.929,4.954,10.468,10.396,6.324,6.037,10.49,10.416,EssenceCatalog/problems/csplib-prob010-SocialGolfers/params/a90697fbce39d97fd8fec8c220514e96.param
0.99,0.778,-0.883,-0.784,0.929,-0.992,-0.833,-0.707,-0.983,-0.808,0.572,0.975,0.78,-0.912,-0.765,0.749,-0.98,0.823,0.942,-0.863,-0.992,-0.575,0.356,-0.799,-0.971,-0.869,-0.968,-0.956,0.96,0.763,0.891,0.955,0.977,0.878,0.987,0.967,0.876,-0.895,0.99,-0.861,0.894,0.888,-0.921,0.373,0.96,-0.991,-0.894,-0.87,-0.985,0.731,0.938,-0.95,0.947,-0.975,-0.981,0.843,-0.904,0.817,-0.991,-0.962,0.806,0.961,-0.837,0.987,-0.995,-0.728,-0.699,-0.986,-0.985,-0.748,0.872,-0.974,0.963,0.952,-0.982,0.984,0.892,-0.954,-0.465,0.996,-0.993,0.91,-0.967,0.977,-0.977,-0.977,-0.948,0.994,0.98,0.812,-0.997,0.997,0.486,-0.566,-0.995,0.943,-0.988,0.981,-0.995,-0.985,6.972,5.427,10.573,10.529,10.442,10.496,10.466,10.521,6.389,5.596,10.57,10.571,6.658,6.607,10.564,10.581,EssenceCatalog/problems/csplib-prob010-SocialGolfers/params/2fb1577f9a2d8d1a7192845a05cc314b.param
0.999,0.966,-0.822,0.986,0.975,-0.992,-0.986,-0.986,-0.984,-0.96,0.987,0.987,0.832,-0.97,-0.955,0.982,-0.972,0.932,0.99,-0.988,-0.998,0.984,0.988,-0.908,-0.991,0.967,-0.984,-0.996,0.994,-0.94,0.977,0.99,0.993,0.895,0.994,0.99,0.987,-0.978,0.987,-0.972,0.921,0.935,-0.607,0.994,0.889,-0.998,-0.988,-0.983,-0.979,-0.99,0.933,-0.987,0.983,-0.993,-0.729,0.97,-0.894,0.985,-0.998,-0.936,0.978,0.996,0.927,0.993,-0.999,-0.976,-0.979,-0.995,-0.989,-0.982,0.982,-0.994,0.96,0.982,-0.994,0.991,0.498,-0.936,-0.978,0.997,-0.998,0.93,-0.989,0.98,-0.996,-0.99,-0.986,0.998,0.998,0.983,-0.999,0.998,0.991,-0.992,-0.997,0.98,-0.994,0.988,-0.995,-0.992,9.71,5.717,10.348,10.256,10.389,10.293,10.432,10.357,7.535,6.04,10.325,10.19,7.98,7.769,10.325,10.293,EssenceCatalog/problems/csplib-prob010-SocialGolfers/params/73a218c1ccc31d9a63be2a1ff6112fd4.param
0.987,0.863,-0.385,-0.556,0.79,-0.993,-0.918,-0.887,-0.981,-0.755,0.812,0.962,-0.815,-0.919,-0.207,0.881,-0.969,-0.212,0.974,-0.901,-0.993,-0.365,0.915,0.386,-0.973,-0.805,-0.974,-0.981,0.977,0.785,0.924,0.929,0.981,0.611,0.991,0.97,0.943,-0.928,0.991,-0.921,0.925,0.217,0.607,0.695,0.951,-0.989,-0.904,-0.937,-0.979,0.354,0.83,-0.962,0.951,-0.971,-0.951,0.597,-0.594,0.907,-0.993,-0.956,0.887,0.986,-0.494,0.992,-0.996,-0.774,-0.787,-0.983,-0.973,-0.765,0.879,-0.973,0.967,0.943,-0.977,0.97,0.84,-0.961,-0.869,0.993,-0.993,0.747,-0.974,0.982,-0.985,-0.966,-0.962,0.994,0.991,0.776,-0.998,0.997,0.884,-0.962,-0.993,0.854,-0.976,0.983,-0.99,-0.987,6.232,4.637,10.541,10.442,10.495,10.455,10.469,10.367,5.709,4.747,10.5,10.349,6.079,5.608,10.483,10.414,EssenceCatalog/problems/csplib-prob010-SocialGolfers/params/cdad664eb463f443fee887b3d355f7ff.param
0.989,0.779,-0.835,-0.835,0.907,-0.992,-0.856,-0.745,-0.983,-0.801,0.492,0.975,0.637,-0.915,-0.712,0.742,-0.977,0.714,0.946,-0.852,-0.992,-0.595,0.516,-0.69,-0.97,-0.891,-0.966,-0.96,0.964,0.799,0.896,0.946,0.975,0.855,0.987,0.966,0.879,-0.914,0.991,-0.888,0.917,0.889,-0.856,0.317,0.962,-0.99,-0.881,-0.868,-0.984,0.78,0.907,-0.946,0.956,-0.973,-0.976,0.806,-0.877,0.825,-0.99,-0.953,0.798,0.964,-0.781,0.986,-0.994,-0.718,-0.683,-0.984,-0.982,-0.697,0.872,-0.972,0.971,0.954,-0.981,0.981,0.863,-0.951,-0.386,0.994,-0.993,0.897,-0.966,0.977,-0.976,-0.974,-0.95,0.994,0.982,0.771,-0.997,0.997,0.563,-0.664,-0.994,0.933,-0.986,0.977,-0.994,-0.985,6.817,5.363,10.565,10.525,10.436,10.473,10.449,10.503,6.316,5.513,10.564,10.558,6.575,6.46,10.548,10.569,EssenceCatalog/problems/csplib-prob010-SocialGolfers/params/75acdf948867fe986281e1d807c4ff27.param
0.994,0.91,-0.493,-0.814,0.001,-0.999,0.185,-0.346,0.878,-0.476,0.892,0.984,-0.976,0.915,-0.87,0.963,-0.992,0.674,0.982,-0.746,-0.993,-0.935,0.891,-0.529,-0.993,-0.988,-0.985,-0.982,0.993,0.926,0.942,0.954,0.996,0.917,0.997,0.998,0.975,-0.896,-0.967,-0.886,0.975,-0.945,-0.73,0.768,0.974,-0.986,-0.136,0.922,0.913,0.905,0.994,-0.27,0.965,-0.947,-0.992,-0.836,-0.84,0.932,-0.997,-0.996,0.976,0.99,-0.959,0.999,-0.998,-0.886,-0.903,-0.997,-0.995,-0.976,0.965,-0.992,-0.864,-0.833,0.851,0.997,0.978,-0.995,-0.976,0.999,-0.996,0.869,-0.984,0.994,-0.995,-0.933,-0.984,0.997,0.995,0.893,-0.999,0.998,0.919,-0.957,-0.998,-0.797,-0.977,0.999,-0.996,-0.995,4.608,3.664,5.834,10.293,10.769,10.676,10.764,10.795,4.427,3.921,5.843,10.308,5.072,4.68,6.865,10.334,EssenceCatalog/problems/csplib-prob010-SocialGolfers/params/559953a9a57174c455fa9c8ce88e3470.param
0.99,0.879,-0.676,-0.968,0.767,-0.997,-0.893,-0.79,-0.977,-0.759,0.763,0.959,-0.921,-0.878,0.422,0.774,-0.976,-0.438,0.977,-0.87,-0.995,-0.936,0.819,0.773,-0.981,-0.978,-0.972,-0.972,0.976,0.966,0.904,0.896,0.981,0.593,0.993,0.983,0.95,-0.91,0.988,-0.919,0.962,-0.503,0.561,-0.435,0.975,-0.99,-0.828,-0.83,-0.974,0.956,0.94,-0.956,0.956,-0.973,-0.98,0.34,-0.783,0.859,-0.995,-0.986,0.908,0.981,-0.94,0.995,-0.996,-0.676,-0.643,-0.981,-0.981,-0.682,0.858,-0.976,0.966,0.906,-0.965,0.981,0.948,-0.98,-0.846,0.995,-0.994,0.801,-0.981,0.99,-0.982,-0.956,-0.968,0.995,0.989,0.732,-0.998,0.998,0.62,-0.941,-0.995,0.807,-0.973,0.992,-0.993,-0.992,5.102,4.306,10.551,10.491,10.582,10.559,10.558,10.476,5.097,4.413,10.524,10.459,5.462,4.966,10.549,10.476,EssenceCatalog/problems/csplib-prob010-SocialGolfers/params/f6431f062cbd980a36182d0dd4980cf5.param
0.992,0.774,-0.921,-0.869,0.929,-0.994,-0.84,-0.728,-0.984,-0.855,0.443,0.981,0.881,-0.909,-0.842,0.75,-0.984,0.866,0.948,-0.851,-0.993,-0.652,0.34,-0.865,-0.977,-0.908,-0.972,-0.959,0.965,0.809,0.902,0.965,0.979,0.925,0.989,0.969,0.881,-0.924,0.99,-0.896,0.926,0.937,-0.963,0.125,0.967,-0.991,-0.881,-0.821,-0.983,0.844,0.946,-0.945,0.963,-0.978,-0.984,0.843,-0.939,0.832,-0.992,-0.965,0.805,0.966,-0.854,0.988,-0.995,-0.738,-0.67,-0.987,-0.988,-0.753,0.903,-0.979,0.973,0.955,-0.982,0.987,0.904,-0.952,-0.335,0.995,-0.995,0.937,-0.971,0.979,-0.975,-0.98,-0.957,0.995,0.983,0.824,-0.997,0.997,0.45,-0.453,-0.996,0.944,-0.99,0.98,-0.996,-0.987,6.895,5.48,10.608,10.578,10.467,10.52,10.493,10.557,6.395,5.645,10.606,10.63,6.644,6.597,10.601,10.636,EssenceCatalog/problems/csplib-prob010-SocialGolfers/params/b18485c69f88eb04d3bff1b376b485a4.param
0.986,0.877,-0.457,-0.804,0.781,-0.995,-0.928,-0.856,-0.983,-0.779,0.79,0.963,-0.864,-0.931,0.085,0.823,-0.967,-0.408,0.973,-0.887,-0.994,-0.495,0.906,0.563,-0.978,-0.893,-0.974,-0.982,0.978,0.82,0.924,0.914,0.98,0.494,0.991,0.976,0.941,-0.925,0.991,-0.928,0.945,0.186,0.686,0.441,0.957,-0.99,-0.897,-0.931,-0.982,0.662,0.841,-0.961,0.958,-0.972,-0.95,0.582,-0.629,0.904,-0.993,-0.966,0.897,0.983,-0.628,0.993,-0.996,-0.755,-0.795,-0.983,-0.972,-0.693,0.854,-0.971,0.97,0.94,-0.976,0.977,0.871,-0.973,-0.845,0.994,-0.993,0.78,-0.977,0.986,-0.987,-0.964,-0.965,0.994,0.99,0.738,-0.998,0.998,0.839,-0.963,-0.994,0.843,-0.975,0.986,-0.991,-0.989,5.828,4.516,10.596,10.457,10.545,10.499,10.504,10.387,5.509,4.625,10.571,10.366,5.866,5.348,10.532,10.44,EssenceCatalog/problems/csplib-prob010-SocialGolfers/params/193dcd88769acafdb1189f74ae2c8732.param
0.988,0.813,-0.729,-0.925,0.843,-0.994,-0.86,-0.762,-0.98,-0.765,0.567,0.968,-0.277,-0.893,-0.354,0.75,-0.976,0.258,0.958,-0.847,-0.993,-0.826,0.673,-0.04,-0.972,-0.948,-0.968,-0.962,0.968,0.918,0.891,0.921,0.975,0.768,0.989,0.97,0.907,-0.912,0.99,-0.901,0.941,0.575,-0.442,0.022,0.968,-0.989,-0.839,-0.843,-0.979,0.892,0.908,-0.947,0.956,-0.969,-0.978,0.634,-0.813,0.819,-0.992,-0.968,0.828,0.97,-0.858,0.991,-0.994,-0.675,-0.642,-0.98,-0.979,-0.656,0.864,-0.97,0.969,0.935,-0.973,0.978,0.894,-0.963,-0.565,0.994,-0.993,0.847,-0.971,0.982,-0.976,-0.964,-0.953,0.994,0.984,0.702,-0.997,0.997,0.603,-0.829,-0.994,0.885,-0.98,0.983,-0.993,-0.988,6.001,4.929,10.555,10.55,10.492,10.505,10.476,10.5,5.782,5.039,10.555,10.543,6.074,5.789,10.547,10.551,EssenceCatalog/problems/csplib-prob010-SocialGolfers/params/67dbb4d3b17b012680fd12820b2a05a4.param
0.991,0.879,-0.792,-0.986,0.802,-0.997,-0.875,-0.779,-0.979,-0.786,0.739,0.962,-0.895,-0.859,0.37,0.773,-0.983,-0.341,0.977,-0.868,-0.996,-0.973,0.733,0.756,-0.983,-0.987,-0.974,-0.966,0.977,0.984,0.901,0.904,0.982,0.738,0.993,0.984,0.956,-0.916,0.988,-0.918,0.971,-0.548,0.271,-0.735,0.982,-0.991,-0.767,-0.747,-0.973,0.981,0.963,-0.953,0.957,-0.975,-0.99,0.266,-0.864,0.838,-0.996,-0.991,0.914,0.98,-0.971,0.996,-0.995,-0.652,-0.566,-0.98,-0.987,-0.697,0.876,-0.978,0.966,0.89,-0.968,0.986,0.965,-0.983,-0.818,0.995,-0.995,0.837,-0.984,0.991,-0.98,-0.951,-0.972,0.995,0.987,0.75,-0.998,0.998,0.494,-0.918,-0.996,0.813,-0.979,0.994,-0.995,-0.994,5.029,4.353,10.541,10.529,10.586,10.568,10.568,10.518,5.088,4.457,10.514,10.516,5.441,4.993,10.561,10.513,EssenceCatalog/problems/csplib-prob010-SocialGolfers/params/fd3fa57fa514d3d8f9e90c724b07357c.param
0.999,0.968,-0.971,0.989,0.987,-0.996,-0.987,-0.987,-0.989,-0.981,0.984,0.994,0.993,-0.975,-0.991,0.981,-0.986,0.991,0.992,-0.989,-0.998,0.993,0.984,-0.99,-0.994,0.981,-0.988,-0.997,0.996,-0.982,0.983,0.995,0.995,0.974,0.996,0.994,0.986,-0.981,0.989,-0.983,0.917,0.993,-0.989,0.993,0.882,-0.998,-0.991,-0.983,-0.984,-0.989,0.973,-0.99,0.991,-0.996,-0.781,0.989,-0.981,0.99,-0.999,-0.949,0.98,0.996,0.936,0.994,-0.999,-0.986,-0.986,-0.997,-0.995,-0.99,0.988,-0.996,0.966,0.99,-0.996,0.997,0.559,-0.937,-0.968,0.997,-0.999,0.982,-0.99,0.986,-0.996,-0.997,-0.991,0.999,0.998,0.992,-1.0,0.999,0.985,-0.976,-0.997,0.993,-0.997,0.992,-0.998,-0.994,9.892,5.849,10.466,10.404,10.509,10.418,10.555,10.507,7.692,6.181,10.451,10.347,8.127,7.953,10.448,10.443,EssenceCatalog/problems/csplib-prob010-SocialGolfers/params/dd080b70c805975177fab73c065ae130.param
0.991,0.757,-0.898,-0.815,0.928,-0.992,-0.838,-0.72,-0.982,-0.808,0.544,0.975,0.766,-0.898,-0.752,0.741,-0.979,0.824,0.95,-0.866,-0.993,-0.688,0.347,-0.77,-0.972,-0.898,-0.966,-0.951,0.962,0.809,0.882,0.956,0.978,0.885,0.988,0.964,0.889,-0.9,0.99,-0.842,0.902,0.853,-0.924,0.275,0.962,-0.99,-0.883,-0.846,-0.984,0.781,0.939,-0.947,0.95,-0.977,-0.98,0.825,-0.912,0.816,-0.992,-0.962,0.803,0.965,-0.879,0.986,-0.994,-0.722,-0.623,-0.984,-0.986,-0.749,0.88,-0.977,0.966,0.953,-0.981,0.981,0.906,-0.946,-0.511,0.995,-0.994,0.909,-0.97,0.977,-0.973,-0.974,-0.949,0.995,0.982,0.816,-0.997,0.997,0.444,-0.55,-0.995,0.943,-0.988,0.981,-0.995,-0.984,6.838,5.404,10.575,10.542,10.441,10.497,10.464,10.54,6.326,5.563,10.572,10.591,6.588,6.543,10.572,10.591,EssenceCatalog/problems/csplib-prob010-SocialGolfers/params/5e12858c27cb6239f63cf44c19939895.param
0.989,0.856,-0.713,-0.949,0.825,-0.995,-0.846,-0.746,-0.976,-0.731,0.771,0.956,-0.827,-0.866,0.202,0.776,-0.98,-0.142,0.968,-0.865,-0.994,-0.938,0.692,0.602,-0.976,-0.97,-0.972,-0.962,0.966,0.965,0.88,0.901,0.978,0.661,0.991,0.978,0.936,-0.877,0.987,-0.882,0.94,-0.421,0.19,-0.276,0.972,-0.99,-0.831,-0.832,-0.976,0.934,0.954,-0.96,0.933,-0.968,-0.986,0.461,-0.795,0.813,-0.994,-0.985,0.89,0.974,-0.951,0.994,-0.995,-0.64,-0.613,-0.981,-0.982,-0.719,0.845,-0.972,0.953,0.904,-0.968,0.98,0.946,-0.977,-0.83,0.996,-0.993,0.8,-0.977,0.987,-0.978,-0.958,-0.958,0.994,0.982,0.728,-0.997,0.997,0.55,-0.9,-0.994,0.835,-0.974,0.992,-0.992,-0.991,5.263,4.438,10.515,10.489,10.529,10.529,10.513,10.475,5.217,4.541,10.493,10.47,5.573,5.174,10.534,10.471,EssenceCatalog/problems/csplib-prob010-SocialGolfers/params/d73810383376e707eb4827989c2a0959.param
0.987,0.799,-0.703,-0.78,0.872,-0.992,-0.879,-0.815,-0.984,-0.788,0.514,0.972,0.278,-0.924,-0.673,0.783,-0.974,0.48,0.952,-0.854,-0.992,-0.448,0.735,-0.507,-0.969,-0.852,-0.968,-0.969,0.969,0.77,0.908,0.938,0.974,0.821,0.988,0.964,0.892,-0.93,0.993,-0.914,0.926,0.878,-0.632,0.458,0.959,-0.989,-0.889,-0.899,-0.984,0.671,0.852,-0.95,0.962,-0.971,-0.968,0.767,-0.808,0.851,-0.99,-0.943,0.802,0.971,-0.586,0.987,-0.994,-0.719,-0.715,-0.982,-0.977,-0.677,0.883,-0.969,0.975,0.956,-0.98,0.977,0.799,-0.95,-0.435,0.993,-0.992,0.873,-0.966,0.978,-0.978,-0.973,-0.951,0.994,0.985,0.741,-0.997,0.997,0.718,-0.811,-0.994,0.918,-0.983,0.972,-0.993,-0.985,6.816,5.254,10.555,10.514,10.45,10.456,10.45,10.468,6.276,5.393,10.547,10.517,6.55,6.326,10.52,10.542,EssenceCatalog/problems/csplib-prob010-SocialGolfers/params/e0917c3aae8bfc9dbec4f0db24458351.param
0.989,0.868,-0.68,-0.949,0.819,-0.996,-0.869,-0.757,-0.977,-0.729,0.799,0.954,-0.878,-0.873,0.329,0.779,-0.978,-0.271,0.971,-0.876,-0.994,-0.935,0.736,0.706,-0.977,-0.97,-0.972,-0.964,0.966,0.963,0.884,0.895,0.978,0.597,0.991,0.979,0.942,-0.876,0.988,-0.887,0.942,-0.544,0.405,-0.298,0.971,-0.99,-0.842,-0.848,-0.977,0.931,0.953,-0.963,0.934,-0.969,-0.984,0.435,-0.782,0.824,-0.994,-0.985,0.901,0.977,-0.95,0.995,-0.995,-0.645,-0.632,-0.981,-0.981,-0.718,0.835,-0.972,0.956,0.906,-0.97,0.979,0.945,-0.978,-0.857,0.995,-0.993,0.783,-0.978,0.987,-0.979,-0.959,-0.96,0.994,0.984,0.729,-0.998,0.997,0.571,-0.922,-0.994,0.835,-0.972,0.992,-0.992,-0.991,5.178,4.352,10.525,10.47,10.54,10.533,10.523,10.46,5.138,4.457,10.499,10.446,5.506,5.065,10.535,10.452,EssenceCatalog/problems/csplib-prob010-SocialGolfers/params/22faf0aa260172668c9d5eb27f88176d.param
0.994,0.875,-0.785,-0.98,-0.952,-0.99,0.494,-0.264,0.988,-0.289,0.87,0.989,-0.997,0.996,-0.885,0.972,-0.943,0.42,0.993,-0.632,-0.995,-0.979,0.826,-0.401,-0.993,-0.998,-0.919,-0.938,0.996,0.974,0.947,0.943,0.997,0.935,0.998,0.994,0.986,-0.934,-0.997,0.144,0.988,-0.996,-0.593,0.733,0.991,-0.866,0.928,0.996,0.997,0.989,0.987,0.963,0.984,-0.895,-0.977,-0.987,-0.766,0.963,-0.999,-0.994,0.946,0.987,-0.99,0.997,-0.99,-0.841,-0.841,-0.963,-0.998,-0.96,0.983,-0.994,-0.98,-0.993,0.993,0.991,0.994,-0.994,-0.985,0.983,-0.998,-0.2,-0.993,0.992,-0.99,0.656,-0.986,0.997,0.996,0.844,-0.997,0.995,0.967,-0.983,-0.996,-0.992,-0.983,0.994,-0.996,-0.994,3.708,3.088,4.266,9.674,10.341,10.103,10.389,10.63,3.769,3.299,4.292,9.668,4.379,3.804,5.363,9.756,EssenceCatalog/problems/csplib-prob010-SocialGolfers/params/1b88f81d524808994336aa1ba810a788.param
0.99,0.794,-0.857,-0.95,0.879,-0.994,-0.842,-0.722,-0.981,-0.809,0.451,0.976,0.336,-0.889,-0.567,0.723,-0.981,0.586,0.955,-0.838,-0.994,-0.857,0.496,-0.452,-0.975,-0.96,-0.967,-0.958,0.968,0.924,0.892,0.939,0.977,0.856,0.99,0.973,0.901,-0.921,0.989,-0.897,0.95,0.778,-0.818,-0.191,0.974,-0.989,-0.824,-0.778,-0.979,0.936,0.935,-0.938,0.963,-0.974,-0.984,0.697,-0.892,0.812,-0.992,-0.973,0.824,0.967,-0.9,0.991,-0.994,-0.686,-0.612,-0.982,-0.985,-0.671,0.882,-0.974,0.971,0.936,-0.974,0.984,0.919,-0.965,-0.411,0.994,-0.994,0.899,-0.973,0.983,-0.975,-0.966,-0.959,0.994,0.983,0.736,-0.997,0.997,0.449,-0.688,-0.995,0.905,-0.985,0.983,-0.995,-0.989,6.268,5.193,10.556,10.562,10.465,10.498,10.462,10.527,6.013,5.32,10.561,10.597,6.275,6.113,10.563,10.589,EssenceCatalog/problems/csplib-prob010-SocialGolfers/params/4d8256f98987f2ae6ae2996cf79ed041.param
0.99,0.805,-0.849,-0.729,0.927,-0.993,-0.875,-0.793,-0.987,-0.842,0.487,0.98,0.854,-0.942,-0.853,0.773,-0.981,0.804,0.945,-0.858,-0.993,-0.215,0.591,-0.851,-0.973,-0.781,-0.973,-0.971,0.968,0.607,0.919,0.96,0.977,0.902,0.987,0.97,0.87,-0.933,0.993,-0.922,0.918,0.965,-0.921,0.464,0.958,-0.992,-0.915,-0.905,-0.989,0.61,0.9,-0.957,0.965,-0.976,-0.977,0.871,-0.904,0.849,-0.99,-0.946,0.803,0.967,-0.564,0.986,-0.996,-0.752,-0.764,-0.988,-0.984,-0.73,0.898,-0.974,0.977,0.967,-0.986,0.986,0.804,-0.951,-0.268,0.995,-0.993,0.931,-0.966,0.976,-0.98,-0.984,-0.955,0.994,0.984,0.813,-0.997,0.997,0.652,-0.649,-0.995,0.95,-0.989,0.974,-0.995,-0.986,7.355,5.517,10.59,10.517,10.455,10.476,10.481,10.5,6.604,5.709,10.583,10.548,6.877,6.758,10.55,10.58,EssenceCatalog/problems/csplib-prob010-SocialGolfers/params/6421677493b6d3db44e2baf9d640b4bd.param
0.996,0.917,-0.804,-0.986,-0.804,-0.998,0.48,-0.29,0.968,-0.474,0.758,0.99,-0.994,0.989,-0.903,0.972,-0.98,0.576,0.989,-0.336,-0.995,-0.98,0.814,-0.686,-0.995,-0.998,-0.972,-0.967,0.996,0.974,0.96,0.964,0.997,0.957,0.998,0.998,0.985,-0.953,-0.993,-0.617,0.993,-0.973,-0.773,0.642,0.989,-0.966,0.825,0.992,0.988,0.993,0.99,0.848,0.987,-0.942,-0.987,-0.957,-0.889,0.958,-0.999,-0.996,0.959,0.99,-0.988,0.999,-0.996,-0.861,-0.915,-0.993,-0.998,-0.964,0.983,-0.995,-0.958,-0.983,0.984,0.997,0.993,-0.997,-0.965,0.995,-0.998,0.676,-0.991,0.993,-0.995,0.008,-0.99,0.998,0.996,0.844,-0.999,0.998,0.94,-0.967,-0.998,-0.98,-0.986,0.997,-0.997,-0.996,4.003,3.349,4.75,10.029,10.596,10.423,10.604,10.782,4.057,3.572,4.806,10.034,4.644,4.135,5.856,10.099,EssenceCatalog/problems/csplib-prob010-SocialGolfers/params/87f250e5d5376de41ef672c2980ef299.param
0.999,0.926,-0.981,0.965,0.99,-0.995,-0.97,-0.953,-0.983,-0.937,0.98,0.991,0.994,-0.936,-0.983,0.966,-0.987,0.995,0.984,-0.985,-0.996,0.953,0.812,-0.993,-0.988,0.87,-0.976,-0.991,0.991,-0.914,0.969,0.996,0.994,0.971,0.996,0.988,0.968,-0.925,0.987,-0.908,0.696,0.964,-0.994,0.989,0.856,-0.996,-0.989,-0.967,-0.988,-0.955,0.986,-0.983,0.975,-0.995,-0.912,0.981,-0.978,0.977,-0.998,-0.953,0.937,0.993,-0.156,0.99,-0.999,-0.974,-0.958,-0.996,-0.995,-0.978,0.975,-0.996,0.898,0.979,-0.993,0.995,0.912,-0.931,-0.967,0.999,-0.999,0.969,-0.987,0.978,-0.995,-0.995,-0.986,0.998,0.997,0.99,-0.999,0.998,0.936,-0.884,-0.997,0.991,-0.995,0.992,-0.998,-0.99,9.663,5.792,10.475,10.432,10.525,10.49,10.564,10.558,7.543,6.14,10.489,10.378,7.978,7.918,10.462,10.458,EssenceCatalog/problems/csplib-prob010-SocialGolfers/params/0e7fe332bccc6412d5d70e742e13a339.param
0.995,0.837,-0.733,-0.902,-0.522,-0.997,0.646,-0.373,0.963,-0.475,0.654,0.988,-0.927,0.983,-0.985,0.981,-0.988,0.872,0.978,-0.245,-0.99,-0.952,0.81,-0.927,-0.992,-0.993,-0.983,-0.955,0.995,0.95,0.95,0.974,0.995,0.988,0.997,0.996,0.972,-0.949,-0.993,-0.794,0.984,-0.816,-0.971,0.833,0.98,-0.966,0.74,0.986,0.987,0.963,0.988,0.69,0.976,-0.921,-0.994,-0.942,-0.908,0.947,-0.998,-0.993,0.946,0.988,-0.958,0.999,-0.994,-0.844,-0.88,-0.996,-0.997,-0.971,0.986,-0.993,-0.948,-0.961,0.973,0.997,0.983,-0.993,-0.933,0.996,-0.996,0.846,-0.979,0.985,-0.991,-0.658,-0.984,0.996,0.995,0.883,-0.998,0.994,0.951,-0.908,-0.997,-0.946,-0.984,0.995,-0.997,-0.993,4.315,3.511,4.961,10.142,10.608,10.477,10.622,10.775,4.285,3.764,5.014,10.145,4.855,4.431,6.082,10.182,EssenceCatalog/problems/csplib-prob010-SocialGolfers/params/8212597ee0ffe142966721733fad261d.param
0.99,0.796,-0.846,-0.952,0.874,-0.994,-0.849,-0.722,-0.98,-0.801,0.493,0.973,0.14,-0.885,-0.476,0.716,-0.979,0.514,0.958,-0.843,-0.994,-0.878,0.509,-0.312,-0.975,-0.963,-0.966,-0.957,0.968,0.933,0.888,0.932,0.976,0.832,0.99,0.972,0.907,-0.917,0.989,-0.888,0.948,0.69,-0.748,-0.207,0.974,-0.989,-0.822,-0.781,-0.979,0.937,0.933,-0.939,0.96,-0.973,-0.982,0.673,-0.883,0.809,-0.992,-0.973,0.829,0.968,-0.911,0.991,-0.994,-0.678,-0.592,-0.98,-0.984,-0.673,0.873,-0.974,0.971,0.933,-0.974,0.982,0.921,-0.964,-0.481,0.994,-0.994,0.884,-0.974,0.983,-0.974,-0.963,-0.958,0.994,0.983,0.732,-0.997,0.997,0.458,-0.723,-0.995,0.902,-0.984,0.984,-0.995,-0.989,6.132,5.103,10.552,10.557,10.47,10.501,10.464,10.523,5.912,5.224,10.555,10.585,6.184,5.995,10.56,10.576,EssenceCatalog/problems/csplib-prob010-SocialGolfers/params/4ea074f986041a8dcc16a3e80334e5f9.param
0.989,0.88,-0.646,-0.897,0.833,-0.996,-0.861,-0.732,-0.973,-0.701,0.884,0.942,-0.926,-0.874,0.491,0.791,-0.978,-0.296,0.973,-0.901,-0.993,-0.926,0.751,0.787,-0.979,-0.958,-0.973,-0.968,0.963,0.95,0.872,0.892,0.98,0.436,0.991,0.982,0.95,-0.835,0.985,-0.856,0.919,-0.791,0.619,-0.142,0.964,-0.991,-0.888,-0.878,-0.976,0.874,0.963,-0.972,0.899,-0.97,-0.983,0.465,-0.749,0.829,-0.995,-0.986,0.93,0.978,-0.957,0.995,-0.996,-0.656,-0.662,-0.984,-0.979,-0.787,0.798,-0.973,0.939,0.904,-0.972,0.978,0.954,-0.979,-0.932,0.996,-0.993,0.771,-0.978,0.988,-0.98,-0.965,-0.958,0.994,0.982,0.784,-0.998,0.998,0.553,-0.935,-0.994,0.836,-0.966,0.994,-0.99,-0.991,5.156,4.262,10.516,10.43,10.537,10.529,10.521,10.437,5.066,4.369,10.484,10.403,5.45,5.009,10.527,10.412,EssenceCatalog/problems/csplib-prob010-SocialGolfers/params/01a59d9d66eaad938f1e2ccc09c6d2c4.param
0.986,-0.817,-0.944,-0.65,-0.933,0.909,-0.933,-0.959,-0.462,-0.293,-0.674,0.909,-0.14,0.95,-0.896,0.939,0.791,0.379,0.992,-0.933,-0.937,-0.96,0.844,-0.757,-0.887,-0.95,0.247,0.888,0.955,0.948,0.78,0.952,0.886,0.964,0.975,-0.928,0.945,-0.95,0.972,0.798,0.919,-0.979,-0.933,0.837,0.97,0.773,0.971,0.907,0.924,0.859,-0.928,0.955,0.966,-0.89,0.702,-0.917,-0.618,0.971,-0.985,0.868,-0.772,0.982,-0.938,-0.877,0.951,-0.855,0.948,0.979,-0.969,0.283,0.969,-0.989,0.923,-0.46,-0.792,-0.965,0.873,0.951,-0.943,-0.991,-0.989,-0.947,-0.869,-0.2,0.924,0.946,-0.962,0.976,0.976,0.002,0.945,-0.886,0.934,-0.935,-0.574,0.528,-0.964,-0.903,-0.919,0.787,1.952,1.662,2.321,4.842,3.328,2.61,3.552,7.522,2.174,1.617,2.228,4.858,2.511,2.001,2.426,4.76,EssenceCatalog/problems/csplib-prob010-SocialGolfers/params/ord06-13-7-2.param
0.985,0.84,-0.513,-0.725,0.842,-0.993,-0.916,-0.861,-0.987,-0.775,0.72,0.962,-0.575,-0.941,-0.285,0.815,-0.969,-0.08,0.966,-0.885,-0.993,-0.406,0.869,0.207,-0.971,-0.828,-0.971,-0.977,0.974,0.775,0.911,0.925,0.975,0.642,0.989,0.968,0.923,-0.926,0.994,-0.923,0.927,0.581,0.265,0.53,0.951,-0.99,-0.903,-0.941,-0.986,0.526,0.82,-0.965,0.954,-0.971,-0.954,0.707,-0.673,0.881,-0.992,-0.95,0.863,0.979,-0.529,0.99,-0.995,-0.734,-0.755,-0.982,-0.97,-0.687,0.856,-0.969,0.977,0.957,-0.983,0.972,0.817,-0.959,-0.742,0.993,-0.992,0.813,-0.971,0.981,-0.982,-0.969,-0.955,0.993,0.988,0.741,-0.998,0.997,0.812,-0.931,-0.993,0.898,-0.977,0.98,-0.99,-0.986,6.313,4.801,10.589,10.458,10.49,10.461,10.461,10.381,5.844,4.913,10.56,10.384,6.178,5.749,10.518,10.447,EssenceCatalog/problems/csplib-prob010-SocialGolfers/params/b08f01fa5ea0206fa488cb3e302221ff.param
0.989,0.861,-0.663,-0.958,0.786,-0.996,-0.876,-0.787,-0.977,-0.749,0.739,0.96,-0.869,-0.879,0.225,0.786,-0.978,-0.306,0.973,-0.863,-0.994,-0.923,0.791,0.66,-0.978,-0.972,-0.973,-0.968,0.973,0.962,0.899,0.902,0.979,0.653,0.992,0.979,0.941,-0.908,0.989,-0.914,0.955,-0.301,0.347,-0.302,0.972,-0.99,-0.823,-0.838,-0.975,0.941,0.936,-0.956,0.952,-0.97,-0.982,0.404,-0.782,0.844,-0.994,-0.983,0.889,0.979,-0.927,0.995,-0.995,-0.664,-0.631,-0.981,-0.98,-0.68,0.862,-0.973,0.965,0.91,-0.968,0.98,0.937,-0.976,-0.81,0.995,-0.993,0.801,-0.979,0.988,-0.98,-0.959,-0.963,0.994,0.987,0.717,-0.998,0.998,0.632,-0.926,-0.994,0.82,-0.974,0.99,-0.993,-0.991,5.251,4.415,10.549,10.513,10.561,10.547,10.539,10.484,5.217,4.519,10.527,10.479,5.57,5.112,10.549,10.492,EssenceCatalog/problems/csplib-prob010-SocialGolfers/params/ae5e5cb383d01012292724fc09e713c6.param
0.989,0.785,-0.817,-0.889,0.891,-0.993,-0.856,-0.753,-0.983,-0.801,0.453,0.975,0.501,-0.911,-0.67,0.739,-0.978,0.631,0.948,-0.841,-0.993,-0.69,0.559,-0.592,-0.971,-0.918,-0.967,-0.961,0.965,0.851,0.895,0.942,0.975,0.851,0.988,0.967,0.886,-0.921,0.991,-0.902,0.933,0.87,-0.819,0.161,0.966,-0.989,-0.864,-0.851,-0.983,0.845,0.906,-0.945,0.96,-0.972,-0.978,0.766,-0.87,0.821,-0.991,-0.958,0.801,0.966,-0.799,0.988,-0.994,-0.7,-0.663,-0.982,-0.982,-0.673,0.877,-0.971,0.973,0.95,-0.979,0.981,0.869,-0.955,-0.359,0.994,-0.993,0.896,-0.968,0.979,-0.975,-0.972,-0.952,0.994,0.983,0.745,-0.997,0.997,0.559,-0.698,-0.994,0.922,-0.985,0.978,-0.994,-0.986,6.607,5.296,10.562,10.54,10.444,10.475,10.447,10.505,6.208,5.431,10.565,10.569,6.464,6.313,10.55,10.574,EssenceCatalog/problems/csplib-prob010-SocialGolfers/params/d91a1cacd115f896b71f6218376febf7.param
0.987,0.863,-0.421,-0.785,0.752,-0.994,-0.896,-0.852,-0.975,-0.73,0.787,0.96,-0.873,-0.892,-0.003,0.854,-0.971,-0.316,0.973,-0.881,-0.993,-0.687,0.887,0.533,-0.974,-0.911,-0.973,-0.977,0.975,0.887,0.915,0.912,0.98,0.584,0.991,0.973,0.941,-0.914,0.988,-0.913,0.936,-0.063,0.607,0.49,0.959,-0.988,-0.875,-0.906,-0.974,0.702,0.872,-0.953,0.95,-0.967,-0.963,0.481,-0.621,0.882,-0.993,-0.967,0.883,0.983,-0.74,0.993,-0.995,-0.729,-0.748,-0.982,-0.974,-0.74,0.869,-0.97,0.959,0.924,-0.968,0.973,0.881,-0.968,-0.854,0.993,-0.993,0.733,-0.975,0.985,-0.984,-0.961,-0.96,0.994,0.989,0.734,-0.997,0.997,0.833,-0.954,-0.993,0.813,-0.973,0.985,-0.991,-0.988,5.705,4.488,10.532,10.483,10.526,10.5,10.504,10.426,5.432,4.588,10.506,10.403,5.792,5.317,10.5,10.458,EssenceCatalog/problems/csplib-prob010-SocialGolfers/params/d8b47cb1ec9bec66216ba7d98c1f0915.param
0.995,0.845,-0.73,-0.913,-0.382,-0.998,0.626,-0.356,0.946,-0.503,0.653,0.987,-0.91,0.975,-0.981,0.977,-0.99,0.878,0.975,-0.277,-0.99,-0.949,0.77,-0.924,-0.992,-0.993,-0.984,-0.96,0.994,0.95,0.947,0.973,0.995,0.986,0.997,0.996,0.969,-0.943,-0.99,-0.816,0.983,-0.759,-0.969,0.791,0.98,-0.974,0.634,0.982,0.978,0.964,0.99,0.559,0.974,-0.928,-0.995,-0.915,-0.914,0.937,-0.997,-0.994,0.953,0.986,-0.959,0.999,-0.995,-0.834,-0.882,-0.996,-0.997,-0.971,0.983,-0.992,-0.929,-0.942,0.962,0.997,0.982,-0.994,-0.923,0.997,-0.996,0.874,-0.98,0.987,-0.992,-0.755,-0.983,0.997,0.995,0.883,-0.998,0.996,0.936,-0.892,-0.997,-0.927,-0.984,0.996,-0.997,-0.994,4.366,3.557,5.097,10.16,10.617,10.496,10.628,10.756,4.324,3.813,5.145,10.164,4.896,4.493,6.202,10.202,EssenceCatalog/problems/csplib-prob010-SocialGolfers/params/98dc86debd73d3781680a6343b67bb12.param
0.987,0.877,-0.373,-0.678,0.762,-0.994,-0.897,-0.858,-0.973,-0.733,0.84,0.957,-0.899,-0.891,0.029,0.872,-0.971,-0.343,0.973,-0.894,-0.993,-0.59,0.902,0.548,-0.976,-0.881,-0.975,-0.98,0.975,0.856,0.919,0.914,0.982,0.522,0.991,0.975,0.945,-0.906,0.986,-0.905,0.928,-0.192,0.704,0.617,0.955,-0.989,-0.894,-0.92,-0.973,0.57,0.882,-0.957,0.944,-0.968,-0.961,0.518,-0.581,0.894,-0.994,-0.969,0.9,0.984,-0.71,0.994,-0.996,-0.745,-0.786,-0.984,-0.975,-0.779,0.869,-0.971,0.95,0.921,-0.967,0.974,0.887,-0.972,-0.899,0.994,-0.993,0.718,-0.975,0.985,-0.986,-0.962,-0.962,0.994,0.99,0.759,-0.998,0.997,0.857,-0.964,-0.994,0.8,-0.972,0.987,-0.99,-0.988,5.79,4.459,10.521,10.458,10.516,10.487,10.493,10.403,5.441,4.561,10.492,10.37,5.811,5.337,10.489,10.428,EssenceCatalog/problems/csplib-prob010-SocialGolfers/params/97991e295faf6a5658ee1862536e34fe.param
0.989,0.87,-0.417,-0.196,0.83,-0.993,-0.919,-0.891,-0.978,-0.762,0.868,0.961,-0.769,-0.913,-0.29,0.896,-0.968,-0.022,0.974,-0.924,-0.993,-0.152,0.913,0.236,-0.973,-0.691,-0.973,-0.982,0.977,0.676,0.925,0.936,0.982,0.602,0.991,0.969,0.95,-0.918,0.99,-0.895,0.9,0.194,0.579,0.84,0.945,-0.99,-0.927,-0.949,-0.978,-0.001,0.842,-0.964,0.942,-0.973,-0.937,0.693,-0.576,0.915,-0.994,-0.95,0.901,0.987,-0.442,0.992,-0.996,-0.804,-0.814,-0.984,-0.974,-0.821,0.884,-0.974,0.956,0.946,-0.979,0.969,0.839,-0.955,-0.913,0.994,-0.994,0.728,-0.974,0.982,-0.986,-0.967,-0.961,0.995,0.991,0.82,-0.997,0.997,0.901,-0.964,-0.994,0.878,-0.977,0.983,-0.99,-0.985,6.669,4.725,10.495,10.38,10.454,10.413,10.439,10.331,5.893,4.859,10.449,10.296,6.29,5.865,10.436,10.352,EssenceCatalog/problems/csplib-prob010-SocialGolfers/params/7a9a8f6f9ad33ef4890c20ab4bd9ecae.param
0.989,0.782,-0.8,-0.815,0.896,-0.991,-0.844,-0.713,-0.979,-0.731,0.73,0.96,-0.133,-0.88,-0.313,0.745,-0.973,0.487,0.958,-0.885,-0.992,-0.811,0.511,-0.152,-0.969,-0.92,-0.962,-0.947,0.958,0.875,0.862,0.929,0.975,0.72,0.987,0.961,0.909,-0.854,0.99,-0.786,0.881,0.253,-0.523,0.339,0.961,-0.989,-0.878,-0.877,-0.982,0.766,0.929,-0.954,0.924,-0.972,-0.974,0.732,-0.822,0.808,-0.992,-0.967,0.835,0.966,-0.913,0.988,-0.993,-0.678,-0.596,-0.979,-0.979,-0.735,0.836,-0.972,0.954,0.937,-0.978,0.971,0.92,-0.952,-0.78,0.995,-0.993,0.814,-0.969,0.979,-0.972,-0.961,-0.943,0.994,0.979,0.774,-0.996,0.997,0.523,-0.788,-0.993,0.92,-0.98,0.985,-0.992,-0.983,6.181,4.953,10.526,10.501,10.458,10.498,10.463,10.513,5.831,5.078,10.52,10.517,6.142,5.971,10.542,10.512,EssenceCatalog/problems/csplib-prob010-SocialGolfers/params/1b7206350880704ade1d897c79912260.param
0.977,-0.848,-0.935,-0.381,-0.936,0.958,-0.942,-0.953,-0.348,-0.201,-0.679,0.882,-0.021,0.943,-0.854,0.921,0.889,0.459,0.988,-0.933,-0.886,-0.915,0.814,-0.799,-0.82,-0.904,0.551,0.916,0.932,0.889,0.721,0.935,0.827,0.935,0.959,-0.953,0.922,-0.922,0.974,0.863,0.868,-0.979,-0.906,0.911,0.955,0.845,0.964,0.888,0.922,0.728,-0.951,0.962,0.951,-0.86,0.861,-0.905,-0.453,0.97,-0.976,0.921,-0.833,0.975,-0.916,-0.947,0.969,-0.862,0.943,0.986,-0.952,0.458,0.956,-0.981,0.907,-0.498,-0.758,-0.983,0.825,0.967,-0.939,-0.995,-0.981,-0.962,-0.781,-0.462,0.946,0.957,-0.942,0.959,0.962,-0.092,0.971,-0.932,0.913,-0.928,-0.284,0.593,-0.942,-0.948,-0.85,0.882,1.891,1.555,2.051,4.453,2.953,2.219,3.193,7.147,2.04,1.494,1.959,4.473,2.403,1.885,2.126,4.372,EssenceCatalog/problems/csplib-prob010-SocialGolfers/params/ThomasKirkman.param
0.995,0.84,-0.783,-0.928,-0.569,-0.997,0.647,-0.302,0.969,-0.544,0.578,0.989,-0.922,0.986,-0.984,0.977,-0.984,0.878,0.981,-0.137,-0.991,-0.947,0.786,-0.94,-0.993,-0.995,-0.981,-0.955,0.995,0.941,0.953,0.972,0.996,0.987,0.997,0.996,0.974,-0.957,-0.994,-0.754,0.986,-0.766,-0.972,0.82,0.983,-0.963,0.784,0.99,0.99,0.973,0.985,0.778,0.98,-0.929,-0.99,-0.936,-0.926,0.948,-0.998,-0.993,0.943,0.987,-0.959,0.998,-0.994,-0.838,-0.881,-0.994,-0.997,-0.969,0.987,-0.994,-0.952,-0.966,0.979,0.997,0.983,-0.993,-0.93,0.995,-0.997,0.839,-0.981,0.987,-0.991,-0.498,-0.985,0.997,0.996,0.885,-0.998,0.995,0.949,-0.895,-0.997,-0.95,-0.986,0.994,-0.997,-0.993,4.265,3.495,4.875,10.095,10.581,10.442,10.593,10.751,4.26,3.742,4.934,10.097,4.823,4.389,5.994,10.143,EssenceCatalog/problems/csplib-prob010-SocialGolfers/params/a5f20e0d65ae4fe1867ec155464c057e.param
0.994,0.906,-0.517,-0.667,-0.309,-0.998,0.45,-0.301,0.971,-0.488,0.889,0.983,-0.929,0.972,-0.977,0.981,-0.99,0.87,0.976,-0.587,-0.99,-0.828,0.888,-0.893,-0.992,-0.977,-0.986,-0.977,0.994,0.817,0.948,0.964,0.996,0.97,0.997,0.998,0.972,-0.91,-0.995,-0.813,0.974,-0.835,-0.926,0.927,0.973,-0.98,0.25,0.974,0.981,0.829,0.994,0.408,0.964,-0.926,-0.993,-0.896,-0.847,0.946,-0.997,-0.995,0.972,0.988,-0.899,0.999,-0.998,-0.887,-0.942,-0.998,-0.995,-0.984,0.982,-0.992,-0.968,-0.941,0.968,0.998,0.977,-0.996,-0.966,0.999,-0.997,0.863,-0.982,0.99,-0.995,-0.854,-0.982,0.996,0.995,0.921,-0.999,0.997,0.955,-0.943,-0.997,-0.907,-0.978,0.998,-0.996,-0.995,4.677,3.606,5.223,10.208,10.705,10.585,10.709,10.798,4.452,3.886,5.259,10.211,5.088,4.674,6.34,10.234,EssenceCatalog/problems/csplib-prob010-SocialGolfers/params/f4eadfaebe25bd7dd5ccafbdbacd2c5f.param
0.992,0.871,-0.814,-0.982,0.823,-0.997,-0.841,-0.755,-0.977,-0.77,0.745,0.961,-0.862,-0.842,0.277,0.779,-0.985,-0.176,0.976,-0.864,-0.995,-0.977,0.675,0.7,-0.983,-0.986,-0.975,-0.963,0.975,0.984,0.89,0.911,0.982,0.769,0.993,0.984,0.953,-0.904,0.986,-0.908,0.965,-0.579,0.065,-0.723,0.98,-0.991,-0.78,-0.734,-0.971,0.979,0.972,-0.957,0.946,-0.974,-0.992,0.298,-0.878,0.822,-0.996,-0.992,0.916,0.979,-0.977,0.996,-0.996,-0.633,-0.551,-0.982,-0.987,-0.732,0.873,-0.979,0.959,0.885,-0.966,0.987,0.968,-0.982,-0.834,0.996,-0.995,0.851,-0.983,0.99,-0.978,-0.958,-0.969,0.995,0.985,0.77,-0.998,0.998,0.429,-0.889,-0.996,0.817,-0.979,0.994,-0.995,-0.994,5.078,4.406,10.526,10.541,10.574,10.568,10.562,10.533,5.127,4.511,10.499,10.538,5.477,5.082,10.564,10.524,EssenceCatalog/problems/csplib-prob010-SocialGolfers/params/cc6256a627315da1a1b17d6cee83cfd6.param
0.991,0.786,-0.897,-0.913,0.913,-0.994,-0.831,-0.707,-0.983,-0.836,0.437,0.979,0.752,-0.903,-0.759,0.733,-0.983,0.787,0.946,-0.837,-0.993,-0.758,0.376,-0.759,-0.975,-0.934,-0.971,-0.959,0.964,0.87,0.896,0.954,0.978,0.899,0.988,0.972,0.883,-0.918,0.989,-0.897,0.936,0.9,-0.931,-0.021,0.969,-0.99,-0.859,-0.809,-0.983,0.893,0.945,-0.944,0.96,-0.975,-0.986,0.799,-0.922,0.812,-0.992,-0.97,0.814,0.963,-0.875,0.989,-0.995,-0.706,-0.653,-0.986,-0.987,-0.72,0.889,-0.975,0.971,0.947,-0.979,0.987,0.91,-0.961,-0.333,0.995,-0.994,0.926,-0.971,0.98,-0.976,-0.976,-0.956,0.994,0.982,0.782,-0.997,0.997,0.423,-0.539,-0.995,0.929,-0.988,0.982,-0.996,-0.988,6.654,5.391,10.575,10.56,10.451,10.499,10.462,10.532,6.26,5.538,10.578,10.611,6.51,6.43,10.578,10.607,EssenceCatalog/problems/csplib-prob010-SocialGolfers/params/26e8a1c27ad0517a6fb580c59f283187.param
0.993,0.796,-0.898,-0.273,0.946,-0.99,-0.827,-0.623,-0.967,-0.755,0.892,0.966,0.452,-0.839,-0.548,0.811,-0.973,0.876,0.958,-0.928,-0.992,-0.61,0.212,-0.713,-0.969,-0.801,-0.959,-0.948,0.956,0.632,0.876,0.956,0.984,0.772,0.989,0.961,0.916,-0.766,0.983,-0.556,0.762,0.179,-0.83,0.806,0.949,-0.991,-0.921,-0.893,-0.98,0.306,0.96,-0.954,0.891,-0.978,-0.97,0.845,-0.877,0.841,-0.994,-0.969,0.862,0.966,-0.935,0.987,-0.995,-0.795,-0.728,-0.985,-0.985,-0.854,0.847,-0.979,0.89,0.925,-0.977,0.976,0.951,-0.954,-0.909,0.997,-0.994,0.825,-0.971,0.977,-0.979,-0.962,-0.944,0.995,0.978,0.895,-0.996,0.997,0.533,-0.731,-0.995,0.946,-0.986,0.99,-0.993,-0.982,7.103,5.232,10.432,10.452,10.429,10.504,10.447,10.557,6.279,5.427,10.436,10.493,6.627,6.67,10.489,10.474,EssenceCatalog/problems/csplib-prob010-SocialGolfers/params/e3b0122e3102a4f0aed341c88eab79be.param
0.988,0.879,-0.532,-0.828,0.797,-0.995,-0.892,-0.795,-0.972,-0.702,0.886,0.942,-0.944,-0.879,0.466,0.826,-0.975,-0.414,0.976,-0.906,-0.993,-0.864,0.853,0.812,-0.978,-0.94,-0.973,-0.973,0.968,0.925,0.889,0.896,0.982,0.37,0.991,0.98,0.956,-0.858,0.985,-0.87,0.92,-0.765,0.773,0.184,0.96,-0.99,-0.896,-0.905,-0.975,0.786,0.941,-0.971,0.914,-0.969,-0.972,0.45,-0.676,0.866,-0.995,-0.981,0.927,0.982,-0.919,0.995,-0.996,-0.699,-0.702,-0.984,-0.976,-0.791,0.818,-0.974,0.947,0.915,-0.972,0.973,0.94,-0.974,-0.943,0.995,-0.993,0.723,-0.978,0.988,-0.981,-0.964,-0.959,0.994,0.987,0.781,-0.998,0.997,0.702,-0.958,-0.994,0.824,-0.965,0.993,-0.99,-0.989,5.276,4.25,10.525,10.441,10.545,10.528,10.53,10.435,5.113,4.358,10.493,10.391,5.504,5.026,10.522,10.413,EssenceCatalog/problems/csplib-prob010-SocialGolfers/params/6e2bb3372d4f9328bf5299cc5936e782.param
0.988,0.882,-0.367,-0.51,0.776,-0.994,-0.927,-0.885,-0.975,-0.77,0.836,0.964,-0.863,-0.911,-0.116,0.884,-0.966,-0.264,0.976,-0.908,-0.994,-0.272,0.93,0.436,-0.977,-0.811,-0.975,-0.985,0.98,0.738,0.932,0.929,0.983,0.528,0.992,0.974,0.952,-0.929,0.987,-0.921,0.932,0.135,0.713,0.74,0.953,-0.99,-0.914,-0.934,-0.973,0.324,0.83,-0.958,0.957,-0.974,-0.933,0.593,-0.575,0.92,-0.994,-0.957,0.905,0.987,-0.47,0.993,-0.997,-0.803,-0.823,-0.984,-0.973,-0.789,0.882,-0.974,0.96,0.939,-0.972,0.973,0.848,-0.964,-0.895,0.993,-0.994,0.741,-0.977,0.985,-0.988,-0.966,-0.965,0.995,0.992,0.795,-0.998,0.998,0.894,-0.97,-0.994,0.835,-0.976,0.984,-0.991,-0.988,6.24,4.589,10.531,10.417,10.5,10.451,10.473,10.347,5.684,4.707,10.487,10.317,6.063,5.574,10.472,10.39,EssenceCatalog/problems/csplib-prob010-SocialGolfers/params/3a6ffbf76b464d2d091181a3d98faa26.param
0.991,0.782,-0.903,-0.93,0.906,-0.994,-0.828,-0.712,-0.982,-0.839,0.424,0.979,0.723,-0.895,-0.748,0.734,-0.983,0.778,0.95,-0.837,-0.993,-0.808,0.363,-0.744,-0.976,-0.946,-0.971,-0.957,0.965,0.895,0.895,0.955,0.978,0.905,0.989,0.971,0.889,-0.921,0.989,-0.896,0.941,0.884,-0.932,-0.114,0.972,-0.99,-0.845,-0.779,-0.981,0.915,0.947,-0.94,0.962,-0.975,-0.986,0.779,-0.926,0.816,-0.992,-0.971,0.81,0.964,-0.895,0.99,-0.995,-0.701,-0.629,-0.985,-0.988,-0.723,0.895,-0.977,0.972,0.943,-0.978,0.987,0.919,-0.96,-0.354,0.995,-0.994,0.924,-0.973,0.981,-0.974,-0.973,-0.957,0.995,0.982,0.782,-0.997,0.997,0.406,-0.527,-0.996,0.923,-0.988,0.982,-0.996,-0.988,6.571,5.372,10.568,10.566,10.451,10.499,10.461,10.538,6.217,5.516,10.572,10.62,6.463,6.385,10.576,10.61,EssenceCatalog/problems/csplib-prob010-SocialGolfers/params/ae01c6f2381217ec391946a456c3bc02.param
0.986,0.848,-0.546,-0.871,0.783,-0.994,-0.895,-0.826,-0.979,-0.735,0.731,0.96,-0.81,-0.901,0.003,0.81,-0.971,-0.243,0.97,-0.874,-0.993,-0.772,0.844,0.503,-0.973,-0.932,-0.971,-0.971,0.973,0.908,0.903,0.907,0.978,0.619,0.991,0.972,0.932,-0.914,0.991,-0.909,0.938,0.057,0.409,0.244,0.962,-0.988,-0.865,-0.897,-0.978,0.81,0.882,-0.956,0.951,-0.968,-0.969,0.518,-0.688,0.863,-0.993,-0.969,0.868,0.979,-0.804,0.992,-0.995,-0.701,-0.688,-0.98,-0.974,-0.686,0.859,-0.97,0.967,0.932,-0.972,0.973,0.89,-0.967,-0.802,0.993,-0.992,0.769,-0.974,0.985,-0.981,-0.961,-0.957,0.994,0.988,0.716,-0.997,0.997,0.759,-0.935,-0.993,0.844,-0.974,0.985,-0.991,-0.988,5.633,4.538,10.558,10.496,10.53,10.511,10.506,10.448,5.438,4.639,10.538,10.437,5.784,5.329,10.529,10.479,EssenceCatalog/problems/csplib-prob010-SocialGolfers/params/b083428bcfcf4cbb8d385938e6b13211.param
0.923,-0.88,-0.864,-0.636,-0.962,0.968,-0.832,-0.943,-0.099,0.244,-0.784,0.75,-0.462,0.962,-0.852,0.896,0.888,-0.157,0.97,-0.847,-0.705,-0.964,0.784,-0.576,-0.596,-0.91,0.652,0.955,0.833,0.944,0.526,0.879,0.539,0.936,0.884,-0.971,0.85,-0.871,0.948,0.846,0.796,-0.986,-0.865,0.702,0.921,0.922,0.985,0.934,0.944,0.843,-0.947,0.977,0.905,-0.63,0.66,-0.939,-0.188,0.934,-0.914,0.921,-0.9,0.934,-0.942,-0.964,0.988,-0.65,0.961,0.989,-0.919,0.628,0.928,-0.944,0.796,-0.79,-0.492,-0.99,0.755,0.967,-0.876,-0.996,-0.901,-0.971,-0.501,-0.696,0.97,0.964,-0.845,0.829,0.823,-0.455,0.989,-0.974,0.863,-0.895,0.453,0.06,-0.852,-0.962,-0.582,0.92,1.268,1.171,1.413,3.846,2.362,1.703,2.659,6.382,1.552,1.101,1.361,3.873,1.84,1.3,1.565,3.803,EssenceCatalog/problems/csplib-prob010-SocialGolfers/params/ord04-9-5-2.param
0.991,0.778,-0.887,-0.932,0.901,-0.994,-0.837,-0.714,-0.982,-0.822,0.468,0.976,0.558,-0.892,-0.653,0.721,-0.981,0.699,0.952,-0.843,-0.993,-0.834,0.407,-0.615,-0.975,-0.95,-0.968,-0.955,0.965,0.908,0.887,0.948,0.977,0.877,0.989,0.97,0.896,-0.916,0.989,-0.882,0.939,0.82,-0.883,-0.129,0.972,-0.99,-0.843,-0.787,-0.981,0.916,0.941,-0.942,0.959,-0.975,-0.984,0.751,-0.909,0.81,-0.992,-0.971,0.814,0.965,-0.905,0.989,-0.994,-0.689,-0.604,-0.983,-0.986,-0.709,0.884,-0.976,0.971,0.942,-0.977,0.984,0.92,-0.959,-0.431,0.995,-0.994,0.909,-0.973,0.981,-0.973,-0.969,-0.956,0.995,0.982,0.768,-0.997,0.997,0.409,-0.597,-0.995,0.919,-0.987,0.983,-0.995,-0.988,6.443,5.289,10.564,10.558,10.453,10.497,10.459,10.534,6.124,5.427,10.567,10.606,6.379,6.272,10.571,10.595,EssenceCatalog/problems/csplib-prob010-SocialGolfers/params/f76f9a89b50d3068408af1562ebe2846.param
0.986,0.838,-0.563,-0.868,0.803,-0.994,-0.9,-0.836,-0.983,-0.76,0.648,0.965,-0.645,-0.917,-0.237,0.801,-0.972,-0.144,0.966,-0.865,-0.993,-0.676,0.848,0.261,-0.973,-0.919,-0.971,-0.973,0.974,0.878,0.909,0.917,0.976,0.69,0.99,0.969,0.92,-0.927,0.992,-0.924,0.944,0.496,0.15,0.27,0.962,-0.989,-0.866,-0.904,-0.982,0.785,0.853,-0.954,0.96,-0.969,-0.967,0.601,-0.716,0.867,-0.992,-0.961,0.85,0.978,-0.71,0.991,-0.995,-0.702,-0.7,-0.98,-0.973,-0.648,0.871,-0.97,0.974,0.943,-0.977,0.975,0.853,-0.962,-0.7,0.993,-0.992,0.808,-0.973,0.983,-0.981,-0.966,-0.957,0.993,0.988,0.693,-0.998,0.997,0.77,-0.921,-0.993,0.867,-0.977,0.981,-0.992,-0.988,5.932,4.735,10.583,10.523,10.52,10.503,10.491,10.451,5.669,4.837,10.572,10.467,5.986,5.562,10.538,10.511,EssenceCatalog/problems/csplib-prob010-SocialGolfers/params/d52c7d0a66d3ca3ae1dc444704400a9d.param
0.991,0.785,-0.897,-0.933,0.904,-0.994,-0.827,-0.7,-0.981,-0.832,0.445,0.978,0.662,-0.894,-0.709,0.727,-0.983,0.755,0.95,-0.838,-0.993,-0.822,0.366,-0.7,-0.976,-0.949,-0.97,-0.956,0.965,0.901,0.892,0.952,0.978,0.892,0.989,0.972,0.889,-0.916,0.989,-0.891,0.94,0.859,-0.917,-0.121,0.972,-0.99,-0.843,-0.781,-0.981,0.918,0.947,-0.94,0.96,-0.975,-0.986,0.768,-0.92,0.812,-0.992,-0.972,0.815,0.964,-0.901,0.99,-0.995,-0.697,-0.629,-0.985,-0.987,-0.717,0.888,-0.976,0.971,0.941,-0.977,0.986,0.921,-0.962,-0.381,0.995,-0.994,0.918,-0.972,0.981,-0.975,-0.972,-0.957,0.995,0.982,0.774,-0.997,0.997,0.399,-0.552,-0.995,0.921,-0.988,0.983,-0.996,-0.988,6.517,5.34,10.562,10.559,10.45,10.497,10.458,10.533,6.178,5.481,10.566,10.611,6.428,6.342,10.571,10.601,EssenceCatalog/problems/csplib-prob010-SocialGolfers/params/c4e3f9ef3332d7b5dc0a9dd7e782e584.param
0.995,0.834,-0.788,-0.917,-0.494,-0.997,0.626,-0.322,0.964,-0.558,0.57,0.989,-0.897,0.984,-0.986,0.978,-0.985,0.892,0.98,-0.18,-0.991,-0.941,0.783,-0.945,-0.993,-0.994,-0.982,-0.956,0.995,0.937,0.953,0.973,0.996,0.988,0.997,0.996,0.973,-0.958,-0.993,-0.775,0.985,-0.722,-0.976,0.824,0.982,-0.966,0.752,0.989,0.988,0.969,0.985,0.734,0.979,-0.931,-0.99,-0.926,-0.929,0.945,-0.998,-0.992,0.945,0.987,-0.954,0.998,-0.994,-0.842,-0.88,-0.995,-0.997,-0.969,0.987,-0.994,-0.944,-0.956,0.974,0.997,0.982,-0.993,-0.928,0.996,-0.997,0.858,-0.981,0.986,-0.991,-0.576,-0.985,0.997,0.996,0.89,-0.998,0.995,0.948,-0.888,-0.997,-0.936,-0.987,0.994,-0.997,-0.993,4.323,3.529,4.95,10.117,10.595,10.46,10.606,10.758,4.302,3.781,5.008,10.121,4.863,4.443,6.063,10.166,EssenceCatalog/problems/csplib-prob010-SocialGolfers/params/ac0f5085718510e001c4c58fd4bbee23.param
0.99,0.881,-0.608,-0.959,0.765,-0.996,-0.891,-0.823,-0.981,-0.723,0.803,0.952,-0.946,-0.877,0.467,0.823,-0.98,-0.536,0.979,-0.885,-0.994,-0.951,0.844,0.853,-0.98,-0.974,-0.976,-0.965,0.972,0.975,0.896,0.896,0.98,0.615,0.992,0.98,0.956,-0.906,0.99,-0.921,0.957,-0.734,0.663,-0.474,0.973,-0.989,-0.816,-0.855,-0.975,0.943,0.947,-0.968,0.94,-0.97,-0.985,0.262,-0.76,0.848,-0.995,-0.986,0.911,0.984,-0.951,0.995,-0.995,-0.644,-0.595,-0.979,-0.982,-0.701,0.855,-0.975,0.966,0.905,-0.973,0.976,0.946,-0.978,-0.889,0.994,-0.993,0.762,-0.981,0.988,-0.977,-0.96,-0.965,0.994,0.987,0.734,-0.998,0.997,0.648,-0.954,-0.993,0.812,-0.97,0.993,-0.992,-0.992,5.003,4.23,10.523,10.472,10.56,10.536,10.544,10.464,5.009,4.33,10.494,10.442,5.379,4.869,10.524,10.452,EssenceCatalog/problems/csplib-prob010-SocialGolfers/params/4232297871333724f02d86a735ef15db.param
0.988,0.8,-0.75,-0.915,0.857,-0.993,-0.859,-0.769,-0.981,-0.775,0.518,0.97,-0.037,-0.899,-0.473,0.746,-0.976,0.372,0.955,-0.843,-0.993,-0.788,0.652,-0.225,-0.971,-0.94,-0.967,-0.961,0.967,0.903,0.891,0.927,0.974,0.799,0.989,0.968,0.9,-0.917,0.991,-0.903,0.94,0.711,-0.582,0.064,0.967,-0.989,-0.845,-0.847,-0.981,0.877,0.903,-0.946,0.958,-0.97,-0.978,0.676,-0.829,0.82,-0.991,-0.965,0.817,0.969,-0.833,0.99,-0.994,-0.676,-0.644,-0.98,-0.98,-0.653,0.871,-0.97,0.972,0.941,-0.975,0.979,0.882,-0.96,-0.492,0.994,-0.992,0.862,-0.97,0.981,-0.975,-0.966,-0.953,0.993,0.983,0.707,-0.997,0.997,0.596,-0.798,-0.994,0.897,-0.981,0.981,-0.993,-0.987,6.2,5.055,10.557,10.55,10.474,10.493,10.464,10.502,5.927,5.171,10.559,10.554,6.205,5.959,10.546,10.56,EssenceCatalog/problems/csplib-prob010-SocialGolfers/params/19b3337e1780d8d5f81439cac0b752c7.param
0.988,0.83,-0.714,-0.946,0.823,-0.995,-0.859,-0.766,-0.979,-0.751,0.647,0.964,-0.611,-0.878,-0.117,0.764,-0.978,0.034,0.965,-0.856,-0.994,-0.9,0.704,0.315,-0.974,-0.964,-0.97,-0.96,0.969,0.949,0.888,0.913,0.977,0.733,0.99,0.973,0.922,-0.906,0.99,-0.899,0.947,0.17,-0.172,-0.154,0.971,-0.989,-0.822,-0.83,-0.977,0.925,0.927,-0.951,0.953,-0.969,-0.981,0.537,-0.804,0.817,-0.993,-0.977,0.852,0.973,-0.912,0.992,-0.994,-0.658,-0.604,-0.979,-0.98,-0.666,0.86,-0.971,0.966,0.921,-0.97,0.978,0.919,-0.968,-0.692,0.994,-0.993,0.823,-0.975,0.985,-0.976,-0.961,-0.956,0.994,0.984,0.703,-0.997,0.997,0.593,-0.873,-0.994,0.862,-0.978,0.987,-0.993,-0.989,5.598,4.685,10.545,10.537,10.51,10.516,10.495,10.497,5.497,4.79,10.538,10.52,5.814,5.461,10.55,10.527,EssenceCatalog/problems/csplib-prob010-SocialGolfers/params/685a7b8f50769773e68f3a1b71a4ac51.param
0.992,0.89,-0.792,-0.987,0.8,-0.997,-0.882,-0.777,-0.978,-0.774,0.762,0.961,-0.923,-0.861,0.506,0.764,-0.983,-0.412,0.98,-0.875,-0.996,-0.975,0.756,0.829,-0.984,-0.988,-0.973,-0.968,0.978,0.984,0.903,0.898,0.983,0.698,0.994,0.987,0.96,-0.917,0.987,-0.919,0.972,-0.688,0.431,-0.773,0.981,-0.991,-0.782,-0.759,-0.972,0.982,0.968,-0.958,0.957,-0.976,-0.989,0.24,-0.865,0.85,-0.996,-0.992,0.928,0.982,-0.974,0.997,-0.996,-0.657,-0.585,-0.982,-0.987,-0.69,0.872,-0.979,0.964,0.885,-0.966,0.986,0.97,-0.986,-0.858,0.996,-0.995,0.839,-0.986,0.992,-0.981,-0.954,-0.972,0.996,0.988,0.761,-0.999,0.998,0.477,-0.931,-0.996,0.809,-0.977,0.995,-0.995,-0.995,4.954,4.284,10.547,10.511,10.601,10.576,10.582,10.513,5.021,4.39,10.518,10.499,5.381,4.911,10.564,10.502,EssenceCatalog/problems/csplib-prob010-SocialGolfers/params/3ad40958e8286fb4af87e056155a10ea.param
0.987,0.82,-0.644,-0.871,0.83,-0.993,-0.863,-0.788,-0.979,-0.721,0.718,0.958,-0.662,-0.885,-0.111,0.791,-0.974,0.004,0.964,-0.871,-0.993,-0.835,0.741,0.313,-0.971,-0.937,-0.969,-0.96,0.966,0.92,0.884,0.911,0.976,0.674,0.989,0.967,0.92,-0.89,0.99,-0.875,0.92,0.052,0.034,0.219,0.963,-0.988,-0.855,-0.883,-0.979,0.825,0.91,-0.955,0.938,-0.967,-0.976,0.591,-0.742,0.829,-0.992,-0.97,0.85,0.974,-0.877,0.991,-0.994,-0.665,-0.628,-0.979,-0.977,-0.697,0.851,-0.97,0.961,0.93,-0.973,0.972,0.907,-0.962,-0.786,0.994,-0.992,0.777,-0.972,0.982,-0.976,-0.96,-0.951,0.993,0.984,0.72,-0.997,0.997,0.672,-0.895,-0.993,0.871,-0.975,0.985,-0.991,-0.987,5.714,4.65,10.536,10.507,10.497,10.503,10.487,10.476,5.514,4.753,10.526,10.477,5.846,5.491,10.53,10.495,EssenceCatalog/problems/csplib-prob010-SocialGolfers/params/eb976070e0992fcfaf41c04d235a2ff8.param
0.987,0.794,-0.697,-0.876,0.845,-0.993,-0.871,-0.803,-0.982,-0.763,0.537,0.968,-0.123,-0.905,-0.497,0.772,-0.974,0.281,0.958,-0.851,-0.993,-0.732,0.734,-0.181,-0.969,-0.921,-0.967,-0.962,0.968,0.883,0.897,0.928,0.974,0.793,0.989,0.964,0.9,-0.922,0.992,-0.907,0.934,0.703,-0.48,0.226,0.964,-0.988,-0.85,-0.876,-0.981,0.821,0.873,-0.948,0.959,-0.968,-0.974,0.677,-0.798,0.834,-0.991,-0.956,0.807,0.972,-0.773,0.989,-0.993,-0.68,-0.633,-0.979,-0.977,-0.648,0.875,-0.969,0.974,0.945,-0.977,0.974,0.856,-0.952,-0.54,0.993,-0.992,0.842,-0.969,0.98,-0.974,-0.967,-0.951,0.993,0.985,0.704,-0.997,0.996,0.676,-0.836,-0.993,0.899,-0.981,0.977,-0.993,-0.985,6.257,5.031,10.557,10.545,10.471,10.483,10.461,10.494,5.943,5.144,10.556,10.536,6.223,5.949,10.535,10.551,EssenceCatalog/problems/csplib-prob010-SocialGolfers/params/db2d449a9ccbc4c37af7846f0e64f3be.param
0.992,0.869,-0.811,-0.98,0.83,-0.997,-0.849,-0.751,-0.978,-0.773,0.741,0.961,-0.842,-0.849,0.26,0.768,-0.984,-0.153,0.975,-0.867,-0.995,-0.973,0.665,0.674,-0.982,-0.985,-0.974,-0.963,0.974,0.982,0.886,0.91,0.981,0.751,0.993,0.983,0.95,-0.901,0.987,-0.905,0.963,-0.506,0.055,-0.687,0.979,-0.991,-0.798,-0.75,-0.974,0.975,0.968,-0.958,0.945,-0.974,-0.991,0.347,-0.871,0.818,-0.995,-0.99,0.911,0.978,-0.974,0.996,-0.995,-0.63,-0.551,-0.982,-0.986,-0.723,0.867,-0.977,0.961,0.894,-0.968,0.986,0.964,-0.981,-0.821,0.996,-0.995,0.849,-0.982,0.99,-0.977,-0.958,-0.968,0.995,0.985,0.763,-0.998,0.998,0.427,-0.885,-0.995,0.829,-0.979,0.994,-0.994,-0.994,5.116,4.427,10.535,10.532,10.565,10.562,10.552,10.522,5.154,4.532,10.509,10.529,5.505,5.11,10.568,10.516,EssenceCatalog/problems/csplib-prob010-SocialGolfers/params/881f5dfacb6777995498acb94f699642.param
0.991,0.836,-0.814,-0.974,0.842,-0.996,-0.853,-0.766,-0.979,-0.771,0.675,0.964,-0.706,-0.853,0.033,0.761,-0.982,-0.001,0.974,-0.865,-0.995,-0.963,0.645,0.526,-0.98,-0.982,-0.971,-0.957,0.973,0.976,0.883,0.916,0.979,0.781,0.992,0.978,0.944,-0.913,0.988,-0.893,0.96,-0.253,-0.215,-0.586,0.978,-0.99,-0.789,-0.749,-0.972,0.969,0.957,-0.955,0.952,-0.974,-0.987,0.428,-0.874,0.811,-0.995,-0.987,0.887,0.977,-0.965,0.995,-0.995,-0.641,-0.511,-0.979,-0.985,-0.701,0.874,-0.978,0.966,0.908,-0.971,0.982,0.954,-0.973,-0.769,0.995,-0.995,0.847,-0.981,0.988,-0.974,-0.957,-0.965,0.995,0.986,0.759,-0.998,0.997,0.454,-0.863,-0.995,0.857,-0.982,0.992,-0.995,-0.992,5.295,4.57,10.542,10.557,10.539,10.545,10.529,10.538,5.306,4.673,10.521,10.555,5.638,5.287,10.575,10.539,EssenceCatalog/problems/csplib-prob010-SocialGolfers/params/c82ec636fe8bcb2aa844fe27d9c5f38a.param
0.989,0.877,-0.668,-0.962,0.79,-0.996,-0.866,-0.776,-0.977,-0.733,0.791,0.955,-0.914,-0.866,0.383,0.797,-0.98,-0.379,0.974,-0.868,-0.994,-0.951,0.776,0.767,-0.979,-0.976,-0.974,-0.966,0.97,0.973,0.892,0.894,0.98,0.633,0.992,0.981,0.947,-0.89,0.987,-0.907,0.953,-0.623,0.485,-0.434,0.973,-0.99,-0.82,-0.83,-0.974,0.95,0.956,-0.962,0.939,-0.969,-0.987,0.335,-0.783,0.832,-0.995,-0.987,0.906,0.979,-0.955,0.995,-0.995,-0.641,-0.621,-0.981,-0.982,-0.711,0.851,-0.973,0.956,0.895,-0.967,0.981,0.951,-0.98,-0.863,0.995,-0.993,0.79,-0.98,0.989,-0.98,-0.959,-0.963,0.994,0.985,0.73,-0.998,0.997,0.592,-0.933,-0.994,0.805,-0.971,0.993,-0.992,-0.992,5.078,4.3,10.514,10.477,10.553,10.539,10.536,10.466,5.073,4.402,10.487,10.452,5.439,4.973,10.525,10.459,EssenceCatalog/problems/csplib-prob010-SocialGolfers/params/e1277e38eb3d6dee4dde409c6caf6609.param
0.99,0.903,-0.656,-0.974,0.767,-0.997,-0.885,-0.781,-0.976,-0.745,0.833,0.952,-0.961,-0.868,0.604,0.793,-0.981,-0.574,0.978,-0.877,-0.995,-0.959,0.82,0.875,-0.983,-0.982,-0.975,-0.972,0.973,0.978,0.902,0.884,0.982,0.558,0.993,0.986,0.958,-0.89,0.986,-0.921,0.962,-0.791,0.727,-0.608,0.976,-0.99,-0.82,-0.827,-0.972,0.965,0.963,-0.964,0.943,-0.972,-0.987,0.215,-0.785,0.854,-0.996,-0.99,0.93,0.982,-0.965,0.996,-0.996,-0.645,-0.661,-0.983,-0.984,-0.72,0.845,-0.974,0.954,0.879,-0.964,0.984,0.961,-0.986,-0.898,0.996,-0.994,0.788,-0.983,0.991,-0.983,-0.957,-0.968,0.994,0.987,0.742,-0.998,0.998,0.592,-0.954,-0.995,0.768,-0.969,0.995,-0.993,-0.994,4.921,4.181,10.514,10.456,10.578,10.547,10.555,10.456,4.949,4.287,10.484,10.428,5.32,4.806,10.519,10.444,EssenceCatalog/problems/csplib-prob010-SocialGolfers/params/701178f144cbb28a5b8c3ebbeeb5e1b9.param
0.993,0.841,-0.724,-0.953,-0.736,-0.997,0.711,-0.381,0.971,-0.422,0.663,0.987,-0.974,0.988,-0.979,0.98,-0.987,0.767,0.978,-0.112,-0.989,-0.977,0.81,-0.858,-0.991,-0.995,-0.98,-0.942,0.995,0.973,0.948,0.971,0.995,0.987,0.997,0.995,0.974,-0.947,-0.994,-0.683,0.987,-0.924,-0.953,0.773,0.981,-0.949,0.872,0.99,0.99,0.98,0.988,0.823,0.976,-0.905,-0.995,-0.964,-0.9,0.947,-0.997,-0.993,0.931,0.986,-0.975,0.998,-0.991,-0.795,-0.854,-0.993,-0.997,-0.968,0.984,-0.991,-0.96,-0.981,0.983,0.995,0.987,-0.994,-0.94,0.995,-0.996,0.736,-0.979,0.985,-0.989,-0.35,-0.983,0.996,0.994,0.858,-0.997,0.993,0.951,-0.931,-0.996,-0.977,-0.981,0.994,-0.996,-0.993,4.08,3.386,4.719,10.031,10.512,10.365,10.529,10.71,4.115,3.615,4.775,10.026,4.685,4.22,5.843,10.067,EssenceCatalog/problems/csplib-prob010-SocialGolfers/params/611673efb23e8be8efae36d31e772a5a.param
0.986,0.827,-0.604,-0.885,0.808,-0.994,-0.883,-0.816,-0.98,-0.744,0.659,0.963,-0.651,-0.897,-0.194,0.794,-0.972,-0.064,0.965,-0.862,-0.993,-0.773,0.805,0.285,-0.972,-0.934,-0.969,-0.968,0.971,0.906,0.898,0.914,0.976,0.694,0.99,0.969,0.922,-0.917,0.991,-0.908,0.939,0.353,0.067,0.208,0.964,-0.988,-0.855,-0.882,-0.978,0.829,0.879,-0.951,0.955,-0.968,-0.971,0.573,-0.73,0.85,-0.992,-0.966,0.845,0.976,-0.802,0.991,-0.994,-0.687,-0.662,-0.98,-0.975,-0.668,0.868,-0.97,0.97,0.936,-0.972,0.974,0.879,-0.962,-0.713,0.993,-0.992,0.802,-0.972,0.983,-0.979,-0.963,-0.954,0.994,0.986,0.704,-0.997,0.997,0.719,-0.906,-0.993,0.861,-0.976,0.982,-0.992,-0.987,5.813,4.706,10.561,10.526,10.513,10.506,10.492,10.468,5.598,4.809,10.551,10.482,5.919,5.525,10.534,10.514,EssenceCatalog/problems/csplib-prob010-SocialGolfers/params/c63dfa312a25fbfc9cbc131efac09883.param
0.99,0.81,-0.843,-0.956,0.87,-0.995,-0.836,-0.714,-0.98,-0.793,0.562,0.971,-0.087,-0.878,-0.373,0.723,-0.981,0.432,0.959,-0.845,-0.994,-0.906,0.501,-0.17,-0.975,-0.967,-0.968,-0.957,0.967,0.947,0.882,0.93,0.977,0.819,0.99,0.974,0.913,-0.907,0.988,-0.884,0.947,0.538,-0.676,-0.291,0.974,-0.99,-0.823,-0.775,-0.979,0.944,0.946,-0.943,0.954,-0.972,-0.986,0.636,-0.879,0.803,-0.993,-0.979,0.843,0.968,-0.932,0.992,-0.995,-0.665,-0.595,-0.981,-0.985,-0.698,0.87,-0.974,0.967,0.925,-0.972,0.983,0.934,-0.968,-0.57,0.995,-0.994,0.88,-0.975,0.984,-0.975,-0.962,-0.958,0.994,0.982,0.734,-0.997,0.997,0.428,-0.738,-0.995,0.887,-0.984,0.987,-0.995,-0.989,5.957,4.998,10.551,10.563,10.492,10.519,10.48,10.529,5.783,5.115,10.552,10.586,6.069,5.859,10.567,10.574,EssenceCatalog/problems/csplib-prob010-SocialGolfers/params/6d09f55f01936d3219586aeb2e40868c.param
0.991,0.841,-0.824,-0.97,0.849,-0.996,-0.835,-0.717,-0.978,-0.78,0.658,0.967,-0.555,-0.862,-0.096,0.742,-0.982,0.189,0.966,-0.852,-0.995,-0.947,0.56,0.255,-0.978,-0.977,-0.971,-0.959,0.97,0.968,0.883,0.919,0.978,0.782,0.991,0.978,0.93,-0.9,0.987,-0.89,0.954,0.075,-0.403,-0.466,0.977,-0.99,-0.807,-0.756,-0.976,0.962,0.958,-0.949,0.95,-0.972,-0.988,0.517,-0.871,0.804,-0.994,-0.985,0.874,0.972,-0.957,0.994,-0.995,-0.651,-0.585,-0.982,-0.985,-0.709,0.867,-0.975,0.962,0.908,-0.969,0.985,0.95,-0.976,-0.697,0.996,-0.994,0.861,-0.978,0.987,-0.977,-0.958,-0.962,0.995,0.983,0.734,-0.998,0.997,0.432,-0.817,-0.995,0.858,-0.981,0.991,-0.994,-0.992,5.522,4.718,10.541,10.558,10.525,10.54,10.512,10.528,5.47,4.828,10.532,10.563,5.787,5.49,10.573,10.552,EssenceCatalog/problems/csplib-prob010-SocialGolfers/params/3ad3bf3058987b3a8d093f64381c5995.param
0.999,0.967,-0.955,0.981,0.982,-0.996,-0.987,-0.986,-0.991,-0.983,0.973,0.994,0.989,-0.978,-0.991,0.981,-0.987,0.984,0.992,-0.984,-0.998,0.991,0.988,-0.987,-0.994,0.976,-0.99,-0.997,0.996,-0.977,0.985,0.994,0.994,0.975,0.996,0.994,0.985,-0.987,0.988,-0.988,0.949,0.996,-0.982,0.989,0.909,-0.998,-0.99,-0.983,-0.981,-0.984,0.953,-0.989,0.992,-0.995,-0.786,0.985,-0.977,0.99,-0.998,-0.942,0.978,0.995,0.966,0.994,-0.999,-0.981,-0.986,-0.997,-0.995,-0.987,0.988,-0.995,0.976,0.989,-0.996,0.997,0.215,-0.94,-0.943,0.996,-0.999,0.982,-0.989,0.987,-0.996,-0.996,-0.989,0.999,0.998,0.988,-1.0,0.998,0.986,-0.98,-0.997,0.992,-0.997,0.989,-0.998,-0.994,9.86,5.834,10.429,10.363,10.466,10.366,10.506,10.453,7.685,6.163,10.41,10.307,8.106,7.913,10.407,10.409,EssenceCatalog/problems/csplib-prob010-SocialGolfers/params/547f0a376c0a2691ba4a29131864a498.param
0.991,0.78,-0.903,-0.922,0.91,-0.994,-0.832,-0.708,-0.982,-0.837,0.424,0.979,0.747,-0.898,-0.752,0.731,-0.983,0.788,0.948,-0.839,-0.993,-0.785,0.367,-0.756,-0.976,-0.942,-0.97,-0.957,0.965,0.882,0.896,0.955,0.978,0.9,0.989,0.971,0.886,-0.92,0.989,-0.894,0.938,0.892,-0.932,-0.061,0.971,-0.99,-0.853,-0.791,-0.982,0.905,0.944,-0.94,0.961,-0.975,-0.985,0.789,-0.925,0.817,-0.992,-0.969,0.81,0.964,-0.887,0.989,-0.995,-0.708,-0.637,-0.985,-0.987,-0.719,0.892,-0.977,0.972,0.946,-0.978,0.986,0.915,-0.959,-0.346,0.995,-0.994,0.924,-0.972,0.981,-0.975,-0.974,-0.957,0.995,0.982,0.782,-0.997,0.997,0.413,-0.53,-0.996,0.928,-0.988,0.982,-0.996,-0.988,6.614,5.383,10.569,10.56,10.448,10.497,10.459,10.534,6.239,5.529,10.572,10.613,6.487,6.41,10.575,10.607,EssenceCatalog/problems/csplib-prob010-SocialGolfers/params/6aee84d8b68afbdfc41679e64065a36a.param
0.991,0.847,-0.834,-0.979,0.839,-0.996,-0.842,-0.728,-0.978,-0.792,0.646,0.968,-0.6,-0.858,-0.058,0.743,-0.983,0.129,0.968,-0.852,-0.995,-0.958,0.585,0.318,-0.98,-0.982,-0.972,-0.96,0.972,0.974,0.887,0.92,0.979,0.796,0.992,0.98,0.935,-0.908,0.987,-0.899,0.962,0.038,-0.385,-0.577,0.979,-0.99,-0.787,-0.729,-0.975,0.973,0.96,-0.946,0.956,-0.973,-0.989,0.474,-0.881,0.812,-0.994,-0.987,0.881,0.973,-0.961,0.995,-0.995,-0.65,-0.57,-0.981,-0.986,-0.699,0.876,-0.976,0.964,0.904,-0.968,0.986,0.955,-0.977,-0.693,0.996,-0.995,0.864,-0.98,0.988,-0.977,-0.956,-0.966,0.995,0.984,0.732,-0.998,0.998,0.424,-0.827,-0.995,0.852,-0.982,0.991,-0.995,-0.993,5.439,4.683,10.542,10.564,10.532,10.543,10.518,10.532,5.424,4.792,10.531,10.567,5.741,5.425,10.576,10.555,EssenceCatalog/problems/csplib-prob010-SocialGolfers/params/d06df902ecc7f251ee97f3e4f3ca2132.param
0.997,0.842,-0.961,0.453,0.978,-0.993,-0.879,-0.772,-0.979,-0.853,0.927,0.983,0.963,-0.896,-0.916,0.905,-0.985,0.981,0.963,-0.957,-0.994,0.206,0.251,-0.97,-0.979,-0.288,-0.97,-0.972,0.973,-0.08,0.926,0.987,0.991,0.936,0.992,0.973,0.927,-0.846,0.984,-0.748,0.705,0.844,-0.985,0.924,0.924,-0.995,-0.963,-0.929,-0.986,-0.386,0.98,-0.967,0.938,-0.987,-0.977,0.94,-0.955,0.908,-0.996,-0.969,0.88,0.978,-0.877,0.988,-0.997,-0.899,-0.868,-0.994,-0.992,-0.928,0.922,-0.99,0.888,0.954,-0.987,0.99,0.951,-0.951,-0.909,0.999,-0.997,0.933,-0.979,0.976,-0.988,-0.986,-0.963,0.997,0.987,0.96,-0.998,0.998,0.69,-0.659,-0.997,0.976,-0.993,0.991,-0.997,-0.985,8.556,5.619,10.502,10.453,10.479,10.518,10.501,10.559,7.024,5.928,10.516,10.447,7.419,7.473,10.497,10.471,EssenceCatalog/problems/csplib-prob010-SocialGolfers/params/c550f9c350ec610fb16327016723ebd8.param
0.999,0.966,-0.976,0.991,0.989,-0.996,-0.987,-0.986,-0.987,-0.977,0.987,0.994,0.994,-0.967,-0.991,0.98,-0.987,0.993,0.991,-0.991,-0.998,0.992,0.978,-0.991,-0.994,0.976,-0.987,-0.996,0.996,-0.981,0.982,0.996,0.995,0.973,0.997,0.994,0.986,-0.973,0.989,-0.975,0.886,0.989,-0.99,0.994,0.872,-0.998,-0.993,-0.98,-0.985,-0.99,0.979,-0.99,0.99,-0.996,-0.77,0.989,-0.982,0.99,-0.999,-0.95,0.978,0.996,0.872,0.995,-0.999,-0.987,-0.982,-0.997,-0.995,-0.991,0.988,-0.997,0.952,0.989,-0.996,0.997,0.721,-0.938,-0.975,0.998,-0.999,0.981,-0.99,0.985,-0.997,-0.997,-0.991,0.999,0.999,0.993,-1.0,0.999,0.982,-0.971,-0.998,0.993,-0.997,0.993,-0.998,-0.994,9.892,5.85,10.477,10.418,10.524,10.439,10.572,10.53,7.684,6.185,10.464,10.361,8.126,7.965,10.461,10.452,EssenceCatalog/problems/csplib-prob010-SocialGolfers/params/8c2957f17b342c0e27aa2c5083653937.param
0.996,0.83,-0.946,0.434,0.974,-0.993,-0.874,-0.793,-0.98,-0.835,0.912,0.979,0.933,-0.894,-0.895,0.891,-0.985,0.969,0.965,-0.953,-0.994,0.041,0.407,-0.94,-0.977,-0.368,-0.971,-0.968,0.973,0.07,0.911,0.983,0.99,0.925,0.992,0.97,0.93,-0.849,0.985,-0.751,0.729,0.794,-0.975,0.913,0.924,-0.994,-0.959,-0.931,-0.986,-0.386,0.975,-0.973,0.934,-0.986,-0.974,0.932,-0.939,0.898,-0.996,-0.966,0.882,0.979,-0.861,0.989,-0.997,-0.885,-0.826,-0.993,-0.991,-0.925,0.916,-0.989,0.91,0.96,-0.987,0.988,0.94,-0.943,-0.909,0.998,-0.997,0.925,-0.978,0.976,-0.986,-0.987,-0.956,0.997,0.988,0.952,-0.997,0.998,0.674,-0.688,-0.996,0.974,-0.992,0.991,-0.996,-0.984,8.437,5.6,10.532,10.485,10.49,10.53,10.513,10.586,6.976,5.896,10.54,10.487,7.368,7.408,10.524,10.505,EssenceCatalog/problems/csplib-prob010-SocialGolfers/params/b6db8b4727fac5c5bdb1209f59a25b59.param
0.99,0.796,-0.856,-0.948,0.88,-0.994,-0.835,-0.714,-0.98,-0.798,0.528,0.972,0.136,-0.882,-0.474,0.72,-0.981,0.529,0.956,-0.844,-0.994,-0.887,0.471,-0.333,-0.975,-0.962,-0.967,-0.955,0.966,0.936,0.882,0.936,0.976,0.838,0.989,0.972,0.907,-0.909,0.989,-0.88,0.944,0.647,-0.761,-0.228,0.973,-0.99,-0.829,-0.781,-0.98,0.934,0.943,-0.943,0.955,-0.973,-0.985,0.677,-0.887,0.803,-0.993,-0.976,0.831,0.966,-0.925,0.991,-0.994,-0.671,-0.592,-0.982,-0.985,-0.701,0.873,-0.974,0.968,0.931,-0.974,0.983,0.929,-0.964,-0.531,0.995,-0.994,0.888,-0.974,0.983,-0.974,-0.964,-0.956,0.994,0.982,0.742,-0.997,0.997,0.422,-0.696,-0.995,0.9,-0.985,0.985,-0.995,-0.989,6.128,5.102,10.552,10.56,10.475,10.509,10.469,10.53,5.903,5.225,10.555,10.592,6.177,6.006,10.566,10.58,EssenceCatalog/problems/csplib-prob010-SocialGolfers/params/95d8f74076b37f4308f412cf4af9477b.param
0.999,0.967,-0.97,0.993,0.989,-0.995,-0.985,-0.985,-0.981,-0.971,0.989,0.993,0.99,-0.96,-0.987,0.982,-0.984,0.992,0.991,-0.991,-0.998,0.991,0.976,-0.989,-0.993,0.979,-0.985,-0.995,0.996,-0.981,0.98,0.996,0.995,0.966,0.997,0.993,0.987,-0.97,0.986,-0.968,0.876,0.98,-0.983,0.995,0.853,-0.998,-0.992,-0.977,-0.983,-0.991,0.98,-0.988,0.988,-0.996,-0.783,0.987,-0.977,0.99,-0.999,-0.95,0.979,0.996,0.846,0.995,-0.999,-0.986,-0.983,-0.997,-0.995,-0.991,0.988,-0.997,0.932,0.986,-0.995,0.996,0.766,-0.941,-0.981,0.998,-0.999,0.975,-0.99,0.983,-0.997,-0.995,-0.991,0.999,0.999,0.993,-1.0,0.999,0.985,-0.978,-0.997,0.992,-0.996,0.993,-0.998,-0.994,9.883,5.84,10.465,10.412,10.52,10.437,10.567,10.526,7.672,6.176,10.454,10.354,8.116,7.96,10.453,10.445,EssenceCatalog/problems/csplib-prob010-SocialGolfers/params/75ec9d9a8424bd19ab21a8e067a45e6f.param
0.994,0.852,-0.728,-0.964,-0.724,-0.997,0.661,-0.424,0.96,-0.447,0.662,0.987,-0.978,0.985,-0.972,0.978,-0.988,0.723,0.982,-0.164,-0.992,-0.976,0.823,-0.825,-0.993,-0.996,-0.983,-0.951,0.995,0.977,0.947,0.97,0.996,0.985,0.997,0.996,0.978,-0.951,-0.991,-0.727,0.989,-0.915,-0.937,0.691,0.984,-0.963,0.839,0.988,0.986,0.983,0.988,0.774,0.979,-0.923,-0.995,-0.955,-0.904,0.948,-0.998,-0.995,0.946,0.987,-0.974,0.999,-0.993,-0.8,-0.851,-0.993,-0.997,-0.968,0.985,-0.993,-0.941,-0.973,0.976,0.997,0.986,-0.995,-0.939,0.995,-0.996,0.768,-0.983,0.989,-0.991,-0.43,-0.986,0.997,0.995,0.855,-0.998,0.995,0.947,-0.936,-0.997,-0.973,-0.984,0.995,-0.997,-0.995,4.095,3.409,4.819,10.07,10.544,10.401,10.56,10.734,4.132,3.639,4.872,10.07,4.702,4.237,5.935,10.112,EssenceCatalog/problems/csplib-prob010-SocialGolfers/params/846bb82ffdf26a833442950e25f43906.param
0.99,0.795,-0.856,-0.944,0.882,-0.994,-0.845,-0.725,-0.981,-0.815,0.433,0.976,0.421,-0.893,-0.609,0.725,-0.981,0.614,0.953,-0.836,-0.993,-0.835,0.496,-0.516,-0.975,-0.956,-0.968,-0.959,0.967,0.914,0.893,0.941,0.976,0.863,0.989,0.972,0.897,-0.922,0.989,-0.901,0.949,0.818,-0.838,-0.151,0.973,-0.99,-0.832,-0.788,-0.98,0.928,0.931,-0.939,0.964,-0.973,-0.983,0.716,-0.894,0.813,-0.992,-0.97,0.819,0.966,-0.886,0.99,-0.994,-0.689,-0.623,-0.983,-0.985,-0.672,0.883,-0.974,0.973,0.94,-0.975,0.984,0.912,-0.963,-0.372,0.994,-0.994,0.903,-0.973,0.982,-0.975,-0.968,-0.958,0.994,0.983,0.738,-0.997,0.997,0.46,-0.672,-0.995,0.91,-0.986,0.982,-0.995,-0.989,6.349,5.234,10.559,10.56,10.459,10.494,10.458,10.524,6.068,5.364,10.564,10.597,6.326,6.173,10.563,10.591,EssenceCatalog/problems/csplib-prob010-SocialGolfers/params/7ae4e61607172482905ed6231ec4439f.param
0.997,0.832,-0.967,0.224,0.977,-0.994,-0.889,-0.809,-0.985,-0.886,0.856,0.986,0.985,-0.922,-0.955,0.889,-0.987,0.982,0.961,-0.942,-0.994,0.361,0.326,-0.981,-0.982,-0.317,-0.976,-0.975,0.975,-0.097,0.934,0.988,0.99,0.96,0.991,0.974,0.913,-0.906,0.988,-0.857,0.784,0.96,-0.992,0.869,0.932,-0.994,-0.963,-0.925,-0.988,-0.227,0.975,-0.966,0.961,-0.987,-0.977,0.948,-0.968,0.912,-0.995,-0.963,0.869,0.978,-0.773,0.987,-0.997,-0.892,-0.851,-0.994,-0.992,-0.914,0.936,-0.99,0.943,0.97,-0.99,0.992,0.92,-0.942,-0.786,0.998,-0.997,0.959,-0.978,0.977,-0.987,-0.991,-0.965,0.997,0.989,0.954,-0.998,0.998,0.681,-0.535,-0.997,0.98,-0.994,0.988,-0.998,-0.986,8.555,5.674,10.561,10.483,10.511,10.532,10.536,10.562,7.076,5.983,10.567,10.481,7.447,7.465,10.533,10.515,EssenceCatalog/problems/csplib-prob010-SocialGolfers/params/fa3aba8f1f8fef1f15f18611a8bb0bf3.param
0.99,0.882,-0.672,-0.971,0.767,-0.997,-0.875,-0.795,-0.976,-0.742,0.774,0.958,-0.932,-0.858,0.415,0.805,-0.981,-0.452,0.978,-0.87,-0.995,-0.958,0.81,0.805,-0.981,-0.981,-0.974,-0.967,0.975,0.977,0.9,0.898,0.981,0.658,0.993,0.982,0.953,-0.907,0.987,-0.92,0.963,-0.651,0.526,-0.532,0.976,-0.99,-0.8,-0.807,-0.97,0.962,0.953,-0.959,0.95,-0.971,-0.986,0.25,-0.794,0.847,-0.995,-0.988,0.911,0.982,-0.957,0.996,-0.995,-0.653,-0.607,-0.981,-0.983,-0.702,0.864,-0.976,0.961,0.891,-0.965,0.981,0.953,-0.98,-0.862,0.995,-0.994,0.798,-0.982,0.99,-0.98,-0.959,-0.966,0.995,0.987,0.734,-0.998,0.998,0.607,-0.942,-0.994,0.792,-0.972,0.993,-0.993,-0.993,5.02,4.275,10.516,10.493,10.57,10.549,10.553,10.482,5.041,4.377,10.488,10.467,5.405,4.92,10.528,10.474,EssenceCatalog/problems/csplib-prob010-SocialGolfers/params/2886a83ea36b0aa74b084f9f760cf362.param
0.99,0.83,-0.839,-0.969,0.856,-0.995,-0.827,-0.703,-0.978,-0.796,0.582,0.971,-0.28,-0.867,-0.284,0.73,-0.982,0.356,0.961,-0.84,-0.994,-0.93,0.517,-0.023,-0.978,-0.975,-0.971,-0.96,0.969,0.96,0.886,0.925,0.978,0.814,0.991,0.978,0.918,-0.906,0.986,-0.894,0.955,0.42,-0.615,-0.4,0.977,-0.99,-0.802,-0.746,-0.976,0.96,0.954,-0.942,0.956,-0.972,-0.988,0.583,-0.882,0.803,-0.993,-0.983,0.859,0.968,-0.944,0.993,-0.995,-0.66,-0.607,-0.982,-0.986,-0.697,0.871,-0.973,0.964,0.912,-0.967,0.986,0.943,-0.975,-0.593,0.996,-0.994,0.877,-0.977,0.986,-0.977,-0.96,-0.96,0.994,0.983,0.725,-0.998,0.997,0.425,-0.77,-0.995,0.868,-0.983,0.989,-0.995,-0.991,5.781,4.903,10.541,10.57,10.509,10.53,10.493,10.529,5.665,5.016,10.54,10.584,5.961,5.719,10.564,10.572,EssenceCatalog/problems/csplib-prob010-SocialGolfers/params/290f42ff09f98f3f33e301b76bab68db.param
0.991,0.778,-0.901,-0.907,0.915,-0.994,-0.839,-0.705,-0.982,-0.834,0.438,0.979,0.763,-0.901,-0.756,0.728,-0.981,0.798,0.948,-0.844,-0.993,-0.747,0.368,-0.766,-0.975,-0.932,-0.969,-0.958,0.964,0.859,0.895,0.954,0.977,0.895,0.989,0.97,0.883,-0.918,0.989,-0.887,0.933,0.898,-0.931,0.027,0.969,-0.99,-0.862,-0.808,-0.982,0.887,0.94,-0.942,0.96,-0.976,-0.983,0.802,-0.921,0.817,-0.992,-0.966,0.81,0.964,-0.875,0.988,-0.995,-0.714,-0.644,-0.985,-0.987,-0.716,0.888,-0.976,0.971,0.949,-0.979,0.986,0.908,-0.957,-0.349,0.995,-0.994,0.922,-0.971,0.98,-0.975,-0.974,-0.956,0.995,0.983,0.787,-0.997,0.997,0.428,-0.538,-0.995,0.933,-0.988,0.981,-0.996,-0.987,6.677,5.394,10.57,10.552,10.444,10.494,10.458,10.529,6.27,5.543,10.572,10.603,6.519,6.446,10.572,10.601,EssenceCatalog/problems/csplib-prob010-SocialGolfers/params/84e266adad7830eefe90eae125f4a026.param
0.988,0.865,-0.591,-0.945,0.746,-0.995,-0.888,-0.819,-0.977,-0.734,0.732,0.961,-0.894,-0.875,0.191,0.816,-0.976,-0.386,0.976,-0.869,-0.994,-0.903,0.845,0.683,-0.978,-0.968,-0.973,-0.969,0.975,0.956,0.907,0.906,0.981,0.65,0.992,0.977,0.944,-0.918,0.989,-0.92,0.957,-0.328,0.473,-0.163,0.972,-0.989,-0.816,-0.85,-0.972,0.922,0.917,-0.953,0.957,-0.969,-0.979,0.35,-0.74,0.859,-0.994,-0.98,0.883,0.982,-0.901,0.994,-0.995,-0.675,-0.636,-0.979,-0.98,-0.669,0.871,-0.973,0.966,0.912,-0.967,0.977,0.924,-0.974,-0.823,0.994,-0.994,0.769,-0.978,0.987,-0.98,-0.958,-0.964,0.994,0.989,0.712,-0.998,0.997,0.714,-0.944,-0.994,0.809,-0.974,0.989,-0.993,-0.991,5.262,4.386,10.531,10.509,10.555,10.536,10.534,10.477,5.21,4.486,10.507,10.464,5.564,5.082,10.527,10.484,EssenceCatalog/problems/csplib-prob010-SocialGolfers/params/06c9a4a5633725d94a6bf7cca5a6f64c.param
0.986,0.856,-0.499,-0.852,0.783,-0.994,-0.904,-0.838,-0.979,-0.746,0.733,0.962,-0.812,-0.907,-0.041,0.818,-0.97,-0.272,0.971,-0.875,-0.993,-0.696,0.867,0.473,-0.974,-0.922,-0.972,-0.975,0.974,0.886,0.911,0.913,0.978,0.606,0.991,0.972,0.932,-0.92,0.99,-0.92,0.941,0.17,0.458,0.33,0.961,-0.989,-0.87,-0.906,-0.978,0.773,0.866,-0.955,0.956,-0.969,-0.965,0.533,-0.677,0.878,-0.993,-0.967,0.873,0.981,-0.744,0.993,-0.995,-0.717,-0.723,-0.981,-0.974,-0.681,0.864,-0.97,0.968,0.933,-0.973,0.974,0.877,-0.967,-0.799,0.993,-0.993,0.771,-0.974,0.984,-0.983,-0.963,-0.959,0.994,0.989,0.717,-0.998,0.997,0.793,-0.943,-0.993,0.84,-0.974,0.984,-0.991,-0.988,5.732,4.562,10.57,10.497,10.535,10.511,10.508,10.436,5.493,4.665,10.55,10.427,5.838,5.37,10.53,10.48,EssenceCatalog/problems/csplib-prob010-SocialGolfers/params/b72bd082a8433c5b8ab40ff9f48c86ec.param
0.986,0.854,-0.475,-0.732,0.814,-0.994,-0.922,-0.886,-0.987,-0.813,0.666,0.97,-0.559,-0.942,-0.435,0.852,-0.972,-0.097,0.968,-0.876,-0.994,-0.266,0.908,0.107,-0.974,-0.819,-0.975,-0.983,0.98,0.75,0.931,0.932,0.978,0.721,0.991,0.972,0.932,-0.947,0.993,-0.947,0.95,0.758,0.249,0.517,0.957,-0.99,-0.9,-0.935,-0.984,0.511,0.791,-0.962,0.968,-0.972,-0.955,0.673,-0.684,0.9,-0.992,-0.95,0.87,0.982,-0.29,0.992,-0.996,-0.759,-0.79,-0.984,-0.972,-0.694,0.89,-0.972,0.98,0.955,-0.982,0.979,0.773,-0.963,-0.673,0.993,-0.993,0.847,-0.974,0.984,-0.985,-0.972,-0.963,0.994,0.991,0.743,-0.998,0.998,0.857,-0.943,-0.994,0.885,-0.98,0.978,-0.992,-0.989,6.498,4.884,10.594,10.487,10.514,10.469,10.483,10.387,5.972,5.0,10.559,10.408,6.3,5.842,10.514,10.478,EssenceCatalog/problems/csplib-prob010-SocialGolfers/params/4045e38d784b08b2deb4f0499831100d.param
0.999,0.963,-0.948,0.956,0.977,-0.997,-0.987,-0.984,-0.995,-0.982,0.957,0.994,0.989,-0.985,-0.992,0.978,-0.99,0.977,0.992,-0.977,-0.998,0.986,0.986,-0.985,-0.994,0.96,-0.991,-0.997,0.995,-0.96,0.986,0.993,0.994,0.981,0.995,0.994,0.981,-0.988,0.993,-0.992,0.962,0.997,-0.985,0.977,0.922,-0.998,-0.988,-0.986,-0.987,-0.971,0.939,-0.99,0.992,-0.995,-0.865,0.982,-0.978,0.988,-0.998,-0.943,0.973,0.994,0.964,0.995,-0.999,-0.972,-0.981,-0.997,-0.994,-0.98,0.985,-0.994,0.987,0.991,-0.997,0.997,0.039,-0.942,-0.898,0.996,-0.998,0.986,-0.987,0.986,-0.995,-0.997,-0.989,0.999,0.998,0.984,-1.0,0.999,0.982,-0.973,-0.997,0.992,-0.997,0.988,-0.998,-0.995,9.819,5.827,10.42,10.346,10.446,10.342,10.482,10.423,7.674,6.152,10.398,10.294,8.087,7.884,10.394,10.399,EssenceCatalog/problems/csplib-prob010-SocialGolfers/params/93bafe2c14b2f72701ea6213a29c17ff.param
0.993,0.779,-0.937,-0.707,0.949,-0.993,-0.841,-0.731,-0.984,-0.856,0.589,0.982,0.936,-0.913,-0.887,0.784,-0.984,0.924,0.947,-0.878,-0.993,-0.431,0.266,-0.924,-0.977,-0.831,-0.972,-0.961,0.964,0.657,0.906,0.973,0.982,0.934,0.988,0.968,0.881,-0.912,0.989,-0.871,0.89,0.945,-0.976,0.437,0.959,-0.992,-0.913,-0.859,-0.985,0.667,0.955,-0.951,0.957,-0.98,-0.983,0.886,-0.946,0.846,-0.993,-0.963,0.816,0.967,-0.839,0.986,-0.996,-0.779,-0.72,-0.989,-0.989,-0.805,0.906,-0.982,0.965,0.96,-0.985,0.988,0.904,-0.948,-0.472,0.996,-0.995,0.942,-0.972,0.977,-0.978,-0.983,-0.955,0.995,0.983,0.871,-0.997,0.997,0.485,-0.425,-0.996,0.958,-0.991,0.982,-0.997,-0.985,7.285,5.547,10.627,10.581,10.499,10.554,10.534,10.584,6.566,5.747,10.621,10.626,6.839,6.831,10.614,10.643,EssenceCatalog/problems/csplib-prob010-SocialGolfers/params/2094fa47f916b46302b5f073e7c1a2eb.param
0.999,0.969,-0.967,0.99,0.987,-0.996,-0.986,-0.987,-0.987,-0.98,0.985,0.994,0.991,-0.971,-0.99,0.982,-0.986,0.99,0.992,-0.99,-0.998,0.992,0.985,-0.989,-0.994,0.98,-0.988,-0.997,0.996,-0.982,0.983,0.995,0.995,0.971,0.997,0.994,0.988,-0.981,0.986,-0.982,0.922,0.991,-0.986,0.993,0.884,-0.998,-0.992,-0.981,-0.982,-0.99,0.974,-0.989,0.991,-0.996,-0.78,0.988,-0.98,0.99,-0.999,-0.952,0.981,0.996,0.934,0.995,-0.999,-0.986,-0.986,-0.997,-0.995,-0.991,0.989,-0.996,0.959,0.989,-0.995,0.997,0.581,-0.944,-0.972,0.997,-0.999,0.981,-0.99,0.986,-0.997,-0.997,-0.991,0.999,0.999,0.992,-1.0,0.999,0.986,-0.98,-0.998,0.992,-0.997,0.993,-0.998,-0.994,9.893,5.848,10.467,10.407,10.514,10.424,10.56,10.512,7.691,6.181,10.452,10.351,8.128,7.955,10.45,10.445,EssenceCatalog/problems/csplib-prob010-SocialGolfers/params/a0262b3cd728691e6777302ab3228216.param
0.991,0.831,-0.853,-0.971,0.858,-0.995,-0.824,-0.695,-0.978,-0.793,0.614,0.97,-0.338,-0.86,-0.237,0.731,-0.983,0.35,0.963,-0.847,-0.994,-0.943,0.491,0.029,-0.978,-0.977,-0.971,-0.958,0.969,0.965,0.883,0.926,0.979,0.813,0.991,0.978,0.923,-0.902,0.986,-0.885,0.954,0.292,-0.603,-0.455,0.978,-0.99,-0.801,-0.731,-0.976,0.964,0.96,-0.943,0.953,-0.973,-0.989,0.563,-0.888,0.801,-0.994,-0.985,0.866,0.969,-0.956,0.994,-0.995,-0.658,-0.587,-0.982,-0.986,-0.71,0.871,-0.975,0.961,0.908,-0.968,0.986,0.95,-0.975,-0.639,0.996,-0.994,0.874,-0.978,0.986,-0.976,-0.959,-0.961,0.995,0.982,0.736,-0.998,0.997,0.388,-0.763,-0.995,0.867,-0.983,0.99,-0.995,-0.992,5.7,4.858,10.532,10.564,10.509,10.531,10.495,10.532,5.606,4.971,10.528,10.581,5.907,5.668,10.564,10.565,EssenceCatalog/problems/csplib-prob010-SocialGolfers/params/223c85871de386db1050546efeb263d3.param
0.988,0.816,-0.761,-0.904,0.873,-0.994,-0.832,-0.715,-0.979,-0.745,0.682,0.962,-0.339,-0.886,-0.242,0.744,-0.977,0.313,0.955,-0.859,-0.993,-0.854,0.57,0.01,-0.971,-0.944,-0.968,-0.957,0.961,0.921,0.872,0.919,0.975,0.73,0.988,0.971,0.907,-0.875,0.989,-0.863,0.918,0.321,-0.425,0.071,0.965,-0.99,-0.856,-0.856,-0.981,0.871,0.938,-0.954,0.935,-0.969,-0.982,0.662,-0.815,0.796,-0.992,-0.975,0.847,0.966,-0.91,0.991,-0.994,-0.659,-0.638,-0.982,-0.98,-0.702,0.839,-0.968,0.957,0.928,-0.974,0.978,0.918,-0.967,-0.695,0.995,-0.992,0.833,-0.971,0.982,-0.976,-0.963,-0.948,0.993,0.979,0.726,-0.997,0.997,0.528,-0.81,-0.993,0.889,-0.978,0.987,-0.992,-0.988,5.925,4.862,10.538,10.523,10.485,10.51,10.474,10.497,5.697,4.976,10.537,10.524,6.007,5.759,10.547,10.524,EssenceCatalog/problems/csplib-prob010-SocialGolfers/params/1443f3bf75bd27167a6a2c1aaccb15f7.param
0.99,0.798,-0.85,-0.953,0.874,-0.994,-0.846,-0.732,-0.981,-0.805,0.463,0.975,0.233,-0.889,-0.531,0.726,-0.981,0.532,0.957,-0.84,-0.994,-0.87,0.523,-0.368,-0.975,-0.962,-0.967,-0.958,0.969,0.931,0.891,0.936,0.976,0.85,0.99,0.973,0.905,-0.922,0.989,-0.9,0.951,0.742,-0.787,-0.223,0.974,-0.989,-0.82,-0.78,-0.979,0.938,0.934,-0.94,0.963,-0.973,-0.984,0.68,-0.887,0.811,-0.992,-0.974,0.827,0.968,-0.904,0.991,-0.994,-0.68,-0.601,-0.982,-0.985,-0.665,0.881,-0.974,0.972,0.935,-0.974,0.984,0.919,-0.965,-0.435,0.994,-0.994,0.894,-0.974,0.983,-0.975,-0.965,-0.959,0.994,0.983,0.731,-0.997,0.997,0.457,-0.713,-0.995,0.902,-0.985,0.984,-0.995,-0.989,6.192,5.148,10.561,10.568,10.473,10.503,10.467,10.53,5.962,5.271,10.564,10.598,6.228,6.046,10.567,10.59,EssenceCatalog/problems/csplib-prob010-SocialGolfers/params/15bd1763336cef7b4fdf57e28b26bd4c.param
0.991,0.79,-0.886,-0.944,0.894,-0.994,-0.832,-0.707,-0.981,-0.826,0.437,0.977,0.545,-0.89,-0.657,0.722,-0.982,0.694,0.952,-0.836,-0.993,-0.846,0.416,-0.611,-0.976,-0.956,-0.969,-0.957,0.966,0.916,0.891,0.947,0.977,0.881,0.989,0.972,0.895,-0.919,0.989,-0.894,0.946,0.831,-0.887,-0.189,0.973,-0.99,-0.834,-0.772,-0.98,0.931,0.944,-0.939,0.961,-0.974,-0.986,0.738,-0.912,0.811,-0.992,-0.973,0.821,0.965,-0.905,0.99,-0.995,-0.69,-0.618,-0.984,-0.987,-0.701,0.887,-0.975,0.971,0.939,-0.975,0.986,0.922,-0.963,-0.388,0.995,-0.994,0.913,-0.973,0.982,-0.974,-0.969,-0.958,0.995,0.983,0.756,-0.997,0.997,0.406,-0.603,-0.995,0.914,-0.987,0.983,-0.996,-0.989,6.406,5.284,10.558,10.56,10.454,10.496,10.457,10.53,6.109,5.419,10.562,10.608,6.362,6.247,10.568,10.597,EssenceCatalog/problems/csplib-prob010-SocialGolfers/params/ae2afae62339733d3dbe419740f71d1a.param
0.997,0.849,-0.962,0.584,0.979,-0.993,-0.892,-0.807,-0.98,-0.858,0.938,0.983,0.965,-0.901,-0.923,0.916,-0.985,0.982,0.966,-0.962,-0.994,0.315,0.336,-0.971,-0.979,-0.142,-0.97,-0.974,0.975,-0.189,0.928,0.988,0.991,0.938,0.992,0.974,0.934,-0.851,0.985,-0.758,0.686,0.841,-0.985,0.939,0.917,-0.995,-0.966,-0.938,-0.987,-0.524,0.98,-0.971,0.939,-0.988,-0.974,0.946,-0.954,0.918,-0.996,-0.968,0.886,0.98,-0.86,0.988,-0.997,-0.91,-0.876,-0.994,-0.992,-0.936,0.928,-0.991,0.889,0.957,-0.988,0.99,0.95,-0.948,-0.924,0.999,-0.997,0.933,-0.98,0.975,-0.989,-0.987,-0.965,0.997,0.989,0.965,-0.998,0.998,0.733,-0.704,-0.997,0.978,-0.993,0.991,-0.997,-0.985,8.727,5.637,10.493,10.44,10.478,10.506,10.5,10.556,7.094,5.955,10.51,10.429,7.499,7.543,10.485,10.457,EssenceCatalog/problems/csplib-prob010-SocialGolfers/params/babfd06c7e4128c02a9e8d311e0ea31d.param
0.992,0.774,-0.913,-0.544,0.948,-0.991,-0.817,-0.643,-0.978,-0.787,0.774,0.972,0.789,-0.886,-0.733,0.777,-0.978,0.896,0.946,-0.902,-0.992,-0.547,0.169,-0.835,-0.97,-0.821,-0.964,-0.948,0.955,0.66,0.881,0.961,0.981,0.859,0.988,0.961,0.889,-0.839,0.987,-0.73,0.819,0.743,-0.93,0.648,0.953,-0.991,-0.914,-0.882,-0.984,0.526,0.956,-0.952,0.922,-0.978,-0.978,0.866,-0.909,0.823,-0.993,-0.966,0.829,0.961,-0.904,0.985,-0.995,-0.768,-0.717,-0.987,-0.986,-0.81,0.858,-0.978,0.933,0.943,-0.981,0.982,0.929,-0.951,-0.743,0.997,-0.994,0.888,-0.968,0.975,-0.977,-0.973,-0.945,0.995,0.978,0.869,-0.996,0.997,0.456,-0.567,-0.995,0.953,-0.988,0.986,-0.994,-0.983,7.201,5.415,10.526,10.495,10.437,10.509,10.464,10.541,6.437,5.614,10.524,10.537,6.742,6.772,10.538,10.541,EssenceCatalog/problems/csplib-prob010-SocialGolfers/params/e17d0aaf6959fdf41a9045e98bf1feb9.param
0.991,0.788,-0.855,-0.789,0.916,-0.992,-0.809,-0.628,-0.973,-0.729,0.811,0.959,-0.089,-0.855,-0.264,0.744,-0.973,0.648,0.958,-0.894,-0.992,-0.853,0.3,-0.253,-0.97,-0.924,-0.961,-0.943,0.953,0.872,0.853,0.934,0.978,0.712,0.988,0.963,0.912,-0.806,0.986,-0.695,0.855,-0.025,-0.641,0.38,0.962,-0.99,-0.887,-0.856,-0.979,0.767,0.955,-0.953,0.902,-0.973,-0.977,0.744,-0.849,0.8,-0.993,-0.974,0.852,0.962,-0.95,0.989,-0.994,-0.701,-0.617,-0.981,-0.981,-0.78,0.822,-0.974,0.929,0.922,-0.976,0.974,0.945,-0.959,-0.846,0.996,-0.993,0.822,-0.97,0.98,-0.972,-0.958,-0.942,0.994,0.975,0.818,-0.996,0.997,0.414,-0.739,-0.994,0.921,-0.981,0.989,-0.992,-0.984,6.161,4.94,10.47,10.471,10.436,10.498,10.451,10.516,5.791,5.073,10.465,10.503,6.112,6.025,10.522,10.485,EssenceCatalog/problems/csplib-prob010-SocialGolfers/params/c275a01262fcae05f1108136b8a627fe.param
0.991,0.798,-0.878,-0.957,0.881,-0.994,-0.826,-0.7,-0.98,-0.809,0.512,0.974,0.199,-0.872,-0.498,0.719,-0.982,0.574,0.958,-0.844,-0.994,-0.906,0.423,-0.378,-0.976,-0.968,-0.968,-0.954,0.967,0.944,0.884,0.939,0.978,0.855,0.99,0.973,0.91,-0.911,0.988,-0.878,0.948,0.649,-0.807,-0.313,0.976,-0.99,-0.817,-0.743,-0.978,0.948,0.95,-0.939,0.957,-0.974,-0.986,0.671,-0.902,0.806,-0.993,-0.978,0.837,0.966,-0.938,0.992,-0.995,-0.674,-0.577,-0.982,-0.987,-0.707,0.88,-0.976,0.967,0.926,-0.972,0.985,0.938,-0.966,-0.525,0.995,-0.994,0.894,-0.976,0.984,-0.974,-0.962,-0.959,0.995,0.982,0.749,-0.997,0.997,0.38,-0.668,-0.995,0.899,-0.986,0.986,-0.995,-0.989,6.117,5.122,10.542,10.562,10.471,10.508,10.466,10.534,5.905,5.247,10.544,10.6,6.176,6.024,10.564,10.583,EssenceCatalog/problems/csplib-prob010-SocialGolfers/params/1ac0c005cf6b9c0e6468fa62e9f4dc60.param
0.988,0.814,-0.716,-0.928,0.836,-0.994,-0.862,-0.769,-0.98,-0.754,0.588,0.966,-0.398,-0.889,-0.284,0.756,-0.976,0.181,0.961,-0.851,-0.993,-0.848,0.689,0.08,-0.972,-0.952,-0.968,-0.961,0.968,0.928,0.89,0.918,0.975,0.754,0.989,0.969,0.912,-0.91,0.99,-0.898,0.941,0.454,-0.344,0.0,0.969,-0.989,-0.835,-0.843,-0.979,0.898,0.909,-0.948,0.955,-0.969,-0.978,0.608,-0.803,0.82,-0.992,-0.97,0.833,0.971,-0.874,0.991,-0.994,-0.67,-0.623,-0.979,-0.979,-0.657,0.862,-0.97,0.969,0.932,-0.973,0.976,0.899,-0.963,-0.617,0.994,-0.993,0.835,-0.972,0.983,-0.975,-0.962,-0.954,0.994,0.984,0.7,-0.997,0.997,0.611,-0.847,-0.994,0.881,-0.979,0.983,-0.993,-0.988,5.873,4.848,10.55,10.543,10.494,10.504,10.478,10.496,5.688,4.954,10.549,10.532,5.988,5.681,10.544,10.54,EssenceCatalog/problems/csplib-prob010-SocialGolfers/params/a4f4eec58f722095871846df6fe1d73c.param
0.994,0.792,-0.932,-0.332,0.959,-0.992,-0.804,-0.638,-0.976,-0.795,0.852,0.973,0.826,-0.873,-0.773,0.822,-0.981,0.935,0.95,-0.919,-0.992,-0.538,0.092,-0.881,-0.973,-0.776,-0.967,-0.951,0.957,0.596,0.885,0.97,0.985,0.881,0.989,0.964,0.903,-0.807,0.984,-0.694,0.778,0.647,-0.954,0.743,0.947,-0.992,-0.924,-0.888,-0.983,0.358,0.971,-0.957,0.91,-0.98,-0.982,0.88,-0.924,0.837,-0.994,-0.972,0.848,0.964,-0.931,0.987,-0.995,-0.801,-0.749,-0.989,-0.988,-0.862,0.869,-0.982,0.908,0.936,-0.982,0.984,0.948,-0.955,-0.84,0.998,-0.995,0.896,-0.971,0.976,-0.98,-0.976,-0.947,0.995,0.978,0.905,-0.996,0.997,0.465,-0.567,-0.995,0.956,-0.989,0.99,-0.995,-0.983,7.402,5.441,10.525,10.517,10.462,10.542,10.493,10.584,6.512,5.659,10.526,10.555,6.839,6.909,10.551,10.555,EssenceCatalog/problems/csplib-prob010-SocialGolfers/params/e0efa16e73263bad21eb8425e61958e1.param
0.989,0.779,-0.826,-0.828,0.907,-0.992,-0.841,-0.735,-0.983,-0.786,0.547,0.972,0.541,-0.911,-0.667,0.745,-0.977,0.681,0.944,-0.854,-0.992,-0.645,0.491,-0.635,-0.968,-0.891,-0.967,-0.956,0.961,0.82,0.887,0.943,0.974,0.839,0.987,0.965,0.881,-0.9,0.991,-0.874,0.907,0.837,-0.83,0.313,0.962,-0.99,-0.879,-0.873,-0.985,0.772,0.917,-0.949,0.948,-0.972,-0.979,0.795,-0.867,0.814,-0.991,-0.959,0.801,0.963,-0.819,0.987,-0.994,-0.701,-0.674,-0.983,-0.981,-0.705,0.866,-0.971,0.967,0.949,-0.98,0.98,0.878,-0.954,-0.47,0.995,-0.992,0.885,-0.966,0.977,-0.975,-0.972,-0.947,0.993,0.98,0.768,-0.997,0.997,0.541,-0.676,-0.994,0.929,-0.985,0.979,-0.993,-0.985,6.728,5.313,10.555,10.522,10.436,10.475,10.443,10.502,6.251,5.458,10.556,10.552,6.516,6.403,10.545,10.558,EssenceCatalog/problems/csplib-prob010-SocialGolfers/params/3755ba2000f1e216cc9c3dec96d3c204.param
0.991,0.856,-0.824,-0.98,0.83,-0.996,-0.838,-0.714,-0.976,-0.789,0.657,0.969,-0.658,-0.851,-0.003,0.74,-0.983,0.094,0.968,-0.848,-0.995,-0.956,0.583,0.365,-0.98,-0.983,-0.972,-0.963,0.973,0.974,0.891,0.913,0.98,0.778,0.992,0.981,0.935,-0.906,0.985,-0.897,0.963,-0.01,-0.305,-0.555,0.98,-0.99,-0.784,-0.716,-0.973,0.974,0.962,-0.943,0.956,-0.973,-0.989,0.455,-0.873,0.814,-0.995,-0.988,0.886,0.973,-0.961,0.995,-0.995,-0.658,-0.604,-0.982,-0.987,-0.702,0.871,-0.975,0.96,0.894,-0.962,0.987,0.956,-0.98,-0.701,0.996,-0.995,0.859,-0.98,0.989,-0.979,-0.953,-0.965,0.995,0.984,0.726,-0.998,0.998,0.44,-0.841,-0.995,0.835,-0.981,0.992,-0.995,-0.993,5.389,4.638,10.525,10.551,10.534,10.542,10.517,10.52,5.381,4.747,10.512,10.548,5.703,5.374,10.561,10.54,EssenceCatalog/problems/csplib-prob010-SocialGolfers/params/67e99eb93b584f749c017181b90d5e96.param
0.986,0.834,-0.559,-0.737,0.846,-0.994,-0.906,-0.861,-0.987,-0.799,0.629,0.969,-0.275,-0.939,-0.527,0.823,-0.972,0.115,0.96,-0.871,-0.993,-0.314,0.858,-0.146,-0.971,-0.817,-0.972,-0.978,0.975,0.744,0.919,0.933,0.976,0.748,0.989,0.968,0.912,-0.938,0.993,-0.932,0.936,0.813,-0.111,0.515,0.956,-0.99,-0.9,-0.93,-0.986,0.547,0.817,-0.959,0.963,-0.971,-0.961,0.734,-0.727,0.88,-0.991,-0.946,0.846,0.978,-0.406,0.99,-0.995,-0.729,-0.764,-0.984,-0.974,-0.682,0.883,-0.97,0.978,0.957,-0.982,0.977,0.778,-0.959,-0.603,0.993,-0.992,0.852,-0.971,0.981,-0.983,-0.972,-0.957,0.994,0.988,0.732,-0.998,0.997,0.812,-0.911,-0.993,0.901,-0.981,0.976,-0.991,-0.987,6.651,5.029,10.581,10.495,10.491,10.466,10.47,10.417,6.102,5.154,10.558,10.448,6.41,6.043,10.517,10.5,EssenceCatalog/problems/csplib-prob010-SocialGolfers/params/40997635a6e5830e8b02c40b58e9cabe.param
0.988,0.84,-0.616,-0.712,0.855,-0.993,-0.864,-0.769,-0.971,-0.686,0.866,0.946,-0.81,-0.863,0.097,0.819,-0.972,0.004,0.968,-0.905,-0.992,-0.813,0.751,0.513,-0.972,-0.911,-0.969,-0.963,0.962,0.886,0.875,0.91,0.979,0.516,0.989,0.97,0.939,-0.838,0.986,-0.808,0.882,-0.508,0.362,0.479,0.954,-0.989,-0.901,-0.901,-0.976,0.652,0.933,-0.966,0.904,-0.968,-0.968,0.618,-0.704,0.844,-0.993,-0.973,0.894,0.977,-0.906,0.993,-0.995,-0.701,-0.666,-0.982,-0.975,-0.794,0.827,-0.973,0.938,0.924,-0.973,0.968,0.927,-0.963,-0.919,0.995,-0.993,0.737,-0.973,0.984,-0.979,-0.962,-0.948,0.994,0.983,0.79,-0.996,0.997,0.681,-0.924,-0.993,0.874,-0.97,0.99,-0.99,-0.985,5.657,4.484,10.51,10.457,10.497,10.502,10.491,10.46,5.376,4.588,10.484,10.419,5.75,5.397,10.519,10.436,EssenceCatalog/problems/csplib-prob010-SocialGolfers/params/6af2dd447b88fc9de87e52bcd8e98223.param
0.998,0.895,-0.968,0.901,0.985,-0.993,-0.944,-0.909,-0.981,-0.898,0.971,0.987,0.977,-0.915,-0.956,0.951,-0.986,0.988,0.979,-0.98,-0.996,0.775,0.661,-0.981,-0.983,0.549,-0.972,-0.984,0.986,-0.687,0.952,0.993,0.994,0.949,0.995,0.982,0.957,-0.886,0.987,-0.816,0.66,0.879,-0.986,0.98,0.888,-0.996,-0.981,-0.961,-0.988,-0.874,0.982,-0.98,0.955,-0.992,-0.952,0.968,-0.959,0.958,-0.998,-0.962,0.922,0.989,-0.669,0.99,-0.998,-0.952,-0.927,-0.995,-0.994,-0.965,0.958,-0.994,0.884,0.968,-0.991,0.992,0.943,-0.945,-0.964,0.999,-0.998,0.944,-0.985,0.975,-0.992,-0.99,-0.977,0.998,0.994,0.982,-0.998,0.998,0.881,-0.854,-0.997,0.985,-0.995,0.992,-0.998,-0.988,9.356,5.721,10.468,10.426,10.505,10.498,10.536,10.563,7.376,6.07,10.491,10.387,7.805,7.803,10.46,10.446,EssenceCatalog/problems/csplib-prob010-SocialGolfers/params/0f5963a526183eceaacd81e4a23363b3.param
0.988,0.868,-0.568,-0.904,0.785,-0.995,-0.867,-0.791,-0.975,-0.709,0.823,0.952,-0.91,-0.872,0.273,0.816,-0.977,-0.359,0.972,-0.879,-0.993,-0.889,0.815,0.702,-0.977,-0.955,-0.974,-0.97,0.968,0.948,0.893,0.898,0.98,0.554,0.991,0.978,0.943,-0.879,0.987,-0.89,0.934,-0.543,0.572,0.029,0.965,-0.99,-0.856,-0.877,-0.975,0.87,0.94,-0.962,0.932,-0.967,-0.981,0.438,-0.713,0.843,-0.994,-0.982,0.901,0.979,-0.917,0.995,-0.995,-0.662,-0.675,-0.982,-0.979,-0.745,0.844,-0.971,0.951,0.907,-0.968,0.977,0.934,-0.976,-0.886,0.995,-0.992,0.751,-0.977,0.987,-0.982,-0.96,-0.958,0.994,0.985,0.727,-0.997,0.997,0.696,-0.942,-0.993,0.805,-0.969,0.991,-0.991,-0.99,5.284,4.339,10.518,10.476,10.544,10.532,10.527,10.457,5.176,4.441,10.491,10.432,5.546,5.086,10.517,10.45,EssenceCatalog/problems/csplib-prob010-SocialGolfers/params/92c1c463abb6388f8cddd9237f9d8995.param
0.988,0.866,-0.599,-0.936,0.763,-0.995,-0.89,-0.806,-0.976,-0.737,0.758,0.96,-0.894,-0.881,0.245,0.802,-0.974,-0.363,0.975,-0.871,-0.994,-0.886,0.832,0.686,-0.978,-0.964,-0.972,-0.971,0.974,0.949,0.904,0.9,0.98,0.601,0.992,0.978,0.943,-0.911,0.988,-0.911,0.952,-0.33,0.516,-0.107,0.969,-0.989,-0.839,-0.859,-0.974,0.911,0.92,-0.955,0.953,-0.969,-0.977,0.389,-0.729,0.858,-0.994,-0.981,0.89,0.981,-0.899,0.994,-0.995,-0.686,-0.665,-0.98,-0.978,-0.686,0.859,-0.972,0.964,0.914,-0.967,0.977,0.927,-0.975,-0.836,0.994,-0.993,0.771,-0.978,0.988,-0.982,-0.959,-0.963,0.994,0.988,0.723,-0.998,0.998,0.7,-0.942,-0.994,0.812,-0.973,0.989,-0.992,-0.991,5.289,4.381,10.542,10.497,10.561,10.542,10.538,10.469,5.214,4.484,10.517,10.45,5.575,5.094,10.535,10.475,EssenceCatalog/problems/csplib-prob010-SocialGolfers/params/f71546add1513945bac43107208408f2.param
0.988,0.84,-0.697,-0.932,0.832,-0.995,-0.846,-0.747,-0.977,-0.74,0.729,0.959,-0.723,-0.876,0.027,0.767,-0.977,-0.022,0.964,-0.86,-0.993,-0.902,0.687,0.413,-0.974,-0.961,-0.97,-0.962,0.966,0.948,0.882,0.907,0.977,0.669,0.99,0.975,0.924,-0.884,0.988,-0.882,0.934,-0.083,0.015,-0.07,0.968,-0.99,-0.843,-0.847,-0.977,0.908,0.938,-0.955,0.939,-0.968,-0.982,0.54,-0.785,0.816,-0.993,-0.979,0.869,0.972,-0.925,0.993,-0.995,-0.653,-0.635,-0.982,-0.98,-0.704,0.845,-0.97,0.957,0.916,-0.968,0.979,0.93,-0.972,-0.779,0.995,-0.992,0.809,-0.974,0.985,-0.978,-0.959,-0.955,0.993,0.982,0.719,-0.997,0.997,0.584,-0.884,-0.994,0.852,-0.975,0.989,-0.992,-0.989,5.504,4.581,10.534,10.509,10.519,10.523,10.503,10.483,5.396,4.686,10.52,10.487,5.733,5.367,10.543,10.497,EssenceCatalog/problems/csplib-prob010-SocialGolfers/params/7b47b67e382951d52c3e7fc7476381ce.param
0.987,0.811,-0.685,-0.806,0.867,-0.993,-0.891,-0.826,-0.986,-0.807,0.504,0.973,0.228,-0.933,-0.664,0.783,-0.974,0.408,0.952,-0.853,-0.993,-0.404,0.77,-0.473,-0.97,-0.85,-0.97,-0.972,0.972,0.761,0.913,0.938,0.974,0.816,0.989,0.967,0.894,-0.937,0.993,-0.927,0.936,0.897,-0.577,0.404,0.961,-0.99,-0.889,-0.906,-0.986,0.677,0.84,-0.952,0.965,-0.971,-0.968,0.766,-0.807,0.858,-0.99,-0.943,0.812,0.972,-0.51,0.988,-0.995,-0.716,-0.733,-0.983,-0.977,-0.662,0.886,-0.969,0.978,0.958,-0.982,0.979,0.785,-0.954,-0.415,0.993,-0.992,0.881,-0.968,0.979,-0.979,-0.973,-0.954,0.994,0.986,0.731,-0.997,0.997,0.74,-0.834,-0.994,0.916,-0.983,0.973,-0.993,-0.986,6.798,5.237,10.568,10.514,10.459,10.456,10.454,10.457,6.269,5.374,10.559,10.51,6.541,6.285,10.524,10.542,EssenceCatalog/problems/csplib-prob010-SocialGolfers/params/85b41e8dd9337f9149715662fe0be5d4.param
0.991,0.853,-0.838,-0.979,0.841,-0.996,-0.832,-0.717,-0.978,-0.789,0.671,0.967,-0.635,-0.854,-0.02,0.745,-0.984,0.123,0.969,-0.854,-0.995,-0.962,0.574,0.365,-0.981,-0.983,-0.973,-0.96,0.972,0.976,0.886,0.919,0.98,0.792,0.992,0.981,0.936,-0.903,0.986,-0.898,0.961,-0.062,-0.361,-0.601,0.98,-0.991,-0.788,-0.724,-0.975,0.974,0.966,-0.949,0.953,-0.973,-0.99,0.46,-0.885,0.808,-0.995,-0.989,0.889,0.973,-0.966,0.995,-0.995,-0.648,-0.575,-0.982,-0.987,-0.709,0.872,-0.976,0.961,0.897,-0.967,0.987,0.958,-0.979,-0.718,0.996,-0.995,0.864,-0.981,0.988,-0.978,-0.957,-0.965,0.995,0.984,0.739,-0.998,0.998,0.406,-0.828,-0.995,0.845,-0.982,0.992,-0.995,-0.993,5.388,4.649,10.535,10.56,10.536,10.547,10.522,10.532,5.383,4.759,10.521,10.563,5.706,5.39,10.575,10.55,EssenceCatalog/problems/csplib-prob010-SocialGolfers/params/8f5b4bacdbcf7024648f6600bf306ba4.param
0.989,0.869,-0.676,-0.963,0.785,-0.996,-0.897,-0.802,-0.981,-0.757,0.736,0.962,-0.879,-0.894,0.303,0.77,-0.977,-0.398,0.974,-0.872,-0.994,-0.916,0.814,0.708,-0.98,-0.974,-0.972,-0.969,0.974,0.959,0.903,0.903,0.98,0.627,0.992,0.979,0.942,-0.912,0.991,-0.918,0.96,-0.311,0.423,-0.378,0.973,-0.99,-0.824,-0.857,-0.979,0.943,0.931,-0.958,0.958,-0.972,-0.98,0.414,-0.78,0.856,-0.994,-0.983,0.895,0.98,-0.926,0.995,-0.995,-0.672,-0.632,-0.98,-0.98,-0.629,0.858,-0.974,0.969,0.918,-0.973,0.98,0.937,-0.977,-0.812,0.994,-0.994,0.802,-0.98,0.988,-0.981,-0.96,-0.964,0.994,0.987,0.714,-0.998,0.998,0.634,-0.936,-0.994,0.833,-0.975,0.991,-0.993,-0.992,5.207,4.384,10.571,10.505,10.57,10.551,10.543,10.476,5.188,4.49,10.55,10.469,5.544,5.057,10.562,10.486,EssenceCatalog/problems/csplib-prob010-SocialGolfers/params/c3ebc432f1b7cf25b89b4aa1b2a99776.param
0.99,0.802,-0.837,-0.944,0.875,-0.994,-0.834,-0.708,-0.979,-0.782,0.593,0.969,-0.087,-0.876,-0.359,0.723,-0.979,0.456,0.958,-0.85,-0.994,-0.897,0.486,-0.161,-0.974,-0.962,-0.966,-0.955,0.966,0.939,0.877,0.928,0.976,0.802,0.99,0.972,0.911,-0.898,0.988,-0.866,0.939,0.492,-0.661,-0.183,0.972,-0.99,-0.835,-0.791,-0.979,0.929,0.944,-0.945,0.949,-0.972,-0.984,0.654,-0.87,0.799,-0.993,-0.977,0.84,0.967,-0.931,0.991,-0.994,-0.663,-0.594,-0.981,-0.984,-0.704,0.862,-0.973,0.964,0.927,-0.972,0.981,0.931,-0.966,-0.608,0.995,-0.994,0.87,-0.974,0.984,-0.974,-0.961,-0.955,0.994,0.982,0.744,-0.997,0.997,0.434,-0.741,-0.995,0.894,-0.983,0.987,-0.994,-0.988,5.986,4.991,10.544,10.551,10.483,10.514,10.475,10.525,5.787,5.109,10.544,10.573,6.077,5.877,10.561,10.561,EssenceCatalog/problems/csplib-prob010-SocialGolfers/params/f3628bbe60f60b1a0194b1e24a5ecb58.param
0.998,0.908,-0.963,0.941,0.986,-0.994,-0.951,-0.931,-0.981,-0.904,0.977,0.987,0.976,-0.924,-0.961,0.957,-0.987,0.988,0.981,-0.982,-0.996,0.852,0.76,-0.98,-0.983,0.713,-0.974,-0.987,0.987,-0.777,0.955,0.993,0.994,0.948,0.995,0.984,0.963,-0.897,0.987,-0.846,0.656,0.89,-0.983,0.985,0.876,-0.996,-0.984,-0.966,-0.989,-0.927,0.982,-0.983,0.957,-0.992,-0.941,0.972,-0.957,0.963,-0.998,-0.96,0.932,0.991,-0.507,0.991,-0.998,-0.959,-0.939,-0.996,-0.994,-0.972,0.963,-0.995,0.883,0.972,-0.992,0.993,0.932,-0.944,-0.969,0.999,-0.998,0.948,-0.985,0.975,-0.993,-0.992,-0.978,0.998,0.995,0.984,-0.999,0.998,0.911,-0.888,-0.997,0.986,-0.994,0.993,-0.998,-0.988,9.481,5.739,10.461,10.421,10.507,10.49,10.54,10.555,7.437,6.089,10.481,10.375,7.87,7.846,10.452,10.444,EssenceCatalog/problems/csplib-prob010-SocialGolfers/params/137ade9f1e054acaccc1ae3cf4dfeade.param
0.987,0.872,-0.372,-0.678,0.746,-0.994,-0.912,-0.875,-0.975,-0.748,0.803,0.963,-0.876,-0.903,-0.072,0.874,-0.969,-0.327,0.975,-0.893,-0.994,-0.511,0.919,0.492,-0.976,-0.872,-0.975,-0.982,0.978,0.833,0.927,0.921,0.982,0.575,0.991,0.974,0.946,-0.927,0.988,-0.923,0.938,0.049,0.673,0.624,0.957,-0.989,-0.89,-0.922,-0.973,0.556,0.843,-0.954,0.956,-0.97,-0.952,0.508,-0.591,0.905,-0.994,-0.963,0.892,0.986,-0.595,0.993,-0.996,-0.768,-0.785,-0.983,-0.974,-0.754,0.88,-0.972,0.961,0.931,-0.97,0.973,0.861,-0.966,-0.872,0.993,-0.993,0.733,-0.976,0.985,-0.986,-0.964,-0.963,0.995,0.991,0.759,-0.998,0.997,0.877,-0.965,-0.994,0.814,-0.975,0.984,-0.991,-0.988,5.923,4.528,10.536,10.463,10.516,10.48,10.49,10.394,5.54,4.632,10.503,10.369,5.903,5.415,10.491,10.436,EssenceCatalog/problems/csplib-prob010-SocialGolfers/params/47cb4fd3ee7091e6ed2ab661f19994c3.param
0.991,0.833,-0.836,-0.968,0.854,-0.995,-0.829,-0.715,-0.977,-0.778,0.667,0.966,-0.545,-0.852,-0.098,0.739,-0.982,0.223,0.967,-0.856,-0.995,-0.95,0.537,0.249,-0.978,-0.978,-0.97,-0.957,0.97,0.968,0.879,0.921,0.979,0.782,0.991,0.978,0.932,-0.896,0.987,-0.874,0.952,0.011,-0.432,-0.453,0.977,-0.99,-0.808,-0.747,-0.975,0.961,0.96,-0.948,0.947,-0.973,-0.988,0.521,-0.874,0.803,-0.994,-0.985,0.875,0.971,-0.962,0.994,-0.995,-0.646,-0.564,-0.981,-0.986,-0.721,0.867,-0.976,0.96,0.908,-0.968,0.984,0.953,-0.974,-0.725,0.996,-0.994,0.859,-0.979,0.987,-0.976,-0.957,-0.962,0.995,0.983,0.748,-0.998,0.997,0.407,-0.808,-0.995,0.862,-0.982,0.991,-0.994,-0.991,5.515,4.715,10.53,10.552,10.517,10.536,10.507,10.531,5.462,4.826,10.519,10.561,5.78,5.499,10.567,10.547,EssenceCatalog/problems/csplib-prob010-SocialGolfers/params/650f0995b6b8de09ae592de2d0025c96.param
0.995,0.766,-0.854,-0.868,-0.356,-0.991,0.608,-0.192,0.962,-0.434,0.584,0.989,-0.809,0.988,-0.987,0.977,-0.971,0.897,0.976,-0.538,-0.99,-0.94,0.689,-0.961,-0.986,-0.994,-0.937,-0.929,0.992,0.916,0.939,0.973,0.991,0.987,0.997,0.989,0.956,-0.952,-0.987,-0.466,0.975,-0.812,-0.985,0.89,0.98,-0.924,0.727,0.99,0.991,0.969,0.979,0.857,0.973,-0.905,-0.975,-0.94,-0.881,0.951,-0.997,-0.976,0.896,0.988,-0.973,0.993,-0.986,-0.889,-0.865,-0.988,-0.996,-0.928,0.983,-0.99,-0.963,-0.97,0.963,0.989,0.987,-0.982,-0.937,0.989,-0.997,0.762,-0.974,0.979,-0.988,-0.453,-0.977,0.995,0.992,0.835,-0.994,0.991,0.93,-0.904,-0.994,-0.895,-0.984,0.983,-0.996,-0.973,4.278,3.472,4.778,9.983,10.502,10.34,10.508,10.718,4.258,3.735,4.844,10.002,4.809,4.417,5.911,10.031,EssenceCatalog/problems/csplib-prob010-SocialGolfers/params/ord07-15-8-2.param
0.988,0.814,-0.732,-0.92,0.85,-0.994,-0.855,-0.752,-0.98,-0.753,0.627,0.964,-0.373,-0.891,-0.258,0.749,-0.976,0.222,0.959,-0.856,-0.993,-0.851,0.651,0.073,-0.972,-0.949,-0.967,-0.959,0.965,0.926,0.883,0.918,0.975,0.742,0.989,0.969,0.909,-0.899,0.99,-0.886,0.933,0.412,-0.365,0.024,0.968,-0.989,-0.842,-0.852,-0.98,0.89,0.919,-0.951,0.949,-0.969,-0.979,0.629,-0.808,0.81,-0.992,-0.971,0.837,0.969,-0.889,0.991,-0.994,-0.665,-0.623,-0.98,-0.979,-0.671,0.851,-0.969,0.966,0.932,-0.974,0.977,0.905,-0.963,-0.645,0.994,-0.992,0.831,-0.971,0.982,-0.975,-0.963,-0.951,0.993,0.982,0.711,-0.997,0.997,0.58,-0.835,-0.993,0.886,-0.979,0.984,-0.992,-0.987,5.885,4.849,10.549,10.533,10.489,10.504,10.475,10.494,5.687,4.958,10.547,10.526,5.991,5.701,10.546,10.532,EssenceCatalog/problems/csplib-prob010-SocialGolfers/params/2f7527805b273ffb4b938b3759a29816.param
0.99,0.874,-0.704,-0.97,0.791,-0.996,-0.873,-0.781,-0.977,-0.745,0.753,0.959,-0.893,-0.868,0.348,0.779,-0.98,-0.344,0.976,-0.869,-0.995,-0.951,0.775,0.749,-0.98,-0.979,-0.973,-0.965,0.973,0.972,0.895,0.899,0.981,0.657,0.992,0.981,0.949,-0.907,0.988,-0.911,0.96,-0.526,0.392,-0.493,0.975,-0.99,-0.814,-0.815,-0.973,0.959,0.952,-0.959,0.95,-0.971,-0.985,0.349,-0.805,0.841,-0.995,-0.987,0.903,0.98,-0.954,0.995,-0.995,-0.657,-0.603,-0.981,-0.983,-0.682,0.859,-0.975,0.963,0.9,-0.967,0.981,0.95,-0.979,-0.838,0.995,-0.994,0.805,-0.981,0.989,-0.979,-0.959,-0.964,0.994,0.987,0.733,-0.998,0.998,0.571,-0.93,-0.994,0.818,-0.974,0.992,-0.993,-0.993,5.103,4.342,10.535,10.498,10.564,10.549,10.545,10.484,5.112,4.445,10.509,10.475,5.472,5.01,10.545,10.48,EssenceCatalog/problems/csplib-prob010-SocialGolfers/params/2242b799fe1a4d24787ad2a7a3fe39f3.param
0.987,0.869,-0.59,-0.916,0.774,-0.995,-0.911,-0.797,-0.977,-0.77,0.743,0.964,-0.851,-0.906,0.187,0.769,-0.968,-0.337,0.972,-0.873,-0.994,-0.771,0.846,0.573,-0.979,-0.951,-0.969,-0.977,0.976,0.901,0.91,0.9,0.979,0.53,0.992,0.978,0.937,-0.914,0.989,-0.911,0.951,0.052,0.519,0.112,0.966,-0.989,-0.87,-0.887,-0.978,0.869,0.887,-0.951,0.959,-0.971,-0.961,0.517,-0.714,0.88,-0.994,-0.974,0.888,0.98,-0.823,0.993,-0.996,-0.716,-0.726,-0.982,-0.974,-0.661,0.849,-0.971,0.967,0.928,-0.969,0.978,0.906,-0.973,-0.807,0.994,-0.994,0.785,-0.978,0.988,-0.985,-0.959,-0.963,0.994,0.989,0.716,-0.998,0.998,0.735,-0.942,-0.994,0.836,-0.974,0.987,-0.992,-0.99,5.526,4.479,10.586,10.488,10.566,10.537,10.53,10.446,5.372,4.587,10.564,10.426,5.723,5.235,10.551,10.476,EssenceCatalog/problems/csplib-prob010-SocialGolfers/params/c8f2463b00ec38ebed5e2a7eb2047396.param
0.99,0.815,-0.855,-0.962,0.871,-0.995,-0.828,-0.706,-0.98,-0.804,0.528,0.973,0.027,-0.878,-0.432,0.724,-0.982,0.484,0.957,-0.839,-0.994,-0.911,0.478,-0.249,-0.976,-0.97,-0.97,-0.958,0.968,0.95,0.885,0.933,0.977,0.839,0.99,0.975,0.909,-0.91,0.988,-0.894,0.951,0.612,-0.746,-0.341,0.975,-0.99,-0.812,-0.758,-0.978,0.952,0.95,-0.942,0.957,-0.973,-0.987,0.643,-0.891,0.802,-0.993,-0.98,0.843,0.967,-0.933,0.992,-0.995,-0.666,-0.604,-0.983,-0.986,-0.694,0.875,-0.973,0.968,0.924,-0.971,0.985,0.936,-0.971,-0.517,0.995,-0.994,0.89,-0.975,0.984,-0.975,-0.964,-0.959,0.994,0.982,0.732,-0.998,0.997,0.408,-0.716,-0.995,0.888,-0.984,0.987,-0.995,-0.99,6.011,5.052,10.549,10.568,10.486,10.516,10.476,10.53,5.832,5.171,10.551,10.596,6.111,5.918,10.567,10.582,EssenceCatalog/problems/csplib-prob010-SocialGolfers/params/65d40324ef7cbbb4bb62479d04485374.param
0.99,0.829,-0.814,-0.973,0.828,-0.995,-0.852,-0.743,-0.977,-0.791,0.575,0.971,-0.489,-0.859,-0.175,0.736,-0.98,0.183,0.968,-0.848,-0.995,-0.939,0.616,0.198,-0.978,-0.979,-0.968,-0.96,0.973,0.965,0.894,0.92,0.979,0.795,0.992,0.977,0.931,-0.92,0.987,-0.897,0.961,0.269,-0.447,-0.441,0.978,-0.99,-0.787,-0.734,-0.972,0.965,0.943,-0.938,0.962,-0.973,-0.985,0.508,-0.869,0.821,-0.994,-0.982,0.862,0.973,-0.943,0.993,-0.995,-0.668,-0.571,-0.98,-0.985,-0.676,0.88,-0.976,0.968,0.912,-0.966,0.983,0.942,-0.972,-0.636,0.994,-0.995,0.858,-0.979,0.987,-0.977,-0.955,-0.964,0.995,0.986,0.719,-0.998,0.997,0.486,-0.829,-0.995,0.86,-0.982,0.988,-0.995,-0.991,5.597,4.775,10.541,10.57,10.521,10.531,10.505,10.531,5.539,4.883,10.534,10.571,5.842,5.538,10.563,10.563,EssenceCatalog/problems/csplib-prob010-SocialGolfers/params/d7abd9f720288ca39679f8253345a29f.param
0.989,0.847,-0.653,-0.942,0.806,-0.995,-0.873,-0.796,-0.979,-0.732,0.742,0.957,-0.841,-0.876,0.17,0.793,-0.977,-0.251,0.971,-0.872,-0.994,-0.921,0.769,0.639,-0.976,-0.965,-0.971,-0.961,0.968,0.96,0.886,0.904,0.977,0.657,0.991,0.974,0.939,-0.899,0.99,-0.897,0.945,-0.35,0.296,-0.2,0.97,-0.989,-0.83,-0.851,-0.976,0.919,0.933,-0.96,0.941,-0.969,-0.981,0.443,-0.768,0.829,-0.993,-0.98,0.879,0.978,-0.93,0.993,-0.994,-0.652,-0.594,-0.978,-0.979,-0.692,0.853,-0.973,0.965,0.918,-0.972,0.975,0.929,-0.97,-0.819,0.994,-0.993,0.781,-0.976,0.986,-0.976,-0.958,-0.959,0.994,0.985,0.718,-0.997,0.997,0.628,-0.921,-0.993,0.845,-0.973,0.989,-0.992,-0.99,5.287,4.431,10.53,10.494,10.528,10.521,10.513,10.472,5.232,4.53,10.507,10.464,5.586,5.15,10.533,10.472,EssenceCatalog/problems/csplib-prob010-SocialGolfers/params/a2a2350b9decac3c2d57f3aea58e400b.param
0.991,0.796,-0.876,-0.949,0.889,-0.994,-0.828,-0.704,-0.981,-0.815,0.472,0.976,0.399,-0.886,-0.592,0.723,-0.982,0.638,0.953,-0.837,-0.994,-0.871,0.42,-0.515,-0.975,-0.96,-0.969,-0.956,0.966,0.929,0.888,0.943,0.977,0.867,0.989,0.973,0.899,-0.913,0.988,-0.891,0.945,0.771,-0.854,-0.224,0.974,-0.99,-0.828,-0.771,-0.98,0.936,0.946,-0.94,0.958,-0.974,-0.986,0.713,-0.905,0.806,-0.992,-0.975,0.825,0.964,-0.917,0.991,-0.995,-0.681,-0.613,-0.983,-0.986,-0.702,0.881,-0.974,0.97,0.933,-0.975,0.985,0.928,-0.966,-0.438,0.995,-0.994,0.904,-0.973,0.983,-0.974,-0.967,-0.957,0.994,0.982,0.749,-0.997,0.997,0.399,-0.636,-0.995,0.906,-0.986,0.985,-0.995,-0.989,6.294,5.218,10.553,10.56,10.461,10.501,10.46,10.529,6.029,5.349,10.557,10.602,6.29,6.157,10.566,10.59,EssenceCatalog/problems/csplib-prob010-SocialGolfers/params/ded5859998a52579eda29f00629c3e24.param
0.99,0.821,-0.828,-0.959,0.862,-0.995,-0.835,-0.717,-0.978,-0.78,0.62,0.968,-0.347,-0.868,-0.239,0.732,-0.981,0.314,0.962,-0.851,-0.994,-0.927,0.534,0.057,-0.976,-0.971,-0.969,-0.957,0.968,0.956,0.879,0.924,0.977,0.794,0.99,0.975,0.92,-0.901,0.988,-0.88,0.948,0.305,-0.546,-0.337,0.975,-0.99,-0.821,-0.772,-0.977,0.949,0.95,-0.947,0.95,-0.972,-0.986,0.588,-0.869,0.8,-0.993,-0.981,0.857,0.97,-0.945,0.993,-0.995,-0.655,-0.581,-0.981,-0.984,-0.704,0.866,-0.974,0.964,0.918,-0.97,0.983,0.939,-0.97,-0.652,0.995,-0.994,0.865,-0.976,0.985,-0.975,-0.96,-0.958,0.994,0.982,0.736,-0.997,0.997,0.433,-0.784,-0.995,0.876,-0.982,0.988,-0.994,-0.99,5.74,4.854,10.545,10.56,10.506,10.527,10.494,10.528,5.623,4.966,10.541,10.572,5.926,5.674,10.567,10.561,EssenceCatalog/problems/csplib-prob010-SocialGolfers/params/496fc489516555b38c8e5a230b4a4dfc.param
0.99,0.825,-0.682,-0.026,0.912,-0.991,-0.882,-0.825,-0.975,-0.74,0.867,0.961,-0.16,-0.89,-0.504,0.861,-0.969,0.566,0.962,-0.926,-0.992,-0.228,0.741,-0.353,-0.967,-0.644,-0.966,-0.968,0.968,0.57,0.896,0.944,0.981,0.7,0.989,0.961,0.929,-0.868,0.989,-0.784,0.82,0.388,-0.242,0.866,0.937,-0.991,-0.935,-0.939,-0.982,-0.084,0.899,-0.962,0.917,-0.975,-0.949,0.819,-0.721,0.882,-0.993,-0.95,0.873,0.979,-0.694,0.988,-0.995,-0.791,-0.769,-0.984,-0.978,-0.833,0.872,-0.975,0.933,0.949,-0.98,0.969,0.878,-0.947,-0.892,0.996,-0.993,0.782,-0.971,0.976,-0.983,-0.968,-0.945,0.995,0.985,0.856,-0.996,0.997,0.804,-0.904,-0.994,0.929,-0.981,0.983,-0.991,-0.982,7.249,5.09,10.474,10.421,10.455,10.459,10.448,10.459,6.282,5.27,10.459,10.403,6.666,6.475,10.462,10.416,EssenceCatalog/problems/csplib-prob010-SocialGolfers/params/52c59e20759f6f7dd170b0d900390e7f.param
0.991,0.787,-0.893,-0.938,0.9,-0.994,-0.829,-0.703,-0.981,-0.828,0.443,0.978,0.608,-0.891,-0.683,0.725,-0.982,0.729,0.951,-0.837,-0.993,-0.836,0.384,-0.659,-0.976,-0.953,-0.969,-0.956,0.965,0.909,0.891,0.95,0.977,0.887,0.989,0.972,0.892,-0.917,0.989,-0.892,0.942,0.843,-0.904,-0.153,0.972,-0.99,-0.838,-0.775,-0.98,0.925,0.946,-0.94,0.96,-0.975,-0.986,0.754,-0.917,0.811,-0.992,-0.973,0.817,0.964,-0.905,0.99,-0.995,-0.693,-0.621,-0.984,-0.987,-0.713,0.887,-0.976,0.971,0.94,-0.976,0.986,0.922,-0.962,-0.391,0.995,-0.994,0.915,-0.973,0.982,-0.974,-0.971,-0.957,0.995,0.982,0.767,-0.997,0.997,0.399,-0.573,-0.995,0.918,-0.987,0.983,-0.996,-0.988,6.463,5.313,10.559,10.56,10.452,10.497,10.458,10.532,6.144,5.452,10.564,10.61,6.396,6.298,10.57,10.599,EssenceCatalog/problems/csplib-prob010-SocialGolfers/params/2063c398a435673b379ac890bb0d4497.param
0.984,-0.803,-0.955,-0.033,-0.888,0.949,-0.966,-0.956,-0.364,-0.42,-0.626,0.926,0.391,0.922,-0.888,0.927,0.878,0.738,0.991,-0.946,-0.92,-0.783,0.832,-0.906,-0.861,-0.838,0.497,0.865,0.955,0.738,0.794,0.954,0.872,0.936,0.97,-0.929,0.929,-0.938,0.975,0.827,0.871,-0.949,-0.941,0.96,0.961,0.774,0.925,0.848,0.9,0.532,-0.949,0.949,0.963,-0.902,0.919,-0.848,-0.549,0.978,-0.983,0.926,-0.751,0.982,-0.847,-0.938,0.942,-0.918,0.904,0.977,-0.959,0.34,0.968,-0.986,0.927,-0.28,-0.822,-0.974,0.783,0.968,-0.947,-0.993,-0.99,-0.939,-0.829,-0.334,0.915,0.931,-0.957,0.975,0.979,0.13,0.951,-0.884,0.933,-0.926,-0.523,0.779,-0.959,-0.943,-0.904,0.865,2.283,1.726,2.278,4.595,3.125,2.361,3.314,7.275,2.285,1.697,2.176,4.62,2.673,2.209,2.333,4.524,EssenceCatalog/problems/csplib-prob010-SocialGolfers/params/364811af5cc2d6aecb3c72f28b4c4c5e.param
0.991,0.789,-0.885,-0.944,0.894,-0.994,-0.83,-0.704,-0.981,-0.824,0.445,0.977,0.542,-0.89,-0.65,0.722,-0.982,0.692,0.951,-0.837,-0.993,-0.85,0.415,-0.604,-0.976,-0.957,-0.969,-0.957,0.966,0.917,0.89,0.946,0.977,0.879,0.989,0.972,0.895,-0.918,0.989,-0.894,0.945,0.826,-0.886,-0.191,0.973,-0.99,-0.834,-0.775,-0.98,0.931,0.945,-0.939,0.96,-0.974,-0.986,0.738,-0.912,0.81,-0.992,-0.973,0.821,0.964,-0.907,0.99,-0.995,-0.688,-0.614,-0.984,-0.987,-0.701,0.885,-0.975,0.971,0.938,-0.976,0.986,0.922,-0.964,-0.396,0.995,-0.994,0.912,-0.973,0.982,-0.975,-0.97,-0.958,0.995,0.982,0.755,-0.997,0.997,0.406,-0.607,-0.995,0.915,-0.987,0.984,-0.996,-0.989,6.399,5.28,10.558,10.559,10.453,10.496,10.457,10.529,6.103,5.415,10.562,10.607,6.358,6.243,10.568,10.595,EssenceCatalog/problems/csplib-prob010-SocialGolfers/params/132b46ee9e38545e0d8b67765a08af80.param
0.987,0.807,-0.705,-0.905,0.847,-0.993,-0.863,-0.776,-0.981,-0.751,0.603,0.965,-0.347,-0.897,-0.312,0.756,-0.975,0.195,0.959,-0.856,-0.993,-0.815,0.695,0.044,-0.97,-0.94,-0.967,-0.96,0.966,0.913,0.886,0.919,0.974,0.746,0.989,0.967,0.909,-0.908,0.991,-0.893,0.933,0.496,-0.342,0.102,0.966,-0.989,-0.849,-0.865,-0.981,0.863,0.902,-0.951,0.951,-0.968,-0.976,0.641,-0.793,0.822,-0.991,-0.966,0.83,0.971,-0.855,0.99,-0.994,-0.672,-0.625,-0.979,-0.977,-0.663,0.857,-0.97,0.969,0.937,-0.975,0.975,0.889,-0.959,-0.629,0.993,-0.992,0.829,-0.97,0.981,-0.975,-0.964,-0.951,0.993,0.983,0.705,-0.997,0.997,0.623,-0.847,-0.993,0.891,-0.979,0.982,-0.992,-0.986,5.97,4.877,10.554,10.533,10.485,10.496,10.47,10.488,5.741,4.986,10.552,10.521,6.041,5.74,10.542,10.532,EssenceCatalog/problems/csplib-prob010-SocialGolfers/params/edfd9f9baabea882326420d872ffdc2b.param
0.989,0.84,-0.713,-0.92,0.843,-0.994,-0.85,-0.738,-0.977,-0.719,0.783,0.955,-0.772,-0.871,0.146,0.771,-0.977,-0.028,0.967,-0.874,-0.993,-0.916,0.662,0.52,-0.973,-0.959,-0.969,-0.958,0.962,0.949,0.872,0.903,0.977,0.633,0.99,0.974,0.932,-0.864,0.989,-0.853,0.923,-0.373,0.123,-0.073,0.968,-0.989,-0.85,-0.855,-0.977,0.898,0.947,-0.961,0.924,-0.968,-0.982,0.532,-0.781,0.81,-0.993,-0.981,0.882,0.973,-0.944,0.993,-0.994,-0.647,-0.611,-0.98,-0.98,-0.724,0.833,-0.971,0.952,0.915,-0.971,0.976,0.939,-0.972,-0.84,0.995,-0.992,0.781,-0.975,0.985,-0.976,-0.957,-0.954,0.993,0.981,0.74,-0.997,0.997,0.55,-0.891,-0.993,0.862,-0.973,0.99,-0.991,-0.989,5.387,4.491,10.512,10.474,10.506,10.512,10.494,10.469,5.289,4.594,10.491,10.455,5.644,5.279,10.53,10.46,EssenceCatalog/problems/csplib-prob010-SocialGolfers/params/e4d3005a91c7822d66df325b35dc10e2.param
0.993,0.91,-0.803,-0.991,0.683,-0.998,-0.865,-0.794,-0.964,-0.76,0.831,0.954,-0.985,-0.747,0.679,0.821,-0.987,-0.656,0.988,-0.882,-0.997,-0.989,0.857,0.938,-0.99,-0.994,-0.978,-0.972,0.984,0.992,0.911,0.897,0.988,0.724,0.996,0.991,0.978,-0.927,0.976,-0.924,0.981,-0.942,0.736,-0.905,0.986,-0.991,-0.66,-0.643,-0.944,0.991,0.98,-0.947,0.956,-0.979,-0.993,-0.211,-0.89,0.889,-0.998,-0.996,0.96,0.989,-0.988,0.998,-0.996,-0.646,-0.547,-0.983,-0.991,-0.752,0.887,-0.985,0.938,0.779,-0.951,0.99,0.983,-0.99,-0.942,0.995,-0.996,0.824,-0.99,0.994,-0.982,-0.945,-0.981,0.996,0.99,0.83,-0.999,0.998,0.513,-0.963,-0.997,0.614,-0.978,0.998,-0.995,-0.996,4.687,4.089,10.398,10.471,10.587,10.536,10.566,10.49,4.803,4.198,10.358,10.449,5.164,4.667,10.434,10.46,EssenceCatalog/problems/csplib-prob010-SocialGolfers/params/c786e03fc153c2ca34ba720f073ea2e0.param
0.996,0.845,-0.823,-0.962,-0.034,-0.998,0.328,-0.351,0.816,-0.654,0.557,0.989,-0.896,0.939,-0.945,0.955,-0.99,0.842,0.986,-0.463,-0.995,-0.971,0.684,-0.824,-0.994,-0.997,-0.983,-0.963,0.994,0.97,0.948,0.966,0.996,0.976,0.998,0.996,0.973,-0.955,-0.945,-0.812,0.986,-0.741,-0.949,0.46,0.985,-0.982,0.445,0.965,0.917,0.986,0.988,0.209,0.981,-0.953,-0.991,-0.813,-0.943,0.922,-0.998,-0.995,0.959,0.987,-0.976,0.999,-0.996,-0.83,-0.804,-0.995,-0.997,-0.956,0.978,-0.994,-0.724,-0.801,0.847,0.998,0.983,-0.992,-0.921,0.997,-0.998,0.881,-0.985,0.993,-0.992,-0.823,-0.985,0.998,0.996,0.887,-0.999,0.998,0.884,-0.87,-0.998,-0.812,-0.99,0.996,-0.998,-0.995,4.411,3.682,5.585,10.221,10.663,10.541,10.65,10.77,4.399,3.93,5.62,10.25,4.966,4.607,6.622,10.285,EssenceCatalog/problems/csplib-prob010-SocialGolfers/params/715971b88a447d3ff6b37145dd7f3a1a.param
0.987,0.82,-0.663,-0.909,0.832,-0.993,-0.867,-0.791,-0.981,-0.731,0.671,0.96,-0.61,-0.892,-0.145,0.778,-0.975,0.012,0.964,-0.865,-0.993,-0.855,0.735,0.308,-0.971,-0.946,-0.969,-0.959,0.966,0.932,0.884,0.913,0.975,0.707,0.989,0.968,0.92,-0.902,0.991,-0.893,0.932,0.175,-0.07,0.056,0.966,-0.988,-0.843,-0.871,-0.98,0.869,0.911,-0.957,0.945,-0.968,-0.978,0.577,-0.768,0.82,-0.992,-0.971,0.846,0.974,-0.882,0.991,-0.994,-0.66,-0.611,-0.978,-0.977,-0.675,0.853,-0.97,0.967,0.933,-0.975,0.973,0.9,-0.962,-0.724,0.994,-0.992,0.8,-0.972,0.982,-0.975,-0.962,-0.952,0.993,0.984,0.703,-0.997,0.997,0.647,-0.885,-0.993,0.876,-0.976,0.985,-0.992,-0.987,5.692,4.686,10.547,10.518,10.495,10.5,10.482,10.478,5.532,4.789,10.539,10.493,5.854,5.494,10.54,10.508,EssenceCatalog/problems/csplib-prob010-SocialGolfers/params/313c52c2a95e19b76bc6680cb6810d01.param
0.99,0.833,-0.842,-0.97,0.857,-0.995,-0.838,-0.7,-0.978,-0.798,0.592,0.971,-0.317,-0.869,-0.233,0.722,-0.981,0.333,0.962,-0.845,-0.994,-0.93,0.514,0.028,-0.978,-0.976,-0.969,-0.96,0.969,0.959,0.887,0.922,0.978,0.799,0.991,0.978,0.92,-0.906,0.987,-0.889,0.955,0.387,-0.577,-0.416,0.977,-0.99,-0.806,-0.746,-0.976,0.962,0.953,-0.942,0.956,-0.973,-0.987,0.579,-0.881,0.805,-0.994,-0.983,0.862,0.969,-0.945,0.993,-0.995,-0.665,-0.61,-0.982,-0.985,-0.69,0.868,-0.974,0.964,0.914,-0.967,0.985,0.945,-0.975,-0.603,0.995,-0.994,0.873,-0.977,0.986,-0.977,-0.958,-0.961,0.995,0.983,0.726,-0.998,0.997,0.414,-0.778,-0.995,0.872,-0.983,0.989,-0.995,-0.991,5.739,4.873,10.543,10.561,10.51,10.529,10.493,10.523,5.634,4.986,10.541,10.573,5.934,5.681,10.565,10.563,EssenceCatalog/problems/csplib-prob010-SocialGolfers/params/766d162388edb0f009503f5f839fb5e2.param
0.99,0.822,-0.81,-0.963,0.85,-0.995,-0.851,-0.732,-0.979,-0.788,0.561,0.971,-0.283,-0.878,-0.286,0.733,-0.98,0.302,0.962,-0.845,-0.994,-0.912,0.581,0.014,-0.976,-0.971,-0.968,-0.96,0.97,0.952,0.888,0.922,0.977,0.801,0.991,0.975,0.917,-0.914,0.989,-0.898,0.954,0.471,-0.551,-0.312,0.975,-0.989,-0.81,-0.777,-0.976,0.951,0.938,-0.943,0.958,-0.972,-0.984,0.586,-0.864,0.81,-0.993,-0.978,0.848,0.97,-0.926,0.992,-0.995,-0.663,-0.6,-0.981,-0.984,-0.67,0.871,-0.973,0.969,0.923,-0.97,0.983,0.931,-0.971,-0.571,0.995,-0.994,0.866,-0.976,0.985,-0.976,-0.961,-0.96,0.994,0.984,0.717,-0.998,0.997,0.487,-0.797,-0.995,0.878,-0.982,0.987,-0.994,-0.99,5.81,4.899,10.553,10.566,10.505,10.521,10.489,10.522,5.683,5.01,10.553,10.573,5.977,5.71,10.564,10.568,EssenceCatalog/problems/csplib-prob010-SocialGolfers/params/f33849f47d88d13302df40fba7ccf25c.param
0.992,0.863,-0.653,0.085,0.91,-0.993,-0.924,-0.908,-0.985,-0.857,0.736,0.98,0.556,-0.945,-0.865,0.894,-0.977,0.683,0.966,-0.91,-0.994,0.513,0.892,-0.768,-0.976,-0.267,-0.975,-0.987,0.981,0.099,0.949,0.964,0.983,0.87,0.991,0.972,0.933,-0.956,0.992,-0.943,0.918,0.953,-0.609,0.877,0.95,-0.993,-0.948,-0.949,-0.985,-0.321,0.819,-0.965,0.972,-0.98,-0.941,0.876,-0.799,0.926,-0.992,-0.922,0.878,0.985,0.238,0.988,-0.997,-0.847,-0.863,-0.99,-0.981,-0.825,0.932,-0.979,0.971,0.971,-0.986,0.985,0.619,-0.945,-0.655,0.995,-0.995,0.9,-0.973,0.979,-0.988,-0.984,-0.965,0.996,0.992,0.868,-0.998,0.998,0.901,-0.914,-0.995,0.949,-0.989,0.971,-0.994,-0.987,8.399,5.501,10.422,10.319,10.378,10.323,10.378,10.343,6.971,5.751,10.402,10.288,7.342,7.104,10.355,10.351,EssenceCatalog/problems/csplib-prob010-SocialGolfers/params/e73b3e21fe40cf7fd90823387bf77aee.param
0.987,0.808,-0.722,-0.916,0.845,-0.993,-0.857,-0.771,-0.98,-0.759,0.564,0.967,-0.246,-0.894,-0.386,0.757,-0.976,0.268,0.958,-0.847,-0.993,-0.817,0.678,-0.066,-0.971,-0.944,-0.968,-0.961,0.967,0.916,0.89,0.923,0.975,0.775,0.989,0.969,0.905,-0.912,0.991,-0.902,0.938,0.585,-0.462,0.063,0.967,-0.989,-0.838,-0.85,-0.98,0.88,0.906,-0.948,0.956,-0.969,-0.978,0.638,-0.809,0.819,-0.991,-0.967,0.824,0.97,-0.851,0.99,-0.994,-0.673,-0.636,-0.98,-0.979,-0.658,0.865,-0.969,0.97,0.936,-0.974,0.977,0.889,-0.961,-0.564,0.994,-0.992,0.845,-0.97,0.982,-0.975,-0.965,-0.952,0.993,0.983,0.704,-0.997,0.997,0.614,-0.828,-0.993,0.887,-0.98,0.982,-0.993,-0.987,6.043,4.948,10.553,10.55,10.486,10.501,10.473,10.501,5.808,5.058,10.553,10.544,6.098,5.819,10.544,10.552,EssenceCatalog/problems/csplib-prob010-SocialGolfers/params/8b682d565b419740fb92084ea8959295.param
0.994,0.854,-0.791,-0.98,-0.932,-0.993,0.601,-0.315,0.987,-0.359,0.675,0.99,-0.994,0.996,-0.958,0.978,-0.963,0.584,0.99,-0.206,-0.993,-0.982,0.819,-0.793,-0.993,-0.998,-0.954,-0.942,0.996,0.976,0.962,0.964,0.996,0.973,0.998,0.994,0.986,-0.953,-0.997,-0.271,0.993,-0.976,-0.85,0.78,0.99,-0.899,0.942,0.997,0.997,0.992,0.979,0.962,0.987,-0.909,-0.982,-0.982,-0.845,0.968,-0.998,-0.991,0.921,0.988,-0.987,0.997,-0.988,-0.832,-0.872,-0.979,-0.998,-0.955,0.988,-0.993,-0.977,-0.994,0.994,0.993,0.991,-0.994,-0.958,0.984,-0.997,0.323,-0.987,0.989,-0.988,0.58,-0.986,0.997,0.996,0.829,-0.996,0.993,0.967,-0.969,-0.996,-0.992,-0.984,0.991,-0.996,-0.992,3.875,3.236,4.36,9.831,10.42,10.219,10.448,10.693,3.938,3.44,4.425,9.829,4.516,3.982,5.482,9.883,EssenceCatalog/problems/csplib-prob010-SocialGolfers/params/31cd1cb98198d673d078f0cbaf3245d2.param
0.992,0.783,-0.91,-0.916,0.915,-0.994,-0.837,-0.716,-0.983,-0.848,0.409,0.98,0.806,-0.904,-0.79,0.736,-0.983,0.815,0.948,-0.84,-0.993,-0.751,0.361,-0.799,-0.977,-0.936,-0.971,-0.959,0.965,0.867,0.899,0.959,0.978,0.912,0.989,0.971,0.883,-0.925,0.989,-0.902,0.938,0.917,-0.946,-0.044,0.97,-0.99,-0.859,-0.796,-0.982,0.899,0.945,-0.942,0.963,-0.976,-0.986,0.808,-0.932,0.821,-0.992,-0.968,0.809,0.964,-0.876,0.989,-0.995,-0.716,-0.649,-0.986,-0.988,-0.725,0.897,-0.978,0.973,0.95,-0.98,0.987,0.91,-0.958,-0.311,0.995,-0.995,0.932,-0.972,0.98,-0.975,-0.976,-0.958,0.995,0.983,0.793,-0.997,0.997,0.422,-0.499,-0.996,0.933,-0.989,0.981,-0.996,-0.988,6.689,5.419,10.582,10.568,10.454,10.504,10.468,10.539,6.288,5.569,10.584,10.622,6.534,6.463,10.585,10.619,EssenceCatalog/problems/csplib-prob010-SocialGolfers/params/4bd7f58f1259c39c88d3e10e543bfcd3.param
0.991,0.794,-0.887,-0.946,0.895,-0.994,-0.83,-0.699,-0.981,-0.827,0.45,0.977,0.524,-0.89,-0.642,0.721,-0.982,0.69,0.951,-0.835,-0.993,-0.855,0.398,-0.601,-0.976,-0.957,-0.969,-0.957,0.966,0.919,0.891,0.947,0.977,0.879,0.989,0.973,0.895,-0.917,0.988,-0.894,0.945,0.821,-0.885,-0.209,0.973,-0.99,-0.833,-0.77,-0.98,0.934,0.947,-0.94,0.96,-0.974,-0.986,0.737,-0.913,0.808,-0.992,-0.974,0.823,0.964,-0.91,0.99,-0.995,-0.689,-0.624,-0.984,-0.987,-0.705,0.884,-0.975,0.971,0.937,-0.975,0.986,0.926,-0.965,-0.398,0.995,-0.994,0.912,-0.973,0.982,-0.975,-0.969,-0.958,0.995,0.982,0.757,-0.997,0.997,0.395,-0.598,-0.995,0.912,-0.987,0.984,-0.996,-0.989,6.383,5.274,10.557,10.559,10.455,10.498,10.458,10.528,6.092,5.409,10.561,10.606,6.348,6.233,10.568,10.595,EssenceCatalog/problems/csplib-prob010-SocialGolfers/params/b54f500367539be59cd21d120e5589db.param
0.988,0.813,-0.759,-0.904,0.87,-0.994,-0.832,-0.721,-0.978,-0.739,0.69,0.961,-0.391,-0.881,-0.211,0.746,-0.977,0.285,0.957,-0.861,-0.993,-0.866,0.578,0.064,-0.971,-0.946,-0.968,-0.955,0.961,0.924,0.87,0.918,0.975,0.723,0.988,0.97,0.91,-0.874,0.989,-0.855,0.917,0.243,-0.391,0.069,0.965,-0.99,-0.853,-0.854,-0.98,0.872,0.937,-0.954,0.934,-0.969,-0.981,0.653,-0.811,0.799,-0.992,-0.975,0.848,0.966,-0.916,0.991,-0.994,-0.655,-0.622,-0.981,-0.98,-0.704,0.841,-0.969,0.956,0.928,-0.973,0.977,0.921,-0.966,-0.72,0.995,-0.992,0.826,-0.971,0.982,-0.975,-0.962,-0.948,0.993,0.98,0.73,-0.997,0.997,0.528,-0.819,-0.993,0.888,-0.978,0.987,-0.992,-0.987,5.864,4.823,10.531,10.517,10.482,10.506,10.472,10.495,5.652,4.935,10.529,10.518,5.966,5.71,10.542,10.517,EssenceCatalog/problems/csplib-prob010-SocialGolfers/params/d189b903af3512db2d1bcdc9ed3f3870.param
0.996,0.844,-0.819,-0.961,0.039,-0.998,0.294,-0.37,0.778,-0.66,0.568,0.989,-0.883,0.924,-0.945,0.954,-0.991,0.84,0.985,-0.488,-0.995,-0.969,0.678,-0.82,-0.994,-0.997,-0.984,-0.966,0.994,0.969,0.948,0.966,0.996,0.975,0.998,0.996,0.972,-0.953,-0.932,-0.827,0.985,-0.709,-0.948,0.442,0.985,-0.984,0.382,0.959,0.891,0.985,0.989,0.099,0.981,-0.955,-0.992,-0.791,-0.943,0.919,-0.998,-0.995,0.96,0.987,-0.975,0.999,-0.996,-0.829,-0.813,-0.996,-0.997,-0.956,0.977,-0.994,-0.685,-0.766,0.812,0.998,0.982,-0.992,-0.914,0.997,-0.998,0.887,-0.985,0.993,-0.993,-0.849,-0.985,0.998,0.996,0.893,-0.999,0.998,0.878,-0.866,-0.998,-0.78,-0.99,0.997,-0.998,-0.995,4.471,3.727,5.725,10.247,10.678,10.562,10.66,10.774,4.442,3.973,5.756,10.276,5.01,4.664,6.743,10.308,EssenceCatalog/problems/csplib-prob010-SocialGolfers/params/27bec11dc8f7019638bb8eaf6b1a59ac.param
0.993,0.877,-0.834,-0.988,0.795,-0.997,-0.851,-0.789,-0.976,-0.762,0.756,0.961,-0.924,-0.81,0.398,0.804,-0.987,-0.336,0.983,-0.873,-0.996,-0.987,0.746,0.824,-0.986,-0.991,-0.976,-0.962,0.98,0.99,0.899,0.911,0.985,0.802,0.995,0.987,0.966,-0.924,0.985,-0.918,0.975,-0.784,0.215,-0.851,0.984,-0.991,-0.717,-0.678,-0.964,0.987,0.976,-0.953,0.953,-0.978,-0.993,0.102,-0.896,0.851,-0.997,-0.994,0.933,0.984,-0.985,0.997,-0.995,-0.638,-0.483,-0.981,-0.99,-0.726,0.888,-0.983,0.959,0.861,-0.965,0.988,0.977,-0.984,-0.88,0.996,-0.996,0.848,-0.987,0.992,-0.977,-0.954,-0.976,0.996,0.988,0.802,-0.998,0.998,0.438,-0.916,-0.996,0.777,-0.981,0.996,-0.996,-0.995,4.913,4.302,10.493,10.541,10.586,10.568,10.579,10.547,5.006,4.404,10.46,10.538,5.357,4.933,10.538,10.523,EssenceCatalog/problems/csplib-prob010-SocialGolfers/params/fb41f07f0a66d5e6444d0bda8b4ca8f4.param
0.991,0.814,-0.859,-0.967,0.862,-0.995,-0.835,-0.713,-0.979,-0.803,0.546,0.973,-0.117,-0.869,-0.364,0.726,-0.982,0.426,0.961,-0.843,-0.994,-0.926,0.493,-0.155,-0.977,-0.974,-0.969,-0.957,0.97,0.957,0.885,0.932,0.978,0.835,0.991,0.975,0.917,-0.912,0.988,-0.888,0.954,0.511,-0.7,-0.397,0.977,-0.99,-0.803,-0.739,-0.977,0.959,0.95,-0.939,0.958,-0.973,-0.987,0.609,-0.891,0.808,-0.993,-0.981,0.847,0.968,-0.943,0.993,-0.995,-0.664,-0.579,-0.981,-0.986,-0.696,0.879,-0.975,0.968,0.92,-0.97,0.985,0.942,-0.97,-0.566,0.995,-0.994,0.883,-0.977,0.985,-0.975,-0.959,-0.961,0.995,0.983,0.733,-0.998,0.997,0.409,-0.734,-0.995,0.882,-0.985,0.988,-0.995,-0.991,5.889,4.984,10.543,10.572,10.496,10.522,10.482,10.536,5.748,5.098,10.544,10.596,6.032,5.821,10.566,10.58,EssenceCatalog/problems/csplib-prob010-SocialGolfers/params/ebcf497d0a2f3f8b77fbee106806c39e.param
0.991,0.786,-0.895,-0.948,0.893,-0.994,-0.82,-0.695,-0.98,-0.817,0.496,0.975,0.41,-0.873,-0.586,0.72,-0.982,0.668,0.956,-0.846,-0.994,-0.891,0.369,-0.525,-0.976,-0.963,-0.968,-0.952,0.966,0.933,0.883,0.946,0.978,0.873,0.99,0.971,0.906,-0.911,0.988,-0.87,0.943,0.72,-0.867,-0.255,0.975,-0.99,-0.825,-0.744,-0.978,0.94,0.952,-0.938,0.956,-0.975,-0.986,0.709,-0.913,0.807,-0.993,-0.977,0.83,0.966,-0.936,0.991,-0.995,-0.683,-0.576,-0.983,-0.987,-0.72,0.883,-0.977,0.967,0.931,-0.974,0.985,0.937,-0.963,-0.507,0.995,-0.995,0.903,-0.975,0.983,-0.973,-0.964,-0.958,0.995,0.982,0.766,-0.997,0.997,0.359,-0.611,-0.995,0.909,-0.987,0.986,-0.996,-0.989,6.268,5.212,10.544,10.558,10.457,10.502,10.46,10.538,6.008,5.344,10.546,10.606,6.27,6.159,10.564,10.588,EssenceCatalog/problems/csplib-prob010-SocialGolfers/params/070066d5235172152fb653030e1d73e7.param
0.988,0.786,-0.782,-0.879,0.876,-0.993,-0.874,-0.782,-0.984,-0.796,0.45,0.974,0.375,-0.915,-0.644,0.745,-0.975,0.536,0.952,-0.844,-0.993,-0.65,0.646,-0.516,-0.97,-0.911,-0.966,-0.963,0.968,0.842,0.899,0.938,0.974,0.836,0.988,0.965,0.889,-0.927,0.992,-0.907,0.935,0.865,-0.741,0.212,0.965,-0.989,-0.865,-0.867,-0.984,0.823,0.879,-0.945,0.963,-0.972,-0.974,0.751,-0.848,0.834,-0.99,-0.952,0.795,0.968,-0.746,0.987,-0.994,-0.698,-0.661,-0.981,-0.98,-0.654,0.881,-0.971,0.977,0.953,-0.979,0.979,0.85,-0.952,-0.378,0.993,-0.993,0.883,-0.968,0.979,-0.975,-0.97,-0.953,0.994,0.984,0.729,-0.997,0.997,0.62,-0.753,-0.994,0.919,-0.984,0.975,-0.994,-0.985,6.583,5.251,10.562,10.535,10.445,10.467,10.445,10.494,6.183,5.381,10.563,10.553,6.441,6.25,10.541,10.565,EssenceCatalog/problems/csplib-prob010-SocialGolfers/params/4e9f553f3f919e1e0a555200ccc2a810.param
0.999,0.967,-0.972,0.991,0.988,-0.995,-0.987,-0.987,-0.987,-0.978,0.986,0.993,0.993,-0.972,-0.99,0.981,-0.985,0.991,0.991,-0.99,-0.998,0.993,0.983,-0.99,-0.994,0.982,-0.987,-0.996,0.996,-0.983,0.982,0.996,0.995,0.972,0.996,0.994,0.986,-0.978,0.989,-0.979,0.902,0.99,-0.988,0.994,0.867,-0.998,-0.992,-0.982,-0.984,-0.99,0.975,-0.989,0.99,-0.996,-0.773,0.989,-0.981,0.99,-0.999,-0.947,0.979,0.996,0.918,0.994,-0.999,-0.986,-0.984,-0.997,-0.995,-0.99,0.988,-0.997,0.959,0.989,-0.996,0.996,0.635,-0.934,-0.974,0.997,-0.999,0.979,-0.99,0.984,-0.997,-0.996,-0.991,0.999,0.999,0.992,-1.0,0.998,0.985,-0.977,-0.997,0.993,-0.997,0.992,-0.998,-0.993,9.893,5.847,10.466,10.405,10.511,10.422,10.558,10.513,7.687,6.18,10.451,10.348,8.125,7.957,10.449,10.442,EssenceCatalog/problems/csplib-prob010-SocialGolfers/params/85c3dd46a9ddc5434f003e95dc7543be.param
0.991,0.815,-0.86,-0.965,0.867,-0.995,-0.832,-0.702,-0.979,-0.802,0.535,0.973,-0.039,-0.871,-0.392,0.722,-0.982,0.471,0.96,-0.842,-0.994,-0.92,0.47,-0.205,-0.977,-0.973,-0.969,-0.957,0.968,0.953,0.885,0.932,0.978,0.835,0.99,0.975,0.914,-0.911,0.987,-0.887,0.953,0.551,-0.723,-0.363,0.977,-0.99,-0.809,-0.742,-0.977,0.957,0.951,-0.939,0.957,-0.973,-0.987,0.627,-0.892,0.806,-0.993,-0.98,0.847,0.967,-0.941,0.992,-0.995,-0.669,-0.594,-0.982,-0.986,-0.697,0.875,-0.974,0.967,0.92,-0.97,0.985,0.941,-0.971,-0.55,0.995,-0.994,0.886,-0.976,0.985,-0.975,-0.961,-0.96,0.995,0.983,0.735,-0.998,0.997,0.398,-0.721,-0.995,0.886,-0.984,0.987,-0.995,-0.99,5.949,5.017,10.542,10.566,10.489,10.518,10.478,10.532,5.787,5.134,10.543,10.593,6.069,5.873,10.565,10.578,EssenceCatalog/problems/csplib-prob010-SocialGolfers/params/683c76200adc1d2770d53f32991cc953.param
0.99,0.799,-0.865,-0.952,0.88,-0.994,-0.834,-0.706,-0.98,-0.815,0.468,0.975,0.321,-0.883,-0.557,0.716,-0.981,0.6,0.954,-0.837,-0.994,-0.871,0.458,-0.459,-0.976,-0.963,-0.968,-0.958,0.967,0.929,0.89,0.938,0.977,0.856,0.99,0.973,0.901,-0.917,0.988,-0.891,0.949,0.761,-0.823,-0.225,0.974,-0.99,-0.825,-0.766,-0.978,0.94,0.941,-0.937,0.961,-0.973,-0.985,0.697,-0.898,0.809,-0.992,-0.974,0.829,0.966,-0.912,0.991,-0.995,-0.681,-0.613,-0.983,-0.986,-0.689,0.881,-0.974,0.969,0.933,-0.972,0.985,0.924,-0.966,-0.437,0.995,-0.994,0.899,-0.974,0.983,-0.975,-0.966,-0.958,0.995,0.983,0.74,-0.998,0.997,0.424,-0.67,-0.995,0.903,-0.985,0.984,-0.995,-0.989,6.245,5.185,10.55,10.56,10.465,10.501,10.461,10.526,5.995,5.313,10.554,10.597,6.259,6.106,10.562,10.586,EssenceCatalog/problems/csplib-prob010-SocialGolfers/params/7bfe311603d1f55fb9a885ef3f45bf13.param
0.893,-0.095,-0.632,-0.97,-0.982,-0.098,-0.059,-0.806,0.912,0.378,-0.207,0.808,-0.979,0.984,-0.67,0.937,0.104,-0.747,0.966,-0.477,-0.815,-0.985,0.869,0.286,-0.8,-0.986,-0.063,0.373,0.945,0.967,0.751,0.788,0.888,0.91,0.928,0.236,0.928,-0.93,-0.854,0.62,0.957,-0.995,-0.311,-0.004,0.929,0.704,0.987,0.992,0.994,0.984,-0.001,0.988,0.92,-0.375,-0.558,-0.986,-0.244,0.908,-0.946,-0.232,0.038,0.903,-0.968,0.332,0.601,-0.454,0.412,0.637,-0.968,-0.194,0.951,-0.915,-0.789,-0.991,0.925,-0.396,0.932,-0.32,-0.899,-0.845,-0.897,-0.877,-0.846,0.368,0.189,0.95,-0.9,0.874,0.846,0.034,0.243,-0.318,0.919,-0.955,-0.302,-0.97,-0.818,0.351,-0.739,-0.24,1.282,1.407,1.58,5.83,5.552,4.998,5.731,7.672,1.757,1.457,1.645,5.771,2.112,1.385,2.323,5.904,EssenceCatalog/problems/csplib-prob010-SocialGolfers/params/ord01-3-2-2.param
0.986,0.808,-0.63,-0.738,0.856,-0.992,-0.889,-0.843,-0.983,-0.789,0.544,0.971,0.062,-0.923,-0.648,0.808,-0.972,0.355,0.956,-0.858,-0.993,-0.389,0.805,-0.399,-0.968,-0.834,-0.968,-0.973,0.972,0.756,0.914,0.937,0.975,0.805,0.989,0.963,0.902,-0.936,0.992,-0.923,0.93,0.862,-0.461,0.527,0.958,-0.989,-0.89,-0.908,-0.983,0.608,0.824,-0.95,0.963,-0.971,-0.963,0.748,-0.772,0.866,-0.99,-0.939,0.814,0.975,-0.489,0.988,-0.994,-0.725,-0.725,-0.982,-0.976,-0.678,0.89,-0.97,0.975,0.956,-0.98,0.976,0.774,-0.948,-0.502,0.993,-0.992,0.86,-0.967,0.978,-0.979,-0.972,-0.953,0.994,0.987,0.735,-0.997,0.997,0.773,-0.863,-0.993,0.911,-0.982,0.971,-0.992,-0.985,6.795,5.18,10.548,10.505,10.458,10.451,10.452,10.447,6.234,5.314,10.534,10.49,6.519,6.242,10.505,10.524,EssenceCatalog/problems/csplib-prob010-SocialGolfers/params/0c7d0b69bf0d0de3cd6df0134e091b24.param
0.99,0.819,-0.848,-0.963,0.868,-0.995,-0.835,-0.706,-0.979,-0.801,0.545,0.972,-0.071,-0.877,-0.375,0.721,-0.981,0.439,0.958,-0.841,-0.994,-0.912,0.493,-0.167,-0.976,-0.97,-0.969,-0.959,0.968,0.95,0.886,0.928,0.977,0.824,0.99,0.976,0.911,-0.909,0.988,-0.891,0.951,0.564,-0.696,-0.341,0.975,-0.99,-0.813,-0.761,-0.978,0.953,0.949,-0.942,0.957,-0.973,-0.986,0.631,-0.885,0.802,-0.993,-0.98,0.848,0.967,-0.934,0.992,-0.995,-0.666,-0.608,-0.982,-0.985,-0.688,0.871,-0.973,0.967,0.923,-0.971,0.985,0.937,-0.971,-0.538,0.995,-0.994,0.883,-0.975,0.985,-0.976,-0.962,-0.959,0.994,0.983,0.729,-0.998,0.997,0.416,-0.738,-0.995,0.885,-0.984,0.987,-0.995,-0.99,5.942,5.003,10.549,10.564,10.491,10.518,10.478,10.525,5.781,5.12,10.55,10.586,6.065,5.853,10.566,10.574,EssenceCatalog/problems/csplib-prob010-SocialGolfers/params/7b8c58601cc42a8679e33c32b207b245.param
0.991,0.87,-0.81,-0.979,0.835,-0.997,-0.846,-0.748,-0.977,-0.773,0.738,0.961,-0.835,-0.848,0.248,0.765,-0.984,-0.141,0.974,-0.864,-0.995,-0.972,0.669,0.668,-0.982,-0.985,-0.975,-0.963,0.974,0.981,0.887,0.909,0.981,0.748,0.993,0.984,0.949,-0.901,0.986,-0.907,0.963,-0.486,0.039,-0.685,0.979,-0.991,-0.803,-0.75,-0.973,0.975,0.969,-0.958,0.945,-0.974,-0.99,0.365,-0.873,0.818,-0.995,-0.991,0.912,0.977,-0.973,0.996,-0.996,-0.634,-0.561,-0.983,-0.986,-0.725,0.866,-0.977,0.96,0.894,-0.968,0.986,0.964,-0.981,-0.817,0.996,-0.995,0.854,-0.983,0.99,-0.978,-0.96,-0.968,0.995,0.985,0.762,-0.998,0.998,0.423,-0.885,-0.995,0.829,-0.979,0.994,-0.994,-0.994,5.132,4.438,10.541,10.538,10.57,10.567,10.555,10.525,5.167,4.543,10.515,10.534,5.517,5.124,10.574,10.522,EssenceCatalog/problems/csplib-prob010-SocialGolfers/params/2ac589f7d7f7857a8f7b72ed966cb55d.param
0.99,0.786,-0.869,-0.941,0.891,-0.994,-0.847,-0.72,-0.981,-0.818,0.442,0.976,0.477,-0.893,-0.622,0.719,-0.98,0.651,0.953,-0.84,-0.993,-0.835,0.463,-0.544,-0.975,-0.954,-0.967,-0.957,0.967,0.912,0.891,0.942,0.976,0.867,0.989,0.971,0.897,-0.921,0.989,-0.893,0.945,0.819,-0.854,-0.142,0.973,-0.99,-0.834,-0.788,-0.98,0.925,0.934,-0.94,0.962,-0.974,-0.983,0.731,-0.901,0.811,-0.992,-0.97,0.818,0.966,-0.893,0.99,-0.994,-0.689,-0.607,-0.983,-0.985,-0.684,0.88,-0.974,0.973,0.942,-0.976,0.984,0.913,-0.961,-0.393,0.994,-0.994,0.904,-0.972,0.982,-0.974,-0.969,-0.958,0.995,0.983,0.751,-0.997,0.997,0.444,-0.651,-0.995,0.917,-0.986,0.982,-0.995,-0.988,6.381,5.254,10.561,10.557,10.454,10.493,10.457,10.527,6.087,5.386,10.565,10.599,6.344,6.208,10.566,10.591,EssenceCatalog/problems/csplib-prob010-SocialGolfers/params/39c92659202e9472eb03e847e2ce607f.param
0.987,0.839,-0.491,-0.502,0.841,-0.992,-0.89,-0.853,-0.978,-0.727,0.815,0.957,-0.687,-0.9,-0.258,0.858,-0.97,0.025,0.965,-0.902,-0.992,-0.484,0.849,0.206,-0.969,-0.811,-0.971,-0.974,0.971,0.788,0.902,0.926,0.978,0.622,0.989,0.966,0.933,-0.898,0.99,-0.876,0.894,0.192,0.339,0.718,0.948,-0.989,-0.91,-0.932,-0.98,0.358,0.868,-0.96,0.934,-0.969,-0.957,0.682,-0.629,0.88,-0.993,-0.956,0.872,0.981,-0.668,0.991,-0.995,-0.744,-0.75,-0.983,-0.973,-0.774,0.866,-0.971,0.955,0.942,-0.976,0.968,0.863,-0.957,-0.865,0.994,-0.992,0.749,-0.971,0.98,-0.982,-0.965,-0.952,0.994,0.987,0.781,-0.997,0.997,0.829,-0.938,-0.993,0.879,-0.975,0.983,-0.99,-0.984,6.316,4.727,10.531,10.456,10.486,10.473,10.469,10.41,5.774,4.841,10.499,10.392,6.139,5.761,10.497,10.434,EssenceCatalog/problems/csplib-prob010-SocialGolfers/params/b315d2ded2d8d85ca6f49ce7695b1470.param
0.995,0.875,-0.718,-0.963,-0.201,-0.998,0.393,-0.352,0.839,-0.534,0.671,0.987,-0.954,0.938,-0.935,0.964,-0.992,0.763,0.984,-0.478,-0.994,-0.975,0.747,-0.748,-0.993,-0.997,-0.987,-0.969,0.994,0.978,0.95,0.964,0.996,0.971,0.998,0.997,0.974,-0.943,-0.948,-0.837,0.987,-0.839,-0.899,0.516,0.984,-0.985,0.416,0.961,0.904,0.983,0.991,0.156,0.979,-0.945,-0.995,-0.86,-0.912,0.929,-0.998,-0.996,0.961,0.987,-0.977,0.999,-0.996,-0.819,-0.846,-0.996,-0.997,-0.963,0.976,-0.993,-0.779,-0.858,0.869,0.997,0.984,-0.995,-0.927,0.998,-0.997,0.867,-0.985,0.993,-0.993,-0.821,-0.985,0.998,0.995,0.87,-0.999,0.998,0.897,-0.912,-0.998,-0.879,-0.988,0.997,-0.998,-0.996,4.339,3.61,5.502,10.221,10.662,10.544,10.659,10.757,4.325,3.855,5.532,10.239,4.907,4.52,6.553,10.273,EssenceCatalog/problems/csplib-prob010-SocialGolfers/params/29dc22ddc011723cb796970c5acab3ef.param
0.999,0.965,-0.973,0.987,0.986,-0.995,-0.986,-0.985,-0.986,-0.983,0.979,0.993,0.994,-0.97,-0.992,0.98,-0.984,0.991,0.99,-0.986,-0.997,0.993,0.984,-0.991,-0.993,0.981,-0.987,-0.996,0.995,-0.984,0.982,0.995,0.993,0.975,0.996,0.993,0.985,-0.98,0.983,-0.982,0.923,0.994,-0.991,0.99,0.874,-0.998,-0.989,-0.978,-0.977,-0.986,0.968,-0.986,0.99,-0.994,-0.732,0.988,-0.983,0.989,-0.998,-0.936,0.977,0.995,0.95,0.993,-0.999,-0.985,-0.985,-0.997,-0.995,-0.989,0.987,-0.995,0.961,0.987,-0.994,0.996,0.472,-0.923,-0.962,0.995,-0.998,0.983,-0.987,0.984,-0.995,-0.996,-0.989,0.999,0.998,0.991,-1.0,0.998,0.981,-0.973,-0.997,0.992,-0.996,0.99,-0.998,-0.992,9.877,5.837,10.432,10.372,10.475,10.382,10.523,10.475,7.68,6.17,10.417,10.314,8.111,7.934,10.414,10.412,EssenceCatalog/problems/csplib-prob010-SocialGolfers/params/ord36-9-8-8.param
0.987,0.807,-0.706,-0.916,0.838,-0.993,-0.865,-0.785,-0.981,-0.755,0.58,0.966,-0.356,-0.896,-0.345,0.766,-0.976,0.172,0.961,-0.852,-0.993,-0.825,0.717,0.035,-0.971,-0.945,-0.968,-0.96,0.968,0.92,0.891,0.922,0.975,0.769,0.989,0.967,0.908,-0.914,0.991,-0.903,0.939,0.523,-0.369,0.051,0.967,-0.988,-0.835,-0.86,-0.98,0.879,0.901,-0.95,0.956,-0.968,-0.978,0.622,-0.801,0.825,-0.992,-0.968,0.825,0.972,-0.851,0.991,-0.994,-0.664,-0.615,-0.979,-0.978,-0.648,0.868,-0.97,0.971,0.936,-0.975,0.976,0.89,-0.96,-0.607,0.993,-0.992,0.833,-0.971,0.981,-0.975,-0.964,-0.952,0.993,0.984,0.695,-0.997,0.997,0.635,-0.85,-0.993,0.884,-0.98,0.982,-0.993,-0.987,5.953,4.886,10.557,10.55,10.491,10.501,10.476,10.499,5.743,4.992,10.557,10.538,6.038,5.731,10.545,10.547,EssenceCatalog/problems/csplib-prob010-SocialGolfers/params/d6ed718c63a1c368650e19a4ae61ed57.param
0.986,0.806,-0.63,-0.867,0.823,-0.993,-0.878,-0.825,-0.982,-0.748,0.582,0.966,-0.391,-0.905,-0.414,0.796,-0.974,0.104,0.962,-0.856,-0.993,-0.74,0.792,0.023,-0.97,-0.921,-0.969,-0.964,0.97,0.893,0.9,0.925,0.975,0.767,0.989,0.964,0.909,-0.924,0.992,-0.915,0.936,0.584,-0.247,0.252,0.963,-0.988,-0.848,-0.887,-0.981,0.804,0.865,-0.951,0.958,-0.968,-0.973,0.628,-0.76,0.843,-0.991,-0.958,0.819,0.975,-0.759,0.99,-0.993,-0.681,-0.638,-0.979,-0.975,-0.653,0.876,-0.97,0.974,0.943,-0.977,0.972,0.852,-0.952,-0.62,0.992,-0.992,0.819,-0.97,0.98,-0.975,-0.966,-0.952,0.993,0.986,0.695,-0.997,0.996,0.724,-0.879,-0.993,0.885,-0.979,0.978,-0.992,-0.986,6.09,4.896,10.558,10.545,10.487,10.489,10.472,10.484,5.809,5.0,10.553,10.517,6.104,5.77,10.531,10.539,EssenceCatalog/problems/csplib-prob010-SocialGolfers/params/498e0a750efd93df91c9d783002162f4.param
0.992,0.779,-0.912,-0.917,0.913,-0.994,-0.831,-0.706,-0.982,-0.845,0.417,0.98,0.797,-0.897,-0.783,0.733,-0.983,0.817,0.948,-0.841,-0.993,-0.769,0.347,-0.795,-0.976,-0.94,-0.97,-0.958,0.965,0.872,0.897,0.958,0.978,0.91,0.989,0.971,0.885,-0.922,0.988,-0.894,0.937,0.907,-0.945,-0.043,0.97,-0.99,-0.856,-0.786,-0.981,0.903,0.946,-0.94,0.962,-0.976,-0.985,0.801,-0.931,0.821,-0.992,-0.969,0.81,0.964,-0.885,0.989,-0.995,-0.715,-0.639,-0.986,-0.988,-0.727,0.897,-0.978,0.972,0.947,-0.978,0.987,0.915,-0.958,-0.333,0.995,-0.995,0.929,-0.972,0.98,-0.975,-0.975,-0.958,0.995,0.983,0.792,-0.997,0.997,0.408,-0.498,-0.996,0.932,-0.989,0.981,-0.996,-0.988,6.666,5.409,10.572,10.563,10.449,10.5,10.463,10.537,6.271,5.559,10.574,10.618,6.518,6.452,10.578,10.613,EssenceCatalog/problems/csplib-prob010-SocialGolfers/params/12cf12012262affb2b36e8a68bf0e9a2.param
0.993,0.903,-0.696,-0.977,0.62,-0.997,-0.909,-0.841,-0.972,-0.722,0.861,0.954,-0.989,-0.806,0.722,0.854,-0.98,-0.729,0.99,-0.913,-0.996,-0.977,0.905,0.947,-0.988,-0.988,-0.975,-0.965,0.981,0.987,0.919,0.908,0.988,0.603,0.995,0.985,0.978,-0.927,0.985,-0.917,0.972,-0.958,0.864,-0.718,0.983,-0.988,-0.715,-0.789,-0.953,0.974,0.962,-0.953,0.953,-0.979,-0.987,-0.156,-0.802,0.905,-0.998,-0.991,0.949,0.991,-0.981,0.997,-0.996,-0.699,-0.577,-0.978,-0.989,-0.767,0.882,-0.985,0.955,0.831,-0.968,0.979,0.974,-0.984,-0.961,0.992,-0.996,0.705,-0.989,0.992,-0.978,-0.942,-0.978,0.996,0.992,0.793,-0.998,0.997,0.66,-0.98,-0.996,0.695,-0.977,0.996,-0.995,-0.993,4.76,4.075,10.451,10.469,10.603,10.545,10.577,10.495,4.826,4.185,10.415,10.44,5.201,4.666,10.47,10.459,EssenceCatalog/problems/csplib-prob010-SocialGolfers/params/354946450accf1487f7ce25f8723bb2e.param
0.99,0.821,-0.823,-0.966,0.853,-0.995,-0.852,-0.731,-0.979,-0.797,0.551,0.971,-0.265,-0.876,-0.29,0.725,-0.98,0.317,0.962,-0.845,-0.994,-0.914,0.566,-0.005,-0.977,-0.972,-0.968,-0.96,0.97,0.954,0.889,0.923,0.977,0.804,0.991,0.975,0.918,-0.915,0.989,-0.896,0.956,0.488,-0.572,-0.347,0.976,-0.989,-0.809,-0.765,-0.977,0.954,0.94,-0.941,0.96,-0.973,-0.984,0.591,-0.871,0.811,-0.993,-0.979,0.85,0.97,-0.929,0.992,-0.995,-0.669,-0.598,-0.98,-0.984,-0.67,0.872,-0.973,0.969,0.924,-0.97,0.983,0.933,-0.971,-0.564,0.995,-0.994,0.872,-0.976,0.986,-0.976,-0.959,-0.961,0.995,0.984,0.719,-0.998,0.997,0.471,-0.79,-0.995,0.88,-0.983,0.987,-0.995,-0.99,5.813,4.911,10.555,10.567,10.506,10.522,10.49,10.524,5.689,5.022,10.555,10.577,5.982,5.72,10.567,10.57,EssenceCatalog/problems/csplib-prob010-SocialGolfers/params/04a12cb61b64be662107a871150615b2.param
0.987,0.858,-0.575,-0.91,0.781,-0.995,-0.896,-0.817,-0.979,-0.752,0.709,0.964,-0.809,-0.9,0.011,0.797,-0.972,-0.278,0.97,-0.865,-0.994,-0.786,0.842,0.489,-0.976,-0.948,-0.971,-0.973,0.974,0.916,0.909,0.909,0.978,0.63,0.991,0.974,0.931,-0.917,0.99,-0.919,0.949,0.141,0.364,0.108,0.966,-0.989,-0.853,-0.885,-0.978,0.861,0.892,-0.952,0.958,-0.969,-0.972,0.505,-0.718,0.868,-0.993,-0.973,0.872,0.979,-0.82,0.993,-0.995,-0.701,-0.702,-0.981,-0.976,-0.657,0.864,-0.97,0.968,0.928,-0.971,0.977,0.896,-0.971,-0.769,0.994,-0.993,0.79,-0.976,0.986,-0.983,-0.962,-0.961,0.994,0.988,0.698,-0.998,0.997,0.745,-0.935,-0.994,0.834,-0.975,0.986,-0.992,-0.99,5.596,4.551,10.577,10.519,10.553,10.532,10.524,10.465,5.439,4.655,10.56,10.461,5.777,5.315,10.548,10.503,EssenceCatalog/problems/csplib-prob010-SocialGolfers/params/939856cb1756468c6f4867592d1a5221.param
0.993,0.777,-0.924,-0.406,0.954,-0.991,-0.808,-0.648,-0.977,-0.785,0.826,0.972,0.808,-0.877,-0.752,0.803,-0.98,0.919,0.95,-0.914,-0.992,-0.554,0.133,-0.86,-0.971,-0.791,-0.965,-0.947,0.956,0.624,0.88,0.966,0.983,0.871,0.988,0.961,0.899,-0.82,0.986,-0.698,0.787,0.665,-0.944,0.712,0.95,-0.992,-0.919,-0.888,-0.984,0.412,0.965,-0.955,0.913,-0.979,-0.98,0.873,-0.916,0.83,-0.994,-0.969,0.837,0.963,-0.922,0.986,-0.995,-0.786,-0.723,-0.988,-0.987,-0.841,0.865,-0.98,0.92,0.939,-0.982,0.982,0.94,-0.95,-0.816,0.997,-0.994,0.888,-0.97,0.975,-0.978,-0.974,-0.945,0.995,0.977,0.891,-0.996,0.997,0.464,-0.573,-0.995,0.956,-0.989,0.988,-0.995,-0.982,7.316,5.424,10.519,10.503,10.444,10.521,10.474,10.564,6.475,5.633,10.519,10.544,6.794,6.849,10.54,10.543,EssenceCatalog/problems/csplib-prob010-SocialGolfers/params/d528f932d81e30a27c49f8a9e9ac2c8b.param
0.992,0.768,-0.918,-0.8,0.936,-0.993,-0.851,-0.734,-0.984,-0.847,0.505,0.98,0.89,-0.912,-0.842,0.754,-0.981,0.876,0.948,-0.865,-0.993,-0.541,0.347,-0.874,-0.975,-0.873,-0.969,-0.959,0.964,0.741,0.901,0.965,0.979,0.916,0.988,0.967,0.881,-0.918,0.99,-0.876,0.909,0.936,-0.959,0.309,0.963,-0.991,-0.897,-0.85,-0.985,0.761,0.939,-0.947,0.959,-0.978,-0.98,0.86,-0.932,0.836,-0.992,-0.958,0.803,0.966,-0.828,0.986,-0.995,-0.752,-0.681,-0.987,-0.987,-0.76,0.898,-0.979,0.971,0.959,-0.983,0.986,0.891,-0.946,-0.395,0.995,-0.995,0.932,-0.97,0.978,-0.976,-0.979,-0.955,0.995,0.983,0.837,-0.997,0.997,0.484,-0.484,-0.996,0.952,-0.99,0.979,-0.996,-0.985,7.06,5.498,10.607,10.56,10.464,10.517,10.496,10.552,6.462,5.674,10.601,10.609,6.722,6.682,10.593,10.622,EssenceCatalog/problems/csplib-prob010-SocialGolfers/params/a0c6cc7d4bfec3044dafec45b477040d.param
0.995,0.804,-0.935,-0.139,0.963,-0.992,-0.821,-0.659,-0.976,-0.798,0.884,0.974,0.839,-0.876,-0.781,0.84,-0.981,0.944,0.954,-0.931,-0.993,-0.433,0.117,-0.893,-0.973,-0.71,-0.966,-0.955,0.959,0.493,0.89,0.973,0.986,0.878,0.989,0.965,0.909,-0.802,0.985,-0.672,0.751,0.624,-0.953,0.811,0.943,-0.993,-0.934,-0.903,-0.984,0.184,0.972,-0.96,0.908,-0.982,-0.98,0.893,-0.924,0.85,-0.995,-0.971,0.857,0.967,-0.927,0.987,-0.996,-0.823,-0.776,-0.99,-0.989,-0.878,0.874,-0.983,0.9,0.938,-0.983,0.984,0.951,-0.954,-0.874,0.998,-0.995,0.894,-0.972,0.975,-0.981,-0.976,-0.95,0.996,0.979,0.919,-0.997,0.997,0.517,-0.61,-0.995,0.96,-0.99,0.99,-0.995,-0.983,7.612,5.457,10.514,10.5,10.461,10.538,10.491,10.584,6.593,5.693,10.518,10.531,6.938,7.011,10.538,10.533,EssenceCatalog/problems/csplib-prob010-SocialGolfers/params/a25e4ed04e5d446af3a538173bbb0fe2.param
0.99,0.79,-0.866,-0.934,0.893,-0.994,-0.849,-0.727,-0.982,-0.823,0.414,0.977,0.563,-0.901,-0.667,0.724,-0.98,0.676,0.951,-0.836,-0.993,-0.795,0.482,-0.611,-0.975,-0.947,-0.968,-0.96,0.967,0.894,0.896,0.945,0.976,0.873,0.989,0.971,0.891,-0.925,0.99,-0.905,0.946,0.868,-0.872,-0.08,0.971,-0.99,-0.845,-0.802,-0.981,0.914,0.928,-0.941,0.964,-0.974,-0.982,0.75,-0.901,0.815,-0.992,-0.967,0.814,0.966,-0.866,0.989,-0.995,-0.699,-0.637,-0.983,-0.985,-0.679,0.883,-0.974,0.974,0.946,-0.977,0.985,0.901,-0.96,-0.33,0.994,-0.994,0.911,-0.971,0.981,-0.975,-0.971,-0.957,0.994,0.983,0.75,-0.997,0.997,0.468,-0.638,-0.995,0.92,-0.986,0.981,-0.995,-0.988,6.483,5.302,10.567,10.557,10.453,10.49,10.456,10.523,6.157,5.437,10.572,10.599,6.409,6.276,10.567,10.595,EssenceCatalog/problems/csplib-prob010-SocialGolfers/params/b9c29f3e5ab9ede30bbabd28de5d2b68.param
0.988,0.888,-0.402,-0.528,0.805,-0.994,-0.936,-0.882,-0.983,-0.789,0.851,0.963,-0.845,-0.94,-0.045,0.87,-0.966,-0.271,0.976,-0.911,-0.994,-0.151,0.929,0.473,-0.978,-0.767,-0.976,-0.986,0.98,0.684,0.931,0.93,0.983,0.483,0.992,0.976,0.952,-0.927,0.991,-0.926,0.932,0.225,0.743,0.719,0.949,-0.991,-0.925,-0.952,-0.983,0.245,0.83,-0.968,0.954,-0.975,-0.935,0.654,-0.581,0.921,-0.994,-0.958,0.913,0.986,-0.399,0.993,-0.997,-0.804,-0.843,-0.986,-0.972,-0.778,0.861,-0.973,0.969,0.949,-0.979,0.975,0.845,-0.969,-0.892,0.994,-0.994,0.762,-0.977,0.985,-0.989,-0.968,-0.965,0.995,0.992,0.796,-0.998,0.998,0.889,-0.971,-0.994,0.862,-0.976,0.986,-0.99,-0.989,6.331,4.606,10.56,10.385,10.495,10.434,10.464,10.312,5.73,4.73,10.515,10.281,6.111,5.605,10.481,10.362,EssenceCatalog/problems/csplib-prob010-SocialGolfers/params/787fada4a116e77ac6d4419e3b48c755.param
0.987,0.803,-0.738,-0.898,0.865,-0.993,-0.851,-0.752,-0.981,-0.754,0.617,0.964,-0.226,-0.896,-0.342,0.746,-0.975,0.306,0.955,-0.856,-0.993,-0.812,0.632,-0.08,-0.97,-0.937,-0.966,-0.958,0.963,0.907,0.881,0.921,0.974,0.749,0.988,0.967,0.902,-0.896,0.991,-0.879,0.925,0.518,-0.456,0.129,0.965,-0.989,-0.854,-0.864,-0.982,0.857,0.914,-0.95,0.946,-0.969,-0.978,0.676,-0.808,0.811,-0.991,-0.967,0.828,0.967,-0.87,0.99,-0.994,-0.666,-0.633,-0.98,-0.978,-0.675,0.852,-0.969,0.966,0.937,-0.975,0.976,0.898,-0.96,-0.629,0.994,-0.992,0.836,-0.97,0.981,-0.975,-0.964,-0.949,0.993,0.982,0.716,-0.997,0.997,0.581,-0.817,-0.993,0.897,-0.979,0.983,-0.992,-0.986,6.066,4.94,10.549,10.529,10.477,10.498,10.466,10.494,5.805,5.054,10.549,10.528,6.101,5.844,10.543,10.534,EssenceCatalog/problems/csplib-prob010-SocialGolfers/params/bcf6401f5e4e88dcf48c33c3ddee1a5d.param
0.986,0.801,-0.656,-0.829,0.846,-0.993,-0.877,-0.815,-0.982,-0.761,0.572,0.967,-0.161,-0.911,-0.508,0.784,-0.973,0.262,0.957,-0.856,-0.992,-0.632,0.765,-0.187,-0.968,-0.896,-0.968,-0.966,0.969,0.848,0.899,0.928,0.974,0.774,0.988,0.964,0.901,-0.923,0.992,-0.909,0.929,0.732,-0.391,0.367,0.96,-0.988,-0.87,-0.893,-0.982,0.745,0.861,-0.95,0.958,-0.969,-0.97,0.694,-0.77,0.844,-0.99,-0.953,0.813,0.973,-0.701,0.989,-0.994,-0.695,-0.674,-0.98,-0.975,-0.663,0.874,-0.969,0.973,0.948,-0.977,0.974,0.836,-0.953,-0.563,0.993,-0.992,0.839,-0.968,0.979,-0.977,-0.968,-0.95,0.993,0.985,0.713,-0.997,0.997,0.714,-0.854,-0.993,0.897,-0.98,0.976,-0.992,-0.985,6.377,5.035,10.559,10.532,10.473,10.479,10.46,10.475,5.992,5.15,10.552,10.511,6.279,5.99,10.527,10.536,EssenceCatalog/problems/csplib-prob010-SocialGolfers/params/086cb8d8d5b32e5ee56e1ca748c6ee2f.param
0.988,0.87,-0.388,-0.431,0.808,-0.993,-0.935,-0.908,-0.983,-0.804,0.785,0.968,-0.691,-0.934,-0.419,0.888,-0.967,-0.102,0.975,-0.907,-0.994,-0.045,0.935,0.158,-0.975,-0.712,-0.974,-0.985,0.981,0.652,0.938,0.939,0.981,0.666,0.991,0.97,0.947,-0.946,0.992,-0.937,0.936,0.592,0.511,0.765,0.951,-0.99,-0.916,-0.946,-0.98,0.169,0.769,-0.962,0.965,-0.975,-0.93,0.679,-0.616,0.924,-0.993,-0.94,0.89,0.987,-0.183,0.991,-0.996,-0.809,-0.818,-0.984,-0.972,-0.772,0.899,-0.976,0.974,0.955,-0.981,0.974,0.768,-0.954,-0.831,0.992,-0.994,0.789,-0.975,0.983,-0.987,-0.97,-0.965,0.995,0.993,0.797,-0.998,0.997,0.907,-0.963,-0.994,0.884,-0.98,0.978,-0.991,-0.987,6.751,4.823,10.532,10.397,10.473,10.414,10.45,10.314,6.007,4.955,10.479,10.305,6.38,5.905,10.446,10.383,EssenceCatalog/problems/csplib-prob010-SocialGolfers/params/1c3f9e1193b3a56b5b489560c973778d.param
0.99,0.785,-0.866,-0.932,0.892,-0.994,-0.835,-0.713,-0.981,-0.8,0.506,0.973,0.354,-0.887,-0.567,0.719,-0.98,0.621,0.954,-0.846,-0.993,-0.852,0.44,-0.479,-0.974,-0.952,-0.966,-0.954,0.965,0.917,0.882,0.941,0.976,0.852,0.989,0.97,0.901,-0.909,0.989,-0.874,0.937,0.733,-0.824,-0.117,0.971,-0.99,-0.841,-0.793,-0.98,0.915,0.94,-0.943,0.955,-0.974,-0.984,0.719,-0.891,0.803,-0.992,-0.972,0.821,0.965,-0.911,0.99,-0.994,-0.682,-0.599,-0.982,-0.985,-0.704,0.874,-0.974,0.969,0.938,-0.976,0.982,0.921,-0.96,-0.495,0.995,-0.994,0.894,-0.973,0.982,-0.973,-0.967,-0.954,0.994,0.982,0.755,-0.997,0.997,0.421,-0.655,-0.995,0.913,-0.986,0.984,-0.995,-0.987,6.311,5.198,10.553,10.552,10.458,10.498,10.459,10.528,6.024,5.329,10.556,10.591,6.29,6.155,10.563,10.58,EssenceCatalog/problems/csplib-prob010-SocialGolfers/params/60970f73d1097c8f46f28c60ff63a88f.param
0.996,0.833,-0.948,0.424,0.974,-0.992,-0.871,-0.766,-0.978,-0.832,0.926,0.979,0.917,-0.886,-0.872,0.893,-0.984,0.969,0.964,-0.954,-0.994,-0.011,0.311,-0.942,-0.976,-0.387,-0.968,-0.967,0.971,0.092,0.913,0.983,0.99,0.912,0.991,0.97,0.929,-0.826,0.985,-0.704,0.703,0.721,-0.971,0.919,0.924,-0.994,-0.956,-0.931,-0.986,-0.357,0.976,-0.969,0.923,-0.986,-0.975,0.93,-0.938,0.898,-0.996,-0.968,0.881,0.977,-0.89,0.988,-0.997,-0.883,-0.836,-0.992,-0.991,-0.922,0.909,-0.988,0.892,0.951,-0.987,0.987,0.951,-0.949,-0.924,0.998,-0.996,0.912,-0.977,0.975,-0.986,-0.983,-0.958,0.997,0.986,0.952,-0.997,0.998,0.677,-0.705,-0.996,0.972,-0.992,0.991,-0.996,-0.984,8.361,5.568,10.503,10.466,10.473,10.521,10.496,10.578,6.922,5.861,10.514,10.47,7.316,7.374,10.505,10.486,EssenceCatalog/problems/csplib-prob010-SocialGolfers/params/debc3013633aa73b4947464b0f7eccf4.param
0.991,0.812,-0.855,-0.958,0.871,-0.995,-0.827,-0.702,-0.979,-0.79,0.587,0.97,-0.138,-0.868,-0.343,0.724,-0.981,0.444,0.96,-0.85,-0.994,-0.922,0.471,-0.139,-0.976,-0.97,-0.968,-0.954,0.967,0.953,0.879,0.931,0.977,0.819,0.99,0.974,0.916,-0.901,0.988,-0.872,0.946,0.434,-0.68,-0.32,0.975,-0.99,-0.819,-0.759,-0.978,0.948,0.953,-0.943,0.952,-0.973,-0.986,0.623,-0.885,0.799,-0.993,-0.981,0.849,0.968,-0.946,0.992,-0.995,-0.663,-0.579,-0.981,-0.985,-0.711,0.87,-0.975,0.964,0.92,-0.971,0.984,0.942,-0.969,-0.617,0.995,-0.994,0.877,-0.976,0.985,-0.975,-0.96,-0.958,0.995,0.982,0.742,-0.997,0.997,0.4,-0.733,-0.995,0.886,-0.984,0.988,-0.995,-0.99,5.894,4.966,10.539,10.561,10.492,10.522,10.481,10.534,5.735,5.082,10.539,10.587,6.026,5.825,10.565,10.57,EssenceCatalog/problems/csplib-prob010-SocialGolfers/params/d05a2b6b5c108aaae261adc674772d97.param
0.991,0.769,-0.908,-0.906,0.916,-0.993,-0.829,-0.71,-0.982,-0.834,0.463,0.978,0.745,-0.894,-0.748,0.731,-0.982,0.793,0.95,-0.849,-0.993,-0.788,0.345,-0.752,-0.975,-0.936,-0.969,-0.953,0.964,0.878,0.889,0.956,0.978,0.902,0.989,0.968,0.891,-0.915,0.989,-0.878,0.931,0.872,-0.932,-0.032,0.97,-0.99,-0.857,-0.794,-0.982,0.89,0.946,-0.943,0.958,-0.976,-0.985,0.795,-0.924,0.817,-0.992,-0.969,0.811,0.964,-0.898,0.989,-0.995,-0.708,-0.614,-0.984,-0.987,-0.733,0.891,-0.978,0.97,0.946,-0.979,0.985,0.918,-0.955,-0.416,0.995,-0.995,0.92,-0.973,0.98,-0.973,-0.973,-0.956,0.995,0.982,0.795,-0.997,0.997,0.4,-0.523,-0.995,0.932,-0.989,0.982,-0.996,-0.987,6.63,5.381,10.573,10.561,10.449,10.501,10.463,10.543,6.24,5.529,10.574,10.616,6.49,6.426,10.579,10.607,EssenceCatalog/problems/csplib-prob010-SocialGolfers/params/8c89347120d8bb6f95aff44f2daa05ab.param
0.998,0.871,-0.971,0.726,0.983,-0.994,-0.917,-0.858,-0.982,-0.889,0.944,0.987,0.985,-0.913,-0.96,0.933,-0.988,0.989,0.971,-0.967,-0.995,0.635,0.458,-0.985,-0.983,0.186,-0.974,-0.981,0.981,-0.488,0.946,0.992,0.993,0.96,0.993,0.979,0.941,-0.888,0.985,-0.832,0.707,0.929,-0.992,0.955,0.909,-0.996,-0.975,-0.942,-0.987,-0.692,0.983,-0.973,0.956,-0.99,-0.971,0.96,-0.967,0.94,-0.997,-0.967,0.899,0.985,-0.758,0.989,-0.998,-0.933,-0.906,-0.996,-0.994,-0.951,0.949,-0.993,0.895,0.965,-0.989,0.993,0.94,-0.947,-0.92,0.999,-0.998,0.954,-0.982,0.977,-0.991,-0.991,-0.972,0.997,0.992,0.975,-0.998,0.998,0.798,-0.726,-0.997,0.983,-0.995,0.991,-0.998,-0.987,9.092,5.706,10.49,10.432,10.495,10.499,10.523,10.552,7.268,6.044,10.509,10.405,7.682,7.697,10.476,10.451,EssenceCatalog/problems/csplib-prob010-SocialGolfers/params/fb04b13125473ce9ed992833f178921e.param
0.999,0.958,-0.977,0.99,0.99,-0.995,-0.982,-0.98,-0.983,-0.96,0.988,0.993,0.994,-0.958,-0.988,0.977,-0.987,0.994,0.988,-0.99,-0.997,0.988,0.948,-0.993,-0.991,0.968,-0.982,-0.995,0.995,-0.973,0.979,0.996,0.995,0.971,0.997,0.993,0.981,-0.955,0.988,-0.957,0.805,0.98,-0.991,0.994,0.835,-0.997,-0.993,-0.976,-0.988,-0.987,0.985,-0.989,0.984,-0.996,-0.845,0.987,-0.98,0.987,-0.999,-0.951,0.968,0.996,0.643,0.994,-0.999,-0.984,-0.978,-0.997,-0.995,-0.988,0.984,-0.997,0.921,0.986,-0.995,0.996,0.841,-0.94,-0.976,0.998,-0.999,0.976,-0.989,0.981,-0.997,-0.996,-0.99,0.999,0.998,0.993,-0.999,0.999,0.976,-0.954,-0.998,0.992,-0.996,0.993,-0.998,-0.993,9.848,5.834,10.472,10.421,10.525,10.453,10.57,10.536,7.649,6.171,10.466,10.364,8.093,7.961,10.46,10.452,EssenceCatalog/problems/csplib-prob010-SocialGolfers/params/7fbc086c3d1947f4a31277c0620373b5.param
0.986,0.803,-0.637,-0.773,0.851,-0.992,-0.885,-0.835,-0.983,-0.773,0.562,0.969,-0.071,-0.918,-0.577,0.798,-0.972,0.289,0.957,-0.859,-0.992,-0.496,0.795,-0.281,-0.968,-0.86,-0.967,-0.97,0.971,0.796,0.906,0.931,0.975,0.784,0.989,0.963,0.904,-0.93,0.992,-0.914,0.929,0.805,-0.396,0.472,0.958,-0.989,-0.884,-0.904,-0.983,0.656,0.836,-0.95,0.96,-0.97,-0.964,0.725,-0.762,0.859,-0.99,-0.945,0.814,0.974,-0.586,0.988,-0.994,-0.715,-0.701,-0.981,-0.975,-0.673,0.883,-0.97,0.974,0.953,-0.978,0.974,0.803,-0.95,-0.546,0.993,-0.992,0.845,-0.968,0.979,-0.978,-0.97,-0.951,0.994,0.986,0.724,-0.997,0.997,0.751,-0.866,-0.993,0.904,-0.981,0.973,-0.992,-0.985,6.597,5.1,10.553,10.515,10.466,10.463,10.453,10.455,6.114,5.224,10.541,10.494,6.402,6.113,10.514,10.524,EssenceCatalog/problems/csplib-prob010-SocialGolfers/params/4ce37ef134973e40e0e48f464a97f670.param
0.99,0.838,-0.813,-0.97,0.847,-0.996,-0.838,-0.719,-0.978,-0.791,0.6,0.969,-0.425,-0.872,-0.2,0.734,-0.981,0.235,0.962,-0.842,-0.994,-0.93,0.573,0.118,-0.977,-0.975,-0.971,-0.962,0.97,0.961,0.889,0.919,0.978,0.791,0.991,0.978,0.921,-0.908,0.987,-0.901,0.956,0.344,-0.491,-0.402,0.976,-0.99,-0.805,-0.763,-0.976,0.96,0.951,-0.944,0.957,-0.971,-0.987,0.554,-0.868,0.806,-0.993,-0.983,0.863,0.97,-0.94,0.994,-0.995,-0.658,-0.616,-0.982,-0.985,-0.685,0.869,-0.973,0.965,0.913,-0.967,0.985,0.941,-0.975,-0.611,0.995,-0.994,0.868,-0.977,0.986,-0.978,-0.96,-0.961,0.994,0.983,0.717,-0.998,0.997,0.462,-0.81,-0.995,0.861,-0.981,0.989,-0.994,-0.992,5.679,4.82,10.549,10.566,10.52,10.534,10.502,10.523,5.59,4.931,10.546,10.57,5.893,5.607,10.568,10.563,EssenceCatalog/problems/csplib-prob010-SocialGolfers/params/b65473e722b5496c4a0e9c79e9ee91a2.param
0.995,0.869,-0.79,-0.991,-0.128,-0.998,0.156,-0.571,0.407,-0.609,0.674,0.983,-0.983,0.835,-0.778,0.939,-0.993,0.312,0.986,-0.554,-0.996,-0.993,0.772,-0.093,-0.993,-0.998,-0.985,-0.962,0.993,0.994,0.932,0.957,0.996,0.966,0.997,0.995,0.979,-0.945,-0.646,-0.821,0.989,-0.935,-0.728,-0.288,0.987,-0.983,0.509,0.898,0.643,0.994,0.991,-0.09,0.978,-0.955,-0.997,-0.823,-0.926,0.914,-0.997,-0.997,0.953,0.986,-0.99,0.999,-0.996,-0.749,-0.688,-0.993,-0.997,-0.937,0.97,-0.992,-0.292,-0.72,0.552,0.997,0.988,-0.994,-0.936,0.997,-0.997,0.822,-0.988,0.995,-0.992,-0.803,-0.986,0.997,0.995,0.822,-0.999,0.998,0.83,-0.929,-0.998,-0.822,-0.986,0.997,-0.998,-0.997,4.012,3.56,6.222,10.189,10.497,10.392,10.474,10.573,4.158,3.746,6.207,10.166,4.688,4.285,7.096,10.191,EssenceCatalog/problems/csplib-prob010-SocialGolfers/params/4b708dbdbdb8bf120131032413363eb2.param
0.988,0.875,-0.436,-0.475,0.818,-0.994,-0.933,-0.907,-0.985,-0.821,0.768,0.972,-0.641,-0.943,-0.454,0.89,-0.97,-0.05,0.974,-0.902,-0.994,0.048,0.938,0.122,-0.977,-0.702,-0.976,-0.988,0.984,0.608,0.942,0.942,0.983,0.689,0.992,0.976,0.95,-0.952,0.991,-0.948,0.945,0.716,0.44,0.724,0.953,-0.991,-0.925,-0.947,-0.981,0.161,0.787,-0.966,0.968,-0.977,-0.937,0.696,-0.633,0.925,-0.993,-0.949,0.9,0.986,-0.063,0.993,-0.997,-0.818,-0.839,-0.986,-0.973,-0.773,0.902,-0.976,0.976,0.958,-0.981,0.979,0.76,-0.963,-0.788,0.994,-0.994,0.83,-0.978,0.985,-0.989,-0.975,-0.967,0.995,0.993,0.8,-0.998,0.998,0.902,-0.963,-0.995,0.885,-0.981,0.979,-0.992,-0.989,6.877,4.89,10.56,10.414,10.502,10.433,10.474,10.327,6.098,5.03,10.505,10.325,6.47,5.992,10.468,10.405,EssenceCatalog/problems/csplib-prob010-SocialGolfers/params/b34e761447f20eda49e547b465963a91.param
0.992,0.9,-0.424,0.179,0.843,-0.994,-0.945,-0.934,-0.983,-0.853,0.87,0.975,-0.553,-0.94,-0.614,0.931,-0.97,0.219,0.979,-0.937,-0.995,0.504,0.954,-0.205,-0.979,-0.307,-0.978,-0.991,0.986,0.274,0.955,0.956,0.987,0.721,0.993,0.976,0.963,-0.957,0.99,-0.94,0.934,0.735,0.471,0.909,0.949,-0.993,-0.943,-0.959,-0.979,-0.451,0.79,-0.966,0.968,-0.982,-0.916,0.778,-0.617,0.95,-0.995,-0.939,0.924,0.991,0.249,0.992,-0.998,-0.871,-0.892,-0.989,-0.979,-0.855,0.929,-0.98,0.968,0.958,-0.982,0.98,0.725,-0.96,-0.887,0.995,-0.996,0.811,-0.979,0.984,-0.991,-0.974,-0.974,0.996,0.995,0.873,-0.999,0.998,0.95,-0.976,-0.996,0.901,-0.986,0.979,-0.993,-0.989,7.756,5.039,10.403,10.262,10.404,10.314,10.371,10.231,6.471,5.231,10.36,10.168,6.889,6.459,10.312,10.241,EssenceCatalog/problems/csplib-prob010-SocialGolfers/params/d3df48af4cd7bc447bc2dfc4caf7078f.param
0.995,0.812,-0.941,0.012,0.966,-0.992,-0.834,-0.669,-0.973,-0.805,0.906,0.974,0.837,-0.864,-0.782,0.854,-0.981,0.952,0.958,-0.941,-0.993,-0.401,0.129,-0.899,-0.974,-0.672,-0.965,-0.958,0.963,0.424,0.894,0.975,0.988,0.876,0.99,0.966,0.918,-0.791,0.983,-0.637,0.728,0.556,-0.953,0.853,0.94,-0.993,-0.939,-0.904,-0.983,0.068,0.974,-0.961,0.907,-0.983,-0.977,0.899,-0.928,0.863,-0.995,-0.971,0.867,0.97,-0.932,0.987,-0.996,-0.843,-0.789,-0.99,-0.989,-0.895,0.88,-0.985,0.885,0.936,-0.982,0.985,0.957,-0.952,-0.908,0.998,-0.996,0.89,-0.974,0.976,-0.982,-0.976,-0.952,0.996,0.981,0.932,-0.997,0.997,0.551,-0.646,-0.996,0.962,-0.99,0.991,-0.995,-0.983,7.732,5.458,10.498,10.492,10.462,10.539,10.492,10.594,6.631,5.705,10.505,10.52,6.99,7.072,10.528,10.521,EssenceCatalog/problems/csplib-prob010-SocialGolfers/params/8ceb8bcd7cd225f18de674b947d15c5e.param
0.991,0.856,-0.811,-0.975,0.839,-0.996,-0.84,-0.726,-0.978,-0.778,0.682,0.966,-0.683,-0.86,0.012,0.753,-0.983,0.06,0.968,-0.853,-0.995,-0.955,0.604,0.41,-0.979,-0.98,-0.972,-0.962,0.971,0.974,0.886,0.915,0.979,0.772,0.992,0.98,0.936,-0.902,0.987,-0.901,0.959,-0.086,-0.255,-0.54,0.978,-0.99,-0.799,-0.751,-0.975,0.968,0.961,-0.951,0.951,-0.972,-0.989,0.459,-0.868,0.808,-0.994,-0.987,0.886,0.973,-0.961,0.995,-0.995,-0.648,-0.592,-0.982,-0.986,-0.709,0.868,-0.975,0.962,0.901,-0.967,0.986,0.954,-0.978,-0.724,0.996,-0.994,0.855,-0.98,0.988,-0.978,-0.958,-0.964,0.995,0.983,0.731,-0.998,0.998,0.448,-0.847,-0.995,0.843,-0.98,0.992,-0.994,-0.993,5.375,4.617,10.54,10.554,10.541,10.548,10.524,10.525,5.364,4.724,10.526,10.551,5.691,5.352,10.573,10.542,EssenceCatalog/problems/csplib-prob010-SocialGolfers/params/214937a4aad1badb096dabba8c951006.param
0.987,0.802,-0.7,-0.74,0.877,-0.992,-0.881,-0.822,-0.984,-0.795,0.514,0.973,0.356,-0.926,-0.712,0.792,-0.974,0.519,0.951,-0.856,-0.992,-0.365,0.743,-0.568,-0.969,-0.827,-0.968,-0.97,0.97,0.732,0.912,0.942,0.975,0.832,0.988,0.964,0.892,-0.933,0.993,-0.917,0.925,0.899,-0.656,0.512,0.958,-0.989,-0.895,-0.903,-0.985,0.615,0.846,-0.951,0.962,-0.971,-0.967,0.783,-0.812,0.856,-0.99,-0.939,0.804,0.972,-0.525,0.987,-0.994,-0.727,-0.728,-0.983,-0.978,-0.687,0.887,-0.97,0.975,0.958,-0.981,0.978,0.782,-0.948,-0.427,0.993,-0.992,0.878,-0.966,0.977,-0.978,-0.974,-0.951,0.994,0.985,0.751,-0.997,0.997,0.737,-0.812,-0.994,0.923,-0.984,0.971,-0.993,-0.985,6.958,5.299,10.55,10.503,10.444,10.447,10.448,10.459,6.353,5.446,10.54,10.509,6.629,6.412,10.512,10.536,EssenceCatalog/problems/csplib-prob010-SocialGolfers/params/59081c48e4a6b94fcf5582e6d93bb0f3.param
0.994,0.888,-0.73,-0.988,-0.434,-0.998,0.376,-0.504,0.782,-0.481,0.71,0.985,-0.99,0.945,-0.881,0.962,-0.993,0.423,0.986,-0.404,-0.994,-0.992,0.824,-0.219,-0.994,-0.998,-0.986,-0.962,0.995,0.991,0.941,0.958,0.996,0.973,0.997,0.997,0.981,-0.949,-0.922,-0.816,0.99,-0.955,-0.77,0.044,0.985,-0.98,0.69,0.958,0.896,0.993,0.992,0.264,0.977,-0.943,-0.997,-0.908,-0.917,0.932,-0.998,-0.997,0.959,0.989,-0.989,0.999,-0.994,-0.754,-0.775,-0.995,-0.997,-0.954,0.97,-0.993,-0.75,-0.911,0.858,0.997,0.989,-0.996,-0.947,0.997,-0.996,0.812,-0.987,0.994,-0.991,-0.716,-0.987,0.997,0.995,0.838,-0.998,0.998,0.889,-0.947,-0.998,-0.938,-0.984,0.998,-0.997,-0.997,3.92,3.409,5.41,10.102,10.513,10.386,10.513,10.615,4.038,3.625,5.424,10.095,4.609,4.152,6.43,10.141,EssenceCatalog/problems/csplib-prob010-SocialGolfers/params/32410275b776feed344943d473dbea56.param
0.988,0.805,-0.719,-0.915,0.844,-0.993,-0.859,-0.774,-0.98,-0.757,0.572,0.967,-0.275,-0.893,-0.365,0.757,-0.976,0.253,0.959,-0.85,-0.993,-0.822,0.683,-0.038,-0.971,-0.944,-0.967,-0.96,0.967,0.916,0.889,0.922,0.975,0.77,0.989,0.968,0.907,-0.911,0.991,-0.898,0.937,0.551,-0.434,0.067,0.967,-0.988,-0.839,-0.852,-0.98,0.879,0.903,-0.947,0.955,-0.969,-0.978,0.638,-0.808,0.82,-0.991,-0.967,0.823,0.971,-0.855,0.99,-0.994,-0.67,-0.625,-0.979,-0.979,-0.66,0.865,-0.97,0.97,0.936,-0.974,0.976,0.89,-0.96,-0.587,0.993,-0.992,0.839,-0.971,0.981,-0.975,-0.964,-0.952,0.993,0.984,0.704,-0.997,0.997,0.616,-0.833,-0.993,0.888,-0.98,0.982,-0.993,-0.987,6.015,4.927,10.551,10.546,10.485,10.499,10.472,10.5,5.785,5.037,10.551,10.54,6.078,5.795,10.543,10.547,EssenceCatalog/problems/csplib-prob010-SocialGolfers/params/8fa9e80abb97e1badef035dda6274a51.param
0.996,0.813,-0.959,-0.093,0.971,-0.993,-0.874,-0.787,-0.985,-0.876,0.789,0.985,0.979,-0.924,-0.943,0.86,-0.986,0.972,0.956,-0.924,-0.994,0.159,0.305,-0.973,-0.98,-0.511,-0.975,-0.971,0.971,0.139,0.926,0.984,0.987,0.954,0.99,0.972,0.9,-0.908,0.989,-0.862,0.818,0.962,-0.989,0.795,0.941,-0.994,-0.953,-0.914,-0.988,0.048,0.969,-0.962,0.959,-0.985,-0.979,0.937,-0.962,0.894,-0.994,-0.961,0.851,0.975,-0.777,0.986,-0.997,-0.862,-0.819,-0.993,-0.991,-0.886,0.927,-0.987,0.953,0.969,-0.989,0.991,0.908,-0.942,-0.693,0.998,-0.996,0.955,-0.976,0.976,-0.984,-0.99,-0.961,0.996,0.987,0.935,-0.998,0.998,0.633,-0.488,-0.997,0.976,-0.994,0.985,-0.997,-0.985,8.208,5.647,10.591,10.522,10.52,10.55,10.548,10.581,6.946,5.931,10.594,10.532,7.287,7.3,10.564,10.565,EssenceCatalog/problems/csplib-prob010-SocialGolfers/params/2aca80cbdca4c138820c254712057f61.param
0.987,0.889,-0.376,-0.706,0.759,-0.995,-0.926,-0.866,-0.977,-0.755,0.851,0.96,-0.92,-0.916,0.178,0.861,-0.967,-0.429,0.978,-0.901,-0.993,-0.497,0.919,0.655,-0.978,-0.875,-0.976,-0.983,0.977,0.824,0.924,0.917,0.983,0.427,0.992,0.977,0.954,-0.917,0.988,-0.921,0.936,-0.208,0.809,0.578,0.954,-0.99,-0.904,-0.932,-0.977,0.548,0.863,-0.963,0.951,-0.972,-0.947,0.505,-0.579,0.91,-0.994,-0.967,0.911,0.986,-0.648,0.994,-0.996,-0.775,-0.809,-0.984,-0.973,-0.763,0.857,-0.972,0.962,0.932,-0.972,0.974,0.886,-0.972,-0.909,0.994,-0.994,0.724,-0.977,0.986,-0.987,-0.963,-0.965,0.995,0.991,0.777,-0.998,0.998,0.866,-0.972,-0.994,0.811,-0.972,0.988,-0.99,-0.989,5.763,4.412,10.543,10.43,10.525,10.477,10.491,10.373,5.411,4.518,10.511,10.333,5.788,5.272,10.498,10.403,EssenceCatalog/problems/csplib-prob010-SocialGolfers/params/0328c30e538f40c103b1d2c29e0415c7.param
0.99,0.817,-0.834,-0.96,0.864,-0.995,-0.837,-0.715,-0.979,-0.786,0.6,0.969,-0.278,-0.87,-0.272,0.725,-0.981,0.347,0.961,-0.848,-0.994,-0.921,0.523,-0.01,-0.976,-0.97,-0.968,-0.958,0.968,0.954,0.88,0.926,0.977,0.799,0.99,0.975,0.919,-0.903,0.988,-0.88,0.949,0.385,-0.579,-0.329,0.975,-0.99,-0.822,-0.77,-0.978,0.949,0.949,-0.945,0.952,-0.972,-0.986,0.603,-0.873,0.803,-0.993,-0.98,0.853,0.969,-0.942,0.993,-0.995,-0.657,-0.586,-0.981,-0.984,-0.704,0.867,-0.974,0.965,0.921,-0.97,0.983,0.939,-0.97,-0.628,0.995,-0.994,0.871,-0.976,0.985,-0.975,-0.96,-0.959,0.994,0.983,0.735,-0.998,0.997,0.43,-0.771,-0.995,0.879,-0.983,0.988,-0.994,-0.99,5.798,4.895,10.546,10.56,10.502,10.524,10.489,10.527,5.666,5.008,10.545,10.575,5.965,5.724,10.566,10.564,EssenceCatalog/problems/csplib-prob010-SocialGolfers/params/ba02bc7dd5fd6d3c0e4eebacff67069a.param
0.99,0.815,-0.812,-0.964,0.843,-0.995,-0.852,-0.736,-0.978,-0.788,0.539,0.972,-0.272,-0.873,-0.312,0.731,-0.979,0.309,0.963,-0.844,-0.994,-0.911,0.596,-0.011,-0.976,-0.972,-0.967,-0.96,0.971,0.951,0.892,0.923,0.978,0.802,0.991,0.975,0.919,-0.919,0.988,-0.897,0.956,0.496,-0.567,-0.3,0.976,-0.989,-0.804,-0.766,-0.975,0.952,0.934,-0.938,0.962,-0.972,-0.983,0.581,-0.865,0.816,-0.993,-0.978,0.845,0.971,-0.923,0.992,-0.994,-0.671,-0.591,-0.98,-0.984,-0.665,0.877,-0.974,0.969,0.922,-0.969,0.982,0.929,-0.969,-0.562,0.994,-0.994,0.866,-0.976,0.985,-0.976,-0.959,-0.961,0.995,0.985,0.715,-0.998,0.997,0.501,-0.802,-0.995,0.876,-0.983,0.986,-0.995,-0.99,5.826,4.912,10.547,10.569,10.504,10.519,10.487,10.526,5.697,5.022,10.548,10.577,5.988,5.723,10.559,10.571,EssenceCatalog/problems/csplib-prob010-SocialGolfers/params/f00a6026eea5783914b1a4f40c774e80.param
0.994,0.861,-0.723,-0.966,-0.576,-0.998,0.572,-0.464,0.934,-0.501,0.698,0.987,-0.98,0.973,-0.961,0.976,-0.991,0.686,0.982,-0.264,-0.992,-0.978,0.836,-0.75,-0.993,-0.996,-0.986,-0.96,0.995,0.979,0.947,0.97,0.996,0.983,0.997,0.997,0.979,-0.951,-0.985,-0.808,0.989,-0.922,-0.924,0.613,0.983,-0.973,0.78,0.98,0.972,0.983,0.99,0.609,0.979,-0.935,-0.996,-0.94,-0.916,0.942,-0.998,-0.995,0.955,0.989,-0.975,0.999,-0.994,-0.807,-0.844,-0.995,-0.997,-0.969,0.984,-0.993,-0.906,-0.955,0.957,0.997,0.986,-0.996,-0.948,0.997,-0.997,0.814,-0.985,0.991,-0.992,-0.646,-0.988,0.997,0.996,0.865,-0.998,0.997,0.939,-0.939,-0.997,-0.959,-0.985,0.997,-0.997,-0.996,4.163,3.463,5.04,10.152,10.605,10.475,10.621,10.772,4.186,3.702,5.087,10.155,4.761,4.313,6.142,10.2,EssenceCatalog/problems/csplib-prob010-SocialGolfers/params/90d421c4e64f393138c85efc386e35c1.param
0.986,0.885,-0.451,-0.775,0.788,-0.995,-0.926,-0.846,-0.98,-0.769,0.823,0.959,-0.892,-0.929,0.207,0.822,-0.965,-0.414,0.974,-0.893,-0.993,-0.499,0.905,0.625,-0.978,-0.888,-0.974,-0.983,0.978,0.809,0.92,0.91,0.98,0.389,0.992,0.978,0.947,-0.915,0.989,-0.922,0.938,-0.007,0.754,0.475,0.955,-0.99,-0.912,-0.933,-0.98,0.633,0.86,-0.963,0.953,-0.973,-0.942,0.58,-0.612,0.903,-0.993,-0.967,0.908,0.983,-0.67,0.993,-0.997,-0.765,-0.805,-0.984,-0.97,-0.723,0.838,-0.971,0.966,0.94,-0.974,0.975,0.884,-0.973,-0.877,0.994,-0.993,0.766,-0.977,0.987,-0.988,-0.965,-0.964,0.994,0.991,0.757,-0.998,0.998,0.826,-0.964,-0.994,0.836,-0.972,0.987,-0.99,-0.989,5.766,4.451,10.58,10.43,10.538,10.49,10.496,10.372,5.442,4.563,10.552,10.339,5.809,5.292,10.523,10.411,EssenceCatalog/problems/csplib-prob010-SocialGolfers/params/d97a0b19335c95b681683fb9372ff75c.param
0.986,0.826,-0.614,-0.874,0.822,-0.994,-0.897,-0.822,-0.983,-0.767,0.615,0.966,-0.509,-0.916,-0.301,0.778,-0.972,-0.023,0.963,-0.863,-0.993,-0.682,0.818,0.146,-0.972,-0.92,-0.969,-0.97,0.972,0.873,0.904,0.919,0.975,0.71,0.99,0.968,0.915,-0.925,0.992,-0.916,0.941,0.591,-0.034,0.247,0.962,-0.988,-0.867,-0.899,-0.982,0.796,0.855,-0.953,0.96,-0.969,-0.966,0.642,-0.746,0.858,-0.992,-0.959,0.839,0.976,-0.724,0.991,-0.995,-0.694,-0.679,-0.98,-0.973,-0.641,0.868,-0.97,0.974,0.945,-0.977,0.975,0.852,-0.959,-0.655,0.993,-0.992,0.822,-0.972,0.983,-0.98,-0.966,-0.955,0.994,0.987,0.697,-0.997,0.997,0.736,-0.901,-0.993,0.882,-0.978,0.98,-0.992,-0.987,6.031,4.822,10.584,10.527,10.508,10.499,10.483,10.46,5.753,4.928,10.575,10.484,6.059,5.674,10.541,10.52,EssenceCatalog/problems/csplib-prob010-SocialGolfers/params/2cc872eadea82635651e384053b60571.param
0.991,0.785,-0.899,-0.892,0.918,-0.994,-0.841,-0.724,-0.983,-0.846,0.418,0.98,0.832,-0.913,-0.809,0.742,-0.983,0.821,0.945,-0.84,-0.993,-0.667,0.401,-0.821,-0.976,-0.916,-0.972,-0.962,0.965,0.825,0.903,0.958,0.978,0.908,0.988,0.971,0.876,-0.925,0.99,-0.906,0.934,0.934,-0.945,0.087,0.967,-0.991,-0.874,-0.829,-0.984,0.864,0.939,-0.945,0.963,-0.976,-0.984,0.826,-0.926,0.824,-0.991,-0.965,0.806,0.964,-0.835,0.988,-0.995,-0.722,-0.678,-0.987,-0.987,-0.72,0.896,-0.976,0.973,0.954,-0.981,0.987,0.894,-0.958,-0.278,0.995,-0.994,0.933,-0.97,0.979,-0.976,-0.979,-0.957,0.995,0.983,0.796,-0.997,0.997,0.468,-0.525,-0.996,0.937,-0.989,0.98,-0.996,-0.988,6.813,5.446,10.592,10.563,10.455,10.503,10.474,10.535,6.352,5.602,10.592,10.612,6.601,6.525,10.584,10.618,EssenceCatalog/problems/csplib-prob010-SocialGolfers/params/115f95cc3f5234b7cd27d7d45eb5551e.param
0.999,0.966,-0.889,0.989,0.979,-0.992,-0.988,-0.988,-0.985,-0.972,0.985,0.989,0.939,-0.972,-0.975,0.983,-0.973,0.961,0.991,-0.989,-0.998,0.989,0.99,-0.953,-0.992,0.979,-0.984,-0.996,0.995,-0.967,0.979,0.992,0.993,0.929,0.994,0.99,0.988,-0.982,0.987,-0.979,0.93,0.973,-0.851,0.994,0.882,-0.998,-0.988,-0.983,-0.977,-0.992,0.936,-0.987,0.987,-0.994,-0.672,0.978,-0.935,0.988,-0.998,-0.928,0.979,0.996,0.957,0.993,-0.999,-0.98,-0.982,-0.995,-0.991,-0.985,0.986,-0.994,0.965,0.985,-0.994,0.992,0.374,-0.923,-0.973,0.996,-0.998,0.951,-0.989,0.98,-0.996,-0.992,-0.987,0.998,0.998,0.985,-0.999,0.998,0.991,-0.99,-0.997,0.985,-0.995,0.986,-0.996,-0.992,9.804,5.778,10.373,10.298,10.412,10.314,10.458,10.4,7.617,6.108,10.354,10.234,8.049,7.85,10.352,10.337,EssenceCatalog/problems/csplib-prob010-SocialGolfers/params/698f637d91d9c4d603d09394703e31a1.param
0.987,0.803,-0.725,-0.911,0.847,-0.993,-0.865,-0.781,-0.982,-0.768,0.54,0.969,-0.17,-0.904,-0.436,0.757,-0.976,0.279,0.957,-0.847,-0.993,-0.785,0.691,-0.134,-0.97,-0.937,-0.968,-0.962,0.968,0.905,0.892,0.925,0.974,0.786,0.989,0.968,0.902,-0.917,0.992,-0.907,0.939,0.669,-0.495,0.092,0.967,-0.988,-0.844,-0.86,-0.982,0.868,0.895,-0.948,0.958,-0.969,-0.978,0.658,-0.811,0.824,-0.991,-0.964,0.818,0.97,-0.822,0.99,-0.994,-0.674,-0.643,-0.98,-0.978,-0.648,0.87,-0.969,0.973,0.941,-0.975,0.977,0.88,-0.96,-0.529,0.993,-0.992,0.851,-0.97,0.981,-0.975,-0.965,-0.952,0.993,0.984,0.701,-0.997,0.997,0.627,-0.824,-0.993,0.892,-0.981,0.981,-0.993,-0.987,6.135,4.997,10.561,10.552,10.483,10.497,10.47,10.5,5.874,5.109,10.562,10.547,6.158,5.883,10.546,10.557,EssenceCatalog/problems/csplib-prob010-SocialGolfers/params/33ffc1db6d9959a46c5b432900c1f8ec.param
0.992,0.783,-0.898,-0.459,0.945,-0.991,-0.806,-0.635,-0.973,-0.768,0.829,0.968,0.614,-0.865,-0.645,0.786,-0.977,0.871,0.95,-0.908,-0.992,-0.616,0.21,-0.764,-0.97,-0.82,-0.964,-0.948,0.956,0.683,0.873,0.957,0.982,0.821,0.988,0.962,0.899,-0.806,0.985,-0.674,0.796,0.525,-0.884,0.707,0.95,-0.992,-0.915,-0.888,-0.982,0.447,0.959,-0.954,0.906,-0.977,-0.977,0.853,-0.889,0.825,-0.993,-0.969,0.844,0.962,-0.919,0.987,-0.995,-0.763,-0.714,-0.986,-0.985,-0.831,0.852,-0.977,0.915,0.934,-0.978,0.98,0.938,-0.954,-0.835,0.997,-0.994,0.865,-0.97,0.976,-0.978,-0.969,-0.941,0.995,0.977,0.873,-0.996,0.997,0.49,-0.649,-0.995,0.946,-0.986,0.988,-0.993,-0.983,7.112,5.329,10.496,10.49,10.442,10.515,10.464,10.554,6.351,5.519,10.496,10.533,6.671,6.7,10.527,10.525,EssenceCatalog/problems/csplib-prob010-SocialGolfers/params/3f921fcdd661e02e3601e98d4424eb35.param
0.995,0.802,-0.938,-0.146,0.962,-0.992,-0.821,-0.651,-0.974,-0.801,0.888,0.974,0.825,-0.868,-0.767,0.839,-0.98,0.945,0.955,-0.932,-0.993,-0.471,0.102,-0.889,-0.973,-0.723,-0.965,-0.955,0.96,0.506,0.889,0.973,0.987,0.873,0.989,0.965,0.911,-0.795,0.984,-0.647,0.748,0.579,-0.951,0.815,0.943,-0.993,-0.933,-0.897,-0.983,0.2,0.972,-0.959,0.907,-0.982,-0.979,0.89,-0.925,0.852,-0.995,-0.972,0.859,0.967,-0.933,0.987,-0.996,-0.825,-0.772,-0.99,-0.989,-0.88,0.874,-0.984,0.896,0.935,-0.982,0.984,0.954,-0.954,-0.886,0.998,-0.995,0.889,-0.973,0.976,-0.981,-0.975,-0.95,0.996,0.98,0.922,-0.997,0.997,0.512,-0.613,-0.996,0.959,-0.99,0.99,-0.995,-0.983,7.572,5.443,10.507,10.501,10.461,10.54,10.491,10.59,6.568,5.676,10.511,10.534,6.914,6.993,10.537,10.534,EssenceCatalog/problems/csplib-prob010-SocialGolfers/params/db3393704ad0671ffe1218fc5089e129.param
0.988,0.851,-0.576,-0.917,0.777,-0.994,-0.884,-0.814,-0.978,-0.727,0.731,0.959,-0.84,-0.885,0.081,0.811,-0.974,-0.273,0.972,-0.871,-0.994,-0.87,0.823,0.584,-0.975,-0.954,-0.971,-0.967,0.971,0.942,0.9,0.906,0.978,0.644,0.991,0.973,0.935,-0.909,0.99,-0.908,0.944,-0.173,0.373,0.032,0.967,-0.989,-0.837,-0.874,-0.976,0.881,0.908,-0.956,0.949,-0.968,-0.976,0.455,-0.726,0.848,-0.993,-0.975,0.87,0.98,-0.881,0.993,-0.994,-0.673,-0.641,-0.979,-0.977,-0.679,0.861,-0.971,0.966,0.921,-0.971,0.973,0.91,-0.968,-0.808,0.993,-0.993,0.764,-0.975,0.985,-0.979,-0.96,-0.958,0.994,0.987,0.707,-0.997,0.997,0.717,-0.932,-0.993,0.839,-0.973,0.987,-0.992,-0.989,5.428,4.47,10.539,10.503,10.532,10.519,10.513,10.468,5.319,4.568,10.517,10.456,5.667,5.215,10.528,10.481,EssenceCatalog/problems/csplib-prob010-SocialGolfers/params/64c93dee4f73cb2833e034766133166b.param
0.997,0.834,-0.956,0.348,0.974,-0.992,-0.864,-0.723,-0.974,-0.833,0.932,0.979,0.917,-0.868,-0.859,0.889,-0.983,0.973,0.964,-0.955,-0.993,-0.123,0.186,-0.945,-0.977,-0.483,-0.966,-0.966,0.969,0.14,0.911,0.983,0.99,0.908,0.992,0.97,0.929,-0.805,0.982,-0.658,0.693,0.654,-0.974,0.912,0.93,-0.994,-0.953,-0.918,-0.983,-0.243,0.979,-0.965,0.92,-0.986,-0.975,0.924,-0.944,0.892,-0.996,-0.971,0.88,0.975,-0.921,0.988,-0.997,-0.885,-0.834,-0.992,-0.991,-0.922,0.906,-0.989,0.868,0.942,-0.984,0.988,0.96,-0.951,-0.931,0.998,-0.997,0.909,-0.978,0.976,-0.986,-0.981,-0.959,0.997,0.985,0.953,-0.997,0.998,0.634,-0.682,-0.996,0.971,-0.992,0.992,-0.996,-0.984,8.211,5.538,10.486,10.467,10.467,10.528,10.493,10.585,6.845,5.825,10.499,10.476,7.233,7.315,10.504,10.488,EssenceCatalog/problems/csplib-prob010-SocialGolfers/params/be19ea23e9edad8f3d147ad2afd9da22.param
0.987,0.792,-0.709,-0.869,0.862,-0.992,-0.868,-0.786,-0.982,-0.746,0.603,0.964,-0.229,-0.901,-0.372,0.756,-0.973,0.265,0.958,-0.863,-0.992,-0.765,0.688,-0.053,-0.968,-0.922,-0.965,-0.957,0.964,0.889,0.882,0.923,0.973,0.747,0.988,0.962,0.907,-0.905,0.992,-0.879,0.922,0.549,-0.389,0.229,0.963,-0.988,-0.862,-0.88,-0.982,0.809,0.89,-0.952,0.947,-0.969,-0.972,0.684,-0.788,0.824,-0.991,-0.96,0.82,0.971,-0.832,0.988,-0.993,-0.678,-0.615,-0.978,-0.976,-0.668,0.855,-0.97,0.97,0.944,-0.978,0.971,0.876,-0.952,-0.634,0.993,-0.992,0.824,-0.969,0.979,-0.973,-0.964,-0.948,0.993,0.983,0.716,-0.996,0.996,0.633,-0.84,-0.993,0.905,-0.98,0.98,-0.992,-0.984,6.129,4.941,10.55,10.518,10.464,10.48,10.455,10.481,5.834,5.054,10.546,10.509,6.131,5.856,10.533,10.521,EssenceCatalog/problems/csplib-prob010-SocialGolfers/params/5ea5f03e7085db49244500d57972846f.param
0.992,0.78,-0.922,-0.875,0.928,-0.994,-0.841,-0.723,-0.984,-0.859,0.427,0.982,0.89,-0.91,-0.849,0.751,-0.984,0.872,0.946,-0.847,-0.993,-0.642,0.336,-0.873,-0.977,-0.909,-0.972,-0.961,0.965,0.804,0.905,0.965,0.979,0.925,0.989,0.971,0.877,-0.925,0.989,-0.9,0.928,0.945,-0.965,0.123,0.966,-0.991,-0.881,-0.819,-0.983,0.851,0.945,-0.945,0.964,-0.977,-0.985,0.845,-0.94,0.833,-0.992,-0.965,0.806,0.965,-0.846,0.988,-0.995,-0.74,-0.68,-0.988,-0.988,-0.749,0.904,-0.979,0.973,0.956,-0.982,0.988,0.901,-0.955,-0.3,0.995,-0.995,0.94,-0.971,0.979,-0.976,-0.98,-0.958,0.995,0.983,0.821,-0.997,0.997,0.449,-0.448,-0.996,0.944,-0.99,0.98,-0.997,-0.987,6.9,5.485,10.604,10.573,10.463,10.516,10.489,10.55,6.4,5.65,10.602,10.624,6.648,6.599,10.596,10.632,EssenceCatalog/problems/csplib-prob010-SocialGolfers/params/5df8e6c4d83c1928dae777cc66dadf00.param
0.999,0.943,-0.978,0.985,0.99,-0.994,-0.977,-0.967,-0.979,-0.944,0.987,0.991,0.992,-0.94,-0.983,0.972,-0.986,0.994,0.986,-0.989,-0.997,0.972,0.89,-0.992,-0.988,0.937,-0.976,-0.992,0.993,-0.951,0.972,0.996,0.995,0.965,0.996,0.99,0.976,-0.928,0.987,-0.919,0.704,0.956,-0.991,0.993,0.826,-0.997,-0.991,-0.971,-0.987,-0.979,0.986,-0.986,0.976,-0.995,-0.875,0.984,-0.976,0.982,-0.998,-0.949,0.953,0.994,0.153,0.992,-0.999,-0.98,-0.968,-0.996,-0.995,-0.985,0.979,-0.997,0.884,0.98,-0.993,0.995,0.906,-0.931,-0.979,0.999,-0.999,0.967,-0.988,0.976,-0.995,-0.994,-0.988,0.999,0.997,0.992,-0.999,0.998,0.961,-0.932,-0.997,0.991,-0.995,0.993,-0.998,-0.991,9.748,5.801,10.459,10.419,10.519,10.469,10.559,10.545,7.582,6.146,10.467,10.363,8.024,7.938,10.45,10.446,EssenceCatalog/problems/csplib-prob010-SocialGolfers/params/6ce62d009a117f2c4f423a4066553288.param
0.99,0.81,-0.842,-0.954,0.872,-0.994,-0.833,-0.711,-0.979,-0.79,0.571,0.97,-0.087,-0.878,-0.374,0.726,-0.981,0.439,0.959,-0.846,-0.994,-0.905,0.498,-0.174,-0.975,-0.966,-0.968,-0.956,0.967,0.946,0.88,0.93,0.976,0.817,0.99,0.973,0.911,-0.904,0.988,-0.882,0.945,0.526,-0.682,-0.268,0.974,-0.99,-0.826,-0.779,-0.979,0.941,0.947,-0.944,0.952,-0.972,-0.986,0.64,-0.877,0.8,-0.993,-0.979,0.843,0.967,-0.933,0.992,-0.994,-0.666,-0.595,-0.982,-0.984,-0.698,0.868,-0.974,0.966,0.925,-0.972,0.983,0.933,-0.968,-0.578,0.995,-0.994,0.878,-0.975,0.984,-0.975,-0.962,-0.957,0.994,0.982,0.734,-0.997,0.997,0.428,-0.737,-0.995,0.888,-0.984,0.987,-0.994,-0.989,5.966,4.999,10.549,10.562,10.491,10.519,10.479,10.53,5.786,5.116,10.55,10.585,6.072,5.867,10.567,10.573,EssenceCatalog/problems/csplib-prob010-SocialGolfers/params/3ecb5f00730f13c0d7bc5dee847c14d5.param
0.989,0.853,-0.721,-0.963,0.812,-0.995,-0.864,-0.757,-0.977,-0.746,0.702,0.962,-0.779,-0.871,0.131,0.762,-0.978,-0.116,0.97,-0.862,-0.994,-0.932,0.709,0.551,-0.977,-0.974,-0.971,-0.962,0.97,0.964,0.889,0.904,0.979,0.691,0.991,0.978,0.935,-0.902,0.988,-0.898,0.953,-0.203,0.078,-0.329,0.974,-0.99,-0.817,-0.814,-0.975,0.948,0.945,-0.954,0.95,-0.97,-0.984,0.46,-0.81,0.822,-0.994,-0.983,0.878,0.976,-0.942,0.994,-0.995,-0.656,-0.609,-0.98,-0.982,-0.675,0.855,-0.973,0.963,0.91,-0.967,0.98,0.94,-0.976,-0.77,0.995,-0.994,0.814,-0.978,0.987,-0.978,-0.958,-0.96,0.994,0.985,0.716,-0.998,0.997,0.561,-0.897,-0.994,0.842,-0.976,0.99,-0.993,-0.991,5.321,4.506,10.534,10.512,10.533,10.53,10.514,10.487,5.289,4.609,10.516,10.49,5.63,5.229,10.547,10.495,EssenceCatalog/problems/csplib-prob010-SocialGolfers/params/6ddc2ada4b769f692e7b2abb95bd6e9c.param
0.995,0.856,-0.748,-0.961,-0.79,-0.997,0.671,-0.357,0.974,-0.439,0.666,0.989,-0.981,0.99,-0.973,0.979,-0.983,0.757,0.984,-0.161,-0.992,-0.972,0.814,-0.865,-0.994,-0.997,-0.978,-0.95,0.996,0.972,0.954,0.969,0.996,0.983,0.997,0.996,0.979,-0.951,-0.995,-0.645,0.99,-0.924,-0.933,0.771,0.986,-0.957,0.857,0.992,0.992,0.983,0.986,0.855,0.981,-0.924,-0.992,-0.963,-0.896,0.956,-0.998,-0.994,0.943,0.987,-0.976,0.998,-0.993,-0.819,-0.87,-0.992,-0.997,-0.967,0.987,-0.993,-0.96,-0.981,0.985,0.996,0.988,-0.995,-0.945,0.994,-0.997,0.73,-0.984,0.989,-0.991,-0.209,-0.987,0.997,0.996,0.865,-0.998,0.995,0.952,-0.941,-0.997,-0.979,-0.985,0.994,-0.997,-0.994,4.086,3.388,4.703,10.04,10.546,10.39,10.561,10.751,4.12,3.615,4.761,10.041,4.693,4.217,5.827,10.083,EssenceCatalog/problems/csplib-prob010-SocialGolfers/params/207db0c4effa62e955b957f5ca7da1e1.param
0.988,0.838,-0.662,-0.94,0.804,-0.995,-0.876,-0.796,-0.98,-0.746,0.661,0.963,-0.715,-0.891,-0.065,0.782,-0.976,-0.124,0.968,-0.86,-0.994,-0.879,0.775,0.423,-0.974,-0.96,-0.971,-0.965,0.971,0.945,0.895,0.911,0.977,0.711,0.991,0.973,0.926,-0.915,0.991,-0.914,0.949,0.137,0.042,-0.114,0.97,-0.989,-0.828,-0.855,-0.978,0.912,0.914,-0.954,0.956,-0.969,-0.98,0.509,-0.774,0.835,-0.993,-0.976,0.857,0.976,-0.886,0.993,-0.994,-0.667,-0.625,-0.979,-0.978,-0.655,0.866,-0.971,0.97,0.926,-0.972,0.977,0.911,-0.968,-0.719,0.994,-0.993,0.81,-0.975,0.985,-0.978,-0.962,-0.957,0.994,0.986,0.693,-0.997,0.997,0.655,-0.902,-0.993,0.852,-0.976,0.986,-0.993,-0.99,5.548,4.617,10.561,10.536,10.528,10.522,10.508,10.489,5.45,4.718,10.55,10.503,5.775,5.367,10.552,10.521,EssenceCatalog/problems/csplib-prob010-SocialGolfers/params/95ae19d5b7d2f768b5fa15b52d325b0b.param
0.989,0.825,-0.765,-0.912,0.862,-0.994,-0.832,-0.708,-0.976,-0.724,0.766,0.957,-0.64,-0.869,0.027,0.756,-0.977,0.177,0.964,-0.873,-0.993,-0.914,0.569,0.334,-0.973,-0.957,-0.968,-0.953,0.961,0.943,0.864,0.911,0.977,0.672,0.989,0.972,0.924,-0.854,0.988,-0.831,0.914,-0.239,-0.157,-0.021,0.968,-0.99,-0.853,-0.848,-0.979,0.892,0.95,-0.958,0.921,-0.969,-0.983,0.589,-0.807,0.801,-0.993,-0.98,0.87,0.969,-0.948,0.992,-0.994,-0.65,-0.6,-0.98,-0.981,-0.728,0.83,-0.971,0.95,0.916,-0.972,0.977,0.942,-0.97,-0.822,0.996,-0.992,0.8,-0.973,0.984,-0.974,-0.958,-0.951,0.993,0.979,0.75,-0.997,0.997,0.497,-0.85,-0.993,0.878,-0.976,0.99,-0.992,-0.988,5.54,4.613,10.506,10.485,10.488,10.508,10.482,10.486,5.407,4.721,10.494,10.482,5.749,5.454,10.535,10.479,EssenceCatalog/problems/csplib-prob010-SocialGolfers/params/ac50300fb3f75f1cba745f1002527951.param
0.999,0.965,-0.945,0.968,0.98,-0.997,-0.986,-0.984,-0.995,-0.98,0.964,0.994,0.989,-0.984,-0.992,0.978,-0.99,0.981,0.992,-0.981,-0.998,0.988,0.985,-0.986,-0.994,0.961,-0.991,-0.997,0.996,-0.961,0.987,0.994,0.995,0.978,0.996,0.994,0.981,-0.988,0.993,-0.991,0.952,0.996,-0.983,0.984,0.926,-0.999,-0.99,-0.986,-0.988,-0.976,0.947,-0.991,0.993,-0.995,-0.866,0.983,-0.975,0.989,-0.998,-0.947,0.976,0.995,0.957,0.995,-0.999,-0.977,-0.982,-0.997,-0.994,-0.983,0.986,-0.995,0.985,0.992,-0.997,0.997,0.146,-0.947,-0.912,0.997,-0.999,0.984,-0.989,0.987,-0.996,-0.997,-0.989,0.999,0.998,0.986,-1.0,0.999,0.984,-0.973,-0.998,0.993,-0.997,0.989,-0.998,-0.995,9.837,5.835,10.437,10.366,10.466,10.365,10.503,10.446,7.681,6.16,10.415,10.312,8.1,7.902,10.412,10.415,EssenceCatalog/problems/csplib-prob010-SocialGolfers/params/0946889e4b7e3dc35224b6adc0f2f48f.param
0.994,0.801,-0.923,-0.205,0.955,-0.991,-0.815,-0.622,-0.97,-0.771,0.899,0.968,0.648,-0.845,-0.65,0.825,-0.978,0.919,0.958,-0.932,-0.992,-0.611,0.123,-0.805,-0.971,-0.778,-0.962,-0.95,0.957,0.6,0.876,0.965,0.985,0.824,0.989,0.963,0.916,-0.765,0.982,-0.583,0.746,0.275,-0.909,0.804,0.947,-0.992,-0.926,-0.893,-0.981,0.273,0.97,-0.958,0.891,-0.98,-0.976,0.864,-0.906,0.841,-0.995,-0.973,0.865,0.966,-0.945,0.987,-0.995,-0.809,-0.739,-0.987,-0.987,-0.873,0.857,-0.982,0.884,0.926,-0.98,0.98,0.957,-0.954,-0.912,0.998,-0.995,0.857,-0.972,0.976,-0.979,-0.968,-0.946,0.996,0.977,0.911,-0.996,0.997,0.496,-0.673,-0.995,0.952,-0.988,0.991,-0.994,-0.982,7.274,5.321,10.454,10.473,10.434,10.521,10.461,10.578,6.384,5.53,10.459,10.517,6.733,6.81,10.508,10.502,EssenceCatalog/problems/csplib-prob010-SocialGolfers/params/39618fe5331472e904e3bb14e8724879.param
0.999,0.971,-0.903,0.992,0.982,-0.994,-0.984,-0.983,-0.965,-0.962,0.991,0.989,0.911,-0.949,-0.961,0.983,-0.973,0.969,0.991,-0.991,-0.998,0.985,0.983,-0.947,-0.992,0.971,-0.981,-0.996,0.995,-0.965,0.977,0.992,0.995,0.909,0.996,0.992,0.989,-0.97,0.973,-0.96,0.9,0.924,-0.807,0.996,0.864,-0.998,-0.991,-0.974,-0.971,-0.991,0.968,-0.985,0.983,-0.994,-0.703,0.977,-0.932,0.987,-0.998,-0.945,0.982,0.997,0.875,0.995,-0.999,-0.982,-0.983,-0.996,-0.993,-0.989,0.986,-0.995,0.908,0.977,-0.99,0.993,0.722,-0.951,-0.985,0.998,-0.999,0.947,-0.991,0.981,-0.997,-0.99,-0.988,0.998,0.999,0.989,-1.0,0.998,0.991,-0.991,-0.998,0.982,-0.995,0.992,-0.996,-0.993,9.79,5.766,10.385,10.323,10.45,10.364,10.496,10.443,7.588,6.1,10.372,10.262,8.037,7.863,10.375,10.356,EssenceCatalog/problems/csplib-prob010-SocialGolfers/params/ebee4804fd009e81bb402e1384d57ad5.param
0.923,-0.865,-0.893,-0.424,-0.956,0.977,-0.9,-0.931,-0.028,0.183,-0.702,0.788,-0.392,0.949,-0.746,0.881,0.936,0.048,0.974,-0.88,-0.676,-0.915,0.76,-0.596,-0.59,-0.867,0.773,0.94,0.849,0.855,0.577,0.863,0.578,0.888,0.902,-0.971,0.846,-0.87,0.955,0.877,0.754,-0.986,-0.803,0.845,0.917,0.92,0.973,0.912,0.938,0.768,-0.957,0.978,0.907,-0.697,0.871,-0.929,-0.179,0.95,-0.92,0.939,-0.886,0.941,-0.927,-0.974,0.987,-0.788,0.938,0.991,-0.896,0.687,0.919,-0.939,0.799,-0.776,-0.523,-0.991,0.736,0.971,-0.906,-0.996,-0.915,-0.976,-0.489,-0.714,0.964,0.968,-0.871,0.857,0.871,-0.351,0.988,-0.966,0.851,-0.908,0.436,0.303,-0.855,-0.966,-0.506,0.934,1.382,1.199,1.419,3.786,2.348,1.659,2.635,6.38,1.593,1.124,1.364,3.806,1.927,1.371,1.537,3.739,EssenceCatalog/problems/csplib-prob010-SocialGolfers/params/ord16-5-4-4.param
0.991,0.829,-0.824,-0.975,0.842,-0.996,-0.854,-0.765,-0.978,-0.777,0.644,0.966,-0.655,-0.847,-0.036,0.755,-0.981,0.054,0.974,-0.864,-0.995,-0.961,0.636,0.465,-0.98,-0.982,-0.97,-0.956,0.974,0.975,0.885,0.919,0.979,0.795,0.993,0.978,0.944,-0.919,0.988,-0.892,0.962,-0.151,-0.305,-0.577,0.979,-0.99,-0.782,-0.73,-0.971,0.969,0.954,-0.951,0.956,-0.975,-0.986,0.438,-0.878,0.813,-0.995,-0.986,0.883,0.978,-0.963,0.995,-0.995,-0.652,-0.498,-0.978,-0.986,-0.693,0.879,-0.979,0.967,0.911,-0.97,0.982,0.952,-0.971,-0.748,0.995,-0.995,0.851,-0.981,0.988,-0.974,-0.956,-0.966,0.995,0.986,0.76,-0.998,0.997,0.454,-0.855,-0.995,0.86,-0.983,0.991,-0.995,-0.992,5.352,4.62,10.541,10.566,10.534,10.541,10.524,10.545,5.357,4.724,10.521,10.567,5.681,5.345,10.576,10.551,EssenceCatalog/problems/csplib-prob010-SocialGolfers/params/3b12cc2fb8699f72e6d7c0a7001027b9.param
0.999,0.968,-0.972,0.989,0.987,-0.996,-0.987,-0.987,-0.989,-0.98,0.983,0.994,0.994,-0.975,-0.992,0.981,-0.986,0.991,0.991,-0.988,-0.998,0.993,0.983,-0.991,-0.994,0.981,-0.988,-0.997,0.996,-0.982,0.983,0.995,0.994,0.974,0.996,0.994,0.986,-0.98,0.989,-0.983,0.913,0.993,-0.99,0.992,0.877,-0.998,-0.992,-0.983,-0.984,-0.988,0.973,-0.989,0.991,-0.995,-0.783,0.989,-0.982,0.99,-0.998,-0.949,0.979,0.996,0.934,0.994,-0.999,-0.985,-0.986,-0.997,-0.995,-0.99,0.988,-0.996,0.965,0.989,-0.996,0.997,0.564,-0.936,-0.967,0.997,-0.999,0.982,-0.989,0.985,-0.996,-0.997,-0.991,0.999,0.998,0.992,-1.0,0.999,0.984,-0.975,-0.997,0.993,-0.997,0.992,-0.998,-0.993,9.891,5.848,10.465,10.402,10.507,10.417,10.553,10.506,7.69,6.181,10.449,10.346,8.126,7.953,10.447,10.441,EssenceCatalog/problems/csplib-prob010-SocialGolfers/params/52e3fcbff080da8e841596281b4ca1ed.param
0.991,0.795,-0.884,-0.949,0.891,-0.994,-0.82,-0.692,-0.98,-0.818,0.481,0.976,0.428,-0.881,-0.603,0.723,-0.983,0.669,0.952,-0.836,-0.994,-0.875,0.389,-0.551,-0.976,-0.961,-0.97,-0.956,0.965,0.928,0.888,0.945,0.978,0.871,0.989,0.973,0.898,-0.91,0.988,-0.886,0.944,0.767,-0.868,-0.219,0.974,-0.99,-0.827,-0.759,-0.979,0.938,0.95,-0.938,0.957,-0.974,-0.987,0.717,-0.91,0.806,-0.993,-0.976,0.826,0.964,-0.923,0.991,-0.995,-0.683,-0.614,-0.984,-0.987,-0.713,0.881,-0.975,0.967,0.931,-0.973,0.986,0.931,-0.966,-0.453,0.995,-0.994,0.906,-0.974,0.983,-0.975,-0.967,-0.957,0.995,0.982,0.755,-0.997,0.997,0.383,-0.615,-0.995,0.905,-0.986,0.985,-0.995,-0.989,6.311,5.231,10.547,10.56,10.459,10.503,10.46,10.532,6.038,5.363,10.551,10.605,6.299,6.181,10.564,10.591,EssenceCatalog/problems/csplib-prob010-SocialGolfers/params/ba56d1a395b72025aaf8f7a148c35499.param
0.988,0.793,-0.789,-0.838,0.889,-0.993,-0.873,-0.785,-0.984,-0.812,0.444,0.976,0.565,-0.923,-0.733,0.757,-0.976,0.629,0.948,-0.845,-0.993,-0.515,0.644,-0.663,-0.971,-0.878,-0.968,-0.967,0.968,0.783,0.909,0.945,0.975,0.858,0.988,0.966,0.882,-0.931,0.992,-0.915,0.932,0.916,-0.808,0.327,0.963,-0.989,-0.882,-0.878,-0.985,0.764,0.877,-0.947,0.964,-0.972,-0.973,0.793,-0.861,0.841,-0.99,-0.947,0.794,0.968,-0.663,0.987,-0.994,-0.719,-0.703,-0.983,-0.98,-0.673,0.886,-0.971,0.976,0.957,-0.981,0.981,0.824,-0.95,-0.317,0.994,-0.993,0.899,-0.966,0.978,-0.977,-0.975,-0.953,0.994,0.984,0.751,-0.997,0.997,0.648,-0.727,-0.994,0.927,-0.985,0.973,-0.994,-0.985,6.849,5.356,10.567,10.528,10.442,10.463,10.452,10.492,6.34,5.502,10.565,10.552,6.596,6.43,10.54,10.57,EssenceCatalog/problems/csplib-prob010-SocialGolfers/params/d86bc04e6e526dc2727d940848dbd3d3.param
0.985,0.85,-0.517,-0.825,0.815,-0.994,-0.909,-0.843,-0.984,-0.765,0.721,0.962,-0.725,-0.928,-0.132,0.807,-0.97,-0.203,0.967,-0.876,-0.993,-0.599,0.864,0.371,-0.973,-0.895,-0.972,-0.977,0.974,0.849,0.911,0.916,0.976,0.611,0.99,0.971,0.925,-0.922,0.992,-0.924,0.937,0.395,0.378,0.378,0.957,-0.989,-0.887,-0.923,-0.983,0.71,0.849,-0.961,0.956,-0.97,-0.961,0.624,-0.678,0.875,-0.992,-0.961,0.868,0.979,-0.669,0.992,-0.995,-0.718,-0.741,-0.982,-0.972,-0.68,0.854,-0.969,0.974,0.946,-0.978,0.974,0.857,-0.965,-0.761,0.993,-0.992,0.799,-0.973,0.984,-0.983,-0.966,-0.958,0.994,0.988,0.718,-0.998,0.997,0.791,-0.935,-0.993,0.869,-0.975,0.983,-0.99,-0.988,5.941,4.662,10.596,10.491,10.527,10.502,10.495,10.419,5.63,4.768,10.575,10.421,5.968,5.512,10.541,10.478,EssenceCatalog/problems/csplib-prob010-SocialGolfers/params/e227824765206b6c6b10fdd9921aec0a.param
0.991,0.848,-0.818,-0.974,0.841,-0.996,-0.838,-0.724,-0.978,-0.779,0.669,0.966,-0.635,-0.86,-0.035,0.749,-0.983,0.112,0.968,-0.854,-0.995,-0.954,0.592,0.349,-0.979,-0.98,-0.972,-0.96,0.971,0.972,0.885,0.917,0.979,0.778,0.991,0.979,0.933,-0.902,0.987,-0.896,0.957,-0.025,-0.327,-0.518,0.978,-0.99,-0.801,-0.751,-0.976,0.967,0.96,-0.95,0.951,-0.972,-0.989,0.481,-0.87,0.807,-0.994,-0.987,0.881,0.973,-0.96,0.995,-0.995,-0.65,-0.582,-0.982,-0.986,-0.708,0.869,-0.975,0.962,0.904,-0.968,0.985,0.952,-0.977,-0.716,0.996,-0.994,0.858,-0.979,0.988,-0.977,-0.958,-0.963,0.995,0.983,0.732,-0.998,0.997,0.441,-0.835,-0.995,0.85,-0.981,0.991,-0.994,-0.992,5.429,4.657,10.541,10.558,10.534,10.544,10.519,10.528,5.405,4.766,10.528,10.558,5.728,5.406,10.574,10.548,EssenceCatalog/problems/csplib-prob010-SocialGolfers/params/864f4486092e37ccfe7e7fe35d79f03d.param
0.988,0.817,-0.716,-0.932,0.839,-0.994,-0.855,-0.768,-0.98,-0.752,0.609,0.965,-0.446,-0.889,-0.249,0.76,-0.977,0.155,0.961,-0.851,-0.993,-0.868,0.681,0.134,-0.972,-0.955,-0.969,-0.96,0.966,0.936,0.885,0.918,0.975,0.755,0.989,0.97,0.914,-0.907,0.99,-0.9,0.941,0.38,-0.327,-0.055,0.969,-0.989,-0.831,-0.844,-0.979,0.904,0.919,-0.951,0.952,-0.968,-0.981,0.596,-0.809,0.813,-0.992,-0.973,0.838,0.972,-0.89,0.991,-0.994,-0.657,-0.614,-0.98,-0.98,-0.664,0.861,-0.97,0.968,0.93,-0.973,0.977,0.907,-0.965,-0.639,0.994,-0.992,0.833,-0.972,0.983,-0.975,-0.963,-0.953,0.993,0.983,0.701,-0.997,0.997,0.594,-0.849,-0.993,0.877,-0.979,0.985,-0.993,-0.988,5.802,4.813,10.55,10.543,10.496,10.506,10.481,10.496,5.64,4.918,10.548,10.532,5.945,5.631,10.547,10.538,EssenceCatalog/problems/csplib-prob010-SocialGolfers/params/c0451fb3f37cebe7ee06c4d49c3e9a96.param
0.987,0.913,-0.441,-0.783,0.774,-0.996,-0.93,-0.82,-0.973,-0.799,0.875,0.96,-0.942,-0.925,0.414,0.821,-0.965,-0.5,0.977,-0.899,-0.994,-0.42,0.922,0.729,-0.983,-0.897,-0.977,-0.988,0.98,0.765,0.931,0.904,0.985,0.207,0.993,0.986,0.956,-0.91,0.983,-0.919,0.946,-0.235,0.869,0.474,0.957,-0.992,-0.92,-0.93,-0.977,0.654,0.893,-0.962,0.956,-0.975,-0.939,0.546,-0.615,0.918,-0.995,-0.977,0.939,0.985,-0.673,0.995,-0.998,-0.789,-0.86,-0.989,-0.973,-0.769,0.828,-0.972,0.952,0.927,-0.966,0.983,0.913,-0.983,-0.92,0.996,-0.994,0.777,-0.98,0.991,-0.991,-0.966,-0.97,0.995,0.993,0.787,-0.999,0.999,0.837,-0.976,-0.995,0.791,-0.971,0.992,-0.991,-0.992,5.677,4.355,10.58,10.414,10.569,10.509,10.52,10.365,5.353,4.477,10.548,10.317,5.733,5.195,10.529,10.399,EssenceCatalog/problems/csplib-prob010-SocialGolfers/params/2b1cfdd612cf296f5ac96e5a1fd97a39.param
0.991,0.783,-0.894,-0.94,0.9,-0.994,-0.826,-0.705,-0.981,-0.822,0.472,0.976,0.527,-0.886,-0.641,0.723,-0.982,0.697,0.954,-0.843,-0.994,-0.864,0.381,-0.594,-0.976,-0.956,-0.968,-0.954,0.965,0.921,0.886,0.948,0.977,0.882,0.989,0.971,0.9,-0.915,0.989,-0.881,0.942,0.791,-0.887,-0.205,0.973,-0.99,-0.835,-0.767,-0.98,0.929,0.948,-0.941,0.958,-0.975,-0.986,0.737,-0.914,0.808,-0.993,-0.974,0.823,0.965,-0.921,0.99,-0.995,-0.687,-0.593,-0.983,-0.987,-0.717,0.885,-0.977,0.97,0.937,-0.976,0.985,0.929,-0.961,-0.454,0.995,-0.994,0.91,-0.974,0.982,-0.973,-0.968,-0.957,0.995,0.982,0.767,-0.997,0.997,0.378,-0.59,-0.995,0.916,-0.988,0.984,-0.996,-0.988,6.378,5.269,10.558,10.56,10.454,10.499,10.459,10.536,6.085,5.405,10.56,10.61,6.341,6.237,10.571,10.595,EssenceCatalog/problems/csplib-prob010-SocialGolfers/params/7e769f4b9397377be5304b7d31231132.param
0.989,0.893,-0.546,-0.949,0.717,-0.996,-0.894,-0.819,-0.974,-0.726,0.828,0.954,-0.963,-0.871,0.505,0.832,-0.977,-0.597,0.98,-0.879,-0.994,-0.927,0.877,0.853,-0.981,-0.972,-0.976,-0.974,0.975,0.966,0.912,0.893,0.983,0.545,0.993,0.983,0.957,-0.905,0.986,-0.924,0.958,-0.732,0.777,-0.298,0.972,-0.99,-0.829,-0.856,-0.97,0.932,0.94,-0.961,0.948,-0.969,-0.981,0.208,-0.72,0.87,-0.995,-0.986,0.919,0.985,-0.932,0.996,-0.996,-0.683,-0.685,-0.982,-0.981,-0.727,0.859,-0.974,0.957,0.888,-0.964,0.979,0.946,-0.981,-0.905,0.995,-0.994,0.741,-0.981,0.99,-0.983,-0.958,-0.967,0.995,0.989,0.737,-0.998,0.998,0.724,-0.964,-0.994,0.753,-0.97,0.993,-0.992,-0.992,5.038,4.201,10.508,10.474,10.578,10.547,10.558,10.462,5.01,4.305,10.479,10.43,5.383,4.859,10.509,10.452,EssenceCatalog/problems/csplib-prob010-SocialGolfers/params/8dfd60cf9dfaccd17519dadd1a743fc6.param
0.991,0.819,-0.854,-0.967,0.862,-0.995,-0.834,-0.704,-0.979,-0.801,0.567,0.972,-0.171,-0.871,-0.324,0.722,-0.982,0.407,0.961,-0.843,-0.994,-0.926,0.492,-0.117,-0.977,-0.974,-0.969,-0.957,0.969,0.957,0.885,0.93,0.978,0.822,0.99,0.976,0.917,-0.908,0.988,-0.887,0.953,0.478,-0.668,-0.39,0.977,-0.99,-0.806,-0.746,-0.977,0.959,0.951,-0.94,0.956,-0.973,-0.987,0.606,-0.887,0.806,-0.993,-0.981,0.852,0.968,-0.944,0.993,-0.995,-0.665,-0.591,-0.981,-0.986,-0.697,0.874,-0.975,0.966,0.918,-0.97,0.985,0.942,-0.972,-0.579,0.995,-0.994,0.879,-0.977,0.986,-0.976,-0.959,-0.961,0.995,0.983,0.731,-0.998,0.997,0.408,-0.744,-0.995,0.88,-0.984,0.988,-0.995,-0.991,5.855,4.955,10.543,10.566,10.499,10.524,10.484,10.531,5.719,5.07,10.544,10.588,6.008,5.789,10.566,10.573,EssenceCatalog/problems/csplib-prob010-SocialGolfers/params/411ed35b4ef47f3405ead778245fae94.param
0.987,0.79,-0.662,-0.804,0.855,-0.991,-0.873,-0.81,-0.982,-0.734,0.644,0.961,-0.314,-0.901,-0.39,0.786,-0.971,0.222,0.959,-0.87,-0.992,-0.704,0.738,-0.039,-0.967,-0.898,-0.965,-0.958,0.965,0.867,0.886,0.924,0.973,0.737,0.988,0.958,0.908,-0.904,0.993,-0.877,0.91,0.509,-0.277,0.399,0.958,-0.988,-0.868,-0.899,-0.982,0.72,0.872,-0.954,0.944,-0.968,-0.968,0.688,-0.756,0.835,-0.991,-0.954,0.818,0.973,-0.79,0.988,-0.993,-0.68,-0.624,-0.978,-0.975,-0.683,0.86,-0.969,0.969,0.947,-0.979,0.967,0.861,-0.947,-0.691,0.993,-0.992,0.801,-0.968,0.978,-0.973,-0.964,-0.946,0.993,0.984,0.724,-0.996,0.996,0.698,-0.865,-0.992,0.904,-0.979,0.978,-0.991,-0.983,6.208,4.919,10.542,10.509,10.461,10.472,10.453,10.472,5.852,5.03,10.534,10.488,6.156,5.867,10.52,10.506,EssenceCatalog/problems/csplib-prob010-SocialGolfers/params/9e6c0d9fa8b2ef9175068bd57a215911.param
0.985,0.857,-0.549,-0.864,0.832,-0.995,-0.936,-0.848,-0.987,-0.81,0.698,0.964,-0.706,-0.945,-0.025,0.758,-0.965,-0.303,0.969,-0.878,-0.994,-0.481,0.882,0.448,-0.976,-0.897,-0.97,-0.98,0.977,0.795,0.918,0.912,0.976,0.536,0.991,0.975,0.932,-0.933,0.994,-0.932,0.95,0.554,0.467,0.267,0.958,-0.99,-0.898,-0.933,-0.987,0.725,0.812,-0.963,0.964,-0.974,-0.942,0.684,-0.699,0.892,-0.992,-0.958,0.881,0.979,-0.597,0.991,-0.996,-0.731,-0.757,-0.982,-0.968,-0.619,0.843,-0.971,0.98,0.955,-0.982,0.977,0.843,-0.966,-0.739,0.993,-0.993,0.832,-0.976,0.986,-0.985,-0.967,-0.962,0.994,0.99,0.722,-0.998,0.998,0.782,-0.944,-0.994,0.889,-0.976,0.982,-0.991,-0.989,5.947,4.65,10.628,10.449,10.524,10.483,10.479,10.37,5.639,4.763,10.605,10.369,5.975,5.472,10.547,10.444,EssenceCatalog/problems/csplib-prob010-SocialGolfers/params/8bcabae4230c76ec53c1e8a65aac9af1.param
0.999,0.967,-0.976,0.99,0.989,-0.996,-0.986,-0.986,-0.986,-0.977,0.987,0.994,0.994,-0.968,-0.991,0.981,-0.988,0.993,0.991,-0.99,-0.998,0.992,0.978,-0.992,-0.994,0.977,-0.988,-0.996,0.996,-0.98,0.983,0.996,0.996,0.976,0.997,0.994,0.986,-0.975,0.987,-0.978,0.893,0.99,-0.991,0.994,0.873,-0.998,-0.993,-0.98,-0.984,-0.989,0.981,-0.99,0.99,-0.996,-0.801,0.988,-0.983,0.99,-0.999,-0.956,0.979,0.996,0.882,0.995,-0.999,-0.987,-0.984,-0.997,-0.996,-0.991,0.988,-0.997,0.951,0.989,-0.996,0.997,0.717,-0.945,-0.973,0.998,-0.999,0.982,-0.99,0.986,-0.997,-0.997,-0.992,0.999,0.999,0.993,-1.0,0.999,0.983,-0.971,-0.998,0.993,-0.997,0.994,-0.999,-0.994,9.895,5.853,10.483,10.425,10.532,10.447,10.578,10.534,7.689,6.187,10.47,10.369,8.131,7.969,10.468,10.46,EssenceCatalog/problems/csplib-prob010-SocialGolfers/params/d18584608ce492d72644d815979d24dc.param
0.987,0.91,-0.548,-0.883,0.768,-0.996,-0.946,-0.774,-0.979,-0.803,0.868,0.957,-0.942,-0.939,0.64,0.722,-0.955,-0.548,0.977,-0.899,-0.994,-0.531,0.892,0.802,-0.984,-0.929,-0.969,-0.986,0.978,0.784,0.923,0.886,0.982,0.033,0.993,0.985,0.953,-0.892,0.989,-0.903,0.947,-0.374,0.888,0.226,0.959,-0.991,-0.917,-0.932,-0.984,0.785,0.888,-0.963,0.955,-0.976,-0.917,0.576,-0.64,0.914,-0.994,-0.977,0.935,0.981,-0.787,0.994,-0.997,-0.778,-0.837,-0.985,-0.97,-0.689,0.774,-0.971,0.964,0.938,-0.971,0.98,0.927,-0.982,-0.915,0.995,-0.994,0.756,-0.98,0.991,-0.99,-0.956,-0.969,0.994,0.992,0.754,-0.999,0.999,0.757,-0.972,-0.995,0.835,-0.968,0.991,-0.99,-0.991,5.422,4.256,10.563,10.344,10.539,10.484,10.487,10.326,5.201,4.384,10.532,10.266,5.581,5.028,10.517,10.338,EssenceCatalog/problems/csplib-prob010-SocialGolfers/params/70e4145cfaf2baf6461bbd07f8450efe.param
0.993,0.775,-0.932,-0.86,0.933,-0.994,-0.826,-0.707,-0.983,-0.856,0.487,0.981,0.898,-0.901,-0.853,0.758,-0.984,0.893,0.947,-0.857,-0.993,-0.667,0.256,-0.887,-0.978,-0.909,-0.972,-0.958,0.964,0.806,0.901,0.968,0.98,0.929,0.989,0.969,0.882,-0.917,0.988,-0.882,0.918,0.931,-0.97,0.154,0.967,-0.991,-0.881,-0.809,-0.982,0.841,0.955,-0.943,0.96,-0.978,-0.986,0.848,-0.945,0.831,-0.993,-0.967,0.808,0.965,-0.879,0.988,-0.995,-0.743,-0.672,-0.988,-0.989,-0.773,0.904,-0.98,0.968,0.952,-0.981,0.988,0.917,-0.954,-0.393,0.996,-0.995,0.939,-0.972,0.979,-0.976,-0.979,-0.956,0.995,0.983,0.838,-0.997,0.997,0.415,-0.409,-0.996,0.945,-0.991,0.982,-0.997,-0.987,6.912,5.487,10.603,10.579,10.469,10.53,10.497,10.564,6.397,5.656,10.6,10.633,6.648,6.627,10.602,10.638,EssenceCatalog/problems/csplib-prob010-SocialGolfers/params/c0a4d4696d45c9e428c2f097045687a1.param
0.992,0.781,-0.915,-0.898,0.921,-0.994,-0.837,-0.717,-0.983,-0.852,0.419,0.981,0.847,-0.906,-0.818,0.742,-0.983,0.843,0.947,-0.844,-0.993,-0.705,0.344,-0.836,-0.976,-0.924,-0.971,-0.96,0.965,0.84,0.901,0.961,0.979,0.917,0.989,0.971,0.881,-0.924,0.989,-0.899,0.934,0.93,-0.955,0.039,0.968,-0.991,-0.87,-0.807,-0.983,0.878,0.945,-0.943,0.963,-0.977,-0.985,0.825,-0.935,0.825,-0.992,-0.967,0.807,0.965,-0.863,0.988,-0.995,-0.726,-0.664,-0.987,-0.988,-0.737,0.9,-0.978,0.973,0.952,-0.98,0.988,0.907,-0.957,-0.307,0.995,-0.995,0.935,-0.971,0.98,-0.975,-0.978,-0.958,0.995,0.983,0.807,-0.997,0.997,0.429,-0.474,-0.996,0.937,-0.99,0.98,-0.996,-0.987,6.784,5.449,10.59,10.568,10.456,10.508,10.476,10.542,6.338,5.606,10.589,10.621,6.585,6.526,10.588,10.623,EssenceCatalog/problems/csplib-prob010-SocialGolfers/params/7c8c8e7acc9b461fb34dfca53d8f011d.param
0.99,0.811,-0.841,-0.955,0.869,-0.995,-0.832,-0.709,-0.978,-0.783,0.592,0.969,-0.183,-0.868,-0.324,0.724,-0.98,0.409,0.961,-0.85,-0.994,-0.916,0.498,-0.08,-0.975,-0.968,-0.968,-0.956,0.967,0.95,0.878,0.927,0.977,0.808,0.99,0.974,0.916,-0.902,0.988,-0.873,0.945,0.423,-0.636,-0.285,0.974,-0.99,-0.824,-0.768,-0.977,0.944,0.949,-0.945,0.951,-0.973,-0.985,0.621,-0.875,0.799,-0.993,-0.98,0.849,0.968,-0.94,0.992,-0.995,-0.661,-0.581,-0.981,-0.984,-0.705,0.867,-0.974,0.964,0.922,-0.971,0.983,0.937,-0.968,-0.62,0.995,-0.994,0.873,-0.976,0.985,-0.974,-0.961,-0.957,0.994,0.982,0.741,-0.997,0.997,0.419,-0.754,-0.995,0.887,-0.983,0.988,-0.994,-0.99,5.873,4.941,10.541,10.557,10.492,10.519,10.481,10.528,5.717,5.055,10.539,10.578,6.01,5.794,10.563,10.564,EssenceCatalog/problems/csplib-prob010-SocialGolfers/params/82402fb3d4526c14b7530a95f289bc87.param
0.991,0.889,-0.776,-0.986,0.801,-0.997,-0.866,-0.778,-0.978,-0.766,0.757,0.96,-0.919,-0.847,0.436,0.787,-0.985,-0.389,0.979,-0.868,-0.995,-0.978,0.75,0.81,-0.984,-0.988,-0.976,-0.966,0.977,0.986,0.899,0.903,0.983,0.736,0.994,0.986,0.958,-0.913,0.986,-0.923,0.97,-0.685,0.357,-0.762,0.981,-0.991,-0.767,-0.748,-0.971,0.982,0.97,-0.959,0.953,-0.975,-0.991,0.216,-0.868,0.84,-0.996,-0.992,0.923,0.982,-0.976,0.997,-0.996,-0.638,-0.576,-0.983,-0.988,-0.708,0.874,-0.978,0.962,0.875,-0.965,0.986,0.969,-0.985,-0.851,0.996,-0.995,0.839,-0.985,0.991,-0.98,-0.957,-0.971,0.995,0.987,0.759,-0.998,0.998,0.482,-0.927,-0.995,0.795,-0.977,0.995,-0.994,-0.995,4.963,4.3,10.526,10.519,10.588,10.568,10.573,10.515,5.03,4.403,10.497,10.507,5.387,4.932,10.55,10.505,EssenceCatalog/problems/csplib-prob010-SocialGolfers/params/5e04cd5db6f93dbdbf5437fca9111504.param
0.994,0.796,-0.925,-0.36,0.954,-0.992,-0.802,-0.602,-0.971,-0.779,0.876,0.97,0.687,-0.853,-0.667,0.811,-0.978,0.918,0.953,-0.922,-0.992,-0.633,0.077,-0.819,-0.972,-0.809,-0.963,-0.95,0.956,0.644,0.878,0.965,0.985,0.835,0.989,0.964,0.908,-0.777,0.982,-0.618,0.77,0.411,-0.921,0.75,0.95,-0.992,-0.921,-0.88,-0.981,0.402,0.97,-0.955,0.897,-0.979,-0.979,0.861,-0.91,0.831,-0.994,-0.974,0.857,0.963,-0.944,0.987,-0.995,-0.793,-0.738,-0.988,-0.987,-0.862,0.855,-0.981,0.892,0.926,-0.979,0.982,0.955,-0.957,-0.881,0.998,-0.995,0.871,-0.971,0.977,-0.979,-0.969,-0.946,0.995,0.977,0.903,-0.996,0.997,0.451,-0.621,-0.995,0.949,-0.988,0.99,-0.994,-0.983,7.194,5.343,10.477,10.488,10.443,10.529,10.469,10.574,6.374,5.546,10.48,10.534,6.706,6.781,10.524,10.523,EssenceCatalog/problems/csplib-prob010-SocialGolfers/params/6e08c5fdfb0baaa852b431faadfaaa3b.param
0.997,0.845,-0.964,0.452,0.979,-0.994,-0.892,-0.813,-0.983,-0.873,0.905,0.985,0.981,-0.918,-0.947,0.907,-0.987,0.984,0.963,-0.953,-0.994,0.419,0.34,-0.98,-0.981,-0.163,-0.974,-0.976,0.976,-0.208,0.935,0.989,0.991,0.954,0.992,0.975,0.924,-0.886,0.987,-0.829,0.74,0.935,-0.99,0.917,0.922,-0.995,-0.967,-0.935,-0.988,-0.43,0.979,-0.969,0.953,-0.988,-0.977,0.951,-0.963,0.919,-0.996,-0.966,0.88,0.98,-0.798,0.988,-0.997,-0.904,-0.878,-0.995,-0.993,-0.928,0.934,-0.99,0.919,0.965,-0.989,0.992,0.932,-0.948,-0.863,0.999,-0.997,0.951,-0.979,0.976,-0.989,-0.99,-0.965,0.997,0.989,0.962,-0.998,0.998,0.719,-0.622,-0.997,0.98,-0.994,0.99,-0.997,-0.986,8.734,5.672,10.524,10.455,10.495,10.514,10.519,10.552,7.127,5.99,10.537,10.444,7.519,7.544,10.504,10.479,EssenceCatalog/problems/csplib-prob010-SocialGolfers/params/b8e64ce5afef90f865d2c785d8d4a958.param
0.995,0.841,-0.781,-0.939,-0.62,-0.997,0.669,-0.275,0.971,-0.529,0.577,0.989,-0.937,0.988,-0.982,0.976,-0.983,0.863,0.981,-0.112,-0.991,-0.956,0.772,-0.93,-0.993,-0.995,-0.98,-0.952,0.994,0.949,0.952,0.97,0.996,0.986,0.997,0.996,0.975,-0.956,-0.995,-0.728,0.987,-0.796,-0.968,0.797,0.984,-0.961,0.802,0.991,0.99,0.977,0.985,0.8,0.979,-0.924,-0.99,-0.94,-0.923,0.947,-0.998,-0.993,0.943,0.986,-0.965,0.998,-0.993,-0.829,-0.875,-0.994,-0.997,-0.967,0.986,-0.993,-0.954,-0.97,0.981,0.997,0.984,-0.994,-0.93,0.995,-0.997,0.82,-0.981,0.987,-0.991,-0.427,-0.985,0.997,0.996,0.879,-0.998,0.995,0.947,-0.898,-0.997,-0.958,-0.986,0.994,-0.997,-0.993,4.204,3.465,4.816,10.065,10.557,10.414,10.569,10.73,4.216,3.706,4.876,10.066,4.779,4.339,5.936,10.112,EssenceCatalog/problems/csplib-prob010-SocialGolfers/params/b6d9ce062b15a54ca201f9903acc8ef2.param
0.991,0.853,-0.817,-0.974,0.843,-0.996,-0.834,-0.716,-0.977,-0.78,0.679,0.966,-0.644,-0.861,-0.019,0.748,-0.983,0.11,0.967,-0.851,-0.995,-0.953,0.582,0.352,-0.979,-0.98,-0.972,-0.961,0.971,0.972,0.886,0.917,0.979,0.773,0.991,0.98,0.933,-0.899,0.987,-0.896,0.957,-0.028,-0.313,-0.513,0.978,-0.99,-0.802,-0.752,-0.976,0.967,0.961,-0.949,0.95,-0.972,-0.989,0.482,-0.869,0.806,-0.994,-0.987,0.883,0.972,-0.96,0.995,-0.995,-0.651,-0.597,-0.982,-0.986,-0.709,0.867,-0.974,0.961,0.901,-0.967,0.986,0.953,-0.978,-0.714,0.996,-0.994,0.858,-0.979,0.988,-0.978,-0.958,-0.964,0.995,0.983,0.731,-0.998,0.998,0.44,-0.836,-0.995,0.846,-0.981,0.991,-0.994,-0.992,5.424,4.65,10.539,10.555,10.536,10.545,10.519,10.525,5.4,4.76,10.527,10.553,5.723,5.4,10.573,10.545,EssenceCatalog/problems/csplib-prob010-SocialGolfers/params/6ce8b20052fbff3cb8ff7d23bac75459.param
0.991,0.84,-0.823,-0.972,0.841,-0.996,-0.835,-0.72,-0.977,-0.783,0.662,0.967,-0.599,-0.857,-0.066,0.743,-0.982,0.156,0.967,-0.85,-0.995,-0.95,0.574,0.297,-0.979,-0.979,-0.971,-0.961,0.971,0.969,0.885,0.918,0.979,0.777,0.991,0.979,0.932,-0.902,0.986,-0.888,0.956,0.039,-0.363,-0.471,0.977,-0.99,-0.806,-0.745,-0.975,0.965,0.958,-0.946,0.951,-0.972,-0.988,0.498,-0.869,0.808,-0.994,-0.986,0.878,0.972,-0.957,0.994,-0.995,-0.651,-0.59,-0.982,-0.985,-0.715,0.869,-0.975,0.961,0.906,-0.966,0.985,0.952,-0.976,-0.708,0.996,-0.994,0.859,-0.979,0.988,-0.977,-0.956,-0.963,0.995,0.984,0.737,-0.998,0.998,0.439,-0.825,-0.995,0.851,-0.981,0.991,-0.995,-0.992,5.483,4.689,10.538,10.558,10.531,10.543,10.516,10.529,5.442,4.799,10.527,10.56,5.761,5.453,10.571,10.55,EssenceCatalog/problems/csplib-prob010-SocialGolfers/params/7cae4d851c1143cc39f95948256940aa.param
0.99,0.788,-0.878,-0.924,0.902,-0.994,-0.847,-0.735,-0.983,-0.833,0.39,0.979,0.701,-0.908,-0.739,0.735,-0.982,0.736,0.948,-0.836,-0.993,-0.753,0.468,-0.709,-0.975,-0.937,-0.97,-0.961,0.966,0.874,0.899,0.952,0.977,0.893,0.989,0.971,0.886,-0.927,0.99,-0.91,0.944,0.904,-0.91,-0.047,0.97,-0.99,-0.852,-0.812,-0.982,0.901,0.931,-0.943,0.965,-0.975,-0.984,0.779,-0.912,0.818,-0.991,-0.966,0.808,0.966,-0.849,0.989,-0.995,-0.706,-0.647,-0.985,-0.986,-0.689,0.891,-0.975,0.975,0.949,-0.979,0.986,0.897,-0.959,-0.279,0.995,-0.994,0.923,-0.971,0.98,-0.975,-0.975,-0.958,0.994,0.983,0.765,-0.997,0.997,0.468,-0.598,-0.995,0.926,-0.987,0.98,-0.996,-0.988,6.608,5.37,10.577,10.562,10.451,10.491,10.459,10.527,6.242,5.511,10.581,10.609,6.488,6.376,10.574,10.606,EssenceCatalog/problems/csplib-prob010-SocialGolfers/params/206788a6d951b3349a47b5747071e3ef.param
0.986,0.878,-0.408,-0.773,0.768,-0.995,-0.916,-0.859,-0.981,-0.758,0.81,0.96,-0.887,-0.924,0.078,0.846,-0.97,-0.408,0.973,-0.888,-0.993,-0.556,0.908,0.585,-0.976,-0.886,-0.976,-0.982,0.977,0.848,0.922,0.913,0.98,0.511,0.991,0.976,0.941,-0.92,0.99,-0.928,0.94,0.016,0.709,0.476,0.955,-0.99,-0.895,-0.93,-0.98,0.646,0.861,-0.962,0.952,-0.97,-0.959,0.54,-0.606,0.897,-0.993,-0.968,0.898,0.983,-0.655,0.993,-0.996,-0.747,-0.791,-0.984,-0.973,-0.728,0.856,-0.969,0.967,0.935,-0.974,0.976,0.877,-0.973,-0.865,0.994,-0.993,0.755,-0.976,0.986,-0.987,-0.965,-0.963,0.994,0.99,0.741,-0.998,0.998,0.846,-0.963,-0.993,0.822,-0.972,0.987,-0.99,-0.989,5.772,4.479,10.57,10.46,10.536,10.495,10.501,10.392,5.459,4.583,10.542,10.369,5.823,5.311,10.517,10.437,EssenceCatalog/problems/csplib-prob010-SocialGolfers/params/7d058894fb6cb32c1f8aa7d8796a6d60.param
0.987,0.781,-0.739,-0.809,0.876,-0.991,-0.866,-0.783,-0.982,-0.762,0.572,0.968,0.159,-0.909,-0.565,0.761,-0.972,0.473,0.954,-0.861,-0.992,-0.641,0.66,-0.392,-0.967,-0.89,-0.964,-0.958,0.965,0.833,0.891,0.934,0.974,0.795,0.987,0.96,0.891,-0.909,0.992,-0.88,0.91,0.756,-0.615,0.403,0.96,-0.988,-0.872,-0.889,-0.983,0.737,0.878,-0.949,0.951,-0.969,-0.97,0.747,-0.811,0.83,-0.99,-0.95,0.802,0.968,-0.764,0.987,-0.993,-0.695,-0.649,-0.98,-0.977,-0.677,0.864,-0.969,0.97,0.95,-0.979,0.973,0.852,-0.946,-0.554,0.993,-0.992,0.843,-0.966,0.977,-0.974,-0.968,-0.946,0.993,0.983,0.736,-0.996,0.996,0.655,-0.793,-0.993,0.919,-0.982,0.976,-0.992,-0.983,6.555,5.159,10.547,10.518,10.445,10.467,10.444,10.487,6.115,5.287,10.544,10.523,6.392,6.191,10.527,10.536,EssenceCatalog/problems/csplib-prob010-SocialGolfers/params/0d34abed65c8f38081ec7dfa088ff60c.param
0.99,0.822,-0.84,-0.964,0.861,-0.995,-0.832,-0.712,-0.979,-0.786,0.603,0.969,-0.297,-0.868,-0.266,0.73,-0.981,0.349,0.962,-0.849,-0.994,-0.931,0.516,-0.0,-0.977,-0.973,-0.969,-0.957,0.968,0.959,0.881,0.926,0.977,0.807,0.99,0.975,0.921,-0.904,0.988,-0.883,0.95,0.347,-0.594,-0.374,0.976,-0.99,-0.813,-0.759,-0.977,0.954,0.953,-0.945,0.953,-0.972,-0.987,0.588,-0.878,0.801,-0.993,-0.982,0.856,0.969,-0.947,0.993,-0.995,-0.658,-0.581,-0.981,-0.985,-0.705,0.87,-0.974,0.964,0.917,-0.97,0.984,0.943,-0.971,-0.633,0.995,-0.994,0.871,-0.977,0.985,-0.975,-0.96,-0.959,0.995,0.982,0.733,-0.998,0.997,0.421,-0.768,-0.995,0.877,-0.983,0.989,-0.995,-0.99,5.765,4.885,10.543,10.564,10.505,10.527,10.492,10.531,5.647,4.997,10.541,10.58,5.946,5.706,10.567,10.567,EssenceCatalog/problems/csplib-prob010-SocialGolfers/params/fdd2af5c25fb251465d1365e9f0dcced.param
0.988,0.857,-0.673,-0.942,0.818,-0.995,-0.853,-0.762,-0.977,-0.728,0.763,0.956,-0.828,-0.871,0.169,0.785,-0.979,-0.181,0.968,-0.865,-0.994,-0.924,0.729,0.598,-0.976,-0.966,-0.973,-0.963,0.966,0.96,0.882,0.902,0.978,0.651,0.991,0.977,0.934,-0.883,0.988,-0.891,0.941,-0.347,0.234,-0.202,0.97,-0.99,-0.835,-0.846,-0.976,0.922,0.947,-0.96,0.936,-0.968,-0.985,0.468,-0.777,0.818,-0.994,-0.983,0.886,0.975,-0.938,0.994,-0.995,-0.641,-0.626,-0.981,-0.981,-0.705,0.847,-0.971,0.956,0.909,-0.969,0.979,0.936,-0.976,-0.819,0.995,-0.992,0.794,-0.976,0.986,-0.978,-0.959,-0.957,0.993,0.983,0.716,-0.997,0.997,0.595,-0.909,-0.993,0.835,-0.972,0.991,-0.992,-0.991,5.305,4.447,10.523,10.492,10.529,10.526,10.512,10.471,5.244,4.548,10.502,10.465,5.598,5.184,10.533,10.472,EssenceCatalog/problems/csplib-prob010-SocialGolfers/params/5a68a93c57b63d9e7fae933c2f7f482c.param
0.992,0.781,-0.928,-0.869,0.93,-0.994,-0.829,-0.706,-0.982,-0.858,0.454,0.982,0.896,-0.904,-0.852,0.753,-0.984,0.885,0.945,-0.85,-0.993,-0.655,0.289,-0.884,-0.977,-0.912,-0.972,-0.96,0.964,0.803,0.904,0.966,0.98,0.927,0.989,0.97,0.877,-0.92,0.988,-0.893,0.924,0.94,-0.969,0.146,0.966,-0.991,-0.881,-0.811,-0.982,0.85,0.951,-0.943,0.962,-0.977,-0.985,0.847,-0.943,0.832,-0.992,-0.966,0.809,0.964,-0.865,0.988,-0.995,-0.743,-0.682,-0.988,-0.989,-0.762,0.903,-0.979,0.969,0.953,-0.981,0.988,0.91,-0.955,-0.338,0.996,-0.995,0.94,-0.971,0.979,-0.976,-0.98,-0.957,0.995,0.983,0.827,-0.997,0.997,0.427,-0.42,-0.996,0.943,-0.99,0.981,-0.997,-0.987,6.905,5.486,10.598,10.572,10.463,10.521,10.491,10.553,6.397,5.654,10.596,10.625,6.647,6.614,10.595,10.631,EssenceCatalog/problems/csplib-prob010-SocialGolfers/params/ff962bafbe41ee809ecc15cef7e4ea3e.param
0.986,0.85,-0.442,-0.606,0.816,-0.993,-0.91,-0.873,-0.982,-0.763,0.747,0.963,-0.641,-0.925,-0.36,0.855,-0.97,-0.068,0.969,-0.89,-0.993,-0.382,0.891,0.175,-0.971,-0.812,-0.973,-0.978,0.975,0.778,0.919,0.928,0.978,0.673,0.99,0.966,0.928,-0.928,0.992,-0.922,0.921,0.51,0.33,0.664,0.95,-0.989,-0.9,-0.937,-0.982,0.432,0.816,-0.96,0.954,-0.97,-0.953,0.662,-0.644,0.891,-0.992,-0.946,0.866,0.982,-0.495,0.991,-0.995,-0.751,-0.761,-0.982,-0.971,-0.731,0.877,-0.97,0.97,0.95,-0.98,0.971,0.806,-0.953,-0.792,0.993,-0.992,0.777,-0.97,0.981,-0.983,-0.969,-0.957,0.994,0.989,0.754,-0.997,0.997,0.857,-0.941,-0.993,0.883,-0.977,0.978,-0.99,-0.985,6.4,4.792,10.553,10.461,10.488,10.46,10.465,10.385,5.863,4.906,10.518,10.385,6.211,5.784,10.492,10.445,EssenceCatalog/problems/csplib-prob010-SocialGolfers/params/120689ab007c949477db070ed692b46c.param
0.991,0.848,-0.827,-0.977,0.836,-0.996,-0.837,-0.738,-0.977,-0.779,0.68,0.966,-0.691,-0.849,0.017,0.756,-0.983,0.062,0.971,-0.855,-0.995,-0.964,0.603,0.435,-0.98,-0.982,-0.972,-0.959,0.973,0.976,0.885,0.917,0.98,0.787,0.992,0.98,0.94,-0.905,0.987,-0.895,0.96,-0.174,-0.283,-0.584,0.979,-0.99,-0.79,-0.733,-0.974,0.971,0.963,-0.95,0.951,-0.973,-0.989,0.438,-0.875,0.813,-0.995,-0.988,0.888,0.975,-0.966,0.995,-0.995,-0.642,-0.556,-0.981,-0.986,-0.714,0.874,-0.977,0.962,0.901,-0.967,0.985,0.958,-0.977,-0.75,0.996,-0.995,0.856,-0.981,0.988,-0.977,-0.956,-0.966,0.995,0.984,0.747,-0.998,0.998,0.431,-0.845,-0.995,0.843,-0.981,0.992,-0.995,-0.993,5.336,4.603,10.533,10.559,10.541,10.549,10.528,10.536,5.338,4.709,10.516,10.56,5.666,5.334,10.572,10.545,EssenceCatalog/problems/csplib-prob010-SocialGolfers/params/5e1494d4e19794c132c4656ee5f43f93.param
0.979,-0.84,-0.942,-0.365,-0.932,0.957,-0.946,-0.948,-0.334,-0.239,-0.663,0.887,0.059,0.94,-0.847,0.917,0.894,0.518,0.989,-0.933,-0.895,-0.904,0.809,-0.808,-0.831,-0.903,0.563,0.908,0.94,0.873,0.735,0.934,0.835,0.932,0.964,-0.948,0.923,-0.927,0.974,0.865,0.869,-0.975,-0.913,0.92,0.956,0.84,0.958,0.886,0.921,0.729,-0.957,0.961,0.955,-0.865,0.888,-0.899,-0.472,0.97,-0.978,0.927,-0.818,0.977,-0.911,-0.947,0.964,-0.874,0.941,0.986,-0.951,0.435,0.956,-0.982,0.916,-0.466,-0.761,-0.982,0.822,0.969,-0.943,-0.995,-0.983,-0.961,-0.799,-0.425,0.944,0.956,-0.948,0.963,0.966,-0.04,0.967,-0.922,0.918,-0.921,-0.365,0.631,-0.945,-0.947,-0.86,0.881,1.949,1.585,2.093,4.488,2.997,2.254,3.228,7.191,2.081,1.53,1.996,4.508,2.448,1.936,2.163,4.411,EssenceCatalog/problems/csplib-prob010-SocialGolfers/params/ord11-7-6-3.param
0.992,0.873,-0.908,-0.893,0.584,-0.995,-0.719,0.573,0.762,-0.782,0.581,0.986,-0.126,0.588,-0.108,0.587,-0.738,0.921,0.969,-0.812,-0.995,0.099,0.133,-0.901,-0.992,-0.978,-0.823,-0.982,0.988,-0.239,0.937,0.881,0.993,0.193,0.997,0.995,0.935,-0.89,-0.822,-0.286,0.962,0.546,-0.532,0.848,0.981,-0.971,-0.78,0.806,0.59,0.953,0.86,0.309,0.985,-0.977,0.406,0.193,-0.878,0.933,-0.995,-0.958,0.951,0.976,-0.826,0.983,-0.998,-0.955,-0.932,-0.982,-0.982,-0.86,0.894,-0.983,-0.351,0.255,0.63,0.994,0.934,-0.979,-0.861,0.987,-0.998,0.809,-0.979,0.993,-0.996,-0.732,-0.967,0.998,0.996,0.888,-1.0,0.999,0.703,-0.735,-0.999,0.419,-0.985,0.98,-0.996,-0.988,5.695,4.048,6.618,9.188,10.003,9.848,9.981,9.885,5.046,4.466,6.664,9.172,5.491,5.306,7.332,9.282,EssenceCatalog/problems/csplib-prob010-SocialGolfers/params/207e16e9e399027d5c45efa7222ce14f.param
0.986,0.837,-0.45,-0.621,0.806,-0.992,-0.896,-0.873,-0.98,-0.738,0.736,0.962,-0.651,-0.908,-0.371,0.861,-0.97,-0.032,0.968,-0.886,-0.993,-0.483,0.882,0.176,-0.97,-0.833,-0.972,-0.975,0.974,0.813,0.914,0.928,0.978,0.695,0.989,0.964,0.929,-0.925,0.991,-0.914,0.919,0.434,0.264,0.649,0.952,-0.988,-0.888,-0.926,-0.979,0.471,0.831,-0.957,0.951,-0.968,-0.958,0.631,-0.646,0.883,-0.992,-0.95,0.855,0.982,-0.57,0.991,-0.995,-0.738,-0.73,-0.981,-0.972,-0.731,0.883,-0.97,0.967,0.946,-0.977,0.968,0.819,-0.952,-0.792,0.992,-0.992,0.764,-0.97,0.98,-0.981,-0.968,-0.954,0.994,0.989,0.751,-0.997,0.997,0.845,-0.937,-0.993,0.875,-0.977,0.978,-0.991,-0.985,6.308,4.778,10.535,10.479,10.485,10.465,10.464,10.407,5.818,4.886,10.504,10.41,6.163,5.756,10.49,10.458,EssenceCatalog/problems/csplib-prob010-SocialGolfers/params/1b817f3f8bb6caafce50907003b71471.param
0.993,0.78,-0.929,-0.85,0.935,-0.994,-0.838,-0.731,-0.984,-0.864,0.459,0.982,0.916,-0.912,-0.875,0.764,-0.985,0.894,0.946,-0.853,-0.993,-0.589,0.32,-0.9,-0.978,-0.893,-0.973,-0.962,0.965,0.773,0.907,0.969,0.98,0.935,0.988,0.97,0.878,-0.926,0.989,-0.902,0.922,0.952,-0.973,0.173,0.965,-0.991,-0.89,-0.825,-0.984,0.821,0.95,-0.946,0.964,-0.978,-0.985,0.858,-0.946,0.837,-0.992,-0.964,0.806,0.966,-0.84,0.988,-0.995,-0.75,-0.694,-0.989,-0.989,-0.771,0.909,-0.98,0.972,0.957,-0.983,0.989,0.902,-0.952,-0.322,0.996,-0.995,0.945,-0.971,0.978,-0.976,-0.982,-0.958,0.995,0.983,0.839,-0.997,0.997,0.462,-0.417,-0.996,0.947,-0.991,0.98,-0.997,-0.987,6.997,5.514,10.62,10.585,10.478,10.532,10.508,10.564,6.449,5.687,10.616,10.636,6.7,6.663,10.61,10.647,EssenceCatalog/problems/csplib-prob010-SocialGolfers/params/e3093acf1b0ee31e168da6a312c480a7.param
0.991,0.787,-0.899,-0.931,0.906,-0.994,-0.832,-0.706,-0.982,-0.836,0.428,0.979,0.698,-0.898,-0.726,0.727,-0.983,0.763,0.949,-0.838,-0.993,-0.803,0.373,-0.722,-0.976,-0.947,-0.97,-0.958,0.965,0.894,0.895,0.953,0.978,0.896,0.989,0.972,0.888,-0.92,0.989,-0.896,0.941,0.88,-0.922,-0.115,0.971,-0.99,-0.848,-0.785,-0.981,0.916,0.945,-0.94,0.961,-0.975,-0.986,0.777,-0.922,0.814,-0.992,-0.971,0.814,0.964,-0.893,0.99,-0.995,-0.703,-0.637,-0.985,-0.987,-0.713,0.89,-0.976,0.972,0.944,-0.978,0.986,0.917,-0.961,-0.351,0.995,-0.994,0.923,-0.972,0.981,-0.975,-0.973,-0.958,0.995,0.982,0.775,-0.997,0.997,0.407,-0.546,-0.996,0.923,-0.988,0.982,-0.996,-0.988,6.553,5.359,10.567,10.56,10.451,10.497,10.458,10.532,6.204,5.502,10.572,10.613,6.452,6.366,10.574,10.604,EssenceCatalog/problems/csplib-prob010-SocialGolfers/params/e17b37c22a6ded18e37da983669014d1.param
0.994,0.806,-0.901,-0.045,0.954,-0.99,-0.843,-0.671,-0.971,-0.764,0.902,0.968,0.605,-0.855,-0.645,0.833,-0.974,0.901,0.959,-0.937,-0.992,-0.443,0.275,-0.785,-0.969,-0.708,-0.961,-0.953,0.959,0.499,0.884,0.963,0.985,0.799,0.989,0.961,0.918,-0.783,0.985,-0.59,0.74,0.358,-0.863,0.86,0.942,-0.992,-0.934,-0.913,-0.982,0.073,0.96,-0.959,0.896,-0.98,-0.968,0.876,-0.882,0.855,-0.994,-0.965,0.866,0.969,-0.914,0.986,-0.995,-0.817,-0.761,-0.987,-0.986,-0.868,0.86,-0.981,0.892,0.935,-0.981,0.978,0.945,-0.95,-0.912,0.997,-0.995,0.841,-0.971,0.975,-0.981,-0.968,-0.945,0.995,0.98,0.908,-0.996,0.997,0.595,-0.743,-0.995,0.955,-0.987,0.989,-0.993,-0.982,7.493,5.334,10.448,10.443,10.43,10.499,10.45,10.555,6.474,5.558,10.454,10.477,6.839,6.883,10.485,10.468,EssenceCatalog/problems/csplib-prob010-SocialGolfers/params/c0097110ded0b2659948cf6e5fb4c987.param
0.991,0.821,-0.857,-0.969,0.862,-0.995,-0.829,-0.707,-0.979,-0.799,0.567,0.972,-0.197,-0.865,-0.322,0.727,-0.982,0.395,0.962,-0.845,-0.994,-0.934,0.493,-0.077,-0.977,-0.975,-0.97,-0.957,0.969,0.961,0.884,0.93,0.978,0.828,0.991,0.976,0.92,-0.91,0.987,-0.888,0.955,0.439,-0.669,-0.429,0.977,-0.99,-0.803,-0.734,-0.977,0.961,0.954,-0.942,0.956,-0.973,-0.988,0.592,-0.89,0.806,-0.994,-0.983,0.856,0.969,-0.949,0.993,-0.995,-0.663,-0.578,-0.982,-0.986,-0.7,0.876,-0.975,0.966,0.915,-0.97,0.985,0.945,-0.972,-0.592,0.995,-0.994,0.88,-0.977,0.986,-0.975,-0.959,-0.961,0.995,0.983,0.734,-0.998,0.997,0.397,-0.748,-0.995,0.878,-0.984,0.988,-0.995,-0.991,5.815,4.938,10.54,10.57,10.5,10.524,10.487,10.534,5.694,5.052,10.539,10.591,5.985,5.762,10.566,10.575,EssenceCatalog/problems/csplib-prob010-SocialGolfers/params/4408ae61a0e05e1ec5c8f499cedc7afe.param
0.988,0.83,-0.693,-0.945,0.814,-0.995,-0.877,-0.789,-0.981,-0.759,0.626,0.965,-0.632,-0.893,-0.127,0.767,-0.976,-0.043,0.966,-0.855,-0.994,-0.876,0.75,0.32,-0.974,-0.961,-0.969,-0.964,0.971,0.943,0.896,0.913,0.976,0.728,0.99,0.972,0.922,-0.917,0.991,-0.912,0.951,0.283,-0.092,-0.133,0.971,-0.989,-0.825,-0.847,-0.979,0.92,0.91,-0.95,0.958,-0.969,-0.979,0.543,-0.792,0.833,-0.992,-0.974,0.849,0.975,-0.884,0.992,-0.994,-0.669,-0.622,-0.979,-0.979,-0.646,0.867,-0.971,0.972,0.928,-0.972,0.978,0.91,-0.967,-0.673,0.994,-0.993,0.824,-0.975,0.985,-0.977,-0.961,-0.958,0.994,0.986,0.691,-0.997,0.997,0.631,-0.885,-0.994,0.862,-0.978,0.985,-0.993,-0.989,5.631,4.691,10.567,10.544,10.522,10.521,10.502,10.493,5.522,4.795,10.561,10.518,5.837,5.454,10.558,10.534,EssenceCatalog/problems/csplib-prob010-SocialGolfers/params/9fc1db6a45a62bb948c1756e4d9ddb2e.param
0.996,0.826,-0.964,0.116,0.975,-0.994,-0.886,-0.808,-0.985,-0.885,0.829,0.986,0.984,-0.923,-0.953,0.879,-0.986,0.979,0.96,-0.936,-0.994,0.318,0.337,-0.979,-0.982,-0.382,-0.976,-0.974,0.974,-0.036,0.932,0.987,0.989,0.959,0.991,0.973,0.909,-0.911,0.989,-0.863,0.803,0.965,-0.991,0.849,0.937,-0.994,-0.96,-0.922,-0.988,-0.139,0.972,-0.964,0.962,-0.987,-0.977,0.945,-0.966,0.908,-0.995,-0.96,0.863,0.978,-0.754,0.986,-0.997,-0.884,-0.841,-0.994,-0.992,-0.904,0.935,-0.989,0.949,0.971,-0.989,0.992,0.911,-0.941,-0.747,0.998,-0.997,0.958,-0.978,0.977,-0.986,-0.991,-0.964,0.997,0.989,0.948,-0.998,0.998,0.673,-0.521,-0.997,0.979,-0.994,0.986,-0.998,-0.986,8.461,5.67,10.572,10.495,10.516,10.538,10.542,10.568,7.045,5.972,10.577,10.497,7.406,7.418,10.543,10.532,EssenceCatalog/problems/csplib-prob010-SocialGolfers/params/5c06208ac8b0217cce804373d8ceb42d.param
0.993,0.794,-0.908,-0.572,0.938,-0.991,-0.78,-0.556,-0.965,-0.75,0.879,0.964,0.298,-0.82,-0.461,0.787,-0.976,0.859,0.957,-0.914,-0.992,-0.804,0.081,-0.632,-0.971,-0.887,-0.961,-0.943,0.952,0.788,0.863,0.952,0.984,0.774,0.989,0.964,0.914,-0.751,0.979,-0.563,0.797,-0.039,-0.841,0.639,0.958,-0.991,-0.9,-0.851,-0.976,0.612,0.97,-0.95,0.882,-0.976,-0.98,0.796,-0.889,0.814,-0.994,-0.978,0.864,0.962,-0.963,0.989,-0.995,-0.757,-0.678,-0.985,-0.986,-0.846,0.836,-0.979,0.883,0.905,-0.973,0.979,0.961,-0.962,-0.901,0.997,-0.994,0.834,-0.971,0.979,-0.976,-0.958,-0.945,0.995,0.973,0.882,-0.996,0.997,0.389,-0.674,-0.995,0.931,-0.985,0.991,-0.993,-0.984,6.615,5.119,10.414,10.465,10.422,10.51,10.445,10.553,6.036,5.283,10.415,10.517,6.362,6.413,10.496,10.488,EssenceCatalog/problems/csplib-prob010-SocialGolfers/params/2fa5d3c9570204053ba74a6ec47272b0.param
0.988,0.788,-0.806,-0.877,0.887,-0.993,-0.87,-0.771,-0.984,-0.809,0.432,0.976,0.525,-0.919,-0.692,0.741,-0.977,0.61,0.949,-0.843,-0.993,-0.614,0.616,-0.611,-0.971,-0.905,-0.967,-0.964,0.967,0.825,0.903,0.942,0.974,0.851,0.988,0.967,0.884,-0.928,0.992,-0.91,0.936,0.899,-0.805,0.214,0.965,-0.989,-0.872,-0.866,-0.984,0.822,0.888,-0.945,0.964,-0.973,-0.975,0.777,-0.866,0.833,-0.99,-0.952,0.795,0.966,-0.735,0.987,-0.994,-0.708,-0.679,-0.982,-0.981,-0.664,0.882,-0.971,0.977,0.955,-0.98,0.981,0.848,-0.953,-0.325,0.994,-0.993,0.898,-0.967,0.979,-0.976,-0.973,-0.954,0.994,0.984,0.741,-0.997,0.997,0.605,-0.717,-0.994,0.924,-0.985,0.975,-0.994,-0.986,6.692,5.318,10.569,10.535,10.443,10.467,10.447,10.497,6.259,5.456,10.571,10.56,6.512,6.346,10.547,10.572,EssenceCatalog/problems/csplib-prob010-SocialGolfers/params/d308db3d3c8510388cec77c1c34b919d.param
0.988,0.878,-0.432,-0.516,0.821,-0.994,-0.934,-0.88,-0.984,-0.788,0.826,0.963,-0.782,-0.94,-0.155,0.863,-0.965,-0.19,0.973,-0.91,-0.993,-0.13,0.92,0.358,-0.976,-0.76,-0.973,-0.984,0.979,0.668,0.929,0.931,0.981,0.527,0.991,0.974,0.947,-0.929,0.992,-0.923,0.927,0.382,0.636,0.724,0.948,-0.991,-0.926,-0.95,-0.983,0.236,0.819,-0.967,0.954,-0.975,-0.932,0.689,-0.601,0.916,-0.993,-0.953,0.902,0.985,-0.392,0.992,-0.997,-0.8,-0.828,-0.985,-0.971,-0.766,0.865,-0.974,0.97,0.953,-0.98,0.973,0.828,-0.965,-0.868,0.994,-0.994,0.778,-0.976,0.984,-0.988,-0.969,-0.963,0.995,0.992,0.789,-0.998,0.998,0.88,-0.965,-0.994,0.878,-0.977,0.983,-0.99,-0.987,6.463,4.689,10.563,10.391,10.491,10.435,10.462,10.319,5.825,4.817,10.517,10.295,6.199,5.715,10.48,10.373,EssenceCatalog/problems/csplib-prob010-SocialGolfers/params/e955899ae6798d0e343da8cb4e6ca04e.param
0.995,0.834,-0.748,-0.894,0.113,-0.998,0.437,-0.37,0.843,-0.595,0.624,0.987,-0.781,0.935,-0.973,0.966,-0.992,0.902,0.976,-0.493,-0.992,-0.937,0.707,-0.915,-0.992,-0.992,-0.986,-0.965,0.992,0.943,0.943,0.971,0.995,0.981,0.997,0.996,0.965,-0.942,-0.963,-0.861,0.978,-0.566,-0.971,0.718,0.979,-0.983,0.264,0.958,0.92,0.955,0.99,0.062,0.973,-0.942,-0.994,-0.789,-0.927,0.917,-0.997,-0.994,0.957,0.985,-0.952,0.999,-0.996,-0.841,-0.851,-0.997,-0.996,-0.966,0.978,-0.993,-0.802,-0.801,0.857,0.998,0.977,-0.992,-0.908,0.998,-0.997,0.908,-0.98,0.989,-0.992,-0.899,-0.981,0.997,0.995,0.896,-0.998,0.997,0.903,-0.853,-0.998,-0.768,-0.987,0.996,-0.997,-0.995,4.658,3.771,5.684,10.244,10.675,10.571,10.658,10.754,4.537,4.031,5.714,10.266,5.116,4.789,6.715,10.292,EssenceCatalog/problems/csplib-prob010-SocialGolfers/params/5cf3ba5be11843fed987ac54ce338b42.param
0.989,0.898,-0.334,-0.455,0.751,-0.995,-0.936,-0.895,-0.973,-0.787,0.867,0.966,-0.902,-0.914,-0.041,0.897,-0.965,-0.321,0.98,-0.916,-0.994,-0.161,0.946,0.508,-0.98,-0.792,-0.977,-0.987,0.982,0.706,0.941,0.931,0.985,0.476,0.993,0.977,0.961,-0.933,0.986,-0.927,0.938,0.021,0.815,0.778,0.953,-0.99,-0.918,-0.939,-0.972,0.243,0.828,-0.958,0.96,-0.975,-0.926,0.554,-0.546,0.933,-0.995,-0.959,0.919,0.99,-0.395,0.994,-0.997,-0.825,-0.852,-0.985,-0.974,-0.812,0.887,-0.975,0.959,0.936,-0.971,0.975,0.853,-0.969,-0.92,0.994,-0.995,0.722,-0.978,0.987,-0.99,-0.965,-0.97,0.996,0.994,0.814,-0.998,0.998,0.917,-0.978,-0.995,0.813,-0.977,0.986,-0.992,-0.989,6.257,4.537,10.508,10.382,10.489,10.427,10.462,10.313,5.658,4.66,10.459,10.274,6.049,5.537,10.446,10.354,EssenceCatalog/problems/csplib-prob010-SocialGolfers/params/14482ddc4e061fe3ccd2392aaaaf08a6.param
0.986,0.819,-0.61,-0.841,0.833,-0.993,-0.898,-0.835,-0.984,-0.778,0.576,0.968,-0.342,-0.923,-0.439,0.788,-0.971,0.068,0.96,-0.861,-0.993,-0.583,0.825,-0.028,-0.971,-0.895,-0.968,-0.971,0.973,0.838,0.907,0.924,0.974,0.744,0.989,0.965,0.91,-0.932,0.993,-0.922,0.94,0.732,-0.166,0.337,0.96,-0.989,-0.876,-0.906,-0.983,0.739,0.834,-0.953,0.962,-0.97,-0.964,0.684,-0.749,0.863,-0.991,-0.951,0.83,0.976,-0.631,0.99,-0.994,-0.704,-0.694,-0.981,-0.973,-0.645,0.876,-0.97,0.977,0.951,-0.979,0.974,0.821,-0.954,-0.598,0.992,-0.992,0.836,-0.971,0.981,-0.979,-0.968,-0.955,0.993,0.987,0.702,-0.997,0.997,0.754,-0.894,-0.993,0.894,-0.98,0.976,-0.992,-0.986,6.277,4.944,10.579,10.523,10.49,10.48,10.467,10.451,5.916,5.054,10.568,10.483,6.211,5.852,10.531,10.522,EssenceCatalog/problems/csplib-prob010-SocialGolfers/params/b8f851849f1513cb3bf3b532a7a2d5ca.param
0.99,0.886,-0.657,-0.968,0.76,-0.996,-0.887,-0.804,-0.977,-0.734,0.798,0.956,-0.948,-0.869,0.496,0.812,-0.98,-0.519,0.98,-0.876,-0.995,-0.954,0.835,0.845,-0.981,-0.979,-0.975,-0.969,0.975,0.976,0.904,0.896,0.982,0.626,0.993,0.983,0.956,-0.908,0.988,-0.923,0.961,-0.72,0.643,-0.537,0.975,-0.99,-0.807,-0.833,-0.972,0.959,0.952,-0.963,0.949,-0.971,-0.986,0.228,-0.782,0.856,-0.995,-0.989,0.917,0.983,-0.955,0.996,-0.995,-0.658,-0.619,-0.981,-0.983,-0.693,0.862,-0.975,0.962,0.892,-0.968,0.981,0.955,-0.981,-0.886,0.995,-0.994,0.776,-0.982,0.99,-0.98,-0.959,-0.968,0.995,0.988,0.742,-0.998,0.998,0.628,-0.952,-0.994,0.787,-0.972,0.993,-0.993,-0.993,4.986,4.232,10.525,10.484,10.58,10.552,10.56,10.478,5.006,4.336,10.496,10.455,5.374,4.869,10.531,10.468,EssenceCatalog/problems/csplib-prob010-SocialGolfers/params/c13f32d59420305e5828e8111c471bb3.param
0.989,0.901,-0.618,-0.965,0.721,-0.997,-0.914,-0.796,-0.971,-0.755,0.808,0.959,-0.959,-0.875,0.575,0.78,-0.972,-0.593,0.98,-0.873,-0.995,-0.911,0.858,0.84,-0.983,-0.978,-0.971,-0.979,0.978,0.957,0.919,0.889,0.983,0.465,0.994,0.985,0.958,-0.907,0.985,-0.915,0.965,-0.645,0.795,-0.344,0.975,-0.99,-0.832,-0.833,-0.969,0.949,0.932,-0.949,0.962,-0.974,-0.971,0.255,-0.736,0.883,-0.995,-0.985,0.922,0.984,-0.929,0.995,-0.996,-0.706,-0.711,-0.981,-0.98,-0.697,0.853,-0.975,0.958,0.893,-0.957,0.982,0.95,-0.983,-0.887,0.994,-0.995,0.765,-0.983,0.991,-0.986,-0.948,-0.971,0.995,0.991,0.733,-0.999,0.998,0.693,-0.962,-0.995,0.764,-0.973,0.993,-0.993,-0.993,5.035,4.204,10.521,10.456,10.586,10.551,10.558,10.451,5.015,4.314,10.492,10.413,5.386,4.855,10.516,10.443,EssenceCatalog/problems/csplib-prob010-SocialGolfers/params/9f07b371a9aa9be5f19089915522a7ca.param
0.998,0.897,-0.969,0.922,0.986,-0.993,-0.95,-0.917,-0.98,-0.903,0.976,0.987,0.976,-0.911,-0.955,0.955,-0.985,0.989,0.981,-0.982,-0.996,0.79,0.683,-0.981,-0.983,0.603,-0.97,-0.985,0.987,-0.721,0.953,0.993,0.994,0.948,0.995,0.982,0.96,-0.881,0.986,-0.805,0.644,0.854,-0.985,0.983,0.883,-0.996,-0.981,-0.96,-0.988,-0.894,0.983,-0.98,0.954,-0.992,-0.946,0.968,-0.96,0.961,-0.998,-0.961,0.924,0.99,-0.673,0.99,-0.998,-0.958,-0.93,-0.995,-0.994,-0.969,0.96,-0.995,0.873,0.967,-0.991,0.992,0.949,-0.942,-0.972,0.999,-0.998,0.941,-0.985,0.974,-0.993,-0.99,-0.978,0.998,0.995,0.983,-0.998,0.998,0.893,-0.873,-0.997,0.986,-0.995,0.992,-0.998,-0.988,9.387,5.719,10.461,10.424,10.506,10.498,10.536,10.566,7.386,6.07,10.485,10.383,7.817,7.816,10.454,10.444,EssenceCatalog/problems/csplib-prob010-SocialGolfers/params/e56275fec4e7ad0747b965f75f7450e0.param
0.986,0.848,-0.496,-0.74,0.824,-0.994,-0.916,-0.87,-0.986,-0.801,0.691,0.967,-0.573,-0.938,-0.369,0.835,-0.97,-0.084,0.965,-0.878,-0.993,-0.357,0.887,0.134,-0.973,-0.835,-0.972,-0.98,0.977,0.766,0.922,0.927,0.977,0.684,0.99,0.971,0.926,-0.938,0.993,-0.933,0.94,0.695,0.24,0.53,0.955,-0.99,-0.902,-0.932,-0.984,0.553,0.805,-0.96,0.963,-0.971,-0.952,0.688,-0.685,0.893,-0.992,-0.949,0.865,0.981,-0.426,0.991,-0.996,-0.742,-0.775,-0.984,-0.971,-0.693,0.878,-0.971,0.977,0.954,-0.98,0.976,0.802,-0.961,-0.706,0.993,-0.992,0.83,-0.973,0.983,-0.985,-0.97,-0.96,0.994,0.99,0.741,-0.998,0.998,0.835,-0.936,-0.993,0.885,-0.978,0.978,-0.991,-0.987,6.402,4.852,10.597,10.489,10.516,10.481,10.485,10.401,5.914,4.967,10.567,10.414,6.242,5.803,10.524,10.48,EssenceCatalog/problems/csplib-prob010-SocialGolfers/params/a37719524c94f727028bb779c0e95d15.param
0.995,0.856,-0.75,-0.964,-0.664,-0.998,0.644,-0.405,0.957,-0.48,0.629,0.989,-0.973,0.984,-0.97,0.977,-0.987,0.762,0.982,-0.174,-0.993,-0.972,0.812,-0.857,-0.993,-0.997,-0.982,-0.956,0.995,0.975,0.953,0.97,0.996,0.984,0.997,0.996,0.976,-0.953,-0.99,-0.742,0.99,-0.885,-0.941,0.73,0.985,-0.968,0.809,0.988,0.985,0.984,0.987,0.759,0.981,-0.934,-0.993,-0.946,-0.907,0.95,-0.998,-0.994,0.944,0.988,-0.975,0.999,-0.994,-0.824,-0.866,-0.994,-0.997,-0.965,0.985,-0.993,-0.933,-0.968,0.975,0.997,0.986,-0.995,-0.933,0.996,-0.997,0.807,-0.984,0.99,-0.992,-0.456,-0.986,0.997,0.996,0.858,-0.998,0.996,0.942,-0.928,-0.997,-0.965,-0.986,0.995,-0.997,-0.995,4.151,3.443,4.868,10.096,10.574,10.433,10.589,10.757,4.177,3.677,4.923,10.098,4.745,4.29,5.983,10.143,EssenceCatalog/problems/csplib-prob010-SocialGolfers/params/69ff2930b090a5d533e4088b9be7809b.param
0.987,0.855,-0.551,-0.89,0.782,-0.995,-0.877,-0.807,-0.976,-0.716,0.783,0.955,-0.87,-0.879,0.144,0.816,-0.974,-0.301,0.97,-0.875,-0.993,-0.855,0.822,0.609,-0.975,-0.948,-0.972,-0.969,0.97,0.935,0.896,0.902,0.979,0.586,0.99,0.974,0.937,-0.893,0.988,-0.895,0.935,-0.316,0.489,0.153,0.964,-0.989,-0.857,-0.882,-0.976,0.848,0.917,-0.957,0.94,-0.966,-0.976,0.469,-0.696,0.85,-0.993,-0.976,0.882,0.979,-0.883,0.993,-0.995,-0.674,-0.675,-0.981,-0.977,-0.718,0.853,-0.971,0.957,0.916,-0.968,0.974,0.919,-0.972,-0.853,0.994,-0.992,0.752,-0.975,0.985,-0.981,-0.959,-0.957,0.994,0.986,0.717,-0.997,0.997,0.728,-0.938,-0.993,0.821,-0.972,0.989,-0.991,-0.989,5.422,4.422,10.526,10.483,10.533,10.519,10.514,10.456,5.282,4.521,10.501,10.432,5.642,5.19,10.517,10.46,EssenceCatalog/problems/csplib-prob010-SocialGolfers/params/6795da061e7b26ec8fce0c08bb5e20a7.param
0.99,0.803,-0.831,-0.946,0.872,-0.994,-0.839,-0.718,-0.979,-0.786,0.568,0.97,-0.073,-0.879,-0.383,0.724,-0.979,0.44,0.958,-0.847,-0.994,-0.891,0.513,-0.167,-0.974,-0.962,-0.967,-0.957,0.967,0.938,0.88,0.929,0.976,0.808,0.99,0.972,0.911,-0.905,0.989,-0.877,0.943,0.547,-0.661,-0.189,0.972,-0.989,-0.834,-0.79,-0.978,0.93,0.939,-0.945,0.952,-0.972,-0.983,0.652,-0.868,0.802,-0.993,-0.976,0.838,0.968,-0.923,0.991,-0.994,-0.666,-0.597,-0.981,-0.983,-0.695,0.866,-0.973,0.966,0.93,-0.972,0.982,0.926,-0.965,-0.578,0.995,-0.994,0.874,-0.974,0.984,-0.974,-0.962,-0.955,0.994,0.982,0.739,-0.997,0.997,0.452,-0.747,-0.995,0.893,-0.983,0.986,-0.994,-0.989,6.005,5.005,10.55,10.557,10.486,10.514,10.476,10.525,5.806,5.123,10.55,10.577,6.093,5.884,10.563,10.568,EssenceCatalog/problems/csplib-prob010-SocialGolfers/params/d024c4dcfb05cc746145fde731afe199.param
0.994,0.789,-0.922,-0.468,0.948,-0.991,-0.79,-0.576,-0.968,-0.772,0.866,0.969,0.618,-0.837,-0.623,0.798,-0.977,0.908,0.953,-0.917,-0.992,-0.705,0.057,-0.788,-0.972,-0.849,-0.962,-0.946,0.955,0.701,0.874,0.961,0.985,0.824,0.989,0.963,0.907,-0.772,0.981,-0.601,0.785,0.323,-0.911,0.712,0.954,-0.992,-0.912,-0.863,-0.979,0.507,0.97,-0.95,0.897,-0.978,-0.979,0.842,-0.908,0.826,-0.994,-0.975,0.853,0.961,-0.951,0.987,-0.995,-0.782,-0.715,-0.987,-0.987,-0.852,0.851,-0.98,0.888,0.918,-0.976,0.981,0.957,-0.957,-0.88,0.997,-0.994,0.862,-0.971,0.978,-0.978,-0.965,-0.945,0.995,0.976,0.893,-0.996,0.997,0.42,-0.616,-0.995,0.943,-0.987,0.99,-0.994,-0.983,7.005,5.291,10.456,10.483,10.433,10.521,10.458,10.566,6.277,5.481,10.458,10.533,6.601,6.676,10.514,10.516,EssenceCatalog/problems/csplib-prob010-SocialGolfers/params/2a566b20e10bc5981aa9fb51cdb4a0e0.param
0.993,0.776,-0.929,-0.729,0.945,-0.993,-0.842,-0.722,-0.984,-0.848,0.576,0.981,0.918,-0.913,-0.865,0.773,-0.983,0.909,0.946,-0.875,-0.993,-0.464,0.282,-0.907,-0.976,-0.843,-0.971,-0.959,0.963,0.682,0.903,0.969,0.981,0.923,0.988,0.968,0.879,-0.908,0.989,-0.865,0.892,0.937,-0.969,0.419,0.959,-0.992,-0.909,-0.861,-0.985,0.688,0.95,-0.949,0.956,-0.979,-0.982,0.878,-0.939,0.841,-0.992,-0.962,0.813,0.965,-0.838,0.986,-0.996,-0.769,-0.711,-0.988,-0.988,-0.79,0.899,-0.98,0.965,0.959,-0.984,0.987,0.901,-0.949,-0.462,0.996,-0.995,0.936,-0.97,0.977,-0.978,-0.981,-0.954,0.995,0.983,0.858,-0.997,0.997,0.484,-0.451,-0.996,0.956,-0.991,0.981,-0.996,-0.985,7.217,5.525,10.614,10.566,10.482,10.538,10.516,10.568,6.53,5.719,10.608,10.612,6.801,6.785,10.601,10.628,EssenceCatalog/problems/csplib-prob010-SocialGolfers/params/125e657e97eaa3b20483b9287c019454.param
0.999,0.968,-0.972,0.989,0.988,-0.996,-0.986,-0.987,-0.989,-0.979,0.984,0.994,0.994,-0.974,-0.992,0.981,-0.988,0.992,0.991,-0.989,-0.998,0.993,0.983,-0.991,-0.994,0.979,-0.989,-0.997,0.996,-0.981,0.983,0.996,0.995,0.975,0.997,0.994,0.986,-0.979,0.989,-0.983,0.912,0.993,-0.99,0.993,0.88,-0.998,-0.992,-0.983,-0.985,-0.989,0.977,-0.99,0.991,-0.996,-0.812,0.989,-0.982,0.99,-0.999,-0.955,0.98,0.996,0.921,0.995,-0.999,-0.986,-0.985,-0.997,-0.995,-0.99,0.988,-0.997,0.964,0.99,-0.996,0.997,0.608,-0.945,-0.968,0.997,-0.999,0.983,-0.99,0.986,-0.997,-0.997,-0.991,0.999,0.999,0.992,-1.0,0.999,0.984,-0.974,-0.998,0.993,-0.997,0.993,-0.998,-0.994,9.895,5.853,10.478,10.417,10.523,10.433,10.568,10.52,7.694,6.185,10.463,10.361,8.132,7.962,10.461,10.455,EssenceCatalog/problems/csplib-prob010-SocialGolfers/params/0e886315b7e840f7ecd2979e1990388e.param
0.987,0.891,-0.366,-0.836,0.691,-0.995,-0.898,-0.85,-0.969,-0.732,0.836,0.959,-0.95,-0.879,0.243,0.868,-0.973,-0.52,0.978,-0.882,-0.994,-0.748,0.914,0.719,-0.979,-0.935,-0.977,-0.981,0.977,0.913,0.925,0.906,0.984,0.505,0.992,0.979,0.953,-0.912,0.983,-0.922,0.948,-0.444,0.798,0.385,0.963,-0.989,-0.864,-0.892,-0.966,0.777,0.898,-0.952,0.952,-0.968,-0.967,0.329,-0.602,0.893,-0.994,-0.976,0.91,0.986,-0.798,0.995,-0.996,-0.734,-0.781,-0.984,-0.978,-0.769,0.871,-0.971,0.95,0.9,-0.958,0.977,0.908,-0.977,-0.903,0.994,-0.994,0.708,-0.978,0.988,-0.987,-0.959,-0.966,0.995,0.991,0.741,-0.998,0.998,0.847,-0.97,-0.994,0.733,-0.97,0.99,-0.992,-0.991,5.43,4.316,10.5,10.475,10.554,10.52,10.53,10.432,5.231,4.417,10.469,10.391,5.605,5.089,10.482,10.443,EssenceCatalog/problems/csplib-prob010-SocialGolfers/params/e7fa78b1ebfa92d42a7b69058078c6f9.param
0.991,0.787,-0.894,-0.938,0.9,-0.994,-0.832,-0.706,-0.982,-0.83,0.434,0.978,0.632,-0.893,-0.694,0.725,-0.983,0.735,0.951,-0.838,-0.993,-0.828,0.386,-0.675,-0.976,-0.952,-0.969,-0.957,0.966,0.906,0.892,0.951,0.978,0.89,0.989,0.972,0.891,-0.919,0.989,-0.894,0.943,0.856,-0.909,-0.152,0.972,-0.99,-0.841,-0.777,-0.981,0.924,0.945,-0.939,0.961,-0.975,-0.986,0.759,-0.918,0.813,-0.992,-0.972,0.816,0.964,-0.901,0.99,-0.995,-0.697,-0.625,-0.984,-0.987,-0.709,0.888,-0.976,0.971,0.941,-0.977,0.986,0.921,-0.962,-0.376,0.995,-0.994,0.917,-0.973,0.981,-0.974,-0.971,-0.958,0.995,0.982,0.767,-0.997,0.997,0.402,-0.57,-0.995,0.919,-0.988,0.983,-0.996,-0.988,6.483,5.325,10.562,10.56,10.451,10.496,10.457,10.532,6.159,5.464,10.566,10.611,6.409,6.312,10.571,10.6,EssenceCatalog/problems/csplib-prob010-SocialGolfers/params/f988b89a43dedc90286eff755475ae9e.param
0.99,0.833,-0.809,-0.968,0.845,-0.995,-0.842,-0.739,-0.978,-0.776,0.648,0.966,-0.575,-0.86,-0.102,0.748,-0.982,0.14,0.968,-0.855,-0.994,-0.946,0.6,0.317,-0.978,-0.976,-0.971,-0.959,0.97,0.968,0.882,0.918,0.978,0.781,0.991,0.977,0.933,-0.906,0.988,-0.89,0.955,0.055,-0.361,-0.453,0.976,-0.99,-0.806,-0.762,-0.975,0.959,0.953,-0.951,0.951,-0.972,-0.987,0.509,-0.864,0.806,-0.994,-0.984,0.873,0.973,-0.953,0.994,-0.995,-0.647,-0.562,-0.981,-0.984,-0.702,0.869,-0.975,0.964,0.912,-0.969,0.983,0.946,-0.973,-0.703,0.995,-0.994,0.855,-0.978,0.987,-0.976,-0.959,-0.962,0.995,0.984,0.738,-0.998,0.997,0.455,-0.834,-0.995,0.861,-0.981,0.99,-0.994,-0.991,5.498,4.697,10.545,10.558,10.522,10.535,10.51,10.527,5.454,4.805,10.533,10.559,5.772,5.458,10.572,10.55,EssenceCatalog/problems/csplib-prob010-SocialGolfers/params/696af2594d8e59243b00a2a865dab49d.param
0.992,0.779,-0.92,-0.884,0.925,-0.994,-0.838,-0.73,-0.984,-0.859,0.414,0.982,0.886,-0.91,-0.85,0.754,-0.984,0.864,0.946,-0.843,-0.993,-0.662,0.349,-0.87,-0.977,-0.914,-0.973,-0.961,0.965,0.817,0.906,0.965,0.979,0.927,0.988,0.971,0.878,-0.927,0.989,-0.905,0.932,0.945,-0.965,0.087,0.967,-0.991,-0.876,-0.816,-0.983,0.861,0.946,-0.944,0.965,-0.977,-0.985,0.84,-0.94,0.831,-0.992,-0.965,0.803,0.965,-0.848,0.988,-0.995,-0.734,-0.673,-0.988,-0.989,-0.747,0.906,-0.979,0.974,0.955,-0.982,0.988,0.901,-0.955,-0.29,0.995,-0.995,0.94,-0.971,0.979,-0.976,-0.98,-0.958,0.995,0.983,0.817,-0.997,0.997,0.454,-0.452,-0.996,0.941,-0.99,0.979,-0.997,-0.987,6.872,5.481,10.604,10.577,10.463,10.516,10.488,10.552,6.388,5.644,10.602,10.63,6.635,6.581,10.597,10.636,EssenceCatalog/problems/csplib-prob010-SocialGolfers/params/16de3a3a11fa43787106478ee98fdd9e.param
0.991,0.897,-0.743,-0.985,0.782,-0.997,-0.891,-0.798,-0.98,-0.768,0.776,0.957,-0.943,-0.874,0.555,0.778,-0.983,-0.532,0.979,-0.872,-0.995,-0.971,0.802,0.864,-0.984,-0.986,-0.975,-0.97,0.978,0.983,0.904,0.892,0.982,0.672,0.994,0.986,0.959,-0.914,0.988,-0.93,0.971,-0.711,0.585,-0.766,0.979,-0.991,-0.79,-0.798,-0.974,0.979,0.963,-0.962,0.955,-0.975,-0.989,0.212,-0.839,0.855,-0.996,-0.991,0.928,0.983,-0.968,0.997,-0.996,-0.635,-0.6,-0.981,-0.985,-0.673,0.868,-0.977,0.965,0.89,-0.968,0.985,0.966,-0.985,-0.865,0.995,-0.995,0.827,-0.985,0.991,-0.981,-0.957,-0.971,0.995,0.988,0.752,-0.999,0.998,0.534,-0.944,-0.995,0.794,-0.974,0.995,-0.994,-0.995,4.917,4.236,10.545,10.493,10.595,10.565,10.575,10.49,4.984,4.341,10.518,10.473,5.347,4.842,10.551,10.483,EssenceCatalog/problems/csplib-prob010-SocialGolfers/params/91f2d2cba6d5899940fbd00e32bd496e.param
0.991,0.855,-0.82,-0.977,0.839,-0.996,-0.843,-0.736,-0.978,-0.779,0.698,0.964,-0.732,-0.855,0.088,0.752,-0.983,0.009,0.971,-0.858,-0.995,-0.963,0.614,0.492,-0.98,-0.982,-0.972,-0.961,0.972,0.976,0.885,0.914,0.98,0.766,0.992,0.981,0.941,-0.901,0.987,-0.897,0.96,-0.229,-0.185,-0.588,0.979,-0.99,-0.799,-0.745,-0.975,0.971,0.963,-0.953,0.949,-0.973,-0.989,0.436,-0.872,0.812,-0.995,-0.988,0.893,0.975,-0.967,0.995,-0.995,-0.639,-0.566,-0.981,-0.986,-0.717,0.869,-0.976,0.962,0.902,-0.968,0.985,0.958,-0.978,-0.764,0.996,-0.994,0.853,-0.981,0.989,-0.977,-0.957,-0.965,0.995,0.984,0.746,-0.998,0.998,0.428,-0.855,-0.995,0.844,-0.98,0.992,-0.994,-0.993,5.291,4.561,10.538,10.547,10.546,10.551,10.531,10.526,5.298,4.667,10.519,10.545,5.633,5.282,10.573,10.532,EssenceCatalog/problems/csplib-prob010-SocialGolfers/params/b1c134e3f08d089667a45ab1ec1a0efd.param
0.99,0.888,-0.66,-0.97,0.779,-0.996,-0.872,-0.786,-0.977,-0.733,0.79,0.956,-0.933,-0.863,0.428,0.809,-0.982,-0.458,0.976,-0.87,-0.995,-0.958,0.802,0.812,-0.981,-0.98,-0.976,-0.967,0.972,0.978,0.897,0.896,0.981,0.649,0.993,0.983,0.951,-0.9,0.987,-0.923,0.96,-0.677,0.547,-0.548,0.975,-0.99,-0.807,-0.818,-0.972,0.961,0.959,-0.964,0.946,-0.971,-0.988,0.265,-0.797,0.839,-0.995,-0.989,0.913,0.981,-0.959,0.996,-0.995,-0.643,-0.622,-0.982,-0.984,-0.701,0.858,-0.975,0.958,0.887,-0.967,0.982,0.953,-0.982,-0.864,0.995,-0.994,0.797,-0.981,0.989,-0.981,-0.961,-0.965,0.994,0.986,0.728,-0.998,0.997,0.6,-0.942,-0.994,0.789,-0.971,0.994,-0.993,-0.993,5.01,4.265,10.516,10.485,10.567,10.546,10.549,10.473,5.03,4.367,10.488,10.459,5.396,4.91,10.527,10.467,EssenceCatalog/problems/csplib-prob010-SocialGolfers/params/3450491c72ef21959ba5cf8afe0e063e.param
0.99,0.882,-0.677,-0.972,0.76,-0.997,-0.868,-0.786,-0.974,-0.749,0.773,0.959,-0.931,-0.854,0.397,0.8,-0.981,-0.427,0.977,-0.864,-0.995,-0.957,0.802,0.783,-0.981,-0.982,-0.975,-0.969,0.975,0.977,0.902,0.898,0.982,0.657,0.993,0.983,0.952,-0.906,0.986,-0.919,0.963,-0.614,0.508,-0.5,0.976,-0.99,-0.8,-0.798,-0.969,0.963,0.954,-0.956,0.951,-0.971,-0.986,0.253,-0.797,0.847,-0.995,-0.988,0.91,0.981,-0.956,0.996,-0.996,-0.661,-0.626,-0.982,-0.984,-0.712,0.866,-0.975,0.959,0.886,-0.961,0.983,0.954,-0.981,-0.855,0.995,-0.994,0.803,-0.982,0.99,-0.981,-0.957,-0.967,0.995,0.987,0.733,-0.998,0.998,0.614,-0.939,-0.995,0.782,-0.973,0.993,-0.994,-0.993,5.043,4.288,10.514,10.499,10.576,10.555,10.557,10.486,5.058,4.392,10.486,10.472,5.421,4.943,10.527,10.48,EssenceCatalog/problems/csplib-prob010-SocialGolfers/params/61b932b80fb99f96148ce8f5920ef4ce.param
0.986,0.819,-0.516,-0.711,0.815,-0.992,-0.891,-0.865,-0.981,-0.752,0.655,0.965,-0.486,-0.909,-0.471,0.842,-0.971,0.053,0.964,-0.871,-0.993,-0.525,0.863,0.023,-0.969,-0.855,-0.971,-0.972,0.973,0.823,0.911,0.929,0.976,0.747,0.989,0.962,0.92,-0.931,0.992,-0.92,0.928,0.616,-0.006,0.553,0.955,-0.988,-0.88,-0.914,-0.979,0.585,0.825,-0.953,0.957,-0.968,-0.962,0.652,-0.695,0.875,-0.991,-0.948,0.835,0.98,-0.571,0.99,-0.994,-0.722,-0.702,-0.981,-0.973,-0.701,0.888,-0.97,0.972,0.949,-0.978,0.97,0.807,-0.949,-0.701,0.992,-0.992,0.801,-0.97,0.98,-0.979,-0.968,-0.953,0.994,0.988,0.731,-0.997,0.997,0.816,-0.917,-0.993,0.882,-0.978,0.975,-0.991,-0.985,6.367,4.895,10.548,10.514,10.487,10.473,10.467,10.44,5.914,5.004,10.525,10.46,6.231,5.86,10.504,10.5,EssenceCatalog/problems/csplib-prob010-SocialGolfers/params/04d38771751b71f9b426a82d24f585c0.param
0.99,0.833,-0.834,-0.969,0.857,-0.995,-0.829,-0.707,-0.978,-0.797,0.579,0.971,-0.286,-0.871,-0.282,0.728,-0.982,0.334,0.96,-0.839,-0.994,-0.929,0.526,-0.007,-0.977,-0.975,-0.971,-0.961,0.969,0.96,0.887,0.924,0.978,0.812,0.991,0.978,0.917,-0.907,0.987,-0.898,0.955,0.439,-0.605,-0.409,0.976,-0.99,-0.804,-0.753,-0.977,0.96,0.954,-0.943,0.956,-0.972,-0.988,0.584,-0.88,0.801,-0.993,-0.983,0.86,0.968,-0.941,0.994,-0.995,-0.659,-0.615,-0.983,-0.985,-0.693,0.87,-0.973,0.965,0.914,-0.968,0.986,0.942,-0.975,-0.58,0.996,-0.994,0.879,-0.976,0.986,-0.977,-0.961,-0.96,0.994,0.983,0.722,-0.998,0.997,0.428,-0.774,-0.995,0.867,-0.982,0.989,-0.995,-0.992,5.777,4.9,10.546,10.57,10.51,10.529,10.493,10.525,5.665,5.013,10.546,10.582,5.96,5.71,10.566,10.572,EssenceCatalog/problems/csplib-prob010-SocialGolfers/params/11263fbe3ad7620e0cd870b1a2f861fd.param
0.986,0.831,-0.613,-0.895,0.809,-0.994,-0.892,-0.818,-0.981,-0.758,0.634,0.965,-0.617,-0.905,-0.219,0.782,-0.973,-0.085,0.965,-0.861,-0.993,-0.749,0.817,0.252,-0.973,-0.936,-0.969,-0.969,0.973,0.899,0.904,0.916,0.976,0.698,0.99,0.97,0.92,-0.922,0.991,-0.915,0.945,0.459,0.042,0.174,0.965,-0.989,-0.856,-0.886,-0.98,0.836,0.874,-0.951,0.96,-0.969,-0.97,0.594,-0.744,0.855,-0.992,-0.965,0.846,0.977,-0.781,0.991,-0.995,-0.689,-0.672,-0.98,-0.975,-0.645,0.869,-0.97,0.972,0.938,-0.974,0.976,0.872,-0.963,-0.684,0.993,-0.992,0.812,-0.973,0.983,-0.98,-0.964,-0.956,0.994,0.987,0.694,-0.997,0.997,0.725,-0.908,-0.993,0.866,-0.978,0.982,-0.992,-0.988,5.858,4.74,10.579,10.534,10.521,10.511,10.496,10.47,5.64,4.843,10.571,10.49,5.954,5.553,10.545,10.524,EssenceCatalog/problems/csplib-prob010-SocialGolfers/params/65d6f3b917798882af095836f3cced05.param
0.988,0.902,-0.38,-0.868,0.655,-0.996,-0.898,-0.844,-0.962,-0.733,0.857,0.959,-0.97,-0.857,0.402,0.872,-0.974,-0.589,0.981,-0.883,-0.994,-0.805,0.922,0.804,-0.982,-0.952,-0.978,-0.982,0.979,0.929,0.926,0.905,0.986,0.448,0.993,0.983,0.961,-0.909,0.978,-0.922,0.954,-0.648,0.861,0.289,0.967,-0.989,-0.858,-0.873,-0.959,0.827,0.916,-0.95,0.953,-0.969,-0.969,0.2,-0.608,0.899,-0.995,-0.981,0.925,0.988,-0.849,0.996,-0.997,-0.739,-0.789,-0.985,-0.98,-0.786,0.871,-0.973,0.943,0.88,-0.95,0.979,0.927,-0.981,-0.925,0.994,-0.994,0.702,-0.98,0.99,-0.988,-0.957,-0.969,0.995,0.992,0.757,-0.998,0.998,0.84,-0.975,-0.995,0.679,-0.969,0.992,-0.993,-0.992,5.27,4.223,10.47,10.469,10.569,10.536,10.549,10.44,5.112,4.331,10.439,10.394,5.495,4.97,10.468,10.437,EssenceCatalog/problems/csplib-prob010-SocialGolfers/params/3875a6a094b775d7806b86a4e74f7cb6.param
0.991,0.783,-0.887,-0.913,0.907,-0.994,-0.843,-0.721,-0.982,-0.835,0.406,0.979,0.738,-0.903,-0.758,0.731,-0.982,0.769,0.948,-0.837,-0.993,-0.737,0.431,-0.749,-0.975,-0.933,-0.969,-0.96,0.966,0.862,0.899,0.953,0.977,0.895,0.989,0.971,0.884,-0.924,0.989,-0.901,0.939,0.908,-0.922,0.013,0.969,-0.99,-0.858,-0.811,-0.982,0.891,0.934,-0.941,0.963,-0.975,-0.983,0.794,-0.915,0.821,-0.992,-0.966,0.807,0.965,-0.854,0.989,-0.995,-0.712,-0.651,-0.985,-0.986,-0.704,0.892,-0.976,0.973,0.949,-0.978,0.986,0.899,-0.958,-0.302,0.995,-0.994,0.923,-0.971,0.98,-0.975,-0.975,-0.957,0.995,0.983,0.775,-0.997,0.997,0.463,-0.57,-0.995,0.929,-0.988,0.98,-0.996,-0.987,6.666,5.389,10.574,10.559,10.449,10.493,10.46,10.529,6.27,5.535,10.576,10.607,6.517,6.423,10.573,10.606,EssenceCatalog/problems/csplib-prob010-SocialGolfers/params/79999e8302454d3ad462070a4cd6c170.param
0.999,0.969,-0.906,0.989,0.981,-0.995,-0.986,-0.988,-0.985,-0.973,0.986,0.992,0.954,-0.971,-0.979,0.984,-0.981,0.97,0.992,-0.99,-0.998,0.989,0.988,-0.965,-0.993,0.977,-0.987,-0.997,0.996,-0.967,0.981,0.993,0.994,0.946,0.996,0.993,0.989,-0.983,0.985,-0.98,0.93,0.976,-0.903,0.994,0.894,-0.998,-0.99,-0.982,-0.98,-0.991,0.958,-0.988,0.988,-0.995,-0.784,0.98,-0.948,0.989,-0.998,-0.949,0.982,0.996,0.944,0.995,-0.999,-0.981,-0.984,-0.996,-0.993,-0.988,0.988,-0.995,0.96,0.986,-0.995,0.995,0.498,-0.949,-0.974,0.997,-0.999,0.964,-0.991,0.984,-0.997,-0.994,-0.989,0.999,0.999,0.987,-1.0,0.998,0.991,-0.99,-0.997,0.986,-0.996,0.991,-0.997,-0.994,9.839,5.81,10.428,10.361,10.473,10.38,10.516,10.461,7.649,6.139,10.409,10.302,8.086,7.899,10.409,10.4,EssenceCatalog/problems/csplib-prob010-SocialGolfers/params/7bee49853f214a0d2f6525c7b31dce64.param
0.992,0.783,-0.928,-0.823,0.938,-0.994,-0.833,-0.715,-0.984,-0.857,0.496,0.982,0.916,-0.912,-0.868,0.767,-0.984,0.899,0.944,-0.856,-0.993,-0.573,0.289,-0.901,-0.977,-0.883,-0.973,-0.961,0.964,0.754,0.906,0.968,0.98,0.929,0.988,0.97,0.874,-0.917,0.989,-0.892,0.913,0.946,-0.972,0.262,0.962,-0.991,-0.895,-0.84,-0.984,0.796,0.952,-0.948,0.96,-0.978,-0.985,0.865,-0.944,0.834,-0.992,-0.965,0.811,0.964,-0.849,0.988,-0.995,-0.753,-0.702,-0.989,-0.989,-0.773,0.902,-0.979,0.969,0.957,-0.983,0.989,0.904,-0.954,-0.363,0.996,-0.995,0.942,-0.97,0.978,-0.977,-0.982,-0.956,0.995,0.982,0.841,-0.997,0.997,0.449,-0.424,-0.996,0.95,-0.99,0.981,-0.996,-0.987,7.041,5.514,10.615,10.575,10.474,10.532,10.507,10.56,6.462,5.691,10.61,10.626,6.718,6.691,10.605,10.638,EssenceCatalog/problems/csplib-prob010-SocialGolfers/params/1609eb27705efa3c3661dc00958f43cb.param
0.99,0.846,-0.804,-0.975,0.836,-0.996,-0.854,-0.737,-0.979,-0.788,0.638,0.968,-0.617,-0.868,-0.042,0.742,-0.981,0.083,0.967,-0.851,-0.995,-0.945,0.614,0.344,-0.979,-0.979,-0.971,-0.962,0.972,0.969,0.89,0.914,0.978,0.77,0.992,0.979,0.932,-0.91,0.988,-0.901,0.96,0.101,-0.3,-0.482,0.978,-0.99,-0.796,-0.757,-0.975,0.966,0.951,-0.947,0.957,-0.972,-0.987,0.486,-0.862,0.812,-0.994,-0.985,0.874,0.973,-0.95,0.994,-0.995,-0.66,-0.594,-0.98,-0.985,-0.683,0.868,-0.974,0.966,0.909,-0.968,0.984,0.947,-0.977,-0.676,0.995,-0.994,0.854,-0.979,0.987,-0.978,-0.955,-0.964,0.995,0.984,0.722,-0.998,0.997,0.476,-0.848,-0.995,0.853,-0.981,0.99,-0.994,-0.992,5.463,4.673,10.548,10.554,10.531,10.538,10.514,10.518,5.434,4.782,10.538,10.549,5.752,5.415,10.571,10.545,EssenceCatalog/problems/csplib-prob010-SocialGolfers/params/84aaeefff33158e02dbafacae4c35c6a.param
0.994,0.906,-0.491,-0.717,0.13,-0.999,0.135,-0.322,0.865,-0.495,0.888,0.986,-0.932,0.896,-0.909,0.963,-0.992,0.815,0.982,-0.78,-0.993,-0.882,0.867,-0.744,-0.991,-0.983,-0.985,-0.982,0.993,0.873,0.946,0.956,0.996,0.922,0.997,0.997,0.97,-0.898,-0.957,-0.865,0.971,-0.87,-0.82,0.868,0.973,-0.987,-0.36,0.91,0.89,0.85,0.992,-0.329,0.968,-0.948,-0.989,-0.776,-0.825,0.934,-0.997,-0.994,0.971,0.989,-0.934,0.999,-0.999,-0.898,-0.921,-0.998,-0.994,-0.976,0.968,-0.991,-0.85,-0.743,0.816,0.997,0.975,-0.994,-0.967,0.999,-0.997,0.875,-0.982,0.994,-0.995,-0.945,-0.981,0.997,0.995,0.903,-0.999,0.998,0.921,-0.944,-0.998,-0.691,-0.98,0.998,-0.996,-0.995,4.88,3.786,5.978,10.325,10.799,10.717,10.787,10.832,4.599,4.055,5.991,10.353,5.241,4.894,7.01,10.358,EssenceCatalog/problems/csplib-prob010-SocialGolfers/params/ab297fb213e1aa7f582b6c513a21962f.param
0.984,-0.801,-0.956,-0.093,-0.9,0.951,-0.966,-0.951,-0.304,-0.42,-0.628,0.924,0.339,0.929,-0.873,0.92,0.892,0.727,0.991,-0.945,-0.917,-0.777,0.823,-0.901,-0.864,-0.852,0.536,0.864,0.954,0.736,0.793,0.951,0.875,0.928,0.97,-0.926,0.93,-0.936,0.971,0.841,0.875,-0.952,-0.932,0.958,0.962,0.786,0.928,0.863,0.911,0.574,-0.952,0.956,0.963,-0.901,0.929,-0.857,-0.531,0.978,-0.983,0.926,-0.751,0.982,-0.85,-0.94,0.943,-0.919,0.902,0.979,-0.958,0.363,0.967,-0.986,0.921,-0.319,-0.793,-0.974,0.787,0.966,-0.947,-0.994,-0.99,-0.942,-0.833,-0.327,0.915,0.94,-0.958,0.975,0.978,0.115,0.95,-0.884,0.931,-0.927,-0.532,0.758,-0.958,-0.943,-0.898,0.862,2.241,1.706,2.23,4.582,3.125,2.362,3.32,7.281,2.26,1.674,2.133,4.607,2.648,2.173,2.296,4.516,EssenceCatalog/problems/csplib-prob010-SocialGolfers/params/c2a1db452f1bd4e8368414e287777afe.param
0.991,0.773,-0.905,-0.91,0.913,-0.994,-0.824,-0.699,-0.982,-0.828,0.484,0.977,0.707,-0.892,-0.726,0.729,-0.982,0.783,0.95,-0.848,-0.993,-0.801,0.333,-0.732,-0.975,-0.939,-0.969,-0.953,0.964,0.885,0.888,0.955,0.978,0.895,0.989,0.969,0.89,-0.91,0.989,-0.873,0.93,0.853,-0.925,-0.035,0.97,-0.99,-0.855,-0.792,-0.982,0.894,0.948,-0.942,0.956,-0.975,-0.985,0.786,-0.922,0.813,-0.992,-0.971,0.814,0.963,-0.905,0.989,-0.995,-0.704,-0.619,-0.985,-0.987,-0.734,0.886,-0.977,0.968,0.943,-0.978,0.985,0.922,-0.957,-0.435,0.995,-0.994,0.916,-0.972,0.98,-0.973,-0.972,-0.955,0.995,0.982,0.79,-0.997,0.997,0.392,-0.528,-0.995,0.928,-0.988,0.983,-0.996,-0.987,6.592,5.361,10.565,10.557,10.448,10.5,10.46,10.539,6.214,5.507,10.567,10.611,6.466,6.401,10.574,10.6,EssenceCatalog/problems/csplib-prob010-SocialGolfers/params/97a1d70fa36ef5f0b8be776361c40639.param
0.99,0.78,-0.851,-0.918,0.891,-0.993,-0.836,-0.715,-0.98,-0.79,0.534,0.971,0.293,-0.886,-0.537,0.722,-0.978,0.604,0.954,-0.849,-0.993,-0.84,0.458,-0.435,-0.972,-0.947,-0.965,-0.954,0.964,0.908,0.879,0.937,0.975,0.832,0.989,0.969,0.901,-0.904,0.989,-0.864,0.931,0.708,-0.79,-0.021,0.969,-0.989,-0.849,-0.809,-0.98,0.898,0.934,-0.943,0.951,-0.973,-0.981,0.722,-0.88,0.804,-0.992,-0.97,0.82,0.965,-0.904,0.989,-0.994,-0.68,-0.603,-0.982,-0.983,-0.703,0.868,-0.973,0.967,0.938,-0.975,0.981,0.916,-0.958,-0.524,0.995,-0.994,0.884,-0.972,0.981,-0.973,-0.965,-0.952,0.994,0.982,0.757,-0.997,0.997,0.448,-0.681,-0.995,0.913,-0.985,0.983,-0.994,-0.987,6.315,5.173,10.549,10.545,10.456,10.495,10.458,10.524,6.013,5.303,10.551,10.579,6.283,6.141,10.557,10.57,EssenceCatalog/problems/csplib-prob010-SocialGolfers/params/16639f28f32c3fc0cc66ebf7af31510c.param
0.988,0.864,-0.436,-0.56,0.811,-0.994,-0.896,-0.852,-0.974,-0.727,0.847,0.956,-0.833,-0.893,-0.056,0.864,-0.97,-0.159,0.97,-0.904,-0.993,-0.542,0.88,0.44,-0.974,-0.849,-0.973,-0.978,0.973,0.815,0.908,0.919,0.981,0.528,0.99,0.971,0.943,-0.895,0.987,-0.884,0.906,-0.106,0.592,0.692,0.949,-0.989,-0.91,-0.93,-0.976,0.428,0.882,-0.961,0.935,-0.97,-0.955,0.614,-0.6,0.889,-0.993,-0.964,0.893,0.983,-0.71,0.992,-0.996,-0.75,-0.769,-0.984,-0.974,-0.785,0.861,-0.971,0.949,0.934,-0.972,0.97,0.885,-0.965,-0.901,0.994,-0.993,0.728,-0.974,0.983,-0.984,-0.965,-0.956,0.994,0.989,0.784,-0.997,0.997,0.838,-0.955,-0.993,0.846,-0.972,0.986,-0.99,-0.986,6.012,4.552,10.531,10.447,10.496,10.478,10.479,10.401,5.567,4.66,10.499,10.368,5.94,5.512,10.499,10.418,EssenceCatalog/problems/csplib-prob010-SocialGolfers/params/d45aa0a9d393141f701d4aecdf753699.param
0.989,0.888,-0.614,-0.949,0.783,-0.996,-0.874,-0.774,-0.976,-0.723,0.839,0.949,-0.944,-0.877,0.501,0.801,-0.98,-0.471,0.975,-0.879,-0.994,-0.939,0.808,0.825,-0.98,-0.971,-0.975,-0.971,0.969,0.968,0.89,0.888,0.98,0.531,0.992,0.983,0.951,-0.876,0.987,-0.906,0.947,-0.731,0.676,-0.355,0.97,-0.99,-0.85,-0.859,-0.975,0.931,0.957,-0.967,0.929,-0.969,-0.985,0.332,-0.749,0.841,-0.995,-0.987,0.92,0.98,-0.952,0.996,-0.996,-0.649,-0.664,-0.983,-0.981,-0.74,0.833,-0.972,0.953,0.895,-0.968,0.981,0.951,-0.982,-0.901,0.996,-0.993,0.772,-0.979,0.989,-0.981,-0.961,-0.963,0.994,0.985,0.737,-0.998,0.998,0.618,-0.946,-0.994,0.794,-0.967,0.994,-0.992,-0.992,5.05,4.232,10.516,10.453,10.557,10.537,10.538,10.446,5.023,4.336,10.487,10.421,5.397,4.907,10.519,10.435,EssenceCatalog/problems/csplib-prob010-SocialGolfers/params/2f9c83876fdfc842a355b11a69577fd0.param
0.999,0.92,-0.977,0.958,0.989,-0.995,-0.963,-0.945,-0.982,-0.928,0.979,0.99,0.992,-0.931,-0.98,0.966,-0.988,0.994,0.983,-0.984,-0.996,0.931,0.783,-0.991,-0.986,0.828,-0.976,-0.99,0.99,-0.881,0.966,0.995,0.994,0.968,0.995,0.987,0.966,-0.915,0.986,-0.891,0.678,0.948,-0.993,0.988,0.859,-0.996,-0.987,-0.964,-0.988,-0.946,0.987,-0.983,0.971,-0.994,-0.933,0.978,-0.975,0.974,-0.998,-0.959,0.934,0.992,-0.327,0.991,-0.999,-0.971,-0.953,-0.996,-0.995,-0.977,0.972,-0.996,0.885,0.975,-0.992,0.995,0.926,-0.94,-0.968,0.999,-0.999,0.965,-0.987,0.977,-0.994,-0.994,-0.984,0.998,0.996,0.989,-0.999,0.998,0.929,-0.881,-0.997,0.99,-0.995,0.992,-0.998,-0.99,9.609,5.778,10.475,10.437,10.528,10.501,10.564,10.565,7.512,6.129,10.494,10.385,7.946,7.903,10.465,10.462,EssenceCatalog/problems/csplib-prob010-SocialGolfers/params/f175cc1ff3a3c17b5c99cfd5c737e16d.param
0.989,0.864,-0.687,-0.968,0.795,-0.996,-0.878,-0.784,-0.979,-0.76,0.692,0.963,-0.825,-0.882,0.178,0.766,-0.978,-0.267,0.97,-0.858,-0.994,-0.924,0.766,0.613,-0.978,-0.975,-0.972,-0.968,0.972,0.963,0.898,0.901,0.979,0.675,0.992,0.979,0.937,-0.911,0.989,-0.917,0.961,-0.148,0.234,-0.378,0.974,-0.99,-0.814,-0.824,-0.976,0.951,0.936,-0.954,0.958,-0.97,-0.982,0.427,-0.794,0.836,-0.994,-0.983,0.884,0.978,-0.927,0.994,-0.995,-0.664,-0.64,-0.98,-0.981,-0.648,0.862,-0.972,0.967,0.913,-0.967,0.981,0.935,-0.977,-0.754,0.995,-0.993,0.821,-0.979,0.988,-0.98,-0.957,-0.963,0.994,0.986,0.698,-0.998,0.998,0.61,-0.916,-0.994,0.828,-0.975,0.99,-0.993,-0.992,5.279,4.465,10.55,10.512,10.549,10.535,10.523,10.475,5.26,4.568,10.532,10.479,5.603,5.152,10.549,10.493,EssenceCatalog/problems/csplib-prob010-SocialGolfers/params/64f5ff113e3aec666513241d823c93a7.param
0.991,0.796,-0.886,-0.951,0.888,-0.994,-0.816,-0.682,-0.979,-0.807,0.539,0.974,0.251,-0.869,-0.515,0.719,-0.982,0.624,0.956,-0.846,-0.994,-0.902,0.374,-0.435,-0.976,-0.966,-0.968,-0.953,0.966,0.94,0.882,0.941,0.978,0.855,0.99,0.973,0.907,-0.902,0.987,-0.866,0.942,0.637,-0.828,-0.263,0.975,-0.99,-0.823,-0.747,-0.978,0.943,0.955,-0.939,0.953,-0.974,-0.987,0.686,-0.906,0.8,-0.993,-0.979,0.837,0.965,-0.942,0.991,-0.995,-0.676,-0.587,-0.983,-0.987,-0.722,0.876,-0.976,0.964,0.925,-0.972,0.985,0.941,-0.966,-0.549,0.995,-0.994,0.895,-0.975,0.984,-0.974,-0.963,-0.957,0.995,0.982,0.759,-0.997,0.997,0.357,-0.638,-0.995,0.901,-0.986,0.987,-0.995,-0.989,6.167,5.144,10.535,10.555,10.465,10.508,10.464,10.534,5.93,5.272,10.537,10.598,6.201,6.074,10.56,10.579,EssenceCatalog/problems/csplib-prob010-SocialGolfers/params/862ec093a4c4a57c099efbb09cddf1c8.param
0.99,0.827,-0.833,-0.967,0.856,-0.995,-0.839,-0.71,-0.979,-0.799,0.56,0.972,-0.225,-0.875,-0.303,0.723,-0.981,0.358,0.96,-0.842,-0.994,-0.917,0.534,-0.063,-0.977,-0.973,-0.969,-0.96,0.969,0.954,0.889,0.925,0.978,0.808,0.991,0.977,0.914,-0.911,0.987,-0.896,0.955,0.497,-0.617,-0.361,0.976,-0.99,-0.81,-0.76,-0.977,0.956,0.947,-0.941,0.958,-0.972,-0.986,0.602,-0.878,0.807,-0.993,-0.981,0.854,0.968,-0.934,0.993,-0.995,-0.668,-0.613,-0.982,-0.985,-0.679,0.871,-0.973,0.967,0.92,-0.969,0.985,0.937,-0.973,-0.564,0.995,-0.994,0.877,-0.976,0.986,-0.977,-0.961,-0.96,0.994,0.983,0.72,-0.998,0.997,0.446,-0.774,-0.995,0.876,-0.983,0.988,-0.995,-0.991,5.84,4.933,10.551,10.568,10.507,10.527,10.489,10.526,5.708,5.046,10.552,10.582,5.999,5.756,10.567,10.573,EssenceCatalog/problems/csplib-prob010-SocialGolfers/params/cfc4e5a326c75518693a5e502ca57e0c.param
0.991,0.844,-0.818,-0.973,0.838,-0.996,-0.836,-0.73,-0.976,-0.77,0.686,0.966,-0.684,-0.843,0.007,0.757,-0.983,0.091,0.971,-0.859,-0.995,-0.96,0.597,0.435,-0.979,-0.981,-0.971,-0.958,0.972,0.974,0.884,0.916,0.98,0.778,0.992,0.98,0.939,-0.902,0.986,-0.886,0.957,-0.201,-0.277,-0.529,0.978,-0.99,-0.793,-0.734,-0.972,0.968,0.962,-0.95,0.949,-0.973,-0.989,0.442,-0.87,0.808,-0.995,-0.987,0.887,0.975,-0.966,0.995,-0.995,-0.65,-0.555,-0.981,-0.986,-0.714,0.869,-0.977,0.959,0.899,-0.966,0.984,0.956,-0.976,-0.757,0.996,-0.995,0.849,-0.98,0.988,-0.976,-0.956,-0.964,0.995,0.984,0.751,-0.998,0.997,0.439,-0.848,-0.995,0.848,-0.981,0.992,-0.995,-0.992,5.347,4.601,10.523,10.552,10.533,10.543,10.522,10.533,5.339,4.707,10.505,10.553,5.669,5.344,10.564,10.537,EssenceCatalog/problems/csplib-prob010-SocialGolfers/params/42905ca8b11ff4f42a35910757d4a209.param
0.96,0.903,-0.733,-0.842,0.858,-0.987,-0.985,-0.596,-0.979,-0.879,0.899,0.883,-0.897,-0.979,0.965,-0.051,-0.614,-0.717,0.958,-0.914,-0.984,0.544,0.836,0.923,-0.98,-0.816,-0.835,-0.987,0.966,-0.352,0.894,0.753,0.941,-0.869,0.983,0.983,0.954,-0.808,0.987,-0.775,0.918,-0.095,0.984,-0.071,0.904,-0.977,-0.958,-0.966,-0.99,0.595,0.699,-0.957,0.942,-0.976,0.28,0.847,-0.548,0.942,-0.988,-0.922,0.955,0.949,-0.556,0.96,-0.994,-0.83,-0.867,-0.96,-0.882,-0.289,0.268,-0.94,0.97,0.962,-0.974,0.954,0.867,-0.961,-0.925,0.965,-0.989,0.725,-0.973,0.986,-0.985,-0.898,-0.956,0.986,0.983,0.707,-0.999,0.997,0.29,-0.964,-0.99,0.919,-0.942,0.982,-0.956,-0.979,5.352,3.85,9.815,9.109,9.569,9.491,9.535,9.191,4.894,4.076,9.781,8.993,5.261,4.63,9.713,9.12,EssenceCatalog/problems/csplib-prob010-SocialGolfers/params/6951d91d7b6d4eb2a5eb009e4f9bbceb.param
0.991,0.849,-0.794,-0.976,0.825,-0.996,-0.857,-0.75,-0.979,-0.782,0.664,0.966,-0.712,-0.861,0.041,0.756,-0.981,-0.006,0.971,-0.857,-0.995,-0.953,0.645,0.464,-0.979,-0.981,-0.971,-0.961,0.972,0.974,0.891,0.912,0.979,0.763,0.992,0.979,0.938,-0.91,0.988,-0.901,0.961,-0.097,-0.171,-0.516,0.979,-0.99,-0.788,-0.756,-0.974,0.968,0.953,-0.948,0.955,-0.972,-0.987,0.441,-0.859,0.817,-0.994,-0.986,0.88,0.976,-0.956,0.994,-0.995,-0.654,-0.574,-0.98,-0.985,-0.689,0.87,-0.975,0.965,0.904,-0.968,0.983,0.95,-0.977,-0.725,0.995,-0.994,0.843,-0.98,0.988,-0.977,-0.954,-0.965,0.995,0.985,0.726,-0.998,0.997,0.493,-0.87,-0.995,0.847,-0.98,0.991,-0.994,-0.992,5.346,4.588,10.541,10.55,10.541,10.543,10.524,10.521,5.341,4.692,10.525,10.541,5.67,5.307,10.566,10.535,EssenceCatalog/problems/csplib-prob010-SocialGolfers/params/6fddcbc7c1682f42af71793dd88946ca.param
0.99,0.795,-0.855,-0.946,0.884,-0.994,-0.846,-0.721,-0.981,-0.81,0.471,0.974,0.308,-0.892,-0.549,0.719,-0.98,0.579,0.954,-0.839,-0.993,-0.855,0.485,-0.43,-0.975,-0.957,-0.967,-0.958,0.967,0.924,0.889,0.937,0.976,0.849,0.989,0.972,0.901,-0.918,0.99,-0.894,0.946,0.765,-0.804,-0.176,0.973,-0.989,-0.831,-0.791,-0.98,0.929,0.934,-0.942,0.959,-0.973,-0.983,0.707,-0.891,0.806,-0.992,-0.972,0.825,0.966,-0.901,0.99,-0.994,-0.681,-0.609,-0.982,-0.985,-0.678,0.875,-0.973,0.972,0.938,-0.976,0.983,0.917,-0.964,-0.431,0.994,-0.994,0.896,-0.973,0.982,-0.974,-0.967,-0.957,0.994,0.983,0.739,-0.997,0.997,0.448,-0.688,-0.995,0.91,-0.985,0.983,-0.995,-0.988,6.263,5.182,10.561,10.558,10.464,10.499,10.462,10.524,6.004,5.308,10.565,10.593,6.269,6.105,10.566,10.585,EssenceCatalog/problems/csplib-prob010-SocialGolfers/params/f0d9922cdff8fb0560d4faae2683d7e1.param
0.995,0.843,-0.736,-0.951,-0.506,-0.998,0.631,-0.401,0.935,-0.495,0.608,0.987,-0.945,0.975,-0.976,0.975,-0.99,0.824,0.979,-0.212,-0.991,-0.969,0.776,-0.888,-0.992,-0.996,-0.984,-0.954,0.995,0.971,0.947,0.971,0.996,0.985,0.997,0.996,0.972,-0.948,-0.985,-0.795,0.986,-0.813,-0.96,0.71,0.982,-0.972,0.719,0.982,0.974,0.978,0.989,0.615,0.978,-0.928,-0.995,-0.921,-0.915,0.939,-0.997,-0.994,0.946,0.986,-0.969,0.999,-0.994,-0.802,-0.85,-0.995,-0.997,-0.966,0.983,-0.993,-0.907,-0.946,0.957,0.997,0.984,-0.994,-0.918,0.996,-0.996,0.845,-0.981,0.988,-0.991,-0.677,-0.984,0.997,0.995,0.864,-0.998,0.996,0.933,-0.9,-0.997,-0.944,-0.985,0.995,-0.997,-0.994,4.237,3.505,5.022,10.123,10.572,10.448,10.589,10.733,4.243,3.747,5.072,10.126,4.807,4.386,6.126,10.166,EssenceCatalog/problems/csplib-prob010-SocialGolfers/params/ffaa22528a317ed51be0c648dd99ad7e.param
0.993,0.785,-0.94,-0.785,0.944,-0.994,-0.846,-0.73,-0.984,-0.873,0.5,0.984,0.948,-0.914,-0.901,0.777,-0.985,0.926,0.947,-0.866,-0.993,-0.462,0.292,-0.932,-0.978,-0.86,-0.973,-0.964,0.966,0.681,0.912,0.973,0.982,0.941,0.989,0.97,0.875,-0.925,0.989,-0.896,0.91,0.962,-0.98,0.339,0.961,-0.992,-0.907,-0.844,-0.984,0.757,0.952,-0.948,0.965,-0.98,-0.984,0.884,-0.953,0.851,-0.992,-0.962,0.813,0.967,-0.823,0.986,-0.996,-0.778,-0.719,-0.99,-0.99,-0.79,0.913,-0.982,0.97,0.961,-0.984,0.989,0.898,-0.949,-0.359,0.996,-0.995,0.949,-0.971,0.978,-0.978,-0.984,-0.958,0.995,0.984,0.862,-0.998,0.997,0.483,-0.39,-0.996,0.957,-0.991,0.98,-0.997,-0.986,7.195,5.552,10.632,10.585,10.494,10.547,10.531,10.574,6.542,5.744,10.625,10.633,6.802,6.78,10.617,10.652,EssenceCatalog/problems/csplib-prob010-SocialGolfers/params/6d132648dc4cd6bbaa8982ce782b6520.param
0.998,0.903,-0.97,0.908,0.987,-0.994,-0.945,-0.913,-0.981,-0.906,0.971,0.988,0.984,-0.924,-0.965,0.954,-0.987,0.99,0.978,-0.979,-0.995,0.827,0.674,-0.985,-0.984,0.616,-0.974,-0.987,0.986,-0.739,0.955,0.993,0.994,0.956,0.995,0.984,0.957,-0.892,0.986,-0.852,0.66,0.916,-0.99,0.98,0.878,-0.996,-0.983,-0.962,-0.989,-0.887,0.985,-0.981,0.959,-0.992,-0.955,0.971,-0.966,0.96,-0.998,-0.964,0.925,0.99,-0.611,0.991,-0.998,-0.955,-0.936,-0.996,-0.994,-0.969,0.959,-0.995,0.882,0.97,-0.991,0.994,0.939,-0.948,-0.96,0.999,-0.998,0.956,-0.985,0.976,-0.993,-0.992,-0.978,0.998,0.994,0.983,-0.999,0.998,0.884,-0.843,-0.997,0.986,-0.995,0.993,-0.998,-0.989,9.419,5.74,10.473,10.43,10.512,10.502,10.545,10.56,7.412,6.09,10.495,10.386,7.841,7.83,10.463,10.452,EssenceCatalog/problems/csplib-prob010-SocialGolfers/params/0ee4e7b5edbd511ad4c14a026ebfa60d.param
0.992,0.78,-0.9,-0.62,0.937,-0.991,-0.801,-0.594,-0.971,-0.752,0.837,0.964,0.393,-0.847,-0.496,0.764,-0.975,0.836,0.955,-0.907,-0.992,-0.77,0.143,-0.633,-0.97,-0.885,-0.96,-0.942,0.952,0.781,0.861,0.95,0.981,0.78,0.988,0.962,0.908,-0.785,0.984,-0.626,0.812,0.215,-0.839,0.601,0.957,-0.991,-0.9,-0.863,-0.98,0.627,0.962,-0.951,0.898,-0.976,-0.976,0.809,-0.885,0.81,-0.994,-0.973,0.85,0.961,-0.949,0.987,-0.994,-0.744,-0.666,-0.984,-0.984,-0.82,0.835,-0.977,0.912,0.922,-0.977,0.977,0.95,-0.956,-0.859,0.997,-0.994,0.842,-0.97,0.978,-0.975,-0.961,-0.941,0.995,0.975,0.863,-0.996,0.997,0.411,-0.656,-0.995,0.938,-0.985,0.989,-0.993,-0.982,6.681,5.178,10.457,10.471,10.422,10.501,10.443,10.538,6.105,5.34,10.456,10.519,6.418,6.443,10.514,10.499,EssenceCatalog/problems/csplib-prob010-SocialGolfers/params/fd9943069c57685ea5a7f66bec160b26.param
0.992,0.776,-0.919,-0.824,0.933,-0.993,-0.872,-0.788,-0.987,-0.872,0.392,0.983,0.929,-0.927,-0.891,0.774,-0.984,0.88,0.951,-0.856,-0.993,-0.488,0.462,-0.897,-0.977,-0.863,-0.973,-0.964,0.968,0.725,0.913,0.97,0.979,0.937,0.989,0.967,0.879,-0.94,0.992,-0.92,0.929,0.966,-0.971,0.258,0.965,-0.991,-0.892,-0.862,-0.986,0.778,0.928,-0.953,0.969,-0.979,-0.982,0.869,-0.942,0.847,-0.992,-0.953,0.794,0.97,-0.75,0.986,-0.995,-0.755,-0.674,-0.987,-0.988,-0.739,0.914,-0.98,0.98,0.966,-0.987,0.987,0.861,-0.943,-0.244,0.994,-0.995,0.945,-0.97,0.977,-0.974,-0.984,-0.96,0.995,0.985,0.835,-0.997,0.997,0.555,-0.505,-0.996,0.957,-0.991,0.975,-0.997,-0.986,7.119,5.541,10.637,10.584,10.478,10.521,10.514,10.563,6.522,5.716,10.63,10.634,6.773,6.7,10.612,10.653,EssenceCatalog/problems/csplib-prob010-SocialGolfers/params/12370fcc56656fb5f7c5c2cee67c2f4c.param
0.988,0.896,-0.499,-0.933,0.717,-0.996,-0.888,-0.817,-0.974,-0.725,0.844,0.952,-0.963,-0.873,0.477,0.837,-0.977,-0.598,0.978,-0.88,-0.994,-0.903,0.882,0.838,-0.981,-0.966,-0.977,-0.976,0.974,0.959,0.911,0.891,0.982,0.503,0.993,0.982,0.954,-0.896,0.985,-0.92,0.953,-0.717,0.794,-0.164,0.969,-0.99,-0.842,-0.87,-0.971,0.908,0.941,-0.962,0.943,-0.968,-0.981,0.255,-0.69,0.87,-0.995,-0.985,0.92,0.984,-0.919,0.996,-0.996,-0.676,-0.712,-0.983,-0.98,-0.74,0.855,-0.972,0.952,0.889,-0.963,0.98,0.942,-0.982,-0.911,0.995,-0.993,0.733,-0.98,0.989,-0.985,-0.959,-0.966,0.994,0.989,0.732,-0.998,0.998,0.744,-0.965,-0.994,0.738,-0.967,0.993,-0.992,-0.992,5.091,4.205,10.502,10.464,10.568,10.54,10.547,10.447,5.032,4.31,10.473,10.414,5.408,4.884,10.499,10.44,EssenceCatalog/problems/csplib-prob010-SocialGolfers/params/33a4507e1fd88c2d9dd41cc0e6b7c2fb.param
0.989,0.917,-0.526,-0.955,0.669,-0.997,-0.905,-0.814,-0.971,-0.735,0.877,0.95,-0.984,-0.871,0.703,0.84,-0.977,-0.731,0.983,-0.887,-0.995,-0.929,0.906,0.92,-0.984,-0.976,-0.976,-0.98,0.977,0.968,0.922,0.883,0.985,0.427,0.994,0.987,0.966,-0.899,0.982,-0.929,0.963,-0.874,0.904,-0.44,0.974,-0.99,-0.831,-0.856,-0.966,0.942,0.951,-0.961,0.948,-0.971,-0.981,0.07,-0.703,0.889,-0.996,-0.989,0.943,0.987,-0.944,0.997,-0.996,-0.695,-0.739,-0.984,-0.983,-0.753,0.851,-0.975,0.948,0.864,-0.959,0.982,0.957,-0.986,-0.942,0.995,-0.994,0.72,-0.984,0.992,-0.986,-0.955,-0.972,0.995,0.99,0.757,-0.999,0.998,0.732,-0.977,-0.995,0.679,-0.966,0.995,-0.992,-0.994,4.911,4.097,10.48,10.442,10.588,10.543,10.56,10.442,4.901,4.208,10.448,10.396,5.279,4.727,10.483,10.428,EssenceCatalog/problems/csplib-prob010-SocialGolfers/params/58e27c601d06991658ae9d5b543c58b5.param
0.991,0.831,-0.851,-0.97,0.859,-0.995,-0.824,-0.695,-0.978,-0.795,0.609,0.97,-0.318,-0.862,-0.248,0.729,-0.983,0.357,0.962,-0.846,-0.994,-0.94,0.49,0.007,-0.978,-0.977,-0.97,-0.958,0.969,0.963,0.884,0.926,0.978,0.812,0.991,0.978,0.921,-0.902,0.986,-0.885,0.954,0.324,-0.61,-0.439,0.978,-0.99,-0.802,-0.735,-0.976,0.963,0.959,-0.943,0.954,-0.972,-0.988,0.571,-0.887,0.8,-0.994,-0.985,0.864,0.969,-0.954,0.994,-0.995,-0.659,-0.592,-0.982,-0.986,-0.707,0.871,-0.975,0.962,0.91,-0.968,0.986,0.949,-0.975,-0.629,0.996,-0.994,0.875,-0.977,0.986,-0.977,-0.959,-0.961,0.995,0.982,0.735,-0.998,0.997,0.393,-0.761,-0.995,0.868,-0.983,0.99,-0.995,-0.992,5.724,4.872,10.533,10.564,10.508,10.53,10.494,10.53,5.623,4.985,10.531,10.581,5.923,5.686,10.564,10.566,EssenceCatalog/problems/csplib-prob010-SocialGolfers/params/32fb16593aaefb17e873531955a6d52f.param
0.986,0.869,-0.555,-0.891,0.812,-0.995,-0.93,-0.831,-0.984,-0.798,0.731,0.964,-0.807,-0.935,0.118,0.761,-0.966,-0.37,0.971,-0.874,-0.994,-0.597,0.875,0.545,-0.978,-0.924,-0.971,-0.981,0.977,0.841,0.919,0.907,0.977,0.492,0.991,0.978,0.936,-0.926,0.992,-0.928,0.952,0.353,0.562,0.192,0.961,-0.99,-0.891,-0.921,-0.984,0.797,0.846,-0.96,0.963,-0.973,-0.949,0.622,-0.699,0.891,-0.993,-0.967,0.891,0.979,-0.698,0.993,-0.996,-0.73,-0.763,-0.983,-0.97,-0.634,0.841,-0.971,0.975,0.945,-0.977,0.978,0.877,-0.972,-0.779,0.993,-0.993,0.816,-0.977,0.987,-0.986,-0.964,-0.964,0.994,0.99,0.721,-0.998,0.998,0.77,-0.949,-0.994,0.866,-0.975,0.985,-0.991,-0.99,5.737,4.552,10.63,10.469,10.557,10.517,10.513,10.401,5.502,4.664,10.61,10.391,5.848,5.332,10.563,10.462,EssenceCatalog/problems/csplib-prob010-SocialGolfers/params/c1b4bd3ce31600d67146095a85a91303.param
0.99,0.811,-0.831,-0.96,0.863,-0.995,-0.85,-0.726,-0.98,-0.796,0.511,0.973,-0.044,-0.884,-0.394,0.723,-0.98,0.417,0.959,-0.843,-0.994,-0.893,0.551,-0.167,-0.976,-0.967,-0.967,-0.959,0.969,0.943,0.889,0.928,0.977,0.821,0.99,0.974,0.912,-0.918,0.989,-0.898,0.953,0.625,-0.676,-0.277,0.975,-0.989,-0.815,-0.777,-0.978,0.947,0.937,-0.941,0.961,-0.973,-0.984,0.634,-0.875,0.808,-0.993,-0.977,0.839,0.969,-0.916,0.992,-0.995,-0.674,-0.603,-0.981,-0.984,-0.665,0.873,-0.973,0.971,0.928,-0.971,0.983,0.926,-0.969,-0.504,0.995,-0.994,0.882,-0.975,0.984,-0.976,-0.963,-0.959,0.994,0.984,0.722,-0.998,0.997,0.461,-0.761,-0.995,0.89,-0.983,0.986,-0.995,-0.99,5.989,5.02,10.557,10.566,10.49,10.513,10.477,10.524,5.815,5.135,10.559,10.584,6.096,5.87,10.566,10.577,EssenceCatalog/problems/csplib-prob010-SocialGolfers/params/aef07c1f6477ef617e21a33f0ed34a4f.param
0.988,0.818,-0.685,-0.925,0.825,-0.994,-0.867,-0.788,-0.98,-0.748,0.612,0.964,-0.53,-0.888,-0.224,0.768,-0.975,0.056,0.964,-0.855,-0.993,-0.855,0.736,0.215,-0.972,-0.952,-0.968,-0.962,0.969,0.931,0.891,0.916,0.975,0.738,0.99,0.969,0.918,-0.914,0.991,-0.902,0.943,0.352,-0.197,-0.004,0.969,-0.988,-0.836,-0.852,-0.978,0.892,0.904,-0.95,0.955,-0.968,-0.977,0.58,-0.785,0.829,-0.992,-0.97,0.838,0.974,-0.871,0.991,-0.994,-0.67,-0.61,-0.979,-0.978,-0.658,0.865,-0.971,0.969,0.931,-0.973,0.975,0.898,-0.962,-0.663,0.993,-0.993,0.822,-0.973,0.983,-0.975,-0.962,-0.955,0.994,0.985,0.698,-0.997,0.997,0.638,-0.875,-0.993,0.874,-0.978,0.984,-0.993,-0.988,5.764,4.763,10.553,10.54,10.501,10.505,10.485,10.491,5.605,4.866,10.548,10.518,5.914,5.566,10.543,10.531,EssenceCatalog/problems/csplib-prob010-SocialGolfers/params/3d4fa65e32fb6bbbfdff832fa63c942f.param
0.999,0.941,-0.976,0.978,0.99,-0.995,-0.974,-0.966,-0.984,-0.943,0.984,0.992,0.992,-0.948,-0.983,0.971,-0.988,0.993,0.985,-0.987,-0.997,0.969,0.883,-0.991,-0.988,0.92,-0.979,-0.993,0.993,-0.937,0.972,0.996,0.995,0.967,0.996,0.99,0.973,-0.935,0.989,-0.927,0.722,0.965,-0.991,0.992,0.846,-0.997,-0.991,-0.974,-0.989,-0.973,0.985,-0.987,0.977,-0.995,-0.904,0.984,-0.975,0.981,-0.998,-0.955,0.954,0.994,0.134,0.993,-0.999,-0.977,-0.967,-0.997,-0.995,-0.983,0.977,-0.996,0.908,0.982,-0.994,0.996,0.896,-0.944,-0.973,0.999,-0.999,0.97,-0.988,0.979,-0.996,-0.995,-0.987,0.999,0.997,0.991,-0.999,0.999,0.956,-0.923,-0.998,0.991,-0.996,0.993,-0.998,-0.991,9.74,5.808,10.481,10.435,10.533,10.484,10.572,10.556,7.586,6.152,10.487,10.379,8.026,7.939,10.469,10.463,EssenceCatalog/problems/csplib-prob010-SocialGolfers/params/5d83deb9dc581b0960d18ad2a77a62d0.param
0.987,0.808,-0.696,-0.907,0.847,-0.993,-0.867,-0.781,-0.981,-0.746,0.629,0.963,-0.434,-0.897,-0.254,0.761,-0.975,0.148,0.96,-0.86,-0.993,-0.829,0.697,0.123,-0.97,-0.942,-0.967,-0.959,0.965,0.92,0.883,0.917,0.974,0.731,0.988,0.966,0.912,-0.903,0.992,-0.889,0.931,0.398,-0.259,0.092,0.966,-0.988,-0.847,-0.869,-0.981,0.864,0.904,-0.953,0.948,-0.968,-0.976,0.629,-0.786,0.818,-0.992,-0.967,0.833,0.971,-0.867,0.99,-0.994,-0.664,-0.617,-0.979,-0.977,-0.666,0.853,-0.97,0.969,0.938,-0.976,0.973,0.894,-0.959,-0.662,0.993,-0.992,0.819,-0.971,0.981,-0.974,-0.962,-0.951,0.993,0.983,0.705,-0.997,0.997,0.623,-0.857,-0.993,0.89,-0.978,0.983,-0.992,-0.986,5.879,4.817,10.551,10.525,10.485,10.495,10.47,10.482,5.672,4.923,10.548,10.51,5.979,5.663,10.54,10.521,EssenceCatalog/problems/csplib-prob010-SocialGolfers/params/eabb88a1ee308fe1576f7590be0c8bbd.param
0.987,0.816,-0.621,-0.659,0.868,-0.992,-0.888,-0.844,-0.985,-0.783,0.639,0.968,-0.002,-0.932,-0.623,0.82,-0.973,0.358,0.956,-0.874,-0.993,-0.304,0.8,-0.37,-0.968,-0.787,-0.97,-0.973,0.971,0.724,0.91,0.938,0.975,0.784,0.988,0.964,0.903,-0.928,0.993,-0.915,0.916,0.829,-0.38,0.598,0.954,-0.99,-0.902,-0.925,-0.986,0.471,0.839,-0.957,0.955,-0.971,-0.965,0.762,-0.75,0.866,-0.991,-0.942,0.827,0.974,-0.476,0.988,-0.995,-0.732,-0.749,-0.983,-0.975,-0.708,0.88,-0.969,0.973,0.957,-0.982,0.975,0.783,-0.953,-0.584,0.994,-0.992,0.849,-0.967,0.978,-0.98,-0.973,-0.952,0.993,0.986,0.756,-0.997,0.997,0.788,-0.872,-0.993,0.912,-0.982,0.974,-0.991,-0.985,6.896,5.165,10.555,10.491,10.468,10.457,10.46,10.437,6.253,5.305,10.535,10.472,6.558,6.278,10.508,10.508,EssenceCatalog/problems/csplib-prob010-SocialGolfers/params/185c62f2ab16de29f1d2f580878469ce.param
0.991,0.851,-0.821,-0.979,0.828,-0.996,-0.845,-0.745,-0.977,-0.781,0.679,0.966,-0.724,-0.85,0.05,0.76,-0.983,0.01,0.972,-0.855,-0.995,-0.965,0.629,0.486,-0.98,-0.983,-0.972,-0.961,0.974,0.978,0.889,0.915,0.98,0.784,0.992,0.981,0.942,-0.91,0.987,-0.901,0.963,-0.199,-0.227,-0.606,0.98,-0.99,-0.785,-0.729,-0.973,0.974,0.961,-0.949,0.954,-0.973,-0.989,0.409,-0.873,0.818,-0.995,-0.988,0.89,0.976,-0.965,0.995,-0.995,-0.646,-0.557,-0.98,-0.986,-0.707,0.876,-0.977,0.963,0.9,-0.966,0.985,0.958,-0.978,-0.749,0.996,-0.995,0.853,-0.981,0.989,-0.977,-0.955,-0.967,0.995,0.985,0.745,-0.998,0.998,0.451,-0.857,-0.995,0.837,-0.981,0.992,-0.995,-0.993,5.297,4.575,10.534,10.56,10.548,10.552,10.533,10.536,5.31,4.68,10.516,10.557,5.641,5.291,10.571,10.543,EssenceCatalog/problems/csplib-prob010-SocialGolfers/params/e1d5c88bf6de8be0b6d537279c7c77b1.param
0.992,0.889,-0.795,-0.986,0.807,-0.997,-0.871,-0.78,-0.979,-0.775,0.771,0.957,-0.924,-0.856,0.479,0.782,-0.985,-0.41,0.98,-0.873,-0.996,-0.98,0.757,0.837,-0.984,-0.988,-0.976,-0.967,0.977,0.986,0.894,0.901,0.982,0.73,0.994,0.986,0.96,-0.911,0.987,-0.926,0.971,-0.716,0.395,-0.81,0.981,-0.991,-0.783,-0.762,-0.973,0.982,0.971,-0.962,0.948,-0.975,-0.991,0.21,-0.873,0.838,-0.996,-0.992,0.931,0.982,-0.978,0.997,-0.996,-0.626,-0.549,-0.982,-0.987,-0.708,0.869,-0.978,0.963,0.886,-0.969,0.987,0.97,-0.984,-0.862,0.996,-0.995,0.843,-0.985,0.991,-0.979,-0.959,-0.972,0.995,0.987,0.774,-0.998,0.998,0.453,-0.923,-0.996,0.806,-0.977,0.995,-0.995,-0.995,4.937,4.285,10.54,10.514,10.592,10.57,10.577,10.513,5.011,4.389,10.51,10.504,5.372,4.908,10.56,10.502,EssenceCatalog/problems/csplib-prob010-SocialGolfers/params/efb38b28589f9b63040058fd2fe4f02f.param
0.995,0.854,-0.735,-0.943,-0.724,-0.997,0.665,-0.317,0.974,-0.445,0.692,0.988,-0.971,0.989,-0.977,0.98,-0.985,0.815,0.982,-0.221,-0.992,-0.964,0.801,-0.89,-0.993,-0.996,-0.981,-0.954,0.995,0.964,0.955,0.97,0.996,0.984,0.997,0.996,0.977,-0.947,-0.995,-0.677,0.987,-0.904,-0.946,0.814,0.985,-0.963,0.815,0.991,0.991,0.977,0.988,0.809,0.979,-0.924,-0.993,-0.957,-0.898,0.952,-0.998,-0.994,0.947,0.987,-0.972,0.999,-0.994,-0.837,-0.883,-0.994,-0.997,-0.971,0.986,-0.993,-0.961,-0.976,0.983,0.997,0.987,-0.995,-0.945,0.995,-0.997,0.773,-0.984,0.989,-0.991,-0.376,-0.986,0.997,0.996,0.879,-0.998,0.995,0.952,-0.933,-0.997,-0.971,-0.985,0.995,-0.997,-0.994,4.168,3.426,4.776,10.084,10.583,10.435,10.597,10.774,4.178,3.665,4.832,10.085,4.753,4.296,5.905,10.126,EssenceCatalog/problems/csplib-prob010-SocialGolfers/params/3d7f6fba5b9f3c751ebf40f5f61d4a5e.param
0.99,0.795,-0.854,-0.939,0.885,-0.994,-0.83,-0.706,-0.979,-0.789,0.557,0.971,0.119,-0.878,-0.458,0.72,-0.98,0.541,0.956,-0.847,-0.993,-0.884,0.455,-0.314,-0.974,-0.959,-0.967,-0.954,0.965,0.932,0.878,0.934,0.976,0.828,0.989,0.971,0.906,-0.901,0.989,-0.869,0.937,0.607,-0.754,-0.168,0.972,-0.99,-0.837,-0.789,-0.979,0.925,0.944,-0.944,0.951,-0.973,-0.984,0.684,-0.883,0.8,-0.992,-0.976,0.833,0.966,-0.927,0.991,-0.994,-0.669,-0.591,-0.982,-0.984,-0.706,0.867,-0.974,0.966,0.931,-0.973,0.982,0.929,-0.964,-0.564,0.995,-0.994,0.882,-0.974,0.983,-0.974,-0.964,-0.954,0.994,0.982,0.749,-0.997,0.997,0.414,-0.7,-0.995,0.902,-0.984,0.986,-0.994,-0.988,6.131,5.089,10.547,10.552,10.471,10.507,10.467,10.528,5.895,5.213,10.548,10.584,6.173,6.008,10.562,10.571,EssenceCatalog/problems/csplib-prob010-SocialGolfers/params/04e760bf7af3d45710e3b7d7d8207884.param
0.989,0.779,-0.781,-0.645,0.909,-0.991,-0.842,-0.735,-0.979,-0.735,0.748,0.961,0.102,-0.892,-0.468,0.773,-0.971,0.592,0.951,-0.889,-0.991,-0.644,0.535,-0.405,-0.965,-0.853,-0.962,-0.952,0.958,0.786,0.871,0.935,0.976,0.741,0.987,0.959,0.897,-0.855,0.991,-0.787,0.852,0.494,-0.6,0.591,0.951,-0.99,-0.901,-0.904,-0.984,0.563,0.917,-0.955,0.92,-0.971,-0.969,0.792,-0.805,0.822,-0.992,-0.959,0.827,0.965,-0.854,0.987,-0.994,-0.706,-0.667,-0.982,-0.978,-0.752,0.843,-0.971,0.95,0.944,-0.979,0.971,0.899,-0.948,-0.77,0.995,-0.992,0.82,-0.967,0.976,-0.975,-0.965,-0.939,0.993,0.979,0.796,-0.996,0.997,0.608,-0.787,-0.993,0.928,-0.981,0.983,-0.991,-0.982,6.652,5.118,10.524,10.491,10.45,10.488,10.453,10.5,6.098,5.261,10.516,10.506,6.409,6.277,10.529,10.508,EssenceCatalog/problems/csplib-prob010-SocialGolfers/params/d953c3fd2d0dccb8a36813e55ce24cbc.param
0.986,0.845,-0.569,-0.88,0.801,-0.994,-0.909,-0.823,-0.982,-0.774,0.689,0.964,-0.728,-0.918,-0.075,0.784,-0.968,-0.2,0.967,-0.869,-0.993,-0.682,0.843,0.381,-0.974,-0.926,-0.968,-0.975,0.974,0.873,0.907,0.91,0.976,0.614,0.991,0.972,0.927,-0.922,0.991,-0.915,0.944,0.395,0.331,0.269,0.962,-0.989,-0.877,-0.901,-0.981,0.801,0.854,-0.953,0.959,-0.97,-0.958,0.598,-0.709,0.873,-0.992,-0.963,0.862,0.978,-0.735,0.992,-0.995,-0.71,-0.718,-0.981,-0.972,-0.66,0.856,-0.97,0.973,0.941,-0.974,0.975,0.872,-0.965,-0.742,0.993,-0.993,0.803,-0.975,0.985,-0.983,-0.961,-0.959,0.994,0.989,0.712,-0.998,0.998,0.757,-0.929,-0.994,0.864,-0.976,0.983,-0.991,-0.988,5.818,4.645,10.592,10.499,10.533,10.51,10.502,10.435,5.575,4.752,10.578,10.437,5.908,5.456,10.544,10.49,EssenceCatalog/problems/csplib-prob010-SocialGolfers/params/4baa55e9b450dcc952c3bd85c9f07023.param
0.999,0.968,-0.965,0.992,0.987,-0.994,-0.987,-0.987,-0.983,-0.979,0.986,0.992,0.99,-0.968,-0.988,0.981,-0.981,0.989,0.991,-0.99,-0.998,0.993,0.985,-0.987,-0.993,0.984,-0.985,-0.996,0.996,-0.985,0.981,0.995,0.994,0.962,0.996,0.993,0.988,-0.978,0.985,-0.978,0.91,0.988,-0.98,0.994,0.859,-0.998,-0.991,-0.981,-0.979,-0.991,0.97,-0.988,0.989,-0.995,-0.716,0.988,-0.976,0.99,-0.998,-0.94,0.98,0.996,0.934,0.994,-0.999,-0.986,-0.985,-0.996,-0.994,-0.99,0.988,-0.996,0.953,0.987,-0.995,0.996,0.592,-0.931,-0.976,0.996,-0.999,0.975,-0.989,0.983,-0.996,-0.995,-0.99,0.999,0.999,0.991,-1.0,0.998,0.986,-0.982,-0.997,0.991,-0.996,0.991,-0.998,-0.993,9.884,5.835,10.441,10.38,10.488,10.397,10.536,10.49,7.676,6.17,10.427,10.321,8.114,7.941,10.425,10.417,EssenceCatalog/problems/csplib-prob010-SocialGolfers/params/496b3b4d6fc3defbb8df9e852e14f303.param
0.986,0.842,-0.503,-0.736,0.822,-0.993,-0.914,-0.867,-0.986,-0.782,0.71,0.965,-0.623,-0.935,-0.311,0.833,-0.971,-0.101,0.967,-0.881,-0.993,-0.432,0.877,0.205,-0.972,-0.842,-0.972,-0.977,0.976,0.796,0.916,0.926,0.977,0.68,0.99,0.968,0.926,-0.931,0.993,-0.923,0.933,0.577,0.285,0.527,0.954,-0.989,-0.895,-0.932,-0.985,0.551,0.82,-0.962,0.957,-0.971,-0.957,0.67,-0.673,0.886,-0.992,-0.953,0.859,0.98,-0.517,0.991,-0.995,-0.733,-0.755,-0.982,-0.972,-0.694,0.871,-0.97,0.976,0.952,-0.981,0.973,0.823,-0.96,-0.746,0.993,-0.992,0.809,-0.973,0.982,-0.983,-0.968,-0.958,0.994,0.989,0.741,-0.998,0.997,0.828,-0.937,-0.993,0.887,-0.978,0.98,-0.99,-0.987,6.284,4.796,10.592,10.488,10.512,10.482,10.482,10.407,5.834,4.905,10.564,10.414,6.166,5.732,10.526,10.475,EssenceCatalog/problems/csplib-prob010-SocialGolfers/params/6a2549e67d3223a0ad546bab8addaca8.param
0.993,0.774,-0.929,-0.602,0.951,-0.993,-0.843,-0.728,-0.983,-0.837,0.649,0.979,0.915,-0.906,-0.862,0.784,-0.982,0.919,0.948,-0.891,-0.993,-0.4,0.275,-0.906,-0.974,-0.804,-0.969,-0.958,0.963,0.614,0.898,0.97,0.982,0.918,0.988,0.966,0.887,-0.898,0.989,-0.837,0.867,0.918,-0.967,0.554,0.954,-0.992,-0.919,-0.876,-0.985,0.56,0.953,-0.952,0.95,-0.98,-0.98,0.887,-0.935,0.843,-0.993,-0.96,0.819,0.967,-0.846,0.986,-0.996,-0.784,-0.714,-0.988,-0.988,-0.811,0.897,-0.981,0.96,0.96,-0.984,0.986,0.905,-0.944,-0.568,0.996,-0.995,0.93,-0.971,0.976,-0.978,-0.982,-0.952,0.995,0.983,0.875,-0.997,0.997,0.496,-0.48,-0.996,0.96,-0.991,0.983,-0.996,-0.984,7.375,5.53,10.604,10.556,10.485,10.541,10.52,10.577,6.585,5.739,10.599,10.597,6.872,6.871,10.592,10.613,EssenceCatalog/problems/csplib-prob010-SocialGolfers/params/7dfad4148f7a39e1692c6e5d0ff13b73.param
0.998,0.905,-0.969,0.935,0.987,-0.994,-0.95,-0.915,-0.978,-0.902,0.979,0.986,0.977,-0.911,-0.956,0.955,-0.985,0.99,0.98,-0.982,-0.995,0.819,0.693,-0.981,-0.983,0.66,-0.971,-0.986,0.986,-0.756,0.953,0.993,0.994,0.944,0.995,0.983,0.962,-0.876,0.984,-0.812,0.617,0.855,-0.985,0.984,0.873,-0.996,-0.983,-0.96,-0.987,-0.912,0.984,-0.981,0.952,-0.992,-0.942,0.97,-0.96,0.96,-0.998,-0.962,0.928,0.99,-0.641,0.99,-0.998,-0.959,-0.937,-0.995,-0.994,-0.972,0.96,-0.995,0.854,0.966,-0.99,0.993,0.948,-0.943,-0.973,0.999,-0.998,0.944,-0.985,0.974,-0.993,-0.99,-0.978,0.998,0.995,0.985,-0.998,0.998,0.897,-0.876,-0.997,0.985,-0.994,0.993,-0.998,-0.988,9.418,5.717,10.442,10.409,10.493,10.485,10.525,10.55,7.394,6.069,10.467,10.364,7.827,7.825,10.438,10.429,EssenceCatalog/problems/csplib-prob010-SocialGolfers/params/a2cabe0a1bef1fd04563cbe28c9ead07.param
0.992,0.781,-0.905,-0.935,0.905,-0.994,-0.828,-0.702,-0.981,-0.832,0.44,0.978,0.664,-0.888,-0.707,0.726,-0.983,0.76,0.952,-0.843,-0.994,-0.835,0.351,-0.699,-0.977,-0.952,-0.969,-0.955,0.966,0.907,0.891,0.953,0.978,0.896,0.989,0.971,0.894,-0.918,0.988,-0.884,0.94,0.848,-0.919,-0.148,0.973,-0.99,-0.841,-0.767,-0.98,0.923,0.948,-0.939,0.96,-0.976,-0.986,0.763,-0.924,0.814,-0.993,-0.972,0.815,0.965,-0.912,0.99,-0.995,-0.701,-0.613,-0.984,-0.988,-0.723,0.89,-0.977,0.971,0.941,-0.977,0.986,0.927,-0.96,-0.405,0.995,-0.995,0.919,-0.974,0.981,-0.973,-0.97,-0.957,0.995,0.983,0.78,-0.997,0.997,0.382,-0.539,-0.996,0.922,-0.988,0.983,-0.996,-0.988,6.498,5.337,10.56,10.561,10.45,10.498,10.459,10.538,6.167,5.478,10.564,10.615,6.416,6.336,10.572,10.603,EssenceCatalog/problems/csplib-prob010-SocialGolfers/params/ce90a01453eb10983fb948cf834f1481.param
0.99,0.825,-0.822,-0.963,0.854,-0.995,-0.839,-0.722,-0.978,-0.783,0.623,0.968,-0.412,-0.869,-0.204,0.736,-0.98,0.266,0.964,-0.849,-0.994,-0.931,0.555,0.119,-0.976,-0.973,-0.969,-0.959,0.969,0.959,0.882,0.922,0.977,0.789,0.991,0.976,0.923,-0.904,0.988,-0.886,0.951,0.278,-0.5,-0.365,0.976,-0.99,-0.816,-0.767,-0.976,0.954,0.949,-0.947,0.952,-0.972,-0.986,0.566,-0.867,0.804,-0.993,-0.982,0.86,0.971,-0.944,0.993,-0.995,-0.657,-0.588,-0.981,-0.984,-0.7,0.867,-0.974,0.964,0.916,-0.969,0.983,0.94,-0.972,-0.651,0.995,-0.994,0.863,-0.977,0.986,-0.976,-0.959,-0.96,0.995,0.983,0.733,-0.998,0.997,0.448,-0.798,-0.995,0.87,-0.982,0.989,-0.994,-0.991,5.686,4.819,10.547,10.563,10.514,10.532,10.5,10.528,5.587,4.93,10.542,10.57,5.893,5.622,10.569,10.561,EssenceCatalog/problems/csplib-prob010-SocialGolfers/params/a98acebf0e9132a488407a505859b5e1.param
0.99,0.807,-0.839,-0.957,0.866,-0.995,-0.843,-0.713,-0.979,-0.8,0.509,0.973,0.045,-0.881,-0.437,0.719,-0.98,0.48,0.958,-0.84,-0.994,-0.888,0.516,-0.259,-0.976,-0.966,-0.967,-0.959,0.969,0.938,0.889,0.93,0.977,0.826,0.99,0.974,0.908,-0.915,0.988,-0.893,0.951,0.661,-0.72,-0.237,0.974,-0.989,-0.817,-0.772,-0.977,0.944,0.937,-0.938,0.96,-0.972,-0.983,0.652,-0.88,0.809,-0.992,-0.975,0.837,0.968,-0.916,0.991,-0.995,-0.678,-0.611,-0.981,-0.985,-0.674,0.873,-0.973,0.969,0.928,-0.971,0.984,0.926,-0.968,-0.489,0.995,-0.994,0.883,-0.974,0.984,-0.976,-0.963,-0.959,0.994,0.983,0.726,-0.998,0.997,0.46,-0.736,-0.995,0.892,-0.984,0.985,-0.995,-0.989,6.066,5.065,10.55,10.563,10.482,10.51,10.472,10.524,5.866,5.184,10.553,10.586,6.143,5.941,10.561,10.577,EssenceCatalog/problems/csplib-prob010-SocialGolfers/params/0f5bebad02b36a89729ca06e8edf1d4b.param
0.991,0.871,-0.792,-0.98,0.821,-0.996,-0.851,-0.743,-0.977,-0.776,0.725,0.963,-0.82,-0.856,0.201,0.766,-0.983,-0.142,0.972,-0.86,-0.995,-0.964,0.669,0.614,-0.981,-0.983,-0.974,-0.964,0.973,0.979,0.892,0.906,0.98,0.742,0.992,0.982,0.944,-0.903,0.986,-0.907,0.963,-0.358,0.025,-0.62,0.979,-0.991,-0.79,-0.753,-0.974,0.974,0.964,-0.954,0.951,-0.972,-0.99,0.368,-0.859,0.817,-0.995,-0.989,0.902,0.976,-0.966,0.996,-0.995,-0.646,-0.593,-0.981,-0.986,-0.706,0.869,-0.975,0.96,0.893,-0.966,0.986,0.958,-0.981,-0.779,0.996,-0.994,0.841,-0.981,0.989,-0.98,-0.956,-0.967,0.995,0.985,0.735,-0.998,0.998,0.474,-0.889,-0.995,0.822,-0.979,0.993,-0.994,-0.994,5.178,4.463,10.531,10.534,10.56,10.556,10.541,10.512,5.203,4.569,10.509,10.523,5.549,5.152,10.56,10.515,EssenceCatalog/problems/csplib-prob010-SocialGolfers/params/4fd247cebfa6dcc571ad45faccc845e9.param
0.991,0.777,-0.909,-0.901,0.918,-0.994,-0.834,-0.706,-0.982,-0.841,0.433,0.98,0.814,-0.902,-0.791,0.736,-0.982,0.827,0.947,-0.844,-0.993,-0.731,0.348,-0.81,-0.976,-0.928,-0.97,-0.958,0.964,0.849,0.898,0.958,0.978,0.907,0.989,0.97,0.881,-0.919,0.989,-0.891,0.931,0.913,-0.946,0.045,0.969,-0.99,-0.865,-0.807,-0.982,0.881,0.944,-0.942,0.961,-0.976,-0.985,0.814,-0.929,0.822,-0.992,-0.967,0.807,0.964,-0.873,0.988,-0.995,-0.72,-0.651,-0.986,-0.988,-0.728,0.893,-0.977,0.971,0.949,-0.98,0.987,0.909,-0.957,-0.336,0.995,-0.994,0.928,-0.971,0.979,-0.975,-0.976,-0.957,0.995,0.982,0.796,-0.997,0.997,0.427,-0.503,-0.996,0.935,-0.989,0.981,-0.996,-0.987,6.736,5.424,10.577,10.56,10.449,10.501,10.465,10.536,6.306,5.577,10.578,10.612,6.554,6.492,10.579,10.612,EssenceCatalog/problems/csplib-prob010-SocialGolfers/params/810be9431c771b9820cd2a7e35ae4828.param
0.988,0.872,-0.606,-0.935,0.768,-0.996,-0.911,-0.803,-0.979,-0.762,0.77,0.961,-0.901,-0.902,0.332,0.774,-0.97,-0.425,0.974,-0.874,-0.994,-0.837,0.842,0.695,-0.979,-0.961,-0.971,-0.975,0.975,0.928,0.909,0.896,0.98,0.52,0.992,0.979,0.944,-0.91,0.99,-0.91,0.953,-0.247,0.614,-0.067,0.968,-0.99,-0.857,-0.88,-0.978,0.898,0.906,-0.955,0.955,-0.971,-0.969,0.447,-0.719,0.877,-0.994,-0.979,0.896,0.98,-0.875,0.994,-0.996,-0.704,-0.705,-0.98,-0.976,-0.662,0.847,-0.972,0.967,0.922,-0.97,0.979,0.926,-0.977,-0.843,0.994,-0.993,0.776,-0.979,0.988,-0.984,-0.956,-0.965,0.994,0.989,0.724,-0.998,0.998,0.713,-0.949,-0.994,0.824,-0.973,0.989,-0.992,-0.991,5.325,4.373,10.572,10.48,10.573,10.544,10.54,10.452,5.231,4.481,10.548,10.426,5.592,5.088,10.549,10.464,EssenceCatalog/problems/csplib-prob010-SocialGolfers/params/c3ea97a37e90ba795853a1384eb4d9db.param
0.991,0.781,-0.887,-0.903,0.913,-0.994,-0.854,-0.737,-0.984,-0.842,0.396,0.979,0.78,-0.912,-0.779,0.734,-0.982,0.782,0.948,-0.84,-0.993,-0.695,0.45,-0.771,-0.975,-0.923,-0.97,-0.962,0.966,0.844,0.901,0.955,0.977,0.899,0.989,0.97,0.882,-0.928,0.99,-0.907,0.938,0.924,-0.927,0.049,0.968,-0.99,-0.867,-0.826,-0.983,0.874,0.929,-0.945,0.965,-0.976,-0.982,0.809,-0.918,0.822,-0.991,-0.962,0.804,0.966,-0.832,0.988,-0.995,-0.716,-0.654,-0.985,-0.986,-0.703,0.892,-0.976,0.976,0.955,-0.981,0.986,0.888,-0.955,-0.275,0.995,-0.994,0.927,-0.97,0.98,-0.975,-0.977,-0.958,0.995,0.983,0.783,-0.997,0.997,0.484,-0.568,-0.995,0.935,-0.988,0.979,-0.996,-0.987,6.739,5.416,10.588,10.561,10.451,10.494,10.466,10.531,6.313,5.565,10.589,10.609,6.56,6.464,10.58,10.612,EssenceCatalog/problems/csplib-prob010-SocialGolfers/params/de638e3c51b4c3edfea37633a51da302.param
0.99,0.797,-0.846,-0.948,0.879,-0.994,-0.848,-0.73,-0.981,-0.807,0.451,0.975,0.3,-0.893,-0.557,0.726,-0.98,0.558,0.955,-0.838,-0.993,-0.852,0.517,-0.42,-0.974,-0.958,-0.968,-0.958,0.967,0.923,0.891,0.937,0.976,0.852,0.989,0.972,0.901,-0.922,0.99,-0.901,0.949,0.778,-0.798,-0.182,0.973,-0.989,-0.828,-0.792,-0.98,0.931,0.931,-0.941,0.962,-0.973,-0.983,0.698,-0.887,0.809,-0.992,-0.972,0.821,0.967,-0.892,0.99,-0.994,-0.68,-0.611,-0.982,-0.985,-0.668,0.879,-0.973,0.973,0.938,-0.975,0.983,0.913,-0.964,-0.409,0.994,-0.994,0.897,-0.973,0.982,-0.974,-0.967,-0.958,0.994,0.983,0.732,-0.997,0.997,0.463,-0.702,-0.995,0.907,-0.985,0.983,-0.995,-0.989,6.257,5.18,10.56,10.561,10.464,10.496,10.461,10.523,6.004,5.305,10.565,10.593,6.267,6.093,10.564,10.586,EssenceCatalog/problems/csplib-prob010-SocialGolfers/params/36d8da71f3536dc07680c56f70dadf75.param
0.99,0.774,-0.862,-0.815,0.92,-0.992,-0.832,-0.703,-0.982,-0.787,0.577,0.972,0.631,-0.905,-0.68,0.737,-0.978,0.755,0.944,-0.862,-0.992,-0.665,0.388,-0.695,-0.97,-0.893,-0.966,-0.953,0.959,0.814,0.882,0.947,0.976,0.85,0.987,0.965,0.882,-0.889,0.99,-0.848,0.896,0.822,-0.873,0.325,0.961,-0.99,-0.883,-0.865,-0.985,0.77,0.933,-0.949,0.943,-0.974,-0.98,0.813,-0.885,0.808,-0.991,-0.963,0.806,0.961,-0.86,0.987,-0.994,-0.71,-0.668,-0.984,-0.983,-0.729,0.861,-0.972,0.963,0.948,-0.98,0.981,0.897,-0.954,-0.517,0.995,-0.993,0.892,-0.967,0.977,-0.974,-0.973,-0.946,0.994,0.979,0.789,-0.997,0.997,0.482,-0.618,-0.994,0.936,-0.986,0.981,-0.994,-0.984,6.771,5.342,10.553,10.518,10.432,10.481,10.445,10.51,6.272,5.495,10.553,10.557,6.539,6.467,10.55,10.559,EssenceCatalog/problems/csplib-prob010-SocialGolfers/params/2ef2fa8f6fcabc5a7365f2f4dbb58921.param
0.989,0.871,-0.672,-0.962,0.787,-0.996,-0.864,-0.77,-0.976,-0.749,0.764,0.958,-0.889,-0.869,0.301,0.784,-0.979,-0.314,0.972,-0.863,-0.994,-0.94,0.765,0.7,-0.979,-0.975,-0.973,-0.967,0.971,0.969,0.895,0.897,0.98,0.643,0.992,0.981,0.943,-0.897,0.987,-0.909,0.954,-0.444,0.388,-0.355,0.973,-0.99,-0.821,-0.824,-0.973,0.948,0.948,-0.957,0.946,-0.969,-0.985,0.373,-0.788,0.832,-0.994,-0.985,0.898,0.978,-0.945,0.995,-0.995,-0.658,-0.64,-0.982,-0.982,-0.709,0.853,-0.973,0.959,0.9,-0.964,0.981,0.945,-0.979,-0.828,0.995,-0.993,0.802,-0.979,0.989,-0.981,-0.958,-0.963,0.994,0.986,0.723,-0.998,0.998,0.605,-0.924,-0.994,0.813,-0.973,0.992,-0.993,-0.992,5.172,4.366,10.528,10.496,10.558,10.546,10.537,10.474,5.151,4.47,10.503,10.467,5.512,5.057,10.536,10.475,EssenceCatalog/problems/csplib-prob010-SocialGolfers/params/e194961a04b419ef006402e5083214e7.param
0.991,0.857,-0.808,-0.979,0.828,-0.996,-0.86,-0.738,-0.978,-0.789,0.67,0.967,-0.724,-0.862,0.088,0.746,-0.981,-0.016,0.971,-0.857,-0.995,-0.955,0.632,0.484,-0.98,-0.982,-0.971,-0.963,0.973,0.974,0.893,0.909,0.98,0.754,0.992,0.981,0.94,-0.91,0.987,-0.902,0.963,-0.101,-0.15,-0.562,0.979,-0.99,-0.789,-0.745,-0.974,0.972,0.956,-0.947,0.957,-0.973,-0.987,0.438,-0.865,0.818,-0.995,-0.987,0.887,0.975,-0.959,0.995,-0.995,-0.662,-0.591,-0.98,-0.986,-0.687,0.869,-0.975,0.965,0.902,-0.966,0.985,0.954,-0.979,-0.723,0.995,-0.995,0.847,-0.981,0.989,-0.979,-0.953,-0.966,0.995,0.985,0.727,-0.998,0.998,0.469,-0.869,-0.995,0.845,-0.98,0.991,-0.995,-0.993,5.319,4.574,10.544,10.545,10.548,10.547,10.528,10.517,5.322,4.68,10.528,10.536,5.654,5.286,10.57,10.531,EssenceCatalog/problems/csplib-prob010-SocialGolfers/params/fcdb3c94a9569792f6e297f770a46be6.param
0.996,0.87,-0.808,-0.972,-0.728,-0.997,0.591,-0.411,0.965,-0.516,0.667,0.991,-0.98,0.989,-0.968,0.98,-0.986,0.77,0.986,-0.249,-0.994,-0.977,0.813,-0.863,-0.994,-0.998,-0.979,-0.956,0.996,0.975,0.956,0.975,0.997,0.983,0.998,0.996,0.981,-0.957,-0.992,-0.661,0.991,-0.936,-0.939,0.753,0.988,-0.964,0.848,0.992,0.989,0.988,0.988,0.833,0.984,-0.941,-0.993,-0.956,-0.913,0.958,-0.998,-0.995,0.947,0.99,-0.982,0.999,-0.994,-0.846,-0.884,-0.993,-0.998,-0.967,0.987,-0.995,-0.951,-0.978,0.981,0.997,0.99,-0.995,-0.951,0.995,-0.998,0.768,-0.988,0.991,-0.993,-0.277,-0.989,0.998,0.996,0.866,-0.998,0.996,0.947,-0.947,-0.998,-0.973,-0.988,0.996,-0.998,-0.995,4.151,3.434,4.806,10.114,10.625,10.469,10.637,10.834,4.179,3.668,4.868,10.125,4.751,4.284,5.932,10.17,EssenceCatalog/problems/csplib-prob010-SocialGolfers/params/5e2421900b6759b010f472066e48753d.param
0.991,0.802,-0.881,-0.955,0.887,-0.995,-0.822,-0.69,-0.98,-0.819,0.481,0.976,0.363,-0.881,-0.573,0.72,-0.983,0.638,0.953,-0.835,-0.994,-0.885,0.403,-0.502,-0.977,-0.964,-0.97,-0.957,0.966,0.934,0.888,0.942,0.978,0.866,0.99,0.974,0.901,-0.912,0.987,-0.89,0.948,0.754,-0.853,-0.268,0.974,-0.99,-0.824,-0.754,-0.979,0.944,0.951,-0.939,0.958,-0.974,-0.987,0.705,-0.908,0.804,-0.993,-0.977,0.831,0.964,-0.925,0.991,-0.995,-0.682,-0.618,-0.984,-0.987,-0.707,0.88,-0.975,0.968,0.929,-0.973,0.986,0.934,-0.968,-0.451,0.995,-0.994,0.906,-0.974,0.983,-0.975,-0.967,-0.958,0.995,0.982,0.748,-0.998,0.997,0.38,-0.631,-0.995,0.902,-0.986,0.986,-0.995,-0.99,6.253,5.202,10.548,10.561,10.464,10.505,10.462,10.529,6.002,5.332,10.551,10.603,6.264,6.132,10.565,10.589,EssenceCatalog/problems/csplib-prob010-SocialGolfers/params/92c3e33f12f5296723b9d9cd8b8724a3.param
0.99,0.886,-0.685,-0.976,0.775,-0.997,-0.881,-0.784,-0.978,-0.752,0.76,0.959,-0.918,-0.873,0.421,0.782,-0.98,-0.443,0.975,-0.865,-0.995,-0.951,0.793,0.783,-0.981,-0.981,-0.974,-0.97,0.974,0.974,0.902,0.894,0.981,0.635,0.993,0.983,0.948,-0.904,0.988,-0.921,0.964,-0.553,0.503,-0.541,0.976,-0.99,-0.806,-0.816,-0.974,0.965,0.952,-0.959,0.954,-0.971,-0.986,0.312,-0.797,0.845,-0.995,-0.988,0.908,0.98,-0.953,0.995,-0.995,-0.659,-0.639,-0.981,-0.983,-0.669,0.857,-0.974,0.962,0.896,-0.965,0.983,0.952,-0.982,-0.835,0.995,-0.994,0.808,-0.981,0.989,-0.981,-0.956,-0.966,0.994,0.987,0.718,-0.998,0.998,0.596,-0.938,-0.994,0.799,-0.973,0.993,-0.993,-0.993,5.047,4.296,10.53,10.484,10.568,10.547,10.546,10.469,5.068,4.4,10.505,10.456,5.429,4.941,10.535,10.469,EssenceCatalog/problems/csplib-prob010-SocialGolfers/params/e6d08c041658c4eafbdbd71d1d9263af.param
0.988,0.879,-0.574,-0.927,0.779,-0.996,-0.869,-0.797,-0.974,-0.711,0.835,0.948,-0.942,-0.864,0.41,0.818,-0.979,-0.469,0.975,-0.879,-0.994,-0.925,0.835,0.807,-0.979,-0.966,-0.976,-0.971,0.971,0.962,0.891,0.896,0.981,0.54,0.992,0.981,0.951,-0.881,0.985,-0.904,0.943,-0.697,0.665,-0.199,0.968,-0.99,-0.853,-0.862,-0.972,0.904,0.951,-0.966,0.932,-0.968,-0.983,0.348,-0.732,0.847,-0.995,-0.985,0.917,0.981,-0.94,0.996,-0.995,-0.654,-0.656,-0.983,-0.98,-0.753,0.845,-0.973,0.951,0.898,-0.966,0.978,0.944,-0.979,-0.905,0.996,-0.993,0.765,-0.979,0.988,-0.982,-0.963,-0.96,0.994,0.986,0.741,-0.998,0.997,0.667,-0.949,-0.994,0.786,-0.967,0.993,-0.992,-0.991,5.125,4.257,10.515,10.47,10.557,10.54,10.541,10.456,5.067,4.36,10.485,10.432,5.442,4.955,10.518,10.446,EssenceCatalog/problems/csplib-prob010-SocialGolfers/params/3bf6587bbe193406a2321303c5900b4c.param
0.991,0.798,-0.878,-0.949,0.89,-0.994,-0.822,-0.697,-0.98,-0.817,0.477,0.976,0.409,-0.885,-0.599,0.724,-0.983,0.649,0.952,-0.835,-0.993,-0.873,0.406,-0.531,-0.976,-0.96,-0.97,-0.957,0.966,0.929,0.888,0.944,0.977,0.869,0.989,0.974,0.898,-0.911,0.988,-0.892,0.945,0.774,-0.861,-0.225,0.973,-0.99,-0.828,-0.767,-0.98,0.937,0.949,-0.94,0.958,-0.973,-0.987,0.715,-0.907,0.804,-0.992,-0.976,0.826,0.964,-0.919,0.991,-0.995,-0.681,-0.62,-0.984,-0.986,-0.708,0.881,-0.974,0.969,0.932,-0.974,0.986,0.929,-0.967,-0.438,0.995,-0.994,0.906,-0.973,0.983,-0.975,-0.968,-0.957,0.994,0.982,0.751,-0.997,0.997,0.392,-0.626,-0.995,0.904,-0.986,0.985,-0.995,-0.989,6.302,5.224,10.551,10.561,10.461,10.503,10.461,10.529,6.033,5.356,10.555,10.604,6.294,6.167,10.565,10.591,EssenceCatalog/problems/csplib-prob010-SocialGolfers/params/7ce5baa3dce47279d2c1772b320998d3.param
0.987,0.884,-0.569,-0.923,0.758,-0.996,-0.918,-0.811,-0.978,-0.767,0.776,0.963,-0.906,-0.909,0.323,0.781,-0.969,-0.467,0.975,-0.879,-0.994,-0.776,0.873,0.692,-0.98,-0.954,-0.972,-0.978,0.977,0.908,0.917,0.9,0.981,0.486,0.992,0.98,0.945,-0.916,0.99,-0.919,0.955,-0.161,0.663,0.021,0.966,-0.99,-0.867,-0.895,-0.978,0.875,0.894,-0.955,0.959,-0.972,-0.964,0.463,-0.7,0.89,-0.994,-0.977,0.903,0.982,-0.837,0.994,-0.996,-0.722,-0.736,-0.982,-0.975,-0.652,0.852,-0.972,0.967,0.925,-0.97,0.979,0.914,-0.977,-0.848,0.994,-0.994,0.774,-0.979,0.988,-0.986,-0.96,-0.966,0.994,0.99,0.725,-0.998,0.998,0.75,-0.957,-0.994,0.822,-0.973,0.989,-0.992,-0.991,5.393,4.384,10.587,10.482,10.581,10.545,10.543,10.445,5.27,4.493,10.563,10.416,5.63,5.109,10.554,10.467,EssenceCatalog/problems/csplib-prob010-SocialGolfers/params/444befc7c82fb4143d4c30d06ab72007.param
0.111,-0.812,-0.147,-0.619,-0.766,0.909,-0.122,-0.939,-0.894,0.646,-0.832,0.164,0.134,0.355,-0.93,0.839,-0.112,-0.841,0.71,0.216,0.339,-0.973,0.817,0.22,0.495,-0.274,-0.283,0.956,-0.261,0.97,-0.214,0.748,-0.739,0.972,-0.301,-0.971,0.211,-0.812,0.972,-0.52,0.321,-0.652,-0.925,-0.769,0.08,0.859,0.955,0.181,-0.001,0.744,-0.785,0.482,0.397,0.44,-0.85,-0.656,-0.244,0.393,0.248,0.869,-0.904,0.434,-0.717,-0.891,0.99,0.576,0.927,0.871,-0.688,0.717,0.707,-0.241,0.859,-0.539,-0.928,-0.978,-0.148,0.969,0.103,-0.977,0.684,-0.736,0.62,-0.896,0.978,-0.118,0.277,-0.485,-0.61,-0.645,0.995,-0.986,0.553,-0.426,0.937,0.178,0.093,-0.945,0.412,0.934,0.4,0.421,0.816,1.817,0.276,0.216,0.466,2.247,0.598,0.464,0.818,1.717,0.631,0.389,0.908,1.62,EssenceCatalog/problems/csplib-prob010-SocialGolfers/params/ord03-7-4-2.param
0.99,0.824,-0.824,-0.964,0.855,-0.995,-0.841,-0.72,-0.978,-0.786,0.613,0.968,-0.385,-0.87,-0.216,0.73,-0.98,0.28,0.963,-0.848,-0.994,-0.928,0.55,0.087,-0.976,-0.973,-0.969,-0.959,0.969,0.958,0.883,0.922,0.977,0.79,0.991,0.976,0.923,-0.905,0.988,-0.886,0.952,0.322,-0.508,-0.36,0.976,-0.99,-0.818,-0.767,-0.977,0.953,0.948,-0.945,0.953,-0.972,-0.985,0.575,-0.868,0.805,-0.993,-0.981,0.858,0.97,-0.942,0.993,-0.995,-0.657,-0.593,-0.981,-0.984,-0.702,0.867,-0.974,0.965,0.918,-0.969,0.983,0.94,-0.971,-0.64,0.995,-0.994,0.866,-0.977,0.986,-0.976,-0.958,-0.96,0.995,0.983,0.732,-0.998,0.997,0.447,-0.792,-0.995,0.871,-0.982,0.989,-0.994,-0.991,5.714,4.837,10.549,10.562,10.513,10.531,10.498,10.526,5.607,4.949,10.544,10.57,5.911,5.643,10.568,10.562,EssenceCatalog/problems/csplib-prob010-SocialGolfers/params/d85b17e2c9a14e907cf5345e9987b043.param
0.983,0.942,-0.949,-0.635,-0.438,-0.957,-0.928,0.856,0.979,-0.849,0.953,0.959,-0.966,0.89,0.931,0.591,0.766,0.784,0.945,-0.933,-0.991,0.921,-0.3,-0.563,-0.983,-0.945,0.424,-0.978,0.977,-0.935,0.927,0.536,0.99,-0.933,0.995,0.994,0.966,-0.21,-0.986,0.881,0.916,-0.918,0.963,0.936,0.97,-0.789,-0.72,0.886,0.959,0.821,0.882,0.926,0.957,-0.959,0.925,-0.624,-0.409,0.97,-0.994,-0.943,0.98,0.941,-0.857,0.884,-0.996,-0.97,-0.983,-0.855,-0.967,-0.892,0.792,-0.951,-0.963,-0.864,0.978,0.981,0.979,-0.995,-0.985,0.916,-0.996,-0.069,-0.98,0.988,-0.995,0.909,-0.98,0.994,0.98,0.815,-0.999,0.997,0.782,-0.954,-0.992,-0.774,-0.962,0.977,-0.967,-0.981,3.916,2.361,3.378,7.265,9.114,8.563,9.03,8.849,3.306,2.792,3.543,7.223,3.968,3.406,4.417,7.43,EssenceCatalog/problems/csplib-prob010-SocialGolfers/params/ord26-3-9-5.param
0.991,0.876,-0.794,-0.981,0.821,-0.997,-0.862,-0.761,-0.978,-0.776,0.751,0.959,-0.876,-0.86,0.338,0.769,-0.984,-0.254,0.976,-0.866,-0.995,-0.973,0.708,0.736,-0.982,-0.985,-0.975,-0.966,0.975,0.982,0.891,0.904,0.981,0.73,0.993,0.985,0.953,-0.905,0.987,-0.914,0.966,-0.546,0.205,-0.704,0.98,-0.991,-0.8,-0.763,-0.974,0.976,0.966,-0.959,0.948,-0.974,-0.99,0.318,-0.865,0.826,-0.995,-0.991,0.916,0.979,-0.971,0.996,-0.996,-0.635,-0.57,-0.982,-0.986,-0.717,0.867,-0.977,0.962,0.895,-0.968,0.986,0.964,-0.982,-0.828,0.996,-0.995,0.844,-0.983,0.99,-0.979,-0.957,-0.969,0.995,0.986,0.762,-0.998,0.998,0.46,-0.902,-0.995,0.823,-0.978,0.994,-0.994,-0.994,5.071,4.38,10.548,10.529,10.582,10.57,10.565,10.519,5.115,4.485,10.52,10.52,5.47,5.042,10.571,10.514,EssenceCatalog/problems/csplib-prob010-SocialGolfers/params/e91cb5658878204ba79284864906e39d.param
0.991,0.864,-0.817,-0.978,0.838,-0.996,-0.831,-0.716,-0.976,-0.778,0.703,0.965,-0.73,-0.853,0.072,0.755,-0.984,0.033,0.969,-0.853,-0.995,-0.962,0.599,0.462,-0.981,-0.982,-0.974,-0.963,0.972,0.977,0.888,0.914,0.98,0.768,0.992,0.982,0.938,-0.898,0.986,-0.901,0.96,-0.197,-0.212,-0.586,0.979,-0.991,-0.797,-0.738,-0.974,0.972,0.967,-0.951,0.949,-0.973,-0.99,0.434,-0.873,0.81,-0.995,-0.989,0.895,0.974,-0.967,0.995,-0.996,-0.649,-0.598,-0.983,-0.986,-0.718,0.867,-0.975,0.958,0.892,-0.965,0.987,0.959,-0.981,-0.749,0.996,-0.994,0.859,-0.981,0.989,-0.979,-0.958,-0.965,0.995,0.983,0.736,-0.998,0.998,0.432,-0.852,-0.995,0.831,-0.98,0.993,-0.994,-0.993,5.308,4.572,10.532,10.551,10.549,10.555,10.532,10.526,5.31,4.68,10.515,10.547,5.644,5.3,10.57,10.536,EssenceCatalog/problems/csplib-prob010-SocialGolfers/params/f6a02cd43969d96bd0e85712059a2b43.param
0.957,0.879,-0.793,-0.893,0.807,-0.98,-0.982,-0.41,-0.968,-0.85,0.902,0.868,-0.892,-0.969,0.979,-0.287,-0.477,-0.698,0.959,-0.919,-0.981,0.431,0.755,0.945,-0.979,-0.872,-0.719,-0.98,0.96,-0.376,0.871,0.718,0.934,-0.918,0.982,0.981,0.938,-0.756,0.983,-0.594,0.903,-0.394,0.983,-0.227,0.908,-0.97,-0.948,-0.951,-0.988,0.709,0.698,-0.939,0.94,-0.973,0.441,0.827,-0.53,0.929,-0.985,-0.93,0.95,0.926,-0.703,0.946,-0.991,-0.813,-0.813,-0.939,-0.872,-0.211,0.125,-0.935,0.959,0.952,-0.961,0.939,0.888,-0.957,-0.931,0.958,-0.988,0.627,-0.972,0.984,-0.98,-0.806,-0.948,0.984,0.98,0.645,-0.998,0.997,0.082,-0.956,-0.986,0.911,-0.925,0.98,-0.947,-0.974,4.958,3.661,9.543,8.825,9.322,9.252,9.286,8.973,4.614,3.879,9.507,8.73,4.973,4.385,9.465,8.845,EssenceCatalog/problems/csplib-prob010-SocialGolfers/params/fe5745b75c74d9a85bd9cf026aa63ff9.param
0.995,0.852,-0.728,-0.946,-0.495,-0.998,0.623,-0.409,0.939,-0.525,0.658,0.987,-0.947,0.974,-0.975,0.976,-0.99,0.822,0.979,-0.23,-0.992,-0.964,0.795,-0.886,-0.993,-0.995,-0.985,-0.959,0.995,0.966,0.949,0.971,0.996,0.985,0.997,0.996,0.972,-0.948,-0.987,-0.799,0.986,-0.821,-0.957,0.744,0.982,-0.974,0.713,0.981,0.975,0.976,0.99,0.617,0.978,-0.929,-0.995,-0.921,-0.919,0.939,-0.997,-0.994,0.951,0.987,-0.966,0.999,-0.995,-0.815,-0.869,-0.996,-0.997,-0.97,0.984,-0.993,-0.915,-0.946,0.959,0.997,0.984,-0.995,-0.927,0.997,-0.997,0.848,-0.982,0.989,-0.992,-0.675,-0.985,0.997,0.995,0.873,-0.998,0.996,0.936,-0.908,-0.997,-0.943,-0.986,0.996,-0.997,-0.995,4.277,3.516,5.044,10.152,10.608,10.484,10.624,10.766,4.266,3.762,5.093,10.156,4.837,4.414,6.149,10.197,EssenceCatalog/problems/csplib-prob010-SocialGolfers/params/abe47f29c7827e08f8798f765980001a.param
0.991,0.778,-0.897,-0.931,0.904,-0.994,-0.828,-0.707,-0.982,-0.824,0.464,0.977,0.603,-0.889,-0.676,0.724,-0.982,0.726,0.952,-0.844,-0.993,-0.842,0.375,-0.65,-0.975,-0.95,-0.968,-0.953,0.965,0.909,0.886,0.951,0.977,0.887,0.989,0.969,0.896,-0.915,0.989,-0.88,0.938,0.823,-0.902,-0.146,0.972,-0.99,-0.842,-0.778,-0.981,0.918,0.946,-0.941,0.957,-0.975,-0.986,0.756,-0.916,0.811,-0.992,-0.972,0.816,0.965,-0.913,0.99,-0.994,-0.692,-0.597,-0.983,-0.987,-0.719,0.886,-0.977,0.97,0.94,-0.977,0.985,0.924,-0.959,-0.438,0.995,-0.994,0.912,-0.973,0.981,-0.973,-0.969,-0.956,0.995,0.982,0.773,-0.997,0.997,0.389,-0.572,-0.995,0.921,-0.988,0.983,-0.996,-0.988,6.458,5.307,10.56,10.558,10.449,10.496,10.456,10.536,6.136,5.445,10.563,10.609,6.389,6.297,10.571,10.597,EssenceCatalog/problems/csplib-prob010-SocialGolfers/params/c6b5734297e6b395167b9efc1f40a506.param
0.995,0.79,-0.951,-0.406,0.962,-0.993,-0.854,-0.745,-0.984,-0.86,0.722,0.983,0.964,-0.912,-0.916,0.826,-0.984,0.958,0.952,-0.908,-0.993,-0.164,0.235,-0.956,-0.978,-0.707,-0.972,-0.963,0.967,0.415,0.914,0.979,0.985,0.943,0.989,0.968,0.892,-0.902,0.989,-0.842,0.846,0.946,-0.984,0.684,0.951,-0.993,-0.936,-0.888,-0.986,0.374,0.963,-0.955,0.955,-0.983,-0.981,0.916,-0.954,0.87,-0.994,-0.961,0.833,0.971,-0.832,0.986,-0.996,-0.827,-0.768,-0.991,-0.99,-0.852,0.914,-0.985,0.955,0.963,-0.986,0.989,0.913,-0.944,-0.631,0.997,-0.996,0.945,-0.973,0.976,-0.981,-0.986,-0.957,0.996,0.985,0.911,-0.997,0.998,0.549,-0.446,-0.996,0.969,-0.993,0.984,-0.997,-0.985,7.748,5.596,10.615,10.562,10.519,10.567,10.553,10.601,6.754,5.843,10.612,10.59,7.061,7.081,10.598,10.615,EssenceCatalog/problems/csplib-prob010-SocialGolfers/params/d13dc0e29200217cd5680bc3ab36f3ee.param
0.994,0.835,-0.738,-0.956,-0.508,-0.997,0.66,-0.398,0.931,-0.487,0.607,0.987,-0.945,0.976,-0.976,0.974,-0.99,0.822,0.977,-0.191,-0.99,-0.976,0.749,-0.881,-0.991,-0.996,-0.983,-0.948,0.994,0.976,0.944,0.972,0.995,0.987,0.997,0.995,0.97,-0.942,-0.984,-0.773,0.985,-0.842,-0.965,0.692,0.981,-0.969,0.756,0.982,0.973,0.98,0.99,0.625,0.975,-0.919,-0.996,-0.927,-0.915,0.934,-0.997,-0.994,0.939,0.985,-0.975,0.999,-0.993,-0.788,-0.832,-0.995,-0.997,-0.964,0.982,-0.992,-0.91,-0.952,0.957,0.997,0.985,-0.993,-0.916,0.996,-0.996,0.834,-0.978,0.987,-0.99,-0.663,-0.982,0.996,0.993,0.856,-0.997,0.995,0.928,-0.895,-0.997,-0.949,-0.984,0.995,-0.997,-0.994,4.19,3.482,4.98,10.094,10.54,10.416,10.558,10.706,4.209,3.721,5.031,10.096,4.771,4.352,6.085,10.135,EssenceCatalog/problems/csplib-prob010-SocialGolfers/params/2e798a8dfcbad4af0ea4bea047939a0f.param
0.988,0.795,-0.787,-0.922,0.865,-0.993,-0.858,-0.749,-0.98,-0.783,0.503,0.971,0.084,-0.896,-0.49,0.728,-0.976,0.453,0.954,-0.844,-0.993,-0.794,0.605,-0.303,-0.971,-0.944,-0.965,-0.96,0.967,0.901,0.89,0.928,0.975,0.805,0.989,0.969,0.9,-0.916,0.99,-0.894,0.94,0.734,-0.659,0.038,0.968,-0.989,-0.845,-0.832,-0.98,0.89,0.908,-0.942,0.959,-0.971,-0.977,0.691,-0.845,0.819,-0.991,-0.965,0.816,0.967,-0.851,0.989,-0.994,-0.686,-0.637,-0.98,-0.981,-0.656,0.871,-0.971,0.971,0.941,-0.974,0.979,0.891,-0.96,-0.475,0.994,-0.993,0.869,-0.971,0.982,-0.975,-0.965,-0.954,0.994,0.983,0.717,-0.997,0.997,0.554,-0.769,-0.994,0.902,-0.982,0.981,-0.994,-0.987,6.247,5.101,10.553,10.545,10.467,10.491,10.46,10.505,5.965,5.222,10.556,10.559,6.238,6.023,10.546,10.562,EssenceCatalog/problems/csplib-prob010-SocialGolfers/params/b821eb62a855aa4f2e5f43896ebb479b.param
0.987,0.853,-0.545,-0.897,0.768,-0.995,-0.887,-0.824,-0.976,-0.728,0.738,0.961,-0.854,-0.884,0.059,0.821,-0.973,-0.287,0.972,-0.869,-0.994,-0.828,0.844,0.569,-0.975,-0.948,-0.972,-0.971,0.973,0.93,0.905,0.907,0.979,0.632,0.991,0.973,0.937,-0.913,0.989,-0.911,0.944,-0.113,0.443,0.15,0.965,-0.988,-0.846,-0.877,-0.974,0.855,0.899,-0.953,0.952,-0.968,-0.973,0.446,-0.7,0.863,-0.993,-0.975,0.874,0.981,-0.848,0.993,-0.995,-0.693,-0.678,-0.98,-0.977,-0.691,0.866,-0.971,0.964,0.921,-0.968,0.975,0.906,-0.97,-0.817,0.994,-0.993,0.762,-0.976,0.985,-0.981,-0.96,-0.96,0.994,0.988,0.715,-0.997,0.997,0.751,-0.939,-0.993,0.821,-0.974,0.986,-0.992,-0.989,5.495,4.477,10.543,10.508,10.543,10.524,10.521,10.466,5.351,4.577,10.52,10.451,5.701,5.239,10.527,10.486,EssenceCatalog/problems/csplib-prob010-SocialGolfers/params/8aaf674e8bd72cb878565d9538dcc67a.param
0.994,0.791,-0.929,-0.378,0.952,-0.991,-0.794,-0.593,-0.97,-0.775,0.886,0.968,0.63,-0.837,-0.637,0.815,-0.978,0.917,0.957,-0.924,-0.992,-0.704,0.052,-0.799,-0.971,-0.832,-0.962,-0.945,0.955,0.688,0.872,0.964,0.985,0.834,0.989,0.962,0.912,-0.763,0.981,-0.574,0.767,0.234,-0.919,0.739,0.952,-0.992,-0.912,-0.871,-0.979,0.445,0.972,-0.953,0.891,-0.979,-0.98,0.846,-0.911,0.831,-0.995,-0.976,0.857,0.964,-0.956,0.987,-0.995,-0.794,-0.712,-0.987,-0.988,-0.864,0.855,-0.982,0.886,0.917,-0.978,0.98,0.961,-0.956,-0.9,0.997,-0.995,0.857,-0.972,0.977,-0.977,-0.965,-0.946,0.995,0.976,0.905,-0.996,0.997,0.432,-0.633,-0.995,0.947,-0.988,0.991,-0.994,-0.983,7.062,5.292,10.451,10.486,10.433,10.525,10.462,10.581,6.294,5.486,10.455,10.536,6.625,6.712,10.515,10.517,EssenceCatalog/problems/csplib-prob010-SocialGolfers/params/70f1ae90979dff062d1e0ca183712fda.param
0.995,0.845,-0.72,-0.906,-0.046,-0.998,0.502,-0.373,0.881,-0.555,0.646,0.987,-0.859,0.948,-0.973,0.97,-0.992,0.883,0.976,-0.424,-0.991,-0.946,0.74,-0.907,-0.992,-0.993,-0.987,-0.965,0.993,0.951,0.944,0.97,0.995,0.982,0.997,0.996,0.966,-0.94,-0.973,-0.86,0.98,-0.661,-0.967,0.733,0.979,-0.982,0.383,0.964,0.94,0.961,0.991,0.193,0.973,-0.937,-0.995,-0.84,-0.919,0.922,-0.997,-0.994,0.956,0.986,-0.957,0.999,-0.996,-0.833,-0.861,-0.997,-0.996,-0.968,0.979,-0.993,-0.849,-0.864,0.9,0.998,0.979,-0.993,-0.913,0.998,-0.996,0.901,-0.98,0.989,-0.992,-0.875,-0.982,0.997,0.995,0.887,-0.998,0.997,0.913,-0.871,-0.998,-0.844,-0.986,0.996,-0.997,-0.995,4.535,3.685,5.479,10.223,10.66,10.55,10.654,10.752,4.448,3.944,5.514,10.24,5.029,4.671,6.538,10.269,EssenceCatalog/problems/csplib-prob010-SocialGolfers/params/1cc3aace06131cec9c3ead185b0be936.param
0.996,0.791,-0.828,-0.95,-0.92,-0.99,0.534,-0.367,0.989,-0.43,0.681,0.991,-0.982,0.997,-0.975,0.983,-0.962,0.794,0.993,-0.462,-0.994,-0.963,0.854,-0.868,-0.994,-0.997,-0.948,-0.923,0.997,0.964,0.954,0.967,0.997,0.983,0.998,0.993,0.983,-0.96,-0.997,-0.119,0.99,-0.968,-0.927,0.865,0.992,-0.909,0.924,0.997,0.998,0.983,0.976,0.962,0.986,-0.934,-0.974,-0.982,-0.849,0.97,-0.998,-0.993,0.928,0.989,-0.979,0.996,-0.989,-0.876,-0.803,-0.97,-0.998,-0.96,0.992,-0.996,-0.972,-0.989,0.992,0.993,0.99,-0.99,-0.972,0.98,-0.999,0.34,-0.992,0.991,-0.989,0.404,-0.987,0.998,0.998,0.88,-0.997,0.993,0.969,-0.959,-0.997,-0.983,-0.99,0.987,-0.998,-0.992,4.026,3.3,4.412,9.914,10.499,10.285,10.53,10.818,4.05,3.523,4.475,9.932,4.629,4.124,5.549,9.964,EssenceCatalog/problems/csplib-prob010-SocialGolfers/params/542c48564cd61176997207b29e054e4c.param
0.997,0.846,-0.968,0.471,0.98,-0.994,-0.909,-0.852,-0.986,-0.894,0.884,0.987,0.988,-0.928,-0.963,0.905,-0.987,0.984,0.967,-0.952,-0.995,0.563,0.455,-0.983,-0.983,-0.069,-0.976,-0.979,0.979,-0.32,0.941,0.99,0.991,0.963,0.992,0.976,0.924,-0.916,0.989,-0.87,0.774,0.966,-0.992,0.91,0.925,-0.995,-0.97,-0.939,-0.989,-0.478,0.975,-0.971,0.965,-0.989,-0.972,0.956,-0.968,0.927,-0.996,-0.959,0.883,0.982,-0.684,0.987,-0.998,-0.912,-0.872,-0.995,-0.993,-0.928,0.945,-0.991,0.945,0.975,-0.991,0.993,0.908,-0.938,-0.821,0.998,-0.997,0.961,-0.98,0.977,-0.988,-0.993,-0.969,0.997,0.991,0.963,-0.998,0.998,0.747,-0.616,-0.997,0.984,-0.995,0.988,-0.998,-0.986,8.872,5.706,10.532,10.45,10.5,10.502,10.528,10.545,7.203,6.03,10.541,10.435,7.596,7.592,10.503,10.479,EssenceCatalog/problems/csplib-prob010-SocialGolfers/params/f121d9cad3ef72fd31994a8247f421bb.param
0.991,0.774,-0.895,-0.903,0.911,-0.993,-0.857,-0.762,-0.985,-0.847,0.362,0.98,0.816,-0.914,-0.806,0.749,-0.982,0.792,0.951,-0.842,-0.993,-0.705,0.469,-0.79,-0.975,-0.922,-0.97,-0.96,0.967,0.845,0.903,0.959,0.977,0.914,0.989,0.968,0.885,-0.934,0.992,-0.913,0.941,0.932,-0.941,0.043,0.969,-0.99,-0.857,-0.826,-0.984,0.877,0.925,-0.945,0.968,-0.977,-0.982,0.81,-0.924,0.828,-0.992,-0.96,0.794,0.968,-0.825,0.988,-0.994,-0.717,-0.629,-0.985,-0.987,-0.696,0.901,-0.977,0.978,0.956,-0.983,0.985,0.885,-0.951,-0.257,0.994,-0.994,0.929,-0.971,0.979,-0.973,-0.977,-0.959,0.995,0.984,0.788,-0.997,0.997,0.504,-0.564,-0.995,0.94,-0.989,0.977,-0.996,-0.987,6.76,5.435,10.597,10.574,10.453,10.496,10.472,10.544,6.334,5.584,10.598,10.623,6.577,6.481,10.587,10.627,EssenceCatalog/problems/csplib-prob010-SocialGolfers/params/3390fd4679d23579324ebe2230179538.param
0.985,0.95,-0.953,-0.404,-0.054,-0.966,-0.95,0.838,0.976,-0.879,0.961,0.963,-0.934,0.856,0.896,0.622,0.73,0.882,0.95,-0.944,-0.992,0.954,-0.225,-0.705,-0.984,-0.898,0.312,-0.984,0.979,-0.959,0.938,0.615,0.99,-0.925,0.996,0.995,0.965,-0.242,-0.985,0.854,0.922,-0.838,0.944,0.963,0.971,-0.849,-0.834,0.842,0.945,0.701,0.878,0.887,0.96,-0.965,0.944,-0.433,-0.445,0.97,-0.994,-0.933,0.981,0.954,-0.749,0.894,-0.997,-0.977,-0.986,-0.902,-0.966,-0.911,0.799,-0.961,-0.955,-0.771,0.972,0.986,0.97,-0.993,-0.985,0.938,-0.996,0.139,-0.981,0.99,-0.996,0.836,-0.979,0.995,0.986,0.861,-0.999,0.998,0.807,-0.954,-0.995,-0.586,-0.971,0.978,-0.974,-0.984,4.319,2.534,3.673,7.383,9.205,8.675,9.108,8.915,3.563,2.991,3.861,7.355,4.214,3.709,4.695,7.526,EssenceCatalog/problems/csplib-prob010-SocialGolfers/params/5de816d61056375d8244e02bf3e65c51.param
0.995,0.858,-0.786,-0.962,-0.879,-0.996,0.638,-0.215,0.988,-0.418,0.687,0.99,-0.988,0.995,-0.97,0.979,-0.973,0.755,0.988,-0.231,-0.993,-0.975,0.795,-0.857,-0.994,-0.997,-0.968,-0.947,0.996,0.968,0.959,0.966,0.996,0.979,0.998,0.996,0.983,-0.95,-0.997,-0.451,0.99,-0.958,-0.909,0.816,0.989,-0.933,0.899,0.996,0.996,0.987,0.984,0.93,0.983,-0.914,-0.986,-0.978,-0.871,0.965,-0.998,-0.993,0.938,0.989,-0.982,0.998,-0.992,-0.843,-0.882,-0.987,-0.998,-0.964,0.987,-0.993,-0.978,-0.99,0.993,0.995,0.99,-0.995,-0.961,0.991,-0.997,0.558,-0.986,0.99,-0.99,0.207,-0.988,0.997,0.996,0.866,-0.997,0.994,0.961,-0.954,-0.997,-0.986,-0.984,0.993,-0.997,-0.992,4.012,3.325,4.508,9.953,10.516,10.334,10.538,10.753,4.054,3.546,4.573,9.956,4.632,4.133,5.642,10.0,EssenceCatalog/problems/csplib-prob010-SocialGolfers/params/2ad0459b98d05b4f70e1bd525aa6d215.param
0.996,0.852,-0.915,0.524,0.968,-0.992,-0.873,-0.772,-0.969,-0.814,0.943,0.975,0.762,-0.861,-0.803,0.901,-0.981,0.946,0.966,-0.958,-0.994,0.029,0.44,-0.885,-0.974,-0.348,-0.968,-0.971,0.971,0.096,0.914,0.977,0.99,0.862,0.992,0.972,0.939,-0.812,0.98,-0.653,0.709,0.529,-0.907,0.941,0.927,-0.994,-0.957,-0.931,-0.982,-0.474,0.971,-0.968,0.909,-0.985,-0.967,0.913,-0.901,0.902,-0.996,-0.968,0.9,0.98,-0.862,0.99,-0.997,-0.887,-0.857,-0.992,-0.99,-0.929,0.908,-0.987,0.85,0.939,-0.982,0.986,0.948,-0.957,-0.947,0.998,-0.996,0.882,-0.978,0.977,-0.988,-0.977,-0.957,0.997,0.987,0.948,-0.997,0.998,0.753,-0.824,-0.996,0.962,-0.99,0.991,-0.995,-0.985,8.342,5.492,10.451,10.434,10.464,10.504,10.478,10.567,6.868,5.783,10.465,10.44,7.279,7.317,10.466,10.449,EssenceCatalog/problems/csplib-prob010-SocialGolfers/params/9dd95263d2fe2d63e03656a10d7f83e2.param
0.999,0.966,-0.974,0.992,0.989,-0.995,-0.986,-0.987,-0.987,-0.976,0.986,0.994,0.994,-0.969,-0.991,0.981,-0.986,0.993,0.991,-0.99,-0.998,0.993,0.979,-0.992,-0.994,0.979,-0.987,-0.996,0.996,-0.982,0.982,0.996,0.995,0.973,0.997,0.994,0.986,-0.974,0.99,-0.977,0.889,0.99,-0.99,0.994,0.865,-0.998,-0.992,-0.981,-0.986,-0.99,0.978,-0.99,0.99,-0.996,-0.78,0.989,-0.981,0.99,-0.999,-0.948,0.978,0.996,0.887,0.994,-0.999,-0.986,-0.983,-0.997,-0.995,-0.99,0.988,-0.997,0.956,0.989,-0.996,0.996,0.695,-0.934,-0.975,0.997,-0.999,0.98,-0.99,0.984,-0.997,-0.997,-0.991,0.999,0.999,0.993,-1.0,0.999,0.984,-0.973,-0.998,0.993,-0.997,0.993,-0.998,-0.993,9.892,5.849,10.473,10.413,10.519,10.433,10.566,10.523,7.685,6.183,10.459,10.356,8.126,7.963,10.456,10.449,EssenceCatalog/problems/csplib-prob010-SocialGolfers/params/c068645cc8ba1daf9b9b7857b25e01a2.param
0.99,0.796,-0.85,-0.946,0.877,-0.994,-0.848,-0.721,-0.98,-0.81,0.451,0.975,0.323,-0.889,-0.568,0.72,-0.979,0.583,0.955,-0.837,-0.993,-0.845,0.505,-0.455,-0.975,-0.957,-0.966,-0.959,0.968,0.918,0.893,0.937,0.977,0.851,0.99,0.972,0.9,-0.921,0.989,-0.897,0.948,0.79,-0.805,-0.144,0.973,-0.989,-0.829,-0.786,-0.979,0.93,0.929,-0.938,0.963,-0.973,-0.982,0.704,-0.887,0.814,-0.992,-0.97,0.822,0.967,-0.89,0.99,-0.994,-0.689,-0.621,-0.982,-0.985,-0.673,0.879,-0.974,0.972,0.937,-0.974,0.983,0.913,-0.963,-0.406,0.994,-0.994,0.896,-0.973,0.983,-0.975,-0.966,-0.958,0.995,0.984,0.735,-0.997,0.997,0.469,-0.69,-0.995,0.907,-0.985,0.982,-0.995,-0.988,6.29,5.194,10.556,10.56,10.464,10.497,10.461,10.524,6.024,5.321,10.56,10.593,6.286,6.121,10.561,10.586,EssenceCatalog/problems/csplib-prob010-SocialGolfers/params/725d9d6f2fe078bd0cdeb9a2b6e759b6.param
0.994,0.778,-0.94,-0.665,0.952,-0.993,-0.841,-0.724,-0.984,-0.856,0.614,0.982,0.942,-0.911,-0.889,0.79,-0.984,0.933,0.947,-0.884,-0.993,-0.405,0.243,-0.931,-0.977,-0.818,-0.972,-0.96,0.964,0.626,0.906,0.974,0.982,0.934,0.988,0.968,0.882,-0.907,0.989,-0.861,0.88,0.943,-0.978,0.488,0.957,-0.992,-0.916,-0.865,-0.985,0.632,0.957,-0.951,0.955,-0.98,-0.983,0.892,-0.948,0.85,-0.993,-0.963,0.819,0.967,-0.845,0.986,-0.996,-0.788,-0.727,-0.99,-0.989,-0.812,0.904,-0.982,0.963,0.96,-0.985,0.988,0.907,-0.947,-0.505,0.996,-0.995,0.941,-0.971,0.977,-0.978,-0.984,-0.955,0.995,0.983,0.878,-0.997,0.997,0.487,-0.418,-0.996,0.96,-0.992,0.982,-0.997,-0.985,7.345,5.552,10.623,10.576,10.499,10.555,10.535,10.586,6.589,5.759,10.617,10.619,6.866,6.868,10.61,10.637,EssenceCatalog/problems/csplib-prob010-SocialGolfers/params/53b0d4badc0fb0d364dbe7c3917649f6.param
0.986,0.852,-0.569,-0.891,0.794,-0.994,-0.9,-0.82,-0.981,-0.758,0.692,0.964,-0.753,-0.911,-0.076,0.794,-0.972,-0.226,0.968,-0.867,-0.993,-0.731,0.842,0.402,-0.975,-0.936,-0.971,-0.973,0.974,0.897,0.909,0.911,0.977,0.641,0.991,0.973,0.925,-0.92,0.991,-0.92,0.946,0.305,0.299,0.192,0.963,-0.989,-0.863,-0.897,-0.98,0.827,0.876,-0.954,0.958,-0.969,-0.969,0.557,-0.713,0.868,-0.993,-0.968,0.865,0.978,-0.774,0.992,-0.995,-0.704,-0.709,-0.981,-0.974,-0.652,0.863,-0.969,0.97,0.935,-0.974,0.977,0.88,-0.968,-0.746,0.993,-0.992,0.797,-0.975,0.985,-0.983,-0.964,-0.959,0.994,0.988,0.696,-0.998,0.997,0.756,-0.93,-0.993,0.851,-0.976,0.984,-0.992,-0.989,5.735,4.62,10.585,10.516,10.539,10.52,10.511,10.453,5.531,4.726,10.573,10.457,5.863,5.413,10.547,10.503,EssenceCatalog/problems/csplib-prob010-SocialGolfers/params/4688da430afd94c8463e17f66cab4183.param
0.99,0.832,-0.83,-0.969,0.853,-0.995,-0.836,-0.717,-0.979,-0.786,0.612,0.969,-0.41,-0.868,-0.208,0.736,-0.982,0.269,0.964,-0.847,-0.994,-0.937,0.55,0.107,-0.977,-0.975,-0.97,-0.959,0.969,0.964,0.884,0.923,0.978,0.801,0.991,0.977,0.923,-0.906,0.988,-0.893,0.954,0.281,-0.526,-0.425,0.977,-0.99,-0.806,-0.755,-0.977,0.96,0.954,-0.946,0.954,-0.972,-0.988,0.555,-0.875,0.803,-0.994,-0.983,0.863,0.97,-0.949,0.994,-0.995,-0.657,-0.588,-0.981,-0.985,-0.7,0.871,-0.974,0.964,0.914,-0.969,0.984,0.944,-0.973,-0.64,0.995,-0.994,0.868,-0.977,0.986,-0.976,-0.96,-0.961,0.995,0.983,0.727,-0.998,0.997,0.435,-0.793,-0.995,0.868,-0.982,0.989,-0.995,-0.991,5.67,4.823,10.546,10.568,10.517,10.534,10.502,10.531,5.583,4.934,10.541,10.577,5.887,5.617,10.571,10.566,EssenceCatalog/problems/csplib-prob010-SocialGolfers/params/d4eb8606396aed16951453cb8420398a.param
0.998,0.903,-0.966,0.93,0.986,-0.994,-0.945,-0.914,-0.978,-0.899,0.977,0.986,0.972,-0.909,-0.953,0.955,-0.986,0.988,0.98,-0.982,-0.995,0.794,0.706,-0.978,-0.982,0.628,-0.972,-0.985,0.986,-0.725,0.951,0.993,0.994,0.944,0.995,0.983,0.961,-0.877,0.983,-0.812,0.629,0.843,-0.983,0.983,0.878,-0.996,-0.982,-0.959,-0.987,-0.908,0.984,-0.981,0.95,-0.992,-0.945,0.968,-0.957,0.959,-0.998,-0.964,0.929,0.99,-0.642,0.991,-0.998,-0.957,-0.933,-0.995,-0.994,-0.971,0.96,-0.995,0.856,0.966,-0.99,0.993,0.947,-0.945,-0.973,0.999,-0.998,0.943,-0.985,0.974,-0.993,-0.99,-0.977,0.998,0.995,0.983,-0.999,0.998,0.893,-0.879,-0.997,0.984,-0.994,0.993,-0.998,-0.988,9.395,5.714,10.448,10.414,10.497,10.489,10.527,10.555,7.385,6.065,10.472,10.373,7.817,7.815,10.444,10.434,EssenceCatalog/problems/csplib-prob010-SocialGolfers/params/acecb32df5202e7e835cdbae551bfa8a.param
0.991,0.893,-0.396,0.087,0.844,-0.993,-0.932,-0.91,-0.981,-0.795,0.903,0.966,-0.742,-0.933,-0.382,0.918,-0.97,0.064,0.977,-0.935,-0.994,0.172,0.934,0.112,-0.976,-0.504,-0.977,-0.987,0.981,0.526,0.938,0.947,0.985,0.619,0.991,0.973,0.954,-0.929,0.99,-0.91,0.899,0.312,0.621,0.897,0.938,-0.992,-0.939,-0.962,-0.98,-0.307,0.842,-0.969,0.946,-0.977,-0.932,0.743,-0.569,0.933,-0.995,-0.948,0.919,0.989,-0.218,0.992,-0.997,-0.842,-0.867,-0.987,-0.976,-0.855,0.894,-0.976,0.958,0.951,-0.982,0.974,0.824,-0.96,-0.929,0.995,-0.994,0.744,-0.976,0.981,-0.989,-0.971,-0.967,0.995,0.993,0.857,-0.998,0.998,0.931,-0.972,-0.995,0.886,-0.979,0.984,-0.99,-0.986,7.141,4.815,10.451,10.315,10.426,10.364,10.404,10.276,6.107,4.975,10.407,10.22,6.528,6.097,10.377,10.282,EssenceCatalog/problems/csplib-prob010-SocialGolfers/params/2344bf2d4c29d2245ff0bba492b300ee.param
0.992,0.781,-0.923,-0.87,0.93,-0.994,-0.835,-0.721,-0.984,-0.857,0.452,0.982,0.889,-0.91,-0.85,0.753,-0.984,0.874,0.946,-0.85,-0.993,-0.644,0.321,-0.875,-0.977,-0.906,-0.972,-0.96,0.964,0.804,0.904,0.966,0.979,0.926,0.988,0.97,0.878,-0.923,0.989,-0.898,0.925,0.941,-0.966,0.124,0.966,-0.991,-0.883,-0.821,-0.984,0.843,0.949,-0.946,0.962,-0.977,-0.985,0.846,-0.941,0.83,-0.992,-0.966,0.806,0.965,-0.854,0.988,-0.995,-0.738,-0.683,-0.988,-0.988,-0.758,0.903,-0.979,0.972,0.955,-0.982,0.988,0.905,-0.954,-0.327,0.996,-0.995,0.94,-0.971,0.979,-0.976,-0.98,-0.957,0.995,0.983,0.825,-0.997,0.997,0.443,-0.439,-0.996,0.943,-0.99,0.98,-0.996,-0.987,6.908,5.486,10.607,10.576,10.467,10.521,10.493,10.554,6.401,5.652,10.605,10.628,6.65,6.607,10.601,10.635,EssenceCatalog/problems/csplib-prob010-SocialGolfers/params/75c9359e5ab7a9570287abb845cb01db.param
0.993,0.777,-0.923,-0.472,0.954,-0.992,-0.834,-0.683,-0.98,-0.804,0.757,0.976,0.875,-0.9,-0.808,0.794,-0.98,0.92,0.947,-0.906,-0.993,-0.402,0.193,-0.889,-0.972,-0.774,-0.966,-0.953,0.959,0.572,0.893,0.967,0.982,0.889,0.988,0.963,0.89,-0.863,0.989,-0.767,0.822,0.842,-0.953,0.687,0.952,-0.992,-0.923,-0.891,-0.985,0.441,0.955,-0.953,0.933,-0.98,-0.978,0.888,-0.921,0.841,-0.993,-0.962,0.826,0.964,-0.876,0.985,-0.995,-0.79,-0.743,-0.988,-0.987,-0.819,0.874,-0.98,0.942,0.951,-0.984,0.983,0.921,-0.948,-0.707,0.997,-0.995,0.906,-0.969,0.975,-0.979,-0.978,-0.948,0.995,0.98,0.883,-0.996,0.997,0.501,-0.543,-0.995,0.96,-0.99,0.985,-0.995,-0.983,7.437,5.488,10.557,10.515,10.461,10.525,10.492,10.559,6.57,5.706,10.556,10.55,6.878,6.904,10.556,10.563,EssenceCatalog/problems/csplib-prob010-SocialGolfers/params/48e286ea856954a425c8d5cdd70f3a51.param
0.991,0.832,-0.81,-0.967,0.844,-0.996,-0.833,-0.742,-0.976,-0.76,0.691,0.963,-0.669,-0.844,-0.019,0.765,-0.982,0.097,0.971,-0.864,-0.995,-0.959,0.614,0.449,-0.979,-0.979,-0.971,-0.956,0.97,0.972,0.878,0.918,0.979,0.776,0.992,0.978,0.94,-0.901,0.987,-0.882,0.953,-0.235,-0.279,-0.492,0.976,-0.99,-0.8,-0.753,-0.972,0.961,0.96,-0.955,0.945,-0.973,-0.988,0.458,-0.867,0.803,-0.994,-0.986,0.884,0.976,-0.965,0.995,-0.995,-0.641,-0.53,-0.98,-0.985,-0.722,0.868,-0.977,0.96,0.904,-0.969,0.982,0.953,-0.973,-0.775,0.995,-0.994,0.845,-0.98,0.988,-0.975,-0.959,-0.962,0.995,0.984,0.758,-0.997,0.997,0.445,-0.85,-0.995,0.856,-0.981,0.991,-0.994,-0.991,5.363,4.605,10.528,10.553,10.528,10.54,10.52,10.536,5.346,4.71,10.508,10.555,5.677,5.355,10.568,10.539,EssenceCatalog/problems/csplib-prob010-SocialGolfers/params/0ec2155dca86c5ff156cdd43b9cf52aa.param
0.99,0.813,-0.83,-0.955,0.866,-0.995,-0.839,-0.714,-0.979,-0.786,0.588,0.969,-0.204,-0.875,-0.312,0.726,-0.98,0.383,0.96,-0.847,-0.994,-0.909,0.522,-0.062,-0.975,-0.967,-0.967,-0.958,0.968,0.947,0.881,0.925,0.977,0.8,0.99,0.974,0.915,-0.904,0.988,-0.88,0.946,0.461,-0.609,-0.268,0.974,-0.99,-0.827,-0.779,-0.978,0.942,0.944,-0.945,0.952,-0.972,-0.984,0.622,-0.869,0.802,-0.993,-0.979,0.848,0.968,-0.933,0.992,-0.995,-0.664,-0.6,-0.981,-0.984,-0.696,0.865,-0.973,0.965,0.924,-0.97,0.983,0.934,-0.969,-0.602,0.995,-0.994,0.871,-0.975,0.985,-0.975,-0.961,-0.957,0.994,0.983,0.735,-0.997,0.997,0.445,-0.765,-0.995,0.884,-0.983,0.987,-0.994,-0.99,5.88,4.937,10.55,10.56,10.498,10.522,10.485,10.526,5.721,5.051,10.549,10.576,6.015,5.785,10.566,10.566,EssenceCatalog/problems/csplib-prob010-SocialGolfers/params/865b7a29caf6fc73c89d543209dd2b7a.param
0.993,0.78,-0.909,-0.638,0.938,-0.991,-0.793,-0.583,-0.971,-0.756,0.84,0.965,0.441,-0.844,-0.517,0.765,-0.976,0.85,0.954,-0.906,-0.992,-0.781,0.108,-0.661,-0.971,-0.89,-0.96,-0.941,0.952,0.789,0.861,0.952,0.982,0.794,0.988,0.961,0.907,-0.783,0.983,-0.618,0.815,0.228,-0.863,0.581,0.959,-0.991,-0.897,-0.855,-0.979,0.647,0.965,-0.949,0.898,-0.976,-0.979,0.809,-0.891,0.808,-0.994,-0.975,0.85,0.961,-0.953,0.987,-0.994,-0.748,-0.662,-0.984,-0.985,-0.822,0.837,-0.977,0.911,0.919,-0.977,0.978,0.952,-0.958,-0.857,0.997,-0.994,0.847,-0.97,0.978,-0.974,-0.961,-0.942,0.995,0.974,0.867,-0.996,0.997,0.389,-0.636,-0.995,0.937,-0.986,0.99,-0.993,-0.983,6.682,5.193,10.456,10.473,10.42,10.502,10.442,10.541,6.112,5.357,10.455,10.525,6.422,6.46,10.514,10.503,EssenceCatalog/problems/csplib-prob010-SocialGolfers/params/a522d056490269bc4a97bb149589b5c6.param
0.995,0.849,-0.765,-0.935,0.383,-0.998,0.106,-0.4,0.488,-0.638,0.666,0.986,-0.854,0.806,-0.91,0.944,-0.994,0.81,0.982,-0.658,-0.994,-0.969,0.701,-0.68,-0.992,-0.994,-0.988,-0.97,0.991,0.97,0.94,0.963,0.994,0.967,0.997,0.996,0.968,-0.937,-0.789,-0.881,0.979,-0.722,-0.915,0.352,0.981,-0.989,-0.019,0.877,0.665,0.971,0.992,-0.469,0.973,-0.957,-0.994,-0.671,-0.929,0.9,-0.997,-0.996,0.96,0.988,-0.972,0.999,-0.997,-0.829,-0.797,-0.997,-0.996,-0.955,0.967,-0.993,-0.429,-0.491,0.462,0.997,0.979,-0.991,-0.923,0.998,-0.997,0.904,-0.985,0.993,-0.992,-0.94,-0.981,0.998,0.995,0.895,-0.999,0.998,0.847,-0.874,-0.998,-0.518,-0.988,0.997,-0.998,-0.996,4.769,3.938,6.608,10.387,10.714,10.646,10.687,10.783,4.657,4.181,6.611,10.415,5.201,4.948,7.505,10.41,EssenceCatalog/problems/csplib-prob010-SocialGolfers/params/8540e210b6737c6614e699dbfe60fa9a.param
0.992,0.888,-0.812,-0.986,0.8,-0.997,-0.861,-0.781,-0.977,-0.76,0.795,0.956,-0.942,-0.834,0.513,0.795,-0.987,-0.417,0.982,-0.877,-0.996,-0.985,0.757,0.857,-0.986,-0.99,-0.976,-0.965,0.978,0.989,0.896,0.905,0.984,0.752,0.994,0.987,0.966,-0.911,0.986,-0.918,0.971,-0.823,0.421,-0.832,0.982,-0.991,-0.756,-0.736,-0.968,0.984,0.976,-0.96,0.945,-0.977,-0.993,0.135,-0.884,0.845,-0.997,-0.994,0.939,0.983,-0.984,0.997,-0.996,-0.626,-0.534,-0.983,-0.989,-0.74,0.872,-0.981,0.957,0.865,-0.967,0.988,0.976,-0.985,-0.896,0.996,-0.995,0.838,-0.986,0.992,-0.978,-0.957,-0.974,0.996,0.987,0.8,-0.998,0.998,0.439,-0.927,-0.996,0.785,-0.978,0.996,-0.995,-0.995,4.89,4.253,10.518,10.517,10.598,10.573,10.585,10.526,4.97,4.357,10.484,10.51,5.332,4.878,10.547,10.505,EssenceCatalog/problems/csplib-prob010-SocialGolfers/params/3c99d857fe859b96bd289e8fcf747296.param
0.99,0.79,-0.866,-0.932,0.893,-0.994,-0.845,-0.721,-0.982,-0.825,0.417,0.978,0.584,-0.901,-0.679,0.725,-0.981,0.687,0.95,-0.834,-0.993,-0.788,0.474,-0.633,-0.975,-0.945,-0.968,-0.961,0.967,0.89,0.896,0.945,0.977,0.875,0.989,0.972,0.889,-0.924,0.989,-0.904,0.945,0.873,-0.878,-0.069,0.971,-0.99,-0.846,-0.802,-0.981,0.912,0.93,-0.94,0.964,-0.974,-0.983,0.755,-0.902,0.816,-0.992,-0.967,0.814,0.965,-0.865,0.989,-0.995,-0.698,-0.643,-0.984,-0.985,-0.684,0.884,-0.974,0.973,0.945,-0.977,0.985,0.903,-0.961,-0.325,0.995,-0.994,0.913,-0.971,0.981,-0.976,-0.972,-0.957,0.994,0.983,0.752,-0.997,0.997,0.467,-0.631,-0.995,0.919,-0.986,0.981,-0.995,-0.988,6.505,5.312,10.566,10.557,10.453,10.491,10.456,10.523,6.17,5.449,10.571,10.6,6.421,6.294,10.566,10.596,EssenceCatalog/problems/csplib-prob010-SocialGolfers/params/86f26e0dcccbafa9db2844953264f054.param
0.99,0.79,-0.866,-0.936,0.892,-0.994,-0.837,-0.71,-0.981,-0.816,0.45,0.976,0.493,-0.894,-0.634,0.72,-0.981,0.663,0.951,-0.836,-0.993,-0.824,0.453,-0.576,-0.975,-0.951,-0.968,-0.958,0.966,0.905,0.891,0.943,0.976,0.864,0.989,0.972,0.892,-0.917,0.989,-0.893,0.943,0.828,-0.861,-0.103,0.971,-0.99,-0.84,-0.795,-0.98,0.918,0.936,-0.94,0.96,-0.973,-0.984,0.739,-0.899,0.81,-0.992,-0.97,0.819,0.965,-0.889,0.99,-0.995,-0.69,-0.628,-0.983,-0.985,-0.689,0.881,-0.974,0.971,0.94,-0.975,0.985,0.913,-0.962,-0.388,0.995,-0.994,0.906,-0.972,0.982,-0.975,-0.969,-0.956,0.994,0.982,0.748,-0.997,0.997,0.445,-0.643,-0.995,0.914,-0.986,0.982,-0.995,-0.988,6.416,5.266,10.557,10.554,10.453,10.493,10.455,10.523,6.107,5.4,10.562,10.595,6.363,6.234,10.562,10.588,EssenceCatalog/problems/csplib-prob010-SocialGolfers/params/28ea6152d20e4b6699e7fe50a17868f4.param
0.994,0.836,-0.736,-0.942,-0.541,-0.998,0.67,-0.397,0.949,-0.492,0.63,0.987,-0.945,0.98,-0.981,0.978,-0.99,0.837,0.977,-0.18,-0.99,-0.969,0.781,-0.896,-0.991,-0.995,-0.984,-0.95,0.994,0.968,0.947,0.973,0.995,0.988,0.997,0.995,0.971,-0.946,-0.99,-0.774,0.985,-0.847,-0.967,0.755,0.981,-0.966,0.775,0.984,0.981,0.976,0.989,0.675,0.975,-0.919,-0.995,-0.938,-0.916,0.939,-0.997,-0.994,0.942,0.986,-0.97,0.999,-0.993,-0.804,-0.854,-0.995,-0.997,-0.968,0.984,-0.992,-0.933,-0.96,0.968,0.997,0.985,-0.994,-0.927,0.996,-0.996,0.834,-0.979,0.986,-0.99,-0.635,-0.984,0.996,0.994,0.868,-0.998,0.995,0.939,-0.903,-0.997,-0.953,-0.984,0.995,-0.997,-0.994,4.222,3.482,4.943,10.111,10.567,10.439,10.583,10.736,4.226,3.725,4.996,10.112,4.793,4.365,6.057,10.152,EssenceCatalog/problems/csplib-prob010-SocialGolfers/params/f6abfe69889673e3a32906eb87f09737.param
0.989,0.892,-0.313,-0.304,0.772,-0.994,-0.933,-0.911,-0.978,-0.79,0.863,0.966,-0.861,-0.923,-0.239,0.912,-0.969,-0.245,0.979,-0.918,-0.994,-0.058,0.949,0.371,-0.978,-0.71,-0.978,-0.987,0.982,0.683,0.943,0.938,0.985,0.584,0.992,0.975,0.957,-0.939,0.989,-0.931,0.933,0.2,0.745,0.815,0.949,-0.991,-0.919,-0.947,-0.974,0.075,0.818,-0.962,0.958,-0.975,-0.936,0.608,-0.547,0.932,-0.994,-0.955,0.914,0.989,-0.273,0.993,-0.997,-0.826,-0.849,-0.986,-0.975,-0.821,0.898,-0.975,0.963,0.942,-0.976,0.975,0.825,-0.965,-0.912,0.994,-0.994,0.735,-0.977,0.985,-0.989,-0.968,-0.969,0.995,0.993,0.817,-0.998,0.998,0.928,-0.977,-0.995,0.835,-0.978,0.984,-0.991,-0.988,6.547,4.647,10.497,10.373,10.466,10.403,10.443,10.293,5.82,4.774,10.442,10.266,6.217,5.717,10.424,10.343,EssenceCatalog/problems/csplib-prob010-SocialGolfers/params/a8f2aa0e0ad7b38d697920364c4c04c6.param
0.997,0.833,-0.958,0.372,0.976,-0.993,-0.878,-0.766,-0.979,-0.847,0.918,0.982,0.955,-0.897,-0.902,0.894,-0.984,0.977,0.962,-0.954,-0.994,0.142,0.244,-0.963,-0.978,-0.352,-0.969,-0.97,0.971,-0.008,0.922,0.985,0.99,0.928,0.991,0.971,0.925,-0.847,0.986,-0.738,0.716,0.839,-0.981,0.913,0.929,-0.995,-0.96,-0.929,-0.986,-0.32,0.977,-0.966,0.936,-0.987,-0.975,0.937,-0.949,0.902,-0.996,-0.967,0.874,0.977,-0.876,0.987,-0.997,-0.89,-0.856,-0.993,-0.992,-0.918,0.917,-0.989,0.899,0.955,-0.987,0.989,0.948,-0.949,-0.899,0.998,-0.997,0.926,-0.978,0.975,-0.987,-0.985,-0.962,0.997,0.987,0.955,-0.997,0.998,0.673,-0.653,-0.996,0.975,-0.993,0.99,-0.997,-0.985,8.455,5.606,10.51,10.46,10.478,10.52,10.501,10.563,6.982,5.908,10.522,10.457,7.371,7.424,10.503,10.48,EssenceCatalog/problems/csplib-prob010-SocialGolfers/params/de9ad66eab8ef93dac450f6c0620bf18.param
0.991,0.85,-0.824,-0.975,0.844,-0.996,-0.829,-0.714,-0.977,-0.782,0.664,0.967,-0.612,-0.857,-0.057,0.745,-0.983,0.145,0.967,-0.85,-0.995,-0.954,0.573,0.305,-0.98,-0.98,-0.972,-0.961,0.971,0.972,0.886,0.918,0.979,0.784,0.991,0.98,0.931,-0.901,0.986,-0.897,0.958,0.018,-0.375,-0.517,0.978,-0.99,-0.799,-0.741,-0.975,0.968,0.962,-0.948,0.951,-0.972,-0.989,0.489,-0.874,0.806,-0.994,-0.987,0.881,0.972,-0.96,0.995,-0.995,-0.654,-0.594,-0.982,-0.986,-0.712,0.869,-0.975,0.96,0.901,-0.966,0.986,0.953,-0.978,-0.705,0.996,-0.994,0.863,-0.979,0.988,-0.978,-0.959,-0.963,0.995,0.983,0.73,-0.998,0.998,0.43,-0.826,-0.995,0.846,-0.981,0.991,-0.995,-0.992,5.458,4.681,10.537,10.561,10.533,10.546,10.518,10.53,5.428,4.791,10.526,10.563,5.747,5.438,10.573,10.552,EssenceCatalog/problems/csplib-prob010-SocialGolfers/params/f000718a5ef8450dbeeea4f098360135.param
0.999,0.911,-0.974,0.939,0.988,-0.994,-0.954,-0.928,-0.979,-0.915,0.977,0.989,0.986,-0.917,-0.971,0.96,-0.987,0.992,0.981,-0.983,-0.996,0.872,0.723,-0.987,-0.985,0.711,-0.974,-0.987,0.988,-0.81,0.961,0.994,0.994,0.96,0.995,0.985,0.963,-0.898,0.985,-0.854,0.667,0.914,-0.99,0.985,0.874,-0.996,-0.985,-0.96,-0.987,-0.919,0.986,-0.981,0.963,-0.993,-0.946,0.972,-0.968,0.967,-0.998,-0.962,0.93,0.991,-0.547,0.991,-0.998,-0.964,-0.943,-0.996,-0.995,-0.973,0.967,-0.995,0.867,0.969,-0.991,0.994,0.94,-0.945,-0.969,0.999,-0.998,0.956,-0.986,0.976,-0.994,-0.992,-0.981,0.998,0.995,0.986,-0.999,0.998,0.909,-0.874,-0.997,0.987,-0.995,0.993,-0.998,-0.989,9.5,5.751,10.47,10.435,10.522,10.508,10.556,10.57,7.451,6.104,10.493,10.388,7.883,7.864,10.462,10.458,EssenceCatalog/problems/csplib-prob010-SocialGolfers/params/209e8b695f612e5574a46a417bfe1bdc.param
0.991,0.833,-0.854,-0.971,0.859,-0.996,-0.818,-0.691,-0.977,-0.794,0.616,0.97,-0.339,-0.857,-0.242,0.73,-0.983,0.356,0.962,-0.845,-0.994,-0.944,0.484,0.015,-0.979,-0.978,-0.971,-0.958,0.969,0.965,0.884,0.927,0.979,0.814,0.991,0.978,0.922,-0.9,0.986,-0.885,0.954,0.295,-0.612,-0.455,0.978,-0.99,-0.801,-0.726,-0.975,0.965,0.961,-0.943,0.953,-0.972,-0.989,0.564,-0.89,0.801,-0.994,-0.985,0.867,0.969,-0.957,0.994,-0.995,-0.659,-0.593,-0.983,-0.986,-0.715,0.871,-0.975,0.96,0.906,-0.967,0.986,0.951,-0.976,-0.639,0.996,-0.994,0.876,-0.978,0.987,-0.977,-0.959,-0.961,0.995,0.982,0.736,-0.998,0.997,0.384,-0.76,-0.995,0.863,-0.983,0.99,-0.995,-0.992,5.705,4.862,10.529,10.566,10.51,10.533,10.496,10.533,5.609,4.975,10.526,10.583,5.91,5.674,10.563,10.567,EssenceCatalog/problems/csplib-prob010-SocialGolfers/params/bc2269224fbd359f9fca7e4703e29d2c.param
0.989,0.878,-0.64,-0.936,0.806,-0.996,-0.871,-0.762,-0.976,-0.718,0.84,0.949,-0.925,-0.876,0.455,0.796,-0.978,-0.381,0.973,-0.882,-0.994,-0.934,0.776,0.789,-0.978,-0.967,-0.973,-0.968,0.967,0.962,0.884,0.891,0.979,0.529,0.991,0.981,0.949,-0.867,0.987,-0.89,0.939,-0.698,0.604,-0.269,0.969,-0.99,-0.858,-0.865,-0.976,0.918,0.955,-0.967,0.923,-0.968,-0.984,0.394,-0.754,0.835,-0.995,-0.986,0.916,0.979,-0.951,0.995,-0.995,-0.652,-0.655,-0.982,-0.98,-0.743,0.827,-0.972,0.951,0.902,-0.97,0.979,0.949,-0.98,-0.899,0.996,-0.993,0.769,-0.978,0.988,-0.98,-0.96,-0.961,0.994,0.984,0.745,-0.998,0.997,0.595,-0.938,-0.994,0.821,-0.968,0.993,-0.991,-0.991,5.113,4.27,10.521,10.453,10.549,10.535,10.532,10.449,5.066,4.375,10.492,10.424,5.441,4.973,10.527,10.435,EssenceCatalog/problems/csplib-prob010-SocialGolfers/params/739032a5ae3092063501b6b7f33df14e.param
0.99,0.843,-0.803,-0.971,0.84,-0.996,-0.846,-0.745,-0.978,-0.771,0.676,0.965,-0.669,-0.86,-0.011,0.756,-0.982,0.055,0.969,-0.858,-0.995,-0.954,0.624,0.426,-0.978,-0.978,-0.972,-0.96,0.971,0.972,0.883,0.915,0.978,0.771,0.992,0.978,0.936,-0.905,0.988,-0.896,0.957,-0.099,-0.252,-0.508,0.977,-0.99,-0.803,-0.764,-0.975,0.963,0.957,-0.953,0.95,-0.972,-0.988,0.469,-0.862,0.807,-0.994,-0.986,0.881,0.975,-0.958,0.994,-0.995,-0.645,-0.56,-0.981,-0.985,-0.703,0.869,-0.975,0.964,0.908,-0.969,0.983,0.949,-0.975,-0.736,0.995,-0.994,0.85,-0.979,0.987,-0.976,-0.958,-0.963,0.995,0.984,0.739,-0.998,0.997,0.457,-0.852,-0.995,0.852,-0.98,0.991,-0.994,-0.992,5.387,4.62,10.544,10.553,10.534,10.542,10.52,10.526,5.37,4.726,10.527,10.55,5.697,5.357,10.573,10.541,EssenceCatalog/problems/csplib-prob010-SocialGolfers/params/7c402bd76903a1ed8cae7839abefbde6.param
0.988,0.781,-0.794,-0.832,0.898,-0.992,-0.857,-0.758,-0.983,-0.778,0.536,0.97,0.411,-0.914,-0.627,0.746,-0.975,0.606,0.948,-0.855,-0.992,-0.643,0.563,-0.541,-0.968,-0.893,-0.965,-0.957,0.962,0.83,0.888,0.939,0.974,0.823,0.987,0.963,0.886,-0.907,0.992,-0.881,0.912,0.819,-0.763,0.322,0.961,-0.989,-0.875,-0.879,-0.985,0.767,0.901,-0.95,0.95,-0.972,-0.975,0.775,-0.847,0.819,-0.991,-0.955,0.8,0.965,-0.794,0.987,-0.994,-0.701,-0.663,-0.982,-0.98,-0.687,0.862,-0.97,0.971,0.952,-0.981,0.977,0.864,-0.951,-0.472,0.994,-0.992,0.874,-0.965,0.977,-0.974,-0.971,-0.947,0.993,0.981,0.754,-0.997,0.996,0.586,-0.725,-0.994,0.927,-0.984,0.978,-0.993,-0.984,6.655,5.26,10.555,10.52,10.437,10.468,10.44,10.493,6.202,5.397,10.555,10.541,6.469,6.318,10.54,10.55,EssenceCatalog/problems/csplib-prob010-SocialGolfers/params/7e109e582b8a3963240626564134ff7e.param
0.995,0.793,-0.928,-0.056,0.959,-0.99,-0.83,-0.685,-0.975,-0.783,0.894,0.971,0.759,-0.86,-0.738,0.844,-0.979,0.932,0.959,-0.936,-0.993,-0.501,0.191,-0.852,-0.971,-0.708,-0.964,-0.95,0.961,0.522,0.882,0.971,0.986,0.862,0.99,0.961,0.917,-0.794,0.985,-0.617,0.739,0.449,-0.934,0.832,0.942,-0.992,-0.931,-0.905,-0.983,0.115,0.969,-0.961,0.901,-0.982,-0.976,0.884,-0.912,0.855,-0.995,-0.97,0.859,0.969,-0.932,0.987,-0.995,-0.822,-0.742,-0.988,-0.988,-0.88,0.876,-0.984,0.9,0.937,-0.983,0.98,0.952,-0.948,-0.906,0.998,-0.995,0.87,-0.973,0.975,-0.979,-0.972,-0.947,0.996,0.98,0.92,-0.996,0.997,0.546,-0.671,-0.995,0.959,-0.989,0.99,-0.995,-0.982,7.554,5.406,10.488,10.489,10.447,10.525,10.477,10.591,6.537,5.634,10.492,10.524,6.893,6.963,10.522,10.517,EssenceCatalog/problems/csplib-prob010-SocialGolfers/params/8178601cccc8181973b9690660ac31b6.param
0.993,0.788,-0.896,-0.524,0.939,-0.991,-0.793,-0.592,-0.969,-0.739,0.869,0.963,0.348,-0.838,-0.485,0.787,-0.975,0.848,0.956,-0.914,-0.992,-0.761,0.157,-0.631,-0.97,-0.866,-0.961,-0.942,0.952,0.758,0.861,0.952,0.983,0.773,0.988,0.962,0.91,-0.767,0.983,-0.599,0.791,0.084,-0.834,0.673,0.954,-0.991,-0.907,-0.872,-0.979,0.54,0.965,-0.953,0.886,-0.976,-0.977,0.813,-0.881,0.817,-0.994,-0.975,0.856,0.962,-0.951,0.988,-0.994,-0.758,-0.68,-0.984,-0.984,-0.834,0.837,-0.978,0.896,0.918,-0.977,0.977,0.953,-0.957,-0.89,0.997,-0.994,0.833,-0.97,0.978,-0.975,-0.962,-0.942,0.995,0.974,0.875,-0.996,0.997,0.432,-0.686,-0.995,0.937,-0.984,0.99,-0.993,-0.982,6.73,5.156,10.434,10.465,10.421,10.502,10.441,10.545,6.105,5.323,10.435,10.512,6.432,6.467,10.503,10.487,EssenceCatalog/problems/csplib-prob010-SocialGolfers/params/bc700a8b5cf65ec424ad90a7ae0d5e60.param
0.986,0.839,-0.463,-0.714,0.802,-0.993,-0.9,-0.868,-0.982,-0.743,0.711,0.963,-0.674,-0.916,-0.327,0.85,-0.971,-0.113,0.968,-0.88,-0.993,-0.535,0.884,0.244,-0.97,-0.858,-0.973,-0.975,0.974,0.834,0.913,0.925,0.977,0.69,0.99,0.965,0.927,-0.929,0.992,-0.922,0.929,0.445,0.277,0.544,0.954,-0.988,-0.883,-0.925,-0.98,0.574,0.832,-0.959,0.954,-0.969,-0.962,0.615,-0.66,0.881,-0.992,-0.954,0.855,0.981,-0.588,0.991,-0.995,-0.724,-0.719,-0.981,-0.972,-0.701,0.88,-0.97,0.971,0.946,-0.978,0.97,0.824,-0.955,-0.774,0.992,-0.992,0.778,-0.971,0.981,-0.981,-0.968,-0.956,0.994,0.989,0.731,-0.997,0.997,0.834,-0.938,-0.993,0.869,-0.976,0.979,-0.99,-0.986,6.164,4.746,10.556,10.491,10.493,10.472,10.469,10.414,5.755,4.848,10.53,10.418,6.089,5.663,10.504,10.47,EssenceCatalog/problems/csplib-prob010-SocialGolfers/params/e14c8e8e9c9f3bc0cd822b35cfd880ba.param
0.99,0.795,-0.839,-0.781,0.912,-0.992,-0.797,-0.639,-0.973,-0.725,0.804,0.959,-0.121,-0.858,-0.288,0.757,-0.976,0.63,0.955,-0.888,-0.992,-0.849,0.337,-0.252,-0.97,-0.92,-0.964,-0.945,0.953,0.877,0.854,0.933,0.978,0.723,0.987,0.966,0.908,-0.807,0.986,-0.729,0.856,0.027,-0.636,0.379,0.959,-0.99,-0.884,-0.861,-0.979,0.757,0.956,-0.955,0.899,-0.972,-0.98,0.737,-0.843,0.796,-0.993,-0.976,0.855,0.962,-0.946,0.99,-0.994,-0.692,-0.631,-0.982,-0.982,-0.78,0.823,-0.972,0.928,0.92,-0.974,0.976,0.942,-0.962,-0.834,0.996,-0.992,0.823,-0.969,0.98,-0.974,-0.961,-0.941,0.994,0.974,0.811,-0.996,0.997,0.435,-0.744,-0.994,0.913,-0.98,0.989,-0.992,-0.985,6.178,4.948,10.478,10.487,10.447,10.506,10.459,10.521,5.805,5.079,10.474,10.515,6.125,6.027,10.527,10.498,EssenceCatalog/problems/csplib-prob010-SocialGolfers/params/f3e7291a013dc8e43cb6b392f70aa774.param
0.987,0.954,-0.942,-0.689,-0.443,-0.976,-0.896,0.833,0.986,-0.854,0.966,0.967,-0.981,0.936,0.885,0.724,0.576,0.817,0.959,-0.925,-0.993,0.871,-0.248,-0.638,-0.987,-0.959,0.141,-0.985,0.982,-0.883,0.939,0.638,0.994,-0.897,0.997,0.996,0.974,-0.22,-0.992,0.837,0.937,-0.945,0.954,0.95,0.98,-0.853,-0.689,0.92,0.974,0.853,0.933,0.928,0.963,-0.963,0.833,-0.724,-0.438,0.973,-0.996,-0.969,0.985,0.962,-0.888,0.947,-0.998,-0.972,-0.986,-0.919,-0.978,-0.933,0.843,-0.966,-0.976,-0.894,0.987,0.99,0.985,-0.997,-0.989,0.965,-0.997,-0.057,-0.985,0.992,-0.997,0.883,-0.985,0.996,0.986,0.837,-0.999,0.998,0.83,-0.965,-0.995,-0.852,-0.97,0.987,-0.982,-0.99,3.989,2.439,3.492,7.535,9.352,8.823,9.265,9.087,3.392,2.875,3.65,7.495,4.072,3.495,4.558,7.706,EssenceCatalog/problems/csplib-prob010-SocialGolfers/params/ord21-5-10-4.param
0.999,0.959,-0.976,0.991,0.99,-0.995,-0.984,-0.982,-0.984,-0.964,0.988,0.993,0.993,-0.959,-0.988,0.978,-0.986,0.994,0.989,-0.991,-0.998,0.989,0.958,-0.992,-0.992,0.972,-0.982,-0.994,0.995,-0.976,0.979,0.996,0.995,0.97,0.997,0.992,0.982,-0.959,0.99,-0.958,0.818,0.979,-0.99,0.995,0.836,-0.997,-0.992,-0.978,-0.988,-0.988,0.982,-0.989,0.985,-0.996,-0.813,0.988,-0.979,0.988,-0.999,-0.946,0.971,0.996,0.698,0.993,-0.999,-0.985,-0.978,-0.997,-0.995,-0.989,0.985,-0.997,0.931,0.987,-0.995,0.996,0.827,-0.932,-0.979,0.998,-0.999,0.975,-0.989,0.98,-0.996,-0.996,-0.991,0.999,0.998,0.993,-0.999,0.999,0.978,-0.961,-0.997,0.993,-0.996,0.993,-0.998,-0.992,9.858,5.835,10.468,10.415,10.52,10.444,10.566,10.532,7.654,6.172,10.461,10.358,8.099,7.96,10.456,10.447,EssenceCatalog/problems/csplib-prob010-SocialGolfers/params/59e4cd002cf10a77487608415b6fc7ea.param
0.987,0.825,-0.566,-0.859,0.803,-0.993,-0.882,-0.831,-0.98,-0.715,0.712,0.958,-0.742,-0.891,-0.117,0.817,-0.972,-0.137,0.968,-0.875,-0.993,-0.804,0.818,0.418,-0.971,-0.929,-0.97,-0.963,0.969,0.917,0.894,0.914,0.976,0.673,0.989,0.965,0.929,-0.908,0.992,-0.896,0.929,0.048,0.226,0.26,0.962,-0.988,-0.85,-0.894,-0.979,0.794,0.886,-0.957,0.945,-0.967,-0.972,0.549,-0.711,0.847,-0.992,-0.966,0.85,0.979,-0.833,0.991,-0.994,-0.673,-0.624,-0.977,-0.975,-0.688,0.863,-0.971,0.968,0.935,-0.975,0.968,0.885,-0.959,-0.792,0.993,-0.992,0.759,-0.972,0.982,-0.976,-0.961,-0.953,0.993,0.986,0.71,-0.996,0.996,0.742,-0.922,-0.992,0.866,-0.975,0.983,-0.991,-0.986,5.682,4.597,10.538,10.502,10.498,10.491,10.485,10.459,5.482,4.694,10.522,10.455,5.819,5.409,10.518,10.483,EssenceCatalog/problems/csplib-prob010-SocialGolfers/params/9f54d7afd365f463e8d76c03a33e7128.param
0.999,0.966,-0.922,0.969,0.977,-0.996,-0.987,-0.986,-0.994,-0.981,0.964,0.993,0.977,-0.984,-0.989,0.98,-0.988,0.967,0.993,-0.982,-0.998,0.988,0.989,-0.976,-0.994,0.964,-0.99,-0.997,0.996,-0.957,0.986,0.993,0.994,0.972,0.995,0.993,0.984,-0.988,0.993,-0.99,0.959,0.995,-0.963,0.984,0.927,-0.999,-0.988,-0.986,-0.986,-0.979,0.929,-0.991,0.992,-0.995,-0.84,0.98,-0.964,0.989,-0.998,-0.942,0.976,0.995,0.967,0.995,-0.999,-0.975,-0.981,-0.996,-0.993,-0.98,0.987,-0.994,0.985,0.99,-0.997,0.997,0.059,-0.942,-0.923,0.996,-0.999,0.981,-0.989,0.987,-0.995,-0.996,-0.989,0.999,0.998,0.983,-1.0,0.999,0.986,-0.982,-0.997,0.99,-0.997,0.987,-0.998,-0.995,9.82,5.819,10.413,10.341,10.442,10.338,10.478,10.419,7.668,6.144,10.392,10.286,8.083,7.878,10.388,10.391,EssenceCatalog/problems/csplib-prob010-SocialGolfers/params/0a9f32b43aa36a3317c516c2af86af04.param
0.987,0.904,-0.391,-0.843,0.697,-0.996,-0.911,-0.835,-0.969,-0.747,0.859,0.96,-0.96,-0.892,0.399,0.855,-0.97,-0.566,0.979,-0.888,-0.994,-0.686,0.917,0.761,-0.981,-0.934,-0.977,-0.984,0.978,0.889,0.928,0.903,0.984,0.384,0.993,0.982,0.955,-0.909,0.983,-0.921,0.949,-0.501,0.858,0.361,0.962,-0.99,-0.881,-0.904,-0.968,0.778,0.901,-0.954,0.954,-0.971,-0.961,0.342,-0.602,0.907,-0.995,-0.979,0.923,0.986,-0.791,0.995,-0.997,-0.761,-0.815,-0.985,-0.977,-0.756,0.859,-0.971,0.947,0.9,-0.958,0.98,0.919,-0.981,-0.919,0.995,-0.994,0.71,-0.979,0.989,-0.989,-0.958,-0.969,0.995,0.991,0.754,-0.998,0.998,0.844,-0.974,-0.994,0.724,-0.97,0.991,-0.991,-0.991,5.404,4.272,10.509,10.449,10.565,10.522,10.533,10.413,5.198,4.382,10.48,10.365,5.577,5.045,10.488,10.423,EssenceCatalog/problems/csplib-prob010-SocialGolfers/params/5bedafe3fc61a9543658b6d118d74ced.param
0.986,0.844,-0.477,-0.692,0.826,-0.993,-0.912,-0.876,-0.986,-0.783,0.703,0.966,-0.565,-0.935,-0.415,0.847,-0.972,-0.055,0.967,-0.881,-0.993,-0.36,0.889,0.11,-0.971,-0.817,-0.973,-0.979,0.976,0.775,0.921,0.932,0.977,0.702,0.99,0.968,0.924,-0.936,0.993,-0.933,0.934,0.653,0.218,0.571,0.954,-0.99,-0.898,-0.935,-0.984,0.497,0.814,-0.962,0.96,-0.971,-0.959,0.681,-0.677,0.891,-0.992,-0.95,0.862,0.981,-0.433,0.991,-0.995,-0.738,-0.765,-0.983,-0.973,-0.705,0.881,-0.971,0.976,0.953,-0.982,0.975,0.796,-0.96,-0.724,0.993,-0.992,0.816,-0.972,0.981,-0.984,-0.971,-0.959,0.994,0.989,0.742,-0.998,0.997,0.846,-0.937,-0.993,0.886,-0.979,0.978,-0.991,-0.987,6.446,4.861,10.583,10.489,10.506,10.475,10.479,10.403,5.93,4.975,10.551,10.417,6.262,5.835,10.515,10.477,EssenceCatalog/problems/csplib-prob010-SocialGolfers/params/5b59983cdae264b6825cecbde89b45b6.param
0.988,0.836,-0.699,-0.913,0.844,-0.994,-0.848,-0.748,-0.978,-0.719,0.757,0.955,-0.723,-0.877,0.057,0.773,-0.977,0.006,0.965,-0.872,-0.993,-0.901,0.672,0.447,-0.973,-0.954,-0.97,-0.958,0.963,0.944,0.871,0.907,0.976,0.65,0.989,0.973,0.927,-0.871,0.989,-0.864,0.923,-0.217,0.045,-0.012,0.966,-0.989,-0.853,-0.862,-0.979,0.885,0.94,-0.96,0.928,-0.968,-0.982,0.56,-0.777,0.81,-0.993,-0.979,0.87,0.972,-0.932,0.993,-0.994,-0.647,-0.615,-0.98,-0.979,-0.711,0.836,-0.97,0.956,0.92,-0.972,0.975,0.93,-0.97,-0.814,0.995,-0.992,0.791,-0.973,0.984,-0.975,-0.96,-0.952,0.993,0.981,0.729,-0.997,0.997,0.571,-0.883,-0.993,0.867,-0.973,0.989,-0.991,-0.988,5.488,4.554,10.522,10.486,10.501,10.508,10.489,10.472,5.367,4.657,10.505,10.467,5.713,5.356,10.534,10.474,EssenceCatalog/problems/csplib-prob010-SocialGolfers/params/1ddcd82ff6739103e4b256ac3c6f6971.param
0.996,0.828,-0.959,0.227,0.975,-0.993,-0.857,-0.742,-0.979,-0.848,0.898,0.982,0.961,-0.894,-0.914,0.887,-0.986,0.978,0.958,-0.945,-0.993,0.042,0.188,-0.967,-0.979,-0.456,-0.971,-0.968,0.97,0.101,0.919,0.985,0.99,0.938,0.991,0.971,0.917,-0.85,0.984,-0.764,0.737,0.866,-0.986,0.886,0.931,-0.994,-0.955,-0.916,-0.985,-0.174,0.979,-0.963,0.938,-0.986,-0.981,0.932,-0.955,0.893,-0.995,-0.97,0.867,0.975,-0.885,0.987,-0.997,-0.879,-0.844,-0.994,-0.992,-0.914,0.915,-0.988,0.9,0.952,-0.986,0.99,0.947,-0.951,-0.871,0.998,-0.996,0.935,-0.977,0.976,-0.987,-0.986,-0.959,0.996,0.986,0.95,-0.997,0.998,0.629,-0.586,-0.996,0.973,-0.993,0.99,-0.997,-0.985,8.301,5.605,10.53,10.489,10.49,10.539,10.515,10.577,6.929,5.897,10.54,10.491,7.302,7.363,10.525,10.513,EssenceCatalog/problems/csplib-prob010-SocialGolfers/params/1e17f6716f0fb8ddef881c2b3a649f76.param
0.987,0.82,-0.606,-0.881,0.808,-0.993,-0.878,-0.819,-0.98,-0.716,0.712,0.957,-0.745,-0.886,-0.07,0.807,-0.973,-0.123,0.969,-0.873,-0.993,-0.843,0.792,0.442,-0.971,-0.939,-0.969,-0.961,0.968,0.93,0.89,0.912,0.976,0.678,0.99,0.966,0.929,-0.903,0.991,-0.888,0.929,-0.038,0.192,0.178,0.964,-0.988,-0.844,-0.884,-0.978,0.832,0.896,-0.957,0.943,-0.967,-0.974,0.536,-0.728,0.839,-0.993,-0.969,0.85,0.977,-0.867,0.991,-0.993,-0.667,-0.603,-0.977,-0.976,-0.692,0.86,-0.971,0.967,0.932,-0.975,0.968,0.9,-0.96,-0.797,0.993,-0.992,0.761,-0.973,0.982,-0.975,-0.959,-0.953,0.993,0.986,0.712,-0.996,0.996,0.71,-0.916,-0.992,0.866,-0.975,0.984,-0.991,-0.986,5.604,4.576,10.533,10.502,10.5,10.495,10.487,10.469,5.439,4.674,10.516,10.463,5.776,5.375,10.521,10.484,EssenceCatalog/problems/csplib-prob010-SocialGolfers/params/a289c1d070855fd484baf8a1b4d45f6f.param
0.99,0.822,-0.833,-0.965,0.859,-0.995,-0.838,-0.712,-0.979,-0.798,0.553,0.971,-0.17,-0.877,-0.326,0.722,-0.981,0.376,0.959,-0.842,-0.994,-0.914,0.535,-0.089,-0.977,-0.972,-0.969,-0.96,0.969,0.952,0.888,0.925,0.977,0.81,0.99,0.976,0.914,-0.911,0.988,-0.895,0.954,0.528,-0.635,-0.341,0.976,-0.99,-0.812,-0.767,-0.978,0.954,0.946,-0.941,0.958,-0.972,-0.986,0.614,-0.877,0.805,-0.993,-0.98,0.85,0.968,-0.932,0.993,-0.995,-0.664,-0.609,-0.982,-0.985,-0.68,0.871,-0.973,0.967,0.921,-0.97,0.985,0.935,-0.972,-0.553,0.995,-0.994,0.878,-0.976,0.985,-0.977,-0.962,-0.96,0.994,0.983,0.721,-0.998,0.997,0.449,-0.768,-0.995,0.88,-0.983,0.987,-0.995,-0.991,5.879,4.956,10.553,10.567,10.501,10.523,10.484,10.525,5.735,5.07,10.554,10.583,6.024,5.787,10.567,10.573,EssenceCatalog/problems/csplib-prob010-SocialGolfers/params/97472111773a53cd9a2f2db4e3b7f6b0.param
0.991,0.873,-0.808,-0.984,0.812,-0.997,-0.851,-0.742,-0.976,-0.787,0.71,0.966,-0.823,-0.85,0.205,0.757,-0.984,-0.145,0.973,-0.856,-0.995,-0.968,0.663,0.601,-0.982,-0.986,-0.973,-0.966,0.975,0.981,0.897,0.908,0.981,0.757,0.993,0.984,0.946,-0.909,0.985,-0.908,0.968,-0.333,-0.006,-0.664,0.981,-0.991,-0.773,-0.722,-0.972,0.979,0.965,-0.947,0.957,-0.974,-0.99,0.348,-0.87,0.827,-0.995,-0.99,0.903,0.977,-0.968,0.996,-0.996,-0.653,-0.591,-0.982,-0.987,-0.704,0.876,-0.976,0.961,0.885,-0.963,0.987,0.963,-0.982,-0.772,0.996,-0.995,0.851,-0.982,0.99,-0.981,-0.952,-0.97,0.995,0.986,0.736,-0.998,0.998,0.464,-0.887,-0.996,0.812,-0.98,0.993,-0.995,-0.994,5.166,4.468,10.526,10.541,10.565,10.56,10.545,10.518,5.202,4.574,10.505,10.531,5.544,5.151,10.558,10.522,EssenceCatalog/problems/csplib-prob010-SocialGolfers/params/884268ccff96ff04fd324adfde961a39.param
0.999,0.926,-0.976,0.969,0.989,-0.994,-0.965,-0.942,-0.976,-0.925,0.984,0.989,0.987,-0.919,-0.973,0.965,-0.986,0.993,0.983,-0.986,-0.996,0.921,0.793,-0.988,-0.985,0.838,-0.973,-0.989,0.99,-0.884,0.963,0.995,0.994,0.956,0.996,0.987,0.969,-0.896,0.983,-0.863,0.633,0.906,-0.989,0.99,0.846,-0.996,-0.988,-0.963,-0.986,-0.956,0.987,-0.983,0.964,-0.994,-0.92,0.977,-0.969,0.973,-0.998,-0.959,0.94,0.993,-0.396,0.991,-0.999,-0.972,-0.955,-0.996,-0.994,-0.98,0.971,-0.996,0.846,0.971,-0.991,0.994,0.94,-0.939,-0.978,0.999,-0.999,0.958,-0.987,0.974,-0.994,-0.992,-0.983,0.998,0.996,0.989,-0.999,0.998,0.933,-0.906,-0.997,0.988,-0.995,0.993,-0.998,-0.989,9.592,5.757,10.451,10.422,10.516,10.493,10.55,10.558,7.49,6.111,10.474,10.37,7.927,7.894,10.447,10.445,EssenceCatalog/problems/csplib-prob010-SocialGolfers/params/01cf05df9797761d3a7bcb364b1d5938.param
0.997,0.95,-0.66,0.82,0.939,-0.996,-0.977,-0.978,-0.994,-0.954,0.934,0.988,0.627,-0.984,-0.934,0.97,-0.983,0.73,0.988,-0.967,-0.997,0.942,0.985,-0.798,-0.99,0.788,-0.989,-0.997,0.994,-0.687,0.979,0.984,0.991,0.901,0.994,0.99,0.98,-0.982,0.994,-0.984,0.959,0.97,-0.421,0.955,0.943,-0.998,-0.975,-0.985,-0.989,-0.925,0.846,-0.988,0.985,-0.99,-0.918,0.933,-0.83,0.977,-0.997,-0.947,0.967,0.994,0.897,0.995,-0.999,-0.944,-0.959,-0.995,-0.986,-0.941,0.973,-0.99,0.986,0.983,-0.995,0.994,0.333,-0.963,-0.889,0.997,-0.998,0.943,-0.987,0.985,-0.995,-0.991,-0.986,0.998,0.997,0.953,-1.0,0.999,0.981,-0.984,-0.997,0.97,-0.994,0.985,-0.996,-0.994,9.387,5.622,10.335,10.212,10.336,10.236,10.356,10.258,7.382,5.91,10.305,10.139,7.809,7.529,10.282,10.248,EssenceCatalog/problems/csplib-prob010-SocialGolfers/params/a1cc0854ed2e0a30a9a9466c34d47d28.param
0.991,0.842,-0.811,-0.973,0.837,-0.996,-0.839,-0.74,-0.977,-0.773,0.681,0.965,-0.686,-0.849,0.001,0.759,-0.983,0.062,0.971,-0.857,-0.995,-0.959,0.614,0.444,-0.979,-0.98,-0.972,-0.959,0.972,0.974,0.884,0.916,0.979,0.779,0.992,0.979,0.939,-0.905,0.987,-0.892,0.958,-0.17,-0.263,-0.533,0.978,-0.99,-0.795,-0.745,-0.973,0.967,0.96,-0.952,0.95,-0.973,-0.989,0.446,-0.868,0.809,-0.994,-0.987,0.886,0.975,-0.963,0.995,-0.995,-0.646,-0.552,-0.981,-0.985,-0.711,0.87,-0.976,0.961,0.902,-0.967,0.984,0.954,-0.976,-0.75,0.996,-0.994,0.85,-0.98,0.988,-0.976,-0.957,-0.964,0.995,0.984,0.749,-0.998,0.997,0.449,-0.852,-0.995,0.847,-0.981,0.992,-0.995,-0.992,5.353,4.604,10.533,10.556,10.536,10.545,10.524,10.533,5.345,4.709,10.515,10.555,5.674,5.34,10.569,10.541,EssenceCatalog/problems/csplib-prob010-SocialGolfers/params/a2b37529ee65ddf9ea422345015208bf.param
0.991,0.856,-0.812,-0.981,0.835,-0.996,-0.868,-0.779,-0.98,-0.778,0.7,0.962,-0.809,-0.858,0.2,0.759,-0.983,-0.167,0.977,-0.869,-0.995,-0.971,0.69,0.667,-0.982,-0.985,-0.973,-0.962,0.976,0.981,0.889,0.912,0.98,0.768,0.993,0.982,0.952,-0.918,0.988,-0.909,0.967,-0.422,-0.002,-0.704,0.98,-0.99,-0.786,-0.749,-0.973,0.976,0.961,-0.957,0.955,-0.976,-0.988,0.359,-0.879,0.822,-0.995,-0.989,0.905,0.98,-0.97,0.996,-0.995,-0.641,-0.517,-0.979,-0.986,-0.704,0.874,-0.98,0.968,0.906,-0.971,0.984,0.96,-0.977,-0.801,0.995,-0.995,0.852,-0.983,0.99,-0.976,-0.958,-0.969,0.996,0.987,0.77,-0.998,0.998,0.449,-0.887,-0.995,0.845,-0.981,0.993,-0.995,-0.993,5.151,4.463,10.556,10.553,10.569,10.565,10.556,10.536,5.193,4.567,10.531,10.548,5.538,5.138,10.584,10.534,EssenceCatalog/problems/csplib-prob010-SocialGolfers/params/77ba62da5bc4d665f6c18434db3269d1.param
0.991,0.831,-0.846,-0.972,0.853,-0.995,-0.835,-0.707,-0.978,-0.797,0.582,0.971,-0.316,-0.865,-0.253,0.728,-0.982,0.335,0.963,-0.845,-0.995,-0.938,0.519,0.022,-0.978,-0.977,-0.97,-0.959,0.97,0.963,0.886,0.925,0.978,0.815,0.991,0.977,0.922,-0.91,0.987,-0.892,0.957,0.368,-0.598,-0.449,0.978,-0.99,-0.798,-0.733,-0.976,0.965,0.955,-0.941,0.957,-0.973,-0.988,0.565,-0.885,0.808,-0.994,-0.984,0.862,0.97,-0.949,0.993,-0.995,-0.664,-0.592,-0.982,-0.986,-0.694,0.873,-0.974,0.965,0.912,-0.968,0.985,0.947,-0.974,-0.608,0.995,-0.994,0.876,-0.978,0.986,-0.976,-0.959,-0.962,0.995,0.983,0.728,-0.998,0.997,0.414,-0.774,-0.995,0.87,-0.983,0.989,-0.995,-0.992,5.727,4.876,10.541,10.569,10.511,10.531,10.496,10.532,5.631,4.988,10.539,10.584,5.929,5.679,10.567,10.571,EssenceCatalog/problems/csplib-prob010-SocialGolfers/params/0d976ba5992c59ecc756ac2495079a50.param
0.991,0.875,-0.807,-0.983,0.818,-0.997,-0.846,-0.733,-0.976,-0.783,0.723,0.964,-0.819,-0.852,0.218,0.755,-0.984,-0.137,0.972,-0.857,-0.995,-0.967,0.655,0.609,-0.982,-0.985,-0.974,-0.965,0.974,0.98,0.895,0.906,0.981,0.746,0.993,0.984,0.944,-0.903,0.985,-0.907,0.966,-0.355,-0.0,-0.656,0.98,-0.991,-0.783,-0.731,-0.972,0.978,0.968,-0.95,0.954,-0.973,-0.99,0.362,-0.87,0.821,-0.995,-0.99,0.906,0.976,-0.969,0.996,-0.996,-0.648,-0.598,-0.982,-0.987,-0.705,0.87,-0.976,0.958,0.885,-0.962,0.987,0.963,-0.983,-0.777,0.996,-0.995,0.85,-0.982,0.99,-0.981,-0.955,-0.968,0.995,0.985,0.738,-0.998,0.998,0.452,-0.885,-0.995,0.812,-0.979,0.993,-0.995,-0.994,5.164,4.462,10.525,10.533,10.561,10.558,10.542,10.512,5.197,4.569,10.504,10.524,5.541,5.15,10.557,10.515,EssenceCatalog/problems/csplib-prob010-SocialGolfers/params/044f838e6e52dbf1593bce568f6ba3e3.param
0.985,0.95,-0.953,-0.404,-0.054,-0.966,-0.95,0.838,0.976,-0.879,0.961,0.963,-0.934,0.856,0.896,0.622,0.73,0.882,0.95,-0.944,-0.992,0.954,-0.225,-0.705,-0.984,-0.898,0.312,-0.984,0.979,-0.959,0.938,0.615,0.99,-0.925,0.996,0.995,0.965,-0.242,-0.985,0.854,0.922,-0.838,0.944,0.963,0.971,-0.849,-0.834,0.842,0.945,0.701,0.878,0.887,0.96,-0.965,0.944,-0.433,-0.445,0.97,-0.994,-0.933,0.981,0.954,-0.749,0.894,-0.997,-0.977,-0.986,-0.902,-0.966,-0.911,0.799,-0.961,-0.955,-0.771,0.972,0.986,0.97,-0.993,-0.985,0.938,-0.996,0.139,-0.981,0.99,-0.996,0.836,-0.979,0.995,0.986,0.861,-0.999,0.998,0.807,-0.954,-0.995,-0.586,-0.971,0.978,-0.974,-0.984,4.319,2.534,3.673,7.383,9.205,8.675,9.108,8.915,3.563,2.991,3.861,7.355,4.214,3.709,4.695,7.526,EssenceCatalog/problems/csplib-prob010-SocialGolfers/params/ord29-4-7-6.param
0.991,0.794,-0.881,-0.949,0.888,-0.994,-0.826,-0.698,-0.98,-0.815,0.479,0.976,0.401,-0.882,-0.589,0.723,-0.982,0.653,0.954,-0.838,-0.994,-0.876,0.406,-0.523,-0.976,-0.961,-0.969,-0.956,0.966,0.929,0.887,0.943,0.977,0.867,0.99,0.973,0.9,-0.912,0.988,-0.886,0.945,0.758,-0.857,-0.224,0.974,-0.99,-0.827,-0.762,-0.979,0.938,0.948,-0.938,0.958,-0.974,-0.986,0.711,-0.907,0.807,-0.993,-0.976,0.826,0.965,-0.921,0.991,-0.995,-0.682,-0.608,-0.983,-0.987,-0.707,0.881,-0.975,0.968,0.932,-0.974,0.985,0.93,-0.966,-0.457,0.995,-0.994,0.904,-0.974,0.983,-0.974,-0.967,-0.957,0.995,0.982,0.753,-0.997,0.997,0.39,-0.629,-0.995,0.906,-0.986,0.985,-0.995,-0.989,6.291,5.218,10.549,10.56,10.461,10.502,10.461,10.532,6.025,5.349,10.553,10.603,6.286,6.16,10.565,10.59,EssenceCatalog/problems/csplib-prob010-SocialGolfers/params/fe94e4702dc33c47da77a8869bc0dca0.param
0.996,0.831,-0.952,0.352,0.974,-0.992,-0.865,-0.741,-0.977,-0.831,0.927,0.979,0.921,-0.881,-0.868,0.89,-0.983,0.971,0.963,-0.953,-0.993,-0.065,0.221,-0.945,-0.976,-0.45,-0.967,-0.966,0.969,0.135,0.912,0.983,0.99,0.911,0.991,0.97,0.927,-0.817,0.984,-0.69,0.701,0.708,-0.973,0.909,0.929,-0.994,-0.954,-0.924,-0.985,-0.267,0.978,-0.967,0.922,-0.986,-0.976,0.926,-0.942,0.892,-0.996,-0.97,0.877,0.975,-0.908,0.988,-0.997,-0.881,-0.836,-0.992,-0.991,-0.919,0.906,-0.988,0.883,0.947,-0.986,0.988,0.955,-0.95,-0.921,0.998,-0.996,0.912,-0.977,0.975,-0.986,-0.982,-0.959,0.997,0.985,0.951,-0.997,0.998,0.648,-0.678,-0.996,0.971,-0.992,0.991,-0.996,-0.984,8.262,5.555,10.498,10.469,10.47,10.525,10.495,10.58,6.877,5.843,10.51,10.476,7.264,7.335,10.507,10.49,EssenceCatalog/problems/csplib-prob010-SocialGolfers/params/d226da82dc45c3fee6a7dd05ed933a10.param
0.987,0.805,-0.742,-0.916,0.852,-0.994,-0.866,-0.771,-0.982,-0.777,0.524,0.97,-0.09,-0.905,-0.458,0.747,-0.976,0.329,0.956,-0.845,-0.993,-0.776,0.674,-0.198,-0.971,-0.938,-0.967,-0.963,0.968,0.9,0.894,0.926,0.974,0.792,0.989,0.969,0.9,-0.918,0.991,-0.907,0.941,0.715,-0.545,0.074,0.967,-0.989,-0.847,-0.855,-0.982,0.875,0.897,-0.947,0.959,-0.969,-0.977,0.673,-0.821,0.824,-0.991,-0.964,0.818,0.969,-0.819,0.99,-0.994,-0.679,-0.653,-0.98,-0.979,-0.647,0.87,-0.969,0.973,0.942,-0.975,0.978,0.881,-0.961,-0.495,0.994,-0.992,0.86,-0.97,0.982,-0.976,-0.966,-0.953,0.993,0.984,0.702,-0.997,0.997,0.611,-0.809,-0.994,0.895,-0.981,0.98,-0.993,-0.987,6.188,5.038,10.563,10.552,10.482,10.497,10.469,10.501,5.916,5.153,10.565,10.551,6.195,5.934,10.548,10.561,EssenceCatalog/problems/csplib-prob010-SocialGolfers/params/9afded12b2f75106fd964ddcc205b53f.param
0.99,0.789,-0.86,-0.931,0.892,-0.994,-0.836,-0.713,-0.981,-0.802,0.509,0.973,0.343,-0.891,-0.561,0.72,-0.98,0.612,0.953,-0.844,-0.993,-0.845,0.452,-0.472,-0.974,-0.951,-0.967,-0.955,0.965,0.915,0.883,0.939,0.976,0.848,0.989,0.971,0.899,-0.908,0.989,-0.879,0.937,0.747,-0.816,-0.109,0.971,-0.99,-0.844,-0.801,-0.981,0.912,0.939,-0.944,0.954,-0.973,-0.984,0.721,-0.889,0.804,-0.992,-0.972,0.822,0.965,-0.906,0.99,-0.994,-0.683,-0.612,-0.982,-0.984,-0.7,0.872,-0.974,0.969,0.938,-0.976,0.983,0.919,-0.962,-0.481,0.995,-0.994,0.894,-0.972,0.982,-0.974,-0.967,-0.954,0.994,0.982,0.751,-0.997,0.997,0.43,-0.663,-0.995,0.911,-0.986,0.984,-0.995,-0.988,6.318,5.197,10.558,10.553,10.461,10.5,10.461,10.527,6.028,5.328,10.561,10.591,6.294,6.153,10.565,10.582,EssenceCatalog/problems/csplib-prob010-SocialGolfers/params/d7cd6ba8edaad855773b9c887e9aa145.param
0.989,0.872,-0.658,-0.965,0.784,-0.996,-0.869,-0.79,-0.978,-0.735,0.749,0.958,-0.891,-0.867,0.272,0.802,-0.98,-0.355,0.974,-0.865,-0.994,-0.946,0.79,0.723,-0.979,-0.976,-0.974,-0.965,0.972,0.972,0.895,0.901,0.98,0.676,0.992,0.98,0.944,-0.905,0.988,-0.919,0.958,-0.484,0.38,-0.426,0.974,-0.99,-0.807,-0.822,-0.973,0.952,0.949,-0.96,0.95,-0.97,-0.986,0.341,-0.791,0.833,-0.994,-0.986,0.895,0.98,-0.946,0.995,-0.995,-0.648,-0.611,-0.981,-0.982,-0.686,0.862,-0.974,0.962,0.899,-0.968,0.98,0.943,-0.978,-0.825,0.995,-0.993,0.798,-0.979,0.988,-0.979,-0.96,-0.962,0.994,0.986,0.713,-0.998,0.997,0.616,-0.931,-0.994,0.809,-0.973,0.992,-0.993,-0.992,5.136,4.356,10.522,10.502,10.552,10.54,10.535,10.478,5.134,4.458,10.498,10.475,5.491,5.028,10.532,10.479,EssenceCatalog/problems/csplib-prob010-SocialGolfers/params/bed9b68a88c075b92a3b97fc1adbe615.param
0.992,0.898,-0.8,-0.989,0.793,-0.998,-0.878,-0.776,-0.978,-0.775,0.783,0.959,-0.94,-0.854,0.559,0.777,-0.985,-0.481,0.981,-0.876,-0.996,-0.98,0.767,0.857,-0.986,-0.989,-0.975,-0.968,0.979,0.987,0.905,0.897,0.984,0.712,0.994,0.987,0.962,-0.913,0.986,-0.922,0.974,-0.762,0.488,-0.822,0.983,-0.991,-0.759,-0.745,-0.971,0.985,0.972,-0.958,0.956,-0.977,-0.991,0.163,-0.873,0.85,-0.996,-0.993,0.935,0.983,-0.979,0.997,-0.996,-0.648,-0.575,-0.982,-0.988,-0.706,0.87,-0.979,0.96,0.871,-0.965,0.988,0.973,-0.986,-0.872,0.996,-0.995,0.833,-0.986,0.992,-0.982,-0.954,-0.974,0.995,0.988,0.771,-0.999,0.998,0.473,-0.935,-0.996,0.789,-0.978,0.996,-0.995,-0.995,4.892,4.243,10.529,10.504,10.601,10.572,10.582,10.509,4.972,4.349,10.499,10.491,5.333,4.857,10.548,10.495,EssenceCatalog/problems/csplib-prob010-SocialGolfers/params/3479405d552e884811fce4aacc537f01.param
0.991,0.816,-0.861,-0.967,0.866,-0.995,-0.836,-0.706,-0.979,-0.804,0.549,0.972,-0.098,-0.871,-0.358,0.72,-0.982,0.437,0.961,-0.844,-0.994,-0.924,0.482,-0.163,-0.977,-0.974,-0.968,-0.957,0.969,0.956,0.885,0.931,0.978,0.83,0.991,0.975,0.916,-0.91,0.988,-0.887,0.953,0.521,-0.7,-0.391,0.977,-0.99,-0.807,-0.741,-0.977,0.959,0.951,-0.94,0.958,-0.973,-0.987,0.617,-0.892,0.807,-0.993,-0.981,0.849,0.968,-0.943,0.992,-0.995,-0.666,-0.586,-0.981,-0.986,-0.698,0.876,-0.975,0.967,0.921,-0.97,0.985,0.942,-0.97,-0.563,0.995,-0.994,0.884,-0.977,0.985,-0.975,-0.96,-0.961,0.995,0.983,0.733,-0.998,0.997,0.399,-0.73,-0.995,0.885,-0.984,0.988,-0.995,-0.991,5.9,4.989,10.545,10.567,10.494,10.521,10.481,10.532,5.754,5.104,10.546,10.592,6.039,5.831,10.567,10.577,EssenceCatalog/problems/csplib-prob010-SocialGolfers/params/d7eeb5dc7a1f2fac18e99954e66e6b85.param
0.991,0.794,-0.883,-0.953,0.887,-0.994,-0.831,-0.702,-0.98,-0.818,0.467,0.976,0.393,-0.881,-0.581,0.719,-0.982,0.645,0.955,-0.84,-0.994,-0.881,0.408,-0.512,-0.976,-0.964,-0.968,-0.955,0.967,0.933,0.888,0.943,0.977,0.869,0.99,0.973,0.903,-0.916,0.988,-0.886,0.947,0.755,-0.854,-0.255,0.975,-0.99,-0.824,-0.753,-0.979,0.942,0.947,-0.938,0.96,-0.974,-0.986,0.706,-0.909,0.809,-0.993,-0.975,0.827,0.966,-0.925,0.991,-0.995,-0.685,-0.599,-0.983,-0.987,-0.705,0.883,-0.976,0.97,0.933,-0.974,0.985,0.932,-0.965,-0.457,0.995,-0.994,0.904,-0.975,0.983,-0.974,-0.965,-0.958,0.995,0.983,0.753,-0.997,0.997,0.389,-0.627,-0.995,0.907,-0.987,0.985,-0.995,-0.989,6.269,5.212,10.549,10.561,10.461,10.502,10.461,10.533,6.014,5.342,10.553,10.605,6.275,6.145,10.565,10.59,EssenceCatalog/problems/csplib-prob010-SocialGolfers/params/949c273f7a3f40fe09204b412b99071f.param
0.99,0.783,-0.831,-0.709,0.914,-0.991,-0.817,-0.669,-0.975,-0.731,0.787,0.96,0.036,-0.868,-0.38,0.759,-0.973,0.649,0.954,-0.891,-0.992,-0.772,0.388,-0.371,-0.967,-0.894,-0.963,-0.945,0.955,0.835,0.86,0.935,0.978,0.736,0.987,0.962,0.903,-0.821,0.988,-0.726,0.845,0.225,-0.652,0.514,0.956,-0.99,-0.888,-0.881,-0.981,0.674,0.944,-0.954,0.907,-0.972,-0.976,0.771,-0.833,0.806,-0.993,-0.97,0.842,0.963,-0.922,0.988,-0.994,-0.704,-0.644,-0.981,-0.981,-0.773,0.831,-0.972,0.935,0.931,-0.976,0.974,0.931,-0.956,-0.818,0.996,-0.992,0.817,-0.968,0.978,-0.974,-0.961,-0.94,0.994,0.976,0.812,-0.996,0.997,0.504,-0.754,-0.994,0.924,-0.981,0.987,-0.991,-0.983,6.421,5.045,10.495,10.488,10.444,10.5,10.455,10.52,5.955,5.183,10.491,10.514,6.269,6.18,10.528,10.504,EssenceCatalog/problems/csplib-prob010-SocialGolfers/params/5f519fd181c18aea62c3650c15739db7.param
0.991,0.866,-0.81,-0.978,0.834,-0.996,-0.841,-0.73,-0.978,-0.776,0.714,0.964,-0.771,-0.857,0.131,0.762,-0.984,-0.037,0.971,-0.858,-0.995,-0.965,0.628,0.541,-0.981,-0.983,-0.974,-0.963,0.972,0.978,0.887,0.912,0.98,0.761,0.992,0.982,0.942,-0.9,0.987,-0.905,0.961,-0.287,-0.113,-0.618,0.979,-0.991,-0.798,-0.749,-0.975,0.973,0.966,-0.954,0.949,-0.973,-0.991,0.407,-0.87,0.812,-0.995,-0.989,0.898,0.975,-0.967,0.995,-0.995,-0.643,-0.586,-0.982,-0.986,-0.714,0.867,-0.975,0.96,0.894,-0.968,0.986,0.959,-0.98,-0.767,0.996,-0.994,0.854,-0.981,0.989,-0.979,-0.958,-0.966,0.995,0.984,0.74,-0.998,0.998,0.441,-0.866,-0.995,0.834,-0.98,0.993,-0.994,-0.993,5.244,4.524,10.537,10.546,10.555,10.558,10.538,10.523,5.259,4.63,10.518,10.541,5.6,5.234,10.572,10.529,EssenceCatalog/problems/csplib-prob010-SocialGolfers/params/4bef53320b02e461a06d945a601a84ad.param
0.996,0.835,-0.947,0.342,0.972,-0.992,-0.871,-0.72,-0.973,-0.826,0.93,0.978,0.891,-0.865,-0.838,0.883,-0.981,0.966,0.964,-0.955,-0.994,-0.074,0.24,-0.933,-0.976,-0.488,-0.965,-0.966,0.97,0.122,0.915,0.98,0.99,0.89,0.992,0.969,0.928,-0.81,0.983,-0.637,0.711,0.654,-0.96,0.92,0.933,-0.994,-0.953,-0.922,-0.984,-0.26,0.974,-0.964,0.919,-0.986,-0.971,0.923,-0.933,0.894,-0.996,-0.968,0.881,0.975,-0.904,0.987,-0.997,-0.881,-0.838,-0.992,-0.991,-0.915,0.901,-0.988,0.874,0.943,-0.984,0.986,0.955,-0.951,-0.929,0.998,-0.997,0.899,-0.977,0.976,-0.987,-0.979,-0.958,0.997,0.986,0.948,-0.997,0.998,0.661,-0.721,-0.996,0.97,-0.991,0.991,-0.996,-0.984,8.222,5.526,10.479,10.455,10.466,10.521,10.488,10.577,6.846,5.815,10.491,10.464,7.236,7.305,10.494,10.476,EssenceCatalog/problems/csplib-prob010-SocialGolfers/params/acfb807fa826d1cd9b1c2fa1964da907.param
0.999,0.965,-0.948,0.972,0.98,-0.996,-0.987,-0.985,-0.993,-0.983,0.964,0.994,0.989,-0.982,-0.992,0.979,-0.988,0.981,0.992,-0.981,-0.998,0.989,0.987,-0.986,-0.994,0.969,-0.99,-0.997,0.996,-0.969,0.986,0.994,0.994,0.978,0.995,0.993,0.983,-0.988,0.992,-0.99,0.956,0.997,-0.983,0.985,0.92,-0.998,-0.989,-0.984,-0.984,-0.979,0.941,-0.99,0.992,-0.995,-0.819,0.984,-0.977,0.989,-0.998,-0.936,0.974,0.995,0.967,0.994,-0.999,-0.977,-0.983,-0.997,-0.994,-0.983,0.987,-0.994,0.983,0.99,-0.996,0.997,0.077,-0.934,-0.922,0.996,-0.999,0.984,-0.988,0.986,-0.995,-0.996,-0.989,0.999,0.998,0.985,-1.0,0.998,0.985,-0.977,-0.997,0.992,-0.997,0.987,-0.998,-0.994,9.838,5.828,10.417,10.347,10.448,10.344,10.486,10.429,7.679,6.156,10.397,10.293,8.094,7.894,10.393,10.398,EssenceCatalog/problems/csplib-prob010-SocialGolfers/params/dce549a14c738627654c83c7a4e9662d.param
0.998,0.909,-0.979,0.871,0.987,-0.995,-0.96,-0.941,-0.99,-0.946,0.947,0.992,0.996,-0.952,-0.988,0.95,-0.989,0.993,0.981,-0.973,-0.996,0.933,0.771,-0.994,-0.989,0.708,-0.982,-0.991,0.989,-0.841,0.968,0.995,0.993,0.979,0.994,0.986,0.951,-0.951,0.991,-0.943,0.795,0.99,-0.996,0.97,0.904,-0.996,-0.987,-0.965,-0.99,-0.881,0.98,-0.982,0.981,-0.994,-0.942,0.979,-0.982,0.97,-0.998,-0.953,0.929,0.991,0.001,0.99,-0.999,-0.962,-0.941,-0.997,-0.995,-0.966,0.971,-0.995,0.956,0.986,-0.995,0.996,0.841,-0.933,-0.894,0.998,-0.999,0.98,-0.985,0.981,-0.993,-0.996,-0.982,0.998,0.996,0.984,-0.999,0.999,0.901,-0.793,-0.998,0.992,-0.996,0.99,-0.999,-0.99,9.573,5.8,10.489,10.422,10.508,10.467,10.551,10.528,7.523,6.14,10.492,10.375,7.948,7.867,10.466,10.453,EssenceCatalog/problems/csplib-prob010-SocialGolfers/params/e7af0a2e8950273d9cc806087b9e74ec.param
0.821,-0.885,-0.749,-0.701,-0.755,0.912,-0.681,-0.963,-0.928,0.338,-0.864,0.711,0.572,0.558,-0.955,0.881,0.166,-0.479,0.911,-0.531,-0.544,-0.974,0.831,-0.573,-0.155,-0.754,-0.164,0.946,0.466,0.973,0.252,0.903,-0.275,0.983,0.61,-0.976,0.584,-0.916,0.994,-0.114,0.684,-0.616,-0.981,-0.286,0.73,0.804,0.952,0.366,0.129,0.808,-0.892,0.689,0.823,-0.342,-0.517,-0.683,-0.495,0.789,-0.62,0.915,-0.92,0.845,-0.837,-0.922,0.987,0.005,0.96,0.923,-0.905,0.685,0.887,-0.848,0.97,-0.153,-0.967,-0.977,0.248,0.983,-0.285,-0.984,-0.47,-0.833,0.072,-0.763,0.976,0.131,-0.514,0.498,0.354,-0.499,0.992,-0.976,0.755,-0.631,0.664,0.711,-0.725,-0.958,-0.575,0.931,1.165,1.145,1.945,3.283,1.598,1.214,1.813,4.737,1.454,1.131,1.873,3.298,1.557,1.249,1.931,3.183,EssenceCatalog/problems/csplib-prob010-SocialGolfers/params/ord05-11-6-2.param
0.989,0.867,-0.665,-0.96,0.785,-0.996,-0.867,-0.781,-0.976,-0.739,0.741,0.96,-0.868,-0.866,0.205,0.797,-0.979,-0.287,0.973,-0.864,-0.994,-0.936,0.774,0.664,-0.978,-0.974,-0.974,-0.965,0.972,0.968,0.897,0.902,0.979,0.678,0.992,0.979,0.941,-0.903,0.988,-0.913,0.955,-0.387,0.31,-0.344,0.974,-0.99,-0.811,-0.821,-0.973,0.946,0.945,-0.957,0.95,-0.969,-0.985,0.372,-0.787,0.832,-0.994,-0.984,0.889,0.979,-0.939,0.995,-0.995,-0.655,-0.62,-0.981,-0.982,-0.689,0.861,-0.973,0.961,0.901,-0.966,0.98,0.939,-0.977,-0.808,0.995,-0.993,0.799,-0.979,0.988,-0.98,-0.959,-0.962,0.994,0.986,0.71,-0.998,0.997,0.625,-0.924,-0.994,0.815,-0.974,0.991,-0.993,-0.992,5.21,4.403,10.524,10.51,10.55,10.54,10.531,10.483,5.189,4.505,10.502,10.481,5.543,5.097,10.535,10.487,EssenceCatalog/problems/csplib-prob010-SocialGolfers/params/ec40c81870cc3e780d273e7788f9b1a9.param
0.999,0.955,-0.976,0.99,0.99,-0.995,-0.982,-0.979,-0.982,-0.958,0.988,0.992,0.993,-0.952,-0.987,0.976,-0.986,0.994,0.989,-0.99,-0.997,0.985,0.943,-0.992,-0.991,0.964,-0.98,-0.994,0.995,-0.97,0.977,0.996,0.995,0.968,0.997,0.992,0.981,-0.951,0.989,-0.948,0.787,0.973,-0.99,0.995,0.833,-0.997,-0.992,-0.976,-0.988,-0.986,0.983,-0.988,0.983,-0.995,-0.831,0.987,-0.977,0.987,-0.999,-0.946,0.967,0.996,0.563,0.993,-0.999,-0.984,-0.975,-0.997,-0.995,-0.988,0.984,-0.997,0.917,0.985,-0.995,0.996,0.858,-0.934,-0.979,0.998,-0.999,0.972,-0.989,0.979,-0.996,-0.995,-0.99,0.999,0.998,0.993,-0.999,0.999,0.974,-0.954,-0.997,0.992,-0.996,0.993,-0.998,-0.992,9.832,5.826,10.466,10.417,10.52,10.451,10.565,10.536,7.636,6.165,10.463,10.359,8.08,7.955,10.455,10.447,EssenceCatalog/problems/csplib-prob010-SocialGolfers/params/6fbbee400369a7899d105ab4eb703bba.param
0.988,0.812,-0.748,-0.883,0.873,-0.993,-0.84,-0.715,-0.977,-0.731,0.74,0.957,-0.483,-0.882,-0.113,0.747,-0.974,0.258,0.958,-0.871,-0.992,-0.859,0.575,0.154,-0.97,-0.94,-0.966,-0.955,0.959,0.916,0.867,0.913,0.975,0.669,0.988,0.969,0.913,-0.86,0.989,-0.831,0.905,0.085,-0.256,0.158,0.963,-0.989,-0.868,-0.866,-0.98,0.846,0.935,-0.956,0.924,-0.968,-0.978,0.657,-0.796,0.801,-0.992,-0.974,0.855,0.967,-0.919,0.991,-0.994,-0.659,-0.63,-0.98,-0.978,-0.721,0.829,-0.969,0.954,0.928,-0.973,0.975,0.924,-0.964,-0.776,0.995,-0.992,0.806,-0.97,0.982,-0.975,-0.959,-0.947,0.993,0.979,0.745,-0.997,0.997,0.532,-0.835,-0.993,0.892,-0.977,0.987,-0.991,-0.986,5.802,4.746,10.52,10.488,10.476,10.5,10.467,10.478,5.581,4.858,10.514,10.484,5.909,5.642,10.534,10.486,EssenceCatalog/problems/csplib-prob010-SocialGolfers/params/1884762d01a225ec8d721ed62997e10c.param
0.99,0.797,-0.851,-0.945,0.88,-0.994,-0.834,-0.713,-0.98,-0.796,0.532,0.972,0.129,-0.883,-0.474,0.721,-0.98,0.525,0.956,-0.844,-0.994,-0.882,0.479,-0.324,-0.974,-0.96,-0.967,-0.955,0.966,0.934,0.882,0.935,0.976,0.834,0.989,0.972,0.907,-0.908,0.989,-0.88,0.943,0.65,-0.756,-0.2,0.973,-0.99,-0.832,-0.785,-0.98,0.93,0.942,-0.943,0.954,-0.973,-0.985,0.68,-0.883,0.803,-0.992,-0.975,0.832,0.966,-0.921,0.991,-0.994,-0.672,-0.595,-0.982,-0.984,-0.698,0.872,-0.974,0.968,0.931,-0.974,0.983,0.927,-0.964,-0.529,0.995,-0.994,0.886,-0.974,0.983,-0.974,-0.964,-0.956,0.994,0.982,0.741,-0.997,0.997,0.429,-0.703,-0.995,0.899,-0.985,0.985,-0.995,-0.988,6.136,5.1,10.552,10.559,10.475,10.508,10.469,10.529,5.906,5.223,10.554,10.589,6.181,6.007,10.565,10.578,EssenceCatalog/problems/csplib-prob010-SocialGolfers/params/d6e2012197373da1f920c0922ffff2f1.param
0.989,0.864,-0.669,-0.957,0.796,-0.996,-0.867,-0.777,-0.977,-0.741,0.75,0.958,-0.864,-0.871,0.24,0.788,-0.978,-0.278,0.972,-0.866,-0.994,-0.935,0.761,0.671,-0.978,-0.973,-0.972,-0.964,0.97,0.967,0.891,0.9,0.979,0.657,0.991,0.978,0.94,-0.898,0.988,-0.906,0.952,-0.395,0.319,-0.321,0.972,-0.99,-0.821,-0.83,-0.974,0.942,0.944,-0.958,0.945,-0.969,-0.984,0.401,-0.783,0.829,-0.994,-0.984,0.89,0.978,-0.941,0.994,-0.995,-0.653,-0.62,-0.98,-0.981,-0.695,0.853,-0.973,0.961,0.906,-0.967,0.979,0.939,-0.976,-0.818,0.995,-0.993,0.796,-0.978,0.987,-0.979,-0.959,-0.961,0.994,0.985,0.719,-0.998,0.997,0.604,-0.921,-0.994,0.826,-0.973,0.991,-0.993,-0.991,5.213,4.398,10.526,10.496,10.544,10.535,10.525,10.473,5.185,4.5,10.504,10.468,5.542,5.097,10.535,10.475,EssenceCatalog/problems/csplib-prob010-SocialGolfers/params/bf7a799289dca6c5963ec9a6d7db03fb.param
0.988,0.854,-0.674,-0.946,0.811,-0.995,-0.863,-0.766,-0.978,-0.741,0.724,0.96,-0.784,-0.879,0.091,0.78,-0.978,-0.144,0.968,-0.862,-0.994,-0.912,0.734,0.532,-0.976,-0.966,-0.972,-0.964,0.968,0.956,0.89,0.904,0.977,0.676,0.991,0.976,0.93,-0.896,0.989,-0.902,0.945,-0.157,0.147,-0.191,0.97,-0.99,-0.83,-0.843,-0.977,0.926,0.938,-0.957,0.946,-0.968,-0.983,0.478,-0.783,0.821,-0.993,-0.981,0.876,0.975,-0.925,0.994,-0.995,-0.655,-0.633,-0.981,-0.98,-0.688,0.85,-0.971,0.962,0.913,-0.969,0.979,0.928,-0.974,-0.774,0.995,-0.993,0.803,-0.976,0.986,-0.979,-0.96,-0.958,0.993,0.984,0.707,-0.997,0.997,0.612,-0.904,-0.994,0.843,-0.974,0.989,-0.992,-0.99,5.388,4.514,10.54,10.511,10.532,10.528,10.513,10.48,5.32,4.615,10.522,10.482,5.663,5.253,10.544,10.494,EssenceCatalog/problems/csplib-prob010-SocialGolfers/params/689e96dc9029ca5f826d194fde1531d0.param
0.998,0.96,-0.755,0.951,0.96,-0.995,-0.983,-0.985,-0.993,-0.962,0.972,0.989,0.768,-0.982,-0.952,0.979,-0.982,0.861,0.991,-0.98,-0.998,0.976,0.989,-0.867,-0.992,0.925,-0.989,-0.997,0.995,-0.867,0.981,0.988,0.993,0.912,0.994,0.992,0.985,-0.984,0.992,-0.984,0.949,0.967,-0.557,0.981,0.926,-0.998,-0.984,-0.987,-0.985,-0.977,0.898,-0.989,0.986,-0.993,-0.868,0.958,-0.87,0.984,-0.997,-0.951,0.976,0.995,0.934,0.995,-0.999,-0.965,-0.974,-0.995,-0.988,-0.968,0.98,-0.992,0.981,0.984,-0.996,0.994,0.334,-0.96,-0.943,0.997,-0.998,0.946,-0.99,0.985,-0.996,-0.992,-0.987,0.998,0.998,0.972,-1.0,0.999,0.988,-0.99,-0.997,0.977,-0.995,0.987,-0.996,-0.995,9.624,5.698,10.358,10.253,10.381,10.281,10.413,10.325,7.506,6.006,10.328,10.186,7.94,7.701,10.322,10.293,EssenceCatalog/problems/csplib-prob010-SocialGolfers/params/242762b5a782d10442d82f4fff546a1f.param
0.99,0.772,-0.884,-0.758,0.931,-0.992,-0.82,-0.683,-0.981,-0.791,0.635,0.973,0.719,-0.902,-0.716,0.747,-0.979,0.818,0.943,-0.87,-0.992,-0.631,0.31,-0.762,-0.97,-0.874,-0.967,-0.951,0.957,0.777,0.88,0.953,0.978,0.861,0.987,0.964,0.879,-0.876,0.989,-0.826,0.878,0.821,-0.906,0.413,0.959,-0.991,-0.893,-0.871,-0.985,0.716,0.944,-0.951,0.937,-0.975,-0.981,0.836,-0.897,0.809,-0.991,-0.965,0.811,0.96,-0.875,0.987,-0.994,-0.723,-0.682,-0.985,-0.984,-0.757,0.861,-0.974,0.956,0.947,-0.981,0.982,0.906,-0.954,-0.572,0.996,-0.993,0.897,-0.967,0.976,-0.975,-0.974,-0.945,0.994,0.978,0.815,-0.997,0.997,0.459,-0.578,-0.994,0.942,-0.987,0.983,-0.994,-0.984,6.909,5.384,10.555,10.517,10.434,10.493,10.456,10.519,6.335,5.55,10.552,10.56,6.61,6.575,10.555,10.563,EssenceCatalog/problems/csplib-prob010-SocialGolfers/params/c624df5516e6cbdd85b885c1cbf4e87b.param
0.988,0.851,-0.625,-0.936,0.795,-0.995,-0.875,-0.795,-0.978,-0.737,0.731,0.958,-0.827,-0.879,0.097,0.79,-0.976,-0.252,0.969,-0.866,-0.994,-0.895,0.788,0.574,-0.975,-0.962,-0.972,-0.966,0.97,0.951,0.894,0.903,0.978,0.648,0.991,0.974,0.933,-0.9,0.989,-0.903,0.945,-0.19,0.301,-0.09,0.969,-0.989,-0.832,-0.858,-0.977,0.908,0.925,-0.955,0.948,-0.968,-0.98,0.468,-0.753,0.836,-0.993,-0.978,0.874,0.977,-0.907,0.993,-0.995,-0.655,-0.637,-0.98,-0.979,-0.685,0.857,-0.971,0.963,0.917,-0.969,0.977,0.923,-0.972,-0.799,0.994,-0.993,0.782,-0.976,0.986,-0.979,-0.958,-0.959,0.994,0.986,0.701,-0.997,0.997,0.671,-0.922,-0.993,0.833,-0.974,0.988,-0.992,-0.99,5.382,4.473,10.537,10.503,10.533,10.524,10.513,10.471,5.3,4.572,10.517,10.464,5.646,5.207,10.533,10.483,EssenceCatalog/problems/csplib-prob010-SocialGolfers/params/e9d12e9be5e7d3623b21ecb130733e2d.param
0.994,0.775,-0.934,-0.348,0.958,-0.991,-0.836,-0.686,-0.98,-0.808,0.816,0.975,0.861,-0.888,-0.794,0.809,-0.979,0.93,0.952,-0.919,-0.993,-0.454,0.16,-0.888,-0.972,-0.759,-0.964,-0.95,0.96,0.562,0.89,0.97,0.984,0.887,0.988,0.961,0.901,-0.841,0.988,-0.708,0.795,0.757,-0.954,0.741,0.949,-0.992,-0.924,-0.896,-0.985,0.346,0.961,-0.956,0.925,-0.981,-0.978,0.891,-0.924,0.849,-0.994,-0.964,0.835,0.966,-0.907,0.985,-0.995,-0.8,-0.73,-0.987,-0.988,-0.845,0.878,-0.982,0.935,0.947,-0.984,0.982,0.937,-0.945,-0.804,0.997,-0.995,0.896,-0.971,0.975,-0.978,-0.975,-0.948,0.995,0.98,0.901,-0.996,0.997,0.506,-0.56,-0.995,0.962,-0.99,0.987,-0.995,-0.982,7.489,5.477,10.552,10.521,10.468,10.538,10.5,10.586,6.573,5.7,10.552,10.557,6.894,6.943,10.56,10.564,EssenceCatalog/problems/csplib-prob010-SocialGolfers/params/5a61d0ac8e01783ec08839347c0a9867.param
0.987,0.833,-0.68,-0.936,0.817,-0.994,-0.879,-0.786,-0.981,-0.762,0.613,0.966,-0.58,-0.899,-0.178,0.764,-0.975,-0.011,0.963,-0.854,-0.993,-0.836,0.755,0.24,-0.974,-0.955,-0.969,-0.966,0.97,0.928,0.898,0.915,0.976,0.722,0.99,0.972,0.916,-0.915,0.991,-0.913,0.948,0.405,-0.126,-0.045,0.969,-0.989,-0.836,-0.861,-0.98,0.901,0.903,-0.95,0.959,-0.969,-0.978,0.572,-0.784,0.836,-0.992,-0.972,0.847,0.974,-0.855,0.992,-0.994,-0.675,-0.652,-0.98,-0.978,-0.634,0.864,-0.97,0.971,0.932,-0.973,0.978,0.9,-0.968,-0.646,0.994,-0.993,0.828,-0.974,0.984,-0.979,-0.962,-0.957,0.994,0.985,0.684,-0.997,0.997,0.654,-0.885,-0.993,0.867,-0.978,0.984,-0.993,-0.989,5.744,4.744,10.571,10.543,10.52,10.518,10.497,10.487,5.595,4.849,10.568,10.515,5.905,5.53,10.554,10.535,EssenceCatalog/problems/csplib-prob010-SocialGolfers/params/d1d8082ce45ce42f5e46bb4611a2500e.param
0.992,0.873,-0.795,-0.981,0.825,-0.997,-0.865,-0.777,-0.98,-0.766,0.75,0.957,-0.88,-0.862,0.361,0.774,-0.985,-0.276,0.977,-0.873,-0.995,-0.976,0.72,0.766,-0.983,-0.985,-0.975,-0.963,0.975,0.983,0.887,0.906,0.981,0.737,0.993,0.984,0.956,-0.908,0.989,-0.915,0.965,-0.614,0.231,-0.737,0.979,-0.991,-0.798,-0.779,-0.976,0.976,0.967,-0.963,0.945,-0.975,-0.99,0.316,-0.867,0.824,-0.996,-0.991,0.918,0.98,-0.974,0.996,-0.995,-0.624,-0.531,-0.981,-0.986,-0.714,0.866,-0.978,0.966,0.902,-0.973,0.985,0.965,-0.981,-0.845,0.996,-0.995,0.845,-0.983,0.99,-0.976,-0.961,-0.969,0.995,0.986,0.771,-0.998,0.998,0.44,-0.904,-0.995,0.837,-0.978,0.994,-0.994,-0.994,5.04,4.362,10.552,10.524,10.578,10.566,10.565,10.519,5.092,4.465,10.524,10.518,5.449,5.015,10.574,10.51,EssenceCatalog/problems/csplib-prob010-SocialGolfers/params/07cc810c374c8ee91a74cca8265617e6.param
0.991,0.807,-0.871,-0.959,0.877,-0.995,-0.822,-0.691,-0.979,-0.802,0.552,0.973,0.064,-0.869,-0.436,0.721,-0.982,0.536,0.958,-0.845,-0.994,-0.915,0.425,-0.296,-0.977,-0.969,-0.969,-0.955,0.967,0.949,0.882,0.936,0.978,0.841,0.99,0.974,0.911,-0.904,0.987,-0.876,0.947,0.567,-0.767,-0.324,0.976,-0.99,-0.816,-0.745,-0.978,0.951,0.954,-0.941,0.954,-0.973,-0.987,0.652,-0.898,0.8,-0.993,-0.98,0.844,0.966,-0.943,0.992,-0.995,-0.668,-0.587,-0.982,-0.986,-0.711,0.874,-0.975,0.964,0.921,-0.971,0.985,0.941,-0.969,-0.562,0.995,-0.994,0.888,-0.976,0.984,-0.974,-0.962,-0.958,0.995,0.982,0.745,-0.997,0.997,0.377,-0.686,-0.995,0.891,-0.985,0.987,-0.995,-0.99,6.028,5.062,10.537,10.56,10.479,10.514,10.471,10.533,5.837,5.184,10.538,10.594,6.115,5.949,10.562,10.576,EssenceCatalog/problems/csplib-prob010-SocialGolfers/params/c500f265657e3a566a241d1c99359020.param
0.991,0.813,-0.858,-0.963,0.869,-0.995,-0.827,-0.702,-0.979,-0.804,0.535,0.973,0.01,-0.873,-0.423,0.725,-0.982,0.494,0.958,-0.84,-0.994,-0.914,0.471,-0.247,-0.977,-0.971,-0.97,-0.957,0.968,0.95,0.885,0.933,0.978,0.838,0.99,0.975,0.91,-0.909,0.987,-0.89,0.951,0.586,-0.744,-0.339,0.976,-0.99,-0.81,-0.751,-0.977,0.953,0.951,-0.94,0.957,-0.973,-0.987,0.638,-0.893,0.804,-0.993,-0.98,0.844,0.967,-0.937,0.992,-0.995,-0.667,-0.598,-0.982,-0.986,-0.697,0.875,-0.974,0.966,0.921,-0.971,0.985,0.938,-0.971,-0.536,0.995,-0.994,0.888,-0.976,0.985,-0.975,-0.963,-0.959,0.995,0.982,0.734,-0.998,0.997,0.404,-0.715,-0.995,0.887,-0.984,0.987,-0.995,-0.99,5.998,5.044,10.544,10.568,10.487,10.518,10.477,10.533,5.821,5.163,10.546,10.597,6.101,5.912,10.566,10.582,EssenceCatalog/problems/csplib-prob010-SocialGolfers/params/3aa55713c4be9471154baa7e8a47eef4.param
0.991,0.786,-0.896,-0.94,0.899,-0.994,-0.829,-0.705,-0.981,-0.831,0.433,0.978,0.619,-0.89,-0.69,0.725,-0.983,0.731,0.952,-0.837,-0.994,-0.838,0.382,-0.669,-0.976,-0.954,-0.969,-0.957,0.966,0.911,0.892,0.951,0.978,0.892,0.989,0.972,0.894,-0.92,0.988,-0.892,0.944,0.848,-0.907,-0.17,0.973,-0.99,-0.838,-0.768,-0.98,0.928,0.946,-0.939,0.961,-0.975,-0.986,0.754,-0.919,0.813,-0.992,-0.973,0.817,0.965,-0.906,0.99,-0.995,-0.697,-0.623,-0.984,-0.987,-0.715,0.889,-0.976,0.971,0.94,-0.976,0.986,0.924,-0.962,-0.386,0.995,-0.994,0.918,-0.973,0.982,-0.974,-0.97,-0.958,0.995,0.983,0.769,-0.997,0.997,0.398,-0.562,-0.996,0.917,-0.988,0.983,-0.996,-0.988,6.465,5.319,10.56,10.563,10.454,10.499,10.459,10.535,6.148,5.458,10.565,10.614,6.398,6.302,10.571,10.602,EssenceCatalog/problems/csplib-prob010-SocialGolfers/params/7e0aa5e277e83ca826a761ad236b97bd.param
0.999,0.952,-0.972,0.982,0.989,-0.996,-0.972,-0.966,-0.976,-0.943,0.986,0.992,0.989,-0.936,-0.982,0.974,-0.988,0.992,0.987,-0.988,-0.997,0.971,0.906,-0.99,-0.989,0.927,-0.981,-0.993,0.993,-0.943,0.975,0.996,0.995,0.963,0.997,0.992,0.978,-0.938,0.982,-0.929,0.759,0.957,-0.987,0.993,0.849,-0.997,-0.991,-0.968,-0.986,-0.978,0.988,-0.987,0.977,-0.995,-0.907,0.982,-0.972,0.982,-0.998,-0.962,0.964,0.995,0.227,0.994,-0.999,-0.979,-0.973,-0.997,-0.995,-0.986,0.981,-0.996,0.866,0.977,-0.992,0.996,0.898,-0.958,-0.977,0.999,-0.999,0.971,-0.989,0.981,-0.997,-0.994,-0.988,0.999,0.998,0.991,-0.999,0.999,0.966,-0.947,-0.998,0.989,-0.995,0.994,-0.998,-0.993,9.761,5.809,10.475,10.439,10.542,10.489,10.58,10.56,7.597,6.154,10.481,10.385,8.038,7.945,10.468,10.467,EssenceCatalog/problems/csplib-prob010-SocialGolfers/params/1f711d032698b69afbcb9e3574b18f14.param
0.986,0.854,-0.476,-0.835,0.775,-0.994,-0.895,-0.841,-0.977,-0.741,0.735,0.961,-0.808,-0.895,-0.089,0.83,-0.971,-0.237,0.97,-0.872,-0.993,-0.713,0.864,0.443,-0.973,-0.921,-0.972,-0.975,0.973,0.893,0.911,0.913,0.979,0.625,0.99,0.971,0.933,-0.917,0.989,-0.916,0.938,0.146,0.443,0.397,0.961,-0.988,-0.866,-0.898,-0.976,0.762,0.867,-0.952,0.954,-0.967,-0.965,0.52,-0.666,0.871,-0.993,-0.965,0.868,0.981,-0.754,0.992,-0.995,-0.714,-0.724,-0.981,-0.974,-0.708,0.867,-0.97,0.965,0.93,-0.97,0.973,0.873,-0.965,-0.797,0.993,-0.993,0.761,-0.973,0.984,-0.982,-0.961,-0.958,0.994,0.989,0.717,-0.997,0.997,0.8,-0.94,-0.993,0.837,-0.974,0.984,-0.991,-0.988,5.752,4.571,10.553,10.502,10.527,10.507,10.505,10.441,5.501,4.672,10.532,10.432,5.847,5.391,10.518,10.482,EssenceCatalog/problems/csplib-prob010-SocialGolfers/params/b06022b3deee7e2283e30ee9ef09eafb.param
0.988,0.779,-0.819,-0.851,0.901,-0.992,-0.845,-0.731,-0.982,-0.779,0.543,0.971,0.444,-0.907,-0.616,0.736,-0.976,0.639,0.947,-0.855,-0.992,-0.693,0.502,-0.565,-0.969,-0.906,-0.965,-0.955,0.961,0.843,0.884,0.939,0.974,0.826,0.987,0.965,0.885,-0.9,0.991,-0.87,0.912,0.8,-0.795,0.264,0.963,-0.99,-0.874,-0.866,-0.984,0.803,0.916,-0.948,0.949,-0.972,-0.978,0.778,-0.86,0.811,-0.991,-0.96,0.803,0.963,-0.837,0.987,-0.994,-0.695,-0.658,-0.982,-0.981,-0.695,0.861,-0.97,0.967,0.947,-0.979,0.979,0.884,-0.954,-0.492,0.994,-0.992,0.879,-0.967,0.978,-0.974,-0.97,-0.947,0.993,0.98,0.757,-0.997,0.997,0.533,-0.693,-0.994,0.925,-0.984,0.98,-0.993,-0.985,6.609,5.261,10.55,10.521,10.436,10.474,10.441,10.5,6.179,5.4,10.552,10.549,6.445,6.315,10.543,10.553,EssenceCatalog/problems/csplib-prob010-SocialGolfers/params/5c6e3371ce82080bdc54e19c1eac8cab.param
0.988,0.843,-0.623,-0.877,0.82,-0.994,-0.858,-0.775,-0.975,-0.707,0.798,0.953,-0.823,-0.872,0.108,0.8,-0.975,-0.142,0.967,-0.877,-0.993,-0.87,0.754,0.536,-0.974,-0.945,-0.971,-0.964,0.966,0.933,0.881,0.905,0.978,0.595,0.99,0.973,0.934,-0.871,0.988,-0.865,0.92,-0.337,0.328,0.175,0.963,-0.989,-0.865,-0.878,-0.977,0.837,0.932,-0.959,0.928,-0.967,-0.978,0.536,-0.725,0.832,-0.993,-0.978,0.882,0.976,-0.909,0.993,-0.995,-0.665,-0.655,-0.981,-0.978,-0.741,0.84,-0.97,0.951,0.917,-0.97,0.974,0.927,-0.971,-0.859,0.995,-0.992,0.764,-0.974,0.985,-0.979,-0.958,-0.953,0.993,0.983,0.733,-0.997,0.997,0.668,-0.917,-0.993,0.844,-0.972,0.989,-0.991,-0.988,5.477,4.472,10.524,10.483,10.522,10.519,10.508,10.469,5.321,4.574,10.5,10.446,5.68,5.28,10.526,10.465,EssenceCatalog/problems/csplib-prob010-SocialGolfers/params/97322adc14e71f497fdc1fc717196c07.param
0.992,0.891,-0.787,-0.987,0.792,-0.997,-0.872,-0.783,-0.979,-0.777,0.752,0.96,-0.923,-0.856,0.458,0.782,-0.985,-0.436,0.979,-0.871,-0.996,-0.978,0.766,0.82,-0.984,-0.988,-0.975,-0.968,0.978,0.986,0.904,0.901,0.983,0.738,0.994,0.986,0.959,-0.918,0.987,-0.927,0.973,-0.667,0.387,-0.794,0.982,-0.991,-0.763,-0.745,-0.971,0.984,0.968,-0.957,0.957,-0.975,-0.991,0.2,-0.868,0.846,-0.996,-0.992,0.926,0.982,-0.975,0.997,-0.996,-0.649,-0.57,-0.981,-0.987,-0.698,0.877,-0.979,0.964,0.88,-0.967,0.987,0.969,-0.985,-0.845,0.996,-0.995,0.84,-0.985,0.991,-0.981,-0.956,-0.973,0.995,0.988,0.76,-0.999,0.998,0.498,-0.929,-0.996,0.799,-0.978,0.995,-0.995,-0.995,4.952,4.294,10.537,10.524,10.597,10.573,10.58,10.518,5.026,4.398,10.508,10.51,5.381,4.914,10.556,10.51,EssenceCatalog/problems/csplib-prob010-SocialGolfers/params/a02b64642a172dce2314219bd65f9b66.param
0.994,0.79,-0.927,-0.328,0.957,-0.991,-0.804,-0.624,-0.974,-0.783,0.864,0.971,0.771,-0.865,-0.724,0.817,-0.98,0.926,0.952,-0.921,-0.992,-0.577,0.092,-0.854,-0.972,-0.788,-0.965,-0.949,0.956,0.614,0.881,0.967,0.985,0.86,0.989,0.963,0.905,-0.794,0.984,-0.658,0.771,0.537,-0.94,0.754,0.948,-0.992,-0.923,-0.888,-0.983,0.364,0.97,-0.956,0.904,-0.98,-0.981,0.872,-0.916,0.835,-0.994,-0.972,0.849,0.963,-0.936,0.987,-0.995,-0.799,-0.741,-0.988,-0.988,-0.859,0.862,-0.981,0.902,0.932,-0.981,0.982,0.951,-0.954,-0.862,0.998,-0.995,0.881,-0.971,0.976,-0.979,-0.973,-0.947,0.995,0.977,0.902,-0.996,0.997,0.464,-0.599,-0.995,0.954,-0.988,0.99,-0.994,-0.983,7.32,5.396,10.498,10.497,10.446,10.529,10.475,10.574,6.453,5.608,10.5,10.538,6.783,6.855,10.533,10.533,EssenceCatalog/problems/csplib-prob010-SocialGolfers/params/e2ce3ed7e63631db33cd8e3447cca51c.param
0.987,0.884,-0.597,-0.918,0.788,-0.996,-0.915,-0.772,-0.976,-0.76,0.8,0.96,-0.892,-0.907,0.379,0.751,-0.966,-0.372,0.974,-0.882,-0.994,-0.78,0.832,0.68,-0.979,-0.953,-0.97,-0.978,0.975,0.898,0.908,0.893,0.98,0.403,0.992,0.981,0.943,-0.902,0.988,-0.902,0.946,-0.226,0.651,0.073,0.965,-0.99,-0.883,-0.892,-0.978,0.871,0.907,-0.956,0.954,-0.973,-0.959,0.51,-0.708,0.877,-0.994,-0.977,0.906,0.979,-0.862,0.994,-0.996,-0.726,-0.748,-0.982,-0.974,-0.686,0.824,-0.971,0.961,0.924,-0.968,0.979,0.923,-0.978,-0.854,0.994,-0.994,0.774,-0.978,0.989,-0.986,-0.959,-0.963,0.994,0.989,0.734,-0.998,0.998,0.705,-0.947,-0.995,0.831,-0.972,0.99,-0.991,-0.991,5.398,4.376,10.575,10.454,10.568,10.537,10.53,10.429,5.258,4.489,10.55,10.395,5.623,5.126,10.549,10.442,EssenceCatalog/problems/csplib-prob010-SocialGolfers/params/21635bd61cae1a142d7a26ba6a6020ba.param
0.989,0.826,-0.782,-0.918,0.872,-0.994,-0.835,-0.691,-0.975,-0.73,0.771,0.957,-0.619,-0.866,0.031,0.737,-0.976,0.209,0.963,-0.874,-0.993,-0.915,0.536,0.31,-0.974,-0.96,-0.967,-0.955,0.961,0.94,0.864,0.913,0.977,0.658,0.989,0.973,0.926,-0.849,0.987,-0.822,0.915,-0.216,-0.186,-0.038,0.968,-0.99,-0.859,-0.836,-0.978,0.897,0.952,-0.956,0.924,-0.971,-0.981,0.606,-0.817,0.801,-0.993,-0.98,0.873,0.968,-0.951,0.992,-0.995,-0.659,-0.607,-0.981,-0.981,-0.74,0.825,-0.972,0.948,0.915,-0.97,0.977,0.944,-0.97,-0.819,0.996,-0.993,0.813,-0.974,0.985,-0.975,-0.956,-0.95,0.994,0.979,0.755,-0.997,0.997,0.472,-0.838,-0.994,0.88,-0.977,0.99,-0.992,-0.988,5.553,4.626,10.508,10.483,10.49,10.512,10.483,10.486,5.417,4.737,10.495,10.483,5.758,5.475,10.539,10.479,EssenceCatalog/problems/csplib-prob010-SocialGolfers/params/88e096abfb676976b5b86958879c943f.param
0.994,0.793,-0.912,-0.154,0.954,-0.99,-0.829,-0.664,-0.973,-0.769,0.886,0.969,0.669,-0.858,-0.675,0.824,-0.977,0.908,0.957,-0.932,-0.992,-0.526,0.223,-0.804,-0.97,-0.743,-0.962,-0.949,0.959,0.558,0.878,0.964,0.985,0.826,0.989,0.96,0.915,-0.789,0.985,-0.608,0.752,0.404,-0.898,0.82,0.945,-0.992,-0.93,-0.904,-0.983,0.181,0.963,-0.958,0.899,-0.98,-0.973,0.873,-0.895,0.848,-0.994,-0.968,0.857,0.968,-0.925,0.986,-0.995,-0.806,-0.734,-0.987,-0.986,-0.864,0.864,-0.981,0.901,0.936,-0.981,0.978,0.947,-0.949,-0.9,0.997,-0.995,0.856,-0.971,0.976,-0.979,-0.97,-0.944,0.995,0.979,0.906,-0.996,0.997,0.541,-0.694,-0.995,0.956,-0.987,0.989,-0.994,-0.982,7.408,5.355,10.471,10.469,10.435,10.511,10.461,10.57,6.457,5.571,10.474,10.508,6.809,6.864,10.507,10.498,EssenceCatalog/problems/csplib-prob010-SocialGolfers/params/12fbaa83b1b71fa562b67b8b8f4d9344.param
0.999,0.97,-0.952,0.992,0.986,-0.995,-0.987,-0.987,-0.98,-0.978,0.987,0.992,0.981,-0.965,-0.984,0.983,-0.98,0.984,0.992,-0.99,-0.998,0.992,0.987,-0.979,-0.993,0.981,-0.985,-0.996,0.996,-0.982,0.98,0.994,0.994,0.953,0.996,0.993,0.989,-0.98,0.981,-0.979,0.923,0.984,-0.961,0.995,0.872,-0.998,-0.991,-0.98,-0.975,-0.991,0.967,-0.987,0.989,-0.995,-0.694,0.985,-0.968,0.99,-0.998,-0.943,0.983,0.996,0.942,0.994,-0.999,-0.985,-0.986,-0.996,-0.994,-0.99,0.989,-0.996,0.949,0.986,-0.994,0.995,0.557,-0.94,-0.976,0.997,-0.999,0.972,-0.99,0.984,-0.997,-0.995,-0.989,0.999,0.999,0.99,-1.0,0.998,0.988,-0.987,-0.997,0.989,-0.996,0.991,-0.997,-0.994,9.873,5.826,10.43,10.37,10.48,10.388,10.528,10.48,7.668,6.161,10.416,10.31,8.105,7.927,10.415,10.407,EssenceCatalog/problems/csplib-prob010-SocialGolfers/params/8be5dcd0f282fa91fe9364c655e81820.param
0.99,0.809,-0.831,-0.952,0.867,-0.995,-0.837,-0.717,-0.979,-0.786,0.58,0.969,-0.159,-0.876,-0.342,0.727,-0.98,0.403,0.96,-0.846,-0.994,-0.906,0.518,-0.1,-0.975,-0.966,-0.967,-0.957,0.967,0.946,0.881,0.927,0.976,0.806,0.99,0.974,0.914,-0.904,0.988,-0.881,0.945,0.489,-0.635,-0.249,0.973,-0.99,-0.827,-0.781,-0.978,0.94,0.943,-0.945,0.952,-0.972,-0.984,0.629,-0.87,0.802,-0.993,-0.978,0.844,0.968,-0.931,0.992,-0.994,-0.662,-0.596,-0.981,-0.984,-0.696,0.866,-0.973,0.966,0.925,-0.971,0.982,0.932,-0.968,-0.592,0.995,-0.994,0.871,-0.975,0.984,-0.975,-0.961,-0.957,0.994,0.983,0.736,-0.997,0.997,0.447,-0.757,-0.995,0.886,-0.983,0.987,-0.994,-0.989,5.919,4.962,10.549,10.561,10.494,10.519,10.482,10.527,5.749,5.076,10.549,10.579,6.04,5.818,10.565,10.568,EssenceCatalog/problems/csplib-prob010-SocialGolfers/params/d20451c2942f083563a8e145eb11c1c7.param
0.991,0.829,-0.848,-0.972,0.853,-0.995,-0.836,-0.709,-0.978,-0.795,0.602,0.97,-0.365,-0.862,-0.222,0.731,-0.982,0.312,0.964,-0.847,-0.995,-0.942,0.518,0.054,-0.978,-0.978,-0.969,-0.958,0.97,0.965,0.884,0.925,0.978,0.81,0.991,0.977,0.924,-0.906,0.987,-0.888,0.956,0.305,-0.573,-0.457,0.978,-0.99,-0.799,-0.734,-0.976,0.965,0.955,-0.942,0.955,-0.973,-0.988,0.555,-0.884,0.807,-0.994,-0.984,0.862,0.97,-0.953,0.993,-0.995,-0.659,-0.581,-0.981,-0.986,-0.7,0.874,-0.975,0.965,0.912,-0.969,0.985,0.948,-0.974,-0.632,0.995,-0.994,0.872,-0.978,0.986,-0.976,-0.957,-0.962,0.995,0.983,0.731,-0.998,0.997,0.408,-0.777,-0.995,0.869,-0.983,0.989,-0.995,-0.991,5.685,4.847,10.537,10.566,10.512,10.531,10.497,10.532,5.598,4.958,10.534,10.58,5.899,5.645,10.566,10.566,EssenceCatalog/problems/csplib-prob010-SocialGolfers/params/92b1126edb69348c4642a8357111389e.param
0.986,0.856,-0.468,-0.81,0.796,-0.995,-0.922,-0.875,-0.986,-0.795,0.682,0.967,-0.712,-0.936,-0.256,0.838,-0.971,-0.259,0.969,-0.871,-0.993,-0.467,0.905,0.333,-0.974,-0.875,-0.975,-0.981,0.978,0.822,0.926,0.923,0.978,0.669,0.991,0.973,0.933,-0.942,0.993,-0.943,0.952,0.583,0.402,0.389,0.958,-0.99,-0.887,-0.928,-0.983,0.655,0.812,-0.962,0.965,-0.971,-0.959,0.613,-0.673,0.892,-0.992,-0.958,0.873,0.982,-0.486,0.992,-0.996,-0.739,-0.764,-0.983,-0.971,-0.674,0.88,-0.971,0.979,0.95,-0.98,0.977,0.818,-0.965,-0.726,0.993,-0.993,0.827,-0.975,0.985,-0.985,-0.97,-0.963,0.994,0.99,0.722,-0.998,0.998,0.836,-0.948,-0.993,0.868,-0.977,0.981,-0.991,-0.989,6.101,4.724,10.607,10.501,10.531,10.492,10.493,10.403,5.737,4.827,10.58,10.416,6.068,5.58,10.535,10.485,EssenceCatalog/problems/csplib-prob010-SocialGolfers/params/fa15c1fbf7ad340573b520c984fb5617.param
0.99,0.819,-0.826,-0.96,0.858,-0.995,-0.839,-0.717,-0.978,-0.782,0.61,0.968,-0.339,-0.867,-0.246,0.73,-0.98,0.318,0.963,-0.849,-0.994,-0.925,0.538,0.056,-0.976,-0.971,-0.968,-0.958,0.968,0.956,0.881,0.923,0.977,0.793,0.991,0.975,0.921,-0.904,0.988,-0.88,0.949,0.333,-0.542,-0.322,0.975,-0.99,-0.819,-0.766,-0.976,0.95,0.948,-0.945,0.952,-0.972,-0.985,0.585,-0.867,0.802,-0.993,-0.98,0.856,0.97,-0.941,0.993,-0.995,-0.66,-0.588,-0.981,-0.984,-0.7,0.866,-0.974,0.964,0.919,-0.969,0.983,0.939,-0.97,-0.639,0.995,-0.994,0.865,-0.976,0.986,-0.975,-0.959,-0.959,0.995,0.983,0.736,-0.998,0.997,0.446,-0.786,-0.995,0.877,-0.982,0.988,-0.994,-0.99,5.751,4.86,10.544,10.56,10.506,10.526,10.493,10.527,5.631,4.972,10.54,10.571,5.934,5.679,10.564,10.561,EssenceCatalog/problems/csplib-prob010-SocialGolfers/params/4a15e64ff37aa450dbd34dc5af6eea11.param
0.998,0.958,-0.897,0.885,0.965,-0.996,-0.986,-0.981,-0.996,-0.979,0.922,0.992,0.96,-0.987,-0.984,0.973,-0.988,0.929,0.991,-0.967,-0.998,0.975,0.988,-0.957,-0.993,0.903,-0.99,-0.997,0.995,-0.914,0.986,0.99,0.993,0.97,0.994,0.993,0.981,-0.989,0.994,-0.993,0.977,0.996,-0.942,0.956,0.935,-0.998,-0.984,-0.985,-0.988,-0.942,0.882,-0.99,0.992,-0.994,-0.864,0.969,-0.956,0.985,-0.997,-0.939,0.967,0.993,0.963,0.995,-0.999,-0.963,-0.972,-0.996,-0.991,-0.962,0.981,-0.992,0.991,0.991,-0.997,0.997,-0.104,-0.948,-0.825,0.995,-0.998,0.983,-0.986,0.987,-0.994,-0.995,-0.987,0.998,0.997,0.97,-1.0,0.999,0.978,-0.976,-0.997,0.988,-0.996,0.985,-0.998,-0.996,9.706,5.788,10.375,10.291,10.387,10.279,10.418,10.352,7.617,6.104,10.35,10.235,8.018,7.792,10.342,10.344,EssenceCatalog/problems/csplib-prob010-SocialGolfers/params/967840dc3ea51917531581b772e73470.param
0.983,0.954,-0.949,-0.59,-0.203,-0.971,-0.94,0.841,0.967,-0.869,0.96,0.958,-0.959,0.815,0.934,0.546,0.676,0.787,0.945,-0.94,-0.991,0.94,-0.2,-0.508,-0.985,-0.927,0.258,-0.985,0.978,-0.948,0.931,0.568,0.99,-0.938,0.995,0.996,0.965,-0.248,-0.979,0.831,0.917,-0.877,0.965,0.933,0.968,-0.854,-0.825,0.811,0.923,0.777,0.898,0.867,0.958,-0.964,0.918,-0.459,-0.438,0.971,-0.994,-0.95,0.983,0.944,-0.81,0.915,-0.997,-0.972,-0.986,-0.905,-0.965,-0.894,0.758,-0.953,-0.947,-0.779,0.965,0.986,0.975,-0.995,-0.985,0.946,-0.996,0.142,-0.981,0.99,-0.996,0.84,-0.979,0.994,0.982,0.834,-0.999,0.998,0.766,-0.957,-0.994,-0.66,-0.965,0.983,-0.97,-0.985,4.117,2.467,3.705,7.383,9.196,8.666,9.104,8.882,3.457,2.917,3.874,7.345,4.106,3.57,4.711,7.536,EssenceCatalog/problems/csplib-prob010-SocialGolfers/params/ord31-3-9-6.param
0.999,0.969,-0.955,0.993,0.986,-0.994,-0.987,-0.987,-0.98,-0.976,0.988,0.992,0.983,-0.964,-0.984,0.983,-0.979,0.986,0.991,-0.991,-0.998,0.992,0.985,-0.981,-0.993,0.983,-0.984,-0.996,0.996,-0.982,0.98,0.995,0.994,0.954,0.996,0.993,0.988,-0.977,0.983,-0.975,0.909,0.981,-0.965,0.995,0.859,-0.998,-0.991,-0.98,-0.978,-0.992,0.97,-0.987,0.988,-0.995,-0.708,0.986,-0.969,0.99,-0.998,-0.942,0.982,0.996,0.928,0.994,-0.999,-0.985,-0.985,-0.996,-0.994,-0.99,0.988,-0.996,0.945,0.986,-0.994,0.995,0.626,-0.937,-0.979,0.997,-0.999,0.97,-0.99,0.983,-0.997,-0.994,-0.99,0.999,0.999,0.991,-1.0,0.998,0.988,-0.985,-0.997,0.99,-0.996,0.991,-0.997,-0.993,9.876,5.827,10.435,10.375,10.485,10.396,10.534,10.487,7.666,6.163,10.421,10.316,8.106,7.934,10.42,10.411,EssenceCatalog/problems/csplib-prob010-SocialGolfers/params/6d6106b29a222ec6654e9471d3cc06a8.param
0.99,0.818,-0.821,-0.965,0.854,-0.995,-0.852,-0.732,-0.98,-0.791,0.539,0.971,-0.217,-0.881,-0.306,0.726,-0.98,0.332,0.961,-0.846,-0.994,-0.908,0.575,-0.025,-0.976,-0.971,-0.968,-0.96,0.97,0.95,0.888,0.924,0.977,0.804,0.991,0.975,0.917,-0.917,0.989,-0.899,0.955,0.522,-0.592,-0.324,0.976,-0.99,-0.812,-0.775,-0.977,0.952,0.939,-0.942,0.96,-0.972,-0.984,0.6,-0.868,0.809,-0.993,-0.978,0.847,0.97,-0.924,0.992,-0.995,-0.669,-0.599,-0.981,-0.984,-0.662,0.872,-0.973,0.97,0.925,-0.97,0.983,0.93,-0.97,-0.551,0.994,-0.994,0.873,-0.976,0.985,-0.976,-0.961,-0.96,0.994,0.984,0.717,-0.998,0.997,0.468,-0.789,-0.995,0.882,-0.982,0.987,-0.995,-0.99,5.848,4.931,10.556,10.564,10.501,10.517,10.484,10.52,5.715,5.043,10.557,10.575,6.005,5.747,10.566,10.569,EssenceCatalog/problems/csplib-prob010-SocialGolfers/params/dd4f89b7fb5d9dfaea7e646991ca5218.param
0.989,0.833,-0.561,-0.125,0.876,-0.991,-0.899,-0.87,-0.977,-0.744,0.836,0.961,-0.438,-0.898,-0.478,0.876,-0.967,0.347,0.967,-0.919,-0.993,-0.174,0.841,-0.149,-0.967,-0.667,-0.968,-0.973,0.972,0.635,0.909,0.94,0.98,0.695,0.989,0.96,0.935,-0.903,0.99,-0.849,0.864,0.423,0.093,0.853,0.943,-0.989,-0.925,-0.941,-0.979,-0.032,0.853,-0.96,0.933,-0.974,-0.942,0.765,-0.658,0.893,-0.993,-0.943,0.869,0.983,-0.545,0.988,-0.995,-0.789,-0.766,-0.983,-0.975,-0.812,0.883,-0.974,0.952,0.951,-0.979,0.966,0.838,-0.944,-0.872,0.994,-0.993,0.757,-0.971,0.977,-0.982,-0.967,-0.95,0.995,0.988,0.83,-0.996,0.997,0.858,-0.933,-0.993,0.913,-0.98,0.979,-0.99,-0.982,7.037,4.965,10.477,10.405,10.448,10.43,10.437,10.399,6.15,5.122,10.447,10.359,6.535,6.235,10.439,10.39,EssenceCatalog/problems/csplib-prob010-SocialGolfers/params/5f566cfb165ac1808a0b1a6b1b5ad362.param
0.988,0.793,-0.775,-0.879,0.882,-0.993,-0.84,-0.732,-0.98,-0.757,0.61,0.966,0.013,-0.896,-0.438,0.739,-0.976,0.457,0.952,-0.857,-0.992,-0.786,0.566,-0.267,-0.969,-0.927,-0.966,-0.955,0.961,0.888,0.877,0.927,0.974,0.773,0.988,0.966,0.895,-0.89,0.99,-0.866,0.915,0.61,-0.612,0.191,0.964,-0.989,-0.862,-0.864,-0.982,0.836,0.92,-0.95,0.944,-0.969,-0.978,0.717,-0.827,0.804,-0.991,-0.967,0.821,0.965,-0.87,0.989,-0.994,-0.673,-0.639,-0.981,-0.979,-0.686,0.851,-0.969,0.963,0.939,-0.976,0.977,0.897,-0.959,-0.602,0.995,-0.992,0.849,-0.968,0.98,-0.974,-0.966,-0.947,0.993,0.98,0.733,-0.997,0.997,0.547,-0.771,-0.993,0.907,-0.981,0.983,-0.992,-0.986,6.263,5.058,10.544,10.525,10.46,10.491,10.456,10.499,5.938,5.182,10.545,10.537,6.224,6.027,10.542,10.54,EssenceCatalog/problems/csplib-prob010-SocialGolfers/params/921a158b6c3a2715c9d0545018e5bd86.param
0.99,0.782,-0.844,-0.861,0.904,-0.993,-0.857,-0.755,-0.984,-0.812,0.445,0.977,0.684,-0.916,-0.745,0.745,-0.979,0.723,0.947,-0.845,-0.993,-0.608,0.53,-0.715,-0.972,-0.9,-0.968,-0.962,0.965,0.809,0.9,0.949,0.976,0.874,0.988,0.968,0.88,-0.923,0.991,-0.902,0.928,0.909,-0.881,0.24,0.965,-0.99,-0.876,-0.86,-0.984,0.813,0.909,-0.946,0.962,-0.974,-0.978,0.801,-0.887,0.829,-0.991,-0.956,0.796,0.965,-0.775,0.987,-0.994,-0.719,-0.679,-0.984,-0.983,-0.686,0.883,-0.973,0.974,0.955,-0.981,0.983,0.863,-0.953,-0.321,0.994,-0.993,0.908,-0.967,0.978,-0.976,-0.976,-0.953,0.994,0.983,0.77,-0.997,0.997,0.557,-0.651,-0.995,0.932,-0.986,0.977,-0.995,-0.986,6.805,5.385,10.576,10.541,10.442,10.478,10.457,10.513,6.327,5.534,10.576,10.576,6.58,6.461,10.559,10.587,EssenceCatalog/problems/csplib-prob010-SocialGolfers/params/0896563de10e4b0b5d02c5a8230101ed.param
0.989,0.789,-0.82,-0.891,0.892,-0.993,-0.86,-0.757,-0.983,-0.807,0.437,0.976,0.542,-0.916,-0.683,0.738,-0.978,0.627,0.948,-0.841,-0.993,-0.666,0.58,-0.614,-0.972,-0.917,-0.968,-0.963,0.966,0.844,0.899,0.943,0.974,0.856,0.988,0.969,0.883,-0.924,0.991,-0.909,0.936,0.887,-0.831,0.145,0.966,-0.99,-0.865,-0.857,-0.984,0.848,0.904,-0.946,0.963,-0.973,-0.978,0.771,-0.874,0.824,-0.99,-0.959,0.8,0.966,-0.784,0.988,-0.994,-0.705,-0.671,-0.983,-0.982,-0.66,0.879,-0.971,0.975,0.952,-0.98,0.982,0.865,-0.956,-0.325,0.994,-0.993,0.901,-0.968,0.979,-0.976,-0.973,-0.953,0.994,0.983,0.742,-0.997,0.997,0.565,-0.696,-0.994,0.923,-0.985,0.977,-0.994,-0.987,6.636,5.314,10.568,10.541,10.445,10.475,10.448,10.504,6.232,5.451,10.572,10.571,6.485,6.33,10.554,10.578,EssenceCatalog/problems/csplib-prob010-SocialGolfers/params/c1a3193ba5636943ff916486da3beaba.param
0.991,0.894,-0.783,-0.984,0.809,-0.997,-0.863,-0.755,-0.977,-0.772,0.784,0.959,-0.919,-0.855,0.456,0.781,-0.984,-0.369,0.976,-0.869,-0.995,-0.975,0.726,0.801,-0.983,-0.987,-0.975,-0.968,0.975,0.985,0.897,0.897,0.982,0.708,0.993,0.986,0.955,-0.9,0.986,-0.918,0.968,-0.676,0.387,-0.754,0.981,-0.991,-0.786,-0.757,-0.973,0.98,0.971,-0.959,0.948,-0.974,-0.991,0.238,-0.86,0.833,-0.996,-0.992,0.926,0.98,-0.975,0.997,-0.996,-0.635,-0.602,-0.982,-0.987,-0.717,0.865,-0.977,0.958,0.878,-0.966,0.987,0.968,-0.986,-0.849,0.996,-0.994,0.835,-0.984,0.991,-0.982,-0.956,-0.971,0.995,0.986,0.756,-0.998,0.998,0.471,-0.922,-0.995,0.794,-0.976,0.995,-0.994,-0.995,4.969,4.295,10.526,10.504,10.585,10.566,10.567,10.501,5.028,4.4,10.497,10.491,5.388,4.935,10.549,10.492,EssenceCatalog/problems/csplib-prob010-SocialGolfers/params/f3cc7e845116cd0fddedcce2795ff498.param
0.989,0.855,-0.655,-0.95,0.798,-0.995,-0.87,-0.789,-0.978,-0.743,0.75,0.957,-0.864,-0.876,0.217,0.789,-0.978,-0.284,0.972,-0.867,-0.994,-0.927,0.771,0.664,-0.977,-0.969,-0.972,-0.964,0.969,0.964,0.89,0.901,0.978,0.649,0.991,0.977,0.941,-0.9,0.989,-0.903,0.949,-0.369,0.35,-0.248,0.971,-0.989,-0.829,-0.843,-0.976,0.93,0.938,-0.959,0.943,-0.968,-0.982,0.417,-0.774,0.83,-0.994,-0.982,0.886,0.978,-0.933,0.994,-0.995,-0.654,-0.615,-0.98,-0.98,-0.703,0.853,-0.973,0.964,0.913,-0.969,0.978,0.935,-0.974,-0.821,0.995,-0.993,0.792,-0.977,0.987,-0.978,-0.957,-0.96,0.994,0.985,0.72,-0.998,0.997,0.627,-0.923,-0.994,0.833,-0.973,0.99,-0.992,-0.991,5.25,4.407,10.534,10.498,10.544,10.534,10.525,10.473,5.205,4.508,10.511,10.467,5.562,5.115,10.537,10.476,EssenceCatalog/problems/csplib-prob010-SocialGolfers/params/12f516ad92f2377a7f427849f1121998.param
0.991,0.781,-0.905,-0.919,0.912,-0.994,-0.829,-0.708,-0.982,-0.838,0.441,0.979,0.75,-0.898,-0.758,0.734,-0.983,0.794,0.948,-0.841,-0.993,-0.785,0.344,-0.763,-0.976,-0.94,-0.97,-0.957,0.964,0.883,0.895,0.956,0.978,0.903,0.989,0.971,0.887,-0.918,0.989,-0.891,0.935,0.888,-0.935,-0.057,0.971,-0.99,-0.854,-0.791,-0.982,0.902,0.947,-0.941,0.96,-0.976,-0.986,0.792,-0.926,0.815,-0.992,-0.97,0.809,0.964,-0.892,0.989,-0.995,-0.707,-0.638,-0.985,-0.988,-0.728,0.893,-0.977,0.971,0.945,-0.979,0.986,0.918,-0.959,-0.362,0.995,-0.994,0.924,-0.972,0.98,-0.974,-0.974,-0.957,0.995,0.982,0.789,-0.997,0.997,0.406,-0.516,-0.996,0.928,-0.989,0.982,-0.996,-0.988,6.623,5.386,10.571,10.563,10.451,10.501,10.463,10.538,6.242,5.533,10.574,10.616,6.491,6.42,10.577,10.609,EssenceCatalog/problems/csplib-prob010-SocialGolfers/params/4e43043f50db866c4cc8a4e81752484b.param
0.989,0.869,-0.688,-0.956,0.815,-0.996,-0.87,-0.761,-0.977,-0.734,0.793,0.954,-0.887,-0.874,0.361,0.771,-0.979,-0.301,0.972,-0.874,-0.994,-0.941,0.741,0.73,-0.979,-0.973,-0.972,-0.965,0.968,0.966,0.884,0.895,0.979,0.599,0.991,0.98,0.944,-0.88,0.988,-0.892,0.946,-0.564,0.429,-0.356,0.972,-0.99,-0.841,-0.842,-0.977,0.94,0.953,-0.963,0.936,-0.97,-0.984,0.417,-0.786,0.827,-0.994,-0.985,0.902,0.977,-0.954,0.995,-0.995,-0.644,-0.623,-0.981,-0.981,-0.715,0.836,-0.972,0.958,0.905,-0.97,0.98,0.948,-0.978,-0.858,0.995,-0.993,0.792,-0.979,0.988,-0.979,-0.958,-0.96,0.994,0.984,0.728,-0.998,0.997,0.565,-0.922,-0.994,0.833,-0.972,0.992,-0.992,-0.991,5.142,4.336,10.526,10.468,10.543,10.534,10.525,10.459,5.116,4.44,10.499,10.444,5.483,5.034,10.534,10.451,EssenceCatalog/problems/csplib-prob010-SocialGolfers/params/fdee98d802c310bc016df6c4440f5007.param
0.986,0.884,-0.453,-0.811,0.773,-0.995,-0.932,-0.847,-0.981,-0.782,0.806,0.963,-0.89,-0.93,0.178,0.818,-0.965,-0.446,0.974,-0.888,-0.994,-0.484,0.908,0.6,-0.979,-0.899,-0.973,-0.983,0.978,0.813,0.927,0.911,0.981,0.435,0.992,0.978,0.943,-0.922,0.99,-0.925,0.946,0.086,0.743,0.448,0.957,-0.99,-0.899,-0.929,-0.981,0.679,0.844,-0.959,0.958,-0.973,-0.946,0.567,-0.623,0.908,-0.994,-0.967,0.904,0.983,-0.644,0.993,-0.997,-0.764,-0.808,-0.984,-0.972,-0.699,0.85,-0.971,0.968,0.938,-0.974,0.977,0.88,-0.974,-0.865,0.994,-0.993,0.769,-0.978,0.987,-0.988,-0.962,-0.967,0.994,0.991,0.741,-0.998,0.998,0.838,-0.966,-0.994,0.834,-0.974,0.987,-0.991,-0.99,5.769,4.469,10.587,10.443,10.548,10.498,10.504,10.379,5.46,4.581,10.561,10.349,5.821,5.295,10.525,10.426,EssenceCatalog/problems/csplib-prob010-SocialGolfers/params/7a558975880420f51779d04ecb758dd5.param
0.991,0.835,-0.817,-0.969,0.846,-0.995,-0.839,-0.729,-0.977,-0.773,0.655,0.966,-0.577,-0.855,-0.09,0.746,-0.982,0.164,0.968,-0.856,-0.995,-0.949,0.581,0.316,-0.978,-0.977,-0.97,-0.958,0.97,0.969,0.881,0.918,0.978,0.781,0.991,0.977,0.933,-0.903,0.987,-0.885,0.954,0.011,-0.371,-0.458,0.977,-0.99,-0.804,-0.752,-0.974,0.961,0.956,-0.95,0.951,-0.972,-0.987,0.502,-0.866,0.804,-0.994,-0.985,0.875,0.973,-0.957,0.994,-0.995,-0.649,-0.561,-0.981,-0.985,-0.705,0.868,-0.975,0.962,0.909,-0.968,0.983,0.949,-0.974,-0.714,0.995,-0.994,0.855,-0.979,0.987,-0.976,-0.957,-0.962,0.995,0.984,0.741,-0.998,0.997,0.441,-0.829,-0.995,0.861,-0.981,0.99,-0.994,-0.991,5.482,4.69,10.535,10.554,10.519,10.533,10.508,10.527,5.441,4.798,10.522,10.557,5.76,5.455,10.568,10.545,EssenceCatalog/problems/csplib-prob010-SocialGolfers/params/d959a1f80bfd0c70c096fbd24f70d3a3.param
0.986,0.809,-0.62,-0.717,0.858,-0.992,-0.895,-0.845,-0.985,-0.786,0.583,0.97,-0.009,-0.929,-0.616,0.808,-0.971,0.319,0.957,-0.867,-0.993,-0.356,0.815,-0.347,-0.968,-0.817,-0.968,-0.973,0.973,0.742,0.912,0.935,0.975,0.786,0.989,0.963,0.903,-0.935,0.993,-0.92,0.926,0.845,-0.383,0.554,0.956,-0.989,-0.896,-0.919,-0.984,0.56,0.818,-0.953,0.961,-0.971,-0.96,0.752,-0.757,0.869,-0.99,-0.937,0.819,0.975,-0.471,0.988,-0.994,-0.73,-0.73,-0.982,-0.974,-0.683,0.884,-0.97,0.976,0.958,-0.981,0.974,0.774,-0.948,-0.549,0.993,-0.992,0.851,-0.968,0.978,-0.98,-0.972,-0.952,0.994,0.987,0.74,-0.997,0.997,0.782,-0.873,-0.993,0.912,-0.982,0.971,-0.992,-0.984,6.798,5.149,10.551,10.491,10.458,10.447,10.45,10.434,6.215,5.283,10.534,10.47,6.509,6.217,10.502,10.508,EssenceCatalog/problems/csplib-prob010-SocialGolfers/params/90a77aa9fb59f64657438704a4e0f1ee.param
0.989,0.925,-0.955,-0.664,-0.544,-0.949,-0.922,0.843,0.988,-0.849,0.943,0.968,-0.968,0.95,0.879,0.713,0.798,0.86,0.964,-0.932,-0.992,0.884,-0.337,-0.737,-0.985,-0.962,0.474,-0.972,0.983,-0.903,0.935,0.606,0.993,-0.891,0.997,0.993,0.972,-0.266,-0.992,0.906,0.94,-0.932,0.936,0.964,0.981,-0.751,-0.546,0.945,0.982,0.858,0.854,0.962,0.967,-0.962,0.939,-0.761,-0.424,0.972,-0.996,-0.934,0.976,0.958,-0.882,0.867,-0.996,-0.976,-0.978,-0.815,-0.978,-0.913,0.869,-0.967,-0.973,-0.902,0.988,0.978,0.983,-0.993,-0.986,0.891,-0.997,-0.277,-0.983,0.99,-0.995,0.936,-0.983,0.996,0.988,0.827,-0.999,0.997,0.846,-0.956,-0.994,-0.817,-0.972,0.969,-0.979,-0.981,3.895,2.36,3.219,7.322,9.18,8.612,9.095,8.98,3.301,2.785,3.382,7.284,3.969,3.399,4.293,7.502,EssenceCatalog/problems/csplib-prob010-SocialGolfers/params/a7aab89d77a52d00ebda258427deb693.param
0.991,0.874,-0.795,-0.984,0.812,-0.997,-0.865,-0.768,-0.979,-0.774,0.711,0.963,-0.858,-0.855,0.291,0.769,-0.984,-0.23,0.976,-0.866,-0.995,-0.972,0.71,0.703,-0.983,-0.986,-0.973,-0.963,0.976,0.983,0.896,0.908,0.982,0.75,0.993,0.983,0.951,-0.916,0.987,-0.915,0.968,-0.488,0.12,-0.701,0.981,-0.991,-0.775,-0.747,-0.973,0.979,0.965,-0.954,0.956,-0.975,-0.99,0.325,-0.871,0.833,-0.995,-0.99,0.909,0.98,-0.971,0.996,-0.995,-0.65,-0.566,-0.981,-0.987,-0.69,0.875,-0.978,0.965,0.89,-0.967,0.985,0.964,-0.982,-0.809,0.995,-0.995,0.845,-0.984,0.99,-0.979,-0.956,-0.969,0.995,0.987,0.745,-0.998,0.998,0.471,-0.906,-0.995,0.824,-0.979,0.994,-0.995,-0.994,5.094,4.409,10.541,10.539,10.577,10.567,10.561,10.526,5.143,4.513,10.518,10.53,5.491,5.071,10.569,10.523,EssenceCatalog/problems/csplib-prob010-SocialGolfers/params/8ea73dc63edf82dbc11879ab1f857061.param
0.986,0.828,-0.517,-0.695,0.832,-0.993,-0.887,-0.848,-0.98,-0.74,0.723,0.961,-0.584,-0.905,-0.341,0.833,-0.971,0.017,0.963,-0.881,-0.992,-0.563,0.84,0.138,-0.969,-0.861,-0.97,-0.972,0.971,0.829,0.903,0.924,0.976,0.68,0.989,0.964,0.922,-0.912,0.991,-0.9,0.915,0.434,0.144,0.576,0.953,-0.988,-0.889,-0.919,-0.98,0.571,0.854,-0.956,0.947,-0.969,-0.963,0.664,-0.678,0.867,-0.992,-0.954,0.85,0.978,-0.67,0.99,-0.994,-0.714,-0.716,-0.981,-0.973,-0.72,0.871,-0.969,0.965,0.945,-0.977,0.97,0.843,-0.955,-0.774,0.993,-0.992,0.781,-0.97,0.98,-0.98,-0.966,-0.951,0.994,0.987,0.741,-0.997,0.997,0.798,-0.921,-0.993,0.881,-0.977,0.98,-0.99,-0.985,6.238,4.8,10.555,10.497,10.494,10.486,10.475,10.437,5.803,4.908,10.532,10.439,6.136,5.76,10.515,10.481,EssenceCatalog/problems/csplib-prob010-SocialGolfers/params/ca386d37f6fa08ad31552e10272f8e4e.param
0.991,0.818,-0.862,-0.967,0.865,-0.995,-0.823,-0.701,-0.979,-0.8,0.567,0.972,-0.129,-0.865,-0.362,0.728,-0.983,0.442,0.961,-0.843,-0.994,-0.932,0.47,-0.15,-0.978,-0.974,-0.97,-0.956,0.969,0.959,0.884,0.932,0.978,0.836,0.991,0.976,0.916,-0.907,0.987,-0.886,0.952,0.471,-0.709,-0.403,0.977,-0.99,-0.803,-0.735,-0.977,0.959,0.956,-0.941,0.955,-0.973,-0.988,0.606,-0.894,0.802,-0.993,-0.983,0.853,0.968,-0.948,0.993,-0.995,-0.662,-0.583,-0.982,-0.986,-0.706,0.876,-0.975,0.965,0.916,-0.969,0.986,0.945,-0.972,-0.584,0.995,-0.994,0.883,-0.977,0.985,-0.975,-0.96,-0.96,0.995,0.982,0.738,-0.998,0.997,0.39,-0.725,-0.995,0.878,-0.984,0.988,-0.995,-0.991,5.874,4.975,10.537,10.571,10.495,10.524,10.483,10.536,5.734,5.09,10.537,10.596,6.02,5.818,10.565,10.578,EssenceCatalog/problems/csplib-prob010-SocialGolfers/params/8ac1edf69f655b420501694015d73b15.param
0.997,0.901,-0.918,0.867,0.976,-0.994,-0.926,-0.902,-0.975,-0.871,0.962,0.983,0.9,-0.908,-0.922,0.945,-0.984,0.965,0.975,-0.973,-0.995,0.725,0.751,-0.945,-0.98,0.419,-0.975,-0.985,0.984,-0.544,0.949,0.987,0.993,0.914,0.994,0.982,0.958,-0.897,0.984,-0.821,0.738,0.846,-0.927,0.979,0.909,-0.996,-0.977,-0.958,-0.986,-0.858,0.97,-0.979,0.946,-0.99,-0.949,0.952,-0.913,0.948,-0.997,-0.959,0.93,0.989,-0.485,0.992,-0.998,-0.934,-0.926,-0.995,-0.992,-0.958,0.951,-0.991,0.87,0.963,-0.987,0.991,0.91,-0.958,-0.954,0.999,-0.998,0.924,-0.983,0.979,-0.993,-0.987,-0.971,0.998,0.994,0.969,-0.999,0.998,0.901,-0.905,-0.997,0.976,-0.993,0.991,-0.997,-0.989,9.252,5.681,10.449,10.404,10.488,10.468,10.509,10.532,7.32,6.018,10.465,10.37,7.751,7.715,10.438,10.424,EssenceCatalog/problems/csplib-prob010-SocialGolfers/params/45e169ab5101b0781386dbf23d04b590.param
0.99,0.838,-0.806,-0.972,0.836,-0.995,-0.851,-0.733,-0.978,-0.79,0.598,0.97,-0.496,-0.87,-0.15,0.736,-0.98,0.175,0.965,-0.846,-0.995,-0.933,0.606,0.204,-0.978,-0.977,-0.969,-0.962,0.972,0.963,0.892,0.917,0.978,0.785,0.991,0.978,0.926,-0.913,0.988,-0.902,0.96,0.286,-0.416,-0.422,0.977,-0.99,-0.798,-0.756,-0.975,0.963,0.946,-0.943,0.96,-0.972,-0.985,0.525,-0.864,0.813,-0.994,-0.983,0.866,0.972,-0.94,0.994,-0.995,-0.665,-0.604,-0.981,-0.984,-0.675,0.873,-0.974,0.967,0.914,-0.967,0.984,0.941,-0.975,-0.625,0.995,-0.994,0.861,-0.978,0.987,-0.978,-0.957,-0.963,0.995,0.985,0.715,-0.998,0.997,0.486,-0.829,-0.995,0.86,-0.981,0.989,-0.995,-0.992,5.608,4.771,10.55,10.565,10.525,10.535,10.507,10.523,5.541,4.88,10.545,10.564,5.848,5.538,10.569,10.559,EssenceCatalog/problems/csplib-prob010-SocialGolfers/params/5d61acaf00c972d40a1182c389f82a0e.param
0.994,0.793,-0.933,-0.38,0.956,-0.992,-0.792,-0.606,-0.972,-0.787,0.864,0.971,0.766,-0.852,-0.728,0.815,-0.98,0.93,0.951,-0.919,-0.992,-0.629,0.057,-0.858,-0.973,-0.812,-0.965,-0.949,0.956,0.64,0.88,0.968,0.985,0.865,0.989,0.964,0.906,-0.788,0.982,-0.646,0.776,0.511,-0.945,0.735,0.949,-0.992,-0.918,-0.874,-0.981,0.42,0.973,-0.954,0.903,-0.98,-0.982,0.867,-0.922,0.833,-0.994,-0.975,0.852,0.963,-0.945,0.988,-0.995,-0.795,-0.733,-0.989,-0.988,-0.864,0.864,-0.982,0.894,0.926,-0.979,0.984,0.955,-0.956,-0.866,0.998,-0.995,0.885,-0.971,0.977,-0.979,-0.972,-0.946,0.995,0.977,0.904,-0.996,0.997,0.434,-0.581,-0.995,0.951,-0.989,0.99,-0.995,-0.983,7.248,5.387,10.494,10.506,10.45,10.538,10.48,10.582,6.421,5.595,10.496,10.551,6.746,6.828,10.537,10.543,EssenceCatalog/problems/csplib-prob010-SocialGolfers/params/2020955020954a6028ddd8b9aa91ef7c.param
0.99,0.787,-0.873,-0.922,0.899,-0.994,-0.853,-0.744,-0.983,-0.835,0.377,0.979,0.699,-0.908,-0.743,0.734,-0.981,0.727,0.95,-0.834,-0.993,-0.737,0.495,-0.71,-0.975,-0.935,-0.969,-0.962,0.967,0.868,0.902,0.951,0.977,0.892,0.989,0.971,0.886,-0.931,0.99,-0.914,0.946,0.912,-0.906,-0.02,0.97,-0.99,-0.854,-0.815,-0.982,0.898,0.924,-0.943,0.967,-0.975,-0.982,0.779,-0.909,0.823,-0.991,-0.963,0.805,0.966,-0.832,0.989,-0.995,-0.709,-0.651,-0.984,-0.986,-0.681,0.894,-0.975,0.976,0.951,-0.979,0.985,0.888,-0.958,-0.263,0.994,-0.994,0.922,-0.971,0.98,-0.975,-0.975,-0.958,0.995,0.984,0.763,-0.997,0.997,0.497,-0.612,-0.995,0.927,-0.987,0.979,-0.996,-0.988,6.629,5.374,10.579,10.565,10.453,10.491,10.461,10.529,6.256,5.515,10.583,10.609,6.501,6.381,10.575,10.609,EssenceCatalog/problems/csplib-prob010-SocialGolfers/params/1b0ba1ffa4b64f87f0a3aa0f5892cd9b.param
0.995,0.79,-0.944,-0.246,0.963,-0.992,-0.824,-0.666,-0.978,-0.816,0.842,0.977,0.91,-0.882,-0.841,0.832,-0.982,0.954,0.952,-0.925,-0.993,-0.376,0.098,-0.926,-0.975,-0.721,-0.968,-0.955,0.961,0.47,0.897,0.975,0.986,0.907,0.989,0.964,0.902,-0.835,0.985,-0.717,0.778,0.79,-0.971,0.776,0.947,-0.993,-0.933,-0.891,-0.984,0.273,0.971,-0.956,0.926,-0.982,-0.981,0.9,-0.938,0.854,-0.994,-0.969,0.844,0.967,-0.913,0.986,-0.996,-0.823,-0.77,-0.99,-0.989,-0.867,0.886,-0.984,0.915,0.944,-0.983,0.986,0.944,-0.95,-0.819,0.998,-0.995,0.912,-0.972,0.975,-0.981,-0.979,-0.951,0.996,0.981,0.916,-0.997,0.997,0.502,-0.535,-0.996,0.964,-0.991,0.989,-0.996,-0.983,7.646,5.51,10.543,10.518,10.474,10.545,10.506,10.586,6.644,5.75,10.545,10.548,6.974,7.042,10.554,10.558,EssenceCatalog/problems/csplib-prob010-SocialGolfers/params/5631a9711f99910af7052b4a694772c8.param
0.99,0.83,-0.833,-0.969,0.851,-0.995,-0.834,-0.723,-0.979,-0.786,0.61,0.969,-0.412,-0.866,-0.218,0.739,-0.982,0.269,0.964,-0.847,-0.994,-0.94,0.552,0.103,-0.978,-0.976,-0.971,-0.958,0.97,0.965,0.884,0.924,0.978,0.808,0.991,0.977,0.924,-0.907,0.988,-0.892,0.955,0.272,-0.539,-0.436,0.977,-0.99,-0.803,-0.752,-0.976,0.96,0.954,-0.945,0.954,-0.972,-0.988,0.549,-0.876,0.805,-0.994,-0.984,0.862,0.971,-0.95,0.994,-0.995,-0.655,-0.58,-0.981,-0.985,-0.701,0.873,-0.975,0.965,0.914,-0.969,0.985,0.945,-0.973,-0.644,0.995,-0.994,0.87,-0.978,0.986,-0.976,-0.959,-0.961,0.995,0.983,0.73,-0.998,0.997,0.436,-0.792,-0.995,0.866,-0.983,0.989,-0.995,-0.991,5.667,4.825,10.545,10.573,10.518,10.536,10.504,10.536,5.583,4.935,10.541,10.583,5.886,5.618,10.572,10.57,EssenceCatalog/problems/csplib-prob010-SocialGolfers/params/e3083b40a19229bd8f136629f70f2639.param
0.99,0.81,-0.839,-0.955,0.869,-0.995,-0.833,-0.714,-0.979,-0.786,0.588,0.969,-0.181,-0.87,-0.328,0.725,-0.98,0.399,0.96,-0.849,-0.994,-0.915,0.507,-0.079,-0.975,-0.968,-0.968,-0.956,0.967,0.949,0.879,0.928,0.977,0.808,0.99,0.974,0.916,-0.903,0.988,-0.876,0.946,0.441,-0.636,-0.289,0.974,-0.99,-0.825,-0.772,-0.978,0.943,0.948,-0.945,0.951,-0.972,-0.985,0.624,-0.875,0.801,-0.993,-0.979,0.849,0.968,-0.939,0.992,-0.995,-0.659,-0.58,-0.981,-0.984,-0.704,0.868,-0.974,0.965,0.923,-0.971,0.983,0.936,-0.968,-0.614,0.995,-0.994,0.872,-0.976,0.985,-0.975,-0.961,-0.957,0.994,0.982,0.74,-0.997,0.997,0.425,-0.756,-0.995,0.886,-0.983,0.987,-0.994,-0.99,5.879,4.944,10.545,10.56,10.493,10.52,10.482,10.529,5.722,5.059,10.544,10.579,6.015,5.795,10.565,10.566,EssenceCatalog/problems/csplib-prob010-SocialGolfers/params/5e18d5d7a2a11606d1fe8666d34cf18c.param
0.997,0.957,-0.969,0.9,0.929,-0.993,-0.94,0.022,0.953,-0.938,0.96,0.988,0.868,0.665,-0.87,0.924,-0.726,0.99,0.972,-0.978,-0.994,0.985,0.781,-0.988,-0.995,0.454,-0.806,-0.993,0.992,-0.986,0.966,0.964,0.995,0.586,0.998,0.997,0.972,-0.883,-0.975,-0.282,0.918,0.81,-0.886,0.993,0.953,-0.978,-0.965,0.739,0.914,-0.643,0.951,0.142,0.979,-0.989,0.849,0.78,-0.937,0.98,-0.997,-0.928,0.989,0.99,0.496,0.985,-0.999,-0.992,-0.988,-0.987,-0.986,-0.98,0.978,-0.994,-0.92,0.132,0.823,0.997,0.889,-0.974,-0.984,0.992,-0.998,0.926,-0.984,0.992,-0.998,-0.782,-0.981,0.997,0.998,0.975,-1.0,0.999,0.936,-0.941,-0.998,0.795,-0.991,0.984,-0.994,-0.99,8.186,4.574,6.609,9.103,9.9,9.64,9.911,9.736,6.218,5.074,6.821,9.056,6.843,6.659,7.341,8.988,EssenceCatalog/problems/csplib-prob010-SocialGolfers/params/35e15553c0d23a255368163b9506377e.param
0.992,0.931,-0.496,0.011,0.842,-0.995,-0.965,-0.903,-0.974,-0.866,0.936,0.971,-0.888,-0.938,0.07,0.901,-0.953,-0.172,0.985,-0.955,-0.995,0.457,0.962,0.518,-0.986,-0.55,-0.976,-0.993,0.987,0.208,0.953,0.945,0.989,0.238,0.995,0.985,0.977,-0.937,0.983,-0.912,0.935,0.044,0.893,0.878,0.95,-0.993,-0.959,-0.961,-0.973,-0.321,0.837,-0.967,0.961,-0.985,-0.811,0.741,-0.561,0.961,-0.996,-0.959,0.957,0.992,-0.091,0.993,-0.998,-0.894,-0.919,-0.989,-0.976,-0.872,0.882,-0.982,0.951,0.948,-0.977,0.98,0.862,-0.972,-0.964,0.994,-0.997,0.782,-0.985,0.99,-0.994,-0.97,-0.98,0.997,0.996,0.892,-0.999,0.999,0.933,-0.989,-0.997,0.868,-0.981,0.989,-0.992,-0.991,6.979,4.605,10.434,10.178,10.407,10.301,10.376,10.169,5.94,4.794,10.386,10.058,6.377,5.861,10.346,10.152,EssenceCatalog/problems/csplib-prob010-SocialGolfers/params/0acd54b598d606da2a2a365fe466391e.param
0.993,0.778,-0.929,-0.847,0.935,-0.994,-0.838,-0.722,-0.984,-0.861,0.463,0.982,0.914,-0.91,-0.868,0.76,-0.984,0.895,0.946,-0.855,-0.993,-0.599,0.3,-0.897,-0.977,-0.896,-0.973,-0.961,0.965,0.773,0.906,0.968,0.98,0.931,0.988,0.97,0.878,-0.923,0.989,-0.895,0.92,0.948,-0.971,0.197,0.965,-0.991,-0.889,-0.826,-0.984,0.822,0.95,-0.945,0.963,-0.978,-0.985,0.859,-0.945,0.836,-0.992,-0.964,0.808,0.966,-0.849,0.987,-0.995,-0.75,-0.689,-0.989,-0.989,-0.768,0.906,-0.98,0.971,0.956,-0.982,0.988,0.904,-0.953,-0.339,0.996,-0.995,0.942,-0.971,0.978,-0.977,-0.981,-0.957,0.995,0.983,0.838,-0.997,0.997,0.453,-0.421,-0.996,0.948,-0.991,0.98,-0.997,-0.987,6.989,5.508,10.613,10.578,10.472,10.528,10.503,10.56,6.441,5.681,10.609,10.629,6.693,6.66,10.605,10.64,EssenceCatalog/problems/csplib-prob010-SocialGolfers/params/87c2ad911b9b720e07ae53ae0a032981.param
0.999,0.924,-0.974,0.964,0.989,-0.994,-0.961,-0.94,-0.978,-0.922,0.983,0.989,0.987,-0.924,-0.972,0.964,-0.987,0.992,0.982,-0.985,-0.996,0.917,0.782,-0.988,-0.985,0.825,-0.974,-0.989,0.989,-0.871,0.963,0.995,0.994,0.957,0.995,0.987,0.967,-0.898,0.983,-0.868,0.635,0.915,-0.99,0.989,0.852,-0.996,-0.987,-0.964,-0.987,-0.952,0.987,-0.983,0.963,-0.993,-0.93,0.976,-0.968,0.971,-0.998,-0.961,0.938,0.992,-0.399,0.992,-0.999,-0.97,-0.955,-0.996,-0.994,-0.979,0.969,-0.996,0.854,0.971,-0.991,0.995,0.937,-0.944,-0.975,0.999,-0.998,0.959,-0.986,0.975,-0.995,-0.993,-0.982,0.998,0.996,0.988,-0.999,0.998,0.928,-0.898,-0.997,0.987,-0.995,0.993,-0.998,-0.99,9.582,5.759,10.456,10.424,10.516,10.494,10.55,10.557,7.487,6.111,10.478,10.372,7.923,7.89,10.45,10.447,EssenceCatalog/problems/csplib-prob010-SocialGolfers/params/9078e0a62b9cb6634cd644efd1501899.param
0.99,0.836,-0.818,-0.969,0.847,-0.996,-0.837,-0.724,-0.977,-0.774,0.661,0.966,-0.579,-0.856,-0.083,0.748,-0.982,0.174,0.968,-0.854,-0.995,-0.949,0.575,0.305,-0.978,-0.978,-0.97,-0.958,0.97,0.968,0.882,0.917,0.979,0.78,0.991,0.978,0.932,-0.901,0.987,-0.885,0.954,0.01,-0.38,-0.453,0.977,-0.99,-0.804,-0.753,-0.974,0.962,0.957,-0.949,0.949,-0.972,-0.987,0.503,-0.868,0.804,-0.994,-0.985,0.876,0.973,-0.958,0.994,-0.995,-0.652,-0.572,-0.981,-0.985,-0.707,0.867,-0.975,0.961,0.906,-0.967,0.984,0.95,-0.975,-0.714,0.995,-0.994,0.854,-0.978,0.987,-0.977,-0.958,-0.962,0.995,0.984,0.742,-0.998,0.997,0.44,-0.829,-0.995,0.859,-0.981,0.991,-0.994,-0.992,5.488,4.692,10.536,10.556,10.523,10.538,10.512,10.53,5.444,4.801,10.524,10.559,5.764,5.462,10.57,10.548,EssenceCatalog/problems/csplib-prob010-SocialGolfers/params/5b32978e32cb9180be1cfa643b40a8b1.param
0.987,0.806,-0.689,-0.911,0.834,-0.993,-0.87,-0.798,-0.982,-0.755,0.569,0.966,-0.376,-0.899,-0.354,0.771,-0.975,0.133,0.961,-0.852,-0.993,-0.81,0.742,0.051,-0.971,-0.942,-0.968,-0.962,0.969,0.916,0.893,0.922,0.975,0.768,0.989,0.966,0.91,-0.919,0.992,-0.908,0.941,0.547,-0.329,0.069,0.967,-0.988,-0.839,-0.864,-0.98,0.87,0.89,-0.95,0.957,-0.968,-0.977,0.621,-0.792,0.832,-0.991,-0.966,0.824,0.973,-0.832,0.991,-0.994,-0.669,-0.618,-0.979,-0.978,-0.644,0.872,-0.97,0.973,0.938,-0.975,0.975,0.882,-0.958,-0.605,0.993,-0.992,0.833,-0.971,0.981,-0.975,-0.964,-0.953,0.993,0.985,0.691,-0.997,0.997,0.656,-0.861,-0.993,0.884,-0.979,0.981,-0.993,-0.987,5.961,4.881,10.561,10.55,10.492,10.498,10.475,10.495,5.747,4.985,10.559,10.533,6.041,5.72,10.543,10.546,EssenceCatalog/problems/csplib-prob010-SocialGolfers/params/039fc98ab74f893da45fb8fcd5093b73.param
0.992,0.78,-0.907,-0.919,0.914,-0.994,-0.833,-0.715,-0.983,-0.841,0.426,0.98,0.766,-0.901,-0.766,0.734,-0.983,0.797,0.949,-0.842,-0.993,-0.781,0.358,-0.768,-0.976,-0.94,-0.97,-0.957,0.965,0.881,0.895,0.957,0.978,0.908,0.989,0.971,0.888,-0.922,0.989,-0.895,0.937,0.896,-0.937,-0.074,0.971,-0.99,-0.856,-0.791,-0.982,0.903,0.946,-0.943,0.962,-0.976,-0.986,0.795,-0.929,0.818,-0.992,-0.969,0.81,0.965,-0.889,0.989,-0.995,-0.71,-0.637,-0.985,-0.988,-0.728,0.894,-0.977,0.973,0.948,-0.98,0.986,0.917,-0.958,-0.35,0.995,-0.995,0.928,-0.972,0.98,-0.974,-0.975,-0.957,0.995,0.983,0.79,-0.997,0.997,0.409,-0.508,-0.996,0.93,-0.989,0.982,-0.996,-0.988,6.635,5.396,10.579,10.568,10.455,10.504,10.467,10.542,6.253,5.543,10.582,10.623,6.5,6.428,10.584,10.616,EssenceCatalog/problems/csplib-prob010-SocialGolfers/params/14a9d1b889b65d17bd0fe0a0f2477b45.param
0.99,0.791,-0.874,-0.935,0.896,-0.994,-0.833,-0.708,-0.981,-0.816,0.457,0.976,0.52,-0.893,-0.645,0.722,-0.982,0.678,0.95,-0.837,-0.993,-0.829,0.434,-0.589,-0.975,-0.951,-0.969,-0.957,0.965,0.907,0.889,0.944,0.977,0.872,0.989,0.972,0.892,-0.915,0.989,-0.892,0.941,0.825,-0.872,-0.125,0.971,-0.99,-0.84,-0.795,-0.981,0.918,0.941,-0.942,0.959,-0.974,-0.985,0.743,-0.904,0.808,-0.992,-0.972,0.819,0.964,-0.895,0.99,-0.995,-0.685,-0.624,-0.984,-0.986,-0.698,0.88,-0.974,0.971,0.94,-0.976,0.985,0.916,-0.963,-0.399,0.995,-0.994,0.908,-0.972,0.981,-0.975,-0.97,-0.956,0.994,0.982,0.753,-0.997,0.997,0.426,-0.625,-0.995,0.916,-0.986,0.983,-0.995,-0.988,6.422,5.275,10.559,10.555,10.453,10.494,10.456,10.525,6.111,5.41,10.564,10.599,6.368,6.247,10.566,10.591,EssenceCatalog/problems/csplib-prob010-SocialGolfers/params/8f0d8ad7bb29fee5b49256e1733c7a5a.param
0.992,0.849,-0.829,-0.982,0.834,-0.996,-0.861,-0.774,-0.978,-0.769,0.696,0.963,-0.808,-0.842,0.195,0.76,-0.983,-0.136,0.979,-0.872,-0.996,-0.976,0.674,0.679,-0.982,-0.986,-0.971,-0.958,0.976,0.983,0.888,0.913,0.981,0.782,0.993,0.981,0.955,-0.919,0.988,-0.898,0.967,-0.505,-0.05,-0.723,0.981,-0.99,-0.765,-0.717,-0.97,0.979,0.963,-0.955,0.955,-0.977,-0.989,0.325,-0.885,0.823,-0.996,-0.99,0.907,0.98,-0.975,0.996,-0.995,-0.642,-0.479,-0.978,-0.987,-0.7,0.877,-0.981,0.965,0.898,-0.97,0.983,0.964,-0.976,-0.817,0.995,-0.995,0.845,-0.984,0.99,-0.974,-0.954,-0.97,0.996,0.987,0.776,-0.998,0.997,0.435,-0.884,-0.996,0.846,-0.982,0.993,-0.995,-0.993,5.113,4.45,10.525,10.543,10.552,10.551,10.544,10.535,5.167,4.553,10.498,10.543,5.51,5.126,10.563,10.522,EssenceCatalog/problems/csplib-prob010-SocialGolfers/params/528656eb240c5c70d36f90d1bef9c699.param
0.987,0.843,-0.495,-0.846,0.761,-0.994,-0.889,-0.847,-0.977,-0.728,0.716,0.962,-0.814,-0.887,-0.108,0.838,-0.972,-0.235,0.972,-0.87,-0.993,-0.757,0.867,0.457,-0.973,-0.928,-0.972,-0.972,0.975,0.908,0.91,0.915,0.979,0.665,0.991,0.97,0.934,-0.922,0.99,-0.915,0.941,0.087,0.396,0.34,0.963,-0.988,-0.852,-0.889,-0.974,0.785,0.871,-0.951,0.955,-0.967,-0.969,0.48,-0.675,0.87,-0.993,-0.967,0.862,0.981,-0.771,0.993,-0.995,-0.707,-0.687,-0.98,-0.975,-0.701,0.877,-0.971,0.966,0.928,-0.97,0.972,0.879,-0.964,-0.799,0.993,-0.993,0.758,-0.974,0.984,-0.981,-0.962,-0.958,0.994,0.989,0.718,-0.997,0.997,0.797,-0.941,-0.993,0.83,-0.975,0.983,-0.992,-0.988,5.695,4.563,10.541,10.514,10.525,10.507,10.506,10.457,5.476,4.661,10.52,10.45,5.818,5.368,10.514,10.492,EssenceCatalog/problems/csplib-prob010-SocialGolfers/params/1f2d6c330d665189bde478c2258b54e7.param
0.993,0.781,-0.94,-0.775,0.945,-0.994,-0.838,-0.733,-0.984,-0.869,0.533,0.983,0.944,-0.912,-0.9,0.781,-0.985,0.925,0.947,-0.869,-0.993,-0.477,0.276,-0.93,-0.978,-0.856,-0.974,-0.963,0.965,0.69,0.91,0.974,0.982,0.942,0.989,0.97,0.879,-0.922,0.989,-0.89,0.906,0.957,-0.98,0.339,0.962,-0.992,-0.906,-0.841,-0.984,0.742,0.956,-0.948,0.963,-0.979,-0.985,0.881,-0.952,0.847,-0.993,-0.964,0.812,0.968,-0.834,0.987,-0.996,-0.772,-0.717,-0.99,-0.99,-0.8,0.913,-0.982,0.968,0.959,-0.984,0.989,0.904,-0.95,-0.4,0.996,-0.995,0.948,-0.972,0.978,-0.978,-0.984,-0.957,0.995,0.984,0.867,-0.997,0.997,0.477,-0.391,-0.996,0.954,-0.992,0.981,-0.997,-0.986,7.197,5.55,10.635,10.592,10.5,10.555,10.536,10.583,6.539,5.742,10.627,10.641,6.801,6.786,10.622,10.657,EssenceCatalog/problems/csplib-prob010-SocialGolfers/params/4a700e35d542900dc461a1342aaa2fd6.param
0.99,0.798,-0.853,-0.946,0.88,-0.994,-0.833,-0.712,-0.98,-0.795,0.538,0.972,0.118,-0.883,-0.467,0.722,-0.981,0.524,0.956,-0.846,-0.994,-0.887,0.475,-0.323,-0.975,-0.961,-0.968,-0.955,0.966,0.936,0.881,0.935,0.976,0.835,0.989,0.972,0.905,-0.906,0.989,-0.88,0.942,0.634,-0.757,-0.211,0.973,-0.99,-0.831,-0.785,-0.98,0.932,0.944,-0.944,0.954,-0.973,-0.985,0.678,-0.885,0.801,-0.993,-0.976,0.832,0.966,-0.924,0.991,-0.994,-0.67,-0.594,-0.982,-0.985,-0.7,0.871,-0.974,0.967,0.931,-0.974,0.983,0.928,-0.964,-0.539,0.995,-0.994,0.886,-0.974,0.983,-0.974,-0.964,-0.955,0.994,0.982,0.74,-0.997,0.997,0.425,-0.701,-0.995,0.899,-0.985,0.985,-0.995,-0.989,6.124,5.095,10.552,10.56,10.476,10.51,10.47,10.53,5.898,5.218,10.554,10.591,6.173,6.001,10.566,10.578,EssenceCatalog/problems/csplib-prob010-SocialGolfers/params/abd42985b79f2fd946943ee67f661b0e.param
0.991,0.898,-0.764,-0.986,0.796,-0.997,-0.867,-0.771,-0.977,-0.77,0.785,0.958,-0.936,-0.854,0.495,0.784,-0.985,-0.455,0.978,-0.868,-0.996,-0.976,0.764,0.831,-0.984,-0.987,-0.976,-0.969,0.977,0.985,0.902,0.896,0.982,0.704,0.994,0.987,0.957,-0.906,0.985,-0.925,0.971,-0.71,0.469,-0.768,0.981,-0.991,-0.779,-0.76,-0.971,0.981,0.971,-0.959,0.951,-0.974,-0.991,0.196,-0.855,0.841,-0.996,-0.992,0.928,0.981,-0.974,0.997,-0.996,-0.637,-0.602,-0.983,-0.987,-0.714,0.87,-0.977,0.958,0.875,-0.964,0.988,0.968,-0.986,-0.86,0.996,-0.995,0.836,-0.985,0.991,-0.982,-0.957,-0.972,0.995,0.986,0.755,-0.999,0.998,0.5,-0.932,-0.995,0.777,-0.976,0.995,-0.994,-0.995,4.934,4.263,10.525,10.504,10.592,10.568,10.573,10.5,4.999,4.368,10.495,10.488,5.36,4.886,10.543,10.492,EssenceCatalog/problems/csplib-prob010-SocialGolfers/params/89e38311d4936fddf46e0386eb47ed7c.param
0.987,0.798,-0.721,-0.895,0.85,-0.993,-0.879,-0.794,-0.983,-0.776,0.51,0.97,-0.046,-0.911,-0.488,0.753,-0.974,0.307,0.956,-0.849,-0.993,-0.718,0.715,-0.229,-0.97,-0.926,-0.966,-0.963,0.969,0.877,0.896,0.928,0.974,0.788,0.989,0.965,0.899,-0.923,0.992,-0.908,0.938,0.752,-0.514,0.165,0.965,-0.988,-0.854,-0.874,-0.983,0.839,0.875,-0.947,0.961,-0.97,-0.973,0.689,-0.811,0.835,-0.991,-0.957,0.81,0.971,-0.772,0.989,-0.994,-0.68,-0.65,-0.979,-0.977,-0.633,0.873,-0.969,0.976,0.947,-0.978,0.976,0.86,-0.956,-0.496,0.993,-0.992,0.855,-0.97,0.98,-0.975,-0.966,-0.953,0.993,0.985,0.7,-0.997,0.997,0.655,-0.826,-0.993,0.902,-0.982,0.978,-0.993,-0.986,6.278,5.058,10.562,10.538,10.469,10.48,10.457,10.487,5.967,5.175,10.563,10.534,6.243,5.974,10.538,10.549,EssenceCatalog/problems/csplib-prob010-SocialGolfers/params/29a62a750aeb89cf827793f174032cc5.param
0.988,0.949,-0.951,-0.795,-0.562,-0.975,-0.871,0.849,0.988,-0.846,0.961,0.968,-0.984,0.949,0.889,0.712,0.584,0.798,0.961,-0.923,-0.994,0.802,-0.373,-0.604,-0.987,-0.972,0.211,-0.982,0.982,-0.839,0.939,0.629,0.994,-0.88,0.997,0.996,0.976,-0.207,-0.993,0.864,0.941,-0.957,0.947,0.934,0.984,-0.825,-0.6,0.943,0.978,0.906,0.936,0.947,0.963,-0.961,0.8,-0.795,-0.467,0.972,-0.996,-0.973,0.983,0.959,-0.924,0.945,-0.997,-0.97,-0.983,-0.902,-0.98,-0.929,0.859,-0.965,-0.979,-0.918,0.989,0.99,0.988,-0.997,-0.988,0.961,-0.997,-0.172,-0.986,0.992,-0.997,0.915,-0.985,0.996,0.985,0.814,-0.999,0.998,0.81,-0.96,-0.996,-0.88,-0.97,0.986,-0.983,-0.99,3.825,2.387,3.387,7.507,9.324,8.794,9.244,9.082,3.297,2.808,3.535,7.462,3.974,3.391,4.461,7.688,EssenceCatalog/problems/csplib-prob010-SocialGolfers/params/ord20-6-9-4.param
0.99,0.846,-0.819,-0.974,0.843,-0.996,-0.84,-0.708,-0.977,-0.793,0.62,0.969,-0.5,-0.867,-0.126,0.731,-0.981,0.204,0.964,-0.845,-0.995,-0.937,0.567,0.189,-0.979,-0.978,-0.97,-0.963,0.971,0.964,0.891,0.916,0.979,0.779,0.991,0.979,0.925,-0.906,0.986,-0.898,0.958,0.254,-0.434,-0.447,0.977,-0.99,-0.803,-0.749,-0.975,0.965,0.954,-0.943,0.957,-0.972,-0.987,0.535,-0.871,0.808,-0.994,-0.985,0.871,0.97,-0.947,0.994,-0.995,-0.663,-0.62,-0.982,-0.985,-0.688,0.868,-0.973,0.963,0.907,-0.965,0.986,0.947,-0.977,-0.639,0.996,-0.994,0.865,-0.978,0.987,-0.979,-0.958,-0.962,0.995,0.984,0.719,-0.998,0.998,0.448,-0.818,-0.995,0.856,-0.981,0.99,-0.995,-0.992,5.596,4.767,10.545,10.56,10.527,10.539,10.508,10.521,5.529,4.878,10.539,10.561,5.839,5.541,10.569,10.555,EssenceCatalog/problems/csplib-prob010-SocialGolfers/params/644352cad8969e3f33aad5251fe2b798.param
0.989,0.791,-0.814,-0.861,0.896,-0.993,-0.867,-0.769,-0.985,-0.813,0.448,0.976,0.593,-0.925,-0.715,0.743,-0.978,0.642,0.946,-0.844,-0.992,-0.565,0.599,-0.662,-0.971,-0.891,-0.969,-0.965,0.966,0.803,0.904,0.945,0.974,0.857,0.988,0.967,0.879,-0.925,0.992,-0.91,0.931,0.911,-0.83,0.243,0.963,-0.99,-0.878,-0.876,-0.986,0.796,0.894,-0.948,0.962,-0.972,-0.977,0.797,-0.872,0.83,-0.99,-0.953,0.797,0.966,-0.723,0.987,-0.995,-0.709,-0.694,-0.983,-0.981,-0.669,0.881,-0.971,0.976,0.956,-0.981,0.982,0.846,-0.954,-0.317,0.994,-0.993,0.903,-0.967,0.978,-0.976,-0.975,-0.953,0.994,0.983,0.751,-0.997,0.997,0.602,-0.703,-0.994,0.929,-0.986,0.976,-0.994,-0.986,6.781,5.352,10.574,10.53,10.441,10.467,10.448,10.495,6.309,5.496,10.575,10.557,6.562,6.409,10.55,10.572,EssenceCatalog/problems/csplib-prob010-SocialGolfers/params/ca0e2f05d97fe34868da62ca4789fbe5.param
0.994,0.888,-0.567,-0.821,0.22,-0.998,0.212,-0.262,0.819,-0.515,0.839,0.984,-0.902,0.884,-0.91,0.953,-0.992,0.843,0.978,-0.729,-0.993,-0.918,0.776,-0.767,-0.991,-0.988,-0.985,-0.976,0.992,0.915,0.94,0.954,0.995,0.932,0.997,0.997,0.965,-0.891,-0.937,-0.851,0.97,-0.805,-0.87,0.797,0.974,-0.988,-0.322,0.907,0.843,0.906,0.992,-0.332,0.966,-0.943,-0.991,-0.725,-0.855,0.914,-0.997,-0.995,0.966,0.985,-0.952,0.999,-0.998,-0.869,-0.899,-0.998,-0.994,-0.971,0.964,-0.99,-0.792,-0.691,0.778,0.997,0.975,-0.993,-0.949,0.999,-0.996,0.881,-0.98,0.993,-0.995,-0.943,-0.977,0.997,0.994,0.896,-0.999,0.998,0.89,-0.913,-0.998,-0.657,-0.982,0.998,-0.997,-0.995,4.823,3.811,6.057,10.309,10.762,10.686,10.746,10.794,4.596,4.076,6.068,10.342,5.214,4.899,7.066,10.345,EssenceCatalog/problems/csplib-prob010-SocialGolfers/params/ce3e1a4bab2eaec09654c1f02c9dc09b.param
0.991,0.785,-0.886,-0.927,0.904,-0.994,-0.83,-0.7,-0.981,-0.825,0.443,0.978,0.646,-0.895,-0.703,0.724,-0.982,0.741,0.948,-0.837,-0.993,-0.8,0.398,-0.685,-0.975,-0.945,-0.969,-0.958,0.965,0.89,0.892,0.949,0.977,0.883,0.989,0.972,0.888,-0.916,0.989,-0.891,0.939,0.866,-0.906,-0.067,0.97,-0.99,-0.848,-0.796,-0.981,0.909,0.942,-0.941,0.96,-0.974,-0.985,0.77,-0.913,0.81,-0.992,-0.971,0.816,0.963,-0.888,0.99,-0.995,-0.697,-0.637,-0.985,-0.986,-0.709,0.884,-0.975,0.97,0.943,-0.977,0.986,0.914,-0.962,-0.367,0.995,-0.994,0.917,-0.971,0.981,-0.975,-0.972,-0.956,0.994,0.982,0.766,-0.997,0.997,0.424,-0.582,-0.995,0.921,-0.987,0.982,-0.996,-0.988,6.536,5.335,10.56,10.553,10.447,10.492,10.454,10.526,6.186,5.476,10.564,10.602,6.437,6.341,10.566,10.594,EssenceCatalog/problems/csplib-prob010-SocialGolfers/params/036033f6b8491cb6e8e893b57bb56ffd.param
0.992,0.778,-0.926,-0.874,0.93,-0.994,-0.836,-0.72,-0.983,-0.858,0.447,0.982,0.891,-0.907,-0.848,0.752,-0.984,0.877,0.947,-0.851,-0.993,-0.656,0.307,-0.876,-0.977,-0.911,-0.972,-0.96,0.965,0.81,0.903,0.966,0.98,0.927,0.989,0.97,0.88,-0.924,0.989,-0.896,0.926,0.939,-0.966,0.116,0.967,-0.991,-0.88,-0.814,-0.983,0.852,0.949,-0.944,0.963,-0.978,-0.985,0.845,-0.942,0.832,-0.992,-0.966,0.807,0.965,-0.862,0.988,-0.995,-0.741,-0.674,-0.988,-0.989,-0.756,0.904,-0.98,0.971,0.954,-0.982,0.988,0.908,-0.954,-0.336,0.996,-0.995,0.939,-0.972,0.979,-0.976,-0.98,-0.958,0.995,0.983,0.826,-0.997,0.997,0.437,-0.436,-0.996,0.944,-0.99,0.98,-0.997,-0.987,6.893,5.484,10.606,10.578,10.467,10.523,10.493,10.558,6.394,5.65,10.603,10.631,6.643,6.602,10.601,10.637,EssenceCatalog/problems/csplib-prob010-SocialGolfers/params/421a283d9ad4fcf5320462014a57593e.param
0.988,0.828,-0.695,-0.934,0.83,-0.994,-0.864,-0.769,-0.98,-0.751,0.653,0.963,-0.585,-0.89,-0.129,0.762,-0.976,0.045,0.963,-0.857,-0.993,-0.874,0.705,0.277,-0.973,-0.957,-0.968,-0.962,0.967,0.939,0.888,0.912,0.975,0.716,0.989,0.971,0.918,-0.904,0.99,-0.897,0.941,0.242,-0.141,-0.054,0.969,-0.989,-0.835,-0.851,-0.979,0.906,0.919,-0.952,0.95,-0.968,-0.979,0.573,-0.791,0.818,-0.992,-0.973,0.849,0.972,-0.895,0.992,-0.994,-0.662,-0.626,-0.98,-0.979,-0.67,0.854,-0.97,0.967,0.928,-0.972,0.977,0.91,-0.966,-0.689,0.994,-0.993,0.82,-0.973,0.984,-0.976,-0.961,-0.955,0.993,0.984,0.701,-0.997,0.997,0.609,-0.872,-0.993,0.871,-0.977,0.986,-0.992,-0.988,5.676,4.708,10.553,10.528,10.507,10.512,10.491,10.485,5.539,4.814,10.547,10.508,5.857,5.504,10.549,10.52,EssenceCatalog/problems/csplib-prob010-SocialGolfers/params/6d619e3f67c8291a5935a734fb06d5fb.param
0.987,0.893,-0.336,-0.722,0.712,-0.995,-0.914,-0.868,-0.971,-0.754,0.837,0.963,-0.931,-0.9,0.112,0.877,-0.97,-0.46,0.978,-0.894,-0.994,-0.531,0.93,0.62,-0.979,-0.893,-0.977,-0.985,0.979,0.845,0.933,0.917,0.984,0.492,0.992,0.978,0.952,-0.924,0.985,-0.927,0.945,-0.191,0.797,0.587,0.959,-0.99,-0.889,-0.918,-0.969,0.618,0.864,-0.953,0.957,-0.97,-0.954,0.435,-0.573,0.912,-0.994,-0.97,0.911,0.987,-0.642,0.994,-0.997,-0.775,-0.815,-0.984,-0.975,-0.77,0.876,-0.972,0.954,0.918,-0.964,0.977,0.883,-0.974,-0.902,0.994,-0.994,0.717,-0.977,0.987,-0.988,-0.963,-0.968,0.995,0.992,0.762,-0.998,0.998,0.882,-0.973,-0.994,0.766,-0.973,0.988,-0.991,-0.99,5.729,4.412,10.522,10.454,10.534,10.488,10.503,10.391,5.401,4.517,10.49,10.354,5.774,5.257,10.482,10.426,EssenceCatalog/problems/csplib-prob010-SocialGolfers/params/5a8e2cedbfdee71b649206f60aa4e2eb.param
0.996,0.817,-0.949,0.234,0.971,-0.992,-0.855,-0.723,-0.976,-0.825,0.916,0.977,0.897,-0.873,-0.845,0.879,-0.982,0.966,0.962,-0.949,-0.993,-0.222,0.201,-0.933,-0.975,-0.552,-0.966,-0.961,0.968,0.263,0.906,0.98,0.989,0.905,0.991,0.967,0.924,-0.811,0.984,-0.661,0.716,0.652,-0.969,0.893,0.933,-0.994,-0.947,-0.917,-0.984,-0.144,0.976,-0.964,0.918,-0.985,-0.977,0.917,-0.937,0.884,-0.996,-0.97,0.87,0.974,-0.919,0.988,-0.996,-0.868,-0.809,-0.991,-0.991,-0.911,0.9,-0.987,0.889,0.943,-0.985,0.986,0.957,-0.949,-0.917,0.998,-0.996,0.902,-0.976,0.975,-0.984,-0.979,-0.956,0.996,0.984,0.945,-0.997,0.998,0.615,-0.665,-0.996,0.969,-0.992,0.991,-0.996,-0.983,8.062,5.524,10.509,10.489,10.473,10.537,10.502,10.598,6.788,5.796,10.517,10.505,7.164,7.24,10.525,10.514,EssenceCatalog/problems/csplib-prob010-SocialGolfers/params/c3d7f025cfcb1cc9c2991b0f5b24058e.param
0.998,0.967,-0.884,0.853,0.966,-0.998,-0.982,-0.975,-0.99,-0.98,0.934,0.991,0.915,-0.979,-0.979,0.974,-0.989,0.909,0.991,-0.971,-0.998,0.972,0.989,-0.921,-0.993,0.857,-0.992,-0.998,0.995,-0.908,0.985,0.988,0.995,0.96,0.996,0.996,0.986,-0.988,0.978,-0.991,0.981,0.994,-0.892,0.939,0.952,-0.998,-0.982,-0.975,-0.978,-0.93,0.926,-0.989,0.991,-0.995,-0.87,0.961,-0.955,0.983,-0.998,-0.962,0.978,0.994,0.954,0.997,-0.999,-0.962,-0.979,-0.997,-0.992,-0.971,0.982,-0.993,0.979,0.985,-0.994,0.998,0.106,-0.972,-0.865,0.997,-0.998,0.985,-0.989,0.991,-0.996,-0.995,-0.987,0.998,0.998,0.972,-1.0,0.999,0.976,-0.983,-0.998,0.983,-0.996,0.991,-0.998,-0.998,9.685,5.783,10.407,10.325,10.434,10.329,10.462,10.392,7.6,6.101,10.38,10.271,8.013,7.792,10.377,10.374,EssenceCatalog/problems/csplib-prob010-SocialGolfers/params/e381b1b3aa90aa19a2a946b627657836.param
0.986,0.876,-0.392,-0.723,0.765,-0.994,-0.905,-0.855,-0.975,-0.742,0.811,0.958,-0.879,-0.906,0.023,0.858,-0.97,-0.344,0.973,-0.89,-0.993,-0.592,0.902,0.541,-0.975,-0.887,-0.974,-0.98,0.976,0.853,0.918,0.913,0.981,0.533,0.991,0.974,0.942,-0.912,0.988,-0.917,0.931,-0.037,0.67,0.561,0.955,-0.989,-0.894,-0.922,-0.976,0.615,0.867,-0.958,0.949,-0.969,-0.957,0.529,-0.601,0.892,-0.993,-0.965,0.894,0.984,-0.687,0.993,-0.996,-0.746,-0.78,-0.983,-0.972,-0.753,0.862,-0.969,0.959,0.929,-0.97,0.973,0.874,-0.967,-0.872,0.994,-0.993,0.733,-0.974,0.985,-0.986,-0.964,-0.96,0.994,0.99,0.745,-0.998,0.997,0.847,-0.959,-0.994,0.82,-0.971,0.986,-0.99,-0.988,5.8,4.488,10.541,10.459,10.518,10.487,10.491,10.397,5.468,4.591,10.513,10.372,5.832,5.347,10.499,10.433,EssenceCatalog/problems/csplib-prob010-SocialGolfers/params/7a413e97287a03f789473cfd05a36b68.param
0.992,0.778,-0.913,-0.914,0.915,-0.994,-0.826,-0.702,-0.982,-0.841,0.448,0.98,0.782,-0.895,-0.773,0.736,-0.983,0.819,0.949,-0.844,-0.993,-0.778,0.317,-0.791,-0.977,-0.939,-0.97,-0.956,0.964,0.875,0.895,0.958,0.978,0.908,0.989,0.97,0.887,-0.917,0.989,-0.886,0.933,0.893,-0.943,-0.032,0.971,-0.99,-0.856,-0.786,-0.981,0.899,0.949,-0.94,0.96,-0.976,-0.986,0.8,-0.931,0.818,-0.992,-0.97,0.809,0.964,-0.895,0.989,-0.995,-0.712,-0.638,-0.986,-0.988,-0.737,0.894,-0.978,0.97,0.945,-0.978,0.987,0.92,-0.958,-0.376,0.995,-0.995,0.926,-0.972,0.98,-0.974,-0.974,-0.957,0.995,0.982,0.798,-0.997,0.997,0.398,-0.491,-0.996,0.93,-0.989,0.982,-0.996,-0.987,6.66,5.402,10.572,10.564,10.452,10.505,10.466,10.542,6.262,5.553,10.574,10.62,6.51,6.453,10.58,10.613,EssenceCatalog/problems/csplib-prob010-SocialGolfers/params/4bd4627d6fa0ca9a9ce2f6673c614f96.param
0.991,0.801,-0.875,-0.955,0.883,-0.995,-0.831,-0.703,-0.981,-0.817,0.474,0.976,0.335,-0.884,-0.56,0.719,-0.982,0.611,0.954,-0.838,-0.994,-0.882,0.438,-0.469,-0.976,-0.964,-0.969,-0.957,0.967,0.934,0.888,0.941,0.977,0.863,0.99,0.973,0.901,-0.916,0.988,-0.893,0.949,0.752,-0.838,-0.274,0.974,-0.99,-0.822,-0.761,-0.979,0.944,0.947,-0.939,0.96,-0.974,-0.986,0.698,-0.904,0.807,-0.993,-0.976,0.831,0.965,-0.921,0.991,-0.995,-0.681,-0.607,-0.983,-0.986,-0.694,0.881,-0.975,0.97,0.932,-0.974,0.986,0.929,-0.967,-0.447,0.995,-0.994,0.903,-0.975,0.983,-0.975,-0.966,-0.959,0.995,0.983,0.742,-0.998,0.997,0.4,-0.655,-0.995,0.903,-0.986,0.985,-0.995,-0.99,6.234,5.189,10.554,10.564,10.467,10.505,10.464,10.531,5.991,5.318,10.558,10.604,6.254,6.108,10.568,10.591,EssenceCatalog/problems/csplib-prob010-SocialGolfers/params/5ba0e6507e85f40b60a32e1a882cb664.param
0.992,0.884,-0.795,-0.984,0.814,-0.997,-0.873,-0.781,-0.98,-0.769,0.776,0.955,-0.922,-0.862,0.48,0.776,-0.985,-0.394,0.98,-0.875,-0.996,-0.978,0.753,0.828,-0.984,-0.987,-0.976,-0.967,0.977,0.985,0.893,0.903,0.982,0.721,0.994,0.986,0.961,-0.908,0.988,-0.92,0.968,-0.722,0.403,-0.785,0.98,-0.991,-0.789,-0.776,-0.975,0.979,0.97,-0.963,0.946,-0.976,-0.991,0.241,-0.87,0.838,-0.996,-0.992,0.931,0.982,-0.977,0.997,-0.996,-0.625,-0.547,-0.982,-0.987,-0.722,0.865,-0.979,0.964,0.892,-0.971,0.986,0.97,-0.983,-0.87,0.996,-0.995,0.838,-0.985,0.991,-0.978,-0.959,-0.971,0.995,0.986,0.78,-0.998,0.998,0.447,-0.922,-0.996,0.818,-0.977,0.995,-0.994,-0.994,4.955,4.291,10.551,10.515,10.595,10.574,10.58,10.516,5.02,4.395,10.52,10.506,5.382,4.922,10.569,10.504,EssenceCatalog/problems/csplib-prob010-SocialGolfers/params/19bf5e6b852147bcdfa8aa5ada6308e9.param
0.988,0.847,-0.642,-0.937,0.798,-0.995,-0.872,-0.793,-0.979,-0.737,0.7,0.962,-0.781,-0.883,0.013,0.794,-0.977,-0.178,0.969,-0.862,-0.994,-0.887,0.781,0.499,-0.975,-0.961,-0.972,-0.965,0.97,0.949,0.895,0.909,0.978,0.688,0.991,0.974,0.929,-0.908,0.99,-0.911,0.947,-0.041,0.162,-0.103,0.969,-0.989,-0.828,-0.855,-0.977,0.911,0.922,-0.955,0.952,-0.968,-0.981,0.477,-0.767,0.837,-0.993,-0.978,0.867,0.977,-0.898,0.993,-0.994,-0.664,-0.633,-0.98,-0.979,-0.666,0.862,-0.971,0.966,0.919,-0.97,0.977,0.918,-0.971,-0.763,0.994,-0.993,0.796,-0.976,0.985,-0.979,-0.961,-0.958,0.994,0.986,0.699,-0.997,0.997,0.665,-0.914,-0.993,0.839,-0.975,0.988,-0.992,-0.99,5.461,4.544,10.55,10.527,10.535,10.527,10.515,10.487,5.374,4.645,10.533,10.49,5.709,5.288,10.546,10.509,EssenceCatalog/problems/csplib-prob010-SocialGolfers/params/9bb3e2387a81e594cc1947d250a5dc8b.param
0.997,0.832,-0.95,0.465,0.974,-0.992,-0.875,-0.782,-0.978,-0.836,0.931,0.98,0.923,-0.886,-0.88,0.901,-0.983,0.971,0.965,-0.957,-0.994,0.054,0.318,-0.946,-0.976,-0.334,-0.968,-0.968,0.972,0.05,0.915,0.984,0.99,0.917,0.992,0.97,0.931,-0.832,0.985,-0.705,0.694,0.733,-0.973,0.923,0.926,-0.994,-0.957,-0.932,-0.986,-0.4,0.976,-0.969,0.925,-0.986,-0.974,0.931,-0.939,0.902,-0.996,-0.968,0.88,0.978,-0.886,0.988,-0.997,-0.89,-0.842,-0.992,-0.991,-0.925,0.915,-0.989,0.89,0.952,-0.987,0.987,0.951,-0.948,-0.926,0.998,-0.997,0.912,-0.978,0.975,-0.986,-0.983,-0.96,0.997,0.987,0.955,-0.997,0.998,0.695,-0.712,-0.996,0.973,-0.992,0.991,-0.996,-0.984,8.434,5.578,10.496,10.46,10.472,10.515,10.493,10.574,6.954,5.876,10.509,10.46,7.352,7.407,10.496,10.477,EssenceCatalog/problems/csplib-prob010-SocialGolfers/params/e0b8b92b193a8f395b981aee2383feb7.param
0.987,0.869,-0.417,-0.765,0.77,-0.995,-0.89,-0.846,-0.972,-0.725,0.817,0.955,-0.894,-0.884,0.078,0.854,-0.971,-0.348,0.971,-0.885,-0.993,-0.7,0.886,0.592,-0.975,-0.911,-0.974,-0.978,0.974,0.886,0.909,0.909,0.981,0.525,0.991,0.975,0.944,-0.902,0.986,-0.904,0.93,-0.221,0.658,0.489,0.957,-0.989,-0.888,-0.905,-0.972,0.682,0.892,-0.957,0.944,-0.968,-0.963,0.496,-0.614,0.881,-0.993,-0.97,0.895,0.983,-0.778,0.994,-0.996,-0.723,-0.752,-0.983,-0.974,-0.761,0.864,-0.97,0.952,0.921,-0.965,0.973,0.895,-0.97,-0.882,0.994,-0.993,0.735,-0.975,0.986,-0.985,-0.962,-0.958,0.994,0.989,0.747,-0.998,0.997,0.819,-0.957,-0.993,0.804,-0.97,0.987,-0.991,-0.988,5.646,4.438,10.527,10.471,10.527,10.5,10.505,10.422,5.377,4.539,10.499,10.392,5.745,5.269,10.499,10.443,EssenceCatalog/problems/csplib-prob010-SocialGolfers/params/7df4156d92dd253e99939cd2b18a5683.param
0.991,0.782,-0.885,-0.941,0.896,-0.994,-0.837,-0.713,-0.982,-0.821,0.469,0.976,0.491,-0.89,-0.62,0.719,-0.981,0.67,0.954,-0.842,-0.994,-0.853,0.415,-0.57,-0.975,-0.955,-0.967,-0.955,0.966,0.918,0.887,0.946,0.977,0.873,0.989,0.97,0.899,-0.916,0.989,-0.884,0.942,0.796,-0.868,-0.183,0.973,-0.99,-0.837,-0.78,-0.981,0.926,0.942,-0.941,0.959,-0.975,-0.985,0.734,-0.907,0.81,-0.992,-0.972,0.818,0.965,-0.912,0.99,-0.994,-0.686,-0.599,-0.982,-0.986,-0.706,0.883,-0.976,0.971,0.939,-0.977,0.984,0.924,-0.96,-0.443,0.995,-0.994,0.907,-0.974,0.982,-0.973,-0.967,-0.957,0.995,0.982,0.761,-0.997,0.997,0.406,-0.614,-0.995,0.915,-0.987,0.984,-0.995,-0.988,6.372,5.257,10.561,10.559,10.457,10.498,10.46,10.534,6.079,5.391,10.565,10.605,6.337,6.218,10.571,10.594,EssenceCatalog/problems/csplib-prob010-SocialGolfers/params/058c50897554d0a06256e0edb697fc87.param
0.989,0.896,-0.643,-0.961,0.778,-0.997,-0.871,-0.772,-0.975,-0.729,0.846,0.95,-0.956,-0.867,0.563,0.802,-0.981,-0.523,0.976,-0.876,-0.994,-0.955,0.811,0.859,-0.982,-0.977,-0.976,-0.971,0.971,0.975,0.893,0.888,0.981,0.549,0.993,0.985,0.956,-0.878,0.985,-0.914,0.953,-0.785,0.705,-0.508,0.973,-0.991,-0.837,-0.843,-0.974,0.95,0.964,-0.967,0.931,-0.969,-0.988,0.264,-0.771,0.844,-0.995,-0.99,0.93,0.981,-0.962,0.996,-0.996,-0.644,-0.662,-0.984,-0.983,-0.745,0.839,-0.973,0.95,0.883,-0.966,0.983,0.958,-0.985,-0.906,0.996,-0.993,0.786,-0.981,0.99,-0.982,-0.96,-0.965,0.994,0.985,0.746,-0.998,0.998,0.594,-0.949,-0.994,0.774,-0.968,0.995,-0.992,-0.993,4.971,4.199,10.513,10.455,10.57,10.544,10.549,10.452,4.974,4.305,10.482,10.427,5.348,4.849,10.519,10.441,EssenceCatalog/problems/csplib-prob010-SocialGolfers/params/474ae5f9832b42002137aaa107b3316d.param
0.995,0.658,-0.963,0.969,0.962,-0.811,-0.986,-0.965,-0.974,-0.964,0.752,0.963,0.993,-0.91,-0.982,0.87,-0.754,0.976,0.983,-0.97,-0.972,0.955,0.951,-0.981,-0.964,0.902,-0.82,-0.941,0.986,-0.966,0.951,0.975,0.928,0.949,0.987,0.725,0.947,-0.967,0.993,-0.882,0.831,0.987,-0.982,0.993,0.855,-0.947,-0.926,-0.932,-0.908,-0.943,-0.413,-0.926,0.978,-0.981,0.92,0.976,-0.956,0.97,-0.988,0.687,0.766,0.986,0.934,0.649,-0.954,-0.972,-0.612,-0.89,-0.951,-0.843,0.97,-0.99,0.987,0.985,-0.991,0.796,-0.39,0.821,-0.941,0.396,-0.995,0.846,-0.888,0.908,-0.839,-0.951,-0.961,0.996,0.994,0.938,-0.967,0.938,0.943,-0.751,-0.978,0.997,-0.988,0.453,-0.989,-0.493,9.011,5.161,8.95,8.793,8.703,8.554,8.938,9.204,6.922,5.522,8.918,8.735,7.238,6.968,8.813,8.872,EssenceCatalog/problems/csplib-prob010-SocialGolfers/params/ord17-7-6-4.param
0.986,0.818,-0.536,-0.662,0.834,-0.992,-0.886,-0.862,-0.982,-0.753,0.656,0.966,-0.344,-0.916,-0.54,0.841,-0.972,0.159,0.962,-0.872,-0.992,-0.454,0.848,-0.112,-0.968,-0.829,-0.971,-0.972,0.972,0.796,0.91,0.933,0.976,0.763,0.989,0.962,0.914,-0.928,0.992,-0.919,0.919,0.688,-0.133,0.594,0.953,-0.989,-0.888,-0.921,-0.982,0.516,0.833,-0.956,0.955,-0.969,-0.964,0.69,-0.707,0.87,-0.991,-0.945,0.832,0.978,-0.541,0.99,-0.994,-0.724,-0.715,-0.981,-0.973,-0.708,0.885,-0.969,0.971,0.952,-0.98,0.971,0.796,-0.949,-0.677,0.993,-0.992,0.812,-0.969,0.978,-0.979,-0.971,-0.952,0.994,0.987,0.736,-0.997,0.996,0.814,-0.906,-0.993,0.893,-0.979,0.975,-0.991,-0.984,6.564,4.986,10.545,10.506,10.477,10.466,10.461,10.437,6.033,5.104,10.522,10.464,6.349,6.01,10.502,10.5,EssenceCatalog/problems/csplib-prob010-SocialGolfers/params/30ed89ef8413cfab09a7650aff5ee0d1.param
0.992,0.797,-0.877,-0.733,0.925,-0.992,-0.798,-0.587,-0.97,-0.731,0.851,0.959,-0.011,-0.843,-0.286,0.752,-0.974,0.731,0.958,-0.904,-0.992,-0.848,0.206,-0.352,-0.971,-0.916,-0.961,-0.943,0.951,0.851,0.852,0.939,0.98,0.713,0.988,0.964,0.914,-0.774,0.983,-0.632,0.833,-0.113,-0.699,0.464,0.961,-0.99,-0.894,-0.853,-0.978,0.725,0.964,-0.954,0.889,-0.974,-0.978,0.758,-0.863,0.796,-0.994,-0.977,0.866,0.962,-0.959,0.989,-0.994,-0.713,-0.638,-0.982,-0.983,-0.811,0.819,-0.975,0.912,0.914,-0.975,0.976,0.953,-0.962,-0.879,0.997,-0.993,0.824,-0.971,0.98,-0.974,-0.957,-0.942,0.994,0.973,0.846,-0.996,0.997,0.382,-0.721,-0.995,0.924,-0.982,0.991,-0.992,-0.984,6.248,4.968,10.445,10.457,10.425,10.498,10.445,10.52,5.826,5.107,10.44,10.497,6.152,6.114,10.511,10.474,EssenceCatalog/problems/csplib-prob010-SocialGolfers/params/a10e3f46f4564ed9fb7a1cb74f146ec6.param
0.991,0.841,-0.825,-0.971,0.846,-0.996,-0.837,-0.726,-0.978,-0.776,0.68,0.965,-0.635,-0.854,-0.018,0.746,-0.982,0.13,0.968,-0.857,-0.995,-0.956,0.574,0.362,-0.979,-0.979,-0.971,-0.958,0.971,0.972,0.88,0.918,0.979,0.772,0.991,0.979,0.936,-0.899,0.987,-0.885,0.955,-0.09,-0.32,-0.503,0.977,-0.99,-0.807,-0.751,-0.975,0.964,0.96,-0.95,0.948,-0.973,-0.988,0.491,-0.87,0.805,-0.994,-0.986,0.881,0.973,-0.963,0.994,-0.995,-0.641,-0.562,-0.981,-0.985,-0.717,0.867,-0.976,0.961,0.907,-0.968,0.984,0.954,-0.975,-0.743,0.996,-0.994,0.855,-0.979,0.988,-0.976,-0.957,-0.963,0.995,0.983,0.745,-0.998,0.997,0.423,-0.831,-0.995,0.856,-0.981,0.991,-0.994,-0.992,5.414,4.645,10.535,10.549,10.527,10.539,10.515,10.527,5.389,4.754,10.52,10.552,5.715,5.4,10.57,10.539,EssenceCatalog/problems/csplib-prob010-SocialGolfers/params/b081537c818f91947110e2c04ef59fc5.param
0.99,0.822,-0.834,-0.969,0.849,-0.995,-0.845,-0.72,-0.978,-0.799,0.557,0.972,-0.267,-0.869,-0.28,0.723,-0.98,0.336,0.963,-0.844,-0.994,-0.926,0.545,-0.006,-0.977,-0.976,-0.968,-0.959,0.97,0.958,0.889,0.924,0.978,0.809,0.991,0.976,0.921,-0.914,0.988,-0.892,0.957,0.45,-0.594,-0.385,0.977,-0.99,-0.799,-0.744,-0.975,0.961,0.945,-0.938,0.96,-0.973,-0.985,0.577,-0.878,0.81,-0.993,-0.98,0.854,0.97,-0.939,0.993,-0.995,-0.669,-0.591,-0.981,-0.985,-0.681,0.874,-0.974,0.968,0.918,-0.968,0.984,0.939,-0.971,-0.577,0.995,-0.994,0.87,-0.977,0.986,-0.976,-0.958,-0.962,0.995,0.984,0.722,-0.998,0.997,0.451,-0.782,-0.995,0.876,-0.983,0.988,-0.995,-0.991,5.783,4.903,10.543,10.566,10.504,10.521,10.488,10.526,5.67,5.014,10.542,10.578,5.963,5.71,10.561,10.569,EssenceCatalog/problems/csplib-prob010-SocialGolfers/params/99f7b76e8ffc05d4d3298182cc21d4c1.param
0.99,0.806,-0.844,-0.953,0.873,-0.995,-0.841,-0.714,-0.98,-0.806,0.493,0.974,0.161,-0.887,-0.49,0.721,-0.98,0.522,0.955,-0.837,-0.994,-0.874,0.502,-0.339,-0.975,-0.963,-0.968,-0.959,0.968,0.933,0.89,0.933,0.977,0.839,0.99,0.974,0.903,-0.916,0.989,-0.898,0.949,0.718,-0.762,-0.22,0.973,-0.99,-0.824,-0.78,-0.979,0.939,0.938,-0.941,0.96,-0.972,-0.984,0.677,-0.885,0.805,-0.992,-0.975,0.833,0.966,-0.908,0.991,-0.995,-0.677,-0.621,-0.982,-0.985,-0.677,0.874,-0.973,0.97,0.932,-0.973,0.984,0.922,-0.967,-0.454,0.995,-0.994,0.891,-0.974,0.984,-0.976,-0.965,-0.958,0.994,0.983,0.73,-0.998,0.997,0.452,-0.713,-0.995,0.898,-0.984,0.985,-0.995,-0.989,6.154,5.119,10.556,10.563,10.477,10.507,10.469,10.524,5.929,5.242,10.56,10.591,6.201,6.015,10.564,10.583,EssenceCatalog/problems/csplib-prob010-SocialGolfers/params/c9901af69696f9c0c49b32402ef3876e.param
0.994,0.829,-0.746,-0.942,-0.425,-0.998,0.643,-0.421,0.928,-0.525,0.61,0.987,-0.926,0.972,-0.98,0.975,-0.991,0.85,0.976,-0.222,-0.99,-0.968,0.767,-0.899,-0.991,-0.995,-0.985,-0.951,0.994,0.968,0.943,0.973,0.995,0.988,0.997,0.995,0.969,-0.945,-0.985,-0.805,0.983,-0.807,-0.972,0.717,0.98,-0.97,0.726,0.98,0.972,0.975,0.99,0.572,0.974,-0.923,-0.996,-0.919,-0.923,0.932,-0.997,-0.994,0.945,0.985,-0.968,0.999,-0.994,-0.799,-0.838,-0.996,-0.997,-0.967,0.983,-0.992,-0.906,-0.943,0.953,0.997,0.983,-0.993,-0.919,0.997,-0.996,0.856,-0.979,0.987,-0.99,-0.732,-0.983,0.996,0.994,0.87,-0.998,0.995,0.931,-0.887,-0.997,-0.936,-0.984,0.995,-0.997,-0.994,4.272,3.524,5.063,10.133,10.574,10.454,10.59,10.732,4.268,3.771,5.114,10.139,4.831,4.424,6.165,10.176,EssenceCatalog/problems/csplib-prob010-SocialGolfers/params/69fe23b047501e014d73974222ae2ff3.param
0.991,0.858,-0.81,-0.978,0.832,-0.996,-0.846,-0.752,-0.978,-0.768,0.719,0.963,-0.797,-0.847,0.154,0.773,-0.984,-0.077,0.974,-0.864,-0.995,-0.971,0.652,0.608,-0.981,-0.984,-0.974,-0.96,0.974,0.98,0.886,0.912,0.98,0.772,0.993,0.982,0.947,-0.905,0.987,-0.902,0.962,-0.424,-0.085,-0.647,0.979,-0.991,-0.787,-0.743,-0.972,0.974,0.966,-0.956,0.948,-0.974,-0.99,0.369,-0.872,0.814,-0.995,-0.99,0.902,0.978,-0.972,0.996,-0.995,-0.641,-0.541,-0.981,-0.986,-0.716,0.872,-0.978,0.961,0.895,-0.968,0.985,0.961,-0.979,-0.799,0.996,-0.995,0.847,-0.982,0.989,-0.977,-0.958,-0.967,0.995,0.985,0.759,-0.998,0.998,0.438,-0.876,-0.995,0.834,-0.98,0.993,-0.995,-0.993,5.183,4.485,10.53,10.548,10.556,10.558,10.544,10.532,5.212,4.589,10.506,10.546,5.556,5.184,10.569,10.528,EssenceCatalog/problems/csplib-prob010-SocialGolfers/params/f761ce1cb7abf6a9e9a4318e64c1f528.param
0.99,0.818,-0.815,-0.963,0.849,-0.995,-0.847,-0.731,-0.979,-0.792,0.537,0.972,-0.219,-0.876,-0.338,0.732,-0.98,0.337,0.961,-0.841,-0.994,-0.905,0.579,-0.06,-0.976,-0.97,-0.968,-0.96,0.97,0.95,0.891,0.924,0.977,0.81,0.991,0.975,0.915,-0.917,0.988,-0.9,0.955,0.538,-0.6,-0.296,0.975,-0.989,-0.808,-0.768,-0.976,0.95,0.937,-0.94,0.96,-0.972,-0.984,0.598,-0.867,0.81,-0.993,-0.978,0.845,0.97,-0.92,0.992,-0.995,-0.669,-0.605,-0.981,-0.984,-0.668,0.875,-0.973,0.969,0.923,-0.969,0.983,0.928,-0.97,-0.542,0.994,-0.994,0.872,-0.976,0.985,-0.976,-0.961,-0.96,0.995,0.984,0.716,-0.998,0.997,0.488,-0.789,-0.995,0.878,-0.982,0.986,-0.995,-0.99,5.873,4.943,10.551,10.571,10.502,10.52,10.486,10.525,5.73,5.054,10.552,10.581,6.018,5.765,10.562,10.574,EssenceCatalog/problems/csplib-prob010-SocialGolfers/params/8d1ccc8ee9820c0d895b09465e70b545.param
0.991,0.881,-0.766,-0.983,0.806,-0.997,-0.882,-0.787,-0.981,-0.765,0.747,0.959,-0.902,-0.872,0.429,0.773,-0.983,-0.378,0.978,-0.874,-0.995,-0.971,0.76,0.804,-0.982,-0.985,-0.974,-0.965,0.976,0.981,0.897,0.899,0.982,0.708,0.993,0.984,0.955,-0.916,0.989,-0.922,0.968,-0.613,0.378,-0.718,0.979,-0.991,-0.793,-0.789,-0.975,0.977,0.962,-0.962,0.953,-0.974,-0.989,0.288,-0.852,0.842,-0.996,-0.99,0.917,0.982,-0.969,0.996,-0.995,-0.639,-0.57,-0.981,-0.986,-0.682,0.868,-0.978,0.967,0.898,-0.97,0.984,0.964,-0.983,-0.842,0.995,-0.995,0.832,-0.984,0.99,-0.979,-0.958,-0.969,0.995,0.988,0.75,-0.998,0.998,0.497,-0.926,-0.995,0.826,-0.976,0.994,-0.994,-0.994,5.008,4.32,10.554,10.513,10.586,10.565,10.568,10.507,5.063,4.423,10.527,10.499,5.421,4.954,10.566,10.5,EssenceCatalog/problems/csplib-prob010-SocialGolfers/params/78dedec2f974995283ab615324a419fd.param
0.999,0.965,-0.892,0.969,0.974,-0.996,-0.987,-0.986,-0.993,-0.978,0.969,0.992,0.959,-0.985,-0.984,0.981,-0.986,0.952,0.992,-0.982,-0.998,0.987,0.991,-0.961,-0.993,0.965,-0.99,-0.997,0.996,-0.951,0.985,0.992,0.994,0.961,0.995,0.994,0.986,-0.988,0.991,-0.99,0.959,0.993,-0.926,0.984,0.921,-0.998,-0.987,-0.987,-0.985,-0.981,0.921,-0.99,0.991,-0.994,-0.836,0.976,-0.948,0.988,-0.998,-0.946,0.978,0.995,0.968,0.995,-0.999,-0.973,-0.982,-0.996,-0.992,-0.979,0.985,-0.993,0.983,0.989,-0.996,0.996,0.059,-0.951,-0.924,0.996,-0.998,0.976,-0.989,0.987,-0.996,-0.995,-0.988,0.999,0.998,0.98,-1.0,0.999,0.988,-0.985,-0.997,0.987,-0.996,0.987,-0.997,-0.995,9.798,5.802,10.399,10.324,10.427,10.323,10.462,10.399,7.649,6.125,10.376,10.266,8.066,7.854,10.373,10.373,EssenceCatalog/problems/csplib-prob010-SocialGolfers/params/419ed48f9345291702b72f35e4306e0e.param
0.999,0.96,-0.978,0.99,0.99,-0.995,-0.983,-0.982,-0.984,-0.965,0.987,0.993,0.995,-0.962,-0.989,0.978,-0.987,0.994,0.988,-0.99,-0.997,0.99,0.957,-0.993,-0.992,0.972,-0.983,-0.995,0.995,-0.977,0.98,0.996,0.995,0.973,0.997,0.993,0.982,-0.96,0.989,-0.964,0.825,0.984,-0.992,0.994,0.837,-0.998,-0.993,-0.978,-0.987,-0.988,0.984,-0.989,0.986,-0.996,-0.828,0.988,-0.981,0.988,-0.999,-0.949,0.971,0.996,0.732,0.994,-0.999,-0.985,-0.98,-0.997,-0.995,-0.989,0.985,-0.997,0.931,0.987,-0.995,0.997,0.814,-0.937,-0.976,0.998,-0.999,0.978,-0.989,0.982,-0.997,-0.996,-0.991,0.999,0.998,0.993,-0.999,0.999,0.978,-0.957,-0.997,0.993,-0.996,0.993,-0.998,-0.993,9.865,5.84,10.472,10.418,10.522,10.446,10.569,10.531,7.661,6.175,10.463,10.361,8.105,7.963,10.459,10.45,EssenceCatalog/problems/csplib-prob010-SocialGolfers/params/bfddb53f0452a0a5409b773bcb4c5295.param
0.987,0.804,-0.65,-0.716,0.864,-0.992,-0.885,-0.838,-0.983,-0.784,0.552,0.97,0.116,-0.921,-0.652,0.804,-0.972,0.392,0.955,-0.861,-0.992,-0.38,0.788,-0.427,-0.968,-0.826,-0.968,-0.971,0.971,0.744,0.91,0.937,0.975,0.804,0.988,0.962,0.902,-0.933,0.992,-0.915,0.925,0.86,-0.494,0.542,0.957,-0.989,-0.894,-0.908,-0.983,0.581,0.832,-0.951,0.961,-0.971,-0.963,0.76,-0.776,0.864,-0.99,-0.939,0.813,0.974,-0.512,0.987,-0.994,-0.725,-0.721,-0.982,-0.976,-0.687,0.888,-0.97,0.974,0.956,-0.98,0.975,0.781,-0.947,-0.516,0.993,-0.992,0.858,-0.967,0.978,-0.979,-0.972,-0.951,0.994,0.986,0.741,-0.997,0.997,0.762,-0.856,-0.993,0.915,-0.983,0.971,-0.992,-0.984,6.841,5.2,10.546,10.498,10.452,10.448,10.448,10.447,6.257,5.337,10.532,10.488,6.544,6.283,10.504,10.519,EssenceCatalog/problems/csplib-prob010-SocialGolfers/params/9e342449a8fe50d90c7d3b3c0fff3e4a.param
0.996,0.815,-0.955,0.002,0.972,-0.993,-0.858,-0.748,-0.982,-0.851,0.847,0.983,0.967,-0.909,-0.919,0.867,-0.985,0.973,0.954,-0.934,-0.993,0.05,0.203,-0.966,-0.978,-0.52,-0.972,-0.967,0.968,0.165,0.919,0.983,0.988,0.941,0.99,0.97,0.906,-0.877,0.987,-0.806,0.776,0.921,-0.986,0.838,0.939,-0.994,-0.952,-0.913,-0.987,-0.009,0.973,-0.961,0.945,-0.985,-0.98,0.931,-0.954,0.887,-0.995,-0.965,0.854,0.973,-0.848,0.986,-0.997,-0.862,-0.832,-0.993,-0.991,-0.891,0.914,-0.987,0.928,0.959,-0.987,0.99,0.93,-0.949,-0.787,0.998,-0.996,0.94,-0.975,0.976,-0.985,-0.987,-0.959,0.996,0.985,0.938,-0.997,0.998,0.609,-0.535,-0.996,0.974,-0.993,0.988,-0.997,-0.985,8.173,5.613,10.558,10.504,10.499,10.543,10.526,10.576,6.9,5.895,10.564,10.513,7.252,7.294,10.545,10.539,EssenceCatalog/problems/csplib-prob010-SocialGolfers/params/fb331d21b612d5a82c2b5d1afbc0b65a.param
0.986,0.849,-0.589,-0.89,0.812,-0.994,-0.905,-0.807,-0.982,-0.751,0.733,0.96,-0.777,-0.913,0.054,0.774,-0.969,-0.219,0.969,-0.875,-0.993,-0.758,0.818,0.488,-0.974,-0.934,-0.969,-0.972,0.971,0.896,0.9,0.906,0.976,0.573,0.99,0.972,0.929,-0.909,0.992,-0.905,0.939,0.127,0.389,0.184,0.962,-0.989,-0.874,-0.902,-0.982,0.824,0.883,-0.958,0.952,-0.97,-0.965,0.576,-0.709,0.86,-0.993,-0.969,0.871,0.977,-0.815,0.992,-0.995,-0.699,-0.698,-0.979,-0.973,-0.67,0.841,-0.97,0.97,0.937,-0.975,0.974,0.894,-0.968,-0.787,0.993,-0.992,0.786,-0.974,0.985,-0.981,-0.96,-0.957,0.994,0.987,0.713,-0.998,0.997,0.722,-0.928,-0.993,0.863,-0.974,0.985,-0.991,-0.988,5.646,4.553,10.58,10.482,10.532,10.513,10.504,10.437,5.451,4.659,10.561,10.426,5.797,5.344,10.545,10.471,EssenceCatalog/problems/csplib-prob010-SocialGolfers/params/08328853c8610f30d5b729fe1236fe93.param
0.99,0.912,-0.603,-0.97,0.691,-0.997,-0.898,-0.816,-0.972,-0.732,0.857,0.953,-0.983,-0.854,0.691,0.837,-0.98,-0.708,0.984,-0.883,-0.995,-0.955,0.895,0.923,-0.985,-0.982,-0.977,-0.977,0.978,0.978,0.917,0.892,0.985,0.528,0.994,0.987,0.967,-0.909,0.983,-0.933,0.968,-0.881,0.865,-0.607,0.977,-0.99,-0.805,-0.829,-0.964,0.963,0.958,-0.961,0.951,-0.973,-0.985,0.025,-0.757,0.886,-0.996,-0.991,0.943,0.987,-0.96,0.997,-0.996,-0.682,-0.688,-0.983,-0.984,-0.735,0.865,-0.977,0.952,0.857,-0.96,0.983,0.964,-0.987,-0.934,0.995,-0.994,0.758,-0.985,0.992,-0.984,-0.956,-0.973,0.995,0.99,0.765,-0.999,0.998,0.684,-0.973,-0.995,0.692,-0.97,0.995,-0.993,-0.994,4.861,4.11,10.491,10.465,10.603,10.557,10.576,10.468,4.89,4.22,10.459,10.429,5.264,4.72,10.498,10.454,EssenceCatalog/problems/csplib-prob010-SocialGolfers/params/9487c32692e74a20f9545d1c18050d86.param
0.991,0.862,-0.814,-0.981,0.824,-0.996,-0.85,-0.735,-0.977,-0.787,0.696,0.966,-0.757,-0.855,0.113,0.752,-0.983,-0.039,0.971,-0.856,-0.995,-0.962,0.63,0.511,-0.981,-0.984,-0.972,-0.963,0.973,0.977,0.892,0.91,0.98,0.761,0.992,0.981,0.941,-0.906,0.986,-0.901,0.964,-0.204,-0.135,-0.605,0.98,-0.99,-0.783,-0.735,-0.974,0.975,0.962,-0.948,0.955,-0.973,-0.989,0.406,-0.868,0.818,-0.995,-0.988,0.894,0.975,-0.964,0.995,-0.995,-0.651,-0.588,-0.981,-0.986,-0.703,0.872,-0.976,0.962,0.895,-0.965,0.986,0.958,-0.98,-0.745,0.996,-0.995,0.848,-0.981,0.989,-0.979,-0.953,-0.968,0.995,0.985,0.734,-0.998,0.998,0.453,-0.868,-0.995,0.832,-0.98,0.992,-0.995,-0.993,5.265,4.541,10.532,10.544,10.551,10.551,10.532,10.52,5.28,4.647,10.514,10.537,5.616,5.249,10.564,10.528,EssenceCatalog/problems/csplib-prob010-SocialGolfers/params/35fe5710a105d8c081765a6890c3079a.param
0.991,0.786,-0.893,-0.936,0.901,-0.994,-0.83,-0.715,-0.982,-0.833,0.426,0.978,0.649,-0.895,-0.714,0.732,-0.983,0.735,0.95,-0.835,-0.993,-0.823,0.392,-0.689,-0.976,-0.949,-0.97,-0.957,0.966,0.906,0.894,0.952,0.977,0.895,0.989,0.972,0.891,-0.92,0.989,-0.898,0.943,0.867,-0.914,-0.148,0.972,-0.99,-0.84,-0.781,-0.981,0.921,0.945,-0.941,0.961,-0.975,-0.986,0.762,-0.919,0.812,-0.992,-0.972,0.812,0.964,-0.897,0.99,-0.995,-0.694,-0.627,-0.984,-0.987,-0.714,0.892,-0.976,0.972,0.942,-0.977,0.986,0.919,-0.962,-0.358,0.995,-0.994,0.919,-0.972,0.981,-0.974,-0.972,-0.957,0.995,0.982,0.77,-0.997,0.997,0.412,-0.564,-0.995,0.918,-0.988,0.983,-0.996,-0.988,6.503,5.337,10.565,10.564,10.452,10.497,10.459,10.534,6.174,5.476,10.569,10.615,6.422,6.326,10.573,10.605,EssenceCatalog/problems/csplib-prob010-SocialGolfers/params/04b4dd11bd15084303daaf8a7aa98aeb.param
0.987,0.842,-0.596,-0.903,0.79,-0.995,-0.888,-0.803,-0.976,-0.75,0.7,0.963,-0.771,-0.89,-0.022,0.786,-0.97,-0.164,0.968,-0.865,-0.994,-0.799,0.814,0.423,-0.974,-0.946,-0.968,-0.971,0.973,0.913,0.901,0.907,0.978,0.628,0.991,0.973,0.929,-0.914,0.989,-0.905,0.944,0.172,0.279,0.179,0.965,-0.988,-0.859,-0.871,-0.976,0.859,0.888,-0.948,0.955,-0.969,-0.967,0.531,-0.723,0.858,-0.993,-0.97,0.863,0.977,-0.83,0.992,-0.995,-0.696,-0.683,-0.981,-0.975,-0.683,0.861,-0.971,0.966,0.928,-0.967,0.975,0.897,-0.967,-0.762,0.993,-0.993,0.791,-0.975,0.986,-0.981,-0.959,-0.958,0.994,0.988,0.713,-0.998,0.997,0.717,-0.921,-0.994,0.842,-0.975,0.985,-0.992,-0.988,5.65,4.588,10.561,10.511,10.536,10.523,10.512,10.464,5.473,4.693,10.544,10.461,5.809,5.379,10.537,10.498,EssenceCatalog/problems/csplib-prob010-SocialGolfers/params/c8c1c8a344994bac7c3a9dd9f4d223aa.param
0.99,0.818,-0.849,-0.964,0.869,-0.995,-0.83,-0.702,-0.979,-0.803,0.536,0.973,-0.029,-0.877,-0.398,0.72,-0.982,0.457,0.957,-0.838,-0.994,-0.91,0.497,-0.202,-0.977,-0.971,-0.97,-0.959,0.968,0.949,0.886,0.929,0.978,0.829,0.99,0.976,0.911,-0.91,0.987,-0.894,0.953,0.597,-0.714,-0.343,0.975,-0.99,-0.813,-0.761,-0.978,0.953,0.95,-0.941,0.957,-0.972,-0.987,0.64,-0.887,0.802,-0.993,-0.98,0.848,0.966,-0.932,0.993,-0.995,-0.665,-0.611,-0.983,-0.986,-0.69,0.872,-0.973,0.967,0.922,-0.97,0.986,0.936,-0.972,-0.525,0.995,-0.994,0.888,-0.976,0.985,-0.976,-0.963,-0.959,0.994,0.983,0.726,-0.998,0.997,0.421,-0.733,-0.995,0.885,-0.984,0.987,-0.995,-0.991,5.976,5.026,10.551,10.567,10.492,10.519,10.479,10.527,5.806,5.143,10.553,10.591,6.088,5.882,10.568,10.579,EssenceCatalog/problems/csplib-prob010-SocialGolfers/params/374e1b057d1b1b899c82f5a573ce9b94.param
0.993,0.785,-0.908,-0.662,0.934,-0.992,-0.765,-0.561,-0.966,-0.753,0.846,0.965,0.358,-0.822,-0.513,0.778,-0.978,0.853,0.954,-0.902,-0.992,-0.822,0.085,-0.653,-0.971,-0.904,-0.963,-0.94,0.952,0.818,0.863,0.952,0.983,0.803,0.988,0.964,0.908,-0.771,0.98,-0.618,0.819,0.111,-0.867,0.558,0.959,-0.991,-0.889,-0.836,-0.976,0.685,0.97,-0.947,0.892,-0.975,-0.983,0.788,-0.894,0.808,-0.994,-0.979,0.854,0.96,-0.961,0.989,-0.995,-0.743,-0.661,-0.985,-0.986,-0.833,0.842,-0.978,0.893,0.906,-0.973,0.98,0.958,-0.962,-0.868,0.997,-0.994,0.848,-0.971,0.979,-0.975,-0.96,-0.943,0.995,0.973,0.868,-0.996,0.997,0.368,-0.636,-0.995,0.927,-0.986,0.991,-0.994,-0.984,6.585,5.156,10.434,10.482,10.423,10.51,10.448,10.551,6.051,5.315,10.433,10.536,6.362,6.407,10.507,10.508,EssenceCatalog/problems/csplib-prob010-SocialGolfers/params/565bdf39809323b6dddfb25827ab0ad1.param
0.991,0.904,-0.676,-0.981,0.726,-0.997,-0.889,-0.82,-0.976,-0.73,0.824,0.951,-0.976,-0.848,0.661,0.828,-0.983,-0.668,0.984,-0.883,-0.995,-0.978,0.866,0.927,-0.984,-0.986,-0.976,-0.969,0.978,0.987,0.908,0.889,0.983,0.649,0.994,0.986,0.967,-0.915,0.987,-0.935,0.97,-0.889,0.775,-0.779,0.979,-0.99,-0.766,-0.801,-0.966,0.977,0.965,-0.964,0.946,-0.973,-0.99,0.021,-0.806,0.866,-0.996,-0.992,0.938,0.986,-0.974,0.997,-0.995,-0.637,-0.581,-0.981,-0.986,-0.716,0.868,-0.979,0.96,0.865,-0.967,0.983,0.968,-0.985,-0.92,0.995,-0.994,0.788,-0.986,0.991,-0.979,-0.958,-0.972,0.995,0.988,0.766,-0.998,0.998,0.594,-0.964,-0.995,0.745,-0.97,0.995,-0.993,-0.994,4.8,4.129,10.489,10.464,10.583,10.541,10.562,10.47,4.873,4.233,10.457,10.44,5.244,4.713,10.499,10.452,EssenceCatalog/problems/csplib-prob010-SocialGolfers/params/4b4615272847cb1b3309940dc3457987.param
0.991,0.775,-0.905,-0.897,0.918,-0.993,-0.83,-0.705,-0.982,-0.83,0.481,0.978,0.754,-0.899,-0.752,0.733,-0.982,0.803,0.948,-0.85,-0.993,-0.76,0.332,-0.765,-0.975,-0.93,-0.969,-0.955,0.963,0.867,0.891,0.956,0.978,0.898,0.988,0.969,0.887,-0.912,0.989,-0.876,0.926,0.877,-0.932,0.029,0.969,-0.99,-0.864,-0.807,-0.982,0.877,0.946,-0.944,0.957,-0.976,-0.985,0.802,-0.923,0.815,-0.992,-0.969,0.81,0.964,-0.891,0.989,-0.995,-0.712,-0.637,-0.985,-0.987,-0.736,0.887,-0.977,0.969,0.947,-0.98,0.985,0.916,-0.956,-0.411,0.995,-0.994,0.921,-0.972,0.98,-0.974,-0.974,-0.955,0.995,0.982,0.797,-0.997,0.997,0.408,-0.515,-0.995,0.933,-0.989,0.982,-0.996,-0.987,6.676,5.39,10.574,10.558,10.45,10.503,10.464,10.539,6.262,5.541,10.575,10.611,6.514,6.453,10.579,10.605,EssenceCatalog/problems/csplib-prob010-SocialGolfers/params/83f3da1efab87662c91d47283057a686.param
0.991,0.846,-0.818,-0.973,0.843,-0.996,-0.837,-0.72,-0.978,-0.782,0.659,0.967,-0.595,-0.863,-0.068,0.745,-0.982,0.144,0.966,-0.852,-0.995,-0.949,0.582,0.295,-0.979,-0.979,-0.972,-0.961,0.97,0.97,0.886,0.918,0.979,0.779,0.991,0.979,0.93,-0.902,0.987,-0.895,0.957,0.057,-0.364,-0.488,0.978,-0.99,-0.802,-0.754,-0.976,0.965,0.958,-0.949,0.952,-0.972,-0.989,0.5,-0.869,0.806,-0.994,-0.986,0.877,0.972,-0.956,0.994,-0.995,-0.653,-0.592,-0.982,-0.985,-0.704,0.869,-0.974,0.962,0.906,-0.968,0.985,0.95,-0.977,-0.697,0.996,-0.994,0.86,-0.979,0.987,-0.978,-0.958,-0.963,0.995,0.983,0.729,-0.998,0.997,0.443,-0.828,-0.995,0.852,-0.981,0.991,-0.994,-0.992,5.483,4.692,10.543,10.559,10.531,10.543,10.516,10.527,5.445,4.801,10.533,10.56,5.763,5.451,10.573,10.551,EssenceCatalog/problems/csplib-prob010-SocialGolfers/params/8ae8e491cd0b5f474b299c14c5cfd1d7.param
0.984,0.517,-0.952,-0.597,-0.814,0.003,-0.972,0.434,0.899,-0.692,0.742,0.931,-0.868,0.866,0.892,0.539,0.964,0.71,0.977,-0.95,-0.967,0.622,0.089,-0.535,-0.952,-0.936,0.867,-0.682,0.968,-0.81,0.887,0.536,0.972,-0.81,0.989,0.798,0.953,-0.668,-0.586,0.952,0.905,-0.93,0.882,0.97,0.97,0.026,0.131,0.878,0.938,0.801,-0.599,0.966,0.963,-0.945,0.995,-0.69,-0.297,0.969,-0.989,0.194,0.81,0.94,-0.833,-0.313,-0.855,-0.968,-0.727,0.669,-0.952,-0.491,0.873,-0.961,-0.464,-0.758,0.85,0.054,0.934,-0.664,-0.98,-0.796,-0.994,-0.873,-0.949,0.893,-0.833,0.975,-0.973,0.99,0.981,0.62,-0.933,0.927,0.853,-0.94,-0.954,0.048,-0.932,0.445,-0.902,-0.579,2.961,1.811,2.302,5.69,6.989,6.24,6.931,7.963,2.644,2.045,2.368,5.686,3.124,2.532,2.986,5.966,EssenceCatalog/problems/csplib-prob010-SocialGolfers/params/ord28-3-6-6.param
0.99,0.813,-0.852,-0.96,0.872,-0.995,-0.831,-0.707,-0.979,-0.806,0.51,0.974,0.073,-0.879,-0.456,0.719,-0.982,0.499,0.956,-0.837,-0.994,-0.898,0.489,-0.284,-0.976,-0.968,-0.969,-0.959,0.968,0.943,0.887,0.932,0.977,0.838,0.99,0.975,0.907,-0.913,0.988,-0.894,0.952,0.661,-0.75,-0.308,0.975,-0.99,-0.817,-0.761,-0.978,0.949,0.946,-0.94,0.959,-0.973,-0.986,0.657,-0.89,0.804,-0.993,-0.979,0.842,0.967,-0.924,0.992,-0.995,-0.67,-0.615,-0.983,-0.985,-0.689,0.876,-0.973,0.968,0.926,-0.971,0.985,0.932,-0.97,-0.492,0.995,-0.994,0.893,-0.975,0.985,-0.976,-0.964,-0.958,0.994,0.983,0.729,-0.998,0.997,0.423,-0.715,-0.995,0.89,-0.984,0.986,-0.995,-0.99,6.062,5.078,10.552,10.568,10.485,10.515,10.474,10.528,5.868,5.198,10.554,10.595,6.144,5.953,10.566,10.583,EssenceCatalog/problems/csplib-prob010-SocialGolfers/params/9f2d0f79561b97d2c264737f477f08ce.param
0.991,0.889,-0.778,-0.985,0.806,-0.997,-0.852,-0.756,-0.976,-0.774,0.765,0.96,-0.904,-0.851,0.379,0.776,-0.985,-0.336,0.975,-0.861,-0.995,-0.974,0.722,0.762,-0.983,-0.987,-0.976,-0.968,0.975,0.984,0.896,0.899,0.982,0.728,0.993,0.986,0.952,-0.904,0.985,-0.92,0.969,-0.589,0.293,-0.73,0.98,-0.991,-0.78,-0.746,-0.972,0.98,0.97,-0.957,0.951,-0.973,-0.992,0.26,-0.859,0.828,-0.996,-0.992,0.92,0.979,-0.972,0.997,-0.996,-0.636,-0.603,-0.983,-0.987,-0.717,0.87,-0.976,0.957,0.878,-0.963,0.988,0.966,-0.985,-0.828,0.996,-0.994,0.842,-0.983,0.991,-0.982,-0.956,-0.969,0.995,0.985,0.743,-0.998,0.998,0.483,-0.914,-0.995,0.786,-0.977,0.995,-0.994,-0.995,5.013,4.334,10.521,10.515,10.579,10.563,10.56,10.503,5.068,4.438,10.494,10.501,5.422,4.98,10.545,10.499,EssenceCatalog/problems/csplib-prob010-SocialGolfers/params/fe47fbd8772b6b2cdb50e16c0d40c24a.param
0.996,0.888,-0.753,-0.933,-0.693,-0.997,0.423,-0.161,0.978,-0.545,0.724,0.989,-0.966,0.988,-0.947,0.969,-0.974,0.831,0.988,-0.468,-0.996,-0.892,0.8,-0.903,-0.995,-0.996,-0.974,-0.973,0.996,0.898,0.957,0.956,0.997,0.958,0.998,0.997,0.978,-0.945,-0.995,-0.619,0.989,-0.818,-0.861,0.85,0.989,-0.977,0.583,0.991,0.989,0.975,0.985,0.824,0.985,-0.95,-0.972,-0.914,-0.867,0.959,-0.998,-0.995,0.964,0.988,-0.952,0.998,-0.997,-0.898,-0.922,-0.994,-0.997,-0.966,0.986,-0.994,-0.952,-0.952,0.982,0.998,0.985,-0.996,-0.952,0.996,-0.998,0.758,-0.991,0.995,-0.996,-0.401,-0.986,0.999,0.997,0.886,-0.999,0.998,0.933,-0.937,-0.999,-0.94,-0.989,0.995,-0.998,-0.996,4.308,3.481,4.883,10.101,10.665,10.506,10.671,10.83,4.265,3.736,4.932,10.114,4.853,4.395,6.007,10.167,EssenceCatalog/problems/csplib-prob010-SocialGolfers/params/8f0fd467ef1ad02639951cbeb820daaa.param
0.992,0.884,-0.804,-0.984,0.82,-0.997,-0.861,-0.771,-0.98,-0.773,0.764,0.958,-0.901,-0.854,0.411,0.778,-0.986,-0.328,0.977,-0.871,-0.995,-0.979,0.725,0.794,-0.984,-0.987,-0.976,-0.965,0.976,0.986,0.889,0.904,0.982,0.743,0.993,0.985,0.957,-0.906,0.987,-0.921,0.968,-0.664,0.279,-0.787,0.98,-0.991,-0.788,-0.761,-0.975,0.981,0.971,-0.963,0.945,-0.975,-0.992,0.26,-0.874,0.829,-0.996,-0.992,0.925,0.98,-0.978,0.997,-0.996,-0.619,-0.546,-0.982,-0.987,-0.715,0.867,-0.978,0.963,0.889,-0.97,0.987,0.969,-0.983,-0.851,0.996,-0.995,0.849,-0.984,0.991,-0.978,-0.961,-0.97,0.995,0.986,0.771,-0.998,0.998,0.429,-0.91,-0.995,0.816,-0.977,0.995,-0.994,-0.995,4.987,4.329,10.541,10.52,10.583,10.568,10.57,10.517,5.053,4.432,10.512,10.513,5.41,4.969,10.565,10.507,EssenceCatalog/problems/csplib-prob010-SocialGolfers/params/f37d01d5111df3f259d8d72ee0ae78f0.param
0.991,0.795,-0.887,-0.948,0.894,-0.994,-0.831,-0.702,-0.981,-0.827,0.443,0.977,0.523,-0.89,-0.643,0.721,-0.982,0.687,0.952,-0.835,-0.994,-0.856,0.405,-0.596,-0.976,-0.958,-0.969,-0.957,0.966,0.921,0.891,0.946,0.977,0.88,0.989,0.973,0.896,-0.918,0.988,-0.896,0.946,0.823,-0.884,-0.22,0.973,-0.99,-0.832,-0.767,-0.98,0.936,0.946,-0.94,0.961,-0.974,-0.986,0.735,-0.914,0.809,-0.992,-0.974,0.823,0.964,-0.911,0.991,-0.995,-0.689,-0.62,-0.984,-0.987,-0.704,0.885,-0.975,0.971,0.937,-0.975,0.986,0.926,-0.964,-0.393,0.995,-0.994,0.913,-0.974,0.982,-0.975,-0.969,-0.958,0.995,0.982,0.756,-0.998,0.997,0.395,-0.599,-0.995,0.912,-0.987,0.984,-0.996,-0.989,6.377,5.273,10.558,10.56,10.456,10.498,10.458,10.529,6.09,5.408,10.562,10.607,6.345,6.228,10.569,10.596,EssenceCatalog/problems/csplib-prob010-SocialGolfers/params/5e7ed013887b42d07ebd2b2993420789.param
0.993,0.789,-0.911,-0.285,0.955,-0.991,-0.82,-0.675,-0.978,-0.786,0.834,0.972,0.788,-0.885,-0.756,0.812,-0.979,0.909,0.949,-0.915,-0.992,-0.439,0.225,-0.853,-0.97,-0.742,-0.966,-0.952,0.958,0.566,0.885,0.966,0.983,0.863,0.988,0.963,0.899,-0.824,0.987,-0.717,0.782,0.695,-0.928,0.765,0.945,-0.992,-0.927,-0.905,-0.985,0.276,0.961,-0.958,0.914,-0.979,-0.978,0.883,-0.905,0.84,-0.994,-0.967,0.844,0.965,-0.897,0.987,-0.995,-0.79,-0.749,-0.988,-0.986,-0.846,0.866,-0.979,0.921,0.943,-0.983,0.982,0.932,-0.951,-0.818,0.997,-0.994,0.886,-0.97,0.975,-0.98,-0.976,-0.944,0.995,0.979,0.89,-0.996,0.997,0.535,-0.63,-0.995,0.956,-0.988,0.988,-0.994,-0.983,7.481,5.44,10.524,10.498,10.454,10.521,10.48,10.563,6.547,5.659,10.525,10.531,6.878,6.914,10.536,10.535,EssenceCatalog/problems/csplib-prob010-SocialGolfers/params/9ccc60038209f1d08598a4b11ae04fb0.param
0.992,0.776,-0.91,-0.91,0.917,-0.994,-0.836,-0.722,-0.983,-0.846,0.421,0.98,0.806,-0.903,-0.792,0.738,-0.983,0.817,0.949,-0.843,-0.993,-0.749,0.36,-0.801,-0.976,-0.933,-0.971,-0.958,0.965,0.865,0.898,0.96,0.978,0.914,0.989,0.97,0.886,-0.925,0.989,-0.896,0.935,0.912,-0.946,-0.024,0.97,-0.99,-0.861,-0.798,-0.982,0.891,0.944,-0.942,0.963,-0.976,-0.985,0.807,-0.931,0.823,-0.992,-0.967,0.806,0.965,-0.877,0.989,-0.995,-0.717,-0.644,-0.986,-0.988,-0.733,0.898,-0.978,0.973,0.95,-0.98,0.987,0.912,-0.956,-0.336,0.995,-0.995,0.93,-0.972,0.98,-0.974,-0.976,-0.957,0.995,0.983,0.8,-0.997,0.997,0.428,-0.493,-0.996,0.933,-0.989,0.981,-0.996,-0.987,6.705,5.422,10.586,10.572,10.458,10.507,10.472,10.546,6.295,5.573,10.587,10.626,6.541,6.474,10.588,10.623,EssenceCatalog/problems/csplib-prob010-SocialGolfers/params/9baf78ea23a568b60027bfb52b7b9295.param
0.991,0.904,-0.378,0.092,0.842,-0.994,-0.939,-0.93,-0.986,-0.839,0.892,0.972,-0.686,-0.951,-0.494,0.93,-0.973,0.047,0.978,-0.934,-0.995,0.414,0.954,0.028,-0.98,-0.351,-0.98,-0.99,0.985,0.4,0.951,0.955,0.986,0.674,0.992,0.979,0.961,-0.948,0.991,-0.943,0.927,0.605,0.603,0.885,0.942,-0.993,-0.944,-0.966,-0.983,-0.41,0.825,-0.973,0.96,-0.979,-0.937,0.759,-0.59,0.944,-0.995,-0.953,0.93,0.99,0.137,0.993,-0.998,-0.858,-0.895,-0.989,-0.978,-0.853,0.912,-0.977,0.968,0.956,-0.984,0.981,0.769,-0.97,-0.9,0.996,-0.995,0.802,-0.979,0.984,-0.992,-0.976,-0.972,0.996,0.994,0.862,-0.999,0.998,0.947,-0.978,-0.995,0.885,-0.983,0.984,-0.991,-0.99,7.464,4.919,10.443,10.281,10.417,10.328,10.385,10.224,6.296,5.091,10.393,10.175,6.718,6.251,10.344,10.252,EssenceCatalog/problems/csplib-prob010-SocialGolfers/params/523d8ed27391f9e7e7e4ba10272e7d38.param
0.994,0.782,-0.93,-0.308,0.958,-0.991,-0.832,-0.665,-0.977,-0.8,0.823,0.975,0.864,-0.881,-0.796,0.81,-0.979,0.933,0.952,-0.92,-0.993,-0.399,0.157,-0.892,-0.972,-0.745,-0.964,-0.952,0.959,0.507,0.891,0.969,0.984,0.882,0.989,0.962,0.9,-0.839,0.987,-0.703,0.791,0.767,-0.952,0.761,0.949,-0.992,-0.929,-0.893,-0.984,0.313,0.962,-0.954,0.923,-0.981,-0.976,0.892,-0.921,0.849,-0.994,-0.965,0.841,0.966,-0.899,0.985,-0.995,-0.809,-0.752,-0.988,-0.988,-0.844,0.875,-0.982,0.923,0.945,-0.982,0.983,0.935,-0.947,-0.803,0.997,-0.995,0.895,-0.971,0.975,-0.98,-0.976,-0.949,0.995,0.981,0.901,-0.996,0.997,0.507,-0.584,-0.995,0.961,-0.99,0.987,-0.995,-0.982,7.542,5.475,10.529,10.499,10.456,10.525,10.486,10.566,6.59,5.705,10.53,10.531,6.916,6.966,10.539,10.539,EssenceCatalog/problems/csplib-prob010-SocialGolfers/params/8469473d977ba92ddeb47ae613ba4c9a.param
0.986,0.83,-0.557,-0.853,0.805,-0.994,-0.883,-0.828,-0.979,-0.746,0.674,0.963,-0.672,-0.9,-0.228,0.812,-0.972,-0.082,0.965,-0.862,-0.993,-0.729,0.828,0.272,-0.971,-0.921,-0.97,-0.971,0.972,0.894,0.903,0.916,0.976,0.691,0.99,0.969,0.922,-0.919,0.99,-0.912,0.936,0.382,0.141,0.322,0.961,-0.988,-0.863,-0.892,-0.978,0.784,0.87,-0.952,0.954,-0.967,-0.969,0.579,-0.712,0.859,-0.992,-0.963,0.848,0.978,-0.759,0.992,-0.995,-0.693,-0.685,-0.981,-0.974,-0.685,0.871,-0.97,0.969,0.936,-0.973,0.973,0.868,-0.961,-0.729,0.993,-0.992,0.798,-0.972,0.983,-0.98,-0.964,-0.955,0.994,0.987,0.71,-0.997,0.997,0.756,-0.915,-0.993,0.859,-0.976,0.982,-0.991,-0.987,5.892,4.713,10.564,10.528,10.518,10.509,10.496,10.464,5.633,4.814,10.551,10.476,5.956,5.554,10.532,10.513,EssenceCatalog/problems/csplib-prob010-SocialGolfers/params/884db77607f4c11d07599be2866f6487.param
0.987,0.856,-0.584,-0.902,0.786,-0.995,-0.903,-0.813,-0.979,-0.762,0.709,0.964,-0.796,-0.906,0.028,0.783,-0.97,-0.272,0.969,-0.869,-0.994,-0.751,0.842,0.47,-0.976,-0.943,-0.97,-0.974,0.974,0.899,0.908,0.907,0.978,0.604,0.991,0.974,0.93,-0.918,0.99,-0.914,0.948,0.211,0.376,0.159,0.964,-0.989,-0.864,-0.891,-0.979,0.847,0.878,-0.952,0.958,-0.97,-0.966,0.545,-0.713,0.873,-0.993,-0.97,0.873,0.979,-0.799,0.993,-0.995,-0.705,-0.708,-0.981,-0.974,-0.652,0.86,-0.97,0.969,0.933,-0.972,0.977,0.89,-0.969,-0.775,0.993,-0.993,0.792,-0.976,0.986,-0.983,-0.961,-0.96,0.994,0.988,0.704,-0.998,0.998,0.744,-0.935,-0.994,0.846,-0.975,0.985,-0.992,-0.989,5.649,4.565,10.584,10.505,10.548,10.526,10.517,10.452,5.468,4.672,10.568,10.445,5.806,5.342,10.547,10.493,EssenceCatalog/problems/csplib-prob010-SocialGolfers/params/108560d95a8d8ff872f4cb3ae32c35f8.param
0.986,0.845,-0.513,-0.855,0.779,-0.994,-0.891,-0.84,-0.979,-0.732,0.708,0.963,-0.78,-0.895,-0.129,0.829,-0.972,-0.207,0.97,-0.869,-0.993,-0.742,0.857,0.422,-0.973,-0.926,-0.972,-0.972,0.973,0.902,0.908,0.915,0.978,0.662,0.99,0.97,0.93,-0.921,0.99,-0.917,0.941,0.187,0.334,0.309,0.962,-0.988,-0.856,-0.895,-0.977,0.787,0.872,-0.953,0.955,-0.968,-0.97,0.516,-0.686,0.868,-0.992,-0.967,0.86,0.981,-0.769,0.992,-0.995,-0.698,-0.691,-0.98,-0.975,-0.68,0.873,-0.97,0.967,0.931,-0.972,0.973,0.874,-0.965,-0.778,0.993,-0.992,0.771,-0.974,0.983,-0.981,-0.963,-0.958,0.994,0.988,0.71,-0.997,0.997,0.783,-0.936,-0.993,0.84,-0.975,0.983,-0.991,-0.988,5.738,4.599,10.554,10.515,10.523,10.507,10.503,10.454,5.514,4.699,10.537,10.453,5.851,5.408,10.524,10.496,EssenceCatalog/problems/csplib-prob010-SocialGolfers/params/5a4ea5be289ddeeca1bf48bd467b5691.param
0.992,0.886,-0.806,-0.987,0.809,-0.997,-0.879,-0.779,-0.98,-0.782,0.763,0.959,-0.912,-0.861,0.468,0.773,-0.984,-0.393,0.979,-0.876,-0.996,-0.978,0.739,0.814,-0.984,-0.988,-0.974,-0.965,0.977,0.986,0.9,0.901,0.982,0.724,0.994,0.985,0.959,-0.913,0.988,-0.917,0.971,-0.674,0.361,-0.788,0.982,-0.991,-0.77,-0.754,-0.974,0.983,0.968,-0.958,0.954,-0.976,-0.99,0.24,-0.871,0.839,-0.996,-0.992,0.925,0.982,-0.977,0.996,-0.996,-0.646,-0.55,-0.98,-0.987,-0.699,0.87,-0.979,0.965,0.888,-0.97,0.986,0.97,-0.984,-0.848,0.995,-0.995,0.835,-0.985,0.991,-0.979,-0.953,-0.972,0.995,0.987,0.765,-0.998,0.998,0.462,-0.923,-0.995,0.814,-0.979,0.995,-0.995,-0.995,4.961,4.303,10.543,10.515,10.591,10.57,10.574,10.515,5.031,4.407,10.514,10.504,5.389,4.931,10.562,10.503,EssenceCatalog/problems/csplib-prob010-SocialGolfers/params/f809a2c96c5d255131c51cdd8e0a4076.param
0.991,0.85,-0.814,-0.975,0.836,-0.996,-0.846,-0.736,-0.978,-0.777,0.694,0.964,-0.719,-0.857,0.074,0.75,-0.982,0.025,0.971,-0.858,-0.995,-0.96,0.619,0.482,-0.98,-0.981,-0.971,-0.961,0.972,0.974,0.885,0.913,0.979,0.758,0.992,0.98,0.941,-0.903,0.987,-0.894,0.959,-0.195,-0.182,-0.555,0.978,-0.99,-0.806,-0.752,-0.975,0.968,0.96,-0.952,0.95,-0.973,-0.988,0.449,-0.868,0.812,-0.995,-0.987,0.889,0.975,-0.963,0.995,-0.995,-0.644,-0.567,-0.981,-0.985,-0.712,0.867,-0.976,0.962,0.905,-0.968,0.984,0.956,-0.977,-0.759,0.996,-0.994,0.851,-0.98,0.988,-0.977,-0.956,-0.965,0.995,0.984,0.747,-0.998,0.998,0.443,-0.855,-0.995,0.848,-0.98,0.992,-0.994,-0.992,5.317,4.573,10.542,10.547,10.545,10.55,10.529,10.525,5.315,4.679,10.523,10.543,5.65,5.299,10.574,10.533,EssenceCatalog/problems/csplib-prob010-SocialGolfers/params/d28c4fd7ec059ff396081caeaf2a68b5.param
0.991,0.817,-0.863,-0.966,0.868,-0.995,-0.826,-0.694,-0.978,-0.804,0.537,0.973,-0.031,-0.868,-0.398,0.722,-0.982,0.485,0.959,-0.84,-0.994,-0.922,0.456,-0.225,-0.977,-0.973,-0.969,-0.958,0.968,0.954,0.886,0.933,0.978,0.837,0.99,0.976,0.913,-0.909,0.987,-0.887,0.953,0.556,-0.736,-0.368,0.977,-0.99,-0.808,-0.734,-0.977,0.958,0.953,-0.939,0.957,-0.973,-0.987,0.629,-0.895,0.805,-0.993,-0.981,0.848,0.967,-0.943,0.993,-0.995,-0.671,-0.601,-0.982,-0.986,-0.702,0.875,-0.974,0.965,0.918,-0.969,0.986,0.943,-0.972,-0.549,0.995,-0.994,0.888,-0.976,0.985,-0.976,-0.961,-0.96,0.995,0.983,0.736,-0.998,0.997,0.39,-0.713,-0.995,0.883,-0.984,0.988,-0.995,-0.991,5.956,5.024,10.539,10.567,10.49,10.52,10.478,10.532,5.792,5.142,10.54,10.595,6.074,5.883,10.564,10.579,EssenceCatalog/problems/csplib-prob010-SocialGolfers/params/0446045ec2597ff87492b515d00f8f7c.param
0.988,0.783,-0.779,-0.85,0.888,-0.992,-0.848,-0.745,-0.981,-0.76,0.586,0.967,0.158,-0.901,-0.506,0.74,-0.974,0.505,0.951,-0.86,-0.992,-0.729,0.574,-0.372,-0.968,-0.912,-0.964,-0.955,0.962,0.859,0.879,0.931,0.974,0.786,0.987,0.963,0.894,-0.896,0.991,-0.863,0.911,0.695,-0.659,0.273,0.962,-0.989,-0.871,-0.872,-0.983,0.795,0.909,-0.949,0.945,-0.971,-0.975,0.747,-0.828,0.814,-0.991,-0.961,0.812,0.965,-0.843,0.988,-0.994,-0.685,-0.641,-0.981,-0.979,-0.687,0.856,-0.97,0.965,0.944,-0.978,0.976,0.884,-0.953,-0.579,0.994,-0.992,0.852,-0.968,0.978,-0.974,-0.967,-0.946,0.993,0.981,0.741,-0.996,0.996,0.566,-0.764,-0.993,0.917,-0.982,0.98,-0.992,-0.984,6.426,5.133,10.547,10.52,10.449,10.48,10.448,10.497,6.042,5.262,10.547,10.534,6.322,6.142,10.539,10.539,EssenceCatalog/problems/csplib-prob010-SocialGolfers/params/8002ad949cdca6d104c07a72f7cc1e89.param
0.99,0.84,-0.804,-0.97,0.843,-0.996,-0.846,-0.739,-0.978,-0.776,0.661,0.965,-0.623,-0.864,-0.046,0.746,-0.982,0.096,0.968,-0.855,-0.995,-0.948,0.609,0.36,-0.978,-0.977,-0.971,-0.96,0.971,0.969,0.883,0.916,0.978,0.769,0.991,0.978,0.934,-0.904,0.988,-0.893,0.956,0.006,-0.289,-0.472,0.977,-0.99,-0.809,-0.768,-0.976,0.961,0.954,-0.951,0.951,-0.972,-0.987,0.498,-0.862,0.807,-0.994,-0.985,0.876,0.974,-0.954,0.994,-0.995,-0.645,-0.573,-0.981,-0.984,-0.705,0.867,-0.975,0.965,0.912,-0.969,0.983,0.947,-0.974,-0.715,0.995,-0.994,0.855,-0.979,0.987,-0.976,-0.958,-0.962,0.995,0.984,0.736,-0.998,0.997,0.456,-0.841,-0.995,0.857,-0.981,0.99,-0.994,-0.992,5.451,4.66,10.548,10.553,10.529,10.539,10.515,10.523,5.417,4.768,10.535,10.551,5.74,5.41,10.574,10.543,EssenceCatalog/problems/csplib-prob010-SocialGolfers/params/284b921cf01904af3cb2fd68831cee90.param
0.987,0.8,-0.722,-0.902,0.85,-0.993,-0.867,-0.783,-0.982,-0.766,0.53,0.969,-0.116,-0.904,-0.462,0.758,-0.975,0.304,0.956,-0.848,-0.993,-0.765,0.693,-0.18,-0.97,-0.933,-0.967,-0.961,0.967,0.897,0.893,0.927,0.974,0.79,0.989,0.966,0.901,-0.918,0.992,-0.905,0.937,0.691,-0.513,0.136,0.966,-0.988,-0.847,-0.863,-0.982,0.856,0.889,-0.948,0.958,-0.969,-0.976,0.672,-0.811,0.826,-0.991,-0.962,0.813,0.97,-0.81,0.989,-0.994,-0.676,-0.64,-0.98,-0.978,-0.645,0.87,-0.969,0.973,0.943,-0.976,0.976,0.874,-0.957,-0.526,0.993,-0.992,0.851,-0.97,0.98,-0.975,-0.966,-0.952,0.993,0.984,0.701,-0.997,0.997,0.636,-0.821,-0.993,0.898,-0.981,0.979,-0.993,-0.986,6.195,5.024,10.557,10.546,10.474,10.489,10.463,10.496,5.912,5.138,10.559,10.543,6.192,5.926,10.541,10.553,EssenceCatalog/problems/csplib-prob010-SocialGolfers/params/8697673d6a9e8c70139ff4a658c48d60.param
0.992,0.78,-0.919,-0.892,0.924,-0.994,-0.84,-0.722,-0.983,-0.857,0.408,0.982,0.87,-0.907,-0.835,0.746,-0.984,0.856,0.947,-0.844,-0.993,-0.683,0.348,-0.854,-0.977,-0.92,-0.972,-0.96,0.965,0.828,0.903,0.963,0.979,0.923,0.989,0.971,0.879,-0.927,0.989,-0.902,0.933,0.939,-0.961,0.061,0.968,-0.991,-0.873,-0.809,-0.983,0.872,0.945,-0.944,0.965,-0.977,-0.985,0.833,-0.939,0.83,-0.992,-0.966,0.806,0.965,-0.856,0.988,-0.995,-0.732,-0.667,-0.987,-0.988,-0.741,0.903,-0.979,0.973,0.954,-0.981,0.988,0.904,-0.955,-0.293,0.995,-0.995,0.938,-0.971,0.979,-0.975,-0.979,-0.958,0.995,0.983,0.812,-0.997,0.997,0.439,-0.459,-0.996,0.94,-0.99,0.98,-0.996,-0.987,6.828,5.466,10.596,10.571,10.458,10.511,10.481,10.546,6.364,5.626,10.595,10.625,6.61,6.554,10.592,10.629,EssenceCatalog/problems/csplib-prob010-SocialGolfers/params/fb2905bed0b81423672bfcc7b6b11b45.param
0.99,0.819,-0.822,-0.959,0.86,-0.995,-0.837,-0.727,-0.979,-0.776,0.614,0.967,-0.365,-0.867,-0.239,0.737,-0.981,0.298,0.964,-0.851,-0.994,-0.93,0.55,0.099,-0.976,-0.971,-0.969,-0.957,0.968,0.958,0.879,0.923,0.977,0.796,0.991,0.975,0.923,-0.903,0.988,-0.882,0.948,0.281,-0.53,-0.346,0.975,-0.99,-0.816,-0.772,-0.977,0.949,0.949,-0.948,0.951,-0.972,-0.986,0.575,-0.867,0.8,-0.993,-0.981,0.857,0.971,-0.945,0.993,-0.994,-0.651,-0.569,-0.981,-0.984,-0.7,0.867,-0.974,0.965,0.919,-0.97,0.982,0.939,-0.97,-0.653,0.995,-0.994,0.862,-0.976,0.985,-0.975,-0.96,-0.958,0.994,0.983,0.737,-0.997,0.997,0.442,-0.793,-0.995,0.876,-0.982,0.988,-0.994,-0.99,5.714,4.839,10.544,10.56,10.503,10.523,10.492,10.527,5.606,4.949,10.538,10.57,5.91,5.65,10.565,10.559,EssenceCatalog/problems/csplib-prob010-SocialGolfers/params/ca98daa6b990fccd2c53f9d58e226fc7.param
0.992,0.779,-0.921,-0.852,0.931,-0.994,-0.849,-0.726,-0.984,-0.857,0.439,0.982,0.899,-0.912,-0.855,0.753,-0.983,0.878,0.947,-0.853,-0.993,-0.592,0.35,-0.878,-0.976,-0.896,-0.971,-0.961,0.965,0.772,0.906,0.965,0.979,0.923,0.988,0.97,0.877,-0.925,0.99,-0.897,0.924,0.947,-0.965,0.201,0.965,-0.991,-0.887,-0.834,-0.984,0.826,0.942,-0.946,0.964,-0.978,-0.983,0.854,-0.938,0.836,-0.992,-0.962,0.806,0.966,-0.832,0.987,-0.995,-0.748,-0.683,-0.988,-0.988,-0.747,0.902,-0.979,0.973,0.958,-0.982,0.988,0.895,-0.952,-0.309,0.995,-0.995,0.938,-0.97,0.979,-0.976,-0.981,-0.958,0.995,0.984,0.826,-0.997,0.997,0.466,-0.465,-0.996,0.949,-0.99,0.979,-0.996,-0.986,6.972,5.497,10.609,10.569,10.464,10.517,10.494,10.551,6.433,5.667,10.605,10.619,6.684,6.636,10.597,10.631,EssenceCatalog/problems/csplib-prob010-SocialGolfers/params/5e75c1f89a82d652f50fe5e720e72461.param
0.987,0.859,-0.554,-0.899,0.787,-0.995,-0.91,-0.826,-0.982,-0.762,0.726,0.962,-0.827,-0.913,0.071,0.792,-0.97,-0.326,0.97,-0.872,-0.994,-0.744,0.855,0.539,-0.976,-0.937,-0.971,-0.975,0.974,0.899,0.908,0.906,0.977,0.583,0.991,0.974,0.934,-0.919,0.991,-0.917,0.948,0.146,0.484,0.153,0.963,-0.989,-0.868,-0.901,-0.981,0.831,0.875,-0.956,0.957,-0.97,-0.965,0.537,-0.697,0.875,-0.993,-0.97,0.877,0.98,-0.788,0.993,-0.995,-0.703,-0.712,-0.981,-0.974,-0.659,0.857,-0.97,0.971,0.935,-0.974,0.976,0.891,-0.971,-0.793,0.993,-0.993,0.788,-0.976,0.986,-0.983,-0.961,-0.961,0.994,0.988,0.709,-0.998,0.998,0.757,-0.942,-0.993,0.846,-0.974,0.986,-0.991,-0.989,5.609,4.524,10.589,10.494,10.549,10.522,10.517,10.439,5.43,4.628,10.569,10.429,5.776,5.289,10.547,10.48,EssenceCatalog/problems/csplib-prob010-SocialGolfers/params/62d0a4ced41f8b0d6b6a1fe7e3da949d.param
0.99,0.804,-0.849,-0.963,0.864,-0.995,-0.849,-0.726,-0.98,-0.804,0.512,0.973,-0.03,-0.875,-0.398,0.717,-0.98,0.445,0.961,-0.846,-0.994,-0.909,0.514,-0.182,-0.976,-0.971,-0.966,-0.957,0.969,0.949,0.887,0.93,0.977,0.829,0.99,0.973,0.916,-0.917,0.989,-0.887,0.953,0.589,-0.7,-0.321,0.976,-0.989,-0.807,-0.754,-0.977,0.952,0.939,-0.937,0.96,-0.973,-0.984,0.628,-0.885,0.81,-0.993,-0.977,0.839,0.969,-0.93,0.991,-0.994,-0.673,-0.574,-0.98,-0.985,-0.677,0.876,-0.975,0.97,0.927,-0.972,0.983,0.932,-0.967,-0.528,0.994,-0.994,0.879,-0.976,0.984,-0.974,-0.959,-0.961,0.995,0.984,0.73,-0.997,0.997,0.441,-0.743,-0.995,0.893,-0.984,0.986,-0.995,-0.99,5.964,5.019,10.546,10.562,10.482,10.508,10.472,10.527,5.8,5.134,10.547,10.586,6.08,5.868,10.561,10.574,EssenceCatalog/problems/csplib-prob010-SocialGolfers/params/bf8dd5af3710c51d91516ae8a74a238f.param
0.987,0.879,-0.36,-0.624,0.77,-0.994,-0.921,-0.878,-0.979,-0.752,0.841,0.961,-0.89,-0.919,-0.006,0.877,-0.969,-0.356,0.976,-0.902,-0.993,-0.433,0.921,0.545,-0.976,-0.84,-0.976,-0.982,0.977,0.812,0.926,0.923,0.982,0.522,0.991,0.974,0.948,-0.922,0.99,-0.921,0.93,-0.048,0.743,0.649,0.952,-0.989,-0.903,-0.937,-0.978,0.45,0.85,-0.963,0.95,-0.971,-0.952,0.548,-0.575,0.909,-0.994,-0.963,0.902,0.986,-0.582,0.993,-0.996,-0.774,-0.802,-0.983,-0.974,-0.77,0.869,-0.972,0.963,0.935,-0.975,0.973,0.866,-0.968,-0.899,0.994,-0.993,0.727,-0.976,0.984,-0.987,-0.964,-0.964,0.994,0.991,0.774,-0.998,0.997,0.882,-0.969,-0.994,0.826,-0.974,0.986,-0.99,-0.988,5.96,4.5,10.541,10.436,10.505,10.464,10.477,10.367,5.534,4.605,10.506,10.336,5.906,5.41,10.49,10.406,EssenceCatalog/problems/csplib-prob010-SocialGolfers/params/dfdf0718b09c170157b79eb142b9aacc.param
0.992,0.77,-0.913,-0.875,0.926,-0.993,-0.844,-0.724,-0.984,-0.845,0.46,0.98,0.839,-0.907,-0.805,0.741,-0.982,0.838,0.948,-0.853,-0.993,-0.682,0.353,-0.825,-0.975,-0.913,-0.969,-0.957,0.965,0.825,0.897,0.961,0.978,0.911,0.988,0.968,0.884,-0.92,0.99,-0.885,0.924,0.919,-0.949,0.111,0.967,-0.99,-0.876,-0.823,-0.984,0.848,0.941,-0.945,0.96,-0.977,-0.983,0.83,-0.929,0.826,-0.992,-0.964,0.803,0.965,-0.861,0.987,-0.995,-0.729,-0.653,-0.986,-0.987,-0.74,0.895,-0.978,0.973,0.954,-0.982,0.986,0.903,-0.951,-0.365,0.995,-0.995,0.929,-0.971,0.979,-0.974,-0.977,-0.956,0.995,0.983,0.813,-0.997,0.997,0.443,-0.494,-0.996,0.942,-0.99,0.98,-0.996,-0.986,6.828,5.447,10.596,10.566,10.458,10.51,10.479,10.548,6.352,5.607,10.595,10.618,6.603,6.548,10.591,10.621,EssenceCatalog/problems/csplib-prob010-SocialGolfers/params/850e8da2959c057e44844f57e58920d4.param
0.999,0.916,-0.974,0.943,0.988,-0.995,-0.956,-0.932,-0.981,-0.919,0.977,0.989,0.988,-0.927,-0.974,0.961,-0.988,0.992,0.981,-0.982,-0.996,0.894,0.743,-0.989,-0.985,0.751,-0.975,-0.989,0.989,-0.832,0.961,0.995,0.994,0.962,0.995,0.986,0.963,-0.902,0.985,-0.874,0.663,0.931,-0.992,0.985,0.863,-0.996,-0.986,-0.964,-0.988,-0.928,0.987,-0.983,0.965,-0.993,-0.945,0.975,-0.971,0.968,-0.998,-0.963,0.933,0.991,-0.486,0.991,-0.999,-0.965,-0.947,-0.996,-0.994,-0.975,0.967,-0.995,0.876,0.973,-0.991,0.995,0.935,-0.946,-0.967,0.999,-0.998,0.962,-0.986,0.977,-0.994,-0.993,-0.981,0.998,0.996,0.987,-0.999,0.999,0.911,-0.869,-0.997,0.988,-0.995,0.993,-0.998,-0.989,9.535,5.761,10.475,10.437,10.525,10.507,10.56,10.567,7.472,6.113,10.497,10.388,7.904,7.877,10.466,10.461,EssenceCatalog/problems/csplib-prob010-SocialGolfers/params/1b785e1a5614155441b21ad9d1ae3d7a.param
0.99,0.79,-0.875,-0.931,0.898,-0.994,-0.835,-0.711,-0.982,-0.823,0.443,0.977,0.578,-0.898,-0.672,0.725,-0.981,0.697,0.949,-0.835,-0.993,-0.808,0.434,-0.632,-0.975,-0.946,-0.969,-0.959,0.965,0.898,0.893,0.946,0.977,0.876,0.989,0.972,0.889,-0.918,0.989,-0.897,0.941,0.854,-0.885,-0.092,0.971,-0.99,-0.845,-0.8,-0.981,0.913,0.938,-0.942,0.96,-0.974,-0.984,0.757,-0.906,0.809,-0.992,-0.97,0.817,0.964,-0.884,0.99,-0.995,-0.693,-0.636,-0.984,-0.986,-0.695,0.883,-0.974,0.971,0.943,-0.977,0.985,0.912,-0.962,-0.365,0.995,-0.994,0.913,-0.971,0.981,-0.975,-0.971,-0.956,0.994,0.982,0.757,-0.997,0.997,0.437,-0.616,-0.995,0.919,-0.987,0.982,-0.995,-0.988,6.483,5.306,10.564,10.556,10.452,10.494,10.456,10.525,6.153,5.443,10.569,10.601,6.406,6.291,10.568,10.594,EssenceCatalog/problems/csplib-prob010-SocialGolfers/params/6aa553a066d64851fa907712eea34a83.param
0.99,0.791,-0.861,-0.936,0.886,-0.994,-0.849,-0.729,-0.981,-0.823,0.403,0.978,0.539,-0.897,-0.668,0.726,-0.98,0.661,0.952,-0.833,-0.993,-0.796,0.502,-0.607,-0.975,-0.949,-0.968,-0.961,0.968,0.896,0.899,0.944,0.977,0.873,0.989,0.972,0.892,-0.927,0.989,-0.906,0.948,0.866,-0.867,-0.083,0.972,-0.99,-0.84,-0.795,-0.98,0.918,0.926,-0.938,0.966,-0.974,-0.982,0.74,-0.899,0.82,-0.992,-0.967,0.813,0.966,-0.863,0.989,-0.995,-0.701,-0.638,-0.983,-0.985,-0.673,0.888,-0.974,0.974,0.944,-0.976,0.985,0.902,-0.961,-0.322,0.994,-0.994,0.91,-0.972,0.981,-0.975,-0.97,-0.958,0.995,0.984,0.745,-0.998,0.997,0.484,-0.652,-0.995,0.915,-0.986,0.981,-0.996,-0.988,6.469,5.295,10.563,10.562,10.456,10.492,10.458,10.526,6.149,5.429,10.569,10.602,6.4,6.262,10.564,10.598,EssenceCatalog/problems/csplib-prob010-SocialGolfers/params/740238fb994a878f582d5f39dd9b694d.param
0.995,0.88,-0.599,-0.867,-0.754,-0.997,0.497,-0.3,0.986,-0.459,0.809,0.989,-0.976,0.989,-0.974,0.982,-0.982,0.801,0.985,-0.429,-0.993,-0.907,0.898,-0.878,-0.994,-0.992,-0.982,-0.965,0.996,0.909,0.956,0.963,0.997,0.973,0.997,0.997,0.978,-0.941,-0.997,-0.669,0.987,-0.901,-0.888,0.926,0.984,-0.966,0.7,0.989,0.993,0.946,0.989,0.84,0.979,-0.932,-0.989,-0.954,-0.819,0.962,-0.998,-0.994,0.956,0.989,-0.944,0.998,-0.997,-0.882,-0.925,-0.995,-0.997,-0.977,0.988,-0.994,-0.971,-0.974,0.987,0.997,0.983,-0.996,-0.963,0.996,-0.998,0.708,-0.988,0.991,-0.994,-0.461,-0.985,0.997,0.997,0.895,-0.999,0.997,0.965,-0.956,-0.998,-0.966,-0.985,0.996,-0.997,-0.995,4.31,3.443,4.819,10.119,10.644,10.492,10.662,10.828,4.241,3.697,4.865,10.119,4.839,4.363,5.956,10.162,EssenceCatalog/problems/csplib-prob010-SocialGolfers/params/5ea04a0f541b85fe3595b1f7a6fbb1ed.param
0.991,0.872,-0.804,-0.981,0.827,-0.997,-0.854,-0.753,-0.978,-0.776,0.735,0.961,-0.846,-0.854,0.272,0.767,-0.984,-0.182,0.975,-0.863,-0.995,-0.973,0.684,0.688,-0.982,-0.985,-0.974,-0.964,0.975,0.981,0.889,0.907,0.981,0.745,0.993,0.984,0.95,-0.904,0.987,-0.911,0.965,-0.487,0.084,-0.693,0.98,-0.991,-0.798,-0.752,-0.974,0.976,0.967,-0.958,0.948,-0.974,-0.99,0.349,-0.871,0.821,-0.995,-0.99,0.912,0.978,-0.972,0.996,-0.996,-0.637,-0.565,-0.982,-0.986,-0.717,0.868,-0.977,0.962,0.894,-0.968,0.986,0.964,-0.981,-0.812,0.996,-0.995,0.849,-0.983,0.99,-0.978,-0.959,-0.968,0.995,0.985,0.757,-0.998,0.998,0.442,-0.89,-0.995,0.826,-0.979,0.994,-0.994,-0.994,5.114,4.423,10.543,10.535,10.572,10.566,10.557,10.522,5.154,4.528,10.517,10.529,5.505,5.098,10.572,10.519,EssenceCatalog/problems/csplib-prob010-SocialGolfers/params/f2f2d7750a887b848787d2be4c9c5346.param
0.989,0.794,-0.821,-0.823,0.905,-0.993,-0.875,-0.782,-0.985,-0.824,0.437,0.978,0.709,-0.931,-0.778,0.75,-0.978,0.702,0.947,-0.847,-0.992,-0.435,0.616,-0.746,-0.972,-0.859,-0.969,-0.967,0.967,0.739,0.911,0.951,0.975,0.875,0.988,0.968,0.877,-0.931,0.992,-0.916,0.929,0.94,-0.864,0.339,0.962,-0.99,-0.891,-0.886,-0.986,0.741,0.886,-0.95,0.965,-0.974,-0.975,0.825,-0.88,0.842,-0.99,-0.947,0.795,0.967,-0.645,0.986,-0.995,-0.729,-0.718,-0.984,-0.982,-0.683,0.889,-0.972,0.977,0.961,-0.983,0.983,0.822,-0.95,-0.278,0.994,-0.993,0.912,-0.966,0.977,-0.977,-0.978,-0.955,0.994,0.984,0.771,-0.997,0.997,0.634,-0.689,-0.994,0.937,-0.987,0.973,-0.995,-0.986,6.995,5.42,10.58,10.523,10.44,10.464,10.458,10.491,6.425,5.58,10.575,10.553,6.682,6.537,10.548,10.576,EssenceCatalog/problems/csplib-prob010-SocialGolfers/params/ef3593821cdedb499b8f11bf7f0cb732.param
0.988,0.88,-0.344,-0.565,0.75,-0.994,-0.911,-0.881,-0.972,-0.744,0.856,0.96,-0.91,-0.89,-0.022,0.893,-0.97,-0.337,0.977,-0.906,-0.994,-0.478,0.925,0.545,-0.977,-0.85,-0.976,-0.982,0.977,0.825,0.928,0.923,0.984,0.532,0.992,0.974,0.954,-0.918,0.985,-0.908,0.93,-0.201,0.756,0.708,0.955,-0.989,-0.898,-0.925,-0.97,0.429,0.862,-0.957,0.948,-0.971,-0.951,0.51,-0.559,0.909,-0.994,-0.965,0.907,0.988,-0.628,0.994,-0.996,-0.777,-0.799,-0.984,-0.976,-0.807,0.883,-0.973,0.952,0.924,-0.969,0.972,0.875,-0.968,-0.917,0.994,-0.994,0.699,-0.977,0.985,-0.987,-0.962,-0.965,0.995,0.992,0.783,-0.998,0.997,0.889,-0.971,-0.994,0.801,-0.974,0.986,-0.991,-0.988,5.929,4.472,10.512,10.443,10.503,10.467,10.482,10.384,5.499,4.577,10.476,10.346,5.877,5.397,10.476,10.41,EssenceCatalog/problems/csplib-prob010-SocialGolfers/params/b875c49078182b15032527744c7d208d.param
0.986,0.904,-0.486,-0.876,0.752,-0.996,-0.94,-0.824,-0.98,-0.796,0.847,0.96,-0.943,-0.934,0.502,0.777,-0.961,-0.603,0.976,-0.89,-0.994,-0.538,0.911,0.767,-0.982,-0.928,-0.973,-0.985,0.978,0.826,0.929,0.897,0.982,0.236,0.993,0.983,0.953,-0.913,0.989,-0.925,0.953,-0.233,0.864,0.244,0.959,-0.991,-0.903,-0.928,-0.981,0.778,0.87,-0.96,0.959,-0.974,-0.938,0.515,-0.624,0.916,-0.994,-0.976,0.926,0.983,-0.737,0.994,-0.997,-0.772,-0.828,-0.984,-0.972,-0.68,0.825,-0.97,0.965,0.931,-0.972,0.981,0.912,-0.982,-0.9,0.994,-0.994,0.762,-0.98,0.99,-0.99,-0.958,-0.971,0.994,0.991,0.746,-0.999,0.998,0.81,-0.973,-0.995,0.809,-0.971,0.99,-0.99,-0.991,5.478,4.308,10.576,10.402,10.56,10.501,10.509,10.361,5.261,4.427,10.548,10.313,5.633,5.068,10.524,10.389,EssenceCatalog/problems/csplib-prob010-SocialGolfers/params/19478838a295f8b77e55d35798306128.param
0.99,0.895,-0.959,-0.79,-0.735,-0.912,-0.925,0.809,0.985,-0.824,0.927,0.969,-0.981,0.954,0.907,0.725,0.839,0.784,0.974,-0.944,-0.993,0.737,-0.292,-0.587,-0.984,-0.978,0.614,-0.954,0.984,-0.811,0.931,0.611,0.993,-0.874,0.997,0.989,0.976,-0.325,-0.984,0.94,0.942,-0.97,0.947,0.955,0.986,-0.635,-0.239,0.953,0.982,0.918,0.778,0.973,0.967,-0.961,0.944,-0.849,-0.413,0.977,-0.996,-0.907,0.967,0.961,-0.935,0.8,-0.992,-0.975,-0.959,-0.604,-0.981,-0.886,0.891,-0.97,-0.958,-0.92,0.983,0.954,0.987,-0.989,-0.989,0.764,-0.997,-0.607,-0.983,0.987,-0.991,0.968,-0.986,0.996,0.988,0.779,-0.997,0.995,0.856,-0.964,-0.993,-0.824,-0.971,0.954,-0.976,-0.972,3.581,2.229,3.033,7.214,9.065,8.459,8.981,8.942,3.117,2.621,3.175,7.171,3.76,3.159,4.1,7.419,EssenceCatalog/problems/csplib-prob010-SocialGolfers/params/ord18-6-7-4.param
0.99,0.798,-0.846,-0.949,0.877,-0.994,-0.848,-0.732,-0.981,-0.806,0.46,0.975,0.275,-0.894,-0.541,0.724,-0.98,0.547,0.955,-0.839,-0.994,-0.855,0.522,-0.396,-0.975,-0.959,-0.968,-0.959,0.968,0.924,0.891,0.936,0.976,0.848,0.99,0.973,0.902,-0.922,0.99,-0.901,0.949,0.766,-0.79,-0.19,0.973,-0.989,-0.828,-0.792,-0.98,0.932,0.932,-0.941,0.962,-0.973,-0.983,0.693,-0.885,0.81,-0.992,-0.972,0.824,0.967,-0.895,0.991,-0.994,-0.681,-0.613,-0.982,-0.985,-0.664,0.879,-0.973,0.973,0.938,-0.975,0.983,0.914,-0.965,-0.42,0.994,-0.994,0.896,-0.973,0.983,-0.975,-0.967,-0.958,0.994,0.983,0.732,-0.997,0.997,0.462,-0.708,-0.995,0.905,-0.985,0.983,-0.995,-0.989,6.237,5.167,10.564,10.564,10.469,10.5,10.465,10.525,5.991,5.292,10.568,10.595,6.256,6.077,10.567,10.588,EssenceCatalog/problems/csplib-prob010-SocialGolfers/params/d979222e2e5a2a16590572712cc0cf3a.param
0.99,0.816,-0.822,-0.955,0.865,-0.995,-0.836,-0.722,-0.978,-0.771,0.632,0.966,-0.365,-0.867,-0.224,0.736,-0.98,0.312,0.963,-0.855,-0.994,-0.927,0.537,0.1,-0.975,-0.969,-0.968,-0.955,0.967,0.955,0.875,0.923,0.977,0.785,0.99,0.974,0.922,-0.898,0.988,-0.872,0.944,0.238,-0.518,-0.307,0.974,-0.99,-0.823,-0.783,-0.977,0.943,0.95,-0.95,0.947,-0.972,-0.985,0.589,-0.865,0.797,-0.993,-0.981,0.857,0.97,-0.946,0.993,-0.994,-0.649,-0.567,-0.981,-0.984,-0.706,0.863,-0.974,0.963,0.92,-0.971,0.981,0.939,-0.969,-0.676,0.995,-0.994,0.859,-0.976,0.985,-0.974,-0.96,-0.957,0.994,0.982,0.742,-0.997,0.997,0.436,-0.792,-0.995,0.881,-0.982,0.988,-0.994,-0.99,5.717,4.831,10.541,10.551,10.499,10.521,10.49,10.524,5.6,4.942,10.535,10.563,5.907,5.653,10.564,10.552,EssenceCatalog/problems/csplib-prob010-SocialGolfers/params/b289c74aa4efe58e9810533963a60db6.param
0.992,0.878,-0.809,-0.984,0.816,-0.997,-0.859,-0.778,-0.979,-0.761,0.77,0.957,-0.91,-0.844,0.418,0.789,-0.986,-0.316,0.98,-0.876,-0.996,-0.982,0.727,0.808,-0.984,-0.988,-0.976,-0.963,0.976,0.987,0.89,0.906,0.983,0.757,0.994,0.985,0.961,-0.91,0.987,-0.916,0.968,-0.736,0.274,-0.793,0.981,-0.991,-0.776,-0.753,-0.972,0.981,0.973,-0.962,0.943,-0.976,-0.992,0.231,-0.878,0.83,-0.996,-0.992,0.927,0.982,-0.981,0.997,-0.995,-0.625,-0.518,-0.982,-0.988,-0.726,0.871,-0.98,0.962,0.885,-0.971,0.986,0.971,-0.982,-0.871,0.996,-0.995,0.844,-0.985,0.991,-0.976,-0.96,-0.971,0.995,0.986,0.787,-0.998,0.998,0.428,-0.912,-0.996,0.817,-0.978,0.995,-0.995,-0.994,4.967,4.317,10.533,10.525,10.585,10.57,10.574,10.528,5.036,4.42,10.502,10.521,5.394,4.96,10.563,10.511,EssenceCatalog/problems/csplib-prob010-SocialGolfers/params/bde9137e05f3a0e1991fad0bc6611641.param
0.999,0.938,-0.952,0.835,0.719,-0.995,-0.888,-0.809,0.909,-0.931,0.935,0.995,0.778,0.906,-0.992,0.991,-0.963,0.987,0.991,-0.972,-0.997,0.885,0.953,-0.991,-0.997,-0.349,-0.96,-0.99,0.997,-0.771,0.979,0.991,0.997,0.977,0.999,0.996,0.991,-0.975,-0.981,-0.788,0.983,0.683,-0.984,0.992,0.978,-0.975,-0.774,0.915,0.967,-0.46,0.978,0.078,0.99,-0.993,-0.482,0.252,-0.968,0.989,-0.999,-0.972,0.984,0.997,0.168,0.996,-0.999,-0.988,-0.977,-0.994,-0.997,-0.991,0.996,-0.999,-0.877,-0.209,0.746,0.997,0.927,-0.972,-0.985,0.993,-1.0,0.939,-0.993,0.991,-0.998,-0.84,-0.991,0.999,0.999,0.976,-0.999,0.996,0.985,-0.98,-0.998,0.499,-0.996,0.99,-0.998,-0.995,7.98,4.678,6.853,9.815,10.42,10.196,10.423,10.369,6.232,5.148,6.936,9.773,6.866,6.658,7.623,9.738,EssenceCatalog/problems/csplib-prob010-SocialGolfers/params/5023a4d1dbbe1f2ab499fbe287197fd4.param
0.992,0.778,-0.92,-0.856,0.93,-0.993,-0.842,-0.719,-0.984,-0.852,0.46,0.981,0.887,-0.911,-0.843,0.752,-0.983,0.873,0.946,-0.853,-0.993,-0.625,0.326,-0.871,-0.976,-0.901,-0.971,-0.96,0.964,0.789,0.903,0.964,0.979,0.921,0.988,0.969,0.877,-0.92,0.99,-0.891,0.921,0.938,-0.962,0.188,0.965,-0.991,-0.884,-0.832,-0.984,0.83,0.945,-0.946,0.961,-0.978,-0.984,0.848,-0.937,0.833,-0.992,-0.963,0.805,0.965,-0.849,0.987,-0.995,-0.74,-0.678,-0.987,-0.988,-0.75,0.899,-0.978,0.972,0.956,-0.982,0.987,0.902,-0.954,-0.338,0.995,-0.995,0.936,-0.97,0.978,-0.976,-0.98,-0.957,0.995,0.983,0.825,-0.997,0.997,0.451,-0.46,-0.996,0.946,-0.99,0.98,-0.996,-0.986,6.934,5.484,10.604,10.568,10.461,10.516,10.489,10.55,6.41,5.652,10.601,10.618,6.662,6.618,10.595,10.627,EssenceCatalog/problems/csplib-prob010-SocialGolfers/params/69825952a71980bdeff1ed94931fb77c.param
0.992,0.782,-0.912,-0.907,0.918,-0.994,-0.829,-0.708,-0.982,-0.848,0.423,0.98,0.82,-0.901,-0.802,0.74,-0.983,0.831,0.946,-0.84,-0.993,-0.738,0.338,-0.819,-0.977,-0.931,-0.971,-0.959,0.964,0.857,0.9,0.96,0.978,0.913,0.989,0.971,0.881,-0.921,0.988,-0.897,0.935,0.919,-0.951,0.005,0.969,-0.99,-0.864,-0.797,-0.982,0.889,0.947,-0.942,0.962,-0.976,-0.986,0.814,-0.933,0.822,-0.992,-0.969,0.809,0.964,-0.876,0.989,-0.995,-0.72,-0.66,-0.987,-0.988,-0.736,0.898,-0.977,0.971,0.949,-0.979,0.988,0.912,-0.959,-0.32,0.995,-0.994,0.932,-0.971,0.98,-0.975,-0.977,-0.957,0.995,0.982,0.799,-0.997,0.997,0.416,-0.481,-0.996,0.933,-0.989,0.981,-0.996,-0.988,6.727,5.429,10.579,10.566,10.453,10.505,10.469,10.538,6.305,5.583,10.58,10.619,6.552,6.492,10.582,10.618,EssenceCatalog/problems/csplib-prob010-SocialGolfers/params/5699510b552c696573352b932384014d.param
0.991,0.781,-0.89,-0.934,0.9,-0.994,-0.827,-0.703,-0.981,-0.819,0.484,0.976,0.538,-0.888,-0.645,0.722,-0.982,0.704,0.952,-0.843,-0.993,-0.849,0.381,-0.612,-0.975,-0.952,-0.968,-0.954,0.965,0.914,0.886,0.948,0.977,0.878,0.989,0.97,0.896,-0.911,0.989,-0.878,0.938,0.799,-0.885,-0.151,0.972,-0.99,-0.841,-0.779,-0.981,0.92,0.946,-0.941,0.957,-0.974,-0.985,0.744,-0.911,0.808,-0.992,-0.973,0.818,0.964,-0.915,0.99,-0.995,-0.688,-0.603,-0.983,-0.986,-0.717,0.883,-0.976,0.969,0.938,-0.976,0.985,0.926,-0.96,-0.455,0.995,-0.994,0.908,-0.973,0.982,-0.973,-0.968,-0.956,0.995,0.982,0.768,-0.997,0.997,0.392,-0.588,-0.995,0.917,-0.987,0.984,-0.995,-0.988,6.414,5.278,10.557,10.557,10.453,10.498,10.458,10.534,6.103,5.415,10.56,10.606,6.36,6.259,10.569,10.593,EssenceCatalog/problems/csplib-prob010-SocialGolfers/params/e3213a2d32626b36839bdd953fb66825.param
0.992,0.889,-0.437,0.185,0.846,-0.993,-0.938,-0.93,-0.983,-0.833,0.873,0.973,-0.549,-0.933,-0.608,0.93,-0.97,0.255,0.978,-0.935,-0.995,0.416,0.944,-0.206,-0.978,-0.359,-0.977,-0.989,0.985,0.369,0.95,0.955,0.986,0.732,0.992,0.972,0.958,-0.949,0.991,-0.929,0.919,0.67,0.421,0.912,0.945,-0.992,-0.94,-0.959,-0.979,-0.43,0.804,-0.965,0.962,-0.98,-0.924,0.772,-0.614,0.944,-0.995,-0.94,0.914,0.99,0.11,0.992,-0.997,-0.862,-0.876,-0.988,-0.978,-0.854,0.923,-0.98,0.965,0.957,-0.982,0.978,0.757,-0.957,-0.891,0.995,-0.995,0.791,-0.978,0.982,-0.99,-0.973,-0.97,0.996,0.994,0.87,-0.998,0.998,0.945,-0.972,-0.995,0.902,-0.984,0.979,-0.992,-0.987,7.674,5.03,10.415,10.292,10.416,10.336,10.386,10.266,6.429,5.217,10.374,10.205,6.848,6.44,10.332,10.269,EssenceCatalog/problems/csplib-prob010-SocialGolfers/params/b1e9a72c737c4cae9365f597007789fc.param
0.988,0.841,-0.666,-0.931,0.823,-0.994,-0.866,-0.779,-0.98,-0.734,0.715,0.959,-0.741,-0.884,0.017,0.781,-0.977,-0.099,0.967,-0.866,-0.993,-0.894,0.735,0.477,-0.974,-0.958,-0.971,-0.961,0.966,0.949,0.886,0.907,0.976,0.68,0.99,0.972,0.928,-0.896,0.99,-0.896,0.939,-0.081,0.097,-0.087,0.968,-0.989,-0.838,-0.859,-0.978,0.902,0.929,-0.958,0.943,-0.968,-0.981,0.519,-0.773,0.82,-0.993,-0.977,0.866,0.975,-0.913,0.993,-0.994,-0.653,-0.617,-0.979,-0.979,-0.684,0.849,-0.971,0.964,0.922,-0.973,0.976,0.919,-0.969,-0.768,0.994,-0.992,0.796,-0.974,0.984,-0.977,-0.961,-0.956,0.993,0.984,0.706,-0.997,0.997,0.627,-0.9,-0.993,0.858,-0.975,0.988,-0.992,-0.989,5.478,4.559,10.543,10.51,10.517,10.516,10.501,10.478,5.38,4.66,10.527,10.481,5.718,5.321,10.543,10.495,EssenceCatalog/problems/csplib-prob010-SocialGolfers/params/c9e8e34332d389b6896ad2d11438f171.param
0.99,0.95,-0.957,-0.68,-0.405,-0.974,-0.886,0.859,0.989,-0.866,0.967,0.973,-0.971,0.958,0.834,0.754,0.614,0.887,0.963,-0.937,-0.994,0.834,-0.429,-0.756,-0.988,-0.96,0.213,-0.982,0.982,-0.878,0.941,0.693,0.995,-0.863,0.997,0.996,0.976,-0.204,-0.995,0.884,0.934,-0.951,0.907,0.955,0.985,-0.827,-0.645,0.947,0.981,0.872,0.941,0.946,0.962,-0.964,0.831,-0.755,-0.555,0.972,-0.997,-0.97,0.983,0.963,-0.916,0.939,-0.998,-0.975,-0.984,-0.908,-0.982,-0.939,0.877,-0.972,-0.983,-0.917,0.989,0.991,0.988,-0.997,-0.99,0.964,-0.998,-0.1,-0.987,0.993,-0.997,0.901,-0.985,0.996,0.988,0.844,-0.999,0.998,0.815,-0.956,-0.996,-0.841,-0.977,0.984,-0.985,-0.989,4.006,2.464,3.422,7.548,9.37,8.848,9.286,9.136,3.406,2.898,3.583,7.516,4.085,3.537,4.508,7.724,EssenceCatalog/problems/csplib-prob010-SocialGolfers/params/c04df57f583c352e986b7b4e43445143.param
0.996,0.797,-0.936,0.257,0.966,-0.991,-0.859,-0.767,-0.977,-0.807,0.904,0.975,0.863,-0.866,-0.84,0.877,-0.981,0.952,0.965,-0.949,-0.994,-0.236,0.35,-0.898,-0.973,-0.546,-0.967,-0.957,0.969,0.294,0.898,0.977,0.988,0.901,0.991,0.963,0.928,-0.833,0.985,-0.664,0.736,0.626,-0.956,0.887,0.936,-0.993,-0.945,-0.916,-0.983,-0.205,0.969,-0.967,0.92,-0.985,-0.97,0.908,-0.922,0.879,-0.995,-0.965,0.863,0.977,-0.896,0.987,-0.996,-0.863,-0.766,-0.99,-0.989,-0.904,0.906,-0.987,0.904,0.951,-0.985,0.983,0.942,-0.938,-0.913,0.998,-0.996,0.897,-0.976,0.976,-0.982,-0.98,-0.951,0.996,0.985,0.939,-0.997,0.997,0.637,-0.7,-0.996,0.968,-0.991,0.989,-0.996,-0.982,8.053,5.512,10.512,10.491,10.467,10.524,10.496,10.6,6.782,5.778,10.516,10.51,7.16,7.213,10.522,10.514,EssenceCatalog/problems/csplib-prob010-SocialGolfers/params/c1f2b368b0d2fef178b4a08e1af97be9.param
0.989,0.78,-0.837,-0.913,0.888,-0.993,-0.841,-0.721,-0.98,-0.78,0.556,0.97,0.201,-0.886,-0.503,0.724,-0.977,0.562,0.955,-0.853,-0.993,-0.837,0.487,-0.366,-0.971,-0.945,-0.964,-0.953,0.964,0.906,0.877,0.934,0.975,0.818,0.989,0.968,0.903,-0.902,0.99,-0.86,0.929,0.665,-0.746,0.014,0.968,-0.989,-0.852,-0.818,-0.98,0.888,0.929,-0.945,0.95,-0.972,-0.979,0.712,-0.868,0.804,-0.992,-0.969,0.82,0.966,-0.901,0.989,-0.994,-0.675,-0.596,-0.981,-0.982,-0.699,0.865,-0.973,0.966,0.939,-0.975,0.979,0.913,-0.957,-0.554,0.994,-0.993,0.875,-0.971,0.981,-0.973,-0.964,-0.951,0.994,0.982,0.754,-0.997,0.997,0.468,-0.71,-0.994,0.912,-0.984,0.983,-0.994,-0.986,6.272,5.132,10.548,10.542,10.458,10.495,10.459,10.521,5.976,5.26,10.549,10.571,6.252,6.093,10.554,10.563,EssenceCatalog/problems/csplib-prob010-SocialGolfers/params/616800489c12892c66cdc9a6003d598c.param
0.991,0.82,-0.86,-0.966,0.867,-0.995,-0.822,-0.691,-0.978,-0.798,0.582,0.971,-0.143,-0.867,-0.34,0.724,-0.983,0.444,0.96,-0.844,-0.994,-0.93,0.462,-0.14,-0.977,-0.974,-0.97,-0.956,0.968,0.957,0.883,0.931,0.978,0.826,0.99,0.976,0.915,-0.903,0.987,-0.882,0.951,0.455,-0.694,-0.385,0.977,-0.99,-0.807,-0.74,-0.977,0.958,0.956,-0.941,0.954,-0.972,-0.988,0.611,-0.891,0.8,-0.993,-0.983,0.855,0.967,-0.949,0.993,-0.995,-0.663,-0.592,-0.982,-0.986,-0.707,0.871,-0.975,0.963,0.915,-0.969,0.985,0.945,-0.972,-0.592,0.996,-0.994,0.881,-0.977,0.985,-0.976,-0.96,-0.96,0.995,0.982,0.737,-0.998,0.997,0.388,-0.728,-0.995,0.879,-0.984,0.989,-0.995,-0.991,5.868,4.965,10.535,10.564,10.495,10.523,10.481,10.532,5.725,5.08,10.535,10.589,6.014,5.811,10.563,10.572,EssenceCatalog/problems/csplib-prob010-SocialGolfers/params/79c77d3bfee27ad9c851bcb688e297d5.param
0.994,0.814,-0.912,0.067,0.964,-0.992,-0.892,-0.827,-0.986,-0.842,0.787,0.981,0.941,-0.937,-0.908,0.851,-0.981,0.937,0.956,-0.925,-0.993,0.3,0.514,-0.94,-0.976,-0.38,-0.97,-0.971,0.971,0.09,0.926,0.977,0.985,0.922,0.989,0.968,0.902,-0.911,0.993,-0.859,0.818,0.951,-0.96,0.857,0.94,-0.994,-0.954,-0.939,-0.99,-0.172,0.935,-0.966,0.954,-0.983,-0.968,0.932,-0.924,0.895,-0.994,-0.941,0.848,0.976,-0.605,0.984,-0.996,-0.849,-0.825,-0.991,-0.988,-0.855,0.91,-0.983,0.96,0.972,-0.99,0.986,0.85,-0.936,-0.688,0.997,-0.995,0.927,-0.971,0.974,-0.984,-0.987,-0.957,0.996,0.987,0.915,-0.997,0.997,0.734,-0.668,-0.996,0.974,-0.992,0.981,-0.996,-0.983,8.374,5.621,10.528,10.437,10.457,10.463,10.478,10.504,6.995,5.908,10.529,10.44,7.355,7.317,10.486,10.477,EssenceCatalog/problems/csplib-prob010-SocialGolfers/params/25512f530a924c8b61e0621af65ef893.param
0.982,0.918,-0.947,-0.601,-0.499,-0.918,-0.933,0.876,0.981,-0.83,0.942,0.95,-0.959,0.897,0.941,0.552,0.869,0.803,0.939,-0.932,-0.988,0.914,-0.42,-0.595,-0.975,-0.941,0.642,-0.965,0.969,-0.937,0.916,0.443,0.986,-0.944,0.994,0.99,0.955,-0.134,-0.984,0.927,0.901,-0.924,0.962,0.948,0.968,-0.684,-0.659,0.902,0.964,0.819,0.799,0.948,0.949,-0.948,0.959,-0.661,-0.321,0.964,-0.992,-0.896,0.97,0.922,-0.854,0.771,-0.994,-0.97,-0.977,-0.734,-0.959,-0.863,0.776,-0.941,-0.962,-0.873,0.98,0.962,0.975,-0.99,-0.983,0.823,-0.995,-0.292,-0.975,0.983,-0.992,0.937,-0.976,0.992,0.976,0.786,-0.998,0.995,0.767,-0.938,-0.988,-0.748,-0.954,0.959,-0.953,-0.966,3.759,2.249,3.103,6.995,8.867,8.3,8.787,8.656,3.164,2.662,3.264,6.953,3.813,3.26,4.136,7.166,EssenceCatalog/problems/csplib-prob010-SocialGolfers/params/ord25-3-8-5.param
0.992,0.781,-0.913,-0.911,0.917,-0.994,-0.836,-0.725,-0.983,-0.853,0.403,0.981,0.834,-0.906,-0.814,0.743,-0.984,0.829,0.948,-0.839,-0.993,-0.729,0.361,-0.826,-0.977,-0.931,-0.972,-0.96,0.966,0.857,0.902,0.961,0.978,0.919,0.989,0.971,0.882,-0.927,0.989,-0.905,0.938,0.929,-0.954,-0.02,0.969,-0.99,-0.863,-0.799,-0.982,0.891,0.945,-0.942,0.964,-0.976,-0.986,0.817,-0.935,0.825,-0.992,-0.968,0.805,0.965,-0.866,0.989,-0.995,-0.72,-0.656,-0.986,-0.988,-0.731,0.902,-0.978,0.974,0.951,-0.98,0.988,0.907,-0.957,-0.295,0.995,-0.995,0.935,-0.972,0.98,-0.975,-0.977,-0.958,0.995,0.983,0.8,-0.997,0.997,0.435,-0.483,-0.996,0.934,-0.989,0.98,-0.996,-0.988,6.74,5.44,10.589,10.574,10.458,10.508,10.475,10.544,6.319,5.593,10.59,10.628,6.563,6.497,10.59,10.627,EssenceCatalog/problems/csplib-prob010-SocialGolfers/params/ac56fb68a4e79bab42cc69f33a64b262.param
0.99,0.8,-0.844,-0.947,0.877,-0.994,-0.841,-0.719,-0.981,-0.802,0.488,0.974,0.224,-0.889,-0.523,0.723,-0.98,0.542,0.954,-0.839,-0.993,-0.862,0.505,-0.382,-0.974,-0.958,-0.968,-0.958,0.967,0.926,0.888,0.935,0.976,0.842,0.989,0.972,0.9,-0.915,0.989,-0.894,0.946,0.733,-0.777,-0.178,0.972,-0.989,-0.829,-0.793,-0.979,0.93,0.935,-0.941,0.959,-0.972,-0.984,0.69,-0.884,0.808,-0.992,-0.973,0.826,0.966,-0.902,0.991,-0.994,-0.672,-0.614,-0.982,-0.984,-0.678,0.876,-0.973,0.97,0.935,-0.974,0.984,0.918,-0.965,-0.456,0.995,-0.994,0.891,-0.973,0.983,-0.975,-0.966,-0.957,0.994,0.983,0.732,-0.997,0.997,0.458,-0.707,-0.995,0.903,-0.984,0.984,-0.995,-0.989,6.211,5.146,10.556,10.56,10.469,10.502,10.464,10.524,5.965,5.27,10.56,10.59,6.234,6.058,10.563,10.582,EssenceCatalog/problems/csplib-prob010-SocialGolfers/params/b141507e9c383709c32116f5e3b17a6b.param
0.989,0.779,-0.826,-0.806,0.911,-0.992,-0.862,-0.758,-0.984,-0.796,0.512,0.974,0.624,-0.919,-0.712,0.744,-0.976,0.705,0.946,-0.858,-0.992,-0.549,0.533,-0.683,-0.969,-0.874,-0.965,-0.959,0.963,0.783,0.894,0.947,0.975,0.85,0.987,0.963,0.88,-0.913,0.992,-0.884,0.911,0.883,-0.842,0.37,0.961,-0.99,-0.887,-0.88,-0.985,0.733,0.902,-0.949,0.954,-0.974,-0.975,0.813,-0.87,0.825,-0.991,-0.951,0.796,0.965,-0.765,0.986,-0.994,-0.719,-0.68,-0.983,-0.981,-0.698,0.869,-0.972,0.972,0.957,-0.982,0.979,0.854,-0.947,-0.416,0.994,-0.993,0.893,-0.965,0.976,-0.974,-0.975,-0.949,0.994,0.982,0.776,-0.997,0.997,0.583,-0.68,-0.994,0.937,-0.986,0.976,-0.994,-0.984,6.87,5.362,10.564,10.515,10.432,10.466,10.447,10.496,6.335,5.515,10.561,10.547,6.599,6.479,10.543,10.559,EssenceCatalog/problems/csplib-prob010-SocialGolfers/params/7aff1bc362fdd016a8b2a3a65d0911e7.param
0.988,0.791,-0.787,-0.821,0.896,-0.992,-0.833,-0.702,-0.978,-0.729,0.725,0.96,-0.131,-0.883,-0.306,0.742,-0.973,0.484,0.953,-0.877,-0.992,-0.794,0.497,-0.17,-0.967,-0.916,-0.963,-0.95,0.956,0.872,0.863,0.924,0.975,0.713,0.987,0.963,0.902,-0.854,0.99,-0.8,0.881,0.324,-0.525,0.339,0.96,-0.989,-0.877,-0.876,-0.982,0.773,0.93,-0.955,0.921,-0.97,-0.975,0.73,-0.813,0.799,-0.992,-0.968,0.837,0.964,-0.905,0.988,-0.994,-0.679,-0.635,-0.98,-0.978,-0.722,0.829,-0.969,0.951,0.936,-0.976,0.973,0.915,-0.957,-0.748,0.995,-0.992,0.814,-0.968,0.979,-0.973,-0.962,-0.942,0.993,0.978,0.766,-0.996,0.997,0.516,-0.785,-0.993,0.914,-0.979,0.985,-0.991,-0.984,6.19,4.956,10.512,10.485,10.446,10.485,10.447,10.487,5.837,5.082,10.508,10.496,6.147,5.971,10.525,10.494,EssenceCatalog/problems/csplib-prob010-SocialGolfers/params/a6c6f8ec8fdb0b980c6dc161c7b8a698.param
0.992,0.78,-0.916,-0.884,0.925,-0.994,-0.835,-0.714,-0.984,-0.849,0.443,0.98,0.859,-0.909,-0.822,0.747,-0.983,0.851,0.946,-0.846,-0.993,-0.686,0.335,-0.844,-0.976,-0.916,-0.972,-0.959,0.964,0.827,0.901,0.962,0.979,0.917,0.988,0.97,0.878,-0.92,0.989,-0.896,0.928,0.929,-0.957,0.091,0.967,-0.991,-0.874,-0.821,-0.983,0.862,0.947,-0.945,0.961,-0.977,-0.985,0.833,-0.934,0.824,-0.992,-0.967,0.808,0.964,-0.862,0.988,-0.995,-0.727,-0.667,-0.987,-0.988,-0.739,0.897,-0.978,0.972,0.953,-0.981,0.987,0.906,-0.957,-0.325,0.995,-0.994,0.934,-0.971,0.979,-0.976,-0.979,-0.957,0.995,0.982,0.81,-0.997,0.997,0.43,-0.477,-0.996,0.941,-0.989,0.981,-0.996,-0.987,6.827,5.457,10.594,10.568,10.457,10.511,10.479,10.544,6.357,5.617,10.593,10.62,6.607,6.553,10.591,10.623,EssenceCatalog/problems/csplib-prob010-SocialGolfers/params/49b5cca66a213ae6dcfe695a2ff2f02c.param
0.992,0.876,-0.811,-0.986,0.826,-0.997,-0.88,-0.8,-0.98,-0.76,0.763,0.954,-0.922,-0.851,0.481,0.778,-0.985,-0.433,0.982,-0.881,-0.996,-0.984,0.758,0.862,-0.985,-0.989,-0.974,-0.962,0.978,0.988,0.89,0.902,0.981,0.75,0.994,0.985,0.965,-0.92,0.988,-0.918,0.971,-0.786,0.385,-0.851,0.982,-0.991,-0.759,-0.748,-0.971,0.984,0.97,-0.964,0.949,-0.978,-0.991,0.185,-0.888,0.837,-0.996,-0.992,0.932,0.984,-0.981,0.997,-0.995,-0.614,-0.473,-0.978,-0.987,-0.707,0.871,-0.982,0.965,0.888,-0.973,0.985,0.971,-0.981,-0.88,0.995,-0.995,0.844,-0.986,0.991,-0.976,-0.958,-0.972,0.996,0.987,0.796,-0.998,0.997,0.426,-0.924,-0.996,0.818,-0.979,0.995,-0.995,-0.995,4.896,4.27,10.529,10.507,10.578,10.557,10.568,10.514,4.984,4.371,10.497,10.502,5.343,4.883,10.552,10.494,EssenceCatalog/problems/csplib-prob010-SocialGolfers/params/261b280715da6483a7654f8b6e313807.param
0.986,0.821,-0.616,-0.879,0.819,-0.994,-0.89,-0.821,-0.982,-0.762,0.586,0.967,-0.464,-0.911,-0.351,0.784,-0.973,0.03,0.962,-0.856,-0.993,-0.701,0.807,0.084,-0.971,-0.923,-0.969,-0.969,0.972,0.882,0.904,0.92,0.975,0.734,0.99,0.967,0.912,-0.926,0.992,-0.917,0.942,0.613,-0.119,0.244,0.963,-0.988,-0.86,-0.89,-0.981,0.81,0.859,-0.95,0.961,-0.969,-0.969,0.633,-0.75,0.853,-0.991,-0.959,0.832,0.976,-0.733,0.99,-0.994,-0.692,-0.678,-0.98,-0.975,-0.644,0.872,-0.969,0.974,0.944,-0.976,0.975,0.853,-0.959,-0.622,0.993,-0.992,0.827,-0.972,0.982,-0.978,-0.966,-0.954,0.993,0.987,0.692,-0.997,0.997,0.731,-0.892,-0.993,0.88,-0.978,0.979,-0.992,-0.987,6.057,4.857,10.573,10.536,10.503,10.497,10.48,10.469,5.78,4.962,10.566,10.498,6.081,5.714,10.536,10.53,EssenceCatalog/problems/csplib-prob010-SocialGolfers/params/089303e846ad68486a33318f2ece7bdd.param
0.986,0.856,-0.503,-0.827,0.806,-0.994,-0.912,-0.851,-0.984,-0.775,0.72,0.963,-0.75,-0.928,-0.131,0.816,-0.97,-0.255,0.968,-0.874,-0.993,-0.57,0.879,0.39,-0.974,-0.895,-0.973,-0.978,0.975,0.844,0.916,0.917,0.977,0.614,0.99,0.972,0.928,-0.927,0.992,-0.927,0.943,0.423,0.422,0.372,0.958,-0.99,-0.887,-0.923,-0.983,0.704,0.844,-0.96,0.958,-0.97,-0.961,0.617,-0.676,0.885,-0.992,-0.962,0.873,0.98,-0.638,0.992,-0.996,-0.718,-0.75,-0.983,-0.972,-0.677,0.865,-0.97,0.974,0.945,-0.977,0.976,0.854,-0.967,-0.767,0.993,-0.992,0.805,-0.974,0.984,-0.985,-0.967,-0.96,0.994,0.989,0.718,-0.998,0.998,0.807,-0.944,-0.993,0.862,-0.976,0.983,-0.991,-0.989,5.946,4.655,10.604,10.497,10.537,10.507,10.502,10.419,5.632,4.761,10.583,10.421,5.97,5.498,10.544,10.482,EssenceCatalog/problems/csplib-prob010-SocialGolfers/params/03d7f05bd45d4b96817ca6886fcae5e6.param
0.991,0.789,-0.899,-0.935,0.905,-0.994,-0.825,-0.699,-0.982,-0.835,0.436,0.979,0.673,-0.893,-0.716,0.727,-0.983,0.757,0.949,-0.836,-0.993,-0.82,0.364,-0.71,-0.976,-0.95,-0.97,-0.957,0.965,0.902,0.894,0.953,0.978,0.895,0.989,0.972,0.888,-0.917,0.988,-0.895,0.941,0.868,-0.921,-0.137,0.972,-0.99,-0.843,-0.777,-0.981,0.921,0.948,-0.94,0.96,-0.975,-0.987,0.77,-0.922,0.812,-0.992,-0.973,0.816,0.963,-0.902,0.99,-0.995,-0.7,-0.635,-0.985,-0.987,-0.717,0.889,-0.976,0.97,0.941,-0.977,0.987,0.921,-0.963,-0.367,0.995,-0.994,0.922,-0.973,0.981,-0.975,-0.972,-0.957,0.995,0.982,0.772,-0.997,0.997,0.395,-0.547,-0.996,0.92,-0.988,0.983,-0.996,-0.988,6.52,5.346,10.562,10.56,10.451,10.498,10.458,10.532,6.183,5.487,10.566,10.613,6.432,6.346,10.572,10.602,EssenceCatalog/problems/csplib-prob010-SocialGolfers/params/df73061ecc9e43368373f768e6f2e993.param
0.999,0.968,-0.971,0.991,0.988,-0.995,-0.987,-0.987,-0.987,-0.978,0.986,0.993,0.993,-0.972,-0.99,0.981,-0.985,0.991,0.991,-0.99,-0.998,0.993,0.983,-0.99,-0.994,0.982,-0.987,-0.996,0.996,-0.983,0.982,0.996,0.995,0.971,0.996,0.994,0.987,-0.978,0.989,-0.98,0.905,0.991,-0.988,0.994,0.868,-0.998,-0.992,-0.982,-0.984,-0.99,0.975,-0.989,0.99,-0.996,-0.77,0.989,-0.98,0.99,-0.999,-0.947,0.98,0.996,0.921,0.994,-0.999,-0.986,-0.985,-0.997,-0.995,-0.99,0.988,-0.996,0.959,0.989,-0.996,0.996,0.625,-0.935,-0.973,0.997,-0.999,0.98,-0.99,0.985,-0.997,-0.996,-0.991,0.999,0.999,0.992,-1.0,0.999,0.985,-0.977,-0.997,0.993,-0.997,0.992,-0.998,-0.993,9.893,5.847,10.465,10.404,10.51,10.421,10.557,10.512,7.687,6.18,10.451,10.347,8.126,7.956,10.448,10.441,EssenceCatalog/problems/csplib-prob010-SocialGolfers/params/6fdb443de8d6008bf96318abd656b674.param
0.999,0.967,-0.971,0.991,0.988,-0.995,-0.987,-0.987,-0.989,-0.98,0.984,0.993,0.994,-0.975,-0.991,0.981,-0.985,0.991,0.991,-0.989,-0.998,0.993,0.983,-0.991,-0.994,0.982,-0.987,-0.996,0.996,-0.983,0.982,0.995,0.994,0.972,0.996,0.994,0.986,-0.978,0.989,-0.982,0.906,0.992,-0.989,0.993,0.868,-0.998,-0.992,-0.984,-0.985,-0.989,0.973,-0.99,0.99,-0.995,-0.772,0.989,-0.981,0.99,-0.998,-0.946,0.979,0.996,0.931,0.994,-0.999,-0.985,-0.985,-0.997,-0.995,-0.99,0.987,-0.996,0.964,0.99,-0.996,0.996,0.577,-0.931,-0.969,0.997,-0.999,0.981,-0.989,0.984,-0.996,-0.997,-0.991,0.999,0.998,0.992,-1.0,0.998,0.984,-0.975,-0.997,0.993,-0.996,0.992,-0.998,-0.993,9.89,5.846,10.46,10.397,10.502,10.412,10.549,10.502,7.687,6.179,10.445,10.34,8.124,7.951,10.442,10.436,EssenceCatalog/problems/csplib-prob010-SocialGolfers/params/70bb3fec9632cf69e77775f88b1757f4.param
-0.089,-0.8,-0.093,-0.512,-0.687,0.915,-0.104,-0.929,-0.917,0.629,-0.821,0.079,0.446,0.115,-0.925,0.793,-0.103,-0.811,0.615,0.262,0.501,-0.956,0.793,0.214,0.601,0.008,-0.275,0.956,-0.392,0.949,-0.284,0.714,-0.801,0.969,-0.442,-0.974,0.054,-0.788,0.976,-0.593,0.178,-0.481,-0.938,-0.775,-0.129,0.863,0.937,-0.017,-0.179,0.625,-0.795,0.333,0.251,0.529,-0.82,-0.517,-0.261,0.309,0.434,0.891,-0.907,0.285,-0.602,-0.907,0.991,0.584,0.915,0.846,-0.578,0.744,0.606,-0.1,0.865,-0.44,-0.943,-0.979,-0.301,0.974,0.232,-0.98,0.791,-0.66,0.698,-0.914,0.979,-0.29,0.403,-0.598,-0.705,-0.628,0.996,-0.987,0.466,-0.294,0.955,0.335,0.242,-0.951,0.557,0.948,0.418,0.374,0.697,1.542,0.134,0.046,0.267,1.822,0.542,0.431,0.718,1.408,0.58,0.357,0.776,1.312,EssenceCatalog/problems/csplib-prob010-SocialGolfers/params/ord10-4-3-3.param
0.995,0.803,-0.936,-0.2,0.96,-0.992,-0.813,-0.625,-0.972,-0.791,0.891,0.972,0.79,-0.856,-0.74,0.833,-0.98,0.94,0.955,-0.931,-0.992,-0.534,0.077,-0.874,-0.973,-0.756,-0.965,-0.953,0.958,0.544,0.886,0.971,0.986,0.863,0.989,0.964,0.911,-0.783,0.982,-0.623,0.751,0.498,-0.945,0.803,0.946,-0.993,-0.929,-0.891,-0.982,0.26,0.973,-0.957,0.902,-0.981,-0.979,0.881,-0.922,0.845,-0.995,-0.973,0.86,0.966,-0.94,0.987,-0.996,-0.817,-0.761,-0.989,-0.988,-0.877,0.868,-0.983,0.886,0.93,-0.98,0.984,0.956,-0.955,-0.891,0.998,-0.995,0.883,-0.972,0.976,-0.981,-0.973,-0.948,0.996,0.978,0.918,-0.996,0.997,0.485,-0.619,-0.995,0.956,-0.989,0.991,-0.995,-0.983,7.452,5.408,10.488,10.493,10.451,10.535,10.481,10.585,6.502,5.633,10.492,10.531,6.845,6.93,10.527,10.526,EssenceCatalog/problems/csplib-prob010-SocialGolfers/params/37567a305a5394329be83f6d50ca3bd4.param
0.99,0.833,-0.83,-0.966,0.855,-0.995,-0.829,-0.709,-0.978,-0.786,0.625,0.968,-0.413,-0.867,-0.206,0.736,-0.982,0.284,0.963,-0.847,-0.994,-0.935,0.536,0.092,-0.977,-0.975,-0.971,-0.959,0.969,0.962,0.883,0.923,0.978,0.797,0.991,0.978,0.923,-0.901,0.987,-0.889,0.952,0.274,-0.523,-0.401,0.976,-0.99,-0.811,-0.758,-0.977,0.957,0.956,-0.945,0.952,-0.972,-0.988,0.559,-0.873,0.802,-0.994,-0.984,0.864,0.97,-0.949,0.994,-0.995,-0.656,-0.601,-0.982,-0.985,-0.708,0.868,-0.974,0.963,0.912,-0.968,0.985,0.945,-0.974,-0.648,0.996,-0.994,0.869,-0.977,0.986,-0.977,-0.959,-0.96,0.994,0.982,0.729,-0.998,0.997,0.43,-0.789,-0.995,0.865,-0.982,0.99,-0.994,-0.991,5.681,4.824,10.543,10.566,10.518,10.537,10.503,10.531,5.586,4.936,10.539,10.576,5.891,5.627,10.569,10.565,EssenceCatalog/problems/csplib-prob010-SocialGolfers/params/9962ce91fb88e425b7636ecb3f526337.param
0.991,0.789,-0.883,-0.939,0.895,-0.994,-0.825,-0.695,-0.98,-0.812,0.505,0.975,0.423,-0.885,-0.591,0.719,-0.982,0.663,0.953,-0.844,-0.993,-0.865,0.394,-0.54,-0.975,-0.956,-0.968,-0.954,0.965,0.922,0.884,0.944,0.977,0.865,0.989,0.971,0.898,-0.907,0.988,-0.876,0.939,0.752,-0.858,-0.176,0.973,-0.99,-0.837,-0.777,-0.98,0.927,0.948,-0.941,0.955,-0.974,-0.986,0.725,-0.905,0.804,-0.993,-0.975,0.825,0.964,-0.922,0.99,-0.995,-0.683,-0.603,-0.983,-0.986,-0.714,0.877,-0.975,0.967,0.934,-0.975,0.984,0.928,-0.963,-0.484,0.995,-0.994,0.902,-0.973,0.982,-0.974,-0.967,-0.955,0.995,0.982,0.758,-0.997,0.997,0.389,-0.617,-0.995,0.911,-0.987,0.985,-0.995,-0.988,6.327,5.226,10.551,10.555,10.458,10.501,10.459,10.531,6.042,5.36,10.555,10.6,6.304,6.188,10.566,10.586,EssenceCatalog/problems/csplib-prob010-SocialGolfers/params/69088ec7739dc6f3c21e8122f9f42af4.param
0.996,0.839,-0.874,-0.968,-0.956,-0.984,0.406,-0.259,0.993,-0.43,0.837,0.991,-0.996,0.998,-0.911,0.977,-0.909,0.651,0.994,-0.704,-0.995,-0.964,0.788,-0.673,-0.994,-0.998,-0.9,-0.922,0.997,0.962,0.957,0.957,0.997,0.95,0.998,0.991,0.988,-0.932,-0.998,0.427,0.988,-0.995,-0.693,0.832,0.994,-0.834,0.942,0.998,0.999,0.986,0.983,0.982,0.985,-0.923,-0.956,-0.989,-0.808,0.972,-0.999,-0.992,0.947,0.987,-0.99,0.995,-0.987,-0.876,-0.792,-0.923,-0.998,-0.958,0.989,-0.996,-0.986,-0.994,0.995,0.991,0.994,-0.992,-0.988,0.967,-0.999,-0.243,-0.994,0.993,-0.99,0.821,-0.988,0.998,0.997,0.88,-0.997,0.993,0.973,-0.983,-0.997,-0.991,-0.987,0.99,-0.997,-0.992,3.833,3.135,4.182,9.701,10.395,10.132,10.439,10.761,3.854,3.354,4.228,9.715,4.472,3.918,5.3,9.787,EssenceCatalog/problems/csplib-prob010-SocialGolfers/params/ae8230f500ca31b31f2bdc745fa17e08.param
0.999,0.957,-0.978,0.99,0.99,-0.995,-0.982,-0.978,-0.982,-0.959,0.988,0.993,0.994,-0.956,-0.988,0.977,-0.986,0.994,0.988,-0.99,-0.997,0.987,0.942,-0.993,-0.991,0.967,-0.981,-0.994,0.994,-0.972,0.978,0.996,0.995,0.971,0.996,0.992,0.98,-0.95,0.987,-0.953,0.786,0.978,-0.992,0.994,0.826,-0.997,-0.992,-0.975,-0.987,-0.986,0.986,-0.988,0.984,-0.996,-0.842,0.987,-0.98,0.987,-0.999,-0.95,0.966,0.995,0.6,0.993,-0.999,-0.984,-0.978,-0.997,-0.995,-0.988,0.983,-0.997,0.912,0.985,-0.994,0.996,0.857,-0.937,-0.977,0.998,-0.999,0.975,-0.989,0.98,-0.996,-0.996,-0.99,0.999,0.998,0.993,-0.999,0.999,0.974,-0.95,-0.997,0.992,-0.996,0.993,-0.998,-0.992,9.839,5.83,10.466,10.417,10.521,10.45,10.566,10.534,7.641,6.168,10.462,10.36,8.085,7.959,10.455,10.448,EssenceCatalog/problems/csplib-prob010-SocialGolfers/params/7c89e907f8caa9ec32ade6d3987aba40.param
0.987,0.777,-0.735,-0.785,0.878,-0.991,-0.872,-0.796,-0.983,-0.766,0.556,0.968,0.214,-0.913,-0.597,0.765,-0.972,0.478,0.953,-0.862,-0.992,-0.585,0.68,-0.436,-0.966,-0.875,-0.963,-0.96,0.965,0.808,0.893,0.935,0.973,0.801,0.987,0.958,0.892,-0.915,0.993,-0.883,0.91,0.794,-0.622,0.441,0.959,-0.988,-0.878,-0.894,-0.984,0.698,0.864,-0.949,0.953,-0.97,-0.967,0.761,-0.808,0.838,-0.99,-0.944,0.797,0.969,-0.724,0.986,-0.993,-0.703,-0.655,-0.979,-0.977,-0.677,0.87,-0.97,0.972,0.953,-0.98,0.972,0.838,-0.942,-0.54,0.993,-0.992,0.846,-0.966,0.976,-0.974,-0.969,-0.946,0.993,0.983,0.739,-0.996,0.996,0.672,-0.799,-0.993,0.923,-0.983,0.974,-0.992,-0.983,6.649,5.19,10.543,10.507,10.437,10.455,10.436,10.476,6.169,5.322,10.539,10.513,6.445,6.243,10.519,10.529,EssenceCatalog/problems/csplib-prob010-SocialGolfers/params/2dc9508ed497f4cd2526cb28bcfe3bf6.param
0.993,0.908,-0.622,-0.894,-0.826,-0.997,0.526,-0.193,0.99,-0.426,0.889,0.987,-0.99,0.993,-0.957,0.98,-0.976,0.738,0.985,-0.501,-0.992,-0.911,0.876,-0.814,-0.994,-0.992,-0.976,-0.97,0.995,0.895,0.954,0.958,0.997,0.956,0.997,0.997,0.98,-0.917,-0.998,-0.563,0.985,-0.959,-0.798,0.91,0.983,-0.959,0.725,0.992,0.995,0.951,0.992,0.874,0.977,-0.917,-0.987,-0.966,-0.798,0.963,-0.998,-0.995,0.964,0.988,-0.958,0.998,-0.997,-0.882,-0.941,-0.994,-0.997,-0.98,0.984,-0.993,-0.986,-0.985,0.992,0.997,0.987,-0.997,-0.975,0.997,-0.998,0.598,-0.989,0.992,-0.995,-0.248,-0.986,0.997,0.996,0.902,-0.999,0.997,0.963,-0.969,-0.997,-0.981,-0.979,0.997,-0.996,-0.995,4.201,3.369,4.698,10.047,10.618,10.45,10.632,10.801,4.149,3.617,4.74,10.046,4.759,4.263,5.836,10.096,EssenceCatalog/problems/csplib-prob010-SocialGolfers/params/3fb49dedb007ccb7126cfd62fdf23dc2.param
0.992,0.906,-0.766,-0.988,0.772,-0.998,-0.887,-0.795,-0.978,-0.767,0.818,0.953,-0.967,-0.852,0.656,0.802,-0.984,-0.614,0.982,-0.882,-0.996,-0.981,0.813,0.91,-0.986,-0.989,-0.976,-0.97,0.978,0.989,0.907,0.891,0.983,0.681,0.994,0.988,0.967,-0.912,0.987,-0.93,0.974,-0.859,0.688,-0.847,0.982,-0.991,-0.757,-0.767,-0.97,0.985,0.972,-0.961,0.95,-0.977,-0.991,0.061,-0.856,0.858,-0.997,-0.993,0.942,0.985,-0.98,0.997,-0.996,-0.635,-0.579,-0.981,-0.988,-0.716,0.87,-0.979,0.96,0.865,-0.967,0.987,0.974,-0.987,-0.902,0.995,-0.995,0.816,-0.987,0.992,-0.981,-0.952,-0.975,0.995,0.988,0.778,-0.999,0.998,0.512,-0.953,-0.996,0.758,-0.975,0.996,-0.994,-0.995,4.812,4.165,10.514,10.484,10.604,10.563,10.581,10.493,4.898,4.271,10.483,10.466,5.266,4.755,10.527,10.476,EssenceCatalog/problems/csplib-prob010-SocialGolfers/params/76eed38808475cdcb00b3704e431ea7a.param
0.999,0.968,-0.971,0.989,0.987,-0.996,-0.987,-0.987,-0.989,-0.981,0.983,0.994,0.994,-0.975,-0.992,0.981,-0.987,0.991,0.991,-0.988,-0.998,0.993,0.984,-0.991,-0.994,0.981,-0.988,-0.997,0.996,-0.982,0.983,0.995,0.995,0.974,0.996,0.994,0.986,-0.98,0.989,-0.984,0.916,0.993,-0.989,0.992,0.88,-0.998,-0.992,-0.983,-0.985,-0.988,0.973,-0.99,0.991,-0.995,-0.789,0.989,-0.982,0.99,-0.999,-0.95,0.979,0.996,0.937,0.994,-0.999,-0.985,-0.986,-0.997,-0.995,-0.99,0.988,-0.996,0.967,0.99,-0.996,0.997,0.547,-0.938,-0.966,0.997,-0.999,0.982,-0.989,0.986,-0.996,-0.997,-0.991,0.999,0.998,0.992,-1.0,0.999,0.985,-0.975,-0.997,0.993,-0.997,0.992,-0.998,-0.994,9.891,5.849,10.465,10.403,10.508,10.416,10.553,10.505,7.692,6.181,10.45,10.346,8.127,7.952,10.447,10.442,EssenceCatalog/problems/csplib-prob010-SocialGolfers/params/b702b8c907aa3dba057809137b67ae77.param
0.988,0.794,-0.768,-0.884,0.875,-0.993,-0.851,-0.75,-0.981,-0.77,0.548,0.969,0.126,-0.904,-0.518,0.745,-0.976,0.48,0.951,-0.848,-0.992,-0.745,0.595,-0.353,-0.969,-0.924,-0.966,-0.959,0.964,0.879,0.887,0.931,0.974,0.798,0.988,0.967,0.892,-0.906,0.991,-0.889,0.924,0.736,-0.659,0.197,0.964,-0.989,-0.858,-0.862,-0.982,0.838,0.906,-0.947,0.952,-0.97,-0.977,0.72,-0.831,0.815,-0.991,-0.962,0.813,0.966,-0.83,0.989,-0.994,-0.686,-0.659,-0.981,-0.979,-0.675,0.86,-0.968,0.969,0.943,-0.977,0.978,0.881,-0.958,-0.505,0.994,-0.992,0.862,-0.967,0.98,-0.975,-0.968,-0.949,0.993,0.982,0.729,-0.997,0.997,0.581,-0.765,-0.994,0.909,-0.982,0.98,-0.993,-0.986,6.374,5.129,10.553,10.537,10.461,10.488,10.457,10.5,6.026,5.255,10.555,10.548,6.302,6.102,10.543,10.555,EssenceCatalog/problems/csplib-prob010-SocialGolfers/params/4f26bdb13440001bdf8cf622517c8c50.param
0.988,0.807,-0.765,-0.858,0.885,-0.993,-0.836,-0.706,-0.978,-0.731,0.727,0.959,-0.305,-0.886,-0.227,0.744,-0.974,0.375,0.955,-0.872,-0.992,-0.823,0.54,-0.023,-0.968,-0.929,-0.965,-0.953,0.958,0.897,0.866,0.918,0.975,0.696,0.988,0.967,0.906,-0.858,0.99,-0.828,0.896,0.245,-0.407,0.237,0.962,-0.989,-0.872,-0.872,-0.982,0.816,0.934,-0.956,0.925,-0.969,-0.978,0.694,-0.805,0.798,-0.992,-0.972,0.847,0.965,-0.909,0.99,-0.994,-0.669,-0.642,-0.981,-0.978,-0.716,0.827,-0.968,0.953,0.932,-0.975,0.975,0.918,-0.962,-0.747,0.995,-0.992,0.813,-0.969,0.98,-0.974,-0.962,-0.945,0.993,0.978,0.748,-0.997,0.997,0.527,-0.808,-0.993,0.903,-0.978,0.986,-0.991,-0.986,6.01,4.865,10.522,10.494,10.466,10.498,10.461,10.486,5.724,4.984,10.518,10.497,6.04,5.818,10.534,10.498,EssenceCatalog/problems/csplib-prob010-SocialGolfers/params/4cba373de4583a47f16f234862540986.param
-0.359,-0.756,0.125,-0.753,-0.793,0.888,0.172,-0.889,-0.863,0.719,-0.841,-0.142,-0.113,0.232,-0.836,0.699,-0.054,-0.917,0.53,0.484,0.58,-0.98,0.731,0.602,0.67,-0.336,-0.218,0.957,-0.54,0.971,-0.419,0.572,-0.833,0.947,-0.586,-0.963,-0.025,-0.746,0.95,-0.559,0.224,-0.687,-0.826,-0.903,-0.204,0.881,0.951,0.186,-0.083,0.848,-0.755,0.423,0.134,0.661,-0.881,-0.665,-0.115,0.101,0.567,0.834,-0.899,0.079,-0.731,-0.88,0.99,0.73,0.899,0.835,-0.459,0.779,0.433,0.2,0.758,-0.658,-0.887,-0.977,-0.202,0.947,0.287,-0.974,0.878,-0.682,0.734,-0.908,0.978,-0.095,0.529,-0.742,-0.797,-0.725,0.995,-0.985,0.288,-0.226,0.964,-0.127,0.473,-0.931,0.71,0.929,0.252,0.233,0.469,1.422,0.024,0.0,0.19,1.605,0.392,0.339,0.496,1.257,0.4,0.21,0.616,1.157,EssenceCatalog/problems/csplib-prob010-SocialGolfers/params/ord02-5-3-2.param
0.988,0.905,-0.442,-0.882,0.712,-0.996,-0.909,-0.825,-0.968,-0.741,0.852,0.957,-0.964,-0.884,0.478,0.841,-0.971,-0.589,0.979,-0.884,-0.994,-0.782,0.907,0.809,-0.981,-0.949,-0.976,-0.983,0.978,0.914,0.921,0.899,0.984,0.369,0.993,0.984,0.957,-0.903,0.982,-0.919,0.951,-0.597,0.856,0.173,0.965,-0.99,-0.88,-0.889,-0.967,0.835,0.918,-0.957,0.953,-0.972,-0.964,0.32,-0.639,0.9,-0.995,-0.981,0.927,0.986,-0.851,0.995,-0.997,-0.745,-0.79,-0.985,-0.976,-0.754,0.853,-0.972,0.948,0.897,-0.958,0.979,0.93,-0.981,-0.92,0.995,-0.994,0.735,-0.98,0.99,-0.988,-0.96,-0.968,0.995,0.991,0.756,-0.998,0.998,0.803,-0.972,-0.995,0.732,-0.968,0.992,-0.991,-0.991,5.276,4.234,10.518,10.458,10.579,10.543,10.55,10.43,5.125,4.347,10.489,10.387,5.506,4.973,10.505,10.433,EssenceCatalog/problems/csplib-prob010-SocialGolfers/params/a8647ef0f3300059c4c848d963b63f81.param
0.993,0.778,-0.937,-0.814,0.941,-0.994,-0.837,-0.733,-0.984,-0.869,0.495,0.983,0.936,-0.91,-0.894,0.775,-0.985,0.915,0.947,-0.862,-0.993,-0.531,0.29,-0.921,-0.978,-0.876,-0.974,-0.962,0.965,0.731,0.909,0.973,0.981,0.941,0.989,0.97,0.879,-0.925,0.989,-0.895,0.914,0.956,-0.978,0.264,0.964,-0.991,-0.898,-0.83,-0.983,0.784,0.953,-0.946,0.964,-0.979,-0.985,0.871,-0.951,0.844,-0.993,-0.964,0.807,0.967,-0.838,0.987,-0.996,-0.764,-0.703,-0.989,-0.99,-0.789,0.914,-0.982,0.97,0.958,-0.983,0.989,0.903,-0.95,-0.364,0.996,-0.995,0.947,-0.972,0.978,-0.977,-0.983,-0.958,0.995,0.984,0.857,-0.997,0.997,0.472,-0.395,-0.996,0.951,-0.991,0.98,-0.997,-0.986,7.105,5.537,10.63,10.592,10.491,10.546,10.526,10.577,6.499,5.72,10.623,10.643,6.755,6.733,10.619,10.656,EssenceCatalog/problems/csplib-prob010-SocialGolfers/params/922b73b3bf2e553323d55680ad91a50b.param
0.993,0.9,-0.703,-0.979,-0.944,-0.994,0.524,-0.248,0.988,-0.3,0.867,0.988,-0.998,0.995,-0.887,0.973,-0.956,0.399,0.991,-0.538,-0.995,-0.976,0.84,-0.445,-0.994,-0.998,-0.942,-0.952,0.996,0.971,0.952,0.942,0.997,0.933,0.998,0.996,0.985,-0.928,-0.997,-0.119,0.99,-0.993,-0.517,0.761,0.989,-0.905,0.901,0.995,0.996,0.989,0.987,0.953,0.984,-0.894,-0.983,-0.984,-0.74,0.962,-0.998,-0.995,0.948,0.987,-0.987,0.998,-0.993,-0.833,-0.888,-0.98,-0.998,-0.962,0.983,-0.993,-0.978,-0.992,0.993,0.993,0.993,-0.996,-0.979,0.989,-0.998,0.006,-0.992,0.993,-0.992,0.498,-0.985,0.997,0.996,0.844,-0.998,0.996,0.964,-0.982,-0.996,-0.993,-0.981,0.995,-0.996,-0.995,3.75,3.119,4.36,9.734,10.38,10.162,10.416,10.619,3.806,3.33,4.39,9.716,4.414,3.836,5.457,9.808,EssenceCatalog/problems/csplib-prob010-SocialGolfers/params/ord15-8-10-3.param
0.993,0.78,-0.928,-0.839,0.934,-0.994,-0.843,-0.725,-0.984,-0.861,0.453,0.982,0.918,-0.911,-0.873,0.763,-0.984,0.895,0.946,-0.854,-0.993,-0.57,0.328,-0.9,-0.977,-0.889,-0.972,-0.962,0.965,0.756,0.908,0.968,0.98,0.931,0.988,0.97,0.876,-0.925,0.989,-0.898,0.92,0.952,-0.972,0.233,0.964,-0.991,-0.891,-0.834,-0.984,0.813,0.947,-0.946,0.964,-0.978,-0.984,0.861,-0.943,0.841,-0.992,-0.963,0.806,0.966,-0.834,0.987,-0.995,-0.755,-0.692,-0.988,-0.989,-0.761,0.907,-0.98,0.971,0.958,-0.983,0.988,0.898,-0.952,-0.321,0.996,-0.995,0.942,-0.97,0.978,-0.977,-0.982,-0.958,0.995,0.984,0.835,-0.997,0.997,0.467,-0.436,-0.996,0.95,-0.991,0.979,-0.997,-0.987,7.025,5.515,10.614,10.576,10.472,10.526,10.504,10.559,6.46,5.69,10.609,10.626,6.713,6.675,10.603,10.639,EssenceCatalog/problems/csplib-prob010-SocialGolfers/params/65dd8a3ef1a411256f4999915d1df171.param
0.992,0.883,-0.805,-0.985,0.81,-0.997,-0.85,-0.76,-0.976,-0.775,0.765,0.96,-0.904,-0.84,0.386,0.78,-0.985,-0.299,0.977,-0.866,-0.996,-0.978,0.71,0.77,-0.983,-0.988,-0.976,-0.965,0.976,0.986,0.895,0.904,0.983,0.747,0.993,0.985,0.957,-0.905,0.985,-0.913,0.969,-0.651,0.244,-0.756,0.981,-0.991,-0.768,-0.733,-0.971,0.981,0.972,-0.956,0.948,-0.975,-0.992,0.232,-0.872,0.833,-0.996,-0.992,0.924,0.98,-0.978,0.997,-0.996,-0.63,-0.565,-0.982,-0.988,-0.727,0.874,-0.978,0.958,0.878,-0.965,0.988,0.969,-0.984,-0.849,0.996,-0.995,0.841,-0.984,0.991,-0.98,-0.956,-0.971,0.995,0.986,0.766,-0.998,0.998,0.45,-0.911,-0.996,0.796,-0.978,0.995,-0.995,-0.995,4.995,4.334,10.517,10.521,10.58,10.565,10.565,10.518,5.057,4.438,10.488,10.513,5.412,4.983,10.548,10.506,EssenceCatalog/problems/csplib-prob010-SocialGolfers/params/d726830533ded40b51d8683fd4b1d807.param
0.988,0.797,-0.779,-0.877,0.884,-0.993,-0.833,-0.721,-0.98,-0.748,0.645,0.964,-0.073,-0.892,-0.386,0.739,-0.976,0.442,0.952,-0.86,-0.992,-0.808,0.546,-0.211,-0.969,-0.929,-0.967,-0.954,0.96,0.896,0.871,0.926,0.974,0.76,0.987,0.967,0.898,-0.88,0.99,-0.857,0.91,0.517,-0.581,0.18,0.963,-0.99,-0.862,-0.864,-0.982,0.836,0.929,-0.952,0.937,-0.97,-0.98,0.711,-0.824,0.797,-0.991,-0.97,0.83,0.964,-0.889,0.99,-0.994,-0.67,-0.638,-0.981,-0.98,-0.701,0.844,-0.969,0.96,0.936,-0.976,0.977,0.906,-0.961,-0.648,0.995,-0.992,0.843,-0.969,0.98,-0.974,-0.965,-0.945,0.993,0.979,0.736,-0.997,0.997,0.53,-0.775,-0.993,0.905,-0.98,0.984,-0.992,-0.986,6.189,5.011,10.54,10.523,10.465,10.497,10.461,10.501,5.879,5.134,10.54,10.534,6.173,5.975,10.543,10.534,EssenceCatalog/problems/csplib-prob010-SocialGolfers/params/8aa0e694a245ab6b274bbf704962303e.param
0.999,0.942,-0.977,0.981,0.99,-0.995,-0.975,-0.966,-0.981,-0.943,0.986,0.991,0.992,-0.943,-0.983,0.972,-0.987,0.994,0.986,-0.988,-0.997,0.969,0.886,-0.991,-0.988,0.925,-0.977,-0.992,0.993,-0.943,0.972,0.996,0.995,0.966,0.996,0.99,0.975,-0.931,0.988,-0.921,0.714,0.958,-0.991,0.993,0.835,-0.997,-0.991,-0.972,-0.988,-0.975,0.986,-0.987,0.977,-0.995,-0.894,0.984,-0.976,0.982,-0.998,-0.954,0.954,0.994,0.108,0.992,-0.999,-0.979,-0.968,-0.997,-0.995,-0.984,0.978,-0.997,0.894,0.98,-0.993,0.996,0.907,-0.94,-0.977,0.999,-0.999,0.969,-0.988,0.978,-0.996,-0.994,-0.987,0.999,0.997,0.991,-0.999,0.999,0.958,-0.928,-0.997,0.991,-0.995,0.993,-0.998,-0.991,9.741,5.805,10.475,10.433,10.532,10.483,10.571,10.557,7.583,6.15,10.483,10.377,8.024,7.94,10.465,10.461,EssenceCatalog/problems/csplib-prob010-SocialGolfers/params/dabfc07360e708e71774890b888b553b.param
0.992,0.776,-0.923,-0.849,0.932,-0.993,-0.839,-0.714,-0.983,-0.852,0.466,0.981,0.896,-0.909,-0.849,0.754,-0.983,0.883,0.946,-0.854,-0.993,-0.613,0.309,-0.882,-0.976,-0.898,-0.971,-0.96,0.964,0.778,0.904,0.965,0.98,0.922,0.988,0.969,0.876,-0.919,0.989,-0.889,0.919,0.94,-0.966,0.216,0.965,-0.991,-0.887,-0.83,-0.983,0.822,0.947,-0.944,0.961,-0.978,-0.984,0.853,-0.939,0.834,-0.992,-0.964,0.806,0.964,-0.85,0.987,-0.995,-0.746,-0.685,-0.988,-0.988,-0.756,0.9,-0.979,0.97,0.955,-0.982,0.987,0.903,-0.953,-0.346,0.996,-0.995,0.937,-0.97,0.978,-0.976,-0.98,-0.956,0.995,0.983,0.828,-0.997,0.997,0.452,-0.448,-0.996,0.946,-0.99,0.98,-0.996,-0.986,6.962,5.492,10.602,10.567,10.462,10.518,10.491,10.551,6.423,5.662,10.599,10.617,6.675,6.638,10.594,10.627,EssenceCatalog/problems/csplib-prob010-SocialGolfers/params/83aeb8220674816fe98d183c17a3e4fe.param
0.991,0.79,-0.893,-0.944,0.897,-0.994,-0.83,-0.71,-0.982,-0.834,0.424,0.978,0.606,-0.892,-0.691,0.727,-0.983,0.719,0.951,-0.834,-0.994,-0.842,0.396,-0.659,-0.976,-0.955,-0.97,-0.957,0.966,0.915,0.894,0.95,0.977,0.893,0.989,0.973,0.894,-0.921,0.988,-0.899,0.946,0.854,-0.907,-0.202,0.973,-0.99,-0.835,-0.768,-0.98,0.931,0.946,-0.94,0.962,-0.975,-0.986,0.749,-0.919,0.811,-0.992,-0.973,0.817,0.965,-0.904,0.99,-0.995,-0.693,-0.623,-0.984,-0.987,-0.71,0.891,-0.976,0.972,0.94,-0.976,0.987,0.923,-0.963,-0.364,0.995,-0.994,0.919,-0.973,0.982,-0.975,-0.971,-0.958,0.995,0.982,0.763,-0.997,0.997,0.402,-0.572,-0.996,0.915,-0.988,0.983,-0.996,-0.989,6.445,5.314,10.561,10.564,10.454,10.497,10.458,10.532,6.139,5.451,10.565,10.614,6.389,6.285,10.571,10.603,EssenceCatalog/problems/csplib-prob010-SocialGolfers/params/1712ce7ed0444f5676d977ba13c3313b.param
0.989,0.861,-0.677,-0.962,0.787,-0.996,-0.883,-0.795,-0.979,-0.749,0.722,0.961,-0.86,-0.881,0.217,0.783,-0.977,-0.315,0.973,-0.866,-0.994,-0.927,0.793,0.666,-0.978,-0.973,-0.972,-0.967,0.973,0.964,0.897,0.903,0.979,0.665,0.992,0.978,0.941,-0.912,0.99,-0.917,0.958,-0.287,0.325,-0.36,0.974,-0.99,-0.819,-0.836,-0.976,0.946,0.934,-0.957,0.954,-0.971,-0.982,0.404,-0.784,0.843,-0.994,-0.983,0.887,0.979,-0.929,0.994,-0.995,-0.663,-0.617,-0.98,-0.98,-0.664,0.863,-0.974,0.968,0.914,-0.969,0.979,0.937,-0.975,-0.798,0.994,-0.993,0.804,-0.979,0.988,-0.979,-0.959,-0.963,0.994,0.987,0.713,-0.998,0.997,0.621,-0.925,-0.994,0.828,-0.975,0.99,-0.993,-0.991,5.236,4.419,10.551,10.513,10.557,10.543,10.534,10.482,5.215,4.522,10.53,10.481,5.566,5.105,10.551,10.492,EssenceCatalog/problems/csplib-prob010-SocialGolfers/params/81468f8df7e3f25edac907930600841b.param
0.992,0.872,-0.642,0.417,0.924,-0.993,-0.918,-0.894,-0.98,-0.815,0.9,0.968,-0.025,-0.924,-0.687,0.905,-0.973,0.609,0.969,-0.945,-0.994,0.362,0.87,-0.499,-0.973,-0.235,-0.973,-0.983,0.978,0.197,0.93,0.959,0.985,0.752,0.991,0.969,0.948,-0.914,0.99,-0.867,0.847,0.679,-0.145,0.931,0.932,-0.993,-0.955,-0.961,-0.985,-0.563,0.886,-0.971,0.94,-0.981,-0.934,0.87,-0.713,0.923,-0.994,-0.94,0.909,0.986,-0.248,0.99,-0.997,-0.85,-0.86,-0.989,-0.981,-0.881,0.909,-0.98,0.944,0.959,-0.985,0.978,0.818,-0.95,-0.91,0.997,-0.995,0.828,-0.976,0.978,-0.989,-0.977,-0.96,0.996,0.991,0.896,-0.998,0.998,0.904,-0.945,-0.995,0.942,-0.985,0.983,-0.992,-0.985,8.11,5.266,10.427,10.32,10.419,10.375,10.4,10.367,6.698,5.495,10.412,10.279,7.112,6.879,10.373,10.314,EssenceCatalog/problems/csplib-prob010-SocialGolfers/params/e1108dfd3ba169f69548b88188c4e383.param
0.988,0.787,-0.799,-0.872,0.888,-0.993,-0.855,-0.745,-0.982,-0.785,0.512,0.972,0.367,-0.909,-0.602,0.735,-0.976,0.587,0.949,-0.85,-0.992,-0.688,0.562,-0.516,-0.97,-0.914,-0.965,-0.959,0.964,0.85,0.89,0.937,0.974,0.821,0.988,0.966,0.886,-0.911,0.991,-0.887,0.923,0.82,-0.757,0.235,0.964,-0.989,-0.868,-0.861,-0.983,0.823,0.904,-0.945,0.954,-0.971,-0.976,0.759,-0.852,0.819,-0.991,-0.958,0.804,0.965,-0.81,0.987,-0.994,-0.699,-0.666,-0.982,-0.98,-0.678,0.864,-0.97,0.97,0.948,-0.978,0.979,0.872,-0.954,-0.447,0.994,-0.993,0.878,-0.967,0.979,-0.975,-0.97,-0.949,0.993,0.982,0.742,-0.997,0.997,0.568,-0.725,-0.994,0.92,-0.984,0.978,-0.993,-0.985,6.558,5.237,10.554,10.528,10.446,10.476,10.446,10.498,6.154,5.371,10.556,10.55,6.419,6.258,10.543,10.557,EssenceCatalog/problems/csplib-prob010-SocialGolfers/params/085e548a4e187a8a384cdd36481c122b.param
0.988,0.893,-0.35,-0.432,0.772,-0.994,-0.925,-0.885,-0.973,-0.766,0.879,0.959,-0.906,-0.909,0.006,0.892,-0.968,-0.319,0.978,-0.919,-0.994,-0.304,0.934,0.545,-0.978,-0.798,-0.976,-0.985,0.979,0.755,0.93,0.925,0.984,0.468,0.992,0.976,0.958,-0.917,0.986,-0.91,0.925,-0.152,0.799,0.771,0.951,-0.99,-0.919,-0.942,-0.973,0.251,0.857,-0.962,0.947,-0.973,-0.938,0.574,-0.546,0.92,-0.995,-0.961,0.919,0.988,-0.539,0.993,-0.997,-0.801,-0.831,-0.985,-0.974,-0.819,0.876,-0.973,0.953,0.934,-0.973,0.973,0.867,-0.966,-0.932,0.994,-0.994,0.699,-0.976,0.986,-0.988,-0.965,-0.966,0.995,0.992,0.806,-0.998,0.998,0.901,-0.975,-0.994,0.821,-0.974,0.987,-0.991,-0.988,6.129,4.495,10.509,10.393,10.482,10.435,10.459,10.333,5.582,4.61,10.466,10.29,5.972,5.483,10.459,10.361,EssenceCatalog/problems/csplib-prob010-SocialGolfers/params/540e761bda58baa5a77e3adaa9ce1102.param
0.987,0.818,-0.69,-0.93,0.822,-0.994,-0.874,-0.797,-0.982,-0.756,0.596,0.966,-0.524,-0.896,-0.243,0.769,-0.975,0.03,0.964,-0.854,-0.993,-0.848,0.752,0.208,-0.972,-0.952,-0.969,-0.963,0.97,0.931,0.894,0.917,0.975,0.749,0.99,0.969,0.918,-0.919,0.991,-0.911,0.947,0.418,-0.205,-0.041,0.969,-0.988,-0.833,-0.857,-0.98,0.897,0.899,-0.951,0.958,-0.969,-0.978,0.58,-0.789,0.833,-0.992,-0.97,0.837,0.974,-0.859,0.991,-0.994,-0.669,-0.615,-0.979,-0.978,-0.644,0.87,-0.971,0.973,0.934,-0.974,0.976,0.896,-0.963,-0.641,0.993,-0.993,0.827,-0.973,0.983,-0.976,-0.963,-0.956,0.994,0.985,0.69,-0.997,0.997,0.646,-0.876,-0.993,0.873,-0.979,0.983,-0.993,-0.988,5.778,4.778,10.566,10.549,10.508,10.509,10.489,10.494,5.624,4.881,10.563,10.526,5.929,5.572,10.551,10.541,EssenceCatalog/problems/csplib-prob010-SocialGolfers/params/d025afcbb4296177e603075368db9122.param
0.991,0.805,-0.872,-0.957,0.881,-0.995,-0.829,-0.697,-0.98,-0.812,0.494,0.975,0.245,-0.88,-0.518,0.719,-0.982,0.585,0.955,-0.838,-0.994,-0.893,0.433,-0.412,-0.976,-0.966,-0.969,-0.957,0.967,0.939,0.887,0.939,0.977,0.854,0.99,0.974,0.905,-0.913,0.988,-0.889,0.949,0.708,-0.815,-0.291,0.975,-0.99,-0.821,-0.755,-0.979,0.947,0.949,-0.939,0.958,-0.973,-0.987,0.684,-0.902,0.805,-0.993,-0.978,0.834,0.965,-0.927,0.991,-0.995,-0.677,-0.61,-0.983,-0.986,-0.699,0.878,-0.974,0.968,0.928,-0.972,0.985,0.934,-0.968,-0.476,0.995,-0.994,0.898,-0.975,0.984,-0.975,-0.965,-0.958,0.995,0.982,0.741,-0.998,0.997,0.39,-0.666,-0.995,0.899,-0.985,0.986,-0.995,-0.99,6.168,5.149,10.548,10.562,10.471,10.508,10.466,10.529,5.942,5.275,10.551,10.599,6.211,6.056,10.565,10.585,EssenceCatalog/problems/csplib-prob010-SocialGolfers/params/209b24df5ed5f17d901614dc4ec44157.param
0.995,0.806,-0.933,0.034,0.966,-0.992,-0.844,-0.725,-0.979,-0.814,0.866,0.977,0.902,-0.894,-0.851,0.852,-0.982,0.949,0.954,-0.932,-0.993,-0.151,0.253,-0.926,-0.974,-0.583,-0.969,-0.961,0.965,0.316,0.904,0.976,0.987,0.902,0.989,0.966,0.908,-0.842,0.987,-0.736,0.757,0.805,-0.962,0.851,0.938,-0.993,-0.943,-0.919,-0.986,-0.022,0.967,-0.963,0.926,-0.983,-0.978,0.915,-0.927,0.87,-0.994,-0.965,0.856,0.971,-0.871,0.987,-0.996,-0.837,-0.802,-0.991,-0.989,-0.881,0.892,-0.984,0.916,0.951,-0.985,0.986,0.933,-0.949,-0.845,0.998,-0.995,0.909,-0.973,0.975,-0.984,-0.982,-0.951,0.996,0.983,0.922,-0.997,0.997,0.611,-0.637,-0.996,0.967,-0.991,0.988,-0.995,-0.984,7.989,5.54,10.53,10.489,10.471,10.524,10.497,10.57,6.785,5.804,10.535,10.505,7.141,7.185,10.528,10.521,EssenceCatalog/problems/csplib-prob010-SocialGolfers/params/d70c862996ede1ea63d2864b697e5fde.param
0.987,0.883,-0.429,-0.805,0.761,-0.995,-0.916,-0.843,-0.976,-0.744,0.826,0.958,-0.92,-0.907,0.24,0.838,-0.968,-0.439,0.975,-0.891,-0.993,-0.648,0.897,0.675,-0.977,-0.914,-0.974,-0.981,0.976,0.868,0.917,0.909,0.982,0.436,0.992,0.978,0.949,-0.91,0.988,-0.916,0.938,-0.253,0.762,0.419,0.958,-0.99,-0.893,-0.916,-0.976,0.704,0.882,-0.96,0.951,-0.971,-0.955,0.485,-0.622,0.897,-0.994,-0.971,0.905,0.984,-0.755,0.994,-0.996,-0.751,-0.781,-0.983,-0.973,-0.737,0.85,-0.971,0.96,0.927,-0.969,0.975,0.901,-0.973,-0.892,0.994,-0.993,0.738,-0.977,0.987,-0.986,-0.962,-0.963,0.994,0.99,0.755,-0.998,0.998,0.823,-0.965,-0.994,0.806,-0.971,0.988,-0.99,-0.989,5.584,4.386,10.552,10.454,10.547,10.506,10.514,10.409,5.332,4.492,10.522,10.369,5.704,5.192,10.515,10.43,EssenceCatalog/problems/csplib-prob010-SocialGolfers/params/1af041b54fe4049e7bce8fb5a4d4c58d.param
0.988,0.837,-0.687,-0.93,0.825,-0.994,-0.858,-0.767,-0.978,-0.733,0.723,0.959,-0.736,-0.873,0.002,0.773,-0.977,-0.07,0.966,-0.865,-0.993,-0.898,0.718,0.444,-0.974,-0.96,-0.97,-0.961,0.967,0.948,0.884,0.908,0.977,0.676,0.99,0.973,0.928,-0.888,0.989,-0.883,0.936,-0.101,0.061,-0.064,0.969,-0.989,-0.836,-0.851,-0.977,0.903,0.934,-0.955,0.942,-0.968,-0.982,0.534,-0.781,0.82,-0.993,-0.978,0.869,0.974,-0.92,0.993,-0.994,-0.648,-0.618,-0.98,-0.98,-0.701,0.852,-0.971,0.96,0.918,-0.97,0.977,0.927,-0.97,-0.784,0.995,-0.993,0.796,-0.975,0.985,-0.978,-0.958,-0.955,0.994,0.984,0.709,-0.997,0.997,0.615,-0.894,-0.993,0.852,-0.976,0.988,-0.992,-0.989,5.491,4.569,10.537,10.514,10.52,10.521,10.504,10.488,5.387,4.671,10.521,10.489,5.724,5.345,10.542,10.5,EssenceCatalog/problems/csplib-prob010-SocialGolfers/params/a946865e3601e61418836e522bcc5458.param
0.986,0.857,-0.549,-0.848,0.811,-0.995,-0.933,-0.86,-0.985,-0.796,0.681,0.967,-0.737,-0.936,-0.087,0.792,-0.964,-0.291,0.972,-0.878,-0.994,-0.489,0.898,0.451,-0.976,-0.902,-0.971,-0.981,0.98,0.801,0.924,0.917,0.978,0.587,0.992,0.975,0.941,-0.941,0.992,-0.935,0.953,0.524,0.454,0.296,0.96,-0.99,-0.892,-0.923,-0.982,0.713,0.814,-0.96,0.967,-0.975,-0.938,0.628,-0.692,0.898,-0.992,-0.96,0.881,0.982,-0.576,0.992,-0.996,-0.757,-0.752,-0.982,-0.969,-0.644,0.864,-0.973,0.978,0.951,-0.98,0.976,0.844,-0.965,-0.741,0.992,-0.994,0.827,-0.978,0.986,-0.985,-0.969,-0.965,0.995,0.991,0.736,-0.998,0.998,0.795,-0.949,-0.994,0.881,-0.977,0.982,-0.992,-0.989,5.964,4.66,10.627,10.483,10.544,10.5,10.501,10.401,5.651,4.771,10.601,10.401,5.987,5.488,10.554,10.472,EssenceCatalog/problems/csplib-prob010-SocialGolfers/params/204883f9d91200b874a50ce9394076e3.param
0.999,0.954,-0.978,0.99,0.99,-0.995,-0.981,-0.976,-0.979,-0.955,0.988,0.992,0.993,-0.948,-0.986,0.976,-0.986,0.994,0.988,-0.99,-0.997,0.984,0.933,-0.992,-0.99,0.961,-0.979,-0.994,0.994,-0.969,0.976,0.996,0.995,0.967,0.997,0.992,0.98,-0.942,0.986,-0.941,0.764,0.968,-0.991,0.994,0.82,-0.997,-0.992,-0.973,-0.986,-0.986,0.986,-0.987,0.981,-0.995,-0.842,0.986,-0.978,0.986,-0.998,-0.949,0.964,0.995,0.478,0.993,-0.999,-0.984,-0.976,-0.997,-0.995,-0.988,0.983,-0.997,0.894,0.982,-0.994,0.996,0.881,-0.936,-0.98,0.998,-0.999,0.972,-0.989,0.978,-0.996,-0.995,-0.99,0.999,0.998,0.993,-0.999,0.999,0.972,-0.95,-0.997,0.991,-0.996,0.993,-0.998,-0.992,9.817,5.819,10.46,10.416,10.519,10.455,10.563,10.536,7.623,6.161,10.46,10.358,8.068,7.953,10.451,10.445,EssenceCatalog/problems/csplib-prob010-SocialGolfers/params/aaf3d3874a9f5abeb448f899e884a2cb.param
0.99,0.85,-0.788,-0.977,0.814,-0.996,-0.862,-0.753,-0.978,-0.78,0.639,0.968,-0.701,-0.863,0.029,0.749,-0.981,-0.028,0.971,-0.854,-0.995,-0.949,0.676,0.449,-0.98,-0.982,-0.971,-0.963,0.974,0.971,0.897,0.912,0.98,0.758,0.992,0.98,0.937,-0.917,0.988,-0.906,0.964,-0.016,-0.172,-0.511,0.979,-0.99,-0.786,-0.756,-0.973,0.969,0.949,-0.944,0.961,-0.973,-0.986,0.44,-0.856,0.826,-0.994,-0.985,0.879,0.976,-0.95,0.994,-0.995,-0.662,-0.583,-0.98,-0.985,-0.673,0.875,-0.976,0.966,0.904,-0.966,0.984,0.948,-0.977,-0.708,0.995,-0.995,0.845,-0.981,0.988,-0.979,-0.955,-0.966,0.995,0.986,0.717,-0.998,0.998,0.519,-0.876,-0.995,0.842,-0.98,0.99,-0.995,-0.992,5.368,4.601,10.546,10.555,10.545,10.544,10.525,10.522,5.363,4.707,10.532,10.544,5.687,5.315,10.568,10.541,EssenceCatalog/problems/csplib-prob010-SocialGolfers/params/c87f30120ca5014e2077c07f533814de.param
0.993,0.783,-0.929,-0.852,0.934,-0.994,-0.836,-0.724,-0.984,-0.863,0.461,0.982,0.912,-0.911,-0.869,0.76,-0.984,0.892,0.946,-0.853,-0.993,-0.593,0.311,-0.898,-0.978,-0.896,-0.973,-0.962,0.965,0.775,0.907,0.969,0.98,0.932,0.989,0.971,0.877,-0.925,0.989,-0.9,0.922,0.95,-0.971,0.183,0.965,-0.991,-0.89,-0.824,-0.983,0.825,0.95,-0.945,0.964,-0.978,-0.985,0.858,-0.945,0.836,-0.992,-0.965,0.808,0.966,-0.844,0.988,-0.995,-0.751,-0.697,-0.989,-0.989,-0.768,0.907,-0.98,0.971,0.957,-0.982,0.989,0.903,-0.953,-0.329,0.996,-0.995,0.944,-0.971,0.979,-0.977,-0.982,-0.957,0.995,0.983,0.837,-0.997,0.997,0.456,-0.419,-0.996,0.946,-0.991,0.98,-0.997,-0.987,6.989,5.51,10.617,10.582,10.476,10.531,10.506,10.562,6.444,5.683,10.613,10.633,6.695,6.659,10.608,10.644,EssenceCatalog/problems/csplib-prob010-SocialGolfers/params/ca9e644e2154b207ac9be09249914300.param
0.992,0.779,-0.92,-0.864,0.929,-0.994,-0.835,-0.712,-0.983,-0.85,0.462,0.981,0.878,-0.907,-0.837,0.751,-0.983,0.87,0.945,-0.85,-0.993,-0.654,0.316,-0.865,-0.976,-0.907,-0.972,-0.959,0.964,0.804,0.902,0.964,0.979,0.92,0.988,0.97,0.877,-0.917,0.989,-0.891,0.922,0.933,-0.962,0.164,0.965,-0.991,-0.881,-0.825,-0.983,0.84,0.948,-0.945,0.96,-0.977,-0.985,0.843,-0.937,0.83,-0.992,-0.965,0.806,0.964,-0.86,0.988,-0.995,-0.736,-0.676,-0.988,-0.988,-0.752,0.898,-0.978,0.97,0.954,-0.981,0.988,0.906,-0.955,-0.346,0.996,-0.995,0.935,-0.97,0.979,-0.976,-0.979,-0.956,0.995,0.982,0.821,-0.997,0.997,0.438,-0.456,-0.996,0.943,-0.99,0.98,-0.996,-0.987,6.897,5.475,10.598,10.568,10.46,10.516,10.486,10.549,6.39,5.64,10.596,10.619,6.641,6.6,10.593,10.626,EssenceCatalog/problems/csplib-prob010-SocialGolfers/params/883a086c151a4fdac589b486013f5f3d.param
0.991,0.849,-0.819,-0.974,0.842,-0.996,-0.839,-0.731,-0.978,-0.777,0.696,0.964,-0.7,-0.855,0.049,0.751,-0.983,0.055,0.97,-0.857,-0.995,-0.959,0.601,0.445,-0.979,-0.981,-0.972,-0.96,0.971,0.974,0.882,0.916,0.979,0.765,0.992,0.98,0.939,-0.899,0.987,-0.891,0.957,-0.176,-0.232,-0.543,0.978,-0.99,-0.804,-0.753,-0.975,0.967,0.961,-0.952,0.948,-0.972,-0.989,0.459,-0.868,0.809,-0.994,-0.987,0.889,0.974,-0.964,0.995,-0.995,-0.641,-0.568,-0.981,-0.986,-0.715,0.867,-0.976,0.961,0.903,-0.968,0.985,0.956,-0.977,-0.756,0.996,-0.994,0.852,-0.98,0.988,-0.977,-0.956,-0.964,0.995,0.984,0.746,-0.998,0.998,0.431,-0.848,-0.995,0.847,-0.981,0.992,-0.994,-0.992,5.34,4.591,10.537,10.547,10.539,10.546,10.524,10.525,5.333,4.698,10.519,10.545,5.665,5.327,10.571,10.534,EssenceCatalog/problems/csplib-prob010-SocialGolfers/params/563fd15fb4f103bb428900a337e39593.param
0.99,0.882,-0.65,-0.967,0.771,-0.996,-0.89,-0.823,-0.981,-0.726,0.805,0.95,-0.952,-0.875,0.522,0.821,-0.981,-0.557,0.98,-0.886,-0.995,-0.965,0.839,0.878,-0.981,-0.978,-0.976,-0.964,0.973,0.981,0.895,0.895,0.981,0.643,0.993,0.981,0.96,-0.907,0.99,-0.924,0.959,-0.797,0.668,-0.606,0.975,-0.989,-0.804,-0.845,-0.975,0.957,0.955,-0.969,0.938,-0.971,-0.987,0.216,-0.784,0.847,-0.995,-0.988,0.918,0.984,-0.963,0.996,-0.995,-0.635,-0.565,-0.979,-0.983,-0.711,0.856,-0.977,0.966,0.901,-0.974,0.978,0.955,-0.979,-0.899,0.994,-0.994,0.773,-0.982,0.989,-0.976,-0.96,-0.966,0.994,0.987,0.748,-0.998,0.997,0.608,-0.953,-0.994,0.811,-0.971,0.994,-0.993,-0.992,4.937,4.209,10.525,10.474,10.568,10.54,10.552,10.472,4.97,4.309,10.495,10.45,5.34,4.829,10.529,10.456,EssenceCatalog/problems/csplib-prob010-SocialGolfers/params/515ddc993685cd749e656c89a2253fb1.param
0.989,0.903,-0.646,-0.953,0.751,-0.997,-0.925,-0.789,-0.977,-0.779,0.823,0.96,-0.953,-0.907,0.611,0.754,-0.97,-0.589,0.979,-0.884,-0.995,-0.857,0.874,0.835,-0.985,-0.971,-0.971,-0.98,0.979,0.931,0.92,0.889,0.983,0.394,0.994,0.986,0.957,-0.908,0.988,-0.918,0.961,-0.562,0.798,-0.312,0.971,-0.991,-0.864,-0.882,-0.977,0.929,0.927,-0.958,0.959,-0.976,-0.967,0.358,-0.733,0.9,-0.995,-0.986,0.933,0.983,-0.909,0.996,-0.997,-0.728,-0.739,-0.983,-0.978,-0.662,0.837,-0.974,0.963,0.913,-0.968,0.983,0.947,-0.984,-0.899,0.995,-0.995,0.782,-0.983,0.991,-0.988,-0.958,-0.972,0.995,0.991,0.756,-0.999,0.998,0.686,-0.965,-0.995,0.802,-0.973,0.993,-0.993,-0.993,5.124,4.236,10.588,10.47,10.616,10.577,10.58,10.461,5.076,4.354,10.561,10.423,5.449,4.907,10.57,10.462,EssenceCatalog/problems/csplib-prob010-SocialGolfers/params/1923bdfa10776f65f3cfaaae6cd4b107.param
0.998,0.96,-0.869,0.895,0.965,-0.997,-0.985,-0.984,-0.996,-0.975,0.943,0.992,0.941,-0.988,-0.982,0.977,-0.99,0.91,0.992,-0.973,-0.998,0.971,0.989,-0.94,-0.993,0.907,-0.992,-0.997,0.996,-0.88,0.985,0.991,0.993,0.966,0.995,0.993,0.983,-0.989,0.995,-0.992,0.974,0.993,-0.915,0.957,0.94,-0.999,-0.982,-0.988,-0.99,-0.953,0.901,-0.992,0.991,-0.994,-0.917,0.965,-0.94,0.985,-0.998,-0.953,0.971,0.994,0.95,0.996,-0.999,-0.96,-0.972,-0.997,-0.991,-0.965,0.982,-0.993,0.991,0.991,-0.998,0.997,0.07,-0.958,-0.874,0.997,-0.998,0.978,-0.989,0.987,-0.995,-0.995,-0.988,0.998,0.998,0.971,-1.0,0.999,0.982,-0.98,-0.997,0.986,-0.996,0.988,-0.998,-0.996,9.71,5.79,10.409,10.325,10.424,10.319,10.454,10.388,7.614,6.104,10.383,10.271,8.025,7.804,10.376,10.375,EssenceCatalog/problems/csplib-prob010-SocialGolfers/params/95355d71f9ad69fca0a2013ed2d03cb2.param
0.999,0.938,-0.976,0.977,0.99,-0.995,-0.972,-0.96,-0.981,-0.937,0.985,0.991,0.991,-0.939,-0.981,0.97,-0.987,0.993,0.985,-0.988,-0.996,0.959,0.859,-0.99,-0.987,0.903,-0.976,-0.992,0.992,-0.928,0.97,0.995,0.995,0.963,0.996,0.99,0.972,-0.923,0.987,-0.909,0.695,0.95,-0.991,0.992,0.841,-0.997,-0.99,-0.971,-0.989,-0.969,0.986,-0.986,0.973,-0.995,-0.907,0.982,-0.973,0.979,-0.998,-0.955,0.95,0.994,-0.056,0.992,-0.999,-0.976,-0.965,-0.997,-0.995,-0.982,0.976,-0.996,0.886,0.978,-0.993,0.995,0.916,-0.943,-0.976,0.999,-0.999,0.966,-0.988,0.977,-0.995,-0.994,-0.986,0.998,0.997,0.991,-0.999,0.999,0.952,-0.921,-0.997,0.99,-0.995,0.993,-0.998,-0.991,9.701,5.794,10.475,10.435,10.533,10.492,10.57,10.562,7.56,6.142,10.488,10.381,7.999,7.93,10.465,10.462,EssenceCatalog/problems/csplib-prob010-SocialGolfers/params/09cd2c9b9f5ecb06e4078adf9cfae83a.param
0.994,0.837,-0.731,-0.931,-0.58,-0.997,0.664,-0.366,0.961,-0.463,0.626,0.988,-0.944,0.983,-0.982,0.98,-0.988,0.844,0.978,-0.187,-0.99,-0.963,0.798,-0.909,-0.992,-0.995,-0.983,-0.952,0.995,0.962,0.948,0.973,0.995,0.987,0.997,0.996,0.973,-0.949,-0.992,-0.779,0.986,-0.831,-0.965,0.785,0.982,-0.966,0.768,0.987,0.986,0.973,0.988,0.711,0.977,-0.92,-0.994,-0.944,-0.905,0.944,-0.997,-0.993,0.944,0.987,-0.965,0.999,-0.994,-0.825,-0.868,-0.995,-0.997,-0.968,0.985,-0.992,-0.942,-0.964,0.974,0.997,0.984,-0.994,-0.927,0.996,-0.996,0.832,-0.98,0.986,-0.991,-0.606,-0.984,0.996,0.995,0.87,-0.998,0.995,0.946,-0.908,-0.997,-0.955,-0.984,0.995,-0.997,-0.994,4.234,3.48,4.911,10.108,10.572,10.44,10.587,10.742,4.232,3.724,4.965,10.108,4.799,4.366,6.03,10.148,EssenceCatalog/problems/csplib-prob010-SocialGolfers/params/4a0cb22d603113b77f03cc371501bdba.param
0.999,0.968,-0.971,0.99,0.988,-0.996,-0.986,-0.987,-0.989,-0.979,0.985,0.994,0.994,-0.974,-0.991,0.981,-0.987,0.991,0.991,-0.989,-0.998,0.993,0.983,-0.991,-0.994,0.981,-0.988,-0.997,0.996,-0.982,0.983,0.996,0.995,0.973,0.996,0.994,0.986,-0.979,0.989,-0.982,0.908,0.993,-0.989,0.993,0.876,-0.998,-0.992,-0.983,-0.985,-0.989,0.976,-0.99,0.991,-0.996,-0.795,0.989,-0.982,0.99,-0.999,-0.952,0.98,0.996,0.927,0.995,-0.999,-0.985,-0.986,-0.997,-0.995,-0.99,0.988,-0.996,0.962,0.99,-0.996,0.997,0.601,-0.941,-0.969,0.997,-0.999,0.982,-0.99,0.986,-0.997,-0.997,-0.991,0.999,0.998,0.992,-1.0,0.999,0.985,-0.975,-0.998,0.993,-0.997,0.993,-0.998,-0.994,9.894,5.85,10.471,10.41,10.515,10.426,10.561,10.514,7.691,6.183,10.456,10.353,8.129,7.958,10.454,10.448,EssenceCatalog/problems/csplib-prob010-SocialGolfers/params/a5507135a6e793d87f3f72d69136a966.param
0.99,0.843,-0.835,-0.974,0.85,-0.996,-0.832,-0.699,-0.977,-0.797,0.608,0.97,-0.419,-0.865,-0.186,0.727,-0.982,0.275,0.963,-0.842,-0.995,-0.938,0.532,0.106,-0.979,-0.978,-0.971,-0.962,0.97,0.964,0.889,0.92,0.979,0.797,0.991,0.98,0.923,-0.906,0.986,-0.896,0.958,0.32,-0.524,-0.46,0.977,-0.99,-0.8,-0.738,-0.975,0.966,0.957,-0.943,0.956,-0.972,-0.988,0.552,-0.88,0.805,-0.994,-0.985,0.87,0.969,-0.949,0.994,-0.995,-0.662,-0.619,-0.983,-0.986,-0.695,0.869,-0.973,0.962,0.907,-0.965,0.987,0.948,-0.977,-0.619,0.996,-0.994,0.873,-0.978,0.987,-0.979,-0.958,-0.962,0.995,0.983,0.722,-0.998,0.998,0.421,-0.794,-0.995,0.858,-0.982,0.99,-0.995,-0.992,5.658,4.821,10.541,10.564,10.521,10.537,10.503,10.524,5.578,4.933,10.537,10.572,5.882,5.609,10.567,10.562,EssenceCatalog/problems/csplib-prob010-SocialGolfers/params/0a6aeba6605fa8c37db949b45740276e.param
0.988,0.853,-0.614,-0.937,0.778,-0.995,-0.88,-0.807,-0.978,-0.73,0.735,0.958,-0.859,-0.88,0.153,0.805,-0.976,-0.3,0.973,-0.869,-0.994,-0.906,0.807,0.638,-0.976,-0.964,-0.972,-0.965,0.971,0.956,0.898,0.903,0.979,0.659,0.991,0.974,0.938,-0.906,0.99,-0.908,0.948,-0.302,0.374,-0.125,0.97,-0.989,-0.826,-0.859,-0.975,0.913,0.922,-0.957,0.948,-0.968,-0.98,0.417,-0.749,0.84,-0.994,-0.979,0.876,0.979,-0.911,0.994,-0.994,-0.664,-0.621,-0.979,-0.979,-0.686,0.86,-0.972,0.965,0.916,-0.97,0.975,0.924,-0.971,-0.817,0.994,-0.993,0.77,-0.977,0.986,-0.978,-0.959,-0.96,0.994,0.987,0.711,-0.997,0.997,0.685,-0.93,-0.993,0.832,-0.973,0.989,-0.992,-0.99,5.315,4.427,10.533,10.503,10.539,10.526,10.521,10.475,5.247,4.525,10.511,10.464,5.599,5.145,10.53,10.48,EssenceCatalog/problems/csplib-prob010-SocialGolfers/params/f4ef268e0b3f268d2e8c0a5588b2ec65.param
0.995,0.803,-0.945,0.008,0.967,-0.992,-0.838,-0.692,-0.977,-0.812,0.887,0.977,0.901,-0.881,-0.834,0.857,-0.982,0.959,0.956,-0.937,-0.993,-0.294,0.139,-0.929,-0.974,-0.637,-0.966,-0.958,0.963,0.366,0.9,0.978,0.987,0.902,0.99,0.965,0.912,-0.819,0.985,-0.689,0.74,0.718,-0.969,0.849,0.939,-0.993,-0.941,-0.909,-0.985,0.051,0.973,-0.96,0.919,-0.983,-0.979,0.909,-0.935,0.868,-0.995,-0.969,0.855,0.97,-0.916,0.986,-0.996,-0.846,-0.794,-0.991,-0.99,-0.888,0.888,-0.985,0.901,0.944,-0.984,0.985,0.95,-0.949,-0.877,0.998,-0.996,0.904,-0.974,0.975,-0.983,-0.98,-0.953,0.996,0.982,0.931,-0.997,0.997,0.56,-0.606,-0.996,0.966,-0.991,0.99,-0.996,-0.983,7.86,5.512,10.52,10.495,10.466,10.535,10.496,10.584,6.714,5.769,10.525,10.517,7.069,7.142,10.533,10.526,EssenceCatalog/problems/csplib-prob010-SocialGolfers/params/653c0295a2c97820715007591b435859.param
0.995,0.854,-0.737,-0.956,-0.483,-0.998,0.628,-0.392,0.932,-0.509,0.634,0.987,-0.949,0.974,-0.97,0.972,-0.989,0.812,0.978,-0.237,-0.992,-0.966,0.766,-0.884,-0.993,-0.996,-0.984,-0.958,0.994,0.97,0.948,0.969,0.996,0.982,0.997,0.996,0.971,-0.944,-0.985,-0.784,0.986,-0.819,-0.953,0.702,0.983,-0.975,0.689,0.981,0.972,0.98,0.99,0.614,0.977,-0.933,-0.995,-0.913,-0.914,0.938,-0.997,-0.995,0.949,0.985,-0.97,0.999,-0.995,-0.81,-0.862,-0.996,-0.997,-0.966,0.983,-0.993,-0.909,-0.945,0.957,0.997,0.985,-0.995,-0.921,0.997,-0.996,0.851,-0.983,0.99,-0.992,-0.671,-0.984,0.997,0.995,0.867,-0.998,0.997,0.925,-0.905,-0.997,-0.942,-0.986,0.996,-0.997,-0.995,4.246,3.51,5.043,10.131,10.589,10.465,10.602,10.742,4.248,3.753,5.092,10.136,4.816,4.396,6.145,10.177,EssenceCatalog/problems/csplib-prob010-SocialGolfers/params/567f04063562db95f57211b9de413b90.param
0.995,0.802,-0.95,-0.081,0.969,-0.992,-0.849,-0.726,-0.981,-0.835,0.842,0.981,0.95,-0.902,-0.893,0.854,-0.984,0.966,0.954,-0.931,-0.993,-0.105,0.174,-0.953,-0.977,-0.599,-0.97,-0.963,0.966,0.285,0.911,0.98,0.987,0.929,0.99,0.968,0.905,-0.866,0.987,-0.774,0.777,0.884,-0.98,0.822,0.942,-0.994,-0.945,-0.908,-0.986,0.088,0.97,-0.959,0.939,-0.984,-0.98,0.921,-0.947,0.877,-0.995,-0.965,0.849,0.971,-0.873,0.986,-0.996,-0.85,-0.809,-0.992,-0.991,-0.88,0.904,-0.986,0.927,0.955,-0.986,0.988,0.934,-0.948,-0.8,0.998,-0.996,0.929,-0.974,0.975,-0.983,-0.984,-0.956,0.996,0.984,0.93,-0.997,0.997,0.579,-0.54,-0.996,0.971,-0.992,0.988,-0.996,-0.984,7.992,5.58,10.559,10.514,10.494,10.546,10.523,10.585,6.814,5.848,10.564,10.53,7.158,7.209,10.553,10.551,EssenceCatalog/problems/csplib-prob010-SocialGolfers/params/68326ad887a784e62557eb540d988fef.param
0.989,0.911,-0.473,-0.551,0.802,-0.995,-0.953,-0.858,-0.979,-0.825,0.888,0.963,-0.905,-0.941,0.27,0.843,-0.955,-0.351,0.98,-0.928,-0.994,-0.028,0.935,0.632,-0.982,-0.794,-0.973,-0.989,0.983,0.584,0.937,0.923,0.985,0.233,0.993,0.982,0.964,-0.923,0.988,-0.911,0.938,-0.0,0.87,0.72,0.952,-0.991,-0.94,-0.951,-0.981,0.274,0.835,-0.966,0.956,-0.979,-0.885,0.668,-0.569,0.935,-0.995,-0.961,0.936,0.988,-0.45,0.993,-0.998,-0.84,-0.874,-0.987,-0.972,-0.789,0.84,-0.976,0.964,0.948,-0.976,0.977,0.877,-0.973,-0.932,0.994,-0.995,0.761,-0.981,0.989,-0.991,-0.964,-0.972,0.996,0.994,0.821,-0.999,0.998,0.881,-0.98,-0.995,0.859,-0.976,0.988,-0.991,-0.99,6.201,4.483,10.56,10.32,10.496,10.42,10.46,10.275,5.614,4.623,10.517,10.211,6.001,5.475,10.481,10.307,EssenceCatalog/problems/csplib-prob010-SocialGolfers/params/8d9794cda5467e0e2804369a76187529.param
0.991,0.864,-0.81,-0.977,0.835,-0.996,-0.841,-0.724,-0.977,-0.778,0.704,0.965,-0.742,-0.859,0.093,0.756,-0.983,0.0,0.969,-0.855,-0.995,-0.96,0.615,0.487,-0.98,-0.982,-0.973,-0.963,0.972,0.976,0.888,0.912,0.98,0.76,0.992,0.982,0.939,-0.9,0.986,-0.902,0.96,-0.201,-0.16,-0.579,0.979,-0.991,-0.798,-0.75,-0.975,0.971,0.964,-0.952,0.95,-0.973,-0.99,0.43,-0.867,0.811,-0.995,-0.989,0.894,0.974,-0.964,0.995,-0.995,-0.647,-0.598,-0.982,-0.986,-0.711,0.867,-0.975,0.96,0.897,-0.967,0.986,0.957,-0.98,-0.749,0.996,-0.994,0.854,-0.98,0.989,-0.979,-0.957,-0.965,0.995,0.984,0.736,-0.998,0.998,0.445,-0.859,-0.995,0.835,-0.98,0.992,-0.994,-0.993,5.296,4.558,10.538,10.547,10.551,10.554,10.532,10.522,5.3,4.665,10.52,10.541,5.635,5.279,10.571,10.532,EssenceCatalog/problems/csplib-prob010-SocialGolfers/params/22fb412d1981500c8d78b43132a66177.param
0.99,0.814,-0.817,-0.964,0.845,-0.995,-0.85,-0.733,-0.978,-0.791,0.533,0.972,-0.231,-0.871,-0.328,0.731,-0.98,0.328,0.963,-0.844,-0.994,-0.91,0.588,-0.041,-0.976,-0.972,-0.967,-0.959,0.971,0.951,0.892,0.924,0.978,0.809,0.991,0.975,0.918,-0.92,0.988,-0.895,0.956,0.512,-0.593,-0.307,0.976,-0.989,-0.801,-0.759,-0.975,0.953,0.936,-0.936,0.963,-0.972,-0.983,0.586,-0.869,0.815,-0.993,-0.978,0.844,0.971,-0.924,0.992,-0.995,-0.67,-0.59,-0.98,-0.984,-0.668,0.878,-0.974,0.969,0.922,-0.968,0.983,0.93,-0.969,-0.557,0.994,-0.994,0.868,-0.976,0.985,-0.976,-0.959,-0.961,0.995,0.985,0.717,-0.998,0.997,0.49,-0.795,-0.995,0.877,-0.983,0.986,-0.995,-0.99,5.848,4.93,10.547,10.571,10.502,10.519,10.486,10.528,5.714,5.041,10.547,10.581,6.003,5.747,10.559,10.574,EssenceCatalog/problems/csplib-prob010-SocialGolfers/params/ebe9bec242c89b73397ce4607029e953.param
0.999,0.968,-0.974,0.99,0.988,-0.996,-0.987,-0.986,-0.989,-0.98,0.984,0.994,0.994,-0.973,-0.992,0.981,-0.987,0.992,0.991,-0.989,-0.998,0.993,0.982,-0.992,-0.994,0.98,-0.988,-0.997,0.996,-0.982,0.983,0.996,0.995,0.975,0.996,0.994,0.986,-0.978,0.989,-0.982,0.909,0.993,-0.991,0.993,0.876,-0.998,-0.992,-0.982,-0.985,-0.988,0.976,-0.989,0.991,-0.996,-0.788,0.989,-0.983,0.99,-0.999,-0.951,0.979,0.996,0.926,0.994,-0.999,-0.986,-0.986,-0.997,-0.995,-0.99,0.988,-0.996,0.962,0.989,-0.996,0.997,0.602,-0.938,-0.968,0.997,-0.999,0.983,-0.989,0.986,-0.997,-0.997,-0.991,0.999,0.998,0.992,-1.0,0.999,0.984,-0.974,-0.997,0.993,-0.997,0.992,-0.998,-0.994,9.894,5.85,10.47,10.409,10.514,10.425,10.56,10.513,7.691,6.183,10.455,10.352,8.129,7.958,10.453,10.447,EssenceCatalog/problems/csplib-prob010-SocialGolfers/params/78a16f97ffde5474d531d152f5b140b4.param
0.99,0.821,-0.825,-0.962,0.858,-0.995,-0.837,-0.719,-0.978,-0.785,0.615,0.968,-0.355,-0.868,-0.241,0.732,-0.981,0.307,0.963,-0.848,-0.994,-0.927,0.542,0.069,-0.976,-0.972,-0.969,-0.959,0.969,0.957,0.882,0.923,0.977,0.792,0.991,0.976,0.922,-0.904,0.987,-0.883,0.95,0.33,-0.535,-0.342,0.975,-0.99,-0.819,-0.766,-0.977,0.951,0.949,-0.946,0.952,-0.972,-0.985,0.581,-0.868,0.802,-0.993,-0.981,0.858,0.97,-0.943,0.993,-0.995,-0.656,-0.591,-0.981,-0.984,-0.703,0.867,-0.974,0.964,0.918,-0.969,0.983,0.94,-0.971,-0.638,0.995,-0.994,0.866,-0.976,0.986,-0.976,-0.959,-0.959,0.995,0.983,0.737,-0.998,0.997,0.442,-0.787,-0.995,0.872,-0.982,0.988,-0.994,-0.99,5.739,4.853,10.547,10.564,10.51,10.53,10.497,10.528,5.624,4.965,10.543,10.573,5.927,5.668,10.568,10.564,EssenceCatalog/problems/csplib-prob010-SocialGolfers/params/0cf98738d0ec16cc1c9ea315b9a43813.param
0.991,0.87,-0.806,-0.98,0.828,-0.997,-0.86,-0.753,-0.978,-0.779,0.733,0.961,-0.84,-0.86,0.276,0.757,-0.983,-0.178,0.975,-0.864,-0.995,-0.97,0.682,0.676,-0.982,-0.985,-0.973,-0.965,0.975,0.98,0.89,0.907,0.981,0.738,0.993,0.984,0.951,-0.905,0.987,-0.909,0.964,-0.454,0.092,-0.677,0.98,-0.991,-0.801,-0.756,-0.974,0.975,0.965,-0.957,0.95,-0.974,-0.989,0.362,-0.871,0.824,-0.995,-0.99,0.911,0.978,-0.97,0.996,-0.996,-0.64,-0.569,-0.982,-0.986,-0.716,0.866,-0.977,0.963,0.899,-0.968,0.986,0.963,-0.981,-0.81,0.996,-0.995,0.847,-0.983,0.99,-0.979,-0.957,-0.969,0.995,0.986,0.758,-0.998,0.998,0.444,-0.889,-0.996,0.834,-0.979,0.994,-0.994,-0.994,5.13,4.43,10.55,10.535,10.574,10.568,10.557,10.521,5.165,4.536,10.525,10.528,5.516,5.108,10.576,10.519,EssenceCatalog/problems/csplib-prob010-SocialGolfers/params/94b7d1f6e57559f444d5b2e1b56d57d2.param
0.989,0.881,-0.507,-0.922,0.713,-0.996,-0.899,-0.838,-0.975,-0.714,0.831,0.953,-0.96,-0.87,0.434,0.848,-0.976,-0.577,0.981,-0.888,-0.994,-0.904,0.89,0.836,-0.98,-0.964,-0.976,-0.973,0.975,0.958,0.911,0.902,0.983,0.538,0.993,0.979,0.959,-0.908,0.987,-0.917,0.952,-0.72,0.781,-0.099,0.97,-0.989,-0.836,-0.873,-0.97,0.896,0.927,-0.961,0.945,-0.969,-0.977,0.247,-0.691,0.877,-0.995,-0.982,0.913,0.986,-0.915,0.995,-0.995,-0.693,-0.672,-0.98,-0.98,-0.738,0.863,-0.975,0.959,0.898,-0.968,0.975,0.937,-0.977,-0.915,0.994,-0.994,0.712,-0.98,0.989,-0.982,-0.957,-0.966,0.995,0.99,0.739,-0.998,0.997,0.761,-0.967,-0.994,0.766,-0.971,0.992,-0.992,-0.991,5.12,4.221,10.507,10.478,10.569,10.541,10.552,10.463,5.052,4.325,10.477,10.427,5.429,4.91,10.505,10.45,EssenceCatalog/problems/csplib-prob010-SocialGolfers/params/1c9e3333a73f27b3a67f089fdbc94a2d.param
0.965,0.905,-0.789,-0.888,0.848,-0.988,-0.985,-0.544,-0.965,-0.882,0.901,0.902,-0.908,-0.968,0.967,-0.006,-0.605,-0.716,0.962,-0.917,-0.989,0.449,0.793,0.911,-0.983,-0.878,-0.82,-0.986,0.969,-0.257,0.895,0.773,0.948,-0.855,0.988,0.985,0.958,-0.795,0.98,-0.701,0.932,-0.232,0.981,-0.149,0.929,-0.977,-0.947,-0.945,-0.984,0.748,0.744,-0.938,0.955,-0.978,0.236,0.796,-0.597,0.941,-0.991,-0.938,0.96,0.956,-0.674,0.965,-0.995,-0.832,-0.864,-0.957,-0.901,-0.316,0.408,-0.95,0.953,0.951,-0.96,0.963,0.895,-0.968,-0.928,0.968,-0.991,0.703,-0.976,0.988,-0.988,-0.872,-0.963,0.99,0.985,0.717,-0.999,0.998,0.278,-0.962,-0.993,0.9,-0.954,0.985,-0.968,-0.983,5.225,3.846,9.858,9.215,9.677,9.591,9.629,9.317,4.848,4.068,9.824,9.11,5.209,4.609,9.775,9.231,EssenceCatalog/problems/csplib-prob010-SocialGolfers/params/53d41353ae8bd75839a1db335448333a.param
0.991,0.787,-0.882,-0.913,0.905,-0.994,-0.853,-0.743,-0.983,-0.841,0.37,0.98,0.761,-0.911,-0.775,0.737,-0.982,0.763,0.948,-0.835,-0.993,-0.7,0.483,-0.759,-0.975,-0.928,-0.97,-0.963,0.967,0.849,0.905,0.954,0.977,0.899,0.989,0.972,0.883,-0.932,0.99,-0.915,0.944,0.927,-0.923,0.018,0.969,-0.99,-0.86,-0.819,-0.983,0.888,0.926,-0.943,0.967,-0.976,-0.982,0.796,-0.915,0.827,-0.991,-0.963,0.804,0.966,-0.82,0.989,-0.995,-0.718,-0.662,-0.985,-0.986,-0.691,0.896,-0.975,0.976,0.953,-0.98,0.986,0.886,-0.957,-0.241,0.994,-0.994,0.927,-0.97,0.98,-0.976,-0.976,-0.959,0.995,0.984,0.773,-0.997,0.997,0.496,-0.586,-0.995,0.93,-0.988,0.978,-0.996,-0.988,6.708,5.407,10.585,10.565,10.453,10.493,10.465,10.529,6.302,5.554,10.587,10.61,6.546,6.438,10.578,10.614,EssenceCatalog/problems/csplib-prob010-SocialGolfers/params/06f06761f9da45c68e2faa026031447e.param
0.988,0.834,-0.636,-0.927,0.795,-0.994,-0.874,-0.802,-0.979,-0.746,0.665,0.963,-0.729,-0.886,-0.086,0.791,-0.975,-0.129,0.968,-0.857,-0.994,-0.866,0.788,0.404,-0.974,-0.956,-0.97,-0.966,0.971,0.939,0.898,0.911,0.977,0.704,0.991,0.972,0.926,-0.914,0.99,-0.91,0.947,0.145,0.09,-0.003,0.968,-0.988,-0.832,-0.857,-0.977,0.897,0.904,-0.95,0.955,-0.968,-0.977,0.507,-0.76,0.842,-0.993,-0.973,0.853,0.976,-0.871,0.993,-0.994,-0.672,-0.634,-0.979,-0.978,-0.669,0.867,-0.971,0.969,0.925,-0.97,0.976,0.906,-0.966,-0.733,0.994,-0.993,0.802,-0.975,0.985,-0.978,-0.96,-0.958,0.994,0.986,0.699,-0.997,0.997,0.686,-0.907,-0.993,0.848,-0.976,0.985,-0.992,-0.989,5.588,4.618,10.555,10.536,10.528,10.522,10.509,10.489,5.466,4.719,10.543,10.499,5.791,5.383,10.544,10.521,EssenceCatalog/problems/csplib-prob010-SocialGolfers/params/61a85988553f1aebb4b99b2cf805c42f.param
0.989,0.925,-0.955,-0.664,-0.544,-0.949,-0.922,0.843,0.988,-0.849,0.943,0.968,-0.968,0.95,0.879,0.713,0.798,0.86,0.964,-0.932,-0.992,0.884,-0.337,-0.737,-0.985,-0.962,0.474,-0.972,0.983,-0.903,0.935,0.606,0.993,-0.891,0.997,0.993,0.972,-0.266,-0.992,0.906,0.94,-0.932,0.936,0.964,0.981,-0.751,-0.546,0.945,0.982,0.858,0.854,0.962,0.967,-0.962,0.939,-0.761,-0.424,0.972,-0.996,-0.934,0.976,0.958,-0.882,0.867,-0.996,-0.976,-0.978,-0.815,-0.978,-0.913,0.869,-0.967,-0.973,-0.902,0.988,0.978,0.983,-0.993,-0.986,0.891,-0.997,-0.277,-0.983,0.99,-0.995,0.936,-0.983,0.996,0.988,0.827,-0.999,0.997,0.846,-0.956,-0.994,-0.817,-0.972,0.969,-0.979,-0.981,3.895,2.36,3.219,7.322,9.18,8.612,9.095,8.98,3.301,2.785,3.382,7.284,3.969,3.399,4.293,7.502,EssenceCatalog/problems/csplib-prob010-SocialGolfers/params/ord24-5-7-5.param
0.991,0.781,-0.899,-0.88,0.921,-0.993,-0.861,-0.75,-0.985,-0.852,0.391,0.981,0.849,-0.918,-0.822,0.742,-0.982,0.824,0.948,-0.845,-0.993,-0.62,0.446,-0.825,-0.975,-0.906,-0.97,-0.963,0.966,0.805,0.905,0.96,0.977,0.912,0.988,0.969,0.88,-0.932,0.991,-0.912,0.935,0.944,-0.946,0.126,0.967,-0.99,-0.879,-0.839,-0.984,0.846,0.928,-0.948,0.966,-0.977,-0.982,0.833,-0.926,0.83,-0.991,-0.958,0.802,0.967,-0.803,0.987,-0.995,-0.733,-0.67,-0.986,-0.987,-0.714,0.898,-0.977,0.977,0.96,-0.983,0.986,0.878,-0.951,-0.25,0.995,-0.994,0.934,-0.97,0.979,-0.975,-0.979,-0.958,0.995,0.984,0.801,-0.997,0.997,0.502,-0.538,-0.996,0.944,-0.989,0.977,-0.996,-0.987,6.876,5.464,10.605,10.565,10.456,10.5,10.479,10.538,6.39,5.623,10.603,10.612,6.637,6.552,10.59,10.623,EssenceCatalog/problems/csplib-prob010-SocialGolfers/params/7710d9aa81dfc2d0971c7f1af182d26b.param
0.988,0.874,-0.516,-0.918,0.729,-0.996,-0.898,-0.826,-0.971,-0.746,0.749,0.963,-0.904,-0.874,0.163,0.819,-0.972,-0.401,0.976,-0.866,-0.994,-0.823,0.871,0.635,-0.979,-0.959,-0.973,-0.977,0.977,0.93,0.916,0.906,0.981,0.582,0.992,0.979,0.945,-0.919,0.986,-0.92,0.956,-0.179,0.6,0.132,0.969,-0.989,-0.841,-0.86,-0.969,0.883,0.895,-0.944,0.962,-0.97,-0.968,0.376,-0.69,0.879,-0.994,-0.976,0.89,0.983,-0.841,0.994,-0.996,-0.713,-0.723,-0.982,-0.978,-0.702,0.872,-0.972,0.961,0.911,-0.96,0.978,0.912,-0.974,-0.83,0.994,-0.994,0.765,-0.978,0.988,-0.985,-0.957,-0.965,0.995,0.99,0.719,-0.998,0.998,0.774,-0.952,-0.995,0.788,-0.974,0.988,-0.993,-0.991,5.414,4.409,10.539,10.505,10.569,10.542,10.542,10.465,5.286,4.512,10.512,10.44,5.642,5.148,10.522,10.484,EssenceCatalog/problems/csplib-prob010-SocialGolfers/params/534ec98edf64ae42de6563808a6c24fc.param
0.994,0.911,-0.568,-0.95,-0.778,-0.998,0.489,-0.21,0.972,-0.406,0.871,0.987,-0.993,0.984,-0.915,0.972,-0.985,0.613,0.988,-0.551,-0.995,-0.965,0.86,-0.576,-0.994,-0.996,-0.979,-0.967,0.995,0.962,0.952,0.95,0.997,0.946,0.998,0.998,0.981,-0.924,-0.993,-0.643,0.988,-0.972,-0.72,0.791,0.985,-0.971,0.663,0.985,0.983,0.977,0.992,0.722,0.98,-0.919,-0.992,-0.956,-0.803,0.949,-0.998,-0.996,0.965,0.989,-0.977,0.999,-0.997,-0.857,-0.907,-0.995,-0.997,-0.973,0.978,-0.993,-0.954,-0.969,0.976,0.997,0.988,-0.997,-0.972,0.997,-0.997,0.593,-0.989,0.995,-0.994,-0.529,-0.985,0.997,0.995,0.873,-0.999,0.998,0.948,-0.968,-0.998,-0.972,-0.982,0.998,-0.997,-0.996,4.086,3.347,4.868,10.059,10.591,10.438,10.612,10.746,4.082,3.59,4.893,10.053,4.69,4.192,5.98,10.112,EssenceCatalog/problems/csplib-prob010-SocialGolfers/params/9289ac230ced1e9c7ff6b64410f9221d.param
0.991,0.783,-0.904,-0.909,0.916,-0.994,-0.831,-0.705,-0.982,-0.841,0.432,0.979,0.792,-0.901,-0.781,0.734,-0.983,0.811,0.947,-0.839,-0.993,-0.745,0.365,-0.788,-0.976,-0.933,-0.971,-0.959,0.964,0.86,0.897,0.957,0.978,0.905,0.989,0.972,0.882,-0.92,0.988,-0.896,0.935,0.91,-0.941,-0.002,0.969,-0.991,-0.861,-0.805,-0.982,0.891,0.946,-0.943,0.961,-0.976,-0.985,0.807,-0.927,0.816,-0.992,-0.969,0.813,0.964,-0.873,0.989,-0.995,-0.712,-0.654,-0.987,-0.988,-0.726,0.892,-0.976,0.971,0.948,-0.979,0.987,0.91,-0.96,-0.328,0.995,-0.994,0.929,-0.971,0.98,-0.976,-0.976,-0.957,0.995,0.982,0.791,-0.997,0.997,0.423,-0.52,-0.996,0.932,-0.988,0.982,-0.996,-0.988,6.696,5.411,10.578,10.563,10.452,10.503,10.466,10.536,6.286,5.562,10.58,10.615,6.535,6.464,10.581,10.613,EssenceCatalog/problems/csplib-prob010-SocialGolfers/params/de07401f333c2a5fcb7ba2adfb1be6bb.param
0.991,0.832,-0.843,-0.972,0.853,-0.995,-0.837,-0.709,-0.978,-0.795,0.607,0.97,-0.389,-0.865,-0.203,0.729,-0.982,0.294,0.964,-0.847,-0.995,-0.94,0.525,0.074,-0.978,-0.977,-0.97,-0.959,0.97,0.964,0.885,0.924,0.978,0.803,0.991,0.977,0.924,-0.906,0.987,-0.889,0.956,0.301,-0.547,-0.449,0.978,-0.99,-0.801,-0.742,-0.977,0.964,0.954,-0.942,0.955,-0.973,-0.988,0.556,-0.88,0.807,-0.994,-0.984,0.864,0.97,-0.951,0.993,-0.995,-0.659,-0.589,-0.981,-0.986,-0.699,0.872,-0.975,0.964,0.912,-0.968,0.985,0.948,-0.974,-0.634,0.995,-0.994,0.871,-0.978,0.987,-0.977,-0.957,-0.962,0.995,0.983,0.729,-0.998,0.997,0.416,-0.784,-0.995,0.867,-0.983,0.989,-0.995,-0.991,5.675,4.834,10.541,10.565,10.515,10.533,10.5,10.53,5.589,4.946,10.538,10.576,5.892,5.63,10.568,10.564,EssenceCatalog/problems/csplib-prob010-SocialGolfers/params/81d098fe8b81ae93ba5e7af44f863422.param
0.991,0.772,-0.889,-0.895,0.913,-0.993,-0.837,-0.715,-0.982,-0.817,0.488,0.976,0.67,-0.9,-0.706,0.727,-0.981,0.756,0.949,-0.849,-0.993,-0.768,0.386,-0.698,-0.973,-0.93,-0.967,-0.954,0.963,0.871,0.886,0.951,0.977,0.882,0.988,0.968,0.889,-0.91,0.99,-0.873,0.925,0.851,-0.905,0.042,0.968,-0.99,-0.863,-0.819,-0.983,0.871,0.94,-0.945,0.955,-0.975,-0.983,0.788,-0.909,0.811,-0.992,-0.967,0.808,0.964,-0.886,0.988,-0.994,-0.703,-0.625,-0.984,-0.986,-0.723,0.88,-0.976,0.97,0.948,-0.979,0.983,0.91,-0.954,-0.435,0.995,-0.994,0.911,-0.971,0.98,-0.973,-0.972,-0.953,0.995,0.982,0.785,-0.997,0.997,0.428,-0.57,-0.995,0.93,-0.988,0.982,-0.995,-0.986,6.618,5.35,10.569,10.55,10.446,10.494,10.457,10.532,6.222,5.495,10.571,10.599,6.476,6.396,10.571,10.593,EssenceCatalog/problems/csplib-prob010-SocialGolfers/params/a809a6cb23d0c4b86856d9368f38df1f.param
0.994,0.907,-0.527,-0.909,-0.483,-0.998,0.458,-0.179,0.953,-0.466,0.859,0.985,-0.978,0.968,-0.929,0.968,-0.989,0.758,0.984,-0.576,-0.994,-0.948,0.825,-0.723,-0.993,-0.994,-0.984,-0.972,0.993,0.946,0.948,0.95,0.996,0.948,0.997,0.998,0.975,-0.908,-0.989,-0.769,0.983,-0.925,-0.827,0.805,0.981,-0.982,0.349,0.972,0.964,0.957,0.993,0.402,0.973,-0.925,-0.994,-0.911,-0.833,0.933,-0.997,-0.996,0.969,0.987,-0.966,0.999,-0.998,-0.859,-0.912,-0.997,-0.996,-0.975,0.974,-0.992,-0.932,-0.932,0.952,0.998,0.983,-0.997,-0.96,0.998,-0.997,0.775,-0.985,0.994,-0.995,-0.806,-0.983,0.997,0.995,0.887,-0.999,0.998,0.932,-0.947,-0.998,-0.93,-0.982,0.998,-0.997,-0.996,4.331,3.499,5.181,10.169,10.666,10.546,10.684,10.769,4.258,3.757,5.206,10.175,4.876,4.438,6.285,10.215,EssenceCatalog/problems/csplib-prob010-SocialGolfers/params/0c11d7164d86bcff5b619210d91e82c3.param
0.991,0.841,-0.824,-0.972,0.845,-0.996,-0.833,-0.723,-0.978,-0.783,0.644,0.968,-0.546,-0.863,-0.124,0.746,-0.983,0.183,0.966,-0.848,-0.995,-0.947,0.571,0.239,-0.978,-0.978,-0.972,-0.96,0.971,0.969,0.885,0.921,0.978,0.794,0.991,0.979,0.929,-0.905,0.987,-0.896,0.956,0.12,-0.432,-0.481,0.977,-0.99,-0.8,-0.75,-0.976,0.964,0.958,-0.947,0.953,-0.972,-0.989,0.509,-0.872,0.807,-0.994,-0.986,0.873,0.972,-0.955,0.994,-0.995,-0.652,-0.586,-0.982,-0.986,-0.703,0.872,-0.975,0.963,0.908,-0.968,0.985,0.949,-0.976,-0.678,0.996,-0.994,0.865,-0.979,0.987,-0.977,-0.958,-0.963,0.995,0.983,0.731,-0.998,0.997,0.441,-0.817,-0.995,0.854,-0.982,0.99,-0.995,-0.992,5.537,4.734,10.543,10.568,10.529,10.543,10.514,10.534,5.487,4.844,10.535,10.572,5.801,5.503,10.574,10.561,EssenceCatalog/problems/csplib-prob010-SocialGolfers/params/24a4f0993c64345d09accee86ef6915a.param
0.989,-0.794,-0.95,-0.38,-0.918,0.915,-0.955,-0.962,-0.472,-0.384,-0.578,0.923,0.045,0.931,-0.894,0.947,0.819,0.563,0.993,-0.947,-0.944,-0.918,0.862,-0.811,-0.898,-0.918,0.277,0.865,0.965,0.893,0.814,0.955,0.909,0.955,0.979,-0.921,0.951,-0.952,0.976,0.812,0.915,-0.975,-0.928,0.927,0.97,0.727,0.953,0.869,0.912,0.735,-0.933,0.943,0.969,-0.911,0.819,-0.896,-0.597,0.978,-0.988,0.882,-0.721,0.986,-0.91,-0.88,0.93,-0.898,0.931,0.976,-0.971,0.212,0.973,-0.99,0.934,-0.324,-0.831,-0.966,0.858,0.956,-0.956,-0.991,-0.992,-0.947,-0.882,-0.195,0.91,0.942,-0.968,0.982,0.984,0.162,0.93,-0.859,0.945,-0.943,-0.649,0.674,-0.968,-0.898,-0.929,0.796,2.165,1.74,2.416,4.874,3.382,2.641,3.579,7.564,2.285,1.709,2.316,4.893,2.654,2.166,2.501,4.792,EssenceCatalog/problems/csplib-prob010-SocialGolfers/params/ord12-7-7-3.param
0.98,-0.044,-0.774,-0.92,0.813,-0.901,-0.961,-0.965,-0.997,-0.623,0.013,0.887,0.165,-0.925,-0.415,0.714,-0.908,-0.445,0.984,-0.891,-0.983,-0.97,0.862,0.688,-0.935,-0.939,-0.89,-0.508,0.963,0.968,0.769,0.928,0.903,0.908,0.984,0.51,0.926,-0.962,0.999,-0.827,0.934,-0.351,-0.598,-0.675,0.96,-0.936,-0.418,-0.906,-0.98,0.867,0.192,-0.958,0.948,-0.967,-0.881,0.485,-0.841,0.842,-0.985,-0.777,0.349,0.979,-0.893,0.896,-0.823,-0.259,0.797,-0.664,-0.963,-0.007,0.909,-0.985,0.997,0.975,-0.997,0.414,0.775,-0.096,-0.744,0.705,-0.988,0.517,-0.962,0.915,-0.497,-0.914,-0.929,0.989,0.985,0.563,-0.899,0.901,0.582,-0.875,-0.954,0.978,-0.981,0.81,-0.986,-0.902,4.479,4.177,9.277,9.225,8.894,8.866,8.988,9.349,4.728,4.185,9.275,9.298,4.924,4.569,9.227,9.197,EssenceCatalog/problems/csplib-prob010-SocialGolfers/params/742f0ca5c268976f99edaa6d4df2236f.param
0.994,0.78,-0.935,-0.342,0.959,-0.991,-0.825,-0.665,-0.978,-0.807,0.822,0.976,0.879,-0.883,-0.806,0.813,-0.98,0.939,0.951,-0.919,-0.993,-0.437,0.127,-0.902,-0.973,-0.755,-0.966,-0.952,0.959,0.536,0.89,0.971,0.984,0.892,0.989,0.962,0.899,-0.837,0.987,-0.713,0.789,0.771,-0.96,0.745,0.949,-0.992,-0.927,-0.891,-0.984,0.345,0.965,-0.954,0.924,-0.981,-0.979,0.892,-0.928,0.846,-0.994,-0.966,0.836,0.965,-0.91,0.985,-0.995,-0.806,-0.747,-0.989,-0.988,-0.849,0.879,-0.982,0.924,0.945,-0.983,0.984,0.938,-0.948,-0.801,0.997,-0.995,0.902,-0.971,0.975,-0.979,-0.977,-0.949,0.995,0.98,0.903,-0.996,0.997,0.487,-0.547,-0.995,0.962,-0.99,0.987,-0.995,-0.982,7.51,5.482,10.54,10.512,10.462,10.533,10.493,10.575,6.581,5.709,10.54,10.546,6.903,6.96,10.55,10.554,EssenceCatalog/problems/csplib-prob010-SocialGolfers/params/0c4b81496f4ea11ecf167e4011352a61.param
0.989,0.868,-0.704,-0.97,0.795,-0.996,-0.876,-0.771,-0.978,-0.759,0.708,0.963,-0.838,-0.879,0.219,0.767,-0.979,-0.257,0.971,-0.86,-0.994,-0.931,0.753,0.623,-0.979,-0.977,-0.972,-0.967,0.972,0.966,0.898,0.902,0.98,0.669,0.992,0.98,0.937,-0.907,0.989,-0.914,0.96,-0.225,0.236,-0.403,0.975,-0.99,-0.812,-0.817,-0.976,0.956,0.942,-0.953,0.957,-0.971,-0.984,0.417,-0.801,0.836,-0.994,-0.984,0.889,0.977,-0.937,0.994,-0.995,-0.67,-0.641,-0.98,-0.982,-0.653,0.858,-0.973,0.965,0.909,-0.967,0.982,0.941,-0.978,-0.771,0.995,-0.994,0.818,-0.979,0.988,-0.98,-0.957,-0.963,0.994,0.986,0.701,-0.998,0.998,0.593,-0.916,-0.994,0.825,-0.975,0.991,-0.993,-0.992,5.247,4.446,10.546,10.511,10.555,10.542,10.529,10.48,5.233,4.55,10.528,10.482,5.58,5.135,10.55,10.492,EssenceCatalog/problems/csplib-prob010-SocialGolfers/params/8318e358c919416d891c2a1093edf8a2.param
0.987,0.82,-0.553,-0.431,0.857,-0.991,-0.892,-0.869,-0.982,-0.761,0.716,0.965,-0.21,-0.916,-0.599,0.855,-0.97,0.314,0.962,-0.89,-0.992,-0.235,0.844,-0.272,-0.967,-0.734,-0.969,-0.974,0.972,0.687,0.913,0.939,0.977,0.763,0.988,0.96,0.917,-0.926,0.992,-0.902,0.897,0.728,-0.178,0.752,0.947,-0.989,-0.908,-0.933,-0.982,0.252,0.823,-0.957,0.95,-0.971,-0.953,0.752,-0.698,0.884,-0.991,-0.935,0.84,0.979,-0.445,0.988,-0.994,-0.757,-0.747,-0.983,-0.974,-0.749,0.889,-0.971,0.967,0.956,-0.981,0.97,0.781,-0.943,-0.729,0.993,-0.992,0.807,-0.968,0.977,-0.981,-0.972,-0.95,0.994,0.988,0.78,-0.997,0.997,0.836,-0.908,-0.993,0.911,-0.98,0.973,-0.991,-0.983,6.986,5.085,10.512,10.452,10.451,10.434,10.442,10.41,6.228,5.231,10.486,10.416,6.566,6.263,10.465,10.453,EssenceCatalog/problems/csplib-prob010-SocialGolfers/params/bc63c166ba03c0546ef575634839390e.param
0.995,0.952,-0.97,0.89,0.898,-0.986,-0.945,0.287,0.963,-0.937,0.958,0.983,0.808,0.722,-0.712,0.862,-0.378,0.989,0.962,-0.974,-0.989,0.988,0.657,-0.981,-0.992,0.394,-0.606,-0.991,0.99,-0.991,0.954,0.945,0.992,0.175,0.996,0.996,0.963,-0.805,-0.982,0.061,0.898,0.705,-0.774,0.991,0.938,-0.958,-0.954,0.753,0.932,-0.617,0.929,0.431,0.974,-0.984,0.934,0.752,-0.917,0.976,-0.995,-0.895,0.987,0.985,0.443,0.969,-0.998,-0.991,-0.987,-0.976,-0.975,-0.972,0.957,-0.991,-0.931,-0.087,0.884,0.996,0.888,-0.967,-0.985,0.982,-0.998,0.885,-0.978,0.989,-0.998,-0.56,-0.978,0.996,0.996,0.971,-0.999,0.998,0.916,-0.928,-0.996,0.695,-0.988,0.978,-0.988,-0.985,7.806,4.305,6.049,8.69,9.659,9.354,9.655,9.475,5.903,4.806,6.279,8.653,6.54,6.339,6.833,8.593,EssenceCatalog/problems/csplib-prob010-SocialGolfers/params/ord34-4-8-7.param
0.995,0.859,-0.774,-0.969,-0.845,-0.997,0.623,-0.251,0.981,-0.402,0.673,0.99,-0.987,0.993,-0.965,0.978,-0.978,0.745,0.988,-0.236,-0.993,-0.978,0.783,-0.838,-0.994,-0.998,-0.972,-0.95,0.996,0.975,0.958,0.967,0.997,0.979,0.998,0.996,0.983,-0.951,-0.995,-0.535,0.991,-0.953,-0.902,0.762,0.989,-0.951,0.875,0.995,0.994,0.988,0.984,0.892,0.984,-0.921,-0.989,-0.972,-0.878,0.962,-0.998,-0.994,0.944,0.988,-0.983,0.998,-0.993,-0.831,-0.868,-0.99,-0.998,-0.964,0.986,-0.994,-0.966,-0.985,0.989,0.996,0.99,-0.995,-0.956,0.993,-0.997,0.63,-0.987,0.991,-0.991,0.054,-0.988,0.997,0.996,0.862,-0.998,0.995,0.955,-0.95,-0.997,-0.983,-0.985,0.994,-0.997,-0.993,4.017,3.344,4.593,9.984,10.525,10.353,10.545,10.749,4.066,3.566,4.655,9.986,4.641,4.151,5.722,10.029,EssenceCatalog/problems/csplib-prob010-SocialGolfers/params/a3707f8aa9cee4956df1bdb047b55324.param
0.99,0.805,-0.859,-0.954,0.879,-0.994,-0.83,-0.707,-0.98,-0.796,0.551,0.971,0.043,-0.878,-0.429,0.723,-0.981,0.503,0.958,-0.846,-0.994,-0.906,0.464,-0.262,-0.975,-0.966,-0.968,-0.955,0.967,0.945,0.881,0.934,0.977,0.835,0.99,0.973,0.91,-0.906,0.988,-0.88,0.945,0.575,-0.743,-0.287,0.974,-0.99,-0.824,-0.771,-0.979,0.943,0.949,-0.944,0.953,-0.973,-0.986,0.658,-0.889,0.798,-0.993,-0.978,0.84,0.967,-0.936,0.992,-0.995,-0.666,-0.589,-0.982,-0.985,-0.705,0.871,-0.974,0.967,0.927,-0.973,0.984,0.936,-0.967,-0.56,0.995,-0.994,0.886,-0.975,0.984,-0.974,-0.963,-0.957,0.994,0.982,0.742,-0.997,0.997,0.402,-0.705,-0.995,0.895,-0.985,0.987,-0.995,-0.989,6.038,5.055,10.55,10.563,10.483,10.516,10.475,10.533,5.842,5.176,10.552,10.594,6.122,5.941,10.569,10.579,EssenceCatalog/problems/csplib-prob010-SocialGolfers/params/df77c4d0e4b20af31ab1dd0a376f8e87.param
0.992,0.863,-0.81,-0.979,0.833,-0.996,-0.85,-0.758,-0.979,-0.769,0.731,0.96,-0.83,-0.852,0.234,0.769,-0.984,-0.14,0.975,-0.867,-0.995,-0.973,0.669,0.668,-0.982,-0.984,-0.974,-0.961,0.974,0.982,0.885,0.911,0.981,0.757,0.993,0.982,0.951,-0.904,0.988,-0.904,0.962,-0.499,0.025,-0.681,0.979,-0.991,-0.793,-0.756,-0.974,0.974,0.967,-0.959,0.946,-0.974,-0.99,0.353,-0.871,0.818,-0.995,-0.99,0.909,0.978,-0.974,0.996,-0.995,-0.631,-0.537,-0.981,-0.986,-0.721,0.868,-0.978,0.963,0.9,-0.97,0.985,0.963,-0.979,-0.819,0.996,-0.995,0.848,-0.982,0.989,-0.976,-0.959,-0.967,0.995,0.985,0.765,-0.998,0.998,0.428,-0.883,-0.995,0.838,-0.979,0.994,-0.994,-0.993,5.129,4.44,10.538,10.537,10.562,10.56,10.55,10.526,5.166,4.544,10.512,10.534,5.516,5.124,10.571,10.52,EssenceCatalog/problems/csplib-prob010-SocialGolfers/params/cf38ba93134c52255947382620825124.param
0.988,0.808,-0.77,-0.933,0.86,-0.994,-0.855,-0.753,-0.981,-0.779,0.527,0.97,-0.08,-0.901,-0.422,0.737,-0.978,0.35,0.955,-0.842,-0.993,-0.819,0.629,-0.182,-0.972,-0.949,-0.968,-0.962,0.967,0.915,0.89,0.925,0.975,0.794,0.989,0.971,0.902,-0.914,0.99,-0.904,0.943,0.683,-0.587,-0.043,0.969,-0.989,-0.838,-0.839,-0.981,0.902,0.915,-0.946,0.958,-0.97,-0.98,0.665,-0.837,0.813,-0.991,-0.969,0.826,0.968,-0.861,0.991,-0.994,-0.675,-0.647,-0.981,-0.981,-0.648,0.866,-0.969,0.971,0.938,-0.974,0.98,0.898,-0.965,-0.496,0.994,-0.993,0.867,-0.971,0.982,-0.976,-0.966,-0.954,0.993,0.983,0.706,-0.997,0.997,0.561,-0.794,-0.994,0.893,-0.981,0.983,-0.994,-0.988,6.111,5.025,10.561,10.552,10.483,10.502,10.469,10.503,5.874,5.141,10.565,10.558,6.155,5.905,10.554,10.562,EssenceCatalog/problems/csplib-prob010-SocialGolfers/params/dfd5225ef252f6c823818ae13ac12ff1.param
0.988,0.779,-0.792,-0.838,0.894,-0.992,-0.857,-0.755,-0.983,-0.775,0.544,0.97,0.361,-0.91,-0.602,0.743,-0.975,0.593,0.949,-0.857,-0.992,-0.659,0.563,-0.515,-0.968,-0.899,-0.964,-0.957,0.962,0.836,0.886,0.938,0.974,0.815,0.987,0.963,0.887,-0.905,0.992,-0.875,0.912,0.797,-0.742,0.319,0.962,-0.989,-0.873,-0.876,-0.984,0.775,0.9,-0.948,0.949,-0.972,-0.975,0.769,-0.843,0.819,-0.991,-0.955,0.799,0.965,-0.804,0.987,-0.994,-0.697,-0.656,-0.981,-0.98,-0.686,0.86,-0.97,0.97,0.95,-0.98,0.976,0.869,-0.951,-0.495,0.994,-0.992,0.868,-0.966,0.977,-0.973,-0.969,-0.947,0.993,0.981,0.752,-0.996,0.996,0.584,-0.733,-0.994,0.925,-0.984,0.978,-0.993,-0.984,6.61,5.236,10.55,10.518,10.437,10.469,10.44,10.493,6.17,5.371,10.55,10.538,6.439,6.285,10.537,10.546,EssenceCatalog/problems/csplib-prob010-SocialGolfers/params/7c65ccb68898797beef0bbd12162eaec.param
0.991,0.788,-0.892,-0.935,0.902,-0.994,-0.83,-0.705,-0.982,-0.83,0.442,0.978,0.632,-0.896,-0.697,0.727,-0.983,0.733,0.949,-0.836,-0.993,-0.825,0.383,-0.676,-0.975,-0.949,-0.97,-0.957,0.965,0.905,0.892,0.951,0.977,0.888,0.989,0.972,0.89,-0.917,0.989,-0.894,0.941,0.857,-0.909,-0.134,0.972,-0.99,-0.842,-0.785,-0.981,0.92,0.945,-0.941,0.96,-0.974,-0.986,0.762,-0.917,0.81,-0.992,-0.972,0.815,0.963,-0.899,0.99,-0.995,-0.695,-0.631,-0.985,-0.987,-0.712,0.887,-0.975,0.971,0.941,-0.977,0.986,0.92,-0.963,-0.373,0.995,-0.994,0.917,-0.972,0.981,-0.975,-0.971,-0.957,0.995,0.982,0.769,-0.997,0.997,0.406,-0.569,-0.995,0.919,-0.987,0.983,-0.996,-0.988,6.493,5.327,10.563,10.559,10.451,10.496,10.457,10.531,6.163,5.466,10.567,10.609,6.414,6.318,10.571,10.6,EssenceCatalog/problems/csplib-prob010-SocialGolfers/params/d57c782a2e65c068d05406851bc1a204.param
0.988,0.897,-0.416,-0.899,0.66,-0.996,-0.896,-0.839,-0.965,-0.735,0.826,0.961,-0.962,-0.862,0.334,0.861,-0.974,-0.57,0.98,-0.874,-0.995,-0.815,0.913,0.766,-0.981,-0.958,-0.977,-0.981,0.979,0.934,0.927,0.904,0.985,0.511,0.993,0.982,0.956,-0.916,0.981,-0.925,0.959,-0.54,0.81,0.192,0.969,-0.989,-0.843,-0.863,-0.961,0.863,0.912,-0.946,0.959,-0.969,-0.971,0.225,-0.636,0.895,-0.995,-0.982,0.915,0.987,-0.844,0.996,-0.996,-0.73,-0.772,-0.984,-0.98,-0.756,0.877,-0.973,0.948,0.885,-0.951,0.98,0.925,-0.981,-0.901,0.994,-0.994,0.722,-0.98,0.99,-0.988,-0.956,-0.969,0.995,0.991,0.738,-0.998,0.998,0.829,-0.971,-0.995,0.696,-0.971,0.991,-0.993,-0.992,5.272,4.26,10.485,10.484,10.574,10.541,10.551,10.45,5.141,4.367,10.455,10.411,5.515,4.991,10.48,10.454,EssenceCatalog/problems/csplib-prob010-SocialGolfers/params/2348d2fef2dd432cf854c63d3fafe025.param
0.988,0.791,-0.769,-0.883,0.875,-0.993,-0.852,-0.749,-0.981,-0.77,0.552,0.969,0.121,-0.903,-0.509,0.742,-0.975,0.484,0.952,-0.85,-0.992,-0.746,0.592,-0.352,-0.969,-0.925,-0.966,-0.959,0.964,0.877,0.886,0.93,0.974,0.796,0.988,0.966,0.893,-0.905,0.991,-0.884,0.924,0.726,-0.654,0.204,0.965,-0.989,-0.859,-0.861,-0.982,0.838,0.905,-0.946,0.951,-0.97,-0.976,0.721,-0.832,0.815,-0.991,-0.961,0.81,0.966,-0.833,0.988,-0.994,-0.685,-0.652,-0.981,-0.979,-0.676,0.859,-0.969,0.969,0.943,-0.977,0.977,0.882,-0.957,-0.518,0.994,-0.992,0.859,-0.968,0.979,-0.974,-0.967,-0.949,0.993,0.982,0.729,-0.997,0.997,0.58,-0.766,-0.994,0.91,-0.982,0.98,-0.993,-0.986,6.369,5.125,10.55,10.533,10.459,10.486,10.455,10.5,6.021,5.25,10.552,10.545,6.297,6.099,10.541,10.551,EssenceCatalog/problems/csplib-prob010-SocialGolfers/params/03521534b9858b8be6b3f6223f047cdf.param
0.99,0.821,-0.829,-0.964,0.858,-0.995,-0.84,-0.718,-0.979,-0.799,0.541,0.972,-0.164,-0.877,-0.347,0.724,-0.981,0.377,0.959,-0.84,-0.994,-0.909,0.542,-0.105,-0.977,-0.971,-0.969,-0.96,0.969,0.95,0.889,0.926,0.977,0.814,0.99,0.976,0.913,-0.913,0.988,-0.897,0.954,0.552,-0.64,-0.33,0.975,-0.99,-0.812,-0.765,-0.977,0.953,0.944,-0.941,0.959,-0.972,-0.985,0.613,-0.877,0.807,-0.993,-0.979,0.849,0.968,-0.927,0.993,-0.995,-0.667,-0.613,-0.982,-0.985,-0.678,0.874,-0.973,0.968,0.923,-0.969,0.985,0.933,-0.971,-0.539,0.995,-0.994,0.88,-0.976,0.985,-0.977,-0.961,-0.96,0.994,0.983,0.72,-0.998,0.997,0.456,-0.767,-0.995,0.879,-0.983,0.987,-0.995,-0.991,5.897,4.967,10.552,10.57,10.501,10.523,10.485,10.526,5.749,5.08,10.554,10.585,6.036,5.799,10.566,10.576,EssenceCatalog/problems/csplib-prob010-SocialGolfers/params/87b40b2a4795b8d43de02521fc2811b3.param
0.992,0.893,-0.791,-0.986,0.776,-0.997,-0.871,-0.794,-0.977,-0.76,0.808,0.953,-0.96,-0.83,0.581,0.808,-0.986,-0.516,0.984,-0.884,-0.996,-0.985,0.795,0.896,-0.986,-0.99,-0.977,-0.967,0.979,0.989,0.896,0.901,0.984,0.726,0.994,0.987,0.969,-0.913,0.986,-0.923,0.972,-0.865,0.567,-0.846,0.982,-0.991,-0.754,-0.75,-0.968,0.984,0.975,-0.962,0.944,-0.976,-0.993,0.065,-0.873,0.851,-0.997,-0.994,0.942,0.985,-0.984,0.997,-0.996,-0.623,-0.521,-0.982,-0.988,-0.735,0.874,-0.981,0.959,0.863,-0.968,0.986,0.976,-0.986,-0.909,0.996,-0.995,0.825,-0.987,0.992,-0.978,-0.956,-0.974,0.996,0.987,0.802,-0.998,0.998,0.466,-0.941,-0.996,0.768,-0.977,0.996,-0.995,-0.995,4.833,4.2,10.507,10.499,10.596,10.563,10.58,10.51,4.92,4.304,10.472,10.488,5.286,4.804,10.529,10.488,EssenceCatalog/problems/csplib-prob010-SocialGolfers/params/9b3f8afe698e2827075a08087acb7868.param
0.992,0.786,-0.914,-0.866,0.928,-0.994,-0.837,-0.719,-0.983,-0.853,0.44,0.981,0.883,-0.911,-0.845,0.752,-0.984,0.866,0.944,-0.847,-0.993,-0.617,0.352,-0.868,-0.976,-0.903,-0.973,-0.962,0.965,0.791,0.905,0.964,0.979,0.92,0.988,0.972,0.875,-0.922,0.989,-0.9,0.926,0.944,-0.961,0.164,0.965,-0.991,-0.884,-0.831,-0.984,0.838,0.946,-0.946,0.962,-0.977,-0.985,0.846,-0.936,0.828,-0.992,-0.965,0.81,0.964,-0.834,0.988,-0.995,-0.737,-0.692,-0.988,-0.988,-0.747,0.9,-0.978,0.971,0.955,-0.981,0.988,0.897,-0.957,-0.298,0.996,-0.994,0.938,-0.97,0.979,-0.977,-0.981,-0.957,0.995,0.983,0.817,-0.997,0.997,0.46,-0.475,-0.996,0.943,-0.99,0.98,-0.996,-0.987,6.925,5.484,10.603,10.569,10.462,10.515,10.489,10.546,6.409,5.65,10.601,10.618,6.66,6.607,10.594,10.628,EssenceCatalog/problems/csplib-prob010-SocialGolfers/params/bf5de7a9bc21a371cb73aae038e03041.param
0.988,0.803,-0.731,-0.902,0.859,-0.993,-0.859,-0.762,-0.981,-0.748,0.621,0.964,-0.304,-0.894,-0.301,0.749,-0.975,0.261,0.958,-0.86,-0.993,-0.825,0.651,0.012,-0.97,-0.94,-0.966,-0.956,0.964,0.914,0.88,0.92,0.974,0.743,0.988,0.966,0.907,-0.898,0.991,-0.879,0.926,0.453,-0.391,0.109,0.966,-0.989,-0.85,-0.863,-0.981,0.862,0.911,-0.952,0.946,-0.969,-0.977,0.654,-0.802,0.811,-0.992,-0.967,0.83,0.97,-0.876,0.99,-0.994,-0.667,-0.615,-0.979,-0.978,-0.669,0.85,-0.969,0.967,0.938,-0.976,0.974,0.897,-0.959,-0.643,0.994,-0.992,0.827,-0.97,0.981,-0.973,-0.963,-0.949,0.993,0.982,0.715,-0.997,0.996,0.592,-0.831,-0.993,0.896,-0.979,0.983,-0.992,-0.986,5.98,4.889,10.547,10.525,10.476,10.494,10.465,10.489,5.744,4.999,10.545,10.52,6.046,5.77,10.54,10.526,EssenceCatalog/problems/csplib-prob010-SocialGolfers/params/81ecc55e4d32d9d56f0cf4110bdc443d.param
0.991,0.809,-0.833,-0.697,0.914,-0.992,-0.798,-0.619,-0.968,-0.71,0.874,0.954,-0.297,-0.847,-0.169,0.773,-0.974,0.625,0.958,-0.904,-0.992,-0.841,0.348,-0.127,-0.97,-0.91,-0.963,-0.948,0.95,0.857,0.849,0.931,0.98,0.657,0.988,0.967,0.918,-0.77,0.983,-0.661,0.83,-0.293,-0.511,0.489,0.956,-0.991,-0.9,-0.872,-0.978,0.678,0.963,-0.959,0.879,-0.972,-0.978,0.731,-0.828,0.798,-0.994,-0.978,0.882,0.965,-0.953,0.991,-0.994,-0.711,-0.656,-0.983,-0.981,-0.815,0.81,-0.974,0.908,0.913,-0.974,0.975,0.95,-0.965,-0.9,0.997,-0.993,0.805,-0.971,0.981,-0.976,-0.959,-0.942,0.994,0.974,0.839,-0.996,0.997,0.456,-0.788,-0.994,0.911,-0.979,0.991,-0.991,-0.984,6.098,4.834,10.451,10.457,10.445,10.506,10.459,10.509,5.701,4.965,10.44,10.48,6.046,5.945,10.515,10.462,EssenceCatalog/problems/csplib-prob010-SocialGolfers/params/cca5a65ae47fe1a31d8bb62c9c3616ef.param
0.99,0.807,-0.783,-0.526,0.911,-0.991,-0.844,-0.683,-0.969,-0.705,0.882,0.953,-0.358,-0.858,-0.172,0.793,-0.968,0.567,0.96,-0.916,-0.992,-0.726,0.493,-0.104,-0.968,-0.862,-0.96,-0.953,0.954,0.788,0.862,0.93,0.979,0.602,0.988,0.963,0.924,-0.784,0.985,-0.657,0.813,-0.213,-0.301,0.696,0.95,-0.99,-0.915,-0.904,-0.98,0.478,0.942,-0.959,0.887,-0.972,-0.964,0.764,-0.776,0.832,-0.994,-0.968,0.876,0.969,-0.918,0.989,-0.994,-0.736,-0.69,-0.981,-0.978,-0.814,0.818,-0.973,0.917,0.927,-0.976,0.968,0.937,-0.957,-0.912,0.996,-0.993,0.765,-0.97,0.979,-0.977,-0.956,-0.94,0.994,0.977,0.838,-0.996,0.997,0.596,-0.846,-0.994,0.92,-0.978,0.989,-0.99,-0.982,6.302,4.83,10.461,10.435,10.446,10.492,10.454,10.484,5.781,4.965,10.444,10.443,6.141,5.998,10.505,10.436,EssenceCatalog/problems/csplib-prob010-SocialGolfers/params/0223b0d6408aca5864332894b6d3d4ce.param
0.992,0.88,-0.802,-0.983,0.816,-0.997,-0.863,-0.767,-0.978,-0.773,0.764,0.958,-0.9,-0.85,0.399,0.778,-0.984,-0.306,0.978,-0.872,-0.996,-0.978,0.723,0.788,-0.983,-0.987,-0.975,-0.965,0.976,0.985,0.891,0.904,0.982,0.735,0.994,0.985,0.958,-0.907,0.987,-0.916,0.968,-0.658,0.271,-0.757,0.981,-0.991,-0.792,-0.754,-0.973,0.98,0.97,-0.96,0.947,-0.974,-0.991,0.26,-0.872,0.83,-0.996,-0.992,0.923,0.981,-0.976,0.996,-0.996,-0.631,-0.548,-0.982,-0.987,-0.721,0.868,-0.978,0.962,0.888,-0.968,0.986,0.968,-0.983,-0.852,0.996,-0.995,0.843,-0.984,0.991,-0.978,-0.958,-0.97,0.995,0.986,0.773,-0.998,0.998,0.448,-0.91,-0.996,0.815,-0.978,0.995,-0.995,-0.994,5.002,4.334,10.538,10.523,10.585,10.57,10.571,10.521,5.061,4.438,10.508,10.516,5.419,4.982,10.564,10.509,EssenceCatalog/problems/csplib-prob010-SocialGolfers/params/f650e7222a8a3f6dd7b606e017ef52fc.param
0.991,0.783,-0.904,-0.897,0.918,-0.994,-0.837,-0.716,-0.983,-0.845,0.416,0.98,0.823,-0.906,-0.806,0.74,-0.983,0.824,0.946,-0.839,-0.993,-0.7,0.382,-0.815,-0.976,-0.923,-0.971,-0.961,0.965,0.84,0.901,0.959,0.978,0.91,0.988,0.971,0.88,-0.923,0.989,-0.901,0.934,0.927,-0.946,0.056,0.968,-0.991,-0.868,-0.816,-0.983,0.875,0.942,-0.944,0.963,-0.976,-0.985,0.819,-0.927,0.823,-0.992,-0.967,0.809,0.964,-0.852,0.989,-0.995,-0.722,-0.666,-0.987,-0.988,-0.727,0.896,-0.977,0.972,0.952,-0.98,0.987,0.901,-0.958,-0.297,0.995,-0.994,0.932,-0.97,0.98,-0.976,-0.978,-0.957,0.995,0.983,0.795,-0.997,0.997,0.448,-0.513,-0.996,0.936,-0.989,0.98,-0.996,-0.988,6.773,5.437,10.586,10.565,10.454,10.504,10.472,10.537,6.331,5.591,10.587,10.615,6.578,6.508,10.583,10.618,EssenceCatalog/problems/csplib-prob010-SocialGolfers/params/fc77bc20eb05f0914f34e226a1e45353.param
0.996,0.812,-0.953,0.046,0.971,-0.993,-0.85,-0.722,-0.979,-0.838,0.876,0.98,0.946,-0.893,-0.888,0.866,-0.984,0.969,0.956,-0.938,-0.993,-0.107,0.165,-0.954,-0.977,-0.568,-0.969,-0.964,0.967,0.243,0.911,0.982,0.988,0.926,0.99,0.968,0.912,-0.847,0.986,-0.747,0.755,0.848,-0.98,0.854,0.938,-0.994,-0.948,-0.911,-0.986,-0.015,0.974,-0.961,0.934,-0.985,-0.979,0.924,-0.947,0.88,-0.995,-0.968,0.857,0.972,-0.891,0.986,-0.996,-0.859,-0.818,-0.992,-0.991,-0.895,0.904,-0.987,0.912,0.952,-0.985,0.988,0.943,-0.949,-0.848,0.998,-0.996,0.926,-0.975,0.975,-0.984,-0.984,-0.956,0.996,0.984,0.939,-0.997,0.998,0.585,-0.568,-0.996,0.971,-0.992,0.989,-0.996,-0.984,8.07,5.575,10.543,10.503,10.489,10.544,10.517,10.585,6.832,5.85,10.549,10.516,7.189,7.25,10.542,10.535,EssenceCatalog/problems/csplib-prob010-SocialGolfers/params/65d5291fb09d500e4ee96a70077473b2.param
0.989,0.851,-0.724,-0.96,0.819,-0.995,-0.861,-0.75,-0.978,-0.754,0.69,0.963,-0.731,-0.876,0.064,0.756,-0.978,-0.054,0.968,-0.858,-0.994,-0.921,0.696,0.478,-0.976,-0.971,-0.97,-0.963,0.969,0.959,0.889,0.906,0.978,0.698,0.991,0.977,0.931,-0.902,0.988,-0.9,0.951,-0.058,-0.012,-0.291,0.973,-0.99,-0.822,-0.817,-0.976,0.943,0.942,-0.953,0.951,-0.97,-0.983,0.491,-0.813,0.817,-0.993,-0.982,0.874,0.974,-0.934,0.994,-0.995,-0.659,-0.624,-0.981,-0.982,-0.672,0.854,-0.972,0.964,0.913,-0.967,0.98,0.936,-0.975,-0.739,0.995,-0.993,0.822,-0.977,0.987,-0.978,-0.959,-0.959,0.994,0.985,0.713,-0.998,0.997,0.556,-0.887,-0.994,0.847,-0.976,0.99,-0.993,-0.991,5.409,4.566,10.543,10.52,10.53,10.529,10.51,10.488,5.357,4.67,10.527,10.499,5.692,5.305,10.553,10.507,EssenceCatalog/problems/csplib-prob010-SocialGolfers/params/9245ec198bc0d583c095271dcee30663.param
0.999,0.917,-0.977,0.942,0.989,-0.995,-0.959,-0.937,-0.982,-0.924,0.976,0.99,0.992,-0.93,-0.979,0.962,-0.988,0.993,0.981,-0.983,-0.996,0.918,0.746,-0.991,-0.986,0.783,-0.976,-0.989,0.989,-0.858,0.965,0.995,0.994,0.968,0.995,0.987,0.963,-0.916,0.986,-0.889,0.692,0.952,-0.993,0.985,0.873,-0.996,-0.987,-0.962,-0.988,-0.93,0.987,-0.982,0.97,-0.994,-0.942,0.976,-0.974,0.971,-0.998,-0.961,0.932,0.992,-0.383,0.991,-0.999,-0.967,-0.952,-0.997,-0.995,-0.975,0.97,-0.996,0.887,0.974,-0.992,0.995,0.926,-0.944,-0.961,0.999,-0.998,0.966,-0.987,0.978,-0.994,-0.994,-0.983,0.998,0.996,0.988,-0.999,0.999,0.917,-0.868,-0.997,0.989,-0.995,0.993,-0.998,-0.99,9.572,5.774,10.479,10.439,10.528,10.505,10.564,10.566,7.496,6.125,10.498,10.389,7.928,7.89,10.468,10.463,EssenceCatalog/problems/csplib-prob010-SocialGolfers/params/54bbcd6c1ab559809e860fbd06f46db9.param
0.991,0.82,-0.858,-0.968,0.864,-0.995,-0.829,-0.704,-0.979,-0.801,0.562,0.972,-0.157,-0.867,-0.34,0.724,-0.982,0.414,0.961,-0.844,-0.994,-0.931,0.484,-0.112,-0.977,-0.974,-0.969,-0.957,0.969,0.959,0.884,0.93,0.978,0.829,0.991,0.976,0.918,-0.91,0.987,-0.887,0.954,0.472,-0.684,-0.412,0.977,-0.99,-0.805,-0.737,-0.977,0.96,0.953,-0.942,0.956,-0.973,-0.988,0.604,-0.891,0.805,-0.993,-0.982,0.854,0.968,-0.947,0.993,-0.995,-0.663,-0.582,-0.982,-0.986,-0.7,0.875,-0.975,0.966,0.917,-0.97,0.985,0.944,-0.972,-0.581,0.995,-0.994,0.883,-0.977,0.986,-0.975,-0.96,-0.961,0.995,0.983,0.735,-0.998,0.997,0.396,-0.741,-0.995,0.88,-0.984,0.988,-0.995,-0.991,5.85,4.959,10.542,10.569,10.497,10.523,10.484,10.533,5.718,5.073,10.541,10.591,6.007,5.792,10.566,10.575,EssenceCatalog/problems/csplib-prob010-SocialGolfers/params/64a55939c2174e9c656e0584b500f260.param
0.992,0.78,-0.92,-0.888,0.925,-0.994,-0.839,-0.721,-0.984,-0.857,0.415,0.982,0.878,-0.909,-0.839,0.748,-0.984,0.861,0.946,-0.844,-0.993,-0.676,0.342,-0.859,-0.977,-0.918,-0.972,-0.96,0.965,0.823,0.904,0.964,0.979,0.923,0.989,0.971,0.878,-0.926,0.989,-0.903,0.931,0.94,-0.962,0.074,0.967,-0.991,-0.875,-0.814,-0.983,0.868,0.946,-0.944,0.964,-0.977,-0.985,0.837,-0.939,0.829,-0.992,-0.965,0.806,0.965,-0.855,0.988,-0.995,-0.733,-0.669,-0.988,-0.988,-0.742,0.902,-0.979,0.973,0.954,-0.981,0.988,0.903,-0.955,-0.294,0.995,-0.995,0.939,-0.971,0.979,-0.976,-0.98,-0.958,0.995,0.983,0.814,-0.997,0.997,0.441,-0.456,-0.996,0.942,-0.99,0.98,-0.996,-0.987,6.844,5.471,10.598,10.571,10.459,10.512,10.482,10.546,6.372,5.632,10.597,10.625,6.619,6.564,10.593,10.629,EssenceCatalog/problems/csplib-prob010-SocialGolfers/params/0de956c126915b5aa3aa492df479cac7.param
0.989,0.772,-0.839,-0.769,0.916,-0.991,-0.834,-0.683,-0.979,-0.752,0.696,0.965,0.337,-0.89,-0.5,0.732,-0.973,0.685,0.949,-0.88,-0.992,-0.707,0.391,-0.517,-0.966,-0.892,-0.96,-0.947,0.956,0.814,0.868,0.937,0.976,0.771,0.987,0.96,0.891,-0.857,0.99,-0.781,0.869,0.6,-0.751,0.443,0.959,-0.99,-0.888,-0.876,-0.983,0.718,0.93,-0.95,0.926,-0.973,-0.974,0.794,-0.85,0.804,-0.992,-0.962,0.819,0.961,-0.89,0.986,-0.994,-0.704,-0.653,-0.981,-0.98,-0.734,0.836,-0.971,0.952,0.942,-0.978,0.975,0.91,-0.951,-0.693,0.995,-0.992,0.844,-0.967,0.977,-0.973,-0.965,-0.941,0.993,0.978,0.792,-0.996,0.997,0.485,-0.7,-0.994,0.933,-0.983,0.983,-0.992,-0.982,6.598,5.187,10.515,10.479,10.421,10.471,10.43,10.492,6.112,5.332,10.514,10.508,6.402,6.315,10.524,10.506,EssenceCatalog/problems/csplib-prob010-SocialGolfers/params/356ae9513ebcc7baecda0823014b3f43.param
0.998,0.878,-0.964,0.841,0.983,-0.993,-0.931,-0.879,-0.98,-0.883,0.966,0.985,0.964,-0.904,-0.935,0.942,-0.985,0.986,0.976,-0.976,-0.995,0.616,0.553,-0.973,-0.981,0.315,-0.969,-0.981,0.983,-0.521,0.943,0.991,0.993,0.937,0.994,0.978,0.952,-0.861,0.987,-0.759,0.65,0.815,-0.981,0.973,0.901,-0.996,-0.976,-0.955,-0.988,-0.796,0.981,-0.977,0.944,-0.991,-0.959,0.959,-0.953,0.946,-0.997,-0.964,0.911,0.987,-0.79,0.989,-0.998,-0.941,-0.91,-0.994,-0.993,-0.958,0.947,-0.993,0.877,0.962,-0.99,0.991,0.953,-0.945,-0.962,0.999,-0.998,0.931,-0.983,0.975,-0.991,-0.987,-0.973,0.998,0.993,0.977,-0.998,0.998,0.842,-0.83,-0.997,0.983,-0.994,0.992,-0.997,-0.986,9.148,5.678,10.462,10.416,10.485,10.49,10.51,10.557,7.268,6.019,10.486,10.388,7.695,7.714,10.455,10.434,EssenceCatalog/problems/csplib-prob010-SocialGolfers/params/34d37955b5bab067e6bfdf670933c692.param
0.992,0.876,-0.812,-0.985,0.815,-0.997,-0.863,-0.784,-0.98,-0.768,0.746,0.959,-0.894,-0.85,0.371,0.785,-0.985,-0.308,0.979,-0.872,-0.996,-0.981,0.729,0.785,-0.984,-0.987,-0.976,-0.963,0.977,0.986,0.892,0.908,0.982,0.769,0.994,0.985,0.959,-0.915,0.988,-0.919,0.97,-0.664,0.214,-0.794,0.981,-0.991,-0.769,-0.747,-0.973,0.982,0.97,-0.96,0.95,-0.976,-0.992,0.241,-0.878,0.834,-0.996,-0.992,0.923,0.982,-0.978,0.997,-0.995,-0.626,-0.517,-0.981,-0.988,-0.711,0.876,-0.98,0.965,0.891,-0.971,0.986,0.97,-0.982,-0.849,0.996,-0.995,0.846,-0.985,0.991,-0.976,-0.958,-0.971,0.995,0.986,0.776,-0.998,0.998,0.441,-0.908,-0.995,0.818,-0.979,0.995,-0.995,-0.994,4.995,4.346,10.537,10.535,10.584,10.569,10.572,10.532,5.066,4.448,10.509,10.53,5.419,4.987,10.566,10.519,EssenceCatalog/problems/csplib-prob010-SocialGolfers/params/18dabe10fd02fc9c499721c6e6f9191b.param
0.991,0.855,-0.813,-0.978,0.832,-0.996,-0.84,-0.749,-0.977,-0.771,0.716,0.963,-0.783,-0.842,0.127,0.771,-0.984,-0.045,0.974,-0.863,-0.995,-0.971,0.641,0.588,-0.981,-0.984,-0.973,-0.96,0.974,0.98,0.886,0.913,0.981,0.775,0.993,0.982,0.948,-0.905,0.986,-0.898,0.962,-0.407,-0.121,-0.636,0.98,-0.991,-0.783,-0.732,-0.972,0.974,0.967,-0.955,0.948,-0.974,-0.99,0.373,-0.874,0.813,-0.995,-0.99,0.902,0.978,-0.972,0.996,-0.995,-0.639,-0.542,-0.981,-0.987,-0.722,0.872,-0.978,0.96,0.893,-0.967,0.985,0.962,-0.979,-0.797,0.996,-0.995,0.848,-0.982,0.989,-0.977,-0.958,-0.967,0.995,0.985,0.764,-0.998,0.998,0.433,-0.872,-0.995,0.833,-0.98,0.993,-0.995,-0.993,5.2,4.499,10.525,10.551,10.553,10.558,10.542,10.534,5.226,4.605,10.502,10.549,5.569,5.206,10.567,10.531,EssenceCatalog/problems/csplib-prob010-SocialGolfers/params/9b28c66d529f5dae3e7c30dcf33adb4d.param
0.99,0.785,-0.842,-0.857,0.905,-0.993,-0.863,-0.764,-0.984,-0.82,0.421,0.977,0.711,-0.918,-0.768,0.748,-0.979,0.73,0.947,-0.843,-0.993,-0.573,0.549,-0.737,-0.972,-0.892,-0.968,-0.964,0.966,0.795,0.904,0.951,0.976,0.881,0.988,0.968,0.881,-0.928,0.991,-0.909,0.931,0.925,-0.886,0.25,0.964,-0.99,-0.879,-0.862,-0.984,0.804,0.904,-0.947,0.964,-0.974,-0.977,0.81,-0.889,0.833,-0.99,-0.953,0.794,0.966,-0.743,0.987,-0.995,-0.723,-0.688,-0.984,-0.983,-0.689,0.888,-0.973,0.975,0.957,-0.981,0.983,0.851,-0.951,-0.284,0.994,-0.993,0.912,-0.967,0.978,-0.976,-0.977,-0.954,0.994,0.983,0.772,-0.997,0.997,0.575,-0.651,-0.995,0.934,-0.987,0.975,-0.995,-0.986,6.856,5.405,10.578,10.54,10.441,10.475,10.458,10.509,6.359,5.556,10.577,10.574,6.611,6.487,10.557,10.589,EssenceCatalog/problems/csplib-prob010-SocialGolfers/params/c65c56961d682e20f8c805e1dbf2bbdd.param
0.987,0.81,-0.633,-0.869,0.832,-0.993,-0.872,-0.806,-0.981,-0.733,0.673,0.96,-0.581,-0.896,-0.218,0.789,-0.973,0.029,0.963,-0.866,-0.993,-0.798,0.762,0.229,-0.97,-0.929,-0.968,-0.962,0.967,0.911,0.888,0.916,0.975,0.702,0.989,0.965,0.917,-0.903,0.992,-0.889,0.925,0.288,-0.04,0.24,0.962,-0.988,-0.856,-0.887,-0.98,0.81,0.89,-0.955,0.944,-0.967,-0.973,0.612,-0.747,0.833,-0.992,-0.964,0.838,0.974,-0.837,0.991,-0.994,-0.668,-0.626,-0.979,-0.975,-0.686,0.857,-0.969,0.968,0.938,-0.976,0.97,0.885,-0.957,-0.733,0.993,-0.992,0.795,-0.971,0.981,-0.975,-0.962,-0.95,0.993,0.984,0.709,-0.997,0.997,0.694,-0.889,-0.993,0.881,-0.977,0.982,-0.991,-0.986,5.849,4.736,10.549,10.517,10.492,10.495,10.477,10.473,5.618,4.838,10.541,10.486,5.938,5.584,10.531,10.506,EssenceCatalog/problems/csplib-prob010-SocialGolfers/params/cfb513aa2a0ad7778de956ab221f4088.param
0.999,0.948,-0.967,0.986,0.989,-0.995,-0.976,-0.974,-0.984,-0.946,0.987,0.991,0.986,-0.95,-0.981,0.975,-0.987,0.991,0.987,-0.99,-0.997,0.972,0.928,-0.986,-0.989,0.941,-0.98,-0.993,0.994,-0.946,0.972,0.995,0.995,0.961,0.996,0.991,0.979,-0.943,0.989,-0.933,0.76,0.951,-0.983,0.994,0.85,-0.997,-0.991,-0.977,-0.989,-0.983,0.983,-0.989,0.977,-0.995,-0.885,0.983,-0.967,0.983,-0.998,-0.954,0.964,0.995,0.343,0.994,-0.999,-0.979,-0.97,-0.997,-0.995,-0.985,0.981,-0.996,0.914,0.983,-0.995,0.995,0.881,-0.945,-0.979,0.999,-0.999,0.966,-0.989,0.978,-0.996,-0.995,-0.988,0.999,0.998,0.991,-0.999,0.999,0.969,-0.951,-0.998,0.991,-0.996,0.993,-0.998,-0.992,9.778,5.812,10.476,10.428,10.53,10.471,10.571,10.549,7.606,6.153,10.477,10.373,8.05,7.942,10.464,10.458,EssenceCatalog/problems/csplib-prob010-SocialGolfers/params/a3db01368af35cdc0090ea4efba32386.param
0.986,0.83,-0.492,-0.709,0.806,-0.993,-0.889,-0.854,-0.979,-0.729,0.731,0.96,-0.682,-0.901,-0.276,0.843,-0.97,-0.049,0.967,-0.881,-0.993,-0.61,0.855,0.247,-0.969,-0.873,-0.97,-0.971,0.972,0.852,0.906,0.921,0.977,0.68,0.989,0.964,0.927,-0.916,0.991,-0.902,0.918,0.314,0.257,0.567,0.955,-0.988,-0.879,-0.916,-0.978,0.599,0.85,-0.955,0.947,-0.967,-0.962,0.608,-0.66,0.87,-0.992,-0.956,0.852,0.98,-0.683,0.991,-0.994,-0.721,-0.705,-0.98,-0.973,-0.722,0.873,-0.97,0.965,0.941,-0.975,0.968,0.849,-0.954,-0.793,0.993,-0.992,0.758,-0.971,0.981,-0.979,-0.965,-0.953,0.994,0.988,0.74,-0.997,0.997,0.813,-0.93,-0.993,0.869,-0.975,0.98,-0.99,-0.985,6.092,4.719,10.542,10.492,10.492,10.481,10.475,10.433,5.703,4.822,10.519,10.428,6.042,5.643,10.505,10.472,EssenceCatalog/problems/csplib-prob010-SocialGolfers/params/856b6b5571c0b6c0b2c52a2865d2ae9a.param
0.991,0.807,-0.867,-0.962,0.873,-0.995,-0.833,-0.701,-0.979,-0.804,0.542,0.973,0.018,-0.871,-0.408,0.718,-0.981,0.5,0.959,-0.846,-0.994,-0.915,0.453,-0.257,-0.977,-0.971,-0.968,-0.955,0.968,0.95,0.883,0.934,0.977,0.836,0.99,0.974,0.914,-0.909,0.988,-0.879,0.95,0.565,-0.742,-0.339,0.976,-0.99,-0.814,-0.746,-0.978,0.953,0.95,-0.939,0.956,-0.974,-0.986,0.642,-0.894,0.805,-0.993,-0.979,0.842,0.967,-0.941,0.992,-0.995,-0.669,-0.582,-0.981,-0.986,-0.702,0.876,-0.975,0.967,0.923,-0.971,0.984,0.94,-0.968,-0.558,0.995,-0.994,0.886,-0.976,0.985,-0.974,-0.96,-0.96,0.995,0.983,0.741,-0.998,0.997,0.392,-0.705,-0.995,0.891,-0.985,0.987,-0.995,-0.99,5.994,5.042,10.542,10.562,10.484,10.515,10.474,10.533,5.816,5.161,10.543,10.593,6.096,5.913,10.564,10.577,EssenceCatalog/problems/csplib-prob010-SocialGolfers/params/1268f76a81ae317ab45f8ede822b21c4.param
0.994,0.855,-0.769,-0.969,-0.868,-0.996,0.689,-0.267,0.985,-0.426,0.669,0.989,-0.987,0.994,-0.971,0.977,-0.975,0.717,0.986,-0.102,-0.992,-0.976,0.798,-0.846,-0.993,-0.997,-0.971,-0.944,0.995,0.97,0.955,0.965,0.996,0.98,0.998,0.996,0.982,-0.952,-0.997,-0.505,0.99,-0.948,-0.915,0.765,0.987,-0.936,0.908,0.995,0.996,0.987,0.984,0.922,0.982,-0.912,-0.989,-0.973,-0.889,0.959,-0.998,-0.994,0.934,0.987,-0.98,0.998,-0.991,-0.82,-0.871,-0.987,-0.998,-0.965,0.987,-0.993,-0.975,-0.99,0.992,0.996,0.989,-0.995,-0.95,0.991,-0.997,0.605,-0.984,0.989,-0.99,0.198,-0.986,0.997,0.996,0.859,-0.997,0.994,0.957,-0.949,-0.997,-0.987,-0.983,0.993,-0.997,-0.993,3.977,3.317,4.516,9.937,10.482,10.307,10.502,10.707,4.031,3.531,4.58,9.935,4.607,4.106,5.641,9.978,EssenceCatalog/problems/csplib-prob010-SocialGolfers/params/a8483fb836c1315bc21e21a7cfac8900.param
0.99,0.906,-0.639,-0.977,0.739,-0.997,-0.889,-0.814,-0.978,-0.724,0.837,0.949,-0.975,-0.858,0.659,0.828,-0.983,-0.666,0.982,-0.884,-0.995,-0.972,0.863,0.924,-0.983,-0.984,-0.977,-0.969,0.975,0.985,0.903,0.889,0.982,0.605,0.994,0.985,0.964,-0.906,0.987,-0.935,0.967,-0.88,0.79,-0.729,0.977,-0.99,-0.789,-0.825,-0.97,0.971,0.964,-0.968,0.942,-0.972,-0.989,0.079,-0.791,0.861,-0.996,-0.991,0.936,0.985,-0.971,0.997,-0.995,-0.632,-0.607,-0.981,-0.985,-0.712,0.859,-0.977,0.958,0.871,-0.968,0.981,0.964,-0.985,-0.919,0.995,-0.994,0.779,-0.984,0.991,-0.98,-0.96,-0.97,0.994,0.987,0.756,-0.998,0.997,0.6,-0.964,-0.994,0.752,-0.968,0.995,-0.993,-0.994,4.825,4.13,10.495,10.454,10.575,10.536,10.554,10.456,4.883,4.234,10.464,10.427,5.255,4.722,10.501,10.441,EssenceCatalog/problems/csplib-prob010-SocialGolfers/params/0b9c56bbcf19239026e5a5104c665212.param
0.986,0.818,-0.573,-0.8,0.827,-0.993,-0.889,-0.836,-0.982,-0.749,0.655,0.963,-0.508,-0.914,-0.351,0.808,-0.971,0.03,0.963,-0.871,-0.992,-0.628,0.825,0.113,-0.969,-0.888,-0.969,-0.969,0.971,0.853,0.9,0.921,0.975,0.713,0.989,0.964,0.915,-0.922,0.992,-0.91,0.927,0.554,-0.012,0.417,0.957,-0.988,-0.877,-0.911,-0.982,0.696,0.848,-0.955,0.953,-0.968,-0.965,0.652,-0.713,0.858,-0.991,-0.954,0.835,0.976,-0.686,0.99,-0.994,-0.702,-0.684,-0.98,-0.972,-0.677,0.869,-0.969,0.972,0.947,-0.978,0.971,0.839,-0.954,-0.695,0.993,-0.992,0.806,-0.97,0.981,-0.978,-0.967,-0.951,0.993,0.986,0.717,-0.997,0.997,0.762,-0.904,-0.992,0.885,-0.977,0.978,-0.991,-0.985,6.159,4.838,10.564,10.511,10.49,10.482,10.469,10.447,5.803,4.944,10.549,10.463,6.117,5.746,10.522,10.501,EssenceCatalog/problems/csplib-prob010-SocialGolfers/params/cf2f070d518e707b49719e9f300a31ef.param
0.995,0.842,-0.78,-0.931,-0.45,-0.998,0.632,-0.291,0.957,-0.553,0.574,0.988,-0.9,0.981,-0.982,0.974,-0.986,0.887,0.978,-0.182,-0.991,-0.944,0.745,-0.938,-0.993,-0.995,-0.982,-0.958,0.994,0.943,0.951,0.97,0.996,0.985,0.997,0.996,0.972,-0.953,-0.992,-0.776,0.985,-0.703,-0.971,0.786,0.982,-0.971,0.704,0.987,0.984,0.973,0.987,0.686,0.978,-0.932,-0.991,-0.913,-0.928,0.94,-0.998,-0.993,0.949,0.985,-0.959,0.999,-0.995,-0.832,-0.881,-0.995,-0.997,-0.968,0.985,-0.993,-0.936,-0.95,0.971,0.997,0.982,-0.994,-0.919,0.996,-0.997,0.865,-0.981,0.988,-0.992,-0.623,-0.985,0.997,0.996,0.885,-0.998,0.996,0.936,-0.879,-0.997,-0.933,-0.986,0.995,-0.997,-0.993,4.313,3.535,4.989,10.109,10.584,10.455,10.594,10.732,4.296,3.786,5.043,10.111,4.858,4.446,6.095,10.158,EssenceCatalog/problems/csplib-prob010-SocialGolfers/params/0ddf0e7f29c877e93b2bd20eebbcbb70.param
0.99,0.847,-0.616,-0.18,0.896,-0.993,-0.871,-0.811,-0.97,-0.719,0.895,0.955,-0.56,-0.875,-0.283,0.859,-0.973,0.37,0.965,-0.925,-0.992,-0.456,0.776,0.039,-0.971,-0.749,-0.971,-0.972,0.967,0.693,0.887,0.936,0.982,0.599,0.989,0.968,0.94,-0.847,0.985,-0.795,0.835,-0.055,0.118,0.823,0.937,-0.991,-0.934,-0.935,-0.979,0.056,0.923,-0.967,0.904,-0.973,-0.956,0.763,-0.685,0.875,-0.994,-0.964,0.899,0.98,-0.782,0.991,-0.996,-0.775,-0.768,-0.986,-0.977,-0.846,0.854,-0.974,0.923,0.94,-0.977,0.971,0.904,-0.959,-0.926,0.996,-0.993,0.77,-0.973,0.98,-0.983,-0.969,-0.945,0.995,0.985,0.848,-0.997,0.997,0.792,-0.926,-0.994,0.904,-0.976,0.988,-0.99,-0.984,6.658,4.821,10.503,10.449,10.485,10.494,10.483,10.457,5.918,4.965,10.474,10.416,6.311,6.05,10.505,10.43,EssenceCatalog/problems/csplib-prob010-SocialGolfers/params/a89c3c37bc839f58878ed729b59dc62c.param
0.988,0.789,-0.785,-0.873,0.885,-0.992,-0.858,-0.751,-0.982,-0.777,0.532,0.97,0.254,-0.908,-0.558,0.737,-0.975,0.536,0.95,-0.852,-0.992,-0.709,0.579,-0.433,-0.969,-0.916,-0.965,-0.958,0.963,0.861,0.888,0.934,0.974,0.807,0.988,0.965,0.891,-0.908,0.992,-0.884,0.922,0.778,-0.705,0.225,0.964,-0.989,-0.866,-0.866,-0.983,0.82,0.903,-0.948,0.952,-0.971,-0.975,0.745,-0.84,0.816,-0.991,-0.958,0.807,0.966,-0.818,0.988,-0.994,-0.692,-0.656,-0.981,-0.979,-0.673,0.86,-0.969,0.971,0.948,-0.979,0.977,0.875,-0.954,-0.483,0.994,-0.992,0.868,-0.967,0.979,-0.974,-0.969,-0.949,0.993,0.982,0.737,-0.997,0.997,0.574,-0.747,-0.994,0.918,-0.983,0.979,-0.993,-0.985,6.476,5.184,10.554,10.526,10.448,10.477,10.447,10.495,6.094,5.314,10.555,10.543,6.366,6.185,10.542,10.551,EssenceCatalog/problems/csplib-prob010-SocialGolfers/params/f2c116be666172ef963354da509574a0.param
0.991,0.855,-0.827,-0.98,0.832,-0.996,-0.832,-0.722,-0.977,-0.791,0.654,0.968,-0.651,-0.853,-0.031,0.746,-0.983,0.081,0.968,-0.847,-0.995,-0.959,0.594,0.366,-0.98,-0.983,-0.973,-0.963,0.972,0.976,0.89,0.915,0.98,0.791,0.992,0.981,0.935,-0.908,0.985,-0.903,0.964,0.01,-0.337,-0.584,0.98,-0.99,-0.782,-0.718,-0.974,0.974,0.962,-0.945,0.956,-0.972,-0.99,0.454,-0.877,0.813,-0.995,-0.988,0.886,0.973,-0.961,0.995,-0.995,-0.653,-0.59,-0.982,-0.987,-0.701,0.875,-0.975,0.961,0.895,-0.964,0.987,0.956,-0.98,-0.694,0.996,-0.994,0.863,-0.98,0.989,-0.979,-0.955,-0.966,0.995,0.984,0.727,-0.998,0.998,0.438,-0.84,-0.995,0.835,-0.981,0.992,-0.995,-0.993,5.395,4.649,10.532,10.561,10.536,10.544,10.519,10.526,5.391,4.758,10.519,10.558,5.711,5.381,10.567,10.549,EssenceCatalog/problems/csplib-prob010-SocialGolfers/params/75302baede786256274f0a441c2ef96c.param
0.992,0.777,-0.927,-0.873,0.929,-0.994,-0.836,-0.714,-0.983,-0.857,0.44,0.982,0.893,-0.904,-0.849,0.751,-0.984,0.88,0.947,-0.85,-0.993,-0.658,0.308,-0.878,-0.977,-0.913,-0.971,-0.96,0.965,0.807,0.904,0.966,0.98,0.926,0.989,0.97,0.879,-0.923,0.989,-0.893,0.926,0.94,-0.967,0.132,0.966,-0.991,-0.88,-0.811,-0.982,0.854,0.948,-0.943,0.963,-0.978,-0.985,0.844,-0.942,0.834,-0.992,-0.965,0.807,0.965,-0.861,0.988,-0.995,-0.742,-0.673,-0.988,-0.989,-0.754,0.904,-0.979,0.971,0.954,-0.981,0.988,0.908,-0.953,-0.329,0.995,-0.995,0.939,-0.971,0.979,-0.976,-0.98,-0.958,0.995,0.983,0.824,-0.997,0.997,0.433,-0.434,-0.996,0.944,-0.99,0.98,-0.997,-0.987,6.892,5.483,10.599,10.573,10.462,10.518,10.489,10.553,6.393,5.649,10.597,10.625,6.642,6.602,10.595,10.632,EssenceCatalog/problems/csplib-prob010-SocialGolfers/params/9a79d47ba0bbf81450bfd182c8be1bb6.param
0.988,0.837,-0.674,-0.933,0.821,-0.994,-0.864,-0.775,-0.979,-0.74,0.683,0.961,-0.678,-0.887,-0.056,0.774,-0.976,-0.04,0.965,-0.861,-0.993,-0.885,0.729,0.388,-0.974,-0.958,-0.97,-0.962,0.967,0.945,0.888,0.909,0.976,0.7,0.99,0.972,0.923,-0.902,0.99,-0.9,0.941,0.085,-0.018,-0.073,0.969,-0.989,-0.835,-0.854,-0.978,0.905,0.924,-0.955,0.948,-0.968,-0.98,0.536,-0.78,0.819,-0.993,-0.976,0.859,0.974,-0.903,0.992,-0.994,-0.659,-0.625,-0.98,-0.979,-0.676,0.853,-0.97,0.965,0.924,-0.972,0.977,0.913,-0.968,-0.73,0.994,-0.992,0.808,-0.974,0.984,-0.977,-0.962,-0.955,0.993,0.984,0.702,-0.997,0.997,0.625,-0.889,-0.993,0.861,-0.975,0.987,-0.992,-0.989,5.569,4.628,10.548,10.523,10.514,10.516,10.498,10.483,5.455,4.732,10.537,10.496,5.783,5.404,10.546,10.51,EssenceCatalog/problems/csplib-prob010-SocialGolfers/params/450a59f9b258925b0d3c352ceb9bdeda.param
0.999,0.964,-0.798,0.98,0.971,-0.993,-0.986,-0.987,-0.989,-0.963,0.983,0.988,0.813,-0.977,-0.955,0.981,-0.974,0.91,0.991,-0.986,-0.998,0.983,0.99,-0.89,-0.992,0.96,-0.985,-0.997,0.995,-0.926,0.978,0.989,0.993,0.896,0.994,0.989,0.988,-0.981,0.989,-0.978,0.936,0.951,-0.558,0.991,0.902,-0.998,-0.986,-0.985,-0.981,-0.988,0.912,-0.988,0.984,-0.993,-0.75,0.966,-0.882,0.985,-0.997,-0.935,0.977,0.996,0.943,0.993,-0.999,-0.974,-0.978,-0.995,-0.988,-0.978,0.981,-0.993,0.973,0.984,-0.995,0.992,0.378,-0.933,-0.97,0.996,-0.998,0.934,-0.989,0.981,-0.996,-0.99,-0.986,0.998,0.998,0.979,-1.0,0.998,0.99,-0.991,-0.997,0.98,-0.994,0.986,-0.995,-0.993,9.682,5.704,10.34,10.237,10.371,10.271,10.411,10.329,7.523,6.023,10.313,10.17,7.962,7.736,10.31,10.277,EssenceCatalog/problems/csplib-prob010-SocialGolfers/params/1287c48b5501f433505d09c01efdc31b.param
0.991,0.805,-0.87,-0.96,0.878,-0.995,-0.834,-0.705,-0.98,-0.812,0.485,0.975,0.215,-0.88,-0.507,0.719,-0.982,0.564,0.957,-0.838,-0.994,-0.898,0.449,-0.383,-0.977,-0.968,-0.968,-0.957,0.968,0.943,0.888,0.938,0.977,0.855,0.99,0.974,0.907,-0.916,0.988,-0.891,0.951,0.697,-0.804,-0.308,0.975,-0.99,-0.816,-0.751,-0.978,0.95,0.947,-0.939,0.96,-0.974,-0.986,0.674,-0.901,0.807,-0.993,-0.977,0.835,0.966,-0.928,0.992,-0.995,-0.677,-0.601,-0.982,-0.986,-0.695,0.879,-0.975,0.969,0.929,-0.973,0.985,0.934,-0.968,-0.478,0.995,-0.994,0.897,-0.975,0.984,-0.974,-0.964,-0.959,0.995,0.983,0.74,-0.998,0.997,0.4,-0.675,-0.995,0.898,-0.985,0.986,-0.995,-0.99,6.139,5.135,10.55,10.565,10.474,10.508,10.468,10.531,5.925,5.259,10.553,10.601,6.194,6.031,10.566,10.587,EssenceCatalog/problems/csplib-prob010-SocialGolfers/params/62a378bc789d92d0ba2cf5cf7f8a781f.param
0.991,0.783,-0.907,-0.918,0.913,-0.994,-0.826,-0.701,-0.982,-0.841,0.431,0.98,0.774,-0.898,-0.77,0.734,-0.983,0.806,0.947,-0.838,-0.993,-0.776,0.345,-0.782,-0.976,-0.94,-0.971,-0.958,0.964,0.876,0.897,0.957,0.978,0.905,0.989,0.972,0.883,-0.918,0.988,-0.895,0.937,0.901,-0.941,-0.044,0.97,-0.99,-0.856,-0.792,-0.982,0.902,0.948,-0.941,0.961,-0.975,-0.986,0.798,-0.928,0.817,-0.992,-0.97,0.811,0.963,-0.888,0.989,-0.995,-0.711,-0.649,-0.986,-0.988,-0.728,0.892,-0.977,0.97,0.945,-0.978,0.987,0.916,-0.96,-0.34,0.995,-0.994,0.928,-0.971,0.98,-0.975,-0.975,-0.957,0.995,0.982,0.788,-0.997,0.997,0.408,-0.507,-0.996,0.928,-0.989,0.982,-0.996,-0.988,6.648,5.398,10.571,10.562,10.45,10.5,10.462,10.534,6.259,5.547,10.573,10.615,6.506,6.438,10.577,10.61,EssenceCatalog/problems/csplib-prob010-SocialGolfers/params/3a3ed592cb41c11a03c4c10350351a32.param
0.997,0.939,-0.805,-0.173,0.31,-0.998,0.029,-0.054,0.973,-0.646,0.954,0.991,-0.73,0.972,-0.961,0.982,-0.98,0.957,0.983,-0.881,-0.993,-0.433,0.845,-0.96,-0.994,-0.95,-0.968,-0.988,0.995,0.185,0.96,0.968,0.997,0.933,0.998,0.998,0.975,-0.893,-0.995,-0.667,0.96,-0.846,-0.94,0.975,0.981,-0.98,-0.403,0.971,0.984,0.667,0.994,0.37,0.97,-0.963,-0.947,-0.775,-0.895,0.963,-0.998,-0.991,0.984,0.992,-0.879,0.998,-0.999,-0.966,-0.974,-0.997,-0.996,-0.984,0.98,-0.994,-0.981,-0.91,0.961,0.998,0.987,-0.995,-0.986,0.999,-0.998,0.895,-0.988,0.993,-0.998,-0.853,-0.987,0.998,0.997,0.953,-0.999,0.998,0.946,-0.959,-0.998,-0.655,-0.986,0.998,-0.996,-0.993,5.4,3.828,5.517,10.145,10.793,10.663,10.746,10.849,4.842,4.176,5.569,10.175,5.508,5.176,6.632,10.189,EssenceCatalog/problems/csplib-prob010-SocialGolfers/params/820a260c2b8f0aa341eeb37b160106f2.param
0.989,0.884,-0.621,-0.932,0.798,-0.996,-0.871,-0.763,-0.975,-0.71,0.859,0.946,-0.942,-0.876,0.511,0.799,-0.979,-0.43,0.974,-0.886,-0.994,-0.935,0.792,0.819,-0.98,-0.967,-0.974,-0.97,0.967,0.963,0.884,0.889,0.981,0.489,0.992,0.982,0.952,-0.862,0.986,-0.889,0.937,-0.768,0.679,-0.263,0.968,-0.99,-0.865,-0.868,-0.975,0.913,0.958,-0.969,0.919,-0.969,-0.984,0.376,-0.742,0.839,-0.995,-0.986,0.923,0.979,-0.954,0.995,-0.996,-0.655,-0.663,-0.983,-0.98,-0.76,0.821,-0.972,0.948,0.897,-0.969,0.979,0.952,-0.981,-0.917,0.996,-0.993,0.766,-0.979,0.989,-0.981,-0.962,-0.961,0.994,0.984,0.753,-0.998,0.998,0.605,-0.944,-0.994,0.808,-0.967,0.994,-0.991,-0.991,5.082,4.233,10.515,10.443,10.551,10.534,10.533,10.443,5.031,4.339,10.485,10.412,5.409,4.932,10.52,10.425,EssenceCatalog/problems/csplib-prob010-SocialGolfers/params/5b5017ae78c2d408aa873ade8ac43147.param
0.999,0.926,-0.975,0.966,0.989,-0.994,-0.967,-0.945,-0.977,-0.926,0.983,0.989,0.987,-0.92,-0.973,0.966,-0.985,0.993,0.984,-0.987,-0.996,0.924,0.795,-0.988,-0.986,0.83,-0.971,-0.989,0.99,-0.887,0.967,0.995,0.995,0.956,0.996,0.987,0.969,-0.905,0.985,-0.863,0.667,0.915,-0.988,0.991,0.857,-0.996,-0.988,-0.964,-0.987,-0.952,0.986,-0.983,0.967,-0.994,-0.917,0.978,-0.969,0.974,-0.998,-0.956,0.94,0.993,-0.375,0.991,-0.999,-0.972,-0.956,-0.996,-0.995,-0.978,0.971,-0.996,0.861,0.972,-0.991,0.994,0.936,-0.94,-0.977,0.999,-0.999,0.956,-0.987,0.976,-0.995,-0.992,-0.984,0.998,0.997,0.989,-0.999,0.998,0.937,-0.912,-0.997,0.989,-0.995,0.993,-0.998,-0.99,9.601,5.764,10.464,10.431,10.526,10.502,10.56,10.568,7.5,6.118,10.485,10.38,7.936,7.899,10.457,10.455,EssenceCatalog/problems/csplib-prob010-SocialGolfers/params/4404048df50562450c0f95c65ae9e32f.param
0.987,0.818,-0.605,-0.824,0.833,-0.993,-0.868,-0.809,-0.98,-0.717,0.711,0.958,-0.61,-0.892,-0.212,0.805,-0.973,0.029,0.962,-0.875,-0.992,-0.772,0.773,0.233,-0.969,-0.916,-0.969,-0.962,0.966,0.897,0.887,0.916,0.975,0.682,0.988,0.964,0.917,-0.896,0.991,-0.882,0.915,0.197,0.021,0.352,0.959,-0.988,-0.865,-0.899,-0.98,0.755,0.894,-0.956,0.939,-0.967,-0.973,0.623,-0.723,0.837,-0.992,-0.965,0.843,0.975,-0.83,0.991,-0.994,-0.673,-0.643,-0.979,-0.975,-0.693,0.857,-0.969,0.963,0.937,-0.975,0.969,0.886,-0.958,-0.774,0.994,-0.992,0.776,-0.97,0.98,-0.976,-0.963,-0.95,0.993,0.984,0.719,-0.996,0.997,0.713,-0.9,-0.992,0.879,-0.975,0.983,-0.991,-0.986,5.888,4.716,10.541,10.508,10.489,10.495,10.477,10.469,5.618,4.818,10.53,10.473,5.946,5.595,10.526,10.495,EssenceCatalog/problems/csplib-prob010-SocialGolfers/params/84d2439b7117ec08300547e672e8c81a.param
0.986,0.824,-0.562,-0.824,0.817,-0.993,-0.894,-0.836,-0.983,-0.741,0.695,0.961,-0.662,-0.911,-0.212,0.812,-0.971,-0.071,0.966,-0.874,-0.993,-0.693,0.825,0.29,-0.97,-0.903,-0.969,-0.969,0.971,0.879,0.898,0.917,0.976,0.68,0.989,0.966,0.923,-0.917,0.992,-0.905,0.929,0.344,0.183,0.363,0.958,-0.988,-0.873,-0.907,-0.981,0.728,0.861,-0.957,0.949,-0.968,-0.966,0.606,-0.696,0.858,-0.992,-0.961,0.846,0.977,-0.739,0.991,-0.994,-0.698,-0.681,-0.979,-0.973,-0.686,0.862,-0.969,0.972,0.944,-0.977,0.97,0.864,-0.959,-0.752,0.993,-0.992,0.789,-0.972,0.982,-0.978,-0.963,-0.954,0.994,0.987,0.725,-0.997,0.997,0.761,-0.918,-0.993,0.875,-0.976,0.981,-0.99,-0.986,5.933,4.708,10.567,10.508,10.507,10.495,10.485,10.449,5.643,4.81,10.551,10.455,5.972,5.569,10.531,10.493,EssenceCatalog/problems/csplib-prob010-SocialGolfers/params/89e1bcd691bd6917f64e8953600247ce.param
0.992,0.781,-0.918,-0.894,0.925,-0.994,-0.832,-0.715,-0.983,-0.852,0.443,0.981,0.853,-0.907,-0.822,0.746,-0.984,0.85,0.947,-0.846,-0.993,-0.709,0.326,-0.842,-0.977,-0.922,-0.972,-0.959,0.964,0.842,0.9,0.963,0.979,0.92,0.988,0.971,0.881,-0.922,0.989,-0.898,0.93,0.927,-0.958,0.032,0.968,-0.991,-0.873,-0.808,-0.983,0.873,0.949,-0.945,0.962,-0.977,-0.986,0.828,-0.937,0.823,-0.992,-0.968,0.809,0.965,-0.871,0.989,-0.995,-0.726,-0.667,-0.987,-0.988,-0.747,0.899,-0.978,0.972,0.952,-0.981,0.988,0.912,-0.957,-0.329,0.996,-0.995,0.936,-0.972,0.979,-0.976,-0.978,-0.957,0.995,0.982,0.811,-0.997,0.997,0.42,-0.457,-0.996,0.938,-0.99,0.981,-0.996,-0.987,6.794,5.453,10.596,10.574,10.462,10.516,10.481,10.549,6.342,5.612,10.595,10.628,6.59,6.538,10.595,10.629,EssenceCatalog/problems/csplib-prob010-SocialGolfers/params/cb96977fceb6088a798ccf7b575b3143.param
0.986,0.85,-0.474,-0.77,0.804,-0.994,-0.918,-0.88,-0.986,-0.795,0.659,0.968,-0.615,-0.938,-0.387,0.847,-0.972,-0.146,0.967,-0.869,-0.993,-0.402,0.902,0.189,-0.973,-0.85,-0.975,-0.981,0.979,0.797,0.928,0.929,0.978,0.71,0.991,0.971,0.929,-0.945,0.993,-0.945,0.95,0.684,0.259,0.464,0.957,-0.99,-0.889,-0.93,-0.983,0.595,0.805,-0.961,0.966,-0.971,-0.959,0.642,-0.679,0.892,-0.992,-0.954,0.866,0.982,-0.411,0.992,-0.996,-0.745,-0.768,-0.983,-0.972,-0.679,0.886,-0.971,0.979,0.953,-0.981,0.977,0.795,-0.963,-0.688,0.993,-0.992,0.835,-0.974,0.983,-0.984,-0.971,-0.962,0.994,0.99,0.728,-0.998,0.997,0.846,-0.941,-0.993,0.875,-0.979,0.979,-0.992,-0.989,6.305,4.825,10.597,10.506,10.519,10.481,10.485,10.405,5.869,4.932,10.567,10.426,6.193,5.734,10.525,10.491,EssenceCatalog/problems/csplib-prob010-SocialGolfers/params/ee6bd7ac4a768623c9080427203981e5.param
0.992,0.901,-0.758,-0.987,0.783,-0.997,-0.891,-0.805,-0.98,-0.77,0.806,0.953,-0.961,-0.862,0.624,0.797,-0.984,-0.6,0.982,-0.882,-0.996,-0.98,0.818,0.902,-0.985,-0.988,-0.976,-0.969,0.978,0.988,0.906,0.894,0.983,0.686,0.994,0.987,0.966,-0.916,0.988,-0.931,0.974,-0.827,0.654,-0.831,0.982,-0.991,-0.766,-0.784,-0.972,0.983,0.968,-0.963,0.952,-0.976,-0.991,0.107,-0.854,0.855,-0.997,-0.993,0.938,0.985,-0.977,0.997,-0.996,-0.638,-0.57,-0.98,-0.987,-0.709,0.87,-0.979,0.964,0.879,-0.97,0.986,0.971,-0.986,-0.893,0.995,-0.995,0.821,-0.986,0.992,-0.98,-0.955,-0.974,0.995,0.988,0.774,-0.999,0.998,0.514,-0.951,-0.995,0.778,-0.976,0.996,-0.994,-0.995,4.846,4.19,10.536,10.495,10.607,10.57,10.586,10.501,4.926,4.295,10.505,10.477,5.293,4.783,10.544,10.486,EssenceCatalog/problems/csplib-prob010-SocialGolfers/params/787fa3fdd1b07dd3f6d30e38492439ec.param
0.99,0.788,-0.875,-0.926,0.9,-0.994,-0.851,-0.728,-0.983,-0.83,0.403,0.978,0.659,-0.906,-0.712,0.727,-0.981,0.72,0.95,-0.836,-0.993,-0.766,0.466,-0.679,-0.975,-0.94,-0.968,-0.961,0.967,0.879,0.898,0.949,0.976,0.884,0.989,0.971,0.888,-0.926,0.99,-0.906,0.943,0.893,-0.897,-0.041,0.97,-0.99,-0.851,-0.81,-0.982,0.904,0.929,-0.942,0.964,-0.975,-0.982,0.773,-0.908,0.818,-0.991,-0.965,0.81,0.966,-0.855,0.989,-0.995,-0.706,-0.643,-0.984,-0.986,-0.687,0.886,-0.975,0.975,0.949,-0.978,0.985,0.898,-0.959,-0.302,0.994,-0.994,0.918,-0.971,0.981,-0.975,-0.973,-0.957,0.994,0.983,0.763,-0.997,0.997,0.471,-0.61,-0.995,0.926,-0.987,0.98,-0.996,-0.988,6.574,5.349,10.574,10.559,10.451,10.491,10.458,10.526,6.217,5.488,10.578,10.604,6.465,6.349,10.572,10.601,EssenceCatalog/problems/csplib-prob010-SocialGolfers/params/e1dbaad7a42371068e43969af58a24c3.param
0.988,0.856,-0.656,-0.955,0.787,-0.995,-0.869,-0.79,-0.977,-0.739,0.71,0.961,-0.829,-0.872,0.111,0.793,-0.978,-0.239,0.971,-0.862,-0.994,-0.924,0.779,0.596,-0.977,-0.971,-0.973,-0.964,0.971,0.963,0.896,0.905,0.979,0.691,0.991,0.976,0.936,-0.909,0.989,-0.913,0.954,-0.228,0.222,-0.262,0.973,-0.989,-0.813,-0.83,-0.974,0.937,0.934,-0.955,0.953,-0.969,-0.983,0.411,-0.78,0.832,-0.994,-0.981,0.877,0.978,-0.924,0.994,-0.995,-0.659,-0.614,-0.98,-0.981,-0.678,0.864,-0.973,0.964,0.91,-0.968,0.978,0.929,-0.973,-0.781,0.994,-0.993,0.8,-0.977,0.987,-0.979,-0.96,-0.96,0.994,0.986,0.702,-0.998,0.997,0.64,-0.919,-0.994,0.828,-0.975,0.989,-0.993,-0.991,5.309,4.468,10.533,10.519,10.541,10.532,10.521,10.486,5.268,4.568,10.513,10.487,5.612,5.177,10.538,10.497,EssenceCatalog/problems/csplib-prob010-SocialGolfers/params/6c04f7de224209a7f3969d49ee0266c0.param
0.991,0.811,-0.866,-0.964,0.871,-0.995,-0.83,-0.706,-0.979,-0.806,0.527,0.973,0.018,-0.872,-0.422,0.721,-0.982,0.486,0.96,-0.842,-0.994,-0.919,0.469,-0.241,-0.977,-0.972,-0.969,-0.956,0.968,0.952,0.885,0.934,0.978,0.843,0.99,0.975,0.913,-0.913,0.988,-0.888,0.952,0.584,-0.749,-0.371,0.976,-0.99,-0.809,-0.741,-0.977,0.956,0.95,-0.941,0.958,-0.973,-0.987,0.637,-0.896,0.806,-0.993,-0.98,0.846,0.967,-0.94,0.992,-0.995,-0.669,-0.582,-0.982,-0.986,-0.698,0.878,-0.975,0.968,0.923,-0.971,0.985,0.939,-0.969,-0.538,0.995,-0.994,0.888,-0.976,0.985,-0.975,-0.962,-0.96,0.995,0.983,0.737,-0.998,0.997,0.395,-0.71,-0.995,0.889,-0.985,0.987,-0.995,-0.99,5.984,5.044,10.545,10.568,10.486,10.516,10.475,10.533,5.815,5.162,10.546,10.597,6.094,5.905,10.566,10.581,EssenceCatalog/problems/csplib-prob010-SocialGolfers/params/ef55228b1ccd34b2aaa5ab4b918c916a.param
0.994,0.786,-0.914,-0.302,0.949,-0.99,-0.815,-0.626,-0.97,-0.766,0.882,0.968,0.588,-0.841,-0.62,0.812,-0.976,0.9,0.958,-0.927,-0.992,-0.644,0.158,-0.77,-0.97,-0.807,-0.961,-0.945,0.957,0.648,0.873,0.961,0.984,0.815,0.989,0.96,0.915,-0.774,0.983,-0.574,0.765,0.261,-0.888,0.778,0.95,-0.992,-0.919,-0.887,-0.98,0.347,0.965,-0.954,0.895,-0.979,-0.975,0.851,-0.896,0.839,-0.994,-0.971,0.856,0.966,-0.943,0.987,-0.995,-0.794,-0.709,-0.986,-0.987,-0.858,0.857,-0.981,0.895,0.926,-0.979,0.978,0.954,-0.952,-0.902,0.997,-0.995,0.846,-0.971,0.976,-0.977,-0.965,-0.945,0.995,0.977,0.899,-0.996,0.997,0.493,-0.681,-0.995,0.95,-0.987,0.99,-0.994,-0.982,7.146,5.289,10.453,10.474,10.433,10.515,10.458,10.575,6.326,5.487,10.457,10.521,6.666,6.729,10.507,10.503,EssenceCatalog/problems/csplib-prob010-SocialGolfers/params/ef615e00f9239eda8a34a36d9b91fdee.param
0.989,0.892,-0.332,-0.668,0.697,-0.995,-0.914,-0.879,-0.965,-0.744,0.872,0.959,-0.954,-0.871,0.191,0.896,-0.971,-0.479,0.981,-0.907,-0.994,-0.606,0.938,0.712,-0.981,-0.897,-0.978,-0.983,0.98,0.865,0.93,0.92,0.986,0.459,0.993,0.979,0.964,-0.917,0.981,-0.913,0.943,-0.507,0.852,0.627,0.961,-0.989,-0.889,-0.91,-0.961,0.566,0.882,-0.955,0.951,-0.971,-0.952,0.365,-0.555,0.915,-0.995,-0.972,0.922,0.99,-0.716,0.995,-0.997,-0.779,-0.802,-0.985,-0.977,-0.819,0.884,-0.976,0.948,0.91,-0.962,0.974,0.901,-0.973,-0.938,0.994,-0.995,0.677,-0.979,0.988,-0.987,-0.96,-0.968,0.996,0.993,0.789,-0.998,0.998,0.887,-0.978,-0.995,0.744,-0.973,0.989,-0.992,-0.99,5.62,4.333,10.493,10.454,10.533,10.488,10.511,10.41,5.305,4.436,10.456,10.357,5.692,5.182,10.47,10.421,EssenceCatalog/problems/csplib-prob010-SocialGolfers/params/e7dd3c54b74cc25a55fe47c86dec8a7a.param
0.991,0.783,-0.904,-0.869,0.925,-0.993,-0.863,-0.753,-0.985,-0.857,0.397,0.981,0.874,-0.921,-0.841,0.749,-0.982,0.841,0.948,-0.847,-0.993,-0.587,0.442,-0.847,-0.976,-0.897,-0.971,-0.964,0.967,0.787,0.908,0.962,0.978,0.918,0.988,0.97,0.879,-0.933,0.991,-0.914,0.933,0.951,-0.953,0.157,0.966,-0.991,-0.883,-0.846,-0.985,0.833,0.93,-0.949,0.967,-0.977,-0.982,0.844,-0.931,0.834,-0.992,-0.958,0.803,0.967,-0.793,0.987,-0.995,-0.74,-0.678,-0.987,-0.987,-0.723,0.9,-0.978,0.977,0.961,-0.984,0.987,0.876,-0.951,-0.244,0.995,-0.994,0.938,-0.97,0.978,-0.976,-0.981,-0.959,0.995,0.984,0.811,-0.997,0.997,0.508,-0.524,-0.996,0.947,-0.989,0.977,-0.996,-0.987,6.937,5.486,10.616,10.571,10.462,10.508,10.489,10.545,6.424,5.648,10.613,10.618,6.671,6.591,10.598,10.631,EssenceCatalog/problems/csplib-prob010-SocialGolfers/params/df66c2f0d27df3e35e42f4cb631fe74d.param
0.991,0.834,-0.834,-0.967,0.856,-0.995,-0.83,-0.711,-0.978,-0.782,0.645,0.967,-0.47,-0.862,-0.159,0.737,-0.982,0.26,0.965,-0.852,-0.994,-0.943,0.532,0.162,-0.978,-0.976,-0.97,-0.958,0.969,0.965,0.881,0.922,0.978,0.791,0.991,0.977,0.927,-0.899,0.987,-0.883,0.952,0.157,-0.489,-0.431,0.977,-0.99,-0.81,-0.754,-0.976,0.959,0.958,-0.947,0.95,-0.972,-0.988,0.543,-0.875,0.801,-0.994,-0.985,0.869,0.97,-0.956,0.994,-0.995,-0.653,-0.582,-0.982,-0.985,-0.713,0.867,-0.975,0.962,0.91,-0.969,0.984,0.949,-0.974,-0.682,0.996,-0.994,0.865,-0.978,0.987,-0.976,-0.959,-0.961,0.995,0.982,0.737,-0.998,0.997,0.417,-0.796,-0.995,0.865,-0.982,0.99,-0.994,-0.991,5.607,4.778,10.539,10.561,10.518,10.537,10.505,10.532,5.531,4.889,10.532,10.571,5.842,5.572,10.57,10.558,EssenceCatalog/problems/csplib-prob010-SocialGolfers/params/ffe06b8a9587b8eee0412c1dedc3a315.param
0.999,0.944,-0.978,0.983,0.99,-0.995,-0.976,-0.97,-0.981,-0.947,0.986,0.992,0.993,-0.943,-0.986,0.974,-0.988,0.994,0.987,-0.988,-0.997,0.974,0.901,-0.992,-0.989,0.934,-0.979,-0.993,0.993,-0.95,0.974,0.996,0.995,0.971,0.996,0.99,0.976,-0.937,0.987,-0.931,0.74,0.965,-0.993,0.993,0.839,-0.997,-0.991,-0.97,-0.987,-0.979,0.987,-0.986,0.979,-0.995,-0.887,0.984,-0.977,0.983,-0.998,-0.954,0.956,0.995,0.218,0.993,-0.999,-0.981,-0.969,-0.997,-0.995,-0.985,0.981,-0.997,0.896,0.981,-0.993,0.996,0.898,-0.939,-0.976,0.999,-0.999,0.972,-0.989,0.978,-0.996,-0.995,-0.988,0.999,0.998,0.992,-0.999,0.999,0.963,-0.932,-0.997,0.991,-0.996,0.993,-0.998,-0.991,9.766,5.813,10.476,10.434,10.533,10.48,10.574,10.556,7.599,6.157,10.481,10.378,8.04,7.947,10.465,10.462,EssenceCatalog/problems/csplib-prob010-SocialGolfers/params/a6f53661fdd27b6055b077da24fcc907.param
0.991,0.784,-0.887,-0.923,0.905,-0.994,-0.836,-0.71,-0.982,-0.831,0.426,0.978,0.694,-0.899,-0.727,0.727,-0.982,0.753,0.948,-0.838,-0.993,-0.778,0.413,-0.713,-0.975,-0.941,-0.969,-0.959,0.965,0.88,0.896,0.951,0.977,0.89,0.989,0.972,0.886,-0.921,0.989,-0.896,0.94,0.886,-0.914,-0.047,0.97,-0.99,-0.851,-0.8,-0.981,0.905,0.939,-0.941,0.962,-0.975,-0.984,0.779,-0.915,0.814,-0.992,-0.969,0.812,0.964,-0.876,0.989,-0.995,-0.703,-0.641,-0.985,-0.987,-0.705,0.889,-0.975,0.972,0.946,-0.977,0.986,0.908,-0.96,-0.337,0.995,-0.994,0.919,-0.971,0.981,-0.976,-0.973,-0.957,0.995,0.983,0.772,-0.997,0.997,0.438,-0.578,-0.995,0.926,-0.987,0.981,-0.996,-0.988,6.587,5.361,10.568,10.558,10.449,10.494,10.458,10.53,6.222,5.503,10.572,10.607,6.47,6.376,10.571,10.601,EssenceCatalog/problems/csplib-prob010-SocialGolfers/params/a35d22194e50437242f1f618439fd87a.param
0.992,0.779,-0.925,-0.85,0.933,-0.994,-0.833,-0.708,-0.983,-0.854,0.472,0.981,0.899,-0.908,-0.853,0.756,-0.984,0.887,0.944,-0.852,-0.993,-0.62,0.296,-0.887,-0.977,-0.899,-0.972,-0.96,0.964,0.78,0.904,0.966,0.98,0.924,0.988,0.97,0.875,-0.917,0.989,-0.89,0.918,0.941,-0.968,0.213,0.965,-0.991,-0.887,-0.827,-0.983,0.825,0.95,-0.944,0.961,-0.978,-0.985,0.853,-0.941,0.832,-0.992,-0.965,0.808,0.964,-0.856,0.987,-0.995,-0.746,-0.69,-0.988,-0.989,-0.762,0.9,-0.979,0.969,0.954,-0.981,0.988,0.906,-0.954,-0.349,0.996,-0.995,0.939,-0.97,0.978,-0.977,-0.98,-0.956,0.995,0.982,0.83,-0.997,0.997,0.444,-0.435,-0.996,0.945,-0.99,0.98,-0.996,-0.987,6.96,5.493,10.602,10.569,10.463,10.521,10.493,10.552,6.421,5.664,10.599,10.619,6.674,6.641,10.595,10.629,EssenceCatalog/problems/csplib-prob010-SocialGolfers/params/847d2296bbface1ebf564605704a63e6.param
0.989,0.876,-0.628,-0.954,0.784,-0.996,-0.868,-0.784,-0.977,-0.731,0.785,0.956,-0.907,-0.868,0.325,0.804,-0.979,-0.374,0.973,-0.869,-0.994,-0.935,0.791,0.738,-0.978,-0.972,-0.974,-0.967,0.97,0.967,0.893,0.895,0.979,0.618,0.992,0.98,0.943,-0.892,0.988,-0.909,0.951,-0.54,0.488,-0.311,0.971,-0.99,-0.827,-0.842,-0.974,0.937,0.948,-0.961,0.941,-0.968,-0.985,0.36,-0.761,0.835,-0.994,-0.985,0.899,0.979,-0.942,0.995,-0.995,-0.646,-0.64,-0.981,-0.981,-0.701,0.853,-0.972,0.957,0.899,-0.966,0.98,0.942,-0.979,-0.852,0.995,-0.993,0.782,-0.978,0.988,-0.98,-0.959,-0.962,0.994,0.985,0.718,-0.998,0.997,0.634,-0.936,-0.994,0.805,-0.97,0.992,-0.992,-0.992,5.143,4.323,10.515,10.479,10.547,10.534,10.529,10.46,5.114,4.425,10.489,10.447,5.48,5.01,10.521,10.457,EssenceCatalog/problems/csplib-prob010-SocialGolfers/params/166e9f6e80e29600d3d7ae5db8ac5cde.param
0.999,0.932,-0.971,0.972,0.989,-0.995,-0.967,-0.958,-0.983,-0.931,0.983,0.99,0.989,-0.943,-0.979,0.968,-0.988,0.992,0.984,-0.986,-0.996,0.952,0.851,-0.989,-0.987,0.89,-0.977,-0.991,0.991,-0.908,0.968,0.995,0.995,0.962,0.996,0.989,0.97,-0.924,0.988,-0.908,0.689,0.95,-0.989,0.991,0.854,-0.997,-0.989,-0.972,-0.989,-0.966,0.985,-0.986,0.971,-0.994,-0.92,0.981,-0.969,0.976,-0.998,-0.957,0.947,0.994,-0.065,0.992,-0.999,-0.972,-0.962,-0.997,-0.994,-0.98,0.973,-0.996,0.895,0.979,-0.993,0.995,0.908,-0.945,-0.972,0.999,-0.999,0.964,-0.987,0.977,-0.995,-0.994,-0.985,0.998,0.997,0.989,-0.999,0.999,0.947,-0.914,-0.997,0.989,-0.995,0.993,-0.998,-0.991,9.68,5.79,10.472,10.43,10.525,10.485,10.562,10.554,7.549,6.136,10.484,10.375,7.987,7.918,10.461,10.456,EssenceCatalog/problems/csplib-prob010-SocialGolfers/params/f73f875250d6eeaf3bbe303b26557208.param
0.997,0.957,-0.969,0.9,0.929,-0.993,-0.94,0.022,0.953,-0.938,0.96,0.988,0.868,0.665,-0.87,0.924,-0.726,0.99,0.972,-0.978,-0.994,0.985,0.781,-0.988,-0.995,0.454,-0.806,-0.993,0.992,-0.986,0.966,0.964,0.995,0.586,0.998,0.997,0.972,-0.883,-0.975,-0.282,0.918,0.81,-0.886,0.993,0.953,-0.978,-0.965,0.739,0.914,-0.643,0.951,0.142,0.979,-0.989,0.849,0.78,-0.937,0.98,-0.997,-0.928,0.989,0.99,0.496,0.985,-0.999,-0.992,-0.988,-0.987,-0.986,-0.98,0.978,-0.994,-0.92,0.132,0.823,0.997,0.889,-0.974,-0.984,0.992,-0.998,0.926,-0.984,0.992,-0.998,-0.782,-0.981,0.997,0.998,0.975,-1.0,0.999,0.936,-0.941,-0.998,0.795,-0.991,0.984,-0.994,-0.99,8.186,4.574,6.609,9.103,9.9,9.64,9.911,9.736,6.218,5.074,6.821,9.056,6.843,6.659,7.341,8.988,EssenceCatalog/problems/csplib-prob010-SocialGolfers/params/ord30-5-8-6.param
0.991,0.782,-0.899,-0.931,0.905,-0.994,-0.835,-0.703,-0.981,-0.833,0.43,0.978,0.676,-0.892,-0.71,0.72,-0.982,0.757,0.951,-0.841,-0.993,-0.812,0.378,-0.697,-0.976,-0.949,-0.968,-0.957,0.965,0.895,0.893,0.951,0.977,0.89,0.989,0.971,0.891,-0.92,0.989,-0.888,0.941,0.867,-0.914,-0.109,0.971,-0.99,-0.845,-0.779,-0.98,0.918,0.942,-0.939,0.961,-0.975,-0.984,0.77,-0.92,0.814,-0.992,-0.97,0.816,0.964,-0.897,0.989,-0.995,-0.702,-0.621,-0.984,-0.987,-0.709,0.888,-0.976,0.971,0.944,-0.977,0.986,0.918,-0.959,-0.37,0.995,-0.995,0.918,-0.973,0.981,-0.974,-0.971,-0.958,0.995,0.983,0.773,-0.997,0.997,0.402,-0.56,-0.996,0.925,-0.988,0.982,-0.996,-0.988,6.526,5.343,10.56,10.554,10.445,10.491,10.453,10.529,6.184,5.484,10.563,10.606,6.434,6.345,10.568,10.596,EssenceCatalog/problems/csplib-prob010-SocialGolfers/params/d3716ed7d25b921115647e55b82a0c0f.param
0.987,0.879,-0.427,-0.832,0.736,-0.995,-0.905,-0.844,-0.974,-0.734,0.811,0.96,-0.921,-0.894,0.188,0.849,-0.97,-0.436,0.976,-0.884,-0.994,-0.712,0.898,0.66,-0.977,-0.927,-0.975,-0.979,0.976,0.895,0.918,0.909,0.982,0.512,0.992,0.977,0.947,-0.915,0.987,-0.919,0.943,-0.26,0.723,0.378,0.961,-0.989,-0.875,-0.905,-0.972,0.761,0.885,-0.955,0.953,-0.969,-0.963,0.42,-0.627,0.894,-0.994,-0.973,0.9,0.984,-0.773,0.994,-0.996,-0.739,-0.764,-0.983,-0.975,-0.728,0.864,-0.971,0.958,0.917,-0.966,0.975,0.901,-0.974,-0.882,0.994,-0.993,0.73,-0.977,0.987,-0.986,-0.961,-0.964,0.994,0.99,0.74,-0.998,0.998,0.828,-0.963,-0.994,0.785,-0.972,0.988,-0.991,-0.99,5.53,4.387,10.536,10.476,10.552,10.516,10.523,10.431,5.315,4.49,10.508,10.395,5.682,5.175,10.509,10.451,EssenceCatalog/problems/csplib-prob010-SocialGolfers/params/089c8da7fecfe2607631be91d1942a9a.param
0.989,0.889,-0.369,-0.14,0.82,-0.993,-0.932,-0.906,-0.981,-0.789,0.88,0.964,-0.786,-0.933,-0.304,0.907,-0.969,-0.072,0.977,-0.925,-0.994,0.031,0.936,0.253,-0.976,-0.621,-0.976,-0.986,0.98,0.614,0.936,0.941,0.984,0.595,0.991,0.972,0.954,-0.93,0.99,-0.92,0.911,0.291,0.671,0.856,0.942,-0.991,-0.932,-0.957,-0.98,-0.119,0.829,-0.967,0.95,-0.975,-0.934,0.691,-0.563,0.929,-0.994,-0.948,0.913,0.989,-0.263,0.992,-0.997,-0.826,-0.852,-0.986,-0.974,-0.831,0.888,-0.974,0.963,0.95,-0.981,0.973,0.822,-0.96,-0.915,0.994,-0.994,0.739,-0.975,0.982,-0.988,-0.97,-0.965,0.995,0.992,0.836,-0.998,0.998,0.922,-0.971,-0.994,0.873,-0.978,0.984,-0.99,-0.987,6.833,4.738,10.486,10.343,10.443,10.383,10.423,10.283,5.964,4.88,10.435,10.245,6.371,5.908,10.409,10.314,EssenceCatalog/problems/csplib-prob010-SocialGolfers/params/24ba5db2410c2d9143dcbfd3630ca754.param
0.986,0.819,-0.565,-0.757,0.835,-0.993,-0.886,-0.84,-0.983,-0.748,0.659,0.964,-0.427,-0.919,-0.426,0.816,-0.972,0.093,0.961,-0.871,-0.992,-0.566,0.825,0.016,-0.968,-0.867,-0.97,-0.97,0.971,0.833,0.902,0.926,0.975,0.731,0.989,0.964,0.911,-0.921,0.993,-0.914,0.921,0.616,-0.079,0.481,0.955,-0.988,-0.883,-0.918,-0.983,0.632,0.849,-0.957,0.952,-0.968,-0.967,0.674,-0.713,0.858,-0.991,-0.952,0.834,0.976,-0.642,0.99,-0.994,-0.706,-0.7,-0.981,-0.973,-0.687,0.87,-0.968,0.972,0.949,-0.979,0.971,0.827,-0.954,-0.682,0.993,-0.991,0.81,-0.969,0.979,-0.979,-0.969,-0.951,0.993,0.986,0.721,-0.997,0.997,0.778,-0.9,-0.993,0.89,-0.978,0.978,-0.991,-0.985,6.316,4.904,10.563,10.511,10.484,10.477,10.465,10.444,5.897,5.014,10.546,10.465,6.21,5.857,10.52,10.502,EssenceCatalog/problems/csplib-prob010-SocialGolfers/params/6064db4c47fd9de5291bf31451b73701.param
0.987,0.822,-0.65,-0.917,0.815,-0.994,-0.871,-0.805,-0.981,-0.742,0.623,0.964,-0.586,-0.894,-0.233,0.788,-0.976,-0.009,0.964,-0.856,-0.993,-0.837,0.773,0.244,-0.972,-0.947,-0.97,-0.963,0.97,0.93,0.895,0.917,0.976,0.741,0.99,0.968,0.917,-0.917,0.991,-0.912,0.942,0.348,-0.121,0.043,0.967,-0.988,-0.832,-0.867,-0.979,0.878,0.899,-0.952,0.956,-0.968,-0.978,0.561,-0.771,0.834,-0.992,-0.97,0.839,0.975,-0.849,0.992,-0.994,-0.665,-0.625,-0.979,-0.978,-0.651,0.87,-0.97,0.971,0.932,-0.974,0.975,0.892,-0.962,-0.676,0.993,-0.992,0.813,-0.973,0.983,-0.976,-0.964,-0.954,0.993,0.985,0.689,-0.997,0.997,0.68,-0.889,-0.993,0.866,-0.978,0.983,-0.992,-0.988,5.764,4.742,10.558,10.546,10.508,10.508,10.491,10.49,5.599,4.843,10.553,10.517,5.909,5.541,10.543,10.534,EssenceCatalog/problems/csplib-prob010-SocialGolfers/params/125d3cb93400cb1cab423ccbf66f7096.param
0.99,0.816,-0.824,-0.966,0.854,-0.995,-0.844,-0.729,-0.979,-0.79,0.547,0.971,-0.223,-0.874,-0.317,0.732,-0.981,0.338,0.962,-0.845,-0.994,-0.92,0.562,-0.02,-0.976,-0.972,-0.968,-0.958,0.97,0.955,0.887,0.925,0.977,0.814,0.991,0.975,0.918,-0.916,0.988,-0.895,0.955,0.476,-0.608,-0.352,0.976,-0.99,-0.803,-0.762,-0.976,0.955,0.943,-0.941,0.959,-0.972,-0.985,0.592,-0.875,0.807,-0.993,-0.98,0.847,0.97,-0.933,0.992,-0.995,-0.659,-0.582,-0.981,-0.985,-0.673,0.875,-0.974,0.968,0.921,-0.97,0.983,0.935,-0.97,-0.57,0.995,-0.994,0.872,-0.976,0.985,-0.976,-0.961,-0.96,0.994,0.984,0.72,-0.998,0.997,0.457,-0.786,-0.995,0.88,-0.983,0.987,-0.995,-0.99,5.822,4.923,10.548,10.567,10.498,10.517,10.484,10.525,5.697,5.034,10.548,10.58,5.988,5.737,10.563,10.57,EssenceCatalog/problems/csplib-prob010-SocialGolfers/params/732a8d86ee667bc7a9b926b0aa3bd05f.param
0.992,0.779,-0.906,-0.917,0.913,-0.994,-0.835,-0.716,-0.983,-0.841,0.423,0.98,0.768,-0.901,-0.768,0.734,-0.983,0.797,0.949,-0.842,-0.993,-0.772,0.363,-0.773,-0.976,-0.938,-0.97,-0.957,0.965,0.877,0.896,0.957,0.978,0.907,0.989,0.97,0.886,-0.922,0.989,-0.894,0.937,0.899,-0.937,-0.05,0.97,-0.99,-0.857,-0.794,-0.982,0.9,0.944,-0.942,0.962,-0.976,-0.985,0.797,-0.927,0.82,-0.992,-0.969,0.808,0.965,-0.884,0.989,-0.995,-0.711,-0.639,-0.985,-0.987,-0.727,0.894,-0.977,0.973,0.948,-0.979,0.986,0.914,-0.957,-0.348,0.995,-0.994,0.927,-0.972,0.98,-0.974,-0.974,-0.957,0.995,0.983,0.79,-0.997,0.997,0.418,-0.512,-0.996,0.93,-0.989,0.981,-0.996,-0.987,6.649,5.398,10.578,10.566,10.453,10.502,10.466,10.54,6.261,5.546,10.58,10.62,6.508,6.435,10.582,10.615,EssenceCatalog/problems/csplib-prob010-SocialGolfers/params/e08b402ba400c30c4c4c36fd8171b0ab.param
0.998,0.864,-0.962,0.724,0.981,-0.993,-0.91,-0.838,-0.978,-0.869,0.953,0.984,0.962,-0.897,-0.927,0.928,-0.985,0.983,0.971,-0.969,-0.995,0.457,0.445,-0.971,-0.98,0.051,-0.97,-0.978,0.979,-0.346,0.937,0.989,0.992,0.937,0.993,0.977,0.943,-0.855,0.985,-0.754,0.675,0.827,-0.982,0.958,0.912,-0.995,-0.971,-0.944,-0.987,-0.668,0.981,-0.973,0.941,-0.989,-0.968,0.951,-0.953,0.932,-0.997,-0.967,0.901,0.984,-0.828,0.989,-0.998,-0.924,-0.893,-0.995,-0.993,-0.948,0.938,-0.992,0.876,0.958,-0.988,0.991,0.951,-0.95,-0.946,0.999,-0.997,0.932,-0.982,0.976,-0.99,-0.987,-0.969,0.997,0.991,0.97,-0.998,0.998,0.788,-0.774,-0.997,0.98,-0.994,0.992,-0.997,-0.986,8.933,5.656,10.477,10.429,10.484,10.5,10.506,10.558,7.177,5.985,10.498,10.41,7.595,7.627,10.471,10.445,EssenceCatalog/problems/csplib-prob010-SocialGolfers/params/583ff795b991937ff0e1832e4bb9f50f.param
0.992,0.777,-0.867,-0.326,0.945,-0.99,-0.872,-0.784,-0.984,-0.798,0.714,0.974,0.807,-0.918,-0.804,0.798,-0.975,0.852,0.95,-0.903,-0.992,-0.147,0.498,-0.838,-0.968,-0.669,-0.963,-0.959,0.964,0.483,0.901,0.962,0.979,0.87,0.987,0.957,0.894,-0.893,0.992,-0.818,0.837,0.887,-0.893,0.754,0.948,-0.991,-0.928,-0.92,-0.988,0.216,0.913,-0.957,0.941,-0.978,-0.965,0.89,-0.88,0.859,-0.992,-0.939,0.816,0.97,-0.719,0.983,-0.995,-0.785,-0.736,-0.985,-0.984,-0.792,0.881,-0.977,0.96,0.963,-0.986,0.977,0.857,-0.931,-0.66,0.996,-0.994,0.887,-0.967,0.973,-0.978,-0.978,-0.947,0.995,0.984,0.861,-0.996,0.997,0.665,-0.692,-0.994,0.961,-0.988,0.978,-0.994,-0.98,7.676,5.49,10.535,10.465,10.434,10.464,10.458,10.511,6.673,5.716,10.532,10.487,6.994,6.942,10.505,10.51,EssenceCatalog/problems/csplib-prob010-SocialGolfers/params/e5d5e69ff1ded7731095209e09f6a793.param
0.988,0.797,-0.761,-0.896,0.869,-0.993,-0.855,-0.747,-0.981,-0.765,0.561,0.968,0.002,-0.9,-0.449,0.739,-0.975,0.424,0.954,-0.852,-0.993,-0.775,0.604,-0.255,-0.97,-0.933,-0.965,-0.959,0.964,0.891,0.886,0.926,0.974,0.781,0.988,0.967,0.897,-0.904,0.991,-0.884,0.927,0.672,-0.593,0.158,0.965,-0.989,-0.855,-0.857,-0.982,0.855,0.907,-0.947,0.951,-0.97,-0.976,0.702,-0.825,0.814,-0.991,-0.963,0.817,0.967,-0.848,0.989,-0.994,-0.682,-0.647,-0.98,-0.979,-0.67,0.855,-0.969,0.968,0.941,-0.976,0.977,0.888,-0.958,-0.544,0.994,-0.992,0.853,-0.969,0.98,-0.974,-0.966,-0.949,0.993,0.982,0.723,-0.997,0.997,0.577,-0.782,-0.994,0.906,-0.981,0.981,-0.993,-0.986,6.252,5.062,10.549,10.532,10.465,10.49,10.458,10.497,5.943,5.183,10.551,10.54,6.225,6.005,10.542,10.546,EssenceCatalog/problems/csplib-prob010-SocialGolfers/params/ba2b698482522050aaf73fd66fdc10f2.param
0.998,0.894,-0.964,0.899,0.985,-0.994,-0.94,-0.915,-0.983,-0.9,0.968,0.987,0.979,-0.927,-0.96,0.951,-0.988,0.987,0.978,-0.978,-0.996,0.792,0.701,-0.98,-0.983,0.57,-0.975,-0.985,0.986,-0.684,0.95,0.993,0.994,0.954,0.994,0.983,0.957,-0.894,0.987,-0.849,0.68,0.906,-0.987,0.977,0.885,-0.996,-0.982,-0.963,-0.989,-0.881,0.983,-0.982,0.957,-0.992,-0.958,0.968,-0.959,0.956,-0.997,-0.965,0.924,0.99,-0.601,0.991,-0.998,-0.95,-0.927,-0.996,-0.994,-0.966,0.958,-0.994,0.899,0.972,-0.992,0.993,0.933,-0.947,-0.957,0.999,-0.998,0.952,-0.985,0.976,-0.993,-0.992,-0.975,0.998,0.994,0.981,-0.999,0.998,0.877,-0.843,-0.997,0.985,-0.995,0.993,-0.998,-0.988,9.383,5.735,10.481,10.433,10.512,10.499,10.543,10.561,7.398,6.082,10.5,10.393,7.825,7.811,10.469,10.455,EssenceCatalog/problems/csplib-prob010-SocialGolfers/params/66e938838e18a90de0c9f4d8fe6642e8.param
0.994,0.909,-0.81,-0.992,0.682,-0.998,-0.841,-0.799,-0.959,-0.752,0.816,0.963,-0.98,-0.7,0.568,0.838,-0.989,-0.579,0.988,-0.875,-0.997,-0.99,0.843,0.906,-0.989,-0.994,-0.979,-0.97,0.985,0.993,0.921,0.914,0.99,0.791,0.996,0.991,0.977,-0.937,0.972,-0.921,0.982,-0.929,0.61,-0.875,0.986,-0.991,-0.615,-0.578,-0.933,0.991,0.982,-0.934,0.963,-0.979,-0.994,-0.216,-0.897,0.893,-0.998,-0.996,0.954,0.989,-0.988,0.998,-0.996,-0.674,-0.574,-0.985,-0.993,-0.774,0.907,-0.986,0.934,0.739,-0.944,0.991,0.983,-0.991,-0.938,0.996,-0.997,0.83,-0.99,0.994,-0.984,-0.944,-0.982,0.997,0.991,0.821,-0.999,0.998,0.569,-0.96,-0.997,0.601,-0.98,0.997,-0.996,-0.996,4.731,4.13,10.379,10.514,10.601,10.554,10.584,10.528,4.842,4.24,10.339,10.492,5.194,4.73,10.433,10.497,EssenceCatalog/problems/csplib-prob010-SocialGolfers/params/4df6c21eba1e2ad4885f8da865b76521.param
0.992,0.894,-0.812,-0.988,0.789,-0.997,-0.881,-0.768,-0.978,-0.77,0.774,0.961,-0.933,-0.851,0.553,0.758,-0.983,-0.42,0.981,-0.877,-0.996,-0.978,0.761,0.843,-0.986,-0.989,-0.973,-0.968,0.979,0.985,0.908,0.898,0.985,0.687,0.994,0.988,0.963,-0.919,0.986,-0.913,0.973,-0.747,0.459,-0.788,0.983,-0.991,-0.773,-0.748,-0.971,0.985,0.971,-0.954,0.958,-0.978,-0.989,0.213,-0.871,0.86,-0.996,-0.993,0.934,0.983,-0.979,0.997,-0.996,-0.666,-0.584,-0.982,-0.988,-0.706,0.872,-0.98,0.96,0.869,-0.964,0.987,0.974,-0.987,-0.879,0.996,-0.996,0.836,-0.987,0.992,-0.982,-0.952,-0.975,0.996,0.989,0.77,-0.999,0.998,0.481,-0.935,-0.996,0.797,-0.978,0.996,-0.995,-0.995,4.927,4.263,10.542,10.512,10.612,10.583,10.591,10.522,4.997,4.37,10.511,10.502,5.359,4.891,10.562,10.505,EssenceCatalog/problems/csplib-prob010-SocialGolfers/params/225ab909161cbf8b80b8d7bda964ac19.param
0.994,0.875,-0.785,-0.98,-0.952,-0.99,0.494,-0.264,0.988,-0.289,0.87,0.989,-0.997,0.996,-0.885,0.972,-0.943,0.42,0.993,-0.632,-0.995,-0.979,0.826,-0.401,-0.993,-0.998,-0.919,-0.938,0.996,0.974,0.947,0.943,0.997,0.935,0.998,0.994,0.986,-0.934,-0.997,0.144,0.988,-0.996,-0.593,0.733,0.991,-0.866,0.928,0.996,0.997,0.989,0.987,0.963,0.984,-0.895,-0.977,-0.987,-0.766,0.963,-0.999,-0.994,0.946,0.987,-0.99,0.997,-0.99,-0.841,-0.841,-0.963,-0.998,-0.96,0.983,-0.994,-0.98,-0.993,0.993,0.991,0.994,-0.994,-0.985,0.983,-0.998,-0.2,-0.993,0.992,-0.99,0.656,-0.986,0.997,0.996,0.844,-0.997,0.995,0.967,-0.983,-0.996,-0.992,-0.983,0.994,-0.996,-0.994,3.708,3.088,4.266,9.674,10.341,10.103,10.389,10.63,3.769,3.299,4.292,9.668,4.379,3.804,5.363,9.756,EssenceCatalog/problems/csplib-prob010-SocialGolfers/params/ord14-10-9-3.param
0.99,0.839,-0.819,-0.969,0.848,-0.996,-0.84,-0.722,-0.977,-0.781,0.657,0.967,-0.564,-0.863,-0.093,0.743,-0.982,0.168,0.967,-0.852,-0.995,-0.945,0.575,0.278,-0.978,-0.977,-0.97,-0.96,0.97,0.967,0.884,0.918,0.978,0.777,0.991,0.978,0.93,-0.902,0.987,-0.89,0.955,0.085,-0.379,-0.452,0.977,-0.99,-0.81,-0.757,-0.976,0.961,0.956,-0.949,0.951,-0.972,-0.987,0.517,-0.867,0.805,-0.994,-0.985,0.874,0.972,-0.954,0.994,-0.995,-0.651,-0.59,-0.981,-0.985,-0.708,0.866,-0.974,0.963,0.909,-0.968,0.984,0.948,-0.975,-0.694,0.996,-0.994,0.859,-0.978,0.987,-0.977,-0.958,-0.962,0.995,0.983,0.736,-0.998,0.997,0.444,-0.823,-0.995,0.857,-0.981,0.99,-0.994,-0.992,5.52,4.711,10.545,10.559,10.528,10.541,10.514,10.528,5.469,4.821,10.535,10.56,5.786,5.481,10.574,10.552,EssenceCatalog/problems/csplib-prob010-SocialGolfers/params/ab1b2fa47e1d7f725eba11e9de5e3d56.param
0.991,0.79,-0.888,-0.939,0.899,-0.994,-0.832,-0.708,-0.982,-0.828,0.437,0.977,0.591,-0.894,-0.678,0.725,-0.982,0.711,0.95,-0.836,-0.993,-0.836,0.399,-0.643,-0.976,-0.952,-0.969,-0.957,0.965,0.911,0.892,0.949,0.977,0.885,0.989,0.972,0.892,-0.918,0.989,-0.896,0.943,0.846,-0.898,-0.163,0.972,-0.99,-0.838,-0.78,-0.981,0.925,0.945,-0.941,0.96,-0.974,-0.986,0.751,-0.915,0.81,-0.992,-0.973,0.817,0.964,-0.902,0.99,-0.995,-0.691,-0.624,-0.984,-0.987,-0.708,0.886,-0.975,0.972,0.94,-0.977,0.986,0.921,-0.963,-0.378,0.995,-0.994,0.915,-0.972,0.982,-0.974,-0.971,-0.957,0.995,0.982,0.763,-0.997,0.997,0.406,-0.584,-0.995,0.917,-0.987,0.983,-0.996,-0.988,6.45,5.306,10.561,10.56,10.452,10.496,10.457,10.53,6.137,5.444,10.566,10.609,6.389,6.283,10.57,10.598,EssenceCatalog/problems/csplib-prob010-SocialGolfers/params/8f2a258ee368f6a01f531dfbb072157b.param
0.989,0.888,-0.376,-0.163,0.819,-0.993,-0.924,-0.895,-0.977,-0.772,0.889,0.961,-0.834,-0.918,-0.218,0.905,-0.969,-0.116,0.976,-0.928,-0.994,-0.099,0.929,0.326,-0.976,-0.676,-0.976,-0.985,0.978,0.663,0.932,0.936,0.984,0.557,0.991,0.973,0.954,-0.919,0.988,-0.902,0.907,0.076,0.694,0.849,0.944,-0.991,-0.93,-0.952,-0.977,-0.035,0.851,-0.966,0.943,-0.974,-0.937,0.68,-0.557,0.922,-0.995,-0.954,0.915,0.988,-0.421,0.993,-0.997,-0.816,-0.839,-0.986,-0.975,-0.838,0.885,-0.974,0.954,0.942,-0.978,0.972,0.847,-0.962,-0.931,0.995,-0.994,0.719,-0.975,0.983,-0.988,-0.968,-0.965,0.995,0.992,0.829,-0.998,0.997,0.913,-0.972,-0.994,0.861,-0.976,0.985,-0.99,-0.987,6.62,4.661,10.49,10.364,10.454,10.405,10.437,10.309,5.839,4.795,10.442,10.269,6.244,5.793,10.429,10.332,EssenceCatalog/problems/csplib-prob010-SocialGolfers/params/37997f0d820170f69f177ebaba8b3c0a.param
0.995,0.885,-0.71,-0.911,-0.698,-0.997,0.17,-0.21,0.974,-0.594,0.761,0.989,-0.975,0.98,-0.904,0.962,-0.971,0.722,0.991,-0.62,-0.997,-0.858,0.867,-0.802,-0.995,-0.996,-0.97,-0.976,0.996,0.879,0.96,0.948,0.998,0.935,0.998,0.998,0.979,-0.948,-0.991,-0.57,0.99,-0.822,-0.686,0.877,0.989,-0.977,0.468,0.984,0.983,0.968,0.98,0.793,0.988,-0.956,-0.955,-0.899,-0.816,0.96,-0.998,-0.995,0.965,0.989,-0.937,0.998,-0.998,-0.909,-0.916,-0.992,-0.997,-0.967,0.985,-0.994,-0.924,-0.911,0.972,0.998,0.982,-0.995,-0.963,0.996,-0.999,0.67,-0.991,0.996,-0.997,-0.423,-0.986,0.999,0.998,0.876,-1.0,0.999,0.94,-0.952,-0.999,-0.917,-0.99,0.995,-0.998,-0.997,4.333,3.469,4.974,10.084,10.68,10.508,10.684,10.836,4.26,3.724,5.009,10.1,4.864,4.378,6.074,10.165,EssenceCatalog/problems/csplib-prob010-SocialGolfers/params/bddcd7f5093baacaef6140848ec127bb.param
0.987,0.875,-0.512,-0.73,0.842,-0.996,-0.94,-0.904,-0.99,-0.87,0.617,0.976,-0.304,-0.96,-0.58,0.866,-0.975,-0.002,0.97,-0.879,-0.995,0.019,0.93,-0.067,-0.978,-0.745,-0.98,-0.988,0.984,0.612,0.946,0.943,0.98,0.776,0.992,0.98,0.944,-0.963,0.994,-0.967,0.967,0.905,0.1,0.452,0.961,-0.993,-0.917,-0.946,-0.988,0.427,0.768,-0.969,0.978,-0.977,-0.951,0.744,-0.746,0.915,-0.992,-0.949,0.895,0.984,0.07,0.993,-0.997,-0.787,-0.83,-0.988,-0.974,-0.706,0.907,-0.977,0.986,0.965,-0.986,0.986,0.693,-0.968,-0.562,0.994,-0.994,0.903,-0.977,0.986,-0.988,-0.978,-0.97,0.995,0.993,0.781,-0.999,0.998,0.873,-0.947,-0.995,0.91,-0.984,0.978,-0.994,-0.991,6.9,5.058,10.619,10.473,10.516,10.449,10.491,10.364,6.231,5.193,10.573,10.403,6.55,6.091,10.521,10.483,EssenceCatalog/problems/csplib-prob010-SocialGolfers/params/00f471a26b640d7a2cd65585bd00b169.param
0.991,0.78,-0.906,-0.919,0.911,-0.994,-0.833,-0.711,-0.982,-0.841,0.416,0.98,0.767,-0.898,-0.769,0.733,-0.983,0.799,0.949,-0.84,-0.993,-0.771,0.363,-0.775,-0.976,-0.939,-0.97,-0.958,0.965,0.876,0.897,0.957,0.978,0.905,0.989,0.971,0.886,-0.922,0.989,-0.895,0.938,0.902,-0.937,-0.049,0.97,-0.99,-0.856,-0.79,-0.981,0.903,0.944,-0.94,0.962,-0.976,-0.985,0.795,-0.927,0.82,-0.992,-0.969,0.809,0.964,-0.882,0.989,-0.995,-0.712,-0.643,-0.985,-0.988,-0.723,0.896,-0.977,0.972,0.947,-0.978,0.987,0.914,-0.959,-0.333,0.995,-0.994,0.927,-0.972,0.981,-0.975,-0.974,-0.957,0.995,0.983,0.788,-0.997,0.997,0.414,-0.516,-0.996,0.929,-0.989,0.981,-0.996,-0.988,6.644,5.397,10.572,10.562,10.45,10.499,10.462,10.535,6.258,5.544,10.574,10.616,6.505,6.431,10.577,10.611,EssenceCatalog/problems/csplib-prob010-SocialGolfers/params/944aae2641e6f50979be0704d797e39a.param
0.991,0.82,-0.858,-0.966,0.868,-0.995,-0.83,-0.698,-0.979,-0.806,0.54,0.973,-0.039,-0.874,-0.391,0.721,-0.982,0.467,0.959,-0.84,-0.994,-0.919,0.474,-0.203,-0.977,-0.972,-0.97,-0.958,0.968,0.953,0.886,0.931,0.978,0.834,0.99,0.976,0.913,-0.91,0.987,-0.892,0.953,0.571,-0.725,-0.379,0.976,-0.99,-0.81,-0.746,-0.978,0.957,0.952,-0.941,0.957,-0.973,-0.987,0.63,-0.893,0.803,-0.993,-0.981,0.849,0.967,-0.939,0.993,-0.995,-0.668,-0.605,-0.983,-0.986,-0.694,0.874,-0.974,0.967,0.92,-0.97,0.986,0.941,-0.972,-0.536,0.995,-0.994,0.888,-0.976,0.985,-0.976,-0.962,-0.96,0.995,0.983,0.731,-0.998,0.997,0.397,-0.723,-0.995,0.885,-0.984,0.988,-0.995,-0.991,5.951,5.02,10.547,10.568,10.492,10.521,10.479,10.53,5.791,5.137,10.548,10.594,6.073,5.873,10.568,10.579,EssenceCatalog/problems/csplib-prob010-SocialGolfers/params/901e4178bd797b31db413085a24f2695.param
0.988,0.842,-0.688,-0.934,0.829,-0.995,-0.851,-0.756,-0.977,-0.736,0.729,0.958,-0.739,-0.875,0.043,0.772,-0.977,-0.06,0.964,-0.862,-0.993,-0.904,0.702,0.453,-0.974,-0.962,-0.97,-0.961,0.966,0.95,0.882,0.906,0.977,0.67,0.99,0.974,0.926,-0.886,0.989,-0.885,0.936,-0.123,0.048,-0.096,0.968,-0.989,-0.84,-0.847,-0.977,0.91,0.938,-0.956,0.939,-0.968,-0.982,0.527,-0.781,0.817,-0.993,-0.979,0.87,0.973,-0.926,0.993,-0.994,-0.65,-0.625,-0.981,-0.979,-0.695,0.847,-0.97,0.958,0.916,-0.969,0.978,0.929,-0.972,-0.783,0.995,-0.992,0.803,-0.974,0.985,-0.978,-0.96,-0.955,0.993,0.983,0.716,-0.997,0.997,0.589,-0.891,-0.993,0.85,-0.974,0.989,-0.992,-0.989,5.464,4.557,10.53,10.504,10.515,10.518,10.499,10.479,5.369,4.66,10.515,10.48,5.708,5.33,10.539,10.491,EssenceCatalog/problems/csplib-prob010-SocialGolfers/params/76303720cc216c826f0353d3d9d348ed.param
0.989,0.775,-0.843,-0.8,0.915,-0.992,-0.84,-0.727,-0.982,-0.79,0.563,0.972,0.628,-0.911,-0.696,0.746,-0.977,0.736,0.943,-0.86,-0.992,-0.608,0.45,-0.699,-0.969,-0.88,-0.966,-0.956,0.96,0.794,0.887,0.947,0.975,0.848,0.987,0.964,0.879,-0.897,0.991,-0.863,0.899,0.849,-0.861,0.369,0.961,-0.99,-0.886,-0.874,-0.985,0.743,0.921,-0.948,0.946,-0.973,-0.978,0.814,-0.877,0.816,-0.991,-0.958,0.799,0.962,-0.822,0.986,-0.994,-0.711,-0.68,-0.984,-0.982,-0.72,0.866,-0.972,0.965,0.95,-0.981,0.98,0.88,-0.952,-0.484,0.995,-0.992,0.889,-0.966,0.976,-0.975,-0.973,-0.947,0.994,0.98,0.785,-0.997,0.997,0.531,-0.648,-0.994,0.935,-0.986,0.979,-0.994,-0.984,6.835,5.354,10.556,10.518,10.434,10.477,10.448,10.506,6.307,5.508,10.555,10.553,6.574,6.485,10.546,10.56,EssenceCatalog/problems/csplib-prob010-SocialGolfers/params/c6c2f252f802766b936392a8f12bc21c.param
0.987,0.797,-0.751,-0.895,0.864,-0.993,-0.865,-0.775,-0.983,-0.783,0.491,0.971,0.134,-0.91,-0.561,0.752,-0.976,0.43,0.952,-0.843,-0.993,-0.717,0.663,-0.367,-0.97,-0.924,-0.967,-0.962,0.967,0.875,0.897,0.933,0.974,0.814,0.988,0.967,0.893,-0.921,0.992,-0.909,0.936,0.799,-0.65,0.159,0.965,-0.989,-0.855,-0.863,-0.983,0.845,0.89,-0.947,0.96,-0.97,-0.977,0.713,-0.831,0.826,-0.991,-0.959,0.806,0.968,-0.781,0.989,-0.994,-0.684,-0.661,-0.981,-0.979,-0.648,0.874,-0.969,0.974,0.946,-0.977,0.979,0.864,-0.957,-0.438,0.993,-0.992,0.871,-0.968,0.98,-0.975,-0.969,-0.952,0.993,0.983,0.71,-0.997,0.997,0.622,-0.784,-0.994,0.906,-0.982,0.978,-0.993,-0.986,6.392,5.146,10.56,10.545,10.462,10.482,10.455,10.497,6.053,5.268,10.562,10.552,6.321,6.096,10.542,10.563,EssenceCatalog/problems/csplib-prob010-SocialGolfers/params/7f8c4a07dea874e133fba0f4abaf6868.param
0.984,-0.803,-0.955,-0.033,-0.888,0.949,-0.966,-0.956,-0.364,-0.42,-0.626,0.926,0.391,0.922,-0.888,0.927,0.878,0.738,0.991,-0.946,-0.92,-0.783,0.832,-0.906,-0.861,-0.838,0.497,0.865,0.955,0.738,0.794,0.954,0.872,0.936,0.97,-0.929,0.929,-0.938,0.975,0.827,0.871,-0.949,-0.941,0.96,0.961,0.774,0.925,0.848,0.9,0.532,-0.949,0.949,0.963,-0.902,0.919,-0.848,-0.549,0.978,-0.983,0.926,-0.751,0.982,-0.847,-0.938,0.942,-0.918,0.904,0.977,-0.959,0.34,0.968,-0.986,0.927,-0.28,-0.822,-0.974,0.783,0.968,-0.947,-0.993,-0.99,-0.939,-0.829,-0.334,0.915,0.931,-0.957,0.975,0.979,0.13,0.951,-0.884,0.933,-0.926,-0.523,0.779,-0.959,-0.943,-0.904,0.865,2.283,1.726,2.278,4.595,3.125,2.361,3.314,7.275,2.285,1.697,2.176,4.62,2.673,2.209,2.333,4.524,EssenceCatalog/problems/csplib-prob010-SocialGolfers/params/ord22-6-5-5.param
0.992,0.884,-0.797,-0.984,0.81,-0.997,-0.867,-0.783,-0.979,-0.766,0.786,0.955,-0.928,-0.853,0.489,0.784,-0.985,-0.397,0.981,-0.878,-0.996,-0.98,0.759,0.842,-0.985,-0.988,-0.976,-0.966,0.977,0.986,0.893,0.903,0.983,0.721,0.994,0.986,0.963,-0.91,0.988,-0.918,0.969,-0.754,0.41,-0.796,0.981,-0.991,-0.784,-0.767,-0.973,0.98,0.971,-0.963,0.945,-0.976,-0.991,0.211,-0.871,0.839,-0.996,-0.993,0.934,0.983,-0.979,0.997,-0.996,-0.628,-0.535,-0.982,-0.987,-0.723,0.867,-0.98,0.962,0.887,-0.97,0.986,0.971,-0.984,-0.879,0.996,-0.995,0.836,-0.985,0.991,-0.978,-0.959,-0.972,0.995,0.987,0.789,-0.998,0.998,0.444,-0.925,-0.996,0.809,-0.977,0.995,-0.995,-0.995,4.936,4.278,10.542,10.514,10.595,10.573,10.581,10.519,5.005,4.382,10.509,10.506,5.368,4.908,10.563,10.503,EssenceCatalog/problems/csplib-prob010-SocialGolfers/params/08871f5ff5f58d3fcf42a99938acec28.param
0.989,0.777,-0.787,-0.605,0.912,-0.99,-0.847,-0.749,-0.98,-0.739,0.733,0.963,0.224,-0.894,-0.532,0.778,-0.971,0.625,0.951,-0.891,-0.991,-0.589,0.544,-0.48,-0.965,-0.836,-0.962,-0.952,0.959,0.757,0.874,0.939,0.976,0.763,0.987,0.957,0.895,-0.863,0.991,-0.793,0.851,0.577,-0.654,0.621,0.95,-0.99,-0.902,-0.908,-0.984,0.518,0.912,-0.955,0.924,-0.973,-0.968,0.805,-0.811,0.827,-0.991,-0.955,0.821,0.966,-0.835,0.986,-0.994,-0.716,-0.668,-0.981,-0.978,-0.749,0.85,-0.971,0.951,0.948,-0.98,0.971,0.89,-0.944,-0.751,0.995,-0.992,0.825,-0.966,0.975,-0.975,-0.967,-0.939,0.993,0.98,0.801,-0.996,0.996,0.618,-0.782,-0.993,0.933,-0.982,0.981,-0.991,-0.981,6.795,5.182,10.525,10.488,10.442,10.48,10.449,10.499,6.187,5.333,10.517,10.507,6.495,6.375,10.525,10.51,EssenceCatalog/problems/csplib-prob010-SocialGolfers/params/f9dd5127760719e8019633d7e246d7e8.param
0.987,0.81,-0.644,-0.877,0.828,-0.993,-0.874,-0.804,-0.981,-0.739,0.643,0.962,-0.515,-0.898,-0.267,0.785,-0.973,0.065,0.963,-0.864,-0.993,-0.793,0.76,0.169,-0.97,-0.931,-0.968,-0.962,0.968,0.907,0.891,0.918,0.975,0.724,0.989,0.965,0.914,-0.909,0.992,-0.896,0.929,0.388,-0.136,0.218,0.963,-0.988,-0.851,-0.884,-0.98,0.825,0.884,-0.953,0.949,-0.967,-0.973,0.615,-0.757,0.835,-0.991,-0.963,0.832,0.974,-0.827,0.99,-0.994,-0.672,-0.627,-0.978,-0.975,-0.668,0.863,-0.969,0.97,0.938,-0.976,0.971,0.88,-0.956,-0.696,0.993,-0.992,0.801,-0.97,0.981,-0.975,-0.963,-0.951,0.993,0.985,0.707,-0.997,0.997,0.689,-0.882,-0.993,0.883,-0.977,0.981,-0.992,-0.986,5.907,4.788,10.552,10.527,10.491,10.495,10.476,10.48,5.672,4.891,10.546,10.499,5.983,5.64,10.533,10.518,EssenceCatalog/problems/csplib-prob010-SocialGolfers/params/2be1d0da5e02ccc5987c37ec757830e0.param
0.988,0.823,-0.709,-0.939,0.826,-0.994,-0.87,-0.779,-0.981,-0.756,0.621,0.965,-0.554,-0.893,-0.179,0.762,-0.976,0.039,0.964,-0.856,-0.993,-0.873,0.725,0.251,-0.973,-0.958,-0.969,-0.962,0.969,0.939,0.891,0.916,0.976,0.739,0.99,0.971,0.918,-0.913,0.991,-0.906,0.946,0.326,-0.2,-0.101,0.97,-0.989,-0.829,-0.849,-0.98,0.912,0.914,-0.952,0.956,-0.969,-0.98,0.569,-0.799,0.824,-0.992,-0.974,0.844,0.973,-0.887,0.992,-0.994,-0.663,-0.611,-0.979,-0.979,-0.65,0.864,-0.971,0.971,0.93,-0.973,0.977,0.909,-0.966,-0.661,0.994,-0.993,0.827,-0.974,0.984,-0.976,-0.962,-0.956,0.994,0.985,0.695,-0.997,0.997,0.614,-0.87,-0.993,0.87,-0.978,0.985,-0.993,-0.989,5.703,4.743,10.563,10.544,10.511,10.515,10.493,10.496,5.573,4.848,10.558,10.525,5.883,5.529,10.555,10.536,EssenceCatalog/problems/csplib-prob010-SocialGolfers/params/23b076e8a3e21c14230e6b2bb8d8e305.param
0.994,0.786,-0.904,-0.267,0.949,-0.991,-0.821,-0.647,-0.971,-0.765,0.883,0.966,0.552,-0.85,-0.604,0.813,-0.976,0.889,0.957,-0.929,-0.992,-0.618,0.212,-0.74,-0.97,-0.791,-0.961,-0.948,0.957,0.633,0.871,0.96,0.984,0.801,0.989,0.961,0.917,-0.779,0.984,-0.591,0.766,0.276,-0.869,0.785,0.949,-0.992,-0.926,-0.895,-0.982,0.296,0.963,-0.956,0.894,-0.979,-0.973,0.853,-0.885,0.84,-0.994,-0.97,0.857,0.967,-0.934,0.987,-0.995,-0.794,-0.717,-0.986,-0.986,-0.859,0.856,-0.98,0.9,0.93,-0.98,0.977,0.95,-0.951,-0.904,0.997,-0.994,0.847,-0.971,0.977,-0.978,-0.966,-0.943,0.995,0.977,0.898,-0.996,0.997,0.511,-0.695,-0.995,0.95,-0.986,0.99,-0.993,-0.981,7.178,5.285,10.463,10.473,10.437,10.514,10.46,10.57,6.337,5.483,10.465,10.516,6.681,6.73,10.511,10.499,EssenceCatalog/problems/csplib-prob010-SocialGolfers/params/e40d8ff55e66367a05c56fd56712a09f.param
0.987,0.876,-0.551,-0.931,0.753,-0.996,-0.898,-0.812,-0.975,-0.744,0.761,0.962,-0.902,-0.883,0.24,0.805,-0.972,-0.402,0.975,-0.867,-0.994,-0.844,0.85,0.67,-0.978,-0.961,-0.973,-0.975,0.975,0.936,0.91,0.902,0.98,0.561,0.992,0.979,0.943,-0.912,0.987,-0.917,0.954,-0.244,0.588,0.011,0.969,-0.989,-0.844,-0.867,-0.973,0.897,0.91,-0.951,0.959,-0.97,-0.972,0.394,-0.709,0.873,-0.994,-0.979,0.893,0.981,-0.87,0.994,-0.996,-0.704,-0.714,-0.981,-0.978,-0.683,0.86,-0.971,0.962,0.912,-0.964,0.979,0.921,-0.977,-0.832,0.994,-0.994,0.769,-0.978,0.988,-0.984,-0.957,-0.964,0.995,0.989,0.717,-0.998,0.998,0.739,-0.948,-0.994,0.796,-0.973,0.989,-0.992,-0.991,5.347,4.385,10.546,10.494,10.567,10.542,10.539,10.459,5.244,4.489,10.521,10.435,5.604,5.109,10.531,10.473,EssenceCatalog/problems/csplib-prob010-SocialGolfers/params/fc84ec99d0ebe9fffe06012d98098ccc.param
0.989,0.852,-0.692,-0.92,0.833,-0.995,-0.853,-0.737,-0.975,-0.714,0.816,0.952,-0.848,-0.87,0.276,0.775,-0.977,-0.137,0.969,-0.878,-0.993,-0.924,0.693,0.634,-0.976,-0.962,-0.97,-0.962,0.964,0.953,0.871,0.9,0.978,0.577,0.99,0.977,0.939,-0.857,0.987,-0.858,0.925,-0.537,0.324,-0.093,0.968,-0.99,-0.862,-0.858,-0.977,0.899,0.951,-0.963,0.92,-0.969,-0.982,0.497,-0.766,0.82,-0.994,-0.983,0.895,0.975,-0.949,0.994,-0.995,-0.655,-0.629,-0.981,-0.98,-0.741,0.826,-0.971,0.949,0.909,-0.97,0.977,0.945,-0.975,-0.875,0.996,-0.992,0.779,-0.976,0.986,-0.977,-0.958,-0.955,0.994,0.981,0.745,-0.997,0.997,0.564,-0.907,-0.994,0.848,-0.972,0.992,-0.991,-0.989,5.282,4.396,10.51,10.46,10.521,10.521,10.507,10.458,5.195,4.501,10.485,10.438,5.563,5.164,10.526,10.442,EssenceCatalog/problems/csplib-prob010-SocialGolfers/params/18823fc893c9e838fa8081d12750e170.param
0.994,0.895,-0.537,-0.785,0.127,-0.999,0.332,-0.27,0.889,-0.507,0.841,0.985,-0.895,0.923,-0.952,0.965,-0.993,0.864,0.976,-0.674,-0.992,-0.897,0.823,-0.842,-0.991,-0.985,-0.987,-0.978,0.992,0.897,0.944,0.96,0.995,0.954,0.997,0.997,0.966,-0.903,-0.972,-0.873,0.973,-0.771,-0.916,0.841,0.972,-0.986,-0.176,0.938,0.914,0.889,0.993,-0.18,0.965,-0.937,-0.993,-0.795,-0.857,0.927,-0.997,-0.995,0.968,0.986,-0.936,0.999,-0.998,-0.874,-0.916,-0.998,-0.995,-0.975,0.97,-0.991,-0.881,-0.813,0.874,0.998,0.973,-0.994,-0.947,0.999,-0.996,0.901,-0.979,0.992,-0.994,-0.942,-0.98,0.996,0.994,0.9,-0.999,0.998,0.916,-0.914,-0.998,-0.754,-0.98,0.998,-0.996,-0.995,4.796,3.767,5.791,10.294,10.759,10.675,10.746,10.794,4.567,4.035,5.81,10.32,5.195,4.853,6.841,10.329,EssenceCatalog/problems/csplib-prob010-SocialGolfers/params/254673ac52b9cbea3365cbec6dbea253.param
0.993,0.797,-0.896,-0.511,0.94,-0.991,-0.793,-0.585,-0.968,-0.74,0.879,0.963,0.321,-0.84,-0.471,0.788,-0.976,0.846,0.955,-0.916,-0.992,-0.759,0.147,-0.623,-0.97,-0.862,-0.962,-0.945,0.951,0.756,0.861,0.952,0.983,0.763,0.988,0.963,0.911,-0.758,0.982,-0.594,0.786,0.05,-0.824,0.678,0.953,-0.991,-0.909,-0.875,-0.979,0.529,0.967,-0.955,0.882,-0.976,-0.978,0.814,-0.879,0.813,-0.994,-0.976,0.863,0.962,-0.952,0.988,-0.995,-0.756,-0.691,-0.985,-0.985,-0.84,0.833,-0.977,0.892,0.916,-0.976,0.978,0.954,-0.959,-0.896,0.997,-0.994,0.834,-0.97,0.978,-0.976,-0.962,-0.942,0.995,0.973,0.878,-0.996,0.997,0.429,-0.692,-0.995,0.936,-0.984,0.991,-0.993,-0.983,6.722,5.143,10.431,10.461,10.422,10.505,10.442,10.542,6.094,5.31,10.432,10.508,6.424,6.459,10.502,10.483,EssenceCatalog/problems/csplib-prob010-SocialGolfers/params/262fa177152cb3e59c151aac6a8b8119.param
0.986,0.845,-0.521,-0.818,0.809,-0.994,-0.911,-0.852,-0.985,-0.771,0.715,0.964,-0.724,-0.927,-0.159,0.815,-0.971,-0.21,0.968,-0.876,-0.993,-0.583,0.869,0.364,-0.973,-0.894,-0.972,-0.976,0.975,0.843,0.912,0.918,0.977,0.635,0.99,0.97,0.927,-0.925,0.993,-0.921,0.938,0.415,0.372,0.392,0.957,-0.989,-0.885,-0.922,-0.983,0.69,0.842,-0.96,0.956,-0.97,-0.96,0.625,-0.679,0.881,-0.992,-0.961,0.864,0.98,-0.651,0.992,-0.995,-0.718,-0.736,-0.981,-0.972,-0.679,0.863,-0.97,0.974,0.946,-0.978,0.974,0.856,-0.965,-0.767,0.993,-0.992,0.801,-0.974,0.984,-0.983,-0.966,-0.959,0.994,0.989,0.726,-0.998,0.997,0.802,-0.94,-0.993,0.87,-0.976,0.983,-0.991,-0.988,5.974,4.677,10.601,10.5,10.532,10.506,10.5,10.428,5.652,4.782,10.579,10.429,5.988,5.532,10.544,10.486,EssenceCatalog/problems/csplib-prob010-SocialGolfers/params/d6a844cbf1fd19c1b8da0406eaaa081e.param
0.991,0.775,-0.885,-0.742,0.933,-0.992,-0.83,-0.706,-0.983,-0.803,0.605,0.975,0.788,-0.912,-0.769,0.757,-0.98,0.835,0.942,-0.868,-0.992,-0.549,0.337,-0.81,-0.97,-0.854,-0.968,-0.955,0.959,0.742,0.889,0.957,0.978,0.877,0.987,0.966,0.877,-0.889,0.99,-0.85,0.882,0.879,-0.923,0.439,0.958,-0.991,-0.898,-0.878,-0.986,0.687,0.94,-0.951,0.943,-0.976,-0.981,0.849,-0.903,0.819,-0.991,-0.962,0.808,0.961,-0.841,0.986,-0.995,-0.734,-0.704,-0.986,-0.985,-0.759,0.87,-0.974,0.961,0.952,-0.982,0.983,0.894,-0.953,-0.508,0.996,-0.993,0.907,-0.966,0.976,-0.977,-0.977,-0.947,0.994,0.979,0.822,-0.997,0.997,0.493,-0.569,-0.995,0.945,-0.988,0.982,-0.994,-0.984,7.038,5.435,10.572,10.525,10.443,10.498,10.469,10.523,6.414,5.609,10.567,10.567,6.688,6.648,10.563,10.578,EssenceCatalog/problems/csplib-prob010-SocialGolfers/params/f344fa1f8ffb43b04caaea4e767c1b57.param
0.988,0.833,-0.68,-0.895,0.846,-0.994,-0.855,-0.755,-0.978,-0.711,0.767,0.955,-0.719,-0.879,0.046,0.778,-0.975,0.002,0.965,-0.877,-0.993,-0.882,0.689,0.443,-0.971,-0.947,-0.968,-0.958,0.961,0.934,0.873,0.906,0.976,0.633,0.989,0.971,0.926,-0.871,0.99,-0.858,0.917,-0.209,0.081,0.078,0.964,-0.989,-0.859,-0.873,-0.979,0.859,0.935,-0.961,0.926,-0.968,-0.979,0.575,-0.763,0.813,-0.993,-0.977,0.87,0.973,-0.922,0.992,-0.994,-0.653,-0.62,-0.979,-0.978,-0.71,0.835,-0.97,0.955,0.924,-0.973,0.973,0.924,-0.968,-0.822,0.995,-0.992,0.777,-0.972,0.983,-0.975,-0.96,-0.951,0.993,0.981,0.731,-0.997,0.997,0.596,-0.892,-0.993,0.873,-0.973,0.988,-0.991,-0.988,5.53,4.556,10.521,10.479,10.495,10.502,10.484,10.466,5.384,4.659,10.504,10.456,5.731,5.373,10.529,10.466,EssenceCatalog/problems/csplib-prob010-SocialGolfers/params/0d14aa69838f7281a2304f6ce644ae16.param
0.99,0.811,-0.859,-0.961,0.873,-0.995,-0.838,-0.703,-0.98,-0.806,0.519,0.974,0.071,-0.879,-0.432,0.715,-0.981,0.503,0.957,-0.841,-0.994,-0.9,0.474,-0.274,-0.976,-0.969,-0.968,-0.958,0.968,0.944,0.887,0.932,0.977,0.834,0.99,0.975,0.908,-0.912,0.988,-0.889,0.951,0.638,-0.747,-0.315,0.975,-0.99,-0.817,-0.76,-0.978,0.95,0.946,-0.94,0.958,-0.973,-0.986,0.657,-0.891,0.805,-0.993,-0.978,0.842,0.967,-0.929,0.992,-0.995,-0.673,-0.605,-0.982,-0.985,-0.684,0.873,-0.974,0.968,0.927,-0.971,0.985,0.934,-0.969,-0.51,0.995,-0.994,0.889,-0.975,0.984,-0.975,-0.963,-0.959,0.995,0.983,0.733,-0.998,0.997,0.411,-0.714,-0.995,0.893,-0.984,0.986,-0.995,-0.99,6.045,5.068,10.55,10.561,10.482,10.512,10.472,10.526,5.855,5.189,10.553,10.59,6.132,5.943,10.566,10.578,EssenceCatalog/problems/csplib-prob010-SocialGolfers/params/695ab9a28e561b774abe42c393846893.param
0.989,0.892,-0.364,-0.185,0.821,-0.994,-0.935,-0.914,-0.983,-0.805,0.868,0.967,-0.792,-0.939,-0.319,0.909,-0.97,-0.143,0.976,-0.924,-0.994,0.115,0.946,0.27,-0.978,-0.611,-0.978,-0.988,0.983,0.581,0.941,0.945,0.984,0.594,0.992,0.976,0.956,-0.938,0.99,-0.934,0.925,0.395,0.675,0.831,0.945,-0.992,-0.935,-0.957,-0.98,-0.112,0.822,-0.969,0.957,-0.977,-0.934,0.701,-0.575,0.934,-0.994,-0.954,0.918,0.989,-0.166,0.993,-0.997,-0.831,-0.863,-0.987,-0.975,-0.825,0.895,-0.976,0.966,0.951,-0.981,0.976,0.812,-0.966,-0.903,0.995,-0.994,0.771,-0.978,0.984,-0.99,-0.973,-0.968,0.995,0.993,0.831,-0.998,0.998,0.926,-0.975,-0.995,0.868,-0.979,0.984,-0.991,-0.988,6.878,4.755,10.502,10.344,10.454,10.384,10.429,10.272,5.998,4.9,10.449,10.239,6.403,5.916,10.413,10.316,EssenceCatalog/problems/csplib-prob010-SocialGolfers/params/01f21e040ec1b1ecf88a83115761c23a.param
0.991,0.774,-0.899,-0.916,0.91,-0.994,-0.833,-0.712,-0.982,-0.827,0.46,0.977,0.682,-0.894,-0.714,0.725,-0.982,0.759,0.951,-0.847,-0.993,-0.802,0.369,-0.703,-0.975,-0.941,-0.968,-0.954,0.964,0.889,0.888,0.953,0.977,0.892,0.989,0.969,0.893,-0.916,0.989,-0.879,0.934,0.855,-0.915,-0.062,0.971,-0.99,-0.853,-0.794,-0.982,0.899,0.943,-0.943,0.958,-0.975,-0.984,0.778,-0.917,0.814,-0.992,-0.969,0.812,0.965,-0.898,0.989,-0.995,-0.702,-0.612,-0.984,-0.987,-0.722,0.887,-0.977,0.971,0.945,-0.979,0.985,0.917,-0.956,-0.414,0.995,-0.994,0.916,-0.973,0.98,-0.973,-0.971,-0.956,0.995,0.982,0.784,-0.997,0.997,0.405,-0.554,-0.995,0.928,-0.988,0.982,-0.996,-0.987,6.562,5.349,10.567,10.557,10.448,10.496,10.458,10.537,6.2,5.492,10.57,10.609,6.451,6.37,10.574,10.599,EssenceCatalog/problems/csplib-prob010-SocialGolfers/params/f7e500426340b7795a46ea6da0d75591.param
0.993,0.781,-0.932,-0.844,0.936,-0.994,-0.84,-0.719,-0.983,-0.865,0.461,0.983,0.922,-0.91,-0.874,0.76,-0.984,0.901,0.946,-0.856,-0.993,-0.58,0.297,-0.905,-0.978,-0.894,-0.972,-0.962,0.965,0.76,0.908,0.969,0.98,0.933,0.989,0.97,0.876,-0.924,0.989,-0.896,0.92,0.952,-0.973,0.216,0.964,-0.991,-0.892,-0.826,-0.983,0.821,0.95,-0.945,0.964,-0.978,-0.984,0.863,-0.947,0.839,-0.992,-0.964,0.809,0.966,-0.844,0.987,-0.995,-0.756,-0.695,-0.989,-0.989,-0.768,0.908,-0.98,0.971,0.958,-0.982,0.989,0.903,-0.952,-0.33,0.996,-0.995,0.944,-0.971,0.979,-0.977,-0.982,-0.958,0.995,0.984,0.841,-0.997,0.997,0.452,-0.411,-0.996,0.949,-0.991,0.98,-0.997,-0.987,7.015,5.516,10.614,10.577,10.473,10.529,10.505,10.56,6.455,5.691,10.61,10.628,6.707,6.676,10.605,10.64,EssenceCatalog/problems/csplib-prob010-SocialGolfers/params/23714b811957d071e4e9cfb7b3ec1c58.param
0.987,0.782,-0.722,-0.82,0.866,-0.992,-0.877,-0.807,-0.983,-0.774,0.511,0.97,0.167,-0.912,-0.604,0.768,-0.973,0.423,0.955,-0.855,-0.992,-0.604,0.717,-0.404,-0.968,-0.888,-0.965,-0.962,0.968,0.823,0.899,0.934,0.973,0.81,0.988,0.96,0.895,-0.925,0.993,-0.9,0.926,0.814,-0.603,0.369,0.961,-0.988,-0.871,-0.886,-0.983,0.742,0.855,-0.947,0.959,-0.97,-0.968,0.743,-0.808,0.844,-0.99,-0.946,0.795,0.971,-0.701,0.987,-0.993,-0.701,-0.653,-0.98,-0.977,-0.661,0.878,-0.97,0.974,0.952,-0.979,0.973,0.83,-0.944,-0.495,0.992,-0.992,0.855,-0.967,0.978,-0.974,-0.969,-0.949,0.994,0.985,0.725,-0.997,0.996,0.683,-0.812,-0.993,0.916,-0.983,0.973,-0.993,-0.984,6.578,5.174,10.55,10.521,10.445,10.458,10.44,10.479,6.142,5.3,10.546,10.523,6.412,6.186,10.523,10.541,EssenceCatalog/problems/csplib-prob010-SocialGolfers/params/79e19902e87ce4875c69f897f13b1c8c.param
0.992,0.784,-0.911,-0.915,0.915,-0.994,-0.827,-0.706,-0.982,-0.847,0.431,0.98,0.797,-0.9,-0.786,0.737,-0.984,0.819,0.947,-0.84,-0.993,-0.762,0.337,-0.801,-0.977,-0.936,-0.971,-0.958,0.965,0.87,0.898,0.959,0.978,0.912,0.989,0.972,0.885,-0.921,0.988,-0.897,0.936,0.909,-0.946,-0.044,0.97,-0.99,-0.86,-0.79,-0.982,0.898,0.949,-0.941,0.962,-0.976,-0.986,0.805,-0.932,0.819,-0.992,-0.97,0.81,0.964,-0.884,0.989,-0.995,-0.715,-0.656,-0.986,-0.988,-0.735,0.896,-0.978,0.971,0.947,-0.979,0.988,0.917,-0.959,-0.335,0.995,-0.994,0.93,-0.972,0.98,-0.975,-0.976,-0.957,0.995,0.982,0.796,-0.997,0.997,0.409,-0.485,-0.996,0.93,-0.989,0.982,-0.996,-0.988,6.681,5.414,10.578,10.568,10.455,10.507,10.469,10.54,6.279,5.565,10.58,10.622,6.526,6.463,10.583,10.618,EssenceCatalog/problems/csplib-prob010-SocialGolfers/params/006621baf634946c7cc2fa2d08c62eee.param
0.986,0.844,-0.566,-0.891,0.788,-0.994,-0.896,-0.831,-0.981,-0.753,0.668,0.965,-0.729,-0.905,-0.144,0.802,-0.972,-0.203,0.968,-0.863,-0.993,-0.743,0.846,0.364,-0.974,-0.936,-0.971,-0.972,0.974,0.902,0.909,0.915,0.977,0.675,0.991,0.971,0.925,-0.924,0.991,-0.922,0.947,0.344,0.232,0.195,0.964,-0.989,-0.855,-0.892,-0.979,0.828,0.871,-0.952,0.96,-0.969,-0.97,0.549,-0.716,0.866,-0.992,-0.967,0.857,0.979,-0.77,0.992,-0.995,-0.698,-0.693,-0.98,-0.975,-0.653,0.871,-0.97,0.971,0.935,-0.974,0.976,0.874,-0.966,-0.729,0.993,-0.992,0.799,-0.974,0.984,-0.982,-0.964,-0.958,0.994,0.988,0.692,-0.998,0.997,0.759,-0.927,-0.993,0.85,-0.977,0.983,-0.992,-0.989,5.762,4.651,10.578,10.527,10.532,10.516,10.507,10.461,5.559,4.754,10.567,10.471,5.884,5.444,10.542,10.513,EssenceCatalog/problems/csplib-prob010-SocialGolfers/params/38c974144705c1a4f08e71e1e6937288.param
0.994,0.855,-0.853,-0.965,-0.947,-0.989,0.549,-0.184,0.993,-0.422,0.834,0.989,-0.994,0.998,-0.932,0.976,-0.933,0.698,0.992,-0.597,-0.994,-0.963,0.767,-0.742,-0.994,-0.998,-0.923,-0.929,0.996,0.956,0.95,0.954,0.997,0.957,0.998,0.993,0.985,-0.925,-0.999,0.247,0.987,-0.992,-0.789,0.816,0.992,-0.87,0.928,0.998,0.999,0.984,0.987,0.975,0.982,-0.911,-0.969,-0.986,-0.81,0.966,-0.999,-0.994,0.947,0.985,-0.986,0.996,-0.99,-0.861,-0.833,-0.953,-0.998,-0.963,0.987,-0.994,-0.988,-0.994,0.996,0.994,0.994,-0.994,-0.983,0.981,-0.998,-0.021,-0.993,0.992,-0.991,0.704,-0.987,0.997,0.997,0.885,-0.997,0.994,0.965,-0.975,-0.996,-0.991,-0.984,0.992,-0.996,-0.993,3.877,3.18,4.229,9.754,10.423,10.186,10.461,10.744,3.901,3.402,4.281,9.768,4.509,3.977,5.362,9.828,EssenceCatalog/problems/csplib-prob010-SocialGolfers/params/d0c7e3cc520ed892d61aba7cb60026b2.param
0.991,0.867,-0.803,-0.98,0.83,-0.996,-0.846,-0.745,-0.979,-0.778,0.706,0.964,-0.782,-0.861,0.139,0.762,-0.984,-0.086,0.971,-0.858,-0.995,-0.965,0.659,0.569,-0.981,-0.983,-0.975,-0.963,0.973,0.979,0.889,0.912,0.98,0.765,0.992,0.982,0.942,-0.905,0.987,-0.912,0.963,-0.283,-0.083,-0.64,0.979,-0.991,-0.793,-0.756,-0.976,0.974,0.965,-0.956,0.951,-0.973,-0.99,0.396,-0.869,0.815,-0.995,-0.989,0.899,0.976,-0.966,0.996,-0.995,-0.642,-0.578,-0.982,-0.986,-0.704,0.87,-0.976,0.963,0.898,-0.969,0.986,0.958,-0.98,-0.766,0.996,-0.994,0.855,-0.981,0.989,-0.979,-0.959,-0.966,0.995,0.984,0.736,-0.998,0.998,0.454,-0.874,-0.995,0.834,-0.979,0.993,-0.994,-0.993,5.228,4.513,10.546,10.55,10.561,10.56,10.543,10.524,5.251,4.619,10.526,10.543,5.591,5.21,10.576,10.532,EssenceCatalog/problems/csplib-prob010-SocialGolfers/params/59aeba69de76c00781c110cb6908ec96.param
0.988,0.879,-0.35,-0.347,0.8,-0.994,-0.926,-0.912,-0.983,-0.794,0.834,0.967,-0.783,-0.935,-0.356,0.907,-0.972,-0.167,0.975,-0.91,-0.994,-0.062,0.942,0.267,-0.976,-0.687,-0.978,-0.986,0.982,0.683,0.939,0.941,0.983,0.653,0.991,0.974,0.95,-0.941,0.991,-0.938,0.932,0.431,0.615,0.782,0.948,-0.991,-0.919,-0.951,-0.98,0.081,0.814,-0.966,0.958,-0.974,-0.948,0.652,-0.585,0.926,-0.994,-0.955,0.905,0.988,-0.212,0.993,-0.997,-0.806,-0.837,-0.986,-0.975,-0.799,0.899,-0.975,0.969,0.948,-0.98,0.976,0.805,-0.965,-0.875,0.994,-0.994,0.772,-0.976,0.983,-0.988,-0.971,-0.967,0.995,0.992,0.804,-0.998,0.998,0.92,-0.971,-0.994,0.859,-0.979,0.983,-0.991,-0.988,6.682,4.753,10.529,10.401,10.479,10.419,10.456,10.311,5.935,4.879,10.474,10.301,6.323,5.835,10.448,10.376,EssenceCatalog/problems/csplib-prob010-SocialGolfers/params/9485de5d90e13572633ed46dfdef5978.param
0.994,0.854,-0.77,-0.972,-0.889,-0.996,0.641,-0.39,0.982,-0.378,0.665,0.99,-0.991,0.994,-0.968,0.981,-0.977,0.645,0.988,-0.172,-0.993,-0.979,0.847,-0.806,-0.994,-0.997,-0.971,-0.943,0.996,0.978,0.959,0.969,0.996,0.982,0.998,0.995,0.983,-0.957,-0.996,-0.5,0.992,-0.962,-0.895,0.78,0.988,-0.933,0.922,0.995,0.996,0.988,0.982,0.928,0.985,-0.922,-0.989,-0.977,-0.874,0.964,-0.998,-0.993,0.928,0.989,-0.981,0.998,-0.99,-0.828,-0.858,-0.987,-0.998,-0.961,0.988,-0.993,-0.968,-0.989,0.991,0.995,0.989,-0.994,-0.954,0.989,-0.997,0.559,-0.986,0.989,-0.989,0.231,-0.987,0.997,0.996,0.847,-0.997,0.993,0.964,-0.961,-0.997,-0.988,-0.984,0.992,-0.997,-0.993,3.971,3.309,4.53,9.947,10.487,10.306,10.509,10.733,4.024,3.519,4.593,9.947,4.599,4.086,5.65,9.99,EssenceCatalog/problems/csplib-prob010-SocialGolfers/params/f4d7e104cc8bcfb99348f47ca4190fdf.param
0.991,0.805,-0.824,-0.491,0.925,-0.991,-0.832,-0.667,-0.97,-0.718,0.878,0.956,-0.11,-0.858,-0.291,0.787,-0.971,0.679,0.959,-0.919,-0.992,-0.724,0.436,-0.28,-0.97,-0.856,-0.962,-0.951,0.955,0.765,0.858,0.938,0.981,0.658,0.988,0.963,0.92,-0.78,0.985,-0.645,0.804,-0.122,-0.527,0.691,0.95,-0.991,-0.92,-0.903,-0.981,0.452,0.951,-0.961,0.887,-0.975,-0.968,0.796,-0.817,0.823,-0.994,-0.97,0.873,0.968,-0.928,0.989,-0.995,-0.743,-0.677,-0.983,-0.98,-0.825,0.824,-0.975,0.915,0.931,-0.978,0.971,0.94,-0.954,-0.91,0.996,-0.993,0.803,-0.97,0.979,-0.977,-0.963,-0.94,0.994,0.977,0.853,-0.996,0.997,0.548,-0.807,-0.994,0.933,-0.98,0.99,-0.991,-0.982,6.505,4.961,10.474,10.46,10.453,10.51,10.465,10.521,5.925,5.109,10.46,10.484,6.279,6.194,10.525,10.47,EssenceCatalog/problems/csplib-prob010-SocialGolfers/params/7482b3fb54ebd72f9ccb3e9b21b4ac87.param
0.987,0.89,-0.348,-0.58,0.771,-0.995,-0.926,-0.89,-0.98,-0.776,0.847,0.963,-0.893,-0.928,-0.026,0.884,-0.97,-0.378,0.977,-0.903,-0.994,-0.311,0.937,0.547,-0.978,-0.816,-0.978,-0.985,0.98,0.772,0.934,0.927,0.983,0.507,0.992,0.977,0.953,-0.929,0.989,-0.933,0.938,0.061,0.775,0.674,0.952,-0.99,-0.913,-0.943,-0.978,0.377,0.843,-0.965,0.955,-0.972,-0.949,0.564,-0.57,0.92,-0.994,-0.965,0.913,0.987,-0.471,0.994,-0.997,-0.789,-0.832,-0.986,-0.974,-0.781,0.875,-0.973,0.965,0.938,-0.975,0.976,0.858,-0.972,-0.9,0.994,-0.994,0.745,-0.977,0.986,-0.989,-0.968,-0.967,0.995,0.992,0.785,-0.998,0.998,0.897,-0.974,-0.994,0.82,-0.975,0.987,-0.991,-0.989,6.092,4.529,10.554,10.427,10.512,10.459,10.479,10.347,5.603,4.64,10.512,10.319,5.98,5.464,10.49,10.397,EssenceCatalog/problems/csplib-prob010-SocialGolfers/params/02cc660730808145e7245df4c8f0a6c7.param
0.991,0.809,-0.867,-0.963,0.872,-0.995,-0.828,-0.703,-0.98,-0.807,0.528,0.973,0.043,-0.873,-0.434,0.721,-0.982,0.5,0.959,-0.841,-0.994,-0.916,0.461,-0.265,-0.977,-0.971,-0.969,-0.956,0.968,0.951,0.884,0.935,0.978,0.844,0.99,0.974,0.912,-0.911,0.988,-0.886,0.951,0.595,-0.759,-0.357,0.976,-0.99,-0.811,-0.744,-0.978,0.954,0.95,-0.94,0.957,-0.973,-0.987,0.644,-0.896,0.806,-0.993,-0.98,0.844,0.967,-0.939,0.992,-0.995,-0.67,-0.584,-0.982,-0.986,-0.698,0.877,-0.975,0.967,0.923,-0.971,0.985,0.939,-0.969,-0.535,0.995,-0.994,0.889,-0.976,0.985,-0.975,-0.962,-0.96,0.995,0.983,0.738,-0.998,0.997,0.395,-0.705,-0.995,0.89,-0.985,0.987,-0.995,-0.99,6.007,5.056,10.545,10.567,10.483,10.515,10.474,10.533,5.83,5.175,10.546,10.597,6.108,5.925,10.566,10.581,EssenceCatalog/problems/csplib-prob010-SocialGolfers/params/d9aa08adefa1faff8c9442c9e4e2df71.param
0.992,0.773,-0.919,-0.849,0.931,-0.993,-0.83,-0.706,-0.983,-0.84,0.514,0.979,0.854,-0.905,-0.813,0.749,-0.983,0.863,0.946,-0.858,-0.993,-0.671,0.288,-0.848,-0.975,-0.905,-0.97,-0.956,0.963,0.811,0.896,0.963,0.979,0.912,0.988,0.968,0.881,-0.909,0.989,-0.872,0.913,0.91,-0.956,0.184,0.965,-0.991,-0.883,-0.827,-0.984,0.825,0.949,-0.946,0.956,-0.977,-0.984,0.839,-0.932,0.825,-0.992,-0.967,0.808,0.963,-0.876,0.987,-0.995,-0.734,-0.665,-0.987,-0.988,-0.759,0.892,-0.978,0.968,0.952,-0.982,0.986,0.912,-0.953,-0.42,0.996,-0.995,0.929,-0.971,0.979,-0.975,-0.978,-0.954,0.995,0.982,0.825,-0.997,0.997,0.425,-0.463,-0.996,0.943,-0.99,0.982,-0.996,-0.986,6.882,5.457,10.595,10.565,10.459,10.518,10.484,10.552,6.371,5.623,10.592,10.616,6.626,6.594,10.592,10.62,EssenceCatalog/problems/csplib-prob010-SocialGolfers/params/45d53ed6ab18fc668c59a3885c912aeb.param
0.988,0.875,-0.438,-0.872,0.705,-0.995,-0.894,-0.844,-0.97,-0.73,0.787,0.962,-0.926,-0.872,0.15,0.854,-0.973,-0.442,0.977,-0.873,-0.994,-0.788,0.897,0.66,-0.978,-0.946,-0.975,-0.978,0.978,0.922,0.92,0.909,0.982,0.572,0.992,0.978,0.949,-0.919,0.985,-0.921,0.951,-0.296,0.688,0.297,0.966,-0.989,-0.851,-0.876,-0.967,0.825,0.892,-0.948,0.957,-0.968,-0.968,0.342,-0.641,0.887,-0.994,-0.976,0.895,0.985,-0.808,0.994,-0.996,-0.725,-0.743,-0.982,-0.977,-0.734,0.877,-0.972,0.956,0.906,-0.96,0.976,0.907,-0.974,-0.867,0.994,-0.994,0.735,-0.978,0.988,-0.985,-0.958,-0.965,0.995,0.991,0.73,-0.998,0.998,0.822,-0.961,-0.994,0.763,-0.973,0.988,-0.992,-0.99,5.446,4.377,10.516,10.498,10.56,10.53,10.536,10.456,5.276,4.477,10.487,10.423,5.64,5.14,10.5,10.47,EssenceCatalog/problems/csplib-prob010-SocialGolfers/params/f2fecf0f368b4b05477d41226b6132e8.param
0.998,0.9,-0.968,0.922,0.986,-0.993,-0.949,-0.915,-0.979,-0.9,0.975,0.987,0.976,-0.911,-0.955,0.955,-0.986,0.989,0.981,-0.982,-0.996,0.791,0.692,-0.98,-0.983,0.601,-0.971,-0.985,0.987,-0.722,0.953,0.993,0.994,0.946,0.995,0.983,0.96,-0.883,0.986,-0.812,0.651,0.858,-0.985,0.984,0.882,-0.996,-0.982,-0.961,-0.988,-0.895,0.983,-0.981,0.954,-0.992,-0.946,0.968,-0.959,0.961,-0.998,-0.961,0.926,0.99,-0.66,0.99,-0.998,-0.957,-0.931,-0.995,-0.994,-0.969,0.96,-0.995,0.872,0.968,-0.991,0.992,0.947,-0.944,-0.971,0.999,-0.998,0.942,-0.985,0.975,-0.993,-0.99,-0.978,0.998,0.995,0.983,-0.998,0.998,0.894,-0.874,-0.997,0.985,-0.994,0.993,-0.998,-0.988,9.391,5.721,10.463,10.426,10.508,10.5,10.538,10.566,7.389,6.072,10.487,10.385,7.82,7.817,10.457,10.446,EssenceCatalog/problems/csplib-prob010-SocialGolfers/params/b856e10e853ddb47535cc72ed5edafd9.param
0.985,0.873,-0.623,-0.919,0.829,-0.995,-0.953,-0.823,-0.987,-0.82,0.764,0.958,-0.858,-0.949,0.461,0.648,-0.954,-0.531,0.975,-0.888,-0.994,-0.578,0.883,0.73,-0.981,-0.935,-0.965,-0.98,0.977,0.8,0.914,0.896,0.977,0.273,0.992,0.98,0.948,-0.925,0.993,-0.918,0.954,0.121,0.727,-0.057,0.96,-0.99,-0.9,-0.931,-0.986,0.823,0.835,-0.963,0.964,-0.978,-0.907,0.647,-0.724,0.905,-0.994,-0.968,0.91,0.98,-0.757,0.992,-0.996,-0.74,-0.738,-0.979,-0.965,-0.559,0.799,-0.974,0.978,0.953,-0.982,0.976,0.896,-0.971,-0.837,0.992,-0.994,0.813,-0.98,0.988,-0.986,-0.963,-0.967,0.994,0.991,0.745,-0.999,0.998,0.698,-0.959,-0.994,0.893,-0.975,0.987,-0.991,-0.99,5.486,4.392,10.616,10.367,10.521,10.468,10.465,10.326,5.319,4.513,10.592,10.29,5.675,5.112,10.543,10.363,EssenceCatalog/problems/csplib-prob010-SocialGolfers/params/6190d1a9637be20936d251aa7ed68ff3.param
0.991,0.895,-0.784,-0.985,0.804,-0.997,-0.851,-0.747,-0.976,-0.773,0.779,0.96,-0.917,-0.847,0.426,0.78,-0.985,-0.354,0.976,-0.862,-0.996,-0.976,0.717,0.784,-0.983,-0.987,-0.976,-0.969,0.976,0.985,0.897,0.898,0.982,0.723,0.993,0.987,0.954,-0.9,0.984,-0.92,0.969,-0.649,0.344,-0.754,0.981,-0.991,-0.777,-0.737,-0.972,0.981,0.973,-0.957,0.949,-0.974,-0.992,0.232,-0.862,0.83,-0.996,-0.993,0.925,0.979,-0.975,0.997,-0.996,-0.633,-0.611,-0.983,-0.987,-0.722,0.869,-0.976,0.955,0.869,-0.962,0.988,0.969,-0.987,-0.839,0.996,-0.994,0.841,-0.984,0.991,-0.982,-0.955,-0.97,0.995,0.985,0.749,-0.998,0.998,0.475,-0.918,-0.995,0.777,-0.977,0.995,-0.994,-0.995,4.975,4.305,10.511,10.505,10.58,10.561,10.561,10.499,5.035,4.41,10.483,10.492,5.392,4.946,10.538,10.492,EssenceCatalog/problems/csplib-prob010-SocialGolfers/params/4739d9ba3f9bc4f93514cd969c991c74.param
0.991,0.905,-0.338,0.013,0.82,-0.994,-0.94,-0.924,-0.983,-0.82,0.9,0.969,-0.811,-0.941,-0.346,0.928,-0.971,-0.091,0.979,-0.933,-0.994,0.266,0.954,0.224,-0.979,-0.488,-0.979,-0.99,0.984,0.517,0.949,0.95,0.986,0.607,0.992,0.977,0.961,-0.942,0.99,-0.934,0.926,0.341,0.731,0.88,0.943,-0.992,-0.937,-0.962,-0.98,-0.294,0.829,-0.97,0.956,-0.978,-0.934,0.708,-0.554,0.942,-0.995,-0.955,0.93,0.99,-0.053,0.994,-0.997,-0.853,-0.887,-0.989,-0.978,-0.853,0.905,-0.977,0.964,0.948,-0.981,0.978,0.814,-0.968,-0.928,0.995,-0.995,0.757,-0.979,0.984,-0.991,-0.971,-0.972,0.996,0.994,0.854,-0.998,0.998,0.945,-0.98,-0.995,0.862,-0.981,0.986,-0.991,-0.989,7.092,4.769,10.455,10.3,10.428,10.348,10.401,10.238,6.074,4.925,10.403,10.189,6.496,6.01,10.365,10.266,EssenceCatalog/problems/csplib-prob010-SocialGolfers/params/615894aed6dc2e6b73d968d8dbbaeaf0.param
0.99,0.806,-0.817,-0.954,0.853,-0.994,-0.851,-0.733,-0.978,-0.796,0.491,0.973,-0.018,-0.88,-0.439,0.728,-0.979,0.428,0.959,-0.84,-0.994,-0.873,0.578,-0.228,-0.975,-0.964,-0.967,-0.96,0.97,0.934,0.894,0.929,0.977,0.821,0.99,0.974,0.908,-0.921,0.988,-0.897,0.952,0.67,-0.676,-0.189,0.974,-0.989,-0.818,-0.777,-0.976,0.938,0.927,-0.936,0.963,-0.972,-0.981,0.638,-0.868,0.816,-0.992,-0.973,0.832,0.969,-0.898,0.991,-0.994,-0.68,-0.612,-0.981,-0.984,-0.662,0.879,-0.973,0.97,0.93,-0.97,0.982,0.916,-0.966,-0.484,0.994,-0.994,0.878,-0.974,0.984,-0.976,-0.962,-0.959,0.995,0.985,0.718,-0.998,0.997,0.505,-0.766,-0.995,0.888,-0.983,0.984,-0.995,-0.989,6.061,5.048,10.551,10.568,10.488,10.51,10.476,10.526,5.861,5.164,10.554,10.585,6.137,5.914,10.557,10.58,EssenceCatalog/problems/csplib-prob010-SocialGolfers/params/aad144802fc5e64483decd387d552298.param
0.987,0.88,-0.364,-0.476,0.81,-0.994,-0.926,-0.896,-0.985,-0.781,0.837,0.963,-0.808,-0.942,-0.197,0.883,-0.971,-0.252,0.974,-0.908,-0.993,-0.164,0.93,0.395,-0.975,-0.733,-0.977,-0.985,0.979,0.714,0.93,0.933,0.981,0.578,0.991,0.974,0.946,-0.931,0.992,-0.932,0.927,0.316,0.66,0.722,0.945,-0.991,-0.922,-0.954,-0.983,0.204,0.828,-0.969,0.952,-0.973,-0.949,0.663,-0.581,0.914,-0.993,-0.957,0.903,0.986,-0.357,0.993,-0.996,-0.79,-0.828,-0.985,-0.972,-0.775,0.873,-0.972,0.971,0.952,-0.982,0.975,0.825,-0.967,-0.876,0.994,-0.993,0.771,-0.975,0.983,-0.988,-0.971,-0.964,0.994,0.991,0.791,-0.998,0.998,0.897,-0.967,-0.993,0.865,-0.976,0.984,-0.99,-0.988,6.432,4.667,10.552,10.399,10.481,10.426,10.454,10.313,5.799,4.786,10.505,10.296,6.179,5.682,10.47,10.373,EssenceCatalog/problems/csplib-prob010-SocialGolfers/params/44f9f9cfe428a7fe8d6e862d04b12827.param
0.991,0.787,-0.88,-0.943,0.893,-0.994,-0.836,-0.71,-0.981,-0.817,0.477,0.976,0.431,-0.889,-0.594,0.719,-0.981,0.646,0.954,-0.842,-0.994,-0.862,0.426,-0.532,-0.975,-0.957,-0.967,-0.955,0.966,0.923,0.886,0.944,0.976,0.867,0.989,0.971,0.899,-0.914,0.989,-0.884,0.943,0.776,-0.855,-0.195,0.973,-0.99,-0.834,-0.778,-0.98,0.93,0.942,-0.941,0.958,-0.974,-0.985,0.724,-0.904,0.808,-0.992,-0.973,0.821,0.965,-0.915,0.99,-0.994,-0.684,-0.599,-0.982,-0.986,-0.702,0.881,-0.975,0.971,0.937,-0.976,0.984,0.924,-0.961,-0.454,0.995,-0.994,0.904,-0.974,0.982,-0.973,-0.967,-0.957,0.995,0.982,0.755,-0.997,0.997,0.405,-0.629,-0.995,0.912,-0.987,0.984,-0.995,-0.988,6.327,5.231,10.558,10.558,10.459,10.499,10.46,10.531,6.048,5.363,10.562,10.602,6.308,6.18,10.568,10.59,EssenceCatalog/problems/csplib-prob010-SocialGolfers/params/2d685ad665fca758bc672b96456f9d2f.param
0.995,0.859,-0.839,-0.975,0.609,-0.998,-0.511,-0.604,-0.642,-0.711,0.716,0.98,-0.92,0.107,-0.452,0.884,-0.992,0.388,0.989,-0.823,-0.996,-0.988,0.717,0.274,-0.991,-0.995,-0.984,-0.966,0.99,0.988,0.925,0.949,0.993,0.925,0.997,0.993,0.976,-0.936,0.561,-0.873,0.98,-0.857,-0.571,-0.508,0.986,-0.991,-0.396,0.38,-0.461,0.986,0.99,-0.82,0.97,-0.974,-0.994,-0.406,-0.931,0.876,-0.998,-0.996,0.956,0.989,-0.988,0.999,-0.997,-0.767,-0.617,-0.992,-0.995,-0.91,0.942,-0.992,0.633,0.345,-0.637,0.995,0.982,-0.987,-0.934,0.998,-0.998,0.868,-0.989,0.995,-0.989,-0.951,-0.982,0.998,0.994,0.875,-0.999,0.998,0.685,-0.896,-0.998,0.159,-0.988,0.997,-0.998,-0.996,4.883,4.263,9.248,10.584,10.55,10.564,10.52,10.607,4.907,4.402,9.203,10.562,5.265,5.104,9.636,10.506,EssenceCatalog/problems/csplib-prob010-SocialGolfers/params/8b9888982001a5a4d265e14056f431ba.param
0.99,0.814,-0.798,-0.712,0.907,-0.992,-0.816,-0.646,-0.97,-0.705,0.866,0.951,-0.436,-0.859,-0.09,0.769,-0.973,0.513,0.96,-0.903,-0.992,-0.837,0.432,0.016,-0.97,-0.909,-0.963,-0.951,0.951,0.865,0.851,0.924,0.979,0.618,0.988,0.968,0.921,-0.783,0.985,-0.697,0.839,-0.32,-0.338,0.474,0.955,-0.99,-0.902,-0.882,-0.979,0.681,0.957,-0.961,0.883,-0.972,-0.975,0.721,-0.807,0.801,-0.993,-0.976,0.881,0.966,-0.946,0.991,-0.994,-0.7,-0.657,-0.982,-0.979,-0.806,0.803,-0.972,0.918,0.918,-0.974,0.973,0.945,-0.963,-0.899,0.996,-0.992,0.793,-0.97,0.981,-0.976,-0.959,-0.941,0.994,0.975,0.821,-0.996,0.997,0.494,-0.818,-0.994,0.909,-0.976,0.991,-0.99,-0.984,5.987,4.754,10.465,10.448,10.451,10.502,10.461,10.49,5.622,4.879,10.452,10.459,5.975,5.817,10.517,10.449,EssenceCatalog/problems/csplib-prob010-SocialGolfers/params/fbc35d21c4230071cb81743cff2c1efc.param
0.989,0.786,-0.826,-0.766,0.912,-0.992,-0.867,-0.77,-0.984,-0.81,0.51,0.976,0.707,-0.926,-0.768,0.759,-0.976,0.737,0.946,-0.858,-0.992,-0.427,0.56,-0.754,-0.97,-0.842,-0.967,-0.964,0.965,0.723,0.906,0.951,0.975,0.866,0.987,0.965,0.876,-0.92,0.992,-0.896,0.91,0.921,-0.864,0.453,0.959,-0.99,-0.897,-0.89,-0.986,0.679,0.892,-0.95,0.958,-0.974,-0.973,0.833,-0.875,0.84,-0.99,-0.945,0.795,0.966,-0.688,0.985,-0.995,-0.733,-0.714,-0.984,-0.981,-0.707,0.879,-0.972,0.973,0.959,-0.983,0.981,0.835,-0.947,-0.374,0.994,-0.993,0.901,-0.965,0.976,-0.977,-0.977,-0.951,0.994,0.983,0.786,-0.997,0.997,0.626,-0.676,-0.994,0.941,-0.987,0.974,-0.994,-0.984,7.065,5.42,10.57,10.514,10.438,10.468,10.459,10.495,6.44,5.587,10.564,10.545,6.708,6.589,10.542,10.566,EssenceCatalog/problems/csplib-prob010-SocialGolfers/params/45082ac5bc7b4215b6a502d15a53d8c9.param
0.999,0.939,-0.977,0.982,0.99,-0.994,-0.974,-0.961,-0.977,-0.937,0.987,0.99,0.99,-0.932,-0.98,0.97,-0.986,0.994,0.985,-0.988,-0.996,0.961,0.867,-0.99,-0.987,0.916,-0.974,-0.991,0.992,-0.936,0.97,0.995,0.995,0.961,0.996,0.989,0.974,-0.917,0.985,-0.901,0.679,0.938,-0.99,0.993,0.83,-0.996,-0.99,-0.968,-0.987,-0.975,0.987,-0.985,0.972,-0.994,-0.89,0.982,-0.973,0.98,-0.998,-0.952,0.95,0.994,-0.044,0.992,-0.999,-0.978,-0.965,-0.996,-0.995,-0.984,0.977,-0.996,0.865,0.976,-0.992,0.995,0.921,-0.935,-0.98,0.999,-0.999,0.964,-0.988,0.975,-0.995,-0.993,-0.987,0.998,0.997,0.991,-0.999,0.998,0.955,-0.928,-0.997,0.99,-0.995,0.993,-0.998,-0.99,9.703,5.786,10.457,10.422,10.521,10.48,10.558,10.552,7.554,6.136,10.471,10.367,7.994,7.926,10.45,10.448,EssenceCatalog/problems/csplib-prob010-SocialGolfers/params/11e2d0bc727ff716162ac35490084ff5.param
0.99,0.805,-0.842,-0.956,0.867,-0.994,-0.846,-0.72,-0.98,-0.802,0.489,0.974,0.108,-0.883,-0.465,0.72,-0.98,0.493,0.958,-0.841,-0.994,-0.879,0.525,-0.294,-0.976,-0.965,-0.967,-0.959,0.969,0.934,0.89,0.931,0.977,0.832,0.99,0.974,0.907,-0.918,0.989,-0.895,0.952,0.692,-0.74,-0.231,0.975,-0.989,-0.819,-0.774,-0.978,0.943,0.936,-0.937,0.962,-0.973,-0.983,0.659,-0.881,0.811,-0.992,-0.975,0.833,0.968,-0.911,0.991,-0.995,-0.682,-0.611,-0.981,-0.985,-0.666,0.877,-0.973,0.97,0.931,-0.971,0.984,0.924,-0.967,-0.468,0.994,-0.994,0.887,-0.975,0.984,-0.976,-0.963,-0.959,0.995,0.984,0.727,-0.998,0.997,0.456,-0.733,-0.995,0.894,-0.984,0.985,-0.995,-0.989,6.108,5.092,10.553,10.564,10.48,10.508,10.471,10.526,5.898,5.213,10.557,10.589,6.171,5.974,10.563,10.581,EssenceCatalog/problems/csplib-prob010-SocialGolfers/params/ebb88ec1a2967ec39672aac1dfcb81e5.param
0.992,0.778,-0.925,-0.875,0.928,-0.994,-0.84,-0.735,-0.984,-0.864,0.413,0.982,0.9,-0.909,-0.864,0.758,-0.984,0.876,0.947,-0.846,-0.993,-0.639,0.346,-0.883,-0.978,-0.908,-0.973,-0.961,0.966,0.804,0.906,0.967,0.979,0.933,0.989,0.971,0.879,-0.929,0.989,-0.905,0.931,0.949,-0.969,0.111,0.967,-0.991,-0.88,-0.815,-0.983,0.852,0.946,-0.945,0.966,-0.978,-0.985,0.846,-0.944,0.835,-0.992,-0.965,0.803,0.967,-0.844,0.988,-0.995,-0.741,-0.675,-0.988,-0.989,-0.756,0.91,-0.98,0.974,0.957,-0.982,0.988,0.901,-0.953,-0.292,0.995,-0.995,0.943,-0.971,0.979,-0.976,-0.981,-0.958,0.995,0.984,0.826,-0.997,0.997,0.457,-0.435,-0.996,0.944,-0.991,0.979,-0.997,-0.987,6.913,5.496,10.61,10.582,10.469,10.521,10.496,10.558,6.411,5.661,10.608,10.635,6.657,6.609,10.602,10.642,EssenceCatalog/problems/csplib-prob010-SocialGolfers/params/f690b5999431748c2488a17677074477.param
0.99,0.892,-0.682,-0.976,0.773,-0.997,-0.875,-0.798,-0.976,-0.737,0.802,0.954,-0.953,-0.855,0.532,0.811,-0.982,-0.528,0.98,-0.874,-0.995,-0.969,0.821,0.866,-0.982,-0.983,-0.975,-0.967,0.975,0.982,0.898,0.896,0.982,0.649,0.993,0.984,0.959,-0.904,0.987,-0.924,0.964,-0.781,0.623,-0.656,0.977,-0.99,-0.796,-0.807,-0.97,0.969,0.963,-0.964,0.945,-0.973,-0.989,0.189,-0.809,0.851,-0.995,-0.99,0.925,0.983,-0.969,0.996,-0.995,-0.642,-0.598,-0.982,-0.985,-0.711,0.86,-0.977,0.959,0.881,-0.966,0.982,0.961,-0.982,-0.891,0.995,-0.994,0.802,-0.983,0.99,-0.98,-0.961,-0.968,0.995,0.987,0.752,-0.998,0.998,0.571,-0.949,-0.995,0.781,-0.971,0.995,-0.993,-0.994,4.923,4.214,10.514,10.48,10.578,10.551,10.561,10.478,4.967,4.316,10.483,10.458,5.335,4.836,10.526,10.466,EssenceCatalog/problems/csplib-prob010-SocialGolfers/params/08e32d375a57135be18141d12e0a4300.param
0.988,0.861,-0.391,-0.511,0.784,-0.993,-0.909,-0.882,-0.975,-0.741,0.833,0.96,-0.846,-0.894,-0.163,0.885,-0.968,-0.195,0.974,-0.906,-0.993,-0.438,0.91,0.413,-0.974,-0.825,-0.973,-0.98,0.976,0.802,0.921,0.927,0.982,0.589,0.991,0.97,0.949,-0.918,0.988,-0.901,0.92,0.023,0.631,0.734,0.953,-0.989,-0.903,-0.929,-0.973,0.358,0.846,-0.957,0.946,-0.97,-0.947,0.58,-0.577,0.903,-0.994,-0.958,0.89,0.986,-0.588,0.992,-0.996,-0.773,-0.777,-0.982,-0.974,-0.791,0.883,-0.973,0.957,0.935,-0.973,0.969,0.857,-0.96,-0.894,0.993,-0.993,0.717,-0.975,0.983,-0.985,-0.963,-0.96,0.995,0.991,0.782,-0.997,0.997,0.881,-0.963,-0.994,0.842,-0.976,0.983,-0.991,-0.986,6.141,4.586,10.516,10.442,10.491,10.459,10.47,10.382,5.639,4.694,10.477,10.354,6.014,5.562,10.475,10.411,EssenceCatalog/problems/csplib-prob010-SocialGolfers/params/c0b5a2579129c39ac89962ada4f84278.param
0.991,0.846,-0.83,-0.977,0.839,-0.996,-0.84,-0.721,-0.978,-0.791,0.643,0.968,-0.589,-0.858,-0.07,0.741,-0.982,0.136,0.967,-0.851,-0.995,-0.953,0.579,0.305,-0.979,-0.981,-0.971,-0.961,0.971,0.972,0.889,0.916,0.979,0.788,0.992,0.979,0.933,-0.908,0.987,-0.896,0.961,0.077,-0.386,-0.538,0.979,-0.99,-0.789,-0.73,-0.974,0.971,0.958,-0.945,0.956,-0.973,-0.988,0.484,-0.875,0.812,-0.994,-0.986,0.88,0.973,-0.958,0.994,-0.995,-0.656,-0.583,-0.981,-0.986,-0.696,0.873,-0.975,0.963,0.903,-0.966,0.986,0.952,-0.977,-0.681,0.996,-0.994,0.86,-0.98,0.988,-0.978,-0.955,-0.965,0.995,0.984,0.73,-0.998,0.997,0.434,-0.83,-0.995,0.851,-0.982,0.991,-0.995,-0.992,5.463,4.692,10.537,10.559,10.529,10.539,10.513,10.527,5.439,4.802,10.527,10.56,5.755,5.441,10.569,10.551,EssenceCatalog/problems/csplib-prob010-SocialGolfers/params/e1bdaa4848baa0d5d1361bc4b136d525.param
0.99,0.824,-0.84,-0.963,0.865,-0.995,-0.831,-0.708,-0.979,-0.788,0.603,0.969,-0.271,-0.872,-0.278,0.731,-0.982,0.359,0.961,-0.848,-0.994,-0.927,0.508,-0.019,-0.976,-0.972,-0.97,-0.958,0.968,0.957,0.881,0.927,0.977,0.809,0.99,0.976,0.918,-0.903,0.988,-0.885,0.95,0.377,-0.606,-0.37,0.976,-0.99,-0.816,-0.763,-0.978,0.953,0.954,-0.946,0.952,-0.973,-0.987,0.596,-0.878,0.799,-0.993,-0.982,0.857,0.969,-0.945,0.993,-0.995,-0.66,-0.594,-0.982,-0.985,-0.704,0.867,-0.974,0.965,0.917,-0.97,0.984,0.942,-0.972,-0.62,0.995,-0.994,0.874,-0.976,0.985,-0.976,-0.961,-0.959,0.994,0.982,0.734,-0.998,0.997,0.415,-0.763,-0.995,0.876,-0.983,0.989,-0.995,-0.991,5.791,4.9,10.547,10.566,10.506,10.529,10.492,10.531,5.665,5.013,10.545,10.582,5.963,5.727,10.57,10.569,EssenceCatalog/problems/csplib-prob010-SocialGolfers/params/1f7d283e0e5359c0418c011001fd2361.param
0.99,0.859,-0.485,-0.091,0.857,-0.993,-0.917,-0.904,-0.982,-0.806,0.806,0.97,-0.361,-0.929,-0.625,0.898,-0.971,0.291,0.97,-0.916,-0.994,0.156,0.909,-0.275,-0.973,-0.542,-0.974,-0.984,0.98,0.5,0.935,0.948,0.982,0.748,0.991,0.968,0.94,-0.94,0.991,-0.921,0.907,0.748,0.121,0.861,0.945,-0.991,-0.933,-0.95,-0.981,-0.151,0.808,-0.962,0.957,-0.976,-0.938,0.779,-0.658,0.922,-0.993,-0.935,0.884,0.986,-0.109,0.99,-0.996,-0.815,-0.831,-0.986,-0.976,-0.81,0.908,-0.975,0.966,0.958,-0.982,0.975,0.754,-0.95,-0.822,0.994,-0.994,0.811,-0.974,0.98,-0.987,-0.974,-0.961,0.995,0.991,0.83,-0.998,0.997,0.908,-0.949,-0.994,0.91,-0.983,0.976,-0.991,-0.985,7.443,5.085,10.47,10.369,10.444,10.391,10.423,10.338,6.386,5.259,10.435,10.305,6.771,6.411,10.401,10.36,EssenceCatalog/problems/csplib-prob010-SocialGolfers/params/f4bf46bcc0dc980c751e05427ca53080.param
0.995,0.859,-0.787,-0.982,-0.939,-0.992,0.522,-0.294,0.983,-0.299,0.827,0.989,-0.997,0.995,-0.909,0.973,-0.963,0.457,0.993,-0.596,-0.995,-0.986,0.839,-0.382,-0.993,-0.998,-0.942,-0.927,0.996,0.983,0.946,0.949,0.997,0.958,0.998,0.994,0.986,-0.946,-0.996,-0.021,0.99,-0.995,-0.729,0.659,0.991,-0.901,0.924,0.995,0.996,0.991,0.986,0.941,0.985,-0.901,-0.984,-0.985,-0.808,0.959,-0.998,-0.995,0.943,0.988,-0.991,0.997,-0.99,-0.841,-0.791,-0.968,-0.998,-0.958,0.984,-0.995,-0.968,-0.99,0.988,0.992,0.993,-0.994,-0.982,0.985,-0.998,0.001,-0.993,0.993,-0.989,0.457,-0.986,0.997,0.996,0.843,-0.997,0.995,0.963,-0.978,-0.996,-0.99,-0.985,0.994,-0.997,-0.994,3.743,3.141,4.373,9.76,10.373,10.152,10.417,10.659,3.821,3.353,4.403,9.758,4.417,3.864,5.477,9.825,EssenceCatalog/problems/csplib-prob010-SocialGolfers/params/921837087750b38384607589a4015289.param
0.988,0.799,-0.781,-0.921,0.866,-0.993,-0.851,-0.747,-0.981,-0.774,0.532,0.97,0.005,-0.896,-0.457,0.736,-0.977,0.425,0.954,-0.845,-0.993,-0.81,0.6,-0.244,-0.971,-0.944,-0.967,-0.959,0.966,0.908,0.887,0.927,0.975,0.799,0.989,0.97,0.901,-0.911,0.99,-0.893,0.938,0.684,-0.634,0.026,0.968,-0.989,-0.843,-0.837,-0.98,0.889,0.916,-0.945,0.955,-0.97,-0.979,0.682,-0.841,0.811,-0.991,-0.968,0.821,0.967,-0.864,0.99,-0.994,-0.677,-0.637,-0.981,-0.981,-0.661,0.866,-0.97,0.97,0.939,-0.974,0.979,0.897,-0.962,-0.508,0.994,-0.993,0.865,-0.971,0.982,-0.975,-0.966,-0.953,0.994,0.983,0.719,-0.997,0.997,0.548,-0.777,-0.994,0.899,-0.982,0.982,-0.993,-0.987,6.188,5.064,10.554,10.548,10.473,10.497,10.465,10.507,5.92,5.183,10.557,10.559,6.199,5.976,10.55,10.561,EssenceCatalog/problems/csplib-prob010-SocialGolfers/params/6c4bdc236b5336fa2e4263f2648657d8.param
0.994,0.839,-0.721,-0.935,-0.685,-0.997,0.682,-0.378,0.969,-0.417,0.649,0.988,-0.963,0.987,-0.982,0.982,-0.987,0.811,0.979,-0.171,-0.99,-0.97,0.817,-0.893,-0.992,-0.995,-0.981,-0.949,0.995,0.967,0.95,0.973,0.995,0.987,0.997,0.995,0.975,-0.95,-0.993,-0.744,0.986,-0.887,-0.96,0.799,0.982,-0.957,0.825,0.989,0.99,0.975,0.987,0.783,0.977,-0.912,-0.994,-0.959,-0.893,0.949,-0.998,-0.993,0.936,0.988,-0.97,0.998,-0.992,-0.825,-0.867,-0.994,-0.997,-0.967,0.986,-0.992,-0.955,-0.975,0.98,0.996,0.986,-0.993,-0.935,0.995,-0.996,0.786,-0.979,0.985,-0.99,-0.487,-0.983,0.996,0.994,0.862,-0.997,0.993,0.953,-0.925,-0.996,-0.968,-0.983,0.994,-0.997,-0.993,4.167,3.433,4.806,10.079,10.552,10.411,10.568,10.74,4.18,3.67,4.861,10.077,4.748,4.296,5.931,10.116,EssenceCatalog/problems/csplib-prob010-SocialGolfers/params/c7aa26cf4823f10a84da9362354d23e5.param
0.999,0.968,-0.972,0.99,0.988,-0.996,-0.987,-0.987,-0.988,-0.98,0.984,0.994,0.994,-0.973,-0.991,0.981,-0.986,0.992,0.991,-0.989,-0.998,0.993,0.983,-0.991,-0.994,0.981,-0.988,-0.997,0.996,-0.983,0.983,0.996,0.995,0.974,0.996,0.994,0.986,-0.978,0.989,-0.982,0.909,0.993,-0.99,0.993,0.873,-0.998,-0.992,-0.982,-0.984,-0.989,0.975,-0.989,0.991,-0.996,-0.783,0.989,-0.982,0.99,-0.999,-0.949,0.979,0.996,0.928,0.994,-0.999,-0.986,-0.986,-0.997,-0.995,-0.99,0.988,-0.996,0.962,0.989,-0.996,0.997,0.599,-0.937,-0.969,0.997,-0.999,0.982,-0.989,0.985,-0.997,-0.997,-0.991,0.999,0.998,0.992,-1.0,0.999,0.984,-0.974,-0.997,0.993,-0.997,0.992,-0.998,-0.993,9.893,5.849,10.467,10.405,10.511,10.421,10.557,10.51,7.69,6.182,10.452,10.349,8.127,7.956,10.449,10.443,EssenceCatalog/problems/csplib-prob010-SocialGolfers/params/c405fe1e16ac3b660e0d59a8cd6f2a2c.param
0.986,0.844,-0.522,-0.637,0.851,-0.993,-0.914,-0.867,-0.987,-0.787,0.733,0.965,-0.469,-0.943,-0.408,0.835,-0.97,0.053,0.966,-0.889,-0.993,-0.263,0.871,0.036,-0.971,-0.774,-0.972,-0.978,0.975,0.716,0.917,0.934,0.977,0.683,0.989,0.967,0.923,-0.929,0.994,-0.922,0.923,0.675,0.163,0.627,0.951,-0.99,-0.909,-0.944,-0.987,0.386,0.818,-0.965,0.955,-0.973,-0.954,0.734,-0.681,0.887,-0.992,-0.947,0.865,0.979,-0.424,0.99,-0.995,-0.751,-0.777,-0.983,-0.972,-0.714,0.866,-0.97,0.976,0.958,-0.984,0.973,0.798,-0.959,-0.733,0.994,-0.992,0.82,-0.971,0.98,-0.983,-0.971,-0.955,0.994,0.989,0.76,-0.998,0.997,0.835,-0.93,-0.993,0.904,-0.979,0.979,-0.99,-0.986,6.624,4.915,10.581,10.457,10.493,10.461,10.471,10.386,6.017,5.042,10.547,10.394,6.357,5.956,10.511,10.454,EssenceCatalog/problems/csplib-prob010-SocialGolfers/params/cf8e3315a7a69ec42747b1dd8ac8809d.param
0.992,0.873,-0.908,-0.893,0.584,-0.995,-0.719,0.573,0.762,-0.782,0.581,0.986,-0.126,0.588,-0.108,0.587,-0.738,0.921,0.969,-0.812,-0.995,0.099,0.133,-0.901,-0.992,-0.978,-0.823,-0.982,0.988,-0.239,0.937,0.881,0.993,0.193,0.997,0.995,0.935,-0.89,-0.822,-0.286,0.962,0.546,-0.532,0.848,0.981,-0.971,-0.78,0.806,0.59,0.953,0.86,0.309,0.985,-0.977,0.406,0.193,-0.878,0.933,-0.995,-0.958,0.951,0.976,-0.826,0.983,-0.998,-0.955,-0.932,-0.982,-0.982,-0.86,0.894,-0.983,-0.351,0.255,0.63,0.994,0.934,-0.979,-0.861,0.987,-0.998,0.809,-0.979,0.993,-0.996,-0.732,-0.967,0.998,0.996,0.888,-1.0,0.999,0.703,-0.735,-0.999,0.419,-0.985,0.98,-0.996,-0.988,5.695,4.048,6.618,9.188,10.003,9.848,9.981,9.885,5.046,4.466,6.664,9.172,5.491,5.306,7.332,9.282,EssenceCatalog/problems/csplib-prob010-SocialGolfers/params/ord23-5-6-5.param
0.994,0.414,-0.906,-0.96,-0.988,-0.683,-0.168,-0.574,0.99,-0.184,0.54,0.984,-0.99,0.998,-0.81,0.979,-0.082,0.436,0.995,-0.853,-0.987,-0.964,0.764,-0.626,-0.982,-0.997,-0.159,-0.504,0.996,0.954,0.934,0.931,0.993,0.928,0.996,0.864,0.982,-0.93,-0.989,0.893,0.979,-0.998,-0.537,0.887,0.991,0.119,0.985,0.999,0.999,0.986,0.72,0.997,0.984,-0.91,-0.542,-0.995,-0.621,0.981,-0.997,-0.846,0.707,0.982,-0.988,0.803,-0.691,-0.872,-0.168,0.27,-0.997,-0.816,0.988,-0.991,-0.957,-0.996,0.992,0.718,0.993,-0.891,-0.984,-0.24,-0.998,-0.895,-0.989,0.954,-0.859,0.984,-0.983,0.995,0.994,0.695,-0.887,0.874,0.981,-0.981,-0.976,-0.986,-0.984,0.779,-0.986,-0.887,3.086,2.614,3.152,8.445,8.978,8.482,9.028,10.12,3.241,2.74,3.193,8.445,3.811,3.194,4.14,8.576,EssenceCatalog/problems/csplib-prob010-SocialGolfers/params/ord13-5-8-3.param
0.994,0.876,-0.723,-0.929,-0.625,-0.998,0.661,-0.201,0.979,-0.481,0.685,0.987,-0.962,0.988,-0.977,0.977,-0.983,0.838,0.978,-0.178,-0.99,-0.947,0.783,-0.91,-0.993,-0.994,-0.979,-0.965,0.994,0.936,0.952,0.967,0.995,0.979,0.997,0.997,0.975,-0.943,-0.996,-0.756,0.986,-0.846,-0.946,0.819,0.981,-0.965,0.732,0.991,0.991,0.972,0.989,0.785,0.977,-0.919,-0.99,-0.949,-0.892,0.95,-0.998,-0.994,0.953,0.987,-0.964,0.999,-0.995,-0.845,-0.918,-0.995,-0.997,-0.971,0.982,-0.991,-0.97,-0.977,0.987,0.997,0.985,-0.996,-0.936,0.996,-0.996,0.819,-0.981,0.988,-0.993,-0.486,-0.984,0.997,0.995,0.874,-0.998,0.996,0.947,-0.917,-0.997,-0.964,-0.981,0.995,-0.997,-0.993,4.222,3.455,4.829,10.084,10.589,10.451,10.599,10.742,4.214,3.702,4.884,10.082,4.791,4.345,5.957,10.129,EssenceCatalog/problems/csplib-prob010-SocialGolfers/params/2d9a6182023a68e5a46d9c3bc2138eed.param
0.99,0.808,-0.822,-0.955,0.862,-0.994,-0.855,-0.736,-0.981,-0.792,0.529,0.971,-0.097,-0.884,-0.377,0.726,-0.979,0.392,0.96,-0.846,-0.994,-0.892,0.559,-0.129,-0.975,-0.965,-0.967,-0.957,0.969,0.942,0.887,0.926,0.976,0.814,0.99,0.972,0.912,-0.915,0.99,-0.893,0.95,0.582,-0.636,-0.246,0.974,-0.989,-0.819,-0.789,-0.978,0.94,0.932,-0.943,0.958,-0.972,-0.983,0.631,-0.868,0.81,-0.993,-0.975,0.836,0.969,-0.915,0.991,-0.994,-0.666,-0.59,-0.98,-0.983,-0.667,0.87,-0.973,0.971,0.931,-0.973,0.982,0.923,-0.967,-0.533,0.994,-0.994,0.872,-0.974,0.984,-0.974,-0.961,-0.958,0.994,0.984,0.722,-0.997,0.997,0.482,-0.77,-0.995,0.894,-0.983,0.985,-0.994,-0.989,5.964,4.993,10.556,10.561,10.487,10.51,10.475,10.522,5.791,5.107,10.558,10.577,6.075,5.841,10.563,10.57,EssenceCatalog/problems/csplib-prob010-SocialGolfers/params/e832acef040321f2e2692d262ed77cd5.param
0.99,0.798,-0.841,-0.948,0.876,-0.994,-0.844,-0.726,-0.981,-0.808,0.456,0.975,0.282,-0.892,-0.555,0.726,-0.981,0.55,0.954,-0.836,-0.993,-0.851,0.522,-0.418,-0.974,-0.958,-0.968,-0.959,0.968,0.923,0.891,0.936,0.976,0.85,0.989,0.973,0.9,-0.921,0.989,-0.902,0.949,0.777,-0.792,-0.181,0.973,-0.989,-0.829,-0.791,-0.98,0.931,0.932,-0.941,0.962,-0.973,-0.984,0.696,-0.885,0.809,-0.992,-0.972,0.823,0.967,-0.892,0.991,-0.994,-0.678,-0.619,-0.982,-0.985,-0.669,0.88,-0.973,0.972,0.937,-0.974,0.984,0.914,-0.965,-0.409,0.994,-0.994,0.898,-0.973,0.983,-0.975,-0.967,-0.957,0.994,0.983,0.728,-0.997,0.997,0.466,-0.705,-0.995,0.903,-0.985,0.983,-0.995,-0.989,6.251,5.174,10.559,10.561,10.466,10.497,10.461,10.521,5.999,5.299,10.563,10.592,6.263,6.086,10.562,10.586,EssenceCatalog/problems/csplib-prob010-SocialGolfers/params/a5b1d895bfe14f228b9024e662cf305a.param
0.991,0.839,-0.808,-0.971,0.842,-0.996,-0.841,-0.741,-0.977,-0.775,0.669,0.965,-0.639,-0.855,-0.047,0.753,-0.982,0.099,0.969,-0.857,-0.995,-0.954,0.608,0.392,-0.979,-0.979,-0.971,-0.959,0.971,0.971,0.883,0.917,0.979,0.776,0.992,0.978,0.937,-0.905,0.987,-0.891,0.957,-0.069,-0.3,-0.497,0.977,-0.99,-0.8,-0.752,-0.974,0.963,0.958,-0.952,0.951,-0.973,-0.988,0.476,-0.866,0.805,-0.994,-0.986,0.881,0.975,-0.959,0.994,-0.995,-0.644,-0.558,-0.981,-0.985,-0.708,0.869,-0.976,0.963,0.907,-0.968,0.983,0.951,-0.975,-0.73,0.995,-0.994,0.852,-0.979,0.988,-0.976,-0.958,-0.963,0.995,0.984,0.746,-0.998,0.997,0.448,-0.843,-0.995,0.852,-0.981,0.991,-0.994,-0.992,5.415,4.643,10.539,10.556,10.53,10.54,10.518,10.53,5.392,4.75,10.523,10.555,5.717,5.39,10.571,10.545,EssenceCatalog/problems/csplib-prob010-SocialGolfers/params/adf1f25d1f64f976418cd62903d5528c.param
0.993,0.934,-0.575,-0.293,0.788,-0.996,-0.957,-0.807,-0.917,-0.855,0.922,0.975,-0.92,-0.859,0.235,0.877,-0.947,-0.045,0.986,-0.944,-0.996,0.231,0.941,0.435,-0.988,-0.802,-0.972,-0.993,0.989,0.286,0.952,0.934,0.992,0.13,0.996,0.988,0.977,-0.927,0.943,-0.865,0.95,-0.176,0.883,0.88,0.965,-0.993,-0.947,-0.904,-0.934,0.173,0.862,-0.932,0.97,-0.985,-0.748,0.618,-0.598,0.96,-0.996,-0.966,0.96,0.992,-0.385,0.994,-0.999,-0.9,-0.918,-0.989,-0.978,-0.883,0.889,-0.984,0.896,0.917,-0.939,0.984,0.905,-0.978,-0.964,0.994,-0.998,0.771,-0.987,0.993,-0.994,-0.958,-0.981,0.998,0.997,0.891,-0.999,0.999,0.911,-0.985,-0.998,0.821,-0.982,0.991,-0.994,-0.992,6.557,4.516,10.422,10.265,10.506,10.42,10.474,10.291,5.742,4.713,10.382,10.17,6.157,5.696,10.393,10.258,EssenceCatalog/problems/csplib-prob010-SocialGolfers/params/7579b38232cdcc8f8695fc882ff52934.param
0.987,0.928,-0.766,-0.674,0.918,-0.996,-0.971,-0.7,-0.958,-0.889,0.894,0.96,-0.75,-0.934,0.568,0.492,-0.908,-0.219,0.978,-0.937,-0.995,0.595,0.917,0.657,-0.987,-0.79,-0.949,-0.994,0.984,-0.329,0.942,0.904,0.983,-0.382,0.994,0.993,0.971,-0.919,0.955,-0.839,0.957,0.518,0.85,0.461,0.957,-0.994,-0.963,-0.931,-0.974,0.323,0.864,-0.96,0.968,-0.987,-0.336,0.852,-0.746,0.95,-0.994,-0.968,0.969,0.983,-0.251,0.992,-0.999,-0.874,-0.91,-0.988,-0.956,-0.724,0.743,-0.978,0.934,0.959,-0.967,0.988,0.862,-0.977,-0.918,0.994,-0.996,0.885,-0.986,0.994,-0.995,-0.96,-0.973,0.996,0.995,0.861,-1.0,0.999,0.695,-0.974,-0.997,0.926,-0.978,0.99,-0.991,-0.993,6.515,4.477,10.394,9.896,10.272,10.158,10.226,9.922,5.718,4.716,10.347,9.779,6.099,5.558,10.28,9.906,EssenceCatalog/problems/csplib-prob010-SocialGolfers/params/ord35-4-9-7.param
0.994,0.85,-0.715,-0.926,-0.62,-0.997,0.673,-0.345,0.969,-0.445,0.677,0.988,-0.958,0.986,-0.981,0.981,-0.987,0.83,0.978,-0.197,-0.99,-0.963,0.811,-0.897,-0.992,-0.994,-0.983,-0.955,0.995,0.959,0.949,0.972,0.995,0.986,0.997,0.996,0.974,-0.947,-0.994,-0.767,0.986,-0.872,-0.958,0.807,0.981,-0.963,0.781,0.988,0.989,0.971,0.989,0.742,0.976,-0.916,-0.994,-0.953,-0.899,0.947,-0.998,-0.993,0.946,0.988,-0.967,0.999,-0.994,-0.832,-0.883,-0.995,-0.997,-0.971,0.985,-0.992,-0.957,-0.972,0.98,0.997,0.985,-0.994,-0.937,0.996,-0.996,0.816,-0.98,0.986,-0.991,-0.562,-0.984,0.996,0.995,0.874,-0.998,0.994,0.95,-0.922,-0.997,-0.963,-0.983,0.995,-0.997,-0.994,4.222,3.46,4.87,10.11,10.585,10.45,10.6,10.757,4.217,3.705,4.924,10.109,4.79,4.347,5.995,10.149,EssenceCatalog/problems/csplib-prob010-SocialGolfers/params/d61d3e3a29bca72e9d86866497159876.param
0.99,0.833,-0.83,-0.968,0.853,-0.995,-0.833,-0.713,-0.978,-0.785,0.623,0.968,-0.426,-0.867,-0.194,0.736,-0.982,0.268,0.963,-0.848,-0.994,-0.938,0.546,0.112,-0.977,-0.975,-0.97,-0.959,0.969,0.964,0.883,0.923,0.978,0.797,0.991,0.977,0.923,-0.903,0.987,-0.891,0.953,0.258,-0.517,-0.42,0.977,-0.99,-0.807,-0.758,-0.977,0.959,0.955,-0.946,0.953,-0.972,-0.988,0.555,-0.873,0.802,-0.994,-0.984,0.865,0.97,-0.95,0.994,-0.995,-0.657,-0.591,-0.982,-0.985,-0.701,0.869,-0.974,0.964,0.912,-0.969,0.985,0.945,-0.974,-0.649,0.996,-0.994,0.866,-0.977,0.986,-0.977,-0.96,-0.96,0.994,0.983,0.728,-0.998,0.997,0.435,-0.794,-0.995,0.866,-0.982,0.989,-0.994,-0.991,5.66,4.813,10.544,10.566,10.518,10.535,10.503,10.531,5.573,4.924,10.54,10.575,5.879,5.609,10.57,10.564,EssenceCatalog/problems/csplib-prob010-SocialGolfers/params/c492f63e248cc8e79e9a3fcea5e6377a.param
0.991,0.939,-0.568,-0.493,0.766,-0.997,-0.959,-0.761,-0.903,-0.867,0.92,0.976,-0.928,-0.872,0.372,0.845,-0.938,-0.153,0.984,-0.933,-0.996,0.393,0.944,0.45,-0.99,-0.828,-0.97,-0.994,0.989,0.122,0.958,0.923,0.992,-0.064,0.996,0.991,0.973,-0.926,0.931,-0.87,0.957,-0.041,0.899,0.851,0.967,-0.993,-0.945,-0.899,-0.932,0.359,0.861,-0.919,0.976,-0.986,-0.714,0.617,-0.613,0.963,-0.996,-0.971,0.964,0.99,-0.327,0.995,-0.999,-0.898,-0.938,-0.99,-0.976,-0.864,0.876,-0.982,0.882,0.908,-0.925,0.988,0.905,-0.985,-0.958,0.995,-0.998,0.78,-0.987,0.994,-0.996,-0.953,-0.983,0.998,0.997,0.876,-1.0,0.999,0.899,-0.987,-0.998,0.792,-0.982,0.992,-0.995,-0.994,6.478,4.466,10.379,10.184,10.477,10.376,10.429,10.205,5.697,4.676,10.34,10.078,6.098,5.609,10.343,10.186,EssenceCatalog/problems/csplib-prob010-SocialGolfers/params/1ab500dbfe5500a91fcb4d9f302168e9.param
0.99,0.798,-0.837,-0.946,0.872,-0.994,-0.852,-0.737,-0.981,-0.808,0.437,0.975,0.286,-0.893,-0.563,0.726,-0.98,0.545,0.955,-0.835,-0.993,-0.837,0.548,-0.427,-0.974,-0.956,-0.967,-0.96,0.969,0.917,0.895,0.936,0.976,0.849,0.99,0.972,0.9,-0.925,0.989,-0.906,0.951,0.797,-0.787,-0.147,0.973,-0.989,-0.83,-0.792,-0.979,0.928,0.924,-0.939,0.965,-0.973,-0.982,0.693,-0.882,0.815,-0.992,-0.97,0.82,0.968,-0.876,0.99,-0.994,-0.686,-0.626,-0.982,-0.984,-0.66,0.882,-0.973,0.973,0.939,-0.974,0.983,0.905,-0.963,-0.387,0.994,-0.994,0.896,-0.973,0.982,-0.975,-0.967,-0.958,0.994,0.984,0.727,-0.998,0.997,0.495,-0.713,-0.995,0.904,-0.985,0.982,-0.995,-0.989,6.276,5.182,10.56,10.563,10.467,10.496,10.463,10.522,6.017,5.307,10.565,10.592,6.279,6.096,10.561,10.588,EssenceCatalog/problems/csplib-prob010-SocialGolfers/params/732ef71dc49842e9bc252d6a492ac88f.param
0.992,0.778,-0.927,-0.826,0.936,-0.993,-0.846,-0.726,-0.984,-0.859,0.476,0.982,0.916,-0.914,-0.867,0.762,-0.983,0.895,0.946,-0.857,-0.993,-0.562,0.318,-0.897,-0.977,-0.883,-0.972,-0.96,0.965,0.748,0.906,0.968,0.98,0.928,0.988,0.969,0.876,-0.921,0.99,-0.892,0.916,0.948,-0.97,0.26,0.963,-0.991,-0.893,-0.842,-0.984,0.797,0.946,-0.947,0.962,-0.978,-0.984,0.864,-0.943,0.84,-0.992,-0.962,0.806,0.965,-0.836,0.987,-0.995,-0.754,-0.693,-0.988,-0.989,-0.764,0.903,-0.98,0.972,0.958,-0.983,0.988,0.898,-0.952,-0.346,0.996,-0.995,0.94,-0.97,0.978,-0.977,-0.982,-0.957,0.995,0.983,0.84,-0.997,0.997,0.468,-0.438,-0.996,0.951,-0.991,0.979,-0.996,-0.986,7.045,5.514,10.616,10.573,10.472,10.527,10.505,10.559,6.466,5.691,10.611,10.624,6.721,6.687,10.604,10.637,EssenceCatalog/problems/csplib-prob010-SocialGolfers/params/039fd161ee908efe7ca49e5a30a602aa.param
0.992,0.92,-0.758,-0.99,0.695,-0.998,-0.89,-0.801,-0.967,-0.764,0.844,0.956,-0.985,-0.809,0.743,0.813,-0.984,-0.718,0.986,-0.881,-0.996,-0.981,0.866,0.939,-0.988,-0.992,-0.975,-0.975,0.983,0.989,0.924,0.89,0.987,0.649,0.995,0.991,0.974,-0.923,0.979,-0.928,0.98,-0.922,0.82,-0.858,0.984,-0.991,-0.713,-0.72,-0.954,0.988,0.974,-0.947,0.961,-0.979,-0.99,-0.133,-0.851,0.89,-0.997,-0.995,0.955,0.988,-0.981,0.998,-0.997,-0.669,-0.629,-0.982,-0.989,-0.739,0.882,-0.982,0.946,0.815,-0.952,0.989,0.978,-0.99,-0.934,0.995,-0.996,0.808,-0.989,0.994,-0.985,-0.945,-0.98,0.996,0.99,0.797,-0.999,0.998,0.576,-0.97,-0.996,0.647,-0.976,0.997,-0.995,-0.996,4.732,4.088,10.455,10.474,10.615,10.56,10.587,10.49,4.826,4.2,10.421,10.448,5.194,4.667,10.476,10.468,EssenceCatalog/problems/csplib-prob010-SocialGolfers/params/d8c62c4f4b1ba97224d0c3cff16889da.param
0.989,0.893,-0.551,-0.927,0.753,-0.996,-0.88,-0.801,-0.973,-0.713,0.866,0.946,-0.965,-0.866,0.545,0.824,-0.979,-0.564,0.978,-0.887,-0.994,-0.927,0.864,0.868,-0.982,-0.968,-0.977,-0.974,0.972,0.963,0.896,0.892,0.983,0.463,0.993,0.984,0.958,-0.877,0.984,-0.907,0.945,-0.807,0.796,-0.226,0.968,-0.99,-0.858,-0.873,-0.972,0.905,0.955,-0.968,0.929,-0.968,-0.983,0.274,-0.714,0.861,-0.995,-0.987,0.932,0.983,-0.945,0.996,-0.996,-0.662,-0.684,-0.985,-0.98,-0.77,0.837,-0.974,0.948,0.891,-0.966,0.979,0.951,-0.982,-0.932,0.996,-0.993,0.75,-0.98,0.99,-0.983,-0.963,-0.964,0.994,0.987,0.756,-0.998,0.998,0.684,-0.961,-0.994,0.758,-0.966,0.994,-0.992,-0.992,5.053,4.186,10.509,10.454,10.568,10.543,10.55,10.449,4.999,4.293,10.477,10.413,5.379,4.87,10.51,10.433,EssenceCatalog/problems/csplib-prob010-SocialGolfers/params/4f1ef8f5d208ce13ef17d98c570ad36d.param
0.991,0.802,-0.873,-0.958,0.878,-0.995,-0.83,-0.7,-0.98,-0.811,0.517,0.974,0.166,-0.876,-0.479,0.718,-0.981,0.557,0.957,-0.842,-0.994,-0.901,0.437,-0.368,-0.976,-0.967,-0.968,-0.956,0.968,0.943,0.885,0.938,0.977,0.849,0.99,0.974,0.908,-0.91,0.988,-0.881,0.948,0.656,-0.791,-0.3,0.975,-0.99,-0.819,-0.752,-0.978,0.948,0.948,-0.938,0.957,-0.974,-0.986,0.67,-0.899,0.806,-0.993,-0.978,0.836,0.966,-0.934,0.992,-0.995,-0.674,-0.595,-0.982,-0.986,-0.705,0.878,-0.975,0.968,0.927,-0.972,0.985,0.937,-0.967,-0.518,0.995,-0.994,0.894,-0.975,0.984,-0.974,-0.962,-0.959,0.995,0.982,0.744,-0.997,0.997,0.392,-0.675,-0.995,0.896,-0.986,0.986,-0.995,-0.99,6.113,5.113,10.546,10.563,10.477,10.512,10.47,10.534,5.901,5.238,10.549,10.599,6.173,6.012,10.565,10.584,EssenceCatalog/problems/csplib-prob010-SocialGolfers/params/eae40dffe0d7fd3e69dfee50e8f7f582.param
0.99,0.838,-0.824,-0.968,0.854,-0.995,-0.835,-0.72,-0.978,-0.778,0.661,0.966,-0.544,-0.861,-0.104,0.742,-0.982,0.192,0.966,-0.854,-0.994,-0.946,0.56,0.264,-0.978,-0.976,-0.971,-0.959,0.97,0.967,0.881,0.919,0.978,0.781,0.991,0.978,0.93,-0.899,0.987,-0.886,0.953,0.065,-0.405,-0.454,0.976,-0.99,-0.812,-0.759,-0.976,0.96,0.958,-0.95,0.949,-0.973,-0.988,0.526,-0.871,0.801,-0.994,-0.985,0.875,0.972,-0.957,0.994,-0.995,-0.647,-0.581,-0.982,-0.985,-0.714,0.865,-0.975,0.962,0.909,-0.969,0.984,0.949,-0.975,-0.704,0.996,-0.994,0.862,-0.978,0.987,-0.977,-0.959,-0.961,0.995,0.983,0.74,-0.998,0.997,0.424,-0.817,-0.995,0.861,-0.981,0.991,-0.994,-0.992,5.528,4.72,10.543,10.557,10.523,10.539,10.511,10.529,5.473,4.83,10.533,10.562,5.791,5.496,10.574,10.551,EssenceCatalog/problems/csplib-prob010-SocialGolfers/params/e242baded10039b15c9943d2fa9a763a.param
0.995,0.887,-0.655,-0.955,-0.411,-0.998,0.477,-0.383,0.91,-0.491,0.709,0.988,-0.968,0.964,-0.939,0.969,-0.99,0.763,0.982,-0.434,-0.994,-0.964,0.804,-0.815,-0.993,-0.996,-0.985,-0.968,0.995,0.969,0.954,0.963,0.996,0.968,0.997,0.997,0.972,-0.941,-0.974,-0.815,0.988,-0.853,-0.891,0.743,0.982,-0.983,0.471,0.972,0.954,0.98,0.989,0.443,0.979,-0.942,-0.993,-0.886,-0.878,0.944,-0.997,-0.995,0.953,0.987,-0.971,0.999,-0.997,-0.849,-0.89,-0.997,-0.997,-0.963,0.98,-0.993,-0.872,-0.921,0.938,0.997,0.985,-0.996,-0.933,0.998,-0.997,0.841,-0.985,0.993,-0.994,-0.735,-0.985,0.998,0.996,0.865,-0.999,0.998,0.919,-0.924,-0.998,-0.918,-0.987,0.997,-0.998,-0.995,4.331,3.55,5.241,10.196,10.663,10.541,10.675,10.79,4.297,3.797,5.278,10.207,4.885,4.462,6.327,10.246,EssenceCatalog/problems/csplib-prob010-SocialGolfers/params/a406a01399f9ee5ce9eb47e433cdffb6.param
0.986,0.808,-0.59,-0.756,0.838,-0.992,-0.883,-0.848,-0.983,-0.761,0.587,0.967,-0.206,-0.917,-0.562,0.819,-0.973,0.213,0.959,-0.86,-0.992,-0.524,0.82,-0.193,-0.968,-0.859,-0.97,-0.97,0.971,0.818,0.907,0.932,0.975,0.785,0.988,0.962,0.906,-0.93,0.993,-0.921,0.927,0.756,-0.303,0.488,0.957,-0.988,-0.877,-0.91,-0.982,0.636,0.838,-0.953,0.959,-0.969,-0.968,0.696,-0.742,0.859,-0.99,-0.947,0.818,0.976,-0.584,0.989,-0.994,-0.707,-0.697,-0.981,-0.974,-0.676,0.885,-0.969,0.974,0.952,-0.979,0.973,0.801,-0.949,-0.591,0.992,-0.992,0.832,-0.968,0.978,-0.978,-0.97,-0.951,0.993,0.986,0.719,-0.997,0.996,0.777,-0.882,-0.993,0.897,-0.98,0.974,-0.992,-0.985,6.516,5.041,10.549,10.522,10.47,10.466,10.455,10.453,6.052,5.157,10.536,10.491,6.347,6.033,10.511,10.522,EssenceCatalog/problems/csplib-prob010-SocialGolfers/params/b2a6feb365a2bed5e29aeec0bc5e0d5e.param
0.988,0.799,-0.774,-0.899,0.873,-0.993,-0.853,-0.742,-0.981,-0.776,0.54,0.97,0.108,-0.903,-0.5,0.737,-0.976,0.474,0.952,-0.847,-0.993,-0.76,0.591,-0.337,-0.97,-0.931,-0.966,-0.96,0.965,0.885,0.889,0.929,0.974,0.797,0.988,0.968,0.894,-0.908,0.991,-0.89,0.93,0.737,-0.656,0.143,0.966,-0.989,-0.856,-0.853,-0.982,0.858,0.909,-0.946,0.954,-0.97,-0.977,0.713,-0.836,0.814,-0.991,-0.963,0.816,0.966,-0.838,0.989,-0.994,-0.686,-0.661,-0.981,-0.98,-0.669,0.86,-0.969,0.969,0.942,-0.976,0.979,0.886,-0.959,-0.494,0.994,-0.992,0.865,-0.968,0.98,-0.975,-0.967,-0.95,0.993,0.982,0.725,-0.997,0.997,0.568,-0.764,-0.994,0.907,-0.982,0.981,-0.993,-0.986,6.33,5.118,10.554,10.538,10.465,10.491,10.459,10.5,6.004,5.243,10.556,10.55,6.28,6.075,10.546,10.556,EssenceCatalog/problems/csplib-prob010-SocialGolfers/params/428df39b33cc692747fbc150f4962e3b.param
0.991,0.797,-0.879,-0.948,0.89,-0.994,-0.823,-0.694,-0.98,-0.809,0.521,0.974,0.304,-0.881,-0.539,0.721,-0.982,0.62,0.955,-0.843,-0.994,-0.889,0.402,-0.454,-0.976,-0.962,-0.969,-0.954,0.966,0.935,0.883,0.942,0.977,0.858,0.989,0.973,0.903,-0.907,0.988,-0.879,0.942,0.695,-0.831,-0.248,0.974,-0.99,-0.829,-0.766,-0.98,0.938,0.951,-0.942,0.954,-0.974,-0.987,0.701,-0.904,0.801,-0.993,-0.977,0.833,0.965,-0.931,0.991,-0.995,-0.676,-0.598,-0.983,-0.986,-0.713,0.876,-0.975,0.967,0.93,-0.974,0.985,0.935,-0.966,-0.508,0.995,-0.994,0.899,-0.974,0.983,-0.974,-0.966,-0.957,0.995,0.981,0.753,-0.997,0.997,0.377,-0.64,-0.995,0.904,-0.986,0.986,-0.995,-0.989,6.219,5.171,10.55,10.559,10.466,10.507,10.465,10.533,5.97,5.301,10.552,10.601,6.238,6.104,10.568,10.585,EssenceCatalog/problems/csplib-prob010-SocialGolfers/params/d844c350d5f9dd9b057e59f62478d660.param
