feat0,feat1,feat2,feat3,feat4,feat5,feat6,feat7,feat8,feat9,feat10,feat11,feat12,feat13,feat14,feat15,feat16,feat17,feat18,feat19,feat20,feat21,feat22,feat23,feat24,feat25,feat26,feat27,feat28,feat29,feat30,feat31,feat32,feat33,feat34,feat35,feat36,feat37,feat38,feat39,feat40,feat41,feat42,feat43,feat44,feat45,feat46,feat47,feat48,feat49,feat50,feat51,feat52,feat53,feat54,feat55,feat56,feat57,feat58,feat59,feat60,feat61,feat62,feat63,feat64,feat65,feat66,feat67,feat68,feat69,feat70,feat71,feat72,feat73,feat74,feat75,feat76,feat77,feat78,feat79,feat80,feat81,feat82,feat83,feat84,feat85,feat86,feat87,feat88,feat89,feat90,feat91,feat92,feat93,feat94,feat95,feat96,feat97,feat98,feat99,feat100,feat101,feat102,feat103,feat104,feat105,feat106,feat107,feat108,feat109,feat110,feat111,feat112,feat113,feat114,feat115,inst
-0.967,-0.981,0.96,-0.956,-0.948,0.987,-0.841,0.982,0.958,-0.976,-0.939,0.953,-0.751,0.992,-0.962,-0.45,-0.379,0.868,0.953,0.692,0.945,-0.968,-0.99,-0.745,0.993,0.384,-0.705,-0.58,-0.968,0.985,0.96,0.842,-0.926,0.923,0.219,-0.993,0.956,0.997,0.736,-0.914,-0.976,-0.994,0.577,-0.863,0.989,0.963,0.989,-0.957,-0.993,-0.933,0.987,0.828,0.961,-0.997,0.721,-0.948,-0.845,-0.797,-0.732,-0.859,-0.971,-0.965,0.887,-0.997,0.971,0.901,0.978,0.983,-0.802,0.834,0.88,-0.943,-0.914,-0.759,-0.859,-0.977,-0.984,-0.443,-0.708,0.966,-0.695,0.629,-0.997,-0.962,0.973,-0.558,-0.842,0.997,-0.959,-0.965,-0.817,0.873,0.891,-0.959,0.976,-0.987,0.893,0.898,0.877,-0.988,6.358,5.049,10.357,10.346,10.341,10.32,10.321,10.373,5.941,5.191,10.388,10.334,6.219,6.152,10.344,10.299,EssenceCatalog/problems/csplib-prob010-SocialGolfers/params/277ba4da109a663977e6f4490a9a1c57.param
-0.991,0.997,-0.99,-0.993,-0.983,0.986,-0.976,0.986,0.991,-0.972,-0.99,0.986,0.992,0.995,-0.942,-0.97,-0.891,0.989,0.99,0.973,0.967,-0.991,-0.985,0.718,0.997,0.855,-0.588,-0.937,0.993,-0.942,0.889,0.481,-0.948,0.986,-0.988,-0.999,0.552,1.0,-0.731,-0.926,-0.985,-0.997,0.96,-0.965,0.994,-0.992,0.994,-0.978,-0.998,-0.99,0.997,-0.879,0.981,-0.999,0.973,-0.975,0.864,-0.969,-0.925,-0.985,-0.991,-0.977,0.96,-0.999,-0.964,-0.949,0.988,-0.994,-0.969,0.975,0.868,-0.963,-0.987,-0.935,-0.983,0.992,-0.993,-0.806,-0.974,0.846,-0.863,0.943,-0.998,-0.99,0.967,0.767,-0.95,0.999,-0.928,-0.979,0.935,0.96,0.946,-0.932,0.987,-0.996,0.984,0.975,0.923,-0.995,4.263,3.525,4.922,10.287,10.545,10.421,10.591,10.8,4.24,3.739,4.971,10.182,4.804,4.419,6.004,10.188,EssenceCatalog/problems/csplib-prob010-SocialGolfers/params/aaca24b9c117681f5ef2489dc7dc5469.param
-0.965,-0.979,0.958,-0.951,-0.953,0.987,-0.945,0.98,0.96,-0.97,-0.915,0.971,-0.745,0.992,-0.971,-0.647,-0.651,0.914,0.97,0.901,0.952,-0.97,-0.987,-0.83,0.994,-0.242,-0.394,-0.622,-0.954,0.976,0.975,0.73,-0.933,0.927,-0.257,-0.993,0.967,0.997,0.678,-0.882,-0.966,-0.994,0.494,-0.71,0.99,0.967,0.985,-0.95,-0.994,-0.952,0.988,0.688,0.958,-0.997,0.822,-0.953,-0.431,-0.862,-0.557,-0.893,-0.977,-0.948,0.84,-0.997,0.963,0.813,0.981,0.982,-0.791,0.826,0.864,-0.927,-0.88,-0.766,-0.83,-0.975,-0.984,-0.407,-0.767,0.965,-0.821,-0.004,-0.997,-0.942,0.974,-0.602,-0.853,0.997,-0.968,-0.959,-0.742,0.89,0.873,-0.96,0.975,-0.987,0.91,0.897,0.903,-0.986,5.661,4.713,10.352,10.316,10.302,10.275,10.29,10.334,5.49,4.847,10.379,10.301,5.781,5.548,10.337,10.291,EssenceCatalog/problems/csplib-prob010-SocialGolfers/params/ecd45e5c8c7e55f0a883730da912f155.param
-0.964,-0.98,0.959,-0.952,-0.964,0.988,-0.957,0.981,0.96,-0.971,-0.92,0.976,-0.753,0.993,-0.977,-0.724,-0.698,0.93,0.979,0.93,0.955,-0.97,-0.987,-0.853,0.994,-0.475,-0.153,-0.687,-0.949,0.973,0.982,0.679,-0.939,0.941,-0.529,-0.993,0.969,0.998,0.684,-0.897,-0.964,-0.994,0.48,-0.63,0.989,0.972,0.984,-0.955,-0.994,-0.959,0.989,0.617,0.957,-0.997,0.852,-0.952,-0.148,-0.893,-0.544,-0.914,-0.983,-0.948,0.826,-0.997,0.966,0.78,0.984,0.983,-0.797,0.823,0.857,-0.933,-0.874,-0.782,-0.82,-0.975,-0.984,-0.436,-0.771,0.967,-0.85,-0.328,-0.998,-0.931,0.973,-0.7,-0.88,0.997,-0.97,-0.958,-0.722,0.906,0.871,-0.958,0.976,-0.989,0.918,0.908,0.917,-0.987,5.356,4.562,10.349,10.312,10.312,10.275,10.292,10.324,5.29,4.702,10.384,10.292,5.585,5.293,10.342,10.301,EssenceCatalog/problems/csplib-prob010-SocialGolfers/params/4c4be36de0caf686f20346cb1c303d4a.param
-0.966,-0.982,0.961,-0.955,-0.945,0.987,-0.862,0.981,0.96,-0.973,-0.933,0.957,-0.763,0.992,-0.963,-0.476,-0.438,0.871,0.952,0.727,0.946,-0.968,-0.989,-0.76,0.993,0.305,-0.681,-0.577,-0.968,0.985,0.959,0.826,-0.927,0.921,0.198,-0.993,0.958,0.997,0.728,-0.905,-0.974,-0.994,0.561,-0.847,0.989,0.965,0.988,-0.954,-0.993,-0.935,0.986,0.822,0.961,-0.997,0.731,-0.949,-0.821,-0.801,-0.698,-0.862,-0.969,-0.96,0.878,-0.997,0.971,0.894,0.979,0.983,-0.8,0.834,0.88,-0.94,-0.908,-0.757,-0.852,-0.977,-0.984,-0.432,-0.717,0.966,-0.722,0.575,-0.997,-0.96,0.973,-0.545,-0.838,0.997,-0.961,-0.963,-0.814,0.87,0.888,-0.961,0.976,-0.986,0.895,0.895,0.877,-0.988,6.299,5.019,10.364,10.345,10.334,10.315,10.318,10.37,5.9,5.159,10.394,10.332,6.183,6.091,10.349,10.301,EssenceCatalog/problems/csplib-prob010-SocialGolfers/params/3c2d844bd77969ff3d99a6cf436282b4.param
-0.967,-0.979,0.961,-0.954,-0.969,0.99,-0.967,0.981,0.963,-0.969,-0.91,0.982,-0.769,0.993,-0.978,-0.817,-0.768,0.941,0.982,0.949,0.957,-0.972,-0.985,-0.883,0.994,-0.641,0.074,-0.738,-0.942,0.971,0.983,0.6,-0.943,0.949,-0.672,-0.994,0.971,0.998,0.699,-0.894,-0.959,-0.995,0.496,-0.528,0.989,0.973,0.984,-0.956,-0.995,-0.968,0.99,0.542,0.954,-0.998,0.884,-0.956,0.205,-0.918,-0.486,-0.93,-0.983,-0.94,0.801,-0.998,0.965,0.733,0.986,0.982,-0.806,0.825,0.855,-0.929,-0.861,-0.806,-0.821,-0.976,-0.984,-0.457,-0.798,0.966,-0.886,-0.584,-0.998,-0.917,0.974,-0.665,-0.899,0.997,-0.973,-0.955,-0.717,0.918,0.872,-0.961,0.978,-0.99,0.931,0.91,0.927,-0.987,5.15,4.435,10.34,10.306,10.301,10.279,10.28,10.304,5.149,4.576,10.367,10.275,5.443,5.089,10.329,10.31,EssenceCatalog/problems/csplib-prob010-SocialGolfers/params/ddb174cf3f96d67afbcbeae80f9f04ef.param
-0.98,-0.988,0.991,-0.977,-0.981,0.993,-0.669,0.989,0.981,-0.974,-0.82,0.99,-0.969,0.988,-0.956,-0.985,-0.968,0.878,0.336,0.618,0.976,-0.985,-0.994,-0.978,0.991,0.297,-0.647,-0.764,-0.967,0.993,-0.356,0.678,-0.945,0.955,0.766,-0.997,0.962,0.998,0.928,-0.564,-0.974,-0.995,0.832,-0.619,0.997,0.972,0.985,-0.906,-0.998,-0.99,0.996,0.664,0.898,-0.997,0.948,-0.989,0.224,-0.948,0.004,-0.927,0.512,-0.912,0.718,-0.998,0.963,0.877,0.99,0.987,-0.921,0.892,0.946,-0.803,-0.917,-0.911,-0.96,-0.982,-0.993,-0.861,-0.956,0.956,-0.973,-0.396,-0.998,-0.923,0.99,0.965,-0.944,0.997,-0.976,-0.977,-0.937,0.973,0.897,-0.988,0.981,-0.992,0.982,0.944,0.972,-0.989,7.411,4.959,10.381,10.285,10.236,10.266,10.303,10.292,6.246,5.126,10.299,10.242,6.633,6.151,10.282,10.295,EssenceCatalog/problems/csplib-prob010-SocialGolfers/params/ffa2d8144c52b9f05ee22fb124f8ab50.param
-0.995,-0.983,0.989,-0.995,-0.996,0.996,0.992,0.998,0.995,-0.992,-0.99,0.993,-0.976,0.993,-0.86,-0.99,-0.807,0.778,-0.907,-0.991,0.967,-0.995,-0.997,-0.965,0.997,0.995,-0.988,-0.962,-0.989,0.998,-0.993,0.985,-0.976,0.989,0.99,-0.999,0.831,0.998,0.989,-0.98,-0.996,-0.999,0.989,-0.99,0.997,0.93,0.999,-0.986,-0.999,-0.991,0.999,0.98,0.956,-0.999,0.953,-0.996,-0.991,-0.966,-0.972,-0.956,0.976,-0.996,0.981,-1.0,0.988,0.991,0.992,0.985,-0.989,0.978,0.989,-0.965,-0.996,-0.987,-0.993,-0.985,-0.995,-0.978,-0.973,0.978,-0.963,0.992,-1.0,-0.993,0.994,0.991,-0.979,1.0,-0.979,-0.993,-0.991,0.981,0.982,-0.992,0.996,-0.998,0.993,0.984,0.982,-0.997,9.619,5.778,10.452,10.379,10.431,10.464,10.44,10.39,7.5,6.085,10.414,10.389,7.979,7.794,10.438,10.432,EssenceCatalog/problems/csplib-prob010-SocialGolfers/params/b07d12c3e0e0009cf8f0631447f70c5b.param
-0.973,0.999,-0.997,-0.986,-0.6,0.989,-0.979,0.982,0.974,-0.112,-0.877,0.99,0.994,0.905,0.53,-0.974,-0.908,0.969,0.981,0.99,0.921,-0.984,0.17,0.943,0.986,-0.423,-0.447,-0.962,0.998,-0.984,0.952,-0.928,-0.802,0.985,-0.998,-0.997,0.656,0.999,-0.99,-0.816,-0.623,-0.997,0.924,-0.928,0.836,-0.995,0.992,-0.968,-0.995,-0.985,0.793,-0.829,0.97,-0.998,0.959,-0.976,0.981,-0.968,-0.938,-0.99,-0.995,-0.14,0.941,-0.996,-0.99,-0.994,0.987,-0.999,-0.918,0.94,-0.705,-0.958,-0.969,-0.881,-0.97,0.995,-0.916,-0.637,-0.965,-0.148,-0.839,0.694,-0.998,-0.818,-0.492,0.882,-0.976,0.997,-0.817,-0.277,0.986,0.383,0.949,-0.816,0.979,-0.994,0.983,0.846,0.405,-0.854,3.105,2.653,3.365,8.659,8.552,8.193,8.712,9.768,3.201,2.799,3.468,8.68,3.78,3.22,4.318,8.667,EssenceCatalog/problems/csplib-prob010-SocialGolfers/params/ord08-17-9-2.param
-0.991,0.994,-0.98,-0.992,-0.982,0.983,-0.954,0.984,0.991,-0.979,-0.988,0.98,0.99,0.995,-0.94,-0.956,-0.778,0.985,0.986,0.946,0.962,-0.989,-0.988,0.527,0.997,0.916,-0.699,-0.892,0.987,-0.846,0.855,0.711,-0.936,0.979,-0.969,-0.998,0.635,0.999,-0.392,-0.924,-0.988,-0.997,0.95,-0.969,0.994,-0.989,0.993,-0.976,-0.998,-0.986,0.997,-0.802,0.977,-0.999,0.961,-0.97,0.654,-0.951,-0.919,-0.976,-0.986,-0.98,0.954,-0.998,-0.933,-0.892,0.984,-0.99,-0.962,0.969,0.895,-0.964,-0.985,-0.929,-0.981,0.983,-0.993,-0.743,-0.966,0.857,-0.787,0.96,-0.998,-0.991,0.97,0.765,-0.923,0.999,-0.912,-0.982,0.872,0.962,0.935,-0.922,0.986,-0.994,0.982,0.972,0.91,-0.996,4.423,3.614,5.089,10.247,10.549,10.419,10.571,10.774,4.356,3.832,5.131,10.171,4.899,4.545,6.163,10.169,EssenceCatalog/problems/csplib-prob010-SocialGolfers/params/c848d743c323662bfa4dc73851baebcb.param
-0.966,-0.978,0.956,-0.954,-0.953,0.987,-0.894,0.981,0.958,-0.973,-0.93,0.961,-0.726,0.992,-0.967,-0.558,-0.461,0.894,0.967,0.811,0.948,-0.967,-0.988,-0.78,0.993,0.08,-0.536,-0.618,-0.958,0.981,0.972,0.786,-0.926,0.931,-0.135,-0.993,0.96,0.997,0.708,-0.909,-0.971,-0.994,0.534,-0.797,0.988,0.964,0.987,-0.956,-0.994,-0.942,0.987,0.76,0.959,-0.997,0.77,-0.947,-0.68,-0.839,-0.666,-0.882,-0.978,-0.959,0.863,-0.997,0.969,0.861,0.979,0.981,-0.79,0.823,0.86,-0.94,-0.898,-0.758,-0.84,-0.975,-0.983,-0.414,-0.716,0.964,-0.747,0.315,-0.997,-0.95,0.97,-0.631,-0.857,0.997,-0.961,-0.962,-0.778,0.883,0.881,-0.955,0.976,-0.987,0.901,0.9,0.886,-0.988,5.954,4.868,10.343,10.324,10.322,10.29,10.3,10.351,5.689,5.005,10.373,10.317,5.965,5.831,10.331,10.288,EssenceCatalog/problems/csplib-prob010-SocialGolfers/params/22bcfb519042a71c39552f8248e87ff0.param
-0.99,0.999,-0.997,-0.994,-0.978,0.984,-0.977,0.986,0.99,-0.948,-0.989,0.987,0.996,0.992,-0.871,-0.977,-0.93,0.989,0.986,0.979,0.968,-0.993,-0.969,0.861,0.996,0.849,-0.635,-0.958,0.998,-0.98,0.881,0.036,-0.933,0.988,-0.992,-0.999,0.383,1.0,-0.916,-0.908,-0.979,-0.998,0.97,-0.972,0.993,-0.998,0.993,-0.977,-0.998,-0.992,0.996,-0.938,0.982,-0.999,0.978,-0.977,0.931,-0.974,-0.945,-0.989,-0.991,-0.963,0.966,-0.998,-0.988,-0.981,0.988,-0.998,-0.971,0.977,0.686,-0.964,-0.989,-0.935,-0.986,0.998,-0.99,-0.85,-0.981,0.702,-0.858,0.949,-0.998,-0.985,0.93,0.885,-0.958,0.999,-0.919,-0.973,0.973,0.947,0.957,-0.903,0.986,-0.996,0.986,0.976,0.892,-0.992,4.158,3.43,4.68,10.2,10.429,10.309,10.504,10.741,4.125,3.638,4.73,10.083,4.722,4.318,5.769,10.086,EssenceCatalog/problems/csplib-prob010-SocialGolfers/params/738cca69d0202b1e10d4b9e5fb607780.param
-0.971,-0.981,0.961,-0.962,-0.954,0.988,-0.692,0.984,0.959,-0.98,-0.955,0.946,-0.763,0.993,-0.958,-0.403,-0.219,0.838,0.938,0.427,0.944,-0.97,-0.991,-0.696,0.993,0.656,-0.807,-0.602,-0.973,0.989,0.94,0.891,-0.927,0.93,0.423,-0.993,0.946,0.997,0.78,-0.936,-0.981,-0.994,0.654,-0.918,0.989,0.959,0.991,-0.964,-0.994,-0.927,0.988,0.88,0.963,-0.998,0.673,-0.949,-0.928,-0.774,-0.824,-0.851,-0.963,-0.975,0.911,-0.998,0.975,0.933,0.978,0.983,-0.827,0.849,0.896,-0.954,-0.937,-0.783,-0.887,-0.979,-0.986,-0.499,-0.697,0.968,-0.622,0.819,-0.998,-0.972,0.973,-0.492,-0.857,0.997,-0.955,-0.971,-0.856,0.877,0.907,-0.961,0.978,-0.988,0.894,0.908,0.871,-0.991,6.733,5.197,10.364,10.362,10.36,10.346,10.342,10.395,6.163,5.355,10.4,10.346,6.443,6.449,10.356,10.305,EssenceCatalog/problems/csplib-prob010-SocialGolfers/params/d10b8d5dc0eaa3fbb24870b330b8b364.param
-0.993,-0.822,0.932,-0.995,-0.989,0.995,0.811,0.996,0.993,-0.981,-0.93,0.994,-0.831,0.986,-0.706,-0.996,-0.94,0.858,-0.709,-0.619,0.977,-0.993,-0.994,-0.974,0.993,0.962,-0.944,-0.919,-0.752,0.991,-0.979,0.847,-0.936,0.987,0.945,-0.999,0.842,0.998,0.967,-0.792,-0.985,-0.997,0.977,-0.931,0.998,0.506,0.994,-0.959,-0.999,-0.995,0.997,0.73,0.908,-0.999,0.977,-0.994,-0.431,-0.976,-0.599,-0.961,0.962,-0.951,0.9,-0.999,0.869,0.888,0.991,0.663,-0.974,0.959,0.965,-0.874,-0.984,-0.974,-0.992,-0.845,-0.992,-0.964,-0.985,0.923,-0.978,0.744,-0.999,-0.973,0.987,0.998,-0.977,0.999,-0.97,-0.98,-0.943,0.984,0.951,-0.99,0.991,-0.996,0.994,0.961,0.979,-0.994,9.032,5.419,9.978,10.024,10.11,10.138,10.148,10.109,7.053,5.713,9.907,10.018,7.546,7.27,9.956,10.094,EssenceCatalog/problems/csplib-prob010-SocialGolfers/params/3cb675d3002db59189db8f4f98a4b111.param
-0.984,-0.978,0.985,-0.981,-0.983,0.994,-0.62,0.99,0.984,-0.973,-0.825,0.992,-0.949,0.988,-0.942,-0.99,-0.966,0.89,0.367,0.612,0.975,-0.986,-0.993,-0.978,0.991,0.337,-0.624,-0.808,-0.936,0.991,-0.45,0.634,-0.94,0.964,0.694,-0.998,0.956,0.998,0.927,-0.566,-0.972,-0.996,0.862,-0.619,0.997,0.949,0.986,-0.915,-0.998,-0.992,0.997,0.576,0.894,-0.997,0.96,-0.99,0.446,-0.959,-0.009,-0.94,0.523,-0.9,0.72,-0.998,0.944,0.83,0.991,0.972,-0.928,0.907,0.94,-0.819,-0.929,-0.925,-0.97,-0.972,-0.991,-0.866,-0.962,0.945,-0.976,-0.468,-0.999,-0.917,0.989,0.978,-0.955,0.998,-0.975,-0.975,-0.927,0.976,0.907,-0.988,0.984,-0.994,0.986,0.942,0.972,-0.989,7.354,4.899,10.324,10.262,10.224,10.25,10.29,10.277,6.191,5.075,10.235,10.221,6.577,6.084,10.232,10.278,EssenceCatalog/problems/csplib-prob010-SocialGolfers/params/18227a3ee903af9b7f539f7e228029d7.param
-0.972,-0.986,0.982,-0.963,-0.972,0.992,-0.927,0.982,0.971,-0.961,-0.792,0.988,-0.925,0.989,-0.965,-0.965,-0.934,0.914,0.88,0.913,0.964,-0.976,-0.987,-0.962,0.991,-0.486,-0.103,-0.722,-0.954,0.986,0.764,0.449,-0.938,0.942,0.058,-0.996,0.972,0.998,0.841,-0.666,-0.954,-0.995,0.682,-0.342,0.994,0.975,0.98,-0.911,-0.997,-0.984,0.993,0.505,0.91,-0.996,0.932,-0.978,0.584,-0.938,-0.048,-0.927,-0.664,-0.875,0.657,-0.998,0.958,0.765,0.987,0.983,-0.856,0.842,0.894,-0.82,-0.843,-0.863,-0.899,-0.982,-0.987,-0.661,-0.911,0.953,-0.952,-0.759,-0.998,-0.875,0.985,0.745,-0.919,0.996,-0.976,-0.961,-0.867,0.947,0.874,-0.98,0.978,-0.99,0.968,0.906,0.95,-0.984,5.84,4.476,10.385,10.308,10.22,10.246,10.282,10.308,5.426,4.622,10.348,10.228,5.769,5.264,10.313,10.292,EssenceCatalog/problems/csplib-prob010-SocialGolfers/params/ec0a5673c04f635f07ff85f53e0bcf7a.param
-0.993,-0.972,0.98,-0.992,-0.991,0.994,0.975,0.996,0.988,-0.991,-0.987,0.976,-0.943,0.994,-0.887,-0.96,-0.211,0.585,-0.356,-0.984,0.952,-0.989,-0.995,-0.859,0.995,0.992,-0.973,-0.91,-0.986,0.998,-0.936,0.982,-0.962,0.979,0.964,-0.998,0.781,0.998,0.976,-0.983,-0.995,-0.998,0.972,-0.988,0.994,0.914,0.999,-0.986,-0.998,-0.98,0.996,0.982,0.947,-0.999,0.801,-0.989,-0.993,-0.911,-0.973,-0.923,0.71,-0.995,0.965,-0.999,0.987,0.991,0.988,0.98,-0.972,0.958,0.979,-0.971,-0.992,-0.967,-0.988,-0.986,-0.991,-0.922,-0.91,0.978,-0.822,0.991,-0.999,-0.991,0.99,0.948,-0.973,0.999,-0.969,-0.988,-0.987,0.957,0.976,-0.987,0.995,-0.997,0.983,0.97,0.947,-0.997,9.346,5.682,10.255,10.222,10.25,10.276,10.264,10.235,7.34,5.986,10.258,10.196,7.781,7.7,10.26,10.243,EssenceCatalog/problems/csplib-prob010-SocialGolfers/params/5547042f1c9a1728ddff0060e154bda8.param
-0.965,-0.98,0.959,-0.953,-0.947,0.987,-0.891,0.981,0.96,-0.973,-0.931,0.959,-0.747,0.992,-0.965,-0.506,-0.481,0.884,0.959,0.785,0.947,-0.968,-0.989,-0.776,0.993,0.194,-0.622,-0.582,-0.964,0.982,0.965,0.81,-0.929,0.921,0.077,-0.993,0.96,0.997,0.716,-0.901,-0.973,-0.994,0.542,-0.822,0.989,0.965,0.987,-0.953,-0.993,-0.939,0.987,0.79,0.96,-0.997,0.753,-0.948,-0.759,-0.814,-0.669,-0.869,-0.973,-0.959,0.87,-0.997,0.968,0.876,0.979,0.982,-0.797,0.832,0.877,-0.937,-0.902,-0.755,-0.847,-0.976,-0.984,-0.421,-0.726,0.966,-0.742,0.466,-0.997,-0.957,0.973,-0.576,-0.84,0.997,-0.962,-0.963,-0.793,0.877,0.884,-0.96,0.975,-0.987,0.897,0.896,0.884,-0.988,6.144,4.952,10.359,10.34,10.33,10.307,10.313,10.363,5.806,5.089,10.388,10.329,6.087,5.969,10.345,10.299,EssenceCatalog/problems/csplib-prob010-SocialGolfers/params/b19e911a4b1ae9864c36275a33d0d846.param
-0.968,-0.978,0.953,-0.956,-0.95,0.987,-0.852,0.982,0.958,-0.976,-0.94,0.955,-0.714,0.992,-0.963,-0.477,-0.352,0.878,0.96,0.724,0.946,-0.968,-0.989,-0.734,0.993,0.323,-0.669,-0.604,-0.961,0.984,0.967,0.83,-0.924,0.929,0.058,-0.993,0.956,0.997,0.718,-0.92,-0.975,-0.994,0.573,-0.857,0.988,0.96,0.989,-0.959,-0.994,-0.935,0.987,0.812,0.962,-0.998,0.733,-0.946,-0.816,-0.812,-0.736,-0.87,-0.977,-0.964,0.886,-0.997,0.969,0.888,0.978,0.98,-0.798,0.832,0.867,-0.947,-0.914,-0.76,-0.857,-0.975,-0.984,-0.426,-0.701,0.964,-0.692,0.571,-0.998,-0.959,0.969,-0.609,-0.853,0.997,-0.958,-0.964,-0.799,0.874,0.891,-0.957,0.976,-0.987,0.896,0.899,0.874,-0.989,6.229,4.999,10.335,10.334,10.338,10.31,10.313,10.368,5.866,5.14,10.367,10.328,6.138,6.068,10.326,10.291,EssenceCatalog/problems/csplib-prob010-SocialGolfers/params/39002562febaca11bbae22c5d0d7b025.param
-0.972,-0.981,0.963,-0.964,-0.957,0.988,-0.603,0.985,0.959,-0.982,-0.959,0.944,-0.777,0.993,-0.956,-0.411,-0.175,0.823,0.928,0.284,0.943,-0.971,-0.992,-0.688,0.993,0.73,-0.834,-0.615,-0.975,0.99,0.924,0.904,-0.928,0.933,0.503,-0.993,0.942,0.997,0.8,-0.942,-0.983,-0.994,0.685,-0.931,0.989,0.958,0.992,-0.966,-0.994,-0.927,0.989,0.896,0.963,-0.998,0.658,-0.951,-0.945,-0.769,-0.848,-0.85,-0.955,-0.978,0.917,-0.998,0.977,0.943,0.979,0.983,-0.838,0.856,0.904,-0.956,-0.944,-0.795,-0.898,-0.979,-0.986,-0.525,-0.701,0.969,-0.606,0.861,-0.998,-0.975,0.974,-0.427,-0.864,0.997,-0.954,-0.972,-0.872,0.88,0.913,-0.962,0.979,-0.988,0.898,0.912,0.87,-0.991,6.893,5.247,10.369,10.366,10.36,10.352,10.348,10.401,6.249,5.414,10.407,10.344,6.535,6.56,10.362,10.305,EssenceCatalog/problems/csplib-prob010-SocialGolfers/params/98c40fbcdabdecee4c5f022562b9f804.param
-0.995,-0.985,0.99,-0.995,-0.996,0.996,0.992,0.998,0.994,-0.992,-0.99,0.991,-0.977,0.993,-0.868,-0.988,-0.755,0.738,-0.893,-0.992,0.965,-0.995,-0.997,-0.961,0.997,0.995,-0.989,-0.957,-0.991,0.998,-0.993,0.987,-0.975,0.988,0.99,-0.999,0.823,0.998,0.989,-0.982,-0.996,-0.999,0.988,-0.991,0.997,0.938,0.999,-0.986,-0.999,-0.99,0.998,0.983,0.953,-0.999,0.942,-0.995,-0.993,-0.96,-0.974,-0.95,0.971,-0.996,0.981,-1.0,0.989,0.992,0.991,0.988,-0.989,0.976,0.989,-0.967,-0.995,-0.986,-0.993,-0.988,-0.995,-0.976,-0.968,0.979,-0.954,0.993,-1.0,-0.993,0.994,0.989,-0.978,1.0,-0.978,-0.993,-0.992,0.979,0.983,-0.992,0.996,-0.998,0.992,0.984,0.98,-0.997,9.608,5.772,10.435,10.363,10.414,10.446,10.422,10.371,7.492,6.079,10.402,10.371,7.968,7.79,10.424,10.414,EssenceCatalog/problems/csplib-prob010-SocialGolfers/params/f08d945e9f73ef738962aa955402334d.param
-0.995,-0.975,0.984,-0.995,-0.995,0.996,0.992,0.997,0.993,-0.992,-0.99,0.988,-0.964,0.994,-0.861,-0.986,-0.603,0.678,-0.816,-0.993,0.96,-0.993,-0.996,-0.938,0.996,0.995,-0.985,-0.948,-0.987,0.998,-0.99,0.986,-0.971,0.987,0.985,-0.999,0.772,0.998,0.987,-0.984,-0.996,-0.998,0.986,-0.99,0.996,0.908,0.999,-0.986,-0.998,-0.989,0.998,0.983,0.948,-0.999,0.911,-0.994,-0.993,-0.951,-0.976,-0.943,0.95,-0.996,0.977,-0.999,0.987,0.991,0.99,0.981,-0.986,0.972,0.987,-0.97,-0.995,-0.983,-0.992,-0.984,-0.993,-0.965,-0.958,0.978,-0.926,0.993,-1.0,-0.993,0.992,0.986,-0.979,1.0,-0.974,-0.992,-0.991,0.975,0.982,-0.99,0.996,-0.998,0.991,0.98,0.972,-0.997,9.556,5.744,10.366,10.307,10.357,10.387,10.364,10.315,7.456,6.052,10.342,10.308,7.922,7.766,10.362,10.355,EssenceCatalog/problems/csplib-prob010-SocialGolfers/params/45c6cebfa8dc5d38095c8fdb2b4a1767.param
-0.965,-0.979,0.957,-0.952,-0.958,0.987,-0.947,0.98,0.96,-0.971,-0.916,0.972,-0.744,0.992,-0.973,-0.683,-0.656,0.919,0.973,0.909,0.953,-0.969,-0.987,-0.84,0.994,-0.301,-0.319,-0.643,-0.951,0.975,0.977,0.712,-0.934,0.931,-0.355,-0.993,0.967,0.997,0.68,-0.884,-0.966,-0.994,0.499,-0.682,0.99,0.968,0.985,-0.951,-0.994,-0.955,0.988,0.656,0.957,-0.997,0.832,-0.953,-0.328,-0.874,-0.546,-0.901,-0.979,-0.949,0.831,-0.997,0.963,0.8,0.982,0.981,-0.793,0.822,0.856,-0.927,-0.877,-0.768,-0.826,-0.974,-0.984,-0.418,-0.768,0.964,-0.828,-0.113,-0.998,-0.938,0.973,-0.61,-0.863,0.997,-0.968,-0.959,-0.736,0.898,0.871,-0.958,0.975,-0.988,0.914,0.901,0.907,-0.987,5.565,4.66,10.344,10.311,10.302,10.273,10.289,10.329,5.424,4.796,10.372,10.294,5.716,5.464,10.331,10.289,EssenceCatalog/problems/csplib-prob010-SocialGolfers/params/3b7f19052375307398fdba7e1a5062b0.param
-0.97,-0.985,0.974,-0.96,-0.975,0.992,-0.975,0.982,0.967,-0.963,-0.87,0.989,-0.869,0.993,-0.979,-0.928,-0.909,0.947,0.974,0.967,0.962,-0.975,-0.985,-0.942,0.994,-0.786,0.306,-0.769,-0.948,0.975,0.966,0.432,-0.951,0.951,-0.635,-0.995,0.977,0.998,0.759,-0.836,-0.951,-0.995,0.554,-0.267,0.992,0.979,0.982,-0.943,-0.996,-0.98,0.992,0.409,0.942,-0.997,0.928,-0.97,0.662,-0.943,-0.276,-0.943,-0.958,-0.908,0.727,-0.998,0.964,0.691,0.989,0.984,-0.834,0.836,0.873,-0.895,-0.835,-0.844,-0.841,-0.981,-0.986,-0.552,-0.866,0.966,-0.94,-0.83,-0.998,-0.89,0.982,-0.191,-0.92,0.997,-0.98,-0.956,-0.777,0.936,0.875,-0.973,0.979,-0.99,0.954,0.911,0.947,-0.985,5.1,4.308,10.352,10.307,10.267,10.28,10.266,10.277,5.073,4.448,10.352,10.248,5.373,4.915,10.315,10.317,EssenceCatalog/problems/csplib-prob010-SocialGolfers/params/38821fd9370b51c0fe558b3d3bb5f4f6.param
-0.966,-0.977,0.954,-0.954,-0.952,0.987,-0.901,0.981,0.959,-0.972,-0.918,0.964,-0.727,0.992,-0.965,-0.62,-0.492,0.895,0.967,0.829,0.947,-0.967,-0.987,-0.802,0.993,0.01,-0.48,-0.628,-0.954,0.981,0.97,0.754,-0.924,0.93,-0.182,-0.993,0.961,0.997,0.706,-0.897,-0.968,-0.994,0.538,-0.764,0.988,0.963,0.986,-0.952,-0.994,-0.947,0.987,0.738,0.956,-0.997,0.788,-0.949,-0.587,-0.849,-0.621,-0.887,-0.976,-0.953,0.845,-0.997,0.967,0.843,0.979,0.98,-0.785,0.822,0.854,-0.934,-0.889,-0.757,-0.836,-0.975,-0.982,-0.404,-0.729,0.962,-0.769,0.202,-0.998,-0.944,0.97,-0.55,-0.86,0.996,-0.963,-0.959,-0.775,0.884,0.878,-0.956,0.976,-0.988,0.908,0.894,0.886,-0.987,5.876,4.81,10.332,10.31,10.3,10.272,10.284,10.337,5.627,4.948,10.357,10.298,5.907,5.742,10.315,10.276,EssenceCatalog/problems/csplib-prob010-SocialGolfers/params/b96db2a0c75e8b0d5f46f523fe6e0aa4.param
-0.964,-0.979,0.958,-0.952,-0.964,0.988,-0.96,0.981,0.96,-0.972,-0.926,0.976,-0.746,0.993,-0.978,-0.707,-0.709,0.932,0.979,0.934,0.956,-0.971,-0.987,-0.848,0.994,-0.467,-0.176,-0.675,-0.949,0.972,0.983,0.696,-0.941,0.939,-0.523,-0.993,0.969,0.998,0.679,-0.897,-0.966,-0.994,0.471,-0.638,0.99,0.971,0.984,-0.955,-0.995,-0.958,0.989,0.604,0.958,-0.997,0.852,-0.952,-0.166,-0.891,-0.554,-0.912,-0.984,-0.951,0.833,-0.997,0.965,0.78,0.984,0.982,-0.801,0.821,0.859,-0.933,-0.875,-0.778,-0.822,-0.975,-0.985,-0.44,-0.777,0.967,-0.849,-0.298,-0.998,-0.936,0.974,-0.722,-0.874,0.997,-0.97,-0.96,-0.712,0.908,0.871,-0.957,0.975,-0.988,0.917,0.912,0.92,-0.987,5.363,4.574,10.35,10.317,10.321,10.285,10.3,10.33,5.299,4.711,10.385,10.3,5.595,5.306,10.346,10.306,EssenceCatalog/problems/csplib-prob010-SocialGolfers/params/6d5a4104066b80d50cf17762e4aed8a2.param
-0.969,-0.979,0.956,-0.959,-0.95,0.987,-0.788,0.983,0.959,-0.977,-0.947,0.95,-0.731,0.992,-0.96,-0.435,-0.273,0.86,0.952,0.6,0.944,-0.968,-0.99,-0.711,0.993,0.503,-0.743,-0.602,-0.967,0.986,0.957,0.861,-0.924,0.93,0.233,-0.993,0.952,0.997,0.748,-0.929,-0.978,-0.994,0.61,-0.891,0.988,0.958,0.99,-0.962,-0.994,-0.931,0.987,0.851,0.963,-0.998,0.7,-0.947,-0.885,-0.792,-0.781,-0.861,-0.972,-0.969,0.899,-0.998,0.972,0.912,0.978,0.981,-0.811,0.84,0.88,-0.951,-0.925,-0.77,-0.871,-0.977,-0.984,-0.453,-0.693,0.966,-0.653,0.713,-0.998,-0.966,0.971,-0.563,-0.854,0.997,-0.957,-0.967,-0.828,0.872,0.9,-0.959,0.977,-0.987,0.893,0.901,0.87,-0.989,6.471,5.099,10.345,10.346,10.349,10.326,10.326,10.381,6.012,5.247,10.379,10.337,6.285,6.257,10.337,10.297,EssenceCatalog/problems/csplib-prob010-SocialGolfers/params/7a3507ffc71a685a7ffa520283d34577.param
-0.966,-0.983,0.964,-0.954,-0.94,0.988,-0.855,0.981,0.961,-0.971,-0.926,0.957,-0.781,0.991,-0.961,-0.479,-0.458,0.864,0.943,0.703,0.945,-0.969,-0.989,-0.769,0.993,0.346,-0.705,-0.561,-0.97,0.986,0.95,0.826,-0.927,0.917,0.304,-0.993,0.958,0.997,0.74,-0.898,-0.974,-0.993,0.566,-0.85,0.989,0.966,0.988,-0.951,-0.993,-0.935,0.986,0.84,0.961,-0.997,0.726,-0.951,-0.839,-0.795,-0.678,-0.857,-0.963,-0.957,0.877,-0.997,0.972,0.902,0.979,0.984,-0.801,0.837,0.888,-0.936,-0.906,-0.762,-0.853,-0.979,-0.984,-0.427,-0.725,0.967,-0.728,0.603,-0.997,-0.96,0.975,-0.464,-0.835,0.997,-0.963,-0.961,-0.827,0.864,0.89,-0.965,0.976,-0.986,0.895,0.89,0.874,-0.987,6.394,5.048,10.375,10.349,10.329,10.317,10.319,10.372,5.951,5.189,10.402,10.332,6.239,6.145,10.356,10.302,EssenceCatalog/problems/csplib-prob010-SocialGolfers/params/2ff98ef1567b1f9e43e03c2b7b03786c.param
-0.965,-0.983,0.969,-0.956,-0.98,0.99,-0.981,0.981,0.963,-0.974,-0.929,0.987,-0.824,0.995,-0.986,-0.87,-0.877,0.956,0.986,0.972,0.963,-0.974,-0.988,-0.914,0.995,-0.803,0.366,-0.769,-0.945,0.964,0.987,0.558,-0.956,0.958,-0.791,-0.994,0.974,0.998,0.733,-0.907,-0.963,-0.995,0.469,-0.361,0.992,0.979,0.982,-0.958,-0.996,-0.973,0.993,0.349,0.954,-0.997,0.917,-0.962,0.569,-0.94,-0.437,-0.946,-0.985,-0.944,0.788,-0.998,0.967,0.706,0.989,0.985,-0.837,0.818,0.876,-0.929,-0.858,-0.826,-0.822,-0.978,-0.988,-0.561,-0.834,0.973,-0.922,-0.79,-0.998,-0.915,0.98,-0.745,-0.916,0.997,-0.977,-0.962,-0.698,0.942,0.874,-0.963,0.976,-0.99,0.941,0.932,0.953,-0.988,4.933,4.322,10.359,10.327,10.324,10.329,10.295,10.29,5.015,4.461,10.382,10.285,5.311,4.899,10.348,10.348,EssenceCatalog/problems/csplib-prob010-SocialGolfers/params/3756d48847ddf0d87a9f816c5a6bcf5c.param
-0.978,-0.982,0.984,-0.973,-0.967,0.991,-0.405,0.987,0.975,-0.968,-0.797,0.982,-0.94,0.986,-0.939,-0.958,-0.835,0.792,0.56,0.335,0.958,-0.978,-0.991,-0.953,0.99,0.571,-0.698,-0.734,-0.965,0.994,-0.054,0.717,-0.918,0.935,0.759,-0.996,0.95,0.997,0.898,-0.651,-0.968,-0.995,0.823,-0.703,0.994,0.966,0.987,-0.908,-0.997,-0.983,0.993,0.799,0.895,-0.997,0.881,-0.984,-0.326,-0.915,-0.21,-0.902,0.164,-0.917,0.721,-0.998,0.969,0.906,0.984,0.98,-0.877,0.876,0.924,-0.833,-0.909,-0.869,-0.94,-0.982,-0.987,-0.74,-0.911,0.947,-0.917,0.075,-0.998,-0.925,0.986,0.93,-0.921,0.996,-0.972,-0.965,-0.925,0.942,0.891,-0.981,0.98,-0.991,0.971,0.909,0.939,-0.988,7.602,5.104,10.353,10.269,10.211,10.243,10.283,10.298,6.395,5.291,10.305,10.216,6.79,6.454,10.268,10.251,EssenceCatalog/problems/csplib-prob010-SocialGolfers/params/ddd07084685e31b1659ca92227c9165e.param
-0.968,-0.984,0.969,-0.957,-0.977,0.991,-0.983,0.981,0.966,-0.968,-0.906,0.989,-0.836,0.994,-0.983,-0.898,-0.904,0.955,0.983,0.975,0.964,-0.976,-0.987,-0.925,0.995,-0.815,0.341,-0.767,-0.944,0.966,0.982,0.49,-0.956,0.955,-0.74,-0.995,0.976,0.998,0.714,-0.88,-0.957,-0.995,0.497,-0.318,0.992,0.978,0.982,-0.952,-0.996,-0.977,0.992,0.366,0.953,-0.997,0.925,-0.966,0.626,-0.942,-0.363,-0.946,-0.979,-0.928,0.77,-0.998,0.964,0.68,0.989,0.984,-0.837,0.834,0.879,-0.916,-0.848,-0.838,-0.826,-0.978,-0.987,-0.55,-0.854,0.972,-0.935,-0.808,-0.998,-0.908,0.982,-0.581,-0.916,0.997,-0.98,-0.959,-0.712,0.937,0.878,-0.97,0.978,-0.99,0.946,0.923,0.951,-0.986,4.962,4.305,10.346,10.315,10.297,10.308,10.28,10.28,5.019,4.443,10.362,10.266,5.314,4.88,10.326,10.334,EssenceCatalog/problems/csplib-prob010-SocialGolfers/params/45c3df5dd995a6b83cbc02475b9d574d.param
-0.966,-0.979,0.956,-0.953,-0.95,0.987,-0.91,0.981,0.959,-0.972,-0.924,0.963,-0.731,0.992,-0.967,-0.566,-0.506,0.897,0.966,0.835,0.948,-0.968,-0.988,-0.789,0.993,0.029,-0.54,-0.609,-0.958,0.981,0.972,0.777,-0.927,0.927,-0.107,-0.993,0.963,0.997,0.695,-0.9,-0.97,-0.994,0.525,-0.786,0.988,0.964,0.986,-0.954,-0.994,-0.944,0.986,0.757,0.959,-0.997,0.78,-0.949,-0.66,-0.838,-0.643,-0.88,-0.977,-0.955,0.86,-0.997,0.967,0.853,0.979,0.981,-0.788,0.825,0.86,-0.937,-0.894,-0.757,-0.839,-0.975,-0.983,-0.404,-0.729,0.964,-0.762,0.286,-0.997,-0.949,0.971,-0.607,-0.85,0.997,-0.963,-0.96,-0.772,0.878,0.88,-0.957,0.975,-0.987,0.901,0.895,0.886,-0.987,5.93,4.854,10.345,10.322,10.313,10.285,10.295,10.347,5.671,4.989,10.373,10.313,5.95,5.799,10.33,10.286,EssenceCatalog/problems/csplib-prob010-SocialGolfers/params/9a316310672c7495b642ec3742b3e635.param
-0.991,0.995,-0.984,-0.992,-0.982,0.982,-0.931,0.984,0.991,-0.98,-0.989,0.978,0.992,0.994,-0.931,-0.95,-0.74,0.983,0.983,0.923,0.964,-0.989,-0.987,0.599,0.997,0.946,-0.791,-0.891,0.99,-0.844,0.826,0.737,-0.932,0.981,-0.963,-0.998,0.569,0.999,-0.45,-0.931,-0.989,-0.997,0.954,-0.977,0.994,-0.992,0.994,-0.978,-0.998,-0.985,0.997,-0.782,0.979,-0.999,0.958,-0.971,0.522,-0.949,-0.936,-0.976,-0.985,-0.983,0.964,-0.998,-0.941,-0.885,0.984,-0.992,-0.964,0.969,0.889,-0.966,-0.987,-0.929,-0.984,0.987,-0.993,-0.773,-0.967,0.842,-0.731,0.975,-0.998,-0.991,0.965,0.801,-0.923,0.999,-0.903,-0.982,0.878,0.961,0.941,-0.911,0.986,-0.994,0.983,0.974,0.9,-0.996,4.482,3.642,5.048,10.228,10.537,10.405,10.559,10.767,4.388,3.859,5.097,10.153,4.933,4.599,6.132,10.148,EssenceCatalog/problems/csplib-prob010-SocialGolfers/params/2fd66c494d39f150720bfecda2a42e2b.param
-0.964,-0.979,0.957,-0.951,-0.947,0.987,-0.929,0.98,0.961,-0.97,-0.919,0.966,-0.743,0.992,-0.968,-0.576,-0.591,0.902,0.964,0.863,0.95,-0.97,-0.988,-0.803,0.993,-0.041,-0.531,-0.588,-0.959,0.979,0.971,0.764,-0.931,0.921,-0.073,-0.993,0.964,0.997,0.686,-0.887,-0.969,-0.994,0.508,-0.771,0.989,0.965,0.986,-0.95,-0.994,-0.945,0.987,0.746,0.96,-0.997,0.789,-0.951,-0.628,-0.838,-0.596,-0.881,-0.975,-0.951,0.854,-0.997,0.965,0.842,0.98,0.982,-0.794,0.833,0.871,-0.932,-0.889,-0.762,-0.837,-0.975,-0.984,-0.405,-0.755,0.966,-0.789,0.249,-0.997,-0.95,0.974,-0.576,-0.842,0.997,-0.966,-0.959,-0.763,0.88,0.877,-0.962,0.975,-0.987,0.903,0.895,0.892,-0.986,5.902,4.836,10.358,10.33,10.313,10.289,10.301,10.35,5.65,4.968,10.385,10.318,5.935,5.757,10.341,10.296,EssenceCatalog/problems/csplib-prob010-SocialGolfers/params/386fe7542d76233ca328a96be2cd6e9e.param
-0.985,0.999,-0.997,-0.994,-0.965,0.986,-0.983,0.986,0.987,-0.896,-0.984,0.99,0.996,0.988,-0.7,-0.982,-0.955,0.987,0.987,0.988,0.963,-0.992,-0.924,0.903,0.995,0.625,-0.41,-0.969,0.998,-0.99,0.916,-0.557,-0.922,0.989,-0.996,-0.998,0.389,0.999,-0.966,-0.882,-0.961,-0.997,0.968,-0.96,0.988,-0.998,0.993,-0.976,-0.998,-0.992,0.991,-0.951,0.978,-0.999,0.979,-0.979,0.975,-0.978,-0.942,-0.991,-0.992,-0.92,0.961,-0.998,-0.992,-0.99,0.989,-0.999,-0.968,0.974,0.301,-0.961,-0.987,-0.922,-0.983,0.998,-0.986,-0.867,-0.981,0.556,-0.891,0.9,-0.998,-0.971,0.817,0.896,-0.967,0.999,-0.918,-0.941,0.982,0.915,0.956,-0.89,0.986,-0.996,0.986,0.972,0.867,-0.985,3.903,3.263,4.459,9.999,10.193,10.07,10.288,10.56,3.907,3.448,4.508,9.881,4.529,4.08,5.525,9.883,EssenceCatalog/problems/csplib-prob010-SocialGolfers/params/ord09-19-10-2.param
-0.993,0.998,-0.991,-0.993,-0.99,0.978,-0.875,0.98,0.99,-0.987,-0.986,0.982,0.996,0.996,-0.875,-0.982,-0.763,0.989,0.974,0.93,0.976,-0.993,-0.988,0.41,0.995,0.965,-0.744,-0.887,0.997,-0.847,0.745,0.596,-0.838,0.988,-0.957,-0.999,0.423,0.999,-0.396,-0.894,-0.99,-0.997,0.965,-0.975,0.997,-0.998,0.994,-0.977,-0.999,-0.988,0.999,-0.932,0.972,-0.999,0.981,-0.98,0.842,-0.975,-0.9,-0.985,-0.975,-0.979,0.969,-0.998,-0.968,-0.928,0.982,-0.998,-0.963,0.953,0.768,-0.958,-0.989,-0.931,-0.989,0.992,-0.994,-0.878,-0.985,0.66,-0.697,0.973,-0.999,-0.987,0.951,0.971,-0.93,0.998,-0.858,-0.989,0.902,0.977,0.949,-0.857,0.985,-0.995,0.99,0.977,0.899,-0.996,4.443,3.541,4.901,10.159,10.476,10.366,10.523,10.725,4.319,3.78,4.924,10.074,4.882,4.516,5.998,10.088,EssenceCatalog/problems/csplib-prob010-SocialGolfers/params/ord27-5-10-5.param
-0.975,-0.987,0.987,-0.967,-0.977,0.993,-0.898,0.983,0.974,-0.966,-0.792,0.99,-0.949,0.989,-0.962,-0.982,-0.961,0.913,0.789,0.886,0.969,-0.978,-0.99,-0.974,0.99,-0.372,-0.194,-0.739,-0.954,0.987,0.472,0.465,-0.941,0.95,0.305,-0.996,0.97,0.998,0.887,-0.583,-0.96,-0.995,0.731,-0.326,0.996,0.973,0.98,-0.903,-0.997,-0.987,0.995,0.444,0.894,-0.996,0.95,-0.983,0.667,-0.949,0.061,-0.932,-0.3,-0.866,0.64,-0.998,0.954,0.781,0.988,0.984,-0.884,0.85,0.912,-0.797,-0.859,-0.887,-0.928,-0.982,-0.988,-0.766,-0.937,0.951,-0.969,-0.785,-0.998,-0.87,0.987,0.897,-0.932,0.997,-0.976,-0.969,-0.902,0.962,0.886,-0.984,0.978,-0.991,0.977,0.922,0.963,-0.985,6.149,4.523,10.37,10.28,10.19,10.225,10.262,10.274,5.56,4.672,10.311,10.201,5.917,5.377,10.287,10.273,EssenceCatalog/problems/csplib-prob010-SocialGolfers/params/1ee71447f3e5b8985af1a3742c03bac8.param
-0.969,-0.984,0.968,-0.96,-0.948,0.988,-0.699,0.983,0.961,-0.977,-0.941,0.948,-0.812,0.992,-0.956,-0.444,-0.321,0.821,0.919,0.419,0.943,-0.969,-0.991,-0.742,0.993,0.639,-0.793,-0.573,-0.977,0.99,0.914,0.875,-0.927,0.919,0.538,-0.993,0.95,0.997,0.794,-0.915,-0.979,-0.994,0.647,-0.901,0.989,0.965,0.99,-0.955,-0.993,-0.931,0.987,0.888,0.96,-0.997,0.677,-0.954,-0.919,-0.765,-0.766,-0.845,-0.942,-0.968,0.895,-0.998,0.976,0.935,0.978,0.985,-0.823,0.85,0.904,-0.943,-0.927,-0.777,-0.877,-0.981,-0.985,-0.493,-0.716,0.969,-0.672,0.795,-0.998,-0.969,0.977,-0.306,-0.848,0.997,-0.96,-0.967,-0.87,0.87,0.902,-0.967,0.977,-0.987,0.898,0.899,0.873,-0.989,6.822,5.202,10.386,10.365,10.344,10.342,10.34,10.392,6.196,5.363,10.414,10.339,6.493,6.464,10.367,10.307,EssenceCatalog/problems/csplib-prob010-SocialGolfers/params/5aeed09b2ec0188b34b3ac3de4fdd857.param
-0.995,-0.992,0.994,-0.996,-0.997,0.997,0.984,0.998,0.995,-0.993,-0.989,0.995,-0.987,0.994,-0.875,-0.991,-0.919,0.856,-0.935,-0.983,0.98,-0.996,-0.998,-0.981,0.998,0.993,-0.989,-0.965,-0.993,0.998,-0.992,0.982,-0.977,0.991,0.994,-0.999,0.923,0.999,0.991,-0.973,-0.997,-0.999,0.99,-0.989,0.999,0.961,0.999,-0.986,-0.999,-0.994,0.999,0.974,0.962,-0.999,0.973,-0.997,-0.986,-0.975,-0.954,-0.963,0.982,-0.996,0.981,-1.0,0.99,0.99,0.995,0.991,-0.991,0.981,0.989,-0.956,-0.996,-0.988,-0.994,-0.989,-0.997,-0.984,-0.982,0.981,-0.979,0.989,-1.0,-0.993,0.997,0.994,-0.979,1.0,-0.985,-0.994,-0.991,0.985,0.98,-0.994,0.996,-0.998,0.994,0.988,0.988,-0.998,9.649,5.801,10.518,10.434,10.484,10.52,10.497,10.447,7.525,6.107,10.472,10.448,8.012,7.808,10.496,10.488,EssenceCatalog/problems/csplib-prob010-SocialGolfers/params/4091d98f360cdbcc25cc0cd734c123d3.param
-0.973,-0.983,0.975,-0.966,-0.957,0.988,-0.3,0.983,0.961,-0.977,-0.916,0.947,-0.861,0.991,-0.945,-0.68,-0.251,0.736,0.854,-0.001,0.939,-0.968,-0.991,-0.818,0.991,0.78,-0.793,-0.607,-0.975,0.993,0.733,0.861,-0.916,0.919,0.665,-0.993,0.939,0.997,0.839,-0.888,-0.979,-0.993,0.742,-0.884,0.989,0.963,0.991,-0.946,-0.994,-0.948,0.989,0.891,0.941,-0.997,0.676,-0.963,-0.893,-0.797,-0.707,-0.847,-0.807,-0.967,0.855,-0.998,0.979,0.944,0.976,0.982,-0.827,0.844,0.905,-0.92,-0.93,-0.789,-0.896,-0.982,-0.984,-0.582,-0.74,0.963,-0.683,0.782,-0.998,-0.964,0.976,0.344,-0.879,0.996,-0.958,-0.966,-0.909,0.885,0.902,-0.964,0.979,-0.989,0.925,0.891,0.874,-0.991,7.36,5.264,10.335,10.304,10.262,10.286,10.296,10.348,6.414,5.468,10.355,10.249,6.76,6.722,10.304,10.236,EssenceCatalog/problems/csplib-prob010-SocialGolfers/params/bcb8d02ebee4fd1a0b11d0dd733701b0.param
-0.995,-0.986,0.99,-0.996,-0.997,0.997,0.987,0.998,0.995,-0.992,-0.989,0.995,-0.98,0.993,-0.844,-0.991,-0.895,0.848,-0.935,-0.986,0.975,-0.996,-0.997,-0.976,0.997,0.993,-0.989,-0.965,-0.99,0.998,-0.992,0.981,-0.975,0.991,0.992,-0.999,0.901,0.998,0.989,-0.974,-0.996,-0.999,0.99,-0.989,0.998,0.939,0.998,-0.986,-0.999,-0.993,0.999,0.973,0.962,-0.999,0.97,-0.996,-0.987,-0.975,-0.962,-0.963,0.981,-0.996,0.982,-1.0,0.987,0.988,0.994,0.985,-0.99,0.98,0.987,-0.959,-0.996,-0.989,-0.993,-0.985,-0.996,-0.983,-0.98,0.978,-0.976,0.99,-1.0,-0.992,0.995,0.994,-0.979,1.0,-0.982,-0.993,-0.989,0.983,0.981,-0.993,0.996,-0.998,0.994,0.986,0.986,-0.998,9.637,5.791,10.491,10.412,10.465,10.5,10.477,10.427,7.514,6.098,10.447,10.427,8.0,7.8,10.472,10.468,EssenceCatalog/problems/csplib-prob010-SocialGolfers/params/9c230039b3a723177c0a1cc721d4dc70.param
-0.97,-0.984,0.968,-0.962,-0.953,0.988,-0.687,0.984,0.961,-0.98,-0.956,0.947,-0.806,0.993,-0.959,-0.383,-0.289,0.829,0.923,0.377,0.944,-0.97,-0.992,-0.715,0.993,0.679,-0.827,-0.579,-0.978,0.99,0.924,0.901,-0.933,0.924,0.552,-0.993,0.947,0.997,0.801,-0.931,-0.982,-0.994,0.658,-0.921,0.99,0.964,0.991,-0.962,-0.994,-0.927,0.989,0.894,0.963,-0.998,0.663,-0.952,-0.94,-0.758,-0.818,-0.84,-0.951,-0.975,0.912,-0.998,0.977,0.942,0.979,0.986,-0.837,0.856,0.912,-0.951,-0.938,-0.787,-0.889,-0.981,-0.987,-0.517,-0.714,0.971,-0.648,0.841,-0.998,-0.975,0.977,-0.431,-0.847,0.997,-0.958,-0.972,-0.871,0.878,0.908,-0.965,0.978,-0.987,0.894,0.909,0.877,-0.99,6.849,5.238,10.4,10.386,10.373,10.368,10.362,10.411,6.228,5.398,10.434,10.365,6.518,6.515,10.389,10.327,EssenceCatalog/problems/csplib-prob010-SocialGolfers/params/a63b5c28eb75f69e292b279727c8ed49.param
-0.972,-0.979,0.959,-0.963,-0.954,0.988,-0.658,0.984,0.959,-0.98,-0.956,0.946,-0.754,0.993,-0.956,-0.416,-0.18,0.834,0.936,0.376,0.943,-0.97,-0.991,-0.685,0.993,0.683,-0.814,-0.615,-0.972,0.989,0.936,0.894,-0.926,0.933,0.42,-0.993,0.945,0.997,0.784,-0.94,-0.981,-0.994,0.668,-0.924,0.988,0.956,0.992,-0.966,-0.994,-0.928,0.988,0.886,0.963,-0.998,0.668,-0.95,-0.933,-0.775,-0.834,-0.854,-0.962,-0.975,0.914,-0.998,0.975,0.935,0.979,0.982,-0.83,0.852,0.895,-0.956,-0.94,-0.789,-0.891,-0.978,-0.986,-0.5,-0.696,0.967,-0.61,0.833,-0.998,-0.972,0.972,-0.468,-0.863,0.997,-0.955,-0.97,-0.859,0.875,0.911,-0.961,0.979,-0.988,0.896,0.907,0.867,-0.991,6.775,5.208,10.356,10.357,10.357,10.343,10.339,10.395,6.185,5.369,10.393,10.34,6.464,6.481,10.349,10.3,EssenceCatalog/problems/csplib-prob010-SocialGolfers/params/b2243f466324a100f61fe33f8c206ebe.param
-0.995,-0.986,0.99,-0.996,-0.997,0.997,0.968,0.998,0.995,-0.991,-0.981,0.996,-0.979,0.993,-0.836,-0.994,-0.954,0.878,-0.943,-0.958,0.985,-0.996,-0.997,-0.985,0.997,0.989,-0.986,-0.961,-0.984,0.997,-0.992,0.967,-0.969,0.991,0.992,-0.999,0.926,0.999,0.988,-0.945,-0.995,-0.999,0.989,-0.983,0.999,0.931,0.998,-0.98,-0.999,-0.995,0.999,0.952,0.952,-0.999,0.978,-0.997,-0.955,-0.979,-0.898,-0.964,0.988,-0.992,0.969,-1.0,0.98,0.977,0.995,0.98,-0.99,0.979,0.987,-0.93,-0.995,-0.987,-0.994,-0.98,-0.997,-0.985,-0.988,0.976,-0.987,0.972,-1.0,-0.99,0.996,0.996,-0.98,1.0,-0.985,-0.993,-0.986,0.985,0.972,-0.995,0.996,-0.998,0.995,0.986,0.989,-0.998,9.608,5.772,10.481,10.399,10.452,10.487,10.467,10.416,7.491,6.075,10.431,10.415,7.979,7.763,10.456,10.455,EssenceCatalog/problems/csplib-prob010-SocialGolfers/params/95498073dd9fe89eae9b8431ea15cea0.param
-0.995,-0.992,0.994,-0.996,-0.997,0.997,0.987,0.998,0.995,-0.993,-0.99,0.994,-0.987,0.994,-0.888,-0.99,-0.881,0.822,-0.92,-0.988,0.975,-0.996,-0.998,-0.976,0.998,0.994,-0.99,-0.963,-0.994,0.998,-0.992,0.985,-0.979,0.99,0.993,-0.999,0.904,0.999,0.99,-0.979,-0.997,-0.999,0.989,-0.99,0.998,0.964,0.999,-0.986,-0.999,-0.992,0.999,0.981,0.963,-0.999,0.964,-0.997,-0.991,-0.97,-0.966,-0.958,0.977,-0.997,0.981,-1.0,0.992,0.992,0.994,0.993,-0.99,0.98,0.99,-0.963,-0.996,-0.988,-0.993,-0.991,-0.997,-0.981,-0.977,0.982,-0.973,0.992,-1.0,-0.994,0.996,0.992,-0.979,1.0,-0.984,-0.994,-0.992,0.983,0.982,-0.994,0.997,-0.998,0.994,0.987,0.986,-0.998,9.645,5.8,10.509,10.426,10.475,10.51,10.486,10.437,7.523,6.106,10.466,10.439,8.008,7.811,10.489,10.479,EssenceCatalog/problems/csplib-prob010-SocialGolfers/params/a54b2d405e1a1e1fd80e9341199dc4be.param
-0.965,-0.983,0.967,-0.955,-0.979,0.99,-0.982,0.981,0.963,-0.972,-0.931,0.987,-0.814,0.995,-0.986,-0.86,-0.874,0.956,0.987,0.974,0.962,-0.974,-0.987,-0.907,0.995,-0.815,0.373,-0.776,-0.944,0.961,0.988,0.556,-0.957,0.958,-0.803,-0.994,0.974,0.998,0.709,-0.909,-0.961,-0.995,0.462,-0.367,0.992,0.979,0.982,-0.959,-0.996,-0.973,0.992,0.37,0.956,-0.997,0.916,-0.961,0.56,-0.94,-0.461,-0.946,-0.987,-0.944,0.794,-0.998,0.967,0.701,0.989,0.985,-0.836,0.824,0.876,-0.932,-0.858,-0.825,-0.818,-0.977,-0.987,-0.55,-0.83,0.974,-0.923,-0.784,-0.998,-0.916,0.98,-0.781,-0.915,0.997,-0.978,-0.961,-0.684,0.936,0.876,-0.963,0.976,-0.99,0.938,0.931,0.953,-0.988,4.913,4.319,10.351,10.322,10.321,10.323,10.289,10.286,5.007,4.459,10.376,10.282,5.301,4.892,10.341,10.345,EssenceCatalog/problems/csplib-prob010-SocialGolfers/params/b1b4824cb343e70184a9ab0820acc471.param
-0.969,-0.974,0.952,-0.955,-0.942,0.987,-0.852,0.981,0.962,-0.966,-0.884,0.963,-0.736,0.99,-0.953,-0.674,-0.461,0.869,0.949,0.753,0.943,-0.968,-0.986,-0.814,0.992,0.2,-0.545,-0.62,-0.952,0.984,0.943,0.726,-0.914,0.923,0.041,-0.993,0.957,0.997,0.727,-0.869,-0.965,-0.994,0.591,-0.77,0.987,0.955,0.987,-0.943,-0.994,-0.949,0.985,0.78,0.952,-0.997,0.783,-0.954,-0.624,-0.843,-0.548,-0.882,-0.955,-0.941,0.819,-0.998,0.965,0.855,0.978,0.974,-0.782,0.833,0.856,-0.922,-0.886,-0.763,-0.839,-0.975,-0.98,-0.394,-0.742,0.957,-0.764,0.313,-0.998,-0.938,0.971,-0.168,-0.863,0.996,-0.964,-0.952,-0.806,0.87,0.88,-0.962,0.977,-0.988,0.916,0.873,0.869,-0.986,6.173,4.875,10.311,10.29,10.263,10.251,10.266,10.331,5.773,5.025,10.322,10.265,6.068,5.905,10.28,10.25,EssenceCatalog/problems/csplib-prob010-SocialGolfers/params/e6c80b6a60e1bcd21ef9876aa1173732.param
-0.968,-0.984,0.974,-0.957,-0.966,0.99,-0.958,0.98,0.966,-0.962,-0.851,0.984,-0.863,0.991,-0.973,-0.898,-0.871,0.926,0.956,0.941,0.959,-0.973,-0.986,-0.929,0.993,-0.581,-0.012,-0.696,-0.954,0.979,0.943,0.521,-0.942,0.936,-0.32,-0.995,0.972,0.998,0.757,-0.794,-0.954,-0.994,0.56,-0.415,0.992,0.975,0.981,-0.932,-0.996,-0.975,0.99,0.542,0.939,-0.997,0.904,-0.968,0.356,-0.919,-0.255,-0.922,-0.931,-0.91,0.725,-0.998,0.962,0.748,0.986,0.984,-0.816,0.832,0.874,-0.874,-0.841,-0.819,-0.839,-0.98,-0.985,-0.519,-0.856,0.962,-0.919,-0.646,-0.998,-0.903,0.982,0.051,-0.897,0.996,-0.976,-0.957,-0.796,0.926,0.862,-0.972,0.977,-0.988,0.946,0.899,0.933,-0.985,5.43,4.443,10.366,10.306,10.25,10.252,10.274,10.3,5.258,4.584,10.363,10.247,5.569,5.145,10.321,10.29,EssenceCatalog/problems/csplib-prob010-SocialGolfers/params/6154d4655d8956053e90f9a5c198041f.param
-0.97,-0.983,0.971,-0.959,-0.973,0.991,-0.972,0.981,0.967,-0.964,-0.867,0.988,-0.853,0.992,-0.977,-0.92,-0.895,0.943,0.971,0.962,0.962,-0.975,-0.985,-0.936,0.994,-0.731,0.203,-0.751,-0.945,0.975,0.962,0.465,-0.948,0.948,-0.579,-0.995,0.975,0.998,0.748,-0.827,-0.953,-0.995,0.559,-0.327,0.992,0.976,0.982,-0.941,-0.996,-0.979,0.992,0.434,0.942,-0.997,0.922,-0.969,0.596,-0.937,-0.279,-0.938,-0.954,-0.912,0.732,-0.998,0.961,0.693,0.988,0.983,-0.83,0.836,0.869,-0.891,-0.84,-0.837,-0.844,-0.98,-0.985,-0.534,-0.865,0.964,-0.933,-0.78,-0.998,-0.896,0.982,-0.122,-0.913,0.997,-0.978,-0.956,-0.77,0.934,0.871,-0.972,0.979,-0.99,0.952,0.909,0.943,-0.985,5.178,4.342,10.348,10.308,10.268,10.278,10.273,10.289,5.118,4.482,10.346,10.25,5.42,4.973,10.31,10.312,EssenceCatalog/problems/csplib-prob010-SocialGolfers/params/acfb2263c9df44ea53d2dd0dcc38266b.param
-0.969,-0.984,0.973,-0.959,-0.971,0.991,-0.954,0.981,0.966,-0.961,-0.847,0.986,-0.869,0.991,-0.973,-0.921,-0.877,0.928,0.959,0.942,0.959,-0.973,-0.985,-0.937,0.993,-0.629,0.104,-0.732,-0.95,0.979,0.939,0.475,-0.942,0.941,-0.416,-0.995,0.972,0.998,0.775,-0.797,-0.952,-0.995,0.59,-0.355,0.992,0.975,0.981,-0.933,-0.996,-0.978,0.991,0.504,0.934,-0.997,0.914,-0.969,0.505,-0.93,-0.244,-0.929,-0.924,-0.907,0.705,-0.998,0.962,0.731,0.986,0.983,-0.824,0.835,0.871,-0.874,-0.838,-0.831,-0.847,-0.98,-0.984,-0.537,-0.86,0.961,-0.926,-0.732,-0.998,-0.891,0.981,0.129,-0.911,0.996,-0.976,-0.956,-0.804,0.932,0.865,-0.972,0.978,-0.989,0.952,0.901,0.937,-0.985,5.364,4.392,10.357,10.303,10.247,10.254,10.268,10.292,5.21,4.534,10.348,10.241,5.519,5.075,10.309,10.294,EssenceCatalog/problems/csplib-prob010-SocialGolfers/params/e0ac6d7dda1329366168ad87c0e5c864.param
-0.964,-0.981,0.963,-0.953,-0.973,0.989,-0.973,0.981,0.961,-0.971,-0.925,0.983,-0.779,0.994,-0.982,-0.802,-0.799,0.946,0.984,0.959,0.959,-0.972,-0.987,-0.884,0.995,-0.691,0.126,-0.734,-0.945,0.968,0.986,0.621,-0.948,0.95,-0.706,-0.994,0.972,0.998,0.694,-0.903,-0.962,-0.995,0.465,-0.507,0.99,0.976,0.983,-0.957,-0.995,-0.967,0.991,0.498,0.957,-0.997,0.889,-0.957,0.251,-0.921,-0.503,-0.932,-0.986,-0.946,0.811,-0.997,0.966,0.738,0.986,0.984,-0.815,0.821,0.862,-0.933,-0.863,-0.804,-0.816,-0.976,-0.985,-0.484,-0.801,0.97,-0.891,-0.617,-0.998,-0.922,0.976,-0.753,-0.899,0.997,-0.974,-0.959,-0.7,0.923,0.873,-0.96,0.976,-0.99,0.928,0.92,0.937,-0.987,5.088,4.419,10.351,10.315,10.316,10.298,10.29,10.305,5.118,4.56,10.381,10.285,5.415,5.053,10.343,10.323,EssenceCatalog/problems/csplib-prob010-SocialGolfers/params/f7d7c81b3f2ec92bbde7111ddedcae50.param
-0.981,-0.982,0.974,-0.977,-0.973,0.991,0.227,0.989,0.967,-0.987,-0.972,0.944,-0.863,0.993,-0.942,-0.611,-0.028,0.722,0.797,-0.563,0.945,-0.977,-0.994,-0.712,0.994,0.929,-0.918,-0.714,-0.983,0.995,0.614,0.948,-0.936,0.948,0.801,-0.995,0.913,0.997,0.891,-0.961,-0.989,-0.995,0.838,-0.969,0.991,0.953,0.996,-0.975,-0.996,-0.942,0.992,0.95,0.961,-0.998,0.629,-0.966,-0.981,-0.781,-0.922,-0.865,-0.814,-0.987,0.937,-0.998,0.984,0.974,0.982,0.985,-0.896,0.894,0.941,-0.963,-0.971,-0.867,-0.946,-0.984,-0.989,-0.684,-0.758,0.973,-0.598,0.959,-0.999,-0.985,0.981,0.21,-0.911,0.998,-0.958,-0.979,-0.94,0.905,0.94,-0.973,0.986,-0.992,0.931,0.933,0.885,-0.994,7.865,5.463,10.358,10.345,10.319,10.344,10.35,10.397,6.702,5.708,10.409,10.292,7.061,7.136,10.357,10.274,EssenceCatalog/problems/csplib-prob010-SocialGolfers/params/3723b51f60efb5b5ee0d460fa7e24ad4.param
-0.964,-0.98,0.959,-0.95,-0.948,0.987,-0.935,0.98,0.961,-0.969,-0.915,0.968,-0.75,0.992,-0.969,-0.599,-0.617,0.905,0.965,0.876,0.951,-0.969,-0.988,-0.817,0.993,-0.098,-0.495,-0.593,-0.958,0.978,0.971,0.753,-0.931,0.921,-0.095,-0.993,0.965,0.997,0.683,-0.881,-0.969,-0.994,0.503,-0.752,0.99,0.966,0.985,-0.948,-0.994,-0.947,0.987,0.733,0.959,-0.997,0.802,-0.952,-0.577,-0.844,-0.574,-0.885,-0.974,-0.949,0.848,-0.997,0.964,0.836,0.981,0.982,-0.791,0.829,0.871,-0.929,-0.885,-0.764,-0.831,-0.975,-0.984,-0.407,-0.761,0.966,-0.801,0.188,-0.997,-0.948,0.975,-0.571,-0.844,0.996,-0.967,-0.959,-0.762,0.881,0.876,-0.962,0.975,-0.987,0.904,0.894,0.895,-0.986,5.847,4.805,10.361,10.327,10.306,10.284,10.297,10.344,5.611,4.936,10.386,10.312,5.899,5.703,10.341,10.294,EssenceCatalog/problems/csplib-prob010-SocialGolfers/params/35b2cebb4c3f392e80a578cd3890e297.param
-0.976,-0.981,0.98,-0.971,-0.967,0.991,-0.6,0.985,0.97,-0.964,-0.784,0.981,-0.921,0.987,-0.949,-0.95,-0.808,0.823,0.791,0.573,0.953,-0.974,-0.988,-0.947,0.99,0.27,-0.501,-0.728,-0.957,0.993,0.444,0.604,-0.92,0.938,0.471,-0.995,0.952,0.997,0.874,-0.698,-0.961,-0.994,0.77,-0.59,0.992,0.966,0.985,-0.919,-0.996,-0.979,0.992,0.747,0.901,-0.997,0.877,-0.98,-0.095,-0.921,-0.158,-0.912,-0.379,-0.902,0.69,-0.998,0.971,0.88,0.984,0.976,-0.847,0.856,0.899,-0.848,-0.886,-0.845,-0.917,-0.981,-0.985,-0.674,-0.878,0.947,-0.897,-0.25,-0.999,-0.904,0.98,0.851,-0.924,0.996,-0.97,-0.956,-0.911,0.934,0.881,-0.976,0.98,-0.991,0.966,0.892,0.933,-0.987,6.857,4.874,10.396,10.313,10.235,10.267,10.308,10.345,6.009,5.05,10.359,10.25,6.382,6.02,10.314,10.281,EssenceCatalog/problems/csplib-prob010-SocialGolfers/params/2b0527e07bdd3a00fc3b6b1873ed2f4b.param
-0.971,-0.98,0.974,-0.964,-0.986,0.992,-0.957,0.98,0.966,-0.973,-0.895,0.988,-0.873,0.994,-0.981,-0.955,-0.905,0.945,0.977,0.95,0.958,-0.972,-0.988,-0.954,0.994,-0.723,0.505,-0.8,-0.936,0.968,0.945,0.425,-0.951,0.959,-0.727,-0.995,0.97,0.998,0.858,-0.855,-0.96,-0.995,0.617,-0.163,0.993,0.973,0.98,-0.943,-0.996,-0.982,0.994,0.21,0.925,-0.997,0.937,-0.967,0.786,-0.955,-0.188,-0.951,-0.944,-0.917,0.678,-0.997,0.961,0.692,0.988,0.98,-0.86,0.829,0.895,-0.889,-0.843,-0.853,-0.869,-0.979,-0.987,-0.657,-0.869,0.97,-0.945,-0.877,-0.998,-0.892,0.983,-0.07,-0.937,0.997,-0.972,-0.965,-0.811,0.957,0.869,-0.97,0.98,-0.992,0.961,0.928,0.96,-0.989,5.084,4.263,10.345,10.313,10.281,10.305,10.278,10.267,5.051,4.41,10.336,10.247,5.346,4.879,10.311,10.328,EssenceCatalog/problems/csplib-prob010-SocialGolfers/params/11c471b9b38c281f6b685b85bb711917.param
-0.965,-0.98,0.958,-0.952,-0.952,0.987,-0.907,0.981,0.958,-0.971,-0.922,0.963,-0.745,0.992,-0.967,-0.588,-0.513,0.895,0.966,0.834,0.948,-0.967,-0.987,-0.8,0.993,-0.002,-0.5,-0.618,-0.959,0.981,0.971,0.767,-0.927,0.928,-0.133,-0.993,0.962,0.997,0.703,-0.898,-0.969,-0.994,0.524,-0.77,0.988,0.967,0.986,-0.953,-0.994,-0.945,0.987,0.75,0.958,-0.997,0.783,-0.948,-0.626,-0.844,-0.629,-0.883,-0.976,-0.954,0.852,-0.997,0.969,0.852,0.98,0.982,-0.786,0.823,0.861,-0.935,-0.891,-0.757,-0.833,-0.976,-0.983,-0.413,-0.727,0.964,-0.771,0.226,-0.997,-0.946,0.971,-0.598,-0.855,0.996,-0.963,-0.96,-0.777,0.881,0.878,-0.957,0.975,-0.987,0.903,0.896,0.889,-0.987,5.894,4.831,10.349,10.319,10.307,10.279,10.29,10.341,5.644,4.966,10.378,10.308,5.925,5.763,10.332,10.284,EssenceCatalog/problems/csplib-prob010-SocialGolfers/params/07b79baf21523542b870ebe28574a934.param
-0.966,-0.979,0.959,-0.953,-0.959,0.988,-0.936,0.981,0.96,-0.969,-0.908,0.972,-0.756,0.992,-0.971,-0.719,-0.631,0.914,0.973,0.896,0.951,-0.968,-0.986,-0.849,0.993,-0.309,-0.265,-0.665,-0.951,0.978,0.975,0.689,-0.931,0.936,-0.394,-0.993,0.966,0.997,0.705,-0.887,-0.963,-0.994,0.51,-0.663,0.989,0.969,0.985,-0.951,-0.994,-0.957,0.988,0.664,0.954,-0.997,0.834,-0.952,-0.279,-0.882,-0.537,-0.904,-0.977,-0.945,0.816,-0.997,0.967,0.803,0.982,0.981,-0.787,0.818,0.851,-0.927,-0.872,-0.773,-0.822,-0.976,-0.982,-0.418,-0.758,0.963,-0.829,-0.19,-0.998,-0.93,0.971,-0.567,-0.874,0.996,-0.967,-0.957,-0.756,0.899,0.87,-0.958,0.976,-0.988,0.918,0.897,0.904,-0.987,5.543,4.634,10.341,10.301,10.288,10.258,10.275,10.318,5.401,4.773,10.369,10.28,5.692,5.433,10.325,10.279,EssenceCatalog/problems/csplib-prob010-SocialGolfers/params/d9d8599908760ef143f6f2e37968cb56.param
-0.994,-0.964,0.978,-0.994,-0.994,0.995,0.99,0.997,0.992,-0.992,-0.99,0.983,-0.945,0.994,-0.86,-0.981,-0.425,0.638,-0.694,-0.992,0.957,-0.991,-0.996,-0.905,0.996,0.995,-0.981,-0.935,-0.982,0.998,-0.983,0.985,-0.967,0.985,0.977,-0.999,0.73,0.998,0.984,-0.984,-0.995,-0.998,0.983,-0.99,0.995,0.876,0.999,-0.986,-0.998,-0.986,0.997,0.982,0.945,-0.999,0.876,-0.992,-0.993,-0.939,-0.976,-0.935,0.903,-0.996,0.973,-0.999,0.984,0.99,0.989,0.972,-0.982,0.968,0.984,-0.971,-0.994,-0.977,-0.991,-0.981,-0.992,-0.954,-0.944,0.976,-0.885,0.993,-0.999,-0.992,0.991,0.979,-0.978,0.999,-0.97,-0.991,-0.989,0.971,0.98,-0.988,0.996,-0.998,0.989,0.977,0.962,-0.997,9.485,5.712,10.292,10.25,10.297,10.326,10.305,10.259,7.411,6.02,10.278,10.242,7.866,7.738,10.295,10.292,EssenceCatalog/problems/csplib-prob010-SocialGolfers/params/ab0c5406bbc33ac94457183a813d4ecb.param
-0.975,-0.951,0.927,-0.966,-0.958,0.986,-0.477,0.984,0.957,-0.98,-0.927,0.946,-0.629,0.991,-0.94,-0.662,0.004,0.814,0.947,0.306,0.937,-0.967,-0.987,-0.716,0.992,0.692,-0.676,-0.677,-0.935,0.986,0.914,0.824,-0.898,0.941,0.042,-0.993,0.935,0.997,0.775,-0.921,-0.975,-0.994,0.72,-0.883,0.984,0.919,0.991,-0.961,-0.995,-0.944,0.987,0.823,0.949,-0.998,0.717,-0.951,-0.805,-0.832,-0.759,-0.885,-0.951,-0.97,0.862,-0.998,0.964,0.891,0.975,0.953,-0.807,0.835,0.839,-0.945,-0.932,-0.764,-0.893,-0.965,-0.98,-0.467,-0.695,0.951,-0.586,0.689,-0.998,-0.957,0.961,-0.054,-0.899,0.996,-0.949,-0.961,-0.826,0.887,0.9,-0.95,0.981,-0.99,0.92,0.896,0.849,-0.991,6.685,5.062,10.196,10.234,10.252,10.23,10.242,10.314,6.066,5.248,10.221,10.211,6.355,6.36,10.186,10.18,EssenceCatalog/problems/csplib-prob010-SocialGolfers/params/fe05ceef52229b09df5f0475e9e8b932.param
-0.967,-0.977,0.959,-0.954,-0.943,0.988,-0.906,0.981,0.963,-0.963,-0.87,0.969,-0.772,0.99,-0.959,-0.73,-0.627,0.889,0.949,0.843,0.948,-0.969,-0.985,-0.85,0.992,-0.05,-0.461,-0.621,-0.954,0.982,0.945,0.684,-0.922,0.921,-0.015,-0.993,0.963,0.997,0.71,-0.841,-0.961,-0.994,0.564,-0.704,0.989,0.962,0.985,-0.937,-0.994,-0.956,0.986,0.736,0.95,-0.997,0.819,-0.957,-0.443,-0.858,-0.466,-0.888,-0.949,-0.932,0.801,-0.998,0.963,0.825,0.98,0.979,-0.783,0.832,0.859,-0.907,-0.873,-0.769,-0.834,-0.976,-0.981,-0.4,-0.782,0.958,-0.823,0.065,-0.998,-0.931,0.975,-0.144,-0.86,0.996,-0.968,-0.952,-0.792,0.88,0.869,-0.965,0.977,-0.987,0.921,0.876,0.884,-0.985,5.963,4.769,10.342,10.302,10.258,10.252,10.271,10.331,5.634,4.912,10.348,10.269,5.938,5.698,10.304,10.267,EssenceCatalog/problems/csplib-prob010-SocialGolfers/params/016273f2bf30f2d9d32fea8d5b2294ae.param
-0.97,-0.982,0.976,-0.962,-0.978,0.991,-0.917,0.979,0.966,-0.966,-0.848,0.984,-0.885,0.992,-0.971,-0.947,-0.87,0.912,0.948,0.905,0.955,-0.971,-0.986,-0.95,0.991,-0.504,0.17,-0.744,-0.946,0.981,0.885,0.463,-0.937,0.942,-0.341,-0.994,0.967,0.997,0.846,-0.777,-0.957,-0.994,0.648,-0.284,0.992,0.973,0.98,-0.927,-0.996,-0.98,0.993,0.442,0.913,-0.996,0.915,-0.97,0.588,-0.935,-0.163,-0.93,-0.866,-0.908,0.657,-0.997,0.962,0.761,0.985,0.98,-0.838,0.829,0.885,-0.856,-0.84,-0.832,-0.87,-0.981,-0.985,-0.602,-0.869,0.96,-0.93,-0.765,-0.998,-0.882,0.982,0.419,-0.921,0.996,-0.972,-0.96,-0.845,0.944,0.863,-0.971,0.978,-0.99,0.958,0.903,0.946,-0.987,5.499,4.386,10.35,10.293,10.23,10.243,10.261,10.277,5.257,4.539,10.329,10.221,5.573,5.115,10.296,10.278,EssenceCatalog/problems/csplib-prob010-SocialGolfers/params/bd7986e80c58fc281b4e147f0ea7b0ee.param
-0.971,-0.976,0.966,-0.962,-0.951,0.987,-0.569,0.982,0.959,-0.97,-0.87,0.956,-0.825,0.989,-0.946,-0.761,-0.386,0.789,0.903,0.403,0.938,-0.965,-0.987,-0.843,0.99,0.549,-0.633,-0.619,-0.961,0.99,0.822,0.761,-0.907,0.919,0.372,-0.993,0.947,0.997,0.805,-0.849,-0.969,-0.992,0.692,-0.788,0.987,0.958,0.987,-0.935,-0.994,-0.953,0.987,0.827,0.931,-0.997,0.742,-0.96,-0.702,-0.838,-0.544,-0.866,-0.86,-0.949,0.796,-0.998,0.972,0.902,0.976,0.975,-0.789,0.829,0.872,-0.902,-0.905,-0.763,-0.877,-0.978,-0.981,-0.499,-0.755,0.956,-0.731,0.461,-0.998,-0.942,0.972,0.348,-0.882,0.995,-0.96,-0.955,-0.873,0.885,0.881,-0.962,0.978,-0.988,0.928,0.877,0.873,-0.988,6.824,5.045,10.317,10.282,10.236,10.25,10.269,10.329,6.099,5.225,10.321,10.23,6.432,6.302,10.272,10.224,EssenceCatalog/problems/csplib-prob010-SocialGolfers/params/40825d14d90356ae5486cdbe557c898b.param
-0.99,0.996,-0.988,-0.993,-0.983,0.985,-0.974,0.986,0.991,-0.974,-0.99,0.984,0.991,0.995,-0.944,-0.967,-0.878,0.988,0.99,0.971,0.966,-0.991,-0.986,0.701,0.997,0.86,-0.579,-0.932,0.992,-0.933,0.89,0.528,-0.948,0.984,-0.987,-0.999,0.56,0.999,-0.7,-0.927,-0.985,-0.997,0.958,-0.965,0.994,-0.99,0.993,-0.978,-0.998,-0.989,0.997,-0.866,0.98,-0.999,0.97,-0.973,0.843,-0.965,-0.925,-0.983,-0.991,-0.979,0.957,-0.998,-0.959,-0.941,0.987,-0.993,-0.968,0.974,0.874,-0.963,-0.986,-0.932,-0.982,0.991,-0.993,-0.799,-0.972,0.854,-0.852,0.943,-0.998,-0.99,0.968,0.732,-0.947,0.999,-0.926,-0.98,0.927,0.96,0.943,-0.93,0.987,-0.995,0.983,0.976,0.924,-0.995,4.267,3.532,4.943,10.279,10.542,10.418,10.584,10.789,4.247,3.747,4.993,10.177,4.806,4.426,6.024,10.183,EssenceCatalog/problems/csplib-prob010-SocialGolfers/params/9d26033872935ade456ef077ccc4fffc.param
-0.975,-0.984,0.983,-0.967,-0.971,0.992,-0.862,0.983,0.974,-0.964,-0.776,0.988,-0.934,0.987,-0.956,-0.973,-0.936,0.892,0.775,0.845,0.965,-0.978,-0.989,-0.965,0.99,-0.195,-0.323,-0.726,-0.952,0.988,0.479,0.509,-0.932,0.94,0.389,-0.996,0.967,0.998,0.868,-0.589,-0.957,-0.995,0.75,-0.441,0.995,0.969,0.981,-0.9,-0.997,-0.985,0.994,0.559,0.897,-0.996,0.933,-0.982,0.483,-0.936,-0.018,-0.923,-0.311,-0.874,0.656,-0.998,0.953,0.796,0.987,0.98,-0.872,0.858,0.905,-0.801,-0.864,-0.874,-0.924,-0.981,-0.987,-0.707,-0.928,0.947,-0.955,-0.647,-0.998,-0.883,0.986,0.895,-0.923,0.996,-0.975,-0.964,-0.89,0.952,0.881,-0.982,0.978,-0.99,0.973,0.909,0.952,-0.984,6.337,4.621,10.375,10.292,10.205,10.24,10.276,10.3,5.684,4.773,10.316,10.218,6.044,5.544,10.289,10.278,EssenceCatalog/problems/csplib-prob010-SocialGolfers/params/1c1de2fe3c1522366f75d90572cd1aa7.param
-0.98,-0.934,0.906,-0.971,-0.955,0.987,-0.182,0.986,0.959,-0.981,-0.938,0.944,-0.559,0.991,-0.924,-0.678,0.231,0.784,0.94,-0.002,0.934,-0.971,-0.986,-0.63,0.992,0.813,-0.777,-0.725,-0.922,0.988,0.895,0.856,-0.892,0.952,0.09,-0.994,0.924,0.997,0.779,-0.945,-0.977,-0.995,0.779,-0.931,0.98,0.885,0.994,-0.971,-0.995,-0.943,0.985,0.877,0.954,-0.998,0.693,-0.953,-0.894,-0.833,-0.849,-0.894,-0.952,-0.975,0.892,-0.998,0.964,0.909,0.976,0.938,-0.827,0.849,0.826,-0.959,-0.95,-0.799,-0.921,-0.961,-0.979,-0.498,-0.683,0.944,-0.478,0.826,-0.999,-0.963,0.953,0.011,-0.916,0.997,-0.947,-0.961,-0.84,0.875,0.921,-0.953,0.985,-0.992,0.925,0.894,0.824,-0.991,6.954,5.147,10.115,10.173,10.202,10.177,10.196,10.28,6.205,5.351,10.155,10.145,6.497,6.58,10.116,10.113,EssenceCatalog/problems/csplib-prob010-SocialGolfers/params/41f525aa8f580ef7ea0ccc755d8aee12.param
-0.971,-0.982,0.964,-0.962,-0.953,0.988,-0.678,0.984,0.959,-0.98,-0.955,0.946,-0.779,0.993,-0.957,-0.397,-0.226,0.83,0.931,0.391,0.944,-0.97,-0.992,-0.703,0.993,0.681,-0.816,-0.593,-0.975,0.989,0.932,0.895,-0.928,0.927,0.489,-0.993,0.946,0.997,0.792,-0.934,-0.982,-0.994,0.66,-0.921,0.989,0.96,0.991,-0.963,-0.994,-0.927,0.988,0.887,0.963,-0.998,0.669,-0.951,-0.934,-0.766,-0.82,-0.846,-0.958,-0.975,0.911,-0.998,0.976,0.938,0.978,0.984,-0.831,0.85,0.902,-0.953,-0.938,-0.785,-0.889,-0.98,-0.986,-0.509,-0.702,0.969,-0.626,0.834,-0.998,-0.973,0.975,-0.443,-0.853,0.997,-0.956,-0.971,-0.865,0.876,0.908,-0.963,0.978,-0.987,0.894,0.907,0.872,-0.99,6.801,5.217,10.372,10.365,10.358,10.349,10.344,10.396,6.199,5.378,10.407,10.345,6.484,6.489,10.362,10.306,EssenceCatalog/problems/csplib-prob010-SocialGolfers/params/4cb1238ad353c31511d2e97ddf104177.param
-0.969,-0.979,0.963,-0.958,-0.944,0.987,-0.715,0.982,0.96,-0.974,-0.914,0.951,-0.784,0.991,-0.95,-0.57,-0.334,0.824,0.921,0.507,0.943,-0.967,-0.989,-0.787,0.992,0.568,-0.722,-0.575,-0.968,0.989,0.906,0.827,-0.914,0.915,0.434,-0.993,0.95,0.997,0.778,-0.885,-0.974,-0.993,0.642,-0.856,0.989,0.958,0.989,-0.945,-0.994,-0.941,0.987,0.847,0.953,-0.997,0.716,-0.955,-0.837,-0.796,-0.665,-0.855,-0.93,-0.958,0.857,-0.998,0.971,0.912,0.976,0.979,-0.799,0.837,0.881,-0.927,-0.911,-0.758,-0.868,-0.978,-0.982,-0.464,-0.732,0.962,-0.699,0.671,-0.998,-0.957,0.974,-0.066,-0.852,0.996,-0.96,-0.962,-0.853,0.874,0.891,-0.963,0.977,-0.987,0.908,0.885,0.866,-0.988,6.723,5.11,10.34,10.321,10.296,10.297,10.303,10.36,6.106,5.273,10.356,10.289,6.412,6.338,10.311,10.266,EssenceCatalog/problems/csplib-prob010-SocialGolfers/params/16a51d130ff44a89672184cac6a0b28b.param
-0.968,-0.986,0.975,-0.96,-0.985,0.992,-0.989,0.981,0.965,-0.971,-0.927,0.992,-0.875,0.995,-0.988,-0.93,-0.945,0.965,0.988,0.985,0.968,-0.976,-0.988,-0.94,0.996,-0.902,0.61,-0.813,-0.944,0.956,0.987,0.411,-0.966,0.965,-0.853,-0.994,0.977,0.998,0.739,-0.907,-0.959,-0.996,0.473,-0.118,0.993,0.982,0.981,-0.957,-0.996,-0.981,0.994,0.151,0.954,-0.997,0.945,-0.968,0.83,-0.959,-0.348,-0.961,-0.984,-0.93,0.759,-0.998,0.966,0.648,0.991,0.986,-0.861,0.825,0.894,-0.921,-0.847,-0.856,-0.833,-0.98,-0.99,-0.657,-0.871,0.978,-0.955,-0.909,-0.998,-0.905,0.985,-0.711,-0.936,0.998,-0.982,-0.964,-0.7,0.952,0.886,-0.971,0.976,-0.991,0.954,0.942,0.967,-0.987,4.777,4.217,10.336,10.315,10.303,10.332,10.276,10.25,4.909,4.351,10.355,10.259,5.198,4.736,10.322,10.348,EssenceCatalog/problems/csplib-prob010-SocialGolfers/params/22fb7692d99977aa80ee83d919362eb7.param
-0.964,-0.981,0.961,-0.951,-0.956,0.987,-0.949,0.98,0.96,-0.969,-0.911,0.973,-0.768,0.992,-0.972,-0.688,-0.693,0.917,0.969,0.912,0.954,-0.97,-0.987,-0.849,0.993,-0.319,-0.334,-0.632,-0.955,0.977,0.974,0.709,-0.934,0.928,-0.286,-0.993,0.968,0.997,0.684,-0.874,-0.965,-0.994,0.49,-0.673,0.99,0.97,0.984,-0.947,-0.994,-0.955,0.988,0.664,0.956,-0.997,0.836,-0.954,-0.329,-0.872,-0.522,-0.898,-0.975,-0.945,0.826,-0.997,0.964,0.803,0.982,0.983,-0.793,0.824,0.863,-0.921,-0.872,-0.769,-0.825,-0.976,-0.984,-0.424,-0.779,0.965,-0.839,-0.127,-0.997,-0.938,0.975,-0.572,-0.857,0.996,-0.969,-0.959,-0.745,0.897,0.869,-0.96,0.975,-0.987,0.914,0.899,0.908,-0.986,5.594,4.667,10.36,10.316,10.298,10.273,10.29,10.329,5.437,4.802,10.386,10.295,5.734,5.47,10.342,10.292,EssenceCatalog/problems/csplib-prob010-SocialGolfers/params/19aa65db8ebac66666633d85fd24f201.param
-0.994,-0.957,0.973,-0.994,-0.993,0.994,0.991,0.997,0.992,-0.991,-0.989,0.983,-0.936,0.993,-0.844,-0.981,-0.372,0.637,-0.704,-0.992,0.955,-0.991,-0.995,-0.898,0.995,0.995,-0.982,-0.936,-0.979,0.998,-0.983,0.985,-0.965,0.985,0.975,-0.999,0.727,0.998,0.983,-0.984,-0.995,-0.998,0.983,-0.99,0.994,0.852,0.999,-0.987,-0.998,-0.986,0.997,0.981,0.943,-0.999,0.881,-0.992,-0.993,-0.941,-0.977,-0.936,0.902,-0.995,0.974,-0.999,0.982,0.989,0.989,0.965,-0.981,0.968,0.981,-0.971,-0.994,-0.978,-0.991,-0.978,-0.991,-0.954,-0.944,0.973,-0.876,0.993,-0.999,-0.992,0.989,0.98,-0.979,0.999,-0.968,-0.99,-0.988,0.969,0.98,-0.987,0.996,-0.998,0.989,0.976,0.959,-0.997,9.472,5.703,10.266,10.23,10.28,10.309,10.287,10.242,7.402,6.012,10.254,10.222,7.854,7.731,10.272,10.274,EssenceCatalog/problems/csplib-prob010-SocialGolfers/params/31264610be90bc33a0632b6d6a052628.param
-0.978,-0.982,0.984,-0.972,-0.972,0.992,-0.763,0.985,0.977,-0.966,-0.776,0.988,-0.94,0.987,-0.949,-0.979,-0.936,0.876,0.664,0.749,0.966,-0.981,-0.99,-0.967,0.99,0.073,-0.468,-0.749,-0.95,0.99,0.16,0.559,-0.93,0.945,0.555,-0.996,0.961,0.998,0.89,-0.572,-0.962,-0.995,0.803,-0.525,0.995,0.963,0.983,-0.901,-0.997,-0.987,0.994,0.613,0.892,-0.997,0.934,-0.985,0.38,-0.939,-0.028,-0.924,0.006,-0.881,0.673,-0.998,0.954,0.826,0.987,0.977,-0.887,0.876,0.918,-0.804,-0.887,-0.887,-0.942,-0.98,-0.988,-0.748,-0.936,0.945,-0.956,-0.53,-0.998,-0.892,0.987,0.941,-0.932,0.997,-0.974,-0.966,-0.909,0.957,0.887,-0.984,0.98,-0.991,0.976,0.915,0.955,-0.986,6.783,4.758,10.361,10.283,10.208,10.242,10.279,10.295,5.916,4.918,10.293,10.218,6.287,5.804,10.269,10.275,EssenceCatalog/problems/csplib-prob010-SocialGolfers/params/9665009a45e8852e5ae2b4dc13961e25.param
-0.992,0.993,-0.952,-0.994,-0.992,0.987,-0.738,0.985,0.995,-0.988,-0.989,0.985,0.978,0.996,-0.937,-0.982,-0.794,0.983,0.96,0.747,0.957,-0.991,-0.993,-0.135,0.997,0.972,-0.715,-0.9,0.978,-0.638,0.166,0.835,-0.935,0.987,-0.87,-0.999,0.644,0.999,0.627,-0.924,-0.994,-0.996,0.972,-0.973,0.997,-0.989,0.995,-0.977,-0.999,-0.988,0.999,-0.753,0.97,-0.999,0.971,-0.98,0.379,-0.96,-0.898,-0.979,-0.939,-0.984,0.963,-0.999,-0.905,-0.72,0.986,-0.989,-0.972,0.965,0.954,-0.961,-0.989,-0.954,-0.988,0.968,-0.995,-0.864,-0.981,0.915,-0.867,0.98,-0.999,-0.995,0.985,0.96,-0.935,0.999,-0.908,-0.989,0.545,0.983,0.949,-0.956,0.99,-0.995,0.99,0.977,0.936,-0.997,5.106,3.825,5.559,10.264,10.671,10.5,10.636,10.81,4.731,4.098,5.573,10.258,5.284,4.934,6.635,10.279,EssenceCatalog/problems/csplib-prob010-SocialGolfers/params/088c2c51c290aedd7f1068848698ba06.param
-0.971,-0.982,0.966,-0.963,-0.955,0.988,-0.641,0.984,0.96,-0.981,-0.957,0.945,-0.79,0.993,-0.957,-0.397,-0.216,0.823,0.925,0.325,0.944,-0.971,-0.992,-0.704,0.993,0.715,-0.831,-0.594,-0.976,0.99,0.923,0.903,-0.929,0.927,0.539,-0.993,0.944,0.997,0.802,-0.936,-0.982,-0.994,0.674,-0.926,0.989,0.96,0.992,-0.964,-0.994,-0.927,0.989,0.894,0.963,-0.998,0.662,-0.952,-0.942,-0.762,-0.83,-0.844,-0.952,-0.976,0.914,-0.998,0.977,0.943,0.978,0.984,-0.836,0.854,0.907,-0.953,-0.941,-0.789,-0.894,-0.98,-0.986,-0.522,-0.706,0.969,-0.622,0.854,-0.998,-0.974,0.976,-0.404,-0.855,0.997,-0.956,-0.972,-0.873,0.878,0.911,-0.963,0.978,-0.987,0.896,0.908,0.873,-0.991,6.884,5.244,10.379,10.37,10.36,10.354,10.349,10.401,6.244,5.408,10.414,10.347,6.533,6.545,10.369,10.309,EssenceCatalog/problems/csplib-prob010-SocialGolfers/params/7e11ceeb44337327dd298dc333d2a916.param
-0.967,-0.98,0.958,-0.955,-0.947,0.987,-0.859,0.981,0.96,-0.974,-0.936,0.956,-0.744,0.992,-0.963,-0.471,-0.415,0.872,0.954,0.719,0.946,-0.969,-0.989,-0.749,0.993,0.335,-0.681,-0.581,-0.965,0.984,0.96,0.832,-0.928,0.922,0.171,-0.993,0.956,0.997,0.731,-0.91,-0.975,-0.994,0.569,-0.853,0.989,0.962,0.988,-0.955,-0.993,-0.934,0.987,0.82,0.962,-0.997,0.731,-0.948,-0.824,-0.8,-0.709,-0.863,-0.971,-0.963,0.882,-0.997,0.969,0.893,0.979,0.982,-0.804,0.835,0.882,-0.942,-0.911,-0.76,-0.857,-0.976,-0.984,-0.432,-0.715,0.966,-0.713,0.594,-0.997,-0.961,0.974,-0.556,-0.842,0.997,-0.961,-0.964,-0.811,0.872,0.889,-0.961,0.976,-0.987,0.895,0.897,0.878,-0.988,6.302,5.023,10.358,10.347,10.341,10.32,10.322,10.374,5.905,5.164,10.388,10.336,6.185,6.103,10.346,10.303,EssenceCatalog/problems/csplib-prob010-SocialGolfers/params/eeb1452844fb2bf9d06fdb8951cdff8c.param
-0.972,-0.975,0.967,-0.963,-0.98,0.991,-0.935,0.981,0.965,-0.971,-0.881,0.985,-0.832,0.993,-0.974,-0.936,-0.832,0.933,0.974,0.926,0.953,-0.971,-0.987,-0.94,0.993,-0.583,0.314,-0.773,-0.933,0.974,0.943,0.475,-0.939,0.954,-0.651,-0.994,0.968,0.998,0.843,-0.853,-0.958,-0.994,0.616,-0.315,0.991,0.966,0.982,-0.943,-0.996,-0.978,0.993,0.354,0.926,-0.997,0.919,-0.964,0.631,-0.943,-0.243,-0.941,-0.947,-0.918,0.696,-0.998,0.961,0.725,0.986,0.976,-0.838,0.822,0.871,-0.894,-0.847,-0.831,-0.864,-0.978,-0.984,-0.585,-0.845,0.962,-0.918,-0.785,-0.998,-0.888,0.979,0.004,-0.928,0.997,-0.969,-0.96,-0.808,0.945,0.869,-0.966,0.98,-0.991,0.955,0.911,0.945,-0.988,5.226,4.331,10.332,10.301,10.269,10.279,10.272,10.28,5.134,4.482,10.322,10.242,5.432,5.001,10.296,10.303,EssenceCatalog/problems/csplib-prob010-SocialGolfers/params/b6136f372bf7e1a228e7b1b20ec1382d.param
-0.99,0.998,-0.993,-0.994,-0.984,0.986,-0.978,0.987,0.991,-0.968,-0.99,0.988,0.994,0.995,-0.933,-0.978,-0.93,0.99,0.988,0.977,0.968,-0.992,-0.984,0.756,0.997,0.853,-0.551,-0.949,0.995,-0.965,0.86,0.343,-0.95,0.987,-0.989,-0.999,0.493,1.0,-0.797,-0.915,-0.984,-0.998,0.967,-0.964,0.995,-0.995,0.993,-0.977,-0.998,-0.992,0.997,-0.917,0.982,-0.999,0.977,-0.977,0.912,-0.973,-0.927,-0.987,-0.989,-0.975,0.962,-0.999,-0.978,-0.966,0.988,-0.996,-0.973,0.977,0.848,-0.961,-0.988,-0.942,-0.985,0.995,-0.993,-0.844,-0.979,0.824,-0.891,0.943,-0.999,-0.989,0.966,0.847,-0.956,0.999,-0.929,-0.98,0.952,0.962,0.951,-0.931,0.987,-0.996,0.986,0.978,0.927,-0.995,4.247,3.495,4.855,10.291,10.537,10.414,10.593,10.805,4.214,3.712,4.902,10.179,4.791,4.393,5.941,10.187,EssenceCatalog/problems/csplib-prob010-SocialGolfers/params/7ff572956df0bfaa753e3da5b8691f1d.param
-0.975,-0.968,0.95,-0.967,-0.958,0.987,-0.352,0.985,0.958,-0.982,-0.943,0.942,-0.727,0.992,-0.942,-0.588,0.002,0.783,0.923,0.087,0.938,-0.969,-0.99,-0.704,0.992,0.792,-0.788,-0.66,-0.959,0.99,0.883,0.873,-0.91,0.937,0.38,-0.993,0.934,0.997,0.803,-0.931,-0.98,-0.994,0.738,-0.919,0.986,0.938,0.992,-0.963,-0.994,-0.938,0.988,0.88,0.954,-0.998,0.669,-0.954,-0.91,-0.801,-0.816,-0.869,-0.935,-0.976,0.889,-0.998,0.972,0.93,0.976,0.97,-0.825,0.847,0.874,-0.949,-0.944,-0.784,-0.905,-0.974,-0.983,-0.525,-0.7,0.96,-0.565,0.831,-0.998,-0.968,0.968,-0.052,-0.891,0.997,-0.952,-0.967,-0.868,0.883,0.911,-0.957,0.981,-0.99,0.914,0.902,0.856,-0.991,7.034,5.213,10.262,10.272,10.27,10.263,10.272,10.335,6.274,5.405,10.297,10.237,6.577,6.615,10.25,10.206,EssenceCatalog/problems/csplib-prob010-SocialGolfers/params/d7a8b95b9864391719353c27a8a6e584.param
-0.97,-0.981,0.972,-0.959,-0.961,0.99,-0.914,0.98,0.967,-0.959,-0.811,0.981,-0.863,0.989,-0.961,-0.914,-0.832,0.901,0.928,0.891,0.955,-0.972,-0.985,-0.93,0.991,-0.357,-0.171,-0.689,-0.95,0.984,0.883,0.515,-0.929,0.93,-0.081,-0.994,0.967,0.998,0.784,-0.753,-0.952,-0.994,0.632,-0.468,0.991,0.969,0.982,-0.921,-0.996,-0.975,0.989,0.605,0.926,-0.997,0.893,-0.97,0.262,-0.911,-0.219,-0.913,-0.859,-0.898,0.693,-0.998,0.96,0.777,0.984,0.979,-0.815,0.835,0.869,-0.857,-0.845,-0.819,-0.86,-0.98,-0.983,-0.521,-0.857,0.953,-0.908,-0.545,-0.998,-0.892,0.98,0.462,-0.899,0.996,-0.973,-0.953,-0.83,0.921,0.866,-0.972,0.978,-0.989,0.951,0.884,0.922,-0.984,5.773,4.533,10.357,10.296,10.221,10.235,10.266,10.31,5.433,4.681,10.336,10.231,5.762,5.347,10.296,10.27,EssenceCatalog/problems/csplib-prob010-SocialGolfers/params/c90c491fd991222d3c94159549a39174.param
-0.976,-0.971,0.954,-0.967,-0.958,0.988,-0.347,0.985,0.96,-0.981,-0.943,0.942,-0.749,0.992,-0.941,-0.574,-0.044,0.777,0.909,0.05,0.94,-0.97,-0.991,-0.713,0.992,0.811,-0.814,-0.641,-0.964,0.991,0.861,0.883,-0.912,0.933,0.496,-0.993,0.933,0.997,0.812,-0.928,-0.98,-0.994,0.744,-0.924,0.988,0.94,0.992,-0.962,-0.994,-0.938,0.988,0.89,0.954,-0.998,0.666,-0.956,-0.922,-0.789,-0.816,-0.861,-0.92,-0.975,0.895,-0.998,0.973,0.936,0.977,0.972,-0.832,0.852,0.887,-0.947,-0.944,-0.789,-0.908,-0.975,-0.984,-0.537,-0.714,0.962,-0.58,0.854,-0.998,-0.971,0.971,0.016,-0.886,0.997,-0.953,-0.968,-0.877,0.884,0.912,-0.96,0.981,-0.99,0.915,0.903,0.858,-0.991,7.14,5.249,10.286,10.292,10.282,10.283,10.289,10.35,6.332,5.444,10.319,10.254,6.644,6.676,10.273,10.225,EssenceCatalog/problems/csplib-prob010-SocialGolfers/params/16d1ee6ffc60dd8ba8a0de82f3106590.param
-0.966,-0.984,0.974,-0.955,-0.956,0.989,-0.934,0.979,0.965,-0.959,-0.835,0.979,-0.868,0.99,-0.967,-0.868,-0.83,0.902,0.935,0.902,0.955,-0.971,-0.986,-0.919,0.992,-0.362,-0.238,-0.647,-0.96,0.983,0.913,0.579,-0.934,0.923,-0.007,-0.994,0.969,0.997,0.765,-0.771,-0.956,-0.994,0.572,-0.516,0.992,0.974,0.981,-0.922,-0.995,-0.97,0.989,0.642,0.937,-0.996,0.879,-0.967,0.039,-0.896,-0.25,-0.903,-0.897,-0.907,0.726,-0.998,0.963,0.801,0.984,0.984,-0.804,0.831,0.881,-0.863,-0.844,-0.801,-0.838,-0.981,-0.984,-0.504,-0.843,0.961,-0.901,-0.421,-0.998,-0.91,0.981,0.215,-0.879,0.996,-0.974,-0.955,-0.821,0.913,0.86,-0.972,0.976,-0.987,0.94,0.886,0.92,-0.984,5.781,4.594,10.386,10.309,10.232,10.246,10.273,10.315,5.466,4.734,10.378,10.249,5.792,5.409,10.329,10.279,EssenceCatalog/problems/csplib-prob010-SocialGolfers/params/8b51536e7c5d002eb57d3bfd3f1488bc.param
-0.964,-0.98,0.957,-0.951,-0.947,0.987,-0.937,0.98,0.961,-0.969,-0.923,0.967,-0.737,0.992,-0.969,-0.559,-0.597,0.908,0.968,0.878,0.95,-0.97,-0.988,-0.793,0.994,-0.117,-0.506,-0.603,-0.958,0.978,0.976,0.761,-0.935,0.926,-0.146,-0.993,0.965,0.997,0.669,-0.894,-0.969,-0.994,0.498,-0.773,0.989,0.967,0.986,-0.953,-0.994,-0.943,0.986,0.749,0.962,-0.997,0.791,-0.95,-0.623,-0.841,-0.616,-0.884,-0.98,-0.951,0.864,-0.997,0.965,0.84,0.981,0.982,-0.795,0.834,0.87,-0.937,-0.891,-0.767,-0.834,-0.975,-0.984,-0.393,-0.748,0.967,-0.793,0.21,-0.997,-0.949,0.973,-0.664,-0.846,0.997,-0.966,-0.958,-0.752,0.877,0.879,-0.962,0.975,-0.987,0.901,0.897,0.893,-0.986,5.817,4.813,10.36,10.33,10.316,10.286,10.3,10.349,5.605,4.944,10.391,10.322,5.888,5.707,10.347,10.299,EssenceCatalog/problems/csplib-prob010-SocialGolfers/params/f198dbc752c6673ae299f1e7a1cc4f11.param
-0.968,-0.983,0.967,-0.959,-0.983,0.991,-0.988,0.981,0.966,-0.972,-0.931,0.991,-0.833,0.995,-0.987,-0.907,-0.928,0.965,0.989,0.984,0.967,-0.977,-0.988,-0.922,0.996,-0.881,0.518,-0.803,-0.936,0.952,0.989,0.46,-0.964,0.964,-0.852,-0.995,0.977,0.998,0.69,-0.91,-0.96,-0.996,0.475,-0.255,0.993,0.979,0.982,-0.959,-0.996,-0.978,0.994,0.222,0.958,-0.997,0.936,-0.967,0.76,-0.953,-0.408,-0.958,-0.987,-0.937,0.785,-0.998,0.963,0.637,0.991,0.983,-0.855,0.835,0.885,-0.929,-0.861,-0.849,-0.831,-0.976,-0.99,-0.609,-0.866,0.977,-0.945,-0.866,-0.998,-0.912,0.983,-0.753,-0.928,0.998,-0.981,-0.962,-0.654,0.947,0.886,-0.969,0.977,-0.991,0.949,0.94,0.961,-0.988,4.805,4.25,10.332,10.326,10.321,10.341,10.293,10.275,4.936,4.385,10.352,10.277,5.227,4.783,10.322,10.356,EssenceCatalog/problems/csplib-prob010-SocialGolfers/params/33186010572c8f53a3b3ec605c953688.param
-0.967,-0.984,0.967,-0.957,-0.946,0.988,-0.802,0.982,0.961,-0.976,-0.945,0.951,-0.793,0.992,-0.962,-0.393,-0.377,0.848,0.937,0.58,0.944,-0.969,-0.991,-0.735,0.993,0.523,-0.77,-0.56,-0.975,0.988,0.945,0.871,-0.932,0.919,0.436,-0.993,0.953,0.997,0.769,-0.917,-0.979,-0.994,0.601,-0.892,0.989,0.966,0.99,-0.957,-0.993,-0.927,0.987,0.87,0.963,-0.997,0.69,-0.95,-0.907,-0.77,-0.758,-0.846,-0.962,-0.967,0.898,-0.997,0.975,0.926,0.979,0.985,-0.82,0.847,0.903,-0.946,-0.923,-0.773,-0.868,-0.98,-0.985,-0.471,-0.711,0.97,-0.685,0.75,-0.997,-0.968,0.977,-0.509,-0.837,0.997,-0.96,-0.967,-0.85,0.869,0.898,-0.965,0.976,-0.986,0.888,0.9,0.878,-0.989,6.597,5.148,10.391,10.371,10.358,10.347,10.343,10.392,6.085,5.296,10.423,10.355,6.37,6.327,10.377,10.319,EssenceCatalog/problems/csplib-prob010-SocialGolfers/params/73374e45fef7ffb8796908b744873481.param
-0.994,-0.984,0.99,-0.994,-0.995,0.996,0.989,0.997,0.993,-0.992,-0.99,0.987,-0.973,0.994,-0.888,-0.981,-0.601,0.656,-0.796,-0.992,0.962,-0.993,-0.997,-0.94,0.997,0.995,-0.986,-0.942,-0.992,0.998,-0.987,0.988,-0.973,0.985,0.987,-0.999,0.798,0.998,0.987,-0.984,-0.996,-0.998,0.983,-0.99,0.996,0.942,0.999,-0.985,-0.998,-0.988,0.998,0.986,0.949,-0.999,0.899,-0.994,-0.995,-0.943,-0.976,-0.937,0.94,-0.996,0.976,-0.999,0.99,0.993,0.99,0.989,-0.985,0.972,0.988,-0.969,-0.995,-0.981,-0.992,-0.99,-0.994,-0.963,-0.952,0.981,-0.923,0.994,-1.0,-0.993,0.993,0.981,-0.977,1.0,-0.976,-0.992,-0.992,0.974,0.982,-0.991,0.996,-0.998,0.99,0.981,0.972,-0.997,9.555,5.75,10.382,10.317,10.363,10.393,10.37,10.321,7.459,6.055,10.358,10.316,7.924,7.77,10.376,10.361,EssenceCatalog/problems/csplib-prob010-SocialGolfers/params/5755ccc0cd5c0c2122fb40fe5d39f993.param
-0.967,-0.983,0.964,-0.957,-0.949,0.988,-0.797,0.982,0.96,-0.977,-0.947,0.951,-0.783,0.992,-0.963,-0.412,-0.359,0.851,0.943,0.586,0.944,-0.968,-0.991,-0.729,0.993,0.509,-0.75,-0.579,-0.973,0.987,0.948,0.867,-0.931,0.923,0.361,-0.993,0.952,0.997,0.768,-0.921,-0.979,-0.994,0.602,-0.888,0.989,0.965,0.99,-0.958,-0.993,-0.929,0.988,0.86,0.963,-0.997,0.696,-0.949,-0.896,-0.778,-0.761,-0.853,-0.965,-0.969,0.896,-0.997,0.974,0.922,0.979,0.985,-0.819,0.843,0.899,-0.947,-0.923,-0.771,-0.866,-0.979,-0.985,-0.477,-0.707,0.969,-0.686,0.732,-0.997,-0.968,0.976,-0.534,-0.843,0.997,-0.959,-0.967,-0.845,0.872,0.898,-0.963,0.976,-0.987,0.891,0.902,0.879,-0.989,6.553,5.131,10.386,10.371,10.362,10.347,10.344,10.394,6.059,5.279,10.419,10.357,6.342,6.3,10.374,10.32,EssenceCatalog/problems/csplib-prob010-SocialGolfers/params/f818ea70b2c67708796ef5d95e35fda8.param
-0.966,-0.978,0.955,-0.953,-0.95,0.987,-0.907,0.981,0.959,-0.972,-0.925,0.962,-0.726,0.992,-0.966,-0.563,-0.5,0.895,0.965,0.829,0.948,-0.968,-0.988,-0.786,0.993,0.053,-0.546,-0.606,-0.957,0.98,0.971,0.779,-0.927,0.926,-0.098,-0.993,0.962,0.997,0.696,-0.9,-0.97,-0.994,0.532,-0.79,0.988,0.964,0.987,-0.954,-0.994,-0.943,0.987,0.756,0.959,-0.997,0.777,-0.949,-0.664,-0.836,-0.645,-0.881,-0.977,-0.956,0.86,-0.997,0.966,0.853,0.979,0.981,-0.789,0.826,0.862,-0.936,-0.895,-0.755,-0.84,-0.975,-0.983,-0.406,-0.728,0.964,-0.759,0.31,-0.997,-0.95,0.971,-0.594,-0.851,0.997,-0.963,-0.96,-0.772,0.88,0.88,-0.957,0.976,-0.987,0.902,0.895,0.886,-0.987,5.951,4.862,10.341,10.322,10.315,10.287,10.297,10.348,5.684,4.997,10.369,10.313,5.963,5.816,10.326,10.286,EssenceCatalog/problems/csplib-prob010-SocialGolfers/params/5230a0269b99e8a799edb893df13b130.param
-0.964,-0.981,0.962,-0.952,-0.97,0.989,-0.971,0.981,0.961,-0.972,-0.926,0.981,-0.772,0.994,-0.981,-0.773,-0.786,0.942,0.982,0.955,0.959,-0.972,-0.987,-0.875,0.995,-0.636,0.02,-0.707,-0.947,0.969,0.985,0.649,-0.946,0.945,-0.639,-0.994,0.972,0.998,0.683,-0.896,-0.964,-0.995,0.46,-0.545,0.991,0.975,0.983,-0.956,-0.995,-0.964,0.99,0.521,0.958,-0.997,0.88,-0.956,0.127,-0.911,-0.509,-0.926,-0.985,-0.948,0.818,-0.997,0.965,0.75,0.985,0.984,-0.811,0.821,0.863,-0.931,-0.867,-0.794,-0.817,-0.976,-0.986,-0.475,-0.799,0.97,-0.882,-0.528,-0.998,-0.927,0.976,-0.737,-0.888,0.997,-0.973,-0.96,-0.699,0.919,0.872,-0.959,0.976,-0.989,0.925,0.918,0.933,-0.987,5.168,4.464,10.352,10.316,10.317,10.294,10.296,10.313,5.169,4.603,10.384,10.288,5.468,5.123,10.345,10.317,EssenceCatalog/problems/csplib-prob010-SocialGolfers/params/f74f5186756cdd79e254fc29618e2af8.param
-0.994,-0.868,0.939,-0.995,-0.993,0.992,0.994,0.997,0.993,-0.989,-0.991,0.987,-0.862,0.991,-0.751,-0.986,-0.554,0.762,-0.862,-0.992,0.959,-0.992,-0.993,-0.906,0.995,0.997,-0.986,-0.944,-0.938,0.995,-0.992,0.985,-0.96,0.989,0.981,-0.999,0.603,0.997,0.981,-0.981,-0.995,-0.998,0.99,-0.992,0.995,0.509,0.998,-0.988,-0.998,-0.987,0.997,0.969,0.953,-0.999,0.933,-0.993,-0.991,-0.958,-0.98,-0.952,0.951,-0.995,0.985,-0.999,0.961,0.98,0.987,0.869,-0.988,0.973,0.981,-0.97,-0.995,-0.982,-0.992,-0.912,-0.991,-0.976,-0.961,0.966,-0.901,0.995,-0.999,-0.992,0.986,0.989,-0.974,0.999,-0.957,-0.991,-0.979,0.975,0.981,-0.982,0.995,-0.998,0.99,0.979,0.969,-0.996,9.466,5.667,10.16,10.171,10.251,10.287,10.261,10.209,7.375,5.985,10.134,10.172,7.848,7.7,10.173,10.24,EssenceCatalog/problems/csplib-prob010-SocialGolfers/params/ord19-9-8-4.param
-0.995,-0.984,0.99,-0.996,-0.997,0.997,0.989,0.998,0.995,-0.992,-0.989,0.995,-0.978,0.994,-0.842,-0.992,-0.885,0.847,-0.934,-0.986,0.976,-0.996,-0.997,-0.977,0.997,0.994,-0.989,-0.964,-0.988,0.998,-0.993,0.982,-0.974,0.991,0.992,-0.999,0.89,0.999,0.989,-0.974,-0.996,-0.999,0.991,-0.989,0.998,0.927,0.999,-0.986,-0.999,-0.993,0.999,0.972,0.961,-0.999,0.969,-0.997,-0.985,-0.976,-0.959,-0.963,0.981,-0.996,0.981,-1.0,0.987,0.988,0.994,0.983,-0.99,0.979,0.987,-0.961,-0.996,-0.989,-0.994,-0.984,-0.996,-0.984,-0.981,0.976,-0.974,0.99,-1.0,-0.992,0.995,0.994,-0.98,1.0,-0.981,-0.994,-0.989,0.984,0.981,-0.993,0.996,-0.998,0.994,0.986,0.986,-0.998,9.634,5.788,10.484,10.407,10.46,10.495,10.473,10.423,7.512,6.095,10.44,10.421,7.997,7.798,10.466,10.463,EssenceCatalog/problems/csplib-prob010-SocialGolfers/params/0a7275e2e643a1147d80e1a24ae58153.param
-0.995,-0.989,0.992,-0.996,-0.997,0.997,0.987,0.998,0.995,-0.993,-0.988,0.995,-0.984,0.994,-0.86,-0.992,-0.898,0.831,-0.935,-0.986,0.978,-0.996,-0.998,-0.979,0.997,0.994,-0.989,-0.964,-0.991,0.998,-0.993,0.983,-0.974,0.99,0.994,-0.999,0.895,0.998,0.991,-0.972,-0.997,-0.999,0.99,-0.989,0.999,0.947,0.999,-0.985,-0.999,-0.994,0.999,0.974,0.957,-0.999,0.969,-0.997,-0.986,-0.974,-0.955,-0.962,0.985,-0.996,0.98,-1.0,0.988,0.989,0.994,0.987,-0.991,0.981,0.989,-0.957,-0.996,-0.988,-0.994,-0.987,-0.997,-0.984,-0.981,0.98,-0.977,0.99,-1.0,-0.993,0.996,0.994,-0.978,1.0,-0.983,-0.994,-0.991,0.984,0.98,-0.994,0.996,-0.998,0.994,0.987,0.987,-0.998,9.642,5.793,10.496,10.415,10.466,10.502,10.478,10.427,7.517,6.099,10.452,10.429,8.003,7.802,10.476,10.469,EssenceCatalog/problems/csplib-prob010-SocialGolfers/params/c5afd2ce38e63b0dfda3287cbcea1cce.param
-0.988,0.978,-0.903,-0.991,-0.99,0.982,-0.953,0.981,0.992,-0.988,-0.984,0.984,0.954,0.996,-0.96,-0.979,-0.897,0.986,0.981,0.955,0.963,-0.989,-0.994,-0.1,0.997,0.823,-0.258,-0.862,0.957,-0.761,0.71,0.672,-0.94,0.974,-0.952,-0.998,0.771,0.999,0.281,-0.872,-0.989,-0.996,0.941,-0.908,0.998,-0.959,0.988,-0.958,-0.998,-0.988,0.999,-0.882,0.956,-0.998,0.974,-0.973,0.875,-0.959,-0.793,-0.973,-0.959,-0.978,0.902,-0.998,-0.859,-0.844,0.982,-0.957,-0.963,0.959,0.928,-0.934,-0.978,-0.925,-0.978,0.933,-0.995,-0.796,-0.973,0.911,-0.906,0.873,-0.999,-0.99,0.986,0.854,-0.913,0.998,-0.914,-0.987,0.77,0.984,0.9,-0.949,0.985,-0.994,0.984,0.976,0.959,-0.996,4.491,3.588,5.449,10.261,10.591,10.463,10.584,10.741,4.394,3.828,5.454,10.219,4.92,4.503,6.483,10.231,EssenceCatalog/problems/csplib-prob010-SocialGolfers/params/45c77a9b0cbaae12d726b45e1a19790a.param
-0.973,-0.975,0.959,-0.964,-0.951,0.987,-0.517,0.984,0.959,-0.978,-0.924,0.946,-0.773,0.991,-0.943,-0.592,-0.178,0.792,0.911,0.261,0.94,-0.968,-0.99,-0.759,0.992,0.721,-0.775,-0.607,-0.965,0.991,0.874,0.853,-0.908,0.924,0.478,-0.993,0.943,0.997,0.794,-0.903,-0.977,-0.993,0.699,-0.892,0.988,0.95,0.991,-0.952,-0.994,-0.941,0.987,0.87,0.951,-0.998,0.688,-0.956,-0.882,-0.794,-0.737,-0.857,-0.916,-0.967,0.871,-0.998,0.973,0.924,0.976,0.975,-0.81,0.84,0.878,-0.935,-0.929,-0.767,-0.89,-0.977,-0.983,-0.501,-0.723,0.96,-0.637,0.773,-0.998,-0.963,0.972,0.048,-0.871,0.996,-0.956,-0.964,-0.867,0.879,0.901,-0.961,0.979,-0.988,0.913,0.892,0.857,-0.99,6.977,5.186,10.305,10.298,10.278,10.282,10.289,10.35,6.239,5.367,10.326,10.259,6.551,6.53,10.281,10.234,EssenceCatalog/problems/csplib-prob010-SocialGolfers/params/3e99bc19454da9388564ea94f8dda5e5.param
-0.98,-0.947,0.927,-0.972,-0.958,0.987,-0.021,0.986,0.96,-0.981,-0.939,0.942,-0.645,0.991,-0.923,-0.695,0.215,0.749,0.918,-0.18,0.934,-0.97,-0.987,-0.659,0.992,0.853,-0.804,-0.714,-0.939,0.991,0.838,0.872,-0.898,0.949,0.307,-0.994,0.919,0.997,0.808,-0.941,-0.979,-0.994,0.799,-0.934,0.982,0.898,0.994,-0.969,-0.995,-0.944,0.987,0.893,0.951,-0.998,0.676,-0.957,-0.912,-0.825,-0.85,-0.884,-0.924,-0.976,0.89,-0.998,0.969,0.928,0.976,0.949,-0.836,0.852,0.849,-0.954,-0.953,-0.807,-0.925,-0.967,-0.98,-0.543,-0.698,0.948,-0.495,0.855,-0.999,-0.966,0.959,0.182,-0.915,0.997,-0.947,-0.963,-0.873,0.877,0.922,-0.955,0.985,-0.992,0.929,0.895,0.833,-0.992,7.226,5.22,10.148,10.185,10.193,10.187,10.204,10.28,6.339,5.439,10.191,10.143,6.654,6.736,10.145,10.117,EssenceCatalog/problems/csplib-prob010-SocialGolfers/params/feb6fd87860d3c23e312e1fa5279e3c6.param
-0.979,-0.927,0.899,-0.971,-0.956,0.987,-0.217,0.986,0.958,-0.981,-0.936,0.945,-0.525,0.991,-0.925,-0.687,0.226,0.797,0.945,0.054,0.935,-0.97,-0.986,-0.638,0.992,0.799,-0.754,-0.72,-0.913,0.987,0.903,0.848,-0.889,0.952,0.012,-0.994,0.925,0.997,0.772,-0.942,-0.976,-0.994,0.774,-0.924,0.98,0.877,0.994,-0.97,-0.995,-0.944,0.986,0.86,0.954,-0.998,0.704,-0.953,-0.87,-0.84,-0.836,-0.895,-0.956,-0.974,0.887,-0.998,0.961,0.899,0.976,0.931,-0.825,0.846,0.817,-0.957,-0.949,-0.793,-0.918,-0.958,-0.979,-0.487,-0.686,0.941,-0.48,0.799,-0.999,-0.962,0.951,0.011,-0.915,0.997,-0.945,-0.96,-0.827,0.88,0.918,-0.95,0.984,-0.992,0.927,0.895,0.825,-0.991,6.872,5.114,10.097,10.166,10.202,10.175,10.194,10.278,6.158,5.316,10.134,10.142,6.447,6.521,10.099,10.109,EssenceCatalog/problems/csplib-prob010-SocialGolfers/params/e392137590a5ab4c4f8700d385b4fac6.param
-0.986,-0.963,0.956,-0.981,-0.975,0.991,0.594,0.99,0.969,-0.988,-0.973,0.946,-0.797,0.993,-0.919,-0.751,0.219,0.67,0.784,-0.748,0.942,-0.978,-0.992,-0.666,0.994,0.957,-0.92,-0.772,-0.969,0.995,0.44,0.949,-0.926,0.96,0.752,-0.996,0.882,0.997,0.896,-0.968,-0.989,-0.996,0.886,-0.975,0.987,0.905,0.997,-0.981,-0.996,-0.95,0.991,0.951,0.957,-0.999,0.647,-0.97,-0.98,-0.82,-0.939,-0.888,-0.771,-0.988,0.937,-0.999,0.98,0.972,0.982,0.968,-0.907,0.899,0.924,-0.968,-0.977,-0.887,-0.961,-0.978,-0.987,-0.726,-0.765,0.964,-0.521,0.966,-0.999,-0.983,0.975,0.481,-0.939,0.998,-0.952,-0.978,-0.942,0.907,0.95,-0.97,0.989,-0.994,0.945,0.931,0.872,-0.995,8.085,5.466,10.235,10.251,10.234,10.26,10.275,10.327,6.773,5.736,10.296,10.187,7.148,7.254,10.245,10.186,EssenceCatalog/problems/csplib-prob010-SocialGolfers/params/7f609ff875c8a49d7e4399bf84287024.param
-0.981,-0.94,0.917,-0.974,-0.96,0.988,0.03,0.988,0.961,-0.983,-0.951,0.943,-0.605,0.992,-0.921,-0.679,0.271,0.758,0.923,-0.237,0.935,-0.973,-0.987,-0.609,0.993,0.871,-0.831,-0.737,-0.936,0.991,0.853,0.889,-0.898,0.956,0.277,-0.994,0.916,0.997,0.808,-0.954,-0.981,-0.995,0.809,-0.95,0.981,0.885,0.995,-0.975,-0.996,-0.942,0.987,0.905,0.957,-0.998,0.672,-0.956,-0.935,-0.827,-0.886,-0.891,-0.938,-0.979,0.909,-0.999,0.968,0.933,0.978,0.945,-0.848,0.863,0.852,-0.964,-0.96,-0.825,-0.934,-0.965,-0.981,-0.552,-0.693,0.949,-0.459,0.889,-0.999,-0.971,0.957,0.075,-0.922,0.997,-0.946,-0.965,-0.871,0.879,0.93,-0.957,0.986,-0.992,0.928,0.903,0.829,-0.992,7.232,5.239,10.139,10.187,10.205,10.193,10.21,10.289,6.353,5.459,10.189,10.15,6.66,6.77,10.144,10.121,EssenceCatalog/problems/csplib-prob010-SocialGolfers/params/402bb0ba0d3f2bba2e6dada7db5ce3e1.param
-0.97,-0.983,0.974,-0.96,-0.969,0.991,-0.956,0.981,0.967,-0.962,-0.834,0.986,-0.873,0.991,-0.972,-0.929,-0.892,0.929,0.952,0.944,0.961,-0.974,-0.985,-0.941,0.993,-0.626,0.053,-0.722,-0.948,0.98,0.931,0.466,-0.941,0.941,-0.354,-0.995,0.973,0.998,0.77,-0.775,-0.952,-0.995,0.598,-0.361,0.992,0.974,0.982,-0.93,-0.996,-0.979,0.991,0.488,0.932,-0.997,0.918,-0.971,0.533,-0.931,-0.212,-0.929,-0.91,-0.901,0.703,-0.998,0.96,0.724,0.987,0.982,-0.827,0.834,0.869,-0.866,-0.84,-0.836,-0.857,-0.98,-0.985,-0.55,-0.874,0.958,-0.93,-0.736,-0.998,-0.887,0.982,0.259,-0.909,0.996,-0.977,-0.957,-0.805,0.933,0.867,-0.973,0.978,-0.989,0.955,0.9,0.937,-0.984,5.414,4.398,10.356,10.305,10.244,10.254,10.274,10.298,5.232,4.538,10.341,10.239,5.544,5.089,10.303,10.293,EssenceCatalog/problems/csplib-prob010-SocialGolfers/params/c103dfcdf1801bb0268c7a5fa8911cbd.param
-0.965,-0.979,0.956,-0.952,-0.951,0.987,-0.915,0.981,0.959,-0.971,-0.924,0.964,-0.729,0.992,-0.968,-0.579,-0.518,0.9,0.968,0.847,0.949,-0.968,-0.987,-0.793,0.993,-0.021,-0.508,-0.617,-0.957,0.98,0.974,0.769,-0.928,0.928,-0.161,-0.993,0.963,0.997,0.693,-0.901,-0.969,-0.994,0.52,-0.775,0.988,0.965,0.986,-0.954,-0.994,-0.945,0.987,0.746,0.959,-0.997,0.787,-0.948,-0.627,-0.844,-0.637,-0.884,-0.978,-0.955,0.857,-0.997,0.967,0.847,0.98,0.981,-0.788,0.824,0.859,-0.937,-0.892,-0.759,-0.837,-0.975,-0.983,-0.404,-0.729,0.964,-0.769,0.23,-0.997,-0.948,0.971,-0.625,-0.853,0.997,-0.963,-0.96,-0.767,0.88,0.879,-0.957,0.976,-0.987,0.903,0.896,0.889,-0.987,5.865,4.825,10.344,10.32,10.311,10.281,10.293,10.344,5.631,4.959,10.373,10.311,5.91,5.748,10.33,10.286,EssenceCatalog/problems/csplib-prob010-SocialGolfers/params/baf201975dcdfc3969a25eed96f87934.param
-0.97,-0.982,0.964,-0.96,-0.952,0.988,-0.722,0.983,0.959,-0.979,-0.951,0.947,-0.779,0.992,-0.958,-0.408,-0.271,0.838,0.934,0.469,0.944,-0.969,-0.991,-0.718,0.993,0.626,-0.796,-0.585,-0.974,0.989,0.937,0.884,-0.927,0.925,0.451,-0.993,0.949,0.997,0.78,-0.928,-0.98,-0.994,0.642,-0.909,0.989,0.961,0.991,-0.961,-0.993,-0.928,0.988,0.876,0.962,-0.998,0.68,-0.95,-0.919,-0.771,-0.798,-0.848,-0.959,-0.972,0.905,-0.998,0.975,0.931,0.978,0.984,-0.824,0.846,0.898,-0.949,-0.932,-0.776,-0.881,-0.979,-0.985,-0.494,-0.704,0.968,-0.646,0.797,-0.998,-0.971,0.975,-0.457,-0.849,0.997,-0.957,-0.97,-0.857,0.875,0.903,-0.962,0.977,-0.987,0.894,0.904,0.873,-0.99,6.717,5.186,10.374,10.365,10.358,10.347,10.343,10.394,6.151,5.342,10.407,10.347,6.435,6.423,10.362,10.309,EssenceCatalog/problems/csplib-prob010-SocialGolfers/params/36c5933fbc06d1cd36a5698cb0c587ef.param
-0.975,-0.981,0.966,-0.969,-0.962,0.989,-0.364,0.986,0.961,-0.984,-0.963,0.941,-0.803,0.993,-0.951,-0.464,-0.099,0.789,0.9,-0.019,0.943,-0.973,-0.993,-0.69,0.994,0.832,-0.869,-0.642,-0.978,0.992,0.871,0.921,-0.928,0.936,0.627,-0.994,0.933,0.997,0.834,-0.948,-0.985,-0.994,0.743,-0.947,0.989,0.956,0.994,-0.969,-0.994,-0.931,0.99,0.917,0.962,-0.998,0.64,-0.955,-0.961,-0.767,-0.876,-0.852,-0.929,-0.981,0.923,-0.998,0.979,0.955,0.979,0.983,-0.855,0.867,0.916,-0.958,-0.954,-0.815,-0.916,-0.981,-0.987,-0.574,-0.715,0.97,-0.585,0.91,-0.998,-0.979,0.976,-0.221,-0.88,0.997,-0.954,-0.975,-0.898,0.888,0.922,-0.965,0.981,-0.989,0.908,0.918,0.872,-0.992,7.211,5.325,10.365,10.358,10.344,10.348,10.345,10.398,6.404,5.516,10.406,10.324,6.71,6.761,10.358,10.289,EssenceCatalog/problems/csplib-prob010-SocialGolfers/params/c07352f8a974b7634d6602a5f39cd700.param
-0.964,-0.983,0.967,-0.956,-0.981,0.99,-0.985,0.981,0.964,-0.974,-0.937,0.989,-0.824,0.995,-0.987,-0.869,-0.902,0.96,0.988,0.978,0.966,-0.976,-0.988,-0.909,0.996,-0.838,0.419,-0.783,-0.942,0.955,0.989,0.54,-0.962,0.959,-0.818,-0.994,0.975,0.998,0.692,-0.91,-0.964,-0.995,0.46,-0.336,0.993,0.979,0.982,-0.959,-0.996,-0.974,0.993,0.303,0.958,-0.997,0.922,-0.963,0.637,-0.943,-0.453,-0.95,-0.987,-0.947,0.793,-0.998,0.965,0.676,0.99,0.985,-0.846,0.826,0.882,-0.929,-0.863,-0.829,-0.823,-0.976,-0.989,-0.583,-0.848,0.976,-0.931,-0.805,-0.998,-0.92,0.982,-0.791,-0.919,0.997,-0.979,-0.964,-0.658,0.943,0.876,-0.964,0.976,-0.99,0.942,0.939,0.958,-0.988,4.872,4.299,10.347,10.33,10.33,10.34,10.3,10.287,4.983,4.436,10.371,10.287,5.277,4.857,10.339,10.354,EssenceCatalog/problems/csplib-prob010-SocialGolfers/params/3ebed4f2f51162bd57ad35514e32ad9b.param
-0.989,-0.986,0.991,-0.99,-0.986,0.996,0.268,0.995,0.987,-0.976,-0.862,0.994,-0.976,0.985,-0.89,-0.993,-0.974,0.872,-0.543,-0.132,0.983,-0.991,-0.995,-0.988,0.992,0.788,-0.91,-0.872,-0.963,0.996,-0.903,0.791,-0.948,0.979,0.939,-0.999,0.951,0.998,0.961,-0.655,-0.978,-0.997,0.927,-0.835,0.998,0.951,0.992,-0.945,-0.998,-0.994,0.997,0.8,0.91,-0.998,0.97,-0.995,-0.281,-0.97,-0.193,-0.948,0.915,-0.912,0.837,-0.999,0.968,0.927,0.993,0.977,-0.956,0.92,0.956,-0.859,-0.964,-0.957,-0.985,-0.98,-0.993,-0.949,-0.975,0.939,-0.982,0.153,-0.999,-0.935,0.988,0.993,-0.972,0.999,-0.976,-0.979,-0.967,0.979,0.94,-0.992,0.987,-0.996,0.991,0.957,0.979,-0.992,8.644,5.342,10.287,10.174,10.18,10.203,10.239,10.208,6.881,5.577,10.206,10.171,7.325,6.948,10.197,10.209,EssenceCatalog/problems/csplib-prob010-SocialGolfers/params/ba6bf8da482721a26f46ba78b13e1ec9.param
-0.969,-0.986,0.975,-0.963,-0.988,0.993,-0.989,0.981,0.965,-0.973,-0.928,0.993,-0.89,0.996,-0.989,-0.95,-0.956,0.968,0.988,0.985,0.969,-0.977,-0.988,-0.948,0.996,-0.912,0.674,-0.835,-0.941,0.954,0.983,0.351,-0.968,0.97,-0.874,-0.995,0.977,0.998,0.771,-0.907,-0.96,-0.996,0.504,-0.034,0.994,0.982,0.981,-0.957,-0.996,-0.983,0.995,0.032,0.95,-0.997,0.953,-0.971,0.889,-0.965,-0.306,-0.965,-0.98,-0.924,0.742,-0.998,0.965,0.626,0.992,0.985,-0.871,0.821,0.896,-0.916,-0.847,-0.867,-0.852,-0.979,-0.991,-0.701,-0.88,0.978,-0.961,-0.932,-0.998,-0.9,0.985,-0.636,-0.946,0.998,-0.981,-0.965,-0.715,0.96,0.889,-0.972,0.977,-0.992,0.963,0.946,0.971,-0.988,4.76,4.191,10.328,10.316,10.304,10.34,10.281,10.244,4.891,4.323,10.343,10.255,5.179,4.704,10.315,10.352,EssenceCatalog/problems/csplib-prob010-SocialGolfers/params/f64e039106572c1a3844c02700a34d07.param
-0.977,-0.933,0.895,-0.967,-0.949,0.987,-0.587,0.985,0.958,-0.976,-0.916,0.953,-0.506,0.991,-0.931,-0.682,0.064,0.847,0.961,0.466,0.936,-0.969,-0.983,-0.685,0.992,0.591,-0.644,-0.707,-0.905,0.983,0.945,0.781,-0.886,0.948,-0.214,-0.994,0.941,0.998,0.727,-0.927,-0.969,-0.994,0.708,-0.878,0.98,0.897,0.992,-0.964,-0.995,-0.946,0.984,0.808,0.953,-0.998,0.746,-0.949,-0.753,-0.851,-0.759,-0.901,-0.971,-0.963,0.865,-0.998,0.957,0.854,0.976,0.934,-0.791,0.834,0.793,-0.952,-0.928,-0.768,-0.89,-0.958,-0.976,-0.397,-0.685,0.94,-0.573,0.607,-0.998,-0.947,0.95,-0.162,-0.905,0.996,-0.95,-0.954,-0.78,0.872,0.905,-0.949,0.983,-0.991,0.922,0.882,0.824,-0.989,6.381,4.954,10.115,10.19,10.227,10.19,10.207,10.293,5.898,5.129,10.137,10.181,6.164,6.163,10.113,10.147,EssenceCatalog/problems/csplib-prob010-SocialGolfers/params/317006996892bedfdc18800a2ec86a77.param
-0.978,-0.962,0.944,-0.97,-0.958,0.988,-0.188,0.986,0.959,-0.981,-0.934,0.941,-0.707,0.992,-0.933,-0.666,0.096,0.759,0.919,-0.049,0.935,-0.969,-0.988,-0.705,0.992,0.817,-0.784,-0.681,-0.951,0.991,0.855,0.863,-0.904,0.941,0.357,-0.993,0.929,0.997,0.81,-0.931,-0.979,-0.994,0.765,-0.918,0.984,0.925,0.993,-0.964,-0.995,-0.943,0.987,0.883,0.95,-0.998,0.67,-0.956,-0.901,-0.817,-0.814,-0.874,-0.924,-0.974,0.88,-0.998,0.972,0.929,0.976,0.962,-0.823,0.844,0.861,-0.948,-0.945,-0.791,-0.911,-0.973,-0.981,-0.533,-0.696,0.954,-0.545,0.823,-0.999,-0.965,0.963,0.125,-0.903,0.997,-0.95,-0.963,-0.875,0.878,0.915,-0.956,0.983,-0.991,0.923,0.894,0.845,-0.991,7.143,5.21,10.209,10.226,10.223,10.219,10.233,10.303,6.306,5.417,10.246,10.184,6.619,6.67,10.199,10.157,EssenceCatalog/problems/csplib-prob010-SocialGolfers/params/8240b00030acd3feac243ab98233196a.param
-0.97,-0.981,0.971,-0.958,-0.959,0.99,-0.912,0.98,0.966,-0.959,-0.814,0.98,-0.857,0.989,-0.961,-0.902,-0.809,0.899,0.931,0.888,0.954,-0.971,-0.984,-0.925,0.991,-0.34,-0.19,-0.684,-0.951,0.984,0.895,0.536,-0.927,0.929,-0.085,-0.994,0.968,0.998,0.777,-0.758,-0.951,-0.994,0.62,-0.486,0.991,0.969,0.982,-0.922,-0.995,-0.974,0.989,0.616,0.928,-0.997,0.887,-0.968,0.201,-0.908,-0.243,-0.909,-0.874,-0.901,0.701,-0.998,0.961,0.782,0.983,0.98,-0.807,0.831,0.862,-0.862,-0.843,-0.812,-0.854,-0.98,-0.982,-0.506,-0.848,0.952,-0.901,-0.513,-0.998,-0.892,0.979,0.402,-0.894,0.996,-0.972,-0.952,-0.824,0.917,0.865,-0.97,0.977,-0.988,0.948,0.88,0.918,-0.984,5.769,4.545,10.351,10.288,10.216,10.229,10.259,10.305,5.437,4.692,10.333,10.227,5.764,5.363,10.292,10.262,EssenceCatalog/problems/csplib-prob010-SocialGolfers/params/cc973368dafdb410377190920fb4869b.param
-0.965,-0.981,0.964,-0.956,-0.981,0.99,-0.985,0.981,0.964,-0.973,-0.935,0.988,-0.808,0.995,-0.987,-0.871,-0.889,0.96,0.988,0.978,0.964,-0.976,-0.988,-0.906,0.996,-0.837,0.429,-0.791,-0.938,0.955,0.989,0.532,-0.959,0.96,-0.834,-0.994,0.975,0.998,0.693,-0.914,-0.962,-0.996,0.465,-0.345,0.992,0.978,0.982,-0.96,-0.996,-0.974,0.993,0.317,0.958,-0.997,0.922,-0.962,0.63,-0.944,-0.466,-0.951,-0.988,-0.945,0.796,-0.998,0.964,0.672,0.989,0.984,-0.844,0.829,0.88,-0.934,-0.861,-0.831,-0.824,-0.975,-0.988,-0.567,-0.84,0.975,-0.929,-0.805,-0.998,-0.917,0.981,-0.798,-0.92,0.998,-0.979,-0.961,-0.66,0.94,0.88,-0.964,0.976,-0.991,0.94,0.936,0.956,-0.988,4.864,4.295,10.34,10.325,10.326,10.334,10.294,10.285,4.978,4.434,10.364,10.283,5.27,4.854,10.332,10.351,EssenceCatalog/problems/csplib-prob010-SocialGolfers/params/4f9eecf8537445f5f2a9ad6db02702f0.param
-0.983,-0.952,0.939,-0.976,-0.967,0.989,0.332,0.988,0.964,-0.985,-0.959,0.94,-0.71,0.992,-0.919,-0.72,0.262,0.7,0.876,-0.524,0.935,-0.974,-0.989,-0.64,0.993,0.919,-0.867,-0.747,-0.954,0.993,0.709,0.915,-0.911,0.956,0.538,-0.995,0.9,0.997,0.855,-0.957,-0.984,-0.995,0.849,-0.959,0.984,0.895,0.995,-0.976,-0.996,-0.945,0.989,0.927,0.954,-0.998,0.656,-0.962,-0.957,-0.819,-0.906,-0.886,-0.877,-0.983,0.915,-0.999,0.974,0.954,0.979,0.956,-0.873,0.874,0.887,-0.963,-0.966,-0.849,-0.944,-0.972,-0.983,-0.634,-0.716,0.955,-0.487,0.928,-0.999,-0.976,0.965,0.309,-0.929,0.997,-0.948,-0.97,-0.912,0.889,0.937,-0.962,0.987,-0.993,0.936,0.912,0.849,-0.993,7.654,5.347,10.177,10.203,10.2,10.209,10.225,10.294,6.556,5.594,10.234,10.149,6.898,7.013,10.181,10.131,EssenceCatalog/problems/csplib-prob010-SocialGolfers/params/1443dc81149b81f26c169173dd6dc9fa.param
-0.964,-0.983,0.966,-0.951,-0.967,0.988,-0.97,0.98,0.961,-0.969,-0.911,0.981,-0.798,0.993,-0.979,-0.79,-0.806,0.937,0.977,0.953,0.959,-0.972,-0.987,-0.889,0.994,-0.611,-0.046,-0.685,-0.951,0.973,0.98,0.637,-0.944,0.939,-0.531,-0.994,0.973,0.998,0.689,-0.873,-0.962,-0.994,0.467,-0.533,0.991,0.975,0.983,-0.949,-0.995,-0.965,0.99,0.543,0.955,-0.997,0.881,-0.959,0.115,-0.908,-0.45,-0.921,-0.978,-0.941,0.804,-0.997,0.965,0.755,0.985,0.985,-0.806,0.822,0.864,-0.918,-0.859,-0.793,-0.818,-0.977,-0.985,-0.47,-0.813,0.968,-0.888,-0.518,-0.998,-0.925,0.978,-0.616,-0.88,0.997,-0.974,-0.96,-0.722,0.917,0.87,-0.963,0.975,-0.988,0.927,0.911,0.931,-0.986,5.244,4.478,10.356,10.309,10.298,10.278,10.288,10.307,5.203,4.616,10.384,10.276,5.505,5.149,10.342,10.304,EssenceCatalog/problems/csplib-prob010-SocialGolfers/params/b07bdc4fb5fb3f9b96df916fdfda673d.param
-0.965,-0.98,0.961,-0.953,-0.972,0.989,-0.97,0.981,0.961,-0.973,-0.926,0.981,-0.769,0.994,-0.981,-0.787,-0.782,0.943,0.983,0.953,0.959,-0.972,-0.987,-0.878,0.995,-0.636,0.057,-0.722,-0.944,0.968,0.985,0.639,-0.946,0.948,-0.668,-0.994,0.971,0.998,0.691,-0.9,-0.964,-0.995,0.476,-0.54,0.991,0.974,0.983,-0.957,-0.995,-0.965,0.991,0.512,0.956,-0.997,0.882,-0.956,0.175,-0.915,-0.507,-0.928,-0.985,-0.949,0.813,-0.997,0.965,0.741,0.986,0.983,-0.813,0.822,0.861,-0.932,-0.868,-0.799,-0.821,-0.975,-0.986,-0.479,-0.8,0.969,-0.881,-0.553,-0.998,-0.925,0.976,-0.731,-0.895,0.997,-0.973,-0.961,-0.698,0.924,0.87,-0.958,0.976,-0.989,0.927,0.921,0.934,-0.988,5.149,4.451,10.35,10.319,10.322,10.3,10.298,10.314,5.157,4.591,10.381,10.29,5.453,5.106,10.343,10.322,EssenceCatalog/problems/csplib-prob010-SocialGolfers/params/029475c470abef2d60ace8f6200db50f.param
-0.964,-0.981,0.962,-0.953,-0.969,0.989,-0.968,0.981,0.962,-0.971,-0.92,0.981,-0.776,0.993,-0.98,-0.778,-0.774,0.939,0.981,0.95,0.958,-0.972,-0.987,-0.876,0.994,-0.618,0.011,-0.714,-0.948,0.97,0.984,0.637,-0.945,0.945,-0.625,-0.994,0.971,0.998,0.687,-0.895,-0.963,-0.995,0.472,-0.551,0.99,0.975,0.983,-0.955,-0.995,-0.964,0.99,0.55,0.957,-0.997,0.877,-0.956,0.104,-0.91,-0.504,-0.925,-0.984,-0.946,0.813,-0.997,0.966,0.752,0.985,0.984,-0.808,0.824,0.862,-0.929,-0.867,-0.794,-0.817,-0.976,-0.985,-0.467,-0.795,0.969,-0.88,-0.517,-0.998,-0.925,0.976,-0.711,-0.89,0.997,-0.973,-0.959,-0.71,0.917,0.87,-0.96,0.976,-0.989,0.925,0.915,0.93,-0.987,5.194,4.471,10.354,10.315,10.313,10.288,10.293,10.314,5.183,4.611,10.385,10.287,5.48,5.138,10.345,10.315,EssenceCatalog/problems/csplib-prob010-SocialGolfers/params/9b6c997e6e389445707649a1d7f9eb44.param
-0.972,-0.985,0.984,-0.965,-0.976,0.991,-0.911,0.981,0.972,-0.969,-0.81,0.988,-0.931,0.99,-0.966,-0.971,-0.946,0.91,0.842,0.899,0.968,-0.977,-0.99,-0.966,0.99,-0.361,-0.172,-0.702,-0.951,0.985,0.643,0.511,-0.936,0.941,0.23,-0.996,0.968,0.997,0.86,-0.612,-0.962,-0.995,0.703,-0.356,0.996,0.972,0.98,-0.902,-0.997,-0.985,0.995,0.426,0.9,-0.996,0.938,-0.98,0.613,-0.938,0.007,-0.925,-0.501,-0.892,0.649,-0.998,0.952,0.773,0.987,0.982,-0.872,0.843,0.902,-0.796,-0.858,-0.865,-0.914,-0.98,-0.989,-0.717,-0.928,0.952,-0.956,-0.727,-0.998,-0.887,0.987,0.84,-0.918,0.996,-0.975,-0.969,-0.872,0.96,0.871,-0.98,0.976,-0.99,0.971,0.921,0.958,-0.986,6.03,4.517,10.375,10.299,10.215,10.252,10.283,10.296,5.516,4.667,10.325,10.217,5.871,5.357,10.299,10.283,EssenceCatalog/problems/csplib-prob010-SocialGolfers/params/ord32-6-10-6.param
-0.979,-0.98,0.968,-0.973,-0.968,0.99,-0.112,0.988,0.963,-0.986,-0.97,0.942,-0.823,0.993,-0.948,-0.512,-0.041,0.766,0.868,-0.287,0.944,-0.975,-0.993,-0.684,0.994,0.889,-0.899,-0.678,-0.98,0.994,0.801,0.938,-0.931,0.944,0.71,-0.994,0.923,0.997,0.86,-0.957,-0.987,-0.995,0.79,-0.961,0.99,0.953,0.995,-0.973,-0.995,-0.934,0.991,0.935,0.963,-0.998,0.633,-0.96,-0.974,-0.771,-0.907,-0.856,-0.901,-0.985,0.934,-0.998,0.981,0.965,0.981,0.984,-0.877,0.881,0.928,-0.963,-0.964,-0.842,-0.933,-0.982,-0.988,-0.626,-0.731,0.971,-0.573,0.941,-0.998,-0.982,0.978,-0.08,-0.895,0.998,-0.955,-0.978,-0.918,0.896,0.932,-0.968,0.983,-0.99,0.917,0.926,0.876,-0.993,7.485,5.392,10.365,10.357,10.339,10.352,10.351,10.403,6.536,5.605,10.413,10.316,6.86,6.933,10.363,10.287,EssenceCatalog/problems/csplib-prob010-SocialGolfers/params/73410a11ce746104538dfde8d9377276.param
-0.995,-0.992,0.994,-0.996,-0.997,0.997,0.985,0.998,0.995,-0.993,-0.99,0.995,-0.987,0.995,-0.886,-0.99,-0.901,0.84,-0.927,-0.986,0.978,-0.996,-0.998,-0.979,0.998,0.994,-0.99,-0.964,-0.994,0.998,-0.992,0.984,-0.979,0.991,0.994,-0.999,0.912,0.999,0.991,-0.977,-0.997,-0.999,0.99,-0.99,0.999,0.962,0.999,-0.987,-0.999,-0.993,0.999,0.979,0.963,-0.999,0.968,-0.997,-0.99,-0.973,-0.961,-0.96,0.98,-0.997,0.981,-1.0,0.991,0.992,0.994,0.992,-0.991,0.981,0.99,-0.961,-0.996,-0.988,-0.994,-0.99,-0.997,-0.983,-0.979,0.983,-0.976,0.991,-1.0,-0.994,0.997,0.993,-0.979,1.0,-0.985,-0.994,-0.992,0.984,0.982,-0.994,0.997,-0.998,0.994,0.988,0.987,-0.998,9.649,5.802,10.517,10.433,10.483,10.519,10.495,10.445,7.526,6.108,10.473,10.447,8.012,7.812,10.496,10.487,EssenceCatalog/problems/csplib-prob010-SocialGolfers/params/3dcf29004954a8e350abab7d6238dfe8.param
-0.97,-0.984,0.975,-0.963,-0.951,0.988,-0.508,0.983,0.962,-0.976,-0.921,0.947,-0.858,0.991,-0.949,-0.594,-0.334,0.764,0.873,0.172,0.941,-0.968,-0.991,-0.8,0.992,0.729,-0.794,-0.58,-0.978,0.992,0.808,0.864,-0.922,0.913,0.663,-0.993,0.945,0.997,0.83,-0.889,-0.979,-0.993,0.701,-0.887,0.989,0.967,0.99,-0.945,-0.994,-0.942,0.988,0.894,0.949,-0.997,0.675,-0.96,-0.906,-0.774,-0.71,-0.843,-0.862,-0.965,0.866,-0.998,0.978,0.942,0.977,0.984,-0.819,0.847,0.911,-0.925,-0.925,-0.78,-0.885,-0.983,-0.985,-0.542,-0.739,0.967,-0.697,0.789,-0.998,-0.966,0.979,0.152,-0.863,0.996,-0.961,-0.965,-0.898,0.878,0.899,-0.968,0.978,-0.987,0.913,0.893,0.875,-0.99,7.175,5.247,10.374,10.339,10.298,10.317,10.322,10.374,6.343,5.432,10.391,10.293,6.674,6.626,10.342,10.274,EssenceCatalog/problems/csplib-prob010-SocialGolfers/params/f23b740ba278a66c3b9a076f2acde44e.param
-0.966,-0.981,0.964,-0.954,-0.966,0.989,-0.955,0.981,0.961,-0.968,-0.897,0.979,-0.791,0.992,-0.975,-0.808,-0.75,0.928,0.974,0.932,0.955,-0.97,-0.985,-0.889,0.993,-0.527,-0.052,-0.7,-0.949,0.976,0.975,0.618,-0.937,0.94,-0.512,-0.994,0.97,0.998,0.718,-0.869,-0.959,-0.994,0.511,-0.543,0.99,0.973,0.983,-0.948,-0.995,-0.966,0.989,0.572,0.949,-0.997,0.873,-0.957,0.094,-0.906,-0.453,-0.918,-0.974,-0.938,0.785,-0.997,0.965,0.763,0.984,0.983,-0.795,0.82,0.852,-0.915,-0.858,-0.792,-0.821,-0.977,-0.983,-0.454,-0.798,0.964,-0.876,-0.492,-0.998,-0.916,0.975,-0.488,-0.889,0.997,-0.972,-0.956,-0.751,0.915,0.866,-0.961,0.977,-0.989,0.929,0.902,0.92,-0.986,5.315,4.488,10.342,10.297,10.281,10.258,10.274,10.301,5.235,4.63,10.364,10.262,5.534,5.19,10.324,10.287,EssenceCatalog/problems/csplib-prob010-SocialGolfers/params/de7b225d30cb020aea1d2cf4fb0737b8.param
-0.969,-0.978,0.96,-0.955,-0.937,0.988,-0.818,0.981,0.962,-0.964,-0.87,0.962,-0.784,0.989,-0.949,-0.691,-0.473,0.852,0.932,0.695,0.943,-0.968,-0.986,-0.832,0.992,0.274,-0.587,-0.607,-0.96,0.988,0.92,0.729,-0.911,0.919,0.222,-0.993,0.957,0.997,0.752,-0.853,-0.964,-0.993,0.605,-0.774,0.987,0.96,0.987,-0.937,-0.994,-0.95,0.984,0.809,0.95,-0.997,0.772,-0.957,-0.671,-0.837,-0.527,-0.876,-0.934,-0.936,0.808,-0.998,0.97,0.877,0.978,0.977,-0.779,0.834,0.863,-0.915,-0.884,-0.764,-0.842,-0.978,-0.979,-0.414,-0.749,0.957,-0.769,0.355,-0.998,-0.936,0.973,0.002,-0.861,0.996,-0.965,-0.951,-0.836,0.865,0.882,-0.966,0.977,-0.987,0.918,0.867,0.865,-0.985,6.37,4.934,10.334,10.298,10.255,10.254,10.271,10.337,5.875,5.088,10.341,10.263,6.184,6.019,10.294,10.252,EssenceCatalog/problems/csplib-prob010-SocialGolfers/params/30a02b20e1df46c9a56f77a017579fa4.param
-0.994,-0.985,0.99,-0.995,-0.995,0.996,0.99,0.997,0.993,-0.992,-0.99,0.988,-0.975,0.994,-0.885,-0.982,-0.623,0.654,-0.816,-0.992,0.962,-0.993,-0.997,-0.946,0.997,0.995,-0.987,-0.943,-0.992,0.998,-0.989,0.988,-0.974,0.985,0.988,-0.999,0.8,0.998,0.988,-0.983,-0.996,-0.998,0.984,-0.99,0.996,0.944,0.999,-0.985,-0.998,-0.988,0.998,0.985,0.948,-0.999,0.905,-0.994,-0.994,-0.945,-0.975,-0.939,0.948,-0.996,0.977,-0.999,0.99,0.993,0.99,0.989,-0.986,0.972,0.989,-0.967,-0.995,-0.982,-0.992,-0.99,-0.994,-0.966,-0.954,0.981,-0.929,0.994,-1.0,-0.993,0.994,0.984,-0.977,1.0,-0.976,-0.992,-0.993,0.975,0.982,-0.991,0.996,-0.998,0.99,0.981,0.974,-0.997,9.564,5.752,10.388,10.321,10.368,10.398,10.374,10.324,7.465,6.058,10.363,10.322,7.931,7.773,10.381,10.366,EssenceCatalog/problems/csplib-prob010-SocialGolfers/params/1e0dff26d92091d583098051d037938b.param
-0.977,-0.992,0.993,-0.971,-0.978,0.993,-0.768,0.986,0.975,-0.969,-0.788,0.99,-0.973,0.987,-0.955,-0.985,-0.97,0.883,0.466,0.73,0.974,-0.981,-0.993,-0.982,0.989,0.01,-0.537,-0.725,-0.971,0.993,-0.112,0.603,-0.942,0.952,0.72,-0.997,0.968,0.997,0.928,-0.535,-0.967,-0.995,0.763,-0.477,0.997,0.979,0.982,-0.906,-0.997,-0.989,0.995,0.604,0.889,-0.996,0.95,-0.988,0.382,-0.95,0.113,-0.923,0.319,-0.869,0.679,-0.998,0.967,0.874,0.989,0.989,-0.898,0.852,0.93,-0.786,-0.886,-0.899,-0.948,-0.987,-0.99,-0.851,-0.946,0.951,-0.973,-0.633,-0.998,-0.887,0.988,0.953,-0.938,0.997,-0.974,-0.974,-0.941,0.968,0.896,-0.987,0.977,-0.991,0.981,0.932,0.969,-0.986,6.981,4.791,10.352,10.228,10.152,10.191,10.231,10.225,5.994,4.943,10.28,10.167,6.371,5.845,10.25,10.231,EssenceCatalog/problems/csplib-prob010-SocialGolfers/params/03ed772479441587cdc0677894b3ab73.param
-0.971,-0.983,0.982,-0.965,-0.97,0.991,-0.866,0.982,0.972,-0.965,-0.797,0.985,-0.924,0.988,-0.96,-0.959,-0.916,0.886,0.824,0.841,0.963,-0.976,-0.989,-0.956,0.99,-0.183,-0.292,-0.704,-0.955,0.987,0.615,0.542,-0.931,0.932,0.303,-0.995,0.965,0.997,0.849,-0.64,-0.959,-0.994,0.726,-0.459,0.994,0.971,0.981,-0.9,-0.996,-0.982,0.993,0.587,0.904,-0.996,0.916,-0.979,0.386,-0.925,-0.083,-0.916,-0.475,-0.898,0.67,-0.998,0.956,0.801,0.986,0.981,-0.86,0.855,0.904,-0.807,-0.863,-0.856,-0.908,-0.98,-0.988,-0.665,-0.911,0.953,-0.941,-0.575,-0.998,-0.899,0.986,0.824,-0.915,0.996,-0.974,-0.964,-0.873,0.948,0.866,-0.979,0.977,-0.989,0.966,0.91,0.948,-0.986,6.252,4.63,10.398,10.32,10.234,10.268,10.299,10.328,5.661,4.784,10.347,10.247,6.018,5.55,10.317,10.299,EssenceCatalog/problems/csplib-prob010-SocialGolfers/params/1a2ea6c1e796f72664f52c3b2d8a4348.param
-0.974,-0.942,0.919,-0.966,-0.956,0.986,-0.63,0.983,0.958,-0.973,-0.876,0.96,-0.635,0.99,-0.936,-0.801,-0.219,0.846,0.951,0.567,0.937,-0.966,-0.983,-0.812,0.991,0.436,-0.463,-0.698,-0.908,0.983,0.904,0.698,-0.888,0.939,-0.196,-0.993,0.943,0.997,0.776,-0.877,-0.964,-0.993,0.708,-0.768,0.984,0.914,0.988,-0.948,-0.995,-0.959,0.986,0.722,0.934,-0.998,0.792,-0.954,-0.432,-0.875,-0.579,-0.9,-0.937,-0.948,0.792,-0.998,0.956,0.828,0.975,0.94,-0.787,0.825,0.811,-0.921,-0.903,-0.759,-0.882,-0.962,-0.976,-0.431,-0.741,0.939,-0.706,0.236,-0.998,-0.927,0.96,0.217,-0.908,0.996,-0.953,-0.95,-0.799,0.896,0.884,-0.95,0.981,-0.991,0.934,0.876,0.86,-0.988,6.283,4.821,10.181,10.214,10.216,10.2,10.221,10.296,5.785,5.003,10.18,10.184,6.087,5.952,10.154,10.174,EssenceCatalog/problems/csplib-prob010-SocialGolfers/params/88d938795cb9b5b85b1788f927002c6c.param
-0.99,-0.981,0.984,-0.99,-0.99,0.994,0.93,0.994,0.984,-0.992,-0.987,0.968,-0.945,0.994,-0.921,-0.91,-0.162,0.605,0.065,-0.963,0.953,-0.986,-0.996,-0.829,0.996,0.987,-0.966,-0.871,-0.989,0.998,-0.764,0.98,-0.96,0.972,0.951,-0.997,0.828,0.997,0.967,-0.981,-0.995,-0.997,0.953,-0.986,0.994,0.945,0.998,-0.985,-0.998,-0.972,0.996,0.979,0.954,-0.999,0.731,-0.984,-0.993,-0.874,-0.969,-0.908,0.268,-0.994,0.96,-0.999,0.989,0.99,0.987,0.987,-0.961,0.947,0.977,-0.97,-0.99,-0.952,-0.982,-0.989,-0.992,-0.885,-0.875,0.98,-0.767,0.989,-0.999,-0.992,0.99,0.865,-0.962,0.999,-0.968,-0.987,-0.983,0.948,0.97,-0.985,0.993,-0.996,0.975,0.967,0.937,-0.997,9.13,5.66,10.289,10.261,10.263,10.289,10.293,10.289,7.245,5.963,10.303,10.216,7.683,7.646,10.286,10.255,EssenceCatalog/problems/csplib-prob010-SocialGolfers/params/62bf9244739de002c36f860ec816a26d.param
-0.969,-0.979,0.958,-0.959,-0.952,0.987,-0.75,0.983,0.958,-0.978,-0.943,0.949,-0.747,0.992,-0.958,-0.472,-0.262,0.848,0.946,0.55,0.943,-0.968,-0.99,-0.729,0.993,0.542,-0.736,-0.603,-0.967,0.987,0.947,0.856,-0.922,0.928,0.274,-0.993,0.951,0.997,0.762,-0.924,-0.978,-0.994,0.626,-0.886,0.988,0.959,0.99,-0.96,-0.994,-0.933,0.987,0.85,0.96,-0.998,0.699,-0.948,-0.876,-0.793,-0.769,-0.861,-0.965,-0.969,0.891,-0.998,0.973,0.914,0.978,0.981,-0.807,0.838,0.88,-0.947,-0.924,-0.765,-0.871,-0.977,-0.984,-0.461,-0.698,0.965,-0.657,0.711,-0.998,-0.965,0.971,-0.467,-0.857,0.997,-0.956,-0.966,-0.836,0.876,0.898,-0.959,0.977,-0.988,0.898,0.902,0.87,-0.99,6.546,5.108,10.344,10.341,10.339,10.321,10.321,10.376,6.044,5.262,10.375,10.326,6.323,6.294,10.332,10.289,EssenceCatalog/problems/csplib-prob010-SocialGolfers/params/d9aac1f4c0cc888f2e93bdaab075c0df.param
-0.971,-0.986,0.973,-0.965,-0.959,0.989,-0.554,0.985,0.962,-0.983,-0.962,0.944,-0.839,0.993,-0.959,-0.387,-0.248,0.805,0.902,0.155,0.945,-0.972,-0.993,-0.718,0.994,0.775,-0.861,-0.594,-0.982,0.992,0.89,0.922,-0.936,0.927,0.67,-0.993,0.941,0.996,0.834,-0.939,-0.985,-0.994,0.699,-0.938,0.991,0.967,0.992,-0.964,-0.994,-0.928,0.99,0.915,0.963,-0.998,0.643,-0.955,-0.96,-0.748,-0.851,-0.835,-0.933,-0.979,0.921,-0.998,0.98,0.956,0.979,0.988,-0.854,0.863,0.927,-0.954,-0.948,-0.805,-0.902,-0.983,-0.988,-0.566,-0.72,0.973,-0.636,0.892,-0.998,-0.979,0.98,-0.336,-0.856,0.997,-0.958,-0.975,-0.897,0.885,0.915,-0.967,0.979,-0.987,0.898,0.916,0.883,-0.992,7.09,5.313,10.418,10.396,10.376,10.379,10.373,10.42,6.357,5.486,10.454,10.366,6.658,6.677,10.407,10.33,EssenceCatalog/problems/csplib-prob010-SocialGolfers/params/5f2c8fb8f18664ebb89cd43f390144a5.param
-0.991,0.998,-0.994,-0.993,-0.981,0.984,-0.964,0.985,0.991,-0.97,-0.99,0.983,0.995,0.994,-0.917,-0.965,-0.859,0.988,0.986,0.962,0.968,-0.992,-0.981,0.778,0.997,0.915,-0.74,-0.933,0.996,-0.946,0.863,0.492,-0.935,0.986,-0.985,-0.999,0.476,0.999,-0.782,-0.923,-0.985,-0.997,0.963,-0.976,0.994,-0.996,0.994,-0.978,-0.998,-0.989,0.997,-0.885,0.982,-0.999,0.97,-0.974,0.808,-0.965,-0.944,-0.984,-0.989,-0.977,0.966,-0.998,-0.975,-0.956,0.986,-0.997,-0.969,0.974,0.824,-0.966,-0.989,-0.934,-0.986,0.995,-0.992,-0.815,-0.975,0.783,-0.802,0.967,-0.998,-0.99,0.954,0.842,-0.944,0.999,-0.91,-0.98,0.946,0.954,0.951,-0.907,0.986,-0.995,0.985,0.976,0.901,-0.995,4.308,3.535,4.841,10.251,10.516,10.396,10.57,10.788,4.256,3.751,4.891,10.148,4.825,4.456,5.937,10.151,EssenceCatalog/problems/csplib-prob010-SocialGolfers/params/6eb7cd514e400a45297943429fecbcd8.param
-0.975,-0.951,0.936,-0.968,-0.962,0.987,-0.514,0.984,0.958,-0.976,-0.887,0.957,-0.702,0.991,-0.942,-0.808,-0.203,0.821,0.947,0.415,0.935,-0.965,-0.985,-0.816,0.99,0.531,-0.488,-0.693,-0.924,0.986,0.883,0.731,-0.898,0.941,-0.109,-0.993,0.938,0.997,0.802,-0.887,-0.97,-0.993,0.714,-0.778,0.984,0.927,0.989,-0.95,-0.994,-0.957,0.987,0.755,0.931,-0.998,0.768,-0.956,-0.534,-0.874,-0.589,-0.896,-0.927,-0.955,0.794,-0.998,0.963,0.865,0.976,0.949,-0.795,0.821,0.831,-0.921,-0.914,-0.759,-0.886,-0.967,-0.979,-0.491,-0.731,0.945,-0.681,0.314,-0.998,-0.936,0.96,0.239,-0.911,0.996,-0.952,-0.952,-0.833,0.902,0.883,-0.951,0.982,-0.991,0.936,0.882,0.872,-0.989,6.493,4.902,10.223,10.235,10.229,10.218,10.24,10.308,5.904,5.094,10.229,10.197,6.216,6.108,10.194,10.185,EssenceCatalog/problems/csplib-prob010-SocialGolfers/params/c3103449cd815ed311eecab6061a6dbe.param
-0.982,-0.981,0.986,-0.98,-0.984,0.994,-0.7,0.988,0.981,-0.972,-0.824,0.992,-0.953,0.989,-0.946,-0.991,-0.967,0.898,0.532,0.712,0.973,-0.984,-0.993,-0.981,0.99,0.152,-0.498,-0.791,-0.937,0.989,-0.267,0.565,-0.939,0.963,0.627,-0.997,0.956,0.998,0.926,-0.545,-0.971,-0.996,0.845,-0.507,0.997,0.954,0.984,-0.914,-0.998,-0.991,0.996,0.487,0.891,-0.997,0.962,-0.989,0.576,-0.962,0.061,-0.941,0.36,-0.88,0.702,-0.998,0.945,0.822,0.99,0.972,-0.918,0.893,0.936,-0.81,-0.917,-0.919,-0.965,-0.975,-0.991,-0.865,-0.958,0.948,-0.975,-0.624,-0.998,-0.902,0.988,0.973,-0.953,0.998,-0.974,-0.975,-0.933,0.975,0.905,-0.987,0.982,-0.993,0.985,0.941,0.973,-0.989,7.024,4.775,10.324,10.256,10.202,10.232,10.273,10.261,6.005,4.944,10.243,10.2,6.384,5.863,10.234,10.267,EssenceCatalog/problems/csplib-prob010-SocialGolfers/params/e992c27901c135fdc87d9ed779fedd02.param
-0.995,-0.985,0.99,-0.995,-0.996,0.996,0.991,0.998,0.994,-0.992,-0.99,0.992,-0.978,0.993,-0.865,-0.989,-0.8,0.769,-0.908,-0.991,0.967,-0.995,-0.997,-0.966,0.997,0.995,-0.989,-0.961,-0.991,0.998,-0.993,0.986,-0.976,0.989,0.991,-0.999,0.841,0.998,0.989,-0.98,-0.996,-0.999,0.989,-0.99,0.997,0.939,0.999,-0.986,-0.999,-0.991,0.999,0.981,0.956,-0.999,0.952,-0.996,-0.992,-0.965,-0.972,-0.954,0.975,-0.996,0.981,-1.0,0.989,0.991,0.992,0.987,-0.989,0.978,0.989,-0.965,-0.996,-0.987,-0.993,-0.987,-0.995,-0.978,-0.972,0.979,-0.961,0.993,-1.0,-0.993,0.995,0.991,-0.978,1.0,-0.979,-0.993,-0.991,0.981,0.983,-0.992,0.996,-0.998,0.993,0.985,0.982,-0.997,9.62,5.779,10.454,10.38,10.431,10.464,10.441,10.39,7.501,6.087,10.417,10.39,7.98,7.795,10.44,10.433,EssenceCatalog/problems/csplib-prob010-SocialGolfers/params/cf87666fa91ed7c481d01eb96809d6d7.param
-0.975,-0.933,0.9,-0.966,-0.954,0.986,-0.597,0.984,0.958,-0.977,-0.91,0.953,-0.53,0.991,-0.935,-0.716,-0.015,0.849,0.959,0.491,0.938,-0.968,-0.984,-0.727,0.992,0.566,-0.584,-0.699,-0.903,0.982,0.935,0.766,-0.886,0.944,-0.224,-0.993,0.94,0.997,0.741,-0.914,-0.97,-0.994,0.707,-0.85,0.982,0.901,0.991,-0.959,-0.995,-0.95,0.985,0.77,0.947,-0.998,0.758,-0.95,-0.663,-0.856,-0.714,-0.899,-0.963,-0.963,0.845,-0.998,0.954,0.842,0.975,0.934,-0.79,0.83,0.799,-0.943,-0.922,-0.761,-0.887,-0.957,-0.977,-0.408,-0.705,0.94,-0.611,0.524,-0.998,-0.944,0.954,-0.051,-0.904,0.996,-0.949,-0.955,-0.778,0.887,0.896,-0.947,0.982,-0.991,0.925,0.887,0.84,-0.989,6.355,4.917,10.129,10.198,10.23,10.199,10.216,10.295,5.868,5.095,10.143,10.184,6.144,6.108,10.122,10.156,EssenceCatalog/problems/csplib-prob010-SocialGolfers/params/762f7b1ad9d8ebcdd57d605197696f35.param
-0.969,-0.975,0.96,-0.957,-0.962,0.989,-0.931,0.981,0.964,-0.964,-0.86,0.978,-0.789,0.991,-0.966,-0.86,-0.751,0.912,0.96,0.906,0.953,-0.97,-0.984,-0.899,0.992,-0.367,-0.134,-0.694,-0.94,0.978,0.946,0.574,-0.929,0.934,-0.345,-0.994,0.966,0.998,0.739,-0.822,-0.956,-0.994,0.588,-0.533,0.99,0.964,0.983,-0.936,-0.995,-0.97,0.989,0.582,0.94,-0.997,0.878,-0.962,0.148,-0.904,-0.357,-0.913,-0.944,-0.924,0.744,-0.998,0.958,0.75,0.983,0.976,-0.803,0.832,0.851,-0.892,-0.856,-0.798,-0.841,-0.975,-0.982,-0.456,-0.822,0.956,-0.879,-0.445,-0.998,-0.909,0.977,0.001,-0.893,0.996,-0.971,-0.954,-0.775,0.915,0.865,-0.964,0.978,-0.989,0.94,0.889,0.912,-0.986,5.54,4.516,10.32,10.289,10.247,10.241,10.265,10.304,5.339,4.66,10.319,10.242,5.642,5.287,10.282,10.267,EssenceCatalog/problems/csplib-prob010-SocialGolfers/params/26c3502fd9febdd9674fec88abf8a662.param
-0.982,-0.956,0.942,-0.976,-0.968,0.989,0.288,0.988,0.964,-0.986,-0.963,0.941,-0.717,0.993,-0.927,-0.692,0.225,0.72,0.881,-0.492,0.939,-0.974,-0.991,-0.646,0.993,0.919,-0.872,-0.734,-0.957,0.993,0.737,0.921,-0.914,0.955,0.539,-0.995,0.904,0.997,0.855,-0.958,-0.985,-0.995,0.841,-0.96,0.985,0.903,0.996,-0.976,-0.996,-0.943,0.99,0.924,0.956,-0.998,0.651,-0.962,-0.959,-0.815,-0.908,-0.883,-0.889,-0.985,0.919,-0.999,0.974,0.955,0.979,0.961,-0.875,0.875,0.891,-0.963,-0.968,-0.845,-0.944,-0.973,-0.984,-0.635,-0.723,0.957,-0.485,0.932,-0.999,-0.978,0.967,0.248,-0.925,0.997,-0.948,-0.973,-0.91,0.896,0.936,-0.961,0.986,-0.993,0.934,0.918,0.855,-0.993,7.621,5.353,10.204,10.227,10.226,10.234,10.248,10.313,6.55,5.595,10.261,10.175,6.889,7.001,10.209,10.155,EssenceCatalog/problems/csplib-prob010-SocialGolfers/params/8e7c05e8f307a080268fddb58ef23d3e.param
-0.965,-0.98,0.96,-0.951,-0.943,0.987,-0.911,0.98,0.961,-0.97,-0.913,0.964,-0.758,0.991,-0.964,-0.571,-0.566,0.891,0.956,0.828,0.949,-0.969,-0.988,-0.805,0.993,0.075,-0.587,-0.57,-0.962,0.982,0.962,0.774,-0.927,0.917,0.067,-0.993,0.963,0.997,0.704,-0.88,-0.97,-0.994,0.526,-0.787,0.989,0.965,0.986,-0.947,-0.994,-0.943,0.986,0.772,0.959,-0.997,0.777,-0.953,-0.684,-0.828,-0.589,-0.874,-0.969,-0.949,0.852,-0.997,0.966,0.859,0.98,0.982,-0.792,0.832,0.873,-0.929,-0.891,-0.759,-0.84,-0.976,-0.984,-0.409,-0.754,0.964,-0.777,0.343,-0.997,-0.95,0.975,-0.472,-0.839,0.996,-0.965,-0.959,-0.787,0.876,0.878,-0.963,0.975,-0.986,0.903,0.89,0.885,-0.986,6.066,4.895,10.362,10.331,10.309,10.292,10.303,10.354,5.743,5.03,10.386,10.314,6.033,5.869,10.34,10.293,EssenceCatalog/problems/csplib-prob010-SocialGolfers/params/7eb427edfe9f8285445d1139a2550b91.param
-0.969,-0.98,0.975,-0.962,-0.964,0.987,-0.802,0.98,0.964,-0.968,-0.82,0.975,-0.883,0.989,-0.958,-0.899,-0.788,0.854,0.874,0.749,0.955,-0.97,-0.988,-0.928,0.99,0.097,-0.413,-0.633,-0.958,0.988,0.752,0.639,-0.919,0.917,0.318,-0.994,0.957,0.997,0.822,-0.726,-0.963,-0.993,0.68,-0.577,0.992,0.967,0.982,-0.908,-0.995,-0.972,0.991,0.67,0.911,-0.996,0.862,-0.971,-0.042,-0.891,-0.223,-0.891,-0.714,-0.924,0.708,-0.998,0.963,0.845,0.981,0.979,-0.817,0.836,0.887,-0.837,-0.871,-0.8,-0.884,-0.979,-0.985,-0.579,-0.859,0.954,-0.88,-0.219,-0.998,-0.916,0.981,0.659,-0.892,0.995,-0.967,-0.961,-0.86,0.93,0.855,-0.969,0.975,-0.987,0.949,0.896,0.923,-0.986,6.388,4.765,10.383,10.317,10.242,10.275,10.3,10.34,5.785,4.928,10.352,10.25,6.139,5.784,10.312,10.279,EssenceCatalog/problems/csplib-prob010-SocialGolfers/params/8117f5631d0e62cb004b6a1a743b6c19.param
-0.986,-0.945,0.94,-0.981,-0.974,0.99,0.662,0.99,0.971,-0.986,-0.966,0.944,-0.76,0.992,-0.907,-0.829,0.254,0.647,0.792,-0.774,0.935,-0.977,-0.99,-0.661,0.993,0.95,-0.889,-0.801,-0.954,0.994,0.332,0.931,-0.925,0.964,0.645,-0.995,0.864,0.997,0.897,-0.963,-0.987,-0.995,0.898,-0.967,0.985,0.878,0.996,-0.979,-0.997,-0.955,0.99,0.942,0.95,-0.999,0.674,-0.97,-0.965,-0.843,-0.927,-0.899,-0.725,-0.986,0.918,-0.999,0.975,0.964,0.981,0.952,-0.902,0.897,0.914,-0.964,-0.975,-0.887,-0.959,-0.972,-0.984,-0.711,-0.758,0.958,-0.548,0.95,-0.999,-0.98,0.971,0.585,-0.945,0.998,-0.953,-0.974,-0.937,0.905,0.945,-0.967,0.99,-0.994,0.955,0.925,0.87,-0.994,8.103,5.431,10.174,10.203,10.191,10.212,10.234,10.291,6.754,5.708,10.231,10.137,7.135,7.236,10.185,10.143,EssenceCatalog/problems/csplib-prob010-SocialGolfers/params/1eeac776abd9f0bc4233e56d71cc2365.param
-0.993,0.998,-0.992,-0.993,-0.985,0.985,-0.971,0.986,0.992,-0.977,-0.986,0.987,0.995,0.995,-0.92,-0.981,-0.859,0.991,0.989,0.973,0.969,-0.992,-0.985,0.623,0.997,0.888,-0.646,-0.924,0.996,-0.922,0.873,0.487,-0.917,0.987,-0.987,-0.999,0.535,1.0,-0.668,-0.919,-0.984,-0.998,0.96,-0.967,0.994,-0.996,0.994,-0.978,-0.999,-0.991,0.997,-0.914,0.98,-0.999,0.978,-0.977,0.884,-0.975,-0.917,-0.986,-0.99,-0.972,0.962,-0.999,-0.971,-0.957,0.987,-0.997,-0.965,0.97,0.828,-0.965,-0.988,-0.942,-0.986,0.993,-0.993,-0.8,-0.977,0.774,-0.829,0.941,-0.999,-0.988,0.964,0.886,-0.947,0.999,-0.913,-0.983,0.937,0.965,0.953,-0.919,0.987,-0.996,0.987,0.973,0.909,-0.995,4.301,3.519,4.9,10.265,10.535,10.419,10.586,10.799,4.252,3.741,4.94,10.164,4.82,4.431,5.99,10.172,EssenceCatalog/problems/csplib-prob010-SocialGolfers/params/4a1edb53e6037353ea0cbe6330fed7fe.param
-0.975,-0.939,0.916,-0.966,-0.953,0.986,-0.579,0.984,0.958,-0.973,-0.878,0.958,-0.622,0.989,-0.931,-0.789,-0.153,0.836,0.947,0.497,0.936,-0.966,-0.983,-0.795,0.991,0.511,-0.528,-0.695,-0.909,0.984,0.896,0.719,-0.886,0.94,-0.142,-0.993,0.941,0.997,0.772,-0.882,-0.964,-0.993,0.715,-0.798,0.983,0.91,0.989,-0.95,-0.995,-0.957,0.985,0.753,0.936,-0.998,0.777,-0.954,-0.525,-0.867,-0.61,-0.896,-0.935,-0.951,0.803,-0.998,0.956,0.84,0.975,0.938,-0.788,0.827,0.808,-0.925,-0.91,-0.762,-0.889,-0.962,-0.976,-0.429,-0.734,0.938,-0.676,0.349,-0.998,-0.931,0.959,0.241,-0.907,0.996,-0.952,-0.95,-0.805,0.89,0.886,-0.951,0.982,-0.991,0.934,0.875,0.851,-0.988,6.41,4.876,10.166,10.204,10.209,10.192,10.214,10.293,5.861,5.062,10.168,10.174,6.163,6.059,10.141,10.16,EssenceCatalog/problems/csplib-prob010-SocialGolfers/params/d256221aaa517456184eaaa2467d21e7.param
-0.97,-0.982,0.965,-0.961,-0.954,0.988,-0.695,0.983,0.96,-0.981,-0.955,0.946,-0.787,0.993,-0.959,-0.396,-0.272,0.832,0.93,0.412,0.944,-0.97,-0.992,-0.715,0.993,0.669,-0.808,-0.582,-0.976,0.989,0.929,0.895,-0.93,0.925,0.498,-0.993,0.946,0.997,0.794,-0.93,-0.982,-0.994,0.654,-0.915,0.99,0.961,0.991,-0.961,-0.993,-0.928,0.989,0.882,0.962,-0.998,0.671,-0.951,-0.93,-0.763,-0.809,-0.845,-0.955,-0.975,0.908,-0.998,0.975,0.937,0.978,0.984,-0.833,0.851,0.907,-0.95,-0.936,-0.781,-0.886,-0.979,-0.986,-0.511,-0.709,0.97,-0.643,0.826,-0.998,-0.973,0.977,-0.438,-0.849,0.997,-0.957,-0.971,-0.864,0.88,0.906,-0.963,0.977,-0.987,0.895,0.909,0.878,-0.991,6.794,5.215,10.384,10.375,10.366,10.359,10.353,10.402,6.195,5.374,10.418,10.355,6.483,6.478,10.374,10.317,EssenceCatalog/problems/csplib-prob010-SocialGolfers/params/f90c7a957f36ec822003803c7dfd4942.param
-0.97,-0.975,0.951,-0.959,-0.952,0.987,-0.785,0.983,0.958,-0.978,-0.938,0.951,-0.71,0.992,-0.958,-0.512,-0.268,0.861,0.955,0.622,0.944,-0.968,-0.989,-0.733,0.993,0.464,-0.691,-0.613,-0.96,0.985,0.956,0.836,-0.918,0.93,0.119,-0.993,0.951,0.997,0.745,-0.921,-0.976,-0.994,0.613,-0.87,0.987,0.955,0.99,-0.959,-0.994,-0.936,0.987,0.823,0.959,-0.998,0.721,-0.948,-0.832,-0.808,-0.749,-0.87,-0.971,-0.967,0.883,-0.998,0.969,0.897,0.977,0.978,-0.801,0.832,0.866,-0.946,-0.919,-0.76,-0.868,-0.975,-0.983,-0.439,-0.699,0.962,-0.665,0.638,-0.998,-0.961,0.969,-0.489,-0.861,0.997,-0.956,-0.965,-0.816,0.879,0.894,-0.956,0.977,-0.988,0.901,0.9,0.868,-0.989,6.391,5.044,10.321,10.327,10.333,10.309,10.311,10.369,5.951,5.195,10.351,10.317,6.226,6.181,10.311,10.28,EssenceCatalog/problems/csplib-prob010-SocialGolfers/params/9b827becd1fda4b723b4ec6c0e6613b0.param
-0.97,-0.971,0.95,-0.959,-0.948,0.986,-0.736,0.982,0.959,-0.974,-0.909,0.953,-0.723,0.991,-0.949,-0.615,-0.299,0.84,0.94,0.583,0.942,-0.966,-0.988,-0.78,0.992,0.497,-0.65,-0.607,-0.955,0.986,0.925,0.795,-0.908,0.922,0.201,-0.993,0.95,0.997,0.755,-0.889,-0.971,-0.993,0.64,-0.834,0.987,0.949,0.988,-0.948,-0.994,-0.944,0.986,0.81,0.95,-0.997,0.738,-0.953,-0.757,-0.817,-0.653,-0.869,-0.946,-0.957,0.847,-0.998,0.966,0.885,0.976,0.972,-0.792,0.832,0.859,-0.928,-0.908,-0.751,-0.863,-0.974,-0.981,-0.433,-0.726,0.958,-0.693,0.564,-0.998,-0.951,0.97,-0.106,-0.866,0.996,-0.958,-0.959,-0.823,0.879,0.886,-0.958,0.977,-0.988,0.912,0.886,0.864,-0.988,6.505,5.015,10.291,10.29,10.278,10.269,10.277,10.339,5.974,5.178,10.307,10.265,6.27,6.186,10.266,10.241,EssenceCatalog/problems/csplib-prob010-SocialGolfers/params/6970fce1e7fdc7d63ccfcd62d4511015.param
-0.995,-0.981,0.988,-0.995,-0.996,0.996,0.992,0.997,0.994,-0.992,-0.991,0.99,-0.973,0.994,-0.873,-0.987,-0.696,0.705,-0.86,-0.993,0.963,-0.994,-0.997,-0.952,0.997,0.995,-0.987,-0.953,-0.99,0.998,-0.992,0.987,-0.974,0.987,0.988,-0.999,0.793,0.998,0.989,-0.983,-0.996,-0.999,0.987,-0.99,0.997,0.931,0.999,-0.986,-0.999,-0.989,0.998,0.984,0.95,-0.999,0.927,-0.995,-0.993,-0.955,-0.975,-0.946,0.964,-0.996,0.979,-1.0,0.988,0.992,0.991,0.986,-0.987,0.975,0.989,-0.968,-0.995,-0.984,-0.992,-0.987,-0.994,-0.97,-0.963,0.979,-0.944,0.993,-1.0,-0.993,0.994,0.987,-0.979,1.0,-0.977,-0.993,-0.992,0.978,0.982,-0.991,0.996,-0.998,0.992,0.983,0.977,-0.997,9.587,5.761,10.408,10.34,10.39,10.421,10.397,10.346,7.478,6.068,10.378,10.345,7.949,7.78,10.399,10.389,EssenceCatalog/problems/csplib-prob010-SocialGolfers/params/9dfcc5be1e7d30dc53f65cb501f26651.param
-0.969,-0.97,0.947,-0.959,-0.954,0.986,-0.765,0.982,0.957,-0.976,-0.912,0.955,-0.707,0.991,-0.953,-0.636,-0.308,0.857,0.951,0.648,0.944,-0.965,-0.987,-0.789,0.992,0.409,-0.584,-0.626,-0.949,0.984,0.941,0.777,-0.909,0.927,0.024,-0.993,0.951,0.997,0.746,-0.892,-0.971,-0.993,0.625,-0.811,0.988,0.948,0.988,-0.949,-0.994,-0.945,0.987,0.771,0.949,-0.997,0.756,-0.951,-0.681,-0.834,-0.641,-0.878,-0.957,-0.959,0.837,-0.998,0.965,0.868,0.976,0.971,-0.786,0.824,0.845,-0.928,-0.905,-0.744,-0.858,-0.972,-0.981,-0.43,-0.723,0.957,-0.698,0.459,-0.998,-0.947,0.968,-0.195,-0.872,0.996,-0.957,-0.96,-0.804,0.889,0.881,-0.953,0.977,-0.988,0.914,0.892,0.87,-0.989,6.314,4.941,10.28,10.283,10.28,10.263,10.273,10.332,5.864,5.101,10.296,10.262,6.153,6.053,10.258,10.238,EssenceCatalog/problems/csplib-prob010-SocialGolfers/params/182078d0d671e671fbe2d1507071ef7d.param
-0.968,-0.987,0.978,-0.958,-0.974,0.991,-0.969,0.981,0.966,-0.963,-0.86,0.988,-0.889,0.992,-0.978,-0.925,-0.91,0.937,0.964,0.958,0.963,-0.973,-0.986,-0.944,0.993,-0.726,0.2,-0.735,-0.956,0.978,0.952,0.464,-0.95,0.945,-0.471,-0.995,0.975,0.998,0.776,-0.807,-0.954,-0.995,0.552,-0.293,0.993,0.98,0.981,-0.937,-0.996,-0.979,0.992,0.457,0.938,-0.997,0.922,-0.97,0.579,-0.936,-0.222,-0.935,-0.937,-0.908,0.713,-0.998,0.965,0.728,0.988,0.986,-0.83,0.83,0.88,-0.875,-0.836,-0.837,-0.841,-0.982,-0.986,-0.576,-0.868,0.966,-0.938,-0.792,-0.998,-0.894,0.983,-0.02,-0.912,0.997,-0.978,-0.959,-0.802,0.938,0.866,-0.974,0.978,-0.989,0.952,0.911,0.946,-0.985,5.251,4.356,10.372,10.309,10.256,10.269,10.269,10.284,5.151,4.496,10.368,10.246,5.458,4.999,10.327,10.308,EssenceCatalog/problems/csplib-prob010-SocialGolfers/params/fe1f8414b30fd6229377e4a62bb1a8e3.param
-0.978,-0.902,0.886,-0.971,-0.96,0.987,-0.356,0.985,0.962,-0.974,-0.885,0.958,-0.56,0.99,-0.924,-0.85,-0.068,0.819,0.945,0.299,0.931,-0.968,-0.982,-0.776,0.991,0.625,-0.499,-0.743,-0.868,0.983,0.841,0.722,-0.887,0.95,-0.237,-0.994,0.925,0.997,0.803,-0.891,-0.967,-0.993,0.776,-0.817,0.981,0.87,0.99,-0.955,-0.995,-0.962,0.986,0.749,0.928,-0.998,0.783,-0.957,-0.493,-0.884,-0.643,-0.908,-0.915,-0.956,0.798,-0.998,0.95,0.833,0.976,0.901,-0.814,0.842,0.817,-0.93,-0.925,-0.785,-0.908,-0.949,-0.975,-0.473,-0.742,0.932,-0.659,0.382,-0.999,-0.934,0.956,0.4,-0.927,0.996,-0.949,-0.947,-0.813,0.901,0.891,-0.949,0.985,-0.992,0.946,0.882,0.856,-0.99,6.571,4.89,10.106,10.176,10.197,10.177,10.204,10.287,5.926,5.098,10.109,10.143,6.239,6.162,10.09,10.134,EssenceCatalog/problems/csplib-prob010-SocialGolfers/params/83cc28e813838dc7c2cbd35aea57781b.param
-0.983,-0.954,0.94,-0.975,-0.965,0.989,0.246,0.988,0.963,-0.985,-0.956,0.94,-0.707,0.992,-0.92,-0.704,0.24,0.71,0.88,-0.456,0.936,-0.973,-0.989,-0.653,0.993,0.912,-0.864,-0.73,-0.953,0.993,0.735,0.911,-0.908,0.952,0.536,-0.995,0.905,0.997,0.848,-0.953,-0.984,-0.995,0.837,-0.955,0.984,0.899,0.995,-0.974,-0.996,-0.944,0.989,0.921,0.953,-0.998,0.658,-0.962,-0.952,-0.816,-0.894,-0.883,-0.884,-0.982,0.912,-0.999,0.973,0.951,0.978,0.957,-0.866,0.87,0.883,-0.96,-0.964,-0.839,-0.941,-0.972,-0.983,-0.62,-0.718,0.955,-0.488,0.922,-0.999,-0.975,0.966,0.303,-0.923,0.997,-0.948,-0.97,-0.905,0.889,0.934,-0.961,0.986,-0.993,0.934,0.909,0.848,-0.993,7.595,5.334,10.182,10.208,10.205,10.214,10.229,10.297,6.529,5.575,10.236,10.156,6.868,6.973,10.184,10.137,EssenceCatalog/problems/csplib-prob010-SocialGolfers/params/024a425d739ebc1de26b6432fe96912d.param
-0.972,-0.985,0.975,-0.964,-0.986,0.993,-0.988,0.981,0.967,-0.969,-0.91,0.993,-0.884,0.995,-0.987,-0.955,-0.955,0.966,0.986,0.984,0.968,-0.977,-0.987,-0.952,0.996,-0.904,0.63,-0.83,-0.937,0.959,0.98,0.33,-0.965,0.967,-0.846,-0.995,0.978,0.998,0.767,-0.891,-0.957,-0.996,0.537,-0.046,0.993,0.981,0.982,-0.954,-0.997,-0.985,0.995,0.095,0.947,-0.997,0.954,-0.973,0.882,-0.965,-0.278,-0.964,-0.976,-0.914,0.735,-0.998,0.963,0.618,0.992,0.983,-0.87,0.834,0.895,-0.911,-0.847,-0.873,-0.856,-0.98,-0.99,-0.672,-0.887,0.975,-0.962,-0.93,-0.998,-0.892,0.986,-0.492,-0.942,0.998,-0.982,-0.963,-0.731,0.956,0.891,-0.975,0.978,-0.992,0.963,0.939,0.967,-0.987,4.815,4.198,10.329,10.316,10.295,10.329,10.278,10.252,4.917,4.332,10.339,10.253,5.205,4.724,10.31,10.349,EssenceCatalog/problems/csplib-prob010-SocialGolfers/params/0fac67b95985ba4afb84efa0ec732a2b.param
-0.993,-0.975,0.982,-0.993,-0.992,0.995,0.982,0.996,0.989,-0.991,-0.989,0.979,-0.95,0.993,-0.884,-0.965,-0.282,0.586,-0.503,-0.988,0.954,-0.99,-0.996,-0.878,0.996,0.993,-0.979,-0.915,-0.987,0.998,-0.958,0.985,-0.965,0.981,0.973,-0.998,0.769,0.998,0.98,-0.984,-0.995,-0.998,0.975,-0.989,0.994,0.914,0.999,-0.986,-0.998,-0.981,0.996,0.984,0.947,-0.999,0.823,-0.99,-0.994,-0.917,-0.976,-0.925,0.786,-0.995,0.97,-0.999,0.987,0.992,0.988,0.982,-0.976,0.962,0.981,-0.971,-0.993,-0.971,-0.989,-0.987,-0.992,-0.937,-0.921,0.978,-0.837,0.993,-0.999,-0.992,0.99,0.959,-0.975,0.999,-0.969,-0.989,-0.989,0.961,0.978,-0.988,0.995,-0.997,0.985,0.973,0.952,-0.997,9.404,5.696,10.27,10.23,10.265,10.292,10.275,10.239,7.371,6.001,10.268,10.211,7.816,7.718,10.275,10.259,EssenceCatalog/problems/csplib-prob010-SocialGolfers/params/bddd50b0e90fe3dce8bdb77f69e5206e.param
-0.991,0.997,-0.99,-0.993,-0.982,0.984,-0.97,0.985,0.991,-0.974,-0.989,0.984,0.993,0.994,-0.934,-0.965,-0.854,0.988,0.988,0.966,0.966,-0.991,-0.985,0.68,0.997,0.895,-0.676,-0.923,0.993,-0.924,0.876,0.566,-0.939,0.984,-0.982,-0.999,0.571,0.999,-0.665,-0.921,-0.985,-0.997,0.958,-0.97,0.994,-0.993,0.994,-0.977,-0.999,-0.989,0.997,-0.869,0.98,-0.999,0.97,-0.973,0.807,-0.963,-0.928,-0.982,-0.989,-0.977,0.96,-0.998,-0.963,-0.943,0.986,-0.994,-0.967,0.973,0.863,-0.965,-0.987,-0.934,-0.984,0.992,-0.993,-0.782,-0.973,0.825,-0.826,0.956,-0.998,-0.99,0.964,0.803,-0.939,0.999,-0.917,-0.98,0.927,0.958,0.944,-0.92,0.986,-0.995,0.984,0.974,0.912,-0.995,4.318,3.55,4.935,10.269,10.541,10.42,10.583,10.794,4.275,3.766,4.981,10.171,4.834,4.46,6.022,10.175,EssenceCatalog/problems/csplib-prob010-SocialGolfers/params/f640c5dc46c9c0dce70f2e7c5dc5f376.param
-0.97,-0.977,0.962,-0.959,-0.966,0.99,-0.945,0.982,0.965,-0.963,-0.863,0.982,-0.8,0.991,-0.97,-0.882,-0.773,0.925,0.971,0.928,0.954,-0.971,-0.983,-0.905,0.993,-0.541,0.043,-0.743,-0.939,0.977,0.961,0.513,-0.935,0.944,-0.541,-0.994,0.969,0.998,0.739,-0.846,-0.952,-0.995,0.576,-0.476,0.989,0.969,0.983,-0.944,-0.995,-0.973,0.989,0.558,0.942,-0.997,0.892,-0.961,0.302,-0.92,-0.36,-0.927,-0.959,-0.919,0.739,-0.998,0.962,0.729,0.984,0.978,-0.802,0.833,0.847,-0.903,-0.85,-0.815,-0.835,-0.977,-0.981,-0.462,-0.818,0.959,-0.894,-0.61,-0.998,-0.897,0.975,-0.179,-0.908,0.996,-0.973,-0.951,-0.772,0.916,0.87,-0.965,0.98,-0.99,0.943,0.891,0.918,-0.985,5.314,4.426,10.32,10.283,10.251,10.239,10.255,10.289,5.207,4.57,10.325,10.238,5.504,5.122,10.288,10.276,EssenceCatalog/problems/csplib-prob010-SocialGolfers/params/5a5daca4d0c608e04caa7e010862e59e.param
-0.978,-0.929,0.896,-0.969,-0.952,0.987,-0.38,0.986,0.958,-0.978,-0.924,0.949,-0.525,0.991,-0.927,-0.696,0.159,0.816,0.953,0.234,0.934,-0.969,-0.984,-0.658,0.992,0.714,-0.698,-0.725,-0.908,0.986,0.922,0.812,-0.888,0.951,-0.123,-0.994,0.932,0.998,0.753,-0.935,-0.972,-0.994,0.748,-0.904,0.979,0.888,0.993,-0.968,-0.995,-0.946,0.984,0.843,0.953,-0.998,0.721,-0.951,-0.821,-0.847,-0.803,-0.9,-0.963,-0.969,0.873,-0.998,0.96,0.879,0.976,0.931,-0.808,0.84,0.803,-0.955,-0.94,-0.782,-0.907,-0.957,-0.977,-0.443,-0.681,0.94,-0.524,0.713,-0.999,-0.954,0.949,-0.058,-0.914,0.997,-0.948,-0.955,-0.808,0.872,0.912,-0.95,0.984,-0.992,0.925,0.887,0.822,-0.99,6.648,5.039,10.104,10.176,10.212,10.179,10.198,10.285,6.039,5.23,10.133,10.159,6.317,6.359,10.103,10.125,EssenceCatalog/problems/csplib-prob010-SocialGolfers/params/7c2e2f4a2997ba50c495b941814604c4.param
-0.991,0.985,-0.91,-0.994,-0.992,0.984,0.526,0.988,0.994,-0.989,-0.991,0.98,0.963,0.993,-0.851,-0.977,-0.46,0.959,0.799,-0.383,0.957,-0.988,-0.99,-0.369,0.995,0.996,-0.935,-0.903,0.95,0.274,-0.66,0.942,-0.916,0.989,-0.107,-0.999,0.45,0.998,0.85,-0.961,-0.996,-0.996,0.983,-0.99,0.996,-0.989,0.997,-0.988,-0.998,-0.986,0.998,-0.101,0.968,-0.999,0.958,-0.982,-0.737,-0.95,-0.961,-0.974,-0.727,-0.99,0.982,-0.999,-0.738,-0.089,0.982,-0.986,-0.979,0.963,0.959,-0.972,-0.993,-0.961,-0.992,0.944,-0.993,-0.919,-0.976,0.917,-0.733,0.995,-0.999,-0.996,0.976,0.979,-0.945,0.999,-0.898,-0.989,-0.1,0.984,0.968,-0.935,0.992,-0.995,0.99,0.975,0.905,-0.997,6.61,4.292,6.146,9.805,10.257,10.127,10.196,10.393,5.505,4.696,6.246,9.772,6.139,5.983,7.137,9.895,EssenceCatalog/problems/csplib-prob010-SocialGolfers/params/911e02e7d955355d4a75eea47de86506.param
-0.968,-0.977,0.961,-0.956,-0.96,0.989,-0.944,0.981,0.965,-0.962,-0.863,0.979,-0.792,0.991,-0.968,-0.843,-0.763,0.918,0.964,0.919,0.954,-0.971,-0.984,-0.895,0.993,-0.428,-0.135,-0.692,-0.944,0.978,0.956,0.576,-0.933,0.935,-0.374,-0.994,0.968,0.998,0.719,-0.834,-0.955,-0.994,0.56,-0.545,0.99,0.967,0.983,-0.939,-0.995,-0.969,0.988,0.606,0.945,-0.997,0.877,-0.961,0.085,-0.903,-0.369,-0.914,-0.955,-0.923,0.758,-0.998,0.96,0.753,0.983,0.979,-0.799,0.836,0.855,-0.9,-0.857,-0.8,-0.83,-0.976,-0.982,-0.443,-0.815,0.959,-0.88,-0.443,-0.998,-0.911,0.976,-0.152,-0.89,0.996,-0.973,-0.953,-0.768,0.909,0.867,-0.966,0.978,-0.989,0.936,0.889,0.912,-0.985,5.484,4.517,10.332,10.293,10.254,10.242,10.266,10.306,5.317,4.659,10.339,10.249,5.62,5.267,10.298,10.274,EssenceCatalog/problems/csplib-prob010-SocialGolfers/params/f25add42840a94d9e8aeeefde68bf41f.param
-0.97,-0.984,0.97,-0.962,-0.95,0.988,-0.616,0.984,0.961,-0.978,-0.942,0.946,-0.825,0.992,-0.954,-0.468,-0.296,0.799,0.904,0.292,0.943,-0.97,-0.992,-0.752,0.993,0.708,-0.81,-0.579,-0.978,0.991,0.887,0.884,-0.926,0.918,0.611,-0.993,0.945,0.997,0.813,-0.914,-0.98,-0.994,0.676,-0.909,0.99,0.964,0.991,-0.954,-0.994,-0.933,0.988,0.896,0.958,-0.997,0.668,-0.956,-0.927,-0.761,-0.774,-0.843,-0.923,-0.971,0.895,-0.998,0.977,0.942,0.978,0.985,-0.828,0.853,0.911,-0.941,-0.931,-0.781,-0.886,-0.981,-0.986,-0.519,-0.726,0.97,-0.668,0.827,-0.998,-0.971,0.978,-0.169,-0.854,0.997,-0.96,-0.969,-0.883,0.876,0.904,-0.967,0.978,-0.987,0.902,0.902,0.874,-0.99,6.989,5.243,10.387,10.364,10.338,10.343,10.342,10.394,6.279,5.414,10.413,10.332,6.586,6.566,10.366,10.301,EssenceCatalog/problems/csplib-prob010-SocialGolfers/params/fba11328fed318d3ab3068338347a30e.param
-0.974,-0.98,0.963,-0.966,-0.958,0.988,-0.554,0.985,0.96,-0.982,-0.96,0.943,-0.776,0.993,-0.954,-0.428,-0.14,0.817,0.923,0.217,0.943,-0.971,-0.992,-0.686,0.993,0.76,-0.843,-0.623,-0.975,0.991,0.916,0.909,-0.927,0.934,0.524,-0.993,0.94,0.997,0.808,-0.944,-0.983,-0.994,0.701,-0.936,0.989,0.956,0.993,-0.967,-0.994,-0.929,0.989,0.9,0.963,-0.998,0.656,-0.952,-0.948,-0.769,-0.855,-0.85,-0.951,-0.978,0.918,-0.998,0.977,0.946,0.979,0.983,-0.842,0.858,0.905,-0.957,-0.947,-0.8,-0.903,-0.979,-0.986,-0.535,-0.702,0.968,-0.596,0.874,-0.998,-0.976,0.974,-0.379,-0.869,0.997,-0.954,-0.973,-0.877,0.882,0.916,-0.962,0.98,-0.988,0.9,0.912,0.869,-0.992,6.961,5.264,10.365,10.362,10.356,10.349,10.346,10.4,6.283,5.436,10.403,10.337,6.572,6.606,10.358,10.299,EssenceCatalog/problems/csplib-prob010-SocialGolfers/params/7182b0eb9856a72d8b6162a8bc20f75d.param
-0.974,-0.978,0.959,-0.966,-0.958,0.988,-0.518,0.985,0.959,-0.983,-0.958,0.943,-0.762,0.993,-0.952,-0.458,-0.11,0.812,0.924,0.194,0.943,-0.971,-0.991,-0.686,0.993,0.769,-0.834,-0.629,-0.972,0.991,0.912,0.903,-0.923,0.935,0.491,-0.993,0.939,0.997,0.806,-0.942,-0.983,-0.994,0.708,-0.934,0.988,0.953,0.993,-0.967,-0.994,-0.93,0.989,0.896,0.961,-0.998,0.657,-0.952,-0.943,-0.775,-0.85,-0.856,-0.95,-0.978,0.915,-0.998,0.976,0.942,0.978,0.98,-0.838,0.856,0.9,-0.956,-0.946,-0.797,-0.904,-0.978,-0.986,-0.53,-0.703,0.967,-0.589,0.869,-0.998,-0.974,0.973,-0.324,-0.874,0.997,-0.954,-0.972,-0.875,0.883,0.915,-0.962,0.98,-0.989,0.904,0.912,0.866,-0.992,6.972,5.255,10.345,10.347,10.342,10.335,10.334,10.39,6.28,5.43,10.383,10.321,6.571,6.608,10.338,10.283,EssenceCatalog/problems/csplib-prob010-SocialGolfers/params/b983ca5023732c67c96489160e81ed7f.param
-0.973,-0.957,0.928,-0.96,-0.96,0.988,-0.897,0.983,0.962,-0.97,-0.893,0.973,-0.623,0.991,-0.959,-0.798,-0.469,0.917,0.977,0.862,0.946,-0.969,-0.983,-0.835,0.993,-0.17,-0.201,-0.724,-0.912,0.976,0.971,0.632,-0.911,0.95,-0.574,-0.994,0.961,0.998,0.73,-0.898,-0.96,-0.994,0.595,-0.68,0.985,0.941,0.987,-0.956,-0.995,-0.962,0.987,0.616,0.949,-0.998,0.849,-0.952,-0.124,-0.901,-0.536,-0.919,-0.979,-0.939,0.803,-0.998,0.957,0.757,0.98,0.96,-0.786,0.822,0.809,-0.936,-0.881,-0.785,-0.846,-0.967,-0.978,-0.394,-0.748,0.95,-0.794,-0.221,-0.998,-0.914,0.962,-0.37,-0.904,0.997,-0.962,-0.951,-0.736,0.902,0.884,-0.953,0.98,-0.991,0.932,0.884,0.884,-0.987,5.505,4.572,10.234,10.252,10.256,10.223,10.246,10.298,5.358,4.721,10.25,10.231,5.632,5.392,10.223,10.234,EssenceCatalog/problems/csplib-prob010-SocialGolfers/params/675d530d59eb06f62cbbee28995c5dc1.param
-0.966,-0.981,0.962,-0.952,-0.943,0.987,-0.897,0.98,0.961,-0.969,-0.906,0.963,-0.772,0.991,-0.962,-0.594,-0.558,0.883,0.951,0.807,0.948,-0.969,-0.988,-0.813,0.993,0.112,-0.582,-0.578,-0.963,0.983,0.955,0.769,-0.925,0.917,0.116,-0.993,0.962,0.997,0.714,-0.872,-0.969,-0.993,0.544,-0.78,0.989,0.965,0.986,-0.944,-0.994,-0.946,0.986,0.777,0.956,-0.997,0.777,-0.953,-0.674,-0.827,-0.576,-0.872,-0.961,-0.947,0.844,-0.997,0.966,0.862,0.979,0.982,-0.788,0.829,0.873,-0.923,-0.888,-0.756,-0.84,-0.977,-0.983,-0.412,-0.753,0.963,-0.78,0.34,-0.997,-0.949,0.975,-0.394,-0.839,0.996,-0.965,-0.958,-0.8,0.876,0.877,-0.963,0.975,-0.986,0.906,0.886,0.883,-0.986,6.123,4.902,10.361,10.327,10.299,10.286,10.297,10.349,5.767,5.04,10.381,10.305,6.061,5.895,10.335,10.287,EssenceCatalog/problems/csplib-prob010-SocialGolfers/params/910063cf5fc3188d4bf3b3a43110ee99.param
-0.977,-0.993,0.992,-0.976,-0.969,0.992,0.094,0.989,0.974,-0.981,-0.933,0.961,-0.96,0.991,-0.953,-0.763,-0.55,0.698,0.506,-0.517,0.952,-0.978,-0.995,-0.89,0.994,0.89,-0.909,-0.665,-0.992,0.997,0.077,0.923,-0.944,0.931,0.921,-0.995,0.944,0.997,0.923,-0.904,-0.986,-0.995,0.833,-0.931,0.994,0.983,0.994,-0.952,-0.995,-0.961,0.993,0.952,0.947,-0.997,0.713,-0.979,-0.963,-0.793,-0.773,-0.858,-0.259,-0.976,0.892,-0.999,0.99,0.978,0.984,0.994,-0.897,0.892,0.959,-0.923,-0.954,-0.868,-0.932,-0.991,-0.991,-0.757,-0.818,0.976,-0.803,0.903,-0.999,-0.979,0.988,0.675,-0.894,0.998,-0.971,-0.977,-0.959,0.907,0.924,-0.983,0.984,-0.99,0.952,0.924,0.918,-0.993,8.301,5.506,10.427,10.371,10.327,10.371,10.383,10.405,6.876,5.756,10.428,10.323,7.286,7.204,10.39,10.329,EssenceCatalog/problems/csplib-prob010-SocialGolfers/params/cd271eeadb4e899e184b9b86303297f7.param
-0.991,-0.973,0.986,-0.992,-0.988,0.996,0.456,0.995,0.99,-0.976,-0.884,0.995,-0.962,0.985,-0.858,-0.995,-0.975,0.882,-0.642,-0.269,0.982,-0.993,-0.995,-0.986,0.993,0.86,-0.924,-0.901,-0.939,0.994,-0.946,0.81,-0.949,0.983,0.938,-0.999,0.938,0.998,0.961,-0.678,-0.981,-0.997,0.952,-0.873,0.998,0.911,0.993,-0.944,-0.999,-0.995,0.997,0.795,0.91,-0.998,0.975,-0.995,-0.263,-0.974,-0.335,-0.955,0.945,-0.925,0.857,-0.999,0.949,0.911,0.994,0.958,-0.966,0.943,0.961,-0.862,-0.974,-0.967,-0.989,-0.966,-0.993,-0.957,-0.982,0.938,-0.986,0.332,-0.999,-0.948,0.99,0.995,-0.976,0.999,-0.978,-0.98,-0.962,0.981,0.944,-0.993,0.989,-0.996,0.993,0.961,0.98,-0.992,8.815,5.394,10.253,10.169,10.194,10.214,10.244,10.211,6.971,5.645,10.169,10.17,7.424,7.075,10.172,10.21,EssenceCatalog/problems/csplib-prob010-SocialGolfers/params/637ab48feaf1c1b1820e1b4068fcd949.param
-0.966,-0.984,0.97,-0.956,-0.979,0.991,-0.985,0.981,0.964,-0.97,-0.922,0.989,-0.838,0.994,-0.986,-0.884,-0.904,0.958,0.985,0.978,0.965,-0.975,-0.987,-0.92,0.995,-0.835,0.381,-0.769,-0.946,0.963,0.986,0.516,-0.958,0.957,-0.778,-0.994,0.977,0.998,0.702,-0.895,-0.96,-0.995,0.465,-0.316,0.992,0.98,0.982,-0.956,-0.996,-0.975,0.993,0.335,0.956,-0.997,0.923,-0.965,0.631,-0.943,-0.401,-0.948,-0.984,-0.936,0.782,-0.998,0.966,0.688,0.989,0.985,-0.838,0.827,0.877,-0.924,-0.854,-0.832,-0.821,-0.979,-0.988,-0.569,-0.851,0.974,-0.934,-0.814,-0.998,-0.912,0.982,-0.708,-0.916,0.997,-0.979,-0.961,-0.693,0.939,0.88,-0.967,0.977,-0.99,0.943,0.93,0.954,-0.987,4.908,4.299,10.349,10.319,10.309,10.32,10.285,10.278,4.995,4.437,10.369,10.273,5.29,4.862,10.334,10.34,EssenceCatalog/problems/csplib-prob010-SocialGolfers/params/c01ff955ed00f981069a0a78e39d3f98.param
-0.964,-0.981,0.96,-0.952,-0.949,0.987,-0.908,0.98,0.96,-0.971,-0.925,0.962,-0.756,0.992,-0.967,-0.547,-0.539,0.89,0.96,0.824,0.949,-0.968,-0.989,-0.793,0.993,0.074,-0.572,-0.59,-0.962,0.981,0.967,0.788,-0.929,0.921,0.009,-0.993,0.962,0.997,0.704,-0.893,-0.971,-0.994,0.526,-0.793,0.989,0.966,0.986,-0.95,-0.993,-0.942,0.987,0.769,0.96,-0.997,0.773,-0.95,-0.695,-0.826,-0.633,-0.875,-0.972,-0.955,0.859,-0.997,0.967,0.862,0.979,0.983,-0.794,0.829,0.873,-0.933,-0.894,-0.755,-0.839,-0.976,-0.984,-0.42,-0.736,0.966,-0.769,0.349,-0.997,-0.953,0.974,-0.574,-0.841,0.996,-0.964,-0.961,-0.784,0.878,0.878,-0.96,0.975,-0.987,0.9,0.895,0.889,-0.987,6.027,4.895,10.364,10.336,10.321,10.298,10.307,10.356,5.729,5.029,10.392,10.323,6.014,5.864,10.346,10.298,EssenceCatalog/problems/csplib-prob010-SocialGolfers/params/32a2b23d91f7de02109938177976c76c.param
-0.971,-0.987,0.978,-0.961,-0.981,0.993,-0.981,0.981,0.967,-0.965,-0.877,0.992,-0.893,0.993,-0.982,-0.951,-0.941,0.955,0.976,0.976,0.966,-0.976,-0.986,-0.953,0.994,-0.853,0.459,-0.795,-0.948,0.973,0.968,0.37,-0.957,0.959,-0.711,-0.995,0.978,0.998,0.778,-0.844,-0.952,-0.996,0.558,-0.137,0.993,0.981,0.982,-0.945,-0.996,-0.983,0.993,0.282,0.94,-0.997,0.944,-0.973,0.804,-0.955,-0.234,-0.953,-0.957,-0.904,0.713,-0.998,0.965,0.672,0.99,0.985,-0.851,0.833,0.881,-0.893,-0.834,-0.861,-0.852,-0.982,-0.987,-0.621,-0.883,0.968,-0.954,-0.9,-0.998,-0.88,0.984,-0.183,-0.931,0.997,-0.981,-0.96,-0.783,0.947,0.883,-0.975,0.979,-0.991,0.961,0.923,0.958,-0.985,5.005,4.251,10.35,10.31,10.271,10.296,10.268,10.265,5.012,4.39,10.348,10.245,5.309,4.825,10.314,10.329,EssenceCatalog/problems/csplib-prob010-SocialGolfers/params/4b87b2fe0f92cdf75f17ae3d4fee25f9.param
-0.968,-0.975,0.95,-0.957,-0.951,0.987,-0.847,0.982,0.958,-0.976,-0.936,0.955,-0.697,0.992,-0.962,-0.52,-0.33,0.879,0.963,0.727,0.945,-0.968,-0.988,-0.744,0.993,0.306,-0.633,-0.615,-0.957,0.983,0.967,0.816,-0.92,0.932,-0.022,-0.993,0.956,0.997,0.721,-0.919,-0.974,-0.994,0.577,-0.845,0.987,0.957,0.989,-0.959,-0.994,-0.937,0.987,0.795,0.96,-0.998,0.744,-0.946,-0.78,-0.822,-0.723,-0.876,-0.977,-0.964,0.878,-0.998,0.968,0.879,0.978,0.978,-0.793,0.827,0.858,-0.946,-0.911,-0.758,-0.856,-0.974,-0.983,-0.42,-0.7,0.962,-0.692,0.521,-0.998,-0.956,0.968,-0.581,-0.859,0.997,-0.958,-0.963,-0.793,0.878,0.89,-0.955,0.977,-0.988,0.9,0.899,0.873,-0.989,6.176,4.965,10.318,10.321,10.329,10.298,10.304,10.36,5.828,5.109,10.349,10.316,6.098,6.022,10.31,10.28,EssenceCatalog/problems/csplib-prob010-SocialGolfers/params/1d994426f529a01a6c9f8d54a3d74744.param
-0.991,-0.993,0.996,-0.993,-0.992,0.997,0.823,0.997,0.991,-0.987,-0.941,0.995,-0.989,0.989,-0.892,-0.991,-0.968,0.839,-0.878,-0.807,0.986,-0.994,-0.998,-0.989,0.996,0.959,-0.975,-0.913,-0.989,0.998,-0.976,0.938,-0.955,0.981,0.99,-0.999,0.952,0.998,0.98,-0.824,-0.991,-0.998,0.968,-0.946,0.999,0.973,0.996,-0.957,-0.999,-0.994,0.998,0.936,0.919,-0.998,0.968,-0.996,-0.877,-0.966,-0.628,-0.951,0.98,-0.977,0.917,-0.999,0.984,0.974,0.993,0.991,-0.979,0.954,0.981,-0.878,-0.986,-0.971,-0.991,-0.989,-0.996,-0.971,-0.983,0.967,-0.984,0.852,-0.999,-0.975,0.995,0.994,-0.969,0.999,-0.984,-0.99,-0.984,0.981,0.953,-0.994,0.991,-0.997,0.992,0.978,0.985,-0.996,9.42,5.675,10.402,10.299,10.335,10.37,10.363,10.313,7.361,5.962,10.347,10.308,7.837,7.587,10.357,10.346,EssenceCatalog/problems/csplib-prob010-SocialGolfers/params/5d641aa0c9915ff39a004ddfbe19718a.param
-0.966,-0.979,0.956,-0.953,-0.948,0.987,-0.897,0.981,0.959,-0.971,-0.925,0.961,-0.733,0.992,-0.965,-0.548,-0.472,0.89,0.964,0.811,0.947,-0.967,-0.988,-0.779,0.993,0.094,-0.569,-0.607,-0.96,0.982,0.97,0.786,-0.926,0.927,-0.057,-0.993,0.961,0.997,0.701,-0.903,-0.97,-0.994,0.535,-0.802,0.988,0.964,0.987,-0.954,-0.994,-0.942,0.986,0.777,0.96,-0.997,0.765,-0.948,-0.707,-0.831,-0.658,-0.878,-0.976,-0.956,0.864,-0.997,0.968,0.863,0.979,0.981,-0.789,0.828,0.863,-0.939,-0.897,-0.759,-0.839,-0.976,-0.983,-0.405,-0.72,0.964,-0.749,0.354,-0.997,-0.95,0.97,-0.598,-0.85,0.997,-0.962,-0.96,-0.784,0.873,0.883,-0.958,0.976,-0.987,0.899,0.893,0.882,-0.987,6.006,4.889,10.343,10.322,10.313,10.285,10.294,10.348,5.719,5.025,10.373,10.313,5.997,5.864,10.328,10.284,EssenceCatalog/problems/csplib-prob010-SocialGolfers/params/39578b6633a8db38fdd46f9fce70f6d4.param
-0.974,-0.984,0.971,-0.968,-0.962,0.989,-0.445,0.985,0.962,-0.984,-0.965,0.942,-0.829,0.993,-0.956,-0.409,-0.18,0.796,0.894,0.034,0.945,-0.973,-0.993,-0.706,0.994,0.822,-0.874,-0.614,-0.981,0.992,0.873,0.928,-0.934,0.931,0.685,-0.994,0.936,0.996,0.84,-0.945,-0.986,-0.994,0.727,-0.946,0.991,0.962,0.993,-0.967,-0.994,-0.929,0.991,0.919,0.963,-0.998,0.64,-0.956,-0.965,-0.751,-0.869,-0.839,-0.926,-0.981,0.926,-0.998,0.98,0.959,0.979,0.986,-0.859,0.868,0.926,-0.956,-0.953,-0.813,-0.911,-0.982,-0.988,-0.584,-0.724,0.972,-0.61,0.912,-0.998,-0.98,0.979,-0.266,-0.866,0.997,-0.956,-0.976,-0.901,0.89,0.92,-0.967,0.98,-0.988,0.903,0.92,0.882,-0.992,7.197,5.336,10.4,10.384,10.366,10.373,10.367,10.415,6.408,5.52,10.439,10.352,6.714,6.751,10.391,10.317,EssenceCatalog/problems/csplib-prob010-SocialGolfers/params/3da45efec169d665d6d308496af0c2c5.param
-0.976,-0.973,0.953,-0.968,-0.961,0.988,-0.392,0.986,0.96,-0.983,-0.959,0.942,-0.739,0.993,-0.948,-0.513,-0.021,0.801,0.924,0.068,0.941,-0.972,-0.991,-0.666,0.993,0.804,-0.836,-0.664,-0.968,0.991,0.9,0.904,-0.921,0.942,0.444,-0.994,0.932,0.997,0.813,-0.949,-0.983,-0.994,0.736,-0.941,0.987,0.944,0.993,-0.97,-0.995,-0.932,0.989,0.901,0.961,-0.998,0.656,-0.952,-0.945,-0.787,-0.869,-0.866,-0.948,-0.98,0.916,-0.998,0.975,0.943,0.978,0.976,-0.843,0.859,0.895,-0.96,-0.952,-0.807,-0.914,-0.976,-0.986,-0.537,-0.699,0.965,-0.56,0.881,-0.998,-0.975,0.971,-0.267,-0.889,0.997,-0.952,-0.972,-0.877,0.886,0.92,-0.961,0.982,-0.99,0.91,0.914,0.86,-0.992,7.049,5.265,10.316,10.325,10.324,10.315,10.318,10.379,6.312,5.45,10.357,10.295,6.605,6.663,10.311,10.259,EssenceCatalog/problems/csplib-prob010-SocialGolfers/params/f5c347fa06f76b5b57b456a8da165284.param
-0.965,-0.98,0.961,-0.952,-0.962,0.988,-0.962,0.98,0.961,-0.969,-0.908,0.978,-0.772,0.993,-0.976,-0.754,-0.751,0.929,0.974,0.937,0.957,-0.971,-0.987,-0.871,0.994,-0.482,-0.173,-0.665,-0.95,0.974,0.978,0.663,-0.939,0.933,-0.445,-0.994,0.97,0.998,0.681,-0.871,-0.963,-0.994,0.487,-0.6,0.991,0.971,0.984,-0.949,-0.995,-0.962,0.989,0.594,0.955,-0.997,0.862,-0.957,-0.073,-0.893,-0.479,-0.912,-0.977,-0.942,0.811,-0.997,0.963,0.77,0.984,0.983,-0.8,0.824,0.859,-0.92,-0.866,-0.782,-0.822,-0.975,-0.984,-0.438,-0.798,0.966,-0.867,-0.35,-0.998,-0.93,0.976,-0.581,-0.872,0.997,-0.972,-0.959,-0.726,0.908,0.869,-0.961,0.976,-0.988,0.922,0.904,0.92,-0.986,5.383,4.55,10.346,10.307,10.295,10.27,10.287,10.316,5.293,4.688,10.374,10.278,5.593,5.276,10.333,10.293,EssenceCatalog/problems/csplib-prob010-SocialGolfers/params/de9826d1bce14be8c456fe39cc7503cc.param
-0.974,-0.987,0.987,-0.966,-0.979,0.993,-0.917,0.982,0.974,-0.967,-0.811,0.99,-0.945,0.99,-0.967,-0.98,-0.961,0.919,0.838,0.903,0.968,-0.977,-0.99,-0.973,0.99,-0.454,-0.078,-0.742,-0.954,0.985,0.59,0.457,-0.946,0.95,0.158,-0.996,0.97,0.998,0.883,-0.633,-0.961,-0.995,0.707,-0.284,0.996,0.975,0.98,-0.908,-0.997,-0.987,0.995,0.409,0.9,-0.996,0.948,-0.981,0.698,-0.949,0.042,-0.933,-0.452,-0.876,0.639,-0.997,0.955,0.771,0.989,0.984,-0.883,0.851,0.916,-0.804,-0.856,-0.884,-0.921,-0.982,-0.989,-0.755,-0.932,0.956,-0.968,-0.809,-0.998,-0.879,0.987,0.844,-0.931,0.997,-0.976,-0.969,-0.891,0.963,0.882,-0.983,0.978,-0.991,0.976,0.926,0.964,-0.985,5.973,4.478,10.385,10.303,10.217,10.249,10.283,10.293,5.474,4.626,10.336,10.221,5.824,5.288,10.31,10.294,EssenceCatalog/problems/csplib-prob010-SocialGolfers/params/5f93f6ac58cb24e81e1ad4b16ca85d95.param
-0.973,-0.988,0.981,-0.962,-0.983,0.993,-0.984,0.981,0.965,-0.963,-0.874,0.993,-0.911,0.993,-0.983,-0.962,-0.953,0.96,0.978,0.979,0.966,-0.975,-0.986,-0.963,0.994,-0.888,0.554,-0.807,-0.95,0.974,0.968,0.315,-0.959,0.964,-0.749,-0.995,0.979,0.998,0.809,-0.855,-0.951,-0.996,0.542,-0.024,0.993,0.983,0.981,-0.947,-0.996,-0.985,0.993,0.209,0.939,-0.997,0.951,-0.974,0.86,-0.963,-0.168,-0.958,-0.958,-0.884,0.702,-0.998,0.968,0.68,0.991,0.986,-0.855,0.822,0.888,-0.896,-0.822,-0.872,-0.858,-0.985,-0.987,-0.664,-0.883,0.97,-0.961,-0.935,-0.998,-0.867,0.984,-0.209,-0.939,0.998,-0.981,-0.96,-0.807,0.951,0.891,-0.977,0.978,-0.991,0.966,0.926,0.962,-0.984,4.94,4.211,10.341,10.292,10.25,10.281,10.246,10.236,4.968,4.348,10.34,10.223,5.261,4.763,10.304,10.316,EssenceCatalog/problems/csplib-prob010-SocialGolfers/params/962c9d1544bc413c6e5d6facd7c0676e.param
-0.97,-0.988,0.979,-0.961,-0.983,0.993,-0.983,0.981,0.966,-0.965,-0.886,0.992,-0.906,0.994,-0.984,-0.955,-0.95,0.956,0.977,0.977,0.965,-0.975,-0.987,-0.957,0.994,-0.865,0.531,-0.807,-0.95,0.971,0.966,0.358,-0.961,0.959,-0.729,-0.995,0.978,0.998,0.797,-0.847,-0.954,-0.996,0.554,-0.074,0.993,0.983,0.98,-0.944,-0.996,-0.984,0.994,0.242,0.939,-0.997,0.946,-0.973,0.831,-0.957,-0.214,-0.954,-0.955,-0.904,0.705,-0.997,0.966,0.674,0.991,0.986,-0.857,0.834,0.897,-0.891,-0.83,-0.864,-0.852,-0.983,-0.988,-0.645,-0.886,0.972,-0.96,-0.914,-0.998,-0.885,0.986,-0.233,-0.934,0.997,-0.981,-0.961,-0.79,0.951,0.881,-0.976,0.978,-0.991,0.962,0.927,0.962,-0.985,4.968,4.233,10.351,10.308,10.269,10.297,10.261,10.253,4.991,4.372,10.351,10.241,5.285,4.796,10.317,10.33,EssenceCatalog/problems/csplib-prob010-SocialGolfers/params/5ef2cc05422b08dd07566c42a0f1839b.param
-0.982,-0.968,0.957,-0.975,-0.968,0.989,0.244,0.988,0.964,-0.985,-0.959,0.94,-0.777,0.993,-0.93,-0.682,0.152,0.702,0.862,-0.488,0.939,-0.973,-0.991,-0.691,0.993,0.917,-0.874,-0.713,-0.966,0.994,0.702,0.921,-0.919,0.948,0.644,-0.994,0.91,0.997,0.864,-0.951,-0.986,-0.995,0.832,-0.955,0.987,0.925,0.995,-0.973,-0.995,-0.944,0.99,0.927,0.954,-0.998,0.64,-0.963,-0.96,-0.805,-0.892,-0.874,-0.862,-0.983,0.914,-0.999,0.978,0.96,0.978,0.97,-0.87,0.872,0.903,-0.958,-0.964,-0.841,-0.938,-0.978,-0.985,-0.647,-0.727,0.962,-0.529,0.929,-0.999,-0.977,0.971,0.304,-0.918,0.997,-0.951,-0.972,-0.92,0.893,0.934,-0.964,0.985,-0.992,0.933,0.915,0.864,-0.993,7.691,5.374,10.243,10.25,10.235,10.252,10.264,10.324,6.587,5.617,10.296,10.194,6.934,7.026,10.242,10.177,EssenceCatalog/problems/csplib-prob010-SocialGolfers/params/b5c5451bea977fa7a526c5e7b2ab3295.param
-0.967,-0.98,0.959,-0.955,-0.947,0.987,-0.856,0.981,0.959,-0.974,-0.932,0.956,-0.748,0.992,-0.962,-0.494,-0.404,0.872,0.955,0.726,0.945,-0.968,-0.989,-0.759,0.993,0.31,-0.664,-0.586,-0.965,0.984,0.961,0.822,-0.925,0.922,0.148,-0.993,0.958,0.997,0.728,-0.907,-0.974,-0.994,0.57,-0.844,0.988,0.963,0.988,-0.955,-0.993,-0.936,0.987,0.814,0.96,-0.997,0.735,-0.949,-0.806,-0.808,-0.699,-0.866,-0.971,-0.961,0.876,-0.997,0.97,0.891,0.978,0.982,-0.798,0.832,0.873,-0.941,-0.908,-0.757,-0.852,-0.977,-0.983,-0.428,-0.711,0.965,-0.715,0.555,-0.997,-0.958,0.972,-0.538,-0.845,0.997,-0.96,-0.963,-0.811,0.871,0.889,-0.959,0.976,-0.987,0.896,0.894,0.876,-0.988,6.271,5.003,10.351,10.336,10.328,10.307,10.31,10.364,5.882,5.144,10.38,10.324,6.162,6.073,10.336,10.292,EssenceCatalog/problems/csplib-prob010-SocialGolfers/params/b1b0eb06b3a03fc079832177c57f645d.param
-0.995,-0.979,0.988,-0.996,-0.997,0.996,0.99,0.998,0.995,-0.992,-0.989,0.995,-0.974,0.994,-0.835,-0.992,-0.875,0.828,-0.932,-0.987,0.976,-0.996,-0.997,-0.976,0.997,0.995,-0.988,-0.963,-0.986,0.998,-0.994,0.982,-0.973,0.991,0.992,-0.999,0.855,0.998,0.99,-0.972,-0.996,-0.999,0.991,-0.989,0.998,0.907,0.998,-0.986,-0.999,-0.993,0.999,0.97,0.955,-0.999,0.967,-0.997,-0.984,-0.974,-0.958,-0.962,0.984,-0.995,0.98,-1.0,0.985,0.987,0.993,0.977,-0.99,0.979,0.988,-0.959,-0.996,-0.988,-0.994,-0.98,-0.996,-0.984,-0.98,0.977,-0.973,0.99,-1.0,-0.993,0.995,0.995,-0.979,1.0,-0.98,-0.994,-0.988,0.984,0.98,-0.993,0.996,-0.998,0.994,0.986,0.986,-0.998,9.627,5.78,10.463,10.39,10.445,10.479,10.457,10.405,7.504,6.088,10.421,10.403,7.988,7.791,10.447,10.446,EssenceCatalog/problems/csplib-prob010-SocialGolfers/params/b25c3256944138e976a0a5aab850a15e.param
-0.966,-0.981,0.964,-0.955,-0.974,0.99,-0.977,0.982,0.963,-0.97,-0.92,0.985,-0.792,0.994,-0.982,-0.84,-0.831,0.95,0.985,0.965,0.96,-0.974,-0.986,-0.897,0.995,-0.752,0.231,-0.759,-0.943,0.967,0.986,0.573,-0.95,0.954,-0.75,-0.994,0.974,0.998,0.703,-0.902,-0.959,-0.995,0.477,-0.448,0.991,0.977,0.983,-0.958,-0.995,-0.971,0.991,0.456,0.956,-0.998,0.902,-0.959,0.405,-0.93,-0.476,-0.939,-0.986,-0.942,0.8,-0.998,0.966,0.714,0.987,0.983,-0.82,0.825,0.864,-0.932,-0.858,-0.816,-0.82,-0.977,-0.986,-0.497,-0.815,0.97,-0.907,-0.707,-0.998,-0.916,0.977,-0.735,-0.907,0.997,-0.976,-0.958,-0.701,0.927,0.876,-0.962,0.977,-0.99,0.935,0.92,0.941,-0.987,5.012,4.369,10.348,10.315,10.313,10.304,10.285,10.296,5.066,4.509,10.375,10.28,5.361,4.975,10.338,10.331,EssenceCatalog/problems/csplib-prob010-SocialGolfers/params/742b602b1db21c0d6b146935f536472b.param
-0.976,-0.935,0.895,-0.966,-0.95,0.987,-0.63,0.984,0.958,-0.977,-0.922,0.952,-0.484,0.991,-0.934,-0.657,0.062,0.857,0.963,0.502,0.938,-0.969,-0.984,-0.677,0.993,0.582,-0.659,-0.697,-0.907,0.983,0.953,0.795,-0.886,0.948,-0.214,-0.994,0.942,0.998,0.722,-0.931,-0.971,-0.994,0.696,-0.884,0.981,0.897,0.992,-0.966,-0.995,-0.945,0.984,0.804,0.955,-0.998,0.748,-0.948,-0.767,-0.849,-0.769,-0.898,-0.975,-0.965,0.874,-0.998,0.957,0.856,0.976,0.937,-0.793,0.834,0.795,-0.955,-0.929,-0.77,-0.89,-0.958,-0.977,-0.397,-0.683,0.942,-0.567,0.623,-0.998,-0.949,0.95,-0.25,-0.9,0.997,-0.949,-0.956,-0.774,0.874,0.906,-0.948,0.982,-0.991,0.919,0.885,0.825,-0.989,6.342,4.958,10.122,10.2,10.242,10.203,10.218,10.301,5.887,5.128,10.145,10.195,6.148,6.151,10.122,10.159,EssenceCatalog/problems/csplib-prob010-SocialGolfers/params/06ed70e75df40246a578e69ab1b43b4d.param
-0.991,-0.958,0.979,-0.992,-0.988,0.996,0.531,0.995,0.99,-0.976,-0.885,0.995,-0.944,0.984,-0.814,-0.996,-0.971,0.882,-0.649,-0.293,0.982,-0.992,-0.994,-0.985,0.992,0.876,-0.929,-0.901,-0.906,0.994,-0.953,0.802,-0.941,0.984,0.935,-0.999,0.927,0.998,0.958,-0.673,-0.98,-0.997,0.955,-0.878,0.998,0.858,0.992,-0.946,-0.999,-0.995,0.997,0.757,0.91,-0.998,0.978,-0.995,-0.209,-0.977,-0.349,-0.957,0.946,-0.916,0.864,-0.999,0.933,0.895,0.993,0.924,-0.964,0.941,0.955,-0.862,-0.976,-0.968,-0.99,-0.951,-0.992,-0.96,-0.982,0.925,-0.984,0.348,-0.999,-0.948,0.988,0.996,-0.976,0.999,-0.975,-0.979,-0.957,0.981,0.945,-0.992,0.989,-0.996,0.993,0.958,0.979,-0.992,8.807,5.368,10.188,10.121,10.154,10.173,10.206,10.171,6.95,5.624,10.103,10.119,7.408,7.061,10.111,10.163,EssenceCatalog/problems/csplib-prob010-SocialGolfers/params/0dcb8fa9d14ebb04fd57bfb353dd215d.param
-0.966,-0.983,0.968,-0.957,-0.981,0.991,-0.985,0.981,0.965,-0.972,-0.93,0.989,-0.825,0.995,-0.987,-0.887,-0.899,0.96,0.988,0.978,0.964,-0.975,-0.987,-0.916,0.996,-0.849,0.464,-0.796,-0.94,0.959,0.988,0.511,-0.959,0.961,-0.833,-0.994,0.976,0.998,0.714,-0.91,-0.96,-0.996,0.473,-0.303,0.992,0.98,0.982,-0.959,-0.996,-0.976,0.993,0.295,0.956,-0.997,0.927,-0.964,0.675,-0.947,-0.441,-0.952,-0.987,-0.942,0.785,-0.998,0.966,0.674,0.99,0.984,-0.844,0.828,0.88,-0.93,-0.858,-0.837,-0.824,-0.977,-0.988,-0.578,-0.846,0.974,-0.935,-0.833,-0.998,-0.912,0.981,-0.766,-0.922,0.998,-0.979,-0.961,-0.677,0.942,0.88,-0.965,0.976,-0.991,0.943,0.934,0.957,-0.988,4.855,4.281,10.344,10.324,10.321,10.333,10.29,10.279,4.968,4.419,10.366,10.279,5.26,4.833,10.334,10.352,EssenceCatalog/problems/csplib-prob010-SocialGolfers/params/a197c9ebc4222a75cc50bf9fb7b89ca1.param
-0.971,-0.983,0.974,-0.959,-0.965,0.991,-0.928,0.981,0.967,-0.958,-0.811,0.984,-0.876,0.989,-0.964,-0.927,-0.862,0.91,0.934,0.91,0.957,-0.973,-0.984,-0.938,0.991,-0.478,-0.076,-0.709,-0.951,0.984,0.892,0.48,-0.934,0.936,-0.178,-0.995,0.97,0.998,0.791,-0.754,-0.95,-0.994,0.627,-0.411,0.991,0.972,0.981,-0.923,-0.996,-0.977,0.99,0.575,0.926,-0.997,0.905,-0.971,0.394,-0.922,-0.199,-0.92,-0.864,-0.893,0.684,-0.998,0.962,0.763,0.985,0.981,-0.821,0.834,0.869,-0.857,-0.839,-0.83,-0.861,-0.981,-0.983,-0.539,-0.864,0.954,-0.92,-0.658,-0.998,-0.884,0.981,0.443,-0.907,0.996,-0.975,-0.953,-0.831,0.926,0.867,-0.973,0.978,-0.989,0.954,0.888,0.929,-0.984,5.641,4.47,10.359,10.296,10.222,10.233,10.265,10.303,5.35,4.616,10.34,10.228,5.674,5.233,10.3,10.275,EssenceCatalog/problems/csplib-prob010-SocialGolfers/params/bd147a2264a356d3115e4b3633208d0f.param
-0.978,-0.945,0.919,-0.969,-0.951,0.987,-0.297,0.986,0.958,-0.978,-0.922,0.945,-0.606,0.99,-0.924,-0.685,0.153,0.789,0.938,0.115,0.933,-0.969,-0.985,-0.673,0.992,0.763,-0.747,-0.702,-0.929,0.989,0.895,0.83,-0.89,0.946,0.115,-0.994,0.932,0.997,0.771,-0.93,-0.973,-0.994,0.756,-0.91,0.98,0.903,0.993,-0.965,-0.995,-0.944,0.984,0.865,0.951,-0.998,0.699,-0.953,-0.861,-0.833,-0.804,-0.888,-0.947,-0.97,0.874,-0.998,0.965,0.902,0.976,0.945,-0.809,0.84,0.821,-0.951,-0.941,-0.784,-0.91,-0.965,-0.978,-0.468,-0.687,0.943,-0.524,0.765,-0.999,-0.957,0.954,0.058,-0.908,0.996,-0.948,-0.957,-0.84,0.868,0.913,-0.953,0.983,-0.991,0.923,0.884,0.822,-0.99,6.876,5.113,10.136,10.18,10.197,10.177,10.195,10.278,6.158,5.31,10.168,10.15,6.453,6.499,10.128,10.12,EssenceCatalog/problems/csplib-prob010-SocialGolfers/params/cc9623977ecf2996760d141a5649e1ac.param
-0.969,-0.98,0.96,-0.956,-0.939,0.988,-0.811,0.982,0.961,-0.971,-0.915,0.956,-0.765,0.991,-0.953,-0.541,-0.392,0.851,0.939,0.651,0.943,-0.968,-0.988,-0.772,0.993,0.411,-0.698,-0.578,-0.966,0.987,0.94,0.811,-0.919,0.918,0.301,-0.993,0.956,0.997,0.746,-0.893,-0.972,-0.994,0.597,-0.847,0.988,0.96,0.989,-0.949,-0.993,-0.938,0.985,0.84,0.958,-0.997,0.73,-0.953,-0.822,-0.804,-0.665,-0.862,-0.955,-0.954,0.865,-0.998,0.971,0.899,0.978,0.98,-0.796,0.838,0.874,-0.934,-0.905,-0.762,-0.856,-0.978,-0.982,-0.425,-0.725,0.962,-0.715,0.599,-0.998,-0.955,0.973,-0.294,-0.847,0.996,-0.962,-0.959,-0.833,0.862,0.891,-0.964,0.977,-0.987,0.903,0.882,0.864,-0.987,6.47,5.046,10.347,10.328,10.307,10.297,10.303,10.363,5.978,5.196,10.368,10.306,6.271,6.181,10.323,10.279,EssenceCatalog/problems/csplib-prob010-SocialGolfers/params/851051c4f4e3dabbcf4d7a4e7077dd60.param
-0.991,0.996,-0.987,-0.992,-0.982,0.983,-0.941,0.984,0.991,-0.978,-0.99,0.979,0.993,0.995,-0.93,-0.954,-0.77,0.984,0.984,0.935,0.964,-0.99,-0.986,0.649,0.997,0.941,-0.78,-0.903,0.992,-0.877,0.836,0.697,-0.934,0.983,-0.97,-0.998,0.545,0.999,-0.545,-0.93,-0.989,-0.997,0.956,-0.977,0.994,-0.993,0.994,-0.978,-0.998,-0.986,0.997,-0.811,0.98,-0.999,0.961,-0.972,0.602,-0.954,-0.938,-0.978,-0.987,-0.982,0.964,-0.998,-0.952,-0.906,0.985,-0.994,-0.966,0.971,0.88,-0.966,-0.988,-0.931,-0.984,0.99,-0.993,-0.783,-0.969,0.833,-0.749,0.974,-0.998,-0.991,0.964,0.809,-0.929,0.999,-0.905,-0.982,0.898,0.96,0.944,-0.911,0.986,-0.994,0.983,0.975,0.902,-0.996,4.438,3.616,4.993,10.239,10.538,10.409,10.567,10.777,4.356,3.834,5.043,10.156,4.906,4.564,6.082,10.154,EssenceCatalog/problems/csplib-prob010-SocialGolfers/params/353b781632e7a29beeff3cdfc5d98f94.param
-0.967,-0.978,0.958,-0.953,-0.957,0.988,-0.929,0.981,0.96,-0.968,-0.903,0.972,-0.748,0.992,-0.969,-0.726,-0.603,0.912,0.972,0.888,0.95,-0.968,-0.985,-0.844,0.993,-0.275,-0.273,-0.672,-0.949,0.979,0.973,0.682,-0.928,0.937,-0.388,-0.993,0.965,0.997,0.705,-0.886,-0.962,-0.994,0.522,-0.669,0.988,0.967,0.985,-0.951,-0.994,-0.957,0.987,0.674,0.953,-0.997,0.832,-0.951,-0.296,-0.881,-0.537,-0.904,-0.976,-0.944,0.814,-0.998,0.966,0.803,0.981,0.98,-0.783,0.819,0.846,-0.927,-0.873,-0.774,-0.824,-0.976,-0.981,-0.411,-0.755,0.961,-0.823,-0.171,-0.998,-0.927,0.97,-0.537,-0.876,0.996,-0.967,-0.955,-0.76,0.895,0.872,-0.958,0.977,-0.988,0.918,0.893,0.898,-0.986,5.567,4.64,10.331,10.293,10.279,10.249,10.267,10.314,5.414,4.78,10.357,10.272,5.702,5.451,10.313,10.271,EssenceCatalog/problems/csplib-prob010-SocialGolfers/params/df7c9acbf0ad1b0cec063b6772518e14.param
-0.969,-0.978,0.962,-0.957,-0.966,0.99,-0.957,0.981,0.965,-0.965,-0.872,0.982,-0.796,0.992,-0.972,-0.867,-0.81,0.931,0.97,0.941,0.957,-0.973,-0.985,-0.907,0.993,-0.557,-0.02,-0.712,-0.94,0.975,0.964,0.549,-0.937,0.94,-0.491,-0.995,0.971,0.998,0.718,-0.838,-0.955,-0.995,0.557,-0.486,0.991,0.969,0.983,-0.943,-0.995,-0.972,0.99,0.536,0.946,-0.997,0.895,-0.963,0.288,-0.917,-0.36,-0.924,-0.961,-0.923,0.757,-0.998,0.959,0.721,0.985,0.979,-0.809,0.834,0.854,-0.901,-0.854,-0.811,-0.835,-0.976,-0.983,-0.464,-0.831,0.96,-0.897,-0.579,-0.998,-0.907,0.978,-0.195,-0.899,0.997,-0.974,-0.954,-0.752,0.92,0.868,-0.966,0.978,-0.989,0.942,0.898,0.923,-0.985,5.33,4.444,10.33,10.298,10.268,10.259,10.275,10.304,5.221,4.585,10.336,10.253,5.523,5.138,10.3,10.29,EssenceCatalog/problems/csplib-prob010-SocialGolfers/params/66e3c74766a2c9e8a77b43c2b1f26e85.param
-0.969,-0.978,0.963,-0.957,-0.961,0.989,-0.916,0.98,0.964,-0.962,-0.854,0.976,-0.809,0.99,-0.964,-0.856,-0.733,0.9,0.955,0.884,0.951,-0.969,-0.984,-0.898,0.992,-0.304,-0.162,-0.688,-0.947,0.981,0.936,0.58,-0.927,0.931,-0.263,-0.994,0.965,0.997,0.755,-0.818,-0.955,-0.994,0.592,-0.541,0.989,0.966,0.983,-0.934,-0.995,-0.969,0.988,0.625,0.938,-0.997,0.869,-0.961,0.054,-0.897,-0.354,-0.908,-0.933,-0.922,0.735,-0.998,0.962,0.78,0.982,0.978,-0.8,0.832,0.857,-0.89,-0.854,-0.794,-0.837,-0.977,-0.981,-0.457,-0.809,0.957,-0.875,-0.404,-0.998,-0.907,0.976,0.043,-0.892,0.996,-0.971,-0.952,-0.798,0.91,0.865,-0.965,0.978,-0.989,0.938,0.884,0.909,-0.985,5.641,4.555,10.334,10.287,10.237,10.233,10.257,10.301,5.397,4.702,10.332,10.239,5.704,5.36,10.29,10.262,EssenceCatalog/problems/csplib-prob010-SocialGolfers/params/6fd7e3b9b68c4cc14329e476b586eb93.param
-0.974,-0.98,0.963,-0.966,-0.958,0.988,-0.532,0.985,0.96,-0.982,-0.958,0.943,-0.777,0.993,-0.953,-0.441,-0.134,0.811,0.921,0.196,0.943,-0.971,-0.992,-0.691,0.993,0.768,-0.84,-0.623,-0.975,0.991,0.91,0.907,-0.925,0.933,0.532,-0.993,0.94,0.997,0.81,-0.942,-0.983,-0.994,0.705,-0.935,0.989,0.956,0.993,-0.967,-0.994,-0.929,0.989,0.9,0.962,-0.998,0.655,-0.953,-0.947,-0.77,-0.851,-0.852,-0.947,-0.978,0.916,-0.998,0.977,0.945,0.978,0.982,-0.84,0.858,0.904,-0.956,-0.946,-0.798,-0.903,-0.979,-0.986,-0.535,-0.704,0.968,-0.596,0.873,-0.998,-0.975,0.974,-0.335,-0.87,0.997,-0.954,-0.973,-0.879,0.882,0.915,-0.962,0.98,-0.988,0.902,0.912,0.869,-0.992,6.988,5.266,10.359,10.356,10.348,10.343,10.34,10.395,6.292,5.44,10.397,10.329,6.585,6.618,10.351,10.292,EssenceCatalog/problems/csplib-prob010-SocialGolfers/params/527eeddcb0b0c527baa6eaa3fe88a11b.param
-0.975,-0.984,0.984,-0.968,-0.982,0.992,-0.928,0.982,0.973,-0.971,-0.824,0.991,-0.934,0.991,-0.968,-0.981,-0.96,0.928,0.871,0.92,0.969,-0.977,-0.99,-0.973,0.99,-0.491,-0.023,-0.733,-0.942,0.983,0.649,0.439,-0.942,0.953,0.062,-0.996,0.97,0.998,0.879,-0.635,-0.964,-0.995,0.706,-0.251,0.996,0.97,0.98,-0.91,-0.997,-0.987,0.995,0.281,0.899,-0.996,0.953,-0.981,0.765,-0.953,0.066,-0.937,-0.541,-0.88,0.641,-0.997,0.948,0.74,0.988,0.98,-0.884,0.842,0.908,-0.805,-0.862,-0.883,-0.923,-0.979,-0.989,-0.758,-0.935,0.954,-0.967,-0.831,-0.998,-0.876,0.987,0.846,-0.931,0.997,-0.975,-0.971,-0.88,0.967,0.882,-0.981,0.978,-0.991,0.977,0.93,0.966,-0.986,5.845,4.426,10.357,10.294,10.22,10.25,10.285,10.283,5.399,4.575,10.313,10.208,5.747,5.206,10.291,10.286,EssenceCatalog/problems/csplib-prob010-SocialGolfers/params/1bc91c0577e6eb3ae4c325970ad1c58f.param
-0.965,-0.982,0.963,-0.953,-0.944,0.987,-0.874,0.98,0.96,-0.973,-0.925,0.958,-0.771,0.992,-0.963,-0.502,-0.488,0.873,0.947,0.746,0.948,-0.968,-0.99,-0.786,0.993,0.29,-0.675,-0.55,-0.968,0.985,0.954,0.822,-0.926,0.914,0.258,-0.993,0.959,0.997,0.731,-0.89,-0.974,-0.993,0.555,-0.832,0.99,0.965,0.987,-0.949,-0.993,-0.938,0.987,0.809,0.959,-0.997,0.744,-0.952,-0.794,-0.801,-0.655,-0.859,-0.963,-0.957,0.869,-0.997,0.969,0.889,0.979,0.983,-0.798,0.832,0.883,-0.932,-0.903,-0.755,-0.851,-0.978,-0.984,-0.433,-0.738,0.965,-0.74,0.542,-0.997,-0.959,0.976,-0.458,-0.831,0.996,-0.962,-0.963,-0.813,0.874,0.884,-0.962,0.975,-0.986,0.896,0.893,0.881,-0.987,6.315,5.01,10.371,10.346,10.327,10.315,10.319,10.368,5.901,5.15,10.396,10.328,6.191,6.077,10.351,10.301,EssenceCatalog/problems/csplib-prob010-SocialGolfers/params/7f566e0b71c60439847f46e22abc3e50.param
-0.966,-0.982,0.965,-0.957,-0.98,0.991,-0.984,0.981,0.964,-0.972,-0.933,0.989,-0.808,0.995,-0.986,-0.871,-0.882,0.96,0.989,0.977,0.963,-0.975,-0.987,-0.906,0.996,-0.841,0.436,-0.796,-0.939,0.958,0.99,0.526,-0.958,0.962,-0.841,-0.994,0.975,0.998,0.703,-0.917,-0.96,-0.996,0.466,-0.348,0.991,0.979,0.982,-0.961,-0.996,-0.974,0.993,0.334,0.958,-0.998,0.921,-0.962,0.621,-0.944,-0.473,-0.952,-0.989,-0.943,0.797,-0.998,0.966,0.68,0.989,0.984,-0.84,0.826,0.875,-0.937,-0.86,-0.832,-0.822,-0.976,-0.988,-0.559,-0.833,0.974,-0.927,-0.813,-0.998,-0.914,0.98,-0.808,-0.921,0.998,-0.978,-0.96,-0.67,0.938,0.881,-0.964,0.976,-0.991,0.94,0.933,0.954,-0.988,4.861,4.295,10.343,10.324,10.324,10.33,10.29,10.285,4.976,4.434,10.368,10.283,5.269,4.854,10.335,10.351,EssenceCatalog/problems/csplib-prob010-SocialGolfers/params/0c90678ecf1eee93b9e1e001db29a101.param
-0.995,-0.986,0.991,-0.995,-0.996,0.996,0.991,0.998,0.994,-0.992,-0.99,0.993,-0.979,0.993,-0.866,-0.99,-0.815,0.777,-0.911,-0.991,0.968,-0.995,-0.997,-0.968,0.997,0.995,-0.989,-0.961,-0.991,0.998,-0.993,0.986,-0.976,0.989,0.991,-0.999,0.847,0.998,0.99,-0.98,-0.996,-0.999,0.989,-0.99,0.997,0.942,0.999,-0.986,-0.999,-0.991,0.999,0.981,0.956,-0.999,0.954,-0.996,-0.992,-0.966,-0.972,-0.955,0.976,-0.996,0.981,-1.0,0.989,0.991,0.992,0.988,-0.989,0.978,0.989,-0.965,-0.996,-0.987,-0.993,-0.987,-0.995,-0.979,-0.973,0.979,-0.964,0.992,-1.0,-0.993,0.995,0.991,-0.978,1.0,-0.98,-0.993,-0.991,0.981,0.983,-0.992,0.996,-0.998,0.993,0.985,0.983,-0.997,9.624,5.782,10.461,10.386,10.437,10.47,10.447,10.396,7.504,6.089,10.423,10.396,7.984,7.797,10.446,10.439,EssenceCatalog/problems/csplib-prob010-SocialGolfers/params/3d60cb90b00fa36979d21c11b39d50ff.param
-0.99,0.998,-0.993,-0.993,-0.982,0.985,-0.979,0.986,0.991,-0.967,-0.99,0.987,0.994,0.994,-0.928,-0.973,-0.913,0.989,0.989,0.978,0.968,-0.992,-0.982,0.778,0.997,0.845,-0.578,-0.945,0.995,-0.961,0.893,0.346,-0.945,0.986,-0.99,-0.999,0.503,1.0,-0.826,-0.918,-0.983,-0.997,0.963,-0.965,0.994,-0.995,0.993,-0.978,-0.998,-0.991,0.997,-0.909,0.982,-0.999,0.975,-0.976,0.905,-0.971,-0.931,-0.986,-0.991,-0.975,0.96,-0.998,-0.976,-0.966,0.988,-0.996,-0.97,0.976,0.823,-0.963,-0.988,-0.935,-0.984,0.995,-0.993,-0.824,-0.977,0.809,-0.867,0.941,-0.998,-0.988,0.96,0.807,-0.953,0.999,-0.927,-0.978,0.954,0.957,0.95,-0.923,0.986,-0.996,0.985,0.976,0.918,-0.994,4.216,3.488,4.837,10.269,10.514,10.392,10.571,10.786,4.196,3.701,4.888,10.157,4.772,4.378,5.922,10.163,EssenceCatalog/problems/csplib-prob010-SocialGolfers/params/dcd2f74725e16183d4dafcfb9712050b.param
-0.991,0.996,-0.989,-0.992,-0.982,0.984,-0.967,0.985,0.991,-0.975,-0.989,0.983,0.993,0.994,-0.935,-0.963,-0.839,0.987,0.987,0.962,0.965,-0.991,-0.985,0.666,0.997,0.903,-0.691,-0.918,0.993,-0.915,0.871,0.602,-0.938,0.983,-0.98,-0.999,0.579,0.999,-0.627,-0.922,-0.986,-0.997,0.956,-0.971,0.994,-0.993,0.993,-0.977,-0.999,-0.988,0.997,-0.856,0.98,-0.999,0.968,-0.973,0.776,-0.961,-0.929,-0.98,-0.988,-0.978,0.96,-0.998,-0.96,-0.935,0.986,-0.994,-0.966,0.972,0.869,-0.965,-0.987,-0.933,-0.983,0.991,-0.993,-0.777,-0.972,0.83,-0.814,0.959,-0.998,-0.99,0.965,0.796,-0.936,0.999,-0.915,-0.981,0.92,0.958,0.943,-0.919,0.986,-0.995,0.984,0.974,0.91,-0.995,4.338,3.563,4.955,10.265,10.543,10.42,10.581,10.791,4.291,3.78,5.001,10.17,4.847,4.478,6.041,10.173,EssenceCatalog/problems/csplib-prob010-SocialGolfers/params/a6c9ff89f809b1be21d71b5cc8cc8ae8.param
-0.973,-0.977,0.96,-0.964,-0.951,0.988,-0.519,0.984,0.96,-0.979,-0.938,0.945,-0.774,0.991,-0.945,-0.528,-0.154,0.794,0.913,0.22,0.941,-0.969,-0.99,-0.731,0.993,0.75,-0.804,-0.613,-0.969,0.991,0.886,0.874,-0.916,0.926,0.518,-0.993,0.942,0.997,0.801,-0.919,-0.979,-0.994,0.705,-0.912,0.988,0.951,0.992,-0.958,-0.994,-0.936,0.987,0.891,0.956,-0.998,0.672,-0.955,-0.919,-0.78,-0.786,-0.856,-0.929,-0.971,0.891,-0.998,0.975,0.935,0.977,0.977,-0.822,0.85,0.891,-0.944,-0.935,-0.78,-0.893,-0.978,-0.984,-0.509,-0.715,0.964,-0.619,0.828,-0.998,-0.968,0.973,-0.077,-0.871,0.997,-0.957,-0.966,-0.874,0.874,0.908,-0.964,0.979,-0.988,0.907,0.897,0.86,-0.99,7.007,5.225,10.324,10.318,10.302,10.302,10.306,10.366,6.274,5.405,10.352,10.284,6.579,6.583,10.305,10.254,EssenceCatalog/problems/csplib-prob010-SocialGolfers/params/9de31cacd82e17365c608c0f634f7654.param
-0.98,-0.965,0.949,-0.972,-0.964,0.988,-0.042,0.987,0.961,-0.984,-0.956,0.94,-0.73,0.992,-0.935,-0.614,0.109,0.752,0.899,-0.24,0.94,-0.972,-0.991,-0.675,0.993,0.882,-0.853,-0.686,-0.962,0.992,0.818,0.909,-0.913,0.945,0.53,-0.994,0.921,0.997,0.835,-0.947,-0.984,-0.995,0.795,-0.948,0.987,0.925,0.994,-0.971,-0.995,-0.94,0.989,0.91,0.956,-0.998,0.651,-0.959,-0.949,-0.798,-0.875,-0.871,-0.912,-0.981,0.912,-0.998,0.974,0.948,0.978,0.968,-0.856,0.865,0.891,-0.958,-0.958,-0.819,-0.928,-0.974,-0.985,-0.59,-0.714,0.961,-0.52,0.908,-0.999,-0.976,0.97,0.102,-0.906,0.997,-0.95,-0.971,-0.894,0.891,0.927,-0.961,0.984,-0.991,0.922,0.912,0.857,-0.993,7.385,5.311,10.249,10.265,10.26,10.266,10.274,10.337,6.45,5.53,10.296,10.221,6.772,6.853,10.247,10.195,EssenceCatalog/problems/csplib-prob010-SocialGolfers/params/2afbbcfa9f53656ea4659405495518a0.param
-0.995,-0.98,0.986,-0.996,-0.997,0.996,0.988,0.998,0.994,-0.991,-0.989,0.995,-0.971,0.993,-0.817,-0.991,-0.889,0.863,-0.937,-0.984,0.976,-0.996,-0.996,-0.973,0.997,0.994,-0.989,-0.964,-0.984,0.997,-0.991,0.98,-0.971,0.992,0.991,-0.999,0.896,0.998,0.987,-0.973,-0.996,-0.999,0.991,-0.99,0.998,0.904,0.998,-0.987,-0.999,-0.993,0.999,0.966,0.964,-0.999,0.973,-0.996,-0.984,-0.977,-0.963,-0.965,0.98,-0.995,0.983,-0.999,0.984,0.984,0.993,0.976,-0.99,0.979,0.984,-0.96,-0.996,-0.989,-0.994,-0.977,-0.996,-0.984,-0.981,0.973,-0.973,0.99,-1.0,-0.992,0.994,0.994,-0.978,1.0,-0.978,-0.993,-0.986,0.983,0.98,-0.992,0.996,-0.998,0.994,0.986,0.985,-0.997,9.625,5.782,10.47,10.397,10.453,10.488,10.466,10.416,7.504,6.09,10.425,10.412,7.99,7.791,10.452,10.455,EssenceCatalog/problems/csplib-prob010-SocialGolfers/params/ord33-7-7-7.param
-0.969,-0.978,0.972,-0.961,-0.958,0.987,-0.733,0.981,0.962,-0.966,-0.823,0.97,-0.867,0.988,-0.953,-0.87,-0.683,0.831,0.888,0.66,0.948,-0.967,-0.987,-0.91,0.99,0.226,-0.458,-0.637,-0.958,0.989,0.777,0.657,-0.914,0.918,0.295,-0.993,0.954,0.997,0.819,-0.767,-0.962,-0.992,0.682,-0.629,0.99,0.965,0.983,-0.915,-0.994,-0.967,0.989,0.734,0.915,-0.996,0.829,-0.967,-0.264,-0.879,-0.314,-0.886,-0.772,-0.928,0.724,-0.998,0.967,0.864,0.979,0.977,-0.8,0.832,0.877,-0.86,-0.877,-0.784,-0.876,-0.979,-0.983,-0.533,-0.824,0.953,-0.843,-0.056,-0.998,-0.918,0.978,0.581,-0.892,0.995,-0.965,-0.956,-0.868,0.914,0.86,-0.967,0.977,-0.988,0.943,0.884,0.907,-0.986,6.488,4.833,10.362,10.299,10.228,10.255,10.28,10.331,5.858,5.001,10.342,10.237,6.207,5.913,10.296,10.255,EssenceCatalog/problems/csplib-prob010-SocialGolfers/params/df3ec6dd94a31f8754ed077102bf5e15.param
-0.976,-0.98,0.965,-0.97,-0.963,0.989,-0.335,0.986,0.962,-0.984,-0.966,0.942,-0.799,0.993,-0.951,-0.463,-0.076,0.791,0.899,-0.057,0.943,-0.973,-0.993,-0.675,0.994,0.841,-0.877,-0.654,-0.977,0.993,0.87,0.926,-0.929,0.94,0.626,-0.994,0.931,0.997,0.835,-0.952,-0.986,-0.995,0.752,-0.952,0.989,0.954,0.994,-0.971,-0.995,-0.93,0.99,0.922,0.963,-0.998,0.64,-0.956,-0.966,-0.768,-0.888,-0.854,-0.931,-0.982,0.928,-0.998,0.979,0.957,0.98,0.983,-0.861,0.871,0.917,-0.961,-0.957,-0.823,-0.92,-0.98,-0.987,-0.582,-0.715,0.969,-0.575,0.918,-0.998,-0.98,0.976,-0.244,-0.884,0.998,-0.954,-0.975,-0.9,0.888,0.925,-0.965,0.982,-0.989,0.908,0.92,0.871,-0.993,7.232,5.336,10.365,10.36,10.348,10.351,10.349,10.403,6.418,5.528,10.409,10.327,6.722,6.783,10.36,10.292,EssenceCatalog/problems/csplib-prob010-SocialGolfers/params/1fd93c7f6a664023d465f26561b19f12.param
-0.965,-0.978,0.956,-0.953,-0.957,0.988,-0.929,0.981,0.96,-0.97,-0.919,0.969,-0.738,0.992,-0.97,-0.661,-0.572,0.91,0.973,0.879,0.95,-0.968,-0.986,-0.818,0.993,-0.216,-0.345,-0.659,-0.953,0.978,0.977,0.723,-0.93,0.936,-0.361,-0.993,0.964,0.997,0.696,-0.9,-0.966,-0.994,0.509,-0.716,0.988,0.968,0.985,-0.954,-0.994,-0.952,0.987,0.703,0.957,-0.997,0.813,-0.949,-0.446,-0.869,-0.596,-0.899,-0.98,-0.951,0.838,-0.997,0.967,0.82,0.981,0.981,-0.787,0.822,0.853,-0.936,-0.881,-0.768,-0.825,-0.975,-0.982,-0.407,-0.736,0.964,-0.805,-0.028,-0.998,-0.938,0.97,-0.648,-0.87,0.997,-0.966,-0.957,-0.758,0.89,0.876,-0.957,0.976,-0.988,0.91,0.898,0.897,-0.987,5.633,4.703,10.344,10.31,10.302,10.267,10.282,10.331,5.475,4.841,10.375,10.298,5.759,5.545,10.332,10.285,EssenceCatalog/problems/csplib-prob010-SocialGolfers/params/5b5a44df1b2457dc3ef508945b4a18c6.param
-0.966,-0.982,0.966,-0.958,-0.983,0.991,-0.987,0.981,0.965,-0.973,-0.937,0.99,-0.822,0.995,-0.988,-0.893,-0.908,0.964,0.99,0.981,0.964,-0.976,-0.987,-0.914,0.996,-0.877,0.542,-0.816,-0.935,0.952,0.99,0.483,-0.962,0.965,-0.875,-0.994,0.975,0.998,0.706,-0.922,-0.96,-0.996,0.469,-0.272,0.992,0.979,0.982,-0.962,-0.996,-0.977,0.993,0.249,0.958,-0.998,0.931,-0.963,0.73,-0.952,-0.457,-0.957,-0.989,-0.942,0.79,-0.998,0.965,0.654,0.99,0.983,-0.852,0.828,0.883,-0.937,-0.86,-0.843,-0.827,-0.976,-0.989,-0.597,-0.846,0.976,-0.939,-0.86,-0.998,-0.913,0.982,-0.82,-0.929,0.998,-0.98,-0.961,-0.655,0.944,0.885,-0.965,0.976,-0.991,0.945,0.939,0.961,-0.988,4.792,4.255,10.335,10.325,10.325,10.34,10.29,10.274,4.932,4.393,10.359,10.279,5.223,4.791,10.328,10.357,EssenceCatalog/problems/csplib-prob010-SocialGolfers/params/d4a01e9a95401c8c14167414402b27c1.param
-0.984,-0.846,0.839,-0.978,-0.958,0.989,0.225,0.99,0.966,-0.978,-0.918,0.954,-0.438,0.99,-0.895,-0.859,0.304,0.77,0.936,-0.263,0.926,-0.973,-0.98,-0.653,0.992,0.833,-0.706,-0.805,-0.831,0.987,0.796,0.804,-0.887,0.967,-0.185,-0.995,0.901,0.998,0.814,-0.944,-0.973,-0.995,0.841,-0.92,0.972,0.771,0.995,-0.974,-0.996,-0.958,0.983,0.862,0.947,-0.999,0.751,-0.962,-0.806,-0.889,-0.826,-0.92,-0.931,-0.968,0.866,-0.999,0.953,0.884,0.978,0.841,-0.845,0.861,0.796,-0.96,-0.955,-0.831,-0.94,-0.94,-0.972,-0.556,-0.707,0.922,-0.491,0.73,-0.999,-0.953,0.938,0.425,-0.947,0.997,-0.946,-0.943,-0.838,0.879,0.93,-0.955,0.99,-0.994,0.954,0.88,0.825,-0.991,7.09,5.077,9.968,10.074,10.122,10.094,10.135,10.237,6.204,5.319,10.005,10.039,6.532,6.608,9.977,10.022,EssenceCatalog/problems/csplib-prob010-SocialGolfers/params/29e2f3c1c3d25609ea2524850ecd9b77.param
-0.97,-0.982,0.969,-0.961,-0.981,0.991,-0.977,0.982,0.967,-0.97,-0.898,0.989,-0.846,0.994,-0.982,-0.927,-0.91,0.954,0.98,0.971,0.965,-0.975,-0.987,-0.939,0.995,-0.791,0.375,-0.779,-0.938,0.968,0.973,0.461,-0.954,0.956,-0.726,-0.995,0.974,0.998,0.755,-0.861,-0.959,-0.995,0.561,-0.27,0.993,0.976,0.982,-0.949,-0.996,-0.98,0.993,0.307,0.945,-0.997,0.933,-0.969,0.718,-0.948,-0.313,-0.948,-0.969,-0.927,0.741,-0.998,0.96,0.658,0.989,0.982,-0.846,0.834,0.872,-0.901,-0.851,-0.846,-0.847,-0.978,-0.988,-0.585,-0.87,0.968,-0.938,-0.836,-0.998,-0.902,0.982,-0.338,-0.925,0.997,-0.979,-0.962,-0.739,0.949,0.873,-0.969,0.979,-0.991,0.955,0.927,0.954,-0.987,5.018,4.292,10.346,10.325,10.303,10.32,10.294,10.29,5.037,4.431,10.35,10.269,5.333,4.883,10.321,10.342,EssenceCatalog/problems/csplib-prob010-SocialGolfers/params/1f34c09b635f1f13178c9180f6ff6179.param
-0.99,0.991,-0.943,-0.992,-0.989,0.982,-0.773,0.981,0.993,-0.985,-0.98,0.98,0.977,0.995,-0.909,-0.978,-0.715,0.979,0.957,0.803,0.953,-0.989,-0.991,-0.175,0.996,0.959,-0.683,-0.854,0.974,-0.549,0.261,0.813,-0.906,0.98,-0.872,-0.998,0.681,0.999,0.588,-0.896,-0.991,-0.995,0.958,-0.961,0.996,-0.986,0.991,-0.967,-0.998,-0.987,0.998,-0.767,0.959,-0.999,0.964,-0.974,0.506,-0.951,-0.867,-0.972,-0.921,-0.977,0.938,-0.998,-0.872,-0.764,0.978,-0.986,-0.961,0.963,0.932,-0.952,-0.983,-0.94,-0.985,0.953,-0.993,-0.792,-0.974,0.886,-0.832,0.963,-0.999,-0.992,0.981,0.949,-0.912,0.998,-0.89,-0.987,0.613,0.98,0.925,-0.94,0.987,-0.994,0.986,0.97,0.918,-0.996,4.961,3.754,5.497,10.173,10.575,10.415,10.543,10.72,4.643,4.018,5.502,10.165,5.18,4.824,6.557,10.183,EssenceCatalog/problems/csplib-prob010-SocialGolfers/params/428d03e75f6c77897ee571a7de3f9939.param
-0.971,-0.988,0.979,-0.96,-0.979,0.992,-0.978,0.981,0.966,-0.964,-0.866,0.991,-0.898,0.993,-0.981,-0.947,-0.935,0.951,0.972,0.971,0.965,-0.975,-0.986,-0.955,0.994,-0.827,0.383,-0.774,-0.952,0.977,0.962,0.397,-0.955,0.955,-0.637,-0.995,0.978,0.998,0.788,-0.831,-0.952,-0.995,0.544,-0.164,0.993,0.981,0.981,-0.942,-0.996,-0.982,0.993,0.34,0.938,-0.997,0.938,-0.973,0.756,-0.952,-0.204,-0.948,-0.95,-0.898,0.711,-0.998,0.966,0.702,0.99,0.986,-0.842,0.824,0.879,-0.886,-0.827,-0.856,-0.849,-0.984,-0.987,-0.611,-0.878,0.967,-0.95,-0.885,-0.998,-0.879,0.983,-0.106,-0.926,0.997,-0.98,-0.959,-0.8,0.945,0.879,-0.975,0.978,-0.99,0.96,0.917,0.955,-0.985,5.077,4.274,10.357,10.303,10.256,10.279,10.26,10.263,5.049,4.414,10.353,10.237,5.349,4.866,10.315,10.316,EssenceCatalog/problems/csplib-prob010-SocialGolfers/params/637ad23fee20948c86c8f8dcd69cf8b4.param
-0.969,-0.982,0.975,-0.96,-0.961,0.989,-0.878,0.98,0.966,-0.961,-0.807,0.979,-0.88,0.988,-0.959,-0.91,-0.827,0.88,0.897,0.843,0.956,-0.972,-0.986,-0.931,0.991,-0.171,-0.297,-0.657,-0.956,0.986,0.822,0.569,-0.925,0.923,0.156,-0.994,0.964,0.997,0.803,-0.728,-0.956,-0.994,0.653,-0.516,0.992,0.969,0.981,-0.913,-0.995,-0.974,0.99,0.646,0.919,-0.996,0.882,-0.971,0.124,-0.901,-0.202,-0.902,-0.782,-0.905,0.694,-0.998,0.961,0.813,0.983,0.98,-0.817,0.836,0.881,-0.843,-0.853,-0.812,-0.87,-0.98,-0.984,-0.55,-0.861,0.953,-0.902,-0.421,-0.998,-0.901,0.981,0.587,-0.894,0.995,-0.971,-0.956,-0.847,0.924,0.862,-0.972,0.977,-0.988,0.951,0.887,0.923,-0.984,6.059,4.636,10.381,10.307,10.223,10.25,10.278,10.325,5.594,4.79,10.35,10.241,5.939,5.54,10.311,10.275,EssenceCatalog/problems/csplib-prob010-SocialGolfers/params/4255f301ec0d3dea8055adc59f18e1b3.param
-0.988,-0.824,0.854,-0.983,-0.978,0.99,0.678,0.992,0.977,-0.988,-0.964,0.957,-0.54,0.993,-0.905,-0.903,0.226,0.755,0.856,-0.71,0.939,-0.979,-0.989,-0.691,0.993,0.95,-0.825,-0.836,-0.863,0.989,0.281,0.913,-0.923,0.974,0.277,-0.996,0.847,0.998,0.907,-0.962,-0.987,-0.996,0.91,-0.96,0.986,0.717,0.996,-0.98,-0.997,-0.969,0.991,0.888,0.947,-0.999,0.772,-0.973,-0.906,-0.895,-0.902,-0.921,-0.774,-0.986,0.905,-0.999,0.952,0.931,0.982,0.845,-0.912,0.906,0.907,-0.967,-0.975,-0.891,-0.965,-0.934,-0.983,-0.734,-0.794,0.948,-0.602,0.914,-0.999,-0.979,0.967,0.678,-0.956,0.998,-0.947,-0.971,-0.896,0.936,0.94,-0.962,0.992,-0.996,0.968,0.934,0.885,-0.995,7.949,5.34,10.083,10.182,10.215,10.212,10.254,10.33,6.645,5.625,10.129,10.128,7.037,7.122,10.104,10.14,EssenceCatalog/problems/csplib-prob010-SocialGolfers/params/d3a7dfe63858ce583d9ede30982181a2.param
-0.989,0.992,-0.961,-0.992,-0.989,0.983,-0.937,0.982,0.993,-0.985,-0.988,0.983,0.979,0.996,-0.953,-0.976,-0.874,0.986,0.979,0.934,0.961,-0.989,-0.992,0.209,0.997,0.904,-0.489,-0.893,0.978,-0.841,0.644,0.711,-0.941,0.98,-0.959,-0.998,0.692,0.999,0.131,-0.9,-0.99,-0.996,0.955,-0.95,0.997,-0.982,0.991,-0.967,-0.998,-0.988,0.998,-0.855,0.967,-0.999,0.97,-0.975,0.794,-0.956,-0.875,-0.975,-0.966,-0.981,0.936,-0.998,-0.924,-0.877,0.983,-0.983,-0.967,0.967,0.932,-0.948,-0.983,-0.935,-0.982,0.973,-0.995,-0.811,-0.976,0.899,-0.891,0.945,-0.999,-0.992,0.984,0.876,-0.925,0.998,-0.91,-0.987,0.819,0.979,0.923,-0.945,0.986,-0.995,0.986,0.976,0.945,-0.996,4.561,3.627,5.276,10.292,10.622,10.485,10.622,10.798,4.428,3.863,5.287,10.238,4.968,4.58,6.343,10.248,EssenceCatalog/problems/csplib-prob010-SocialGolfers/params/04cea05f208f98c1e24db0b3bf5dcf3b.param
-0.995,-0.992,0.994,-0.996,-0.997,0.997,0.983,0.998,0.995,-0.993,-0.989,0.995,-0.987,0.994,-0.876,-0.991,-0.918,0.857,-0.933,-0.984,0.979,-0.996,-0.998,-0.98,0.998,0.993,-0.989,-0.965,-0.993,0.998,-0.991,0.982,-0.978,0.991,0.994,-0.999,0.925,0.999,0.99,-0.974,-0.997,-0.999,0.99,-0.989,0.999,0.962,0.999,-0.986,-0.999,-0.994,0.999,0.975,0.964,-0.999,0.973,-0.997,-0.987,-0.975,-0.958,-0.962,0.981,-0.996,0.981,-1.0,0.99,0.99,0.995,0.992,-0.991,0.981,0.99,-0.957,-0.996,-0.989,-0.994,-0.989,-0.997,-0.984,-0.981,0.982,-0.979,0.99,-1.0,-0.993,0.996,0.993,-0.979,1.0,-0.985,-0.994,-0.991,0.985,0.98,-0.994,0.997,-0.998,0.995,0.988,0.988,-0.998,9.649,5.802,10.52,10.436,10.486,10.522,10.499,10.449,7.526,6.108,10.474,10.451,8.013,7.81,10.498,10.49,EssenceCatalog/problems/csplib-prob010-SocialGolfers/params/69d79cd5144deb4221e93034f6adc5d9.param
-0.983,-0.98,0.973,-0.979,-0.976,0.991,0.4,0.99,0.969,-0.988,-0.974,0.946,-0.867,0.993,-0.938,-0.663,0.011,0.7,0.766,-0.671,0.945,-0.978,-0.994,-0.713,0.994,0.945,-0.925,-0.739,-0.983,0.996,0.499,0.954,-0.937,0.952,0.818,-0.995,0.903,0.997,0.903,-0.965,-0.99,-0.996,0.86,-0.973,0.991,0.948,0.996,-0.977,-0.996,-0.945,0.992,0.955,0.96,-0.998,0.631,-0.968,-0.983,-0.792,-0.933,-0.872,-0.77,-0.988,0.94,-0.999,0.984,0.976,0.983,0.984,-0.905,0.901,0.944,-0.965,-0.975,-0.881,-0.954,-0.984,-0.989,-0.71,-0.768,0.973,-0.593,0.966,-0.999,-0.986,0.981,0.328,-0.922,0.998,-0.958,-0.98,-0.947,0.91,0.946,-0.974,0.987,-0.992,0.937,0.937,0.889,-0.995,8.028,5.49,10.338,10.326,10.302,10.329,10.339,10.384,6.769,5.748,10.392,10.27,7.141,7.222,10.339,10.258,EssenceCatalog/problems/csplib-prob010-SocialGolfers/params/7c70e9ef480c77c9b818244161778fd3.param
-0.966,-0.981,0.964,-0.956,-0.978,0.99,-0.982,0.981,0.964,-0.971,-0.925,0.988,-0.8,0.994,-0.984,-0.865,-0.865,0.956,0.987,0.973,0.962,-0.975,-0.986,-0.905,0.995,-0.807,0.35,-0.781,-0.939,0.962,0.988,0.543,-0.955,0.958,-0.803,-0.994,0.975,0.998,0.7,-0.907,-0.959,-0.995,0.476,-0.386,0.991,0.978,0.983,-0.959,-0.996,-0.974,0.992,0.388,0.956,-0.998,0.915,-0.961,0.552,-0.939,-0.463,-0.947,-0.987,-0.941,0.795,-0.998,0.965,0.69,0.988,0.983,-0.832,0.828,0.869,-0.933,-0.858,-0.828,-0.822,-0.977,-0.987,-0.53,-0.83,0.972,-0.92,-0.776,-0.998,-0.913,0.979,-0.758,-0.915,0.997,-0.978,-0.959,-0.682,0.934,0.879,-0.964,0.977,-0.991,0.939,0.927,0.949,-0.987,4.923,4.321,10.343,10.319,10.317,10.318,10.287,10.288,5.011,4.46,10.367,10.279,5.304,4.898,10.333,10.341,EssenceCatalog/problems/csplib-prob010-SocialGolfers/params/b18c3ce9de062e7ae67c7e93650450e4.param
-0.981,-0.933,0.918,-0.974,-0.961,0.988,0.17,0.987,0.963,-0.98,-0.935,0.94,-0.641,0.991,-0.914,-0.778,0.23,0.717,0.906,-0.33,0.928,-0.971,-0.985,-0.658,0.991,0.862,-0.771,-0.75,-0.926,0.99,0.756,0.858,-0.9,0.952,0.251,-0.994,0.904,0.997,0.828,-0.938,-0.978,-0.994,0.83,-0.928,0.98,0.884,0.994,-0.969,-0.995,-0.95,0.986,0.889,0.943,-0.998,0.684,-0.959,-0.89,-0.839,-0.849,-0.893,-0.888,-0.976,0.875,-0.998,0.966,0.923,0.976,0.938,-0.845,0.857,0.854,-0.951,-0.954,-0.82,-0.929,-0.963,-0.979,-0.558,-0.704,0.944,-0.528,0.838,-0.999,-0.964,0.958,0.347,-0.927,0.997,-0.948,-0.961,-0.88,0.881,0.92,-0.954,0.986,-0.993,0.939,0.895,0.838,-0.992,7.353,5.215,10.109,10.15,10.158,10.152,10.176,10.255,6.375,5.452,10.152,10.101,6.707,6.788,10.108,10.083,EssenceCatalog/problems/csplib-prob010-SocialGolfers/params/8b3371bb968264c3f6779040b16c0c4d.param
-0.968,-0.983,0.965,-0.958,-0.95,0.988,-0.756,0.983,0.96,-0.978,-0.951,0.949,-0.788,0.992,-0.961,-0.392,-0.304,0.841,0.939,0.513,0.943,-0.969,-0.991,-0.715,0.993,0.583,-0.779,-0.586,-0.975,0.988,0.944,0.88,-0.931,0.925,0.421,-0.993,0.95,0.997,0.779,-0.928,-0.98,-0.994,0.622,-0.904,0.989,0.964,0.99,-0.96,-0.993,-0.926,0.988,0.876,0.963,-0.998,0.682,-0.948,-0.919,-0.772,-0.789,-0.85,-0.964,-0.971,0.904,-0.998,0.976,0.931,0.979,0.985,-0.823,0.846,0.902,-0.951,-0.929,-0.778,-0.874,-0.98,-0.985,-0.49,-0.702,0.97,-0.66,0.783,-0.998,-0.97,0.975,-0.52,-0.848,0.997,-0.959,-0.968,-0.856,0.871,0.903,-0.964,0.977,-0.987,0.89,0.903,0.876,-0.99,6.652,5.171,10.384,10.371,10.363,10.349,10.345,10.396,6.118,5.323,10.419,10.355,6.4,6.381,10.373,10.316,EssenceCatalog/problems/csplib-prob010-SocialGolfers/params/47f471c9e6649c4789931f46c2a18ce2.param
-0.995,-0.972,0.983,-0.995,-0.995,0.996,0.992,0.997,0.993,-0.992,-0.99,0.989,-0.961,0.993,-0.852,-0.987,-0.62,0.697,-0.83,-0.993,0.96,-0.993,-0.996,-0.938,0.996,0.995,-0.985,-0.951,-0.985,0.998,-0.991,0.986,-0.971,0.987,0.984,-0.999,0.773,0.998,0.987,-0.984,-0.996,-0.999,0.987,-0.99,0.996,0.897,0.999,-0.986,-0.999,-0.989,0.998,0.982,0.95,-0.999,0.918,-0.994,-0.992,-0.955,-0.976,-0.946,0.953,-0.996,0.978,-0.999,0.986,0.991,0.99,0.978,-0.986,0.973,0.986,-0.97,-0.995,-0.983,-0.992,-0.983,-0.993,-0.967,-0.961,0.976,-0.929,0.993,-1.0,-0.993,0.992,0.987,-0.98,1.0,-0.974,-0.992,-0.99,0.976,0.982,-0.99,0.996,-0.998,0.991,0.98,0.972,-0.997,9.56,5.745,10.368,10.31,10.361,10.392,10.369,10.32,7.458,6.053,10.342,10.312,7.925,7.767,10.363,10.359,EssenceCatalog/problems/csplib-prob010-SocialGolfers/params/cda060a31553dd596defc0d38048bca7.param
-0.972,-0.983,0.977,-0.963,-0.967,0.991,-0.921,0.982,0.97,-0.959,-0.788,0.986,-0.898,0.989,-0.961,-0.952,-0.9,0.91,0.906,0.906,0.961,-0.975,-0.985,-0.951,0.991,-0.459,-0.121,-0.715,-0.948,0.985,0.827,0.451,-0.932,0.939,-0.042,-0.995,0.971,0.998,0.813,-0.704,-0.95,-0.995,0.668,-0.386,0.993,0.971,0.982,-0.917,-0.996,-0.982,0.991,0.541,0.916,-0.997,0.92,-0.976,0.502,-0.931,-0.113,-0.924,-0.769,-0.879,0.671,-0.998,0.958,0.759,0.986,0.98,-0.839,0.839,0.875,-0.839,-0.843,-0.849,-0.886,-0.981,-0.985,-0.596,-0.892,0.949,-0.936,-0.704,-0.998,-0.876,0.982,0.67,-0.915,0.996,-0.975,-0.956,-0.848,0.936,0.873,-0.977,0.978,-0.99,0.963,0.893,0.938,-0.983,5.775,4.477,10.367,10.301,10.219,10.239,10.276,10.312,5.403,4.625,10.335,10.227,5.74,5.264,10.299,10.282,EssenceCatalog/problems/csplib-prob010-SocialGolfers/params/6d205e4327c5860de4a224d8e3e8760c.param
-0.969,-0.985,0.97,-0.961,-0.953,0.988,-0.69,0.983,0.961,-0.98,-0.954,0.946,-0.816,0.993,-0.959,-0.389,-0.305,0.823,0.919,0.376,0.945,-0.97,-0.992,-0.733,0.993,0.686,-0.821,-0.564,-0.979,0.99,0.918,0.9,-0.932,0.92,0.588,-0.993,0.947,0.996,0.807,-0.925,-0.982,-0.994,0.655,-0.917,0.99,0.965,0.991,-0.959,-0.993,-0.927,0.989,0.89,0.962,-0.997,0.666,-0.953,-0.937,-0.754,-0.802,-0.838,-0.946,-0.974,0.908,-0.998,0.977,0.943,0.978,0.986,-0.835,0.852,0.914,-0.948,-0.935,-0.783,-0.885,-0.981,-0.987,-0.523,-0.718,0.971,-0.656,0.838,-0.998,-0.974,0.979,-0.387,-0.843,0.997,-0.958,-0.972,-0.876,0.879,0.906,-0.966,0.977,-0.987,0.892,0.908,0.88,-0.99,6.873,5.239,10.403,10.383,10.367,10.365,10.359,10.406,6.237,5.4,10.435,10.359,6.532,6.521,10.389,10.323,EssenceCatalog/problems/csplib-prob010-SocialGolfers/params/e53f4db1c4daba122945809a2a0278a9.param
-0.982,-0.976,0.971,-0.978,-0.973,0.99,0.377,0.988,0.97,-0.986,-0.955,0.943,-0.854,0.993,-0.93,-0.754,-0.027,0.669,0.77,-0.617,0.943,-0.975,-0.993,-0.778,0.993,0.934,-0.88,-0.698,-0.976,0.995,0.388,0.926,-0.927,0.944,0.794,-0.995,0.904,0.997,0.898,-0.938,-0.987,-0.995,0.854,-0.948,0.991,0.941,0.995,-0.967,-0.996,-0.954,0.992,0.93,0.944,-0.998,0.657,-0.97,-0.956,-0.806,-0.865,-0.867,-0.662,-0.983,0.902,-0.999,0.981,0.967,0.979,0.977,-0.888,0.879,0.932,-0.944,-0.964,-0.853,-0.941,-0.982,-0.987,-0.706,-0.766,0.966,-0.637,0.93,-0.999,-0.979,0.98,0.582,-0.913,0.997,-0.956,-0.976,-0.941,0.908,0.932,-0.969,0.986,-0.992,0.947,0.92,0.887,-0.994,8.062,5.443,10.282,10.27,10.242,10.273,10.29,10.332,6.749,5.705,10.323,10.207,7.135,7.177,10.273,10.204,EssenceCatalog/problems/csplib-prob010-SocialGolfers/params/9abe2d168429fc5084582dc3d6d7b9e5.param
-0.985,-0.965,0.955,-0.979,-0.972,0.99,0.471,0.99,0.967,-0.987,-0.97,0.945,-0.788,0.993,-0.921,-0.71,0.201,0.689,0.814,-0.67,0.941,-0.978,-0.992,-0.656,0.994,0.946,-0.916,-0.758,-0.97,0.995,0.569,0.944,-0.922,0.957,0.725,-0.995,0.896,0.997,0.883,-0.966,-0.988,-0.996,0.869,-0.973,0.987,0.913,0.997,-0.98,-0.996,-0.946,0.991,0.949,0.959,-0.999,0.641,-0.967,-0.979,-0.813,-0.933,-0.884,-0.824,-0.987,0.936,-0.999,0.98,0.969,0.982,0.97,-0.897,0.895,0.918,-0.968,-0.975,-0.878,-0.956,-0.978,-0.986,-0.694,-0.752,0.964,-0.511,0.961,-0.999,-0.982,0.973,0.375,-0.933,0.998,-0.952,-0.976,-0.934,0.9,0.947,-0.97,0.988,-0.993,0.939,0.926,0.865,-0.994,7.937,5.442,10.246,10.259,10.243,10.265,10.279,10.335,6.71,5.701,10.306,10.199,7.072,7.182,10.253,10.189,EssenceCatalog/problems/csplib-prob010-SocialGolfers/params/c7fd201799ec3e6b8152cc1f565b6c08.param
-0.971,-0.981,0.97,-0.96,-0.974,0.991,-0.963,0.982,0.967,-0.966,-0.866,0.987,-0.848,0.992,-0.976,-0.919,-0.881,0.939,0.968,0.953,0.962,-0.974,-0.985,-0.934,0.993,-0.673,0.158,-0.744,-0.943,0.976,0.956,0.481,-0.944,0.948,-0.549,-0.995,0.973,0.998,0.758,-0.823,-0.955,-0.995,0.58,-0.359,0.992,0.973,0.982,-0.941,-0.996,-0.978,0.992,0.442,0.939,-0.997,0.919,-0.968,0.564,-0.935,-0.275,-0.936,-0.947,-0.918,0.723,-0.998,0.96,0.7,0.987,0.981,-0.829,0.834,0.863,-0.887,-0.847,-0.835,-0.849,-0.979,-0.985,-0.542,-0.862,0.961,-0.925,-0.754,-0.998,-0.894,0.981,-0.045,-0.914,0.997,-0.977,-0.958,-0.775,0.938,0.868,-0.969,0.979,-0.99,0.952,0.91,0.94,-0.986,5.244,4.365,10.35,10.313,10.274,10.282,10.284,10.3,5.154,4.505,10.345,10.256,5.458,5.018,10.311,10.313,EssenceCatalog/problems/csplib-prob010-SocialGolfers/params/c735a9042cc214b4bd3f4bbb17e034f7.param
-0.994,-0.988,0.992,-0.995,-0.995,0.996,0.988,0.997,0.993,-0.993,-0.991,0.988,-0.978,0.994,-0.903,-0.98,-0.65,0.679,-0.805,-0.992,0.964,-0.993,-0.997,-0.946,0.997,0.994,-0.988,-0.942,-0.993,0.998,-0.986,0.989,-0.975,0.985,0.988,-0.999,0.817,0.998,0.987,-0.985,-0.997,-0.998,0.983,-0.991,0.996,0.954,0.999,-0.985,-0.998,-0.988,0.998,0.986,0.953,-0.999,0.907,-0.994,-0.995,-0.943,-0.976,-0.936,0.937,-0.997,0.978,-0.999,0.991,0.994,0.991,0.992,-0.986,0.973,0.99,-0.969,-0.995,-0.982,-0.992,-0.991,-0.995,-0.965,-0.952,0.982,-0.93,0.994,-1.0,-0.994,0.994,0.979,-0.976,1.0,-0.978,-0.993,-0.993,0.976,0.982,-0.991,0.996,-0.998,0.99,0.983,0.974,-0.997,9.568,5.76,10.408,10.339,10.384,10.416,10.392,10.343,7.47,6.066,10.382,10.34,7.938,7.778,10.4,10.383,EssenceCatalog/problems/csplib-prob010-SocialGolfers/params/15f6ddb7e8abca01783a3ea44bc4d760.param
-0.986,-0.964,0.957,-0.981,-0.975,0.991,0.582,0.99,0.969,-0.988,-0.973,0.946,-0.803,0.993,-0.921,-0.743,0.204,0.675,0.782,-0.743,0.942,-0.978,-0.992,-0.666,0.994,0.956,-0.922,-0.771,-0.971,0.995,0.448,0.949,-0.926,0.959,0.757,-0.996,0.885,0.997,0.896,-0.968,-0.989,-0.996,0.885,-0.975,0.988,0.91,0.997,-0.981,-0.996,-0.949,0.991,0.952,0.958,-0.999,0.646,-0.969,-0.981,-0.818,-0.94,-0.887,-0.777,-0.988,0.938,-0.999,0.98,0.973,0.982,0.97,-0.907,0.9,0.925,-0.968,-0.977,-0.888,-0.961,-0.979,-0.987,-0.722,-0.765,0.965,-0.525,0.967,-0.999,-0.984,0.975,0.463,-0.938,0.998,-0.953,-0.978,-0.943,0.906,0.95,-0.97,0.989,-0.994,0.944,0.932,0.872,-0.995,8.079,5.468,10.245,10.259,10.241,10.267,10.281,10.333,6.772,5.738,10.305,10.195,7.147,7.253,10.254,10.192,EssenceCatalog/problems/csplib-prob010-SocialGolfers/params/c019ebcf3567cff9a33398aa0a6ff427.param
-0.97,-0.986,0.978,-0.959,-0.973,0.992,-0.965,0.981,0.967,-0.959,-0.841,0.988,-0.891,0.991,-0.975,-0.936,-0.908,0.935,0.96,0.954,0.961,-0.974,-0.985,-0.946,0.993,-0.72,0.197,-0.751,-0.954,0.98,0.942,0.427,-0.948,0.946,-0.467,-0.995,0.975,0.998,0.784,-0.797,-0.95,-0.995,0.576,-0.28,0.992,0.979,0.981,-0.935,-0.996,-0.98,0.991,0.475,0.934,-0.997,0.924,-0.971,0.606,-0.939,-0.205,-0.936,-0.925,-0.896,0.7,-0.998,0.965,0.727,0.988,0.985,-0.829,0.832,0.876,-0.873,-0.829,-0.843,-0.848,-0.983,-0.985,-0.567,-0.87,0.963,-0.939,-0.81,-0.998,-0.881,0.982,0.11,-0.917,0.997,-0.978,-0.955,-0.816,0.934,0.87,-0.974,0.979,-0.99,0.956,0.903,0.943,-0.984,5.281,4.348,10.364,10.301,10.242,10.254,10.259,10.28,5.158,4.489,10.355,10.236,5.465,4.998,10.313,10.299,EssenceCatalog/problems/csplib-prob010-SocialGolfers/params/7e2c1ffedf3d1217a2fc798a5131cb35.param
-0.976,-0.972,0.966,-0.969,-0.964,0.987,-0.068,0.985,0.961,-0.98,-0.918,0.945,-0.822,0.991,-0.94,-0.768,-0.145,0.718,0.87,-0.144,0.937,-0.967,-0.99,-0.817,0.991,0.818,-0.742,-0.66,-0.963,0.992,0.669,0.853,-0.911,0.931,0.551,-0.993,0.923,0.997,0.859,-0.891,-0.979,-0.993,0.773,-0.877,0.989,0.946,0.991,-0.95,-0.994,-0.954,0.99,0.865,0.93,-0.997,0.687,-0.963,-0.845,-0.822,-0.71,-0.863,-0.783,-0.97,0.832,-0.998,0.974,0.936,0.975,0.972,-0.835,0.839,0.893,-0.919,-0.936,-0.79,-0.909,-0.977,-0.983,-0.612,-0.747,0.957,-0.67,0.751,-0.998,-0.96,0.973,0.484,-0.896,0.996,-0.953,-0.965,-0.905,0.9,0.901,-0.959,0.982,-0.99,0.939,0.897,0.876,-0.991,7.446,5.243,10.272,10.253,10.221,10.242,10.259,10.312,6.426,5.465,10.295,10.192,6.783,6.76,10.245,10.184,EssenceCatalog/problems/csplib-prob010-SocialGolfers/params/a90697fbce39d97fd8fec8c220514e96.param
-0.975,-0.97,0.949,-0.966,-0.955,0.987,-0.469,0.985,0.959,-0.981,-0.943,0.943,-0.718,0.992,-0.944,-0.542,-0.046,0.803,0.927,0.202,0.94,-0.969,-0.99,-0.702,0.993,0.765,-0.796,-0.642,-0.961,0.99,0.903,0.875,-0.911,0.934,0.389,-0.993,0.938,0.997,0.792,-0.931,-0.979,-0.994,0.717,-0.919,0.987,0.94,0.992,-0.963,-0.994,-0.936,0.988,0.879,0.957,-0.998,0.674,-0.953,-0.913,-0.794,-0.812,-0.866,-0.944,-0.974,0.895,-0.998,0.972,0.928,0.977,0.971,-0.823,0.848,0.876,-0.95,-0.94,-0.782,-0.9,-0.974,-0.983,-0.506,-0.702,0.961,-0.575,0.829,-0.998,-0.968,0.969,-0.135,-0.882,0.997,-0.953,-0.967,-0.86,0.881,0.91,-0.959,0.98,-0.989,0.91,0.901,0.855,-0.991,6.944,5.203,10.28,10.293,10.292,10.283,10.289,10.352,6.239,5.385,10.313,10.264,6.534,6.563,10.269,10.23,EssenceCatalog/problems/csplib-prob010-SocialGolfers/params/2fb1577f9a2d8d1a7192845a05cc314b.param
-0.995,-0.986,0.99,-0.996,-0.997,0.997,0.984,0.998,0.995,-0.992,-0.988,0.995,-0.98,0.993,-0.836,-0.992,-0.917,0.861,-0.942,-0.981,0.979,-0.996,-0.997,-0.979,0.997,0.993,-0.989,-0.964,-0.988,0.998,-0.992,0.979,-0.973,0.991,0.993,-0.999,0.909,0.999,0.989,-0.968,-0.996,-0.999,0.991,-0.988,0.999,0.933,0.998,-0.985,-0.999,-0.994,0.999,0.967,0.96,-0.999,0.974,-0.997,-0.982,-0.977,-0.952,-0.964,0.984,-0.995,0.98,-1.0,0.985,0.985,0.994,0.983,-0.99,0.98,0.987,-0.953,-0.996,-0.989,-0.994,-0.983,-0.997,-0.985,-0.983,0.978,-0.98,0.988,-1.0,-0.992,0.996,0.995,-0.979,1.0,-0.983,-0.994,-0.989,0.984,0.979,-0.994,0.996,-0.998,0.995,0.987,0.987,-0.998,9.636,5.789,10.492,10.413,10.466,10.501,10.479,10.429,7.513,6.095,10.446,10.428,8.0,7.795,10.472,10.469,EssenceCatalog/problems/csplib-prob010-SocialGolfers/params/73a218c1ccc31d9a63be2a1ff6112fd4.param
-0.977,-0.984,0.986,-0.973,-0.975,0.992,-0.744,0.986,0.976,-0.967,-0.789,0.988,-0.949,0.988,-0.955,-0.977,-0.938,0.873,0.663,0.732,0.965,-0.98,-0.991,-0.969,0.99,0.098,-0.471,-0.754,-0.957,0.991,0.151,0.567,-0.933,0.945,0.586,-0.996,0.96,0.997,0.896,-0.583,-0.965,-0.995,0.807,-0.524,0.995,0.969,0.983,-0.905,-0.997,-0.987,0.995,0.636,0.892,-0.997,0.931,-0.985,0.327,-0.94,-0.03,-0.924,0.031,-0.891,0.684,-0.998,0.961,0.845,0.987,0.98,-0.888,0.88,0.926,-0.806,-0.892,-0.886,-0.942,-0.981,-0.989,-0.763,-0.934,0.951,-0.955,-0.511,-0.998,-0.9,0.987,0.935,-0.935,0.997,-0.974,-0.968,-0.919,0.959,0.886,-0.984,0.98,-0.991,0.976,0.921,0.958,-0.987,6.85,4.791,10.389,10.304,10.229,10.263,10.3,10.314,5.959,4.953,10.324,10.241,6.331,5.856,10.297,10.296,EssenceCatalog/problems/csplib-prob010-SocialGolfers/params/cdad664eb463f443fee887b3d355f7ff.param
-0.971,-0.976,0.958,-0.959,-0.945,0.987,-0.712,0.982,0.96,-0.975,-0.917,0.951,-0.756,0.991,-0.948,-0.566,-0.295,0.828,0.928,0.513,0.943,-0.968,-0.989,-0.772,0.992,0.574,-0.721,-0.583,-0.964,0.988,0.915,0.827,-0.912,0.918,0.377,-0.993,0.949,0.997,0.77,-0.892,-0.974,-0.993,0.644,-0.861,0.988,0.953,0.989,-0.948,-0.994,-0.94,0.987,0.842,0.953,-0.997,0.719,-0.955,-0.833,-0.799,-0.68,-0.858,-0.939,-0.96,0.862,-0.998,0.97,0.907,0.976,0.976,-0.8,0.835,0.874,-0.931,-0.914,-0.757,-0.87,-0.977,-0.982,-0.456,-0.727,0.96,-0.683,0.676,-0.998,-0.957,0.973,-0.096,-0.856,0.996,-0.959,-0.962,-0.845,0.874,0.892,-0.961,0.977,-0.987,0.908,0.886,0.863,-0.988,6.683,5.098,10.321,10.312,10.294,10.291,10.296,10.356,6.086,5.262,10.338,10.283,6.387,6.322,10.295,10.258,EssenceCatalog/problems/csplib-prob010-SocialGolfers/params/75acdf948867fe986281e1d807c4ff27.param
-0.99,0.99,-0.942,-0.991,-0.988,0.982,-0.891,0.98,0.993,-0.985,-0.981,0.981,0.976,0.995,-0.932,-0.977,-0.783,0.982,0.972,0.898,0.956,-0.988,-0.992,-0.071,0.996,0.924,-0.558,-0.857,0.973,-0.688,0.536,0.76,-0.918,0.977,-0.927,-0.998,0.717,0.999,0.408,-0.885,-0.989,-0.996,0.951,-0.948,0.996,-0.982,0.99,-0.964,-0.998,-0.986,0.998,-0.812,0.96,-0.999,0.967,-0.973,0.7,-0.952,-0.849,-0.972,-0.948,-0.976,0.927,-0.998,-0.882,-0.824,0.98,-0.981,-0.958,0.962,0.926,-0.947,-0.98,-0.934,-0.982,0.953,-0.994,-0.768,-0.972,0.889,-0.859,0.941,-0.999,-0.99,0.983,0.914,-0.911,0.998,-0.899,-0.986,0.716,0.978,0.917,-0.942,0.986,-0.994,0.984,0.97,0.93,-0.996,4.707,3.672,5.418,10.226,10.592,10.448,10.574,10.75,4.512,3.918,5.421,10.201,5.04,4.661,6.471,10.209,EssenceCatalog/problems/csplib-prob010-SocialGolfers/params/559953a9a57174c455fa9c8ce88e3470.param
-0.973,-0.983,0.972,-0.964,-0.983,0.993,-0.981,0.982,0.969,-0.967,-0.889,0.992,-0.866,0.994,-0.982,-0.951,-0.933,0.96,0.982,0.976,0.964,-0.977,-0.986,-0.949,0.995,-0.854,0.511,-0.818,-0.935,0.967,0.972,0.362,-0.958,0.963,-0.788,-0.995,0.977,0.998,0.777,-0.868,-0.953,-0.996,0.576,-0.161,0.993,0.978,0.982,-0.951,-0.997,-0.984,0.994,0.252,0.943,-0.997,0.946,-0.971,0.819,-0.958,-0.27,-0.957,-0.967,-0.91,0.728,-0.998,0.961,0.629,0.991,0.982,-0.856,0.841,0.884,-0.903,-0.845,-0.869,-0.858,-0.98,-0.988,-0.613,-0.881,0.969,-0.953,-0.9,-0.998,-0.889,0.984,-0.303,-0.937,0.998,-0.981,-0.959,-0.756,0.95,0.882,-0.974,0.98,-0.992,0.962,0.927,0.958,-0.986,4.944,4.241,10.342,10.322,10.293,10.316,10.282,10.276,4.986,4.378,10.344,10.261,5.278,4.804,10.315,10.347,EssenceCatalog/problems/csplib-prob010-SocialGolfers/params/f6431f062cbd980a36182d0dd4980cf5.param
-0.974,-0.979,0.96,-0.965,-0.958,0.988,-0.552,0.985,0.959,-0.982,-0.958,0.943,-0.764,0.993,-0.954,-0.442,-0.128,0.819,0.926,0.233,0.943,-0.971,-0.991,-0.685,0.993,0.754,-0.834,-0.626,-0.973,0.99,0.918,0.903,-0.924,0.935,0.488,-0.993,0.94,0.997,0.802,-0.943,-0.983,-0.994,0.699,-0.933,0.989,0.954,0.993,-0.967,-0.994,-0.929,0.989,0.896,0.962,-0.998,0.659,-0.951,-0.943,-0.774,-0.85,-0.854,-0.953,-0.978,0.916,-0.998,0.976,0.942,0.978,0.981,-0.837,0.857,0.9,-0.957,-0.946,-0.796,-0.902,-0.979,-0.986,-0.524,-0.701,0.967,-0.592,0.865,-0.998,-0.974,0.973,-0.369,-0.871,0.997,-0.954,-0.972,-0.872,0.881,0.915,-0.962,0.98,-0.989,0.902,0.912,0.867,-0.991,6.933,5.25,10.353,10.353,10.349,10.341,10.338,10.394,6.264,5.422,10.391,10.329,6.552,6.586,10.345,10.291,EssenceCatalog/problems/csplib-prob010-SocialGolfers/params/b18485c69f88eb04d3bff1b376b485a4.param
-0.973,-0.991,0.991,-0.965,-0.975,0.992,-0.869,0.983,0.971,-0.967,-0.78,0.989,-0.963,0.988,-0.961,-0.977,-0.958,0.893,0.713,0.843,0.971,-0.978,-0.991,-0.976,0.989,-0.252,-0.376,-0.687,-0.969,0.992,0.394,0.544,-0.937,0.944,0.532,-0.996,0.97,0.997,0.898,-0.575,-0.962,-0.995,0.7,-0.391,0.996,0.979,0.98,-0.902,-0.997,-0.986,0.994,0.556,0.898,-0.996,0.939,-0.984,0.46,-0.942,0.104,-0.919,-0.165,-0.865,0.661,-0.997,0.966,0.846,0.988,0.989,-0.872,0.827,0.911,-0.787,-0.857,-0.876,-0.925,-0.986,-0.99,-0.785,-0.929,0.951,-0.962,-0.71,-0.998,-0.88,0.986,0.897,-0.924,0.997,-0.974,-0.97,-0.919,0.961,0.88,-0.984,0.975,-0.989,0.974,0.92,0.962,-0.985,6.429,4.642,10.388,10.267,10.172,10.217,10.254,10.263,5.721,4.788,10.332,10.19,6.087,5.563,10.295,10.254,EssenceCatalog/problems/csplib-prob010-SocialGolfers/params/193dcd88769acafdb1189f74ae2c8732.param
-0.969,-0.977,0.962,-0.956,-0.953,0.989,-0.922,0.981,0.965,-0.959,-0.838,0.977,-0.804,0.99,-0.961,-0.846,-0.737,0.903,0.951,0.889,0.952,-0.97,-0.984,-0.895,0.992,-0.297,-0.249,-0.675,-0.947,0.982,0.936,0.576,-0.925,0.93,-0.202,-0.994,0.967,0.998,0.732,-0.812,-0.953,-0.994,0.584,-0.576,0.989,0.965,0.983,-0.932,-0.995,-0.968,0.987,0.658,0.942,-0.997,0.866,-0.962,-0.036,-0.895,-0.341,-0.907,-0.934,-0.914,0.744,-0.998,0.961,0.78,0.982,0.978,-0.793,0.835,0.854,-0.892,-0.856,-0.798,-0.834,-0.977,-0.981,-0.438,-0.813,0.955,-0.872,-0.347,-0.998,-0.907,0.976,0.067,-0.886,0.996,-0.971,-0.949,-0.795,0.901,0.868,-0.968,0.978,-0.988,0.937,0.876,0.902,-0.984,5.7,4.587,10.336,10.288,10.231,10.229,10.257,10.309,5.436,4.731,10.334,10.241,5.746,5.406,10.289,10.261,EssenceCatalog/problems/csplib-prob010-SocialGolfers/params/67dbb4d3b17b012680fd12820b2a05a4.param
-0.965,-0.982,0.966,-0.958,-0.984,0.991,-0.987,0.981,0.965,-0.975,-0.939,0.99,-0.827,0.995,-0.988,-0.889,-0.918,0.963,0.989,0.981,0.967,-0.977,-0.988,-0.916,0.996,-0.862,0.492,-0.798,-0.937,0.951,0.989,0.51,-0.963,0.963,-0.848,-0.994,0.975,0.998,0.697,-0.913,-0.964,-0.996,0.471,-0.283,0.993,0.979,0.982,-0.96,-0.996,-0.976,0.994,0.228,0.958,-0.997,0.932,-0.965,0.722,-0.949,-0.441,-0.955,-0.987,-0.947,0.788,-0.998,0.963,0.652,0.99,0.984,-0.855,0.828,0.886,-0.93,-0.865,-0.838,-0.83,-0.975,-0.99,-0.608,-0.859,0.977,-0.939,-0.843,-0.998,-0.918,0.983,-0.789,-0.925,0.998,-0.98,-0.965,-0.645,0.949,0.88,-0.965,0.976,-0.991,0.946,0.943,0.962,-0.989,4.822,4.269,10.338,10.332,10.333,10.35,10.302,10.282,4.95,4.405,10.36,10.285,5.243,4.811,10.331,10.36,EssenceCatalog/problems/csplib-prob010-SocialGolfers/params/fd3fa57fa514d3d8f9e90c724b07357c.param
-0.995,-0.983,0.989,-0.995,-0.996,0.997,0.992,0.998,0.995,-0.992,-0.99,0.993,-0.976,0.994,-0.858,-0.991,-0.812,0.782,-0.907,-0.991,0.968,-0.995,-0.997,-0.966,0.997,0.995,-0.988,-0.963,-0.989,0.998,-0.993,0.985,-0.976,0.99,0.99,-0.999,0.84,0.998,0.99,-0.98,-0.996,-0.999,0.99,-0.99,0.997,0.931,0.999,-0.987,-0.999,-0.992,0.999,0.98,0.956,-0.999,0.954,-0.996,-0.991,-0.968,-0.971,-0.956,0.977,-0.996,0.981,-1.0,0.988,0.99,0.992,0.985,-0.989,0.978,0.989,-0.965,-0.996,-0.988,-0.993,-0.985,-0.995,-0.978,-0.974,0.978,-0.964,0.992,-1.0,-0.993,0.995,0.992,-0.98,1.0,-0.979,-0.993,-0.991,0.981,0.982,-0.992,0.996,-0.998,0.993,0.984,0.982,-0.997,9.621,5.779,10.455,10.382,10.434,10.467,10.444,10.393,7.501,6.087,10.417,10.393,7.981,7.795,10.441,10.436,EssenceCatalog/problems/csplib-prob010-SocialGolfers/params/dd080b70c805975177fab73c065ae130.param
-0.976,-0.971,0.951,-0.968,-0.96,0.988,-0.374,0.986,0.959,-0.983,-0.956,0.942,-0.731,0.993,-0.946,-0.54,-0.005,0.797,0.927,0.068,0.94,-0.971,-0.991,-0.671,0.993,0.799,-0.823,-0.667,-0.965,0.991,0.899,0.896,-0.917,0.942,0.407,-0.994,0.933,0.997,0.81,-0.946,-0.982,-0.994,0.737,-0.936,0.987,0.942,0.993,-0.969,-0.995,-0.934,0.988,0.895,0.959,-0.998,0.658,-0.952,-0.937,-0.793,-0.86,-0.87,-0.948,-0.979,0.91,-0.998,0.974,0.939,0.978,0.974,-0.838,0.854,0.889,-0.958,-0.95,-0.802,-0.912,-0.975,-0.985,-0.529,-0.7,0.963,-0.561,0.869,-0.998,-0.974,0.969,-0.228,-0.891,0.997,-0.951,-0.97,-0.874,0.885,0.918,-0.96,0.982,-0.99,0.912,0.912,0.858,-0.992,7.036,5.249,10.3,10.311,10.311,10.301,10.306,10.368,6.297,5.436,10.34,10.28,6.592,6.648,10.294,10.245,EssenceCatalog/problems/csplib-prob010-SocialGolfers/params/5e12858c27cb6239f63cf44c19939895.param
-0.969,-0.982,0.968,-0.959,-0.974,0.991,-0.97,0.982,0.966,-0.965,-0.879,0.987,-0.836,0.993,-0.978,-0.907,-0.87,0.943,0.976,0.96,0.96,-0.974,-0.985,-0.927,0.994,-0.731,0.248,-0.769,-0.943,0.973,0.97,0.473,-0.947,0.95,-0.657,-0.995,0.974,0.998,0.743,-0.851,-0.953,-0.995,0.553,-0.353,0.991,0.976,0.983,-0.946,-0.996,-0.978,0.991,0.436,0.944,-0.997,0.917,-0.966,0.572,-0.936,-0.334,-0.94,-0.965,-0.921,0.738,-0.998,0.963,0.69,0.987,0.983,-0.823,0.835,0.861,-0.903,-0.843,-0.832,-0.834,-0.979,-0.985,-0.523,-0.848,0.964,-0.926,-0.771,-0.998,-0.896,0.98,-0.287,-0.917,0.997,-0.977,-0.956,-0.757,0.932,0.871,-0.968,0.979,-0.99,0.949,0.91,0.939,-0.986,5.113,4.336,10.339,10.304,10.274,10.279,10.269,10.284,5.09,4.476,10.344,10.252,5.388,4.958,10.309,10.313,EssenceCatalog/problems/csplib-prob010-SocialGolfers/params/d73810383376e707eb4827989c2a0959.param
-0.97,-0.981,0.974,-0.962,-0.952,0.987,-0.599,0.982,0.959,-0.97,-0.864,0.958,-0.863,0.989,-0.95,-0.767,-0.484,0.788,0.879,0.414,0.942,-0.966,-0.988,-0.865,0.99,0.537,-0.66,-0.597,-0.969,0.992,0.781,0.772,-0.909,0.913,0.497,-0.993,0.95,0.997,0.816,-0.829,-0.97,-0.992,0.683,-0.781,0.989,0.966,0.987,-0.929,-0.994,-0.956,0.988,0.831,0.929,-0.997,0.75,-0.963,-0.708,-0.834,-0.501,-0.86,-0.809,-0.947,0.792,-0.998,0.974,0.911,0.977,0.981,-0.796,0.829,0.886,-0.89,-0.901,-0.767,-0.879,-0.981,-0.983,-0.532,-0.775,0.958,-0.763,0.452,-0.998,-0.944,0.976,0.407,-0.872,0.995,-0.961,-0.958,-0.883,0.89,0.878,-0.964,0.977,-0.987,0.93,0.881,0.882,-0.988,6.915,5.074,10.359,10.308,10.252,10.274,10.293,10.347,6.147,5.251,10.358,10.252,6.491,6.335,10.307,10.25,EssenceCatalog/problems/csplib-prob010-SocialGolfers/params/e0917c3aae8bfc9dbec4f0db24458351.param
-0.97,-0.983,0.972,-0.962,-0.983,0.992,-0.975,0.982,0.966,-0.971,-0.901,0.989,-0.861,0.994,-0.983,-0.934,-0.905,0.952,0.981,0.967,0.963,-0.974,-0.987,-0.941,0.994,-0.802,0.449,-0.794,-0.942,0.97,0.972,0.443,-0.954,0.96,-0.76,-0.995,0.974,0.998,0.789,-0.874,-0.958,-0.995,0.553,-0.232,0.993,0.978,0.982,-0.951,-0.996,-0.98,0.993,0.291,0.942,-0.997,0.934,-0.967,0.735,-0.951,-0.29,-0.951,-0.968,-0.925,0.728,-0.998,0.965,0.678,0.989,0.983,-0.845,0.826,0.878,-0.904,-0.846,-0.848,-0.848,-0.98,-0.987,-0.609,-0.86,0.97,-0.94,-0.865,-0.998,-0.894,0.982,-0.383,-0.932,0.997,-0.977,-0.962,-0.764,0.95,0.873,-0.968,0.979,-0.991,0.956,0.927,0.955,-0.988,4.985,4.275,10.353,10.32,10.297,10.314,10.283,10.278,5.016,4.416,10.358,10.263,5.31,4.857,10.327,10.34,EssenceCatalog/problems/csplib-prob010-SocialGolfers/params/22faf0aa260172668c9d5eb27f88176d.param
-0.986,0.999,-0.998,-0.994,-0.956,0.988,-0.981,0.988,0.987,-0.865,-0.981,0.991,0.996,0.985,-0.527,-0.987,-0.953,0.988,0.986,0.988,0.962,-0.992,-0.868,0.902,0.994,0.532,-0.4,-0.973,0.998,-0.989,0.922,-0.659,-0.898,0.991,-0.996,-0.998,0.461,0.999,-0.969,-0.884,-0.949,-0.998,0.966,-0.961,0.983,-0.998,0.994,-0.979,-0.998,-0.993,0.987,-0.952,0.978,-0.999,0.98,-0.981,0.979,-0.981,-0.946,-0.993,-0.993,-0.876,0.963,-0.998,-0.992,-0.991,0.99,-0.999,-0.968,0.97,0.07,-0.965,-0.987,-0.921,-0.984,0.998,-0.983,-0.874,-0.982,0.416,-0.889,0.88,-0.999,-0.962,0.688,0.917,-0.974,0.999,-0.898,-0.917,0.982,0.897,0.962,-0.883,0.987,-0.997,0.988,0.966,0.843,-0.98,3.825,3.203,4.347,9.88,10.078,9.952,10.181,10.479,3.831,3.381,4.394,9.774,4.46,3.997,5.41,9.775,EssenceCatalog/problems/csplib-prob010-SocialGolfers/params/1b88f81d524808994336aa1ba810a788.param
-0.965,-0.982,0.962,-0.952,-0.944,0.987,-0.895,0.98,0.96,-0.971,-0.924,0.96,-0.764,0.992,-0.964,-0.509,-0.517,0.882,0.953,0.788,0.948,-0.969,-0.989,-0.785,0.993,0.181,-0.64,-0.564,-0.966,0.983,0.961,0.807,-0.929,0.917,0.163,-0.993,0.961,0.997,0.715,-0.892,-0.972,-0.993,0.538,-0.821,0.989,0.966,0.987,-0.95,-0.993,-0.939,0.986,0.8,0.96,-0.997,0.752,-0.951,-0.764,-0.81,-0.646,-0.863,-0.969,-0.955,0.87,-0.997,0.968,0.88,0.979,0.983,-0.796,0.834,0.88,-0.933,-0.9,-0.757,-0.848,-0.977,-0.984,-0.417,-0.737,0.966,-0.755,0.468,-0.997,-0.957,0.975,-0.528,-0.833,0.997,-0.964,-0.962,-0.801,0.873,0.883,-0.963,0.975,-0.986,0.896,0.892,0.883,-0.987,6.186,4.964,10.37,10.343,10.325,10.307,10.313,10.363,5.827,5.1,10.397,10.327,6.114,5.985,10.352,10.301,EssenceCatalog/problems/csplib-prob010-SocialGolfers/params/4d8256f98987f2ae6ae2996cf79ed041.param
-0.974,-0.984,0.976,-0.967,-0.958,0.989,-0.29,0.985,0.964,-0.98,-0.937,0.944,-0.868,0.992,-0.947,-0.602,-0.252,0.736,0.845,-0.101,0.941,-0.97,-0.992,-0.785,0.992,0.823,-0.839,-0.609,-0.98,0.994,0.736,0.894,-0.927,0.92,0.731,-0.993,0.937,0.997,0.853,-0.91,-0.982,-0.993,0.75,-0.917,0.99,0.965,0.992,-0.953,-0.994,-0.943,0.99,0.914,0.95,-0.997,0.652,-0.963,-0.939,-0.769,-0.779,-0.844,-0.829,-0.973,0.886,-0.998,0.98,0.955,0.978,0.985,-0.842,0.859,0.923,-0.933,-0.941,-0.802,-0.904,-0.984,-0.986,-0.593,-0.741,0.97,-0.671,0.865,-0.998,-0.973,0.98,0.227,-0.877,0.997,-0.96,-0.969,-0.915,0.885,0.91,-0.969,0.98,-0.989,0.92,0.904,0.879,-0.991,7.445,5.327,10.368,10.34,10.302,10.326,10.329,10.379,6.483,5.534,10.393,10.291,6.826,6.816,10.345,10.272,EssenceCatalog/problems/csplib-prob010-SocialGolfers/params/6421677493b6d3db44e2baf9d640b4bd.param
-0.99,0.998,-0.995,-0.994,-0.98,0.987,-0.985,0.987,0.99,-0.956,-0.988,0.989,0.994,0.994,-0.906,-0.977,-0.938,0.99,0.99,0.985,0.97,-0.993,-0.975,0.827,0.997,0.778,-0.518,-0.954,0.997,-0.974,0.915,0.065,-0.947,0.988,-0.993,-0.999,0.473,1.0,-0.902,-0.914,-0.979,-0.998,0.966,-0.963,0.994,-0.996,0.993,-0.979,-0.998,-0.992,0.996,-0.925,0.982,-0.999,0.979,-0.979,0.942,-0.975,-0.933,-0.989,-0.993,-0.968,0.963,-0.999,-0.981,-0.977,0.989,-0.997,-0.971,0.977,0.743,-0.964,-0.988,-0.934,-0.984,0.996,-0.992,-0.834,-0.979,0.774,-0.882,0.926,-0.998,-0.986,0.947,0.822,-0.96,0.999,-0.934,-0.973,0.966,0.951,0.954,-0.922,0.987,-0.996,0.986,0.977,0.912,-0.993,4.122,3.431,4.755,10.235,10.458,10.334,10.526,10.753,4.119,3.635,4.808,10.116,4.709,4.296,5.834,10.12,EssenceCatalog/problems/csplib-prob010-SocialGolfers/params/87f250e5d5376de41ef672c2980ef299.param
-0.994,-0.982,0.988,-0.994,-0.994,0.995,0.985,0.997,0.991,-0.992,-0.99,0.983,-0.968,0.994,-0.896,-0.973,-0.476,0.617,-0.657,-0.99,0.959,-0.992,-0.997,-0.918,0.996,0.994,-0.982,-0.927,-0.991,0.998,-0.976,0.986,-0.97,0.982,0.981,-0.999,0.794,0.998,0.984,-0.984,-0.996,-0.998,0.978,-0.989,0.996,0.941,0.999,-0.985,-0.998,-0.985,0.997,0.985,0.948,-0.999,0.859,-0.992,-0.994,-0.929,-0.975,-0.929,0.884,-0.996,0.971,-0.999,0.99,0.993,0.99,0.988,-0.981,0.967,0.986,-0.969,-0.994,-0.976,-0.99,-0.99,-0.994,-0.948,-0.936,0.981,-0.891,0.993,-0.999,-0.993,0.993,0.971,-0.975,0.999,-0.974,-0.991,-0.991,0.969,0.979,-0.99,0.995,-0.998,0.988,0.978,0.964,-0.997,9.492,5.728,10.339,10.283,10.323,10.351,10.331,10.286,7.423,6.033,10.325,10.274,7.879,7.748,10.337,10.319,EssenceCatalog/problems/csplib-prob010-SocialGolfers/params/0e7fe332bccc6412d5d70e742e13a339.param
-0.991,0.995,-0.983,-0.992,-0.981,0.983,-0.957,0.984,0.991,-0.978,-0.988,0.98,0.991,0.994,-0.936,-0.955,-0.776,0.985,0.987,0.949,0.963,-0.99,-0.987,0.581,0.997,0.917,-0.714,-0.897,0.989,-0.86,0.869,0.691,-0.935,0.98,-0.972,-0.998,0.618,0.999,-0.471,-0.926,-0.987,-0.997,0.95,-0.971,0.994,-0.99,0.993,-0.977,-0.998,-0.986,0.997,-0.806,0.978,-0.999,0.962,-0.97,0.661,-0.952,-0.925,-0.976,-0.988,-0.98,0.957,-0.998,-0.94,-0.902,0.985,-0.991,-0.963,0.97,0.884,-0.966,-0.986,-0.929,-0.982,0.986,-0.993,-0.745,-0.966,0.846,-0.777,0.962,-0.998,-0.99,0.967,0.761,-0.926,0.999,-0.911,-0.981,0.886,0.959,0.938,-0.919,0.986,-0.994,0.982,0.972,0.905,-0.996,4.398,3.603,5.045,10.242,10.539,10.41,10.565,10.771,4.339,3.82,5.091,10.162,4.883,4.53,6.123,10.16,EssenceCatalog/problems/csplib-prob010-SocialGolfers/params/8212597ee0ffe142966721733fad261d.param
-0.964,-0.982,0.963,-0.952,-0.944,0.987,-0.901,0.98,0.96,-0.971,-0.918,0.962,-0.774,0.991,-0.965,-0.548,-0.553,0.882,0.952,0.803,0.948,-0.969,-0.989,-0.802,0.993,0.133,-0.605,-0.569,-0.966,0.983,0.958,0.791,-0.929,0.915,0.141,-0.993,0.961,0.997,0.716,-0.881,-0.972,-0.993,0.535,-0.797,0.99,0.967,0.986,-0.947,-0.993,-0.942,0.987,0.784,0.958,-0.997,0.765,-0.952,-0.716,-0.816,-0.613,-0.866,-0.964,-0.953,0.856,-0.997,0.967,0.871,0.979,0.984,-0.794,0.832,0.88,-0.927,-0.895,-0.754,-0.843,-0.977,-0.984,-0.421,-0.749,0.966,-0.774,0.401,-0.997,-0.954,0.976,-0.475,-0.835,0.996,-0.965,-0.961,-0.799,0.876,0.877,-0.963,0.975,-0.986,0.9,0.892,0.886,-0.987,6.147,4.932,10.372,10.34,10.317,10.302,10.309,10.359,5.794,5.068,10.397,10.321,6.085,5.934,10.351,10.299,EssenceCatalog/problems/csplib-prob010-SocialGolfers/params/4ea074f986041a8dcc16a3e80334e5f9.param
-0.971,-0.98,0.971,-0.963,-0.983,0.992,-0.966,0.981,0.967,-0.969,-0.886,0.989,-0.858,0.994,-0.98,-0.947,-0.904,0.947,0.976,0.959,0.96,-0.973,-0.987,-0.946,0.994,-0.751,0.44,-0.799,-0.934,0.97,0.957,0.417,-0.95,0.957,-0.714,-0.995,0.972,0.998,0.812,-0.845,-0.956,-0.995,0.61,-0.215,0.993,0.974,0.981,-0.944,-0.996,-0.982,0.994,0.277,0.932,-0.997,0.936,-0.968,0.758,-0.951,-0.246,-0.949,-0.951,-0.92,0.7,-0.998,0.96,0.664,0.988,0.98,-0.85,0.837,0.881,-0.891,-0.846,-0.853,-0.86,-0.978,-0.986,-0.606,-0.873,0.966,-0.943,-0.861,-0.998,-0.891,0.983,-0.11,-0.932,0.997,-0.976,-0.962,-0.782,0.951,0.87,-0.97,0.98,-0.991,0.959,0.922,0.954,-0.988,5.075,4.275,10.338,10.313,10.282,10.301,10.278,10.276,5.051,4.418,10.332,10.251,5.347,4.884,10.306,10.328,EssenceCatalog/problems/csplib-prob010-SocialGolfers/params/01a59d9d66eaad938f1e2ccc09c6d2c4.param
-0.963,0.99,-0.989,-0.89,0.98,0.986,-0.875,0.957,0.937,0.974,0.935,0.973,0.983,-0.917,0.97,-0.95,-0.036,0.785,0.447,0.888,0.2,-0.949,0.987,0.888,0.945,-0.95,-0.785,-0.918,0.988,0.026,0.882,-0.941,0.252,0.94,-0.982,-0.989,0.943,0.997,-0.978,-0.525,0.967,-0.987,0.483,-0.824,-0.975,-0.929,0.951,-0.889,-0.956,-0.937,-0.976,0.868,0.938,-0.996,0.599,-0.91,0.131,-0.809,-0.788,-0.944,-0.98,0.976,0.732,-0.985,-0.795,-0.962,0.962,-0.992,0.052,0.841,-0.929,-0.942,-0.692,-0.881,-0.915,0.889,0.69,0.863,-0.53,-0.927,-0.6,-0.436,-0.995,0.798,-0.931,0.848,-0.943,0.984,-0.778,0.967,0.897,-0.974,0.936,-0.93,0.957,-0.97,0.873,-0.894,-0.956,0.905,2.089,1.618,1.747,5.233,4.0,3.003,4.035,7.849,2.194,1.773,1.894,5.413,2.411,1.857,2.156,5.253,EssenceCatalog/problems/csplib-prob010-SocialGolfers/params/ord06-13-7-2.param
-0.981,-0.992,0.994,-0.976,-0.978,0.994,-0.543,0.989,0.976,-0.971,-0.778,0.99,-0.978,0.986,-0.949,-0.982,-0.952,0.852,0.265,0.479,0.976,-0.983,-0.993,-0.981,0.99,0.344,-0.74,-0.746,-0.978,0.996,-0.338,0.689,-0.937,0.956,0.838,-0.997,0.965,0.997,0.937,-0.589,-0.969,-0.996,0.797,-0.628,0.996,0.981,0.987,-0.921,-0.997,-0.989,0.995,0.754,0.897,-0.997,0.937,-0.99,-0.089,-0.946,0.048,-0.921,0.493,-0.883,0.726,-0.998,0.979,0.924,0.989,0.99,-0.9,0.86,0.93,-0.823,-0.91,-0.903,-0.955,-0.989,-0.991,-0.868,-0.94,0.947,-0.962,-0.348,-0.999,-0.906,0.986,0.96,-0.942,0.998,-0.973,-0.972,-0.955,0.965,0.906,-0.987,0.98,-0.992,0.981,0.928,0.965,-0.988,7.581,5.033,10.377,10.24,10.178,10.212,10.26,10.256,6.34,5.202,10.311,10.198,6.738,6.283,10.273,10.242,EssenceCatalog/problems/csplib-prob010-SocialGolfers/params/b08f01fa5ea0206fa488cb3e302221ff.param
-0.97,-0.983,0.972,-0.959,-0.97,0.991,-0.954,0.981,0.967,-0.96,-0.841,0.986,-0.864,0.991,-0.972,-0.923,-0.872,0.928,0.96,0.942,0.958,-0.973,-0.984,-0.935,0.993,-0.634,0.115,-0.744,-0.947,0.979,0.94,0.455,-0.942,0.943,-0.444,-0.995,0.972,0.998,0.77,-0.799,-0.95,-0.995,0.597,-0.359,0.991,0.975,0.982,-0.935,-0.996,-0.978,0.991,0.514,0.934,-0.997,0.914,-0.968,0.505,-0.931,-0.246,-0.931,-0.927,-0.903,0.704,-0.998,0.962,0.724,0.986,0.982,-0.821,0.838,0.868,-0.877,-0.839,-0.835,-0.847,-0.98,-0.984,-0.527,-0.859,0.96,-0.926,-0.734,-0.998,-0.887,0.981,0.123,-0.913,0.996,-0.977,-0.954,-0.803,0.929,0.868,-0.972,0.979,-0.99,0.952,0.897,0.934,-0.985,5.349,4.385,10.351,10.3,10.244,10.249,10.263,10.291,5.202,4.528,10.342,10.239,5.509,5.066,10.303,10.292,EssenceCatalog/problems/csplib-prob010-SocialGolfers/params/ae5e5cb383d01012292724fc09e713c6.param
-0.97,-0.976,0.957,-0.959,-0.946,0.987,-0.715,0.982,0.96,-0.973,-0.912,0.952,-0.762,0.991,-0.95,-0.588,-0.311,0.827,0.931,0.53,0.941,-0.967,-0.988,-0.778,0.992,0.536,-0.689,-0.6,-0.963,0.988,0.915,0.81,-0.913,0.92,0.319,-0.993,0.95,0.997,0.765,-0.89,-0.973,-0.993,0.643,-0.849,0.987,0.955,0.989,-0.947,-0.994,-0.94,0.986,0.841,0.952,-0.997,0.723,-0.953,-0.815,-0.807,-0.666,-0.864,-0.939,-0.958,0.853,-0.998,0.97,0.902,0.977,0.976,-0.794,0.837,0.873,-0.929,-0.911,-0.756,-0.865,-0.976,-0.982,-0.447,-0.725,0.961,-0.693,0.633,-0.998,-0.955,0.972,-0.099,-0.863,0.996,-0.96,-0.96,-0.843,0.872,0.888,-0.961,0.978,-0.987,0.909,0.886,0.864,-0.988,6.629,5.072,10.32,10.308,10.288,10.283,10.291,10.351,6.051,5.235,10.337,10.279,6.351,6.277,10.293,10.255,EssenceCatalog/problems/csplib-prob010-SocialGolfers/params/d91a1cacd115f896b71f6218376febf7.param
-0.972,-0.984,0.98,-0.962,-0.969,0.991,-0.912,0.981,0.971,-0.961,-0.791,0.987,-0.914,0.989,-0.963,-0.959,-0.917,0.906,0.881,0.898,0.962,-0.976,-0.987,-0.956,0.991,-0.399,-0.141,-0.715,-0.951,0.985,0.759,0.471,-0.934,0.937,0.085,-0.995,0.969,0.998,0.832,-0.663,-0.954,-0.995,0.69,-0.383,0.994,0.972,0.981,-0.908,-0.996,-0.983,0.992,0.528,0.909,-0.996,0.924,-0.977,0.522,-0.931,-0.08,-0.922,-0.669,-0.883,0.655,-0.998,0.957,0.768,0.986,0.981,-0.85,0.844,0.891,-0.82,-0.847,-0.855,-0.896,-0.981,-0.986,-0.638,-0.905,0.952,-0.944,-0.699,-0.998,-0.878,0.984,0.754,-0.914,0.996,-0.975,-0.96,-0.861,0.943,0.871,-0.978,0.978,-0.989,0.965,0.901,0.945,-0.984,5.902,4.505,10.376,10.304,10.218,10.245,10.279,10.309,5.465,4.653,10.336,10.227,5.81,5.322,10.303,10.285,EssenceCatalog/problems/csplib-prob010-SocialGolfers/params/d8b47cb1ec9bec66216ba7d98c1f0915.param
-0.99,0.994,-0.98,-0.992,-0.983,0.983,-0.951,0.984,0.991,-0.981,-0.989,0.98,0.989,0.995,-0.943,-0.955,-0.781,0.985,0.986,0.943,0.962,-0.989,-0.989,0.528,0.997,0.921,-0.696,-0.896,0.987,-0.849,0.849,0.721,-0.939,0.98,-0.969,-0.998,0.617,0.999,-0.369,-0.928,-0.988,-0.997,0.951,-0.97,0.995,-0.989,0.993,-0.977,-0.998,-0.986,0.997,-0.802,0.977,-0.999,0.962,-0.97,0.639,-0.952,-0.921,-0.976,-0.987,-0.982,0.956,-0.998,-0.933,-0.885,0.985,-0.99,-0.964,0.969,0.901,-0.964,-0.986,-0.928,-0.982,0.984,-0.993,-0.759,-0.967,0.864,-0.789,0.962,-0.998,-0.991,0.971,0.758,-0.926,0.999,-0.911,-0.982,0.87,0.964,0.936,-0.922,0.986,-0.994,0.982,0.974,0.916,-0.996,4.439,3.622,5.101,10.255,10.56,10.429,10.581,10.781,4.367,3.841,5.143,10.181,4.909,4.558,6.176,10.179,EssenceCatalog/problems/csplib-prob010-SocialGolfers/params/98dc86debd73d3781680a6343b67bb12.param
-0.975,-0.979,0.981,-0.971,-0.976,0.991,-0.776,0.984,0.975,-0.969,-0.806,0.986,-0.924,0.989,-0.958,-0.973,-0.917,0.872,0.783,0.76,0.962,-0.977,-0.99,-0.962,0.991,0.046,-0.308,-0.738,-0.946,0.987,0.359,0.552,-0.932,0.94,0.398,-0.996,0.956,0.997,0.887,-0.624,-0.964,-0.994,0.784,-0.469,0.995,0.963,0.981,-0.902,-0.997,-0.985,0.995,0.558,0.889,-0.996,0.923,-0.981,0.43,-0.935,-0.056,-0.921,-0.255,-0.904,0.656,-0.998,0.954,0.82,0.986,0.975,-0.879,0.874,0.921,-0.806,-0.885,-0.869,-0.93,-0.977,-0.989,-0.721,-0.924,0.953,-0.947,-0.546,-0.998,-0.903,0.987,0.903,-0.929,0.996,-0.972,-0.967,-0.898,0.958,0.875,-0.981,0.979,-0.991,0.972,0.916,0.955,-0.988,6.536,4.687,10.37,10.304,10.229,10.264,10.295,10.312,5.793,4.853,10.311,10.234,6.157,5.692,10.288,10.29,EssenceCatalog/problems/csplib-prob010-SocialGolfers/params/97991e295faf6a5658ee1862536e34fe.param
-0.983,-0.98,0.985,-0.979,-0.976,0.994,-0.511,0.989,0.981,-0.967,-0.791,0.99,-0.951,0.987,-0.941,-0.984,-0.932,0.853,0.472,0.52,0.966,-0.984,-0.991,-0.971,0.991,0.404,-0.624,-0.809,-0.952,0.993,-0.283,0.623,-0.935,0.957,0.701,-0.997,0.953,0.998,0.919,-0.599,-0.967,-0.996,0.857,-0.634,0.996,0.96,0.986,-0.917,-0.997,-0.989,0.995,0.716,0.893,-0.997,0.935,-0.988,0.139,-0.949,-0.08,-0.931,0.379,-0.892,0.709,-0.999,0.962,0.873,0.989,0.976,-0.908,0.9,0.935,-0.83,-0.915,-0.907,-0.959,-0.979,-0.989,-0.811,-0.944,0.945,-0.958,-0.333,-0.999,-0.909,0.987,0.965,-0.949,0.997,-0.975,-0.966,-0.934,0.962,0.903,-0.986,0.984,-0.993,0.982,0.924,0.96,-0.989,7.426,4.967,10.355,10.274,10.219,10.244,10.289,10.295,6.255,5.146,10.285,10.228,6.645,6.204,10.261,10.276,EssenceCatalog/problems/csplib-prob010-SocialGolfers/params/7a9a8f6f9ad33ef4890c20ab4bd9ecae.param
-0.979,-0.918,0.896,-0.973,-0.955,0.988,-0.374,0.987,0.961,-0.974,-0.891,0.959,-0.566,0.99,-0.925,-0.823,0.027,0.821,0.956,0.286,0.929,-0.969,-0.98,-0.734,0.991,0.593,-0.55,-0.755,-0.881,0.985,0.902,0.719,-0.89,0.956,-0.319,-0.994,0.934,0.998,0.774,-0.921,-0.967,-0.994,0.753,-0.844,0.976,0.884,0.992,-0.964,-0.995,-0.957,0.983,0.804,0.941,-0.998,0.76,-0.957,-0.632,-0.884,-0.699,-0.914,-0.954,-0.956,0.826,-0.999,0.959,0.854,0.977,0.912,-0.802,0.831,0.79,-0.944,-0.93,-0.783,-0.906,-0.956,-0.975,-0.453,-0.702,0.932,-0.595,0.431,-0.999,-0.935,0.944,0.179,-0.929,0.997,-0.951,-0.94,-0.81,0.881,0.905,-0.952,0.986,-0.993,0.942,0.87,0.837,-0.989,6.498,4.911,10.112,10.173,10.197,10.165,10.195,10.287,5.911,5.111,10.127,10.148,6.208,6.171,10.099,10.126,EssenceCatalog/problems/csplib-prob010-SocialGolfers/params/1b7206350880704ade1d897c79912260.param
-0.968,0.992,-0.989,-0.854,0.971,0.978,-0.705,0.959,0.918,0.954,0.922,0.961,0.989,-0.892,0.969,-0.94,0.561,0.753,0.349,0.782,0.092,-0.943,0.985,0.842,0.914,-0.894,-0.865,-0.861,0.991,0.501,0.868,-0.866,0.622,0.937,-0.976,-0.986,0.919,0.995,-0.961,-0.568,0.957,-0.985,0.439,-0.875,-0.973,-0.962,0.943,-0.899,-0.945,-0.924,-0.975,0.869,0.927,-0.996,0.589,-0.855,-0.29,-0.83,-0.739,-0.942,-0.979,0.967,0.689,-0.985,-0.735,-0.946,0.931,-0.995,0.192,0.797,-0.96,-0.945,-0.695,-0.845,-0.903,0.871,0.776,0.833,-0.349,-0.953,-0.094,-0.328,-0.993,0.833,-0.94,0.852,-0.915,0.977,-0.676,0.94,0.867,-0.963,0.927,-0.873,0.96,-0.967,0.837,-0.898,-0.956,0.868,2.11,1.608,1.635,4.88,3.705,2.695,3.738,7.564,2.182,1.74,1.799,5.053,2.372,1.924,2.087,4.873,EssenceCatalog/problems/csplib-prob010-SocialGolfers/params/ThomasKirkman.param
-0.991,0.997,-0.992,-0.993,-0.981,0.983,-0.955,0.985,0.991,-0.973,-0.99,0.982,0.994,0.994,-0.923,-0.96,-0.827,0.986,0.985,0.952,0.966,-0.991,-0.983,0.735,0.997,0.929,-0.765,-0.922,0.995,-0.925,0.851,0.592,-0.934,0.985,-0.98,-0.999,0.503,0.999,-0.704,-0.925,-0.987,-0.997,0.96,-0.977,0.994,-0.995,0.994,-0.978,-0.998,-0.988,0.997,-0.859,0.981,-0.999,0.967,-0.973,0.734,-0.961,-0.942,-0.981,-0.988,-0.979,0.966,-0.998,-0.968,-0.941,0.985,-0.996,-0.968,0.973,0.851,-0.966,-0.988,-0.934,-0.985,0.994,-0.992,-0.804,-0.973,0.803,-0.779,0.971,-0.998,-0.99,0.958,0.83,-0.938,0.999,-0.907,-0.981,0.931,0.956,0.949,-0.908,0.986,-0.995,0.984,0.975,0.901,-0.995,4.359,3.567,4.895,10.25,10.528,10.406,10.573,10.788,4.297,3.785,4.945,10.154,4.858,4.499,5.99,10.155,EssenceCatalog/problems/csplib-prob010-SocialGolfers/params/a5f20e0d65ae4fe1867ec155464c057e.param
-0.991,0.992,-0.948,-0.993,-0.993,0.981,-0.457,0.981,0.993,-0.992,-0.99,0.977,0.983,0.996,-0.913,-0.975,-0.62,0.977,0.944,0.555,0.965,-0.989,-0.993,-0.214,0.995,0.988,-0.813,-0.861,0.978,-0.384,0.123,0.893,-0.904,0.986,-0.758,-0.999,0.538,0.999,0.703,-0.936,-0.995,-0.996,0.969,-0.979,0.997,-0.992,0.995,-0.98,-0.998,-0.985,0.999,-0.733,0.967,-0.999,0.965,-0.979,0.092,-0.955,-0.914,-0.974,-0.919,-0.989,0.969,-0.998,-0.872,-0.582,0.98,-0.991,-0.971,0.955,0.94,-0.963,-0.989,-0.94,-0.988,0.965,-0.995,-0.879,-0.98,0.886,-0.741,0.987,-0.999,-0.995,0.979,0.964,-0.922,0.998,-0.875,-0.991,0.498,0.987,0.947,-0.918,0.988,-0.994,0.988,0.979,0.925,-0.997,5.332,3.893,5.605,10.11,10.549,10.387,10.506,10.676,4.846,4.194,5.641,10.108,5.414,5.117,6.68,10.14,EssenceCatalog/problems/csplib-prob010-SocialGolfers/params/f4eadfaebe25bd7dd5ccafbdbacd2c5f.param
-0.966,-0.983,0.967,-0.957,-0.982,0.991,-0.985,0.981,0.964,-0.973,-0.933,0.989,-0.823,0.995,-0.987,-0.886,-0.901,0.961,0.988,0.979,0.964,-0.976,-0.987,-0.914,0.996,-0.853,0.477,-0.798,-0.939,0.957,0.989,0.51,-0.96,0.962,-0.841,-0.994,0.975,0.998,0.708,-0.912,-0.961,-0.996,0.471,-0.3,0.992,0.98,0.982,-0.959,-0.996,-0.976,0.993,0.281,0.956,-0.997,0.927,-0.964,0.684,-0.948,-0.447,-0.953,-0.987,-0.943,0.787,-0.998,0.965,0.671,0.99,0.984,-0.845,0.828,0.881,-0.932,-0.859,-0.837,-0.825,-0.976,-0.988,-0.584,-0.846,0.975,-0.935,-0.835,-0.998,-0.913,0.981,-0.78,-0.923,0.998,-0.979,-0.962,-0.671,0.943,0.881,-0.965,0.976,-0.991,0.943,0.936,0.958,-0.988,4.843,4.277,10.342,10.325,10.323,10.336,10.291,10.279,4.961,4.415,10.364,10.28,5.254,4.827,10.333,10.353,EssenceCatalog/problems/csplib-prob010-SocialGolfers/params/cc6256a627315da1a1b17d6cee83cfd6.param
-0.968,-0.984,0.968,-0.959,-0.952,0.988,-0.736,0.983,0.961,-0.979,-0.952,0.948,-0.8,0.993,-0.961,-0.392,-0.325,0.835,0.93,0.47,0.944,-0.969,-0.992,-0.728,0.993,0.623,-0.796,-0.57,-0.977,0.989,0.932,0.888,-0.932,0.921,0.501,-0.993,0.948,0.997,0.79,-0.924,-0.981,-0.994,0.636,-0.906,0.99,0.965,0.99,-0.959,-0.993,-0.927,0.989,0.878,0.962,-0.997,0.677,-0.951,-0.923,-0.761,-0.788,-0.842,-0.954,-0.972,0.903,-0.998,0.975,0.934,0.978,0.985,-0.829,0.849,0.908,-0.947,-0.931,-0.776,-0.879,-0.98,-0.986,-0.501,-0.711,0.97,-0.665,0.804,-0.998,-0.972,0.978,-0.453,-0.841,0.997,-0.959,-0.97,-0.862,0.877,0.902,-0.964,0.977,-0.987,0.893,0.906,0.88,-0.99,6.743,5.198,10.394,10.379,10.366,10.359,10.353,10.401,6.167,5.353,10.427,10.359,6.455,6.434,10.381,10.322,EssenceCatalog/problems/csplib-prob010-SocialGolfers/params/26e8a1c27ad0517a6fb580c59f283187.param
-0.979,-0.951,0.937,-0.971,-0.963,0.987,-0.001,0.986,0.96,-0.982,-0.937,0.939,-0.68,0.992,-0.929,-0.725,0.147,0.737,0.914,-0.19,0.933,-0.969,-0.988,-0.705,0.991,0.848,-0.761,-0.703,-0.941,0.99,0.806,0.864,-0.904,0.944,0.326,-0.993,0.916,0.997,0.828,-0.931,-0.98,-0.994,0.797,-0.916,0.984,0.909,0.993,-0.965,-0.995,-0.948,0.988,0.876,0.944,-0.998,0.677,-0.957,-0.885,-0.828,-0.819,-0.88,-0.903,-0.976,0.873,-0.998,0.968,0.927,0.975,0.952,-0.834,0.847,0.862,-0.945,-0.949,-0.797,-0.918,-0.968,-0.981,-0.564,-0.703,0.95,-0.542,0.824,-0.999,-0.965,0.963,0.271,-0.913,0.996,-0.947,-0.964,-0.88,0.889,0.915,-0.954,0.984,-0.992,0.931,0.898,0.851,-0.992,7.266,5.214,10.169,10.194,10.194,10.193,10.211,10.281,6.349,5.437,10.208,10.146,6.675,6.735,10.162,10.125,EssenceCatalog/problems/csplib-prob010-SocialGolfers/params/e3b0122e3102a4f0aed341c88eab79be.param
-0.97,-0.984,0.984,-0.967,-0.989,0.992,-0.906,0.979,0.968,-0.977,-0.888,0.988,-0.926,0.994,-0.978,-0.975,-0.934,0.925,0.942,0.901,0.959,-0.971,-0.992,-0.972,0.992,-0.505,0.375,-0.767,-0.945,0.975,0.786,0.451,-0.949,0.953,-0.361,-0.994,0.964,0.997,0.912,-0.766,-0.969,-0.994,0.687,-0.096,0.995,0.974,0.977,-0.926,-0.996,-0.984,0.996,0.176,0.896,-0.996,0.942,-0.975,0.792,-0.956,-0.0,-0.944,-0.781,-0.912,0.616,-0.997,0.958,0.77,0.987,0.981,-0.883,0.835,0.926,-0.836,-0.854,-0.855,-0.904,-0.981,-0.989,-0.761,-0.905,0.97,-0.958,-0.864,-0.998,-0.891,0.987,0.585,-0.938,0.997,-0.968,-0.972,-0.882,0.969,0.867,-0.976,0.978,-0.992,0.971,0.935,0.972,-0.99,5.512,4.331,10.361,10.31,10.249,10.281,10.286,10.268,5.238,4.492,10.334,10.225,5.561,5.057,10.31,10.302,EssenceCatalog/problems/csplib-prob010-SocialGolfers/params/6e2bb3372d4f9328bf5299cc5936e782.param
-0.981,-0.984,0.989,-0.979,-0.983,0.993,-0.753,0.987,0.979,-0.973,-0.816,0.992,-0.957,0.988,-0.947,-0.991,-0.973,0.904,0.509,0.761,0.976,-0.983,-0.993,-0.983,0.989,0.062,-0.522,-0.753,-0.942,0.99,-0.215,0.566,-0.935,0.963,0.66,-0.997,0.96,0.997,0.923,-0.505,-0.971,-0.996,0.822,-0.481,0.997,0.959,0.983,-0.91,-0.998,-0.991,0.996,0.424,0.884,-0.996,0.965,-0.989,0.621,-0.962,0.128,-0.938,0.361,-0.873,0.695,-0.998,0.946,0.819,0.99,0.976,-0.914,0.873,0.927,-0.791,-0.913,-0.917,-0.964,-0.977,-0.991,-0.873,-0.961,0.943,-0.977,-0.672,-0.998,-0.888,0.988,0.974,-0.948,0.998,-0.973,-0.977,-0.934,0.977,0.901,-0.987,0.979,-0.992,0.985,0.942,0.973,-0.988,6.932,4.735,10.303,10.223,10.167,10.202,10.243,10.225,5.946,4.895,10.221,10.163,6.324,5.782,10.21,10.234,EssenceCatalog/problems/csplib-prob010-SocialGolfers/params/3a6ffbf76b464d2d091181a3d98faa26.param
-0.969,-0.981,0.962,-0.959,-0.95,0.987,-0.767,0.983,0.959,-0.978,-0.945,0.949,-0.768,0.992,-0.959,-0.433,-0.3,0.847,0.942,0.553,0.944,-0.969,-0.99,-0.729,0.993,0.549,-0.76,-0.584,-0.972,0.988,0.946,0.867,-0.926,0.923,0.363,-0.993,0.951,0.997,0.767,-0.922,-0.978,-0.994,0.62,-0.892,0.989,0.962,0.99,-0.959,-0.993,-0.93,0.988,0.859,0.961,-0.998,0.693,-0.95,-0.894,-0.781,-0.771,-0.853,-0.963,-0.969,0.896,-0.998,0.974,0.921,0.978,0.983,-0.814,0.841,0.89,-0.947,-0.925,-0.769,-0.872,-0.979,-0.985,-0.471,-0.701,0.967,-0.664,0.742,-0.998,-0.967,0.974,-0.482,-0.848,0.997,-0.958,-0.968,-0.845,0.873,0.899,-0.961,0.977,-0.987,0.894,0.901,0.873,-0.989,6.59,5.135,10.364,10.355,10.349,10.334,10.332,10.385,6.075,5.287,10.396,10.339,6.357,6.326,10.352,10.302,EssenceCatalog/problems/csplib-prob010-SocialGolfers/params/ae01c6f2381217ec391946a456c3bc02.param
-0.972,-0.983,0.978,-0.963,-0.969,0.991,-0.926,0.982,0.971,-0.96,-0.792,0.987,-0.904,0.989,-0.963,-0.956,-0.913,0.913,0.901,0.912,0.962,-0.976,-0.986,-0.953,0.991,-0.476,-0.101,-0.722,-0.948,0.984,0.814,0.449,-0.934,0.939,-0.032,-0.995,0.971,0.998,0.816,-0.689,-0.951,-0.995,0.675,-0.373,0.993,0.972,0.981,-0.914,-0.996,-0.983,0.992,0.516,0.915,-0.996,0.925,-0.976,0.544,-0.933,-0.102,-0.926,-0.744,-0.882,0.666,-0.998,0.956,0.751,0.986,0.98,-0.845,0.843,0.88,-0.832,-0.845,-0.854,-0.889,-0.98,-0.985,-0.614,-0.9,0.95,-0.942,-0.721,-0.998,-0.877,0.983,0.696,-0.916,0.996,-0.976,-0.958,-0.848,0.94,0.872,-0.978,0.978,-0.99,0.964,0.899,0.942,-0.983,5.775,4.469,10.369,10.305,10.224,10.245,10.281,10.312,5.4,4.616,10.335,10.229,5.738,5.252,10.301,10.287,EssenceCatalog/problems/csplib-prob010-SocialGolfers/params/b083428bcfcf4cbb8d385938e6b13211.param
-0.95,0.995,-0.993,-0.802,0.98,0.969,-0.828,0.933,0.881,0.971,0.929,0.953,0.991,-0.929,0.973,-0.931,0.416,0.753,0.469,0.866,-0.089,-0.924,0.99,0.902,0.867,-0.948,-0.777,-0.865,0.994,-0.081,0.9,-0.931,0.626,0.918,-0.988,-0.979,0.896,0.993,-0.98,-0.463,0.972,-0.977,0.296,-0.803,-0.983,-0.968,0.906,-0.875,-0.907,-0.89,-0.981,0.764,0.904,-0.993,0.53,-0.799,0.209,-0.803,-0.702,-0.928,-0.985,0.977,0.615,-0.969,-0.839,-0.97,0.923,-0.997,0.33,0.746,-0.964,-0.932,-0.572,-0.795,-0.88,0.926,0.827,0.85,-0.304,-0.96,-0.206,-0.516,-0.988,0.871,-0.963,0.759,-0.913,0.965,-0.566,0.961,0.919,-0.973,0.912,-0.827,0.937,-0.952,0.79,-0.919,-0.959,0.922,1.909,1.486,1.388,4.8,3.566,2.55,3.627,7.475,2.004,1.615,1.531,4.963,2.188,1.717,1.837,4.751,EssenceCatalog/problems/csplib-prob010-SocialGolfers/params/ord04-9-5-2.param
-0.968,-0.978,0.956,-0.958,-0.952,0.987,-0.795,0.982,0.957,-0.978,-0.941,0.951,-0.729,0.992,-0.961,-0.485,-0.3,0.862,0.954,0.633,0.945,-0.967,-0.989,-0.738,0.993,0.455,-0.696,-0.602,-0.964,0.986,0.956,0.842,-0.922,0.929,0.16,-0.993,0.953,0.997,0.747,-0.921,-0.976,-0.994,0.603,-0.869,0.988,0.959,0.989,-0.959,-0.994,-0.934,0.987,0.825,0.96,-0.998,0.717,-0.947,-0.841,-0.804,-0.748,-0.866,-0.97,-0.968,0.885,-0.998,0.971,0.901,0.978,0.98,-0.802,0.833,0.873,-0.946,-0.919,-0.76,-0.865,-0.976,-0.984,-0.446,-0.7,0.965,-0.672,0.641,-0.998,-0.962,0.97,-0.517,-0.856,0.997,-0.956,-0.966,-0.819,0.88,0.893,-0.956,0.977,-0.988,0.898,0.903,0.873,-0.989,6.397,5.053,10.337,10.337,10.339,10.316,10.318,10.372,5.959,5.202,10.368,10.326,6.235,6.186,10.327,10.289,EssenceCatalog/problems/csplib-prob010-SocialGolfers/params/f76f9a89b50d3068408af1562ebe2846.param
-0.97,-0.986,0.984,-0.963,-0.97,0.991,-0.883,0.982,0.97,-0.964,-0.796,0.985,-0.93,0.989,-0.963,-0.957,-0.918,0.887,0.844,0.857,0.963,-0.975,-0.989,-0.958,0.99,-0.269,-0.244,-0.69,-0.96,0.988,0.673,0.524,-0.934,0.932,0.278,-0.995,0.967,0.997,0.852,-0.654,-0.958,-0.994,0.698,-0.417,0.994,0.975,0.98,-0.903,-0.996,-0.981,0.993,0.588,0.906,-0.996,0.916,-0.978,0.382,-0.924,-0.057,-0.916,-0.551,-0.892,0.665,-0.998,0.961,0.815,0.986,0.984,-0.854,0.846,0.905,-0.811,-0.852,-0.85,-0.899,-0.982,-0.988,-0.662,-0.905,0.956,-0.94,-0.619,-0.998,-0.894,0.985,0.783,-0.914,0.996,-0.974,-0.963,-0.881,0.946,0.865,-0.98,0.977,-0.989,0.964,0.906,0.948,-0.985,6.143,4.596,10.405,10.313,10.22,10.255,10.286,10.316,5.602,4.748,10.36,10.238,5.956,5.483,10.325,10.291,EssenceCatalog/problems/csplib-prob010-SocialGolfers/params/d52c7d0a66d3ca3ae1dc444704400a9d.param
-0.968,-0.981,0.961,-0.957,-0.948,0.987,-0.818,0.982,0.959,-0.976,-0.939,0.952,-0.759,0.992,-0.96,-0.454,-0.354,0.859,0.948,0.646,0.945,-0.968,-0.99,-0.743,0.993,0.444,-0.724,-0.579,-0.969,0.986,0.954,0.848,-0.926,0.922,0.279,-0.993,0.955,0.997,0.748,-0.914,-0.976,-0.994,0.594,-0.872,0.989,0.962,0.989,-0.957,-0.993,-0.933,0.987,0.84,0.961,-0.997,0.712,-0.949,-0.862,-0.792,-0.736,-0.857,-0.967,-0.965,0.887,-0.997,0.972,0.909,0.978,0.983,-0.806,0.837,0.882,-0.944,-0.917,-0.762,-0.863,-0.978,-0.984,-0.449,-0.706,0.966,-0.688,0.668,-0.998,-0.963,0.973,-0.509,-0.844,0.997,-0.959,-0.966,-0.829,0.871,0.894,-0.96,0.976,-0.987,0.894,0.897,0.874,-0.989,6.448,5.079,10.36,10.348,10.341,10.323,10.323,10.376,5.991,5.225,10.39,10.334,6.271,6.214,10.346,10.299,EssenceCatalog/problems/csplib-prob010-SocialGolfers/params/c4e3f9ef3332d7b5dc0a9dd7e782e584.param
-0.991,0.996,-0.986,-0.992,-0.982,0.982,-0.935,0.984,0.991,-0.979,-0.99,0.978,0.993,0.994,-0.93,-0.95,-0.746,0.983,0.984,0.928,0.964,-0.99,-0.986,0.633,0.997,0.945,-0.79,-0.897,0.991,-0.86,0.838,0.72,-0.931,0.982,-0.967,-0.998,0.551,0.999,-0.505,-0.932,-0.989,-0.997,0.955,-0.978,0.994,-0.993,0.994,-0.978,-0.998,-0.985,0.997,-0.795,0.98,-0.999,0.959,-0.971,0.553,-0.951,-0.939,-0.977,-0.987,-0.983,0.965,-0.998,-0.947,-0.894,0.984,-0.993,-0.965,0.97,0.882,-0.967,-0.987,-0.929,-0.984,0.989,-0.993,-0.778,-0.967,0.835,-0.729,0.975,-0.998,-0.991,0.963,0.796,-0.926,0.999,-0.901,-0.982,0.89,0.96,0.943,-0.908,0.986,-0.994,0.983,0.975,0.899,-0.996,4.455,3.629,5.014,10.227,10.532,10.401,10.558,10.767,4.37,3.845,5.065,10.149,4.916,4.581,6.101,10.145,EssenceCatalog/problems/csplib-prob010-SocialGolfers/params/ac0f5085718510e001c4c58fd4bbee23.param
-0.97,-0.984,0.972,-0.961,-0.982,0.992,-0.984,0.982,0.967,-0.968,-0.902,0.991,-0.862,0.994,-0.984,-0.934,-0.927,0.959,0.983,0.978,0.964,-0.976,-0.986,-0.941,0.995,-0.862,0.5,-0.81,-0.941,0.966,0.98,0.406,-0.959,0.961,-0.801,-0.995,0.977,0.998,0.749,-0.88,-0.954,-0.996,0.535,-0.191,0.992,0.98,0.982,-0.952,-0.996,-0.982,0.993,0.272,0.948,-0.997,0.939,-0.969,0.783,-0.954,-0.328,-0.955,-0.975,-0.92,0.745,-0.998,0.964,0.648,0.99,0.984,-0.85,0.838,0.88,-0.913,-0.841,-0.856,-0.842,-0.98,-0.987,-0.595,-0.868,0.971,-0.949,-0.886,-0.998,-0.895,0.983,-0.501,-0.932,0.998,-0.981,-0.959,-0.735,0.945,0.883,-0.972,0.978,-0.991,0.955,0.927,0.958,-0.986,4.894,4.247,10.342,10.317,10.295,10.315,10.276,10.268,4.969,4.385,10.352,10.26,5.26,4.799,10.32,10.343,EssenceCatalog/problems/csplib-prob010-SocialGolfers/params/4232297871333724f02d86a735ef15db.param
-0.968,-0.977,0.957,-0.954,-0.941,0.988,-0.863,0.981,0.963,-0.965,-0.878,0.964,-0.762,0.99,-0.954,-0.689,-0.509,0.871,0.946,0.769,0.944,-0.968,-0.986,-0.831,0.992,0.153,-0.531,-0.616,-0.956,0.985,0.94,0.716,-0.916,0.921,0.081,-0.993,0.959,0.997,0.732,-0.859,-0.964,-0.993,0.584,-0.753,0.987,0.96,0.986,-0.939,-0.994,-0.951,0.985,0.778,0.952,-0.997,0.789,-0.955,-0.603,-0.845,-0.519,-0.882,-0.949,-0.936,0.809,-0.998,0.967,0.856,0.978,0.977,-0.78,0.834,0.861,-0.917,-0.881,-0.765,-0.835,-0.976,-0.98,-0.397,-0.75,0.958,-0.782,0.261,-0.998,-0.936,0.973,-0.136,-0.86,0.996,-0.966,-0.952,-0.812,0.871,0.879,-0.964,0.977,-0.987,0.917,0.871,0.872,-0.985,6.165,4.865,10.329,10.297,10.26,10.252,10.268,10.332,5.763,5.013,10.339,10.267,6.063,5.88,10.294,10.257,EssenceCatalog/problems/csplib-prob010-SocialGolfers/params/19b3337e1780d8d5f81439cac0b752c7.param
-0.97,-0.977,0.962,-0.958,-0.961,0.99,-0.947,0.981,0.966,-0.962,-0.852,0.981,-0.801,0.991,-0.967,-0.873,-0.8,0.923,0.961,0.928,0.956,-0.973,-0.984,-0.907,0.993,-0.482,-0.113,-0.699,-0.941,0.978,0.951,0.541,-0.932,0.937,-0.38,-0.995,0.97,0.998,0.724,-0.817,-0.953,-0.995,0.577,-0.509,0.99,0.966,0.983,-0.938,-0.995,-0.972,0.989,0.571,0.943,-0.997,0.891,-0.964,0.226,-0.912,-0.329,-0.92,-0.947,-0.915,0.745,-0.998,0.958,0.734,0.984,0.977,-0.805,0.834,0.85,-0.893,-0.853,-0.809,-0.84,-0.976,-0.982,-0.458,-0.834,0.956,-0.893,-0.528,-0.998,-0.903,0.977,0.001,-0.896,0.996,-0.974,-0.952,-0.77,0.915,0.868,-0.968,0.979,-0.989,0.943,0.889,0.916,-0.985,5.462,4.479,10.329,10.294,10.251,10.244,10.272,10.309,5.289,4.621,10.328,10.245,5.595,5.212,10.29,10.276,EssenceCatalog/problems/csplib-prob010-SocialGolfers/params/685a7b8f50769773e68f3a1b71a4ac51.param
-0.965,-0.982,0.966,-0.958,-0.983,0.991,-0.989,0.981,0.966,-0.973,-0.94,0.991,-0.83,0.995,-0.988,-0.89,-0.925,0.965,0.99,0.984,0.966,-0.977,-0.988,-0.911,0.996,-0.88,0.526,-0.806,-0.938,0.947,0.99,0.476,-0.966,0.964,-0.861,-0.995,0.975,0.998,0.676,-0.919,-0.963,-0.996,0.458,-0.271,0.993,0.979,0.982,-0.961,-0.996,-0.977,0.994,0.228,0.961,-0.997,0.932,-0.964,0.738,-0.952,-0.438,-0.957,-0.989,-0.943,0.793,-0.998,0.964,0.646,0.991,0.984,-0.855,0.834,0.892,-0.933,-0.867,-0.842,-0.829,-0.975,-0.99,-0.614,-0.86,0.979,-0.944,-0.854,-0.998,-0.919,0.983,-0.818,-0.928,0.998,-0.981,-0.963,-0.631,0.946,0.886,-0.967,0.976,-0.991,0.946,0.943,0.963,-0.988,4.79,4.256,10.332,10.328,10.327,10.346,10.296,10.276,4.933,4.391,10.356,10.282,5.224,4.788,10.325,10.358,EssenceCatalog/problems/csplib-prob010-SocialGolfers/params/3ad40958e8286fb4af87e056155a10ea.param
-0.97,-0.979,0.971,-0.96,-0.964,0.99,-0.892,0.98,0.966,-0.961,-0.814,0.98,-0.859,0.989,-0.96,-0.917,-0.813,0.891,0.923,0.867,0.954,-0.971,-0.985,-0.93,0.991,-0.282,-0.16,-0.694,-0.947,0.984,0.863,0.522,-0.926,0.929,-0.059,-0.994,0.965,0.997,0.8,-0.751,-0.953,-0.994,0.651,-0.463,0.991,0.968,0.982,-0.919,-0.995,-0.975,0.99,0.593,0.92,-0.996,0.889,-0.969,0.273,-0.91,-0.222,-0.91,-0.84,-0.904,0.684,-0.998,0.959,0.782,0.983,0.978,-0.816,0.835,0.869,-0.853,-0.848,-0.815,-0.864,-0.979,-0.982,-0.529,-0.855,0.952,-0.904,-0.532,-0.998,-0.892,0.98,0.522,-0.903,0.996,-0.971,-0.954,-0.833,0.923,0.864,-0.971,0.978,-0.989,0.951,0.884,0.922,-0.984,5.829,4.54,10.345,10.286,10.214,10.23,10.259,10.302,5.458,4.693,10.319,10.221,5.79,5.38,10.283,10.26,EssenceCatalog/problems/csplib-prob010-SocialGolfers/params/eb976070e0992fcfaf41c04d235a2ff8.param
-0.97,-0.976,0.967,-0.961,-0.952,0.987,-0.675,0.982,0.96,-0.966,-0.835,0.964,-0.84,0.988,-0.947,-0.826,-0.55,0.814,0.898,0.57,0.943,-0.966,-0.986,-0.881,0.99,0.369,-0.539,-0.629,-0.957,0.99,0.807,0.696,-0.907,0.917,0.31,-0.993,0.951,0.997,0.804,-0.803,-0.963,-0.992,0.682,-0.705,0.988,0.96,0.985,-0.924,-0.994,-0.962,0.987,0.781,0.923,-0.997,0.792,-0.964,-0.48,-0.861,-0.412,-0.877,-0.823,-0.934,0.755,-0.998,0.969,0.878,0.978,0.974,-0.789,0.83,0.868,-0.881,-0.887,-0.771,-0.873,-0.978,-0.981,-0.499,-0.792,0.952,-0.796,0.175,-0.998,-0.926,0.974,0.491,-0.887,0.995,-0.963,-0.952,-0.866,0.897,0.869,-0.965,0.977,-0.988,0.936,0.874,0.887,-0.986,6.616,4.919,10.334,10.285,10.224,10.245,10.268,10.327,5.952,5.092,10.324,10.227,6.294,6.072,10.275,10.235,EssenceCatalog/problems/csplib-prob010-SocialGolfers/params/db2d449a9ccbc4c37af7846f0e64f3be.param
-0.966,-0.98,0.963,-0.958,-0.984,0.991,-0.987,0.981,0.965,-0.975,-0.942,0.99,-0.806,0.995,-0.988,-0.888,-0.906,0.964,0.99,0.981,0.965,-0.976,-0.988,-0.908,0.996,-0.864,0.525,-0.812,-0.931,0.947,0.99,0.508,-0.963,0.965,-0.877,-0.994,0.974,0.998,0.698,-0.923,-0.963,-0.996,0.476,-0.298,0.992,0.978,0.982,-0.962,-0.996,-0.976,0.994,0.227,0.958,-0.998,0.931,-0.963,0.724,-0.951,-0.469,-0.957,-0.989,-0.947,0.794,-0.998,0.963,0.645,0.99,0.982,-0.857,0.829,0.885,-0.937,-0.866,-0.841,-0.829,-0.973,-0.989,-0.603,-0.849,0.976,-0.936,-0.843,-0.998,-0.918,0.982,-0.823,-0.928,0.998,-0.979,-0.963,-0.633,0.947,0.882,-0.964,0.976,-0.991,0.945,0.942,0.962,-0.989,4.799,4.263,10.33,10.331,10.335,10.351,10.301,10.282,4.939,4.4,10.354,10.286,5.23,4.803,10.327,10.362,EssenceCatalog/problems/csplib-prob010-SocialGolfers/params/881f5dfacb6777995498acb94f699642.param
-0.966,-0.984,0.97,-0.955,-0.976,0.99,-0.972,0.981,0.962,-0.971,-0.913,0.985,-0.828,0.994,-0.982,-0.86,-0.843,0.946,0.982,0.96,0.961,-0.972,-0.987,-0.914,0.994,-0.728,0.23,-0.743,-0.95,0.972,0.981,0.573,-0.949,0.952,-0.695,-0.994,0.973,0.998,0.743,-0.889,-0.961,-0.995,0.483,-0.411,0.991,0.979,0.982,-0.953,-0.995,-0.971,0.992,0.445,0.95,-0.997,0.903,-0.96,0.429,-0.931,-0.416,-0.936,-0.98,-0.939,0.778,-0.997,0.968,0.736,0.987,0.985,-0.82,0.815,0.869,-0.919,-0.853,-0.815,-0.821,-0.979,-0.986,-0.527,-0.822,0.97,-0.91,-0.728,-0.998,-0.912,0.978,-0.63,-0.908,0.997,-0.975,-0.96,-0.738,0.935,0.867,-0.963,0.977,-0.99,0.938,0.921,0.943,-0.987,5.064,4.371,10.364,10.316,10.305,10.301,10.284,10.291,5.086,4.512,10.385,10.275,5.384,4.986,10.347,10.327,EssenceCatalog/problems/csplib-prob010-SocialGolfers/params/c82ec636fe8bcb2aa844fe27d9c5f38a.param
-0.97,-0.984,0.972,-0.962,-0.984,0.992,-0.985,0.982,0.968,-0.97,-0.905,0.992,-0.868,0.994,-0.985,-0.946,-0.941,0.961,0.983,0.979,0.966,-0.976,-0.987,-0.946,0.995,-0.867,0.547,-0.82,-0.937,0.962,0.977,0.382,-0.961,0.962,-0.809,-0.995,0.977,0.998,0.763,-0.874,-0.956,-0.996,0.559,-0.141,0.993,0.979,0.982,-0.951,-0.997,-0.984,0.994,0.181,0.945,-0.997,0.946,-0.971,0.835,-0.958,-0.303,-0.958,-0.971,-0.922,0.732,-0.998,0.961,0.623,0.991,0.983,-0.862,0.842,0.888,-0.906,-0.846,-0.864,-0.851,-0.978,-0.989,-0.63,-0.882,0.972,-0.956,-0.901,-0.998,-0.897,0.985,-0.415,-0.936,0.998,-0.981,-0.962,-0.733,0.953,0.882,-0.972,0.978,-0.992,0.96,0.934,0.962,-0.987,4.891,4.231,10.336,10.322,10.301,10.327,10.285,10.269,4.961,4.367,10.342,10.262,5.252,4.781,10.315,10.35,EssenceCatalog/problems/csplib-prob010-SocialGolfers/params/e1277e38eb3d6dee4dde409c6caf6609.param
-0.972,-0.982,0.97,-0.966,-0.99,0.993,-0.989,0.981,0.968,-0.975,-0.931,0.994,-0.872,0.996,-0.989,-0.96,-0.96,0.97,0.988,0.985,0.97,-0.977,-0.989,-0.95,0.996,-0.903,0.682,-0.84,-0.923,0.945,0.981,0.343,-0.968,0.971,-0.883,-0.995,0.976,0.998,0.775,-0.902,-0.963,-0.996,0.548,-0.019,0.995,0.977,0.981,-0.956,-0.997,-0.985,0.996,-0.076,0.948,-0.997,0.959,-0.973,0.912,-0.968,-0.291,-0.967,-0.978,-0.926,0.741,-0.998,0.956,0.577,0.992,0.98,-0.886,0.832,0.904,-0.914,-0.859,-0.878,-0.868,-0.974,-0.991,-0.715,-0.894,0.978,-0.964,-0.934,-0.998,-0.906,0.987,-0.554,-0.948,0.998,-0.981,-0.969,-0.695,0.966,0.892,-0.973,0.978,-0.992,0.967,0.95,0.974,-0.989,4.764,4.183,10.31,10.323,10.315,10.356,10.297,10.253,4.89,4.313,10.323,10.26,5.178,4.698,10.302,10.36,EssenceCatalog/problems/csplib-prob010-SocialGolfers/params/701178f144cbb28a5b8c3ebbeeb5e1b9.param
-0.99,0.998,-0.994,-0.994,-0.983,0.986,-0.979,0.987,0.991,-0.964,-0.99,0.987,0.994,0.994,-0.922,-0.976,-0.928,0.989,0.988,0.978,0.969,-0.992,-0.981,0.792,0.997,0.846,-0.564,-0.951,0.996,-0.968,0.876,0.268,-0.948,0.988,-0.99,-0.999,0.472,1.0,-0.843,-0.916,-0.983,-0.998,0.967,-0.967,0.994,-0.995,0.994,-0.978,-0.998,-0.992,0.997,-0.917,0.982,-0.999,0.977,-0.978,0.916,-0.973,-0.933,-0.987,-0.99,-0.973,0.963,-0.999,-0.98,-0.97,0.989,-0.997,-0.973,0.977,0.818,-0.962,-0.989,-0.939,-0.985,0.996,-0.993,-0.84,-0.979,0.803,-0.881,0.944,-0.998,-0.989,0.959,0.846,-0.957,0.999,-0.93,-0.978,0.958,0.958,0.952,-0.926,0.987,-0.996,0.985,0.977,0.92,-0.994,4.218,3.48,4.816,10.273,10.513,10.39,10.573,10.791,4.19,3.693,4.865,10.159,4.772,4.373,5.902,10.166,EssenceCatalog/problems/csplib-prob010-SocialGolfers/params/611673efb23e8be8efae36d31e772a5a.param
-0.97,-0.983,0.975,-0.96,-0.966,0.99,-0.926,0.981,0.968,-0.96,-0.809,0.984,-0.882,0.989,-0.965,-0.931,-0.875,0.909,0.923,0.908,0.96,-0.973,-0.985,-0.941,0.991,-0.44,-0.122,-0.696,-0.951,0.984,0.872,0.497,-0.933,0.934,-0.09,-0.995,0.969,0.998,0.792,-0.733,-0.952,-0.994,0.639,-0.424,0.992,0.971,0.981,-0.919,-0.996,-0.978,0.991,0.56,0.923,-0.996,0.909,-0.972,0.403,-0.921,-0.172,-0.918,-0.834,-0.896,0.684,-0.998,0.959,0.764,0.985,0.981,-0.827,0.836,0.874,-0.846,-0.845,-0.833,-0.869,-0.98,-0.985,-0.564,-0.876,0.953,-0.924,-0.639,-0.998,-0.888,0.982,0.526,-0.905,0.996,-0.974,-0.956,-0.831,0.932,0.864,-0.974,0.978,-0.989,0.956,0.893,0.933,-0.984,5.726,4.494,10.367,10.305,10.229,10.246,10.278,10.313,5.394,4.64,10.343,10.235,5.726,5.278,10.305,10.282,EssenceCatalog/problems/csplib-prob010-SocialGolfers/params/c63dfa312a25fbfc9cbc131efac09883.param
-0.966,-0.978,0.958,-0.953,-0.957,0.988,-0.935,0.981,0.96,-0.969,-0.906,0.971,-0.75,0.992,-0.97,-0.711,-0.627,0.913,0.971,0.893,0.951,-0.969,-0.986,-0.846,0.993,-0.269,-0.305,-0.656,-0.95,0.978,0.973,0.695,-0.93,0.932,-0.349,-0.993,0.966,0.997,0.697,-0.882,-0.964,-0.994,0.517,-0.674,0.989,0.968,0.985,-0.95,-0.994,-0.957,0.988,0.668,0.954,-0.997,0.831,-0.952,-0.309,-0.876,-0.538,-0.901,-0.976,-0.946,0.82,-0.997,0.965,0.802,0.981,0.981,-0.786,0.82,0.851,-0.925,-0.874,-0.769,-0.827,-0.975,-0.982,-0.413,-0.763,0.962,-0.824,-0.136,-0.998,-0.932,0.972,-0.536,-0.869,0.996,-0.967,-0.957,-0.755,0.897,0.871,-0.958,0.976,-0.988,0.917,0.896,0.901,-0.987,5.591,4.656,10.338,10.302,10.287,10.26,10.277,10.321,5.432,4.794,10.363,10.281,5.722,5.471,10.32,10.279,EssenceCatalog/problems/csplib-prob010-SocialGolfers/params/6d09f55f01936d3219586aeb2e40868c.param
-0.965,-0.978,0.957,-0.953,-0.965,0.988,-0.959,0.981,0.961,-0.971,-0.919,0.977,-0.745,0.993,-0.976,-0.743,-0.704,0.932,0.98,0.934,0.955,-0.971,-0.986,-0.858,0.994,-0.489,-0.128,-0.691,-0.945,0.972,0.982,0.671,-0.938,0.941,-0.556,-0.993,0.969,0.998,0.685,-0.895,-0.964,-0.994,0.487,-0.615,0.99,0.97,0.984,-0.955,-0.995,-0.961,0.989,0.591,0.956,-0.997,0.859,-0.953,-0.076,-0.897,-0.535,-0.916,-0.983,-0.948,0.823,-0.997,0.964,0.768,0.983,0.981,-0.799,0.821,0.853,-0.931,-0.871,-0.782,-0.823,-0.975,-0.984,-0.435,-0.779,0.966,-0.853,-0.364,-0.998,-0.93,0.973,-0.679,-0.882,0.997,-0.97,-0.959,-0.718,0.909,0.872,-0.957,0.976,-0.989,0.921,0.909,0.919,-0.987,5.32,4.538,10.338,10.307,10.309,10.274,10.29,10.32,5.263,4.677,10.37,10.285,5.558,5.256,10.332,10.297,EssenceCatalog/problems/csplib-prob010-SocialGolfers/params/3ad3bf3058987b3a8d093f64381c5995.param
-0.995,-0.989,0.992,-0.996,-0.997,0.997,0.987,0.998,0.995,-0.992,-0.989,0.995,-0.984,0.994,-0.864,-0.991,-0.891,0.843,-0.93,-0.986,0.976,-0.996,-0.997,-0.977,0.998,0.994,-0.99,-0.965,-0.992,0.998,-0.992,0.984,-0.976,0.991,0.993,-0.999,0.906,0.999,0.99,-0.976,-0.996,-0.999,0.99,-0.99,0.998,0.952,0.999,-0.987,-0.999,-0.993,0.999,0.977,0.963,-0.999,0.969,-0.996,-0.989,-0.974,-0.963,-0.962,0.979,-0.996,0.982,-1.0,0.99,0.99,0.994,0.989,-0.99,0.98,0.989,-0.961,-0.996,-0.989,-0.993,-0.988,-0.996,-0.983,-0.979,0.98,-0.974,0.991,-1.0,-0.993,0.996,0.993,-0.979,1.0,-0.983,-0.994,-0.991,0.983,0.981,-0.994,0.996,-0.998,0.994,0.987,0.986,-0.998,9.643,5.797,10.503,10.422,10.473,10.508,10.485,10.435,7.52,6.103,10.459,10.436,8.006,7.807,10.484,10.477,EssenceCatalog/problems/csplib-prob010-SocialGolfers/params/547f0a376c0a2691ba4a29131864a498.param
-0.97,-0.98,0.96,-0.959,-0.95,0.987,-0.759,0.983,0.959,-0.979,-0.95,0.949,-0.752,0.992,-0.959,-0.408,-0.269,0.848,0.944,0.535,0.944,-0.969,-0.991,-0.707,0.993,0.578,-0.776,-0.591,-0.971,0.987,0.949,0.875,-0.927,0.927,0.353,-0.993,0.95,0.997,0.765,-0.929,-0.979,-0.994,0.626,-0.903,0.988,0.959,0.99,-0.962,-0.993,-0.928,0.988,0.866,0.963,-0.998,0.688,-0.949,-0.908,-0.779,-0.792,-0.853,-0.967,-0.971,0.904,-0.998,0.973,0.924,0.978,0.982,-0.82,0.844,0.891,-0.951,-0.93,-0.774,-0.877,-0.978,-0.985,-0.475,-0.698,0.967,-0.645,0.772,-0.998,-0.969,0.973,-0.518,-0.85,0.997,-0.957,-0.968,-0.843,0.873,0.903,-0.961,0.977,-0.987,0.892,0.903,0.872,-0.99,6.602,5.149,10.359,10.356,10.355,10.338,10.335,10.388,6.088,5.301,10.393,10.343,6.366,6.35,10.35,10.303,EssenceCatalog/problems/csplib-prob010-SocialGolfers/params/6aee84d8b68afbdfc41679e64065a36a.param
-0.965,-0.981,0.963,-0.954,-0.973,0.989,-0.973,0.981,0.962,-0.972,-0.925,0.983,-0.785,0.994,-0.982,-0.807,-0.813,0.946,0.983,0.959,0.96,-0.973,-0.987,-0.887,0.995,-0.681,0.115,-0.73,-0.945,0.967,0.985,0.619,-0.949,0.949,-0.685,-0.994,0.972,0.998,0.691,-0.897,-0.964,-0.995,0.473,-0.502,0.991,0.975,0.983,-0.956,-0.995,-0.967,0.991,0.487,0.956,-0.997,0.89,-0.958,0.269,-0.92,-0.486,-0.931,-0.985,-0.948,0.807,-0.998,0.965,0.731,0.986,0.984,-0.818,0.823,0.865,-0.929,-0.865,-0.803,-0.82,-0.976,-0.986,-0.494,-0.812,0.97,-0.894,-0.611,-0.998,-0.923,0.977,-0.723,-0.898,0.997,-0.974,-0.961,-0.697,0.927,0.87,-0.96,0.976,-0.99,0.93,0.923,0.939,-0.988,5.104,4.422,10.353,10.321,10.32,10.305,10.297,10.309,5.126,4.561,10.381,10.289,5.423,5.058,10.344,10.327,EssenceCatalog/problems/csplib-prob010-SocialGolfers/params/d06df902ecc7f251ee97f3e4f3ca2132.param
-0.987,-0.97,0.967,-0.983,-0.98,0.992,0.734,0.991,0.973,-0.989,-0.977,0.951,-0.858,0.993,-0.916,-0.799,0.159,0.633,0.662,-0.848,0.944,-0.98,-0.993,-0.711,0.994,0.969,-0.937,-0.797,-0.978,0.996,0.095,0.96,-0.935,0.962,0.848,-0.996,0.87,0.997,0.922,-0.971,-0.99,-0.996,0.909,-0.979,0.989,0.917,0.997,-0.982,-0.997,-0.955,0.993,0.962,0.956,-0.999,0.658,-0.974,-0.986,-0.828,-0.948,-0.892,-0.59,-0.99,0.944,-0.999,0.983,0.98,0.983,0.975,-0.924,0.912,0.943,-0.968,-0.981,-0.908,-0.968,-0.983,-0.988,-0.779,-0.792,0.969,-0.583,0.976,-0.999,-0.986,0.98,0.629,-0.946,0.998,-0.956,-0.981,-0.959,0.917,0.956,-0.975,0.99,-0.994,0.953,0.94,0.89,-0.995,8.403,5.529,10.25,10.258,10.233,10.266,10.284,10.322,6.915,5.815,10.306,10.19,7.315,7.394,10.259,10.204,EssenceCatalog/problems/csplib-prob010-SocialGolfers/params/c550f9c350ec610fb16327016723ebd8.param
-0.996,-0.965,0.98,-0.996,-0.996,0.996,0.992,0.998,0.995,-0.992,-0.989,0.993,-0.96,0.994,-0.826,-0.992,-0.786,0.807,-0.9,-0.991,0.968,-0.995,-0.996,-0.961,0.997,0.995,-0.987,-0.963,-0.98,0.998,-0.994,0.982,-0.971,0.991,0.986,-0.999,0.813,0.998,0.988,-0.979,-0.996,-0.999,0.991,-0.99,0.997,0.868,0.999,-0.987,-0.999,-0.992,0.998,0.974,0.956,-0.999,0.955,-0.996,-0.987,-0.971,-0.968,-0.959,0.975,-0.996,0.979,-1.0,0.983,0.986,0.992,0.969,-0.989,0.977,0.986,-0.968,-0.995,-0.988,-0.994,-0.974,-0.994,-0.978,-0.976,0.973,-0.961,0.991,-1.0,-0.993,0.993,0.993,-0.982,1.0,-0.976,-0.993,-0.988,0.982,0.982,-0.991,0.997,-0.998,0.994,0.983,0.98,-0.997,9.599,5.763,10.417,10.356,10.412,10.446,10.424,10.374,7.483,6.072,10.379,10.366,7.963,7.78,10.406,10.413,EssenceCatalog/problems/csplib-prob010-SocialGolfers/params/8c2957f17b342c0e27aa2c5083653937.param
-0.988,-0.876,0.891,-0.984,-0.978,0.99,0.701,0.992,0.975,-0.989,-0.966,0.954,-0.605,0.993,-0.906,-0.886,0.267,0.726,0.847,-0.745,0.939,-0.979,-0.99,-0.694,0.993,0.955,-0.856,-0.823,-0.899,0.992,0.331,0.924,-0.922,0.973,0.423,-0.996,0.854,0.998,0.907,-0.965,-0.988,-0.996,0.905,-0.964,0.986,0.764,0.997,-0.982,-0.997,-0.965,0.992,0.908,0.949,-0.999,0.741,-0.973,-0.936,-0.886,-0.912,-0.911,-0.788,-0.986,0.913,-0.999,0.961,0.947,0.982,0.884,-0.908,0.903,0.906,-0.968,-0.976,-0.89,-0.965,-0.952,-0.983,-0.744,-0.782,0.951,-0.554,0.929,-0.999,-0.979,0.967,0.658,-0.954,0.998,-0.946,-0.973,-0.913,0.931,0.944,-0.964,0.992,-0.995,0.965,0.931,0.882,-0.995,8.017,5.382,10.128,10.201,10.217,10.225,10.26,10.329,6.696,5.665,10.181,10.141,7.083,7.181,10.145,10.15,EssenceCatalog/problems/csplib-prob010-SocialGolfers/params/b6db8b4727fac5c5bdb1209f59a25b59.param
-0.966,-0.979,0.958,-0.954,-0.951,0.987,-0.888,0.981,0.959,-0.971,-0.917,0.962,-0.748,0.992,-0.964,-0.612,-0.476,0.886,0.963,0.804,0.946,-0.967,-0.987,-0.799,0.993,0.059,-0.5,-0.626,-0.959,0.983,0.966,0.759,-0.924,0.929,-0.115,-0.992,0.961,0.997,0.719,-0.897,-0.968,-0.994,0.544,-0.772,0.987,0.965,0.986,-0.952,-0.994,-0.946,0.986,0.762,0.956,-0.997,0.778,-0.949,-0.634,-0.843,-0.625,-0.884,-0.973,-0.953,0.845,-0.997,0.969,0.857,0.979,0.981,-0.784,0.823,0.858,-0.934,-0.89,-0.758,-0.834,-0.976,-0.982,-0.406,-0.72,0.963,-0.765,0.248,-0.998,-0.944,0.97,-0.529,-0.861,0.996,-0.963,-0.958,-0.792,0.88,0.879,-0.958,0.976,-0.988,0.906,0.891,0.883,-0.987,5.956,4.843,10.341,10.312,10.298,10.272,10.283,10.338,5.674,4.983,10.367,10.299,5.956,5.801,10.323,10.276,EssenceCatalog/problems/csplib-prob010-SocialGolfers/params/95d8f74076b37f4308f412cf4af9477b.param
-0.995,-0.986,0.991,-0.995,-0.996,0.996,0.99,0.998,0.995,-0.992,-0.99,0.994,-0.979,0.993,-0.86,-0.99,-0.845,0.807,-0.921,-0.99,0.97,-0.995,-0.997,-0.971,0.997,0.994,-0.989,-0.963,-0.991,0.998,-0.993,0.985,-0.976,0.99,0.991,-0.999,0.869,0.998,0.989,-0.978,-0.996,-0.999,0.99,-0.99,0.998,0.941,0.999,-0.986,-0.999,-0.992,0.999,0.979,0.959,-0.999,0.961,-0.996,-0.991,-0.97,-0.97,-0.958,0.978,-0.996,0.982,-1.0,0.989,0.99,0.993,0.987,-0.99,0.979,0.988,-0.964,-0.996,-0.988,-0.993,-0.987,-0.996,-0.98,-0.976,0.978,-0.968,0.992,-1.0,-0.993,0.995,0.992,-0.979,1.0,-0.98,-0.993,-0.991,0.982,0.982,-0.993,0.996,-0.998,0.993,0.985,0.984,-0.998,9.63,5.786,10.475,10.398,10.449,10.484,10.46,10.41,7.509,6.094,10.434,10.41,7.991,7.8,10.458,10.452,EssenceCatalog/problems/csplib-prob010-SocialGolfers/params/75ec9d9a8424bd19ab21a8e067a45e6f.param
-0.99,0.998,-0.993,-0.994,-0.983,0.986,-0.978,0.987,0.991,-0.968,-0.99,0.987,0.994,0.995,-0.932,-0.974,-0.916,0.989,0.989,0.977,0.968,-0.992,-0.983,0.771,0.997,0.848,-0.575,-0.947,0.995,-0.962,0.885,0.353,-0.948,0.987,-0.99,-0.999,0.492,1.0,-0.814,-0.922,-0.983,-0.998,0.964,-0.966,0.994,-0.994,0.994,-0.978,-0.998,-0.991,0.997,-0.908,0.982,-0.999,0.976,-0.976,0.901,-0.972,-0.931,-0.986,-0.991,-0.975,0.962,-0.999,-0.976,-0.964,0.988,-0.996,-0.971,0.976,0.833,-0.964,-0.988,-0.936,-0.984,0.995,-0.993,-0.83,-0.977,0.819,-0.87,0.944,-0.998,-0.989,0.962,0.806,-0.954,0.999,-0.928,-0.978,0.952,0.959,0.95,-0.928,0.987,-0.996,0.985,0.976,0.922,-0.995,4.227,3.494,4.848,10.278,10.524,10.401,10.58,10.794,4.205,3.708,4.898,10.167,4.78,4.387,5.934,10.173,EssenceCatalog/problems/csplib-prob010-SocialGolfers/params/846bb82ffdf26a833442950e25f43906.param
-0.965,-0.983,0.965,-0.954,-0.94,0.988,-0.87,0.981,0.962,-0.971,-0.929,0.958,-0.784,0.992,-0.963,-0.47,-0.478,0.867,0.946,0.721,0.945,-0.969,-0.99,-0.773,0.993,0.316,-0.692,-0.558,-0.971,0.985,0.954,0.829,-0.931,0.916,0.301,-0.993,0.959,0.997,0.74,-0.898,-0.975,-0.994,0.557,-0.849,0.989,0.967,0.988,-0.95,-0.993,-0.934,0.986,0.837,0.962,-0.997,0.728,-0.95,-0.839,-0.796,-0.674,-0.859,-0.965,-0.958,0.876,-0.997,0.971,0.902,0.979,0.985,-0.804,0.84,0.895,-0.937,-0.907,-0.766,-0.851,-0.979,-0.984,-0.432,-0.729,0.969,-0.737,0.603,-0.997,-0.961,0.977,-0.498,-0.832,0.997,-0.964,-0.962,-0.828,0.865,0.889,-0.966,0.976,-0.986,0.892,0.891,0.88,-0.987,6.37,5.045,10.388,10.36,10.339,10.325,10.328,10.379,5.941,5.185,10.415,10.343,6.229,6.13,10.369,10.314,EssenceCatalog/problems/csplib-prob010-SocialGolfers/params/7ae4e61607172482905ed6231ec4439f.param
-0.989,-0.982,0.983,-0.988,-0.988,0.994,0.882,0.994,0.98,-0.991,-0.986,0.964,-0.935,0.994,-0.927,-0.865,-0.094,0.622,0.26,-0.941,0.952,-0.985,-0.996,-0.802,0.995,0.983,-0.964,-0.847,-0.989,0.998,-0.56,0.978,-0.955,0.968,0.94,-0.997,0.848,0.997,0.957,-0.979,-0.994,-0.997,0.939,-0.986,0.993,0.947,0.998,-0.984,-0.997,-0.966,0.995,0.977,0.957,-0.999,0.7,-0.981,-0.993,-0.853,-0.966,-0.9,-0.039,-0.993,0.96,-0.999,0.989,0.989,0.987,0.988,-0.953,0.94,0.972,-0.971,-0.988,-0.942,-0.979,-0.989,-0.992,-0.859,-0.853,0.979,-0.721,0.988,-0.999,-0.991,0.988,0.786,-0.955,0.999,-0.966,-0.986,-0.979,0.942,0.967,-0.983,0.992,-0.995,0.968,0.962,0.928,-0.996,8.94,5.636,10.3,10.279,10.268,10.297,10.307,10.315,7.162,5.935,10.328,10.224,7.594,7.589,10.301,10.257,EssenceCatalog/problems/csplib-prob010-SocialGolfers/params/fa3aba8f1f8fef1f15f18611a8bb0bf3.param
-0.972,-0.983,0.971,-0.963,-0.986,0.993,-0.988,0.982,0.967,-0.97,-0.915,0.993,-0.865,0.995,-0.986,-0.95,-0.946,0.967,0.987,0.983,0.967,-0.977,-0.987,-0.947,0.996,-0.898,0.614,-0.832,-0.933,0.958,0.983,0.359,-0.963,0.968,-0.864,-0.995,0.978,0.998,0.755,-0.897,-0.956,-0.996,0.542,-0.103,0.993,0.979,0.982,-0.956,-0.997,-0.984,0.994,0.121,0.948,-0.997,0.952,-0.971,0.87,-0.964,-0.321,-0.964,-0.979,-0.92,0.743,-0.998,0.963,0.608,0.992,0.982,-0.868,0.836,0.887,-0.918,-0.848,-0.87,-0.853,-0.978,-0.989,-0.653,-0.88,0.974,-0.957,-0.923,-0.998,-0.896,0.984,-0.558,-0.942,0.998,-0.982,-0.962,-0.713,0.955,0.89,-0.972,0.978,-0.992,0.962,0.938,0.966,-0.987,4.805,4.207,10.328,10.322,10.306,10.336,10.285,10.262,4.917,4.341,10.339,10.262,5.205,4.733,10.313,10.356,EssenceCatalog/problems/csplib-prob010-SocialGolfers/params/2886a83ea36b0aa74b084f9f760cf362.param
-0.964,-0.98,0.959,-0.951,-0.958,0.987,-0.953,0.98,0.96,-0.97,-0.914,0.974,-0.757,0.992,-0.974,-0.692,-0.688,0.922,0.973,0.919,0.954,-0.97,-0.987,-0.846,0.994,-0.362,-0.291,-0.647,-0.952,0.975,0.978,0.701,-0.936,0.931,-0.37,-0.993,0.969,0.998,0.675,-0.881,-0.965,-0.994,0.488,-0.666,0.99,0.97,0.984,-0.951,-0.994,-0.956,0.988,0.648,0.957,-0.997,0.838,-0.953,-0.286,-0.877,-0.533,-0.903,-0.979,-0.947,0.828,-0.997,0.964,0.796,0.982,0.983,-0.793,0.823,0.858,-0.926,-0.874,-0.771,-0.823,-0.975,-0.984,-0.421,-0.775,0.965,-0.84,-0.168,-0.997,-0.937,0.974,-0.624,-0.863,0.997,-0.969,-0.959,-0.734,0.898,0.871,-0.959,0.975,-0.988,0.914,0.901,0.91,-0.986,5.518,4.637,10.35,10.311,10.301,10.272,10.288,10.326,5.393,4.773,10.379,10.292,5.688,5.42,10.336,10.292,EssenceCatalog/problems/csplib-prob010-SocialGolfers/params/290f42ff09f98f3f33e301b76bab68db.param
-0.969,-0.983,0.966,-0.96,-0.952,0.988,-0.728,0.983,0.96,-0.98,-0.952,0.947,-0.792,0.993,-0.96,-0.398,-0.305,0.836,0.932,0.464,0.944,-0.969,-0.992,-0.724,0.993,0.627,-0.795,-0.575,-0.976,0.989,0.934,0.888,-0.93,0.923,0.48,-0.993,0.948,0.997,0.788,-0.926,-0.981,-0.994,0.639,-0.908,0.99,0.964,0.991,-0.959,-0.993,-0.928,0.989,0.877,0.962,-0.998,0.676,-0.951,-0.921,-0.765,-0.793,-0.844,-0.956,-0.973,0.904,-0.998,0.975,0.934,0.978,0.985,-0.827,0.848,0.905,-0.948,-0.932,-0.776,-0.88,-0.98,-0.986,-0.502,-0.709,0.97,-0.657,0.802,-0.998,-0.972,0.977,-0.452,-0.845,0.997,-0.958,-0.97,-0.86,0.878,0.902,-0.963,0.977,-0.987,0.893,0.907,0.878,-0.99,6.738,5.195,10.387,10.374,10.364,10.356,10.35,10.399,6.163,5.351,10.42,10.355,6.45,6.433,10.375,10.318,EssenceCatalog/problems/csplib-prob010-SocialGolfers/params/84e266adad7830eefe90eae125f4a026.param
-0.971,-0.984,0.975,-0.96,-0.97,0.992,-0.964,0.982,0.968,-0.959,-0.834,0.988,-0.878,0.991,-0.973,-0.936,-0.901,0.936,0.961,0.954,0.961,-0.975,-0.984,-0.944,0.993,-0.716,0.172,-0.753,-0.949,0.98,0.944,0.415,-0.945,0.947,-0.485,-0.995,0.975,0.998,0.772,-0.796,-0.947,-0.995,0.588,-0.305,0.991,0.977,0.982,-0.935,-0.996,-0.98,0.991,0.476,0.935,-0.997,0.924,-0.971,0.604,-0.938,-0.222,-0.937,-0.929,-0.893,0.703,-0.998,0.963,0.71,0.988,0.983,-0.827,0.836,0.868,-0.879,-0.833,-0.845,-0.852,-0.982,-0.984,-0.545,-0.871,0.96,-0.937,-0.8,-0.998,-0.879,0.982,0.14,-0.917,0.997,-0.978,-0.953,-0.808,0.931,0.874,-0.975,0.979,-0.99,0.956,0.899,0.939,-0.984,5.282,4.348,10.352,10.299,10.241,10.252,10.26,10.285,5.159,4.489,10.342,10.235,5.466,5.001,10.302,10.297,EssenceCatalog/problems/csplib-prob010-SocialGolfers/params/06c9a4a5633725d94a6bf7cca5a6f64c.param
-0.973,-0.988,0.985,-0.964,-0.975,0.992,-0.923,0.982,0.97,-0.962,-0.785,0.989,-0.938,0.989,-0.964,-0.972,-0.942,0.916,0.874,0.911,0.966,-0.976,-0.988,-0.969,0.99,-0.517,-0.091,-0.719,-0.957,0.988,0.73,0.432,-0.937,0.947,0.098,-0.996,0.972,0.998,0.862,-0.658,-0.954,-0.995,0.676,-0.289,0.994,0.976,0.98,-0.914,-0.997,-0.985,0.993,0.477,0.905,-0.996,0.939,-0.98,0.635,-0.945,0.022,-0.93,-0.624,-0.861,0.647,-0.998,0.962,0.783,0.988,0.984,-0.858,0.829,0.891,-0.816,-0.839,-0.869,-0.903,-0.984,-0.987,-0.7,-0.913,0.951,-0.955,-0.806,-0.998,-0.864,0.984,0.788,-0.925,0.996,-0.975,-0.964,-0.887,0.952,0.88,-0.98,0.978,-0.99,0.971,0.908,0.954,-0.984,5.848,4.459,10.379,10.29,10.198,10.229,10.267,10.287,5.417,4.604,10.341,10.206,5.761,5.24,10.305,10.275,EssenceCatalog/problems/csplib-prob010-SocialGolfers/params/b72bd082a8433c5b8ab40ff9f48c86ec.param
-0.983,-0.987,0.99,-0.981,-0.981,0.994,-0.579,0.991,0.983,-0.973,-0.816,0.991,-0.968,0.988,-0.949,-0.986,-0.966,0.877,0.247,0.541,0.976,-0.986,-0.994,-0.979,0.992,0.399,-0.716,-0.796,-0.964,0.994,-0.467,0.687,-0.943,0.961,0.793,-0.998,0.961,0.998,0.931,-0.579,-0.974,-0.996,0.86,-0.675,0.997,0.968,0.987,-0.917,-0.998,-0.991,0.996,0.71,0.904,-0.997,0.95,-0.991,0.119,-0.953,-0.022,-0.934,0.592,-0.908,0.75,-0.998,0.964,0.882,0.991,0.984,-0.927,0.9,0.946,-0.822,-0.928,-0.92,-0.967,-0.98,-0.993,-0.871,-0.959,0.952,-0.972,-0.319,-0.999,-0.926,0.99,0.973,-0.951,0.998,-0.976,-0.976,-0.941,0.973,0.905,-0.989,0.983,-0.993,0.984,0.943,0.971,-0.99,7.617,5.033,10.387,10.293,10.251,10.276,10.318,10.309,6.36,5.208,10.304,10.258,6.754,6.289,10.288,10.307,EssenceCatalog/problems/csplib-prob010-SocialGolfers/params/4045e38d784b08b2deb4f0499831100d.param
-0.995,-0.991,0.993,-0.996,-0.997,0.997,0.986,0.998,0.995,-0.993,-0.99,0.995,-0.986,0.994,-0.878,-0.991,-0.906,0.841,-0.93,-0.986,0.977,-0.996,-0.998,-0.978,0.998,0.993,-0.989,-0.965,-0.993,0.998,-0.992,0.984,-0.978,0.991,0.994,-0.999,0.911,0.999,0.991,-0.975,-0.997,-0.999,0.99,-0.989,0.999,0.96,0.999,-0.986,-0.999,-0.993,0.999,0.977,0.962,-0.999,0.97,-0.997,-0.988,-0.973,-0.961,-0.96,0.981,-0.996,0.981,-1.0,0.99,0.991,0.994,0.991,-0.991,0.981,0.99,-0.958,-0.996,-0.989,-0.993,-0.989,-0.997,-0.983,-0.98,0.982,-0.978,0.991,-1.0,-0.993,0.996,0.993,-0.979,1.0,-0.985,-0.994,-0.991,0.984,0.981,-0.994,0.997,-0.998,0.994,0.988,0.987,-0.998,9.647,5.8,10.512,10.429,10.48,10.515,10.491,10.442,7.524,6.106,10.468,10.443,8.01,7.809,10.492,10.484,EssenceCatalog/problems/csplib-prob010-SocialGolfers/params/93bafe2c14b2f72701ea6213a29c17ff.param
-0.979,-0.978,0.965,-0.973,-0.968,0.989,-0.041,0.988,0.963,-0.986,-0.968,0.941,-0.809,0.993,-0.945,-0.552,0.002,0.756,0.872,-0.321,0.944,-0.975,-0.993,-0.683,0.994,0.895,-0.893,-0.684,-0.977,0.994,0.792,0.934,-0.927,0.944,0.682,-0.994,0.921,0.997,0.859,-0.956,-0.987,-0.995,0.797,-0.96,0.989,0.947,0.995,-0.973,-0.995,-0.936,0.991,0.932,0.961,-0.998,0.632,-0.96,-0.971,-0.779,-0.904,-0.862,-0.898,-0.985,0.93,-0.998,0.98,0.963,0.98,0.981,-0.874,0.878,0.922,-0.962,-0.964,-0.84,-0.934,-0.981,-0.988,-0.625,-0.731,0.969,-0.559,0.939,-0.999,-0.981,0.976,-0.01,-0.901,0.998,-0.954,-0.977,-0.916,0.898,0.932,-0.967,0.984,-0.991,0.92,0.925,0.873,-0.994,7.511,5.385,10.338,10.335,10.318,10.332,10.333,10.387,6.539,5.603,10.388,10.29,6.866,6.945,10.336,10.263,EssenceCatalog/problems/csplib-prob010-SocialGolfers/params/2094fa47f916b46302b5f073e7c1a2eb.param
-0.995,-0.977,0.987,-0.996,-0.996,0.996,0.992,0.998,0.995,-0.992,-0.99,0.994,-0.97,0.994,-0.847,-0.991,-0.837,0.81,-0.915,-0.99,0.971,-0.995,-0.997,-0.969,0.997,0.995,-0.988,-0.962,-0.986,0.998,-0.994,0.984,-0.974,0.99,0.99,-0.999,0.828,0.998,0.99,-0.977,-0.996,-0.999,0.991,-0.99,0.998,0.904,0.999,-0.987,-0.999,-0.992,0.999,0.974,0.955,-0.999,0.96,-0.996,-0.988,-0.971,-0.967,-0.959,0.98,-0.996,0.981,-1.0,0.986,0.989,0.992,0.979,-0.99,0.978,0.989,-0.964,-0.996,-0.988,-0.994,-0.98,-0.995,-0.982,-0.977,0.976,-0.967,0.992,-1.0,-0.993,0.995,0.993,-0.979,1.0,-0.978,-0.994,-0.989,0.983,0.981,-0.992,0.996,-0.998,0.994,0.985,0.984,-0.998,9.62,5.777,10.451,10.38,10.435,10.469,10.446,10.394,7.499,6.085,10.411,10.392,7.981,7.791,10.436,10.436,EssenceCatalog/problems/csplib-prob010-SocialGolfers/params/a0262b3cd728691e6777302ab3228216.param
-0.965,-0.977,0.953,-0.952,-0.957,0.987,-0.942,0.981,0.959,-0.972,-0.925,0.97,-0.713,0.993,-0.972,-0.639,-0.6,0.919,0.975,0.901,0.952,-0.97,-0.987,-0.815,0.994,-0.251,-0.364,-0.645,-0.948,0.975,0.981,0.732,-0.932,0.935,-0.382,-0.993,0.966,0.997,0.67,-0.9,-0.967,-0.994,0.497,-0.721,0.989,0.966,0.985,-0.955,-0.994,-0.951,0.988,0.676,0.959,-0.997,0.821,-0.95,-0.425,-0.869,-0.602,-0.9,-0.983,-0.953,0.849,-0.997,0.964,0.808,0.981,0.98,-0.79,0.823,0.851,-0.937,-0.885,-0.766,-0.829,-0.973,-0.983,-0.408,-0.749,0.964,-0.804,-0.021,-0.998,-0.94,0.971,-0.684,-0.865,0.997,-0.966,-0.959,-0.729,0.894,0.876,-0.956,0.976,-0.988,0.909,0.903,0.902,-0.987,5.591,4.694,10.335,10.311,10.312,10.276,10.292,10.336,5.454,4.83,10.366,10.302,5.74,5.519,10.327,10.289,EssenceCatalog/problems/csplib-prob010-SocialGolfers/params/223c85871de386db1050546efeb263d3.param
-0.969,-0.972,0.951,-0.956,-0.956,0.988,-0.9,0.981,0.962,-0.967,-0.878,0.971,-0.739,0.991,-0.961,-0.781,-0.592,0.898,0.962,0.857,0.949,-0.968,-0.984,-0.859,0.992,-0.125,-0.305,-0.669,-0.941,0.98,0.954,0.648,-0.919,0.931,-0.279,-0.993,0.962,0.997,0.723,-0.856,-0.961,-0.994,0.581,-0.652,0.988,0.958,0.985,-0.942,-0.995,-0.961,0.987,0.659,0.945,-0.997,0.839,-0.955,-0.206,-0.881,-0.467,-0.901,-0.959,-0.936,0.779,-0.998,0.96,0.791,0.98,0.974,-0.786,0.825,0.838,-0.91,-0.87,-0.771,-0.835,-0.973,-0.98,-0.416,-0.774,0.955,-0.822,-0.137,-0.998,-0.921,0.971,-0.162,-0.882,0.996,-0.966,-0.953,-0.772,0.898,0.871,-0.958,0.978,-0.989,0.928,0.883,0.891,-0.986,5.728,4.647,10.3,10.277,10.249,10.235,10.255,10.308,5.482,4.794,10.305,10.245,5.777,5.514,10.267,10.248,EssenceCatalog/problems/csplib-prob010-SocialGolfers/params/1443f3bf75bd27167a6a2c1aaccb15f7.param
-0.965,-0.982,0.961,-0.952,-0.944,0.987,-0.895,0.981,0.96,-0.973,-0.934,0.959,-0.762,0.992,-0.966,-0.451,-0.491,0.883,0.957,0.775,0.947,-0.969,-0.99,-0.758,0.993,0.217,-0.668,-0.568,-0.968,0.983,0.966,0.826,-0.933,0.92,0.16,-0.993,0.96,0.997,0.717,-0.907,-0.974,-0.994,0.528,-0.844,0.989,0.967,0.988,-0.954,-0.993,-0.934,0.986,0.817,0.963,-0.997,0.738,-0.949,-0.813,-0.803,-0.689,-0.862,-0.974,-0.959,0.883,-0.997,0.97,0.89,0.98,0.984,-0.803,0.837,0.888,-0.942,-0.907,-0.76,-0.851,-0.977,-0.985,-0.424,-0.725,0.969,-0.738,0.542,-0.997,-0.961,0.975,-0.621,-0.835,0.997,-0.963,-0.962,-0.801,0.87,0.888,-0.963,0.975,-0.986,0.891,0.897,0.883,-0.987,6.208,4.997,10.377,10.354,10.343,10.32,10.324,10.373,5.855,5.131,10.409,10.344,6.135,6.031,10.363,10.312,EssenceCatalog/problems/csplib-prob010-SocialGolfers/params/15bd1763336cef7b4fdf57e28b26bd4c.param
-0.967,-0.982,0.962,-0.955,-0.946,0.987,-0.834,0.982,0.96,-0.975,-0.941,0.953,-0.765,0.992,-0.962,-0.433,-0.376,0.862,0.95,0.66,0.944,-0.969,-0.99,-0.74,0.993,0.422,-0.721,-0.579,-0.97,0.986,0.957,0.849,-0.929,0.923,0.275,-0.993,0.955,0.997,0.748,-0.916,-0.977,-0.994,0.582,-0.874,0.988,0.964,0.989,-0.957,-0.993,-0.93,0.987,0.846,0.963,-0.998,0.71,-0.947,-0.87,-0.788,-0.739,-0.858,-0.969,-0.965,0.889,-0.997,0.973,0.91,0.978,0.984,-0.808,0.841,0.89,-0.946,-0.917,-0.765,-0.861,-0.978,-0.984,-0.446,-0.707,0.968,-0.692,0.673,-0.997,-0.964,0.974,-0.556,-0.842,0.997,-0.961,-0.965,-0.83,0.869,0.895,-0.963,0.976,-0.987,0.89,0.897,0.876,-0.988,6.425,5.079,10.37,10.356,10.348,10.329,10.328,10.38,5.983,5.223,10.402,10.343,6.262,6.203,10.357,10.307,EssenceCatalog/problems/csplib-prob010-SocialGolfers/params/ae2afae62339733d3dbe419740f71d1a.param
-0.984,-0.96,0.95,-0.978,-0.97,0.99,0.471,0.989,0.967,-0.986,-0.964,0.943,-0.769,0.992,-0.918,-0.744,0.228,0.676,0.83,-0.653,0.937,-0.976,-0.991,-0.659,0.993,0.938,-0.892,-0.761,-0.964,0.994,0.568,0.931,-0.92,0.957,0.667,-0.995,0.893,0.997,0.878,-0.961,-0.986,-0.995,0.869,-0.966,0.986,0.905,0.996,-0.978,-0.996,-0.948,0.99,0.941,0.954,-0.998,0.649,-0.966,-0.969,-0.817,-0.919,-0.886,-0.817,-0.985,0.923,-0.999,0.977,0.964,0.98,0.964,-0.888,0.887,0.909,-0.964,-0.971,-0.869,-0.952,-0.976,-0.985,-0.676,-0.74,0.96,-0.52,0.948,-0.999,-0.979,0.971,0.425,-0.933,0.998,-0.951,-0.974,-0.931,0.894,0.943,-0.967,0.988,-0.993,0.942,0.92,0.86,-0.994,7.897,5.412,10.212,10.229,10.215,10.235,10.251,10.311,6.677,5.672,10.27,10.168,7.038,7.146,10.218,10.16,EssenceCatalog/problems/csplib-prob010-SocialGolfers/params/babfd06c7e4128c02a9e8d311e0ea31d.param
-0.98,-0.962,0.946,-0.972,-0.964,0.988,-0.016,0.987,0.961,-0.985,-0.954,0.94,-0.715,0.992,-0.933,-0.636,0.14,0.748,0.903,-0.247,0.939,-0.972,-0.99,-0.674,0.993,0.882,-0.843,-0.691,-0.958,0.992,0.819,0.904,-0.91,0.946,0.492,-0.994,0.919,0.997,0.833,-0.946,-0.983,-0.995,0.798,-0.945,0.986,0.919,0.994,-0.971,-0.995,-0.941,0.989,0.905,0.954,-0.998,0.655,-0.958,-0.942,-0.804,-0.87,-0.873,-0.912,-0.981,0.907,-0.998,0.973,0.946,0.977,0.964,-0.853,0.86,0.884,-0.957,-0.958,-0.816,-0.928,-0.973,-0.984,-0.591,-0.711,0.958,-0.514,0.9,-0.999,-0.974,0.968,0.132,-0.909,0.997,-0.949,-0.97,-0.892,0.891,0.925,-0.959,0.984,-0.991,0.924,0.91,0.854,-0.993,7.373,5.298,10.228,10.248,10.246,10.25,10.26,10.324,6.437,5.518,10.275,10.203,6.759,6.843,10.226,10.178,EssenceCatalog/problems/csplib-prob010-SocialGolfers/params/e17d0aaf6959fdf41a9045e98bf1feb9.param
-0.975,-0.93,0.897,-0.967,-0.96,0.987,-0.714,0.985,0.96,-0.977,-0.902,0.963,-0.54,0.991,-0.943,-0.777,-0.162,0.881,0.969,0.643,0.941,-0.969,-0.984,-0.773,0.992,0.358,-0.439,-0.721,-0.889,0.979,0.949,0.707,-0.891,0.951,-0.452,-0.994,0.946,0.998,0.745,-0.912,-0.968,-0.994,0.683,-0.798,0.983,0.904,0.99,-0.959,-0.995,-0.956,0.986,0.695,0.946,-0.998,0.801,-0.952,-0.44,-0.885,-0.647,-0.914,-0.971,-0.956,0.826,-0.998,0.953,0.804,0.978,0.931,-0.791,0.821,0.793,-0.942,-0.913,-0.767,-0.879,-0.956,-0.977,-0.41,-0.722,0.94,-0.675,0.247,-0.999,-0.933,0.954,-0.129,-0.913,0.996,-0.952,-0.952,-0.753,0.902,0.893,-0.946,0.982,-0.992,0.933,0.89,0.859,-0.989,6.018,4.775,10.161,10.228,10.259,10.225,10.244,10.318,5.668,4.945,10.166,10.217,5.942,5.833,10.153,10.196,EssenceCatalog/problems/csplib-prob010-SocialGolfers/params/c275a01262fcae05f1108136b8a627fe.param
-0.965,-0.979,0.956,-0.953,-0.953,0.987,-0.902,0.981,0.958,-0.973,-0.93,0.962,-0.728,0.992,-0.968,-0.564,-0.475,0.896,0.968,0.824,0.948,-0.967,-0.988,-0.783,0.993,0.037,-0.516,-0.623,-0.958,0.981,0.973,0.78,-0.927,0.931,-0.163,-0.992,0.961,0.997,0.705,-0.909,-0.971,-0.994,0.528,-0.789,0.988,0.965,0.987,-0.956,-0.994,-0.943,0.987,0.755,0.959,-0.997,0.775,-0.947,-0.662,-0.842,-0.661,-0.884,-0.979,-0.958,0.862,-0.997,0.969,0.857,0.98,0.982,-0.789,0.823,0.86,-0.94,-0.897,-0.757,-0.837,-0.975,-0.983,-0.414,-0.716,0.965,-0.754,0.278,-0.997,-0.949,0.97,-0.647,-0.858,0.997,-0.962,-0.961,-0.775,0.882,0.881,-0.956,0.976,-0.988,0.901,0.899,0.888,-0.988,5.908,4.849,10.345,10.324,10.319,10.287,10.297,10.348,5.661,4.986,10.376,10.317,5.937,5.794,10.333,10.288,EssenceCatalog/problems/csplib-prob010-SocialGolfers/params/1ac0c005cf6b9c0e6468fa62e9f4dc60.param
-0.969,-0.976,0.96,-0.957,-0.954,0.989,-0.918,0.981,0.965,-0.962,-0.848,0.976,-0.79,0.99,-0.961,-0.835,-0.717,0.903,0.953,0.884,0.952,-0.97,-0.984,-0.888,0.992,-0.25,-0.273,-0.667,-0.946,0.981,0.939,0.594,-0.924,0.93,-0.202,-0.994,0.966,0.998,0.732,-0.82,-0.955,-0.994,0.584,-0.592,0.989,0.963,0.983,-0.934,-0.995,-0.966,0.987,0.652,0.942,-0.997,0.863,-0.961,-0.068,-0.892,-0.361,-0.906,-0.94,-0.92,0.752,-0.998,0.961,0.783,0.982,0.976,-0.792,0.832,0.851,-0.894,-0.86,-0.791,-0.837,-0.976,-0.981,-0.435,-0.808,0.955,-0.862,-0.296,-0.998,-0.911,0.975,0.039,-0.884,0.996,-0.97,-0.951,-0.789,0.902,0.868,-0.966,0.978,-0.988,0.936,0.878,0.9,-0.985,5.722,4.605,10.332,10.29,10.239,10.236,10.262,10.314,5.454,4.75,10.33,10.245,5.763,5.438,10.287,10.262,EssenceCatalog/problems/csplib-prob010-SocialGolfers/params/a4f4eec58f722095871846df6fe1d73c.param
-0.98,-0.938,0.911,-0.972,-0.957,0.987,-0.163,0.987,0.959,-0.983,-0.946,0.943,-0.563,0.992,-0.924,-0.652,0.242,0.786,0.936,-0.044,0.937,-0.972,-0.987,-0.622,0.993,0.836,-0.809,-0.717,-0.929,0.989,0.893,0.875,-0.892,0.952,0.18,-0.994,0.923,0.997,0.786,-0.949,-0.979,-0.995,0.782,-0.94,0.981,0.885,0.994,-0.973,-0.995,-0.941,0.986,0.885,0.957,-0.998,0.687,-0.953,-0.915,-0.828,-0.865,-0.891,-0.952,-0.977,0.904,-0.998,0.965,0.919,0.977,0.942,-0.833,0.854,0.836,-0.962,-0.954,-0.807,-0.925,-0.963,-0.98,-0.516,-0.688,0.946,-0.463,0.859,-0.999,-0.967,0.955,-0.012,-0.913,0.997,-0.945,-0.964,-0.848,0.879,0.924,-0.953,0.984,-0.992,0.924,0.9,0.826,-0.992,7.027,5.185,10.133,10.188,10.214,10.194,10.211,10.291,6.253,5.39,10.175,10.158,6.546,6.639,10.134,10.125,EssenceCatalog/problems/csplib-prob010-SocialGolfers/params/e0efa16e73263bad21eb8425e61958e1.param
-0.976,-0.973,0.958,-0.968,-0.959,0.988,-0.305,0.985,0.961,-0.982,-0.946,0.941,-0.768,0.992,-0.941,-0.572,-0.053,0.767,0.901,-0.012,0.94,-0.97,-0.991,-0.717,0.993,0.829,-0.827,-0.639,-0.968,0.991,0.844,0.891,-0.915,0.932,0.554,-0.994,0.932,0.997,0.823,-0.929,-0.981,-0.994,0.751,-0.928,0.988,0.943,0.993,-0.962,-0.995,-0.938,0.989,0.897,0.954,-0.998,0.658,-0.957,-0.931,-0.785,-0.824,-0.858,-0.911,-0.977,0.898,-0.998,0.974,0.942,0.977,0.974,-0.838,0.855,0.895,-0.947,-0.947,-0.794,-0.911,-0.977,-0.985,-0.552,-0.717,0.964,-0.584,0.87,-0.998,-0.973,0.973,0.048,-0.886,0.997,-0.954,-0.969,-0.886,0.886,0.915,-0.962,0.981,-0.99,0.915,0.906,0.862,-0.992,7.222,5.275,10.298,10.299,10.286,10.292,10.296,10.355,6.376,5.474,10.332,10.259,6.692,6.728,10.285,10.231,EssenceCatalog/problems/csplib-prob010-SocialGolfers/params/3755ba2000f1e216cc9c3dec96d3c204.param
-0.963,-0.981,0.962,-0.951,-0.966,0.988,-0.967,0.98,0.961,-0.971,-0.924,0.979,-0.768,0.993,-0.979,-0.734,-0.755,0.936,0.98,0.945,0.957,-0.971,-0.987,-0.862,0.994,-0.557,-0.098,-0.687,-0.95,0.971,0.984,0.672,-0.944,0.941,-0.559,-0.993,0.971,0.998,0.677,-0.894,-0.964,-0.994,0.458,-0.596,0.99,0.974,0.984,-0.955,-0.995,-0.96,0.989,0.581,0.958,-0.997,0.864,-0.954,-0.05,-0.899,-0.528,-0.917,-0.984,-0.948,0.825,-0.997,0.966,0.77,0.985,0.984,-0.804,0.822,0.862,-0.93,-0.869,-0.785,-0.818,-0.976,-0.985,-0.452,-0.788,0.969,-0.868,-0.408,-0.998,-0.932,0.975,-0.729,-0.878,0.997,-0.972,-0.96,-0.71,0.91,0.871,-0.959,0.975,-0.989,0.919,0.913,0.926,-0.987,5.275,4.523,10.356,10.316,10.317,10.283,10.298,10.322,5.238,4.662,10.391,10.293,5.537,5.218,10.35,10.308,EssenceCatalog/problems/csplib-prob010-SocialGolfers/params/67e99eb93b584f749c017181b90d5e96.param
-0.995,-0.99,0.993,-0.996,-0.997,0.997,0.983,0.998,0.996,-0.992,-0.989,0.995,-0.986,0.994,-0.87,-0.992,-0.921,0.856,-0.935,-0.984,0.979,-0.996,-0.998,-0.979,0.998,0.993,-0.988,-0.966,-0.992,0.998,-0.992,0.982,-0.978,0.991,0.993,-0.999,0.917,0.999,0.99,-0.973,-0.997,-0.999,0.99,-0.989,0.999,0.957,0.999,-0.986,-0.999,-0.994,0.999,0.975,0.963,-0.999,0.973,-0.997,-0.986,-0.975,-0.955,-0.963,0.983,-0.996,0.981,-1.0,0.989,0.989,0.995,0.99,-0.991,0.982,0.99,-0.956,-0.996,-0.989,-0.994,-0.988,-0.997,-0.984,-0.981,0.982,-0.98,0.989,-1.0,-0.993,0.996,0.994,-0.979,1.0,-0.985,-0.994,-0.991,0.984,0.98,-0.995,0.997,-0.998,0.995,0.987,0.988,-0.998,9.647,5.8,10.515,10.432,10.482,10.518,10.495,10.445,7.524,6.105,10.469,10.446,8.011,7.807,10.493,10.487,EssenceCatalog/problems/csplib-prob010-SocialGolfers/params/40997635a6e5830e8b02c40b58e9cabe.param
-0.973,-0.983,0.982,-0.969,-0.99,0.993,-0.948,0.981,0.969,-0.974,-0.888,0.991,-0.916,0.994,-0.98,-0.979,-0.944,0.946,0.965,0.942,0.962,-0.972,-0.99,-0.973,0.993,-0.715,0.533,-0.807,-0.933,0.971,0.878,0.342,-0.953,0.964,-0.617,-0.995,0.968,0.998,0.904,-0.808,-0.965,-0.995,0.663,-0.006,0.995,0.974,0.978,-0.939,-0.997,-0.986,0.996,0.048,0.911,-0.997,0.956,-0.976,0.87,-0.967,0.012,-0.956,-0.884,-0.89,0.65,-0.997,0.958,0.71,0.99,0.978,-0.881,0.829,0.919,-0.87,-0.854,-0.878,-0.903,-0.981,-0.989,-0.769,-0.903,0.971,-0.963,-0.924,-0.998,-0.879,0.987,0.39,-0.948,0.997,-0.97,-0.97,-0.872,0.969,0.88,-0.977,0.979,-0.992,0.973,0.936,0.972,-0.989,5.224,4.245,10.348,10.313,10.261,10.299,10.284,10.26,5.096,4.395,10.326,10.231,5.4,4.887,10.303,10.32,EssenceCatalog/problems/csplib-prob010-SocialGolfers/params/6af2dd447b88fc9de87e52bcd8e98223.param
-0.994,-0.984,0.989,-0.994,-0.995,0.996,0.989,0.997,0.992,-0.992,-0.99,0.987,-0.972,0.994,-0.884,-0.98,-0.562,0.636,-0.777,-0.992,0.961,-0.993,-0.997,-0.936,0.997,0.995,-0.986,-0.938,-0.991,0.998,-0.986,0.988,-0.972,0.984,0.986,-0.999,0.791,0.998,0.986,-0.984,-0.996,-0.998,0.982,-0.99,0.996,0.939,0.999,-0.985,-0.998,-0.987,0.998,0.986,0.947,-0.999,0.89,-0.993,-0.995,-0.94,-0.976,-0.935,0.932,-0.996,0.976,-0.999,0.99,0.993,0.99,0.988,-0.984,0.97,0.988,-0.968,-0.994,-0.98,-0.991,-0.99,-0.994,-0.961,-0.949,0.98,-0.914,0.994,-0.999,-0.993,0.993,0.98,-0.976,1.0,-0.975,-0.992,-0.992,0.973,0.981,-0.991,0.995,-0.998,0.989,0.98,0.97,-0.997,9.541,5.743,10.365,10.303,10.347,10.377,10.354,10.305,7.45,6.048,10.344,10.3,7.912,7.764,10.36,10.345,EssenceCatalog/problems/csplib-prob010-SocialGolfers/params/0f5963a526183eceaacd81e4a23363b3.param
-0.97,-0.986,0.978,-0.96,-0.975,0.992,-0.955,0.98,0.967,-0.96,-0.84,0.987,-0.897,0.992,-0.975,-0.942,-0.898,0.928,0.958,0.943,0.958,-0.972,-0.985,-0.947,0.993,-0.681,0.238,-0.764,-0.954,0.98,0.93,0.411,-0.947,0.945,-0.453,-0.995,0.973,0.998,0.807,-0.792,-0.951,-0.995,0.599,-0.26,0.992,0.979,0.98,-0.932,-0.996,-0.98,0.992,0.471,0.929,-0.997,0.921,-0.97,0.612,-0.939,-0.186,-0.935,-0.91,-0.897,0.675,-0.997,0.966,0.737,0.987,0.985,-0.828,0.833,0.881,-0.868,-0.828,-0.843,-0.851,-0.983,-0.984,-0.581,-0.867,0.963,-0.94,-0.81,-0.998,-0.878,0.982,0.184,-0.92,0.997,-0.977,-0.956,-0.831,0.935,0.868,-0.974,0.979,-0.99,0.956,0.901,0.943,-0.985,5.312,4.344,10.359,10.293,10.23,10.242,10.248,10.269,5.169,4.487,10.346,10.225,5.475,5.007,10.305,10.289,EssenceCatalog/problems/csplib-prob010-SocialGolfers/params/92c1c463abb6388f8cddd9237f9d8995.param
-0.97,-0.984,0.975,-0.96,-0.977,0.991,-0.972,0.981,0.967,-0.965,-0.861,0.989,-0.88,0.992,-0.978,-0.942,-0.925,0.945,0.965,0.964,0.965,-0.975,-0.986,-0.948,0.993,-0.753,0.256,-0.757,-0.945,0.976,0.951,0.431,-0.95,0.949,-0.547,-0.995,0.976,0.998,0.769,-0.8,-0.954,-0.995,0.588,-0.26,0.993,0.977,0.982,-0.936,-0.996,-0.982,0.993,0.361,0.935,-0.997,0.934,-0.972,0.707,-0.944,-0.221,-0.942,-0.933,-0.909,0.707,-0.998,0.959,0.684,0.989,0.983,-0.844,0.837,0.877,-0.874,-0.842,-0.85,-0.858,-0.98,-0.987,-0.592,-0.887,0.963,-0.945,-0.83,-0.998,-0.888,0.984,0.092,-0.919,0.997,-0.979,-0.961,-0.783,0.945,0.872,-0.974,0.978,-0.99,0.959,0.916,0.951,-0.985,5.208,4.32,10.354,10.317,10.269,10.289,10.283,10.291,5.121,4.46,10.343,10.25,5.427,4.952,10.31,10.32,EssenceCatalog/problems/csplib-prob010-SocialGolfers/params/f71546add1513945bac43107208408f2.param
-0.971,-0.979,0.966,-0.96,-0.972,0.991,-0.96,0.982,0.967,-0.964,-0.864,0.986,-0.825,0.992,-0.974,-0.912,-0.849,0.936,0.972,0.948,0.958,-0.973,-0.984,-0.924,0.993,-0.658,0.177,-0.761,-0.938,0.975,0.96,0.472,-0.942,0.948,-0.596,-0.995,0.971,0.998,0.752,-0.835,-0.951,-0.995,0.586,-0.385,0.991,0.972,0.982,-0.943,-0.996,-0.977,0.991,0.477,0.94,-0.997,0.913,-0.965,0.517,-0.932,-0.312,-0.936,-0.954,-0.916,0.728,-0.998,0.96,0.694,0.986,0.979,-0.82,0.839,0.86,-0.895,-0.847,-0.833,-0.844,-0.978,-0.984,-0.505,-0.848,0.961,-0.919,-0.731,-0.998,-0.894,0.979,-0.123,-0.916,0.997,-0.976,-0.954,-0.769,0.93,0.869,-0.969,0.98,-0.99,0.95,0.902,0.934,-0.986,5.216,4.362,10.332,10.299,10.264,10.265,10.266,10.29,5.142,4.505,10.331,10.246,5.441,5.017,10.297,10.301,EssenceCatalog/problems/csplib-prob010-SocialGolfers/params/7b47b67e382951d52c3e7fc7476381ce.param
-0.995,-0.993,0.995,-0.996,-0.997,0.997,0.983,0.998,0.996,-0.993,-0.99,0.995,-0.989,0.995,-0.892,-0.99,-0.912,0.842,-0.927,-0.985,0.98,-0.996,-0.998,-0.98,0.998,0.993,-0.99,-0.963,-0.995,0.998,-0.991,0.984,-0.979,0.99,0.994,-0.999,0.919,0.999,0.991,-0.976,-0.997,-0.999,0.99,-0.989,0.999,0.967,0.999,-0.986,-0.999,-0.993,0.999,0.979,0.963,-0.999,0.969,-0.997,-0.989,-0.973,-0.958,-0.96,0.98,-0.997,0.981,-1.0,0.991,0.992,0.995,0.993,-0.991,0.981,0.991,-0.959,-0.996,-0.988,-0.994,-0.991,-0.997,-0.983,-0.979,0.984,-0.978,0.991,-1.0,-0.994,0.997,0.993,-0.979,1.0,-0.986,-0.995,-0.992,0.984,0.981,-0.995,0.997,-0.998,0.994,0.988,0.988,-0.998,9.651,5.804,10.523,10.438,10.488,10.524,10.5,10.45,7.528,6.11,10.478,10.452,8.015,7.813,10.502,10.492,EssenceCatalog/problems/csplib-prob010-SocialGolfers/params/85b41e8dd9337f9149715662fe0be5d4.param
-0.965,-0.979,0.957,-0.952,-0.963,0.988,-0.962,0.981,0.961,-0.971,-0.923,0.977,-0.74,0.993,-0.977,-0.717,-0.712,0.933,0.98,0.938,0.956,-0.971,-0.987,-0.848,0.994,-0.494,-0.165,-0.681,-0.946,0.972,0.984,0.681,-0.94,0.94,-0.54,-0.993,0.97,0.998,0.668,-0.897,-0.964,-0.994,0.473,-0.634,0.99,0.971,0.984,-0.956,-0.995,-0.959,0.989,0.602,0.959,-0.997,0.856,-0.953,-0.137,-0.894,-0.549,-0.915,-0.985,-0.949,0.833,-0.998,0.964,0.772,0.984,0.982,-0.799,0.823,0.856,-0.934,-0.874,-0.781,-0.821,-0.974,-0.984,-0.432,-0.776,0.967,-0.851,-0.321,-0.998,-0.932,0.973,-0.716,-0.878,0.997,-0.971,-0.959,-0.709,0.906,0.874,-0.958,0.976,-0.989,0.918,0.909,0.919,-0.987,5.335,4.558,10.342,10.311,10.315,10.278,10.295,10.325,5.28,4.695,10.377,10.293,5.575,5.28,10.338,10.301,EssenceCatalog/problems/csplib-prob010-SocialGolfers/params/8f5b4bacdbcf7024648f6600bf306ba4.param
-0.968,-0.986,0.976,-0.957,-0.973,0.991,-0.973,0.981,0.966,-0.964,-0.869,0.988,-0.875,0.992,-0.978,-0.917,-0.907,0.941,0.968,0.963,0.963,-0.974,-0.986,-0.939,0.994,-0.74,0.192,-0.733,-0.953,0.977,0.961,0.48,-0.95,0.945,-0.521,-0.995,0.976,0.998,0.757,-0.819,-0.954,-0.995,0.538,-0.311,0.992,0.979,0.981,-0.939,-0.996,-0.978,0.992,0.447,0.942,-0.997,0.921,-0.969,0.569,-0.935,-0.261,-0.936,-0.95,-0.912,0.73,-0.998,0.964,0.718,0.988,0.985,-0.829,0.83,0.875,-0.885,-0.836,-0.834,-0.837,-0.981,-0.986,-0.555,-0.865,0.966,-0.935,-0.783,-0.998,-0.897,0.983,-0.134,-0.91,0.997,-0.979,-0.958,-0.782,0.936,0.868,-0.973,0.978,-0.989,0.951,0.911,0.945,-0.985,5.2,4.353,10.364,10.309,10.264,10.275,10.272,10.285,5.13,4.492,10.365,10.249,5.435,4.984,10.324,10.311,EssenceCatalog/problems/csplib-prob010-SocialGolfers/params/c3ebc432f1b7cf25b89b4aa1b2a99776.param
-0.967,-0.977,0.955,-0.954,-0.956,0.988,-0.91,0.981,0.96,-0.969,-0.902,0.969,-0.738,0.992,-0.966,-0.714,-0.544,0.903,0.969,0.859,0.948,-0.967,-0.985,-0.836,0.993,-0.15,-0.332,-0.661,-0.949,0.98,0.969,0.696,-0.923,0.935,-0.322,-0.993,0.963,0.997,0.715,-0.885,-0.964,-0.994,0.54,-0.695,0.987,0.965,0.985,-0.95,-0.994,-0.955,0.987,0.691,0.951,-0.997,0.819,-0.951,-0.376,-0.874,-0.551,-0.899,-0.974,-0.945,0.814,-0.998,0.966,0.816,0.98,0.979,-0.78,0.817,0.843,-0.927,-0.877,-0.768,-0.827,-0.975,-0.981,-0.407,-0.744,0.96,-0.803,-0.063,-0.998,-0.929,0.969,-0.475,-0.875,0.996,-0.965,-0.955,-0.771,0.893,0.874,-0.956,0.977,-0.988,0.917,0.889,0.891,-0.987,5.68,4.688,10.321,10.289,10.271,10.245,10.262,10.312,5.484,4.829,10.343,10.269,5.768,5.546,10.3,10.26,EssenceCatalog/problems/csplib-prob010-SocialGolfers/params/f3628bbe60f60b1a0194b1e24a5ecb58.param
-0.995,-0.98,0.988,-0.995,-0.996,0.996,0.992,0.998,0.994,-0.992,-0.99,0.992,-0.973,0.994,-0.858,-0.99,-0.761,0.751,-0.89,-0.992,0.965,-0.995,-0.997,-0.96,0.997,0.995,-0.987,-0.959,-0.989,0.998,-0.993,0.986,-0.974,0.989,0.989,-0.999,0.814,0.998,0.989,-0.981,-0.996,-0.999,0.989,-0.99,0.997,0.922,0.999,-0.986,-0.999,-0.991,0.998,0.981,0.953,-0.999,0.944,-0.995,-0.992,-0.964,-0.973,-0.953,0.973,-0.996,0.98,-1.0,0.987,0.991,0.992,0.984,-0.989,0.977,0.988,-0.967,-0.995,-0.986,-0.993,-0.985,-0.995,-0.975,-0.971,0.978,-0.955,0.993,-1.0,-0.993,0.994,0.991,-0.98,1.0,-0.978,-0.993,-0.991,0.98,0.982,-0.992,0.996,-0.998,0.993,0.983,0.98,-0.997,9.606,5.77,10.431,10.361,10.413,10.445,10.422,10.371,7.49,6.077,10.396,10.369,7.966,7.788,10.419,10.413,EssenceCatalog/problems/csplib-prob010-SocialGolfers/params/137ade9f1e054acaccc1ae3cf4dfeade.param
-0.979,-0.983,0.985,-0.973,-0.975,0.993,-0.813,0.986,0.979,-0.964,-0.772,0.99,-0.945,0.987,-0.949,-0.984,-0.954,0.897,0.675,0.805,0.969,-0.982,-0.99,-0.973,0.99,-0.096,-0.406,-0.768,-0.948,0.99,0.178,0.499,-0.934,0.953,0.479,-0.997,0.965,0.998,0.892,-0.565,-0.96,-0.995,0.804,-0.474,0.996,0.965,0.983,-0.905,-0.997,-0.989,0.994,0.564,0.893,-0.997,0.948,-0.986,0.538,-0.949,0.015,-0.934,-0.002,-0.864,0.669,-0.998,0.952,0.802,0.989,0.978,-0.895,0.876,0.916,-0.807,-0.886,-0.9,-0.946,-0.98,-0.989,-0.772,-0.943,0.944,-0.966,-0.666,-0.998,-0.879,0.987,0.945,-0.94,0.997,-0.976,-0.967,-0.912,0.961,0.894,-0.986,0.981,-0.992,0.98,0.919,0.96,-0.986,6.61,4.679,10.363,10.284,10.204,10.235,10.277,10.293,5.81,4.834,10.293,10.217,6.176,5.658,10.272,10.281,EssenceCatalog/problems/csplib-prob010-SocialGolfers/params/47cb4fd3ee7091e6ed2ab661f19994c3.param
-0.965,-0.98,0.961,-0.953,-0.969,0.989,-0.967,0.981,0.961,-0.97,-0.919,0.981,-0.77,0.993,-0.979,-0.784,-0.761,0.939,0.982,0.948,0.957,-0.971,-0.986,-0.875,0.994,-0.617,0.018,-0.718,-0.946,0.971,0.984,0.637,-0.944,0.946,-0.644,-0.994,0.971,0.998,0.695,-0.898,-0.962,-0.995,0.476,-0.553,0.99,0.974,0.984,-0.956,-0.995,-0.964,0.99,0.55,0.956,-0.997,0.877,-0.955,0.113,-0.912,-0.509,-0.926,-0.984,-0.945,0.812,-0.997,0.966,0.752,0.985,0.983,-0.806,0.821,0.858,-0.931,-0.864,-0.797,-0.817,-0.976,-0.984,-0.459,-0.79,0.968,-0.878,-0.529,-0.998,-0.924,0.974,-0.712,-0.892,0.997,-0.973,-0.958,-0.713,0.916,0.871,-0.959,0.976,-0.989,0.926,0.913,0.928,-0.987,5.184,4.466,10.348,10.31,10.31,10.284,10.288,10.31,5.176,4.606,10.38,10.283,5.472,5.132,10.34,10.311,EssenceCatalog/problems/csplib-prob010-SocialGolfers/params/650f0995b6b8de09ae592de2d0025c96.param
-0.978,0.996,-0.994,-0.967,0.878,0.995,-0.96,0.982,0.985,0.928,0.679,0.991,0.99,-0.25,0.905,-0.972,-0.811,0.93,0.906,0.973,0.769,-0.977,0.911,0.92,0.99,-0.888,-0.665,-0.96,0.993,-0.746,0.885,-0.937,-0.656,0.971,-0.994,-0.996,0.941,0.999,-0.976,-0.771,0.84,-0.996,0.861,-0.909,-0.722,-0.974,0.987,-0.957,-0.991,-0.981,-0.748,0.687,0.975,-0.999,0.866,-0.968,0.774,-0.914,-0.915,-0.981,-0.99,0.899,0.918,-0.996,-0.94,-0.983,0.991,-0.996,-0.767,0.957,-0.662,-0.957,-0.908,-0.933,-0.964,0.963,-0.44,0.598,-0.878,-0.533,-0.875,0.254,-0.999,-0.28,-0.603,0.898,-0.97,0.997,-0.918,0.896,0.946,-0.89,0.957,-0.967,0.984,-0.991,0.964,-0.344,-0.764,0.337,2.427,2.023,2.333,6.661,5.573,4.755,5.725,8.846,2.612,2.103,2.504,6.811,2.918,2.297,2.887,6.754,EssenceCatalog/problems/csplib-prob010-SocialGolfers/params/ord07-15-8-2.param
-0.969,-0.976,0.959,-0.956,-0.953,0.988,-0.909,0.98,0.963,-0.964,-0.858,0.973,-0.782,0.99,-0.96,-0.808,-0.685,0.897,0.95,0.869,0.951,-0.969,-0.985,-0.881,0.992,-0.164,-0.341,-0.641,-0.947,0.982,0.939,0.638,-0.92,0.925,-0.124,-0.994,0.964,0.997,0.728,-0.819,-0.958,-0.994,0.581,-0.623,0.99,0.962,0.984,-0.934,-0.995,-0.964,0.987,0.66,0.942,-0.997,0.85,-0.961,-0.16,-0.882,-0.391,-0.897,-0.938,-0.926,0.766,-0.998,0.959,0.794,0.981,0.976,-0.789,0.827,0.848,-0.894,-0.863,-0.778,-0.84,-0.975,-0.981,-0.435,-0.803,0.954,-0.847,-0.191,-0.998,-0.917,0.975,0.041,-0.875,0.996,-0.968,-0.953,-0.785,0.902,0.866,-0.963,0.977,-0.988,0.932,0.88,0.898,-0.985,5.816,4.654,10.329,10.289,10.241,10.241,10.264,10.317,5.516,4.801,10.325,10.246,5.828,5.525,10.285,10.258,EssenceCatalog/problems/csplib-prob010-SocialGolfers/params/2f7527805b273ffb4b938b3759a29816.param
-0.968,-0.984,0.97,-0.96,-0.983,0.992,-0.986,0.982,0.966,-0.97,-0.918,0.991,-0.85,0.995,-0.986,-0.923,-0.927,0.961,0.986,0.98,0.966,-0.977,-0.987,-0.934,0.996,-0.868,0.513,-0.806,-0.94,0.96,0.984,0.441,-0.961,0.962,-0.822,-0.995,0.977,0.998,0.735,-0.895,-0.958,-0.996,0.512,-0.216,0.993,0.98,0.982,-0.956,-0.996,-0.98,0.994,0.246,0.951,-0.997,0.939,-0.968,0.77,-0.953,-0.363,-0.956,-0.981,-0.931,0.761,-0.998,0.964,0.648,0.991,0.984,-0.855,0.837,0.887,-0.919,-0.852,-0.852,-0.838,-0.978,-0.989,-0.604,-0.867,0.974,-0.947,-0.876,-0.998,-0.906,0.984,-0.629,-0.93,0.998,-0.981,-0.962,-0.703,0.948,0.881,-0.97,0.978,-0.991,0.953,0.934,0.96,-0.987,4.857,4.252,10.344,10.326,10.312,10.332,10.288,10.275,4.957,4.389,10.359,10.273,5.248,4.796,10.329,10.354,EssenceCatalog/problems/csplib-prob010-SocialGolfers/params/2242b799fe1a4d24787ad2a7a3fe39f3.param
-0.971,-0.987,0.981,-0.961,-0.977,0.992,-0.962,0.981,0.967,-0.964,-0.835,0.989,-0.911,0.992,-0.975,-0.956,-0.932,0.936,0.949,0.954,0.965,-0.974,-0.986,-0.959,0.992,-0.711,0.185,-0.74,-0.953,0.981,0.915,0.419,-0.946,0.949,-0.372,-0.995,0.974,0.998,0.814,-0.76,-0.953,-0.995,0.598,-0.226,0.993,0.979,0.98,-0.929,-0.996,-0.983,0.993,0.398,0.927,-0.996,0.935,-0.974,0.694,-0.945,-0.111,-0.938,-0.881,-0.891,0.677,-0.998,0.963,0.728,0.988,0.985,-0.844,0.824,0.878,-0.853,-0.829,-0.855,-0.866,-0.983,-0.987,-0.636,-0.892,0.96,-0.948,-0.843,-0.998,-0.875,0.983,0.368,-0.922,0.997,-0.978,-0.962,-0.834,0.948,0.872,-0.976,0.978,-0.99,0.963,0.912,0.952,-0.985,5.367,4.343,10.367,10.304,10.235,10.258,10.269,10.281,5.188,4.483,10.348,10.229,5.501,5.007,10.309,10.297,EssenceCatalog/problems/csplib-prob010-SocialGolfers/params/c8f2463b00ec38ebed5e2a7eb2047396.param
-0.965,-0.979,0.956,-0.952,-0.949,0.987,-0.911,0.981,0.959,-0.973,-0.929,0.962,-0.736,0.992,-0.967,-0.536,-0.514,0.896,0.965,0.833,0.948,-0.968,-0.988,-0.783,0.993,0.052,-0.562,-0.601,-0.96,0.98,0.972,0.787,-0.929,0.925,-0.069,-0.993,0.962,0.997,0.695,-0.901,-0.971,-0.994,0.521,-0.797,0.989,0.965,0.987,-0.954,-0.994,-0.941,0.987,0.763,0.961,-0.997,0.773,-0.948,-0.69,-0.831,-0.653,-0.878,-0.977,-0.957,0.865,-0.997,0.967,0.858,0.979,0.982,-0.792,0.827,0.867,-0.937,-0.896,-0.755,-0.84,-0.975,-0.984,-0.413,-0.73,0.966,-0.758,0.344,-0.997,-0.952,0.972,-0.626,-0.845,0.997,-0.963,-0.961,-0.772,0.879,0.88,-0.958,0.975,-0.987,0.899,0.898,0.888,-0.987,5.968,4.879,10.351,10.33,10.323,10.295,10.304,10.353,5.699,5.012,10.381,10.322,5.978,5.835,10.337,10.294,EssenceCatalog/problems/csplib-prob010-SocialGolfers/params/65d40324ef7cbbb4bb62479d04485374.param
-0.966,-0.981,0.963,-0.953,-0.964,0.989,-0.969,0.981,0.963,-0.968,-0.902,0.982,-0.787,0.993,-0.977,-0.8,-0.804,0.938,0.976,0.952,0.959,-0.972,-0.987,-0.889,0.994,-0.595,-0.081,-0.684,-0.948,0.973,0.979,0.619,-0.942,0.94,-0.52,-0.994,0.973,0.998,0.681,-0.868,-0.96,-0.995,0.481,-0.544,0.991,0.973,0.983,-0.949,-0.995,-0.966,0.989,0.551,0.955,-0.997,0.882,-0.96,0.12,-0.909,-0.438,-0.922,-0.978,-0.936,0.801,-0.998,0.963,0.748,0.985,0.983,-0.803,0.824,0.858,-0.918,-0.861,-0.796,-0.821,-0.976,-0.985,-0.459,-0.817,0.966,-0.886,-0.502,-0.998,-0.922,0.977,-0.557,-0.882,0.997,-0.974,-0.958,-0.72,0.915,0.871,-0.964,0.976,-0.989,0.93,0.907,0.926,-0.986,5.267,4.481,10.348,10.308,10.294,10.275,10.288,10.311,5.213,4.618,10.372,10.274,5.516,5.159,10.332,10.301,EssenceCatalog/problems/csplib-prob010-SocialGolfers/params/d7abd9f720288ca39679f8253345a29f.param
-0.969,-0.983,0.971,-0.959,-0.975,0.991,-0.97,0.982,0.966,-0.965,-0.877,0.988,-0.85,0.993,-0.978,-0.918,-0.888,0.943,0.973,0.96,0.961,-0.974,-0.985,-0.934,0.994,-0.733,0.252,-0.763,-0.944,0.973,0.965,0.474,-0.948,0.949,-0.628,-0.995,0.974,0.998,0.755,-0.839,-0.954,-0.995,0.564,-0.325,0.992,0.976,0.982,-0.943,-0.996,-0.978,0.992,0.425,0.941,-0.997,0.922,-0.967,0.607,-0.938,-0.303,-0.94,-0.957,-0.918,0.73,-0.998,0.962,0.691,0.988,0.983,-0.832,0.836,0.869,-0.894,-0.842,-0.837,-0.841,-0.979,-0.985,-0.541,-0.858,0.965,-0.931,-0.788,-0.998,-0.897,0.981,-0.206,-0.917,0.997,-0.978,-0.957,-0.765,0.937,0.868,-0.97,0.979,-0.99,0.951,0.912,0.944,-0.986,5.139,4.334,10.348,10.311,10.277,10.285,10.275,10.288,5.1,4.475,10.35,10.255,5.4,4.958,10.315,10.318,EssenceCatalog/problems/csplib-prob010-SocialGolfers/params/a2a2350b9decac3c2d57f3aea58e400b.param
-0.966,-0.979,0.956,-0.955,-0.949,0.987,-0.868,0.981,0.958,-0.975,-0.938,0.956,-0.731,0.992,-0.964,-0.472,-0.407,0.88,0.959,0.749,0.946,-0.968,-0.989,-0.75,0.993,0.284,-0.662,-0.59,-0.963,0.983,0.967,0.826,-0.926,0.925,0.088,-0.993,0.958,0.997,0.717,-0.914,-0.974,-0.994,0.558,-0.847,0.988,0.962,0.988,-0.957,-0.993,-0.935,0.987,0.806,0.962,-0.997,0.738,-0.947,-0.804,-0.81,-0.715,-0.867,-0.975,-0.963,0.882,-0.997,0.969,0.886,0.978,0.982,-0.798,0.831,0.872,-0.944,-0.91,-0.757,-0.853,-0.976,-0.984,-0.429,-0.711,0.966,-0.708,0.55,-0.997,-0.959,0.971,-0.603,-0.845,0.997,-0.959,-0.964,-0.797,0.875,0.888,-0.958,0.976,-0.987,0.894,0.899,0.879,-0.988,6.211,4.991,10.347,10.338,10.338,10.312,10.315,10.367,5.854,5.13,10.378,10.331,6.13,6.044,10.336,10.296,EssenceCatalog/problems/csplib-prob010-SocialGolfers/params/ded5859998a52579eda29f00629c3e24.param
-0.965,-0.98,0.961,-0.953,-0.964,0.988,-0.955,0.981,0.96,-0.969,-0.91,0.977,-0.769,0.993,-0.975,-0.761,-0.713,0.928,0.977,0.929,0.955,-0.97,-0.986,-0.869,0.994,-0.491,-0.116,-0.691,-0.949,0.975,0.979,0.656,-0.937,0.94,-0.522,-0.993,0.969,0.998,0.7,-0.887,-0.962,-0.994,0.492,-0.597,0.989,0.972,0.984,-0.952,-0.995,-0.962,0.989,0.603,0.954,-0.997,0.86,-0.954,-0.056,-0.899,-0.508,-0.915,-0.98,-0.944,0.809,-0.997,0.966,0.775,0.983,0.983,-0.795,0.819,0.853,-0.926,-0.865,-0.785,-0.818,-0.976,-0.983,-0.438,-0.778,0.965,-0.859,-0.397,-0.998,-0.925,0.973,-0.622,-0.883,0.997,-0.971,-0.957,-0.737,0.909,0.869,-0.959,0.976,-0.989,0.923,0.904,0.918,-0.987,5.338,4.532,10.344,10.302,10.295,10.264,10.281,10.312,5.267,4.673,10.375,10.276,5.563,5.251,10.333,10.291,EssenceCatalog/problems/csplib-prob010-SocialGolfers/params/496fc489516555b38c8e5a230b4a4dfc.param
-0.976,-0.974,0.969,-0.971,-0.962,0.988,-0.039,0.985,0.964,-0.978,-0.91,0.947,-0.84,0.991,-0.932,-0.786,-0.208,0.702,0.824,-0.2,0.939,-0.969,-0.99,-0.83,0.991,0.839,-0.774,-0.65,-0.966,0.993,0.541,0.856,-0.909,0.927,0.668,-0.993,0.923,0.997,0.864,-0.877,-0.978,-0.993,0.791,-0.879,0.989,0.949,0.991,-0.945,-0.995,-0.957,0.99,0.879,0.928,-0.997,0.698,-0.967,-0.854,-0.823,-0.694,-0.86,-0.675,-0.968,0.834,-0.998,0.975,0.94,0.975,0.974,-0.842,0.849,0.905,-0.91,-0.937,-0.803,-0.915,-0.978,-0.984,-0.627,-0.77,0.956,-0.704,0.773,-0.998,-0.962,0.977,0.604,-0.894,0.996,-0.955,-0.966,-0.912,0.9,0.903,-0.963,0.981,-0.99,0.941,0.896,0.88,-0.991,7.624,5.282,10.276,10.254,10.215,10.244,10.262,10.31,6.509,5.51,10.293,10.19,6.879,6.838,10.246,10.19,EssenceCatalog/problems/csplib-prob010-SocialGolfers/params/52c59e20759f6f7dd170b0d900390e7f.param
-0.968,-0.981,0.961,-0.957,-0.948,0.987,-0.803,0.982,0.959,-0.976,-0.941,0.952,-0.766,0.992,-0.96,-0.448,-0.343,0.854,0.945,0.616,0.944,-0.968,-0.99,-0.74,0.993,0.478,-0.733,-0.579,-0.97,0.987,0.95,0.854,-0.926,0.922,0.31,-0.993,0.954,0.997,0.756,-0.916,-0.977,-0.994,0.601,-0.877,0.989,0.963,0.989,-0.957,-0.993,-0.932,0.987,0.847,0.961,-0.997,0.706,-0.949,-0.872,-0.788,-0.744,-0.856,-0.965,-0.966,0.889,-0.998,0.973,0.913,0.978,0.983,-0.809,0.838,0.886,-0.944,-0.919,-0.764,-0.864,-0.978,-0.984,-0.457,-0.705,0.967,-0.683,0.693,-0.998,-0.965,0.974,-0.497,-0.845,0.997,-0.959,-0.966,-0.836,0.872,0.895,-0.961,0.976,-0.987,0.894,0.898,0.874,-0.989,6.497,5.097,10.364,10.352,10.344,10.328,10.327,10.379,6.019,5.246,10.394,10.336,6.301,6.251,10.35,10.301,EssenceCatalog/problems/csplib-prob010-SocialGolfers/params/2063c398a435673b379ac890bb0d4497.param
-0.986,0.993,-0.986,-0.953,0.733,0.977,-0.184,0.98,0.954,0.632,0.709,0.979,0.993,-0.267,0.936,-0.966,0.577,0.866,0.41,0.692,0.707,-0.972,0.92,0.711,0.96,-0.182,-0.955,-0.848,0.994,0.785,0.774,-0.57,0.573,0.972,-0.95,-0.995,0.924,0.997,-0.895,-0.776,0.71,-0.994,0.842,-0.958,-0.751,-0.989,0.986,-0.964,-0.985,-0.965,-0.787,0.778,0.961,-0.998,0.84,-0.946,-0.243,-0.944,-0.832,-0.965,-0.973,0.78,0.891,-0.996,-0.762,-0.917,0.95,-0.997,-0.473,0.848,-0.953,-0.961,-0.922,-0.897,-0.968,0.879,0.005,0.442,-0.753,-0.926,0.18,0.394,-0.998,0.314,-0.841,0.967,-0.933,0.992,-0.648,0.601,0.83,-0.727,0.951,-0.795,0.977,-0.984,0.952,-0.542,-0.854,0.131,2.685,2.012,2.116,5.687,4.842,4.049,4.983,8.109,2.677,2.112,2.28,5.783,2.917,2.585,2.723,5.78,EssenceCatalog/problems/csplib-prob010-SocialGolfers/params/364811af5cc2d6aecb3c72f28b4c4c5e.param
-0.968,-0.981,0.96,-0.957,-0.947,0.988,-0.806,0.982,0.96,-0.976,-0.944,0.952,-0.759,0.992,-0.96,-0.423,-0.331,0.855,0.947,0.611,0.943,-0.969,-0.99,-0.723,0.993,0.489,-0.745,-0.585,-0.97,0.987,0.953,0.859,-0.928,0.924,0.308,-0.993,0.953,0.997,0.755,-0.922,-0.978,-0.994,0.6,-0.887,0.988,0.962,0.99,-0.959,-0.993,-0.929,0.987,0.857,0.963,-0.998,0.701,-0.948,-0.888,-0.784,-0.76,-0.856,-0.968,-0.967,0.896,-0.998,0.973,0.916,0.978,0.983,-0.813,0.842,0.89,-0.948,-0.922,-0.769,-0.868,-0.978,-0.985,-0.455,-0.701,0.968,-0.674,0.719,-0.998,-0.966,0.974,-0.537,-0.846,0.997,-0.959,-0.966,-0.837,0.868,0.898,-0.963,0.977,-0.987,0.891,0.898,0.873,-0.989,6.5,5.109,10.364,10.355,10.35,10.331,10.33,10.384,6.028,5.256,10.397,10.343,6.306,6.266,10.353,10.306,EssenceCatalog/problems/csplib-prob010-SocialGolfers/params/132b46ee9e38545e0d8b67765a08af80.param
-0.968,-0.979,0.965,-0.956,-0.958,0.988,-0.921,0.98,0.963,-0.963,-0.852,0.976,-0.816,0.99,-0.964,-0.842,-0.744,0.902,0.95,0.888,0.953,-0.969,-0.985,-0.9,0.992,-0.284,-0.243,-0.661,-0.95,0.982,0.935,0.603,-0.926,0.928,-0.168,-0.994,0.967,0.997,0.743,-0.807,-0.957,-0.994,0.579,-0.563,0.99,0.967,0.983,-0.931,-0.995,-0.968,0.988,0.632,0.939,-0.997,0.867,-0.962,-0.003,-0.894,-0.345,-0.903,-0.931,-0.922,0.745,-0.998,0.962,0.787,0.982,0.979,-0.795,0.827,0.855,-0.885,-0.856,-0.789,-0.838,-0.977,-0.982,-0.464,-0.817,0.956,-0.872,-0.353,-0.998,-0.91,0.977,0.073,-0.882,0.996,-0.97,-0.954,-0.793,0.91,0.864,-0.965,0.977,-0.988,0.936,0.884,0.909,-0.985,5.713,4.591,10.344,10.293,10.239,10.241,10.265,10.31,5.442,4.735,10.341,10.244,5.755,5.413,10.297,10.265,EssenceCatalog/problems/csplib-prob010-SocialGolfers/params/edfd9f9baabea882326420d872ffdc2b.param
-0.97,-0.979,0.967,-0.96,-0.975,0.991,-0.958,0.981,0.966,-0.967,-0.876,0.985,-0.829,0.993,-0.976,-0.912,-0.849,0.936,0.973,0.947,0.958,-0.972,-0.985,-0.926,0.993,-0.657,0.219,-0.763,-0.939,0.974,0.961,0.486,-0.942,0.949,-0.618,-0.995,0.971,0.998,0.767,-0.841,-0.955,-0.995,0.583,-0.365,0.991,0.973,0.982,-0.943,-0.996,-0.977,0.992,0.434,0.938,-0.997,0.914,-0.965,0.551,-0.934,-0.314,-0.937,-0.956,-0.924,0.724,-0.998,0.961,0.698,0.986,0.98,-0.823,0.834,0.861,-0.896,-0.848,-0.829,-0.842,-0.978,-0.984,-0.53,-0.847,0.962,-0.919,-0.747,-0.998,-0.895,0.979,-0.147,-0.917,0.997,-0.975,-0.957,-0.77,0.936,0.866,-0.966,0.979,-0.99,0.949,0.908,0.938,-0.987,5.194,4.353,10.334,10.302,10.271,10.275,10.271,10.287,5.129,4.496,10.333,10.249,5.428,5.003,10.301,10.305,EssenceCatalog/problems/csplib-prob010-SocialGolfers/params/e4d3005a91c7822d66df325b35dc10e2.param
-0.991,0.997,-0.992,-0.993,-0.983,0.985,-0.973,0.986,0.991,-0.972,-0.99,0.985,0.994,0.995,-0.935,-0.97,-0.891,0.989,0.988,0.971,0.966,-0.991,-0.984,0.737,0.997,0.879,-0.622,-0.938,0.995,-0.95,0.872,0.471,-0.944,0.986,-0.987,-0.999,0.513,0.999,-0.75,-0.922,-0.985,-0.997,0.962,-0.968,0.994,-0.994,0.993,-0.977,-0.998,-0.99,0.997,-0.894,0.981,-0.999,0.973,-0.975,0.865,-0.968,-0.931,-0.984,-0.99,-0.977,0.961,-0.998,-0.972,-0.956,0.987,-0.995,-0.97,0.975,0.853,-0.963,-0.988,-0.935,-0.984,0.994,-0.993,-0.815,-0.975,0.823,-0.852,0.951,-0.998,-0.99,0.964,0.809,-0.949,0.999,-0.923,-0.98,0.942,0.96,0.947,-0.923,0.986,-0.996,0.984,0.976,0.92,-0.995,4.276,3.522,4.884,10.278,10.537,10.415,10.587,10.798,4.241,3.738,4.932,10.172,4.809,4.426,5.972,10.178,EssenceCatalog/problems/csplib-prob010-SocialGolfers/params/c786e03fc153c2ca34ba720f073ea2e0.param
-0.966,-0.983,0.969,-0.958,-0.985,0.991,-0.986,0.981,0.964,-0.975,-0.938,0.99,-0.838,0.995,-0.988,-0.898,-0.914,0.963,0.989,0.98,0.966,-0.975,-0.988,-0.922,0.996,-0.867,0.531,-0.801,-0.94,0.955,0.989,0.505,-0.962,0.965,-0.858,-0.994,0.975,0.998,0.73,-0.918,-0.963,-0.996,0.466,-0.254,0.993,0.98,0.981,-0.96,-0.996,-0.977,0.994,0.211,0.956,-0.997,0.934,-0.964,0.737,-0.952,-0.431,-0.956,-0.987,-0.945,0.783,-0.998,0.966,0.669,0.99,0.985,-0.854,0.819,0.887,-0.931,-0.859,-0.84,-0.827,-0.977,-0.99,-0.619,-0.852,0.976,-0.939,-0.861,-0.998,-0.914,0.983,-0.791,-0.928,0.998,-0.979,-0.964,-0.672,0.95,0.88,-0.965,0.976,-0.991,0.947,0.942,0.963,-0.989,4.814,4.26,10.346,10.33,10.33,10.348,10.298,10.276,4.942,4.398,10.368,10.282,5.235,4.8,10.338,10.36,EssenceCatalog/problems/csplib-prob010-SocialGolfers/params/715971b88a447d3ff6b37145dd7f3a1a.param
-0.968,-0.98,0.967,-0.957,-0.963,0.989,-0.935,0.981,0.965,-0.961,-0.85,0.98,-0.832,0.991,-0.968,-0.877,-0.796,0.911,0.955,0.911,0.954,-0.971,-0.984,-0.911,0.992,-0.429,-0.097,-0.699,-0.949,0.98,0.937,0.551,-0.933,0.933,-0.302,-0.994,0.968,0.998,0.752,-0.806,-0.954,-0.994,0.586,-0.491,0.99,0.97,0.982,-0.933,-0.995,-0.972,0.989,0.595,0.938,-0.997,0.885,-0.964,0.195,-0.907,-0.316,-0.915,-0.93,-0.917,0.727,-0.998,0.962,0.762,0.984,0.981,-0.806,0.835,0.861,-0.884,-0.848,-0.805,-0.839,-0.978,-0.982,-0.478,-0.83,0.958,-0.896,-0.518,-0.998,-0.903,0.978,0.059,-0.895,0.996,-0.973,-0.953,-0.796,0.916,0.864,-0.968,0.978,-0.989,0.942,0.889,0.919,-0.985,5.542,4.502,10.347,10.297,10.243,10.24,10.265,10.303,5.331,4.645,10.344,10.244,5.639,5.259,10.302,10.275,EssenceCatalog/problems/csplib-prob010-SocialGolfers/params/313c52c2a95e19b76bc6680cb6810d01.param
-0.964,-0.979,0.958,-0.951,-0.96,0.988,-0.953,0.98,0.96,-0.97,-0.92,0.974,-0.744,0.993,-0.975,-0.687,-0.676,0.924,0.976,0.92,0.954,-0.969,-0.987,-0.84,0.994,-0.378,-0.265,-0.658,-0.951,0.974,0.98,0.706,-0.937,0.935,-0.429,-0.993,0.968,0.998,0.677,-0.891,-0.965,-0.994,0.483,-0.671,0.99,0.969,0.984,-0.953,-0.994,-0.955,0.988,0.647,0.958,-0.997,0.837,-0.952,-0.286,-0.879,-0.554,-0.905,-0.981,-0.949,0.835,-0.997,0.964,0.793,0.983,0.982,-0.796,0.825,0.86,-0.931,-0.877,-0.774,-0.822,-0.975,-0.984,-0.423,-0.769,0.966,-0.837,-0.185,-0.998,-0.937,0.973,-0.674,-0.868,0.997,-0.969,-0.959,-0.726,0.9,0.872,-0.958,0.976,-0.988,0.914,0.905,0.912,-0.987,5.481,4.629,10.349,10.314,10.311,10.277,10.293,10.33,5.375,4.765,10.382,10.298,5.668,5.403,10.34,10.297,EssenceCatalog/problems/csplib-prob010-SocialGolfers/params/766d162388edb0f009503f5f839fb5e2.param
-0.966,-0.977,0.953,-0.951,-0.953,0.988,-0.947,0.98,0.963,-0.968,-0.908,0.973,-0.736,0.992,-0.97,-0.682,-0.672,0.917,0.97,0.904,0.953,-0.971,-0.987,-0.831,0.994,-0.244,-0.376,-0.637,-0.948,0.974,0.972,0.706,-0.935,0.929,-0.279,-0.994,0.965,0.998,0.671,-0.876,-0.967,-0.994,0.509,-0.706,0.99,0.964,0.985,-0.948,-0.994,-0.955,0.988,0.68,0.959,-0.997,0.831,-0.954,-0.38,-0.867,-0.524,-0.9,-0.976,-0.945,0.83,-0.998,0.961,0.795,0.982,0.979,-0.801,0.835,0.868,-0.926,-0.882,-0.774,-0.829,-0.972,-0.984,-0.413,-0.785,0.965,-0.834,-0.009,-0.998,-0.941,0.976,-0.547,-0.859,0.997,-0.969,-0.957,-0.735,0.892,0.874,-0.963,0.976,-0.988,0.916,0.896,0.902,-0.986,5.656,4.699,10.351,10.327,10.31,10.284,10.302,10.347,5.483,4.834,10.374,10.309,5.774,5.53,10.335,10.302,EssenceCatalog/problems/csplib-prob010-SocialGolfers/params/f33849f47d88d13302df40fba7ccf25c.param
-0.972,-0.989,0.988,-0.968,-0.96,0.99,-0.554,0.985,0.967,-0.966,-0.802,0.977,-0.946,0.987,-0.956,-0.912,-0.795,0.796,0.713,0.429,0.955,-0.973,-0.991,-0.943,0.99,0.462,-0.667,-0.654,-0.978,0.995,0.371,0.724,-0.919,0.924,0.718,-0.994,0.956,0.997,0.88,-0.717,-0.968,-0.993,0.748,-0.702,0.993,0.979,0.986,-0.911,-0.995,-0.974,0.991,0.828,0.906,-0.996,0.835,-0.979,-0.53,-0.885,-0.255,-0.885,-0.282,-0.924,0.736,-0.998,0.98,0.926,0.983,0.988,-0.843,0.848,0.921,-0.846,-0.894,-0.832,-0.911,-0.986,-0.987,-0.688,-0.866,0.958,-0.881,0.132,-0.998,-0.929,0.984,0.809,-0.899,0.996,-0.97,-0.962,-0.926,0.924,0.883,-0.977,0.978,-0.988,0.958,0.897,0.924,-0.988,7.294,5.092,10.437,10.339,10.263,10.301,10.336,10.366,6.285,5.269,10.408,10.278,6.669,6.374,10.356,10.301,EssenceCatalog/problems/csplib-prob010-SocialGolfers/params/e73b3e21fe40cf7fd90823387bf77aee.param
-0.968,-0.978,0.962,-0.955,-0.947,0.988,-0.889,0.98,0.963,-0.962,-0.849,0.971,-0.803,0.989,-0.957,-0.79,-0.664,0.883,0.939,0.833,0.949,-0.969,-0.985,-0.877,0.992,-0.05,-0.421,-0.63,-0.954,0.984,0.923,0.647,-0.918,0.921,0.033,-0.993,0.963,0.997,0.741,-0.816,-0.959,-0.994,0.587,-0.66,0.989,0.963,0.984,-0.93,-0.994,-0.961,0.986,0.718,0.943,-0.997,0.834,-0.961,-0.325,-0.871,-0.389,-0.891,-0.926,-0.923,0.766,-0.998,0.963,0.826,0.98,0.978,-0.786,0.83,0.861,-0.893,-0.865,-0.775,-0.837,-0.977,-0.981,-0.434,-0.796,0.956,-0.838,-0.044,-0.998,-0.921,0.976,0.1,-0.869,0.996,-0.968,-0.951,-0.81,0.892,0.869,-0.966,0.977,-0.987,0.93,0.874,0.89,-0.984,6.015,4.741,10.349,10.299,10.242,10.247,10.27,10.329,5.637,4.889,10.345,10.255,5.954,5.677,10.301,10.263,EssenceCatalog/problems/csplib-prob010-SocialGolfers/params/8b682d565b419740fb92084ea8959295.param
-0.985,0.999,-0.998,-0.993,-0.97,0.983,-0.981,0.985,0.986,-0.913,-0.986,0.988,0.996,0.988,-0.748,-0.981,-0.952,0.988,0.986,0.986,0.965,-0.992,-0.938,0.898,0.994,0.706,-0.481,-0.965,0.998,-0.99,0.906,-0.448,-0.917,0.988,-0.995,-0.998,0.318,0.999,-0.962,-0.883,-0.967,-0.997,0.968,-0.962,0.99,-0.998,0.992,-0.976,-0.998,-0.991,0.993,-0.96,0.977,-0.999,0.978,-0.976,0.972,-0.977,-0.94,-0.991,-0.992,-0.936,0.962,-0.998,-0.992,-0.989,0.987,-0.999,-0.968,0.974,0.39,-0.961,-0.988,-0.922,-0.983,0.998,-0.987,-0.865,-0.982,0.565,-0.876,0.913,-0.998,-0.974,0.852,0.898,-0.964,0.999,-0.906,-0.953,0.983,0.93,0.956,-0.873,0.985,-0.996,0.985,0.973,0.869,-0.987,3.954,3.29,4.484,10.032,10.233,10.114,10.326,10.59,3.947,3.484,4.53,9.913,4.565,4.128,5.556,9.915,EssenceCatalog/problems/csplib-prob010-SocialGolfers/params/31cd1cb98198d673d078f0cbaf3245d2.param
-0.97,-0.982,0.963,-0.96,-0.952,0.988,-0.722,0.983,0.959,-0.979,-0.951,0.947,-0.775,0.992,-0.959,-0.412,-0.267,0.839,0.936,0.471,0.944,-0.969,-0.991,-0.715,0.993,0.623,-0.792,-0.589,-0.973,0.989,0.938,0.883,-0.927,0.926,0.431,-0.993,0.948,0.997,0.78,-0.929,-0.98,-0.994,0.641,-0.908,0.989,0.961,0.991,-0.961,-0.993,-0.928,0.988,0.874,0.962,-0.998,0.681,-0.95,-0.918,-0.773,-0.799,-0.85,-0.96,-0.972,0.904,-0.998,0.975,0.93,0.978,0.983,-0.824,0.847,0.897,-0.95,-0.932,-0.776,-0.88,-0.979,-0.985,-0.492,-0.703,0.968,-0.646,0.794,-0.998,-0.971,0.974,-0.466,-0.851,0.997,-0.957,-0.969,-0.855,0.876,0.903,-0.962,0.977,-0.987,0.894,0.905,0.873,-0.99,6.704,5.181,10.371,10.364,10.358,10.346,10.342,10.394,6.143,5.337,10.405,10.346,6.427,6.415,10.361,10.308,EssenceCatalog/problems/csplib-prob010-SocialGolfers/params/4bd7f58f1259c39c88d3e10e543bfcd3.param
-0.967,-0.98,0.958,-0.954,-0.946,0.987,-0.867,0.981,0.959,-0.973,-0.931,0.957,-0.742,0.992,-0.962,-0.497,-0.414,0.877,0.957,0.747,0.945,-0.968,-0.988,-0.759,0.993,0.266,-0.656,-0.591,-0.964,0.984,0.963,0.816,-0.925,0.924,0.109,-0.993,0.959,0.997,0.718,-0.908,-0.973,-0.994,0.559,-0.84,0.988,0.963,0.988,-0.955,-0.993,-0.937,0.986,0.812,0.961,-0.997,0.739,-0.948,-0.797,-0.811,-0.696,-0.867,-0.973,-0.959,0.877,-0.997,0.97,0.886,0.979,0.982,-0.795,0.832,0.871,-0.941,-0.906,-0.759,-0.85,-0.977,-0.983,-0.418,-0.712,0.965,-0.719,0.524,-0.997,-0.957,0.971,-0.562,-0.845,0.997,-0.961,-0.962,-0.805,0.869,0.888,-0.96,0.976,-0.987,0.896,0.893,0.876,-0.988,6.219,4.984,10.348,10.333,10.326,10.302,10.307,10.361,5.852,5.124,10.378,10.322,6.13,6.035,10.334,10.29,EssenceCatalog/problems/csplib-prob010-SocialGolfers/params/b54f500367539be59cd21d120e5589db.param
-0.969,-0.975,0.956,-0.956,-0.957,0.988,-0.912,0.981,0.962,-0.965,-0.873,0.973,-0.763,0.991,-0.963,-0.801,-0.639,0.903,0.963,0.875,0.95,-0.968,-0.984,-0.871,0.992,-0.232,-0.243,-0.68,-0.944,0.98,0.956,0.624,-0.923,0.933,-0.318,-0.993,0.964,0.998,0.727,-0.852,-0.958,-0.994,0.57,-0.619,0.988,0.963,0.984,-0.941,-0.995,-0.963,0.987,0.651,0.945,-0.997,0.85,-0.957,-0.125,-0.889,-0.441,-0.905,-0.958,-0.931,0.769,-0.998,0.962,0.786,0.981,0.976,-0.787,0.825,0.841,-0.908,-0.864,-0.779,-0.829,-0.975,-0.98,-0.424,-0.779,0.956,-0.84,-0.254,-0.998,-0.915,0.972,-0.179,-0.886,0.996,-0.968,-0.952,-0.775,0.9,0.869,-0.96,0.978,-0.989,0.93,0.882,0.897,-0.986,5.637,4.603,10.312,10.278,10.244,10.23,10.252,10.301,5.422,4.748,10.32,10.242,5.717,5.428,10.278,10.252,EssenceCatalog/problems/csplib-prob010-SocialGolfers/params/d189b903af3512db2d1bcdc9ed3f3870.param
-0.966,-0.982,0.968,-0.959,-0.985,0.991,-0.986,0.981,0.965,-0.976,-0.939,0.99,-0.829,0.995,-0.988,-0.9,-0.912,0.964,0.989,0.979,0.966,-0.976,-0.989,-0.923,0.996,-0.857,0.517,-0.8,-0.937,0.954,0.988,0.514,-0.962,0.965,-0.858,-0.994,0.975,0.998,0.738,-0.918,-0.965,-0.996,0.478,-0.269,0.993,0.979,0.982,-0.96,-0.996,-0.977,0.994,0.197,0.955,-0.997,0.933,-0.964,0.735,-0.952,-0.425,-0.956,-0.987,-0.946,0.783,-0.998,0.964,0.664,0.99,0.984,-0.857,0.819,0.887,-0.93,-0.862,-0.842,-0.832,-0.976,-0.99,-0.618,-0.854,0.976,-0.937,-0.855,-0.998,-0.916,0.983,-0.776,-0.928,0.998,-0.978,-0.965,-0.668,0.953,0.878,-0.964,0.976,-0.991,0.949,0.943,0.963,-0.989,4.825,4.265,10.346,10.334,10.336,10.355,10.305,10.282,4.949,4.402,10.366,10.287,5.242,4.809,10.339,10.364,EssenceCatalog/problems/csplib-prob010-SocialGolfers/params/27bec11dc8f7019638bb8eaf6b1a59ac.param
-0.966,-0.983,0.968,-0.958,-0.984,0.991,-0.987,0.981,0.965,-0.973,-0.934,0.991,-0.837,0.995,-0.988,-0.905,-0.92,0.963,0.989,0.982,0.965,-0.976,-0.988,-0.922,0.996,-0.877,0.55,-0.813,-0.938,0.953,0.988,0.472,-0.963,0.964,-0.861,-0.994,0.976,0.998,0.713,-0.913,-0.961,-0.996,0.481,-0.236,0.993,0.98,0.982,-0.959,-0.996,-0.978,0.994,0.217,0.956,-0.997,0.936,-0.966,0.762,-0.953,-0.427,-0.957,-0.987,-0.942,0.778,-0.998,0.965,0.65,0.99,0.984,-0.855,0.831,0.887,-0.93,-0.859,-0.846,-0.83,-0.976,-0.989,-0.613,-0.858,0.976,-0.944,-0.869,-0.998,-0.911,0.983,-0.771,-0.93,0.998,-0.98,-0.963,-0.666,0.948,0.882,-0.967,0.976,-0.991,0.948,0.94,0.963,-0.988,4.8,4.248,10.337,10.326,10.323,10.342,10.291,10.272,4.933,4.385,10.357,10.277,5.223,4.783,10.328,10.358,EssenceCatalog/problems/csplib-prob010-SocialGolfers/params/fb41f07f0a66d5e6444d0bda8b4ca8f4.param
-0.965,-0.98,0.96,-0.952,-0.955,0.987,-0.923,0.98,0.959,-0.971,-0.916,0.967,-0.756,0.992,-0.97,-0.644,-0.581,0.904,0.968,0.868,0.95,-0.967,-0.987,-0.826,0.993,-0.142,-0.406,-0.631,-0.957,0.98,0.972,0.737,-0.929,0.929,-0.229,-0.993,0.964,0.997,0.701,-0.889,-0.967,-0.994,0.513,-0.722,0.989,0.968,0.985,-0.95,-0.994,-0.95,0.987,0.711,0.956,-0.997,0.806,-0.95,-0.489,-0.86,-0.58,-0.89,-0.976,-0.951,0.835,-0.997,0.968,0.833,0.98,0.983,-0.785,0.82,0.857,-0.929,-0.881,-0.761,-0.827,-0.976,-0.983,-0.418,-0.745,0.964,-0.8,0.041,-0.997,-0.94,0.972,-0.58,-0.86,0.996,-0.965,-0.959,-0.768,0.891,0.873,-0.957,0.975,-0.987,0.909,0.897,0.897,-0.987,5.739,4.744,10.353,10.313,10.296,10.269,10.283,10.331,5.537,4.881,10.379,10.298,5.824,5.616,10.335,10.282,EssenceCatalog/problems/csplib-prob010-SocialGolfers/params/ebcf497d0a2f3f8b77fbee106806c39e.param
-0.967,-0.979,0.955,-0.955,-0.951,0.987,-0.864,0.982,0.958,-0.975,-0.937,0.957,-0.725,0.992,-0.965,-0.506,-0.384,0.881,0.963,0.749,0.946,-0.967,-0.988,-0.751,0.993,0.246,-0.622,-0.612,-0.961,0.983,0.968,0.815,-0.925,0.93,-0.008,-0.992,0.958,0.997,0.72,-0.918,-0.974,-0.994,0.559,-0.838,0.988,0.963,0.988,-0.958,-0.994,-0.937,0.987,0.799,0.961,-0.998,0.743,-0.946,-0.78,-0.821,-0.715,-0.875,-0.977,-0.963,0.878,-0.997,0.97,0.882,0.979,0.981,-0.794,0.829,0.866,-0.945,-0.909,-0.759,-0.85,-0.976,-0.983,-0.423,-0.703,0.965,-0.712,0.49,-0.998,-0.956,0.97,-0.622,-0.855,0.997,-0.959,-0.963,-0.795,0.876,0.888,-0.957,0.976,-0.987,0.897,0.899,0.878,-0.988,6.143,4.959,10.342,10.333,10.334,10.304,10.31,10.363,5.811,5.099,10.374,10.327,6.084,5.994,10.332,10.292,EssenceCatalog/problems/csplib-prob010-SocialGolfers/params/070066d5235172152fb653030e1d73e7.param
-0.974,-0.98,0.97,-0.966,-0.953,0.988,-0.37,0.985,0.962,-0.978,-0.928,0.945,-0.834,0.991,-0.943,-0.607,-0.206,0.757,0.871,0.03,0.941,-0.97,-0.991,-0.773,0.992,0.795,-0.82,-0.611,-0.975,0.993,0.792,0.877,-0.919,0.921,0.656,-0.993,0.94,0.997,0.832,-0.906,-0.98,-0.994,0.736,-0.909,0.989,0.957,0.992,-0.953,-0.994,-0.942,0.988,0.901,0.95,-0.998,0.668,-0.961,-0.919,-0.78,-0.762,-0.849,-0.864,-0.969,0.879,-0.998,0.977,0.945,0.978,0.981,-0.829,0.853,0.905,-0.933,-0.936,-0.79,-0.9,-0.981,-0.984,-0.553,-0.737,0.965,-0.657,0.835,-0.998,-0.969,0.977,0.207,-0.876,0.997,-0.958,-0.966,-0.899,0.879,0.907,-0.967,0.98,-0.989,0.918,0.896,0.867,-0.991,7.294,5.279,10.343,10.323,10.29,10.308,10.314,10.37,6.403,5.478,10.365,10.277,6.736,6.723,10.318,10.256,EssenceCatalog/problems/csplib-prob010-SocialGolfers/params/4e9f553f3f919e1e0a555200ccc2a810.param
-0.995,-0.986,0.991,-0.995,-0.996,0.996,0.99,0.998,0.995,-0.992,-0.99,0.994,-0.979,0.993,-0.856,-0.99,-0.85,0.814,-0.924,-0.989,0.97,-0.995,-0.997,-0.971,0.997,0.994,-0.989,-0.964,-0.991,0.998,-0.993,0.985,-0.976,0.99,0.992,-0.999,0.875,0.998,0.989,-0.978,-0.996,-0.999,0.99,-0.99,0.998,0.941,0.999,-0.986,-0.999,-0.992,0.999,0.978,0.96,-0.999,0.962,-0.996,-0.99,-0.97,-0.969,-0.959,0.978,-0.996,0.982,-1.0,0.989,0.99,0.993,0.987,-0.99,0.979,0.988,-0.964,-0.996,-0.988,-0.993,-0.987,-0.996,-0.981,-0.976,0.978,-0.969,0.992,-1.0,-0.993,0.995,0.992,-0.979,1.0,-0.98,-0.993,-0.991,0.982,0.982,-0.993,0.996,-0.998,0.993,0.985,0.984,-0.997,9.631,5.787,10.477,10.4,10.451,10.486,10.462,10.413,7.51,6.094,10.436,10.412,7.993,7.8,10.46,10.454,EssenceCatalog/problems/csplib-prob010-SocialGolfers/params/85c3dd46a9ddc5434f003e95dc7543be.param
-0.965,-0.978,0.954,-0.952,-0.955,0.987,-0.931,0.981,0.959,-0.972,-0.925,0.968,-0.718,0.992,-0.97,-0.612,-0.561,0.911,0.972,0.878,0.951,-0.969,-0.987,-0.803,0.994,-0.143,-0.431,-0.635,-0.952,0.977,0.978,0.749,-0.93,0.932,-0.294,-0.993,0.964,0.997,0.68,-0.901,-0.968,-0.994,0.506,-0.747,0.989,0.965,0.986,-0.955,-0.994,-0.948,0.987,0.71,0.959,-0.997,0.806,-0.949,-0.526,-0.859,-0.619,-0.893,-0.981,-0.954,0.852,-0.997,0.965,0.826,0.981,0.981,-0.789,0.824,0.855,-0.937,-0.888,-0.763,-0.832,-0.974,-0.983,-0.406,-0.739,0.964,-0.787,0.098,-0.998,-0.944,0.97,-0.663,-0.86,0.997,-0.965,-0.96,-0.745,0.887,0.877,-0.956,0.976,-0.988,0.906,0.9,0.896,-0.987,5.708,4.752,10.341,10.316,10.312,10.278,10.293,10.341,5.532,4.888,10.37,10.309,5.813,5.622,10.33,10.288,EssenceCatalog/problems/csplib-prob010-SocialGolfers/params/683c76200adc1d2770d53f32991cc953.param
-0.965,-0.98,0.959,-0.952,-0.946,0.987,-0.907,0.98,0.96,-0.97,-0.917,0.963,-0.753,0.992,-0.965,-0.575,-0.546,0.89,0.958,0.824,0.949,-0.968,-0.988,-0.802,0.993,0.069,-0.571,-0.586,-0.961,0.982,0.964,0.775,-0.927,0.92,0.023,-0.993,0.963,0.997,0.702,-0.884,-0.969,-0.994,0.53,-0.785,0.989,0.965,0.986,-0.949,-0.994,-0.944,0.986,0.767,0.959,-0.997,0.777,-0.951,-0.671,-0.83,-0.608,-0.875,-0.969,-0.951,0.853,-0.997,0.966,0.858,0.979,0.982,-0.79,0.828,0.868,-0.929,-0.891,-0.754,-0.84,-0.976,-0.983,-0.41,-0.745,0.964,-0.774,0.329,-0.997,-0.95,0.973,-0.507,-0.841,0.996,-0.964,-0.959,-0.784,0.878,0.878,-0.96,0.975,-0.987,0.903,0.891,0.885,-0.986,6.034,4.884,10.356,10.327,10.308,10.289,10.299,10.35,5.725,5.019,10.38,10.311,6.013,5.853,10.335,10.289,EssenceCatalog/problems/csplib-prob010-SocialGolfers/params/7bfe311603d1f55fb9a885ef3f45bf13.param
0.261,0.938,-0.921,-0.441,0.697,0.227,-0.49,-0.141,-0.29,0.78,-0.106,0.382,0.792,-0.524,0.787,-0.062,-0.43,-0.081,0.662,0.714,-0.374,-0.051,0.892,0.881,-0.535,-0.657,0.211,-0.351,0.923,-0.982,0.69,-0.935,0.068,0.294,-0.729,-0.171,-0.52,0.357,-0.942,0.113,0.269,-0.254,0.054,-0.028,-0.581,-0.904,0.277,-0.163,0.252,0.14,-0.8,-0.751,0.127,-0.4,0.129,0.271,0.85,-0.257,-0.212,-0.357,-0.858,0.799,0.578,0.237,-0.949,-0.873,0.243,-0.986,-0.03,-0.562,-0.731,-0.215,-0.183,0.103,-0.315,0.939,0.282,-0.408,-0.02,-0.627,-0.062,0.168,0.071,0.622,-0.937,0.332,-0.142,0.45,0.689,0.843,0.898,-0.636,0.316,0.518,-0.399,-0.039,-0.042,-0.174,-0.378,0.705,0.814,0.552,0.0,2.018,1.452,0.707,1.753,3.832,0.664,0.562,0.0,2.441,0.857,0.549,0.0,1.886,EssenceCatalog/problems/csplib-prob010-SocialGolfers/params/ord01-3-2-2.param
-0.969,-0.983,0.977,-0.962,-0.958,0.986,-0.536,0.981,0.958,-0.972,-0.878,0.956,-0.877,0.99,-0.954,-0.763,-0.474,0.773,0.875,0.354,0.941,-0.964,-0.989,-0.873,0.99,0.57,-0.651,-0.599,-0.971,0.992,0.768,0.784,-0.913,0.913,0.52,-0.992,0.946,0.996,0.827,-0.834,-0.973,-0.992,0.695,-0.779,0.989,0.969,0.987,-0.929,-0.994,-0.955,0.989,0.832,0.927,-0.996,0.74,-0.963,-0.721,-0.834,-0.519,-0.858,-0.791,-0.953,0.792,-0.998,0.977,0.919,0.976,0.983,-0.804,0.829,0.893,-0.889,-0.903,-0.77,-0.877,-0.982,-0.984,-0.559,-0.769,0.961,-0.759,0.474,-0.998,-0.946,0.976,0.4,-0.877,0.995,-0.961,-0.962,-0.894,0.896,0.878,-0.963,0.976,-0.987,0.929,0.887,0.891,-0.989,6.983,5.097,10.365,10.31,10.254,10.278,10.296,10.344,6.183,5.278,10.368,10.252,6.53,6.385,10.315,10.25,EssenceCatalog/problems/csplib-prob010-SocialGolfers/params/0c7d0b69bf0d0de3cd6df0134e091b24.param
-0.964,-0.98,0.958,-0.951,-0.953,0.987,-0.927,0.98,0.959,-0.972,-0.925,0.966,-0.743,0.992,-0.97,-0.581,-0.579,0.904,0.967,0.867,0.951,-0.968,-0.988,-0.808,0.993,-0.076,-0.488,-0.606,-0.958,0.979,0.974,0.768,-0.931,0.925,-0.15,-0.993,0.964,0.997,0.69,-0.892,-0.97,-0.994,0.505,-0.758,0.99,0.967,0.986,-0.952,-0.994,-0.946,0.987,0.724,0.959,-0.997,0.795,-0.95,-0.586,-0.844,-0.613,-0.883,-0.977,-0.955,0.854,-0.997,0.966,0.841,0.98,0.982,-0.791,0.823,0.865,-0.932,-0.889,-0.756,-0.834,-0.975,-0.984,-0.418,-0.747,0.966,-0.787,0.191,-0.997,-0.948,0.973,-0.623,-0.847,0.996,-0.964,-0.961,-0.758,0.887,0.875,-0.957,0.975,-0.987,0.903,0.9,0.897,-0.987,5.829,4.807,10.356,10.327,10.315,10.288,10.3,10.345,5.606,4.939,10.384,10.316,5.89,5.708,10.341,10.293,EssenceCatalog/problems/csplib-prob010-SocialGolfers/params/7b8c58601cc42a8679e33c32b207b245.param
-0.966,-0.977,0.959,-0.959,-0.985,0.991,-0.988,0.981,0.966,-0.975,-0.946,0.99,-0.795,0.996,-0.989,-0.894,-0.911,0.967,0.991,0.982,0.965,-0.977,-0.988,-0.904,0.996,-0.875,0.565,-0.827,-0.924,0.938,0.991,0.491,-0.964,0.968,-0.898,-0.994,0.974,0.998,0.691,-0.929,-0.963,-0.996,0.484,-0.291,0.993,0.976,0.982,-0.964,-0.996,-0.977,0.994,0.184,0.959,-0.998,0.935,-0.963,0.758,-0.954,-0.479,-0.96,-0.99,-0.948,0.797,-0.998,0.96,0.621,0.991,0.98,-0.863,0.832,0.889,-0.94,-0.87,-0.847,-0.835,-0.971,-0.99,-0.615,-0.853,0.977,-0.939,-0.854,-0.998,-0.92,0.982,-0.843,-0.933,0.998,-0.979,-0.963,-0.607,0.949,0.885,-0.964,0.976,-0.992,0.947,0.945,0.964,-0.989,4.765,4.249,10.319,10.333,10.341,10.358,10.305,10.282,4.92,4.384,10.343,10.288,5.21,4.781,10.319,10.367,EssenceCatalog/problems/csplib-prob010-SocialGolfers/params/2ac589f7d7f7857a8f7b72ed966cb55d.param
-0.967,-0.984,0.967,-0.956,-0.944,0.988,-0.808,0.982,0.961,-0.974,-0.934,0.953,-0.799,0.992,-0.96,-0.456,-0.405,0.847,0.936,0.614,0.944,-0.968,-0.99,-0.759,0.993,0.462,-0.735,-0.564,-0.974,0.988,0.94,0.848,-0.927,0.917,0.402,-0.993,0.955,0.997,0.763,-0.904,-0.976,-0.993,0.595,-0.869,0.989,0.966,0.989,-0.952,-0.993,-0.933,0.987,0.856,0.96,-0.997,0.707,-0.951,-0.874,-0.782,-0.713,-0.851,-0.956,-0.962,0.883,-0.997,0.974,0.917,0.978,0.985,-0.807,0.84,0.895,-0.938,-0.913,-0.763,-0.86,-0.98,-0.984,-0.457,-0.716,0.968,-0.709,0.684,-0.997,-0.964,0.976,-0.427,-0.837,0.997,-0.962,-0.964,-0.848,0.866,0.893,-0.965,0.976,-0.986,0.894,0.893,0.875,-0.988,6.548,5.107,10.382,10.357,10.337,10.328,10.327,10.379,6.042,5.255,10.409,10.336,6.332,6.264,10.363,10.305,EssenceCatalog/problems/csplib-prob010-SocialGolfers/params/39c92659202e9472eb03e847e2ce607f.param
-0.98,-0.972,0.977,-0.976,-0.975,0.992,-0.536,0.988,0.977,-0.969,-0.801,0.986,-0.919,0.988,-0.945,-0.974,-0.875,0.842,0.717,0.538,0.958,-0.979,-0.99,-0.958,0.991,0.39,-0.482,-0.775,-0.941,0.991,0.075,0.609,-0.927,0.95,0.506,-0.996,0.945,0.997,0.905,-0.666,-0.966,-0.995,0.826,-0.599,0.994,0.953,0.985,-0.917,-0.997,-0.985,0.994,0.679,0.891,-0.997,0.91,-0.984,0.14,-0.939,-0.128,-0.922,-0.06,-0.908,0.685,-0.998,0.961,0.863,0.986,0.967,-0.886,0.888,0.926,-0.838,-0.908,-0.878,-0.944,-0.975,-0.988,-0.747,-0.918,0.947,-0.932,-0.319,-0.999,-0.913,0.985,0.93,-0.94,0.997,-0.97,-0.963,-0.916,0.955,0.888,-0.98,0.983,-0.992,0.976,0.914,0.95,-0.989,7.077,4.882,10.365,10.304,10.243,10.272,10.312,10.331,6.09,5.068,10.31,10.247,6.471,6.071,10.283,10.289,EssenceCatalog/problems/csplib-prob010-SocialGolfers/params/b315d2ded2d8d85ca6f49ce7695b1470.param
-0.991,0.996,-0.984,-0.993,-0.986,0.985,-0.968,0.985,0.992,-0.98,-0.99,0.984,0.989,0.996,-0.952,-0.971,-0.9,0.988,0.986,0.965,0.966,-0.991,-0.99,0.59,0.997,0.884,-0.563,-0.922,0.99,-0.923,0.823,0.595,-0.951,0.984,-0.98,-0.999,0.595,0.999,-0.528,-0.915,-0.988,-0.997,0.958,-0.961,0.996,-0.99,0.993,-0.974,-0.999,-0.99,0.998,-0.886,0.978,-0.999,0.972,-0.974,0.846,-0.965,-0.91,-0.981,-0.985,-0.981,0.953,-0.998,-0.957,-0.931,0.986,-0.991,-0.971,0.972,0.897,-0.959,-0.986,-0.937,-0.983,0.989,-0.994,-0.82,-0.975,0.867,-0.872,0.949,-0.998,-0.991,0.975,0.82,-0.94,0.999,-0.922,-0.983,0.911,0.97,0.939,-0.935,0.987,-0.995,0.985,0.977,0.937,-0.996,4.354,3.559,5.015,10.304,10.581,10.459,10.617,10.813,4.301,3.781,5.051,10.208,4.858,4.472,6.096,10.217,EssenceCatalog/problems/csplib-prob010-SocialGolfers/params/29dc22ddc011723cb796970c5acab3ef.param
-0.995,-0.979,0.986,-0.995,-0.996,0.996,0.99,0.998,0.994,-0.99,-0.989,0.994,-0.971,0.992,-0.821,-0.991,-0.857,0.832,-0.931,-0.988,0.969,-0.995,-0.996,-0.968,0.997,0.994,-0.989,-0.964,-0.985,0.997,-0.993,0.982,-0.973,0.991,0.99,-0.999,0.867,0.998,0.987,-0.975,-0.996,-0.999,0.99,-0.99,0.998,0.909,0.998,-0.987,-0.999,-0.992,0.998,0.974,0.962,-0.999,0.965,-0.996,-0.988,-0.972,-0.969,-0.962,0.978,-0.995,0.983,-0.999,0.985,0.987,0.993,0.978,-0.99,0.979,0.986,-0.962,-0.996,-0.988,-0.993,-0.978,-0.995,-0.981,-0.977,0.975,-0.969,0.992,-1.0,-0.992,0.994,0.993,-0.978,1.0,-0.978,-0.993,-0.988,0.98,0.982,-0.992,0.996,-0.998,0.993,0.984,0.983,-0.997,9.621,5.778,10.457,10.384,10.439,10.473,10.45,10.401,7.501,6.086,10.414,10.398,7.984,7.791,10.44,10.441,EssenceCatalog/problems/csplib-prob010-SocialGolfers/params/ord36-9-8-8.param
-0.968,-0.976,0.963,-0.959,-0.952,0.986,-0.767,0.98,0.959,-0.968,-0.857,0.963,-0.808,0.989,-0.951,-0.785,-0.552,0.84,0.919,0.676,0.945,-0.966,-0.986,-0.872,0.99,0.285,-0.507,-0.611,-0.955,0.987,0.872,0.701,-0.91,0.914,0.222,-0.993,0.954,0.997,0.78,-0.817,-0.964,-0.993,0.646,-0.702,0.989,0.959,0.985,-0.927,-0.994,-0.959,0.987,0.749,0.932,-0.997,0.797,-0.961,-0.453,-0.855,-0.436,-0.876,-0.881,-0.937,0.768,-0.998,0.964,0.86,0.977,0.974,-0.785,0.828,0.864,-0.885,-0.881,-0.757,-0.859,-0.977,-0.981,-0.467,-0.785,0.955,-0.796,0.168,-0.998,-0.929,0.975,0.324,-0.877,0.995,-0.963,-0.955,-0.838,0.899,0.865,-0.962,0.976,-0.987,0.93,0.879,0.888,-0.987,6.409,4.872,10.327,10.288,10.238,10.252,10.27,10.326,5.854,5.037,10.32,10.239,6.183,5.961,10.276,10.242,EssenceCatalog/problems/csplib-prob010-SocialGolfers/params/d6ed718c63a1c368650e19a4ae61ed57.param
-0.97,-0.982,0.974,-0.96,-0.96,0.99,-0.886,0.98,0.967,-0.957,-0.8,0.98,-0.88,0.988,-0.959,-0.917,-0.829,0.884,0.907,0.855,0.954,-0.972,-0.985,-0.933,0.991,-0.256,-0.223,-0.683,-0.955,0.986,0.837,0.525,-0.928,0.927,0.057,-0.994,0.966,0.997,0.805,-0.738,-0.952,-0.994,0.653,-0.481,0.991,0.97,0.981,-0.915,-0.995,-0.975,0.989,0.648,0.921,-0.996,0.886,-0.971,0.181,-0.907,-0.202,-0.908,-0.803,-0.896,0.682,-0.998,0.963,0.806,0.983,0.98,-0.818,0.838,0.878,-0.849,-0.845,-0.819,-0.865,-0.981,-0.983,-0.536,-0.856,0.953,-0.907,-0.5,-0.998,-0.892,0.981,0.562,-0.901,0.996,-0.973,-0.952,-0.851,0.92,0.866,-0.974,0.978,-0.988,0.952,0.881,0.922,-0.984,5.947,4.587,10.372,10.296,10.212,10.233,10.264,10.313,5.526,4.739,10.345,10.23,5.864,5.454,10.303,10.268,EssenceCatalog/problems/csplib-prob010-SocialGolfers/params/498e0a750efd93df91c9d783002162f4.param
-0.969,-0.981,0.96,-0.959,-0.949,0.988,-0.768,0.983,0.959,-0.978,-0.948,0.95,-0.758,0.992,-0.959,-0.416,-0.286,0.85,0.945,0.554,0.943,-0.969,-0.99,-0.712,0.993,0.549,-0.769,-0.592,-0.971,0.988,0.95,0.869,-0.926,0.928,0.339,-0.993,0.951,0.997,0.76,-0.927,-0.978,-0.994,0.618,-0.899,0.988,0.961,0.99,-0.961,-0.993,-0.928,0.987,0.866,0.963,-0.998,0.69,-0.948,-0.903,-0.782,-0.785,-0.856,-0.967,-0.97,0.901,-0.998,0.974,0.921,0.978,0.983,-0.816,0.843,0.888,-0.951,-0.927,-0.771,-0.874,-0.978,-0.985,-0.468,-0.699,0.967,-0.652,0.756,-0.998,-0.968,0.972,-0.524,-0.851,0.997,-0.957,-0.967,-0.841,0.87,0.902,-0.961,0.977,-0.987,0.892,0.901,0.87,-0.989,6.574,5.137,10.36,10.355,10.352,10.334,10.332,10.386,6.071,5.288,10.394,10.342,6.349,6.326,10.35,10.303,EssenceCatalog/problems/csplib-prob010-SocialGolfers/params/12cf12012262affb2b36e8a68bf0e9a2.param
-0.973,-0.98,0.968,-0.968,-0.991,0.993,-0.991,0.981,0.968,-0.976,-0.938,0.994,-0.868,0.996,-0.989,-0.962,-0.964,0.973,0.99,0.987,0.971,-0.978,-0.989,-0.946,0.996,-0.917,0.716,-0.852,-0.914,0.935,0.984,0.309,-0.97,0.974,-0.91,-0.995,0.976,0.998,0.757,-0.913,-0.964,-0.996,0.543,0.006,0.995,0.976,0.981,-0.959,-0.997,-0.986,0.996,-0.161,0.951,-0.997,0.963,-0.973,0.931,-0.971,-0.312,-0.971,-0.982,-0.927,0.747,-0.998,0.954,0.545,0.993,0.977,-0.89,0.831,0.904,-0.92,-0.865,-0.881,-0.873,-0.972,-0.992,-0.738,-0.897,0.979,-0.966,-0.941,-0.998,-0.907,0.987,-0.613,-0.952,0.998,-0.981,-0.97,-0.661,0.967,0.899,-0.972,0.977,-0.993,0.968,0.954,0.976,-0.989,4.71,4.166,10.289,10.319,10.316,10.361,10.297,10.245,4.861,4.291,10.304,10.256,5.147,4.667,10.286,10.359,EssenceCatalog/problems/csplib-prob010-SocialGolfers/params/354946450accf1487f7ce25f8723bb2e.param
-0.963,-0.983,0.965,-0.949,-0.959,0.988,-0.958,0.98,0.96,-0.969,-0.913,0.975,-0.785,0.992,-0.976,-0.701,-0.729,0.924,0.973,0.928,0.955,-0.97,-0.987,-0.86,0.994,-0.432,-0.248,-0.643,-0.957,0.976,0.978,0.696,-0.939,0.93,-0.362,-0.993,0.97,0.997,0.686,-0.876,-0.964,-0.994,0.467,-0.636,0.99,0.974,0.983,-0.949,-0.994,-0.957,0.988,0.641,0.957,-0.997,0.845,-0.955,-0.233,-0.88,-0.51,-0.903,-0.978,-0.944,0.824,-0.997,0.966,0.8,0.983,0.985,-0.793,0.822,0.865,-0.922,-0.869,-0.774,-0.82,-0.977,-0.984,-0.433,-0.783,0.967,-0.855,-0.252,-0.997,-0.935,0.976,-0.631,-0.861,0.997,-0.971,-0.959,-0.739,0.901,0.871,-0.961,0.974,-0.987,0.914,0.902,0.916,-0.986,5.474,4.612,10.365,10.312,10.296,10.27,10.285,10.32,5.36,4.747,10.396,10.288,5.661,5.37,10.35,10.294,EssenceCatalog/problems/csplib-prob010-SocialGolfers/params/04a12cb61b64be662107a871150615b2.param
-0.969,-0.986,0.978,-0.959,-0.973,0.991,-0.958,0.98,0.967,-0.963,-0.839,0.987,-0.896,0.991,-0.974,-0.939,-0.916,0.929,0.946,0.947,0.963,-0.974,-0.987,-0.948,0.992,-0.637,0.08,-0.717,-0.953,0.98,0.916,0.467,-0.944,0.94,-0.292,-0.995,0.973,0.998,0.789,-0.755,-0.955,-0.995,0.602,-0.318,0.993,0.977,0.98,-0.925,-0.996,-0.98,0.992,0.46,0.929,-0.996,0.924,-0.972,0.581,-0.933,-0.165,-0.93,-0.885,-0.902,0.691,-0.998,0.96,0.73,0.987,0.984,-0.838,0.834,0.882,-0.852,-0.837,-0.841,-0.861,-0.981,-0.987,-0.598,-0.887,0.962,-0.94,-0.762,-0.998,-0.891,0.984,0.336,-0.911,0.996,-0.977,-0.961,-0.817,0.941,0.864,-0.975,0.977,-0.989,0.957,0.909,0.946,-0.985,5.448,4.395,10.372,10.314,10.246,10.262,10.282,10.299,5.243,4.536,10.355,10.242,5.559,5.087,10.316,10.3,EssenceCatalog/problems/csplib-prob010-SocialGolfers/params/939856cb1756468c6f4867592d1a5221.param
-0.981,-0.934,0.909,-0.973,-0.957,0.988,-0.023,0.987,0.961,-0.981,-0.942,0.944,-0.586,0.991,-0.921,-0.702,0.26,0.761,0.931,-0.163,0.932,-0.972,-0.986,-0.613,0.992,0.842,-0.793,-0.745,-0.926,0.989,0.865,0.865,-0.898,0.956,0.147,-0.994,0.918,0.998,0.796,-0.949,-0.978,-0.995,0.802,-0.939,0.979,0.883,0.994,-0.973,-0.995,-0.944,0.985,0.894,0.954,-0.998,0.682,-0.955,-0.913,-0.833,-0.869,-0.895,-0.942,-0.977,0.896,-0.999,0.966,0.92,0.977,0.939,-0.839,0.857,0.839,-0.961,-0.955,-0.815,-0.928,-0.962,-0.979,-0.523,-0.684,0.945,-0.476,0.853,-0.999,-0.966,0.953,0.075,-0.924,0.997,-0.947,-0.96,-0.859,0.872,0.926,-0.955,0.986,-0.992,0.929,0.896,0.824,-0.992,7.112,5.188,10.116,10.169,10.191,10.172,10.192,10.276,6.281,5.405,10.161,10.134,6.585,6.683,10.118,10.104,EssenceCatalog/problems/csplib-prob010-SocialGolfers/params/d528f932d81e30a27c49f8a9e9ac2c8b.param
-0.981,-0.979,0.97,-0.976,-0.973,0.99,0.199,0.989,0.965,-0.988,-0.972,0.942,-0.841,0.993,-0.943,-0.609,0.008,0.727,0.833,-0.516,0.944,-0.976,-0.994,-0.701,0.994,0.924,-0.906,-0.709,-0.98,0.995,0.681,0.944,-0.932,0.948,0.747,-0.995,0.911,0.997,0.884,-0.961,-0.989,-0.995,0.828,-0.966,0.99,0.949,0.996,-0.975,-0.996,-0.94,0.992,0.942,0.96,-0.998,0.627,-0.963,-0.977,-0.785,-0.919,-0.867,-0.852,-0.987,0.934,-0.998,0.982,0.97,0.981,0.982,-0.888,0.887,0.933,-0.963,-0.97,-0.858,-0.944,-0.982,-0.989,-0.668,-0.747,0.971,-0.57,0.953,-0.999,-0.984,0.979,0.146,-0.912,0.998,-0.955,-0.979,-0.932,0.907,0.938,-0.969,0.985,-0.992,0.929,0.933,0.882,-0.994,7.76,5.436,10.34,10.331,10.31,10.331,10.336,10.385,6.65,5.675,10.394,10.279,7.0,7.083,10.34,10.259,EssenceCatalog/problems/csplib-prob010-SocialGolfers/params/a0c6cc7d4bfec3044dafec45b477040d.param
-0.982,-0.948,0.931,-0.974,-0.963,0.988,0.127,0.987,0.961,-0.984,-0.951,0.939,-0.66,0.992,-0.921,-0.691,0.252,0.73,0.904,-0.333,0.935,-0.972,-0.989,-0.645,0.992,0.892,-0.839,-0.723,-0.944,0.992,0.802,0.897,-0.902,0.951,0.419,-0.994,0.91,0.997,0.829,-0.95,-0.982,-0.995,0.821,-0.948,0.983,0.893,0.995,-0.973,-0.995,-0.943,0.988,0.907,0.953,-0.998,0.667,-0.958,-0.938,-0.82,-0.881,-0.885,-0.912,-0.98,0.906,-0.998,0.971,0.941,0.977,0.95,-0.853,0.861,0.866,-0.959,-0.96,-0.823,-0.934,-0.969,-0.982,-0.588,-0.703,0.951,-0.474,0.9,-0.999,-0.972,0.961,0.215,-0.92,0.997,-0.947,-0.968,-0.888,0.886,0.93,-0.957,0.985,-0.992,0.93,0.905,0.841,-0.992,7.405,5.279,10.156,10.191,10.198,10.198,10.213,10.285,6.434,5.51,10.207,10.145,6.758,6.862,10.158,10.122,EssenceCatalog/problems/csplib-prob010-SocialGolfers/params/a25e4ed04e5d446af3a538173bbb0fe2.param
-0.972,-0.984,0.97,-0.964,-0.955,0.989,-0.615,0.984,0.962,-0.982,-0.958,0.945,-0.814,0.993,-0.958,-0.397,-0.253,0.815,0.913,0.249,0.945,-0.972,-0.993,-0.716,0.994,0.742,-0.846,-0.586,-0.979,0.991,0.905,0.912,-0.934,0.926,0.616,-0.993,0.943,0.997,0.82,-0.935,-0.984,-0.994,0.684,-0.931,0.99,0.963,0.992,-0.963,-0.994,-0.929,0.989,0.905,0.963,-0.998,0.654,-0.954,-0.951,-0.753,-0.834,-0.837,-0.942,-0.977,0.917,-0.998,0.978,0.949,0.979,0.986,-0.846,0.861,0.92,-0.953,-0.944,-0.797,-0.899,-0.981,-0.987,-0.538,-0.721,0.972,-0.638,0.873,-0.998,-0.977,0.979,-0.354,-0.854,0.997,-0.958,-0.973,-0.884,0.882,0.913,-0.967,0.979,-0.987,0.898,0.912,0.877,-0.991,6.991,5.279,10.406,10.39,10.373,10.374,10.368,10.417,6.303,5.448,10.44,10.364,6.6,6.61,10.394,10.327,EssenceCatalog/problems/csplib-prob010-SocialGolfers/params/b9c29f3e5ab9ede30bbabd28de5d2b68.param
-0.989,-0.984,0.991,-0.989,-0.988,0.996,0.215,0.995,0.989,-0.98,-0.889,0.994,-0.974,0.988,-0.913,-0.993,-0.978,0.871,-0.548,-0.175,0.982,-0.992,-0.996,-0.986,0.994,0.82,-0.891,-0.878,-0.963,0.994,-0.923,0.825,-0.955,0.977,0.934,-0.999,0.947,0.998,0.965,-0.668,-0.983,-0.997,0.936,-0.842,0.999,0.951,0.991,-0.934,-0.999,-0.994,0.998,0.796,0.905,-0.998,0.971,-0.994,-0.235,-0.967,-0.271,-0.946,0.932,-0.944,0.832,-0.999,0.961,0.92,0.993,0.981,-0.964,0.939,0.969,-0.848,-0.967,-0.958,-0.986,-0.977,-0.994,-0.946,-0.979,0.954,-0.987,0.251,-0.999,-0.954,0.992,0.993,-0.97,0.999,-0.98,-0.983,-0.963,0.982,0.935,-0.993,0.989,-0.996,0.991,0.965,0.982,-0.993,8.692,5.37,10.309,10.213,10.226,10.25,10.276,10.241,6.92,5.607,10.221,10.21,7.359,6.994,10.222,10.249,EssenceCatalog/problems/csplib-prob010-SocialGolfers/params/787fada4a116e77ac6d4419e3b48c755.param
-0.968,-0.976,0.96,-0.956,-0.958,0.987,-0.883,0.98,0.961,-0.967,-0.868,0.97,-0.786,0.99,-0.961,-0.801,-0.645,0.886,0.948,0.837,0.95,-0.966,-0.985,-0.88,0.991,-0.065,-0.327,-0.639,-0.949,0.982,0.931,0.655,-0.918,0.924,-0.1,-0.993,0.961,0.997,0.754,-0.827,-0.961,-0.993,0.592,-0.627,0.99,0.962,0.983,-0.933,-0.994,-0.962,0.988,0.658,0.938,-0.997,0.841,-0.959,-0.187,-0.877,-0.41,-0.893,-0.933,-0.934,0.759,-0.998,0.961,0.813,0.979,0.976,-0.791,0.822,0.852,-0.891,-0.866,-0.769,-0.84,-0.976,-0.981,-0.452,-0.792,0.956,-0.834,-0.147,-0.998,-0.92,0.975,0.05,-0.878,0.996,-0.966,-0.956,-0.796,0.907,0.863,-0.96,0.976,-0.988,0.931,0.885,0.9,-0.986,5.882,4.677,10.328,10.286,10.241,10.243,10.262,10.312,5.554,4.829,10.323,10.244,5.866,5.582,10.284,10.253,EssenceCatalog/problems/csplib-prob010-SocialGolfers/params/bcf6401f5e4e88dcf48c33c3ddee1a5d.param
-0.969,-0.979,0.972,-0.96,-0.953,0.987,-0.721,0.981,0.96,-0.968,-0.835,0.965,-0.859,0.988,-0.951,-0.827,-0.622,0.822,0.885,0.614,0.948,-0.966,-0.987,-0.893,0.99,0.335,-0.558,-0.605,-0.962,0.99,0.793,0.706,-0.91,0.912,0.391,-0.993,0.953,0.997,0.805,-0.783,-0.964,-0.992,0.667,-0.697,0.99,0.964,0.984,-0.919,-0.994,-0.963,0.988,0.77,0.922,-0.996,0.803,-0.966,-0.458,-0.86,-0.371,-0.872,-0.794,-0.933,0.755,-0.998,0.968,0.878,0.978,0.978,-0.793,0.829,0.878,-0.87,-0.883,-0.773,-0.874,-0.979,-0.983,-0.523,-0.809,0.954,-0.817,0.155,-0.998,-0.928,0.977,0.513,-0.878,0.995,-0.964,-0.956,-0.866,0.904,0.864,-0.965,0.976,-0.987,0.937,0.88,0.895,-0.986,6.632,4.925,10.361,10.304,10.238,10.265,10.288,10.34,5.961,5.094,10.348,10.244,6.309,6.063,10.299,10.255,EssenceCatalog/problems/csplib-prob010-SocialGolfers/params/086cb8d8d5b32e5ee56e1ca748c6ee2f.param
-0.986,-0.99,0.994,-0.986,-0.982,0.995,-0.165,0.993,0.984,-0.975,-0.823,0.993,-0.98,0.985,-0.926,-0.991,-0.974,0.869,-0.323,0.187,0.982,-0.989,-0.995,-0.986,0.992,0.641,-0.873,-0.829,-0.972,0.997,-0.796,0.761,-0.941,0.971,0.922,-0.998,0.96,0.998,0.95,-0.578,-0.976,-0.997,0.9,-0.771,0.998,0.97,0.99,-0.932,-0.998,-0.993,0.997,0.785,0.898,-0.997,0.963,-0.994,-0.172,-0.962,-0.066,-0.94,0.851,-0.903,0.801,-0.999,0.972,0.923,0.992,0.986,-0.942,0.902,0.949,-0.83,-0.951,-0.941,-0.979,-0.984,-0.993,-0.927,-0.97,0.943,-0.979,-0.066,-0.999,-0.924,0.989,0.988,-0.961,0.998,-0.977,-0.978,-0.964,0.976,0.926,-0.991,0.984,-0.994,0.989,0.951,0.975,-0.99,8.268,5.23,10.324,10.201,10.185,10.208,10.249,10.225,6.69,5.431,10.237,10.186,7.111,6.684,10.221,10.228,EssenceCatalog/problems/csplib-prob010-SocialGolfers/params/1c3f9e1193b3a56b5b489560c973778d.param
-0.968,-0.977,0.954,-0.956,-0.951,0.987,-0.838,0.982,0.958,-0.975,-0.933,0.955,-0.721,0.992,-0.962,-0.532,-0.343,0.873,0.96,0.712,0.945,-0.967,-0.988,-0.753,0.993,0.309,-0.623,-0.617,-0.96,0.984,0.963,0.812,-0.921,0.931,0.009,-0.992,0.956,0.997,0.733,-0.916,-0.973,-0.994,0.578,-0.839,0.987,0.96,0.988,-0.958,-0.994,-0.938,0.987,0.802,0.959,-0.998,0.741,-0.947,-0.779,-0.821,-0.714,-0.875,-0.974,-0.963,0.872,-0.998,0.97,0.884,0.978,0.979,-0.793,0.828,0.862,-0.944,-0.909,-0.758,-0.853,-0.975,-0.983,-0.421,-0.699,0.963,-0.702,0.511,-0.998,-0.955,0.969,-0.554,-0.861,0.997,-0.958,-0.962,-0.804,0.878,0.889,-0.956,0.977,-0.988,0.9,0.897,0.874,-0.989,6.205,4.97,10.33,10.324,10.326,10.298,10.303,10.359,5.84,5.115,10.36,10.315,6.114,6.033,10.319,10.282,EssenceCatalog/problems/csplib-prob010-SocialGolfers/params/60970f73d1097c8f46f28c60ff63a88f.param
-0.985,-0.949,0.939,-0.98,-0.97,0.99,0.542,0.99,0.968,-0.986,-0.965,0.944,-0.723,0.992,-0.909,-0.769,0.3,0.675,0.839,-0.689,0.937,-0.977,-0.99,-0.631,0.993,0.945,-0.898,-0.775,-0.953,0.994,0.575,0.931,-0.916,0.962,0.621,-0.995,0.887,0.997,0.876,-0.965,-0.986,-0.996,0.877,-0.969,0.984,0.879,0.996,-0.98,-0.996,-0.95,0.99,0.941,0.956,-0.999,0.656,-0.967,-0.97,-0.834,-0.928,-0.893,-0.841,-0.985,0.927,-0.999,0.975,0.963,0.98,0.953,-0.89,0.889,0.899,-0.968,-0.974,-0.875,-0.956,-0.973,-0.984,-0.685,-0.74,0.957,-0.479,0.951,-0.999,-0.979,0.967,0.448,-0.939,0.998,-0.949,-0.972,-0.927,0.895,0.946,-0.966,0.989,-0.994,0.945,0.918,0.854,-0.994,7.895,5.402,10.175,10.207,10.198,10.216,10.234,10.299,6.67,5.665,10.237,10.145,7.031,7.152,10.186,10.138,EssenceCatalog/problems/csplib-prob010-SocialGolfers/params/debc3013633aa73b4947464b0f7eccf4.param
-0.966,-0.978,0.957,-0.953,-0.957,0.988,-0.927,0.981,0.96,-0.97,-0.916,0.969,-0.743,0.992,-0.97,-0.673,-0.571,0.909,0.973,0.875,0.949,-0.968,-0.986,-0.821,0.993,-0.215,-0.332,-0.663,-0.953,0.979,0.975,0.716,-0.93,0.936,-0.365,-0.993,0.964,0.997,0.703,-0.899,-0.965,-0.994,0.512,-0.71,0.988,0.968,0.985,-0.954,-0.994,-0.952,0.987,0.704,0.957,-0.997,0.814,-0.949,-0.435,-0.87,-0.588,-0.9,-0.979,-0.95,0.833,-0.997,0.968,0.82,0.981,0.981,-0.788,0.821,0.854,-0.935,-0.88,-0.769,-0.824,-0.976,-0.982,-0.408,-0.736,0.964,-0.808,-0.044,-0.998,-0.936,0.97,-0.632,-0.872,0.997,-0.966,-0.956,-0.762,0.89,0.876,-0.957,0.976,-0.988,0.912,0.897,0.897,-0.987,5.633,4.698,10.345,10.309,10.299,10.265,10.28,10.329,5.472,4.837,10.375,10.295,5.756,5.539,10.332,10.284,EssenceCatalog/problems/csplib-prob010-SocialGolfers/params/d05a2b6b5c108aaae261adc674772d97.param
-0.972,-0.978,0.959,-0.964,-0.957,0.988,-0.591,0.984,0.959,-0.982,-0.954,0.944,-0.756,0.993,-0.954,-0.456,-0.146,0.823,0.932,0.302,0.942,-0.97,-0.991,-0.696,0.993,0.719,-0.809,-0.623,-0.971,0.99,0.925,0.891,-0.923,0.933,0.428,-0.993,0.942,0.997,0.794,-0.938,-0.982,-0.994,0.686,-0.923,0.988,0.955,0.992,-0.965,-0.994,-0.93,0.989,0.884,0.961,-0.998,0.666,-0.95,-0.929,-0.78,-0.832,-0.857,-0.956,-0.976,0.909,-0.998,0.975,0.935,0.978,0.981,-0.829,0.851,0.894,-0.954,-0.941,-0.786,-0.895,-0.978,-0.985,-0.51,-0.699,0.967,-0.604,0.835,-0.998,-0.972,0.972,-0.382,-0.869,0.997,-0.954,-0.971,-0.863,0.882,0.91,-0.96,0.979,-0.988,0.901,0.91,0.867,-0.991,6.849,5.217,10.345,10.347,10.345,10.334,10.332,10.388,6.215,5.386,10.381,10.325,6.501,6.523,10.337,10.287,EssenceCatalog/problems/csplib-prob010-SocialGolfers/params/8c89347120d8bb6f95aff44f2daa05ab.param
-0.984,-0.961,0.95,-0.978,-0.97,0.99,0.421,0.989,0.966,-0.987,-0.967,0.943,-0.762,0.993,-0.922,-0.712,0.224,0.693,0.844,-0.62,0.939,-0.976,-0.991,-0.648,0.993,0.938,-0.898,-0.753,-0.965,0.994,0.635,0.935,-0.919,0.957,0.657,-0.995,0.898,0.997,0.874,-0.963,-0.987,-0.995,0.861,-0.968,0.986,0.909,0.996,-0.978,-0.996,-0.945,0.99,0.941,0.957,-0.998,0.644,-0.965,-0.972,-0.815,-0.924,-0.884,-0.851,-0.986,0.929,-0.999,0.978,0.965,0.98,0.966,-0.889,0.887,0.908,-0.966,-0.972,-0.866,-0.952,-0.976,-0.985,-0.676,-0.737,0.961,-0.5,0.951,-0.999,-0.98,0.971,0.332,-0.931,0.998,-0.95,-0.974,-0.927,0.897,0.943,-0.966,0.988,-0.993,0.937,0.922,0.86,-0.994,7.827,5.409,10.225,10.242,10.23,10.247,10.262,10.322,6.652,5.663,10.285,10.184,7.006,7.12,10.231,10.17,EssenceCatalog/problems/csplib-prob010-SocialGolfers/params/fb04b13125473ce9ed992833f178921e.param
-0.995,-0.982,0.989,-0.995,-0.996,0.996,0.992,0.998,0.994,-0.992,-0.99,0.992,-0.975,0.993,-0.861,-0.989,-0.786,0.763,-0.903,-0.992,0.966,-0.995,-0.997,-0.963,0.997,0.995,-0.988,-0.96,-0.99,0.998,-0.993,0.986,-0.975,0.989,0.99,-0.999,0.823,0.998,0.989,-0.981,-0.996,-0.999,0.989,-0.99,0.997,0.93,0.999,-0.986,-0.999,-0.991,0.998,0.981,0.954,-0.999,0.949,-0.995,-0.992,-0.964,-0.973,-0.954,0.975,-0.996,0.981,-1.0,0.988,0.991,0.992,0.985,-0.989,0.977,0.989,-0.966,-0.995,-0.987,-0.993,-0.986,-0.995,-0.977,-0.971,0.978,-0.959,0.993,-1.0,-0.993,0.994,0.991,-0.979,1.0,-0.978,-0.993,-0.991,0.981,0.983,-0.992,0.996,-0.998,0.993,0.984,0.981,-0.997,9.614,5.775,10.443,10.371,10.422,10.455,10.432,10.381,7.496,6.082,10.407,10.38,7.974,7.792,10.43,10.424,EssenceCatalog/problems/csplib-prob010-SocialGolfers/params/7fbc086c3d1947f4a31277c0620373b5.param
-0.968,-0.983,0.978,-0.962,-0.959,0.987,-0.724,0.981,0.961,-0.967,-0.822,0.97,-0.893,0.988,-0.956,-0.868,-0.707,0.822,0.866,0.628,0.949,-0.967,-0.988,-0.915,0.99,0.272,-0.515,-0.623,-0.965,0.991,0.734,0.685,-0.915,0.915,0.429,-0.993,0.955,0.997,0.828,-0.754,-0.965,-0.992,0.68,-0.648,0.991,0.971,0.983,-0.914,-0.994,-0.968,0.99,0.758,0.913,-0.996,0.824,-0.969,-0.351,-0.875,-0.293,-0.88,-0.714,-0.928,0.732,-0.998,0.971,0.882,0.98,0.982,-0.804,0.832,0.889,-0.854,-0.881,-0.787,-0.881,-0.981,-0.984,-0.572,-0.829,0.957,-0.848,0.009,-0.998,-0.925,0.979,0.603,-0.886,0.995,-0.966,-0.958,-0.881,0.915,0.861,-0.969,0.976,-0.987,0.944,0.887,0.91,-0.987,6.645,4.898,10.391,10.317,10.242,10.274,10.3,10.345,5.949,5.065,10.372,10.252,6.305,6.016,10.322,10.271,EssenceCatalog/problems/csplib-prob010-SocialGolfers/params/4ce37ef134973e40e0e48f464a97f670.param
-0.963,-0.981,0.963,-0.95,-0.959,0.987,-0.956,0.98,0.96,-0.97,-0.914,0.975,-0.775,0.993,-0.975,-0.699,-0.723,0.922,0.972,0.926,0.955,-0.97,-0.987,-0.858,0.994,-0.395,-0.275,-0.638,-0.955,0.975,0.977,0.701,-0.938,0.929,-0.339,-0.993,0.969,0.997,0.682,-0.873,-0.965,-0.994,0.475,-0.646,0.991,0.972,0.984,-0.949,-0.994,-0.957,0.989,0.636,0.956,-0.997,0.844,-0.955,-0.249,-0.878,-0.512,-0.901,-0.977,-0.946,0.826,-0.997,0.964,0.797,0.983,0.984,-0.795,0.822,0.864,-0.921,-0.871,-0.772,-0.823,-0.976,-0.984,-0.435,-0.786,0.967,-0.851,-0.207,-0.997,-0.936,0.976,-0.607,-0.859,0.997,-0.97,-0.96,-0.735,0.902,0.869,-0.96,0.974,-0.987,0.915,0.903,0.915,-0.986,5.508,4.627,10.36,10.314,10.299,10.274,10.29,10.324,5.382,4.762,10.389,10.291,5.682,5.398,10.345,10.295,EssenceCatalog/problems/csplib-prob010-SocialGolfers/params/b65473e722b5496c4a0e9c79e9ee91a2.param
-0.967,-0.975,0.954,-0.964,-0.988,0.992,-0.992,0.981,0.968,-0.975,-0.955,0.993,-0.813,0.996,-0.991,-0.926,-0.948,0.973,0.993,0.988,0.968,-0.979,-0.989,-0.903,0.997,-0.918,0.701,-0.863,-0.907,0.905,0.991,0.368,-0.972,0.973,-0.936,-0.995,0.973,0.998,0.651,-0.938,-0.964,-0.996,0.499,-0.169,0.994,0.974,0.982,-0.965,-0.996,-0.981,0.995,-0.01,0.962,-0.998,0.949,-0.966,0.88,-0.965,-0.469,-0.969,-0.991,-0.946,0.793,-0.998,0.953,0.533,0.992,0.976,-0.885,0.839,0.903,-0.94,-0.878,-0.863,-0.852,-0.964,-0.992,-0.69,-0.878,0.981,-0.957,-0.904,-0.998,-0.922,0.985,-0.856,-0.946,0.998,-0.982,-0.964,-0.538,0.956,0.895,-0.968,0.976,-0.992,0.956,0.955,0.972,-0.989,4.65,4.187,10.271,10.323,10.331,10.365,10.3,10.257,4.847,4.313,10.296,10.27,5.132,4.682,10.276,10.363,EssenceCatalog/problems/csplib-prob010-SocialGolfers/params/4b708dbdbdb8bf120131032413363eb2.param
-0.992,-0.966,0.983,-0.994,-0.992,0.996,0.731,0.996,0.992,-0.983,-0.93,0.995,-0.953,0.987,-0.819,-0.995,-0.976,0.888,-0.823,-0.597,0.985,-0.994,-0.996,-0.987,0.994,0.937,-0.955,-0.918,-0.933,0.994,-0.979,0.877,-0.951,0.986,0.963,-0.999,0.926,0.998,0.971,-0.769,-0.987,-0.998,0.967,-0.925,0.999,0.865,0.994,-0.953,-0.999,-0.996,0.998,0.798,0.923,-0.999,0.98,-0.995,-0.488,-0.977,-0.525,-0.956,0.975,-0.959,0.903,-0.999,0.939,0.916,0.994,0.944,-0.977,0.953,0.97,-0.866,-0.984,-0.976,-0.993,-0.952,-0.995,-0.973,-0.987,0.946,-0.989,0.671,-0.999,-0.97,0.991,0.996,-0.976,0.999,-0.978,-0.986,-0.962,0.986,0.951,-0.993,0.991,-0.996,0.994,0.973,0.986,-0.994,9.161,5.53,10.257,10.189,10.239,10.266,10.278,10.234,7.173,5.809,10.179,10.198,7.645,7.356,10.199,10.241,EssenceCatalog/problems/csplib-prob010-SocialGolfers/params/b34e761447f20eda49e547b465963a91.param
-0.995,-0.989,0.991,-0.996,-0.997,0.997,0.982,0.998,0.995,-0.992,-0.986,0.996,-0.983,0.993,-0.84,-0.992,-0.926,0.874,-0.943,-0.979,0.981,-0.996,-0.997,-0.981,0.997,0.992,-0.99,-0.966,-0.99,0.998,-0.991,0.977,-0.973,0.992,0.993,-0.999,0.928,0.999,0.988,-0.967,-0.996,-0.999,0.991,-0.988,0.999,0.944,0.998,-0.985,-0.999,-0.994,0.999,0.969,0.963,-0.999,0.976,-0.997,-0.981,-0.978,-0.947,-0.966,0.983,-0.995,0.979,-1.0,0.987,0.986,0.995,0.985,-0.99,0.98,0.986,-0.952,-0.996,-0.989,-0.994,-0.985,-0.997,-0.985,-0.984,0.977,-0.98,0.986,-1.0,-0.991,0.996,0.995,-0.98,1.0,-0.984,-0.994,-0.989,0.983,0.978,-0.994,0.996,-0.998,0.995,0.986,0.987,-0.998,9.638,5.792,10.504,10.422,10.474,10.51,10.488,10.438,7.516,6.098,10.457,10.438,8.004,7.797,10.482,10.478,EssenceCatalog/problems/csplib-prob010-SocialGolfers/params/d3df48af4cd7bc447bc2dfc4caf7078f.param
-0.981,-0.919,0.898,-0.973,-0.958,0.987,0.05,0.986,0.96,-0.981,-0.933,0.942,-0.552,0.991,-0.912,-0.752,0.288,0.749,0.926,-0.193,0.931,-0.97,-0.985,-0.635,0.992,0.849,-0.77,-0.738,-0.909,0.989,0.832,0.852,-0.89,0.953,0.135,-0.994,0.911,0.997,0.799,-0.94,-0.976,-0.994,0.814,-0.93,0.979,0.861,0.994,-0.97,-0.995,-0.948,0.985,0.876,0.947,-0.998,0.696,-0.956,-0.881,-0.843,-0.845,-0.895,-0.926,-0.975,0.881,-0.998,0.962,0.91,0.976,0.921,-0.835,0.852,0.828,-0.955,-0.953,-0.809,-0.928,-0.957,-0.978,-0.526,-0.693,0.938,-0.475,0.828,-0.999,-0.962,0.952,0.254,-0.924,0.997,-0.945,-0.959,-0.855,0.878,0.92,-0.951,0.986,-0.993,0.935,0.892,0.824,-0.991,7.152,5.162,10.06,10.122,10.147,10.131,10.155,10.24,6.277,5.386,10.102,10.082,6.591,6.68,10.062,10.059,EssenceCatalog/problems/csplib-prob010-SocialGolfers/params/8ceb8bcd7cd225f18de674b947d15c5e.param
-0.965,-0.981,0.962,-0.953,-0.972,0.989,-0.973,0.981,0.962,-0.971,-0.921,0.983,-0.779,0.994,-0.981,-0.806,-0.804,0.944,0.983,0.958,0.959,-0.973,-0.987,-0.887,0.995,-0.672,0.091,-0.724,-0.944,0.968,0.985,0.62,-0.947,0.947,-0.672,-0.994,0.972,0.998,0.69,-0.893,-0.962,-0.995,0.472,-0.505,0.991,0.975,0.983,-0.955,-0.995,-0.967,0.991,0.495,0.955,-0.997,0.889,-0.958,0.249,-0.918,-0.485,-0.93,-0.984,-0.945,0.807,-0.998,0.965,0.734,0.986,0.983,-0.815,0.823,0.862,-0.929,-0.862,-0.801,-0.819,-0.976,-0.985,-0.48,-0.809,0.969,-0.892,-0.598,-0.998,-0.923,0.977,-0.706,-0.894,0.997,-0.974,-0.96,-0.702,0.923,0.872,-0.96,0.976,-0.99,0.929,0.918,0.936,-0.987,5.117,4.426,10.346,10.312,10.311,10.295,10.289,10.304,5.132,4.565,10.374,10.281,5.429,5.066,10.336,10.318,EssenceCatalog/problems/csplib-prob010-SocialGolfers/params/214937a4aad1badb096dabba8c951006.param
-0.975,-0.983,0.976,-0.968,-0.96,0.988,-0.183,0.985,0.963,-0.98,-0.931,0.945,-0.867,0.991,-0.945,-0.654,-0.205,0.725,0.834,-0.159,0.94,-0.97,-0.992,-0.803,0.992,0.835,-0.835,-0.619,-0.978,0.994,0.693,0.888,-0.921,0.924,0.727,-0.993,0.935,0.997,0.854,-0.907,-0.982,-0.993,0.765,-0.912,0.99,0.963,0.992,-0.952,-0.994,-0.946,0.99,0.91,0.945,-0.997,0.66,-0.964,-0.929,-0.785,-0.768,-0.845,-0.796,-0.972,0.876,-0.998,0.981,0.954,0.978,0.984,-0.844,0.856,0.916,-0.93,-0.941,-0.804,-0.907,-0.983,-0.986,-0.606,-0.74,0.966,-0.663,0.852,-0.998,-0.97,0.978,0.343,-0.883,0.997,-0.958,-0.969,-0.919,0.886,0.911,-0.967,0.98,-0.989,0.926,0.899,0.876,-0.992,7.524,5.326,10.341,10.314,10.275,10.302,10.309,10.359,6.507,5.542,10.367,10.26,6.858,6.849,10.317,10.245,EssenceCatalog/problems/csplib-prob010-SocialGolfers/params/59081c48e4a6b94fcf5582e6d93bb0f3.param
-0.99,0.998,-0.994,-0.994,-0.983,0.986,-0.979,0.987,0.991,-0.967,-0.99,0.987,0.994,0.994,-0.928,-0.977,-0.927,0.989,0.988,0.978,0.968,-0.992,-0.983,0.771,0.997,0.844,-0.549,-0.949,0.996,-0.965,0.872,0.305,-0.949,0.987,-0.99,-0.999,0.492,1.0,-0.821,-0.917,-0.983,-0.998,0.967,-0.965,0.995,-0.995,0.993,-0.977,-0.998,-0.992,0.997,-0.915,0.981,-0.999,0.977,-0.977,0.914,-0.973,-0.93,-0.987,-0.99,-0.974,0.961,-0.999,-0.978,-0.967,0.988,-0.996,-0.972,0.977,0.834,-0.961,-0.988,-0.94,-0.985,0.995,-0.993,-0.836,-0.979,0.815,-0.883,0.942,-0.999,-0.989,0.963,0.84,-0.956,0.999,-0.931,-0.978,0.954,0.96,0.951,-0.929,0.987,-0.996,0.985,0.977,0.923,-0.995,4.226,3.486,4.838,10.281,10.523,10.4,10.58,10.795,4.199,3.701,4.887,10.167,4.778,4.379,5.923,10.175,EssenceCatalog/problems/csplib-prob010-SocialGolfers/params/32410275b776feed344943d473dbea56.param
-0.97,-0.976,0.959,-0.956,-0.948,0.988,-0.903,0.981,0.965,-0.96,-0.845,0.973,-0.783,0.989,-0.957,-0.813,-0.667,0.893,0.948,0.857,0.949,-0.969,-0.984,-0.876,0.992,-0.149,-0.351,-0.655,-0.948,0.983,0.935,0.614,-0.92,0.927,-0.116,-0.994,0.964,0.998,0.727,-0.821,-0.956,-0.994,0.591,-0.636,0.988,0.961,0.984,-0.933,-0.995,-0.964,0.986,0.695,0.944,-0.997,0.845,-0.961,-0.219,-0.881,-0.384,-0.901,-0.937,-0.92,0.758,-0.998,0.962,0.802,0.981,0.976,-0.787,0.832,0.849,-0.898,-0.863,-0.785,-0.835,-0.976,-0.98,-0.417,-0.795,0.953,-0.846,-0.161,-0.998,-0.914,0.974,0.051,-0.877,0.996,-0.969,-0.949,-0.798,0.89,0.871,-0.966,0.978,-0.988,0.932,0.87,0.889,-0.984,5.849,4.667,10.329,10.285,10.231,10.23,10.255,10.316,5.535,4.814,10.325,10.243,5.846,5.551,10.283,10.253,EssenceCatalog/problems/csplib-prob010-SocialGolfers/params/8fa9e80abb97e1badef035dda6274a51.param
-0.987,-0.981,0.979,-0.984,-0.983,0.992,0.73,0.992,0.974,-0.99,-0.982,0.954,-0.905,0.994,-0.933,-0.776,-0.002,0.653,0.583,-0.862,0.949,-0.982,-0.995,-0.748,0.995,0.971,-0.949,-0.798,-0.986,0.997,-0.013,0.969,-0.946,0.961,0.894,-0.996,0.875,0.997,0.935,-0.974,-0.992,-0.996,0.908,-0.982,0.992,0.946,0.997,-0.982,-0.997,-0.956,0.994,0.969,0.959,-0.999,0.655,-0.975,-0.99,-0.821,-0.955,-0.886,-0.513,-0.992,0.952,-0.999,0.987,0.985,0.985,0.985,-0.933,0.921,0.96,-0.969,-0.983,-0.917,-0.969,-0.987,-0.991,-0.796,-0.811,0.976,-0.643,0.981,-0.999,-0.989,0.985,0.594,-0.942,0.999,-0.961,-0.983,-0.967,0.927,0.958,-0.979,0.99,-0.994,0.954,0.951,0.908,-0.996,8.511,5.572,10.317,10.308,10.28,10.315,10.331,10.359,6.977,5.86,10.367,10.244,7.387,7.441,10.322,10.259,EssenceCatalog/problems/csplib-prob010-SocialGolfers/params/2aca80cbdca4c138820c254712057f61.param
-0.972,-0.989,0.987,-0.965,-0.979,0.992,-0.928,0.981,0.971,-0.967,-0.81,0.99,-0.949,0.99,-0.969,-0.977,-0.962,0.92,0.853,0.918,0.968,-0.977,-0.99,-0.973,0.99,-0.512,-0.051,-0.728,-0.958,0.985,0.661,0.438,-0.944,0.948,0.159,-0.996,0.971,0.997,0.872,-0.621,-0.961,-0.995,0.699,-0.256,0.996,0.978,0.979,-0.906,-0.997,-0.986,0.995,0.403,0.9,-0.996,0.947,-0.981,0.708,-0.948,0.045,-0.933,-0.508,-0.875,0.641,-0.997,0.957,0.767,0.988,0.985,-0.877,0.841,0.911,-0.795,-0.848,-0.877,-0.914,-0.983,-0.989,-0.748,-0.931,0.958,-0.966,-0.82,-0.998,-0.873,0.987,0.826,-0.928,0.997,-0.976,-0.97,-0.891,0.961,0.879,-0.982,0.976,-0.99,0.974,0.926,0.964,-0.985,5.898,4.455,10.379,10.294,10.205,10.238,10.272,10.279,5.434,4.6,10.336,10.207,5.781,5.242,10.304,10.284,EssenceCatalog/problems/csplib-prob010-SocialGolfers/params/0328c30e538f40c103b1d2c29e0415c7.param
-0.966,-0.98,0.962,-0.953,-0.961,0.988,-0.948,0.981,0.96,-0.968,-0.903,0.975,-0.771,0.992,-0.973,-0.754,-0.69,0.921,0.974,0.917,0.953,-0.969,-0.986,-0.866,0.993,-0.423,-0.184,-0.678,-0.951,0.977,0.976,0.662,-0.934,0.937,-0.447,-0.993,0.968,0.998,0.703,-0.88,-0.961,-0.994,0.503,-0.617,0.989,0.971,0.984,-0.95,-0.994,-0.961,0.988,0.632,0.953,-0.997,0.852,-0.954,-0.135,-0.892,-0.503,-0.91,-0.977,-0.942,0.807,-0.997,0.966,0.786,0.983,0.982,-0.789,0.819,0.852,-0.923,-0.866,-0.78,-0.82,-0.977,-0.983,-0.428,-0.775,0.964,-0.851,-0.328,-0.998,-0.925,0.973,-0.559,-0.879,0.997,-0.97,-0.956,-0.75,0.904,0.869,-0.959,0.976,-0.988,0.922,0.898,0.911,-0.986,5.432,4.571,10.344,10.299,10.285,10.257,10.275,10.312,5.323,4.711,10.372,10.272,5.62,5.322,10.328,10.283,EssenceCatalog/problems/csplib-prob010-SocialGolfers/params/ba02bc7dd5fd6d3c0e4eebacff67069a.param
-0.965,-0.98,0.962,-0.951,-0.959,0.988,-0.965,0.98,0.963,-0.967,-0.902,0.979,-0.78,0.992,-0.975,-0.763,-0.779,0.931,0.973,0.942,0.957,-0.972,-0.987,-0.874,0.994,-0.5,-0.185,-0.659,-0.95,0.973,0.976,0.647,-0.941,0.932,-0.409,-0.994,0.971,0.998,0.674,-0.863,-0.963,-0.994,0.483,-0.598,0.991,0.971,0.983,-0.946,-0.995,-0.962,0.989,0.595,0.956,-0.997,0.866,-0.958,-0.054,-0.893,-0.447,-0.912,-0.975,-0.939,0.809,-0.998,0.961,0.767,0.984,0.983,-0.801,0.829,0.866,-0.917,-0.867,-0.787,-0.823,-0.975,-0.985,-0.441,-0.813,0.967,-0.876,-0.35,-0.998,-0.931,0.978,-0.534,-0.872,0.997,-0.973,-0.958,-0.727,0.907,0.869,-0.965,0.976,-0.988,0.924,0.904,0.92,-0.986,5.398,4.551,10.353,10.313,10.294,10.273,10.291,10.321,5.299,4.687,10.378,10.281,5.602,5.274,10.336,10.298,EssenceCatalog/problems/csplib-prob010-SocialGolfers/params/f00a6026eea5783914b1a4f40c774e80.param
-0.991,0.997,-0.992,-0.993,-0.983,0.985,-0.97,0.986,0.991,-0.973,-0.99,0.984,0.993,0.995,-0.935,-0.968,-0.881,0.988,0.988,0.968,0.967,-0.991,-0.985,0.736,0.997,0.889,-0.643,-0.936,0.994,-0.945,0.871,0.504,-0.944,0.986,-0.986,-0.999,0.509,0.999,-0.735,-0.924,-0.985,-0.997,0.962,-0.97,0.994,-0.994,0.994,-0.978,-0.998,-0.99,0.997,-0.886,0.981,-0.999,0.972,-0.974,0.844,-0.967,-0.933,-0.984,-0.99,-0.979,0.962,-0.998,-0.97,-0.951,0.987,-0.995,-0.97,0.974,0.858,-0.964,-0.988,-0.934,-0.984,0.994,-0.993,-0.814,-0.974,0.826,-0.843,0.956,-0.998,-0.99,0.964,0.802,-0.948,0.999,-0.92,-0.98,0.938,0.96,0.947,-0.921,0.986,-0.996,0.984,0.976,0.92,-0.995,4.292,3.532,4.895,10.277,10.54,10.419,10.589,10.799,4.254,3.75,4.943,10.174,4.819,4.441,5.984,10.179,EssenceCatalog/problems/csplib-prob010-SocialGolfers/params/90d421c4e64f393138c85efc386e35c1.param
-0.976,-0.987,0.988,-0.968,-0.985,0.993,-0.932,0.982,0.972,-0.971,-0.833,0.991,-0.946,0.992,-0.969,-0.985,-0.969,0.933,0.87,0.921,0.971,-0.976,-0.991,-0.98,0.99,-0.547,0.032,-0.73,-0.946,0.984,0.612,0.431,-0.947,0.959,0.06,-0.996,0.97,0.997,0.904,-0.642,-0.966,-0.995,0.668,-0.16,0.996,0.973,0.978,-0.916,-0.997,-0.988,0.996,0.194,0.899,-0.996,0.96,-0.982,0.806,-0.961,0.161,-0.939,-0.522,-0.863,0.634,-0.997,0.953,0.757,0.989,0.982,-0.886,0.829,0.916,-0.808,-0.864,-0.893,-0.929,-0.981,-0.99,-0.808,-0.936,0.957,-0.973,-0.879,-0.998,-0.87,0.987,0.847,-0.936,0.997,-0.973,-0.974,-0.899,0.972,0.885,-0.982,0.977,-0.991,0.979,0.935,0.971,-0.986,5.802,4.392,10.345,10.271,10.194,10.228,10.265,10.252,5.361,4.54,10.308,10.181,5.709,5.151,10.282,10.266,EssenceCatalog/problems/csplib-prob010-SocialGolfers/params/d97a0b19335c95b681683fb9372ff75c.param
-0.971,-0.987,0.985,-0.965,-0.966,0.99,-0.744,0.983,0.967,-0.966,-0.796,0.98,-0.935,0.988,-0.958,-0.934,-0.854,0.834,0.79,0.676,0.958,-0.972,-0.99,-0.948,0.99,0.162,-0.504,-0.66,-0.969,0.992,0.533,0.641,-0.924,0.924,0.544,-0.995,0.959,0.997,0.868,-0.674,-0.964,-0.993,0.719,-0.569,0.993,0.975,0.982,-0.904,-0.995,-0.977,0.992,0.728,0.904,-0.996,0.875,-0.978,-0.124,-0.905,-0.129,-0.897,-0.426,-0.912,0.7,-0.998,0.971,0.884,0.983,0.985,-0.841,0.845,0.91,-0.827,-0.876,-0.832,-0.901,-0.983,-0.987,-0.669,-0.88,0.956,-0.907,-0.252,-0.998,-0.915,0.984,0.8,-0.906,0.996,-0.971,-0.962,-0.905,0.937,0.865,-0.977,0.976,-0.988,0.959,0.899,0.936,-0.987,6.746,4.862,10.426,10.329,10.244,10.283,10.316,10.347,5.963,5.024,10.39,10.261,6.333,5.953,10.342,10.295,EssenceCatalog/problems/csplib-prob010-SocialGolfers/params/2cc872eadea82635651e384053b60571.param
-0.971,-0.985,0.972,-0.964,-0.958,0.988,-0.578,0.984,0.961,-0.983,-0.96,0.944,-0.829,0.993,-0.958,-0.393,-0.255,0.806,0.904,0.2,0.945,-0.971,-0.993,-0.727,0.993,0.768,-0.849,-0.581,-0.981,0.992,0.893,0.916,-0.934,0.923,0.662,-0.993,0.941,0.996,0.83,-0.933,-0.985,-0.994,0.692,-0.933,0.991,0.965,0.992,-0.962,-0.994,-0.928,0.99,0.906,0.962,-0.998,0.651,-0.955,-0.954,-0.748,-0.833,-0.835,-0.932,-0.978,0.917,-0.998,0.979,0.953,0.979,0.987,-0.848,0.86,0.924,-0.95,-0.944,-0.796,-0.898,-0.982,-0.988,-0.559,-0.724,0.972,-0.64,0.882,-0.998,-0.978,0.98,-0.303,-0.852,0.997,-0.958,-0.975,-0.892,0.886,0.912,-0.967,0.978,-0.987,0.898,0.914,0.884,-0.991,7.061,5.297,10.409,10.388,10.369,10.373,10.367,10.413,6.337,5.47,10.443,10.359,6.64,6.651,10.396,10.323,EssenceCatalog/problems/csplib-prob010-SocialGolfers/params/115f95cc3f5234b7cd27d7d45eb5551e.param
-0.995,-0.986,0.989,-0.996,-0.997,0.997,0.985,0.998,0.995,-0.991,-0.988,0.995,-0.979,0.993,-0.829,-0.992,-0.91,0.862,-0.941,-0.982,0.977,-0.996,-0.997,-0.978,0.997,0.993,-0.989,-0.965,-0.988,0.997,-0.992,0.979,-0.973,0.991,0.992,-0.999,0.908,0.999,0.988,-0.969,-0.996,-0.999,0.991,-0.989,0.998,0.931,0.998,-0.986,-0.999,-0.994,0.999,0.968,0.962,-0.999,0.974,-0.996,-0.983,-0.977,-0.955,-0.965,0.983,-0.995,0.981,-1.0,0.985,0.985,0.994,0.982,-0.99,0.98,0.987,-0.955,-0.996,-0.989,-0.994,-0.982,-0.996,-0.984,-0.982,0.977,-0.979,0.988,-1.0,-0.992,0.995,0.994,-0.979,1.0,-0.982,-0.993,-0.988,0.983,0.979,-0.993,0.996,-0.998,0.994,0.986,0.986,-0.998,9.634,5.788,10.489,10.41,10.464,10.499,10.477,10.427,7.512,6.095,10.443,10.426,7.998,7.795,10.469,10.467,EssenceCatalog/problems/csplib-prob010-SocialGolfers/params/698f637d91d9c4d603d09394703e31a1.param
-0.967,-0.981,0.969,-0.955,-0.945,0.988,-0.855,0.98,0.962,-0.963,-0.849,0.968,-0.831,0.989,-0.955,-0.77,-0.645,0.861,0.92,0.773,0.948,-0.967,-0.986,-0.877,0.991,0.103,-0.51,-0.595,-0.962,0.987,0.896,0.689,-0.918,0.912,0.248,-0.993,0.961,0.997,0.763,-0.806,-0.961,-0.993,0.596,-0.69,0.99,0.966,0.984,-0.926,-0.994,-0.959,0.986,0.758,0.94,-0.997,0.812,-0.962,-0.462,-0.854,-0.4,-0.876,-0.897,-0.925,0.772,-0.998,0.966,0.858,0.979,0.981,-0.785,0.827,0.871,-0.885,-0.868,-0.767,-0.843,-0.98,-0.981,-0.455,-0.793,0.957,-0.829,0.099,-0.998,-0.927,0.977,0.203,-0.859,0.996,-0.967,-0.953,-0.835,0.889,0.868,-0.967,0.975,-0.986,0.927,0.873,0.89,-0.984,6.274,4.844,10.365,10.306,10.244,10.258,10.278,10.335,5.787,4.995,10.361,10.258,6.114,5.861,10.312,10.264,EssenceCatalog/problems/csplib-prob010-SocialGolfers/params/33ffc1db6d9959a46c5b432900c1f8ec.param
-0.98,-0.961,0.947,-0.973,-0.963,0.988,0.067,0.987,0.961,-0.983,-0.948,0.94,-0.723,0.992,-0.928,-0.682,0.172,0.726,0.896,-0.303,0.936,-0.971,-0.99,-0.688,0.992,0.883,-0.834,-0.701,-0.956,0.992,0.79,0.895,-0.909,0.946,0.498,-0.994,0.918,0.997,0.837,-0.943,-0.982,-0.994,0.806,-0.941,0.985,0.918,0.994,-0.97,-0.995,-0.943,0.989,0.906,0.951,-0.998,0.655,-0.96,-0.936,-0.812,-0.86,-0.875,-0.899,-0.979,0.898,-0.998,0.974,0.945,0.977,0.962,-0.846,0.857,0.878,-0.953,-0.956,-0.816,-0.927,-0.974,-0.983,-0.591,-0.708,0.956,-0.518,0.89,-0.999,-0.971,0.966,0.239,-0.912,0.997,-0.949,-0.968,-0.898,0.885,0.925,-0.959,0.984,-0.992,0.929,0.903,0.85,-0.992,7.435,5.293,10.204,10.222,10.216,10.222,10.235,10.302,6.454,5.521,10.251,10.172,6.783,6.865,10.201,10.15,EssenceCatalog/problems/csplib-prob010-SocialGolfers/params/3f921fcdd661e02e3601e98d4424eb35.param
-0.98,-0.936,0.912,-0.971,-0.955,0.987,-0.134,0.986,0.959,-0.98,-0.93,0.943,-0.58,0.991,-0.918,-0.702,0.234,0.771,0.931,-0.038,0.933,-0.97,-0.985,-0.654,0.992,0.821,-0.775,-0.713,-0.923,0.989,0.871,0.85,-0.889,0.949,0.167,-0.994,0.923,0.997,0.785,-0.937,-0.976,-0.994,0.784,-0.925,0.98,0.885,0.993,-0.968,-0.995,-0.945,0.985,0.873,0.95,-0.998,0.694,-0.954,-0.882,-0.833,-0.83,-0.888,-0.939,-0.973,0.883,-0.998,0.964,0.91,0.975,0.937,-0.822,0.846,0.825,-0.953,-0.948,-0.795,-0.92,-0.962,-0.978,-0.503,-0.691,0.941,-0.488,0.815,-0.999,-0.961,0.954,0.147,-0.914,0.997,-0.946,-0.96,-0.849,0.874,0.918,-0.952,0.984,-0.992,0.928,0.889,0.822,-0.991,7.035,5.153,10.105,10.156,10.176,10.159,10.18,10.262,6.235,5.362,10.142,10.121,6.538,6.61,10.101,10.093,EssenceCatalog/problems/csplib-prob010-SocialGolfers/params/db3393704ad0671ffe1218fc5089e129.param
-0.97,-0.983,0.973,-0.958,-0.966,0.991,-0.951,0.981,0.966,-0.96,-0.831,0.985,-0.864,0.99,-0.97,-0.919,-0.869,0.924,0.952,0.937,0.959,-0.973,-0.984,-0.935,0.992,-0.587,0.01,-0.718,-0.949,0.981,0.932,0.483,-0.938,0.939,-0.334,-0.995,0.973,0.998,0.767,-0.778,-0.95,-0.995,0.592,-0.387,0.991,0.974,0.982,-0.93,-0.996,-0.978,0.99,0.526,0.933,-0.997,0.909,-0.969,0.451,-0.926,-0.235,-0.925,-0.915,-0.9,0.707,-0.998,0.96,0.736,0.986,0.982,-0.818,0.833,0.863,-0.872,-0.837,-0.828,-0.851,-0.981,-0.984,-0.522,-0.862,0.957,-0.922,-0.696,-0.998,-0.888,0.981,0.231,-0.904,0.996,-0.976,-0.954,-0.807,0.926,0.868,-0.972,0.978,-0.989,0.951,0.892,0.931,-0.984,5.444,4.418,10.35,10.295,10.234,10.239,10.263,10.294,5.251,4.559,10.338,10.232,5.563,5.122,10.298,10.28,EssenceCatalog/problems/csplib-prob010-SocialGolfers/params/64c93dee4f73cb2833e034766133166b.param
-0.981,-0.941,0.924,-0.974,-0.962,0.988,0.154,0.987,0.962,-0.982,-0.943,0.941,-0.651,0.991,-0.919,-0.739,0.245,0.725,0.908,-0.336,0.932,-0.971,-0.987,-0.649,0.992,0.877,-0.808,-0.736,-0.936,0.991,0.784,0.879,-0.903,0.953,0.325,-0.994,0.908,0.997,0.825,-0.945,-0.98,-0.994,0.824,-0.94,0.981,0.888,0.994,-0.971,-0.995,-0.946,0.987,0.901,0.949,-0.998,0.674,-0.959,-0.918,-0.831,-0.866,-0.889,-0.904,-0.978,0.891,-0.999,0.969,0.933,0.977,0.944,-0.85,0.86,0.859,-0.956,-0.958,-0.823,-0.932,-0.966,-0.98,-0.573,-0.703,0.948,-0.496,0.872,-0.999,-0.968,0.959,0.275,-0.924,0.997,-0.947,-0.963,-0.885,0.881,0.926,-0.956,0.986,-0.992,0.936,0.899,0.837,-0.992,7.377,5.248,10.133,10.172,10.179,10.176,10.196,10.272,6.405,5.482,10.181,10.124,6.732,6.827,10.134,10.103,EssenceCatalog/problems/csplib-prob010-SocialGolfers/params/be19ea23e9edad8f3d147ad2afd9da22.param
-0.967,-0.978,0.963,-0.956,-0.953,0.987,-0.864,0.98,0.961,-0.966,-0.861,0.969,-0.804,0.99,-0.958,-0.786,-0.631,0.873,0.937,0.804,0.949,-0.966,-0.986,-0.877,0.991,0.029,-0.406,-0.625,-0.955,0.984,0.917,0.671,-0.916,0.919,0.044,-0.993,0.96,0.997,0.754,-0.819,-0.962,-0.993,0.601,-0.656,0.99,0.963,0.984,-0.93,-0.994,-0.96,0.987,0.703,0.938,-0.997,0.827,-0.959,-0.308,-0.866,-0.414,-0.886,-0.917,-0.933,0.764,-0.998,0.963,0.831,0.979,0.978,-0.787,0.826,0.858,-0.888,-0.869,-0.765,-0.842,-0.977,-0.981,-0.456,-0.791,0.956,-0.828,-0.032,-0.998,-0.923,0.975,0.125,-0.872,0.995,-0.966,-0.955,-0.811,0.9,0.865,-0.962,0.976,-0.987,0.929,0.881,0.895,-0.986,6.061,4.752,10.339,10.293,10.242,10.249,10.268,10.322,5.66,4.904,10.335,10.249,5.979,5.712,10.292,10.255,EssenceCatalog/problems/csplib-prob010-SocialGolfers/params/5ea5f03e7085db49244500d57972846f.param
-0.972,-0.984,0.969,-0.964,-0.957,0.988,-0.59,0.984,0.96,-0.982,-0.959,0.944,-0.812,0.993,-0.957,-0.398,-0.216,0.813,0.915,0.237,0.944,-0.971,-0.992,-0.713,0.993,0.751,-0.844,-0.595,-0.979,0.991,0.908,0.911,-0.931,0.927,0.604,-0.993,0.942,0.997,0.818,-0.937,-0.984,-0.994,0.689,-0.932,0.99,0.963,0.992,-0.964,-0.994,-0.927,0.989,0.903,0.962,-0.998,0.651,-0.953,-0.951,-0.756,-0.839,-0.841,-0.944,-0.977,0.916,-0.998,0.978,0.95,0.979,0.986,-0.843,0.858,0.915,-0.953,-0.944,-0.795,-0.898,-0.982,-0.987,-0.542,-0.712,0.971,-0.622,0.873,-0.998,-0.976,0.977,-0.357,-0.857,0.997,-0.956,-0.974,-0.885,0.882,0.913,-0.965,0.978,-0.987,0.897,0.911,0.877,-0.991,6.99,5.277,10.392,10.377,10.363,10.362,10.356,10.406,6.3,5.446,10.428,10.351,6.595,6.613,10.381,10.313,EssenceCatalog/problems/csplib-prob010-SocialGolfers/params/5df8e6c4d83c1928dae777cc66dadf00.param
-0.995,-0.981,0.988,-0.995,-0.996,0.996,0.992,0.998,0.994,-0.992,-0.991,0.992,-0.974,0.993,-0.861,-0.989,-0.769,0.76,-0.896,-0.992,0.965,-0.995,-0.997,-0.96,0.997,0.995,-0.988,-0.96,-0.989,0.998,-0.993,0.986,-0.975,0.989,0.99,-0.999,0.82,0.998,0.989,-0.982,-0.996,-0.999,0.989,-0.991,0.997,0.927,0.999,-0.986,-0.999,-0.991,0.998,0.981,0.955,-0.999,0.946,-0.995,-0.992,-0.963,-0.974,-0.953,0.972,-0.996,0.981,-1.0,0.988,0.991,0.992,0.985,-0.989,0.977,0.988,-0.967,-0.995,-0.987,-0.993,-0.985,-0.995,-0.976,-0.97,0.978,-0.956,0.993,-1.0,-0.993,0.994,0.99,-0.979,1.0,-0.978,-0.993,-0.991,0.98,0.983,-0.992,0.996,-0.998,0.993,0.984,0.98,-0.997,9.609,5.772,10.437,10.366,10.417,10.45,10.427,10.376,7.493,6.08,10.401,10.375,7.969,7.79,10.424,10.418,EssenceCatalog/problems/csplib-prob010-SocialGolfers/params/6ce62d009a117f2c4f423a4066553288.param
-0.966,-0.978,0.955,-0.953,-0.955,0.987,-0.926,0.981,0.959,-0.97,-0.914,0.968,-0.734,0.992,-0.969,-0.668,-0.573,0.908,0.971,0.876,0.95,-0.968,-0.986,-0.826,0.993,-0.174,-0.375,-0.646,-0.951,0.978,0.974,0.722,-0.928,0.932,-0.307,-0.993,0.964,0.997,0.695,-0.891,-0.966,-0.994,0.52,-0.715,0.988,0.966,0.985,-0.952,-0.994,-0.952,0.987,0.694,0.955,-0.997,0.815,-0.95,-0.432,-0.866,-0.579,-0.896,-0.978,-0.95,0.833,-0.997,0.965,0.817,0.98,0.98,-0.785,0.821,0.851,-0.93,-0.88,-0.763,-0.829,-0.975,-0.982,-0.406,-0.747,0.962,-0.802,-0.002,-0.998,-0.938,0.971,-0.575,-0.865,0.996,-0.965,-0.958,-0.756,0.892,0.874,-0.956,0.976,-0.988,0.912,0.896,0.896,-0.987,5.677,4.712,10.335,10.305,10.294,10.264,10.279,10.328,5.496,4.85,10.361,10.29,5.781,5.566,10.319,10.278,EssenceCatalog/problems/csplib-prob010-SocialGolfers/params/3ecb5f00730f13c0d7bc5dee847c14d5.param
-0.968,-0.98,0.965,-0.956,-0.971,0.99,-0.973,0.981,0.965,-0.967,-0.896,0.985,-0.802,0.993,-0.978,-0.87,-0.85,0.945,0.978,0.962,0.96,-0.974,-0.986,-0.911,0.994,-0.696,0.137,-0.737,-0.942,0.971,0.978,0.543,-0.947,0.947,-0.638,-0.995,0.974,0.998,0.708,-0.865,-0.957,-0.995,0.518,-0.433,0.991,0.973,0.983,-0.949,-0.996,-0.973,0.991,0.466,0.95,-0.997,0.908,-0.963,0.427,-0.928,-0.39,-0.935,-0.975,-0.931,0.775,-0.998,0.961,0.703,0.987,0.982,-0.821,0.834,0.862,-0.912,-0.852,-0.819,-0.83,-0.977,-0.985,-0.49,-0.838,0.966,-0.912,-0.686,-0.998,-0.911,0.979,-0.472,-0.903,0.997,-0.977,-0.958,-0.724,0.927,0.871,-0.966,0.978,-0.99,0.941,0.912,0.937,-0.986,5.127,4.382,10.34,10.31,10.292,10.289,10.282,10.297,5.116,4.521,10.355,10.266,5.415,5.013,10.319,10.316,EssenceCatalog/problems/csplib-prob010-SocialGolfers/params/6ddc2ada4b769f692e7b2abb95bd6e9c.param
-0.99,0.998,-0.995,-0.994,-0.983,0.985,-0.977,0.986,0.991,-0.964,-0.99,0.987,0.995,0.994,-0.918,-0.976,-0.923,0.99,0.988,0.977,0.968,-0.992,-0.98,0.8,0.997,0.858,-0.597,-0.95,0.997,-0.97,0.875,0.275,-0.944,0.988,-0.99,-0.999,0.446,1.0,-0.848,-0.915,-0.983,-0.998,0.967,-0.968,0.994,-0.996,0.993,-0.978,-0.998,-0.992,0.997,-0.923,0.982,-0.999,0.977,-0.977,0.914,-0.973,-0.935,-0.987,-0.99,-0.972,0.964,-0.998,-0.981,-0.971,0.988,-0.997,-0.972,0.976,0.805,-0.963,-0.989,-0.937,-0.985,0.996,-0.992,-0.841,-0.979,0.79,-0.87,0.948,-0.998,-0.989,0.957,0.849,-0.955,0.999,-0.925,-0.978,0.96,0.957,0.952,-0.92,0.986,-0.996,0.985,0.976,0.917,-0.994,4.221,3.479,4.798,10.264,10.505,10.384,10.567,10.786,4.19,3.693,4.847,10.15,4.772,4.376,5.887,10.156,EssenceCatalog/problems/csplib-prob010-SocialGolfers/params/207db0c4effa62e955b957f5ca7da1e1.param
-0.97,-0.983,0.973,-0.959,-0.968,0.991,-0.956,0.981,0.968,-0.958,-0.839,0.986,-0.868,0.991,-0.972,-0.921,-0.878,0.927,0.958,0.941,0.959,-0.973,-0.984,-0.934,0.993,-0.627,0.085,-0.736,-0.95,0.979,0.937,0.463,-0.943,0.942,-0.41,-0.995,0.973,0.998,0.769,-0.796,-0.95,-0.995,0.589,-0.369,0.991,0.975,0.982,-0.934,-0.996,-0.978,0.99,0.533,0.936,-0.997,0.912,-0.969,0.469,-0.929,-0.24,-0.93,-0.924,-0.902,0.707,-0.998,0.963,0.731,0.987,0.983,-0.822,0.84,0.874,-0.877,-0.839,-0.834,-0.846,-0.981,-0.984,-0.525,-0.858,0.961,-0.928,-0.721,-0.998,-0.891,0.981,0.119,-0.91,0.997,-0.977,-0.953,-0.806,0.927,0.868,-0.973,0.979,-0.989,0.952,0.897,0.934,-0.984,5.375,4.4,10.361,10.304,10.246,10.249,10.266,10.296,5.218,4.542,10.352,10.243,5.526,5.085,10.312,10.295,EssenceCatalog/problems/csplib-prob010-SocialGolfers/params/95ae19d5b7d2f768b5fa15b52d325b0b.param
-0.971,-0.974,0.958,-0.962,-0.972,0.991,-0.947,0.982,0.967,-0.965,-0.872,0.983,-0.789,0.992,-0.972,-0.903,-0.786,0.932,0.975,0.934,0.954,-0.972,-0.983,-0.911,0.993,-0.596,0.175,-0.773,-0.929,0.975,0.963,0.475,-0.935,0.951,-0.651,-0.994,0.969,0.998,0.759,-0.858,-0.953,-0.995,0.597,-0.43,0.989,0.967,0.983,-0.947,-0.996,-0.976,0.99,0.483,0.939,-0.997,0.904,-0.963,0.465,-0.931,-0.359,-0.937,-0.963,-0.923,0.734,-0.998,0.96,0.699,0.985,0.975,-0.812,0.834,0.845,-0.908,-0.853,-0.824,-0.843,-0.975,-0.982,-0.486,-0.826,0.958,-0.902,-0.696,-0.998,-0.891,0.975,-0.179,-0.92,0.997,-0.973,-0.952,-0.767,0.927,0.872,-0.964,0.98,-0.991,0.948,0.898,0.925,-0.986,5.212,4.37,10.309,10.287,10.262,10.256,10.259,10.285,5.144,4.515,10.311,10.24,5.438,5.04,10.28,10.29,EssenceCatalog/problems/csplib-prob010-SocialGolfers/params/ac50300fb3f75f1cba745f1002527951.param
-0.995,-0.99,0.993,-0.996,-0.997,0.997,0.985,0.998,0.996,-0.993,-0.989,0.995,-0.986,0.994,-0.874,-0.991,-0.899,0.836,-0.93,-0.986,0.979,-0.996,-0.998,-0.98,0.998,0.994,-0.99,-0.964,-0.993,0.998,-0.992,0.984,-0.977,0.991,0.994,-0.999,0.904,0.999,0.991,-0.976,-0.997,-0.999,0.99,-0.99,0.999,0.955,0.999,-0.986,-0.999,-0.993,0.999,0.977,0.96,-0.999,0.969,-0.997,-0.989,-0.974,-0.958,-0.961,0.982,-0.996,0.981,-1.0,0.99,0.991,0.994,0.99,-0.991,0.981,0.99,-0.96,-0.996,-0.988,-0.994,-0.989,-0.997,-0.983,-0.98,0.981,-0.976,0.99,-1.0,-0.993,0.996,0.994,-0.979,1.0,-0.985,-0.994,-0.991,0.984,0.981,-0.994,0.997,-0.998,0.994,0.987,0.987,-0.998,9.647,5.798,10.508,10.426,10.477,10.512,10.489,10.438,7.523,6.105,10.464,10.44,8.008,7.808,10.488,10.48,EssenceCatalog/problems/csplib-prob010-SocialGolfers/params/0946889e4b7e3dc35224b6adc0f2f48f.param
-0.979,-0.933,0.908,-0.971,-0.953,0.987,-0.186,0.986,0.959,-0.978,-0.92,0.946,-0.583,0.99,-0.92,-0.731,0.196,0.776,0.938,0.026,0.93,-0.969,-0.984,-0.662,0.992,0.776,-0.726,-0.723,-0.916,0.988,0.878,0.821,-0.888,0.949,0.042,-0.994,0.926,0.997,0.776,-0.931,-0.973,-0.994,0.778,-0.909,0.978,0.889,0.993,-0.966,-0.995,-0.947,0.984,0.863,0.948,-0.998,0.703,-0.954,-0.846,-0.844,-0.808,-0.894,-0.941,-0.97,0.867,-0.998,0.963,0.898,0.975,0.934,-0.815,0.843,0.816,-0.951,-0.943,-0.791,-0.914,-0.961,-0.977,-0.475,-0.685,0.94,-0.516,0.754,-0.999,-0.956,0.951,0.131,-0.917,0.996,-0.947,-0.954,-0.841,0.869,0.913,-0.951,0.985,-0.992,0.929,0.883,0.82,-0.99,6.911,5.099,10.097,10.149,10.17,10.148,10.17,10.256,6.16,5.306,10.13,10.116,6.46,6.514,10.091,10.089,EssenceCatalog/problems/csplib-prob010-SocialGolfers/params/39618fe5331472e904e3bb14e8724879.param
-0.995,-0.98,0.989,-0.996,-0.997,0.996,0.991,0.998,0.995,-0.993,-0.991,0.994,-0.973,0.994,-0.851,-0.992,-0.862,0.82,-0.921,-0.989,0.974,-0.995,-0.997,-0.973,0.997,0.995,-0.987,-0.961,-0.987,0.998,-0.994,0.984,-0.974,0.99,0.992,-0.999,0.835,0.998,0.99,-0.974,-0.997,-0.999,0.991,-0.99,0.998,0.911,0.999,-0.986,-0.999,-0.993,0.999,0.971,0.954,-0.999,0.964,-0.996,-0.987,-0.971,-0.964,-0.958,0.982,-0.996,0.981,-1.0,0.986,0.989,0.993,0.98,-0.991,0.979,0.99,-0.961,-0.996,-0.988,-0.994,-0.98,-0.996,-0.983,-0.978,0.978,-0.972,0.991,-1.0,-0.994,0.995,0.994,-0.978,1.0,-0.979,-0.994,-0.99,0.984,0.98,-0.992,0.996,-0.998,0.994,0.986,0.986,-0.998,9.626,5.78,10.462,10.388,10.443,10.477,10.454,10.402,7.504,6.088,10.42,10.401,7.986,7.793,10.446,10.444,EssenceCatalog/problems/csplib-prob010-SocialGolfers/params/ebee4804fd009e81bb402e1384d57ad5.param
-0.948,0.993,-0.991,-0.792,0.98,0.969,-0.752,0.928,0.87,0.968,0.933,0.946,0.988,-0.935,0.974,-0.932,0.528,0.697,0.379,0.802,-0.124,-0.924,0.989,0.878,0.845,-0.945,-0.803,-0.855,0.992,0.182,0.89,-0.918,0.69,0.918,-0.985,-0.978,0.902,0.992,-0.973,-0.455,0.974,-0.978,0.282,-0.792,-0.985,-0.96,0.911,-0.876,-0.9,-0.891,-0.983,0.793,0.897,-0.993,0.506,-0.798,0.04,-0.792,-0.685,-0.922,-0.981,0.978,0.585,-0.968,-0.783,-0.957,0.914,-0.995,0.394,0.691,-0.971,-0.933,-0.534,-0.792,-0.881,0.893,0.846,0.85,-0.223,-0.966,-0.135,-0.593,-0.988,0.893,-0.968,0.746,-0.908,0.962,-0.503,0.959,0.901,-0.972,0.914,-0.821,0.936,-0.953,0.786,-0.924,-0.962,0.92,1.911,1.473,1.398,4.652,3.44,2.403,3.488,7.344,1.995,1.603,1.542,4.823,2.165,1.723,1.831,4.597,EssenceCatalog/problems/csplib-prob010-SocialGolfers/params/ord16-5-4-4.param
-0.966,-0.983,0.968,-0.956,-0.977,0.99,-0.974,0.981,0.963,-0.973,-0.921,0.985,-0.817,0.994,-0.983,-0.854,-0.844,0.949,0.984,0.962,0.961,-0.972,-0.987,-0.909,0.995,-0.734,0.242,-0.746,-0.947,0.969,0.983,0.585,-0.951,0.954,-0.726,-0.994,0.972,0.998,0.739,-0.899,-0.963,-0.995,0.477,-0.423,0.992,0.978,0.982,-0.955,-0.995,-0.971,0.992,0.421,0.952,-0.997,0.904,-0.96,0.435,-0.931,-0.434,-0.938,-0.983,-0.943,0.787,-0.998,0.967,0.729,0.987,0.985,-0.825,0.814,0.87,-0.924,-0.858,-0.815,-0.822,-0.978,-0.987,-0.535,-0.822,0.971,-0.909,-0.723,-0.998,-0.916,0.978,-0.687,-0.908,0.997,-0.975,-0.962,-0.719,0.938,0.868,-0.962,0.977,-0.99,0.938,0.926,0.945,-0.988,5.037,4.37,10.363,10.322,10.317,10.313,10.293,10.297,5.076,4.51,10.386,10.283,5.373,4.979,10.35,10.335,EssenceCatalog/problems/csplib-prob010-SocialGolfers/params/3b12cc2fb8699f72e6d7c0a7001027b9.param
-0.995,-0.981,0.988,-0.995,-0.996,0.996,0.992,0.998,0.995,-0.992,-0.99,0.992,-0.974,0.994,-0.862,-0.99,-0.783,0.757,-0.895,-0.992,0.967,-0.995,-0.997,-0.963,0.997,0.995,-0.987,-0.96,-0.989,0.998,-0.994,0.986,-0.975,0.989,0.99,-0.999,0.812,0.998,0.99,-0.98,-0.996,-0.999,0.989,-0.99,0.997,0.926,0.999,-0.986,-0.999,-0.991,0.998,0.98,0.953,-0.999,0.946,-0.996,-0.991,-0.964,-0.971,-0.953,0.975,-0.996,0.98,-1.0,0.987,0.991,0.992,0.984,-0.989,0.977,0.989,-0.966,-0.995,-0.987,-0.993,-0.985,-0.995,-0.976,-0.972,0.979,-0.959,0.992,-1.0,-0.993,0.994,0.991,-0.979,1.0,-0.979,-0.993,-0.991,0.981,0.982,-0.992,0.996,-0.998,0.993,0.984,0.981,-0.997,9.611,5.772,10.438,10.367,10.419,10.452,10.428,10.377,7.494,6.08,10.403,10.376,7.971,7.79,10.426,10.42,EssenceCatalog/problems/csplib-prob010-SocialGolfers/params/52e3fcbff080da8e841596281b4ca1ed.param
-0.967,-0.978,0.954,-0.954,-0.948,0.987,-0.893,0.981,0.959,-0.972,-0.928,0.961,-0.724,0.992,-0.964,-0.538,-0.452,0.89,0.964,0.801,0.947,-0.968,-0.988,-0.769,0.993,0.135,-0.589,-0.607,-0.959,0.982,0.97,0.793,-0.926,0.927,-0.047,-0.993,0.961,0.997,0.701,-0.906,-0.971,-0.994,0.544,-0.814,0.988,0.962,0.987,-0.955,-0.994,-0.941,0.986,0.781,0.96,-0.997,0.762,-0.948,-0.726,-0.828,-0.669,-0.878,-0.977,-0.957,0.868,-0.997,0.968,0.865,0.979,0.981,-0.792,0.828,0.862,-0.941,-0.9,-0.758,-0.844,-0.975,-0.983,-0.406,-0.717,0.964,-0.74,0.402,-0.998,-0.952,0.97,-0.602,-0.85,0.997,-0.962,-0.96,-0.783,0.874,0.885,-0.958,0.976,-0.987,0.899,0.894,0.88,-0.987,6.04,4.907,10.339,10.325,10.32,10.291,10.299,10.354,5.743,5.044,10.368,10.317,6.019,5.897,10.326,10.287,EssenceCatalog/problems/csplib-prob010-SocialGolfers/params/ba56d1a395b72025aaf8f7a148c35499.param
-0.97,-0.977,0.968,-0.962,-0.95,0.987,-0.566,0.982,0.96,-0.969,-0.861,0.957,-0.839,0.989,-0.944,-0.773,-0.425,0.783,0.89,0.397,0.939,-0.965,-0.987,-0.854,0.99,0.55,-0.643,-0.615,-0.963,0.991,0.792,0.76,-0.907,0.916,0.432,-0.993,0.948,0.997,0.809,-0.836,-0.968,-0.992,0.697,-0.784,0.987,0.96,0.987,-0.932,-0.994,-0.956,0.987,0.832,0.93,-0.997,0.746,-0.962,-0.699,-0.837,-0.521,-0.865,-0.83,-0.945,0.792,-0.998,0.973,0.905,0.977,0.976,-0.792,0.833,0.876,-0.897,-0.903,-0.769,-0.878,-0.979,-0.981,-0.507,-0.765,0.956,-0.748,0.457,-0.998,-0.941,0.973,0.417,-0.881,0.995,-0.961,-0.954,-0.879,0.884,0.881,-0.964,0.978,-0.988,0.93,0.874,0.875,-0.988,6.885,5.056,10.327,10.285,10.233,10.252,10.272,10.332,6.126,5.237,10.327,10.231,6.467,6.323,10.277,10.228,EssenceCatalog/problems/csplib-prob010-SocialGolfers/params/d86bc04e6e526dc2727d940848dbd3d3.param
-0.973,-0.984,0.983,-0.966,-0.97,0.991,-0.838,0.983,0.972,-0.964,-0.78,0.985,-0.926,0.988,-0.956,-0.963,-0.909,0.88,0.803,0.811,0.963,-0.976,-0.989,-0.959,0.99,-0.121,-0.351,-0.701,-0.956,0.989,0.553,0.541,-0.929,0.935,0.374,-0.995,0.964,0.997,0.861,-0.641,-0.959,-0.994,0.732,-0.473,0.994,0.97,0.982,-0.903,-0.996,-0.983,0.993,0.612,0.9,-0.996,0.917,-0.98,0.345,-0.928,-0.053,-0.915,-0.423,-0.887,0.67,-0.998,0.96,0.824,0.986,0.981,-0.857,0.852,0.901,-0.811,-0.865,-0.859,-0.914,-0.982,-0.987,-0.678,-0.909,0.949,-0.939,-0.567,-0.998,-0.893,0.985,0.854,-0.918,0.996,-0.973,-0.962,-0.888,0.947,0.873,-0.98,0.978,-0.989,0.968,0.904,0.946,-0.985,6.364,4.663,10.394,10.308,10.22,10.257,10.292,10.321,5.717,4.819,10.343,10.237,6.078,5.613,10.31,10.287,EssenceCatalog/problems/csplib-prob010-SocialGolfers/params/e227824765206b6c6b10fdd9921aec0a.param
-0.965,-0.98,0.961,-0.953,-0.969,0.989,-0.967,0.981,0.962,-0.97,-0.918,0.981,-0.773,0.993,-0.979,-0.791,-0.77,0.94,0.982,0.949,0.957,-0.972,-0.986,-0.877,0.994,-0.62,0.036,-0.723,-0.946,0.97,0.984,0.628,-0.945,0.946,-0.646,-0.994,0.971,0.998,0.692,-0.895,-0.962,-0.995,0.48,-0.546,0.99,0.974,0.983,-0.955,-0.995,-0.965,0.99,0.549,0.956,-0.997,0.878,-0.956,0.132,-0.912,-0.501,-0.926,-0.984,-0.944,0.81,-0.998,0.966,0.745,0.985,0.983,-0.808,0.825,0.86,-0.931,-0.864,-0.798,-0.818,-0.976,-0.985,-0.461,-0.794,0.968,-0.881,-0.535,-0.998,-0.923,0.975,-0.698,-0.894,0.997,-0.973,-0.958,-0.714,0.917,0.872,-0.96,0.977,-0.99,0.927,0.914,0.929,-0.987,5.18,4.46,10.349,10.313,10.31,10.285,10.289,10.311,5.172,4.601,10.38,10.284,5.469,5.125,10.34,10.314,EssenceCatalog/problems/csplib-prob010-SocialGolfers/params/864f4486092e37ccfe7e7fe35d79f03d.param
-0.969,-0.975,0.958,-0.956,-0.955,0.989,-0.925,0.981,0.964,-0.963,-0.861,0.975,-0.774,0.99,-0.963,-0.816,-0.698,0.906,0.959,0.889,0.951,-0.97,-0.984,-0.879,0.993,-0.262,-0.259,-0.668,-0.944,0.979,0.95,0.609,-0.926,0.93,-0.258,-0.994,0.966,0.998,0.719,-0.832,-0.957,-0.994,0.575,-0.605,0.989,0.962,0.984,-0.938,-0.995,-0.965,0.987,0.649,0.945,-0.997,0.858,-0.959,-0.096,-0.889,-0.395,-0.906,-0.951,-0.925,0.763,-0.998,0.96,0.777,0.982,0.976,-0.792,0.833,0.85,-0.901,-0.863,-0.788,-0.833,-0.975,-0.981,-0.422,-0.801,0.956,-0.857,-0.266,-0.998,-0.916,0.975,-0.084,-0.881,0.996,-0.97,-0.952,-0.776,0.9,0.868,-0.964,0.978,-0.988,0.932,0.881,0.899,-0.985,5.666,4.602,10.325,10.289,10.245,10.237,10.261,10.31,5.432,4.745,10.327,10.248,5.734,5.423,10.285,10.262,EssenceCatalog/problems/csplib-prob010-SocialGolfers/params/c0451fb3f37cebe7ee06c4d49c3e9a96.param
-0.974,-0.981,0.983,-0.97,-0.983,0.991,-0.911,0.982,0.974,-0.975,-0.843,0.99,-0.926,0.992,-0.967,-0.979,-0.958,0.922,0.846,0.905,0.971,-0.978,-0.992,-0.971,0.99,-0.343,-0.113,-0.714,-0.936,0.981,0.575,0.509,-0.938,0.949,0.187,-0.996,0.965,0.998,0.874,-0.612,-0.969,-0.995,0.734,-0.328,0.997,0.964,0.98,-0.904,-0.997,-0.987,0.996,0.263,0.897,-0.996,0.95,-0.982,0.736,-0.948,0.052,-0.934,-0.434,-0.903,0.653,-0.998,0.938,0.738,0.988,0.976,-0.892,0.852,0.911,-0.789,-0.877,-0.878,-0.93,-0.975,-0.991,-0.771,-0.941,0.955,-0.964,-0.762,-0.998,-0.899,0.988,0.879,-0.927,0.997,-0.973,-0.975,-0.866,0.972,0.874,-0.98,0.977,-0.991,0.976,0.937,0.968,-0.988,6.015,4.485,10.355,10.303,10.235,10.271,10.301,10.295,5.494,4.638,10.301,10.221,5.851,5.321,10.287,10.294,EssenceCatalog/problems/csplib-prob010-SocialGolfers/params/2b1cfdd612cf296f5ac96e5a1fd97a39.param
-0.968,-0.979,0.956,-0.958,-0.952,0.987,-0.803,0.982,0.958,-0.977,-0.944,0.951,-0.731,0.992,-0.961,-0.459,-0.294,0.863,0.954,0.634,0.944,-0.968,-0.989,-0.724,0.993,0.455,-0.712,-0.605,-0.965,0.986,0.959,0.85,-0.924,0.93,0.173,-0.993,0.953,0.997,0.744,-0.926,-0.977,-0.994,0.601,-0.878,0.988,0.96,0.989,-0.961,-0.994,-0.933,0.987,0.835,0.961,-0.998,0.712,-0.947,-0.86,-0.8,-0.765,-0.864,-0.973,-0.968,0.892,-0.998,0.972,0.905,0.978,0.981,-0.805,0.836,0.876,-0.949,-0.922,-0.765,-0.866,-0.976,-0.984,-0.449,-0.695,0.966,-0.668,0.664,-0.998,-0.963,0.97,-0.568,-0.855,0.997,-0.957,-0.966,-0.821,0.875,0.896,-0.957,0.977,-0.987,0.895,0.902,0.873,-0.989,6.4,5.067,10.344,10.343,10.347,10.322,10.323,10.377,5.968,5.214,10.377,10.334,6.241,6.2,10.335,10.295,EssenceCatalog/problems/csplib-prob010-SocialGolfers/params/7e769f4b9397377be5304b7d31231132.param
-0.972,-0.987,0.979,-0.961,-0.98,0.993,-0.975,0.981,0.968,-0.963,-0.859,0.991,-0.9,0.993,-0.979,-0.957,-0.939,0.95,0.969,0.969,0.964,-0.975,-0.986,-0.958,0.994,-0.812,0.391,-0.786,-0.948,0.976,0.951,0.367,-0.954,0.956,-0.619,-0.995,0.977,0.998,0.803,-0.814,-0.951,-0.995,0.583,-0.149,0.993,0.98,0.981,-0.939,-0.996,-0.984,0.993,0.32,0.934,-0.997,0.942,-0.973,0.785,-0.953,-0.172,-0.948,-0.934,-0.892,0.694,-0.998,0.963,0.685,0.99,0.985,-0.849,0.835,0.885,-0.879,-0.829,-0.864,-0.861,-0.983,-0.987,-0.623,-0.887,0.966,-0.955,-0.891,-0.998,-0.875,0.984,0.058,-0.93,0.997,-0.98,-0.959,-0.81,0.947,0.879,-0.976,0.979,-0.991,0.963,0.918,0.956,-0.985,5.123,4.271,10.354,10.306,10.255,10.279,10.264,10.269,5.067,4.411,10.344,10.237,5.367,4.875,10.308,10.318,EssenceCatalog/problems/csplib-prob010-SocialGolfers/params/8dfd60cf9dfaccd17519dadd1a743fc6.param
-0.965,-0.98,0.961,-0.952,-0.961,0.988,-0.949,0.98,0.96,-0.97,-0.913,0.974,-0.763,0.992,-0.974,-0.717,-0.681,0.922,0.974,0.917,0.954,-0.969,-0.987,-0.855,0.994,-0.387,-0.235,-0.663,-0.952,0.976,0.978,0.689,-0.935,0.935,-0.418,-0.993,0.968,0.997,0.691,-0.885,-0.964,-0.994,0.493,-0.644,0.99,0.971,0.984,-0.951,-0.994,-0.958,0.988,0.64,0.955,-0.997,0.843,-0.953,-0.22,-0.885,-0.527,-0.906,-0.979,-0.947,0.82,-0.997,0.966,0.794,0.983,0.983,-0.792,0.82,0.854,-0.926,-0.872,-0.775,-0.823,-0.976,-0.983,-0.43,-0.772,0.965,-0.841,-0.25,-0.998,-0.931,0.973,-0.613,-0.872,0.997,-0.969,-0.959,-0.741,0.903,0.869,-0.958,0.976,-0.988,0.917,0.903,0.912,-0.987,5.473,4.607,10.35,10.308,10.298,10.269,10.285,10.322,5.359,4.745,10.38,10.286,5.654,5.375,10.336,10.29,EssenceCatalog/problems/csplib-prob010-SocialGolfers/params/411ed35b4ef47f3405ead778245fae94.param
-0.969,-0.975,0.967,-0.961,-0.958,0.987,-0.753,0.98,0.961,-0.967,-0.828,0.969,-0.84,0.988,-0.95,-0.865,-0.656,0.838,0.897,0.691,0.948,-0.967,-0.986,-0.904,0.99,0.215,-0.44,-0.636,-0.952,0.987,0.804,0.654,-0.911,0.914,0.25,-0.993,0.953,0.997,0.805,-0.769,-0.961,-0.993,0.681,-0.628,0.99,0.959,0.983,-0.916,-0.995,-0.967,0.989,0.708,0.917,-0.996,0.833,-0.966,-0.206,-0.876,-0.328,-0.885,-0.797,-0.926,0.725,-0.998,0.962,0.847,0.978,0.973,-0.799,0.832,0.869,-0.859,-0.874,-0.78,-0.874,-0.977,-0.982,-0.514,-0.824,0.95,-0.841,-0.056,-0.998,-0.916,0.977,0.572,-0.889,0.995,-0.964,-0.955,-0.851,0.912,0.861,-0.965,0.976,-0.988,0.942,0.88,0.904,-0.986,6.407,4.8,10.333,10.283,10.218,10.244,10.267,10.319,5.812,4.969,10.31,10.222,6.156,5.863,10.269,10.241,EssenceCatalog/problems/csplib-prob010-SocialGolfers/params/9e6c0d9fa8b2ef9175068bd57a215911.param
-0.97,-0.995,0.995,-0.965,-0.978,0.992,-0.819,0.983,0.964,-0.971,-0.778,0.988,-0.979,0.988,-0.962,-0.977,-0.964,0.875,0.562,0.783,0.976,-0.975,-0.993,-0.983,0.986,-0.154,-0.526,-0.619,-0.981,0.995,0.188,0.615,-0.934,0.945,0.736,-0.995,0.97,0.996,0.925,-0.542,-0.966,-0.994,0.637,-0.381,0.996,0.986,0.98,-0.905,-0.996,-0.985,0.995,0.571,0.893,-0.995,0.941,-0.986,0.306,-0.945,0.231,-0.908,0.09,-0.857,0.669,-0.997,0.976,0.903,0.987,0.993,-0.863,0.776,0.91,-0.766,-0.859,-0.871,-0.926,-0.991,-0.991,-0.854,-0.928,0.95,-0.963,-0.687,-0.997,-0.877,0.985,0.918,-0.922,0.997,-0.969,-0.975,-0.945,0.968,0.882,-0.983,0.97,-0.987,0.975,0.927,0.967,-0.985,6.71,4.718,10.346,10.184,10.092,10.147,10.187,10.176,5.851,4.86,10.292,10.11,6.228,5.698,10.242,10.172,EssenceCatalog/problems/csplib-prob010-SocialGolfers/params/8bcabae4230c76ec53c1e8a65aac9af1.param
-0.996,-0.956,0.975,-0.995,-0.995,0.996,0.993,0.998,0.994,-0.992,-0.99,0.991,-0.946,0.994,-0.821,-0.991,-0.695,0.775,-0.875,-0.992,0.964,-0.994,-0.996,-0.948,0.996,0.996,-0.985,-0.959,-0.976,0.997,-0.993,0.984,-0.97,0.99,0.984,-0.999,0.761,0.998,0.988,-0.981,-0.996,-0.999,0.99,-0.99,0.997,0.827,0.999,-0.987,-0.999,-0.991,0.998,0.975,0.952,-0.999,0.943,-0.995,-0.989,-0.965,-0.973,-0.955,0.968,-0.996,0.98,-1.0,0.98,0.986,0.991,0.959,-0.988,0.976,0.986,-0.969,-0.995,-0.986,-0.993,-0.969,-0.993,-0.975,-0.971,0.973,-0.945,0.992,-1.0,-0.993,0.992,0.992,-0.98,1.0,-0.973,-0.992,-0.988,0.98,0.982,-0.99,0.996,-0.998,0.993,0.982,0.977,-0.997,9.572,5.745,10.367,10.317,10.375,10.409,10.386,10.336,7.462,6.055,10.334,10.324,7.936,7.766,10.362,10.374,EssenceCatalog/problems/csplib-prob010-SocialGolfers/params/d18584608ce492d72644d815979d24dc.param
-0.973,-0.986,0.989,-0.969,-0.985,0.991,-0.926,0.981,0.971,-0.98,-0.853,0.99,-0.948,0.992,-0.971,-0.983,-0.975,0.926,0.803,0.917,0.977,-0.978,-0.993,-0.978,0.989,-0.39,-0.157,-0.673,-0.946,0.983,0.506,0.538,-0.94,0.952,0.321,-0.996,0.968,0.997,0.892,-0.573,-0.974,-0.995,0.672,-0.276,0.998,0.971,0.979,-0.903,-0.997,-0.988,0.997,0.111,0.895,-0.995,0.958,-0.984,0.77,-0.954,0.192,-0.932,-0.323,-0.901,0.647,-0.997,0.94,0.763,0.988,0.982,-0.896,0.823,0.912,-0.768,-0.885,-0.883,-0.938,-0.977,-0.993,-0.841,-0.95,0.955,-0.972,-0.804,-0.998,-0.894,0.988,0.899,-0.927,0.997,-0.971,-0.98,-0.879,0.979,0.874,-0.98,0.974,-0.99,0.979,0.949,0.976,-0.988,6.046,4.471,10.328,10.255,10.187,10.236,10.265,10.237,5.488,4.617,10.276,10.167,5.854,5.296,10.259,10.247,EssenceCatalog/problems/csplib-prob010-SocialGolfers/params/70e4145cfaf2baf6461bbd07f8450efe.param
-0.972,-0.981,0.962,-0.964,-0.956,0.988,-0.618,0.984,0.959,-0.981,-0.958,0.944,-0.77,0.993,-0.956,-0.417,-0.17,0.826,0.93,0.308,0.943,-0.97,-0.991,-0.688,0.993,0.719,-0.828,-0.614,-0.974,0.99,0.927,0.901,-0.927,0.932,0.481,-0.993,0.943,0.997,0.797,-0.941,-0.982,-0.994,0.682,-0.929,0.989,0.957,0.992,-0.966,-0.994,-0.928,0.989,0.893,0.963,-0.998,0.662,-0.951,-0.941,-0.771,-0.843,-0.851,-0.957,-0.977,0.915,-0.998,0.976,0.941,0.979,0.983,-0.836,0.854,0.901,-0.956,-0.943,-0.793,-0.896,-0.979,-0.986,-0.519,-0.699,0.968,-0.606,0.853,-0.998,-0.974,0.974,-0.431,-0.864,0.997,-0.955,-0.972,-0.869,0.879,0.913,-0.962,0.979,-0.988,0.897,0.91,0.869,-0.991,6.863,5.236,10.364,10.362,10.358,10.348,10.344,10.398,6.232,5.402,10.402,10.341,6.516,6.54,10.357,10.302,EssenceCatalog/problems/csplib-prob010-SocialGolfers/params/c0a4d4696d45c9e428c2f097045687a1.param
-0.97,-0.983,0.967,-0.962,-0.954,0.988,-0.67,0.984,0.96,-0.981,-0.955,0.945,-0.794,0.993,-0.958,-0.395,-0.24,0.827,0.927,0.369,0.944,-0.97,-0.992,-0.712,0.993,0.688,-0.819,-0.589,-0.977,0.99,0.928,0.898,-0.929,0.926,0.524,-0.993,0.946,0.997,0.799,-0.933,-0.982,-0.994,0.662,-0.921,0.989,0.962,0.991,-0.962,-0.993,-0.927,0.989,0.89,0.962,-0.998,0.664,-0.951,-0.937,-0.763,-0.82,-0.844,-0.954,-0.975,0.911,-0.998,0.977,0.941,0.978,0.985,-0.832,0.852,0.907,-0.952,-0.938,-0.786,-0.889,-0.98,-0.986,-0.515,-0.704,0.97,-0.632,0.838,-0.998,-0.973,0.976,-0.428,-0.852,0.997,-0.957,-0.971,-0.871,0.877,0.909,-0.964,0.978,-0.987,0.894,0.907,0.874,-0.991,6.837,5.229,10.382,10.37,10.36,10.353,10.348,10.398,6.218,5.391,10.417,10.349,6.506,6.51,10.371,10.311,EssenceCatalog/problems/csplib-prob010-SocialGolfers/params/7c8c8e7acc9b461fb34dfca53d8f011d.param
-0.965,-0.979,0.959,-0.953,-0.96,0.988,-0.938,0.981,0.959,-0.97,-0.911,0.972,-0.754,0.992,-0.972,-0.713,-0.632,0.916,0.974,0.9,0.952,-0.968,-0.986,-0.847,0.993,-0.318,-0.263,-0.664,-0.951,0.978,0.976,0.694,-0.931,0.936,-0.403,-0.993,0.966,0.997,0.704,-0.889,-0.964,-0.994,0.504,-0.664,0.989,0.969,0.985,-0.951,-0.994,-0.956,0.988,0.659,0.954,-0.997,0.835,-0.952,-0.283,-0.882,-0.544,-0.904,-0.979,-0.947,0.82,-0.997,0.967,0.804,0.982,0.982,-0.787,0.817,0.85,-0.928,-0.873,-0.772,-0.822,-0.976,-0.982,-0.42,-0.757,0.963,-0.827,-0.189,-0.998,-0.931,0.971,-0.594,-0.874,0.997,-0.967,-0.958,-0.752,0.9,0.871,-0.957,0.976,-0.988,0.916,0.898,0.905,-0.987,5.53,4.633,10.342,10.302,10.292,10.261,10.277,10.319,5.395,4.772,10.371,10.282,5.687,5.428,10.328,10.281,EssenceCatalog/problems/csplib-prob010-SocialGolfers/params/82402fb3d4526c14b7530a95f289bc87.param
-0.965,-0.984,0.969,-0.956,-0.98,0.991,-0.987,0.981,0.965,-0.971,-0.93,0.989,-0.838,0.995,-0.987,-0.879,-0.912,0.96,0.987,0.981,0.965,-0.976,-0.988,-0.915,0.996,-0.853,0.428,-0.78,-0.946,0.958,0.988,0.512,-0.962,0.959,-0.805,-0.994,0.976,0.998,0.691,-0.904,-0.961,-0.996,0.45,-0.309,0.993,0.98,0.982,-0.958,-0.996,-0.975,0.993,0.315,0.959,-0.997,0.925,-0.964,0.65,-0.945,-0.422,-0.951,-0.986,-0.939,0.79,-0.998,0.966,0.679,0.99,0.985,-0.843,0.829,0.886,-0.927,-0.858,-0.834,-0.821,-0.978,-0.989,-0.582,-0.853,0.977,-0.937,-0.821,-0.998,-0.916,0.982,-0.768,-0.918,0.998,-0.98,-0.962,-0.672,0.94,0.88,-0.967,0.976,-0.99,0.942,0.935,0.958,-0.988,4.868,4.289,10.348,10.324,10.317,10.329,10.289,10.279,4.977,4.427,10.372,10.279,5.271,4.842,10.336,10.348,EssenceCatalog/problems/csplib-prob010-SocialGolfers/params/5e04cd5db6f93dbdbf5437fca9111504.param
-0.979,-0.933,0.906,-0.97,-0.954,0.986,-0.23,0.986,0.957,-0.98,-0.928,0.944,-0.555,0.991,-0.921,-0.696,0.218,0.787,0.941,0.072,0.933,-0.969,-0.985,-0.659,0.992,0.79,-0.746,-0.711,-0.916,0.988,0.895,0.837,-0.885,0.949,0.071,-0.994,0.926,0.997,0.774,-0.935,-0.975,-0.994,0.771,-0.916,0.98,0.884,0.993,-0.967,-0.995,-0.945,0.985,0.857,0.95,-0.998,0.706,-0.952,-0.858,-0.838,-0.816,-0.891,-0.949,-0.972,0.878,-0.998,0.962,0.9,0.975,0.934,-0.814,0.841,0.814,-0.953,-0.944,-0.785,-0.914,-0.96,-0.977,-0.483,-0.685,0.94,-0.497,0.778,-0.999,-0.958,0.952,0.079,-0.912,0.996,-0.946,-0.959,-0.834,0.875,0.915,-0.95,0.984,-0.992,0.926,0.888,0.823,-0.991,6.889,5.108,10.097,10.155,10.182,10.159,10.179,10.263,6.159,5.31,10.131,10.126,6.453,6.515,10.094,10.096,EssenceCatalog/problems/csplib-prob010-SocialGolfers/params/6e08c5fdfb0baaa852b431faadfaaa3b.param
-0.985,-0.963,0.952,-0.979,-0.971,0.99,0.454,0.99,0.967,-0.987,-0.969,0.944,-0.772,0.993,-0.921,-0.709,0.222,0.694,0.828,-0.651,0.94,-0.977,-0.992,-0.647,0.994,0.944,-0.912,-0.757,-0.967,0.995,0.605,0.941,-0.919,0.958,0.697,-0.995,0.896,0.997,0.879,-0.966,-0.987,-0.996,0.866,-0.972,0.986,0.909,0.996,-0.98,-0.996,-0.945,0.99,0.946,0.959,-0.999,0.643,-0.966,-0.977,-0.815,-0.932,-0.885,-0.841,-0.987,0.935,-0.999,0.979,0.968,0.981,0.968,-0.894,0.892,0.913,-0.968,-0.974,-0.874,-0.956,-0.977,-0.986,-0.687,-0.747,0.962,-0.499,0.959,-0.999,-0.982,0.972,0.353,-0.933,0.998,-0.951,-0.976,-0.931,0.898,0.946,-0.968,0.988,-0.993,0.938,0.925,0.861,-0.994,7.889,5.429,10.235,10.252,10.238,10.258,10.272,10.331,6.686,5.686,10.296,10.193,7.043,7.158,10.243,10.181,EssenceCatalog/problems/csplib-prob010-SocialGolfers/params/b8e64ce5afef90f865d2c785d8d4a958.param
-0.991,0.997,-0.991,-0.993,-0.983,0.984,-0.957,0.985,0.991,-0.975,-0.99,0.982,0.994,0.995,-0.929,-0.962,-0.836,0.987,0.985,0.954,0.967,-0.991,-0.985,0.72,0.997,0.926,-0.747,-0.922,0.994,-0.925,0.852,0.596,-0.937,0.985,-0.98,-0.999,0.503,0.999,-0.689,-0.927,-0.988,-0.997,0.961,-0.976,0.995,-0.995,0.994,-0.978,-0.998,-0.988,0.997,-0.863,0.981,-0.999,0.968,-0.973,0.747,-0.962,-0.939,-0.982,-0.989,-0.981,0.966,-0.998,-0.966,-0.938,0.986,-0.995,-0.969,0.973,0.86,-0.966,-0.988,-0.933,-0.985,0.993,-0.993,-0.808,-0.973,0.814,-0.791,0.969,-0.998,-0.991,0.961,0.824,-0.94,0.999,-0.909,-0.981,0.929,0.959,0.947,-0.911,0.986,-0.995,0.984,0.976,0.909,-0.996,4.36,3.569,4.912,10.261,10.539,10.417,10.583,10.795,4.299,3.787,4.961,10.165,4.86,4.5,6.006,10.167,EssenceCatalog/problems/csplib-prob010-SocialGolfers/params/b6d9ce062b15a54ca201f9903acc8ef2.param
-0.965,-0.981,0.963,-0.953,-0.971,0.989,-0.973,0.981,0.961,-0.971,-0.92,0.982,-0.778,0.993,-0.981,-0.8,-0.799,0.943,0.982,0.958,0.959,-0.973,-0.987,-0.886,0.995,-0.665,0.069,-0.72,-0.945,0.969,0.985,0.623,-0.946,0.946,-0.659,-0.994,0.972,0.998,0.687,-0.892,-0.962,-0.995,0.47,-0.513,0.991,0.975,0.983,-0.955,-0.995,-0.967,0.991,0.506,0.956,-0.997,0.888,-0.958,0.221,-0.917,-0.487,-0.929,-0.984,-0.945,0.809,-0.998,0.965,0.738,0.986,0.983,-0.812,0.823,0.86,-0.929,-0.862,-0.8,-0.819,-0.976,-0.985,-0.475,-0.807,0.969,-0.89,-0.584,-0.998,-0.923,0.977,-0.704,-0.892,0.997,-0.974,-0.959,-0.704,0.921,0.873,-0.96,0.976,-0.989,0.928,0.916,0.935,-0.987,5.131,4.434,10.346,10.311,10.309,10.291,10.288,10.304,5.141,4.573,10.375,10.279,5.439,5.079,10.336,10.315,EssenceCatalog/problems/csplib-prob010-SocialGolfers/params/6ce8b20052fbff3cb8ff7d23bac75459.param
-0.966,-0.979,0.96,-0.954,-0.969,0.989,-0.967,0.981,0.962,-0.97,-0.914,0.981,-0.764,0.993,-0.978,-0.802,-0.761,0.941,0.982,0.95,0.957,-0.972,-0.985,-0.877,0.994,-0.632,0.048,-0.732,-0.942,0.971,0.984,0.615,-0.943,0.948,-0.666,-0.994,0.971,0.998,0.69,-0.897,-0.96,-0.995,0.488,-0.543,0.99,0.973,0.984,-0.956,-0.995,-0.966,0.99,0.546,0.955,-0.998,0.881,-0.956,0.165,-0.915,-0.502,-0.929,-0.984,-0.942,0.808,-0.998,0.965,0.739,0.985,0.982,-0.805,0.824,0.853,-0.931,-0.863,-0.802,-0.82,-0.976,-0.984,-0.454,-0.794,0.966,-0.881,-0.558,-0.998,-0.919,0.974,-0.692,-0.897,0.997,-0.973,-0.956,-0.712,0.916,0.873,-0.96,0.977,-0.99,0.929,0.911,0.927,-0.987,5.159,4.447,10.34,10.306,10.304,10.28,10.282,10.306,5.158,4.588,10.369,10.277,5.453,5.106,10.33,10.31,EssenceCatalog/problems/csplib-prob010-SocialGolfers/params/7cae4d851c1143cc39f95948256940aa.param
-0.966,-0.983,0.964,-0.955,-0.945,0.987,-0.836,0.982,0.961,-0.974,-0.938,0.954,-0.778,0.992,-0.962,-0.43,-0.415,0.86,0.943,0.662,0.945,-0.969,-0.99,-0.749,0.993,0.426,-0.735,-0.562,-0.972,0.986,0.951,0.851,-0.929,0.919,0.341,-0.993,0.956,0.997,0.747,-0.91,-0.977,-0.994,0.576,-0.872,0.989,0.965,0.989,-0.954,-0.993,-0.931,0.987,0.85,0.962,-0.997,0.711,-0.95,-0.874,-0.784,-0.721,-0.853,-0.965,-0.963,0.888,-0.997,0.973,0.911,0.979,0.984,-0.809,0.842,0.894,-0.942,-0.915,-0.766,-0.86,-0.979,-0.985,-0.451,-0.716,0.968,-0.705,0.677,-0.997,-0.965,0.975,-0.517,-0.836,0.997,-0.961,-0.965,-0.833,0.867,0.894,-0.964,0.976,-0.986,0.891,0.895,0.877,-0.988,6.464,5.09,10.379,10.36,10.346,10.332,10.331,10.382,6.003,5.234,10.409,10.345,6.287,6.219,10.364,10.311,EssenceCatalog/problems/csplib-prob010-SocialGolfers/params/206788a6d951b3349a47b5747071e3ef.param
-0.973,-0.983,0.98,-0.964,-0.971,0.992,-0.91,0.982,0.972,-0.962,-0.794,0.987,-0.917,0.989,-0.962,-0.964,-0.925,0.906,0.873,0.894,0.963,-0.976,-0.987,-0.958,0.991,-0.399,-0.138,-0.726,-0.95,0.985,0.73,0.468,-0.936,0.939,0.095,-0.996,0.969,0.998,0.84,-0.66,-0.955,-0.995,0.702,-0.377,0.994,0.972,0.981,-0.909,-0.997,-0.984,0.993,0.521,0.908,-0.996,0.928,-0.978,0.546,-0.934,-0.069,-0.925,-0.629,-0.882,0.659,-0.998,0.955,0.766,0.987,0.981,-0.857,0.85,0.895,-0.819,-0.851,-0.861,-0.903,-0.98,-0.987,-0.652,-0.911,0.952,-0.949,-0.712,-0.998,-0.882,0.985,0.774,-0.919,0.996,-0.976,-0.961,-0.863,0.946,0.874,-0.979,0.978,-0.99,0.968,0.905,0.948,-0.984,5.93,4.507,10.383,10.312,10.226,10.253,10.287,10.317,5.477,4.657,10.341,10.235,5.823,5.329,10.31,10.295,EssenceCatalog/problems/csplib-prob010-SocialGolfers/params/7d058894fb6cb32c1f8aa7d8796a6d60.param
-0.972,-0.973,0.962,-0.963,-0.952,0.986,-0.511,0.982,0.958,-0.975,-0.894,0.949,-0.794,0.99,-0.941,-0.706,-0.28,0.782,0.899,0.31,0.941,-0.965,-0.988,-0.818,0.99,0.667,-0.705,-0.598,-0.96,0.99,0.824,0.81,-0.904,0.916,0.459,-0.993,0.942,0.997,0.803,-0.865,-0.973,-0.993,0.703,-0.836,0.988,0.95,0.988,-0.939,-0.994,-0.95,0.988,0.834,0.936,-0.997,0.721,-0.959,-0.777,-0.817,-0.62,-0.856,-0.868,-0.958,0.826,-0.998,0.97,0.91,0.975,0.972,-0.798,0.831,0.873,-0.91,-0.915,-0.758,-0.886,-0.977,-0.982,-0.508,-0.749,0.956,-0.691,0.628,-0.998,-0.952,0.973,0.327,-0.875,0.995,-0.956,-0.961,-0.869,0.888,0.886,-0.959,0.977,-0.988,0.923,0.884,0.868,-0.989,6.969,5.118,10.292,10.273,10.24,10.254,10.268,10.326,6.193,5.303,10.301,10.224,6.524,6.442,10.255,10.212,EssenceCatalog/problems/csplib-prob010-SocialGolfers/params/0d34abed65c8f38081ec7dfa088ff60c.param
-0.965,-0.979,0.957,-0.953,-0.958,0.988,-0.93,0.981,0.96,-0.97,-0.917,0.97,-0.742,0.992,-0.971,-0.672,-0.578,0.911,0.973,0.881,0.95,-0.968,-0.986,-0.823,0.993,-0.229,-0.325,-0.661,-0.952,0.978,0.976,0.717,-0.931,0.936,-0.374,-0.993,0.964,0.997,0.701,-0.899,-0.966,-0.994,0.509,-0.707,0.988,0.968,0.985,-0.954,-0.994,-0.953,0.987,0.697,0.957,-0.997,0.816,-0.949,-0.421,-0.871,-0.587,-0.9,-0.98,-0.95,0.834,-0.997,0.968,0.818,0.981,0.981,-0.788,0.821,0.854,-0.935,-0.88,-0.768,-0.824,-0.976,-0.982,-0.41,-0.738,0.964,-0.809,-0.059,-0.998,-0.936,0.97,-0.641,-0.872,0.997,-0.966,-0.957,-0.759,0.892,0.875,-0.957,0.976,-0.988,0.912,0.898,0.898,-0.987,5.615,4.691,10.345,10.309,10.301,10.266,10.281,10.329,5.461,4.83,10.375,10.295,5.746,5.525,10.332,10.285,EssenceCatalog/problems/csplib-prob010-SocialGolfers/params/fdd2af5c25fb251465d1365e9f0dcced.param
-0.97,-0.979,0.963,-0.959,-0.969,0.991,-0.96,0.982,0.966,-0.963,-0.87,0.984,-0.808,0.992,-0.973,-0.89,-0.818,0.935,0.975,0.946,0.957,-0.973,-0.983,-0.912,0.994,-0.647,0.129,-0.755,-0.939,0.975,0.968,0.492,-0.941,0.948,-0.615,-0.995,0.972,0.998,0.731,-0.854,-0.952,-0.995,0.561,-0.434,0.99,0.971,0.983,-0.947,-0.996,-0.975,0.99,0.516,0.945,-0.997,0.903,-0.963,0.418,-0.928,-0.358,-0.934,-0.966,-0.919,0.748,-0.998,0.962,0.705,0.986,0.98,-0.81,0.834,0.851,-0.908,-0.849,-0.823,-0.836,-0.978,-0.983,-0.476,-0.829,0.961,-0.907,-0.687,-0.998,-0.897,0.977,-0.275,-0.912,0.997,-0.975,-0.952,-0.76,0.921,0.871,-0.967,0.98,-0.99,0.945,0.898,0.926,-0.985,5.199,4.383,10.327,10.293,10.264,10.258,10.261,10.289,5.144,4.524,10.335,10.246,5.441,5.038,10.298,10.295,EssenceCatalog/problems/csplib-prob010-SocialGolfers/params/5a68a93c57b63d9e7fae933c2f7f482c.param
-0.97,-0.98,0.959,-0.96,-0.95,0.988,-0.751,0.983,0.959,-0.978,-0.95,0.949,-0.747,0.992,-0.958,-0.414,-0.251,0.85,0.945,0.528,0.944,-0.969,-0.99,-0.702,0.993,0.578,-0.78,-0.599,-0.97,0.988,0.95,0.875,-0.925,0.93,0.338,-0.993,0.95,0.997,0.76,-0.931,-0.979,-0.994,0.629,-0.906,0.988,0.959,0.991,-0.963,-0.994,-0.928,0.987,0.868,0.963,-0.998,0.687,-0.948,-0.91,-0.783,-0.799,-0.856,-0.968,-0.971,0.905,-0.998,0.974,0.923,0.978,0.982,-0.818,0.844,0.886,-0.953,-0.931,-0.775,-0.878,-0.978,-0.985,-0.473,-0.696,0.966,-0.638,0.772,-0.998,-0.968,0.972,-0.526,-0.854,0.997,-0.956,-0.968,-0.842,0.871,0.904,-0.96,0.977,-0.987,0.893,0.902,0.867,-0.99,6.598,5.148,10.353,10.353,10.353,10.335,10.332,10.387,6.086,5.3,10.388,10.34,6.362,6.351,10.345,10.3,EssenceCatalog/problems/csplib-prob010-SocialGolfers/params/ff962bafbe41ee809ecc15cef7e4ea3e.param
-0.979,-0.985,0.988,-0.974,-0.973,0.993,-0.66,0.987,0.977,-0.968,-0.775,0.988,-0.954,0.986,-0.948,-0.978,-0.931,0.857,0.545,0.629,0.968,-0.981,-0.991,-0.97,0.99,0.263,-0.607,-0.742,-0.962,0.993,-0.055,0.629,-0.929,0.946,0.708,-0.996,0.96,0.997,0.907,-0.575,-0.966,-0.995,0.81,-0.592,0.996,0.968,0.984,-0.904,-0.997,-0.987,0.995,0.69,0.89,-0.997,0.928,-0.986,0.15,-0.938,-0.023,-0.919,0.209,-0.889,0.694,-0.998,0.964,0.875,0.987,0.982,-0.89,0.875,0.924,-0.808,-0.899,-0.89,-0.947,-0.983,-0.989,-0.784,-0.936,0.946,-0.952,-0.386,-0.998,-0.904,0.987,0.952,-0.933,0.997,-0.973,-0.968,-0.929,0.959,0.891,-0.985,0.98,-0.991,0.977,0.918,0.956,-0.987,7.177,4.902,10.367,10.272,10.204,10.238,10.279,10.287,6.131,5.068,10.301,10.216,6.514,6.059,10.271,10.266,EssenceCatalog/problems/csplib-prob010-SocialGolfers/params/120689ab007c949477db070ed692b46c.param
-0.965,-0.983,0.966,-0.954,-0.974,0.99,-0.976,0.981,0.962,-0.97,-0.921,0.984,-0.801,0.994,-0.983,-0.829,-0.832,0.947,0.984,0.964,0.96,-0.973,-0.987,-0.898,0.995,-0.731,0.19,-0.742,-0.947,0.968,0.985,0.595,-0.95,0.95,-0.711,-0.994,0.973,0.998,0.702,-0.896,-0.961,-0.995,0.468,-0.454,0.991,0.978,0.983,-0.956,-0.995,-0.969,0.991,0.47,0.955,-0.997,0.899,-0.959,0.361,-0.926,-0.468,-0.935,-0.984,-0.943,0.799,-0.998,0.967,0.729,0.987,0.985,-0.82,0.823,0.867,-0.928,-0.858,-0.81,-0.815,-0.977,-0.986,-0.502,-0.815,0.97,-0.905,-0.681,-0.998,-0.918,0.978,-0.721,-0.902,0.997,-0.976,-0.959,-0.706,0.927,0.872,-0.962,0.976,-0.99,0.932,0.921,0.942,-0.987,5.049,4.387,10.354,10.315,10.311,10.301,10.285,10.296,5.088,4.527,10.381,10.28,5.385,5.002,10.342,10.326,EssenceCatalog/problems/csplib-prob010-SocialGolfers/params/5e1494d4e19794c132c4656ee5f43f93.param
-0.964,0.988,-0.984,-0.845,0.983,0.982,-0.739,0.955,0.921,0.971,0.949,0.96,0.981,-0.936,0.976,-0.949,0.42,0.696,0.186,0.737,0.018,-0.936,0.988,0.825,0.915,-0.926,-0.851,-0.882,0.986,0.544,0.821,-0.895,0.526,0.929,-0.963,-0.986,0.929,0.995,-0.957,-0.488,0.97,-0.984,0.381,-0.832,-0.984,-0.929,0.935,-0.876,-0.938,-0.922,-0.983,0.914,0.919,-0.996,0.525,-0.875,-0.377,-0.804,-0.716,-0.931,-0.97,0.979,0.655,-0.983,-0.659,-0.935,0.94,-0.992,0.251,0.792,-0.947,-0.941,-0.637,-0.876,-0.899,0.822,0.818,0.868,-0.34,-0.954,-0.322,-0.451,-0.993,0.873,-0.938,0.87,-0.921,0.977,-0.72,0.964,0.825,-0.974,0.929,-0.916,0.954,-0.963,0.841,-0.923,-0.964,0.92,2.115,1.587,1.689,4.813,3.612,2.578,3.632,7.493,2.174,1.731,1.849,4.995,2.353,1.883,2.091,4.813,EssenceCatalog/problems/csplib-prob010-SocialGolfers/params/ord11-7-6-3.param
-0.99,0.913,-0.588,-0.984,-0.954,0.951,0.49,0.97,0.961,-0.986,-0.906,0.915,0.964,0.983,-0.456,-0.891,0.782,0.92,0.901,0.011,0.956,-0.972,-0.967,-0.623,0.981,0.984,-0.942,-0.328,0.91,0.932,0.691,0.914,-0.396,0.964,-0.053,-0.996,0.572,0.995,0.679,-0.942,-0.977,-0.994,0.904,-0.973,0.974,-0.968,0.993,-0.98,-0.995,-0.956,0.989,0.024,0.922,-0.998,0.906,-0.949,-0.649,-0.925,-0.843,-0.915,-0.937,-0.957,0.947,-0.998,0.238,0.44,0.934,-0.962,-0.829,0.761,0.39,-0.958,-0.979,-0.815,-0.979,0.382,-0.969,-0.617,-0.875,0.391,0.469,0.956,-0.997,-0.958,0.808,0.908,-0.811,0.995,-0.781,-0.975,-0.063,0.943,0.903,-0.668,0.98,-0.981,0.956,0.887,0.582,-0.987,5.756,3.993,6.178,8.864,9.382,9.346,9.366,9.589,5.067,4.356,6.246,8.888,5.551,5.574,6.96,8.977,EssenceCatalog/problems/csplib-prob010-SocialGolfers/params/207e16e9e399027d5c45efa7222ce14f.param
-0.971,-0.979,0.976,-0.963,-0.959,0.988,-0.682,0.981,0.964,-0.967,-0.807,0.972,-0.887,0.987,-0.949,-0.898,-0.723,0.819,0.836,0.607,0.951,-0.969,-0.988,-0.923,0.989,0.329,-0.532,-0.638,-0.959,0.99,0.642,0.675,-0.911,0.915,0.477,-0.994,0.953,0.997,0.834,-0.718,-0.963,-0.993,0.716,-0.643,0.992,0.964,0.983,-0.906,-0.995,-0.972,0.99,0.736,0.907,-0.996,0.839,-0.972,-0.242,-0.882,-0.265,-0.882,-0.607,-0.923,0.716,-0.998,0.965,0.871,0.979,0.977,-0.817,0.839,0.887,-0.842,-0.881,-0.801,-0.894,-0.98,-0.984,-0.585,-0.853,0.95,-0.862,-0.011,-0.998,-0.918,0.98,0.745,-0.891,0.995,-0.965,-0.959,-0.88,0.921,0.864,-0.97,0.976,-0.988,0.95,0.887,0.913,-0.986,6.749,4.894,10.36,10.296,10.224,10.26,10.287,10.329,5.984,5.067,10.33,10.23,6.347,6.039,10.287,10.254,EssenceCatalog/problems/csplib-prob010-SocialGolfers/params/1b817f3f8bb6caafce50907003b71471.param
-0.974,-0.98,0.962,-0.966,-0.957,0.988,-0.524,0.985,0.96,-0.982,-0.956,0.943,-0.778,0.992,-0.952,-0.457,-0.138,0.81,0.919,0.192,0.942,-0.971,-0.992,-0.696,0.993,0.765,-0.836,-0.624,-0.974,0.991,0.905,0.902,-0.924,0.933,0.528,-0.993,0.941,0.997,0.809,-0.94,-0.982,-0.994,0.707,-0.932,0.989,0.955,0.993,-0.966,-0.994,-0.931,0.989,0.9,0.961,-0.998,0.654,-0.953,-0.944,-0.771,-0.845,-0.853,-0.945,-0.977,0.914,-0.998,0.977,0.943,0.979,0.982,-0.838,0.857,0.903,-0.955,-0.945,-0.796,-0.902,-0.979,-0.986,-0.528,-0.706,0.968,-0.601,0.868,-0.998,-0.974,0.974,-0.298,-0.871,0.997,-0.955,-0.971,-0.878,0.881,0.914,-0.963,0.98,-0.989,0.904,0.91,0.867,-0.991,6.996,5.262,10.356,10.352,10.342,10.338,10.337,10.393,6.293,5.437,10.392,10.324,6.587,6.617,10.346,10.288,EssenceCatalog/problems/csplib-prob010-SocialGolfers/params/e3093acf1b0ee31e168da6a312c480a7.param
-0.969,-0.981,0.961,-0.959,-0.95,0.987,-0.773,0.983,0.959,-0.978,-0.947,0.949,-0.763,0.992,-0.959,-0.422,-0.3,0.85,0.943,0.564,0.944,-0.968,-0.99,-0.723,0.993,0.544,-0.763,-0.585,-0.971,0.988,0.948,0.869,-0.926,0.925,0.353,-0.993,0.951,0.997,0.762,-0.924,-0.978,-0.994,0.618,-0.894,0.989,0.961,0.99,-0.96,-0.993,-0.929,0.987,0.859,0.962,-0.998,0.695,-0.949,-0.897,-0.781,-0.776,-0.854,-0.965,-0.969,0.898,-0.998,0.973,0.92,0.978,0.983,-0.815,0.841,0.889,-0.948,-0.925,-0.769,-0.872,-0.978,-0.985,-0.472,-0.701,0.967,-0.661,0.743,-0.998,-0.967,0.973,-0.506,-0.847,0.997,-0.958,-0.968,-0.842,0.873,0.899,-0.961,0.977,-0.987,0.893,0.901,0.873,-0.989,6.574,5.134,10.364,10.356,10.352,10.336,10.333,10.386,6.069,5.285,10.396,10.342,6.349,6.32,10.352,10.304,EssenceCatalog/problems/csplib-prob010-SocialGolfers/params/e17b37c22a6ded18e37da983669014d1.param
-0.982,-0.954,0.941,-0.976,-0.967,0.989,0.287,0.988,0.964,-0.985,-0.956,0.939,-0.709,0.992,-0.923,-0.724,0.232,0.706,0.884,-0.483,0.936,-0.973,-0.99,-0.666,0.993,0.913,-0.849,-0.73,-0.952,0.993,0.722,0.908,-0.912,0.953,0.518,-0.994,0.903,0.997,0.855,-0.952,-0.984,-0.995,0.839,-0.951,0.984,0.899,0.995,-0.974,-0.996,-0.947,0.989,0.916,0.951,-0.998,0.655,-0.962,-0.947,-0.822,-0.89,-0.883,-0.88,-0.982,0.907,-0.999,0.973,0.951,0.978,0.955,-0.865,0.868,0.886,-0.958,-0.964,-0.837,-0.939,-0.972,-0.983,-0.631,-0.715,0.955,-0.499,0.915,-0.999,-0.974,0.966,0.33,-0.924,0.997,-0.948,-0.97,-0.908,0.892,0.933,-0.96,0.986,-0.993,0.936,0.91,0.854,-0.993,7.615,5.331,10.181,10.205,10.202,10.211,10.227,10.294,6.534,5.576,10.235,10.151,6.876,6.98,10.184,10.133,EssenceCatalog/problems/csplib-prob010-SocialGolfers/params/c0097110ded0b2659948cf6e5fb4c987.param
-0.965,-0.979,0.957,-0.952,-0.959,0.987,-0.942,0.981,0.959,-0.971,-0.921,0.971,-0.738,0.993,-0.973,-0.666,-0.621,0.918,0.975,0.902,0.952,-0.969,-0.987,-0.829,0.994,-0.293,-0.313,-0.656,-0.951,0.976,0.979,0.717,-0.933,0.935,-0.395,-0.993,0.966,0.997,0.683,-0.897,-0.966,-0.994,0.494,-0.696,0.989,0.969,0.985,-0.954,-0.994,-0.953,0.988,0.672,0.958,-0.997,0.826,-0.95,-0.372,-0.874,-0.58,-0.902,-0.982,-0.951,0.838,-0.997,0.966,0.808,0.982,0.982,-0.79,0.822,0.855,-0.934,-0.881,-0.769,-0.824,-0.975,-0.983,-0.419,-0.752,0.965,-0.817,-0.099,-0.998,-0.937,0.971,-0.668,-0.868,0.997,-0.967,-0.959,-0.738,0.896,0.873,-0.957,0.976,-0.988,0.911,0.903,0.905,-0.987,5.557,4.669,10.345,10.312,10.308,10.274,10.289,10.331,5.426,4.806,10.377,10.299,5.715,5.478,10.335,10.291,EssenceCatalog/problems/csplib-prob010-SocialGolfers/params/4408ae61a0e05e1ec5c8f499cedc7afe.param
-0.969,-0.983,0.973,-0.958,-0.968,0.99,-0.943,0.981,0.966,-0.962,-0.842,0.983,-0.863,0.991,-0.97,-0.909,-0.855,0.919,0.951,0.926,0.959,-0.972,-0.985,-0.931,0.992,-0.527,-0.019,-0.704,-0.951,0.981,0.929,0.511,-0.938,0.938,-0.299,-0.994,0.97,0.998,0.774,-0.788,-0.954,-0.994,0.591,-0.413,0.992,0.974,0.981,-0.93,-0.996,-0.976,0.99,0.542,0.933,-0.997,0.903,-0.968,0.379,-0.921,-0.242,-0.921,-0.914,-0.91,0.707,-0.998,0.963,0.756,0.985,0.982,-0.818,0.831,0.868,-0.869,-0.842,-0.822,-0.847,-0.98,-0.984,-0.53,-0.854,0.959,-0.915,-0.652,-0.998,-0.894,0.98,0.194,-0.903,0.996,-0.975,-0.956,-0.808,0.929,0.863,-0.97,0.978,-0.989,0.949,0.896,0.931,-0.985,5.494,4.448,10.36,10.303,10.243,10.246,10.273,10.301,5.284,4.591,10.351,10.242,5.596,5.171,10.311,10.284,EssenceCatalog/problems/csplib-prob010-SocialGolfers/params/9fc1db6a45a62bb948c1756e4d9ddb2e.param
-0.985,-0.981,0.977,-0.982,-0.98,0.992,0.627,0.991,0.972,-0.989,-0.979,0.95,-0.892,0.993,-0.935,-0.737,0.011,0.668,0.671,-0.805,0.947,-0.98,-0.995,-0.733,0.995,0.963,-0.94,-0.775,-0.985,0.997,0.213,0.963,-0.942,0.958,0.867,-0.996,0.886,0.997,0.924,-0.971,-0.991,-0.996,0.891,-0.978,0.991,0.947,0.997,-0.98,-0.996,-0.952,0.993,0.964,0.959,-0.998,0.641,-0.972,-0.988,-0.809,-0.948,-0.881,-0.638,-0.99,0.947,-0.999,0.986,0.982,0.984,0.985,-0.922,0.913,0.954,-0.968,-0.98,-0.904,-0.964,-0.986,-0.99,-0.764,-0.793,0.975,-0.621,0.976,-0.999,-0.988,0.983,0.498,-0.935,0.998,-0.96,-0.982,-0.96,0.92,0.953,-0.977,0.989,-0.994,0.948,0.946,0.899,-0.995,8.323,5.541,10.327,10.317,10.29,10.322,10.337,10.372,6.897,5.819,10.38,10.254,7.293,7.362,10.331,10.259,EssenceCatalog/problems/csplib-prob010-SocialGolfers/params/5c06208ac8b0217cce804373d8ceb42d.param
-0.974,-0.942,0.916,-0.965,-0.954,0.986,-0.601,0.983,0.957,-0.975,-0.891,0.955,-0.603,0.99,-0.935,-0.752,-0.11,0.838,0.952,0.51,0.937,-0.966,-0.983,-0.772,0.991,0.518,-0.54,-0.692,-0.911,0.984,0.918,0.738,-0.887,0.938,-0.154,-0.993,0.941,0.997,0.756,-0.893,-0.967,-0.994,0.705,-0.813,0.983,0.914,0.989,-0.952,-0.995,-0.954,0.985,0.757,0.94,-0.998,0.769,-0.952,-0.58,-0.86,-0.651,-0.896,-0.948,-0.957,0.817,-0.998,0.956,0.841,0.975,0.942,-0.783,0.827,0.806,-0.93,-0.912,-0.755,-0.882,-0.961,-0.976,-0.416,-0.721,0.94,-0.659,0.414,-0.998,-0.937,0.958,0.104,-0.903,0.996,-0.951,-0.953,-0.795,0.888,0.888,-0.948,0.981,-0.991,0.928,0.88,0.847,-0.989,6.371,4.889,10.158,10.202,10.215,10.193,10.212,10.288,5.856,5.071,10.166,10.178,6.148,6.067,10.139,10.158,EssenceCatalog/problems/csplib-prob010-SocialGolfers/params/2fa5d3c9570204053ba74a6ec47272b0.param
-0.97,-0.979,0.964,-0.959,-0.943,0.987,-0.681,0.982,0.96,-0.972,-0.9,0.952,-0.798,0.99,-0.946,-0.62,-0.356,0.811,0.909,0.471,0.942,-0.967,-0.989,-0.803,0.992,0.575,-0.717,-0.576,-0.967,0.99,0.88,0.812,-0.912,0.912,0.464,-0.993,0.95,0.997,0.784,-0.873,-0.972,-0.993,0.654,-0.844,0.988,0.958,0.989,-0.942,-0.994,-0.944,0.986,0.849,0.948,-0.997,0.721,-0.958,-0.815,-0.802,-0.632,-0.855,-0.909,-0.954,0.845,-0.998,0.971,0.911,0.977,0.978,-0.797,0.835,0.88,-0.919,-0.908,-0.759,-0.87,-0.979,-0.982,-0.467,-0.741,0.96,-0.713,0.64,-0.998,-0.954,0.975,0.093,-0.857,0.996,-0.96,-0.96,-0.86,0.874,0.888,-0.964,0.977,-0.987,0.914,0.881,0.867,-0.988,6.795,5.107,10.336,10.312,10.278,10.286,10.295,10.354,6.128,5.276,10.347,10.273,6.445,6.355,10.301,10.255,EssenceCatalog/problems/csplib-prob010-SocialGolfers/params/d308db3d3c8510388cec77c1c34b919d.param
-0.984,-0.986,0.991,-0.982,-0.984,0.994,-0.551,0.99,0.983,-0.975,-0.834,0.992,-0.967,0.987,-0.938,-0.992,-0.977,0.888,0.122,0.535,0.978,-0.986,-0.995,-0.985,0.99,0.39,-0.708,-0.791,-0.953,0.993,-0.629,0.682,-0.942,0.966,0.813,-0.998,0.958,0.997,0.944,-0.53,-0.974,-0.996,0.856,-0.63,0.998,0.96,0.986,-0.917,-0.998,-0.992,0.997,0.586,0.892,-0.997,0.966,-0.991,0.37,-0.962,0.05,-0.937,0.693,-0.894,0.735,-0.998,0.952,0.865,0.991,0.98,-0.933,0.894,0.946,-0.805,-0.934,-0.932,-0.973,-0.978,-0.992,-0.906,-0.967,0.946,-0.982,-0.461,-0.998,-0.915,0.989,0.984,-0.955,0.998,-0.974,-0.979,-0.947,0.979,0.913,-0.99,0.982,-0.994,0.987,0.949,0.977,-0.989,7.584,4.959,10.301,10.208,10.176,10.204,10.244,10.217,6.299,5.136,10.207,10.172,6.694,6.19,10.201,10.229,EssenceCatalog/problems/csplib-prob010-SocialGolfers/params/e955899ae6798d0e343da8cb4e6ca04e.param
-0.989,0.974,-0.909,-0.99,-0.982,0.982,-0.868,0.982,0.99,-0.987,-0.984,0.972,0.971,0.995,-0.933,-0.931,-0.535,0.974,0.98,0.844,0.957,-0.986,-0.992,0.023,0.996,0.945,-0.723,-0.807,0.942,-0.365,0.795,0.846,-0.928,0.969,-0.887,-0.998,0.72,0.999,0.348,-0.931,-0.991,-0.996,0.936,-0.967,0.995,-0.964,0.993,-0.975,-0.998,-0.979,0.997,-0.551,0.967,-0.999,0.94,-0.965,0.125,-0.922,-0.897,-0.96,-0.977,-0.984,0.943,-0.998,-0.745,-0.595,0.98,-0.958,-0.949,0.955,0.924,-0.962,-0.982,-0.907,-0.976,0.906,-0.993,-0.667,-0.948,0.899,-0.687,0.965,-0.999,-0.991,0.976,0.718,-0.894,0.998,-0.907,-0.983,0.603,0.969,0.918,-0.927,0.986,-0.992,0.977,0.969,0.905,-0.997,4.813,3.819,5.678,10.148,10.535,10.377,10.503,10.695,4.635,4.048,5.714,10.15,5.133,4.844,6.682,10.142,EssenceCatalog/problems/csplib-prob010-SocialGolfers/params/5cf3ba5be11843fed987ac54ce338b42.param
-0.98,-0.986,0.989,-0.977,-0.98,0.993,-0.741,0.987,0.98,-0.971,-0.805,0.992,-0.963,0.987,-0.952,-0.989,-0.972,0.895,0.45,0.733,0.975,-0.984,-0.993,-0.98,0.99,0.113,-0.555,-0.77,-0.955,0.991,-0.235,0.586,-0.94,0.959,0.691,-0.997,0.962,0.998,0.918,-0.523,-0.97,-0.996,0.832,-0.535,0.997,0.967,0.984,-0.905,-0.998,-0.99,0.996,0.555,0.887,-0.997,0.958,-0.989,0.5,-0.955,0.055,-0.934,0.402,-0.885,0.699,-0.998,0.953,0.837,0.99,0.982,-0.916,0.885,0.935,-0.792,-0.91,-0.915,-0.961,-0.98,-0.991,-0.854,-0.959,0.948,-0.976,-0.588,-0.998,-0.897,0.989,0.97,-0.948,0.997,-0.976,-0.975,-0.933,0.973,0.901,-0.988,0.98,-0.992,0.984,0.94,0.971,-0.988,7.07,4.808,10.341,10.255,10.197,10.228,10.267,10.258,6.039,4.968,10.258,10.2,6.417,5.893,10.244,10.265,EssenceCatalog/problems/csplib-prob010-SocialGolfers/params/14482ddc4e061fe3ccd2392aaaaf08a6.param
-0.972,-0.988,0.988,-0.967,-0.972,0.991,-0.777,0.984,0.969,-0.968,-0.798,0.984,-0.95,0.989,-0.963,-0.955,-0.906,0.852,0.759,0.724,0.963,-0.975,-0.991,-0.961,0.99,0.068,-0.457,-0.68,-0.97,0.992,0.437,0.618,-0.931,0.932,0.565,-0.995,0.961,0.997,0.887,-0.639,-0.966,-0.994,0.731,-0.514,0.995,0.978,0.982,-0.904,-0.996,-0.981,0.994,0.676,0.899,-0.996,0.901,-0.981,0.066,-0.921,-0.037,-0.908,-0.289,-0.906,0.686,-0.998,0.971,0.881,0.985,0.986,-0.859,0.85,0.919,-0.812,-0.877,-0.849,-0.913,-0.984,-0.989,-0.725,-0.902,0.958,-0.931,-0.415,-0.998,-0.912,0.986,0.851,-0.916,0.996,-0.972,-0.967,-0.914,0.95,0.867,-0.98,0.977,-0.989,0.965,0.911,0.95,-0.987,6.71,4.809,10.432,10.326,10.24,10.281,10.315,10.335,5.92,4.969,10.388,10.257,6.291,5.862,10.344,10.301,EssenceCatalog/problems/csplib-prob010-SocialGolfers/params/b8f851849f1513cb3bf3b532a7a2d5ca.param
-0.97,-0.987,0.977,-0.962,-0.984,0.993,-0.986,0.981,0.966,-0.967,-0.9,0.992,-0.892,0.994,-0.985,-0.95,-0.948,0.962,0.983,0.981,0.967,-0.976,-0.987,-0.953,0.995,-0.887,0.572,-0.813,-0.945,0.966,0.977,0.362,-0.962,0.963,-0.796,-0.995,0.978,0.998,0.775,-0.874,-0.955,-0.996,0.537,-0.079,0.993,0.982,0.981,-0.951,-0.996,-0.984,0.994,0.187,0.944,-0.997,0.948,-0.972,0.847,-0.96,-0.266,-0.958,-0.971,-0.913,0.726,-0.998,0.965,0.652,0.991,0.985,-0.86,0.832,0.891,-0.904,-0.838,-0.864,-0.847,-0.982,-0.989,-0.648,-0.882,0.973,-0.958,-0.918,-0.998,-0.889,0.985,-0.412,-0.937,0.998,-0.982,-0.962,-0.758,0.952,0.886,-0.974,0.978,-0.991,0.961,0.933,0.964,-0.986,4.881,4.219,10.342,10.312,10.284,10.314,10.27,10.253,4.951,4.356,10.349,10.249,5.242,4.762,10.317,10.34,EssenceCatalog/problems/csplib-prob010-SocialGolfers/params/c13f32d59420305e5828e8111c471bb3.param
-0.972,-0.989,0.983,-0.961,-0.985,0.993,-0.984,0.98,0.963,-0.967,-0.882,0.993,-0.915,0.994,-0.984,-0.961,-0.952,0.961,0.98,0.979,0.968,-0.974,-0.986,-0.965,0.994,-0.891,0.552,-0.782,-0.953,0.976,0.971,0.359,-0.959,0.965,-0.747,-0.995,0.979,0.998,0.82,-0.864,-0.956,-0.996,0.5,0.005,0.993,0.984,0.98,-0.95,-0.996,-0.984,0.994,0.16,0.939,-0.997,0.951,-0.974,0.859,-0.965,-0.137,-0.958,-0.963,-0.888,0.704,-0.997,0.97,0.706,0.991,0.986,-0.852,0.796,0.881,-0.897,-0.823,-0.867,-0.854,-0.986,-0.988,-0.689,-0.878,0.969,-0.957,-0.937,-0.998,-0.868,0.984,-0.261,-0.937,0.998,-0.979,-0.963,-0.811,0.956,0.89,-0.975,0.977,-0.991,0.966,0.929,0.964,-0.985,4.919,4.205,10.337,10.279,10.241,10.278,10.238,10.22,4.955,4.343,10.339,10.209,5.249,4.751,10.301,10.303,EssenceCatalog/problems/csplib-prob010-SocialGolfers/params/9f07b371a9aa9be5f19089915522a7ca.param
-0.992,-0.972,0.98,-0.992,-0.991,0.994,0.972,0.995,0.987,-0.991,-0.988,0.974,-0.937,0.994,-0.889,-0.952,-0.141,0.579,-0.28,-0.982,0.952,-0.988,-0.995,-0.849,0.995,0.992,-0.973,-0.898,-0.985,0.998,-0.916,0.983,-0.96,0.978,0.963,-0.998,0.781,0.998,0.975,-0.983,-0.995,-0.998,0.969,-0.988,0.993,0.91,0.999,-0.986,-0.998,-0.978,0.996,0.981,0.947,-0.999,0.787,-0.988,-0.994,-0.903,-0.974,-0.92,0.629,-0.995,0.965,-0.999,0.986,0.991,0.987,0.979,-0.97,0.956,0.977,-0.971,-0.992,-0.964,-0.987,-0.986,-0.991,-0.92,-0.903,0.977,-0.795,0.992,-0.999,-0.991,0.989,0.941,-0.971,0.999,-0.967,-0.988,-0.986,0.956,0.975,-0.986,0.994,-0.997,0.981,0.969,0.943,-0.997,9.303,5.672,10.239,10.212,10.236,10.261,10.252,10.227,7.319,5.977,10.247,10.181,7.756,7.689,10.246,10.228,EssenceCatalog/problems/csplib-prob010-SocialGolfers/params/e56275fec4e7ad0747b965f75f7450e0.param
-0.975,-0.98,0.98,-0.969,-0.97,0.991,-0.73,0.984,0.972,-0.966,-0.792,0.983,-0.923,0.988,-0.954,-0.957,-0.874,0.851,0.789,0.699,0.958,-0.976,-0.989,-0.951,0.99,0.128,-0.428,-0.721,-0.955,0.99,0.454,0.592,-0.926,0.935,0.424,-0.995,0.957,0.997,0.868,-0.661,-0.963,-0.994,0.767,-0.545,0.993,0.967,0.983,-0.907,-0.996,-0.981,0.993,0.681,0.898,-0.997,0.897,-0.98,0.137,-0.922,-0.13,-0.913,-0.344,-0.908,0.686,-0.998,0.963,0.846,0.985,0.978,-0.857,0.865,0.908,-0.826,-0.883,-0.854,-0.919,-0.979,-0.987,-0.676,-0.9,0.951,-0.923,-0.372,-0.998,-0.909,0.984,0.859,-0.922,0.996,-0.971,-0.962,-0.895,0.944,0.871,-0.978,0.979,-0.99,0.966,0.907,0.942,-0.987,6.666,4.788,10.401,10.327,10.25,10.282,10.316,10.348,5.896,4.955,10.352,10.261,6.263,5.851,10.318,10.303,EssenceCatalog/problems/csplib-prob010-SocialGolfers/params/a37719524c94f727028bb779c0e95d15.param
-0.99,0.998,-0.994,-0.994,-0.982,0.986,-0.983,0.987,0.991,-0.961,-0.989,0.988,0.994,0.994,-0.921,-0.977,-0.931,0.99,0.99,0.983,0.969,-0.993,-0.98,0.801,0.997,0.808,-0.533,-0.952,0.996,-0.97,0.902,0.196,-0.947,0.988,-0.992,-0.999,0.488,1.0,-0.866,-0.917,-0.981,-0.998,0.966,-0.964,0.994,-0.995,0.993,-0.979,-0.998,-0.992,0.997,-0.921,0.982,-0.999,0.978,-0.978,0.932,-0.975,-0.93,-0.988,-0.992,-0.97,0.962,-0.999,-0.979,-0.973,0.989,-0.997,-0.971,0.977,0.796,-0.963,-0.988,-0.938,-0.984,0.995,-0.992,-0.834,-0.979,0.799,-0.884,0.931,-0.999,-0.987,0.956,0.823,-0.958,0.999,-0.932,-0.976,0.961,0.955,0.952,-0.928,0.987,-0.996,0.986,0.976,0.918,-0.994,4.17,3.46,4.801,10.262,10.495,10.371,10.557,10.778,4.158,3.669,4.853,10.146,4.742,4.337,5.883,10.152,EssenceCatalog/problems/csplib-prob010-SocialGolfers/params/69ff2930b090a5d533e4088b9be7809b.param
-0.972,-0.984,0.978,-0.963,-0.975,0.992,-0.941,0.981,0.97,-0.959,-0.815,0.988,-0.904,0.991,-0.969,-0.961,-0.916,0.924,0.937,0.93,0.959,-0.974,-0.985,-0.956,0.992,-0.62,0.163,-0.766,-0.947,0.982,0.87,0.378,-0.944,0.948,-0.322,-0.995,0.972,0.998,0.835,-0.748,-0.95,-0.995,0.657,-0.254,0.992,0.975,0.98,-0.925,-0.996,-0.983,0.992,0.459,0.918,-0.997,0.931,-0.974,0.663,-0.943,-0.108,-0.936,-0.834,-0.878,0.653,-0.998,0.961,0.736,0.987,0.981,-0.848,0.845,0.89,-0.852,-0.835,-0.861,-0.88,-0.982,-0.985,-0.616,-0.888,0.958,-0.948,-0.824,-0.998,-0.869,0.983,0.528,-0.928,0.997,-0.977,-0.957,-0.852,0.942,0.875,-0.977,0.98,-0.99,0.965,0.902,0.947,-0.984,5.489,4.364,10.361,10.301,10.225,10.24,10.264,10.287,5.244,4.511,10.338,10.225,5.561,5.069,10.301,10.291,EssenceCatalog/problems/csplib-prob010-SocialGolfers/params/6795da061e7b26ec8fce0c08bb5e20a7.param
-0.967,-0.976,0.953,-0.954,-0.955,0.987,-0.904,0.981,0.959,-0.971,-0.911,0.966,-0.723,0.992,-0.965,-0.674,-0.502,0.9,0.969,0.844,0.948,-0.967,-0.986,-0.816,0.993,-0.072,-0.4,-0.651,-0.95,0.981,0.971,0.724,-0.922,0.935,-0.287,-0.993,0.962,0.997,0.711,-0.895,-0.966,-0.994,0.539,-0.733,0.987,0.963,0.986,-0.952,-0.994,-0.951,0.986,0.713,0.954,-0.997,0.805,-0.949,-0.481,-0.864,-0.591,-0.895,-0.976,-0.95,0.831,-0.998,0.966,0.828,0.98,0.978,-0.782,0.818,0.844,-0.932,-0.884,-0.764,-0.831,-0.975,-0.981,-0.403,-0.733,0.96,-0.782,0.061,-0.998,-0.935,0.968,-0.527,-0.87,0.996,-0.963,-0.957,-0.769,0.889,0.877,-0.955,0.977,-0.988,0.913,0.892,0.887,-0.987,5.754,4.739,10.322,10.296,10.284,10.254,10.269,10.324,5.542,4.88,10.344,10.282,5.822,5.631,10.303,10.265,EssenceCatalog/problems/csplib-prob010-SocialGolfers/params/d024c4dcfb05cc746145fde731afe199.param
-0.979,-0.919,0.884,-0.97,-0.953,0.986,-0.363,0.985,0.958,-0.98,-0.929,0.947,-0.466,0.991,-0.923,-0.687,0.21,0.821,0.954,0.223,0.936,-0.97,-0.984,-0.643,0.992,0.747,-0.721,-0.715,-0.898,0.985,0.925,0.825,-0.882,0.951,-0.109,-0.994,0.93,0.998,0.749,-0.938,-0.974,-0.994,0.754,-0.912,0.979,0.869,0.993,-0.969,-0.995,-0.945,0.985,0.834,0.953,-0.998,0.724,-0.951,-0.829,-0.846,-0.813,-0.899,-0.965,-0.971,0.881,-0.998,0.956,0.878,0.975,0.921,-0.811,0.84,0.797,-0.956,-0.943,-0.782,-0.911,-0.954,-0.977,-0.446,-0.684,0.937,-0.494,0.746,-0.999,-0.956,0.948,-0.047,-0.912,0.997,-0.945,-0.958,-0.8,0.878,0.913,-0.947,0.984,-0.992,0.925,0.891,0.819,-0.99,6.663,5.044,10.068,10.156,10.202,10.169,10.187,10.274,6.047,5.235,10.099,10.141,6.322,6.378,10.072,10.106,EssenceCatalog/problems/csplib-prob010-SocialGolfers/params/2a566b20e10bc5981aa9fb51cdb4a0e0.param
-0.983,-0.979,0.971,-0.978,-0.975,0.991,0.358,0.99,0.967,-0.988,-0.975,0.945,-0.852,0.993,-0.939,-0.647,0.037,0.709,0.795,-0.634,0.945,-0.978,-0.994,-0.699,0.994,0.941,-0.922,-0.733,-0.981,0.996,0.577,0.952,-0.934,0.952,0.792,-0.995,0.903,0.997,0.896,-0.966,-0.99,-0.996,0.852,-0.972,0.99,0.945,0.996,-0.978,-0.996,-0.943,0.992,0.952,0.961,-0.998,0.628,-0.966,-0.983,-0.792,-0.933,-0.872,-0.811,-0.988,0.941,-0.999,0.983,0.975,0.982,0.982,-0.901,0.896,0.939,-0.966,-0.974,-0.876,-0.952,-0.983,-0.989,-0.701,-0.761,0.972,-0.572,0.964,-0.999,-0.985,0.98,0.256,-0.921,0.998,-0.956,-0.98,-0.942,0.91,0.944,-0.972,0.987,-0.992,0.934,0.936,0.884,-0.995,7.937,5.473,10.333,10.324,10.302,10.327,10.336,10.383,6.729,5.726,10.389,10.269,7.093,7.182,10.335,10.253,EssenceCatalog/problems/csplib-prob010-SocialGolfers/params/125e657e97eaa3b20483b9287c019454.param
-0.995,-0.984,0.99,-0.995,-0.996,0.996,0.991,0.998,0.995,-0.992,-0.99,0.993,-0.978,0.994,-0.859,-0.991,-0.834,0.804,-0.916,-0.99,0.971,-0.995,-0.997,-0.97,0.997,0.995,-0.989,-0.963,-0.99,0.998,-0.993,0.985,-0.975,0.99,0.991,-0.999,0.855,0.998,0.99,-0.979,-0.996,-0.999,0.99,-0.99,0.998,0.934,0.999,-0.986,-0.999,-0.992,0.999,0.978,0.958,-0.999,0.958,-0.996,-0.991,-0.969,-0.969,-0.957,0.978,-0.996,0.981,-1.0,0.989,0.991,0.993,0.986,-0.99,0.978,0.989,-0.965,-0.996,-0.988,-0.993,-0.986,-0.996,-0.981,-0.975,0.978,-0.967,0.992,-1.0,-0.993,0.995,0.992,-0.979,1.0,-0.98,-0.994,-0.991,0.982,0.982,-0.992,0.996,-0.998,0.993,0.985,0.984,-0.998,9.628,5.784,10.468,10.393,10.445,10.479,10.455,10.405,7.507,6.092,10.428,10.404,7.988,7.799,10.453,10.447,EssenceCatalog/problems/csplib-prob010-SocialGolfers/params/0e886315b7e840f7ecd2979e1990388e.param
-0.971,-0.985,0.979,-0.96,-0.974,0.991,-0.953,0.981,0.969,-0.963,-0.824,0.988,-0.907,0.991,-0.972,-0.956,-0.929,0.928,0.933,0.943,0.963,-0.975,-0.987,-0.955,0.992,-0.623,0.09,-0.737,-0.95,0.981,0.88,0.435,-0.943,0.943,-0.241,-0.995,0.973,0.998,0.81,-0.719,-0.954,-0.995,0.639,-0.288,0.994,0.976,0.98,-0.92,-0.996,-0.983,0.993,0.432,0.92,-0.996,0.932,-0.975,0.657,-0.939,-0.119,-0.933,-0.832,-0.893,0.667,-0.998,0.957,0.724,0.987,0.983,-0.847,0.839,0.886,-0.84,-0.838,-0.854,-0.878,-0.981,-0.986,-0.623,-0.901,0.958,-0.949,-0.795,-0.998,-0.88,0.985,0.531,-0.916,0.996,-0.977,-0.961,-0.833,0.946,0.87,-0.977,0.978,-0.99,0.963,0.909,0.949,-0.984,5.518,4.385,10.365,10.31,10.237,10.256,10.28,10.297,5.264,4.529,10.341,10.232,5.587,5.093,10.306,10.296,EssenceCatalog/problems/csplib-prob010-SocialGolfers/params/e7fa78b1ebfa92d42a7b69058078c6f9.param
-0.968,-0.98,0.958,-0.957,-0.95,0.987,-0.807,0.982,0.959,-0.977,-0.944,0.952,-0.742,0.992,-0.961,-0.436,-0.321,0.861,0.951,0.633,0.945,-0.968,-0.99,-0.724,0.993,0.471,-0.732,-0.59,-0.967,0.986,0.957,0.855,-0.925,0.927,0.244,-0.993,0.953,0.997,0.745,-0.923,-0.977,-0.994,0.6,-0.882,0.988,0.96,0.989,-0.959,-0.993,-0.93,0.987,0.843,0.962,-0.998,0.709,-0.948,-0.873,-0.792,-0.76,-0.86,-0.97,-0.968,0.894,-0.998,0.972,0.909,0.978,0.982,-0.81,0.839,0.881,-0.948,-0.921,-0.765,-0.866,-0.977,-0.984,-0.454,-0.701,0.966,-0.67,0.692,-0.998,-0.965,0.972,-0.55,-0.848,0.997,-0.958,-0.966,-0.826,0.873,0.896,-0.959,0.977,-0.987,0.893,0.901,0.873,-0.989,6.446,5.087,10.353,10.349,10.349,10.328,10.327,10.381,5.996,5.233,10.385,10.339,6.272,6.229,10.342,10.3,EssenceCatalog/problems/csplib-prob010-SocialGolfers/params/f988b89a43dedc90286eff755475ae9e.param
-0.966,-0.98,0.961,-0.954,-0.965,0.989,-0.96,0.981,0.962,-0.969,-0.906,0.979,-0.771,0.993,-0.976,-0.787,-0.736,0.933,0.978,0.937,0.955,-0.971,-0.985,-0.876,0.994,-0.55,-0.057,-0.706,-0.947,0.974,0.98,0.63,-0.939,0.943,-0.569,-0.994,0.97,0.998,0.7,-0.886,-0.96,-0.994,0.496,-0.569,0.989,0.972,0.984,-0.953,-0.995,-0.965,0.989,0.582,0.954,-0.997,0.869,-0.956,0.045,-0.906,-0.493,-0.921,-0.981,-0.941,0.805,-0.998,0.965,0.759,0.984,0.982,-0.797,0.821,0.851,-0.926,-0.863,-0.792,-0.821,-0.977,-0.983,-0.438,-0.789,0.965,-0.87,-0.474,-0.998,-0.921,0.974,-0.615,-0.888,0.997,-0.972,-0.956,-0.733,0.911,0.871,-0.96,0.977,-0.989,0.926,0.904,0.919,-0.986,5.271,4.493,10.341,10.301,10.293,10.265,10.279,10.308,5.221,4.634,10.37,10.271,5.518,5.186,10.329,10.295,EssenceCatalog/problems/csplib-prob010-SocialGolfers/params/696af2594d8e59243b00a2a865dab49d.param
-0.974,-0.982,0.966,-0.966,-0.959,0.988,-0.51,0.985,0.96,-0.983,-0.962,0.943,-0.798,0.993,-0.954,-0.418,-0.151,0.806,0.912,0.144,0.944,-0.972,-0.992,-0.692,0.993,0.789,-0.857,-0.618,-0.978,0.991,0.9,0.916,-0.929,0.932,0.598,-0.993,0.938,0.997,0.82,-0.943,-0.984,-0.994,0.712,-0.94,0.99,0.958,0.993,-0.967,-0.994,-0.928,0.99,0.909,0.963,-0.998,0.648,-0.954,-0.956,-0.761,-0.86,-0.845,-0.942,-0.98,0.921,-0.998,0.978,0.951,0.979,0.984,-0.848,0.862,0.914,-0.957,-0.949,-0.804,-0.906,-0.981,-0.987,-0.553,-0.711,0.97,-0.599,0.892,-0.998,-0.977,0.976,-0.323,-0.867,0.997,-0.955,-0.974,-0.888,0.884,0.918,-0.964,0.98,-0.988,0.901,0.915,0.873,-0.992,7.062,5.295,10.377,10.367,10.356,10.354,10.351,10.403,6.336,5.471,10.415,10.339,6.632,6.668,10.368,10.302,EssenceCatalog/problems/csplib-prob010-SocialGolfers/params/16de3a3a11fa43787106478ee98fdd9e.param
-0.969,-0.977,0.954,-0.962,-0.982,0.992,-0.991,0.982,0.971,-0.969,-0.931,0.992,-0.81,0.995,-0.987,-0.916,-0.935,0.968,0.99,0.986,0.967,-0.98,-0.988,-0.905,0.996,-0.877,0.525,-0.832,-0.92,0.93,0.988,0.393,-0.968,0.965,-0.869,-0.995,0.974,0.999,0.634,-0.913,-0.962,-0.996,0.512,-0.294,0.993,0.973,0.983,-0.961,-0.996,-0.98,0.994,0.209,0.963,-0.998,0.94,-0.967,0.779,-0.955,-0.41,-0.962,-0.987,-0.934,0.788,-0.998,0.954,0.557,0.992,0.978,-0.872,0.856,0.9,-0.932,-0.874,-0.862,-0.838,-0.968,-0.991,-0.616,-0.881,0.979,-0.952,-0.845,-0.998,-0.922,0.985,-0.75,-0.933,0.998,-0.983,-0.961,-0.596,0.943,0.893,-0.973,0.98,-0.992,0.953,0.941,0.961,-0.988,4.782,4.243,10.305,10.335,10.33,10.35,10.306,10.287,4.927,4.373,10.326,10.286,5.213,4.77,10.3,10.366,EssenceCatalog/problems/csplib-prob010-SocialGolfers/params/91f2d2cba6d5899940fbd00e32bd496e.param
-0.965,-0.982,0.966,-0.955,-0.979,0.99,-0.982,0.981,0.963,-0.972,-0.93,0.987,-0.81,0.995,-0.986,-0.858,-0.871,0.956,0.987,0.973,0.963,-0.974,-0.987,-0.906,0.995,-0.809,0.359,-0.774,-0.943,0.961,0.988,0.56,-0.957,0.958,-0.801,-0.994,0.974,0.998,0.708,-0.909,-0.961,-0.995,0.462,-0.377,0.992,0.979,0.982,-0.959,-0.996,-0.973,0.992,0.374,0.956,-0.997,0.915,-0.961,0.548,-0.939,-0.463,-0.946,-0.987,-0.944,0.796,-0.998,0.967,0.701,0.989,0.984,-0.836,0.824,0.876,-0.932,-0.859,-0.825,-0.818,-0.977,-0.987,-0.546,-0.829,0.973,-0.921,-0.776,-0.998,-0.917,0.98,-0.78,-0.914,0.997,-0.978,-0.961,-0.682,0.936,0.876,-0.963,0.976,-0.99,0.938,0.93,0.952,-0.988,4.921,4.324,10.351,10.323,10.322,10.324,10.29,10.288,5.012,4.463,10.376,10.283,5.306,4.899,10.341,10.345,EssenceCatalog/problems/csplib-prob010-SocialGolfers/params/b1c134e3f08d089667a45ab1ec1a0efd.param
-0.97,-0.983,0.97,-0.961,-0.984,0.992,-0.987,0.981,0.967,-0.971,-0.918,0.992,-0.852,0.995,-0.986,-0.935,-0.935,0.964,0.986,0.982,0.966,-0.977,-0.987,-0.94,0.996,-0.878,0.56,-0.818,-0.935,0.958,0.984,0.408,-0.962,0.964,-0.842,-0.995,0.977,0.998,0.739,-0.894,-0.958,-0.996,0.528,-0.165,0.993,0.979,0.982,-0.955,-0.996,-0.982,0.994,0.181,0.95,-0.997,0.944,-0.969,0.821,-0.958,-0.351,-0.959,-0.98,-0.928,0.753,-0.998,0.962,0.625,0.991,0.983,-0.861,0.838,0.887,-0.919,-0.849,-0.859,-0.843,-0.978,-0.989,-0.622,-0.873,0.974,-0.952,-0.895,-0.998,-0.903,0.984,-0.596,-0.935,0.998,-0.981,-0.962,-0.703,0.951,0.886,-0.97,0.978,-0.992,0.956,0.936,0.963,-0.987,4.83,4.23,10.331,10.322,10.309,10.334,10.286,10.267,4.936,4.365,10.344,10.266,5.226,4.766,10.316,10.353,EssenceCatalog/problems/csplib-prob010-SocialGolfers/params/3450491c72ef21959ba5cf8afe0e063e.param
-0.973,-0.979,0.965,-0.965,-0.988,0.993,-0.989,0.982,0.968,-0.972,-0.925,0.994,-0.845,0.995,-0.987,-0.955,-0.95,0.972,0.989,0.986,0.967,-0.979,-0.987,-0.942,0.996,-0.912,0.676,-0.855,-0.915,0.946,0.986,0.32,-0.965,0.972,-0.907,-0.995,0.977,0.998,0.738,-0.911,-0.957,-0.996,0.556,-0.085,0.993,0.976,0.982,-0.959,-0.997,-0.985,0.995,0.022,0.951,-0.998,0.957,-0.971,0.902,-0.968,-0.358,-0.969,-0.983,-0.922,0.754,-0.998,0.957,0.554,0.992,0.978,-0.877,0.841,0.889,-0.926,-0.857,-0.879,-0.861,-0.974,-0.99,-0.669,-0.885,0.975,-0.96,-0.932,-0.999,-0.899,0.985,-0.628,-0.948,0.998,-0.982,-0.963,-0.669,0.958,0.897,-0.972,0.979,-0.993,0.964,0.943,0.969,-0.988,4.737,4.184,10.301,10.321,10.314,10.347,10.291,10.258,4.88,4.314,10.315,10.262,5.165,4.694,10.294,10.361,EssenceCatalog/problems/csplib-prob010-SocialGolfers/params/61b932b80fb99f96148ce8f5920ef4ce.param
-0.975,-0.983,0.983,-0.97,-0.966,0.991,-0.642,0.985,0.971,-0.964,-0.773,0.982,-0.932,0.987,-0.953,-0.95,-0.843,0.83,0.766,0.601,0.957,-0.975,-0.989,-0.95,0.99,0.253,-0.519,-0.718,-0.964,0.993,0.402,0.618,-0.923,0.936,0.527,-0.995,0.955,0.997,0.872,-0.672,-0.962,-0.994,0.766,-0.599,0.992,0.971,0.985,-0.912,-0.996,-0.98,0.992,0.753,0.898,-0.997,0.878,-0.981,-0.1,-0.919,-0.15,-0.91,-0.309,-0.904,0.693,-0.998,0.972,0.883,0.985,0.981,-0.851,0.859,0.908,-0.839,-0.888,-0.849,-0.918,-0.982,-0.987,-0.686,-0.89,0.951,-0.909,-0.242,-0.998,-0.907,0.983,0.86,-0.92,0.996,-0.972,-0.958,-0.914,0.935,0.879,-0.978,0.979,-0.99,0.966,0.897,0.934,-0.987,6.901,4.89,10.411,10.323,10.243,10.277,10.316,10.35,6.034,5.062,10.371,10.26,6.408,6.033,10.326,10.294,EssenceCatalog/problems/csplib-prob010-SocialGolfers/params/04d38771751b71f9b426a82d24f585c0.param
-0.963,-0.981,0.96,-0.95,-0.954,0.987,-0.941,0.98,0.959,-0.971,-0.922,0.969,-0.758,0.992,-0.972,-0.613,-0.637,0.911,0.969,0.894,0.952,-0.969,-0.988,-0.825,0.993,-0.203,-0.424,-0.614,-0.958,0.977,0.976,0.747,-0.934,0.925,-0.212,-0.993,0.966,0.997,0.682,-0.886,-0.968,-0.994,0.487,-0.725,0.99,0.969,0.985,-0.951,-0.994,-0.949,0.988,0.699,0.959,-0.997,0.811,-0.951,-0.496,-0.855,-0.581,-0.889,-0.978,-0.951,0.846,-0.997,0.965,0.828,0.981,0.983,-0.791,0.823,0.865,-0.928,-0.882,-0.76,-0.828,-0.976,-0.984,-0.42,-0.759,0.967,-0.812,0.06,-0.997,-0.945,0.974,-0.637,-0.848,0.997,-0.967,-0.961,-0.749,0.891,0.872,-0.958,0.974,-0.987,0.906,0.901,0.904,-0.987,5.71,4.746,10.363,10.323,10.308,10.281,10.295,10.338,5.526,4.879,10.392,10.31,5.817,5.6,10.348,10.295,EssenceCatalog/problems/csplib-prob010-SocialGolfers/params/11263fbe3ad7620e0cd870b1a2f861fd.param
-0.967,-0.985,0.98,-0.96,-0.962,0.988,-0.846,0.98,0.965,-0.965,-0.809,0.978,-0.906,0.988,-0.961,-0.907,-0.84,0.861,0.865,0.796,0.957,-0.971,-0.988,-0.936,0.99,-0.028,-0.39,-0.631,-0.964,0.988,0.752,0.617,-0.925,0.916,0.353,-0.994,0.961,0.997,0.824,-0.705,-0.961,-0.993,0.664,-0.543,0.993,0.973,0.981,-0.904,-0.995,-0.974,0.991,0.676,0.914,-0.996,0.873,-0.973,-0.006,-0.894,-0.176,-0.893,-0.688,-0.913,0.702,-0.998,0.965,0.845,0.982,0.983,-0.822,0.836,0.896,-0.828,-0.86,-0.81,-0.878,-0.981,-0.986,-0.595,-0.868,0.957,-0.899,-0.317,-0.998,-0.912,0.983,0.659,-0.891,0.995,-0.97,-0.961,-0.867,0.93,0.854,-0.973,0.975,-0.987,0.95,0.895,0.929,-0.986,6.324,4.736,10.405,10.321,10.235,10.271,10.297,10.336,5.744,4.891,10.374,10.252,6.099,5.713,10.33,10.285,EssenceCatalog/problems/csplib-prob010-SocialGolfers/params/65d6f3b917798882af095836f3cced05.param
-0.972,-0.986,0.982,-0.962,-0.977,0.992,-0.948,0.981,0.97,-0.965,-0.82,0.989,-0.923,0.991,-0.972,-0.968,-0.946,0.929,0.917,0.94,0.966,-0.975,-0.988,-0.963,0.991,-0.608,0.085,-0.738,-0.95,0.981,0.828,0.425,-0.945,0.946,-0.16,-0.996,0.973,0.998,0.834,-0.691,-0.957,-0.995,0.66,-0.253,0.995,0.976,0.98,-0.915,-0.997,-0.985,0.994,0.389,0.913,-0.996,0.94,-0.977,0.717,-0.944,-0.058,-0.934,-0.755,-0.888,0.651,-0.997,0.956,0.727,0.988,0.984,-0.862,0.84,0.896,-0.825,-0.841,-0.865,-0.893,-0.981,-0.988,-0.677,-0.915,0.958,-0.957,-0.821,-0.998,-0.876,0.986,0.663,-0.923,0.996,-0.977,-0.965,-0.85,0.954,0.873,-0.979,0.978,-0.99,0.969,0.918,0.956,-0.985,5.599,4.386,10.369,10.31,10.234,10.257,10.285,10.296,5.293,4.532,10.339,10.227,5.624,5.109,10.307,10.297,EssenceCatalog/problems/csplib-prob010-SocialGolfers/params/3875a6a094b775d7806b86a4e74f7cb6.param
-0.969,-0.984,0.967,-0.96,-0.951,0.988,-0.743,0.983,0.961,-0.979,-0.951,0.948,-0.798,0.992,-0.96,-0.39,-0.331,0.836,0.929,0.476,0.945,-0.97,-0.992,-0.728,0.993,0.622,-0.803,-0.562,-0.977,0.989,0.932,0.888,-0.931,0.92,0.513,-0.993,0.949,0.997,0.788,-0.923,-0.981,-0.994,0.634,-0.908,0.99,0.964,0.99,-0.958,-0.993,-0.928,0.988,0.879,0.963,-0.997,0.675,-0.952,-0.924,-0.761,-0.786,-0.84,-0.954,-0.972,0.905,-0.998,0.975,0.934,0.978,0.985,-0.829,0.85,0.907,-0.947,-0.931,-0.777,-0.88,-0.98,-0.986,-0.499,-0.716,0.97,-0.664,0.805,-0.998,-0.972,0.977,-0.443,-0.839,0.997,-0.959,-0.97,-0.861,0.876,0.902,-0.965,0.977,-0.986,0.892,0.905,0.878,-0.99,6.747,5.199,10.394,10.379,10.366,10.36,10.354,10.402,6.169,5.354,10.426,10.36,6.458,6.435,10.381,10.322,EssenceCatalog/problems/csplib-prob010-SocialGolfers/params/79999e8302454d3ad462070a4cd6c170.param
-0.995,-0.983,0.988,-0.996,-0.997,0.996,0.987,0.998,0.995,-0.991,-0.988,0.995,-0.975,0.993,-0.823,-0.992,-0.899,0.858,-0.939,-0.984,0.976,-0.996,-0.997,-0.975,0.997,0.993,-0.989,-0.965,-0.986,0.997,-0.993,0.979,-0.973,0.991,0.992,-0.999,0.895,0.998,0.988,-0.971,-0.996,-0.999,0.991,-0.989,0.998,0.919,0.998,-0.986,-0.999,-0.993,0.999,0.969,0.962,-0.999,0.972,-0.996,-0.984,-0.976,-0.959,-0.965,0.982,-0.995,0.982,-1.0,0.984,0.985,0.994,0.98,-0.99,0.98,0.986,-0.957,-0.996,-0.989,-0.994,-0.979,-0.996,-0.984,-0.981,0.976,-0.977,0.989,-1.0,-0.992,0.995,0.994,-0.978,1.0,-0.981,-0.993,-0.988,0.983,0.98,-0.993,0.996,-0.998,0.994,0.986,0.986,-0.997,9.63,5.785,10.478,10.402,10.457,10.492,10.47,10.42,7.508,6.092,10.433,10.418,7.994,7.793,10.46,10.46,EssenceCatalog/problems/csplib-prob010-SocialGolfers/params/7bee49853f214a0d2f6525c7b31dce64.param
-0.973,-0.981,0.964,-0.965,-0.957,0.988,-0.585,0.985,0.96,-0.982,-0.96,0.944,-0.781,0.993,-0.956,-0.402,-0.174,0.819,0.923,0.251,0.944,-0.971,-0.992,-0.687,0.993,0.752,-0.843,-0.611,-0.976,0.99,0.918,0.91,-0.929,0.932,0.543,-0.993,0.94,0.997,0.806,-0.942,-0.983,-0.994,0.693,-0.935,0.989,0.957,0.992,-0.966,-0.994,-0.927,0.989,0.901,0.963,-0.998,0.656,-0.952,-0.95,-0.763,-0.85,-0.847,-0.951,-0.978,0.919,-0.998,0.977,0.946,0.979,0.983,-0.843,0.859,0.909,-0.957,-0.946,-0.798,-0.901,-0.98,-0.987,-0.535,-0.707,0.969,-0.603,0.875,-0.998,-0.976,0.975,-0.397,-0.863,0.997,-0.955,-0.973,-0.876,0.881,0.915,-0.963,0.979,-0.988,0.898,0.912,0.872,-0.991,6.945,5.264,10.373,10.369,10.362,10.356,10.351,10.403,6.278,5.433,10.411,10.346,6.566,6.595,10.366,10.307,EssenceCatalog/problems/csplib-prob010-SocialGolfers/params/1609eb27705efa3c3661dc00958f43cb.param
-0.963,-0.983,0.965,-0.95,-0.964,0.988,-0.967,0.98,0.96,-0.969,-0.914,0.979,-0.794,0.993,-0.978,-0.75,-0.78,0.933,0.976,0.946,0.957,-0.971,-0.987,-0.877,0.994,-0.556,-0.122,-0.669,-0.954,0.974,0.98,0.664,-0.943,0.935,-0.476,-0.993,0.972,0.998,0.685,-0.876,-0.963,-0.994,0.46,-0.575,0.991,0.975,0.983,-0.95,-0.995,-0.961,0.989,0.582,0.956,-0.997,0.867,-0.957,-0.03,-0.897,-0.482,-0.914,-0.979,-0.943,0.815,-0.997,0.965,0.775,0.984,0.985,-0.801,0.821,0.865,-0.92,-0.864,-0.785,-0.817,-0.977,-0.985,-0.458,-0.801,0.969,-0.876,-0.418,-0.997,-0.93,0.977,-0.647,-0.872,0.997,-0.973,-0.959,-0.725,0.911,0.869,-0.962,0.975,-0.988,0.921,0.909,0.926,-0.986,5.317,4.526,10.362,10.312,10.301,10.274,10.29,10.314,5.254,4.664,10.393,10.283,5.557,5.225,10.349,10.301,EssenceCatalog/problems/csplib-prob010-SocialGolfers/params/84aaeefff33158e02dbafacae4c35c6a.param
-0.988,0.98,-0.895,-0.991,-0.991,0.98,-0.864,0.98,0.992,-0.99,-0.985,0.978,0.957,0.996,-0.946,-0.975,-0.813,0.982,0.971,0.881,0.96,-0.987,-0.994,-0.24,0.996,0.925,-0.458,-0.832,0.952,-0.598,0.488,0.792,-0.926,0.975,-0.906,-0.998,0.728,0.999,0.587,-0.889,-0.992,-0.995,0.946,-0.937,0.997,-0.966,0.989,-0.961,-0.998,-0.986,0.999,-0.835,0.951,-0.998,0.967,-0.972,0.713,-0.951,-0.82,-0.968,-0.937,-0.983,0.916,-0.998,-0.825,-0.742,0.978,-0.962,-0.961,0.956,0.939,-0.939,-0.98,-0.925,-0.979,0.922,-0.995,-0.8,-0.971,0.913,-0.861,0.935,-0.998,-0.992,0.985,0.901,-0.905,0.997,-0.893,-0.989,0.647,0.985,0.899,-0.939,0.986,-0.994,0.984,0.976,0.951,-0.997,4.779,3.697,5.582,10.223,10.606,10.463,10.575,10.735,4.561,3.951,5.577,10.212,5.082,4.7,6.614,10.222,EssenceCatalog/problems/csplib-prob010-SocialGolfers/params/ab297fb213e1aa7f582b6c513a21962f.param
-0.978,0.994,-0.987,-0.895,0.929,0.972,-0.28,0.966,0.926,0.891,0.869,0.966,0.991,-0.771,0.967,-0.96,0.621,0.776,0.164,0.616,0.3,-0.956,0.97,0.791,0.924,-0.717,-0.925,-0.829,0.993,0.722,0.78,-0.75,0.673,0.952,-0.961,-0.989,0.914,0.995,-0.924,-0.672,0.918,-0.987,0.66,-0.928,-0.941,-0.98,0.967,-0.934,-0.96,-0.931,-0.949,0.83,0.935,-0.997,0.701,-0.891,-0.373,-0.905,-0.75,-0.953,-0.969,0.93,0.788,-0.99,-0.709,-0.921,0.93,-0.996,-0.079,0.788,-0.966,-0.942,-0.828,-0.869,-0.937,0.861,0.582,0.705,-0.51,-0.951,0.157,-0.039,-0.996,0.702,-0.921,0.927,-0.92,0.984,-0.595,0.867,0.828,-0.91,0.934,-0.826,0.966,-0.974,0.898,-0.8,-0.931,0.71,2.312,1.711,1.705,4.983,3.91,2.963,3.962,7.622,2.329,1.826,1.872,5.13,2.528,2.134,2.224,5.018,EssenceCatalog/problems/csplib-prob010-SocialGolfers/params/c2a1db452f1bd4e8368414e287777afe.param
-0.974,-0.978,0.959,-0.966,-0.958,0.988,-0.544,0.985,0.959,-0.982,-0.957,0.943,-0.758,0.993,-0.953,-0.452,-0.118,0.817,0.927,0.23,0.943,-0.971,-0.991,-0.686,0.993,0.756,-0.83,-0.627,-0.972,0.99,0.917,0.901,-0.923,0.935,0.474,-0.993,0.94,0.997,0.801,-0.942,-0.982,-0.994,0.701,-0.932,0.988,0.953,0.993,-0.967,-0.994,-0.93,0.989,0.893,0.962,-0.998,0.66,-0.952,-0.94,-0.776,-0.847,-0.856,-0.953,-0.978,0.914,-0.998,0.975,0.94,0.978,0.98,-0.836,0.855,0.898,-0.956,-0.945,-0.794,-0.902,-0.978,-0.986,-0.525,-0.702,0.967,-0.59,0.862,-0.998,-0.974,0.973,-0.352,-0.872,0.997,-0.953,-0.972,-0.871,0.883,0.914,-0.961,0.98,-0.989,0.903,0.911,0.866,-0.992,6.932,5.245,10.345,10.347,10.344,10.336,10.334,10.39,6.261,5.418,10.383,10.323,6.549,6.583,10.338,10.285,EssenceCatalog/problems/csplib-prob010-SocialGolfers/params/97a1d70fa36ef5f0b8be776361c40639.param
-0.969,-0.973,0.947,-0.956,-0.952,0.987,-0.872,0.982,0.958,-0.974,-0.925,0.96,-0.683,0.992,-0.962,-0.592,-0.37,0.89,0.968,0.783,0.946,-0.967,-0.987,-0.765,0.993,0.152,-0.54,-0.638,-0.95,0.982,0.971,0.776,-0.919,0.935,-0.19,-0.993,0.958,0.997,0.71,-0.913,-0.97,-0.994,0.562,-0.807,0.986,0.957,0.988,-0.957,-0.994,-0.943,0.986,0.762,0.958,-0.998,0.771,-0.947,-0.674,-0.844,-0.678,-0.887,-0.979,-0.958,0.861,-0.998,0.966,0.854,0.978,0.976,-0.785,0.823,0.844,-0.943,-0.901,-0.76,-0.846,-0.973,-0.982,-0.399,-0.707,0.96,-0.722,0.341,-0.998,-0.947,0.966,-0.574,-0.867,0.997,-0.959,-0.959,-0.775,0.88,0.886,-0.954,0.977,-0.988,0.906,0.894,0.874,-0.988,5.974,4.864,10.304,10.303,10.307,10.273,10.284,10.342,5.696,5.006,10.331,10.297,5.966,5.85,10.293,10.267,EssenceCatalog/problems/csplib-prob010-SocialGolfers/params/16639f28f32c3fc0cc66ebf7af31510c.param
-0.978,-0.973,0.978,-0.974,-0.974,0.991,-0.393,0.987,0.974,-0.973,-0.822,0.981,-0.915,0.989,-0.947,-0.96,-0.812,0.81,0.73,0.369,0.955,-0.976,-0.991,-0.95,0.991,0.55,-0.529,-0.747,-0.953,0.992,0.1,0.682,-0.927,0.943,0.56,-0.995,0.938,0.997,0.908,-0.712,-0.97,-0.994,0.808,-0.651,0.994,0.954,0.986,-0.919,-0.996,-0.982,0.994,0.721,0.893,-0.997,0.88,-0.981,-0.123,-0.924,-0.202,-0.907,-0.131,-0.927,0.692,-0.998,0.967,0.894,0.984,0.971,-0.878,0.88,0.926,-0.844,-0.91,-0.857,-0.935,-0.977,-0.987,-0.745,-0.898,0.951,-0.91,-0.071,-0.999,-0.926,0.985,0.902,-0.932,0.996,-0.966,-0.963,-0.918,0.95,0.886,-0.977,0.982,-0.992,0.972,0.914,0.944,-0.99,7.293,4.992,10.362,10.299,10.242,10.274,10.313,10.329,6.226,5.188,10.321,10.241,6.616,6.283,10.287,10.274,EssenceCatalog/problems/csplib-prob010-SocialGolfers/params/d45aa0a9d393141f701d4aecdf753699.param
-0.973,-0.971,0.956,-0.97,-0.991,0.993,-0.988,0.982,0.971,-0.977,-0.937,0.994,-0.827,0.996,-0.988,-0.965,-0.956,0.973,0.99,0.984,0.967,-0.979,-0.99,-0.943,0.996,-0.886,0.71,-0.871,-0.889,0.923,0.979,0.305,-0.967,0.972,-0.914,-0.995,0.975,0.998,0.772,-0.906,-0.963,-0.996,0.622,-0.072,0.995,0.968,0.982,-0.957,-0.997,-0.987,0.996,-0.142,0.945,-0.998,0.962,-0.972,0.927,-0.969,-0.343,-0.97,-0.979,-0.932,0.744,-0.998,0.941,0.482,0.992,0.97,-0.897,0.855,0.908,-0.918,-0.873,-0.887,-0.885,-0.964,-0.992,-0.712,-0.902,0.977,-0.965,-0.929,-0.999,-0.915,0.987,-0.513,-0.952,0.998,-0.98,-0.969,-0.643,0.968,0.892,-0.972,0.98,-0.993,0.969,0.952,0.975,-0.99,4.75,4.176,10.278,10.335,10.336,10.375,10.317,10.27,4.884,4.303,10.289,10.274,5.169,4.695,10.28,10.376,EssenceCatalog/problems/csplib-prob010-SocialGolfers/params/2f9c83876fdfc842a355b11a69577fd0.param
-0.995,-0.986,0.991,-0.995,-0.996,0.996,0.991,0.998,0.994,-0.992,-0.991,0.991,-0.978,0.994,-0.879,-0.987,-0.746,0.731,-0.88,-0.992,0.966,-0.994,-0.997,-0.96,0.997,0.995,-0.988,-0.956,-0.992,0.998,-0.992,0.987,-0.976,0.988,0.99,-0.999,0.824,0.998,0.989,-0.983,-0.996,-0.999,0.987,-0.991,0.997,0.944,0.999,-0.986,-0.999,-0.99,0.998,0.984,0.953,-0.999,0.937,-0.995,-0.993,-0.958,-0.974,-0.949,0.968,-0.996,0.98,-1.0,0.99,0.993,0.992,0.989,-0.988,0.976,0.989,-0.967,-0.995,-0.986,-0.993,-0.989,-0.995,-0.974,-0.966,0.98,-0.952,0.993,-1.0,-0.993,0.994,0.988,-0.978,1.0,-0.979,-0.993,-0.992,0.979,0.983,-0.992,0.996,-0.998,0.992,0.984,0.98,-0.997,9.605,5.773,10.437,10.365,10.414,10.446,10.422,10.372,7.492,6.08,10.404,10.371,7.967,7.79,10.425,10.415,EssenceCatalog/problems/csplib-prob010-SocialGolfers/params/f175cc1ff3a3c17b5c99cfd5c737e16d.param
-0.967,-0.985,0.972,-0.955,-0.975,0.991,-0.981,0.981,0.964,-0.967,-0.903,0.988,-0.848,0.993,-0.983,-0.885,-0.894,0.95,0.98,0.972,0.963,-0.974,-0.986,-0.924,0.995,-0.793,0.278,-0.748,-0.951,0.971,0.981,0.516,-0.954,0.951,-0.686,-0.994,0.977,0.998,0.722,-0.873,-0.956,-0.995,0.481,-0.337,0.992,0.98,0.982,-0.95,-0.996,-0.975,0.992,0.417,0.952,-0.997,0.918,-0.965,0.551,-0.936,-0.361,-0.941,-0.977,-0.927,0.768,-0.998,0.967,0.711,0.988,0.986,-0.827,0.828,0.875,-0.913,-0.845,-0.828,-0.821,-0.98,-0.987,-0.54,-0.846,0.971,-0.93,-0.783,-0.998,-0.908,0.981,-0.57,-0.909,0.997,-0.979,-0.959,-0.73,0.933,0.876,-0.969,0.977,-0.99,0.943,0.919,0.948,-0.986,5.015,4.331,10.357,10.31,10.289,10.295,10.273,10.279,5.05,4.469,10.374,10.263,5.348,4.92,10.334,10.324,EssenceCatalog/problems/csplib-prob010-SocialGolfers/params/64f5ff113e3aec666513241d823c93a7.param
-0.969,-0.978,0.954,-0.958,-0.95,0.987,-0.816,0.982,0.958,-0.977,-0.943,0.952,-0.719,0.992,-0.961,-0.46,-0.301,0.867,0.956,0.656,0.944,-0.968,-0.989,-0.719,0.993,0.431,-0.709,-0.604,-0.963,0.985,0.962,0.846,-0.923,0.93,0.144,-0.993,0.954,0.997,0.734,-0.925,-0.976,-0.994,0.596,-0.876,0.988,0.958,0.989,-0.961,-0.994,-0.933,0.987,0.833,0.962,-0.998,0.716,-0.947,-0.855,-0.802,-0.761,-0.866,-0.974,-0.967,0.892,-0.998,0.971,0.901,0.978,0.98,-0.804,0.835,0.873,-0.949,-0.92,-0.764,-0.865,-0.976,-0.984,-0.44,-0.696,0.965,-0.67,0.654,-0.998,-0.963,0.97,-0.577,-0.855,0.997,-0.957,-0.965,-0.814,0.873,0.896,-0.957,0.977,-0.988,0.895,0.9,0.871,-0.989,6.363,5.053,10.337,10.34,10.344,10.318,10.32,10.375,5.947,5.199,10.37,10.332,6.218,6.173,10.329,10.293,EssenceCatalog/problems/csplib-prob010-SocialGolfers/params/862ec093a4c4a57c099efbb09cddf1c8.param
-0.964,-0.98,0.96,-0.951,-0.954,0.987,-0.94,0.98,0.96,-0.969,-0.911,0.97,-0.76,0.992,-0.97,-0.663,-0.657,0.91,0.966,0.894,0.953,-0.969,-0.987,-0.838,0.993,-0.21,-0.403,-0.618,-0.955,0.978,0.971,0.726,-0.932,0.924,-0.2,-0.993,0.966,0.997,0.687,-0.874,-0.966,-0.994,0.503,-0.704,0.99,0.968,0.984,-0.947,-0.994,-0.953,0.988,0.69,0.956,-0.997,0.823,-0.953,-0.428,-0.861,-0.537,-0.892,-0.972,-0.947,0.831,-0.997,0.964,0.815,0.981,0.982,-0.792,0.826,0.864,-0.922,-0.877,-0.764,-0.829,-0.975,-0.984,-0.419,-0.771,0.965,-0.823,-0.001,-0.997,-0.941,0.975,-0.537,-0.852,0.996,-0.968,-0.959,-0.754,0.893,0.87,-0.96,0.975,-0.987,0.912,0.896,0.902,-0.986,5.71,4.723,10.359,10.319,10.297,10.275,10.29,10.335,5.513,4.857,10.382,10.3,5.807,5.571,10.338,10.29,EssenceCatalog/problems/csplib-prob010-SocialGolfers/params/cfc4e5a326c75518693a5e502ca57e0c.param
-0.965,-0.983,0.967,-0.955,-0.974,0.99,-0.976,0.981,0.962,-0.97,-0.915,0.985,-0.811,0.994,-0.982,-0.849,-0.843,0.948,0.983,0.964,0.961,-0.973,-0.986,-0.906,0.995,-0.743,0.221,-0.748,-0.946,0.97,0.984,0.573,-0.95,0.951,-0.71,-0.994,0.974,0.998,0.715,-0.89,-0.96,-0.995,0.478,-0.424,0.991,0.978,0.983,-0.954,-0.995,-0.972,0.991,0.445,0.953,-0.997,0.904,-0.961,0.424,-0.929,-0.446,-0.937,-0.983,-0.941,0.788,-0.998,0.966,0.723,0.987,0.985,-0.819,0.823,0.865,-0.924,-0.855,-0.815,-0.819,-0.978,-0.986,-0.509,-0.823,0.969,-0.91,-0.712,-0.998,-0.913,0.978,-0.671,-0.905,0.997,-0.976,-0.959,-0.716,0.93,0.872,-0.963,0.976,-0.99,0.936,0.919,0.942,-0.987,5.039,4.369,10.352,10.312,10.305,10.299,10.282,10.29,5.076,4.509,10.375,10.274,5.373,4.979,10.337,10.325,EssenceCatalog/problems/csplib-prob010-SocialGolfers/params/42905ca8b11ff4f42a35910757d4a209.param
-0.918,-0.996,0.998,-0.9,-0.983,0.969,-0.869,0.927,0.77,-0.979,-0.833,0.965,-0.984,0.989,-0.969,-0.928,-0.934,0.866,0.72,0.88,0.966,-0.898,-0.992,-0.991,0.929,-0.498,-0.417,0.152,-0.986,0.993,0.667,0.746,-0.885,0.907,0.785,-0.98,0.941,0.976,0.939,-0.498,-0.975,-0.984,-0.432,0.322,0.995,0.989,0.932,-0.885,-0.973,-0.934,0.993,-0.424,0.849,-0.962,0.931,-0.961,0.384,-0.945,0.749,-0.76,-0.58,-0.744,0.56,-0.979,0.974,0.949,0.958,0.993,-0.603,-0.276,0.757,-0.558,-0.734,-0.673,-0.806,-0.994,-0.989,-0.941,-0.816,0.909,-0.889,-0.846,-0.979,-0.737,0.94,0.669,-0.754,0.992,-0.844,-0.981,-0.937,0.978,0.767,-0.904,0.826,-0.936,0.931,0.921,0.975,-0.969,5.387,4.085,9.554,9.21,9.151,9.304,9.322,9.15,4.901,4.176,9.547,9.081,5.297,4.713,9.44,9.161,EssenceCatalog/problems/csplib-prob010-SocialGolfers/params/6951d91d7b6d4eb2a5eb009e4f9bbceb.param
-0.965,-0.983,0.966,-0.952,-0.97,0.989,-0.974,0.98,0.962,-0.969,-0.914,0.983,-0.802,0.993,-0.981,-0.809,-0.823,0.942,0.98,0.959,0.96,-0.972,-0.987,-0.893,0.994,-0.674,0.059,-0.709,-0.95,0.97,0.983,0.615,-0.948,0.943,-0.616,-0.994,0.974,0.998,0.69,-0.881,-0.961,-0.995,0.467,-0.494,0.991,0.976,0.983,-0.952,-0.995,-0.967,0.991,0.508,0.956,-0.997,0.889,-0.959,0.234,-0.916,-0.452,-0.928,-0.981,-0.941,0.801,-0.998,0.965,0.742,0.986,0.985,-0.813,0.823,0.865,-0.922,-0.859,-0.801,-0.816,-0.977,-0.986,-0.483,-0.817,0.969,-0.898,-0.598,-0.998,-0.922,0.978,-0.665,-0.889,0.997,-0.975,-0.959,-0.712,0.921,0.872,-0.963,0.976,-0.989,0.929,0.915,0.936,-0.987,5.148,4.433,10.354,10.311,10.302,10.287,10.285,10.301,5.146,4.571,10.381,10.276,5.446,5.076,10.34,10.313,EssenceCatalog/problems/csplib-prob010-SocialGolfers/params/6fddcbc7c1682f42af71793dd88946ca.param
-0.965,-0.981,0.963,-0.953,-0.945,0.987,-0.879,0.98,0.961,-0.972,-0.922,0.959,-0.774,0.992,-0.963,-0.531,-0.517,0.873,0.948,0.762,0.947,-0.968,-0.989,-0.792,0.993,0.243,-0.64,-0.564,-0.967,0.984,0.952,0.807,-0.928,0.915,0.209,-0.993,0.959,0.997,0.73,-0.885,-0.973,-0.993,0.555,-0.815,0.99,0.965,0.987,-0.947,-0.993,-0.94,0.987,0.799,0.958,-0.997,0.754,-0.952,-0.764,-0.807,-0.63,-0.863,-0.961,-0.955,0.86,-0.997,0.968,0.881,0.979,0.983,-0.8,0.834,0.885,-0.929,-0.899,-0.755,-0.848,-0.977,-0.984,-0.429,-0.742,0.966,-0.758,0.491,-0.997,-0.957,0.976,-0.442,-0.833,0.996,-0.964,-0.962,-0.81,0.877,0.88,-0.963,0.975,-0.986,0.9,0.892,0.884,-0.987,6.265,4.981,10.373,10.346,10.325,10.312,10.317,10.367,5.866,5.121,10.397,10.327,6.157,6.029,10.352,10.303,EssenceCatalog/problems/csplib-prob010-SocialGolfers/params/f0d9922cdff8fb0560d4faae2683d7e1.param
-0.991,0.997,-0.99,-0.993,-0.982,0.985,-0.971,0.985,0.991,-0.973,-0.989,0.984,0.993,0.995,-0.936,-0.966,-0.863,0.988,0.989,0.967,0.965,-0.991,-0.985,0.709,0.997,0.883,-0.64,-0.93,0.993,-0.932,0.881,0.533,-0.942,0.984,-0.985,-0.999,0.549,0.999,-0.704,-0.925,-0.985,-0.997,0.958,-0.968,0.994,-0.993,0.994,-0.978,-0.998,-0.989,0.997,-0.87,0.98,-0.999,0.97,-0.973,0.829,-0.965,-0.929,-0.982,-0.99,-0.978,0.959,-0.998,-0.964,-0.946,0.987,-0.994,-0.967,0.974,0.861,-0.964,-0.987,-0.933,-0.983,0.992,-0.993,-0.791,-0.972,0.831,-0.835,0.952,-0.998,-0.99,0.965,0.779,-0.944,0.999,-0.921,-0.979,0.931,0.959,0.944,-0.923,0.986,-0.995,0.984,0.974,0.916,-0.995,4.29,3.537,4.919,10.27,10.536,10.414,10.58,10.79,4.257,3.753,4.968,10.169,4.818,4.442,6.005,10.173,EssenceCatalog/problems/csplib-prob010-SocialGolfers/params/ffaa22528a317ed51be0c648dd99ad7e.param
-0.974,-0.982,0.966,-0.967,-0.959,0.988,-0.492,0.985,0.96,-0.983,-0.961,0.943,-0.8,0.993,-0.953,-0.425,-0.148,0.805,0.909,0.123,0.944,-0.972,-0.992,-0.693,0.993,0.794,-0.861,-0.62,-0.978,0.992,0.896,0.916,-0.928,0.933,0.611,-0.994,0.939,0.997,0.82,-0.943,-0.984,-0.994,0.716,-0.942,0.989,0.958,0.993,-0.967,-0.994,-0.929,0.989,0.911,0.963,-0.998,0.646,-0.954,-0.957,-0.762,-0.861,-0.847,-0.94,-0.979,0.921,-0.998,0.978,0.952,0.979,0.984,-0.848,0.862,0.912,-0.957,-0.95,-0.804,-0.907,-0.981,-0.987,-0.555,-0.713,0.969,-0.596,0.894,-0.998,-0.977,0.976,-0.301,-0.869,0.997,-0.955,-0.974,-0.889,0.883,0.918,-0.965,0.98,-0.988,0.902,0.913,0.871,-0.992,7.086,5.3,10.375,10.366,10.353,10.353,10.35,10.402,6.347,5.478,10.413,10.336,6.645,6.682,10.366,10.299,EssenceCatalog/problems/csplib-prob010-SocialGolfers/params/6d132648dc4cd6bbaa8982ce782b6520.param
-0.992,-0.971,0.977,-0.991,-0.99,0.994,0.96,0.995,0.985,-0.991,-0.987,0.971,-0.926,0.993,-0.89,-0.938,-0.05,0.576,-0.093,-0.976,0.951,-0.987,-0.995,-0.819,0.995,0.99,-0.971,-0.888,-0.984,0.998,-0.855,0.981,-0.956,0.976,0.953,-0.998,0.792,0.998,0.969,-0.982,-0.994,-0.997,0.963,-0.988,0.992,0.906,0.998,-0.986,-0.998,-0.975,0.995,0.98,0.95,-0.999,0.76,-0.986,-0.993,-0.893,-0.973,-0.916,0.434,-0.994,0.964,-0.999,0.986,0.99,0.987,0.977,-0.965,0.951,0.973,-0.973,-0.991,-0.958,-0.985,-0.986,-0.991,-0.905,-0.888,0.976,-0.751,0.991,-0.999,-0.99,0.987,0.916,-0.969,0.999,-0.965,-0.987,-0.984,0.949,0.973,-0.985,0.994,-0.997,0.978,0.965,0.934,-0.996,9.202,5.654,10.225,10.207,10.222,10.246,10.245,10.232,7.27,5.958,10.24,10.166,7.702,7.662,10.23,10.211,EssenceCatalog/problems/csplib-prob010-SocialGolfers/params/0ee4e7b5edbd511ad4c14a026ebfa60d.param
-0.977,-0.931,0.909,-0.969,-0.956,0.987,-0.446,0.986,0.959,-0.973,-0.882,0.958,-0.625,0.99,-0.93,-0.818,-0.06,0.82,0.949,0.352,0.932,-0.967,-0.981,-0.765,0.991,0.558,-0.524,-0.731,-0.899,0.985,0.886,0.717,-0.886,0.949,-0.242,-0.993,0.936,0.998,0.777,-0.9,-0.965,-0.993,0.742,-0.821,0.979,0.902,0.99,-0.956,-0.995,-0.957,0.984,0.782,0.934,-0.998,0.767,-0.955,-0.571,-0.879,-0.654,-0.907,-0.936,-0.955,0.807,-0.998,0.96,0.85,0.976,0.93,-0.795,0.829,0.802,-0.934,-0.921,-0.775,-0.897,-0.959,-0.975,-0.449,-0.717,0.935,-0.64,0.382,-0.999,-0.933,0.952,0.219,-0.921,0.996,-0.952,-0.945,-0.817,0.887,0.894,-0.949,0.984,-0.992,0.939,0.875,0.846,-0.989,6.479,4.895,10.144,10.186,10.198,10.174,10.201,10.284,5.895,5.091,10.153,10.157,6.197,6.127,10.123,10.14,EssenceCatalog/problems/csplib-prob010-SocialGolfers/params/fd9943069c57685ea5a7f66bec160b26.param
-0.977,-0.986,0.976,-0.972,-0.965,0.991,-0.195,0.988,0.967,-0.984,-0.969,0.946,-0.867,0.993,-0.952,-0.484,-0.165,0.766,0.85,-0.289,0.944,-0.976,-0.994,-0.699,0.994,0.876,-0.908,-0.672,-0.985,0.995,0.779,0.942,-0.942,0.942,0.771,-0.994,0.928,0.997,0.871,-0.956,-0.987,-0.995,0.778,-0.962,0.99,0.964,0.995,-0.972,-0.995,-0.934,0.99,0.949,0.966,-0.998,0.628,-0.961,-0.98,-0.761,-0.903,-0.847,-0.888,-0.984,0.936,-0.998,0.984,0.97,0.982,0.988,-0.882,0.889,0.943,-0.964,-0.964,-0.853,-0.931,-0.985,-0.989,-0.629,-0.744,0.975,-0.631,0.944,-0.998,-0.984,0.981,-0.112,-0.89,0.998,-0.961,-0.976,-0.927,0.887,0.934,-0.974,0.984,-0.99,0.915,0.923,0.884,-0.993,7.517,5.417,10.424,10.404,10.375,10.393,10.39,10.44,6.564,5.626,10.467,10.364,6.892,6.945,10.418,10.335,EssenceCatalog/problems/csplib-prob010-SocialGolfers/params/12370fcc56656fb5f7c5c2cee67c2f4c.param
-0.972,-0.986,0.979,-0.963,-0.982,0.993,-0.972,0.981,0.969,-0.963,-0.86,0.991,-0.904,0.993,-0.979,-0.962,-0.941,0.947,0.967,0.964,0.963,-0.974,-0.986,-0.958,0.994,-0.794,0.426,-0.798,-0.946,0.975,0.937,0.346,-0.955,0.956,-0.609,-0.995,0.975,0.998,0.822,-0.806,-0.953,-0.995,0.611,-0.128,0.993,0.979,0.98,-0.937,-0.997,-0.984,0.994,0.304,0.93,-0.997,0.943,-0.973,0.799,-0.954,-0.149,-0.949,-0.92,-0.894,0.677,-0.997,0.961,0.68,0.99,0.984,-0.856,0.842,0.896,-0.873,-0.834,-0.868,-0.868,-0.982,-0.987,-0.642,-0.893,0.967,-0.958,-0.895,-0.998,-0.88,0.985,0.145,-0.934,0.997,-0.979,-0.961,-0.821,0.951,0.876,-0.977,0.979,-0.991,0.965,0.92,0.958,-0.986,5.154,4.269,10.356,10.312,10.258,10.282,10.268,10.271,5.079,4.411,10.343,10.24,5.379,4.882,10.309,10.322,EssenceCatalog/problems/csplib-prob010-SocialGolfers/params/33a4507e1fd88c2d9dd41cc0e6b7c2fb.param
-0.972,-0.987,0.979,-0.963,-0.986,0.993,-0.986,0.981,0.966,-0.968,-0.899,0.993,-0.903,0.994,-0.986,-0.962,-0.958,0.964,0.982,0.982,0.967,-0.975,-0.987,-0.959,0.995,-0.895,0.615,-0.821,-0.944,0.965,0.973,0.327,-0.963,0.965,-0.802,-0.995,0.979,0.998,0.798,-0.87,-0.956,-0.996,0.541,-0.001,0.993,0.982,0.98,-0.949,-0.997,-0.985,0.995,0.106,0.941,-0.997,0.954,-0.974,0.884,-0.964,-0.21,-0.961,-0.966,-0.904,0.712,-0.998,0.964,0.645,0.992,0.985,-0.867,0.827,0.898,-0.9,-0.835,-0.873,-0.859,-0.982,-0.989,-0.683,-0.89,0.973,-0.964,-0.936,-0.998,-0.885,0.986,-0.337,-0.941,0.998,-0.981,-0.963,-0.772,0.957,0.89,-0.976,0.978,-0.991,0.965,0.935,0.967,-0.986,4.872,4.198,10.333,10.304,10.274,10.309,10.263,10.24,4.937,4.333,10.337,10.236,5.228,4.735,10.306,10.333,EssenceCatalog/problems/csplib-prob010-SocialGolfers/params/58e27c601d06991658ae9d5b543c58b5.param
-0.965,-0.978,0.955,-0.952,-0.955,0.987,-0.937,0.981,0.959,-0.971,-0.921,0.969,-0.727,0.992,-0.971,-0.634,-0.593,0.913,0.973,0.891,0.951,-0.969,-0.987,-0.818,0.994,-0.21,-0.396,-0.635,-0.952,0.977,0.978,0.736,-0.931,0.931,-0.309,-0.993,0.966,0.997,0.678,-0.895,-0.967,-0.994,0.502,-0.725,0.989,0.967,0.985,-0.954,-0.994,-0.951,0.987,0.693,0.958,-0.997,0.815,-0.95,-0.463,-0.864,-0.597,-0.895,-0.981,-0.951,0.846,-0.997,0.965,0.818,0.981,0.981,-0.787,0.822,0.853,-0.934,-0.884,-0.763,-0.83,-0.974,-0.983,-0.406,-0.747,0.964,-0.802,0.017,-0.997,-0.941,0.971,-0.647,-0.861,0.997,-0.966,-0.959,-0.743,0.89,0.876,-0.957,0.975,-0.988,0.908,0.899,0.899,-0.987,5.655,4.719,10.341,10.311,10.305,10.272,10.288,10.334,5.491,4.854,10.37,10.3,5.778,5.564,10.329,10.286,EssenceCatalog/problems/csplib-prob010-SocialGolfers/params/32fb16593aaefb17e873531955a6d52f.param
-0.969,-0.992,0.991,-0.961,-0.978,0.992,-0.926,0.98,0.967,-0.966,-0.802,0.989,-0.957,0.99,-0.97,-0.971,-0.955,0.911,0.85,0.909,0.969,-0.974,-0.99,-0.974,0.989,-0.519,-0.121,-0.671,-0.969,0.989,0.698,0.494,-0.941,0.944,0.254,-0.995,0.973,0.997,0.882,-0.641,-0.961,-0.994,0.619,-0.247,0.995,0.983,0.978,-0.908,-0.996,-0.984,0.994,0.461,0.904,-0.995,0.938,-0.981,0.598,-0.944,0.104,-0.923,-0.549,-0.868,0.647,-0.997,0.968,0.826,0.988,0.989,-0.856,0.804,0.902,-0.796,-0.833,-0.862,-0.9,-0.987,-0.989,-0.754,-0.914,0.957,-0.959,-0.813,-0.998,-0.873,0.986,0.774,-0.919,0.996,-0.974,-0.97,-0.904,0.96,0.873,-0.981,0.974,-0.988,0.97,0.919,0.961,-0.985,5.918,4.481,10.388,10.27,10.172,10.215,10.249,10.255,5.449,4.623,10.353,10.182,5.799,5.27,10.309,10.253,EssenceCatalog/problems/csplib-prob010-SocialGolfers/params/c1b4bd3ce31600d67146095a85a91303.param
-0.964,-0.979,0.956,-0.95,-0.951,0.988,-0.95,0.98,0.962,-0.968,-0.921,0.971,-0.734,0.992,-0.972,-0.61,-0.648,0.919,0.973,0.907,0.951,-0.97,-0.987,-0.808,0.994,-0.268,-0.411,-0.631,-0.954,0.976,0.979,0.732,-0.937,0.93,-0.299,-0.993,0.967,0.997,0.661,-0.896,-0.967,-0.994,0.479,-0.733,0.989,0.968,0.985,-0.954,-0.994,-0.949,0.987,0.711,0.962,-0.997,0.814,-0.95,-0.494,-0.861,-0.589,-0.896,-0.982,-0.948,0.855,-0.997,0.965,0.816,0.983,0.982,-0.795,0.833,0.869,-0.935,-0.886,-0.774,-0.829,-0.974,-0.984,-0.393,-0.759,0.968,-0.818,0.032,-0.997,-0.944,0.973,-0.698,-0.856,0.997,-0.968,-0.957,-0.731,0.884,0.878,-0.962,0.975,-0.988,0.906,0.9,0.901,-0.986,5.64,4.726,10.359,10.325,10.317,10.282,10.298,10.345,5.49,4.858,10.391,10.317,5.778,5.557,10.348,10.302,EssenceCatalog/problems/csplib-prob010-SocialGolfers/params/aef07c1f6477ef617e21a33f0ed34a4f.param
-0.97,-0.98,0.967,-0.958,-0.964,0.99,-0.942,0.981,0.966,-0.962,-0.845,0.982,-0.833,0.991,-0.968,-0.89,-0.818,0.918,0.957,0.922,0.957,-0.972,-0.984,-0.918,0.992,-0.489,-0.065,-0.707,-0.947,0.98,0.941,0.525,-0.934,0.937,-0.343,-0.994,0.97,0.998,0.75,-0.807,-0.953,-0.994,0.586,-0.471,0.991,0.97,0.982,-0.934,-0.995,-0.973,0.989,0.57,0.938,-0.997,0.895,-0.965,0.281,-0.915,-0.294,-0.92,-0.933,-0.913,0.724,-0.998,0.961,0.749,0.985,0.98,-0.808,0.834,0.859,-0.883,-0.849,-0.814,-0.842,-0.978,-0.983,-0.491,-0.839,0.958,-0.902,-0.58,-0.998,-0.898,0.978,0.082,-0.9,0.996,-0.974,-0.954,-0.791,0.921,0.866,-0.968,0.978,-0.989,0.945,0.891,0.921,-0.985,5.485,4.47,10.346,10.298,10.247,10.243,10.27,10.305,5.293,4.612,10.341,10.244,5.601,5.202,10.301,10.279,EssenceCatalog/problems/csplib-prob010-SocialGolfers/params/3d4fa65e32fb6bbbfdff832fa63c942f.param
-0.995,-0.985,0.991,-0.995,-0.996,0.996,0.991,0.998,0.994,-0.992,-0.99,0.991,-0.977,0.993,-0.875,-0.987,-0.725,0.714,-0.878,-0.993,0.965,-0.994,-0.997,-0.959,0.997,0.995,-0.988,-0.954,-0.992,0.998,-0.992,0.988,-0.975,0.987,0.99,-0.999,0.816,0.998,0.989,-0.982,-0.996,-0.999,0.987,-0.99,0.997,0.941,0.999,-0.986,-0.999,-0.99,0.998,0.984,0.951,-0.999,0.934,-0.995,-0.994,-0.957,-0.974,-0.947,0.967,-0.996,0.98,-1.0,0.99,0.993,0.991,0.989,-0.988,0.975,0.989,-0.967,-0.995,-0.985,-0.993,-0.989,-0.995,-0.974,-0.965,0.98,-0.948,0.993,-1.0,-0.993,0.994,0.988,-0.978,1.0,-0.978,-0.993,-0.992,0.979,0.983,-0.992,0.996,-0.998,0.992,0.983,0.979,-0.997,9.6,5.768,10.426,10.354,10.404,10.436,10.412,10.361,7.487,6.075,10.394,10.361,7.961,7.787,10.415,10.404,EssenceCatalog/problems/csplib-prob010-SocialGolfers/params/5d83deb9dc581b0960d18ad2a77a62d0.param
-0.967,-0.979,0.965,-0.956,-0.958,0.988,-0.9,0.98,0.962,-0.965,-0.858,0.974,-0.817,0.99,-0.963,-0.825,-0.713,0.891,0.943,0.861,0.952,-0.968,-0.985,-0.895,0.991,-0.165,-0.299,-0.643,-0.953,0.983,0.926,0.632,-0.922,0.923,-0.078,-0.993,0.964,0.997,0.753,-0.808,-0.959,-0.994,0.589,-0.589,0.991,0.966,0.983,-0.929,-0.995,-0.965,0.988,0.65,0.937,-0.997,0.854,-0.961,-0.096,-0.884,-0.362,-0.896,-0.921,-0.928,0.746,-0.998,0.962,0.806,0.981,0.979,-0.794,0.825,0.857,-0.882,-0.859,-0.779,-0.84,-0.977,-0.982,-0.47,-0.81,0.956,-0.858,-0.253,-0.998,-0.914,0.977,0.113,-0.878,0.996,-0.968,-0.956,-0.802,0.91,0.861,-0.963,0.976,-0.987,0.934,0.885,0.907,-0.985,5.842,4.645,10.347,10.295,10.24,10.246,10.267,10.314,5.52,4.794,10.341,10.246,5.838,5.518,10.298,10.262,EssenceCatalog/problems/csplib-prob010-SocialGolfers/params/eabb88a1ee308fe1576f7590be0c8bbd.param
-0.972,-0.984,0.983,-0.966,-0.962,0.99,-0.632,0.983,0.968,-0.966,-0.796,0.977,-0.926,0.987,-0.951,-0.927,-0.796,0.807,0.756,0.542,0.953,-0.972,-0.989,-0.939,0.99,0.351,-0.584,-0.671,-0.967,0.993,0.445,0.679,-0.917,0.921,0.606,-0.994,0.954,0.997,0.865,-0.685,-0.964,-0.993,0.751,-0.643,0.992,0.972,0.984,-0.906,-0.995,-0.976,0.991,0.775,0.901,-0.996,0.855,-0.977,-0.285,-0.894,-0.224,-0.891,-0.343,-0.917,0.712,-0.998,0.971,0.891,0.982,0.982,-0.839,0.853,0.907,-0.834,-0.885,-0.829,-0.91,-0.982,-0.986,-0.651,-0.874,0.952,-0.892,-0.044,-0.998,-0.92,0.983,0.823,-0.902,0.995,-0.97,-0.96,-0.907,0.927,0.874,-0.976,0.977,-0.989,0.958,0.893,0.926,-0.987,7.017,4.964,10.398,10.313,10.237,10.273,10.306,10.339,6.116,5.137,10.362,10.249,6.491,6.159,10.316,10.278,EssenceCatalog/problems/csplib-prob010-SocialGolfers/params/185c62f2ab16de29f1d2f580878469ce.param
-0.966,-0.981,0.964,-0.955,-0.972,0.99,-0.973,0.981,0.963,-0.969,-0.913,0.984,-0.79,0.993,-0.98,-0.837,-0.815,0.946,0.983,0.96,0.959,-0.973,-0.986,-0.896,0.995,-0.708,0.162,-0.747,-0.943,0.969,0.984,0.581,-0.947,0.95,-0.701,-0.994,0.973,0.998,0.7,-0.892,-0.959,-0.995,0.489,-0.471,0.99,0.976,0.983,-0.955,-0.995,-0.97,0.991,0.493,0.954,-0.997,0.896,-0.959,0.341,-0.925,-0.464,-0.935,-0.983,-0.94,0.795,-0.998,0.965,0.721,0.986,0.983,-0.815,0.826,0.86,-0.927,-0.857,-0.812,-0.82,-0.977,-0.985,-0.482,-0.814,0.968,-0.901,-0.664,-0.998,-0.915,0.977,-0.673,-0.903,0.997,-0.975,-0.957,-0.712,0.924,0.873,-0.962,0.977,-0.99,0.934,0.915,0.936,-0.987,5.077,4.393,10.345,10.31,10.304,10.292,10.281,10.297,5.102,4.534,10.37,10.275,5.398,5.019,10.332,10.32,EssenceCatalog/problems/csplib-prob010-SocialGolfers/params/e1d5c88bf6de8be0b6d537279c7c77b1.param
-0.967,-0.979,0.961,-0.959,-0.984,0.991,-0.988,0.981,0.966,-0.974,-0.941,0.991,-0.81,0.995,-0.988,-0.903,-0.917,0.967,0.991,0.983,0.965,-0.977,-0.988,-0.91,0.996,-0.887,0.586,-0.832,-0.926,0.942,0.991,0.458,-0.964,0.968,-0.897,-0.994,0.975,0.998,0.69,-0.927,-0.961,-0.996,0.485,-0.259,0.992,0.977,0.982,-0.963,-0.996,-0.978,0.994,0.192,0.958,-0.998,0.937,-0.964,0.778,-0.956,-0.467,-0.961,-0.99,-0.944,0.791,-0.998,0.962,0.617,0.991,0.981,-0.861,0.834,0.887,-0.938,-0.865,-0.85,-0.834,-0.973,-0.989,-0.613,-0.855,0.977,-0.943,-0.871,-0.998,-0.914,0.982,-0.828,-0.934,0.998,-0.98,-0.962,-0.621,0.947,0.887,-0.966,0.977,-0.992,0.948,0.943,0.964,-0.988,4.755,4.238,10.319,10.328,10.331,10.35,10.296,10.274,4.911,4.373,10.342,10.281,5.199,4.763,10.316,10.363,EssenceCatalog/problems/csplib-prob010-SocialGolfers/params/efb38b28589f9b63040058fd2fe4f02f.param
-0.991,0.998,-0.993,-0.994,-0.984,0.986,-0.978,0.987,0.991,-0.969,-0.99,0.988,0.993,0.995,-0.933,-0.978,-0.929,0.989,0.987,0.977,0.968,-0.992,-0.984,0.746,0.997,0.852,-0.556,-0.947,0.995,-0.963,0.857,0.358,-0.95,0.987,-0.989,-0.999,0.51,1.0,-0.79,-0.913,-0.984,-0.998,0.966,-0.964,0.995,-0.995,0.993,-0.977,-0.999,-0.992,0.997,-0.916,0.981,-0.999,0.977,-0.977,0.911,-0.973,-0.925,-0.987,-0.988,-0.974,0.961,-0.999,-0.977,-0.966,0.988,-0.996,-0.973,0.977,0.851,-0.96,-0.988,-0.942,-0.985,0.995,-0.993,-0.838,-0.979,0.824,-0.892,0.942,-0.998,-0.989,0.967,0.852,-0.954,0.999,-0.929,-0.98,0.951,0.962,0.95,-0.932,0.987,-0.996,0.986,0.977,0.926,-0.995,4.252,3.498,4.862,10.292,10.538,10.416,10.594,10.806,4.218,3.714,4.908,10.18,4.795,4.396,5.948,10.188,EssenceCatalog/problems/csplib-prob010-SocialGolfers/params/3d7f6fba5b9f3c751ebf40f5f61d4a5e.param
-0.967,-0.976,0.951,-0.955,-0.952,0.987,-0.881,0.982,0.958,-0.974,-0.929,0.96,-0.703,0.992,-0.964,-0.567,-0.406,0.891,0.967,0.792,0.947,-0.967,-0.987,-0.771,0.993,0.138,-0.551,-0.624,-0.954,0.982,0.971,0.786,-0.922,0.933,-0.146,-0.993,0.959,0.997,0.71,-0.912,-0.971,-0.994,0.55,-0.807,0.987,0.96,0.988,-0.957,-0.994,-0.942,0.987,0.764,0.959,-0.998,0.769,-0.947,-0.689,-0.839,-0.679,-0.884,-0.979,-0.959,0.865,-0.998,0.968,0.86,0.979,0.978,-0.787,0.822,0.852,-0.942,-0.901,-0.757,-0.843,-0.974,-0.982,-0.408,-0.71,0.962,-0.729,0.353,-0.998,-0.95,0.968,-0.601,-0.862,0.997,-0.96,-0.961,-0.777,0.882,0.884,-0.954,0.976,-0.988,0.903,0.897,0.879,-0.988,5.987,4.878,10.322,10.314,10.316,10.284,10.293,10.348,5.707,5.017,10.351,10.308,5.98,5.861,10.311,10.277,EssenceCatalog/problems/csplib-prob010-SocialGolfers/params/04e760bf7af3d45710e3b7d7d8207884.param
-0.976,-0.953,0.939,-0.968,-0.957,0.986,-0.338,0.984,0.959,-0.976,-0.898,0.947,-0.702,0.99,-0.932,-0.761,-0.074,0.769,0.923,0.176,0.933,-0.965,-0.986,-0.777,0.991,0.713,-0.653,-0.668,-0.935,0.988,0.833,0.792,-0.897,0.934,0.206,-0.993,0.93,0.997,0.803,-0.891,-0.972,-0.993,0.749,-0.848,0.984,0.924,0.99,-0.95,-0.994,-0.952,0.987,0.826,0.934,-0.998,0.721,-0.957,-0.747,-0.842,-0.677,-0.878,-0.898,-0.962,0.825,-0.998,0.965,0.895,0.974,0.952,-0.802,0.834,0.849,-0.923,-0.927,-0.768,-0.897,-0.968,-0.979,-0.496,-0.725,0.948,-0.632,0.618,-0.998,-0.95,0.964,0.329,-0.902,0.996,-0.952,-0.956,-0.855,0.886,0.894,-0.953,0.981,-0.99,0.932,0.882,0.856,-0.99,6.919,5.073,10.195,10.209,10.198,10.196,10.216,10.287,6.149,5.274,10.212,10.163,6.471,6.434,10.17,10.148,EssenceCatalog/problems/csplib-prob010-SocialGolfers/params/d953c3fd2d0dccb8a36813e55ce24cbc.param
-0.97,-0.985,0.981,-0.962,-0.969,0.99,-0.909,0.981,0.969,-0.964,-0.803,0.985,-0.915,0.989,-0.964,-0.95,-0.908,0.9,0.881,0.89,0.962,-0.974,-0.987,-0.953,0.991,-0.371,-0.186,-0.689,-0.956,0.986,0.781,0.511,-0.932,0.932,0.125,-0.995,0.969,0.997,0.826,-0.677,-0.956,-0.994,0.674,-0.405,0.994,0.974,0.98,-0.908,-0.996,-0.981,0.992,0.553,0.912,-0.996,0.916,-0.976,0.438,-0.924,-0.102,-0.918,-0.687,-0.895,0.671,-0.998,0.959,0.784,0.985,0.983,-0.845,0.839,0.889,-0.819,-0.847,-0.843,-0.889,-0.981,-0.987,-0.628,-0.899,0.954,-0.936,-0.649,-0.998,-0.89,0.984,0.706,-0.909,0.996,-0.975,-0.962,-0.857,0.943,0.864,-0.977,0.977,-0.989,0.962,0.904,0.944,-0.985,5.939,4.538,10.39,10.312,10.225,10.255,10.286,10.317,5.496,4.687,10.353,10.236,5.843,5.371,10.317,10.289,EssenceCatalog/problems/csplib-prob010-SocialGolfers/params/4baa55e9b450dcc952c3bd85c9f07023.param
-0.995,-0.986,0.991,-0.995,-0.997,0.996,0.99,0.998,0.995,-0.992,-0.99,0.994,-0.98,0.993,-0.863,-0.99,-0.846,0.807,-0.92,-0.99,0.971,-0.995,-0.997,-0.971,0.997,0.995,-0.989,-0.963,-0.991,0.998,-0.993,0.985,-0.976,0.99,0.992,-0.999,0.868,0.998,0.99,-0.979,-0.996,-0.999,0.99,-0.99,0.998,0.942,0.999,-0.986,-0.999,-0.992,0.999,0.979,0.959,-0.999,0.96,-0.996,-0.991,-0.969,-0.97,-0.958,0.978,-0.996,0.982,-1.0,0.989,0.991,0.993,0.988,-0.99,0.979,0.989,-0.964,-0.996,-0.988,-0.993,-0.987,-0.996,-0.981,-0.975,0.979,-0.968,0.992,-1.0,-0.993,0.995,0.992,-0.979,1.0,-0.98,-0.994,-0.991,0.982,0.982,-0.993,0.996,-0.998,0.993,0.986,0.984,-0.998,9.631,5.787,10.476,10.399,10.451,10.485,10.461,10.411,7.51,6.094,10.436,10.411,7.992,7.801,10.46,10.453,EssenceCatalog/problems/csplib-prob010-SocialGolfers/params/496b3b4d6fc3defbb8df9e852e14f303.param
-0.979,-0.988,0.99,-0.975,-0.975,0.993,-0.614,0.988,0.979,-0.97,-0.803,0.988,-0.964,0.987,-0.955,-0.974,-0.938,0.845,0.45,0.535,0.969,-0.982,-0.993,-0.968,0.991,0.37,-0.665,-0.755,-0.972,0.994,-0.167,0.692,-0.937,0.945,0.762,-0.997,0.961,0.998,0.913,-0.602,-0.971,-0.995,0.828,-0.657,0.996,0.976,0.986,-0.906,-0.997,-0.987,0.995,0.764,0.9,-0.997,0.92,-0.987,-0.086,-0.933,-0.099,-0.919,0.371,-0.915,0.726,-0.998,0.97,0.892,0.989,0.987,-0.903,0.889,0.94,-0.817,-0.911,-0.893,-0.949,-0.983,-0.991,-0.805,-0.937,0.955,-0.955,-0.214,-0.999,-0.927,0.989,0.945,-0.934,0.997,-0.976,-0.971,-0.932,0.96,0.891,-0.986,0.981,-0.992,0.977,0.93,0.96,-0.989,7.474,5.035,10.416,10.317,10.258,10.288,10.326,10.332,6.314,5.205,10.35,10.271,6.704,6.279,10.32,10.315,EssenceCatalog/problems/csplib-prob010-SocialGolfers/params/6a2549e67d3223a0ad546bab8addaca8.param
-0.977,-0.972,0.954,-0.97,-0.962,0.988,-0.266,0.987,0.96,-0.984,-0.959,0.941,-0.745,0.993,-0.945,-0.553,0.016,0.785,0.916,-0.055,0.941,-0.972,-0.991,-0.671,0.993,0.835,-0.843,-0.673,-0.967,0.992,0.876,0.906,-0.918,0.944,0.471,-0.994,0.928,0.997,0.823,-0.949,-0.984,-0.994,0.758,-0.944,0.987,0.941,0.994,-0.971,-0.995,-0.935,0.989,0.906,0.96,-0.998,0.649,-0.955,-0.948,-0.792,-0.873,-0.87,-0.938,-0.981,0.915,-0.998,0.976,0.946,0.978,0.975,-0.848,0.86,0.895,-0.96,-0.955,-0.812,-0.92,-0.976,-0.985,-0.557,-0.706,0.964,-0.549,0.892,-0.998,-0.976,0.97,-0.158,-0.896,0.997,-0.951,-0.972,-0.886,0.89,0.922,-0.961,0.983,-0.99,0.915,0.915,0.86,-0.992,7.171,5.286,10.302,10.311,10.308,10.305,10.309,10.37,6.364,5.483,10.346,10.276,6.668,6.735,10.298,10.243,EssenceCatalog/problems/csplib-prob010-SocialGolfers/params/7dfad4148f7a39e1692c6e5d0ff13b73.param
-0.994,-0.927,0.953,-0.993,-0.991,0.993,0.985,0.996,0.989,-0.991,-0.987,0.976,-0.884,0.993,-0.833,-0.973,-0.084,0.61,-0.422,-0.987,0.95,-0.989,-0.993,-0.831,0.994,0.994,-0.974,-0.919,-0.963,0.997,-0.956,0.981,-0.955,0.983,0.951,-0.998,0.705,0.998,0.976,-0.983,-0.994,-0.998,0.979,-0.989,0.992,0.774,0.999,-0.987,-0.998,-0.982,0.995,0.976,0.941,-0.999,0.838,-0.99,-0.991,-0.928,-0.975,-0.93,0.745,-0.994,0.967,-0.999,0.976,0.985,0.987,0.937,-0.974,0.96,0.972,-0.973,-0.992,-0.969,-0.989,-0.969,-0.989,-0.931,-0.921,0.968,-0.794,0.992,-0.999,-0.99,0.985,0.967,-0.977,0.999,-0.962,-0.988,-0.982,0.961,0.976,-0.983,0.995,-0.998,0.986,0.969,0.94,-0.996,9.322,5.647,10.149,10.149,10.194,10.221,10.207,10.176,7.311,5.956,10.154,10.124,7.75,7.676,10.166,10.183,EssenceCatalog/problems/csplib-prob010-SocialGolfers/params/a2cabe0a1bef1fd04563cbe28c9ead07.param
-0.969,-0.979,0.956,-0.958,-0.95,0.987,-0.81,0.983,0.958,-0.977,-0.945,0.952,-0.729,0.992,-0.961,-0.446,-0.299,0.866,0.955,0.64,0.944,-0.968,-0.989,-0.716,0.993,0.451,-0.723,-0.603,-0.966,0.986,0.96,0.853,-0.925,0.93,0.181,-0.993,0.953,0.997,0.741,-0.927,-0.977,-0.994,0.598,-0.882,0.988,0.959,0.99,-0.961,-0.994,-0.931,0.987,0.841,0.962,-0.998,0.711,-0.946,-0.869,-0.798,-0.77,-0.863,-0.974,-0.968,0.895,-0.998,0.972,0.906,0.978,0.981,-0.807,0.838,0.877,-0.95,-0.922,-0.768,-0.867,-0.977,-0.984,-0.444,-0.694,0.966,-0.666,0.676,-0.998,-0.964,0.97,-0.587,-0.853,0.997,-0.957,-0.966,-0.82,0.872,0.897,-0.958,0.977,-0.987,0.894,0.901,0.871,-0.989,6.399,5.072,10.346,10.346,10.35,10.325,10.325,10.38,5.971,5.218,10.379,10.338,6.243,6.203,10.338,10.299,EssenceCatalog/problems/csplib-prob010-SocialGolfers/params/ce90a01453eb10983fb948cf834f1481.param
-0.967,-0.979,0.96,-0.954,-0.962,0.989,-0.947,0.981,0.961,-0.967,-0.899,0.977,-0.766,0.992,-0.972,-0.778,-0.689,0.923,0.975,0.92,0.953,-0.969,-0.985,-0.868,0.993,-0.452,-0.126,-0.699,-0.947,0.977,0.976,0.638,-0.934,0.94,-0.501,-0.993,0.968,0.998,0.704,-0.881,-0.96,-0.994,0.513,-0.6,0.989,0.971,0.984,-0.951,-0.995,-0.963,0.988,0.623,0.952,-0.997,0.858,-0.954,-0.065,-0.898,-0.493,-0.915,-0.977,-0.939,0.799,-0.998,0.966,0.774,0.983,0.981,-0.79,0.821,0.848,-0.923,-0.864,-0.787,-0.821,-0.976,-0.982,-0.428,-0.777,0.963,-0.857,-0.385,-0.998,-0.92,0.972,-0.546,-0.886,0.997,-0.97,-0.954,-0.75,0.905,0.87,-0.959,0.977,-0.989,0.925,0.897,0.911,-0.986,5.379,4.537,10.335,10.294,10.281,10.251,10.27,10.306,5.285,4.679,10.362,10.265,5.58,5.272,10.319,10.281,EssenceCatalog/problems/csplib-prob010-SocialGolfers/params/a98acebf0e9132a488407a505859b5e1.param
-0.964,-0.981,0.962,-0.95,-0.953,0.987,-0.944,0.979,0.96,-0.969,-0.907,0.971,-0.774,0.992,-0.971,-0.671,-0.686,0.911,0.964,0.901,0.953,-0.97,-0.988,-0.849,0.993,-0.237,-0.399,-0.605,-0.958,0.978,0.969,0.723,-0.933,0.921,-0.162,-0.993,0.967,0.997,0.689,-0.864,-0.966,-0.994,0.495,-0.69,0.99,0.969,0.984,-0.945,-0.994,-0.953,0.988,0.682,0.955,-0.997,0.825,-0.955,-0.401,-0.861,-0.512,-0.889,-0.97,-0.945,0.828,-0.997,0.963,0.817,0.981,0.983,-0.791,0.824,0.866,-0.917,-0.875,-0.763,-0.829,-0.976,-0.984,-0.423,-0.783,0.965,-0.834,-0.028,-0.997,-0.941,0.976,-0.503,-0.849,0.996,-0.969,-0.96,-0.755,0.895,0.868,-0.962,0.974,-0.987,0.912,0.897,0.906,-0.986,5.71,4.715,10.365,10.318,10.291,10.273,10.288,10.331,5.508,4.849,10.387,10.295,5.805,5.555,10.341,10.289,EssenceCatalog/problems/csplib-prob010-SocialGolfers/params/0f5bebad02b36a89729ca06e8edf1d4b.param
-0.964,-0.983,0.968,-0.955,-0.979,0.99,-0.982,0.981,0.964,-0.972,-0.931,0.987,-0.819,0.995,-0.986,-0.858,-0.876,0.955,0.986,0.973,0.962,-0.974,-0.987,-0.907,0.995,-0.808,0.361,-0.773,-0.945,0.961,0.987,0.56,-0.958,0.956,-0.79,-0.994,0.974,0.998,0.709,-0.906,-0.961,-0.995,0.459,-0.373,0.992,0.98,0.982,-0.958,-0.996,-0.973,0.992,0.384,0.956,-0.997,0.913,-0.961,0.537,-0.937,-0.458,-0.945,-0.986,-0.944,0.794,-0.998,0.967,0.701,0.989,0.985,-0.836,0.826,0.879,-0.93,-0.856,-0.823,-0.817,-0.977,-0.988,-0.547,-0.831,0.974,-0.924,-0.773,-0.998,-0.918,0.98,-0.775,-0.913,0.997,-0.978,-0.961,-0.689,0.936,0.875,-0.964,0.976,-0.99,0.937,0.931,0.952,-0.988,4.929,4.327,10.356,10.324,10.322,10.323,10.29,10.289,5.016,4.467,10.381,10.285,5.312,4.904,10.346,10.346,EssenceCatalog/problems/csplib-prob010-SocialGolfers/params/4fd247cebfa6dcc571ad45faccc845e9.param
-0.97,-0.983,0.966,-0.962,-0.954,0.988,-0.676,0.984,0.96,-0.981,-0.956,0.946,-0.794,0.993,-0.959,-0.386,-0.25,0.827,0.929,0.378,0.943,-0.97,-0.992,-0.707,0.993,0.683,-0.818,-0.59,-0.977,0.99,0.929,0.898,-0.93,0.927,0.516,-0.993,0.945,0.997,0.797,-0.934,-0.982,-0.994,0.659,-0.922,0.989,0.963,0.991,-0.962,-0.994,-0.926,0.989,0.891,0.963,-0.998,0.664,-0.95,-0.938,-0.762,-0.822,-0.844,-0.955,-0.975,0.912,-0.998,0.977,0.941,0.979,0.985,-0.833,0.853,0.908,-0.953,-0.938,-0.786,-0.888,-0.98,-0.986,-0.515,-0.705,0.97,-0.633,0.84,-0.998,-0.974,0.976,-0.446,-0.853,0.997,-0.957,-0.971,-0.87,0.877,0.908,-0.964,0.978,-0.987,0.893,0.909,0.876,-0.991,6.824,5.228,10.385,10.374,10.364,10.356,10.351,10.401,6.213,5.388,10.42,10.353,6.5,6.504,10.374,10.314,EssenceCatalog/problems/csplib-prob010-SocialGolfers/params/810be9431c771b9820cd2a7e35ae4828.param
-0.968,-0.988,0.983,-0.959,-0.973,0.991,-0.949,0.98,0.967,-0.964,-0.822,0.987,-0.922,0.99,-0.973,-0.95,-0.932,0.92,0.916,0.936,0.965,-0.974,-0.988,-0.957,0.991,-0.589,-0.011,-0.702,-0.96,0.984,0.864,0.482,-0.941,0.937,-0.08,-0.995,0.973,0.998,0.816,-0.702,-0.956,-0.995,0.621,-0.31,0.994,0.979,0.98,-0.915,-0.996,-0.982,0.993,0.474,0.92,-0.996,0.926,-0.975,0.577,-0.933,-0.1,-0.925,-0.794,-0.895,0.673,-0.997,0.961,0.759,0.987,0.986,-0.845,0.829,0.887,-0.827,-0.834,-0.846,-0.874,-0.983,-0.987,-0.637,-0.9,0.959,-0.947,-0.765,-0.998,-0.885,0.985,0.548,-0.91,0.996,-0.977,-0.963,-0.844,0.946,0.865,-0.977,0.976,-0.989,0.961,0.911,0.95,-0.984,5.63,4.433,10.384,10.309,10.229,10.251,10.281,10.298,5.325,4.575,10.361,10.229,5.657,5.165,10.321,10.291,EssenceCatalog/problems/csplib-prob010-SocialGolfers/params/c3ea97a37e90ba795853a1384eb4d9db.param
-0.97,-0.986,0.972,-0.962,-0.953,0.988,-0.657,0.983,0.961,-0.98,-0.954,0.946,-0.828,0.993,-0.959,-0.393,-0.297,0.816,0.912,0.322,0.945,-0.97,-0.993,-0.736,0.993,0.708,-0.829,-0.568,-0.98,0.991,0.908,0.903,-0.932,0.92,0.62,-0.993,0.946,0.996,0.816,-0.926,-0.983,-0.994,0.664,-0.92,0.99,0.967,0.991,-0.959,-0.993,-0.928,0.989,0.897,0.961,-0.997,0.662,-0.954,-0.943,-0.753,-0.806,-0.836,-0.939,-0.974,0.909,-0.998,0.978,0.947,0.979,0.987,-0.837,0.854,0.918,-0.947,-0.936,-0.787,-0.888,-0.982,-0.987,-0.534,-0.72,0.972,-0.659,0.849,-0.998,-0.975,0.979,-0.346,-0.845,0.997,-0.959,-0.972,-0.884,0.88,0.907,-0.967,0.977,-0.987,0.895,0.908,0.881,-0.991,6.938,5.258,10.408,10.385,10.366,10.367,10.361,10.408,6.271,5.423,10.44,10.359,6.569,6.562,10.393,10.323,EssenceCatalog/problems/csplib-prob010-SocialGolfers/params/de638e3c51b4c3edfea37633a51da302.param
-0.966,-0.981,0.96,-0.953,-0.943,0.987,-0.883,0.981,0.961,-0.971,-0.93,0.958,-0.759,0.992,-0.964,-0.477,-0.475,0.878,0.954,0.76,0.946,-0.969,-0.989,-0.76,0.993,0.247,-0.669,-0.576,-0.967,0.984,0.962,0.818,-0.93,0.92,0.166,-0.993,0.959,0.997,0.72,-0.904,-0.973,-0.994,0.548,-0.84,0.988,0.965,0.988,-0.953,-0.993,-0.936,0.986,0.822,0.962,-0.997,0.739,-0.949,-0.811,-0.804,-0.683,-0.864,-0.971,-0.958,0.878,-0.997,0.97,0.888,0.979,0.983,-0.8,0.837,0.884,-0.939,-0.905,-0.763,-0.849,-0.977,-0.984,-0.413,-0.722,0.967,-0.737,0.541,-0.997,-0.959,0.974,-0.571,-0.837,0.997,-0.963,-0.961,-0.806,0.867,0.888,-0.963,0.975,-0.986,0.894,0.893,0.879,-0.987,6.238,4.997,10.369,10.347,10.334,10.313,10.317,10.37,5.866,5.135,10.398,10.336,6.148,6.044,10.353,10.305,EssenceCatalog/problems/csplib-prob010-SocialGolfers/params/36d8da71f3536dc07680c56f70dadf75.param
-0.975,-0.97,0.949,-0.966,-0.956,0.987,-0.465,0.985,0.958,-0.981,-0.944,0.943,-0.713,0.992,-0.944,-0.545,-0.034,0.804,0.929,0.202,0.94,-0.97,-0.99,-0.699,0.993,0.765,-0.795,-0.644,-0.96,0.99,0.906,0.874,-0.911,0.936,0.371,-0.993,0.938,0.997,0.791,-0.932,-0.98,-0.994,0.717,-0.919,0.987,0.939,0.992,-0.964,-0.994,-0.935,0.988,0.877,0.957,-0.998,0.676,-0.953,-0.911,-0.797,-0.814,-0.867,-0.947,-0.975,0.895,-0.998,0.972,0.927,0.977,0.971,-0.822,0.847,0.874,-0.95,-0.941,-0.781,-0.901,-0.974,-0.983,-0.506,-0.7,0.96,-0.57,0.827,-0.998,-0.968,0.968,-0.146,-0.883,0.997,-0.952,-0.967,-0.859,0.881,0.91,-0.958,0.981,-0.989,0.91,0.902,0.855,-0.991,6.933,5.199,10.276,10.29,10.291,10.282,10.287,10.35,6.233,5.382,10.31,10.262,6.527,6.558,10.266,10.227,EssenceCatalog/problems/csplib-prob010-SocialGolfers/params/2ef2fa8f6fcabc5a7365f2f4dbb58921.param
-0.971,-0.981,0.968,-0.962,-0.983,0.992,-0.984,0.982,0.968,-0.97,-0.907,0.992,-0.844,0.994,-0.984,-0.941,-0.928,0.963,0.985,0.979,0.965,-0.977,-0.986,-0.941,0.995,-0.861,0.524,-0.82,-0.931,0.961,0.98,0.404,-0.959,0.963,-0.829,-0.995,0.977,0.998,0.751,-0.884,-0.956,-0.996,0.556,-0.192,0.993,0.977,0.982,-0.954,-0.997,-0.983,0.994,0.213,0.946,-0.997,0.944,-0.97,0.814,-0.957,-0.336,-0.958,-0.976,-0.923,0.746,-0.998,0.96,0.617,0.991,0.981,-0.858,0.841,0.88,-0.914,-0.848,-0.862,-0.85,-0.977,-0.988,-0.603,-0.875,0.971,-0.949,-0.89,-0.998,-0.897,0.983,-0.485,-0.935,0.998,-0.981,-0.961,-0.714,0.951,0.883,-0.971,0.979,-0.992,0.958,0.932,0.96,-0.987,4.878,4.238,10.331,10.323,10.307,10.329,10.288,10.275,4.959,4.375,10.339,10.267,5.249,4.789,10.313,10.352,EssenceCatalog/problems/csplib-prob010-SocialGolfers/params/e194961a04b419ef006402e5083214e7.param
-0.964,-0.982,0.965,-0.953,-0.973,0.989,-0.978,0.981,0.963,-0.97,-0.923,0.985,-0.794,0.994,-0.983,-0.816,-0.841,0.949,0.984,0.966,0.961,-0.973,-0.987,-0.891,0.995,-0.733,0.158,-0.732,-0.946,0.966,0.986,0.603,-0.952,0.949,-0.702,-0.994,0.974,0.998,0.684,-0.895,-0.962,-0.995,0.455,-0.475,0.991,0.977,0.983,-0.956,-0.995,-0.968,0.991,0.469,0.958,-0.997,0.896,-0.959,0.326,-0.923,-0.47,-0.934,-0.985,-0.944,0.809,-0.998,0.965,0.723,0.987,0.984,-0.822,0.828,0.871,-0.929,-0.863,-0.81,-0.816,-0.976,-0.987,-0.5,-0.822,0.972,-0.906,-0.655,-0.998,-0.923,0.979,-0.743,-0.897,0.997,-0.976,-0.96,-0.688,0.925,0.874,-0.963,0.976,-0.989,0.931,0.922,0.942,-0.987,5.055,4.398,10.353,10.319,10.316,10.305,10.292,10.302,5.096,4.536,10.382,10.285,5.394,5.014,10.343,10.329,EssenceCatalog/problems/csplib-prob010-SocialGolfers/params/fcdb3c94a9569792f6e297f770a46be6.param
-0.991,0.997,-0.992,-0.994,-0.983,0.987,-0.984,0.987,0.991,-0.967,-0.99,0.988,0.993,0.995,-0.935,-0.974,-0.925,0.99,0.991,0.982,0.97,-0.993,-0.983,0.77,0.997,0.794,-0.506,-0.946,0.995,-0.959,0.914,0.278,-0.953,0.987,-0.991,-0.999,0.521,1.0,-0.831,-0.922,-0.983,-0.998,0.963,-0.962,0.994,-0.993,0.994,-0.98,-0.998,-0.992,0.997,-0.906,0.983,-0.999,0.978,-0.978,0.916,-0.973,-0.928,-0.988,-0.993,-0.975,0.961,-0.999,-0.972,-0.963,0.989,-0.995,-0.971,0.975,0.828,-0.964,-0.988,-0.935,-0.983,0.994,-0.993,-0.824,-0.976,0.831,-0.88,0.928,-0.999,-0.988,0.961,0.765,-0.957,0.999,-0.936,-0.977,0.95,0.959,0.95,-0.935,0.988,-0.996,0.985,0.978,0.925,-0.995,4.175,3.476,4.858,10.277,10.514,10.389,10.57,10.783,4.173,3.685,4.91,10.163,4.749,4.348,5.935,10.169,EssenceCatalog/problems/csplib-prob010-SocialGolfers/params/5e2421900b6759b010f472066e48753d.param
-0.965,-0.978,0.953,-0.952,-0.951,0.987,-0.92,0.981,0.959,-0.971,-0.925,0.965,-0.717,0.992,-0.968,-0.581,-0.517,0.904,0.97,0.856,0.949,-0.968,-0.987,-0.787,0.994,-0.058,-0.494,-0.628,-0.955,0.979,0.976,0.764,-0.929,0.931,-0.218,-0.993,0.963,0.997,0.683,-0.905,-0.969,-0.994,0.515,-0.777,0.988,0.964,0.986,-0.955,-0.994,-0.945,0.986,0.746,0.96,-0.997,0.787,-0.948,-0.621,-0.847,-0.642,-0.888,-0.981,-0.954,0.861,-0.997,0.967,0.841,0.98,0.981,-0.788,0.827,0.857,-0.94,-0.893,-0.763,-0.834,-0.975,-0.983,-0.397,-0.728,0.964,-0.77,0.211,-0.998,-0.947,0.97,-0.66,-0.857,0.997,-0.964,-0.959,-0.759,0.879,0.881,-0.958,0.976,-0.988,0.902,0.896,0.888,-0.987,5.815,4.809,10.339,10.318,10.312,10.278,10.291,10.344,5.603,4.943,10.371,10.312,5.88,5.717,10.328,10.286,EssenceCatalog/problems/csplib-prob010-SocialGolfers/params/92c3e33f12f5296723b9d9cd8b8724a3.param
-0.968,-0.986,0.974,-0.958,-0.982,0.992,-0.986,0.981,0.965,-0.969,-0.915,0.991,-0.869,0.995,-0.986,-0.921,-0.932,0.96,0.985,0.981,0.966,-0.976,-0.987,-0.938,0.995,-0.87,0.499,-0.792,-0.948,0.963,0.984,0.444,-0.962,0.96,-0.796,-0.995,0.978,0.998,0.736,-0.887,-0.958,-0.996,0.491,-0.194,0.993,0.982,0.981,-0.953,-0.996,-0.98,0.993,0.261,0.952,-0.997,0.937,-0.968,0.76,-0.952,-0.34,-0.954,-0.979,-0.928,0.756,-0.998,0.966,0.668,0.99,0.986,-0.85,0.829,0.886,-0.915,-0.844,-0.848,-0.829,-0.98,-0.989,-0.612,-0.867,0.975,-0.949,-0.876,-0.998,-0.904,0.984,-0.621,-0.927,0.998,-0.981,-0.962,-0.718,0.947,0.881,-0.971,0.977,-0.991,0.951,0.933,0.96,-0.987,4.867,4.253,10.347,10.316,10.299,10.32,10.277,10.263,4.96,4.39,10.363,10.262,5.252,4.797,10.328,10.343,EssenceCatalog/problems/csplib-prob010-SocialGolfers/params/e6d08c041658c4eafbdbd71d1d9263af.param
-0.97,-0.992,0.988,-0.963,-0.987,0.994,-0.976,0.979,0.964,-0.963,-0.867,0.993,-0.951,0.994,-0.984,-0.975,-0.966,0.951,0.971,0.97,0.965,-0.97,-0.988,-0.973,0.993,-0.872,0.621,-0.814,-0.962,0.975,0.933,0.241,-0.964,0.963,-0.65,-0.994,0.975,0.998,0.875,-0.824,-0.956,-0.995,0.546,0.125,0.993,0.986,0.976,-0.94,-0.996,-0.985,0.994,0.157,0.927,-0.996,0.953,-0.975,0.883,-0.966,0.012,-0.956,-0.917,-0.86,0.654,-0.997,0.971,0.723,0.991,0.989,-0.859,0.807,0.916,-0.871,-0.813,-0.876,-0.87,-0.988,-0.989,-0.762,-0.892,0.975,-0.97,-0.951,-0.998,-0.859,0.986,0.053,-0.949,0.998,-0.977,-0.964,-0.875,0.958,0.884,-0.98,0.977,-0.991,0.969,0.932,0.969,-0.985,5.022,4.19,10.337,10.263,10.2,10.239,10.21,10.192,4.989,4.329,10.329,10.18,5.282,4.756,10.286,10.28,EssenceCatalog/problems/csplib-prob010-SocialGolfers/params/3bf6587bbe193406a2321303c5900b4c.param
-0.966,-0.979,0.956,-0.954,-0.948,0.987,-0.881,0.981,0.958,-0.974,-0.936,0.958,-0.733,0.992,-0.965,-0.482,-0.432,0.884,0.961,0.773,0.947,-0.968,-0.989,-0.756,0.993,0.225,-0.644,-0.592,-0.963,0.983,0.968,0.818,-0.927,0.925,0.054,-0.993,0.959,0.997,0.711,-0.911,-0.973,-0.994,0.547,-0.838,0.988,0.963,0.988,-0.956,-0.993,-0.936,0.987,0.799,0.962,-0.997,0.746,-0.947,-0.786,-0.814,-0.703,-0.869,-0.976,-0.961,0.88,-0.997,0.969,0.881,0.979,0.982,-0.796,0.83,0.871,-0.943,-0.907,-0.757,-0.85,-0.976,-0.984,-0.422,-0.714,0.966,-0.721,0.508,-0.997,-0.958,0.971,-0.619,-0.844,0.997,-0.96,-0.963,-0.792,0.874,0.887,-0.958,0.975,-0.987,0.894,0.898,0.88,-0.988,6.154,4.967,10.349,10.337,10.335,10.308,10.313,10.364,5.819,5.105,10.381,10.33,6.095,5.997,10.338,10.296,EssenceCatalog/problems/csplib-prob010-SocialGolfers/params/7ce5baa3dce47279d2c1772b320998d3.param
-0.97,-0.989,0.984,-0.96,-0.977,0.992,-0.968,0.981,0.966,-0.963,-0.835,0.99,-0.922,0.992,-0.977,-0.957,-0.941,0.939,0.951,0.96,0.966,-0.974,-0.986,-0.962,0.992,-0.762,0.222,-0.734,-0.958,0.982,0.925,0.407,-0.948,0.95,-0.384,-0.995,0.977,0.998,0.816,-0.766,-0.953,-0.995,0.567,-0.177,0.993,0.982,0.98,-0.93,-0.996,-0.983,0.993,0.379,0.929,-0.996,0.938,-0.975,0.717,-0.948,-0.089,-0.939,-0.892,-0.884,0.682,-0.997,0.966,0.736,0.989,0.987,-0.841,0.814,0.879,-0.856,-0.82,-0.855,-0.862,-0.985,-0.987,-0.649,-0.892,0.962,-0.952,-0.868,-0.998,-0.872,0.984,0.305,-0.922,0.997,-0.978,-0.962,-0.84,0.948,0.875,-0.977,0.977,-0.989,0.963,0.914,0.954,-0.984,5.31,4.322,10.366,10.293,10.222,10.249,10.254,10.263,5.156,4.46,10.349,10.216,5.467,4.965,10.306,10.289,EssenceCatalog/problems/csplib-prob010-SocialGolfers/params/444befc7c82fb4143d4c30d06ab72007.param
-0.255,0.94,-0.962,-0.513,0.97,0.838,-0.87,0.359,0.252,0.981,0.841,0.803,0.88,-0.923,0.938,-0.567,-0.323,0.029,0.691,0.872,-0.557,-0.474,0.984,0.914,-0.057,-0.969,0.068,-0.773,0.949,-0.915,0.851,-0.978,0.202,0.585,-0.901,-0.724,0.339,0.884,-0.971,0.102,0.933,-0.765,-0.111,-0.044,-0.969,-0.815,0.48,-0.433,-0.29,-0.363,-0.982,0.307,0.56,-0.895,0.164,-0.073,0.711,-0.441,-0.215,-0.617,-0.958,0.98,0.455,-0.378,-0.874,-0.924,0.72,-0.983,0.433,-0.093,-0.856,-0.641,0.079,-0.398,-0.498,0.873,0.813,0.496,0.196,-0.814,-0.541,-0.678,-0.692,0.897,-0.964,0.279,-0.592,0.81,-0.029,0.98,0.875,-0.969,0.657,-0.479,0.231,-0.548,0.212,-0.866,-0.888,0.943,1.087,0.764,0.186,3.113,1.937,0.977,2.119,5.324,1.084,0.931,0.297,3.343,1.235,0.808,0.51,2.959,EssenceCatalog/problems/csplib-prob010-SocialGolfers/params/ord03-7-4-2.param
-0.967,-0.98,0.962,-0.954,-0.963,0.989,-0.948,0.981,0.962,-0.966,-0.893,0.977,-0.78,0.992,-0.972,-0.798,-0.71,0.923,0.974,0.921,0.953,-0.969,-0.985,-0.878,0.993,-0.473,-0.101,-0.702,-0.948,0.977,0.973,0.621,-0.934,0.94,-0.493,-0.993,0.969,0.998,0.711,-0.873,-0.959,-0.994,0.519,-0.576,0.989,0.972,0.984,-0.949,-0.995,-0.965,0.988,0.615,0.95,-0.997,0.863,-0.956,-0.006,-0.901,-0.466,-0.916,-0.974,-0.936,0.789,-0.998,0.966,0.77,0.983,0.982,-0.79,0.822,0.849,-0.919,-0.86,-0.791,-0.822,-0.977,-0.982,-0.435,-0.786,0.962,-0.865,-0.431,-0.998,-0.916,0.973,-0.491,-0.888,0.997,-0.971,-0.954,-0.756,0.907,0.869,-0.961,0.977,-0.989,0.928,0.896,0.913,-0.986,5.369,4.519,10.338,10.293,10.274,10.248,10.267,10.303,5.272,4.661,10.361,10.26,5.568,5.245,10.318,10.28,EssenceCatalog/problems/csplib-prob010-SocialGolfers/params/d85b17e2c9a14e907cf5345e9987b043.param
-0.986,0.979,-0.957,-0.977,-0.987,0.698,0.562,0.942,0.831,-0.99,-0.962,0.933,0.986,0.984,-0.393,-0.922,0.415,0.965,0.922,0.725,0.976,-0.96,-0.829,-0.265,0.904,0.925,-0.956,-0.508,0.992,0.455,0.894,0.807,0.702,0.984,-0.958,-0.995,0.759,0.993,-0.629,-0.876,-0.972,-0.991,0.869,-0.933,0.976,-0.991,0.993,-0.982,-0.992,-0.965,0.988,-0.948,0.904,-0.989,0.963,-0.955,0.889,-0.98,-0.821,-0.929,-0.959,-0.962,0.957,-0.995,-0.854,-0.882,0.849,-0.994,-0.86,0.076,-0.914,-0.941,-0.979,-0.732,-0.978,0.886,-0.971,-0.911,-0.96,-0.847,0.484,0.747,-0.994,-0.795,-0.582,0.916,-0.907,0.989,0.426,-0.974,0.943,0.966,0.934,0.794,0.906,-0.982,0.968,0.919,0.701,-0.981,3.699,2.747,3.581,7.854,8.592,8.436,8.648,8.974,3.473,3.078,3.488,7.905,4.052,3.858,4.58,7.924,EssenceCatalog/problems/csplib-prob010-SocialGolfers/params/ord26-3-9-5.param
-0.966,-0.981,0.965,-0.956,-0.978,0.99,-0.981,0.981,0.964,-0.971,-0.926,0.987,-0.802,0.994,-0.985,-0.866,-0.865,0.956,0.987,0.973,0.962,-0.975,-0.987,-0.906,0.995,-0.807,0.359,-0.782,-0.94,0.962,0.988,0.544,-0.955,0.958,-0.805,-0.994,0.974,0.998,0.705,-0.908,-0.959,-0.995,0.478,-0.383,0.991,0.978,0.983,-0.959,-0.996,-0.974,0.992,0.385,0.955,-0.998,0.915,-0.961,0.555,-0.939,-0.465,-0.947,-0.987,-0.942,0.794,-0.998,0.965,0.69,0.988,0.983,-0.833,0.828,0.871,-0.932,-0.857,-0.828,-0.821,-0.977,-0.987,-0.532,-0.829,0.972,-0.921,-0.777,-0.998,-0.914,0.979,-0.76,-0.916,0.997,-0.978,-0.959,-0.684,0.935,0.878,-0.963,0.977,-0.991,0.939,0.927,0.95,-0.987,4.922,4.32,10.344,10.32,10.318,10.319,10.287,10.288,5.011,4.46,10.368,10.28,5.304,4.897,10.334,10.343,EssenceCatalog/problems/csplib-prob010-SocialGolfers/params/e91cb5658878204ba79284864906e39d.param
-0.965,-0.98,0.963,-0.955,-0.979,0.99,-0.983,0.981,0.964,-0.973,-0.935,0.987,-0.792,0.995,-0.986,-0.855,-0.869,0.958,0.988,0.974,0.963,-0.975,-0.988,-0.899,0.996,-0.809,0.367,-0.781,-0.937,0.957,0.989,0.56,-0.957,0.959,-0.819,-0.994,0.974,0.998,0.692,-0.913,-0.963,-0.995,0.467,-0.392,0.992,0.977,0.983,-0.96,-0.996,-0.972,0.993,0.354,0.957,-0.997,0.915,-0.96,0.556,-0.939,-0.481,-0.947,-0.988,-0.947,0.802,-0.998,0.964,0.684,0.989,0.983,-0.838,0.827,0.875,-0.936,-0.863,-0.825,-0.823,-0.975,-0.988,-0.546,-0.831,0.974,-0.92,-0.768,-0.998,-0.919,0.98,-0.8,-0.915,0.997,-0.977,-0.961,-0.662,0.937,0.879,-0.962,0.976,-0.991,0.937,0.933,0.953,-0.988,4.903,4.32,10.34,10.325,10.328,10.33,10.296,10.292,5.004,4.46,10.366,10.286,5.297,4.894,10.334,10.348,EssenceCatalog/problems/csplib-prob010-SocialGolfers/params/f6a02cd43969d96bd0e85712059a2b43.param
-0.904,-0.996,0.997,-0.89,-0.977,0.972,-0.952,0.926,0.692,-0.974,-0.853,0.97,-0.981,0.99,-0.973,-0.895,-0.949,0.895,0.888,0.956,0.961,-0.887,-0.983,-0.981,0.929,-0.853,0.069,-0.037,-0.983,0.988,0.911,0.572,-0.9,0.928,0.379,-0.978,0.945,0.979,0.853,-0.638,-0.961,-0.984,-0.585,0.522,0.991,0.991,0.937,-0.899,-0.969,-0.931,0.986,-0.566,0.88,-0.964,0.93,-0.956,0.689,-0.945,0.681,-0.816,-0.873,-0.687,0.575,-0.978,0.97,0.91,0.965,0.993,-0.549,-0.325,0.607,-0.645,-0.641,-0.606,-0.718,-0.993,-0.988,-0.921,-0.768,0.897,-0.888,-0.924,-0.981,-0.588,0.891,0.103,-0.822,0.992,-0.844,-0.966,-0.897,0.965,0.769,-0.871,0.807,-0.933,0.924,0.927,0.968,-0.96,4.645,3.84,9.442,9.103,9.059,9.218,9.197,9.022,4.501,3.911,9.451,8.986,4.849,4.271,9.327,9.092,EssenceCatalog/problems/csplib-prob010-SocialGolfers/params/fe5745b75c74d9a85bd9cf026aa63ff9.param
-0.99,0.996,-0.987,-0.992,-0.983,0.984,-0.963,0.985,0.99,-0.977,-0.99,0.982,0.991,0.995,-0.942,-0.96,-0.836,0.986,0.988,0.959,0.965,-0.99,-0.987,0.671,0.997,0.9,-0.654,-0.92,0.991,-0.91,0.873,0.624,-0.944,0.983,-0.981,-0.998,0.559,0.999,-0.615,-0.928,-0.987,-0.997,0.956,-0.969,0.994,-0.99,0.994,-0.977,-0.998,-0.988,0.997,-0.84,0.98,-0.999,0.966,-0.971,0.762,-0.959,-0.929,-0.98,-0.99,-0.982,0.958,-0.998,-0.953,-0.924,0.986,-0.992,-0.966,0.972,0.884,-0.964,-0.986,-0.929,-0.982,0.99,-0.993,-0.788,-0.969,0.853,-0.818,0.957,-0.998,-0.991,0.968,0.744,-0.939,0.999,-0.917,-0.981,0.912,0.961,0.941,-0.922,0.986,-0.995,0.983,0.976,0.919,-0.996,4.335,3.568,4.978,10.266,10.546,10.42,10.581,10.785,4.294,3.785,5.027,10.173,4.846,4.482,6.06,10.176,EssenceCatalog/problems/csplib-prob010-SocialGolfers/params/abe47f29c7827e08f8798f765980001a.param
-0.97,-0.979,0.958,-0.961,-0.953,0.987,-0.72,0.983,0.958,-0.979,-0.948,0.947,-0.743,0.992,-0.958,-0.451,-0.223,0.844,0.945,0.498,0.943,-0.968,-0.99,-0.711,0.993,0.598,-0.761,-0.608,-0.968,0.988,0.945,0.869,-0.922,0.93,0.308,-0.993,0.948,0.997,0.767,-0.93,-0.979,-0.994,0.64,-0.9,0.988,0.958,0.991,-0.962,-0.994,-0.931,0.988,0.86,0.961,-0.998,0.689,-0.948,-0.897,-0.788,-0.795,-0.86,-0.965,-0.972,0.899,-0.998,0.973,0.92,0.978,0.981,-0.814,0.842,0.884,-0.95,-0.93,-0.771,-0.878,-0.977,-0.985,-0.474,-0.695,0.966,-0.637,0.758,-0.998,-0.967,0.971,-0.477,-0.86,0.997,-0.955,-0.968,-0.842,0.877,0.902,-0.959,0.978,-0.988,0.897,0.905,0.869,-0.99,6.613,5.14,10.343,10.344,10.345,10.327,10.326,10.381,6.087,5.296,10.376,10.33,6.365,6.354,10.334,10.291,EssenceCatalog/problems/csplib-prob010-SocialGolfers/params/c6b5734297e6b395167b9efc1f40a506.param
-0.983,-0.979,0.971,-0.978,-0.975,0.991,0.338,0.99,0.967,-0.988,-0.975,0.945,-0.851,0.993,-0.94,-0.636,0.035,0.712,0.8,-0.622,0.945,-0.978,-0.994,-0.694,0.994,0.939,-0.923,-0.732,-0.981,0.996,0.594,0.952,-0.934,0.952,0.789,-0.995,0.904,0.997,0.894,-0.966,-0.99,-0.996,0.85,-0.972,0.99,0.946,0.996,-0.978,-0.996,-0.943,0.992,0.952,0.961,-0.998,0.628,-0.966,-0.983,-0.791,-0.933,-0.871,-0.819,-0.988,0.941,-0.999,0.983,0.975,0.982,0.983,-0.9,0.896,0.939,-0.966,-0.974,-0.875,-0.952,-0.983,-0.989,-0.698,-0.759,0.972,-0.571,0.964,-0.999,-0.985,0.98,0.233,-0.92,0.998,-0.956,-0.979,-0.941,0.908,0.944,-0.972,0.987,-0.992,0.933,0.936,0.883,-0.995,7.913,5.47,10.335,10.326,10.304,10.328,10.336,10.384,6.72,5.721,10.391,10.271,7.081,7.171,10.337,10.255,EssenceCatalog/problems/csplib-prob010-SocialGolfers/params/d13dc0e29200217cd5680bc3ab36f3ee.param
-0.99,0.998,-0.993,-0.994,-0.983,0.986,-0.978,0.987,0.991,-0.967,-0.989,0.987,0.994,0.994,-0.929,-0.974,-0.914,0.989,0.988,0.977,0.968,-0.992,-0.982,0.761,0.997,0.848,-0.574,-0.945,0.995,-0.958,0.882,0.354,-0.947,0.986,-0.989,-0.999,0.519,1.0,-0.807,-0.918,-0.983,-0.998,0.964,-0.965,0.994,-0.994,0.994,-0.977,-0.998,-0.992,0.997,-0.905,0.981,-0.999,0.976,-0.977,0.902,-0.972,-0.929,-0.986,-0.99,-0.974,0.96,-0.999,-0.975,-0.964,0.988,-0.996,-0.971,0.977,0.834,-0.962,-0.988,-0.939,-0.984,0.994,-0.993,-0.819,-0.977,0.814,-0.872,0.942,-0.998,-0.989,0.963,0.827,-0.953,0.999,-0.93,-0.978,0.95,0.958,0.949,-0.927,0.987,-0.996,0.985,0.976,0.919,-0.994,4.233,3.494,4.852,10.276,10.523,10.401,10.578,10.794,4.207,3.708,4.901,10.166,4.783,4.387,5.937,10.172,EssenceCatalog/problems/csplib-prob010-SocialGolfers/params/2e798a8dfcbad4af0ea4bea047939a0f.param
-0.968,-0.977,0.958,-0.955,-0.945,0.988,-0.915,0.981,0.964,-0.961,-0.86,0.973,-0.77,0.99,-0.959,-0.769,-0.651,0.897,0.954,0.867,0.949,-0.969,-0.984,-0.86,0.992,-0.165,-0.394,-0.646,-0.95,0.982,0.95,0.644,-0.922,0.927,-0.135,-0.994,0.966,0.998,0.705,-0.84,-0.957,-0.994,0.561,-0.671,0.988,0.963,0.985,-0.939,-0.994,-0.96,0.985,0.715,0.95,-0.997,0.835,-0.958,-0.32,-0.874,-0.442,-0.898,-0.952,-0.924,0.787,-0.998,0.963,0.806,0.981,0.978,-0.782,0.832,0.849,-0.907,-0.867,-0.778,-0.832,-0.976,-0.98,-0.397,-0.783,0.956,-0.836,-0.088,-0.998,-0.922,0.973,-0.142,-0.869,0.996,-0.969,-0.949,-0.785,0.882,0.872,-0.965,0.978,-0.988,0.927,0.872,0.884,-0.984,5.814,4.693,10.334,10.291,10.244,10.236,10.259,10.32,5.537,4.835,10.338,10.257,5.839,5.57,10.294,10.259,EssenceCatalog/problems/csplib-prob010-SocialGolfers/params/b821eb62a855aa4f2e5f43896ebb479b.param
-0.969,-0.983,0.976,-0.96,-0.972,0.991,-0.946,0.98,0.968,-0.963,-0.829,0.986,-0.889,0.991,-0.971,-0.941,-0.906,0.923,0.937,0.935,0.962,-0.974,-0.986,-0.947,0.992,-0.568,0.037,-0.721,-0.949,0.981,0.895,0.467,-0.94,0.938,-0.236,-0.995,0.971,0.998,0.792,-0.738,-0.954,-0.995,0.636,-0.345,0.993,0.974,0.981,-0.921,-0.996,-0.981,0.992,0.471,0.923,-0.996,0.921,-0.973,0.57,-0.93,-0.172,-0.927,-0.857,-0.903,0.68,-0.998,0.957,0.728,0.986,0.982,-0.838,0.84,0.88,-0.845,-0.843,-0.841,-0.869,-0.98,-0.986,-0.587,-0.888,0.958,-0.937,-0.732,-0.998,-0.887,0.983,0.467,-0.911,0.996,-0.976,-0.96,-0.82,0.94,0.864,-0.974,0.977,-0.989,0.958,0.906,0.943,-0.985,5.54,4.414,10.362,10.31,10.243,10.256,10.283,10.304,5.286,4.559,10.34,10.238,5.608,5.138,10.305,10.294,EssenceCatalog/problems/csplib-prob010-SocialGolfers/params/8aaf674e8bd72cb878565d9538dcc67a.param
-0.977,-0.947,0.923,-0.968,-0.952,0.986,-0.354,0.985,0.958,-0.977,-0.914,0.945,-0.626,0.99,-0.928,-0.701,0.084,0.791,0.937,0.19,0.933,-0.968,-0.985,-0.707,0.991,0.73,-0.707,-0.692,-0.929,0.988,0.89,0.814,-0.89,0.941,0.102,-0.993,0.934,0.997,0.771,-0.918,-0.972,-0.994,0.746,-0.89,0.982,0.911,0.992,-0.96,-0.995,-0.947,0.985,0.845,0.946,-0.998,0.71,-0.953,-0.817,-0.835,-0.764,-0.885,-0.939,-0.968,0.858,-0.998,0.964,0.894,0.975,0.947,-0.801,0.836,0.822,-0.943,-0.934,-0.773,-0.903,-0.965,-0.978,-0.463,-0.697,0.943,-0.562,0.708,-0.998,-0.953,0.957,0.116,-0.904,0.996,-0.949,-0.957,-0.836,0.874,0.905,-0.952,0.982,-0.991,0.924,0.883,0.831,-0.99,6.821,5.08,10.15,10.188,10.2,10.182,10.2,10.28,6.12,5.276,10.175,10.156,6.419,6.436,10.136,10.129,EssenceCatalog/problems/csplib-prob010-SocialGolfers/params/70f1ae90979dff062d1e0ca183712fda.param
-0.99,0.987,-0.954,-0.99,-0.982,0.982,-0.925,0.982,0.991,-0.984,-0.986,0.976,0.983,0.995,-0.939,-0.942,-0.66,0.98,0.984,0.911,0.959,-0.987,-0.991,0.281,0.996,0.93,-0.702,-0.846,0.971,-0.657,0.839,0.799,-0.931,0.973,-0.939,-0.998,0.689,0.999,0.002,-0.927,-0.989,-0.996,0.94,-0.967,0.995,-0.979,0.993,-0.975,-0.998,-0.982,0.997,-0.696,0.972,-0.999,0.951,-0.967,0.411,-0.935,-0.905,-0.968,-0.983,-0.983,0.947,-0.998,-0.861,-0.774,0.982,-0.978,-0.955,0.962,0.913,-0.963,-0.983,-0.917,-0.978,0.958,-0.993,-0.695,-0.956,0.882,-0.733,0.961,-0.998,-0.991,0.974,0.719,-0.905,0.998,-0.908,-0.983,0.761,0.966,0.924,-0.923,0.986,-0.993,0.979,0.97,0.908,-0.996,4.579,3.701,5.345,10.197,10.541,10.399,10.533,10.73,4.47,3.92,5.385,10.158,4.989,4.666,6.391,10.149,EssenceCatalog/problems/csplib-prob010-SocialGolfers/params/1cc3aace06131cec9c3ead185b0be936.param
-0.993,0.999,-0.994,-0.995,-0.99,0.98,-0.85,0.983,0.991,-0.984,-0.991,0.983,0.996,0.996,-0.856,-0.982,-0.824,0.989,0.965,0.908,0.976,-0.994,-0.985,0.587,0.996,0.973,-0.791,-0.922,0.997,-0.899,0.673,0.528,-0.864,0.991,-0.955,-0.999,0.384,0.999,-0.529,-0.908,-0.992,-0.997,0.971,-0.984,0.997,-0.999,0.995,-0.982,-0.999,-0.989,0.998,-0.933,0.977,-0.999,0.982,-0.981,0.797,-0.975,-0.938,-0.987,-0.974,-0.979,0.978,-0.998,-0.978,-0.939,0.985,-0.999,-0.972,0.96,0.747,-0.964,-0.992,-0.939,-0.991,0.995,-0.994,-0.91,-0.988,0.68,-0.73,0.984,-0.999,-0.989,0.935,0.974,-0.948,0.999,-0.864,-0.989,0.915,0.975,0.959,-0.864,0.987,-0.996,0.991,0.981,0.9,-0.996,4.468,3.552,4.837,10.184,10.488,10.376,10.543,10.752,4.326,3.788,4.867,10.093,4.9,4.539,5.944,10.106,EssenceCatalog/problems/csplib-prob010-SocialGolfers/params/542c48564cd61176997207b29e054e4c.param
-0.988,-0.98,0.981,-0.987,-0.987,0.993,0.864,0.993,0.979,-0.991,-0.985,0.96,-0.925,0.994,-0.927,-0.857,-0.055,0.622,0.365,-0.931,0.95,-0.984,-0.995,-0.783,0.995,0.98,-0.957,-0.842,-0.988,0.998,-0.463,0.975,-0.953,0.968,0.923,-0.997,0.849,0.997,0.953,-0.978,-0.994,-0.997,0.934,-0.984,0.993,0.944,0.998,-0.984,-0.997,-0.964,0.995,0.975,0.956,-0.999,0.688,-0.98,-0.992,-0.849,-0.964,-0.899,-0.16,-0.993,0.956,-0.999,0.988,0.988,0.986,0.986,-0.948,0.935,0.969,-0.971,-0.987,-0.937,-0.977,-0.988,-0.991,-0.842,-0.842,0.978,-0.705,0.986,-0.999,-0.99,0.987,0.753,-0.954,0.999,-0.965,-0.985,-0.976,0.938,0.965,-0.982,0.992,-0.995,0.966,0.96,0.922,-0.996,8.847,5.619,10.297,10.282,10.265,10.295,10.309,10.322,7.118,5.917,10.332,10.222,7.546,7.558,10.3,10.253,EssenceCatalog/problems/csplib-prob010-SocialGolfers/params/f121d9cad3ef72fd31994a8247f421bb.param
-0.971,-0.988,0.974,-0.963,-0.946,0.99,-0.626,0.985,0.964,-0.977,-0.951,0.948,-0.848,0.992,-0.955,-0.402,-0.286,0.804,0.905,0.214,0.941,-0.973,-0.993,-0.722,0.993,0.725,-0.851,-0.595,-0.983,0.992,0.898,0.909,-0.938,0.928,0.669,-0.993,0.946,0.997,0.83,-0.936,-0.982,-0.994,0.669,-0.935,0.988,0.97,0.992,-0.961,-0.993,-0.925,0.987,0.929,0.966,-0.998,0.646,-0.955,-0.963,-0.754,-0.826,-0.838,-0.94,-0.972,0.917,-0.998,0.982,0.956,0.98,0.988,-0.841,0.865,0.931,-0.956,-0.939,-0.815,-0.896,-0.985,-0.986,-0.534,-0.718,0.974,-0.666,0.876,-0.998,-0.977,0.98,-0.352,-0.858,0.997,-0.963,-0.968,-0.901,0.859,0.918,-0.974,0.98,-0.987,0.894,0.9,0.876,-0.99,7.03,5.295,10.431,10.401,10.373,10.375,10.371,10.425,6.325,5.464,10.463,10.373,6.624,6.629,10.415,10.337,EssenceCatalog/problems/csplib-prob010-SocialGolfers/params/3390fd4679d23579324ebe2230179538.param
-0.987,0.96,-0.89,-0.977,-0.99,0.699,0.726,0.947,0.834,-0.993,-0.962,0.924,0.975,0.986,-0.495,-0.92,0.494,0.961,0.895,0.468,0.977,-0.964,-0.913,-0.582,0.922,0.957,-0.966,-0.468,0.982,0.794,0.821,0.902,0.661,0.984,-0.892,-0.995,0.764,0.991,-0.159,-0.891,-0.979,-0.992,0.86,-0.946,0.983,-0.984,0.994,-0.983,-0.992,-0.965,0.992,-0.92,0.891,-0.989,0.954,-0.96,0.753,-0.98,-0.816,-0.92,-0.939,-0.975,0.959,-0.995,-0.681,-0.726,0.856,-0.99,-0.865,0.085,-0.874,-0.948,-0.979,-0.757,-0.98,0.749,-0.976,-0.912,-0.956,-0.788,0.539,0.807,-0.995,-0.857,-0.376,0.93,-0.886,0.99,0.368,-0.983,0.881,0.978,0.929,0.755,0.909,-0.981,0.97,0.938,0.748,-0.985,4.04,2.894,3.976,7.889,8.685,8.531,8.711,8.984,3.711,3.261,3.891,7.963,4.289,4.127,4.946,7.984,EssenceCatalog/problems/csplib-prob010-SocialGolfers/params/5de816d61056375d8244e02bf3e65c51.param
-0.989,0.999,-0.997,-0.995,-0.977,0.986,-0.981,0.987,0.99,-0.937,-0.987,0.989,0.996,0.992,-0.855,-0.982,-0.954,0.989,0.986,0.984,0.967,-0.993,-0.965,0.866,0.996,0.784,-0.524,-0.965,0.998,-0.986,0.875,-0.184,-0.942,0.989,-0.994,-0.999,0.397,1.0,-0.929,-0.9,-0.975,-0.998,0.972,-0.967,0.992,-0.997,0.993,-0.977,-0.998,-0.993,0.995,-0.943,0.981,-0.999,0.979,-0.979,0.955,-0.977,-0.941,-0.99,-0.99,-0.954,0.964,-0.998,-0.989,-0.985,0.989,-0.998,-0.973,0.978,0.658,-0.962,-0.989,-0.939,-0.985,0.998,-0.99,-0.866,-0.982,0.711,-0.895,0.934,-0.998,-0.984,0.926,0.895,-0.963,0.999,-0.929,-0.967,0.975,0.944,0.958,-0.917,0.988,-0.997,0.987,0.975,0.898,-0.991,4.097,3.39,4.654,10.188,10.397,10.274,10.477,10.718,4.076,3.592,4.703,10.064,4.68,4.257,5.733,10.068,EssenceCatalog/problems/csplib-prob010-SocialGolfers/params/2ad0459b98d05b4f70e1bd525aa6d215.param
-0.995,-0.989,0.993,-0.995,-0.996,0.997,0.99,0.998,0.994,-0.993,-0.991,0.992,-0.983,0.994,-0.893,-0.987,-0.782,0.734,-0.884,-0.992,0.969,-0.995,-0.998,-0.968,0.997,0.995,-0.989,-0.954,-0.994,0.998,-0.992,0.988,-0.977,0.987,0.992,-0.999,0.845,0.998,0.99,-0.981,-0.997,-0.999,0.987,-0.99,0.998,0.958,0.999,-0.985,-0.999,-0.991,0.999,0.984,0.952,-0.999,0.94,-0.996,-0.993,-0.959,-0.971,-0.948,0.971,-0.997,0.979,-1.0,0.991,0.994,0.992,0.992,-0.989,0.976,0.991,-0.965,-0.996,-0.986,-0.993,-0.991,-0.996,-0.976,-0.968,0.982,-0.957,0.993,-1.0,-0.994,0.995,0.989,-0.977,1.0,-0.981,-0.994,-0.993,0.981,0.982,-0.993,0.996,-0.998,0.992,0.985,0.982,-0.998,9.616,5.78,10.457,10.381,10.429,10.462,10.438,10.386,7.5,6.086,10.422,10.388,7.978,7.796,10.443,10.43,EssenceCatalog/problems/csplib-prob010-SocialGolfers/params/9dd95263d2fe2d63e03656a10d7f83e2.param
-0.995,-0.985,0.99,-0.995,-0.996,0.996,0.991,0.998,0.994,-0.992,-0.99,0.992,-0.978,0.993,-0.866,-0.989,-0.801,0.767,-0.906,-0.992,0.967,-0.995,-0.997,-0.966,0.997,0.995,-0.989,-0.96,-0.991,0.998,-0.993,0.986,-0.976,0.989,0.991,-0.999,0.839,0.998,0.99,-0.981,-0.996,-0.999,0.989,-0.99,0.997,0.94,0.999,-0.986,-0.999,-0.991,0.999,0.981,0.956,-0.999,0.951,-0.996,-0.992,-0.965,-0.973,-0.954,0.975,-0.996,0.981,-1.0,0.989,0.992,0.992,0.988,-0.989,0.977,0.989,-0.965,-0.996,-0.987,-0.993,-0.987,-0.995,-0.978,-0.971,0.979,-0.961,0.993,-1.0,-0.993,0.995,0.991,-0.978,1.0,-0.979,-0.993,-0.992,0.981,0.983,-0.992,0.996,-0.998,0.993,0.985,0.982,-0.997,9.62,5.779,10.454,10.38,10.431,10.464,10.44,10.389,7.501,6.086,10.418,10.39,7.98,7.795,10.44,10.432,EssenceCatalog/problems/csplib-prob010-SocialGolfers/params/c068645cc8ba1daf9b9b7857b25e01a2.param
-0.965,-0.98,0.96,-0.953,-0.945,0.987,-0.893,0.98,0.96,-0.972,-0.925,0.96,-0.754,0.992,-0.964,-0.514,-0.509,0.883,0.954,0.789,0.948,-0.969,-0.989,-0.785,0.993,0.197,-0.641,-0.562,-0.965,0.983,0.961,0.808,-0.928,0.917,0.142,-0.993,0.961,0.997,0.715,-0.892,-0.973,-0.994,0.54,-0.819,0.989,0.964,0.987,-0.95,-0.993,-0.939,0.987,0.791,0.96,-0.997,0.754,-0.951,-0.759,-0.812,-0.646,-0.864,-0.969,-0.956,0.868,-0.997,0.967,0.876,0.979,0.982,-0.797,0.833,0.876,-0.934,-0.9,-0.755,-0.849,-0.976,-0.984,-0.421,-0.739,0.965,-0.749,0.466,-0.997,-0.956,0.974,-0.513,-0.834,0.996,-0.963,-0.962,-0.794,0.877,0.882,-0.961,0.975,-0.986,0.898,0.894,0.883,-0.987,6.184,4.96,10.363,10.34,10.325,10.307,10.313,10.363,5.824,5.097,10.39,10.325,6.111,5.983,10.345,10.298,EssenceCatalog/problems/csplib-prob010-SocialGolfers/params/725d9d6f2fe078bd0cdeb9a2b6e759b6.param
-0.981,-0.977,0.965,-0.975,-0.97,0.99,0.08,0.988,0.964,-0.987,-0.971,0.942,-0.815,0.993,-0.942,-0.571,0.033,0.745,0.856,-0.426,0.944,-0.976,-0.993,-0.676,0.994,0.913,-0.907,-0.702,-0.978,0.994,0.753,0.942,-0.929,0.948,0.715,-0.995,0.915,0.997,0.869,-0.961,-0.988,-0.995,0.815,-0.966,0.989,0.944,0.996,-0.976,-0.995,-0.937,0.991,0.94,0.962,-0.998,0.63,-0.961,-0.977,-0.783,-0.918,-0.865,-0.886,-0.986,0.936,-0.998,0.981,0.967,0.981,0.981,-0.883,0.885,0.926,-0.965,-0.968,-0.853,-0.942,-0.981,-0.988,-0.647,-0.738,0.969,-0.549,0.95,-0.999,-0.983,0.977,0.045,-0.908,0.998,-0.954,-0.978,-0.924,0.9,0.937,-0.968,0.985,-0.991,0.924,0.928,0.873,-0.994,7.626,5.412,10.333,10.33,10.312,10.329,10.332,10.385,6.592,5.64,10.387,10.283,6.928,7.016,10.334,10.258,EssenceCatalog/problems/csplib-prob010-SocialGolfers/params/53b0d4badc0fb0d364dbe7c3917649f6.param
-0.97,-0.986,0.98,-0.96,-0.97,0.991,-0.932,0.98,0.968,-0.962,-0.81,0.986,-0.91,0.99,-0.967,-0.947,-0.912,0.911,0.909,0.916,0.963,-0.974,-0.987,-0.953,0.991,-0.489,-0.095,-0.694,-0.956,0.985,0.842,0.487,-0.937,0.935,-0.014,-0.995,0.971,0.998,0.817,-0.702,-0.954,-0.994,0.64,-0.363,0.993,0.975,0.98,-0.915,-0.996,-0.98,0.992,0.523,0.919,-0.996,0.919,-0.975,0.492,-0.928,-0.104,-0.922,-0.778,-0.891,0.673,-0.998,0.96,0.771,0.986,0.984,-0.841,0.833,0.884,-0.831,-0.838,-0.843,-0.877,-0.982,-0.986,-0.617,-0.893,0.956,-0.937,-0.706,-0.998,-0.886,0.984,0.61,-0.909,0.996,-0.976,-0.961,-0.849,0.941,0.866,-0.976,0.977,-0.989,0.96,0.903,0.943,-0.984,5.75,4.478,10.382,10.307,10.225,10.248,10.28,10.307,5.394,4.623,10.355,10.23,5.731,5.254,10.315,10.287,EssenceCatalog/problems/csplib-prob010-SocialGolfers/params/4688da430afd94c8463e17f66cab4183.param
-0.965,-0.98,0.96,-0.952,-0.962,0.988,-0.951,0.981,0.961,-0.968,-0.91,0.976,-0.767,0.992,-0.974,-0.745,-0.696,0.924,0.976,0.921,0.954,-0.97,-0.986,-0.86,0.994,-0.44,-0.166,-0.684,-0.95,0.975,0.978,0.666,-0.937,0.938,-0.481,-0.993,0.968,0.998,0.696,-0.885,-0.962,-0.994,0.496,-0.621,0.989,0.971,0.984,-0.952,-0.994,-0.96,0.988,0.633,0.955,-0.997,0.851,-0.953,-0.146,-0.892,-0.516,-0.911,-0.979,-0.944,0.813,-0.997,0.966,0.782,0.983,0.983,-0.795,0.823,0.856,-0.927,-0.868,-0.781,-0.819,-0.976,-0.983,-0.429,-0.773,0.965,-0.853,-0.322,-0.998,-0.928,0.973,-0.614,-0.879,0.997,-0.97,-0.956,-0.743,0.904,0.87,-0.959,0.976,-0.989,0.92,0.902,0.913,-0.987,5.406,4.569,10.348,10.306,10.296,10.265,10.282,10.318,5.313,4.709,10.378,10.282,5.609,5.313,10.335,10.292,EssenceCatalog/problems/csplib-prob010-SocialGolfers/params/d4eb8606396aed16951453cb8420398a.param
-0.994,-0.961,0.973,-0.993,-0.992,0.995,0.986,0.996,0.99,-0.991,-0.988,0.98,-0.933,0.993,-0.86,-0.974,-0.26,0.613,-0.536,-0.989,0.952,-0.99,-0.995,-0.87,0.995,0.993,-0.977,-0.926,-0.98,0.998,-0.966,0.983,-0.962,0.983,0.965,-0.998,0.754,0.998,0.98,-0.984,-0.995,-0.998,0.979,-0.989,0.993,0.875,0.999,-0.987,-0.998,-0.983,0.996,0.981,0.945,-0.999,0.844,-0.991,-0.992,-0.93,-0.976,-0.931,0.815,-0.995,0.969,-0.999,0.984,0.989,0.988,0.97,-0.976,0.963,0.978,-0.973,-0.993,-0.973,-0.99,-0.981,-0.991,-0.938,-0.929,0.974,-0.843,0.992,-0.999,-0.991,0.988,0.968,-0.978,0.999,-0.968,-0.989,-0.987,0.963,0.978,-0.987,0.995,-0.998,0.987,0.972,0.95,-0.996,9.407,5.689,10.247,10.217,10.257,10.284,10.267,10.231,7.368,5.995,10.244,10.199,7.814,7.713,10.255,10.251,EssenceCatalog/problems/csplib-prob010-SocialGolfers/params/acecb32df5202e7e835cdbae551bfa8a.param
-0.98,-0.985,0.989,-0.977,-0.973,0.992,-0.47,0.988,0.979,-0.971,-0.805,0.987,-0.959,0.986,-0.945,-0.976,-0.923,0.828,0.361,0.421,0.967,-0.982,-0.993,-0.97,0.991,0.529,-0.717,-0.757,-0.968,0.994,-0.332,0.721,-0.93,0.944,0.823,-0.997,0.955,0.997,0.919,-0.582,-0.972,-0.995,0.847,-0.689,0.996,0.969,0.986,-0.904,-0.997,-0.987,0.995,0.765,0.889,-0.997,0.919,-0.988,-0.142,-0.932,-0.125,-0.913,0.479,-0.913,0.727,-0.998,0.966,0.9,0.987,0.983,-0.905,0.892,0.941,-0.81,-0.917,-0.895,-0.956,-0.983,-0.99,-0.808,-0.943,0.95,-0.953,-0.085,-0.998,-0.926,0.989,0.962,-0.931,0.997,-0.975,-0.972,-0.937,0.959,0.897,-0.986,0.981,-0.992,0.978,0.928,0.958,-0.989,7.707,5.093,10.355,10.262,10.214,10.243,10.281,10.279,6.424,5.273,10.287,10.218,6.822,6.418,10.26,10.262,EssenceCatalog/problems/csplib-prob010-SocialGolfers/params/2344bf2d4c29d2245ff0bba492b300ee.param
-0.974,-0.979,0.961,-0.966,-0.958,0.988,-0.507,0.985,0.96,-0.982,-0.959,0.943,-0.773,0.993,-0.952,-0.446,-0.118,0.809,0.92,0.169,0.943,-0.971,-0.992,-0.685,0.993,0.777,-0.843,-0.63,-0.974,0.991,0.907,0.907,-0.925,0.934,0.53,-0.993,0.939,0.997,0.81,-0.943,-0.983,-0.994,0.712,-0.937,0.989,0.954,0.993,-0.967,-0.994,-0.93,0.989,0.903,0.962,-0.998,0.652,-0.953,-0.949,-0.771,-0.856,-0.853,-0.947,-0.978,0.918,-0.998,0.977,0.945,0.979,0.982,-0.842,0.86,0.904,-0.957,-0.947,-0.801,-0.905,-0.979,-0.986,-0.535,-0.705,0.968,-0.589,0.879,-0.998,-0.975,0.974,-0.321,-0.873,0.997,-0.954,-0.972,-0.879,0.882,0.917,-0.963,0.98,-0.989,0.903,0.912,0.867,-0.992,7.009,5.27,10.354,10.352,10.344,10.339,10.337,10.393,6.302,5.446,10.392,10.325,6.595,6.633,10.346,10.287,EssenceCatalog/problems/csplib-prob010-SocialGolfers/params/75c9359e5ab7a9570287abb845cb01db.param
-0.979,-0.963,0.946,-0.972,-0.964,0.988,-0.078,0.987,0.961,-0.984,-0.955,0.94,-0.713,0.992,-0.936,-0.615,0.121,0.759,0.907,-0.194,0.939,-0.972,-0.991,-0.671,0.993,0.874,-0.843,-0.686,-0.959,0.992,0.838,0.904,-0.91,0.945,0.479,-0.994,0.921,0.997,0.829,-0.946,-0.983,-0.995,0.789,-0.945,0.986,0.922,0.994,-0.971,-0.995,-0.939,0.989,0.904,0.956,-0.998,0.657,-0.957,-0.943,-0.803,-0.87,-0.873,-0.921,-0.981,0.909,-0.998,0.973,0.945,0.977,0.966,-0.851,0.861,0.884,-0.957,-0.957,-0.813,-0.926,-0.973,-0.984,-0.579,-0.709,0.959,-0.515,0.898,-0.999,-0.974,0.968,0.069,-0.906,0.997,-0.949,-0.971,-0.888,0.89,0.925,-0.959,0.984,-0.991,0.922,0.911,0.854,-0.993,7.316,5.291,10.239,10.258,10.258,10.26,10.268,10.332,6.415,5.505,10.285,10.217,6.731,6.812,10.237,10.189,EssenceCatalog/problems/csplib-prob010-SocialGolfers/params/48e286ea856954a425c8d5cdd70f3a51.param
-0.968,-0.981,0.968,-0.958,-0.975,0.99,-0.962,0.981,0.964,-0.969,-0.896,0.984,-0.824,0.993,-0.979,-0.885,-0.827,0.939,0.978,0.948,0.957,-0.971,-0.986,-0.92,0.994,-0.66,0.208,-0.747,-0.945,0.974,0.972,0.547,-0.944,0.95,-0.651,-0.994,0.971,0.998,0.771,-0.871,-0.959,-0.995,0.535,-0.405,0.991,0.975,0.982,-0.949,-0.995,-0.974,0.991,0.456,0.944,-0.997,0.903,-0.961,0.442,-0.931,-0.362,-0.934,-0.971,-0.932,0.75,-0.998,0.966,0.731,0.986,0.983,-0.819,0.821,0.867,-0.909,-0.852,-0.821,-0.834,-0.978,-0.985,-0.523,-0.826,0.966,-0.909,-0.72,-0.998,-0.904,0.978,-0.429,-0.91,0.997,-0.974,-0.959,-0.763,0.935,0.865,-0.964,0.978,-0.99,0.943,0.913,0.939,-0.987,5.147,4.376,10.353,10.309,10.289,10.286,10.277,10.29,5.121,4.519,10.365,10.263,5.418,5.017,10.329,10.315,EssenceCatalog/problems/csplib-prob010-SocialGolfers/params/0ec2155dca86c5ff156cdd43b9cf52aa.param
-0.967,-0.977,0.957,-0.954,-0.958,0.988,-0.928,0.981,0.96,-0.969,-0.904,0.971,-0.742,0.992,-0.968,-0.725,-0.592,0.911,0.972,0.885,0.95,-0.968,-0.985,-0.842,0.993,-0.262,-0.279,-0.671,-0.949,0.979,0.973,0.684,-0.927,0.937,-0.392,-0.993,0.965,0.997,0.705,-0.887,-0.963,-0.994,0.524,-0.674,0.988,0.967,0.985,-0.951,-0.994,-0.957,0.987,0.674,0.953,-0.997,0.83,-0.951,-0.303,-0.881,-0.542,-0.904,-0.977,-0.944,0.815,-0.998,0.966,0.803,0.981,0.98,-0.783,0.819,0.844,-0.928,-0.874,-0.774,-0.825,-0.976,-0.981,-0.409,-0.752,0.961,-0.819,-0.159,-0.998,-0.928,0.97,-0.537,-0.877,0.996,-0.967,-0.955,-0.759,0.895,0.873,-0.957,0.977,-0.988,0.918,0.892,0.897,-0.986,5.572,4.643,10.327,10.292,10.279,10.249,10.267,10.314,5.418,4.783,10.353,10.272,5.705,5.458,10.31,10.269,EssenceCatalog/problems/csplib-prob010-SocialGolfers/params/865b7a29caf6fc73c89d543209dd2b7a.param
-0.975,-0.948,0.924,-0.966,-0.952,0.986,-0.544,0.985,0.957,-0.974,-0.887,0.955,-0.649,0.99,-0.933,-0.758,-0.077,0.826,0.949,0.432,0.934,-0.966,-0.983,-0.766,0.991,0.544,-0.585,-0.697,-0.922,0.986,0.91,0.741,-0.888,0.942,-0.122,-0.993,0.943,0.997,0.759,-0.9,-0.966,-0.993,0.707,-0.83,0.981,0.919,0.99,-0.954,-0.995,-0.952,0.984,0.798,0.941,-0.998,0.753,-0.953,-0.651,-0.861,-0.661,-0.895,-0.946,-0.956,0.823,-0.998,0.963,0.862,0.976,0.947,-0.783,0.823,0.802,-0.934,-0.917,-0.762,-0.888,-0.965,-0.976,-0.429,-0.71,0.94,-0.632,0.449,-0.998,-0.936,0.955,0.104,-0.907,0.996,-0.952,-0.949,-0.815,0.879,0.893,-0.951,0.982,-0.991,0.929,0.874,0.841,-0.988,6.469,4.93,10.173,10.202,10.209,10.186,10.209,10.289,5.912,5.115,10.185,10.175,6.207,6.143,10.15,10.153,EssenceCatalog/problems/csplib-prob010-SocialGolfers/params/a522d056490269bc4a97bb149589b5c6.param
-0.989,0.967,-0.887,-0.989,-0.982,0.981,-0.826,0.982,0.99,-0.988,-0.984,0.97,0.967,0.995,-0.93,-0.926,-0.438,0.972,0.98,0.799,0.957,-0.985,-0.992,-0.066,0.996,0.953,-0.74,-0.789,0.928,-0.198,0.791,0.866,-0.923,0.969,-0.863,-0.998,0.717,0.998,0.457,-0.937,-0.991,-0.995,0.935,-0.968,0.994,-0.958,0.994,-0.976,-0.998,-0.977,0.997,-0.488,0.966,-0.999,0.935,-0.963,-0.019,-0.918,-0.899,-0.957,-0.978,-0.986,0.945,-0.998,-0.681,-0.491,0.979,-0.951,-0.945,0.951,0.924,-0.964,-0.982,-0.901,-0.975,0.878,-0.993,-0.661,-0.943,0.902,-0.643,0.967,-0.999,-0.992,0.975,0.701,-0.893,0.998,-0.902,-0.984,0.525,0.97,0.918,-0.922,0.986,-0.992,0.976,0.968,0.901,-0.997,4.92,3.874,5.827,10.114,10.517,10.359,10.477,10.669,4.715,4.112,5.863,10.13,5.204,4.939,6.807,10.124,EssenceCatalog/problems/csplib-prob010-SocialGolfers/params/8540e210b6737c6614e699dbfe60fa9a.param
-0.967,-0.981,0.966,-0.959,-0.985,0.991,-0.988,0.981,0.966,-0.974,-0.939,0.991,-0.829,0.995,-0.989,-0.908,-0.925,0.966,0.99,0.983,0.966,-0.977,-0.988,-0.919,0.996,-0.885,0.584,-0.823,-0.932,0.947,0.989,0.462,-0.964,0.966,-0.882,-0.994,0.976,0.998,0.706,-0.92,-0.962,-0.996,0.483,-0.227,0.993,0.979,0.982,-0.961,-0.996,-0.979,0.994,0.17,0.957,-0.997,0.938,-0.966,0.789,-0.956,-0.437,-0.96,-0.988,-0.943,0.782,-0.998,0.963,0.632,0.991,0.983,-0.861,0.832,0.89,-0.933,-0.864,-0.849,-0.833,-0.974,-0.99,-0.627,-0.862,0.977,-0.946,-0.876,-0.998,-0.913,0.983,-0.795,-0.933,0.998,-0.98,-0.963,-0.642,0.95,0.885,-0.966,0.976,-0.991,0.949,0.944,0.965,-0.988,4.77,4.237,10.327,10.328,10.328,10.351,10.296,10.272,4.916,4.373,10.349,10.279,5.206,4.764,10.322,10.362,EssenceCatalog/problems/csplib-prob010-SocialGolfers/params/3c99d857fe859b96bd289e8fcf747296.param
-0.967,-0.984,0.968,-0.956,-0.943,0.987,-0.813,0.981,0.961,-0.974,-0.931,0.953,-0.8,0.992,-0.96,-0.467,-0.427,0.847,0.931,0.612,0.945,-0.969,-0.991,-0.776,0.993,0.478,-0.741,-0.543,-0.974,0.988,0.934,0.851,-0.927,0.913,0.451,-0.993,0.955,0.997,0.769,-0.896,-0.977,-0.993,0.595,-0.867,0.99,0.966,0.989,-0.949,-0.993,-0.934,0.987,0.851,0.959,-0.997,0.713,-0.953,-0.87,-0.78,-0.691,-0.848,-0.951,-0.962,0.88,-0.998,0.973,0.917,0.978,0.985,-0.808,0.84,0.899,-0.934,-0.913,-0.762,-0.862,-0.98,-0.985,-0.464,-0.734,0.968,-0.717,0.69,-0.997,-0.964,0.978,-0.358,-0.831,0.997,-0.962,-0.965,-0.849,0.872,0.891,-0.966,0.975,-0.986,0.895,0.894,0.878,-0.988,6.592,5.116,10.389,10.363,10.34,10.336,10.335,10.384,6.063,5.265,10.413,10.339,6.359,6.282,10.368,10.311,EssenceCatalog/problems/csplib-prob010-SocialGolfers/params/86f26e0dcccbafa9db2844953264f054.param
-0.965,-0.982,0.964,-0.953,-0.944,0.987,-0.866,0.981,0.961,-0.973,-0.928,0.957,-0.779,0.992,-0.963,-0.495,-0.486,0.866,0.945,0.725,0.946,-0.968,-0.99,-0.781,0.993,0.316,-0.677,-0.558,-0.969,0.985,0.95,0.824,-0.928,0.914,0.283,-0.993,0.958,0.997,0.738,-0.892,-0.975,-0.993,0.564,-0.837,0.99,0.966,0.987,-0.949,-0.993,-0.937,0.987,0.819,0.959,-0.997,0.736,-0.951,-0.808,-0.796,-0.663,-0.857,-0.961,-0.959,0.87,-0.997,0.969,0.895,0.979,0.984,-0.802,0.836,0.89,-0.932,-0.906,-0.756,-0.853,-0.978,-0.984,-0.438,-0.736,0.967,-0.742,0.569,-0.997,-0.96,0.977,-0.451,-0.833,0.996,-0.963,-0.964,-0.82,0.874,0.883,-0.964,0.975,-0.986,0.896,0.894,0.882,-0.987,6.357,5.028,10.378,10.353,10.333,10.321,10.324,10.373,5.926,5.169,10.403,10.334,6.217,6.11,10.358,10.307,EssenceCatalog/problems/csplib-prob010-SocialGolfers/params/28ea6152d20e4b6699e7fe50a17868f4.param
-0.99,0.995,-0.985,-0.993,-0.984,0.985,-0.961,0.985,0.991,-0.979,-0.99,0.983,0.991,0.995,-0.942,-0.964,-0.833,0.986,0.988,0.956,0.964,-0.99,-0.988,0.616,0.997,0.902,-0.638,-0.918,0.99,-0.896,0.855,0.638,-0.944,0.983,-0.979,-0.999,0.578,0.999,-0.535,-0.928,-0.988,-0.997,0.957,-0.968,0.995,-0.99,0.994,-0.977,-0.999,-0.988,0.997,-0.835,0.979,-0.999,0.967,-0.973,0.755,-0.962,-0.924,-0.981,-0.989,-0.981,0.958,-0.998,-0.95,-0.916,0.986,-0.992,-0.966,0.973,0.896,-0.963,-0.987,-0.933,-0.983,0.988,-0.994,-0.784,-0.97,0.86,-0.828,0.957,-0.998,-0.991,0.971,0.775,-0.94,0.999,-0.921,-0.981,0.899,0.964,0.941,-0.927,0.986,-0.995,0.983,0.976,0.921,-0.996,4.369,3.58,5.019,10.278,10.562,10.436,10.594,10.797,4.317,3.8,5.064,10.188,4.867,4.502,6.1,10.192,EssenceCatalog/problems/csplib-prob010-SocialGolfers/params/f6abfe69889673e3a32906eb87f09737.param
-0.979,-0.986,0.988,-0.975,-0.976,0.993,-0.725,0.987,0.98,-0.968,-0.79,0.99,-0.959,0.987,-0.951,-0.984,-0.958,0.877,0.5,0.702,0.971,-0.983,-0.992,-0.974,0.991,0.163,-0.566,-0.767,-0.959,0.992,-0.134,0.603,-0.937,0.951,0.693,-0.997,0.962,0.998,0.908,-0.539,-0.967,-0.995,0.83,-0.569,0.996,0.969,0.984,-0.901,-0.997,-0.989,0.995,0.644,0.889,-0.997,0.944,-0.988,0.332,-0.945,-0.009,-0.928,0.32,-0.889,0.698,-0.998,0.957,0.848,0.989,0.982,-0.906,0.888,0.934,-0.797,-0.904,-0.904,-0.954,-0.981,-0.991,-0.809,-0.951,0.949,-0.968,-0.49,-0.998,-0.905,0.989,0.961,-0.94,0.997,-0.976,-0.971,-0.928,0.965,0.895,-0.987,0.98,-0.992,0.981,0.929,0.964,-0.987,7.11,4.854,10.366,10.278,10.213,10.244,10.283,10.285,6.082,5.015,10.29,10.223,6.461,5.967,10.269,10.282,EssenceCatalog/problems/csplib-prob010-SocialGolfers/params/a8f2aa0e0ad7b38d697920364c4c04c6.param
-0.983,-0.963,0.953,-0.977,-0.971,0.989,0.39,0.989,0.965,-0.987,-0.965,0.941,-0.771,0.993,-0.925,-0.71,0.199,0.692,0.847,-0.59,0.939,-0.975,-0.991,-0.67,0.993,0.932,-0.888,-0.739,-0.965,0.994,0.642,0.93,-0.919,0.954,0.654,-0.995,0.899,0.997,0.874,-0.959,-0.986,-0.995,0.855,-0.963,0.987,0.913,0.996,-0.977,-0.996,-0.945,0.99,0.934,0.955,-0.998,0.647,-0.964,-0.967,-0.812,-0.914,-0.881,-0.845,-0.986,0.922,-0.999,0.978,0.963,0.979,0.967,-0.884,0.881,0.906,-0.962,-0.97,-0.857,-0.948,-0.977,-0.985,-0.668,-0.733,0.961,-0.512,0.943,-0.999,-0.979,0.971,0.344,-0.927,0.998,-0.95,-0.975,-0.926,0.899,0.939,-0.964,0.987,-0.993,0.937,0.921,0.864,-0.994,7.805,5.4,10.228,10.241,10.229,10.246,10.26,10.319,6.639,5.653,10.286,10.183,6.993,7.1,10.232,10.168,EssenceCatalog/problems/csplib-prob010-SocialGolfers/params/de9ad66eab8ef93dac450f6c0620bf18.param
-0.965,-0.981,0.963,-0.954,-0.973,0.99,-0.975,0.981,0.963,-0.97,-0.924,0.984,-0.783,0.994,-0.982,-0.816,-0.812,0.948,0.985,0.961,0.959,-0.973,-0.986,-0.886,0.995,-0.717,0.176,-0.749,-0.944,0.966,0.986,0.601,-0.95,0.952,-0.73,-0.994,0.972,0.998,0.695,-0.904,-0.961,-0.995,0.468,-0.491,0.99,0.976,0.983,-0.958,-0.995,-0.968,0.991,0.496,0.957,-0.997,0.893,-0.957,0.296,-0.923,-0.496,-0.935,-0.986,-0.944,0.808,-0.998,0.966,0.725,0.987,0.984,-0.818,0.826,0.866,-0.934,-0.861,-0.81,-0.817,-0.976,-0.986,-0.486,-0.805,0.971,-0.899,-0.648,-0.998,-0.921,0.977,-0.757,-0.903,0.997,-0.975,-0.958,-0.7,0.923,0.874,-0.961,0.977,-0.99,0.931,0.921,0.938,-0.987,5.058,4.402,10.353,10.319,10.318,10.302,10.29,10.305,5.099,4.543,10.383,10.287,5.395,5.026,10.345,10.33,EssenceCatalog/problems/csplib-prob010-SocialGolfers/params/f000718a5ef8450dbeeea4f098360135.param
-0.994,-0.978,0.985,-0.994,-0.993,0.995,0.988,0.996,0.991,-0.992,-0.99,0.983,-0.961,0.993,-0.879,-0.975,-0.435,0.606,-0.695,-0.991,0.956,-0.991,-0.996,-0.91,0.996,0.994,-0.984,-0.93,-0.989,0.998,-0.98,0.987,-0.969,0.983,0.981,-0.999,0.764,0.998,0.984,-0.984,-0.996,-0.998,0.98,-0.99,0.995,0.922,0.999,-0.986,-0.998,-0.985,0.997,0.985,0.946,-0.999,0.865,-0.992,-0.995,-0.93,-0.977,-0.931,0.892,-0.996,0.974,-0.999,0.988,0.992,0.989,0.984,-0.981,0.967,0.985,-0.97,-0.994,-0.977,-0.991,-0.988,-0.993,-0.953,-0.938,0.979,-0.882,0.994,-0.999,-0.992,0.991,0.974,-0.976,0.999,-0.972,-0.991,-0.991,0.968,0.98,-0.989,0.995,-0.998,0.988,0.977,0.962,-0.997,9.489,5.72,10.313,10.261,10.304,10.332,10.31,10.265,7.418,6.026,10.3,10.252,7.872,7.744,10.314,10.299,EssenceCatalog/problems/csplib-prob010-SocialGolfers/params/209e8b695f612e5574a46a417bfe1bdc.param
-0.965,-0.978,0.954,-0.952,-0.959,0.988,-0.951,0.981,0.96,-0.971,-0.925,0.973,-0.719,0.993,-0.974,-0.666,-0.637,0.925,0.978,0.916,0.953,-0.97,-0.987,-0.825,0.994,-0.355,-0.291,-0.662,-0.947,0.974,0.983,0.715,-0.935,0.938,-0.458,-0.993,0.968,0.998,0.668,-0.901,-0.966,-0.994,0.485,-0.693,0.989,0.968,0.985,-0.956,-0.994,-0.954,0.988,0.653,0.959,-0.997,0.834,-0.95,-0.333,-0.879,-0.588,-0.906,-0.985,-0.951,0.845,-0.997,0.964,0.796,0.982,0.981,-0.792,0.822,0.851,-0.938,-0.881,-0.772,-0.826,-0.974,-0.983,-0.412,-0.755,0.965,-0.821,-0.141,-0.998,-0.937,0.971,-0.713,-0.871,0.997,-0.968,-0.959,-0.72,0.897,0.876,-0.956,0.976,-0.989,0.912,0.905,0.907,-0.987,5.485,4.642,10.338,10.311,10.314,10.276,10.293,10.333,5.384,4.779,10.372,10.3,5.673,5.426,10.332,10.294,EssenceCatalog/problems/csplib-prob010-SocialGolfers/params/bc2269224fbd359f9fca7e4703e29d2c.param
-0.971,-0.98,0.969,-0.964,-0.984,0.992,-0.974,0.982,0.968,-0.971,-0.899,0.99,-0.849,0.994,-0.982,-0.945,-0.911,0.954,0.981,0.967,0.962,-0.975,-0.987,-0.945,0.994,-0.788,0.472,-0.805,-0.932,0.966,0.967,0.425,-0.953,0.96,-0.769,-0.995,0.973,0.998,0.802,-0.866,-0.958,-0.995,0.592,-0.212,0.993,0.974,0.981,-0.949,-0.996,-0.982,0.994,0.233,0.939,-0.997,0.939,-0.968,0.777,-0.954,-0.263,-0.952,-0.963,-0.922,0.718,-0.998,0.959,0.647,0.989,0.98,-0.853,0.835,0.883,-0.9,-0.851,-0.858,-0.86,-0.978,-0.988,-0.618,-0.871,0.969,-0.944,-0.871,-0.998,-0.894,0.983,-0.264,-0.935,0.997,-0.977,-0.963,-0.76,0.954,0.874,-0.969,0.98,-0.991,0.959,0.928,0.958,-0.988,4.999,4.263,10.34,10.322,10.299,10.32,10.289,10.28,5.018,4.404,10.34,10.263,5.311,4.85,10.315,10.343,EssenceCatalog/problems/csplib-prob010-SocialGolfers/params/739032a5ae3092063501b6b7f33df14e.param
-0.966,-0.981,0.963,-0.954,-0.968,0.989,-0.968,0.981,0.962,-0.969,-0.91,0.982,-0.78,0.993,-0.978,-0.805,-0.775,0.939,0.981,0.95,0.957,-0.972,-0.985,-0.885,0.994,-0.633,0.035,-0.722,-0.946,0.973,0.983,0.611,-0.943,0.946,-0.632,-0.994,0.972,0.998,0.698,-0.889,-0.959,-0.995,0.486,-0.528,0.99,0.974,0.983,-0.954,-0.995,-0.967,0.99,0.543,0.954,-0.997,0.882,-0.957,0.172,-0.914,-0.484,-0.927,-0.982,-0.94,0.803,-0.998,0.966,0.745,0.985,0.983,-0.804,0.822,0.854,-0.927,-0.859,-0.799,-0.819,-0.977,-0.984,-0.454,-0.798,0.967,-0.884,-0.565,-0.998,-0.918,0.975,-0.654,-0.894,0.997,-0.974,-0.956,-0.724,0.916,0.872,-0.961,0.977,-0.989,0.929,0.909,0.927,-0.986,5.177,4.448,10.344,10.304,10.298,10.276,10.279,10.303,5.164,4.588,10.372,10.273,5.461,5.108,10.332,10.306,EssenceCatalog/problems/csplib-prob010-SocialGolfers/params/7c402bd76903a1ed8cae7839abefbde6.param
-0.97,-0.977,0.961,-0.961,-0.95,0.986,-0.639,0.982,0.958,-0.976,-0.916,0.949,-0.781,0.991,-0.948,-0.593,-0.284,0.81,0.919,0.426,0.941,-0.966,-0.989,-0.782,0.992,0.624,-0.724,-0.592,-0.965,0.989,0.892,0.829,-0.911,0.917,0.418,-0.993,0.947,0.997,0.783,-0.888,-0.975,-0.993,0.666,-0.861,0.988,0.955,0.989,-0.947,-0.994,-0.942,0.987,0.847,0.949,-0.997,0.709,-0.955,-0.835,-0.799,-0.684,-0.856,-0.921,-0.962,0.856,-0.998,0.971,0.912,0.976,0.977,-0.801,0.836,0.878,-0.926,-0.917,-0.755,-0.876,-0.977,-0.983,-0.48,-0.729,0.961,-0.679,0.687,-0.998,-0.958,0.973,0.001,-0.862,0.996,-0.957,-0.962,-0.855,0.88,0.89,-0.96,0.977,-0.987,0.911,0.89,0.866,-0.989,6.798,5.123,10.321,10.308,10.286,10.288,10.294,10.352,6.139,5.294,10.338,10.273,6.449,6.389,10.293,10.25,EssenceCatalog/problems/csplib-prob010-SocialGolfers/params/7e109e582b8a3963240626564134ff7e.param
-0.982,-0.929,0.911,-0.975,-0.96,0.988,0.211,0.988,0.963,-0.98,-0.937,0.942,-0.623,0.991,-0.91,-0.778,0.273,0.719,0.909,-0.366,0.928,-0.971,-0.985,-0.635,0.992,0.869,-0.79,-0.759,-0.923,0.99,0.768,0.862,-0.9,0.956,0.229,-0.994,0.904,0.997,0.825,-0.945,-0.978,-0.994,0.836,-0.936,0.978,0.873,0.994,-0.972,-0.996,-0.95,0.985,0.898,0.947,-0.998,0.684,-0.959,-0.904,-0.842,-0.866,-0.897,-0.9,-0.976,0.883,-0.999,0.966,0.925,0.977,0.933,-0.848,0.861,0.849,-0.956,-0.957,-0.829,-0.934,-0.962,-0.978,-0.556,-0.699,0.943,-0.501,0.854,-0.999,-0.965,0.955,0.319,-0.931,0.997,-0.948,-0.96,-0.88,0.876,0.925,-0.955,0.987,-0.993,0.94,0.894,0.83,-0.992,7.358,5.221,10.093,10.14,10.152,10.145,10.169,10.251,6.38,5.459,10.14,10.093,6.709,6.805,10.095,10.074,EssenceCatalog/problems/csplib-prob010-SocialGolfers/params/8178601cccc8181973b9690660ac31b6.param
-0.978,-0.933,0.898,-0.969,-0.951,0.987,-0.442,0.986,0.958,-0.979,-0.927,0.949,-0.514,0.991,-0.928,-0.667,0.154,0.827,0.955,0.284,0.936,-0.97,-0.984,-0.651,0.992,0.707,-0.716,-0.71,-0.911,0.986,0.933,0.819,-0.886,0.95,-0.096,-0.994,0.936,0.998,0.743,-0.937,-0.973,-0.994,0.736,-0.907,0.98,0.89,0.993,-0.968,-0.995,-0.944,0.984,0.841,0.955,-0.998,0.72,-0.95,-0.833,-0.843,-0.807,-0.897,-0.967,-0.969,0.88,-0.998,0.96,0.88,0.976,0.935,-0.806,0.838,0.802,-0.957,-0.939,-0.78,-0.904,-0.959,-0.977,-0.432,-0.679,0.941,-0.518,0.727,-0.999,-0.956,0.95,-0.125,-0.908,0.997,-0.947,-0.957,-0.803,0.872,0.913,-0.95,0.983,-0.992,0.921,0.888,0.82,-0.99,6.609,5.041,10.109,10.182,10.22,10.187,10.203,10.289,6.027,5.226,10.138,10.168,6.3,6.343,10.109,10.132,EssenceCatalog/problems/csplib-prob010-SocialGolfers/params/bc700a8b5cf65ec424ad90a7ae0d5e60.param
-0.975,-0.98,0.978,-0.969,-0.967,0.991,-0.709,0.984,0.97,-0.964,-0.777,0.982,-0.915,0.987,-0.95,-0.952,-0.843,0.845,0.811,0.681,0.955,-0.975,-0.988,-0.948,0.99,0.141,-0.431,-0.72,-0.953,0.991,0.51,0.572,-0.921,0.935,0.408,-0.995,0.956,0.997,0.863,-0.675,-0.959,-0.994,0.762,-0.545,0.992,0.965,0.983,-0.911,-0.996,-0.98,0.992,0.694,0.898,-0.997,0.89,-0.979,0.098,-0.921,-0.139,-0.911,-0.433,-0.9,0.684,-0.998,0.964,0.852,0.984,0.975,-0.846,0.859,0.898,-0.834,-0.88,-0.845,-0.914,-0.98,-0.986,-0.65,-0.888,0.947,-0.91,-0.358,-0.998,-0.901,0.982,0.852,-0.921,0.996,-0.97,-0.958,-0.898,0.937,0.874,-0.977,0.979,-0.99,0.965,0.895,0.935,-0.986,6.63,4.781,10.387,10.311,10.231,10.264,10.3,10.337,5.878,4.95,10.342,10.245,6.244,5.846,10.305,10.283,EssenceCatalog/problems/csplib-prob010-SocialGolfers/params/e14c8e8e9c9f3bc0cd822b35cfd880ba.param
-0.972,-0.963,0.935,-0.959,-0.958,0.989,-0.916,0.983,0.963,-0.967,-0.888,0.974,-0.649,0.991,-0.961,-0.793,-0.512,0.919,0.978,0.881,0.946,-0.97,-0.982,-0.832,0.993,-0.282,-0.181,-0.729,-0.919,0.977,0.975,0.612,-0.916,0.949,-0.59,-0.994,0.964,0.998,0.703,-0.898,-0.957,-0.995,0.574,-0.667,0.984,0.95,0.987,-0.956,-0.995,-0.963,0.986,0.643,0.952,-0.998,0.85,-0.952,-0.125,-0.901,-0.543,-0.921,-0.981,-0.937,0.806,-0.998,0.96,0.751,0.981,0.965,-0.781,0.825,0.809,-0.938,-0.877,-0.79,-0.838,-0.97,-0.978,-0.372,-0.748,0.952,-0.808,-0.274,-0.998,-0.912,0.962,-0.453,-0.903,0.997,-0.965,-0.947,-0.736,0.893,0.884,-0.956,0.98,-0.991,0.929,0.881,0.882,-0.986,5.434,4.552,10.248,10.251,10.252,10.214,10.239,10.293,5.318,4.698,10.269,10.231,5.595,5.339,10.237,10.237,EssenceCatalog/problems/csplib-prob010-SocialGolfers/params/f3e7291a013dc8e43cb6b392f70aa774.param
-0.987,0.98,-0.958,-0.979,-0.991,0.733,0.467,0.946,0.855,-0.992,-0.971,0.938,0.986,0.989,-0.524,-0.932,0.288,0.969,0.935,0.768,0.979,-0.963,-0.882,-0.287,0.92,0.927,-0.947,-0.56,0.992,0.391,0.894,0.818,0.625,0.985,-0.962,-0.995,0.74,0.994,-0.573,-0.886,-0.977,-0.992,0.88,-0.931,0.984,-0.991,0.993,-0.984,-0.993,-0.969,0.992,-0.96,0.912,-0.99,0.967,-0.961,0.909,-0.982,-0.825,-0.935,-0.963,-0.969,0.959,-0.995,-0.876,-0.886,0.868,-0.995,-0.881,0.135,-0.895,-0.945,-0.98,-0.748,-0.98,0.893,-0.979,-0.924,-0.966,-0.822,0.365,0.748,-0.995,-0.844,-0.451,0.914,-0.913,0.99,0.367,-0.979,0.945,0.974,0.939,0.774,0.914,-0.986,0.973,0.94,0.776,-0.985,3.761,2.81,3.72,8.05,8.78,8.627,8.833,9.139,3.542,3.135,3.629,8.103,4.126,3.909,4.725,8.125,EssenceCatalog/problems/csplib-prob010-SocialGolfers/params/ord21-5-10-4.param
-0.995,-0.986,0.991,-0.995,-0.996,0.996,0.991,0.998,0.994,-0.992,-0.99,0.992,-0.979,0.993,-0.871,-0.989,-0.798,0.761,-0.904,-0.992,0.968,-0.995,-0.997,-0.966,0.997,0.995,-0.989,-0.96,-0.992,0.998,-0.993,0.987,-0.976,0.989,0.991,-0.999,0.841,0.998,0.99,-0.981,-0.996,-0.999,0.988,-0.99,0.997,0.944,0.999,-0.986,-0.999,-0.991,0.999,0.982,0.955,-0.999,0.949,-0.996,-0.992,-0.964,-0.972,-0.953,0.975,-0.996,0.981,-1.0,0.99,0.992,0.992,0.989,-0.989,0.978,0.989,-0.965,-0.996,-0.987,-0.993,-0.988,-0.995,-0.977,-0.971,0.98,-0.961,0.993,-1.0,-0.993,0.995,0.99,-0.978,1.0,-0.98,-0.993,-0.992,0.981,0.983,-0.992,0.996,-0.998,0.993,0.985,0.982,-0.998,9.62,5.78,10.456,10.381,10.431,10.464,10.441,10.39,7.502,6.087,10.419,10.39,7.98,7.796,10.442,10.433,EssenceCatalog/problems/csplib-prob010-SocialGolfers/params/59e4cd002cf10a77487608415b6fc7ea.param
-0.969,-0.981,0.971,-0.958,-0.959,0.99,-0.908,0.98,0.965,-0.96,-0.818,0.979,-0.857,0.989,-0.961,-0.896,-0.804,0.894,0.93,0.881,0.954,-0.971,-0.984,-0.923,0.991,-0.31,-0.205,-0.677,-0.952,0.984,0.892,0.545,-0.927,0.926,-0.055,-0.994,0.967,0.997,0.777,-0.761,-0.952,-0.994,0.622,-0.494,0.991,0.969,0.982,-0.922,-0.995,-0.973,0.989,0.623,0.928,-0.996,0.882,-0.968,0.172,-0.904,-0.254,-0.906,-0.871,-0.904,0.704,-0.998,0.961,0.786,0.983,0.98,-0.807,0.832,0.865,-0.861,-0.845,-0.807,-0.854,-0.98,-0.982,-0.504,-0.846,0.954,-0.898,-0.482,-0.998,-0.896,0.979,0.402,-0.893,0.996,-0.972,-0.953,-0.826,0.915,0.864,-0.97,0.977,-0.988,0.946,0.88,0.917,-0.984,5.803,4.561,10.353,10.29,10.217,10.231,10.26,10.306,5.459,4.71,10.335,10.228,5.787,5.393,10.293,10.262,EssenceCatalog/problems/csplib-prob010-SocialGolfers/params/9f54d7afd365f463e8d76c03a33e7128.param
-0.995,-0.989,0.992,-0.996,-0.997,0.997,0.986,0.998,0.995,-0.992,-0.989,0.995,-0.983,0.994,-0.858,-0.991,-0.9,0.85,-0.935,-0.985,0.977,-0.996,-0.997,-0.978,0.998,0.993,-0.989,-0.965,-0.991,0.998,-0.992,0.982,-0.976,0.991,0.993,-0.999,0.911,0.999,0.99,-0.974,-0.996,-0.999,0.991,-0.989,0.998,0.947,0.999,-0.987,-0.999,-0.993,0.999,0.974,0.963,-0.999,0.972,-0.997,-0.987,-0.975,-0.96,-0.964,0.981,-0.996,0.982,-1.0,0.989,0.989,0.994,0.988,-0.99,0.981,0.988,-0.959,-0.996,-0.989,-0.994,-0.987,-0.997,-0.983,-0.98,0.979,-0.976,0.99,-1.0,-0.993,0.996,0.994,-0.979,1.0,-0.983,-0.994,-0.99,0.984,0.981,-0.994,0.996,-0.998,0.994,0.987,0.987,-0.998,9.642,5.796,10.503,10.422,10.473,10.509,10.486,10.436,7.519,6.102,10.458,10.436,8.006,7.805,10.483,10.477,EssenceCatalog/problems/csplib-prob010-SocialGolfers/params/0a9f32b43aa36a3317c516c2af86af04.param
-0.972,-0.987,0.983,-0.963,-0.977,0.992,-0.956,0.981,0.97,-0.961,-0.814,0.99,-0.926,0.991,-0.972,-0.969,-0.948,0.933,0.928,0.948,0.965,-0.975,-0.987,-0.965,0.992,-0.685,0.161,-0.755,-0.952,0.982,0.859,0.378,-0.946,0.95,-0.245,-0.995,0.975,0.998,0.838,-0.711,-0.952,-0.995,0.645,-0.201,0.994,0.978,0.98,-0.922,-0.997,-0.985,0.993,0.387,0.917,-0.996,0.943,-0.977,0.74,-0.949,-0.044,-0.939,-0.798,-0.873,0.653,-0.997,0.96,0.724,0.989,0.984,-0.856,0.836,0.891,-0.837,-0.83,-0.869,-0.886,-0.983,-0.987,-0.671,-0.909,0.958,-0.959,-0.86,-0.998,-0.867,0.985,0.601,-0.927,0.997,-0.978,-0.963,-0.858,0.951,0.879,-0.979,0.978,-0.99,0.969,0.913,0.955,-0.984,5.494,4.35,10.366,10.301,10.221,10.245,10.267,10.28,5.237,4.493,10.34,10.217,5.559,5.041,10.302,10.292,EssenceCatalog/problems/csplib-prob010-SocialGolfers/params/5bedafe3fc61a9543658b6d118d74ced.param
-0.98,-0.985,0.987,-0.975,-0.974,0.993,-0.573,0.988,0.976,-0.967,-0.778,0.987,-0.954,0.987,-0.947,-0.974,-0.907,0.846,0.608,0.555,0.964,-0.98,-0.991,-0.968,0.991,0.305,-0.604,-0.761,-0.964,0.994,0.024,0.622,-0.931,0.95,0.666,-0.996,0.958,0.998,0.907,-0.64,-0.966,-0.995,0.808,-0.603,0.995,0.97,0.986,-0.918,-0.997,-0.985,0.994,0.747,0.898,-0.997,0.915,-0.987,-0.006,-0.94,-0.054,-0.922,0.103,-0.889,0.707,-0.998,0.972,0.894,0.988,0.982,-0.883,0.875,0.923,-0.836,-0.9,-0.885,-0.943,-0.984,-0.989,-0.783,-0.92,0.948,-0.939,-0.34,-0.999,-0.907,0.985,0.933,-0.938,0.997,-0.973,-0.964,-0.933,0.953,0.897,-0.983,0.982,-0.992,0.976,0.914,0.954,-0.988,7.218,4.944,10.406,10.306,10.233,10.265,10.312,10.329,6.171,5.118,10.352,10.251,6.557,6.137,10.313,10.293,EssenceCatalog/problems/csplib-prob010-SocialGolfers/params/5b59983cdae264b6825cecbde89b45b6.param
-0.972,-0.968,0.945,-0.961,-0.963,0.99,-0.933,0.983,0.965,-0.964,-0.875,0.979,-0.715,0.991,-0.965,-0.854,-0.646,0.925,0.978,0.911,0.949,-0.971,-0.981,-0.871,0.993,-0.466,0.0,-0.758,-0.922,0.976,0.972,0.53,-0.925,0.952,-0.648,-0.994,0.966,0.998,0.724,-0.885,-0.952,-0.995,0.58,-0.566,0.986,0.958,0.985,-0.953,-0.995,-0.969,0.987,0.591,0.947,-0.998,0.876,-0.957,0.158,-0.917,-0.463,-0.931,-0.977,-0.926,0.775,-0.998,0.961,0.723,0.983,0.969,-0.791,0.829,0.822,-0.929,-0.864,-0.806,-0.838,-0.973,-0.979,-0.406,-0.779,0.955,-0.857,-0.516,-0.998,-0.898,0.967,-0.366,-0.913,0.997,-0.97,-0.946,-0.749,0.904,0.881,-0.961,0.981,-0.991,0.938,0.883,0.9,-0.986,5.284,4.449,10.274,10.262,10.25,10.222,10.242,10.286,5.206,4.594,10.29,10.228,5.492,5.163,10.256,10.257,EssenceCatalog/problems/csplib-prob010-SocialGolfers/params/1ddcd82ff6739103e4b256ac3c6f6971.param
-0.984,-0.961,0.949,-0.978,-0.97,0.99,0.421,0.989,0.966,-0.987,-0.968,0.944,-0.757,0.993,-0.921,-0.707,0.234,0.696,0.842,-0.621,0.94,-0.977,-0.991,-0.644,0.993,0.94,-0.905,-0.752,-0.964,0.994,0.64,0.937,-0.917,0.957,0.667,-0.995,0.897,0.997,0.872,-0.964,-0.987,-0.996,0.861,-0.97,0.986,0.905,0.996,-0.979,-0.996,-0.945,0.99,0.942,0.958,-0.999,0.644,-0.965,-0.974,-0.815,-0.926,-0.885,-0.854,-0.986,0.931,-0.999,0.978,0.965,0.981,0.965,-0.89,0.887,0.907,-0.967,-0.973,-0.868,-0.953,-0.976,-0.985,-0.678,-0.741,0.961,-0.49,0.954,-0.999,-0.98,0.97,0.338,-0.932,0.998,-0.95,-0.975,-0.926,0.897,0.944,-0.966,0.987,-0.993,0.937,0.922,0.858,-0.994,7.832,5.412,10.223,10.242,10.231,10.249,10.263,10.324,6.656,5.666,10.284,10.184,7.01,7.125,10.23,10.171,EssenceCatalog/problems/csplib-prob010-SocialGolfers/params/1e17f6716f0fb8ddef881c2b3a649f76.param
-0.969,-0.982,0.973,-0.958,-0.961,0.99,-0.92,0.98,0.966,-0.959,-0.818,0.981,-0.867,0.989,-0.964,-0.906,-0.833,0.901,0.93,0.896,0.955,-0.971,-0.985,-0.928,0.991,-0.379,-0.156,-0.689,-0.953,0.984,0.893,0.53,-0.931,0.928,-0.083,-0.994,0.969,0.998,0.778,-0.752,-0.952,-0.994,0.62,-0.464,0.991,0.972,0.981,-0.92,-0.995,-0.975,0.99,0.602,0.927,-0.996,0.891,-0.969,0.251,-0.909,-0.236,-0.911,-0.867,-0.903,0.698,-0.998,0.96,0.777,0.983,0.981,-0.811,0.834,0.869,-0.856,-0.843,-0.815,-0.854,-0.98,-0.983,-0.519,-0.856,0.955,-0.909,-0.542,-0.998,-0.894,0.981,0.407,-0.895,0.996,-0.973,-0.954,-0.825,0.919,0.863,-0.972,0.977,-0.989,0.948,0.884,0.923,-0.984,5.744,4.53,10.359,10.295,10.221,10.234,10.263,10.305,5.42,4.676,10.34,10.23,5.747,5.335,10.299,10.269,EssenceCatalog/problems/csplib-prob010-SocialGolfers/params/a289c1d070855fd484baf8a1b4d45f6f.param
-0.965,-0.978,0.956,-0.951,-0.951,0.987,-0.938,0.98,0.961,-0.97,-0.914,0.969,-0.735,0.992,-0.969,-0.634,-0.624,0.909,0.968,0.886,0.951,-0.97,-0.988,-0.822,0.993,-0.154,-0.441,-0.612,-0.953,0.977,0.972,0.739,-0.931,0.924,-0.195,-0.993,0.965,0.997,0.681,-0.881,-0.967,-0.994,0.507,-0.731,0.99,0.965,0.985,-0.949,-0.994,-0.95,0.987,0.703,0.958,-0.997,0.813,-0.952,-0.49,-0.854,-0.564,-0.889,-0.976,-0.949,0.843,-0.997,0.962,0.82,0.981,0.981,-0.791,0.827,0.865,-0.927,-0.883,-0.764,-0.834,-0.974,-0.984,-0.403,-0.764,0.964,-0.809,0.09,-0.997,-0.945,0.974,-0.567,-0.85,0.996,-0.967,-0.959,-0.748,0.888,0.874,-0.96,0.975,-0.987,0.909,0.896,0.898,-0.986,5.747,4.752,10.348,10.318,10.301,10.277,10.291,10.338,5.545,4.885,10.372,10.303,5.833,5.62,10.331,10.289,EssenceCatalog/problems/csplib-prob010-SocialGolfers/params/97472111773a53cd9a2f2db4e3b7f6b0.param
-0.966,-0.981,0.964,-0.959,-0.985,0.991,-0.988,0.981,0.966,-0.975,-0.941,0.991,-0.822,0.996,-0.989,-0.903,-0.927,0.966,0.989,0.983,0.968,-0.977,-0.989,-0.917,0.996,-0.872,0.537,-0.811,-0.931,0.944,0.989,0.483,-0.965,0.964,-0.867,-0.995,0.975,0.998,0.692,-0.915,-0.965,-0.996,0.489,-0.256,0.994,0.978,0.982,-0.96,-0.996,-0.978,0.995,0.168,0.958,-0.997,0.937,-0.966,0.774,-0.953,-0.436,-0.958,-0.987,-0.947,0.785,-0.998,0.96,0.623,0.991,0.982,-0.864,0.833,0.89,-0.929,-0.868,-0.845,-0.837,-0.973,-0.991,-0.625,-0.868,0.978,-0.944,-0.858,-0.998,-0.919,0.984,-0.781,-0.93,0.998,-0.98,-0.966,-0.627,0.952,0.882,-0.966,0.976,-0.991,0.95,0.946,0.965,-0.989,4.791,4.25,10.326,10.334,10.336,10.358,10.306,10.281,4.931,4.384,10.347,10.285,5.222,4.783,10.322,10.365,EssenceCatalog/problems/csplib-prob010-SocialGolfers/params/884268ccff96ff04fd324adfde961a39.param
-0.995,-0.977,0.986,-0.995,-0.995,0.996,0.992,0.997,0.994,-0.992,-0.99,0.99,-0.967,0.994,-0.86,-0.988,-0.687,0.717,-0.862,-0.993,0.963,-0.994,-0.996,-0.949,0.997,0.995,-0.987,-0.954,-0.988,0.998,-0.992,0.986,-0.973,0.988,0.987,-0.999,0.779,0.998,0.988,-0.983,-0.996,-0.999,0.988,-0.99,0.996,0.91,0.999,-0.986,-0.999,-0.99,0.998,0.982,0.951,-0.999,0.93,-0.995,-0.992,-0.957,-0.975,-0.947,0.965,-0.996,0.979,-1.0,0.987,0.991,0.991,0.982,-0.988,0.975,0.988,-0.969,-0.995,-0.985,-0.993,-0.984,-0.994,-0.972,-0.965,0.978,-0.942,0.993,-1.0,-0.993,0.993,0.989,-0.979,1.0,-0.976,-0.993,-0.991,0.978,0.982,-0.991,0.996,-0.998,0.992,0.982,0.976,-0.997,9.583,5.757,10.396,10.333,10.384,10.416,10.392,10.341,7.474,6.064,10.367,10.338,7.944,7.777,10.389,10.383,EssenceCatalog/problems/csplib-prob010-SocialGolfers/params/01cf05df9797761d3a7bcb364b1d5938.param
-0.995,-0.988,0.991,-0.996,-0.997,0.997,0.98,0.998,0.995,-0.991,-0.985,0.996,-0.983,0.993,-0.834,-0.993,-0.931,0.878,-0.944,-0.976,0.982,-0.996,-0.997,-0.982,0.998,0.991,-0.989,-0.965,-0.989,0.998,-0.991,0.975,-0.973,0.992,0.992,-0.999,0.932,0.999,0.988,-0.965,-0.996,-0.999,0.99,-0.987,0.999,0.943,0.998,-0.985,-0.999,-0.994,0.999,0.966,0.963,-0.999,0.976,-0.997,-0.978,-0.979,-0.94,-0.966,0.983,-0.994,0.978,-1.0,0.986,0.985,0.995,0.985,-0.99,0.979,0.985,-0.952,-0.996,-0.988,-0.994,-0.985,-0.997,-0.985,-0.984,0.976,-0.981,0.984,-1.0,-0.991,0.995,0.995,-0.98,1.0,-0.983,-0.993,-0.988,0.983,0.978,-0.994,0.996,-0.998,0.995,0.987,0.987,-0.998,9.634,5.79,10.502,10.42,10.472,10.508,10.486,10.437,7.513,6.096,10.454,10.436,8.001,7.793,10.48,10.476,EssenceCatalog/problems/csplib-prob010-SocialGolfers/params/a1cc0854ed2e0a30a9a9466c34d47d28.param
-0.965,-0.982,0.966,-0.953,-0.97,0.989,-0.97,0.981,0.962,-0.969,-0.91,0.983,-0.799,0.993,-0.98,-0.824,-0.808,0.941,0.98,0.955,0.959,-0.972,-0.986,-0.897,0.994,-0.669,0.094,-0.726,-0.948,0.972,0.982,0.6,-0.945,0.946,-0.638,-0.994,0.973,0.998,0.709,-0.883,-0.96,-0.995,0.484,-0.485,0.991,0.976,0.983,-0.952,-0.995,-0.969,0.99,0.506,0.953,-0.997,0.89,-0.959,0.27,-0.919,-0.458,-0.929,-0.981,-0.941,0.793,-0.998,0.966,0.74,0.986,0.984,-0.808,0.822,0.86,-0.922,-0.857,-0.804,-0.818,-0.978,-0.985,-0.48,-0.812,0.967,-0.896,-0.622,-0.998,-0.916,0.977,-0.63,-0.896,0.997,-0.974,-0.958,-0.725,0.923,0.87,-0.962,0.976,-0.989,0.932,0.913,0.934,-0.986,5.142,4.421,10.35,10.307,10.298,10.284,10.28,10.298,5.138,4.561,10.375,10.272,5.437,5.065,10.335,10.312,EssenceCatalog/problems/csplib-prob010-SocialGolfers/params/a2b37529ee65ddf9ea422345015208bf.param
-0.967,-0.98,0.966,-0.961,-0.987,0.991,-0.987,0.981,0.965,-0.978,-0.942,0.991,-0.825,0.996,-0.989,-0.912,-0.924,0.967,0.99,0.982,0.968,-0.977,-0.989,-0.925,0.996,-0.868,0.563,-0.81,-0.93,0.948,0.988,0.496,-0.964,0.967,-0.878,-0.995,0.975,0.998,0.735,-0.92,-0.966,-0.996,0.492,-0.232,0.994,0.977,0.982,-0.961,-0.996,-0.979,0.995,0.117,0.955,-0.997,0.941,-0.966,0.79,-0.956,-0.421,-0.959,-0.987,-0.947,0.78,-0.998,0.961,0.636,0.991,0.982,-0.866,0.821,0.89,-0.93,-0.866,-0.847,-0.84,-0.974,-0.991,-0.641,-0.865,0.976,-0.942,-0.872,-0.998,-0.917,0.984,-0.772,-0.932,0.998,-0.979,-0.967,-0.647,0.957,0.881,-0.965,0.977,-0.991,0.952,0.947,0.967,-0.99,4.789,4.244,10.332,10.335,10.34,10.365,10.31,10.28,4.927,4.38,10.352,10.286,5.219,4.778,10.329,10.369,EssenceCatalog/problems/csplib-prob010-SocialGolfers/params/77ba62da5bc4d665f6c18434db3269d1.param
-0.965,-0.978,0.956,-0.952,-0.959,0.988,-0.951,0.981,0.96,-0.971,-0.92,0.973,-0.733,0.993,-0.974,-0.681,-0.657,0.924,0.976,0.917,0.953,-0.97,-0.987,-0.833,0.994,-0.357,-0.282,-0.662,-0.949,0.974,0.981,0.706,-0.936,0.936,-0.438,-0.993,0.967,0.998,0.673,-0.896,-0.965,-0.994,0.486,-0.68,0.989,0.968,0.985,-0.954,-0.994,-0.955,0.988,0.654,0.958,-0.997,0.837,-0.951,-0.308,-0.88,-0.569,-0.906,-0.983,-0.95,0.837,-0.997,0.964,0.794,0.982,0.981,-0.794,0.824,0.855,-0.933,-0.878,-0.773,-0.825,-0.974,-0.984,-0.416,-0.764,0.965,-0.829,-0.159,-0.998,-0.937,0.972,-0.682,-0.869,0.997,-0.968,-0.959,-0.725,0.897,0.873,-0.957,0.976,-0.988,0.914,0.904,0.909,-0.987,5.491,4.637,10.344,10.313,10.312,10.276,10.293,10.332,5.384,4.774,10.376,10.299,5.675,5.419,10.336,10.295,EssenceCatalog/problems/csplib-prob010-SocialGolfers/params/0d976ba5992c59ecc756ac2495079a50.param
-0.965,-0.984,0.969,-0.954,-0.978,0.99,-0.982,0.981,0.963,-0.971,-0.925,0.987,-0.823,0.994,-0.985,-0.861,-0.882,0.954,0.985,0.974,0.963,-0.974,-0.987,-0.91,0.995,-0.804,0.317,-0.759,-0.947,0.964,0.986,0.555,-0.956,0.954,-0.757,-0.994,0.975,0.998,0.701,-0.896,-0.961,-0.995,0.458,-0.371,0.992,0.98,0.982,-0.956,-0.996,-0.973,0.992,0.383,0.956,-0.997,0.914,-0.962,0.533,-0.936,-0.433,-0.943,-0.984,-0.941,0.792,-0.998,0.966,0.705,0.989,0.985,-0.833,0.826,0.876,-0.926,-0.857,-0.823,-0.818,-0.978,-0.988,-0.546,-0.837,0.974,-0.925,-0.768,-0.998,-0.916,0.981,-0.732,-0.91,0.997,-0.978,-0.961,-0.694,0.935,0.876,-0.965,0.976,-0.99,0.938,0.928,0.951,-0.987,4.952,4.331,10.353,10.319,10.313,10.316,10.287,10.286,5.026,4.47,10.377,10.278,5.323,4.911,10.34,10.338,EssenceCatalog/problems/csplib-prob010-SocialGolfers/params/044f838e6e52dbf1593bce568f6ba3e3.param
-0.987,0.96,-0.89,-0.977,-0.99,0.699,0.726,0.947,0.834,-0.993,-0.962,0.924,0.975,0.986,-0.495,-0.92,0.494,0.961,0.895,0.468,0.977,-0.964,-0.913,-0.582,0.922,0.957,-0.966,-0.468,0.982,0.794,0.821,0.902,0.661,0.984,-0.892,-0.995,0.764,0.991,-0.159,-0.891,-0.979,-0.992,0.86,-0.946,0.983,-0.984,0.994,-0.983,-0.992,-0.965,0.992,-0.92,0.891,-0.989,0.954,-0.96,0.753,-0.98,-0.816,-0.92,-0.939,-0.975,0.959,-0.995,-0.681,-0.726,0.856,-0.99,-0.865,0.085,-0.874,-0.948,-0.979,-0.757,-0.98,0.749,-0.976,-0.912,-0.956,-0.788,0.539,0.807,-0.995,-0.857,-0.376,0.93,-0.886,0.99,0.368,-0.983,0.881,0.978,0.929,0.755,0.909,-0.981,0.97,0.938,0.748,-0.985,4.04,2.894,3.976,7.889,8.685,8.531,8.711,8.984,3.711,3.261,3.891,7.963,4.289,4.127,4.946,7.984,EssenceCatalog/problems/csplib-prob010-SocialGolfers/params/ord29-4-7-6.param
-0.966,-0.978,0.954,-0.953,-0.949,0.987,-0.896,0.981,0.959,-0.972,-0.926,0.961,-0.723,0.992,-0.965,-0.55,-0.464,0.891,0.964,0.809,0.948,-0.968,-0.988,-0.776,0.993,0.114,-0.571,-0.607,-0.958,0.981,0.97,0.786,-0.926,0.927,-0.071,-0.993,0.961,0.997,0.699,-0.903,-0.971,-0.994,0.541,-0.805,0.988,0.962,0.987,-0.954,-0.994,-0.942,0.987,0.77,0.96,-0.997,0.767,-0.948,-0.7,-0.832,-0.658,-0.879,-0.977,-0.957,0.864,-0.997,0.967,0.86,0.979,0.98,-0.791,0.827,0.861,-0.939,-0.899,-0.757,-0.842,-0.975,-0.983,-0.407,-0.721,0.963,-0.745,0.369,-0.997,-0.951,0.97,-0.591,-0.851,0.997,-0.962,-0.961,-0.779,0.877,0.883,-0.957,0.976,-0.987,0.9,0.895,0.882,-0.987,6.009,4.889,10.337,10.322,10.317,10.288,10.297,10.351,5.721,5.026,10.365,10.313,5.998,5.868,10.323,10.285,EssenceCatalog/problems/csplib-prob010-SocialGolfers/params/fe94e4702dc33c47da77a8869bc0dca0.param
-0.984,-0.952,0.941,-0.978,-0.969,0.989,0.451,0.989,0.966,-0.986,-0.961,0.941,-0.733,0.992,-0.915,-0.757,0.254,0.678,0.848,-0.626,0.936,-0.975,-0.99,-0.65,0.993,0.933,-0.878,-0.759,-0.955,0.994,0.597,0.923,-0.916,0.957,0.6,-0.995,0.889,0.997,0.871,-0.958,-0.985,-0.995,0.866,-0.962,0.985,0.892,0.996,-0.977,-0.996,-0.948,0.99,0.932,0.952,-0.999,0.658,-0.965,-0.961,-0.824,-0.912,-0.89,-0.832,-0.984,0.918,-0.999,0.975,0.958,0.979,0.956,-0.883,0.883,0.899,-0.962,-0.969,-0.861,-0.95,-0.973,-0.984,-0.663,-0.732,0.957,-0.506,0.94,-0.999,-0.978,0.968,0.425,-0.933,0.998,-0.95,-0.972,-0.922,0.896,0.94,-0.963,0.988,-0.993,0.942,0.917,0.858,-0.994,7.826,5.383,10.181,10.207,10.198,10.214,10.231,10.296,6.634,5.64,10.239,10.147,6.992,7.101,10.187,10.137,EssenceCatalog/problems/csplib-prob010-SocialGolfers/params/d226da82dc45c3fee6a7dd05ed933a10.param
-0.968,-0.981,0.969,-0.956,-0.951,0.989,-0.902,0.98,0.964,-0.958,-0.827,0.975,-0.838,0.989,-0.959,-0.844,-0.741,0.886,0.932,0.856,0.951,-0.969,-0.984,-0.902,0.991,-0.187,-0.339,-0.643,-0.957,0.985,0.908,0.603,-0.924,0.922,0.024,-0.994,0.966,0.997,0.756,-0.789,-0.954,-0.994,0.591,-0.587,0.99,0.968,0.983,-0.925,-0.995,-0.967,0.987,0.695,0.937,-0.997,0.855,-0.964,-0.139,-0.885,-0.314,-0.895,-0.901,-0.91,0.738,-0.998,0.964,0.816,0.982,0.981,-0.791,0.831,0.863,-0.877,-0.852,-0.792,-0.839,-0.98,-0.981,-0.462,-0.815,0.955,-0.871,-0.271,-0.998,-0.909,0.977,0.232,-0.877,0.996,-0.971,-0.95,-0.821,0.899,0.866,-0.969,0.977,-0.987,0.937,0.872,0.902,-0.984,5.923,4.663,10.362,10.294,10.221,10.233,10.26,10.316,5.558,4.81,10.352,10.241,5.883,5.548,10.305,10.26,EssenceCatalog/problems/csplib-prob010-SocialGolfers/params/9afded12b2f75106fd964ddcc205b53f.param
-0.967,-0.976,0.952,-0.955,-0.951,0.987,-0.868,0.981,0.958,-0.974,-0.928,0.958,-0.71,0.992,-0.962,-0.556,-0.392,0.883,0.963,0.766,0.946,-0.967,-0.988,-0.768,0.993,0.211,-0.587,-0.615,-0.956,0.983,0.967,0.795,-0.921,0.929,-0.061,-0.993,0.958,0.997,0.716,-0.909,-0.972,-0.994,0.563,-0.818,0.988,0.959,0.988,-0.956,-0.994,-0.941,0.987,0.777,0.958,-0.998,0.758,-0.947,-0.722,-0.831,-0.683,-0.878,-0.976,-0.96,0.866,-0.998,0.968,0.868,0.978,0.978,-0.789,0.825,0.856,-0.941,-0.903,-0.755,-0.848,-0.974,-0.982,-0.411,-0.711,0.962,-0.722,0.421,-0.998,-0.952,0.969,-0.553,-0.858,0.997,-0.96,-0.961,-0.787,0.879,0.885,-0.955,0.976,-0.988,0.902,0.896,0.877,-0.988,6.086,4.916,10.323,10.317,10.317,10.288,10.296,10.351,5.766,5.057,10.351,10.308,6.041,5.933,10.311,10.277,EssenceCatalog/problems/csplib-prob010-SocialGolfers/params/d7cd6ba8edaad855773b9c887e9aa145.param
-0.969,-0.983,0.971,-0.96,-0.979,0.992,-0.979,0.982,0.967,-0.967,-0.895,0.99,-0.853,0.994,-0.982,-0.925,-0.912,0.954,0.981,0.972,0.963,-0.976,-0.986,-0.937,0.995,-0.811,0.402,-0.791,-0.942,0.968,0.975,0.441,-0.956,0.956,-0.741,-0.995,0.976,0.998,0.75,-0.866,-0.955,-0.995,0.547,-0.263,0.992,0.978,0.982,-0.95,-0.996,-0.98,0.993,0.353,0.947,-0.997,0.931,-0.968,0.704,-0.947,-0.324,-0.949,-0.97,-0.921,0.743,-0.998,0.963,0.661,0.989,0.983,-0.844,0.841,0.879,-0.907,-0.844,-0.847,-0.839,-0.979,-0.987,-0.567,-0.864,0.97,-0.942,-0.841,-0.998,-0.901,0.983,-0.407,-0.926,0.997,-0.98,-0.958,-0.745,0.942,0.876,-0.971,0.979,-0.991,0.953,0.923,0.952,-0.987,4.99,4.287,10.351,10.321,10.296,10.309,10.282,10.284,5.024,4.426,10.358,10.267,5.318,4.868,10.325,10.341,EssenceCatalog/problems/csplib-prob010-SocialGolfers/params/bed9b68a88c075b92a3b97fc1adbe615.param
-0.967,-0.983,0.969,-0.958,-0.984,0.991,-0.988,0.981,0.965,-0.973,-0.937,0.991,-0.842,0.995,-0.988,-0.906,-0.929,0.965,0.989,0.984,0.967,-0.977,-0.988,-0.922,0.996,-0.886,0.552,-0.808,-0.939,0.951,0.989,0.468,-0.965,0.965,-0.862,-0.995,0.976,0.998,0.702,-0.915,-0.962,-0.996,0.463,-0.227,0.993,0.98,0.982,-0.96,-0.996,-0.978,0.994,0.193,0.958,-0.997,0.937,-0.966,0.772,-0.955,-0.416,-0.959,-0.987,-0.941,0.783,-0.998,0.965,0.648,0.991,0.984,-0.857,0.828,0.889,-0.93,-0.861,-0.846,-0.83,-0.977,-0.99,-0.627,-0.863,0.978,-0.946,-0.874,-0.998,-0.912,0.983,-0.783,-0.931,0.998,-0.981,-0.963,-0.657,0.949,0.885,-0.967,0.976,-0.991,0.949,0.943,0.964,-0.988,4.787,4.244,10.335,10.326,10.323,10.345,10.293,10.27,4.925,4.38,10.357,10.276,5.217,4.773,10.326,10.357,EssenceCatalog/problems/csplib-prob010-SocialGolfers/params/3479405d552e884811fce4aacc537f01.param
-0.965,-0.98,0.961,-0.952,-0.962,0.988,-0.945,0.98,0.959,-0.97,-0.915,0.973,-0.763,0.993,-0.974,-0.711,-0.669,0.92,0.974,0.911,0.954,-0.969,-0.987,-0.852,0.994,-0.361,-0.243,-0.662,-0.952,0.977,0.977,0.697,-0.935,0.935,-0.413,-0.993,0.967,0.997,0.697,-0.887,-0.965,-0.994,0.494,-0.652,0.99,0.971,0.984,-0.951,-0.994,-0.957,0.988,0.645,0.955,-0.997,0.839,-0.952,-0.248,-0.883,-0.535,-0.905,-0.979,-0.948,0.821,-0.997,0.966,0.799,0.982,0.983,-0.792,0.819,0.856,-0.927,-0.873,-0.773,-0.822,-0.976,-0.983,-0.432,-0.767,0.965,-0.837,-0.224,-0.998,-0.932,0.973,-0.62,-0.872,0.997,-0.968,-0.959,-0.745,0.904,0.868,-0.957,0.976,-0.988,0.917,0.904,0.911,-0.987,5.495,4.62,10.352,10.31,10.301,10.271,10.287,10.324,5.375,4.758,10.382,10.29,5.669,5.398,10.339,10.291,EssenceCatalog/problems/csplib-prob010-SocialGolfers/params/d7eeb5dc7a1f2fac18e99954e66e6b85.param
-0.967,-0.978,0.955,-0.955,-0.95,0.987,-0.865,0.982,0.958,-0.975,-0.937,0.957,-0.72,0.992,-0.964,-0.491,-0.382,0.882,0.962,0.747,0.946,-0.968,-0.989,-0.745,0.993,0.266,-0.644,-0.605,-0.962,0.983,0.968,0.821,-0.925,0.929,0.023,-0.993,0.958,0.997,0.718,-0.918,-0.974,-0.994,0.56,-0.845,0.988,0.961,0.988,-0.959,-0.994,-0.936,0.987,0.805,0.961,-0.998,0.741,-0.946,-0.796,-0.817,-0.721,-0.872,-0.977,-0.963,0.881,-0.997,0.97,0.884,0.979,0.981,-0.796,0.831,0.867,-0.946,-0.91,-0.76,-0.853,-0.976,-0.983,-0.42,-0.702,0.965,-0.707,0.521,-0.998,-0.958,0.97,-0.624,-0.852,0.997,-0.959,-0.963,-0.796,0.874,0.889,-0.957,0.976,-0.987,0.896,0.899,0.877,-0.988,6.171,4.974,10.341,10.334,10.337,10.307,10.312,10.366,5.83,5.114,10.373,10.329,6.103,6.019,10.332,10.293,EssenceCatalog/problems/csplib-prob010-SocialGolfers/params/949c273f7a3f40fe09204b412b99071f.param
-0.976,-0.962,0.946,-0.967,-0.956,0.987,-0.313,0.984,0.958,-0.979,-0.922,0.943,-0.715,0.991,-0.936,-0.684,0.008,0.77,0.923,0.101,0.935,-0.967,-0.988,-0.74,0.991,0.762,-0.73,-0.666,-0.949,0.99,0.862,0.837,-0.902,0.935,0.297,-0.993,0.933,0.997,0.801,-0.915,-0.976,-0.993,0.744,-0.889,0.984,0.932,0.991,-0.958,-0.994,-0.946,0.987,0.858,0.945,-0.998,0.688,-0.955,-0.851,-0.821,-0.758,-0.872,-0.92,-0.97,0.858,-0.998,0.97,0.916,0.974,0.963,-0.808,0.836,0.855,-0.937,-0.935,-0.773,-0.899,-0.972,-0.98,-0.509,-0.704,0.952,-0.589,0.747,-0.998,-0.959,0.964,0.155,-0.896,0.996,-0.951,-0.961,-0.865,0.881,0.904,-0.955,0.981,-0.99,0.923,0.89,0.85,-0.99,7.004,5.151,10.217,10.228,10.221,10.216,10.232,10.3,6.225,5.349,10.244,10.186,6.537,6.549,10.199,10.162,EssenceCatalog/problems/csplib-prob010-SocialGolfers/params/5f519fd181c18aea62c3650c15739db7.param
-0.965,-0.98,0.962,-0.954,-0.976,0.99,-0.979,0.981,0.963,-0.973,-0.93,0.985,-0.784,0.994,-0.984,-0.834,-0.842,0.953,0.986,0.969,0.961,-0.974,-0.987,-0.894,0.995,-0.756,0.248,-0.756,-0.94,0.962,0.988,0.59,-0.953,0.954,-0.766,-0.994,0.973,0.998,0.689,-0.905,-0.963,-0.995,0.468,-0.445,0.991,0.976,0.983,-0.958,-0.995,-0.97,0.992,0.414,0.957,-0.997,0.905,-0.959,0.435,-0.931,-0.485,-0.94,-0.987,-0.947,0.806,-0.998,0.964,0.705,0.987,0.983,-0.828,0.825,0.868,-0.933,-0.863,-0.814,-0.82,-0.975,-0.987,-0.516,-0.822,0.972,-0.908,-0.702,-0.998,-0.921,0.978,-0.764,-0.906,0.997,-0.976,-0.961,-0.677,0.932,0.876,-0.961,0.976,-0.99,0.934,0.927,0.946,-0.988,4.987,4.363,10.342,10.32,10.322,10.317,10.294,10.298,5.055,4.502,10.369,10.285,5.35,4.963,10.335,10.336,EssenceCatalog/problems/csplib-prob010-SocialGolfers/params/4bef53320b02e461a06d945a601a84ad.param
-0.985,-0.96,0.954,-0.979,-0.974,0.99,0.534,0.989,0.968,-0.987,-0.968,0.942,-0.778,0.993,-0.922,-0.756,0.206,0.67,0.819,-0.698,0.94,-0.976,-0.992,-0.686,0.993,0.948,-0.894,-0.753,-0.965,0.994,0.499,0.938,-0.926,0.957,0.702,-0.995,0.883,0.997,0.892,-0.961,-0.988,-0.995,0.876,-0.966,0.987,0.903,0.996,-0.978,-0.996,-0.95,0.992,0.938,0.952,-0.998,0.651,-0.968,-0.969,-0.821,-0.92,-0.884,-0.788,-0.987,0.924,-0.999,0.977,0.967,0.98,0.963,-0.895,0.889,0.918,-0.962,-0.973,-0.87,-0.953,-0.976,-0.986,-0.709,-0.75,0.963,-0.531,0.952,-0.999,-0.981,0.974,0.487,-0.933,0.998,-0.95,-0.976,-0.936,0.908,0.943,-0.966,0.988,-0.993,0.945,0.926,0.875,-0.994,7.993,5.433,10.222,10.239,10.223,10.247,10.263,10.317,6.722,5.699,10.281,10.175,7.093,7.194,10.23,10.17,EssenceCatalog/problems/csplib-prob010-SocialGolfers/params/acfb807fa826d1cd9b1c2fa1964da907.param
-0.995,-0.988,0.991,-0.996,-0.997,0.997,0.988,0.998,0.995,-0.992,-0.99,0.995,-0.982,0.994,-0.86,-0.991,-0.887,0.842,-0.931,-0.987,0.976,-0.996,-0.997,-0.977,0.998,0.994,-0.989,-0.965,-0.991,0.998,-0.992,0.983,-0.976,0.991,0.993,-0.999,0.9,0.999,0.99,-0.976,-0.996,-0.999,0.991,-0.99,0.998,0.945,0.999,-0.987,-0.999,-0.993,0.999,0.976,0.962,-0.999,0.969,-0.997,-0.988,-0.974,-0.964,-0.962,0.98,-0.996,0.982,-1.0,0.989,0.99,0.994,0.988,-0.99,0.98,0.988,-0.961,-0.996,-0.989,-0.993,-0.987,-0.996,-0.983,-0.979,0.979,-0.974,0.991,-1.0,-0.993,0.996,0.993,-0.979,1.0,-0.983,-0.994,-0.99,0.984,0.982,-0.993,0.997,-0.998,0.994,0.987,0.986,-0.998,9.641,5.795,10.498,10.418,10.47,10.505,10.481,10.432,7.518,6.101,10.454,10.432,8.004,7.805,10.479,10.473,EssenceCatalog/problems/csplib-prob010-SocialGolfers/params/dce549a14c738627654c83c7a4e9662d.param
-0.994,-0.988,0.992,-0.994,-0.995,0.996,0.986,0.997,0.992,-0.993,-0.991,0.987,-0.978,0.994,-0.909,-0.976,-0.612,0.658,-0.758,-0.991,0.963,-0.993,-0.997,-0.939,0.997,0.994,-0.986,-0.936,-0.994,0.999,-0.983,0.988,-0.975,0.984,0.987,-0.999,0.816,0.998,0.987,-0.985,-0.997,-0.998,0.981,-0.99,0.996,0.957,0.999,-0.985,-0.998,-0.986,0.998,0.986,0.952,-0.999,0.89,-0.993,-0.995,-0.937,-0.976,-0.932,0.919,-0.996,0.976,-0.999,0.991,0.994,0.991,0.992,-0.984,0.971,0.989,-0.969,-0.995,-0.98,-0.991,-0.992,-0.995,-0.96,-0.945,0.983,-0.92,0.994,-0.999,-0.994,0.994,0.975,-0.975,1.0,-0.977,-0.992,-0.993,0.974,0.981,-0.991,0.995,-0.998,0.989,0.982,0.972,-0.997,9.546,5.753,10.394,10.328,10.37,10.401,10.378,10.33,7.458,6.058,10.371,10.325,7.923,7.771,10.387,10.368,EssenceCatalog/problems/csplib-prob010-SocialGolfers/params/e7af0a2e8950273d9cc806087b9e74ec.param
-0.87,0.966,-0.972,-0.676,0.992,0.97,-0.829,0.874,0.817,0.99,0.971,0.924,0.942,-0.977,0.979,-0.908,0.251,0.418,0.123,0.736,-0.422,-0.848,0.992,0.845,0.737,-0.978,-0.647,-0.882,0.964,0.135,0.798,-0.959,0.464,0.849,-0.945,-0.958,0.885,0.984,-0.97,-0.179,0.986,-0.953,-0.038,-0.571,-0.994,-0.783,0.783,-0.742,-0.804,-0.816,-0.994,0.917,0.84,-0.988,0.274,-0.715,-0.115,-0.671,-0.503,-0.855,-0.954,0.991,0.445,-0.924,-0.545,-0.916,0.906,-0.978,0.571,0.604,-0.928,-0.887,-0.244,-0.806,-0.801,0.731,0.924,0.897,-0.009,-0.942,-0.551,-0.761,-0.973,0.949,-0.957,0.704,-0.876,0.951,-0.661,0.986,0.784,-0.989,0.875,-0.912,0.845,-0.885,0.645,-0.957,-0.975,0.973,1.757,1.307,1.364,4.193,2.936,1.86,2.965,6.779,1.825,1.464,1.493,4.384,1.946,1.483,1.654,4.126,EssenceCatalog/problems/csplib-prob010-SocialGolfers/params/ord05-11-6-2.param
-0.971,-0.983,0.97,-0.961,-0.982,0.992,-0.984,0.982,0.967,-0.969,-0.903,0.991,-0.853,0.994,-0.984,-0.936,-0.928,0.96,0.983,0.979,0.966,-0.977,-0.986,-0.941,0.995,-0.853,0.474,-0.804,-0.936,0.965,0.979,0.413,-0.958,0.961,-0.795,-0.995,0.977,0.998,0.742,-0.876,-0.956,-0.996,0.542,-0.204,0.993,0.978,0.982,-0.952,-0.996,-0.982,0.994,0.246,0.947,-0.997,0.941,-0.97,0.789,-0.954,-0.324,-0.955,-0.974,-0.922,0.745,-0.998,0.962,0.637,0.99,0.982,-0.854,0.838,0.878,-0.912,-0.845,-0.856,-0.846,-0.979,-0.988,-0.598,-0.875,0.97,-0.948,-0.879,-0.998,-0.897,0.983,-0.455,-0.931,0.998,-0.981,-0.961,-0.726,0.948,0.883,-0.971,0.979,-0.991,0.957,0.929,0.958,-0.987,4.909,4.251,10.336,10.32,10.3,10.321,10.284,10.275,4.976,4.388,10.344,10.263,5.269,4.808,10.315,10.345,EssenceCatalog/problems/csplib-prob010-SocialGolfers/params/ec40c81870cc3e780d273e7788f9b1a9.param
-0.995,-0.985,0.991,-0.995,-0.996,0.996,0.992,0.998,0.994,-0.992,-0.99,0.992,-0.978,0.993,-0.872,-0.988,-0.77,0.742,-0.894,-0.992,0.966,-0.995,-0.997,-0.963,0.997,0.995,-0.989,-0.958,-0.992,0.998,-0.993,0.987,-0.976,0.988,0.991,-0.999,0.828,0.998,0.989,-0.982,-0.996,-0.999,0.988,-0.99,0.997,0.941,0.999,-0.986,-0.999,-0.99,0.998,0.983,0.954,-0.999,0.943,-0.995,-0.993,-0.961,-0.973,-0.951,0.972,-0.996,0.98,-1.0,0.99,0.992,0.992,0.988,-0.989,0.977,0.989,-0.966,-0.995,-0.986,-0.993,-0.988,-0.995,-0.976,-0.969,0.98,-0.956,0.993,-1.0,-0.993,0.995,0.99,-0.978,1.0,-0.979,-0.993,-0.992,0.98,0.983,-0.992,0.996,-0.998,0.992,0.984,0.981,-0.997,9.612,5.775,10.443,10.37,10.42,10.453,10.429,10.378,7.496,6.082,10.408,10.378,7.972,7.792,10.43,10.421,EssenceCatalog/problems/csplib-prob010-SocialGolfers/params/6fbbee400369a7899d105ab4eb703bba.param
-0.971,-0.973,0.955,-0.959,-0.966,0.989,-0.925,0.981,0.963,-0.966,-0.872,0.978,-0.763,0.991,-0.966,-0.861,-0.694,0.916,0.97,0.903,0.951,-0.969,-0.983,-0.892,0.993,-0.393,-0.046,-0.722,-0.934,0.978,0.958,0.565,-0.926,0.942,-0.498,-0.994,0.965,0.998,0.747,-0.852,-0.956,-0.994,0.588,-0.532,0.989,0.962,0.984,-0.944,-0.995,-0.97,0.989,0.566,0.94,-0.997,0.878,-0.959,0.178,-0.911,-0.396,-0.921,-0.96,-0.928,0.748,-0.998,0.96,0.746,0.982,0.974,-0.798,0.826,0.838,-0.906,-0.858,-0.799,-0.837,-0.975,-0.98,-0.452,-0.8,0.955,-0.867,-0.495,-0.998,-0.902,0.972,-0.153,-0.903,0.996,-0.969,-0.953,-0.77,0.915,0.869,-0.96,0.979,-0.99,0.939,0.889,0.911,-0.986,5.416,4.476,10.298,10.274,10.248,10.231,10.254,10.291,5.27,4.623,10.304,10.232,5.565,5.221,10.27,10.258,EssenceCatalog/problems/csplib-prob010-SocialGolfers/params/1884762d01a225ec8d721ed62997e10c.param
-0.966,-0.977,0.954,-0.954,-0.953,0.987,-0.902,0.981,0.959,-0.972,-0.921,0.963,-0.723,0.992,-0.966,-0.611,-0.487,0.896,0.967,0.829,0.948,-0.968,-0.987,-0.798,0.993,0.014,-0.486,-0.627,-0.954,0.981,0.971,0.76,-0.924,0.93,-0.185,-0.993,0.961,0.997,0.705,-0.9,-0.969,-0.994,0.537,-0.769,0.988,0.963,0.986,-0.953,-0.994,-0.947,0.987,0.738,0.957,-0.997,0.787,-0.948,-0.598,-0.848,-0.63,-0.886,-0.977,-0.955,0.849,-0.997,0.967,0.844,0.979,0.98,-0.785,0.822,0.854,-0.935,-0.891,-0.758,-0.837,-0.975,-0.982,-0.406,-0.728,0.962,-0.765,0.215,-0.998,-0.945,0.97,-0.572,-0.86,0.996,-0.962,-0.959,-0.772,0.884,0.879,-0.956,0.976,-0.988,0.906,0.895,0.886,-0.987,5.876,4.815,10.333,10.312,10.304,10.275,10.286,10.339,5.63,4.953,10.359,10.301,5.909,5.748,10.317,10.278,EssenceCatalog/problems/csplib-prob010-SocialGolfers/params/d6e2012197373da1f920c0922ffff2f1.param
-0.971,-0.983,0.972,-0.961,-0.983,0.992,-0.983,0.982,0.967,-0.97,-0.904,0.991,-0.859,0.994,-0.984,-0.939,-0.93,0.96,0.983,0.977,0.965,-0.976,-0.987,-0.944,0.995,-0.852,0.494,-0.806,-0.938,0.965,0.977,0.421,-0.959,0.961,-0.795,-0.995,0.977,0.998,0.76,-0.876,-0.957,-0.996,0.548,-0.187,0.993,0.979,0.982,-0.951,-0.996,-0.982,0.994,0.235,0.945,-0.997,0.942,-0.97,0.799,-0.955,-0.311,-0.955,-0.972,-0.922,0.738,-0.998,0.962,0.642,0.99,0.983,-0.856,0.836,0.881,-0.908,-0.845,-0.858,-0.848,-0.979,-0.988,-0.609,-0.875,0.971,-0.949,-0.886,-0.998,-0.897,0.984,-0.436,-0.932,0.998,-0.98,-0.962,-0.732,0.951,0.88,-0.971,0.978,-0.991,0.958,0.93,0.96,-0.987,4.915,4.249,10.341,10.322,10.301,10.324,10.285,10.274,4.978,4.386,10.348,10.264,5.27,4.807,10.319,10.348,EssenceCatalog/problems/csplib-prob010-SocialGolfers/params/bf7a799289dca6c5963ec9a6d7db03fb.param
-0.97,-0.981,0.968,-0.958,-0.974,0.991,-0.973,0.981,0.965,-0.968,-0.884,0.987,-0.829,0.993,-0.978,-0.907,-0.88,0.946,0.975,0.963,0.962,-0.975,-0.986,-0.929,0.994,-0.722,0.204,-0.749,-0.94,0.972,0.97,0.501,-0.947,0.948,-0.631,-0.995,0.974,0.998,0.734,-0.844,-0.956,-0.995,0.548,-0.354,0.992,0.974,0.982,-0.945,-0.996,-0.977,0.992,0.405,0.944,-0.997,0.92,-0.967,0.579,-0.935,-0.324,-0.938,-0.964,-0.923,0.747,-0.998,0.959,0.686,0.987,0.981,-0.83,0.833,0.863,-0.9,-0.846,-0.83,-0.841,-0.978,-0.985,-0.527,-0.858,0.964,-0.925,-0.759,-0.998,-0.902,0.981,-0.262,-0.911,0.997,-0.977,-0.959,-0.744,0.936,0.872,-0.968,0.978,-0.99,0.949,0.913,0.943,-0.986,5.13,4.343,10.337,10.308,10.281,10.289,10.279,10.29,5.1,4.483,10.341,10.255,5.4,4.968,10.308,10.315,EssenceCatalog/problems/csplib-prob010-SocialGolfers/params/689e96dc9029ca5f826d194fde1531d0.param
-0.995,-0.992,0.994,-0.996,-0.997,0.997,0.973,0.998,0.996,-0.992,-0.983,0.996,-0.988,0.994,-0.868,-0.993,-0.945,0.865,-0.941,-0.972,0.984,-0.996,-0.998,-0.985,0.998,0.99,-0.988,-0.963,-0.992,0.998,-0.992,0.975,-0.974,0.991,0.994,-0.999,0.935,0.999,0.99,-0.959,-0.996,-0.999,0.989,-0.985,0.999,0.962,0.998,-0.982,-0.999,-0.995,0.999,0.969,0.956,-0.999,0.976,-0.997,-0.975,-0.977,-0.921,-0.963,0.987,-0.994,0.973,-1.0,0.987,0.987,0.995,0.99,-0.99,0.98,0.989,-0.942,-0.995,-0.987,-0.994,-0.989,-0.997,-0.985,-0.985,0.98,-0.984,0.981,-1.0,-0.991,0.997,0.995,-0.979,1.0,-0.987,-0.994,-0.99,0.985,0.975,-0.995,0.996,-0.998,0.995,0.987,0.989,-0.998,9.636,5.792,10.512,10.426,10.476,10.512,10.49,10.439,7.514,6.096,10.465,10.441,8.002,7.79,10.488,10.48,EssenceCatalog/problems/csplib-prob010-SocialGolfers/params/242762b5a782d10442d82f4fff546a1f.param
-0.976,-0.968,0.948,-0.968,-0.957,0.987,-0.365,0.985,0.959,-0.982,-0.944,0.942,-0.716,0.992,-0.941,-0.574,0.011,0.788,0.923,0.092,0.94,-0.97,-0.99,-0.696,0.993,0.798,-0.804,-0.656,-0.959,0.99,0.887,0.878,-0.91,0.937,0.399,-0.993,0.934,0.997,0.8,-0.933,-0.98,-0.994,0.738,-0.924,0.986,0.935,0.993,-0.964,-0.995,-0.937,0.988,0.883,0.955,-0.998,0.669,-0.954,-0.917,-0.798,-0.823,-0.868,-0.937,-0.976,0.895,-0.998,0.972,0.931,0.977,0.969,-0.828,0.848,0.874,-0.951,-0.945,-0.787,-0.907,-0.974,-0.983,-0.524,-0.702,0.959,-0.559,0.844,-0.998,-0.969,0.968,-0.056,-0.89,0.997,-0.952,-0.967,-0.868,0.883,0.913,-0.958,0.981,-0.99,0.914,0.902,0.853,-0.991,7.042,5.221,10.262,10.276,10.275,10.268,10.276,10.341,6.282,5.412,10.297,10.242,6.583,6.626,10.252,10.21,EssenceCatalog/problems/csplib-prob010-SocialGolfers/params/c624df5516e6cbdd85b885c1cbf4e87b.param
-0.971,-0.985,0.977,-0.96,-0.97,0.992,-0.944,0.981,0.968,-0.958,-0.818,0.986,-0.89,0.99,-0.969,-0.94,-0.886,0.92,0.946,0.928,0.958,-0.973,-0.984,-0.945,0.992,-0.599,0.078,-0.736,-0.953,0.983,0.908,0.43,-0.941,0.943,-0.313,-0.995,0.972,0.998,0.806,-0.774,-0.949,-0.995,0.608,-0.325,0.991,0.976,0.981,-0.928,-0.996,-0.979,0.991,0.53,0.926,-0.997,0.916,-0.971,0.516,-0.933,-0.165,-0.928,-0.887,-0.887,0.678,-0.998,0.965,0.757,0.986,0.983,-0.826,0.832,0.877,-0.862,-0.832,-0.841,-0.857,-0.983,-0.984,-0.564,-0.865,0.958,-0.932,-0.763,-0.998,-0.878,0.981,0.348,-0.917,0.996,-0.976,-0.953,-0.839,0.931,0.87,-0.975,0.979,-0.99,0.957,0.892,0.937,-0.984,5.47,4.398,10.362,10.293,10.22,10.229,10.255,10.284,5.251,4.542,10.347,10.224,5.564,5.103,10.304,10.278,EssenceCatalog/problems/csplib-prob010-SocialGolfers/params/e9d12e9be5e7d3623b21ecb130733e2d.param
-0.982,-0.959,0.946,-0.974,-0.963,0.989,0.171,0.987,0.963,-0.983,-0.946,0.941,-0.733,0.992,-0.923,-0.727,0.183,0.712,0.889,-0.392,0.933,-0.972,-0.989,-0.685,0.992,0.887,-0.836,-0.723,-0.954,0.993,0.751,0.891,-0.912,0.951,0.483,-0.994,0.912,0.997,0.844,-0.947,-0.982,-0.994,0.82,-0.942,0.983,0.912,0.995,-0.971,-0.995,-0.946,0.988,0.915,0.951,-0.998,0.658,-0.961,-0.937,-0.821,-0.865,-0.881,-0.887,-0.979,0.897,-0.999,0.975,0.947,0.977,0.959,-0.854,0.861,0.879,-0.955,-0.958,-0.828,-0.932,-0.974,-0.982,-0.607,-0.71,0.954,-0.523,0.889,-0.999,-0.97,0.964,0.308,-0.92,0.997,-0.949,-0.966,-0.905,0.883,0.928,-0.961,0.986,-0.992,0.936,0.9,0.848,-0.992,7.52,5.305,10.199,10.217,10.209,10.217,10.233,10.303,6.488,5.542,10.247,10.164,6.825,6.911,10.196,10.145,EssenceCatalog/problems/csplib-prob010-SocialGolfers/params/5a61d0ac8e01783ec08839347c0a9867.param
-0.967,-0.985,0.976,-0.957,-0.963,0.99,-0.948,0.98,0.967,-0.958,-0.83,0.983,-0.88,0.99,-0.97,-0.904,-0.87,0.916,0.945,0.928,0.958,-0.972,-0.985,-0.932,0.992,-0.535,-0.06,-0.694,-0.958,0.982,0.923,0.51,-0.94,0.933,-0.204,-0.994,0.971,0.998,0.77,-0.773,-0.952,-0.994,0.576,-0.421,0.992,0.976,0.981,-0.926,-0.995,-0.975,0.99,0.585,0.935,-0.997,0.9,-0.969,0.3,-0.916,-0.219,-0.917,-0.904,-0.902,0.709,-0.998,0.964,0.769,0.985,0.985,-0.814,0.835,0.878,-0.865,-0.838,-0.822,-0.84,-0.982,-0.984,-0.529,-0.856,0.961,-0.921,-0.629,-0.998,-0.897,0.982,0.199,-0.897,0.996,-0.976,-0.955,-0.819,0.922,0.863,-0.974,0.978,-0.988,0.947,0.892,0.93,-0.984,5.549,4.476,10.375,10.303,10.232,10.238,10.267,10.299,5.318,4.615,10.369,10.24,5.634,5.207,10.322,10.282,EssenceCatalog/problems/csplib-prob010-SocialGolfers/params/d1d8082ce45ce42f5e46bb4611a2500e.param
-0.966,-0.981,0.965,-0.957,-0.981,0.991,-0.984,0.982,0.964,-0.972,-0.933,0.989,-0.808,0.995,-0.986,-0.874,-0.884,0.961,0.989,0.977,0.963,-0.975,-0.987,-0.907,0.996,-0.844,0.449,-0.798,-0.938,0.957,0.99,0.523,-0.958,0.962,-0.847,-0.994,0.975,0.998,0.706,-0.918,-0.96,-0.996,0.467,-0.341,0.991,0.979,0.982,-0.961,-0.996,-0.975,0.993,0.324,0.957,-0.998,0.922,-0.962,0.633,-0.945,-0.471,-0.952,-0.989,-0.943,0.797,-0.998,0.966,0.677,0.989,0.983,-0.842,0.826,0.876,-0.938,-0.86,-0.834,-0.823,-0.976,-0.988,-0.562,-0.834,0.974,-0.928,-0.819,-0.998,-0.914,0.98,-0.81,-0.923,0.998,-0.978,-0.96,-0.668,0.939,0.882,-0.964,0.976,-0.991,0.941,0.934,0.955,-0.988,4.854,4.291,10.343,10.324,10.325,10.332,10.291,10.284,4.972,4.43,10.367,10.283,5.264,4.847,10.335,10.352,EssenceCatalog/problems/csplib-prob010-SocialGolfers/params/07cc810c374c8ee91a74cca8265617e6.param
-0.968,-0.977,0.953,-0.956,-0.95,0.987,-0.858,0.982,0.958,-0.975,-0.938,0.956,-0.711,0.992,-0.963,-0.489,-0.361,0.88,0.962,0.737,0.946,-0.968,-0.989,-0.739,0.993,0.295,-0.653,-0.606,-0.96,0.983,0.968,0.824,-0.924,0.93,0.026,-0.993,0.957,0.997,0.716,-0.919,-0.974,-0.994,0.568,-0.85,0.988,0.96,0.988,-0.959,-0.994,-0.936,0.987,0.806,0.961,-0.998,0.738,-0.946,-0.802,-0.815,-0.728,-0.872,-0.977,-0.964,0.883,-0.997,0.969,0.884,0.978,0.98,-0.797,0.831,0.866,-0.947,-0.912,-0.759,-0.855,-0.975,-0.983,-0.422,-0.701,0.964,-0.698,0.543,-0.998,-0.958,0.969,-0.613,-0.854,0.997,-0.959,-0.963,-0.796,0.874,0.89,-0.956,0.976,-0.988,0.896,0.898,0.875,-0.988,6.192,4.982,10.333,10.332,10.336,10.306,10.311,10.366,5.843,5.123,10.365,10.326,6.114,6.037,10.325,10.29,EssenceCatalog/problems/csplib-prob010-SocialGolfers/params/c500f265657e3a566a241d1c99359020.param
-0.966,-0.978,0.954,-0.952,-0.951,0.987,-0.925,0.981,0.96,-0.97,-0.917,0.967,-0.729,0.992,-0.967,-0.616,-0.558,0.905,0.968,0.865,0.949,-0.969,-0.987,-0.805,0.993,-0.087,-0.467,-0.624,-0.954,0.978,0.973,0.745,-0.929,0.928,-0.205,-0.993,0.964,0.997,0.683,-0.892,-0.968,-0.994,0.521,-0.754,0.988,0.964,0.986,-0.952,-0.994,-0.948,0.987,0.729,0.959,-0.997,0.799,-0.95,-0.559,-0.851,-0.599,-0.89,-0.977,-0.951,0.846,-0.997,0.965,0.831,0.98,0.98,-0.79,0.826,0.858,-0.934,-0.888,-0.761,-0.832,-0.974,-0.983,-0.4,-0.743,0.964,-0.788,0.162,-0.998,-0.944,0.971,-0.591,-0.855,0.997,-0.965,-0.958,-0.759,0.882,0.877,-0.959,0.976,-0.988,0.907,0.894,0.89,-0.987,5.798,4.783,10.341,10.316,10.303,10.274,10.289,10.34,5.582,4.918,10.367,10.305,5.864,5.679,10.325,10.284,EssenceCatalog/problems/csplib-prob010-SocialGolfers/params/3aa55713c4be9471154baa7e8a47eef4.param
-0.968,-0.979,0.955,-0.956,-0.95,0.987,-0.842,0.982,0.958,-0.976,-0.942,0.954,-0.724,0.992,-0.963,-0.461,-0.342,0.874,0.958,0.7,0.945,-0.968,-0.989,-0.73,0.993,0.363,-0.689,-0.601,-0.964,0.984,0.965,0.838,-0.925,0.929,0.111,-0.993,0.956,0.997,0.727,-0.922,-0.975,-0.994,0.578,-0.866,0.988,0.96,0.989,-0.96,-0.994,-0.933,0.987,0.824,0.962,-0.998,0.726,-0.946,-0.838,-0.806,-0.747,-0.867,-0.976,-0.966,0.889,-0.997,0.971,0.896,0.978,0.981,-0.801,0.834,0.872,-0.948,-0.916,-0.763,-0.86,-0.976,-0.984,-0.432,-0.698,0.965,-0.685,0.609,-0.998,-0.961,0.97,-0.608,-0.851,0.997,-0.958,-0.965,-0.808,0.872,0.893,-0.957,0.976,-0.987,0.894,0.9,0.874,-0.989,6.289,5.027,10.343,10.34,10.344,10.316,10.319,10.373,5.904,5.169,10.376,10.334,6.176,6.115,10.334,10.296,EssenceCatalog/problems/csplib-prob010-SocialGolfers/params/7e0aa5e277e83ca826a761ad236b97bd.param
-0.995,-0.988,0.992,-0.995,-0.997,0.997,0.991,0.998,0.994,-0.993,-0.99,0.993,-0.982,0.994,-0.878,-0.989,-0.823,0.78,-0.909,-0.991,0.97,-0.995,-0.997,-0.97,0.997,0.995,-0.989,-0.96,-0.993,0.998,-0.993,0.987,-0.977,0.989,0.992,-0.999,0.86,0.998,0.99,-0.98,-0.997,-0.999,0.989,-0.99,0.998,0.951,0.999,-0.986,-0.999,-0.991,0.999,0.981,0.957,-0.999,0.954,-0.996,-0.992,-0.965,-0.971,-0.954,0.976,-0.996,0.981,-1.0,0.99,0.992,0.993,0.99,-0.99,0.978,0.99,-0.965,-0.996,-0.987,-0.993,-0.99,-0.996,-0.979,-0.973,0.98,-0.964,0.993,-1.0,-0.993,0.995,0.991,-0.978,1.0,-0.981,-0.994,-0.992,0.982,0.983,-0.993,0.996,-0.998,0.993,0.986,0.984,-0.998,9.628,5.786,10.472,10.395,10.445,10.479,10.455,10.404,7.509,6.093,10.434,10.405,7.989,7.801,10.457,10.447,EssenceCatalog/problems/csplib-prob010-SocialGolfers/params/1f711d032698b69afbcb9e3574b18f14.param
-0.971,-0.985,0.981,-0.96,-0.966,0.99,-0.899,0.981,0.969,-0.962,-0.788,0.984,-0.913,0.988,-0.962,-0.946,-0.898,0.896,0.872,0.878,0.961,-0.974,-0.987,-0.951,0.99,-0.308,-0.245,-0.68,-0.957,0.987,0.759,0.524,-0.93,0.931,0.193,-0.995,0.968,0.997,0.826,-0.67,-0.955,-0.994,0.671,-0.438,0.993,0.973,0.981,-0.906,-0.996,-0.98,0.992,0.583,0.911,-0.996,0.911,-0.976,0.37,-0.921,-0.097,-0.912,-0.677,-0.889,0.668,-0.998,0.96,0.798,0.985,0.983,-0.839,0.835,0.887,-0.819,-0.847,-0.841,-0.888,-0.982,-0.986,-0.624,-0.895,0.952,-0.932,-0.608,-0.998,-0.887,0.984,0.731,-0.904,0.996,-0.974,-0.96,-0.862,0.939,0.867,-0.977,0.977,-0.988,0.961,0.896,0.939,-0.984,6.021,4.571,10.388,10.305,10.215,10.247,10.28,10.315,5.543,4.72,10.348,10.23,5.893,5.43,10.312,10.28,EssenceCatalog/problems/csplib-prob010-SocialGolfers/params/b06022b3deee7e2283e30ee9ef09eafb.param
-0.97,-0.97,0.948,-0.959,-0.95,0.986,-0.736,0.982,0.958,-0.974,-0.911,0.952,-0.715,0.991,-0.949,-0.62,-0.292,0.843,0.942,0.589,0.942,-0.966,-0.988,-0.779,0.992,0.496,-0.643,-0.609,-0.953,0.986,0.927,0.793,-0.907,0.923,0.174,-0.993,0.949,0.997,0.755,-0.89,-0.971,-0.993,0.641,-0.832,0.988,0.947,0.988,-0.948,-0.994,-0.944,0.986,0.802,0.95,-0.997,0.742,-0.952,-0.747,-0.82,-0.654,-0.87,-0.948,-0.958,0.845,-0.998,0.965,0.882,0.976,0.97,-0.791,0.831,0.856,-0.927,-0.909,-0.748,-0.865,-0.973,-0.981,-0.433,-0.726,0.957,-0.69,0.555,-0.998,-0.951,0.97,-0.11,-0.868,0.996,-0.957,-0.96,-0.819,0.881,0.886,-0.957,0.977,-0.988,0.913,0.887,0.864,-0.988,6.485,5.006,10.286,10.288,10.279,10.268,10.277,10.338,5.962,5.169,10.301,10.263,6.257,6.173,10.262,10.239,EssenceCatalog/problems/csplib-prob010-SocialGolfers/params/5c6e3371ce82080bdc54e19c1eac8cab.param
-0.97,-0.982,0.975,-0.961,-0.969,0.991,-0.903,0.98,0.966,-0.96,-0.814,0.983,-0.882,0.99,-0.963,-0.936,-0.844,0.901,0.934,0.888,0.954,-0.972,-0.984,-0.942,0.991,-0.419,-0.009,-0.726,-0.949,0.984,0.874,0.458,-0.932,0.937,-0.193,-0.994,0.967,0.997,0.823,-0.762,-0.951,-0.994,0.65,-0.374,0.991,0.971,0.981,-0.924,-0.996,-0.978,0.99,0.553,0.917,-0.996,0.902,-0.97,0.434,-0.925,-0.179,-0.921,-0.848,-0.892,0.665,-0.998,0.963,0.78,0.984,0.98,-0.823,0.831,0.872,-0.854,-0.838,-0.828,-0.867,-0.982,-0.983,-0.56,-0.857,0.954,-0.918,-0.681,-0.998,-0.876,0.98,0.499,-0.914,0.996,-0.972,-0.954,-0.848,0.928,0.869,-0.972,0.979,-0.99,0.956,0.886,0.932,-0.985,5.66,4.456,10.347,10.281,10.208,10.219,10.25,10.285,5.349,4.606,10.325,10.212,5.674,5.233,10.287,10.261,EssenceCatalog/problems/csplib-prob010-SocialGolfers/params/97322adc14e71f497fdc1fc717196c07.param
-0.967,-0.981,0.964,-0.962,-0.986,0.992,-0.99,0.981,0.967,-0.975,-0.944,0.992,-0.834,0.996,-0.989,-0.919,-0.942,0.969,0.991,0.986,0.969,-0.978,-0.989,-0.92,0.996,-0.902,0.62,-0.83,-0.927,0.937,0.99,0.426,-0.968,0.968,-0.894,-0.995,0.975,0.998,0.686,-0.922,-0.963,-0.996,0.485,-0.192,0.994,0.978,0.982,-0.962,-0.996,-0.98,0.995,0.09,0.959,-0.997,0.945,-0.967,0.834,-0.96,-0.423,-0.964,-0.989,-0.943,0.784,-0.998,0.96,0.599,0.992,0.982,-0.871,0.835,0.897,-0.931,-0.87,-0.854,-0.844,-0.973,-0.991,-0.66,-0.877,0.979,-0.953,-0.892,-0.998,-0.917,0.984,-0.796,-0.938,0.998,-0.981,-0.965,-0.612,0.955,0.888,-0.968,0.976,-0.992,0.953,0.95,0.969,-0.989,4.733,4.218,10.314,10.331,10.332,10.361,10.303,10.269,4.894,4.35,10.336,10.279,5.183,4.733,10.311,10.366,EssenceCatalog/problems/csplib-prob010-SocialGolfers/params/a02b64642a172dce2314219bd65f9b66.param
-0.981,-0.937,0.915,-0.974,-0.961,0.987,0.045,0.987,0.961,-0.984,-0.95,0.941,-0.592,0.992,-0.921,-0.684,0.274,0.757,0.922,-0.239,0.936,-0.972,-0.988,-0.621,0.993,0.877,-0.827,-0.727,-0.932,0.99,0.847,0.889,-0.897,0.954,0.278,-0.994,0.913,0.997,0.809,-0.952,-0.981,-0.995,0.811,-0.947,0.982,0.878,0.995,-0.974,-0.996,-0.943,0.987,0.897,0.955,-0.998,0.676,-0.957,-0.929,-0.827,-0.88,-0.89,-0.935,-0.98,0.906,-0.998,0.966,0.93,0.977,0.941,-0.848,0.859,0.85,-0.962,-0.959,-0.819,-0.933,-0.964,-0.981,-0.559,-0.698,0.947,-0.451,0.888,-0.999,-0.97,0.957,0.128,-0.92,0.997,-0.945,-0.966,-0.868,0.885,0.929,-0.954,0.985,-0.992,0.929,0.904,0.833,-0.992,7.244,5.235,10.126,10.177,10.197,10.187,10.204,10.281,6.354,5.457,10.175,10.139,6.665,6.772,10.13,10.111,EssenceCatalog/problems/csplib-prob010-SocialGolfers/params/e2ce3ed7e63631db33cd8e3447cca51c.param
-0.973,-0.989,0.988,-0.963,-0.979,0.993,-0.951,0.981,0.967,-0.964,-0.798,0.99,-0.939,0.991,-0.969,-0.974,-0.951,0.931,0.914,0.942,0.969,-0.974,-0.988,-0.973,0.99,-0.676,0.06,-0.708,-0.957,0.987,0.827,0.404,-0.941,0.953,-0.092,-0.995,0.975,0.997,0.866,-0.699,-0.956,-0.995,0.596,-0.168,0.994,0.979,0.979,-0.924,-0.996,-0.985,0.993,0.352,0.91,-0.996,0.946,-0.98,0.729,-0.954,0.088,-0.936,-0.759,-0.85,0.647,-0.997,0.965,0.777,0.988,0.986,-0.849,0.801,0.883,-0.828,-0.83,-0.872,-0.896,-0.986,-0.987,-0.722,-0.909,0.953,-0.958,-0.878,-0.998,-0.851,0.984,0.685,-0.926,0.997,-0.975,-0.966,-0.886,0.957,0.882,-0.98,0.977,-0.989,0.972,0.912,0.958,-0.983,5.578,4.362,10.359,10.268,10.18,10.212,10.246,10.251,5.265,4.503,10.334,10.178,5.598,5.063,10.291,10.254,EssenceCatalog/problems/csplib-prob010-SocialGolfers/params/21635bd61cae1a142d7a26ba6a6020ba.param
-0.973,-0.967,0.948,-0.964,-0.979,0.991,-0.961,0.983,0.967,-0.973,-0.907,0.986,-0.733,0.994,-0.977,-0.903,-0.783,0.95,0.986,0.949,0.957,-0.974,-0.986,-0.903,0.995,-0.676,0.308,-0.795,-0.911,0.967,0.98,0.496,-0.939,0.964,-0.813,-0.995,0.968,0.998,0.763,-0.906,-0.96,-0.995,0.573,-0.448,0.99,0.961,0.985,-0.96,-0.996,-0.975,0.992,0.366,0.946,-0.998,0.916,-0.96,0.554,-0.944,-0.414,-0.949,-0.983,-0.934,0.772,-0.998,0.958,0.664,0.987,0.97,-0.826,0.823,0.844,-0.933,-0.868,-0.835,-0.853,-0.971,-0.985,-0.519,-0.821,0.963,-0.897,-0.747,-0.998,-0.9,0.973,-0.519,-0.931,0.997,-0.972,-0.957,-0.715,0.939,0.881,-0.96,0.981,-0.992,0.95,0.916,0.936,-0.989,5.02,4.329,10.303,10.306,10.307,10.304,10.287,10.296,5.053,4.471,10.316,10.265,5.34,4.949,10.292,10.325,EssenceCatalog/problems/csplib-prob010-SocialGolfers/params/88e096abfb676976b5b86958879c943f.param
-0.984,-0.942,0.927,-0.978,-0.964,0.99,0.425,0.989,0.966,-0.984,-0.956,0.943,-0.676,0.992,-0.908,-0.76,0.319,0.691,0.878,-0.579,0.932,-0.975,-0.988,-0.616,0.993,0.922,-0.867,-0.77,-0.942,0.993,0.693,0.908,-0.91,0.96,0.474,-0.995,0.897,0.998,0.852,-0.96,-0.983,-0.995,0.859,-0.96,0.98,0.874,0.996,-0.978,-0.996,-0.948,0.987,0.931,0.955,-0.999,0.66,-0.964,-0.956,-0.835,-0.913,-0.895,-0.884,-0.982,0.915,-0.999,0.972,0.951,0.979,0.945,-0.872,0.877,0.875,-0.965,-0.969,-0.857,-0.948,-0.969,-0.981,-0.634,-0.715,0.95,-0.464,0.927,-0.999,-0.974,0.96,0.369,-0.936,0.998,-0.948,-0.967,-0.91,0.881,0.941,-0.963,0.988,-0.993,0.942,0.906,0.84,-0.993,7.673,5.335,10.134,10.172,10.174,10.18,10.201,10.276,6.553,5.588,10.194,10.117,6.898,7.023,10.142,10.102,EssenceCatalog/problems/csplib-prob010-SocialGolfers/params/12fbaa83b1b71fa562b67b8b8f4d9344.param
-0.995,-0.981,0.989,-0.996,-0.997,0.996,0.991,0.998,0.995,-0.993,-0.991,0.994,-0.975,0.994,-0.859,-0.991,-0.856,0.821,-0.918,-0.989,0.973,-0.996,-0.997,-0.973,0.997,0.995,-0.988,-0.961,-0.989,0.998,-0.994,0.984,-0.975,0.99,0.991,-0.999,0.84,0.998,0.99,-0.976,-0.997,-0.999,0.99,-0.99,0.998,0.921,0.999,-0.986,-0.999,-0.992,0.999,0.973,0.957,-0.999,0.962,-0.996,-0.988,-0.971,-0.965,-0.958,0.981,-0.996,0.981,-1.0,0.987,0.99,0.993,0.983,-0.991,0.979,0.99,-0.963,-0.996,-0.988,-0.994,-0.983,-0.996,-0.983,-0.978,0.978,-0.971,0.991,-1.0,-0.994,0.995,0.993,-0.978,1.0,-0.98,-0.994,-0.99,0.984,0.981,-0.992,0.996,-0.998,0.994,0.987,0.986,-0.998,9.629,5.783,10.468,10.394,10.447,10.482,10.458,10.406,7.506,6.091,10.427,10.406,7.989,7.797,10.452,10.449,EssenceCatalog/problems/csplib-prob010-SocialGolfers/params/8be5dcd0f282fa91fe9364c655e81820.param
-0.967,-0.976,0.952,-0.954,-0.955,0.987,-0.911,0.981,0.959,-0.971,-0.916,0.967,-0.711,0.992,-0.966,-0.656,-0.494,0.905,0.972,0.853,0.948,-0.967,-0.986,-0.807,0.993,-0.097,-0.401,-0.653,-0.949,0.98,0.975,0.73,-0.923,0.936,-0.323,-0.993,0.963,0.997,0.7,-0.902,-0.966,-0.994,0.531,-0.741,0.987,0.963,0.986,-0.955,-0.994,-0.95,0.986,0.714,0.956,-0.998,0.805,-0.948,-0.499,-0.865,-0.611,-0.896,-0.98,-0.951,0.841,-0.998,0.966,0.827,0.98,0.978,-0.782,0.818,0.843,-0.937,-0.886,-0.765,-0.831,-0.974,-0.981,-0.399,-0.728,0.961,-0.778,0.068,-0.998,-0.937,0.967,-0.595,-0.87,0.997,-0.963,-0.957,-0.761,0.887,0.879,-0.955,0.977,-0.988,0.911,0.894,0.887,-0.987,5.719,4.738,10.32,10.297,10.29,10.257,10.272,10.326,5.528,4.877,10.347,10.287,5.805,5.62,10.306,10.268,EssenceCatalog/problems/csplib-prob010-SocialGolfers/params/d20451c2942f083563a8e145eb11c1c7.param
-0.965,-0.98,0.96,-0.953,-0.968,0.988,-0.961,0.981,0.961,-0.972,-0.92,0.978,-0.763,0.993,-0.978,-0.758,-0.738,0.935,0.98,0.939,0.957,-0.971,-0.987,-0.868,0.994,-0.532,-0.072,-0.697,-0.947,0.972,0.982,0.661,-0.941,0.942,-0.575,-0.993,0.969,0.998,0.689,-0.893,-0.964,-0.994,0.484,-0.589,0.99,0.972,0.984,-0.954,-0.995,-0.962,0.99,0.569,0.956,-0.997,0.866,-0.954,0.004,-0.903,-0.515,-0.919,-0.983,-0.949,0.816,-0.997,0.965,0.763,0.984,0.983,-0.803,0.821,0.857,-0.929,-0.87,-0.787,-0.821,-0.975,-0.985,-0.456,-0.788,0.967,-0.864,-0.428,-0.998,-0.928,0.974,-0.68,-0.885,0.997,-0.971,-0.96,-0.716,0.916,0.869,-0.958,0.976,-0.989,0.923,0.914,0.925,-0.987,5.275,4.511,10.347,10.313,10.313,10.282,10.296,10.319,5.233,4.651,10.378,10.288,5.529,5.209,10.34,10.306,EssenceCatalog/problems/csplib-prob010-SocialGolfers/params/92b1126edb69348c4642a8357111389e.param
-0.976,-0.987,0.989,-0.971,-0.976,0.992,-0.801,0.986,0.977,-0.97,-0.799,0.989,-0.958,0.988,-0.959,-0.978,-0.957,0.881,0.607,0.763,0.971,-0.981,-0.992,-0.972,0.99,0.037,-0.505,-0.726,-0.964,0.991,0.107,0.61,-0.937,0.944,0.629,-0.996,0.965,0.997,0.901,-0.562,-0.968,-0.995,0.784,-0.53,0.996,0.973,0.982,-0.898,-0.997,-0.987,0.995,0.62,0.897,-0.996,0.937,-0.986,0.336,-0.939,0.019,-0.921,0.124,-0.898,0.69,-0.998,0.959,0.845,0.988,0.985,-0.896,0.87,0.93,-0.79,-0.89,-0.889,-0.942,-0.982,-0.991,-0.794,-0.942,0.954,-0.963,-0.535,-0.998,-0.909,0.988,0.935,-0.931,0.997,-0.975,-0.972,-0.916,0.965,0.883,-0.985,0.979,-0.991,0.977,0.929,0.964,-0.988,6.868,4.797,10.397,10.302,10.228,10.264,10.299,10.305,5.967,4.952,10.328,10.239,6.341,5.846,10.302,10.296,EssenceCatalog/problems/csplib-prob010-SocialGolfers/params/fa15c1fbf7ad340573b520c984fb5617.param
-0.967,-0.979,0.96,-0.954,-0.962,0.988,-0.943,0.981,0.961,-0.968,-0.9,0.975,-0.762,0.992,-0.972,-0.77,-0.667,0.921,0.975,0.912,0.952,-0.969,-0.985,-0.864,0.993,-0.412,-0.153,-0.693,-0.947,0.977,0.975,0.648,-0.932,0.94,-0.483,-0.993,0.967,0.998,0.709,-0.883,-0.961,-0.994,0.515,-0.614,0.988,0.97,0.984,-0.951,-0.995,-0.962,0.988,0.631,0.951,-0.997,0.853,-0.953,-0.113,-0.895,-0.501,-0.913,-0.977,-0.941,0.801,-0.998,0.966,0.781,0.983,0.981,-0.788,0.819,0.847,-0.924,-0.866,-0.785,-0.822,-0.976,-0.982,-0.426,-0.771,0.962,-0.848,-0.345,-0.998,-0.921,0.971,-0.543,-0.885,0.997,-0.969,-0.955,-0.753,0.904,0.87,-0.959,0.977,-0.989,0.924,0.896,0.908,-0.986,5.417,4.557,10.334,10.293,10.28,10.25,10.269,10.307,5.311,4.699,10.36,10.266,5.604,5.308,10.318,10.278,EssenceCatalog/problems/csplib-prob010-SocialGolfers/params/4a15e64ff37aa450dbd34dc5af6eea11.param
-0.995,-0.993,0.994,-0.996,-0.997,0.997,0.965,0.998,0.995,-0.992,-0.983,0.996,-0.989,0.994,-0.872,-0.993,-0.957,0.882,-0.942,-0.965,0.985,-0.996,-0.998,-0.985,0.998,0.988,-0.987,-0.961,-0.992,0.998,-0.99,0.971,-0.974,0.991,0.993,-0.999,0.948,0.999,0.989,-0.956,-0.996,-0.999,0.989,-0.984,0.999,0.966,0.998,-0.982,-0.999,-0.995,0.999,0.964,0.959,-0.999,0.978,-0.997,-0.969,-0.978,-0.908,-0.963,0.986,-0.994,0.972,-1.0,0.987,0.985,0.996,0.991,-0.99,0.98,0.988,-0.939,-0.995,-0.987,-0.994,-0.989,-0.997,-0.985,-0.986,0.98,-0.987,0.976,-1.0,-0.991,0.997,0.995,-0.98,1.0,-0.987,-0.994,-0.99,0.985,0.973,-0.996,0.996,-0.998,0.995,0.988,0.989,-0.998,9.63,5.79,10.517,10.429,10.479,10.515,10.494,10.444,7.511,6.093,10.468,10.445,7.999,7.784,10.491,10.484,EssenceCatalog/problems/csplib-prob010-SocialGolfers/params/967840dc3ea51917531581b772e73470.param
-0.987,0.97,-0.93,-0.977,-0.989,0.704,0.63,0.947,0.835,-0.991,-0.961,0.935,0.981,0.986,-0.44,-0.927,0.399,0.964,0.908,0.65,0.978,-0.963,-0.87,-0.456,0.917,0.935,-0.96,-0.505,0.988,0.659,0.865,0.852,0.671,0.985,-0.935,-0.996,0.778,0.993,-0.46,-0.882,-0.975,-0.992,0.863,-0.936,0.981,-0.988,0.994,-0.984,-0.992,-0.968,0.99,-0.943,0.903,-0.99,0.962,-0.963,0.863,-0.982,-0.813,-0.928,-0.948,-0.967,0.96,-0.995,-0.791,-0.83,0.857,-0.993,-0.869,0.066,-0.909,-0.943,-0.979,-0.753,-0.979,0.835,-0.975,-0.918,-0.963,-0.831,0.461,0.749,-0.995,-0.82,-0.506,0.931,-0.905,0.99,0.408,-0.977,0.921,0.973,0.933,0.778,0.907,-0.983,0.971,0.931,0.735,-0.983,3.833,2.804,3.779,7.902,8.665,8.507,8.709,9.018,3.572,3.148,3.682,7.964,4.15,3.959,4.757,7.982,EssenceCatalog/problems/csplib-prob010-SocialGolfers/params/ord31-3-9-6.param
-0.995,-0.983,0.989,-0.996,-0.997,0.996,0.99,0.998,0.995,-0.992,-0.99,0.994,-0.976,0.994,-0.845,-0.992,-0.871,0.835,-0.928,-0.988,0.974,-0.996,-0.997,-0.974,0.997,0.995,-0.988,-0.963,-0.988,0.998,-0.993,0.983,-0.975,0.991,0.992,-0.999,0.868,0.998,0.989,-0.975,-0.996,-0.999,0.991,-0.99,0.998,0.923,0.998,-0.987,-0.999,-0.993,0.999,0.973,0.96,-0.999,0.967,-0.996,-0.987,-0.973,-0.965,-0.961,0.981,-0.996,0.982,-1.0,0.986,0.988,0.993,0.983,-0.99,0.979,0.988,-0.962,-0.996,-0.988,-0.994,-0.982,-0.996,-0.983,-0.979,0.978,-0.973,0.991,-1.0,-0.993,0.995,0.994,-0.978,1.0,-0.98,-0.994,-0.989,0.984,0.981,-0.993,0.996,-0.998,0.994,0.986,0.986,-0.998,9.631,5.785,10.475,10.399,10.453,10.488,10.465,10.414,7.509,6.093,10.432,10.413,7.993,7.797,10.458,10.455,EssenceCatalog/problems/csplib-prob010-SocialGolfers/params/6d6106b29a222ec6654e9471d3cc06a8.param
-0.966,-0.976,0.951,-0.952,-0.946,0.988,-0.945,0.981,0.963,-0.967,-0.917,0.97,-0.709,0.992,-0.969,-0.608,-0.617,0.916,0.972,0.895,0.951,-0.971,-0.987,-0.797,0.994,-0.197,-0.456,-0.627,-0.95,0.975,0.977,0.735,-0.936,0.93,-0.257,-0.993,0.966,0.998,0.657,-0.896,-0.967,-0.994,0.499,-0.756,0.988,0.963,0.986,-0.954,-0.994,-0.948,0.986,0.728,0.963,-0.998,0.808,-0.951,-0.544,-0.855,-0.596,-0.895,-0.982,-0.948,0.858,-0.998,0.962,0.815,0.982,0.979,-0.797,0.839,0.87,-0.938,-0.89,-0.777,-0.835,-0.972,-0.984,-0.376,-0.761,0.967,-0.808,0.126,-0.998,-0.946,0.974,-0.66,-0.855,0.997,-0.968,-0.955,-0.734,0.876,0.881,-0.964,0.977,-0.988,0.908,0.896,0.893,-0.986,5.712,4.758,10.35,10.327,10.317,10.284,10.3,10.353,5.536,4.891,10.378,10.32,5.821,5.618,10.339,10.302,EssenceCatalog/problems/csplib-prob010-SocialGolfers/params/dd4f89b7fb5d9dfaea7e646991ca5218.param
-0.973,-0.98,0.975,-0.967,-0.958,0.987,-0.256,0.983,0.962,-0.975,-0.893,0.952,-0.872,0.99,-0.941,-0.772,-0.343,0.725,0.82,0.011,0.941,-0.968,-0.99,-0.853,0.99,0.768,-0.757,-0.624,-0.972,0.993,0.605,0.836,-0.909,0.915,0.682,-0.993,0.937,0.997,0.848,-0.847,-0.976,-0.993,0.759,-0.849,0.99,0.962,0.989,-0.934,-0.994,-0.958,0.99,0.87,0.927,-0.997,0.714,-0.967,-0.824,-0.82,-0.62,-0.853,-0.674,-0.961,0.819,-0.998,0.976,0.935,0.976,0.98,-0.827,0.843,0.903,-0.898,-0.923,-0.792,-0.902,-0.981,-0.984,-0.604,-0.779,0.958,-0.741,0.7,-0.998,-0.956,0.978,0.574,-0.881,0.996,-0.959,-0.964,-0.908,0.894,0.894,-0.965,0.978,-0.989,0.937,0.89,0.883,-0.99,7.458,5.239,10.322,10.284,10.235,10.266,10.283,10.33,6.43,5.449,10.328,10.222,6.795,6.708,10.28,10.222,EssenceCatalog/problems/csplib-prob010-SocialGolfers/params/5f566cfb165ac1808a0b1a6b1b5ad362.param
-0.97,-0.969,0.948,-0.959,-0.949,0.986,-0.761,0.981,0.959,-0.972,-0.895,0.956,-0.719,0.99,-0.948,-0.675,-0.353,0.847,0.942,0.641,0.943,-0.965,-0.986,-0.805,0.991,0.41,-0.585,-0.615,-0.949,0.985,0.923,0.759,-0.905,0.922,0.115,-0.993,0.951,0.997,0.751,-0.872,-0.968,-0.993,0.637,-0.794,0.988,0.947,0.987,-0.943,-0.994,-0.949,0.986,0.775,0.946,-0.997,0.763,-0.954,-0.649,-0.834,-0.595,-0.875,-0.941,-0.952,0.823,-0.998,0.963,0.865,0.976,0.969,-0.786,0.828,0.849,-0.918,-0.899,-0.748,-0.859,-0.972,-0.98,-0.427,-0.74,0.955,-0.723,0.427,-0.998,-0.943,0.97,-0.008,-0.871,0.996,-0.958,-0.957,-0.812,0.885,0.88,-0.956,0.977,-0.988,0.918,0.882,0.867,-0.988,6.389,4.94,10.28,10.277,10.262,10.254,10.266,10.328,5.889,5.103,10.289,10.249,6.19,6.065,10.25,10.232,EssenceCatalog/problems/csplib-prob010-SocialGolfers/params/921a158b6c3a2715c9d0545018e5bd86.param
-0.97,-0.983,0.968,-0.96,-0.945,0.988,-0.705,0.983,0.961,-0.976,-0.936,0.949,-0.807,0.991,-0.953,-0.465,-0.309,0.82,0.92,0.436,0.943,-0.969,-0.991,-0.749,0.993,0.626,-0.788,-0.575,-0.975,0.99,0.916,0.869,-0.925,0.919,0.533,-0.993,0.951,0.997,0.791,-0.911,-0.978,-0.994,0.644,-0.897,0.989,0.963,0.99,-0.954,-0.993,-0.933,0.987,0.885,0.96,-0.998,0.684,-0.954,-0.912,-0.773,-0.752,-0.847,-0.942,-0.965,0.891,-0.998,0.976,0.933,0.978,0.984,-0.818,0.846,0.899,-0.941,-0.924,-0.776,-0.876,-0.981,-0.984,-0.485,-0.715,0.968,-0.676,0.782,-0.998,-0.967,0.976,-0.266,-0.848,0.997,-0.961,-0.965,-0.87,0.865,0.902,-0.967,0.977,-0.987,0.898,0.892,0.868,-0.989,6.811,5.19,10.379,10.358,10.335,10.333,10.333,10.388,6.185,5.352,10.404,10.33,6.483,6.449,10.358,10.299,EssenceCatalog/problems/csplib-prob010-SocialGolfers/params/0896563de10e4b0b5d02c5a8230101ed.param
-0.967,-0.984,0.967,-0.954,-0.936,0.988,-0.83,0.981,0.962,-0.967,-0.903,0.959,-0.811,0.99,-0.956,-0.567,-0.479,0.846,0.931,0.669,0.942,-0.968,-0.988,-0.802,0.992,0.342,-0.671,-0.573,-0.971,0.988,0.93,0.795,-0.923,0.914,0.363,-0.993,0.958,0.997,0.757,-0.876,-0.97,-0.993,0.581,-0.825,0.988,0.967,0.988,-0.942,-0.993,-0.94,0.985,0.847,0.957,-0.997,0.736,-0.954,-0.813,-0.806,-0.611,-0.862,-0.944,-0.947,0.85,-0.998,0.973,0.903,0.979,0.984,-0.793,0.837,0.887,-0.926,-0.895,-0.766,-0.843,-0.981,-0.982,-0.431,-0.732,0.966,-0.753,0.549,-0.998,-0.952,0.976,-0.246,-0.843,0.996,-0.966,-0.956,-0.848,0.857,0.887,-0.968,0.976,-0.986,0.903,0.877,0.871,-0.986,6.474,5.036,10.378,10.338,10.3,10.297,10.304,10.363,5.971,5.184,10.396,10.309,6.273,6.153,10.347,10.289,EssenceCatalog/problems/csplib-prob010-SocialGolfers/params/c1a3193ba5636943ff916486da3beaba.param
-0.965,-0.981,0.964,-0.957,-0.983,0.991,-0.987,0.981,0.965,-0.975,-0.941,0.989,-0.813,0.995,-0.988,-0.885,-0.907,0.963,0.989,0.981,0.965,-0.976,-0.988,-0.909,0.996,-0.858,0.504,-0.805,-0.934,0.948,0.989,0.516,-0.962,0.963,-0.861,-0.994,0.974,0.998,0.695,-0.918,-0.964,-0.996,0.473,-0.298,0.993,0.978,0.982,-0.961,-0.996,-0.976,0.994,0.235,0.958,-0.997,0.929,-0.963,0.71,-0.949,-0.46,-0.955,-0.988,-0.948,0.791,-0.998,0.963,0.65,0.99,0.983,-0.855,0.83,0.887,-0.934,-0.864,-0.837,-0.829,-0.974,-0.989,-0.6,-0.852,0.977,-0.937,-0.836,-0.998,-0.919,0.982,-0.81,-0.925,0.998,-0.979,-0.964,-0.641,0.946,0.881,-0.964,0.976,-0.991,0.944,0.942,0.962,-0.989,4.814,4.268,10.332,10.329,10.332,10.347,10.299,10.281,4.947,4.406,10.355,10.284,5.239,4.812,10.327,10.359,EssenceCatalog/problems/csplib-prob010-SocialGolfers/params/f3cc7e845116cd0fddedcce2795ff498.param
-0.971,-0.982,0.969,-0.96,-0.977,0.992,-0.974,0.982,0.967,-0.966,-0.881,0.989,-0.842,0.993,-0.979,-0.925,-0.893,0.949,0.977,0.966,0.961,-0.975,-0.985,-0.934,0.994,-0.773,0.332,-0.786,-0.939,0.971,0.97,0.443,-0.95,0.954,-0.705,-0.995,0.975,0.998,0.751,-0.852,-0.952,-0.995,0.569,-0.3,0.992,0.975,0.982,-0.947,-0.996,-0.98,0.992,0.392,0.943,-0.997,0.928,-0.968,0.668,-0.944,-0.316,-0.946,-0.964,-0.918,0.735,-0.998,0.961,0.665,0.988,0.982,-0.836,0.841,0.869,-0.901,-0.844,-0.846,-0.844,-0.979,-0.985,-0.544,-0.861,0.965,-0.936,-0.819,-0.998,-0.894,0.981,-0.279,-0.923,0.997,-0.979,-0.956,-0.753,0.938,0.873,-0.97,0.98,-0.991,0.953,0.915,0.946,-0.986,5.059,4.304,10.34,10.312,10.283,10.293,10.275,10.285,5.057,4.444,10.343,10.257,5.353,4.906,10.311,10.327,EssenceCatalog/problems/csplib-prob010-SocialGolfers/params/12f516ad92f2377a7f427849f1121998.param
-0.97,-0.98,0.96,-0.96,-0.953,0.987,-0.734,0.983,0.958,-0.979,-0.952,0.947,-0.755,0.993,-0.959,-0.409,-0.247,0.846,0.943,0.499,0.944,-0.969,-0.991,-0.704,0.993,0.604,-0.786,-0.597,-0.971,0.988,0.947,0.881,-0.926,0.929,0.366,-0.993,0.949,0.997,0.77,-0.933,-0.98,-0.994,0.636,-0.908,0.989,0.96,0.991,-0.963,-0.994,-0.928,0.988,0.869,0.963,-0.998,0.682,-0.948,-0.914,-0.779,-0.808,-0.853,-0.966,-0.973,0.907,-0.998,0.974,0.927,0.978,0.983,-0.821,0.845,0.891,-0.952,-0.933,-0.777,-0.881,-0.978,-0.985,-0.484,-0.696,0.967,-0.635,0.785,-0.998,-0.97,0.973,-0.522,-0.854,0.997,-0.956,-0.969,-0.847,0.875,0.904,-0.96,0.977,-0.987,0.893,0.906,0.871,-0.99,6.639,5.164,10.36,10.359,10.358,10.342,10.338,10.391,6.11,5.318,10.396,10.345,6.388,6.381,10.352,10.305,EssenceCatalog/problems/csplib-prob010-SocialGolfers/params/4e43043f50db866c4cc8a4e81752484b.param
-0.973,-0.977,0.964,-0.967,-0.985,0.992,-0.973,0.983,0.969,-0.972,-0.906,0.99,-0.829,0.995,-0.982,-0.944,-0.892,0.957,0.986,0.966,0.962,-0.976,-0.987,-0.937,0.995,-0.808,0.514,-0.825,-0.924,0.966,0.975,0.387,-0.952,0.967,-0.838,-0.995,0.972,0.998,0.797,-0.897,-0.959,-0.996,0.583,-0.25,0.992,0.972,0.983,-0.957,-0.997,-0.982,0.994,0.236,0.942,-0.998,0.939,-0.967,0.774,-0.958,-0.312,-0.959,-0.976,-0.923,0.739,-0.998,0.961,0.643,0.99,0.977,-0.852,0.829,0.873,-0.919,-0.859,-0.858,-0.864,-0.977,-0.988,-0.613,-0.858,0.97,-0.937,-0.877,-0.999,-0.892,0.981,-0.43,-0.943,0.998,-0.977,-0.96,-0.749,0.952,0.882,-0.969,0.981,-0.993,0.96,0.929,0.956,-0.989,4.931,4.256,10.339,10.329,10.314,10.33,10.296,10.288,4.988,4.395,10.345,10.274,5.277,4.828,10.32,10.356,EssenceCatalog/problems/csplib-prob010-SocialGolfers/params/fdee98d802c310bc016df6c4440f5007.param
-0.973,-0.988,0.989,-0.967,-0.974,0.992,-0.864,0.984,0.975,-0.967,-0.794,0.988,-0.954,0.988,-0.962,-0.975,-0.956,0.89,0.706,0.833,0.97,-0.979,-0.991,-0.97,0.99,-0.163,-0.39,-0.708,-0.964,0.99,0.354,0.566,-0.937,0.939,0.52,-0.996,0.968,0.997,0.886,-0.571,-0.964,-0.995,0.743,-0.457,0.996,0.976,0.981,-0.896,-0.997,-0.986,0.995,0.578,0.899,-0.996,0.935,-0.984,0.433,-0.936,0.029,-0.92,-0.118,-0.888,0.669,-0.998,0.958,0.824,0.988,0.986,-0.884,0.856,0.921,-0.786,-0.87,-0.878,-0.929,-0.983,-0.99,-0.763,-0.935,0.954,-0.962,-0.634,-0.998,-0.898,0.988,0.902,-0.923,0.996,-0.976,-0.97,-0.903,0.961,0.878,-0.984,0.977,-0.99,0.974,0.923,0.961,-0.986,6.523,4.685,10.399,10.299,10.213,10.253,10.286,10.298,5.783,4.834,10.338,10.227,6.149,5.641,10.308,10.288,EssenceCatalog/problems/csplib-prob010-SocialGolfers/params/7a558975880420f51779d04ecb758dd5.param
-0.966,-0.98,0.961,-0.954,-0.965,0.989,-0.962,0.981,0.962,-0.969,-0.907,0.979,-0.768,0.993,-0.976,-0.787,-0.738,0.934,0.979,0.94,0.956,-0.971,-0.985,-0.876,0.994,-0.565,-0.047,-0.709,-0.946,0.974,0.981,0.628,-0.939,0.944,-0.586,-0.994,0.971,0.998,0.697,-0.889,-0.96,-0.995,0.493,-0.568,0.989,0.972,0.984,-0.953,-0.995,-0.965,0.989,0.578,0.954,-0.997,0.871,-0.956,0.055,-0.907,-0.497,-0.922,-0.982,-0.941,0.806,-0.998,0.965,0.757,0.984,0.982,-0.797,0.821,0.85,-0.928,-0.863,-0.793,-0.82,-0.977,-0.983,-0.437,-0.788,0.965,-0.87,-0.483,-0.998,-0.92,0.973,-0.633,-0.89,0.997,-0.972,-0.956,-0.73,0.911,0.872,-0.96,0.977,-0.989,0.926,0.904,0.92,-0.986,5.253,4.487,10.34,10.3,10.295,10.266,10.279,10.308,5.211,4.628,10.369,10.272,5.508,5.175,10.329,10.296,EssenceCatalog/problems/csplib-prob010-SocialGolfers/params/d959a1f80bfd0c70c096fbd24f70d3a3.param
-0.975,-0.986,0.986,-0.97,-0.969,0.991,-0.65,0.985,0.969,-0.967,-0.791,0.982,-0.941,0.988,-0.955,-0.951,-0.856,0.828,0.739,0.59,0.959,-0.974,-0.99,-0.956,0.99,0.269,-0.545,-0.695,-0.967,0.994,0.361,0.644,-0.923,0.935,0.593,-0.995,0.956,0.997,0.889,-0.667,-0.965,-0.994,0.757,-0.588,0.993,0.974,0.984,-0.911,-0.996,-0.98,0.993,0.738,0.897,-0.996,0.884,-0.981,-0.121,-0.919,-0.109,-0.906,-0.254,-0.909,0.693,-0.998,0.973,0.896,0.984,0.983,-0.854,0.851,0.912,-0.83,-0.887,-0.847,-0.919,-0.984,-0.988,-0.709,-0.891,0.952,-0.913,-0.248,-0.998,-0.912,0.984,0.864,-0.918,0.996,-0.97,-0.963,-0.919,0.943,0.876,-0.978,0.978,-0.99,0.966,0.902,0.941,-0.987,6.962,4.909,10.416,10.318,10.239,10.278,10.315,10.34,6.064,5.079,10.376,10.255,6.441,6.061,10.33,10.29,EssenceCatalog/problems/csplib-prob010-SocialGolfers/params/90a77aa9fb59f64657438704a4e0f1ee.param
-0.986,0.972,-0.939,-0.975,-0.988,0.685,0.576,0.94,0.823,-0.991,-0.96,0.93,0.982,0.985,-0.461,-0.922,0.427,0.967,0.919,0.707,0.977,-0.962,-0.867,-0.399,0.907,0.927,-0.953,-0.475,0.989,0.596,0.897,0.839,0.704,0.983,-0.952,-0.995,0.772,0.993,-0.533,-0.879,-0.973,-0.991,0.857,-0.929,0.979,-0.987,0.992,-0.982,-0.992,-0.964,0.989,-0.945,0.896,-0.988,0.961,-0.953,0.882,-0.98,-0.806,-0.925,-0.955,-0.965,0.952,-0.995,-0.81,-0.858,0.845,-0.992,-0.85,0.048,-0.907,-0.94,-0.978,-0.722,-0.978,0.838,-0.973,-0.905,-0.956,-0.836,0.501,0.716,-0.994,-0.795,-0.515,0.913,-0.9,0.988,0.397,-0.978,0.932,0.971,0.93,0.787,0.905,-0.982,0.967,0.924,0.712,-0.982,3.739,2.767,3.7,7.854,8.607,8.454,8.658,8.968,3.507,3.102,3.604,7.912,4.082,3.889,4.678,7.929,EssenceCatalog/problems/csplib-prob010-SocialGolfers/params/a7aab89d77a52d00ebda258427deb693.param
-0.965,-0.983,0.967,-0.954,-0.976,0.99,-0.982,0.981,0.964,-0.97,-0.922,0.987,-0.819,0.994,-0.984,-0.85,-0.877,0.953,0.984,0.973,0.963,-0.975,-0.987,-0.907,0.995,-0.786,0.257,-0.748,-0.946,0.965,0.986,0.564,-0.955,0.952,-0.73,-0.994,0.975,0.998,0.692,-0.893,-0.961,-0.995,0.457,-0.404,0.992,0.979,0.982,-0.955,-0.995,-0.972,0.992,0.413,0.957,-0.997,0.911,-0.962,0.476,-0.933,-0.432,-0.941,-0.984,-0.94,0.794,-0.998,0.966,0.706,0.988,0.985,-0.829,0.828,0.877,-0.925,-0.857,-0.82,-0.817,-0.977,-0.987,-0.531,-0.837,0.973,-0.921,-0.737,-0.998,-0.919,0.98,-0.721,-0.905,0.997,-0.978,-0.961,-0.692,0.932,0.876,-0.966,0.976,-0.99,0.937,0.926,0.948,-0.987,4.988,4.352,10.354,10.32,10.313,10.312,10.289,10.292,5.049,4.489,10.379,10.28,5.347,4.941,10.341,10.335,EssenceCatalog/problems/csplib-prob010-SocialGolfers/params/8ea73dc63edf82dbc11879ab1f857061.param
-0.975,-0.98,0.981,-0.97,-0.969,0.99,-0.613,0.985,0.969,-0.969,-0.796,0.979,-0.919,0.988,-0.952,-0.944,-0.8,0.823,0.806,0.548,0.954,-0.973,-0.989,-0.945,0.99,0.333,-0.498,-0.705,-0.96,0.993,0.436,0.639,-0.919,0.938,0.469,-0.995,0.95,0.997,0.881,-0.717,-0.965,-0.993,0.749,-0.601,0.992,0.966,0.985,-0.917,-0.996,-0.978,0.992,0.73,0.899,-0.997,0.866,-0.979,-0.123,-0.915,-0.154,-0.903,-0.425,-0.914,0.69,-0.998,0.972,0.888,0.983,0.978,-0.846,0.85,0.907,-0.845,-0.891,-0.835,-0.914,-0.981,-0.986,-0.69,-0.875,0.951,-0.894,-0.203,-0.998,-0.916,0.982,0.829,-0.917,0.996,-0.967,-0.959,-0.909,0.938,0.878,-0.974,0.979,-0.99,0.965,0.896,0.933,-0.988,6.876,4.89,10.399,10.318,10.243,10.278,10.316,10.348,6.025,5.068,10.363,10.255,6.398,6.05,10.32,10.283,EssenceCatalog/problems/csplib-prob010-SocialGolfers/params/ca386d37f6fa08ad31552e10272f8e4e.param
-0.966,-0.979,0.956,-0.954,-0.949,0.987,-0.885,0.981,0.958,-0.973,-0.929,0.959,-0.73,0.992,-0.964,-0.528,-0.446,0.885,0.961,0.786,0.947,-0.968,-0.988,-0.771,0.993,0.179,-0.604,-0.598,-0.96,0.982,0.968,0.801,-0.925,0.925,0.003,-0.993,0.96,0.997,0.707,-0.905,-0.972,-0.994,0.549,-0.818,0.988,0.963,0.987,-0.955,-0.994,-0.94,0.987,0.783,0.959,-0.997,0.757,-0.948,-0.738,-0.824,-0.676,-0.874,-0.975,-0.959,0.869,-0.997,0.968,0.871,0.979,0.981,-0.791,0.828,0.865,-0.939,-0.902,-0.754,-0.846,-0.975,-0.983,-0.414,-0.718,0.964,-0.735,0.43,-0.997,-0.954,0.971,-0.577,-0.849,0.997,-0.961,-0.962,-0.788,0.876,0.883,-0.957,0.976,-0.987,0.899,0.895,0.881,-0.988,6.094,4.927,10.341,10.327,10.322,10.295,10.303,10.355,5.774,5.065,10.37,10.318,6.052,5.936,10.328,10.287,EssenceCatalog/problems/csplib-prob010-SocialGolfers/params/8ac1edf69f655b420501694015d73b15.param
-0.995,-0.987,0.992,-0.996,-0.997,0.996,0.991,0.998,0.995,-0.993,-0.991,0.993,-0.981,0.995,-0.879,-0.989,-0.828,0.771,-0.906,-0.991,0.972,-0.995,-0.998,-0.972,0.997,0.995,-0.989,-0.957,-0.993,0.998,-0.994,0.987,-0.976,0.989,0.993,-0.999,0.838,0.998,0.991,-0.979,-0.997,-0.999,0.989,-0.99,0.998,0.945,0.999,-0.986,-0.999,-0.992,0.999,0.98,0.953,-0.999,0.952,-0.996,-0.992,-0.965,-0.967,-0.952,0.979,-0.996,0.98,-1.0,0.99,0.992,0.992,0.989,-0.99,0.978,0.991,-0.963,-0.996,-0.987,-0.993,-0.989,-0.996,-0.98,-0.973,0.981,-0.965,0.993,-1.0,-0.994,0.996,0.992,-0.977,1.0,-0.981,-0.994,-0.992,0.983,0.981,-0.993,0.996,-0.998,0.993,0.986,0.985,-0.998,9.628,5.784,10.467,10.39,10.441,10.475,10.45,10.398,7.507,6.091,10.429,10.4,7.987,7.799,10.452,10.442,EssenceCatalog/problems/csplib-prob010-SocialGolfers/params/45e169ab5101b0781386dbf23d04b590.param
-0.963,-0.983,0.966,-0.949,-0.963,0.988,-0.966,0.98,0.96,-0.969,-0.911,0.979,-0.798,0.993,-0.978,-0.752,-0.775,0.932,0.975,0.944,0.957,-0.971,-0.987,-0.878,0.994,-0.55,-0.13,-0.666,-0.955,0.975,0.98,0.662,-0.942,0.935,-0.461,-0.993,0.972,0.998,0.687,-0.874,-0.962,-0.994,0.459,-0.574,0.991,0.976,0.983,-0.949,-0.994,-0.962,0.989,0.592,0.956,-0.997,0.865,-0.957,-0.039,-0.897,-0.473,-0.913,-0.979,-0.941,0.813,-0.997,0.966,0.78,0.984,0.985,-0.797,0.821,0.863,-0.921,-0.862,-0.784,-0.817,-0.978,-0.985,-0.452,-0.798,0.968,-0.875,-0.423,-0.997,-0.928,0.976,-0.632,-0.872,0.997,-0.973,-0.959,-0.73,0.91,0.871,-0.962,0.975,-0.988,0.92,0.906,0.925,-0.986,5.327,4.528,10.361,10.307,10.293,10.267,10.284,10.31,5.259,4.666,10.392,10.277,5.562,5.229,10.347,10.295,EssenceCatalog/problems/csplib-prob010-SocialGolfers/params/5d61acaf00c972d40a1182c389f82a0e.param
-0.978,-0.934,0.901,-0.969,-0.953,0.987,-0.387,0.986,0.958,-0.98,-0.933,0.947,-0.52,0.991,-0.928,-0.657,0.176,0.82,0.952,0.214,0.937,-0.97,-0.985,-0.644,0.993,0.745,-0.744,-0.71,-0.917,0.986,0.926,0.838,-0.888,0.951,-0.031,-0.994,0.932,0.997,0.755,-0.941,-0.975,-0.995,0.745,-0.918,0.98,0.889,0.993,-0.969,-0.995,-0.942,0.985,0.852,0.956,-0.998,0.713,-0.95,-0.859,-0.84,-0.823,-0.895,-0.965,-0.972,0.888,-0.998,0.961,0.892,0.976,0.937,-0.813,0.843,0.812,-0.958,-0.944,-0.787,-0.91,-0.96,-0.978,-0.457,-0.682,0.943,-0.502,0.768,-0.999,-0.959,0.951,-0.116,-0.909,0.997,-0.946,-0.959,-0.814,0.875,0.915,-0.95,0.983,-0.992,0.922,0.892,0.822,-0.991,6.708,5.081,10.12,10.19,10.227,10.196,10.212,10.296,6.085,5.269,10.153,10.174,6.361,6.418,10.121,10.137,EssenceCatalog/problems/csplib-prob010-SocialGolfers/params/2020955020954a6028ddd8b9aa91ef7c.param
-0.968,-0.986,0.972,-0.958,-0.947,0.988,-0.738,0.983,0.962,-0.978,-0.946,0.949,-0.827,0.992,-0.96,-0.402,-0.366,0.826,0.92,0.449,0.944,-0.97,-0.992,-0.754,0.993,0.626,-0.798,-0.552,-0.979,0.99,0.922,0.886,-0.931,0.916,0.584,-0.993,0.951,0.997,0.8,-0.915,-0.981,-0.994,0.628,-0.904,0.99,0.969,0.99,-0.954,-0.993,-0.927,0.988,0.887,0.961,-0.997,0.678,-0.953,-0.927,-0.759,-0.763,-0.838,-0.946,-0.969,0.9,-0.998,0.978,0.94,0.979,0.987,-0.826,0.848,0.915,-0.943,-0.927,-0.78,-0.875,-0.983,-0.986,-0.509,-0.725,0.971,-0.682,0.803,-0.998,-0.971,0.979,-0.37,-0.839,0.997,-0.961,-0.969,-0.875,0.872,0.903,-0.968,0.976,-0.986,0.89,0.901,0.882,-0.989,6.811,5.213,10.412,10.385,10.362,10.361,10.357,10.404,6.199,5.37,10.441,10.36,6.496,6.462,10.394,10.326,EssenceCatalog/problems/csplib-prob010-SocialGolfers/params/1b0ba1ffa4b64f87f0a3aa0f5892cd9b.param
-0.984,-0.959,0.947,-0.978,-0.969,0.99,0.418,0.989,0.966,-0.986,-0.966,0.943,-0.752,0.992,-0.92,-0.715,0.24,0.693,0.848,-0.615,0.938,-0.976,-0.991,-0.639,0.993,0.936,-0.898,-0.757,-0.962,0.994,0.646,0.932,-0.918,0.957,0.639,-0.995,0.897,0.997,0.87,-0.963,-0.986,-0.995,0.861,-0.968,0.985,0.904,0.996,-0.979,-0.996,-0.945,0.99,0.941,0.958,-0.999,0.645,-0.965,-0.972,-0.815,-0.925,-0.887,-0.857,-0.986,0.929,-0.999,0.977,0.964,0.981,0.964,-0.887,0.886,0.903,-0.967,-0.972,-0.867,-0.952,-0.975,-0.985,-0.67,-0.736,0.96,-0.493,0.95,-0.999,-0.98,0.969,0.337,-0.933,0.998,-0.951,-0.973,-0.924,0.893,0.944,-0.966,0.988,-0.993,0.938,0.919,0.856,-0.994,7.809,5.402,10.214,10.234,10.224,10.24,10.255,10.318,6.641,5.655,10.274,10.177,6.994,7.11,10.221,10.163,EssenceCatalog/problems/csplib-prob010-SocialGolfers/params/5631a9711f99910af7052b4a694772c8.param
-0.965,-0.98,0.96,-0.952,-0.958,0.988,-0.937,0.981,0.96,-0.968,-0.909,0.972,-0.763,0.992,-0.971,-0.709,-0.638,0.913,0.972,0.896,0.951,-0.968,-0.986,-0.845,0.993,-0.301,-0.278,-0.663,-0.953,0.978,0.974,0.693,-0.932,0.934,-0.365,-0.993,0.966,0.997,0.7,-0.884,-0.964,-0.994,0.508,-0.668,0.989,0.97,0.984,-0.95,-0.994,-0.956,0.987,0.677,0.954,-0.997,0.83,-0.952,-0.316,-0.877,-0.539,-0.902,-0.976,-0.945,0.818,-0.997,0.967,0.806,0.982,0.982,-0.788,0.822,0.856,-0.927,-0.872,-0.771,-0.821,-0.976,-0.982,-0.418,-0.758,0.964,-0.831,-0.16,-0.998,-0.932,0.972,-0.576,-0.871,0.996,-0.968,-0.956,-0.76,0.895,0.871,-0.959,0.976,-0.988,0.916,0.897,0.904,-0.987,5.567,4.649,10.349,10.306,10.29,10.261,10.277,10.321,5.419,4.788,10.377,10.285,5.71,5.455,10.332,10.284,EssenceCatalog/problems/csplib-prob010-SocialGolfers/params/e3083b40a19229bd8f136629f70f2639.param
-0.965,-0.979,0.958,-0.953,-0.958,0.987,-0.931,0.981,0.959,-0.97,-0.912,0.97,-0.747,0.992,-0.97,-0.694,-0.603,0.912,0.972,0.887,0.951,-0.968,-0.986,-0.838,0.993,-0.253,-0.312,-0.657,-0.952,0.978,0.975,0.707,-0.93,0.935,-0.361,-0.993,0.965,0.997,0.703,-0.891,-0.965,-0.994,0.511,-0.687,0.988,0.968,0.985,-0.951,-0.994,-0.954,0.987,0.678,0.955,-0.997,0.825,-0.951,-0.355,-0.875,-0.56,-0.9,-0.978,-0.948,0.825,-0.997,0.967,0.812,0.981,0.981,-0.785,0.818,0.851,-0.929,-0.876,-0.769,-0.824,-0.976,-0.982,-0.414,-0.751,0.963,-0.816,-0.111,-0.998,-0.933,0.971,-0.587,-0.871,0.996,-0.966,-0.957,-0.756,0.896,0.872,-0.957,0.976,-0.988,0.914,0.897,0.901,-0.987,5.597,4.669,10.341,10.303,10.292,10.262,10.278,10.322,5.441,4.808,10.369,10.286,5.73,5.491,10.325,10.279,EssenceCatalog/problems/csplib-prob010-SocialGolfers/params/5e18d5d7a2a11606d1fe8666d34cf18c.param
-0.991,0.949,-0.683,-0.993,-0.98,0.954,0.979,0.985,0.98,-0.979,-0.975,0.953,0.921,0.976,-0.029,-0.976,0.387,0.864,-0.43,-0.922,0.947,-0.982,-0.957,-0.622,0.981,0.998,-0.983,-0.851,0.867,0.91,-0.938,0.957,-0.57,0.983,0.834,-0.996,0.02,0.992,0.879,-0.956,-0.987,-0.994,0.984,-0.992,0.986,-0.985,0.995,-0.987,-0.995,-0.971,0.99,0.503,0.922,-0.997,0.94,-0.981,-0.917,-0.957,-0.953,-0.949,0.546,-0.977,0.984,-0.997,0.062,0.593,0.955,-0.983,-0.97,0.918,0.771,-0.95,-0.991,-0.945,-0.99,0.778,-0.973,-0.95,-0.958,0.683,-0.287,0.993,-0.997,-0.983,0.847,0.993,-0.92,0.998,-0.797,-0.978,-0.597,0.969,0.959,-0.809,0.986,-0.992,0.982,0.949,0.839,-0.988,7.53,4.384,6.427,8.868,9.408,9.347,9.274,9.425,5.944,4.871,6.554,8.854,6.491,6.438,7.256,9.107,EssenceCatalog/problems/csplib-prob010-SocialGolfers/params/35e15553c0d23a255368163b9506377e.param
-0.986,-0.986,0.991,-0.986,-0.985,0.995,-0.295,0.992,0.983,-0.976,-0.837,0.993,-0.972,0.988,-0.933,-0.991,-0.971,0.879,-0.001,0.358,0.98,-0.988,-0.995,-0.985,0.991,0.556,-0.795,-0.822,-0.961,0.995,-0.703,0.707,-0.944,0.971,0.865,-0.998,0.955,0.998,0.949,-0.59,-0.976,-0.997,0.877,-0.706,0.998,0.961,0.989,-0.933,-0.998,-0.993,0.997,0.676,0.903,-0.997,0.963,-0.993,0.091,-0.964,-0.001,-0.94,0.743,-0.897,0.778,-0.999,0.966,0.906,0.992,0.98,-0.935,0.898,0.946,-0.836,-0.945,-0.933,-0.975,-0.981,-0.993,-0.92,-0.966,0.943,-0.977,-0.255,-0.999,-0.924,0.988,0.986,-0.962,0.998,-0.973,-0.978,-0.957,0.979,0.923,-0.989,0.984,-0.994,0.988,0.951,0.976,-0.991,7.943,5.106,10.329,10.225,10.198,10.224,10.269,10.246,6.506,5.298,10.243,10.197,6.918,6.464,10.229,10.244,EssenceCatalog/problems/csplib-prob010-SocialGolfers/params/0acd54b598d606da2a2a365fe466391e.param
-0.975,-0.98,0.964,-0.968,-0.961,0.989,-0.424,0.986,0.961,-0.984,-0.965,0.942,-0.79,0.993,-0.953,-0.434,-0.096,0.801,0.909,0.042,0.944,-0.973,-0.993,-0.674,0.994,0.82,-0.87,-0.639,-0.977,0.992,0.891,0.923,-0.929,0.937,0.603,-0.994,0.934,0.997,0.827,-0.95,-0.985,-0.995,0.734,-0.949,0.989,0.954,0.993,-0.97,-0.994,-0.929,0.99,0.916,0.964,-0.998,0.643,-0.954,-0.962,-0.765,-0.88,-0.85,-0.941,-0.982,0.927,-0.998,0.978,0.954,0.979,0.983,-0.856,0.867,0.915,-0.96,-0.955,-0.815,-0.915,-0.98,-0.987,-0.569,-0.711,0.969,-0.577,0.909,-0.998,-0.979,0.976,-0.304,-0.877,0.998,-0.954,-0.975,-0.893,0.886,0.923,-0.964,0.981,-0.989,0.904,0.917,0.871,-0.992,7.138,5.315,10.366,10.362,10.352,10.352,10.348,10.402,6.374,5.499,10.408,10.332,6.672,6.725,10.361,10.295,EssenceCatalog/problems/csplib-prob010-SocialGolfers/params/87c2ad911b9b720e07ae53ae0a032981.param
-0.995,-0.974,0.984,-0.995,-0.995,0.995,0.992,0.997,0.993,-0.992,-0.99,0.987,-0.962,0.994,-0.865,-0.985,-0.583,0.674,-0.808,-0.993,0.96,-0.993,-0.996,-0.934,0.996,0.995,-0.985,-0.946,-0.987,0.998,-0.989,0.987,-0.971,0.986,0.984,-0.999,0.76,0.998,0.987,-0.984,-0.996,-0.998,0.986,-0.99,0.996,0.906,0.999,-0.986,-0.998,-0.988,0.998,0.983,0.947,-0.999,0.907,-0.994,-0.993,-0.949,-0.976,-0.941,0.946,-0.996,0.977,-0.999,0.986,0.991,0.99,0.981,-0.985,0.972,0.987,-0.97,-0.994,-0.982,-0.992,-0.984,-0.993,-0.965,-0.956,0.977,-0.921,0.993,-0.999,-0.993,0.992,0.985,-0.979,1.0,-0.974,-0.992,-0.991,0.975,0.981,-0.99,0.996,-0.998,0.991,0.98,0.971,-0.997,9.548,5.74,10.357,10.3,10.349,10.379,10.356,10.307,7.452,6.048,10.334,10.3,7.915,7.763,10.353,10.347,EssenceCatalog/problems/csplib-prob010-SocialGolfers/params/9078e0a62b9cb6634cd644efd1501899.param
-0.965,-0.982,0.965,-0.954,-0.97,0.989,-0.968,0.981,0.962,-0.969,-0.909,0.982,-0.792,0.993,-0.979,-0.818,-0.794,0.939,0.98,0.951,0.958,-0.972,-0.986,-0.893,0.994,-0.643,0.062,-0.72,-0.947,0.973,0.981,0.607,-0.944,0.945,-0.623,-0.994,0.972,0.998,0.708,-0.883,-0.96,-0.995,0.488,-0.503,0.99,0.975,0.983,-0.952,-0.995,-0.968,0.99,0.519,0.952,-0.997,0.887,-0.958,0.229,-0.916,-0.464,-0.927,-0.98,-0.941,0.794,-0.998,0.965,0.744,0.985,0.983,-0.806,0.822,0.857,-0.922,-0.858,-0.801,-0.819,-0.977,-0.984,-0.471,-0.807,0.967,-0.89,-0.594,-0.998,-0.917,0.976,-0.618,-0.894,0.997,-0.974,-0.958,-0.726,0.921,0.87,-0.961,0.976,-0.989,0.931,0.911,0.931,-0.986,5.169,4.435,10.347,10.305,10.297,10.28,10.28,10.299,5.155,4.575,10.372,10.271,5.453,5.089,10.332,10.307,EssenceCatalog/problems/csplib-prob010-SocialGolfers/params/5b32978e32cb9180be1cfa643b40a8b1.param
-0.967,-0.978,0.968,-0.959,-0.957,0.987,-0.785,0.98,0.96,-0.968,-0.848,0.967,-0.84,0.989,-0.955,-0.825,-0.64,0.842,0.912,0.71,0.947,-0.966,-0.987,-0.894,0.99,0.197,-0.445,-0.618,-0.957,0.987,0.851,0.676,-0.914,0.913,0.228,-0.993,0.955,0.997,0.795,-0.794,-0.964,-0.992,0.649,-0.649,0.99,0.964,0.983,-0.92,-0.994,-0.963,0.988,0.722,0.925,-0.996,0.818,-0.963,-0.32,-0.866,-0.367,-0.88,-0.85,-0.933,0.745,-0.998,0.965,0.855,0.978,0.977,-0.79,0.829,0.873,-0.87,-0.875,-0.766,-0.861,-0.978,-0.982,-0.496,-0.805,0.957,-0.826,0.016,-0.998,-0.925,0.977,0.407,-0.881,0.995,-0.964,-0.957,-0.846,0.909,0.859,-0.964,0.976,-0.987,0.934,0.885,0.902,-0.987,6.353,4.821,10.349,10.296,10.235,10.256,10.275,10.326,5.804,4.985,10.336,10.24,6.141,5.872,10.291,10.252,EssenceCatalog/problems/csplib-prob010-SocialGolfers/params/039fc98ab74f893da45fb8fcd5093b73.param
-0.97,-0.979,0.957,-0.96,-0.953,0.987,-0.744,0.983,0.958,-0.979,-0.951,0.948,-0.739,0.993,-0.959,-0.425,-0.234,0.851,0.947,0.521,0.944,-0.969,-0.99,-0.701,0.993,0.583,-0.774,-0.606,-0.969,0.988,0.95,0.875,-0.925,0.931,0.308,-0.993,0.949,0.997,0.763,-0.934,-0.979,-0.994,0.633,-0.905,0.988,0.958,0.991,-0.964,-0.994,-0.929,0.988,0.863,0.963,-0.998,0.69,-0.948,-0.906,-0.785,-0.805,-0.857,-0.969,-0.972,0.905,-0.998,0.973,0.922,0.978,0.982,-0.818,0.844,0.886,-0.953,-0.932,-0.777,-0.88,-0.977,-0.985,-0.472,-0.693,0.966,-0.635,0.767,-0.998,-0.969,0.971,-0.534,-0.857,0.997,-0.955,-0.969,-0.84,0.875,0.904,-0.959,0.978,-0.988,0.895,0.905,0.869,-0.99,6.589,5.144,10.351,10.354,10.357,10.337,10.334,10.389,6.081,5.297,10.386,10.342,6.356,6.347,10.344,10.301,EssenceCatalog/problems/csplib-prob010-SocialGolfers/params/14a9d1b889b65d17bd0fe0a0f2477b45.param
-0.966,-0.984,0.966,-0.956,-0.947,0.988,-0.806,0.982,0.961,-0.976,-0.946,0.952,-0.796,0.992,-0.963,-0.402,-0.379,0.849,0.941,0.592,0.944,-0.968,-0.991,-0.734,0.993,0.498,-0.753,-0.574,-0.975,0.987,0.947,0.867,-0.932,0.921,0.397,-0.993,0.953,0.997,0.769,-0.919,-0.979,-0.994,0.596,-0.887,0.989,0.967,0.989,-0.957,-0.993,-0.927,0.987,0.865,0.963,-0.997,0.695,-0.949,-0.9,-0.774,-0.756,-0.85,-0.963,-0.968,0.895,-0.997,0.975,0.924,0.979,0.986,-0.818,0.844,0.902,-0.946,-0.921,-0.772,-0.864,-0.98,-0.985,-0.476,-0.71,0.97,-0.693,0.733,-0.997,-0.968,0.977,-0.538,-0.84,0.997,-0.961,-0.967,-0.849,0.869,0.898,-0.965,0.976,-0.986,0.888,0.9,0.88,-0.989,6.56,5.135,10.394,10.374,10.361,10.347,10.344,10.393,6.064,5.282,10.427,10.358,6.348,6.302,10.381,10.322,EssenceCatalog/problems/csplib-prob010-SocialGolfers/params/8f0d8ad7bb29fee5b49256e1733c7a5a.param
-0.966,-0.983,0.968,-0.958,-0.982,0.991,-0.984,0.981,0.964,-0.974,-0.934,0.989,-0.827,0.995,-0.987,-0.884,-0.896,0.961,0.988,0.977,0.965,-0.975,-0.988,-0.918,0.996,-0.841,0.452,-0.787,-0.942,0.96,0.988,0.533,-0.96,0.962,-0.832,-0.994,0.975,0.998,0.731,-0.915,-0.963,-0.995,0.465,-0.313,0.992,0.979,0.982,-0.96,-0.996,-0.975,0.993,0.279,0.955,-0.997,0.926,-0.963,0.661,-0.947,-0.437,-0.952,-0.987,-0.945,0.788,-0.998,0.966,0.687,0.99,0.984,-0.845,0.817,0.881,-0.931,-0.859,-0.834,-0.825,-0.977,-0.989,-0.589,-0.843,0.975,-0.93,-0.829,-0.998,-0.915,0.981,-0.779,-0.923,0.998,-0.978,-0.963,-0.681,0.946,0.877,-0.964,0.976,-0.991,0.944,0.937,0.959,-0.988,4.865,4.289,10.353,10.33,10.329,10.341,10.298,10.285,4.975,4.428,10.375,10.285,5.269,4.845,10.344,10.356,EssenceCatalog/problems/csplib-prob010-SocialGolfers/params/528656eb240c5c70d36f90d1bef9c699.param
-0.971,-0.983,0.979,-0.963,-0.969,0.991,-0.914,0.981,0.971,-0.962,-0.794,0.987,-0.91,0.989,-0.964,-0.957,-0.918,0.907,0.883,0.901,0.963,-0.976,-0.987,-0.954,0.991,-0.403,-0.138,-0.715,-0.95,0.984,0.769,0.471,-0.934,0.936,0.066,-0.995,0.969,0.998,0.821,-0.666,-0.954,-0.995,0.697,-0.395,0.994,0.971,0.981,-0.907,-0.996,-0.983,0.993,0.523,0.91,-0.996,0.923,-0.977,0.529,-0.93,-0.098,-0.924,-0.677,-0.89,0.662,-0.998,0.954,0.757,0.986,0.981,-0.852,0.848,0.891,-0.818,-0.853,-0.854,-0.896,-0.98,-0.987,-0.633,-0.908,0.953,-0.943,-0.683,-0.998,-0.884,0.985,0.751,-0.915,0.996,-0.976,-0.961,-0.854,0.944,0.868,-0.978,0.977,-0.99,0.964,0.904,0.944,-0.984,5.893,4.505,10.377,10.311,10.228,10.253,10.287,10.317,5.463,4.654,10.336,10.235,5.807,5.322,10.305,10.293,EssenceCatalog/problems/csplib-prob010-SocialGolfers/params/1f2d6c330d665189bde478c2258b54e7.param
-0.977,-0.98,0.966,-0.97,-0.964,0.989,-0.278,0.987,0.962,-0.985,-0.964,0.942,-0.804,0.993,-0.949,-0.492,-0.065,0.781,0.892,-0.112,0.943,-0.973,-0.993,-0.688,0.994,0.854,-0.877,-0.655,-0.978,0.993,0.851,0.925,-0.928,0.939,0.646,-0.994,0.93,0.997,0.842,-0.95,-0.986,-0.995,0.76,-0.952,0.989,0.953,0.994,-0.97,-0.995,-0.933,0.99,0.922,0.962,-0.998,0.637,-0.957,-0.965,-0.77,-0.885,-0.854,-0.921,-0.982,0.925,-0.998,0.979,0.958,0.98,0.983,-0.861,0.871,0.918,-0.96,-0.957,-0.823,-0.922,-0.981,-0.987,-0.588,-0.719,0.969,-0.577,0.92,-0.998,-0.979,0.976,-0.155,-0.886,0.998,-0.954,-0.975,-0.904,0.89,0.925,-0.966,0.982,-0.99,0.912,0.92,0.871,-0.993,7.302,5.344,10.359,10.353,10.338,10.345,10.344,10.398,6.446,5.543,10.402,10.316,6.758,6.818,10.353,10.284,EssenceCatalog/problems/csplib-prob010-SocialGolfers/params/4a700e35d542900dc461a1342aaa2fd6.param
-0.967,-0.978,0.955,-0.954,-0.951,0.987,-0.873,0.981,0.958,-0.973,-0.926,0.959,-0.731,0.992,-0.964,-0.569,-0.419,0.882,0.963,0.775,0.945,-0.967,-0.987,-0.776,0.993,0.158,-0.556,-0.622,-0.959,0.983,0.967,0.784,-0.923,0.93,-0.076,-0.992,0.959,0.997,0.72,-0.907,-0.971,-0.994,0.554,-0.805,0.987,0.963,0.987,-0.955,-0.994,-0.942,0.986,0.779,0.958,-0.997,0.762,-0.947,-0.706,-0.833,-0.669,-0.88,-0.975,-0.958,0.859,-0.997,0.969,0.868,0.979,0.98,-0.788,0.825,0.859,-0.94,-0.898,-0.757,-0.841,-0.976,-0.982,-0.409,-0.709,0.963,-0.739,0.37,-0.998,-0.95,0.969,-0.565,-0.86,0.997,-0.961,-0.96,-0.794,0.878,0.884,-0.957,0.976,-0.988,0.902,0.894,0.879,-0.988,6.047,4.897,10.335,10.318,10.312,10.283,10.292,10.347,5.739,5.038,10.363,10.308,6.016,5.895,10.321,10.279,EssenceCatalog/problems/csplib-prob010-SocialGolfers/params/abd42985b79f2fd946943ee67f661b0e.param
-0.965,-0.984,0.97,-0.959,-0.985,0.992,-0.99,0.98,0.966,-0.972,-0.938,0.992,-0.856,0.995,-0.989,-0.916,-0.939,0.966,0.99,0.985,0.966,-0.977,-0.988,-0.925,0.996,-0.906,0.632,-0.829,-0.939,0.945,0.989,0.426,-0.968,0.967,-0.885,-0.994,0.976,0.998,0.713,-0.92,-0.96,-0.996,0.464,-0.163,0.993,0.982,0.98,-0.96,-0.996,-0.979,0.994,0.166,0.957,-0.997,0.941,-0.966,0.814,-0.957,-0.413,-0.961,-0.987,-0.938,0.776,-0.998,0.965,0.633,0.991,0.985,-0.864,0.831,0.899,-0.931,-0.855,-0.853,-0.829,-0.977,-0.99,-0.644,-0.864,0.979,-0.953,-0.898,-0.998,-0.912,0.984,-0.807,-0.936,0.998,-0.982,-0.962,-0.658,0.949,0.886,-0.969,0.976,-0.991,0.95,0.945,0.967,-0.988,4.743,4.219,10.33,10.321,10.316,10.341,10.283,10.257,4.897,4.354,10.352,10.269,5.186,4.735,10.322,10.356,EssenceCatalog/problems/csplib-prob010-SocialGolfers/params/89e38311d4936fddf46e0386eb47ed7c.param
-0.966,-0.986,0.977,-0.954,-0.937,0.989,-0.802,0.981,0.964,-0.957,-0.823,0.967,-0.882,0.988,-0.951,-0.785,-0.65,0.823,0.884,0.654,0.944,-0.968,-0.987,-0.889,0.991,0.225,-0.566,-0.597,-0.971,0.991,0.836,0.694,-0.92,0.907,0.478,-0.993,0.96,0.997,0.8,-0.789,-0.962,-0.993,0.623,-0.713,0.988,0.973,0.985,-0.917,-0.993,-0.957,0.985,0.828,0.939,-0.997,0.797,-0.966,-0.624,-0.845,-0.371,-0.873,-0.837,-0.918,0.762,-0.998,0.975,0.9,0.979,0.985,-0.788,0.839,0.896,-0.884,-0.867,-0.786,-0.841,-0.984,-0.981,-0.494,-0.796,0.961,-0.834,0.21,-0.998,-0.929,0.98,0.356,-0.863,0.996,-0.97,-0.948,-0.882,0.869,0.877,-0.975,0.977,-0.987,0.928,0.863,0.891,-0.983,6.59,4.953,10.402,10.321,10.238,10.262,10.286,10.347,5.96,5.11,10.399,10.264,6.302,6.062,10.34,10.273,EssenceCatalog/problems/csplib-prob010-SocialGolfers/params/29a62a750aeb89cf827793f174032cc5.param
-0.988,0.984,-0.965,-0.98,-0.989,0.773,0.396,0.953,0.866,-0.989,-0.968,0.943,0.988,0.988,-0.446,-0.929,0.307,0.968,0.941,0.787,0.978,-0.966,-0.848,-0.218,0.929,0.918,-0.95,-0.596,0.993,0.378,0.912,0.781,0.616,0.987,-0.968,-0.996,0.761,0.995,-0.634,-0.898,-0.973,-0.993,0.879,-0.937,0.981,-0.992,0.994,-0.986,-0.994,-0.97,0.99,-0.952,0.923,-0.992,0.967,-0.963,0.903,-0.982,-0.843,-0.941,-0.972,-0.963,0.963,-0.996,-0.882,-0.898,0.879,-0.996,-0.882,0.177,-0.904,-0.951,-0.982,-0.76,-0.981,0.904,-0.975,-0.912,-0.965,-0.811,0.385,0.755,-0.996,-0.838,-0.548,0.903,-0.924,0.992,0.35,-0.975,0.952,0.968,0.945,0.742,0.923,-0.986,0.974,0.93,0.739,-0.983,3.734,2.809,3.689,8.069,8.785,8.627,8.842,9.169,3.53,3.126,3.6,8.117,4.111,3.895,4.699,8.137,EssenceCatalog/problems/csplib-prob010-SocialGolfers/params/ord20-6-9-4.param
-0.964,-0.982,0.964,-0.953,-0.971,0.989,-0.976,0.981,0.963,-0.97,-0.919,0.984,-0.79,0.994,-0.982,-0.812,-0.831,0.946,0.982,0.963,0.96,-0.973,-0.987,-0.891,0.995,-0.697,0.102,-0.721,-0.947,0.967,0.984,0.608,-0.95,0.946,-0.659,-0.994,0.973,0.998,0.683,-0.888,-0.961,-0.995,0.464,-0.493,0.991,0.976,0.983,-0.954,-0.995,-0.968,0.991,0.493,0.957,-0.997,0.892,-0.959,0.272,-0.919,-0.462,-0.93,-0.983,-0.943,0.806,-0.998,0.964,0.728,0.987,0.984,-0.818,0.829,0.869,-0.925,-0.862,-0.807,-0.817,-0.976,-0.986,-0.487,-0.82,0.971,-0.901,-0.616,-0.998,-0.923,0.978,-0.7,-0.893,0.997,-0.976,-0.959,-0.696,0.923,0.872,-0.963,0.976,-0.989,0.93,0.919,0.938,-0.987,5.106,4.418,10.351,10.315,10.31,10.297,10.29,10.303,5.125,4.557,10.379,10.282,5.423,5.05,10.34,10.322,EssenceCatalog/problems/csplib-prob010-SocialGolfers/params/644352cad8969e3f33aad5251fe2b798.param
-0.967,-0.983,0.973,-0.958,-0.947,0.987,-0.718,0.981,0.961,-0.968,-0.866,0.959,-0.859,0.989,-0.953,-0.734,-0.55,0.805,0.891,0.546,0.943,-0.966,-0.989,-0.861,0.991,0.432,-0.631,-0.58,-0.97,0.99,0.831,0.759,-0.917,0.907,0.472,-0.993,0.953,0.997,0.802,-0.823,-0.969,-0.992,0.648,-0.766,0.989,0.968,0.986,-0.926,-0.993,-0.953,0.987,0.827,0.937,-0.997,0.758,-0.962,-0.704,-0.825,-0.483,-0.86,-0.849,-0.942,0.793,-0.998,0.973,0.903,0.978,0.982,-0.792,0.835,0.892,-0.893,-0.89,-0.765,-0.861,-0.981,-0.983,-0.496,-0.773,0.962,-0.785,0.417,-0.998,-0.944,0.978,0.288,-0.864,0.995,-0.965,-0.956,-0.873,0.885,0.873,-0.968,0.976,-0.986,0.924,0.88,0.886,-0.987,6.742,5.034,10.376,10.322,10.263,10.282,10.298,10.353,6.063,5.199,10.377,10.271,6.4,6.225,10.326,10.268,EssenceCatalog/problems/csplib-prob010-SocialGolfers/params/ca0e2f05d97fe34868da62ca4789fbe5.param
-0.988,0.974,-0.881,-0.99,-0.99,0.981,-0.917,0.981,0.992,-0.989,-0.984,0.98,0.952,0.996,-0.954,-0.974,-0.834,0.983,0.979,0.923,0.961,-0.987,-0.994,-0.2,0.996,0.879,-0.358,-0.838,0.944,-0.631,0.659,0.748,-0.931,0.973,-0.932,-0.998,0.763,0.999,0.482,-0.886,-0.99,-0.995,0.939,-0.924,0.997,-0.954,0.989,-0.96,-0.998,-0.986,0.998,-0.836,0.953,-0.998,0.968,-0.97,0.781,-0.952,-0.804,-0.968,-0.955,-0.981,0.907,-0.998,-0.81,-0.768,0.979,-0.949,-0.958,0.955,0.931,-0.937,-0.978,-0.921,-0.977,0.907,-0.995,-0.778,-0.969,0.915,-0.872,0.901,-0.999,-0.99,0.985,0.849,-0.908,0.997,-0.903,-0.987,0.691,0.984,0.896,-0.943,0.986,-0.994,0.982,0.975,0.953,-0.997,4.634,3.655,5.583,10.24,10.601,10.465,10.579,10.737,4.488,3.901,5.583,10.22,5.005,4.611,6.605,10.228,EssenceCatalog/problems/csplib-prob010-SocialGolfers/params/ce3e1a4bab2eaec09654c1f02c9dc09b.param
-0.967,-0.984,0.968,-0.958,-0.949,0.988,-0.772,0.982,0.96,-0.978,-0.948,0.949,-0.804,0.992,-0.962,-0.399,-0.363,0.84,0.933,0.529,0.944,-0.969,-0.992,-0.739,0.993,0.567,-0.779,-0.563,-0.977,0.988,0.936,0.879,-0.932,0.918,0.476,-0.993,0.951,0.997,0.781,-0.918,-0.98,-0.993,0.617,-0.896,0.99,0.967,0.99,-0.956,-0.993,-0.928,0.988,0.871,0.962,-0.997,0.684,-0.95,-0.911,-0.764,-0.768,-0.843,-0.956,-0.97,0.898,-0.997,0.975,0.93,0.978,0.986,-0.822,0.846,0.906,-0.944,-0.926,-0.771,-0.873,-0.98,-0.986,-0.488,-0.714,0.97,-0.681,0.772,-0.997,-0.97,0.978,-0.466,-0.838,0.997,-0.96,-0.969,-0.857,0.874,0.898,-0.965,0.976,-0.986,0.891,0.904,0.88,-0.989,6.673,5.171,10.396,10.376,10.362,10.354,10.349,10.396,6.125,5.323,10.427,10.357,6.414,6.377,10.381,10.321,EssenceCatalog/problems/csplib-prob010-SocialGolfers/params/036033f6b8491cb6e8e893b57bb56ffd.param
-0.973,-0.98,0.963,-0.966,-0.959,0.988,-0.544,0.985,0.96,-0.983,-0.961,0.943,-0.777,0.993,-0.955,-0.421,-0.138,0.817,0.923,0.206,0.943,-0.971,-0.992,-0.681,0.993,0.764,-0.845,-0.625,-0.975,0.991,0.915,0.91,-0.927,0.935,0.526,-0.993,0.939,0.997,0.808,-0.945,-0.983,-0.994,0.703,-0.938,0.989,0.956,0.993,-0.968,-0.994,-0.928,0.989,0.903,0.963,-0.998,0.654,-0.952,-0.951,-0.769,-0.859,-0.851,-0.951,-0.979,0.92,-0.998,0.977,0.946,0.979,0.983,-0.844,0.859,0.906,-0.958,-0.948,-0.801,-0.903,-0.979,-0.986,-0.539,-0.702,0.968,-0.592,0.878,-0.998,-0.976,0.974,-0.39,-0.87,0.997,-0.954,-0.973,-0.879,0.882,0.916,-0.963,0.98,-0.988,0.9,0.913,0.869,-0.992,6.968,5.268,10.365,10.362,10.356,10.349,10.346,10.4,6.288,5.44,10.404,10.338,6.576,6.614,10.358,10.299,EssenceCatalog/problems/csplib-prob010-SocialGolfers/params/421a283d9ad4fcf5320462014a57593e.param
-0.969,-0.981,0.969,-0.957,-0.968,0.989,-0.946,0.981,0.964,-0.965,-0.86,0.982,-0.836,0.991,-0.971,-0.886,-0.828,0.922,0.959,0.929,0.958,-0.971,-0.985,-0.921,0.992,-0.507,-0.04,-0.698,-0.948,0.979,0.946,0.551,-0.936,0.937,-0.362,-0.994,0.97,0.998,0.753,-0.807,-0.956,-0.994,0.574,-0.456,0.992,0.971,0.982,-0.934,-0.995,-0.973,0.99,0.533,0.937,-0.997,0.896,-0.965,0.32,-0.916,-0.3,-0.919,-0.937,-0.921,0.73,-0.998,0.961,0.747,0.984,0.981,-0.812,0.828,0.858,-0.882,-0.848,-0.811,-0.842,-0.978,-0.984,-0.505,-0.843,0.959,-0.903,-0.598,-0.998,-0.902,0.979,0.026,-0.897,0.996,-0.973,-0.957,-0.784,0.927,0.862,-0.966,0.977,-0.989,0.944,0.898,0.928,-0.986,5.444,4.457,10.347,10.301,10.256,10.254,10.277,10.303,5.27,4.6,10.344,10.247,5.579,5.177,10.307,10.284,EssenceCatalog/problems/csplib-prob010-SocialGolfers/params/6d619e3f67c8291a5935a734fb06d5fb.param
-0.975,-0.986,0.985,-0.967,-0.974,0.993,-0.906,0.983,0.975,-0.962,-0.777,0.99,-0.94,0.988,-0.96,-0.979,-0.953,0.912,0.817,0.893,0.967,-0.979,-0.988,-0.97,0.99,-0.412,-0.183,-0.746,-0.952,0.987,0.571,0.439,-0.938,0.948,0.224,-0.996,0.971,0.998,0.868,-0.604,-0.955,-0.995,0.733,-0.35,0.995,0.973,0.981,-0.906,-0.997,-0.987,0.994,0.493,0.9,-0.996,0.944,-0.982,0.638,-0.946,0.016,-0.933,-0.415,-0.861,0.646,-0.998,0.954,0.768,0.988,0.982,-0.876,0.853,0.904,-0.807,-0.856,-0.885,-0.922,-0.982,-0.987,-0.724,-0.931,0.949,-0.963,-0.775,-0.998,-0.869,0.986,0.874,-0.93,0.997,-0.977,-0.965,-0.892,0.955,0.886,-0.983,0.979,-0.991,0.975,0.913,0.956,-0.984,6.064,4.513,10.38,10.296,10.204,10.235,10.274,10.297,5.527,4.661,10.325,10.217,5.879,5.349,10.298,10.286,EssenceCatalog/problems/csplib-prob010-SocialGolfers/params/5a8e2cedbfdee71b649206f60aa4e2eb.param
-0.983,-0.939,0.926,-0.976,-0.965,0.989,0.322,0.988,0.964,-0.984,-0.953,0.94,-0.653,0.992,-0.914,-0.755,0.293,0.707,0.891,-0.49,0.933,-0.973,-0.988,-0.637,0.992,0.911,-0.843,-0.752,-0.937,0.992,0.728,0.9,-0.906,0.957,0.426,-0.995,0.899,0.997,0.846,-0.954,-0.983,-0.995,0.846,-0.952,0.982,0.877,0.995,-0.976,-0.996,-0.949,0.988,0.915,0.951,-0.998,0.667,-0.962,-0.941,-0.834,-0.892,-0.89,-0.891,-0.981,0.905,-0.999,0.969,0.944,0.977,0.942,-0.864,0.869,0.871,-0.961,-0.965,-0.842,-0.942,-0.967,-0.981,-0.618,-0.713,0.95,-0.478,0.908,-0.999,-0.972,0.961,0.355,-0.93,0.997,-0.946,-0.967,-0.899,0.888,0.934,-0.959,0.987,-0.993,0.94,0.905,0.842,-0.993,7.572,5.304,10.133,10.172,10.178,10.181,10.202,10.276,6.502,5.551,10.188,10.12,6.841,6.954,10.139,10.103,EssenceCatalog/problems/csplib-prob010-SocialGolfers/params/c3d7f025cfcb1cc9c2991b0f5b24058e.param
-0.995,-0.983,0.988,-0.996,-0.997,0.996,0.987,0.998,0.995,-0.991,-0.989,0.995,-0.977,0.993,-0.835,-0.991,-0.902,0.865,-0.936,-0.984,0.977,-0.996,-0.997,-0.976,0.997,0.993,-0.988,-0.964,-0.987,0.997,-0.992,0.98,-0.974,0.992,0.992,-0.999,0.901,0.999,0.988,-0.972,-0.996,-0.999,0.991,-0.989,0.998,0.923,0.998,-0.987,-0.999,-0.993,0.999,0.968,0.965,-0.999,0.973,-0.996,-0.984,-0.976,-0.961,-0.965,0.981,-0.995,0.982,-0.999,0.985,0.986,0.994,0.982,-0.99,0.98,0.986,-0.959,-0.996,-0.988,-0.994,-0.98,-0.996,-0.984,-0.981,0.977,-0.975,0.99,-1.0,-0.992,0.995,0.994,-0.979,1.0,-0.981,-0.993,-0.988,0.983,0.98,-0.993,0.996,-0.998,0.994,0.987,0.987,-0.998,9.633,5.788,10.487,10.41,10.464,10.499,10.477,10.427,7.511,6.095,10.441,10.425,7.998,7.797,10.467,10.467,EssenceCatalog/problems/csplib-prob010-SocialGolfers/params/e381b1b3aa90aa19a2a946b627657836.param
-0.976,-0.987,0.987,-0.967,-0.979,0.993,-0.912,0.983,0.973,-0.965,-0.789,0.991,-0.948,0.989,-0.962,-0.983,-0.96,0.918,0.829,0.903,0.969,-0.977,-0.989,-0.976,0.989,-0.474,-0.105,-0.742,-0.952,0.987,0.567,0.424,-0.941,0.954,0.191,-0.996,0.971,0.998,0.887,-0.602,-0.958,-0.995,0.708,-0.26,0.995,0.974,0.98,-0.909,-0.997,-0.988,0.994,0.402,0.896,-0.996,0.952,-0.982,0.718,-0.954,0.085,-0.936,-0.422,-0.853,0.636,-0.997,0.957,0.771,0.988,0.983,-0.878,0.84,0.905,-0.807,-0.851,-0.888,-0.925,-0.983,-0.988,-0.764,-0.933,0.95,-0.968,-0.835,-0.998,-0.857,0.986,0.875,-0.934,0.997,-0.975,-0.968,-0.904,0.961,0.889,-0.983,0.978,-0.991,0.977,0.92,0.963,-0.984,5.977,4.462,10.361,10.272,10.182,10.215,10.254,10.264,5.464,4.609,10.312,10.188,5.815,5.268,10.283,10.265,EssenceCatalog/problems/csplib-prob010-SocialGolfers/params/7a413e97287a03f789473cfd05a36b68.param
-0.97,-0.98,0.959,-0.96,-0.952,0.988,-0.742,0.983,0.959,-0.979,-0.95,0.948,-0.749,0.992,-0.958,-0.424,-0.243,0.847,0.944,0.514,0.944,-0.969,-0.99,-0.706,0.993,0.589,-0.775,-0.599,-0.97,0.988,0.948,0.876,-0.925,0.929,0.339,-0.993,0.949,0.997,0.767,-0.931,-0.979,-0.994,0.633,-0.904,0.988,0.959,0.991,-0.963,-0.994,-0.929,0.988,0.865,0.962,-0.998,0.686,-0.948,-0.907,-0.782,-0.799,-0.856,-0.967,-0.972,0.904,-0.998,0.974,0.924,0.978,0.982,-0.818,0.844,0.888,-0.952,-0.931,-0.775,-0.879,-0.978,-0.985,-0.477,-0.694,0.967,-0.638,0.771,-0.998,-0.969,0.972,-0.515,-0.855,0.997,-0.956,-0.969,-0.844,0.874,0.903,-0.96,0.977,-0.987,0.894,0.904,0.87,-0.99,6.612,5.15,10.354,10.354,10.354,10.336,10.333,10.387,6.092,5.304,10.389,10.34,6.369,6.359,10.346,10.3,EssenceCatalog/problems/csplib-prob010-SocialGolfers/params/4bd4627d6fa0ca9a9ce2f6673c614f96.param
-0.967,-0.98,0.958,-0.955,-0.947,0.987,-0.859,0.982,0.959,-0.974,-0.936,0.956,-0.746,0.992,-0.963,-0.479,-0.411,0.873,0.956,0.729,0.945,-0.968,-0.989,-0.75,0.993,0.307,-0.669,-0.591,-0.965,0.984,0.962,0.825,-0.926,0.925,0.137,-0.993,0.957,0.997,0.726,-0.911,-0.974,-0.994,0.565,-0.849,0.988,0.963,0.988,-0.955,-0.993,-0.934,0.986,0.819,0.961,-0.997,0.735,-0.948,-0.817,-0.806,-0.709,-0.867,-0.972,-0.962,0.88,-0.997,0.97,0.891,0.979,0.982,-0.801,0.834,0.877,-0.943,-0.909,-0.758,-0.853,-0.977,-0.984,-0.431,-0.71,0.966,-0.712,0.568,-0.997,-0.959,0.972,-0.57,-0.845,0.997,-0.961,-0.963,-0.81,0.871,0.889,-0.96,0.976,-0.987,0.895,0.896,0.877,-0.988,6.266,5.008,10.356,10.343,10.338,10.314,10.318,10.371,5.884,5.149,10.387,10.333,6.162,6.078,10.343,10.3,EssenceCatalog/problems/csplib-prob010-SocialGolfers/params/5ba0e6507e85f40b60a32e1a882cb664.param
-0.967,-0.979,0.962,-0.96,-0.985,0.991,-0.988,0.981,0.966,-0.974,-0.943,0.991,-0.813,0.996,-0.989,-0.904,-0.919,0.968,0.991,0.984,0.965,-0.977,-0.988,-0.912,0.996,-0.89,0.6,-0.832,-0.926,0.942,0.991,0.46,-0.964,0.969,-0.902,-0.994,0.975,0.998,0.7,-0.929,-0.961,-0.996,0.481,-0.246,0.992,0.978,0.982,-0.963,-0.996,-0.978,0.994,0.167,0.959,-0.998,0.938,-0.964,0.786,-0.957,-0.464,-0.962,-0.99,-0.944,0.791,-0.998,0.962,0.621,0.991,0.981,-0.863,0.831,0.889,-0.94,-0.866,-0.851,-0.835,-0.973,-0.99,-0.623,-0.855,0.977,-0.943,-0.877,-0.998,-0.915,0.983,-0.836,-0.935,0.998,-0.98,-0.962,-0.623,0.949,0.888,-0.965,0.976,-0.992,0.948,0.944,0.965,-0.989,4.747,4.234,10.32,10.329,10.333,10.353,10.298,10.273,4.906,4.369,10.344,10.281,5.195,4.758,10.318,10.365,EssenceCatalog/problems/csplib-prob010-SocialGolfers/params/19bf5e6b852147bcdfa8aa5ada6308e9.param
-0.969,-0.981,0.97,-0.958,-0.966,0.99,-0.943,0.98,0.966,-0.962,-0.842,0.983,-0.85,0.991,-0.969,-0.903,-0.843,0.918,0.952,0.925,0.957,-0.972,-0.985,-0.927,0.992,-0.502,-0.039,-0.704,-0.948,0.98,0.93,0.518,-0.936,0.935,-0.294,-0.994,0.97,0.998,0.764,-0.787,-0.954,-0.994,0.596,-0.432,0.992,0.972,0.982,-0.93,-0.996,-0.975,0.99,0.548,0.934,-0.997,0.9,-0.967,0.354,-0.917,-0.263,-0.92,-0.917,-0.91,0.713,-0.998,0.96,0.746,0.985,0.981,-0.815,0.835,0.867,-0.871,-0.844,-0.817,-0.847,-0.979,-0.984,-0.509,-0.853,0.958,-0.912,-0.614,-0.998,-0.898,0.981,0.197,-0.9,0.996,-0.975,-0.955,-0.801,0.925,0.863,-0.97,0.978,-0.989,0.948,0.894,0.928,-0.985,5.508,4.458,10.35,10.3,10.242,10.244,10.271,10.302,5.295,4.601,10.341,10.24,5.607,5.19,10.302,10.28,EssenceCatalog/problems/csplib-prob010-SocialGolfers/params/9bb3e2387a81e594cc1947d250a5dc8b.param
-0.985,-0.908,0.9,-0.978,-0.967,0.988,0.513,0.989,0.967,-0.984,-0.952,0.941,-0.605,0.991,-0.896,-0.822,0.353,0.684,0.872,-0.615,0.93,-0.974,-0.986,-0.617,0.992,0.926,-0.84,-0.787,-0.915,0.991,0.596,0.897,-0.904,0.962,0.374,-0.995,0.873,0.997,0.859,-0.955,-0.982,-0.995,0.878,-0.955,0.98,0.826,0.995,-0.977,-0.996,-0.954,0.988,0.913,0.945,-0.999,0.693,-0.964,-0.931,-0.851,-0.901,-0.902,-0.844,-0.982,0.901,-0.999,0.964,0.938,0.978,0.913,-0.876,0.878,0.87,-0.961,-0.968,-0.858,-0.95,-0.958,-0.98,-0.634,-0.726,0.943,-0.48,0.912,-0.999,-0.972,0.959,0.507,-0.941,0.997,-0.946,-0.967,-0.9,0.895,0.935,-0.957,0.989,-0.994,0.95,0.909,0.844,-0.993,7.704,5.3,10.058,10.119,10.133,10.136,10.162,10.239,6.541,5.563,10.114,10.064,6.895,7.013,10.071,10.057,EssenceCatalog/problems/csplib-prob010-SocialGolfers/params/e0b8b92b193a8f395b981aee2383feb7.param
-0.977,-0.982,0.984,-0.973,-0.984,0.993,-0.872,0.984,0.977,-0.971,-0.828,0.991,-0.939,0.991,-0.963,-0.987,-0.962,0.915,0.818,0.867,0.968,-0.979,-0.991,-0.976,0.991,-0.291,-0.075,-0.765,-0.936,0.983,0.386,0.435,-0.944,0.956,0.203,-0.996,0.963,0.998,0.904,-0.61,-0.966,-0.995,0.775,-0.292,0.996,0.965,0.98,-0.91,-0.997,-0.989,0.996,0.321,0.89,-0.996,0.956,-0.984,0.754,-0.957,0.071,-0.942,-0.294,-0.88,0.64,-0.998,0.947,0.763,0.989,0.976,-0.9,0.872,0.927,-0.805,-0.883,-0.897,-0.941,-0.977,-0.99,-0.801,-0.943,0.958,-0.971,-0.8,-0.998,-0.884,0.988,0.914,-0.944,0.997,-0.974,-0.972,-0.905,0.97,0.888,-0.984,0.98,-0.992,0.98,0.933,0.97,-0.988,6.135,4.494,10.355,10.291,10.215,10.246,10.281,10.282,5.542,4.653,10.295,10.214,5.899,5.359,10.282,10.29,EssenceCatalog/problems/csplib-prob010-SocialGolfers/params/7df4156d92dd253e99939cd2b18a5683.param
-0.967,-0.979,0.957,-0.955,-0.951,0.987,-0.85,0.982,0.958,-0.975,-0.931,0.956,-0.738,0.992,-0.963,-0.526,-0.39,0.875,0.958,0.732,0.946,-0.967,-0.988,-0.767,0.993,0.281,-0.625,-0.601,-0.962,0.984,0.962,0.811,-0.923,0.927,0.054,-0.992,0.957,0.997,0.73,-0.91,-0.973,-0.994,0.568,-0.831,0.988,0.962,0.988,-0.955,-0.994,-0.939,0.987,0.797,0.958,-0.997,0.744,-0.948,-0.77,-0.819,-0.694,-0.872,-0.972,-0.962,0.87,-0.997,0.97,0.884,0.978,0.981,-0.791,0.826,0.866,-0.94,-0.906,-0.754,-0.85,-0.976,-0.983,-0.426,-0.709,0.964,-0.715,0.489,-0.997,-0.955,0.97,-0.54,-0.853,0.997,-0.959,-0.963,-0.804,0.879,0.886,-0.957,0.976,-0.987,0.899,0.898,0.878,-0.988,6.201,4.967,10.341,10.328,10.324,10.299,10.304,10.358,5.836,5.11,10.37,10.317,6.114,6.019,10.327,10.285,EssenceCatalog/problems/csplib-prob010-SocialGolfers/params/058c50897554d0a06256e0edb697fc87.param
-0.971,-0.983,0.971,-0.965,-0.988,0.993,-0.988,0.981,0.967,-0.973,-0.924,0.993,-0.876,0.996,-0.988,-0.956,-0.955,0.969,0.988,0.984,0.967,-0.978,-0.988,-0.95,0.996,-0.9,0.67,-0.846,-0.931,0.95,0.981,0.339,-0.967,0.969,-0.877,-0.995,0.977,0.998,0.78,-0.901,-0.96,-0.996,0.554,-0.049,0.994,0.978,0.981,-0.956,-0.997,-0.985,0.995,0.018,0.948,-0.997,0.955,-0.971,0.896,-0.966,-0.298,-0.965,-0.977,-0.92,0.737,-0.998,0.959,0.594,0.992,0.982,-0.877,0.835,0.9,-0.914,-0.851,-0.875,-0.863,-0.977,-0.99,-0.691,-0.885,0.977,-0.963,-0.93,-0.998,-0.901,0.986,-0.552,-0.947,0.998,-0.981,-0.965,-0.709,0.961,0.889,-0.973,0.979,-0.992,0.965,0.945,0.97,-0.988,4.784,4.192,10.323,10.325,10.312,10.347,10.291,10.257,4.903,4.325,10.334,10.263,5.19,4.713,10.311,10.361,EssenceCatalog/problems/csplib-prob010-SocialGolfers/params/474ae5f9832b42002137aaa107b3316d.param
-0.991,0.985,-0.963,-0.979,-0.739,0.951,0.478,0.98,0.945,-0.844,-0.619,0.955,0.993,0.867,0.494,-0.936,0.846,0.911,0.778,0.225,0.915,-0.979,-0.214,0.134,0.975,0.92,-0.977,-0.774,0.989,0.902,0.777,0.652,0.426,0.98,-0.809,-0.996,0.813,0.997,-0.278,-0.929,-0.758,-0.996,0.916,-0.981,0.636,-0.991,0.995,-0.987,-0.994,-0.969,0.814,0.39,0.96,-0.999,0.901,-0.955,-0.508,-0.964,-0.899,-0.953,-0.975,-0.721,0.96,-0.998,-0.493,-0.608,0.94,-0.995,-0.779,0.773,-0.766,-0.975,-0.976,-0.873,-0.986,0.829,-0.826,-0.387,-0.851,-0.676,0.571,0.883,-0.998,-0.744,-0.314,0.944,-0.909,0.996,-0.571,-0.8,0.682,0.58,0.956,-0.497,0.978,-0.987,0.967,0.572,-0.222,-0.894,4.35,3.104,3.998,7.7,8.114,7.862,8.183,8.964,3.939,3.375,4.024,7.749,4.45,4.415,4.912,7.775,EssenceCatalog/problems/csplib-prob010-SocialGolfers/params/ord17-7-6-4.param
-0.974,-0.982,0.981,-0.968,-0.965,0.99,-0.671,0.984,0.969,-0.965,-0.785,0.98,-0.92,0.987,-0.953,-0.94,-0.822,0.829,0.798,0.623,0.954,-0.973,-0.988,-0.943,0.99,0.25,-0.49,-0.7,-0.961,0.992,0.489,0.622,-0.92,0.93,0.486,-0.995,0.953,0.997,0.861,-0.685,-0.963,-0.993,0.752,-0.595,0.992,0.969,0.984,-0.909,-0.996,-0.978,0.992,0.735,0.898,-0.996,0.87,-0.978,-0.089,-0.91,-0.173,-0.903,-0.417,-0.91,0.696,-0.998,0.969,0.875,0.983,0.979,-0.841,0.856,0.905,-0.836,-0.885,-0.836,-0.911,-0.981,-0.986,-0.657,-0.882,0.952,-0.899,-0.208,-0.998,-0.91,0.983,0.832,-0.914,0.996,-0.97,-0.958,-0.904,0.933,0.873,-0.976,0.978,-0.99,0.962,0.896,0.93,-0.987,6.802,4.867,10.4,10.32,10.242,10.276,10.311,10.347,5.987,5.039,10.361,10.255,6.357,5.993,10.318,10.288,EssenceCatalog/problems/csplib-prob010-SocialGolfers/params/30ed89ef8413cfab09a7650aff5ee0d1.param
-0.974,-0.946,0.921,-0.966,-0.955,0.986,-0.625,0.984,0.957,-0.974,-0.884,0.959,-0.639,0.99,-0.937,-0.776,-0.149,0.846,0.956,0.539,0.937,-0.966,-0.983,-0.788,0.991,0.443,-0.501,-0.704,-0.914,0.985,0.923,0.711,-0.888,0.943,-0.232,-0.993,0.944,0.997,0.76,-0.895,-0.965,-0.994,0.695,-0.795,0.982,0.919,0.989,-0.953,-0.995,-0.955,0.985,0.755,0.94,-0.998,0.778,-0.953,-0.53,-0.874,-0.624,-0.903,-0.952,-0.952,0.81,-0.998,0.96,0.841,0.976,0.945,-0.78,0.82,0.8,-0.931,-0.909,-0.758,-0.879,-0.964,-0.976,-0.424,-0.718,0.94,-0.671,0.304,-0.998,-0.93,0.955,0.066,-0.909,0.996,-0.953,-0.949,-0.8,0.889,0.89,-0.949,0.982,-0.991,0.931,0.876,0.852,-0.988,6.274,4.849,10.181,10.212,10.219,10.195,10.217,10.294,5.797,5.028,10.188,10.187,6.089,5.987,10.158,10.169,EssenceCatalog/problems/csplib-prob010-SocialGolfers/params/a10e3f46f4564ed9fb7a1cb74f146ec6.param
-0.965,-0.982,0.964,-0.954,-0.975,0.99,-0.976,0.981,0.962,-0.972,-0.926,0.984,-0.79,0.994,-0.983,-0.826,-0.825,0.949,0.985,0.964,0.96,-0.973,-0.987,-0.893,0.995,-0.735,0.212,-0.749,-0.944,0.966,0.987,0.6,-0.951,0.953,-0.741,-0.994,0.973,0.998,0.704,-0.905,-0.962,-0.995,0.467,-0.463,0.991,0.977,0.983,-0.958,-0.995,-0.969,0.991,0.459,0.956,-0.997,0.898,-0.958,0.364,-0.927,-0.485,-0.937,-0.986,-0.945,0.804,-0.998,0.967,0.726,0.987,0.984,-0.822,0.821,0.866,-0.932,-0.861,-0.811,-0.816,-0.977,-0.986,-0.505,-0.81,0.971,-0.902,-0.683,-0.998,-0.92,0.977,-0.756,-0.905,0.997,-0.975,-0.96,-0.697,0.929,0.873,-0.961,0.976,-0.99,0.932,0.923,0.942,-0.987,5.029,4.384,10.352,10.318,10.318,10.307,10.29,10.299,5.079,4.524,10.381,10.284,5.375,4.997,10.343,10.331,EssenceCatalog/problems/csplib-prob010-SocialGolfers/params/b081537c818f91947110e2c04ef59fc5.param
-0.965,-0.981,0.962,-0.951,-0.961,0.988,-0.961,0.98,0.961,-0.969,-0.905,0.978,-0.777,0.992,-0.975,-0.751,-0.754,0.929,0.973,0.936,0.957,-0.971,-0.987,-0.873,0.994,-0.477,-0.208,-0.655,-0.951,0.975,0.977,0.666,-0.938,0.934,-0.415,-0.994,0.971,0.998,0.681,-0.868,-0.962,-0.994,0.48,-0.605,0.991,0.972,0.984,-0.948,-0.995,-0.961,0.989,0.604,0.955,-0.997,0.861,-0.957,-0.093,-0.893,-0.473,-0.91,-0.976,-0.941,0.813,-0.997,0.964,0.775,0.984,0.983,-0.795,0.822,0.857,-0.918,-0.865,-0.781,-0.822,-0.976,-0.984,-0.439,-0.8,0.965,-0.865,-0.344,-0.998,-0.929,0.975,-0.561,-0.869,0.997,-0.971,-0.958,-0.73,0.908,0.87,-0.961,0.975,-0.988,0.923,0.903,0.918,-0.986,5.409,4.562,10.351,10.307,10.292,10.268,10.286,10.317,5.308,4.698,10.378,10.278,5.61,5.293,10.334,10.291,EssenceCatalog/problems/csplib-prob010-SocialGolfers/params/99f7b76e8ffc05d4d3298182cc21d4c1.param
-0.965,-0.979,0.96,-0.951,-0.952,0.987,-0.937,0.98,0.961,-0.969,-0.905,0.97,-0.761,0.992,-0.969,-0.675,-0.67,0.908,0.963,0.89,0.953,-0.97,-0.988,-0.845,0.993,-0.168,-0.426,-0.601,-0.955,0.978,0.966,0.726,-0.931,0.921,-0.136,-0.993,0.966,0.997,0.692,-0.861,-0.966,-0.994,0.512,-0.702,0.99,0.966,0.984,-0.944,-0.994,-0.954,0.988,0.685,0.955,-0.997,0.824,-0.955,-0.425,-0.858,-0.508,-0.889,-0.968,-0.945,0.826,-0.997,0.961,0.814,0.981,0.981,-0.794,0.827,0.867,-0.916,-0.877,-0.764,-0.833,-0.974,-0.984,-0.417,-0.783,0.964,-0.826,0.028,-0.997,-0.941,0.976,-0.448,-0.847,0.996,-0.968,-0.96,-0.756,0.896,0.869,-0.962,0.975,-0.987,0.914,0.895,0.902,-0.986,5.768,4.735,10.357,10.319,10.291,10.276,10.291,10.335,5.543,4.87,10.375,10.296,5.838,5.599,10.333,10.288,EssenceCatalog/problems/csplib-prob010-SocialGolfers/params/c9901af69696f9c0c49b32402ef3876e.param
-0.977,-0.874,0.827,-0.976,-0.991,0.992,-0.993,0.983,0.977,-0.984,-0.97,0.994,-0.48,0.997,-0.99,-0.951,-0.949,0.983,0.995,0.99,0.971,-0.986,-0.992,-0.835,0.998,-0.855,0.676,-0.899,-0.657,0.733,0.991,0.318,-0.972,0.978,-0.969,-0.996,0.964,0.999,0.49,-0.942,-0.972,-0.997,0.675,-0.343,0.996,0.901,0.986,-0.971,-0.998,-0.987,0.997,-0.368,0.964,-0.998,0.966,-0.97,0.934,-0.972,-0.57,-0.977,-0.994,-0.961,0.83,-0.998,0.855,0.16,0.993,0.887,-0.922,0.887,0.906,-0.948,-0.922,-0.89,-0.907,-0.864,-0.994,-0.716,-0.92,0.978,-0.955,-0.834,-0.999,-0.945,0.986,-0.757,-0.955,0.999,-0.98,-0.973,-0.179,0.97,0.909,-0.966,0.981,-0.995,0.97,0.967,0.976,-0.993,4.486,4.109,9.94,10.263,10.316,10.362,10.299,10.241,4.742,4.205,9.97,10.207,5.028,4.593,10.007,10.322,EssenceCatalog/problems/csplib-prob010-SocialGolfers/params/69fe23b047501e014d73974222ae2ff3.param
-0.966,-0.984,0.969,-0.955,-0.978,0.99,-0.98,0.981,0.963,-0.971,-0.92,0.987,-0.826,0.994,-0.984,-0.871,-0.876,0.953,0.984,0.972,0.962,-0.974,-0.987,-0.915,0.995,-0.8,0.341,-0.769,-0.946,0.967,0.985,0.543,-0.954,0.955,-0.763,-0.994,0.975,0.998,0.719,-0.895,-0.96,-0.995,0.477,-0.355,0.992,0.98,0.982,-0.955,-0.996,-0.974,0.992,0.379,0.953,-0.997,0.916,-0.963,0.56,-0.938,-0.431,-0.944,-0.983,-0.94,0.782,-0.998,0.967,0.704,0.988,0.985,-0.83,0.825,0.872,-0.924,-0.853,-0.825,-0.82,-0.978,-0.987,-0.543,-0.836,0.972,-0.924,-0.782,-0.998,-0.911,0.98,-0.697,-0.913,0.997,-0.978,-0.96,-0.708,0.936,0.875,-0.964,0.976,-0.99,0.94,0.926,0.95,-0.987,4.953,4.323,10.351,10.317,10.309,10.313,10.283,10.283,5.023,4.463,10.373,10.274,5.318,4.904,10.337,10.336,EssenceCatalog/problems/csplib-prob010-SocialGolfers/params/f761ce1cb7abf6a9e9a4318e64c1f528.param
-0.966,-0.977,0.957,-0.952,-0.953,0.988,-0.948,0.98,0.964,-0.968,-0.896,0.974,-0.751,0.992,-0.97,-0.727,-0.713,0.918,0.966,0.912,0.954,-0.971,-0.987,-0.856,0.994,-0.278,-0.347,-0.626,-0.948,0.975,0.968,0.684,-0.933,0.926,-0.248,-0.994,0.967,0.998,0.681,-0.856,-0.964,-0.994,0.517,-0.668,0.99,0.964,0.984,-0.943,-0.994,-0.958,0.988,0.651,0.955,-0.997,0.845,-0.957,-0.28,-0.874,-0.463,-0.901,-0.969,-0.939,0.813,-0.998,0.959,0.784,0.982,0.979,-0.799,0.833,0.866,-0.915,-0.873,-0.777,-0.831,-0.973,-0.984,-0.412,-0.8,0.963,-0.846,-0.102,-0.998,-0.936,0.977,-0.414,-0.859,0.996,-0.971,-0.958,-0.742,0.899,0.869,-0.964,0.976,-0.988,0.921,0.895,0.905,-0.986,5.643,4.663,10.347,10.316,10.29,10.273,10.292,10.333,5.457,4.799,10.363,10.289,5.754,5.479,10.323,10.291,EssenceCatalog/problems/csplib-prob010-SocialGolfers/params/8d1ccc8ee9820c0d895b09465e70b545.param
-0.971,-0.963,0.93,-0.965,-0.983,0.992,-0.992,0.983,0.973,-0.972,-0.947,0.992,-0.726,0.996,-0.988,-0.908,-0.931,0.972,0.993,0.987,0.968,-0.982,-0.989,-0.869,0.997,-0.875,0.539,-0.855,-0.884,0.897,0.991,0.381,-0.97,0.97,-0.915,-0.996,0.972,0.999,0.556,-0.93,-0.965,-0.997,0.541,-0.375,0.994,0.962,0.985,-0.967,-0.997,-0.98,0.994,0.14,0.967,-0.998,0.942,-0.966,0.796,-0.958,-0.494,-0.966,-0.992,-0.945,0.816,-0.998,0.941,0.469,0.992,0.967,-0.884,0.868,0.899,-0.944,-0.894,-0.865,-0.855,-0.954,-0.992,-0.618,-0.885,0.98,-0.949,-0.821,-0.999,-0.93,0.983,-0.821,-0.939,0.998,-0.982,-0.961,-0.473,0.946,0.9,-0.971,0.98,-0.993,0.955,0.949,0.963,-0.99,4.714,4.232,10.246,10.335,10.345,10.366,10.321,10.296,4.896,4.355,10.27,10.289,5.178,4.749,10.255,10.37,EssenceCatalog/problems/csplib-prob010-SocialGolfers/params/78dedec2f974995283ab615324a419fd.param
-0.976,-0.973,0.973,-0.969,-0.967,0.99,-0.707,0.984,0.971,-0.965,-0.786,0.981,-0.892,0.987,-0.946,-0.954,-0.833,0.85,0.811,0.689,0.955,-0.975,-0.987,-0.943,0.99,0.173,-0.422,-0.72,-0.941,0.989,0.5,0.582,-0.917,0.933,0.36,-0.995,0.953,0.997,0.855,-0.673,-0.96,-0.994,0.772,-0.563,0.993,0.956,0.983,-0.908,-0.996,-0.98,0.992,0.661,0.896,-0.997,0.893,-0.978,0.172,-0.919,-0.167,-0.912,-0.423,-0.906,0.686,-0.998,0.955,0.826,0.983,0.969,-0.849,0.865,0.893,-0.83,-0.884,-0.846,-0.919,-0.976,-0.985,-0.636,-0.894,0.942,-0.911,-0.338,-0.998,-0.903,0.982,0.864,-0.921,0.996,-0.969,-0.958,-0.879,0.94,0.871,-0.976,0.98,-0.99,0.965,0.899,0.934,-0.986,6.606,4.762,10.356,10.301,10.23,10.261,10.294,10.331,5.861,4.934,10.306,10.236,6.225,5.828,10.277,10.276,EssenceCatalog/problems/csplib-prob010-SocialGolfers/params/419ed48f9345291702b72f35e4306e0e.param
-0.995,-0.984,0.989,-0.995,-0.996,0.996,0.991,0.998,0.994,-0.992,-0.99,0.993,-0.977,0.993,-0.859,-0.99,-0.818,0.789,-0.913,-0.991,0.968,-0.995,-0.997,-0.966,0.997,0.995,-0.988,-0.963,-0.99,0.998,-0.993,0.985,-0.976,0.99,0.991,-0.999,0.847,0.998,0.989,-0.98,-0.996,-0.999,0.989,-0.99,0.997,0.934,0.999,-0.987,-0.999,-0.991,0.999,0.98,0.958,-0.999,0.956,-0.996,-0.991,-0.967,-0.972,-0.957,0.976,-0.996,0.982,-1.0,0.988,0.99,0.992,0.986,-0.989,0.978,0.988,-0.965,-0.996,-0.988,-0.993,-0.985,-0.995,-0.978,-0.974,0.978,-0.965,0.992,-1.0,-0.993,0.994,0.991,-0.979,1.0,-0.979,-0.993,-0.991,0.981,0.983,-0.992,0.996,-0.998,0.993,0.985,0.982,-0.997,9.623,5.781,10.459,10.385,10.437,10.47,10.447,10.397,7.503,6.088,10.421,10.396,7.983,7.796,10.445,10.439,EssenceCatalog/problems/csplib-prob010-SocialGolfers/params/bfddb53f0452a0a5409b773bcb4c5295.param
-0.989,-0.993,0.994,-0.99,-0.99,0.995,0.845,0.994,0.986,-0.991,-0.978,0.975,-0.978,0.994,-0.941,-0.899,-0.508,0.661,-0.17,-0.932,0.961,-0.989,-0.998,-0.924,0.996,0.983,-0.969,-0.828,-0.995,0.999,-0.766,0.976,-0.963,0.965,0.978,-0.998,0.912,0.998,0.971,-0.964,-0.995,-0.997,0.944,-0.979,0.997,0.979,0.998,-0.976,-0.998,-0.976,0.997,0.98,0.953,-0.999,0.786,-0.988,-0.991,-0.87,-0.933,-0.904,0.53,-0.992,0.952,-0.999,0.993,0.992,0.989,0.995,-0.963,0.948,0.983,-0.953,-0.986,-0.946,-0.977,-0.993,-0.995,-0.896,-0.888,0.984,-0.847,0.983,-0.999,-0.991,0.994,0.908,-0.945,0.999,-0.976,-0.989,-0.986,0.951,0.963,-0.989,0.992,-0.995,0.976,0.966,0.956,-0.997,9.235,5.691,10.375,10.314,10.321,10.354,10.348,10.33,7.307,5.987,10.363,10.287,7.76,7.654,10.354,10.319,EssenceCatalog/problems/csplib-prob010-SocialGolfers/params/9e342449a8fe50d90c7d3b3c0fff3e4a.param
-0.985,-0.965,0.954,-0.979,-0.971,0.991,0.486,0.99,0.968,-0.986,-0.969,0.945,-0.791,0.992,-0.92,-0.72,0.202,0.683,0.813,-0.679,0.939,-0.977,-0.992,-0.654,0.994,0.945,-0.913,-0.764,-0.969,0.995,0.555,0.941,-0.923,0.958,0.716,-0.995,0.896,0.997,0.884,-0.966,-0.987,-0.996,0.87,-0.972,0.986,0.913,0.997,-0.979,-0.996,-0.946,0.99,0.95,0.959,-0.999,0.641,-0.967,-0.978,-0.813,-0.933,-0.886,-0.82,-0.987,0.935,-0.999,0.98,0.969,0.982,0.97,-0.897,0.895,0.917,-0.968,-0.974,-0.879,-0.956,-0.978,-0.986,-0.692,-0.75,0.963,-0.515,0.96,-0.999,-0.982,0.973,0.387,-0.934,0.998,-0.953,-0.975,-0.935,0.897,0.947,-0.97,0.988,-0.993,0.94,0.924,0.864,-0.994,7.946,5.441,10.242,10.255,10.239,10.26,10.275,10.332,6.711,5.701,10.302,10.195,7.075,7.184,10.249,10.185,EssenceCatalog/problems/csplib-prob010-SocialGolfers/params/fb331d21b612d5a82c2b5d1afbc0b65a.param
-0.971,-0.988,0.986,-0.963,-0.969,0.991,-0.891,0.982,0.97,-0.963,-0.777,0.986,-0.938,0.988,-0.961,-0.96,-0.926,0.893,0.819,0.865,0.965,-0.976,-0.988,-0.962,0.99,-0.3,-0.309,-0.682,-0.964,0.99,0.653,0.524,-0.932,0.934,0.347,-0.995,0.97,0.997,0.853,-0.635,-0.957,-0.994,0.688,-0.425,0.994,0.976,0.981,-0.903,-0.996,-0.982,0.993,0.594,0.905,-0.996,0.921,-0.98,0.39,-0.928,-0.029,-0.915,-0.509,-0.879,0.666,-0.998,0.963,0.819,0.986,0.986,-0.851,0.836,0.897,-0.805,-0.85,-0.855,-0.903,-0.984,-0.987,-0.68,-0.909,0.951,-0.945,-0.647,-0.998,-0.885,0.985,0.809,-0.912,0.996,-0.975,-0.963,-0.887,0.946,0.872,-0.98,0.976,-0.989,0.966,0.903,0.947,-0.984,6.18,4.605,10.406,10.304,10.207,10.246,10.281,10.311,5.617,4.753,10.359,10.228,5.975,5.489,10.322,10.282,EssenceCatalog/problems/csplib-prob010-SocialGolfers/params/08328853c8610f30d5b729fe1236fe93.param
-0.972,-0.987,0.98,-0.964,-0.987,0.993,-0.987,0.98,0.965,-0.968,-0.901,0.993,-0.903,0.995,-0.986,-0.962,-0.957,0.966,0.985,0.983,0.967,-0.975,-0.987,-0.962,0.995,-0.908,0.65,-0.819,-0.943,0.966,0.977,0.321,-0.963,0.968,-0.826,-0.995,0.978,0.998,0.813,-0.885,-0.956,-0.996,0.523,0.032,0.993,0.982,0.98,-0.953,-0.996,-0.985,0.994,0.064,0.942,-0.997,0.956,-0.973,0.893,-0.967,-0.194,-0.963,-0.972,-0.895,0.718,-0.998,0.966,0.656,0.992,0.984,-0.863,0.814,0.895,-0.907,-0.832,-0.875,-0.858,-0.983,-0.989,-0.696,-0.882,0.974,-0.962,-0.945,-0.998,-0.881,0.985,-0.416,-0.944,0.998,-0.98,-0.963,-0.779,0.958,0.894,-0.975,0.978,-0.991,0.966,0.936,0.968,-0.986,4.826,4.182,10.326,10.293,10.265,10.303,10.252,10.224,4.911,4.318,10.333,10.225,5.2,4.707,10.301,10.325,EssenceCatalog/problems/csplib-prob010-SocialGolfers/params/9487c32692e74a20f9545d1c18050d86.param
-0.965,-0.979,0.961,-0.958,-0.983,0.99,-0.985,0.981,0.965,-0.977,-0.943,0.989,-0.797,0.995,-0.988,-0.874,-0.9,0.962,0.989,0.979,0.966,-0.976,-0.989,-0.905,0.996,-0.829,0.441,-0.791,-0.932,0.948,0.989,0.548,-0.962,0.961,-0.844,-0.994,0.973,0.998,0.693,-0.915,-0.966,-0.996,0.484,-0.346,0.993,0.976,0.982,-0.961,-0.996,-0.975,0.994,0.24,0.958,-0.997,0.926,-0.963,0.669,-0.945,-0.468,-0.952,-0.988,-0.953,0.796,-0.998,0.96,0.65,0.99,0.982,-0.855,0.829,0.884,-0.932,-0.871,-0.831,-0.832,-0.972,-0.99,-0.592,-0.853,0.976,-0.93,-0.802,-0.998,-0.924,0.982,-0.795,-0.921,0.998,-0.978,-0.966,-0.628,0.949,0.876,-0.962,0.976,-0.991,0.944,0.944,0.961,-0.989,4.853,4.292,10.333,10.337,10.344,10.357,10.313,10.294,4.973,4.428,10.356,10.294,5.267,4.848,10.331,10.363,EssenceCatalog/problems/csplib-prob010-SocialGolfers/params/35fe5710a105d8c081765a6890c3079a.param
-0.969,-0.982,0.962,-0.959,-0.951,0.987,-0.755,0.983,0.959,-0.979,-0.949,0.948,-0.77,0.992,-0.96,-0.413,-0.291,0.846,0.941,0.53,0.944,-0.969,-0.991,-0.722,0.993,0.577,-0.776,-0.584,-0.972,0.988,0.945,0.876,-0.927,0.924,0.39,-0.993,0.95,0.997,0.769,-0.926,-0.979,-0.994,0.625,-0.899,0.989,0.962,0.99,-0.96,-0.993,-0.929,0.988,0.864,0.962,-0.998,0.687,-0.949,-0.905,-0.777,-0.787,-0.85,-0.963,-0.971,0.901,-0.998,0.974,0.925,0.978,0.983,-0.817,0.843,0.893,-0.948,-0.928,-0.771,-0.876,-0.979,-0.985,-0.48,-0.702,0.968,-0.655,0.766,-0.998,-0.969,0.974,-0.494,-0.848,0.997,-0.957,-0.969,-0.847,0.875,0.9,-0.961,0.977,-0.987,0.893,0.904,0.874,-0.99,6.627,5.154,10.368,10.36,10.355,10.341,10.337,10.389,6.1,5.307,10.401,10.345,6.381,6.359,10.357,10.306,EssenceCatalog/problems/csplib-prob010-SocialGolfers/params/04b4dd11bd15084303daaf8a7aa98aeb.param
-0.972,-0.983,0.974,-0.962,-0.975,0.992,-0.959,0.982,0.969,-0.963,-0.841,0.988,-0.877,0.992,-0.974,-0.946,-0.907,0.936,0.958,0.951,0.962,-0.974,-0.985,-0.947,0.993,-0.686,0.194,-0.759,-0.942,0.978,0.931,0.414,-0.945,0.949,-0.482,-0.995,0.973,0.998,0.786,-0.786,-0.952,-0.995,0.62,-0.294,0.992,0.974,0.981,-0.934,-0.996,-0.982,0.992,0.426,0.93,-0.997,0.93,-0.972,0.66,-0.942,-0.193,-0.939,-0.911,-0.901,0.69,-0.998,0.959,0.697,0.988,0.981,-0.839,0.84,0.874,-0.868,-0.843,-0.852,-0.864,-0.98,-0.986,-0.581,-0.882,0.959,-0.94,-0.807,-0.998,-0.881,0.982,0.258,-0.922,0.997,-0.977,-0.958,-0.807,0.942,0.87,-0.974,0.979,-0.99,0.96,0.908,0.945,-0.985,5.317,4.345,10.353,10.312,10.255,10.27,10.278,10.296,5.174,4.487,10.336,10.245,5.481,5.009,10.302,10.309,EssenceCatalog/problems/csplib-prob010-SocialGolfers/params/c8c1c8a344994bac7c3a9dd9f4d223aa.param
-0.966,-0.98,0.959,-0.953,-0.945,0.987,-0.883,0.981,0.961,-0.973,-0.931,0.958,-0.75,0.992,-0.964,-0.488,-0.465,0.878,0.956,0.761,0.946,-0.969,-0.989,-0.762,0.993,0.247,-0.654,-0.58,-0.965,0.983,0.962,0.818,-0.929,0.92,0.136,-0.993,0.958,0.997,0.72,-0.904,-0.974,-0.994,0.551,-0.836,0.989,0.964,0.988,-0.953,-0.993,-0.936,0.987,0.809,0.961,-0.997,0.743,-0.949,-0.794,-0.806,-0.682,-0.865,-0.971,-0.959,0.876,-0.997,0.968,0.884,0.979,0.983,-0.8,0.835,0.882,-0.939,-0.905,-0.759,-0.851,-0.976,-0.984,-0.421,-0.723,0.966,-0.735,0.532,-0.997,-0.959,0.974,-0.567,-0.838,0.997,-0.962,-0.962,-0.803,0.871,0.886,-0.961,0.976,-0.987,0.895,0.894,0.881,-0.987,6.218,4.986,10.362,10.344,10.334,10.312,10.316,10.368,5.853,5.125,10.391,10.333,6.134,6.03,10.347,10.302,EssenceCatalog/problems/csplib-prob010-SocialGolfers/params/374e1b057d1b1b899c82f5a573ce9b94.param
-0.971,-0.968,0.948,-0.96,-0.968,0.99,-0.933,0.982,0.965,-0.967,-0.88,0.979,-0.727,0.992,-0.967,-0.863,-0.68,0.926,0.976,0.913,0.951,-0.97,-0.983,-0.884,0.993,-0.455,0.024,-0.749,-0.923,0.975,0.968,0.547,-0.926,0.949,-0.623,-0.994,0.966,0.998,0.739,-0.873,-0.956,-0.995,0.587,-0.54,0.988,0.959,0.985,-0.95,-0.995,-0.971,0.989,0.539,0.943,-0.997,0.883,-0.958,0.242,-0.919,-0.433,-0.928,-0.972,-0.931,0.762,-0.998,0.958,0.719,0.983,0.971,-0.797,0.828,0.829,-0.92,-0.863,-0.807,-0.839,-0.972,-0.98,-0.437,-0.796,0.955,-0.866,-0.538,-0.998,-0.9,0.97,-0.282,-0.912,0.997,-0.969,-0.951,-0.749,0.916,0.874,-0.959,0.98,-0.991,0.94,0.892,0.909,-0.987,5.297,4.439,10.28,10.27,10.258,10.238,10.254,10.289,5.207,4.585,10.29,10.233,5.497,5.153,10.26,10.265,EssenceCatalog/problems/csplib-prob010-SocialGolfers/params/565bdf39809323b6dddfb25827ab0ad1.param
-0.985,-0.584,0.589,-0.985,-0.994,0.994,-0.994,0.985,0.983,-0.985,-0.967,0.996,-0.143,0.997,-0.986,-0.982,-0.963,0.988,0.995,0.992,0.974,-0.988,-0.991,-0.815,0.998,-0.805,0.674,-0.922,-0.112,0.503,0.984,0.138,-0.969,0.983,-0.981,-0.997,0.956,0.999,0.379,-0.926,-0.973,-0.998,0.794,-0.343,0.997,0.676,0.989,-0.969,-0.998,-0.992,0.998,-0.678,0.96,-0.999,0.982,-0.978,0.978,-0.982,-0.588,-0.984,-0.991,-0.948,0.836,-0.999,0.621,-0.269,0.994,0.536,-0.944,0.913,0.893,-0.945,-0.941,-0.924,-0.946,-0.636,-0.995,-0.781,-0.947,0.968,-0.964,-0.832,-0.999,-0.95,0.986,-0.259,-0.966,0.999,-0.977,-0.977,0.067,0.978,0.93,-0.969,0.984,-0.996,0.982,0.968,0.979,-0.993,4.281,3.908,9.124,10.204,10.3,10.328,10.3,10.271,4.531,3.991,9.184,10.126,4.868,4.379,9.358,10.275,EssenceCatalog/problems/csplib-prob010-SocialGolfers/params/4b4615272847cb1b3309940dc3457987.param
-0.973,-0.978,0.958,-0.964,-0.956,0.988,-0.614,0.984,0.958,-0.981,-0.955,0.944,-0.747,0.993,-0.954,-0.444,-0.146,0.827,0.935,0.331,0.943,-0.97,-0.991,-0.69,0.993,0.712,-0.812,-0.619,-0.97,0.989,0.931,0.892,-0.922,0.933,0.418,-0.993,0.943,0.997,0.789,-0.939,-0.981,-0.994,0.681,-0.924,0.988,0.953,0.992,-0.966,-0.994,-0.93,0.988,0.883,0.962,-0.998,0.669,-0.95,-0.93,-0.779,-0.833,-0.857,-0.959,-0.976,0.91,-0.998,0.974,0.934,0.978,0.98,-0.829,0.85,0.892,-0.955,-0.941,-0.786,-0.895,-0.977,-0.985,-0.507,-0.698,0.966,-0.599,0.836,-0.998,-0.972,0.972,-0.406,-0.868,0.997,-0.954,-0.971,-0.86,0.881,0.91,-0.96,0.979,-0.988,0.9,0.909,0.866,-0.991,6.819,5.212,10.342,10.347,10.347,10.334,10.332,10.388,6.202,5.378,10.379,10.327,6.485,6.507,10.335,10.287,EssenceCatalog/problems/csplib-prob010-SocialGolfers/params/83f3da1efab87662c91d47283057a686.param
-0.965,-0.981,0.962,-0.953,-0.966,0.989,-0.961,0.981,0.961,-0.969,-0.911,0.979,-0.778,0.993,-0.977,-0.778,-0.746,0.932,0.979,0.939,0.956,-0.971,-0.986,-0.875,0.994,-0.554,-0.049,-0.704,-0.949,0.973,0.98,0.64,-0.941,0.942,-0.564,-0.993,0.97,0.998,0.697,-0.886,-0.961,-0.994,0.487,-0.569,0.99,0.973,0.983,-0.953,-0.995,-0.964,0.989,0.588,0.955,-0.997,0.868,-0.955,0.025,-0.904,-0.495,-0.919,-0.98,-0.943,0.807,-0.997,0.966,0.763,0.984,0.983,-0.801,0.824,0.858,-0.926,-0.863,-0.79,-0.818,-0.977,-0.984,-0.447,-0.788,0.967,-0.873,-0.464,-0.998,-0.924,0.974,-0.641,-0.887,0.997,-0.972,-0.957,-0.733,0.911,0.87,-0.96,0.977,-0.989,0.925,0.907,0.922,-0.987,5.273,4.499,10.35,10.307,10.3,10.27,10.283,10.311,5.225,4.64,10.38,10.278,5.522,5.192,10.339,10.301,EssenceCatalog/problems/csplib-prob010-SocialGolfers/params/8ae8e491cd0b5f474b299c14c5cfd1d7.param
-0.99,0.983,-0.962,-0.976,-0.606,0.941,0.351,0.975,0.929,-0.765,-0.302,0.959,0.992,0.773,0.639,-0.945,0.792,0.919,0.719,0.524,0.919,-0.978,0.149,0.098,0.966,0.801,-0.977,-0.747,0.991,0.922,0.835,0.452,0.643,0.978,-0.882,-0.996,0.887,0.997,-0.502,-0.884,-0.549,-0.996,0.875,-0.969,0.468,-0.989,0.993,-0.984,-0.993,-0.971,0.665,0.219,0.951,-0.998,0.911,-0.956,-0.147,-0.966,-0.831,-0.951,-0.975,-0.47,0.948,-0.998,-0.54,-0.742,0.927,-0.995,-0.67,0.692,-0.91,-0.97,-0.965,-0.864,-0.981,0.79,-0.753,-0.285,-0.856,-0.853,0.563,0.697,-0.998,-0.427,-0.603,0.958,-0.917,0.994,-0.389,-0.67,0.782,0.415,0.95,-0.347,0.971,-0.986,0.969,0.352,-0.379,-0.818,3.755,2.741,3.46,7.207,7.459,7.129,7.578,8.711,3.517,2.968,3.47,7.266,3.971,3.861,4.322,7.288,EssenceCatalog/problems/csplib-prob010-SocialGolfers/params/ord28-3-6-6.param
-0.963,-0.981,0.96,-0.95,-0.948,0.987,-0.923,0.98,0.96,-0.971,-0.925,0.964,-0.756,0.992,-0.969,-0.551,-0.569,0.898,0.964,0.849,0.949,-0.969,-0.989,-0.801,0.993,-0.006,-0.537,-0.592,-0.962,0.98,0.97,0.78,-0.932,0.921,-0.044,-0.993,0.963,0.997,0.698,-0.892,-0.97,-0.994,0.509,-0.78,0.989,0.968,0.986,-0.951,-0.993,-0.943,0.987,0.754,0.96,-0.997,0.78,-0.949,-0.657,-0.831,-0.621,-0.877,-0.975,-0.954,0.857,-0.997,0.967,0.855,0.98,0.983,-0.792,0.829,0.874,-0.932,-0.891,-0.757,-0.837,-0.976,-0.984,-0.412,-0.743,0.967,-0.781,0.286,-0.997,-0.952,0.974,-0.61,-0.84,0.996,-0.965,-0.961,-0.774,0.881,0.878,-0.96,0.974,-0.986,0.899,0.896,0.893,-0.987,5.938,4.859,10.365,10.333,10.317,10.293,10.302,10.35,5.676,4.991,10.394,10.321,5.96,5.795,10.348,10.297,EssenceCatalog/problems/csplib-prob010-SocialGolfers/params/9f2d0f79561b97d2c264737f477f08ce.param
-0.964,-0.985,0.971,-0.956,-0.982,0.991,-0.987,0.981,0.964,-0.971,-0.935,0.99,-0.848,0.995,-0.988,-0.889,-0.918,0.962,0.989,0.982,0.965,-0.976,-0.988,-0.918,0.996,-0.879,0.53,-0.805,-0.945,0.954,0.989,0.489,-0.964,0.962,-0.85,-0.994,0.976,0.998,0.707,-0.916,-0.96,-0.996,0.446,-0.255,0.992,0.982,0.981,-0.96,-0.996,-0.976,0.993,0.282,0.958,-0.997,0.929,-0.964,0.71,-0.949,-0.436,-0.955,-0.987,-0.94,0.784,-0.998,0.968,0.672,0.99,0.986,-0.849,0.827,0.89,-0.931,-0.853,-0.839,-0.818,-0.978,-0.989,-0.602,-0.848,0.978,-0.942,-0.858,-0.998,-0.914,0.982,-0.814,-0.926,0.998,-0.98,-0.961,-0.674,0.942,0.881,-0.967,0.976,-0.991,0.943,0.939,0.961,-0.988,4.809,4.261,10.347,10.322,10.317,10.332,10.283,10.268,4.941,4.399,10.371,10.276,5.233,4.798,10.336,10.352,EssenceCatalog/problems/csplib-prob010-SocialGolfers/params/fe47fbd8772b6b2cdb50e16c0d40c24a.param
-0.987,0.958,-0.876,-0.98,-0.991,0.659,0.808,0.941,0.83,-0.993,-0.96,0.928,0.97,0.987,-0.436,-0.943,0.383,0.959,0.815,0.386,0.979,-0.963,-0.932,-0.617,0.895,0.97,-0.966,-0.418,0.983,0.768,0.646,0.893,0.674,0.986,-0.805,-0.995,0.667,0.99,-0.068,-0.843,-0.983,-0.99,0.883,-0.939,0.988,-0.985,0.992,-0.978,-0.99,-0.965,0.994,-0.939,0.873,-0.987,0.962,-0.966,0.783,-0.981,-0.753,-0.913,-0.84,-0.971,0.952,-0.994,-0.678,-0.666,0.849,-0.992,-0.879,0.033,-0.85,-0.922,-0.977,-0.758,-0.98,0.786,-0.978,-0.943,-0.969,-0.78,0.467,0.825,-0.994,-0.852,-0.25,0.971,-0.861,0.989,0.371,-0.984,0.821,0.982,0.922,0.737,0.894,-0.979,0.972,0.946,0.791,-0.986,4.174,2.897,3.962,7.824,8.631,8.484,8.653,8.899,3.754,3.282,3.877,7.896,4.346,4.176,4.929,7.935,EssenceCatalog/problems/csplib-prob010-SocialGolfers/params/8f0fd467ef1ad02639951cbeb820daaa.param
-0.966,-0.977,0.958,-0.961,-0.987,0.991,-0.99,0.981,0.966,-0.976,-0.95,0.992,-0.807,0.996,-0.99,-0.912,-0.931,0.97,0.992,0.986,0.967,-0.978,-0.989,-0.908,0.996,-0.898,0.641,-0.845,-0.918,0.927,0.991,0.438,-0.968,0.97,-0.919,-0.994,0.974,0.998,0.682,-0.933,-0.964,-0.996,0.492,-0.224,0.993,0.976,0.982,-0.964,-0.996,-0.979,0.995,0.091,0.96,-0.998,0.943,-0.965,0.829,-0.96,-0.471,-0.965,-0.991,-0.947,0.793,-0.998,0.958,0.585,0.991,0.979,-0.874,0.835,0.896,-0.94,-0.873,-0.855,-0.842,-0.969,-0.991,-0.653,-0.865,0.979,-0.948,-0.885,-0.998,-0.92,0.984,-0.847,-0.94,0.998,-0.98,-0.964,-0.583,0.953,0.889,-0.966,0.976,-0.992,0.951,0.95,0.969,-0.989,4.71,4.218,10.303,10.331,10.339,10.365,10.305,10.272,4.885,4.349,10.326,10.282,5.172,4.731,10.305,10.369,EssenceCatalog/problems/csplib-prob010-SocialGolfers/params/f37d01d5111df3f259d8d72ee0ae78f0.param
-0.967,-0.98,0.959,-0.956,-0.947,0.987,-0.839,0.982,0.959,-0.974,-0.936,0.954,-0.748,0.992,-0.962,-0.469,-0.373,0.867,0.953,0.691,0.945,-0.968,-0.989,-0.745,0.993,0.369,-0.694,-0.588,-0.967,0.985,0.959,0.835,-0.926,0.924,0.189,-0.993,0.956,0.997,0.735,-0.914,-0.975,-0.994,0.577,-0.86,0.988,0.962,0.989,-0.957,-0.993,-0.934,0.986,0.83,0.961,-0.997,0.722,-0.948,-0.839,-0.8,-0.725,-0.862,-0.971,-0.963,0.884,-0.997,0.971,0.899,0.978,0.982,-0.802,0.835,0.878,-0.944,-0.913,-0.761,-0.856,-0.977,-0.984,-0.433,-0.706,0.966,-0.7,0.612,-0.998,-0.961,0.972,-0.548,-0.846,0.997,-0.96,-0.964,-0.818,0.87,0.892,-0.96,0.976,-0.987,0.894,0.896,0.875,-0.988,6.341,5.037,10.353,10.341,10.336,10.314,10.316,10.37,5.928,5.181,10.384,10.33,6.206,6.136,10.34,10.295,EssenceCatalog/problems/csplib-prob010-SocialGolfers/params/5e7ed013887b42d07ebd2b2993420789.param
-0.982,-0.968,0.956,-0.975,-0.968,0.989,0.239,0.988,0.964,-0.985,-0.96,0.94,-0.773,0.993,-0.929,-0.681,0.155,0.702,0.863,-0.485,0.939,-0.973,-0.991,-0.69,0.993,0.918,-0.873,-0.713,-0.966,0.994,0.703,0.921,-0.918,0.948,0.642,-0.994,0.909,0.997,0.864,-0.951,-0.986,-0.995,0.832,-0.955,0.987,0.924,0.995,-0.973,-0.995,-0.944,0.99,0.926,0.953,-0.998,0.642,-0.963,-0.96,-0.804,-0.892,-0.874,-0.863,-0.983,0.914,-0.999,0.978,0.96,0.978,0.969,-0.87,0.872,0.904,-0.957,-0.964,-0.84,-0.938,-0.977,-0.985,-0.647,-0.727,0.962,-0.527,0.93,-0.999,-0.977,0.971,0.306,-0.917,0.997,-0.951,-0.973,-0.919,0.894,0.934,-0.964,0.985,-0.992,0.932,0.915,0.864,-0.993,7.688,5.373,10.241,10.249,10.235,10.251,10.263,10.323,6.586,5.615,10.294,10.194,6.932,7.024,10.24,10.176,EssenceCatalog/problems/csplib-prob010-SocialGolfers/params/9ccc60038209f1d08598a4b11ae04fb0.param
-0.971,-0.979,0.96,-0.962,-0.954,0.988,-0.672,0.984,0.959,-0.98,-0.951,0.946,-0.758,0.992,-0.956,-0.44,-0.202,0.834,0.936,0.409,0.943,-0.97,-0.991,-0.705,0.993,0.662,-0.796,-0.607,-0.971,0.989,0.935,0.883,-0.924,0.93,0.406,-0.993,0.946,0.997,0.782,-0.933,-0.98,-0.994,0.661,-0.914,0.988,0.957,0.991,-0.963,-0.994,-0.93,0.988,0.877,0.961,-0.998,0.677,-0.95,-0.919,-0.779,-0.813,-0.855,-0.96,-0.974,0.905,-0.998,0.974,0.93,0.978,0.981,-0.822,0.847,0.892,-0.952,-0.935,-0.78,-0.887,-0.978,-0.985,-0.491,-0.698,0.967,-0.624,0.807,-0.998,-0.97,0.973,-0.427,-0.861,0.997,-0.955,-0.97,-0.856,0.877,0.906,-0.961,0.978,-0.988,0.899,0.906,0.868,-0.991,6.748,5.188,10.353,10.352,10.35,10.337,10.334,10.389,6.163,5.35,10.387,10.334,6.446,6.449,10.344,10.295,EssenceCatalog/problems/csplib-prob010-SocialGolfers/params/9baf78ea23a568b60027bfb52b7b9295.param
-0.981,-0.987,0.989,-0.975,-0.975,0.994,-0.639,0.988,0.979,-0.967,-0.777,0.99,-0.963,0.986,-0.947,-0.983,-0.948,0.865,0.459,0.6,0.97,-0.983,-0.992,-0.975,0.991,0.255,-0.629,-0.771,-0.965,0.994,-0.193,0.625,-0.937,0.954,0.724,-0.997,0.962,0.998,0.921,-0.583,-0.966,-0.996,0.82,-0.599,0.996,0.971,0.985,-0.913,-0.997,-0.989,0.995,0.71,0.894,-0.997,0.937,-0.988,0.159,-0.946,-0.014,-0.925,0.346,-0.883,0.706,-0.998,0.967,0.88,0.989,0.984,-0.901,0.882,0.931,-0.819,-0.904,-0.903,-0.954,-0.984,-0.99,-0.817,-0.941,0.946,-0.962,-0.436,-0.999,-0.904,0.987,0.958,-0.943,0.997,-0.975,-0.968,-0.937,0.962,0.9,-0.987,0.982,-0.992,0.981,0.924,0.962,-0.987,7.283,4.926,10.378,10.275,10.208,10.239,10.283,10.29,6.181,5.092,10.308,10.225,6.566,6.098,10.279,10.275,EssenceCatalog/problems/csplib-prob010-SocialGolfers/params/523d8ed27391f9e7e7e4ba10272e7d38.param
-0.979,-0.961,0.945,-0.972,-0.965,0.988,-0.027,0.986,0.961,-0.984,-0.953,0.939,-0.715,0.992,-0.936,-0.647,0.131,0.748,0.908,-0.223,0.937,-0.971,-0.99,-0.678,0.993,0.872,-0.823,-0.694,-0.957,0.991,0.824,0.897,-0.91,0.946,0.446,-0.994,0.919,0.997,0.832,-0.944,-0.983,-0.994,0.795,-0.94,0.986,0.921,0.994,-0.97,-0.995,-0.941,0.989,0.898,0.953,-0.998,0.658,-0.957,-0.933,-0.808,-0.863,-0.875,-0.914,-0.981,0.901,-0.998,0.973,0.942,0.977,0.964,-0.849,0.858,0.882,-0.955,-0.956,-0.81,-0.925,-0.972,-0.984,-0.585,-0.705,0.958,-0.521,0.886,-0.999,-0.973,0.967,0.112,-0.909,0.997,-0.948,-0.97,-0.888,0.891,0.923,-0.957,0.984,-0.991,0.924,0.909,0.856,-0.993,7.328,5.28,10.224,10.243,10.242,10.244,10.254,10.318,6.411,5.498,10.27,10.199,6.731,6.811,10.221,10.173,EssenceCatalog/problems/csplib-prob010-SocialGolfers/params/8469473d977ba92ddeb47ae613ba4c9a.param
-0.969,-0.979,0.972,-0.962,-0.964,0.989,-0.849,0.98,0.966,-0.965,-0.812,0.978,-0.871,0.989,-0.957,-0.917,-0.812,0.875,0.894,0.823,0.955,-0.971,-0.986,-0.932,0.99,-0.087,-0.292,-0.662,-0.95,0.985,0.798,0.573,-0.921,0.922,0.16,-0.994,0.961,0.997,0.81,-0.721,-0.958,-0.993,0.683,-0.515,0.992,0.964,0.981,-0.91,-0.995,-0.975,0.991,0.62,0.913,-0.996,0.882,-0.971,0.176,-0.903,-0.202,-0.902,-0.754,-0.911,0.688,-0.998,0.957,0.806,0.982,0.976,-0.822,0.839,0.879,-0.835,-0.86,-0.812,-0.879,-0.978,-0.984,-0.559,-0.866,0.951,-0.896,-0.397,-0.998,-0.902,0.981,0.66,-0.899,0.995,-0.97,-0.958,-0.845,0.93,0.859,-0.97,0.976,-0.988,0.952,0.891,0.925,-0.986,6.117,4.639,10.36,10.299,10.222,10.25,10.277,10.32,5.619,4.798,10.324,10.232,5.965,5.569,10.29,10.268,EssenceCatalog/problems/csplib-prob010-SocialGolfers/params/884db77607f4c11d07599be2866f6487.param
-0.97,-0.988,0.983,-0.96,-0.973,0.991,-0.947,0.981,0.968,-0.962,-0.814,0.988,-0.92,0.99,-0.971,-0.954,-0.928,0.922,0.921,0.934,0.965,-0.974,-0.987,-0.958,0.991,-0.602,0.008,-0.709,-0.958,0.985,0.864,0.456,-0.941,0.941,-0.118,-0.995,0.973,0.998,0.824,-0.714,-0.954,-0.995,0.62,-0.294,0.993,0.978,0.98,-0.919,-0.996,-0.982,0.992,0.482,0.92,-0.996,0.929,-0.976,0.589,-0.937,-0.077,-0.928,-0.803,-0.885,0.668,-0.997,0.963,0.764,0.987,0.986,-0.844,0.826,0.884,-0.834,-0.831,-0.851,-0.874,-0.983,-0.987,-0.639,-0.895,0.957,-0.946,-0.786,-0.998,-0.879,0.984,0.557,-0.915,0.996,-0.977,-0.962,-0.853,0.945,0.868,-0.977,0.977,-0.989,0.963,0.907,0.949,-0.984,5.607,4.419,10.381,10.303,10.222,10.242,10.275,10.294,5.308,4.561,10.358,10.224,5.638,5.143,10.318,10.286,EssenceCatalog/problems/csplib-prob010-SocialGolfers/params/108560d95a8d8ff872f4cb3ae32c35f8.param
-0.968,-0.981,0.974,-0.96,-0.961,0.989,-0.869,0.98,0.966,-0.963,-0.81,0.978,-0.876,0.988,-0.959,-0.907,-0.817,0.877,0.897,0.836,0.955,-0.971,-0.986,-0.931,0.99,-0.132,-0.303,-0.653,-0.955,0.986,0.82,0.576,-0.923,0.92,0.17,-0.994,0.963,0.997,0.803,-0.725,-0.957,-0.993,0.661,-0.52,0.992,0.968,0.981,-0.911,-0.995,-0.974,0.99,0.637,0.918,-0.996,0.878,-0.97,0.125,-0.899,-0.208,-0.899,-0.778,-0.908,0.694,-0.998,0.96,0.81,0.982,0.979,-0.817,0.836,0.879,-0.839,-0.855,-0.809,-0.871,-0.979,-0.984,-0.549,-0.862,0.954,-0.897,-0.392,-0.998,-0.903,0.981,0.606,-0.893,0.995,-0.97,-0.957,-0.845,0.925,0.859,-0.971,0.976,-0.988,0.949,0.888,0.923,-0.985,6.086,4.643,10.37,10.301,10.22,10.248,10.275,10.32,5.608,4.798,10.338,10.235,5.953,5.56,10.301,10.269,EssenceCatalog/problems/csplib-prob010-SocialGolfers/params/5a4ea5be289ddeeca1bf48bd467b5691.param
-0.965,-0.984,0.969,-0.955,-0.98,0.99,-0.984,0.981,0.964,-0.972,-0.93,0.988,-0.83,0.995,-0.986,-0.87,-0.895,0.957,0.987,0.977,0.964,-0.975,-0.988,-0.913,0.995,-0.836,0.397,-0.774,-0.946,0.961,0.988,0.538,-0.959,0.958,-0.799,-0.994,0.976,0.998,0.704,-0.905,-0.961,-0.995,0.451,-0.333,0.992,0.98,0.982,-0.958,-0.996,-0.974,0.993,0.34,0.957,-0.997,0.92,-0.963,0.604,-0.942,-0.437,-0.948,-0.986,-0.942,0.791,-0.998,0.967,0.696,0.989,0.986,-0.839,0.825,0.88,-0.929,-0.857,-0.829,-0.818,-0.978,-0.988,-0.568,-0.841,0.975,-0.931,-0.806,-0.998,-0.915,0.981,-0.77,-0.916,0.997,-0.979,-0.961,-0.685,0.939,0.878,-0.965,0.976,-0.99,0.94,0.933,0.955,-0.988,4.894,4.305,10.352,10.322,10.318,10.326,10.288,10.282,4.993,4.443,10.376,10.279,5.288,4.867,10.341,10.345,EssenceCatalog/problems/csplib-prob010-SocialGolfers/params/f809a2c96c5d255131c51cdd8e0a4076.param
-0.966,-0.98,0.961,-0.955,-0.973,0.99,-0.973,0.981,0.963,-0.971,-0.919,0.984,-0.776,0.994,-0.981,-0.831,-0.804,0.948,0.985,0.96,0.959,-0.973,-0.986,-0.89,0.995,-0.711,0.183,-0.754,-0.94,0.967,0.986,0.589,-0.948,0.953,-0.735,-0.994,0.972,0.998,0.701,-0.902,-0.96,-0.995,0.486,-0.484,0.99,0.975,0.983,-0.958,-0.995,-0.97,0.991,0.484,0.955,-0.998,0.896,-0.958,0.337,-0.926,-0.486,-0.937,-0.986,-0.943,0.802,-0.998,0.965,0.719,0.987,0.982,-0.817,0.825,0.86,-0.932,-0.86,-0.813,-0.821,-0.976,-0.985,-0.483,-0.807,0.969,-0.897,-0.664,-0.998,-0.917,0.976,-0.722,-0.905,0.997,-0.975,-0.957,-0.701,0.925,0.874,-0.961,0.977,-0.99,0.933,0.918,0.937,-0.987,5.053,4.391,10.343,10.313,10.312,10.298,10.285,10.3,5.092,4.532,10.37,10.28,5.387,5.014,10.333,10.325,EssenceCatalog/problems/csplib-prob010-SocialGolfers/params/d28c4fd7ec059ff396081caeaf2a68b5.param
-0.965,-0.977,0.954,-0.952,-0.956,0.987,-0.937,0.981,0.959,-0.972,-0.926,0.969,-0.715,0.993,-0.971,-0.62,-0.574,0.915,0.974,0.888,0.951,-0.969,-0.987,-0.805,0.994,-0.2,-0.4,-0.645,-0.951,0.977,0.98,0.743,-0.932,0.935,-0.346,-0.993,0.965,0.997,0.677,-0.904,-0.968,-0.994,0.498,-0.739,0.988,0.966,0.986,-0.956,-0.994,-0.949,0.987,0.702,0.96,-0.997,0.812,-0.948,-0.496,-0.864,-0.619,-0.896,-0.983,-0.954,0.853,-0.997,0.965,0.82,0.981,0.981,-0.79,0.824,0.854,-0.939,-0.887,-0.766,-0.831,-0.974,-0.983,-0.404,-0.74,0.965,-0.794,0.044,-0.998,-0.943,0.97,-0.693,-0.862,0.997,-0.965,-0.959,-0.739,0.888,0.877,-0.956,0.976,-0.988,0.907,0.901,0.898,-0.987,5.65,4.728,10.342,10.316,10.316,10.279,10.294,10.341,5.496,4.864,10.374,10.31,5.779,5.577,10.333,10.292,EssenceCatalog/problems/csplib-prob010-SocialGolfers/params/0446045ec2597ff87492b515d00f8f7c.param
-0.968,-0.971,0.953,-0.958,-0.953,0.986,-0.79,0.981,0.958,-0.972,-0.885,0.96,-0.75,0.99,-0.953,-0.723,-0.451,0.853,0.941,0.695,0.944,-0.965,-0.986,-0.836,0.991,0.3,-0.503,-0.62,-0.95,0.984,0.918,0.729,-0.908,0.92,0.067,-0.993,0.953,0.997,0.759,-0.856,-0.967,-0.993,0.628,-0.744,0.988,0.953,0.986,-0.938,-0.994,-0.953,0.987,0.741,0.941,-0.997,0.786,-0.955,-0.523,-0.847,-0.529,-0.879,-0.932,-0.948,0.799,-0.998,0.963,0.853,0.976,0.971,-0.784,0.825,0.853,-0.907,-0.89,-0.747,-0.853,-0.973,-0.981,-0.438,-0.756,0.956,-0.761,0.263,-0.998,-0.937,0.972,0.046,-0.874,0.995,-0.96,-0.957,-0.811,0.895,0.871,-0.957,0.977,-0.988,0.922,0.885,0.879,-0.987,6.273,4.869,10.298,10.281,10.255,10.252,10.266,10.323,5.806,5.03,10.301,10.247,6.113,5.94,10.262,10.238,EssenceCatalog/problems/csplib-prob010-SocialGolfers/params/8002ad949cdca6d104c07a72f7cc1e89.param
-0.966,-0.98,0.962,-0.954,-0.963,0.989,-0.958,0.981,0.962,-0.968,-0.902,0.979,-0.774,0.992,-0.975,-0.786,-0.734,0.93,0.977,0.935,0.955,-0.971,-0.985,-0.877,0.994,-0.532,-0.086,-0.699,-0.947,0.975,0.979,0.628,-0.937,0.941,-0.535,-0.994,0.971,0.998,0.699,-0.88,-0.959,-0.994,0.501,-0.573,0.989,0.972,0.984,-0.951,-0.995,-0.965,0.989,0.593,0.953,-0.997,0.867,-0.956,0.022,-0.903,-0.485,-0.919,-0.979,-0.939,0.802,-0.998,0.965,0.762,0.984,0.982,-0.794,0.822,0.85,-0.924,-0.862,-0.79,-0.821,-0.977,-0.983,-0.432,-0.79,0.964,-0.868,-0.454,-0.998,-0.92,0.974,-0.577,-0.886,0.997,-0.972,-0.955,-0.739,0.909,0.871,-0.961,0.977,-0.989,0.926,0.901,0.917,-0.986,5.304,4.503,10.34,10.298,10.287,10.258,10.276,10.307,5.238,4.644,10.367,10.268,5.535,5.205,10.326,10.289,EssenceCatalog/problems/csplib-prob010-SocialGolfers/params/284b921cf01904af3cb2fd68831cee90.param
-0.968,-0.976,0.964,-0.959,-0.951,0.986,-0.741,0.981,0.959,-0.97,-0.869,0.959,-0.809,0.989,-0.951,-0.748,-0.501,0.83,0.917,0.625,0.944,-0.965,-0.987,-0.858,0.99,0.372,-0.561,-0.599,-0.959,0.988,0.873,0.733,-0.91,0.913,0.281,-0.993,0.952,0.997,0.783,-0.832,-0.967,-0.992,0.644,-0.741,0.989,0.959,0.985,-0.929,-0.994,-0.955,0.987,0.776,0.934,-0.997,0.778,-0.959,-0.573,-0.841,-0.484,-0.869,-0.889,-0.943,0.785,-0.998,0.967,0.876,0.977,0.975,-0.784,0.829,0.869,-0.893,-0.888,-0.752,-0.861,-0.977,-0.981,-0.465,-0.772,0.957,-0.773,0.302,-0.998,-0.937,0.974,0.261,-0.871,0.995,-0.961,-0.957,-0.845,0.894,0.869,-0.961,0.976,-0.987,0.925,0.881,0.883,-0.987,6.518,4.938,10.329,10.293,10.248,10.26,10.275,10.332,5.93,5.104,10.328,10.247,6.257,6.072,10.283,10.244,EssenceCatalog/problems/csplib-prob010-SocialGolfers/params/8697673d6a9e8c70139ff4a658c48d60.param
-0.971,-0.984,0.968,-0.963,-0.956,0.988,-0.618,0.984,0.96,-0.981,-0.958,0.944,-0.806,0.993,-0.957,-0.397,-0.225,0.817,0.919,0.282,0.944,-0.971,-0.992,-0.711,0.993,0.73,-0.835,-0.594,-0.978,0.991,0.915,0.906,-0.931,0.927,0.574,-0.993,0.943,0.997,0.811,-0.935,-0.983,-0.994,0.679,-0.928,0.99,0.963,0.992,-0.963,-0.994,-0.927,0.989,0.899,0.962,-0.998,0.655,-0.952,-0.946,-0.758,-0.833,-0.842,-0.947,-0.977,0.914,-0.998,0.978,0.947,0.979,0.985,-0.839,0.856,0.913,-0.953,-0.942,-0.792,-0.894,-0.981,-0.987,-0.532,-0.709,0.97,-0.627,0.862,-0.998,-0.975,0.977,-0.384,-0.856,0.997,-0.957,-0.973,-0.88,0.88,0.911,-0.965,0.978,-0.987,0.896,0.91,0.876,-0.991,6.935,5.26,10.389,10.375,10.362,10.359,10.353,10.403,6.271,5.427,10.424,10.35,6.564,6.577,10.378,10.312,EssenceCatalog/problems/csplib-prob010-SocialGolfers/params/fb2905bed0b81423672bfcc7b6b11b45.param
-0.967,-0.976,0.952,-0.954,-0.954,0.988,-0.921,0.981,0.959,-0.971,-0.917,0.968,-0.713,0.992,-0.967,-0.648,-0.519,0.908,0.973,0.866,0.949,-0.968,-0.986,-0.807,0.993,-0.139,-0.403,-0.651,-0.949,0.979,0.977,0.729,-0.925,0.936,-0.333,-0.993,0.964,0.997,0.691,-0.903,-0.966,-0.994,0.523,-0.74,0.987,0.964,0.986,-0.955,-0.994,-0.95,0.986,0.713,0.958,-0.998,0.806,-0.949,-0.494,-0.865,-0.614,-0.897,-0.981,-0.951,0.844,-0.998,0.966,0.822,0.98,0.979,-0.781,0.82,0.844,-0.938,-0.886,-0.764,-0.831,-0.974,-0.982,-0.393,-0.732,0.962,-0.782,0.055,-0.998,-0.938,0.968,-0.621,-0.869,0.997,-0.964,-0.957,-0.754,0.886,0.879,-0.956,0.977,-0.988,0.91,0.894,0.888,-0.987,5.692,4.732,10.324,10.301,10.295,10.26,10.276,10.329,5.514,4.869,10.352,10.291,5.793,5.601,10.312,10.273,EssenceCatalog/problems/csplib-prob010-SocialGolfers/params/ca98daa6b990fccd2c53f9d58e226fc7.param
-0.972,-0.983,0.967,-0.965,-0.958,0.988,-0.597,0.984,0.961,-0.982,-0.962,0.944,-0.8,0.993,-0.958,-0.388,-0.216,0.819,0.918,0.246,0.944,-0.971,-0.992,-0.695,0.994,0.749,-0.849,-0.601,-0.978,0.991,0.914,0.914,-0.933,0.93,0.579,-0.993,0.941,0.997,0.812,-0.941,-0.984,-0.994,0.69,-0.935,0.99,0.961,0.992,-0.966,-0.994,-0.927,0.99,0.904,0.964,-0.998,0.652,-0.953,-0.953,-0.757,-0.85,-0.842,-0.948,-0.979,0.92,-0.998,0.977,0.948,0.979,0.985,-0.848,0.861,0.915,-0.956,-0.946,-0.799,-0.901,-0.981,-0.987,-0.543,-0.712,0.97,-0.616,0.877,-0.998,-0.977,0.977,-0.402,-0.858,0.997,-0.956,-0.974,-0.88,0.883,0.914,-0.964,0.979,-0.988,0.898,0.914,0.876,-0.991,6.966,5.276,10.393,10.383,10.372,10.369,10.363,10.413,6.292,5.444,10.43,10.359,6.584,6.606,10.384,10.32,EssenceCatalog/problems/csplib-prob010-SocialGolfers/params/5e75c1f89a82d652f50fe5e720e72461.param
-0.971,-0.987,0.985,-0.965,-0.968,0.99,-0.824,0.982,0.969,-0.965,-0.787,0.983,-0.938,0.988,-0.961,-0.949,-0.899,0.862,0.793,0.78,0.962,-0.975,-0.989,-0.954,0.99,-0.051,-0.417,-0.679,-0.966,0.991,0.571,0.586,-0.929,0.927,0.466,-0.995,0.964,0.997,0.858,-0.641,-0.961,-0.994,0.72,-0.51,0.994,0.976,0.981,-0.9,-0.996,-0.98,0.993,0.67,0.904,-0.996,0.9,-0.979,0.145,-0.914,-0.098,-0.906,-0.417,-0.903,0.684,-0.998,0.966,0.849,0.985,0.985,-0.849,0.85,0.907,-0.812,-0.866,-0.846,-0.905,-0.983,-0.988,-0.669,-0.9,0.955,-0.93,-0.449,-0.998,-0.905,0.985,0.816,-0.909,0.996,-0.973,-0.963,-0.894,0.942,0.865,-0.979,0.976,-0.988,0.963,0.904,0.943,-0.986,6.499,4.745,10.421,10.325,10.236,10.274,10.306,10.336,5.81,4.899,10.376,10.254,6.175,5.739,10.335,10.299,EssenceCatalog/problems/csplib-prob010-SocialGolfers/params/62d0a4ced41f8b0d6b6a1fe7e3da949d.param
-0.965,-0.98,0.96,-0.952,-0.948,0.987,-0.927,0.98,0.96,-0.969,-0.909,0.968,-0.758,0.992,-0.967,-0.629,-0.611,0.902,0.962,0.868,0.951,-0.969,-0.987,-0.825,0.993,-0.1,-0.486,-0.602,-0.958,0.98,0.968,0.743,-0.929,0.923,-0.102,-0.993,0.965,0.997,0.69,-0.876,-0.967,-0.994,0.512,-0.74,0.989,0.967,0.985,-0.947,-0.994,-0.949,0.987,0.729,0.957,-0.997,0.803,-0.953,-0.542,-0.849,-0.563,-0.885,-0.971,-0.947,0.839,-0.997,0.965,0.835,0.98,0.982,-0.787,0.825,0.863,-0.924,-0.882,-0.758,-0.832,-0.976,-0.983,-0.407,-0.76,0.963,-0.803,0.138,-0.997,-0.944,0.973,-0.513,-0.846,0.996,-0.966,-0.958,-0.768,0.884,0.873,-0.96,0.975,-0.987,0.909,0.891,0.892,-0.986,5.845,4.79,10.356,10.319,10.295,10.275,10.289,10.338,5.602,4.923,10.379,10.301,5.892,5.687,10.333,10.285,EssenceCatalog/problems/csplib-prob010-SocialGolfers/params/bf8dd5af3710c51d91516ae8a74a238f.param
-0.972,-0.986,0.984,-0.965,-0.973,0.992,-0.908,0.982,0.972,-0.964,-0.794,0.988,-0.934,0.989,-0.964,-0.969,-0.941,0.906,0.844,0.894,0.965,-0.977,-0.989,-0.964,0.99,-0.387,-0.171,-0.718,-0.956,0.986,0.664,0.477,-0.937,0.939,0.223,-0.996,0.97,0.998,0.853,-0.624,-0.957,-0.995,0.713,-0.365,0.995,0.974,0.98,-0.903,-0.997,-0.984,0.994,0.51,0.903,-0.996,0.933,-0.98,0.564,-0.936,-0.027,-0.925,-0.52,-0.881,0.654,-0.998,0.956,0.776,0.987,0.983,-0.865,0.85,0.904,-0.802,-0.852,-0.866,-0.909,-0.982,-0.988,-0.689,-0.921,0.954,-0.955,-0.723,-0.998,-0.883,0.986,0.822,-0.92,0.996,-0.976,-0.965,-0.879,0.952,0.874,-0.981,0.977,-0.99,0.97,0.913,0.954,-0.985,6.028,4.527,10.389,10.306,10.215,10.248,10.281,10.304,5.522,4.675,10.34,10.226,5.873,5.365,10.31,10.29,EssenceCatalog/problems/csplib-prob010-SocialGolfers/params/dfdf0718b09c170157b79eb142b9aacc.param
-0.972,-0.977,0.957,-0.964,-0.957,0.987,-0.61,0.984,0.958,-0.982,-0.953,0.944,-0.743,0.993,-0.955,-0.462,-0.149,0.828,0.936,0.34,0.943,-0.97,-0.991,-0.699,0.993,0.705,-0.799,-0.618,-0.969,0.989,0.93,0.887,-0.921,0.933,0.388,-0.993,0.943,0.997,0.788,-0.937,-0.981,-0.994,0.679,-0.919,0.988,0.953,0.992,-0.965,-0.994,-0.931,0.989,0.875,0.96,-0.998,0.672,-0.95,-0.921,-0.784,-0.825,-0.859,-0.958,-0.976,0.906,-0.998,0.974,0.931,0.978,0.979,-0.826,0.848,0.889,-0.953,-0.94,-0.782,-0.894,-0.977,-0.985,-0.502,-0.699,0.966,-0.602,0.822,-0.998,-0.971,0.972,-0.387,-0.869,0.997,-0.953,-0.971,-0.856,0.884,0.908,-0.959,0.979,-0.988,0.902,0.91,0.867,-0.991,6.801,5.198,10.337,10.342,10.343,10.33,10.329,10.384,6.187,5.366,10.372,10.322,6.472,6.489,10.329,10.283,EssenceCatalog/problems/csplib-prob010-SocialGolfers/params/850e8da2959c057e44844f57e58920d4.param
-0.993,-0.975,0.982,-0.992,-0.992,0.994,0.975,0.996,0.988,-0.992,-0.988,0.976,-0.945,0.994,-0.89,-0.956,-0.213,0.584,-0.371,-0.985,0.954,-0.989,-0.996,-0.863,0.996,0.992,-0.977,-0.905,-0.987,0.998,-0.935,0.984,-0.962,0.979,0.968,-0.998,0.777,0.998,0.977,-0.984,-0.995,-0.998,0.971,-0.989,0.994,0.915,0.999,-0.986,-0.998,-0.979,0.996,0.983,0.948,-0.999,0.8,-0.989,-0.994,-0.908,-0.975,-0.92,0.695,-0.995,0.968,-0.999,0.987,0.991,0.988,0.981,-0.973,0.959,0.98,-0.972,-0.992,-0.967,-0.988,-0.987,-0.992,-0.928,-0.911,0.978,-0.812,0.992,-0.999,-0.992,0.99,0.947,-0.972,0.999,-0.968,-0.989,-0.988,0.958,0.976,-0.987,0.994,-0.997,0.983,0.971,0.947,-0.997,9.349,5.685,10.258,10.224,10.253,10.279,10.266,10.236,7.343,5.989,10.261,10.198,7.784,7.703,10.263,10.245,EssenceCatalog/problems/csplib-prob010-SocialGolfers/params/1b785e1a5614155441b21ad9d1ae3d7a.param
-0.966,-0.981,0.963,-0.954,-0.945,0.987,-0.854,0.981,0.961,-0.974,-0.93,0.956,-0.773,0.992,-0.962,-0.492,-0.467,0.864,0.945,0.708,0.946,-0.968,-0.99,-0.775,0.993,0.357,-0.684,-0.559,-0.969,0.985,0.948,0.829,-0.928,0.915,0.287,-0.993,0.956,0.997,0.744,-0.894,-0.975,-0.993,0.574,-0.842,0.99,0.964,0.988,-0.95,-0.993,-0.936,0.987,0.82,0.959,-0.997,0.734,-0.951,-0.818,-0.794,-0.67,-0.857,-0.96,-0.96,0.872,-0.997,0.969,0.896,0.978,0.983,-0.806,0.837,0.89,-0.933,-0.907,-0.757,-0.855,-0.977,-0.985,-0.442,-0.732,0.967,-0.733,0.594,-0.997,-0.961,0.976,-0.444,-0.833,0.996,-0.962,-0.964,-0.822,0.876,0.885,-0.963,0.975,-0.986,0.897,0.895,0.881,-0.988,6.388,5.04,10.375,10.353,10.337,10.325,10.326,10.376,5.945,5.183,10.4,10.335,6.235,6.137,10.356,10.307,EssenceCatalog/problems/csplib-prob010-SocialGolfers/params/6aa553a066d64851fa907712eea34a83.param
-0.966,-0.985,0.968,-0.954,-0.938,0.988,-0.843,0.981,0.962,-0.971,-0.926,0.956,-0.805,0.991,-0.96,-0.474,-0.461,0.854,0.936,0.663,0.945,-0.969,-0.99,-0.782,0.993,0.395,-0.721,-0.549,-0.974,0.988,0.943,0.836,-0.928,0.914,0.412,-0.993,0.958,0.997,0.758,-0.895,-0.975,-0.994,0.573,-0.859,0.989,0.968,0.988,-0.948,-0.993,-0.933,0.986,0.854,0.961,-0.997,0.719,-0.952,-0.862,-0.79,-0.674,-0.854,-0.957,-0.957,0.875,-0.998,0.974,0.914,0.979,0.985,-0.803,0.839,0.898,-0.935,-0.908,-0.768,-0.854,-0.981,-0.984,-0.445,-0.732,0.968,-0.73,0.649,-0.997,-0.961,0.977,-0.405,-0.831,0.997,-0.964,-0.962,-0.846,0.862,0.891,-0.968,0.976,-0.986,0.892,0.888,0.877,-0.987,6.504,5.087,10.395,10.362,10.336,10.329,10.33,10.382,6.013,5.232,10.421,10.341,6.307,6.216,10.373,10.313,EssenceCatalog/problems/csplib-prob010-SocialGolfers/params/740238fb994a878f582d5f39dd9b694d.param
-0.98,-0.822,0.852,-0.978,-0.989,0.991,-0.971,0.983,0.981,-0.984,-0.917,0.991,-0.511,0.996,-0.974,-0.978,-0.945,0.967,0.97,0.968,0.97,-0.983,-0.992,-0.918,0.995,-0.434,0.243,-0.787,-0.592,0.847,0.888,0.407,-0.947,0.959,-0.715,-0.997,0.955,0.999,0.683,-0.763,-0.976,-0.996,0.794,-0.413,0.998,0.796,0.984,-0.932,-0.998,-0.988,0.998,-0.348,0.928,-0.997,0.966,-0.978,0.919,-0.957,-0.227,-0.96,-0.902,-0.945,0.731,-0.998,0.745,0.158,0.989,0.819,-0.92,0.897,0.89,-0.859,-0.923,-0.891,-0.94,-0.858,-0.993,-0.72,-0.951,0.955,-0.952,-0.654,-0.999,-0.938,0.989,0.718,-0.934,0.997,-0.971,-0.977,-0.459,0.978,0.872,-0.972,0.982,-0.994,0.978,0.955,0.968,-0.993,5.15,4.202,9.9,10.27,10.301,10.351,10.339,10.314,5.049,4.33,9.862,10.185,5.385,4.898,9.94,10.292,EssenceCatalog/problems/csplib-prob010-SocialGolfers/params/5ea04a0f541b85fe3595b1f7a6fbb1ed.param
-0.97,-0.958,0.931,-0.966,-0.988,0.992,-0.991,0.982,0.97,-0.979,-0.957,0.992,-0.713,0.996,-0.99,-0.923,-0.928,0.975,0.994,0.987,0.967,-0.981,-0.989,-0.885,0.997,-0.889,0.662,-0.87,-0.865,0.89,0.992,0.409,-0.968,0.974,-0.947,-0.995,0.971,0.999,0.637,-0.941,-0.966,-0.997,0.557,-0.284,0.993,0.962,0.983,-0.968,-0.997,-0.981,0.996,-0.03,0.961,-0.998,0.95,-0.965,0.864,-0.964,-0.522,-0.97,-0.993,-0.952,0.807,-0.998,0.939,0.47,0.992,0.964,-0.888,0.851,0.895,-0.947,-0.889,-0.867,-0.864,-0.951,-0.992,-0.656,-0.878,0.978,-0.948,-0.872,-0.998,-0.927,0.984,-0.85,-0.946,0.998,-0.98,-0.966,-0.47,0.957,0.897,-0.964,0.978,-0.993,0.957,0.955,0.97,-0.99,4.651,4.196,10.229,10.324,10.346,10.376,10.315,10.274,4.852,4.319,10.253,10.276,5.135,4.701,10.246,10.368,EssenceCatalog/problems/csplib-prob010-SocialGolfers/params/f2f2d7750a887b848787d2be4c9c5346.param
-0.972,-0.984,0.975,-0.965,-0.954,0.988,-0.418,0.984,0.963,-0.979,-0.933,0.945,-0.857,0.991,-0.948,-0.577,-0.284,0.757,0.863,0.047,0.942,-0.97,-0.992,-0.783,0.992,0.784,-0.827,-0.591,-0.979,0.993,0.789,0.884,-0.925,0.918,0.695,-0.993,0.942,0.997,0.838,-0.905,-0.981,-0.993,0.724,-0.909,0.99,0.965,0.991,-0.951,-0.994,-0.941,0.989,0.906,0.951,-0.997,0.659,-0.962,-0.929,-0.769,-0.761,-0.843,-0.859,-0.97,0.882,-0.998,0.979,0.949,0.978,0.985,-0.833,0.856,0.916,-0.933,-0.936,-0.792,-0.897,-0.983,-0.986,-0.562,-0.739,0.969,-0.675,0.842,-0.998,-0.971,0.979,0.15,-0.868,0.997,-0.96,-0.968,-0.904,0.882,0.906,-0.969,0.979,-0.988,0.916,0.901,0.876,-0.991,7.294,5.293,10.375,10.348,10.311,10.331,10.333,10.385,6.412,5.487,10.397,10.302,6.745,6.724,10.35,10.281,EssenceCatalog/problems/csplib-prob010-SocialGolfers/params/ef3593821cdedb499b8f11bf7f0cb732.param
-0.971,-0.984,0.981,-0.963,-0.971,0.991,-0.89,0.981,0.971,-0.964,-0.798,0.986,-0.922,0.989,-0.963,-0.96,-0.918,0.893,0.856,0.872,0.962,-0.975,-0.988,-0.956,0.99,-0.291,-0.184,-0.712,-0.954,0.986,0.684,0.501,-0.935,0.933,0.21,-0.995,0.967,0.997,0.845,-0.645,-0.958,-0.994,0.712,-0.402,0.994,0.972,0.98,-0.903,-0.996,-0.983,0.993,0.548,0.903,-0.996,0.92,-0.977,0.476,-0.927,-0.073,-0.919,-0.567,-0.892,0.652,-0.998,0.956,0.787,0.986,0.982,-0.857,0.852,0.903,-0.808,-0.854,-0.854,-0.902,-0.981,-0.987,-0.659,-0.911,0.955,-0.945,-0.647,-0.998,-0.888,0.986,0.796,-0.914,0.996,-0.974,-0.963,-0.871,0.946,0.868,-0.979,0.977,-0.989,0.965,0.905,0.947,-0.985,6.065,4.555,10.385,10.307,10.217,10.25,10.28,10.309,5.552,4.708,10.337,10.23,5.903,5.422,10.307,10.287,EssenceCatalog/problems/csplib-prob010-SocialGolfers/params/b875c49078182b15032527744c7d208d.param
-0.966,-0.994,0.993,-0.956,-0.977,0.992,-0.946,0.979,0.962,-0.964,-0.795,0.989,-0.967,0.99,-0.973,-0.971,-0.965,0.915,0.858,0.932,0.97,-0.971,-0.989,-0.977,0.988,-0.64,-0.033,-0.657,-0.976,0.99,0.754,0.473,-0.945,0.942,0.245,-0.995,0.976,0.997,0.885,-0.63,-0.958,-0.994,0.54,-0.144,0.995,0.987,0.976,-0.908,-0.996,-0.983,0.993,0.427,0.906,-0.995,0.94,-0.98,0.639,-0.946,0.155,-0.921,-0.599,-0.852,0.635,-0.997,0.972,0.83,0.987,0.992,-0.841,0.77,0.899,-0.788,-0.806,-0.856,-0.884,-0.989,-0.989,-0.771,-0.911,0.959,-0.964,-0.861,-0.997,-0.856,0.985,0.715,-0.916,0.996,-0.975,-0.969,-0.91,0.958,0.874,-0.981,0.97,-0.987,0.969,0.918,0.963,-0.982,5.763,4.417,10.355,10.219,10.116,10.162,10.196,10.192,5.352,4.552,10.331,10.124,5.696,5.152,10.277,10.203,EssenceCatalog/problems/csplib-prob010-SocialGolfers/params/19478838a295f8b77e55d35798306128.param
-0.988,0.982,-0.96,-0.979,-0.984,0.79,0.446,0.958,0.868,-0.987,-0.955,0.937,0.989,0.982,-0.367,-0.919,0.486,0.965,0.929,0.716,0.976,-0.97,-0.801,-0.244,0.94,0.923,-0.961,-0.622,0.992,0.601,0.913,0.808,0.647,0.985,-0.962,-0.996,0.806,0.995,-0.591,-0.906,-0.964,-0.994,0.876,-0.95,0.97,-0.991,0.995,-0.987,-0.994,-0.97,0.985,-0.913,0.929,-0.993,0.958,-0.961,0.824,-0.98,-0.86,-0.938,-0.974,-0.959,0.963,-0.996,-0.83,-0.876,0.879,-0.994,-0.856,0.269,-0.906,-0.96,-0.982,-0.775,-0.981,0.873,-0.968,-0.875,-0.952,-0.829,0.474,0.781,-0.996,-0.813,-0.57,0.897,-0.922,0.992,0.294,-0.97,0.943,0.957,0.947,0.695,0.93,-0.986,0.971,0.911,0.631,-0.979,3.776,2.824,3.725,8.001,8.721,8.553,8.774,9.131,3.56,3.145,3.64,8.049,4.132,3.943,4.729,8.068,EssenceCatalog/problems/csplib-prob010-SocialGolfers/params/ord18-6-7-4.param
-0.965,-0.98,0.959,-0.952,-0.945,0.987,-0.917,0.98,0.961,-0.969,-0.921,0.964,-0.75,0.992,-0.967,-0.547,-0.567,0.895,0.961,0.838,0.949,-0.969,-0.988,-0.791,0.993,0.039,-0.574,-0.586,-0.961,0.98,0.968,0.78,-0.932,0.921,0.01,-0.993,0.963,0.997,0.692,-0.891,-0.971,-0.994,0.518,-0.793,0.989,0.965,0.987,-0.951,-0.994,-0.942,0.986,0.774,0.961,-0.997,0.774,-0.951,-0.692,-0.828,-0.619,-0.876,-0.973,-0.952,0.864,-0.997,0.966,0.857,0.981,0.982,-0.798,0.835,0.878,-0.933,-0.894,-0.765,-0.839,-0.976,-0.984,-0.408,-0.748,0.967,-0.777,0.345,-0.997,-0.953,0.975,-0.578,-0.842,0.997,-0.966,-0.959,-0.778,0.874,0.881,-0.963,0.975,-0.987,0.9,0.894,0.888,-0.986,6.009,4.889,10.368,10.34,10.323,10.3,10.31,10.361,5.72,5.022,10.395,10.328,6.004,5.847,10.35,10.304,EssenceCatalog/problems/csplib-prob010-SocialGolfers/params/d979222e2e5a2a16590572712cc0cf3a.param
-0.967,-0.976,0.954,-0.955,-0.952,0.987,-0.895,0.981,0.959,-0.97,-0.909,0.965,-0.727,0.991,-0.963,-0.656,-0.483,0.894,0.966,0.825,0.947,-0.967,-0.986,-0.811,0.993,-0.007,-0.447,-0.641,-0.952,0.982,0.968,0.732,-0.92,0.932,-0.214,-0.993,0.962,0.997,0.712,-0.893,-0.966,-0.994,0.549,-0.748,0.987,0.963,0.986,-0.951,-0.994,-0.95,0.986,0.733,0.954,-0.997,0.794,-0.949,-0.537,-0.857,-0.602,-0.891,-0.974,-0.95,0.834,-0.998,0.967,0.836,0.979,0.978,-0.779,0.82,0.845,-0.932,-0.886,-0.759,-0.833,-0.975,-0.981,-0.396,-0.73,0.96,-0.772,0.139,-0.998,-0.938,0.968,-0.49,-0.867,0.996,-0.963,-0.956,-0.777,0.884,0.878,-0.956,0.977,-0.988,0.911,0.889,0.882,-0.987,5.846,4.779,10.321,10.296,10.282,10.255,10.269,10.326,5.598,4.92,10.342,10.281,5.879,5.703,10.301,10.262,EssenceCatalog/problems/csplib-prob010-SocialGolfers/params/b289c74aa4efe58e9810533963a60db6.param
-0.975,-0.903,0.865,-0.973,-0.991,0.992,-0.992,0.983,0.975,-0.984,-0.967,0.993,-0.535,0.997,-0.99,-0.942,-0.937,0.981,0.995,0.988,0.97,-0.984,-0.992,-0.853,0.997,-0.848,0.658,-0.883,-0.733,0.8,0.991,0.394,-0.97,0.977,-0.962,-0.996,0.966,0.999,0.574,-0.941,-0.972,-0.997,0.644,-0.346,0.995,0.922,0.985,-0.97,-0.997,-0.985,0.997,-0.282,0.961,-0.998,0.961,-0.968,0.91,-0.969,-0.554,-0.974,-0.993,-0.961,0.821,-0.998,0.885,0.272,0.992,0.918,-0.914,0.874,0.904,-0.947,-0.913,-0.882,-0.894,-0.897,-0.994,-0.693,-0.907,0.977,-0.95,-0.834,-0.999,-0.942,0.986,-0.784,-0.95,0.998,-0.979,-0.973,-0.281,0.968,0.902,-0.964,0.98,-0.994,0.966,0.964,0.975,-0.992,4.563,4.15,10.053,10.29,10.339,10.38,10.317,10.261,4.794,4.257,10.079,10.24,5.077,4.648,10.103,10.345,EssenceCatalog/problems/csplib-prob010-SocialGolfers/params/bde9137e05f3a0e1991fad0bc6611641.param
-0.993,0.997,-0.989,-0.996,-0.992,0.979,-0.41,0.986,0.992,-0.988,-0.992,0.982,0.992,0.996,-0.814,-0.985,-0.78,0.984,0.896,0.667,0.976,-0.994,-0.986,0.357,0.994,0.989,-0.882,-0.929,0.995,-0.739,0.166,0.666,-0.847,0.994,-0.836,-0.999,0.344,0.999,-0.145,-0.924,-0.995,-0.997,0.98,-0.988,0.997,-0.998,0.997,-0.985,-0.998,-0.989,0.999,-0.902,0.974,-0.999,0.984,-0.984,0.519,-0.978,-0.943,-0.986,-0.901,-0.984,0.985,-0.999,-0.959,-0.849,0.986,-0.998,-0.98,0.952,0.767,-0.962,-0.994,-0.949,-0.994,0.992,-0.995,-0.952,-0.991,0.704,-0.739,0.991,-0.999,-0.991,0.915,0.989,-0.958,0.999,-0.843,-0.99,0.794,0.984,0.964,-0.845,0.989,-0.996,0.993,0.984,0.921,-0.997,4.908,3.662,4.941,10.039,10.41,10.274,10.435,10.629,4.527,3.933,4.982,9.974,5.121,4.798,6.064,10.009,EssenceCatalog/problems/csplib-prob010-SocialGolfers/params/5023a4d1dbbe1f2ab499fbe287197fd4.param
-0.971,-0.983,0.967,-0.963,-0.956,0.988,-0.628,0.984,0.959,-0.981,-0.959,0.945,-0.799,0.993,-0.958,-0.389,-0.218,0.821,0.924,0.306,0.944,-0.97,-0.992,-0.702,0.993,0.722,-0.832,-0.597,-0.977,0.99,0.922,0.906,-0.93,0.928,0.55,-0.993,0.943,0.997,0.807,-0.937,-0.983,-0.994,0.676,-0.928,0.989,0.962,0.992,-0.964,-0.994,-0.926,0.989,0.897,0.963,-0.998,0.659,-0.952,-0.946,-0.761,-0.835,-0.844,-0.952,-0.977,0.915,-0.998,0.978,0.946,0.979,0.985,-0.839,0.854,0.91,-0.954,-0.942,-0.792,-0.893,-0.981,-0.986,-0.533,-0.706,0.97,-0.623,0.859,-0.998,-0.975,0.976,-0.419,-0.857,0.997,-0.956,-0.973,-0.877,0.88,0.911,-0.964,0.978,-0.987,0.895,0.91,0.875,-0.991,6.9,5.252,10.385,10.374,10.363,10.358,10.353,10.403,6.254,5.417,10.422,10.351,6.544,6.559,10.375,10.312,EssenceCatalog/problems/csplib-prob010-SocialGolfers/params/69825952a71980bdeff1ed94931fb77c.param
-0.968,-0.982,0.962,-0.957,-0.948,0.988,-0.795,0.982,0.959,-0.977,-0.946,0.951,-0.763,0.992,-0.96,-0.413,-0.317,0.854,0.946,0.59,0.944,-0.969,-0.99,-0.722,0.993,0.514,-0.758,-0.584,-0.971,0.987,0.952,0.867,-0.928,0.925,0.334,-0.993,0.952,0.997,0.759,-0.924,-0.978,-0.994,0.606,-0.893,0.988,0.962,0.99,-0.96,-0.993,-0.929,0.987,0.86,0.963,-0.998,0.695,-0.948,-0.897,-0.781,-0.772,-0.854,-0.968,-0.968,0.898,-0.998,0.974,0.919,0.978,0.983,-0.814,0.843,0.892,-0.949,-0.924,-0.771,-0.871,-0.979,-0.985,-0.462,-0.7,0.968,-0.666,0.735,-0.998,-0.967,0.974,-0.543,-0.846,0.997,-0.959,-0.967,-0.84,0.87,0.9,-0.962,0.977,-0.987,0.891,0.9,0.873,-0.989,6.533,5.124,10.367,10.358,10.354,10.336,10.333,10.386,6.049,5.272,10.401,10.346,6.327,6.293,10.357,10.307,EssenceCatalog/problems/csplib-prob010-SocialGolfers/params/5699510b552c696573352b932384014d.param
-0.97,-0.979,0.958,-0.961,-0.952,0.987,-0.717,0.983,0.958,-0.979,-0.946,0.948,-0.747,0.992,-0.956,-0.455,-0.229,0.841,0.942,0.488,0.943,-0.969,-0.99,-0.715,0.993,0.605,-0.768,-0.603,-0.968,0.988,0.942,0.869,-0.922,0.928,0.339,-0.993,0.949,0.997,0.769,-0.928,-0.979,-0.994,0.643,-0.9,0.988,0.957,0.991,-0.961,-0.994,-0.932,0.988,0.862,0.961,-0.998,0.689,-0.949,-0.898,-0.786,-0.79,-0.858,-0.963,-0.971,0.898,-0.998,0.973,0.921,0.978,0.981,-0.815,0.842,0.885,-0.949,-0.93,-0.771,-0.879,-0.977,-0.985,-0.475,-0.699,0.966,-0.64,0.764,-0.998,-0.967,0.972,-0.44,-0.859,0.997,-0.956,-0.968,-0.845,0.876,0.902,-0.96,0.978,-0.988,0.898,0.903,0.868,-0.99,6.644,5.147,10.345,10.345,10.343,10.328,10.326,10.382,6.102,5.305,10.377,10.328,6.383,6.37,10.334,10.291,EssenceCatalog/problems/csplib-prob010-SocialGolfers/params/e3213a2d32626b36839bdd953fb66825.param
-0.986,-0.987,0.992,-0.987,-0.98,0.995,-0.083,0.993,0.986,-0.973,-0.833,0.993,-0.976,0.985,-0.928,-0.989,-0.963,0.853,-0.264,0.085,0.978,-0.99,-0.994,-0.981,0.993,0.723,-0.864,-0.852,-0.971,0.996,-0.791,0.783,-0.943,0.968,0.919,-0.998,0.957,0.998,0.946,-0.617,-0.977,-0.997,0.919,-0.807,0.998,0.968,0.991,-0.929,-0.998,-0.993,0.996,0.835,0.898,-0.998,0.952,-0.993,-0.331,-0.956,-0.221,-0.941,0.851,-0.919,0.807,-0.999,0.971,0.921,0.992,0.985,-0.946,0.922,0.957,-0.84,-0.953,-0.94,-0.979,-0.982,-0.993,-0.905,-0.969,0.948,-0.975,0.126,-0.999,-0.938,0.991,0.988,-0.96,0.998,-0.981,-0.976,-0.959,0.971,0.925,-0.991,0.986,-0.995,0.988,0.949,0.971,-0.991,8.422,5.311,10.35,10.245,10.235,10.254,10.291,10.273,6.794,5.522,10.269,10.233,7.219,6.836,10.255,10.273,EssenceCatalog/problems/csplib-prob010-SocialGolfers/params/b1e9a72c737c4cae9365f597007789fc.param
-0.969,-0.979,0.964,-0.957,-0.967,0.99,-0.955,0.981,0.965,-0.965,-0.866,0.983,-0.813,0.992,-0.972,-0.884,-0.827,0.929,0.966,0.94,0.958,-0.973,-0.985,-0.916,0.993,-0.556,0.001,-0.715,-0.941,0.976,0.957,0.539,-0.937,0.939,-0.463,-0.995,0.971,0.998,0.734,-0.822,-0.955,-0.995,0.571,-0.455,0.991,0.969,0.982,-0.939,-0.996,-0.974,0.99,0.514,0.941,-0.997,0.9,-0.965,0.364,-0.919,-0.33,-0.925,-0.951,-0.922,0.743,-0.998,0.958,0.718,0.985,0.979,-0.815,0.834,0.856,-0.891,-0.85,-0.813,-0.842,-0.976,-0.984,-0.485,-0.844,0.959,-0.905,-0.611,-0.998,-0.905,0.979,-0.078,-0.899,0.996,-0.974,-0.956,-0.762,0.925,0.865,-0.966,0.978,-0.989,0.944,0.899,0.928,-0.986,5.351,4.431,10.332,10.3,10.264,10.26,10.276,10.302,5.224,4.573,10.332,10.249,5.528,5.128,10.298,10.289,EssenceCatalog/problems/csplib-prob010-SocialGolfers/params/c9e8e34332d389b6896ad2d11438f171.param
-0.991,0.92,-0.59,-0.994,-0.985,0.974,0.978,0.991,0.989,-0.983,-0.987,0.966,0.843,0.983,-0.355,-0.977,0.123,0.849,-0.301,-0.946,0.951,-0.984,-0.972,-0.528,0.987,0.998,-0.977,-0.905,0.769,0.888,-0.954,0.962,-0.822,0.987,0.821,-0.997,0.015,0.995,0.903,-0.968,-0.992,-0.995,0.988,-0.993,0.989,-0.969,0.997,-0.99,-0.997,-0.977,0.993,0.69,0.947,-0.998,0.94,-0.985,-0.945,-0.953,-0.974,-0.959,0.487,-0.987,0.988,-0.998,0.038,0.66,0.973,-0.958,-0.981,0.953,0.914,-0.965,-0.993,-0.961,-0.992,0.77,-0.98,-0.962,-0.956,0.874,-0.58,0.996,-0.998,-0.991,0.918,0.99,-0.956,0.999,-0.865,-0.981,-0.675,0.972,0.973,-0.907,0.991,-0.995,0.985,0.96,0.896,-0.993,7.761,4.558,6.829,9.201,9.69,9.625,9.551,9.703,6.137,5.043,6.947,9.175,6.694,6.628,7.606,9.423,EssenceCatalog/problems/csplib-prob010-SocialGolfers/params/c04df57f583c352e986b7b4e43445143.param
-0.974,-0.938,0.932,-0.969,-0.971,0.988,-0.662,0.983,0.965,-0.972,-0.864,0.971,-0.72,0.991,-0.948,-0.913,-0.554,0.858,0.942,0.641,0.941,-0.968,-0.985,-0.887,0.991,0.235,-0.182,-0.744,-0.893,0.98,0.818,0.613,-0.907,0.942,-0.3,-0.994,0.94,0.997,0.84,-0.828,-0.963,-0.993,0.752,-0.62,0.988,0.923,0.985,-0.937,-0.995,-0.973,0.99,0.586,0.909,-0.997,0.851,-0.963,0.097,-0.908,-0.417,-0.919,-0.865,-0.942,0.719,-0.998,0.947,0.781,0.978,0.938,-0.825,0.844,0.861,-0.893,-0.894,-0.797,-0.895,-0.96,-0.98,-0.517,-0.818,0.945,-0.834,-0.213,-0.998,-0.919,0.973,0.51,-0.926,0.995,-0.958,-0.954,-0.821,0.93,0.866,-0.958,0.982,-0.992,0.953,0.895,0.91,-0.99,6.095,4.643,10.256,10.274,10.255,10.254,10.276,10.331,5.621,4.835,10.227,10.228,5.949,5.668,10.216,10.246,EssenceCatalog/problems/csplib-prob010-SocialGolfers/params/c1f2b368b0d2fef178b4a08e1af97be9.param
-0.969,-0.973,0.947,-0.957,-0.952,0.987,-0.847,0.982,0.958,-0.975,-0.929,0.958,-0.689,0.992,-0.961,-0.578,-0.335,0.883,0.966,0.743,0.945,-0.967,-0.987,-0.756,0.993,0.242,-0.571,-0.637,-0.952,0.982,0.968,0.79,-0.918,0.935,-0.136,-0.993,0.956,0.997,0.722,-0.916,-0.972,-0.994,0.577,-0.824,0.986,0.956,0.988,-0.958,-0.994,-0.941,0.986,0.777,0.958,-0.998,0.758,-0.946,-0.717,-0.836,-0.698,-0.885,-0.978,-0.961,0.866,-0.998,0.967,0.865,0.978,0.976,-0.789,0.824,0.849,-0.944,-0.906,-0.758,-0.85,-0.973,-0.982,-0.41,-0.703,0.96,-0.706,0.423,-0.998,-0.95,0.966,-0.553,-0.869,0.997,-0.958,-0.96,-0.785,0.881,0.888,-0.954,0.977,-0.988,0.906,0.897,0.872,-0.988,6.077,4.909,10.307,10.309,10.316,10.283,10.292,10.351,5.76,5.053,10.334,10.303,6.03,5.935,10.297,10.271,EssenceCatalog/problems/csplib-prob010-SocialGolfers/params/616800489c12892c66cdc9a6003d598c.param
-0.966,-0.978,0.955,-0.953,-0.95,0.987,-0.911,0.981,0.959,-0.972,-0.925,0.963,-0.724,0.992,-0.966,-0.563,-0.508,0.897,0.966,0.837,0.949,-0.969,-0.988,-0.789,0.993,0.035,-0.543,-0.605,-0.957,0.98,0.972,0.778,-0.927,0.926,-0.102,-0.993,0.962,0.997,0.691,-0.898,-0.97,-0.994,0.528,-0.787,0.989,0.964,0.986,-0.953,-0.994,-0.944,0.987,0.751,0.959,-0.997,0.78,-0.949,-0.655,-0.837,-0.641,-0.881,-0.977,-0.955,0.861,-0.997,0.966,0.851,0.979,0.981,-0.788,0.825,0.86,-0.936,-0.895,-0.755,-0.841,-0.975,-0.983,-0.405,-0.731,0.964,-0.761,0.295,-0.997,-0.949,0.971,-0.598,-0.849,0.997,-0.963,-0.961,-0.769,0.88,0.88,-0.957,0.975,-0.987,0.902,0.895,0.887,-0.987,5.932,4.854,10.34,10.321,10.313,10.285,10.296,10.347,5.672,4.989,10.368,10.311,5.952,5.8,10.325,10.285,EssenceCatalog/problems/csplib-prob010-SocialGolfers/params/79c77d3bfee27ad9c851bcb688e297d5.param
-0.979,-0.977,0.967,-0.971,-0.964,0.989,-0.015,0.986,0.963,-0.983,-0.947,0.941,-0.821,0.992,-0.938,-0.647,-0.03,0.717,0.855,-0.302,0.94,-0.971,-0.992,-0.747,0.992,0.881,-0.851,-0.657,-0.973,0.994,0.715,0.906,-0.92,0.934,0.69,-0.994,0.924,0.997,0.857,-0.93,-0.984,-0.994,0.795,-0.935,0.989,0.947,0.993,-0.963,-0.995,-0.944,0.99,0.915,0.949,-0.998,0.647,-0.963,-0.945,-0.789,-0.835,-0.856,-0.841,-0.978,0.897,-0.998,0.979,0.956,0.977,0.977,-0.855,0.863,0.911,-0.944,-0.953,-0.815,-0.922,-0.98,-0.985,-0.618,-0.731,0.965,-0.601,0.897,-0.998,-0.974,0.976,0.304,-0.897,0.997,-0.954,-0.971,-0.917,0.89,0.921,-0.965,0.982,-0.99,0.927,0.908,0.871,-0.993,7.58,5.348,10.296,10.287,10.26,10.282,10.289,10.344,6.538,5.575,10.334,10.233,6.884,6.925,10.283,10.215,EssenceCatalog/problems/csplib-prob010-SocialGolfers/params/25512f530a924c8b61e0621af65ef893.param
-0.992,0.99,-0.947,-0.99,-0.953,0.968,0.751,0.985,0.982,-0.967,-0.958,0.959,0.99,0.975,-0.21,-0.957,0.561,0.927,0.663,-0.495,0.94,-0.983,-0.917,-0.116,0.988,0.995,-0.976,-0.827,0.981,0.709,-0.205,0.91,-0.493,0.983,-0.001,-0.997,0.341,0.997,0.536,-0.966,-0.979,-0.996,0.972,-0.992,0.966,-0.995,0.996,-0.989,-0.996,-0.97,0.982,0.3,0.964,-0.999,0.931,-0.974,-0.847,-0.954,-0.96,-0.962,-0.83,-0.956,0.984,-0.998,-0.571,-0.065,0.97,-0.996,-0.95,0.913,0.584,-0.973,-0.991,-0.932,-0.991,0.935,-0.966,-0.833,-0.946,0.524,0.1,0.992,-0.998,-0.98,0.768,0.977,-0.912,0.998,-0.814,-0.963,0.187,0.929,0.966,-0.775,0.988,-0.991,0.978,0.911,0.549,-0.984,6.182,4.043,5.531,9.01,9.503,9.39,9.46,9.737,5.212,4.442,5.645,8.981,5.764,5.776,6.5,9.099,EssenceCatalog/problems/csplib-prob010-SocialGolfers/params/ord25-3-8-5.param
-0.972,-0.981,0.964,-0.963,-0.955,0.988,-0.635,0.984,0.959,-0.981,-0.956,0.945,-0.782,0.993,-0.956,-0.412,-0.204,0.825,0.927,0.333,0.944,-0.97,-0.992,-0.702,0.993,0.709,-0.823,-0.603,-0.975,0.99,0.925,0.898,-0.927,0.929,0.504,-0.993,0.944,0.997,0.797,-0.936,-0.982,-0.994,0.675,-0.925,0.989,0.959,0.992,-0.964,-0.994,-0.928,0.989,0.891,0.962,-0.998,0.665,-0.951,-0.938,-0.768,-0.83,-0.848,-0.953,-0.976,0.912,-0.998,0.976,0.94,0.978,0.984,-0.833,0.853,0.903,-0.953,-0.94,-0.788,-0.892,-0.98,-0.986,-0.518,-0.703,0.969,-0.62,0.845,-0.998,-0.974,0.975,-0.409,-0.859,0.997,-0.956,-0.972,-0.87,0.879,0.91,-0.962,0.978,-0.988,0.897,0.909,0.872,-0.991,6.861,5.233,10.371,10.365,10.358,10.35,10.346,10.398,6.229,5.398,10.407,10.344,6.517,6.53,10.362,10.305,EssenceCatalog/problems/csplib-prob010-SocialGolfers/params/ac56fb68a4e79bab42cc69f33a64b262.param
-0.966,-0.981,0.961,-0.952,-0.943,0.988,-0.881,0.981,0.962,-0.971,-0.927,0.96,-0.764,0.992,-0.964,-0.507,-0.482,0.873,0.953,0.753,0.945,-0.968,-0.989,-0.771,0.993,0.25,-0.643,-0.585,-0.966,0.984,0.958,0.808,-0.93,0.92,0.178,-0.993,0.958,0.997,0.725,-0.898,-0.974,-0.994,0.554,-0.833,0.988,0.965,0.988,-0.951,-0.993,-0.937,0.986,0.817,0.961,-0.997,0.746,-0.95,-0.797,-0.808,-0.658,-0.869,-0.968,-0.956,0.869,-0.997,0.97,0.888,0.979,0.983,-0.803,0.839,0.888,-0.937,-0.903,-0.765,-0.843,-0.977,-0.984,-0.428,-0.733,0.968,-0.75,0.53,-0.997,-0.958,0.976,-0.525,-0.839,0.997,-0.964,-0.96,-0.812,0.867,0.887,-0.965,0.976,-0.987,0.896,0.891,0.881,-0.987,6.254,4.993,10.376,10.352,10.335,10.316,10.322,10.375,5.87,5.132,10.403,10.338,6.154,6.043,10.358,10.31,EssenceCatalog/problems/csplib-prob010-SocialGolfers/params/b141507e9c383709c32116f5e3b17a6b.param
-0.972,-0.974,0.957,-0.962,-0.952,0.987,-0.575,0.983,0.959,-0.977,-0.923,0.947,-0.766,0.991,-0.946,-0.589,-0.207,0.803,0.919,0.345,0.94,-0.967,-0.989,-0.763,0.992,0.678,-0.745,-0.607,-0.964,0.989,0.888,0.841,-0.909,0.922,0.413,-0.993,0.944,0.997,0.786,-0.9,-0.976,-0.993,0.687,-0.879,0.988,0.95,0.99,-0.951,-0.994,-0.94,0.987,0.857,0.95,-0.997,0.698,-0.955,-0.859,-0.798,-0.721,-0.859,-0.924,-0.966,0.865,-0.998,0.971,0.916,0.976,0.975,-0.806,0.839,0.876,-0.932,-0.924,-0.761,-0.883,-0.976,-0.983,-0.488,-0.722,0.961,-0.65,0.732,-0.998,-0.961,0.972,-0.005,-0.87,0.996,-0.956,-0.963,-0.858,0.879,0.896,-0.959,0.978,-0.988,0.912,0.892,0.862,-0.99,6.865,5.149,10.305,10.3,10.283,10.283,10.29,10.349,6.179,5.326,10.326,10.265,6.486,6.453,10.281,10.24,EssenceCatalog/problems/csplib-prob010-SocialGolfers/params/7aff1bc362fdd016a8b2a3a65d0911e7.param
-0.97,-0.971,0.95,-0.957,-0.961,0.988,-0.894,0.981,0.961,-0.969,-0.881,0.972,-0.734,0.991,-0.962,-0.804,-0.59,0.901,0.965,0.857,0.949,-0.967,-0.984,-0.868,0.992,-0.149,-0.237,-0.679,-0.937,0.979,0.954,0.64,-0.917,0.935,-0.348,-0.993,0.961,0.997,0.743,-0.859,-0.961,-0.994,0.589,-0.628,0.988,0.957,0.985,-0.943,-0.995,-0.963,0.988,0.625,0.942,-0.997,0.849,-0.956,-0.105,-0.89,-0.457,-0.906,-0.959,-0.938,0.77,-0.998,0.96,0.785,0.98,0.972,-0.789,0.821,0.835,-0.91,-0.87,-0.773,-0.837,-0.973,-0.98,-0.433,-0.775,0.954,-0.824,-0.226,-0.998,-0.916,0.97,-0.143,-0.891,0.996,-0.965,-0.955,-0.771,0.908,0.869,-0.956,0.978,-0.989,0.931,0.886,0.897,-0.987,5.663,4.606,10.292,10.273,10.248,10.235,10.254,10.301,5.435,4.756,10.296,10.238,5.729,5.454,10.26,10.246,EssenceCatalog/problems/csplib-prob010-SocialGolfers/params/a6c6f8ec8fdb0b980c6dc161c7b8a698.param
-0.971,-0.982,0.964,-0.963,-0.955,0.988,-0.653,0.984,0.96,-0.981,-0.957,0.945,-0.785,0.993,-0.958,-0.393,-0.226,0.826,0.928,0.348,0.944,-0.97,-0.992,-0.699,0.993,0.704,-0.823,-0.597,-0.976,0.99,0.927,0.901,-0.93,0.928,0.513,-0.993,0.944,0.997,0.798,-0.936,-0.982,-0.994,0.67,-0.925,0.989,0.96,0.992,-0.964,-0.994,-0.926,0.989,0.892,0.963,-0.998,0.663,-0.951,-0.941,-0.762,-0.829,-0.846,-0.955,-0.976,0.914,-0.998,0.976,0.941,0.979,0.984,-0.836,0.855,0.907,-0.954,-0.94,-0.788,-0.892,-0.98,-0.986,-0.518,-0.705,0.97,-0.623,0.85,-0.998,-0.974,0.976,-0.432,-0.856,0.997,-0.956,-0.972,-0.869,0.878,0.91,-0.964,0.978,-0.988,0.895,0.91,0.874,-0.991,6.85,5.235,10.378,10.371,10.364,10.356,10.35,10.402,6.227,5.398,10.414,10.351,6.514,6.525,10.369,10.311,EssenceCatalog/problems/csplib-prob010-SocialGolfers/params/49b5cca66a213ae6dcfe695a2ff2f02c.param
-0.99,0.989,-0.961,-0.991,-0.984,0.982,-0.887,0.984,0.99,-0.986,-0.989,0.973,0.985,0.995,-0.939,-0.935,-0.611,0.978,0.982,0.87,0.961,-0.987,-0.991,0.371,0.996,0.955,-0.78,-0.851,0.975,-0.65,0.816,0.833,-0.933,0.977,-0.932,-0.998,0.62,0.999,-0.037,-0.942,-0.992,-0.996,0.946,-0.976,0.995,-0.982,0.995,-0.979,-0.998,-0.981,0.997,-0.652,0.976,-0.999,0.947,-0.967,0.211,-0.934,-0.928,-0.968,-0.985,-0.987,0.96,-0.998,-0.866,-0.735,0.983,-0.981,-0.958,0.963,0.92,-0.967,-0.986,-0.917,-0.98,0.966,-0.994,-0.745,-0.956,0.888,-0.677,0.975,-0.998,-0.992,0.972,0.713,-0.911,0.998,-0.901,-0.984,0.761,0.968,0.934,-0.915,0.987,-0.993,0.979,0.975,0.907,-0.997,4.657,3.749,5.334,10.185,10.54,10.39,10.529,10.728,4.52,3.965,5.386,10.151,5.039,4.746,6.388,10.138,EssenceCatalog/problems/csplib-prob010-SocialGolfers/params/261b280715da6483a7654f8b6e313807.param
-0.967,-0.985,0.981,-0.961,-0.96,0.988,-0.761,0.981,0.963,-0.967,-0.82,0.972,-0.91,0.988,-0.96,-0.876,-0.767,0.827,0.86,0.668,0.951,-0.968,-0.989,-0.923,0.99,0.203,-0.499,-0.62,-0.969,0.991,0.723,0.676,-0.921,0.915,0.449,-0.993,0.957,0.997,0.836,-0.741,-0.965,-0.992,0.671,-0.622,0.992,0.974,0.983,-0.909,-0.994,-0.969,0.99,0.754,0.914,-0.996,0.834,-0.971,-0.328,-0.877,-0.251,-0.881,-0.69,-0.926,0.726,-0.998,0.972,0.885,0.981,0.984,-0.811,0.834,0.901,-0.848,-0.876,-0.795,-0.878,-0.982,-0.986,-0.592,-0.839,0.96,-0.866,-0.058,-0.998,-0.926,0.981,0.604,-0.886,0.995,-0.968,-0.959,-0.886,0.919,0.858,-0.971,0.975,-0.987,0.945,0.891,0.918,-0.987,6.615,4.884,10.418,10.333,10.252,10.287,10.313,10.354,5.93,5.047,10.398,10.268,6.288,5.976,10.346,10.289,EssenceCatalog/problems/csplib-prob010-SocialGolfers/params/089303e846ad68486a33318f2ece7bdd.param
-0.974,-0.985,0.985,-0.969,-0.969,0.991,-0.677,0.985,0.971,-0.965,-0.789,0.982,-0.939,0.988,-0.955,-0.95,-0.86,0.832,0.76,0.608,0.957,-0.975,-0.989,-0.95,0.991,0.199,-0.509,-0.716,-0.966,0.992,0.411,0.623,-0.928,0.935,0.522,-0.995,0.959,0.997,0.876,-0.68,-0.964,-0.994,0.762,-0.583,0.993,0.974,0.984,-0.912,-0.996,-0.98,0.992,0.755,0.903,-0.997,0.881,-0.98,-0.11,-0.916,-0.151,-0.907,-0.285,-0.909,0.697,-0.998,0.972,0.883,0.985,0.984,-0.852,0.86,0.912,-0.838,-0.884,-0.851,-0.916,-0.983,-0.987,-0.687,-0.886,0.954,-0.916,-0.27,-0.998,-0.914,0.984,0.838,-0.92,0.996,-0.972,-0.96,-0.912,0.937,0.878,-0.979,0.98,-0.99,0.965,0.902,0.939,-0.987,6.877,4.888,10.43,10.336,10.255,10.288,10.326,10.359,6.025,5.057,10.39,10.274,6.398,6.016,10.345,10.309,EssenceCatalog/problems/csplib-prob010-SocialGolfers/params/03d7f05bd45d4b96817ca6886fcae5e6.param
-0.968,-0.98,0.957,-0.956,-0.948,0.987,-0.831,0.982,0.959,-0.976,-0.942,0.953,-0.741,0.992,-0.962,-0.448,-0.351,0.867,0.953,0.676,0.945,-0.968,-0.989,-0.731,0.993,0.404,-0.712,-0.592,-0.966,0.985,0.96,0.845,-0.926,0.927,0.196,-0.993,0.955,0.997,0.736,-0.92,-0.976,-0.994,0.585,-0.872,0.988,0.961,0.989,-0.959,-0.993,-0.932,0.987,0.835,0.962,-0.998,0.719,-0.947,-0.856,-0.798,-0.745,-0.863,-0.972,-0.965,0.89,-0.997,0.971,0.902,0.978,0.982,-0.806,0.837,0.879,-0.947,-0.917,-0.763,-0.862,-0.977,-0.984,-0.443,-0.702,0.966,-0.686,0.647,-0.998,-0.963,0.972,-0.575,-0.847,0.997,-0.959,-0.965,-0.819,0.871,0.894,-0.959,0.976,-0.987,0.893,0.898,0.874,-0.989,6.368,5.057,10.354,10.347,10.346,10.323,10.324,10.378,5.95,5.2,10.386,10.338,6.225,6.168,10.343,10.301,EssenceCatalog/problems/csplib-prob010-SocialGolfers/params/df73061ecc9e43368373f768e6f2e993.param
-0.995,-0.986,0.99,-0.995,-0.996,0.996,0.99,0.998,0.994,-0.992,-0.99,0.994,-0.979,0.993,-0.856,-0.99,-0.846,0.812,-0.922,-0.99,0.97,-0.995,-0.997,-0.97,0.997,0.994,-0.989,-0.964,-0.991,0.998,-0.993,0.985,-0.976,0.99,0.991,-0.999,0.873,0.998,0.989,-0.978,-0.996,-0.999,0.99,-0.99,0.998,0.94,0.999,-0.986,-0.999,-0.992,0.999,0.979,0.96,-0.999,0.961,-0.996,-0.991,-0.97,-0.97,-0.959,0.977,-0.996,0.982,-1.0,0.989,0.99,0.993,0.987,-0.99,0.979,0.988,-0.964,-0.996,-0.988,-0.993,-0.987,-0.995,-0.98,-0.976,0.978,-0.968,0.992,-1.0,-0.993,0.995,0.992,-0.979,1.0,-0.98,-0.993,-0.991,0.981,0.982,-0.992,0.996,-0.998,0.993,0.985,0.983,-0.997,9.63,5.786,10.475,10.398,10.45,10.484,10.46,10.411,7.509,6.094,10.434,10.41,7.991,7.8,10.458,10.452,EssenceCatalog/problems/csplib-prob010-SocialGolfers/params/6fdb443de8d6008bf96318abd656b674.param
-0.995,-0.984,0.99,-0.995,-0.996,0.996,0.991,0.998,0.994,-0.992,-0.99,0.993,-0.977,0.993,-0.855,-0.99,-0.823,0.793,-0.917,-0.991,0.968,-0.995,-0.997,-0.968,0.997,0.995,-0.989,-0.963,-0.99,0.998,-0.993,0.985,-0.975,0.99,0.991,-0.999,0.853,0.998,0.989,-0.979,-0.996,-0.999,0.989,-0.99,0.997,0.935,0.999,-0.986,-0.999,-0.991,0.999,0.979,0.958,-0.999,0.957,-0.996,-0.991,-0.968,-0.971,-0.957,0.977,-0.996,0.982,-1.0,0.988,0.99,0.992,0.986,-0.99,0.978,0.988,-0.965,-0.996,-0.988,-0.993,-0.986,-0.995,-0.979,-0.974,0.978,-0.965,0.992,-1.0,-0.993,0.994,0.991,-0.979,1.0,-0.979,-0.993,-0.991,0.981,0.983,-0.992,0.996,-0.998,0.993,0.985,0.983,-0.997,9.624,5.781,10.461,10.386,10.438,10.472,10.448,10.398,7.504,6.089,10.422,10.398,7.984,7.796,10.446,10.44,EssenceCatalog/problems/csplib-prob010-SocialGolfers/params/70bb3fec9632cf69e77775f88b1757f4.param
-0.983,0.999,-0.998,-0.984,-0.333,0.989,-0.975,0.983,0.978,0.145,-0.696,0.992,0.998,0.796,0.533,-0.981,-0.695,0.975,0.983,0.984,0.846,-0.987,0.34,0.924,0.989,-0.342,-0.602,-0.961,0.999,-0.937,0.965,-0.839,-0.553,0.986,-0.998,-0.998,0.785,0.999,-0.978,-0.913,-0.362,-0.998,0.912,-0.949,0.304,-0.995,0.993,-0.982,-0.995,-0.983,0.577,-0.551,0.971,-0.999,0.937,-0.962,0.92,-0.971,-0.939,-0.988,-0.998,0.158,0.942,-0.997,-0.983,-0.989,0.989,-1.0,-0.849,0.941,-0.624,-0.977,-0.964,-0.918,-0.972,0.993,-0.828,-0.206,-0.938,-0.301,-0.698,0.638,-0.999,-0.793,-0.416,0.83,-0.972,0.998,-0.817,-0.096,0.978,0.125,0.97,-0.894,0.984,-0.995,0.973,0.618,-0.053,-0.716,2.926,2.533,3.085,8.2,7.889,7.465,8.062,9.545,3.084,2.657,3.188,8.245,3.574,3.038,3.979,8.225,EssenceCatalog/problems/csplib-prob010-SocialGolfers/params/ord10-4-3-3.param
-0.979,-0.942,0.92,-0.971,-0.958,0.987,-0.111,0.986,0.958,-0.981,-0.936,0.942,-0.611,0.991,-0.924,-0.69,0.215,0.765,0.93,-0.074,0.933,-0.97,-0.986,-0.658,0.992,0.828,-0.777,-0.713,-0.931,0.989,0.869,0.859,-0.894,0.949,0.2,-0.994,0.922,0.997,0.795,-0.939,-0.977,-0.994,0.786,-0.926,0.981,0.894,0.993,-0.969,-0.995,-0.944,0.986,0.878,0.951,-0.998,0.688,-0.954,-0.893,-0.831,-0.838,-0.887,-0.937,-0.975,0.886,-0.998,0.967,0.918,0.976,0.944,-0.828,0.846,0.836,-0.954,-0.949,-0.797,-0.919,-0.965,-0.979,-0.521,-0.689,0.945,-0.493,0.824,-0.999,-0.964,0.956,0.112,-0.914,0.997,-0.946,-0.961,-0.858,0.877,0.919,-0.952,0.984,-0.992,0.926,0.893,0.831,-0.991,7.075,5.174,10.132,10.175,10.191,10.176,10.195,10.274,6.261,5.385,10.172,10.138,6.566,6.642,10.128,10.11,EssenceCatalog/problems/csplib-prob010-SocialGolfers/params/37567a305a5394329be83f6d50ca3bd4.param
-0.965,-0.978,0.957,-0.952,-0.964,0.988,-0.958,0.981,0.96,-0.971,-0.92,0.976,-0.74,0.993,-0.976,-0.729,-0.694,0.931,0.979,0.932,0.955,-0.971,-0.987,-0.852,0.994,-0.47,-0.156,-0.686,-0.945,0.972,0.983,0.68,-0.938,0.94,-0.543,-0.993,0.969,0.998,0.679,-0.896,-0.964,-0.994,0.485,-0.63,0.989,0.97,0.984,-0.955,-0.995,-0.959,0.989,0.601,0.957,-0.997,0.855,-0.953,-0.121,-0.894,-0.547,-0.915,-0.984,-0.949,0.827,-0.997,0.964,0.772,0.983,0.981,-0.797,0.821,0.853,-0.933,-0.872,-0.78,-0.823,-0.974,-0.984,-0.431,-0.775,0.965,-0.848,-0.327,-0.998,-0.931,0.973,-0.69,-0.879,0.997,-0.97,-0.959,-0.717,0.907,0.873,-0.957,0.976,-0.989,0.919,0.908,0.917,-0.987,5.344,4.555,10.338,10.308,10.311,10.275,10.291,10.322,5.282,4.694,10.371,10.288,5.576,5.283,10.332,10.297,EssenceCatalog/problems/csplib-prob010-SocialGolfers/params/9962ce91fb88e425b7636ecb3f526337.param
-0.971,-0.978,0.957,-0.962,-0.954,0.987,-0.69,0.984,0.958,-0.98,-0.951,0.946,-0.741,0.993,-0.956,-0.442,-0.195,0.839,0.941,0.446,0.943,-0.969,-0.99,-0.7,0.993,0.643,-0.785,-0.61,-0.969,0.988,0.941,0.879,-0.922,0.931,0.354,-0.993,0.946,0.997,0.773,-0.933,-0.98,-0.994,0.655,-0.911,0.988,0.955,0.991,-0.963,-0.994,-0.93,0.988,0.869,0.961,-0.998,0.682,-0.949,-0.912,-0.783,-0.81,-0.858,-0.963,-0.973,0.904,-0.998,0.973,0.926,0.978,0.98,-0.82,0.845,0.887,-0.952,-0.934,-0.777,-0.885,-0.977,-0.985,-0.485,-0.696,0.966,-0.622,0.793,-0.998,-0.969,0.971,-0.454,-0.862,0.997,-0.955,-0.969,-0.848,0.878,0.905,-0.959,0.978,-0.988,0.898,0.905,0.867,-0.99,6.688,5.168,10.342,10.346,10.347,10.331,10.329,10.385,6.13,5.327,10.377,10.33,6.409,6.411,10.334,10.291,EssenceCatalog/problems/csplib-prob010-SocialGolfers/params/69088ec7739dc6f3c21e8122f9f42af4.param
-0.988,0.986,-0.968,-0.982,-0.989,0.758,0.597,0.955,0.874,-0.989,-0.968,0.937,0.989,0.987,-0.378,-0.934,0.387,0.963,0.91,0.648,0.976,-0.967,-0.856,-0.201,0.925,0.953,-0.963,-0.621,0.994,0.416,0.835,0.812,0.634,0.988,-0.946,-0.996,0.72,0.994,-0.547,-0.893,-0.977,-0.993,0.905,-0.952,0.981,-0.994,0.995,-0.986,-0.993,-0.969,0.99,-0.939,0.92,-0.993,0.966,-0.965,0.835,-0.981,-0.856,-0.94,-0.956,-0.967,0.968,-0.996,-0.874,-0.871,0.879,-0.996,-0.894,0.233,-0.882,-0.95,-0.983,-0.779,-0.983,0.919,-0.974,-0.92,-0.967,-0.804,0.42,0.846,-0.996,-0.86,-0.506,0.935,-0.914,0.992,0.344,-0.977,0.935,0.97,0.946,0.718,0.924,-0.985,0.974,0.933,0.737,-0.985,3.86,2.833,3.673,8.029,8.76,8.599,8.808,9.133,3.597,3.175,3.588,8.077,4.184,3.994,4.698,8.097,EssenceCatalog/problems/csplib-prob010-SocialGolfers/params/ae8230f500ca31b31f2bdc745fa17e08.param
-0.995,-0.982,0.989,-0.995,-0.996,0.996,0.992,0.998,0.994,-0.992,-0.99,0.992,-0.975,0.993,-0.862,-0.989,-0.778,0.765,-0.9,-0.992,0.966,-0.995,-0.997,-0.962,0.997,0.995,-0.988,-0.961,-0.99,0.998,-0.993,0.986,-0.975,0.989,0.99,-0.999,0.829,0.998,0.989,-0.981,-0.996,-0.999,0.989,-0.991,0.997,0.931,0.999,-0.986,-0.999,-0.991,0.998,0.981,0.955,-0.999,0.948,-0.995,-0.992,-0.964,-0.974,-0.954,0.973,-0.996,0.981,-1.0,0.988,0.991,0.992,0.986,-0.989,0.977,0.988,-0.967,-0.995,-0.987,-0.993,-0.986,-0.995,-0.976,-0.97,0.978,-0.958,0.993,-1.0,-0.993,0.994,0.99,-0.979,1.0,-0.978,-0.993,-0.991,0.98,0.983,-0.992,0.996,-0.998,0.993,0.984,0.98,-0.997,9.612,5.775,10.443,10.371,10.422,10.455,10.431,10.381,7.496,6.082,10.407,10.38,7.973,7.792,10.43,10.423,EssenceCatalog/problems/csplib-prob010-SocialGolfers/params/7c89e907f8caa9ec32ade6d3987aba40.param
-0.971,-0.976,0.967,-0.963,-0.954,0.986,-0.505,0.982,0.958,-0.974,-0.89,0.95,-0.821,0.99,-0.944,-0.723,-0.326,0.775,0.891,0.304,0.94,-0.965,-0.989,-0.833,0.99,0.654,-0.693,-0.597,-0.964,0.991,0.803,0.806,-0.906,0.914,0.489,-0.993,0.943,0.997,0.811,-0.856,-0.973,-0.992,0.703,-0.823,0.988,0.956,0.988,-0.936,-0.994,-0.951,0.988,0.835,0.933,-0.997,0.724,-0.96,-0.767,-0.82,-0.596,-0.856,-0.847,-0.957,0.818,-0.998,0.972,0.913,0.975,0.975,-0.797,0.83,0.879,-0.904,-0.913,-0.76,-0.884,-0.978,-0.982,-0.523,-0.754,0.958,-0.71,0.601,-0.998,-0.951,0.974,0.353,-0.874,0.995,-0.957,-0.961,-0.877,0.89,0.884,-0.96,0.977,-0.988,0.924,0.885,0.874,-0.989,6.995,5.119,10.309,10.28,10.24,10.257,10.272,10.327,6.202,5.305,10.316,10.227,6.539,6.442,10.268,10.218,EssenceCatalog/problems/csplib-prob010-SocialGolfers/params/2dc9508ed497f4cd2526cb28bcfe3bf6.param
-0.991,0.991,-0.94,-0.993,-0.993,0.979,-0.081,0.981,0.992,-0.991,-0.989,0.974,0.983,0.995,-0.876,-0.972,-0.419,0.97,0.909,0.25,0.964,-0.987,-0.991,-0.305,0.994,0.994,-0.893,-0.847,0.976,-0.028,-0.098,0.92,-0.868,0.986,-0.526,-0.999,0.465,0.998,0.766,-0.946,-0.996,-0.995,0.971,-0.984,0.997,-0.993,0.996,-0.984,-0.998,-0.984,0.998,-0.612,0.966,-0.999,0.962,-0.98,-0.304,-0.952,-0.929,-0.971,-0.873,-0.989,0.976,-0.998,-0.827,-0.389,0.978,-0.993,-0.971,0.947,0.931,-0.967,-0.99,-0.941,-0.989,0.958,-0.994,-0.89,-0.978,0.866,-0.633,0.991,-0.998,-0.995,0.973,0.973,-0.916,0.998,-0.863,-0.991,0.34,0.986,0.951,-0.898,0.988,-0.994,0.988,0.976,0.903,-0.997,5.742,4.018,5.733,9.926,10.382,10.234,10.339,10.514,5.052,4.357,5.8,9.911,5.646,5.415,6.796,9.977,EssenceCatalog/problems/csplib-prob010-SocialGolfers/params/3fb49dedb007ccb7126cfd62fdf23dc2.param
-0.969,-0.968,0.944,-0.966,-0.989,0.992,-0.993,0.981,0.97,-0.976,-0.957,0.993,-0.787,0.996,-0.991,-0.936,-0.953,0.975,0.994,0.99,0.969,-0.981,-0.989,-0.899,0.997,-0.919,0.717,-0.876,-0.881,0.886,0.992,0.323,-0.972,0.974,-0.946,-0.995,0.972,0.999,0.622,-0.939,-0.964,-0.997,0.533,-0.165,0.994,0.969,0.982,-0.966,-0.997,-0.983,0.996,-0.095,0.962,-0.998,0.955,-0.967,0.906,-0.968,-0.483,-0.972,-0.992,-0.947,0.797,-0.998,0.944,0.47,0.993,0.969,-0.893,0.849,0.905,-0.941,-0.885,-0.871,-0.866,-0.957,-0.992,-0.7,-0.89,0.981,-0.96,-0.908,-0.998,-0.924,0.985,-0.841,-0.95,0.998,-0.982,-0.966,-0.49,0.959,0.901,-0.968,0.977,-0.993,0.96,0.958,0.974,-0.99,4.617,4.17,10.234,10.318,10.331,10.369,10.304,10.254,4.827,4.29,10.26,10.265,5.109,4.657,10.246,10.361,EssenceCatalog/problems/csplib-prob010-SocialGolfers/params/76eed38808475cdcb00b3704e431ea7a.param
-0.995,-0.971,0.983,-0.995,-0.996,0.996,0.993,0.998,0.994,-0.992,-0.99,0.991,-0.964,0.993,-0.837,-0.99,-0.735,0.752,-0.89,-0.992,0.964,-0.994,-0.996,-0.956,0.997,0.995,-0.986,-0.959,-0.984,0.998,-0.994,0.985,-0.972,0.989,0.988,-0.999,0.785,0.998,0.989,-0.98,-0.996,-0.999,0.99,-0.99,0.997,0.887,0.999,-0.987,-0.999,-0.991,0.998,0.978,0.95,-0.999,0.945,-0.995,-0.99,-0.964,-0.972,-0.954,0.974,-0.996,0.98,-1.0,0.984,0.989,0.991,0.974,-0.989,0.977,0.987,-0.967,-0.995,-0.986,-0.993,-0.978,-0.994,-0.975,-0.971,0.976,-0.952,0.992,-1.0,-0.993,0.993,0.992,-0.98,1.0,-0.976,-0.993,-0.99,0.98,0.982,-0.991,0.996,-0.998,0.993,0.982,0.979,-0.997,9.593,5.758,10.402,10.339,10.394,10.427,10.403,10.352,7.478,6.067,10.368,10.347,7.953,7.778,10.393,10.394,EssenceCatalog/problems/csplib-prob010-SocialGolfers/params/b702b8c907aa3dba057809137b67ae77.param
-0.968,-0.978,0.961,-0.955,-0.945,0.987,-0.823,0.98,0.96,-0.969,-0.884,0.96,-0.784,0.99,-0.954,-0.676,-0.5,0.855,0.932,0.714,0.945,-0.966,-0.987,-0.835,0.991,0.29,-0.59,-0.583,-0.96,0.986,0.919,0.752,-0.912,0.914,0.237,-0.993,0.957,0.997,0.751,-0.848,-0.967,-0.993,0.6,-0.768,0.989,0.96,0.986,-0.936,-0.994,-0.95,0.986,0.779,0.947,-0.997,0.777,-0.957,-0.637,-0.832,-0.528,-0.868,-0.93,-0.944,0.814,-0.998,0.966,0.871,0.977,0.978,-0.785,0.826,0.864,-0.908,-0.887,-0.751,-0.849,-0.977,-0.981,-0.438,-0.761,0.958,-0.769,0.361,-0.997,-0.941,0.974,0.0,-0.853,0.996,-0.963,-0.957,-0.823,0.883,0.875,-0.962,0.975,-0.987,0.916,0.879,0.877,-0.986,6.369,4.935,10.336,10.305,10.269,10.271,10.284,10.34,5.876,5.088,10.342,10.269,6.187,6.017,10.298,10.259,EssenceCatalog/problems/csplib-prob010-SocialGolfers/params/4f26bdb13440001bdf8cf622517c8c50.param
-0.972,-0.957,0.929,-0.962,-0.955,0.986,-0.723,0.982,0.957,-0.976,-0.911,0.954,-0.633,0.991,-0.947,-0.675,-0.208,0.856,0.956,0.613,0.942,-0.966,-0.986,-0.774,0.992,0.465,-0.569,-0.648,-0.932,0.983,0.939,0.772,-0.899,0.933,-0.086,-0.993,0.946,0.997,0.747,-0.897,-0.971,-0.994,0.658,-0.818,0.986,0.931,0.989,-0.952,-0.994,-0.948,0.987,0.753,0.947,-0.998,0.764,-0.95,-0.641,-0.845,-0.656,-0.887,-0.959,-0.96,0.836,-0.998,0.959,0.852,0.975,0.958,-0.788,0.826,0.829,-0.932,-0.909,-0.747,-0.868,-0.966,-0.98,-0.423,-0.72,0.95,-0.673,0.464,-0.998,-0.945,0.964,-0.116,-0.884,0.996,-0.953,-0.959,-0.789,0.891,0.886,-0.949,0.979,-0.989,0.919,0.89,0.861,-0.989,6.304,4.917,10.222,10.254,10.265,10.244,10.255,10.321,5.849,5.084,10.235,10.235,6.133,6.049,10.206,10.211,EssenceCatalog/problems/csplib-prob010-SocialGolfers/params/4cba373de4583a47f16f234862540986.param
-0.92,0.998,-0.996,-0.951,0.156,0.967,-0.965,0.937,0.897,0.584,-0.544,0.976,0.991,0.38,0.769,-0.944,-0.812,0.905,0.969,0.985,0.673,-0.947,0.735,0.949,0.925,-0.794,-0.223,-0.942,0.997,-0.981,0.955,-0.96,-0.472,0.955,-0.997,-0.986,0.557,0.996,-0.991,-0.671,0.028,-0.986,0.798,-0.826,0.065,-0.989,0.964,-0.929,-0.972,-0.937,-0.011,-0.748,0.919,-0.993,0.878,-0.895,0.974,-0.933,-0.869,-0.969,-0.994,0.523,0.874,-0.977,-0.985,-0.992,0.96,-0.999,-0.712,0.803,-0.844,-0.93,-0.882,-0.805,-0.926,0.991,-0.548,-0.26,-0.89,-0.567,-0.708,0.226,-0.988,-0.303,-0.841,0.717,-0.951,0.989,-0.519,0.52,0.985,-0.322,0.916,-0.669,0.923,-0.979,0.931,0.412,-0.183,-0.293,2.278,2.01,2.238,7.084,6.41,5.896,6.627,8.72,2.523,2.144,2.369,7.141,2.928,2.323,2.999,7.13,EssenceCatalog/problems/csplib-prob010-SocialGolfers/params/ord02-5-3-2.param
-0.981,-0.919,0.975,-0.976,-0.991,0.988,-0.814,0.974,0.956,-0.986,-0.853,0.984,-0.758,0.993,-0.935,-0.986,-0.845,0.949,0.923,0.878,0.972,-0.97,-0.994,-0.988,0.981,-0.024,-0.283,-0.331,-0.738,0.984,0.648,0.635,-0.867,0.966,0.107,-0.995,0.939,0.996,0.95,-0.667,-0.979,-0.995,0.518,-0.216,0.996,0.817,0.975,-0.936,-0.995,-0.981,0.996,-0.573,0.885,-0.995,0.973,-0.978,0.778,-0.977,0.448,-0.92,-0.767,-0.818,0.7,-0.997,0.896,0.775,0.977,0.838,-0.809,0.553,0.795,-0.821,-0.913,-0.862,-0.944,-0.954,-0.987,-0.891,-0.928,0.884,-0.903,-0.795,-0.997,-0.869,0.972,0.916,-0.884,0.997,-0.903,-0.982,-0.855,0.986,0.865,-0.944,0.966,-0.989,0.981,0.922,0.97,-0.987,5.713,4.292,9.947,9.966,9.968,10.065,10.099,10.015,5.237,4.449,9.903,9.873,5.622,5.102,9.922,9.951,EssenceCatalog/problems/csplib-prob010-SocialGolfers/params/a8647ef0f3300059c4c848d963b63f81.param
-0.973,-0.981,0.964,-0.965,-0.957,0.988,-0.552,0.985,0.96,-0.982,-0.956,0.944,-0.783,0.993,-0.953,-0.448,-0.157,0.812,0.92,0.222,0.943,-0.971,-0.992,-0.702,0.993,0.753,-0.833,-0.616,-0.975,0.991,0.909,0.902,-0.925,0.931,0.532,-0.993,0.941,0.997,0.809,-0.938,-0.983,-0.994,0.699,-0.93,0.989,0.957,0.992,-0.965,-0.994,-0.93,0.989,0.897,0.961,-0.998,0.657,-0.953,-0.942,-0.769,-0.84,-0.851,-0.946,-0.977,0.912,-0.998,0.977,0.944,0.978,0.982,-0.837,0.856,0.904,-0.954,-0.944,-0.794,-0.899,-0.98,-0.986,-0.529,-0.706,0.968,-0.608,0.863,-0.998,-0.974,0.975,-0.319,-0.867,0.997,-0.955,-0.972,-0.878,0.882,0.913,-0.963,0.979,-0.988,0.902,0.91,0.869,-0.991,6.972,5.257,10.363,10.357,10.347,10.343,10.341,10.395,6.282,5.43,10.399,10.33,6.575,6.6,10.353,10.294,EssenceCatalog/problems/csplib-prob010-SocialGolfers/params/922b73b3bf2e553323d55680ad91a50b.param
-0.991,0.998,-0.994,-0.995,-0.985,0.988,-0.986,0.988,0.991,-0.964,-0.988,0.991,0.994,0.995,-0.908,-0.987,-0.963,0.991,0.989,0.988,0.973,-0.993,-0.98,0.773,0.997,0.707,-0.338,-0.96,0.996,-0.977,0.898,-0.032,-0.948,0.99,-0.993,-0.999,0.531,1.0,-0.883,-0.892,-0.979,-0.998,0.967,-0.951,0.995,-0.996,0.994,-0.978,-0.999,-0.994,0.997,-0.956,0.981,-0.999,0.985,-0.982,0.972,-0.981,-0.918,-0.991,-0.989,-0.962,0.956,-0.999,-0.983,-0.981,0.99,-0.997,-0.977,0.976,0.713,-0.96,-0.988,-0.943,-0.985,0.996,-0.994,-0.883,-0.983,0.769,-0.925,0.884,-0.999,-0.985,0.953,0.888,-0.966,0.999,-0.934,-0.977,0.968,0.963,0.957,-0.931,0.987,-0.997,0.988,0.979,0.935,-0.993,4.088,3.399,4.769,10.244,10.459,10.338,10.528,10.75,4.089,3.603,4.818,10.12,4.688,4.251,5.842,10.13,EssenceCatalog/problems/csplib-prob010-SocialGolfers/params/ord15-8-10-3.param
-0.973,-0.983,0.967,-0.967,-0.959,0.989,-0.515,0.985,0.961,-0.983,-0.964,0.943,-0.805,0.993,-0.955,-0.396,-0.167,0.807,0.91,0.136,0.944,-0.972,-0.993,-0.685,0.994,0.79,-0.865,-0.617,-0.979,0.992,0.901,0.92,-0.932,0.933,0.618,-0.993,0.938,0.997,0.822,-0.945,-0.985,-0.994,0.711,-0.944,0.99,0.96,0.993,-0.968,-0.994,-0.927,0.99,0.915,0.964,-0.998,0.643,-0.954,-0.961,-0.757,-0.867,-0.844,-0.943,-0.98,0.925,-0.998,0.979,0.953,0.979,0.985,-0.853,0.866,0.917,-0.959,-0.951,-0.808,-0.908,-0.981,-0.987,-0.559,-0.713,0.97,-0.597,0.899,-0.998,-0.978,0.977,-0.354,-0.867,0.997,-0.955,-0.975,-0.89,0.883,0.919,-0.965,0.98,-0.988,0.899,0.915,0.874,-0.992,7.07,5.305,10.386,10.375,10.362,10.362,10.357,10.408,6.345,5.48,10.426,10.347,6.64,6.678,10.378,10.309,EssenceCatalog/problems/csplib-prob010-SocialGolfers/params/65dd8a3ef1a411256f4999915d1df171.param
-0.99,0.988,-0.969,-0.992,-0.986,0.986,-0.98,0.987,0.989,-0.982,-0.99,0.986,0.982,0.996,-0.963,-0.966,-0.865,0.989,0.993,0.975,0.968,-0.99,-0.99,0.537,0.997,0.729,-0.349,-0.924,0.98,-0.87,0.938,0.565,-0.952,0.984,-0.989,-0.998,0.667,0.999,-0.518,-0.943,-0.985,-0.997,0.945,-0.948,0.994,-0.969,0.994,-0.981,-0.998,-0.989,0.997,-0.835,0.979,-0.999,0.97,-0.972,0.861,-0.967,-0.903,-0.982,-0.994,-0.982,0.949,-0.999,-0.899,-0.896,0.988,-0.98,-0.965,0.967,0.898,-0.964,-0.984,-0.922,-0.976,0.974,-0.995,-0.782,-0.964,0.897,-0.869,0.871,-0.999,-0.989,0.972,0.429,-0.95,0.999,-0.931,-0.98,0.888,0.969,0.936,-0.939,0.987,-0.996,0.982,0.977,0.943,-0.996,4.155,3.519,5.136,10.271,10.535,10.412,10.562,10.745,4.207,3.73,5.191,10.178,4.744,4.359,6.187,10.192,EssenceCatalog/problems/csplib-prob010-SocialGolfers/params/d726830533ded40b51d8683fd4b1d807.param
-0.969,-0.972,0.95,-0.957,-0.954,0.987,-0.858,0.981,0.96,-0.969,-0.889,0.965,-0.73,0.991,-0.957,-0.728,-0.48,0.881,0.959,0.792,0.945,-0.966,-0.985,-0.833,0.992,0.079,-0.407,-0.654,-0.946,0.982,0.95,0.695,-0.914,0.93,-0.173,-0.993,0.958,0.997,0.734,-0.871,-0.964,-0.993,0.592,-0.717,0.987,0.955,0.986,-0.944,-0.994,-0.955,0.986,0.714,0.947,-0.997,0.807,-0.953,-0.43,-0.863,-0.534,-0.892,-0.959,-0.944,0.799,-0.998,0.963,0.827,0.978,0.973,-0.782,0.824,0.841,-0.919,-0.881,-0.757,-0.837,-0.973,-0.98,-0.409,-0.745,0.956,-0.781,0.093,-0.998,-0.929,0.969,-0.193,-0.879,0.996,-0.963,-0.954,-0.789,0.89,0.875,-0.957,0.978,-0.988,0.922,0.882,0.88,-0.987,5.94,4.758,10.297,10.278,10.256,10.239,10.255,10.315,5.623,4.91,10.305,10.252,5.916,5.717,10.267,10.243,EssenceCatalog/problems/csplib-prob010-SocialGolfers/params/8aa0e694a245ab6b274bbf704962303e.param
-0.994,-0.981,0.988,-0.994,-0.995,0.995,0.991,0.997,0.993,-0.992,-0.991,0.987,-0.968,0.993,-0.877,-0.982,-0.581,0.656,-0.805,-0.993,0.961,-0.993,-0.997,-0.937,0.996,0.995,-0.986,-0.941,-0.99,0.998,-0.988,0.988,-0.972,0.985,0.986,-0.999,0.774,0.998,0.987,-0.984,-0.996,-0.998,0.984,-0.99,0.996,0.926,0.999,-0.986,-0.998,-0.987,0.998,0.984,0.947,-0.999,0.901,-0.994,-0.994,-0.944,-0.977,-0.938,0.942,-0.996,0.977,-0.999,0.989,0.993,0.99,0.986,-0.985,0.972,0.988,-0.969,-0.995,-0.981,-0.992,-0.988,-0.994,-0.965,-0.952,0.979,-0.918,0.994,-0.999,-0.993,0.993,0.983,-0.977,1.0,-0.974,-0.992,-0.992,0.974,0.982,-0.99,0.996,-0.998,0.99,0.981,0.971,-0.997,9.55,5.744,10.365,10.304,10.351,10.381,10.357,10.308,7.454,6.05,10.343,10.303,7.917,7.766,10.361,10.348,EssenceCatalog/problems/csplib-prob010-SocialGolfers/params/dabfc07360e708e71774890b888b553b.param
-0.973,-0.982,0.965,-0.965,-0.958,0.988,-0.553,0.985,0.96,-0.983,-0.961,0.943,-0.789,0.993,-0.956,-0.402,-0.166,0.814,0.919,0.208,0.944,-0.971,-0.992,-0.689,0.993,0.769,-0.849,-0.612,-0.977,0.991,0.912,0.913,-0.929,0.932,0.568,-0.993,0.939,0.997,0.811,-0.942,-0.984,-0.994,0.7,-0.938,0.989,0.958,0.993,-0.966,-0.994,-0.927,0.989,0.904,0.963,-0.998,0.651,-0.953,-0.953,-0.761,-0.855,-0.846,-0.948,-0.979,0.92,-0.998,0.977,0.948,0.979,0.984,-0.845,0.86,0.911,-0.957,-0.947,-0.8,-0.903,-0.98,-0.987,-0.545,-0.709,0.97,-0.598,0.883,-0.998,-0.977,0.976,-0.37,-0.865,0.997,-0.955,-0.974,-0.881,0.883,0.915,-0.964,0.979,-0.988,0.899,0.914,0.873,-0.992,6.992,5.277,10.374,10.368,10.359,10.355,10.351,10.402,6.302,5.449,10.413,10.342,6.593,6.625,10.366,10.304,EssenceCatalog/problems/csplib-prob010-SocialGolfers/params/83aeb8220674816fe98d183c17a3e4fe.param
-0.968,-0.98,0.959,-0.957,-0.948,0.987,-0.806,0.982,0.959,-0.976,-0.941,0.952,-0.75,0.992,-0.96,-0.447,-0.324,0.858,0.949,0.629,0.944,-0.968,-0.99,-0.732,0.993,0.464,-0.729,-0.589,-0.968,0.986,0.954,0.852,-0.925,0.925,0.261,-0.993,0.954,0.997,0.747,-0.92,-0.977,-0.994,0.599,-0.878,0.988,0.961,0.989,-0.958,-0.993,-0.932,0.987,0.846,0.961,-0.998,0.707,-0.949,-0.87,-0.792,-0.753,-0.859,-0.969,-0.966,0.892,-0.998,0.972,0.91,0.978,0.982,-0.807,0.838,0.882,-0.947,-0.919,-0.765,-0.864,-0.978,-0.984,-0.448,-0.701,0.966,-0.676,0.682,-0.998,-0.964,0.972,-0.528,-0.848,0.997,-0.958,-0.965,-0.83,0.87,0.896,-0.96,0.976,-0.987,0.894,0.898,0.872,-0.989,6.455,5.085,10.354,10.346,10.342,10.322,10.322,10.376,5.997,5.232,10.386,10.334,6.275,6.228,10.342,10.297,EssenceCatalog/problems/csplib-prob010-SocialGolfers/params/1712ce7ed0444f5676d977ba13c3313b.param
-0.971,-0.985,0.975,-0.961,-0.979,0.992,-0.977,0.982,0.967,-0.964,-0.874,0.99,-0.878,0.993,-0.98,-0.942,-0.925,0.951,0.975,0.97,0.964,-0.975,-0.985,-0.948,0.994,-0.817,0.389,-0.787,-0.946,0.973,0.965,0.401,-0.955,0.956,-0.685,-0.995,0.976,0.998,0.773,-0.844,-0.952,-0.995,0.565,-0.213,0.992,0.979,0.982,-0.945,-0.996,-0.982,0.993,0.357,0.941,-0.997,0.937,-0.971,0.741,-0.95,-0.249,-0.949,-0.956,-0.906,0.721,-0.998,0.964,0.674,0.99,0.984,-0.845,0.837,0.88,-0.893,-0.837,-0.857,-0.849,-0.981,-0.987,-0.589,-0.875,0.967,-0.948,-0.869,-0.998,-0.888,0.983,-0.185,-0.928,0.997,-0.98,-0.958,-0.778,0.944,0.875,-0.974,0.979,-0.991,0.958,0.918,0.953,-0.985,5.055,4.28,10.355,10.315,10.276,10.294,10.273,10.279,5.045,4.42,10.354,10.253,5.342,4.872,10.32,10.331,EssenceCatalog/problems/csplib-prob010-SocialGolfers/params/81468f8df7e3f25edac907930600841b.param
-0.994,-0.874,0.946,-0.996,-0.993,0.994,0.966,0.997,0.993,-0.986,-0.964,0.995,-0.873,0.986,-0.59,-0.995,-0.917,0.878,-0.929,-0.911,0.983,-0.994,-0.994,-0.978,0.993,0.987,-0.984,-0.936,-0.866,0.995,-0.991,0.932,-0.929,0.991,0.981,-0.999,0.84,0.998,0.975,-0.906,-0.99,-0.998,0.987,-0.977,0.998,0.47,0.996,-0.975,-0.999,-0.994,0.998,0.856,0.936,-0.999,0.978,-0.995,-0.86,-0.981,-0.829,-0.963,0.984,-0.977,0.959,-0.999,0.931,0.931,0.992,0.738,-0.984,0.964,0.966,-0.914,-0.992,-0.984,-0.994,-0.883,-0.993,-0.983,-0.986,0.926,-0.976,0.94,-0.999,-0.982,0.986,0.998,-0.975,0.999,-0.964,-0.986,-0.96,0.983,0.966,-0.988,0.993,-0.997,0.995,0.975,0.982,-0.995,9.392,5.603,10.135,10.146,10.234,10.275,10.261,10.209,7.303,5.916,10.083,10.155,7.806,7.58,10.134,10.223,EssenceCatalog/problems/csplib-prob010-SocialGolfers/params/e1108dfd3ba169f69548b88188c4e383.param
-0.969,-0.976,0.958,-0.957,-0.946,0.986,-0.79,0.981,0.959,-0.971,-0.894,0.957,-0.765,0.99,-0.951,-0.652,-0.426,0.849,0.934,0.665,0.944,-0.966,-0.987,-0.817,0.991,0.378,-0.62,-0.589,-0.959,0.987,0.92,0.77,-0.909,0.917,0.236,-0.993,0.955,0.997,0.752,-0.863,-0.969,-0.993,0.615,-0.796,0.988,0.956,0.987,-0.94,-0.994,-0.947,0.986,0.794,0.948,-0.997,0.762,-0.955,-0.692,-0.826,-0.575,-0.868,-0.935,-0.949,0.826,-0.998,0.967,0.877,0.977,0.976,-0.786,0.828,0.861,-0.916,-0.894,-0.75,-0.854,-0.976,-0.981,-0.436,-0.748,0.957,-0.74,0.446,-0.998,-0.944,0.972,-0.033,-0.857,0.996,-0.961,-0.958,-0.825,0.881,0.879,-0.96,0.976,-0.987,0.915,0.881,0.871,-0.987,6.434,4.971,10.321,10.3,10.273,10.271,10.282,10.341,5.921,5.128,10.33,10.269,6.227,6.091,10.287,10.253,EssenceCatalog/problems/csplib-prob010-SocialGolfers/params/085e548a4e187a8a384cdd36481c122b.param
-0.98,-0.984,0.987,-0.976,-0.98,0.993,-0.737,0.987,0.98,-0.97,-0.803,0.991,-0.955,0.988,-0.952,-0.988,-0.963,0.889,0.556,0.731,0.971,-0.983,-0.992,-0.976,0.99,0.107,-0.471,-0.787,-0.949,0.99,-0.136,0.556,-0.942,0.957,0.605,-0.997,0.96,0.998,0.915,-0.554,-0.968,-0.996,0.831,-0.508,0.997,0.963,0.983,-0.907,-0.998,-0.99,0.996,0.551,0.889,-0.997,0.953,-0.987,0.515,-0.953,0.02,-0.935,0.277,-0.886,0.681,-0.998,0.951,0.829,0.989,0.979,-0.911,0.892,0.934,-0.804,-0.903,-0.909,-0.956,-0.978,-0.99,-0.829,-0.953,0.95,-0.972,-0.592,-0.998,-0.897,0.988,0.963,-0.948,0.997,-0.975,-0.972,-0.926,0.969,0.899,-0.987,0.981,-0.993,0.983,0.933,0.968,-0.988,6.952,4.773,10.346,10.27,10.207,10.237,10.276,10.274,5.98,4.936,10.268,10.212,6.355,5.843,10.253,10.276,EssenceCatalog/problems/csplib-prob010-SocialGolfers/params/540e761bda58baa5a77e3adaa9ce1102.param
-0.969,-0.983,0.972,-0.957,-0.962,0.99,-0.936,0.981,0.965,-0.959,-0.833,0.981,-0.857,0.99,-0.967,-0.892,-0.828,0.91,0.946,0.912,0.956,-0.971,-0.985,-0.923,0.992,-0.454,-0.116,-0.689,-0.953,0.983,0.925,0.532,-0.935,0.933,-0.205,-0.994,0.97,0.998,0.763,-0.786,-0.953,-0.994,0.586,-0.468,0.991,0.973,0.982,-0.929,-0.995,-0.973,0.989,0.601,0.934,-0.997,0.891,-0.967,0.227,-0.911,-0.262,-0.914,-0.912,-0.907,0.717,-0.998,0.963,0.773,0.984,0.982,-0.806,0.832,0.866,-0.872,-0.844,-0.813,-0.843,-0.98,-0.983,-0.502,-0.842,0.958,-0.905,-0.56,-0.998,-0.898,0.979,0.196,-0.895,0.996,-0.974,-0.953,-0.812,0.918,0.864,-0.97,0.978,-0.988,0.945,0.886,0.922,-0.984,5.601,4.506,10.361,10.298,10.232,10.237,10.265,10.304,5.353,4.647,10.354,10.239,5.669,5.268,10.309,10.275,EssenceCatalog/problems/csplib-prob010-SocialGolfers/params/d025afcbb4296177e603075368db9122.param
-0.966,-0.978,0.953,-0.953,-0.95,0.987,-0.907,0.981,0.959,-0.972,-0.926,0.963,-0.718,0.992,-0.966,-0.561,-0.485,0.897,0.967,0.831,0.948,-0.968,-0.987,-0.78,0.993,0.039,-0.537,-0.617,-0.956,0.98,0.973,0.777,-0.927,0.929,-0.144,-0.993,0.962,0.997,0.691,-0.905,-0.97,-0.994,0.528,-0.794,0.988,0.963,0.987,-0.955,-0.994,-0.943,0.986,0.761,0.96,-0.997,0.775,-0.948,-0.67,-0.839,-0.653,-0.883,-0.979,-0.956,0.863,-0.997,0.967,0.852,0.98,0.98,-0.789,0.827,0.859,-0.94,-0.896,-0.76,-0.837,-0.975,-0.983,-0.402,-0.723,0.964,-0.755,0.3,-0.997,-0.949,0.97,-0.627,-0.854,0.997,-0.963,-0.96,-0.769,0.877,0.882,-0.957,0.976,-0.987,0.901,0.896,0.884,-0.987,5.919,4.853,10.337,10.32,10.315,10.283,10.294,10.347,5.668,4.988,10.366,10.313,5.943,5.8,10.324,10.284,EssenceCatalog/problems/csplib-prob010-SocialGolfers/params/209b24df5ed5f17d901614dc4ec44157.param
-0.984,-0.971,0.963,-0.978,-0.973,0.99,0.46,0.989,0.968,-0.987,-0.968,0.943,-0.819,0.993,-0.927,-0.722,0.148,0.672,0.807,-0.669,0.94,-0.976,-0.992,-0.695,0.993,0.942,-0.902,-0.745,-0.973,0.995,0.53,0.939,-0.928,0.953,0.745,-0.995,0.898,0.997,0.891,-0.96,-0.988,-0.995,0.865,-0.966,0.988,0.927,0.996,-0.977,-0.996,-0.948,0.991,0.945,0.955,-0.998,0.638,-0.968,-0.974,-0.807,-0.918,-0.878,-0.79,-0.986,0.926,-0.999,0.981,0.97,0.981,0.973,-0.893,0.889,0.924,-0.962,-0.971,-0.87,-0.95,-0.98,-0.987,-0.699,-0.748,0.966,-0.552,0.954,-0.999,-0.981,0.976,0.426,-0.929,0.998,-0.954,-0.976,-0.94,0.9,0.943,-0.969,0.987,-0.993,0.94,0.925,0.875,-0.994,7.974,5.444,10.26,10.264,10.243,10.268,10.281,10.333,6.723,5.706,10.317,10.202,7.091,7.186,10.264,10.193,EssenceCatalog/problems/csplib-prob010-SocialGolfers/params/d70c862996ede1ea63d2864b697e5fde.param
-0.972,-0.99,0.989,-0.966,-0.984,0.992,-0.936,0.98,0.968,-0.97,-0.826,0.991,-0.954,0.991,-0.971,-0.983,-0.967,0.929,0.877,0.93,0.97,-0.974,-0.99,-0.98,0.989,-0.596,0.067,-0.714,-0.956,0.985,0.687,0.417,-0.944,0.954,0.089,-0.995,0.971,0.997,0.894,-0.629,-0.965,-0.995,0.663,-0.125,0.996,0.978,0.977,-0.914,-0.997,-0.987,0.996,0.244,0.895,-0.996,0.956,-0.981,0.799,-0.958,0.147,-0.937,-0.554,-0.864,0.63,-0.997,0.959,0.768,0.989,0.985,-0.876,0.815,0.909,-0.797,-0.846,-0.88,-0.917,-0.984,-0.99,-0.795,-0.931,0.958,-0.97,-0.883,-0.998,-0.859,0.987,0.818,-0.932,0.997,-0.974,-0.973,-0.905,0.969,0.882,-0.981,0.974,-0.99,0.977,0.933,0.97,-0.986,5.747,4.378,10.343,10.255,10.171,10.208,10.241,10.229,5.332,4.521,10.309,10.159,5.676,5.119,10.276,10.248,EssenceCatalog/problems/csplib-prob010-SocialGolfers/params/1af041b54fe4049e7bce8fb5a4d4c58d.param
-0.969,-0.982,0.97,-0.958,-0.961,0.99,-0.907,0.98,0.963,-0.961,-0.833,0.978,-0.847,0.99,-0.962,-0.883,-0.759,0.898,0.948,0.878,0.952,-0.969,-0.984,-0.918,0.991,-0.341,-0.144,-0.688,-0.953,0.984,0.924,0.537,-0.928,0.933,-0.208,-0.994,0.967,0.997,0.781,-0.81,-0.954,-0.994,0.587,-0.49,0.989,0.971,0.983,-0.931,-0.995,-0.97,0.988,0.624,0.932,-0.997,0.875,-0.965,0.143,-0.908,-0.286,-0.91,-0.919,-0.908,0.714,-0.998,0.966,0.8,0.983,0.981,-0.793,0.816,0.853,-0.878,-0.844,-0.798,-0.84,-0.981,-0.981,-0.494,-0.815,0.955,-0.881,-0.513,-0.998,-0.893,0.975,0.2,-0.899,0.996,-0.97,-0.951,-0.825,0.913,0.867,-0.967,0.978,-0.989,0.943,0.878,0.913,-0.984,5.662,4.531,10.342,10.276,10.213,10.217,10.245,10.289,5.389,4.678,10.336,10.22,5.704,5.33,10.29,10.249,EssenceCatalog/problems/csplib-prob010-SocialGolfers/params/a946865e3601e61418836e522bcc5458.param
-0.975,-0.989,0.993,-0.973,-0.987,0.992,-0.83,0.984,0.972,-0.98,-0.849,0.99,-0.966,0.991,-0.961,-0.988,-0.977,0.908,0.59,0.818,0.978,-0.979,-0.995,-0.986,0.987,-0.079,-0.455,-0.646,-0.956,0.99,-0.02,0.613,-0.936,0.957,0.658,-0.996,0.963,0.997,0.933,-0.51,-0.977,-0.995,0.705,-0.353,0.998,0.971,0.979,-0.907,-0.997,-0.989,0.997,0.239,0.889,-0.995,0.964,-0.987,0.656,-0.959,0.296,-0.926,0.2,-0.887,0.67,-0.997,0.951,0.838,0.988,0.984,-0.903,0.815,0.926,-0.754,-0.902,-0.897,-0.954,-0.981,-0.993,-0.899,-0.955,0.952,-0.976,-0.743,-0.998,-0.897,0.988,0.956,-0.933,0.997,-0.966,-0.983,-0.929,0.983,0.885,-0.984,0.972,-0.99,0.982,0.951,0.979,-0.989,6.663,4.639,10.282,10.179,10.115,10.169,10.203,10.163,5.791,4.79,10.213,10.103,6.17,5.608,10.194,10.179,EssenceCatalog/problems/csplib-prob010-SocialGolfers/params/204883f9d91200b874a50ce9394076e3.param
-0.995,-0.98,0.988,-0.995,-0.996,0.996,0.992,0.998,0.994,-0.992,-0.99,0.991,-0.972,0.993,-0.86,-0.989,-0.742,0.741,-0.888,-0.993,0.964,-0.994,-0.997,-0.957,0.997,0.995,-0.988,-0.958,-0.989,0.998,-0.993,0.987,-0.974,0.988,0.989,-0.999,0.802,0.998,0.989,-0.982,-0.996,-0.999,0.988,-0.991,0.997,0.921,0.999,-0.986,-0.999,-0.99,0.998,0.981,0.953,-0.999,0.941,-0.995,-0.992,-0.961,-0.974,-0.951,0.971,-0.996,0.981,-1.0,0.988,0.991,0.991,0.984,-0.989,0.976,0.988,-0.967,-0.995,-0.986,-0.993,-0.985,-0.995,-0.975,-0.968,0.978,-0.952,0.993,-1.0,-0.993,0.994,0.99,-0.979,1.0,-0.977,-0.993,-0.991,0.98,0.983,-0.991,0.996,-0.998,0.992,0.983,0.979,-0.997,9.601,5.767,10.422,10.353,10.405,10.437,10.414,10.363,7.487,6.075,10.389,10.361,7.961,7.785,10.411,10.405,EssenceCatalog/problems/csplib-prob010-SocialGolfers/params/aaf3d3874a9f5abeb448f899e884a2cb.param
-0.966,-0.981,0.963,-0.952,-0.968,0.989,-0.974,0.981,0.963,-0.969,-0.91,0.983,-0.787,0.993,-0.979,-0.807,-0.821,0.943,0.98,0.96,0.96,-0.973,-0.987,-0.89,0.995,-0.665,0.025,-0.704,-0.946,0.97,0.983,0.609,-0.946,0.944,-0.609,-0.994,0.974,0.998,0.679,-0.881,-0.961,-0.995,0.468,-0.512,0.991,0.974,0.983,-0.952,-0.995,-0.967,0.99,0.514,0.956,-0.997,0.89,-0.96,0.216,-0.916,-0.446,-0.927,-0.982,-0.938,0.805,-0.998,0.964,0.737,0.986,0.983,-0.809,0.825,0.864,-0.923,-0.861,-0.804,-0.819,-0.976,-0.985,-0.47,-0.818,0.968,-0.895,-0.58,-0.998,-0.922,0.978,-0.643,-0.889,0.997,-0.975,-0.958,-0.705,0.919,0.874,-0.964,0.976,-0.989,0.93,0.912,0.933,-0.986,5.162,4.439,10.346,10.308,10.299,10.284,10.285,10.303,5.154,4.576,10.373,10.274,5.454,5.086,10.332,10.309,EssenceCatalog/problems/csplib-prob010-SocialGolfers/params/c87f30120ca5014e2077c07f533814de.param
-0.974,-0.98,0.963,-0.967,-0.959,0.988,-0.507,0.985,0.96,-0.983,-0.962,0.943,-0.783,0.993,-0.954,-0.425,-0.125,0.812,0.918,0.155,0.943,-0.972,-0.992,-0.679,0.993,0.783,-0.854,-0.63,-0.976,0.991,0.908,0.914,-0.927,0.936,0.553,-0.993,0.938,0.997,0.813,-0.946,-0.984,-0.994,0.713,-0.941,0.989,0.956,0.993,-0.968,-0.994,-0.928,0.989,0.908,0.963,-0.998,0.65,-0.953,-0.955,-0.767,-0.866,-0.851,-0.948,-0.98,0.922,-0.998,0.978,0.949,0.979,0.983,-0.847,0.862,0.908,-0.959,-0.95,-0.805,-0.907,-0.98,-0.987,-0.548,-0.705,0.969,-0.587,0.888,-0.998,-0.977,0.975,-0.362,-0.872,0.997,-0.954,-0.974,-0.884,0.883,0.918,-0.963,0.98,-0.989,0.901,0.914,0.869,-0.992,7.023,5.284,10.366,10.362,10.354,10.349,10.346,10.4,6.316,5.459,10.406,10.335,6.607,6.65,10.359,10.297,EssenceCatalog/problems/csplib-prob010-SocialGolfers/params/ca9e644e2154b207ac9be09249914300.param
-0.97,-0.983,0.965,-0.961,-0.954,0.988,-0.688,0.984,0.959,-0.98,-0.957,0.946,-0.785,0.993,-0.959,-0.385,-0.239,0.833,0.933,0.403,0.944,-0.97,-0.992,-0.699,0.993,0.67,-0.813,-0.596,-0.976,0.989,0.936,0.897,-0.93,0.928,0.479,-0.993,0.946,0.997,0.792,-0.935,-0.982,-0.994,0.653,-0.921,0.989,0.962,0.991,-0.963,-0.993,-0.925,0.988,0.888,0.964,-0.998,0.668,-0.95,-0.937,-0.766,-0.822,-0.847,-0.96,-0.975,0.912,-0.998,0.977,0.939,0.979,0.984,-0.832,0.851,0.904,-0.954,-0.937,-0.787,-0.886,-0.98,-0.986,-0.513,-0.701,0.97,-0.63,0.833,-0.998,-0.973,0.975,-0.486,-0.854,0.997,-0.956,-0.971,-0.866,0.876,0.909,-0.963,0.978,-0.987,0.892,0.908,0.874,-0.99,6.78,5.216,10.38,10.372,10.365,10.354,10.349,10.4,6.191,5.375,10.417,10.354,6.474,6.48,10.371,10.314,EssenceCatalog/problems/csplib-prob010-SocialGolfers/params/883a086c151a4fdac589b486013f5f3d.param
-0.965,-0.983,0.966,-0.955,-0.979,0.99,-0.982,0.981,0.963,-0.972,-0.929,0.987,-0.81,0.994,-0.985,-0.858,-0.871,0.956,0.987,0.973,0.962,-0.974,-0.987,-0.906,0.995,-0.809,0.352,-0.773,-0.943,0.962,0.988,0.557,-0.956,0.957,-0.797,-0.994,0.975,0.998,0.704,-0.908,-0.961,-0.995,0.462,-0.377,0.991,0.979,0.982,-0.959,-0.996,-0.973,0.992,0.379,0.956,-0.997,0.915,-0.961,0.547,-0.939,-0.46,-0.946,-0.987,-0.943,0.796,-0.998,0.967,0.701,0.989,0.984,-0.834,0.825,0.874,-0.932,-0.859,-0.825,-0.819,-0.977,-0.987,-0.544,-0.83,0.973,-0.921,-0.776,-0.998,-0.916,0.98,-0.773,-0.914,0.997,-0.978,-0.96,-0.684,0.935,0.877,-0.963,0.976,-0.99,0.938,0.929,0.951,-0.988,4.923,4.324,10.35,10.321,10.32,10.321,10.289,10.288,5.012,4.463,10.375,10.282,5.307,4.9,10.34,10.343,EssenceCatalog/problems/csplib-prob010-SocialGolfers/params/563fd15fb4f103bb428900a337e39593.param
-0.97,-0.985,0.974,-0.961,-0.983,0.992,-0.985,0.981,0.966,-0.969,-0.906,0.992,-0.874,0.994,-0.985,-0.941,-0.94,0.96,0.983,0.98,0.966,-0.976,-0.987,-0.945,0.995,-0.875,0.541,-0.814,-0.942,0.964,0.979,0.393,-0.961,0.962,-0.807,-0.995,0.978,0.998,0.755,-0.878,-0.956,-0.996,0.535,-0.143,0.993,0.981,0.982,-0.951,-0.996,-0.983,0.994,0.212,0.947,-0.997,0.944,-0.971,0.82,-0.957,-0.311,-0.957,-0.973,-0.921,0.736,-0.998,0.964,0.643,0.991,0.985,-0.857,0.837,0.887,-0.909,-0.843,-0.859,-0.844,-0.98,-0.988,-0.625,-0.877,0.973,-0.954,-0.901,-0.998,-0.894,0.984,-0.481,-0.934,0.998,-0.981,-0.961,-0.734,0.95,0.884,-0.972,0.978,-0.991,0.958,0.932,0.962,-0.987,4.877,4.233,10.34,10.317,10.296,10.321,10.278,10.263,4.956,4.37,10.349,10.258,5.247,4.778,10.318,10.345,EssenceCatalog/problems/csplib-prob010-SocialGolfers/params/515ddc993685cd749e656c89a2253fb1.param
-0.968,-0.992,0.988,-0.958,-0.983,0.992,-0.978,0.979,0.962,-0.967,-0.863,0.991,-0.94,0.993,-0.983,-0.962,-0.959,0.947,0.96,0.972,0.969,-0.971,-0.988,-0.969,0.992,-0.833,0.392,-0.734,-0.964,0.981,0.941,0.41,-0.955,0.954,-0.481,-0.995,0.978,0.998,0.836,-0.788,-0.958,-0.995,0.506,-0.028,0.994,0.986,0.978,-0.933,-0.996,-0.983,0.994,0.228,0.929,-0.996,0.946,-0.975,0.809,-0.956,-0.041,-0.944,-0.91,-0.891,0.671,-0.997,0.969,0.743,0.99,0.99,-0.846,0.789,0.887,-0.854,-0.812,-0.856,-0.853,-0.987,-0.989,-0.709,-0.894,0.968,-0.96,-0.915,-0.998,-0.868,0.985,0.133,-0.925,0.997,-0.978,-0.967,-0.845,0.958,0.875,-0.976,0.974,-0.989,0.964,0.927,0.964,-0.985,5.148,4.256,10.347,10.266,10.205,10.244,10.227,10.214,5.062,4.394,10.336,10.186,5.369,4.854,10.292,10.272,EssenceCatalog/problems/csplib-prob010-SocialGolfers/params/1923bdfa10776f65f3cfaaae6cd4b107.param
-0.995,-0.993,0.994,-0.996,-0.997,0.998,0.979,0.998,0.996,-0.993,-0.987,0.996,-0.989,0.995,-0.879,-0.992,-0.937,0.867,-0.936,-0.98,0.982,-0.996,-0.998,-0.983,0.998,0.992,-0.989,-0.965,-0.993,0.998,-0.991,0.98,-0.978,0.991,0.994,-0.999,0.936,0.999,0.99,-0.969,-0.997,-0.999,0.99,-0.987,0.999,0.967,0.998,-0.985,-0.999,-0.994,0.999,0.973,0.962,-0.999,0.975,-0.997,-0.983,-0.976,-0.944,-0.962,0.984,-0.996,0.978,-1.0,0.989,0.989,0.995,0.992,-0.991,0.982,0.99,-0.951,-0.996,-0.988,-0.994,-0.99,-0.997,-0.984,-0.984,0.982,-0.983,0.986,-1.0,-0.993,0.997,0.994,-0.98,1.0,-0.987,-0.994,-0.991,0.985,0.978,-0.995,0.996,-0.998,0.995,0.988,0.989,-0.998,9.648,5.802,10.526,10.44,10.489,10.526,10.502,10.453,7.525,6.107,10.479,10.455,8.013,7.805,10.503,10.494,EssenceCatalog/problems/csplib-prob010-SocialGolfers/params/95355d71f9ad69fca0a2013ed2d03cb2.param
-0.995,-0.985,0.99,-0.995,-0.996,0.996,0.992,0.998,0.994,-0.992,-0.99,0.991,-0.977,0.993,-0.871,-0.988,-0.762,0.739,-0.893,-0.992,0.966,-0.995,-0.997,-0.962,0.997,0.995,-0.989,-0.957,-0.991,0.998,-0.993,0.987,-0.975,0.988,0.991,-0.999,0.822,0.998,0.989,-0.982,-0.996,-0.999,0.988,-0.99,0.997,0.939,0.999,-0.986,-0.999,-0.99,0.998,0.983,0.953,-0.999,0.942,-0.995,-0.993,-0.96,-0.974,-0.95,0.972,-0.996,0.98,-1.0,0.989,0.992,0.992,0.988,-0.989,0.976,0.989,-0.966,-0.995,-0.986,-0.993,-0.988,-0.995,-0.976,-0.968,0.979,-0.955,0.993,-1.0,-0.993,0.994,0.989,-0.978,1.0,-0.978,-0.993,-0.992,0.98,0.983,-0.992,0.996,-0.998,0.992,0.984,0.98,-0.997,9.609,5.773,10.438,10.365,10.416,10.448,10.424,10.373,7.493,6.08,10.404,10.373,7.969,7.791,10.426,10.416,EssenceCatalog/problems/csplib-prob010-SocialGolfers/params/09cd2c9b9f5ecb06e4078adf9cfae83a.param
-0.991,0.994,-0.98,-0.992,-0.983,0.983,-0.952,0.984,0.991,-0.98,-0.989,0.98,0.99,0.995,-0.941,-0.956,-0.781,0.985,0.986,0.945,0.962,-0.989,-0.988,0.536,0.997,0.92,-0.701,-0.895,0.987,-0.852,0.85,0.713,-0.938,0.98,-0.969,-0.998,0.619,0.999,-0.394,-0.926,-0.988,-0.997,0.951,-0.97,0.995,-0.989,0.993,-0.977,-0.998,-0.986,0.997,-0.803,0.977,-0.999,0.962,-0.97,0.644,-0.952,-0.921,-0.976,-0.986,-0.981,0.956,-0.998,-0.935,-0.889,0.985,-0.99,-0.963,0.969,0.898,-0.964,-0.986,-0.929,-0.982,0.984,-0.993,-0.753,-0.967,0.86,-0.788,0.962,-0.998,-0.991,0.971,0.769,-0.925,0.999,-0.912,-0.982,0.873,0.963,0.936,-0.922,0.986,-0.994,0.982,0.973,0.913,-0.996,4.433,3.618,5.088,10.253,10.555,10.425,10.577,10.779,4.362,3.837,5.13,10.177,4.905,4.553,6.163,10.175,EssenceCatalog/problems/csplib-prob010-SocialGolfers/params/4a0cb22d603113b77f03cc371501bdba.param
-0.995,-0.977,0.986,-0.995,-0.996,0.996,0.992,0.998,0.994,-0.992,-0.99,0.992,-0.969,0.993,-0.845,-0.99,-0.77,0.766,-0.901,-0.992,0.965,-0.995,-0.996,-0.961,0.997,0.995,-0.987,-0.961,-0.986,0.998,-0.994,0.985,-0.974,0.989,0.989,-0.999,0.807,0.998,0.989,-0.98,-0.996,-0.999,0.99,-0.991,0.997,0.907,0.999,-0.987,-0.999,-0.991,0.998,0.979,0.953,-0.999,0.949,-0.995,-0.991,-0.966,-0.973,-0.955,0.975,-0.996,0.981,-1.0,0.986,0.99,0.992,0.98,-0.989,0.977,0.988,-0.966,-0.995,-0.987,-0.993,-0.981,-0.995,-0.977,-0.972,0.977,-0.957,0.993,-1.0,-0.993,0.994,0.992,-0.979,1.0,-0.977,-0.993,-0.99,0.98,0.982,-0.991,0.996,-0.998,0.993,0.983,0.981,-0.997,9.606,5.768,10.425,10.358,10.411,10.444,10.421,10.37,7.489,6.076,10.39,10.367,7.965,7.786,10.414,10.412,EssenceCatalog/problems/csplib-prob010-SocialGolfers/params/a5507135a6e793d87f3f72d69136a966.param
-0.963,-0.981,0.961,-0.951,-0.963,0.988,-0.966,0.98,0.961,-0.969,-0.919,0.978,-0.767,0.993,-0.978,-0.734,-0.749,0.934,0.979,0.943,0.956,-0.971,-0.987,-0.861,0.994,-0.537,-0.128,-0.682,-0.95,0.972,0.983,0.67,-0.943,0.939,-0.528,-0.993,0.971,0.998,0.673,-0.889,-0.963,-0.994,0.464,-0.607,0.99,0.973,0.984,-0.953,-0.995,-0.96,0.989,0.599,0.958,-0.997,0.859,-0.955,-0.084,-0.896,-0.519,-0.915,-0.983,-0.946,0.825,-0.997,0.965,0.77,0.984,0.984,-0.801,0.826,0.863,-0.929,-0.869,-0.786,-0.816,-0.976,-0.985,-0.442,-0.788,0.968,-0.866,-0.379,-0.998,-0.932,0.975,-0.703,-0.876,0.997,-0.972,-0.958,-0.713,0.907,0.871,-0.961,0.976,-0.988,0.919,0.91,0.923,-0.987,5.309,4.537,10.353,10.313,10.31,10.276,10.293,10.321,5.258,4.675,10.387,10.29,5.557,5.242,10.346,10.303,EssenceCatalog/problems/csplib-prob010-SocialGolfers/params/0a6aeba6605fa8c37db949b45740276e.param
-0.97,-0.985,0.976,-0.959,-0.973,0.992,-0.968,0.981,0.967,-0.962,-0.85,0.988,-0.881,0.992,-0.976,-0.936,-0.911,0.939,0.962,0.958,0.962,-0.974,-0.985,-0.945,0.993,-0.726,0.204,-0.751,-0.949,0.978,0.947,0.44,-0.947,0.946,-0.496,-0.995,0.975,0.998,0.772,-0.795,-0.951,-0.995,0.579,-0.283,0.992,0.978,0.981,-0.935,-0.996,-0.981,0.992,0.43,0.935,-0.997,0.926,-0.971,0.637,-0.939,-0.225,-0.937,-0.93,-0.903,0.705,-0.998,0.961,0.707,0.988,0.984,-0.832,0.835,0.873,-0.875,-0.834,-0.843,-0.851,-0.981,-0.985,-0.564,-0.876,0.962,-0.94,-0.806,-0.998,-0.885,0.983,0.103,-0.915,0.997,-0.979,-0.957,-0.797,0.937,0.871,-0.974,0.978,-0.99,0.956,0.907,0.945,-0.984,5.256,4.34,10.355,10.305,10.251,10.266,10.268,10.284,5.146,4.481,10.345,10.24,5.453,4.986,10.307,10.304,EssenceCatalog/problems/csplib-prob010-SocialGolfers/params/f4ef268e0b3f268d2e8c0a5588b2ec65.param
-0.982,-0.941,0.923,-0.976,-0.964,0.988,0.227,0.988,0.963,-0.984,-0.956,0.941,-0.639,0.992,-0.919,-0.708,0.286,0.731,0.904,-0.415,0.936,-0.974,-0.988,-0.614,0.993,0.904,-0.849,-0.745,-0.941,0.992,0.787,0.904,-0.905,0.957,0.39,-0.995,0.905,0.997,0.833,-0.957,-0.983,-0.995,0.836,-0.956,0.982,0.88,0.995,-0.976,-0.996,-0.944,0.988,0.915,0.955,-0.998,0.664,-0.96,-0.946,-0.825,-0.9,-0.89,-0.913,-0.982,0.913,-0.999,0.969,0.943,0.978,0.946,-0.864,0.87,0.869,-0.964,-0.965,-0.839,-0.941,-0.967,-0.982,-0.598,-0.707,0.951,-0.46,0.914,-0.999,-0.974,0.961,0.216,-0.927,0.997,-0.946,-0.968,-0.891,0.886,0.935,-0.958,0.987,-0.993,0.934,0.909,0.839,-0.993,7.458,5.293,10.143,10.185,10.196,10.195,10.212,10.286,6.459,5.53,10.198,10.139,6.786,6.904,10.15,10.116,EssenceCatalog/problems/csplib-prob010-SocialGolfers/params/653c0295a2c97820715007591b435859.param
-0.991,0.996,-0.988,-0.993,-0.983,0.985,-0.97,0.986,0.991,-0.975,-0.99,0.984,0.992,0.995,-0.943,-0.967,-0.87,0.988,0.989,0.966,0.966,-0.991,-0.986,0.687,0.997,0.882,-0.626,-0.929,0.992,-0.929,0.871,0.563,-0.947,0.984,-0.984,-0.999,0.555,0.999,-0.657,-0.926,-0.986,-0.997,0.959,-0.967,0.994,-0.992,0.994,-0.978,-0.998,-0.989,0.997,-0.862,0.981,-0.999,0.97,-0.974,0.817,-0.964,-0.924,-0.983,-0.99,-0.979,0.96,-0.998,-0.96,-0.937,0.987,-0.993,-0.968,0.974,0.883,-0.963,-0.987,-0.935,-0.983,0.991,-0.993,-0.797,-0.972,0.854,-0.848,0.952,-0.998,-0.99,0.969,0.774,-0.945,0.999,-0.923,-0.98,0.922,0.961,0.943,-0.93,0.986,-0.995,0.984,0.975,0.922,-0.995,4.312,3.55,4.956,10.285,10.554,10.431,10.594,10.8,4.276,3.768,5.003,10.185,4.833,4.457,6.04,10.191,EssenceCatalog/problems/csplib-prob010-SocialGolfers/params/567f04063562db95f57211b9de413b90.param
-0.984,-0.961,0.949,-0.978,-0.969,0.99,0.399,0.989,0.966,-0.986,-0.966,0.943,-0.758,0.992,-0.922,-0.703,0.224,0.699,0.846,-0.605,0.938,-0.976,-0.991,-0.639,0.993,0.935,-0.901,-0.754,-0.964,0.994,0.655,0.933,-0.918,0.957,0.649,-0.995,0.899,0.997,0.87,-0.964,-0.986,-0.996,0.858,-0.969,0.985,0.909,0.996,-0.979,-0.996,-0.944,0.99,0.943,0.958,-0.999,0.644,-0.965,-0.973,-0.813,-0.926,-0.886,-0.861,-0.986,0.93,-0.999,0.978,0.964,0.981,0.966,-0.887,0.887,0.906,-0.967,-0.972,-0.867,-0.952,-0.976,-0.985,-0.666,-0.736,0.96,-0.495,0.952,-0.999,-0.98,0.97,0.312,-0.931,0.998,-0.951,-0.974,-0.925,0.893,0.944,-0.967,0.988,-0.993,0.937,0.92,0.857,-0.994,7.8,5.406,10.225,10.243,10.232,10.248,10.262,10.325,6.641,5.657,10.285,10.186,6.992,7.108,10.231,10.171,EssenceCatalog/problems/csplib-prob010-SocialGolfers/params/68326ad887a784e62557eb540d988fef.param
-0.983,-0.983,0.989,-0.981,-0.984,0.994,-0.627,0.99,0.984,-0.977,-0.849,0.992,-0.961,0.989,-0.95,-0.99,-0.975,0.893,0.257,0.596,0.978,-0.986,-0.995,-0.981,0.991,0.373,-0.653,-0.793,-0.95,0.991,-0.54,0.678,-0.945,0.963,0.766,-0.998,0.957,0.998,0.937,-0.566,-0.977,-0.996,0.859,-0.63,0.998,0.958,0.986,-0.91,-0.998,-0.992,0.997,0.55,0.895,-0.997,0.962,-0.99,0.402,-0.957,0.013,-0.936,0.617,-0.916,0.731,-0.998,0.946,0.851,0.991,0.979,-0.935,0.905,0.951,-0.804,-0.934,-0.925,-0.971,-0.974,-0.993,-0.888,-0.967,0.953,-0.98,-0.413,-0.998,-0.93,0.991,0.979,-0.952,0.998,-0.976,-0.98,-0.934,0.98,0.905,-0.989,0.983,-0.993,0.986,0.953,0.977,-0.99,7.482,4.945,10.333,10.262,10.231,10.259,10.294,10.269,6.262,5.121,10.239,10.224,6.651,6.157,10.239,10.282,EssenceCatalog/problems/csplib-prob010-SocialGolfers/params/8d9794cda5467e0e2804369a76187529.param
-0.965,-0.981,0.964,-0.953,-0.974,0.989,-0.976,0.981,0.962,-0.972,-0.924,0.984,-0.79,0.994,-0.983,-0.823,-0.826,0.948,0.984,0.964,0.96,-0.973,-0.987,-0.894,0.995,-0.72,0.176,-0.74,-0.944,0.967,0.986,0.603,-0.95,0.95,-0.715,-0.994,0.973,0.998,0.695,-0.897,-0.962,-0.995,0.469,-0.466,0.991,0.976,0.983,-0.956,-0.995,-0.969,0.991,0.461,0.956,-0.997,0.898,-0.959,0.347,-0.925,-0.479,-0.935,-0.985,-0.945,0.803,-0.998,0.965,0.724,0.987,0.984,-0.82,0.824,0.865,-0.929,-0.86,-0.807,-0.819,-0.976,-0.986,-0.499,-0.815,0.97,-0.902,-0.662,-0.998,-0.921,0.978,-0.728,-0.9,0.997,-0.975,-0.96,-0.698,0.927,0.873,-0.961,0.976,-0.99,0.931,0.922,0.941,-0.987,5.052,4.392,10.348,10.315,10.314,10.303,10.288,10.298,5.092,4.532,10.375,10.281,5.389,5.011,10.338,10.326,EssenceCatalog/problems/csplib-prob010-SocialGolfers/params/22fb412d1981500c8d78b43132a66177.param
-0.966,-0.979,0.958,-0.952,-0.945,0.988,-0.935,0.98,0.963,-0.965,-0.89,0.971,-0.761,0.991,-0.966,-0.69,-0.659,0.907,0.962,0.885,0.95,-0.971,-0.987,-0.841,0.993,-0.175,-0.428,-0.621,-0.953,0.979,0.965,0.695,-0.928,0.924,-0.138,-0.993,0.966,0.998,0.685,-0.862,-0.964,-0.994,0.525,-0.71,0.989,0.965,0.985,-0.943,-0.994,-0.954,0.986,0.717,0.956,-0.997,0.824,-0.956,-0.441,-0.862,-0.494,-0.894,-0.968,-0.936,0.82,-0.998,0.963,0.814,0.981,0.98,-0.787,0.832,0.865,-0.919,-0.874,-0.771,-0.829,-0.975,-0.983,-0.396,-0.78,0.963,-0.827,0.032,-0.998,-0.937,0.975,-0.407,-0.855,0.996,-0.969,-0.954,-0.769,0.882,0.873,-0.965,0.976,-0.987,0.916,0.885,0.892,-0.985,5.781,4.734,10.354,10.314,10.279,10.262,10.281,10.334,5.548,4.869,10.37,10.29,5.842,5.602,10.325,10.283,EssenceCatalog/problems/csplib-prob010-SocialGolfers/params/ebe9bec242c89b73397ce4607029e953.param
-0.995,-0.983,0.99,-0.995,-0.996,0.996,0.992,0.998,0.994,-0.992,-0.99,0.992,-0.977,0.994,-0.865,-0.99,-0.8,0.77,-0.903,-0.992,0.967,-0.995,-0.997,-0.965,0.997,0.995,-0.988,-0.961,-0.99,0.998,-0.993,0.986,-0.976,0.989,0.99,-0.999,0.831,0.998,0.99,-0.981,-0.996,-0.999,0.989,-0.99,0.997,0.934,0.999,-0.986,-0.999,-0.991,0.999,0.981,0.955,-0.999,0.95,-0.996,-0.992,-0.965,-0.972,-0.954,0.975,-0.996,0.981,-1.0,0.988,0.991,0.992,0.986,-0.989,0.978,0.989,-0.966,-0.996,-0.987,-0.993,-0.986,-0.995,-0.978,-0.972,0.979,-0.962,0.993,-1.0,-0.993,0.995,0.991,-0.979,1.0,-0.979,-0.993,-0.991,0.981,0.983,-0.992,0.996,-0.998,0.993,0.985,0.982,-0.997,9.618,5.778,10.451,10.378,10.429,10.463,10.439,10.388,7.5,6.085,10.415,10.388,7.978,7.794,10.438,10.431,EssenceCatalog/problems/csplib-prob010-SocialGolfers/params/78a16f97ffde5474d531d152f5b140b4.param
-0.967,-0.979,0.959,-0.954,-0.96,0.988,-0.937,0.981,0.961,-0.968,-0.899,0.974,-0.76,0.992,-0.97,-0.759,-0.645,0.916,0.973,0.902,0.951,-0.968,-0.985,-0.859,0.993,-0.362,-0.197,-0.686,-0.949,0.978,0.973,0.656,-0.93,0.938,-0.442,-0.993,0.967,0.998,0.709,-0.882,-0.961,-0.994,0.52,-0.632,0.988,0.969,0.984,-0.95,-0.994,-0.96,0.987,0.65,0.951,-0.997,0.845,-0.953,-0.178,-0.89,-0.508,-0.909,-0.976,-0.94,0.802,-0.998,0.966,0.79,0.982,0.981,-0.785,0.82,0.847,-0.924,-0.867,-0.781,-0.822,-0.976,-0.981,-0.419,-0.765,0.962,-0.841,-0.288,-0.998,-0.922,0.971,-0.522,-0.882,0.996,-0.969,-0.954,-0.759,0.9,0.871,-0.959,0.977,-0.989,0.922,0.894,0.904,-0.986,5.478,4.587,10.333,10.292,10.277,10.247,10.266,10.308,5.35,4.728,10.359,10.266,5.642,5.36,10.315,10.274,EssenceCatalog/problems/csplib-prob010-SocialGolfers/params/0cf98738d0ec16cc1c9ea315b9a43813.param
-0.966,-0.981,0.964,-0.956,-0.978,0.99,-0.981,0.981,0.964,-0.972,-0.927,0.987,-0.798,0.994,-0.985,-0.864,-0.864,0.956,0.987,0.973,0.962,-0.975,-0.987,-0.904,0.995,-0.805,0.357,-0.781,-0.939,0.961,0.988,0.547,-0.955,0.958,-0.807,-0.994,0.974,0.998,0.704,-0.908,-0.96,-0.995,0.478,-0.387,0.991,0.977,0.983,-0.959,-0.996,-0.974,0.992,0.381,0.956,-0.998,0.915,-0.961,0.553,-0.939,-0.467,-0.947,-0.987,-0.943,0.795,-0.998,0.965,0.689,0.988,0.983,-0.834,0.828,0.871,-0.933,-0.858,-0.827,-0.822,-0.976,-0.987,-0.532,-0.829,0.972,-0.92,-0.774,-0.998,-0.914,0.979,-0.763,-0.916,0.997,-0.978,-0.959,-0.68,0.935,0.878,-0.963,0.977,-0.991,0.939,0.928,0.95,-0.987,4.921,4.321,10.343,10.321,10.32,10.321,10.289,10.289,5.011,4.461,10.367,10.281,5.304,4.898,10.334,10.343,EssenceCatalog/problems/csplib-prob010-SocialGolfers/params/94b7d1f6e57559f444d5b2e1b56d57d2.param
-0.971,-0.986,0.979,-0.961,-0.977,0.992,-0.967,0.981,0.968,-0.96,-0.842,0.99,-0.903,0.992,-0.977,-0.954,-0.93,0.94,0.959,0.959,0.962,-0.975,-0.985,-0.955,0.993,-0.755,0.299,-0.777,-0.951,0.978,0.932,0.377,-0.951,0.951,-0.511,-0.995,0.975,0.998,0.806,-0.787,-0.95,-0.995,0.608,-0.203,0.993,0.979,0.98,-0.933,-0.996,-0.983,0.992,0.404,0.93,-0.997,0.936,-0.973,0.723,-0.947,-0.164,-0.942,-0.908,-0.89,0.681,-0.998,0.963,0.705,0.989,0.985,-0.844,0.841,0.887,-0.868,-0.829,-0.859,-0.863,-0.983,-0.986,-0.607,-0.886,0.964,-0.952,-0.86,-0.998,-0.874,0.984,0.215,-0.927,0.997,-0.979,-0.957,-0.825,0.942,0.874,-0.976,0.979,-0.99,0.962,0.91,0.951,-0.984,5.25,4.31,10.362,10.308,10.245,10.265,10.263,10.278,5.132,4.451,10.347,10.236,5.437,4.948,10.309,10.31,EssenceCatalog/problems/csplib-prob010-SocialGolfers/params/1c9e3333a73f27b3a67f089fdbc94a2d.param
-0.95,-0.984,0.994,-0.934,-0.989,0.967,-0.902,0.929,0.819,-0.989,-0.893,0.965,-0.925,0.994,-0.971,-0.92,-0.836,0.922,0.925,0.924,0.969,-0.921,-0.993,-0.987,0.954,-0.319,-0.334,0.219,-0.945,0.99,0.894,0.789,-0.847,0.936,0.42,-0.987,0.921,0.983,0.924,-0.712,-0.983,-0.988,-0.345,0.201,0.996,0.957,0.954,-0.918,-0.98,-0.938,0.995,-0.71,0.874,-0.98,0.938,-0.959,0.48,-0.959,0.668,-0.812,-0.895,-0.835,0.668,-0.988,0.954,0.922,0.957,0.969,-0.626,-0.289,0.656,-0.726,-0.817,-0.674,-0.832,-0.984,-0.99,-0.924,-0.83,0.889,-0.777,-0.789,-0.988,-0.816,0.936,0.47,-0.718,0.995,-0.809,-0.986,-0.855,0.986,0.762,-0.856,0.887,-0.954,0.939,0.924,0.972,-0.982,5.158,4.091,9.614,9.374,9.359,9.518,9.524,9.344,4.836,4.187,9.603,9.256,5.217,4.702,9.531,9.327,EssenceCatalog/problems/csplib-prob010-SocialGolfers/params/53d41353ae8bd75839a1db335448333a.param
-0.968,-0.985,0.969,-0.958,-0.947,0.988,-0.755,0.983,0.961,-0.977,-0.944,0.95,-0.812,0.992,-0.959,-0.406,-0.361,0.835,0.925,0.499,0.945,-0.969,-0.991,-0.747,0.993,0.593,-0.794,-0.555,-0.977,0.99,0.929,0.879,-0.929,0.918,0.528,-0.993,0.952,0.997,0.785,-0.915,-0.979,-0.994,0.617,-0.899,0.989,0.967,0.99,-0.955,-0.993,-0.928,0.988,0.88,0.962,-0.997,0.683,-0.952,-0.918,-0.765,-0.758,-0.842,-0.951,-0.968,0.898,-0.998,0.976,0.934,0.979,0.986,-0.821,0.847,0.906,-0.944,-0.925,-0.775,-0.873,-0.982,-0.985,-0.492,-0.718,0.969,-0.679,0.782,-0.998,-0.97,0.977,-0.405,-0.838,0.997,-0.96,-0.968,-0.865,0.87,0.901,-0.966,0.976,-0.986,0.891,0.898,0.877,-0.989,6.734,5.186,10.397,10.373,10.354,10.35,10.346,10.395,6.156,5.34,10.427,10.351,6.448,6.411,10.38,10.317,EssenceCatalog/problems/csplib-prob010-SocialGolfers/params/06f06761f9da45c68e2faa026031447e.param
-0.971,-0.982,0.973,-0.959,-0.964,0.991,-0.936,0.981,0.968,-0.957,-0.81,0.984,-0.87,0.989,-0.965,-0.926,-0.858,0.915,0.942,0.92,0.957,-0.973,-0.983,-0.935,0.992,-0.524,-0.034,-0.724,-0.949,0.983,0.909,0.459,-0.935,0.938,-0.257,-0.995,0.971,0.998,0.78,-0.766,-0.948,-0.995,0.621,-0.406,0.991,0.973,0.982,-0.927,-0.996,-0.978,0.989,0.573,0.929,-0.997,0.907,-0.97,0.407,-0.924,-0.212,-0.924,-0.887,-0.891,0.688,-0.998,0.962,0.75,0.985,0.981,-0.817,0.837,0.865,-0.865,-0.838,-0.833,-0.855,-0.981,-0.983,-0.523,-0.861,0.954,-0.921,-0.674,-0.998,-0.881,0.98,0.368,-0.909,0.996,-0.976,-0.951,-0.825,0.922,0.87,-0.973,0.979,-0.989,0.953,0.885,0.927,-0.983,5.555,4.444,10.351,10.291,10.221,10.225,10.259,10.297,5.305,4.588,10.335,10.226,5.622,5.182,10.294,10.272,EssenceCatalog/problems/csplib-prob010-SocialGolfers/params/61a85988553f1aebb4b99b2cf805c42f.param
-0.986,0.972,-0.939,-0.975,-0.988,0.685,0.576,0.94,0.823,-0.991,-0.96,0.93,0.982,0.985,-0.461,-0.922,0.427,0.967,0.919,0.707,0.977,-0.962,-0.867,-0.399,0.907,0.927,-0.953,-0.475,0.989,0.596,0.897,0.839,0.704,0.983,-0.952,-0.995,0.772,0.993,-0.533,-0.879,-0.973,-0.991,0.857,-0.929,0.979,-0.987,0.992,-0.982,-0.992,-0.964,0.989,-0.945,0.896,-0.988,0.961,-0.953,0.882,-0.98,-0.806,-0.925,-0.955,-0.965,0.952,-0.995,-0.81,-0.858,0.845,-0.992,-0.85,0.048,-0.907,-0.94,-0.978,-0.722,-0.978,0.838,-0.973,-0.905,-0.956,-0.836,0.501,0.716,-0.994,-0.795,-0.515,0.913,-0.9,0.988,0.397,-0.978,0.932,0.971,0.93,0.787,0.905,-0.982,0.967,0.924,0.712,-0.982,3.739,2.767,3.7,7.854,8.607,8.454,8.658,8.968,3.507,3.102,3.604,7.912,4.082,3.889,4.678,7.929,EssenceCatalog/problems/csplib-prob010-SocialGolfers/params/ord24-5-7-5.param
-0.978,-0.983,0.971,-0.973,-0.967,0.99,-0.185,0.988,0.965,-0.986,-0.971,0.944,-0.839,0.993,-0.951,-0.479,-0.111,0.772,0.862,-0.263,0.946,-0.976,-0.994,-0.687,0.994,0.882,-0.905,-0.666,-0.982,0.994,0.8,0.942,-0.937,0.942,0.741,-0.994,0.925,0.997,0.863,-0.957,-0.988,-0.995,0.784,-0.962,0.991,0.958,0.995,-0.973,-0.995,-0.934,0.991,0.939,0.965,-0.998,0.633,-0.961,-0.977,-0.762,-0.907,-0.848,-0.899,-0.985,0.937,-0.998,0.981,0.967,0.981,0.986,-0.882,0.886,0.936,-0.963,-0.965,-0.845,-0.932,-0.983,-0.989,-0.627,-0.741,0.973,-0.598,0.944,-0.998,-0.983,0.98,-0.119,-0.889,0.998,-0.957,-0.978,-0.918,0.895,0.933,-0.97,0.983,-0.99,0.916,0.926,0.88,-0.993,7.477,5.403,10.397,10.386,10.364,10.379,10.375,10.426,6.542,5.611,10.443,10.346,6.865,6.928,10.394,10.316,EssenceCatalog/problems/csplib-prob010-SocialGolfers/params/7710d9aa81dfc2d0971c7f1af182d26b.param
-0.972,-0.987,0.983,-0.961,-0.973,0.992,-0.943,0.981,0.97,-0.961,-0.794,0.989,-0.927,0.989,-0.969,-0.964,-0.939,0.924,0.906,0.932,0.966,-0.976,-0.987,-0.962,0.991,-0.591,-0.014,-0.723,-0.956,0.985,0.822,0.426,-0.941,0.945,-0.071,-0.995,0.973,0.998,0.831,-0.688,-0.953,-0.995,0.654,-0.298,0.994,0.977,0.98,-0.916,-0.996,-0.984,0.993,0.477,0.914,-0.996,0.934,-0.978,0.637,-0.941,-0.046,-0.931,-0.746,-0.875,0.655,-0.998,0.961,0.755,0.988,0.985,-0.851,0.832,0.888,-0.825,-0.837,-0.863,-0.889,-0.983,-0.987,-0.662,-0.907,0.955,-0.952,-0.801,-0.998,-0.871,0.985,0.677,-0.919,0.996,-0.977,-0.962,-0.864,0.947,0.875,-0.979,0.978,-0.989,0.967,0.907,0.95,-0.984,5.677,4.423,10.38,10.305,10.22,10.241,10.278,10.299,5.337,4.566,10.351,10.223,5.672,5.162,10.313,10.289,EssenceCatalog/problems/csplib-prob010-SocialGolfers/params/534ec98edf64ae42de6563808a6c24fc.param
-0.991,0.997,-0.99,-0.994,-0.988,0.987,-0.983,0.987,0.992,-0.976,-0.989,0.99,0.991,0.996,-0.94,-0.985,-0.953,0.991,0.988,0.984,0.973,-0.993,-0.988,0.656,0.997,0.769,-0.353,-0.946,0.994,-0.958,0.871,0.277,-0.951,0.988,-0.99,-0.999,0.599,1.0,-0.745,-0.894,-0.984,-0.998,0.963,-0.949,0.996,-0.993,0.993,-0.975,-0.999,-0.993,0.998,-0.943,0.979,-0.999,0.983,-0.981,0.955,-0.978,-0.904,-0.988,-0.986,-0.973,0.95,-0.999,-0.973,-0.968,0.989,-0.995,-0.976,0.975,0.825,-0.957,-0.987,-0.943,-0.985,0.993,-0.995,-0.868,-0.982,0.824,-0.922,0.901,-0.999,-0.988,0.971,0.878,-0.957,0.999,-0.932,-0.983,0.95,0.971,0.948,-0.939,0.987,-0.997,0.988,0.979,0.946,-0.995,4.195,3.462,4.899,10.296,10.535,10.415,10.589,10.793,4.179,3.676,4.94,10.18,4.76,4.336,5.974,10.193,EssenceCatalog/problems/csplib-prob010-SocialGolfers/params/9289ac230ced1e9c7ff6b64410f9221d.param
-0.97,-0.984,0.968,-0.963,-0.955,0.988,-0.643,0.984,0.96,-0.981,-0.957,0.945,-0.806,0.993,-0.958,-0.389,-0.244,0.821,0.921,0.323,0.944,-0.97,-0.992,-0.711,0.993,0.711,-0.83,-0.59,-0.978,0.99,0.92,0.904,-0.931,0.926,0.564,-0.993,0.945,0.997,0.805,-0.934,-0.983,-0.994,0.671,-0.925,0.99,0.963,0.992,-0.963,-0.994,-0.927,0.989,0.897,0.963,-0.998,0.658,-0.952,-0.944,-0.758,-0.827,-0.842,-0.949,-0.976,0.913,-0.998,0.977,0.945,0.978,0.986,-0.837,0.855,0.911,-0.952,-0.94,-0.789,-0.891,-0.981,-0.986,-0.527,-0.707,0.97,-0.632,0.854,-0.998,-0.975,0.977,-0.406,-0.853,0.997,-0.957,-0.972,-0.877,0.878,0.91,-0.964,0.978,-0.987,0.895,0.909,0.876,-0.991,6.896,5.249,10.389,10.375,10.363,10.358,10.353,10.402,6.251,5.413,10.425,10.352,6.542,6.55,10.378,10.314,EssenceCatalog/problems/csplib-prob010-SocialGolfers/params/de07401f333c2a5fcb7ba2adfb1be6bb.param
-0.965,-0.981,0.962,-0.952,-0.966,0.988,-0.957,0.98,0.96,-0.97,-0.915,0.977,-0.774,0.993,-0.977,-0.753,-0.727,0.929,0.977,0.932,0.956,-0.97,-0.987,-0.869,0.994,-0.493,-0.116,-0.685,-0.95,0.974,0.98,0.666,-0.939,0.939,-0.513,-0.993,0.969,0.998,0.697,-0.886,-0.964,-0.994,0.488,-0.595,0.99,0.973,0.984,-0.952,-0.995,-0.961,0.989,0.595,0.954,-0.997,0.86,-0.954,-0.056,-0.898,-0.507,-0.914,-0.98,-0.947,0.812,-0.997,0.966,0.776,0.984,0.983,-0.799,0.819,0.857,-0.925,-0.868,-0.784,-0.82,-0.977,-0.984,-0.45,-0.784,0.966,-0.86,-0.393,-0.998,-0.927,0.974,-0.639,-0.881,0.997,-0.971,-0.959,-0.733,0.912,0.867,-0.958,0.976,-0.988,0.922,0.909,0.921,-0.987,5.339,4.536,10.352,10.31,10.304,10.274,10.289,10.317,5.269,4.676,10.383,10.283,5.567,5.254,10.341,10.298,EssenceCatalog/problems/csplib-prob010-SocialGolfers/params/81d098fe8b81ae93ba5e7af44f863422.param
-0.97,-0.975,0.952,-0.961,-0.953,0.987,-0.727,0.983,0.958,-0.979,-0.944,0.948,-0.717,0.992,-0.956,-0.493,-0.206,0.849,0.95,0.527,0.943,-0.968,-0.989,-0.712,0.993,0.561,-0.729,-0.622,-0.963,0.987,0.949,0.854,-0.919,0.933,0.197,-0.993,0.948,0.997,0.76,-0.929,-0.977,-0.994,0.639,-0.891,0.987,0.954,0.99,-0.962,-0.994,-0.933,0.987,0.847,0.96,-0.998,0.701,-0.948,-0.873,-0.8,-0.783,-0.867,-0.968,-0.97,0.892,-0.998,0.971,0.91,0.977,0.978,-0.809,0.838,0.873,-0.95,-0.927,-0.769,-0.876,-0.975,-0.984,-0.455,-0.691,0.964,-0.64,0.716,-0.998,-0.964,0.969,-0.468,-0.867,0.997,-0.955,-0.966,-0.831,0.878,0.9,-0.957,0.978,-0.988,0.901,0.903,0.865,-0.99,6.531,5.1,10.323,10.331,10.337,10.314,10.315,10.374,6.034,5.256,10.355,10.318,6.309,6.292,10.315,10.28,EssenceCatalog/problems/csplib-prob010-SocialGolfers/params/a809a6cb23d0c4b86856d9368f38df1f.param
-0.991,0.997,-0.989,-0.994,-0.987,0.986,-0.98,0.986,0.992,-0.977,-0.988,0.989,0.991,0.996,-0.94,-0.982,-0.934,0.99,0.987,0.98,0.972,-0.993,-0.988,0.638,0.997,0.809,-0.432,-0.939,0.993,-0.945,0.869,0.391,-0.947,0.986,-0.987,-0.999,0.617,1.0,-0.691,-0.899,-0.984,-0.998,0.961,-0.955,0.996,-0.993,0.993,-0.975,-0.999,-0.993,0.998,-0.927,0.979,-0.999,0.981,-0.98,0.932,-0.975,-0.905,-0.987,-0.986,-0.975,0.951,-0.999,-0.968,-0.96,0.988,-0.994,-0.974,0.975,0.842,-0.959,-0.987,-0.942,-0.985,0.992,-0.995,-0.845,-0.98,0.828,-0.908,0.918,-0.999,-0.989,0.972,0.869,-0.952,0.999,-0.929,-0.983,0.941,0.969,0.945,-0.938,0.987,-0.996,0.987,0.977,0.94,-0.995,4.243,3.492,4.932,10.301,10.553,10.434,10.602,10.806,4.217,3.709,4.972,10.192,4.791,4.378,6.01,10.203,EssenceCatalog/problems/csplib-prob010-SocialGolfers/params/0c11d7164d86bcff5b619210d91e82c3.param
-0.965,-0.979,0.959,-0.952,-0.963,0.988,-0.957,0.98,0.96,-0.97,-0.914,0.976,-0.753,0.993,-0.975,-0.739,-0.709,0.929,0.977,0.931,0.955,-0.971,-0.986,-0.861,0.994,-0.46,-0.17,-0.677,-0.947,0.974,0.98,0.674,-0.937,0.937,-0.495,-0.993,0.969,0.998,0.683,-0.886,-0.964,-0.994,0.49,-0.619,0.99,0.971,0.984,-0.952,-0.995,-0.96,0.989,0.603,0.955,-0.997,0.856,-0.954,-0.109,-0.893,-0.522,-0.912,-0.981,-0.946,0.82,-0.997,0.964,0.774,0.983,0.982,-0.797,0.822,0.854,-0.927,-0.869,-0.779,-0.823,-0.975,-0.984,-0.432,-0.783,0.965,-0.853,-0.328,-0.998,-0.93,0.974,-0.634,-0.876,0.997,-0.97,-0.959,-0.725,0.907,0.87,-0.958,0.976,-0.989,0.92,0.906,0.917,-0.987,5.374,4.558,10.34,10.306,10.302,10.271,10.287,10.319,5.295,4.697,10.371,10.283,5.591,5.291,10.331,10.293,EssenceCatalog/problems/csplib-prob010-SocialGolfers/params/24a4f0993c64345d09accee86ef6915a.param
-0.972,0.986,-0.983,-0.891,0.976,0.986,-0.734,0.966,0.938,0.96,0.936,0.97,0.981,-0.905,0.97,-0.953,0.293,0.748,0.196,0.781,0.242,-0.952,0.985,0.82,0.945,-0.91,-0.876,-0.897,0.984,0.577,0.836,-0.884,0.437,0.944,-0.963,-0.99,0.947,0.997,-0.96,-0.544,0.958,-0.989,0.527,-0.869,-0.973,-0.927,0.959,-0.897,-0.961,-0.942,-0.974,0.911,0.94,-0.997,0.608,-0.916,-0.332,-0.823,-0.774,-0.942,-0.971,0.97,0.73,-0.989,-0.677,-0.936,0.954,-0.99,0.099,0.828,-0.945,-0.948,-0.726,-0.893,-0.918,0.814,0.711,0.847,-0.479,-0.945,-0.4,-0.352,-0.996,0.828,-0.926,0.901,-0.934,0.984,-0.755,0.954,0.84,-0.966,0.941,-0.921,0.964,-0.972,0.884,-0.896,-0.958,0.883,2.207,1.67,1.825,5.052,3.867,2.858,3.884,7.712,2.27,1.809,1.985,5.228,2.472,1.975,2.234,5.079,EssenceCatalog/problems/csplib-prob010-SocialGolfers/params/ord12-7-7-3.param
-0.97,-0.989,0.981,-0.919,-0.503,0.997,-0.981,0.973,0.962,0.087,0.408,0.99,-0.953,0.872,-0.745,-0.97,-0.933,0.885,0.858,0.948,0.856,-0.971,-0.853,-0.942,0.985,-0.963,0.204,-0.837,-0.962,0.987,0.872,-0.579,-0.931,0.94,-0.1,-0.992,0.983,0.998,0.633,-0.672,-0.416,-0.995,0.302,-0.083,0.787,0.98,0.965,-0.897,-0.988,-0.968,0.672,0.926,0.927,-0.997,0.895,-0.964,0.083,-0.94,0.412,-0.943,-0.892,0.579,0.639,-0.996,0.981,0.812,0.99,0.979,-0.515,0.84,0.858,-0.908,-0.503,-0.929,-0.724,-0.992,-0.855,-0.285,-0.716,0.937,-0.965,-0.929,-0.998,-0.464,0.935,0.325,-0.932,0.996,-0.983,-0.343,-0.913,-0.035,0.931,-0.996,0.979,-0.986,0.941,0.369,0.698,-0.679,4.531,3.639,9.184,8.895,8.477,8.443,8.66,9.023,4.509,3.803,9.207,8.908,4.758,4.106,9.011,9.013,EssenceCatalog/problems/csplib-prob010-SocialGolfers/params/742f0ca5c268976f99edaa6d4df2236f.param
-0.981,-0.952,0.934,-0.974,-0.964,0.988,0.111,0.988,0.962,-0.984,-0.954,0.941,-0.682,0.992,-0.928,-0.681,0.214,0.739,0.908,-0.324,0.936,-0.973,-0.989,-0.64,0.993,0.884,-0.839,-0.73,-0.95,0.992,0.815,0.898,-0.909,0.953,0.388,-0.994,0.913,0.997,0.83,-0.953,-0.983,-0.995,0.815,-0.95,0.983,0.905,0.995,-0.974,-0.996,-0.942,0.988,0.911,0.955,-0.998,0.66,-0.958,-0.943,-0.819,-0.888,-0.886,-0.919,-0.982,0.908,-0.998,0.972,0.943,0.978,0.957,-0.857,0.864,0.871,-0.961,-0.961,-0.826,-0.935,-0.97,-0.983,-0.584,-0.703,0.954,-0.486,0.9,-0.999,-0.973,0.963,0.134,-0.921,0.997,-0.948,-0.968,-0.89,0.885,0.93,-0.958,0.986,-0.992,0.93,0.909,0.844,-0.993,7.378,5.285,10.186,10.216,10.222,10.22,10.234,10.305,6.429,5.512,10.238,10.172,6.75,6.853,10.188,10.146,EssenceCatalog/problems/csplib-prob010-SocialGolfers/params/0c4b81496f4ea11ecf167e4011352a61.param
-0.967,-0.985,0.971,-0.956,-0.976,0.991,-0.98,0.981,0.965,-0.967,-0.899,0.988,-0.848,0.993,-0.982,-0.896,-0.899,0.95,0.979,0.971,0.963,-0.975,-0.986,-0.927,0.995,-0.785,0.273,-0.754,-0.948,0.97,0.978,0.504,-0.953,0.951,-0.673,-0.995,0.976,0.998,0.725,-0.864,-0.957,-0.995,0.501,-0.337,0.992,0.979,0.982,-0.948,-0.996,-0.976,0.992,0.409,0.95,-0.997,0.921,-0.966,0.574,-0.937,-0.347,-0.942,-0.973,-0.927,0.76,-0.998,0.965,0.695,0.988,0.985,-0.831,0.832,0.876,-0.908,-0.844,-0.831,-0.826,-0.979,-0.987,-0.545,-0.854,0.97,-0.932,-0.785,-0.998,-0.907,0.982,-0.494,-0.911,0.997,-0.979,-0.959,-0.735,0.935,0.873,-0.97,0.978,-0.99,0.946,0.92,0.948,-0.986,5.039,4.331,10.356,10.315,10.292,10.299,10.28,10.285,5.059,4.469,10.37,10.266,5.358,4.926,10.332,10.328,EssenceCatalog/problems/csplib-prob010-SocialGolfers/params/8318e358c919416d891c2a1093edf8a2.param
-0.972,-0.98,0.978,-0.965,-0.958,0.988,-0.457,0.983,0.963,-0.97,-0.834,0.965,-0.892,0.988,-0.945,-0.87,-0.588,0.765,0.81,0.328,0.945,-0.968,-0.989,-0.907,0.989,0.584,-0.654,-0.635,-0.966,0.993,0.552,0.751,-0.906,0.916,0.607,-0.993,0.945,0.997,0.848,-0.764,-0.968,-0.993,0.74,-0.739,0.991,0.964,0.986,-0.916,-0.995,-0.967,0.99,0.812,0.91,-0.996,0.793,-0.972,-0.571,-0.866,-0.383,-0.871,-0.554,-0.938,0.749,-0.998,0.973,0.91,0.978,0.979,-0.819,0.838,0.895,-0.863,-0.9,-0.799,-0.9,-0.981,-0.984,-0.613,-0.827,0.952,-0.818,0.333,-0.998,-0.934,0.979,0.728,-0.889,0.995,-0.963,-0.96,-0.901,0.911,0.877,-0.967,0.977,-0.989,0.947,0.886,0.902,-0.988,7.19,5.08,10.347,10.285,10.22,10.255,10.284,10.324,6.243,5.271,10.332,10.218,6.615,6.401,10.281,10.233,EssenceCatalog/problems/csplib-prob010-SocialGolfers/params/bc63c166ba03c0546ef575634839390e.param
-0.989,0.965,-0.775,-0.992,-0.98,0.931,0.977,0.978,0.974,-0.979,-0.978,0.941,0.945,0.975,0.037,-0.97,0.403,0.854,-0.399,-0.906,0.943,-0.979,-0.949,-0.553,0.974,0.998,-0.981,-0.842,0.921,0.849,-0.924,0.947,-0.45,0.982,0.803,-0.996,-0.096,0.99,0.836,-0.943,-0.987,-0.992,0.983,-0.991,0.986,-0.989,0.994,-0.986,-0.994,-0.966,0.99,0.218,0.9,-0.996,0.941,-0.978,-0.872,-0.955,-0.945,-0.944,0.522,-0.974,0.983,-0.996,-0.211,0.452,0.944,-0.99,-0.968,0.893,0.7,-0.939,-0.989,-0.934,-0.989,0.861,-0.975,-0.951,-0.96,0.604,-0.186,0.993,-0.996,-0.98,0.788,0.993,-0.905,0.997,-0.714,-0.978,-0.452,0.971,0.951,-0.717,0.98,-0.99,0.979,0.953,0.846,-0.988,7.278,4.233,6.003,8.703,9.272,9.205,9.142,9.283,5.741,4.718,6.137,8.683,6.303,6.248,6.902,8.931,EssenceCatalog/problems/csplib-prob010-SocialGolfers/params/ord34-4-8-7.param
-0.991,0.997,-0.992,-0.994,-0.986,0.986,-0.975,0.987,0.992,-0.973,-0.991,0.987,0.993,0.995,-0.941,-0.976,-0.93,0.99,0.987,0.974,0.968,-0.992,-0.986,0.723,0.997,0.867,-0.564,-0.943,0.995,-0.96,0.837,0.418,-0.952,0.987,-0.987,-0.999,0.516,1.0,-0.743,-0.914,-0.986,-0.997,0.965,-0.964,0.996,-0.994,0.993,-0.976,-0.998,-0.992,0.998,-0.915,0.981,-0.999,0.977,-0.977,0.902,-0.972,-0.924,-0.986,-0.987,-0.977,0.959,-0.999,-0.975,-0.96,0.988,-0.995,-0.974,0.975,0.862,-0.961,-0.988,-0.942,-0.985,0.994,-0.994,-0.849,-0.979,0.836,-0.887,0.948,-0.998,-0.99,0.969,0.852,-0.952,0.999,-0.927,-0.982,0.945,0.966,0.949,-0.933,0.987,-0.996,0.986,0.978,0.934,-0.995,4.284,3.515,4.891,10.303,10.556,10.435,10.609,10.816,4.242,3.733,4.935,10.194,4.815,4.42,5.979,10.203,EssenceCatalog/problems/csplib-prob010-SocialGolfers/params/a3707f8aa9cee4956df1bdb047b55324.param
-0.966,-0.978,0.955,-0.954,-0.953,0.987,-0.899,0.981,0.959,-0.972,-0.925,0.963,-0.727,0.992,-0.967,-0.595,-0.469,0.894,0.968,0.821,0.947,-0.967,-0.987,-0.787,0.993,0.018,-0.488,-0.636,-0.956,0.981,0.972,0.766,-0.926,0.933,-0.2,-0.992,0.961,0.997,0.709,-0.907,-0.969,-0.994,0.534,-0.779,0.987,0.964,0.987,-0.956,-0.994,-0.945,0.986,0.754,0.958,-0.997,0.779,-0.947,-0.635,-0.846,-0.65,-0.887,-0.978,-0.956,0.854,-0.997,0.969,0.852,0.979,0.981,-0.787,0.823,0.857,-0.94,-0.893,-0.761,-0.835,-0.975,-0.982,-0.404,-0.714,0.963,-0.761,0.237,-0.998,-0.946,0.969,-0.622,-0.863,0.997,-0.962,-0.959,-0.779,0.881,0.881,-0.956,0.976,-0.988,0.904,0.896,0.885,-0.988,5.881,4.828,10.34,10.317,10.311,10.278,10.289,10.343,5.639,4.966,10.369,10.309,5.915,5.766,10.326,10.283,EssenceCatalog/problems/csplib-prob010-SocialGolfers/params/df77c4d0e4b20af31ab1dd0a376f8e87.param
-0.966,-0.982,0.966,-0.956,-0.979,0.991,-0.983,0.982,0.964,-0.971,-0.928,0.988,-0.808,0.994,-0.985,-0.869,-0.874,0.958,0.988,0.975,0.962,-0.975,-0.987,-0.906,0.996,-0.828,0.398,-0.789,-0.94,0.961,0.989,0.531,-0.957,0.96,-0.824,-0.994,0.975,0.998,0.708,-0.913,-0.959,-0.995,0.47,-0.365,0.991,0.979,0.983,-0.96,-0.996,-0.974,0.992,0.365,0.957,-0.998,0.918,-0.961,0.586,-0.942,-0.467,-0.949,-0.988,-0.942,0.796,-0.998,0.966,0.686,0.989,0.984,-0.836,0.826,0.874,-0.935,-0.858,-0.831,-0.822,-0.977,-0.987,-0.544,-0.831,0.973,-0.925,-0.799,-0.998,-0.914,0.979,-0.787,-0.919,0.997,-0.978,-0.959,-0.68,0.936,0.88,-0.964,0.977,-0.991,0.94,0.93,0.952,-0.987,4.891,4.308,10.347,10.323,10.322,10.324,10.289,10.287,4.993,4.447,10.372,10.283,5.286,4.875,10.338,10.348,EssenceCatalog/problems/csplib-prob010-SocialGolfers/params/cf38ba93134c52255947382620825124.param
-0.967,-0.977,0.961,-0.955,-0.955,0.989,-0.942,0.981,0.966,-0.963,-0.864,0.977,-0.79,0.991,-0.967,-0.82,-0.767,0.913,0.958,0.911,0.954,-0.971,-0.986,-0.887,0.993,-0.334,-0.246,-0.659,-0.947,0.977,0.95,0.609,-0.932,0.928,-0.233,-0.994,0.967,0.998,0.714,-0.822,-0.958,-0.994,0.56,-0.587,0.991,0.965,0.983,-0.935,-0.995,-0.966,0.988,0.631,0.948,-0.997,0.868,-0.961,-0.062,-0.889,-0.36,-0.908,-0.948,-0.924,0.767,-0.998,0.958,0.766,0.983,0.978,-0.802,0.839,0.868,-0.895,-0.861,-0.794,-0.833,-0.974,-0.983,-0.437,-0.822,0.96,-0.876,-0.297,-0.998,-0.921,0.978,-0.107,-0.876,0.996,-0.973,-0.954,-0.769,0.905,0.865,-0.968,0.978,-0.988,0.934,0.889,0.909,-0.985,5.634,4.592,10.347,10.307,10.26,10.254,10.278,10.321,5.415,4.731,10.351,10.264,5.719,5.388,10.309,10.282,EssenceCatalog/problems/csplib-prob010-SocialGolfers/params/dfd5225ef252f6c823818ae13ac12ff1.param
-0.969,-0.975,0.957,-0.958,-0.947,0.986,-0.769,0.981,0.959,-0.971,-0.894,0.956,-0.76,0.99,-0.95,-0.655,-0.391,0.843,0.934,0.637,0.943,-0.966,-0.987,-0.811,0.991,0.411,-0.618,-0.597,-0.958,0.987,0.918,0.771,-0.909,0.917,0.227,-0.993,0.953,0.997,0.755,-0.866,-0.969,-0.993,0.627,-0.799,0.988,0.955,0.987,-0.941,-0.994,-0.947,0.986,0.797,0.947,-0.997,0.756,-0.955,-0.695,-0.825,-0.588,-0.869,-0.934,-0.95,0.825,-0.998,0.967,0.879,0.976,0.975,-0.786,0.828,0.858,-0.916,-0.897,-0.749,-0.855,-0.976,-0.981,-0.437,-0.743,0.957,-0.732,0.463,-0.998,-0.944,0.972,-0.015,-0.861,0.996,-0.96,-0.958,-0.827,0.879,0.88,-0.959,0.976,-0.987,0.915,0.88,0.869,-0.987,6.461,4.977,10.31,10.293,10.268,10.265,10.276,10.337,5.935,5.137,10.32,10.261,6.24,6.113,10.277,10.245,EssenceCatalog/problems/csplib-prob010-SocialGolfers/params/7c65ccb68898797beef0bbd12162eaec.param
-0.967,-0.982,0.962,-0.957,-0.949,0.987,-0.81,0.982,0.959,-0.977,-0.943,0.951,-0.764,0.992,-0.961,-0.428,-0.352,0.858,0.946,0.629,0.945,-0.968,-0.99,-0.739,0.993,0.476,-0.743,-0.575,-0.971,0.987,0.953,0.859,-0.927,0.922,0.321,-0.993,0.954,0.997,0.752,-0.917,-0.977,-0.994,0.597,-0.88,0.989,0.963,0.989,-0.957,-0.993,-0.931,0.987,0.846,0.961,-0.997,0.706,-0.949,-0.876,-0.785,-0.752,-0.853,-0.966,-0.967,0.893,-0.997,0.972,0.913,0.978,0.983,-0.809,0.837,0.887,-0.944,-0.92,-0.762,-0.867,-0.978,-0.985,-0.459,-0.708,0.967,-0.68,0.699,-0.997,-0.965,0.974,-0.52,-0.841,0.997,-0.958,-0.967,-0.832,0.873,0.895,-0.96,0.976,-0.987,0.892,0.9,0.876,-0.989,6.49,5.101,10.366,10.355,10.348,10.332,10.33,10.381,6.019,5.248,10.397,10.341,6.3,6.251,10.353,10.305,EssenceCatalog/problems/csplib-prob010-SocialGolfers/params/d57c782a2e65c068d05406851bc1a204.param
-0.971,-0.986,0.979,-0.962,-0.98,0.992,-0.971,0.981,0.968,-0.965,-0.847,0.991,-0.911,0.992,-0.978,-0.963,-0.949,0.945,0.955,0.964,0.966,-0.976,-0.987,-0.96,0.993,-0.763,0.286,-0.765,-0.947,0.977,0.922,0.386,-0.951,0.952,-0.476,-0.995,0.976,0.998,0.806,-0.763,-0.955,-0.995,0.621,-0.178,0.994,0.978,0.98,-0.93,-0.997,-0.985,0.994,0.312,0.926,-0.996,0.944,-0.975,0.789,-0.951,-0.127,-0.945,-0.888,-0.895,0.676,-0.998,0.959,0.688,0.989,0.984,-0.859,0.836,0.889,-0.856,-0.837,-0.865,-0.876,-0.981,-0.988,-0.652,-0.905,0.963,-0.957,-0.874,-0.998,-0.877,0.985,0.352,-0.927,0.997,-0.979,-0.964,-0.818,0.953,0.878,-0.977,0.978,-0.99,0.967,0.922,0.958,-0.985,5.281,4.305,10.361,10.318,10.256,10.284,10.283,10.287,5.143,4.445,10.34,10.241,5.452,4.947,10.307,10.318,EssenceCatalog/problems/csplib-prob010-SocialGolfers/params/2348d2fef2dd432cf854c63d3fafe025.param
-0.969,-0.976,0.958,-0.955,-0.946,0.987,-0.853,0.98,0.961,-0.967,-0.876,0.964,-0.768,0.99,-0.954,-0.714,-0.528,0.869,0.941,0.767,0.946,-0.967,-0.986,-0.842,0.992,0.171,-0.526,-0.602,-0.955,0.985,0.93,0.721,-0.913,0.918,0.102,-0.993,0.959,0.997,0.738,-0.844,-0.964,-0.993,0.594,-0.737,0.989,0.958,0.986,-0.936,-0.994,-0.954,0.986,0.752,0.946,-0.997,0.796,-0.957,-0.534,-0.847,-0.496,-0.878,-0.938,-0.938,0.801,-0.998,0.964,0.85,0.978,0.976,-0.782,0.825,0.853,-0.907,-0.88,-0.758,-0.843,-0.976,-0.981,-0.422,-0.765,0.955,-0.786,0.222,-0.998,-0.934,0.973,-0.022,-0.859,0.996,-0.964,-0.955,-0.809,0.884,0.873,-0.961,0.976,-0.987,0.92,0.876,0.878,-0.986,6.192,4.853,10.324,10.293,10.256,10.255,10.271,10.33,5.766,5.004,10.328,10.259,6.073,5.875,10.285,10.252,EssenceCatalog/problems/csplib-prob010-SocialGolfers/params/03521534b9858b8be6b3f6223f047cdf.param
-0.963,-0.981,0.961,-0.95,-0.952,0.987,-0.941,0.979,0.96,-0.97,-0.915,0.969,-0.764,0.992,-0.971,-0.634,-0.65,0.909,0.966,0.891,0.952,-0.969,-0.988,-0.835,0.993,-0.187,-0.423,-0.605,-0.958,0.978,0.972,0.741,-0.933,0.922,-0.162,-0.993,0.966,0.997,0.692,-0.876,-0.967,-0.994,0.495,-0.717,0.99,0.969,0.984,-0.948,-0.994,-0.951,0.988,0.699,0.957,-0.997,0.814,-0.953,-0.475,-0.853,-0.55,-0.887,-0.974,-0.948,0.838,-0.997,0.965,0.827,0.981,0.983,-0.791,0.826,0.869,-0.923,-0.88,-0.762,-0.83,-0.976,-0.984,-0.415,-0.768,0.966,-0.819,0.05,-0.997,-0.944,0.975,-0.568,-0.847,0.996,-0.968,-0.96,-0.756,0.892,0.872,-0.961,0.974,-0.987,0.908,0.897,0.903,-0.986,5.74,4.746,10.364,10.322,10.299,10.278,10.291,10.335,5.538,4.879,10.389,10.304,5.83,5.605,10.345,10.292,EssenceCatalog/problems/csplib-prob010-SocialGolfers/params/87b40b2a4795b8d43de02521fc2811b3.param
-0.967,-0.979,0.961,-0.96,-0.985,0.991,-0.989,0.981,0.966,-0.974,-0.945,0.991,-0.808,0.996,-0.989,-0.903,-0.92,0.968,0.992,0.984,0.966,-0.977,-0.988,-0.909,0.996,-0.892,0.603,-0.834,-0.924,0.939,0.991,0.454,-0.965,0.969,-0.905,-0.994,0.975,0.998,0.689,-0.93,-0.962,-0.996,0.481,-0.25,0.992,0.977,0.982,-0.964,-0.996,-0.978,0.994,0.16,0.959,-0.998,0.938,-0.964,0.791,-0.957,-0.472,-0.962,-0.991,-0.945,0.794,-0.998,0.961,0.613,0.991,0.981,-0.863,0.832,0.888,-0.941,-0.867,-0.851,-0.836,-0.972,-0.99,-0.625,-0.856,0.978,-0.943,-0.876,-0.998,-0.915,0.982,-0.842,-0.936,0.998,-0.98,-0.962,-0.613,0.949,0.889,-0.965,0.976,-0.992,0.948,0.945,0.965,-0.989,4.739,4.232,10.315,10.328,10.333,10.354,10.298,10.273,4.902,4.366,10.338,10.281,5.19,4.754,10.313,10.364,EssenceCatalog/problems/csplib-prob010-SocialGolfers/params/9b3f8afe698e2827075a08087acb7868.param
-0.972,-0.985,0.971,-0.965,-0.959,0.989,-0.542,0.985,0.961,-0.983,-0.963,0.943,-0.826,0.993,-0.958,-0.389,-0.218,0.807,0.905,0.154,0.945,-0.972,-0.993,-0.708,0.994,0.781,-0.861,-0.601,-0.981,0.992,0.895,0.921,-0.934,0.928,0.651,-0.993,0.94,0.996,0.829,-0.941,-0.985,-0.994,0.703,-0.939,0.99,0.964,0.993,-0.965,-0.994,-0.927,0.99,0.912,0.963,-0.998,0.644,-0.955,-0.96,-0.749,-0.856,-0.838,-0.937,-0.98,0.922,-0.998,0.979,0.955,0.979,0.987,-0.852,0.863,0.922,-0.955,-0.948,-0.804,-0.903,-0.982,-0.988,-0.563,-0.717,0.972,-0.621,0.894,-0.998,-0.978,0.979,-0.346,-0.859,0.997,-0.957,-0.975,-0.893,0.885,0.917,-0.966,0.979,-0.988,0.898,0.916,0.88,-0.992,7.077,5.308,10.405,10.387,10.369,10.372,10.366,10.413,6.349,5.482,10.442,10.358,6.649,6.674,10.394,10.32,EssenceCatalog/problems/csplib-prob010-SocialGolfers/params/bf5de7a9bc21a371cb73aae038e03041.param
-0.968,-0.975,0.958,-0.956,-0.95,0.987,-0.85,0.98,0.961,-0.967,-0.867,0.966,-0.778,0.99,-0.955,-0.757,-0.57,0.869,0.939,0.78,0.947,-0.967,-0.986,-0.859,0.991,0.119,-0.468,-0.617,-0.952,0.984,0.921,0.693,-0.913,0.918,0.064,-0.993,0.959,0.997,0.745,-0.831,-0.962,-0.993,0.605,-0.698,0.989,0.959,0.985,-0.933,-0.994,-0.958,0.987,0.725,0.942,-0.997,0.812,-0.958,-0.414,-0.858,-0.457,-0.883,-0.926,-0.935,0.781,-0.998,0.962,0.836,0.978,0.975,-0.785,0.827,0.853,-0.897,-0.875,-0.76,-0.844,-0.975,-0.98,-0.436,-0.779,0.955,-0.805,0.096,-0.998,-0.927,0.974,0.093,-0.869,0.996,-0.964,-0.954,-0.808,0.893,0.869,-0.961,0.976,-0.987,0.926,0.877,0.885,-0.986,6.14,4.801,10.323,10.289,10.247,10.25,10.268,10.325,5.717,4.955,10.321,10.25,6.032,5.8,10.279,10.25,EssenceCatalog/problems/csplib-prob010-SocialGolfers/params/81ecc55e4d32d9d56f0cf4110bdc443d.param
-0.97,-0.974,0.959,-0.959,-0.966,0.989,-0.918,0.981,0.963,-0.965,-0.858,0.978,-0.787,0.991,-0.964,-0.881,-0.722,0.911,0.964,0.896,0.95,-0.969,-0.983,-0.905,0.992,-0.382,-0.042,-0.722,-0.936,0.979,0.945,0.543,-0.925,0.94,-0.43,-0.994,0.965,0.998,0.77,-0.833,-0.954,-0.994,0.603,-0.504,0.989,0.963,0.983,-0.939,-0.995,-0.971,0.989,0.561,0.935,-0.997,0.883,-0.961,0.238,-0.913,-0.35,-0.919,-0.946,-0.922,0.729,-0.998,0.96,0.753,0.982,0.975,-0.8,0.825,0.841,-0.896,-0.853,-0.801,-0.845,-0.976,-0.98,-0.466,-0.814,0.954,-0.878,-0.531,-0.998,-0.896,0.974,0.022,-0.904,0.996,-0.969,-0.952,-0.79,0.917,0.868,-0.963,0.979,-0.99,0.943,0.885,0.913,-0.986,5.475,4.472,10.305,10.273,10.236,10.226,10.251,10.288,5.291,4.62,10.303,10.225,5.59,5.228,10.268,10.255,EssenceCatalog/problems/csplib-prob010-SocialGolfers/params/cca5a65ae47fe1a31d8bb62c9c3616ef.param
-0.977,-0.93,0.924,-0.972,-0.966,0.988,-0.304,0.985,0.963,-0.974,-0.877,0.961,-0.689,0.99,-0.933,-0.882,-0.24,0.799,0.93,0.272,0.93,-0.967,-0.984,-0.837,0.99,0.614,-0.435,-0.737,-0.896,0.986,0.771,0.704,-0.897,0.946,-0.082,-0.993,0.923,0.997,0.841,-0.866,-0.968,-0.993,0.781,-0.761,0.984,0.901,0.988,-0.948,-0.995,-0.966,0.988,0.734,0.916,-0.998,0.793,-0.961,-0.398,-0.892,-0.55,-0.904,-0.858,-0.952,0.762,-0.998,0.956,0.856,0.976,0.924,-0.82,0.838,0.847,-0.911,-0.918,-0.787,-0.907,-0.96,-0.978,-0.546,-0.768,0.94,-0.718,0.257,-0.999,-0.929,0.963,0.558,-0.928,0.996,-0.952,-0.95,-0.849,0.914,0.886,-0.953,0.984,-0.992,0.95,0.883,0.886,-0.99,6.702,4.899,10.191,10.215,10.207,10.204,10.233,10.3,5.974,5.113,10.189,10.166,6.313,6.18,10.159,10.168,EssenceCatalog/problems/csplib-prob010-SocialGolfers/params/0223b0d6408aca5864332894b6d3d4ce.param
-0.966,-0.979,0.962,-0.958,-0.982,0.991,-0.985,0.981,0.965,-0.974,-0.936,0.989,-0.797,0.995,-0.987,-0.885,-0.892,0.963,0.99,0.979,0.964,-0.976,-0.987,-0.907,0.996,-0.851,0.483,-0.809,-0.931,0.951,0.99,0.51,-0.96,0.964,-0.864,-0.994,0.974,0.998,0.696,-0.919,-0.961,-0.996,0.484,-0.329,0.992,0.977,0.983,-0.962,-0.996,-0.976,0.993,0.278,0.957,-0.998,0.928,-0.962,0.686,-0.948,-0.473,-0.955,-0.989,-0.945,0.795,-0.998,0.963,0.65,0.99,0.982,-0.849,0.831,0.878,-0.937,-0.863,-0.839,-0.828,-0.974,-0.988,-0.574,-0.843,0.974,-0.932,-0.828,-0.998,-0.915,0.981,-0.804,-0.926,0.998,-0.979,-0.961,-0.645,0.943,0.883,-0.964,0.977,-0.991,0.944,0.937,0.958,-0.988,4.826,4.275,10.33,10.327,10.33,10.341,10.296,10.285,4.955,4.413,10.354,10.284,5.246,4.825,10.325,10.357,EssenceCatalog/problems/csplib-prob010-SocialGolfers/params/f650e7222a8a3f6dd7b606e017ef52fc.param
-0.972,-0.984,0.969,-0.965,-0.958,0.989,-0.589,0.985,0.961,-0.982,-0.962,0.944,-0.812,0.993,-0.958,-0.38,-0.225,0.816,0.914,0.225,0.944,-0.971,-0.993,-0.698,0.994,0.755,-0.855,-0.6,-0.98,0.991,0.909,0.917,-0.934,0.929,0.608,-0.993,0.941,0.996,0.817,-0.941,-0.984,-0.994,0.691,-0.937,0.99,0.963,0.992,-0.966,-0.994,-0.926,0.99,0.908,0.964,-0.998,0.648,-0.954,-0.956,-0.754,-0.853,-0.839,-0.945,-0.979,0.921,-0.998,0.978,0.951,0.979,0.986,-0.85,0.862,0.918,-0.956,-0.947,-0.801,-0.901,-0.981,-0.987,-0.548,-0.713,0.971,-0.62,0.883,-0.998,-0.978,0.978,-0.399,-0.857,0.997,-0.956,-0.974,-0.885,0.882,0.915,-0.965,0.979,-0.988,0.897,0.914,0.878,-0.991,6.995,5.287,10.4,10.387,10.373,10.372,10.365,10.414,6.309,5.456,10.438,10.362,6.602,6.625,10.391,10.323,EssenceCatalog/problems/csplib-prob010-SocialGolfers/params/fc77bc20eb05f0914f34e226a1e45353.param
-0.981,-0.952,0.934,-0.974,-0.964,0.988,0.108,0.988,0.961,-0.985,-0.956,0.941,-0.673,0.992,-0.927,-0.669,0.227,0.744,0.907,-0.326,0.938,-0.973,-0.989,-0.638,0.993,0.892,-0.85,-0.724,-0.95,0.992,0.818,0.905,-0.906,0.953,0.419,-0.994,0.913,0.997,0.83,-0.954,-0.983,-0.995,0.815,-0.953,0.984,0.901,0.995,-0.975,-0.996,-0.942,0.988,0.911,0.956,-0.998,0.661,-0.958,-0.947,-0.819,-0.892,-0.884,-0.921,-0.982,0.912,-0.998,0.972,0.944,0.978,0.957,-0.858,0.866,0.872,-0.962,-0.963,-0.829,-0.937,-0.97,-0.983,-0.591,-0.707,0.954,-0.473,0.908,-0.999,-0.974,0.963,0.129,-0.919,0.997,-0.946,-0.97,-0.89,0.889,0.931,-0.958,0.986,-0.992,0.928,0.911,0.844,-0.993,7.392,5.294,10.186,10.218,10.225,10.224,10.237,10.307,6.439,5.521,10.239,10.174,6.76,6.866,10.189,10.148,EssenceCatalog/problems/csplib-prob010-SocialGolfers/params/65d5291fb09d500e4ee96a70077473b2.param
-0.968,-0.981,0.965,-0.957,-0.975,0.991,-0.979,0.982,0.966,-0.967,-0.902,0.987,-0.808,0.994,-0.981,-0.886,-0.876,0.952,0.982,0.97,0.962,-0.975,-0.986,-0.916,0.995,-0.773,0.27,-0.765,-0.939,0.966,0.981,0.509,-0.952,0.953,-0.727,-0.995,0.975,0.998,0.708,-0.879,-0.956,-0.995,0.514,-0.386,0.992,0.975,0.983,-0.952,-0.996,-0.976,0.991,0.416,0.952,-0.997,0.917,-0.964,0.549,-0.937,-0.391,-0.943,-0.979,-0.93,0.776,-0.998,0.962,0.677,0.988,0.982,-0.831,0.839,0.869,-0.919,-0.854,-0.833,-0.829,-0.977,-0.986,-0.514,-0.845,0.969,-0.924,-0.762,-0.998,-0.909,0.98,-0.561,-0.913,0.997,-0.978,-0.957,-0.707,0.932,0.876,-0.968,0.978,-0.99,0.944,0.918,0.944,-0.986,5.012,4.334,10.34,10.315,10.3,10.303,10.283,10.291,5.051,4.471,10.356,10.271,5.346,4.929,10.322,10.331,EssenceCatalog/problems/csplib-prob010-SocialGolfers/params/9245ec198bc0d583c095271dcee30663.param
-0.992,-0.978,0.982,-0.991,-0.99,0.994,0.954,0.995,0.985,-0.991,-0.986,0.971,-0.942,0.994,-0.903,-0.932,-0.121,0.585,-0.108,-0.974,0.951,-0.987,-0.996,-0.837,0.995,0.989,-0.971,-0.885,-0.988,0.998,-0.85,0.981,-0.958,0.975,0.958,-0.998,0.815,0.997,0.97,-0.981,-0.994,-0.997,0.961,-0.987,0.993,0.931,0.998,-0.985,-0.998,-0.975,0.996,0.981,0.951,-0.999,0.758,-0.986,-0.994,-0.888,-0.971,-0.914,0.457,-0.994,0.963,-0.999,0.988,0.991,0.987,0.984,-0.965,0.951,0.976,-0.971,-0.991,-0.958,-0.985,-0.988,-0.991,-0.903,-0.885,0.978,-0.773,0.99,-0.999,-0.991,0.989,0.907,-0.967,0.999,-0.967,-0.987,-0.985,0.95,0.973,-0.985,0.994,-0.997,0.978,0.966,0.938,-0.997,9.219,5.665,10.256,10.229,10.242,10.266,10.265,10.25,7.282,5.968,10.268,10.19,7.718,7.668,10.258,10.233,EssenceCatalog/problems/csplib-prob010-SocialGolfers/params/54bbcd6c1ab559809e860fbd06f46db9.param
-0.964,-0.98,0.959,-0.952,-0.957,0.987,-0.937,0.98,0.959,-0.97,-0.917,0.97,-0.75,0.992,-0.972,-0.661,-0.611,0.913,0.972,0.892,0.951,-0.968,-0.987,-0.831,0.993,-0.253,-0.343,-0.647,-0.954,0.978,0.977,0.722,-0.932,0.933,-0.331,-0.993,0.966,0.997,0.69,-0.893,-0.966,-0.994,0.499,-0.701,0.989,0.969,0.985,-0.952,-0.994,-0.952,0.987,0.689,0.957,-0.997,0.82,-0.95,-0.413,-0.87,-0.576,-0.897,-0.979,-0.95,0.836,-0.997,0.967,0.818,0.981,0.982,-0.787,0.821,0.856,-0.931,-0.88,-0.766,-0.824,-0.976,-0.983,-0.417,-0.749,0.965,-0.813,-0.062,-0.997,-0.938,0.972,-0.636,-0.865,0.997,-0.967,-0.958,-0.751,0.892,0.873,-0.957,0.976,-0.988,0.91,0.899,0.902,-0.987,5.617,4.693,10.35,10.311,10.301,10.269,10.284,10.329,5.462,4.829,10.381,10.296,5.751,5.52,10.336,10.287,EssenceCatalog/problems/csplib-prob010-SocialGolfers/params/64a55939c2174e9c656e0584b500f260.param
-0.972,-0.982,0.965,-0.964,-0.956,0.988,-0.615,0.984,0.96,-0.982,-0.958,0.944,-0.79,0.993,-0.957,-0.4,-0.2,0.82,0.923,0.287,0.944,-0.971,-0.992,-0.699,0.993,0.733,-0.835,-0.601,-0.976,0.99,0.919,0.906,-0.929,0.929,0.546,-0.993,0.942,0.997,0.806,-0.938,-0.983,-0.994,0.682,-0.93,0.989,0.96,0.992,-0.965,-0.994,-0.927,0.989,0.897,0.963,-0.998,0.658,-0.952,-0.945,-0.762,-0.838,-0.844,-0.951,-0.977,0.916,-0.998,0.977,0.945,0.979,0.984,-0.84,0.856,0.909,-0.954,-0.943,-0.793,-0.896,-0.98,-0.986,-0.529,-0.706,0.969,-0.616,0.863,-0.998,-0.975,0.976,-0.395,-0.858,0.997,-0.956,-0.973,-0.876,0.88,0.912,-0.963,0.979,-0.988,0.897,0.91,0.874,-0.991,6.917,5.254,10.378,10.37,10.36,10.355,10.35,10.401,6.262,5.421,10.414,10.347,6.551,6.57,10.369,10.308,EssenceCatalog/problems/csplib-prob010-SocialGolfers/params/0de956c126915b5aa3aa492df479cac7.param
-0.973,-0.959,0.936,-0.964,-0.959,0.985,-0.588,0.983,0.956,-0.98,-0.923,0.948,-0.665,0.992,-0.948,-0.653,-0.119,0.83,0.948,0.439,0.94,-0.966,-0.988,-0.756,0.992,0.619,-0.637,-0.648,-0.941,0.985,0.922,0.811,-0.901,0.934,0.042,-0.993,0.94,0.997,0.772,-0.908,-0.975,-0.993,0.687,-0.856,0.986,0.931,0.99,-0.955,-0.994,-0.945,0.988,0.792,0.946,-0.998,0.732,-0.95,-0.752,-0.833,-0.711,-0.88,-0.951,-0.968,0.849,-0.998,0.964,0.883,0.975,0.961,-0.799,0.827,0.842,-0.936,-0.923,-0.749,-0.882,-0.967,-0.981,-0.465,-0.71,0.953,-0.626,0.611,-0.998,-0.954,0.964,-0.083,-0.888,0.996,-0.95,-0.963,-0.818,0.895,0.89,-0.948,0.979,-0.989,0.918,0.899,0.863,-0.99,6.565,5.022,10.231,10.258,10.27,10.252,10.261,10.325,6.001,5.199,10.252,10.235,6.292,6.256,10.217,10.206,EssenceCatalog/problems/csplib-prob010-SocialGolfers/params/356ae9513ebcc7baecda0823014b3f43.param
-0.995,-0.983,0.989,-0.995,-0.995,0.996,0.992,0.997,0.993,-0.992,-0.99,0.989,-0.973,0.993,-0.872,-0.986,-0.674,0.686,-0.857,-0.993,0.962,-0.994,-0.997,-0.952,0.997,0.995,-0.987,-0.95,-0.991,0.998,-0.992,0.987,-0.974,0.987,0.989,-0.999,0.794,0.998,0.989,-0.983,-0.996,-0.999,0.986,-0.99,0.996,0.933,0.999,-0.986,-0.998,-0.989,0.998,0.984,0.949,-0.999,0.923,-0.995,-0.994,-0.953,-0.975,-0.944,0.962,-0.996,0.978,-0.999,0.989,0.993,0.991,0.987,-0.987,0.974,0.989,-0.967,-0.995,-0.984,-0.992,-0.988,-0.994,-0.971,-0.961,0.979,-0.94,0.993,-1.0,-0.993,0.994,0.987,-0.978,1.0,-0.976,-0.993,-0.992,0.977,0.982,-0.991,0.996,-0.998,0.991,0.982,0.976,-0.997,9.582,5.758,10.4,10.333,10.382,10.413,10.389,10.338,7.475,6.065,10.372,10.337,7.944,7.778,10.392,10.381,EssenceCatalog/problems/csplib-prob010-SocialGolfers/params/34d37955b5bab067e6bfdf670933c692.param
-0.966,-0.983,0.968,-0.957,-0.981,0.991,-0.985,0.981,0.964,-0.971,-0.93,0.989,-0.824,0.995,-0.987,-0.885,-0.897,0.961,0.988,0.978,0.963,-0.976,-0.987,-0.914,0.996,-0.857,0.472,-0.801,-0.94,0.958,0.989,0.503,-0.959,0.962,-0.842,-0.994,0.976,0.998,0.709,-0.914,-0.959,-0.996,0.469,-0.304,0.992,0.98,0.982,-0.96,-0.996,-0.976,0.993,0.313,0.957,-0.997,0.926,-0.963,0.67,-0.947,-0.449,-0.953,-0.988,-0.94,0.789,-0.998,0.967,0.674,0.99,0.984,-0.843,0.828,0.879,-0.934,-0.856,-0.837,-0.823,-0.977,-0.988,-0.572,-0.841,0.975,-0.934,-0.837,-0.998,-0.911,0.981,-0.788,-0.924,0.998,-0.979,-0.96,-0.677,0.94,0.882,-0.965,0.976,-0.991,0.942,0.933,0.957,-0.987,4.844,4.279,10.344,10.323,10.319,10.329,10.286,10.278,4.962,4.417,10.367,10.279,5.254,4.828,10.334,10.351,EssenceCatalog/problems/csplib-prob010-SocialGolfers/params/18dabe10fd02fc9c499721c6e6f9191b.param
-0.965,-0.983,0.968,-0.955,-0.975,0.99,-0.976,0.981,0.963,-0.97,-0.914,0.985,-0.816,0.994,-0.983,-0.855,-0.851,0.948,0.983,0.965,0.961,-0.973,-0.986,-0.909,0.995,-0.752,0.241,-0.751,-0.947,0.97,0.984,0.566,-0.951,0.951,-0.714,-0.994,0.974,0.998,0.718,-0.888,-0.96,-0.995,0.48,-0.409,0.991,0.979,0.982,-0.954,-0.995,-0.972,0.991,0.435,0.952,-0.997,0.906,-0.961,0.452,-0.931,-0.438,-0.938,-0.982,-0.94,0.784,-0.998,0.966,0.72,0.987,0.985,-0.821,0.823,0.867,-0.923,-0.853,-0.817,-0.819,-0.978,-0.986,-0.516,-0.826,0.97,-0.914,-0.727,-0.998,-0.912,0.979,-0.661,-0.906,0.997,-0.976,-0.959,-0.718,0.931,0.872,-0.963,0.976,-0.99,0.937,0.92,0.943,-0.987,5.029,4.361,10.353,10.313,10.304,10.301,10.281,10.289,5.068,4.501,10.375,10.273,5.365,4.966,10.337,10.327,EssenceCatalog/problems/csplib-prob010-SocialGolfers/params/9b28c66d529f5dae3e7c30dcf33adb4d.param
-0.973,-0.978,0.961,-0.964,-0.952,0.988,-0.541,0.984,0.961,-0.98,-0.942,0.945,-0.775,0.992,-0.947,-0.5,-0.168,0.8,0.914,0.236,0.942,-0.97,-0.991,-0.724,0.993,0.749,-0.814,-0.608,-0.971,0.991,0.893,0.881,-0.919,0.926,0.529,-0.993,0.942,0.997,0.801,-0.923,-0.98,-0.994,0.7,-0.917,0.988,0.953,0.992,-0.959,-0.994,-0.934,0.988,0.893,0.958,-0.998,0.668,-0.955,-0.926,-0.777,-0.797,-0.854,-0.934,-0.972,0.897,-0.998,0.975,0.937,0.978,0.979,-0.827,0.853,0.896,-0.947,-0.937,-0.783,-0.895,-0.978,-0.985,-0.51,-0.716,0.966,-0.618,0.839,-0.998,-0.97,0.974,-0.133,-0.869,0.997,-0.957,-0.968,-0.873,0.876,0.909,-0.964,0.979,-0.988,0.906,0.9,0.862,-0.991,6.995,5.234,10.337,10.332,10.317,10.316,10.319,10.377,6.276,5.412,10.366,10.3,6.578,6.585,10.32,10.268,EssenceCatalog/problems/csplib-prob010-SocialGolfers/params/c65c56961d682e20f8c805e1dbf2bbdd.param
-0.969,-0.977,0.968,-0.959,-0.955,0.988,-0.829,0.98,0.963,-0.963,-0.82,0.973,-0.84,0.988,-0.952,-0.873,-0.707,0.861,0.909,0.784,0.95,-0.968,-0.985,-0.909,0.99,0.023,-0.369,-0.647,-0.951,0.986,0.846,0.612,-0.915,0.917,0.15,-0.994,0.96,0.997,0.79,-0.763,-0.957,-0.993,0.658,-0.588,0.99,0.962,0.983,-0.917,-0.995,-0.969,0.988,0.683,0.922,-0.996,0.851,-0.966,-0.085,-0.884,-0.302,-0.892,-0.831,-0.916,0.715,-0.998,0.96,0.825,0.979,0.976,-0.8,0.831,0.864,-0.859,-0.86,-0.788,-0.864,-0.978,-0.981,-0.498,-0.83,0.95,-0.863,-0.21,-0.998,-0.907,0.978,0.516,-0.887,0.995,-0.967,-0.953,-0.838,0.91,0.863,-0.967,0.977,-0.988,0.943,0.875,0.905,-0.985,6.173,4.71,10.339,10.283,10.213,10.235,10.26,10.314,5.677,4.87,10.315,10.223,6.016,5.685,10.275,10.246,EssenceCatalog/problems/csplib-prob010-SocialGolfers/params/cfb513aa2a0ad7778de956ab221f4088.param
-0.995,-0.978,0.987,-0.995,-0.996,0.996,0.993,0.998,0.994,-0.992,-0.99,0.991,-0.97,0.993,-0.85,-0.989,-0.735,0.741,-0.89,-0.992,0.965,-0.994,-0.997,-0.958,0.997,0.995,-0.987,-0.957,-0.988,0.998,-0.993,0.986,-0.974,0.989,0.989,-0.999,0.792,0.998,0.989,-0.981,-0.996,-0.999,0.989,-0.99,0.997,0.909,0.999,-0.986,-0.999,-0.99,0.998,0.981,0.951,-0.999,0.941,-0.995,-0.992,-0.962,-0.973,-0.951,0.972,-0.996,0.98,-1.0,0.987,0.991,0.991,0.981,-0.989,0.976,0.988,-0.967,-0.995,-0.986,-0.993,-0.983,-0.994,-0.976,-0.968,0.978,-0.951,0.993,-1.0,-0.993,0.993,0.991,-0.979,1.0,-0.976,-0.993,-0.991,0.98,0.982,-0.991,0.996,-0.998,0.992,0.983,0.98,-0.997,9.598,5.763,10.413,10.347,10.399,10.431,10.408,10.356,7.484,6.072,10.381,10.354,7.957,7.783,10.404,10.399,EssenceCatalog/problems/csplib-prob010-SocialGolfers/params/a3db01368af35cdc0090ea4efba32386.param
-0.97,-0.98,0.977,-0.963,-0.962,0.989,-0.789,0.981,0.968,-0.966,-0.797,0.978,-0.896,0.987,-0.954,-0.927,-0.826,0.852,0.831,0.749,0.957,-0.972,-0.988,-0.938,0.99,0.109,-0.433,-0.657,-0.956,0.989,0.645,0.62,-0.917,0.918,0.415,-0.995,0.958,0.997,0.832,-0.671,-0.96,-0.993,0.715,-0.568,0.993,0.965,0.982,-0.9,-0.996,-0.976,0.991,0.666,0.904,-0.996,0.879,-0.975,0.054,-0.899,-0.178,-0.895,-0.562,-0.912,0.69,-0.998,0.959,0.836,0.982,0.978,-0.832,0.844,0.891,-0.82,-0.87,-0.821,-0.897,-0.979,-0.985,-0.605,-0.883,0.949,-0.903,-0.273,-0.998,-0.907,0.983,0.79,-0.896,0.995,-0.969,-0.961,-0.869,0.933,0.861,-0.974,0.976,-0.988,0.956,0.894,0.928,-0.986,6.501,4.766,10.37,10.302,10.224,10.261,10.288,10.325,5.825,4.929,10.328,10.233,6.186,5.8,10.292,10.27,EssenceCatalog/problems/csplib-prob010-SocialGolfers/params/856b6b5571c0b6c0b2c52a2865d2ae9a.param
-0.965,-0.979,0.957,-0.952,-0.957,0.987,-0.922,0.981,0.958,-0.972,-0.924,0.967,-0.738,0.992,-0.971,-0.625,-0.552,0.907,0.971,0.866,0.95,-0.967,-0.987,-0.813,0.993,-0.129,-0.409,-0.636,-0.955,0.979,0.976,0.748,-0.929,0.933,-0.28,-0.993,0.963,0.997,0.7,-0.901,-0.969,-0.994,0.51,-0.738,0.989,0.967,0.986,-0.954,-0.994,-0.949,0.987,0.71,0.957,-0.997,0.802,-0.948,-0.517,-0.86,-0.611,-0.892,-0.98,-0.955,0.845,-0.997,0.968,0.834,0.98,0.982,-0.788,0.819,0.856,-0.935,-0.887,-0.761,-0.829,-0.976,-0.983,-0.417,-0.734,0.964,-0.788,0.069,-0.997,-0.942,0.971,-0.644,-0.863,0.997,-0.964,-0.96,-0.761,0.892,0.875,-0.955,0.975,-0.988,0.907,0.901,0.897,-0.987,5.722,4.751,10.349,10.316,10.308,10.276,10.289,10.337,5.536,4.888,10.378,10.306,5.818,5.625,10.336,10.287,EssenceCatalog/problems/csplib-prob010-SocialGolfers/params/1268f76a81ae317ab45f8ede822b21c4.param
-0.989,0.999,-0.997,-0.994,-0.978,0.985,-0.979,0.987,0.989,-0.946,-0.989,0.988,0.996,0.992,-0.864,-0.978,-0.938,0.989,0.987,0.982,0.969,-0.993,-0.967,0.867,0.996,0.826,-0.603,-0.959,0.998,-0.982,0.89,-0.042,-0.934,0.989,-0.993,-0.999,0.379,1.0,-0.928,-0.905,-0.978,-0.998,0.97,-0.97,0.993,-0.998,0.993,-0.978,-0.998,-0.992,0.996,-0.943,0.982,-0.999,0.978,-0.977,0.943,-0.975,-0.943,-0.989,-0.991,-0.961,0.965,-0.998,-0.988,-0.983,0.988,-0.998,-0.972,0.977,0.653,-0.964,-0.989,-0.933,-0.985,0.998,-0.99,-0.856,-0.981,0.694,-0.864,0.943,-0.998,-0.984,0.925,0.881,-0.96,0.999,-0.919,-0.971,0.975,0.946,0.957,-0.903,0.987,-0.996,0.986,0.976,0.894,-0.992,4.126,3.411,4.661,10.188,10.41,10.291,10.489,10.727,4.1,3.616,4.711,10.069,4.7,4.29,5.747,10.072,EssenceCatalog/problems/csplib-prob010-SocialGolfers/params/a8483fb836c1315bc21e21a7cfac8900.param
-0.972,-0.974,0.958,-0.969,-0.99,0.993,-0.993,0.981,0.969,-0.973,-0.943,0.995,-0.839,0.996,-0.99,-0.959,-0.962,0.976,0.993,0.99,0.968,-0.979,-0.987,-0.931,0.997,-0.938,0.775,-0.883,-0.893,0.912,0.989,0.223,-0.971,0.977,-0.947,-0.995,0.974,0.998,0.708,-0.935,-0.958,-0.997,0.538,-0.003,0.993,0.973,0.981,-0.964,-0.997,-0.985,0.995,-0.166,0.956,-0.998,0.962,-0.97,0.938,-0.974,-0.39,-0.975,-0.99,-0.922,0.772,-0.998,0.95,0.489,0.993,0.97,-0.891,0.836,0.903,-0.937,-0.868,-0.886,-0.873,-0.967,-0.992,-0.73,-0.887,0.98,-0.966,-0.947,-0.999,-0.909,0.985,-0.767,-0.957,0.998,-0.982,-0.963,-0.592,0.96,0.909,-0.972,0.977,-0.993,0.966,0.953,0.975,-0.988,4.613,4.14,10.246,10.302,10.303,10.347,10.279,10.227,4.809,4.26,10.269,10.242,5.089,4.617,10.251,10.348,EssenceCatalog/problems/csplib-prob010-SocialGolfers/params/0b9c56bbcf19239026e5a5104c665212.param
-0.973,-0.981,0.978,-0.965,-0.968,0.991,-0.872,0.982,0.971,-0.962,-0.778,0.985,-0.907,0.988,-0.956,-0.959,-0.9,0.891,0.852,0.853,0.962,-0.976,-0.987,-0.954,0.99,-0.243,-0.27,-0.707,-0.949,0.987,0.684,0.497,-0.928,0.936,0.202,-0.995,0.966,0.998,0.839,-0.662,-0.954,-0.995,0.717,-0.448,0.993,0.967,0.982,-0.908,-0.996,-0.982,0.992,0.58,0.906,-0.996,0.918,-0.978,0.422,-0.928,-0.084,-0.919,-0.588,-0.882,0.666,-0.998,0.956,0.789,0.986,0.978,-0.85,0.849,0.887,-0.822,-0.858,-0.855,-0.905,-0.98,-0.986,-0.634,-0.903,0.946,-0.935,-0.614,-0.998,-0.885,0.984,0.812,-0.918,0.996,-0.974,-0.958,-0.868,0.942,0.872,-0.978,0.978,-0.99,0.966,0.897,0.941,-0.984,6.112,4.579,10.379,10.305,10.217,10.248,10.283,10.322,5.582,4.734,10.33,10.233,5.936,5.466,10.3,10.284,EssenceCatalog/problems/csplib-prob010-SocialGolfers/params/cf2f070d518e707b49719e9f300a31ef.param
-0.991,0.996,-0.986,-0.992,-0.983,0.983,-0.938,0.984,0.991,-0.98,-0.99,0.979,0.992,0.995,-0.933,-0.953,-0.767,0.984,0.984,0.932,0.964,-0.99,-0.987,0.637,0.997,0.943,-0.778,-0.901,0.991,-0.871,0.836,0.71,-0.934,0.982,-0.969,-0.998,0.546,0.999,-0.516,-0.932,-0.989,-0.997,0.956,-0.977,0.995,-0.993,0.994,-0.978,-0.998,-0.986,0.997,-0.806,0.98,-0.999,0.961,-0.971,0.587,-0.953,-0.938,-0.977,-0.987,-0.983,0.964,-0.998,-0.949,-0.899,0.984,-0.993,-0.966,0.97,0.884,-0.967,-0.988,-0.93,-0.984,0.989,-0.993,-0.786,-0.969,0.838,-0.746,0.974,-0.998,-0.991,0.965,0.798,-0.929,0.999,-0.904,-0.982,0.893,0.961,0.943,-0.911,0.986,-0.994,0.983,0.975,0.905,-0.996,4.448,3.623,5.011,10.24,10.542,10.412,10.57,10.777,4.365,3.841,5.061,10.16,4.913,4.573,6.099,10.157,EssenceCatalog/problems/csplib-prob010-SocialGolfers/params/0ddf0e7f29c877e93b2bd20eebbcbb70.param
-0.979,-0.973,0.968,-0.973,-0.969,0.989,0.179,0.987,0.966,-0.983,-0.932,0.947,-0.846,0.992,-0.939,-0.786,-0.109,0.704,0.838,-0.38,0.94,-0.971,-0.991,-0.817,0.992,0.876,-0.794,-0.694,-0.969,0.994,0.547,0.884,-0.923,0.94,0.628,-0.994,0.916,0.997,0.883,-0.913,-0.983,-0.994,0.808,-0.908,0.99,0.945,0.993,-0.958,-0.995,-0.956,0.991,0.891,0.936,-0.998,0.679,-0.968,-0.895,-0.826,-0.771,-0.869,-0.728,-0.975,0.849,-0.998,0.978,0.952,0.977,0.974,-0.859,0.858,0.909,-0.93,-0.948,-0.82,-0.925,-0.98,-0.985,-0.672,-0.754,0.96,-0.669,0.831,-0.999,-0.967,0.975,0.546,-0.91,0.997,-0.953,-0.968,-0.922,0.908,0.912,-0.963,0.985,-0.991,0.947,0.909,0.884,-0.992,7.742,5.335,10.29,10.274,10.243,10.269,10.288,10.336,6.579,5.579,10.323,10.21,6.954,6.959,10.272,10.205,EssenceCatalog/problems/csplib-prob010-SocialGolfers/params/a89c3c37bc839f58878ed729b59dc62c.param
-0.968,-0.977,0.959,-0.956,-0.946,0.987,-0.823,0.981,0.96,-0.968,-0.882,0.961,-0.773,0.99,-0.953,-0.691,-0.486,0.857,0.937,0.722,0.945,-0.966,-0.986,-0.834,0.991,0.258,-0.554,-0.602,-0.958,0.986,0.923,0.738,-0.912,0.917,0.156,-0.993,0.957,0.997,0.747,-0.852,-0.966,-0.993,0.603,-0.757,0.988,0.959,0.986,-0.937,-0.994,-0.951,0.986,0.773,0.946,-0.997,0.781,-0.956,-0.601,-0.838,-0.528,-0.873,-0.934,-0.943,0.808,-0.998,0.966,0.863,0.977,0.977,-0.783,0.828,0.858,-0.909,-0.884,-0.754,-0.844,-0.976,-0.981,-0.429,-0.755,0.957,-0.771,0.302,-0.998,-0.937,0.973,-0.019,-0.861,0.996,-0.963,-0.955,-0.819,0.882,0.875,-0.961,0.976,-0.987,0.918,0.877,0.876,-0.986,6.294,4.9,10.324,10.294,10.26,10.258,10.272,10.332,5.829,5.054,10.33,10.261,6.137,5.963,10.286,10.25,EssenceCatalog/problems/csplib-prob010-SocialGolfers/params/f2c116be666172ef963354da509574a0.param
-0.963,-0.984,0.967,-0.952,-0.972,0.989,-0.976,0.981,0.962,-0.97,-0.922,0.984,-0.807,0.994,-0.983,-0.808,-0.832,0.945,0.982,0.962,0.96,-0.973,-0.987,-0.893,0.995,-0.712,0.129,-0.726,-0.951,0.968,0.985,0.612,-0.951,0.947,-0.667,-0.994,0.973,0.998,0.691,-0.892,-0.962,-0.995,0.455,-0.48,0.991,0.978,0.983,-0.955,-0.995,-0.967,0.991,0.496,0.957,-0.997,0.892,-0.959,0.275,-0.92,-0.471,-0.931,-0.984,-0.944,0.804,-0.997,0.967,0.739,0.987,0.986,-0.816,0.825,0.87,-0.926,-0.861,-0.804,-0.814,-0.978,-0.986,-0.5,-0.814,0.972,-0.902,-0.634,-0.998,-0.923,0.978,-0.728,-0.895,0.997,-0.976,-0.96,-0.705,0.924,0.871,-0.962,0.976,-0.989,0.929,0.921,0.94,-0.987,5.094,4.415,10.362,10.318,10.313,10.299,10.29,10.302,5.118,4.554,10.391,10.285,5.418,5.043,10.35,10.325,EssenceCatalog/problems/csplib-prob010-SocialGolfers/params/75302baede786256274f0a441c2ef96c.param
-0.971,-0.98,0.96,-0.963,-0.953,0.988,-0.676,0.984,0.959,-0.98,-0.955,0.946,-0.756,0.993,-0.957,-0.408,-0.2,0.836,0.937,0.407,0.943,-0.97,-0.991,-0.691,0.993,0.673,-0.811,-0.605,-0.972,0.989,0.939,0.89,-0.925,0.931,0.424,-0.993,0.946,0.997,0.779,-0.936,-0.981,-0.994,0.66,-0.921,0.988,0.957,0.992,-0.964,-0.994,-0.927,0.988,0.883,0.963,-0.998,0.671,-0.95,-0.93,-0.775,-0.825,-0.853,-0.962,-0.975,0.911,-0.998,0.975,0.933,0.978,0.982,-0.828,0.85,0.894,-0.955,-0.938,-0.783,-0.889,-0.978,-0.985,-0.5,-0.699,0.967,-0.613,0.827,-0.998,-0.972,0.972,-0.466,-0.859,0.997,-0.955,-0.97,-0.856,0.876,0.909,-0.961,0.978,-0.988,0.895,0.907,0.867,-0.991,6.754,5.2,10.355,10.356,10.355,10.341,10.338,10.392,6.173,5.36,10.391,10.339,6.453,6.464,10.347,10.299,EssenceCatalog/problems/csplib-prob010-SocialGolfers/params/9a79d47ba0bbf81450bfd182c8be1bb6.param
-0.969,-0.981,0.968,-0.958,-0.969,0.99,-0.957,0.981,0.966,-0.963,-0.861,0.984,-0.837,0.992,-0.973,-0.898,-0.849,0.93,0.965,0.942,0.958,-0.973,-0.985,-0.923,0.993,-0.602,0.059,-0.727,-0.945,0.977,0.953,0.513,-0.941,0.941,-0.472,-0.995,0.972,0.998,0.747,-0.817,-0.953,-0.995,0.57,-0.418,0.991,0.972,0.982,-0.938,-0.996,-0.976,0.99,0.518,0.94,-0.997,0.905,-0.966,0.411,-0.923,-0.303,-0.928,-0.946,-0.916,0.732,-0.998,0.961,0.722,0.986,0.981,-0.817,0.836,0.863,-0.889,-0.845,-0.821,-0.841,-0.979,-0.984,-0.501,-0.847,0.961,-0.915,-0.667,-0.998,-0.9,0.98,-0.058,-0.904,0.996,-0.976,-0.955,-0.778,0.926,0.866,-0.969,0.978,-0.989,0.946,0.9,0.931,-0.985,5.328,4.412,10.346,10.303,10.261,10.26,10.272,10.298,5.206,4.554,10.345,10.249,5.511,5.095,10.308,10.295,EssenceCatalog/problems/csplib-prob010-SocialGolfers/params/450a59f9b258925b0d3c352ceb9bdeda.param
-0.995,-0.981,0.987,-0.996,-0.996,0.996,0.976,0.998,0.995,-0.991,-0.982,0.996,-0.973,0.992,-0.803,-0.994,-0.944,0.882,-0.949,-0.962,0.983,-0.996,-0.997,-0.983,0.997,0.99,-0.987,-0.961,-0.98,0.997,-0.992,0.966,-0.966,0.992,0.991,-0.999,0.916,0.998,0.986,-0.948,-0.995,-0.999,0.99,-0.984,0.999,0.901,0.998,-0.982,-0.999,-0.995,0.999,0.947,0.956,-0.999,0.978,-0.996,-0.958,-0.98,-0.914,-0.966,0.987,-0.992,0.972,-0.999,0.977,0.975,0.995,0.97,-0.989,0.978,0.984,-0.938,-0.995,-0.988,-0.994,-0.974,-0.996,-0.986,-0.987,0.972,-0.984,0.975,-0.999,-0.989,0.995,0.996,-0.979,1.0,-0.982,-0.992,-0.984,0.984,0.973,-0.994,0.995,-0.998,0.995,0.985,0.988,-0.997,9.603,5.766,10.461,10.385,10.441,10.476,10.456,10.405,7.486,6.071,10.411,10.401,7.974,7.761,10.439,10.443,EssenceCatalog/problems/csplib-prob010-SocialGolfers/params/1287c48b5501f433505d09c01efdc31b.param
-0.966,-0.979,0.955,-0.953,-0.95,0.987,-0.894,0.981,0.959,-0.973,-0.929,0.961,-0.727,0.992,-0.966,-0.538,-0.46,0.891,0.964,0.803,0.947,-0.968,-0.988,-0.772,0.993,0.121,-0.579,-0.608,-0.96,0.982,0.97,0.794,-0.927,0.928,-0.063,-0.993,0.961,0.997,0.705,-0.907,-0.971,-0.994,0.538,-0.81,0.988,0.963,0.987,-0.955,-0.994,-0.941,0.986,0.777,0.96,-0.997,0.765,-0.947,-0.718,-0.83,-0.673,-0.877,-0.977,-0.958,0.868,-0.997,0.968,0.866,0.979,0.981,-0.791,0.827,0.864,-0.94,-0.9,-0.758,-0.844,-0.975,-0.983,-0.409,-0.717,0.964,-0.743,0.382,-0.997,-0.953,0.97,-0.615,-0.85,0.997,-0.962,-0.961,-0.782,0.876,0.883,-0.957,0.976,-0.987,0.9,0.896,0.883,-0.988,6.023,4.901,10.344,10.328,10.323,10.294,10.302,10.355,5.733,5.038,10.374,10.32,6.009,5.884,10.332,10.29,EssenceCatalog/problems/csplib-prob010-SocialGolfers/params/62a378bc789d92d0ba2cf5cf7f8a781f.param
-0.969,-0.98,0.959,-0.958,-0.948,0.988,-0.784,0.983,0.96,-0.977,-0.948,0.95,-0.752,0.992,-0.96,-0.413,-0.293,0.853,0.947,0.576,0.944,-0.969,-0.99,-0.71,0.993,0.532,-0.764,-0.591,-0.97,0.987,0.953,0.868,-0.927,0.926,0.322,-0.993,0.951,0.997,0.758,-0.927,-0.978,-0.994,0.613,-0.897,0.988,0.96,0.99,-0.961,-0.993,-0.928,0.987,0.862,0.963,-0.998,0.695,-0.948,-0.9,-0.782,-0.781,-0.855,-0.969,-0.969,0.901,-0.998,0.973,0.92,0.978,0.983,-0.816,0.843,0.889,-0.951,-0.926,-0.773,-0.874,-0.978,-0.985,-0.463,-0.697,0.967,-0.657,0.747,-0.998,-0.968,0.973,-0.542,-0.848,0.997,-0.958,-0.967,-0.839,0.869,0.901,-0.961,0.977,-0.987,0.892,0.9,0.871,-0.989,6.543,5.128,10.36,10.356,10.354,10.335,10.333,10.386,6.055,5.278,10.394,10.344,6.332,6.306,10.35,10.305,EssenceCatalog/problems/csplib-prob010-SocialGolfers/params/3a3ed592cb41c11a03c4c10350351a32.param
-0.99,0.997,-0.984,-0.994,-0.992,0.979,-0.347,0.98,0.991,-0.985,-0.994,0.978,0.99,0.995,-0.879,-0.974,-0.734,0.976,0.924,0.471,0.961,-0.988,-0.985,0.353,0.994,0.99,-0.882,-0.93,0.991,-0.746,-0.123,0.858,-0.905,0.988,-0.833,-0.998,0.361,0.999,0.309,-0.946,-0.994,-0.996,0.979,-0.988,0.996,-0.996,0.996,-0.982,-0.998,-0.984,0.998,-0.731,0.974,-0.999,0.964,-0.977,-0.014,-0.958,-0.961,-0.979,-0.912,-0.988,0.982,-0.998,-0.946,-0.779,0.983,-0.997,-0.98,0.968,0.934,-0.968,-0.992,-0.954,-0.991,0.992,-0.994,-0.916,-0.98,0.87,-0.782,0.992,-0.998,-0.996,0.964,0.964,-0.949,0.999,-0.872,-0.99,0.703,0.979,0.966,-0.89,0.987,-0.995,0.987,0.981,0.918,-0.997,5.261,3.834,5.167,10.049,10.453,10.284,10.433,10.615,4.744,4.118,5.234,10.012,5.341,5.057,6.3,10.051,EssenceCatalog/problems/csplib-prob010-SocialGolfers/params/820a260c2b8f0aa341eeb37b160106f2.param
-0.972,-0.977,0.965,-0.965,-0.985,0.992,-0.973,0.982,0.968,-0.973,-0.904,0.989,-0.831,0.994,-0.982,-0.944,-0.901,0.955,0.983,0.966,0.961,-0.975,-0.987,-0.94,0.995,-0.785,0.505,-0.815,-0.924,0.963,0.971,0.419,-0.952,0.962,-0.803,-0.995,0.972,0.998,0.796,-0.875,-0.959,-0.995,0.602,-0.23,0.993,0.972,0.982,-0.951,-0.996,-0.982,0.994,0.21,0.939,-0.997,0.939,-0.967,0.785,-0.955,-0.297,-0.955,-0.969,-0.928,0.724,-0.998,0.957,0.627,0.989,0.977,-0.854,0.837,0.879,-0.907,-0.856,-0.857,-0.86,-0.975,-0.988,-0.609,-0.87,0.969,-0.941,-0.868,-0.998,-0.898,0.982,-0.325,-0.936,0.997,-0.976,-0.963,-0.745,0.954,0.874,-0.968,0.98,-0.992,0.958,0.929,0.957,-0.989,4.963,4.255,10.327,10.321,10.304,10.324,10.29,10.279,5.0,4.395,10.328,10.264,5.291,4.838,10.307,10.345,EssenceCatalog/problems/csplib-prob010-SocialGolfers/params/5b5017ae78c2d408aa873ade8ac43147.param
-0.994,-0.98,0.987,-0.994,-0.994,0.995,0.988,0.997,0.992,-0.992,-0.99,0.984,-0.965,0.994,-0.885,-0.977,-0.498,0.622,-0.721,-0.992,0.96,-0.992,-0.997,-0.924,0.996,0.995,-0.983,-0.931,-0.99,0.998,-0.983,0.987,-0.971,0.983,0.984,-0.999,0.767,0.998,0.986,-0.984,-0.996,-0.998,0.981,-0.99,0.996,0.927,0.999,-0.985,-0.998,-0.986,0.998,0.984,0.945,-0.999,0.874,-0.993,-0.994,-0.933,-0.976,-0.931,0.914,-0.996,0.974,-0.999,0.988,0.993,0.989,0.986,-0.983,0.969,0.987,-0.969,-0.994,-0.978,-0.991,-0.988,-0.994,-0.957,-0.942,0.98,-0.898,0.994,-0.999,-0.993,0.993,0.977,-0.975,0.999,-0.973,-0.991,-0.992,0.971,0.98,-0.99,0.995,-0.998,0.988,0.979,0.967,-0.997,9.512,5.73,10.336,10.28,10.323,10.353,10.33,10.282,7.432,6.036,10.32,10.273,7.89,7.752,10.335,10.319,EssenceCatalog/problems/csplib-prob010-SocialGolfers/params/4404048df50562450c0f95c65ae9e32f.param
-0.97,-0.968,0.958,-0.963,-0.956,0.987,-0.732,0.981,0.961,-0.967,-0.834,0.966,-0.794,0.988,-0.945,-0.852,-0.563,0.837,0.918,0.665,0.944,-0.966,-0.985,-0.886,0.99,0.255,-0.426,-0.65,-0.942,0.986,0.84,0.649,-0.905,0.921,0.117,-0.993,0.951,0.997,0.799,-0.804,-0.959,-0.993,0.681,-0.655,0.988,0.951,0.984,-0.925,-0.995,-0.965,0.988,0.71,0.922,-0.997,0.819,-0.963,-0.247,-0.876,-0.388,-0.888,-0.855,-0.929,0.738,-0.998,0.96,0.839,0.977,0.966,-0.79,0.829,0.854,-0.878,-0.88,-0.772,-0.873,-0.975,-0.98,-0.474,-0.801,0.948,-0.814,-0.015,-0.998,-0.917,0.973,0.492,-0.895,0.995,-0.962,-0.952,-0.838,0.905,0.866,-0.962,0.978,-0.988,0.94,0.874,0.891,-0.986,6.337,4.787,10.295,10.262,10.209,10.225,10.248,10.308,5.78,4.96,10.277,10.207,6.115,5.855,10.238,10.22,EssenceCatalog/problems/csplib-prob010-SocialGolfers/params/84d2439b7117ec08300547e672e8c81a.param
-0.971,-0.983,0.98,-0.964,-0.965,0.99,-0.85,0.982,0.97,-0.964,-0.787,0.983,-0.914,0.987,-0.957,-0.946,-0.887,0.875,0.827,0.82,0.961,-0.975,-0.988,-0.949,0.99,-0.11,-0.36,-0.681,-0.957,0.988,0.656,0.564,-0.925,0.925,0.354,-0.995,0.964,0.997,0.836,-0.649,-0.957,-0.994,0.714,-0.503,0.994,0.97,0.981,-0.9,-0.996,-0.98,0.992,0.629,0.905,-0.996,0.902,-0.977,0.249,-0.914,-0.122,-0.908,-0.533,-0.899,0.679,-0.998,0.958,0.815,0.984,0.981,-0.844,0.849,0.894,-0.812,-0.862,-0.84,-0.901,-0.98,-0.986,-0.628,-0.9,0.95,-0.928,-0.48,-0.998,-0.898,0.984,0.802,-0.906,0.995,-0.973,-0.961,-0.87,0.939,0.865,-0.977,0.976,-0.989,0.962,0.899,0.938,-0.985,6.315,4.675,10.391,10.312,10.225,10.261,10.291,10.327,5.707,4.83,10.344,10.24,6.066,5.625,10.309,10.286,EssenceCatalog/problems/csplib-prob010-SocialGolfers/params/89e1bcd691bd6917f64e8953600247ce.param
-0.972,-0.979,0.959,-0.963,-0.955,0.988,-0.647,0.984,0.959,-0.981,-0.956,0.945,-0.753,0.993,-0.956,-0.422,-0.173,0.833,0.935,0.362,0.943,-0.97,-0.991,-0.687,0.993,0.692,-0.815,-0.616,-0.972,0.989,0.934,0.894,-0.925,0.933,0.427,-0.993,0.944,0.997,0.786,-0.94,-0.981,-0.994,0.672,-0.925,0.988,0.956,0.992,-0.966,-0.994,-0.929,0.988,0.886,0.963,-0.998,0.668,-0.95,-0.933,-0.775,-0.835,-0.854,-0.961,-0.976,0.913,-0.998,0.975,0.935,0.978,0.982,-0.831,0.852,0.896,-0.956,-0.941,-0.79,-0.893,-0.978,-0.986,-0.503,-0.696,0.967,-0.608,0.835,-0.998,-0.973,0.973,-0.452,-0.864,0.997,-0.954,-0.971,-0.86,0.877,0.911,-0.961,0.979,-0.988,0.897,0.908,0.867,-0.991,6.792,5.211,10.355,10.357,10.356,10.342,10.339,10.395,6.193,5.374,10.391,10.339,6.474,6.492,10.348,10.299,EssenceCatalog/problems/csplib-prob010-SocialGolfers/params/cb96977fceb6088a798ccf7b575b3143.param
-0.978,-0.986,0.988,-0.974,-0.975,0.992,-0.7,0.987,0.979,-0.969,-0.802,0.988,-0.957,0.987,-0.955,-0.976,-0.945,0.861,0.529,0.642,0.969,-0.982,-0.992,-0.968,0.991,0.251,-0.598,-0.753,-0.965,0.992,-0.064,0.652,-0.937,0.944,0.694,-0.997,0.962,0.998,0.905,-0.586,-0.969,-0.995,0.819,-0.612,0.996,0.972,0.984,-0.903,-0.997,-0.988,0.995,0.71,0.898,-0.997,0.928,-0.986,0.122,-0.935,-0.063,-0.922,0.267,-0.91,0.707,-0.998,0.963,0.865,0.988,0.985,-0.901,0.889,0.937,-0.809,-0.904,-0.893,-0.948,-0.981,-0.991,-0.791,-0.94,0.954,-0.959,-0.352,-0.998,-0.921,0.989,0.942,-0.934,0.997,-0.976,-0.971,-0.922,0.961,0.888,-0.986,0.981,-0.992,0.977,0.929,0.961,-0.988,7.214,4.932,10.406,10.317,10.253,10.284,10.32,10.328,6.166,5.096,10.337,10.264,6.547,6.094,10.311,10.313,EssenceCatalog/problems/csplib-prob010-SocialGolfers/params/ee6bd7ac4a768623c9080427203981e5.param
-0.965,-0.983,0.969,-0.959,-0.986,0.992,-0.99,0.98,0.966,-0.972,-0.942,0.992,-0.856,0.996,-0.99,-0.919,-0.942,0.968,0.991,0.986,0.966,-0.977,-0.988,-0.923,0.996,-0.915,0.663,-0.838,-0.936,0.94,0.99,0.406,-0.969,0.969,-0.901,-0.994,0.976,0.998,0.706,-0.926,-0.96,-0.996,0.459,-0.146,0.993,0.981,0.98,-0.962,-0.996,-0.98,0.994,0.132,0.958,-0.997,0.943,-0.966,0.834,-0.96,-0.424,-0.964,-0.989,-0.938,0.778,-0.998,0.965,0.621,0.992,0.984,-0.866,0.83,0.9,-0.934,-0.857,-0.856,-0.832,-0.976,-0.99,-0.657,-0.865,0.98,-0.955,-0.907,-0.998,-0.912,0.984,-0.831,-0.939,0.998,-0.982,-0.961,-0.643,0.95,0.889,-0.969,0.975,-0.991,0.951,0.947,0.968,-0.988,4.714,4.208,10.322,10.32,10.316,10.343,10.282,10.252,4.881,4.341,10.345,10.268,5.168,4.715,10.316,10.357,EssenceCatalog/problems/csplib-prob010-SocialGolfers/params/787fa3fdd1b07dd3f6d30e38492439ec.param
-0.968,-0.982,0.964,-0.957,-0.947,0.988,-0.804,0.982,0.96,-0.976,-0.943,0.951,-0.776,0.992,-0.961,-0.417,-0.368,0.854,0.94,0.599,0.945,-0.969,-0.991,-0.734,0.993,0.508,-0.766,-0.567,-0.973,0.987,0.946,0.866,-0.929,0.921,0.386,-0.993,0.954,0.997,0.761,-0.917,-0.978,-0.994,0.602,-0.888,0.989,0.964,0.989,-0.957,-0.993,-0.931,0.987,0.861,0.962,-0.997,0.696,-0.95,-0.894,-0.777,-0.755,-0.848,-0.962,-0.967,0.897,-0.997,0.973,0.919,0.979,0.984,-0.816,0.843,0.896,-0.945,-0.923,-0.769,-0.87,-0.979,-0.985,-0.459,-0.713,0.968,-0.685,0.729,-0.997,-0.968,0.975,-0.497,-0.838,0.997,-0.959,-0.967,-0.839,0.872,0.897,-0.963,0.976,-0.986,0.893,0.9,0.874,-0.989,6.561,5.13,10.38,10.366,10.356,10.343,10.34,10.391,6.061,5.277,10.41,10.351,6.345,6.299,10.366,10.315,EssenceCatalog/problems/csplib-prob010-SocialGolfers/params/e1dbaad7a42371068e43969af58a24c3.param
-0.971,-0.983,0.971,-0.96,-0.976,0.992,-0.974,0.982,0.968,-0.964,-0.874,0.989,-0.856,0.993,-0.979,-0.929,-0.904,0.948,0.975,0.966,0.962,-0.975,-0.985,-0.937,0.994,-0.772,0.313,-0.78,-0.943,0.972,0.966,0.428,-0.952,0.953,-0.672,-0.995,0.975,0.998,0.753,-0.843,-0.952,-0.995,0.568,-0.294,0.992,0.976,0.982,-0.946,-0.996,-0.98,0.992,0.413,0.944,-0.997,0.928,-0.969,0.66,-0.943,-0.291,-0.945,-0.959,-0.913,0.729,-0.998,0.962,0.671,0.989,0.983,-0.837,0.843,0.874,-0.899,-0.843,-0.846,-0.844,-0.98,-0.986,-0.55,-0.865,0.966,-0.939,-0.819,-0.998,-0.894,0.982,-0.218,-0.923,0.997,-0.979,-0.956,-0.767,0.938,0.874,-0.972,0.98,-0.991,0.954,0.914,0.946,-0.986,5.092,4.311,10.351,10.317,10.281,10.291,10.277,10.29,5.073,4.451,10.352,10.26,5.371,4.919,10.317,10.329,EssenceCatalog/problems/csplib-prob010-SocialGolfers/params/6c04f7de224209a7f3969d49ee0266c0.param
-0.965,-0.98,0.959,-0.952,-0.954,0.987,-0.927,0.98,0.959,-0.97,-0.917,0.968,-0.749,0.992,-0.97,-0.635,-0.58,0.906,0.969,0.872,0.95,-0.968,-0.987,-0.82,0.993,-0.154,-0.414,-0.632,-0.956,0.979,0.974,0.739,-0.93,0.93,-0.242,-0.993,0.965,0.997,0.694,-0.892,-0.967,-0.994,0.508,-0.729,0.989,0.968,0.985,-0.952,-0.994,-0.95,0.987,0.715,0.957,-0.997,0.806,-0.95,-0.503,-0.859,-0.59,-0.891,-0.977,-0.951,0.84,-0.997,0.967,0.831,0.981,0.982,-0.786,0.823,0.858,-0.931,-0.883,-0.761,-0.827,-0.976,-0.983,-0.413,-0.743,0.965,-0.799,0.056,-0.997,-0.941,0.972,-0.607,-0.859,0.996,-0.966,-0.959,-0.762,0.888,0.874,-0.957,0.975,-0.987,0.907,0.897,0.896,-0.987,5.728,4.747,10.352,10.314,10.299,10.27,10.285,10.334,5.535,4.883,10.379,10.301,5.82,5.616,10.335,10.285,EssenceCatalog/problems/csplib-prob010-SocialGolfers/params/ef55228b1ccd34b2aaa5ab4b918c916a.param
-0.981,-0.935,0.918,-0.974,-0.96,0.988,0.161,0.987,0.962,-0.981,-0.939,0.941,-0.621,0.991,-0.917,-0.755,0.268,0.725,0.916,-0.315,0.929,-0.971,-0.986,-0.647,0.992,0.867,-0.785,-0.748,-0.926,0.99,0.8,0.863,-0.901,0.954,0.241,-0.994,0.909,0.997,0.822,-0.945,-0.979,-0.994,0.823,-0.934,0.979,0.881,0.994,-0.972,-0.995,-0.948,0.986,0.896,0.948,-0.998,0.679,-0.959,-0.906,-0.839,-0.86,-0.893,-0.915,-0.977,0.886,-0.999,0.967,0.926,0.976,0.936,-0.843,0.855,0.846,-0.955,-0.956,-0.818,-0.93,-0.964,-0.979,-0.564,-0.694,0.944,-0.49,0.851,-0.999,-0.965,0.955,0.285,-0.927,0.997,-0.947,-0.96,-0.878,0.878,0.925,-0.956,0.986,-0.993,0.937,0.894,0.834,-0.992,7.313,5.217,10.106,10.15,10.162,10.154,10.177,10.257,6.364,5.451,10.153,10.104,6.689,6.783,10.107,10.082,EssenceCatalog/problems/csplib-prob010-SocialGolfers/params/ef615e00f9239eda8a34a36d9b91fdee.param
-0.973,-0.985,0.984,-0.966,-0.975,0.992,-0.875,0.982,0.973,-0.966,-0.798,0.988,-0.94,0.989,-0.964,-0.973,-0.943,0.896,0.809,0.86,0.965,-0.978,-0.99,-0.966,0.99,-0.251,-0.201,-0.729,-0.955,0.986,0.528,0.495,-0.94,0.941,0.301,-0.996,0.966,0.997,0.871,-0.613,-0.961,-0.994,0.741,-0.386,0.995,0.972,0.98,-0.901,-0.997,-0.985,0.994,0.516,0.896,-0.996,0.934,-0.981,0.559,-0.938,-0.015,-0.925,-0.37,-0.889,0.645,-0.998,0.956,0.794,0.987,0.983,-0.877,0.861,0.916,-0.796,-0.863,-0.872,-0.92,-0.981,-0.989,-0.726,-0.927,0.956,-0.958,-0.687,-0.998,-0.887,0.987,0.869,-0.926,0.996,-0.975,-0.967,-0.891,0.956,0.875,-0.982,0.978,-0.99,0.972,0.918,0.957,-0.986,6.21,4.573,10.386,10.304,10.217,10.251,10.283,10.302,5.614,4.726,10.33,10.228,5.97,5.464,10.304,10.291,EssenceCatalog/problems/csplib-prob010-SocialGolfers/params/e7dd3c54b74cc25a55fe47c86dec8a7a.param
-0.974,-0.984,0.969,-0.967,-0.96,0.989,-0.487,0.986,0.962,-0.983,-0.964,0.944,-0.818,0.993,-0.956,-0.407,-0.183,0.804,0.902,0.081,0.944,-0.973,-0.993,-0.688,0.994,0.801,-0.872,-0.625,-0.98,0.992,0.886,0.924,-0.934,0.934,0.644,-0.994,0.937,0.997,0.83,-0.946,-0.985,-0.994,0.721,-0.946,0.99,0.961,0.993,-0.968,-0.994,-0.929,0.99,0.92,0.964,-0.998,0.64,-0.955,-0.964,-0.756,-0.872,-0.842,-0.935,-0.981,0.927,-0.998,0.979,0.956,0.98,0.986,-0.858,0.869,0.923,-0.958,-0.953,-0.815,-0.911,-0.982,-0.988,-0.565,-0.718,0.972,-0.612,0.905,-0.998,-0.979,0.978,-0.327,-0.868,0.998,-0.956,-0.975,-0.895,0.884,0.921,-0.967,0.98,-0.988,0.902,0.917,0.876,-0.992,7.13,5.322,10.4,10.387,10.371,10.373,10.368,10.419,6.377,5.501,10.439,10.357,6.676,6.714,10.392,10.32,EssenceCatalog/problems/csplib-prob010-SocialGolfers/params/df66c2f0d27df3e35e42f4cb631fe74d.param
-0.965,-0.978,0.957,-0.953,-0.964,0.988,-0.956,0.981,0.961,-0.971,-0.917,0.976,-0.742,0.993,-0.975,-0.742,-0.693,0.93,0.979,0.929,0.955,-0.971,-0.986,-0.856,0.994,-0.466,-0.149,-0.69,-0.945,0.973,0.981,0.671,-0.937,0.94,-0.542,-0.993,0.968,0.998,0.685,-0.894,-0.964,-0.994,0.494,-0.625,0.989,0.97,0.984,-0.954,-0.995,-0.96,0.989,0.603,0.956,-0.997,0.856,-0.953,-0.103,-0.895,-0.536,-0.915,-0.983,-0.947,0.822,-0.997,0.964,0.769,0.983,0.981,-0.798,0.822,0.853,-0.931,-0.871,-0.782,-0.824,-0.974,-0.984,-0.429,-0.777,0.965,-0.85,-0.338,-0.998,-0.93,0.973,-0.663,-0.881,0.997,-0.97,-0.958,-0.721,0.908,0.872,-0.957,0.976,-0.989,0.921,0.907,0.916,-0.987,5.348,4.55,10.337,10.307,10.307,10.273,10.289,10.321,5.281,4.69,10.368,10.285,5.575,5.279,10.33,10.296,EssenceCatalog/problems/csplib-prob010-SocialGolfers/params/ffe06b8a9587b8eee0412c1dedc3a315.param
-0.994,-0.977,0.985,-0.994,-0.994,0.995,0.99,0.997,0.992,-0.992,-0.99,0.986,-0.963,0.994,-0.873,-0.982,-0.535,0.638,-0.769,-0.992,0.959,-0.992,-0.996,-0.927,0.996,0.995,-0.984,-0.94,-0.988,0.998,-0.987,0.987,-0.97,0.985,0.984,-0.999,0.755,0.998,0.986,-0.984,-0.996,-0.998,0.983,-0.99,0.996,0.916,0.999,-0.986,-0.998,-0.987,0.998,0.984,0.945,-0.999,0.891,-0.993,-0.994,-0.942,-0.976,-0.937,0.933,-0.996,0.975,-0.999,0.987,0.992,0.989,0.983,-0.984,0.97,0.987,-0.969,-0.994,-0.98,-0.991,-0.986,-0.993,-0.96,-0.949,0.979,-0.91,0.994,-0.999,-0.993,0.992,0.981,-0.977,0.999,-0.973,-0.992,-0.991,0.973,0.981,-0.99,0.996,-0.998,0.99,0.98,0.969,-0.997,9.53,5.733,10.341,10.285,10.332,10.362,10.339,10.29,7.44,6.04,10.322,10.282,7.901,7.756,10.34,10.329,EssenceCatalog/problems/csplib-prob010-SocialGolfers/params/a6f53661fdd27b6055b077da24fcc907.param
-0.968,-0.984,0.968,-0.959,-0.949,0.988,-0.741,0.983,0.961,-0.978,-0.946,0.948,-0.803,0.992,-0.959,-0.414,-0.334,0.832,0.928,0.484,0.944,-0.969,-0.991,-0.739,0.993,0.606,-0.786,-0.567,-0.976,0.989,0.93,0.879,-0.929,0.919,0.505,-0.993,0.95,0.997,0.787,-0.918,-0.98,-0.994,0.631,-0.9,0.989,0.965,0.99,-0.956,-0.993,-0.929,0.988,0.877,0.961,-0.997,0.681,-0.952,-0.915,-0.766,-0.769,-0.844,-0.952,-0.969,0.898,-0.998,0.975,0.932,0.978,0.985,-0.822,0.847,0.905,-0.944,-0.926,-0.773,-0.875,-0.981,-0.986,-0.492,-0.713,0.97,-0.674,0.786,-0.998,-0.97,0.977,-0.406,-0.841,0.997,-0.959,-0.968,-0.863,0.873,0.9,-0.965,0.976,-0.987,0.893,0.901,0.877,-0.989,6.735,5.185,10.389,10.37,10.353,10.348,10.344,10.393,6.156,5.341,10.419,10.348,6.447,6.416,10.373,10.313,EssenceCatalog/problems/csplib-prob010-SocialGolfers/params/a35d22194e50437242f1f618439fd87a.param
-0.972,-0.982,0.965,-0.964,-0.956,0.988,-0.619,0.984,0.96,-0.982,-0.959,0.944,-0.787,0.993,-0.957,-0.392,-0.198,0.823,0.925,0.295,0.944,-0.971,-0.992,-0.693,0.993,0.729,-0.837,-0.604,-0.976,0.99,0.923,0.907,-0.929,0.93,0.536,-0.993,0.942,0.997,0.803,-0.94,-0.983,-0.994,0.681,-0.932,0.989,0.96,0.992,-0.965,-0.994,-0.926,0.989,0.898,0.963,-0.998,0.658,-0.951,-0.947,-0.762,-0.843,-0.845,-0.954,-0.977,0.918,-0.998,0.977,0.945,0.979,0.984,-0.84,0.857,0.908,-0.956,-0.944,-0.794,-0.897,-0.98,-0.986,-0.529,-0.705,0.97,-0.612,0.864,-0.998,-0.975,0.975,-0.423,-0.86,0.997,-0.955,-0.973,-0.874,0.879,0.912,-0.963,0.979,-0.988,0.896,0.911,0.873,-0.991,6.902,5.253,10.378,10.371,10.363,10.356,10.351,10.403,6.256,5.419,10.416,10.349,6.544,6.565,10.37,10.31,EssenceCatalog/problems/csplib-prob010-SocialGolfers/params/847d2296bbface1ebf564605704a63e6.param
-0.97,-0.982,0.97,-0.961,-0.979,0.992,-0.978,0.982,0.967,-0.966,-0.889,0.99,-0.847,0.993,-0.981,-0.929,-0.907,0.953,0.98,0.971,0.962,-0.975,-0.985,-0.937,0.995,-0.808,0.392,-0.794,-0.939,0.969,0.974,0.427,-0.954,0.957,-0.741,-0.995,0.976,0.998,0.752,-0.862,-0.953,-0.996,0.557,-0.264,0.992,0.977,0.982,-0.949,-0.996,-0.981,0.992,0.348,0.945,-0.997,0.932,-0.968,0.712,-0.947,-0.317,-0.949,-0.969,-0.918,0.74,-0.998,0.962,0.656,0.989,0.982,-0.841,0.84,0.873,-0.907,-0.843,-0.849,-0.844,-0.979,-0.986,-0.559,-0.864,0.968,-0.941,-0.846,-0.998,-0.896,0.982,-0.357,-0.927,0.997,-0.98,-0.957,-0.748,0.941,0.877,-0.971,0.979,-0.991,0.954,0.919,0.95,-0.986,4.998,4.282,10.34,10.314,10.287,10.301,10.276,10.279,5.024,4.421,10.346,10.259,5.318,4.866,10.314,10.333,EssenceCatalog/problems/csplib-prob010-SocialGolfers/params/166e9f6e80e29600d3d7ae5db8ac5cde.param
-0.995,-0.969,0.982,-0.995,-0.995,0.996,0.993,0.997,0.994,-0.992,-0.99,0.99,-0.959,0.993,-0.84,-0.989,-0.668,0.719,-0.867,-0.993,0.962,-0.994,-0.996,-0.947,0.996,0.996,-0.986,-0.954,-0.983,0.998,-0.993,0.986,-0.971,0.988,0.987,-0.999,0.762,0.998,0.988,-0.982,-0.996,-0.999,0.988,-0.99,0.996,0.88,0.999,-0.986,-0.999,-0.99,0.998,0.98,0.948,-0.999,0.933,-0.995,-0.991,-0.959,-0.974,-0.949,0.967,-0.996,0.979,-0.999,0.984,0.99,0.99,0.974,-0.988,0.975,0.987,-0.968,-0.995,-0.985,-0.993,-0.979,-0.994,-0.972,-0.966,0.976,-0.94,0.993,-1.0,-0.993,0.992,0.99,-0.979,1.0,-0.974,-0.992,-0.99,0.979,0.982,-0.99,0.996,-0.998,0.992,0.981,0.976,-0.997,9.574,5.748,10.374,10.316,10.37,10.402,10.379,10.327,7.465,6.057,10.345,10.321,7.936,7.77,10.368,10.369,EssenceCatalog/problems/csplib-prob010-SocialGolfers/params/f73f875250d6eeaf3bbe303b26557208.param
-0.991,0.949,-0.683,-0.993,-0.98,0.954,0.979,0.985,0.98,-0.979,-0.975,0.953,0.921,0.976,-0.029,-0.976,0.387,0.864,-0.43,-0.922,0.947,-0.982,-0.957,-0.622,0.981,0.998,-0.983,-0.851,0.867,0.91,-0.938,0.957,-0.57,0.983,0.834,-0.996,0.02,0.992,0.879,-0.956,-0.987,-0.994,0.984,-0.992,0.986,-0.985,0.995,-0.987,-0.995,-0.971,0.99,0.503,0.922,-0.997,0.94,-0.981,-0.917,-0.957,-0.953,-0.949,0.546,-0.977,0.984,-0.997,0.062,0.593,0.955,-0.983,-0.97,0.918,0.771,-0.95,-0.991,-0.945,-0.99,0.778,-0.973,-0.95,-0.958,0.683,-0.287,0.993,-0.997,-0.983,0.847,0.993,-0.92,0.998,-0.797,-0.978,-0.597,0.969,0.959,-0.809,0.986,-0.992,0.982,0.949,0.839,-0.988,7.53,4.384,6.427,8.868,9.408,9.347,9.274,9.425,5.944,4.871,6.554,8.854,6.491,6.438,7.256,9.107,EssenceCatalog/problems/csplib-prob010-SocialGolfers/params/ord30-5-8-6.param
-0.967,-0.98,0.959,-0.956,-0.947,0.987,-0.844,0.982,0.959,-0.975,-0.937,0.955,-0.75,0.992,-0.962,-0.467,-0.393,0.869,0.953,0.698,0.945,-0.968,-0.989,-0.747,0.993,0.362,-0.694,-0.583,-0.967,0.985,0.959,0.835,-0.926,0.924,0.192,-0.993,0.956,0.997,0.734,-0.912,-0.975,-0.994,0.574,-0.859,0.988,0.963,0.989,-0.956,-0.993,-0.934,0.987,0.826,0.962,-0.997,0.725,-0.948,-0.835,-0.8,-0.72,-0.863,-0.97,-0.963,0.883,-0.997,0.971,0.898,0.979,0.982,-0.803,0.834,0.878,-0.943,-0.913,-0.758,-0.857,-0.977,-0.984,-0.439,-0.711,0.966,-0.703,0.61,-0.997,-0.961,0.972,-0.549,-0.843,0.997,-0.96,-0.964,-0.816,0.872,0.891,-0.96,0.976,-0.987,0.895,0.897,0.876,-0.988,6.336,5.037,10.358,10.346,10.34,10.319,10.321,10.373,5.926,5.179,10.388,10.334,6.205,6.131,10.344,10.3,EssenceCatalog/problems/csplib-prob010-SocialGolfers/params/d3716ed7d25b921115647e55b82a0c0f.param
-0.974,-0.985,0.982,-0.965,-0.975,0.992,-0.925,0.982,0.972,-0.961,-0.791,0.989,-0.925,0.989,-0.963,-0.973,-0.94,0.919,0.886,0.916,0.964,-0.977,-0.987,-0.966,0.991,-0.517,-0.033,-0.746,-0.948,0.985,0.745,0.403,-0.939,0.948,-0.01,-0.996,0.971,0.998,0.852,-0.666,-0.953,-0.995,0.702,-0.297,0.994,0.972,0.98,-0.915,-0.997,-0.986,0.993,0.458,0.907,-0.996,0.94,-0.979,0.672,-0.946,-0.023,-0.934,-0.647,-0.865,0.647,-0.998,0.956,0.749,0.988,0.981,-0.864,0.846,0.894,-0.823,-0.844,-0.874,-0.906,-0.982,-0.987,-0.679,-0.915,0.951,-0.956,-0.806,-0.998,-0.865,0.985,0.784,-0.928,0.997,-0.976,-0.962,-0.874,0.951,0.881,-0.98,0.979,-0.99,0.971,0.909,0.953,-0.984,5.789,4.436,10.371,10.301,10.216,10.239,10.277,10.299,5.387,4.583,10.332,10.22,5.726,5.208,10.301,10.289,EssenceCatalog/problems/csplib-prob010-SocialGolfers/params/089c8da7fecfe2607631be91d1942a9a.param
-0.981,-0.985,0.989,-0.978,-0.977,0.993,-0.567,0.988,0.98,-0.972,-0.803,0.99,-0.962,0.987,-0.948,-0.984,-0.953,0.86,0.351,0.554,0.971,-0.984,-0.993,-0.976,0.991,0.402,-0.666,-0.776,-0.962,0.993,-0.37,0.671,-0.937,0.953,0.787,-0.997,0.957,0.998,0.923,-0.549,-0.972,-0.995,0.849,-0.638,0.997,0.967,0.985,-0.905,-0.998,-0.989,0.996,0.688,0.886,-0.997,0.942,-0.989,0.158,-0.946,-0.043,-0.925,0.505,-0.903,0.715,-0.998,0.961,0.88,0.989,0.982,-0.914,0.895,0.941,-0.803,-0.917,-0.907,-0.961,-0.982,-0.991,-0.839,-0.953,0.949,-0.966,-0.315,-0.998,-0.915,0.989,0.971,-0.943,0.997,-0.975,-0.973,-0.938,0.968,0.9,-0.987,0.981,-0.992,0.982,0.935,0.966,-0.989,7.504,4.986,10.348,10.258,10.209,10.238,10.277,10.27,6.292,5.16,10.269,10.213,6.683,6.224,10.25,10.265,EssenceCatalog/problems/csplib-prob010-SocialGolfers/params/24ba5db2410c2d9143dcbfd3630ca754.param
-0.973,-0.979,0.976,-0.965,-0.964,0.99,-0.818,0.982,0.97,-0.963,-0.783,0.982,-0.895,0.987,-0.951,-0.946,-0.856,0.868,0.84,0.79,0.958,-0.974,-0.987,-0.945,0.99,-0.027,-0.372,-0.686,-0.949,0.988,0.651,0.558,-0.921,0.928,0.311,-0.995,0.961,0.997,0.838,-0.672,-0.956,-0.994,0.725,-0.521,0.993,0.963,0.982,-0.905,-0.996,-0.979,0.991,0.635,0.905,-0.996,0.897,-0.976,0.223,-0.914,-0.134,-0.909,-0.57,-0.896,0.68,-0.998,0.957,0.816,0.983,0.975,-0.839,0.849,0.888,-0.825,-0.865,-0.838,-0.903,-0.979,-0.985,-0.61,-0.89,0.946,-0.916,-0.437,-0.998,-0.897,0.983,0.81,-0.91,0.995,-0.971,-0.958,-0.869,0.936,0.868,-0.976,0.978,-0.989,0.962,0.893,0.932,-0.985,6.34,4.684,10.371,10.303,10.221,10.254,10.286,10.326,5.722,4.844,10.325,10.233,6.079,5.657,10.292,10.275,EssenceCatalog/problems/csplib-prob010-SocialGolfers/params/6064db4c47fd9de5291bf31451b73701.param
-0.968,-0.982,0.973,-0.958,-0.963,0.99,-0.919,0.98,0.966,-0.96,-0.829,0.98,-0.866,0.99,-0.965,-0.901,-0.826,0.9,0.936,0.894,0.955,-0.971,-0.985,-0.927,0.991,-0.378,-0.129,-0.687,-0.954,0.983,0.9,0.533,-0.932,0.929,-0.12,-0.994,0.968,0.997,0.784,-0.77,-0.954,-0.994,0.615,-0.46,0.991,0.972,0.981,-0.923,-0.995,-0.974,0.99,0.607,0.929,-0.996,0.888,-0.968,0.227,-0.908,-0.245,-0.911,-0.88,-0.906,0.698,-0.998,0.962,0.784,0.983,0.981,-0.813,0.835,0.873,-0.862,-0.843,-0.811,-0.849,-0.98,-0.983,-0.515,-0.846,0.958,-0.906,-0.538,-0.998,-0.897,0.98,0.34,-0.898,0.996,-0.973,-0.954,-0.827,0.921,0.863,-0.971,0.977,-0.988,0.947,0.887,0.924,-0.985,5.716,4.529,10.364,10.298,10.227,10.238,10.265,10.305,5.409,4.675,10.349,10.235,5.733,5.328,10.307,10.273,EssenceCatalog/problems/csplib-prob010-SocialGolfers/params/125d3cb93400cb1cab423ccbf66f7096.param
-0.966,-0.979,0.958,-0.952,-0.947,0.988,-0.936,0.98,0.963,-0.966,-0.899,0.97,-0.756,0.991,-0.967,-0.669,-0.646,0.907,0.964,0.885,0.95,-0.97,-0.987,-0.833,0.993,-0.169,-0.429,-0.622,-0.954,0.978,0.967,0.708,-0.93,0.924,-0.158,-0.993,0.965,0.997,0.682,-0.87,-0.965,-0.994,0.52,-0.717,0.989,0.965,0.985,-0.945,-0.994,-0.953,0.987,0.719,0.957,-0.997,0.819,-0.954,-0.469,-0.858,-0.52,-0.893,-0.971,-0.94,0.827,-0.998,0.963,0.816,0.981,0.981,-0.788,0.832,0.867,-0.922,-0.877,-0.769,-0.828,-0.975,-0.983,-0.397,-0.772,0.964,-0.822,0.056,-0.998,-0.94,0.975,-0.474,-0.854,0.996,-0.969,-0.955,-0.764,0.883,0.873,-0.964,0.976,-0.987,0.913,0.888,0.894,-0.985,5.77,4.742,10.354,10.316,10.286,10.266,10.284,10.335,5.548,4.877,10.374,10.296,5.839,5.61,10.329,10.286,EssenceCatalog/problems/csplib-prob010-SocialGolfers/params/732a8d86ee667bc7a9b926b0aa3bd05f.param
-0.971,-0.979,0.958,-0.961,-0.953,0.987,-0.701,0.984,0.958,-0.98,-0.951,0.946,-0.747,0.993,-0.957,-0.431,-0.208,0.841,0.941,0.456,0.943,-0.969,-0.991,-0.701,0.993,0.635,-0.787,-0.608,-0.97,0.988,0.942,0.88,-0.924,0.931,0.363,-0.993,0.947,0.997,0.774,-0.934,-0.98,-0.994,0.65,-0.911,0.988,0.957,0.991,-0.964,-0.994,-0.929,0.988,0.871,0.962,-0.998,0.682,-0.949,-0.915,-0.782,-0.811,-0.856,-0.964,-0.973,0.905,-0.998,0.974,0.927,0.978,0.981,-0.82,0.846,0.889,-0.953,-0.934,-0.778,-0.884,-0.978,-0.985,-0.483,-0.695,0.966,-0.625,0.793,-0.998,-0.97,0.972,-0.474,-0.86,0.997,-0.955,-0.969,-0.849,0.876,0.905,-0.96,0.978,-0.988,0.897,0.906,0.868,-0.99,6.681,5.17,10.349,10.351,10.351,10.335,10.332,10.388,6.129,5.328,10.384,10.335,6.408,6.408,10.341,10.296,EssenceCatalog/problems/csplib-prob010-SocialGolfers/params/e08b402ba400c30c4c4c36fd8171b0ab.param
-0.992,-0.972,0.979,-0.991,-0.99,0.994,0.968,0.995,0.986,-0.991,-0.987,0.973,-0.934,0.993,-0.888,-0.945,-0.097,0.571,-0.206,-0.98,0.95,-0.988,-0.995,-0.832,0.995,0.991,-0.973,-0.896,-0.985,0.998,-0.893,0.982,-0.958,0.977,0.958,-0.998,0.789,0.998,0.971,-0.983,-0.994,-0.998,0.966,-0.988,0.992,0.91,0.999,-0.986,-0.998,-0.976,0.995,0.982,0.949,-0.999,0.773,-0.987,-0.994,-0.899,-0.974,-0.919,0.54,-0.994,0.965,-0.999,0.987,0.99,0.988,0.979,-0.967,0.954,0.975,-0.972,-0.991,-0.962,-0.986,-0.986,-0.991,-0.912,-0.895,0.976,-0.772,0.991,-0.999,-0.99,0.988,0.928,-0.971,0.999,-0.966,-0.987,-0.985,0.95,0.975,-0.986,0.994,-0.997,0.98,0.966,0.938,-0.996,9.259,5.664,10.231,10.207,10.227,10.251,10.246,10.226,7.297,5.968,10.242,10.172,7.732,7.677,10.237,10.218,EssenceCatalog/problems/csplib-prob010-SocialGolfers/params/583ff795b991937ff0e1832e4bb9f50f.param
-0.98,-0.978,0.97,-0.973,-0.967,0.989,0.096,0.987,0.965,-0.984,-0.952,0.941,-0.839,0.992,-0.937,-0.664,-0.022,0.7,0.835,-0.405,0.939,-0.972,-0.992,-0.75,0.993,0.898,-0.863,-0.671,-0.976,0.994,0.656,0.914,-0.924,0.936,0.732,-0.994,0.921,0.997,0.87,-0.935,-0.985,-0.994,0.812,-0.941,0.989,0.949,0.994,-0.965,-0.995,-0.945,0.991,0.924,0.949,-0.998,0.642,-0.964,-0.953,-0.79,-0.852,-0.858,-0.811,-0.98,0.902,-0.998,0.98,0.961,0.978,0.979,-0.864,0.869,0.919,-0.945,-0.957,-0.828,-0.927,-0.982,-0.986,-0.643,-0.736,0.967,-0.607,0.912,-0.998,-0.976,0.977,0.349,-0.902,0.997,-0.955,-0.973,-0.927,0.893,0.925,-0.967,0.983,-0.991,0.93,0.912,0.876,-0.993,7.707,5.38,10.3,10.288,10.26,10.284,10.292,10.344,6.599,5.616,10.341,10.232,6.953,7.002,10.29,10.216,EssenceCatalog/problems/csplib-prob010-SocialGolfers/params/e5d5e69ff1ded7731095209e09f6a793.param
-0.968,-0.976,0.959,-0.955,-0.95,0.987,-0.89,0.98,0.962,-0.966,-0.868,0.969,-0.773,0.99,-0.959,-0.762,-0.618,0.887,0.948,0.834,0.949,-0.968,-0.985,-0.864,0.992,-0.02,-0.422,-0.622,-0.951,0.983,0.938,0.678,-0.917,0.922,-0.039,-0.993,0.962,0.997,0.731,-0.834,-0.961,-0.994,0.579,-0.676,0.989,0.961,0.984,-0.935,-0.994,-0.959,0.987,0.701,0.944,-0.997,0.828,-0.958,-0.344,-0.867,-0.441,-0.889,-0.942,-0.933,0.782,-0.998,0.962,0.82,0.979,0.977,-0.784,0.825,0.851,-0.9,-0.87,-0.766,-0.838,-0.976,-0.981,-0.426,-0.783,0.955,-0.82,-0.01,-0.998,-0.925,0.974,-0.028,-0.866,0.996,-0.966,-0.955,-0.793,0.894,0.868,-0.961,0.976,-0.987,0.926,0.879,0.889,-0.985,5.959,4.739,10.33,10.291,10.249,10.247,10.266,10.322,5.616,4.887,10.33,10.255,5.925,5.671,10.288,10.256,EssenceCatalog/problems/csplib-prob010-SocialGolfers/params/ba2b698482522050aaf73fd66fdc10f2.param
-0.987,-0.913,0.911,-0.982,-0.971,0.99,0.677,0.991,0.972,-0.986,-0.963,0.947,-0.655,0.992,-0.889,-0.846,0.344,0.673,0.82,-0.758,0.935,-0.978,-0.988,-0.635,0.993,0.953,-0.89,-0.805,-0.927,0.993,0.398,0.924,-0.916,0.969,0.564,-0.996,0.862,0.998,0.889,-0.966,-0.986,-0.996,0.901,-0.969,0.982,0.808,0.997,-0.982,-0.997,-0.957,0.989,0.937,0.952,-0.999,0.696,-0.97,-0.96,-0.86,-0.926,-0.903,-0.787,-0.985,0.921,-0.999,0.968,0.956,0.981,0.917,-0.9,0.896,0.895,-0.969,-0.976,-0.887,-0.963,-0.963,-0.982,-0.712,-0.756,0.951,-0.483,0.946,-0.999,-0.977,0.964,0.624,-0.949,0.998,-0.948,-0.971,-0.924,0.907,0.947,-0.966,0.991,-0.995,0.958,0.918,0.856,-0.994,8.017,5.394,10.106,10.164,10.166,10.182,10.208,10.276,6.704,5.67,10.165,10.1,7.08,7.196,10.123,10.107,EssenceCatalog/problems/csplib-prob010-SocialGolfers/params/66e938838e18a90de0c9f4d8fe6642e8.param
-0.983,-0.205,0.196,-0.986,-0.992,0.993,-0.996,0.985,0.983,-0.984,-0.983,0.995,0.19,0.998,-0.987,-0.968,-0.961,0.989,0.997,0.993,0.973,-0.989,-0.992,-0.489,0.998,-0.774,0.639,-0.937,0.182,-0.008,0.991,0.099,-0.976,0.985,-0.989,-0.997,0.935,0.999,-0.032,-0.952,-0.976,-0.998,0.8,-0.562,0.996,0.45,0.99,-0.979,-0.998,-0.989,0.997,-0.667,0.975,-0.999,0.976,-0.975,0.965,-0.98,-0.713,-0.985,-0.997,-0.965,0.89,-0.999,0.425,-0.433,0.994,0.211,-0.951,0.92,0.905,-0.958,-0.954,-0.904,-0.944,-0.249,-0.996,-0.788,-0.945,0.975,-0.957,-0.628,-0.999,-0.964,0.981,-0.67,-0.963,0.999,-0.976,-0.975,0.434,0.97,0.932,-0.969,0.985,-0.996,0.978,0.976,0.978,-0.994,3.888,3.734,8.145,10.148,10.272,10.259,10.26,10.261,4.254,3.806,8.263,10.066,4.626,4.148,8.571,10.198,EssenceCatalog/problems/csplib-prob010-SocialGolfers/params/4df6c21eba1e2ad4885f8da865b76521.param
-0.969,-0.965,0.938,-0.965,-0.986,0.992,-0.992,0.982,0.971,-0.976,-0.955,0.992,-0.745,0.996,-0.989,-0.912,-0.941,0.974,0.993,0.989,0.969,-0.982,-0.99,-0.881,0.997,-0.896,0.616,-0.853,-0.885,0.893,0.992,0.389,-0.971,0.972,-0.929,-0.995,0.972,0.999,0.58,-0.936,-0.966,-0.997,0.524,-0.292,0.994,0.965,0.984,-0.967,-0.997,-0.98,0.995,0.011,0.966,-0.998,0.947,-0.965,0.846,-0.962,-0.495,-0.968,-0.993,-0.95,0.814,-0.998,0.941,0.489,0.992,0.968,-0.885,0.853,0.9,-0.943,-0.891,-0.862,-0.861,-0.956,-0.992,-0.654,-0.885,0.98,-0.951,-0.862,-0.998,-0.93,0.984,-0.845,-0.943,0.998,-0.981,-0.965,-0.465,0.954,0.898,-0.968,0.978,-0.993,0.955,0.955,0.97,-0.99,4.663,4.204,10.238,10.324,10.339,10.369,10.313,10.273,4.861,4.327,10.263,10.276,5.146,4.708,10.249,10.362,EssenceCatalog/problems/csplib-prob010-SocialGolfers/params/225ab909161cbf8b80b8d7bda964ac19.param
-0.986,0.999,-0.998,-0.994,-0.956,0.988,-0.981,0.988,0.987,-0.865,-0.981,0.991,0.996,0.985,-0.527,-0.987,-0.953,0.988,0.986,0.988,0.962,-0.992,-0.868,0.902,0.994,0.532,-0.4,-0.973,0.998,-0.989,0.922,-0.659,-0.898,0.991,-0.996,-0.998,0.461,0.999,-0.969,-0.884,-0.949,-0.998,0.966,-0.961,0.983,-0.998,0.994,-0.979,-0.998,-0.993,0.987,-0.952,0.978,-0.999,0.98,-0.981,0.979,-0.981,-0.946,-0.993,-0.993,-0.876,0.963,-0.998,-0.992,-0.991,0.99,-0.999,-0.968,0.97,0.07,-0.965,-0.987,-0.921,-0.984,0.998,-0.983,-0.874,-0.982,0.416,-0.889,0.88,-0.999,-0.962,0.688,0.917,-0.974,0.999,-0.898,-0.917,0.982,0.897,0.962,-0.883,0.987,-0.997,0.988,0.966,0.843,-0.98,3.825,3.203,4.347,9.88,10.078,9.952,10.181,10.479,3.831,3.381,4.394,9.774,4.46,3.997,5.41,9.775,EssenceCatalog/problems/csplib-prob010-SocialGolfers/params/ord14-10-9-3.param
-0.967,-0.979,0.961,-0.954,-0.969,0.989,-0.964,0.981,0.963,-0.969,-0.91,0.981,-0.769,0.993,-0.978,-0.813,-0.759,0.939,0.981,0.946,0.956,-0.971,-0.985,-0.882,0.994,-0.619,0.054,-0.732,-0.943,0.972,0.982,0.608,-0.942,0.948,-0.655,-0.994,0.971,0.998,0.703,-0.892,-0.959,-0.995,0.499,-0.534,0.989,0.973,0.984,-0.955,-0.995,-0.967,0.99,0.545,0.953,-0.997,0.881,-0.956,0.18,-0.916,-0.486,-0.928,-0.982,-0.941,0.8,-0.998,0.965,0.739,0.985,0.982,-0.804,0.823,0.854,-0.928,-0.862,-0.803,-0.822,-0.976,-0.984,-0.456,-0.796,0.966,-0.882,-0.565,-0.998,-0.917,0.974,-0.649,-0.898,0.997,-0.973,-0.956,-0.722,0.918,0.871,-0.96,0.977,-0.99,0.93,0.909,0.926,-0.987,5.175,4.445,10.34,10.305,10.3,10.277,10.28,10.304,5.163,4.586,10.367,10.273,5.457,5.108,10.328,10.307,EssenceCatalog/problems/csplib-prob010-SocialGolfers/params/ab1b2fa47e1d7f725eba11e9de5e3d56.param
-0.967,-0.982,0.961,-0.956,-0.949,0.987,-0.816,0.982,0.959,-0.976,-0.942,0.952,-0.764,0.992,-0.962,-0.434,-0.36,0.859,0.947,0.64,0.945,-0.968,-0.99,-0.74,0.993,0.456,-0.732,-0.576,-0.97,0.986,0.954,0.855,-0.927,0.922,0.298,-0.993,0.954,0.997,0.75,-0.917,-0.977,-0.994,0.592,-0.876,0.989,0.963,0.989,-0.957,-0.993,-0.931,0.987,0.842,0.961,-0.997,0.708,-0.949,-0.87,-0.788,-0.747,-0.855,-0.967,-0.967,0.891,-0.997,0.972,0.911,0.978,0.983,-0.808,0.837,0.887,-0.944,-0.919,-0.761,-0.864,-0.978,-0.985,-0.457,-0.707,0.967,-0.686,0.685,-0.997,-0.965,0.974,-0.528,-0.842,0.997,-0.959,-0.966,-0.83,0.873,0.893,-0.96,0.976,-0.987,0.893,0.9,0.877,-0.989,6.464,5.09,10.366,10.354,10.347,10.33,10.329,10.38,6.003,5.236,10.397,10.34,6.284,6.23,10.353,10.304,EssenceCatalog/problems/csplib-prob010-SocialGolfers/params/8f2a258ee368f6a01f531dfbb072157b.param
-0.981,-0.982,0.985,-0.977,-0.975,0.993,-0.546,0.988,0.979,-0.969,-0.795,0.988,-0.95,0.987,-0.946,-0.979,-0.922,0.842,0.529,0.531,0.964,-0.982,-0.991,-0.968,0.991,0.393,-0.603,-0.782,-0.956,0.993,-0.18,0.64,-0.933,0.949,0.704,-0.997,0.953,0.998,0.914,-0.594,-0.968,-0.995,0.841,-0.619,0.996,0.964,0.985,-0.911,-0.997,-0.988,0.995,0.713,0.889,-0.997,0.926,-0.987,0.098,-0.941,-0.083,-0.923,0.301,-0.901,0.699,-0.998,0.963,0.878,0.987,0.978,-0.899,0.892,0.933,-0.82,-0.909,-0.895,-0.952,-0.98,-0.989,-0.792,-0.938,0.948,-0.953,-0.298,-0.999,-0.913,0.988,0.957,-0.94,0.997,-0.974,-0.967,-0.931,0.959,0.897,-0.985,0.982,-0.992,0.979,0.922,0.957,-0.988,7.36,4.958,10.358,10.275,10.216,10.245,10.286,10.293,6.228,5.135,10.292,10.224,6.616,6.185,10.266,10.272,EssenceCatalog/problems/csplib-prob010-SocialGolfers/params/37997f0d820170f69f177ebaba8b3c0a.param
-0.992,0.983,-0.925,-0.991,-0.995,0.884,0.393,0.962,0.95,-0.995,-0.974,0.949,0.984,0.995,-0.659,-0.972,-0.175,0.974,0.874,0.62,0.982,-0.983,-0.98,-0.534,0.96,0.984,-0.934,-0.585,0.991,0.38,0.465,0.83,0.102,0.99,-0.722,-0.998,0.419,0.996,0.271,-0.855,-0.993,-0.994,0.924,-0.953,0.997,-0.994,0.994,-0.982,-0.995,-0.98,0.998,-0.965,0.926,-0.995,0.979,-0.981,0.799,-0.983,-0.748,-0.961,-0.829,-0.976,0.968,-0.997,-0.831,-0.627,0.933,-0.997,-0.938,0.533,-0.3,-0.927,-0.984,-0.844,-0.986,0.917,-0.991,-0.96,-0.987,-0.172,-0.05,0.932,-0.997,-0.956,0.549,0.988,-0.887,0.995,-0.169,-0.99,0.754,0.99,0.926,0.054,0.952,-0.99,0.988,0.971,0.894,-0.993,4.616,3.278,4.62,8.855,9.499,9.379,9.517,9.717,4.189,3.634,4.59,8.89,4.788,4.53,5.653,8.942,EssenceCatalog/problems/csplib-prob010-SocialGolfers/params/bddcd7f5093baacaef6140848ec127bb.param
-0.99,-0.991,0.994,-0.993,-0.993,0.996,0.677,0.997,0.99,-0.986,-0.933,0.996,-0.984,0.989,-0.881,-0.994,-0.983,0.888,-0.862,-0.648,0.989,-0.994,-0.997,-0.99,0.995,0.913,-0.963,-0.905,-0.98,0.997,-0.968,0.898,-0.955,0.984,0.977,-0.999,0.956,0.998,0.975,-0.801,-0.989,-0.998,0.961,-0.924,0.999,0.96,0.995,-0.958,-0.999,-0.995,0.998,0.86,0.935,-0.998,0.979,-0.996,-0.67,-0.973,-0.478,-0.95,0.975,-0.969,0.91,-0.999,0.972,0.952,0.995,0.987,-0.976,0.942,0.971,-0.864,-0.983,-0.971,-0.991,-0.982,-0.996,-0.976,-0.985,0.959,-0.989,0.694,-0.999,-0.969,0.992,0.994,-0.974,0.999,-0.979,-0.989,-0.977,0.985,0.949,-0.994,0.99,-0.996,0.993,0.978,0.987,-0.995,9.241,5.592,10.358,10.254,10.291,10.321,10.33,10.285,7.243,5.868,10.286,10.267,7.712,7.427,10.295,10.303,EssenceCatalog/problems/csplib-prob010-SocialGolfers/params/00f471a26b640d7a2cd65585bd00b169.param
-0.969,-0.982,0.963,-0.959,-0.951,0.988,-0.747,0.983,0.959,-0.979,-0.951,0.948,-0.772,0.992,-0.96,-0.401,-0.28,0.844,0.94,0.506,0.944,-0.969,-0.991,-0.715,0.993,0.598,-0.784,-0.585,-0.973,0.988,0.944,0.881,-0.928,0.925,0.409,-0.993,0.949,0.997,0.775,-0.928,-0.98,-0.994,0.63,-0.906,0.989,0.962,0.99,-0.961,-0.993,-0.927,0.988,0.872,0.963,-0.998,0.681,-0.949,-0.916,-0.773,-0.794,-0.85,-0.964,-0.971,0.904,-0.998,0.975,0.929,0.978,0.984,-0.822,0.847,0.897,-0.951,-0.93,-0.776,-0.878,-0.979,-0.985,-0.484,-0.7,0.968,-0.648,0.785,-0.998,-0.97,0.974,-0.501,-0.849,0.997,-0.957,-0.969,-0.852,0.874,0.903,-0.962,0.977,-0.987,0.892,0.904,0.873,-0.99,6.656,5.168,10.371,10.363,10.358,10.344,10.34,10.391,6.119,5.322,10.405,10.348,6.4,6.384,10.361,10.308,EssenceCatalog/problems/csplib-prob010-SocialGolfers/params/944aae2641e6f50979be0704d797e39a.param
-0.965,-0.978,0.954,-0.952,-0.951,0.987,-0.93,0.981,0.96,-0.969,-0.918,0.968,-0.729,0.992,-0.969,-0.62,-0.57,0.908,0.971,0.876,0.949,-0.968,-0.987,-0.805,0.994,-0.149,-0.438,-0.636,-0.953,0.978,0.976,0.739,-0.93,0.931,-0.262,-0.993,0.965,0.997,0.678,-0.897,-0.967,-0.994,0.507,-0.747,0.988,0.966,0.986,-0.953,-0.994,-0.948,0.986,0.728,0.96,-0.997,0.801,-0.949,-0.54,-0.856,-0.604,-0.893,-0.98,-0.95,0.849,-0.997,0.966,0.826,0.981,0.981,-0.788,0.828,0.858,-0.936,-0.886,-0.765,-0.828,-0.975,-0.983,-0.398,-0.741,0.965,-0.794,0.103,-0.998,-0.943,0.971,-0.636,-0.859,0.997,-0.966,-0.957,-0.753,0.881,0.877,-0.959,0.976,-0.988,0.906,0.895,0.892,-0.986,5.729,4.757,10.344,10.314,10.303,10.271,10.286,10.338,5.542,4.892,10.372,10.305,5.824,5.63,10.33,10.286,EssenceCatalog/problems/csplib-prob010-SocialGolfers/params/901e4178bd797b31db413085a24f2695.param
-0.97,-0.981,0.969,-0.959,-0.975,0.991,-0.964,0.982,0.966,-0.965,-0.872,0.986,-0.841,0.992,-0.976,-0.916,-0.872,0.938,0.972,0.953,0.96,-0.973,-0.985,-0.931,0.994,-0.687,0.217,-0.759,-0.942,0.974,0.96,0.478,-0.946,0.948,-0.599,-0.995,0.972,0.998,0.762,-0.834,-0.954,-0.995,0.577,-0.35,0.992,0.974,0.982,-0.942,-0.996,-0.978,0.992,0.445,0.94,-0.997,0.918,-0.966,0.567,-0.935,-0.298,-0.937,-0.953,-0.918,0.725,-0.998,0.961,0.697,0.987,0.981,-0.829,0.836,0.868,-0.892,-0.845,-0.834,-0.843,-0.978,-0.985,-0.532,-0.854,0.964,-0.926,-0.761,-0.998,-0.897,0.981,-0.138,-0.916,0.997,-0.977,-0.957,-0.771,0.935,0.867,-0.969,0.979,-0.99,0.951,0.909,0.94,-0.986,5.192,4.35,10.344,10.308,10.272,10.278,10.273,10.29,5.128,4.492,10.343,10.252,5.428,4.994,10.309,10.311,EssenceCatalog/problems/csplib-prob010-SocialGolfers/params/76303720cc216c826f0353d3d9d348ed.param
-0.973,-0.97,0.95,-0.963,-0.952,0.987,-0.577,0.983,0.958,-0.978,-0.93,0.945,-0.721,0.991,-0.944,-0.573,-0.142,0.812,0.929,0.346,0.941,-0.968,-0.989,-0.737,0.992,0.696,-0.751,-0.616,-0.959,0.988,0.905,0.848,-0.908,0.926,0.354,-0.993,0.942,0.997,0.781,-0.912,-0.977,-0.994,0.692,-0.89,0.987,0.942,0.991,-0.956,-0.994,-0.939,0.987,0.854,0.953,-0.998,0.696,-0.953,-0.866,-0.799,-0.75,-0.863,-0.939,-0.968,0.875,-0.998,0.969,0.914,0.976,0.971,-0.809,0.84,0.87,-0.939,-0.929,-0.764,-0.887,-0.974,-0.983,-0.478,-0.713,0.959,-0.623,0.756,-0.998,-0.963,0.97,-0.072,-0.873,0.996,-0.954,-0.964,-0.848,0.88,0.9,-0.958,0.979,-0.989,0.911,0.895,0.857,-0.99,6.822,5.145,10.283,10.291,10.286,10.279,10.285,10.347,6.162,5.321,10.306,10.262,6.46,6.447,10.265,10.233,EssenceCatalog/problems/csplib-prob010-SocialGolfers/params/c6c2f252f802766b936392a8f12bc21c.param
-0.968,-0.977,0.965,-0.96,-0.951,0.986,-0.706,0.981,0.958,-0.97,-0.87,0.958,-0.815,0.989,-0.949,-0.741,-0.472,0.818,0.913,0.572,0.942,-0.965,-0.987,-0.854,0.99,0.43,-0.59,-0.6,-0.961,0.989,0.861,0.746,-0.909,0.913,0.325,-0.993,0.951,0.997,0.787,-0.836,-0.967,-0.992,0.654,-0.759,0.988,0.96,0.986,-0.93,-0.994,-0.954,0.987,0.795,0.934,-0.997,0.765,-0.959,-0.626,-0.836,-0.503,-0.866,-0.881,-0.945,0.792,-0.998,0.968,0.885,0.976,0.976,-0.785,0.83,0.871,-0.896,-0.892,-0.754,-0.864,-0.977,-0.981,-0.47,-0.765,0.958,-0.761,0.367,-0.998,-0.939,0.974,0.274,-0.872,0.995,-0.961,-0.956,-0.853,0.89,0.871,-0.962,0.976,-0.987,0.924,0.88,0.88,-0.987,6.611,4.976,10.328,10.292,10.247,10.259,10.275,10.333,5.985,5.145,10.329,10.245,6.313,6.146,10.282,10.24,EssenceCatalog/problems/csplib-prob010-SocialGolfers/params/7f8c4a07dea874e133fba0f4abaf6868.param
-0.986,0.993,-0.986,-0.953,0.733,0.977,-0.184,0.98,0.954,0.632,0.709,0.979,0.993,-0.267,0.936,-0.966,0.577,0.866,0.41,0.692,0.707,-0.972,0.92,0.711,0.96,-0.182,-0.955,-0.848,0.994,0.785,0.774,-0.57,0.573,0.972,-0.95,-0.995,0.924,0.997,-0.895,-0.776,0.71,-0.994,0.842,-0.958,-0.751,-0.989,0.986,-0.964,-0.985,-0.965,-0.787,0.778,0.961,-0.998,0.84,-0.946,-0.243,-0.944,-0.832,-0.965,-0.973,0.78,0.891,-0.996,-0.762,-0.917,0.95,-0.997,-0.473,0.848,-0.953,-0.961,-0.922,-0.897,-0.968,0.879,0.005,0.442,-0.753,-0.926,0.18,0.394,-0.998,0.314,-0.841,0.967,-0.933,0.992,-0.648,0.601,0.83,-0.727,0.951,-0.795,0.977,-0.984,0.952,-0.542,-0.854,0.131,2.685,2.012,2.116,5.687,4.842,4.049,4.983,8.109,2.677,2.112,2.28,5.783,2.917,2.585,2.723,5.78,EssenceCatalog/problems/csplib-prob010-SocialGolfers/params/ord22-6-5-5.param
-0.968,-0.977,0.959,-0.962,-0.986,0.992,-0.99,0.982,0.967,-0.975,-0.947,0.992,-0.808,0.996,-0.989,-0.914,-0.929,0.97,0.992,0.986,0.966,-0.978,-0.988,-0.912,0.996,-0.901,0.639,-0.845,-0.918,0.933,0.991,0.427,-0.966,0.971,-0.917,-0.995,0.975,0.998,0.688,-0.933,-0.962,-0.996,0.492,-0.218,0.993,0.976,0.982,-0.964,-0.996,-0.98,0.995,0.101,0.959,-0.998,0.943,-0.965,0.828,-0.96,-0.464,-0.965,-0.991,-0.945,0.792,-0.998,0.959,0.591,0.991,0.979,-0.87,0.833,0.891,-0.941,-0.87,-0.857,-0.844,-0.971,-0.99,-0.644,-0.864,0.978,-0.948,-0.89,-0.998,-0.916,0.983,-0.84,-0.94,0.998,-0.981,-0.963,-0.598,0.952,0.892,-0.966,0.976,-0.992,0.951,0.948,0.967,-0.989,4.712,4.216,10.305,10.329,10.335,10.36,10.301,10.27,4.885,4.349,10.328,10.28,5.172,4.73,10.306,10.367,EssenceCatalog/problems/csplib-prob010-SocialGolfers/params/08871f5ff5f58d3fcf42a99938acec28.param
-0.975,-0.954,0.942,-0.967,-0.959,0.987,-0.397,0.984,0.959,-0.974,-0.884,0.952,-0.721,0.99,-0.937,-0.798,-0.187,0.778,0.924,0.261,0.934,-0.964,-0.985,-0.808,0.99,0.648,-0.583,-0.67,-0.932,0.988,0.822,0.76,-0.899,0.933,0.147,-0.993,0.932,0.997,0.809,-0.874,-0.97,-0.993,0.742,-0.805,0.985,0.928,0.988,-0.945,-0.994,-0.956,0.988,0.799,0.928,-0.998,0.745,-0.958,-0.648,-0.856,-0.607,-0.882,-0.883,-0.956,0.798,-0.998,0.964,0.884,0.974,0.951,-0.802,0.832,0.851,-0.912,-0.92,-0.768,-0.893,-0.968,-0.98,-0.501,-0.741,0.948,-0.676,0.484,-0.998,-0.943,0.965,0.394,-0.905,0.995,-0.954,-0.953,-0.853,0.893,0.886,-0.954,0.981,-0.99,0.936,0.881,0.868,-0.989,6.816,5.011,10.216,10.222,10.204,10.205,10.227,10.294,6.078,5.21,10.225,10.174,6.405,6.322,10.184,10.165,EssenceCatalog/problems/csplib-prob010-SocialGolfers/params/f9dd5127760719e8019633d7e246d7e8.param
-0.97,-0.982,0.973,-0.958,-0.962,0.99,-0.917,0.98,0.965,-0.96,-0.818,0.981,-0.865,0.989,-0.963,-0.909,-0.83,0.902,0.93,0.895,0.956,-0.971,-0.985,-0.93,0.991,-0.371,-0.167,-0.682,-0.952,0.984,0.891,0.535,-0.929,0.929,-0.087,-0.994,0.968,0.998,0.783,-0.752,-0.952,-0.994,0.619,-0.464,0.991,0.97,0.982,-0.921,-0.995,-0.975,0.99,0.595,0.926,-0.996,0.893,-0.969,0.263,-0.911,-0.227,-0.911,-0.867,-0.902,0.697,-0.998,0.96,0.778,0.983,0.98,-0.813,0.83,0.865,-0.857,-0.843,-0.815,-0.857,-0.98,-0.983,-0.523,-0.855,0.953,-0.907,-0.551,-0.998,-0.893,0.98,0.426,-0.896,0.996,-0.973,-0.954,-0.825,0.922,0.863,-0.971,0.977,-0.988,0.949,0.885,0.923,-0.984,5.749,4.529,10.356,10.293,10.221,10.235,10.265,10.306,5.421,4.676,10.337,10.229,5.749,5.335,10.296,10.267,EssenceCatalog/problems/csplib-prob010-SocialGolfers/params/2be1d0da5e02ccc5987c37ec757830e0.param
-0.969,-0.98,0.968,-0.957,-0.957,0.99,-0.93,0.981,0.965,-0.96,-0.834,0.979,-0.832,0.99,-0.964,-0.872,-0.793,0.907,0.946,0.903,0.955,-0.971,-0.984,-0.911,0.992,-0.375,-0.205,-0.672,-0.95,0.982,0.928,0.56,-0.93,0.93,-0.171,-0.994,0.969,0.998,0.747,-0.791,-0.953,-0.994,0.587,-0.521,0.99,0.969,0.983,-0.93,-0.995,-0.971,0.988,0.623,0.937,-0.997,0.88,-0.966,0.112,-0.903,-0.298,-0.909,-0.919,-0.909,0.733,-0.998,0.961,0.774,0.983,0.98,-0.8,0.831,0.859,-0.878,-0.849,-0.803,-0.843,-0.979,-0.982,-0.472,-0.833,0.955,-0.891,-0.46,-0.998,-0.902,0.978,0.182,-0.888,0.996,-0.973,-0.951,-0.802,0.911,0.865,-0.969,0.977,-0.988,0.942,0.881,0.913,-0.984,5.674,4.55,10.35,10.295,10.232,10.236,10.265,10.31,5.405,4.693,10.343,10.24,5.721,5.345,10.299,10.269,EssenceCatalog/problems/csplib-prob010-SocialGolfers/params/23b076e8a3e21c14230e6b2bb8d8e305.param
-0.983,-0.868,0.858,-0.978,-0.958,0.989,0.294,0.989,0.966,-0.978,-0.923,0.949,-0.484,0.99,-0.892,-0.848,0.301,0.742,0.92,-0.345,0.923,-0.972,-0.981,-0.649,0.991,0.862,-0.74,-0.788,-0.857,0.988,0.743,0.817,-0.894,0.964,-0.001,-0.995,0.895,0.998,0.826,-0.942,-0.974,-0.995,0.852,-0.926,0.975,0.788,0.994,-0.973,-0.996,-0.956,0.984,0.876,0.943,-0.999,0.729,-0.962,-0.839,-0.873,-0.84,-0.91,-0.905,-0.971,0.866,-0.999,0.954,0.898,0.977,0.86,-0.849,0.861,0.817,-0.956,-0.957,-0.833,-0.94,-0.945,-0.975,-0.56,-0.708,0.928,-0.487,0.79,-0.999,-0.955,0.944,0.492,-0.942,0.997,-0.946,-0.949,-0.856,0.884,0.926,-0.955,0.989,-0.994,0.953,0.883,0.828,-0.991,7.267,5.135,9.984,10.07,10.106,10.086,10.124,10.221,6.295,5.381,10.024,10.027,6.632,6.717,9.989,10.014,EssenceCatalog/problems/csplib-prob010-SocialGolfers/params/e40d8ff55e66367a05c56fd56712a09f.param
-0.97,-0.987,0.98,-0.96,-0.977,0.992,-0.965,0.981,0.967,-0.964,-0.844,0.989,-0.909,0.992,-0.977,-0.951,-0.933,0.939,0.955,0.957,0.965,-0.974,-0.987,-0.956,0.993,-0.729,0.224,-0.745,-0.954,0.98,0.926,0.424,-0.949,0.948,-0.42,-0.995,0.975,0.998,0.806,-0.775,-0.955,-0.995,0.595,-0.23,0.993,0.979,0.98,-0.931,-0.996,-0.982,0.993,0.4,0.928,-0.996,0.934,-0.973,0.697,-0.944,-0.142,-0.938,-0.899,-0.898,0.681,-0.998,0.964,0.721,0.988,0.986,-0.844,0.828,0.885,-0.855,-0.832,-0.852,-0.861,-0.983,-0.987,-0.626,-0.889,0.963,-0.948,-0.84,-0.998,-0.882,0.984,0.267,-0.92,0.997,-0.978,-0.962,-0.826,0.947,0.87,-0.975,0.978,-0.989,0.961,0.914,0.952,-0.985,5.316,4.336,10.371,10.311,10.246,10.268,10.273,10.283,5.168,4.477,10.354,10.237,5.478,4.989,10.316,10.307,EssenceCatalog/problems/csplib-prob010-SocialGolfers/params/fc84ec99d0ebe9fffe06012d98098ccc.param
-0.973,-0.971,0.955,-0.963,-0.973,0.991,-0.945,0.983,0.967,-0.965,-0.871,0.984,-0.776,0.992,-0.97,-0.912,-0.774,0.935,0.978,0.933,0.952,-0.972,-0.983,-0.914,0.994,-0.603,0.216,-0.786,-0.922,0.974,0.964,0.45,-0.934,0.956,-0.699,-0.995,0.968,0.998,0.777,-0.87,-0.952,-0.995,0.605,-0.425,0.988,0.963,0.984,-0.95,-0.996,-0.976,0.99,0.47,0.94,-0.998,0.906,-0.962,0.487,-0.936,-0.342,-0.94,-0.967,-0.915,0.736,-0.998,0.961,0.697,0.986,0.972,-0.816,0.833,0.845,-0.915,-0.854,-0.83,-0.85,-0.975,-0.981,-0.49,-0.818,0.958,-0.9,-0.722,-0.998,-0.885,0.974,-0.205,-0.926,0.997,-0.972,-0.95,-0.77,0.926,0.879,-0.965,0.982,-0.992,0.95,0.895,0.925,-0.987,5.178,4.354,10.303,10.284,10.26,10.255,10.255,10.283,5.124,4.499,10.306,10.237,5.414,5.016,10.276,10.29,EssenceCatalog/problems/csplib-prob010-SocialGolfers/params/18823fc893c9e838fa8081d12750e170.param
-0.989,0.992,-0.965,-0.992,-0.988,0.984,-0.95,0.982,0.992,-0.984,-0.988,0.984,0.981,0.996,-0.953,-0.975,-0.872,0.986,0.982,0.945,0.962,-0.99,-0.992,0.276,0.997,0.889,-0.481,-0.896,0.98,-0.853,0.716,0.686,-0.942,0.98,-0.966,-0.998,0.694,0.999,0.011,-0.902,-0.989,-0.996,0.953,-0.95,0.997,-0.983,0.991,-0.968,-0.998,-0.988,0.998,-0.854,0.969,-0.999,0.97,-0.974,0.809,-0.957,-0.879,-0.976,-0.972,-0.98,0.936,-0.998,-0.926,-0.889,0.984,-0.983,-0.966,0.967,0.925,-0.95,-0.983,-0.934,-0.982,0.975,-0.995,-0.8,-0.974,0.893,-0.889,0.938,-0.999,-0.991,0.983,0.852,-0.928,0.998,-0.913,-0.986,0.841,0.977,0.924,-0.944,0.986,-0.995,0.985,0.975,0.942,-0.996,4.496,3.607,5.235,10.292,10.609,10.477,10.617,10.797,4.392,3.839,5.251,10.23,4.933,4.544,6.301,10.24,EssenceCatalog/problems/csplib-prob010-SocialGolfers/params/254673ac52b9cbea3365cbec6dbea253.param
-0.978,-0.942,0.914,-0.969,-0.952,0.987,-0.317,0.986,0.957,-0.979,-0.925,0.946,-0.585,0.991,-0.925,-0.678,0.169,0.795,0.943,0.142,0.933,-0.969,-0.985,-0.666,0.992,0.756,-0.74,-0.706,-0.925,0.988,0.906,0.829,-0.888,0.947,0.068,-0.994,0.932,0.997,0.767,-0.933,-0.973,-0.994,0.754,-0.91,0.98,0.899,0.993,-0.966,-0.995,-0.944,0.984,0.86,0.952,-0.998,0.704,-0.952,-0.857,-0.836,-0.809,-0.891,-0.953,-0.97,0.876,-0.998,0.965,0.899,0.975,0.943,-0.808,0.839,0.816,-0.953,-0.941,-0.783,-0.908,-0.963,-0.977,-0.465,-0.681,0.943,-0.517,0.759,-0.999,-0.957,0.952,0.007,-0.909,0.996,-0.947,-0.957,-0.833,0.869,0.914,-0.952,0.983,-0.991,0.922,0.885,0.822,-0.99,6.82,5.098,10.127,10.177,10.199,10.175,10.193,10.276,6.131,5.294,10.159,10.15,6.42,6.47,10.121,10.118,EssenceCatalog/problems/csplib-prob010-SocialGolfers/params/262fa177152cb3e59c151aac6a8b8119.param
-0.977,-0.989,0.99,-0.972,-0.974,0.992,-0.69,0.987,0.975,-0.969,-0.789,0.987,-0.963,0.987,-0.957,-0.97,-0.932,0.849,0.57,0.626,0.968,-0.98,-0.992,-0.968,0.991,0.228,-0.604,-0.73,-0.972,0.994,0.051,0.657,-0.935,0.942,0.708,-0.996,0.963,0.997,0.907,-0.604,-0.968,-0.995,0.787,-0.596,0.996,0.978,0.985,-0.906,-0.997,-0.986,0.995,0.73,0.899,-0.996,0.917,-0.986,0.001,-0.931,-0.05,-0.915,0.159,-0.906,0.704,-0.998,0.972,0.89,0.988,0.988,-0.886,0.87,0.928,-0.814,-0.896,-0.881,-0.938,-0.985,-0.99,-0.786,-0.927,0.954,-0.95,-0.339,-0.998,-0.916,0.987,0.925,-0.929,0.997,-0.974,-0.969,-0.929,0.957,0.885,-0.984,0.979,-0.991,0.974,0.922,0.957,-0.988,7.177,4.94,10.422,10.316,10.243,10.278,10.317,10.329,6.156,5.103,10.364,10.26,6.538,6.1,10.327,10.305,EssenceCatalog/problems/csplib-prob010-SocialGolfers/params/d6a844cbf1fd19c1b8da0406eaaa081e.param
-0.98,-0.975,0.963,-0.973,-0.966,0.989,0.015,0.987,0.963,-0.985,-0.961,0.941,-0.801,0.993,-0.939,-0.596,0.039,0.735,0.868,-0.341,0.941,-0.974,-0.992,-0.695,0.993,0.898,-0.88,-0.683,-0.973,0.994,0.767,0.923,-0.922,0.942,0.67,-0.994,0.921,0.997,0.855,-0.948,-0.985,-0.995,0.804,-0.954,0.988,0.942,0.995,-0.971,-0.995,-0.939,0.99,0.927,0.957,-0.998,0.636,-0.961,-0.964,-0.785,-0.886,-0.864,-0.883,-0.983,0.919,-0.998,0.979,0.96,0.979,0.977,-0.867,0.872,0.912,-0.957,-0.961,-0.832,-0.932,-0.98,-0.986,-0.622,-0.727,0.966,-0.553,0.929,-0.999,-0.979,0.975,0.139,-0.904,0.997,-0.954,-0.974,-0.914,0.892,0.93,-0.966,0.984,-0.991,0.923,0.917,0.867,-0.993,7.552,5.37,10.301,10.301,10.283,10.299,10.304,10.36,6.542,5.595,10.349,10.253,6.877,6.951,10.297,10.229,EssenceCatalog/problems/csplib-prob010-SocialGolfers/params/f344fa1f8ffb43b04caaea4e767c1b57.param
-0.97,-0.976,0.961,-0.96,-0.969,0.99,-0.946,0.982,0.965,-0.965,-0.872,0.982,-0.792,0.992,-0.971,-0.883,-0.77,0.928,0.973,0.929,0.954,-0.971,-0.983,-0.906,0.993,-0.55,0.079,-0.744,-0.936,0.976,0.964,0.522,-0.934,0.947,-0.583,-0.994,0.969,0.998,0.748,-0.855,-0.954,-0.995,0.576,-0.466,0.989,0.968,0.983,-0.946,-0.995,-0.973,0.99,0.527,0.942,-0.997,0.894,-0.961,0.341,-0.923,-0.369,-0.929,-0.963,-0.924,0.745,-0.998,0.962,0.723,0.985,0.977,-0.806,0.83,0.846,-0.907,-0.854,-0.814,-0.838,-0.976,-0.982,-0.472,-0.817,0.959,-0.892,-0.63,-0.998,-0.898,0.975,-0.223,-0.91,0.997,-0.972,-0.953,-0.768,0.921,0.87,-0.964,0.98,-0.99,0.943,0.895,0.921,-0.986,5.276,4.413,10.318,10.286,10.26,10.25,10.26,10.289,5.187,4.557,10.324,10.242,5.483,5.101,10.289,10.282,EssenceCatalog/problems/csplib-prob010-SocialGolfers/params/0d14aa69838f7281a2304f6ce644ae16.param
-0.965,-0.979,0.958,-0.953,-0.95,0.987,-0.902,0.981,0.959,-0.972,-0.927,0.962,-0.743,0.992,-0.966,-0.548,-0.513,0.891,0.962,0.817,0.948,-0.968,-0.988,-0.787,0.993,0.094,-0.57,-0.597,-0.961,0.981,0.968,0.79,-0.928,0.924,-0.024,-0.993,0.961,0.997,0.705,-0.898,-0.971,-0.994,0.533,-0.797,0.989,0.965,0.987,-0.952,-0.994,-0.942,0.987,0.767,0.959,-0.997,0.772,-0.949,-0.695,-0.828,-0.644,-0.876,-0.974,-0.957,0.861,-0.997,0.967,0.861,0.979,0.982,-0.794,0.828,0.869,-0.935,-0.896,-0.755,-0.841,-0.975,-0.984,-0.42,-0.732,0.965,-0.76,0.355,-0.997,-0.953,0.973,-0.581,-0.845,0.996,-0.963,-0.962,-0.782,0.88,0.879,-0.958,0.975,-0.987,0.901,0.897,0.888,-0.987,6.023,4.894,10.356,10.334,10.324,10.299,10.307,10.357,5.728,5.03,10.384,10.323,6.01,5.868,10.341,10.296,EssenceCatalog/problems/csplib-prob010-SocialGolfers/params/695ab9a28e561b774abe42c393846893.param
-0.988,-0.984,0.991,-0.988,-0.986,0.995,-0.018,0.993,0.984,-0.975,-0.844,0.993,-0.971,0.986,-0.903,-0.994,-0.973,0.874,-0.276,0.146,0.981,-0.989,-0.995,-0.988,0.99,0.665,-0.857,-0.839,-0.953,0.996,-0.832,0.733,-0.941,0.976,0.901,-0.998,0.95,0.998,0.955,-0.586,-0.975,-0.997,0.899,-0.752,0.998,0.948,0.99,-0.939,-0.998,-0.993,0.997,0.696,0.904,-0.998,0.971,-0.994,0.032,-0.97,-0.038,-0.945,0.848,-0.885,0.801,-0.999,0.962,0.909,0.992,0.973,-0.941,0.9,0.944,-0.842,-0.954,-0.948,-0.981,-0.979,-0.992,-0.941,-0.971,0.932,-0.98,-0.171,-0.999,-0.919,0.987,0.991,-0.967,0.999,-0.971,-0.978,-0.963,0.98,0.933,-0.99,0.985,-0.995,0.99,0.951,0.978,-0.99,8.217,5.169,10.263,10.148,10.136,10.16,10.206,10.176,6.631,5.378,10.176,10.128,7.059,6.621,10.163,10.172,EssenceCatalog/problems/csplib-prob010-SocialGolfers/params/01f21e040ec1b1ecf88a83115761c23a.param
-0.971,-0.978,0.957,-0.962,-0.955,0.987,-0.673,0.984,0.958,-0.98,-0.951,0.946,-0.743,0.993,-0.956,-0.451,-0.184,0.837,0.941,0.424,0.943,-0.969,-0.991,-0.702,0.993,0.653,-0.782,-0.614,-0.968,0.989,0.94,0.879,-0.922,0.932,0.348,-0.993,0.946,0.997,0.778,-0.935,-0.98,-0.994,0.659,-0.911,0.988,0.956,0.991,-0.964,-0.994,-0.93,0.988,0.869,0.961,-0.998,0.68,-0.949,-0.912,-0.785,-0.813,-0.859,-0.963,-0.974,0.904,-0.998,0.974,0.927,0.978,0.98,-0.82,0.845,0.887,-0.953,-0.935,-0.777,-0.886,-0.977,-0.985,-0.488,-0.695,0.966,-0.617,0.794,-0.998,-0.97,0.971,-0.45,-0.864,0.997,-0.954,-0.969,-0.85,0.879,0.905,-0.959,0.978,-0.988,0.898,0.907,0.868,-0.991,6.701,5.171,10.341,10.345,10.346,10.33,10.328,10.384,6.136,5.332,10.376,10.328,6.416,6.421,10.333,10.289,EssenceCatalog/problems/csplib-prob010-SocialGolfers/params/f7e500426340b7795a46ea6da0d75591.param
-0.972,-0.981,0.963,-0.964,-0.955,0.988,-0.626,0.984,0.959,-0.981,-0.956,0.945,-0.773,0.993,-0.955,-0.41,-0.183,0.825,0.928,0.322,0.943,-0.97,-0.991,-0.693,0.993,0.716,-0.829,-0.607,-0.974,0.99,0.927,0.899,-0.926,0.931,0.498,-0.993,0.944,0.997,0.794,-0.938,-0.982,-0.994,0.678,-0.928,0.989,0.958,0.992,-0.965,-0.994,-0.928,0.988,0.893,0.963,-0.998,0.662,-0.951,-0.94,-0.769,-0.836,-0.85,-0.956,-0.976,0.914,-0.998,0.976,0.94,0.978,0.983,-0.834,0.853,0.9,-0.955,-0.941,-0.789,-0.894,-0.979,-0.986,-0.517,-0.702,0.968,-0.608,0.851,-0.998,-0.974,0.974,-0.413,-0.861,0.997,-0.955,-0.971,-0.868,0.877,0.912,-0.962,0.979,-0.988,0.897,0.908,0.868,-0.991,6.863,5.234,10.363,10.359,10.354,10.345,10.341,10.395,6.231,5.399,10.4,10.338,6.516,6.535,10.354,10.299,EssenceCatalog/problems/csplib-prob010-SocialGolfers/params/23714b811957d071e4e9cfb7b3ec1c58.param
-0.97,-0.979,0.971,-0.963,-0.954,0.987,-0.589,0.982,0.958,-0.968,-0.855,0.96,-0.855,0.989,-0.949,-0.807,-0.483,0.788,0.895,0.449,0.938,-0.965,-0.987,-0.871,0.99,0.471,-0.573,-0.629,-0.962,0.991,0.793,0.731,-0.909,0.918,0.369,-0.992,0.949,0.997,0.816,-0.824,-0.967,-0.992,0.695,-0.738,0.987,0.964,0.986,-0.929,-0.994,-0.959,0.987,0.812,0.924,-0.997,0.763,-0.963,-0.61,-0.854,-0.469,-0.873,-0.82,-0.942,0.771,-0.998,0.973,0.899,0.977,0.978,-0.79,0.827,0.877,-0.888,-0.897,-0.77,-0.875,-0.98,-0.981,-0.524,-0.773,0.957,-0.772,0.312,-0.998,-0.935,0.974,0.428,-0.887,0.995,-0.962,-0.954,-0.881,0.892,0.876,-0.964,0.977,-0.988,0.933,0.877,0.886,-0.988,6.775,4.997,10.34,10.289,10.231,10.25,10.272,10.329,6.052,5.176,10.339,10.231,6.394,6.217,10.287,10.233,EssenceCatalog/problems/csplib-prob010-SocialGolfers/params/79e19902e87ce4875c69f897f13b1c8c.param
-0.97,-0.979,0.957,-0.96,-0.951,0.987,-0.758,0.983,0.959,-0.978,-0.949,0.949,-0.74,0.992,-0.959,-0.421,-0.248,0.852,0.947,0.545,0.943,-0.969,-0.99,-0.702,0.993,0.562,-0.769,-0.602,-0.969,0.987,0.952,0.872,-0.925,0.93,0.3,-0.993,0.95,0.997,0.757,-0.932,-0.979,-0.994,0.626,-0.903,0.988,0.958,0.991,-0.963,-0.994,-0.929,0.987,0.863,0.963,-0.998,0.69,-0.948,-0.903,-0.785,-0.798,-0.858,-0.969,-0.971,0.904,-0.998,0.973,0.92,0.978,0.982,-0.816,0.843,0.885,-0.953,-0.929,-0.775,-0.876,-0.977,-0.985,-0.466,-0.693,0.966,-0.639,0.757,-0.998,-0.968,0.971,-0.541,-0.855,0.997,-0.956,-0.968,-0.838,0.872,0.903,-0.96,0.978,-0.988,0.893,0.903,0.869,-0.99,6.562,5.134,10.349,10.35,10.353,10.332,10.33,10.385,6.065,5.286,10.384,10.339,6.34,6.326,10.341,10.299,EssenceCatalog/problems/csplib-prob010-SocialGolfers/params/006621baf634946c7cc2fa2d08c62eee.param
-0.968,-0.986,0.981,-0.96,-0.968,0.99,-0.914,0.98,0.968,-0.962,-0.808,0.984,-0.916,0.989,-0.967,-0.94,-0.904,0.896,0.891,0.89,0.961,-0.974,-0.988,-0.949,0.991,-0.374,-0.165,-0.679,-0.96,0.985,0.802,0.519,-0.936,0.929,0.124,-0.995,0.968,0.997,0.823,-0.696,-0.957,-0.994,0.654,-0.41,0.993,0.976,0.98,-0.909,-0.996,-0.979,0.992,0.582,0.916,-0.996,0.909,-0.975,0.366,-0.918,-0.11,-0.914,-0.727,-0.897,0.672,-0.998,0.962,0.799,0.985,0.985,-0.84,0.84,0.898,-0.823,-0.844,-0.836,-0.878,-0.982,-0.987,-0.62,-0.889,0.959,-0.933,-0.621,-0.998,-0.896,0.984,0.637,-0.906,0.996,-0.975,-0.961,-0.859,0.939,0.861,-0.977,0.976,-0.988,0.958,0.902,0.942,-0.985,5.92,4.549,10.4,10.315,10.226,10.254,10.284,10.316,5.495,4.696,10.369,10.24,5.838,5.379,10.328,10.291,EssenceCatalog/problems/csplib-prob010-SocialGolfers/params/38c974144705c1a4f08e71e1e6937288.param
-0.989,0.983,-0.959,-0.983,-0.988,0.752,0.73,0.957,0.872,-0.99,-0.964,0.931,0.988,0.985,-0.323,-0.936,0.503,0.957,0.87,0.446,0.975,-0.966,-0.86,-0.285,0.921,0.968,-0.971,-0.614,0.992,0.591,0.754,0.853,0.654,0.988,-0.911,-0.996,0.71,0.993,-0.396,-0.895,-0.977,-0.992,0.914,-0.961,0.978,-0.993,0.994,-0.986,-0.992,-0.968,0.99,-0.908,0.915,-0.993,0.962,-0.967,0.726,-0.98,-0.862,-0.935,-0.934,-0.969,0.968,-0.996,-0.817,-0.809,0.878,-0.996,-0.893,0.262,-0.863,-0.951,-0.982,-0.791,-0.984,0.898,-0.972,-0.918,-0.964,-0.795,0.482,0.878,-0.996,-0.866,-0.445,0.949,-0.903,0.992,0.32,-0.977,0.902,0.969,0.945,0.692,0.924,-0.983,0.972,0.928,0.711,-0.984,4.029,2.881,3.739,7.952,8.709,8.548,8.746,9.064,3.692,3.246,3.668,8.005,4.284,4.124,4.764,8.034,EssenceCatalog/problems/csplib-prob010-SocialGolfers/params/d0c7e3cc520ed892d61aba7cb60026b2.param
-0.965,-0.982,0.966,-0.955,-0.977,0.99,-0.981,0.981,0.964,-0.971,-0.927,0.987,-0.809,0.994,-0.984,-0.851,-0.861,0.954,0.986,0.971,0.961,-0.974,-0.987,-0.902,0.995,-0.791,0.316,-0.772,-0.944,0.963,0.987,0.559,-0.956,0.956,-0.779,-0.994,0.974,0.998,0.701,-0.905,-0.96,-0.995,0.465,-0.407,0.991,0.978,0.982,-0.958,-0.995,-0.972,0.992,0.426,0.957,-0.997,0.909,-0.96,0.483,-0.934,-0.468,-0.943,-0.986,-0.943,0.798,-0.998,0.967,0.703,0.988,0.985,-0.83,0.828,0.874,-0.932,-0.857,-0.821,-0.817,-0.977,-0.987,-0.525,-0.824,0.973,-0.918,-0.748,-0.998,-0.917,0.979,-0.766,-0.912,0.997,-0.978,-0.959,-0.693,0.931,0.876,-0.964,0.977,-0.99,0.936,0.927,0.948,-0.987,4.958,4.343,10.355,10.323,10.32,10.316,10.289,10.294,5.035,4.483,10.381,10.285,5.33,4.93,10.344,10.342,EssenceCatalog/problems/csplib-prob010-SocialGolfers/params/59aeba69de76c00781c110cb6908ec96.param
-0.984,-0.98,0.985,-0.982,-0.977,0.994,-0.392,0.991,0.983,-0.968,-0.8,0.991,-0.956,0.986,-0.932,-0.986,-0.94,0.858,0.315,0.423,0.969,-0.986,-0.992,-0.974,0.992,0.499,-0.71,-0.825,-0.953,0.994,-0.46,0.655,-0.938,0.963,0.77,-0.997,0.954,0.998,0.926,-0.617,-0.969,-0.996,0.878,-0.692,0.996,0.958,0.988,-0.925,-0.998,-0.99,0.995,0.762,0.9,-0.997,0.941,-0.99,0.017,-0.953,-0.108,-0.936,0.546,-0.89,0.743,-0.999,0.965,0.885,0.99,0.975,-0.919,0.909,0.942,-0.842,-0.928,-0.919,-0.966,-0.979,-0.99,-0.84,-0.951,0.945,-0.961,-0.24,-0.999,-0.917,0.988,0.974,-0.955,0.998,-0.977,-0.968,-0.941,0.965,0.913,-0.988,0.985,-0.994,0.984,0.931,0.964,-0.989,7.713,5.065,10.36,10.273,10.228,10.249,10.298,10.299,6.409,5.251,10.286,10.237,6.809,6.381,10.264,10.282,EssenceCatalog/problems/csplib-prob010-SocialGolfers/params/9485de5d90e13572633ed46dfdef5978.param
-0.989,0.999,-0.997,-0.994,-0.979,0.985,-0.983,0.987,0.989,-0.943,-0.988,0.989,0.996,0.992,-0.864,-0.981,-0.95,0.99,0.988,0.986,0.968,-0.993,-0.967,0.861,0.996,0.766,-0.492,-0.962,0.998,-0.985,0.902,-0.161,-0.939,0.989,-0.994,-0.999,0.38,1.0,-0.933,-0.903,-0.976,-0.998,0.97,-0.963,0.993,-0.997,0.993,-0.978,-0.998,-0.993,0.996,-0.949,0.981,-0.999,0.98,-0.978,0.961,-0.977,-0.937,-0.99,-0.992,-0.958,0.963,-0.998,-0.988,-0.984,0.989,-0.998,-0.971,0.977,0.645,-0.963,-0.989,-0.933,-0.984,0.997,-0.99,-0.86,-0.981,0.711,-0.888,0.924,-0.998,-0.983,0.927,0.874,-0.963,0.999,-0.927,-0.969,0.976,0.948,0.956,-0.909,0.986,-0.996,0.986,0.976,0.903,-0.991,4.071,3.381,4.654,10.179,10.39,10.268,10.47,10.707,4.061,3.583,4.705,10.056,4.664,4.242,5.732,10.061,EssenceCatalog/problems/csplib-prob010-SocialGolfers/params/f4d7e104cc8bcfb99348f47ca4190fdf.param
-0.974,-0.948,0.937,-0.97,-0.969,0.989,-0.713,0.983,0.964,-0.971,-0.861,0.973,-0.726,0.991,-0.95,-0.908,-0.522,0.869,0.958,0.697,0.938,-0.968,-0.984,-0.893,0.991,0.11,-0.126,-0.747,-0.899,0.981,0.878,0.574,-0.906,0.945,-0.379,-0.994,0.947,0.998,0.836,-0.849,-0.962,-0.994,0.722,-0.589,0.986,0.931,0.986,-0.944,-0.995,-0.972,0.989,0.595,0.918,-0.997,0.851,-0.962,0.1,-0.914,-0.404,-0.923,-0.916,-0.933,0.733,-0.998,0.954,0.793,0.979,0.943,-0.81,0.832,0.846,-0.904,-0.888,-0.787,-0.887,-0.968,-0.979,-0.503,-0.804,0.946,-0.826,-0.306,-0.999,-0.905,0.969,0.401,-0.927,0.996,-0.959,-0.95,-0.824,0.923,0.878,-0.961,0.982,-0.992,0.951,0.881,0.907,-0.989,5.922,4.595,10.265,10.268,10.243,10.237,10.262,10.32,5.53,4.78,10.244,10.222,5.848,5.561,10.225,10.24,EssenceCatalog/problems/csplib-prob010-SocialGolfers/params/7482b3fb54ebd72f9ccb3e9b21b4ac87.param
-0.982,-0.982,0.987,-0.979,-0.981,0.994,-0.627,0.989,0.982,-0.971,-0.813,0.991,-0.956,0.988,-0.948,-0.988,-0.96,0.882,0.473,0.635,0.971,-0.984,-0.993,-0.978,0.991,0.283,-0.568,-0.8,-0.95,0.991,-0.308,0.606,-0.942,0.96,0.686,-0.997,0.956,0.998,0.925,-0.57,-0.971,-0.996,0.853,-0.578,0.997,0.96,0.985,-0.914,-0.998,-0.99,0.996,0.617,0.892,-0.997,0.952,-0.989,0.379,-0.956,-0.007,-0.936,0.409,-0.892,0.71,-0.998,0.955,0.854,0.99,0.977,-0.917,0.901,0.941,-0.815,-0.917,-0.915,-0.962,-0.978,-0.991,-0.846,-0.954,0.95,-0.97,-0.484,-0.999,-0.911,0.989,0.971,-0.952,0.998,-0.975,-0.973,-0.935,0.971,0.904,-0.987,0.983,-0.993,0.984,0.938,0.97,-0.989,7.255,4.883,10.356,10.279,10.226,10.254,10.295,10.29,6.148,5.056,10.277,10.23,6.532,6.046,10.262,10.288,EssenceCatalog/problems/csplib-prob010-SocialGolfers/params/02cc660730808145e7245df4c8f0a6c7.param
-0.965,-0.98,0.958,-0.952,-0.953,0.987,-0.927,0.98,0.959,-0.97,-0.918,0.967,-0.745,0.992,-0.97,-0.626,-0.574,0.906,0.969,0.873,0.95,-0.968,-0.987,-0.818,0.993,-0.146,-0.429,-0.629,-0.956,0.979,0.974,0.742,-0.929,0.929,-0.231,-0.993,0.965,0.997,0.69,-0.893,-0.967,-0.994,0.507,-0.735,0.989,0.968,0.985,-0.952,-0.994,-0.949,0.987,0.719,0.958,-0.997,0.804,-0.95,-0.519,-0.857,-0.596,-0.89,-0.978,-0.951,0.844,-0.997,0.967,0.832,0.981,0.982,-0.785,0.822,0.857,-0.932,-0.884,-0.761,-0.829,-0.976,-0.983,-0.41,-0.742,0.964,-0.795,0.074,-0.997,-0.941,0.971,-0.611,-0.858,0.997,-0.965,-0.959,-0.761,0.886,0.875,-0.957,0.975,-0.987,0.906,0.896,0.895,-0.987,5.74,4.755,10.35,10.314,10.299,10.27,10.285,10.334,5.543,4.89,10.378,10.302,5.828,5.628,10.334,10.284,EssenceCatalog/problems/csplib-prob010-SocialGolfers/params/d9aa08adefa1faff8c9442c9e4e2df71.param
-0.978,-0.977,0.961,-0.971,-0.965,0.989,-0.229,0.987,0.961,-0.985,-0.966,0.941,-0.781,0.993,-0.947,-0.501,-0.008,0.781,0.899,-0.139,0.943,-0.974,-0.992,-0.667,0.994,0.864,-0.879,-0.666,-0.974,0.993,0.859,0.926,-0.924,0.943,0.61,-0.994,0.927,0.997,0.838,-0.954,-0.986,-0.995,0.768,-0.955,0.989,0.947,0.994,-0.973,-0.995,-0.932,0.99,0.922,0.962,-0.998,0.638,-0.956,-0.966,-0.777,-0.894,-0.86,-0.929,-0.983,0.928,-0.998,0.978,0.957,0.979,0.98,-0.862,0.87,0.912,-0.963,-0.96,-0.826,-0.926,-0.979,-0.987,-0.591,-0.716,0.967,-0.548,0.924,-0.998,-0.98,0.974,-0.171,-0.893,0.998,-0.952,-0.975,-0.901,0.892,0.928,-0.964,0.983,-0.99,0.912,0.921,0.867,-0.993,7.295,5.34,10.335,10.336,10.327,10.331,10.331,10.387,6.44,5.54,10.382,10.3,6.749,6.823,10.333,10.267,EssenceCatalog/problems/csplib-prob010-SocialGolfers/params/45d53ed6ab18fc668c59a3885c912aeb.param
-0.972,-0.986,0.982,-0.963,-0.973,0.992,-0.942,0.981,0.971,-0.96,-0.795,0.99,-0.924,0.989,-0.968,-0.968,-0.942,0.925,0.906,0.933,0.964,-0.976,-0.987,-0.962,0.991,-0.591,0.028,-0.745,-0.952,0.984,0.812,0.396,-0.942,0.946,-0.106,-0.996,0.973,0.998,0.833,-0.682,-0.952,-0.995,0.679,-0.289,0.994,0.976,0.98,-0.915,-0.997,-0.985,0.993,0.462,0.913,-0.996,0.938,-0.978,0.673,-0.943,-0.056,-0.934,-0.73,-0.872,0.649,-0.998,0.958,0.736,0.988,0.983,-0.858,0.845,0.894,-0.827,-0.84,-0.869,-0.894,-0.982,-0.987,-0.66,-0.912,0.955,-0.956,-0.811,-0.998,-0.868,0.985,0.701,-0.924,0.997,-0.978,-0.961,-0.863,0.947,0.877,-0.98,0.978,-0.99,0.969,0.908,0.951,-0.984,5.664,4.408,10.374,10.307,10.225,10.243,10.28,10.301,5.326,4.553,10.342,10.226,5.659,5.145,10.308,10.295,EssenceCatalog/problems/csplib-prob010-SocialGolfers/params/f2fecf0f368b4b05477d41226b6132e8.param
-0.994,-0.978,0.985,-0.994,-0.993,0.995,0.986,0.996,0.991,-0.992,-0.99,0.983,-0.959,0.993,-0.883,-0.973,-0.401,0.609,-0.658,-0.991,0.957,-0.991,-0.996,-0.906,0.996,0.994,-0.983,-0.926,-0.989,0.998,-0.976,0.987,-0.968,0.982,0.98,-0.998,0.772,0.998,0.983,-0.985,-0.996,-0.998,0.979,-0.99,0.995,0.922,0.999,-0.986,-0.998,-0.984,0.997,0.985,0.947,-0.999,0.856,-0.992,-0.995,-0.928,-0.977,-0.929,0.872,-0.996,0.973,-0.999,0.988,0.992,0.989,0.984,-0.98,0.966,0.985,-0.971,-0.994,-0.975,-0.99,-0.988,-0.993,-0.95,-0.935,0.979,-0.874,0.993,-0.999,-0.992,0.991,0.971,-0.976,0.999,-0.971,-0.991,-0.991,0.967,0.98,-0.989,0.995,-0.998,0.987,0.977,0.96,-0.997,9.474,5.717,10.308,10.258,10.299,10.327,10.306,10.262,7.41,6.023,10.297,10.247,7.862,7.74,10.309,10.294,EssenceCatalog/problems/csplib-prob010-SocialGolfers/params/b856e10e853ddb47535cc72ed5edafd9.param
-0.961,-0.996,0.995,-0.951,-0.981,0.99,-0.956,0.975,0.949,-0.968,-0.816,0.989,-0.973,0.991,-0.977,-0.966,-0.964,0.919,0.889,0.947,0.971,-0.964,-0.99,-0.981,0.986,-0.726,0.061,-0.577,-0.98,0.991,0.832,0.498,-0.943,0.942,0.206,-0.993,0.975,0.996,0.892,-0.662,-0.962,-0.994,0.396,0.008,0.995,0.99,0.972,-0.912,-0.995,-0.981,0.993,0.305,0.905,-0.993,0.94,-0.978,0.684,-0.95,0.249,-0.916,-0.707,-0.847,0.623,-0.996,0.976,0.853,0.987,0.994,-0.814,0.689,0.884,-0.78,-0.783,-0.835,-0.863,-0.992,-0.989,-0.797,-0.897,0.96,-0.959,-0.899,-0.997,-0.84,0.983,0.581,-0.907,0.996,-0.97,-0.973,-0.916,0.963,0.864,-0.976,0.963,-0.983,0.965,0.923,0.966,-0.983,5.544,4.33,10.292,10.132,10.032,10.089,10.116,10.087,5.215,4.462,10.279,10.03,5.55,4.998,10.216,10.112,EssenceCatalog/problems/csplib-prob010-SocialGolfers/params/6190d1a9637be20936d251aa7ed68ff3.param
-0.966,-0.98,0.962,-0.96,-0.986,0.991,-0.99,0.981,0.966,-0.974,-0.948,0.992,-0.827,0.996,-0.99,-0.912,-0.937,0.969,0.991,0.986,0.967,-0.978,-0.989,-0.911,0.996,-0.904,0.639,-0.84,-0.925,0.93,0.991,0.427,-0.968,0.969,-0.908,-0.994,0.974,0.998,0.676,-0.929,-0.963,-0.996,0.478,-0.201,0.993,0.978,0.981,-0.963,-0.996,-0.979,0.995,0.105,0.96,-0.997,0.942,-0.965,0.829,-0.959,-0.457,-0.964,-0.99,-0.945,0.787,-0.998,0.96,0.596,0.992,0.981,-0.87,0.834,0.897,-0.936,-0.868,-0.853,-0.839,-0.971,-0.991,-0.653,-0.868,0.98,-0.951,-0.889,-0.998,-0.918,0.984,-0.838,-0.938,0.998,-0.981,-0.964,-0.601,0.952,0.889,-0.967,0.976,-0.992,0.951,0.95,0.968,-0.989,4.713,4.215,10.307,10.326,10.33,10.356,10.296,10.264,4.885,4.347,10.331,10.276,5.172,4.727,10.305,10.363,EssenceCatalog/problems/csplib-prob010-SocialGolfers/params/4739d9ba3f9bc4f93514cd969c991c74.param
-0.987,-0.986,0.991,-0.987,-0.983,0.995,-0.075,0.993,0.987,-0.974,-0.846,0.993,-0.974,0.986,-0.923,-0.99,-0.967,0.856,-0.275,0.082,0.978,-0.99,-0.995,-0.982,0.993,0.727,-0.86,-0.853,-0.967,0.995,-0.818,0.78,-0.948,0.969,0.918,-0.998,0.955,0.998,0.951,-0.618,-0.978,-0.997,0.918,-0.804,0.998,0.962,0.99,-0.93,-0.998,-0.993,0.997,0.825,0.904,-0.998,0.957,-0.993,-0.275,-0.959,-0.186,-0.942,0.863,-0.917,0.81,-0.999,0.967,0.918,0.992,0.982,-0.949,0.926,0.961,-0.842,-0.954,-0.943,-0.979,-0.98,-0.993,-0.912,-0.97,0.952,-0.978,0.107,-0.999,-0.941,0.991,0.989,-0.962,0.998,-0.98,-0.977,-0.96,0.974,0.927,-0.992,0.987,-0.995,0.989,0.952,0.975,-0.991,8.419,5.3,10.343,10.24,10.23,10.25,10.287,10.266,6.787,5.512,10.259,10.227,7.211,6.822,10.248,10.268,EssenceCatalog/problems/csplib-prob010-SocialGolfers/params/615894aed6dc2e6b73d968d8dbbaeaf0.param
-0.965,-0.981,0.961,-0.951,-0.942,0.987,-0.92,0.98,0.962,-0.969,-0.91,0.965,-0.761,0.991,-0.965,-0.583,-0.582,0.894,0.958,0.839,0.949,-0.97,-0.989,-0.814,0.993,0.033,-0.565,-0.575,-0.961,0.981,0.964,0.767,-0.928,0.918,0.062,-0.993,0.963,0.997,0.7,-0.878,-0.97,-0.994,0.519,-0.782,0.989,0.966,0.986,-0.945,-0.994,-0.944,0.986,0.769,0.959,-0.997,0.786,-0.952,-0.664,-0.832,-0.579,-0.877,-0.97,-0.948,0.849,-0.997,0.966,0.856,0.98,0.982,-0.79,0.831,0.877,-0.928,-0.889,-0.765,-0.835,-0.977,-0.983,-0.407,-0.762,0.965,-0.786,0.322,-0.997,-0.949,0.976,-0.484,-0.839,0.996,-0.966,-0.958,-0.788,0.873,0.88,-0.965,0.975,-0.987,0.901,0.888,0.888,-0.986,6.035,4.881,10.369,10.335,10.309,10.292,10.304,10.355,5.724,5.015,10.392,10.316,6.014,5.841,10.346,10.298,EssenceCatalog/problems/csplib-prob010-SocialGolfers/params/aad144802fc5e64483decd387d552298.param
-0.978,-0.987,0.989,-0.972,-0.973,0.993,-0.724,0.986,0.976,-0.967,-0.775,0.988,-0.959,0.986,-0.952,-0.977,-0.942,0.863,0.568,0.679,0.969,-0.981,-0.991,-0.971,0.99,0.146,-0.566,-0.739,-0.966,0.993,0.029,0.615,-0.934,0.945,0.681,-0.996,0.964,0.997,0.908,-0.576,-0.965,-0.995,0.79,-0.561,0.996,0.973,0.984,-0.905,-0.997,-0.987,0.994,0.686,0.893,-0.996,0.93,-0.986,0.195,-0.937,-0.011,-0.919,0.166,-0.886,0.69,-0.998,0.966,0.869,0.988,0.985,-0.888,0.87,0.924,-0.806,-0.89,-0.888,-0.943,-0.984,-0.989,-0.783,-0.934,0.948,-0.958,-0.465,-0.998,-0.902,0.987,0.941,-0.932,0.997,-0.974,-0.968,-0.927,0.958,0.89,-0.985,0.98,-0.991,0.977,0.918,0.958,-0.986,7.042,4.86,10.386,10.283,10.208,10.244,10.283,10.294,6.061,5.02,10.321,10.225,6.44,5.968,10.289,10.277,EssenceCatalog/problems/csplib-prob010-SocialGolfers/params/44f9f9cfe428a7fe8d6e862d04b12827.param
-0.966,-0.979,0.956,-0.955,-0.952,0.987,-0.866,0.981,0.958,-0.975,-0.932,0.958,-0.732,0.992,-0.964,-0.531,-0.409,0.881,0.961,0.76,0.946,-0.967,-0.988,-0.77,0.993,0.224,-0.6,-0.605,-0.961,0.983,0.966,0.805,-0.923,0.928,-0.004,-0.992,0.958,0.997,0.723,-0.91,-0.973,-0.994,0.557,-0.822,0.988,0.963,0.988,-0.955,-0.994,-0.939,0.987,0.785,0.959,-0.997,0.752,-0.947,-0.747,-0.825,-0.688,-0.874,-0.975,-0.961,0.868,-0.997,0.969,0.877,0.978,0.981,-0.791,0.825,0.863,-0.94,-0.904,-0.754,-0.847,-0.976,-0.983,-0.422,-0.71,0.964,-0.723,0.443,-0.997,-0.954,0.97,-0.574,-0.854,0.997,-0.96,-0.963,-0.795,0.88,0.884,-0.956,0.976,-0.987,0.899,0.899,0.881,-0.988,6.124,4.938,10.34,10.326,10.324,10.297,10.303,10.355,5.792,5.079,10.37,10.317,6.068,5.963,10.327,10.285,EssenceCatalog/problems/csplib-prob010-SocialGolfers/params/2d685ad665fca758bc672b96456f9d2f.param
-0.989,0.979,-0.925,-0.99,-0.983,0.982,-0.901,0.982,0.991,-0.987,-0.986,0.975,0.974,0.995,-0.941,-0.941,-0.619,0.978,0.983,0.882,0.958,-0.986,-0.992,0.069,0.996,0.934,-0.672,-0.824,0.953,-0.506,0.807,0.827,-0.932,0.971,-0.917,-0.998,0.714,0.999,0.273,-0.927,-0.991,-0.996,0.938,-0.963,0.995,-0.969,0.993,-0.974,-0.998,-0.981,0.997,-0.647,0.968,-0.999,0.948,-0.966,0.322,-0.93,-0.888,-0.964,-0.98,-0.984,0.943,-0.998,-0.796,-0.677,0.981,-0.965,-0.952,0.957,0.926,-0.96,-0.982,-0.909,-0.976,0.927,-0.993,-0.687,-0.954,0.899,-0.733,0.957,-0.999,-0.991,0.978,0.719,-0.9,0.998,-0.908,-0.984,0.661,0.971,0.918,-0.928,0.986,-0.993,0.978,0.97,0.916,-0.997,4.704,3.758,5.559,10.186,10.558,10.408,10.533,10.721,4.559,3.986,5.592,10.174,5.064,4.751,6.582,10.165,EssenceCatalog/problems/csplib-prob010-SocialGolfers/params/8b9888982001a5a4d265e14056f431ba.param
-0.972,-0.947,0.93,-0.965,-0.969,0.988,-0.806,0.982,0.962,-0.973,-0.881,0.97,-0.676,0.991,-0.955,-0.872,-0.527,0.89,0.964,0.776,0.944,-0.967,-0.985,-0.875,0.992,0.029,-0.134,-0.723,-0.902,0.977,0.921,0.62,-0.908,0.942,-0.45,-0.993,0.951,0.997,0.809,-0.861,-0.963,-0.994,0.681,-0.619,0.988,0.932,0.985,-0.944,-0.995,-0.968,0.99,0.547,0.927,-0.997,0.854,-0.957,0.085,-0.904,-0.452,-0.919,-0.941,-0.943,0.748,-0.998,0.949,0.763,0.978,0.949,-0.807,0.828,0.84,-0.908,-0.884,-0.779,-0.871,-0.963,-0.98,-0.459,-0.793,0.948,-0.823,-0.254,-0.998,-0.917,0.97,0.146,-0.914,0.996,-0.959,-0.955,-0.782,0.925,0.869,-0.953,0.98,-0.991,0.945,0.893,0.904,-0.989,5.749,4.574,10.244,10.265,10.257,10.246,10.264,10.311,5.455,4.745,10.23,10.227,5.756,5.481,10.216,10.242,EssenceCatalog/problems/csplib-prob010-SocialGolfers/params/fbc35d21c4230071cb81743cff2c1efc.param
-0.974,-0.976,0.965,-0.965,-0.954,0.987,-0.391,0.983,0.96,-0.977,-0.914,0.945,-0.807,0.99,-0.94,-0.662,-0.203,0.761,0.883,0.121,0.94,-0.967,-0.99,-0.795,0.991,0.763,-0.776,-0.601,-0.967,0.992,0.796,0.852,-0.909,0.919,0.577,-0.993,0.939,0.997,0.819,-0.888,-0.977,-0.993,0.727,-0.882,0.988,0.951,0.99,-0.947,-0.994,-0.946,0.988,0.871,0.942,-0.997,0.688,-0.961,-0.87,-0.798,-0.704,-0.851,-0.86,-0.965,0.856,-0.998,0.973,0.93,0.976,0.975,-0.815,0.842,0.888,-0.923,-0.929,-0.773,-0.896,-0.978,-0.983,-0.537,-0.739,0.96,-0.658,0.767,-0.998,-0.962,0.974,0.298,-0.875,0.996,-0.956,-0.964,-0.886,0.885,0.898,-0.962,0.979,-0.988,0.921,0.89,0.866,-0.99,7.193,5.216,10.302,10.285,10.254,10.271,10.281,10.338,6.329,5.412,10.319,10.236,6.663,6.628,10.272,10.219,EssenceCatalog/problems/csplib-prob010-SocialGolfers/params/45082ac5bc7b4215b6a502d15a53d8c9.param
-0.995,-0.977,0.986,-0.995,-0.995,0.996,0.992,0.997,0.994,-0.992,-0.991,0.989,-0.967,0.993,-0.861,-0.987,-0.672,0.706,-0.86,-0.993,0.962,-0.994,-0.996,-0.948,0.997,0.995,-0.987,-0.952,-0.988,0.998,-0.992,0.987,-0.973,0.987,0.988,-0.999,0.775,0.998,0.988,-0.983,-0.996,-0.999,0.987,-0.991,0.996,0.913,0.999,-0.986,-0.998,-0.989,0.998,0.982,0.949,-0.999,0.927,-0.995,-0.993,-0.955,-0.976,-0.946,0.962,-0.996,0.979,-0.999,0.987,0.991,0.991,0.982,-0.987,0.975,0.988,-0.968,-0.995,-0.984,-0.992,-0.984,-0.994,-0.971,-0.963,0.978,-0.939,0.994,-1.0,-0.993,0.993,0.988,-0.978,1.0,-0.975,-0.993,-0.991,0.978,0.982,-0.991,0.996,-0.998,0.991,0.982,0.976,-0.997,9.579,5.755,10.391,10.327,10.379,10.41,10.386,10.335,7.471,6.063,10.362,10.332,7.941,7.776,10.384,10.377,EssenceCatalog/problems/csplib-prob010-SocialGolfers/params/11e2d0bc727ff716162ac35490084ff5.param
-0.964,-0.981,0.96,-0.951,-0.943,0.988,-0.924,0.98,0.962,-0.968,-0.921,0.965,-0.759,0.992,-0.967,-0.54,-0.577,0.896,0.962,0.846,0.948,-0.97,-0.989,-0.792,0.994,0.004,-0.571,-0.585,-0.963,0.98,0.969,0.778,-0.934,0.92,0.013,-0.993,0.964,0.997,0.693,-0.891,-0.971,-0.994,0.509,-0.795,0.989,0.967,0.987,-0.951,-0.993,-0.941,0.986,0.781,0.962,-0.997,0.773,-0.95,-0.701,-0.829,-0.616,-0.877,-0.975,-0.951,0.863,-0.997,0.967,0.861,0.981,0.983,-0.796,0.835,0.88,-0.934,-0.894,-0.766,-0.839,-0.976,-0.984,-0.401,-0.745,0.968,-0.783,0.346,-0.997,-0.953,0.975,-0.598,-0.839,0.997,-0.967,-0.958,-0.782,0.871,0.882,-0.965,0.975,-0.987,0.898,0.892,0.888,-0.986,5.995,4.888,10.375,10.343,10.323,10.299,10.309,10.361,5.713,5.019,10.404,10.33,5.998,5.838,10.358,10.307,EssenceCatalog/problems/csplib-prob010-SocialGolfers/params/ebb88ec1a2967ec39672aac1dfcb81e5.param
-0.972,-0.983,0.968,-0.965,-0.958,0.988,-0.556,0.985,0.96,-0.982,-0.96,0.943,-0.808,0.993,-0.956,-0.409,-0.19,0.81,0.913,0.197,0.944,-0.971,-0.992,-0.705,0.993,0.765,-0.848,-0.607,-0.979,0.991,0.904,0.913,-0.931,0.929,0.599,-0.993,0.941,0.997,0.819,-0.94,-0.984,-0.994,0.699,-0.935,0.99,0.961,0.992,-0.965,-0.994,-0.928,0.989,0.906,0.962,-0.998,0.649,-0.953,-0.953,-0.759,-0.849,-0.843,-0.942,-0.978,0.918,-0.998,0.978,0.95,0.979,0.985,-0.844,0.86,0.915,-0.955,-0.946,-0.799,-0.901,-0.981,-0.987,-0.545,-0.71,0.97,-0.615,0.88,-0.998,-0.977,0.977,-0.345,-0.862,0.997,-0.956,-0.974,-0.887,0.882,0.915,-0.965,0.979,-0.988,0.899,0.913,0.875,-0.991,7.019,5.283,10.386,10.373,10.36,10.358,10.354,10.405,6.314,5.456,10.423,10.346,6.61,6.635,10.376,10.309,EssenceCatalog/problems/csplib-prob010-SocialGolfers/params/f690b5999431748c2488a17677074477.param
-0.971,-0.979,0.966,-0.966,-0.989,0.993,-0.99,0.981,0.968,-0.973,-0.934,0.994,-0.849,0.996,-0.989,-0.953,-0.954,0.972,0.991,0.987,0.968,-0.978,-0.988,-0.941,0.996,-0.916,0.704,-0.856,-0.916,0.938,0.987,0.33,-0.968,0.973,-0.914,-0.995,0.976,0.998,0.744,-0.919,-0.96,-0.996,0.544,-0.058,0.994,0.977,0.981,-0.96,-0.997,-0.984,0.995,-0.029,0.952,-0.998,0.958,-0.971,0.908,-0.969,-0.361,-0.969,-0.985,-0.927,0.757,-0.998,0.957,0.556,0.993,0.978,-0.883,0.838,0.899,-0.927,-0.861,-0.877,-0.86,-0.973,-0.991,-0.694,-0.884,0.978,-0.961,-0.933,-0.998,-0.908,0.986,-0.686,-0.949,0.998,-0.982,-0.965,-0.654,0.96,0.896,-0.972,0.978,-0.992,0.963,0.948,0.972,-0.988,4.711,4.179,10.3,10.323,10.319,10.356,10.294,10.254,4.868,4.308,10.317,10.264,5.152,4.682,10.296,10.364,EssenceCatalog/problems/csplib-prob010-SocialGolfers/params/08e32d375a57135be18141d12e0a4300.param
-0.974,-0.982,0.981,-0.967,-0.971,0.991,-0.809,0.983,0.973,-0.965,-0.789,0.985,-0.926,0.988,-0.957,-0.965,-0.909,0.873,0.793,0.792,0.961,-0.977,-0.989,-0.958,0.99,-0.034,-0.331,-0.723,-0.953,0.988,0.485,0.543,-0.93,0.935,0.391,-0.995,0.961,0.997,0.866,-0.625,-0.961,-0.994,0.762,-0.478,0.994,0.967,0.981,-0.901,-0.996,-0.983,0.993,0.601,0.895,-0.996,0.916,-0.98,0.367,-0.927,-0.075,-0.916,-0.346,-0.896,0.662,-0.998,0.957,0.819,0.985,0.979,-0.866,0.864,0.91,-0.806,-0.872,-0.861,-0.92,-0.98,-0.987,-0.688,-0.915,0.951,-0.941,-0.531,-0.998,-0.894,0.986,0.876,-0.921,0.996,-0.972,-0.963,-0.89,0.949,0.872,-0.98,0.978,-0.99,0.969,0.907,0.948,-0.986,6.449,4.68,10.381,10.306,10.224,10.259,10.291,10.317,5.758,4.84,10.326,10.235,6.12,5.659,10.298,10.288,EssenceCatalog/problems/csplib-prob010-SocialGolfers/params/c0b5a2579129c39ac89962ada4f84278.param
-0.964,-0.982,0.965,-0.953,-0.973,0.989,-0.974,0.981,0.962,-0.972,-0.925,0.983,-0.793,0.994,-0.982,-0.803,-0.816,0.944,0.983,0.959,0.96,-0.972,-0.987,-0.889,0.995,-0.685,0.116,-0.725,-0.948,0.968,0.985,0.625,-0.95,0.947,-0.671,-0.994,0.972,0.998,0.697,-0.895,-0.963,-0.995,0.465,-0.496,0.991,0.977,0.983,-0.955,-0.995,-0.967,0.991,0.492,0.956,-0.997,0.889,-0.958,0.251,-0.918,-0.483,-0.93,-0.984,-0.947,0.806,-0.997,0.966,0.739,0.986,0.985,-0.818,0.823,0.869,-0.927,-0.864,-0.801,-0.817,-0.976,-0.986,-0.497,-0.811,0.971,-0.896,-0.61,-0.998,-0.925,0.978,-0.728,-0.895,0.997,-0.975,-0.961,-0.702,0.926,0.869,-0.961,0.976,-0.989,0.929,0.922,0.939,-0.987,5.11,4.425,10.358,10.32,10.318,10.302,10.294,10.307,5.129,4.565,10.388,10.288,5.428,5.062,10.349,10.326,EssenceCatalog/problems/csplib-prob010-SocialGolfers/params/e1bdaa4848baa0d5d1361bc4b136d525.param
-0.966,-0.977,0.955,-0.953,-0.958,0.987,-0.938,0.981,0.96,-0.971,-0.918,0.97,-0.727,0.992,-0.971,-0.678,-0.601,0.916,0.974,0.895,0.951,-0.969,-0.986,-0.829,0.994,-0.262,-0.323,-0.658,-0.949,0.976,0.978,0.715,-0.931,0.935,-0.394,-0.993,0.965,0.997,0.687,-0.896,-0.966,-0.994,0.508,-0.7,0.989,0.966,0.985,-0.954,-0.994,-0.954,0.988,0.67,0.956,-0.997,0.825,-0.95,-0.366,-0.874,-0.58,-0.901,-0.981,-0.951,0.835,-0.997,0.965,0.805,0.981,0.98,-0.789,0.821,0.851,-0.933,-0.88,-0.768,-0.829,-0.974,-0.983,-0.409,-0.752,0.963,-0.812,-0.084,-0.998,-0.937,0.971,-0.634,-0.869,0.997,-0.966,-0.958,-0.742,0.896,0.874,-0.956,0.976,-0.988,0.913,0.9,0.902,-0.987,5.576,4.671,10.335,10.307,10.304,10.27,10.286,10.33,5.435,4.809,10.365,10.294,5.722,5.489,10.325,10.285,EssenceCatalog/problems/csplib-prob010-SocialGolfers/params/1f7d283e0e5359c0418c011001fd2361.param
-0.984,-0.975,0.98,-0.979,-0.972,0.993,-0.448,0.99,0.979,-0.965,-0.768,0.989,-0.934,0.986,-0.931,-0.981,-0.892,0.846,0.575,0.493,0.963,-0.983,-0.989,-0.964,0.991,0.406,-0.635,-0.803,-0.943,0.994,-0.106,0.595,-0.923,0.958,0.618,-0.997,0.951,0.998,0.902,-0.64,-0.962,-0.996,0.85,-0.655,0.994,0.953,0.988,-0.925,-0.997,-0.987,0.994,0.735,0.895,-0.997,0.924,-0.988,0.073,-0.948,-0.115,-0.933,0.18,-0.886,0.713,-0.999,0.964,0.872,0.988,0.967,-0.891,0.889,0.913,-0.848,-0.915,-0.899,-0.955,-0.978,-0.987,-0.777,-0.932,0.934,-0.937,-0.294,-0.999,-0.9,0.984,0.958,-0.949,0.997,-0.973,-0.96,-0.926,0.954,0.904,-0.983,0.985,-0.993,0.981,0.912,0.949,-0.988,7.329,4.955,10.354,10.281,10.222,10.247,10.298,10.317,6.214,5.138,10.294,10.232,6.605,6.194,10.264,10.273,EssenceCatalog/problems/csplib-prob010-SocialGolfers/params/f4bf46bcc0dc980c751e05427ca53080.param
-0.989,0.999,-0.998,-0.994,-0.972,0.987,-0.971,0.988,0.989,-0.914,-0.987,0.99,0.997,0.99,-0.63,-0.986,-0.937,0.989,0.984,0.982,0.968,-0.993,-0.918,0.889,0.995,0.748,-0.543,-0.97,0.999,-0.985,0.903,-0.455,-0.887,0.993,-0.995,-0.999,0.427,1.0,-0.951,-0.904,-0.968,-0.998,0.97,-0.973,0.988,-0.998,0.995,-0.982,-0.998,-0.993,0.992,-0.956,0.981,-0.999,0.982,-0.982,0.966,-0.981,-0.954,-0.992,-0.992,-0.923,0.969,-0.998,-0.992,-0.988,0.989,-0.999,-0.972,0.969,0.195,-0.969,-0.99,-0.924,-0.987,0.998,-0.986,-0.894,-0.984,0.433,-0.859,0.928,-0.999,-0.973,0.753,0.927,-0.974,0.999,-0.886,-0.949,0.98,0.928,0.966,-0.87,0.987,-0.997,0.99,0.973,0.865,-0.987,3.968,3.288,4.44,9.993,10.209,10.092,10.309,10.59,3.945,3.478,4.48,9.886,4.571,4.134,5.518,9.88,EssenceCatalog/problems/csplib-prob010-SocialGolfers/params/921837087750b38384607589a4015289.param
-0.968,-0.976,0.958,-0.954,-0.942,0.988,-0.882,0.981,0.964,-0.964,-0.874,0.967,-0.767,0.99,-0.956,-0.709,-0.577,0.877,0.944,0.803,0.946,-0.969,-0.986,-0.839,0.992,0.084,-0.514,-0.61,-0.955,0.984,0.938,0.708,-0.919,0.919,0.072,-0.993,0.961,0.997,0.724,-0.846,-0.963,-0.994,0.579,-0.734,0.988,0.96,0.986,-0.937,-0.994,-0.954,0.985,0.758,0.951,-0.997,0.803,-0.957,-0.543,-0.848,-0.486,-0.883,-0.944,-0.934,0.806,-0.998,0.963,0.841,0.979,0.977,-0.786,0.835,0.864,-0.91,-0.878,-0.768,-0.838,-0.976,-0.981,-0.4,-0.77,0.958,-0.804,0.197,-0.998,-0.935,0.975,-0.11,-0.855,0.996,-0.967,-0.953,-0.804,0.876,0.875,-0.965,0.977,-0.987,0.92,0.875,0.879,-0.985,6.114,4.836,10.34,10.306,10.265,10.26,10.278,10.339,5.727,4.982,10.346,10.274,6.032,5.823,10.303,10.268,EssenceCatalog/problems/csplib-prob010-SocialGolfers/params/6c4bdc236b5336fa2e4263f2648657d8.param
-0.991,0.997,-0.991,-0.993,-0.982,0.984,-0.971,0.985,0.991,-0.972,-0.989,0.984,0.994,0.994,-0.931,-0.967,-0.865,0.988,0.988,0.968,0.966,-0.991,-0.984,0.711,0.997,0.894,-0.674,-0.929,0.994,-0.936,0.875,0.531,-0.939,0.985,-0.984,-0.999,0.549,0.999,-0.706,-0.921,-0.985,-0.997,0.959,-0.97,0.994,-0.994,0.993,-0.977,-0.999,-0.99,0.997,-0.88,0.981,-0.999,0.971,-0.974,0.827,-0.965,-0.931,-0.982,-0.989,-0.977,0.961,-0.998,-0.968,-0.95,0.986,-0.995,-0.968,0.974,0.854,-0.965,-0.987,-0.935,-0.984,0.993,-0.993,-0.793,-0.974,0.816,-0.831,0.956,-0.998,-0.99,0.963,0.814,-0.942,0.999,-0.917,-0.98,0.935,0.957,0.946,-0.918,0.986,-0.995,0.984,0.974,0.911,-0.995,4.304,3.539,4.906,10.269,10.537,10.416,10.583,10.796,4.262,3.756,4.952,10.169,4.826,4.449,5.995,10.173,EssenceCatalog/problems/csplib-prob010-SocialGolfers/params/c7aa26cf4823f10a84da9362354d23e5.param
-0.995,-0.983,0.989,-0.995,-0.996,0.996,0.991,0.998,0.994,-0.992,-0.99,0.993,-0.977,0.993,-0.858,-0.99,-0.813,0.783,-0.912,-0.991,0.967,-0.995,-0.997,-0.966,0.997,0.995,-0.989,-0.962,-0.99,0.998,-0.993,0.985,-0.975,0.989,0.991,-0.999,0.839,0.998,0.989,-0.98,-0.996,-0.999,0.989,-0.99,0.997,0.932,0.999,-0.986,-0.999,-0.991,0.999,0.98,0.956,-0.999,0.955,-0.996,-0.991,-0.967,-0.972,-0.956,0.977,-0.996,0.982,-1.0,0.988,0.991,0.992,0.985,-0.989,0.978,0.989,-0.965,-0.996,-0.987,-0.993,-0.985,-0.995,-0.979,-0.973,0.978,-0.964,0.992,-1.0,-0.993,0.994,0.991,-0.979,1.0,-0.979,-0.993,-0.991,0.981,0.983,-0.992,0.996,-0.998,0.993,0.985,0.982,-0.997,9.621,5.779,10.455,10.381,10.433,10.467,10.443,10.392,7.501,6.087,10.417,10.392,7.981,7.795,10.441,10.435,EssenceCatalog/problems/csplib-prob010-SocialGolfers/params/c405fe1e16ac3b660e0d59a8cd6f2a2c.param
-0.994,-0.99,0.993,-0.995,-0.996,0.997,0.936,0.998,0.994,-0.99,-0.969,0.996,-0.984,0.992,-0.845,-0.994,-0.969,0.881,-0.936,-0.916,0.987,-0.996,-0.997,-0.988,0.997,0.979,-0.983,-0.95,-0.985,0.997,-0.989,0.951,-0.965,0.989,0.99,-0.999,0.944,0.998,0.985,-0.914,-0.994,-0.999,0.983,-0.973,0.999,0.952,0.997,-0.973,-0.999,-0.995,0.999,0.939,0.944,-0.999,0.978,-0.997,-0.917,-0.978,-0.803,-0.96,0.988,-0.987,0.952,-0.999,0.98,0.973,0.995,0.985,-0.987,0.972,0.984,-0.911,-0.993,-0.983,-0.994,-0.984,-0.997,-0.983,-0.988,0.971,-0.988,0.936,-0.999,-0.985,0.995,0.996,-0.979,1.0,-0.985,-0.992,-0.985,0.985,0.966,-0.995,0.994,-0.998,0.994,0.985,0.988,-0.997,9.553,5.741,10.458,10.369,10.417,10.453,10.437,10.386,7.452,6.04,10.406,10.384,7.937,7.707,10.427,10.423,EssenceCatalog/problems/csplib-prob010-SocialGolfers/params/cf8e3315a7a69ec42747b1dd8ac8809d.param
-0.99,0.913,-0.588,-0.984,-0.954,0.951,0.49,0.97,0.961,-0.986,-0.906,0.915,0.964,0.983,-0.456,-0.891,0.782,0.92,0.901,0.011,0.956,-0.972,-0.967,-0.623,0.981,0.984,-0.942,-0.328,0.91,0.932,0.691,0.914,-0.396,0.964,-0.053,-0.996,0.572,0.995,0.679,-0.942,-0.977,-0.994,0.904,-0.973,0.974,-0.968,0.993,-0.98,-0.995,-0.956,0.989,0.024,0.922,-0.998,0.906,-0.949,-0.649,-0.925,-0.843,-0.915,-0.937,-0.957,0.947,-0.998,0.238,0.44,0.934,-0.962,-0.829,0.761,0.39,-0.958,-0.979,-0.815,-0.979,0.382,-0.969,-0.617,-0.875,0.391,0.469,0.956,-0.997,-0.958,0.808,0.908,-0.811,0.995,-0.781,-0.975,-0.063,0.943,0.903,-0.668,0.98,-0.981,0.956,0.887,0.582,-0.987,5.756,3.993,6.178,8.864,9.382,9.346,9.366,9.589,5.067,4.356,6.246,8.888,5.551,5.574,6.96,8.977,EssenceCatalog/problems/csplib-prob010-SocialGolfers/params/ord23-5-6-5.param
-0.988,0.999,-0.997,-0.976,0.401,0.985,-0.859,0.985,0.976,0.557,0.207,0.989,0.998,0.427,0.896,-0.981,-0.248,0.954,0.893,0.961,0.862,-0.982,0.868,0.889,0.985,-0.423,-0.851,-0.92,0.999,-0.547,0.937,-0.8,0.096,0.983,-0.995,-0.997,0.907,0.999,-0.974,-0.846,0.491,-0.997,0.9,-0.956,-0.356,-0.997,0.993,-0.976,-0.993,-0.98,-0.26,-0.043,0.979,-0.999,0.92,-0.974,0.831,-0.955,-0.922,-0.983,-0.994,0.672,0.937,-0.997,-0.968,-0.985,0.981,-0.999,-0.744,0.926,-0.901,-0.974,-0.956,-0.903,-0.977,0.982,-0.646,0.277,-0.909,-0.825,-0.394,0.464,-0.999,-0.334,-0.81,0.944,-0.97,0.997,-0.694,0.424,0.968,-0.524,0.97,-0.812,0.984,-0.992,0.972,-0.046,-0.668,-0.292,2.575,2.153,2.295,6.9,6.148,5.498,6.336,8.946,2.73,2.229,2.434,6.996,3.109,2.566,3.033,6.959,EssenceCatalog/problems/csplib-prob010-SocialGolfers/params/ord13-5-8-3.param
-0.991,0.998,-0.996,-0.994,-0.98,0.987,-0.982,0.988,0.992,-0.953,-0.987,0.989,0.995,0.993,-0.896,-0.982,-0.939,0.99,0.987,0.982,0.968,-0.993,-0.975,0.81,0.997,0.818,-0.576,-0.958,0.997,-0.975,0.874,0.101,-0.942,0.988,-0.992,-0.999,0.491,1.0,-0.884,-0.905,-0.978,-0.998,0.969,-0.966,0.993,-0.997,0.994,-0.977,-0.998,-0.993,0.996,-0.93,0.982,-0.999,0.98,-0.979,0.938,-0.976,-0.934,-0.989,-0.989,-0.961,0.962,-0.999,-0.984,-0.979,0.989,-0.998,-0.972,0.978,0.751,-0.963,-0.989,-0.945,-0.986,0.997,-0.992,-0.839,-0.981,0.759,-0.892,0.937,-0.999,-0.986,0.95,0.889,-0.96,0.999,-0.932,-0.974,0.966,0.95,0.957,-0.928,0.988,-0.997,0.987,0.974,0.907,-0.993,4.179,3.449,4.758,10.249,10.477,10.355,10.545,10.776,4.151,3.657,4.806,10.131,4.744,4.33,5.843,10.136,EssenceCatalog/problems/csplib-prob010-SocialGolfers/params/2d9a6182023a68e5a46d9c3bc2138eed.param
-0.966,-0.982,0.961,-0.952,-0.943,0.988,-0.886,0.981,0.962,-0.97,-0.926,0.96,-0.769,0.992,-0.964,-0.508,-0.49,0.876,0.954,0.763,0.945,-0.968,-0.989,-0.771,0.993,0.211,-0.635,-0.59,-0.966,0.983,0.96,0.805,-0.931,0.921,0.144,-0.993,0.959,0.997,0.723,-0.899,-0.973,-0.994,0.546,-0.829,0.988,0.966,0.987,-0.951,-0.993,-0.937,0.986,0.817,0.962,-0.997,0.748,-0.949,-0.79,-0.81,-0.661,-0.87,-0.97,-0.956,0.868,-0.997,0.971,0.886,0.98,0.984,-0.802,0.838,0.887,-0.938,-0.902,-0.765,-0.842,-0.978,-0.984,-0.425,-0.731,0.968,-0.754,0.504,-0.997,-0.957,0.975,-0.553,-0.84,0.997,-0.964,-0.959,-0.811,0.865,0.887,-0.964,0.976,-0.987,0.896,0.89,0.881,-0.987,6.214,4.98,10.379,10.353,10.335,10.315,10.321,10.374,5.848,5.118,10.407,10.339,6.131,6.016,10.361,10.311,EssenceCatalog/problems/csplib-prob010-SocialGolfers/params/e832acef040321f2e2692d262ed77cd5.param
-0.966,-0.982,0.963,-0.953,-0.94,0.987,-0.878,0.981,0.962,-0.97,-0.921,0.959,-0.773,0.991,-0.962,-0.51,-0.491,0.871,0.948,0.745,0.945,-0.969,-0.99,-0.786,0.993,0.273,-0.662,-0.563,-0.967,0.985,0.953,0.81,-0.927,0.915,0.254,-0.993,0.959,0.997,0.731,-0.891,-0.974,-0.994,0.557,-0.834,0.989,0.965,0.988,-0.948,-0.993,-0.937,0.986,0.821,0.96,-0.997,0.745,-0.951,-0.804,-0.805,-0.643,-0.864,-0.964,-0.955,0.866,-0.998,0.97,0.891,0.979,0.983,-0.797,0.838,0.89,-0.933,-0.9,-0.763,-0.845,-0.978,-0.984,-0.422,-0.741,0.967,-0.749,0.547,-0.997,-0.958,0.977,-0.454,-0.833,0.997,-0.965,-0.961,-0.82,0.866,0.886,-0.966,0.976,-0.986,0.895,0.888,0.88,-0.987,6.313,5.009,10.377,10.349,10.327,10.314,10.319,10.371,5.9,5.149,10.402,10.331,6.189,6.074,10.356,10.306,EssenceCatalog/problems/csplib-prob010-SocialGolfers/params/a5b1d895bfe14f228b9024e662cf305a.param
-0.966,-0.979,0.96,-0.954,-0.962,0.989,-0.955,0.981,0.961,-0.968,-0.904,0.977,-0.765,0.992,-0.974,-0.772,-0.708,0.928,0.977,0.928,0.954,-0.97,-0.985,-0.869,0.994,-0.493,-0.12,-0.696,-0.947,0.976,0.979,0.641,-0.936,0.941,-0.525,-0.994,0.97,0.998,0.698,-0.885,-0.96,-0.994,0.501,-0.597,0.989,0.971,0.984,-0.952,-0.995,-0.963,0.988,0.609,0.954,-0.997,0.86,-0.955,-0.045,-0.9,-0.502,-0.916,-0.98,-0.941,0.807,-0.998,0.965,0.769,0.983,0.982,-0.792,0.821,0.849,-0.926,-0.865,-0.787,-0.821,-0.976,-0.983,-0.426,-0.781,0.964,-0.859,-0.403,-0.998,-0.922,0.973,-0.593,-0.885,0.997,-0.971,-0.955,-0.74,0.906,0.871,-0.96,0.977,-0.989,0.924,0.9,0.914,-0.986,5.339,4.527,10.338,10.298,10.289,10.258,10.276,10.31,5.264,4.668,10.367,10.271,5.56,5.246,10.326,10.287,EssenceCatalog/problems/csplib-prob010-SocialGolfers/params/adf1f25d1f64f976418cd62903d5528c.param
-0.982,-0.964,0.977,-0.981,-0.986,0.992,-0.814,0.986,0.981,-0.98,-0.848,0.992,-0.904,0.991,-0.949,-0.99,-0.967,0.926,0.688,0.838,0.977,-0.984,-0.993,-0.977,0.99,0.059,-0.439,-0.734,-0.88,0.982,0.013,0.543,-0.926,0.965,0.47,-0.997,0.954,0.998,0.897,-0.554,-0.976,-0.996,0.833,-0.494,0.998,0.919,0.984,-0.908,-0.998,-0.991,0.997,0.139,0.888,-0.997,0.968,-0.988,0.764,-0.963,0.11,-0.943,0.09,-0.899,0.706,-0.998,0.901,0.721,0.99,0.945,-0.918,0.88,0.914,-0.79,-0.926,-0.914,-0.966,-0.956,-0.993,-0.859,-0.965,0.937,-0.971,-0.646,-0.998,-0.909,0.988,0.973,-0.943,0.997,-0.969,-0.98,-0.885,0.982,0.893,-0.983,0.979,-0.992,0.986,0.95,0.973,-0.99,6.613,4.63,10.261,10.255,10.223,10.258,10.295,10.269,5.781,4.794,10.181,10.191,6.157,5.625,10.191,10.264,EssenceCatalog/problems/csplib-prob010-SocialGolfers/params/7579b38232cdcc8f8695fc882ff52934.param
-0.995,-0.366,0.719,-0.996,-0.993,0.982,0.979,0.996,0.987,-0.987,-0.979,0.992,-0.446,0.988,-0.433,-0.99,-0.783,0.921,-0.878,-0.92,0.983,-0.993,-0.989,-0.94,0.988,0.99,-0.986,-0.92,-0.444,0.988,-0.962,0.924,-0.857,0.994,0.94,-0.999,0.823,0.998,0.916,-0.934,-0.991,-0.998,0.988,-0.984,0.997,-0.409,0.997,-0.985,-0.998,-0.991,0.997,0.549,0.955,-0.999,0.982,-0.994,-0.76,-0.985,-0.905,-0.966,0.948,-0.985,0.98,-0.999,0.801,0.822,0.988,0.001,-0.98,0.93,0.808,-0.94,-0.994,-0.977,-0.993,-0.41,-0.994,-0.983,-0.984,0.765,-0.916,0.967,-0.999,-0.976,0.931,0.997,-0.971,0.999,-0.892,-0.987,-0.838,0.984,0.965,-0.937,0.991,-0.996,0.995,0.982,0.976,-0.996,8.894,5.237,9.185,9.739,9.977,10.011,9.967,9.937,6.925,5.609,9.131,9.724,7.486,7.239,9.369,9.872,EssenceCatalog/problems/csplib-prob010-SocialGolfers/params/ord35-4-9-7.param
-0.991,0.996,-0.986,-0.992,-0.982,0.983,-0.963,0.984,0.991,-0.977,-0.989,0.982,0.992,0.994,-0.938,-0.96,-0.819,0.987,0.987,0.957,0.964,-0.99,-0.987,0.616,0.997,0.908,-0.69,-0.909,0.991,-0.895,0.865,0.65,-0.937,0.982,-0.977,-0.998,0.597,0.999,-0.545,-0.923,-0.987,-0.997,0.954,-0.97,0.994,-0.992,0.993,-0.977,-0.998,-0.988,0.997,-0.842,0.979,-0.999,0.966,-0.972,0.74,-0.958,-0.925,-0.979,-0.988,-0.979,0.958,-0.998,-0.952,-0.922,0.985,-0.993,-0.965,0.971,0.881,-0.964,-0.986,-0.931,-0.983,0.989,-0.993,-0.767,-0.97,0.841,-0.806,0.959,-0.998,-0.99,0.967,0.784,-0.932,0.999,-0.913,-0.981,0.905,0.961,0.94,-0.92,0.986,-0.995,0.983,0.974,0.912,-0.996,4.366,3.58,5.0,10.261,10.548,10.422,10.58,10.786,4.313,3.798,5.044,10.172,4.864,4.5,6.083,10.174,EssenceCatalog/problems/csplib-prob010-SocialGolfers/params/d61d3e3a29bca72e9d86866497159876.param
-0.965,-0.98,0.96,-0.952,-0.962,0.988,-0.955,0.981,0.961,-0.968,-0.909,0.977,-0.765,0.992,-0.974,-0.748,-0.709,0.927,0.976,0.928,0.954,-0.97,-0.986,-0.863,0.994,-0.466,-0.161,-0.684,-0.95,0.975,0.979,0.662,-0.937,0.938,-0.487,-0.993,0.969,0.998,0.689,-0.884,-0.962,-0.994,0.491,-0.614,0.989,0.971,0.984,-0.952,-0.995,-0.961,0.988,0.625,0.955,-0.997,0.855,-0.954,-0.121,-0.893,-0.512,-0.912,-0.979,-0.943,0.814,-0.997,0.966,0.778,0.983,0.983,-0.795,0.823,0.855,-0.926,-0.867,-0.782,-0.82,-0.976,-0.983,-0.427,-0.778,0.965,-0.856,-0.343,-0.998,-0.927,0.973,-0.618,-0.879,0.997,-0.971,-0.956,-0.738,0.904,0.871,-0.96,0.976,-0.989,0.921,0.902,0.914,-0.986,5.383,4.558,10.347,10.305,10.296,10.264,10.282,10.317,5.298,4.697,10.377,10.28,5.594,5.292,10.334,10.292,EssenceCatalog/problems/csplib-prob010-SocialGolfers/params/c492f63e248cc8e79e9a3fcea5e6377a.param
-0.988,0.253,0.52,-0.991,-0.993,0.979,-0.687,0.979,0.983,-0.993,-0.936,0.987,0.363,0.995,-0.887,-0.991,-0.912,0.969,0.851,0.887,0.984,-0.986,-0.994,-0.929,0.985,0.706,-0.553,-0.586,0.586,0.796,0.116,0.628,-0.819,0.978,-0.106,-0.998,0.842,0.998,0.752,-0.607,-0.99,-0.995,0.889,-0.747,0.999,-0.511,0.987,-0.931,-0.998,-0.991,0.999,-0.864,0.89,-0.996,0.984,-0.987,0.925,-0.98,-0.047,-0.962,-0.37,-0.949,0.835,-0.998,-0.04,-0.083,0.981,-0.568,-0.93,0.841,0.709,-0.806,-0.972,-0.912,-0.983,-0.169,-0.995,-0.931,-0.983,0.789,-0.91,0.149,-0.998,-0.957,0.969,0.992,-0.905,0.997,-0.883,-0.989,-0.231,0.993,0.866,-0.918,0.971,-0.992,0.99,0.97,0.971,-0.994,5.536,3.927,7.6,9.847,10.165,10.162,10.212,10.255,4.991,4.187,7.518,9.8,5.486,4.966,8.147,9.912,EssenceCatalog/problems/csplib-prob010-SocialGolfers/params/1ab500dbfe5500a91fcb4d9f302168e9.param
-0.968,-0.984,0.968,-0.958,-0.944,0.988,-0.766,0.983,0.962,-0.976,-0.942,0.95,-0.804,0.992,-0.958,-0.414,-0.355,0.836,0.929,0.502,0.944,-0.97,-0.991,-0.746,0.993,0.584,-0.789,-0.56,-0.976,0.989,0.932,0.877,-0.93,0.919,0.515,-0.993,0.952,0.997,0.787,-0.917,-0.98,-0.994,0.62,-0.901,0.989,0.966,0.99,-0.955,-0.993,-0.928,0.987,0.882,0.963,-0.998,0.685,-0.952,-0.919,-0.766,-0.762,-0.844,-0.955,-0.968,0.899,-0.998,0.976,0.933,0.979,0.985,-0.821,0.849,0.908,-0.946,-0.925,-0.78,-0.875,-0.981,-0.985,-0.48,-0.722,0.97,-0.681,0.782,-0.998,-0.969,0.978,-0.412,-0.84,0.997,-0.961,-0.967,-0.863,0.866,0.902,-0.968,0.977,-0.986,0.892,0.898,0.875,-0.989,6.723,5.184,10.399,10.378,10.359,10.353,10.35,10.401,6.151,5.338,10.428,10.357,6.442,6.405,10.383,10.322,EssenceCatalog/problems/csplib-prob010-SocialGolfers/params/732ef71dc49842e9bc252d6a492ac88f.param
-0.971,-0.983,0.968,-0.964,-0.957,0.988,-0.606,0.984,0.96,-0.982,-0.959,0.944,-0.804,0.993,-0.957,-0.393,-0.213,0.818,0.92,0.271,0.944,-0.971,-0.992,-0.703,0.993,0.738,-0.84,-0.599,-0.978,0.991,0.916,0.909,-0.931,0.928,0.573,-0.993,0.942,0.997,0.811,-0.938,-0.983,-0.994,0.683,-0.931,0.99,0.962,0.992,-0.964,-0.994,-0.927,0.989,0.901,0.963,-0.998,0.656,-0.952,-0.949,-0.76,-0.839,-0.843,-0.949,-0.977,0.917,-0.998,0.978,0.948,0.979,0.985,-0.841,0.856,0.912,-0.954,-0.943,-0.794,-0.896,-0.981,-0.987,-0.539,-0.709,0.97,-0.621,0.867,-0.998,-0.976,0.977,-0.394,-0.858,0.997,-0.956,-0.973,-0.881,0.881,0.913,-0.964,0.978,-0.988,0.896,0.911,0.876,-0.991,6.944,5.265,10.388,10.376,10.364,10.36,10.355,10.405,6.277,5.432,10.425,10.351,6.569,6.587,10.378,10.313,EssenceCatalog/problems/csplib-prob010-SocialGolfers/params/039fd161ee908efe7ca49e5a30a602aa.param
-0.969,-0.975,0.956,-0.967,-0.989,0.993,-0.993,0.98,0.968,-0.972,-0.95,0.995,-0.846,0.996,-0.991,-0.952,-0.965,0.976,0.994,0.991,0.968,-0.98,-0.987,-0.917,0.997,-0.947,0.784,-0.884,-0.894,0.893,0.991,0.196,-0.974,0.977,-0.951,-0.995,0.973,0.998,0.644,-0.941,-0.959,-0.997,0.495,-0.011,0.993,0.974,0.981,-0.965,-0.996,-0.984,0.995,-0.153,0.961,-0.998,0.959,-0.969,0.937,-0.973,-0.426,-0.975,-0.991,-0.927,0.784,-0.998,0.951,0.48,0.994,0.972,-0.89,0.833,0.905,-0.938,-0.87,-0.879,-0.864,-0.965,-0.992,-0.737,-0.888,0.982,-0.966,-0.944,-0.998,-0.911,0.984,-0.833,-0.957,0.998,-0.982,-0.961,-0.545,0.958,0.909,-0.972,0.975,-0.992,0.963,0.957,0.975,-0.988,4.571,4.132,10.225,10.288,10.29,10.335,10.265,10.211,4.788,4.248,10.252,10.23,5.067,4.597,10.23,10.333,EssenceCatalog/problems/csplib-prob010-SocialGolfers/params/d8c62c4f4b1ba97224d0c3cff16889da.param
-0.967,-0.992,0.987,-0.959,-0.984,0.993,-0.972,0.979,0.964,-0.964,-0.865,0.991,-0.943,0.993,-0.983,-0.964,-0.955,0.944,0.966,0.964,0.964,-0.971,-0.988,-0.967,0.993,-0.829,0.519,-0.789,-0.965,0.977,0.933,0.337,-0.961,0.955,-0.572,-0.994,0.976,0.998,0.855,-0.812,-0.956,-0.995,0.551,-0.001,0.993,0.986,0.977,-0.935,-0.996,-0.983,0.994,0.294,0.927,-0.996,0.942,-0.973,0.816,-0.957,-0.071,-0.948,-0.911,-0.885,0.654,-0.997,0.971,0.741,0.99,0.99,-0.852,0.818,0.909,-0.862,-0.811,-0.861,-0.857,-0.987,-0.988,-0.705,-0.886,0.973,-0.963,-0.922,-0.998,-0.87,0.986,0.059,-0.937,0.997,-0.978,-0.963,-0.86,0.953,0.873,-0.978,0.977,-0.99,0.964,0.926,0.964,-0.985,5.11,4.242,10.361,10.281,10.218,10.248,10.226,10.22,5.046,4.383,10.352,10.202,5.345,4.835,10.309,10.292,EssenceCatalog/problems/csplib-prob010-SocialGolfers/params/4f1ef8f5d208ce13ef17d98c570ad36d.param
-0.965,-0.979,0.956,-0.953,-0.955,0.987,-0.912,0.981,0.958,-0.973,-0.927,0.964,-0.732,0.992,-0.969,-0.587,-0.51,0.901,0.969,0.845,0.949,-0.967,-0.987,-0.796,0.993,-0.035,-0.477,-0.626,-0.956,0.98,0.975,0.768,-0.928,0.931,-0.208,-0.993,0.962,0.997,0.699,-0.905,-0.97,-0.994,0.519,-0.769,0.988,0.966,0.986,-0.955,-0.994,-0.945,0.987,0.737,0.959,-0.997,0.786,-0.947,-0.606,-0.849,-0.64,-0.887,-0.979,-0.957,0.855,-0.997,0.968,0.847,0.98,0.982,-0.787,0.821,0.857,-0.938,-0.892,-0.759,-0.834,-0.975,-0.983,-0.413,-0.725,0.964,-0.769,0.194,-0.997,-0.946,0.97,-0.646,-0.859,0.997,-0.963,-0.961,-0.768,0.886,0.878,-0.955,0.975,-0.988,0.903,0.9,0.892,-0.988,5.83,4.81,10.346,10.32,10.314,10.282,10.294,10.343,5.609,4.945,10.376,10.312,5.887,5.724,10.333,10.287,EssenceCatalog/problems/csplib-prob010-SocialGolfers/params/eae40dffe0d7fd3e69dfee50e8f7f582.param
-0.965,-0.98,0.962,-0.953,-0.968,0.989,-0.965,0.981,0.961,-0.97,-0.918,0.98,-0.77,0.993,-0.979,-0.781,-0.752,0.937,0.981,0.944,0.957,-0.971,-0.986,-0.875,0.994,-0.592,-0.006,-0.712,-0.947,0.972,0.983,0.642,-0.942,0.945,-0.621,-0.993,0.97,0.998,0.699,-0.895,-0.962,-0.994,0.48,-0.559,0.99,0.974,0.984,-0.955,-0.995,-0.964,0.99,0.557,0.955,-0.997,0.874,-0.955,0.085,-0.909,-0.507,-0.924,-0.983,-0.945,0.811,-0.997,0.966,0.757,0.985,0.983,-0.804,0.82,0.857,-0.93,-0.865,-0.794,-0.818,-0.976,-0.984,-0.456,-0.788,0.967,-0.874,-0.506,-0.998,-0.924,0.974,-0.691,-0.89,0.997,-0.972,-0.958,-0.719,0.916,0.87,-0.959,0.976,-0.989,0.925,0.912,0.927,-0.987,5.213,4.477,10.348,10.309,10.307,10.28,10.287,10.311,5.192,4.618,10.379,10.281,5.489,5.153,10.339,10.307,EssenceCatalog/problems/csplib-prob010-SocialGolfers/params/e242baded10039b15c9943d2fa9a763a.param
-0.99,0.995,-0.984,-0.992,-0.985,0.983,-0.973,0.984,0.991,-0.979,-0.988,0.985,0.99,0.995,-0.945,-0.971,-0.863,0.989,0.989,0.972,0.966,-0.99,-0.988,0.571,0.997,0.854,-0.531,-0.916,0.991,-0.905,0.884,0.59,-0.937,0.982,-0.984,-0.998,0.617,0.999,-0.557,-0.919,-0.985,-0.997,0.952,-0.956,0.995,-0.99,0.992,-0.975,-0.999,-0.989,0.997,-0.883,0.977,-0.999,0.972,-0.973,0.861,-0.966,-0.905,-0.981,-0.989,-0.978,0.948,-0.998,-0.951,-0.935,0.986,-0.992,-0.965,0.971,0.879,-0.96,-0.985,-0.932,-0.981,0.987,-0.994,-0.777,-0.971,0.848,-0.856,0.926,-0.998,-0.989,0.972,0.772,-0.939,0.999,-0.921,-0.982,0.914,0.967,0.937,-0.926,0.986,-0.995,0.984,0.974,0.926,-0.995,4.286,3.532,5.003,10.271,10.545,10.426,10.582,10.781,4.26,3.752,5.044,10.175,4.814,4.428,6.079,10.184,EssenceCatalog/problems/csplib-prob010-SocialGolfers/params/a406a01399f9ee5ce9eb47e433cdffb6.param
-0.969,-0.981,0.974,-0.962,-0.959,0.987,-0.626,0.981,0.959,-0.969,-0.848,0.964,-0.874,0.989,-0.954,-0.832,-0.572,0.796,0.889,0.513,0.942,-0.965,-0.987,-0.892,0.99,0.402,-0.526,-0.635,-0.964,0.991,0.774,0.713,-0.913,0.917,0.369,-0.993,0.949,0.997,0.822,-0.803,-0.967,-0.992,0.692,-0.696,0.989,0.968,0.985,-0.924,-0.994,-0.962,0.989,0.79,0.919,-0.996,0.786,-0.965,-0.511,-0.863,-0.405,-0.876,-0.779,-0.94,0.749,-0.998,0.973,0.894,0.978,0.98,-0.798,0.83,0.885,-0.876,-0.89,-0.775,-0.875,-0.98,-0.983,-0.548,-0.792,0.958,-0.802,0.191,-0.998,-0.931,0.976,0.485,-0.89,0.995,-0.963,-0.956,-0.884,0.903,0.87,-0.964,0.977,-0.988,0.937,0.883,0.899,-0.988,6.719,4.956,10.364,10.303,10.238,10.262,10.285,10.336,6.009,5.131,10.357,10.242,6.356,6.138,10.305,10.251,EssenceCatalog/problems/csplib-prob010-SocialGolfers/params/b2a6feb365a2bed5e29aeec0bc5e0d5e.param
-0.968,-0.977,0.959,-0.955,-0.946,0.987,-0.875,0.98,0.962,-0.964,-0.867,0.967,-0.777,0.99,-0.956,-0.741,-0.582,0.877,0.944,0.806,0.947,-0.967,-0.985,-0.855,0.992,0.055,-0.474,-0.616,-0.954,0.984,0.933,0.694,-0.915,0.92,0.036,-0.993,0.961,0.997,0.732,-0.837,-0.961,-0.993,0.582,-0.705,0.989,0.961,0.985,-0.935,-0.994,-0.957,0.986,0.736,0.946,-0.997,0.812,-0.958,-0.452,-0.858,-0.46,-0.883,-0.939,-0.933,0.79,-0.998,0.964,0.836,0.979,0.977,-0.782,0.827,0.854,-0.904,-0.873,-0.765,-0.836,-0.976,-0.98,-0.419,-0.773,0.956,-0.808,0.091,-0.998,-0.928,0.973,-0.026,-0.862,0.996,-0.966,-0.953,-0.804,0.886,0.871,-0.963,0.976,-0.987,0.923,0.874,0.883,-0.985,6.069,4.794,10.33,10.291,10.248,10.246,10.265,10.324,5.686,4.942,10.333,10.255,5.995,5.765,10.289,10.253,EssenceCatalog/problems/csplib-prob010-SocialGolfers/params/428df39b33cc692747fbc150f4962e3b.param
-0.97,-0.978,0.956,-0.96,-0.952,0.987,-0.752,0.983,0.958,-0.979,-0.949,0.948,-0.73,0.993,-0.958,-0.436,-0.235,0.852,0.949,0.542,0.944,-0.969,-0.99,-0.703,0.993,0.567,-0.762,-0.606,-0.967,0.987,0.952,0.87,-0.924,0.931,0.274,-0.993,0.95,0.997,0.757,-0.932,-0.979,-0.994,0.63,-0.9,0.988,0.957,0.991,-0.963,-0.994,-0.93,0.988,0.856,0.962,-0.998,0.694,-0.948,-0.896,-0.789,-0.796,-0.86,-0.969,-0.971,0.902,-0.998,0.972,0.917,0.978,0.98,-0.815,0.841,0.882,-0.952,-0.93,-0.773,-0.878,-0.977,-0.985,-0.468,-0.693,0.965,-0.638,0.751,-0.998,-0.967,0.971,-0.528,-0.858,0.997,-0.955,-0.968,-0.835,0.875,0.902,-0.958,0.978,-0.988,0.895,0.904,0.869,-0.99,6.555,5.128,10.343,10.348,10.352,10.331,10.33,10.385,6.059,5.28,10.377,10.336,6.334,6.32,10.336,10.296,EssenceCatalog/problems/csplib-prob010-SocialGolfers/params/d844c350d5f9dd9b057e59f62478d660.param
